spectrum_id,compound_name,adduct,ion_mode,charge,precursor_mz_gnps,exact_mass_gnps,source_file,chemical_class,smiles_gnps,smiles_maf,formula_maf,mz_maf,adduct_maf,retention_time_maf,key,scaffold_group,key_maf,scaffold_group_maf,formula_rdkit_parent,monoisotopic_mass_parent,theoretical_precursor_mz,precursor_err_da,exactmass_err_da,elements,n_components_raw,charged_raw,in_msg15_recorded_all,in_msg15_parent_all,in_msg15_simchallenge_all,in_msg15_recorded_train,in_msg15_recorded_val,in_msg15_recorded_test,in_muru_registry_all,in_muru_registry_direct_reason,in_muru_exposed_union,in_pr7_study2_population,in_comparator_common_population,in_msnlib_9lib,in_msnlib_v1_0_4lib,in_multims2_reserved_validation_secondary,in_muru_exposed_populations_union,in_muru_dev_compounds_csv_keys,in_pop_ENTACT-MIX-LISTS-499-503-505,in_pop_LCSB-ALL-MASSBANK-V1-EXPOSURE-SET,in_pop_LCSB-CONFIRMATION,in_pop_LCSB-DEV,in_pop_LCSB-NEG,in_pop_LCSB-POS-V2-SPECTRA,in_pop_LCSB-RAW-MIX-REPLICATE-SET-92,in_pop_LCSB-RAW-MIXES-499-503-505,in_pop_MultiMS2-ANCHOR,in_pop_V2-DEVELOPMENT-POPULATION,in_pop_WUR-DEV-ANALYSIS,in_pop_WUR-DEV-HOLD,in_pop_WUR-NEG-D6-EXCLUDED,in_pop_WUR-NEG-DEV,in_pop_WUR-POS-IDENTITY,in_pop_WUR-SEALED,sg_in_msg15_scaffold_groups,sg_in_muru_registry_scaffold_groups,sg_in_muru_dev_scaffold_groups,sg_in_pr7_scaffold_groups,sg_in_comparator_scaffold_groups,in_msg15_any_route,formula_in_msg,formula_and_scaffold_in_msg,excluded_key_level_conservative,excluded_scaffold_level_muru_pr7_comparator
CCMSLIB00012718462,3beta-Acetoxyfern-9(11)-ene-12-one,M+H,Positive,1,483.383,482.376,3 Scan.mzXML,Terpene,C[C@]12CC[C@]([C@]3(C)C1CC[C@@H]2C(C)C)(C)C4CCC5C(C)(C)[C@@H](OC(C)=O)CCC5(C)C4=CC3=O,C[C@]12CC[C@]([C@]3(C)C1CC[C@@H]2C(C)C)(C)C4CCC5C(C)(C)[C@@H](OC(C)=O)CCC5(C)C4=CC3=O,C32H50O3,483.3834,M+H,7.8,BPPPHUNQHQJHQW,O=C1C=C2C3CCCCC3CCC2C2CCC3CCCC3C12,BPPPHUNQHQJHQW,O=C1C=C2C3CCCCC3CCC2C2CCC3CCCC3C12,C32H50O3,482.3759954599999,483.3832714599999,-0.0002714599999080747,4.540000077213335e-06,C;H;O;,1.0,False,True,True,False,True,False,False,False,False,False,False,False,False,False,False,False,False,False,False,False,False,False,False,False,False,False,False,False,False,False,False,False,False,True,False,False,False,False,True,True,True,True,False
CCMSLIB00012718463,alpha-Acetylconstictic acid,M-H,Negative,-1,443.061,444.069,11 Scan.mzXML,Depsidone,O=C1C2=C(C)C=C(OC)C(C([H])=O)=C2OC(C(C(O)OC3=O)=C3C(O)=C4COC(C)=O)=C4O1,O=C1C2=C(C)C=C(OC)C(C([H])=O)=C2OC(C(C(O)OC3=O)=C3C(O)=C4COC(C)=O)=C4O1,C21H16O11,443.0615,M-H,4.5,DAMFKFMEZQUFKW,O=C1Oc2ccc3c(c2Oc2ccccc21)COC3=O,DAMFKFMEZQUFKW,O=C1Oc2ccc3c(c2Oc2ccccc21)COC3=O,C21H16O11,444.0692613319999,443.0619853319999,-0.0009853319999137966,-0.00026133199986588806,C;H;O;,1.0,False,False,False,False,False,False,False,False,False,False,False,False,False,False,False,False,False,False,False,False,False,False,False,False,False,False,False,False,False,False,False,False,False,True,True,False,False,False,False,False,False,False,True
CCMSLIB00012718464,alpha-Acetylhypoconstictic acid,M-H,Negative,-1,429.082,430.09,12 Scan.mzXML,Depsidone,O=C1C2=C(C)C=C(OC)C(C)=C2OC(C(C(O)OC3=O)=C3C(O)=C4COC(C)=O)=C4O1,O=C1C2=C(C)C=C(OC)C(C)=C2OC(C(C(O)OC3=O)=C3C(O)=C4COC(C)=O)=C4O1,C21H18O10,429.0822,M-H,5,SRDNMEWJNORVFP,O=C1Oc2ccc3c(c2Oc2ccccc21)COC3=O,SRDNMEWJNORVFP,O=C1Oc2ccc3c(c2Oc2ccccc21)COC3=O,C21H18O10,430.0899967759999,429.0827207759999,-0.0007207759999232621,3.22400006780299e-06,C;H;O;,1.0,False,False,False,False,False,False,False,False,False,False,False,False,False,False,False,False,False,False,False,False,False,False,False,False,False,False,False,False,False,False,False,False,False,True,True,False,False,False,False,True,False,False,True
CCMSLIB00012718465,2-O-Acetyltenuiorin,M-H,Negative,-1,537.14,538.148,13 Scan.mzXML,Tridepside,O=C(OC1=CC(C)=C(C(OC2=CC(O)=C(C(OC)=O)C(C)=C2)=O)C(O)=C1)C3=C(C)C=C(OC)C=C3OC(C)=O,O=C(OC1=CC(C)=C(C(OC2=CC(O)=C(C(OC)=O)C(C)=C2)=O)C(O)=C1)C3=C(C)C=C(OC)C=C3OC(C)=O,C28H26O11,537.1397,M-H,5.4,BUCICDCMTFJVJR,O=C(Oc1ccc(C(=O)Oc2ccccc2)cc1)c1ccccc1,BUCICDCMTFJVJR,O=C(Oc1ccc(C(=O)Oc2ccccc2)cc1)c1ccccc1,C28H26O11,538.1475116519999,537.1402356519999,-0.00023565199990116525,0.0004883480000898999,C;H;O;,1.0,False,False,False,False,False,False,False,False,False,False,False,False,False,False,False,False,False,False,False,False,False,False,False,False,False,False,False,False,False,False,False,False,False,True,False,False,True,False,False,False,False,False,True
CCMSLIB00012718466,Alectorialic acid,M+H,Positive,1,377.087,376.079,15 Scan.mzXML,Benzyldepside,CC1=CC(=C(C(=C1C(=O)OCC2=CC(=C(C(=C2C(=O)O)O)C)O)O)C=O)O,CC1=CC(=C(C(=C1C(=O)OCC2=CC(=C(C(=C2C(=O)O)O)C)O)O)C=O)O,C18H16O9,377.0872,M+H,5,AUHQGXIVPHNDEE,O=C(OCc1ccccc1)c1ccccc1,AUHQGXIVPHNDEE,O=C(OCc1ccccc1)c1ccccc1,C18H16O9,376.0794320919999,377.08670809199987,0.0002919080001220209,-0.00043209199986904423,C;H;O;,1.0,False,False,False,False,False,False,False,False,False,False,False,False,False,False,False,False,False,False,False,False,False,False,False,False,False,False,False,False,False,False,False,False,False,True,True,True,False,False,False,True,False,False,True
CCMSLIB00012718467,Alectorialin,M+H,Positive,1,333.097,332.09,16 Scan.mzXML,Benzyldepside,CC1=CC(=C(C(=C1C(=O)OCC2=CC(=C(C(=C2)O)C)O)O)C=O)O,CC1=CC(=C(C(=C1C(=O)OCC2=CC(=C(C(=C2)O)C)O)O)C=O)O,C17H16O7,333.0974,M+H,4.9,OFGVBNPUDVPMGT,O=C(OCc1ccccc1)c1ccccc1,OFGVBNPUDVPMGT,O=C(OCc1ccccc1)c1ccccc1,C17H16O7,332.0896028519999,333.0968788519999,0.00012114800006202131,0.0003971480000473093,C;H;O;,1.0,False,False,False,False,False,False,False,False,False,False,False,False,False,False,False,False,False,False,False,False,False,False,False,False,False,False,False,False,False,False,False,False,False,True,True,True,False,False,False,True,False,False,True
CCMSLIB00012718468,alpha-Alectoronic acid,M+H,Positive,1,513.212,512.205,17 Scan.mzXML,Depsidone,CCCCCC(CC1=C2C(OC3=C(OC2=O)C=C(O)C4=C3C[C@](CCCCC)(O)OC4=O)=CC(O)=C1)=O,CCCCCC(CC1=C2C(OC3=C(OC2=O)C=C(O)C4=C3C[C@](CCCCC)(O)OC4=O)=CC(O)=C1)=O,C28H32O9,513.2124,M+H,5.6,WXVYEDQSVKIIFW,O=C1Oc2ccc3c(c2Oc2ccccc21)CCOC3=O,WXVYEDQSVKIIFW,O=C1Oc2ccc3c(c2Oc2ccccc21)CCOC3=O,C28H32O9,512.2046326039999,513.211908604,9.13960000161751e-05,0.00036739600011514995,C;H;O;,1.0,False,False,False,False,False,False,False,False,False,False,False,False,False,False,False,False,False,False,False,False,False,False,False,False,False,False,False,False,False,False,False,False,False,True,False,False,False,False,False,True,False,False,False
CCMSLIB00012718469,beta-Alectoronic acid,M+H,Positive,1,513.212,512.205,18 Scan.mzXML,Depsidone,CCCCCC(CC1=C2C(OC3=C(OC2=O)C=C(O)C4=C3C[C@@](CCCCC)(O)OC4=O)=CC(O)=C1)=O,CCCCCC(CC1=C2C(OC3=C(OC2=O)C=C(O)C4=C3C[C@@](CCCCC)(O)OC4=O)=CC(O)=C1)=O,C28H32O9,513.2124,M+H,5.4,WXVYEDQSVKIIFW,O=C1Oc2ccc3c(c2Oc2ccccc21)CCOC3=O,WXVYEDQSVKIIFW,O=C1Oc2ccc3c(c2Oc2ccccc21)CCOC3=O,C28H32O9,512.2046326039999,513.211908604,9.13960000161751e-05,0.00036739600011514995,C;H;O;,1.0,False,False,False,False,False,False,False,False,False,False,False,False,False,False,False,False,False,False,False,False,False,False,False,False,False,False,False,False,False,False,False,False,False,True,False,False,False,False,False,True,False,False,False
CCMSLIB00012718470,Allorhizin,M-H,Negative,-1,395.009,396.017,19 Scan.mzXML,Depsidone,O=C1C2=C(C)C(Cl)=C(O)C(C)=C2OC(C(C([H])=O)=C(Cl)C(OC)=C3C)=C3O1,O=C1C2=C(C)C(Cl)=C(O)C(C)=C2OC(C(C([H])=O)=C(Cl)C(OC)=C3C)=C3O1,C18H14Cl2O6,395.0089,M-H,5.6,LQJWIBZWOALGCL,O=C1Oc2ccccc2Oc2ccccc21,LQJWIBZWOALGCL,O=C1Oc2ccccc2Oc2ccccc21,C18H14Cl2O6,396.01674352799995,395.00946752799996,-0.0004675279999446502,0.0002564720000464149,C;Cl;H;O;,1.0,False,False,False,False,False,False,False,False,False,False,False,False,False,False,False,False,False,False,False,False,False,False,False,False,False,False,False,False,False,False,False,False,False,True,True,False,False,False,False,True,True,False,True
CCMSLIB00012718471,Alternariol,M+H,Positive,1,259.061,258.053,20 Scan.mzXML,Pyrone,CC1=CC(=CC2=C1C3=C(C(=CC(=C3)O)O)C(=O)O2)O,CC1=CC(=CC2=C1C3=C(C(=CC(=C3)O)O)C(=O)O2)O,C14H10O5,259.0606,M+H,4.6,CEBXXEKPIIDJHL,O=c1oc2ccccc2c2ccccc12,CEBXXEKPIIDJHL,O=c1oc2ccccc2c2ccccc12,C14H10O5,258.05282342000004,259.06009942000003,0.0009005799999499686,0.0001765799999589035,C;H;O;,1.0,False,True,True,False,True,False,False,True,True,True,False,False,True,True,False,True,True,False,False,False,False,False,False,False,False,False,True,False,False,False,False,True,True,True,True,True,False,False,True,True,True,True,True
CCMSLIB00012718472,Alternariol methyl ether,M-H,Negative,-1,271.019,272.026,21 Scan.mzXML,Pyrone,CC1=CC(=CC2=C1C3=C(C(=CC(=C3)OC)O)C(=O)O2)O,CC1=CC(=CC2=C1C3=C(C(=CC(=C3)OC)O)C(=O)O2)O,C15H12O5,271.0187,M-H,5.1,LCSDQFNUYFTXMT,O=c1oc2ccccc2c2ccccc12,LCSDQFNUYFTXMT,O=c1oc2ccccc2c2ccccc12,C15H12O5,272.068473484,271.061197484,-0.0421974839999848,-0.042473483999970085,C;H;O;,1.0,False,True,True,True,True,False,False,True,True,True,False,False,True,True,False,True,True,False,False,False,False,False,False,False,False,False,True,False,False,False,False,True,True,True,True,True,False,False,True,True,True,True,True
CCMSLIB00012718473,Anziaic acid,M-H,Negative,-1,429.191,430.199,24 Scan.mzXML,Didepside,CCCCCC1=C(C(=CC(=C1)O)O)C(=O)OC2=CC(=C(C(=C2)O)C(=O)O)CCCCC,CCCCCC1=C(C(=CC(=C1)O)O)C(=O)OC2=CC(=C(C(=C2)O)C(=O)O)CCCCC,C24H30O7,429.1914,M-H,5.9,BEFYPHLCGVCBFF,O=C(Oc1ccccc1)c1ccccc1,BEFYPHLCGVCBFF,O=C(Oc1ccccc1)c1ccccc1,C24H30O7,430.1991532999999,429.19187729999993,-0.000877299999956449,-0.00015329999990854049,C;H;O;,1.0,False,False,False,False,False,False,False,False,False,False,False,False,False,False,False,False,False,False,False,False,False,False,False,False,False,False,False,False,False,False,False,False,False,True,True,False,False,False,False,True,False,False,True
CCMSLIB00012718474,Aphthosin,M-H,Negative,-1,645.161,646.169,25 Scan.mzXML,Tetradepside,CC1=CC(=CC(=C1C(=O)OC2=CC(=C(C(=C2)C)C(=O)OC3=CC(=C(C(=C3)C)C(=O)OC4=CC(=C(C(=C4)C)C(=O)OC)O)O)O)O)OC,CC1=CC(=CC(=C1C(=O)OC2=CC(=C(C(=C2)C)C(=O)OC3=CC(=C(C(=C3)C)C(=O)OC4=CC(=C(C(=C4)C)C(=O)OC)O)O)O)O)OC,C34H30O13,645.1608,M-H,6.6,VIOAANSIBLJPLO,O=C(Oc1ccc(C(=O)Oc2ccc(C(=O)Oc3ccccc3)cc2)cc1)c1ccccc1,VIOAANSIBLJPLO,O=C(Oc1ccc(C(=O)Oc2ccc(C(=O)Oc3ccccc3)cc2)cc1)c1ccccc1,C34H30O13,646.1686410200001,645.1613650200001,-0.0003650200001175108,0.00035897999987355433,C;H;O;,1.0,False,False,False,False,False,False,False,False,False,False,False,False,False,False,False,False,False,False,False,False,False,False,False,False,False,False,False,False,False,False,False,False,False,False,False,False,False,False,False,False,False,False,False
CCMSLIB00012718475,Argopsin,M-H,Negative,-1,395.009,396.017,26 Scan.mzXML,Depsidone,CC1=C2C(=C(C(=C1Cl)O)C=O)OC3=C(C(=C(C(=C3OC2=O)C)OC)Cl)C,CC1=C2C(=C(C(=C1Cl)O)C=O)OC3=C(C(=C(C(=C3OC2=O)C)OC)Cl)C,C18H14Cl2O6,395.0089,M-H,6.3,SNNDIPJEAQAKTJ,O=C1Oc2ccccc2Oc2ccccc21,SNNDIPJEAQAKTJ,O=C1Oc2ccccc2Oc2ccccc21,C18H14Cl2O6,396.01674352799995,395.00946752799996,-0.0004675279999446502,0.0002564720000464149,C;Cl;H;O;,1.0,False,True,True,False,True,False,False,False,False,False,False,False,False,False,False,False,False,False,False,False,False,False,False,False,False,False,False,False,False,False,False,False,False,True,True,False,False,False,True,True,True,True,True
CCMSLIB00012718476,Arthoniaic acid,M-H,Negative,-1,527.228,528.236,27 Scan.mzXML,Didepside,CCCCCC(=O)CC1=C(C(=CC(=C1)O)O)C(=O)OC2=CC(=C(C(=C2)OC)C(=O)O)CC(=O)CCCCC,CCCCCC(=O)CC1=C(C(=CC(=C1)O)O)C(=O)OC2=CC(=C(C(=C2)OC)C(=O)O)CC(=O)CCCCC,C29H36O9,527.2281,M-H,5.3,DGXLEDCXMIJNPJ,O=C(Oc1ccccc1)c1ccccc1,DGXLEDCXMIJNPJ,O=C(Oc1ccccc1)c1ccccc1,C29H36O9,528.2359327319999,527.2286567319999,-0.0006567319999248866,6.72680000661785e-05,C;H;O;,1.0,False,True,True,False,True,False,False,False,False,False,False,False,False,False,False,False,False,False,False,False,False,False,False,False,False,False,False,False,False,False,False,False,False,True,True,False,False,False,True,True,True,True,True
CCMSLIB00012718477,"""Arthothelin or 2,4,5-Trichloronorlichexanthone""",M-H,Negative,-1,358.928,359.936,28 Scan.mzXML,Xanthone,CC1=CC(=C(C2=C1C(=O)C3=C(C(=C(C(=C3O2)Cl)O)Cl)O)Cl)O,CC1=CC(=C(C2=C1C(=O)C3=C(C(=C(C(=C3O2)Cl)O)Cl)O)Cl)O,C14H7Cl3O5,358.9281,M-H,5.2,NTAXLEHKEDVPRK,O=c1c2ccccc2oc2ccccc12,NTAXLEHKEDVPRK,O=c1c2ccccc2oc2ccccc12,C14H7Cl3O5,359.93590636399995,358.92863036399996,-0.0006303639999600819,9.363600003098327e-05,C;Cl;H;O;,1.0,False,False,False,False,False,False,False,False,False,False,False,False,False,False,False,False,False,False,False,False,False,False,False,False,False,False,False,False,False,False,False,False,False,True,True,True,False,False,False,False,False,False,True
CCMSLIB00012718478,Ascomatic acid,M-H,Negative,-1,299.092,300.1,29 Scan.mzXML,Dibenzofuran,CC1=C(C(O)=O)C(OC)=CC2=C1C3=C(C)C=C(OC)C=C3O2,CC1=C(C(O)=O)C(OC)=CC2=C1C3=C(C)C=C(OC)C=C3O2,C17H1605,299.092,M-H,5.1,AVVSZZOYGZWHMW,c1ccc2c(c1)oc1ccccc12,AVVSZZOYGZWHMW,c1ccc2c(c1)oc1ccccc12,C17H16O5,300.099773612,299.092497612,-0.0004976120000037554,0.00022638800004415316,C;H;O;,1.0,False,False,False,False,False,False,False,False,False,False,False,False,False,False,False,False,False,False,False,False,False,False,False,False,False,False,False,False,False,False,False,False,False,True,True,False,False,False,False,True,False,False,True
CCMSLIB00012718479,"""Asemone or 4,5,7-Trichloronorlichexanthone""",M+H,Positive,1,360.944,359.936,30 Scan.mzXML,Xanthone,CC1=C2C(=C(C(=C1Cl)O)Cl)OC3=C(C2=O)C(=CC(=C3Cl)O)O,CC1=C2C(=C(C(=C1Cl)O)Cl)OC3=C(C2=O)C(=CC(=C3Cl)O)O,C14H7Cl3O5,360.9437,M+H,5.4,FQWPRMRWVYNNSY,O=c1c2ccccc2oc2ccccc12,FQWPRMRWVYNNSY,O=c1c2ccccc2oc2ccccc12,C14H7Cl3O5,359.93590636399995,360.94318236399994,0.0008176360000788918,9.363600003098327e-05,C;Cl;H;O;,1.0,False,False,False,False,False,False,False,False,False,False,False,False,False,False,False,False,False,False,False,False,False,False,False,False,False,False,False,False,False,False,False,False,False,True,True,True,False,False,False,False,False,False,True
CCMSLIB00012718480,Atranorin,M-H,Negative,-1,373.092,374.1,31 Scan.mzXML,Didepside,CC1=CC(=C(C(=C1C(=O)OC2=C(C(=C(C(=C2)C)C(=O)OC)O)C)O)C=O)O,CC1=CC(=C(C(=C1C(=O)OC2=C(C(=C(C(=C2)C)C(=O)OC)O)C)O)C=O)O,C19H18O8,373.0924,M-H,6.1,YLOYKYXNDHOHHT,O=C(Oc1ccccc1)c1ccccc1,YLOYKYXNDHOHHT,O=C(Oc1ccccc1)c1ccccc1,C19H18O8,374.1001675359999,373.0928915359999,-0.0008915359999264183,-0.00016753599987850976,C;H;O;,1.0,False,True,True,False,True,False,False,True,False,True,False,False,True,False,False,False,False,False,False,False,False,False,False,False,False,False,False,False,False,False,False,False,False,True,True,False,False,False,True,True,True,True,True
CCMSLIB00012718481,Baeomycesic acid,M-H,Negative,-1,373.092,374.1,32 Scan.mzXML,Didepside,CC1=CC(=C(C(=C1C(=O)O)O)C)OC(=O)C2=C(C(=C(C=C2C)OC)C=O)O,CC1=CC(=C(C(=C1C(=O)O)O)C)OC(=O)C2=C(C(=C(C=C2C)OC)C=O)O,C19H18O8,373.0924,M-H,5.5,DUIBXZLCROUOFD,O=C(Oc1ccccc1)c1ccccc1,DUIBXZLCROUOFD,O=C(Oc1ccccc1)c1ccccc1,C19H18O8,374.10016753599996,373.09289153599997,-0.0008915359999832617,-0.00016753599993535317,C;H;O;,1.0,False,False,False,False,False,False,False,False,False,False,False,False,False,False,False,False,False,False,False,False,False,False,False,False,False,False,False,False,False,False,False,False,False,True,True,False,False,False,False,True,True,False,True
CCMSLIB00012718482,Barbatic acid,M-H,Negative,-1,359.113,360.121,33 Scan.mzXML,Didepside,CC1=CC(=C(C(=C1C(=O)OC2=C(C(=C(C(=C2)C)C(=O)O)O)C)O)C)OC,CC1=CC(=C(C(=C1C(=O)OC2=C(C(=C(C(=C2)C)C(=O)O)O)C)O)C)OC,C19H20O7,359.1131,M-H,5.9,NMKBRSYSHBPUPY,O=C(Oc1ccccc1)c1ccccc1,NMKBRSYSHBPUPY,O=C(Oc1ccccc1)c1ccccc1,C19H20O7,360.1209029799999,359.11362697999994,-0.0006269799999358838,9.70200000551813e-05,C;H;O;,1.0,False,True,True,False,True,False,False,False,False,False,False,False,False,False,False,False,False,False,False,False,False,False,False,False,False,False,False,False,False,False,False,False,False,True,True,False,False,False,True,True,True,True,True
CCMSLIB00012718483,Barbatolin,M-H,Negative,-1,345.061,346.069,34 Scan.mzXML,Benzyldepside,O=C(OCC1=CC(O)=C(C([H])=O)C(O)=C1)C2=C(C)C=C(O)C(C([H])=O)=C2O,O=C(OCC1=CC(O)=C(C([H])=O)C(O)=C1)C2=C(C)C=C(O)C(C([H])=O)=C2O,C17H14O8,345.0611,M-H,5.3,UMUVVQVTFYMPPV,O=C(OCc1ccccc1)c1ccccc1,UMUVVQVTFYMPPV,O=C(OCc1ccccc1)c1ccccc1,C17H14O8,346.06886740799996,345.06159140799997,-0.0005914079999911337,0.00013259200005677485,C;H;O;,1.0,False,False,False,False,False,False,False,False,False,False,False,False,False,False,False,False,False,False,False,False,False,False,False,False,False,False,False,False,False,False,False,False,False,True,True,True,False,False,False,True,False,False,True
CCMSLIB00012718484,Chlorolecideoidin,M+H,Positive,1,432.965,431.957,35 Scan.mzXML,Depsidone,O=C1C2=C(C)C(Cl)=C(O)C(Cl)=C2OC(C(C)=C(C(OC)=O)C(O)=C3Cl)=C3O1,O=C1C2=C(C)C(Cl)=C(O)C(Cl)=C2OC(C(C)=C(C(OC)=O)C(O)=C3Cl)=C3O1,C17H11Cl3O7,432.9648,M+H,4.5,CEVXIEGSMSMJTM,O=C1Oc2ccccc2Oc2ccccc21,CEVXIEGSMSMJTM,O=C1Oc2ccccc2Oc2ccccc21,C17H11Cl3O7,431.9570357319999,432.9643117319999,0.00068826800008992,-3.573199990114517e-05,C;Cl;H;O;,1.0,False,False,False,False,False,False,False,False,False,False,False,False,False,False,False,False,False,False,False,False,False,False,False,False,False,False,False,False,False,False,False,False,False,True,True,False,False,False,False,False,False,False,True
CCMSLIB00012718485,Boninic acid,M-H,Negative,-1,459.202,460.21,36 Scan.mzXML,Didepside,CCCCCC1=CC(=C(C(=C1C(=O)O)O)OC(=O)C2=C(C=C(C=C2OC)OC)CCC)OC,CCCCCC1=CC(=C(C(=C1C(=O)O)O)OC(=O)C2=C(C=C(C=C2OC)OC)CCC)OC,C25H32O8,459.2019,M-H,6,GOWJVQGHIKADDP,O=C(Oc1ccccc1)c1ccccc1,GOWJVQGHIKADDP,O=C(Oc1ccccc1)c1ccccc1,C25H32O8,460.20971798399995,459.20244198399996,-0.0004419839999627584,0.00028201600002830673,C;H;O;,1.0,False,False,False,False,False,False,False,False,False,False,False,False,False,False,False,False,False,False,False,False,False,False,False,False,False,False,False,False,False,False,False,False,False,True,True,False,False,False,False,True,False,False,True
CCMSLIB00012718486,"""Boryquinone or 3-Ethyl-2,5,7,8-tetrahydroxy-6-methylnaphtho-1,4-quinone, 6-Methylnorcristazarin""",M-H,Negative,-1,263.056,264.063,37 Scan.mzXML,Quinone,O=C1C(CC)=C(O)C(C2=C1C(O)=C(C)C(O)=C2O)=O,O=C1C(CC)=C(O)C(C2=C1C(O)=C(C)C(O)=C2O)=O,C13H12O6,263.0556,M-H,5.2,AXJZCFOOCLKHHS,O=C1C=CC(=O)c2ccccc21,AXJZCFOOCLKHHS,O=C1C=CC(=O)c2ccccc21,C13H12O6,264.063388104,263.056112104,-0.00011210400003847099,-0.000388104000023759,C;H;O;,1.0,False,False,False,False,False,False,False,False,False,False,False,False,False,False,False,False,False,False,False,False,False,False,False,False,False,False,False,False,False,False,False,False,False,True,True,True,False,False,False,True,False,False,True
CCMSLIB00012718487,Bourgeanic acid,2M+H,Positive,2,773.614,386.303,38 Scan.mzXML,Acid,CC[C@@H](C)C[C@@H](C)[C@@H]([C@H](C)C(=O)O[C@@H]([C@H](C)C[C@H](C)CC)[C@H](C)C(=O)O)O,CC[C@@H](C)C[C@@H](C)[C@@H]([C@H](C)C(=O)O[C@@H]([C@H](C)C[C@H](C)CC)[C@H](C)C(=O)O)O,C22H42O5,773.6142,2M+H,6.4,ZQEUMOKDJCSNHB,__ACYCLIC__ZQEUMOKDJCSNHB,ZQEUMOKDJCSNHB,__ACYCLIC__ZQEUMOKDJCSNHB,C22H42O5,386.3032244439999,773.6137248879999,0.00027511200016760995,-0.0002244439999117276,C;H;O;,1.0,False,True,True,False,True,False,False,False,False,False,False,False,False,False,False,False,False,False,False,False,False,False,False,False,False,False,False,False,False,False,False,False,False,True,False,False,False,False,True,True,True,True,False
CCMSLIB00012718488,Brialmontin 1,M-H,Negative,-1,371.186,372.194,39 Scan.mzXML,Didepside,CC1=CC(=C(C(=C1C)OC(=O)C2=C(C(=C(C(=C2C)C)OC)C)OC)C)OC,CC1=CC(=C(C(=C1C)OC(=O)C2=C(C(=C(C(=C2C)C)OC)C)OC)C)OC,C22H28O5,371.1859,M-H,6.2,RTPOSGIWSAXENH,O=C(Oc1ccccc1)c1ccccc1,RTPOSGIWSAXENH,O=C(Oc1ccccc1)c1ccccc1,C22H28O5,372.1936739959999,371.1863979959999,-0.0003979959999469429,0.00032600400010096564,C;H;O;,1.0,False,False,False,False,False,False,False,False,False,False,False,False,False,False,False,False,False,False,False,False,False,False,False,False,False,False,False,False,False,False,False,False,False,True,True,False,False,False,False,True,False,False,True
CCMSLIB00012718489,Brialmontin 2,M-H,Negative,-1,357.17,358.178,40 Scan.mzXML,Didepside,CC1=CC(=C(C(=C1C)OC(=O)C2=C(C(=C(C(=C2C)C)OC)C)O)C)OC,CC1=CC(=C(C(=C1C)OC(=O)C2=C(C(=C(C(=C2C)C)OC)C)O)C)OC,C21H26O5,357.1702,M-H,6.7,NJHFJFIKXZJXPS,O=C(Oc1ccccc1)c1ccccc1,NJHFJFIKXZJXPS,O=C(Oc1ccccc1)c1ccccc1,C21H26O5,358.1780239319999,357.1707479319999,-0.0007479319999106337,-2.3931999919568625e-05,C;H;O;,1.0,False,False,False,False,False,False,False,False,False,False,False,False,False,False,False,False,False,False,False,False,False,False,False,False,False,False,False,False,False,False,False,False,False,True,True,False,False,False,False,True,False,False,True
CCMSLIB00012718490,Buellolide,M+H,Positive,1,433.001,431.993,41 Scan.mzXML,Diphenylether,O=C(OC1)C2=C1C(Cl)=C(OC)C=C2OC3=C(C)C(Cl)=C(OC)C(Cl)=C3OC,O=C(OC1)C2=C1C(Cl)=C(OC)C=C2OC3=C(C)C(Cl)=C(OC)C(Cl)=C3OC,C18H15Cl3O6,433.0012,M+H,5.7,OXWGVBMJMQGGEG,O=C1OCc2cccc(Oc3ccccc3)c21,OXWGVBMJMQGGEG,O=C1OCc2cccc(Oc3ccccc3)c21,C18H15Cl3O6,431.99342124,433.00069723999997,0.0003027600000109487,-0.0004212399999801164,C;Cl;H;O;,1.0,False,False,False,False,False,False,False,False,False,False,False,False,False,False,False,False,False,False,False,False,False,False,False,False,False,False,False,False,False,False,False,False,False,True,False,False,False,False,False,False,False,False,False
CCMSLIB00012718491,Butlerin A,M+H,Positive,1,411.181,410.173,42 Scan.mzXML,Terphenyl,COC(C=C1)CC=C1C(C(OC(C)=O)=C2OC)=C(OC)C=C2C3=CC=C(OC)C=C3,COC(C=C1)CC=C1C(C(OC(C)=O)=C2OC)=C(OC)C=C2C3=CC=C(OC)C=C3,C24H26O6,411.1807,M+H,5.6,NZNHRQMAKJPARQ,C1=CC(c2ccc(-c3ccccc3)cc2)=CCC1,NZNHRQMAKJPARQ,C1=CC(c2ccc(-c3ccccc3)cc2)=CCC1,C24H26O6,410.172938552,411.180214552,0.0007854479999878095,6.144799999674433e-05,C;H;O;,1.0,False,False,False,False,False,False,False,False,False,False,False,False,False,False,False,False,False,False,False,False,False,False,False,False,False,False,False,False,False,False,False,False,False,False,False,False,False,False,False,True,False,False,False
CCMSLIB00012718492,Butlerin D,M+H,Positive,1,441.191,440.184,44 Scan.mzXML,Terphenyl,COC(C=C1)CC=C1C(C(OC)=C2OC)=C(OC)C(OC(C)=O)=C2C3=CC=C(OC)C=C3,COC(C=C1)CC=C1C(C(OC)=C2OC)=C(OC)C(OC(C)=O)=C2C3=CC=C(OC)C=C3,C25H28O7,441.1913,M+H,5.4,MWMHDKYXUBWIEL,C1=CC(c2ccc(-c3ccccc3)cc2)=CCC1,MWMHDKYXUBWIEL,C1=CC(c2ccc(-c3ccccc3)cc2)=CCC1,C25H28O7,440.1835032359999,441.1907792359999,0.00022076400006199037,0.0004967640001041218,C;H;O;,1.0,False,False,False,False,False,False,False,False,False,False,False,False,False,False,False,False,False,False,False,False,False,False,False,False,False,False,False,False,False,False,False,False,False,False,False,False,False,False,False,False,False,False,False
CCMSLIB00012718493,Calycin,M+H,Positive,1,307.061,306.053,47 Scan.mzXML,Pulvinic Acid Derivatives,C1=CC=C(C=C1)C2=C(/C(=C\3/C4=CC=CC=C4OC3=O)/OC2=O)O,C1=CC=C(C=C1)C2=C(/C(=C\3/C4=CC=CC=C4OC3=O)/OC2=O)O,C18H10O5,307.0606,M+H,5.4,CGRCGRBHNKRILW,O=C1OC(=C2C(=O)Oc3ccccc32)C=C1c1ccccc1,CGRCGRBHNKRILW,O=C1OC(=C2C(=O)Oc3ccccc32)C=C1c1ccccc1,C18H10O5,306.0528234199999,307.0600994199999,0.0009005800000636555,0.00017658000007259034,C;H;O;,1.0,False,True,True,False,True,False,False,False,False,False,False,False,False,False,False,False,False,False,False,False,False,False,False,False,False,False,False,False,False,False,False,False,False,True,False,False,False,False,True,True,True,True,False
CCMSLIB00012718494,Canesolide,M+H,Positive,1,466.962,465.954,48 Scan.mzXML,Diphenylether,CC1=C(C(=C(C(=C1Cl)OC)Cl)OC2=C(C(=C(C3=C2C(=O)OC3)Cl)OC)Cl)OC,CC1=C(C(=C(C(=C1Cl)OC)Cl)OC2=C(C(=C(C3=C2C(=O)OC3)Cl)OC)Cl)OC,C18H14Cl4O6,466.9622,M+H,6,NGRMNGAGQYRYKN,O=C1OCc2cccc(Oc3ccccc3)c21,NGRMNGAGQYRYKN,O=C1OCc2cccc(Oc3ccccc3)c21,C18H14Cl4O6,465.9544488879999,466.9617248879999,0.00027511200011076653,-0.0004488879998802986,C;Cl;H;O;,1.0,False,False,False,False,False,False,False,False,False,False,False,False,False,False,False,False,False,False,False,False,False,False,False,False,False,False,False,False,False,False,False,False,False,True,False,False,False,False,False,False,False,False,False
CCMSLIB00012718495,Caperatic acid,M-H,Negative,-1,401.254,402.262,49 Scan.mzXML,Acid,CCCCCCCCCCCCCCC(C(=O)O)C(CC(=O)OC)(C(=O)O)O,CCCCCCCCCCCCCCC(C(=O)O)C(CC(=O)OC)(C(=O)O)O,C21H38O7,401.254,M-H,6.2,HMJJWFFZRCLIDN,__ACYCLIC__HMJJWFFZRCLIDN,HMJJWFFZRCLIDN,__ACYCLIC__HMJJWFFZRCLIDN,C21H38O7,402.26175355599986,401.25447755599987,-0.0004775559998506651,0.0002464440001404,C;H;O;,1.0,False,True,True,False,True,False,False,False,False,False,False,False,False,False,False,False,False,False,False,False,False,False,False,False,False,False,False,False,False,False,False,False,False,True,False,False,False,False,True,True,True,True,False
CCMSLIB00012718496,Chloroatranorin,M-H,Negative,-1,407.053,408.061,50 Scan.mzXML,Didepside,CC1=CC(OC(C2=C(C)C(Cl)=C(O)C(C=O)=C2O)=O)=C(C)C(O)=C1C(OC)=O,CC1=CC(OC(C2=C(C)C(Cl)=C(O)C(C=O)=C2O)=O)=C(C)C(O)=C1C(OC)=O,C19H17ClO8,407.0534,M-H,6.2,ABZLZZCDSLOCNF,O=C(Oc1ccccc1)c1ccccc1,ABZLZZCDSLOCNF,O=C(Oc1ccccc1)c1ccccc1,C19H17ClO8,408.0611951839999,407.05391918399994,-0.0009191839999402873,-0.0001951839999492222,C;Cl;H;O;,1.0,False,False,False,False,False,False,False,False,False,False,False,False,False,False,False,False,False,False,False,False,False,False,False,False,False,False,False,False,False,False,False,False,False,True,True,False,False,False,False,False,False,False,True
CCMSLIB00012718497,3-Chlorodivaricatic acid,M-H,Negative,-1,421.105,422.113,52 Scan.mzXML,Didepside,CCCC1=CC(OC(C2=C(O)C(Cl)=C(OC)C=C2CCC)=O)=CC(O)=C1C(O)=O,CCCC1=CC(OC(C2=C(O)C(Cl)=C(OC)C=C2CCC)=O)=CC(O)=C1C(O)=O,C21H23ClO7,421.1054,M-H,5.8,WVJIULQLWBXJKO,O=C(Oc1ccccc1)c1ccccc1,WVJIULQLWBXJKO,O=C(Oc1ccccc1)c1ccccc1,C21H23ClO7,422.11323075599995,421.10595475599996,-0.0009547559999418809,-0.00023075599995081575,C;Cl;H;O;,1.0,False,False,False,False,False,False,False,False,False,False,False,False,False,False,False,False,False,False,False,False,False,False,False,False,False,False,False,False,False,False,False,False,False,True,True,False,False,False,False,False,False,False,True
CCMSLIB00012718498,5-Chlorodivaricatic acid,M-H,Negative,-1,421.105,422.113,53 Scan.mzXML,Didepside,CCCC1=CC(OC(C2=C(O)C=C(OC)C(Cl)=C2CCC)=O)=CC(O)=C1C(O)=O,CCCC1=CC(OC(C2=C(O)C=C(OC)C(Cl)=C2CCC)=O)=CC(O)=C1C(O)=O,C21H23ClO7,421.1054,M-H,5.7,OPCWRYYYOJWUDI,O=C(Oc1ccccc1)c1ccccc1,OPCWRYYYOJWUDI,O=C(Oc1ccccc1)c1ccccc1,C21H23ClO7,422.11323075599995,421.10595475599996,-0.0009547559999418809,-0.00023075599995081575,C;Cl;H;O;,1.0,False,False,False,False,False,False,False,False,False,False,False,False,False,False,False,False,False,False,False,False,False,False,False,False,False,False,False,False,False,False,False,False,False,True,True,False,False,False,False,False,False,False,True
CCMSLIB00012718499,7-Chloroemodic acid,M-H,Negative,-1,332.98,333.988,54 Scan.mzXML,Quinone,OC1=CC(C(O)=O)=CC2=C1C(C3=C(O)C(Cl)=C(O)C=C3C2=O)=O,OC1=CC(C(O)=O)=CC2=C1C(C3=C(O)C(Cl)=C(O)C=C3C2=O)=O,C15H7ClO7,332.9802,M-H,4.9,JGHTWRZCNLXYPF,O=C1c2ccccc2C(=O)c2ccccc21,JGHTWRZCNLXYPF,O=C1c2ccccc2C(=O)c2ccccc21,C15H7ClO7,333.98803024399996,332.98075424399997,-0.0007542439999497219,-3.0243999958656786e-05,C;Cl;H;O;,1.0,False,False,False,False,False,False,False,False,False,False,False,False,True,True,False,False,False,False,False,False,False,False,False,False,False,False,False,False,False,False,False,False,False,True,True,True,False,False,False,False,False,False,True
CCMSLIB00012718500,7-Chloroemodin,M-H,Negative,-1,303.006,304.014,55 Scan.mzXML,Quinone,CC1=CC2=C(C(=C1)O)C(=O)C3=C(C(=C(C=C3C2=O)O)Cl)O,CC1=CC2=C(C(=C1)O)C(=O)C3=C(C(=C(C=C3C2=O)O)Cl)O,C15H9ClO5,303.0061,M-H,5.5,AVSZOSVPTLSHOV,O=C1c2ccccc2C(=O)c2ccccc21,AVSZOSVPTLSHOV,O=C1c2ccccc2C(=O)c2ccccc21,C15H9ClO5,304.013851068,303.006575068,-0.0005750680000460306,0.0001489320000018779,C;Cl;H;O;,1.0,False,False,False,False,False,False,False,False,False,False,False,False,False,False,False,False,False,False,False,False,False,False,False,False,False,False,False,False,False,False,False,False,False,True,True,True,False,False,False,False,False,False,True
CCMSLIB00012718501,7-Chloroemodinal,M-H,Negative,-1,316.985,317.993,56 Scan.mzXML,Quinone,OC1=CC(C([H])=O)=CC2=C1C(C3=C(O)C(Cl)=C(O)C=C3C2=O)=O,OC1=CC(C([H])=O)=CC2=C1C(C3=C(O)C(Cl)=C(O)C=C3C2=O)=O,C15H7ClO6,316.9853,M-H,5.2,ISRLJJVFKSOMLC,O=C1c2ccccc2C(=O)c2ccccc21,ISRLJJVFKSOMLC,O=C1c2ccccc2C(=O)c2ccccc21,C15H7ClO6,317.993115624,316.985839624,-0.0008396239999797217,-0.00011562399998865658,C;Cl;H;O;,1.0,False,False,False,False,False,False,False,False,False,False,False,False,False,False,False,False,False,False,False,False,False,False,False,False,False,False,False,False,False,False,False,False,False,True,True,True,False,False,False,False,False,False,True
CCMSLIB00012718502,3-Chloroevernic acid,M-H,Negative,-1,365.043,366.051,57 Scan.mzXML,Didepside,OC1=C(C(C)=CC(OC)=C1Cl)C(OC2=CC(C)=C(C(O)=O)C(O)=C2)=O,OC1=C(C(C)=CC(OC)=C1Cl)C(OC2=CC(C)=C(C(O)=O)C(O)=C2)=O,C17H15ClO7,365.0428,M-H,5.3,LIAJITYYVWEESR,O=C(Oc1ccccc1)c1ccccc1,LIAJITYYVWEESR,O=C(Oc1ccccc1)c1ccccc1,C17H15ClO7,366.05063049999995,365.04335449999996,-0.0003544999999576248,0.0003695000000334403,C;Cl;H;O;,1.0,False,False,False,False,False,False,False,False,False,False,False,False,False,False,False,False,False,False,False,False,False,False,False,False,False,False,False,False,False,False,False,False,False,True,True,False,False,False,False,False,False,False,True
CCMSLIB00012718503,3-Chloroisosubdivaricatic acid,M-H,Negative,-1,393.074,394.082,58 Scan.mzXML,Didepside,OC1=C(C(CCC)=CC(OC)=C1Cl)C(OC2=CC(C)=C(C(O)=O)C(O)=C2)=O,OC1=C(C(CCC)=CC(OC)=C1Cl)C(OC2=CC(C)=C(C(O)=O)C(O)=C2)=O,C19H19ClO7,393.0741,M-H,5.6,ZFMPBYQRGCTYIY,O=C(Oc1ccccc1)c1ccccc1,ZFMPBYQRGCTYIY,O=C(Oc1ccccc1)c1ccccc1,C19H19ClO7,394.08193062799995,393.07465462799996,-0.0006546279999497528,6.937200004131228e-05,C;Cl;H;O;,1.0,False,False,False,False,False,False,False,False,False,False,False,False,False,False,False,False,False,False,False,False,False,False,False,False,False,False,False,False,False,False,False,False,False,True,True,False,False,False,False,False,False,False,True
CCMSLIB00012718504,3-Chlorolecanoric acid,M-H,Negative,-1,351.027,352.035,59 Scan.mzXML,Didepside,OC1=C(C(C)=CC(O)=C1Cl)C(OC2=CC(C)=C(C(O)=O)C(O)=C2)=O,OC1=C(C(C)=CC(O)=C1Cl)C(OC2=CC(C)=C(C(O)=O)C(O)=C2)=O,C16H13ClO7,351.0272,M-H,4.9,ABVYEEKRQGWSBK,O=C(Oc1ccccc1)c1ccccc1,ABVYEEKRQGWSBK,O=C(Oc1ccccc1)c1ccccc1,C16H13ClO7,352.03498043599996,351.02770443599996,-0.0007044359999781591,1.9564000069749454e-05,C;Cl;H;O;,1.0,False,False,False,False,False,False,False,False,False,False,False,False,False,False,False,False,False,False,False,False,False,False,False,False,False,False,False,False,False,False,False,False,False,True,True,False,False,False,False,True,False,False,True
CCMSLIB00012718505,5-Chlorolecanoric acid,M-H,Negative,-1,351.027,352.035,60 Scan.mzXML,Didepside,OC1=C(C(C)=C(Cl)C(O)=C1)C(OC2=CC(C)=C(C(O)=O)C(O)=C2)=O,OC1=C(C(C)=C(Cl)C(O)=C1)C(OC2=CC(C)=C(C(O)=O)C(O)=C2)=O,C16H13ClO7,351.0272,M-H,4.9,KGYUAVFSVXVVSA,O=C(Oc1ccccc1)c1ccccc1,KGYUAVFSVXVVSA,O=C(Oc1ccccc1)c1ccccc1,C16H13ClO7,352.03498043599996,351.02770443599996,-0.0007044359999781591,1.9564000069749454e-05,C;Cl;H;O;,1.0,False,False,False,False,False,False,False,False,False,False,False,False,False,False,False,False,False,False,False,False,False,False,False,False,False,False,False,False,False,False,False,False,False,True,True,False,False,False,False,True,False,False,True
CCMSLIB00012718506,Chlorolecideoidin,M-H,Negative,-1,430.949,431.957,61 Scan.mzXML,Depsidone,O=C1C2=C(C)C(Cl)=C(O)C(Cl)=C2OC(C(C)=C(C(OC)=O)C(O)=C3Cl)=C3O1,O=C1C2=C(C)C(Cl)=C(O)C(Cl)=C2OC(C(C)=C(C(OC)=O)C(O)=C3Cl)=C3O1,C17H11Cl3O7,430.9492,M-H,5.5,CEVXIEGSMSMJTM,O=C1Oc2ccccc2Oc2ccccc21,CEVXIEGSMSMJTM,O=C1Oc2ccccc2Oc2ccccc21,C17H11Cl3O7,431.9570357319999,430.9497597319999,-0.0007597319998922103,-3.573199990114517e-05,C;Cl;H;O;,1.0,False,False,False,False,False,False,False,False,False,False,False,False,False,False,False,False,False,False,False,False,False,False,False,False,False,False,False,False,False,False,False,False,False,True,True,False,False,False,False,False,False,False,True
CCMSLIB00012718507,2-Chlorolichexanthone,M+H,Positive,1,321.053,320.045,62 Scan.mzXML,Xanthone,CC1=CC(OC)=CC2=C1C(C3=C(C=C(OC)C(Cl)=C3O)O2)=O,CC1=CC(OC)=CC2=C1C(C3=C(C=C(OC)C(Cl)=C3O)O2)=O,C16H13ClO5,321.053,M+H,6,MDGIQNQUOXZRIT,O=c1c2ccccc2oc2ccccc12,MDGIQNQUOXZRIT,O=c1c2ccccc2oc2ccccc12,C16H13ClO5,320.04515119599995,321.05242719599994,0.0005728040000576584,-0.0001511959999334067,C;Cl;H;O;,1.0,False,False,False,False,False,False,False,False,False,False,False,False,False,False,False,False,False,False,False,False,False,False,False,False,False,False,False,False,False,False,False,False,False,True,True,True,False,False,False,False,False,False,True
CCMSLIB00012718508,4-Chlorolichexanthone,M+H,Positive,1,321.053,320.045,63 Scan.mzXML,Xanthone,CC1=CC(=CC2=C1C(=O)C3=C(O2)C(=C(C=C3O)OC)Cl)OC,CC1=CC(=CC2=C1C(=O)C3=C(O2)C(=C(C=C3O)OC)Cl)OC,C16H13ClO5,321.053,M+H,6.1,XHCJIWRCLSSDCD,O=c1c2ccccc2oc2ccccc12,XHCJIWRCLSSDCD,O=c1c2ccccc2oc2ccccc12,C16H13ClO5,320.045151196,321.052427196,0.000572804000000815,-0.00015119599999025013,C;Cl;H;O;,1.0,False,False,False,False,False,False,False,False,False,False,False,False,False,False,False,False,False,False,False,False,False,False,False,False,False,False,False,False,False,False,False,False,False,True,True,True,False,False,False,False,False,False,True
CCMSLIB00012718509,5-Chlorolichexanthone,M+H,Positive,1,321.053,320.045,64 Scan.mzXML,Xanthone,CC1=CC(OC)=C(Cl)C2=C1C(C3=C(C=C(OC)C=C3O)O2)=O,CC1=CC(OC)=C(Cl)C2=C1C(C3=C(C=C(OC)C=C3O)O2)=O,C16H13ClO5,321.053,M+H,6.1,NDXSNEWMUYLDGU,O=c1c2ccccc2oc2ccccc12,NDXSNEWMUYLDGU,O=c1c2ccccc2oc2ccccc12,C16H13ClO5,320.04515119599995,321.05242719599994,0.0005728040000576584,-0.0001511959999334067,C;Cl;H;O;,1.0,False,False,False,False,False,False,False,False,False,False,False,False,False,False,False,False,False,False,False,False,False,False,False,False,False,False,False,False,False,False,False,False,False,True,True,True,False,False,False,False,False,False,True
CCMSLIB00012718510,7-Chlorolichexanthone,M+H,Positive,1,321.053,320.045,65 Scan.mzXML,Xanthone,CC1=C(Cl)C(OC)=CC2=C1C(C3=C(C=C(OC)C=C3O)O2)=O,CC1=C(Cl)C(OC)=CC2=C1C(C3=C(C=C(OC)C=C3O)O2)=O,C16H13ClO5,321.053,M+H,6.3,CRIDBWSUONRAHA,O=c1c2ccccc2oc2ccccc12,CRIDBWSUONRAHA,O=c1c2ccccc2oc2ccccc12,C16H13ClO5,320.04515119599995,321.05242719599994,0.0005728040000576584,-0.0001511959999334067,C;Cl;H;O;,1.0,False,False,False,False,False,False,False,False,False,False,False,False,False,False,False,False,False,False,False,False,False,False,False,False,False,False,False,False,False,False,False,False,False,True,True,True,False,False,False,False,False,False,True
CCMSLIB00012718511,5-Chloro-2?-O-methylanziaic acid,M-H,Negative,-1,477.168,478.176,66 Scan.mzXML,Didepside,ClC1=C(CCCCC)C(C(OC2=CC(CCCCC)=C(C(O)=O)C(OC)=C2)=O)=C(O)C=C1O,ClC1=C(CCCCC)C(C(OC2=CC(CCCCC)=C(C(O)=O)C(OC)=C2)=O)=C(O)C=C1O,C25H31ClO7,477.168,M-H,5.7,OJVOQGWIFJVORR,O=C(Oc1ccccc1)c1ccccc1,OJVOQGWIFJVORR,O=C(Oc1ccccc1)c1ccccc1,C25H31ClO7,478.17583101199983,477.16855501199984,-0.000555011999836097,0.00016898800015496818,C;Cl;H;O;,1.0,False,False,False,False,False,False,False,False,False,False,False,False,False,False,False,False,False,False,False,False,False,False,False,False,False,False,False,False,False,False,False,False,False,True,True,False,False,False,False,False,False,False,True
CCMSLIB00012718512,2-Chloro-6-O-methylnorlichexanthone,M+H,Positive,1,307.037,306.03,67 Scan.mzXML,Xanthone,CC1=CC(OC)=CC2=C1C(C3=C(O2)C=C(C(Cl)=C3O)O)=O,CC1=CC(OC)=CC2=C1C(C3=C(O2)C=C(C(Cl)=C3O)O)=O,C15H11ClO5,307.0373,M+H,5.5,VZYXHXRKFKLWJI,O=c1c2ccccc2oc2ccccc12,VZYXHXRKFKLWJI,O=c1c2ccccc2oc2ccccc12,C15H11ClO5,306.02950113199995,307.03677713199994,0.00022286800003712415,0.0004988680000224122,C;Cl;H;O;,1.0,False,True,True,False,True,False,False,False,False,False,False,False,False,False,False,False,False,False,False,False,False,False,False,False,False,False,False,False,False,False,False,False,False,True,True,True,False,False,True,True,True,True,True
CCMSLIB00012718513,Griseoxanthone B or 4-Chloro-3-O-methylnorlichexanthone,M+H,Positive,1,307.037,306.03,68 Scan.mzXML,Xanthone,OC(C=C1C)=CC(OC2=C(Cl)C(OC)=CC(O)=C23)=C1C3=O,OC(C=C1C)=CC(OC2=C(Cl)C(OC)=CC(O)=C23)=C1C3=O,C15H11ClO5,307.0373,M+H,5.5,CZPDUDROBNWTDV,O=c1c2ccccc2oc2ccccc12,CZPDUDROBNWTDV,O=c1c2ccccc2oc2ccccc12,C15H11ClO5,306.029501132,307.036777132,0.00022286799998028073,0.0004988679999655687,C;Cl;H;O;,1.0,False,False,False,False,False,False,False,False,False,False,False,False,False,False,False,False,False,False,False,False,False,False,False,False,False,False,False,False,False,False,False,False,False,True,True,True,False,False,False,True,True,False,True
CCMSLIB00012718514,4-Chloro-6-O-methylnorlichexanthone,M+H,Positive,1,307.037,306.03,69 Scan.mzXML,Xanthone,OC1=C2C(OC(C=C(C=C3C)OC)=C3C2=O)=C(Cl)C(O)=C1,OC1=C2C(OC(C=C(C=C3C)OC)=C3C2=O)=C(Cl)C(O)=C1,C15H11ClO5,307.0373,M+H,5.5,UBUNKICAVVWKMH,O=c1c2ccccc2oc2ccccc12,UBUNKICAVVWKMH,O=c1c2ccccc2oc2ccccc12,C15H11ClO5,306.029501132,307.036777132,0.00022286799998028073,0.0004988679999655687,C;Cl;H;O;,1.0,False,False,False,False,False,False,False,False,False,False,False,False,False,False,False,False,False,False,False,False,False,False,False,False,False,False,False,False,False,False,False,False,False,True,True,True,False,False,False,True,True,False,True
CCMSLIB00012718515,Vinetorin or 5-Chloro-3-O-methylnorlichexanthone,M+H,Positive,1,307.037,306.03,70 Scan.mzXML,Xanthone,OC(C=C1C)=C(Cl)C(OC2=CC(OC)=CC(O)=C23)=C1C3=O,OC(C=C1C)=C(Cl)C(OC2=CC(OC)=CC(O)=C23)=C1C3=O,C15H11ClO5,307.0373,M+H,5.5,CCCPQTCGPQONAG,O=c1c2ccccc2oc2ccccc12,CCCPQTCGPQONAG,O=c1c2ccccc2oc2ccccc12,C15H11ClO5,306.029501132,307.036777132,0.00022286799998028073,0.0004988679999655687,C;Cl;H;O;,1.0,False,False,False,False,False,False,False,False,False,False,False,False,False,False,False,False,False,False,False,False,False,False,False,False,False,False,False,False,False,False,False,False,False,True,True,True,False,False,False,True,True,False,True
CCMSLIB00012718516,5-Chloro-6-O-methylnorlichexanthone,M+H,Positive,1,307.037,306.03,71 Scan.mzXML,Xanthone,OC1=C2C(OC(C(Cl)=C(C=C3C)OC)=C3C2=O)=CC(O)=C1,OC1=C2C(OC(C(Cl)=C(C=C3C)OC)=C3C2=O)=CC(O)=C1,C15H11ClO5,307.0373,M+H,5.4,YZHXASJZPAOKNY,O=c1c2ccccc2oc2ccccc12,YZHXASJZPAOKNY,O=c1c2ccccc2oc2ccccc12,C15H11ClO5,306.029501132,307.036777132,0.00022286799998028073,0.0004988679999655687,C;Cl;H;O;,1.0,False,False,False,False,False,False,False,False,False,False,False,False,False,False,False,False,False,False,False,False,False,False,False,False,False,False,False,False,False,False,False,False,False,True,True,True,False,False,False,True,True,False,True
CCMSLIB00012718517,7-Chloro-6-O-methylnorlichexanthone,M+H,Positive,1,307.037,306.03,72 Scan.mzXML,Xanthone,OC1=C2C(OC(C=C(C(Cl)=C3C)OC)=C3C2=O)=CC(O)=C1,OC1=C2C(OC(C=C(C(Cl)=C3C)OC)=C3C2=O)=CC(O)=C1,C15H11ClO5,307.0373,M+H,5.6,LZGYVQLUSTUFAZ,O=c1c2ccccc2oc2ccccc12,LZGYVQLUSTUFAZ,O=c1c2ccccc2oc2ccccc12,C15H11ClO5,306.029501132,307.036777132,0.00022286799998028073,0.0004988679999655687,C;Cl;H;O;,1.0,False,False,False,False,False,False,False,False,False,False,False,False,False,False,False,False,False,False,False,False,False,False,False,False,False,False,False,False,False,False,False,False,False,True,True,True,False,False,False,True,True,False,True
CCMSLIB00012718518,3-Chloronordivaricatic acid,M-H,Negative,-1,407.09,408.098,73 Scan.mzXML,Didepside,OC1=C(C(CCC)=CC(O)=C1Cl)C(OC2=CC(CCC)=C(C(O)=O)C(O)=C2)=O,OC1=C(C(CCC)=CC(O)=C1Cl)C(OC2=CC(CCC)=C(C(O)=O)C(O)=C2)=O,C20H21ClO7,407.0898,M-H,5.2,UGXTVLRGFHBSRR,O=C(Oc1ccccc1)c1ccccc1,UGXTVLRGFHBSRR,O=C(Oc1ccccc1)c1ccccc1,C20H21ClO7,408.09758069199995,407.09030469199996,-0.000304691999986062,0.00041930800006184654,C;Cl;H;O;,1.0,False,False,False,False,False,False,False,False,False,False,False,False,False,False,False,False,False,False,False,False,False,False,False,False,False,False,False,False,False,False,False,False,False,True,True,False,False,False,False,False,False,False,True
CCMSLIB00012718519,2-Chloronorlichexanthone,M+H,Positive,1,293.022,292.014,74 Scan.mzXML,Xanthone,CC1=CC(O)=CC2=C1C(C3=C(O2)C=C(C(Cl)=C3O)O)=O,CC1=CC(O)=CC2=C1C(C3=C(O2)C=C(C(Cl)=C3O)O)=O,C14H9ClO5,293.0217,M+H,5,VFXXISJCBGVCJF,O=c1c2ccccc2oc2ccccc12,VFXXISJCBGVCJF,O=c1c2ccccc2oc2ccccc12,C14H9ClO5,292.013851068,293.021127068,0.000872931999992943,0.0001489320000018779,C;Cl;H;O;,1.0,False,False,False,False,False,False,False,False,False,False,False,False,False,False,False,False,False,False,False,False,False,False,False,False,False,False,False,False,False,False,False,False,False,True,True,True,False,False,False,False,False,False,True
CCMSLIB00012718520,4-Chloronorlichexanthone,M+H,Positive,1,293.022,292.014,75 Scan.mzXML,Xanthone,CC1=CC(O)=CC2=C1C(C3=C(O2)C(Cl)=C(C=C3O)O)=O,CC1=CC(O)=CC2=C1C(C3=C(O2)C(Cl)=C(C=C3O)O)=O,C14H9ClO5,293.0217,M+H,4.9,BKLLYUDFOSSKSW,O=c1c2ccccc2oc2ccccc12,BKLLYUDFOSSKSW,O=c1c2ccccc2oc2ccccc12,C14H9ClO5,292.013851068,293.021127068,0.000872931999992943,0.0001489320000018779,C;Cl;H;O;,1.0,False,False,False,False,False,False,False,False,False,False,False,False,False,False,False,False,False,False,False,False,False,False,False,False,False,False,False,False,False,False,False,False,False,True,True,True,False,False,False,False,False,False,True
CCMSLIB00012718521,5-Chloronorlichexanthone,M+H,Positive,1,293.022,292.014,76 Scan.mzXML,Xanthone,CC1=CC(O)=C(Cl)C2=C1C(C3=C(O2)C=C(C=C3O)O)=O,CC1=CC(O)=C(Cl)C2=C1C(C3=C(O2)C=C(C=C3O)O)=O,C14H9ClO5,293.0217,M+H,4.9,UINNLLFVKWHOLE,O=c1c2ccccc2oc2ccccc12,UINNLLFVKWHOLE,O=c1c2ccccc2oc2ccccc12,C14H9ClO5,292.013851068,293.021127068,0.000872931999992943,0.0001489320000018779,C;Cl;H;O;,1.0,False,False,False,False,False,False,False,False,False,False,False,False,False,False,False,False,False,False,False,False,False,False,False,False,False,False,False,False,False,False,False,False,False,True,True,True,False,False,False,False,False,False,True
CCMSLIB00012718522,7-Chloronorlichexanthone,M-H,Negative,-1,291.006,292.014,77 Scan.mzXML,Xanthone,CC1=C(Cl)C(O)=CC2=C1C(C3=C(O2)C=C(C=C3O)O)=O,CC1=C(Cl)C(O)=CC2=C1C(C3=C(O2)C=C(C=C3O)O)=O,C14H9ClO5,291.0061,M-H,5,GJFIGYXKJHSBBY,O=c1c2ccccc2oc2ccccc12,GJFIGYXKJHSBBY,O=c1c2ccccc2oc2ccccc12,C14H9ClO5,292.013851068,291.006575068,-0.0005750680000460306,0.0001489320000018779,C;Cl;H;O;,1.0,False,False,False,False,False,False,False,False,False,False,False,False,False,False,False,False,False,False,False,False,False,False,False,False,False,False,False,False,False,False,False,False,False,True,True,True,False,False,False,False,False,False,True
CCMSLIB00012718523,3-Chloroperlatolic acid,M-H,Negative,-1,477.168,478.176,78 Scan.mzXML,Didepside,OC1=C(C(OC2=CC(CCCCC)=C(C(O)=C2)C(O)=O)=O)C(CCCCC)=CC(OC)=C1Cl,OC1=C(C(OC2=CC(CCCCC)=C(C(O)=C2)C(O)=O)=O)C(CCCCC)=CC(OC)=C1Cl,C25H31ClO7,477.168,M-H,6.5,DIPTUDOXJCULJT,O=C(Oc1ccccc1)c1ccccc1,DIPTUDOXJCULJT,O=C(Oc1ccccc1)c1ccccc1,C25H31ClO7,478.17583101199995,477.16855501199996,-0.0005550119999497838,0.00016898800004128134,C;Cl;H;O;,1.0,False,False,False,False,False,False,False,False,False,False,False,False,False,False,False,False,False,False,False,False,False,False,False,False,False,False,False,False,False,False,False,False,False,True,True,False,False,False,False,False,False,False,True
CCMSLIB00012718524,Chlorophyllopsorin,M-H,Negative,-1,408.988,409.996,80 Scan.mzXML,Depsidone,CC1=C(Cl)C(O)=C(C=O)C(OC2=C(C=O)C(Cl)=C(OC)C(C)=C2O3)=C1C3=O,CC1=C(Cl)C(O)=C(C=O)C(OC2=C(C=O)C(Cl)=C(OC)C(C)=C2O3)=C1C3=O,C18H12Cl2O7,408.9882,M-H,5.8,JHWGPZNTALJDRQ,O=C1Oc2ccccc2Oc2ccccc21,JHWGPZNTALJDRQ,O=C1Oc2ccccc2Oc2ccccc21,C18H12Cl2O7,409.9960080839999,408.98873208399993,-0.0007320839999351847,-8.083999944119569e-06,C;Cl;H;O;,1.0,False,False,False,False,False,False,False,False,False,False,False,False,False,False,False,False,False,False,False,False,False,False,False,False,False,False,False,False,False,False,False,False,False,True,True,False,False,False,False,False,False,False,True
CCMSLIB00012718525,3-Chlorostenosporic acid,M-H,Negative,-1,449.137,450.145,81 Scan.mzXML,Didepside,OC1=C(C(CCC)=CC(OC)=C1Cl)C(OC2=CC(CCCCC)=C(C(O)=O)C(O)=C2)=O,OC1=C(C(CCC)=CC(OC)=C1Cl)C(OC2=CC(CCCCC)=C(C(O)=O)C(O)=C2)=O,C23H27ClO7,449.1367,M-H,6.2,GRJYBTKQNYRIDT,O=C(Oc1ccccc1)c1ccccc1,GRJYBTKQNYRIDT,O=C(Oc1ccccc1)c1ccccc1,C23H27ClO7,450.14453088399995,449.13725488399996,-0.00025488399995765576,0.00046911600003340936,C;Cl;H;O;,1.0,False,False,False,False,False,False,False,False,False,False,False,False,False,False,False,False,False,False,False,False,False,False,False,False,False,False,False,False,False,False,False,False,False,True,True,False,False,False,False,False,False,False,True
CCMSLIB00012718526,3-Chlorosubdivaricatic acid,M-H,Negative,-1,393.074,394.082,82 Scan.mzXML,Didepside,OC1=C(C(C)=CC(OC)=C1Cl)C(OC2=CC(CCC)=C(C(O)=O)C(O)=C2)=O,OC1=C(C(C)=CC(OC)=C1Cl)C(OC2=CC(CCC)=C(C(O)=O)C(O)=C2)=O,C19H19ClO7,393.0741,M-H,5.5,NPDIZCHJYHERHC,O=C(Oc1ccccc1)c1ccccc1,NPDIZCHJYHERHC,O=C(Oc1ccccc1)c1ccccc1,C19H19ClO7,394.08193062799995,393.07465462799996,-0.0006546279999497528,6.937200004131228e-05,C;Cl;H;O;,1.0,False,False,False,False,False,False,False,False,False,False,False,False,False,False,False,False,False,False,False,False,False,False,False,False,False,False,False,False,False,False,False,False,False,True,True,False,False,False,False,False,False,False,True
CCMSLIB00012718527,2-Chlorovirensic acid,M-H,Negative,-1,391.022,392.03,84 Scan.mzXML,Depsidone,O=C1OC2=C(C(C)=C(C(O)=O)C(O)=C2C)OC3=C1C(C)=C(Cl)C(O)=C3C=O,O=C1OC2=C(C(C)=C(C(O)=O)C(O)=C2C)OC3=C1C(C)=C(Cl)C(O)=C3C=O,C18H13ClO8,391.0221,M-H,5.6,NLEQXKZDZFGBFP,O=C1Oc2ccccc2Oc2ccccc21,NLEQXKZDZFGBFP,O=C1Oc2ccccc2Oc2ccccc21,C18H13ClO8,392.029895056,391.022619056,-0.0006190560000050027,0.00010494399998606241,C;Cl;H;O;,1.0,False,False,False,False,False,False,False,False,False,False,False,False,False,False,False,False,False,False,False,False,False,False,False,False,False,False,False,False,False,False,False,False,False,True,True,False,False,False,False,False,False,False,True
CCMSLIB00012718528,Chodatin,M-H,Negative,-1,402.954,403.962,85 Scan.mzXML,Xanthone,structure unknown (https://pubs.acs.org/doi/pdf/10.1021/cr100446h),structure unknown (https://pubs.acs.org/doi/pdf/10.1021/cr100446h),C16H11Cl3O6,402.9543,M-H,6.2,,,,,,,,,,,,,False,False,False,False,False,False,False,False,False,False,False,False,False,False,False,False,False,False,False,False,False,False,False,False,False,False,False,False,False,False,False,False,False,False,False,False,False,False,False,False,False,False
CCMSLIB00012718529,Colensoic acid,M-H,Negative,-1,441.191,442.199,86 Scan.mzXML,Depsidone,CCCCCC1=C2C(=CC(=C1)OC)OC3=C(C=C(C(=C3CCCCC)C(=O)O)O)OC2=O,CCCCCC1=C2C(=CC(=C1)OC)OC3=C(C=C(C(=C3CCCCC)C(=O)O)O)OC2=O,C25H30O7,441.1914,M-H,6.4,RWVJYKHAFMWADK,O=C1Oc2ccccc2Oc2ccccc21,RWVJYKHAFMWADK,O=C1Oc2ccccc2Oc2ccccc21,C25H30O7,442.19915329999986,441.1918772999999,-0.0008772999998996056,-0.00015329999985169707,C;H;O;,1.0,False,False,False,False,False,False,False,False,False,False,False,False,False,False,False,False,False,False,False,False,False,False,False,False,False,False,False,False,False,False,False,False,False,True,True,False,False,False,False,True,False,False,True
CCMSLIB00012718530,Condidymic acid,M+H,Positive,1,399.217,398.209,88 Scan.mzXML,Dibenzofuran,CCCCCC1=C2C(=CC(=C1)OC)OC3=C2C(=C(C(=C3)O)C(=O)O)CCCCC,CCCCCC1=C2C(=CC(=C1)OC)OC3=C2C(=C(C(=C3)O)C(=O)O)CCCCC,C24H30O5,399.2171,M+H,5.8,JJNLMPAFVQRTIH,c1ccc2c(c1)oc1ccccc12,JJNLMPAFVQRTIH,c1ccc2c(c1)oc1ccccc12,C24H30O5,398.2093240599999,399.2166000599999,0.0003999400000793685,-0.00032405999991169665,C;H;O;,1.0,False,False,False,False,False,False,False,False,False,False,False,False,False,False,False,False,False,False,False,False,False,False,False,False,False,False,False,False,False,False,False,False,False,True,True,False,False,False,False,True,False,False,True
CCMSLIB00012718531,Conechinocarpic acid,M-H,Negative,-1,403.103,404.111,89 Scan.mzXML,Benzyldepside,OC1=C(C(C)=CC(OC)=C1C)C(OCC2=C(OC)C=C(C(O)OC3=O)C3=C2O)=O,OC1=C(C(C)=CC(OC)=C1C)C(OCC2=C(OC)C=C(C(O)OC3=O)C3=C2O)=O,C20H20O9,403.1029,M-H,4.8,NYMLDQLMTURXIA,O=C(OCc1ccc2c(c1)C(=O)OC2)c1ccccc1,NYMLDQLMTURXIA,O=C(OCc1ccc2c(c1)C(=O)OC2)c1ccccc1,C20H20O9,404.1107322199999,403.1034562199999,-0.00045621999987588424,0.0002677800001151809,C;H;O;,1.0,False,False,False,False,False,False,False,False,False,False,False,False,False,False,False,False,False,False,False,False,False,False,False,False,False,False,False,False,False,False,False,False,False,False,False,False,False,False,False,True,False,False,False
CCMSLIB00012718532,Confluentic acid,M-H,Negative,-1,499.233,500.241,91 Scan.mzXML,Didepside,CCCCCC1=C(C(=CC(=C1)OC(=O)C2=C(C=C(C=C2O)OC)CC(=O)CCCCC)OC)C(=O)O,CCCCCC1=C(C(=CC(=C1)OC(=O)C2=C(C=C(C=C2O)OC)CC(=O)CCCCC)OC)C(=O)O,C28H36O8,499.2332,M-H,5.8,UANVCGQMNRTKGM,O=C(Oc1ccccc1)c1ccccc1,UANVCGQMNRTKGM,O=C(Oc1ccccc1)c1ccccc1,C28H36O8,500.24101811199984,499.23374211199985,-0.0007421119998411996,-1.8111999850134453e-05,C;H;O;,1.0,False,True,True,False,True,False,False,False,False,False,False,False,False,False,False,False,False,False,False,False,False,False,False,False,False,False,False,False,False,False,False,False,False,True,True,False,False,False,True,True,True,True,True
CCMSLIB00012718533,Congrayanic acid,M-H,Negative,-1,431.171,432.178,92 Scan.mzXML,Diphenylether,CC1=C(C(O)=O)C(OC2=C(CCCCCCC)C(C(O)=O)=C(O)C=C2O)=CC(OC)=C1,CC1=C(C(O)=O)C(OC2=C(CCCCCCC)C(C(O)=O)=C(O)C=C2O)=CC(OC)=C1,C23H28O8,431.1706,M-H,5.1,USHKOXXLHSCTLX,c1ccc(Oc2ccccc2)cc1,USHKOXXLHSCTLX,c1ccc(Oc2ccccc2)cc1,C23H28O8,432.1784178559999,431.1711418559999,-0.00014185599991378695,-0.00041785599989907496,C;H;O;,1.0,False,False,False,False,False,False,False,False,False,False,False,False,False,False,False,False,False,False,False,False,False,False,False,False,False,False,False,False,False,False,False,False,False,True,True,True,False,False,False,True,False,False,True
CCMSLIB00012718534,Conhypoprotocetraric acid,M-H,Negative,-1,359.077,360.085,93 Scan.mzXML,Depsidone,O=C1OC2=C(C(C)=C(C(O)=O)C(O)=C2CO)OC3=C1C(C)=CC(O)=C3C,O=C1OC2=C(C(C)=C(C(O)=O)C(O)=C2CO)OC3=C1C(C)=CC(O)=C3C,C18H16O8,359.0767,M-H,4.5,INMABPVEUVMMPG,O=C1Oc2ccccc2Oc2ccccc21,INMABPVEUVMMPG,O=C1Oc2ccccc2Oc2ccccc21,C18H16O8,360.08451747199996,359.07724147199997,-0.00024147199997059943,0.0004825280000204657,C;H;O;,1.0,False,False,False,False,False,False,False,False,False,False,False,False,False,False,False,False,False,False,False,False,False,False,False,False,False,False,False,False,False,False,False,False,False,True,True,False,False,False,False,True,False,False,True
CCMSLIB00012718535,Confumarprotocetraric acid,M-H,Negative,-1,473.072,474.08,94 Scan.mzXML,Depsidone,O=C1OC2=C(C(C)=C(C(O)=O)C(O)=C2COC(/C=C/C(O)=O)=O)OC3=C1C(C)=CC(O)=C3CO,O=C1OC2=C(C(C)=C(C(O)=O)C(O)=C2COC(/C=C/C(O)=O)=O)OC3=C1C(C)=CC(O)=C3CO,C22H18O12,473.072,M-H,4.3,NKJDRKYSOFPRPF,O=C1Oc2ccccc2Oc2ccccc21,NKJDRKYSOFPRPF,O=C1Oc2ccccc2Oc2ccccc21,C22H18O12,474.07982601599986,473.07255001599987,-0.0005500159998632626,0.00017398400012780257,C;H;O;,1.0,False,False,False,False,False,False,False,False,False,False,False,False,False,False,False,False,False,False,False,False,False,False,False,False,False,False,False,False,False,False,False,False,False,True,True,False,False,False,False,False,False,False,True
CCMSLIB00012718536,Connorstictic acid,M-H,Negative,-1,373.056,374.064,95 Scan.mzXML,Depsidone,O=C1OC2=C(C(C(O)OC3=O)=C3C(O)=C2C)OC4=C1C(C)=CC(O)=C4CO,O=C1OC2=C(C(C(O)OC3=O)=C3C(O)=C2C)OC4=C1C(C)=CC(O)=C4CO,C18H14O9,373.056,M-H,4.5,JGHRZZSLOGDYOO,O=C1Oc2ccc3c(c2Oc2ccccc21)COC3=O,JGHRZZSLOGDYOO,O=C1Oc2ccc3c(c2Oc2ccccc21)COC3=O,C18H14O9,374.06378202799993,373.05650602799994,-0.0005060279999611339,0.00021797200008677464,C;H;O;,1.0,False,False,False,False,False,False,False,False,False,False,False,False,False,False,False,False,False,False,False,False,False,False,False,False,False,False,False,False,False,False,False,False,False,True,True,False,False,False,False,True,False,False,True
CCMSLIB00012718537,Conorlobaridone,M-H,Negative,-1,369.134,370.142,96 Scan.mzXML,Depsidone,O=C1OC2=C(C(CCC)=CC(O)=C2)OC3=C1C(C(CCCC)=O)=CC(O)=C3,O=C1OC2=C(C(CCC)=CC(O)=C2)OC3=C1C(C(CCCC)=O)=CC(O)=C3,C21H22O6,369.1338,M-H,5.2,UTCAPKNZOXKVCO,O=C1Oc2ccccc2Oc2ccccc21,UTCAPKNZOXKVCO,O=C1Oc2ccccc2Oc2ccccc21,C21H22O6,370.14163842399995,369.13436242399996,-0.00036242399994534935,0.0003615760000457158,C;H;O;,1.0,False,False,False,False,False,False,False,False,False,False,False,False,False,False,False,False,False,False,False,False,False,False,False,False,False,False,False,False,False,False,False,False,False,True,True,False,False,False,False,True,False,False,True
CCMSLIB00012718538,Conphysodalic acid,M-H,Negative,-1,417.082,418.09,97 Scan.mzXML,Depsidone,O=C1OC2=C(C(C)=C(C(O)=O)C(O)=C2COC(C)=O)OC3=C1C(C)=CC(O)=C3CO,O=C1OC2=C(C(C)=C(C(O)=O)C(O)=C2COC(C)=O)OC3=C1C(C)=CC(O)=C3CO,C20H18O10,417.0822,M-H,4.4,ADGOFPAXWRMONQ,O=C1Oc2ccccc2Oc2ccccc21,ADGOFPAXWRMONQ,O=C1Oc2ccccc2Oc2ccccc21,C20H18O10,418.08999677599996,417.082720776,-0.0007207759999801056,3.2240000109595712e-06,C;H;O;,1.0,False,False,False,False,False,False,False,False,False,False,False,False,False,False,False,False,False,False,False,False,False,False,False,False,False,False,False,False,False,False,False,False,False,True,True,False,False,False,False,True,False,False,True
CCMSLIB00012718539,Conprotocetraric acid,M-H,Negative,-1,375.072,376.079,98 Scan.mzXML,Depsidone,O=C1OC2=C(C(C)=C(C(O)=O)C(O)=C2CO)OC3=C1C(C)=CC(O)=C3CO,O=C1OC2=C(C(C)=C(C(O)=O)C(O)=C2CO)OC3=C1C(C)=CC(O)=C3CO,C18H16O9,375.0716,M-H,4.4,YEKBEKHJTFUTFO,O=C1Oc2ccccc2Oc2ccccc21,YEKBEKHJTFUTFO,O=C1Oc2ccccc2Oc2ccccc21,C18H16O9,376.07943209199993,375.07215609199994,-0.00015609199994059964,-0.00043209199992588765,C;H;O;,1.0,False,False,False,False,False,False,False,False,False,False,False,False,False,False,False,False,False,False,False,False,False,False,False,False,False,False,False,False,False,False,False,False,False,True,True,False,False,False,False,True,True,False,True
CCMSLIB00012718540,Consalazinic acid,M-H,Negative,-1,389.051,390.059,99 Scan.mzXML,Depsidone,O=C1OC2=C(C(C(O)OC3=O)=C3C(O)=C2CO)OC4=C1C(C)=CC(O)=C4CO,O=C1OC2=C(C(C(O)OC3=O)=C3C(O)=C2CO)OC4=C1C(C)=CC(O)=C4CO,C18H14O10,389.0509,M-H,4,VHKZGPSNCSPDGX,O=C1Oc2ccc3c(c2Oc2ccccc21)COC3=O,VHKZGPSNCSPDGX,O=C1Oc2ccc3c(c2Oc2ccccc21)COC3=O,C18H14O10,390.05869664799997,389.051420648,-0.00042064799998797753,0.000303352000059931,C;H;O;,1.0,False,False,False,False,False,False,False,False,False,False,False,False,False,False,False,False,False,False,False,False,False,False,False,False,False,False,False,False,False,False,False,False,False,True,True,False,False,False,False,False,False,False,True
CCMSLIB00012718541,Constictic acid,M-H,Negative,-1,401.051,402.059,100 Scan.mzXML,Depsidone,CC1=CC(OC)=C(C=O)C2=C1C(OC3=C(C4=C(C(OC4O)=O)C(O)=C3CO)O2)=O,CC1=CC(OC)=C(C=O)C2=C1C(OC3=C(C4=C(C(OC4O)=O)C(O)=C3CO)O2)=O,C19H14O10,401.0509,M-H,4.3,FYPCEUKJORJHDL,O=C1Oc2ccc3c(c2Oc2ccccc21)COC3=O,FYPCEUKJORJHDL,O=C1Oc2ccc3c(c2Oc2ccccc21)COC3=O,C19H14O10,402.05869664799985,401.05142064799986,-0.0004206479998742907,0.00030335200017361785,C;H;O;,1.0,False,True,True,False,True,False,False,False,False,False,False,False,False,False,False,False,False,False,False,False,False,False,False,False,False,False,False,False,False,False,False,False,False,True,True,False,False,False,True,True,True,True,True
CCMSLIB00012718542,Constipatic acid,M-H,Negative,-1,367.249,368.256,101 Scan.mzXML,Paraconic acids,O=C1O[C@H](C(C(O)=O)=C1C)CCCCCCCCCCCCCC(C)O,O=C1O[C@H](C(C(O)=O)=C1C)CCCCCCCCCCCCCC(C)O,C21H36O5,367.2485,M-H,5.9,RJNPNSFGRBJXHX,O=C1C=CCO1,RJNPNSFGRBJXHX,O=C1C=CCO1,C21H36O5,368.25627425199997,367.248998252,1.7480000451541855e-06,-0.00027425199999697725,C;H;O;,1.0,False,False,False,False,False,False,False,False,False,False,False,False,False,False,False,False,False,False,False,False,False,False,False,False,False,False,False,False,False,False,False,False,False,True,True,False,False,False,False,True,True,False,True
CCMSLIB00012718543,Consuccinoprotocetraric acid,M-H,Negative,-1,475.088,476.095,102 Scan.mzXML,Depsidone,O=C1OC2=C(C(C)=C(C(O)=O)C(O)=C2COC(CCC(O)=O)=O)OC3=C1C(C)=CC(O)=C3CO,O=C1OC2=C(C(C)=C(C(O)=O)C(O)=C2COC(CCC(O)=O)=O)OC3=C1C(C)=CC(O)=C3CO,C22H20O12,475.0877,M-H,4.3,JLBQKMDJXHRPTB,O=C1Oc2ccccc2Oc2ccccc21,JLBQKMDJXHRPTB,O=C1Oc2ccccc2Oc2ccccc21,C22H20O12,476.09547607999986,475.08820007999987,-0.00020007999984272828,-0.0004760799998280163,C;H;O;,1.0,False,False,False,False,False,False,False,False,False,False,False,False,False,False,False,False,False,False,False,False,False,False,False,False,False,False,False,False,False,False,False,False,False,True,True,False,False,False,False,True,False,False,True
CCMSLIB00012718544,Contortin,M+H,Positive,1,419.171,418.163,103 Scan.mzXML,Biphenyl,CC1=C(OC)C(C2=C(O)C(C(C)=O)=C(OC)C(C)=C2OC)=C(O)C(C(C)=O)=C1OC,CC1=C(OC)C(C2=C(O)C(C(C)=O)=C(OC)C(C)=C2OC)=C(O)C(C(C)=O)=C1OC,C22H26O8,419.1706,M+H,5.3,PDJMCBVRNSWEOY,c1ccc(-c2ccccc2)cc1,PDJMCBVRNSWEOY,c1ccc(-c2ccccc2)cc1,C22H26O8,418.1627677919999,419.1700437919999,0.0009562080001046525,0.00023220800011358733,C;H;O;,1.0,False,False,False,False,False,False,False,False,False,False,False,False,False,False,False,False,False,False,False,False,False,False,False,False,False,False,False,False,False,False,False,False,False,True,True,True,False,False,False,True,False,False,True
CCMSLIB00012718545,Convirensic acid,M-H,Negative,-1,359.077,360.085,104 Scan.mzXML,Depsidone,CC1=CC(O)=C(CO)C2=C1C(OC3=C(C(C)=C(C(O)=O)C(O)=C3C)O2)=O,CC1=CC(O)=C(CO)C2=C1C(OC3=C(C(C)=C(C(O)=O)C(O)=C3C)O2)=O,C18H16O8,359.0767,M-H,4.9,OMWFESIOSNTYSJ,O=C1Oc2ccccc2Oc2ccccc21,OMWFESIOSNTYSJ,O=C1Oc2ccccc2Oc2ccccc21,C18H16O8,360.0845174719999,359.0772414719999,-0.000241471999913756,0.0004825280000773091,C;H;O;,1.0,False,False,False,False,False,False,False,False,False,False,False,False,False,False,False,False,False,False,False,False,False,False,False,False,False,False,False,False,False,False,False,False,False,True,True,False,False,False,False,True,False,False,True
CCMSLIB00012718546,Coronatoquinone,M+H,Positive,1,321.061,320.053,105 Scan.mzXML,Quinone,O=C1C(C(O)=C2[C@@H](O)OC(C)=CC2=C3O)=C3C(C(OC)=C1O)=O,O=C1C(C(O)=C2[C@@H](O)OC(C)=CC2=C3O)=C3C(C(OC)=C1O)=O,C15H12O8,321.061,M+H,5.3,NKPVZYQTTIZLML,O=C1C=CC(=O)c2cc3c(cc21)C=COC3,NKPVZYQTTIZLML,O=C1C=CC(=O)c2cc3c(cc21)C=COC3,C15H12O8,320.05321734399996,321.06049334399995,0.0005066560000273057,-0.00021734399996375942,C;H;O;,1.0,False,False,False,False,False,False,False,False,False,False,False,False,False,False,False,False,False,False,False,False,False,False,False,False,False,False,False,False,False,False,False,False,False,False,False,False,False,False,False,True,False,False,False
CCMSLIB00012718547,"""Cristazarin or 2-Ethyl-3,5,8-trihydroxy-6-methoxynaphtho-1,4-quinone""",M-H,Negative,-1,263.056,264.063,106 Scan.mzXML,Quinone,CCC1=C(O)C2=C(C(C(OC)=CC2=O)=O)C(O)=C1O,CCC1=C(O)C2=C(C(C(OC)=CC2=O)=O)C(O)=C1O,C13H12O6,263.0556,M-H,5.1,BSLXTUJWCJNYDF,O=C1C=CC(=O)c2ccccc21,BSLXTUJWCJNYDF,O=C1C=CC(=O)c2ccccc21,C13H12O6,264.063388104,263.056112104,-0.00011210400003847099,-0.000388104000023759,C;H;O;,1.0,False,False,False,False,False,False,False,False,False,False,False,False,False,False,False,False,False,False,False,False,False,False,False,False,False,False,False,False,False,False,False,False,False,True,True,True,False,False,False,True,False,False,True
CCMSLIB00012718548,Cryptostictic acid,M-H,Negative,-1,387.072,388.079,107 Scan.mzXML,Depsidone,CC1=CC(OC)=C(CO)C2=C1C(OC3=C(C4=C(C(OC4O)=O)C(O)=C3C)O2)=O,CC1=CC(OC)=C(CO)C2=C1C(OC3=C(C4=C(C(OC4O)=O)C(O)=C3C)O2)=O,C19H16O9,387.0716,M-H,4.5,RXSMOJAAXFOGKM,O=C1Oc2ccc3c(c2Oc2ccccc21)COC3=O,RXSMOJAAXFOGKM,O=C1Oc2ccc3c(c2Oc2ccccc21)COC3=O,C19H16O9,388.0794320919999,387.0721560919999,-0.00015609199988375622,-0.00043209199986904423,C;H;O;,1.0,False,False,False,False,False,False,False,False,False,False,False,False,False,False,False,False,False,False,False,False,False,False,False,False,False,False,False,False,False,False,False,False,False,True,True,False,False,False,False,True,False,False,True
CCMSLIB00012718549,Cryptothamnolic acid,M-H,Negative,-1,389.087,390.095,108 Scan.mzXML,Didepside,CC(C(O)=C1OC(C2=C(O)C(C=O)=C(C=C2C)OC)=O)=C(C(C(O)=O)=C1C)O,CC(C(O)=C1OC(C2=C(O)C(C=O)=C(C=C2C)OC)=O)=C(C(C(O)=O)=C1C)O,C19H18O9,389.0873,M-H,4.7,HEDMFNAWESICHB,O=C(Oc1ccccc1)c1ccccc1,HEDMFNAWESICHB,O=C(Oc1ccccc1)c1ccccc1,C19H18O9,390.09508215599993,389.08780615599994,-0.0008061559999532619,-8.215599990535338e-05,C;H;O;,1.0,False,False,False,False,False,False,False,False,False,False,False,False,False,False,False,False,False,False,False,False,False,False,False,False,False,False,False,False,False,False,False,False,False,True,True,False,False,False,False,True,True,False,True
CCMSLIB00012718550,Cyclographin,M-H,Negative,-1,405.038,406.046,109 Scan.mzXML,Depsidone,O=C1OC2=C(C(C)=C(O)C(C(OC)=O)=C2C)OC3=C1C(C)=C(Cl)C(O)=C3C=O,O=C1OC2=C(C(C)=C(O)C(C(OC)=O)=C2C)OC3=C1C(C)=C(Cl)C(O)=C3C=O,C19H15ClO8,405.0377,M-H,6.1,ROQSFVIIHOMWHH,O=C1Oc2ccccc2Oc2ccccc21,ROQSFVIIHOMWHH,O=C1Oc2ccccc2Oc2ccccc21,C19H15ClO8,406.04554512,405.03826912,-0.00026911999998446845,0.0004548800000065967,C;Cl;H;O;,1.0,False,False,False,False,False,False,False,False,False,False,False,False,False,False,False,False,False,False,False,False,False,False,False,False,False,False,False,False,False,False,False,False,False,True,True,False,False,False,False,False,False,False,True
CCMSLIB00012718551,Decarboxyanziaic acid,M-H,Negative,-1,385.202,386.209,111 Scan.mzXML,Didepside,OC1=C(C(CCCCC)=CC(O)=C1)C(OC2=CC(CCCCC)=CC(O)=C2)=O,OC1=C(C(CCCCC)=CC(O)=C1)C(OC2=CC(CCCCC)=CC(O)=C2)=O,C23H30O5,385.2015,M-H,5.9,GNDMUMLFZVSUBI,O=C(Oc1ccccc1)c1ccccc1,GNDMUMLFZVSUBI,O=C(Oc1ccccc1)c1ccccc1,C23H30O5,386.2093240599999,385.2020480599999,-4.8059999926408636e-05,-0.00032405999991169665,C;H;O;,1.0,False,False,False,False,False,False,False,False,False,False,False,False,False,False,False,False,False,False,False,False,False,False,False,False,False,False,False,False,False,False,False,False,False,True,True,False,False,False,False,True,False,False,True
CCMSLIB00012718552,Decarboxydivaricatic acid,M-H,Negative,-1,343.155,344.162,112 Scan.mzXML,Didepside,OC1=C(C(CCC)=CC(OC)=C1)C(OC2=CC(CCC)=CC(O)=C2)=O,OC1=C(C(CCC)=CC(OC)=C1)C(OC2=CC(CCC)=CC(O)=C2)=O,C20H24O5,343.1546,M-H,5.9,GRRCMANLWQNHJK,O=C(Oc1ccccc1)c1ccccc1,GRRCMANLWQNHJK,O=C(Oc1ccccc1)c1ccccc1,C20H24O5,344.1623738679999,343.1550978679999,-9.786799995481488e-05,-0.0003738679999401029,C;H;O;,1.0,False,False,False,False,False,False,False,False,False,False,False,False,False,False,False,False,False,False,False,False,False,False,False,False,False,False,False,False,False,False,False,False,False,True,True,False,False,False,False,True,False,False,True
CCMSLIB00012718553,Decarboxyhypothamnolic acid,M-H,Negative,-1,361.092,362.1,113 Scan.mzXML,Didepside,CC1=CC(=C(C(=C1OC(=O)C2=C(C(=C(C=C2C)OC)C(=O)O)O)O)C)O,CC1=CC(=C(C(=C1OC(=O)C2=C(C(=C(C=C2C)OC)C(=O)O)O)O)C)O,C18H18O8,361.0924,M-H,4.8,WSTILCLQPLCYEH,O=C(Oc1ccccc1)c1ccccc1,WSTILCLQPLCYEH,O=C(Oc1ccccc1)c1ccccc1,C18H18O8,362.1001675359999,361.0928915359999,-0.0008915359999264183,-0.00016753599987850976,C;H;O;,1.0,False,False,False,False,False,False,False,False,False,False,False,False,False,False,False,False,False,False,False,False,False,False,False,False,False,False,False,False,False,False,False,False,False,True,True,False,False,False,False,True,False,False,True
CCMSLIB00012718554,Decarboxy-2?-O-methyldivaricatic acid,M-H,Negative,-1,357.17,358.178,114 Scan.mzXML,Didepside,CCCC1=CC(=CC(=C1)OC(=O)C2=C(C=C(C=C2O)OC)CCC)OC,CCCC1=CC(=CC(=C1)OC(=O)C2=C(C=C(C=C2O)OC)CCC)OC,C21H26O5,357.1702,M-H,6.5,JKMXDCXIFDAEJT,O=C(Oc1ccccc1)c1ccccc1,JKMXDCXIFDAEJT,O=C(Oc1ccccc1)c1ccccc1,C21H26O5,358.178023932,357.170747932,-0.0007479319999674772,-2.3931999976412044e-05,C;H;O;,1.0,False,False,False,False,False,False,False,False,False,False,False,False,False,False,False,False,False,False,False,False,False,False,False,False,False,False,False,False,False,False,False,False,False,True,True,False,False,False,False,True,False,False,True
CCMSLIB00012718555,Decarboxy-2?-O-methylnorimbricaric acid,M-H,Negative,-1,371.186,372.194,115 Scan.mzXML,Didepside,OC1=C(C(OC2=CC(CCC)=CC(OC)=C2)=O)C(CCCCC)=CC(O)=C1,OC1=C(C(OC2=CC(CCC)=CC(OC)=C2)=O)C(CCCCC)=CC(O)=C1,C22H28O5,371.1859,M-H,6.2,MWHUTAVRYIBHAV,O=C(Oc1ccccc1)c1ccccc1,MWHUTAVRYIBHAV,O=C(Oc1ccccc1)c1ccccc1,C22H28O5,372.193673996,371.186397996,-0.0003979960000037863,0.0003260040000441222,C;H;O;,1.0,False,False,False,False,False,False,False,False,False,False,False,False,False,False,False,False,False,False,False,False,False,False,False,False,False,False,False,False,False,False,False,False,False,True,True,False,False,False,False,True,False,False,True
CCMSLIB00012718556,Decarboxynorimbricaric acid,M-H,Negative,-1,357.17,358.178,116 Scan.mzXML,Didepside,OC1=C(C(CCCCC)=CC(O)=C1)C(OC2=CC(CCC)=CC(O)=C2)=O,OC1=C(C(CCCCC)=CC(O)=C1)C(OC2=CC(CCC)=CC(O)=C2)=O,C21H26O5,357.1702,M-H,5.6,ISTWWFHRVAZARK,O=C(Oc1ccccc1)c1ccccc1,ISTWWFHRVAZARK,O=C(Oc1ccccc1)c1ccccc1,C21H26O5,358.1780239319999,357.1707479319999,-0.0007479319999106337,-2.3931999919568625e-05,C;H;O;,1.0,False,False,False,False,False,False,False,False,False,False,False,False,False,False,False,False,False,False,False,False,False,False,False,False,False,False,False,False,False,False,False,False,False,True,True,False,False,False,False,True,False,False,True
CCMSLIB00012718557,Decarboxyperlatolic acid,M-H,Negative,-1,399.217,400.225,117 Scan.mzXML,Didepside,OC1=C(C(CCCCC)=CC(OC)=C1)C(OC2=CC(CCCCC)=CC(O)=C2)=O,OC1=C(C(CCCCC)=CC(OC)=C1)C(OC2=CC(CCCCC)=CC(O)=C2)=O,C24H32O5,399.2172,M-H,6.7,NMNCVLXWLPXGJU,O=C(Oc1ccccc1)c1ccccc1,NMNCVLXWLPXGJU,O=C(Oc1ccccc1)c1ccccc1,C24H32O5,400.2249741239999,399.2176981239999,-0.0006981239999390709,2.5876000108837616e-05,C;H;O;,1.0,False,False,False,False,False,False,False,False,False,False,False,False,False,False,False,False,False,False,False,False,False,False,False,False,False,False,False,False,False,False,False,False,False,True,True,False,False,False,False,True,False,False,True
CCMSLIB00012718558,Decarboxythamnolic acid,M-H,Negative,-1,375.072,376.079,118 Scan.mzXML,Didepside,CC1=CC(=C(C(=C1OC(=O)C2=C(C(=C(C=C2C)OC)C(=O)O)O)O)C=O)O,CC1=CC(=C(C(=C1OC(=O)C2=C(C(=C(C=C2C)OC)C(=O)O)O)O)C=O)O,C18H16O9,375.0716,M-H,4.9,JQHGZAGUFPJYDL,O=C(Oc1ccccc1)c1ccccc1,JQHGZAGUFPJYDL,O=C(Oc1ccccc1)c1ccccc1,C18H16O9,376.0794320919999,375.0721560919999,-0.00015609199988375622,-0.00043209199986904423,C;H;O;,1.0,False,False,False,False,False,False,False,False,False,False,False,False,False,False,False,False,False,False,False,False,False,False,False,False,False,False,False,False,False,False,False,False,False,True,True,False,False,False,False,True,False,False,True
CCMSLIB00012718559,3-Dechlorodiploicin,M-H,Negative,-1,386.959,387.967,119 Scan.mzXML,Depsidone,CC1=C2C(OC3=C(C)C(Cl)=C(OC)C(Cl)=C3OC2=O)=CC(O)=C1Cl,CC1=C2C(OC3=C(C)C(Cl)=C(OC)C(Cl)=C3OC2=O)=CC(O)=C1Cl,C16H11Cl3O5,386.9594,M-H,5.5,LSRZUHYIVQJJRO,O=C1Oc2ccccc2Oc2ccccc21,LSRZUHYIVQJJRO,O=C1Oc2ccccc2Oc2ccccc21,C16H11Cl3O5,387.96720649199995,386.95993049199996,-0.0009304919999522099,-0.00020649199996114476,C;Cl;H;O;,1.0,False,False,False,False,False,False,False,False,False,False,False,False,False,False,False,False,False,False,False,False,False,False,False,False,False,False,False,False,False,False,False,False,False,True,True,False,False,False,False,True,True,False,True
CCMSLIB00012718560,3'-Dechlorolecideiodin,M-H,Negative,-1,363.027,364.035,120 Scan.mzXML,Depsidone,O=C1C2=C(C)C(Cl)=C(O)C([H])=C2OC(C(C)=C(C(OC)=O)C(O)=C3)=C3O1,O=C1C2=C(C)C(Cl)=C(O)C([H])=C2OC(C(C)=C(C(OC)=O)C(O)=C3)=C3O1,C17H13ClO7,363.0272,M-H,5.1,WVDLPXKUDQYIEY,O=C1Oc2ccccc2Oc2ccccc21,WVDLPXKUDQYIEY,O=C1Oc2ccccc2Oc2ccccc21,C17H13ClO7,364.03498043599996,363.02770443599996,-0.0007044359999781591,1.9564000069749454e-05,C;Cl;H;O;,1.0,False,False,False,False,False,False,False,False,False,False,False,False,False,False,False,False,False,False,False,False,False,False,False,False,False,False,False,False,False,False,False,False,False,True,True,False,False,False,False,False,False,False,True
CCMSLIB00012718561,3-Dechloro-4-O-methyldiploicin,M+H,Positive,1,402.991,401.983,121 Scan.mzXML,Depsidone,CC1=C2C(OC3=C(C)C(Cl)=C(OC)C(Cl)=C3OC2=O)=CC(OC)=C1Cl,CC1=C2C(OC3=C(C)C(Cl)=C(OC)C(Cl)=C3OC2=O)=CC(OC)=C1Cl,C17H13Cl3O5,402.9907,M+H,5.8,HEZSUFJPGFDKIG,O=C1Oc2ccccc2Oc2ccccc21,HEZSUFJPGFDKIG,O=C1Oc2ccccc2Oc2ccccc21,C17H13Cl3O5,401.98285655599994,402.99013255599993,0.0008674440000504546,0.0001434440000593895,C;Cl;H;O;,1.0,False,True,True,False,True,False,False,False,False,False,False,False,False,False,False,False,False,False,False,False,False,False,False,False,False,False,False,False,False,False,False,False,False,True,True,False,False,False,True,True,True,True,True
CCMSLIB00012718562,2-Dechloro-8-O-methylthiomelin,M+H,Positive,1,321.053,320.045,122 Scan.mzXML,Xanthone,OC1=CC=C(Cl)C2=C1C(C3=C(OC)C=C(C)C(OC)=C3O2)=O,OC1=CC=C(Cl)C2=C1C(C3=C(OC)C=C(C)C(OC)=C3O2)=O,C16H13ClO5,321.053,M+H,5.7,SWHQOGSBEAKAGP,O=c1c2ccccc2oc2ccccc12,SWHQOGSBEAKAGP,O=c1c2ccccc2oc2ccccc12,C16H13ClO5,320.045151196,321.052427196,0.000572804000000815,-0.00015119599999025013,C;Cl;H;O;,1.0,False,False,False,False,False,False,False,False,False,False,False,False,False,False,False,False,False,False,False,False,False,False,False,False,False,False,False,False,False,False,False,False,False,True,True,True,False,False,False,False,False,False,True
CCMSLIB00012718563,4-Dechloro-8-O-methylthiomelin,M+H,Positive,1,321.053,320.045,123 Scan.mzXML,Xanthone,OC1=C(Cl)C=CC2=C1C(C3=C(OC)C=C(C)C(OC)=C3O2)=O,OC1=C(Cl)C=CC2=C1C(C3=C(OC)C=C(C)C(OC)=C3O2)=O,C16H13ClO5,321.053,M+H,5.6,WALGTXKIVNMFQE,O=c1c2ccccc2oc2ccccc12,WALGTXKIVNMFQE,O=c1c2ccccc2oc2ccccc12,C16H13ClO5,320.045151196,321.052427196,0.000572804000000815,-0.00015119599999025013,C;Cl;H;O;,1.0,False,False,False,False,False,False,False,False,False,False,False,False,False,False,False,False,False,False,False,False,False,False,False,False,False,False,False,False,False,False,False,False,False,True,True,True,False,False,False,False,False,False,True
CCMSLIB00012718564,Dechloropannarin,M-H,Negative,-1,327.087,328.095,124 Scan.mzXML,Depsidone,CC1=C(OC2=C(C=O)C(O)=CC(C)=C32)C(OC3=O)=C(C(OC)=C1)C,CC1=C(OC2=C(C=O)C(O)=CC(C)=C32)C(OC3=O)=C(C(OC)=C1)C,C18H16O6,327.0869,M-H,5.8,JXAOVLJGKMYVPO,O=C1Oc2ccccc2Oc2ccccc21,JXAOVLJGKMYVPO,O=C1Oc2ccccc2Oc2ccccc21,C18H16O6,328.094688232,327.087412232,-0.000412232000030599,0.00031176800001730953,C;H;O;,1.0,False,False,False,False,False,False,False,False,False,False,False,False,False,False,False,False,False,False,False,False,False,False,False,False,False,False,False,False,False,False,False,False,False,True,True,False,False,False,False,True,False,False,True
CCMSLIB00012718565,2-Dechlorothiomelin,M-H,Negative,-1,305.022,306.03,125 Scan.mzXML,Xanthone,OC1=CC=C(Cl)C2=C1C(C3=C(O)C=C(C)C(OC)=C3O2)=O,OC1=CC=C(Cl)C2=C1C(C3=C(O)C=C(C)C(OC)=C3O2)=O,C15H11ClO5,305.0217,M-H,6.1,HTHXWUNCBPQPCS,O=c1c2ccccc2oc2ccccc12,HTHXWUNCBPQPCS,O=c1c2ccccc2oc2ccccc12,C15H11ClO5,306.029501132,305.022225132,-0.00022513200002549638,0.0004988679999655687,C;Cl;H;O;,1.0,False,False,False,False,False,False,False,False,False,False,False,False,False,False,False,False,False,False,False,False,False,False,False,False,False,False,False,False,False,False,False,False,False,True,True,True,False,False,False,True,True,False,True
CCMSLIB00012718566,4-Dechlorothiomelin,M-H,Negative,-1,305.022,306.03,126 Scan.mzXML,Xanthone,OC1=C(Cl)C=CC2=C1C(C3=C(O)C=C(C)C(OC)=C3O2)=O,OC1=C(Cl)C=CC2=C1C(C3=C(O)C=C(C)C(OC)=C3O2)=O,C15H11ClO5,305.0217,M-H,6,CDKKJMKIQSUIMA,O=c1c2ccccc2oc2ccccc12,CDKKJMKIQSUIMA,O=c1c2ccccc2oc2ccccc12,C15H11ClO5,306.029501132,305.022225132,-0.00022513200002549638,0.0004988679999655687,C;Cl;H;O;,1.0,False,False,False,False,False,False,False,False,False,False,False,False,False,False,False,False,False,False,False,False,False,False,False,False,False,False,False,False,False,False,False,False,False,True,True,True,False,False,False,True,True,False,True
CCMSLIB00012718567,2-Dechlorovicanicin,M-H,Negative,-1,347.069,348.077,127 Scan.mzXML,Depsidone,CC1=C2C(OC3=C(C)C=C(OC)C(C)=C3OC2=O)=C(C)C(O)=C1Cl,CC1=C2C(OC3=C(C)C=C(OC)C(C)=C3OC2=O)=C(C)C(O)=C1Cl,C18H17ClO5,347.0687,M-H,5.7,UAKCXRFJSDHUDM,O=C1Oc2ccccc2Oc2ccccc21,UAKCXRFJSDHUDM,O=C1Oc2ccccc2Oc2ccccc21,C18H17ClO5,348.076451324,347.069175324,-0.00017532399999709014,0.000548675999993975,C;Cl;H;O;,1.0,False,False,False,False,False,False,False,False,False,False,False,False,False,False,False,False,False,False,False,False,False,False,False,False,False,False,False,False,False,False,False,False,False,True,True,False,False,False,False,False,False,False,True
CCMSLIB00012718568,7-Dechlorovicanicin,M-H,Negative,-1,347.069,348.077,128 Scan.mzXML,Depsidone,CC1=C2C(OC3=C(C)C(Cl)=C(OC)C(C)=C3OC2=O)=C(C)C(O)=C1,CC1=C2C(OC3=C(C)C(Cl)=C(OC)C(C)=C3OC2=O)=C(C)C(O)=C1,C18H17ClO5,347.0687,M-H,5.8,DWBZKAWTQIVZJA,O=C1Oc2ccccc2Oc2ccccc21,DWBZKAWTQIVZJA,O=C1Oc2ccccc2Oc2ccccc21,C18H17ClO5,348.076451324,347.069175324,-0.00017532399999709014,0.000548675999993975,C;Cl;H;O;,1.0,False,False,False,False,False,False,False,False,False,False,False,False,False,False,False,False,False,False,False,False,False,False,False,False,False,False,False,False,False,False,False,False,False,True,True,False,False,False,False,False,False,False,True
CCMSLIB00012718569,Dehydrocollatolic acid,M+H,Positive,1,525.212,524.205,129 Scan.mzXML,Depsidone,O=C1OC2=C(CC(CCCCC)=O)C=C(OC)C=C2OC3=C(CC4(OC(C)CCC4)OC5=O)C5=C(O)C=C31,O=C1OC2=C(CC(CCCCC)=O)C=C(OC)C=C2OC3=C(CC4(OC(C)CCC4)OC5=O)C5=C(O)C=C31,C29H32O9,525.2124,M+H,5.9,TUQFLDMBFXLONI,O=C1OC2(CCCCO2)Cc2c1ccc1c2Oc2ccccc2OC1=O,TUQFLDMBFXLONI,O=C1OC2(CCCCO2)Cc2c1ccc1c2Oc2ccccc2OC1=O,C29H32O9,524.2046326039999,525.211908604,9.13960000161751e-05,0.00036739600011514995,C;H;O;,1.0,False,False,False,False,False,False,False,False,False,False,False,False,False,False,False,False,False,False,False,False,False,False,False,False,False,False,False,False,False,False,False,False,False,False,False,False,False,False,False,False,False,False,False
CCMSLIB00012718570,Dehydroconstipatic acid or Isomuronic acid,M+H,Positive,1,367.248,366.241,130 Scan.mzXML,Paraconic acids,O=C1O[C@H](C(C(O)=O)=C1C)CCCCCCCCCCCCCC(C)=O,O=C1O[C@H](C(C(O)=O)=C1C)CCCCCCCCCCCCCC(C)=O,C21H34O5,367.2484,M+H,5.9,KYSXDEQQOVVLIN,O=C1C=CCO1,KYSXDEQQOVVLIN,O=C1C=CCO1,C21H34O5,366.24062418799997,367.24790018799996,9.981200003039703e-05,0.00037581200001568504,C;H;O;,1.0,False,True,True,False,True,False,False,False,False,False,False,False,False,False,False,False,False,False,False,False,False,False,False,False,False,False,False,False,False,False,False,False,False,True,True,False,False,False,True,True,True,True,True
CCMSLIB00012718571,4-O-Demethylbarbatic acid,M-H,Negative,-1,345.098,346.105,131 Scan.mzXML,Didepside,CC1=CC(O)=C(C)C(O)=C1C(OC2=C(C)C(O)=C(C(O)=O)C(C)=C2)=O,CC1=CC(O)=C(C)C(O)=C1C(OC2=C(C)C(O)=C(C(O)=O)C(C)=C2)=O,C18H18O7,345.0975,M-H,5.1,COUKTHZXLGYKPK,O=C(Oc1ccccc1)c1ccccc1,COUKTHZXLGYKPK,O=C(Oc1ccccc1)c1ccccc1,C18H18O7,346.1052529159999,345.09797691599994,2.3084000076778466e-05,-0.00025291599990850955,C;H;O;,1.0,False,False,False,False,False,False,False,False,False,False,False,False,False,False,False,False,False,False,False,False,False,False,False,False,False,False,False,False,False,False,False,False,False,True,True,False,False,False,False,True,True,False,True
CCMSLIB00012718572,Demethylchodatin,M-H,Negative,-1,388.939,389.947,132 Scan.mzXML,Xanthone,CC1=C(Cl)C(O)=C(Cl)C2=C1C(C3=C(O)C(Cl)=C(O)C(OC)=C3O2)=O,CC1=C(Cl)C(O)=C(Cl)C2=C1C(C3=C(O)C(Cl)=C(O)C(OC)=C3O2)=O,C15H9Cl3O6,388.9387,M-H,5.5,OBUIAOIRKBZZNB,O=c1c2ccccc2oc2ccccc12,OBUIAOIRKBZZNB,O=c1c2ccccc2oc2ccccc12,C15H9Cl3O6,389.9464710479999,388.93919504799993,-0.0001950479999095478,0.0005289520000815173,C;Cl;H;O;,1.0,False,False,False,False,False,False,False,False,False,False,False,False,False,False,False,False,False,False,False,False,False,False,False,False,False,False,False,False,False,False,False,False,False,True,True,True,False,False,False,False,False,False,True
CCMSLIB00012718573,4-O-Demethyldiffractaic acid,M-H,Negative,-1,359.113,360.121,133 Scan.mzXML,Didepside,O=C(C(C(C)=CC(O)=C1C)=C1OC)OC2=CC(C)=C(C(O)=O)C(O)=C2C,O=C(C(C(C)=CC(O)=C1C)=C1OC)OC2=CC(C)=C(C(O)=O)C(O)=C2C,C19H20O7,359.1131,M-H,5.1,LDUIGKBGAKEQFZ,O=C(Oc1ccccc1)c1ccccc1,LDUIGKBGAKEQFZ,O=C(Oc1ccccc1)c1ccccc1,C19H20O7,360.1209029799999,359.11362697999994,-0.0006269799999358838,9.70200000551813e-05,C;H;O;,1.0,False,False,False,False,False,False,False,False,False,False,False,False,False,False,False,False,False,False,False,False,False,False,False,False,False,False,False,False,False,False,False,False,False,True,True,False,False,False,False,True,True,False,True
CCMSLIB00012718574,4-O-Demethylglomellic acid,M-H,Negative,-1,457.15,458.158,134 Scan.mzXML,Didepside,OC1=C(C(CC(CCC)=O)=CC(O)=C1)C(OC2=CC(CC(CCC)=O)=C(C(O)=O)C(O)=C2)=O,OC1=C(C(CC(CCC)=O)=CC(O)=C1)C(OC2=CC(CC(CCC)=O)=C(C(O)=O)C(O)=C2)=O,C24H26O9,457.1499,M-H,5,XKZXRAVNBWFZRU,O=C(Oc1ccccc1)c1ccccc1,XKZXRAVNBWFZRU,O=C(Oc1ccccc1)c1ccccc1,C24H26O9,458.1576824119999,457.1504064119999,-0.0004064119999043214,0.0003175880001435871,C;H;O;,1.0,False,False,False,False,False,False,False,False,False,False,False,False,False,False,False,False,False,False,False,False,False,False,False,False,False,False,False,False,False,False,False,False,False,True,True,False,False,False,False,True,False,False,True
CCMSLIB00012718575,4-O-Demethylglomelliferic acid,M-H,Negative,-1,443.171,444.178,135 Scan.mzXML,Didepside,OC1=C(C(CC(CCC)=O)=CC(O)=C1)C(OC2=CC(CCCCC)=C(C(O)=O)C(O)=C2)=O,OC1=C(C(CC(CCC)=O)=CC(O)=C1)C(OC2=CC(CCCCC)=C(C(O)=O)C(O)=C2)=O,C24H28O8,443.1706,M-H,5.2,WATFGHHWWIUMHJ,O=C(Oc1ccccc1)c1ccccc1,WATFGHHWWIUMHJ,O=C(Oc1ccccc1)c1ccccc1,C24H28O8,444.1784178559999,443.1711418559999,-0.00014185599991378695,-0.00041785599989907496,C;H;O;,1.0,False,False,False,False,False,False,False,False,False,False,False,False,False,False,False,False,False,False,False,False,False,False,False,False,False,False,False,False,False,False,False,False,False,True,True,False,False,False,False,True,False,False,True
CCMSLIB00012718576,4-O-Demethylimbricaric acid,M-H,Negative,-1,401.16,402.168,136 Scan.mzXML,Didepside,OC1=C(C(CCCCC)=CC(O)=C1)C(OC2=CC(CCC)=C(C(O)=O)C(O)=C2)=O,OC1=C(C(CCCCC)=CC(O)=C1)C(OC2=CC(CCC)=C(C(O)=O)C(O)=C2)=O,C22H26O7,401.1601,M-H,5.4,PUAFRNVYQFDWKG,O=C(Oc1ccccc1)c1ccccc1,PUAFRNVYQFDWKG,O=C(Oc1ccccc1)c1ccccc1,C22H26O7,402.16785317199987,401.1605771719999,-0.0005771719998506342,0.00014682800014043096,C;H;O;,1.0,False,False,False,False,False,False,False,False,False,False,False,False,False,False,False,False,False,False,False,False,False,False,False,False,False,False,False,False,False,False,False,False,False,True,True,False,False,False,False,True,True,False,True
CCMSLIB00012718577,4-O-Demethylloxodellic acid,M-H,Negative,-1,415.139,416.147,137 Scan.mzXML,Didepside,OC1=C(C(CC(CCC)=O)=CC(O)=C1)C(OC2=CC(CCC)=C(C(O)=O)C(O)=C2)=O,OC1=C(C(CC(CCC)=O)=CC(O)=C1)C(OC2=CC(CCC)=C(C(O)=O)C(O)=C2)=O,C22H24O8,415.1393,M-H,5,NXXLFSOYYDAXLM,O=C(Oc1ccccc1)c1ccccc1,NXXLFSOYYDAXLM,O=C(Oc1ccccc1)c1ccccc1,C22H24O8,416.1471177279999,415.1398417279999,-0.0008417279998980121,-0.00011772799990694693,C;H;O;,1.0,False,False,False,False,False,False,False,False,False,False,False,False,False,False,False,False,False,False,False,False,False,False,False,False,False,False,False,False,False,False,False,False,False,True,True,False,False,False,False,True,False,False,True
CCMSLIB00012718578,4-O-Demethylmicrophyllinic acid,M-H,Negative,-1,513.213,514.22,138 Scan.mzXML,Didepside,OC1=C(C(OC2=CC(CC(CCCCC)=O)=C(C(O)=C2)C(O)=O)=O)C(CC(CCCCC)=O)=CC(O)=C1,OC1=C(C(C(OCCCCC)=C)=CC(O)=C1)C(OC2=CC(CC(CCCCC)=O)=C(C(O)=O)C(O)=C2)=O,C28H34O9,513.2125,M-H,5.5,QRUYEWIRXSISNL,O=C(Oc1ccccc1)c1ccccc1,JVXSDJKOEJVCSL,O=C(Oc1ccccc1)c1ccccc1,C28H34O9,514.2202826679999,513.2130066679998,-6.667999855380913e-06,-0.0002826679998406689,C;H;O;,1.0,False,False,False,False,False,False,False,False,False,False,False,False,False,False,False,False,False,False,False,False,False,False,False,False,False,False,False,False,False,False,False,False,False,True,True,False,False,False,False,True,False,False,True
CCMSLIB00012718579,4-O-Demethylplanaic acid,M-H,Negative,-1,457.223,458.23,139 Scan.mzXML,Didepside,O=C(C(C(CCCCC)=CC(O)=C1)=C1OC)OC2=CC(CCCCC)=C(C(O)=O)C(OC)=C2,O=C(C(C(CCCCC)=CC(O)=C1)=C1OC)OC2=CC(CCCCC)=C(C(O)=O)C(OC)=C2,C26H34O7,457.2227,M-H,5.4,ZACYDWHCNGMWPB,O=C(Oc1ccccc1)c1ccccc1,ZACYDWHCNGMWPB,O=C(Oc1ccccc1)c1ccccc1,C26H34O7,458.2304534279999,457.22317742799993,-0.0001774279999153805,-0.0004534279999006685,C;H;O;,1.0,False,False,False,False,False,False,False,False,False,False,False,False,False,False,False,False,False,False,False,False,False,False,False,False,False,False,False,False,False,False,False,False,False,True,True,False,False,False,False,True,False,False,True
CCMSLIB00012718580,3-O-Demethylscensidin,M+H,Positive,1,355.014,354.006,140 Scan.mzXML,Depsidone,O=C(C(C(C)=C(Cl)C(O)=C1)=C1O2)OC3=C2C(C)=C(Cl)C(OC)=C3,O=C(C(C(C)=C(Cl)C(O)=C1)=C1O2)OC3=C2C(C)=C(Cl)C(OC)=C3,C16H12Cl2O5,355.014,M+H,5.5,ADQHQQIXFSDQTR,O=C1Oc2ccccc2Oc2ccccc21,ADQHQQIXFSDQTR,O=C1Oc2ccccc2Oc2ccccc21,C16H12Cl2O5,354.006178844,355.01345484399997,0.0005451560000437894,-0.00017884400000411915,C;Cl;H;O;,1.0,False,False,False,False,False,False,False,False,False,False,False,False,False,False,False,False,False,False,False,False,False,False,False,False,False,False,False,False,False,False,False,False,False,True,True,False,False,False,False,False,False,False,True
CCMSLIB00012718581,4'-O-Demethylsekikaic acid,M-H,Negative,-1,403.139,404.147,141 Scan.mzXML,Didepside,OC1=C(C(CCC)=CC(OC)=C1)C(OC2=C(O)C=C(CCC)C(C(O)=O)=C2O)=O,OC1=C(C(CCC)=CC(OC)=C1)C(OC2=C(O)C=C(CCC)C(C(O)=O)=C2O)=O,C21H24O8,403.1393,M-H,5.2,PIWJSAXMICTZQD,O=C(Oc1ccccc1)c1ccccc1,PIWJSAXMICTZQD,O=C(Oc1ccccc1)c1ccccc1,C21H24O8,404.1471177279999,403.1398417279999,-0.0008417279998980121,-0.00011772799990694693,C;H;O;,1.0,False,False,False,False,False,False,False,False,False,False,False,False,False,False,False,False,False,False,False,False,False,False,False,False,False,False,False,False,False,False,False,False,False,True,True,False,False,False,False,True,False,False,True
CCMSLIB00012718582,4-O-Demethylstenosporic acid,M-H,Negative,-1,401.16,402.168,142 Scan.mzXML,Didepside,OC1=C(C(CCC)=CC(O)=C1)C(OC2=CC(CCCCC)=C(C(O)=O)C(O)=C2)=O,OC1=C(C(CCC)=CC(O)=C1)C(OC2=CC(CCCCC)=C(C(O)=O)C(O)=C2)=O,C22H26O7,401.1601,M-H,5.6,GAWIIZNUKGOBMI,O=C(Oc1ccccc1)c1ccccc1,GAWIIZNUKGOBMI,O=C(Oc1ccccc1)c1ccccc1,C22H26O7,402.16785317199987,401.1605771719999,-0.0005771719998506342,0.00014682800014043096,C;H;O;,1.0,False,False,False,False,False,False,False,False,False,False,False,False,False,False,False,False,False,False,False,False,False,False,False,False,False,False,False,False,False,False,False,False,False,True,True,False,False,False,False,True,True,False,True
CCMSLIB00012718583,4-O-Demethylsuperconfluentic acid,M-H,Negative,-1,541.28,542.288,143 Scan.mzXML,Didepside,OC1=C(C(CC(CCCCCCC)=O)=CC(O)=C1)C(OC2=CC(CCCCCCC)=C(C(O)=O)C(OC)=C2)=O,OC1=C(C(CC(CCCCCCC)=O)=CC(O)=C1)C(OC2=CC(CCCCCCC)=C(C(O)=O)C(OC)=C2)=O,C31H42O8,541.2802,M-H,6,ROVDQKWYUMFMFC,O=C(Oc1ccccc1)c1ccccc1,ROVDQKWYUMFMFC,O=C(Oc1ccccc1)c1ccccc1,C31H42O8,542.287968304,541.2806923039999,-0.0006923039999264802,3.169600006458495e-05,C;H;O;,1.0,False,False,False,False,False,False,False,False,False,False,False,False,False,False,False,False,False,False,False,False,False,False,False,False,False,False,False,False,False,False,False,False,False,True,True,False,False,False,False,True,False,False,True
CCMSLIB00012718584,Depsidellin A,M+H,Positive,1,565.28,564.272,144 Scan.mzXML,Tridepside,CCCCCC1=CC(OC(C2=C(CCC)C=C(OC)C=C2O)=O)=CC(OC(C3=C(CCC)C=C(OC)C=C3O)=O)=C1,CCCCCC1=CC(OC(C2=C(CCC)C=C(OC)C=C2O)=O)=CC(OC(C3=C(CCC)C=C(OC)C=C3O)=O)=C1,C33H40O8,565.2801,M+H,6.2,CNQDGAGAVYGQJG,O=C(Oc1cccc(OC(=O)c2ccccc2)c1)c1ccccc1,CNQDGAGAVYGQJG,O=C(Oc1cccc(OC(=O)c2ccccc2)c1)c1ccccc1,C33H40O8,564.2723182399998,565.2795942399998,0.00040576000014880265,-0.00031823999972857564,C;H;O;,1.0,False,False,False,False,False,False,False,False,False,False,False,False,False,False,False,False,False,False,False,False,False,False,False,False,False,False,False,False,False,False,False,False,False,False,False,False,False,False,False,False,False,False,False
CCMSLIB00012718585,Depsidellin B,M-H,Negative,-1,591.296,592.304,145 Scan.mzXML,Tridepside,CCCCCC1=CC(=CC(=C1)OC(=O)C2=C(C=C(C=C2O)O)CCCCC)OC(=O)C3=C(C=C(C=C3O)O)CCCCC,CCCCCC1=CC(=CC(=C1)OC(=O)C2=C(C=C(C=C2O)O)CCCCC)OC(=O)C3=C(C=C(C=C3O)O)CCCCC,C35H44O8,591.2958,M-H,7.4,VTNHTXKYXLPXSP,O=C(Oc1cccc(OC(=O)c2ccccc2)c1)c1ccccc1,VTNHTXKYXLPXSP,O=C(Oc1cccc(OC(=O)c2ccccc2)c1)c1ccccc1,C35H44O8,592.3036183679998,591.2963423679997,-0.00034236799967857223,0.00038163200019880605,C;H;O;,1.0,False,False,False,False,False,False,False,False,False,False,False,False,False,False,False,False,False,False,False,False,False,False,False,False,False,False,False,False,False,False,False,False,False,False,False,False,False,False,False,False,False,False,False
CCMSLIB00012718586,Depsidellin C,M+H,Positive,1,579.296,578.288,146 Scan.mzXML,Tridepside,CCCCCC1=CC(=CC(=C1)OC(=O)C2=C(C=C(C=C2O)OC)CCC)OC(=O)C3=C(C=C(C=C3O)O)CCCCC,CCCCCC1=CC(=CC(=C1)OC(=O)C2=C(C=C(C=C2O)OC)CCC)OC(=O)C3=C(C=C(C=C3O)O)CCCCC,C34H42O8,579.2958,M+H,6.8,FTZPLJWLJRPXNP,O=C(Oc1cccc(OC(=O)c2ccccc2)c1)c1ccccc1,FTZPLJWLJRPXNP,O=C(Oc1cccc(OC(=O)c2ccccc2)c1)c1ccccc1,C34H42O8,578.2879683039998,579.2952443039999,0.0007556960001693369,3.169600017827179e-05,C;H;O;,1.0,False,False,False,False,False,False,False,False,False,False,False,False,False,False,False,False,False,False,False,False,False,False,False,False,False,False,False,False,False,False,False,False,False,False,False,False,False,False,False,False,False,False,False
CCMSLIB00012718587,"""3beta,25-Diacetoxy-20,24-epoxydammarane-12beta-ol or Diacetylpyxinol""",M-H,Negative,-1,559.4,560.408,147 Scan.mzXML,Terpene,CC1(C)[C@@H](OC(C)=O)CC[C@@]2(C)[C@H]1CC[C@]3(C)[C@@H]2C[C@@H](O)[C@H]4[C@@]3(C)CC[C@@H]4[C@]5(C)O[C@H](C(C)(C)OC(C)=O)CC5,CC1(C)[C@@H](OC(C)=O)CC[C@@]2(C)[C@H]1CC[C@]3(C)[C@@H]2C[C@@H](O)[C@H]4[C@@]3(C)CC[C@@H]4[C@]5(C)O[C@H](C(C)(C)OC(C)=O)CC5,C34H56O6,559.3999,M-H,6.7,TWRWTOXPYGQKPW,C1CCC2C(C1)CCC1C2CCC2C(C3CCCO3)CCC21,TWRWTOXPYGQKPW,C1CCC2C(C1)CCC1C2CCC2C(C3CCCO3)CCC21,C34H56O6,560.4076895119999,559.4004135119999,-0.000413511999909133,0.0003104880000819321,C;H;O;,1.0,False,True,True,False,True,False,False,False,False,False,False,False,False,False,False,False,False,False,False,False,False,False,False,False,False,False,False,False,False,False,False,False,False,True,False,False,False,False,True,True,True,True,False
CCMSLIB00012718588,"""6alpha,16beta-Diacetoxyhopane-22-ol or Diacetylleucotylin""",M-H,Negative,-1,543.405,544.413,148 Scan.mzXML,Terpene,CC(=O)O[C@H]1C[C@@]2([C@H](CC[C@H]3[C@]2(C[C@@H]([C@@H]4[C@@]3(CCCC4(C)C)C)OC(=O)C)C)[C@@]5([C@@H]1[C@H](CC5)C(C)(C)O)C)C,CC(=O)O[C@H]1C[C@@]2([C@H](CC[C@H]3[C@]2(C[C@@H]([C@@H]4[C@@]3(CCCC4(C)C)C)OC(=O)C)C)[C@@]5([C@@H]1[C@H](CC5)C(C)(C)O)C)C,C34H56O5,543.405,M-H,6.7,RPKCITIBMZPVBD,C1CCC2C(C1)CCC1C2CCC2C3CCCC3CCC21,RPKCITIBMZPVBD,C1CCC2C(C1)CCC1C2CCC2C3CCCC3CCC21,C34H56O5,544.4127748919999,543.4054988919999,-0.0004988919998822894,0.00022510800010877574,C;H;O;,1.0,False,False,False,False,False,False,False,False,False,False,False,False,False,False,False,False,False,False,False,False,False,False,False,False,False,False,False,False,False,False,False,False,False,True,True,False,False,False,False,True,True,False,True
CCMSLIB00012718589,"""5,7-Dichloro-2,8-dihydroxy-1,3-dimethylxanthone""",M-H,Negative,-1,322.988,323.996,149 Scan.mzXML,Xanthone,CC1=C(O)C(C)=CC2=C1C(C3=C(O)C(Cl)=CC(Cl)=C3O2)=O,CC1=C(O)C(C)=CC2=C1C(C3=C(O)C(Cl)=CC(Cl)=C3O2)=O,C15H10Cl2O4,322.9878,M-H,6.2,ZKYOPYLWQOAHMC,O=c1c2ccccc2oc2ccccc12,ZKYOPYLWQOAHMC,O=c1c2ccccc2oc2ccccc12,C15H10Cl2O4,323.99561415999995,322.98833815999996,-0.00033815999995567836,0.00038584000003538677,C;Cl;H;O;,1.0,False,False,False,False,False,False,False,False,False,False,False,False,False,False,False,False,False,False,False,False,False,False,False,False,False,False,False,False,False,False,False,False,False,True,True,True,False,False,False,False,False,False,True
CCMSLIB00012718590,"""5,7-Dichloro-8-hydroxy-2-methoxy-1,3-dimethylxanthone""",M-H,Negative,-1,337.004,338.011,150 Scan.mzXML,Xanthone,CC1=C(OC)C(C)=CC2=C1C(C3=C(O)C(Cl)=CC(Cl)=C3O2)=O,CC1=C(OC)C(C)=CC2=C1C(C3=C(O)C(Cl)=CC(Cl)=C3O2)=O,C16H12Cl2O4,337.0035,M-H,6.9,QKYSZMWBPTWCDM,O=c1c2ccccc2oc2ccccc12,QKYSZMWBPTWCDM,O=c1c2ccccc2oc2ccccc12,C16H12Cl2O4,338.01126422399994,337.00398822399995,1.1776000064855907e-05,-0.0002642239999204321,C;Cl;H;O;,1.0,False,False,False,False,False,False,False,False,False,False,False,False,False,False,False,False,False,False,False,False,False,False,False,False,False,False,False,False,False,False,False,False,False,True,True,True,False,False,False,False,False,False,True
CCMSLIB00012718591,"""2,4-Dichlorolichexanthone""",M+H,Positive,1,355.014,354.006,151 Scan.mzXML,Xanthone,OC1=C(Cl)C(OC)=C(Cl)C2=C1C(C3=C(C)C=C(OC)C=C3O2)=O,OC1=C(Cl)C(OC)=C(Cl)C2=C1C(C3=C(C)C=C(OC)C=C3O2)=O,C16H12Cl2O5,355.014,M+H,6.5,ZPLILIOXZHNNLY,O=c1c2ccccc2oc2ccccc12,ZPLILIOXZHNNLY,O=c1c2ccccc2oc2ccccc12,C16H12Cl2O5,354.0061788439999,355.0134548439999,0.0005451560001006328,-0.00017884399994727573,C;Cl;H;O;,1.0,False,False,False,False,False,False,False,False,False,False,False,False,False,False,False,False,False,False,False,False,False,False,False,False,False,False,False,False,False,False,False,False,False,True,True,True,False,False,False,False,False,False,True
CCMSLIB00012718592,"""2,5-Dichlorolichexanthone""",M+H,Positive,1,355.014,354.006,152 Scan.mzXML,Xanthone,OC1=C(Cl)C(OC)=CC2=C1C(C3=C(C)C=C(OC)C(Cl)=C3O2)=O,OC1=C(Cl)C(OC)=CC2=C1C(C3=C(C)C=C(OC)C(Cl)=C3O2)=O,C16H12Cl2O5,355.014,M+H,6.2,IXVOEBPULFILGH,O=c1c2ccccc2oc2ccccc12,IXVOEBPULFILGH,O=c1c2ccccc2oc2ccccc12,C16H12Cl2O5,354.006178844,355.01345484399997,0.0005451560000437894,-0.00017884400000411915,C;Cl;H;O;,1.0,False,False,False,False,False,False,False,False,False,False,False,False,False,False,False,False,False,False,False,False,False,False,False,False,False,False,False,False,False,False,False,False,False,True,True,True,False,False,False,False,False,False,True
CCMSLIB00012718593,"""2,7-Dichlorolichexanthone""",M+H,Positive,1,355.014,354.006,153 Scan.mzXML,Xanthone,OC1=C(Cl)C(OC)=CC2=C1C(C3=C(C)C(Cl)=C(OC)C=C3O2)=O,OC1=C(Cl)C(OC)=CC2=C1C(C3=C(C)C(Cl)=C(OC)C=C3O2)=O,C16H12Cl2O5,355.014,M+H,6.3,BZFDPXMFADJRPQ,O=c1c2ccccc2oc2ccccc12,BZFDPXMFADJRPQ,O=c1c2ccccc2oc2ccccc12,C16H12Cl2O5,354.0061788439999,355.0134548439999,0.0005451560001006328,-0.00017884399994727573,C;Cl;H;O;,1.0,False,False,False,False,False,False,False,False,False,False,False,False,False,False,False,False,False,False,False,False,False,False,False,False,False,False,False,False,False,False,False,False,False,True,True,True,False,False,False,False,False,False,True
CCMSLIB00012718594,"""5,7-Dichlorolichexanthone""",M+H,Positive,1,355.014,354.006,154 Scan.mzXML,Xanthone,OC1=CC(OC)=CC2=C1C(C3=C(C)C(Cl)=C(OC)C(Cl)=C3O2)=O,OC1=CC(OC)=CC2=C1C(C3=C(C)C(Cl)=C(OC)C(Cl)=C3O2)=O,C16H12Cl2O5,355.014,M+H,6.8,QTXPPPLYLPFPRP,O=c1c2ccccc2oc2ccccc12,QTXPPPLYLPFPRP,O=c1c2ccccc2oc2ccccc12,C16H12Cl2O5,354.006178844,355.01345484399997,0.0005451560000437894,-0.00017884400000411915,C;Cl;H;O;,1.0,False,False,False,False,False,False,False,False,False,False,False,False,False,False,False,False,False,False,False,False,False,False,False,False,False,False,False,False,False,False,False,False,False,True,True,True,False,False,False,False,False,False,True
CCMSLIB00012718595,"""3,5-Dichloro-2'-O-methylanziaic acid""",M-H,Negative,-1,511.129,512.137,155 Scan.mzXML,Didepside,CCCCCC1=C(C(=CC(=C1)OC(=O)C2=C(C(=C(C(=C2O)Cl)O)Cl)CCCCC)OC)C(=O)O,CCCCCC1=C(C(=CC(=C1)OC(=O)C2=C(C(=C(C(=C2O)Cl)O)Cl)CCCCC)OC)C(=O)O,C25H30Cl2O7,511.1291,M-H,5.8,IDRJMRKONACJDM,O=C(Oc1ccccc1)c1ccccc1,IDRJMRKONACJDM,O=C(Oc1ccccc1)c1ccccc1,C25H30Cl2O7,512.1368586599999,511.1295826599999,-0.0005826599999068094,0.00014134000002741232,C;Cl;H;O;,1.0,False,False,False,False,False,False,False,False,False,False,False,False,False,False,False,False,False,False,False,False,False,False,False,False,False,False,False,False,False,False,False,False,False,True,True,False,False,False,False,False,False,False,True
CCMSLIB00012718596,"""3,5-Dichloro-2?-O-methylnorhypertolic acid""",M-H,Negative,-1,539.16,540.168,156 Scan.mzXML,Didepside,OC1=C(C(OC2=CC(CCCCCCC)=C(C(O)=O)C(OC)=C2)=O)C(CCCCC)=C(Cl)C(O)=C1Cl,OC1=C(C(OC2=CC(CCCCCCC)=C(C(O)=O)C(OC)=C2)=O)C(CCCCC)=C(Cl)C(O)=C1Cl,C27H34Cl2O7,539.1604,M-H,6.2,BPQUEBHOIAJDQO,O=C(Oc1ccccc1)c1ccccc1,BPQUEBHOIAJDQO,O=C(Oc1ccccc1)c1ccccc1,C27H34Cl2O7,540.1681587879999,539.1608827879999,-0.0008827879998989374,-0.0001587879999078723,C;Cl;H;O;,1.0,False,False,False,False,False,False,False,False,False,False,False,False,False,False,False,False,False,False,False,False,False,False,False,False,False,False,False,False,False,False,False,False,False,True,True,False,False,False,False,False,False,False,True
CCMSLIB00012718597,"""2,5-Dichloro-6-O-methylnorlichexanthone""",M-H,Negative,-1,338.983,339.991,157 Scan.mzXML,Xanthone,OC1=C(Cl)C(O)=CC2=C1C(C3=C(C)C=C(OC)C(Cl)=C3O2)=O,OC1=C(Cl)C(O)=CC2=C1C(C3=C(C)C=C(OC)C(Cl)=C3O2)=O,C15H10Cl2O5,338.9827,M-H,5.5,RYJMHKTTYOWDBW,O=c1c2ccccc2oc2ccccc12,RYJMHKTTYOWDBW,O=c1c2ccccc2oc2ccccc12,C15H10Cl2O5,339.9905287799999,338.98325277999993,-0.00025277999992567857,0.00047122000006538656,C;Cl;H;O;,1.0,False,False,False,False,False,False,False,False,False,False,False,False,False,False,False,False,False,False,False,False,False,False,False,False,False,False,False,False,False,False,False,False,False,True,True,True,False,False,False,False,False,False,True
CCMSLIB00012718598,"""2,7-Dichloro-3-O-methylnorlichexanthone or Aotearone""",M-H,Negative,-1,338.983,339.991,158 Scan.mzXML,Xanthone,OC1=C(Cl)C(OC)=CC2=C1C(C3=C(C)C(Cl)=C(O)C=C3O2)=O,OC1=C(Cl)C(OC)=CC2=C1C(C3=C(C)C(Cl)=C(O)C=C3O2)=O,C15H10Cl2O5,338.9827,M-H,5.8,FZWHLSOXJRMGEZ,O=c1c2ccccc2oc2ccccc12,FZWHLSOXJRMGEZ,O=c1c2ccccc2oc2ccccc12,C15H10Cl2O5,339.9905287799999,338.98325277999993,-0.00025277999992567857,0.00047122000006538656,C;Cl;H;O;,1.0,False,False,False,False,False,False,False,False,False,False,False,False,False,False,False,False,False,False,False,False,False,False,False,False,False,False,False,False,False,False,False,False,False,True,True,True,False,False,False,False,False,False,True
CCMSLIB00012718599,"""2,7-Dichloro-6-O-methylnorlichexanthone""",M-H,Negative,-1,338.983,339.991,159 Scan.mzXML,Xanthone,OC1=C(Cl)C(O)=CC2=C1C(C3=C(C)C(Cl)=C(OC)C=C3O2)=O,OC1=C(Cl)C(O)=CC2=C1C(C3=C(C)C(Cl)=C(OC)C=C3O2)=O,C15H10Cl2O5,338.9827,M-H,5.8,DQNKZYNOJKMZFU,O=c1c2ccccc2oc2ccccc12,DQNKZYNOJKMZFU,O=c1c2ccccc2oc2ccccc12,C15H10Cl2O5,339.9905287799999,338.98325277999993,-0.00025277999992567857,0.00047122000006538656,C;Cl;H;O;,1.0,False,False,False,False,False,False,False,False,False,False,False,False,False,False,False,False,False,False,False,False,False,False,False,False,False,False,False,False,False,False,False,False,False,True,True,True,False,False,False,False,False,False,True
CCMSLIB00012718600,"""5,7-Dichloro-3-O-methylnorlichexanthone""",M-H,Negative,-1,338.983,339.991,160 Scan.mzXML,Xanthone,OC1=CC(OC)=CC2=C1C(C3=C(C)C(Cl)=C(O)C(Cl)=C3O2)=O,OC1=CC(OC)=CC2=C1C(C3=C(C)C(Cl)=C(O)C(Cl)=C3O2)=O,C15H10Cl2O5,338.9827,M-H,5.9,TWBGIGMFAHQZFT,O=c1c2ccccc2oc2ccccc12,TWBGIGMFAHQZFT,O=c1c2ccccc2oc2ccccc12,C15H10Cl2O5,339.9905287799999,338.98325277999993,-0.00025277999992567857,0.00047122000006538656,C;Cl;H;O;,1.0,False,False,False,False,False,False,False,False,False,False,False,False,False,False,False,False,False,False,False,False,False,False,False,False,False,False,False,False,False,False,False,False,False,True,True,True,False,False,False,False,False,False,True
CCMSLIB00012718601,"""5,7-Dichloro-6-O-methylnorlichexanthone""",M-H,Negative,-1,338.983,339.991,161 Scan.mzXML,Xanthone,OC1=CC(O)=CC2=C1C(C3=C(C)C(Cl)=C(OC)C(Cl)=C3O2)=O,OC1=CC(O)=CC2=C1C(C3=C(C)C(Cl)=C(OC)C(Cl)=C3O2)=O,C15H10Cl2O5,338.9827,M-H,5.9,BZFVBZWTOQODSY,O=c1c2ccccc2oc2ccccc12,BZFVBZWTOQODSY,O=c1c2ccccc2oc2ccccc12,C15H10Cl2O5,339.9905287799999,338.98325277999993,-0.00025277999992567857,0.00047122000006538656,C;Cl;H;O;,1.0,False,False,False,False,False,False,False,False,False,False,False,False,False,False,False,False,False,False,False,False,False,False,False,False,False,False,False,False,False,False,False,False,False,True,True,True,False,False,False,False,False,False,True
CCMSLIB00012718602,"""2,4-Dichloronorlichexanthone""",M-H,Negative,-1,324.967,325.975,162 Scan.mzXML,Xanthone,OC1=C(Cl)C(O)=C(Cl)C2=C1C(C3=C(C)C=C(O)C=C3O2)=O,OC1=C(Cl)C(O)=C(Cl)C2=C1C(C3=C(C)C=C(O)C=C3O2)=O,C14H8Cl2O5,324.9671,M-H,5.2,JPFFMNSHZHZAND,O=c1c2ccccc2oc2ccccc12,JPFFMNSHZHZAND,O=c1c2ccccc2oc2ccccc12,C14H8Cl2O5,325.9748787159999,324.96760271599993,-0.0006027159999462128,0.00012128400010169571,C;Cl;H;O;,1.0,False,False,False,False,False,False,False,False,False,False,False,False,False,False,False,False,False,False,False,False,False,False,False,False,False,False,False,False,False,False,False,False,False,True,True,True,False,False,False,False,False,False,True
CCMSLIB00012718603,"""2,7-Dichloronorlichexanthone""",M-H,Negative,-1,324.967,325.975,163 Scan.mzXML,Xanthone,OC1=C(Cl)C(O)=CC2=C1C(C3=C(C)C(Cl)=C(O)C=C3O2)=O,OC1=C(Cl)C(O)=CC2=C1C(C3=C(C)C(Cl)=C(O)C=C3O2)=O,C14H8Cl2O5,324.9671,M-H,5.3,PNDZPHQVTKKLAZ,O=c1c2ccccc2oc2ccccc12,PNDZPHQVTKKLAZ,O=c1c2ccccc2oc2ccccc12,C14H8Cl2O5,325.9748787159999,324.96760271599993,-0.0006027159999462128,0.00012128400010169571,C;Cl;H;O;,1.0,False,False,False,False,False,False,False,False,False,False,False,False,False,False,False,False,False,False,False,False,False,False,False,False,False,False,False,False,False,False,False,False,False,True,True,True,False,False,False,False,False,False,True
CCMSLIB00012718604,"""4,5-Dichloronorlichexanthone""",M-H,Negative,-1,324.967,325.975,164 Scan.mzXML,Xanthone,OC1=CC(O)=C(Cl)C2=C1C(C3=C(C)C=C(O)C(Cl)=C3O2)=O,OC1=CC(O)=C(Cl)C2=C1C(C3=C(C)C=C(O)C(Cl)=C3O2)=O,C14H8Cl2O5,324.9671,M-H,5,UJRHTPRWGDSAJG,O=c1c2ccccc2oc2ccccc12,UJRHTPRWGDSAJG,O=c1c2ccccc2oc2ccccc12,C14H8Cl2O5,325.9748787159999,324.96760271599993,-0.0006027159999462128,0.00012128400010169571,C;Cl;H;O;,1.0,False,False,False,False,False,False,False,False,False,False,False,False,False,False,False,False,False,False,False,False,False,False,False,False,False,False,False,False,False,False,False,False,False,True,True,True,False,False,False,False,False,False,True
CCMSLIB00012718605,"""4,7-Dichloronorlichexanthone""",M-H,Negative,-1,324.967,325.975,165 Scan.mzXML,Xanthone,OC1=CC(O)=C(Cl)C2=C1C(C3=C(C)C(Cl)=C(O)C=C3O2)=O,OC1=CC(O)=C(Cl)C2=C1C(C3=C(C)C(Cl)=C(O)C=C3O2)=O,C14H8Cl2O5,324.9671,M-H,5.2,GIFIVBSXNYNGET,O=c1c2ccccc2oc2ccccc12,GIFIVBSXNYNGET,O=c1c2ccccc2oc2ccccc12,C14H8Cl2O5,325.9748787159999,324.96760271599993,-0.0006027159999462128,0.00012128400010169571,C;Cl;H;O;,1.0,False,False,False,False,False,False,False,False,False,False,False,False,False,False,False,False,False,False,False,False,False,False,False,False,False,False,False,False,False,False,False,False,False,True,True,True,False,False,False,False,False,False,True
CCMSLIB00012718606,Didymic acid,M+H,Positive,1,371.186,370.178,166 Scan.mzXML,Dibenzofuran,CCCCCC1=C(C(=CC2=C1C3=C(C=C(C=C3O2)OC)CCC)O)C(=O)O,CCCCCC1=C(C(=CC2=C1C3=C(C=C(C=C3O2)OC)CCC)O)C(=O)O,C22H26O5,371.1858,M+H,5.9,IDZVZCQOFFSQMO,c1ccc2c(c1)oc1ccccc12,IDZVZCQOFFSQMO,c1ccc2c(c1)oc1ccccc12,C22H26O5,370.1780239319999,371.1852999319999,0.0007000680000714965,-2.3931999919568625e-05,C;H;O;,1.0,False,True,True,False,True,False,False,False,False,False,False,False,False,False,False,False,False,False,False,False,False,False,False,False,False,False,False,False,False,False,False,False,False,True,True,False,False,False,True,True,True,True,True
CCMSLIB00012718607,Diffractaic acid,M+H,Positive,1,375.144,374.137,167 Scan.mzXML,Didepside,O=C(C(C(C)=CC(OC)=C1C)=C1OC)OC2=CC(C)=C(C(O)=O)C(O)=C2C,O=C(C(C(C)=CC(OC)=C1C)=C1OC)OC2=CC(C)=C(C(O)=O)C(O)=C2C,C20H22O7,375.1444,M+H,5.6,MIJKZXWOOXIEEU,O=C(Oc1ccccc1)c1ccccc1,MIJKZXWOOXIEEU,O=C(Oc1ccccc1)c1ccccc1,C20H22O7,374.1365530439999,375.1438290439999,0.00017095600009042755,0.00044695600007571556,C;H;O;,1.0,False,True,True,True,True,False,False,False,False,False,False,False,False,False,False,False,False,False,False,False,False,False,False,False,False,False,False,False,False,False,False,False,False,True,True,False,False,False,True,True,True,True,True
CCMSLIB00012718608,(-)-Dihydropertusaric acid,M+H,Positive,1,355.248,354.241,168 Scan.mzXML,Paraconic acids,C[C@H]1[C@@H]([C@@H](OC1=O)CCCCCCCCCCCCC(=O)C)C(=O)O,C[C@H]1[C@@H]([C@@H](OC1=O)CCCCCCCCCCCCC(=O)C)C(=O)O,C20H34O5,355.2484,M+H,5.7,GITAQGNGLWXMTE,O=C1CCCO1,GITAQGNGLWXMTE,O=C1CCCO1,C20H34O5,354.2406241879999,355.2479001879999,9.981200008724045e-05,0.00037581200007252846,C;H;O;,1.0,False,False,False,False,False,False,False,False,False,False,False,False,False,False,False,False,False,False,False,False,False,False,False,False,False,False,False,False,False,False,False,False,False,True,True,False,False,False,False,True,False,False,True
CCMSLIB00012718609,Dihydropicrolichenic acid or 2-O-Methylanziaic acid,M-H,Negative,-1,443.207,444.215,169 Scan.mzXML,Didepside,CCCCCC1=C(C(=CC(=C1)O)OC)C(=O)OC2=CC(=C(C(=C2)O)C(=O)O)CCCCC,CCCCCC1=C(C(=CC(=C1)O)OC)C(=O)OC2=CC(=C(C(=C2)O)C(=O)O)CCCCC,C25H32O7,443.207,M-H,5.5,FMCKRJSNUOIOOJ,O=C(Oc1ccccc1)c1ccccc1,FMCKRJSNUOIOOJ,O=C(Oc1ccccc1)c1ccccc1,C25H32O7,444.2148033639999,443.20752736399993,-0.0005273639999359148,0.00019663600005515036,C;H;O;,1.0,False,False,False,False,False,False,False,False,False,False,False,False,False,False,False,False,False,False,False,False,False,False,False,False,False,False,False,False,False,False,False,False,False,True,True,False,False,False,False,True,False,False,True
CCMSLIB00012718610,"""1,8-Dihydroxy-3,6-dimethoxyxanthone""",M+H,Positive,1,289.071,288.063,170 Scan.mzXML,Xanthone,OC1=C(C(C2=C(O)C=C(OC)C=C2O3)=O)C3=CC(OC)=C1,OC1=C(C(C2=C(O)C=C(OC)C=C2O3)=O)C3=CC(OC)=C1,C15H12O6,289.0712,M+H,5.9,AEUSBLWMURRGLG,O=c1c2ccccc2oc2ccccc12,AEUSBLWMURRGLG,O=c1c2ccccc2oc2ccccc12,C15H12O6,288.063388104,289.070664104,0.00033589600002414954,-0.000388104000023759,C;H;O;,1.0,False,False,False,False,False,False,False,False,False,False,False,False,False,False,False,False,False,False,False,False,False,False,False,False,False,False,False,False,False,False,False,False,False,True,True,True,False,False,False,True,True,False,True
CCMSLIB00012718611,"""5,7-Dihydroxy-6-methylphthalide""",M-H,Negative,-1,179.035,180.042,172 Scan.mzXML,Phthalide,CC1=C(C=C2COC(=O)C2=C1O)O,CC1=C(C=C2COC(=O)C2=C1O)O,C9H8O4,179.0345,M-H,4.1,KFOVHCBSJURLKO,O=C1OCc2ccccc21,KFOVHCBSJURLKO,O=C1OCc2ccccc21,C9H8O4,180.042258736,179.03498273600002,1.7263999978922584e-05,-0.00025873600000636543,C;H;O;,1.0,False,False,False,False,False,False,False,False,False,False,False,False,False,False,False,False,False,False,False,False,False,False,False,False,False,False,False,False,False,False,False,False,False,True,True,True,False,False,False,True,True,False,True
CCMSLIB00012718612,"""4,4'-Di-O-methylcryptochlorophaeic acid""",M-H,Negative,-1,487.233,488.241,173 Scan.mzXML,Didepside,O=C(C(C(CCCCC)=CC(OC)=C1)=C1OC)OC2=C(OC)C=C(CCCCC)C(C(O)=O)=C2O,O=C(C(C(CCCCC)=CC(OC)=C1)=C1OC)OC2=C(OC)C=C(CCCCC)C(C(O)=O)=C2O,C27H36O8,487.2332,M-H,5.5,JYGJXTAKUJOOGM,O=C(Oc1ccccc1)c1ccccc1,JYGJXTAKUJOOGM,O=C(Oc1ccccc1)c1ccccc1,C27H36O8,488.2410181119999,487.2337421119999,-0.000742111999898043,-1.811199990697787e-05,C;H;O;,1.0,False,False,False,False,False,False,False,False,False,False,False,False,False,False,False,False,False,False,False,False,False,False,False,False,False,False,False,False,False,False,False,False,False,True,True,False,False,False,False,True,False,False,True
CCMSLIB00012718613,"""2,2'-Di-O-methyldivaricatic acid""",M+H,Positive,1,417.191,416.184,174 Scan.mzXML,Didepside,CCCC1=C(C(O)=O)C(OC)=CC(OC(C2=C(CCC)C=C(OC)C=C2OC)=O)=C1,CCCC1=C(C(O)=O)C(OC)=CC(OC(C2=C(CCC)C=C(OC)C=C2OC)=O)=C1,C23H28O7,417.1913,M+H,5.9,CCYIULDRPMUVNR,O=C(Oc1ccccc1)c1ccccc1,CCYIULDRPMUVNR,O=C(Oc1ccccc1)c1ccccc1,C23H28O7,416.1835032359999,417.1907792359999,0.00022076400006199037,0.0004967640001041218,C;H;O;,1.0,False,False,False,False,False,False,False,False,False,False,False,False,False,False,False,False,False,False,False,False,False,False,False,False,False,False,False,False,False,False,False,False,False,True,True,False,False,False,False,True,False,False,True
CCMSLIB00012718614,"""2,4-Di-O-methylgyrophoric acid""",M+H,Positive,1,497.145,496.137,175 Scan.mzXML,Tridepside,CC1=CC(OC)=CC(OC)=C1C(OC2=CC(O)=C(C(OC3=CC(O)=C(C(O)=O)C(C)=C3)=O)C(C)=C2)=O,CC1=CC(OC)=CC(OC)=C1C(OC2=CC(O)=C(C(OC3=CC(O)=C(C(O)=O)C(C)=C3)=O)C(C)=C2)=O,C26H24O10,497.1447,M+H,5.7,KODVVMZOLYYCMV,O=C(Oc1ccc(C(=O)Oc2ccccc2)cc1)c1ccccc1,KODVVMZOLYYCMV,O=C(Oc1ccc(C(=O)Oc2ccccc2)cc1)c1ccccc1,C26H24O10,496.13694696799985,497.14422296799984,0.0007770320001441178,5.303200015305265e-05,C;H;O;,1.0,False,False,False,False,False,False,False,False,False,False,False,False,False,False,False,False,False,False,False,False,False,False,False,False,False,False,False,False,False,False,False,False,False,True,False,False,True,False,False,False,False,False,True
CCMSLIB00012718615,"""2,4-Di-O-methylhiascic acid""",M-H,Negative,-1,511.124,512.132,176 Scan.mzXML,Tridepside,CC1=C(O)C(OC)=CC(OC)=C1C(OC2=CC(O)=C(C(OC3=CC(O)=C(C(O)=O)C(C)=C3)=O)C(C)=C2)=O,CC1=C(O)C(OC)=CC(OC)=C1C(OC2=CC(O)=C(C(OC3=CC(O)=C(C(O)=O)C(C)=C3)=O)C(C)=C2)=O,C26H24O11,511.1241,M-H,5.3,FNTRLYCWIOWBHL,O=C(Oc1ccc(C(=O)Oc2ccccc2)cc1)c1ccccc1,FNTRLYCWIOWBHL,O=C(Oc1ccc(C(=O)Oc2ccccc2)cc1)c1ccccc1,C26H24O11,512.1318615879999,511.1245855879999,-0.0005855879998648561,0.0001384120000693656,C;H;O;,1.0,False,False,False,False,False,False,False,False,False,False,False,False,False,False,False,False,False,False,False,False,False,False,False,False,False,False,False,False,False,False,False,False,False,True,False,False,True,False,False,False,False,False,True
CCMSLIB00012718616,"""2,5-Di-O-methylhiascic acid""",M-H,Negative,-1,511.124,512.132,177 Scan.mzXML,Tridepside,CC1=C(OC)C(O)=CC(OC)=C1C(OC2=CC(O)=C(C(OC3=CC(O)=C(C(O)=O)C(C)=C3)=O)C(C)=C2)=O,CC1=C(OC)C(O)=CC(OC)=C1C(OC2=CC(O)=C(C(OC3=CC(O)=C(C(O)=O)C(C)=C3)=O)C(C)=C2)=O,C26H24O11,511.1241,M-H,5.2,KOCLGWPZSPKGTH,O=C(Oc1ccc(C(=O)Oc2ccccc2)cc1)c1ccccc1,KOCLGWPZSPKGTH,O=C(Oc1ccc(C(=O)Oc2ccccc2)cc1)c1ccccc1,C26H24O11,512.1318615879999,511.1245855879999,-0.0005855879998648561,0.0001384120000693656,C;H;O;,1.0,False,False,False,False,False,False,False,False,False,False,False,False,False,False,False,False,False,False,False,False,False,False,False,False,False,False,False,False,False,False,False,False,False,True,False,False,True,False,False,False,False,False,True
CCMSLIB00012718617,"""4,5-Di-O-methylhiascic acid""",M-H,Negative,-1,511.124,512.132,178 Scan.mzXML,Tridepside,CC1=C(OC)C(OC)=CC(O)=C1C(OC2=CC(O)=C(C(OC3=CC(O)=C(C(O)=O)C(C)=C3)=O)C(C)=C2)=O,CC1=C(OC)C(OC)=CC(O)=C1C(OC2=CC(O)=C(C(OC3=CC(O)=C(C(O)=O)C(C)=C3)=O)C(C)=C2)=O,C26H24O11,511.1241,M-H,5.7,JJGJURLQFWNLSP,O=C(Oc1ccc(C(=O)Oc2ccccc2)cc1)c1ccccc1,JJGJURLQFWNLSP,O=C(Oc1ccc(C(=O)Oc2ccccc2)cc1)c1ccccc1,C26H24O11,512.1318615879999,511.1245855879999,-0.0005855879998648561,0.0001384120000693656,C;H;O;,1.0,False,False,False,False,False,False,False,False,False,False,False,False,False,False,False,False,False,False,False,False,False,False,False,False,False,False,False,False,False,False,False,False,False,True,False,False,True,False,False,False,False,False,True
CCMSLIB00012718618,"""2,2'-Di-O-methylimbricaric acid""",M-H,Negative,-1,443.207,444.215,179 Scan.mzXML,Didepside,CCCCCC1=C(C(OC2=CC(CCC)=C(C(O)=O)C(OC)=C2)=O)C(OC)=CC(OC)=C1,CCCCCC1=C(C(OC2=CC(CCC)=C(C(O)=O)C(OC)=C2)=O)C(OC)=CC(OC)=C1,C25H32O7,443.207,M-H,5.7,DFARAUPKJWGCDA,O=C(Oc1ccccc1)c1ccccc1,DFARAUPKJWGCDA,O=C(Oc1ccccc1)c1ccccc1,C25H32O7,444.2148033639999,443.20752736399993,-0.0005273639999359148,0.00019663600005515036,C;H;O;,1.0,False,False,False,False,False,False,False,False,False,False,False,False,False,False,False,False,False,False,False,False,False,False,False,False,False,False,False,False,False,False,False,False,False,True,True,False,False,False,False,True,False,False,True
CCMSLIB00012718619,"""2,4'-Di-O-methylnorsekikaic acid""",M-H,Negative,-1,417.155,418.163,180 Scan.mzXML,Didepside,O=C(C(C(CCC)=CC(O)=C1)=C1OC)OC2=C(OC)C=C(CCC)C(C(O)=O)=C2O,O=C(C(C(CCC)=CC(O)=C1)=C1OC)OC2=C(OC)C=C(CCC)C(C(O)=O)=C2O,C22H26O8,417.155,M-H,5.2,PMTPDCTYVRVNCB,O=C(Oc1ccccc1)c1ccccc1,PMTPDCTYVRVNCB,O=C(Oc1ccccc1)c1ccccc1,C22H26O8,418.16276779199995,417.15549179199996,-0.0004917919999911646,0.0002322080000567439,C;H;O;,1.0,False,False,False,False,False,False,False,False,False,False,False,False,False,False,False,False,False,False,False,False,False,False,False,False,False,False,False,False,False,False,False,False,False,True,True,False,False,False,False,True,True,False,True
CCMSLIB00012718620,"""6alpha,9alpha-Di-O-methylsalazinic acid""",M-H,Negative,-1,415.066,416.074,181 Scan.mzXML,Depsidone,OC(C=C1C)=C(C(OC2=C(O3)C(COC)=C(C4=C2C(OC4=O)OC)O)=C1C3=O)C=O,OC(C=C1C)=C(C(OC2=C(O3)C(COC)=C(C4=C2C(OC4=O)OC)O)=C1C3=O)C=O,C20H16O10,415.0665,M-H,5.1,YGOCVVFLRYCJJL,O=C1Oc2ccc3c(c2Oc2ccccc21)COC3=O,YGOCVVFLRYCJJL,O=C1Oc2ccc3c(c2Oc2ccccc21)COC3=O,C20H16O10,416.07434671199985,415.06707071199986,-0.001070711999886953,-0.00034671199983904444,C;H;O;,1.0,False,False,False,False,False,False,False,False,False,False,False,False,False,False,False,False,False,False,False,False,False,False,False,False,False,False,False,False,False,False,False,False,False,True,True,False,False,False,False,True,False,False,True
CCMSLIB00012718621,"""2,2'-Di-O-methylstenosporic acid""",M+H,Positive,1,445.223,444.215,182 Scan.mzXML,Didepside,O=C(C1=C(CCC)C=C(OC)C=C1OC)OC2=CC(CCCCC)=C(C(O)=O)C(OC)=C2,O=C(C1=C(CCC)C=C(OC)C=C1OC)OC2=CC(CCCCC)=C(C(O)=O)C(OC)=C2,C25H32O7,445.2226,M+H,5.7,SBQMZLOWZMZLQG,O=C(Oc1ccccc1)c1ccccc1,SBQMZLOWZMZLQG,O=C(Oc1ccccc1)c1ccccc1,C25H32O7,444.2148033639999,445.2220793639999,0.0009206360001030589,0.00019663600005515036,C;H;O;,1.0,False,False,False,False,False,False,False,False,False,False,False,False,False,False,False,False,False,False,False,False,False,False,False,False,False,False,False,False,False,False,False,False,False,True,True,False,False,False,False,True,False,False,True
CCMSLIB00012718622,"""2',2""""-Di-O-methyltenuiorin""",M-H,Negative,-1,523.16,524.168,183 Scan.mzXML,Tridepside,CC1=CC(OC)=CC(O)=C1C(OC2=CC(OC)=C(C(OC3=CC(OC)=C(C(OC)=O)C(C)=C3)=O)C(C)=C2)=O,CC1=CC(OC)=CC(O)=C1C(OC2=CC(OC)=C(C(OC3=CC(OC)=C(C(OC)=O)C(C)=C3)=O)C(C)=C2)=O,C28H28O10,523.1604,M-H,5.5,CLEHMTXTAFHJOE,O=C(Oc1ccc(C(=O)Oc2ccccc2)cc1)c1ccccc1,CLEHMTXTAFHJOE,O=C(Oc1ccc(C(=O)Oc2ccccc2)cc1)c1ccccc1,C28H28O10,524.1682470959998,523.1609710959998,-0.0009710959998301405,-0.0002470959998390754,C;H;O;,1.0,False,False,False,False,False,False,False,False,False,False,False,False,False,False,False,False,False,False,False,False,False,False,False,False,False,False,False,False,False,False,False,False,False,True,False,False,True,False,False,False,False,False,True
CCMSLIB00012718623,"""3,6-Di-O-methylthiophanic acid""",M-H,Negative,-1,420.92,421.928,184 Scan.mzXML,Xanthone,CC1=C2C(OC3=C(Cl)C(OC)=C(Cl)C(O)=C3C2=O)=C(Cl)C(OC)=C1Cl,CC1=C2C(OC3=C(Cl)C(OC)=C(Cl)C(O)=C3C2=O)=C(Cl)C(OC)=C1Cl,C16H10Cl4O5,420.9204,M-H,6.7,KCAJTYWZOXXPQF,O=c1c2ccccc2oc2ccccc12,KCAJTYWZOXXPQF,O=c1c2ccccc2oc2ccccc12,C16H10Cl4O5,421.9282341399999,420.9209581399999,-0.0009581399999092355,-0.00023413999991817036,C;Cl;H;O;,1.0,False,False,False,False,False,False,False,False,False,False,False,False,False,False,False,False,False,False,False,False,False,False,False,False,False,False,False,False,False,False,False,False,False,True,True,True,False,False,False,False,False,False,True
CCMSLIB00012718624,Dioxocondidymic acid,M+H,Positive,1,427.176,426.168,185 Scan.mzXML,Dibenzofuran,OC(C1=C2C[C@@](CCC)(O)OC1=O)=CC3=C2C4=C(CC(CCC)=O)C=C(OC)C=C4O3,OC(C1=C2C[C@@](CCC)(O)OC1=O)=CC3=C2C4=C(CC(CCC)=O)C=C(OC)C=C4O3,C24H26O7,427.1757,M+H,5.5,NHOBDCLWIZSBIJ,O=C1OCCc2c1ccc1oc3ccccc3c21,NHOBDCLWIZSBIJ,O=C1OCCc2c1ccc1oc3ccccc3c21,C24H26O7,426.1678531719999,427.1751291719999,0.0008708280000746527,0.00014682800008358754,C;H;O;,1.0,False,False,False,False,False,False,False,False,False,False,False,False,False,False,False,False,False,False,False,False,False,False,False,False,False,False,False,False,False,False,False,False,False,False,False,False,False,False,False,True,False,False,False
CCMSLIB00012718625,Dioxodidymic acid,M-H,Negative,-1,397.129,398.137,186 Scan.mzXML,Dibenzofuran,OC(C1=C2C[C@@](CCC)(O)OC1=O)=CC3=C2C4=C(CC(C)=O)C=C(OC)C=C4O3,OC(C1=C2C[C@@](CCC)(O)OC1=O)=CC3=C2C4=C(CC(C)=O)C=C(OC)C=C4O3,C22H22O7,397.1288,M-H,5.1,DGHNINYHFSEJTI,O=C1OCCc2c1ccc1oc3ccccc3c21,DGHNINYHFSEJTI,O=C1OCCc2c1ccc1oc3ccccc3c21,C22H22O7,398.1365530439999,397.12927704399993,-0.00027704399991534956,0.00044695600007571556,C;H;O;,1.0,False,False,False,False,False,False,False,False,False,False,False,False,False,False,False,False,False,False,False,False,False,False,False,False,False,False,False,False,False,False,False,False,False,False,False,False,False,False,False,True,False,False,False
CCMSLIB00012718626,Diploicin,M-H,Negative,-1,420.92,421.928,187 Scan.mzXML,Depsidone,CC1=C2C(=C(C(=C1Cl)O)Cl)OC3=C(C(=C(C(=C3OC2=O)Cl)OC)Cl)C,CC1=C2C(=C(C(=C1Cl)O)Cl)OC3=C(C(=C(C(=C3OC2=O)Cl)OC)Cl)C,C16H10Cl4O5,420.9204,M-H,6.1,AXZCNBVMHHTPKA,O=C1Oc2ccccc2Oc2ccccc21,AXZCNBVMHHTPKA,O=C1Oc2ccccc2Oc2ccccc21,C16H10Cl4O5,421.9282341399999,420.9209581399999,-0.0009581399999092355,-0.00023413999991817036,C;Cl;H;O;,1.0,False,False,False,False,False,False,False,False,False,False,False,False,False,False,False,False,False,False,False,False,False,False,False,False,False,False,False,False,False,False,False,False,False,True,True,False,False,False,False,False,False,False,True
CCMSLIB00012718627,Diploschistesic acid,M-H,Negative,-1,333.061,334.069,188 Scan.mzXML,Didepside,CC1=CC(=CC(=C1C(=O)O)O)OC(=O)C2=C(C(=C(C=C2C)O)O)O,CC1=CC(=CC(=C1C(=O)O)O)OC(=O)C2=C(C(=C(C=C2C)O)O)O,C16H14O8,333.0611,M-H,4.5,UPYXFRYWDWLGRX,O=C(Oc1ccccc1)c1ccccc1,UPYXFRYWDWLGRX,O=C(Oc1ccccc1)c1ccccc1,C16H14O8,334.06886740799996,333.06159140799997,-0.0005914079999911337,0.00013259200005677485,C;H;O;,1.0,False,False,False,False,False,False,False,False,False,False,False,False,False,False,False,False,False,False,False,False,False,False,False,False,False,False,False,False,False,False,False,False,False,True,True,False,False,False,False,True,False,False,True
CCMSLIB00012718628,Divaricatic acid,M-H,Negative,-1,387.144,388.152,189 Scan.mzXML,Didepside,CCCC1=C(C(=CC(=C1)OC)O)C(=O)OC2=CC(=C(C(=C2)O)C(=O)O)CCC,CCCC1=C(C(=CC(=C1)OC)O)C(=O)OC2=CC(=C(C(=C2)O)C(=O)O)CCC,C21H24O7,387.1444,M-H,5.8,FSRDIJIAQPSMMR,O=C(Oc1ccccc1)c1ccccc1,FSRDIJIAQPSMMR,O=C(Oc1ccccc1)c1ccccc1,C21H24O7,388.1522031079999,387.14492710799993,-0.0009271079999280118,-0.00020310799993694673,C;H;O;,1.0,False,False,False,False,False,False,False,False,False,False,False,False,False,False,False,False,False,False,False,False,False,False,False,False,False,False,False,False,False,False,False,False,False,True,True,False,False,False,False,True,False,False,True
CCMSLIB00012718629,Divaronic acid,M-H,Negative,-1,385.129,386.137,190 Scan.mzXML,Depsidone,O=C1C2=C(CCC)C=C(OC)C=C2OC(C(CCC)=C(C(O)=O)C(O)=C3)=C3O1,O=C1C2=C(CCC)C=C(OC)C=C2OC(C(CCC)=C(C(O)=O)C(O)=C3)=C3O1,C21H22O7,385.1288,M-H,6.2,LWVHZHJOXWPWHN,O=C1Oc2ccccc2Oc2ccccc21,LWVHZHJOXWPWHN,O=C1Oc2ccccc2Oc2ccccc21,C21H22O7,386.13655304399987,385.1292770439999,-0.00027704399985850614,0.000446956000132559,C;H;O;,1.0,False,False,False,False,False,False,False,False,False,False,False,False,False,False,False,False,False,False,False,False,False,False,False,False,False,False,False,False,False,False,False,False,False,True,True,False,False,False,False,True,False,False,True
CCMSLIB00012718630,Echinocarpic acid,M-H,Negative,-1,389.087,390.095,191 Scan.mzXML,Benzyldepside,O=C(C1=C(O)C(C)=C(O)C=C1C)OCC2=C(O)C(C(OC3O)=O)=C3C=C2OC,O=C(C1=C(O)C(C)=C(O)C=C1C)OCC2=C(O)C(C(OC3O)=O)=C3C=C2OC,C19H18O9,389.0873,M-H,4.9,IDYHKRQBCCKKSO,O=C(OCc1ccc2c(c1)C(=O)OC2)c1ccccc1,IDYHKRQBCCKKSO,O=C(OCc1ccc2c(c1)C(=O)OC2)c1ccccc1,C19H18O9,390.09508215599993,389.08780615599994,-0.0008061559999532619,-8.215599990535338e-05,C;H;O;,1.0,False,False,False,False,False,False,False,False,False,False,False,False,False,False,False,False,False,False,False,False,False,False,False,False,False,False,False,False,False,False,False,False,False,False,False,False,False,False,False,True,False,False,False
CCMSLIB00012718631,Elatinic acid,M-H,Negative,-1,403.103,404.111,192 Scan.mzXML,Didepside,CC1=C(C(OC2=C(C)C(O)=C(C(OC)=O)C(C)=C2)=O)C(O)=C(C(O)=O)C(OC)=C1,CC1=C(C(OC2=C(C)C(O)=C(C(OC)=O)C(C)=C2)=O)C(O)=C(C(O)=O)C(OC)=C1,C20H20O9,403.1029,M-H,5.6,KUGJNJIBROAICE,O=C(Oc1ccccc1)c1ccccc1,KUGJNJIBROAICE,O=C(Oc1ccccc1)c1ccccc1,C20H20O9,404.11073221999993,403.10345621999994,-0.00045621999993272766,0.00026778000005833746,C;H;O;,1.0,False,False,False,False,False,False,False,False,False,False,False,False,False,False,False,False,False,False,False,False,False,False,False,False,False,False,False,False,False,False,False,False,False,True,True,False,False,False,False,True,False,False,True
CCMSLIB00012718632,Emodin,M-H,Negative,-1,269.045,270.053,193 Scan.mzXML,Quinone,CC1=CC2=C(C(=C1)O)C(=O)C3=C(C2=O)C=C(C=C3O)O,CC1=CC2=C(C(=C1)O)C(=O)C3=C(C2=O)C=C(C=C3O)O,C15H10O5,269.045,M-H,5.4,RHMXXJGYXNZAPX,O=C1c2ccccc2C(=O)c2ccccc21,RHMXXJGYXNZAPX,O=C1c2ccccc2C(=O)c2ccccc21,C15H10O5,270.05282342,269.04554742,-0.0005474199999753182,0.00017658000001574692,C;H;O;,1.0,False,True,True,True,True,False,False,True,True,True,False,False,True,True,False,True,False,False,False,False,False,False,False,False,False,False,False,False,False,False,True,False,False,True,True,True,False,False,True,True,True,True,True
CCMSLIB00012718633,Epanorin,M+H,Positive,1,436.176,435.168,194 Scan.mzXML,Pulvinic Acid Derivatives,CC(C)C[C@@H](C(OC)=O)NC(/C(C1=CC=CC=C1)=C2OC(C(C3=CC=CC=C3)=C/2O)=O)=O,CC(C)C[C@@H](C(OC)=O)NC(/C(C1=CC=CC=C1)=C2OC(C(C3=CC=CC=C3)=C/2O)=O)=O,C25H25NO6,436.176,M+H,6.2,IBSRGCBHIASQMQ,O=C1OC(=Cc2ccccc2)C=C1c1ccccc1,IBSRGCBHIASQMQ,O=C1OC(=Cc2ccccc2)C=C1c1ccccc1,C25H25NO6,435.16818751999995,436.17546351999994,0.0005364800000506875,-0.0001875199999403776,C;H;N;O;,1.0,False,True,True,False,True,False,False,False,False,False,False,False,False,False,False,False,False,False,False,False,False,False,False,False,False,False,False,False,False,False,False,False,False,True,False,False,False,False,True,True,True,True,False
CCMSLIB00012718634,Epiphorellic acid 1,M-H,Negative,-1,473.218,474.225,195 Scan.mzXML,Diphenylether,CCCCCC1=C(C(=CC(=C1)O)OC2=C(C=C(C(=C2CCCCC)C(=O)O)O)OC)C(=O)OC,CCCCCC1=C(C(=CC(=C1)O)OC2=C(C=C(C(=C2CCCCC)C(=O)O)O)OC)C(=O)OC,C26H34O8,473.2176,M-H,5.5,FVGIGMWEANQQSW,c1ccc(Oc2ccccc2)cc1,FVGIGMWEANQQSW,c1ccc(Oc2ccccc2)cc1,C26H34O8,474.22536804799984,473.21809204799985,-9.204799982853729e-05,-0.0003680479998138253,C;H;O;,1.0,False,False,False,False,False,False,False,False,False,False,False,False,False,False,False,False,False,False,False,False,False,False,False,False,False,False,False,False,False,False,False,False,False,True,True,True,False,False,False,True,False,False,True
CCMSLIB00012718635,Epiphorellic acid 2,M-H,Negative,-1,487.197,488.205,196 Scan.mzXML,Diphenylether,CCCCCC1=C(C(=CC(=C1OC2=CC(=CC(=C2C(=O)OC)CCC(=O)CC)O)OC)O)C(=O)O,CCCCCC1=C(C(=CC(=C1OC2=CC(=CC(=C2C(=O)OC)CCC(=O)CC)O)OC)O)C(=O)O,C26H32O9,487.1968,M-H,5.1,SGQNLWJQSWFWLJ,c1ccc(Oc2ccccc2)cc1,SGQNLWJQSWFWLJ,c1ccc(Oc2ccccc2)cc1,C26H32O9,488.2046326039998,487.1973566039998,-0.00035660399981907176,0.00036739600017199336,C;H;O;,1.0,False,False,False,False,False,False,False,False,False,False,False,False,False,False,False,False,False,False,False,False,False,False,False,False,False,False,False,False,False,False,False,False,False,True,True,True,False,False,False,True,False,False,True
CCMSLIB00012718636,Epiphorellic acid 3,M+H,Positive,1,447.202,446.194,197 Scan.mzXML,Diphenylether,CCCC1=C(C(OC)=O)C(OC2=C(OC)C=C(O)C(C(O)=O)=C2CCCCC)=CC(O)=C1,CCCC1=C(C(OC)=O)C(OC2=C(OC)C=C(O)C(C(O)=O)=C2CCCCC)=CC(O)=C1,C24H30O8,447.2019,M+H,5.4,FRPPQYVAQHOWFB,c1ccc(Oc2ccccc2)cc1,FRPPQYVAQHOWFB,c1ccc(Oc2ccccc2)cc1,C24H30O8,446.19406791999995,447.20134391999994,0.000656080000055681,-6.791999993538411e-05,C;H;O;,1.0,False,False,False,False,False,False,False,False,False,False,False,False,False,False,False,False,False,False,False,False,False,False,False,False,False,False,False,False,False,False,False,False,False,True,True,True,False,False,False,True,False,False,True
CCMSLIB00012718637,"""20,24-Epoxydammarane-3beta,12beta,25-triol or Pyxinol""",M+H,Positive,1,477.394,476.387,198 Scan.mzXML,Terpene,C[C@]1([C@H](CC[C@]2([C@H]1CC[C@@]3([C@@H]2C[C@H]([C@H]4[C@]3(CC[C@@H]4[C@@]5(O[C@@H](CC5)C(O)(C)C)C)C)O)C)C)O)C,C[C@]1([C@H](CC[C@]2([C@H]1CC[C@@]3([C@@H]2C[C@H]([C@H]4[C@]3(CC[C@@H]4[C@@]5(O[C@@H](CC5)C(O)(C)C)C)C)O)C)C)O)C,C30H52O4,477.3944,M+H,7.2,DOAJFZJEGHSYOI,C1CCC2C(C1)CCC1C2CCC2C(C3CCCO3)CCC21,DOAJFZJEGHSYOI,C1CCC2C(C1)CCC1C2CCC2C(C3CCCO3)CCC21,C30H52O4,476.38656014399993,477.3938361439999,0.00016385600008561596,0.000439856000070904,C;H;O;,1.0,False,False,False,False,False,False,False,False,False,False,False,False,False,False,False,False,False,False,False,False,False,False,False,False,False,False,False,False,False,False,False,False,False,True,False,False,False,False,False,True,False,False,False
CCMSLIB00012718638,Ergochrome AB or Secalonic acid C,M+H,Positive,1,639.171,638.164,199 Scan.mzXML,Bisxanthone,C[C@@H]1CC(=O)C2=C(C3=C(C=CC(=C3O)C4=C(C5=C(C=C4)O[C@]6([C@H]([C@H](CC(=O)C6=C5O)C)O)C(=O)OC)O)O[C@@]2([C@H]1O)C(=O)OC)O,C[C@@H]1CC(=O)C2=C(C3=C(C=CC(=C3O)C4=C(C5=C(C=C4)O[C@]6([C@H]([C@H](CC(=O)C6=C5O)C)O)C(=O)OC)O)O[C@@]2([C@H]1O)C(=O)OC)O,C32H30O14,639.1714,M+H,5.2,NFZJAYYORNVZNI,O=C1CCCC2Oc3ccc(-c4ccc5c(c4)C=C4C(=O)CCCC4O5)cc3C=C12,NFZJAYYORNVZNI,O=C1CCCC2Oc3ccc(-c4ccc5c(c4)C=C4C(=O)CCCC4O5)cc3C=C12,C32H30O14,638.16355564,639.1708316400001,0.00016835999997510953,0.00044435999996039754,C;H;O;,1.0,False,True,True,False,True,False,False,False,False,False,False,False,False,False,False,False,False,False,False,False,False,False,False,False,False,False,False,False,False,False,False,False,False,True,False,False,False,False,True,True,True,True,False
CCMSLIB00012718639,Ergochrome BB or Secalonic acid B,M+H,Positive,1,639.171,638.164,200 Scan.mzXML,Bisxanthone,C[C@H]1CC(=O)C2=C(C3=C(C=CC(=C3O)C4=C(C5=C(C=C4)O[C@]6([C@H]([C@H](CC(=O)C6=C5O)C)O)C(=O)OC)O)O[C@]2([C@H]1O)C(=O)OC)O,C[C@H]1CC(=O)C2=C(C3=C(C=CC(=C3O)C4=C(C5=C(C=C4)O[C@]6([C@H]([C@H](CC(=O)C6=C5O)C)O)C(=O)OC)O)O[C@]2([C@H]1O)C(=O)OC)O,C32H30O14,639.1714,M+H,5.1,NFZJAYYORNVZNI,O=C1CCCC2Oc3ccc(-c4ccc5c(c4)C=C4C(=O)CCCC4O5)cc3C=C12,NFZJAYYORNVZNI,O=C1CCCC2Oc3ccc(-c4ccc5c(c4)C=C4C(=O)CCCC4O5)cc3C=C12,C32H30O14,638.16355564,639.1708316400001,0.00016835999997510953,0.00044435999996039754,C;H;O;,1.0,False,True,True,False,True,False,False,False,False,False,False,False,False,False,False,False,False,False,False,False,False,False,False,False,False,False,False,False,False,False,False,False,False,True,False,False,False,False,True,True,True,True,False
CCMSLIB00012718640,Ergosterol,M-H,Negative,-1,395.331,396.339,201 Scan.mzXML,Terpene,C[C@H](/C=C/[C@H](C)C(C)C)[C@H]1CC[C@@H]2[C@@]1(CC[C@H]3C2=CC=C4[C@@]3(CC[C@@H](C4)O)C)C,C[C@H](/C=C/[C@H](C)C(C)C)[C@H]1CC[C@@H]2[C@@]1(CC[C@H]3C2=CC=C4[C@@]3(CC[C@@H](C4)O)C)C,C28H44O,395.3314,M-H,8,DNVPQKQSNYMLRS,C1=C2CCCCC2C2CCC3CCCC3C2=C1,DNVPQKQSNYMLRS,C1=C2CCCCC2C2CCC3CCCC3C2=C1,C28H44O,396.33921602799995,395.33194002799996,-0.0009400279999454142,-0.00021602799995434907,C;H;O;,1.0,False,True,True,False,True,False,False,True,True,True,False,False,True,False,False,False,False,False,False,False,False,False,False,False,False,False,False,False,False,False,False,False,False,True,True,False,False,False,True,True,True,True,True
CCMSLIB00012718641,Ergosterol peroxide,M+H,Positive,1,429.337,428.329,202 Scan.mzXML,Terpene,C[C@H](/C=C/[C@H](C)C(C)C)[C@H]1CC[C@@H]2[C@@]1(CC[C@H]3[C@]24C=C[C@@]5([C@@]3(CC[C@@H](C5)O)C)OO4)C,C[C@H](/C=C/[C@H](C)C(C)C)[C@H]1CC[C@@H]2[C@@]1(CC[C@H]3[C@]24C=C[C@@]5([C@@]3(CC[C@@H](C5)O)C)OO4)C,C28H44O3,429.3368,M+H,7.8,VXOZCESVZIRHCJ,C1=CC23OOC14CCCCC4C2CCC1CCCC13,VXOZCESVZIRHCJ,C1=CC23OOC14CCCCC4C2CCC1CCCC13,C28H44O3,428.3290452679999,429.3363212679999,0.0006787320000967156,-4.5267999894349487e-05,C;H;O;,1.0,False,True,True,False,True,False,False,False,False,False,False,False,True,True,False,False,False,False,False,False,False,False,False,False,False,False,False,False,False,False,False,False,False,True,False,False,False,False,True,True,True,True,False
CCMSLIB00012718642,Eriodermin,M-H,Negative,-1,380.993,382.001,203 Scan.mzXML,Depsidone,CC1=C2C(=C(C(=C1Cl)O)C=O)OC3=C(C(=C(C=C3OC2=O)OC)Cl)C,CC1=C2C(=C(C(=C1Cl)O)C=O)OC3=C(C(=C(C=C3OC2=O)OC)Cl)C,C17H12Cl2O6,380.9933,M-H,6.2,HZFIZEFIKOIHGY,O=C1Oc2ccccc2Oc2ccccc21,HZFIZEFIKOIHGY,O=C1Oc2ccccc2Oc2ccccc21,C17H12Cl2O6,382.00109346399995,380.99381746399996,-0.0008174639999651845,-9.346399997411936e-05,C;Cl;H;O;,1.0,False,False,False,False,False,False,False,False,False,False,False,False,False,False,False,False,False,False,False,False,False,False,False,False,False,False,False,False,False,False,False,False,False,True,True,False,False,False,False,False,False,False,True
CCMSLIB00012718643,Ethyl orsellinate,M+H,Positive,1,197.081,196.074,204 Scan.mzXML,Cleavage Products of Depsides and Depsidones,CCOC(=O)C1=C(C=C(C=C1C)O)O,CCOC(=O)C1=C(C=C(C=C1C)O)O,C10H12O4,197.0814,M+H,5.2,UQSRXQMIXSZGLA,c1ccccc1,UQSRXQMIXSZGLA,c1ccccc1,C10H12O4,196.073558864,197.080834864,0.00016513599999257167,0.0004411360000062814,C;H;O;,1.0,False,True,True,False,True,False,False,False,False,False,False,False,True,False,False,False,False,False,False,False,False,False,False,False,False,False,False,False,False,False,False,False,False,True,True,True,False,False,True,True,True,True,True
CCMSLIB00012718644,Eumitrin A1,M+H,Positive,1,681.182,680.174,205 Scan.mzXML,Bisxanthone,OC1=C(C2=O)C(C(OC(C)=O)CC1)(C(OC)=O)OC3=C2C(O)=CC(C)=C3C4=C(O)C(C(C5=C(O)CC(C)C(O)C5(C(OC)=O)O6)=O)=C6C=C4,OC1=C(C2=O)C(C(OC(C)=O)CC1)(C(OC)=O)OC3=C2C(O)=CC(C)=C3C4=C(O)C(C(C5=C(O)CC(C)C(O)C5(C(OC)=O)O6)=O)=C6C=C4,C32H32O15,681.1819,M+H,5.8,FLZCWPFUCCAXPK,O=C1C2=CCCCC2Oc2ccc(-c3cccc4c3OC3CCCC=C3C4=O)cc21,FLZCWPFUCCAXPK,O=C1C2=CCCCC2Oc2ccc(-c3cccc4c3OC3CCCC=C3C4=O)cc21,C34H32O15,680.174120324,681.181396324,0.0006036759999688002,-0.00012032400002226495,C;H;O;,1.0,False,False,False,False,False,False,False,False,False,False,False,False,False,False,False,False,False,False,False,False,False,False,False,False,False,False,False,False,False,False,False,False,False,False,False,False,False,False,False,False,False,False,False
CCMSLIB00012718645,Euplectin,M-H,Negative,-1,293.045,294.053,206 Scan.mzXML,Naphthopyrone,CC1=CC(=O)C2=C(O1)C3=C(C4=C(C=CC4=O)C=C3C=C2O)O,CC1=CC(=O)C2=C(O1)C3=C(C4=C(C=CC4=O)C=C3C=C2O)O,C17H10O5,293.045,M-H,5.5,YMHHRZDSHVZLHL,O=C1C=Cc2cc3ccc4c(=O)ccoc4c3cc21,YMHHRZDSHVZLHL,O=C1C=Cc2cc3ccc4c(=O)ccoc4c3cc21,C17H10O5,294.05282342,293.04554742,-0.0005474199999753182,0.00017658000001574692,C;H;O;,1.0,False,False,False,False,False,False,False,False,False,False,False,False,False,False,False,False,False,False,False,False,False,False,False,False,False,False,False,False,False,False,False,False,False,False,False,False,False,False,False,False,False,False,False
CCMSLIB00012718646,Evernic acid,M-H,Negative,-1,331.082,332.09,207 Scan.mzXML,Didepside,CC1=CC(=CC(=C1C(=O)OC2=CC(=C(C(=C2)C)C(=O)O)O)O)OC,CC1=CC(=CC(=C1C(=O)OC2=CC(=C(C(=C2)C)C(=O)O)O)O)OC,C17H16O7,331.0818,M-H,5.5,GODLCSLPZIBRMG,O=C(Oc1ccccc1)c1ccccc1,GODLCSLPZIBRMG,O=C(Oc1ccccc1)c1ccccc1,C17H16O7,332.0896028519999,331.08232685199994,-0.0003268519999437558,0.0003971480000473093,C;H;O;,1.0,False,False,False,False,False,False,False,False,False,False,False,False,False,False,False,False,False,False,False,False,False,False,False,False,False,False,False,False,False,False,False,False,False,True,True,False,False,False,False,True,False,False,True
CCMSLIB00012718647,Everninic acid,M-H,Negative,-1,181.05,182.058,208 Scan.mzXML,Cleavage Products of Depsides and Depsidones,CC1=CC(=CC(=C1C(=O)O)O)OC,CC1=CC(=CC(=C1C(=O)O)O)OC,C9H10O4,181.0501,M-H,4.6,QUCZMUVAQHIOID,c1ccccc1,QUCZMUVAQHIOID,c1ccccc1,C9H10O4,182.0579088,181.05063280000002,-0.000632800000005318,9.119999998574713e-05,C;H;O;,1.0,False,True,True,True,True,False,False,False,False,False,False,False,False,False,False,False,False,False,False,False,False,False,False,False,False,False,False,False,False,False,False,False,False,True,True,True,False,False,True,True,True,True,True
CCMSLIB00012718648,Evernin,M+H,Positive,1,361.129,360.121,209 Scan.mzXML,Didepside,CC1=CC(=CC(=C1C(=O)OC2=C(C(=C(C(=C2)C)C(=O)OC)O)C)O)OC,CC1=CC(=CC(=C1C(=O)OC2=C(C(=C(C(=C2)C)C(=O)OC)O)C)O)OC,C19H20O7,361.1287,M+H,6,SAFYHKBNYXIGKB,O=C(Oc1ccccc1)c1ccccc1,SAFYHKBNYXIGKB,O=C(Oc1ccccc1)c1ccccc1,C19H20O7,360.1209029799999,361.1281789799999,0.0008210200001030898,9.70200000551813e-05,C;H;O;,1.0,False,False,False,False,False,False,False,False,False,False,False,False,False,False,False,False,False,False,False,False,False,False,False,False,False,False,False,False,False,False,False,False,False,True,True,False,False,False,False,True,True,False,True
CCMSLIB00012718649,"""Fern-9(11)-ene-3beta,12alpha-diol """,M-H,Negative,-1,441.373,442.381,210 Scan.mzXML,Terpene,C[C@]12CC[C@@]3(C4CCC5C(C)([C@H](CCC5(C4=C[C@H]([C@]3(C1CC[C@@H]2C(C)C)C)O)C)O)C)C,C[C@]12CC[C@@]3(C4CCC5C(C)([C@H](CCC5(C4=C[C@H]([C@]3(C1CC[C@@H]2C(C)C)C)O)C)O)C)C,C30H50O2,441.3733,M-H,7.7,ZWTQSIHLEYRYLZ,C1=C2C3CCCCC3CCC2C2CCC3CCCC3C2C1,ZWTQSIHLEYRYLZ,C1=C2C3CCCCC3CCC2C2CCC3CCCC3C2C1,C30H50O2,442.3810808399999,441.37380483999993,-0.0008048399999438516,-8.083999995278646e-05,C;H;O;,1.0,False,False,False,False,False,False,False,False,False,False,False,False,False,False,False,False,False,False,False,False,False,False,False,False,False,False,False,False,False,False,False,False,False,False,False,False,False,False,False,True,False,False,False
CCMSLIB00012718650,"""6-Formyl-5,7-dihydroxyphthalide""",M-H,Negative,-1,193.014,194.021,211 Scan.mzXML,Phthalide,C1C2=CC(=C(C(=C2C(=O)O1)O)C=O)O,C1C2=CC(=C(C(=C2C(=O)O1)O)C=O)O,C9H6O5,193.0137,M-H,4.1,OSVPXWRXXKPNTP,O=C1OCc2ccccc21,OSVPXWRXXKPNTP,O=C1OCc2ccccc21,C9H6O5,194.021523292,193.01424729200002,-0.0002472920000116119,-0.0005232920000253216,C;H;O;,1.0,False,False,False,False,False,False,False,False,False,False,False,False,False,False,False,False,False,False,False,False,False,False,False,False,False,False,False,False,False,False,False,False,False,True,True,True,False,False,False,False,False,False,True
CCMSLIB00012718651,Fragilin,M-H,Negative,-1,317.022,318.03,212 Scan.mzXML,Quinone,CC1=CC2=C(C(=C1)O)C(=O)C3=C(C(=C(C=C3C2=O)OC)Cl)O,CC1=CC2=C(C(=C1)O)C(=O)C3=C(C(=C(C=C3C2=O)OC)Cl)O,C16H11ClO5,317.0217,M-H,6,RTBAOFRCWWQFHB,O=C1c2ccccc2C(=O)c2ccccc21,RTBAOFRCWWQFHB,O=C1c2ccccc2C(=O)c2ccccc21,C16H11ClO5,318.029501132,317.022225132,-0.00022513200002549638,0.0004988679999655687,C;Cl;H;O;,1.0,False,False,False,False,False,False,False,False,False,False,False,False,False,False,False,False,False,False,False,False,False,False,False,False,False,False,False,False,False,False,False,False,False,True,True,True,False,False,False,False,False,False,True
CCMSLIB00012718652,Fulgidin,M-H,Negative,-1,386.959,387.967,213 Scan.mzXML,Depsidone,O=C1C2=C(C)C(Cl)=C(O)C(Cl)=C2OC(C(C)=CC(OC)=C3Cl)=C3O1,O=C1C2=C(C)C(Cl)=C(O)C(Cl)=C2OC(C(C)=CC(OC)=C3Cl)=C3O1,C16H11Cl3O5,386.9594,M-H,5.6,NZLYMUCKILYEEO,O=C1Oc2ccccc2Oc2ccccc21,NZLYMUCKILYEEO,O=C1Oc2ccccc2Oc2ccccc21,C16H11Cl3O5,387.96720649199995,386.95993049199996,-0.0009304919999522099,-0.00020649199996114476,C;Cl;H;O;,1.0,False,False,False,False,False,False,False,False,False,False,False,False,False,False,False,False,False,False,False,False,False,False,False,False,False,False,False,False,False,False,False,False,False,True,True,False,False,False,False,True,True,False,True
CCMSLIB00012718653,Fulgoicin,M-H,Negative,-1,367.014,368.022,214 Scan.mzXML,Depsidone,O=C1C2=C(C)C(Cl)=C(O)C(Cl)=C2OC(C(C)=CC(OC)=C3C)=C3O1,O=C1C2=C(C)C(Cl)=C(O)C(Cl)=C2OC(C(C)=CC(OC)=C3C)=C3O1,C17H14Cl2O5,367.014,M-H,5.8,WVJSQIHNASRFLV,O=C1Oc2ccccc2Oc2ccccc21,WVJSQIHNASRFLV,O=C1Oc2ccccc2Oc2ccccc21,C17H14Cl2O5,368.0218289079999,367.0145529079999,-0.0005529079999178066,0.00017109200007325853,C;Cl;H;O;,1.0,False,False,False,False,False,False,False,False,False,False,False,False,False,False,False,False,False,False,False,False,False,False,False,False,False,False,False,False,False,False,False,False,False,True,True,False,False,False,False,True,False,False,True
CCMSLIB00012718654,Fumarprotocetraric acid,M+H,Positive,1,473.072,472.064,215 Scan.mzXML,Depsidone,CC1=CC(=C(C2=C1C(=O)OC3=C(O2)C(=C(C(=C3COC(=O)/C=C/C(=O)O)O)C(=O)O)C)C=O)O,CC1=CC(=C(C2=C1C(=O)OC3=C(O2)C(=C(C(=C3COC(=O)/C=C/C(=O)O)O)C(=O)O)C)C=O)O,C22H16O12,473.072,M+H,4.8,VEGGRTFDFMUBPD,O=C1Oc2ccccc2Oc2ccccc21,VEGGRTFDFMUBPD,O=C1Oc2ccccc2Oc2ccccc21,C22H16O12,472.0641759519998,473.0714519519998,0.0005480480002120203,-0.00017595199977904485,C;H;O;,1.0,False,True,True,False,True,False,False,False,False,False,False,False,False,False,False,False,False,False,False,False,False,False,False,False,False,False,False,False,False,False,False,False,False,True,True,False,False,False,True,True,True,True,True
CCMSLIB00012718655,Furfuric acid,M-H,Negative,-1,551.119,552.127,216 Scan.mzXML,Depsidone,CC1=CC(=C(C2=C1OC(=O)C3=C(O2)C(=C(C(=C3CC4=C(C(=C(C(=C4O)C)O)C(=O)OC)C)O)C(=O)O)C)C=O)O,CC1=CC(=C(C2=C1OC(=O)C3=C(O2)C(=C(C(=C3CC4=C(C(=C(C(=C4O)C)O)C(=O)OC)C)O)C(=O)O)C)C=O)O,C28H24O12,551.119,M-H,6.1,IYAHYZQOYHDKNN,O=C1Oc2ccccc2Oc2cccc(Cc3ccccc3)c21,IYAHYZQOYHDKNN,O=C1Oc2ccccc2Oc2cccc(Cc3ccccc3)c21,C28H24O12,552.1267762079998,551.1195002079997,-0.0005002079997211695,0.00022379200015620881,C;H;O;,1.0,False,False,False,False,False,False,False,False,False,False,False,False,False,False,False,False,False,False,False,False,False,False,False,False,False,False,False,False,False,False,False,False,False,False,False,False,False,False,False,True,False,False,False
CCMSLIB00012718656,Galbinic acid or alpha-Acetylsalazinic acid,M-H,Negative,-1,429.046,430.054,217 Scan.mzXML,Depsidone,CC1=CC(=C(C2=C1C(=O)OC3=C(O2)C4=C(C(=C3COC(=O)C)O)C(=O)OC4O)C=O)O,CC1=CC(=C(C2=C1C(=O)OC3=C(O2)C4=C(C(=C3COC(=O)C)O)C(=O)OC4O)C=O)O,C20H14O11,429.0458,M-H,4.9,IHMXDYQQUZKOON,O=C1Oc2ccc3c(c2Oc2ccccc21)COC3=O,IHMXDYQQUZKOON,O=C1Oc2ccc3c(c2Oc2ccccc21)COC3=O,C20H14O11,430.0536112679998,429.04633526799984,-0.0003352679998442909,0.0003887320001467742,C;H;O;,1.0,False,False,False,False,False,False,False,False,False,False,False,False,False,False,False,False,False,False,False,False,False,False,False,False,False,False,False,False,False,False,False,False,False,True,True,False,False,False,False,False,False,False,True
CCMSLIB00012718657,Gangaleoidin,M-H,Negative,-1,411.004,412.012,218 Scan.mzXML,Depsidone,CC1=C2C(=C(C(=C1Cl)O)Cl)OC3=C(C(=C(C=C3OC2=O)OC)C(=O)OC)C,CC1=C2C(=C(C(=C1Cl)O)Cl)OC3=C(C(=C(C=C3OC2=O)OC)C(=O)OC)C,C18H14Cl2O7,411.0039,M-H,5.4,RPHAAJGBADUATP,O=C1Oc2ccccc2Oc2ccccc21,RPHAAJGBADUATP,O=C1Oc2ccccc2Oc2ccccc21,C18H14Cl2O7,412.01165814799987,411.0043821479999,-0.000382147999857807,0.0003418520001332581,C;Cl;H;O;,1.0,False,True,True,True,True,False,False,False,False,False,False,False,False,False,False,False,False,False,False,False,False,False,False,False,False,False,False,False,False,False,False,False,False,True,True,False,False,False,True,True,True,True,True
CCMSLIB00012718658,Glaucophaeic acid,M+H,Positive,1,599.322,598.314,220 Scan.mzXML,Didepside,O=C(C(C(CC(CCCCCCC)=O)=CC(O)=C1)=C1OC)OC2=CC(CC(CCCCCCC)=O)=C(C(O)=O)C(OC)=C2,O=C(C(C(CC(CCCCCCC)=O)=CC(O)=C1)=C1OC)OC2=CC(CC(CCCCCCC)=O)=C(C(O)=O)C(OC)=C2,C34H46O9,599.322,M+H,5.8,UDXBFICIKHNXGL,O=C(Oc1ccccc1)c1ccccc1,UDXBFICIKHNXGL,O=C(Oc1ccccc1)c1ccccc1,C34H46O9,598.314183052,599.321459052,0.000540947999979835,-0.00018305200001123012,C;H;O;,1.0,False,False,False,False,False,False,False,False,False,False,False,False,False,False,False,False,False,False,False,False,False,False,False,False,False,False,False,False,False,False,False,False,False,True,True,False,False,False,False,True,False,False,True
CCMSLIB00012718659,Glomellic acid,M-H,Negative,-1,471.165,472.173,221 Scan.mzXML,Didepside,OC1=C(C(CC(CCC)=O)=CC(OC)=C1)C(OC2=CC(CC(CCC)=O)=C(C(O)=O)C(O)=C2)=O,OC1=C(C(CC(CCC)=O)=CC(OC)=C1)C(OC2=CC(CC(CCC)=O)=C(C(O)=O)C(O)=C2)=O,C25H28O9,471.1655,M-H,5.4,QZZMDINWSWWNKM,O=C(Oc1ccccc1)c1ccccc1,QZZMDINWSWWNKM,O=C(Oc1ccccc1)c1ccccc1,C25H28O9,472.17333247599987,471.1660564759999,-0.0010564759998601403,-0.00033247599986907517,C;H;O;,1.0,False,True,True,False,True,False,False,False,False,False,False,False,False,False,False,False,False,False,False,False,False,False,False,False,False,False,False,False,False,False,False,False,False,True,True,False,False,False,True,True,True,True,True
CCMSLIB00012718660,Glomelliferic acid,M-H,Negative,-1,457.186,458.194,222 Scan.mzXML,Didepside,OC1=C(C(CC(CCC)=O)=CC(OC)=C1)C(OC2=CC(CCCCC)=C(C(O)=O)C(O)=C2)=O,OC1=C(C(CC(CCC)=O)=CC(OC)=C1)C(OC2=CC(CCCCC)=C(C(O)=O)C(O)=C2)=O,C25H30O8,457.1863,M-H,5.8,PKLMGLZTAHCGBQ,O=C(Oc1ccccc1)c1ccccc1,PKLMGLZTAHCGBQ,O=C(Oc1ccccc1)c1ccccc1,C25H30O8,458.1940679199999,457.1867919199999,-0.0007919199999264492,-6.79199998785407e-05,C;H;O;,1.0,False,True,True,False,True,False,False,False,False,False,False,False,False,False,False,False,False,False,False,False,False,False,False,False,False,False,False,False,False,False,False,False,False,True,True,False,False,False,True,True,True,True,True
CCMSLIB00012718661,Glomelliferonic acid,M+H,Positive,1,457.186,456.178,223 Scan.mzXML,Depsidone,O=C1C2=C(CC(CCC)=O)C=C(OC)C=C2OC(C(CCCCC)=C(C(O)=O)C(O)=C3)=C3O1,O=C1C2=C(CC(CCC)=O)C=C(OC)C=C2OC(C(CCCCC)=C(C(O)=O)C(O)=C3)=C3O1,C325H28O8,457.1862,M+H,5.7,CHJGGBXYLHBLDK,O=C1Oc2ccccc2Oc2ccccc21,CHJGGBXYLHBLDK,O=C1Oc2ccccc2Oc2ccccc21,C25H28O8,456.1784178559999,457.1856938559999,0.00030614400009199016,-0.00041785599989907496,C;H;O;,1.0,False,False,False,False,False,False,False,False,False,False,False,False,False,False,False,False,False,False,False,False,False,False,False,False,False,False,False,False,False,False,False,False,False,True,True,False,False,False,False,True,True,False,True
CCMSLIB00012718662,Glomellonic acid,M-H,Negative,-1,469.15,470.158,224 Scan.mzXML,Depsidone,O=C1C2=C(CC(CCC)=O)C=C(OC)C=C2OC(C(CC(CCC)=O)=C(C(O)=O)C(O)=C3)=C3O1,O=C1C2=C(CC(CCC)=O)C=C(OC)C=C2OC(C(CC(CCC)=O)=C(C(O)=O)C(O)=C3)=C3O1,C25H26O9,469.1499,M-H,5.6,VJBROQGGVVYKSL,O=C1Oc2ccccc2Oc2ccccc21,VJBROQGGVVYKSL,O=C1Oc2ccccc2Oc2ccccc21,C25H26O9,470.1576824119999,469.1504064119999,-0.0004064119999043214,0.0003175880001435871,C;H;O;,1.0,False,False,False,False,False,False,False,False,False,False,False,False,False,False,False,False,False,False,False,False,False,False,False,False,False,False,False,False,False,False,False,False,False,True,True,False,False,False,False,False,False,False,True
CCMSLIB00012718663,Graphislactone A,M+H,Positive,1,303.087,302.079,225 Scan.mzXML,Pyrone,CC1=CC(=C(C2=C1C3=C(C(=CC(=C3)OC)O)C(=O)O2)O)OC,CC1=CC(=C(C2=C1C3=C(C(=CC(=C3)OC)O)C(=O)O2)O)OC,C16H14O6,303.0868,M+H,5.1,SMKUDZVEVLDBSV,O=c1oc2ccccc2c2ccccc12,SMKUDZVEVLDBSV,O=c1oc2ccccc2c2ccccc12,C16H14O6,302.07903816799995,303.08631416799994,0.0006858320000446838,-3.8167999946381315e-05,C;H;O;,1.0,False,False,False,False,False,False,False,False,False,False,False,False,False,False,False,False,False,False,False,False,False,False,False,False,False,False,False,False,False,False,False,False,False,True,True,True,False,False,False,True,False,False,True
CCMSLIB00012718664,Graphislactone B,M+H,Positive,1,317.103,316.095,226 Scan.mzXML,Pyrone,CC1=CC(=C(C2=C1C3=C(C(=CC(=C3)OC)OC)C(=O)O2)O)OC,CC1=CC(=C(C2=C1C3=C(C(=CC(=C3)OC)OC)C(=O)O2)O)OC,C17H16O6,317.1025,M+H,4.7,BVOHQDQPAURBCA,O=c1oc2ccccc2c2ccccc12,BVOHQDQPAURBCA,O=c1oc2ccccc2c2ccccc12,C17H16O6,316.09468823199995,317.10196423199994,0.001035768000065218,0.00031176800007415295,C;H;O;,1.0,False,False,False,False,False,False,False,False,False,False,False,False,False,False,False,False,False,False,False,False,False,False,False,False,False,False,False,False,False,False,False,False,False,True,True,True,False,False,False,True,False,False,True
CCMSLIB00012718665,Grayanic acid,M+H,Positive,1,415.176,414.168,227 Scan.mzXML,Depsidone,CCCCCCCC1=C(C(=CC2=C1OC3=C(C(=CC(=C3)OC)C)C(=O)O2)O)C(=O)O,CCCCCCCC1=C(C(=CC2=C1OC3=C(C(=CC(=C3)OC)C)C(=O)O2)O)C(=O)O,C23H26O7,415.1757,M+H,6,ADTVCAUSELVFML,O=C1Oc2ccccc2Oc2ccccc21,ADTVCAUSELVFML,O=C1Oc2ccccc2Oc2ccccc21,C23H26O7,414.16785317199987,415.17512917199986,0.0008708280001314961,0.00014682800014043096,C;H;O;,1.0,False,False,False,False,False,False,False,False,False,False,False,False,False,False,False,False,False,False,False,False,False,False,False,False,False,False,False,False,False,False,False,False,False,True,True,False,False,False,False,True,False,False,True
CCMSLIB00012718666,Griseoxanthone C,M-H,Negative,-1,271.061,272.069,228 Scan.mzXML,Xanthone,OC(C=C(C=C1OC2=CC(O)=CC(C)=C32)OC)=C1C3=O,OC(C=C(C=C1OC2=CC(O)=CC(C)=C32)OC)=C1C3=O,C15H12O5,271.0607,M-H,5.3,UIKVQKMDLQHSKA,O=c1c2ccccc2oc2ccccc12,UIKVQKMDLQHSKA,O=c1c2ccccc2oc2ccccc12,C15H12O5,272.068473484,271.061197484,-0.00019748400001162736,0.0005265160000362812,C;H;O;,1.0,False,True,True,True,True,False,False,False,False,False,False,False,True,True,False,False,False,False,False,False,False,False,False,False,False,False,False,False,False,False,False,False,False,True,True,True,False,False,True,True,True,True,True
CCMSLIB00012718667,(+)-Griseofulvin,M-H,Negative,-1,351.064,352.071,229 Scan.mzXML,Misc,C[C@@H]1CC(=O)C=C([C@]12C(=O)C3=C(O2)C(=C(C=C3OC)OC)Cl)OC,C[C@@H]1CC(=O)C=C([C@]12C(=O)C3=C(O2)C(=C(C=C3OC)OC)Cl)OC,C17H17ClO6,351.0636,M-H,4.9,DDUHZTYCFQRHIY,O=C1C=CC2(CC1)Oc1ccccc1C2=O,DDUHZTYCFQRHIY,O=C1C=CC2(CC1)Oc1ccccc1C2=O,C17H17ClO6,352.071365944,351.064089944,-8.994399996709035e-05,-0.00036594399995237836,C;Cl;H;O;,1.0,False,True,True,True,True,False,False,True,True,True,False,False,True,True,False,True,True,False,False,False,False,False,False,False,False,False,True,False,True,False,False,True,False,True,True,True,False,False,True,True,True,True,True
CCMSLIB00012718668,Gyrophoric acid,M-H,Negative,-1,467.098,468.106,230 Scan.mzXML,Tridepside,CC1=CC(O)=CC(O)=C1C(OC2=CC(O)=C(C(OC3=CC(O)=C(C(O)=O)C(C)=C3)=O)C(C)=C2)=O,CC1=CC(O)=CC(O)=C1C(OC2=CC(O)=C(C(OC3=CC(O)=C(C(O)=O)C(C)=C3)=O)C(C)=C2)=O,C24H20O10,467.0978,M-H,4.9,ATQPZSQVWCPVGV,O=C(Oc1ccc(C(=O)Oc2ccccc2)cc1)c1ccccc1,ATQPZSQVWCPVGV,O=C(Oc1ccc(C(=O)Oc2ccccc2)cc1)c1ccccc1,C24H20O10,468.1056468399999,467.0983708399999,-0.00037083999990272787,0.00035316000008833726,C;H;O;,1.0,False,False,False,False,False,False,False,False,False,False,False,False,False,False,False,False,False,False,False,False,False,False,False,False,False,False,False,False,False,False,False,False,False,True,False,False,True,False,False,False,False,False,True
CCMSLIB00012718669,Haemathamnolic acid,M-H,Negative,-1,403.066,404.074,231 Scan.mzXML,Didepside,CC1=CC(=C(C(=C1C(=O)OC2=C(C(=C(C(=C2C)C(=O)O)O)C=O)O)O)C=O)OC,CC1=CC(=C(C(=C1C(=O)OC2=C(C(=C(C(=C2C)C(=O)O)O)C=O)O)O)C=O)OC,C19H16O10,403.0665,M-H,5.9,KTZXEYGDCLLQMH,O=C(Oc1ccccc1)c1ccccc1,KTZXEYGDCLLQMH,O=C(Oc1ccccc1)c1ccccc1,C19H16O10,404.07434671199985,403.06707071199986,-0.001070711999886953,-0.00034671199983904444,C;H;O;,1.0,False,False,False,False,False,False,False,False,False,False,False,False,False,False,False,False,False,False,False,False,False,False,False,False,False,False,False,False,False,False,False,False,False,True,True,False,False,False,False,False,False,False,True
CCMSLIB00012718670,Hiascic acid,M-H,Negative,-1,483.093,484.101,232 Scan.mzXML,Tridepside,CC1=C(O)C(O)=CC(O)=C1C(OC2=CC(O)=C(C(OC3=CC(O)=C(C(O)=O)C(C)=C3)=O)C(C)=C2)=O,CC1=C(O)C(O)=CC(O)=C1C(OC2=CC(O)=C(C(OC3=CC(O)=C(C(O)=O)C(C)=C3)=O)C(C)=C2)=O,C24H20O11,483.0928,M-H,5,VWSTYXOKIIIEDE,O=C(Oc1ccc(C(=O)Oc2ccccc2)cc1)c1ccccc1,VWSTYXOKIIIEDE,O=C(Oc1ccc(C(=O)Oc2ccccc2)cc1)c1ccccc1,C24H20O11,484.1005614599999,483.0932854599999,-0.0002854599998727281,0.00043854000011833705,C;H;O;,1.0,False,False,False,False,False,False,False,False,False,False,False,False,False,False,False,False,False,False,False,False,False,False,False,False,False,False,False,False,False,False,False,False,False,True,False,False,True,False,False,False,False,False,True
CCMSLIB00012718671,Homoheveadride,M-H,Negative,-1,387.181,388.189,234 Scan.mzXML,Misc,O=C(OC1=O)C2=C1CCC(C(OC3=O)=O)=C3C[C@@H](CCCC)[C@@H]2CCCCC,O=C(OC1=O)C2=C1CCC(C(OC3=O)=O)=C3C[C@@H](CCCC)[C@@H]2CCCCC,C22H28O6,387.1808,M-H,5.7,LCWOOBCFNMICPG,O=C1OC(=O)C2=C1CCCC1=C(CC2)C(=O)OC1=O,LCWOOBCFNMICPG,O=C1OC(=O)C2=C1CCCC1=C(CC2)C(=O)OC1=O,C22H28O6,388.18858861599995,387.18131261599996,-0.00031261599997378653,0.000411384000074122,C;H;O;,1.0,False,False,False,False,False,False,False,False,False,False,False,False,False,False,False,False,False,False,False,False,False,False,False,False,False,False,False,False,False,False,False,False,False,False,False,False,False,False,False,True,False,False,False
CCMSLIB00012718672,Homosekikaic acid,M-H,Negative,-1,445.186,446.194,235 Scan.mzXML,Didepside,CCCCCC1=CC(=C(C(=C1C(=O)O)O)OC(=O)C2=C(C=C(C=C2O)OC)CCC)OC,CCCCCC1=CC(=C(C(=C1C(=O)O)O)OC(=O)C2=C(C=C(C=C2O)OC)CCC)OC,C24H30O8,445.1863,M-H,5.5,WATNDISBDDAASP,O=C(Oc1ccccc1)c1ccccc1,WATNDISBDDAASP,O=C(Oc1ccccc1)c1ccccc1,C24H30O8,446.19406791999995,445.18679191999996,-0.0007919199999832927,-6.791999993538411e-05,C;H;O;,1.0,False,False,False,False,False,False,False,False,False,False,False,False,False,False,False,False,False,False,False,False,False,False,False,False,False,False,False,False,False,False,False,False,False,True,True,False,False,False,False,True,True,False,True
CCMSLIB00012718673,"""Hopane-15alpha,22-diol""",M-H,Negative,-1,443.389,444.397,238 Scan.mzXML,Terpene,C[C@]12CC[C@H](C(C)(O)C)[C@@H]1C[C@H](O)[C@]3(C)[C@@H]2CC[C@H]4[C@@]3(C)CC[C@@H]5[C@]4(C)CCCC5(C)C,C[C@]12CC[C@H](C(C)(O)C)[C@@H]1C[C@H](O)[C@]3(C)[C@@H]2CC[C@H]4[C@@]3(C)CC[C@@H]5[C@]4(C)CCCC5(C)C,C30H52O2,443.3889,M-H,7.8,YARKUPNYWCQHFO,C1CCC2C(C1)CCC1C2CCC2C3CCCC3CCC21,YARKUPNYWCQHFO,C1CCC2C(C1)CCC1C2CCC2C3CCCC3CCC21,C30H52O2,444.396730904,443.389454904,-0.00045490399998016073,0.0002690960000109044,C;H;O;,1.0,False,False,False,False,False,False,False,False,False,False,False,False,False,False,False,False,False,False,False,False,False,False,False,False,False,False,False,False,False,False,False,False,False,True,True,False,False,False,False,False,False,False,True
CCMSLIB00012718674,"""Hopane-6alpha,16beta,22-triol or Leucotylin""",M-H,Negative,-1,459.384,460.392,239 Scan.mzXML,Terpene,C[C@]12CC[C@@H]([C@@H]1[C@H](C[C@@]3([C@@H]2CC[C@H]4[C@]3(C[C@@H]([C@@H]5[C@@]4(CCCC5(C)C)C)O)C)C)O)C(C)(C)O,C[C@]12CC[C@@H]([C@@H]1[C@H](C[C@@]3([C@@H]2CC[C@H]4[C@]3(C[C@@H]([C@@H]5[C@@]4(CCCC5(C)C)C)O)C)C)O)C(C)(C)O,C30H52O3,459.3838,M-H,7.5,CMCOTUOUAOOHNL,C1CCC2C(C1)CCC1C2CCC2C3CCCC3CCC21,CMCOTUOUAOOHNL,C1CCC2C(C1)CCC1C2CCC2C3CCCC3CCC21,C30H52O3,460.3916455239999,459.3843695239999,-0.0003695239998933175,0.0003544760000977476,C;H;O;,1.0,False,False,False,False,False,False,False,False,False,False,False,False,False,False,False,False,False,False,False,False,False,False,False,False,False,False,False,False,False,False,False,False,False,True,True,False,False,False,False,True,True,False,True
CCMSLIB00012718675,Hybocarpone,M-H,Negative,-1,543.114,544.122,240 Scan.mzXML,Misc,CC[C@]12C(=O)C3=C(C(=C(C(=C3O)C)O)O)C(=O)[C@]1(O[C@]4([C@@]2(C(=O)C5=C(C4=O)C(=C(C(=C5O)C)O)O)CC)O)O,CC[C@]12C(=O)C3=C(C(=C(C(=C3O)C)O)O)C(=O)[C@]1(O[C@]4([C@@]2(C(=O)C5=C(C4=O)C(=C(C(=C5O)C)O)O)CC)O)O,C26H24O13,543.1139,M-H,5.6,MZNMSRGMWTWFRF,O=C1c2ccccc2C(=O)C2C1OC1C(=O)c3ccccc3C(=O)C12,MZNMSRGMWTWFRF,O=C1c2ccccc2C(=O)C2C1OC1C(=O)c3ccccc3C(=O)C12,C26H24O13,544.1216908279998,543.1144148279998,-0.0004148279997480131,0.0003091720001293652,C;H;O;,1.0,False,False,False,False,False,False,False,False,False,False,False,False,False,False,False,False,False,False,False,False,False,False,False,False,False,False,False,False,False,False,False,False,False,False,False,False,False,False,False,False,False,False,False
CCMSLIB00012718676,3alpha-Hydroxybarbatic acid or 8-Hydroxybarbatic acid,M-H,Negative,-1,375.108,376.116,241 Scan.mzXML,Didepside,O=C(OC1=CC(C)=C(C(O)=O)C(O)=C1C)C2=C(C)C=C(OC)C(CO)=C2O,O=C(OC1=CC(C)=C(C(O)=O)C(O)=C1C)C2=C(C)C=C(OC)C(CO)=C2O,C19H20O8,375.108,M-H,5,IDFVAUVLQFUXFQ,O=C(Oc1ccccc1)c1ccccc1,IDFVAUVLQFUXFQ,O=C(Oc1ccccc1)c1ccccc1,C19H20O8,376.11581759999996,375.10854159999997,-0.0005415999999627275,0.00018240000002833767,C;H;O;,1.0,False,False,False,False,False,False,False,False,False,False,False,False,False,False,False,False,False,False,False,False,False,False,False,False,False,False,False,False,False,False,False,False,False,True,True,False,False,False,False,True,False,False,True
CCMSLIB00012718677,3-Hydroxycolensoic acid,M+H,Positive,1,459.202,458.194,242 Scan.mzXML,Depsidone,CCCCCC1=CC(=C(C2=C1C(=O)OC3=C(O2)C(=C(C(=C3)O)C(=O)O)CCCCC)O)OC,CCCCCC1=CC(=C(C2=C1C(=O)OC3=C(O2)C(=C(C(=C3)O)C(=O)O)CCCCC)O)OC,C25H30O8,459.2019,M+H,5.7,VZPSCITXDMDLDC,O=C1Oc2ccccc2Oc2ccccc21,VZPSCITXDMDLDC,O=C1Oc2ccccc2Oc2ccccc21,C25H30O8,458.19406791999984,459.20134391999983,0.0006560800001693678,-6.791999982169727e-05,C;H;O;,1.0,False,True,True,False,True,False,False,False,False,False,False,False,False,False,False,False,False,False,False,False,False,False,False,False,False,False,False,False,False,False,False,False,False,True,True,False,False,False,True,True,True,True,True
CCMSLIB00012718678,3beta-Hydroxyfern-9(11)-ene-12-one,M-H,Negative,-1,439.358,440.365,243 Scan.mzXML,Terpene,C[C@]12CC[C@]3(C)C4CCC5C([C@@H](O)CCC5(C)C4=CC([C@@]3(C)C1CC[C@@H]2C(C)C)=O)(C)C,C[C@]12CC[C@]3(C)C4CCC5C([C@@H](O)CCC5(C)C4=CC([C@@]3(C)C1CC[C@@H]2C(C)C)=O)(C)C,C30H48O2,439.3576,M-H,6,JTWWGTAUNWXXCI,O=C1C=C2C3CCCCC3CCC2C2CCC3CCCC3C12,JTWWGTAUNWXXCI,O=C1C=C2C3CCCCC3CCC2C2CCC3CCCC3C12,C30H48O2,440.365430776,439.358154776,-0.0001547759999880327,-0.0004307759999733207,C;H;O;,1.0,False,False,False,False,False,False,False,False,False,False,False,False,False,False,False,False,False,False,False,False,False,False,False,False,False,False,False,False,False,False,False,False,False,True,False,False,False,False,False,True,False,False,False
CCMSLIB00012718679,3-Hydroxygyrophoric acid,M-H,Negative,-1,483.093,484.101,244 Scan.mzXML,Tridepside,CC1=C(O)C(O)=CC(O)=C1C(OC2=CC(O)=C(C(OC3=CC(O)=C(C(O)=O)C(C)=C3)=O)C(C)=C2)=O,CC1=C(O)C(O)=CC(O)=C1C(OC2=CC(O)=C(C(OC3=CC(O)=C(C(O)=O)C(C)=C3)=O)C(C)=C2)=O,C24H20O11,483.0928,M-H,5,VWSTYXOKIIIEDE,O=C(Oc1ccc(C(=O)Oc2ccccc2)cc1)c1ccccc1,VWSTYXOKIIIEDE,O=C(Oc1ccc(C(=O)Oc2ccccc2)cc1)c1ccccc1,C24H20O11,484.1005614599999,483.0932854599999,-0.0002854599998727281,0.00043854000011833705,C;H;O;,1.0,False,False,False,False,False,False,False,False,False,False,False,False,False,False,False,False,False,False,False,False,False,False,False,False,False,False,False,False,False,False,False,False,False,True,False,False,True,False,False,False,False,False,True
CCMSLIB00012718680,22-Hydroxyhopane-6-one or Zeorinone,M-H,Negative,-1,441.373,442.381,245 Scan.mzXML,Terpene,C[C@]12CC[C@@H]([C@@H]1CC[C@@]3([C@@H]2CC[C@H]4[C@]3(CC(=O)[C@@H]5[C@@]4(CCCC5(C)C)C)C)C)C(C)(C)O,C[C@]12CC[C@@H]([C@@H]1CC[C@@]3([C@@H]2CC[C@H]4[C@]3(CC(=O)[C@@H]5[C@@]4(CCCC5(C)C)C)C)C)C(C)(C)O,C30H50O2,441.3733,M-H,5.4,MAVUFYZBQWGXHD,O=C1CC2C(CCC3C4CCCC4CCC32)C2CCCCC12,MAVUFYZBQWGXHD,O=C1CC2C(CCC3C4CCCC4CCC32)C2CCCCC12,C30H50O2,442.38108084,441.37380484,-0.000804840000000695,-8.084000000962988e-05,C;H;O;,1.0,False,True,True,False,True,False,False,False,False,False,False,False,False,False,False,False,False,False,False,False,False,False,False,False,False,False,False,False,False,False,False,False,False,True,False,False,False,False,True,True,True,True,False
CCMSLIB00012718681,5-Hydroxylecanoric acid,M-H,Negative,-1,333.061,334.069,246 Scan.mzXML,Didepside,O=C(OC1=CC(C)=C(C(O)=O)C(O)=C1)C2=C(C)C(O)=C(O)C=C2O,O=C(OC1=CC(C)=C(C(O)=O)C(O)=C1)C2=C(C)C(O)=C(O)C=C2O,C16H14O8,333.0611,M-H,4.6,ROFBXDQOPDYPQI,O=C(Oc1ccccc1)c1ccccc1,ROFBXDQOPDYPQI,O=C(Oc1ccccc1)c1ccccc1,C16H14O8,334.06886740799996,333.06159140799997,-0.0005914079999911337,0.00013259200005677485,C;H;O;,1.0,False,False,False,False,False,False,False,False,False,False,False,False,False,False,False,False,False,False,False,False,False,False,False,False,False,False,False,False,False,False,False,False,False,True,True,False,False,False,False,True,False,False,True
CCMSLIB00012718682,2-Hydroxy-4-methoxy-6-pentylbenzoic acid,M+H,Positive,1,239.128,238.12,247 Scan.mzXML,Cleavage Products of Depsides and Depsidones,CCCCCC1=C(C(=CC(=C1)OC)O)C(=O)O,CCCCCC1=C(C(=CC(=C1)OC)O)C(=O)O,C13H18O4,239.1283,M+H,5.5,JWSADSZPLGCVPA,c1ccccc1,JWSADSZPLGCVPA,c1ccccc1,C13H18O4,238.120509056,239.127785056,0.0002149439999925562,-0.0005090559999985089,C;H;O;,1.0,False,True,True,False,True,False,False,False,False,False,False,False,False,False,False,False,False,False,False,False,False,False,False,False,False,False,False,False,False,False,False,False,False,True,True,True,False,False,True,True,True,True,True
CCMSLIB00012718683,"""22alpha-Hydroxy-3,4-secostict-4(23)-en-3-oic acid""",M+H,Positive,1,459.384,458.376,248 Scan.mzXML,Terpene,CC(C([C@]1(C)CCC(O)=O)CC[C@@]2(C)C1CCC3[C@]2(C)CCC4[C@@]3(C)CCC(C)(C)[C@@H]4O)=C,CC(C([C@]1(C)CCC(O)=O)CC[C@@]2(C)C1CCC3[C@]2(C)CCC4[C@@]3(C)CCC(C)(C)[C@@H]4O)=C,C30H50O3,459.3838,M+H,7,LFHTWGSQLNJCTB,C1CCC2C(C1)CCC1C3CCCCC3CCC21,LFHTWGSQLNJCTB,C1CCC2C(C1)CCC1C3CCCCC3CCC21,C30H50O3,458.37599545999996,459.38327145999995,0.0007285400000682785,4.5400000203699165e-06,C;H;O;,1.0,False,False,False,False,False,False,False,False,False,False,False,False,False,False,False,False,False,False,False,False,False,False,False,False,False,False,False,False,False,False,False,False,False,False,False,False,False,False,False,True,False,False,False
CCMSLIB00012718684,3-Hydroxyumbilicaric acid,M-H,Negative,-1,497.108,498.116,249 Scan.mzXML,Tridepside,O=C(OC1=CC(O)=C(C(OC2=CC(O)=C(C(O)=O)C(C)=C2)=O)C(C)=C1)C3=C(C)C=C(O)C(O)=C3OC,O=C(OC1=CC(O)=C(C(OC2=CC(O)=C(C(O)=O)C(C)=C2)=O)C(C)=C1)C3=C(C)C=C(O)C(O)=C3OC,C25H22O11,497.1084,M-H,4.9,RQKDGHVMCPZAIX,O=C(Oc1ccc(C(=O)Oc2ccccc2)cc1)c1ccccc1,RQKDGHVMCPZAIX,O=C(Oc1ccc(C(=O)Oc2ccccc2)cc1)c1ccccc1,C25H22O11,498.1162115239999,497.1089355239999,-0.0009355239998853904,-0.00021152399989432524,C;H;O;,1.0,False,False,False,False,False,False,False,False,False,False,False,False,False,False,False,False,False,False,False,False,False,False,False,False,False,False,False,False,False,False,False,False,False,True,False,False,True,False,False,True,False,False,True
CCMSLIB00012718685,2-Hydroxyvirensic acid,M-H,Negative,-1,373.056,374.064,250 Scan.mzXML,Depsidone,CC1=C2C(=C(C(=C1O)O)C=O)OC3=C(C(=C(C(=C3C)C(=O)O)O)C)OC2=O,CC1=C2C(=C(C(=C1O)O)C=O)OC3=C(C(=C(C(=C3C)C(=O)O)O)C)OC2=O,C18H14O9,373.056,M-H,5,FASOQYQRFUSKHV,O=C1Oc2ccccc2Oc2ccccc21,FASOQYQRFUSKHV,O=C1Oc2ccccc2Oc2ccccc21,C18H14O9,374.0637820279999,373.0565060279999,-0.0005060279999042905,0.00021797200014361806,C;H;O;,1.0,False,False,False,False,False,False,False,False,False,False,False,False,False,False,False,False,False,False,False,False,False,False,False,False,False,False,False,False,False,False,False,False,False,True,True,False,False,False,False,True,True,False,True
CCMSLIB00012718686,Hyperconfluentic acid,M-H,Negative,-1,527.265,528.272,251 Scan.mzXML,Didepside,O=C(OC1=CC(CCCCCCC)=C(C(O)=O)C(OC)=C1)C2=C(CC(CCCCC)=O)C=C(OC)C=C2O,O=C(OC1=CC(CCCCCCC)=C(C(O)=O)C(OC)=C1)C2=C(CC(CCCCC)=O)C=C(OC)C=C2O,C30H40O8,527.2645,M-H,6.1,BZRXECYXDFASFQ,O=C(Oc1ccccc1)c1ccccc1,BZRXECYXDFASFQ,O=C(Oc1ccccc1)c1ccccc1,C30H40O8,528.27231824,527.26504224,-4.22399999706613e-05,-0.0003182399999559493,C;H;O;,1.0,False,False,False,False,False,False,False,False,False,False,False,False,False,False,False,False,False,False,False,False,False,False,False,False,False,False,False,False,False,False,False,False,False,True,True,False,False,False,False,True,False,False,True
CCMSLIB00012718687,Hyperhomosekikaic acid,M-H,Negative,-1,473.218,474.225,252 Scan.mzXML,Didepside,OC1=CC(OC)=CC(CCCCC)=C1C(OC2=C(O)C(C(O)=O)=C(CCCCC)C=C2OC)=O,OC1=CC(OC)=CC(CCCCC)=C1C(OC2=C(O)C(C(O)=O)=C(CCCCC)C=C2OC)=O,C26H34O8,473.2176,M-H,6.4,ISVLXQOQLXQPGU,O=C(Oc1ccccc1)c1ccccc1,ISVLXQOQLXQPGU,O=C(Oc1ccccc1)c1ccccc1,C26H34O8,474.2253680479999,473.2180920479999,-9.20479998853807e-05,-0.0003680479998706687,C;H;O;,1.0,False,False,False,False,False,False,False,False,False,False,False,False,False,False,False,False,False,False,False,False,False,False,False,False,False,False,False,False,False,False,False,False,False,True,True,False,False,False,False,True,False,False,True
CCMSLIB00012718688,Hyperlatolic acid,M-H,Negative,-1,471.238,472.246,253 Scan.mzXML,Didepside,OC1=CC(OC)=CC(CCCCC)=C1C(OC2=CC(O)=C(C(O)=O)C(CCCCCCC)=C2)=O,OC1=CC(OC)=CC(CCCCC)=C1C(OC2=CC(O)=C(C(O)=O)C(CCCCCCC)=C2)=O,C27H36O7,471.2383,M-H,7.7,DFZZPAUFVUEAMV,O=C(Oc1ccccc1)c1ccccc1,DFZZPAUFVUEAMV,O=C(Oc1ccccc1)c1ccccc1,C27H36O7,472.2461034919999,471.2388274919999,-0.0008274919999280428,-0.00010349199993697766,C;H;O;,1.0,False,False,False,False,False,False,False,False,False,False,False,False,False,False,False,False,False,False,False,False,False,False,False,False,False,False,False,False,False,False,False,False,False,True,True,False,False,False,False,True,True,False,True
CCMSLIB00012718689,Hyperplanaic acid,M+H,Positive,1,501.285,500.277,255 Scan.mzXML,Didepside,O=C(OC1=CC(OC)=C(C(O)=O)C(CCCCCCC)=C1)C2=C(CCCCC)C=C(OC)C=C2OC,O=C(OC1=CC(OC)=C(C(O)=O)C(CCCCCCC)=C1)C2=C(CCCCC)C=C(OC)C=C2OC,C29H40O7,501.2852,M+H,6.4,KYRDGMPANAIOEV,O=C(Oc1ccccc1)c1ccccc1,KYRDGMPANAIOEV,O=C(Oc1ccccc1)c1ccccc1,C29H40O7,500.27740362,501.28467961999996,0.00032038000006195944,-0.0004036199999859491,C;H;O;,1.0,False,False,False,False,False,False,False,False,False,False,False,False,False,False,False,False,False,False,False,False,False,False,False,False,False,False,False,False,False,False,False,False,False,True,True,False,False,False,False,True,False,False,True
CCMSLIB00012718690,Hypoconstictic acid,M-H,Negative,-1,387.072,388.079,256 Scan.mzXML,Depsidone,O=C1C2=C(C)C=C(OC)C(C)=C2OC(C(C(O)OC3=O)=C3C(O)=C4CO)=C4O1,O=C1C2=C(C)C=C(OC)C(C)=C2OC(C(C(O)OC3=O)=C3C(O)=C4CO)=C4O1,C19H16O9,387.0716,M-H,4.5,WMIUETMYAHXNHP,O=C1Oc2ccc3c(c2Oc2ccccc21)COC3=O,WMIUETMYAHXNHP,O=C1Oc2ccc3c(c2Oc2ccccc21)COC3=O,C19H16O9,388.07943209199993,387.07215609199994,-0.00015609199994059964,-0.00043209199992588765,C;H;O;,1.0,False,False,False,False,False,False,False,False,False,False,False,False,False,False,False,False,False,False,False,False,False,False,False,False,False,False,False,False,False,False,False,False,False,True,True,False,False,False,False,True,False,False,True
CCMSLIB00012718691,Hypopannarin,M-H,Negative,-1,363.064,364.071,257 Scan.mzXML,Depsidone,O=C1C2=C(C)C(Cl)=C(O)C(CO)=C2OC(C(C)=CC(OC)=C3C)=C3O1,O=C1C2=C(C)C(Cl)=C(O)C(CO)=C2OC(C(C)=CC(OC)=C3C)=C3O1,C18H17ClO6,363.0636,M-H,5.3,ZHSAIRHXSVWVSH,O=C1Oc2ccccc2Oc2ccccc21,ZHSAIRHXSVWVSH,O=C1Oc2ccccc2Oc2ccccc21,C18H17ClO6,364.071365944,363.064089944,-8.994399996709035e-05,-0.00036594399995237836,C;Cl;H;O;,1.0,False,False,False,False,False,False,False,False,False,False,False,False,False,False,False,False,False,False,False,False,False,False,False,False,False,False,False,False,False,False,False,False,False,True,True,False,False,False,False,True,False,False,True
CCMSLIB00012718692,Hypophysciosporin,M-H,Negative,-1,391.059,392.066,258 Scan.mzXML,Depsidone,O=C1C2=C(C)C(Cl)=C(O)C(C)=C2OC(C(C)=C(C(OC)=O)C(O)=C3C)=C3O1,O=C1C2=C(C)C(Cl)=C(O)C(C)=C2OC(C(C)=C(C(OC)=O)C(O)=C3C)=C3O1,C19H17ClO7,391.0585,M-H,5.8,JQJKBBTUDUHIPR,O=C1Oc2ccccc2Oc2ccccc21,JQJKBBTUDUHIPR,O=C1Oc2ccccc2Oc2ccccc21,C19H17ClO7,392.06628056399995,391.05900456399996,-4.563999937090557e-06,-0.000280563999979222,C;Cl;H;O;,1.0,False,False,False,False,False,False,False,False,False,False,False,False,False,False,False,False,False,False,False,False,False,False,False,False,False,False,False,False,False,False,False,False,False,True,True,False,False,False,False,False,False,False,True
CCMSLIB00012718693,Hypoprotocetraric acid,M-H,Negative,-1,343.082,344.09,259 Scan.mzXML,Depsidone,CC1=CC(=C(C2=C1C(=O)OC3=C(O2)C(=C(C(=C3C)O)C(=O)O)C)C)O,CC1=CC(=C(C2=C1C(=O)OC3=C(O2)C(=C(C(=C3C)O)C(=O)O)C)C)O,C18H16O7,343.0818,M-H,4.9,CFPLLTGKDKZLIH,O=C1Oc2ccccc2Oc2ccccc21,CFPLLTGKDKZLIH,O=C1Oc2ccccc2Oc2ccccc21,C18H16O7,344.0896028519999,343.08232685199994,-0.0003268519999437558,0.0003971480000473093,C;H;O;,1.0,False,False,False,False,False,False,False,False,False,False,False,False,False,False,False,False,False,False,False,False,False,False,False,False,False,False,False,False,False,False,False,False,False,True,True,False,False,False,False,True,True,False,True
CCMSLIB00012718694,Hyposalazinic acid,M-H,Negative,-1,357.061,358.069,260 Scan.mzXML,Depsidone,O=C1C2=C(C)C=C(O)C(C)=C2OC(C(C(O)OC3=O)=C3C(O)=C4C)=C4O1,O=C1C2=C(C)C=C(O)C(C)=C2OC(C(C(O)OC3=O)=C3C(O)=C4C)=C4O1,C18H14O8,357.0611,M-H,4.7,CSGRLGAFZYJPSG,O=C1Oc2ccc3c(c2Oc2ccccc21)COC3=O,CSGRLGAFZYJPSG,O=C1Oc2ccc3c(c2Oc2ccccc21)COC3=O,C18H14O8,358.06886740799996,357.06159140799997,-0.0005914079999911337,0.00013259200005677485,C;H;O;,1.0,False,False,False,False,False,False,False,False,False,False,False,False,False,False,False,False,False,False,False,False,False,False,False,False,False,False,False,False,False,False,False,False,False,True,True,False,False,False,False,True,False,False,True
CCMSLIB00012718695,Hypostictic acid,M-H,Negative,-1,371.077,372.085,261 Scan.mzXML,Depsidone,O=C1C2=C(C)C=C(OC)C(C)=C2OC(C(C(O)OC3=O)=C3C(O)=C4C)=C4O1,O=C1C2=C(C)C=C(OC)C(C)=C2OC(C(C(O)OC3=O)=C3C(O)=C4C)=C4O1,C19H16O8,371.0767,M-H,5.1,PGRWVCGZKIXMQW,O=C1Oc2ccc3c(c2Oc2ccccc21)COC3=O,PGRWVCGZKIXMQW,O=C1Oc2ccc3c(c2Oc2ccccc21)COC3=O,C19H16O8,372.08451747199996,371.07724147199997,-0.00024147199997059943,0.0004825280000204657,C;H;O;,1.0,False,False,False,False,False,False,False,False,False,False,False,False,False,False,False,False,False,False,False,False,False,False,False,False,False,False,False,False,False,False,False,False,False,True,True,False,False,False,False,False,False,False,True
CCMSLIB00012718696,Hypostictolide or Hypostictinolide,M-H,Negative,-1,355.082,356.09,262 Scan.mzXML,Depsidone,O=C1C2=C(C)C=C(OC)C(C)=C2OC(C(COC3=O)=C3C(O)=C4C)=C4O1,O=C1C2=C(C)C=C(OC)C(C)=C2OC(C(COC3=O)=C3C(O)=C4C)=C4O1,C19H16O7,355.0818,M-H,4.9,QWXGWFTTWJHSDY,O=C1Oc2ccc3c(c2Oc2ccccc21)COC3=O,QWXGWFTTWJHSDY,O=C1Oc2ccc3c(c2Oc2ccccc21)COC3=O,C19H16O7,356.089602852,355.082326852,-0.0003268520000005992,0.0003971479999904659,C;H;O;,1.0,False,False,False,False,False,False,False,False,False,False,False,False,False,False,False,False,False,False,False,False,False,False,False,False,False,False,False,False,False,False,False,False,False,True,True,False,False,False,False,True,False,False,True
CCMSLIB00012718697,Hypostepsilic acid,M-H,Negative,-1,271.061,272.069,263 Scan.mzXML,Dibenzofuran,OC1=C(C(O)=O)C(C)=C(C2=C(C)C=C(O)C=C2O3)C3=C1,OC1=C(C(O)=O)C(C)=C(C2=C(C)C=C(O)C=C2O3)C3=C1,C15H12O5,271.0607,M-H,4.5,WFSXMDNXTLRBAK,c1ccc2c(c1)oc1ccccc12,WFSXMDNXTLRBAK,c1ccc2c(c1)oc1ccccc12,C15H12O5,272.06847348400004,271.06119748400005,-0.00019748400006847078,0.0005265159999794378,C;H;O;,1.0,False,False,False,False,False,False,False,False,False,False,False,False,False,False,False,False,False,False,False,False,False,False,False,False,False,False,False,False,False,False,False,False,False,True,True,False,False,False,False,True,False,False,True
CCMSLIB00012718698,Hypothamnolic acid,M-H,Negative,-1,405.082,406.09,264 Scan.mzXML,Didepside,CC1=CC(=C(C(=C1C(=O)OC2=C(C(=C(C(=C2C)C(=O)O)O)C)O)O)C(=O)O)OC,CC1=CC(=C(C(=C1C(=O)OC2=C(C(=C(C(=C2C)C(=O)O)O)C)O)O)C(=O)O)OC,C19H18O10,405.0822,M-H,4.9,JAMFWYQGSFUDBI,O=C(Oc1ccccc1)c1ccccc1,JAMFWYQGSFUDBI,O=C(Oc1ccccc1)c1ccccc1,C19H18O10,406.08999677599985,405.08272077599986,-0.0007207759998664187,3.224000124646409e-06,C;H;O;,1.0,False,False,False,False,False,False,False,False,False,False,False,False,False,False,False,False,False,False,False,False,False,False,False,False,False,False,False,False,False,False,False,False,False,True,True,False,False,False,False,True,False,False,True
CCMSLIB00012718699,Imbricaric acid,M-H,Negative,-1,415.176,416.184,265 Scan.mzXML,Didepside,CCCCCC1=C(C(OC2=CC(CCC)=C(C(O)=O)C(O)=C2)=O)C(O)=CC(OC)=C1,CCCCCC1=C(C(OC2=CC(CCC)=C(C(O)=O)C(O)=C2)=O)C(O)=CC(OC)=C1,C23H28O7,415.1757,M-H,6.2,QXDIHIOKSGGXLD,O=C(Oc1ccccc1)c1ccccc1,QXDIHIOKSGGXLD,O=C(Oc1ccccc1)c1ccccc1,C23H28O7,416.1835032359999,415.17622723599993,-0.00022723599994378674,0.0004967640001041218,C;H;O;,1.0,False,False,False,False,False,False,False,False,False,False,False,False,False,False,False,False,False,False,False,False,False,False,False,False,False,False,False,False,False,False,False,False,False,True,True,False,False,False,False,True,False,False,True
CCMSLIB00012718700,Insignin,M-H,Negative,-1,289.144,290.152,266 Scan.mzXML,Pyrone,OC1=C(C(OC(CCCCCCC)=C2)=O)C2=CC(OC)=C1,OC1=C(C(OC(CCCCCCC)=C2)=O)C2=CC(OC)=C1,C17H22O4,289.144,M-H,6.4,LGJJYEZJYXOSAQ,O=c1occc2ccccc12,LGJJYEZJYXOSAQ,O=c1occc2ccccc12,C17H22O4,290.151809184,289.144533184,-0.0005331840000053489,0.0001908159999857162,C;H;O;,1.0,False,False,False,False,False,False,False,False,False,False,False,False,False,False,False,False,False,False,False,False,False,False,False,False,False,False,False,False,False,False,False,False,False,True,True,False,False,False,False,True,False,False,True
CCMSLIB00012718701,"""Isoarthothelin or 2,5,7-Trichloronorlichexanthone""",M-H,Negative,-1,358.928,359.936,267 Scan.mzXML,Xanthone,OC(C=C1OC2=C(Cl)C(O)=C(Cl)C(C)=C32)=C(Cl)C(O)=C1C3=O,OC(C=C1OC2=C(Cl)C(O)=C(Cl)C(C)=C32)=C(Cl)C(O)=C1C3=O,C14H7Cl3O5,358.9281,M-H,5.5,KIJCJDCUXMSIEZ,O=c1c2ccccc2oc2ccccc12,KIJCJDCUXMSIEZ,O=c1c2ccccc2oc2ccccc12,C14H7Cl3O5,359.935906364,358.928630364,-0.0006303640000169253,9.363599997413985e-05,C;Cl;H;O;,1.0,False,False,False,False,False,False,False,False,False,False,False,False,False,False,False,False,False,False,False,False,False,False,False,False,False,False,False,False,False,False,False,False,False,True,True,True,False,False,False,False,False,False,True
CCMSLIB00012718702,Isodidymic acid,M-H,Negative,-1,369.17,370.178,268 Scan.mzXML,Dibenzofuran,OC1=C(C(O)=O)C(CCC)=C(C2=C(CCCCC)C=C(OC)C=C2O3)C3=C1,OC1=C(C(O)=O)C(CCC)=C(C2=C(CCCCC)C=C(OC)C=C2O3)C3=C1,C22H26O5,369.1702,M-H,6,FSTQMYYRYXRDIL,c1ccc2c(c1)oc1ccccc12,FSTQMYYRYXRDIL,c1ccc2c(c1)oc1ccccc12,C22H26O5,370.178023932,369.170747932,-0.0007479319999674772,-2.3931999976412044e-05,C;H;O;,1.0,False,False,False,False,False,False,False,False,False,False,False,False,False,False,False,False,False,False,False,False,False,False,False,False,False,False,False,False,False,False,False,False,False,True,True,False,False,False,False,True,True,False,True
CCMSLIB00012718703,Isofulgidin,M-H,Negative,-1,386.959,387.967,269 Scan.mzXML,Depsidone,O=C1C2=C(C)C(Cl)=C(O)C(Cl)=C2OC(C(C)=C(Cl)C(OC)=C3)=C3O1,O=C1C2=C(C)C(Cl)=C(O)C(Cl)=C2OC(C(C)=C(Cl)C(OC)=C3)=C3O1,C16H11Cl3O5,386.9594,M-H,3.7,XEDMLQPKKYHCKK,O=C1Oc2ccccc2Oc2ccccc21,XEDMLQPKKYHCKK,O=C1Oc2ccccc2Oc2ccccc21,C16H11Cl3O5,387.96720649199995,386.95993049199996,-0.0009304919999522099,-0.00020649199996114476,C;Cl;H;O;,1.0,False,True,True,False,True,False,False,False,False,False,False,False,False,False,False,False,False,False,False,False,False,False,False,False,False,False,False,False,False,False,False,False,False,True,True,False,False,False,True,True,True,True,True
CCMSLIB00012718704,Isohyperlatolic acid,M-H,Negative,-1,471.238,472.246,270 Scan.mzXML,Didepside,OC1=CC(OC)=CC(CCCCCCC)=C1C(OC2=CC(O)=C(C(O)=O)C(CCCCC)=C2)=O,OC1=CC(OC)=CC(CCCCCCC)=C1C(OC2=CC(O)=C(C(O)=O)C(CCCCC)=C2)=O,C27H36O7,471.2383,M-H,7.2,GWAVKGWTGGHUSQ,O=C(Oc1ccccc1)c1ccccc1,GWAVKGWTGGHUSQ,O=C(Oc1ccccc1)c1ccccc1,C27H36O7,472.24610349199986,471.23882749199987,-0.0008274919998711994,-0.00010349199988013424,C;H;O;,1.0,False,False,False,False,False,False,False,False,False,False,False,False,False,False,False,False,False,False,False,False,False,False,False,False,False,False,False,False,False,False,False,False,False,True,True,False,False,False,False,True,True,False,True
CCMSLIB00012718705,Isohyperpicrolichenic acid,M-H,Negative,-1,469.223,470.23,271 Scan.mzXML,Misc,OC1=C(C(O)=O)C(CCCCC)=C2C(OC(C23C(CCCCCCC)=CC(C=C3OC)=O)=O)=C1,OC1=C(C(O)=O)C(CCCCC)=C2C(OC(C23C(CCCCCCC)=CC(C=C3OC)=O)=O)=C1,C27H34O7,469.2227,M-H,5.9,LTZCIJKZYQDMTE,O=C1C=CC2(C=C1)C(=O)Oc1ccccc12,LTZCIJKZYQDMTE,O=C1C=CC2(C=C1)C(=O)Oc1ccccc12,C27H34O7,470.2304534279999,469.22317742799993,-0.0001774279999153805,-0.0004534279999006685,C;H;O;,1.0,False,False,False,False,False,False,False,False,False,False,False,False,False,False,False,False,False,False,False,False,False,False,False,False,False,False,False,False,False,False,False,False,False,True,False,False,False,False,False,True,False,False,False
CCMSLIB00012718706,Isolecanoric acid,M-H,Negative,-1,317.066,318.074,273 Scan.mzXML,Didepside,CC1=CC(=CC(=C1C(=O)OC2=C(C(=CC(=C2)O)C)C(=O)O)O)O,CC1=CC(=CC(=C1C(=O)OC2=C(C(=CC(=C2)O)C)C(=O)O)O)O,C16H14O7,317.0662,M-H,4.8,DANZDSKFOPOJCC,O=C(Oc1ccccc1)c1ccccc1,DANZDSKFOPOJCC,O=C(Oc1ccccc1)c1ccccc1,C16H14O7,318.07395278799993,317.06667678799994,-0.0006767879999642901,4.721200008361848e-05,C;H;O;,1.0,False,False,False,False,False,False,False,False,False,False,False,False,False,False,False,False,False,False,False,False,False,False,False,False,False,False,False,False,False,False,False,False,False,True,True,False,False,False,False,True,True,False,True
CCMSLIB00012718707,Isoleprapinic acid,M-H,Negative,-1,351.087,352.095,274 Scan.mzXML,Pulvinic Acid Derivatives,O=C1O/C(C(O)=C1C2=C(OC)C=CC=C2)=C(C3=CC=CC=C3)/C(OC)=O,O=C1O/C(C(O)=C1C2=C(OC)C=CC=C2)=C(C3=CC=CC=C3)/C(OC)=O,C20H16O6,351.0869,M-H,5.4,YVZDLSXRGKPHAN,O=C1OC(=Cc2ccccc2)C=C1c1ccccc1,YVZDLSXRGKPHAN,O=C1OC(=Cc2ccccc2)C=C1c1ccccc1,C20H16O6,352.09468823199995,351.08741223199996,-0.0004122319999737556,0.00031176800007415295,C;H;O;,1.0,False,False,False,False,False,False,False,False,False,False,False,False,False,False,False,False,False,False,False,False,False,False,False,False,False,False,False,False,False,False,False,False,False,True,False,False,False,False,False,True,True,False,False
CCMSLIB00012718708,Isomegapicrolichenic acid,M-H,Negative,-1,525.285,526.293,275 Scan.mzXML,Misc,OC1=C(C(O)=O)C(CCCCCCC)=C2C(OC(C23C(CCCCCCCCC)=CC(C=C3OC)=O)=O)=C1,OC1=C(C(O)=O)C(CCCCCCC)=C2C(OC(C23C(CCCCCCCCC)=CC(C=C3OC)=O)=O)=C1,C31H42O7,525.2853,M-H,7.2,MWTNRHSQPSOSSV,O=C1C=CC2(C=C1)C(=O)Oc1ccccc12,MWTNRHSQPSOSSV,O=C1C=CC2(C=C1)C(=O)Oc1ccccc12,C31H42O7,526.2930536839999,525.2857776839999,-0.0007776839998996365,-5.368399990857142e-05,C;H;O;,1.0,False,False,False,False,False,False,False,False,False,False,False,False,False,False,False,False,False,False,False,False,False,False,False,False,False,False,False,False,False,False,False,False,False,True,False,False,False,False,False,False,False,False,False
CCMSLIB00012718709,Isomerochlorophaeic acid,M-H,Negative,-1,445.186,446.194,276 Scan.mzXML,Didepside,O=C(OC1=C(O)C=C(CCC)C(C(O)=O)=C1O)C2=C(CCCCC)C=C(OC)C=C2OC,O=C(OC1=C(O)C=C(CCC)C(C(O)=O)=C1O)C2=C(CCCCC)C=C(OC)C=C2OC,C24H30O8,445.1863,M-H,5.5,HZWHNZQWBYPDGW,O=C(Oc1ccccc1)c1ccccc1,HZWHNZQWBYPDGW,O=C(Oc1ccccc1)c1ccccc1,C24H30O8,446.19406791999995,445.18679191999996,-0.0007919199999832927,-6.791999993538411e-05,C;H;O;,1.0,False,False,False,False,False,False,False,False,False,False,False,False,False,False,False,False,False,False,False,False,False,False,False,False,False,False,False,False,False,False,False,False,False,True,True,False,False,False,False,True,True,False,True
CCMSLIB00012718710,Isonorlobaridone,M+H,Positive,1,399.181,398.173,277 Scan.mzXML,Diphenylether,OC1=CC2=C(C(O/C2=C\CCC)=O)C(OC3=C(O)C=C(O)C=C3CCCCC)=C1,OC1=CC2=C(C(O/C2=C\CCC)=O)C(OC3=C(O)C=C(O)C=C3CCCCC)=C1,C23H26O6,399.1807,M+H,5.4,DVNGOUIKQAGPHI,C=C1OC(=O)c2c(Oc3ccccc3)cccc21,DVNGOUIKQAGPHI,C=C1OC(=O)c2c(Oc3ccccc3)cccc21,C23H26O6,398.172938552,399.180214552,0.0007854479999878095,6.144799999674433e-05,C;H;O;,1.0,False,False,False,False,False,False,False,False,False,False,False,False,False,False,False,False,False,False,False,False,False,False,False,False,False,False,False,False,False,False,False,False,False,False,False,False,False,False,False,False,False,False,False
CCMSLIB00012718711,Isonorobtusatic acid,M-H,Negative,-1,331.082,332.09,278 Scan.mzXML,Didepside,O=C(OC1=CC(C)=C(C(O)=O)C(O)=C1C)C2=C(C)C=C(O)C=C2O,O=C(OC1=CC(C)=C(C(O)=O)C(O)=C1C)C2=C(C)C=C(O)C=C2O,C17H16O7,331.0818,M-H,4.9,PHRVMXJRNDCKTH,O=C(Oc1ccccc1)c1ccccc1,PHRVMXJRNDCKTH,O=C(Oc1ccccc1)c1ccccc1,C17H16O7,332.089602852,331.082326852,-0.0003268520000005992,0.0003971479999904659,C;H;O;,1.0,False,False,False,False,False,False,False,False,False,False,False,False,False,False,False,False,False,False,False,False,False,False,False,False,False,False,False,False,False,False,False,False,False,True,True,False,False,False,False,True,False,False,True
CCMSLIB00012718712,Isonorpannarin,M-H,Negative,-1,347.032,348.04,279 Scan.mzXML,Depsidone,O=C1C2=C(C)C=C(O)C(C([H])=O)=C2OC(C(C)=C(Cl)C(O)=C3C)=C3O1,O=C1C2=C(C)C=C(O)C(C([H])=O)=C2OC(C(C)=C(Cl)C(O)=C3C)=C3O1,C17H13ClO6,347.0323,M-H,5.5,OAWQKJSNONIKCB,O=C1Oc2ccccc2Oc2ccccc21,OAWQKJSNONIKCB,O=C1Oc2ccccc2Oc2ccccc21,C17H13ClO6,348.040065816,347.032789816,-0.0007898160000081589,-6.581599996025034e-05,C;Cl;H;O;,1.0,False,False,False,False,False,False,False,False,False,False,False,False,False,False,False,False,False,False,False,False,False,False,False,False,False,False,False,False,False,False,False,False,False,True,True,False,False,False,False,False,False,False,True
CCMSLIB00012718713,Isonotatic acid,M-H,Negative,-1,343.082,344.09,280 Scan.mzXML,Depsidone,O=C1C2=C(C)C=C(OC)C=C2OC(C(C)=C(C(O)=O)C(O)=C3C)=C3O1,O=C1C2=C(C)C=C(OC)C=C2OC(C(C)=C(C(O)=O)C(O)=C3C)=C3O1,C18H16O7,343.0818,M-H,5.3,JEHYJJDRGTXSGX,O=C1Oc2ccccc2Oc2ccccc21,JEHYJJDRGTXSGX,O=C1Oc2ccccc2Oc2ccccc21,C18H16O7,344.089602852,343.082326852,-0.0003268520000005992,0.0003971479999904659,C;H;O;,1.0,False,False,False,False,False,False,False,False,False,False,False,False,False,False,False,False,False,False,False,False,False,False,False,False,False,False,False,False,False,False,False,False,False,True,True,False,False,False,False,True,True,False,True
CCMSLIB00012718714,Isoobtusatic acid,M-H,Negative,-1,345.098,346.105,281 Scan.mzXML,Didepside,O=C(OC1=CC(C)=C(C(O)=O)C(O)=C1C)C2=C(C)C=C(OC)C=C2O,O=C(OC1=CC(C)=C(C(O)=O)C(O)=C1C)C2=C(C)C=C(OC)C=C2O,C18H18O7,345.0975,M-H,5.5,FVYOPZXVFTVTDA,O=C(Oc1ccccc1)c1ccccc1,FVYOPZXVFTVTDA,O=C(Oc1ccccc1)c1ccccc1,C18H18O7,346.105252916,345.097976916,2.3084000019935047e-05,-0.00025291599996535297,C;H;O;,1.0,False,False,False,False,False,False,False,False,False,False,False,False,False,False,False,False,False,False,False,False,False,False,False,False,False,False,False,False,False,False,False,False,False,True,True,False,False,False,False,True,True,False,True
CCMSLIB00012718715,Isopatagonic acid,M-H,Negative,-1,457.186,458.194,282 Scan.mzXML,Didepside,O=C(OC1=CC(C)=C(C(O)=O)C(O)=C1)C2=C(CC(CCCCCCC)=O)C=C(OC)C=C2O,O=C(OC1=CC(C)=C(C(O)=O)C(O)=C1)C2=C(CC(CCCCCCC)=O)C=C(OC)C=C2O,C25H30O8,457.1863,M-H,5.8,JUIOTWRVPCTDBX,O=C(Oc1ccccc1)c1ccccc1,JUIOTWRVPCTDBX,O=C(Oc1ccccc1)c1ccccc1,C25H30O8,458.19406791999995,457.18679191999996,-0.0007919199999832927,-6.791999993538411e-05,C;H;O;,1.0,False,False,False,False,False,False,False,False,False,False,False,False,False,False,False,False,False,False,False,False,False,False,False,False,False,False,False,False,False,False,False,False,False,True,True,False,False,False,False,True,True,False,True
CCMSLIB00012718716,Isopseudocyphellarin A,M-H,Negative,-1,401.124,402.132,283 Scan.mzXML,Didepside,CC1=C(C(=C(C(=C1C(=O)OC)O)C)OC(=O)C2=C(C(=C(C(=C2C)C=O)O)C)O)C,CC1=C(C(=C(C(=C1C(=O)OC)O)C)OC(=O)C2=C(C(=C(C(=C2C)C=O)O)C)O)C,C21H22O8,401.1237,M-H,6.1,MUKMJPYYNNZPRS,O=C(Oc1ccccc1)c1ccccc1,MUKMJPYYNNZPRS,O=C(Oc1ccccc1)c1ccccc1,C21H22O8,402.13146766399996,401.12419166399997,-0.00019166399994219319,0.0005323360000488719,C;H;O;,1.0,False,False,False,False,False,False,False,False,False,False,False,False,False,False,False,False,False,False,False,False,False,False,False,False,False,False,False,False,False,False,False,False,False,True,True,False,False,False,False,True,False,False,True
CCMSLIB00012718717,Isorangiformic acid,M-H,Negative,-1,385.259,386.267,284 Scan.mzXML,Acid,CCCCCCCCCCCCCC[C@@H]([C@H](CC(=O)O)C(=O)OC)C(=O)O,CCCCCCCCCCCCCC[C@@H]([C@H](CC(=O)O)C(=O)OC)C(=O)O,C21H38O6,385.259,M-H,6.4,MZWQZYDNVSKPPF,__ACYCLIC__MZWQZYDNVSKPPF,MZWQZYDNVSKPPF,__ACYCLIC__MZWQZYDNVSKPPF,C21H38O6,386.2668389359999,385.2595629359999,-0.0005629359998806649,0.00016106400011040023,C;H;O;,1.0,False,True,True,False,True,False,False,False,False,False,False,False,False,False,False,False,False,False,False,False,False,False,False,False,False,False,False,False,False,False,False,False,False,True,False,False,False,False,True,True,True,True,False
CCMSLIB00012718718,Isoschizopeltic acid,M+H,Positive,1,359.113,358.105,285 Scan.mzXML,Dibenzofuran,CC1=C(C2=C(OC)C=C(C)C(C(OC)=O)=C2O3)C3=CC(OC)=C1C(O)=O,CC1=C(C2=C(OC)C=C(C)C(C(OC)=O)=C2O3)C3=CC(OC)=C1C(O)=O,C19H18O7,359.1131,M+H,5,IGHSONVVSAGQIS,c1ccc2c(c1)oc1ccccc12,IGHSONVVSAGQIS,c1ccc2c(c1)oc1ccccc12,C19H18O7,358.1052529159999,359.1125289159999,0.0004710840000825556,-0.00025291599990850955,C;H;O;,1.0,False,False,False,False,False,False,False,False,False,False,False,False,False,False,False,False,False,False,False,False,False,False,False,False,False,False,False,False,False,False,False,False,False,True,True,False,False,False,False,True,True,False,True
CCMSLIB00012718719,Isosphaeric acid,M-H,Negative,-1,415.176,416.184,286 Scan.mzXML,Didepside,OC1=CC(OC)=CC(CCCCCCC)=C1C(OC2=CC(O)=C(C(O)=O)C(C)=C2)=O,OC1=CC(OC)=CC(CCCCCCC)=C1C(OC2=CC(O)=C(C(O)=O)C(C)=C2)=O,C23H28O7,415.1757,M-H,6.4,OYEWMEUDOVKFPP,O=C(Oc1ccccc1)c1ccccc1,OYEWMEUDOVKFPP,O=C(Oc1ccccc1)c1ccccc1,C23H28O7,416.18350323599986,415.1762272359999,-0.00022723599988694332,0.0004967640001609652,C;H;O;,1.0,False,False,False,False,False,False,False,False,False,False,False,False,False,False,False,False,False,False,False,False,False,False,False,False,False,False,False,False,False,False,False,False,False,True,True,False,False,False,False,True,False,False,True
CCMSLIB00012718720,Isovicanicin,M-H,Negative,-1,381.03,382.038,287 Scan.mzXML,Depsidone,O=C1C2=C(C)C(Cl)=C(OC)C(C)=C2OC(C(C)=C(Cl)C(O)=C3C)=C3O1,O=C1C2=C(C)C(Cl)=C(OC)C(C)=C2OC(C(C)=C(Cl)C(O)=C3C)=C3O1,C18H16Cl2O5,381.0297,M-H,6.1,TYZCIISDGILCAE,O=C1Oc2ccccc2Oc2ccccc21,TYZCIISDGILCAE,O=C1Oc2ccccc2Oc2ccccc21,C18H16Cl2O5,382.0374789719999,381.0302029719999,-0.00020297199995411574,0.0005210280000937928,C;Cl;H;O;,1.0,False,False,False,False,False,False,False,False,False,False,False,False,False,False,False,False,False,False,False,False,False,False,False,False,False,False,False,False,False,False,False,False,False,True,True,False,False,False,False,False,False,False,True
CCMSLIB00012718721,Lasallic acid,M-H,Negative,-1,483.093,484.101,289 Scan.mzXML,Tridepside,CC1=CC(=CC(=C1C(=O)OC2=CC(=C(C(=C2)C)C(=O)OC3=C(C=C(C(=C3O)C(=O)O)C)O)O)O)O,CC1=CC(=CC(=C1C(=O)OC2=CC(=C(C(=C2)C)C(=O)OC3=C(C=C(C(=C3O)C(=O)O)C)O)O)O)O,C24H20O11,483.0928,M-H,4.9,KAFPHZZQRJCPMP,O=C(Oc1ccc(C(=O)Oc2ccccc2)cc1)c1ccccc1,KAFPHZZQRJCPMP,O=C(Oc1ccc(C(=O)Oc2ccccc2)cc1)c1ccccc1,C24H20O11,484.1005614599998,483.09328545999983,-0.00028545999981588466,0.00043854000017518047,C;H;O;,1.0,False,False,False,False,False,False,False,False,False,False,False,False,False,False,False,False,False,False,False,False,False,False,False,False,False,False,False,False,False,False,False,False,False,True,False,False,True,False,False,False,False,False,True
CCMSLIB00012718722,Lecanoric acid,M-H,Negative,-1,317.066,318.074,290 Scan.mzXML,Didepside,CC1=CC(=CC(=C1C(=O)OC2=CC(=C(C(=C2)C)C(=O)O)O)O)O,CC1=CC(=CC(=C1C(=O)OC2=CC(=C(C(=C2)C)C(=O)O)O)O)O,C16H14O7,317.0662,M-H,4.8,HEMSJKZDHNSSEW,O=C(Oc1ccccc1)c1ccccc1,HEMSJKZDHNSSEW,O=C(Oc1ccccc1)c1ccccc1,C16H14O7,318.07395278799993,317.06667678799994,-0.0006767879999642901,4.721200008361848e-05,C;H;O;,1.0,False,True,True,False,True,False,False,False,False,False,False,False,False,False,False,False,False,False,False,False,False,False,False,False,False,False,False,False,False,False,False,False,False,True,True,False,False,False,True,True,True,True,True
CCMSLIB00012718723,Lecideoidin,M-H,Negative,-1,396.988,397.996,291 Scan.mzXML,Depsidone,O=C1C2=C(C)C(Cl)=C(O)C=C2OC(C(C)=C(C(OC)=O)C(O)=C3Cl)=C3O1,O=C1C2=C(C)C(Cl)=C(O)C=C2OC(C(C)=C(C(OC)=O)C(O)=C3Cl)=C3O1,C17H12Cl2O7,396.9882,M-H,5.4,WHFFTLHZVRQSLW,O=C1Oc2ccccc2Oc2ccccc21,WHFFTLHZVRQSLW,O=C1Oc2ccccc2Oc2ccccc21,C17H12Cl2O7,397.9960080839999,396.98873208399993,-0.0007320839999351847,-8.083999944119569e-06,C;Cl;H;O;,1.0,False,False,False,False,False,False,False,False,False,False,False,False,False,False,False,False,False,False,False,False,False,False,False,False,False,False,False,False,False,False,False,False,False,True,True,False,False,False,False,True,False,False,True
CCMSLIB00012718724,Leoidin,M-H,Negative,-1,411.004,412.012,292 Scan.mzXML,Depsidone,CC1=C2C(=C(C(=C1Cl)O)Cl)OC3=C(C(=C(C(=C3C)C(=O)OC)O)C)OC2=O,CC1=C2C(=C(C(=C1Cl)O)Cl)OC3=C(C(=C(C(=C3C)C(=O)OC)O)C)OC2=O,C18H14Cl2O7,411.0039,M-H,5.8,RCLFRVZNHRFQGE,O=C1Oc2ccccc2Oc2ccccc21,RCLFRVZNHRFQGE,O=C1Oc2ccccc2Oc2ccccc21,C18H14Cl2O7,412.01165814799987,411.0043821479999,-0.000382147999857807,0.0003418520001332581,C;Cl;H;O;,1.0,False,True,True,False,True,False,False,False,False,False,False,False,False,False,False,False,False,False,False,False,False,False,False,False,False,False,False,False,False,False,False,False,False,True,True,False,False,False,True,True,True,True,True
CCMSLIB00012718725,Leprapinic acid,M-H,Negative,-1,351.087,352.095,293 Scan.mzXML,Pulvinic Acid Derivatives,COC1=CC=CC=C1/C(=C\2/C(=C(C(=O)O2)C3=CC=CC=C3)O)/C(=O)OC,COC1=CC=CC=C1/C(=C\2/C(=C(C(=O)O2)C3=CC=CC=C3)O)/C(=O)OC,C20H16O6,351.0869,M-H,5.8,IWYVMUDIEOXASM,O=C1OC(=Cc2ccccc2)C=C1c1ccccc1,IWYVMUDIEOXASM,O=C1OC(=Cc2ccccc2)C=C1c1ccccc1,C20H16O6,352.0946882319999,351.0874122319999,-0.0004122319999169122,0.00031176800013099637,C;H;O;,1.0,False,True,True,False,True,False,False,False,False,False,False,False,False,False,False,False,False,False,False,False,False,False,False,False,False,False,False,False,False,False,False,False,False,True,False,False,False,False,True,True,True,True,False
CCMSLIB00012718726,Lepraric acid,M-H,Negative,-1,361.092,362.1,294 Scan.mzXML,Chromone,CC1=CC(=O)C2=C(C(=C(C=C2O1)OC)COC(=O)/C=C(\C)/CC(=O)O)O,CC1=CC(=O)C2=C(C(=C(C=C2O1)OC)COC(=O)/C=C(\C)/CC(=O)O)O,C18H18O8,361.0924,M-H,4.7,JSLBEJMNMZJONS,O=c1ccoc2ccccc12,JSLBEJMNMZJONS,O=c1ccoc2ccccc12,C18H18O8,362.10016753599996,361.09289153599997,-0.0008915359999832617,-0.00016753599993535317,C;H;O;,1.0,False,True,True,False,True,False,False,False,False,False,False,False,False,False,False,False,False,False,False,False,False,False,False,False,False,False,False,False,False,False,False,False,False,True,True,False,False,False,True,True,True,True,True
CCMSLIB00012718727,Leprolomin,M-H,Negative,-1,389.124,390.132,295 Scan.mzXML,Diphenylether,CC1=C(C(=C(C=C1OC)OC2=C(C(=C(C(=C2O)C)OC)C(=O)C)O)C(=O)C)O,CC1=C(C(=C(C=C1OC)OC2=C(C(=C(C(=C2O)C)OC)C(=O)C)O)C(=O)C)O,C20H22O8,389.1237,M-H,5.6,QNCHFYWKVGDPCD,c1ccc(Oc2ccccc2)cc1,QNCHFYWKVGDPCD,c1ccc(Oc2ccccc2)cc1,C20H22O8,390.1314676639999,389.1241916639999,-0.00019166399988534977,0.0005323360001057154,C;H;O;,1.0,False,False,False,False,False,False,False,False,False,False,False,False,False,False,False,False,False,False,False,False,False,False,False,False,False,False,False,False,False,False,False,False,False,True,True,True,False,False,False,True,False,False,True
CCMSLIB00012718728,Lichesterinic acid,M-H,Negative,-1,323.222,324.23,297 Scan.mzXML,Paraconic acids,CCCCCCCCCCCCCC1C(=C(C(=O)O1)C)C(=O)O,CCCCCCCCCCCCCC1C(=C(C(=O)O1)C)C(=O)O,C19H32O4,323.2223,M-H,6.9,SLQVVNFTCYVCPB,O=C1C=CCO1,SLQVVNFTCYVCPB,O=C1C=CCO1,C19H32O4,324.23005950399994,323.22278350399995,-0.0007835039999690707,-5.9503999921162176e-05,C;H;O;,1.0,False,True,True,False,True,False,False,False,False,False,False,False,False,False,False,False,False,False,False,False,False,False,False,False,False,False,False,False,False,False,False,False,False,True,True,False,False,False,True,True,True,True,True
CCMSLIB00012718729,Lichexanthone,M+H,Positive,1,287.092,286.084,298 Scan.mzXML,Xanthone,CC1=CC(=CC2=C1C(=O)C3=C(C=C(C=C3O2)OC)O)OC,CC1=CC(=CC2=C1C(=O)C3=C(C=C(C=C3O2)OC)O)OC,C16H14O5,287.0919,M+H,6,QDLAGTHXVHQKRE,O=c1c2ccccc2oc2ccccc12,QDLAGTHXVHQKRE,O=c1c2ccccc2oc2ccccc12,C16H14O5,286.084123548,287.09139954799997,0.000600452000014684,-0.0001235479999763811,C;H;O;,1.0,False,False,False,False,False,False,False,False,False,False,False,False,False,False,False,False,False,False,False,False,False,False,False,False,False,False,False,False,False,False,False,False,False,True,True,True,False,False,False,True,False,False,True
CCMSLIB00012718730,Lividic acid,M+H,Positive,1,501.212,500.205,299 Scan.mzXML,Depsidone,CCCCCC1=C(C(=CC2=C1OC3=C(C(=CC(=C3O)OC)CC(=O)CCCCC)C(=O)O2)O)C(=O)O,CCCCCC1=C(C(=CC2=C1OC3=C(C(=CC(=C3O)OC)CC(=O)CCCCC)C(=O)O2)O)C(=O)O,C27H32O9,501.2124,M+H,5.7,YFNNJORBJZUGCV,O=C1Oc2ccccc2Oc2ccccc21,YFNNJORBJZUGCV,O=C1Oc2ccccc2Oc2ccccc21,C27H32O9,500.2046326039998,501.2119086039998,9.139600018670535e-05,0.00036739600017199336,C;H;O;,1.0,False,True,True,False,True,False,False,False,False,False,False,False,False,False,False,False,False,False,False,False,False,False,False,False,False,False,False,False,False,False,False,False,False,True,True,False,False,False,True,True,True,True,True
CCMSLIB00012718731,Lobaric acid,M-H,Negative,-1,455.171,456.178,300 Scan.mzXML,Depsidone,CCCCCC1=C(C(=CC2=C1OC3=CC(=CC(=C3C(=O)O2)C(=O)CCCC)OC)O)C(=O)O,CCCCCC1=C(C(=CC2=C1OC3=CC(=CC(=C3C(=O)O2)C(=O)CCCC)OC)O)C(=O)O,C25H28O8,455.1706,M-H,5.9,JHEWMLHQNRHTQX,O=C1Oc2ccccc2Oc2ccccc21,JHEWMLHQNRHTQX,O=C1Oc2ccccc2Oc2ccccc21,C25H28O8,456.17841785599984,455.17114185599985,-0.00014185599985694353,-0.00041785599984223154,C;H;O;,1.0,False,True,True,True,True,False,False,False,False,False,False,False,False,False,False,False,False,False,False,False,False,False,False,False,False,False,False,False,False,False,False,False,False,True,True,False,False,False,True,True,True,True,True
CCMSLIB00012718732,Loxodellic acid,M-H,Negative,-1,429.155,430.163,301 Scan.mzXML,Didepside,OC1=C(C(CC(CCC)=O)=CC(OC)=C1)C(OC2=CC(CCC)=C(C(O)=O)C(O)=C2)=O,OC1=C(C(CC(CCC)=O)=CC(OC)=C1)C(OC2=CC(CCC)=C(C(O)=O)C(O)=C2)=O,C23H26O8,429.155,M-H,5.4,AWAOOWRLQZUOBX,O=C(Oc1ccccc1)c1ccccc1,AWAOOWRLQZUOBX,O=C(Oc1ccccc1)c1ccccc1,C23H26O8,430.1627677919999,429.1554917919999,-0.0004917919999343212,0.00023220800011358733,C;H;O;,1.0,False,False,False,False,False,False,False,False,False,False,False,False,False,False,False,False,False,False,False,False,False,False,False,False,False,False,False,False,False,False,False,False,False,True,True,False,False,False,False,False,False,False,True
CCMSLIB00012718733,Loxodin,M+H,Positive,1,457.186,456.178,303 Scan.mzXML,Depsidone,CCCCCC1=C(C(=CC2=C1OC3=CC(=CC(=C3C(=O)O2)C(=O)CCCC)O)O)C(=O)OC,CCCCCC1=C(C(=CC2=C1OC3=CC(=CC(=C3C(=O)O2)C(=O)CCCC)O)O)C(=O)OC,C25H28O8,457.1862,M+H,5.7,KDGYIQJGCXRCIL,O=C1Oc2ccccc2Oc2ccccc21,KDGYIQJGCXRCIL,O=C1Oc2ccccc2Oc2ccccc21,C25H28O8,456.17841785599984,457.18569385599983,0.0003061440001488336,-0.00041785599984223154,C;H;O;,1.0,False,False,False,False,False,False,False,False,False,False,False,False,False,False,False,False,False,False,False,False,False,False,False,False,False,False,False,False,False,False,False,False,False,True,True,False,False,False,False,True,True,False,True
CCMSLIB00012718734,Lusitanic acid,M-H,Negative,-1,415.066,416.074,305 Scan.mzXML,Depsidone,CC1=CC(=C(C2=C1C(=O)OC3=C(O2)C4=C(C(=C3C)O)C(=O)OC4O)C(=O)OC)OC,CC1=CC(=C(C2=C1C(=O)OC3=C(O2)C4=C(C(=C3C)O)C(=O)OC4O)C(=O)OC)OC,C20H16O10,415.0665,M-H,4.8,MQDDEDPDQWWJHK,O=C1Oc2ccc3c(c2Oc2ccccc21)COC3=O,MQDDEDPDQWWJHK,O=C1Oc2ccc3c(c2Oc2ccccc21)COC3=O,C20H16O10,416.07434671199985,415.06707071199986,-0.001070711999886953,-0.00034671199983904444,C;H;O;,1.0,False,False,False,False,False,False,False,False,False,False,False,False,False,False,False,False,False,False,False,False,False,False,False,False,False,False,False,False,False,False,False,False,False,True,True,False,False,False,False,True,False,False,True
CCMSLIB00012718735,Malonprotocetraric acid,M-H,Negative,-1,459.056,460.064,306 Scan.mzXML,Depsidone,O=C1C2=C(C)C=C(O)C(C([H])=O)=C2OC(C(C)=C(C(O)=O)C(O)=C3COC(CC(O)=O)=O)=C3O1,O=C1C2=C(C)C=C(O)C(C([H])=O)=C2OC(C(C)=C(C(O)=O)C(O)=C3COC(CC(O)=O)=O)=C3O1,C21H16O12,459.0564,M-H,4.7,QGTPMCOCAZQPEC,O=C1Oc2ccccc2Oc2ccccc21,QGTPMCOCAZQPEC,O=C1Oc2ccccc2Oc2ccccc21,C21H16O12,460.06417595199986,459.05689995199987,-0.0008999519998837968,-0.00017595199983588827,C;H;O;,1.0,False,False,False,False,False,False,False,False,False,False,False,False,False,False,False,False,False,False,False,False,False,False,False,False,False,False,False,False,False,False,False,False,False,True,True,False,False,False,False,False,False,False,True
CCMSLIB00012718736,Megapicrolichenic acid,M+H,Positive,1,527.301,526.293,307 Scan.mzXML,Misc,OC1=C(C(O)=O)C(CCCCCCCCC)=C2C(OC(C23C(CCCCCCC)=CC(C=C3OC)=O)=O)=C1,OC1=C(C(O)=O)C(CCCCCCCCC)=C2C(OC(C23C(CCCCCCC)=CC(C=C3OC)=O)=O)=C1,C26H24O11,527.3009,M+H,6.7,PJEGQCVEQKGGJA,O=C1C=CC2(C=C1)C(=O)Oc1ccccc12,PJEGQCVEQKGGJA,O=C1C=CC2(C=C1)C(=O)Oc1ccccc12,C31H42O7,526.2930536839999,527.300329684,0.0006703160000824937,-5.368399990857142e-05,C;H;O;,1.0,False,False,False,False,False,False,False,False,False,False,False,False,False,False,False,False,False,False,False,False,False,False,False,False,False,False,False,False,False,False,False,False,False,True,False,False,False,False,False,False,False,False,False
CCMSLIB00012718737,Melacarpic acid,M-H,Negative,-1,369.17,370.178,308 Scan.mzXML,Dibenzofuran,OC1=C(C(O)=O)C(CCCCCCC)=C(C2=C(C)C=C(OC)C=C2O3)C3=C1,OC1=C(C(O)=O)C(CCCCCCC)=C(C2=C(C)C=C(OC)C=C2O3)C3=C1,C22H26O5,369.1702,M-H,6,CVRZPOWWQIURGZ,c1ccc2c(c1)oc1ccccc12,CVRZPOWWQIURGZ,c1ccc2c(c1)oc1ccccc12,C22H26O5,370.178023932,369.170747932,-0.0007479319999674772,-2.3931999976412044e-05,C;H;O;,1.0,False,False,False,False,False,False,False,False,False,False,False,False,False,False,False,False,False,False,False,False,False,False,False,False,False,False,False,False,False,False,False,False,False,True,True,False,False,False,False,True,True,False,True
CCMSLIB00012718738,Menegazziaic acid,M-H,Negative,-1,373.056,374.064,309 Scan.mzXML,Depsidone,CC1=CC(=C(C2=C1C(=O)OC3=C(O2)C4=C(C(=C3C)O)C(=O)OC4O)O)OC,CC1=CC(=C(C2=C1C(=O)OC3=C(O2)C4=C(C(=C3C)O)C(=O)OC4O)O)OC,C18H14O9,373.056,M-H,4.7,CAIDWUCHPKFSPM,O=C1Oc2ccc3c(c2Oc2ccccc21)COC3=O,CAIDWUCHPKFSPM,O=C1Oc2ccc3c(c2Oc2ccccc21)COC3=O,C18H14O9,374.0637820279999,373.0565060279999,-0.0005060279999042905,0.00021797200014361806,C;H;O;,1.0,False,False,False,False,False,False,False,False,False,False,False,False,False,False,False,False,False,False,False,False,False,False,False,False,False,False,False,False,False,False,False,False,False,True,True,False,False,False,False,True,False,False,True
CCMSLIB00012718739,Merochlorophaeic acid,M-H,Negative,-1,445.186,446.194,310 Scan.mzXML,Didepside,CCCCCC1=CC(=C(C(=C1C(=O)O)O)OC(=O)C2=C(C=C(C=C2OC)OC)CCC)O,CCCCCC1=CC(=C(C(=C1C(=O)O)O)OC(=O)C2=C(C=C(C=C2OC)OC)CCC)O,C24H30O8,445.1863,M-H,5.5,AAKHGLJWUOZNTQ,O=C(Oc1ccccc1)c1ccccc1,AAKHGLJWUOZNTQ,O=C(Oc1ccccc1)c1ccccc1,C24H30O8,446.19406791999995,445.18679191999996,-0.0007919199999832927,-6.791999993538411e-05,C;H;O;,1.0,False,True,True,False,True,False,False,False,False,False,False,False,False,False,False,False,False,False,False,False,False,False,False,False,False,False,False,False,False,False,False,False,False,True,True,False,False,False,True,True,True,True,True
CCMSLIB00012718740,3-Methoxycolensoic acid,M-H,Negative,-1,471.202,472.21,311 Scan.mzXML,Depsidone,CCCCCC1=CC(=C(C2=C1C(=O)OC3=C(O2)C(=C(C(=C3)O)C(=O)O)CCCCC)OC)OC,CCCCCC1=CC(=C(C2=C1C(=O)OC3=C(O2)C(=C(C(=C3)O)C(=O)O)CCCCC)OC)OC,C26H32O8,471.2019,M-H,6.2,GHBZVNHEVHMKOB,O=C1Oc2ccccc2Oc2ccccc21,GHBZVNHEVHMKOB,O=C1Oc2ccccc2Oc2ccccc21,C26H32O8,472.20971798399984,471.20244198399985,-0.00044198399984907155,0.00028201600014199357,C;H;O;,1.0,False,True,True,False,True,False,False,False,False,False,False,False,False,False,False,False,False,False,False,False,False,False,False,False,False,False,False,False,False,False,False,False,False,True,True,False,False,False,True,True,True,True,True
CCMSLIB00012718741,"""3-Methoxy-2,4-di-O-methylgyrophoric acid""",M-H,Negative,-1,511.124,512.132,312 Scan.mzXML,Tridepside,O=C(OC1=CC(O)=C(C(OC2=CC(O)=C(C(O)=O)C(C)=C2)=O)C(C)=C1)C3=C(C)C=C(OC)C(O)=C3OC,O=C(OC1=CC(O)=C(C(OC2=CC(O)=C(C(O)=O)C(C)=C2)=O)C(C)=C1)C3=C(C)C=C(OC)C(O)=C3OC,C26H24O11,511.1241,M-H,5.2,XPYXJZULWUELCC,O=C(Oc1ccc(C(=O)Oc2ccccc2)cc1)c1ccccc1,XPYXJZULWUELCC,O=C(Oc1ccc(C(=O)Oc2ccccc2)cc1)c1ccccc1,C26H24O11,512.1318615879999,511.1245855879999,-0.0005855879998648561,0.0001384120000693656,C;H;O;,1.0,False,False,False,False,False,False,False,False,False,False,False,False,False,False,False,False,False,False,False,False,False,False,False,False,False,False,False,False,False,False,False,False,False,True,False,False,True,False,False,False,False,False,True
CCMSLIB00012718742,5-Methoxylecanoric acid,M-H,Negative,-1,347.077,348.085,313 Scan.mzXML,Didepside,CC1=C(OC)C(O)=CC(O)=C1C(OC2=CC(O)=C(C(O)=O)C(C)=C2)=O,CC1=C(OC)C(O)=CC(O)=C1C(OC2=CC(O)=C(C(O)=O)C(C)=C2)=O,C17H16O8,347.0767,M-H,4.7,VDFGDVPGCCOFSG,O=C(Oc1ccccc1)c1ccccc1,VDFGDVPGCCOFSG,O=C(Oc1ccccc1)c1ccccc1,C17H16O8,348.08451747199996,347.07724147199997,-0.00024147199997059943,0.0004825280000204657,C;H;O;,1.0,False,False,False,False,False,False,False,False,False,False,False,False,False,False,False,False,False,False,False,False,False,False,False,False,False,False,False,False,False,False,False,False,False,True,True,False,False,False,False,True,False,False,True
CCMSLIB00012718743,Methoxymicareic acid,M-H,Negative,-1,529.28,530.288,314 Scan.mzXML,Diphenylether,OC1=C(C(O)=O)C(CCCCCCC)=C(OC)C(OC2=CC(OC)=CC(CCCCCCC)=C2C(O)=O)=C1,OC1=C(C(O)=O)C(CCCCCCC)=C(OC)C(OC2=CC(OC)=CC(CCCCCCC)=C2C(O)=O)=C1,C30H42O8,529.2802,M-H,6.2,LADAGSOMAZSDKJ,c1ccc(Oc2ccccc2)cc1,LADAGSOMAZSDKJ,c1ccc(Oc2ccccc2)cc1,C30H42O8,530.287968304,529.2806923039999,-0.0006923039999264802,3.169600006458495e-05,C;H;O;,1.0,False,False,False,False,False,False,False,False,False,False,False,False,False,False,False,False,False,False,False,False,False,False,False,False,False,False,False,False,False,False,False,False,False,True,True,True,False,False,False,True,False,False,True
CCMSLIB00012718744,2-Methoxypsoromic acid,M-H,Negative,-1,387.072,388.079,315 Scan.mzXML,Depsidone,CC1=C(C=C(C2=C1OC(=O)C3=C(C(=C(C(=C3O2)C=O)O)OC)C)C(=O)O)OC,CC1=C(C=C(C2=C1OC(=O)C3=C(C(=C(C(=C3O2)C=O)O)OC)C)C(=O)O)OC,C19H16O9,387.0716,M-H,5.3,CUTKOMMVYWFNIB,O=C1Oc2ccccc2Oc2ccccc21,CUTKOMMVYWFNIB,O=C1Oc2ccccc2Oc2ccccc21,C19H16O9,388.0794320919999,387.0721560919999,-0.00015609199988375622,-0.00043209199986904423,C;H;O;,1.0,False,False,False,False,False,False,False,False,False,False,False,False,False,False,False,False,False,False,False,False,False,False,False,False,False,False,False,False,False,False,False,False,False,True,True,False,False,False,False,True,False,False,True
CCMSLIB00012718745,3-Methoxyumbilicaric acid,M-H,Negative,-1,511.124,512.132,316 Scan.mzXML,Tridepside,O=C(OC1=CC(O)=C(C(OC2=CC(O)=C(C(O)=O)C(C)=C2)=O)C(C)=C1)C3=C(C)C=C(O)C(OC)=C3OC,O=C(OC1=CC(O)=C(C(OC2=CC(O)=C(C(O)=O)C(C)=C2)=O)C(C)=C1)C3=C(C)C=C(O)C(OC)=C3OC,C26H24O11,511.1241,M-H,5.2,KZBAQNKNDCEFHX,O=C(Oc1ccc(C(=O)Oc2ccccc2)cc1)c1ccccc1,KZBAQNKNDCEFHX,O=C(Oc1ccc(C(=O)Oc2ccccc2)cc1)c1ccccc1,C26H24O11,512.1318615879999,511.1245855879999,-0.0005855879998648561,0.0001384120000693656,C;H;O;,1.0,False,False,False,False,False,False,False,False,False,False,False,False,False,False,False,False,False,False,False,False,False,False,False,False,False,False,False,False,False,False,False,False,False,True,False,False,True,False,False,False,False,False,True
CCMSLIB00012718746,2'-O-Methylanziaic acid,M-H,Negative,-1,443.207,444.215,317 Scan.mzXML,Didepside,OC1=C(C(OC2=CC(CCCCC)=C(C(O)=O)C(OC)=C2)=O)C(CCCCC)=CC(O)=C1,OC1=C(C(OC2=CC(CCCCC)=C(C(O)=O)C(OC)=C2)=O)C(CCCCC)=CC(O)=C1,C25H32O7,443.207,M-H,5.8,LULXQWKBGWKNMJ,O=C(Oc1ccccc1)c1ccccc1,LULXQWKBGWKNMJ,O=C(Oc1ccccc1)c1ccccc1,C25H32O7,444.214803364,443.207527364,-0.0005273639999927582,0.00019663599999830694,C;H;O;,1.0,False,False,False,False,False,False,False,False,False,False,False,False,False,False,False,False,False,False,False,False,False,False,False,False,False,False,False,False,False,False,False,False,False,True,True,False,False,False,False,True,False,False,True
CCMSLIB00012718747,"""6-O-Methylarthothelin or 2,4,5-Trichloro-6-O-methylnorlichexanthone""",M-H,Negative,-1,372.944,373.952,318 Scan.mzXML,Xanthone,CC1=CC(=C(C2=C1C(=O)C3=C(C(=C(C(=C3O2)Cl)O)Cl)O)Cl)OC,CC1=CC(=C(C2=C1C(=O)C3=C(C(=C(C(=C3O2)Cl)O)Cl)O)Cl)OC,C15H9Cl3O5,372.9438,M-H,5.8,SMLUHOHPDVBXKH,O=c1c2ccccc2oc2ccccc12,SMLUHOHPDVBXKH,O=c1c2ccccc2oc2ccccc12,C15H9Cl3O5,373.95155642799995,372.94428042799996,-0.0002804279999395476,0.00044357200005151753,C;Cl;H;O;,1.0,False,False,False,False,False,False,False,False,False,False,False,False,False,False,False,False,False,False,False,False,False,False,False,False,False,False,False,False,False,False,False,False,False,True,True,True,False,False,False,False,False,False,True
CCMSLIB00012718748,Methyl ascomatate,M+H,Positive,1,315.123,314.115,319 Scan.mzXML,Dibenzofuran,CC1=C2C3=C(C)C(C(OC)=O)=C(OC)C=C3OC2=CC(OC)=C1,CC1=C2C3=C(C)C(C(OC)=O)=C(OC)C=C3OC2=CC(OC)=C1,C18H18O5,315.1232,M+H,5.6,SIRGPDYCJOSKEV,c1ccc2c(c1)oc1ccccc12,SIRGPDYCJOSKEV,c1ccc2c(c1)oc1ccccc12,C18H18O5,314.115423676,315.12269967599997,0.000300324000022556,-0.00042367599996850913,C;H;O;,1.0,False,False,False,False,False,False,False,False,False,False,False,False,False,False,False,False,False,False,False,False,False,False,False,False,False,False,False,False,False,False,False,False,False,True,True,False,False,False,False,True,False,False,True
CCMSLIB00012718749,"""3-O-Methylasemone or 4,5,7-Trichloro-3-O-methylnorlichexanthone""",M-H,Negative,-1,372.944,373.952,320 Scan.mzXML,Xanthone,OC(C=C(C(Cl)=C1OC2=C(Cl)C(O)=C(Cl)C(C)=C32)OC)=C1C3=O,OC(C=C(C(Cl)=C1OC2=C(Cl)C(O)=C(Cl)C(C)=C32)OC)=C1C3=O,C15H9Cl3O5,372.9438,M-H,5.9,RMZVGXZIOZSDGN,O=c1c2ccccc2oc2ccccc12,RMZVGXZIOZSDGN,O=c1c2ccccc2oc2ccccc12,C15H9Cl3O5,373.951556428,372.944280428,-0.000280427999996391,0.0004435719999946741,C;Cl;H;O;,1.0,False,False,False,False,False,False,False,False,False,False,False,False,False,False,False,False,False,False,False,False,False,False,False,False,False,False,False,False,False,False,False,False,False,True,True,True,False,False,False,False,False,False,True
CCMSLIB00012718750,2'-O-Methylatranorin,M-H,Negative,-1,387.108,388.116,321 Scan.mzXML,Didepside,O=C(OC1=CC(C)=C(C(OC)=O)C(OC)=C1C)C2=C(C)C=C(O)C(C=O)=C2O,O=C(OC1=CC(C)=C(C(OC)=O)C(OC)=C1C)C2=C(C)C=C(O)C(C=O)=C2O,C20H20O8,387.108,M-H,5.8,JYNMXZAQJOLHEB,O=C(Oc1ccccc1)c1ccccc1,JYNMXZAQJOLHEB,O=C(Oc1ccccc1)c1ccccc1,C20H20O8,388.11581759999996,387.10854159999997,-0.0005415999999627275,0.00018240000002833767,C;H;O;,1.0,False,False,False,False,False,False,False,False,False,False,False,False,False,False,False,False,False,False,False,False,False,False,False,False,False,False,False,False,False,False,False,False,False,True,True,False,False,False,False,True,False,False,True
CCMSLIB00012718751,Methyl barbatate,M+H,Positive,1,375.144,374.137,322 Scan.mzXML,Didepside,CC1=CC(=C(C(=C1C(=O)OC2=C(C(=C(C(=C2)C)C(=O)OC)O)C)O)C)OC,CC1=CC(=C(C(=C1C(=O)OC2=C(C(=C(C(=C2)C)C(=O)OC)O)C)O)C)OC,C20H22O7,375.1444,M+H,6.5,YBBZWHIIYJKMKV,O=C(Oc1ccccc1)c1ccccc1,YBBZWHIIYJKMKV,O=C(Oc1ccccc1)c1ccccc1,C20H22O7,374.1365530439999,375.1438290439999,0.00017095600009042755,0.00044695600007571556,C;H;O;,1.0,False,False,False,False,False,False,False,False,False,False,False,False,False,False,False,False,False,False,False,False,False,False,False,False,False,False,False,False,False,False,False,False,False,True,True,False,False,False,False,True,True,False,True
CCMSLIB00012718752,4-O-Methylconhypoprotocetraric acid,M-H,Negative,-1,373.092,374.1,323 Scan.mzXML,Depsidone,CC1=CC(=C(C2=C1C(=O)OC3=C(O2)C(=C(C(=C3CO)O)C(=O)O)C)C)OC,CC1=CC(=C(C2=C1C(=O)OC3=C(O2)C(=C(C(=C3CO)O)C(=O)O)C)C)OC,C19H18O8,373.0924,M-H,5,HKJWQQPQBBPECX,O=C1Oc2ccccc2Oc2ccccc21,HKJWQQPQBBPECX,O=C1Oc2ccccc2Oc2ccccc21,C19H18O8,374.1001675359999,373.0928915359999,-0.0008915359999264183,-0.00016753599987850976,C;H;O;,1.0,False,False,False,False,False,False,False,False,False,False,False,False,False,False,False,False,False,False,False,False,False,False,False,False,False,False,False,False,False,False,False,False,False,True,True,False,False,False,False,True,False,False,True
CCMSLIB00012718753,Methyl 5-chloro-4-O-demethylbarbatate,M-H,Negative,-1,393.074,394.082,324 Scan.mzXML,Didepside,O=C(OC1=CC(C)=C(C(OC)=O)C(O)=C1C)C2=C(C)C(Cl)=C(O)C(C)=C2O,O=C(OC1=CC(C)=C(C(OC)=O)C(O)=C1C)C2=C(C)C(Cl)=C(O)C(C)=C2O,C19H19ClO7,393.0741,M-H,6.2,JFNWTTZQPJYAII,O=C(Oc1ccccc1)c1ccccc1,JFNWTTZQPJYAII,O=C(Oc1ccccc1)c1ccccc1,C19H19ClO7,394.081930628,393.074654628,-0.0006546280000065963,6.937199998446886e-05,C;Cl;H;O;,1.0,False,False,False,False,False,False,False,False,False,False,False,False,False,False,False,False,False,False,False,False,False,False,False,False,False,False,False,False,False,False,False,False,False,True,True,False,False,False,False,False,False,False,True
CCMSLIB00012718754,Methyl 5-chloro-4-O-methylhypoprotocetrarate,M-H,Negative,-1,405.074,406.082,325 Scan.mzXML,Depsidone,O=C1C2=C(C)C(Cl)=C(OC)C(C)=C2OC(C(C)=C(C(OC)=O)C(O)=C3C)=C3O1,O=C1C2=C(C)C(Cl)=C(OC)C(C)=C2OC(C(C)=C(C(OC)=O)C(O)=C3C)=C3O1,C20H19ClO7,405.0741,M-H,6.2,GSOVLANTSDODFF,O=C1Oc2ccccc2Oc2ccccc21,GSOVLANTSDODFF,O=C1Oc2ccccc2Oc2ccccc21,C20H19ClO7,406.08193062799995,405.07465462799996,-0.0006546279999497528,6.937200004131228e-05,C;Cl;H;O;,1.0,False,False,False,False,False,False,False,False,False,False,False,False,False,False,False,False,False,False,False,False,False,False,False,False,False,False,False,False,False,False,False,False,False,True,True,False,False,False,False,False,False,False,True
CCMSLIB00012718755,Methyl 5-chloronorobtusatate,M-H,Negative,-1,379.059,380.066,326 Scan.mzXML,Didepside,OC1=C(C)C(O)=C(Cl)C(C)=C1C(OC2=CC(O)=C(C(OC)=O)C(C)=C2)=O,OC1=C(C)C(O)=C(Cl)C(C)=C1C(OC2=CC(O)=C(C(OC)=O)C(C)=C2)=O,C18H17ClO7,379.0585,M-H,5.7,BZJZYNCPJJSJLS,O=C(Oc1ccccc1)c1ccccc1,BZJZYNCPJJSJLS,O=C(Oc1ccccc1)c1ccccc1,C18H17ClO7,380.06628056399995,379.05900456399996,-4.563999937090557e-06,-0.000280563999979222,C;Cl;H;O;,1.0,False,False,False,False,False,False,False,False,False,False,False,False,False,False,False,False,False,False,False,False,False,False,False,False,False,False,False,False,False,False,False,False,False,True,True,False,False,False,False,False,False,False,True
CCMSLIB00012718756,2-O-Methylconfluentic acid,M-H,Negative,-1,513.249,514.257,327 Scan.mzXML,Didepside,OC(C1=C(CCCCC)C=C(C=C1OC)OC(C(C(OC)=CC(OC)=C2)=C2CC(CCCCC)=O)=O)=O,OC(C1=C(CCCCC)C=C(C=C1OC)OC(C(C(OC)=CC(OC)=C2)=C2CC(CCCCC)=O)=O)=O,C29H38O8,513.2489,M-H,5.8,FOJVABKBASAMHF,O=C(Oc1ccccc1)c1ccccc1,FOJVABKBASAMHF,O=C(Oc1ccccc1)c1ccccc1,C29H38O8,514.256668176,513.2493921759999,-0.00039217599987750873,0.00033182399999986956,C;H;O;,1.0,False,False,False,False,False,False,False,False,False,False,False,False,False,False,False,False,False,False,False,False,False,False,False,False,False,False,False,False,False,False,False,False,False,True,True,False,False,False,False,True,False,False,True
CCMSLIB00012718757,4'-O-Methylcryptochlorophaeic acid,M-H,Negative,-1,473.218,474.225,328 Scan.mzXML,Didepside,CCCCCC1=CC(O)=C(OC(C2=C(CCCCC)C=C(OC)C=C2O)=O)C(OC)=C1C(O)=O,CCCCCC1=CC(O)=C(OC(C2=C(CCCCC)C=C(OC)C=C2O)=O)C(OC)=C1C(O)=O,C26H34O8,473.2176,M-H,5.7,FVIFMBZLJHUGSG,O=C(Oc1ccccc1)c1ccccc1,FVIFMBZLJHUGSG,O=C(Oc1ccccc1)c1ccccc1,C26H34O8,474.22536804799984,473.21809204799985,-9.204799982853729e-05,-0.0003680479998138253,C;H;O;,1.0,False,False,False,False,False,False,False,False,False,False,False,False,False,False,False,False,False,False,False,False,False,False,False,False,False,False,False,False,False,False,False,False,False,True,True,False,False,False,False,True,False,False,True
CCMSLIB00012718758,4-O-Methylcryptochlorophaeic acid,M-H,Negative,-1,473.218,474.225,329 Scan.mzXML,Didepside,CCCCCC1=CC(=C(C(=C1C(=O)O)O)OC(=O)C2=C(C=C(C=C2OC)OC)CCCCC)O,CCCCCC1=CC(=C(C(=C1C(=O)O)O)OC(=O)C2=C(C=C(C=C2OC)OC)CCCCC)O,C26H34O8,473.2176,M-H,5.9,LWJWHWGMUBQMKG,O=C(Oc1ccccc1)c1ccccc1,LWJWHWGMUBQMKG,O=C(Oc1ccccc1)c1ccccc1,C26H34O8,474.22536804799995,473.21809204799996,-9.204799994222412e-05,-0.00036804799992751214,C;H;O;,1.0,False,False,False,False,False,False,False,False,False,False,False,False,False,False,False,False,False,False,False,False,False,False,False,False,False,False,False,False,False,False,False,False,False,True,True,False,False,False,False,True,False,False,True
CCMSLIB00012718759,Methyl 4-O-demethylbarbatate,M+H,Positive,1,361.129,360.121,330 Scan.mzXML,Didepside,CC1=CC(=C(C(=C1C(=O)OC2=C(C(=C(C(=C2)C)C(=O)OC)O)C)O)C)O,CC1=CC(=C(C(=C1C(=O)OC2=C(C(=C(C(=C2)C)C(=O)OC)O)C)O)C)O,C19H20O7,361.1287,M+H,5.7,ODMVDRJFBPXTRQ,O=C(Oc1ccccc1)c1ccccc1,ODMVDRJFBPXTRQ,O=C(Oc1ccccc1)c1ccccc1,C19H20O7,360.1209029799999,361.1281789799999,0.0008210200001030898,9.70200000551813e-05,C;H;O;,1.0,False,False,False,False,False,False,False,False,False,False,False,False,False,False,False,False,False,False,False,False,False,False,False,False,False,False,False,False,False,False,False,False,False,True,True,False,False,False,False,True,True,False,True
CCMSLIB00012718760,"""Methyl 3,5-dichlorolecanorate or Tumidulin""",M-H,Negative,-1,399.004,400.012,331 Scan.mzXML,Didepside,CC1=CC(=CC(=C1C(=O)OC)O)OC(=O)C2=C(C(=C(C(=C2O)Cl)O)Cl)C,CC1=CC(=CC(=C1C(=O)OC)O)OC(=O)C2=C(C(=C(C(=C2O)Cl)O)Cl)C,C17H14Cl2O7,399.0039,M-H,5.3,CSRJYVIKHJFLSA,O=C(Oc1ccccc1)c1ccccc1,CSRJYVIKHJFLSA,O=C(Oc1ccccc1)c1ccccc1,C17H14Cl2O7,400.011658148,399.004382148,-0.00038214799997149385,0.0003418520000195713,C;Cl;H;O;,1.0,False,False,False,False,False,False,False,False,False,False,False,False,False,False,False,False,False,False,False,False,False,False,False,False,False,False,False,False,False,False,False,False,False,True,True,False,False,False,False,False,False,False,True
CCMSLIB00012718761,"""Methyl 2,7-dichloronorpsoromate or Methyl 5,1'-dichloronorpsoromate""",M-H,Negative,-1,424.983,425.991,332 Scan.mzXML,Depsidone,O=C1C2=C(C)C(Cl)=C(O)C(C=O)=C2OC(C(C(OC)=O)=C(Cl)C(O)=C3C)=C3O1,O=C1C2=C(C)C(Cl)=C(O)C(C=O)=C2OC(C(C(OC)=O)=C(Cl)C(O)=C3C)=C3O1,C18H12Cl2O8,424.9831,M-H,5.5,CPGKTNCLJSKTKH,O=C1Oc2ccccc2Oc2ccccc21,CPGKTNCLJSKTKH,O=C1Oc2ccccc2Oc2ccccc21,C18H12Cl2O8,425.9909227039999,424.9836467039999,-0.0006467039999051849,7.729600008588022e-05,C;Cl;H;O;,1.0,False,False,False,False,False,False,False,False,False,False,False,False,False,False,False,False,False,False,False,False,False,False,False,False,False,False,False,False,False,False,False,False,False,True,True,False,False,False,False,False,False,False,True
CCMSLIB00012718762,"""Methyl 2,7-dichloropsoromate or Methyl 5,1'-dichloropsoromate""",M-H,Negative,-1,438.999,440.007,333 Scan.mzXML,Depsidone,O=C1C2=C(C)C(Cl)=C(O)C(C=O)=C2OC(C(C(OC)=O)=C(Cl)C(OC)=C3C)=C3O1,O=C1C2=C(C)C(Cl)=C(O)C(C=O)=C2OC(C(C(OC)=O)=C(Cl)C(OC)=C3C)=C3O1,C19H14Cl2O8,438.9988,M-H,6,XPCHTQNLZKWIGB,O=C1Oc2ccccc2Oc2ccccc21,XPCHTQNLZKWIGB,O=C1Oc2ccccc2Oc2ccccc21,C19H14Cl2O8,440.0065727679999,438.9992967679999,-0.00029676799988465064,0.0004272320001064145,C;Cl;H;O;,1.0,False,False,False,False,False,False,False,False,False,False,False,False,False,False,False,False,False,False,False,False,False,False,False,False,False,False,False,False,False,False,False,False,False,True,True,False,False,False,False,False,False,False,True
CCMSLIB00012718763,"""Methyl 2,2'-di-O-methyldivaricatate""",M+H,Positive,1,431.207,430.199,334 Scan.mzXML,Didepside,O=C(OC1=CC(CCC)=C(C(OC)=O)C(OC)=C1)C2=C(CCC)C=C(OC)C=C2OC,O=C(OC1=CC(CCC)=C(C(OC)=O)C(OC)=C1)C2=C(CCC)C=C(OC)C=C2OC,C24H30O7,431.207,M+H,6,NPLZLJYRELLGFA,O=C(Oc1ccccc1)c1ccccc1,NPLZLJYRELLGFA,O=C(Oc1ccccc1)c1ccccc1,C24H30O7,430.1991533,431.20642929999997,0.0005707000000256812,-0.0001532999999653839,C;H;O;,1.0,False,False,False,False,False,False,False,False,False,False,False,False,False,False,False,False,False,False,False,False,False,False,False,False,False,False,False,False,False,False,False,False,False,True,True,False,False,False,False,True,False,False,True
CCMSLIB00012718764,"""Methyl 2,2'-di-O-methyleriodermate""",M-H,Negative,-1,435.121,436.129,335 Scan.mzXML,Didepside,O=C(OC1=C(C)C(C)=C(C(OC)=O)C(OC)=C1C)C2=C(C)C(Cl)=C(O)C(C)=C2OC,O=C(OC1=C(C)C(C)=C(C(OC)=O)C(OC)=C1C)C2=C(C)C(Cl)=C(O)C(C)=C2OC,C22H25ClO7,435.1211,M-H,5.7,LQRMPHNVQCSBFU,O=C(Oc1ccccc1)c1ccccc1,LQRMPHNVQCSBFU,O=C(Oc1ccccc1)c1ccccc1,C22H25ClO7,436.12888082,435.12160482,-0.0006048200000350334,0.0001191800000128751,C;Cl;H;O;,1.0,False,False,False,False,False,False,False,False,False,False,False,False,False,False,False,False,False,False,False,False,False,False,False,False,False,False,False,False,False,False,False,False,False,True,True,False,False,False,False,True,False,False,True
CCMSLIB00012718765,"""Methyl 2?,2""""-di-O-methylgyrophorate""",M-H,Negative,-1,509.145,510.153,336 Scan.mzXML,Tridepside,OC1=CC(O)=CC(C)=C1C(OC2=CC(OC)=C(C(OC3=CC(OC)=C(C(OC)=O)C(C)=C3)=O)C(C)=C2)=O,OC1=CC(O)=CC(C)=C1C(OC2=CC(OC)=C(C(OC3=CC(OC)=C(C(OC)=O)C(C)=C3)=O)C(C)=C2)=O,C27H26O10,509.1448,M-H,5.5,FPJHCZNCGDQORN,O=C(Oc1ccc(C(=O)Oc2ccccc2)cc1)c1ccccc1,FPJHCZNCGDQORN,O=C(Oc1ccc(C(=O)Oc2ccccc2)cc1)c1ccccc1,C27H26O10,510.1525970319999,509.1453210319999,-0.00032103199993116505,0.0004029680001167435,C;H;O;,1.0,False,False,False,False,False,False,False,False,False,False,False,False,False,False,False,False,False,False,False,False,False,False,False,False,False,False,False,False,False,False,False,False,False,True,False,False,True,False,False,False,False,False,True
CCMSLIB00012718766,"""Methyl 2,2'-di-O-methylstenosporate""",M+H,Positive,1,459.238,458.23,337 Scan.mzXML,Didepside,CCCCCC1=C(C(OC)=O)C(OC)=CC(OC(C2=C(CCC)C=C(OC)C=C2OC)=O)=C1,CCCCCC1=C(C(OC)=O)C(OC)=CC(OC(C2=C(CCC)C=C(OC)C=C2OC)=O)=C1,C26H34O7,459.2383,M+H,6.4,ZLOQARGFTICSDR,O=C(Oc1ccccc1)c1ccccc1,ZLOQARGFTICSDR,O=C(Oc1ccccc1)c1ccccc1,C26H34O7,458.2304534279999,459.2377294279999,0.0002705720000903966,-0.0004534279999006685,C;H;O;,1.0,False,False,False,False,False,False,False,False,False,False,False,False,False,False,False,False,False,False,False,False,False,False,False,False,False,False,False,False,False,False,False,False,False,True,True,False,False,False,False,True,False,False,True
CCMSLIB00012718767,2'-O-Methyldivaricatic acid,M+H,Positive,1,403.176,402.168,338 Scan.mzXML,Didepside,O=C(C(C(CCC)=CC(OC)=C1)=C1OC)OC2=CC(CCC)=C(C(O)=O)C(O)=C2,O=C(C(C(CCC)=CC(OC)=C1)=C1OC)OC2=CC(CCC)=C(C(O)=O)C(O)=C2,C22H26O7,403.1757,M+H,5.7,DVGFKUPJVKIPEQ,O=C(Oc1ccccc1)c1ccccc1,DVGFKUPJVKIPEQ,O=C(Oc1ccccc1)c1ccccc1,C22H26O7,402.1678531719999,403.1751291719999,0.0008708280000746527,0.00014682800008358754,C;H;O;,1.0,False,False,False,False,False,False,False,False,False,False,False,False,False,False,False,False,False,False,False,False,False,False,False,False,False,False,False,False,False,False,False,False,False,True,True,False,False,False,False,True,True,False,True
CCMSLIB00012718768,2-O-Methyldivaricatic acid,M+H,Positive,1,403.176,402.168,339 Scan.mzXML,Didepside,O=C(C1=C(C=C(C=C1OC)OC)CCC)OC2=CC(CCC)=C(C(O)=C2)C(O)=O,O=C(C1=C(C=C(C=C1OC)OC)CCC)OC2=CC(CCC)=C(C(O)=C2)C(O)=O,C22H26O7,403.1757,M+H,5.7,DVGFKUPJVKIPEQ,O=C(Oc1ccccc1)c1ccccc1,DVGFKUPJVKIPEQ,O=C(Oc1ccccc1)c1ccccc1,C22H26O7,402.1678531719999,403.1751291719999,0.0008708280000746527,0.00014682800008358754,C;H;O;,1.0,False,False,False,False,False,False,False,False,False,False,False,False,False,False,False,False,False,False,False,False,False,False,False,False,False,False,False,False,False,False,False,False,False,True,True,False,False,False,False,True,True,False,True
CCMSLIB00012718769,2'-O-Methylevernic acid,M+H,Positive,1,347.113,346.105,341 Scan.mzXML,Didepside,CC1=CC(=CC(=C1C(=O)OC2=CC(=C(C(=C2)C)C(=O)O)OC)O)OC,CC1=CC(=CC(=C1C(=O)OC2=CC(=C(C(=C2)C)C(=O)O)OC)O)OC,C18H18O7,347.1131,M+H,5.2,LRVJBUBWGRLALK,O=C(Oc1ccccc1)c1ccccc1,LRVJBUBWGRLALK,O=C(Oc1ccccc1)c1ccccc1,C18H18O7,346.1052529159999,347.1125289159999,0.0004710840000825556,-0.00025291599990850955,C;H;O;,1.0,False,False,False,False,False,False,False,False,False,False,False,False,False,False,False,False,False,False,False,False,False,False,False,False,False,False,False,False,False,False,False,False,False,True,True,False,False,False,False,True,True,False,True
CCMSLIB00012718770,2-O-Methylglomelliferic acid,M-H,Negative,-1,471.202,472.21,342 Scan.mzXML,Didepside,O=C(OC1=CC(CCCCC)=C(C(O)=O)C(O)=C1)C2=C(CC(CCC)=O)C=C(OC)C=C2OC,O=C(OC1=CC(CCCCC)=C(C(O)=O)C(O)=C1)C2=C(CC(CCC)=O)C=C(OC)C=C2OC,C26H32O8,471.2019,M-H,5.7,GDSVDEUYRBIVIJ,O=C(Oc1ccccc1)c1ccccc1,GDSVDEUYRBIVIJ,O=C(Oc1ccccc1)c1ccccc1,C26H32O8,472.20971798399995,471.20244198399996,-0.0004419839999627584,0.00028201600002830673,C;H;O;,1.0,False,False,False,False,False,False,False,False,False,False,False,False,False,False,False,False,False,False,False,False,False,False,False,False,False,False,False,False,False,False,False,False,False,True,True,False,False,False,False,True,True,False,True
CCMSLIB00012718771,Methyl gyrophorate,M-H,Negative,-1,481.113,482.121,343 Scan.mzXML,Tridepside,CC1=CC(=CC(=C1C(=O)OC2=CC(=C(C(=C2)C)C(=O)OC3=CC(=C(C(=C3)C)C(=O)OC)O)O)O)O,CC1=CC(=CC(=C1C(=O)OC2=CC(=C(C(=C2)C)C(=O)OC3=CC(=C(C(=C3)C)C(=O)OC)O)O)O)O,C25H22O10,481.1135,M-H,5.3,OFJNYUNWWLLTKC,O=C(Oc1ccc(C(=O)Oc2ccccc2)cc1)c1ccccc1,OFJNYUNWWLLTKC,O=C(Oc1ccc(C(=O)Oc2ccccc2)cc1)c1ccccc1,C25H22O10,482.12129690399985,481.11402090399986,-0.0010209039998585467,-0.0002969039998674816,C;H;O;,1.0,False,False,False,False,False,False,False,False,False,False,False,False,False,False,False,False,False,False,False,False,False,False,False,False,False,False,False,False,False,False,False,False,False,True,False,False,True,False,False,True,True,False,True
CCMSLIB00012718772,"""2""""-O-Methylgyrophoric acid""",M-H,Negative,-1,481.113,482.121,344 Scan.mzXML,Tridepside,OC1=CC(O)=CC(C)=C1C(OC2=CC(O)=C(C(OC3=CC(OC)=C(C(O)=O)C(C)=C3)=O)C(C)=C2)=O,OC1=CC(O)=CC(C)=C1C(OC2=CC(O)=C(C(OC3=CC(OC)=C(C(O)=O)C(C)=C3)=O)C(C)=C2)=O,C25H22O10,481.1135,M-H,5.1,MWIVEDXGNCCAQA,O=C(Oc1ccc(C(=O)Oc2ccccc2)cc1)c1ccccc1,MWIVEDXGNCCAQA,O=C(Oc1ccc(C(=O)Oc2ccccc2)cc1)c1ccccc1,C25H22O10,482.1212969039999,481.1140209039999,-0.0010209039999153902,-0.00029690399992432503,C;H;O;,1.0,False,False,False,False,False,False,False,False,False,False,False,False,False,False,False,False,False,False,False,False,False,False,False,False,False,False,False,False,False,False,False,False,False,True,False,False,True,False,False,True,True,False,True
CCMSLIB00012718773,4-O-Methylgyrophoric acid,M-H,Negative,-1,481.113,482.121,345 Scan.mzXML,Tridepside,CC1=CC(=CC(=C1C(=O)OC2=CC(=C(C(=C2)C)C(=O)OC3=CC(=C(C(=C3)C)C(=O)O)O)O)O)OC,CC1=CC(=CC(=C1C(=O)OC2=CC(=C(C(=C2)C)C(=O)OC3=CC(=C(C(=C3)C)C(=O)O)O)O)O)OC,C25H22O10,481.1135,M-H,5.8,HOBYJDBWEPWNOO,O=C(Oc1ccc(C(=O)Oc2ccccc2)cc1)c1ccccc1,HOBYJDBWEPWNOO,O=C(Oc1ccc(C(=O)Oc2ccccc2)cc1)c1ccccc1,C25H22O10,482.12129690399985,481.11402090399986,-0.0010209039998585467,-0.0002969039998674816,C;H;O;,1.0,False,False,False,False,False,False,False,False,False,False,False,False,False,False,False,False,False,False,False,False,False,False,False,False,False,False,False,False,False,False,False,False,False,True,False,False,True,False,False,True,True,False,True
CCMSLIB00012718774,Methyl haematommate,M-H,Negative,-1,209.045,210.053,346 Scan.mzXML,Cleavage Products of Depsides and Depsidones,CC1=CC(=C(C(=C1C(=O)OC)O)C=O)O,CC1=CC(=C(C(=C1C(=O)OC)O)C=O)O,C10H10O5,209.045,M-H,5.3,PXFMUVDLJWXOQM,c1ccccc1,PXFMUVDLJWXOQM,c1ccccc1,C10H10O5,210.05282342,209.04554742000002,-0.0005474200000321616,0.0001765799999873252,C;H;O;,1.0,False,False,False,False,False,False,False,False,False,False,False,False,False,False,False,False,False,False,False,False,False,False,False,False,False,False,False,False,False,False,False,False,False,True,True,True,False,False,False,True,True,False,True
CCMSLIB00012718775,4-O-Methylhiascic acid,M-H,Negative,-1,497.108,498.116,348 Scan.mzXML,Tridepside,CC1=C(O)C(OC)=CC(O)=C1C(OC2=CC(O)=C(C(OC3=CC(O)=C(C(O)=O)C(C)=C3)=O)C(C)=C2)=O,CC1=C(O)C(OC)=CC(O)=C1C(OC2=CC(O)=C(C(OC3=CC(O)=C(C(O)=O)C(C)=C3)=O)C(C)=C2)=O,C25H22O11,497.1084,M-H,5.3,UWYSPPABNOPJEU,O=C(Oc1ccc(C(=O)Oc2ccccc2)cc1)c1ccccc1,UWYSPPABNOPJEU,O=C(Oc1ccc(C(=O)Oc2ccccc2)cc1)c1ccccc1,C25H22O11,498.1162115239999,497.1089355239999,-0.0009355239998853904,-0.00021152399989432524,C;H;O;,1.0,False,False,False,False,False,False,False,False,False,False,False,False,False,False,False,False,False,False,False,False,False,False,False,False,False,False,False,False,False,False,False,False,False,True,False,False,True,False,False,True,False,False,True
CCMSLIB00012718776,5-O-Methylhiascic acid,M-H,Negative,-1,497.108,498.116,349 Scan.mzXML,Tridepside,CC1=C(OC)C(O)=CC(O)=C1C(OC2=CC(O)=C(C(OC3=CC(O)=C(C(O)=O)C(C)=C3)=O)C(C)=C2)=O,CC1=C(OC)C(O)=CC(O)=C1C(OC2=CC(O)=C(C(OC3=CC(O)=C(C(O)=O)C(C)=C3)=O)C(C)=C2)=O,C25H22O11,497.1084,M-H,5.3,PCRNIYQGPMXVTF,O=C(Oc1ccc(C(=O)Oc2ccccc2)cc1)c1ccccc1,PCRNIYQGPMXVTF,O=C(Oc1ccc(C(=O)Oc2ccccc2)cc1)c1ccccc1,C25H22O11,498.1162115239999,497.1089355239999,-0.0009355239998853904,-0.00021152399989432524,C;H;O;,1.0,False,False,False,False,False,False,False,False,False,False,False,False,False,False,False,False,False,False,False,False,False,False,False,False,False,False,False,False,False,False,False,False,False,True,False,False,True,False,False,True,False,False,True
CCMSLIB00012718777,4-O-Methyl-3-hydroxygyrophoric acid,M-H,Negative,-1,497.108,498.116,350 Scan.mzXML,Tridepside,OC1=C(O)C(OC)=CC(C)=C1C(OC2=CC(O)=C(C(OC3=CC(O)=C(C(O)=O)C(C)=C3)=O)C(C)=C2)=O,OC1=C(O)C(OC)=CC(C)=C1C(OC2=CC(O)=C(C(OC3=CC(O)=C(C(O)=O)C(C)=C3)=O)C(C)=C2)=O,C25H22O11,497.1084,M-H,5.3,ZKENEXVYTKDRBO,O=C(Oc1ccc(C(=O)Oc2ccccc2)cc1)c1ccccc1,ZKENEXVYTKDRBO,O=C(Oc1ccc(C(=O)Oc2ccccc2)cc1)c1ccccc1,C25H22O11,498.1162115239999,497.1089355239999,-0.0009355239998853904,-0.00021152399989432524,C;H;O;,1.0,False,False,False,False,False,False,False,False,False,False,False,False,False,False,False,False,False,False,False,False,False,False,False,False,False,False,False,False,False,False,False,False,False,True,False,False,True,False,False,True,False,False,True
CCMSLIB00012718778,Methyl 3alpha-hydroxybarbatate,M-H,Negative,-1,389.124,390.132,351 Scan.mzXML,Didepside,O=C(C1=C(C(CO)=C(C=C1C)OC)O)OC2=CC(C)=C(C(O)=C2C)C(OC)=O,O=C(C1=C(C(CO)=C(C=C1C)OC)O)OC2=CC(C)=C(C(O)=C2C)C(OC)=O,C20H22O8,389.1237,M-H,5.5,DLPSTMSVAADQMA,O=C(Oc1ccccc1)c1ccccc1,DLPSTMSVAADQMA,O=C(Oc1ccccc1)c1ccccc1,C20H22O8,390.13146766399996,389.12419166399997,-0.00019166399994219319,0.0005323360000488719,C;H;O;,1.0,False,False,False,False,False,False,False,False,False,False,False,False,False,False,False,False,False,False,False,False,False,False,False,False,False,False,False,False,False,False,False,False,False,True,True,False,False,False,False,True,False,False,True
CCMSLIB00012718779,Methyl 3alpha-hydroxy-4-O-demethylbarbatate,M-H,Negative,-1,375.108,376.116,352 Scan.mzXML,Didepside,O=C(C1=C(C(CO)=C(C=C1C)O)O)OC2=CC(C)=C(C(O)=C2C)C(OC)=O,O=C(C1=C(C(CO)=C(C=C1C)O)O)OC2=CC(C)=C(C(O)=C2C)C(OC)=O,C19H20O8,375.108,M-H,5.1,WHDBRSOTWRZEGF,O=C(Oc1ccccc1)c1ccccc1,WHDBRSOTWRZEGF,O=C(Oc1ccccc1)c1ccccc1,C19H20O8,376.11581759999996,375.10854159999997,-0.0005415999999627275,0.00018240000002833767,C;H;O;,1.0,False,False,False,False,False,False,False,False,False,False,False,False,False,False,False,False,False,False,False,False,False,False,False,False,False,False,False,False,False,False,False,False,False,True,True,False,False,False,False,True,False,False,True
CCMSLIB00012718780,2?-O-Methylhyperlatolic acid,M-H,Negative,-1,485.254,486.262,353 Scan.mzXML,Didepside,OC1=CC(OC)=CC(CCCCC)=C1C(OC2=CC(OC)=C(C(CCCCCCC)=C2)C(O)=O)=O,OC1=CC(OC)=CC(CCCCC)=C1C(OC2=CC(OC)=C(C(CCCCCCC)=C2)C(O)=O)=O,C28H38O7,485.254,M-H,6.7,GZGUIQHCYLUWPM,O=C(Oc1ccccc1)c1ccccc1,GZGUIQHCYLUWPM,O=C(Oc1ccccc1)c1ccccc1,C28H38O7,486.2617535559999,485.2544775559999,-0.0004775559999075085,0.0002464440000835566,C;H;O;,1.0,False,False,False,False,False,False,False,False,False,False,False,False,False,False,False,False,False,False,False,False,False,False,False,False,False,False,False,False,False,False,False,False,False,True,True,False,False,False,False,True,False,False,True
CCMSLIB00012718781,2-O-Methylhyperlatolic acid,M-H,Negative,-1,485.254,486.262,354 Scan.mzXML,Didepside,COC1=CC(CCCCC)=C(C(OC2=CC(O)=C(C(CCCCCCC)=C2)C(O)=O)=O)C(OC)=C1,COC1=CC(CCCCC)=C(C(OC2=CC(O)=C(C(CCCCCCC)=C2)C(O)=O)=O)C(OC)=C1,C28H38O7,485.254,M-H,6.9,SAULGHQKBFTTMS,O=C(Oc1ccccc1)c1ccccc1,SAULGHQKBFTTMS,O=C(Oc1ccccc1)c1ccccc1,C28H38O7,486.26175355599986,485.25447755599987,-0.0004775559998506651,0.0002464440001404,C;H;O;,1.0,False,False,False,False,False,False,False,False,False,False,False,False,False,False,False,False,False,False,False,False,False,False,False,False,False,False,False,False,False,False,False,False,False,True,True,False,False,False,False,True,False,False,True
CCMSLIB00012718782,4-O-Methylhyperolivetoric acid,M-H,Negative,-1,513.249,514.257,355 Scan.mzXML,Didepside,O=C(OC1=CC(CCCCCCC)=C(C(O)=O)C(O)=C1)C2=C(CC(CCCCC)=O)C=C(OC)C=C2O,O=C(OC1=CC(CCCCCCC)=C(C(O)=O)C(O)=C1)C2=C(CC(CCCCC)=O)C=C(OC)C=C2O,C29H38O8,513.2489,M-H,6.4,MIRZMKFINWWMRV,O=C(Oc1ccccc1)c1ccccc1,MIRZMKFINWWMRV,O=C(Oc1ccccc1)c1ccccc1,C29H38O8,514.256668176,513.2493921759999,-0.00039217599987750873,0.00033182399999986956,C;H;O;,1.0,False,False,False,False,False,False,False,False,False,False,False,False,False,False,False,False,False,False,False,False,False,False,False,False,False,False,False,False,False,False,False,False,False,True,True,False,False,False,False,True,False,False,True
CCMSLIB00012718783,2'-O-Methylhyperphyllinic acid,M-H,Negative,-1,569.275,570.283,356 Scan.mzXML,Didepside,O=C(OC1=CC(CC(CCCCCCC)=O)=C(C(O)=O)C(OC)=C1)C2=C(CC(CCCCC)=O)C=C(OC)C=C2O,O=C(OC1=CC(CC(CCCCCCC)=O)=C(C(O)=O)C(OC)=C1)C2=C(CC(CCCCC)=O)C=C(OC)C=C2O,C32H42O9,569.2751,M-H,5.9,KLQPNSINZNPRSF,O=C(Oc1ccccc1)c1ccccc1,KLQPNSINZNPRSF,O=C(Oc1ccccc1)c1ccccc1,C32H42O9,570.282882924,569.2756069239999,-0.0006069239999533238,0.00011707600003774132,C;H;O;,1.0,False,False,False,False,False,False,False,False,False,False,False,False,False,False,False,False,False,False,False,False,False,False,False,False,False,False,False,False,False,False,False,False,False,True,True,False,False,False,False,True,False,False,True
CCMSLIB00012718784,Methyl hyperplanaiate,M-H,Negative,-1,513.285,514.293,357 Scan.mzXML,Didepside,COC1=CC(CCCCC)=C(C(OC2=CC(OC)=C(C(CCCCCCC)=C2)C(OC)=O)=O)C(OC)=C1,COC1=CC(CCCCC)=C(C(OC2=CC(OC)=C(C(CCCCCCC)=C2)C(OC)=O)=O)C(OC)=C1,C30H42O7,513.2853,M-H,7.3,CYHFWQZNVTZCLK,O=C(Oc1ccccc1)c1ccccc1,CYHFWQZNVTZCLK,O=C(Oc1ccccc1)c1ccccc1,C30H42O7,514.2930536839999,513.2857776839999,-0.0007776839998996365,-5.368399990857142e-05,C;H;O;,1.0,False,False,False,False,False,False,False,False,False,False,False,False,False,False,False,False,False,False,False,False,False,False,False,False,False,False,False,False,False,False,False,False,False,True,True,False,False,False,False,True,False,False,True
CCMSLIB00012718785,4-O-Methylhypophysciosporin,M-H,Negative,-1,405.074,406.082,358 Scan.mzXML,Depsidone,O=C1C2=C(C)C(Cl)=C(OC)C(C)=C2OC(C(C)=C(C(OC)=O)C(O)=C3C)=C3O1,O=C1C2=C(C)C(Cl)=C(OC)C(C)=C2OC(C(C)=C(C(OC)=O)C(O)=C3C)=C3O1,C20H19ClO7,405.0741,M-H,6.6,GSOVLANTSDODFF,O=C1Oc2ccccc2Oc2ccccc21,GSOVLANTSDODFF,O=C1Oc2ccccc2Oc2ccccc21,C20H19ClO7,406.08193062799995,405.07465462799996,-0.0006546279999497528,6.937200004131228e-05,C;Cl;H;O;,1.0,False,False,False,False,False,False,False,False,False,False,False,False,False,False,False,False,False,False,False,False,False,False,False,False,False,False,False,False,False,False,False,False,False,True,True,False,False,False,False,False,False,False,True
CCMSLIB00012718786,4-O-Methylhypoprotocetraric acid,M-H,Negative,-1,357.098,358.105,359 Scan.mzXML,Depsidone,CC(C(OC1=C(O2)C(C)=C(C(C(O)=O)=C1C)O)=C3C2=O)=C(C=C3C)OC,CC(C(OC1=C(O2)C(C)=C(C(C(O)=O)=C1C)O)=C3C2=O)=C(C=C3C)OC,C19H18O7,357.0975,M-H,5.6,KTQOYYBFIJKYGT,O=C1Oc2ccccc2Oc2ccccc21,KTQOYYBFIJKYGT,O=C1Oc2ccccc2Oc2ccccc21,C19H18O7,358.105252916,357.097976916,2.3084000019935047e-05,-0.00025291599996535297,C;H;O;,1.0,False,False,False,False,False,False,False,False,False,False,False,False,False,False,False,False,False,False,False,False,False,False,False,False,False,False,False,False,False,False,False,False,False,True,True,False,False,False,False,True,False,False,True
CCMSLIB00012718787,1'-Methyl hypothamnolate,M-H,Negative,-1,419.098,420.106,360 Scan.mzXML,Didepside,OC1=C(C(O)=O)C(OC)=CC(C)=C1C(OC2=C(O)C(C)=C(O)C(C(OC)=O)=C2C)=O,OC1=C(C(O)=O)C(OC)=CC(C)=C1C(OC2=C(O)C(C)=C(O)C(C(OC)=O)=C2C)=O,C20H20O10,419.0978,M-H,5.7,OCFFBUSZWOBIBE,O=C(Oc1ccccc1)c1ccccc1,OCFFBUSZWOBIBE,O=C(Oc1ccccc1)c1ccccc1,C20H20O10,420.1056468399999,419.0983708399999,-0.00037083999990272787,0.00035316000008833726,C;H;O;,1.0,False,False,False,False,False,False,False,False,False,False,False,False,False,False,False,False,False,False,False,False,False,False,False,False,False,False,False,False,False,False,False,False,False,True,True,False,False,False,False,False,False,False,True
CCMSLIB00012718788,2'-O-Methylimbricaric acid,M-H,Negative,-1,429.191,430.199,361 Scan.mzXML,Didepside,CCCCCC1=C(C(OC2=CC(CCC)=C(C(O)=O)C(OC)=C2)=O)C(O)=CC(OC)=C1,CCCCCC1=C(C(OC2=CC(CCC)=C(C(O)=O)C(OC)=C2)=O)C(O)=CC(OC)=C1,C24H30O7,429.1914,M-H,5.9,VELDBYRSGFOPRN,O=C(Oc1ccccc1)c1ccccc1,VELDBYRSGFOPRN,O=C(Oc1ccccc1)c1ccccc1,C24H30O7,430.1991532999999,429.19187729999993,-0.000877299999956449,-0.00015329999990854049,C;H;O;,1.0,False,False,False,False,False,False,False,False,False,False,False,False,False,False,False,False,False,False,False,False,False,False,False,False,False,False,False,False,False,False,False,False,False,True,True,False,False,False,False,True,False,False,True
CCMSLIB00012718789,2-O-Methylimbricaric acid,M-H,Negative,-1,429.191,430.199,362 Scan.mzXML,Didepside,CCCCCC1=C(C(OC2=CC(CCC)=C(C(O)=O)C(O)=C2)=O)C(OC)=CC(OC)=C1,CCCCCC1=C(C(OC2=CC(CCC)=C(C(O)=O)C(O)=C2)=O)C(OC)=CC(OC)=C1,C24H30O7,429.1914,M-H,6,KBVDMKSKKJNJIA,O=C(Oc1ccccc1)c1ccccc1,KBVDMKSKKJNJIA,O=C(Oc1ccccc1)c1ccccc1,C24H30O7,430.1991532999999,429.19187729999993,-0.000877299999956449,-0.00015329999990854049,C;H;O;,1.0,False,False,False,False,False,False,False,False,False,False,False,False,False,False,False,False,False,False,False,False,False,False,False,False,False,False,False,False,False,False,False,False,False,True,True,False,False,False,False,True,False,False,True
CCMSLIB00012718790,2'-O-Methylisohyperlatolic acid,M-H,Negative,-1,485.254,486.262,363 Scan.mzXML,Didepside,OC1=CC(OC)=CC(CCCCCCC)=C1C(OC2=CC(OC)=C(C(O)=O)C(CCCCC)=C2)=O,OC1=CC(OC)=CC(CCCCCCC)=C1C(OC2=CC(OC)=C(C(O)=O)C(CCCCC)=C2)=O,C28H38O7,485.254,M-H,6.8,LKOJKGNNZIVUPS,O=C(Oc1ccccc1)c1ccccc1,LKOJKGNNZIVUPS,O=C(Oc1ccccc1)c1ccccc1,C28H38O7,486.26175355599986,485.25447755599987,-0.0004775559998506651,0.0002464440001404,C;H;O;,1.0,False,False,False,False,False,False,False,False,False,False,False,False,False,False,False,False,False,False,False,False,False,False,False,False,False,False,False,False,False,False,False,False,False,True,True,False,False,False,False,True,False,False,True
CCMSLIB00012718791,2-O-Methylisohyperlatolic acid,M-H,Negative,-1,485.254,486.262,364 Scan.mzXML,Didepside,O=C(OC1=CC(O)=C(C(O)=O)C(CCCCC)=C1)C2=C(CCCCCCC)C=C(OC)C=C2OC,O=C(OC1=CC(O)=C(C(O)=O)C(CCCCC)=C1)C2=C(CCCCCCC)C=C(OC)C=C2OC,C28H38O7,485.254,M-H,6.9,PCNXXQFKKCZLLL,O=C(Oc1ccccc1)c1ccccc1,PCNXXQFKKCZLLL,O=C(Oc1ccccc1)c1ccccc1,C28H38O7,486.261753556,485.254477556,-0.00047755599996435194,0.0002464440000267132,C;H;O;,1.0,False,False,False,False,False,False,False,False,False,False,False,False,False,False,False,False,False,False,False,False,False,False,False,False,False,False,False,False,False,False,False,False,False,True,True,False,False,False,False,True,False,False,True
CCMSLIB00012718792,Methyl isohyperplanaiate,M+H,Positive,1,515.301,514.293,365 Scan.mzXML,Didepside,COC1=CC(CCCCCCC)=C(C(OC2=CC(OC)=C(C(CCCCC)=C2)C(OC)=O)=O)C(OC)=C1,COC1=CC(CCCCCCC)=C(C(OC2=CC(OC)=C(C(CCCCC)=C2)C(OC)=O)=O)C(OC)=C1,C30H42O7,515.3009,M+H,7.4,BVCZPLDJJPUQDF,O=C(Oc1ccccc1)c1ccccc1,BVCZPLDJJPUQDF,O=C(Oc1ccccc1)c1ccccc1,C30H42O7,514.2930536839999,515.300329684,0.0006703160000824937,-5.368399990857142e-05,C;H;O;,1.0,False,False,False,False,False,False,False,False,False,False,False,False,False,False,False,False,False,False,False,False,False,False,False,False,False,False,False,False,False,False,False,False,False,True,True,False,False,False,False,True,False,False,True
CCMSLIB00012718793,2'-O-Methylisopseudocyphellarin A,M-H,Negative,-1,415.139,416.147,366 Scan.mzXML,Didepside,OC1=C(C)C(O)=C(C=O)C(C)=C1C(OC2=C(C)C(OC)=C(C(OC)=O)C(C)=C2C)=O,OC1=C(C)C(O)=C(C=O)C(C)=C1C(OC2=C(C)C(OC)=C(C(OC)=O)C(C)=C2C)=O,C22H24O8,415.1393,M-H,5.9,ZHBJFQGELYBOFX,O=C(Oc1ccccc1)c1ccccc1,ZHBJFQGELYBOFX,O=C(Oc1ccccc1)c1ccccc1,C22H24O8,416.14711772799996,415.13984172799996,-0.0008417279999548555,-0.00011772799996379035,C;H;O;,1.0,False,False,False,False,False,False,False,False,False,False,False,False,False,False,False,False,False,False,False,False,False,False,False,False,False,False,False,False,False,False,False,False,False,True,True,False,False,False,False,True,False,False,True
CCMSLIB00012718794,Methyl lecanorate,M-H,Negative,-1,331.082,332.09,367 Scan.mzXML,Didepside,CC1=CC(=CC(=C1C(=O)OC2=CC(=C(C(=C2)C)C(=O)OC)O)O)O,CC1=CC(=CC(=C1C(=O)OC2=CC(=C(C(=C2)C)C(=O)OC)O)O)O,C17H16O7,331.0818,M-H,5.3,JZEXCFQVLKNNQY,O=C(Oc1ccccc1)c1ccccc1,JZEXCFQVLKNNQY,O=C(Oc1ccccc1)c1ccccc1,C17H16O7,332.0896028519999,331.08232685199994,-0.0003268519999437558,0.0003971480000473093,C;H;O;,1.0,False,False,False,False,False,False,False,False,False,False,False,False,False,False,False,False,False,False,False,False,False,False,False,False,False,False,False,False,False,False,False,False,False,True,True,False,False,False,False,True,False,False,True
CCMSLIB00012718795,2'-O-Methyllecanoric acid,M-H,Negative,-1,331.082,332.09,368 Scan.mzXML,Didepside,CC1=CC(O)=CC(O)=C1C(OC2=CC(OC)=C(C(O)=O)C(C)=C2)=O,CC1=CC(O)=CC(O)=C1C(OC2=CC(OC)=C(C(O)=O)C(C)=C2)=O,C17H16O7,331.0818,M-H,4.6,UTRDBWSXSQQDOY,O=C(Oc1ccccc1)c1ccccc1,UTRDBWSXSQQDOY,O=C(Oc1ccccc1)c1ccccc1,C17H16O7,332.089602852,331.082326852,-0.0003268520000005992,0.0003971479999904659,C;H;O;,1.0,False,False,False,False,False,False,False,False,False,False,False,False,False,False,False,False,False,False,False,False,False,False,False,False,False,False,False,False,False,False,False,False,False,True,True,False,False,False,False,True,False,False,True
CCMSLIB00012718796,2-O-Methyllecanoric acid,M-H,Negative,-1,331.082,332.09,369 Scan.mzXML,Didepside,CC1=CC(O)=CC(OC)=C1C(OC2=CC(O)=C(C(O)=O)C(C)=C2)=O,CC1=CC(O)=CC(OC)=C1C(OC2=CC(O)=C(C(O)=O)C(C)=C2)=O,C17H16O7,331.0818,M-H,4.7,HITLOWFKFPUYRR,O=C(Oc1ccccc1)c1ccccc1,HITLOWFKFPUYRR,O=C(Oc1ccccc1)c1ccccc1,C17H16O7,332.089602852,331.082326852,-0.0003268520000005992,0.0003971479999904659,C;H;O;,1.0,False,False,False,False,False,False,False,False,False,False,False,False,False,False,False,False,False,False,False,False,False,False,False,False,False,False,False,False,False,False,False,False,False,True,True,False,False,False,False,True,False,False,True
CCMSLIB00012718797,4-O-Methyllividic acid,M-H,Negative,-1,513.213,514.22,370 Scan.mzXML,Depsidone,O=C1C2=C(CC(CCCCC)=O)C=C(OC)C(OC)=C2OC(C(CCCCC)=C(C(O)=O)C(O)=C3)=C3O1,O=C1C2=C(CC(CCCCC)=O)C=C(OC)C(OC)=C2OC(C(CCCCC)=C(C(O)=O)C(O)=C3)=C3O1,C28H34O9,513.2125,M-H,5.9,SQKXUQSYGNLXLX,O=C1Oc2ccccc2Oc2ccccc21,SQKXUQSYGNLXLX,O=C1Oc2ccccc2Oc2ccccc21,C28H34O9,514.2202826679999,513.2130066679998,-6.667999855380913e-06,-0.0002826679998406689,C;H;O;,1.0,False,False,False,False,False,False,False,False,False,False,False,False,False,False,False,False,False,False,False,False,False,False,False,False,False,False,False,False,False,False,False,False,False,True,True,False,False,False,False,True,False,False,True
CCMSLIB00012718798,O-Methylmelacarpic acid,M-H,Negative,-1,383.186,384.194,371 Scan.mzXML,Dibenzofuran,CC1=C2C3=C(CCCCCCC)C(C(O)=O)=C(OC)C=C3OC2=CC(OC)=C1,CC1=C2C3=C(CCCCCCC)C(C(O)=O)=C(OC)C=C3OC2=CC(OC)=C1,C23H28O5,383.1859,M-H,6,XSZXUMRRRXNNJC,c1ccc2c(c1)oc1ccccc12,XSZXUMRRRXNNJC,c1ccc2c(c1)oc1ccccc12,C23H28O5,384.1936739959999,383.1863979959999,-0.0003979959999469429,0.00032600400010096564,C;H;O;,1.0,False,False,False,False,False,False,False,False,False,False,False,False,False,False,False,False,False,False,False,False,False,False,False,False,False,False,False,False,False,False,False,False,False,True,True,False,False,False,False,False,False,False,True
CCMSLIB00012718799,Methyl 2-O-methyldivaricatate,M-H,Negative,-1,415.176,416.184,372 Scan.mzXML,Didepside,O=C(OC1=CC(CCC)=C(C(OC)=O)C(O)=C1)C2=C(CCC)C=C(OC)C=C2OC,O=C(OC1=CC(CCC)=C(C(OC)=O)C(O)=C1)C2=C(CCC)C=C(OC)C=C2OC,C23H28O7,415.1757,M-H,6,BBCYYFOPQMRFLV,O=C(Oc1ccccc1)c1ccccc1,BBCYYFOPQMRFLV,O=C(Oc1ccccc1)c1ccccc1,C23H28O7,416.183503236,415.176227236,-0.00022723600000063016,0.0004967640000472784,C;H;O;,1.0,False,False,False,False,False,False,False,False,False,False,False,False,False,False,False,False,False,False,False,False,False,False,False,False,False,False,False,False,False,False,False,False,False,True,True,False,False,False,False,True,False,False,True
CCMSLIB00012718800,Methyl 2-O-methyleriodermate,M-H,Negative,-1,421.105,422.113,373 Scan.mzXML,Didepside,O=C(OC1=C(C)C(C)=C(C(OC)=O)C(O)=C1C)C2=C(C)C(Cl)=C(O)C(C)=C2OC,O=C(OC1=C(C)C(C)=C(C(OC)=O)C(O)=C1C)C2=C(C)C(Cl)=C(O)C(C)=C2OC,C21H23ClO7,421.1054,M-H,5,VKNWRQWOWXLHNW,O=C(Oc1ccccc1)c1ccccc1,VKNWRQWOWXLHNW,O=C(Oc1ccccc1)c1ccccc1,C21H23ClO7,422.113230756,421.105954756,-0.0009547559999987243,-0.00023075600000765917,C;Cl;H;O;,1.0,False,False,False,False,False,False,False,False,False,False,False,False,False,False,False,False,False,False,False,False,False,False,False,False,False,False,False,False,False,False,False,False,False,True,True,False,False,False,False,False,False,False,True
CCMSLIB00012718801,Methyl 2'-O-methyleriodermate,M-H,Negative,-1,421.105,422.113,374 Scan.mzXML,Didepside,O=C(OC1=C(C)C(C)=C(C(OC)=O)C(OC)=C1C)C2=C(C)C(Cl)=C(O)C(C)=C2O,O=C(OC1=C(C)C(C)=C(C(OC)=O)C(OC)=C1C)C2=C(C)C(Cl)=C(O)C(C)=C2O,C21H23ClO7,421.1054,M-H,5.8,MMOXVSMGSYNLDI,O=C(Oc1ccccc1)c1ccccc1,MMOXVSMGSYNLDI,O=C(Oc1ccccc1)c1ccccc1,C21H23ClO7,422.113230756,421.105954756,-0.0009547559999987243,-0.00023075600000765917,C;Cl;H;O;,1.0,False,False,False,False,False,False,False,False,False,False,False,False,False,False,False,False,False,False,False,False,False,False,False,False,False,False,False,False,False,False,False,False,False,True,True,False,False,False,False,False,False,False,True
CCMSLIB00012718802,Methyl 4-O-methyleriodermate,M-H,Negative,-1,421.105,422.113,375 Scan.mzXML,Didepside,O=C(OC1=C(C)C(C)=C(C(OC)=O)C(O)=C1C)C2=C(C)C(Cl)=C(OC)C(C)=C2O,O=C(OC1=C(C)C(C)=C(C(OC)=O)C(O)=C1C)C2=C(C)C(Cl)=C(OC)C(C)=C2O,C21H23ClO7,421.1054,M-H,6.7,ZTOKFCJAGRAWHH,O=C(Oc1ccccc1)c1ccccc1,ZTOKFCJAGRAWHH,O=C(Oc1ccccc1)c1ccccc1,C21H23ClO7,422.113230756,421.105954756,-0.0009547559999987243,-0.00023075600000765917,C;Cl;H;O;,1.0,False,False,False,False,False,False,False,False,False,False,False,False,False,False,False,False,False,False,False,False,False,False,False,False,False,False,False,False,False,False,False,False,False,True,True,False,False,False,False,False,False,False,True
CCMSLIB00012718803,Methyl 2''-O-methylgyrophorate,M-H,Negative,-1,495.129,496.137,376 Scan.mzXML,Tridepside,OC1=CC(O)=CC(C)=C1C(OC2=CC(O)=C(C(OC3=CC(OC)=C(C(OC)=O)C(C)=C3)=O)C(C)=C2)=O,OC1=CC(O)=CC(C)=C1C(OC2=CC(O)=C(C(OC3=CC(OC)=C(C(OC)=O)C(C)=C3)=O)C(C)=C2)=O,C26H24O10,495.1291,M-H,5.5,NFEILIBJACPGRP,O=C(Oc1ccc(C(=O)Oc2ccccc2)cc1)c1ccccc1,NFEILIBJACPGRP,O=C(Oc1ccc(C(=O)Oc2ccccc2)cc1)c1ccccc1,C26H24O10,496.1369469679999,495.1296709679999,-0.0006709679998948559,5.303200009620923e-05,C;H;O;,1.0,False,False,False,False,False,False,False,False,False,False,False,False,False,False,False,False,False,False,False,False,False,False,False,False,False,False,False,False,False,False,False,False,False,True,False,False,True,False,False,False,False,False,True
CCMSLIB00012718804,Methyl 3'-methyllecanorate,M-H,Negative,-1,331.082,332.09,377 Scan.mzXML,Didepside,CC1=CC(O)=CC(O)=C1C(OC2=C(C)C(O)=C(C(O)=O)C(C)=C2)=O,CC1=CC(O)=CC(O)=C1C(OC2=C(C)C(O)=C(C(O)=O)C(C)=C2)=O,C17H16O7,331.0818,M-H,5,PHRVMXJRNDCKTH,O=C(Oc1ccccc1)c1ccccc1,PHRVMXJRNDCKTH,O=C(Oc1ccccc1)c1ccccc1,C17H16O7,332.089602852,331.082326852,-0.0003268520000005992,0.0003971479999904659,C;H;O;,1.0,False,False,False,False,False,False,False,False,False,False,False,False,False,False,False,False,False,False,False,False,False,False,False,False,False,False,False,False,False,False,False,False,False,True,True,False,False,False,False,True,False,False,True
CCMSLIB00012718805,Methyl 7-O-methylnorascomatate,M+H,Positive,1,301.108,300.1,378 Scan.mzXML,Dibenzofuran,OC1=C(C(OC)=O)C(C)=C(C2=C(C)C=C(OC)C=C2O3)C3=C1,OC1=C(C(OC)=O)C(C)=C(C2=C(C)C=C(OC)C=C2O3)C3=C1,C17H16O5,301.1076,M+H,5.5,FZXGYDDZQUQTJO,c1ccc2c(c1)oc1ccccc12,FZXGYDDZQUQTJO,c1ccc2c(c1)oc1ccccc12,C17H16O5,300.099773612,301.10704961199997,0.0009503880000352183,0.00022638800004415316,C;H;O;,1.0,False,False,False,False,False,False,False,False,False,False,False,False,False,False,False,False,False,False,False,False,False,False,False,False,False,False,False,False,False,False,False,False,False,True,True,False,False,False,False,True,False,False,True
CCMSLIB00012718806,Methyl 2-O-methylperlatolate,M-H,Negative,-1,471.238,472.246,379 Scan.mzXML,Didepside,O=C(OC1=CC(O)=C(C(OC)=O)C(CCCCC)=C1)C2=C(OC)C=C(OC)C=C2CCCCC,O=C(OC1=CC(O)=C(C(OC)=O)C(CCCCC)=C1)C2=C(OC)C=C(OC)C=C2CCCCC,C27H36O7,471.2383,M-H,7.1,LJLATCFRLFOQFC,O=C(Oc1ccccc1)c1ccccc1,LJLATCFRLFOQFC,O=C(Oc1ccccc1)c1ccccc1,C27H36O7,472.246103492,471.238827492,-0.0008274919999848862,-0.00010349199999382108,C;H;O;,1.0,False,False,False,False,False,False,False,False,False,False,False,False,False,False,False,False,False,False,False,False,False,False,False,False,False,False,False,False,False,False,False,False,False,True,True,False,False,False,False,True,True,False,True
CCMSLIB00012718807,Methyl 2-O-methylstenosporate,M-H,Negative,-1,443.207,444.215,380 Scan.mzXML,Didepside,CCCCCC1=C(C(OC)=O)C(O)=CC(OC(C2=C(CCC)C=C(OC)C=C2OC)=O)=C1,CCCCCC1=C(C(OC)=O)C(O)=CC(OC(C2=C(CCC)C=C(OC)C=C2OC)=O)=C1,C25H32O7,443.207,M-H,6.5,VCDQFGPDHMRFJT,O=C(Oc1ccccc1)c1ccccc1,VCDQFGPDHMRFJT,O=C(Oc1ccccc1)c1ccccc1,C25H32O7,444.2148033639999,443.20752736399993,-0.0005273639999359148,0.00019663600005515036,C;H;O;,1.0,False,False,False,False,False,False,False,False,False,False,False,False,False,False,False,False,False,False,False,False,False,False,False,False,False,False,False,False,False,False,False,False,False,True,True,False,False,False,False,True,False,False,True
CCMSLIB00012718808,2'-O-Methylmicrophyllinic acid,M-H,Negative,-1,541.244,542.252,381 Scan.mzXML,Didepside,OC1=C(C(CC(CCCCC)=O)=CC(OC)=C1)C(OC2=CC(CC(CCCCC)=O)=C(C(O)=O)C(OC)=C2)=O,OC1=C(C(CC(CCCCC)=O)=CC(OC)=C1)C(OC2=CC(CC(CCCCC)=O)=C(C(O)=O)C(OC)=C2)=O,C30H38O9,541.2438,M-H,5.7,IEXUUTBAKJZBHY,O=C(Oc1ccccc1)c1ccccc1,IEXUUTBAKJZBHY,O=C(Oc1ccccc1)c1ccccc1,C30H38O9,542.2515827959999,541.2443067959998,-0.0003067959997906655,0.00041720400008671277,C;H;O;,1.0,False,False,False,False,False,False,False,False,False,False,False,False,False,False,False,False,False,False,False,False,False,False,False,False,False,False,False,False,False,False,False,False,False,True,True,False,False,False,False,True,False,False,True
CCMSLIB00012718809,7-O-Methylnorascomatic acid,M+H,Positive,1,287.092,286.084,382 Scan.mzXML,Dibenzofuran,OC1=C(C(O)=O)C(C)=C(C2=C(C)C=C(OC)C=C2O3)C3=C1,OC1=C(C(O)=O)C(C)=C(C2=C(C)C=C(OC)C=C2O3)C3=C1,C16H14O5,287.0919,M+H,5.2,AASMWLDYWGXFHI,c1ccc2c(c1)oc1ccccc12,AASMWLDYWGXFHI,c1ccc2c(c1)oc1ccccc12,C16H14O5,286.08412354800004,287.091399548,0.0006004519999578406,-0.00012354800003322453,C;H;O;,1.0,False,False,False,False,False,False,False,False,False,False,False,False,False,False,False,False,False,False,False,False,False,False,False,False,False,False,False,False,False,False,False,False,False,True,True,False,False,False,False,True,False,False,True
CCMSLIB00012718810,2'-O-Methylnorbarbatic acid,M-H,Negative,-1,359.113,360.121,383 Scan.mzXML,Didepside,OC1=C(C)C(O)=CC(C)=C1C(OC2=C(C)C(OC)=C(C(O)=O)C(C)=C2)=O,OC1=C(C)C(O)=CC(C)=C1C(OC2=C(C)C(OC)=C(C(O)=O)C(C)=C2)=O,C19H20O7,359.1131,M-H,5,OPZDIZVGVPQSIW,O=C(Oc1ccccc1)c1ccccc1,OPZDIZVGVPQSIW,O=C(Oc1ccccc1)c1ccccc1,C19H20O7,360.1209029799999,359.11362697999994,-0.0006269799999358838,9.70200000551813e-05,C;H;O;,1.0,False,False,False,False,False,False,False,False,False,False,False,False,False,False,False,False,False,False,False,False,False,False,False,False,False,False,False,False,False,False,False,False,False,True,True,False,False,False,False,True,True,False,True
CCMSLIB00012718811,4'-O-Methylnorcryptochlorophaeic acid,M-H,Negative,-1,459.202,460.21,384 Scan.mzXML,Didepside,OC1=CC(O)=CC(CCCCC)=C1C(OC2=C(O)C(C(O)=O)=C(CCCCC)C=C2OC)=O,OC1=CC(O)=CC(CCCCC)=C1C(OC2=C(O)C(C(O)=O)=C(CCCCC)C=C2OC)=O,C25H32O8,459.2019,M-H,5.6,VDWHFUXNOBJNSW,O=C(Oc1ccccc1)c1ccccc1,VDWHFUXNOBJNSW,O=C(Oc1ccccc1)c1ccccc1,C25H32O8,460.2097179839999,459.2024419839999,-0.00044198399990591497,0.00028201600008515015,C;H;O;,1.0,False,False,False,False,False,False,False,False,False,False,False,False,False,False,False,False,False,False,False,False,False,False,False,False,False,False,False,False,False,False,False,False,False,True,True,False,False,False,False,True,False,False,True
CCMSLIB00012718812,2-O-Methylnordivaricatic acid,M-H,Negative,-1,387.144,388.152,385 Scan.mzXML,Didepside,O=C(OC1=CC(CCC)=C(C(O)=O)C(O)=C1)C2=C(CCC)C=C(O)C=C2OC,O=C(OC1=CC(CCC)=C(C(O)=O)C(O)=C1)C2=C(CCC)C=C(O)C=C2OC,C21H24O7,387.1444,M-H,5,PWIRACMAPCAVKB,O=C(Oc1ccccc1)c1ccccc1,PWIRACMAPCAVKB,O=C(Oc1ccccc1)c1ccccc1,C21H24O7,388.152203108,387.144927108,-0.0009271079999848553,-0.00020310799999379014,C;H;O;,1.0,False,False,False,False,False,False,False,False,False,False,False,False,False,False,False,False,False,False,False,False,False,False,False,False,False,False,False,False,False,False,False,False,False,True,True,False,False,False,False,True,False,False,True
CCMSLIB00012718813,4'-O-Methylnorhomosekikaic acid,M-H,Negative,-1,431.171,432.178,386 Scan.mzXML,Didepside,OC1=CC(O)=CC(CCC)=C1C(OC2=C(O)C(C(O)=O)=C(CCCCC)C=C2OC)=O,OC1=CC(O)=CC(CCC)=C1C(OC2=C(O)C(C(O)=O)=C(CCCCC)C=C2OC)=O,C23H28O8,431.1706,M-H,5.6,CGFRYGDUDNEUQK,O=C(Oc1ccccc1)c1ccccc1,CGFRYGDUDNEUQK,O=C(Oc1ccccc1)c1ccccc1,C23H28O8,432.17841785599995,431.17114185599996,-0.00014185599997063036,-0.0004178559999559184,C;H;O;,1.0,False,False,False,False,False,False,False,False,False,False,False,False,False,False,False,False,False,False,False,False,False,False,False,False,False,False,False,False,False,False,False,False,False,True,True,False,False,False,False,True,False,False,True
CCMSLIB00012718814,2'-O-Methylnorobtusatic acid,M-H,Negative,-1,345.098,346.105,387 Scan.mzXML,Didepside,OC1=C(C(C)=CC(O)=C1C)C(OC2=CC(C)=C(C(O)=O)C(OC)=C2)=O,OC1=C(C(C)=CC(O)=C1C)C(OC2=CC(C)=C(C(O)=O)C(OC)=C2)=O,C18H18O7,345.0975,M-H,4.9,ITAJSGQMWYFBGD,O=C(Oc1ccccc1)c1ccccc1,ITAJSGQMWYFBGD,O=C(Oc1ccccc1)c1ccccc1,C18H18O7,346.1052529159999,345.09797691599994,2.3084000076778466e-05,-0.00025291599990850955,C;H;O;,1.0,False,False,False,False,False,False,False,False,False,False,False,False,False,False,False,False,False,False,False,False,False,False,False,False,False,False,False,False,False,False,False,False,False,True,True,False,False,False,False,True,True,False,True
CCMSLIB00012718815,4'-O-Methylnorsekikaic acid,M-H,Negative,-1,403.139,404.147,388 Scan.mzXML,Didepside,CCCC1=CC(OC)=C(OC(C2=C(CCC)C=C(O)C=C2O)=O)C(O)=C1C(O)=O,CCCC1=CC(OC)=C(OC(C2=C(CCC)C=C(O)C=C2O)=O)C(O)=C1C(O)=O,C21H24O8,403.1393,M-H,5.3,DMDOBFFDDKYHES,O=C(Oc1ccccc1)c1ccccc1,DMDOBFFDDKYHES,O=C(Oc1ccccc1)c1ccccc1,C21H24O8,404.14711772799984,403.13984172799985,-0.0008417279998411686,-0.00011772799985010352,C;H;O;,1.0,False,False,False,False,False,False,False,False,False,False,False,False,False,False,False,False,False,False,False,False,False,False,False,False,False,False,False,False,False,False,False,False,False,True,True,False,False,False,False,True,False,False,True
CCMSLIB00012718816,2-O-Methylnorstenosporic acid,M-H,Negative,-1,415.176,416.184,389 Scan.mzXML,Didepside,O=C(OC1=CC(O)=C(C(O)=O)C(CCCCC)=C1)C2=C(CCC)C=C(O)C=C2OC,O=C(OC1=CC(O)=C(C(O)=O)C(CCCCC)=C1)C2=C(CCC)C=C(O)C=C2OC,C23H28O7,415.1757,M-H,5.4,KSPVZTCFCVGQMH,O=C(Oc1ccccc1)c1ccccc1,KSPVZTCFCVGQMH,O=C(Oc1ccccc1)c1ccccc1,C23H28O7,416.183503236,415.176227236,-0.00022723600000063016,0.0004967640000472784,C;H;O;,1.0,False,False,False,False,False,False,False,False,False,False,False,False,False,False,False,False,False,False,False,False,False,False,False,False,False,False,False,False,False,False,False,False,False,True,True,False,False,False,False,True,False,False,True
CCMSLIB00012718817,2'-O-Methylnorsuperphyllinic acid,M-H,Negative,-1,583.291,584.299,390 Scan.mzXML,Didepside,O=C(OC1=CC(CC(CCCCCCC)=O)=C(C(O)=O)C(OC)=C1)C2=C(CC(CCCCCCC)=O)C=C(O)C=C2O,O=C(OC1=CC(CC(CCCCCCC)=O)=C(C(O)=O)C(OC)=C1)C2=C(CC(CCCCCCC)=O)C=C(O)C=C2O,C33H44O9,583.2907,M-H,5.9,JXPRDOLJHWQVJI,O=C(Oc1ccccc1)c1ccccc1,JXPRDOLJHWQVJI,O=C(Oc1ccccc1)c1ccccc1,C33H44O9,584.2985329879999,583.2912569879999,-0.0002569879998191027,0.0004670120000582756,C;H;O;,1.0,False,False,False,False,False,False,False,False,False,False,False,False,False,False,False,False,False,False,False,False,False,False,False,False,False,False,False,False,False,False,False,False,False,True,True,False,False,False,False,True,False,False,True
CCMSLIB00012718818,2'-O-Methylobtusatic acid,M-H,Negative,-1,359.113,360.121,391 Scan.mzXML,Didepside,OC1=C(C)C(OC)=CC(C)=C1C(OC2=CC(OC)=C(C(O)=O)C(C)=C2)=O,OC1=C(C)C(OC)=CC(C)=C1C(OC2=CC(OC)=C(C(O)=O)C(C)=C2)=O,C19H20O7,359.1131,M-H,5.5,WMRWZHNSNDSBLS,O=C(Oc1ccccc1)c1ccccc1,WMRWZHNSNDSBLS,O=C(Oc1ccccc1)c1ccccc1,C19H20O7,360.1209029799999,359.11362697999994,-0.0006269799999358838,9.70200000551813e-05,C;H;O;,1.0,False,False,False,False,False,False,False,False,False,False,False,False,False,False,False,False,False,False,False,False,False,False,False,False,False,False,False,False,False,False,False,False,False,True,True,False,False,False,False,True,True,False,True
CCMSLIB00012718819,2-O-Methylobtusatic acid,M-H,Negative,-1,359.113,360.121,392 Scan.mzXML,Didepside,O=C(OC1=CC(O)=C(C(O)=O)C(C)=C1)C2=C(C)C=C(OC)C(C)=C2OC,O=C(OC1=CC(O)=C(C(O)=O)C(C)=C1)C2=C(C)C=C(OC)C(C)=C2OC,C19H20O7,359.1131,M-H,5.5,LMHXIPCOBGXNCV,O=C(Oc1ccccc1)c1ccccc1,LMHXIPCOBGXNCV,O=C(Oc1ccccc1)c1ccccc1,C19H20O7,360.12090298,359.11362698,-0.0006269799999927272,9.701999999833788e-05,C;H;O;,1.0,False,False,False,False,False,False,False,False,False,False,False,False,False,False,False,False,False,False,False,False,False,False,False,False,False,False,False,False,False,False,False,False,False,True,True,False,False,False,False,True,True,False,True
CCMSLIB00012718820,4-O-Methylolivetoric acid,M-H,Negative,-1,485.218,486.225,393 Scan.mzXML,Didepside,OC1=CC(OC)=CC(CC(CCCCC)=O)=C1C(OC2=CC(O)=C(C(O)=O)C(CCCCC)=C2)=O,OC1=CC(OC)=CC(CC(CCCCC)=O)=C1C(OC2=CC(O)=C(C(O)=O)C(CCCCC)=C2)=O,C27H34O8,485.2176,M-H,6,IMAXTTZXSCQDOM,O=C(Oc1ccccc1)c1ccccc1,IMAXTTZXSCQDOM,O=C(Oc1ccccc1)c1ccccc1,C27H34O8,486.2253680479999,485.2180920479999,-9.20479998853807e-05,-0.0003680479998706687,C;H;O;,1.0,False,False,False,False,False,False,False,False,False,False,False,False,False,False,False,False,False,False,False,False,False,False,False,False,False,False,False,False,False,False,False,False,False,True,True,False,False,False,False,True,False,False,True
CCMSLIB00012718821,Methyl beta-orsellinate or Atratic acid,M+H,Positive,1,197.081,196.074,394 Scan.mzXML,Cleavage Products of Depsides and Depsidones,OC1=CC(C)=C(C(OC)=O)C(O)=C1C,OC1=CC(C)=C(C(OC)=O)C(O)=C1C,C10H12O4,197.0814,M+H,4.9,UUQHKWMIDYRWHH,c1ccccc1,UUQHKWMIDYRWHH,c1ccccc1,C10H12O4,196.073558864,197.080834864,0.00016513599999257167,0.0004411360000062814,C;H;O;,1.0,False,True,True,True,True,False,False,True,True,True,False,False,True,False,False,True,False,True,False,False,False,False,False,True,False,False,False,False,False,False,False,False,False,True,True,True,False,False,True,True,True,True,True
CCMSLIB00012718822,Methyl ovoate,M-H,Negative,-1,495.129,496.137,395 Scan.mzXML,Tridepside,OC1=CC(O)=CC(C)=C1C(OC2=CC(OC)=C(C(OC3=CC(O)=C(C(OC)=O)C(C)=C3)=O)C(C)=C2)=O,OC1=CC(O)=CC(C)=C1C(OC2=CC(OC)=C(C(OC3=CC(O)=C(C(OC)=O)C(C)=C3)=O)C(C)=C2)=O,C26H24O10,495.1291,M-H,5.7,VTCAEPABRSJJLU,O=C(Oc1ccc(C(=O)Oc2ccccc2)cc1)c1ccccc1,VTCAEPABRSJJLU,O=C(Oc1ccc(C(=O)Oc2ccccc2)cc1)c1ccccc1,C26H24O10,496.1369469679999,495.1296709679999,-0.0006709679998948559,5.303200009620923e-05,C;H;O;,1.0,False,False,False,False,False,False,False,False,False,False,False,False,False,False,False,False,False,False,False,False,False,False,False,False,False,False,False,False,False,False,False,False,False,True,False,False,True,False,False,False,False,False,True
CCMSLIB00012718823,4'-O-Methylpaludosic acid,M-H,Negative,-1,445.186,446.194,397 Scan.mzXML,Didepside,O=C(C(C(CCC)=CC(O)=C1)=C1OC)OC2=C(OC)C=C(CCCCC)C(C(O)=O)=C2O,O=C(C(C(CCC)=CC(O)=C1)=C1OC)OC2=C(OC)C=C(CCCCC)C(C(O)=O)=C2O,C24H30O8,445.1863,M-H,5.3,FUQNKYILTGFJSB,O=C(Oc1ccccc1)c1ccccc1,FUQNKYILTGFJSB,O=C(Oc1ccccc1)c1ccccc1,C24H30O8,446.19406791999995,445.18679191999996,-0.0007919199999832927,-6.791999993538411e-05,C;H;O;,1.0,False,False,False,False,False,False,False,False,False,False,False,False,False,False,False,False,False,False,False,False,False,False,False,False,False,False,False,False,False,False,False,False,False,True,True,False,False,False,False,True,True,False,True
CCMSLIB00012718824,3-O-Methylpannaric acid,M-H,Negative,-1,329.066,330.074,398 Scan.mzXML,Dibenzofuran,CC1=CC(O)=C2C3=C(OC2=C1C(O)=O)C=C(OC)C(C(O)=O)=C3C,CC1=CC(O)=C2C3=C(OC2=C1C(O)=O)C=C(OC)C(C(O)=O)=C3C,C17H14O7,329.0662,M-H,4.3,WAQJYQQMZXSGED,c1ccc2c(c1)oc1ccccc12,WAQJYQQMZXSGED,c1ccc2c(c1)oc1ccccc12,C17H14O7,330.073952788,329.066676788,-0.0006767880000211335,4.721200002677506e-05,C;H;O;,1.0,False,False,False,False,False,False,False,False,False,False,False,False,False,False,False,False,False,False,False,False,False,False,False,False,False,False,False,False,False,False,False,False,False,True,True,False,False,False,False,True,False,False,True
CCMSLIB00012718825,1-O-Methylparietin,M+H,Positive,1,299.092,298.084,399 Scan.mzXML,Quinone,O=C(C1=C(C=C(OC)C=C1C2=O)OC)C3=C(O)C=C(C=C23)C,O=C(C1=C(C=C(OC)C=C1C2=O)OC)C3=C(O)C=C(C=C23)C,C17H14O5,299.0919,M+H,5.6,QJKZQZYKOMVBQO,O=C1c2ccccc2C(=O)c2ccccc21,QJKZQZYKOMVBQO,O=C1c2ccccc2C(=O)c2ccccc21,C17H14O5,298.08412354800004,299.091399548,0.0006004519999578406,-0.00012354800003322453,C;H;O;,1.0,False,False,False,False,False,False,False,False,False,False,False,False,False,False,False,False,False,False,False,False,False,False,False,False,False,False,False,False,False,False,False,False,False,True,True,True,False,False,False,True,False,False,True
CCMSLIB00012718826,Methyl parietinate,M-H,Negative,-1,327.051,328.058,400 Scan.mzXML,Quinone,OC(C=C(C(OC)=O)C=C1C(C2=CC(OC)=CC(O)=C32)=O)=C1C3=O,OC(C=C(C(OC)=O)C=C1C(C2=CC(OC)=CC(O)=C32)=O)=C1C3=O,C17H12O7,327.0505,M-H,5.8,YFEGHBNSSFERHC,O=C1c2ccccc2C(=O)c2ccccc21,YFEGHBNSSFERHC,O=C1c2ccccc2C(=O)c2ccccc21,C17H12O7,328.058302724,327.051026724,-2.6724000008471194e-05,-0.0003027239999937592,C;H;O;,1.0,False,False,False,False,False,False,False,False,False,False,False,False,False,False,False,False,False,False,False,False,False,False,False,False,False,False,False,False,False,False,False,False,False,True,True,True,False,False,False,True,False,False,True
CCMSLIB00012718827,2-O-Methylperlatolic acid,M-H,Negative,-1,457.223,458.23,401 Scan.mzXML,Didepside,O=C(OC1=CC(O)=C(C(O)=O)C(CCCCC)=C1)C2=C(OC)C=C(OC)C=C2CCCCC,O=C(OC1=CC(O)=C(C(O)=O)C(CCCCC)=C1)C2=C(OC)C=C(OC)C=C2CCCCC,C26H34O7,457.2227,M-H,6.3,FPUYCHGCPUBJFV,O=C(Oc1ccccc1)c1ccccc1,FPUYCHGCPUBJFV,O=C(Oc1ccccc1)c1ccccc1,C26H34O7,458.230453428,457.223177428,-0.00017742799997222392,-0.00045342799995751193,C;H;O;,1.0,False,False,False,False,False,False,False,False,False,False,False,False,False,False,False,False,False,False,False,False,False,False,False,False,False,False,False,False,False,False,False,False,False,True,True,False,False,False,False,True,False,False,True
CCMSLIB00012718828,2'-O-Methylphenarctin,M-H,Negative,-1,429.119,430.126,402 Scan.mzXML,Didepside,OC1=C(C=O)C(O)=C(C=O)C(C)=C1C(OC2=C(C)C(OC)=C(C(OC)=O)C(C)=C2C)=O,OC1=C(C=O)C(O)=C(C=O)C(C)=C1C(OC2=C(C)C(OC)=C(C(OC)=O)C(C)=C2C)=O,C22H22O9,429.1186,M-H,5.7,UQQVHPPJLNOECY,O=C(Oc1ccccc1)c1ccccc1,UQQVHPPJLNOECY,O=C(Oc1ccccc1)c1ccccc1,C22H22O9,430.12638228399993,429.11910628399994,-0.0001062839999121934,-0.0003822839999543248,C;H;O;,1.0,False,False,False,False,False,False,False,False,False,False,False,False,False,False,False,False,False,False,False,False,False,False,False,False,False,False,False,False,False,False,False,False,False,True,True,False,False,False,False,True,False,False,True
CCMSLIB00012718829,2'-O-Methylphysodic acid,M-H,Negative,-1,483.202,484.21,403 Scan.mzXML,Depsidone,O=C1C2=C(CC(CCCCC)=O)C=C(O)C=C2OC(C(CCCCC)=C(C(O)=O)C(OC)=C3)=C3O1,O=C1C2=C(CC(CCCCC)=O)C=C(O)C=C2OC(C(CCCCC)=C(C(O)=O)C(OC)=C3)=C3O1,C27H32O8,483.2019,M-H,5.5,MSKUGUAVMUYBCM,O=C1Oc2ccccc2Oc2ccccc21,MSKUGUAVMUYBCM,O=C1Oc2ccccc2Oc2ccccc21,C27H32O8,484.2097179839999,483.2024419839999,-0.00044198399990591497,0.00028201600008515015,C;H;O;,1.0,False,False,False,False,False,False,False,False,False,False,False,False,False,False,False,False,False,False,False,False,False,False,False,False,False,False,False,False,False,False,False,False,False,True,True,False,False,False,False,True,False,False,True
CCMSLIB00012718830,4-O-Methylphysodic acid,M-H,Negative,-1,483.202,484.21,404 Scan.mzXML,Depsidone,O=C1C2=C(CC(CCCCC)=O)C=C(OC)C=C2OC(C(CCCCC)=C(C(O)=O)C(O)=C3)=C3O1,O=C1C2=C(CC(CCCCC)=O)C=C(OC)C=C2OC(C(CCCCC)=C(C(O)=O)C(O)=C3)=C3O1,C27H32O8,483.2019,M-H,6,VFRGAVOQEJKXDU,O=C1Oc2ccccc2Oc2ccccc21,VFRGAVOQEJKXDU,O=C1Oc2ccccc2Oc2ccccc21,C27H32O8,484.2097179839999,483.2024419839999,-0.00044198399990591497,0.00028201600008515015,C;H;O;,1.0,False,False,False,False,False,False,False,False,False,False,False,False,False,False,False,False,False,False,False,False,False,False,False,False,False,False,False,False,False,False,False,False,False,True,True,False,False,False,False,True,False,False,True
CCMSLIB00012718831,Methyl pseudoalectoronate,M-H,Negative,-1,525.213,526.22,405 Scan.mzXML,Depsidone,O=C1C2=C(CC(CCCCC)=O)C=C(O)C=C2OC(C(C[C@](OC)(CCCCC)OC3=O)=C3C(O)=C4)=C4O1,O=C1C2=C(CC(CCCCC)=O)C=C(O)C=C2OC(C(C[C@](OC)(CCCCC)OC3=O)=C3C(O)=C4)=C4O1,C29H34O9,525.2125,M-H,6,UXNLVJSIIIHWOX,O=C1Oc2ccc3c(c2Oc2ccccc21)CCOC3=O,UXNLVJSIIIHWOX,O=C1Oc2ccc3c(c2Oc2ccccc21)CCOC3=O,C29H34O9,526.2202826679999,525.2130066679998,-6.667999855380913e-06,-0.0002826679998406689,C;H;O;,1.0,False,False,False,False,False,False,False,False,False,False,False,False,False,False,False,False,False,False,False,False,False,False,False,False,False,False,False,False,False,False,False,False,False,True,False,False,False,False,False,True,True,False,False
CCMSLIB00012718832,2'-O-Methylpseudocyphellarin A,M-H,Negative,-1,415.139,416.147,406 Scan.mzXML,Didepside,OC1=C(C=O)C(O)=C(C)C(C)=C1C(OC2=C(C)C(OC)=C(C(OC)=O)C(C)=C2C)=O,OC1=C(C=O)C(O)=C(C)C(C)=C1C(OC2=C(C)C(OC)=C(C(OC)=O)C(C)=C2C)=O,C22H24O8,415.1393,M-H,6.3,IYLZMLGKMBXQEG,O=C(Oc1ccccc1)c1ccccc1,IYLZMLGKMBXQEG,O=C(Oc1ccccc1)c1ccccc1,C22H24O8,416.14711772799996,415.13984172799996,-0.0008417279999548555,-0.00011772799996379035,C;H;O;,1.0,False,False,False,False,False,False,False,False,False,False,False,False,False,False,False,False,False,False,False,False,False,False,False,False,False,False,False,False,False,False,False,False,False,True,True,False,False,False,False,True,False,False,True
CCMSLIB00012718833,Methyl pseudonorstictate,M-H,Negative,-1,385.056,386.064,407 Scan.mzXML,Depsidone,O=C1C2=C(C)C=C(O)C(C=O)=C2OC(C(C(OC)OC3=O)=C3C(O)=C4C)=C4O1,O=C1C2=C(C)C=C(O)C(C=O)=C2OC(C(C(OC)OC3=O)=C3C(O)=C4C)=C4O1,C19H14O9,385.056,M-H,5.2,DPDHDUQIBVOTBT,O=C1Oc2ccc3c(c2Oc2ccccc21)COC3=O,DPDHDUQIBVOTBT,O=C1Oc2ccc3c(c2Oc2ccccc21)COC3=O,C19H14O9,386.06378202799993,385.05650602799994,-0.0005060279999611339,0.00021797200008677464,C;H;O;,1.0,False,False,False,False,False,False,False,False,False,False,False,False,False,False,False,False,False,False,False,False,False,False,False,False,False,False,False,False,False,False,False,False,False,True,True,False,False,False,False,True,True,False,True
CCMSLIB00012718834,Methyl pseudosalazinate,M-H,Negative,-1,401.051,402.059,408 Scan.mzXML,Depsidone,O=C1C2=C(C)C=C(O)C(C=O)=C2OC(C(C(OC)OC3=O)=C3C(O)=C4CO)=C4O1,O=C1C2=C(C)C=C(O)C(C=O)=C2OC(C(C(OC)OC3=O)=C3C(O)=C4CO)=C4O1,C19H14O10,401.0509,M-H,4.8,FNADIYWMMFUQRE,O=C1Oc2ccc3c(c2Oc2ccccc21)COC3=O,FNADIYWMMFUQRE,O=C1Oc2ccc3c(c2Oc2ccccc21)COC3=O,C19H14O10,402.0586966479999,401.0514206479999,-0.0004206479999311341,0.00030335200011677443,C;H;O;,1.0,False,False,False,False,False,False,False,False,False,False,False,False,False,False,False,False,False,False,False,False,False,False,False,False,False,False,False,False,False,False,False,False,False,True,True,False,False,False,False,True,True,False,True
CCMSLIB00012718835,Methyl psoromate,M-H,Negative,-1,371.077,372.085,409 Scan.mzXML,Depsidone,O=C1C2=C(C)C=C(O)C(C=O)=C2OC(C(C(OC)=O)=CC(OC)=C3C)=C3O1,O=C1C2=C(C)C=C(O)C(C=O)=C2OC(C(C(OC)=O)=CC(OC)=C3C)=C3O1,C19H16O8,371.0767,M-H,5.7,SPPTYKIGBRRHMM,O=C1Oc2ccccc2Oc2ccccc21,SPPTYKIGBRRHMM,O=C1Oc2ccccc2Oc2ccccc21,C19H16O8,372.08451747199996,371.07724147199997,-0.00024147199997059943,0.0004825280000204657,C;H;O;,1.0,False,False,False,False,False,False,False,False,False,False,False,False,False,False,False,False,False,False,False,False,False,False,False,False,False,False,False,False,False,False,False,False,False,True,True,False,False,False,False,False,False,False,True
CCMSLIB00012718836,Methyl sekikaiate,M-H,Negative,-1,431.171,432.178,410 Scan.mzXML,Didepside,O=C(OC1=C(C=C(C(C(OC)=O)=C1O)CCC)OC)C2=C(O)C=C(OC)C=C2CCC,O=C(OC1=C(C=C(C(C(OC)=O)=C1O)CCC)OC)C2=C(O)C=C(OC)C=C2CCC,C23H28O8,431.1706,M-H,5.7,TVGSPKREJWLKSZ,O=C(Oc1ccccc1)c1ccccc1,TVGSPKREJWLKSZ,O=C(Oc1ccccc1)c1ccccc1,C23H28O8,432.17841785599995,431.17114185599996,-0.00014185599997063036,-0.0004178559999559184,C;H;O;,1.0,False,False,False,False,False,False,False,False,False,False,False,False,False,False,False,False,False,False,False,False,False,False,False,False,False,False,False,False,False,False,False,False,False,True,True,False,False,False,False,True,False,False,True
CCMSLIB00012718837,2-O-Methylsekikaic acid,M-H,Negative,-1,431.171,432.178,411 Scan.mzXML,Didepside,O=C(C(C(CCC)=CC(OC)=C1)=C1OC)OC2=C(OC)C=C(CCC)C(C(O)=O)=C2O,O=C(C(C(CCC)=CC(OC)=C1)=C1OC)OC2=C(OC)C=C(CCC)C(C(O)=O)=C2O,C23H28O8,431.1706,M-H,5.6,FVJZICDDDAWZPV,O=C(Oc1ccccc1)c1ccccc1,FVJZICDDDAWZPV,O=C(Oc1ccccc1)c1ccccc1,C23H28O8,432.17841785599995,431.17114185599996,-0.00014185599997063036,-0.0004178559999559184,C;H;O;,1.0,False,False,False,False,False,False,False,False,False,False,False,False,False,False,False,False,False,False,False,False,False,False,False,False,False,False,False,False,False,False,False,False,False,True,True,False,False,False,False,True,False,False,True
CCMSLIB00012718838,2-O-Methylsquamatic acid,M-H,Negative,-1,403.103,404.111,412 Scan.mzXML,Didepside,CC1=CC(=C(C(=C1C(=O)O)O)C)OC(=O)C2=C(C(=C(C=C2C)OC)C(=O)O)OC,CC1=CC(=C(C(=C1C(=O)O)O)C)OC(=O)C2=C(C(=C(C=C2C)OC)C(=O)O)OC,C20H20O9,403.1029,M-H,4.7,ZATZIVUNUMYVES,O=C(Oc1ccccc1)c1ccccc1,ZATZIVUNUMYVES,O=C(Oc1ccccc1)c1ccccc1,C20H20O9,404.11073221999993,403.10345621999994,-0.00045621999993272766,0.00026778000005833746,C;H;O;,1.0,False,False,False,False,False,False,False,False,False,False,False,False,False,False,False,False,False,False,False,False,False,False,False,False,False,False,False,False,False,False,False,False,False,True,True,False,False,False,False,True,False,False,True
CCMSLIB00012718839,2-O-Methylstenosporic acid,M-H,Negative,-1,429.191,430.199,413 Scan.mzXML,Didepside,O=C(C(C(CCC)=CC(OC)=C1)=C1OC)OC2=CC(CCCCC)=C(C(O)=O)C(O)=C2,O=C(C(C(CCC)=CC(OC)=C1)=C1OC)OC2=CC(CCCCC)=C(C(O)=O)C(O)=C2,C24H30O7,429.1914,M-H,5.9,XGAAYQDWRSMKNI,O=C(Oc1ccccc1)c1ccccc1,XGAAYQDWRSMKNI,O=C(Oc1ccccc1)c1ccccc1,C24H30O7,430.1991532999999,429.19187729999993,-0.000877299999956449,-0.00015329999990854049,C;H;O;,1.0,False,False,False,False,False,False,False,False,False,False,False,False,False,False,False,False,False,False,False,False,False,False,False,False,False,False,False,False,False,False,False,False,False,True,True,False,False,False,False,True,False,False,True
CCMSLIB00012718840,2'-O-Methylstenosporic acid,M-H,Negative,-1,429.191,430.199,414 Scan.mzXML,Didepside,CCCCCC1=C(C(O)=O)C(OC)=CC(OC(C2=C(CCC)C=C(OC)C=C2O)=O)=C1,CCCCCC1=C(C(O)=O)C(OC)=CC(OC(C2=C(CCC)C=C(OC)C=C2O)=O)=C1,C24H30O7,429.1914,M-H,5.8,RIOPQPXWFXGZBM,O=C(Oc1ccccc1)c1ccccc1,RIOPQPXWFXGZBM,O=C(Oc1ccccc1)c1ccccc1,C24H30O7,430.1991532999999,429.19187729999993,-0.000877299999956449,-0.00015329999990854049,C;H;O;,1.0,False,False,False,False,False,False,False,False,False,False,False,False,False,False,False,False,False,False,False,False,False,False,False,False,False,False,False,False,False,False,False,False,False,True,True,False,False,False,False,True,False,False,True
CCMSLIB00012718841,Methyl stictic acid,M-H,Negative,-1,385.056,386.064,415 Scan.mzXML,Depsidone,ambiguous naming,ambiguous naming,C19H14O9,385.056,M-H,4.7,,,,,,,,,,,,,False,False,False,False,False,False,False,False,False,False,False,False,False,False,False,False,False,False,False,False,False,False,False,False,False,False,False,False,False,False,False,False,False,False,False,False,False,False,False,False,False,False
CCMSLIB00012718842,2'-O-Methylsuperlatolic acid,M-H,Negative,-1,513.285,514.293,416 Scan.mzXML,Didepside,OC1=CC(OC)=CC(CCCCCCC)=C1C(OC2=CC(OC)=C(C(O)=O)C(CCCCCCC)=C2)=O,OC1=CC(OC)=CC(CCCCCCC)=C1C(OC2=CC(OC)=C(C(O)=O)C(CCCCCCC)=C2)=O,C30H42O7,513.2853,M-H,6.1,HWEHWLCQHZXLAK,O=C(Oc1ccccc1)c1ccccc1,HWEHWLCQHZXLAK,O=C(Oc1ccccc1)c1ccccc1,C30H42O7,514.2930536839999,513.2857776839999,-0.0007776839998996365,-5.368399990857142e-05,C;H;O;,1.0,False,False,False,False,False,False,False,False,False,False,False,False,False,False,False,False,False,False,False,False,False,False,False,False,False,False,False,False,False,False,False,False,False,True,True,False,False,False,False,True,False,False,True
CCMSLIB00012718843,2-O-Methylsuperlatolic acid,M-H,Negative,-1,513.285,514.293,417 Scan.mzXML,Didepside,O=C(OC1=CC(O)=C(C(O)=O)C(CCCCCCC)=C1)C2=C(CCCCCCC)C=C(OC)C=C2OC,O=C(OC1=CC(O)=C(C(O)=O)C(CCCCCCC)=C1)C2=C(CCCCCCC)C=C(OC)C=C2OC,C30H42O7,513.2853,M-H,7.7,RXCPQQXKUKDLQU,O=C(Oc1ccccc1)c1ccccc1,RXCPQQXKUKDLQU,O=C(Oc1ccccc1)c1ccccc1,C30H42O7,514.293053684,513.285777684,-0.0007776840000133234,-5.368400002225826e-05,C;H;O;,1.0,False,False,False,False,False,False,False,False,False,False,False,False,False,False,False,False,False,False,False,False,False,False,False,False,False,False,False,False,False,False,False,False,False,True,True,False,False,False,False,True,False,False,True
CCMSLIB00012718844,4-O-Methylsuperolivetoric acid,M-H,Negative,-1,541.28,542.288,418 Scan.mzXML,Didepside,O=C(OC1=CC(CCCCCCC)=C(C(O)=O)C(O)=C1)C2=C(CC(CCCCCCC)=O)C=C(OC)C=C2O,O=C(OC1=CC(CCCCCCC)=C(C(O)=O)C(O)=C1)C2=C(CC(CCCCCCC)=O)C=C(OC)C=C2O,C31H42O8,541.2802,M-H,7,BDLVHNMIJRQJDI,O=C(Oc1ccccc1)c1ccccc1,BDLVHNMIJRQJDI,O=C(Oc1ccccc1)c1ccccc1,C31H42O8,542.287968304,541.2806923039999,-0.0006923039999264802,3.169600006458495e-05,C;H;O;,1.0,False,False,False,False,False,False,False,False,False,False,False,False,False,False,False,False,False,False,False,False,False,False,False,False,False,False,False,False,False,False,False,False,False,True,True,False,False,False,False,True,False,False,True
CCMSLIB00012718845,2?-O-Methylsuperphyllinic acid,M-H,Negative,-1,597.306,598.314,419 Scan.mzXML,Didepside,OC1=C(C(CC(CCCCCCC)=O)=CC(OC)=C1)C(OC2=CC(CC(CCCCCCC)=O)=C(C(O)=O)C(OC)=C2)=O,OC1=C(C(CC(CCCCCCC)=O)=CC(OC)=C1)C(OC2=CC(CC(CCCCCCC)=O)=C(C(O)=O)C(OC)=C2)=O,C34H46O9,597.3064,M-H,6.4,GACSBQUZRMQOAT,O=C(Oc1ccccc1)c1ccccc1,GACSBQUZRMQOAT,O=C(Oc1ccccc1)c1ccccc1,C34H46O9,598.314183052,597.3069070519999,-0.0009070519998886084,-0.00018305200001123012,C;H;O;,1.0,False,False,False,False,False,False,False,False,False,False,False,False,False,False,False,False,False,False,False,False,False,False,False,False,False,False,False,False,False,False,False,False,False,True,True,False,False,False,False,True,False,False,True
CCMSLIB00012718846,2'-O-Methyltenuiorin,M-H,Negative,-1,509.145,510.153,420 Scan.mzXML,Tridepside,CC1=CC(OC)=CC(O)=C1C(OC2=CC(OC)=C(C(OC3=CC(O)=C(C(OC)=O)C(C)=C3)=O)C(C)=C2)=O,CC1=CC(OC)=CC(O)=C1C(OC2=CC(OC)=C(C(OC3=CC(O)=C(C(OC)=O)C(C)=C3)=O)C(C)=C2)=O,C27H26O10,509.1448,M-H,6.1,KAQZQIDWGNABJT,O=C(Oc1ccc(C(=O)Oc2ccccc2)cc1)c1ccccc1,KAQZQIDWGNABJT,O=C(Oc1ccc(C(=O)Oc2ccccc2)cc1)c1ccccc1,C27H26O10,510.15259703199985,509.14532103199986,-0.00032103199987432163,0.0004029680001735869,C;H;O;,1.0,False,False,False,False,False,False,False,False,False,False,False,False,False,False,False,False,False,False,False,False,False,False,False,False,False,False,False,False,False,False,False,False,False,True,False,False,True,False,False,False,False,False,True
CCMSLIB00012718847,"""2""""-O-Methyltenuiorin""",M-H,Negative,-1,509.145,510.153,421 Scan.mzXML,Tridepside,CC1=CC(OC)=CC(O)=C1C(OC2=CC(O)=C(C(OC3=CC(OC)=C(C(OC)=O)C(C)=C3)=O)C(C)=C2)=O,CC1=CC(OC)=CC(O)=C1C(OC2=CC(O)=C(C(OC3=CC(OC)=C(C(OC)=O)C(C)=C3)=O)C(C)=C2)=O,C27H26O10,509.1448,M-H,6,AXWRJPJILHTYGR,O=C(Oc1ccc(C(=O)Oc2ccccc2)cc1)c1ccccc1,AXWRJPJILHTYGR,O=C(Oc1ccc(C(=O)Oc2ccccc2)cc1)c1ccccc1,C27H26O10,510.1525970319999,509.1453210319999,-0.00032103199993116505,0.0004029680001167435,C;H;O;,1.0,False,False,False,False,False,False,False,False,False,False,False,False,False,False,False,False,False,False,False,False,False,False,False,False,False,False,False,False,False,False,False,False,False,True,False,False,True,False,False,False,False,False,True
CCMSLIB00012718848,3-O-Methylthiophanic acid,M-H,Negative,-1,406.905,407.913,423 Scan.mzXML,Xanthone,CC1=C2C(OC3=C(Cl)C(O)=C(Cl)C(O)=C3C2=O)=C(Cl)C(OC)=C1Cl,CC1=C2C(OC3=C(Cl)C(O)=C(Cl)C(O)=C3C2=O)=C(Cl)C(OC)=C1Cl,C15H8Cl4O5,406.9048,M-H,6.3,YJJVWFBNTIAGHN,O=c1c2ccccc2oc2ccccc12,YJJVWFBNTIAGHN,O=c1c2ccccc2oc2ccccc12,C15H8Cl4O5,407.912584076,406.905308076,-0.00030807600001026003,0.0004159240000376485,C;Cl;H;O;,1.0,False,False,False,False,False,False,False,False,False,False,False,False,False,False,False,False,False,False,False,False,False,False,False,False,False,False,False,False,False,False,False,False,False,True,True,True,False,False,False,False,False,False,True
CCMSLIB00012718849,6-O-Methylthiophanic acid,M-H,Negative,-1,406.905,407.913,424 Scan.mzXML,Xanthone,CC1=C2C(OC3=C(C(OC)=C(C(O)=C3C2=O)Cl)Cl)=C(C(O)=C1Cl)Cl,CC1=C2C(OC3=C(C(OC)=C(C(O)=C3C2=O)Cl)Cl)=C(C(O)=C1Cl)Cl,C15H8Cl4O5,406.9048,M-H,6.3,IEVFFWFJHZLXBQ,O=c1c2ccccc2oc2ccccc12,IEVFFWFJHZLXBQ,O=c1c2ccccc2oc2ccccc12,C15H8Cl4O5,407.912584076,406.905308076,-0.00030807600001026003,0.0004159240000376485,C;Cl;H;O;,1.0,False,False,False,False,False,False,False,False,False,False,False,False,False,False,False,False,False,False,False,False,False,False,False,False,False,False,False,False,False,False,False,False,False,True,True,True,False,False,False,False,False,False,True
CCMSLIB00012718850,4-O-Methylvicanicin,M+H,Positive,1,397.061,396.053,425 Scan.mzXML,Depsidone,O=C(C(C(C)=C(Cl)C(OC)=C1C)=C1O2)OC3=C2C(C)=C(Cl)C(OC)=C3C,O=C(C(C(C)=C(Cl)C(OC)=C1C)=C1O2)OC3=C2C(C)=C(Cl)C(OC)=C3C,C19H18Cl2O5,397.0609,M+H,6.8,HEANLACKBHLSDC,O=C1Oc2ccccc2Oc2ccccc21,HEANLACKBHLSDC,O=C1Oc2ccccc2Oc2ccccc21,C19H18Cl2O5,396.053129036,397.06040503599996,0.0005949640000153522,-0.0001290359999757129,C;Cl;H;O;,1.0,False,False,False,False,False,False,False,False,False,False,False,False,False,False,False,False,False,False,False,False,False,False,False,False,False,False,False,False,False,False,False,False,False,True,True,False,False,False,False,False,False,False,True
CCMSLIB00012718851,Methyl virensate,M-H,Negative,-1,371.077,372.085,426 Scan.mzXML,Depsidone,CC1=CC(=C(C2=C1C(=O)OC3=C(O2)C(=C(C(=C3C)O)C(=O)OC)C)C=O)O,CC1=CC(=C(C2=C1C(=O)OC3=C(O2)C(=C(C(=C3C)O)C(=O)OC)C)C=O)O,C19H16O8,371.0767175,M-H,5.9,HTAATVDZOHXHBE,O=C1Oc2ccccc2Oc2ccccc21,HTAATVDZOHXHBE,O=C1Oc2ccccc2Oc2ccccc21,C19H16O8,372.0845174719999,371.0772414719999,-0.000241471999913756,0.0004825280000773091,C;H;O;,1.0,False,False,False,False,False,False,False,False,False,False,False,False,False,False,False,False,False,False,False,False,False,False,False,False,False,False,False,False,False,False,False,False,False,True,True,False,False,False,False,False,False,False,True
CCMSLIB00012718852,Microphyllinic acid,M-H,Negative,-1,527.228,528.236,428 Scan.mzXML,Didepside,CCCCCC(=O)CC1=C(C(=CC(=C1)OC)O)C(=O)OC2=CC(=C(C(=C2)O)C(=O)O)CC(=O)CCCCC,CCCCCC(=O)CC1=C(C(=CC(=C1)OC)O)C(=O)OC2=CC(=C(C(=C2)O)C(=O)O)CC(=O)CCCCC,C29H36O9,527.2281327,M-H,6.1,ZYBMBXGISAHLBW,O=C(Oc1ccccc1)c1ccccc1,ZYBMBXGISAHLBW,O=C(Oc1ccccc1)c1ccccc1,C29H36O9,528.2359327319999,527.2286567319999,-0.0006567319999248866,6.72680000661785e-05,C;H;O;,1.0,False,False,False,False,False,False,False,False,False,False,False,False,False,False,False,False,False,False,False,False,False,False,False,False,False,False,False,False,False,False,False,False,False,True,True,False,False,False,False,True,True,False,True
CCMSLIB00012718853,Miriquidic acid,M-H,Negative,-1,457.186,458.194,429 Scan.mzXML,Didepside,CCCCCC1=C(C(=CC(=C1)OC(=O)C2=C(C=C(C=C2O)OC)CCC(=O)CC)O)C(=O)O,CCCCCC1=C(C(=CC(=C1)OC(=O)C2=C(C=C(C=C2O)OC)CCC(=O)CC)O)C(=O)O,C25H30O8,457.1862679,M-H,5.8,UCYIOAVHQGSYLP,O=C(Oc1ccccc1)c1ccccc1,UCYIOAVHQGSYLP,O=C(Oc1ccccc1)c1ccccc1,C25H30O8,458.19406791999984,457.18679191999985,-0.0007919199998696058,-6.791999982169727e-05,C;H;O;,1.0,False,True,True,False,True,False,False,False,False,False,False,False,False,False,False,False,False,False,False,False,False,False,False,False,False,False,False,False,False,False,False,False,False,True,True,False,False,False,True,True,True,True,True
CCMSLIB00012718854,Monoacetylgraciliformin,M-H,Negative,-1,583.124,584.132,430 Scan.mzXML,Quinone,CC1=CC2=C(C(O)=C3C([C@H]4[C@H](OC(C)=O)[C@H]5[C@]3([C@@H]6[C@H](O)[C@H]5[C@]47C(C6=O)=C(O)C8=C(C=C(C)C=C8O)C7=O)C2=O)=O)C(O)=C1,CC1=CC2=C(C(O)=C3C([C@H]4[C@H](OC(C)=O)[C@H]5[C@]3([C@@H]6[C@H](O)[C@H]5[C@]47C(C6=O)=C(O)C8=C(C=C(C)C=C8O)C7=O)C2=O)=O)C(O)=C1,C32H24O11,583.1241,M-H,5.7,MKBFGRKXGKBEGT,O=C1C2=Cc3ccccc3C(=O)C23C2CC4C3CC1C41C(=O)c3ccccc3C=C1C2=O,MKBFGRKXGKBEGT,O=C1C2=Cc3ccccc3C(=O)C23C2CC4C3CC1C41C(=O)c3ccccc3C=C1C2=O,C32H24O11,584.1318615879999,583.1245855879998,-0.0005855879998080127,0.0001384120000693656,C;H;O;,1.0,False,False,False,False,False,False,False,False,False,False,False,False,False,False,False,False,False,False,False,False,False,False,False,False,False,False,False,False,False,False,False,False,False,True,False,False,False,False,False,False,False,False,False
CCMSLIB00012718855,Murolic acid,M-H,Negative,-1,367.248,368.256,431 Scan.mzXML,Paraconic acids,C[C@H](CCCCCCCCCCCCC[C@@H]1[C@H](C(=C)C(=O)O1)C(=O)O)O,C[C@H](CCCCCCCCCCCCC[C@@H]1[C@H](C(=C)C(=O)O1)C(=O)O)O,C21H36O5,367.2484742,M-H,5.8,UYUDMGMNHAKPEV,C=C1CCOC1=O,UYUDMGMNHAKPEV,C=C1CCOC1=O,C21H36O5,368.2562742519999,367.2489982519999,-0.000998251999931199,-0.00027425199994013383,C;H;O;,1.0,False,True,True,False,True,False,False,False,False,False,False,False,False,False,False,False,False,False,False,False,False,False,False,False,False,False,False,False,False,False,False,False,False,True,True,False,False,False,True,True,True,True,True
CCMSLIB00012718856,Myelochroic acid,M-H,Negative,-1,409.259,410.267,432 Scan.mzXML,Paraconic acids,CC(=O)OCCCCCCCCCCCCCCC[C@@H]1[C@H](C(=C)C(=O)O1)C(=O)O,CC(=O)OCCCCCCCCCCCCCCC[C@@H]1[C@H](C(=C)C(=O)O1)C(=O)O,C23H38O6,409.2590389,M-H,6.6,LQMFUZJZXHFRKV,C=C1CCOC1=O,LQMFUZJZXHFRKV,C=C1CCOC1=O,C23H38O6,410.2668389359999,409.2595629359999,-0.0005629359998806649,0.00016106400011040023,C;H;O;,1.0,False,False,False,False,False,False,False,False,False,False,False,False,False,False,False,False,False,False,False,False,False,False,False,False,False,False,False,False,False,False,False,False,False,True,True,False,False,False,False,False,False,False,True
CCMSLIB00012718857,Neodihydromurolic acid,M-H,Negative,-1,369.264,370.272,433 Scan.mzXML,Paraconic acids,O=C([C@@H]([C@@H]1C)[C@@H](CCCCCCCCCCCCC[C@H](O)C)OC1=O)O,O=C([C@@H]([C@@H]1C)[C@@H](CCCCCCCCCCCCC[C@H](O)C)OC1=O)O,C21H38O5,369.2641,M-H,5.7,IQOBRUHFIHSLSL,O=C1CCCO1,IQOBRUHFIHSLSL,O=C1CCCO1,C21H38O5,370.2719243159999,369.2646483159999,-0.0006483159999106647,7.568400008040044e-05,C;H;O;,1.0,False,False,False,False,False,False,False,False,False,False,False,False,False,False,False,False,False,False,False,False,False,False,False,False,False,False,False,False,False,False,False,False,False,True,True,False,False,False,False,False,False,False,True
CCMSLIB00012718858,Neotricone,M-H,Negative,-1,371.04,372.048,434 Scan.mzXML,Depsidone,CC1=CC(=C(C2=C1C(=O)OC3=C(O2)C4=C(C(=C3C)O)C(=O)OC4)C(=O)O)O,CC1=CC(=C(C2=C1C(=O)OC3=C(O2)C4=C(C(=C3C)O)C(=O)OC4)C(=O)O)O,C18H12O9,371.040332,M-H,4.8,MVANNUHXKUVXCX,O=C1Oc2ccc3c(c2Oc2ccccc21)COC3=O,MVANNUHXKUVXCX,O=C1Oc2ccc3c(c2Oc2ccccc21)COC3=O,C18H12O9,372.0481319639999,371.0408559639999,-0.0008559639998679813,-0.0001319639998769162,C;H;O;,1.0,False,False,False,False,False,False,False,False,False,False,False,False,False,False,False,False,False,False,False,False,False,False,False,False,False,False,False,False,False,False,False,False,False,True,True,False,False,False,False,False,False,False,True
CCMSLIB00012718859,Nephroarctin,M-H,Negative,-1,371.113,372.121,435 Scan.mzXML,Didepside,CC1=CC(=C(C(=C1C)OC(=O)C2=C(C(=C(C(=C2C)C=O)O)C=O)O)C)OC,CC1=CC(=C(C(=C1C)OC(=O)C2=C(C(=C(C(=C2C)C=O)O)C=O)O)C)OC,C20H20O7,371.113103,M-H,5.8,COJRBNIKTUZKMH,O=C(Oc1ccccc1)c1ccccc1,COJRBNIKTUZKMH,O=C(Oc1ccccc1)c1ccccc1,C20H20O7,372.1209029799999,371.11362697999994,-0.0006269799999358838,9.70200000551813e-05,C;H;O;,1.0,False,False,False,False,False,False,False,False,False,False,False,False,False,False,False,False,False,False,False,False,False,False,False,False,False,False,False,False,False,False,False,False,False,True,True,False,False,False,False,True,False,False,True
CCMSLIB00012718860,Nephromopsic acid,M-H,Negative,-1,325.238,326.246,436 Scan.mzXML,Paraconic acids,CCCCCCCCCCCCC[C@H]1[C@H]([C@H](C(=O)O1)C)C(=O)O,CCCCCCCCCCCCC[C@H]1[C@H]([C@H](C(=O)O1)C)C(=O)O,C19H34O4,325.2379096,M-H,6.5,WLGALFYTFVOQPY,O=C1CCCO1,WLGALFYTFVOQPY,O=C1CCCO1,C19H34O4,326.24570956799994,325.23843356799995,-0.00043356799994853645,0.00029043200004252867,C;H;O;,1.0,False,True,True,False,True,False,False,False,False,False,False,False,False,False,False,False,False,False,False,False,False,False,False,False,False,False,False,False,False,False,False,False,False,True,True,False,False,False,True,True,True,True,True
CCMSLIB00012718861,Norargopsin,M-H,Negative,-1,380.993,382.001,437 Scan.mzXML,Depsidone,O=C1C2=C(C)C(Cl)=C(O)C(C([H])=O)=C2OC(C(C)=C(Cl)C(O)=C3C)=C3O1,O=C1C2=C(C)C(Cl)=C(O)C(C([H])=O)=C2OC(C(C)=C(Cl)C(O)=C3C)=C3O1,C17H12Cl2O6,380.9933,M-H,5.7,PNQBQYZRSVAYKB,O=C1Oc2ccccc2Oc2ccccc21,PNQBQYZRSVAYKB,O=C1Oc2ccccc2Oc2ccccc21,C17H12Cl2O6,382.00109346399995,380.99381746399996,-0.0008174639999651845,-9.346399997411936e-05,C;Cl;H;O;,1.0,False,False,False,False,False,False,False,False,False,False,False,False,False,False,False,False,False,False,False,False,False,False,False,False,False,False,False,False,False,False,False,False,False,True,True,False,False,False,False,False,False,False,True
CCMSLIB00012718862,Norbaeomycesic acid,M-H,Negative,-1,359.077,360.085,438 Scan.mzXML,Didepside,OC1=C(C=O)C(O)=CC(C)=C1C(OC2=C(C)C(O)=C(C(O)=O)C(C)=C2)=O,OC1=C(C=O)C(O)=CC(C)=C1C(OC2=C(C)C(O)=C(C(O)=O)C(C)=C2)=O,C18H16O8,359.0767,M-H,5.5,OSOPPDZKOZTJJK,O=C(Oc1ccccc1)c1ccccc1,OSOPPDZKOZTJJK,O=C(Oc1ccccc1)c1ccccc1,C18H16O8,360.08451747199996,359.07724147199997,-0.00024147199997059943,0.0004825280000204657,C;H;O;,1.0,False,False,False,False,False,False,False,False,False,False,False,False,False,False,False,False,False,False,False,False,False,False,False,False,False,False,False,False,False,False,False,False,False,True,True,False,False,False,False,True,False,False,True
CCMSLIB00012718863,Norcolensoic acid,M-H,Negative,-1,427.176,428.184,439 Scan.mzXML,Depsidone,CCCCCC1=C2C(=CC(=C1)O)OC3=C(C=C(C(=C3CCCCC)C(=O)O)O)OC2=O,CCCCCC1=C2C(=CC(=C1)O)OC3=C(C=C(C(=C3CCCCC)C(=O)O)O)OC2=O,C24H28O7,427.1757032,M-H,5.6,LRBGPGNQUCAQOQ,O=C1Oc2ccccc2Oc2ccccc21,LRBGPGNQUCAQOQ,O=C1Oc2ccccc2Oc2ccccc21,C24H28O7,428.18350323599986,427.1762272359999,-0.00022723599988694332,0.0004967640001609652,C;H;O;,1.0,False,False,False,False,False,False,False,False,False,False,False,False,False,False,False,False,False,False,False,False,False,False,False,False,False,False,False,False,False,False,False,False,False,True,True,False,False,False,False,True,False,False,True
CCMSLIB00012718864,Nordechloropannarin,M-H,Negative,-1,313.071,314.079,440 Scan.mzXML,Depsidone,O=C1C2=C(C)C=C(O)C(C([H])=O)=C2OC(C(C)=CC(O)=C3C)=C3O1,O=C1C2=C(C)C=C(O)C(C([H])=O)=C2OC(C(C)=CC(O)=C3C)=C3O1,C17H14O6,313.0712,M-H,5.2,KZZIDFSUFCJBAK,O=C1Oc2ccccc2Oc2ccccc21,KZZIDFSUFCJBAK,O=C1Oc2ccccc2Oc2ccccc21,C17H14O6,314.079038168,313.071762168,-0.0007621679999942899,-3.8168000003224734e-05,C;H;O;,1.0,False,False,False,False,False,False,False,False,False,False,False,False,False,False,False,False,False,False,False,False,False,False,False,False,False,False,False,False,False,False,False,False,False,True,True,False,False,False,False,True,False,False,True
CCMSLIB00012718865,Nordivaricatic acid,M-H,Negative,-1,373.129,374.137,441 Scan.mzXML,Didepside,CCCC1=C(C(=CC(=C1)O)O)C(=O)OC2=CC(=C(C(=C2)O)C(=O)O)CCC,CCCC1=C(C(=CC(=C1)O)O)C(=O)OC2=CC(=C(C(=C2)O)C(=O)O)CCC,C20H22O7,373.128753,M-H,5.2,KDWGMSJHASISHI,O=C(Oc1ccccc1)c1ccccc1,KDWGMSJHASISHI,O=C(Oc1ccccc1)c1ccccc1,C20H22O7,374.1365530439999,373.12927704399993,-0.00027704399991534956,0.00044695600007571556,C;H;O;,1.0,False,False,False,False,False,False,False,False,False,False,False,False,False,False,False,False,False,False,False,False,False,False,False,False,False,False,False,False,False,False,False,False,False,True,True,False,False,False,False,True,True,False,True
CCMSLIB00012718866,Norgangaleoidin,M-H,Negative,-1,396.988,397.996,442 Scan.mzXML,Depsidone,O=C(C1=C(O)C=C(C(OC2=C(Cl)C(O)=C(Cl)C(C)=C23)=C1C)OC3=O)OC,O=C(C1=C(O)C=C(C(OC2=C(Cl)C(O)=C(Cl)C(C)=C23)=C1C)OC3=O)OC,C17H12Cl2O7,396.9882,M-H,5.4,RZYQLUPPJFXCIZ,O=C1Oc2ccccc2Oc2ccccc21,RZYQLUPPJFXCIZ,O=C1Oc2ccccc2Oc2ccccc21,C17H12Cl2O7,397.9960080839999,396.98873208399993,-0.0007320839999351847,-8.083999944119569e-06,C;Cl;H;O;,1.0,False,False,False,False,False,False,False,False,False,False,False,False,False,False,False,False,False,False,False,False,False,False,False,False,False,False,False,False,False,False,False,False,False,True,True,False,False,False,False,True,False,False,True
CCMSLIB00012718867,Norisonotatic acid,M-H,Negative,-1,329.066,330.074,443 Scan.mzXML,Depsidone,OC(C=C1OC2=C(C(C(O)=O)=C(C(C)=C2O3)O)C)=CC(C)=C1C3=O,OC(C=C1OC2=C(C(C(O)=O)=C(C(C)=C2O3)O)C)=CC(C)=C1C3=O,C17H14O7,329.0662,M-H,5,UWICNODCHWLIIR,O=C1Oc2ccccc2Oc2ccccc21,UWICNODCHWLIIR,O=C1Oc2ccccc2Oc2ccccc21,C17H14O7,330.073952788,329.066676788,-0.0006767880000211335,4.721200002677506e-05,C;H;O;,1.0,False,False,False,False,False,False,False,False,False,False,False,False,False,False,False,False,False,False,False,False,False,False,False,False,False,False,False,False,False,False,False,False,False,True,True,False,False,False,False,True,True,False,True
CCMSLIB00012718868,Norlichexanthone,M-H,Negative,-1,257.045,258.053,444 Scan.mzXML,Xanthone,CC1=CC(=CC2=C1C(=O)C3=C(C=C(C=C3O2)O)O)O,CC1=CC(=CC2=C1C(=O)C3=C(C=C(C=C3O2)O)O)O,C14H10O5,257.0450234,M-H,4.9,AQZHBCDRWFMXIN,O=c1c2ccccc2oc2ccccc12,AQZHBCDRWFMXIN,O=c1c2ccccc2oc2ccccc12,C14H10O5,258.05282342000004,257.04554742000005,-0.0005474200000321616,0.0001765799999589035,C;H;O;,1.0,False,True,True,True,True,False,False,False,False,False,False,False,True,True,False,False,False,False,False,False,False,False,False,False,False,False,False,False,False,False,False,False,False,True,True,True,False,False,True,True,True,True,True
CCMSLIB00012718869,Norlobaridone,M-H,Negative,-1,397.165,398.173,445 Scan.mzXML,Depsidone,CCCCCC1=C2C(=CC(=C1)O)OC(=O)C3=C(C=C(C=C3O2)O)C(=O)CCCC,CCCCCC1=C2C(=CC(=C1)O)OC(=O)C3=C(C=C(C=C3O2)O)C(=O)CCCC,C23H26O6,397.1651385,M-H,5.5,ZSMRNRJMUKTCNH,O=C1Oc2ccccc2Oc2ccccc21,ZSMRNRJMUKTCNH,O=C1Oc2ccccc2Oc2ccccc21,C23H26O6,398.1729385519999,397.1656625519999,-0.000662551999880634,6.144800011043117e-05,C;H;O;,1.0,False,False,False,False,False,False,False,False,False,False,False,False,False,False,False,False,False,False,False,False,False,False,False,False,False,False,False,False,False,False,False,False,False,True,True,False,False,False,False,False,False,False,True
CCMSLIB00012718870,Norlobariol,M-H,Negative,-1,415.176,416.184,446 Scan.mzXML,Diphenylether,CCCCCC1=C(C(=CC(=C1)O)O)OC2=CC(=CC3=C2C(=O)OC3(CCCC)O)O,CCCCCC1=C(C(=CC(=C1)O)O)OC2=CC(=CC3=C2C(=O)OC3(CCCC)O)O,C23H28O7,415.1757032,M-H,5.1,PJVNXUCWWQWCSS,O=C1OCc2cccc(Oc3ccccc3)c21,PJVNXUCWWQWCSS,O=C1OCc2cccc(Oc3ccccc3)c21,C23H28O7,416.18350323599986,415.1762272359999,-0.00022723599988694332,0.0004967640001609652,C;H;O;,1.0,False,False,False,False,False,False,False,False,False,False,False,False,False,False,False,False,False,False,False,False,False,False,False,False,False,False,False,False,False,False,False,False,False,True,False,False,False,False,False,True,False,False,False
CCMSLIB00012718871,Norlobariol methyl ester,M-H,Negative,-1,429.191,430.199,447 Scan.mzXML,Diphenylether,OC1=CC2=C(C(OC2(CCCC)OC)=O)C(OC3=C(O)C=C(O)C=C3CCCCC)=C1,OC1=CC2=C(C(OC2(CCCC)OC)=O)C(OC3=C(O)C=C(O)C=C3CCCCC)=C1,C24H30O7,429.1914,M-H,5.3,BYJCTGDELYFEFR,O=C1OCc2cccc(Oc3ccccc3)c21,BYJCTGDELYFEFR,O=C1OCc2cccc(Oc3ccccc3)c21,C24H30O7,430.1991533,429.1918773,-0.0008773000000132924,-0.0001532999999653839,C;H;O;,1.0,False,False,False,False,False,False,False,False,False,False,False,False,False,False,False,False,False,False,False,False,False,False,False,False,False,False,False,False,False,False,False,False,False,True,False,False,False,False,False,True,False,False,False
CCMSLIB00012718872,Normiriquidic acid,M-H,Negative,-1,443.171,444.178,448 Scan.mzXML,Didepside,CCCCCC1=C(C(O)=O)C(O)=CC(OC(C2=C(CCC(CC)=O)C=C(O)C=C2O)=O)=C1,CCCCCC1=C(C(O)=O)C(O)=CC(OC(C2=C(CCC(CC)=O)C=C(O)C=C2O)=O)=C1,C24H28O8,443.1706,M-H,5.2,KFKDPBHDQRZEBN,O=C(Oc1ccccc1)c1ccccc1,KFKDPBHDQRZEBN,O=C(Oc1ccccc1)c1ccccc1,C24H28O8,444.1784178559999,443.1711418559999,-0.00014185599991378695,-0.00041785599989907496,C;H;O;,1.0,False,False,False,False,False,False,False,False,False,False,False,False,False,False,False,False,False,False,False,False,False,False,False,False,False,False,False,False,False,False,False,False,False,True,True,False,False,False,False,True,False,False,True
CCMSLIB00012718873,Nornotatic acid,M-H,Negative,-1,329.066,330.074,449 Scan.mzXML,Depsidone,CC1=CC(=C(C2=C1C(=O)OC3=C(O2)C(=C(C(=C3)O)C(=O)O)C)C)O,CC1=CC(=C(C2=C1C(=O)OC3=C(O2)C(=C(C(=C3)O)C(=O)O)C)C)O,C17H14O7,329.0661528,M-H,4.8,HETZRHDDRHBPKX,O=C1Oc2ccccc2Oc2ccccc21,HETZRHDDRHBPKX,O=C1Oc2ccccc2Oc2ccccc21,C17H14O7,330.07395278799993,329.06667678799994,-0.0006767879999642901,4.721200008361848e-05,C;H;O;,1.0,False,True,True,False,True,False,False,False,False,False,False,False,False,False,False,False,False,False,False,False,False,False,False,False,False,False,False,False,False,False,False,False,False,True,True,False,False,False,True,True,True,True,True
CCMSLIB00012718874,Norobtusatic acid,M-H,Negative,-1,331.082,332.09,450 Scan.mzXML,Didepside,OC1=C(C(C)=CC(O)=C1C)C(OC2=CC(C)=C(C(O)=O)C(O)=C2)=O,OC1=C(C(C)=CC(O)=C1C)C(OC2=CC(C)=C(C(O)=O)C(O)=C2)=O,C17H16O7,331.0818,M-H,5,ZZRJKVOZUKXTRP,O=C(Oc1ccccc1)c1ccccc1,ZZRJKVOZUKXTRP,O=C(Oc1ccccc1)c1ccccc1,C17H16O7,332.0896028519999,331.08232685199994,-0.0003268519999437558,0.0003971480000473093,C;H;O;,1.0,False,False,False,False,False,False,False,False,False,False,False,False,False,False,False,False,False,False,False,False,False,False,False,False,False,False,False,False,False,False,False,False,False,True,True,False,False,False,False,True,False,False,True
CCMSLIB00012718875,Norpannarin,M-H,Negative,-1,347.032,348.04,451 Scan.mzXML,Depsidone,O=C1C2=C(C)C(Cl)=C(O)C(C([H])=O)=C2OC(C(C)=CC(O)=C3C)=C3O1,O=C1C2=C(C)C(Cl)=C(O)C(C([H])=O)=C2OC(C(C)=CC(O)=C3C)=C3O1,C17H13ClO6,347.0323,M-H,5.4,CHULJMFHZUSCAC,O=C1Oc2ccccc2Oc2ccccc21,CHULJMFHZUSCAC,O=C1Oc2ccccc2Oc2ccccc21,C17H13ClO6,348.040065816,347.032789816,-0.0007898160000081589,-6.581599996025034e-05,C;Cl;H;O;,1.0,False,False,False,False,False,False,False,False,False,False,False,False,False,False,False,False,False,False,False,False,False,False,False,False,False,False,False,False,False,False,False,False,False,True,True,False,False,False,False,False,False,False,True
CCMSLIB00012718876,Norrangiformic acid,M-H,Negative,-1,371.243,372.251,452 Scan.mzXML,Acid,CCCCCCCCCCCCCC[C@@H]([C@@H](CC(=O)O)C(=O)O)C(=O)O,CCCCCCCCCCCCCC[C@@H]([C@@H](CC(=O)O)C(=O)O)C(=O)O,C20H36O6,371.2433889,M-H,5.7,YBZIIVKQVVKTTD,__ACYCLIC__YBZIIVKQVVKTTD,YBZIIVKQVVKTTD,__ACYCLIC__YBZIIVKQVVKTTD,C20H36O6,372.2511888719999,371.2439128719999,-0.0009128719999011992,-0.00018887199991013404,C;H;O;,1.0,False,False,False,False,False,False,False,False,False,False,False,False,False,False,False,False,False,False,False,False,False,False,False,False,False,False,False,False,False,False,False,False,False,False,False,False,False,False,False,False,False,False,False
CCMSLIB00012718877,Norsquamatic acid,M-H,Negative,-1,375.072,376.079,453 Scan.mzXML,Didepside,OC1=C(C(OC(C=C2C)=C(C(O)=C2C(O)=O)C)=O)C(C)=CC(O)=C1C(O)=O,OC1=C(C(OC(C=C2C)=C(C(O)=C2C(O)=O)C)=O)C(C)=CC(O)=C1C(O)=O,C18H16O9,375.0716,M-H,5,KDUKABLBZLBFLU,O=C(Oc1ccccc1)c1ccccc1,KDUKABLBZLBFLU,O=C(Oc1ccccc1)c1ccccc1,C18H16O9,376.07943209199993,375.07215609199994,-0.00015609199994059964,-0.00043209199992588765,C;H;O;,1.0,False,False,False,False,False,False,False,False,False,False,False,False,False,False,False,False,False,False,False,False,False,False,False,False,False,False,False,False,False,False,False,False,False,True,True,False,False,False,False,True,False,False,True
CCMSLIB00012718878,Norstictic acid,M-H,Negative,-1,371.04,372.048,454 Scan.mzXML,Depsidone,CC1=CC(=C(C2=C1C(=O)OC3=C(O2)C4=C(C(=C3C)O)C(=O)OC4O)C=O)O,CC1=CC(=C(C2=C1C(=O)OC3=C(O2)C4=C(C(=C3C)O)C(=O)OC4O)C=O)O,C18H12O9,371.040332,M-H,5,IEVVSJFLBYOUCJ,O=C1Oc2ccc3c(c2Oc2ccccc21)COC3=O,IEVVSJFLBYOUCJ,O=C1Oc2ccc3c(c2Oc2ccccc21)COC3=O,C18H12O9,372.0481319639999,371.0408559639999,-0.0008559639998679813,-0.0001319639998769162,C;H;O;,1.0,False,False,False,False,False,False,False,False,False,False,False,False,False,False,False,False,False,False,False,False,False,False,False,False,False,False,False,False,False,False,False,False,False,True,True,False,False,False,False,False,False,False,True
CCMSLIB00012718879,Northiomelin,M-H,Negative,-1,324.967,325.975,455 Scan.mzXML,Xanthone,OC(C=C1C)=C2C(C3=C(C(Cl)=CC(Cl)=C3OC2=C1O)O)=O,OC(C=C1C)=C2C(C3=C(C(Cl)=CC(Cl)=C3OC2=C1O)O)=O,C14H8Cl2O5,324.9671,M-H,5.7,LIPWEXXIXSWDTF,O=c1c2ccccc2oc2ccccc12,LIPWEXXIXSWDTF,O=c1c2ccccc2oc2ccccc12,C14H8Cl2O5,325.9748787159999,324.96760271599993,-0.0006027159999462128,0.00012128400010169571,C;Cl;H;O;,1.0,False,False,False,False,False,False,False,False,False,False,False,False,False,False,False,False,False,False,False,False,False,False,False,False,False,False,False,False,False,False,False,False,False,True,True,True,False,False,False,False,False,False,True
CCMSLIB00012718880,Norvicanicin,M-H,Negative,-1,367.014,368.022,456 Scan.mzXML,Depsidone,CC1=C2C(=C(C(=C1Cl)O)C)OC3=C(C(=C(C(=C3C)Cl)O)C)OC2=O,CC1=C2C(=C(C(=C1Cl)O)C)OC3=C(C(=C(C(=C3C)Cl)O)C)OC2=O,C17H14Cl2O5,367.0140289,M-H,5.5,JGXRBDRZSIWUMA,O=C1Oc2ccccc2Oc2ccccc21,JGXRBDRZSIWUMA,O=C1Oc2ccccc2Oc2ccccc21,C17H14Cl2O5,368.0218289079999,367.0145529079999,-0.0005529079999178066,0.00017109200007325853,C;Cl;H;O;,1.0,False,False,False,False,False,False,False,False,False,False,False,False,False,False,False,False,False,False,False,False,False,False,False,False,False,False,False,False,False,False,False,False,False,True,True,False,False,False,False,True,False,False,True
CCMSLIB00012718881,Notatic acid,M-H,Negative,-1,343.082,344.09,457 Scan.mzXML,Depsidone,CC1=CC(=C(C2=C1C(=O)OC3=C(O2)C(=C(C(=C3)O)C(=O)O)C)C)OC,CC1=CC(=C(C2=C1C(=O)OC3=C(O2)C(=C(C(=C3)O)C(=O)O)C)C)OC,C18H16O7,343.0818029,M-H,5.3,IXEVSIMCIWOSQO,O=C1Oc2ccccc2Oc2ccccc21,IXEVSIMCIWOSQO,O=C1Oc2ccccc2Oc2ccccc21,C18H16O7,344.0896028519999,343.08232685199994,-0.0003268519999437558,0.0003971480000473093,C;H;O;,1.0,False,True,True,False,True,False,False,False,False,False,False,False,False,False,False,False,False,False,False,False,False,False,False,False,False,False,False,False,False,False,False,False,False,True,True,False,False,False,True,True,True,True,True
CCMSLIB00012718882,Obtusatic acid,M-H,Negative,-1,345.097,346.105,458 Scan.mzXML,Didepside,CC1=CC(=CC(=C1C(=O)O)O)OC(=O)C2=C(C(=C(C=C2C)OC)C)O,CC1=CC(=CC(=C1C(=O)O)O)OC(=O)C2=C(C(=C(C=C2C)OC)C)O,C18H18O7,345.0974529,M-H,5.6,GEZCJRBINSDUSC,O=C(Oc1ccccc1)c1ccccc1,GEZCJRBINSDUSC,O=C(Oc1ccccc1)c1ccccc1,C18H18O7,346.105252916,345.097976916,-0.0009769160000132615,-0.00025291599996535297,C;H;O;,1.0,False,False,False,False,False,False,False,False,False,False,False,False,False,False,False,False,False,False,False,False,False,False,False,False,False,False,False,False,False,False,False,False,False,True,True,False,False,False,False,True,True,False,True
CCMSLIB00012718883,Olivetoric acid,M-H,Negative,-1,471.202,472.21,459 Scan.mzXML,Didepside,CCCCCC1=C(C(=CC(=C1)OC(=O)C2=C(C=C(C=C2O)O)CC(=O)CCCCC)O)C(=O)O,CCCCCC1=C(C(=CC(=C1)OC(=O)C2=C(C=C(C=C2O)O)CC(=O)CCCCC)O)C(=O)O,C26H32O8,471.201918,M-H,5.5,VZPLPGICHZXOCQ,O=C(Oc1ccccc1)c1ccccc1,VZPLPGICHZXOCQ,O=C(Oc1ccccc1)c1ccccc1,C26H32O8,472.20971798399984,471.20244198399985,-0.00044198399984907155,0.00028201600014199357,C;H;O;,1.0,False,True,True,False,True,False,False,False,False,False,False,False,False,False,False,False,False,False,False,False,False,False,False,False,False,False,False,False,False,False,False,False,False,True,True,False,False,False,True,True,True,True,True
CCMSLIB00012718884,Orcinyl lecanorate,M-H,Negative,-1,423.108,424.116,460 Scan.mzXML,Tridepside,CC1=CC(=CC(=C1)OC(=O)C2=C(C=C(C=C2C)OC(=O)C3=C(C=C(C=C3C)O)O)O)O,CC1=CC(=CC(=C1)OC(=O)C2=C(C=C(C=C2C)OC(=O)C3=C(C=C(C=C3C)O)O)O)O,C23H20O8,423.1080176,M-H,5.3,GBMJJENEFQSLIO,O=C(Oc1ccc(C(=O)Oc2ccccc2)cc1)c1ccccc1,GBMJJENEFQSLIO,O=C(Oc1ccc(C(=O)Oc2ccccc2)cc1)c1ccccc1,C23H20O8,424.1158175999999,423.1085415999999,-0.000541599999905884,0.0001824000000851811,C;H;O;,1.0,False,False,False,False,False,False,False,False,False,False,False,False,False,False,False,False,False,False,False,False,False,False,False,False,False,False,False,False,False,False,False,False,False,True,False,False,True,False,False,False,False,False,True
CCMSLIB00012718885,Ovoic acid,M-H,Negative,-1,481.113,482.121,461 Scan.mzXML,Tridepside,CC1=CC(=CC(=C1C(=O)OC2=CC(=C(C(=C2)C)C(=O)OC3=CC(=C(C(=C3)C)C(=O)O)O)OC)O)O,CC1=CC(=CC(=C1C(=O)OC2=CC(=C(C(=C2)C)C(=O)OC3=CC(=C(C(=C3)C)C(=O)O)O)OC)O)O,C25H22O10,481.1134969,M-H,5.3,BXLGBRLDRRZQKR,O=C(Oc1ccc(C(=O)Oc2ccccc2)cc1)c1ccccc1,BXLGBRLDRRZQKR,O=C(Oc1ccc(C(=O)Oc2ccccc2)cc1)c1ccccc1,C25H22O10,482.12129690399985,481.11402090399986,-0.0010209039998585467,-0.0002969039998674816,C;H;O;,1.0,False,True,True,False,True,False,False,False,False,False,False,False,False,False,False,False,False,False,False,False,False,False,False,False,False,False,False,False,False,False,False,False,False,True,False,False,True,False,True,True,True,True,True
CCMSLIB00012718886,Oxodidymic acid,M-H,Negative,-1,383.15,384.157,462 Scan.mzXML,Dibenzofuran,OC1=C(C(O[C@](CCC)(O)C2)=O)C2=C(C3=C(CCC)C=C(OC)C=C3O4)C4=C1,OC1=C(C(O[C@](CCC)(O)C2)=O)C2=C(C3=C(CCC)C=C(OC)C=C3O4)C4=C1,C22H24O6,383.1495,M-H,6,SSIUHSCIZXCZPC,O=C1OCCc2c1ccc1oc3ccccc3c21,SSIUHSCIZXCZPC,O=C1OCCc2c1ccc1oc3ccccc3c21,C22H24O6,384.15728848799995,383.15001248799996,-1.2487999981658504e-05,-0.0002884879999669465,C;H;O;,1.0,False,False,False,False,False,False,False,False,False,False,False,False,False,False,False,False,False,False,False,False,False,False,False,False,False,False,False,False,False,False,False,False,False,False,False,False,False,False,False,True,False,False,False
CCMSLIB00012718887,Oxolobaric acid,M-H,Negative,-1,469.15,470.158,463 Scan.mzXML,Depsidone,CCCCCC1=C(C(=CC2=C1OC3=CC(=CC(=C3C(=O)O2)C(=O)CCC(=O)C)OC)O)C(=O)O,CCCCCC1=C(C(=CC2=C1OC3=CC(=CC(=C3C(=O)O2)C(=O)CCC(=O)C)OC)O)C(=O)O,C25H26O9,469.1498824,M-H,5.5,MWCXCMJYRLNDGU,O=C1Oc2ccccc2Oc2ccccc21,MWCXCMJYRLNDGU,O=C1Oc2ccccc2Oc2ccccc21,C25H26O9,470.1576824119998,469.1504064119998,-0.000406411999847478,0.00031758800020043054,C;H;O;,1.0,False,False,False,False,False,False,False,False,False,False,False,False,False,False,False,False,False,False,False,False,False,False,False,False,False,False,False,False,False,False,False,False,False,True,True,False,False,False,False,False,False,False,True
CCMSLIB00012718888,Oxostenosporic acid,M-H,Negative,-1,429.155,430.163,464 Scan.mzXML,Didepside,OC1=C(C(CCC)=CC(OC)=C1)C(OC2=CC(CC(CCC)=O)=C(C(O)=O)C(O)=C2)=O,OC1=C(C(CCC)=CC(OC)=C1)C(OC2=CC(CC(CCC)=O)=C(C(O)=O)C(O)=C2)=O,C23H26O8,429.155,M-H,5.8,ZXDBAEWQMGWIQN,O=C(Oc1ccccc1)c1ccccc1,ZXDBAEWQMGWIQN,O=C(Oc1ccccc1)c1ccccc1,C23H26O8,430.16276779199984,429.15549179199985,-0.0004917919998774778,0.00023220800017043075,C;H;O;,1.0,False,False,False,False,False,False,False,False,False,False,False,False,False,False,False,False,False,False,False,False,False,False,False,False,False,False,False,False,False,False,False,False,False,True,True,False,False,False,False,False,False,False,True
CCMSLIB00012718889,Oxyphysodic acid,M-H,Negative,-1,485.181,486.189,465 Scan.mzXML,Depsidone,CCCCCC1=C(C(=CC2=C1OC3=C(C(=CC(=C3O)O)CC(=O)CCCCC)C(=O)O2)O)C(=O)O,CCCCCC1=C(C(=CC2=C1OC3=C(C(=CC(=C3O)O)CC(=O)CCCCC)C(=O)O2)O)C(=O)O,C26H30O9,485.1812,M-H,5.2,BQHHNAPTXQOPBW,O=C1Oc2ccccc2Oc2ccccc21,BQHHNAPTXQOPBW,O=C1Oc2ccccc2Oc2ccccc21,C26H30O9,486.1889825399998,485.1817065399998,-0.000706539999839606,1.7460000208302517e-05,C;H;O;,1.0,False,True,True,False,True,False,False,False,False,False,False,False,False,False,False,False,False,False,False,False,False,False,False,False,False,False,False,False,False,False,False,False,False,True,True,False,False,False,True,True,True,True,True
CCMSLIB00012718890,Paludosic acid,M-H,Negative,-1,431.171,432.178,466 Scan.mzXML,Didepside,CCCCCC1=CC(=C(C(=C1C(=O)O)O)OC(=O)C2=C(C=C(C=C2OC)O)CCC)O,CCCCCC1=CC(=C(C(=C1C(=O)O)O)OC(=O)C2=C(C=C(C=C2OC)O)CCC)O,C23H28O8,431.1706179,M-H,5.3,GCOSLHRJBVGUAR,O=C(Oc1ccccc1)c1ccccc1,GCOSLHRJBVGUAR,O=C(Oc1ccccc1)c1ccccc1,C23H28O8,432.17841785599995,431.17114185599996,-0.00014185599997063036,-0.0004178559999559184,C;H;O;,1.0,False,False,False,False,False,False,False,False,False,False,False,False,False,False,False,False,False,False,False,False,False,False,False,False,False,False,False,False,False,False,False,False,False,True,True,False,False,False,False,True,False,False,True
CCMSLIB00012718891,Pannaric acid,M-H,Negative,-1,315.051,316.058,467 Scan.mzXML,Dibenzofuran,CC1=CC(=C2C3=C(C=C(C(=C3C)C(=O)O)O)OC2=C1C(=O)O)O,CC1=CC(=C2C3=C(C=C(C(=C3C)C(=O)O)O)OC2=C1C(=O)O)O,C16H12O7,315.0505027,M-H,4.3,ZVWOMGLVQVBJQN,c1ccc2c(c1)oc1ccccc12,ZVWOMGLVQVBJQN,c1ccc2c(c1)oc1ccccc12,C16H12O7,316.05830272399993,315.05102672399994,-2.6723999951627775e-05,-0.0003027239999369158,C;H;O;,1.0,False,False,False,False,False,False,False,False,False,False,False,False,False,False,False,False,False,False,False,False,False,False,False,False,False,False,False,False,False,False,False,False,False,True,True,False,False,False,False,True,False,False,True
CCMSLIB00012718892,Pannaric acid 2-methyl ester,M-H,Negative,-1,329.066,330.074,468 Scan.mzXML,Dibenzofuran,CC1=CC(O)=C2C3=C(OC2=C1C(O)=O)C=C(O)C(C(OC)=O)=C3C,CC1=CC(O)=C2C3=C(OC2=C1C(O)=O)C=C(O)C(C(OC)=O)=C3C,C17H14O7,329.0662,M-H,4.6,ALNOHKWMHOGMDQ,c1ccc2c(c1)oc1ccccc12,ALNOHKWMHOGMDQ,c1ccc2c(c1)oc1ccccc12,C17H14O7,330.073952788,329.066676788,-0.0006767880000211335,4.721200002677506e-05,C;H;O;,1.0,False,False,False,False,False,False,False,False,False,False,False,False,False,False,False,False,False,False,False,False,False,False,False,False,False,False,False,False,False,False,False,False,False,True,True,False,False,False,False,True,False,False,True
CCMSLIB00012718893,Pannarin,M-H,Negative,-1,361.048,362.056,469 Scan.mzXML,Depsidone,CC1=CC(=C(C2=C1OC3=C(C(=C(C(=C3C(=O)O2)C)Cl)O)C=O)C)OC,CC1=CC(=C(C2=C1OC3=C(C(=C(C(=C3C(=O)O2)C)Cl)O)C=O)C)OC,C18H15ClO6,361.0479159,M-H,6,LVGKNESDSKGROR,O=C1Oc2ccccc2Oc2ccccc21,LVGKNESDSKGROR,O=C1Oc2ccccc2Oc2ccccc21,C18H15ClO6,362.05571588,361.04843988,-0.0004398799999876246,0.0002841200000034405,C;Cl;H;O;,1.0,False,False,False,False,False,False,False,False,False,False,False,False,False,False,False,False,False,False,False,False,False,False,False,False,False,False,False,False,False,False,False,False,False,True,True,False,False,False,False,False,False,False,True
CCMSLIB00012718894,Parietin,M+H,Positive,1,285.076,284.069,470 Scan.mzXML,Quinone,CC1=CC2=C(C(=C1)O)C(=O)C3=C(C2=O)C=C(C=C3O)OC,CC1=CC2=C(C(=C1)O)C(=O)C3=C(C2=O)C=C(C=C3O)OC,C16H12O5,285.0762735,M+H,5.9,FFWOKTFYGVYKIR,O=C1c2ccccc2C(=O)c2ccccc21,FFWOKTFYGVYKIR,O=C1c2ccccc2C(=O)c2ccccc21,C16H12O5,284.068473484,285.07574948399997,0.00025051600005099317,0.0005265160000362812,C;H;O;,1.0,False,True,True,True,True,False,False,True,True,True,False,False,True,True,False,True,False,False,False,False,False,False,False,False,False,False,False,False,False,False,True,False,False,True,True,True,False,False,True,True,True,True,True
CCMSLIB00012718895,Parietinic acid,M-H,Negative,-1,313.035,314.043,471 Scan.mzXML,Quinone,COC1=CC2=C(C(=C1)O)C(=O)C3=C(C2=O)C=C(C=C3O)C(=O)O,COC1=CC2=C(C(=C1)O)C(=O)C3=C(C2=O)C=C(C=C3O)C(=O)O,C16H10O7,313.0348527,M-H,5.2,HEULMVKOOVHXME,O=C1c2ccccc2C(=O)c2ccccc21,HEULMVKOOVHXME,O=C1c2ccccc2C(=O)c2ccccc21,C16H10O7,314.04265265999993,313.03537665999994,-0.0003766599999153186,0.0003473400000757465,C;H;O;,1.0,False,True,True,False,True,False,False,False,False,False,False,False,False,False,False,False,False,False,False,False,False,False,False,False,False,False,False,False,False,False,False,False,False,True,True,True,False,False,True,True,True,True,True
CCMSLIB00012718896,Patagonic acid,M-H,Negative,-1,457.186,458.194,472 Scan.mzXML,Didepside,OC(C1=C(CC(CCCCCCC)=O)C=C(C=C1O)OC(C2=C(O)C=C(C=C2C)OC)=O)=O,OC(C1=C(CC(CCCCCCC)=O)C=C(C=C1O)OC(C2=C(O)C=C(C=C2C)OC)=O)=O,C25H30O8,457.1863,M-H,6.3,CQBMATHFRHPDLS,O=C(Oc1ccccc1)c1ccccc1,CQBMATHFRHPDLS,O=C(Oc1ccccc1)c1ccccc1,C25H30O8,458.1940679199999,457.1867919199999,-0.0007919199999264492,-6.79199998785407e-05,C;H;O;,1.0,False,False,False,False,False,False,False,False,False,False,False,False,False,False,False,False,False,False,False,False,False,False,False,False,False,False,False,False,False,False,False,False,False,True,True,False,False,False,False,True,True,False,True
CCMSLIB00012718897,Peristictic acid,M-H,Negative,-1,401.051,402.059,473 Scan.mzXML,Depsidone,CC1=CC(=C(C2=C1C(=O)OC3=C(O2)C4=C(C(=C3C)O)C(=O)OC4O)C(=O)O)OC,CC1=CC(=C(C2=C1C(=O)OC3=C(O2)C4=C(C(=C3C)O)C(=O)OC4O)C(=O)O)OC,C19H14O10,401.0508966,M-H,4.6,HIPOOOQGJTVSMG,O=C1Oc2ccc3c(c2Oc2ccccc21)COC3=O,HIPOOOQGJTVSMG,O=C1Oc2ccc3c(c2Oc2ccccc21)COC3=O,C19H14O10,402.05869664799985,401.05142064799986,-0.0004206479998742907,0.00030335200017361785,C;H;O;,1.0,False,False,False,False,False,False,False,False,False,False,False,False,False,False,False,False,False,False,False,False,False,False,False,False,False,False,False,False,False,False,False,False,False,True,True,False,False,False,False,True,True,False,True
CCMSLIB00012718898,Perlatolic acid,M-H,Negative,-1,443.207,444.215,474 Scan.mzXML,Depsidone,CC1=CC(=C(C2=C1C(=O)OC3=C(O2)C4=C(C(=C3C)O)C(=O)OC4O)C(=O)O)OC,CC1=CC(=C(C2=C1C(=O)OC3=C(O2)C4=C(C(=C3C)O)C(=O)OC4O)C(=O)O)OC,C25H32O7,443.2070034,M-H,6.6,HIPOOOQGJTVSMG,O=C1Oc2ccc3c(c2Oc2ccccc21)COC3=O,HIPOOOQGJTVSMG,O=C1Oc2ccc3c(c2Oc2ccccc21)COC3=O,C19H14O10,402.05869664799985,401.05142064799986,42.15557935200013,42.15630335200012,C;H;O;,1.0,False,False,False,False,False,False,False,False,False,False,False,False,False,False,False,False,False,False,False,False,False,False,False,False,False,False,False,False,False,False,False,False,False,True,True,False,False,False,False,True,True,False,True
CCMSLIB00012718899,(-)-allo-Pertusaric acid,M-H,Negative,-1,365.233,366.241,475 Scan.mzXML,Didepside,CCCCCC1=C(C(=CC(=C1)OC)O)C(=O)OC2=CC(=C(C(=C2)O)C(=O)O)CCCCC,CCCCCC1=C(C(=CC(=C1)OC)O)C(=O)OC2=CC(=C(C(=C2)O)C(=O)O)CCCCC,C21H34O5,365.2328242,M-H,6.1,UTAQXQVSEKIWBB,O=C(Oc1ccccc1)c1ccccc1,UTAQXQVSEKIWBB,O=C(Oc1ccccc1)c1ccccc1,C25H32O7,444.2148033639999,443.20752736399993,-77.97452736399993,-77.97380336399993,C;H;O;,1.0,False,False,False,False,False,False,False,False,False,False,False,False,False,False,False,False,False,False,False,False,False,False,False,False,False,False,False,False,False,False,False,False,False,True,True,False,False,False,False,True,False,False,True
CCMSLIB00012718900,Phenarctin,M-H,Negative,-1,415.103,416.111,476 Scan.mzXML,Didepside,CC1=C(C(=C(C(=C1C(=O)OC)O)C)OC(=O)C2=C(C(=C(C(=C2C)C=O)O)C=O)O)C,CC1=C(C(=C(C(=C1C(=O)OC)O)C)OC(=O)C2=C(C(=C(C(=C2C)C=O)O)C=O)O)C,C21H20O9,415.1029322,M-H,5.5,TZUKIKOHNDDFPS,O=C(Oc1ccccc1)c1ccccc1,TZUKIKOHNDDFPS,O=C(Oc1ccccc1)c1ccccc1,C21H20O9,416.11073221999993,415.10345621999994,-0.00045621999993272766,0.00026778000005833746,C;H;O;,1.0,False,False,False,False,False,False,False,False,False,False,False,False,False,False,False,False,False,False,False,False,False,False,False,False,False,False,False,False,False,False,False,False,False,True,True,False,False,False,False,True,False,False,True
CCMSLIB00012718901,Phyllopsorin,M-H,Negative,-1,375.027,376.035,477 Scan.mzXML,Depsidone,O=C1C2=C(C)C(Cl)=C(O)C(C=O)=C2OC(C(C=O)=CC(OC)=C3C)=C3O1,O=C1C2=C(C)C(Cl)=C(O)C(C=O)=C2OC(C(C=O)=CC(OC)=C3C)=C3O1,C18H13ClO7,375.0272,M-H,5.8,UNHNGRCYHNINRA,O=C1Oc2ccccc2Oc2ccccc21,UNHNGRCYHNINRA,O=C1Oc2ccccc2Oc2ccccc21,C18H13ClO7,376.03498043599996,375.02770443599996,-0.0007044359999781591,1.9564000069749454e-05,C;Cl;H;O;,1.0,False,False,False,False,False,False,False,False,False,False,False,False,False,False,False,False,False,False,False,False,False,False,False,False,False,False,False,False,False,False,False,False,False,True,True,False,False,False,False,False,False,False,True
CCMSLIB00012718902,Physciosporin,M-H,Negative,-1,405.038,406.046,478 Scan.mzXML,Depsidone,CC1=C2C(=C(C(=C1Cl)O)C=O)OC3=C(C(=C(C(=C3C)C(=O)OC)O)C)OC2=O,CC1=C2C(=C(C(=C1Cl)O)C=O)OC3=C(C(=C(C(=C3C)C(=O)OC)O)C)OC2=O,C19H15ClO8,405.0377451,M-H,6.1,JFEGOSMNEXLZRW,O=C1Oc2ccccc2Oc2ccccc21,JFEGOSMNEXLZRW,O=C1Oc2ccccc2Oc2ccccc21,C19H15ClO8,406.04554511999993,405.03826911999994,-0.00026911999992762503,0.0004548800000634401,C;Cl;H;O;,1.0,False,False,False,False,False,False,False,False,False,False,False,False,False,False,False,False,False,False,False,False,False,False,False,False,False,False,False,False,False,False,False,False,False,True,True,False,False,False,False,False,False,False,True
CCMSLIB00012718903,Physodalic acid,M-H,Negative,-1,415.067,416.074,479 Scan.mzXML,Depsidone,CC1=CC(=C(C2=C1C(=O)OC3=C(O2)C(=C(C(=C3COC(=O)C)O)C(=O)O)C)C=O)O,CC1=CC(=C(C2=C1C(=O)OC3=C(O2)C(=C(C(=C3COC(=O)C)O)C(=O)O)C)C=O)O,C20H16O10,415.0665467,M-H,5.2,SKXNIRUDASOCCN,O=C1Oc2ccccc2Oc2ccccc21,SKXNIRUDASOCCN,O=C1Oc2ccccc2Oc2ccccc21,C20H16O10,416.07434671199985,415.06707071199986,-7.071199985375642e-05,-0.00034671199983904444,C;H;O;,1.0,False,True,True,False,True,False,False,False,False,False,False,False,False,False,False,False,False,False,False,False,False,False,False,False,False,False,False,False,False,False,False,False,False,True,True,False,False,False,True,True,True,True,True
CCMSLIB00012718904,Physodic acid,M-H,Negative,-1,469.186,470.194,480 Scan.mzXML,Depsidone,CCCCCC1=C(C(=CC2=C1OC3=CC(=CC(=C3C(=O)O2)CC(=O)CCCCC)O)O)C(=O)O,CCCCCC1=C(C(=CC2=C1OC3=CC(=CC(=C3C(=O)O2)CC(=O)CCCCC)O)O)C(=O)O,C26H30O8,469.1862679,M-H,5.2,KVTYWHGIZSCFLG,O=C1Oc2ccccc2Oc2ccccc21,KVTYWHGIZSCFLG,O=C1Oc2ccccc2Oc2ccccc21,C26H30O8,470.19406791999984,469.18679191999985,-0.0007919199998696058,-6.791999982169727e-05,C;H;O;,1.0,False,True,True,True,True,False,False,True,False,True,False,False,True,True,False,False,False,False,False,False,False,False,False,False,False,False,False,False,False,False,False,False,False,True,True,False,False,False,True,True,True,True,True
CCMSLIB00012718905,Picrolichenic acid,M-H,Negative,-1,441.191,442.199,481 Scan.mzXML,Misc,CCCCCC1=CC(=O)C=C(C12C3=C(C=C(C(=C3CCCCC)C(=O)O)O)OC2=O)OC,CCCCCC1=CC(=O)C=C(C12C3=C(C=C(C(=C3CCCCC)C(=O)O)O)OC2=O)OC,C25H30O7,441.1913533,M-H,5.6,LOGCRVAWKCZXQM,O=C1C=CC2(C=C1)C(=O)Oc1ccccc12,LOGCRVAWKCZXQM,O=C1C=CC2(C=C1)C(=O)Oc1ccccc12,C25H30O7,442.19915329999986,441.1918772999999,-0.0008772999998996056,-0.00015329999985169707,C;H;O;,1.0,False,True,True,False,True,False,False,False,False,False,False,False,False,False,False,False,False,False,False,False,False,False,False,False,False,False,False,False,False,False,False,False,False,True,False,False,False,False,True,True,True,True,False
CCMSLIB00012718906,Pigmentosin A,M+H,Positive,1,547.16,546.153,482 Scan.mzXML,Naphthopyrone,CC1CC2=CC3=C(C(=CC(=C3C4=C(C=C(C5=C4C=C6CC(OC(=O)C6=C5O)C)O)OC)OC)O)C(=C2C(=O)O1)O,CC1CC2=CC3=C(C(=CC(=C3C4=C(C=C(C5=C4C=C6CC(OC(=O)C6=C5O)C)O)OC)OC)O)C(=C2C(=O)O1)O,C30H26O10,547.160397,M+H,5.8,FDWJUXZXNAQEPD,O=C1OCCc2cc3c(-c4cccc5cc6c(cc45)CCOC6=O)cccc3cc21,FDWJUXZXNAQEPD,O=C1OCCc2cc3c(-c4cccc5cc6c(cc45)CCOC6=O)cccc3cc21,C30H26O10,546.1525970319998,547.1598730319998,0.00012696800013145548,0.00040296800023043033,C;H;O;,1.0,False,False,False,False,False,False,False,False,False,False,False,False,False,False,False,False,False,False,False,False,False,False,False,False,False,False,False,False,False,False,False,False,False,False,False,False,False,False,False,True,False,False,False
CCMSLIB00012718907,Pinastric acid,M-H,Negative,-1,351.087,352.095,483 Scan.mzXML,Pulvinic Acid Derivatives,COC1=CC=C(C=C1)C2=C(/C(=C(/C3=CC=CC=C3)\C(=O)OC)/OC2=O)O,COC1=CC=C(C=C1)C2=C(/C(=C(/C3=CC=CC=C3)\C(=O)OC)/OC2=O)O,C20H16O6,351.0868882,M-H,5.7,KXQKSBAGVQMQSN,O=C1OC(=Cc2ccccc2)C=C1c1ccccc1,KXQKSBAGVQMQSN,O=C1OC(=Cc2ccccc2)C=C1c1ccccc1,C20H16O6,352.0946882319999,351.0874122319999,-0.0004122319999169122,0.00031176800013099637,C;H;O;,1.0,False,False,False,False,False,False,False,False,False,False,False,False,False,False,False,False,False,False,False,False,False,False,False,False,False,False,False,False,False,False,False,False,False,True,False,False,False,False,False,True,True,False,False
CCMSLIB00012718908,Placodiolic acid,M-H,Negative,-1,375.108,376.116,484 Scan.mzXML,Dibenzofuran,CC1=C(C(=C(C2=C1OC3(C2(C(=C(C(=O)C3)C(=O)C)O)C)OC)O)C(=O)C)O,CC1=C(C(=C(C2=C1OC3(C2(C(=C(C(=O)C3)C(=O)C)O)C)OC)O)C(=O)C)O,C19H20O8,375.1080176,M-H,5.9,TUENYOIQMXRNRF,O=C1C=CC2c3ccccc3OC2C1,TUENYOIQMXRNRF,O=C1C=CC2c3ccccc3OC2C1,C19H20O8,376.1158175999999,375.1085415999999,-0.000541599999905884,0.0001824000000851811,C;H;O;,1.0,False,False,False,False,False,False,False,False,False,False,False,False,False,False,False,False,False,False,False,False,False,False,False,False,False,False,False,False,False,False,False,False,False,False,False,False,False,False,False,True,False,False,False
CCMSLIB00012718909,Planaic acid,M-H,Negative,-1,471.238,472.246,485 Scan.mzXML,Didepside,CCCCCC1=C(C(=CC(=C1)OC)OC)C(=O)OC2=CC(=C(C(=C2)OC)C(=O)O)CCCCC,CCCCCC1=C(C(=CC(=C1)OC)OC)C(=O)OC2=CC(=C(C(=C2)OC)C(=O)O)CCCCC,C27H36O7,471.2383035,M-H,6,FNJKTDQIJKLZGZ,O=C(Oc1ccccc1)c1ccccc1,FNJKTDQIJKLZGZ,O=C(Oc1ccccc1)c1ccccc1,C27H36O7,472.2461034919999,471.2388274919999,-0.0008274919999280428,-0.00010349199993697766,C;H;O;,1.0,False,True,True,False,True,False,False,False,False,False,False,False,False,False,False,False,False,False,False,False,False,False,False,False,False,False,False,False,False,False,False,False,False,True,True,False,False,False,True,True,True,True,True
CCMSLIB00012718910,Polyporic acid,M-H,Negative,-1,291.066,292.074,486 Scan.mzXML,Quinone,C1=CC=C(C=C1)C2=C(C(=O)C(=C(C2=O)O)C3=CC=CC=C3)O,C1=CC=C(C=C1)C2=C(C(=O)C(=C(C2=O)O)C3=CC=CC=C3)O,C18H12O4,291.0657589,M-H,5.2,HZKFHDXTSAYOSN,O=C1C=C(c2ccccc2)C(=O)C=C1c1ccccc1,HZKFHDXTSAYOSN,O=C1C=C(c2ccccc2)C(=O)C=C1c1ccccc1,C18H12O4,292.07355886399995,291.06628286399996,-0.00028286399998478373,0.0004411360000631248,C;H;O;,1.0,False,False,False,False,False,False,False,False,False,False,False,False,False,False,False,False,False,False,False,False,False,False,False,False,False,False,False,False,False,False,False,False,False,False,False,False,False,False,False,True,False,False,False
CCMSLIB00012718911,Porphyrilic acid,M-H,Negative,-1,313.035,314.043,487 Scan.mzXML,Dibenzofuran,CC1=CC(=C2C3=C(C=C(C4=C3COC4=O)O)OC2=C1C(=O)O)O,CC1=CC(=C2C3=C(C=C(C4=C3COC4=O)O)OC2=C1C(=O)O)O,C16H10O7,313.0348527,M-H,4.2,QZYZPZAPRHESDA,O=C1OCc2c1ccc1oc3ccccc3c21,QZYZPZAPRHESDA,O=C1OCc2c1ccc1oc3ccccc3c21,C16H10O7,314.04265265999993,313.03537665999994,-0.0003766599999153186,0.0003473400000757465,C;H;O;,1.0,False,True,True,False,True,False,False,False,False,False,False,False,False,False,False,False,False,False,False,False,False,False,False,False,False,False,False,False,False,False,False,False,False,True,False,False,False,False,True,True,True,True,False
CCMSLIB00012718912,Praesorediosic acid,M-H,Negative,-1,381.228,382.236,488 Scan.mzXML,Paraconic acids,O=C1O[C@H](CCCCCCCCCCCCCOOC=C)C(C(O)=O)=C1C,O=C1O[C@H](CCCCCCCCCCCCCOOC=C)C(C(O)=O)=C1C,C21H34O6,381.2277,M-H,5.7,MOSLBTVFHZMYMH,O=C1C=CCO1,MOSLBTVFHZMYMH,O=C1C=CCO1,C21H34O6,382.23553880799994,381.22826280799995,-0.0002628079999453803,0.00046119200004568484,C;H;O;,1.0,False,False,False,False,False,False,False,False,False,False,False,False,False,False,False,False,False,False,False,False,False,False,False,False,False,False,False,False,False,False,False,False,False,True,True,False,False,False,False,False,False,False,True
CCMSLIB00012718913,Protocetraric acid,M-H,Negative,-1,373.056,374.064,489 Scan.mzXML,Depsidone,CC1=CC(=C(C2=C1C(=O)OC3=C(O2)C(=C(C(=C3CO)O)C(=O)O)C)C=O)O,CC1=CC(=C(C2=C1C(=O)OC3=C(O2)C(=C(C(=C3CO)O)C(=O)O)C)C=O)O,C18H14O9,373.055982,M-H,4.8,VOXMONAUSQZPTP,O=C1Oc2ccccc2Oc2ccccc21,VOXMONAUSQZPTP,O=C1Oc2ccccc2Oc2ccccc21,C18H14O9,374.0637820279999,373.0565060279999,-0.0005060279999042905,0.00021797200014361806,C;H;O;,1.0,False,True,True,False,True,False,False,False,False,False,False,False,False,False,False,False,False,False,False,False,False,False,False,False,False,False,False,False,False,False,False,False,False,True,True,False,False,False,True,True,True,True,True
CCMSLIB00012718914,Protoconstipatic acid,M-H,Negative,-1,367.248,368.256,490 Scan.mzXML,Paraconic acids,C[C@@H](CCCCCCCCCCCCC[C@H]1[C@@H](C(=C)C(=O)O1)C(=O)O)O,C[C@@H](CCCCCCCCCCCCC[C@H]1[C@@H](C(=C)C(=O)O1)C(=O)O)O,C21H36O5,367.2484742,M-H,6,UYUDMGMNHAKPEV,C=C1CCOC1=O,UYUDMGMNHAKPEV,C=C1CCOC1=O,C21H36O5,368.2562742519999,367.2489982519999,-0.000998251999931199,-0.00027425199994013383,C;H;O;,1.0,False,True,True,False,True,False,False,False,False,False,False,False,False,False,False,False,False,False,False,False,False,False,False,False,False,False,False,False,False,False,False,False,False,True,True,False,False,False,True,True,True,True,True
CCMSLIB00012718915,allo-Protolichesterinic acid,M-H,Negative,-1,323.222,324.23,491 Scan.mzXML,Paraconic acids,CCCCCCCCCCCCC[C@H]1[C@H](C(=C)C(=O)O1)C(=O)O,CCCCCCCCCCCCC[C@H]1[C@H](C(=C)C(=O)O1)C(=O)O,C19H32O4,323.2222595,M-H,7.1,WZYZDHVPSZCEEP,C=C1CCOC1=O,WZYZDHVPSZCEEP,C=C1CCOC1=O,C19H32O4,324.23005950399994,323.22278350399995,-0.0007835039999690707,-5.9503999921162176e-05,C;H;O;,1.0,False,True,True,False,True,False,False,False,False,False,False,False,False,False,False,False,False,False,False,False,False,False,False,False,False,False,False,False,False,False,False,False,False,True,True,False,False,False,True,True,True,True,True
CCMSLIB00012718916,Protolichesterinic acid,M-H,Negative,-1,323.222,324.23,492 Scan.mzXML,Paraconic acids,CCCCCCCCCCCCCC1C(C(=C)C(=O)O1)C(=O)O,CCCCCCCCCCCCCC1C(C(=C)C(=O)O1)C(=O)O,C19H32O4,323.2222595,M-H,6.9,WZYZDHVPSZCEEP,C=C1CCOC1=O,WZYZDHVPSZCEEP,C=C1CCOC1=O,C19H32O4,324.23005950399994,323.22278350399995,-0.0007835039999690707,-5.9503999921162176e-05,C;H;O;,1.0,False,True,True,False,True,False,False,False,False,False,False,False,False,False,False,False,False,False,False,False,False,False,False,False,False,False,False,False,False,False,False,False,False,True,True,False,False,False,True,True,True,True,True
CCMSLIB00012718917,Pseudocyphellarin A,M-H,Negative,-1,401.124,402.132,493 Scan.mzXML,Didepside,CC1=C(C(=C(C(=C1C(=O)OC2=C(C(=C(C(=C2C)C)C(=O)OC)O)C)O)C=O)O)C,CC1=C(C(=C(C(=C1C(=O)OC2=C(C(=C(C(=C2C)C)C(=O)OC)O)C)O)C=O)O)C,C21H22O8,401.1236677,M-H,6.7,UHFZDRSLNDPMRZ,O=C(Oc1ccccc1)c1ccccc1,UHFZDRSLNDPMRZ,O=C(Oc1ccccc1)c1ccccc1,C21H22O8,402.1314676639999,401.1241916639999,-0.00019166399988534977,0.0005323360001057154,C;H;O;,1.0,False,False,False,False,False,False,False,False,False,False,False,False,False,False,False,False,False,False,False,False,False,False,False,False,False,False,False,False,False,False,False,False,False,True,True,False,False,False,False,True,False,False,True
CCMSLIB00012718918,Pseudocyphellarin B,M-H,Negative,-1,403.139,404.147,494 Scan.mzXML,Didepside,CC1=C(C(=C(C(=C1C(=O)OC2=C(C(=C(C(=C2C)C)C(=O)OC)O)C)O)CO)O)C,CC1=C(C(=C(C(=C1C(=O)OC2=C(C(=C(C(=C2C)C)C(=O)OC)O)C)O)CO)O)C,C21H24O8,403.1393177,M-H,5.8,SEYDJFVJGHBZJQ,O=C(Oc1ccccc1)c1ccccc1,SEYDJFVJGHBZJQ,O=C(Oc1ccccc1)c1ccccc1,C21H24O8,404.1471177279999,403.1398417279999,-0.0008417279998980121,-0.00011772799990694693,C;H;O;,1.0,False,False,False,False,False,False,False,False,False,False,False,False,False,False,False,False,False,False,False,False,False,False,False,False,False,False,False,False,False,False,False,False,False,True,True,False,False,False,False,True,False,False,True
CCMSLIB00012718919,Pseudoplacodiolic acid,M-H,Negative,-1,375.108,376.116,495 Scan.mzXML,Dibenzofuran,CC1=C(C(=C2C(=C1O)C3(C(=C(C(=O)CC3(O2)OC)C(=O)C)O)C)C(=O)C)O,CC1=C(C(=C2C(=C1O)C3(C(=C(C(=O)CC3(O2)OC)C(=O)C)O)C)C(=O)C)O,C19H20O8,375.1080176,M-H,5.8,HCSONWDCGXFSJK,O=C1C=CC2c3ccccc3OC2C1,HCSONWDCGXFSJK,O=C1C=CC2c3ccccc3OC2C1,C19H20O8,376.1158175999999,375.1085415999999,-0.000541599999905884,0.0001824000000851811,C;H;O;,1.0,False,False,False,False,False,False,False,False,False,False,False,False,False,False,False,False,False,False,False,False,False,False,False,False,False,False,False,False,False,False,False,False,False,False,False,False,False,False,False,True,False,False,False
CCMSLIB00012718920,Psoromic acid,M-H,Negative,-1,357.061,358.069,496 Scan.mzXML,Depsidone,CC1=CC(=C(C2=C1C(=O)OC3=C(O2)C(=CC(=C3C)OC)C(=O)O)C=O)O,CC1=CC(=C(C2=C1C(=O)OC3=C(O2)C(=CC(=C3C)OC)C(=O)O)C=O)O,C18H14O8,357.0610674,M-H,5.3,FUCWJKJZOHOLEO,O=C1Oc2ccccc2Oc2ccccc21,FUCWJKJZOHOLEO,O=C1Oc2ccccc2Oc2ccccc21,C18H14O8,358.0688674079999,357.0615914079999,-0.0005914079999342903,0.00013259200011361827,C;H;O;,1.0,False,True,True,False,True,False,False,False,False,False,False,False,False,False,False,False,False,False,False,False,False,False,False,False,False,False,False,False,False,False,False,False,False,True,True,False,False,False,True,True,True,True,True
CCMSLIB00012718921,Pulvinamide,M-H,Negative,-1,306.077,307.085,497 Scan.mzXML,Pulvinic Acid Derivatives,C1=CC=C(C=C1)C2=C(/C(=C(/C3=CC=CC=C3)\C(=O)N)/OC2=O)O,C1=CC=C(C=C1)C2=C(/C(=C(/C3=CC=CC=C3)\C(=O)N)/OC2=O)O,C18H13NO4,306.0766579,M-H,5.4,WRHGFSYRCKIXSB,O=C1OC(=Cc2ccccc2)C=C1c1ccccc1,WRHGFSYRCKIXSB,O=C1OC(=Cc2ccccc2)C=C1c1ccccc1,C18H13NO4,307.084457896,306.077181896,-0.00018189600001505823,0.0005421039999760069,C;H;N;O;,1.0,False,False,False,False,False,False,False,False,False,False,False,False,False,False,False,False,False,False,False,False,False,False,False,False,False,False,False,False,False,False,False,False,False,True,False,False,False,False,False,False,False,False,False
CCMSLIB00012718922,Pulvic dilactone,M+H,Positive,1,291.066,290.058,498 Scan.mzXML,Pulvinic Acid Derivatives,C1=CC=C(C=C1)C2=C3C(=C(C(=O)O3)C4=CC=CC=C4)OC2=O,C1=CC=C(C=C1)C2=C3C(=C(C(=O)O3)C4=CC=CC=C4)OC2=O,C18H10O4,291.0657088,M+H,4.8,KQTXUHHOWJUFOZ,O=C1OC2=C(c3ccccc3)C(=O)OC2=C1c1ccccc1,KQTXUHHOWJUFOZ,O=C1OC2=C(c3ccccc3)C(=O)OC2=C1c1ccccc1,C18H10O4,290.05790879999995,291.06518479999994,0.0008152000000336557,9.120000004259055e-05,C;H;O;,1.0,False,True,True,False,True,False,False,False,False,False,False,False,False,False,False,False,False,False,False,False,False,False,False,False,False,False,False,False,False,False,False,False,False,True,False,False,False,False,True,True,True,True,False
CCMSLIB00012718923,Pulvinic acid,M-H,Negative,-1,307.061,308.069,499 Scan.mzXML,Pulvinic Acid Derivatives,C1=CC=C(C=C1)C2=C(/C(=C(/C3=CC=CC=C3)\C(=O)O)/OC2=O)O,C1=CC=C(C=C1)C2=C(/C(=C(/C3=CC=CC=C3)\C(=O)O)/OC2=O)O,C18H12O5,307.0606735,M-H,5.1,CMFBGFRHPQTELQ,O=C1OC(=Cc2ccccc2)C=C1c1ccccc1,CMFBGFRHPQTELQ,O=C1OC(=Cc2ccccc2)C=C1c1ccccc1,C18H12O5,308.0684734839999,307.06119748399993,-0.00019748399995478394,0.0005265160000931246,C;H;O;,1.0,False,False,False,False,False,False,False,False,False,False,False,False,False,False,False,False,False,False,False,False,False,False,False,False,False,False,False,False,False,False,False,False,False,True,False,False,False,False,False,True,False,False,False
CCMSLIB00012718924,Pulvinic dilactone,M-H,Negative,-1,289.05,290.058,500 Scan.mzXML,Pulvinic Acid Derivatives,O=C(O1)C(C2=CC=CC=C2)=C(OC3=O)C1=C3C4=CC=CC=C4,O=C(O1)C(C2=CC=CC=C2)=C(OC3=O)C1=C3C4=CC=CC=C4,C18H10O4,289.0501,M-H,4.7,KQTXUHHOWJUFOZ,O=C1OC2=C(c3ccccc3)C(=O)OC2=C1c1ccccc1,KQTXUHHOWJUFOZ,O=C1OC2=C(c3ccccc3)C(=O)OC2=C1c1ccccc1,C18H10O4,290.0579088,289.0506328,-0.000632800000005318,9.119999998574713e-05,C;H;O;,1.0,False,True,True,False,True,False,False,False,False,False,False,False,False,False,False,False,False,False,False,False,False,False,False,False,False,False,False,False,False,False,False,False,False,True,False,False,False,False,True,True,True,True,False
CCMSLIB00012718925,Quaesitic acid,M-H,Negative,-1,485.036,486.043,501 Scan.mzXML,Depsidone,OC(C=C1C)=C(C(OC2=C(O3)C(COC(/C=C/C(O)=O)=O)=C(C4=C2C(OC4=O)O)O)=C1C3=O)C=O,OC(C=C1C)=C(C(OC2=C(O3)C(COC(/C=C/C(O)=O)=O)=C(C4=C2C(OC4=O)O)O)=C1C3=O)C=O,C22H14O13,485.0356,M-H,4.7,WTTKLUBBGWMOHA,O=C1Oc2ccc3c(c2Oc2ccccc21)COC3=O,WTTKLUBBGWMOHA,O=C1Oc2ccc3c(c2Oc2ccccc21)COC3=O,C22H14O13,486.04344050799983,485.03616450799984,-0.00016450799984113473,-0.00044050799982642275,C;H;O;,1.0,False,False,False,False,False,False,False,False,False,False,False,False,False,False,False,False,False,False,False,False,False,False,False,False,False,False,False,False,False,False,False,False,False,True,True,False,False,False,False,False,False,False,True
CCMSLIB00012718926,Ramalinolic acid,M-H,Negative,-1,431.171,432.178,502 Scan.mzXML,Didepside,CCCCCC1=CC(=C(C(=C1C(=O)O)O)OC(=O)C2=C(C=C(C=C2O)OC)CCC)O,CCCCCC1=CC(=C(C(=C1C(=O)O)O)OC(=O)C2=C(C=C(C=C2O)OC)CCC)O,C23H28O8,431.1706179,M-H,5.6,OBTGVDPYKOUXDZ,O=C(Oc1ccccc1)c1ccccc1,OBTGVDPYKOUXDZ,O=C(Oc1ccccc1)c1ccccc1,C23H28O8,432.17841785599995,431.17114185599996,-0.00014185599997063036,-0.0004178559999559184,C;H;O;,1.0,False,False,False,False,False,False,False,False,False,False,False,False,False,False,False,False,False,False,False,False,False,False,False,False,False,False,False,False,False,False,False,False,False,True,True,False,False,False,False,True,False,False,True
CCMSLIB00012718927,Rangiformic acid,M-H,Negative,-1,385.259,386.267,503 Scan.mzXML,Acid,CCCCCCCCCCCCCC[C@@H]([C@H](CC(=O)O)C(=O)O)C(=O)OC,CCCCCCCCCCCCCC[C@@H]([C@H](CC(=O)O)C(=O)O)C(=O)OC,C21H38O6,385.2590389,M-H,6.6,LGCPAGYPUFWEBQ,__ACYCLIC__LGCPAGYPUFWEBQ,LGCPAGYPUFWEBQ,__ACYCLIC__LGCPAGYPUFWEBQ,C21H38O6,386.2668389359999,385.2595629359999,-0.0005629359998806649,0.00016106400011040023,C;H;O;,1.0,False,True,True,False,True,False,False,False,False,False,False,False,False,False,False,False,False,False,False,False,False,False,False,False,False,False,False,False,False,False,False,False,False,True,False,False,False,False,True,True,True,True,False
CCMSLIB00012718928,Retigeranic acid A,M-H,Negative,-1,369.279,370.287,504 Scan.mzXML,Terpene,C[C@@H]1CCC23[C@H]1CC[C@]2([C@H]4C[C@]5(CC[C@H]([C@@H]5CC4=C3C(=O)O)C(C)C)C)C,C[C@@H]1CCC23[C@H]1CC[C@]2([C@H]4C[C@]5(CC[C@H]([C@@H]5CC4=C3C(=O)O)C(C)C)C)C,C25H38O2,369.2793805,M-H,7.1,GTPDAZPJWLNUDK,C1=C2CC3CCCC3CC2C2CCC3CCCC132,GTPDAZPJWLNUDK,C1=C2CC3CCCC3CC2C2CCC3CCCC132,C25H38O2,370.287180456,369.279904456,-0.0009044560000006641,-0.00018045600000959894,C;H;O;,1.0,False,False,False,False,False,False,False,False,False,False,False,False,False,False,False,False,False,False,False,False,False,False,False,False,False,False,False,False,False,False,False,False,False,False,False,False,False,False,False,False,False,False,False
CCMSLIB00012718929,Retigeric acid A,M-H,Negative,-1,471.347,472.355,505 Scan.mzXML,Terpene,CC(C)[C@H]1CC[C@@H]2[C@@]1(CC[C@]3([C@]2(CC=C4[C@@H]3CC[C@@H]5[C@@]4(C[C@H]([C@@H]([C@@]5(C)C(=O)O)O)O)C)C)C)C,CC(C)[C@H]1CC[C@@H]2[C@@]1(CC[C@]3([C@]2(CC=C4[C@@H]3CC[C@@H]5[C@@]4(C[C@H]([C@@H]([C@@]5(C)C(=O)O)O)O)C)C)C)C,C30H48O4,471.34746,M-H,5.8,CDJHWSUBFSVZDX,C1=C2C3CCCCC3CCC2C2CCC3CCCC3C2C1,CDJHWSUBFSVZDX,C1=C2C3CCCCC3CCC2C2CCC3CCCC3C2C1,C30H48O4,472.3552600159999,471.3479840159999,-0.0009840159999043863,-0.0002600159998564777,C;H;O;,1.0,False,False,False,False,False,False,False,False,False,False,False,False,False,False,False,False,False,False,False,False,False,False,False,False,False,False,False,False,False,False,False,False,False,False,False,False,False,False,False,True,False,False,False
CCMSLIB00012718930,Rhizonic acid,M-H,Negative,-1,195.066,196.074,506 Scan.mzXML,Cleavage Products of Depsides and Depsidones,CC1=CC(=C(C(=C1C(=O)O)O)C)OC,CC1=CC(=C(C(=C1C(=O)O)O)C)OC,C10H12O4,195.0657589,M-H,5.1,BMRVNZZVDSVOQG,c1ccccc1,BMRVNZZVDSVOQG,c1ccccc1,C10H12O4,196.073558864,195.06628286400002,-0.00028286400001320544,0.0004411360000062814,C;H;O;,1.0,False,True,True,False,True,False,False,False,False,False,False,False,False,False,False,False,False,False,False,False,False,False,False,False,False,False,False,False,False,False,False,False,False,True,True,True,False,False,True,True,True,True,True
CCMSLIB00012718931,Roccellaric acid,M-H,Negative,-1,325.238,326.246,507 Scan.mzXML,Paraconic acids,CCCCCCCCCCCCC[C@@H]1[C@H]([C@@H](C(=O)O1)C)C(=O)O,CCCCCCCCCCCCC[C@@H]1[C@H]([C@@H](C(=O)O1)C)C(=O)O,C19H34O4,325.2379096,M-H,6.7,WLGALFYTFVOQPY,O=C1CCCO1,WLGALFYTFVOQPY,O=C1CCCO1,C19H34O4,326.24570956799994,325.23843356799995,-0.00043356799994853645,0.00029043200004252867,C;H;O;,1.0,False,True,True,False,True,False,False,False,False,False,False,False,False,False,False,False,False,False,False,False,False,False,False,False,False,False,False,False,False,False,False,False,False,True,True,False,False,False,True,True,True,True,True
CCMSLIB00012718932,Roccellic acid,M-H,Negative,-1,299.222,300.23,508 Scan.mzXML,Acid,CCCCCCCCCCCC[C@H]([C@H](C)C(=O)O)C(=O)O,CCCCCCCCCCCC[C@H]([C@H](C)C(=O)O)C(=O)O,C17H32O4,299.2222595,M-H,6,CADNMISJDLVPCK,__ACYCLIC__CADNMISJDLVPCK,CADNMISJDLVPCK,__ACYCLIC__CADNMISJDLVPCK,C17H32O4,300.230059504,299.222783504,-0.0007835040000259141,-5.9503999978005595e-05,C;H;O;,1.0,False,True,True,False,True,False,False,False,False,False,False,False,False,False,False,False,False,False,False,False,False,False,False,False,False,False,False,False,False,False,False,False,False,True,False,False,False,False,True,True,True,True,False
CCMSLIB00012718933,Rugulosin,M-H,Negative,-1,541.114,542.121,509 Scan.mzXML,Quinone,CC1=CC2=C(C(=C1)O)C(=C3C(=O)C4C(C5C3(C2=O)C6C(C5C47C(=C(C8=C(C7=O)C=C(C=C8O)C)O)C6=O)O)O)O,CC1=CC2=C(C(=C1)O)C(=C3C(=O)C4C(C5C3(C2=O)C6C(C5C47C(=C(C8=C(C7=O)C=C(C=C8O)C)O)C6=O)O)O)O,C30H22O10,541.1134969,M-H,5.3,QFDPVUTXKUGISP,O=C1C2=Cc3ccccc3C(=O)C23C2CC4C3CC1C41C(=O)c3ccccc3C=C1C2=O,QFDPVUTXKUGISP,O=C1C2=Cc3ccccc3C(=O)C23C2CC4C3CC1C41C(=O)c3ccccc3C=C1C2=O,C30H22O10,542.1212969039999,541.1140209039999,-2.0903999825350184e-05,-0.00029690399992432503,C;H;O;,1.0,False,True,True,True,False,False,True,False,False,False,False,False,False,False,False,False,False,False,False,False,False,False,False,False,False,False,False,False,False,False,False,False,False,True,False,False,False,False,True,True,True,True,False
CCMSLIB00012718934,Russulone,M-H,Negative,-1,351.051,352.058,510 Scan.mzXML,Quinone,OC1=C2C(C=C(C)OC2=O)=CC(C(C3=CC(OC)=CC(O)=C43)=O)=C1C4=O,OC1=C2C(C=C(C)OC2=O)=CC(C(C3=CC(OC)=CC(O)=C43)=O)=C1C4=O,C19H12O7,351.0505,M-H,5.9,OMBGHWRRURDJMX,O=C1c2ccccc2C(=O)c2cc3c(=O)occc3cc21,OMBGHWRRURDJMX,O=C1c2ccccc2C(=O)c2cc3c(=O)occc3cc21,C19H12O7,352.05830272399993,351.05102672399994,-2.6723999951627775e-05,-0.0003027239999369158,C;H;O;,1.0,False,False,False,False,False,False,False,False,False,False,False,False,False,False,False,False,False,False,False,False,False,False,False,False,False,False,False,False,False,False,False,False,False,False,False,False,False,False,False,True,False,False,False
CCMSLIB00012718935,Salazinic acid,M-H,Negative,-1,387.035,388.043,511 Scan.mzXML,Depsidone,OC(C=C1C)=C(C(OC2=C(O3)C(CO)=C(C4=C2C(OC4=O)O)O)=C1C3=O)C=O,OC(C=C1C)=C(C(OC2=C(O3)C(CO)=C(C4=C2C(OC4=O)O)O)=C1C3=O)C=O,C18H12O10,387.0352,M-H,4.6,QQTKVXCQLZIJPP,O=C1Oc2ccc3c(c2Oc2ccccc21)COC3=O,QQTKVXCQLZIJPP,O=C1Oc2ccc3c(c2Oc2ccccc21)COC3=O,C18H12O10,388.0430465839999,387.0357705839999,-0.000770583999894825,-4.658399990375983e-05,C;H;O;,1.0,False,True,True,False,True,False,False,False,False,False,False,False,False,False,False,False,False,False,False,False,False,False,False,False,False,False,False,False,False,False,False,False,False,True,True,False,False,False,True,True,True,True,True
CCMSLIB00012718936,Scabrosin acetate butanoate,M-H,Negative,-1,531.09,532.097,512 Scan.mzXML,"Epidithiopiperazine-2,5-dione",CC(O[C@H]1C=C2C[C@@]34C(N5[C@@H]6[C@@H]7[C@H]([C@@H](OC(CCC)=O)C=C6C[C@@]5(SS4)C(N3[C@@H]2[C@@H]8[C@H]1O8)=O)O7)=O)=O,CC(O[C@H]1C=C2C[C@@]34C(N5[C@@H]6[C@@H]7[C@H]([C@@H](OC(CCC)=O)C=C6C[C@@]5(SS4)C(N3[C@@H]2[C@@H]8[C@H]1O8)=O)O7)=O)=O,C24H24N2O8S2,531.0896,M-H,5.2,OBYDDBDJKUQGLS,O=C1N2C3C(=CCC4OC43)CC23SSC12CC1=CCC4OC4C1N2C3=O,OBYDDBDJKUQGLS,O=C1N2C3C(=CCC4OC43)CC23SSC12CC1=CCC4OC4C1N2C3=O,C24H24N2O8S2,532.0974077279999,531.0901317279998,-0.0001317279998147569,-0.00040772799991373176,C;H;N;O;S;,1.0,False,False,False,False,False,False,False,False,False,False,False,False,False,False,False,False,False,False,False,False,False,False,False,False,False,False,False,False,False,False,False,False,False,False,False,False,False,False,False,False,False,False,False
CCMSLIB00012718937,Scabrosin acetate hexanoate,M-H,Negative,-1,559.121,560.129,513 Scan.mzXML,"Epidithiopiperazine-2,5-dione",CC(O[C@H]1C=C2C[C@@]34C(N5[C@@H]6[C@@H]7[C@H]([C@@H](OC(CCCCC)=O)C=C6C[C@@]5(SS4)C(N3[C@@H]2[C@@H]8[C@H]1O8)=O)O7)=O)=O,CC(O[C@H]1C=C2C[C@@]34C(N5[C@@H]6[C@@H]7[C@H]([C@@H](OC(CCCCC)=O)C=C6C[C@@]5(SS4)C(N3[C@@H]2[C@@H]8[C@H]1O8)=O)O7)=O)=O,C26H28N2O8S2,559.1209,M-H,5.5,RKEDAZXFFYMOPX,O=C1N2C3C(=CCC4OC43)CC23SSC12CC1=CCC4OC4C1N2C3=O,RKEDAZXFFYMOPX,O=C1N2C3C(=CCC4OC43)CC23SSC12CC1=CCC4OC4C1N2C3=O,C26H28N2O8S2,560.128707856,559.121431856,-0.0004318559999774152,0.00029214400001364993,C;H;N;O;S;,1.0,False,False,False,False,False,False,False,False,False,False,False,False,False,False,False,False,False,False,False,False,False,False,False,False,False,False,False,False,False,False,False,False,False,False,False,False,False,False,False,False,False,False,False
CCMSLIB00012718938,Scabrosin dibutanoate,M-H,Negative,-1,559.121,560.129,515 Scan.mzXML,"Epidithiopiperazine-2,5-dione",CCCC(=O)O[C@H]1C=C2CC34C(=O)N5C6[C@@H]7[C@@H](O7)[C@H](C=C6CC5(C(=O)N3C2[C@@H]8[C@H]1O8)SS4)OC(=O)CCC,CCCC(=O)O[C@H]1C=C2CC34C(=O)N5C6[C@@H]7[C@@H](O7)[C@H](C=C6CC5(C(=O)N3C2[C@@H]8[C@H]1O8)SS4)OC(=O)CCC,C26H28N2O8S2,559.1209082,M-H,5.4,VGXSFXYHPSOFJY,O=C1N2C3C(=CCC4OC43)CC23SSC12CC1=CCC4OC4C1N2C3=O,VGXSFXYHPSOFJY,O=C1N2C3C(=CCC4OC43)CC23SSC12CC1=CCC4OC4C1N2C3=O,C26H28N2O8S2,560.1287078559999,559.1214318559998,-0.00043185599986372836,0.00029214400012733677,C;H;N;O;S;,1.0,False,False,False,False,False,False,False,False,False,False,False,False,False,False,False,False,False,False,False,False,False,False,False,False,False,False,False,False,False,False,False,False,False,False,False,False,False,False,False,False,False,False,False
CCMSLIB00012718939,Scensidin,M+H,Positive,1,369.03,368.022,516 Scan.mzXML,Depsidone,CC1=C2C(=CC(=C1Cl)OC)OC3=C(C(=C(C=C3OC2=O)OC)Cl)C,CC1=C2C(=CC(=C1Cl)OC)OC3=C(C(=C(C=C3OC2=O)OC)Cl)C,C17H14Cl2O5,369.0296289,M+H,5.7,AYDBBWJGHVYDQE,O=C1Oc2ccccc2Oc2ccccc21,AYDBBWJGHVYDQE,O=C1Oc2ccccc2Oc2ccccc21,C17H14Cl2O5,368.021828908,369.02910490799997,0.0008950920000074802,0.0001710920000164151,C;Cl;H;O;,1.0,False,False,False,False,False,False,False,False,False,False,False,False,False,False,False,False,False,False,False,False,False,False,False,False,False,False,False,False,False,False,False,False,False,True,True,False,False,False,False,True,False,False,True
CCMSLIB00012718940,Schizopeltic acid,M-H,Negative,-1,357.097,358.105,517 Scan.mzXML,Dibenzofuran,CC1=CC(=C2C3=C(C(=C(C=C3OC2=C1C(=O)O)OC)C(=O)OC)C)OC,CC1=CC(=C2C3=C(C(=C(C=C3OC2=C1C(=O)O)OC)C(=O)OC)C)OC,C19H18O7,357.0974529,M-H,5.2,WBIQYHZEYQDKCL,c1ccc2c(c1)oc1ccccc12,WBIQYHZEYQDKCL,c1ccc2c(c1)oc1ccccc12,C19H18O7,358.1052529159999,357.09797691599994,-0.000976915999956418,-0.00025291599990850955,C;H;O;,1.0,False,True,True,False,True,False,False,False,False,False,False,False,False,False,False,False,False,False,False,False,False,False,False,False,False,False,False,False,False,False,False,False,False,True,True,False,False,False,True,True,True,True,True
CCMSLIB00012718941,m-Scrobiculin,M-H,Negative,-1,417.155,418.163,518 Scan.mzXML,Didepside,CCCC1=CC(=C(C(=C1C(=O)OC)O)OC(=O)C2=C(C=C(C=C2O)OC)CCC)O,CCCC1=CC(=C(C(=C1C(=O)OC)O)OC(=O)C2=C(C=C(C=C2O)OC)CCC)O,C22H26O8,417.1549678,M-H,5.9,CFXORXZRGPTGFD,O=C(Oc1ccccc1)c1ccccc1,CFXORXZRGPTGFD,O=C(Oc1ccccc1)c1ccccc1,C22H26O8,418.16276779199995,417.15549179199996,-0.0004917919999911646,0.0002322080000567439,C;H;O;,1.0,False,False,False,False,False,False,False,False,False,False,False,False,False,False,False,False,False,False,False,False,False,False,False,False,False,False,False,False,False,False,False,False,False,True,True,False,False,False,False,True,True,False,True
CCMSLIB00012718942,Secalonic acid,M-H,Negative,-1,637.156,638.164,519 Scan.mzXML,Bisxanthone,CC1CC(=O)C2=C(C3=C(C=CC(=C3O)C4=C(C5=C(C=C4)OC6(C(C(CC(=O)C6=C5O)C)O)C(=O)OC)O)OC2(C1O)C(=O)OC)O,CC1CC(=O)C2=C(C3=C(C=CC(=C3O)C4=C(C5=C(C=C4)OC6(C(C(CC(=O)C6=C5O)C)O)C(=O)OC)O)OC2(C1O)C(=O)OC)O,C32H30O14,637.1557556,M-H,5.3,NFZJAYYORNVZNI,O=C1CCCC2Oc3ccc(-c4ccc5c(c4)C=C4C(=O)CCCC4O5)cc3C=C12,NFZJAYYORNVZNI,O=C1CCCC2Oc3ccc(-c4ccc5c(c4)C=C4C(=O)CCCC4O5)cc3C=C12,C32H30O14,638.16355564,637.15627964,-0.0002796400000306676,0.00044435999996039754,C;H;O;,1.0,False,True,True,False,True,False,False,False,False,False,False,False,False,False,False,False,False,False,False,False,False,False,False,False,False,False,False,False,False,False,False,False,False,True,False,False,False,False,True,True,True,True,False
CCMSLIB00012718943,Sekikaic acid,M-H,Negative,-1,417.155,418.163,520 Scan.mzXML,Didepside,CCCC1=CC(=C(C(=C1C(=O)O)O)OC(=O)C2=C(C=C(C=C2O)OC)CCC)OC,CCCC1=CC(=C(C(=C1C(=O)O)O)OC(=O)C2=C(C=C(C=C2O)OC)CCC)OC,C22H26O8,417.1549678,M-H,5.9,CPHXGYQLOSNELY,O=C(Oc1ccccc1)c1ccccc1,CPHXGYQLOSNELY,O=C(Oc1ccccc1)c1ccccc1,C22H26O8,418.16276779199995,417.15549179199996,-0.0004917919999911646,0.0002322080000567439,C;H;O;,1.0,False,True,True,False,True,False,False,False,False,False,False,False,False,False,False,False,False,False,False,False,False,False,False,False,False,False,False,False,False,False,False,False,False,True,True,False,False,False,True,True,True,True,True
CCMSLIB00012718944,Semivioxanthin,M-H,Negative,-1,273.076,274.084,521 Scan.mzXML,Naphthopyrone,C[C@@H]1CC2=CC3=CC(=CC(=C3C(=C2C(=O)O1)O)O)OC,C[C@@H]1CC2=CC3=CC(=CC(=C3C(=C2C(=O)O1)O)O)OC,C15H14O5,273.0763235,M-H,5.6,BWNCKEBBYADFPQ,O=C1OCCc2cc3ccccc3cc21,BWNCKEBBYADFPQ,O=C1OCCc2cc3ccccc3cc21,C15H14O5,274.08412354800004,273.07684754800005,-0.0008475480000242896,-0.00012354800003322453,C;H;O;,1.0,False,True,True,True,True,False,False,False,False,False,False,False,False,False,False,False,False,False,False,False,False,False,False,False,False,False,False,False,False,False,False,False,False,True,False,False,False,False,True,True,True,True,False
CCMSLIB00012718945,Simonyellin,M+H,Positive,1,275.056,274.048,522 Scan.mzXML,Pyrone,CC1=CC(=O)C2=C(OC=C3C2=C1C(=O)C(=C3OC)O)O,CC1=CC(=O)C2=C(OC=C3C2=C1C(=O)C(=C3OC)O)O,C14H10O6,275.055538,M+H,5,DHDSCKPFZHKEJM,O=c1ccc2cocc3c(=O)ccc1c23,DHDSCKPFZHKEJM,O=c1ccc2cocc3c(=O)ccc1c23,C14H10O6,274.04773804,275.05501404,0.0009859599999799684,0.0002619599999889033,C;H;O;,1.0,False,True,True,False,False,True,False,False,False,False,False,False,False,False,False,False,False,False,False,False,False,False,False,False,False,False,False,False,False,False,False,False,False,True,False,False,False,False,True,True,True,True,False
CCMSLIB00012718946,Skyrin,M-H,Negative,-1,537.082,538.09,523 Scan.mzXML,Quinone,CC1=CC2=C(C(=C1)O)C(=O)C3=C(C=C(C(=C3C2=O)C4=C5C(=C(C=C4O)O)C(=O)C6=C(C5=O)C=C(C=C6O)C)O)O,CC1=CC2=C(C(=C1)O)C(=O)C3=C(C=C(C(=C3C2=O)C4=C5C(=C(C=C4O)O)C(=O)C6=C(C5=O)C=C(C=C6O)C)O)O,C30H18O10,537.0821968,M-H,5.8,MQSXZQXHIJMNAF,O=C1c2ccccc2C(=O)c2c1cccc2-c1cccc2c1C(=O)c1ccccc1C2=O,MQSXZQXHIJMNAF,O=C1c2ccccc2C(=O)c2c1cccc2-c1cccc2c1C(=O)c1ccccc1C2=O,C30H18O10,538.0899967759999,537.0827207759999,-0.0007207759998664187,3.224000124646409e-06,C;H;O;,1.0,False,True,True,True,False,True,False,False,False,False,False,False,False,False,False,False,False,False,False,False,False,False,False,False,False,False,False,False,False,False,False,False,False,True,False,False,False,False,True,True,True,True,False
CCMSLIB00012718947,Sordidone,M-H,Negative,-1,239.011,240.019,524 Scan.mzXML,Chromone,CC1=CC(=O)C2=C(O1)C(=C(C(=C2O)C)O)Cl,CC1=CC(=O)C2=C(O1)C(=C(C(=C2O)C)O)Cl,C11H9ClO4,239.0111365,M-H,5,OFIWISPGMYFUGQ,O=c1ccoc2ccccc12,OFIWISPGMYFUGQ,O=c1ccoc2ccccc12,C11H9ClO4,240.018936448,239.01166044800001,-0.000660448000019187,6.355200000029981e-05,C;Cl;H;O;,1.0,False,True,True,False,True,False,False,False,False,False,False,False,False,False,False,False,False,False,False,False,False,False,False,False,False,False,False,False,False,False,False,False,False,True,True,False,False,False,True,True,True,True,True
CCMSLIB00012718948,Sphaerophorin,M-H,Negative,-1,415.176,416.184,525 Scan.mzXML,Didepside,CCCCCCCC1=C(C(=CC(=C1)OC(=O)C2=C(C=C(C=C2C)OC)O)O)C(=O)O,CCCCCCCC1=C(C(=CC(=C1)OC(=O)C2=C(C=C(C=C2C)OC)O)O)C(=O)O,C23H28O7,415.1757032,M-H,6.5,LNAYIVMXSQCRRC,O=C(Oc1ccccc1)c1ccccc1,LNAYIVMXSQCRRC,O=C(Oc1ccccc1)c1ccccc1,C23H28O7,416.18350323599986,415.1762272359999,-0.00022723599988694332,0.0004967640001609652,C;H;O;,1.0,False,False,False,False,False,False,False,False,False,False,False,False,False,False,False,False,False,False,False,False,False,False,False,False,False,False,False,False,False,False,False,False,False,True,True,False,False,False,False,True,False,False,True
CCMSLIB00012718949,Squamatic acid,M-H,Negative,-1,389.087,390.095,526 Scan.mzXML,Didepside,CC1=CC(=C(C(=C1C(=O)O)O)C)OC(=O)C2=C(C(=C(C=C2C)OC)C(=O)O)O,CC1=CC(=C(C(=C1C(=O)O)O)C)OC(=O)C2=C(C(=C(C=C2C)OC)C(=O)O)O,C19H18O9,389.0872822,M-H,5.1,WCWYEXBIRSSVGF,O=C(Oc1ccccc1)c1ccccc1,WCWYEXBIRSSVGF,O=C(Oc1ccccc1)c1ccccc1,C19H18O9,390.09508215599993,389.08780615599994,-0.0008061559999532619,-8.215599990535338e-05,C;H;O;,1.0,False,True,True,False,True,False,False,False,False,False,False,False,False,False,False,False,False,False,False,False,False,False,False,False,False,False,False,False,False,False,False,False,False,True,True,False,False,False,True,True,True,True,True
CCMSLIB00012718950,Stenosporic acid,M-H,Negative,-1,415.176,416.184,527 Scan.mzXML,Didepside,CCCCCC1=C(C(=CC(=C1)OC(=O)C2=C(C=C(C=C2O)OC)CCC)O)C(=O),CCCCCC1=C(C(=CC(=C1)OC(=O)C2=C(C=C(C=C2O)OC)CCC)O)C(=O),C23H28O7,415.1757032,M-H,5.9,VEVPBBXNRICJOV,O=C(Oc1ccccc1)c1ccccc1,VEVPBBXNRICJOV,O=C(Oc1ccccc1)c1ccccc1,C23H28O6,400.1885886159999,399.1813126159999,15.994687384000088,15.995411384000136,C;H;O;,1.0,False,False,False,False,False,False,False,False,False,False,False,False,False,False,False,False,False,False,False,False,False,False,False,False,False,False,False,False,False,False,False,False,False,True,True,False,False,False,False,True,False,False,True
CCMSLIB00012718951,Stenosporonic acid,M-H,Negative,-1,413.16,414.168,528 Scan.mzXML,Depsidone,O=C1C2=C(CCC)C=C(OC)C=C2OC(C(CCCCC)=C(C(O)=O)C(O)=C3)=C3O1,O=C1C2=C(CCC)C=C(OC)C=C2OC(C(CCCCC)=C(C(O)=O)C(O)=C3)=C3O1,C23H26O7,413.1601,M-H,6,WNDKPNQEXXGRHP,O=C1Oc2ccccc2Oc2ccccc21,WNDKPNQEXXGRHP,O=C1Oc2ccccc2Oc2ccccc21,C23H26O7,414.16785317199987,413.1605771719999,-0.0005771719998506342,0.00014682800014043096,C;H;O;,1.0,False,False,False,False,False,False,False,False,False,False,False,False,False,False,False,False,False,False,False,False,False,False,False,False,False,False,False,False,False,False,False,False,False,True,True,False,False,False,False,True,False,False,True
CCMSLIB00012718952,Stictic acid,M-H,Negative,-1,385.056,386.064,529 Scan.mzXML,Depsidone,CC1=CC(=C(C2=C1C(=O)OC3=C(O2)C4=C(C(=C3C)O)C(=O)OC4O)C=O)O,CC1=CC(=C(C2=C1C(=O)OC3=C(O2)C4=C(C(=C3C)O)C(=O)OC4O)C=O)O,C19H14O9,385.055982,M-H,4.7,IEVVSJFLBYOUCJ,O=C1Oc2ccc3c(c2Oc2ccccc21)COC3=O,IEVVSJFLBYOUCJ,O=C1Oc2ccc3c(c2Oc2ccccc21)COC3=O,C18H12O9,372.0481319639999,371.0408559639999,14.015144036000095,14.015868036000143,C;H;O;,1.0,False,False,False,False,False,False,False,False,False,False,False,False,False,False,False,False,False,False,False,False,False,False,False,False,False,False,False,False,False,False,False,False,False,True,True,False,False,False,False,False,False,False,True
CCMSLIB00012718953,Subconfluentic acid,M-H,Negative,-1,471.202,472.21,531 Scan.mzXML,Didepside,O=C(OC1=CC(CCCCC)=C(C(O)=O)C(OC)=C1)C2=C(CC(CCC)=O)C=C(OC)C=C2O,O=C(OC1=CC(CCCCC)=C(C(O)=O)C(OC)=C1)C2=C(CC(CCC)=O)C=C(OC)C=C2O,C26H32O8,471.2019,M-H,5.5,HUMNATHSWIDFMN,O=C(Oc1ccccc1)c1ccccc1,HUMNATHSWIDFMN,O=C(Oc1ccccc1)c1ccccc1,C26H32O8,472.20971798399995,471.20244198399996,-0.0004419839999627584,0.00028201600002830673,C;H;O;,1.0,False,False,False,False,False,False,False,False,False,False,False,False,False,False,False,False,False,False,False,False,False,False,False,False,False,False,False,False,False,False,False,False,False,True,True,False,False,False,False,True,True,False,True
CCMSLIB00012718954,Subdidymic acid,M-H,Negative,-1,341.139,342.147,532 Scan.mzXML,Dibenzofuran,OC1=C(C(O)=O)C(CCC)=C(C2=C(CCC)C=C(OC)C=C2O3)C3=C1,OC1=C(C(O)=O)C(CCC)=C(C2=C(CCC)C=C(OC)C=C2O3)C3=C1,C20H22O5,341.1389,M-H,5.5,KAACJAMYBYVFGW,c1ccc2c(c1)oc1ccccc12,KAACJAMYBYVFGW,c1ccc2c(c1)oc1ccccc12,C20H22O5,342.146723804,341.139447804,-0.00044780399997534914,0.000276196000015716,C;H;O;,1.0,False,False,False,False,False,False,False,False,False,False,False,False,False,False,False,False,False,False,False,False,False,False,False,False,False,False,False,False,False,False,False,False,False,True,True,False,False,False,False,True,False,False,True
CCMSLIB00012718955,Subdivaricatic acid,M-H,Negative,-1,359.113,360.121,533 Scan.mzXML,Didepside,O=C(OC1=CC(CCC)=C(C(O)=O)C(O)=C1)C2=C(C)C=C(OC)C=C2O,O=C(OC1=CC(CCC)=C(C(O)=O)C(O)=C1)C2=C(C)C=C(OC)C=C2O,C19H20O7,359.1131,M-H,5.6,OIZOQTMCUWNJTD,O=C(Oc1ccccc1)c1ccccc1,OIZOQTMCUWNJTD,O=C(Oc1ccccc1)c1ccccc1,C19H20O7,360.12090298,359.11362698,-0.0006269799999927272,9.701999999833788e-05,C;H;O;,1.0,False,False,False,False,False,False,False,False,False,False,False,False,False,False,False,False,False,False,False,False,False,False,False,False,False,False,False,False,False,False,False,False,False,True,True,False,False,False,False,True,True,False,True
CCMSLIB00012718956,Sublobaric acid,M-H,Negative,-1,427.139,428.147,534 Scan.mzXML,Depsidone,CCCCCC1=C(C(=CC2=C1OC3=CC(=CC(=C3C(=O)O2)C(=O)CC)OC)O)C(=O)O,CCCCCC1=C(C(=CC2=C1OC3=CC(=CC(=C3C(=O)O2)C(=O)CC)OC)O)C(=O)O,C23H24O8,427.1393177,M-H,5.7,CJICVZBHNINYQF,O=C1Oc2ccccc2Oc2ccccc21,CJICVZBHNINYQF,O=C1Oc2ccccc2Oc2ccccc21,C23H24O8,428.14711772799984,427.13984172799985,-0.0008417279998411686,-0.00011772799985010352,C;H;O;,1.0,False,False,False,False,False,False,False,False,False,False,False,False,False,False,False,False,False,False,False,False,False,False,False,False,False,False,False,False,False,False,False,False,False,True,True,False,False,False,False,True,False,False,True
CCMSLIB00012718957,Submerochlorophaeic acid,M-H,Negative,-1,417.155,418.163,535 Scan.mzXML,Didepside,O=C(OC1=C(O)C=C(CCC)C(C(O)=O)=C1O)C2=C(CCC)C=C(OC)C=C2OC,O=C(OC1=C(O)C=C(CCC)C(C(O)=O)=C1O)C2=C(CCC)C=C(OC)C=C2OC,C22H26O8,417.155,M-H,5.3,FJXSGDWNOHLRRX,O=C(Oc1ccccc1)c1ccccc1,FJXSGDWNOHLRRX,O=C(Oc1ccccc1)c1ccccc1,C22H26O8,418.16276779199995,417.15549179199996,-0.0004917919999911646,0.0002322080000567439,C;H;O;,1.0,False,False,False,False,False,False,False,False,False,False,False,False,False,False,False,False,False,False,False,False,False,False,False,False,False,False,False,False,False,False,False,False,False,True,True,False,False,False,False,True,True,False,True
CCMSLIB00012718958,Subnorstictic acid,M-H,Negative,-1,357.025,358.033,536 Scan.mzXML,Depsidone,O=C1C2=C(C)C=C(O)C(C=O)=C2OC(C(C(O)OC3=O)=C3C(O)=C4)=C4O1,O=C1C2=C(C)C=C(O)C(C=O)=C2OC(C(C(O)OC3=O)=C3C(O)=C4)=C4O1,C17H10O9,357.0247,M-H,4.6,QBHHUOVBVXNIGF,O=C1Oc2ccc3c(c2Oc2ccccc21)COC3=O,QBHHUOVBVXNIGF,O=C1Oc2ccc3c(c2Oc2ccccc21)COC3=O,C17H10O9,358.03248189999994,357.02520589999995,-0.00020589999996900588,0.0005181000000789027,C;H;O;,1.0,False,False,False,False,False,False,False,False,False,False,False,False,False,False,False,False,False,False,False,False,False,False,False,False,False,False,False,False,False,False,False,False,False,True,True,False,False,False,False,False,False,False,True
CCMSLIB00012718959,Subnotatic acid,M-H,Negative,-1,329.066,330.074,537 Scan.mzXML,Depsidone,O=C1C2=C(C)C=C(OC)C=C2OC(C(C)=C(C(O)=O)C(O)=C3)=C3O1,O=C1C2=C(C)C=C(OC)C=C2OC(C(C)=C(C(O)=O)C(O)=C3)=C3O1,C17H14O7,329.0662,M-H,5.2,PMSOEIDIENNTHR,O=C1Oc2ccccc2Oc2ccccc21,PMSOEIDIENNTHR,O=C1Oc2ccccc2Oc2ccccc21,C17H14O7,330.073952788,329.066676788,-0.0006767880000211335,4.721200002677506e-05,C;H;O;,1.0,False,False,False,False,False,False,False,False,False,False,False,False,False,False,False,False,False,False,False,False,False,False,False,False,False,False,False,False,False,False,False,False,False,True,True,False,False,False,False,True,True,False,True
CCMSLIB00012718960,Subpaludosic acid,M-H,Negative,-1,403.139,404.147,538 Scan.mzXML,Didepside,O=C(OC1=C(O)C=C(CCC)C(C(O)=O)=C1O)C2=C(CCC)C=C(O)C=C2OC,O=C(OC1=C(O)C=C(CCC)C(C(O)=O)=C1O)C2=C(CCC)C=C(O)C=C2OC,C21H24O8,403.1393,M-H,4.9,QCYWFLSSYDZMGC,O=C(Oc1ccccc1)c1ccccc1,QCYWFLSSYDZMGC,O=C(Oc1ccccc1)c1ccccc1,C21H24O8,404.14711772799996,403.13984172799996,-0.0008417279999548555,-0.00011772799996379035,C;H;O;,1.0,False,False,False,False,False,False,False,False,False,False,False,False,False,False,False,False,False,False,False,False,False,False,False,False,False,False,False,False,False,False,False,False,False,True,True,False,False,False,False,True,False,False,True
CCMSLIB00012718961,Subpicrolichenic acid,M-H,Negative,-1,413.16,414.168,539 Scan.mzXML,Misc,OC1=C(C(O)=O)C(CCCCC)=C2C(OC(C23C(CCC)=CC(C=C3OC)=O)=O)=C1,OC1=C(C(O)=O)C(CCCCC)=C2C(OC(C23C(CCC)=CC(C=C3OC)=O)=O)=C1,C23H26O7,413.1601,M-H,5.4,YKIVLKOVDRIXKW,O=C1C=CC2(C=C1)C(=O)Oc1ccccc12,YKIVLKOVDRIXKW,O=C1C=CC2(C=C1)C(=O)Oc1ccccc12,C23H26O7,414.1678531719999,413.16057717199993,-0.0005771719999074776,0.00014682800008358754,C;H;O;,1.0,False,False,False,False,False,False,False,False,False,False,False,False,False,False,False,False,False,False,False,False,False,False,False,False,False,False,False,False,False,False,False,False,False,True,False,False,False,False,False,True,False,False,False
CCMSLIB00012718962,Subpsoromic acid,M-H,Negative,-1,343.045,344.053,540 Scan.mzXML,Depsidone,CC1=CC(=C(C2=C1C(=O)OC3=CC(=CC(=C3O2)C(=O)O)OC)C=O)O,CC1=CC(=C(C2=C1C(=O)OC3=CC(=CC(=C3O2)C(=O)O)OC)C=O)O,C17H12O8,343.0454173,M-H,5,SYHVWKKTKCTSSQ,O=C1Oc2ccccc2Oc2ccccc21,SYHVWKKTKCTSSQ,O=C1Oc2ccccc2Oc2ccccc21,C17H12O8,344.0532173439999,343.0459413439999,-0.0009413439998979811,-0.000217343999906916,C;H;O;,1.0,False,False,False,False,False,False,False,False,False,False,False,False,False,False,False,False,False,False,False,False,False,False,False,False,False,False,False,False,False,False,False,False,False,True,True,False,False,False,False,False,False,False,True
CCMSLIB00012718963,Subsekikaic acid,M-H,Negative,-1,389.124,390.132,541 Scan.mzXML,Didepside,O=C(OC1=C(OC)C=C(CCC)C(C(O)=O)=C1O)C2=C(C)C=C(OC)C=C2O,O=C(OC1=C(OC)C=C(CCC)C(C(O)=O)=C1O)C2=C(C)C=C(OC)C=C2O,C20H22O8,389.1237,M-H,5.6,DRVCSLADCFHGDC,O=C(Oc1ccccc1)c1ccccc1,DRVCSLADCFHGDC,O=C(Oc1ccccc1)c1ccccc1,C20H22O8,390.13146766399996,389.12419166399997,-0.00019166399994219319,0.0005323360000488719,C;H;O;,1.0,False,False,False,False,False,False,False,False,False,False,False,False,False,False,False,False,False,False,False,False,False,False,False,False,False,False,False,False,False,False,False,False,False,True,True,False,False,False,False,True,False,False,True
CCMSLIB00012718964,Subsphaeric acid,M-H,Negative,-1,387.144,388.152,542 Scan.mzXML,Didepside,OC1=CC(OC)=CC(C)=C1C(OC2=CC(O)=C(C(O)=O)C(CCCCC)=C2)=O,OC1=CC(OC)=CC(C)=C1C(OC2=CC(O)=C(C(O)=O)C(CCCCC)=C2)=O,C21H24O7,387.1444,M-H,6,RNPRBFCBYMVJFH,O=C(Oc1ccccc1)c1ccccc1,RNPRBFCBYMVJFH,O=C(Oc1ccccc1)c1ccccc1,C21H24O7,388.152203108,387.144927108,-0.0009271079999848553,-0.00020310799999379014,C;H;O;,1.0,False,False,False,False,False,False,False,False,False,False,False,False,False,False,False,False,False,False,False,False,False,False,False,False,False,False,False,False,False,False,False,False,False,True,True,False,False,False,False,True,False,False,True
CCMSLIB00012718965,Subvirensic acid,M+H,Positive,1,345.061,344.053,543 Scan.mzXML,Depsidone,CC1=CC(=C(C2=C1C(=O)OC3=C(O2)C(=C(C(=C3)O)C(=O)O)C)C=O)O,CC1=CC(=C(C2=C1C(=O)OC3=C(O2)C(=C(C(=C3)O)C(=O)O)C)C=O)O,C17H12O8,345.0610173,M+H,4.4,IWEKVPNPKFDCHP,O=C1Oc2ccccc2Oc2ccccc21,IWEKVPNPKFDCHP,O=C1Oc2ccccc2Oc2ccccc21,C17H12O8,344.0532173439999,345.0604933439999,0.0005066560000841491,-0.000217343999906916,C;H;O;,1.0,False,False,False,False,False,False,False,False,False,False,False,False,False,False,False,False,False,False,False,False,False,False,False,False,False,False,False,False,False,False,False,False,False,True,True,False,False,False,False,False,False,False,True
CCMSLIB00012718966,Succinprotocetraric acid,M-H,Negative,-1,473.072,474.08,544 Scan.mzXML,Depsidone,CC1=CC(=C(C2=C1C(=O)OC3=C(O2)C(=C(C(=C3COC(=O)CCC(=O)O)O)C(=O)O)C)C=O),CC1=CC(=C(C2=C1C(=O)OC3=C(O2)C(=C(C(=C3COC(=O)CCC(=O)O)O)C(=O)O)C)C=O),C22H18O12,473.072026,M-H,4.8,JEUJHLFNLSYTPG,O=C1Oc2ccccc2Oc2ccccc21,JEUJHLFNLSYTPG,O=C1Oc2ccccc2Oc2ccccc21,C22H18O11,458.0849113959998,457.07763539599983,15.994364604000168,15.99508860400016,C;H;O;,1.0,False,False,False,False,False,False,False,False,False,False,False,False,False,False,False,False,False,False,False,False,False,False,False,False,False,False,False,False,False,False,False,False,False,True,True,False,False,False,False,True,False,False,True
CCMSLIB00012718967,Superconfluentic acid,M-H,Negative,-1,555.296,556.304,546 Scan.mzXML,Didepside,OC1=C(C(CC(CCCCCCC)=O)=CC(OC)=C1)C(OC2=CC(CCCCCCC)=C(C(O)=O)C(OC)=C2)=O,OC1=C(C(CC(CCCCCCC)=O)=CC(OC)=C1)C(OC2=CC(CCCCCCC)=C(C(O)=O)C(OC)=C2)=O,C32H44O8,555.2958,M-H,6.5,ZKQNBEDWPKPOPM,O=C(Oc1ccccc1)c1ccccc1,ZKQNBEDWPKPOPM,O=C(Oc1ccccc1)c1ccccc1,C32H44O8,556.3036183679999,555.2963423679998,-0.00034236799979225907,0.0003816320000851192,C;H;O;,1.0,False,False,False,False,False,False,False,False,False,False,False,False,False,False,False,False,False,False,False,False,False,False,False,False,False,False,False,False,False,False,False,False,False,True,True,False,False,False,False,True,False,False,True
CCMSLIB00012718968,Superplanaic acid,M-H,Negative,-1,527.301,528.309,548 Scan.mzXML,Didepside,O=C(OC1=CC(OC)=C(C(O)=O)C(CCCCCCC)=C1)C2=C(CCCCCCC)C=C(OC)C=C2OC,O=C(OC1=CC(OC)=C(C(O)=O)C(CCCCCCC)=C1)C2=C(CCCCCCC)C=C(OC)C=C2OC,C31H44O7,527.3009,M-H,7.1,UCZZINGHCHPMGN,O=C(Oc1ccccc1)c1ccccc1,UCZZINGHCHPMGN,O=C(Oc1ccccc1)c1ccccc1,C31H44O7,528.308703748,527.3014277479999,-0.0004277479998791023,0.000296251999998276,C;H;O;,1.0,False,False,False,False,False,False,False,False,False,False,False,False,False,False,False,False,False,False,False,False,False,False,False,False,False,False,False,False,False,False,False,False,False,True,True,False,False,False,False,False,False,False,True
CCMSLIB00012718969,Teloschistin [Fallacinol],M+H,Positive,1,301.071,300.063,549 Scan.mzXML,Quinone,COC1=CC2=C(C(=C1)O)C(=O)C3=C(C2=O)C=C(C=C3O)CO,COC1=CC2=C(C(=C1)O)C(=O)C3=C(C2=O)C=C(C=C3O)CO,C16H12O6,301.0711881,M+H,5.1,WJXSYUJKJSOJOG,O=C1c2ccccc2C(=O)c2ccccc21,WJXSYUJKJSOJOG,O=C1c2ccccc2C(=O)c2ccccc21,C16H12O6,300.06338810399996,301.07066410399995,0.00033589600008099296,-0.0003881039999669156,C;H;O;,1.0,False,True,True,True,True,False,False,False,False,False,False,False,True,True,False,False,False,False,False,False,False,False,False,False,False,False,False,False,False,False,False,False,False,True,True,True,False,False,True,True,True,True,True
CCMSLIB00012718970,Teloschistin acetate,M-H,Negative,-1,341.066,342.074,550 Scan.mzXML,Quinone,OC(C=C(C=C1C(C2=CC(OC)=CC(O)=C32)=O)COC(C)=O)=C1C3=O,OC(C=C(C=C1C(C2=CC(OC)=CC(O)=C32)=O)COC(C)=O)=C1C3=O,C18H14O7,341.0662,M-H,5.6,OSJXDCLZHHMLNT,O=C1c2ccccc2C(=O)c2ccccc21,OSJXDCLZHHMLNT,O=C1c2ccccc2C(=O)c2ccccc21,C18H14O7,342.073952788,341.066676788,-0.0006767880000211335,4.721200002677506e-05,C;H;O;,1.0,False,False,False,False,False,False,False,False,False,False,False,False,False,False,False,False,False,False,False,False,False,False,False,False,False,False,False,False,False,False,False,False,False,True,True,True,False,False,False,True,False,False,True
CCMSLIB00012718971,Thamnolic acid,M-H,Negative,-1,419.061,420.069,552 Scan.mzXML,Didepside,CC1=CC(=C(C(=C1C(=O)OC2=C(C(=C(C(=C2C)C(=O)O)O)C=O)O)O)C(=O)O)OC,CC1=CC(=C(C(=C1C(=O)OC2=C(C(=C(C(=C2C)C(=O)O)O)C=O)O)O)C(=O)O)OC,C19H16O11,419.0614613,M-H,5,RNCJCRJLNVRWJX,O=C(Oc1ccccc1)c1ccccc1,RNCJCRJLNVRWJX,O=C(Oc1ccccc1)c1ccccc1,C19H16O11,420.0692613319998,419.06198533199984,-0.0009853319998569532,-0.00026133199980904465,C;H;O;,1.0,False,False,False,False,False,False,False,False,False,False,False,False,False,False,False,False,False,False,False,False,False,False,False,False,False,False,False,False,False,False,False,False,False,True,True,False,False,False,False,False,False,False,True
CCMSLIB00012718972,Thelophoric acid,M-H,Negative,-1,351.014,352.022,553 Scan.mzXML,Quinone,OC(C=C12)=C(C=C1OC3=C2C(C(OC4=C5C=C(O)C(O)=C4)=C5C3=O)=O)O,OC(C=C12)=C(C=C1OC3=C2C(C(OC4=C5C=C(O)C(O)=C4)=C5C3=O)=O)O,C18H8O8,351.0141,M-H,4.4,PDICCECAPKBDBB,O=C1c2oc3ccccc3c2C(=O)c2oc3ccccc3c21,PDICCECAPKBDBB,O=C1c2oc3ccccc3c2C(=O)c2oc3ccccc3c21,C18H8O8,352.0219172159999,351.0146412159999,-0.0006412159999058531,8.278400008521203e-05,C;H;O;,1.0,False,True,True,False,False,False,True,False,False,False,False,False,False,False,False,False,False,False,False,False,False,False,False,False,False,False,False,False,False,False,False,False,False,True,False,False,False,False,True,True,True,True,False
CCMSLIB00012718973,Thiomelin,M-H,Negative,-1,338.983,339.991,554 Scan.mzXML,Xanthone,CC1=CC(=C2C(=C1OC)OC3=C(C=C(C(=C3C2=O)O)Cl)Cl)O,CC1=CC(=C2C(=C1OC)OC3=C(C=C(C(=C3C2=O)O)Cl)Cl)O,C15H10Cl2O5,338.9827288,M-H,6.3,FCFXMZVGVGXWPY,O=c1c2ccccc2oc2ccccc12,FCFXMZVGVGXWPY,O=c1c2ccccc2oc2ccccc12,C15H10Cl2O5,339.99052878,338.98325278,-0.000252779999982522,0.00047122000000854314,C;Cl;H;O;,1.0,False,False,False,False,False,False,False,False,False,False,False,False,False,False,False,False,False,False,False,False,False,False,False,False,False,False,False,False,False,False,False,False,False,True,True,True,False,False,False,False,False,False,True
CCMSLIB00012718974,"""Thiophanic acid or 2,4,5,7-Tetrachloronorlichexanthone""",M-H,Negative,-1,392.889,393.897,555 Scan.mzXML,Xanthone,CC1=C2C(OC3=C(Cl)C(O)=C(Cl)C(O)=C3C2=O)=C(Cl)C(O)=C1Cl,CC1=C2C(OC3=C(Cl)C(O)=C(Cl)C(O)=C3C2=O)=C(Cl)C(O)=C1Cl,C14H6Cl4O5,392.8891,M-H,5.6,MYBIAUJNAXMGTF,O=c1c2ccccc2oc2ccccc12,MYBIAUJNAXMGTF,O=c1c2ccccc2oc2ccccc12,C14H6Cl4O5,393.896934012,392.889658012,-0.0006580119999739509,6.598800001711425e-05,C;Cl;H;O;,1.0,False,True,True,False,True,False,False,False,False,False,False,False,False,False,False,False,False,False,False,False,False,False,False,False,False,False,False,False,False,False,False,False,False,True,True,True,False,False,True,True,True,True,True
CCMSLIB00012718975,Thiophaninic acid,M-H,Negative,-1,338.983,339.991,556 Scan.mzXML,Xanthone,CC1=C2C(OC3=C(Cl)C(O)=C(Cl)C(O)=C3C2=O)=CC(OC)=C1,CC1=C2C(OC3=C(Cl)C(O)=C(Cl)C(O)=C3C2=O)=CC(OC)=C1,C15H10Cl2O5,338.9827,M-H,5.8,PCGGYLLGIFFWCT,O=c1c2ccccc2oc2ccccc12,PCGGYLLGIFFWCT,O=c1c2ccccc2oc2ccccc12,C15H10Cl2O5,339.99052878,338.98325278,-0.000252779999982522,0.00047122000000854314,C;Cl;H;O;,1.0,False,False,False,False,False,False,False,False,False,False,False,False,False,False,False,False,False,False,False,False,False,False,False,False,False,False,False,False,False,False,False,False,False,True,True,True,False,False,False,False,False,False,True
CCMSLIB00012718976,Thuringione,M-H,Negative,-1,372.944,373.952,557 Scan.mzXML,Xanthone,CC1=CC(=C(C2=C1C(=O)C3=C(C(=C(C(=C3O2)Cl)OC)Cl)O)Cl)O,CC1=CC(=C(C2=C1C(=O)C3=C(C(=C(C(=C3O2)Cl)OC)Cl)O)Cl)O,C15H9Cl3O5,372.943756,M-H,5.9,SWYXXNJANIXCRQ,O=c1c2ccccc2oc2ccccc12,SWYXXNJANIXCRQ,O=c1c2ccccc2oc2ccccc12,C15H9Cl3O5,373.951556428,372.944280428,-0.000280427999996391,0.0004435719999946741,C;Cl;H;O;,1.0,False,False,False,False,False,False,False,False,False,False,False,False,False,False,False,False,False,False,False,False,False,False,False,False,False,False,False,False,False,False,False,False,False,True,True,True,False,False,False,False,False,False,True
CCMSLIB00012718977,"""2,4,5-Trichlorolichexanthone""",M-H,Negative,-1,386.959,387.967,558 Scan.mzXML,Xanthone,CC1=C2C(OC3=C(Cl)C(OC)=C(Cl)C(O)=C3C2=O)=C(Cl)C(OC)=C1,CC1=C2C(OC3=C(Cl)C(OC)=C(Cl)C(O)=C3C2=O)=C(Cl)C(OC)=C1,C16H11Cl3O5,386.9594,M-H,6.6,IKROECYDDLFKEA,O=c1c2ccccc2oc2ccccc12,IKROECYDDLFKEA,O=c1c2ccccc2oc2ccccc12,C16H11Cl3O5,387.96720649199995,386.95993049199996,-0.0009304919999522099,-0.00020649199996114476,C;Cl;H;O;,1.0,False,False,False,False,False,False,False,False,False,False,False,False,False,False,False,False,False,False,False,False,False,False,False,False,False,False,False,False,False,False,False,False,False,True,True,True,False,False,False,True,False,False,True
CCMSLIB00012718978,"""2,5,7-Trichloro-3-O-methylnorlichexanthone or Capistratone""",M-H,Negative,-1,372.944,373.952,559 Scan.mzXML,Xanthone,COC(C=C1OC2=C(C(O)=C(Cl)C(C)=C32)Cl)=C(C(O)=C1C3=O)Cl,COC(C=C1OC2=C(C(O)=C(Cl)C(C)=C32)Cl)=C(C(O)=C1C3=O)Cl,C15H9Cl3O5,372.9438,M-H,5.9,XDPKSPWTOCTICP,O=c1c2ccccc2oc2ccccc12,XDPKSPWTOCTICP,O=c1c2ccccc2oc2ccccc12,C15H9Cl3O5,373.95155642799995,372.94428042799996,-0.0002804279999395476,0.00044357200005151753,C;Cl;H;O;,1.0,False,False,False,False,False,False,False,False,False,False,False,False,False,False,False,False,False,False,False,False,False,False,False,False,False,False,False,False,False,False,False,False,False,True,True,True,False,False,False,False,False,False,True
CCMSLIB00012718979,"""2,5,7-Trichloro-6-O-methylnorlichexanthone""",M-H,Negative,-1,372.944,373.952,560 Scan.mzXML,Xanthone,ClC(C(OC)=C(Cl)C(C)=C12)=C2OC(C(C1=O)=C3O)=CC(O)=C3Cl,ClC(C(OC)=C(Cl)C(C)=C12)=C2OC(C(C1=O)=C3O)=CC(O)=C3Cl,C15H9Cl3O5,372.9438,M-H,6.1,GXUGKOXPWLYCBS,O=c1c2ccccc2oc2ccccc12,GXUGKOXPWLYCBS,O=c1c2ccccc2oc2ccccc12,C15H9Cl3O5,373.95155642799995,372.94428042799996,-0.0002804279999395476,0.00044357200005151753,C;Cl;H;O;,1.0,False,False,False,False,False,False,False,False,False,False,False,False,False,False,False,False,False,False,False,False,False,False,False,False,False,False,False,False,False,False,False,False,False,True,True,True,False,False,False,False,False,False,True
CCMSLIB00012718980,"""2,4,7-Trichloronorlichexanthone""",M-H,Negative,-1,358.928,359.936,561 Scan.mzXML,Xanthone,OC(C(Cl)=C1OC2=CC(O)=C(Cl)C(C)=C32)=C(C(O)=C1C3=O)Cl,OC(C(Cl)=C1OC2=CC(O)=C(Cl)C(C)=C32)=C(C(O)=C1C3=O)Cl,C14H7Cl3O5,358.9281,M-H,5.5,GRNSTMJGXYTCDS,O=c1c2ccccc2oc2ccccc12,GRNSTMJGXYTCDS,O=c1c2ccccc2oc2ccccc12,C14H7Cl3O5,359.93590636399995,358.92863036399996,-0.0006303639999600819,9.363600003098327e-05,C;Cl;H;O;,1.0,False,False,False,False,False,False,False,False,False,False,False,False,False,False,False,False,False,False,False,False,False,False,False,False,False,False,False,False,False,False,False,False,False,True,True,True,False,False,False,False,False,False,True
CCMSLIB00012718981,"""2,4,5-Tri-O-methylhiascic acid""",M-H,Negative,-1,525.14,526.148,562 Scan.mzXML,Tridepside,CC1=C(OC)C(OC)=CC(OC)=C1C(OC2=CC(O)=C(C(OC3=CC(O)=C(C(O)=O)C(C)=C3)=O)C(C)=C2)=O,CC1=C(OC)C(OC)=CC(OC)=C1C(OC2=CC(O)=C(C(OC3=CC(O)=C(C(O)=O)C(C)=C3)=O)C(C)=C2)=O,C27H26O11,525.1397,M-H,5.6,IXIBXLAOWWBSTB,O=C(Oc1ccc(C(=O)Oc2ccccc2)cc1)c1ccccc1,IXIBXLAOWWBSTB,O=C(Oc1ccc(C(=O)Oc2ccccc2)cc1)c1ccccc1,C27H26O11,526.1475116519999,525.1402356519999,-0.00023565199990116525,0.0004883480000898999,C;H;O;,1.0,False,False,False,False,False,False,False,False,False,False,False,False,False,False,False,False,False,False,False,False,False,False,False,False,False,False,False,False,False,False,False,False,False,True,False,False,True,False,False,True,False,False,True
CCMSLIB00012718982,Umbilicaric acid,M-H,Negative,-1,481.113,482.121,563 Scan.mzXML,Tridepside,CC1=CC(=CC(=C1C(=O)OC2=CC(=C(C(=C2)C)C(=O)OC3=CC(=C(C(=C3)C)C(=O)O)O)O)OC)O,CC1=CC(=CC(=C1C(=O)OC2=CC(=C(C(=C2)C)C(=O)OC3=CC(=C(C(=C3)C)C(=O)O)O)O)OC)O,C25H22O10,481.1134969,M-H,5.2,RLRCNRNYRSKNOO,O=C(Oc1ccc(C(=O)Oc2ccccc2)cc1)c1ccccc1,RLRCNRNYRSKNOO,O=C(Oc1ccc(C(=O)Oc2ccccc2)cc1)c1ccccc1,C25H22O10,482.12129690399985,481.11402090399986,-0.0010209039998585467,-0.0002969039998674816,C;H;O;,1.0,False,False,False,False,False,False,False,False,False,False,False,False,False,False,False,False,False,False,False,False,False,False,False,False,False,False,False,False,False,False,False,False,False,True,False,False,True,False,False,True,True,False,True
CCMSLIB00012718983,Ursolic acid,M-H,Negative,-1,455.353,456.36,564 Scan.mzXML,Terpene,C[C@@H]1CC[C@@]2(CC[C@@]3(C(=CC[C@H]4[C@]3(CC[C@@H]5[C@@]4(CC[C@@H](C5(C)C)O)C)C)[C@@H]2[C@H]1C)C)C(=O)O,C[C@@H]1CC[C@@]2(CC[C@@]3(C(=CC[C@H]4[C@]3(CC[C@@H]5[C@@]4(CC[C@@H](C5(C)C)O)C)C)[C@@H]2[C@H]1C)C)C(=O)O,C30H48O3,455.3525454,M-H,7.2,WCGUUGGRBIKTOS,C1=C2C3CCCCC3CCC2C2CCC3CCCCC3C2C1,WCGUUGGRBIKTOS,C1=C2C3CCCCC3CCC2C2CCC3CCCCC3C2C1,C30H48O3,456.3603453959999,455.3530693959999,-6.93959999011895e-05,-0.0003453959998864775,C;H;O;,1.0,False,True,True,True,True,False,False,True,True,True,False,False,True,True,False,False,False,False,False,False,False,False,False,False,False,False,False,False,False,False,False,False,False,True,True,False,False,False,True,True,True,True,True
CCMSLIB00012718984,Usnic acid,M-H,Negative,-1,343.082,344.09,565 Scan.mzXML,Dibenzofuran,CC1=C(C(=C2C(=C1O)C3(C(=CC(=O)C(C3=O)C(=O)C)O2)C)C(=O)C)O,CC1=C(C(=C2C(=C1O)C3(C(=CC(=O)C(C3=O)C(=O)C)O2)C)C(=O)C)O,C18H16O7,343.0818029,M-H,6.1,CUCUKLJLRRAKFN,O=C1C=C2Oc3ccccc3C2C(=O)C1,CUCUKLJLRRAKFN,O=C1C=C2Oc3ccccc3C2C(=O)C1,C18H16O7,344.0896028519999,343.08232685199994,-0.0003268519999437558,0.0003971480000473093,C;H;O;,1.0,False,True,True,False,False,True,False,False,False,False,False,False,True,False,False,False,False,False,False,False,False,False,False,False,False,False,False,False,False,False,False,False,False,True,False,False,False,False,True,True,True,True,False
CCMSLIB00012718985,Variolaric acid,M-H,Negative,-1,313.035,314.043,566 Scan.mzXML,Depsidone,CC1=CC(=CC2=C1C(=O)OC3=C(O2)C(=C4C(=C3)COC4=O)O)O,CC1=CC(=CC2=C1C(=O)OC3=C(O2)C(=C4C(=C3)COC4=O)O)O,C16H10O7,313.0348527,M-H,4.5,LPUOVEFMUOQBFV,O=C1OCc2cc3c(cc21)Oc1ccccc1C(=O)O3,LPUOVEFMUOQBFV,O=C1OCc2cc3c(cc21)Oc1ccccc1C(=O)O3,C16H10O7,314.04265265999993,313.03537665999994,-0.0003766599999153186,0.0003473400000757465,C;H;O;,1.0,False,True,True,False,True,False,False,False,False,False,False,False,False,False,False,False,False,False,False,False,False,False,False,False,False,False,False,False,False,False,False,False,False,True,False,False,False,False,True,True,True,True,False
CCMSLIB00012718986,Verrucigeric acid,M-H,Negative,-1,429.082,430.09,567 Scan.mzXML,Depsidone,CC1=CC(=C2COC(OC3C4=C(C(=C(C5=C4OC2=C1C(=O)O5)C)O)C(=O)O3)(C)O)OC,CC1=CC(=C2COC(OC3C4=C(C(=C(C5=C4OC2=C1C(=O)O5)C)O)C(=O)O3)(C)O)OC,C21H18O10,429.0821968,M-H,5,PYXLIRYVDGURGG,O=C1Oc2ccc3c4c2Oc2c(cccc21)COCOC4OC3=O,PYXLIRYVDGURGG,O=C1Oc2ccc3c4c2Oc2c(cccc21)COCOC4OC3=O,C21H18O10,430.08999677599985,429.08272077599986,-0.0007207759998664187,3.224000124646409e-06,C;H;O;,1.0,False,False,False,False,False,False,False,False,False,False,False,False,False,False,False,False,False,False,False,False,False,False,False,False,False,False,False,False,False,False,False,False,False,False,False,False,False,False,False,True,False,False,False
CCMSLIB00012718987,Vicanicin,M-H,Negative,-1,381.03,382.038,568 Scan.mzXML,Depsidone,CC1=C2C(=C(C(=C1Cl)O)C)OC3=C(C(=C(C(=C3OC2=O)C)OC)Cl)C,CC1=C2C(=C(C(=C1Cl)O)C)OC3=C(C(=C(C(=C3OC2=O)C)OC)Cl)C,C18H16Cl2O5,381.029679,M-H,6.1,DJIUVCGPONSSSV,O=C1Oc2ccccc2Oc2ccccc21,DJIUVCGPONSSSV,O=C1Oc2ccccc2Oc2ccccc21,C18H16Cl2O5,382.037478972,381.030202972,-0.00020297200001095916,0.0005210280000369494,C;Cl;H;O;,1.0,False,False,False,False,False,False,False,False,False,False,False,False,False,False,False,False,False,False,False,False,False,False,False,False,False,False,False,False,False,False,False,False,False,True,True,False,False,False,False,False,False,False,True
CCMSLIB00012718988,Vioxanthin,M-H,Negative,-1,545.145,546.153,569 Scan.mzXML,Naphthopyrone,C[C@@H]1CC2=C(C(=C3C(=C2)C=C(C(=C3O)C4=C(C5=C(C6=C(C[C@H](OC6=O)C)C=C5C=C4OC)O)O)OC)O)C(=O)O1,C[C@@H]1CC2=C(C(=C3C(=C2)C=C(C(=C3O)C4=C(C5=C(C6=C(C[C@H](OC6=O)C)C=C5C=C4OC)O)O)OC)O)C(=O)O1,C30H26O10,545.144797,M-H,5.7,CJKYODJTBJDEJI,O=C1OCCc2cc3ccc(-c4ccc5cc6c(cc5c4)C(=O)OCC6)cc3cc21,CJKYODJTBJDEJI,O=C1OCCc2cc3ccc(-c4ccc5cc6c(cc5c4)C(=O)OCC6)cc3cc21,C30H26O10,546.1525970319999,545.1453210319999,-0.00032103199987432163,0.0004029680001167435,C;H;O;,1.0,False,False,False,False,False,False,False,False,False,False,False,False,False,False,False,False,False,False,False,False,False,False,False,False,False,False,False,False,False,False,False,False,False,False,False,False,False,False,False,True,False,False,False
CCMSLIB00012718989,Virensic acid,M-H,Negative,-1,357.061,358.069,570 Scan.mzXML,Depsidone,CC1=CC(=C(C2=C1C(=O)OC3=C(O2)C(=C(C(=C3C)O)C(=O)O)C)C=O)O,CC1=CC(=C(C2=C1C(=O)OC3=C(O2)C(=C(C(=C3C)O)C(=O)O)C)C=O)O,C18H14O8,357.0610674,M-H,5.4,FOKAHYDSEWGOHN,O=C1Oc2ccccc2Oc2ccccc21,FOKAHYDSEWGOHN,O=C1Oc2ccccc2Oc2ccccc21,C18H14O8,358.0688674079999,357.0615914079999,-0.0005914079999342903,0.00013259200011361827,C;H;O;,1.0,False,True,True,False,True,False,False,False,False,False,False,False,False,False,False,False,False,False,False,False,False,False,False,False,False,False,False,False,False,False,False,False,False,True,True,False,False,False,True,True,True,True,True
CCMSLIB00012718990,Vulpinic acid,M-H,Negative,-1,321.076,322.084,571 Scan.mzXML,Pulvinic Acid Derivatives,COC(=O)/C(=C/1\C(=C(C(=O)O1)C2=CC=CC=C2)O)/C3=CC=CC=C3,COC(=O)/C(=C/1\C(=C(C(=O)O1)C2=CC=CC=C2)O)/C3=CC=CC=C3,C19H14O5,321.0763235,M-H,5.7,OMZRMXULWNMRAE,O=C1OC(=Cc2ccccc2)C=C1c1ccccc1,OMZRMXULWNMRAE,O=C1OC(=Cc2ccccc2)C=C1c1ccccc1,C19H14O5,322.08412354800004,321.07684754800005,-0.0008475480000242896,-0.00012354800003322453,C;H;O;,1.0,False,True,True,False,True,False,False,False,False,False,False,False,True,False,False,False,False,False,False,False,False,False,False,False,False,False,False,False,False,False,False,False,False,True,False,False,False,False,True,True,True,True,False
CCMSLIB00012718991,5-O-Acetyl-4-O-methylhiascic acid,M-H,Negative,-1,539.119,540.127,573 Scan.mzXML,Tridepside,CC1=C(C(OC)=CC(O)=C1C(OC2=CC(O)=C(C(C)=C2)C(OC3=CC(O)=C(C(C)=C3)C(O)=O)=O)=O)OC(C)=O,CC1=C(C(OC)=CC(O)=C1C(OC2=CC(O)=C(C(C)=C2)C(OC3=CC(O)=C(C(C)=C3)C(O)=O)=O)=O)OC(C)=O,C27H24O12,539.119,M-H,5.5,DBUVVDGHGIMIPA,O=C(Oc1ccc(C(=O)Oc2ccccc2)cc1)c1ccccc1,DBUVVDGHGIMIPA,O=C(Oc1ccc(C(=O)Oc2ccccc2)cc1)c1ccccc1,C27H24O12,540.1267762079998,539.1195002079997,-0.0005002079997211695,0.00022379200015620881,C;H;O;,1.0,False,False,False,False,False,False,False,False,False,False,False,False,False,False,False,False,False,False,False,False,False,False,False,False,False,False,False,False,False,False,False,False,False,True,False,False,True,False,False,False,False,False,True
CCMSLIB00012718992,7-Chloro-1-O-methylemodin,M-H,Negative,-1,317.022,318.03,574 Scan.mzXML,Quinone,CC1=CC2=C(C(=C1)OC)C(=O)C3=C(C(=C(C=C3C2=O)O)Cl)O,CC1=CC2=C(C(=C1)OC)C(=O)C3=C(C(=C(C=C3C2=O)O)Cl)O,C16H11ClO5,317.0217011,M-H,5.1,CLRXTBMRGOWHGZ,O=C1c2ccccc2C(=O)c2ccccc21,CLRXTBMRGOWHGZ,O=C1c2ccccc2C(=O)c2ccccc21,C16H11ClO5,318.029501132,317.022225132,-0.00022513200002549638,0.0004988679999655687,C;Cl;H;O;,1.0,False,False,False,False,False,False,False,False,False,False,False,False,False,False,False,False,False,False,False,False,False,False,False,False,False,False,False,False,False,False,False,False,False,True,True,True,False,False,False,False,False,False,True
CCMSLIB00012718993,"""3,5-Dichloro-2?-O-methylnorstenosporic acid""",M-H,Negative,-1,483.098,484.106,576 Scan.mzXML,Didepside,CCCCCC1=C(C(=CC(=C1)OC(=O)C2=C(C(=C(C(=C2O)Cl)O)Cl)CCC)OC)C(=O)O,CCCCCC1=C(C(=CC(=C1)OC(=O)C2=C(C(=C(C(=C2O)Cl)O)Cl)CCC)OC)C(=O)O,C23H26Cl2O7,483.0977586,M-H,5.6,OOUWKIKXHBTLMQ,O=C(Oc1ccccc1)c1ccccc1,OOUWKIKXHBTLMQ,O=C(Oc1ccccc1)c1ccccc1,C23H26Cl2O7,484.10555853199986,483.09828253199987,-0.00028253199985783795,0.0004414680001332272,C;Cl;H;O;,1.0,False,False,False,False,False,False,False,False,False,False,False,False,False,False,False,False,False,False,False,False,False,False,False,False,False,False,False,False,False,False,False,False,False,True,True,False,False,False,False,False,False,False,True
CCMSLIB00012718994,Methyl evernate,M+H,Positive,1,347.113,346.105,577 Scan.mzXML,Didepside,CC1=CC(=CC(=C1C(=O)OC2=CC(=C(C(=C2)C)C(=O)OC)O)O)OC,CC1=CC(=CC(=C1C(=O)OC2=CC(=C(C(=C2)C)C(=O)OC)O)O)OC,C18H18O7,347.1130529,M+H,5.8,IUAPPXZOQIJVBW,O=C(Oc1ccccc1)c1ccccc1,IUAPPXZOQIJVBW,O=C(Oc1ccccc1)c1ccccc1,C18H18O7,346.1052529159999,347.1125289159999,0.0004710840000825556,-0.00025291599990850955,C;H;O;,1.0,False,False,False,False,False,False,False,False,False,False,False,False,False,False,False,False,False,False,False,False,False,False,False,False,False,False,False,False,False,False,False,False,False,True,True,False,False,False,False,True,True,False,True
CCMSLIB00012718995,4-O-Methylisocryptochlorophaeic acid,M-H,Negative,-1,473.218,474.225,578 Scan.mzXML,Didepside,O=C(C1=C(OC)C=C(C=C1CCCCC)OC)OC2=C(O)C=C(O)C(C(O)=O)=C2CCCCC,O=C(C1=C(OC)C=C(C=C1CCCCC)OC)OC2=C(O)C=C(O)C(C(O)=O)=C2CCCCC,C26H34O8,473.2176,M-H,5.9,MROFWNYZINEHSQ,O=C(Oc1ccccc1)c1ccccc1,MROFWNYZINEHSQ,O=C(Oc1ccccc1)c1ccccc1,C26H34O8,474.2253680479999,473.2180920479999,-9.20479998853807e-05,-0.0003680479998706687,C;H;O;,1.0,False,False,False,False,False,False,False,False,False,False,False,False,False,False,False,False,False,False,False,False,False,False,False,False,False,False,False,False,False,False,False,False,False,True,True,False,False,False,False,True,False,False,True
