instrument_type,collision_energy,ce_repr,ce_decimals,n_rows,n_simulation_challenge,n_unique_inchikey,n_adduct_MH,precursor_mz_min,precursor_mz_median,precursor_mz_max,frac_of_instrument_nonmissing
<NA>,15.0,15,0,11,0,11,11,154.0978,190.1079,330.1358,0.28205128205128205
<NA>,25.0,25,0,6,0,5,6,104.0709,334.6896,370.1653,0.15384615384615385
<NA>,28.0,28,0,6,0,6,6,220.0974,287.15215,355.1545,0.15384615384615385
<NA>,6.0,6,0,3,0,3,3,164.1081,180.1034,224.1286,0.07692307692307693
<NA>,35.0,35,0,2,0,2,2,175.1065,176.5706,178.0347,0.05128205128205128
<NA>,8.755370000000001,8.755370000000001,15,1,0,1,1,175.1074,175.1074,175.1074,0.02564102564102564
<NA>,8.7554,8.7554,4,1,0,1,1,175.108,175.108,175.108,0.02564102564102564
<NA>,10.0,10,0,1,0,1,1,189.1352,189.1352,189.1352,0.02564102564102564
<NA>,14.956405,14.956405,6,1,0,1,1,299.1281,299.1281,299.1281,0.02564102564102564
<NA>,15.157965,15.157965,6,1,0,1,1,303.1593,303.1593,303.1593,0.02564102564102564
<NA>,17.806420000000003,17.806420000000003,15,1,0,1,1,445.1605,445.1605,445.1605,0.02564102564102564
<NA>,19.56468,19.56468,5,1,0,1,1,163.039,163.039,163.039,0.02564102564102564
<NA>,29.37874,29.37874,5,1,0,1,1,734.4685,734.4685,734.4685,0.02564102564102564
<NA>,30.0,30,0,1,0,1,1,238.0377,238.0377,238.0377,0.02564102564102564
<NA>,34.4466,34.4466,4,1,0,1,1,287.055,287.055,287.055,0.02564102564102564
<NA>,53.41926,53.41926,5,1,0,1,1,445.1605,445.1605,445.1605,0.02564102564102564
Orbitrap,60.0,60,0,15272,15132,12682,15132,75.0553,373.12818,994.44849,0.1840044338417793
Orbitrap,20.0,20,0,12571,12332,11238,12332,106.04987,384.15877,991.59886,0.15146148099954215
Orbitrap,30.0,30,0,8572,8414,6691,8414,75.0553,363.132925,994.44849,0.10327959709872526
Orbitrap,45.0,45,0,6513,6154,4753,6154,75.0553,350.1863,985.4978637695312,0.07847177040410612
Orbitrap,15.0,15,0,5638,5633,4059,5633,75.0553,347.107265,991.59886,0.06792934769512518
Orbitrap,75.0,75,0,2226,2226,1131,2226,75.0553,284.0538,926.5108,0.02681992337164751
Orbitrap,35.0,35,0,2167,1919,1112,1919,74.0964,288.1805419921875,985.4978637695312,0.026109062868984796
Orbitrap,90.0,90,0,2106,2106,1045,2106,75.0553,281.14665,926.5108,0.025374105400130124
Orbitrap,55.0,55,0,755,735,238,735,116.07061,269.1648,931.5973,0.009096604737463553
Orbitrap,65.0,65,0,619,415,524,415,104.0706024169922,367.1152038574219,976.5239868164062,0.007458011036410516
Orbitrap,120.0,120,0,403,403,205,403,103.0324,284.0716,804.4893,0.004855538687679221
Orbitrap,150.0,150,0,403,403,203,403,103.0324,284.1194,804.4893,0.004855538687679221
Orbitrap,180.0,180,0,399,399,200,399,103.0324,287.131,804.4893,0.004807344755295308
Orbitrap,80.0,80,0,310,308,150,308,86.0344,245.6261,837.5318,0.0037350297597532472
Orbitrap,10.0,10,0,249,235,118,235,106.04987,377.0861,784.4162,0.003000072290898576
Orbitrap,40.0,40,0,227,213,104,213,106.04987,359.1497,931.5973,0.0027350056627870553
Orbitrap,50.0,50,0,223,175,90,175,106.04987,388.1187,921.4866,0.0026868117304031424
Orbitrap,70.0,70,0,105,105,58,105,106.04987,282.0214,734.46852,0.0012650907250777127
Orbitrap,25.0,25,0,55,43,37,43,102.09133911132812,290.1750793457031,787.4238891601562,0.000662666570278802
Orbitrap,10.687424,10.687424,6,20,20,2,20,267.1856,267.1856,267.1856,0.00024096966191956433
Orbitrap,18.702992,18.702992,6,20,20,2,20,267.1856,267.1856,267.1856,0.00024096966191956433
Orbitrap,21.374848,21.374848,6,20,20,2,20,267.1856,267.1856,267.1856,0.00024096966191956433
Orbitrap,28.17404,28.17404,5,20,20,4,20,352.1755,352.1755,352.1755,0.00024096966191956433
Orbitrap,31.695795,31.695795,6,20,20,4,20,352.1755,352.1755,352.1755,0.00024096966191956433
Orbitrap,35.21755,35.21755,5,20,20,4,20,352.1755,352.1755,352.1755,0.00024096966191956433
Orbitrap,38.739305,38.739305,6,20,20,4,20,352.1755,352.1755,352.1755,0.00024096966191956433
Orbitrap,42.26106,42.26106,5,20,20,4,20,352.1755,352.1755,352.1755,0.00024096966191956433
Orbitrap,42.749696,42.749696,6,20,20,2,20,267.1856,267.1856,267.1856,0.00024096966191956433
Orbitrap,45.782815,45.782815,6,20,20,4,20,352.1755,352.1755,352.1755,0.00024096966191956433
Orbitrap,49.30457,49.30457,5,20,20,4,20,352.1755,352.1755,352.1755,0.00024096966191956433
Orbitrap,52.826325,52.826325,6,20,20,4,20,352.1755,352.1755,352.1755,0.00024096966191956433
Orbitrap,56.34808,56.34808,5,20,20,4,20,352.1755,352.1755,352.1755,0.00024096966191956433
Orbitrap,59.869835,59.869835,6,19,19,4,19,352.1755,352.1755,352.1755,0.0002289211788235861
Orbitrap,24.652285,24.652285,6,18,18,4,18,352.1755,352.1755,352.1755,0.00021687269572760788
Orbitrap,63.39159,63.39159,5,18,18,4,18,352.1755,352.1755,352.1755,0.00021687269572760788
Orbitrap,6.902747725,6.902747725,9,17,17,4,17,138.0549545,138.0549545,138.0549545,0.00020482421263162969
Orbitrap,5.0,5,0,16,16,8,16,106.04987,132.10191,241.03113,0.00019277572953565146
Orbitrap,5.343712,5.343712,6,16,16,2,16,267.1856,267.1856,267.1856,0.00019277572953565146
Orbitrap,24.046704,24.046704,6,16,16,2,16,267.1856,267.1856,267.1856,0.00019277572953565146
Orbitrap,26.71856,26.71856,5,16,16,2,16,267.1856,267.1856,267.1856,0.00019277572953565146
Orbitrap,29.36214,29.36214,5,16,16,3,16,163.123,163.123,163.123,0.00019277572953565146
Orbitrap,29.390416,29.390416,6,16,16,2,16,267.1856,267.1856,267.1856,0.00019277572953565146
Orbitrap,34.734128000000005,34.734128000000005,15,16,16,2,16,267.1856,267.1856,267.1856,0.00019277572953565146
Orbitrap,40.07784,40.07784,5,16,16,2,16,267.1856,267.1856,267.1856,0.00019277572953565146
Orbitrap,8.015568000000002,8.015568000000002,15,14,14,2,14,267.1856,267.1856,267.1856,0.00016867876334369502
Orbitrap,16.031136000000004,16.031136000000004,15,14,14,2,14,267.1856,267.1856,267.1856,0.00016867876334369502
Orbitrap,17.784157999999998,17.784157999999998,15,14,14,1,14,254.0594,254.0594,254.0594,0.00016867876334369502
Orbitrap,32.06227200000001,32.06227200000001,14,14,14,2,14,267.1856,267.1856,267.1856,0.00016867876334369502
Orbitrap,37.405984,37.405984,6,14,14,2,14,267.1856,267.1856,267.1856,0.00016867876334369502
Orbitrap,39.871376000000005,39.871376000000005,15,14,14,2,14,249.1961,249.1961,249.1961,0.00016867876334369502
Orbitrap,42.339042,42.339042,6,14,14,1,14,235.2169,235.2169,235.2169,0.00016867876334369502
Orbitrap,70.4351,70.4351,4,14,14,4,14,352.1755,352.1755,352.1755,0.00016867876334369502
Orbitrap,7.702493455,7.702493455,9,13,13,7,13,154.0498691,154.0498691,154.0498691,0.00015663028024771682
Orbitrap,27.614004,27.614004,6,13,13,3,13,230.1167,230.1167,230.1167,0.00015663028024771682
Orbitrap,41.421006,41.421006,6,13,13,3,13,230.1167,230.1167,230.1167,0.00015663028024771682
Orbitrap,44.855298000000005,44.855298000000005,15,13,13,2,13,249.1961,249.1961,249.1961,0.00015663028024771682
Orbitrap,6.603275960000001,6.603275960000001,15,12,12,4,12,132.0655192,132.0655192,132.0655192,0.0001445817971517386
Orbitrap,7.621782,7.621782,6,12,12,1,12,254.0594,254.0594,254.0594,0.0001445817971517386
Orbitrap,13.35928,13.35928,5,12,12,2,12,267.1856,267.1856,267.1856,0.0001445817971517386
Orbitrap,13.569972,13.569972,6,12,12,3,12,226.1662,226.1662,226.1662,0.0001445817971517386
Orbitrap,13.807002,13.807002,6,12,12,3,12,230.1167,230.1167,230.1167,0.0001445817971517386
Orbitrap,15.243564,15.243564,6,12,12,1,12,254.0594,254.0594,254.0594,0.0001445817971517386
Orbitrap,15.831634,15.831634,6,12,12,3,12,226.1662,226.1662,226.1662,0.0001445817971517386
Orbitrap,15.851748,15.851748,6,12,12,3,12,264.1958,264.1958,264.1958,0.0001445817971517386
Orbitrap,20.354958,20.354958,6,12,12,3,12,226.1662,226.1662,226.1662,0.0001445817971517386
Orbitrap,20.710503,20.710503,6,12,12,3,12,230.1167,230.1167,230.1167,0.0001445817971517386
Orbitrap,21.13053,21.13053,5,12,12,3,12,352.1755,352.1755,352.1755,0.0001445817971517386
Orbitrap,22.865346,22.865346,6,12,12,1,12,254.0594,254.0594,254.0594,0.0001445817971517386
Orbitrap,23.777622000000004,23.777622000000004,15,12,12,3,12,264.1958,264.1958,264.1958,0.0001445817971517386
Orbitrap,26.09968,26.09968,5,12,12,2,12,163.123,163.123,163.123,0.0001445817971517386
Orbitrap,27.139944,27.139944,6,12,12,3,12,226.1662,226.1662,226.1662,0.0001445817971517386
Orbitrap,30.487128,30.487128,6,12,12,1,12,254.0594,254.0594,254.0594,0.0001445817971517386
Orbitrap,31.703496,31.703496,6,12,12,3,12,264.1958,264.1958,264.1958,0.0001445817971517386
Orbitrap,33.92493,33.92493,5,12,12,3,12,226.1662,226.1662,226.1662,0.0001445817971517386
Orbitrap,34.887454,34.887454,6,12,12,2,12,249.1961,249.1961,249.1961,0.0001445817971517386
Orbitrap,38.10891,38.10891,5,12,12,1,12,254.0594,254.0594,254.0594,0.0001445817971517386
Orbitrap,39.62937,39.62937,5,12,12,3,12,264.1958,264.1958,264.1958,0.0001445817971517386
Orbitrap,40.709916,40.709916,6,12,12,3,12,226.1662,226.1662,226.1662,0.0001445817971517386
Orbitrap,47.55524400000001,47.55524400000001,14,12,12,3,12,264.1958,264.1958,264.1958,0.0001445817971517386
Orbitrap,66.913345,66.913345,6,12,12,4,12,352.1755,352.1755,352.1755,0.0001445817971517386
Orbitrap,80.205,80.205,3,12,12,6,12,142.0418,193.5968,302.1863,0.0001445817971517386
Orbitrap,14.363377,14.363377,6,11,11,1,11,205.1911,205.1911,205.1911,0.00013253331405576037
Orbitrap,27.411571,27.411571,6,11,11,2,11,249.1961,249.1961,249.1961,0.00013253331405576037
Orbitrap,34.51750500000001,34.51750500000001,14,11,11,3,11,230.1167,230.1167,230.1167,0.00013253331405576037
Orbitrap,40.649504,40.649504,6,11,11,1,11,254.0594,254.0594,254.0594,0.00013253331405576037
Orbitrap,5.203530225000001,5.203530225000001,15,10,10,5,10,104.0706045,104.0706045,104.0706045,0.00012048483095978216
Orbitrap,7.652731005,7.652731005,9,10,10,4,10,153.0546201,153.0546201,153.0546201,0.00012048483095978216
Orbitrap,8.207644,8.207644,6,10,10,1,10,205.1911,205.1911,205.1911,0.00012048483095978216
Orbitrap,9.202208,9.202208,6,10,10,1,10,230.0552,230.0552,230.0552,0.00012048483095978216
Orbitrap,9.78738,9.78738,5,10,10,3,10,163.123,163.123,163.123,0.00012048483095978216
Orbitrap,10.162376,10.162376,6,10,10,1,10,254.0594,254.0594,254.0594,0.00012048483095978216
Orbitrap,10.508939,10.508939,6,10,10,2,10,150.1277,150.1277,150.1277,0.00012048483095978216
Orbitrap,12.125124,12.125124,6,10,10,2,10,202.0854,202.0854,202.0854,0.00012048483095978216
Orbitrap,12.311466,12.311466,6,10,10,1,10,205.1911,205.1911,205.1911,0.00012048483095978216
Orbitrap,13.237154,13.237154,6,10,10,1,10,189.1022,189.1022,189.1022,0.00012048483095978216
Orbitrap,13.769332,13.769332,6,10,10,1,10,344.2333,344.2333,344.2333,0.00012048483095978216
Orbitrap,15.321988,15.321988,6,10,10,1,10,383.0497,383.0497,383.0497,0.00012048483095978216
Orbitrap,15.661926,15.661926,6,10,10,2,10,261.0321,261.0321,261.0321,0.00012048483095978216
Orbitrap,16.103864,16.103864,6,10,10,1,10,230.0552,230.0552,230.0552,0.00012048483095978216
Orbitrap,16.415288,16.415288,6,10,10,1,10,205.1911,205.1911,205.1911,0.00012048483095978216
Orbitrap,18.404416,18.404416,6,10,10,1,10,230.0552,230.0552,230.0552,0.00012048483095978216
Orbitrap,19.57476,19.57476,5,10,10,3,10,163.123,163.123,163.123,0.00012048483095978216
Orbitrap,20.324752,20.324752,6,10,10,1,10,254.0594,254.0594,254.0594,0.00012048483095978216
Orbitrap,21.67206,21.67206,5,10,10,3,10,361.201,361.201,361.201,0.00012048483095978216
Orbitrap,24.096331,24.096331,6,10,10,1,10,344.2333,344.2333,344.2333,0.00012048483095978216
Orbitrap,24.250248,24.250248,6,10,10,2,10,202.0854,202.0854,202.0854,0.00012048483095978216
Orbitrap,24.46845,24.46845,5,10,10,3,10,163.123,163.123,163.123,0.00012048483095978216
Orbitrap,26.813479,26.813479,6,10,10,1,10,383.0497,383.0497,383.0497,0.00012048483095978216
Orbitrap,27.538664,27.538664,6,10,10,1,10,344.2333,344.2333,344.2333,0.00012048483095978216
Orbitrap,30.643976,30.643976,6,10,10,1,10,383.0497,383.0497,383.0497,0.00012048483095978216
Orbitrap,32.395493,32.395493,6,10,10,2,10,249.1961,249.1961,249.1961,0.00012048483095978216
Orbitrap,32.830576,32.830576,6,10,10,1,10,205.1911,205.1911,205.1911,0.00012048483095978216
Orbitrap,36.375372,36.375372,6,10,10,2,10,202.0854,202.0854,202.0854,0.00012048483095978216
Orbitrap,36.808832,36.808832,6,10,10,1,10,230.0552,230.0552,230.0552,0.00012048483095978216
Orbitrap,37.634704,37.634704,6,10,10,1,10,235.2169,235.2169,235.2169,0.00012048483095978216
Orbitrap,43.375440000000005,43.375440000000005,15,10,10,2,10,271.0965,271.0965,271.0965,0.00012048483095978216
Orbitrap,46.985778,46.985778,6,10,10,2,10,261.0321,261.0321,261.0321,0.00012048483095978216
Orbitrap,50.074254,50.074254,6,10,10,2,10,278.1903,278.1903,278.1903,0.00012048483095978216
Orbitrap,55.077328,55.077328,6,10,10,1,10,344.2333,344.2333,344.2333,0.00012048483095978216
Orbitrap,61.287952,61.287952,6,10,10,1,10,383.0497,383.0497,383.0497,0.00012048483095978216
Orbitrap,64.64680200000001,64.64680200000001,14,10,10,1,10,359.1489,359.1489,359.1489,0.00012048483095978216
Orbitrap,73.95685499999999,73.95685499999999,14,10,10,4,10,352.1755,352.1755,352.1755,0.00012048483095978216
Orbitrap,6.605095235,6.605095235,9,9,9,3,9,132.1019047,132.1019047,132.1019047,0.00010843634786380394
Orbitrap,9.15325924,9.15325924,8,9,9,4,9,183.0651848,183.0651848,183.0651848,0.00010843634786380394
Orbitrap,14.68107,14.68107,5,9,9,3,9,163.123,163.123,163.123,0.00010843634786380394
Orbitrap,16.088556,16.088556,6,9,9,2,9,134.0713,134.0713,134.0713,0.00010843634786380394
Orbitrap,16.108169,16.108169,6,9,9,3,9,230.1167,230.1167,230.1167,0.00010843634786380394
Orbitrap,16.20753,16.20753,5,9,9,2,9,270.1255,270.1255,270.1255,0.00010843634786380394
Orbitrap,16.809257999999996,16.809257999999996,15,9,9,2,9,280.1543,280.1543,280.1543,0.00010843634786380394
Orbitrap,21.010311,21.010311,6,9,9,1,9,300.1473,300.1473,300.1473,0.00010843634786380394
Orbitrap,22.094316000000003,22.094316000000003,15,9,9,2,9,184.1193,184.1193,184.1193,0.00010843634786380394
Orbitrap,24.132834000000003,24.132834000000003,15,9,9,2,9,134.0713,134.0713,134.0713,0.00010843634786380394
Orbitrap,29.057208000000003,29.057208000000003,15,9,9,2,9,242.1434,242.1434,242.1434,0.00010843634786380394
Orbitrap,30.578197,30.578197,6,9,9,1,9,235.2169,235.2169,235.2169,0.00010843634786380394
Orbitrap,31.323852,31.323852,6,9,9,2,9,261.0321,261.0321,261.0321,0.00010843634786380394
Orbitrap,32.930366,32.930366,6,9,9,1,9,235.2169,235.2169,235.2169,0.00010843634786380394
Orbitrap,34.038396,34.038396,6,9,9,1,9,189.1022,189.1022,189.1022,0.00010843634786380394
Orbitrap,34.72792,34.72792,5,9,9,1,9,217.0495,217.0495,217.0495,0.00010843634786380394
Orbitrap,35.568316,35.568316,6,9,9,1,9,254.0594,254.0594,254.0594,0.00010843634786380394
Orbitrap,45.730692000000005,45.730692000000005,15,9,9,1,9,254.0594,254.0594,254.0594,0.00010843634786380394
Orbitrap,57.17222399999999,57.17222399999999,14,9,9,1,9,357.3264,357.3264,357.3264,0.00010843634786380394
Orbitrap,57.46382400000001,57.46382400000001,14,9,9,1,9,359.1489,359.1489,359.1489,0.00010843634786380394
Orbitrap,74.943414,74.943414,6,9,9,1,9,416.3523,416.3523,416.3523,0.00010843634786380394
Orbitrap,4.103822,4.103822,6,8,8,1,8,205.1911,205.1911,205.1911,9.638786476782573e-05
Orbitrap,4.503831,4.503831,6,8,8,2,8,150.1277,150.1277,150.1277,9.638786476782573e-05
Orbitrap,4.601104,4.601104,6,8,8,1,8,230.0552,230.0552,230.0552,9.638786476782573e-05
Orbitrap,5.081188,5.081188,6,8,8,1,8,254.0594,254.0594,254.0594,9.638786476782573e-05
Orbitrap,5.904312730000001,5.904312730000001,15,8,8,3,8,118.0862546,118.0862546,118.0862546,9.638786476782573e-05
Orbitrap,6.155733000000001,6.155733000000001,15,8,8,1,8,205.1911,205.1911,205.1911,9.638786476782573e-05
Orbitrap,6.901656000000001,6.901656000000001,15,8,8,1,8,230.0552,230.0552,230.0552,9.638786476782573e-05
Orbitrap,6.903501,6.903501,6,8,8,3,8,230.1167,230.1167,230.1167,9.638786476782573e-05
Orbitrap,7.505406000000001,7.505406000000001,15,8,8,2,8,250.1802,250.1802,250.1802,9.638786476782573e-05
Orbitrap,7.660994,7.660994,6,8,8,1,8,383.0497,383.0497,383.0497,9.638786476782573e-05
Orbitrap,8.103765,8.103765,6,8,8,2,8,270.1255,270.1255,270.1255,9.638786476782573e-05
Orbitrap,8.404628999999998,8.404628999999998,15,8,8,2,8,280.1543,280.1543,280.1543,9.638786476782573e-05
Orbitrap,9.004332425000001,9.004332425000001,15,8,8,1,8,180.0866485,180.0866485,180.0866485,9.638786476782573e-05
Orbitrap,9.004419,9.004419,6,8,8,1,8,300.1473,300.1473,300.1473,9.638786476782573e-05
Orbitrap,9.007662,9.007662,6,8,8,2,8,150.1277,150.1277,150.1277,9.638786476782573e-05
Orbitrap,9.033549,9.033549,6,8,8,2,8,301.1183,301.1183,301.1183,9.638786476782573e-05
Orbitrap,9.053600075,9.053600075,9,8,8,3,8,181.0720015,181.0720015,181.0720015,9.638786476782573e-05
Orbitrap,9.934305,9.934305,6,8,8,2,8,331.1435,331.1435,331.1435,9.638786476782573e-05
Orbitrap,10.83603,10.83603,5,8,8,3,8,361.201,361.201,361.201,9.638786476782573e-05
Orbitrap,11.047158,11.047158,6,8,8,2,8,184.1193,184.1193,184.1193,9.638786476782573e-05
Orbitrap,11.41861,11.41861,5,8,8,2,8,163.123,163.123,163.123,9.638786476782573e-05
Orbitrap,11.491491,11.491491,6,8,8,1,8,383.0497,383.0497,383.0497,9.638786476782573e-05
Orbitrap,12.729036,12.729036,6,8,8,2,8,212.1506,212.1506,212.1506,9.638786476782573e-05
Orbitrap,12.888351,12.888351,6,8,8,2,8,184.1193,184.1193,184.1193,9.638786476782573e-05
Orbitrap,13.511493,13.511493,6,8,8,2,8,150.1277,150.1277,150.1277,9.638786476782573e-05
Orbitrap,13.803312000000002,13.803312000000002,15,8,8,1,8,230.0552,230.0552,230.0552,9.638786476782573e-05
Orbitrap,13.869443,13.869443,6,8,8,2,8,198.1349,198.1349,198.1349,9.638786476782573e-05
Orbitrap,14.08702,14.08702,5,8,8,3,8,352.1755,352.1755,352.1755,9.638786476782573e-05
Orbitrap,14.11083,14.11083,5,8,8,2,8,235.1805,235.1805,235.1805,9.638786476782573e-05
Orbitrap,14.850542,14.850542,6,8,8,2,8,212.1506,212.1506,212.1506,9.638786476782573e-05
Orbitrap,15.010812,15.010812,6,8,8,2,8,250.1802,250.1802,250.1802,9.638786476782573e-05
Orbitrap,16.333451999999998,16.333451999999998,15,8,8,2,8,136.1121,136.1121,136.1121,9.638786476782573e-05
Orbitrap,16.462635,16.462635,6,8,8,2,8,235.1805,235.1805,235.1805,9.638786476782573e-05
Orbitrap,16.570737,16.570737,6,8,8,2,8,184.1193,184.1193,184.1193,9.638786476782573e-05
Orbitrap,16.950038,16.950038,6,8,8,2,8,242.1434,242.1434,242.1434,9.638786476782573e-05
Orbitrap,17.019198,17.019198,6,8,8,1,8,189.1022,189.1022,189.1022,9.638786476782573e-05
Orbitrap,17.512614000000003,17.512614000000003,15,8,8,2,8,250.1802,250.1802,250.1802,9.638786476782573e-05
Orbitrap,17.608775,17.608775,6,8,8,2,8,352.1755,352.1755,352.1755,9.638786476782573e-05
Orbitrap,17.832141,17.832141,6,8,8,2,8,198.1349,198.1349,198.1349,9.638786476782573e-05
Orbitrap,18.008838,18.008838,6,8,8,1,8,300.1473,300.1473,300.1473,9.638786476782573e-05
Orbitrap,18.015324,18.015324,6,8,8,2,8,150.1277,150.1277,150.1277,9.638786476782573e-05
Orbitrap,18.067098,18.067098,6,8,8,2,8,301.1183,301.1183,301.1183,9.638786476782573e-05
Orbitrap,18.187686,18.187686,6,8,8,2,8,202.0854,202.0854,202.0854,9.638786476782573e-05
Orbitrap,18.272247,18.272247,6,8,8,2,8,261.0321,261.0321,261.0321,9.638786476782573e-05
Orbitrap,18.467199,18.467199,6,8,8,1,8,205.1911,205.1911,205.1911,9.638786476782573e-05
Orbitrap,18.908785,18.908785,6,8,8,2,8,270.1255,270.1255,270.1255,9.638786476782573e-05
Orbitrap,19.093554,19.093554,6,8,8,2,8,212.1506,212.1506,212.1506,9.638786476782573e-05
Orbitrap,19.473321,19.473321,6,8,8,2,8,278.1903,278.1903,278.1903,9.638786476782573e-05
Orbitrap,19.86861,19.86861,5,8,8,2,8,331.1435,331.1435,331.1435,9.638786476782573e-05
Orbitrap,19.935688000000003,19.935688000000003,15,8,8,1,8,249.1961,249.1961,249.1961,9.638786476782573e-05
Orbitrap,20.110695,20.110695,6,8,8,2,8,134.0713,134.0713,134.0713,9.638786476782573e-05
Orbitrap,20.416815,20.416815,6,8,8,2,8,136.1121,136.1121,136.1121,9.638786476782573e-05
Orbitrap,20.51911,20.51911,5,8,8,1,8,205.1911,205.1911,205.1911,9.638786476782573e-05
Orbitrap,20.653998,20.653998,6,8,8,1,8,344.2333,344.2333,344.2333,9.638786476782573e-05
Orbitrap,20.704968,20.704968,6,8,8,1,8,230.0552,230.0552,230.0552,9.638786476782573e-05
Orbitrap,21.078281,21.078281,6,8,8,2,8,301.1183,301.1183,301.1183,9.638786476782573e-05
Orbitrap,21.166245,21.166245,6,8,8,2,8,235.1805,235.1805,235.1805,9.638786476782573e-05
Orbitrap,21.20599,21.20599,5,8,8,2,8,163.123,163.123,163.123,9.638786476782573e-05
Orbitrap,21.792906,21.792906,6,8,8,2,8,242.1434,242.1434,242.1434,9.638786476782573e-05
Orbitrap,22.516218,22.516218,6,8,8,2,8,250.1802,250.1802,250.1802,9.638786476782573e-05
Orbitrap,22.519155,22.519155,6,8,8,2,8,150.1277,150.1277,150.1277,9.638786476782573e-05
Orbitrap,22.571021,22.571021,6,8,8,1,8,205.1911,205.1911,205.1911,9.638786476782573e-05
Orbitrap,22.692264,22.692264,6,8,8,1,8,189.1022,189.1022,189.1022,9.638786476782573e-05
Orbitrap,22.83722,22.83722,5,8,8,2,8,163.123,163.123,163.123,9.638786476782573e-05
Orbitrap,22.982982,22.982982,6,8,8,1,8,383.0497,383.0497,383.0497,9.638786476782573e-05
Orbitrap,23.00552,23.00552,5,8,8,1,8,230.0552,230.0552,230.0552,9.638786476782573e-05
Orbitrap,23.180045000000003,23.180045000000003,15,8,8,2,8,331.1435,331.1435,331.1435,9.638786476782573e-05
Orbitrap,23.335842,23.335842,6,8,8,2,8,777.8614,777.8614,777.8614,9.638786476782573e-05
Orbitrap,23.492889,23.492889,6,8,8,2,8,261.0321,261.0321,261.0321,9.638786476782573e-05
Orbitrap,23.776188,23.776188,6,8,8,2,8,198.1349,198.1349,198.1349,9.638786476782573e-05
Orbitrap,24.311295,24.311295,6,8,8,2,8,270.1255,270.1255,270.1255,9.638786476782573e-05
Orbitrap,24.500178,24.500178,6,8,8,2,8,136.1121,136.1121,136.1121,9.638786476782573e-05
Orbitrap,24.511186,24.511186,6,8,8,2,8,350.1598,350.1598,350.1598,9.638786476782573e-05
Orbitrap,24.622932,24.622932,6,8,8,1,8,205.1911,205.1911,205.1911,9.638786476782573e-05
Orbitrap,25.037127,25.037127,6,8,8,2,8,278.1903,278.1903,278.1903,9.638786476782573e-05
Orbitrap,25.213887,25.213887,6,8,8,2,8,280.1543,280.1543,280.1543,9.638786476782573e-05
Orbitrap,25.28407,25.28407,5,8,8,3,8,361.201,361.201,361.201,9.638786476782573e-05
Orbitrap,25.306072,25.306072,6,8,8,1,8,230.0552,230.0552,230.0552,9.638786476782573e-05
Orbitrap,25.40594,25.40594,5,8,8,1,8,254.0594,254.0594,254.0594,9.638786476782573e-05
Orbitrap,25.458072,25.458072,6,8,8,2,8,212.1506,212.1506,212.1506,9.638786476782573e-05
Orbitrap,25.771928,25.771928,6,8,8,2,8,368.1704,368.1704,368.1704,9.638786476782573e-05
Orbitrap,26.674843,26.674843,6,8,8,1,8,205.1911,205.1911,205.1911,9.638786476782573e-05
Orbitrap,26.89444,26.89444,5,8,8,2,8,336.1805,336.1805,336.1805,9.638786476782573e-05
Orbitrap,27.013257,27.013257,6,8,8,1,8,300.1473,300.1473,300.1473,9.638786476782573e-05
Orbitrap,27.022986,27.022986,6,8,8,2,8,150.1277,150.1277,150.1277,9.638786476782573e-05
Orbitrap,27.100647,27.100647,6,8,8,2,8,301.1183,301.1183,301.1183,9.638786476782573e-05
Orbitrap,27.606624000000004,27.606624000000004,15,8,8,1,8,230.0552,230.0552,230.0552,9.638786476782573e-05
Orbitrap,27.617895,27.617895,6,8,8,2,8,184.1193,184.1193,184.1193,9.638786476782573e-05
Orbitrap,27.946534,27.946534,6,8,8,1,8,254.0594,254.0594,254.0594,9.638786476782573e-05
Orbitrap,28.012784,28.012784,6,8,8,2,8,350.1598,350.1598,350.1598,9.638786476782573e-05
Orbitrap,28.36533,28.36533,5,8,8,1,8,189.1022,189.1022,189.1022,9.638786476782573e-05
Orbitrap,28.645424,28.645424,6,8,8,1,8,179.0339,179.0339,179.0339,9.638786476782573e-05
Orbitrap,28.651248,28.651248,6,8,8,1,8,179.0703,179.0703,179.0703,9.638786476782573e-05
Orbitrap,28.726754,28.726754,6,8,8,1,8,205.1911,205.1911,205.1911,9.638786476782573e-05
Orbitrap,29.453632,29.453632,6,8,8,2,8,368.1704,368.1704,368.1704,9.638786476782573e-05
Orbitrap,29.720234999999995,29.720234999999995,15,8,8,2,8,198.1349,198.1349,198.1349,9.638786476782573e-05
Orbitrap,29.802915,29.802915,6,8,8,2,8,331.1435,331.1435,331.1435,9.638786476782573e-05
Orbitrap,29.903532,29.903532,6,8,8,2,8,249.1961,249.1961,249.1961,9.638786476782573e-05
Orbitrap,29.907176000000003,29.907176000000003,15,8,8,1,8,230.0552,230.0552,230.0552,9.638786476782573e-05
Orbitrap,30.021624000000003,30.021624000000003,15,8,8,2,8,250.1802,250.1802,250.1802,9.638786476782573e-05
Orbitrap,30.256245,30.256245,6,8,8,2,8,336.1805,336.1805,336.1805,9.638786476782573e-05
Orbitrap,30.31281,30.31281,5,8,8,2,8,202.0854,202.0854,202.0854,9.638786476782573e-05
Orbitrap,30.778665,30.778665,6,8,8,1,8,205.1911,205.1911,205.1911,9.638786476782573e-05
Orbitrap,30.980997,30.980997,6,8,8,1,8,344.2333,344.2333,344.2333,9.638786476782573e-05
Orbitrap,31.514382,31.514382,6,8,8,2,8,350.1598,350.1598,350.1598,9.638786476782573e-05
Orbitrap,31.82259,31.82259,5,8,8,2,8,212.1506,212.1506,212.1506,9.638786476782573e-05
Orbitrap,32.207728,32.207728,6,8,8,1,8,230.0552,230.0552,230.0552,9.638786476782573e-05
Orbitrap,32.226102,32.226102,6,8,8,1,8,179.0339,179.0339,179.0339,9.638786476782573e-05
Orbitrap,32.232654000000004,32.232654000000004,15,8,8,1,8,179.0703,179.0703,179.0703,9.638786476782573e-05
Orbitrap,32.41506,32.41506,5,8,8,2,8,270.1255,270.1255,270.1255,9.638786476782573e-05
Orbitrap,33.027722000000004,33.027722000000004,15,8,8,1,8,254.0594,254.0594,254.0594,9.638786476782573e-05
Orbitrap,33.135335999999995,33.135335999999995,15,8,8,2,8,368.1704,368.1704,368.1704,9.638786476782573e-05
Orbitrap,33.141474,33.141474,6,8,8,2,8,184.1193,184.1193,184.1193,9.638786476782573e-05
Orbitrap,33.382836,33.382836,6,8,8,2,8,278.1903,278.1903,278.1903,9.638786476782573e-05
Orbitrap,33.618050000000004,33.618050000000004,15,8,8,2,8,336.1805,336.1805,336.1805,9.638786476782573e-05
Orbitrap,33.61851599999999,33.61851599999999,14,8,8,2,8,280.1543,280.1543,280.1543,9.638786476782573e-05
Orbitrap,34.42333,34.42333,5,8,8,1,8,344.2333,344.2333,344.2333,9.638786476782573e-05
Orbitrap,34.474473,34.474473,6,8,8,1,8,383.0497,383.0497,383.0497,9.638786476782573e-05
Orbitrap,34.50828,34.50828,5,8,8,1,8,230.0552,230.0552,230.0552,9.638786476782573e-05
Orbitrap,35.015980000000006,35.015980000000006,15,8,8,2,8,350.1598,350.1598,350.1598,9.638786476782573e-05
Orbitrap,35.067888,35.067888,6,8,8,1,8,219.1743,219.1743,219.1743,9.638786476782573e-05
Orbitrap,35.242545,35.242545,6,8,8,2,8,271.0965,271.0965,271.0965,9.638786476782573e-05
Orbitrap,35.664282,35.664282,6,8,8,2,8,198.1349,198.1349,198.1349,9.638786476782573e-05
Orbitrap,36.017676,36.017676,6,8,8,1,8,300.1473,300.1473,300.1473,9.638786476782573e-05
Orbitrap,36.134196,36.134196,6,8,8,2,8,301.1183,301.1183,301.1183,9.638786476782573e-05
Orbitrap,36.32151,36.32151,5,8,8,2,8,242.1434,242.1434,242.1434,9.638786476782573e-05
Orbitrap,36.81703999999999,36.81703999999999,14,8,8,2,8,368.1704,368.1704,368.1704,9.638786476782573e-05
Orbitrap,36.97985499999999,36.97985499999999,14,8,8,2,8,336.1805,336.1805,336.1805,9.638786476782573e-05
Orbitrap,37.379415,37.379415,6,8,8,2,8,249.1961,249.1961,249.1961,9.638786476782573e-05
Orbitrap,37.52703,37.52703,5,8,8,2,8,250.1802,250.1802,250.1802,9.638786476782573e-05
Orbitrap,37.865663,37.865663,6,8,8,1,8,344.2333,344.2333,344.2333,9.638786476782573e-05
Orbitrap,38.187108,38.187108,6,8,8,2,8,212.1506,212.1506,212.1506,9.638786476782573e-05
Orbitrap,38.30497,38.30497,5,8,8,1,8,383.0497,383.0497,383.0497,9.638786476782573e-05
Orbitrap,38.517578,38.517578,6,8,8,2,8,350.1598,350.1598,350.1598,9.638786476782573e-05
Orbitrap,39.154815,39.154815,6,8,8,2,8,261.0321,261.0321,261.0321,9.638786476782573e-05
Orbitrap,39.451374,39.451374,6,8,8,1,8,219.1743,219.1743,219.1743,9.638786476782573e-05
Orbitrap,39.73722,39.73722,5,8,8,2,8,331.1435,331.1435,331.1435,9.638786476782573e-05
Orbitrap,40.27829,40.27829,5,8,8,1,8,175.123,175.123,175.123,9.638786476782573e-05
Orbitrap,40.34166,40.34166,5,8,8,2,8,336.1805,336.1805,336.1805,9.638786476782573e-05
Orbitrap,40.498744,40.498744,6,8,8,2,8,368.1704,368.1704,368.1704,9.638786476782573e-05
Orbitrap,40.518825,40.518825,6,8,8,2,8,270.1255,270.1255,270.1255,9.638786476782573e-05
Orbitrap,41.307996,41.307996,6,8,8,1,8,344.2333,344.2333,344.2333,9.638786476782573e-05
Orbitrap,41.728545,41.728545,6,8,8,2,8,278.1903,278.1903,278.1903,9.638786476782573e-05
Orbitrap,42.019176,42.019176,6,8,8,2,8,350.1598,350.1598,350.1598,9.638786476782573e-05
Orbitrap,42.023145,42.023145,6,8,8,2,8,280.1543,280.1543,280.1543,9.638786476782573e-05
Orbitrap,42.135467,42.135467,6,8,8,1,8,383.0497,383.0497,383.0497,9.638786476782573e-05
Orbitrap,42.363337,42.363337,6,8,8,2,8,249.1961,249.1961,249.1961,9.638786476782573e-05
Orbitrap,43.585812,43.585812,6,8,8,2,8,242.1434,242.1434,242.1434,9.638786476782573e-05
Orbitrap,43.703465,43.703465,6,8,8,2,8,336.1805,336.1805,336.1805,9.638786476782573e-05
Orbitrap,44.180448,44.180448,6,8,8,2,8,368.1704,368.1704,368.1704,9.638786476782573e-05
Orbitrap,44.750329,44.750329,6,8,8,1,8,344.2333,344.2333,344.2333,9.638786476782573e-05
Orbitrap,45.02209499999999,45.02209499999999,14,8,8,1,8,300.1473,300.1473,300.1473,9.638786476782573e-05
Orbitrap,45.032436,45.032436,6,8,8,2,8,250.1802,250.1802,250.1802,9.638786476782573e-05
Orbitrap,45.167745,45.167745,6,8,8,2,8,301.1183,301.1183,301.1183,9.638786476782573e-05
Orbitrap,45.421552000000005,45.421552000000005,15,8,8,2,8,267.1856,267.1856,267.1856,9.638786476782573e-05
Orbitrap,45.520774,45.520774,6,8,8,2,8,350.1598,350.1598,350.1598,9.638786476782573e-05
Orbitrap,45.965964,45.965964,6,8,8,1,8,383.0497,383.0497,383.0497,9.638786476782573e-05
Orbitrap,46.671684,46.671684,6,8,8,2,8,777.8614,777.8614,777.8614,9.638786476782573e-05
Orbitrap,47.06527,47.06527,5,8,8,2,8,336.1805,336.1805,336.1805,9.638786476782573e-05
Orbitrap,47.862152,47.862152,6,8,8,2,8,368.1704,368.1704,368.1704,9.638786476782573e-05
Orbitrap,48.093408,48.093408,6,8,8,2,8,267.1856,267.1856,267.1856,9.638786476782573e-05
Orbitrap,48.192662,48.192662,6,8,8,1,8,344.2333,344.2333,344.2333,9.638786476782573e-05
Orbitrap,48.79737,48.79737,5,8,8,2,8,271.0965,271.0965,271.0965,9.638786476782573e-05
Orbitrap,49.022372,49.022372,6,8,8,2,8,350.1598,350.1598,350.1598,9.638786476782573e-05
Orbitrap,49.671525,49.671525,6,8,8,2,8,331.1435,331.1435,331.1435,9.638786476782573e-05
Orbitrap,49.796461,49.796461,6,8,8,1,8,383.0497,383.0497,383.0497,9.638786476782573e-05
Orbitrap,50.427075,50.427075,6,8,8,2,8,336.1805,336.1805,336.1805,9.638786476782573e-05
Orbitrap,50.427774,50.427774,6,8,8,2,8,280.1543,280.1543,280.1543,9.638786476782573e-05
Orbitrap,50.765264,50.765264,6,8,8,2,8,267.1856,267.1856,267.1856,9.638786476782573e-05
Orbitrap,51.543856,51.543856,6,8,8,2,8,368.1704,368.1704,368.1704,9.638786476782573e-05
Orbitrap,51.634995,51.634995,6,8,8,1,8,344.2333,344.2333,344.2333,9.638786476782573e-05
Orbitrap,51.868692,51.868692,6,8,8,1,8,288.1594,288.1594,288.1594,9.638786476782573e-05
Orbitrap,52.331181,52.331181,6,8,8,2,8,249.1961,249.1961,249.1961,9.638786476782573e-05
Orbitrap,52.52397,52.52397,5,8,8,2,8,350.1598,350.1598,350.1598,9.638786476782573e-05
Orbitrap,53.43712,53.43712,5,8,8,2,8,267.1856,267.1856,267.1856,9.638786476782573e-05
Orbitrap,53.626958,53.626958,6,8,8,1,8,383.0497,383.0497,383.0497,9.638786476782573e-05
Orbitrap,53.78888,53.78888,5,8,8,2,8,336.1805,336.1805,336.1805,9.638786476782573e-05
Orbitrap,54.201294,54.201294,6,8,8,2,8,301.1183,301.1183,301.1183,9.638786476782573e-05
Orbitrap,54.450298,54.450298,6,8,8,2,8,777.8614,777.8614,777.8614,9.638786476782573e-05
Orbitrap,55.22556,55.22556,5,8,8,2,8,368.1704,368.1704,368.1704,9.638786476782573e-05
Orbitrap,56.025568,56.025568,6,8,8,2,8,350.1598,350.1598,350.1598,9.638786476782573e-05
Orbitrap,56.930265,56.930265,6,8,8,2,8,271.0965,271.0965,271.0965,9.638786476782573e-05
Orbitrap,57.457455,57.457455,6,8,8,1,8,383.0497,383.0497,383.0497,9.638786476782573e-05
Orbitrap,58.780832,58.780832,6,8,8,2,8,267.1856,267.1856,267.1856,9.638786476782573e-05
Orbitrap,58.907264,58.907264,6,8,8,2,8,368.1704,368.1704,368.1704,9.638786476782573e-05
Orbitrap,59.52716600000001,59.52716600000001,14,8,8,2,8,350.1598,350.1598,350.1598,9.638786476782573e-05
Orbitrap,59.605830000000005,59.605830000000005,15,8,8,2,8,331.1435,331.1435,331.1435,9.638786476782573e-05
Orbitrap,60.51249,60.51249,5,8,8,2,8,336.1805,336.1805,336.1805,9.638786476782573e-05
Orbitrap,62.588968,62.588968,6,8,8,2,8,368.1704,368.1704,368.1704,9.638786476782573e-05
Orbitrap,63.028764,63.028764,6,8,8,2,8,350.1598,350.1598,350.1598,9.638786476782573e-05
Orbitrap,66.27067199999999,66.27067199999999,14,8,8,2,8,368.1704,368.1704,368.1704,9.638786476782573e-05
Orbitrap,66.61636800000001,66.61636800000001,14,8,8,1,8,416.3523,416.3523,416.3523,9.638786476782573e-05
Orbitrap,70.007526,70.007526,6,8,8,2,8,777.8614,777.8614,777.8614,9.638786476782573e-05
Orbitrap,93.343368,93.343368,6,8,8,2,8,777.8614,777.8614,777.8614,9.638786476782573e-05
Orbitrap,116.67921,116.67921,5,8,8,2,8,777.8614,777.8614,777.8614,9.638786476782573e-05
Orbitrap,140.015052,140.015052,6,8,8,2,8,777.8614,777.8614,777.8614,9.638786476782573e-05
Orbitrap,6.00327596,6.00327596,8,7,7,2,7,120.0655192,120.0655192,120.0655192,8.433938167184751e-05
Orbitrap,6.502493455,6.502493455,9,7,7,1,7,130.0498691,130.0498691,130.0498691,8.433938167184751e-05
Orbitrap,7.925874,7.925874,6,7,7,2,7,264.1958,264.1958,264.1958,8.433938167184751e-05
Orbitrap,13.043119999999998,13.043119999999998,15,7,7,3,7,163.039,163.039,163.039,8.433938167184751e-05
Orbitrap,14.145978,14.145978,6,7,7,2,7,202.0854,202.0854,202.0854,8.433938167184751e-05
Orbitrap,14.44804,14.44804,5,7,7,3,7,361.201,361.201,361.201,8.433938167184751e-05
Orbitrap,16.3039,16.3039,4,7,7,3,7,163.039,163.039,163.039,8.433938167184751e-05
Orbitrap,16.691418,16.691418,6,7,7,2,7,278.1903,278.1903,278.1903,8.433938167184751e-05
Orbitrap,17.168628000000002,17.168628000000002,15,7,7,2,7,286.1438,286.1438,286.1438,8.433938167184751e-05
Orbitrap,19.56468,19.56468,5,7,7,3,7,163.039,163.039,163.039,8.433938167184751e-05
Orbitrap,21.169521,21.169521,6,7,7,1,7,235.2169,235.2169,235.2169,8.433938167184751e-05
Orbitrap,22.427649,22.427649,6,7,7,1,7,249.1961,249.1961,249.1961,8.433938167184751e-05
Orbitrap,22.82546,22.82546,5,7,7,3,7,163.039,163.039,163.039,8.433938167184751e-05
Orbitrap,24.91961,24.91961,5,7,7,1,7,249.1961,249.1961,249.1961,8.433938167184751e-05
Orbitrap,25.873859,25.873859,6,7,7,1,7,235.2169,235.2169,235.2169,8.433938167184751e-05
Orbitrap,26.08624,26.08624,5,7,7,3,7,163.039,163.039,163.039,8.433938167184751e-05
Orbitrap,28.22166,28.22166,5,7,7,2,7,235.1805,235.1805,235.1805,8.433938167184751e-05
Orbitrap,28.226028000000003,28.226028000000003,15,7,7,1,7,235.2169,235.2169,235.2169,8.433938167184751e-05
Orbitrap,29.34702,29.34702,5,7,7,3,7,163.039,163.039,163.039,8.433938167184751e-05
Orbitrap,29.820615,29.820615,6,7,7,2,7,271.0965,271.0965,271.0965,8.433938167184751e-05
Orbitrap,33.667019999999994,33.667019999999994,15,7,7,1,7,187.039,187.039,187.039,8.433938167184751e-05
Orbitrap,34.337256000000004,34.337256000000004,15,7,7,2,7,286.1438,286.1438,286.1438,8.433938167184751e-05
Orbitrap,39.621474,39.621474,6,7,7,1,7,220.1193,220.1193,220.1193,8.433938167184751e-05
Orbitrap,51.505884,51.505884,6,7,7,2,7,286.1438,286.1438,286.1438,8.433938167184751e-05
Orbitrap,54.026514,54.026514,6,7,7,1,7,300.1473,300.1473,300.1473,8.433938167184751e-05
Orbitrap,56.108976000000006,56.108976000000006,15,7,7,2,7,267.1856,267.1856,267.1856,8.433938167184751e-05
Orbitrap,4.983678,4.983678,6,6,6,2,6,166.1226,166.1226,166.1226,7.22908985758693e-05
Orbitrap,5.25369,5.25369,5,6,6,1,6,175.123,175.123,175.123,7.22908985758693e-05
Orbitrap,5.361502000000001,5.361502000000001,15,6,6,1,6,268.0751,268.0751,268.0751,7.22908985758693e-05
Orbitrap,5.703309395,5.703309395,9,6,6,1,6,114.0661879,114.0661879,114.0661879,7.22908985758693e-05
Orbitrap,5.972478,5.972478,6,6,6,2,6,199.0826,199.0826,199.0826,7.22908985758693e-05
Orbitrap,6.003918,6.003918,6,6,6,1,6,300.1959,300.1959,300.1959,7.22908985758693e-05
Orbitrap,6.005112,6.005112,6,6,6,1,6,150.1278,150.1278,150.1278,7.22908985758693e-05
Orbitrap,6.301097005,6.301097005,9,6,6,1,6,126.0219401,126.0219401,126.0219401,7.22908985758693e-05
Orbitrap,6.364518,6.364518,6,6,6,2,6,212.1506,212.1506,212.1506,7.22908985758693e-05
Orbitrap,6.654857680000001,6.654857680000001,15,6,6,1,6,133.0971536,133.0971536,133.0971536,7.22908985758693e-05
Orbitrap,6.803784494999999,6.803784494999999,15,6,6,3,6,136.0756899,136.0756899,136.0756899,7.22908985758693e-05
Orbitrap,6.951948505000001,6.951948505000001,15,6,6,4,6,139.0389701,139.0389701,139.0389701,7.22908985758693e-05
Orbitrap,7.055415,7.055415,6,6,6,2,6,235.1805,235.1805,235.1805,7.22908985758693e-05
Orbitrap,7.474455,7.474455,6,6,6,3,6,249.1485,249.1485,249.1485,7.22908985758693e-05
Orbitrap,7.70431273,7.70431273,8,6,6,2,6,154.0862546,154.0862546,154.0862546,7.22908985758693e-05
Orbitrap,8.105623464999999,8.105623464999999,15,6,6,1,6,162.1124693,162.1124693,162.1124693,7.22908985758693e-05
Orbitrap,8.15615,8.15615,5,6,6,2,6,163.123,163.123,163.123,7.22908985758693e-05
Orbitrap,8.30431273,8.30431273,8,6,6,2,6,166.0862546,166.0862546,166.0862546,7.22908985758693e-05
Orbitrap,8.345709,8.345709,6,6,6,2,6,278.1903,278.1903,278.1903,7.22908985758693e-05
Orbitrap,8.50461,8.50461,5,6,6,1,6,170.0922,170.0922,170.0922,7.22908985758693e-05
Orbitrap,8.855111950000001,8.855111950000001,15,6,6,2,6,177.102239,177.102239,177.102239,7.22908985758693e-05
Orbitrap,9.003932,9.003932,6,6,6,1,6,225.0983,225.0983,225.0983,7.22908985758693e-05
Orbitrap,9.384991,9.384991,6,6,6,1,6,134.0713,134.0713,134.0713,7.22908985758693e-05
Orbitrap,9.633999,9.633999,6,6,6,2,6,321.1333,321.1333,321.1333,7.22908985758693e-05
Orbitrap,9.96594,9.96594,5,6,6,3,6,249.1485,249.1485,249.1485,7.22908985758693e-05
Orbitrap,9.967356,9.967356,6,6,6,2,6,166.1226,166.1226,166.1226,7.22908985758693e-05
Orbitrap,10.259555,10.259555,6,6,6,1,6,205.1911,205.1911,205.1911,7.22908985758693e-05
Orbitrap,10.326999,10.326999,6,6,6,1,6,344.2333,344.2333,344.2333,7.22908985758693e-05
Orbitrap,10.723004,10.723004,6,6,6,1,6,268.0751,268.0751,268.0751,7.22908985758693e-05
Orbitrap,10.84386,10.84386,5,6,6,2,6,271.0965,271.0965,271.0965,7.22908985758693e-05
Orbitrap,10.955640185,10.955640185,9,6,6,1,6,219.1128037,219.1128037,219.1128037,7.22908985758693e-05
Orbitrap,11.106198,11.106198,6,6,6,2,6,185.1033,185.1033,185.1033,7.22908985758693e-05
Orbitrap,11.41273,11.41273,5,6,6,3,6,163.039,163.039,163.039,7.22908985758693e-05
Orbitrap,11.50276,11.50276,5,6,6,1,6,230.0552,230.0552,230.0552,7.22908985758693e-05
Orbitrap,11.888094,11.888094,6,6,6,2,6,198.1349,198.1349,198.1349,7.22908985758693e-05
Orbitrap,11.944956,11.944956,6,6,6,2,6,199.0826,199.0826,199.0826,7.22908985758693e-05
Orbitrap,12.005896,12.005896,6,6,6,1,6,300.1474,300.1474,300.1474,7.22908985758693e-05
Orbitrap,12.007836,12.007836,6,6,6,1,6,300.1959,300.1959,300.1959,7.22908985758693e-05
Orbitrap,12.010224,12.010224,6,6,6,1,6,150.1278,150.1278,150.1278,7.22908985758693e-05
Orbitrap,12.066417,12.066417,6,6,6,2,6,134.0713,134.0713,134.0713,7.22908985758693e-05
Orbitrap,12.567847999999998,12.567847999999998,15,6,6,1,6,314.1962,314.1962,314.1962,7.22908985758693e-05
Orbitrap,12.70297,12.70297,5,6,6,1,6,254.0594,254.0594,254.0594,7.22908985758693e-05
Orbitrap,13.165726,13.165726,6,6,6,1,6,188.0818,188.0818,188.0818,7.22908985758693e-05
Orbitrap,13.554825,13.554825,6,6,6,2,6,271.0965,271.0965,271.0965,7.22908985758693e-05
Orbitrap,13.565376,13.565376,6,6,6,2,6,226.0896,226.0896,226.0896,7.22908985758693e-05
Orbitrap,13.656139,13.656139,6,6,6,1,6,195.0877,195.0877,195.0877,7.22908985758693e-05
Orbitrap,14.216489,14.216489,6,6,6,1,6,203.0927,203.0927,203.0927,7.22908985758693e-05
Orbitrap,14.287917,14.287917,6,6,6,1,6,204.1131,204.1131,204.1131,7.22908985758693e-05
Orbitrap,14.606,14.606,3,6,6,3,6,146.06,146.06,146.06,7.22908985758693e-05
Orbitrap,14.673509999999998,14.673509999999998,15,6,6,3,6,163.039,163.039,163.039,7.22908985758693e-05
Orbitrap,14.94891,14.94891,5,6,6,3,6,249.1485,249.1485,249.1485,7.22908985758693e-05
Orbitrap,14.951034,14.951034,6,6,6,2,6,166.1226,166.1226,166.1226,7.22908985758693e-05
Orbitrap,15.12707,15.12707,5,6,6,1,6,216.101,216.101,216.101,7.22908985758693e-05
Orbitrap,15.128184,15.128184,6,6,6,1,6,189.1023,189.1023,189.1023,7.22908985758693e-05
Orbitrap,15.48477,15.48477,5,6,6,3,6,258.0795,258.0795,258.0795,7.22908985758693e-05
Orbitrap,15.70981,15.70981,5,6,6,1,6,314.1962,314.1962,314.1962,7.22908985758693e-05
Orbitrap,15.756874,15.756874,6,6,6,1,6,225.0982,225.0982,225.0982,7.22908985758693e-05
Orbitrap,16.26579,16.26579,5,6,6,2,6,271.0965,271.0965,271.0965,7.22908985758693e-05
Orbitrap,16.3123,16.3123,4,6,6,2,6,163.123,163.123,163.123,7.22908985758693e-05
Orbitrap,16.465183,16.465183,6,6,6,1,6,235.2169,235.2169,235.2169,7.22908985758693e-05
Orbitrap,16.597154000000003,16.597154000000003,15,6,6,1,6,237.1022,237.1022,237.1022,7.22908985758693e-05
Orbitrap,16.659297,16.659297,6,6,6,2,6,185.1033,185.1033,185.1033,7.22908985758693e-05
Orbitrap,17.129468,17.129468,6,6,6,1,6,428.2367,428.2367,428.2367,7.22908985758693e-05
Orbitrap,17.211665,17.211665,6,6,6,1,6,344.2333,344.2333,344.2333,7.22908985758693e-05
Orbitrap,17.443727,17.443727,6,6,6,1,6,249.1961,249.1961,249.1961,7.22908985758693e-05
Orbitrap,17.903389999999998,17.903389999999998,15,6,6,2,6,179.0339,179.0339,179.0339,7.22908985758693e-05
Orbitrap,17.917434,17.917434,6,6,6,2,6,199.0826,199.0826,199.0826,7.22908985758693e-05
Orbitrap,17.934289999999997,17.934289999999997,15,6,6,3,6,163.039,163.039,163.039,7.22908985758693e-05
Orbitrap,17.942287,17.942287,6,6,6,1,6,163.1117,163.1117,163.1117,7.22908985758693e-05
Orbitrap,17.94353,17.94353,5,6,6,2,6,163.123,163.123,163.123,7.22908985758693e-05
Orbitrap,18.007864,18.007864,6,6,6,1,6,225.0983,225.0983,225.0983,7.22908985758693e-05
Orbitrap,18.249258,18.249258,6,6,6,2,6,304.1543,304.1543,304.1543,7.22908985758693e-05
Orbitrap,18.309555,18.309555,6,6,6,1,6,366.1911,366.1911,366.1911,7.22908985758693e-05
Orbitrap,18.76525,18.76525,5,6,6,1,6,268.075,268.075,268.075,7.22908985758693e-05
Orbitrap,18.773349,18.773349,6,6,6,1,6,268.1907,268.1907,268.1907,7.22908985758693e-05
Orbitrap,18.817352,18.817352,6,6,6,1,6,235.2169,235.2169,235.2169,7.22908985758693e-05
Orbitrap,18.851772,18.851772,6,6,6,1,6,314.1962,314.1962,314.1962,7.22908985758693e-05
Orbitrap,18.976755,18.976755,6,6,6,2,6,271.0965,271.0965,271.0965,7.22908985758693e-05
Orbitrap,19.152485,19.152485,6,6,6,1,6,383.0497,383.0497,383.0497,7.22908985758693e-05
Orbitrap,19.267998,19.267998,6,6,6,2,6,321.1333,321.1333,321.1333,7.22908985758693e-05
Orbitrap,19.467385000000004,19.467385000000004,15,6,6,1,6,278.1055,278.1055,278.1055,7.22908985758693e-05
Orbitrap,19.93188,19.93188,5,6,6,3,6,249.1485,249.1485,249.1485,7.22908985758693e-05
Orbitrap,19.934712,19.934712,6,6,6,2,6,166.1226,166.1226,166.1226,7.22908985758693e-05
Orbitrap,20.030066,20.030066,6,6,6,2,6,286.1438,286.1438,286.1438,7.22908985758693e-05
Orbitrap,20.373276,20.373276,6,6,6,1,6,291.0468,291.0468,291.0468,7.22908985758693e-05
Orbitrap,20.5302,20.5302,4,6,6,2,6,342.17,342.17,342.17,7.22908985758693e-05
Orbitrap,20.591256,20.591256,6,6,6,1,6,147.0804,147.0804,147.0804,7.22908985758693e-05
Orbitrap,20.730269,20.730269,6,6,6,1,6,296.1467,296.1467,296.1467,7.22908985758693e-05
Orbitrap,20.85383384,20.85383384,8,6,6,3,6,169.076,169.076,169.076,7.22908985758693e-05
Orbitrap,21.013706000000003,21.013706000000003,15,6,6,1,6,300.1958,300.1958,300.1958,7.22908985758693e-05
Orbitrap,21.19507,21.19507,5,6,6,3,6,163.039,163.039,163.039,7.22908985758693e-05
Orbitrap,21.290801,21.290801,6,6,6,2,6,304.1543,304.1543,304.1543,7.22908985758693e-05
Orbitrap,21.446008000000003,21.446008000000003,15,6,6,1,6,268.0751,268.0751,268.0751,7.22908985758693e-05
Orbitrap,21.68772,21.68772,5,6,6,2,6,271.0965,271.0965,271.0965,7.22908985758693e-05
Orbitrap,21.971466,21.971466,6,6,6,1,6,366.1911,366.1911,366.1911,7.22908985758693e-05
Orbitrap,21.993734,21.993734,6,6,6,1,6,314.1962,314.1962,314.1962,7.22908985758693e-05
Orbitrap,22.01193,22.01193,5,6,6,1,6,220.1193,220.1193,220.1193,7.22908985758693e-05
Orbitrap,22.212396,22.212396,6,6,6,2,6,185.1033,185.1033,185.1033,7.22908985758693e-05
Orbitrap,22.835638000000003,22.835638000000003,15,6,6,1,6,163.1117,163.1117,163.1117,7.22908985758693e-05
Orbitrap,23.227155,23.227155,6,6,6,3,6,258.0795,258.0795,258.0795,7.22908985758693e-05
Orbitrap,23.521690000000003,23.521690000000003,15,6,6,1,6,235.2169,235.2169,235.2169,7.22908985758693e-05
Orbitrap,23.532635,23.532635,6,6,6,2,6,336.1805,336.1805,336.1805,7.22908985758693e-05
Orbitrap,23.532864,23.532864,6,6,6,1,6,147.0804,147.0804,147.0804,7.22908985758693e-05
Orbitrap,23.691744,23.691744,6,6,6,1,6,296.1468,296.1468,296.1468,7.22908985758693e-05
Orbitrap,23.889912,23.889912,6,6,6,2,6,199.0826,199.0826,199.0826,7.22908985758693e-05
Orbitrap,23.9519,23.9519,4,6,6,2,6,342.17,342.17,342.17,7.22908985758693e-05
Orbitrap,24.011792,24.011792,6,6,6,1,6,300.1474,300.1474,300.1474,7.22908985758693e-05
Orbitrap,24.015672,24.015672,6,6,6,1,6,300.1959,300.1959,300.1959,7.22908985758693e-05
Orbitrap,24.020448,24.020448,6,6,6,1,6,150.1278,150.1278,150.1278,7.22908985758693e-05
Orbitrap,24.45585,24.45585,5,6,6,3,6,163.039,163.039,163.039,7.22908985758693e-05
Orbitrap,24.91485,24.91485,5,6,6,3,6,249.1485,249.1485,249.1485,7.22908985758693e-05
Orbitrap,24.91839,24.91839,5,6,6,2,6,166.1226,166.1226,166.1226,7.22908985758693e-05
Orbitrap,25.135696,25.135696,6,6,6,1,6,314.1962,314.1962,314.1962,7.22908985758693e-05
Orbitrap,25.633377,25.633377,6,6,6,1,6,366.1911,366.1911,366.1911,7.22908985758693e-05
Orbitrap,25.752942,25.752942,6,6,6,2,6,286.1438,286.1438,286.1438,7.22908985758693e-05
Orbitrap,26.092784,26.092784,6,6,6,1,6,326.1598,326.1598,326.1598,7.22908985758693e-05
Orbitrap,26.097872,26.097872,6,6,6,1,6,163.1117,163.1117,163.1117,7.22908985758693e-05
Orbitrap,27.10965,27.10965,5,6,6,2,6,271.0965,271.0965,271.0965,7.22908985758693e-05
Orbitrap,27.130752,27.130752,6,6,6,2,6,226.0896,226.0896,226.0896,7.22908985758693e-05
Orbitrap,27.373887,27.373887,6,6,6,2,6,304.1543,304.1543,304.1543,7.22908985758693e-05
Orbitrap,27.71663,27.71663,5,6,6,3,6,163.039,163.039,163.039,7.22908985758693e-05
Orbitrap,27.73091,27.73091,5,6,6,2,6,163.123,163.123,163.123,7.22908985758693e-05
Orbitrap,27.765495,27.765495,6,6,6,2,6,185.1033,185.1033,185.1033,7.22908985758693e-05
Orbitrap,28.277658,28.277658,6,6,6,1,6,314.1962,314.1962,314.1962,7.22908985758693e-05
Orbitrap,28.48794,28.48794,5,6,6,1,6,219.138,219.138,219.138,7.22908985758693e-05
Orbitrap,29.295288,29.295288,6,6,6,1,6,366.1911,366.1911,366.1911,7.22908985758693e-05
Orbitrap,29.354382,29.354382,6,6,6,1,6,326.1598,326.1598,326.1598,7.22908985758693e-05
Orbitrap,29.360106,29.360106,6,6,6,1,6,163.1117,163.1117,163.1117,7.22908985758693e-05
Orbitrap,29.86239,29.86239,5,6,6,2,6,199.0826,199.0826,199.0826,7.22908985758693e-05
Orbitrap,29.89782,29.89782,5,6,6,3,6,249.1485,249.1485,249.1485,7.22908985758693e-05
Orbitrap,29.902068,29.902068,6,6,6,2,6,166.1226,166.1226,166.1226,7.22908985758693e-05
Orbitrap,29.92624,29.92624,5,6,6,1,6,187.039,187.039,187.039,7.22908985758693e-05
Orbitrap,29.976562,29.976562,6,6,6,1,6,428.2366,428.2366,428.2366,7.22908985758693e-05
Orbitrap,30.256368,30.256368,6,6,6,1,6,189.1023,189.1023,189.1023,7.22908985758693e-05
Orbitrap,30.38693,30.38693,5,6,6,1,6,217.0495,217.0495,217.0495,7.22908985758693e-05
Orbitrap,30.67932,30.67932,5,6,6,1,6,219.138,219.138,219.138,7.22908985758693e-05
Orbitrap,30.795300000000005,30.795300000000005,15,6,6,2,6,342.17,342.17,342.17,7.22908985758693e-05
Orbitrap,30.88169,30.88169,5,6,6,1,6,441.167,441.167,441.167,7.22908985758693e-05
Orbitrap,30.96954,30.96954,5,6,6,3,6,258.0795,258.0795,258.0795,7.22908985758693e-05
Orbitrap,30.977409999999995,30.977409999999995,15,6,6,3,6,163.039,163.039,163.039,7.22908985758693e-05
Orbitrap,31.161235,31.161235,6,6,6,1,6,445.1605,445.1605,445.1605,7.22908985758693e-05
Orbitrap,31.41962,31.41962,5,6,6,1,6,314.1962,314.1962,314.1962,7.22908985758693e-05
Orbitrap,31.697534,31.697534,6,6,6,1,6,288.1594,288.1594,288.1594,7.22908985758693e-05
Orbitrap,32.53158,32.53158,5,6,6,2,6,271.0965,271.0965,271.0965,7.22908985758693e-05
Orbitrap,32.6078,32.6078,4,6,6,3,6,163.039,163.039,163.039,7.22908985758693e-05
Orbitrap,32.61598,32.61598,5,6,6,1,6,326.1598,326.1598,326.1598,7.22908985758693e-05
Orbitrap,32.775204,32.775204,6,6,6,1,6,273.1267,273.1267,273.1267,7.22908985758693e-05
Orbitrap,32.918606,32.918606,6,6,6,1,6,235.1329,235.1329,235.1329,7.22908985758693e-05
Orbitrap,32.957199,32.957199,6,6,6,1,6,366.1911,366.1911,366.1911,7.22908985758693e-05
Orbitrap,33.318594,33.318594,6,6,6,2,6,185.1033,185.1033,185.1033,7.22908985758693e-05
Orbitrap,34.23819,34.23819,5,6,6,3,6,163.039,163.039,163.039,7.22908985758693e-05
Orbitrap,34.258936,34.258936,6,6,6,1,6,428.2367,428.2367,428.2367,7.22908985758693e-05
Orbitrap,34.561581999999994,34.561581999999994,15,6,6,1,6,314.1962,314.1962,314.1962,7.22908985758693e-05
Orbitrap,34.88079,34.88079,5,6,6,1,6,249.1485,249.1485,249.1485,7.22908985758693e-05
Orbitrap,35.06208,35.06208,5,6,6,1,6,219.138,219.138,219.138,7.22908985758693e-05
Orbitrap,35.152796,35.152796,6,6,6,1,6,251.0914,251.0914,251.0914,7.22908985758693e-05
Orbitrap,35.219088000000006,35.219088000000006,15,6,6,1,6,220.1193,220.1193,220.1193,7.22908985758693e-05
Orbitrap,35.277075,35.277075,6,6,6,2,6,235.1805,235.1805,235.1805,7.22908985758693e-05
Orbitrap,35.282535,35.282535,6,6,6,1,6,235.2169,235.2169,235.2169,7.22908985758693e-05
Orbitrap,35.834868,35.834868,6,6,6,2,6,199.0826,199.0826,199.0826,7.22908985758693e-05
Orbitrap,35.877578,35.877578,6,6,6,1,6,326.1598,326.1598,326.1598,7.22908985758693e-05
Orbitrap,36.015728,36.015728,6,6,6,1,6,225.0983,225.0983,225.0983,7.22908985758693e-05
Orbitrap,36.12010000000001,36.12010000000001,14,6,6,3,6,361.201,361.201,361.201,7.22908985758693e-05
Orbitrap,36.498516,36.498516,6,6,6,2,6,304.1543,304.1543,304.1543,7.22908985758693e-05
Orbitrap,36.556842,36.556842,6,6,6,1,6,609.2807,609.2807,609.2807,7.22908985758693e-05
Orbitrap,36.61911,36.61911,5,6,6,1,6,366.1911,366.1911,366.1911,7.22908985758693e-05
Orbitrap,36.77582999999999,36.77582999999999,14,6,6,1,6,175.123,175.123,175.123,7.22908985758693e-05
Orbitrap,37.51829,37.51829,5,6,6,1,6,163.123,163.123,163.123,7.22908985758693e-05
Orbitrap,37.597119,37.597119,6,6,6,1,6,179.0339,179.0339,179.0339,7.22908985758693e-05
Orbitrap,37.703544,37.703544,6,6,6,1,6,314.1962,314.1962,314.1962,7.22908985758693e-05
Orbitrap,37.95351,37.95351,5,6,6,2,6,271.0965,271.0965,271.0965,7.22908985758693e-05
Orbitrap,38.535996,38.535996,6,6,6,2,6,321.1333,321.1333,321.1333,7.22908985758693e-05
Orbitrap,39.06891,39.06891,5,6,6,1,6,217.0495,217.0495,217.0495,7.22908985758693e-05
Orbitrap,39.139176,39.139176,6,6,6,1,6,326.1598,326.1598,326.1598,7.22908985758693e-05
Orbitrap,39.444840000000006,39.444840000000006,15,6,6,1,6,219.138,219.138,219.138,7.22908985758693e-05
Orbitrap,39.506379,39.506379,6,6,6,1,6,359.1489,359.1489,359.1489,7.22908985758693e-05
Orbitrap,39.986873,39.986873,6,6,6,1,6,235.2169,235.2169,235.2169,7.22908985758693e-05
Orbitrap,40.174624,40.174624,6,6,6,1,6,251.0914,251.0914,251.0914,7.22908985758693e-05
Orbitrap,40.281021,40.281021,6,6,6,1,6,366.1911,366.1911,366.1911,7.22908985758693e-05
Orbitrap,40.342316,40.342316,6,6,6,1,6,288.1594,288.1594,288.1594,7.22908985758693e-05
Orbitrap,40.664475,40.664475,6,6,6,2,6,271.0965,271.0965,271.0965,7.22908985758693e-05
Orbitrap,40.84550599999999,40.84550599999999,14,6,6,1,6,314.1962,314.1962,314.1962,7.22908985758693e-05
Orbitrap,41.0604,41.0604,4,6,6,2,6,342.17,342.17,342.17,7.22908985758693e-05
Orbitrap,41.186169,41.186169,6,6,6,1,6,179.0703,179.0703,179.0703,7.22908985758693e-05
Orbitrap,42.33249,42.33249,5,6,6,2,6,235.1805,235.1805,235.1805,7.22908985758693e-05
Orbitrap,42.400774000000006,42.400774000000006,15,6,6,1,6,326.1598,326.1598,326.1598,7.22908985758693e-05
Orbitrap,42.892016000000005,42.892016000000005,15,6,6,1,6,268.0751,268.0751,268.0751,7.22908985758693e-05
Orbitrap,43.34412,43.34412,5,6,6,3,6,361.201,361.201,361.201,7.22908985758693e-05
Orbitrap,43.78075,43.78075,5,6,6,1,6,175.123,175.123,175.123,7.22908985758693e-05
Orbitrap,43.942932,43.942932,6,6,6,1,6,366.1911,366.1911,366.1911,7.22908985758693e-05
Orbitrap,43.98746799999999,43.98746799999999,14,6,6,1,6,314.1962,314.1962,314.1962,7.22908985758693e-05
Orbitrap,44.76757500000001,44.76757500000001,14,6,6,1,6,179.0703,179.0703,179.0703,7.22908985758693e-05
Orbitrap,44.84673,44.84673,5,6,6,1,6,249.1485,249.1485,249.1485,7.22908985758693e-05
Orbitrap,45.196452,45.196452,6,6,6,1,6,251.0914,251.0914,251.0914,7.22908985758693e-05
Orbitrap,45.580395,45.580395,6,6,6,1,6,217.0495,217.0495,217.0495,7.22908985758693e-05
Orbitrap,45.623145,45.623145,6,6,6,2,6,304.1543,304.1543,304.1543,7.22908985758693e-05
Orbitrap,45.662372000000005,45.662372000000005,15,6,6,1,6,326.1598,326.1598,326.1598,7.22908985758693e-05
Orbitrap,46.026603,46.026603,6,6,6,1,6,219.1743,219.1743,219.1743,7.22908985758693e-05
Orbitrap,46.086405,46.086405,6,6,6,2,6,271.0965,271.0965,271.0965,7.22908985758693e-05
Orbitrap,46.105504,46.105504,6,6,6,1,6,288.1594,288.1594,288.1594,7.22908985758693e-05
Orbitrap,46.225053,46.225053,6,6,6,1,6,220.1193,220.1193,220.1193,7.22908985758693e-05
Orbitrap,46.452432,46.452432,6,6,6,1,6,357.3264,357.3264,357.3264,7.22908985758693e-05
Orbitrap,46.45431,46.45431,5,6,6,3,6,258.0795,258.0795,258.0795,7.22908985758693e-05
Orbitrap,46.75975,46.75975,5,6,6,1,6,187.039,187.039,187.039,7.22908985758693e-05
Orbitrap,47.12942999999999,47.12942999999999,14,6,6,1,6,314.1962,314.1962,314.1962,7.22908985758693e-05
Orbitrap,47.347259,47.347259,6,6,6,2,6,249.1961,249.1961,249.1961,7.22908985758693e-05
Orbitrap,47.383488,47.383488,6,6,6,1,6,296.1468,296.1468,296.1468,7.22908985758693e-05
Orbitrap,47.604843,47.604843,6,6,6,1,6,366.1911,366.1911,366.1911,7.22908985758693e-05
Orbitrap,48.023584,48.023584,6,6,6,1,6,300.1474,300.1474,300.1474,7.22908985758693e-05
Orbitrap,48.031344,48.031344,6,6,6,1,6,300.1959,300.1959,300.1959,7.22908985758693e-05
Orbitrap,48.62259,48.62259,5,6,6,2,6,270.1255,270.1255,270.1255,7.22908985758693e-05
Orbitrap,48.92397,48.92397,5,6,6,1,6,326.1598,326.1598,326.1598,7.22908985758693e-05
Orbitrap,49.162806,49.162806,6,6,6,1,6,273.1267,273.1267,273.1267,7.22908985758693e-05
Orbitrap,49.395549,49.395549,6,6,6,1,6,235.2169,235.2169,235.2169,7.22908985758693e-05
Orbitrap,49.921385,49.921385,6,6,6,1,6,217.0495,217.0495,217.0495,7.22908985758693e-05
Orbitrap,50.27139199999999,50.27139199999999,14,6,6,1,6,314.1962,314.1962,314.1962,7.22908985758693e-05
Orbitrap,50.280846,50.280846,6,6,6,1,6,359.1489,359.1489,359.1489,7.22908985758693e-05
Orbitrap,50.40174,50.40174,5,6,6,1,6,219.138,219.138,219.138,7.22908985758693e-05
Orbitrap,51.266754,51.266754,6,6,6,1,6,366.1911,366.1911,366.1911,7.22908985758693e-05
Orbitrap,51.3255,51.3255,4,6,6,2,6,342.17,342.17,342.17,7.22908985758693e-05
Orbitrap,52.185568,52.185568,6,6,6,1,6,326.1598,326.1598,326.1598,7.22908985758693e-05
Orbitrap,52.72919399999999,52.72919399999999,14,6,6,1,6,251.0914,251.0914,251.0914,7.22908985758693e-05
Orbitrap,53.413354,53.413354,6,6,6,1,6,314.1962,314.1962,314.1962,7.22908985758693e-05
Orbitrap,54.262375,54.262375,6,6,6,1,6,217.0495,217.0495,217.0495,7.22908985758693e-05
Orbitrap,54.747774,54.747774,6,6,6,2,6,304.1543,304.1543,304.1543,7.22908985758693e-05
Orbitrap,54.793575,54.793575,6,6,6,1,6,219.1743,219.1743,219.1743,7.22908985758693e-05
Orbitrap,54.928665,54.928665,6,6,6,1,6,366.1911,366.1911,366.1911,7.22908985758693e-05
Orbitrap,55.447166,55.447166,6,6,6,1,6,326.1598,326.1598,326.1598,7.22908985758693e-05
Orbitrap,57.150685,57.150685,6,6,6,2,6,336.1805,336.1805,336.1805,7.22908985758693e-05
Orbitrap,57.751022,57.751022,6,6,6,1,6,251.0914,251.0914,251.0914,7.22908985758693e-05
Orbitrap,58.590576,58.590576,6,6,6,1,6,366.1911,366.1911,366.1911,7.22908985758693e-05
Orbitrap,58.708764,58.708764,6,6,6,1,6,326.1598,326.1598,326.1598,7.22908985758693e-05
Orbitrap,58.804225,58.804225,6,6,6,1,6,235.2169,235.2169,235.2169,7.22908985758693e-05
Orbitrap,59.73336,59.73336,5,6,6,1,6,995.556,995.556,995.556,7.22908985758693e-05
Orbitrap,60.513474,60.513474,6,6,6,1,6,288.1594,288.1594,288.1594,7.22908985758693e-05
Orbitrap,61.452688,61.452688,6,6,6,2,6,267.1856,267.1856,267.1856,7.22908985758693e-05
Orbitrap,61.59060000000001,61.59060000000001,14,6,6,2,6,342.17,342.17,342.17,7.22908985758693e-05
Orbitrap,62.252487,62.252487,6,6,6,1,6,366.1911,366.1911,366.1911,7.22908985758693e-05
Orbitrap,62.299025,62.299025,6,6,6,1,6,249.1961,249.1961,249.1961,7.22908985758693e-05
Orbitrap,64.12454400000001,64.12454400000001,14,6,6,2,6,267.1856,267.1856,267.1856,7.22908985758693e-05
Orbitrap,64.31875199999999,64.31875199999999,14,6,6,1,6,357.3264,357.3264,357.3264,7.22908985758693e-05
Orbitrap,66.53036200000001,66.53036200000001,14,6,6,2,6,350.1598,350.1598,350.1598,7.22908985758693e-05
Orbitrap,67.774125,67.774125,6,6,6,1,6,271.0965,271.0965,271.0965,7.22908985758693e-05
Orbitrap,68.517872,68.517872,6,6,6,1,6,428.2367,428.2367,428.2367,7.22908985758693e-05
Orbitrap,69.46825600000001,69.46825600000001,14,6,6,2,6,267.1856,267.1856,267.1856,7.22908985758693e-05
Orbitrap,69.95237599999999,69.95237599999999,14,6,6,2,6,368.1704,368.1704,368.1704,7.22908985758693e-05
Orbitrap,70.03196000000001,70.03196000000001,14,6,6,2,6,350.1598,350.1598,350.1598,7.22908985758693e-05
Orbitrap,73.533558,73.533558,6,6,6,2,6,350.1598,350.1598,350.1598,7.22908985758693e-05
Orbitrap,73.63407999999998,73.63407999999998,14,6,6,2,6,368.1704,368.1704,368.1704,7.22908985758693e-05
Orbitrap,75.03854399999999,75.03854399999999,14,6,6,1,6,357.3264,357.3264,357.3264,7.22908985758693e-05
Orbitrap,77.315784,77.315784,6,6,6,2,6,368.1704,368.1704,368.1704,7.22908985758693e-05
Orbitrap,82.604247,82.604247,6,6,6,1,6,359.1489,359.1489,359.1489,7.22908985758693e-05
Orbitrap,87.43398300000001,87.43398300000001,14,6,6,1,6,416.3523,416.3523,416.3523,7.22908985758693e-05
Orbitrap,89.3316,89.3316,4,6,6,1,6,357.3264,357.3264,357.3264,7.22908985758693e-05
Orbitrap,89.60004,89.60004,5,6,6,1,6,995.556,995.556,995.556,7.22908985758693e-05
Orbitrap,95.761029,95.761029,6,6,6,1,6,416.3523,416.3523,416.3523,7.22908985758693e-05
Orbitrap,96.400751,96.400751,6,6,6,1,6,419.1337,419.1337,419.1337,7.22908985758693e-05
Orbitrap,104.088075,104.088075,6,6,6,1,6,416.3523,416.3523,416.3523,7.22908985758693e-05
Orbitrap,119.46672,119.46672,5,6,6,1,6,995.556,995.556,995.556,7.22908985758693e-05
Orbitrap,149.33339999999998,149.33339999999998,14,6,6,1,6,995.556,995.556,995.556,7.22908985758693e-05
Orbitrap,179.20008,179.20008,5,6,6,1,6,995.556,995.556,995.556,7.22908985758693e-05
Orbitrap,0.0,0,0,5,5,5,5,166.0723,341.2813,449.16791,6.024241547989108e-05
Orbitrap,4.501966,4.501966,6,5,5,1,5,225.0983,225.0983,225.0983,6.024241547989108e-05
Orbitrap,5.803530225,5.803530225,9,5,5,1,5,116.0706045,116.0706045,116.0706045,6.024241547989108e-05
Orbitrap,5.903055125,5.903055125,9,5,5,1,5,118.0611025,118.0611025,118.0611025,6.024241547989108e-05
Orbitrap,5.90325626,5.90325626,8,5,5,1,5,118.0651252,118.0651252,118.0651252,6.024241547989108e-05
Orbitrap,6.062562,6.062562,6,5,5,2,5,202.0854,202.0854,202.0854,6.024241547989108e-05
Orbitrap,6.653038404999999,6.653038404999999,15,5,5,2,5,133.0607681,133.0607681,133.0607681,6.024241547989108e-05
Orbitrap,6.782688,6.782688,6,5,5,2,5,226.0896,226.0896,226.0896,6.024241547989108e-05
Orbitrap,7.403021689999999,7.403021689999999,15,5,5,2,5,148.0604338,148.0604338,148.0604338,6.024241547989108e-05
Orbitrap,7.742385,7.742385,6,5,5,2,5,258.0795,258.0795,258.0795,6.024241547989108e-05
Orbitrap,8.10380419,8.10380419,8,5,5,1,5,162.0760838,162.0760838,162.0760838,6.024241547989108e-05
Orbitrap,8.452476735,8.452476735,9,5,5,4,5,169.0495347,169.0495347,169.0495347,6.024241547989108e-05
Orbitrap,9.186132,9.186132,6,5,5,1,5,153.1022,153.1022,153.1022,6.024241547989108e-05
Orbitrap,9.50431273,9.50431273,8,5,5,2,5,190.0862546,190.0862546,190.0862546,6.024241547989108e-05
Orbitrap,10.043656,10.043656,6,5,5,1,5,251.0914,251.0914,251.0914,6.024241547989108e-05
Orbitrap,10.443246,10.443246,6,5,5,1,5,174.0541,174.0541,174.0541,6.024241547989108e-05
Orbitrap,10.852475,10.852475,6,5,5,2,5,217.0495,217.0495,217.0495,6.024241547989108e-05
Orbitrap,11.128936,11.128936,6,5,5,1,5,139.1117,139.1117,139.1117,6.024241547989108e-05
Orbitrap,11.284182,11.284182,6,5,5,1,5,188.0697,188.0697,188.0697,6.024241547989108e-05
Orbitrap,11.398926,11.398926,6,5,5,1,5,189.9821,189.9821,189.9821,6.024241547989108e-05
Orbitrap,11.528298,11.528298,6,5,5,1,5,192.1383,192.1383,192.1383,6.024241547989108e-05
Orbitrap,11.628582,11.628582,6,5,5,2,5,166.1226,166.1226,166.1226,6.024241547989108e-05
Orbitrap,11.65642269,11.65642269,8,5,5,2,5,233.1284538,233.1284538,233.1284538,6.024241547989108e-05
Orbitrap,12.72351,12.72351,5,5,5,1,5,212.0585,212.0585,212.0585,6.024241547989108e-05
Orbitrap,12.84756,12.84756,5,5,5,1,5,214.126,214.126,214.126,6.024241547989108e-05
Orbitrap,12.905766,12.905766,6,5,5,1,5,215.0961,215.0961,215.0961,6.024241547989108e-05
Orbitrap,13.38447,13.38447,5,5,5,1,5,223.0745,223.0745,223.0745,6.024241547989108e-05
Orbitrap,13.800414,13.800414,6,5,5,1,5,230.0069,230.0069,230.0069,6.024241547989108e-05
Orbitrap,13.911170000000002,13.911170000000002,15,5,5,1,5,139.1117,139.1117,139.1117,6.024241547989108e-05
Orbitrap,13.981458,13.981458,6,5,5,1,5,233.0243,233.0243,233.0243,6.024241547989108e-05
Orbitrap,14.108646,14.108646,6,5,5,1,5,235.1441,235.1441,235.1441,6.024241547989108e-05
Orbitrap,14.227404,14.227404,6,5,5,1,5,237.1234,237.1234,237.1234,6.024241547989108e-05
Orbitrap,14.349018,14.349018,6,5,5,1,5,239.1503,239.1503,239.1503,6.024241547989108e-05
Orbitrap,14.404716,14.404716,6,5,5,1,5,240.0786,240.0786,240.0786,6.024241547989108e-05
Orbitrap,14.52507,14.52507,5,5,5,2,5,242.0845,242.0845,242.0845,6.024241547989108e-05
Orbitrap,15.00387,15.00387,5,5,5,1,5,250.0645,250.0645,250.0645,6.024241547989108e-05
Orbitrap,15.128502,15.128502,6,5,5,1,5,252.1417,252.1417,252.1417,6.024241547989108e-05
Orbitrap,15.181854,15.181854,6,5,5,1,5,253.0309,253.0309,253.0309,6.024241547989108e-05
Orbitrap,15.185831999999998,15.185831999999998,15,5,5,2,5,253.0972,253.0972,253.0972,6.024241547989108e-05
Orbitrap,15.306096,15.306096,6,5,5,1,5,255.1016,255.1016,255.1016,6.024241547989108e-05
Orbitrap,15.361254,15.361254,6,5,5,1,5,256.0209,256.0209,256.0209,6.024241547989108e-05
Orbitrap,15.363575999999998,15.363575999999998,15,5,5,1,5,256.0596,256.0596,256.0596,6.024241547989108e-05
Orbitrap,15.366594,15.366594,6,5,5,1,5,256.1099,256.1099,256.1099,6.024241547989108e-05
Orbitrap,16.178843999999998,16.178843999999998,15,5,5,1,5,147.0804,147.0804,147.0804,6.024241547989108e-05
Orbitrap,16.32258,16.32258,5,5,5,1,5,136.0215,136.0215,136.0215,6.024241547989108e-05
Orbitrap,16.564919999999997,16.564919999999997,15,5,5,1,5,276.082,276.082,276.082,6.024241547989108e-05
Orbitrap,16.68633,16.68633,5,5,5,1,5,278.1055,278.1055,278.1055,6.024241547989108e-05
Orbitrap,16.693404,16.693404,6,5,5,1,5,139.1117,139.1117,139.1117,6.024241547989108e-05
Orbitrap,17.104733999999997,17.104733999999997,15,5,5,1,5,285.0789,285.0789,285.0789,6.024241547989108e-05
Orbitrap,17.156174375000003,17.156174375000003,15,5,5,4,5,343.1234875,343.1234875,343.1234875,6.024241547989108e-05
Orbitrap,17.34729,17.34729,5,5,5,1,5,289.1215,289.1215,289.1215,6.024241547989108e-05
Orbitrap,17.764200000000002,17.764200000000002,15,5,5,1,5,296.07,296.07,296.07,6.024241547989108e-05
Orbitrap,17.768472000000003,17.768472000000003,15,5,5,1,5,296.1412,296.1412,296.1412,6.024241547989108e-05
Orbitrap,17.831094,17.831094,6,5,5,1,5,297.1849,297.1849,297.1849,6.024241547989108e-05
Orbitrap,17.896446,17.896446,6,5,5,1,5,298.2741,298.2741,298.2741,6.024241547989108e-05
Orbitrap,17.940076,17.940076,6,5,5,1,5,128.1434,128.1434,128.1434,6.024241547989108e-05
Orbitrap,18.372264,18.372264,6,5,5,1,5,153.1022,153.1022,153.1022,6.024241547989108e-05
Orbitrap,18.426678,18.426678,6,5,5,1,5,307.1113,307.1113,307.1113,6.024241547989108e-05
Orbitrap,18.664854,18.664854,6,5,5,1,5,311.0809,311.0809,311.0809,6.024241547989108e-05
Orbitrap,18.966456,18.966456,6,5,5,1,5,316.1076,316.1076,316.1076,6.024241547989108e-05
Orbitrap,19.118869000000004,19.118869000000004,15,5,5,1,5,273.1267,273.1267,273.1267,6.024241547989108e-05
Orbitrap,19.120452,19.120452,6,5,5,1,5,147.0804,147.0804,147.0804,6.024241547989108e-05
Orbitrap,19.20843,19.20843,5,5,5,1,5,320.1405,320.1405,320.1405,6.024241547989108e-05
Orbitrap,19.475638000000004,19.475638000000004,15,5,5,1,5,139.1117,139.1117,139.1117,6.024241547989108e-05
Orbitrap,19.510266000000005,19.510266000000005,15,5,5,1,5,325.1711,325.1711,325.1711,6.024241547989108e-05
Orbitrap,19.693729,19.693729,6,5,5,1,5,179.0339,179.0339,179.0339,6.024241547989108e-05
Orbitrap,19.697733,19.697733,6,5,5,1,5,179.0703,179.0703,179.0703,6.024241547989108e-05
Orbitrap,19.804824,19.804824,6,5,5,1,5,330.0804,330.0804,330.0804,6.024241547989108e-05
Orbitrap,19.92843,19.92843,5,5,5,1,5,332.1405,332.1405,332.1405,6.024241547989108e-05
Orbitrap,20.348064,20.348064,6,5,5,2,5,226.0896,226.0896,226.0896,6.024241547989108e-05
Orbitrap,20.524626,20.524626,6,5,5,1,5,342.0771,342.0771,342.0771,6.024241547989108e-05
Orbitrap,20.582394,20.582394,6,5,5,1,5,343.0399,343.0399,343.0399,6.024241547989108e-05
Orbitrap,20.655984,20.655984,6,5,5,1,5,172.1332,172.1332,172.1332,6.024241547989108e-05
Orbitrap,20.8829616,20.8829616,7,5,5,3,5,261.03702,261.03702,261.03702,6.024241547989108e-05
Orbitrap,20.886492,20.886492,6,5,5,1,5,174.0541,174.0541,174.0541,6.024241547989108e-05
Orbitrap,21.204521,21.204521,6,5,5,1,5,163.1117,163.1117,163.1117,6.024241547989108e-05
Orbitrap,21.215288,21.215288,6,5,5,2,5,265.1911,265.1911,265.1911,6.024241547989108e-05
Orbitrap,21.667206,21.667206,6,5,5,1,5,361.1201,361.1201,361.1201,6.024241547989108e-05
Orbitrap,21.787605,21.787605,6,5,5,2,5,242.0845,242.0845,242.0845,6.024241547989108e-05
Orbitrap,22.257872000000003,22.257872000000003,15,5,5,1,5,139.1117,139.1117,139.1117,6.024241547989108e-05
Orbitrap,22.568364000000003,22.568364000000003,15,5,5,1,5,188.0697,188.0697,188.0697,6.024241547989108e-05
Orbitrap,22.797852,22.797852,6,5,5,1,5,189.9821,189.9821,189.9821,6.024241547989108e-05
Orbitrap,23.056596,23.056596,6,5,5,1,5,192.1383,192.1383,192.1383,6.024241547989108e-05
Orbitrap,23.279139,23.279139,6,5,5,1,5,179.0703,179.0703,179.0703,6.024241547989108e-05
Orbitrap,23.291568,23.291568,6,5,5,1,5,194.0964,194.0964,194.0964,6.024241547989108e-05
Orbitrap,23.349756000000003,23.349756000000003,15,5,5,1,5,389.1626,389.1626,389.1626,6.024241547989108e-05
Orbitrap,23.406504,23.406504,6,5,5,1,5,390.1084,390.1084,390.1084,6.024241547989108e-05
Orbitrap,24.213123,24.213123,6,5,5,1,5,220.1193,220.1193,220.1193,6.024241547989108e-05
Orbitrap,24.31507,24.31507,5,5,5,1,5,187.039,187.039,187.039,6.024241547989108e-05
Orbitrap,24.371124,24.371124,6,5,5,1,5,203.0927,203.0927,203.0927,6.024241547989108e-05
Orbitrap,24.398685,24.398685,6,5,5,2,5,271.0965,271.0965,271.0965,6.024241547989108e-05
Orbitrap,24.48387,24.48387,5,5,5,1,5,136.0215,136.0215,136.0215,6.024241547989108e-05
Orbitrap,24.666485999999995,24.666485999999995,15,5,5,1,5,411.1081,411.1081,411.1081,6.024241547989108e-05
Orbitrap,24.857904,24.857904,6,5,5,1,5,207.1492,207.1492,207.1492,6.024241547989108e-05
Orbitrap,25.040106000000005,25.040106000000005,15,5,5,1,5,139.1117,139.1117,139.1117,6.024241547989108e-05
Orbitrap,25.064746,25.064746,6,5,5,1,5,179.0339,179.0339,179.0339,6.024241547989108e-05
Orbitrap,25.069842,25.069842,6,5,5,1,5,179.0703,179.0703,179.0703,6.024241547989108e-05
Orbitrap,25.44702,25.44702,5,5,5,1,5,212.0585,212.0585,212.0585,6.024241547989108e-05
Orbitrap,25.569468,25.569468,6,5,5,1,5,213.0789,213.0789,213.0789,6.024241547989108e-05
Orbitrap,25.69512,25.69512,5,5,5,1,5,214.126,214.126,214.126,6.024241547989108e-05
Orbitrap,25.811532,25.811532,6,5,5,1,5,215.0961,215.0961,215.0961,6.024241547989108e-05
Orbitrap,26.18546,26.18546,5,5,5,1,5,187.039,187.039,187.039,6.024241547989108e-05
Orbitrap,26.293536,26.293536,6,5,5,1,5,219.1128,219.1128,219.1128,6.024241547989108e-05
Orbitrap,26.47002,26.47002,5,5,5,1,5,441.167,441.167,441.167,6.024241547989108e-05
Orbitrap,26.474308,26.474308,6,5,5,1,5,189.1022,189.1022,189.1022,6.024241547989108e-05
Orbitrap,26.474472,26.474472,6,5,5,1,5,147.0804,147.0804,147.0804,6.024241547989108e-05
Orbitrap,26.51911,26.51911,5,5,5,2,5,265.1911,265.1911,265.1911,6.024241547989108e-05
Orbitrap,26.645148,26.645148,6,5,5,1,5,222.0429,222.0429,222.0429,6.024241547989108e-05
Orbitrap,27.136068,27.136068,6,5,5,1,5,226.1339,226.1339,226.1339,6.024241547989108e-05
Orbitrap,27.317424,27.317424,6,5,5,1,5,455.2904,455.2904,455.2904,6.024241547989108e-05
Orbitrap,27.36297,27.36297,5,5,5,1,5,152.0165,152.0165,152.0165,6.024241547989108e-05
Orbitrap,27.406335,27.406335,6,5,5,1,5,249.1485,249.1485,249.1485,6.024241547989108e-05
Orbitrap,27.558396,27.558396,6,5,5,1,5,153.1022,153.1022,153.1022,6.024241547989108e-05
Orbitrap,27.962916,27.962916,6,5,5,1,5,233.0243,233.0243,233.0243,6.024241547989108e-05
Orbitrap,28.217292,28.217292,6,5,5,1,5,235.1441,235.1441,235.1441,6.024241547989108e-05
Orbitrap,28.452264000000003,28.452264000000003,15,5,5,1,5,237.1022,237.1022,237.1022,6.024241547989108e-05
Orbitrap,28.454808,28.454808,6,5,5,1,5,237.1234,237.1234,237.1234,6.024241547989108e-05
Orbitrap,28.698036,28.698036,6,5,5,1,5,239.1503,239.1503,239.1503,6.024241547989108e-05
Orbitrap,28.804896,28.804896,6,5,5,1,5,160.0272,160.0272,160.0272,6.024241547989108e-05
Orbitrap,29.05014,29.05014,5,5,5,2,5,242.0845,242.0845,242.0845,6.024241547989108e-05
Orbitrap,30.00774,30.00774,5,5,5,1,5,250.0645,250.0645,250.0645,6.024241547989108e-05
Orbitrap,30.256352000000003,30.256352000000003,15,5,5,1,5,189.1022,189.1022,189.1022,6.024241547989108e-05
Orbitrap,30.363708,30.363708,6,5,5,1,5,253.0309,253.0309,253.0309,6.024241547989108e-05
Orbitrap,30.497208000000004,30.497208000000004,15,5,5,1,5,254.1434,254.1434,254.1434,6.024241547989108e-05
Orbitrap,30.612192,30.612192,6,5,5,1,5,255.1016,255.1016,255.1016,6.024241547989108e-05
Orbitrap,30.722508,30.722508,6,5,5,1,5,256.0209,256.0209,256.0209,6.024241547989108e-05
Orbitrap,30.727152,30.727152,6,5,5,1,5,256.0596,256.0596,256.0596,6.024241547989108e-05
Orbitrap,30.733188,30.733188,6,5,5,1,5,256.1099,256.1099,256.1099,6.024241547989108e-05
Orbitrap,30.983976,30.983976,6,5,5,1,5,172.1332,172.1332,172.1332,6.024241547989108e-05
Orbitrap,31.21974,31.21974,5,5,5,1,5,260.1645,260.1645,260.1645,6.024241547989108e-05
Orbitrap,31.329738000000003,31.329738000000003,15,5,5,1,5,174.0541,174.0541,174.0541,6.024241547989108e-05
Orbitrap,31.822932,31.822932,6,5,5,2,5,265.1911,265.1911,265.1911,6.024241547989108e-05
Orbitrap,32.178515999999995,32.178515999999995,15,5,5,1,5,268.1543,268.1543,268.1543,6.024241547989108e-05
Orbitrap,33.37266,33.37266,5,5,5,1,5,278.1055,278.1055,278.1055,6.024241547989108e-05
Orbitrap,33.845772,33.845772,6,5,5,1,5,282.0481,282.0481,282.0481,6.024241547989108e-05
Orbitrap,33.852546000000004,33.852546000000004,15,5,5,1,5,188.0697,188.0697,188.0697,6.024241547989108e-05
Orbitrap,33.913439999999994,33.913439999999994,15,5,5,2,5,226.0896,226.0896,226.0896,6.024241547989108e-05
Orbitrap,34.096944,34.096944,6,5,5,1,5,284.1412,284.1412,284.1412,6.024241547989108e-05
Orbitrap,34.209467999999994,34.209467999999994,15,5,5,1,5,285.0789,285.0789,285.0789,6.024241547989108e-05
Orbitrap,34.584894,34.584894,6,5,5,1,5,192.1383,192.1383,192.1383,6.024241547989108e-05
Orbitrap,34.69458,34.69458,5,5,5,1,5,289.1215,289.1215,289.1215,6.024241547989108e-05
Orbitrap,34.937352,34.937352,6,5,5,1,5,194.0964,194.0964,194.0964,6.024241547989108e-05
Orbitrap,35.172612,35.172612,6,5,5,1,5,293.1051,293.1051,293.1051,6.024241547989108e-05
Orbitrap,35.52288,35.52288,5,5,5,1,5,296.024,296.024,296.024,6.024241547989108e-05
Orbitrap,35.528400000000005,35.528400000000005,15,5,5,1,5,296.07,296.07,296.07,6.024241547989108e-05
Orbitrap,35.662188,35.662188,6,5,5,1,5,297.1849,297.1849,297.1849,6.024241547989108e-05
Orbitrap,36.01179,36.01179,5,5,5,2,5,240.0786,240.0786,400.131,6.024241547989108e-05
Orbitrap,36.312675,36.312675,6,5,5,2,5,242.0845,242.0845,242.0845,6.024241547989108e-05
Orbitrap,36.51162,36.51162,5,5,5,1,5,304.2635,304.2635,304.2635,6.024241547989108e-05
Orbitrap,36.612996,36.612996,6,5,5,1,5,305.1083,305.1083,305.1083,6.024241547989108e-05
Orbitrap,37.126754,37.126754,6,5,5,2,5,265.1911,265.1911,265.1911,6.024241547989108e-05
Orbitrap,37.286856,37.286856,6,5,5,1,5,207.1492,207.1492,207.1492,6.024241547989108e-05
Orbitrap,37.460722,37.460722,6,5,5,1,5,288.1594,288.1594,288.1594,6.024241547989108e-05
Orbitrap,38.354202,38.354202,6,5,5,1,5,213.0789,213.0789,213.0789,6.024241547989108e-05
Orbitrap,38.41686,38.41686,5,5,5,1,5,320.1405,320.1405,320.1405,6.024241547989108e-05
Orbitrap,38.540178,38.540178,6,5,5,2,5,214.1121,214.1121,214.1121,6.024241547989108e-05
Orbitrap,38.711925,38.711925,6,5,5,2,5,258.0795,258.0795,258.0795,6.024241547989108e-05
Orbitrap,38.89818,38.89818,5,5,5,1,5,216.101,216.101,216.101,6.024241547989108e-05
Orbitrap,39.256452,39.256452,6,5,5,1,5,327.1371,327.1371,327.1371,6.024241547989108e-05
Orbitrap,39.440304,39.440304,6,5,5,1,5,219.1128,219.1128,219.1128,6.024241547989108e-05
Orbitrap,39.64156,39.64156,5,5,5,1,5,283.154,283.154,283.154,6.024241547989108e-05
Orbitrap,39.85686,39.85686,5,5,5,1,5,332.1405,332.1405,332.1405,6.024241547989108e-05
Orbitrap,39.86376,39.86376,5,5,5,1,5,249.1485,249.1485,249.1485,6.024241547989108e-05
Orbitrap,39.967722,39.967722,6,5,5,1,5,222.0429,222.0429,222.0429,6.024241547989108e-05
Orbitrap,40.696128,40.696128,6,5,5,2,5,226.0896,226.0896,226.0896,6.024241547989108e-05
Orbitrap,40.704102,40.704102,6,5,5,1,5,226.1339,226.1339,226.1339,6.024241547989108e-05
Orbitrap,41.164788,41.164788,6,5,5,1,5,343.0399,343.0399,343.0399,6.024241547989108e-05
Orbitrap,41.944374,41.944374,6,5,5,1,5,233.0243,233.0243,233.0243,6.024241547989108e-05
Orbitrap,42.325938,42.325938,6,5,5,1,5,235.1441,235.1441,235.1441,6.024241547989108e-05
Orbitrap,42.430576,42.430576,6,5,5,2,5,265.1911,265.1911,265.1911,6.024241547989108e-05
Orbitrap,42.682212,42.682212,6,5,5,1,5,237.1234,237.1234,237.1234,6.024241547989108e-05
Orbitrap,43.33441199999999,43.33441199999999,14,5,5,1,5,361.1201,361.1201,361.1201,6.024241547989108e-05
Orbitrap,43.57521,43.57521,5,5,5,2,5,242.0845,242.0845,242.0845,6.024241547989108e-05
Orbitrap,44.82345600000001,44.82345600000001,14,5,5,1,5,249.0192,249.0192,249.0192,6.024241547989108e-05
Orbitrap,45.00288,45.00288,5,5,5,1,5,250.016,250.016,250.016,6.024241547989108e-05
Orbitrap,45.01161,45.01161,5,5,5,1,5,250.0645,250.0645,250.0645,6.024241547989108e-05
Orbitrap,45.30464,45.30464,5,5,5,1,5,283.154,283.154,283.154,6.024241547989108e-05
Orbitrap,45.38550599999999,45.38550599999999,14,5,5,1,5,252.1417,252.1417,252.1417,6.024241547989108e-05
Orbitrap,45.545562,45.545562,6,5,5,1,5,253.0309,253.0309,253.0309,6.024241547989108e-05
Orbitrap,45.557496,45.557496,6,5,5,2,5,253.0972,253.0972,253.0972,6.024241547989108e-05
Orbitrap,46.090728,46.090728,6,5,5,1,5,256.0596,256.0596,256.0596,6.024241547989108e-05
Orbitrap,46.099782,46.099782,6,5,5,1,5,256.1099,256.1099,256.1099,6.024241547989108e-05
Orbitrap,46.699512000000006,46.699512000000006,15,5,5,1,5,389.1626,389.1626,389.1626,6.024241547989108e-05
Orbitrap,46.813008,46.813008,6,5,5,1,5,390.1084,390.1084,390.1084,6.024241547989108e-05
Orbitrap,46.82961,46.82961,5,5,5,1,5,260.1645,260.1645,260.1645,6.024241547989108e-05
Orbitrap,47.409756,47.409756,6,5,5,1,5,395.0813,395.0813,395.0813,6.024241547989108e-05
Orbitrap,47.734398,47.734398,6,5,5,2,5,265.1911,265.1911,265.1911,6.024241547989108e-05
Orbitrap,48.267774,48.267774,6,5,5,1,5,268.1543,268.1543,268.1543,6.024241547989108e-05
Orbitrap,48.72864,48.72864,5,5,5,1,5,406.072,406.072,406.072,6.024241547989108e-05
Orbitrap,50.025696,50.025696,6,5,5,1,5,357.3264,357.3264,357.3264,6.024241547989108e-05
Orbitrap,50.05899,50.05899,5,5,5,1,5,278.1055,278.1055,278.1055,6.024241547989108e-05
Orbitrap,50.768658,50.768658,6,5,5,1,5,282.0481,282.0481,282.0481,6.024241547989108e-05
Orbitrap,51.145416,51.145416,6,5,5,1,5,284.1412,284.1412,284.1412,6.024241547989108e-05
Orbitrap,51.314202,51.314202,6,5,5,1,5,285.0789,285.0789,285.0789,6.024241547989108e-05
Orbitrap,51.670476,51.670476,6,5,5,1,5,287.0582,287.0582,287.0582,6.024241547989108e-05
Orbitrap,52.581798,52.581798,6,5,5,1,5,292.1211,292.1211,292.1211,6.024241547989108e-05
Orbitrap,53.28432,53.28432,5,5,5,1,5,296.024,296.024,296.024,6.024241547989108e-05
Orbitrap,53.2926,53.2926,4,5,5,1,5,296.07,296.07,296.07,6.024241547989108e-05
Orbitrap,53.49328200000001,53.49328200000001,14,5,5,1,5,297.1849,297.1849,297.1849,6.024241547989108e-05
Orbitrap,54.634848,54.634848,6,5,5,1,5,455.2904,455.2904,455.2904,6.024241547989108e-05
Orbitrap,54.76743,54.76743,5,5,5,1,5,304.2635,304.2635,304.2635,6.024241547989108e-05
Orbitrap,54.919494,54.919494,6,5,5,1,5,305.1083,305.1083,305.1083,6.024241547989108e-05
Orbitrap,54.991584,54.991584,6,5,5,1,5,916.5264,916.5264,916.5264,6.024241547989108e-05
Orbitrap,55.28003400000001,55.28003400000001,14,5,5,1,5,307.1113,307.1113,307.1113,6.024241547989108e-05
Orbitrap,57.62528999999999,57.62528999999999,14,5,5,1,5,320.1405,320.1405,320.1405,6.024241547989108e-05
Orbitrap,58.289322,58.289322,6,5,5,1,5,416.3523,416.3523,416.3523,6.024241547989108e-05
Orbitrap,58.678718,58.678718,6,5,5,1,5,419.1337,419.1337,419.1337,6.024241547989108e-05
Orbitrap,59.78529,59.78529,5,5,5,1,5,332.1405,332.1405,332.1405,6.024241547989108e-05
Orbitrap,61.57387799999999,61.57387799999999,14,5,5,1,5,342.0771,342.0771,342.0771,6.024241547989108e-05
Orbitrap,61.82930399999999,61.82930399999999,14,5,5,1,5,515.2442,515.2442,515.2442,6.024241547989108e-05
Orbitrap,64.455138,64.455138,6,5,5,1,5,358.0841,358.0841,358.0841,6.024241547989108e-05
Orbitrap,65.001618,65.001618,6,5,5,1,5,361.1201,361.1201,361.1201,6.024241547989108e-05
Orbitrap,66.7964,66.7964,4,5,5,2,5,267.1856,267.1856,267.1856,6.024241547989108e-05
Orbitrap,70.049268,70.049268,6,5,5,1,5,389.1626,389.1626,389.1626,6.024241547989108e-05
Orbitrap,70.21951200000001,70.21951200000001,14,5,5,1,5,390.1084,390.1084,390.1084,6.024241547989108e-05
Orbitrap,72.742338,72.742338,6,5,5,1,5,404.1241,404.1241,404.1241,6.024241547989108e-05
Orbitrap,73.999458,73.999458,6,5,5,1,5,411.1081,411.1081,411.1081,6.024241547989108e-05
Orbitrap,77.47861,77.47861,5,5,5,3,5,352.1755,352.1755,352.1755,6.024241547989108e-05
Orbitrap,79.41006,79.41006,5,5,5,1,5,441.167,441.167,441.167,6.024241547989108e-05
Orbitrap,81.952272,81.952272,6,5,5,1,5,455.2904,455.2904,455.2904,6.024241547989108e-05
Orbitrap,92.743956,92.743956,6,5,5,1,5,515.2442,515.2442,515.2442,6.024241547989108e-05
Orbitrap,2.671856,2.671856,6,4,4,2,4,267.1856,267.1856,267.1856,4.8193932383912866e-05
Orbitrap,3.50246,3.50246,5,4,4,1,4,175.123,175.123,175.123,4.8193932383912866e-05
Orbitrap,3.703563662,3.703563662,9,4,4,1,4,74.07127324,74.07127324,74.07127324,4.8193932383912866e-05
Orbitrap,3.751136999999999,3.751136999999999,15,4,4,1,4,125.0379,125.0379,125.0379,4.8193932383912866e-05
Orbitrap,3.782046,3.782046,6,4,4,1,4,189.1023,189.1023,189.1023,4.8193932383912866e-05
Orbitrap,3.903261,3.903261,6,4,4,1,4,130.1087,130.1087,130.1087,4.8193932383912866e-05
Orbitrap,4.053048,4.053048,6,4,4,1,4,135.1016,135.1016,135.1016,4.8193932383912866e-05
Orbitrap,4.083362999999999,4.083362999999999,15,4,4,1,4,136.1121,136.1121,136.1121,4.8193932383912866e-05
Orbitrap,4.412412000000001,4.412412000000001,15,4,4,1,4,147.0804,147.0804,147.0804,4.8193932383912866e-05
Orbitrap,4.4553662195,4.4553662195,10,4,4,1,4,89.10732439,89.10732439,89.10732439,4.8193932383912866e-05
Orbitrap,4.503834,4.503834,6,4,4,1,4,150.1278,150.1278,150.1278,4.8193932383912866e-05
Orbitrap,4.562118000000001,4.562118000000001,15,4,4,1,4,152.0706,152.0706,152.0706,4.8193932383912866e-05
Orbitrap,4.593066,4.593066,6,4,4,1,4,153.1022,153.1022,153.1022,4.8193932383912866e-05
Orbitrap,4.891607999999999,4.891607999999999,15,4,4,1,4,163.0536,163.0536,163.0536,4.8193932383912866e-05
Orbitrap,4.893351000000001,4.893351000000001,15,4,4,1,4,163.1117,163.1117,163.1117,4.8193932383912866e-05
Orbitrap,4.893689999999999,4.893689999999999,15,4,4,2,4,163.123,163.123,163.123,4.8193932383912866e-05
Orbitrap,5.133384,5.133384,6,4,4,1,4,171.1128,171.1128,171.1128,4.8193932383912866e-05
Orbitrap,5.162151,5.162151,6,4,4,1,4,172.0717,172.0717,172.0717,4.8193932383912866e-05
Orbitrap,5.163995999999999,5.163995999999999,15,4,4,1,4,172.1332,172.1332,172.1332,4.8193932383912866e-05
Orbitrap,5.220656999999999,5.220656999999999,15,4,4,1,4,174.0219,174.0219,174.0219,4.8193932383912866e-05
Orbitrap,5.302493455,5.302493455,9,4,4,1,4,106.0498691,106.0498691,106.0498691,4.8193932383912866e-05
Orbitrap,5.314157999999999,5.314157999999999,15,4,4,1,4,177.1386,177.1386,177.1386,4.8193932383912866e-05
Orbitrap,5.343678,5.343678,6,4,4,1,4,178.1226,178.1226,178.1226,4.8193932383912866e-05
Orbitrap,5.402067,5.402067,6,4,4,1,4,180.0689,180.0689,180.0689,4.8193932383912866e-05
Orbitrap,5.461446,5.461446,6,4,4,1,4,182.0482,182.0482,182.0482,4.8193932383912866e-05
Orbitrap,5.463528,5.463528,6,4,4,1,4,182.1176,182.1176,182.1176,4.8193932383912866e-05
Orbitrap,5.523579000000001,5.523579000000001,15,4,4,1,4,184.1193,184.1193,184.1193,4.8193932383912866e-05
Orbitrap,5.5530990000000005,5.5530990000000005,16,4,4,2,4,185.1033,185.1033,185.1033,4.8193932383912866e-05
Orbitrap,5.699463,5.699463,6,4,4,1,4,189.9821,189.9821,189.9821,4.8193932383912866e-05
Orbitrap,5.764149,5.764149,6,4,4,1,4,192.1383,192.1383,192.1383,4.8193932383912866e-05
Orbitrap,5.794005,5.794005,6,4,4,1,4,193.1335,193.1335,193.1335,4.8193932383912866e-05
Orbitrap,5.822892,5.822892,6,4,4,1,4,194.0964,194.0964,194.0964,4.8193932383912866e-05
Orbitrap,5.883216,5.883216,6,4,4,1,4,147.0804,147.0804,147.0804,4.8193932383912866e-05
Orbitrap,5.922936,5.922936,6,4,4,1,4,296.1468,296.1468,296.1468,4.8193932383912866e-05
Orbitrap,5.9718990000000005,5.9718990000000005,16,4,4,1,4,199.0633,199.0633,199.0633,4.8193932383912866e-05
Orbitrap,6.002948,6.002948,6,4,4,1,4,300.1474,300.1474,300.1474,4.8193932383912866e-05
Orbitrap,6.005108,6.005108,6,4,4,1,4,150.1277,150.1277,150.1277,4.8193932383912866e-05
Orbitrap,6.032076,6.032076,6,4,4,1,4,201.0692,201.0692,201.0692,4.8193932383912866e-05
Orbitrap,6.032730000000001,6.032730000000001,15,4,4,1,4,201.091,201.091,201.091,4.8193932383912866e-05
Orbitrap,6.123393,6.123393,6,4,4,1,4,204.1131,204.1131,204.1131,4.8193932383912866e-05
Orbitrap,6.14979,6.14979,5,4,4,1,4,204.993,204.993,204.993,4.8193932383912866e-05
Orbitrap,6.20196522,6.20196522,8,4,4,3,4,124.0393044,124.0393044,124.0393044,4.8193932383912866e-05
Orbitrap,6.242904,6.242904,6,4,4,1,4,208.0968,208.0968,208.0968,4.8193932383912866e-05
Orbitrap,6.2708010000000005,6.2708010000000005,16,4,4,1,4,209.0267,209.0267,209.0267,4.8193932383912866e-05
Orbitrap,6.3617550000000005,6.3617550000000005,16,4,4,1,4,212.0585,212.0585,212.0585,4.8193932383912866e-05
Orbitrap,6.362511,6.362511,6,4,4,1,4,212.0837,212.0837,212.0837,4.8193932383912866e-05
Orbitrap,6.392367,6.392367,6,4,4,1,4,213.0789,213.0789,213.0789,4.8193932383912866e-05
Orbitrap,6.42378,6.42378,5,4,4,1,4,214.126,214.126,214.126,4.8193932383912866e-05
Orbitrap,6.452547000000001,6.452547000000001,15,4,4,1,4,215.0849,215.0849,215.0849,4.8193932383912866e-05
Orbitrap,6.480975,6.480975,6,4,4,1,4,216.0325,216.0325,216.0325,4.8193932383912866e-05
Orbitrap,6.524468000000001,6.524468000000001,15,4,4,1,4,163.1117,163.1117,163.1117,4.8193932383912866e-05
Orbitrap,6.543108,6.543108,6,4,4,1,4,218.1036,218.1036,218.1036,4.8193932383912866e-05
Orbitrap,6.553513510000001,6.553513510000001,15,4,4,1,4,131.0702702,131.0702702,131.0702702,4.8193932383912866e-05
Orbitrap,6.556456125,6.556456125,9,4,4,1,4,131.1291225,131.1291225,131.1291225,4.8193932383912866e-05
Orbitrap,6.570258,6.570258,6,4,4,1,4,219.0086,219.0086,219.0086,4.8193932383912866e-05
Orbitrap,6.573384,6.573384,6,4,4,1,4,219.1128,219.1128,219.1128,4.8193932383912866e-05
Orbitrap,6.574140000000001,6.574140000000001,15,4,4,1,4,219.138,219.138,219.138,4.8193932383912866e-05
Orbitrap,6.603837625,6.603837625,9,4,4,1,4,132.0767525,132.0767525,132.0767525,4.8193932383912866e-05
Orbitrap,6.603996,6.603996,6,4,4,1,4,220.1332,220.1332,220.1332,4.8193932383912866e-05
Orbitrap,6.692234999999999,6.692234999999999,15,4,4,1,4,223.0745,223.0745,223.0745,4.8193932383912866e-05
Orbitrap,6.752271,6.752271,6,4,4,1,4,225.0757,225.0757,225.0757,4.8193932383912866e-05
Orbitrap,6.752946,6.752946,6,4,4,1,4,225.0982,225.0982,225.0982,4.8193932383912866e-05
Orbitrap,6.752948999999999,6.752948999999999,15,4,4,1,4,225.0983,225.0983,225.0983,4.8193932383912866e-05
Orbitrap,6.7537020000000005,6.7537020000000005,16,4,4,1,4,225.1234,225.1234,225.1234,4.8193932383912866e-05
Orbitrap,6.782622,6.782622,6,4,4,1,4,226.0874,226.0874,226.0874,4.8193932383912866e-05
Orbitrap,6.784986,6.784986,6,4,4,2,4,226.1662,226.1662,226.1662,4.8193932383912866e-05
Orbitrap,6.8522893400000005,6.8522893400000005,16,4,4,1,4,137.0457868,137.0457868,137.0457868,4.8193932383912866e-05
Orbitrap,6.872577000000001,6.872577000000001,15,4,4,1,4,229.0859,229.0859,229.0859,4.8193932383912866e-05
Orbitrap,6.884665999999999,6.884665999999999,15,4,4,1,4,344.2333,344.2333,344.2333,4.8193932383912866e-05
Orbitrap,6.900207,6.900207,6,4,4,1,4,230.0069,230.0069,230.0069,4.8193932383912866e-05
Orbitrap,6.904567,6.904567,6,4,4,2,4,138.09134,138.09134,138.09134,4.8193932383912866e-05
Orbitrap,6.931302,6.931302,6,4,4,1,4,231.0434,231.0434,231.0434,4.8193932383912866e-05
Orbitrap,6.933047999999999,6.933047999999999,15,4,4,1,4,231.1016,231.1016,231.1016,4.8193932383912866e-05
Orbitrap,6.933312,6.933312,6,4,4,1,4,231.1104,231.1104,231.1104,4.8193932383912866e-05
Orbitrap,6.963243,6.963243,6,4,4,1,4,232.1081,232.1081,232.1081,4.8193932383912866e-05
Orbitrap,6.964332,6.964332,6,4,4,1,4,232.1444,232.1444,232.1444,4.8193932383912866e-05
Orbitrap,6.990729,6.990729,6,4,4,1,4,233.0243,233.0243,233.0243,4.8193932383912866e-05
Orbitrap,7.00492,7.00492,5,4,4,1,4,175.123,175.123,175.123,4.8193932383912866e-05
Orbitrap,7.025556000000001,7.025556000000001,15,4,4,1,4,234.1852,234.1852,234.1852,4.8193932383912866e-05
Orbitrap,7.053987,7.053987,6,4,4,1,4,235.1329,235.1329,235.1329,4.8193932383912866e-05
Orbitrap,7.054323,7.054323,6,4,4,1,4,235.1441,235.1441,235.1441,4.8193932383912866e-05
Orbitrap,7.113066000000001,7.113066000000001,15,4,4,1,4,237.1022,237.1022,237.1022,4.8193932383912866e-05
Orbitrap,7.113702,7.113702,6,4,4,1,4,237.1234,237.1234,237.1234,4.8193932383912866e-05
Orbitrap,7.174509,7.174509,6,4,4,1,4,239.1503,239.1503,239.1503,4.8193932383912866e-05
Orbitrap,7.202358,7.202358,6,4,4,1,4,240.0786,240.0786,240.0786,4.8193932383912866e-05
Orbitrap,7.203336,7.203336,6,4,4,1,4,120.0556,120.0556,120.0556,4.8193932383912866e-05
Orbitrap,7.203450000000001,7.203450000000001,15,4,4,1,4,240.115,240.115,240.115,4.8193932383912866e-05
Orbitrap,7.232049,7.232049,6,4,0,1,0,241.0683,241.0683,241.0683,4.8193932383912866e-05
Orbitrap,7.232889,7.232889,6,4,4,1,4,241.0963,241.0963,241.0963,4.8193932383912866e-05
Orbitrap,7.262535,7.262535,6,4,4,1,4,242.0845,242.0845,242.0845,4.8193932383912866e-05
Orbitrap,7.263528,7.263528,6,4,4,1,4,242.1176,242.1176,242.1176,4.8193932383912866e-05
Orbitrap,7.264302000000001,7.264302000000001,15,4,4,2,4,242.1434,242.1434,242.1434,4.8193932383912866e-05
Orbitrap,7.284704,7.284704,6,4,4,1,4,182.1176,182.1176,182.1176,4.8193932383912866e-05
Orbitrap,7.35382091,7.35382091,8,4,4,1,4,147.0764182,147.0764182,147.0764182,4.8193932383912866e-05
Orbitrap,7.354019999999999,7.354019999999999,15,4,4,1,4,147.0804,147.0804,147.0804,4.8193932383912866e-05
Orbitrap,7.383711,7.383711,6,4,4,1,4,246.1237,246.1237,246.1237,4.8193932383912866e-05
Orbitrap,7.403015,7.403015,6,4,4,4,4,148.0603,148.0603,148.0603,4.8193932383912866e-05
Orbitrap,7.470576,7.470576,6,4,4,1,4,249.0192,249.0192,249.0192,4.8193932383912866e-05
Orbitrap,7.475883,7.475883,6,4,4,1,4,249.1961,249.1961,249.1961,4.8193932383912866e-05
Orbitrap,7.50048,7.50048,5,4,4,1,4,250.016,250.016,250.016,4.8193932383912866e-05
Orbitrap,7.501935,7.501935,6,4,4,1,4,250.0645,250.0645,250.0645,4.8193932383912866e-05
Orbitrap,7.502273999999999,7.502273999999999,15,4,4,1,4,125.0379,125.0379,125.0379,4.8193932383912866e-05
Orbitrap,7.502916279999999,7.502916279999999,15,4,4,1,4,150.0583256,150.0583256,150.0583256,4.8193932383912866e-05
Orbitrap,7.506390000000001,7.506390000000001,15,4,4,1,4,150.1278,150.1278,150.1278,4.8193932383912866e-05
Orbitrap,7.531791,7.531791,6,4,4,1,4,251.0597,251.0597,251.0597,4.8193932383912866e-05
Orbitrap,7.532742,7.532742,6,4,4,1,4,251.0914,251.0914,251.0914,4.8193932383912866e-05
Orbitrap,7.563689999999999,7.563689999999999,15,4,4,1,4,252.123,252.123,252.123,4.8193932383912866e-05
Orbitrap,7.564092,7.564092,6,4,4,1,4,189.1023,189.1023,189.1023,4.8193932383912866e-05
Orbitrap,7.564251,7.564251,6,4,4,1,4,252.1417,252.1417,252.1417,4.8193932383912866e-05
Orbitrap,7.590927,7.590927,6,4,4,1,4,253.0309,253.0309,253.0309,4.8193932383912866e-05
Orbitrap,7.592915999999999,7.592915999999999,15,4,4,1,4,253.0972,253.0972,253.0972,4.8193932383912866e-05
Orbitrap,7.593213,7.593213,6,4,4,1,4,253.1071,253.1071,253.1071,4.8193932383912866e-05
Orbitrap,7.649202,7.649202,6,4,4,1,4,254.9734,254.9734,254.9734,4.8193932383912866e-05
Orbitrap,7.653787475,7.653787475,9,4,4,1,4,153.0757495,153.0757495,153.0757495,4.8193932383912866e-05
Orbitrap,7.677989999999999,7.677989999999999,15,4,4,1,4,255.933,255.933,255.933,4.8193932383912866e-05
Orbitrap,7.680626999999999,7.680626999999999,15,4,4,1,4,256.0209,256.0209,256.0209,4.8193932383912866e-05
Orbitrap,7.681787999999999,7.681787999999999,15,4,4,1,4,256.0596,256.0596,256.0596,4.8193932383912866e-05
Orbitrap,7.683297,7.683297,6,4,4,1,4,256.1099,256.1099,256.1099,4.8193932383912866e-05
Orbitrap,7.685088,7.685088,6,4,4,1,4,256.1696,256.1696,256.1696,4.8193932383912866e-05
Orbitrap,7.6886040000000015,7.6886040000000015,16,4,4,1,4,128.1434,128.1434,128.1434,4.8193932383912866e-05
Orbitrap,7.711434000000001,7.711434000000001,15,4,4,1,4,257.0478,257.0478,257.0478,4.8193932383912866e-05
Orbitrap,7.742141999999999,7.742141999999999,15,4,4,1,4,258.0714,258.0714,258.0714,4.8193932383912866e-05
Orbitrap,7.806522,7.806522,6,4,4,1,4,130.1087,130.1087,130.1087,4.8193932383912866e-05
Orbitrap,7.905877735,7.905877735,9,4,4,1,4,158.1175547,158.1175547,158.1175547,4.8193932383912866e-05
Orbitrap,7.92237,7.92237,5,4,4,1,4,264.079,264.079,264.079,4.8193932383912866e-05
Orbitrap,7.924028999999999,7.924028999999999,15,4,4,1,4,264.1343,264.1343,264.1343,4.8193932383912866e-05
Orbitrap,7.951893000000001,7.951893000000001,15,4,4,1,4,265.0631,265.0631,265.0631,4.8193932383912866e-05
Orbitrap,8.04225,8.04225,5,4,4,1,4,268.075,268.075,268.075,4.8193932383912866e-05
Orbitrap,8.042253,8.042253,6,4,4,1,4,268.0751,268.0751,268.0751,4.8193932383912866e-05
Orbitrap,8.044278,8.044278,6,4,4,1,4,134.0713,134.0713,134.0713,4.8193932383912866e-05
Orbitrap,8.073153,8.073153,6,4,4,1,4,269.1051,269.1051,269.1051,4.8193932383912866e-05
Orbitrap,8.106095999999999,8.106095999999999,15,4,4,1,4,135.1016,135.1016,135.1016,4.8193932383912866e-05
Orbitrap,8.131245,8.131245,6,4,4,1,4,271.0415,271.0415,271.0415,4.8193932383912866e-05
Orbitrap,8.132895,8.132895,6,4,4,2,4,271.0965,271.0965,271.0965,4.8193932383912866e-05
Orbitrap,8.133231,8.133231,6,4,4,1,4,271.1077,271.1077,271.1077,4.8193932383912866e-05
Orbitrap,8.155385914999998,8.155385914999998,15,4,4,1,4,163.1077183,163.1077183,163.1077183,4.8193932383912866e-05
Orbitrap,8.155585,8.155585,6,4,4,1,4,163.1117,163.1117,163.1117,4.8193932383912866e-05
Orbitrap,8.162853,8.162853,6,4,4,1,4,272.0951,272.0951,272.0951,4.8193932383912866e-05
Orbitrap,8.164935,8.164935,6,4,4,1,4,272.1645,272.1645,272.1645,4.8193932383912866e-05
Orbitrap,8.166725999999999,8.166725999999999,15,4,4,1,4,136.1121,136.1121,136.1121,4.8193932383912866e-05
Orbitrap,8.193801,8.193801,6,4,4,1,4,273.1267,273.1267,273.1267,4.8193932383912866e-05
Orbitrap,8.195547000000001,8.195547000000001,15,4,4,1,4,273.1849,273.1849,273.1849,4.8193932383912866e-05
Orbitrap,8.223558,8.223558,6,4,4,1,4,274.1186,274.1186,274.1186,4.8193932383912866e-05
Orbitrap,8.252731005,8.252731005,9,4,4,1,4,165.0546201,165.0546201,165.0546201,4.8193932383912866e-05
Orbitrap,8.2821,8.2821,4,4,4,1,4,276.07,276.07,276.07,4.8193932383912866e-05
Orbitrap,8.282459999999999,8.282459999999999,15,4,4,1,4,276.082,276.082,276.082,4.8193932383912866e-05
Orbitrap,8.343165,8.343165,6,4,4,1,4,278.1055,278.1055,278.1055,4.8193932383912866e-05
Orbitrap,8.372729999999999,8.372729999999999,15,4,4,1,4,279.091,279.091,279.091,4.8193932383912866e-05
Orbitrap,8.405095235000001,8.405095235000001,15,4,4,2,4,168.1019047,168.1019047,168.1019047,4.8193932383912866e-05
Orbitrap,8.459958,8.459958,6,4,4,1,4,281.9986,281.9986,281.9986,4.8193932383912866e-05
Orbitrap,8.461443,8.461443,6,4,4,1,4,282.0481,282.0481,282.0481,4.8193932383912866e-05
Orbitrap,8.463591000000001,8.463591000000001,15,4,4,1,4,282.1197,282.1197,282.1197,4.8193932383912866e-05
Orbitrap,8.464626,8.464626,6,4,4,1,4,141.0771,141.0771,141.0771,4.8193932383912866e-05
Orbitrap,8.500588465,8.500588465,9,4,4,1,4,170.0117693,170.0117693,170.0117693,4.8193932383912866e-05
Orbitrap,8.524236,8.524236,6,4,4,1,4,284.1412,284.1412,284.1412,4.8193932383912866e-05
Orbitrap,8.555427,8.555427,6,4,4,1,4,285.1809,285.1809,285.1809,4.8193932383912866e-05
Orbitrap,8.564734,8.564734,6,4,4,1,4,428.2367,428.2367,428.2367,4.8193932383912866e-05
Orbitrap,8.611745999999998,8.611745999999998,15,4,4,1,4,287.0582,287.0582,287.0582,4.8193932383912866e-05
Orbitrap,8.612844,8.612844,6,4,4,1,4,287.0948,287.0948,287.0948,4.8193932383912866e-05
Orbitrap,8.673645,8.673645,6,4,4,1,4,289.1215,289.1215,289.1215,4.8193932383912866e-05
Orbitrap,8.673936,8.673936,6,4,4,1,4,289.1312,289.1312,289.1312,4.8193932383912866e-05
Orbitrap,8.731404000000001,8.731404000000001,15,4,4,1,4,291.0468,291.0468,291.0468,4.8193932383912866e-05
Orbitrap,8.734356,8.734356,6,4,4,1,4,291.1452,291.1452,291.1452,4.8193932383912866e-05
Orbitrap,8.752653,8.752653,6,4,4,1,4,125.0379,125.0379,125.0379,4.8193932383912866e-05
Orbitrap,8.754824245,8.754824245,9,4,4,2,4,175.0964849,175.0964849,175.0964849,4.8193932383912866e-05
Orbitrap,8.755947585,8.755947585,9,4,4,1,4,175.1189517,175.1189517,175.1189517,4.8193932383912866e-05
Orbitrap,8.760798,8.760798,6,4,4,1,4,292.0266,292.0266,292.0266,4.8193932383912866e-05
Orbitrap,8.763633,8.763633,6,4,4,1,4,292.1211,292.1211,292.1211,4.8193932383912866e-05
Orbitrap,8.76552,8.76552,5,4,4,1,4,219.138,219.138,219.138,4.8193932383912866e-05
Orbitrap,8.766971999999999,8.766971999999999,15,4,4,1,4,219.1743,219.1743,219.1743,4.8193932383912866e-05
Orbitrap,8.793153,8.793153,6,4,4,1,4,293.1051,293.1051,293.1051,4.8193932383912866e-05
Orbitrap,8.803530225000001,8.803530225000001,15,4,4,1,4,176.0706045,176.0706045,176.0706045,4.8193932383912866e-05
Orbitrap,8.804772000000002,8.804772000000002,15,4,4,1,4,220.1193,220.1193,220.1193,4.8193932383912866e-05
Orbitrap,8.805148364999999,8.805148364999999,15,4,4,1,4,176.1029673,176.1029673,176.1029673,4.8193932383912866e-05
Orbitrap,8.824824000000001,8.824824000000001,15,4,4,1,4,147.0804,147.0804,147.0804,4.8193932383912866e-05
Orbitrap,8.825895000000001,8.825895000000001,15,4,4,1,4,294.1965,294.1965,294.1965,4.8193932383912866e-05
Orbitrap,8.853864,8.853864,6,4,4,1,4,295.1288,295.1288,295.1288,4.8193932383912866e-05
Orbitrap,8.856506999999999,8.856506999999999,15,4,4,1,4,295.2169,295.2169,295.2169,4.8193932383912866e-05
Orbitrap,8.884236000000001,8.884236000000001,15,4,4,1,4,296.1412,296.1412,296.1412,4.8193932383912866e-05
Orbitrap,8.915547,8.915547,6,4,4,1,4,297.1849,297.1849,297.1849,4.8193932383912866e-05
Orbitrap,8.939153999999998,8.939153999999998,15,4,4,1,4,297.9718,297.9718,297.9718,4.8193932383912866e-05
Orbitrap,8.948223,8.948223,6,4,4,1,4,298.2741,298.2741,298.2741,4.8193932383912866e-05
Orbitrap,9.003928,9.003928,6,4,4,1,4,225.0982,225.0982,225.0982,4.8193932383912866e-05
Orbitrap,9.004422,9.004422,6,4,4,1,4,300.1474,300.1474,300.1474,4.8193932383912866e-05
Orbitrap,9.005874,9.005874,6,4,4,1,4,300.1958,300.1958,300.1958,4.8193932383912866e-05
Orbitrap,9.005877,9.005877,6,4,4,1,4,300.1959,300.1959,300.1959,4.8193932383912866e-05
Orbitrap,9.007668,9.007668,6,4,4,1,4,150.1278,150.1278,150.1278,4.8193932383912866e-05
Orbitrap,9.063171,9.063171,6,4,4,1,4,302.1057,302.1057,302.1057,4.8193932383912866e-05
Orbitrap,9.064161,9.064161,6,4,4,1,4,302.1387,302.1387,302.1387,4.8193932383912866e-05
Orbitrap,9.107609,9.107609,6,4,4,1,4,130.1087,130.1087,130.1087,4.8193932383912866e-05
Orbitrap,9.124236000000002,9.124236000000002,15,4,4,1,4,152.0706,152.0706,152.0706,4.8193932383912866e-05
Orbitrap,9.124629,9.124629,6,4,4,2,4,304.1543,304.1543,304.1543,4.8193932383912866e-05
Orbitrap,9.153249,9.153249,6,4,4,1,4,305.1083,305.1083,305.1083,4.8193932383912866e-05
Orbitrap,9.213339,9.213339,6,4,4,1,4,307.1113,307.1113,307.1113,4.8193932383912866e-05
Orbitrap,9.241521,9.241521,6,4,4,1,4,308.0507,308.0507,308.0507,4.8193932383912866e-05
Orbitrap,9.304239,9.304239,6,4,4,1,4,310.1413,310.1413,310.1413,4.8193932383912866e-05
Orbitrap,9.306494999999998,9.306494999999998,15,4,4,1,4,310.2165,310.2165,310.2165,4.8193932383912866e-05
Orbitrap,9.332427,9.332427,6,4,4,1,4,311.0809,311.0809,311.0809,4.8193932383912866e-05
Orbitrap,9.396366,9.396366,6,4,4,1,4,313.2122,313.2122,313.2122,4.8193932383912866e-05
Orbitrap,9.405316,9.405316,6,4,4,1,4,235.1329,235.1329,235.1329,4.8193932383912866e-05
Orbitrap,9.40722,9.40722,5,4,4,1,4,235.1805,235.1805,235.1805,4.8193932383912866e-05
Orbitrap,9.408676,9.408676,6,4,4,1,4,235.2169,235.2169,235.2169,4.8193932383912866e-05
Orbitrap,9.424161,9.424161,6,4,4,1,4,314.1387,314.1387,314.1387,4.8193932383912866e-05
Orbitrap,9.425885999999998,9.425885999999998,15,4,4,1,4,314.1962,314.1962,314.1962,4.8193932383912866e-05
Orbitrap,9.449559,9.449559,6,4,4,1,4,314.9853,314.9853,314.9853,4.8193932383912866e-05
Orbitrap,9.454455,9.454455,6,4,4,1,4,315.1485,315.1485,315.1485,4.8193932383912866e-05
Orbitrap,9.457112,9.457112,6,4,4,1,4,135.1016,135.1016,135.1016,4.8193932383912866e-05
Orbitrap,9.502493455,9.502493455,9,4,4,1,4,190.0498691,190.0498691,190.0498691,4.8193932383912866e-05
Orbitrap,9.527847,9.527847,6,4,4,1,4,136.1121,136.1121,136.1121,4.8193932383912866e-05
Orbitrap,9.572196,9.572196,6,4,4,1,4,319.0732,319.0732,319.0732,4.8193932383912866e-05
Orbitrap,9.636519,9.636519,6,4,4,1,4,321.2173,321.2173,321.2173,4.8193932383912866e-05
Orbitrap,9.642732,9.642732,6,4,0,1,0,241.0683,241.0683,241.0683,4.8193932383912866e-05
Orbitrap,9.657069000000002,9.657069000000002,15,4,4,1,4,321.9023,321.9023,321.9023,4.8193932383912866e-05
Orbitrap,9.662331,9.662331,6,4,4,1,4,322.0777,322.0777,322.0777,4.8193932383912866e-05
Orbitrap,9.737819000000002,9.737819000000002,15,4,4,1,4,139.1117,139.1117,139.1117,4.8193932383912866e-05
Orbitrap,9.783215999999998,9.783215999999998,15,4,4,1,4,163.0536,163.0536,163.0536,4.8193932383912866e-05
Orbitrap,9.786702000000002,9.786702000000002,15,4,4,1,4,163.1117,163.1117,163.1117,4.8193932383912866e-05
Orbitrap,9.814113,9.814113,6,4,4,1,4,327.1371,327.1371,327.1371,4.8193932383912866e-05
Orbitrap,9.875397,9.875397,6,4,4,1,4,141.0771,141.0771,141.0771,4.8193932383912866e-05
Orbitrap,9.902412,9.902412,6,4,4,1,4,330.0804,330.0804,330.0804,4.8193932383912866e-05
Orbitrap,9.903288,9.903288,6,4,4,1,4,330.1096,330.1096,330.1096,4.8193932383912866e-05
Orbitrap,9.90411,9.90411,5,4,4,1,4,330.137,330.137,330.137,4.8193932383912866e-05
Orbitrap,9.93045,9.93045,5,4,4,1,4,331.015,331.015,331.015,4.8193932383912866e-05
Orbitrap,9.967844,9.967844,6,4,4,1,4,249.1961,249.1961,249.1961,4.8193932383912866e-05
Orbitrap,10.201455,10.201455,6,4,4,1,4,340.0485,340.0485,340.0485,4.8193932383912866e-05
Orbitrap,10.25485768,10.25485768,8,4,4,1,4,205.0971536,205.0971536,205.0971536,4.8193932383912866e-05
Orbitrap,10.2651,10.2651,4,4,4,2,4,342.17,342.17,342.17,4.8193932383912866e-05
Orbitrap,10.266768,10.266768,6,4,4,1,4,171.1128,171.1128,171.1128,4.8193932383912866e-05
Orbitrap,10.291197,10.291197,6,4,4,1,4,343.0399,343.0399,343.0399,4.8193932383912866e-05
Orbitrap,10.295628,10.295628,6,4,4,1,4,147.0804,147.0804,147.0804,4.8193932383912866e-05
Orbitrap,10.302239185,10.302239185,9,4,4,1,4,206.0447837,206.0447837,206.0447837,4.8193932383912866e-05
Orbitrap,10.324302,10.324302,6,4,4,1,4,172.0717,172.0717,172.0717,4.8193932383912866e-05
Orbitrap,10.327991999999998,10.327991999999998,15,4,4,1,4,172.1332,172.1332,172.1332,4.8193932383912866e-05
Orbitrap,10.441313999999998,10.441313999999998,15,4,4,1,4,174.0219,174.0219,174.0219,4.8193932383912866e-05
Orbitrap,10.498008,10.498008,6,4,4,1,4,349.9336,349.9336,349.9336,4.8193932383912866e-05
Orbitrap,10.498425,10.498425,6,4,4,1,4,149.9775,149.9775,149.9775,4.8193932383912866e-05
Orbitrap,10.508946,10.508946,6,4,4,1,4,150.1278,150.1278,150.1278,4.8193932383912866e-05
Orbitrap,10.565265,10.565265,6,4,4,2,4,352.1755,352.1755,352.1755,4.8193932383912866e-05
Orbitrap,10.624008,10.624008,6,4,4,2,4,354.1336,354.1336,354.1336,4.8193932383912866e-05
Orbitrap,10.628315999999998,10.628315999999998,15,4,4,1,4,177.1386,177.1386,177.1386,4.8193932383912866e-05
Orbitrap,10.641155,10.641155,6,4,4,1,4,152.0165,152.0165,152.0165,4.8193932383912866e-05
Orbitrap,10.644942,10.644942,6,4,4,1,4,152.0706,152.0706,152.0706,4.8193932383912866e-05
Orbitrap,10.656047999999998,10.656047999999998,15,4,4,2,4,355.2016,355.2016,355.2016,4.8193932383912866e-05
Orbitrap,10.687356,10.687356,6,4,4,1,4,178.1226,178.1226,178.1226,4.8193932383912866e-05
Orbitrap,10.717154,10.717154,6,4,4,1,4,153.1022,153.1022,153.1022,4.8193932383912866e-05
Orbitrap,10.723,10.723,3,4,4,1,4,268.075,268.075,268.075,4.8193932383912866e-05
Orbitrap,10.742522999999998,10.742522999999998,15,4,4,1,4,358.0841,358.0841,358.0841,4.8193932383912866e-05
Orbitrap,10.747074,10.747074,6,4,4,1,4,179.1179,179.1179,179.1179,4.8193932383912866e-05
Orbitrap,10.774905,10.774905,6,4,4,1,4,359.1635,359.1635,359.1635,4.8193932383912866e-05
Orbitrap,10.804134,10.804134,6,4,4,1,4,180.0689,180.0689,180.0689,4.8193932383912866e-05
Orbitrap,10.805003999999998,10.805003999999998,15,4,4,1,4,120.0556,120.0556,120.0556,4.8193932383912866e-05
Orbitrap,10.833602999999998,10.833602999999998,15,4,4,1,4,361.1201,361.1201,361.1201,4.8193932383912866e-05
Orbitrap,10.922211,10.922211,6,4,4,1,4,364.0737,364.0737,364.0737,4.8193932383912866e-05
Orbitrap,10.922892,10.922892,6,4,4,1,4,182.0482,182.0482,182.0482,4.8193932383912866e-05
Orbitrap,10.9569,10.9569,4,4,4,1,4,219.138,219.138,219.138,4.8193932383912866e-05
Orbitrap,10.958715,10.958715,6,4,4,1,4,219.1743,219.1743,219.1743,4.8193932383912866e-05
Orbitrap,11.005965,11.005965,6,4,4,1,4,220.1193,220.1193,220.1193,4.8193932383912866e-05
Orbitrap,11.076519,11.076519,6,4,4,1,4,369.2173,369.2173,369.2173,4.8193932383912866e-05
Orbitrap,11.10486066,11.10486066,8,4,4,1,4,222.0972132,222.0972132,222.0972132,4.8193932383912866e-05
Orbitrap,11.105385,11.105385,6,4,4,1,4,370.1795,370.1795,370.1795,4.8193932383912866e-05
Orbitrap,11.201904,11.201904,6,4,4,1,4,160.0272,160.0272,160.0272,4.8193932383912866e-05
Orbitrap,11.22234,11.22234,5,4,4,1,4,187.039,187.039,187.039,4.8193932383912866e-05
Orbitrap,11.253411,11.253411,6,4,4,1,4,125.0379,125.0379,125.0379,4.8193932383912866e-05
Orbitrap,11.254915,11.254915,6,4,4,1,4,225.0983,225.0983,225.0983,4.8193932383912866e-05
Orbitrap,11.256498,11.256498,6,4,4,1,4,375.2166,375.2166,375.2166,4.8193932383912866e-05
Orbitrap,11.281143,11.281143,6,4,4,1,4,376.0381,376.0381,376.0381,4.8193932383912866e-05
Orbitrap,11.284788,11.284788,6,4,4,1,4,282.1197,282.1197,282.1197,4.8193932383912866e-05
Orbitrap,11.284908,11.284908,6,4,4,1,4,188.0818,188.0818,188.0818,4.8193932383912866e-05
Orbitrap,11.349588,11.349588,6,4,4,1,4,189.1598,189.1598,189.1598,4.8193932383912866e-05
Orbitrap,11.376680999999998,11.376680999999998,15,4,4,1,4,379.2227,379.2227,379.2227,4.8193932383912866e-05
Orbitrap,11.413752,11.413752,6,4,4,1,4,163.0536,163.0536,163.0536,4.8193932383912866e-05
Orbitrap,11.417819,11.417819,6,4,4,1,4,163.1117,163.1117,163.1117,4.8193932383912866e-05
Orbitrap,11.429445,11.429445,6,4,4,1,4,380.9815,380.9815,380.9815,4.8193932383912866e-05
Orbitrap,11.462448,11.462448,6,4,4,1,4,382.0816,382.0816,382.0816,4.8193932383912866e-05
Orbitrap,11.522472,11.522472,6,4,4,1,4,384.0824,384.0824,384.0824,4.8193932383912866e-05
Orbitrap,11.526376,11.526376,6,4,4,1,4,288.1594,288.1594,288.1594,4.8193932383912866e-05
Orbitrap,11.58801,11.58801,5,4,4,1,4,193.1335,193.1335,193.1335,4.8193932383912866e-05
Orbitrap,11.607004,11.607004,6,4,4,1,4,290.1751,290.1751,290.1751,4.8193932383912866e-05
Orbitrap,11.64114,11.64114,5,4,4,1,4,388.038,388.038,388.038,4.8193932383912866e-05
Orbitrap,11.641872,11.641872,6,4,4,1,4,291.0468,291.0468,291.0468,4.8193932383912866e-05
Orbitrap,11.643177,11.643177,6,4,4,1,4,388.1059,388.1059,388.1059,4.8193932383912866e-05
Orbitrap,11.64393,11.64393,5,4,4,1,4,388.131,388.131,388.131,4.8193932383912866e-05
Orbitrap,11.645784,11.645784,6,4,4,1,4,194.0964,194.0964,194.0964,4.8193932383912866e-05
Orbitrap,11.674878,11.674878,6,4,4,1,4,389.1626,389.1626,389.1626,4.8193932383912866e-05
Orbitrap,11.703252,11.703252,6,4,4,1,4,390.1084,390.1084,390.1084,4.8193932383912866e-05
Orbitrap,11.705262,11.705262,6,4,4,1,4,195.0877,195.0877,195.0877,4.8193932383912866e-05
Orbitrap,11.709783,11.709783,6,4,4,1,4,130.1087,130.1087,130.1087,4.8193932383912866e-05
Orbitrap,11.756645,11.756645,6,4,4,1,4,235.1329,235.1329,235.1329,4.8193932383912866e-05
Orbitrap,11.759025,11.759025,6,4,4,1,4,235.1805,235.1805,235.1805,4.8193932383912866e-05
Orbitrap,11.760845000000002,11.760845000000002,15,4,4,1,4,235.2169,235.2169,235.2169,4.8193932383912866e-05
Orbitrap,11.796216,11.796216,6,4,4,1,4,393.2072,393.2072,393.2072,4.8193932383912866e-05
Orbitrap,11.845868,11.845868,6,4,4,1,4,296.1467,296.1467,296.1467,4.8193932383912866e-05
Orbitrap,11.845872,11.845872,6,4,4,1,4,296.1468,296.1468,296.1468,4.8193932383912866e-05
Orbitrap,11.910773,11.910773,6,4,4,1,4,170.1539,170.1539,170.1539,4.8193932383912866e-05
Orbitrap,11.943798,11.943798,6,4,4,1,4,199.0633,199.0633,199.0633,4.8193932383912866e-05
Orbitrap,12.005892,12.005892,6,4,4,1,4,300.1473,300.1473,300.1473,4.8193932383912866e-05
Orbitrap,12.00722,12.00722,5,4,4,1,4,300.1805,300.1805,300.1805,4.8193932383912866e-05
Orbitrap,12.007832,12.007832,6,4,4,1,4,300.1958,300.1958,300.1958,4.8193932383912866e-05
Orbitrap,12.010216,12.010216,6,4,4,1,4,150.1277,150.1277,150.1277,4.8193932383912866e-05
Orbitrap,12.037305,12.037305,6,4,4,1,4,401.2435,401.2435,401.2435,4.8193932383912866e-05
Orbitrap,12.045019,12.045019,6,4,4,1,4,172.0717,172.0717,172.0717,4.8193932383912866e-05
Orbitrap,12.049324,12.049324,6,4,4,1,4,172.1332,172.1332,172.1332,4.8193932383912866e-05
Orbitrap,12.053415,12.053415,6,4,0,1,0,241.0683,241.0683,241.0683,4.8193932383912866e-05
Orbitrap,12.064152,12.064152,6,4,4,1,4,201.0692,201.0692,201.0692,4.8193932383912866e-05
Orbitrap,12.065460000000002,12.065460000000002,15,4,4,1,4,201.091,201.091,201.091,4.8193932383912866e-05
Orbitrap,12.123723,12.123723,6,4,4,1,4,404.1241,404.1241,404.1241,4.8193932383912866e-05
Orbitrap,12.13299,12.13299,5,4,4,1,4,202.2165,202.2165,202.2165,4.8193932383912866e-05
Orbitrap,12.159143999999998,12.159143999999998,15,4,4,1,4,135.1016,135.1016,135.1016,4.8193932383912866e-05
Orbitrap,12.181533,12.181533,6,4,4,1,4,174.0219,174.0219,174.0219,4.8193932383912866e-05
Orbitrap,12.183787,12.183787,6,4,4,1,4,174.0541,174.0541,174.0541,4.8193932383912866e-05
Orbitrap,12.185562,12.185562,6,4,4,1,4,203.0927,203.0927,203.0927,4.8193932383912866e-05
Orbitrap,12.246786,12.246786,6,4,4,1,4,204.1131,204.1131,204.1131,4.8193932383912866e-05
Orbitrap,12.250089,12.250089,6,4,4,1,4,136.1121,136.1121,136.1121,4.8193932383912866e-05
Orbitrap,12.29958,12.29958,5,4,4,1,4,204.993,204.993,204.993,4.8193932383912866e-05
Orbitrap,12.304764,12.304764,6,4,4,1,4,205.0794,205.0794,205.0794,4.8193932383912866e-05
Orbitrap,12.333242999999998,12.333242999999998,15,4,4,1,4,411.1081,411.1081,411.1081,4.8193932383912866e-05
Orbitrap,12.399702,12.399702,6,4,4,1,4,177.1386,177.1386,177.1386,4.8193932383912866e-05
Orbitrap,12.42828,12.42828,5,4,4,1,4,207.138,207.138,207.138,4.8193932383912866e-05
Orbitrap,12.428952,12.428952,6,4,4,1,4,207.1492,207.1492,207.1492,4.8193932383912866e-05
Orbitrap,12.457425,12.457425,6,4,4,1,4,249.1485,249.1485,249.1485,4.8193932383912866e-05
Orbitrap,12.459805,12.459805,6,4,4,1,4,249.1961,249.1961,249.1961,4.8193932383912866e-05
Orbitrap,12.468582,12.468582,6,4,4,1,4,178.1226,178.1226,178.1226,4.8193932383912866e-05
Orbitrap,12.485808,12.485808,6,4,4,1,4,208.0968,208.0968,208.0968,4.8193932383912866e-05
Orbitrap,12.520053000000004,12.520053000000004,15,4,4,1,4,139.1117,139.1117,139.1117,4.8193932383912866e-05
Orbitrap,12.534921,12.534921,6,4,4,1,4,179.0703,179.0703,179.0703,4.8193932383912866e-05
Orbitrap,12.538253,12.538253,6,4,4,1,4,179.1179,179.1179,179.1179,4.8193932383912866e-05
Orbitrap,12.541602,12.541602,6,4,4,1,4,209.0267,209.0267,209.0267,4.8193932383912866e-05
Orbitrap,12.55457,12.55457,5,4,4,1,4,251.0914,251.0914,251.0914,4.8193932383912866e-05
Orbitrap,12.574011,12.574011,6,4,4,1,4,419.1337,419.1337,419.1337,4.8193932383912866e-05
Orbitrap,12.604823,12.604823,6,4,4,1,4,180.0689,180.0689,180.0689,4.8193932383912866e-05
Orbitrap,12.656149575,12.656149575,9,4,4,1,4,253.1229915,253.1229915,253.1229915,4.8193932383912866e-05
Orbitrap,12.696939,12.696939,6,4,4,1,4,141.0771,141.0771,141.0771,4.8193932383912866e-05
Orbitrap,12.725022,12.725022,6,4,4,1,4,212.0837,212.0837,212.0837,4.8193932383912866e-05
Orbitrap,12.748232,12.748232,6,4,4,1,4,182.1176,182.1176,182.1176,4.8193932383912866e-05
Orbitrap,12.755613,12.755613,6,4,4,1,4,425.1871,425.1871,425.1871,4.8193932383912866e-05
Orbitrap,12.784734,12.784734,6,4,4,1,4,213.0789,213.0789,213.0789,4.8193932383912866e-05
Orbitrap,12.846726,12.846726,6,4,4,1,4,214.1121,214.1121,214.1121,4.8193932383912866e-05
Orbitrap,12.877191,12.877191,6,4,4,1,4,429.2397,429.2397,429.2397,4.8193932383912866e-05
Orbitrap,12.905094000000002,12.905094000000002,15,4,4,1,4,215.0849,215.0849,215.0849,4.8193932383912866e-05
Orbitrap,12.932049,12.932049,6,4,4,1,4,431.0683,431.0683,431.0683,4.8193932383912866e-05
Orbitrap,12.957231,12.957231,6,4,4,1,4,185.1033,185.1033,185.1033,4.8193932383912866e-05
Orbitrap,12.961926000000002,12.961926000000002,15,4,4,1,4,432.0642,432.0642,432.0642,4.8193932383912866e-05
Orbitrap,12.96195,12.96195,5,4,4,1,4,216.0325,216.0325,216.0325,4.8193932383912866e-05
Orbitrap,12.96606,12.96606,5,4,4,1,4,216.101,216.101,216.101,4.8193932383912866e-05
Orbitrap,13.02297,13.02297,5,4,4,1,4,217.0495,217.0495,217.0495,4.8193932383912866e-05
Orbitrap,13.048936,13.048936,6,4,4,1,4,163.1117,163.1117,163.1117,4.8193932383912866e-05
Orbitrap,13.04984,13.04984,5,4,4,2,4,163.123,163.123,163.123,4.8193932383912866e-05
Orbitrap,13.086216,13.086216,6,4,4,1,4,218.1036,218.1036,218.1036,4.8193932383912866e-05
Orbitrap,13.087029,13.087029,6,4,4,1,4,436.2343,436.2343,436.2343,4.8193932383912866e-05
Orbitrap,13.10838,13.10838,5,4,4,1,4,436.946,436.946,436.946,4.8193932383912866e-05
Orbitrap,13.140516,13.140516,6,4,4,1,4,219.0086,219.0086,219.0086,4.8193932383912866e-05
Orbitrap,13.146768,13.146768,6,4,4,1,4,219.1128,219.1128,219.1128,4.8193932383912866e-05
Orbitrap,13.148280000000002,13.148280000000002,15,4,4,1,4,219.138,219.138,219.138,4.8193932383912866e-05
Orbitrap,13.150458,13.150458,6,4,4,1,4,219.1743,219.1743,219.1743,4.8193932383912866e-05
Orbitrap,13.164879,13.164879,6,4,4,1,4,188.0697,188.0697,188.0697,4.8193932383912866e-05
Orbitrap,13.207158000000002,13.207158000000002,15,4,4,1,4,220.1193,220.1193,220.1193,4.8193932383912866e-05
Orbitrap,13.207992,13.207992,6,4,4,1,4,220.1332,220.1332,220.1332,4.8193932383912866e-05
Orbitrap,13.23501,13.23501,5,4,4,1,4,441.167,441.167,441.167,4.8193932383912866e-05
Orbitrap,13.237161,13.237161,6,4,4,1,4,189.1023,189.1023,189.1023,4.8193932383912866e-05
Orbitrap,13.237236,13.237236,6,4,4,1,4,147.0804,147.0804,147.0804,4.8193932383912866e-05
Orbitrap,13.241186,13.241186,6,4,4,1,4,189.1598,189.1598,189.1598,4.8193932383912866e-05
Orbitrap,13.298747,13.298747,6,4,4,1,4,189.9821,189.9821,189.9821,4.8193932383912866e-05
Orbitrap,13.323963,13.323963,6,4,4,1,4,444.1321,444.1321,444.1321,4.8193932383912866e-05
Orbitrap,13.349607,13.349607,6,4,4,1,4,444.9869,444.9869,444.9869,4.8193932383912866e-05
Orbitrap,13.354815,13.354815,6,4,4,1,4,445.1605,445.1605,445.1605,4.8193932383912866e-05
Orbitrap,13.381056,13.381056,6,4,4,1,4,446.0352,446.0352,446.0352,4.8193932383912866e-05
Orbitrap,13.403755,13.403755,6,4,4,1,4,268.0751,268.0751,268.0751,4.8193932383912866e-05
Orbitrap,13.449680999999998,13.449680999999998,15,4,4,1,4,192.1383,192.1383,192.1383,4.8193932383912866e-05
Orbitrap,13.497975,13.497975,6,4,4,1,4,149.9775,149.9775,149.9775,4.8193932383912866e-05
Orbitrap,13.504542,13.504542,6,4,4,1,4,225.0757,225.0757,225.0757,4.8193932383912866e-05
Orbitrap,13.505892,13.505892,6,4,4,1,4,225.0982,225.0982,225.0982,4.8193932383912866e-05
Orbitrap,13.505897999999998,13.505897999999998,15,4,4,1,4,225.0983,225.0983,225.0983,4.8193932383912866e-05
Orbitrap,13.507404,13.507404,6,4,4,1,4,225.1234,225.1234,225.1234,4.8193932383912866e-05
Orbitrap,13.511502,13.511502,6,4,4,1,4,150.1278,150.1278,150.1278,4.8193932383912866e-05
Orbitrap,13.519345,13.519345,6,4,4,1,4,193.1335,193.1335,193.1335,4.8193932383912866e-05
Orbitrap,13.565244,13.565244,6,4,4,1,4,226.0874,226.0874,226.0874,4.8193932383912866e-05
Orbitrap,13.586748,13.586748,6,4,4,1,4,194.0964,194.0964,194.0964,4.8193932383912866e-05
Orbitrap,13.593561,13.593561,6,4,4,1,4,453.1187,453.1187,453.1187,4.8193932383912866e-05
Orbitrap,13.612312,13.612312,6,4,4,1,4,170.1539,170.1539,170.1539,4.8193932383912866e-05
Orbitrap,13.681485,13.681485,6,4,4,1,4,152.0165,152.0165,152.0165,4.8193932383912866e-05
Orbitrap,13.686354,13.686354,6,4,4,1,4,152.0706,152.0706,152.0706,4.8193932383912866e-05
Orbitrap,13.745154,13.745154,6,4,4,1,4,229.0859,229.0859,229.0859,4.8193932383912866e-05
Orbitrap,13.779198,13.779198,6,4,4,1,4,153.1022,153.1022,153.1022,4.8193932383912866e-05
Orbitrap,13.803216,13.803216,6,4,4,1,4,230.0536,230.0536,230.0536,4.8193932383912866e-05
Orbitrap,13.8055,13.8055,4,4,4,2,4,138.055,138.055,138.055,4.8193932383912866e-05
Orbitrap,13.862604,13.862604,6,4,4,1,4,231.0434,231.0434,231.0434,4.8193932383912866e-05
Orbitrap,13.866096,13.866096,6,4,4,1,4,231.1016,231.1016,231.1016,4.8193932383912866e-05
Orbitrap,13.866624,13.866624,6,4,4,1,4,231.1104,231.1104,231.1104,4.8193932383912866e-05
Orbitrap,13.926486,13.926486,6,4,4,1,4,232.1081,232.1081,232.1081,4.8193932383912866e-05
Orbitrap,13.928664,13.928664,6,4,4,1,4,232.1444,232.1444,232.1444,4.8193932383912866e-05
Orbitrap,13.934431,13.934431,6,4,4,1,4,199.0633,199.0633,199.0633,4.8193932383912866e-05
Orbitrap,13.935782,13.935782,6,4,4,1,4,199.0826,199.0826,199.0826,4.8193932383912866e-05
Orbitrap,14.008274,14.008274,6,4,4,1,4,200.1182,200.1182,200.1182,4.8193932383912866e-05
Orbitrap,14.048934,14.048934,6,4,4,1,4,234.1489,234.1489,234.1489,4.8193932383912866e-05
Orbitrap,14.051112000000002,14.051112000000002,15,4,4,1,4,234.1852,234.1852,234.1852,4.8193932383912866e-05
Orbitrap,14.074844,14.074844,6,4,4,1,4,201.0692,201.0692,201.0692,4.8193932383912866e-05
Orbitrap,14.07637,14.07637,5,4,4,1,4,201.091,201.091,201.091,4.8193932383912866e-05
Orbitrap,14.105985,14.105985,6,4,4,1,4,282.1197,282.1197,282.1197,4.8193932383912866e-05
Orbitrap,14.107974,14.107974,6,4,4,1,4,235.1329,235.1329,235.1329,4.8193932383912866e-05
Orbitrap,14.113014000000002,14.113014000000002,15,4,4,1,4,235.2169,235.2169,235.2169,4.8193932383912866e-05
Orbitrap,14.155155,14.155155,6,4,4,1,4,202.2165,202.2165,202.2165,4.8193932383912866e-05
Orbitrap,14.165344,14.165344,6,4,4,2,4,354.1336,354.1336,354.1336,4.8193932383912866e-05
Orbitrap,14.208063999999998,14.208063999999998,15,4,4,2,4,355.2016,355.2016,355.2016,4.8193932383912866e-05
Orbitrap,14.226132000000002,14.226132000000002,15,4,4,1,4,237.1022,237.1022,237.1022,4.8193932383912866e-05
Orbitrap,14.285958,14.285958,6,4,4,1,4,238.0993,238.0993,238.0993,4.8193932383912866e-05
Orbitrap,14.34951,14.34951,5,4,4,1,4,204.993,204.993,204.993,4.8193932383912866e-05
Orbitrap,14.355557999999998,14.355557999999998,15,4,4,1,4,205.0794,205.0794,205.0794,4.8193932383912866e-05
Orbitrap,14.402448,14.402448,6,4,4,1,4,160.0272,160.0272,160.0272,4.8193932383912866e-05
Orbitrap,14.406672,14.406672,6,4,4,1,4,120.0556,120.0556,120.0556,4.8193932383912866e-05
Orbitrap,14.406900000000002,14.406900000000002,15,4,4,1,4,240.115,240.115,240.115,4.8193932383912866e-05
Orbitrap,14.40797,14.40797,5,4,4,1,4,288.1594,288.1594,288.1594,4.8193932383912866e-05
Orbitrap,14.409564,14.409564,6,4,4,1,4,240.1594,240.1594,240.1594,4.8193932383912866e-05
Orbitrap,14.463846,14.463846,6,4,4,1,4,241.0641,241.0641,241.0641,4.8193932383912866e-05
Orbitrap,14.464098,14.464098,6,4,0,1,0,241.0683,241.0683,241.0683,4.8193932383912866e-05
Orbitrap,14.465778,14.465778,6,4,4,1,4,241.0963,241.0963,241.0963,4.8193932383912866e-05
Orbitrap,14.49966,14.49966,5,4,4,1,4,207.138,207.138,207.138,4.8193932383912866e-05
Orbitrap,14.500444000000002,14.500444000000002,15,4,4,1,4,207.1492,207.1492,207.1492,4.8193932383912866e-05
Orbitrap,14.508755,14.508755,6,4,4,1,4,290.1751,290.1751,290.1751,4.8193932383912866e-05
Orbitrap,14.527056,14.527056,6,4,4,1,4,242.1176,242.1176,242.1176,4.8193932383912866e-05
Orbitrap,14.566776,14.566776,6,4,4,1,4,208.0968,208.0968,208.0968,4.8193932383912866e-05
Orbitrap,14.631869,14.631869,6,4,4,1,4,209.0267,209.0267,209.0267,4.8193932383912866e-05
Orbitrap,14.647644,14.647644,6,4,4,1,4,366.1911,366.1911,366.1911,4.8193932383912866e-05
Orbitrap,14.674824,14.674824,6,4,4,1,4,163.0536,163.0536,163.0536,4.8193932383912866e-05
Orbitrap,14.680053,14.680053,6,4,4,1,4,163.1117,163.1117,163.1117,4.8193932383912866e-05
Orbitrap,14.726816,14.726816,6,4,4,1,4,368.1704,368.1704,368.1704,4.8193932383912866e-05
Orbitrap,14.767422,14.767422,6,4,4,1,4,246.1237,246.1237,246.1237,4.8193932383912866e-05
Orbitrap,14.80734,14.80734,5,4,4,1,4,296.1468,296.1468,296.1468,4.8193932383912866e-05
Orbitrap,14.844095,14.844095,6,4,4,1,4,212.0585,212.0585,212.0585,4.8193932383912866e-05
Orbitrap,14.845859,14.845859,6,4,4,1,4,212.0837,212.0837,212.0837,4.8193932383912866e-05
Orbitrap,14.915523,14.915523,6,4,4,1,4,213.0789,213.0789,213.0789,4.8193932383912866e-05
Orbitrap,14.941152,14.941152,6,4,4,1,4,249.0192,249.0192,249.0192,4.8193932383912866e-05
Orbitrap,14.951766,14.951766,6,4,4,1,4,249.1961,249.1961,249.1961,4.8193932383912866e-05
Orbitrap,14.987847,14.987847,6,4,4,1,4,214.1121,214.1121,214.1121,4.8193932383912866e-05
Orbitrap,14.98882,14.98882,5,4,4,1,4,214.126,214.126,214.126,4.8193932383912866e-05
Orbitrap,15.00096,15.00096,5,4,4,1,4,250.016,250.016,250.016,4.8193932383912866e-05
Orbitrap,15.004547999999998,15.004547999999998,15,4,4,1,4,125.0379,125.0379,125.0379,4.8193932383912866e-05
Orbitrap,15.007370000000002,15.007370000000002,15,4,4,1,4,300.1474,300.1474,300.1474,4.8193932383912866e-05
Orbitrap,15.009025,15.009025,6,4,4,1,4,300.1805,300.1805,300.1805,4.8193932383912866e-05
Orbitrap,15.009795,15.009795,6,4,4,1,4,300.1959,300.1959,300.1959,4.8193932383912866e-05
Orbitrap,15.01277,15.01277,5,4,4,1,4,150.1277,150.1277,150.1277,4.8193932383912866e-05
Orbitrap,15.01278,15.01278,5,4,4,1,4,150.1278,150.1278,150.1278,4.8193932383912866e-05
Orbitrap,15.055943,15.055943,6,4,4,1,4,215.0849,215.0849,215.0849,4.8193932383912866e-05
Orbitrap,15.056727,15.056727,6,4,4,1,4,215.0961,215.0961,215.0961,4.8193932383912866e-05
Orbitrap,15.063582,15.063582,6,4,4,1,4,251.0597,251.0597,251.0597,4.8193932383912866e-05
Orbitrap,15.065484,15.065484,6,4,4,1,4,251.0914,251.0914,251.0914,4.8193932383912866e-05
Orbitrap,15.122275,15.122275,6,4,4,1,4,216.0325,216.0325,216.0325,4.8193932383912866e-05
Orbitrap,15.12738,15.12738,5,4,4,1,4,252.123,252.123,252.123,4.8193932383912866e-05
Orbitrap,15.186426,15.186426,6,4,4,1,4,253.1071,253.1071,253.1071,4.8193932383912866e-05
Orbitrap,15.193465,15.193465,6,4,4,1,4,217.0495,217.0495,217.0495,4.8193932383912866e-05
Orbitrap,15.20567,15.20567,5,4,4,1,4,152.0567,152.0567,152.0567,4.8193932383912866e-05
Orbitrap,15.248604000000002,15.248604000000002,15,4,4,1,4,254.1434,254.1434,254.1434,4.8193932383912866e-05
Orbitrap,15.267252,15.267252,6,4,4,1,4,218.1036,218.1036,218.1036,4.8193932383912866e-05
Orbitrap,15.298404,15.298404,6,4,4,1,4,254.9734,254.9734,254.9734,4.8193932383912866e-05
Orbitrap,15.302287000000002,15.302287000000002,15,4,4,1,4,139.1117,139.1117,139.1117,4.8193932383912866e-05
Orbitrap,15.313850999999998,15.313850999999998,15,4,4,1,4,170.1539,170.1539,170.1539,4.8193932383912866e-05
Orbitrap,15.330602,15.330602,6,4,4,1,4,219.0086,219.0086,219.0086,4.8193932383912866e-05
Orbitrap,15.337896,15.337896,6,4,4,1,4,219.1128,219.1128,219.1128,4.8193932383912866e-05
Orbitrap,15.33966,15.33966,5,4,4,1,4,219.138,219.138,219.138,4.8193932383912866e-05
Orbitrap,15.342201,15.342201,6,4,4,1,4,219.1743,219.1743,219.1743,4.8193932383912866e-05
Orbitrap,15.35406,15.35406,5,4,4,1,4,307.0812,307.0812,307.0812,4.8193932383912866e-05
Orbitrap,15.35598,15.35598,5,4,4,1,4,255.933,255.933,255.933,4.8193932383912866e-05
Orbitrap,15.400152,15.400152,6,4,4,1,4,171.1128,171.1128,171.1128,4.8193932383912866e-05
Orbitrap,15.408351,15.408351,6,4,4,1,4,220.1193,220.1193,220.1193,4.8193932383912866e-05
Orbitrap,15.409323999999998,15.409323999999998,15,4,4,1,4,220.1332,220.1332,220.1332,4.8193932383912866e-05
Orbitrap,15.422868,15.422868,6,4,4,1,4,257.0478,257.0478,257.0478,4.8193932383912866e-05
Orbitrap,15.484284,15.484284,6,4,4,1,4,258.0714,258.0714,258.0714,4.8193932383912866e-05
Orbitrap,15.486453,15.486453,6,4,4,1,4,172.0717,172.0717,172.0717,4.8193932383912866e-05
Orbitrap,15.491988,15.491988,6,4,4,1,4,172.1332,172.1332,172.1332,4.8193932383912866e-05
Orbitrap,15.543003,15.543003,6,4,4,1,4,222.0429,222.0429,222.0429,4.8193932383912866e-05
Orbitrap,15.60987,15.60987,5,4,4,1,4,260.1645,260.1645,260.1645,4.8193932383912866e-05
Orbitrap,15.613044,15.613044,6,4,4,1,4,130.1087,130.1087,130.1087,4.8193932383912866e-05
Orbitrap,15.615215,15.615215,6,4,4,1,4,223.0745,223.0745,223.0745,4.8193932383912866e-05
Orbitrap,15.661398000000002,15.661398000000002,15,4,4,1,4,261.0233,261.0233,261.0233,4.8193932383912866e-05
Orbitrap,15.661971,15.661971,6,4,4,1,4,174.0219,174.0219,174.0219,4.8193932383912866e-05
Orbitrap,15.664869,15.664869,6,4,4,1,4,174.0541,174.0541,174.0541,4.8193932383912866e-05
Orbitrap,15.723012,15.723012,6,4,4,1,4,131.0251,131.0251,131.0251,4.8193932383912866e-05
Orbitrap,15.753822,15.753822,6,4,4,2,4,225.0546,225.0546,225.0546,4.8193932383912866e-05
Orbitrap,15.755299,15.755299,6,4,4,1,4,225.0757,225.0757,225.0757,4.8193932383912866e-05
Orbitrap,15.756881,15.756881,6,4,4,1,4,225.0983,225.0983,225.0983,4.8193932383912866e-05
Orbitrap,15.758638,15.758638,6,4,4,1,4,225.1234,225.1234,225.1234,4.8193932383912866e-05
Orbitrap,15.808775,15.808775,6,4,4,1,4,316.1755,316.1755,316.1755,4.8193932383912866e-05
Orbitrap,15.826272,15.826272,6,4,4,1,4,226.0896,226.0896,226.0896,4.8193932383912866e-05
Orbitrap,15.829373000000002,15.829373000000002,15,4,4,1,4,226.1339,226.1339,226.1339,4.8193932383912866e-05
Orbitrap,15.84474,15.84474,5,4,4,1,4,264.079,264.079,264.079,4.8193932383912866e-05
Orbitrap,15.848057999999998,15.848057999999998,15,4,4,1,4,264.1343,264.1343,264.1343,4.8193932383912866e-05
Orbitrap,15.903786000000002,15.903786000000002,15,4,4,1,4,265.0631,265.0631,265.0631,4.8193932383912866e-05
Orbitrap,15.942474,15.942474,6,4,4,1,4,177.1386,177.1386,177.1386,4.8193932383912866e-05
Orbitrap,16.030218,16.030218,6,4,4,1,4,267.1703,267.1703,267.1703,4.8193932383912866e-05
Orbitrap,16.031034,16.031034,6,4,4,1,4,178.1226,178.1226,178.1226,4.8193932383912866e-05
Orbitrap,16.036013,16.036013,6,4,4,1,4,229.0859,229.0859,229.0859,4.8193932383912866e-05
Orbitrap,16.0845,16.0845,4,4,4,1,4,268.075,268.075,268.075,4.8193932383912866e-05
Orbitrap,16.084506,16.084506,6,4,4,1,4,268.0751,268.0751,268.0751,4.8193932383912866e-05
Orbitrap,16.089257999999997,16.089257999999997,15,4,4,1,4,268.1543,268.1543,268.1543,4.8193932383912866e-05
Orbitrap,16.091442,16.091442,6,4,4,1,4,268.1907,268.1907,268.1907,4.8193932383912866e-05
Orbitrap,16.100483,16.100483,6,4,4,1,4,230.0069,230.0069,230.0069,4.8193932383912866e-05
Orbitrap,16.103752,16.103752,6,4,4,1,4,230.0536,230.0536,230.0536,4.8193932383912866e-05
Orbitrap,16.120611,16.120611,6,4,4,1,4,179.1179,179.1179,179.1179,4.8193932383912866e-05
Orbitrap,16.146306,16.146306,6,4,4,1,4,269.1051,269.1051,269.1051,4.8193932383912866e-05
Orbitrap,16.173038,16.173038,6,4,4,1,4,231.0434,231.0434,231.0434,4.8193932383912866e-05
Orbitrap,16.177728,16.177728,6,4,4,1,4,231.1104,231.1104,231.1104,4.8193932383912866e-05
Orbitrap,16.206201,16.206201,6,4,4,1,4,180.0689,180.0689,180.0689,4.8193932383912866e-05
Orbitrap,16.212191999999998,16.212191999999998,15,4,4,1,4,135.1016,135.1016,135.1016,4.8193932383912866e-05
Orbitrap,16.247567,16.247567,6,4,4,1,4,232.1081,232.1081,232.1081,4.8193932383912866e-05
Orbitrap,16.250108,16.250108,6,4,4,1,4,232.1444,232.1444,232.1444,4.8193932383912866e-05
Orbitrap,16.26249,16.26249,5,4,4,1,4,271.0415,271.0415,271.0415,4.8193932383912866e-05
Orbitrap,16.266462,16.266462,6,4,4,1,4,271.1077,271.1077,271.1077,4.8193932383912866e-05
Orbitrap,16.31117,16.31117,5,4,4,1,4,163.1117,163.1117,163.1117,4.8193932383912866e-05
Orbitrap,16.325706,16.325706,6,4,4,1,4,272.0951,272.0951,272.0951,4.8193932383912866e-05
Orbitrap,16.32987,16.32987,5,4,4,1,4,272.1645,272.1645,272.1645,4.8193932383912866e-05
Orbitrap,16.384338,16.384338,6,4,4,1,4,182.0482,182.0482,182.0482,4.8193932383912866e-05
Orbitrap,16.387602,16.387602,6,4,4,1,4,273.1267,273.1267,273.1267,4.8193932383912866e-05
Orbitrap,16.390423,16.390423,6,4,4,1,4,234.1489,234.1489,234.1489,4.8193932383912866e-05
Orbitrap,16.391094000000002,16.391094000000002,15,4,4,1,4,273.1849,273.1849,273.1849,4.8193932383912866e-05
Orbitrap,16.392964,16.392964,6,4,4,1,4,234.1852,234.1852,234.1852,4.8193932383912866e-05
Orbitrap,16.447116,16.447116,6,4,4,1,4,274.1186,274.1186,274.1186,4.8193932383912866e-05
Orbitrap,16.459303,16.459303,6,4,4,1,4,235.1329,235.1329,235.1329,4.8193932383912866e-05
Orbitrap,16.50298979,16.50298979,8,4,4,2,4,330.0597958,330.0597958,330.0597958,4.8193932383912866e-05
Orbitrap,16.509555,16.509555,6,4,4,2,4,330.1911,330.1911,330.1911,4.8193932383912866e-05
Orbitrap,16.514046999999998,16.514046999999998,15,4,4,1,4,150.1277,150.1277,150.1277,4.8193932383912866e-05
Orbitrap,16.514058000000002,16.514058000000002,15,4,4,1,4,150.1278,150.1278,150.1278,4.8193932383912866e-05
Orbitrap,16.5642,16.5642,4,4,4,1,4,276.07,276.07,276.07,4.8193932383912866e-05
Orbitrap,16.598637999999998,16.598637999999998,15,4,4,1,4,237.1234,237.1234,237.1234,4.8193932383912866e-05
Orbitrap,16.666951,16.666951,6,4,4,1,4,238.0993,238.0993,238.0993,4.8193932383912866e-05
Orbitrap,16.69269,16.69269,5,4,4,1,4,278.2115,278.2115,278.2115,4.8193932383912866e-05
Orbitrap,16.719132,16.719132,6,4,4,1,4,557.3044,557.3044,557.3044,4.8193932383912866e-05
Orbitrap,16.740521,16.740521,6,4,4,1,4,239.1503,239.1503,239.1503,4.8193932383912866e-05
Orbitrap,16.745459999999998,16.745459999999998,15,4,4,1,4,279.091,279.091,279.091,4.8193932383912866e-05
Orbitrap,16.765348,16.765348,6,4,4,1,4,419.1337,419.1337,419.1337,4.8193932383912866e-05
Orbitrap,16.777809,16.777809,6,4,4,1,4,559.2603,559.2603,559.2603,4.8193932383912866e-05
Orbitrap,16.805502,16.805502,6,4,4,1,4,240.0786,240.0786,240.0786,4.8193932383912866e-05
Orbitrap,16.808049999999998,16.808049999999998,15,4,4,1,4,240.115,240.115,240.115,4.8193932383912866e-05
Orbitrap,16.847331999999998,16.847331999999998,15,4,0,1,0,421.1833,421.1833,421.1833,4.8193932383912866e-05
Orbitrap,16.874781,16.874781,6,4,0,1,0,241.0683,241.0683,241.0683,4.8193932383912866e-05
Orbitrap,16.876741000000003,16.876741000000003,15,4,4,1,4,241.0963,241.0963,241.0963,4.8193932383912866e-05
Orbitrap,16.919916,16.919916,6,4,4,1,4,281.9986,281.9986,281.9986,4.8193932383912866e-05
Orbitrap,16.922886,16.922886,6,4,4,1,4,282.0481,282.0481,282.0481,4.8193932383912866e-05
Orbitrap,16.926273000000002,16.926273000000002,15,4,4,1,4,188.0697,188.0697,188.0697,4.8193932383912866e-05
Orbitrap,16.927182000000002,16.927182000000002,15,4,4,1,4,282.1197,282.1197,282.1197,4.8193932383912866e-05
Orbitrap,16.927362,16.927362,6,4,4,1,4,188.0818,188.0818,188.0818,4.8193932383912866e-05
Orbitrap,16.929252,16.929252,6,4,4,1,4,141.0771,141.0771,141.0771,4.8193932383912866e-05
Orbitrap,16.948232,16.948232,6,4,4,1,4,242.1176,242.1176,242.1176,4.8193932383912866e-05
Orbitrap,16.98924,16.98924,5,4,4,1,4,283.154,283.154,283.154,4.8193932383912866e-05
Orbitrap,17.01539,17.01539,5,4,4,1,4,170.1539,170.1539,170.1539,4.8193932383912866e-05
Orbitrap,17.019207,17.019207,6,4,4,1,4,189.1023,189.1023,189.1023,4.8193932383912866e-05
Orbitrap,17.024382,17.024382,6,4,4,1,4,189.1598,189.1598,189.1598,4.8193932383912866e-05
Orbitrap,17.048472,17.048472,6,4,4,1,4,284.1412,284.1412,284.1412,4.8193932383912866e-05
Orbitrap,17.098389,17.098389,6,4,4,1,4,189.9821,189.9821,189.9821,4.8193932383912866e-05
Orbitrap,17.110854,17.110854,6,4,4,1,4,285.1809,285.1809,285.1809,4.8193932383912866e-05
Orbitrap,17.129464,17.129464,6,4,4,1,4,428.2366,428.2366,428.2366,4.8193932383912866e-05
Orbitrap,17.223491999999997,17.223491999999997,15,4,4,1,4,287.0582,287.0582,287.0582,4.8193932383912866e-05
Orbitrap,17.225688,17.225688,6,4,4,1,4,287.0948,287.0948,287.0948,4.8193932383912866e-05
Orbitrap,17.228659,17.228659,6,4,4,1,4,246.1237,246.1237,246.1237,4.8193932383912866e-05
Orbitrap,17.289564,17.289564,6,4,4,1,4,288.1594,288.1594,288.1594,4.8193932383912866e-05
Orbitrap,17.292447,17.292447,6,4,4,1,4,192.1383,192.1383,192.1383,4.8193932383912866e-05
Orbitrap,17.347872,17.347872,6,4,4,1,4,289.1312,289.1312,289.1312,4.8193932383912866e-05
Orbitrap,17.36108427,17.36108427,8,4,4,2,4,347.2216854,347.2216854,347.2216854,4.8193932383912866e-05
Orbitrap,17.382015,17.382015,6,4,4,1,4,193.1335,193.1335,193.1335,4.8193932383912866e-05
Orbitrap,17.408322000000002,17.408322000000002,15,4,4,1,4,290.1387,290.1387,290.1387,4.8193932383912866e-05
Orbitrap,17.410505999999998,17.410505999999998,15,4,4,1,4,290.1751,290.1751,290.1751,4.8193932383912866e-05
Orbitrap,17.431344,17.431344,6,4,4,1,4,249.0192,249.0192,249.0192,4.8193932383912866e-05
Orbitrap,17.440395,17.440395,6,4,4,1,4,249.1485,249.1485,249.1485,4.8193932383912866e-05
Orbitrap,17.462808000000003,17.462808000000003,15,4,4,1,4,291.0468,291.0468,291.0468,4.8193932383912866e-05
Orbitrap,17.468676,17.468676,6,4,4,1,4,194.0964,194.0964,194.0964,4.8193932383912866e-05
Orbitrap,17.468712,17.468712,6,4,4,1,4,291.1452,291.1452,291.1452,4.8193932383912866e-05
Orbitrap,17.472402000000002,17.472402000000002,15,4,4,1,4,291.2067,291.2067,291.2067,4.8193932383912866e-05
Orbitrap,17.50112,17.50112,5,4,4,1,4,250.016,250.016,250.016,4.8193932383912866e-05
Orbitrap,17.504514999999998,17.504514999999998,15,4,4,1,4,250.0645,250.0645,250.0645,4.8193932383912866e-05
Orbitrap,17.521392,17.521392,6,4,4,1,4,146.0116,146.0116,146.0116,4.8193932383912866e-05
Orbitrap,17.521596,17.521596,6,4,4,1,4,292.0266,292.0266,292.0266,4.8193932383912866e-05
Orbitrap,17.527266,17.527266,6,4,4,1,4,292.1211,292.1211,292.1211,4.8193932383912866e-05
Orbitrap,17.53104,17.53104,5,4,4,1,4,219.138,219.138,219.138,4.8193932383912866e-05
Orbitrap,17.533943999999998,17.533943999999998,15,4,4,1,4,219.1743,219.1743,219.1743,4.8193932383912866e-05
Orbitrap,17.557893,17.557893,6,4,4,1,4,195.0877,195.0877,195.0877,4.8193932383912866e-05
Orbitrap,17.574179,17.574179,6,4,4,1,4,251.0597,251.0597,251.0597,4.8193932383912866e-05
Orbitrap,17.584217999999996,17.584217999999996,15,4,4,1,4,293.0703,293.0703,293.0703,4.8193932383912866e-05
Orbitrap,17.586306,17.586306,6,4,4,1,4,293.1051,293.1051,293.1051,4.8193932383912866e-05
Orbitrap,17.649648000000003,17.649648000000003,15,4,4,1,4,147.0804,147.0804,147.0804,4.8193932383912866e-05
Orbitrap,17.651790000000002,17.651790000000002,15,4,4,1,4,294.1965,294.1965,294.1965,4.8193932383912866e-05
Orbitrap,17.70668,17.70668,5,4,4,2,4,354.1336,354.1336,354.1336,4.8193932383912866e-05
Orbitrap,17.707728,17.707728,6,4,4,1,4,295.1288,295.1288,295.1288,4.8193932383912866e-05
Orbitrap,17.712163,17.712163,6,4,4,1,4,253.0309,253.0309,253.0309,4.8193932383912866e-05
Orbitrap,17.713013999999998,17.713013999999998,15,4,4,1,4,295.2169,295.2169,295.2169,4.8193932383912866e-05
Orbitrap,17.716804,17.716804,6,4,4,1,4,253.0972,253.0972,253.0972,4.8193932383912866e-05
Orbitrap,17.717496999999998,17.717496999999998,15,4,4,1,4,253.1071,253.1071,253.1071,4.8193932383912866e-05
Orbitrap,17.76008,17.76008,5,4,4,2,4,355.2016,355.2016,355.2016,4.8193932383912866e-05
Orbitrap,17.768802,17.768802,6,4,4,1,4,296.1467,296.1467,296.1467,4.8193932383912866e-05
Orbitrap,17.768807999999996,17.768807999999996,15,4,4,1,4,296.1468,296.1468,296.1468,4.8193932383912866e-05
Orbitrap,17.806420000000003,17.806420000000003,15,4,4,1,4,445.1605,445.1605,445.1605,4.8193932383912866e-05
Orbitrap,17.848138,17.848138,6,4,4,1,4,254.9734,254.9734,254.9734,4.8193932383912866e-05
Orbitrap,17.854564,17.854564,6,4,4,2,4,255.0652,255.0652,255.0652,4.8193932383912866e-05
Orbitrap,17.878307999999997,17.878307999999997,15,4,4,1,4,297.9718,297.9718,297.9718,4.8193932383912866e-05
Orbitrap,17.88189,17.88189,5,4,4,1,4,298.0315,298.0315,298.0315,4.8193932383912866e-05
Orbitrap,17.90703,17.90703,5,4,4,1,4,179.0703,179.0703,179.0703,4.8193932383912866e-05
Orbitrap,17.915309999999998,17.915309999999998,15,4,4,1,4,255.933,255.933,255.933,4.8193932383912866e-05
Orbitrap,17.915697,17.915697,6,4,4,1,4,199.0633,199.0633,199.0633,4.8193932383912866e-05
Orbitrap,17.921057,17.921057,6,4,4,1,4,256.0151,256.0151,256.0151,4.8193932383912866e-05
Orbitrap,17.921463,17.921463,6,4,4,1,4,256.0209,256.0209,256.0209,4.8193932383912866e-05
Orbitrap,17.924172,17.924172,6,4,4,1,4,256.0596,256.0596,256.0596,4.8193932383912866e-05
Orbitrap,17.931872,17.931872,6,4,4,1,4,256.1696,256.1696,256.1696,4.8193932383912866e-05
Orbitrap,17.993346000000003,17.993346000000003,15,4,4,1,4,257.0478,257.0478,257.0478,4.8193932383912866e-05
Orbitrap,17.9973,17.9973,4,4,4,1,4,149.9775,149.9775,149.9775,4.8193932383912866e-05
Orbitrap,18.007856,18.007856,6,4,4,1,4,225.0982,225.0982,225.0982,4.8193932383912866e-05
Orbitrap,18.00834,18.00834,5,4,4,1,4,120.0556,120.0556,120.0556,4.8193932383912866e-05
Orbitrap,18.008844,18.008844,6,4,4,1,4,300.1474,300.1474,300.1474,4.8193932383912866e-05
Orbitrap,18.009563999999997,18.009563999999997,15,4,4,1,4,300.1594,300.1594,300.1594,4.8193932383912866e-05
Orbitrap,18.010638,18.010638,6,4,4,1,4,200.1182,200.1182,200.1182,4.8193932383912866e-05
Orbitrap,18.01083,18.01083,5,4,4,1,4,300.1805,300.1805,300.1805,4.8193932383912866e-05
Orbitrap,18.011748,18.011748,6,4,4,1,4,300.1958,300.1958,300.1958,4.8193932383912866e-05
Orbitrap,18.011754,18.011754,6,4,4,1,4,300.1959,300.1959,300.1959,4.8193932383912866e-05
Orbitrap,18.0150404,18.0150404,7,4,4,2,4,146.06,146.06,146.06,4.8193932383912866e-05
Orbitrap,18.015336,18.015336,6,4,4,1,4,150.1278,150.1278,150.1278,4.8193932383912866e-05
Orbitrap,18.060050000000004,18.060050000000004,15,4,4,2,4,361.201,361.201,361.201,4.8193932383912866e-05
Orbitrap,18.064998,18.064998,6,4,4,1,4,258.0714,258.0714,258.0714,4.8193932383912866e-05
Orbitrap,18.065565,18.065565,6,4,4,1,4,258.0795,258.0795,258.0795,4.8193932383912866e-05
Orbitrap,18.084521,18.084521,6,4,4,1,4,139.1117,139.1117,139.1117,4.8193932383912866e-05
Orbitrap,18.096228,18.096228,6,4,4,1,4,201.0692,201.0692,201.0692,4.8193932383912866e-05
Orbitrap,18.09819,18.09819,5,4,4,1,4,201.091,201.091,201.091,4.8193932383912866e-05
Orbitrap,18.126342,18.126342,6,4,4,1,4,302.1057,302.1057,302.1057,4.8193932383912866e-05
Orbitrap,18.128322,18.128322,6,4,4,1,4,302.1387,302.1387,302.1387,4.8193932383912866e-05
Orbitrap,18.135278,18.135278,6,4,4,2,4,259.0754,259.0754,259.0754,4.8193932383912866e-05
Orbitrap,18.199485,18.199485,6,4,4,1,4,202.2165,202.2165,202.2165,4.8193932383912866e-05
Orbitrap,18.211515,18.211515,6,4,4,1,4,260.1645,260.1645,260.1645,4.8193932383912866e-05
Orbitrap,18.24198,18.24198,5,4,4,1,4,152.0165,152.0165,152.0165,4.8193932383912866e-05
Orbitrap,18.248472000000003,18.248472000000003,15,4,4,1,4,152.0706,152.0706,152.0706,4.8193932383912866e-05
Orbitrap,18.278343,18.278343,6,4,4,1,4,203.0927,203.0927,203.0927,4.8193932383912866e-05
Orbitrap,18.306498,18.306498,6,4,4,1,4,305.1083,305.1083,305.1083,4.8193932383912866e-05
Orbitrap,18.368688,18.368688,6,4,4,1,4,306.1448,306.1448,306.1448,4.8193932383912866e-05
Orbitrap,18.370179,18.370179,6,4,4,1,4,204.1131,204.1131,204.1131,4.8193932383912866e-05
Orbitrap,18.424872000000004,18.424872000000004,15,4,4,1,4,307.0812,307.0812,307.0812,4.8193932383912866e-05
Orbitrap,18.44937,18.44937,5,4,4,1,4,204.993,204.993,204.993,4.8193932383912866e-05
Orbitrap,18.457146,18.457146,6,4,4,1,4,205.0794,205.0794,205.0794,4.8193932383912866e-05
Orbitrap,18.483042,18.483042,6,4,4,1,4,308.0507,308.0507,308.0507,4.8193932383912866e-05
Orbitrap,18.48553,18.48553,5,4,4,1,4,264.079,264.079,264.079,4.8193932383912866e-05
Orbitrap,18.489144,18.489144,6,4,4,1,4,308.1524,308.1524,308.1524,4.8193932383912866e-05
Orbitrap,18.489401,18.489401,6,4,4,1,4,264.1343,264.1343,264.1343,4.8193932383912866e-05
Orbitrap,18.493706000000003,18.493706000000003,15,4,4,1,4,264.1958,264.1958,264.1958,4.8193932383912866e-05
Orbitrap,18.61299,18.61299,5,4,4,1,4,310.2165,310.2165,310.2165,4.8193932383912866e-05
Orbitrap,18.64242,18.64242,5,4,4,1,4,207.138,207.138,207.138,4.8193932383912866e-05
Orbitrap,18.643428,18.643428,6,4,4,1,4,207.1492,207.1492,207.1492,4.8193932383912866e-05
Orbitrap,18.701921,18.701921,6,4,4,1,4,267.1703,267.1703,267.1703,4.8193932383912866e-05
Orbitrap,18.716929,18.716929,6,4,4,1,4,170.1539,170.1539,170.1539,4.8193932383912866e-05
Orbitrap,18.728712,18.728712,6,4,4,1,4,208.0968,208.0968,208.0968,4.8193932383912866e-05
Orbitrap,18.755685,18.755685,6,4,4,1,4,125.0379,125.0379,125.0379,4.8193932383912866e-05
Orbitrap,18.765257,18.765257,6,4,4,1,4,268.0751,268.0751,268.0751,4.8193932383912866e-05
Orbitrap,18.770801,18.770801,6,4,4,1,4,268.1543,268.1543,268.1543,4.8193932383912866e-05
Orbitrap,18.792732,18.792732,6,4,4,1,4,313.2122,313.2122,313.2122,4.8193932383912866e-05
Orbitrap,18.810632,18.810632,6,4,4,1,4,235.1329,235.1329,235.1329,4.8193932383912866e-05
Orbitrap,18.812403000000003,18.812403000000003,15,4,4,1,4,209.0267,209.0267,209.0267,4.8193932383912866e-05
Orbitrap,18.81444,18.81444,5,4,4,1,4,235.1805,235.1805,235.1805,4.8193932383912866e-05
Orbitrap,18.837357,18.837357,6,4,4,1,4,269.1051,269.1051,269.1051,4.8193932383912866e-05
Orbitrap,18.848322,18.848322,6,4,4,1,4,314.1387,314.1387,314.1387,4.8193932383912866e-05
Orbitrap,18.857278020000003,18.857278020000003,15,4,4,1,4,377.1455604,377.1455604,377.1455604,4.8193932383912866e-05
Orbitrap,18.899118,18.899118,6,4,4,1,4,314.9853,314.9853,314.9853,4.8193932383912866e-05
Orbitrap,18.90891,18.90891,5,4,4,1,4,315.1485,315.1485,315.1485,4.8193932383912866e-05
Orbitrap,18.91022,18.91022,5,4,4,1,4,189.1022,189.1022,189.1022,4.8193932383912866e-05
Orbitrap,18.91023,18.91023,5,4,4,1,4,189.1023,189.1023,189.1023,4.8193932383912866e-05
Orbitrap,18.97053,18.97053,5,4,4,1,4,316.1755,316.1755,316.1755,4.8193932383912866e-05
Orbitrap,18.972905,18.972905,6,4,4,1,4,271.0415,271.0415,271.0415,4.8193932383912866e-05
Orbitrap,18.977539,18.977539,6,4,4,1,4,271.1077,271.1077,271.1077,4.8193932383912866e-05
Orbitrap,19.046657,19.046657,6,4,4,1,4,272.0951,272.0951,272.0951,4.8193932383912866e-05
Orbitrap,19.051515,19.051515,6,4,4,1,4,272.1645,272.1645,272.1645,4.8193932383912866e-05
Orbitrap,19.054063,19.054063,6,4,4,1,4,272.2009,272.2009,272.2009,4.8193932383912866e-05
Orbitrap,19.085265,19.085265,6,4,4,1,4,212.0585,212.0585,212.0585,4.8193932383912866e-05
Orbitrap,19.087533,19.087533,6,4,4,1,4,212.0837,212.0837,212.0837,4.8193932383912866e-05
Orbitrap,19.122943000000003,19.122943000000003,15,4,4,1,4,273.1849,273.1849,273.1849,4.8193932383912866e-05
Orbitrap,19.144392,19.144392,6,4,4,1,4,319.0732,319.0732,319.0732,4.8193932383912866e-05
Orbitrap,19.177101,19.177101,6,4,4,1,4,213.0789,213.0789,213.0789,4.8193932383912866e-05
Orbitrap,19.188302,19.188302,6,4,4,1,4,274.1186,274.1186,274.1186,4.8193932383912866e-05
Orbitrap,19.197703,19.197703,6,4,4,1,4,274.2529,274.2529,274.2529,4.8193932383912866e-05
Orbitrap,19.203264,19.203264,6,4,4,1,4,160.0272,160.0272,160.0272,4.8193932383912866e-05
Orbitrap,19.266096,19.266096,6,4,4,1,4,321.1016,321.1016,321.1016,4.8193932383912866e-05
Orbitrap,19.270089,19.270089,6,4,4,1,4,214.1121,214.1121,214.1121,4.8193932383912866e-05
Orbitrap,19.27134,19.27134,5,4,4,1,4,214.126,214.126,214.126,4.8193932383912866e-05
Orbitrap,19.273038,19.273038,6,4,4,1,4,321.2173,321.2173,321.2173,4.8193932383912866e-05
Orbitrap,19.314138000000003,19.314138000000003,15,4,4,1,4,321.9023,321.9023,321.9023,4.8193932383912866e-05
Orbitrap,19.324662,19.324662,6,4,4,1,4,322.0777,322.0777,322.0777,4.8193932383912866e-05
Orbitrap,19.343625,19.343625,6,4,4,1,4,644.7875,644.7875,644.7875,4.8193932383912866e-05
Orbitrap,19.357641,19.357641,6,4,4,1,4,215.0849,215.0849,215.0849,4.8193932383912866e-05
Orbitrap,19.358649,19.358649,6,4,4,1,4,215.0961,215.0961,215.0961,4.8193932383912866e-05
Orbitrap,19.442925,19.442925,6,4,4,1,4,216.0325,216.0325,216.0325,4.8193932383912866e-05
Orbitrap,19.44909,19.44909,5,4,4,1,4,216.101,216.101,216.101,4.8193932383912866e-05
Orbitrap,19.516305,19.516305,6,4,4,1,4,130.1087,130.1087,130.1087,4.8193932383912866e-05
Orbitrap,19.516601,19.516601,6,4,4,1,4,150.1277,150.1277,150.1277,4.8193932383912866e-05
Orbitrap,19.516614,19.516614,6,4,4,1,4,150.1278,150.1278,150.1278,4.8193932383912866e-05
Orbitrap,19.534455,19.534455,6,4,4,1,4,217.0495,217.0495,217.0495,4.8193932383912866e-05
Orbitrap,19.53637,19.53637,5,4,4,1,4,279.091,279.091,279.091,4.8193932383912866e-05
Orbitrap,19.566431999999995,19.566431999999995,15,4,4,1,4,163.0536,163.0536,163.0536,4.8193932383912866e-05
Orbitrap,19.573404000000004,19.573404000000004,15,4,4,1,4,163.1117,163.1117,163.1117,4.8193932383912866e-05
Orbitrap,19.610801,19.610801,6,4,4,1,4,280.1543,280.1543,280.1543,4.8193932383912866e-05
Orbitrap,19.629324,19.629324,6,4,4,1,4,218.1036,218.1036,218.1036,4.8193932383912866e-05
Orbitrap,19.653765000000003,19.653765000000003,15,4,4,1,4,131.0251,131.0251,131.0251,4.8193932383912866e-05
Orbitrap,19.684746,19.684746,6,4,4,1,4,328.0791,328.0791,328.0791,4.8193932383912866e-05
Orbitrap,19.710774,19.710774,6,4,4,1,4,219.0086,219.0086,219.0086,4.8193932383912866e-05
Orbitrap,19.720152,19.720152,6,4,4,1,4,219.1128,219.1128,219.1128,4.8193932383912866e-05
Orbitrap,19.722420000000003,19.722420000000003,15,4,4,1,4,219.138,219.138,219.138,4.8193932383912866e-05
Orbitrap,19.739902,19.739902,6,4,4,1,4,281.9986,281.9986,281.9986,4.8193932383912866e-05
Orbitrap,19.74147,19.74147,5,4,4,1,4,329.0245,329.0245,329.0245,4.8193932383912866e-05
Orbitrap,19.806576,19.806576,6,4,4,1,4,330.1096,330.1096,330.1096,4.8193932383912866e-05
Orbitrap,19.80822,19.80822,5,4,4,1,4,330.137,330.137,330.137,4.8193932383912866e-05
Orbitrap,19.811466,19.811466,6,4,4,2,4,330.1911,330.1911,330.1911,4.8193932383912866e-05
Orbitrap,19.811988,19.811988,6,4,4,1,4,220.1332,220.1332,220.1332,4.8193932383912866e-05
Orbitrap,19.82078,19.82078,5,4,4,1,4,283.154,283.154,283.154,4.8193932383912866e-05
Orbitrap,19.8609,19.8609,4,4,4,1,4,331.015,331.015,331.015,4.8193932383912866e-05
Orbitrap,19.955523,19.955523,6,4,4,1,4,285.0789,285.0789,285.0789,4.8193932383912866e-05
Orbitrap,19.962663,19.962663,6,4,4,1,4,285.1809,285.1809,285.1809,4.8193932383912866e-05
Orbitrap,19.983861,19.983861,6,4,4,1,4,222.0429,222.0429,222.0429,4.8193932383912866e-05
Orbitrap,20.076705,20.076705,6,4,4,1,4,223.0745,223.0745,223.0745,4.8193932383912866e-05
Orbitrap,20.094074,20.094074,6,4,4,1,4,287.0582,287.0582,287.0582,4.8193932383912866e-05
Orbitrap,20.096636000000004,20.096636000000004,15,4,4,1,4,287.0948,287.0948,287.0948,4.8193932383912866e-05
Orbitrap,20.171158,20.171158,6,4,4,1,4,288.1594,288.1594,288.1594,4.8193932383912866e-05
Orbitrap,20.238505,20.238505,6,4,4,1,4,289.1215,289.1215,289.1215,4.8193932383912866e-05
Orbitrap,20.239184,20.239184,6,4,4,1,4,289.1312,289.1312,289.1312,4.8193932383912866e-05
Orbitrap,20.256813,20.256813,6,4,4,1,4,225.0757,225.0757,225.0757,4.8193932383912866e-05
Orbitrap,20.258838,20.258838,6,4,4,1,4,225.0982,225.0982,225.0982,4.8193932383912866e-05
Orbitrap,20.258847,20.258847,6,4,4,1,4,225.0983,225.0983,225.0983,4.8193932383912866e-05
Orbitrap,20.261106,20.261106,6,4,4,1,4,225.1234,225.1234,225.1234,4.8193932383912866e-05
Orbitrap,20.26524,20.26524,5,4,4,1,4,135.1016,135.1016,135.1016,4.8193932383912866e-05
Orbitrap,20.309709,20.309709,6,4,4,1,4,290.1387,290.1387,290.1387,4.8193932383912866e-05
Orbitrap,20.312257,20.312257,6,4,4,1,4,290.1751,290.1751,290.1751,4.8193932383912866e-05
Orbitrap,20.347866000000003,20.347866000000003,15,4,4,1,4,226.0874,226.0874,226.0874,4.8193932383912866e-05
Orbitrap,20.352051,20.352051,6,4,4,1,4,226.1339,226.1339,226.1339,4.8193932383912866e-05
Orbitrap,20.380164,20.380164,6,4,4,1,4,291.1452,291.1452,291.1452,4.8193932383912866e-05
Orbitrap,20.384469,20.384469,6,4,4,1,4,291.2067,291.2067,291.2067,4.8193932383912866e-05
Orbitrap,20.40291,20.40291,5,4,4,1,4,340.0485,340.0485,340.0485,4.8193932383912866e-05
Orbitrap,20.403225000000003,20.403225000000003,15,4,4,1,4,136.0215,136.0215,136.0215,4.8193932383912866e-05
Orbitrap,20.405216,20.405216,6,4,4,2,4,255.0652,255.0652,255.0652,4.8193932383912866e-05
Orbitrap,20.412432,20.412432,6,4,4,1,4,170.1036,170.1036,170.1036,4.8193932383912866e-05
Orbitrap,20.418468,20.418468,6,4,4,1,4,170.1539,170.1539,170.1539,4.8193932383912866e-05
Orbitrap,20.441862,20.441862,6,4,4,1,4,292.0266,292.0266,292.0266,4.8193932383912866e-05
Orbitrap,20.502944000000003,20.502944000000003,15,4,4,1,4,128.1434,128.1434,128.1434,4.8193932383912866e-05
Orbitrap,20.514921,20.514921,6,4,4,1,4,293.0703,293.0703,293.0703,4.8193932383912866e-05
Orbitrap,20.517357,20.517357,6,4,4,1,4,293.1051,293.1051,293.1051,4.8193932383912866e-05
Orbitrap,20.533536,20.533536,6,4,4,1,4,171.1128,171.1128,171.1128,4.8193932383912866e-05
Orbitrap,20.57429,20.57429,5,4,4,1,4,187.039,187.039,187.039,4.8193932383912866e-05
Orbitrap,20.593755,20.593755,6,4,4,1,4,294.1965,294.1965,294.1965,4.8193932383912866e-05
Orbitrap,20.617731,20.617731,6,4,4,1,4,229.0859,229.0859,229.0859,4.8193932383912866e-05
Orbitrap,20.648604,20.648604,6,4,4,1,4,172.0717,172.0717,172.0717,4.8193932383912866e-05
Orbitrap,20.659016,20.659016,6,4,4,1,4,295.1288,295.1288,295.1288,4.8193932383912866e-05
Orbitrap,20.665183000000003,20.665183000000003,15,4,4,1,4,295.2169,295.2169,295.2169,4.8193932383912866e-05
Orbitrap,20.700621,20.700621,6,4,4,1,4,230.0069,230.0069,230.0069,4.8193932383912866e-05
Orbitrap,20.704824,20.704824,6,4,4,1,4,230.0536,230.0536,230.0536,4.8193932383912866e-05
Orbitrap,20.7249,20.7249,4,4,4,1,4,296.07,296.07,296.07,4.8193932383912866e-05
Orbitrap,20.729884,20.729884,6,4,4,1,4,296.1412,296.1412,296.1412,4.8193932383912866e-05
Orbitrap,20.730276,20.730276,6,4,4,1,4,296.1468,296.1468,296.1468,4.8193932383912866e-05
Orbitrap,20.793906,20.793906,6,4,4,1,4,231.0434,231.0434,231.0434,4.8193932383912866e-05
Orbitrap,20.799144,20.799144,6,4,4,1,4,231.1016,231.1016,231.1016,4.8193932383912866e-05
Orbitrap,20.799936,20.799936,6,4,4,1,4,231.1104,231.1104,231.1104,4.8193932383912866e-05
Orbitrap,20.801242,20.801242,6,4,4,1,4,189.1022,189.1022,189.1022,4.8193932383912866e-05
Orbitrap,20.801253,20.801253,6,4,4,1,4,189.1023,189.1023,189.1023,4.8193932383912866e-05
Orbitrap,20.802943000000003,20.802943000000003,15,4,4,1,4,297.1849,297.1849,297.1849,4.8193932383912866e-05
Orbitrap,20.858026,20.858026,6,4,4,1,4,297.9718,297.9718,297.9718,4.8193932383912866e-05
Orbitrap,20.862205,20.862205,6,4,4,1,4,298.0315,298.0315,298.0315,4.8193932383912866e-05
Orbitrap,20.866755,20.866755,6,4,4,1,4,139.1117,139.1117,139.1117,4.8193932383912866e-05
Orbitrap,20.879187,20.879187,6,4,4,1,4,298.2741,298.2741,298.2741,4.8193932383912866e-05
Orbitrap,20.882628,20.882628,6,4,4,1,4,174.0219,174.0219,174.0219,4.8193932383912866e-05
Orbitrap,20.889729,20.889729,6,4,4,1,4,232.1081,232.1081,232.1081,4.8193932383912866e-05
Orbitrap,20.892996,20.892996,6,4,4,1,4,232.1444,232.1444,232.1444,4.8193932383912866e-05
Orbitrap,20.956685,20.956685,6,4,4,1,4,419.1337,419.1337,419.1337,4.8193932383912866e-05
Orbitrap,20.972187,20.972187,6,4,4,1,4,233.0243,233.0243,233.0243,4.8193932383912866e-05
Orbitrap,20.996016,20.996016,6,4,4,1,4,349.9336,349.9336,349.9336,4.8193932383912866e-05
Orbitrap,21.009588,21.009588,6,4,4,1,4,350.1598,350.1598,350.1598,4.8193932383912866e-05
Orbitrap,21.010318,21.010318,6,4,4,1,4,300.1474,300.1474,300.1474,4.8193932383912866e-05
Orbitrap,21.011158,21.011158,6,4,4,1,4,300.1594,300.1594,300.1594,4.8193932383912866e-05
Orbitrap,21.012635,21.012635,6,4,4,1,4,300.1805,300.1805,300.1805,4.8193932383912866e-05
Orbitrap,21.013713,21.013713,6,4,4,1,4,300.1959,300.1959,300.1959,4.8193932383912866e-05
Orbitrap,21.017878,21.017878,6,4,4,1,4,150.1277,150.1277,150.1277,4.8193932383912866e-05
Orbitrap,21.017892,21.017892,6,4,4,1,4,150.1278,150.1278,150.1278,4.8193932383912866e-05
Orbitrap,21.059165,21.059165,6,4,0,1,0,421.1833,421.1833,421.1833,4.8193932383912866e-05
Orbitrap,21.073401,21.073401,6,4,4,1,4,234.1489,234.1489,234.1489,4.8193932383912866e-05
Orbitrap,21.076668,21.076668,6,4,4,1,4,234.1852,234.1852,234.1852,4.8193932383912866e-05
Orbitrap,21.10978,21.10978,5,4,4,2,4,211.0978,211.0978,211.0978,4.8193932383912866e-05
Orbitrap,21.149709,21.149709,6,4,4,1,4,302.1387,302.1387,302.1387,4.8193932383912866e-05
Orbitrap,21.161565,21.161565,6,4,4,1,4,141.0771,141.0771,141.0771,4.8193932383912866e-05
Orbitrap,21.161961,21.161961,6,4,4,1,4,235.1329,235.1329,235.1329,4.8193932383912866e-05
Orbitrap,21.162969,21.162969,6,4,4,1,4,235.1441,235.1441,235.1441,4.8193932383912866e-05
Orbitrap,21.185484,21.185484,6,4,4,1,4,353.0914,353.0914,353.0914,4.8193932383912866e-05
Orbitrap,21.193344,21.193344,6,4,4,1,4,353.2224,353.2224,353.2224,4.8193932383912866e-05
Orbitrap,21.248016,21.248016,6,4,4,2,4,354.1336,354.1336,354.1336,4.8193932383912866e-05
Orbitrap,21.256632,21.256632,6,4,4,1,4,177.1386,177.1386,177.1386,4.8193932383912866e-05
Orbitrap,21.298445,21.298445,6,4,4,1,4,304.2635,304.2635,304.2635,4.8193932383912866e-05
Orbitrap,21.312096,21.312096,6,4,4,2,4,355.2016,355.2016,355.2016,4.8193932383912866e-05
Orbitrap,21.339198,21.339198,6,4,4,1,4,237.1022,237.1022,237.1022,4.8193932383912866e-05
Orbitrap,21.341106,21.341106,6,4,4,1,4,237.1234,237.1234,237.1234,4.8193932383912866e-05
Orbitrap,21.357581,21.357581,6,4,4,1,4,305.1083,305.1083,305.1083,4.8193932383912866e-05
Orbitrap,21.374712,21.374712,6,4,4,1,4,178.1226,178.1226,178.1226,4.8193932383912866e-05
Orbitrap,21.411835,21.411835,6,4,4,1,4,428.2367,428.2367,428.2367,4.8193932383912866e-05
Orbitrap,21.428937,21.428937,6,4,4,1,4,238.0993,238.0993,238.0993,4.8193932383912866e-05
Orbitrap,21.430136,21.430136,6,4,4,1,4,306.1448,306.1448,306.1448,4.8193932383912866e-05
Orbitrap,21.446,21.446,3,4,4,1,4,268.075,268.075,268.075,4.8193932383912866e-05
Orbitrap,21.484068,21.484068,6,4,4,1,4,179.0339,179.0339,179.0339,4.8193932383912866e-05
Orbitrap,21.485046,21.485046,6,4,4,1,4,358.0841,358.0841,358.0841,4.8193932383912866e-05
Orbitrap,21.488436,21.488436,6,4,4,1,4,179.0703,179.0703,179.0703,4.8193932383912866e-05
Orbitrap,21.494148,21.494148,6,4,4,1,4,179.1179,179.1179,179.1179,4.8193932383912866e-05
Orbitrap,21.497791,21.497791,6,4,4,1,4,307.1113,307.1113,307.1113,4.8193932383912866e-05
Orbitrap,21.523527,21.523527,6,4,4,1,4,239.1503,239.1503,239.1503,4.8193932383912866e-05
Orbitrap,21.54981,21.54981,5,4,4,1,4,359.1635,359.1635,359.1635,4.8193932383912866e-05
Orbitrap,21.563549,21.563549,6,4,4,1,4,308.0507,308.0507,308.0507,4.8193932383912866e-05
Orbitrap,21.570668,21.570668,6,4,4,1,4,308.1524,308.1524,308.1524,4.8193932383912866e-05
Orbitrap,21.607074,21.607074,6,4,4,1,4,240.0786,240.0786,240.0786,4.8193932383912866e-05
Orbitrap,21.610008,21.610008,6,4,4,1,4,120.0556,120.0556,120.0556,4.8193932383912866e-05
Orbitrap,21.610350000000004,21.610350000000004,15,4,4,1,4,240.115,240.115,240.115,4.8193932383912866e-05
Orbitrap,21.614346,21.614346,6,4,4,1,4,240.1594,240.1594,240.1594,4.8193932383912866e-05
Orbitrap,21.6396,21.6396,4,4,4,1,4,721.32,721.32,721.32,4.8193932383912866e-05
Orbitrap,21.695769,21.695769,6,4,4,1,4,241.0641,241.0641,241.0641,4.8193932383912866e-05
Orbitrap,21.696147,21.696147,6,4,0,1,0,241.0683,241.0683,241.0683,4.8193932383912866e-05
Orbitrap,21.698667,21.698667,6,4,4,1,4,241.0963,241.0963,241.0963,4.8193932383912866e-05
Orbitrap,21.70495,21.70495,5,4,4,1,4,217.0495,217.0495,217.0495,4.8193932383912866e-05
Orbitrap,21.726924000000004,21.726924000000004,15,4,4,1,4,362.1154,362.1154,362.1154,4.8193932383912866e-05
Orbitrap,21.775663,21.775663,6,4,4,1,4,311.0809,311.0809,311.0809,4.8193932383912866e-05
Orbitrap,21.790584000000003,21.790584000000003,15,4,4,1,4,242.1176,242.1176,242.1176,4.8193932383912866e-05
Orbitrap,21.844422,21.844422,6,4,4,1,4,364.0737,364.0737,364.0737,4.8193932383912866e-05
Orbitrap,21.845784,21.845784,6,4,4,1,4,182.0482,182.0482,182.0482,4.8193932383912866e-05
Orbitrap,21.85891,21.85891,5,4,0,1,0,437.1782,437.1782,437.1782,4.8193932383912866e-05
Orbitrap,21.90174,21.90174,5,4,4,1,4,146.0116,146.0116,146.0116,4.8193932383912866e-05
Orbitrap,21.9138,21.9138,4,4,4,1,4,219.138,219.138,219.138,4.8193932383912866e-05
Orbitrap,21.924854,21.924854,6,4,4,1,4,313.2122,313.2122,313.2122,4.8193932383912866e-05
Orbitrap,21.989709,21.989709,6,4,4,1,4,314.1387,314.1387,314.1387,4.8193932383912866e-05
Orbitrap,22.034055,22.034055,6,4,4,1,4,734.4685,734.4685,734.4685,4.8193932383912866e-05
Orbitrap,22.048971,22.048971,6,4,4,1,4,314.9853,314.9853,314.9853,4.8193932383912866e-05
Orbitrap,22.060395,22.060395,6,4,4,1,4,315.1485,315.1485,315.1485,4.8193932383912866e-05
Orbitrap,22.06206,22.06206,5,4,4,1,4,147.0804,147.0804,147.0804,4.8193932383912866e-05
Orbitrap,22.090224,22.090224,6,4,4,1,4,368.1704,368.1704,368.1704,4.8193932383912866e-05
Orbitrap,22.10734787,22.10734787,8,4,4,1,4,442.1469574,442.1469574,442.1469574,4.8193932383912866e-05
Orbitrap,22.120007,22.120007,6,4,4,1,4,170.1539,170.1539,170.1539,4.8193932383912866e-05
Orbitrap,22.127532,22.127532,6,4,4,1,4,316.1076,316.1076,316.1076,4.8193932383912866e-05
Orbitrap,22.132285,22.132285,6,4,4,1,4,316.1755,316.1755,316.1755,4.8193932383912866e-05
Orbitrap,22.151133,22.151133,6,4,4,1,4,246.1237,246.1237,246.1237,4.8193932383912866e-05
Orbitrap,22.153038,22.153038,6,4,4,1,4,369.2173,369.2173,369.2173,4.8193932383912866e-05
Orbitrap,22.21077,22.21077,5,4,4,1,4,370.1795,370.1795,370.1795,4.8193932383912866e-05
Orbitrap,22.335124,22.335124,6,4,4,1,4,319.0732,319.0732,319.0732,4.8193932383912866e-05
Orbitrap,22.409835,22.409835,6,4,4,1,4,320.1405,320.1405,320.1405,4.8193932383912866e-05
Orbitrap,22.411728000000004,22.411728000000004,15,4,4,1,4,249.0192,249.0192,249.0192,4.8193932383912866e-05
Orbitrap,22.423365,22.423365,6,4,4,1,4,249.1485,249.1485,249.1485,4.8193932383912866e-05
Orbitrap,22.454526,22.454526,6,4,4,1,4,748.4842,748.4842,748.4842,4.8193932383912866e-05
Orbitrap,22.477112,22.477112,6,4,4,1,4,321.1016,321.1016,321.1016,4.8193932383912866e-05
Orbitrap,22.479331,22.479331,6,4,4,1,4,321.1333,321.1333,321.1333,4.8193932383912866e-05
Orbitrap,22.485211000000003,22.485211000000003,15,4,4,1,4,321.2173,321.2173,321.2173,4.8193932383912866e-05
Orbitrap,22.496625,22.496625,6,4,4,1,4,149.9775,149.9775,149.9775,4.8193932383912866e-05
Orbitrap,22.50144,22.50144,5,4,4,1,4,250.016,250.016,250.016,4.8193932383912866e-05
Orbitrap,22.505805,22.505805,6,4,4,1,4,250.0645,250.0645,250.0645,4.8193932383912866e-05
Orbitrap,22.506822,22.506822,6,4,4,1,4,125.0379,125.0379,125.0379,4.8193932383912866e-05
Orbitrap,22.50983,22.50983,5,4,4,1,4,225.0983,225.0983,225.0983,4.8193932383912866e-05
Orbitrap,22.512996,22.512996,6,4,4,1,4,375.2166,375.2166,375.2166,4.8193932383912866e-05
Orbitrap,22.519170000000003,22.519170000000003,15,4,4,1,4,150.1278,150.1278,150.1278,4.8193932383912866e-05
Orbitrap,22.559695,22.559695,6,4,0,1,0,451.1939,451.1939,451.1939,4.8193932383912866e-05
Orbitrap,22.562286,22.562286,6,4,4,1,4,376.0381,376.0381,376.0381,4.8193932383912866e-05
Orbitrap,22.569816,22.569816,6,4,4,1,4,188.0818,188.0818,188.0818,4.8193932383912866e-05
Orbitrap,22.595373,22.595373,6,4,4,1,4,251.0597,251.0597,251.0597,4.8193932383912866e-05
Orbitrap,22.69107,22.69107,5,4,4,1,4,252.123,252.123,252.123,4.8193932383912866e-05
Orbitrap,22.692276000000003,22.692276000000003,15,4,4,1,4,189.1023,189.1023,189.1023,4.8193932383912866e-05
Orbitrap,22.692753,22.692753,6,4,4,1,4,252.1417,252.1417,252.1417,4.8193932383912866e-05
Orbitrap,22.699176,22.699176,6,4,4,1,4,189.1598,189.1598,189.1598,4.8193932383912866e-05
Orbitrap,22.753362,22.753362,6,4,4,1,4,379.2227,379.2227,379.2227,4.8193932383912866e-05
Orbitrap,22.761977,22.761977,6,4,4,1,4,325.1711,325.1711,325.1711,4.8193932383912866e-05
Orbitrap,22.772781,22.772781,6,4,4,1,4,253.0309,253.0309,253.0309,4.8193932383912866e-05
Orbitrap,22.778748,22.778748,6,4,4,1,4,253.0972,253.0972,253.0972,4.8193932383912866e-05
Orbitrap,22.779639,22.779639,6,4,4,1,4,253.1071,253.1071,253.1071,4.8193932383912866e-05
Orbitrap,22.802475,22.802475,6,4,4,1,4,152.0165,152.0165,152.0165,4.8193932383912866e-05
Orbitrap,22.810590000000005,22.810590000000005,15,4,4,1,4,152.0706,152.0706,152.0706,4.8193932383912866e-05
Orbitrap,22.831186,22.831186,6,4,4,1,4,326.1598,326.1598,326.1598,4.8193932383912866e-05
Orbitrap,22.85889,22.85889,5,4,4,1,4,380.9815,380.9815,380.9815,4.8193932383912866e-05
Orbitrap,22.872906000000004,22.872906000000004,15,4,4,1,4,254.1434,254.1434,254.1434,4.8193932383912866e-05
Orbitrap,22.899597,22.899597,6,4,4,1,4,327.1371,327.1371,327.1371,4.8193932383912866e-05
Orbitrap,22.924896,22.924896,6,4,4,1,4,382.0816,382.0816,382.0816,4.8193932383912866e-05
Orbitrap,22.947606,22.947606,6,4,4,1,4,254.9734,254.9734,254.9734,4.8193932383912866e-05
Orbitrap,22.955868,22.955868,6,4,4,2,4,255.0652,255.0652,255.0652,4.8193932383912866e-05
Orbitrap,22.959144,22.959144,6,4,4,1,4,255.1016,255.1016,255.1016,4.8193932383912866e-05
Orbitrap,22.96533,22.96533,5,4,4,1,4,153.1022,153.1022,153.1022,4.8193932383912866e-05
Orbitrap,22.965537,22.965537,6,4,4,1,4,328.0791,328.0791,328.0791,4.8193932383912866e-05
Orbitrap,23.031715,23.031715,6,4,4,1,4,329.0245,329.0245,329.0245,4.8193932383912866e-05
Orbitrap,23.03397,23.03397,5,4,4,1,4,255.933,255.933,255.933,4.8193932383912866e-05
Orbitrap,23.041359,23.041359,6,4,4,1,4,256.0151,256.0151,256.0151,4.8193932383912866e-05
Orbitrap,23.041881,23.041881,6,4,4,1,4,256.0209,256.0209,256.0209,4.8193932383912866e-05
Orbitrap,23.044944,23.044944,6,4,4,1,4,384.0824,384.0824,384.0824,4.8193932383912866e-05
Orbitrap,23.045364,23.045364,6,4,4,1,4,256.0596,256.0596,256.0596,4.8193932383912866e-05
Orbitrap,23.049891,23.049891,6,4,4,1,4,256.1099,256.1099,256.1099,4.8193932383912866e-05
Orbitrap,23.052752,23.052752,6,4,4,1,4,288.1594,288.1594,288.1594,4.8193932383912866e-05
Orbitrap,23.105628,23.105628,6,4,4,1,4,330.0804,330.0804,330.0804,4.8193932383912866e-05
Orbitrap,23.113377,23.113377,6,4,4,2,4,330.1911,330.1911,330.1911,4.8193932383912866e-05
Orbitrap,23.134302,23.134302,6,4,4,1,4,257.0478,257.0478,257.0478,4.8193932383912866e-05
Orbitrap,23.17602,23.17602,5,4,4,1,4,193.1335,193.1335,193.1335,4.8193932383912866e-05
Orbitrap,23.214008,23.214008,6,4,4,1,4,290.1751,290.1751,290.1751,4.8193932383912866e-05
Orbitrap,23.226426,23.226426,6,4,4,1,4,258.0714,258.0714,258.0714,4.8193932383912866e-05
Orbitrap,23.249835,23.249835,6,4,4,1,4,332.1405,332.1405,332.1405,4.8193932383912866e-05
Orbitrap,23.28228,23.28228,5,4,4,1,4,388.038,388.038,388.038,4.8193932383912866e-05
Orbitrap,23.283744,23.283744,6,4,4,1,4,291.0468,291.0468,291.0468,4.8193932383912866e-05
Orbitrap,23.286354,23.286354,6,4,4,1,4,388.1059,388.1059,388.1059,4.8193932383912866e-05
Orbitrap,23.28786,23.28786,5,4,4,1,4,388.131,388.131,388.131,4.8193932383912866e-05
Orbitrap,23.315815705,23.315815705,9,4,4,1,4,466.3163141,466.3163141,466.3163141,4.8193932383912866e-05
Orbitrap,23.410524,23.410524,6,4,4,1,4,195.0877,195.0877,195.0877,4.8193932383912866e-05
Orbitrap,23.414805,23.414805,6,4,4,1,4,260.1645,260.1645,260.1645,4.8193932383912866e-05
Orbitrap,23.419566,23.419566,6,4,4,1,4,130.1087,130.1087,130.1087,4.8193932383912866e-05
Orbitrap,23.492097,23.492097,6,4,4,1,4,261.0233,261.0233,261.0233,4.8193932383912866e-05
Orbitrap,23.51329,23.51329,5,4,4,1,4,235.1329,235.1329,235.1329,4.8193932383912866e-05
Orbitrap,23.51805,23.51805,5,4,4,1,4,235.1805,235.1805,235.1805,4.8193932383912866e-05
Orbitrap,23.584518,23.584518,6,4,4,1,4,131.0251,131.0251,131.0251,4.8193932383912866e-05
Orbitrap,23.648989,23.648989,6,4,4,1,4,139.1117,139.1117,139.1117,4.8193932383912866e-05
Orbitrap,23.650080000000003,23.650080000000003,15,4,4,1,4,197.084,197.084,197.084,4.8193932383912866e-05
Orbitrap,23.691736,23.691736,6,4,4,1,4,296.1467,296.1467,296.1467,4.8193932383912866e-05
Orbitrap,23.704878,23.704878,6,4,4,1,4,395.0813,395.0813,395.0813,4.8193932383912866e-05
Orbitrap,23.75631,23.75631,5,4,4,1,4,791.877,791.877,791.877,4.8193932383912866e-05
Orbitrap,23.76711,23.76711,5,4,4,1,4,264.079,264.079,264.079,4.8193932383912866e-05
Orbitrap,23.772087,23.772087,6,4,4,1,4,264.1343,264.1343,264.1343,4.8193932383912866e-05
Orbitrap,23.803395,23.803395,6,4,4,1,4,340.0485,340.0485,340.0485,4.8193932383912866e-05
Orbitrap,23.821546,23.821546,6,4,4,1,4,170.1539,170.1539,170.1539,4.8193932383912866e-05
Orbitrap,23.855679,23.855679,6,4,4,1,4,265.0631,265.0631,265.0631,4.8193932383912866e-05
Orbitrap,23.867199,23.867199,6,4,4,1,4,265.1911,265.1911,265.1911,4.8193932383912866e-05
Orbitrap,23.887596,23.887596,6,4,4,1,4,199.0633,199.0633,199.0633,4.8193932383912866e-05
Orbitrap,23.945397,23.945397,6,4,4,1,4,342.0771,342.0771,342.0771,4.8193932383912866e-05
Orbitrap,24.00408,24.00408,5,4,4,1,4,160.0272,160.0272,160.0272,4.8193932383912866e-05
Orbitrap,24.011784,24.011784,6,4,4,1,4,300.1473,300.1473,300.1473,4.8193932383912866e-05
Orbitrap,24.012793,24.012793,6,4,4,1,4,343.0399,343.0399,343.0399,4.8193932383912866e-05
Orbitrap,24.014184,24.014184,6,4,4,1,4,200.1182,200.1182,200.1182,4.8193932383912866e-05
Orbitrap,24.01444,24.01444,5,4,4,1,4,300.1805,300.1805,300.1805,4.8193932383912866e-05
Orbitrap,24.015664,24.015664,6,4,4,1,4,300.1958,300.1958,300.1958,4.8193932383912866e-05
Orbitrap,24.020432,24.020432,6,4,4,1,4,150.1277,150.1277,150.1277,4.8193932383912866e-05
Orbitrap,24.045327,24.045327,6,4,4,1,4,267.1703,267.1703,267.1703,4.8193932383912866e-05
Orbitrap,24.07461,24.07461,5,4,4,1,4,401.2435,401.2435,401.2435,4.8193932383912866e-05
Orbitrap,24.10518,24.10518,5,4,4,1,4,219.138,219.138,219.138,4.8193932383912866e-05
Orbitrap,24.109173,24.109173,6,4,4,1,4,219.1743,219.1743,219.1743,4.8193932383912866e-05
Orbitrap,24.12675,24.12675,5,4,4,1,4,268.075,268.075,268.075,4.8193932383912866e-05
Orbitrap,24.126759000000003,24.126759000000003,15,4,4,1,4,268.0751,268.0751,268.0751,4.8193932383912866e-05
Orbitrap,24.128304,24.128304,6,4,4,1,4,201.0692,201.0692,201.0692,4.8193932383912866e-05
Orbitrap,24.133887,24.133887,6,4,4,1,4,268.1543,268.1543,268.1543,4.8193932383912866e-05
Orbitrap,24.137163,24.137163,6,4,4,1,4,268.1907,268.1907,268.1907,4.8193932383912866e-05
Orbitrap,24.219459,24.219459,6,4,4,1,4,269.1051,269.1051,269.1051,4.8193932383912866e-05
Orbitrap,24.247446,24.247446,6,4,4,1,4,404.1241,404.1241,404.1241,4.8193932383912866e-05
Orbitrap,24.26598,24.26598,5,4,4,1,4,202.2165,202.2165,202.2165,4.8193932383912866e-05
Orbitrap,24.36432,24.36432,5,4,4,1,4,406.072,406.072,406.072,4.8193932383912866e-05
Orbitrap,24.393735,24.393735,6,4,4,1,4,271.0415,271.0415,271.0415,4.8193932383912866e-05
Orbitrap,24.399693000000003,24.399693000000003,15,4,4,1,4,271.1077,271.1077,271.1077,4.8193932383912866e-05
Orbitrap,24.45804,24.45804,5,4,4,1,4,163.0536,163.0536,163.0536,4.8193932383912866e-05
Orbitrap,24.466755000000003,24.466755000000003,15,4,4,1,4,163.1117,163.1117,163.1117,4.8193932383912866e-05
Orbitrap,24.487524,24.487524,6,4,4,1,4,408.1254,408.1254,408.1254,4.8193932383912866e-05
Orbitrap,24.488559,24.488559,6,4,4,1,4,272.0951,272.0951,272.0951,4.8193932383912866e-05
Orbitrap,24.493572,24.493572,6,4,4,1,4,204.1131,204.1131,204.1131,4.8193932383912866e-05
Orbitrap,24.494805,24.494805,6,4,4,1,4,272.1645,272.1645,272.1645,4.8193932383912866e-05
Orbitrap,24.495352000000004,24.495352000000004,15,4,4,1,4,349.9336,349.9336,349.9336,4.8193932383912866e-05
Orbitrap,24.498081,24.498081,6,4,4,1,4,272.2009,272.2009,272.2009,4.8193932383912866e-05
Orbitrap,24.581403,24.581403,6,4,4,1,4,273.1267,273.1267,273.1267,4.8193932383912866e-05
Orbitrap,24.583286,24.583286,6,4,4,1,4,189.1022,189.1022,189.1022,4.8193932383912866e-05
Orbitrap,24.583299000000004,24.583299000000004,15,4,4,1,4,189.1023,189.1023,189.1023,4.8193932383912866e-05
Orbitrap,24.586641000000004,24.586641000000004,15,4,4,1,4,273.1849,273.1849,273.1849,4.8193932383912866e-05
Orbitrap,24.59916,24.59916,5,4,4,1,4,204.993,204.993,204.993,4.8193932383912866e-05
Orbitrap,24.609528,24.609528,6,4,4,1,4,205.0794,205.0794,205.0794,4.8193932383912866e-05
Orbitrap,24.656628,24.656628,6,4,4,1,4,821.8876,821.8876,821.8876,4.8193932383912866e-05
Orbitrap,24.670674,24.670674,6,4,4,1,4,274.1186,274.1186,274.1186,4.8193932383912866e-05
Orbitrap,24.682761000000003,24.682761000000003,15,4,4,1,4,274.2529,274.2529,274.2529,4.8193932383912866e-05
Orbitrap,24.716398,24.716398,6,4,4,1,4,353.0914,353.0914,353.0914,4.8193932383912866e-05
Orbitrap,24.760813,24.760813,6,4,4,1,4,225.0983,225.0983,225.0983,4.8193932383912866e-05
Orbitrap,24.789352,24.789352,6,4,4,2,4,354.1336,354.1336,354.1336,4.8193932383912866e-05
Orbitrap,24.8463,24.8463,4,4,4,1,4,276.07,276.07,276.07,4.8193932383912866e-05
Orbitrap,24.84738,24.84738,5,4,4,1,4,276.082,276.082,276.082,4.8193932383912866e-05
Orbitrap,24.85656,24.85656,5,4,4,1,4,207.138,207.138,207.138,4.8193932383912866e-05
Orbitrap,24.864112,24.864112,6,4,4,2,4,355.2016,355.2016,355.2016,4.8193932383912866e-05
Orbitrap,24.971616,24.971616,6,4,4,1,4,208.0968,208.0968,208.0968,4.8193932383912866e-05
Orbitrap,24.981138,24.981138,6,4,4,1,4,416.3523,416.3523,416.3523,4.8193932383912866e-05
Orbitrap,25.003668,25.003668,6,4,4,1,4,147.0804,147.0804,147.0804,4.8193932383912866e-05
Orbitrap,25.012848,25.012848,6,4,4,1,4,357.3264,357.3264,357.3264,4.8193932383912866e-05
Orbitrap,25.029495,25.029495,6,4,4,1,4,278.1055,278.1055,278.1055,4.8193932383912866e-05
Orbitrap,25.039035,25.039035,6,4,4,1,4,278.2115,278.2115,278.2115,4.8193932383912866e-05
Orbitrap,25.065887,25.065887,6,4,4,1,4,358.0841,358.0841,358.0841,4.8193932383912866e-05
Orbitrap,25.077096,25.077096,6,4,4,1,4,835.9032,835.9032,835.9032,4.8193932383912866e-05
Orbitrap,25.083204,25.083204,6,4,4,1,4,209.0267,209.0267,209.0267,4.8193932383912866e-05
Orbitrap,25.11819,25.11819,5,4,4,1,4,279.091,279.091,279.091,4.8193932383912866e-05
Orbitrap,25.125954,25.125954,6,4,4,1,4,837.5318,837.5318,837.5318,4.8193932383912866e-05
Orbitrap,25.141445,25.141445,6,4,4,1,4,359.1635,359.1635,359.1635,4.8193932383912866e-05
Orbitrap,25.148022,25.148022,6,4,4,1,4,419.1337,419.1337,419.1337,4.8193932383912866e-05
Orbitrap,25.257066,25.257066,6,4,4,1,4,420.9511,420.9511,420.9511,4.8193932383912866e-05
Orbitrap,25.270998,25.270998,6,4,0,1,0,421.1833,421.1833,421.1833,4.8193932383912866e-05
Orbitrap,25.278407,25.278407,6,4,4,1,4,361.1201,361.1201,361.1201,4.8193932383912866e-05
Orbitrap,25.294040000000003,25.294040000000003,15,4,4,1,4,316.1755,316.1755,316.1755,4.8193932383912866e-05
Orbitrap,25.348078,25.348078,6,4,4,1,4,362.1154,362.1154,362.1154,4.8193932383912866e-05
Orbitrap,25.379874,25.379874,6,4,4,1,4,281.9986,281.9986,281.9986,4.8193932383912866e-05
Orbitrap,25.384329,25.384329,6,4,4,1,4,282.0481,282.0481,282.0481,4.8193932383912866e-05
Orbitrap,25.393878,25.393878,6,4,4,1,4,141.0771,141.0771,141.0771,4.8193932383912866e-05
Orbitrap,25.450044,25.450044,6,4,4,1,4,212.0837,212.0837,212.0837,4.8193932383912866e-05
Orbitrap,25.485159,25.485159,6,4,4,1,4,364.0737,364.0737,364.0737,4.8193932383912866e-05
Orbitrap,25.50652,25.50652,5,4,4,2,4,255.0652,255.0652,255.0652,4.8193932383912866e-05
Orbitrap,25.50918,25.50918,5,4,4,1,4,425.153,425.153,425.153,4.8193932383912866e-05
Orbitrap,25.51554,25.51554,5,4,4,1,4,170.1036,170.1036,170.1036,4.8193932383912866e-05
Orbitrap,25.521709,25.521709,6,4,4,1,4,150.1277,150.1277,150.1277,4.8193932383912866e-05
Orbitrap,25.572708,25.572708,6,4,4,1,4,284.1412,284.1412,284.1412,4.8193932383912866e-05
Orbitrap,25.657101,25.657101,6,4,4,1,4,285.0789,285.0789,285.0789,4.8193932383912866e-05
Orbitrap,25.666281,25.666281,6,4,4,1,4,285.1809,285.1809,285.1809,4.8193932383912866e-05
Orbitrap,25.66692,25.66692,5,4,4,1,4,171.1128,171.1128,171.1128,4.8193932383912866e-05
Orbitrap,25.693452,25.693452,6,4,4,1,4,214.1121,214.1121,214.1121,4.8193932383912866e-05
Orbitrap,25.694196,25.694196,6,4,4,1,4,428.2366,428.2366,428.2366,4.8193932383912866e-05
Orbitrap,25.694202,25.694202,6,4,4,1,4,428.2367,428.2367,428.2367,4.8193932383912866e-05
Orbitrap,25.753188,25.753188,6,4,4,2,4,858.4396,858.4396,858.4396,4.8193932383912866e-05
Orbitrap,25.754382,25.754382,6,4,4,1,4,429.2397,429.2397,429.2397,4.8193932383912866e-05
Orbitrap,25.810188000000004,25.810188000000004,15,4,4,1,4,215.0849,215.0849,215.0849,4.8193932383912866e-05
Orbitrap,25.810755,25.810755,6,4,4,1,4,172.0717,172.0717,172.0717,4.8193932383912866e-05
Orbitrap,25.81998,25.81998,5,4,4,1,4,172.1332,172.1332,172.1332,4.8193932383912866e-05
Orbitrap,25.835238,25.835238,6,4,4,1,4,287.0582,287.0582,287.0582,4.8193932383912866e-05
Orbitrap,25.838532000000004,25.838532000000004,15,4,4,1,4,287.0948,287.0948,287.0948,4.8193932383912866e-05
Orbitrap,25.864098,25.864098,6,4,4,1,4,431.0683,431.0683,431.0683,4.8193932383912866e-05
Orbitrap,25.864619,25.864619,6,4,4,1,4,235.1329,235.1329,235.1329,4.8193932383912866e-05
Orbitrap,25.869855,25.869855,6,4,4,1,4,235.1805,235.1805,235.1805,4.8193932383912866e-05
Orbitrap,25.912565,25.912565,6,4,4,1,4,370.1795,370.1795,370.1795,4.8193932383912866e-05
Orbitrap,25.923852000000004,25.923852000000004,15,4,4,1,4,432.0642,432.0642,432.0642,4.8193932383912866e-05
Orbitrap,25.9239,25.9239,4,4,4,1,4,216.0325,216.0325,216.0325,4.8193932383912866e-05
Orbitrap,25.93212,25.93212,5,4,4,1,4,216.101,216.101,216.101,4.8193932383912866e-05
Orbitrap,26.020935,26.020935,6,4,4,1,4,289.1215,289.1215,289.1215,4.8193932383912866e-05
Orbitrap,26.021808,26.021808,6,4,4,1,4,289.1312,289.1312,289.1312,4.8193932383912866e-05
Orbitrap,26.103285,26.103285,6,4,4,1,4,174.0219,174.0219,174.0219,4.8193932383912866e-05
Orbitrap,26.108115,26.108115,6,4,4,1,4,174.0541,174.0541,174.0541,4.8193932383912866e-05
Orbitrap,26.112483,26.112483,6,4,4,1,4,290.1387,290.1387,290.1387,4.8193932383912866e-05
Orbitrap,26.115759,26.115759,6,4,4,1,4,290.1751,290.1751,290.1751,4.8193932383912866e-05
Orbitrap,26.172432,26.172432,6,4,4,1,4,218.1036,218.1036,218.1036,4.8193932383912866e-05
Orbitrap,26.174058,26.174058,6,4,4,1,4,436.2343,436.2343,436.2343,4.8193932383912866e-05
Orbitrap,26.194212000000004,26.194212000000004,15,4,4,1,4,291.0468,291.0468,291.0468,4.8193932383912866e-05
Orbitrap,26.203068,26.203068,6,4,4,1,4,291.1452,291.1452,291.1452,4.8193932383912866e-05
Orbitrap,26.208603000000004,26.208603000000004,15,4,4,1,4,291.2067,291.2067,291.2067,4.8193932383912866e-05
Orbitrap,26.21676,26.21676,5,4,4,1,4,436.946,436.946,436.946,4.8193932383912866e-05
Orbitrap,26.265162,26.265162,6,4,4,1,4,375.2166,375.2166,375.2166,4.8193932383912866e-05
Orbitrap,26.281032,26.281032,6,4,4,1,4,219.0086,219.0086,219.0086,4.8193932383912866e-05
Orbitrap,26.282087999999995,26.282087999999995,15,4,4,1,4,146.0116,146.0116,146.0116,4.8193932383912866e-05
Orbitrap,26.282394,26.282394,6,4,4,1,4,292.0266,292.0266,292.0266,4.8193932383912866e-05
Orbitrap,26.290899,26.290899,6,4,4,1,4,292.1211,292.1211,292.1211,4.8193932383912866e-05
Orbitrap,26.296560000000003,26.296560000000003,15,4,4,1,4,219.138,219.138,219.138,4.8193932383912866e-05
Orbitrap,26.300916,26.300916,6,4,4,1,4,219.1743,219.1743,219.1743,4.8193932383912866e-05
Orbitrap,26.322667,26.322667,6,4,4,1,4,376.0381,376.0381,376.0381,4.8193932383912866e-05
Orbitrap,26.376327,26.376327,6,4,4,1,4,293.0703,293.0703,293.0703,4.8193932383912866e-05
Orbitrap,26.379459,26.379459,6,4,4,1,4,293.1051,293.1051,293.1051,4.8193932383912866e-05
Orbitrap,26.415288,26.415288,6,4,4,2,4,330.1911,330.1911,330.1911,4.8193932383912866e-05
Orbitrap,26.415984,26.415984,6,4,4,1,4,220.1332,220.1332,220.1332,4.8193932383912866e-05
Orbitrap,26.431223000000003,26.431223000000003,15,4,4,1,4,139.1117,139.1117,139.1117,4.8193932383912866e-05
Orbitrap,26.474322,26.474322,6,4,4,1,4,189.1023,189.1023,189.1023,4.8193932383912866e-05
Orbitrap,26.477685,26.477685,6,4,4,1,4,294.1965,294.1965,294.1965,4.8193932383912866e-05
Orbitrap,26.545589,26.545589,6,4,4,1,4,379.2227,379.2227,379.2227,4.8193932383912866e-05
Orbitrap,26.561592,26.561592,6,4,4,1,4,295.1288,295.1288,295.1288,4.8193932383912866e-05
Orbitrap,26.569521,26.569521,6,4,4,1,4,295.2169,295.2169,295.2169,4.8193932383912866e-05
Orbitrap,26.57079,26.57079,5,4,4,1,4,177.1386,177.1386,177.1386,4.8193932383912866e-05
Orbitrap,26.6463,26.6463,4,4,4,1,4,296.07,296.07,296.07,4.8193932383912866e-05
Orbitrap,26.647926,26.647926,6,4,4,1,4,444.1321,444.1321,444.1321,4.8193932383912866e-05
Orbitrap,26.652708000000004,26.652708000000004,15,4,4,1,4,296.1412,296.1412,296.1412,4.8193932383912866e-05
Orbitrap,26.653203,26.653203,6,4,4,1,4,296.1467,296.1467,296.1467,4.8193932383912866e-05
Orbitrap,26.653212,26.653212,6,4,4,1,4,296.1468,296.1468,296.1468,4.8193932383912866e-05
Orbitrap,26.668705,26.668705,6,4,4,1,4,380.9815,380.9815,380.9815,4.8193932383912866e-05
Orbitrap,26.699214,26.699214,6,4,4,1,4,444.9869,444.9869,444.9869,4.8193932383912866e-05
Orbitrap,26.70963,26.70963,5,4,4,1,4,445.1605,445.1605,445.1605,4.8193932383912866e-05
Orbitrap,26.71839,26.71839,5,4,4,1,4,178.1226,178.1226,178.1226,4.8193932383912866e-05
Orbitrap,26.745712,26.745712,6,4,4,1,4,382.0816,382.0816,382.0816,4.8193932383912866e-05
Orbitrap,26.746641000000004,26.746641000000004,15,4,4,1,4,297.1849,297.1849,297.1849,4.8193932383912866e-05
Orbitrap,26.762112,26.762112,6,4,4,1,4,446.0352,446.0352,446.0352,4.8193932383912866e-05
Orbitrap,26.76894,26.76894,5,4,4,1,4,223.0745,223.0745,223.0745,4.8193932383912866e-05
Orbitrap,26.8075,26.8075,4,4,4,1,4,268.075,268.075,268.075,4.8193932383912866e-05
Orbitrap,26.80751,26.80751,5,4,4,1,4,268.0751,268.0751,268.0751,4.8193932383912866e-05
Orbitrap,26.817461999999995,26.817461999999995,15,4,4,1,4,297.9718,297.9718,297.9718,4.8193932383912866e-05
Orbitrap,26.822835,26.822835,6,4,4,1,4,298.0315,298.0315,298.0315,4.8193932383912866e-05
Orbitrap,26.844669,26.844669,6,4,4,1,4,298.2741,298.2741,298.2741,4.8193932383912866e-05
Orbitrap,26.855085,26.855085,6,4,4,1,4,179.0339,179.0339,179.0339,4.8193932383912866e-05
Orbitrap,26.860545,26.860545,6,4,4,1,4,179.0703,179.0703,179.0703,4.8193932383912866e-05
Orbitrap,26.867685,26.867685,6,4,4,1,4,179.1179,179.1179,179.1179,4.8193932383912866e-05
Orbitrap,26.885768,26.885768,6,4,4,1,4,384.0824,384.0824,384.0824,4.8193932383912866e-05
Orbitrap,26.910114,26.910114,6,4,4,1,4,128.1434,128.1434,128.1434,4.8193932383912866e-05
Orbitrap,26.99595,26.99595,5,4,4,1,4,149.9775,149.9775,149.9775,4.8193932383912866e-05
Orbitrap,27.009084,27.009084,6,4,4,1,4,225.0757,225.0757,225.0757,4.8193932383912866e-05
Orbitrap,27.011796,27.011796,6,4,4,1,4,225.0983,225.0983,225.0983,4.8193932383912866e-05
Orbitrap,27.013266,27.013266,6,4,4,1,4,300.1474,300.1474,300.1474,4.8193932383912866e-05
Orbitrap,27.014346,27.014346,6,4,4,1,4,300.1594,300.1594,300.1594,4.8193932383912866e-05
Orbitrap,27.014808,27.014808,6,4,4,1,4,225.1234,225.1234,225.1234,4.8193932383912866e-05
Orbitrap,27.016245,27.016245,6,4,4,1,4,300.1805,300.1805,300.1805,4.8193932383912866e-05
Orbitrap,27.017622000000003,27.017622000000003,15,4,4,1,4,300.1958,300.1958,300.1958,4.8193932383912866e-05
Orbitrap,27.017631,27.017631,6,4,4,1,4,300.1959,300.1959,300.1959,4.8193932383912866e-05
Orbitrap,27.130488,27.130488,6,4,4,1,4,226.0874,226.0874,226.0874,4.8193932383912866e-05
Orbitrap,27.16266,27.16266,5,4,4,1,4,388.038,388.038,388.038,4.8193932383912866e-05
Orbitrap,27.167413,27.167413,6,4,4,1,4,388.1059,388.1059,388.1059,4.8193932383912866e-05
Orbitrap,27.16917,27.16917,5,4,4,1,4,388.131,388.131,388.131,4.8193932383912866e-05
Orbitrap,27.187122,27.187122,6,4,4,1,4,453.1187,453.1187,453.1187,4.8193932383912866e-05
Orbitrap,27.189513,27.189513,6,4,4,1,4,302.1057,302.1057,302.1057,4.8193932383912866e-05
Orbitrap,27.192483,27.192483,6,4,4,1,4,302.1387,302.1387,302.1387,4.8193932383912866e-05
Orbitrap,27.224624,27.224624,6,4,4,1,4,170.1539,170.1539,170.1539,4.8193932383912866e-05
Orbitrap,27.241382,27.241382,6,4,4,1,4,389.1626,389.1626,389.1626,4.8193932383912866e-05
Orbitrap,27.30723,27.30723,5,4,4,1,4,182.0482,182.0482,182.0482,4.8193932383912866e-05
Orbitrap,27.30757,27.30757,5,4,4,3,4,273.0757,273.0757,273.0757,4.8193932383912866e-05
Orbitrap,27.307588,27.307588,6,4,4,1,4,390.1084,390.1084,390.1084,4.8193932383912866e-05
Orbitrap,27.372376,27.372376,6,4,4,1,4,342.1547,342.1547,342.1547,4.8193932383912866e-05
Orbitrap,27.372708000000003,27.372708000000003,15,4,4,1,4,152.0706,152.0706,152.0706,4.8193932383912866e-05
Orbitrap,27.383715,27.383715,6,4,4,1,4,304.2635,304.2635,304.2635,4.8193932383912866e-05
Orbitrap,27.459747,27.459747,6,4,4,1,4,305.1083,305.1083,305.1083,4.8193932383912866e-05
Orbitrap,27.490308,27.490308,6,4,4,1,4,229.0859,229.0859,229.0859,4.8193932383912866e-05
Orbitrap,27.524504,27.524504,6,4,4,1,4,393.2072,393.2072,393.2072,4.8193932383912866e-05
Orbitrap,27.553032,27.553032,6,4,4,1,4,306.1448,306.1448,306.1448,4.8193932383912866e-05
Orbitrap,27.600828,27.600828,6,4,4,1,4,230.0069,230.0069,230.0069,4.8193932383912866e-05
Orbitrap,27.606432,27.606432,6,4,4,1,4,230.0536,230.0536,230.0536,4.8193932383912866e-05
Orbitrap,27.640017000000004,27.640017000000004,15,4,4,1,4,307.1113,307.1113,307.1113,4.8193932383912866e-05
Orbitrap,27.655691,27.655691,6,4,4,1,4,395.0813,395.0813,395.0813,4.8193932383912866e-05
Orbitrap,27.724563000000003,27.724563000000003,15,4,4,1,4,308.0507,308.0507,308.0507,4.8193932383912866e-05
Orbitrap,27.725208,27.725208,6,4,4,1,4,231.0434,231.0434,231.0434,4.8193932383912866e-05
Orbitrap,27.728989,27.728989,6,4,4,1,4,163.1117,163.1117,163.1117,4.8193932383912866e-05
Orbitrap,27.732192,27.732192,6,4,4,1,4,231.1016,231.1016,231.1016,4.8193932383912866e-05
Orbitrap,27.733248,27.733248,6,4,4,1,4,231.1104,231.1104,231.1104,4.8193932383912866e-05
Orbitrap,27.733716,27.733716,6,4,4,1,4,308.1524,308.1524,308.1524,4.8193932383912866e-05
Orbitrap,27.822340000000004,27.822340000000004,15,4,4,1,4,139.1117,139.1117,139.1117,4.8193932383912866e-05
Orbitrap,27.852972,27.852972,6,4,4,1,4,232.1081,232.1081,232.1081,4.8193932383912866e-05
Orbitrap,27.857328,27.857328,6,4,4,1,4,232.1444,232.1444,232.1444,4.8193932383912866e-05
Orbitrap,27.919485,27.919485,6,4,4,1,4,310.2165,310.2165,310.2165,4.8193932383912866e-05
Orbitrap,27.997281,27.997281,6,4,4,1,4,311.0809,311.0809,311.0809,4.8193932383912866e-05
Orbitrap,28.0,28,0,4,4,2,4,382.17212,382.17212,382.17212,4.8193932383912866e-05
Orbitrap,28.01968,28.01968,5,4,4,1,4,175.123,175.123,175.123,4.8193932383912866e-05
Orbitrap,28.05585,28.05585,5,4,4,1,4,187.039,187.039,187.039,4.8193932383912866e-05
Orbitrap,28.057172,28.057172,6,4,4,2,4,255.0652,255.0652,255.0652,4.8193932383912866e-05
Orbitrap,28.097868,28.097868,6,4,4,1,4,234.1489,234.1489,234.1489,4.8193932383912866e-05
Orbitrap,28.102224000000003,28.102224000000003,15,4,4,1,4,234.1852,234.1852,234.1852,4.8193932383912866e-05
Orbitrap,28.189098,28.189098,6,4,4,1,4,313.2122,313.2122,313.2122,4.8193932383912866e-05
Orbitrap,28.210455000000003,28.210455000000003,15,4,4,1,4,188.0697,188.0697,188.0697,4.8193932383912866e-05
Orbitrap,28.21227,28.21227,5,4,4,1,4,188.0818,188.0818,188.0818,4.8193932383912866e-05
Orbitrap,28.215948,28.215948,6,4,4,1,4,235.1329,235.1329,235.1329,4.8193932383912866e-05
Orbitrap,28.216435,28.216435,6,4,4,1,4,217.0495,217.0495,217.0495,4.8193932383912866e-05
Orbitrap,28.272483,28.272483,6,4,4,1,4,314.1387,314.1387,314.1387,4.8193932383912866e-05
Orbitrap,28.330688,28.330688,6,4,4,2,4,354.1336,354.1336,354.1336,4.8193932383912866e-05
Orbitrap,28.348677,28.348677,6,4,4,1,4,314.9853,314.9853,314.9853,4.8193932383912866e-05
Orbitrap,28.363365,28.363365,6,4,4,1,4,315.1485,315.1485,315.1485,4.8193932383912866e-05
Orbitrap,28.365345,28.365345,6,4,4,1,4,189.1023,189.1023,189.1023,4.8193932383912866e-05
Orbitrap,28.37397,28.37397,5,4,4,1,4,189.1598,189.1598,189.1598,4.8193932383912866e-05
Orbitrap,28.416128,28.416128,6,4,4,2,4,355.2016,355.2016,355.2016,4.8193932383912866e-05
Orbitrap,28.42504,28.42504,5,4,4,1,4,406.072,406.072,406.072,4.8193932383912866e-05
Orbitrap,28.449684,28.449684,6,4,4,1,4,316.1076,316.1076,316.1076,4.8193932383912866e-05
Orbitrap,28.455795,28.455795,6,4,4,1,4,316.1755,316.1755,316.1755,4.8193932383912866e-05
Orbitrap,28.492659,28.492659,6,4,4,1,4,219.1743,219.1743,219.1743,4.8193932383912866e-05
Orbitrap,28.497315,28.497315,6,4,4,1,4,189.9821,189.9821,189.9821,4.8193932383912866e-05
Orbitrap,28.524263,28.524263,6,4,4,1,4,150.1277,150.1277,150.1277,4.8193932383912866e-05
Orbitrap,28.568778,28.568778,6,4,4,1,4,408.1254,408.1254,408.1254,4.8193932383912866e-05
Orbitrap,28.571916,28.571916,6,4,4,1,4,238.0993,238.0993,238.0993,4.8193932383912866e-05
Orbitrap,28.615509000000003,28.615509000000003,15,4,4,1,4,220.1193,220.1193,220.1193,4.8193932383912866e-05
Orbitrap,28.7055,28.7055,4,4,4,1,4,287.055,287.055,287.055,4.8193932383912866e-05
Orbitrap,28.716588,28.716588,6,4,4,1,4,319.0732,319.0732,319.0732,4.8193932383912866e-05
Orbitrap,28.731912000000005,28.731912000000005,15,4,4,1,4,359.1489,359.1489,359.1489,4.8193932383912866e-05
Orbitrap,28.777567,28.777567,6,4,4,1,4,411.1081,411.1081,411.1081,4.8193932383912866e-05
Orbitrap,28.809432,28.809432,6,4,4,1,4,240.0786,240.0786,240.0786,4.8193932383912866e-05
Orbitrap,28.812645,28.812645,6,4,4,1,4,320.1405,320.1405,320.1405,4.8193932383912866e-05
Orbitrap,28.813800000000004,28.813800000000004,15,4,4,1,4,240.115,240.115,240.115,4.8193932383912866e-05
Orbitrap,28.819128,28.819128,6,4,4,1,4,240.1594,240.1594,240.1594,4.8193932383912866e-05
Orbitrap,28.820745,28.820745,6,4,4,1,4,192.1383,192.1383,192.1383,4.8193932383912866e-05
Orbitrap,28.899144,28.899144,6,4,4,1,4,321.1016,321.1016,321.1016,4.8193932383912866e-05
Orbitrap,28.901997,28.901997,6,4,4,1,4,321.1333,321.1333,321.1333,4.8193932383912866e-05
Orbitrap,28.909557,28.909557,6,4,4,1,4,321.2173,321.2173,321.2173,4.8193932383912866e-05
Orbitrap,28.927692,28.927692,6,4,4,1,4,241.0641,241.0641,241.0641,4.8193932383912866e-05
Orbitrap,28.930536,28.930536,6,4,4,1,4,482.1756,482.1756,482.1756,4.8193932383912866e-05
Orbitrap,28.931556,28.931556,6,4,4,1,4,241.0963,241.0963,241.0963,4.8193932383912866e-05
Orbitrap,28.970025,28.970025,6,4,4,1,4,193.1335,193.1335,193.1335,4.8193932383912866e-05
Orbitrap,28.971207000000003,28.971207000000003,15,4,4,1,4,321.9023,321.9023,321.9023,4.8193932383912866e-05
Orbitrap,28.986993,28.986993,6,4,4,1,4,322.0777,322.0777,322.0777,4.8193932383912866e-05
Orbitrap,29.01751,29.01751,5,4,4,1,4,290.1751,290.1751,290.1751,4.8193932383912866e-05
Orbitrap,29.054112,29.054112,6,4,4,1,4,242.1176,242.1176,242.1176,4.8193932383912866e-05
Orbitrap,29.10468,29.10468,5,4,4,1,4,291.0468,291.0468,291.0468,4.8193932383912866e-05
Orbitrap,29.11446,29.11446,5,4,4,1,4,194.0964,194.0964,194.0964,4.8193932383912866e-05
Orbitrap,29.144661,29.144661,6,4,4,1,4,416.3523,416.3523,416.3523,4.8193932383912866e-05
Orbitrap,29.171021,29.171021,6,4,4,1,4,265.1911,265.1911,265.1911,4.8193932383912866e-05
Orbitrap,29.213457,29.213457,6,4,4,1,4,139.1117,139.1117,139.1117,4.8193932383912866e-05
Orbitrap,29.262766,29.262766,6,4,4,1,4,225.0982,225.0982,225.0982,4.8193932383912866e-05
Orbitrap,29.262779,29.262779,6,4,4,1,4,225.0983,225.0983,225.0983,4.8193932383912866e-05
Orbitrap,29.263155,29.263155,6,4,4,1,4,195.0877,195.0877,195.0877,4.8193932383912866e-05
Orbitrap,29.265399,29.265399,6,4,4,1,4,325.1711,325.1711,325.1711,4.8193932383912866e-05
Orbitrap,29.349648,29.349648,6,4,4,1,4,163.0536,163.0536,163.0536,4.8193932383912866e-05
Orbitrap,29.442339,29.442339,6,4,4,1,4,327.1371,327.1371,327.1371,4.8193932383912866e-05
Orbitrap,29.472982000000005,29.472982000000005,15,4,4,1,4,128.1434,128.1434,128.1434,4.8193932383912866e-05
Orbitrap,29.482831,29.482831,6,4,0,1,0,421.1833,421.1833,421.1833,4.8193932383912866e-05
Orbitrap,29.48825,29.48825,5,4,4,1,4,268.075,268.075,268.075,4.8193932383912866e-05
Orbitrap,29.488261,29.488261,6,4,4,1,4,268.0751,268.0751,268.0751,4.8193932383912866e-05
Orbitrap,29.527119,29.527119,6,4,4,1,4,328.0791,328.0791,328.0791,4.8193932383912866e-05
Orbitrap,29.534844,29.534844,6,4,4,1,4,246.1237,246.1237,246.1237,4.8193932383912866e-05
Orbitrap,29.612205,29.612205,6,4,4,1,4,329.0245,329.0245,329.0245,4.8193932383912866e-05
Orbitrap,29.61467,29.61467,5,4,4,1,4,296.1467,296.1467,296.1467,4.8193932383912866e-05
Orbitrap,29.61468,29.61468,5,4,4,1,4,296.1468,296.1468,296.1468,4.8193932383912866e-05
Orbitrap,29.707236,29.707236,6,4,4,1,4,330.0804,330.0804,330.0804,4.8193932383912866e-05
Orbitrap,29.709864000000003,29.709864000000003,15,4,4,1,4,330.1096,330.1096,330.1096,4.8193932383912866e-05
Orbitrap,29.71233,29.71233,5,4,4,1,4,330.137,330.137,330.137,4.8193932383912866e-05
Orbitrap,29.717199,29.717199,6,4,4,2,4,330.1911,330.1911,330.1911,4.8193932383912866e-05
Orbitrap,29.760710000000003,29.760710000000003,15,4,4,1,4,425.153,425.153,425.153,4.8193932383912866e-05
Orbitrap,29.77091,29.77091,5,4,4,1,4,175.123,175.123,175.123,4.8193932383912866e-05
Orbitrap,29.859495,29.859495,6,4,4,1,4,199.0633,199.0633,199.0633,4.8193932383912866e-05
Orbitrap,29.882304,29.882304,6,4,4,1,4,249.0192,249.0192,249.0192,4.8193932383912866e-05
Orbitrap,29.892645,29.892645,6,4,4,1,4,332.1405,332.1405,332.1405,4.8193932383912866e-05
Orbitrap,29.976569,29.976569,6,4,4,1,4,428.2367,428.2367,428.2367,4.8193932383912866e-05
Orbitrap,30.00192,30.00192,5,4,4,1,4,250.016,250.016,250.016,4.8193932383912866e-05
Orbitrap,30.01473,30.01473,5,4,4,1,4,300.1473,300.1473,300.1473,4.8193932383912866e-05
Orbitrap,30.014740000000003,30.014740000000003,15,4,4,1,4,300.1474,300.1474,300.1474,4.8193932383912866e-05
Orbitrap,30.01773,30.01773,5,4,4,1,4,200.1182,200.1182,200.1182,4.8193932383912866e-05
Orbitrap,30.01805,30.01805,5,4,4,1,4,300.1805,300.1805,300.1805,4.8193932383912866e-05
Orbitrap,30.01958,30.01958,5,4,4,1,4,300.1958,300.1958,300.1958,4.8193932383912866e-05
Orbitrap,30.01959,30.01959,5,4,4,1,4,300.1959,300.1959,300.1959,4.8193932383912866e-05
Orbitrap,30.02554,30.02554,5,4,4,1,4,150.1277,150.1277,150.1277,4.8193932383912866e-05
Orbitrap,30.046779,30.046779,6,4,4,1,4,429.2397,429.2397,429.2397,4.8193932383912866e-05
Orbitrap,30.127164,30.127164,6,4,4,1,4,251.0597,251.0597,251.0597,4.8193932383912866e-05
Orbitrap,30.130968,30.130968,6,4,4,1,4,251.0914,251.0914,251.0914,4.8193932383912866e-05
Orbitrap,30.16038,30.16038,5,4,4,1,4,201.0692,201.0692,201.0692,4.8193932383912866e-05
Orbitrap,30.174781000000003,30.174781000000003,15,4,4,1,4,431.0683,431.0683,431.0683,4.8193932383912866e-05
Orbitrap,30.244494000000003,30.244494000000003,15,4,4,1,4,432.0642,432.0642,432.0642,4.8193932383912866e-05
Orbitrap,30.25476,30.25476,5,4,4,1,4,252.123,252.123,252.123,4.8193932383912866e-05
Orbitrap,30.257004,30.257004,6,4,4,1,4,252.1417,252.1417,252.1417,4.8193932383912866e-05
Orbitrap,30.332475,30.332475,6,4,4,1,4,202.2165,202.2165,202.2165,4.8193932383912866e-05
Orbitrap,30.371664,30.371664,6,4,4,1,4,253.0972,253.0972,253.0972,4.8193932383912866e-05
Orbitrap,30.372852,30.372852,6,4,4,1,4,253.1071,253.1071,253.1071,4.8193932383912866e-05
Orbitrap,30.435763,30.435763,6,4,4,1,4,179.0339,179.0339,179.0339,4.8193932383912866e-05
Orbitrap,30.441951,30.441951,6,4,4,1,4,179.0703,179.0703,179.0703,4.8193932383912866e-05
Orbitrap,30.463905000000004,30.463905000000004,15,4,4,1,4,203.0927,203.0927,203.0927,4.8193932383912866e-05
Orbitrap,30.536401,30.536401,6,4,4,1,4,436.2343,436.2343,436.2343,4.8193932383912866e-05
Orbitrap,30.567277,30.567277,6,4,4,1,4,235.1329,235.1329,235.1329,4.8193932383912866e-05
Orbitrap,30.573465,30.573465,6,4,4,1,4,235.1805,235.1805,235.1805,4.8193932383912866e-05
Orbitrap,30.596808,30.596808,6,4,4,1,4,254.9734,254.9734,254.9734,4.8193932383912866e-05
Orbitrap,30.602474,30.602474,6,4,0,1,0,437.1782,437.1782,437.1782,4.8193932383912866e-05
Orbitrap,30.604365,30.604365,6,4,4,1,4,340.0485,340.0485,340.0485,4.8193932383912866e-05
Orbitrap,30.607824,30.607824,6,4,4,2,4,255.0652,255.0652,255.0652,4.8193932383912866e-05
Orbitrap,30.616965,30.616965,6,4,4,1,4,204.1131,204.1131,204.1131,4.8193932383912866e-05
Orbitrap,30.618648,30.618648,6,4,4,1,4,170.1036,170.1036,170.1036,4.8193932383912866e-05
Orbitrap,30.627702,30.627702,6,4,4,1,4,170.1539,170.1539,170.1539,4.8193932383912866e-05
Orbitrap,30.684402,30.684402,6,4,4,1,4,219.1743,219.1743,219.1743,4.8193932383912866e-05
Orbitrap,30.70812,30.70812,5,4,4,1,4,307.0812,307.0812,307.0812,4.8193932383912866e-05
Orbitrap,30.71196,30.71196,5,4,4,1,4,255.933,255.933,255.933,4.8193932383912866e-05
Orbitrap,30.721812000000003,30.721812000000003,15,4,4,1,4,256.0151,256.0151,256.0151,4.8193932383912866e-05
Orbitrap,30.74895,30.74895,5,4,4,1,4,204.993,204.993,204.993,4.8193932383912866e-05
Orbitrap,30.76191,30.76191,5,4,4,1,4,205.0794,205.0794,205.0794,4.8193932383912866e-05
Orbitrap,30.786939,30.786939,6,4,4,1,4,342.0771,342.0771,342.0771,4.8193932383912866e-05
Orbitrap,30.793923,30.793923,6,4,4,1,4,342.1547,342.1547,342.1547,4.8193932383912866e-05
Orbitrap,30.800304,30.800304,6,4,4,1,4,171.1128,171.1128,171.1128,4.8193932383912866e-05
Orbitrap,30.816702,30.816702,6,4,4,1,4,220.1193,220.1193,220.1193,4.8193932383912866e-05
Orbitrap,30.845736,30.845736,6,4,4,1,4,257.0478,257.0478,257.0478,4.8193932383912866e-05
Orbitrap,30.873591,30.873591,6,4,4,1,4,343.0399,343.0399,343.0399,4.8193932383912866e-05
Orbitrap,30.886884,30.886884,6,4,4,1,4,147.0804,147.0804,147.0804,4.8193932383912866e-05
Orbitrap,30.914652,30.914652,6,4,4,1,4,515.2442,515.2442,515.2442,4.8193932383912866e-05
Orbitrap,30.959992000000003,30.959992000000003,15,4,4,1,4,182.1176,182.1176,182.1176,4.8193932383912866e-05
Orbitrap,30.968568,30.968568,6,4,4,1,4,258.0714,258.0714,258.0714,4.8193932383912866e-05
Orbitrap,30.972906,30.972906,6,4,4,1,4,172.0717,172.0717,172.0717,4.8193932383912866e-05
Orbitrap,30.99337,30.99337,5,4,4,2,4,163.123,163.123,163.123,4.8193932383912866e-05
Orbitrap,31.0707,31.0707,4,4,4,1,4,207.138,207.138,207.138,4.8193932383912866e-05
Orbitrap,31.072380000000003,31.072380000000003,15,4,4,1,4,207.1492,207.1492,207.1492,4.8193932383912866e-05
Orbitrap,31.14694,31.14694,5,4,4,1,4,283.154,283.154,283.154,4.8193932383912866e-05
Orbitrap,31.21452,31.21452,5,4,4,1,4,208.0968,208.0968,208.0968,4.8193932383912866e-05
Orbitrap,31.222464,31.222464,6,4,4,1,4,446.0352,446.0352,446.0352,4.8193932383912866e-05
Orbitrap,31.323942,31.323942,6,4,4,1,4,174.0219,174.0219,174.0219,4.8193932383912866e-05
Orbitrap,31.354005,31.354005,6,4,4,1,4,209.0267,209.0267,209.0267,4.8193932383912866e-05
Orbitrap,31.494024,31.494024,6,4,4,1,4,349.9336,349.9336,349.9336,4.8193932383912866e-05
Orbitrap,31.513748,31.513748,6,4,4,1,4,225.0982,225.0982,225.0982,4.8193932383912866e-05
Orbitrap,31.513762,31.513762,6,4,4,1,4,225.0983,225.0983,225.0983,4.8193932383912866e-05
Orbitrap,31.52214,31.52214,5,4,4,1,4,175.123,175.123,175.123,4.8193932383912866e-05
Orbitrap,31.526817,31.526817,6,4,4,1,4,150.1277,150.1277,150.1277,4.8193932383912866e-05
Orbitrap,31.61755,31.61755,5,4,4,1,4,316.1755,316.1755,316.1755,4.8193932383912866e-05
Orbitrap,31.68948,31.68948,5,4,4,1,4,264.079,264.079,264.079,4.8193932383912866e-05
Orbitrap,31.696116,31.696116,6,4,4,1,4,264.1343,264.1343,264.1343,4.8193932383912866e-05
Orbitrap,31.718309,31.718309,6,4,4,1,4,453.1187,453.1187,453.1187,4.8193932383912866e-05
Orbitrap,31.778226000000004,31.778226000000004,15,4,4,1,4,353.0914,353.0914,353.0914,4.8193932383912866e-05
Orbitrap,31.790016,31.790016,6,4,4,1,4,353.2224,353.2224,353.2224,4.8193932383912866e-05
Orbitrap,31.79663,31.79663,5,4,4,1,4,187.039,187.039,187.039,4.8193932383912866e-05
Orbitrap,31.807572000000004,31.807572000000004,15,4,4,1,4,265.0631,265.0631,265.0631,4.8193932383912866e-05
Orbitrap,31.808775,31.808775,6,4,4,1,4,212.0585,212.0585,212.0585,4.8193932383912866e-05
Orbitrap,31.812555,31.812555,6,4,4,1,4,212.0837,212.0837,212.0837,4.8193932383912866e-05
Orbitrap,31.870328,31.870328,6,4,4,1,4,455.2904,455.2904,455.2904,4.8193932383912866e-05
Orbitrap,31.872024,31.872024,6,4,4,2,4,354.1336,354.1336,354.1336,4.8193932383912866e-05
Orbitrap,31.884948,31.884948,6,4,4,1,4,177.1386,177.1386,177.1386,4.8193932383912866e-05
Orbitrap,31.919261,31.919261,6,4,4,1,4,290.1751,290.1751,290.1751,4.8193932383912866e-05
Orbitrap,31.961835,31.961835,6,4,4,1,4,213.0789,213.0789,213.0789,4.8193932383912866e-05
Orbitrap,31.968144,31.968144,6,4,4,2,4,355.2016,355.2016,355.2016,4.8193932383912866e-05
Orbitrap,31.995691,31.995691,6,4,4,1,4,139.1117,139.1117,139.1117,4.8193932383912866e-05
Orbitrap,32.015148,32.015148,6,4,4,1,4,291.0468,291.0468,291.0468,4.8193932383912866e-05
Orbitrap,32.060436,32.060436,6,4,4,1,4,267.1703,267.1703,267.1703,4.8193932383912866e-05
Orbitrap,32.062068,32.062068,6,4,4,1,4,178.1226,178.1226,178.1226,4.8193932383912866e-05
Orbitrap,32.116814999999995,32.116814999999995,15,4,4,1,4,214.1121,214.1121,214.1121,4.8193932383912866e-05
Orbitrap,32.118900000000004,32.118900000000004,15,4,4,1,4,214.126,214.126,214.126,4.8193932383912866e-05
Orbitrap,32.147374000000006,32.147374000000006,15,4,4,1,4,189.1022,189.1022,189.1022,4.8193932383912866e-05
Orbitrap,32.159375999999995,32.159375999999995,15,4,4,1,4,357.3264,357.3264,357.3264,4.8193932383912866e-05
Orbitrap,32.169,32.169,3,4,4,1,4,268.075,268.075,268.075,4.8193932383912866e-05
Orbitrap,32.169012,32.169012,6,4,4,1,4,268.0751,268.0751,268.0751,4.8193932383912866e-05
Orbitrap,32.182884,32.182884,6,4,4,1,4,268.1907,268.1907,268.1907,4.8193932383912866e-05
Orbitrap,32.227569,32.227569,6,4,4,1,4,358.0841,358.0841,358.0841,4.8193932383912866e-05
Orbitrap,32.241222,32.241222,6,4,4,1,4,179.1179,179.1179,179.1179,4.8193932383912866e-05
Orbitrap,32.262735,32.262735,6,4,4,1,4,215.0849,215.0849,215.0849,4.8193932383912866e-05
Orbitrap,32.264415,32.264415,6,4,4,1,4,215.0961,215.0961,215.0961,4.8193932383912866e-05
Orbitrap,32.292612,32.292612,6,4,4,1,4,269.1051,269.1051,269.1051,4.8193932383912866e-05
Orbitrap,32.324715,32.324715,6,4,4,1,4,359.1635,359.1635,359.1635,4.8193932383912866e-05
Orbitrap,32.389305,32.389305,6,4,4,1,4,249.1485,249.1485,249.1485,4.8193932383912866e-05
Orbitrap,32.404875,32.404875,6,4,4,1,4,216.0325,216.0325,216.0325,4.8193932383912866e-05
Orbitrap,32.415150000000004,32.415150000000004,15,4,4,1,4,216.101,216.101,216.101,4.8193932383912866e-05
Orbitrap,32.500809,32.500809,6,4,4,1,4,361.1201,361.1201,361.1201,4.8193932383912866e-05
Orbitrap,32.50809,32.50809,5,4,4,2,4,361.201,361.201,361.201,4.8193932383912866e-05
Orbitrap,32.52498,32.52498,5,4,4,1,4,271.0415,271.0415,271.0415,4.8193932383912866e-05
Orbitrap,32.532924,32.532924,6,4,4,1,4,271.1077,271.1077,271.1077,4.8193932383912866e-05
Orbitrap,32.557425,32.557425,6,4,4,1,4,217.0495,217.0495,217.0495,4.8193932383912866e-05
Orbitrap,32.576137,32.576137,6,4,4,1,4,296.1467,296.1467,296.1467,4.8193932383912866e-05
Orbitrap,32.576148,32.576148,6,4,4,1,4,296.1468,296.1468,296.1468,4.8193932383912866e-05
Orbitrap,32.590386,32.590386,6,4,4,1,4,362.1154,362.1154,362.1154,4.8193932383912866e-05
Orbitrap,32.6246,32.6246,4,4,4,2,4,163.123,163.123,163.123,4.8193932383912866e-05
Orbitrap,32.641881999999995,32.641881999999995,15,4,4,1,4,251.0914,251.0914,251.0914,4.8193932383912866e-05
Orbitrap,32.651412,32.651412,6,4,4,1,4,272.0951,272.0951,272.0951,4.8193932383912866e-05
Orbitrap,32.65974,32.65974,5,4,4,1,4,272.1645,272.1645,272.1645,4.8193932383912866e-05
Orbitrap,32.664108,32.664108,6,4,4,1,4,272.2009,272.2009,272.2009,4.8193932383912866e-05
Orbitrap,32.715540000000004,32.715540000000004,15,4,4,1,4,218.1036,218.1036,218.1036,4.8193932383912866e-05
Orbitrap,32.766633,32.766633,6,4,4,1,4,364.0737,364.0737,364.0737,4.8193932383912866e-05
Orbitrap,32.768676,32.768676,6,4,4,1,4,182.0482,182.0482,182.0482,4.8193932383912866e-05
Orbitrap,32.782188000000005,32.782188000000005,15,4,4,1,4,273.1849,273.1849,273.1849,4.8193932383912866e-05
Orbitrap,32.85129,32.85129,5,4,4,1,4,219.0086,219.0086,219.0086,4.8193932383912866e-05
Orbitrap,32.86692,32.86692,5,4,4,1,4,219.1128,219.1128,219.1128,4.8193932383912866e-05
Orbitrap,32.87070000000001,32.87070000000001,14,4,4,1,4,219.138,219.138,219.138,4.8193932383912866e-05
Orbitrap,32.876144999999994,32.876144999999994,15,4,4,1,4,219.1743,219.1743,219.1743,4.8193932383912866e-05
Orbitrap,32.894232,32.894232,6,4,4,1,4,274.1186,274.1186,274.1186,4.8193932383912866e-05
Orbitrap,32.910348,32.910348,6,4,4,1,4,274.2529,274.2529,274.2529,4.8193932383912866e-05
Orbitrap,32.92527,32.92527,5,4,4,1,4,235.1805,235.1805,235.1805,4.8193932383912866e-05
Orbitrap,33.016203,33.016203,6,4,4,1,4,300.1473,300.1473,300.1473,4.8193932383912866e-05
Orbitrap,33.016214,33.016214,6,4,4,1,4,300.1474,300.1474,300.1474,4.8193932383912866e-05
Orbitrap,33.01911,33.01911,5,4,4,2,4,330.1911,330.1911,330.1911,4.8193932383912866e-05
Orbitrap,33.01985499999999,33.01985499999999,14,4,4,1,4,300.1805,300.1805,300.1805,4.8193932383912866e-05
Orbitrap,33.01998,33.01998,5,4,4,1,4,220.1332,220.1332,220.1332,4.8193932383912866e-05
Orbitrap,33.021538,33.021538,6,4,4,1,4,300.1958,300.1958,300.1958,4.8193932383912866e-05
Orbitrap,33.021549,33.021549,6,4,4,1,4,300.1959,300.1959,300.1959,4.8193932383912866e-05
Orbitrap,33.028094,33.028094,6,4,4,1,4,150.1277,150.1277,150.1277,4.8193932383912866e-05
Orbitrap,33.1284,33.1284,4,4,4,1,4,276.07,276.07,276.07,4.8193932383912866e-05
Orbitrap,33.129839999999994,33.129839999999994,15,4,4,1,4,276.082,276.082,276.082,4.8193932383912866e-05
Orbitrap,33.158476,33.158476,6,4,4,2,4,255.0652,255.0652,255.0652,4.8193932383912866e-05
Orbitrap,33.229557,33.229557,6,4,4,1,4,369.2173,369.2173,369.2173,4.8193932383912866e-05
Orbitrap,33.27336999999999,33.27336999999999,14,4,4,1,4,175.123,175.123,175.123,4.8193932383912866e-05
Orbitrap,33.306435,33.306435,6,4,4,1,4,222.0429,222.0429,222.0429,4.8193932383912866e-05
Orbitrap,33.316155,33.316155,6,4,4,1,4,370.1795,370.1795,370.1795,4.8193932383912866e-05
Orbitrap,33.38538,33.38538,5,4,4,1,4,278.2115,278.2115,278.2115,4.8193932383912866e-05
Orbitrap,33.438264,33.438264,6,4,4,1,4,557.3044,557.3044,557.3044,4.8193932383912866e-05
Orbitrap,33.461175000000004,33.461175000000004,15,4,4,1,4,223.0745,223.0745,223.0745,4.8193932383912866e-05
Orbitrap,33.49092,33.49092,5,4,4,1,4,279.091,279.091,279.091,4.8193932383912866e-05
Orbitrap,33.555618,33.555618,6,4,4,1,4,559.2603,559.2603,559.2603,4.8193932383912866e-05
Orbitrap,33.694664,33.694664,6,4,0,1,0,421.1833,421.1833,421.1833,4.8193932383912866e-05
Orbitrap,33.752292000000004,33.752292000000004,15,4,4,1,4,482.1756,482.1756,482.1756,4.8193932383912866e-05
Orbitrap,33.761355,33.761355,6,4,4,1,4,225.0757,225.0757,225.0757,4.8193932383912866e-05
Orbitrap,33.76472999999999,33.76472999999999,14,4,4,1,4,225.0982,225.0982,225.0982,4.8193932383912866e-05
Orbitrap,33.764745000000005,33.764745000000005,15,4,4,1,4,225.0983,225.0983,225.0983,4.8193932383912866e-05
Orbitrap,33.76851,33.76851,5,4,4,1,4,225.1234,225.1234,225.1234,4.8193932383912866e-05
Orbitrap,33.76949400000001,33.76949400000001,14,4,4,1,4,375.2166,375.2166,375.2166,4.8193932383912866e-05
Orbitrap,33.828492,33.828492,6,4,4,1,4,147.0804,147.0804,147.0804,4.8193932383912866e-05
Orbitrap,33.839832,33.839832,6,4,4,1,4,281.9986,281.9986,281.9986,4.8193932383912866e-05
Orbitrap,33.84342899999999,33.84342899999999,14,4,4,1,4,376.0381,376.0381,376.0381,4.8193932383912866e-05
Orbitrap,33.854724,33.854724,6,4,4,1,4,188.0818,188.0818,188.0818,4.8193932383912866e-05
Orbitrap,33.91311,33.91311,5,4,4,1,4,226.0874,226.0874,226.0874,4.8193932383912866e-05
Orbitrap,33.920085,33.920085,6,4,4,1,4,226.1339,226.1339,226.1339,4.8193932383912866e-05
Orbitrap,34.048764,34.048764,6,4,4,1,4,189.1598,189.1598,189.1598,4.8193932383912866e-05
Orbitrap,34.130043,34.130043,6,4,4,1,4,379.2227,379.2227,379.2227,4.8193932383912866e-05
Orbitrap,34.21547,34.21547,5,4,4,1,4,342.1547,342.1547,342.1547,4.8193932383912866e-05
Orbitrap,34.221708,34.221708,6,4,4,1,4,285.1809,285.1809,285.1809,4.8193932383912866e-05
Orbitrap,34.253457000000004,34.253457000000004,15,4,4,1,4,163.1117,163.1117,163.1117,4.8193932383912866e-05
Orbitrap,34.25583,34.25583,5,4,4,2,4,163.123,163.123,163.123,4.8193932383912866e-05
Orbitrap,34.258928,34.258928,6,4,4,1,4,428.2366,428.2366,428.2366,4.8193932383912866e-05
Orbitrap,34.288335,34.288335,6,4,4,1,4,380.9815,380.9815,380.9815,4.8193932383912866e-05
Orbitrap,34.362885,34.362885,6,4,4,1,4,229.0859,229.0859,229.0859,4.8193932383912866e-05
Orbitrap,34.387344,34.387344,6,4,4,1,4,382.0816,382.0816,382.0816,4.8193932383912866e-05
Orbitrap,34.44698399999999,34.44698399999999,14,4,4,1,4,287.0582,287.0582,287.0582,4.8193932383912866e-05
Orbitrap,34.451376,34.451376,6,4,4,1,4,287.0948,287.0948,287.0948,4.8193932383912866e-05
Orbitrap,34.474843,34.474843,6,4,4,1,4,265.1911,265.1911,265.1911,4.8193932383912866e-05
Orbitrap,34.501035,34.501035,6,4,4,1,4,230.0069,230.0069,230.0069,4.8193932383912866e-05
Orbitrap,34.50804,34.50804,5,4,4,1,4,230.0536,230.0536,230.0536,4.8193932383912866e-05
Orbitrap,34.529371,34.529371,6,4,4,1,4,150.1277,150.1277,150.1277,4.8193932383912866e-05
Orbitrap,34.567415999999994,34.567415999999994,15,4,4,1,4,384.0824,384.0824,384.0824,4.8193932383912866e-05
Orbitrap,34.579128,34.579128,6,4,4,1,4,288.1594,288.1594,288.1594,4.8193932383912866e-05
Orbitrap,34.656510000000004,34.656510000000004,15,4,4,1,4,231.0434,231.0434,231.0434,4.8193932383912866e-05
Orbitrap,34.66524,34.66524,5,4,4,1,4,231.1016,231.1016,231.1016,4.8193932383912866e-05
Orbitrap,34.66656,34.66656,5,4,4,1,4,231.1104,231.1104,231.1104,4.8193932383912866e-05
Orbitrap,34.695744,34.695744,6,4,4,1,4,289.1312,289.1312,289.1312,4.8193932383912866e-05
Orbitrap,34.76403,34.76403,5,4,4,1,4,193.1335,193.1335,193.1335,4.8193932383912866e-05
Orbitrap,34.779305,34.779305,6,4,4,1,4,316.1755,316.1755,316.1755,4.8193932383912866e-05
Orbitrap,34.81621500000001,34.81621500000001,14,4,4,1,4,232.1081,232.1081,232.1081,4.8193932383912866e-05
Orbitrap,34.816644000000004,34.816644000000004,15,4,4,1,4,290.1387,290.1387,290.1387,4.8193932383912866e-05
Orbitrap,34.821012,34.821012,6,4,4,1,4,290.1751,290.1751,290.1751,4.8193932383912866e-05
Orbitrap,34.821659999999994,34.821659999999994,15,4,4,1,4,232.1444,232.1444,232.1444,4.8193932383912866e-05
Orbitrap,34.84975,34.84975,5,4,4,1,4,268.075,268.075,268.075,4.8193932383912866e-05
Orbitrap,34.849763,34.849763,6,4,4,1,4,268.0751,268.0751,268.0751,4.8193932383912866e-05
Orbitrap,34.882487,34.882487,6,4,4,1,4,205.1911,205.1911,205.1911,4.8193932383912866e-05
Orbitrap,34.92342,34.92342,5,4,4,1,4,388.038,388.038,388.038,4.8193932383912866e-05
Orbitrap,34.925616000000005,34.925616000000005,15,4,4,1,4,291.0468,291.0468,291.0468,4.8193932383912866e-05
Orbitrap,34.929531000000004,34.929531000000004,15,4,4,1,4,388.1059,388.1059,388.1059,4.8193932383912866e-05
Orbitrap,34.93179,34.93179,5,4,4,1,4,388.131,388.131,388.131,4.8193932383912866e-05
Orbitrap,34.937424,34.937424,6,4,4,1,4,291.1452,291.1452,291.1452,4.8193932383912866e-05
Orbitrap,34.944804000000005,34.944804000000005,15,4,4,1,4,291.2067,291.2067,291.2067,4.8193932383912866e-05
Orbitrap,34.953645,34.953645,6,4,4,1,4,233.0243,233.0243,233.0243,4.8193932383912866e-05
Orbitrap,34.974256000000004,34.974256000000004,15,4,0,1,0,437.1782,437.1782,437.1782,4.8193932383912866e-05
Orbitrap,35.024634,35.024634,6,4,4,1,4,389.1626,389.1626,389.1626,4.8193932383912866e-05
Orbitrap,35.043192,35.043192,6,4,4,1,4,292.0266,292.0266,292.0266,4.8193932383912866e-05
Orbitrap,35.054532,35.054532,6,4,4,1,4,292.1211,292.1211,292.1211,4.8193932383912866e-05
Orbitrap,35.109756000000004,35.109756000000004,15,4,4,1,4,390.1084,390.1084,390.1084,4.8193932383912866e-05
Orbitrap,35.115786,35.115786,6,4,4,1,4,195.0877,195.0877,195.0877,4.8193932383912866e-05
Orbitrap,35.122335,35.122335,6,4,4,1,4,234.1489,234.1489,234.1489,4.8193932383912866e-05
Orbitrap,35.12778,35.12778,5,4,4,1,4,234.1852,234.1852,234.1852,4.8193932383912866e-05
Orbitrap,35.16843599999999,35.16843599999999,14,4,4,1,4,293.0703,293.0703,293.0703,4.8193932383912866e-05
Orbitrap,35.269935,35.269935,6,4,4,1,4,235.1329,235.1329,235.1329,4.8193932383912866e-05
Orbitrap,35.271615,35.271615,6,4,4,1,4,235.1441,235.1441,235.1441,4.8193932383912866e-05
Orbitrap,35.303580000000004,35.303580000000004,15,4,4,1,4,294.1965,294.1965,294.1965,4.8193932383912866e-05
Orbitrap,35.41336,35.41336,5,4,4,2,4,354.1336,354.1336,354.1336,4.8193932383912866e-05
Orbitrap,35.415456,35.415456,6,4,4,1,4,295.1288,295.1288,295.1288,4.8193932383912866e-05
Orbitrap,35.426027999999995,35.426027999999995,15,4,4,1,4,295.2169,295.2169,295.2169,4.8193932383912866e-05
Orbitrap,35.475120000000004,35.475120000000004,15,4,4,1,4,197.084,197.084,197.084,4.8193932383912866e-05
Orbitrap,35.52016,35.52016,5,4,4,2,4,355.2016,355.2016,355.2016,4.8193932383912866e-05
Orbitrap,35.536944000000005,35.536944000000005,15,4,4,1,4,296.1412,296.1412,296.1412,4.8193932383912866e-05
Orbitrap,35.537604,35.537604,6,4,4,1,4,296.1467,296.1467,296.1467,4.8193932383912866e-05
Orbitrap,35.53761599999999,35.53761599999999,14,4,4,1,4,296.1468,296.1468,296.1468,4.8193932383912866e-05
Orbitrap,35.557317000000005,35.557317000000005,15,4,4,1,4,395.0813,395.0813,395.0813,4.8193932383912866e-05
Orbitrap,35.56533,35.56533,5,4,4,1,4,237.1022,237.1022,237.1022,4.8193932383912866e-05
Orbitrap,35.56851,35.56851,5,4,4,1,4,237.1234,237.1234,237.1234,4.8193932383912866e-05
Orbitrap,35.612840000000006,35.612840000000006,15,4,4,1,4,445.1605,445.1605,445.1605,4.8193932383912866e-05
Orbitrap,35.709128,35.709128,6,4,4,2,4,255.0652,255.0652,255.0652,4.8193932383912866e-05
Orbitrap,35.714895,35.714895,6,4,4,1,4,238.0993,238.0993,238.0993,4.8193932383912866e-05
Orbitrap,35.73264,35.73264,5,4,4,1,4,357.3264,357.3264,357.3264,4.8193932383912866e-05
Orbitrap,35.756615999999994,35.756615999999994,15,4,4,1,4,297.9718,297.9718,297.9718,4.8193932383912866e-05
Orbitrap,35.76378,35.76378,5,4,4,1,4,298.0315,298.0315,298.0315,4.8193932383912866e-05
Orbitrap,35.792892,35.792892,6,4,4,1,4,298.2741,298.2741,298.2741,4.8193932383912866e-05
Orbitrap,35.831394,35.831394,6,4,4,1,4,199.0633,199.0633,199.0633,4.8193932383912866e-05
Orbitrap,35.872544999999995,35.872544999999995,15,4,4,1,4,239.1503,239.1503,239.1503,4.8193932383912866e-05
Orbitrap,35.929418000000005,35.929418000000005,15,4,4,1,4,189.1022,189.1022,189.1022,4.8193932383912866e-05
Orbitrap,36.015712,36.015712,6,4,4,1,4,225.0982,225.0982,225.0982,4.8193932383912866e-05
Orbitrap,36.01725,36.01725,5,4,4,1,4,240.115,240.115,240.115,4.8193932383912866e-05
Orbitrap,36.017688,36.017688,6,4,4,1,4,300.1474,300.1474,300.1474,4.8193932383912866e-05
Orbitrap,36.019127999999995,36.019127999999995,15,4,4,1,4,300.1594,300.1594,300.1594,4.8193932383912866e-05
Orbitrap,36.021276,36.021276,6,4,4,1,4,200.1182,200.1182,200.1182,4.8193932383912866e-05
Orbitrap,36.02166,36.02166,5,4,4,1,4,300.1805,300.1805,300.1805,4.8193932383912866e-05
Orbitrap,36.023496,36.023496,6,4,4,1,4,300.1958,300.1958,300.1958,4.8193932383912866e-05
Orbitrap,36.023508,36.023508,6,4,4,1,4,300.1959,300.1959,300.1959,4.8193932383912866e-05
Orbitrap,36.02391,36.02391,5,4,4,1,4,240.1594,240.1594,240.1594,4.8193932383912866e-05
Orbitrap,36.030648,36.030648,6,4,4,1,4,150.1277,150.1277,150.1277,4.8193932383912866e-05
Orbitrap,36.067094,36.067094,6,4,4,1,4,515.2442,515.2442,515.2442,4.8193932383912866e-05
Orbitrap,36.095512,36.095512,6,4,0,1,0,451.1939,451.1939,451.1939,4.8193932383912866e-05
Orbitrap,36.111915,36.111915,6,4,4,1,4,401.2435,401.2435,401.2435,4.8193932383912866e-05
Orbitrap,36.164445,36.164445,6,4,4,1,4,241.0963,241.0963,241.0963,4.8193932383912866e-05
Orbitrap,36.192456,36.192456,6,4,4,1,4,201.0692,201.0692,201.0692,4.8193932383912866e-05
Orbitrap,36.252684,36.252684,6,4,4,1,4,302.1057,302.1057,302.1057,4.8193932383912866e-05
Orbitrap,36.256644,36.256644,6,4,4,1,4,302.1387,302.1387,302.1387,4.8193932383912866e-05
Orbitrap,36.31764,36.31764,5,4,4,1,4,242.1176,242.1176,242.1176,4.8193932383912866e-05
Orbitrap,36.321021,36.321021,6,4,4,2,4,330.1911,330.1911,330.1911,4.8193932383912866e-05
Orbitrap,36.371169,36.371169,6,4,4,1,4,404.1241,404.1241,404.1241,4.8193932383912866e-05
Orbitrap,36.39897,36.39897,5,4,4,1,4,202.2165,202.2165,202.2165,4.8193932383912866e-05
Orbitrap,36.54648,36.54648,5,4,4,1,4,406.072,406.072,406.072,4.8193932383912866e-05
Orbitrap,36.556686,36.556686,6,4,4,1,4,203.0927,203.0927,203.0927,4.8193932383912866e-05
Orbitrap,36.731286,36.731286,6,4,4,1,4,408.1254,408.1254,408.1254,4.8193932383912866e-05
Orbitrap,36.737376,36.737376,6,4,4,1,4,306.1448,306.1448,306.1448,4.8193932383912866e-05
Orbitrap,36.740358,36.740358,6,4,4,1,4,204.1131,204.1131,204.1131,4.8193932383912866e-05
Orbitrap,36.7701,36.7701,4,4,4,1,4,147.0804,147.0804,147.0804,4.8193932383912866e-05
Orbitrap,36.81002,36.81002,5,4,4,1,4,283.154,283.154,283.154,4.8193932383912866e-05
Orbitrap,36.84974400000001,36.84974400000001,14,4,4,1,4,307.0812,307.0812,307.0812,4.8193932383912866e-05
Orbitrap,36.853356,36.853356,6,4,4,1,4,307.1113,307.1113,307.1113,4.8193932383912866e-05
Orbitrap,36.886614,36.886614,6,4,4,1,4,614.7769,614.7769,614.7769,4.8193932383912866e-05
Orbitrap,36.898415,36.898415,6,4,4,1,4,217.0495,217.0495,217.0495,4.8193932383912866e-05
Orbitrap,36.89874,36.89874,5,4,4,1,4,204.993,204.993,204.993,4.8193932383912866e-05
Orbitrap,36.914292,36.914292,6,4,4,1,4,205.0794,205.0794,205.0794,4.8193932383912866e-05
Orbitrap,36.918555,36.918555,6,4,4,1,4,246.1237,246.1237,246.1237,4.8193932383912866e-05
Orbitrap,36.934398,36.934398,6,4,4,1,4,205.1911,205.1911,205.1911,4.8193932383912866e-05
Orbitrap,36.966084,36.966084,6,4,4,1,4,308.0507,308.0507,308.0507,4.8193932383912866e-05
Orbitrap,36.978288,36.978288,6,4,4,1,4,308.1524,308.1524,308.1524,4.8193932383912866e-05
Orbitrap,36.999729,36.999729,6,4,4,1,4,411.1081,411.1081,411.1081,4.8193932383912866e-05
Orbitrap,37.22597999999999,37.22597999999999,14,4,4,1,4,310.2165,310.2165,310.2165,4.8193932383912866e-05
Orbitrap,37.25346,37.25346,5,4,4,1,4,219.138,219.138,219.138,4.8193932383912866e-05
Orbitrap,37.259631,37.259631,6,4,4,1,4,219.1743,219.1743,219.1743,4.8193932383912866e-05
Orbitrap,37.329708,37.329708,6,4,4,1,4,311.0809,311.0809,311.0809,4.8193932383912866e-05
Orbitrap,37.352880000000006,37.352880000000006,15,4,4,1,4,249.0192,249.0192,249.0192,4.8193932383912866e-05
Orbitrap,37.372275,37.372275,6,4,4,1,4,249.1485,249.1485,249.1485,4.8193932383912866e-05
Orbitrap,37.457424,37.457424,6,4,4,1,4,208.0968,208.0968,208.0968,4.8193932383912866e-05
Orbitrap,37.49896999999999,37.49896999999999,14,4,4,1,4,163.039,163.039,163.039,4.8193932383912866e-05
Orbitrap,37.5024,37.5024,4,4,4,1,4,250.016,250.016,250.016,4.8193932383912866e-05
Orbitrap,37.509675,37.509675,6,4,4,1,4,250.0645,250.0645,250.0645,4.8193932383912866e-05
Orbitrap,37.515691,37.515691,6,4,4,1,4,163.1117,163.1117,163.1117,4.8193932383912866e-05
Orbitrap,37.5305,37.5305,4,4,4,1,4,268.075,268.075,268.075,4.8193932383912866e-05
Orbitrap,37.530514,37.530514,6,4,4,1,4,268.0751,268.0751,268.0751,4.8193932383912866e-05
Orbitrap,37.531925,37.531925,6,4,4,1,4,150.1277,150.1277,150.1277,4.8193932383912866e-05
Orbitrap,37.585464,37.585464,6,4,4,1,4,313.2122,313.2122,313.2122,4.8193932383912866e-05
Orbitrap,37.604763,37.604763,6,4,4,1,4,179.0703,179.0703,179.0703,4.8193932383912866e-05
Orbitrap,37.621264,37.621264,6,4,4,1,4,235.1329,235.1329,235.1329,4.8193932383912866e-05
Orbitrap,37.62480600000001,37.62480600000001,14,4,4,1,4,209.0267,209.0267,209.0267,4.8193932383912866e-05
Orbitrap,37.62888,37.62888,5,4,4,1,4,235.1805,235.1805,235.1805,4.8193932383912866e-05
Orbitrap,37.637017,37.637017,6,4,4,1,4,342.1547,342.1547,342.1547,4.8193932383912866e-05
Orbitrap,37.658955,37.658955,6,4,4,1,4,251.0597,251.0597,251.0597,4.8193932383912866e-05
Orbitrap,37.66371,37.66371,5,4,4,1,4,251.0914,251.0914,251.0914,4.8193932383912866e-05
Orbitrap,37.722763,37.722763,6,4,4,1,4,290.1751,290.1751,290.1751,4.8193932383912866e-05
Orbitrap,37.798236,37.798236,6,4,4,1,4,314.9853,314.9853,314.9853,4.8193932383912866e-05
Orbitrap,37.81782,37.81782,5,4,4,1,4,315.1485,315.1485,315.1485,4.8193932383912866e-05
Orbitrap,37.81845,37.81845,5,4,4,1,4,252.123,252.123,252.123,4.8193932383912866e-05
Orbitrap,37.820440000000005,37.820440000000005,15,4,4,1,4,189.1022,189.1022,189.1022,4.8193932383912866e-05
Orbitrap,37.821255,37.821255,6,4,4,1,4,252.1417,252.1417,252.1417,4.8193932383912866e-05
Orbitrap,37.836084,37.836084,6,4,4,1,4,291.0468,291.0468,291.0468,4.8193932383912866e-05
Orbitrap,37.906497,37.906497,6,4,0,1,0,421.1833,421.1833,421.1833,4.8193932383912866e-05
Orbitrap,37.932912,37.932912,6,4,4,1,4,316.1076,316.1076,316.1076,4.8193932383912866e-05
Orbitrap,37.94106,37.94106,5,4,4,1,4,316.1755,316.1755,316.1755,4.8193932383912866e-05
Orbitrap,37.954635,37.954635,6,4,4,1,4,253.0309,253.0309,253.0309,4.8193932383912866e-05
Orbitrap,37.96458,37.96458,5,4,4,1,4,253.0972,253.0972,253.0972,4.8193932383912866e-05
Orbitrap,37.966065,37.966065,6,4,4,1,4,253.1071,253.1071,253.1071,4.8193932383912866e-05
Orbitrap,38.12151,38.12151,5,4,4,1,4,254.1434,254.1434,254.1434,4.8193932383912866e-05
Orbitrap,38.17053,38.17053,5,4,4,1,4,212.0585,212.0585,212.0585,4.8193932383912866e-05
Orbitrap,38.175066,38.175066,6,4,4,1,4,212.0837,212.0837,212.0837,4.8193932383912866e-05
Orbitrap,38.246010000000005,38.246010000000005,15,4,4,1,4,254.9734,254.9734,254.9734,4.8193932383912866e-05
Orbitrap,38.25978,38.25978,5,4,4,2,4,255.0652,255.0652,255.0652,4.8193932383912866e-05
Orbitrap,38.26377,38.26377,5,4,4,1,4,425.153,425.153,425.153,4.8193932383912866e-05
Orbitrap,38.26524,38.26524,5,4,4,1,4,255.1016,255.1016,255.1016,4.8193932383912866e-05
Orbitrap,38.288784,38.288784,6,4,4,1,4,319.0732,319.0732,319.0732,4.8193932383912866e-05
Orbitrap,38.38995,38.38995,5,4,4,1,4,255.933,255.933,255.933,4.8193932383912866e-05
Orbitrap,38.402265,38.402265,6,4,4,1,4,256.0151,256.0151,256.0151,4.8193932383912866e-05
Orbitrap,38.40313499999999,38.40313499999999,14,4,4,1,4,256.0209,256.0209,256.0209,4.8193932383912866e-05
Orbitrap,38.40894,38.40894,5,4,4,1,4,256.0596,256.0596,256.0596,4.8193932383912866e-05
Orbitrap,38.416485,38.416485,6,4,4,1,4,256.1099,256.1099,256.1099,4.8193932383912866e-05
Orbitrap,38.499071,38.499071,6,4,4,1,4,296.1467,296.1467,296.1467,4.8193932383912866e-05
Orbitrap,38.499084,38.499084,6,4,4,1,4,296.1468,296.1468,296.1468,4.8193932383912866e-05
Orbitrap,38.532192,38.532192,6,4,4,1,4,321.1016,321.1016,321.1016,4.8193932383912866e-05
Orbitrap,38.541294,38.541294,6,4,4,1,4,428.2366,428.2366,428.2366,4.8193932383912866e-05
Orbitrap,38.541303,38.541303,6,4,4,1,4,428.2367,428.2367,428.2367,4.8193932383912866e-05
Orbitrap,38.54268,38.54268,5,4,4,1,4,214.126,214.126,214.126,4.8193932383912866e-05
Orbitrap,38.546076,38.546076,6,4,4,1,4,321.2173,321.2173,321.2173,4.8193932383912866e-05
Orbitrap,38.55717,38.55717,5,4,4,1,4,257.0478,257.0478,257.0478,4.8193932383912866e-05
Orbitrap,38.631573,38.631573,6,4,4,1,4,429.2397,429.2397,429.2397,4.8193932383912866e-05
Orbitrap,38.649324,38.649324,6,4,4,1,4,322.0777,322.0777,322.0777,4.8193932383912866e-05
Orbitrap,38.68725,38.68725,5,4,4,1,4,644.7875,644.7875,644.7875,4.8193932383912866e-05
Orbitrap,38.71071,38.71071,5,4,4,1,4,258.0714,258.0714,258.0714,4.8193932383912866e-05
Orbitrap,38.715282,38.715282,6,4,4,1,4,215.0849,215.0849,215.0849,4.8193932383912866e-05
Orbitrap,38.717298,38.717298,6,4,4,1,4,215.0961,215.0961,215.0961,4.8193932383912866e-05
Orbitrap,38.796147000000005,38.796147000000005,15,4,4,1,4,431.0683,431.0683,431.0683,4.8193932383912866e-05
Orbitrap,38.88577800000001,38.88577800000001,14,4,4,1,4,432.0642,432.0642,432.0642,4.8193932383912866e-05
Orbitrap,38.88585,38.88585,5,4,4,1,4,216.0325,216.0325,216.0325,4.8193932383912866e-05
Orbitrap,38.954696000000006,38.954696000000006,15,4,4,2,4,354.1336,354.1336,354.1336,4.8193932383912866e-05
Orbitrap,38.986309,38.986309,6,4,4,1,4,205.1911,205.1911,205.1911,4.8193932383912866e-05
Orbitrap,39.011308,39.011308,6,4,4,1,4,557.3044,557.3044,557.3044,4.8193932383912866e-05
Orbitrap,39.019149,39.019149,6,4,4,1,4,300.1473,300.1473,300.1473,4.8193932383912866e-05
Orbitrap,39.019162,39.019162,6,4,4,1,4,300.1474,300.1474,300.1474,4.8193932383912866e-05
Orbitrap,39.02053200000001,39.02053200000001,14,4,4,1,4,325.1711,325.1711,325.1711,4.8193932383912866e-05
Orbitrap,39.023465,39.023465,6,4,4,1,4,300.1805,300.1805,300.1805,4.8193932383912866e-05
Orbitrap,39.024675,39.024675,6,4,4,1,4,260.1645,260.1645,260.1645,4.8193932383912866e-05
Orbitrap,39.025454,39.025454,6,4,4,1,4,300.1958,300.1958,300.1958,4.8193932383912866e-05
Orbitrap,39.025467,39.025467,6,4,4,1,4,300.1959,300.1959,300.1959,4.8193932383912866e-05
Orbitrap,39.033202,39.033202,6,4,4,1,4,150.1277,150.1277,150.1277,4.8193932383912866e-05
Orbitrap,39.072176,39.072176,6,4,4,2,4,355.2016,355.2016,355.2016,4.8193932383912866e-05
Orbitrap,39.109384000000006,39.109384000000006,15,4,4,1,4,230.0552,230.0552,230.0552,4.8193932383912866e-05
Orbitrap,39.14822100000001,39.14822100000001,14,4,4,1,4,559.2603,559.2603,559.2603,4.8193932383912866e-05
Orbitrap,39.153495,39.153495,6,4,4,1,4,261.0233,261.0233,261.0233,4.8193932383912866e-05
Orbitrap,39.258648,39.258648,6,4,4,1,4,218.1036,218.1036,218.1036,4.8193932383912866e-05
Orbitrap,39.261087,39.261087,6,4,4,1,4,436.2343,436.2343,436.2343,4.8193932383912866e-05
Orbitrap,39.27819,39.27819,5,4,4,1,4,187.039,187.039,187.039,4.8193932383912866e-05
Orbitrap,39.305904,39.305904,6,4,4,1,4,357.3264,357.3264,357.3264,4.8193932383912866e-05
Orbitrap,39.32514,39.32514,5,4,4,1,4,436.946,436.946,436.946,4.8193932383912866e-05
Orbitrap,39.369492,39.369492,6,4,4,1,4,328.0791,328.0791,328.0791,4.8193932383912866e-05
Orbitrap,39.421548,39.421548,6,4,4,1,4,219.0086,219.0086,219.0086,4.8193932383912866e-05
Orbitrap,39.48294,39.48294,5,4,4,1,4,329.0245,329.0245,329.0245,4.8193932383912866e-05
Orbitrap,39.609648,39.609648,6,4,4,1,4,330.0804,330.0804,330.0804,4.8193932383912866e-05
Orbitrap,39.61185,39.61185,5,4,4,1,4,264.079,264.079,264.079,4.8193932383912866e-05
Orbitrap,39.613152,39.613152,6,4,4,1,4,330.1096,330.1096,330.1096,4.8193932383912866e-05
Orbitrap,39.61644,39.61644,5,4,4,1,4,330.137,330.137,330.137,4.8193932383912866e-05
Orbitrap,39.620145,39.620145,6,4,4,1,4,264.1343,264.1343,264.1343,4.8193932383912866e-05
Orbitrap,39.622932,39.622932,6,4,4,2,4,330.1911,330.1911,330.1911,4.8193932383912866e-05
Orbitrap,39.62397599999999,39.62397599999999,14,4,4,1,4,220.1332,220.1332,220.1332,4.8193932383912866e-05
Orbitrap,39.70503,39.70503,5,4,4,1,4,441.167,441.167,441.167,4.8193932383912866e-05
Orbitrap,39.711462,39.711462,6,4,4,1,4,189.1022,189.1022,189.1022,4.8193932383912866e-05
Orbitrap,39.73211,39.73211,5,4,4,2,4,361.201,361.201,361.201,4.8193932383912866e-05
Orbitrap,39.759465000000006,39.759465000000006,15,4,4,1,4,265.0631,265.0631,265.0631,4.8193932383912866e-05
Orbitrap,39.920556000000005,39.920556000000005,15,4,4,1,4,307.0812,307.0812,307.0812,4.8193932383912866e-05
Orbitrap,39.971889,39.971889,6,4,4,1,4,444.1321,444.1321,444.1321,4.8193932383912866e-05
Orbitrap,39.972593,39.972593,6,4,4,1,4,235.1329,235.1329,235.1329,4.8193932383912866e-05
Orbitrap,40.064445,40.064445,6,4,4,1,4,445.1605,445.1605,445.1605,4.8193932383912866e-05
Orbitrap,40.075545,40.075545,6,4,4,1,4,267.1703,267.1703,267.1703,4.8193932383912866e-05
Orbitrap,40.143168,40.143168,6,4,4,1,4,446.0352,446.0352,446.0352,4.8193932383912866e-05
Orbitrap,40.15341,40.15341,5,4,4,1,4,223.0745,223.0745,223.0745,4.8193932383912866e-05
Orbitrap,40.21125,40.21125,5,4,4,1,4,268.075,268.075,268.075,4.8193932383912866e-05
Orbitrap,40.211265,40.211265,6,4,4,1,4,268.0751,268.0751,268.0751,4.8193932383912866e-05
Orbitrap,40.223145,40.223145,6,4,4,1,4,268.1543,268.1543,268.1543,4.8193932383912866e-05
Orbitrap,40.228605,40.228605,6,4,4,1,4,268.1907,268.1907,268.1907,4.8193932383912866e-05
Orbitrap,40.365765,40.365765,6,4,4,1,4,269.1051,269.1051,269.1051,4.8193932383912866e-05
Orbitrap,40.513626,40.513626,6,4,4,1,4,225.0757,225.0757,225.0757,4.8193932383912866e-05
Orbitrap,40.522212,40.522212,6,4,4,1,4,225.1234,225.1234,225.1234,4.8193932383912866e-05
Orbitrap,40.607451,40.607451,6,4,0,1,0,451.1939,451.1939,451.1939,4.8193932383912866e-05
Orbitrap,40.624514,40.624514,6,4,4,1,4,290.1751,290.1751,290.1751,4.8193932383912866e-05
Orbitrap,40.656225,40.656225,6,4,4,1,4,271.0415,271.0415,271.0415,4.8193932383912866e-05
Orbitrap,40.666155,40.666155,6,4,4,1,4,271.1077,271.1077,271.1077,4.8193932383912866e-05
Orbitrap,40.69573200000001,40.69573200000001,14,4,4,1,4,226.0874,226.0874,226.0874,4.8193932383912866e-05
Orbitrap,40.746552,40.746552,6,4,4,1,4,291.0468,291.0468,291.0468,4.8193932383912866e-05
Orbitrap,40.780683,40.780683,6,4,4,1,4,453.1187,453.1187,453.1187,4.8193932383912866e-05
Orbitrap,40.78075,40.78075,5,4,4,1,4,163.123,163.123,163.123,4.8193932383912866e-05
Orbitrap,40.80582,40.80582,5,4,4,1,4,340.0485,340.0485,340.0485,4.8193932383912866e-05
Orbitrap,40.810432,40.810432,6,4,4,2,4,255.0652,255.0652,255.0652,4.8193932383912866e-05
Orbitrap,40.814265,40.814265,6,4,4,1,4,272.0951,272.0951,272.0951,4.8193932383912866e-05
Orbitrap,40.824675,40.824675,6,4,4,1,4,272.1645,272.1645,272.1645,4.8193932383912866e-05
Orbitrap,40.830135,40.830135,6,4,4,1,4,272.2009,272.2009,272.2009,4.8193932383912866e-05
Orbitrap,40.969005,40.969005,6,4,4,1,4,273.1267,273.1267,273.1267,4.8193932383912866e-05
Orbitrap,40.976136,40.976136,6,4,4,1,4,455.2904,455.2904,455.2904,4.8193932383912866e-05
Orbitrap,40.977735,40.977735,6,4,4,1,4,273.1849,273.1849,273.1849,4.8193932383912866e-05
Orbitrap,41.03822,41.03822,5,4,4,1,4,205.1911,205.1911,205.1911,4.8193932383912866e-05
Orbitrap,41.049252,41.049252,6,4,4,1,4,342.0771,342.0771,342.0771,4.8193932383912866e-05
Orbitrap,41.058564,41.058564,6,4,4,1,4,342.1547,342.1547,342.1547,4.8193932383912866e-05
Orbitrap,41.102815,41.102815,6,4,4,1,4,316.1755,316.1755,316.1755,4.8193932383912866e-05
Orbitrap,41.11779,41.11779,5,4,4,1,4,274.1186,274.1186,274.1186,4.8193932383912866e-05
Orbitrap,41.137935000000006,41.137935000000006,15,4,4,1,4,274.2529,274.2529,274.2529,4.8193932383912866e-05
Orbitrap,41.235462,41.235462,6,4,4,1,4,229.0859,229.0859,229.0859,4.8193932383912866e-05
Orbitrap,41.401242,41.401242,6,4,4,1,4,230.0069,230.0069,230.0069,4.8193932383912866e-05
Orbitrap,41.409648,41.409648,6,4,4,1,4,230.0536,230.0536,230.0536,4.8193932383912866e-05
Orbitrap,41.409936,41.409936,6,4,4,1,4,230.0552,230.0552,230.0552,4.8193932383912866e-05
Orbitrap,41.4105,41.4105,4,4,4,1,4,276.07,276.07,276.07,4.8193932383912866e-05
Orbitrap,41.4123,41.4123,4,4,4,1,4,276.082,276.082,276.082,4.8193932383912866e-05
Orbitrap,41.460538,41.460538,6,4,4,1,4,296.1467,296.1467,296.1467,4.8193932383912866e-05
Orbitrap,41.46055199999999,41.46055199999999,14,4,4,1,4,296.1468,296.1468,296.1468,4.8193932383912866e-05
Orbitrap,41.587812,41.587812,6,4,4,1,4,231.0434,231.0434,231.0434,4.8193932383912866e-05
Orbitrap,41.598288,41.598288,6,4,4,1,4,231.1016,231.1016,231.1016,4.8193932383912866e-05
Orbitrap,41.599872000000005,41.599872000000005,15,4,4,1,4,231.1104,231.1104,231.1104,4.8193932383912866e-05
Orbitrap,41.602484,41.602484,6,4,4,1,4,189.1022,189.1022,189.1022,4.8193932383912866e-05
Orbitrap,41.715825,41.715825,6,4,4,1,4,278.1055,278.1055,278.1055,4.8193932383912866e-05
Orbitrap,41.731725,41.731725,6,4,4,1,4,278.2115,278.2115,278.2115,4.8193932383912866e-05
Orbitrap,41.779458,41.779458,6,4,4,1,4,232.1081,232.1081,232.1081,4.8193932383912866e-05
Orbitrap,41.785992,41.785992,6,4,4,1,4,232.1444,232.1444,232.1444,4.8193932383912866e-05
Orbitrap,41.86365,41.86365,5,4,4,1,4,279.091,279.091,279.091,4.8193932383912866e-05
Orbitrap,41.91336999999999,41.91336999999999,14,4,4,1,4,419.1337,419.1337,419.1337,4.8193932383912866e-05
Orbitrap,41.992032,41.992032,6,4,4,1,4,349.9336,349.9336,349.9336,4.8193932383912866e-05
Orbitrap,42.020636,42.020636,6,4,4,1,4,300.1474,300.1474,300.1474,4.8193932383912866e-05
Orbitrap,42.02527,42.02527,5,4,4,1,4,300.1805,300.1805,300.1805,4.8193932383912866e-05
Orbitrap,42.027412000000005,42.027412000000005,15,4,4,1,4,300.1958,300.1958,300.1958,4.8193932383912866e-05
Orbitrap,42.027426,42.027426,6,4,4,1,4,300.1959,300.1959,300.1959,4.8193932383912866e-05
Orbitrap,42.146802,42.146802,6,4,4,1,4,234.1489,234.1489,234.1489,4.8193932383912866e-05
Orbitrap,42.153336,42.153336,6,4,4,1,4,234.1852,234.1852,234.1852,4.8193932383912866e-05
Orbitrap,42.29979,42.29979,5,4,4,1,4,281.9986,281.9986,281.9986,4.8193932383912866e-05
Orbitrap,42.307215,42.307215,6,4,4,1,4,282.0481,282.0481,282.0481,4.8193932383912866e-05
Orbitrap,42.355245,42.355245,6,4,4,1,4,249.1485,249.1485,249.1485,4.8193932383912866e-05
Orbitrap,42.370968,42.370968,6,4,4,1,4,353.0914,353.0914,353.0914,4.8193932383912866e-05
Orbitrap,42.496032,42.496032,6,4,4,2,4,354.1336,354.1336,354.1336,4.8193932383912866e-05
Orbitrap,42.62118000000001,42.62118000000001,14,4,4,1,4,284.1412,284.1412,284.1412,4.8193932383912866e-05
Orbitrap,42.624192,42.624192,6,4,4,2,4,355.2016,355.2016,355.2016,4.8193932383912866e-05
Orbitrap,42.649649,42.649649,6,4,4,1,4,609.2807,609.2807,609.2807,4.8193932383912866e-05
Orbitrap,42.678396,42.678396,6,4,4,1,4,237.1022,237.1022,237.1022,4.8193932383912866e-05
Orbitrap,42.761835,42.761835,6,4,4,1,4,285.0789,285.0789,285.0789,4.8193932383912866e-05
Orbitrap,42.768658,42.768658,6,4,4,1,4,225.0982,225.0982,225.0982,4.8193932383912866e-05
Orbitrap,42.777135,42.777135,6,4,4,1,4,285.1809,285.1809,285.1809,4.8193932383912866e-05
Orbitrap,42.82366,42.82366,5,4,4,1,4,428.2366,428.2366,428.2366,4.8193932383912866e-05
Orbitrap,42.82367,42.82367,5,4,4,1,4,428.2367,428.2367,428.2367,4.8193932383912866e-05
Orbitrap,42.857874,42.857874,6,4,4,1,4,238.0993,238.0993,238.0993,4.8193932383912866e-05
Orbitrap,42.879168,42.879168,6,4,4,1,4,357.3264,357.3264,357.3264,4.8193932383912866e-05
Orbitrap,42.892,42.892,3,4,4,1,4,268.075,268.075,268.075,4.8193932383912866e-05
Orbitrap,42.92157,42.92157,5,4,4,1,4,286.1438,286.1438,286.1438,4.8193932383912866e-05
Orbitrap,42.924843,42.924843,6,4,4,2,4,330.1911,330.1911,330.1911,4.8193932383912866e-05
Orbitrap,42.970092,42.970092,6,4,4,1,4,358.0841,358.0841,358.0841,4.8193932383912866e-05
Orbitrap,42.991368,42.991368,6,4,4,1,4,307.0812,307.0812,307.0812,4.8193932383912866e-05
Orbitrap,43.03438299999999,43.03438299999999,14,4,4,1,4,614.7769,614.7769,614.7769,4.8193932383912866e-05
Orbitrap,43.047054,43.047054,6,4,4,1,4,239.1503,239.1503,239.1503,4.8193932383912866e-05
Orbitrap,43.05873,43.05873,5,4,4,1,4,287.0582,287.0582,287.0582,4.8193932383912866e-05
Orbitrap,43.06422,43.06422,5,4,4,1,4,287.0948,287.0948,287.0948,4.8193932383912866e-05
Orbitrap,43.090131,43.090131,6,4,4,1,4,205.1911,205.1911,205.1911,4.8193932383912866e-05
Orbitrap,43.09962,43.09962,5,4,4,1,4,359.1635,359.1635,359.1635,4.8193932383912866e-05
Orbitrap,43.190098000000006,43.190098000000006,15,4,4,1,4,254.0594,254.0594,254.0594,4.8193932383912866e-05
Orbitrap,43.214148,43.214148,6,4,4,1,4,240.0786,240.0786,240.0786,4.8193932383912866e-05
Orbitrap,43.22070000000001,43.22070000000001,14,4,4,1,4,240.115,240.115,240.115,4.8193932383912866e-05
Orbitrap,43.22391,43.22391,5,4,4,1,4,288.1594,288.1594,288.1594,4.8193932383912866e-05
Orbitrap,43.228692,43.228692,6,4,4,1,4,240.1594,240.1594,240.1594,4.8193932383912866e-05
Orbitrap,43.2792,43.2792,4,4,4,1,4,721.32,721.32,721.32,4.8193932383912866e-05
Orbitrap,43.361084000000005,43.361084000000005,15,4,4,2,4,255.0652,255.0652,255.0652,4.8193932383912866e-05
Orbitrap,43.368225,43.368225,6,4,4,1,4,289.1215,289.1215,289.1215,4.8193932383912866e-05
Orbitrap,43.36968,43.36968,5,4,4,1,4,289.1312,289.1312,289.1312,4.8193932383912866e-05
Orbitrap,43.395804,43.395804,6,4,4,1,4,482.1756,482.1756,482.1756,4.8193932383912866e-05
Orbitrap,43.397334,43.397334,6,4,4,1,4,241.0963,241.0963,241.0963,4.8193932383912866e-05
Orbitrap,43.45384800000001,43.45384800000001,14,4,4,1,4,362.1154,362.1154,362.1154,4.8193932383912866e-05
Orbitrap,43.493506,43.493506,6,4,4,1,4,189.1022,189.1022,189.1022,4.8193932383912866e-05
Orbitrap,43.520805,43.520805,6,4,4,1,4,290.1387,290.1387,290.1387,4.8193932383912866e-05
Orbitrap,43.526265,43.526265,6,4,4,1,4,290.1751,290.1751,290.1751,4.8193932383912866e-05
Orbitrap,43.581168000000005,43.581168000000005,15,4,4,1,4,242.1176,242.1176,242.1176,4.8193932383912866e-05
Orbitrap,43.65702,43.65702,5,4,4,1,4,291.0468,291.0468,291.0468,4.8193932383912866e-05
Orbitrap,43.67178,43.67178,5,4,4,1,4,291.1452,291.1452,291.1452,4.8193932383912866e-05
Orbitrap,43.681005000000006,43.681005000000006,15,4,4,1,4,291.2067,291.2067,291.2067,4.8193932383912866e-05
Orbitrap,43.688844,43.688844,6,4,4,1,4,364.0737,364.0737,364.0737,4.8193932383912866e-05
Orbitrap,43.710488000000005,43.710488000000005,15,4,4,1,4,230.0552,230.0552,230.0552,4.8193932383912866e-05
Orbitrap,43.80399,43.80399,5,4,4,1,4,292.0266,292.0266,292.0266,4.8193932383912866e-05
Orbitrap,43.818165,43.818165,6,4,4,1,4,292.1211,292.1211,292.1211,4.8193932383912866e-05
Orbitrap,43.960545,43.960545,6,4,4,1,4,293.0703,293.0703,293.0703,4.8193932383912866e-05
Orbitrap,43.965765,43.965765,6,4,4,1,4,293.1051,293.1051,293.1051,4.8193932383912866e-05
Orbitrap,44.06811,44.06811,5,4,4,1,4,734.4685,734.4685,734.4685,4.8193932383912866e-05
Orbitrap,44.129475000000006,44.129475000000006,15,4,4,1,4,294.1965,294.1965,294.1965,4.8193932383912866e-05
Orbitrap,44.26457,44.26457,5,4,4,1,4,316.1755,316.1755,316.1755,4.8193932383912866e-05
Orbitrap,44.26932,44.26932,5,4,4,1,4,295.1288,295.1288,295.1288,4.8193932383912866e-05
Orbitrap,44.282535,44.282535,6,4,4,1,4,295.2169,295.2169,295.2169,4.8193932383912866e-05
Orbitrap,44.302266,44.302266,6,4,4,1,4,246.1237,246.1237,246.1237,4.8193932383912866e-05
Orbitrap,44.306076,44.306076,6,4,4,1,4,369.2173,369.2173,369.2173,4.8193932383912866e-05
Orbitrap,44.4036,44.4036,4,4,4,1,4,296.024,296.024,296.024,4.8193932383912866e-05
Orbitrap,44.4105,44.4105,4,4,4,1,4,296.07,296.07,296.07,4.8193932383912866e-05
Orbitrap,44.42118000000001,44.42118000000001,14,4,4,1,4,296.1412,296.1412,296.1412,4.8193932383912866e-05
Orbitrap,44.42154,44.42154,5,4,4,1,4,370.1795,370.1795,370.1795,4.8193932383912866e-05
Orbitrap,44.422005000000006,44.422005000000006,15,4,4,1,4,296.1467,296.1467,296.1467,4.8193932383912866e-05
Orbitrap,44.42202,44.42202,5,4,4,1,4,296.1468,296.1468,296.1468,4.8193932383912866e-05
Orbitrap,44.480111,44.480111,6,4,4,1,4,342.1547,342.1547,342.1547,4.8193932383912866e-05
Orbitrap,44.51605,44.51605,5,4,4,1,4,445.1605,445.1605,445.1605,4.8193932383912866e-05
Orbitrap,44.577735,44.577735,6,4,4,1,4,297.1849,297.1849,297.1849,4.8193932383912866e-05
Orbitrap,44.691211,44.691211,6,4,4,1,4,235.2169,235.2169,235.2169,4.8193932383912866e-05
Orbitrap,44.704725,44.704725,6,4,4,1,4,298.0315,298.0315,298.0315,4.8193932383912866e-05
Orbitrap,44.741115,44.741115,6,4,4,1,4,298.2741,298.2741,298.2741,4.8193932383912866e-05
Orbitrap,44.909052,44.909052,6,4,4,1,4,748.4842,748.4842,748.4842,4.8193932383912866e-05
Orbitrap,44.97094800000001,44.97094800000001,14,4,4,1,4,749.5158,749.5158,749.5158,4.8193932383912866e-05
Orbitrap,45.01964,45.01964,5,4,4,1,4,225.0982,225.0982,225.0982,4.8193932383912866e-05
Orbitrap,45.02211,45.02211,5,4,4,1,4,300.1474,300.1474,300.1474,4.8193932383912866e-05
Orbitrap,45.02391,45.02391,5,4,4,1,4,300.1594,300.1594,300.1594,4.8193932383912866e-05
Orbitrap,45.027075,45.027075,6,4,4,1,4,300.1805,300.1805,300.1805,4.8193932383912866e-05
Orbitrap,45.02937,45.02937,5,4,4,1,4,300.1958,300.1958,300.1958,4.8193932383912866e-05
Orbitrap,45.029385000000005,45.029385000000005,15,4,4,1,4,300.1959,300.1959,300.1959,4.8193932383912866e-05
Orbitrap,45.124572,45.124572,6,4,4,1,4,376.0381,376.0381,376.0381,4.8193932383912866e-05
Orbitrap,45.135125,45.135125,6,4,4,1,4,644.7875,644.7875,644.7875,4.8193932383912866e-05
Orbitrap,45.142042,45.142042,6,4,4,1,4,205.1911,205.1911,205.1911,4.8193932383912866e-05
Orbitrap,45.190746,45.190746,6,4,4,1,4,251.0597,251.0597,251.0597,4.8193932383912866e-05
Orbitrap,45.315855000000006,45.315855000000006,15,4,4,1,4,302.1057,302.1057,302.1057,4.8193932383912866e-05
Orbitrap,45.32080499999999,45.32080499999999,14,4,4,1,4,302.1387,302.1387,302.1387,4.8193932383912866e-05
Orbitrap,45.38214,45.38214,5,4,4,1,4,252.123,252.123,252.123,4.8193932383912866e-05
Orbitrap,45.384528,45.384528,6,4,4,1,4,189.1022,189.1022,189.1022,4.8193932383912866e-05
Orbitrap,45.50672399999999,45.50672399999999,14,4,4,1,4,379.2227,379.2227,379.2227,4.8193932383912866e-05
Orbitrap,45.559278,45.559278,6,4,4,1,4,253.1071,253.1071,253.1071,4.8193932383912866e-05
Orbitrap,45.57275,45.57275,5,4,4,1,4,268.075,268.075,268.075,4.8193932383912866e-05
Orbitrap,45.639525,45.639525,6,4,4,1,4,304.2635,304.2635,304.2635,4.8193932383912866e-05
Orbitrap,45.71778,45.71778,5,4,4,1,4,380.9815,380.9815,380.9815,4.8193932383912866e-05
Orbitrap,45.74581200000001,45.74581200000001,14,4,4,1,4,254.1434,254.1434,254.1434,4.8193932383912866e-05
Orbitrap,45.766245,45.766245,6,4,4,1,4,305.1083,305.1083,305.1083,4.8193932383912866e-05
Orbitrap,45.849792,45.849792,6,4,4,1,4,382.0816,382.0816,382.0816,4.8193932383912866e-05
Orbitrap,45.895212,45.895212,6,4,4,1,4,254.9734,254.9734,254.9734,4.8193932383912866e-05
Orbitrap,45.911736000000005,45.911736000000005,15,4,4,2,4,255.0652,255.0652,255.0652,4.8193932383912866e-05
Orbitrap,45.918288,45.918288,6,4,4,1,4,255.1016,255.1016,255.1016,4.8193932383912866e-05
Orbitrap,45.92171999999999,45.92171999999999,14,4,4,1,4,306.1448,306.1448,306.1448,4.8193932383912866e-05
Orbitrap,46.01104,46.01104,5,4,4,1,4,230.0552,230.0552,230.0552,4.8193932383912866e-05
Orbitrap,46.018980000000006,46.018980000000006,15,4,4,1,4,219.138,219.138,219.138,4.8193932383912866e-05
Orbitrap,46.037368,46.037368,6,4,4,2,4,354.1336,354.1336,354.1336,4.8193932383912866e-05
Orbitrap,46.06218,46.06218,5,4,4,1,4,307.0812,307.0812,307.0812,4.8193932383912866e-05
Orbitrap,46.06669500000001,46.06669500000001,14,4,4,1,4,307.1113,307.1113,307.1113,4.8193932383912866e-05
Orbitrap,46.06794,46.06794,5,4,4,1,4,255.933,255.933,255.933,4.8193932383912866e-05
Orbitrap,46.082718,46.082718,6,4,4,1,4,256.0151,256.0151,256.0151,4.8193932383912866e-05
Orbitrap,46.08376199999999,46.08376199999999,14,4,4,1,4,256.0209,256.0209,256.0209,4.8193932383912866e-05
Orbitrap,46.089888,46.089888,6,4,4,1,4,384.0824,384.0824,384.0824,4.8193932383912866e-05
Orbitrap,46.176208,46.176208,6,4,4,2,4,355.2016,355.2016,355.2016,4.8193932383912866e-05
Orbitrap,46.207605,46.207605,6,4,4,1,4,308.0507,308.0507,308.0507,4.8193932383912866e-05
Orbitrap,46.22286,46.22286,5,4,4,1,4,308.1524,308.1524,308.1524,4.8193932383912866e-05
Orbitrap,46.226754,46.226754,6,4,4,2,4,330.1911,330.1911,330.1911,4.8193932383912866e-05
Orbitrap,46.268604,46.268604,6,4,4,1,4,257.0478,257.0478,257.0478,4.8193932383912866e-05
Orbitrap,46.371978,46.371978,6,4,4,1,4,515.2442,515.2442,515.2442,4.8193932383912866e-05
Orbitrap,46.428016,46.428016,6,4,4,1,4,290.1751,290.1751,290.1751,4.8193932383912866e-05
Orbitrap,46.452852,46.452852,6,4,4,1,4,258.0714,258.0714,258.0714,4.8193932383912866e-05
Orbitrap,46.532475,46.532475,6,4,4,1,4,310.2165,310.2165,310.2165,4.8193932383912866e-05
Orbitrap,46.56456,46.56456,5,4,4,1,4,388.038,388.038,388.038,4.8193932383912866e-05
Orbitrap,46.567488,46.567488,6,4,4,1,4,291.0468,291.0468,291.0468,4.8193932383912866e-05
Orbitrap,46.572708,46.572708,6,4,4,1,4,388.1059,388.1059,388.1059,4.8193932383912866e-05
Orbitrap,46.57572,46.57572,5,4,4,1,4,388.131,388.131,388.131,4.8193932383912866e-05
Orbitrap,46.66213499999999,46.66213499999999,14,4,4,1,4,311.0809,311.0809,311.0809,4.8193932383912866e-05
Orbitrap,46.689357,46.689357,6,4,4,1,4,359.1489,359.1489,359.1489,4.8193932383912866e-05
Orbitrap,46.95613,46.95613,5,4,4,2,4,361.201,361.201,361.201,4.8193932383912866e-05
Orbitrap,46.98183,46.98183,5,4,4,1,4,313.2122,313.2122,313.2122,4.8193932383912866e-05
Orbitrap,46.984194,46.984194,6,4,4,1,4,261.0233,261.0233,261.0233,4.8193932383912866e-05
Orbitrap,47.106026,47.106026,6,4,4,1,4,428.2366,428.2366,428.2366,4.8193932383912866e-05
Orbitrap,47.10603699999999,47.10603699999999,14,4,4,1,4,428.2367,428.2367,428.2367,4.8193932383912866e-05
Orbitrap,47.12080499999999,47.12080499999999,14,4,4,1,4,314.1387,314.1387,314.1387,4.8193932383912866e-05
Orbitrap,47.193953,47.193953,6,4,4,1,4,205.1911,205.1911,205.1911,4.8193932383912866e-05
Orbitrap,47.247795,47.247795,6,4,4,1,4,314.9853,314.9853,314.9853,4.8193932383912866e-05
Orbitrap,47.270622,47.270622,6,4,4,1,4,225.0982,225.0982,225.0982,4.8193932383912866e-05
Orbitrap,47.272275,47.272275,6,4,4,1,4,315.1485,315.1485,315.1485,4.8193932383912866e-05
Orbitrap,47.27555,47.27555,5,4,4,1,4,189.1022,189.1022,189.1022,4.8193932383912866e-05
Orbitrap,47.383472000000005,47.383472000000005,15,4,4,1,4,296.1467,296.1467,296.1467,4.8193932383912866e-05
Orbitrap,47.41614,47.41614,5,4,4,1,4,316.1076,316.1076,316.1076,4.8193932383912866e-05
Orbitrap,47.426325,47.426325,6,4,4,1,4,316.1755,316.1755,316.1755,4.8193932383912866e-05
Orbitrap,47.459376,47.459376,6,4,4,1,4,790.9896,790.9896,790.9896,4.8193932383912866e-05
Orbitrap,47.51262,47.51262,5,4,4,1,4,791.877,791.877,791.877,4.8193932383912866e-05
Orbitrap,47.53422,47.53422,5,4,4,1,4,264.079,264.079,264.079,4.8193932383912866e-05
Orbitrap,47.544174,47.544174,6,4,4,1,4,264.1343,264.1343,264.1343,4.8193932383912866e-05
Orbitrap,47.711358,47.711358,6,4,4,1,4,265.0631,265.0631,265.0631,4.8193932383912866e-05
Orbitrap,47.86098,47.86098,5,4,4,1,4,319.0732,319.0732,319.0732,4.8193932383912866e-05
Orbitrap,47.901658,47.901658,6,4,4,1,4,342.1547,342.1547,342.1547,4.8193932383912866e-05
Orbitrap,48.021075,48.021075,6,4,4,1,4,320.1405,320.1405,320.1405,4.8193932383912866e-05
Orbitrap,48.023568,48.023568,6,4,4,1,4,300.1473,300.1473,300.1473,4.8193932383912866e-05
Orbitrap,48.02888,48.02888,5,4,4,1,4,300.1805,300.1805,300.1805,4.8193932383912866e-05
Orbitrap,48.031328,48.031328,6,4,4,1,4,300.1958,300.1958,300.1958,4.8193932383912866e-05
Orbitrap,48.090654,48.090654,6,4,4,1,4,267.1703,267.1703,267.1703,4.8193932383912866e-05
Orbitrap,48.14922,48.14922,5,4,4,1,4,401.2435,401.2435,401.2435,4.8193932383912866e-05
Orbitrap,48.16524,48.16524,5,4,4,1,4,321.1016,321.1016,321.1016,4.8193932383912866e-05
Orbitrap,48.169995,48.169995,6,4,4,1,4,321.1333,321.1333,321.1333,4.8193932383912866e-05
Orbitrap,48.182595,48.182595,6,4,4,1,4,321.2173,321.2173,321.2173,4.8193932383912866e-05
Orbitrap,48.2535,48.2535,4,4,4,1,4,268.075,268.075,268.075,4.8193932383912866e-05
Orbitrap,48.271286,48.271286,6,4,4,1,4,254.0594,254.0594,254.0594,4.8193932383912866e-05
Orbitrap,48.274326,48.274326,6,4,4,1,4,268.1907,268.1907,268.1907,4.8193932383912866e-05
Orbitrap,48.311592000000005,48.311592000000005,15,4,4,1,4,230.0552,230.0552,230.0552,4.8193932383912866e-05
Orbitrap,48.311655,48.311655,6,4,4,1,4,322.0777,322.0777,322.0777,4.8193932383912866e-05
Orbitrap,48.438918,48.438918,6,4,4,1,4,269.1051,269.1051,269.1051,4.8193932383912866e-05
Orbitrap,48.462388,48.462388,6,4,4,2,4,255.0652,255.0652,255.0652,4.8193932383912866e-05
Orbitrap,48.494892,48.494892,6,4,4,1,4,404.1241,404.1241,404.1241,4.8193932383912866e-05
Orbitrap,48.775665,48.775665,6,4,4,1,4,325.1711,325.1711,325.1711,4.8193932383912866e-05
Orbitrap,48.78746999999999,48.78746999999999,14,4,4,1,4,271.0415,271.0415,271.0415,4.8193932383912866e-05
Orbitrap,48.799386000000005,48.799386000000005,15,4,4,1,4,271.1077,271.1077,271.1077,4.8193932383912866e-05
Orbitrap,48.967655,48.967655,6,4,4,1,4,445.1605,445.1605,445.1605,4.8193932383912866e-05
Orbitrap,48.975048,48.975048,6,4,4,1,4,408.1254,408.1254,408.1254,4.8193932383912866e-05
Orbitrap,48.977118,48.977118,6,4,4,1,4,272.0951,272.0951,272.0951,4.8193932383912866e-05
Orbitrap,48.987098,48.987098,6,4,4,1,4,288.1594,288.1594,288.1594,4.8193932383912866e-05
Orbitrap,48.98960999999999,48.98960999999999,14,4,4,1,4,272.1645,272.1645,272.1645,4.8193932383912866e-05
Orbitrap,48.996162,48.996162,6,4,4,1,4,272.2009,272.2009,272.2009,4.8193932383912866e-05
Orbitrap,49.013506,49.013506,6,4,4,1,4,213.1022,213.1022,213.1022,4.8193932383912866e-05
Orbitrap,49.070565,49.070565,6,4,4,1,4,327.1371,327.1371,327.1371,4.8193932383912866e-05
Orbitrap,49.13299200000001,49.13299200000001,14,4,4,1,4,307.0812,307.0812,307.0812,4.8193932383912866e-05
Orbitrap,49.166572,49.166572,6,4,4,1,4,189.1022,189.1022,189.1022,4.8193932383912866e-05
Orbitrap,49.17328200000001,49.17328200000001,14,4,4,1,4,273.1849,273.1849,273.1849,4.8193932383912866e-05
Orbitrap,49.211865,49.211865,6,4,4,1,4,328.0791,328.0791,328.0791,4.8193932383912866e-05
Orbitrap,49.245864000000005,49.245864000000005,15,4,4,1,4,205.1911,205.1911,205.1911,4.8193932383912866e-05
Orbitrap,49.313256,49.313256,6,4,4,1,4,821.8876,821.8876,821.8876,4.8193932383912866e-05
Orbitrap,49.329767,49.329767,6,4,4,1,4,290.1751,290.1751,290.1751,4.8193932383912866e-05
Orbitrap,49.33297199999999,49.33297199999999,14,4,4,1,4,411.1081,411.1081,411.1081,4.8193932383912866e-05
Orbitrap,49.341348,49.341348,6,4,4,1,4,274.1186,274.1186,274.1186,4.8193932383912866e-05
Orbitrap,49.353675,49.353675,6,4,4,1,4,329.0245,329.0245,329.0245,4.8193932383912866e-05
Orbitrap,49.365522000000006,49.365522000000006,15,4,4,1,4,274.2529,274.2529,274.2529,4.8193932383912866e-05
Orbitrap,49.477956000000006,49.477956000000006,15,4,4,1,4,291.0468,291.0468,291.0468,4.8193932383912866e-05
Orbitrap,49.51206,49.51206,5,4,4,1,4,330.0804,330.0804,330.0804,4.8193932383912866e-05
Orbitrap,49.52055,49.52055,5,4,4,1,4,330.137,330.137,330.137,4.8193932383912866e-05
Orbitrap,49.528665,49.528665,6,4,4,2,4,330.1911,330.1911,330.1911,4.8193932383912866e-05
Orbitrap,49.578704,49.578704,6,4,4,2,4,354.1336,354.1336,354.1336,4.8193932383912866e-05
Orbitrap,49.65225,49.65225,5,4,4,1,4,331.015,331.015,331.015,4.8193932383912866e-05
Orbitrap,49.6926,49.6926,4,4,4,1,4,276.07,276.07,276.07,4.8193932383912866e-05
Orbitrap,49.69476,49.69476,5,4,4,1,4,276.082,276.082,276.082,4.8193932383912866e-05
Orbitrap,49.728224,49.728224,6,4,4,2,4,355.2016,355.2016,355.2016,4.8193932383912866e-05
Orbitrap,49.821075,49.821075,6,4,4,1,4,332.1405,332.1405,332.1405,4.8193932383912866e-05
Orbitrap,49.839220000000005,49.839220000000005,15,4,4,2,4,249.1961,249.1961,249.1961,4.8193932383912866e-05
Orbitrap,49.962276,49.962276,6,4,4,1,4,416.3523,416.3523,416.3523,4.8193932383912866e-05
Orbitrap,50.07807,50.07807,5,4,4,1,4,278.2115,278.2115,278.2115,4.8193932383912866e-05
Orbitrap,50.154192,50.154192,6,4,4,1,4,835.9032,835.9032,835.9032,4.8193932383912866e-05
Orbitrap,50.157396,50.157396,6,4,4,1,4,557.3044,557.3044,557.3044,4.8193932383912866e-05
Orbitrap,50.23638,50.23638,5,4,4,1,4,279.091,279.091,279.091,4.8193932383912866e-05
Orbitrap,50.25190799999999,50.25190799999999,14,4,4,1,4,837.5318,837.5318,837.5318,4.8193932383912866e-05
Orbitrap,50.333427,50.333427,6,4,4,1,4,559.2603,559.2603,559.2603,4.8193932383912866e-05
Orbitrap,50.344939,50.344939,6,4,4,1,4,296.1467,296.1467,296.1467,4.8193932383912866e-05
Orbitrap,50.410089,50.410089,6,4,4,1,4,219.1743,219.1743,219.1743,4.8193932383912866e-05
Orbitrap,50.4924,50.4924,4,4,4,1,4,721.32,721.32,721.32,4.8193932383912866e-05
Orbitrap,50.514132,50.514132,6,4,4,1,4,420.9511,420.9511,420.9511,4.8193932383912866e-05
Orbitrap,50.588080000000005,50.588080000000005,15,4,4,1,4,316.1755,316.1755,316.1755,4.8193932383912866e-05
Orbitrap,50.612144,50.612144,6,4,4,1,4,230.0552,230.0552,230.0552,4.8193932383912866e-05
Orbitrap,50.627439,50.627439,6,4,4,1,4,220.1193,220.1193,220.1193,4.8193932383912866e-05
Orbitrap,50.759748,50.759748,6,4,4,1,4,281.9986,281.9986,281.9986,4.8193932383912866e-05
Orbitrap,50.81188,50.81188,5,4,4,1,4,254.0594,254.0594,254.0594,4.8193932383912866e-05
Orbitrap,50.93425,50.93425,5,4,4,1,4,268.075,268.075,268.075,4.8193932383912866e-05
Orbitrap,51.01304,51.01304,5,4,4,2,4,255.0652,255.0652,255.0652,4.8193932383912866e-05
Orbitrap,51.01836,51.01836,5,4,4,1,4,425.153,425.153,425.153,4.8193932383912866e-05
Orbitrap,51.030685,51.030685,6,4,4,1,4,300.1805,300.1805,300.1805,4.8193932383912866e-05
Orbitrap,51.033286,51.033286,6,4,4,1,4,300.1958,300.1958,300.1958,4.8193932383912866e-05
Orbitrap,51.297775,51.297775,6,4,4,1,4,205.1911,205.1911,205.1911,4.8193932383912866e-05
Orbitrap,51.311565,51.311565,6,4,4,1,4,342.0771,342.0771,342.0771,4.8193932383912866e-05
Orbitrap,51.323205,51.323205,6,4,4,1,4,342.1547,342.1547,342.1547,4.8193932383912866e-05
Orbitrap,51.332562,51.332562,6,4,4,1,4,285.1809,285.1809,285.1809,4.8193932383912866e-05
Orbitrap,51.388392,51.388392,6,4,4,1,4,428.2366,428.2366,428.2366,4.8193932383912866e-05
Orbitrap,51.388404,51.388404,6,4,4,1,4,428.2367,428.2367,428.2367,4.8193932383912866e-05
Orbitrap,51.412795,51.412795,6,4,4,1,4,734.4685,734.4685,734.4685,4.8193932383912866e-05
Orbitrap,51.455985,51.455985,6,4,4,1,4,343.0399,343.0399,343.0399,4.8193932383912866e-05
Orbitrap,51.506376,51.506376,6,4,4,2,4,858.4396,858.4396,858.4396,4.8193932383912866e-05
Orbitrap,51.508335,51.508335,6,4,4,2,4,271.0965,271.0965,271.0965,4.8193932383912866e-05
Orbitrap,51.508764,51.508764,6,4,4,1,4,429.2397,429.2397,429.2397,4.8193932383912866e-05
Orbitrap,51.67706400000001,51.67706400000001,14,4,4,1,4,287.0948,287.0948,287.0948,4.8193932383912866e-05
Orbitrap,51.728196,51.728196,6,4,4,1,4,431.0683,431.0683,431.0683,4.8193932383912866e-05
Orbitrap,51.772586,51.772586,6,4,4,1,4,225.0982,225.0982,225.0982,4.8193932383912866e-05
Orbitrap,51.84770400000001,51.84770400000001,14,4,4,1,4,432.0642,432.0642,432.0642,4.8193932383912866e-05
Orbitrap,52.04187,52.04187,5,4,4,1,4,289.1215,289.1215,289.1215,4.8193932383912866e-05
Orbitrap,52.04361599999999,52.04361599999999,14,4,4,1,4,289.1312,289.1312,289.1312,4.8193932383912866e-05
Orbitrap,52.203804000000005,52.203804000000005,15,4,4,1,4,307.0812,307.0812,307.0812,4.8193932383912866e-05
Orbitrap,52.224966,52.224966,6,4,4,1,4,290.1387,290.1387,290.1387,4.8193932383912866e-05
Orbitrap,52.231518,52.231518,6,4,4,1,4,290.1751,290.1751,290.1751,4.8193932383912866e-05
Orbitrap,52.348116000000005,52.348116000000005,15,4,4,1,4,436.2343,436.2343,436.2343,4.8193932383912866e-05
Orbitrap,52.38842400000001,52.38842400000001,14,4,4,1,4,291.0468,291.0468,291.0468,4.8193932383912866e-05
Orbitrap,52.393894,52.393894,6,4,4,1,4,748.4842,748.4842,748.4842,4.8193932383912866e-05
Orbitrap,52.406136,52.406136,6,4,4,1,4,291.1452,291.1452,291.1452,4.8193932383912866e-05
Orbitrap,52.41720600000001,52.41720600000001,14,4,4,1,4,291.2067,291.2067,291.2067,4.8193932383912866e-05
Orbitrap,52.43352,52.43352,5,4,4,1,4,436.946,436.946,436.946,4.8193932383912866e-05
Orbitrap,52.466106,52.466106,6,4,4,1,4,749.5158,749.5158,749.5158,4.8193932383912866e-05
Orbitrap,52.49004,52.49004,5,4,4,1,4,349.9336,349.9336,349.9336,4.8193932383912866e-05
Orbitrap,52.56478799999999,52.56478799999999,14,4,4,1,4,292.0266,292.0266,292.0266,4.8193932383912866e-05
Orbitrap,52.75265399999999,52.75265399999999,14,4,4,1,4,293.0703,293.0703,293.0703,4.8193932383912866e-05
Orbitrap,52.758918,52.758918,6,4,4,1,4,293.1051,293.1051,293.1051,4.8193932383912866e-05
Orbitrap,52.830576,52.830576,6,4,4,2,4,330.1911,330.1911,330.1911,4.8193932383912866e-05
Orbitrap,52.912696,52.912696,6,4,4,1,4,230.0552,230.0552,230.0552,4.8193932383912866e-05
Orbitrap,52.94004,52.94004,5,4,4,1,4,441.167,441.167,441.167,4.8193932383912866e-05
Orbitrap,52.95537,52.95537,5,4,4,1,4,294.1965,294.1965,294.1965,4.8193932383912866e-05
Orbitrap,52.963710000000006,52.963710000000006,15,4,4,1,4,353.0914,353.0914,353.0914,4.8193932383912866e-05
Orbitrap,52.98336,52.98336,5,4,4,1,4,353.2224,353.2224,353.2224,4.8193932383912866e-05
Orbitrap,53.12004,53.12004,5,4,4,2,4,354.1336,354.1336,354.1336,4.8193932383912866e-05
Orbitrap,53.123184,53.123184,6,4,4,1,4,295.1288,295.1288,295.1288,4.8193932383912866e-05
Orbitrap,53.139042,53.139042,6,4,4,1,4,295.2169,295.2169,295.2169,4.8193932383912866e-05
Orbitrap,53.28024,53.28024,5,4,4,2,4,355.2016,355.2016,355.2016,4.8193932383912866e-05
Orbitrap,53.295852,53.295852,6,4,4,1,4,444.1321,444.1321,444.1321,4.8193932383912866e-05
Orbitrap,53.30541600000001,53.30541600000001,14,4,4,1,4,296.1412,296.1412,296.1412,4.8193932383912866e-05
Orbitrap,53.306406,53.306406,6,4,4,1,4,296.1467,296.1467,296.1467,4.8193932383912866e-05
Orbitrap,53.349686,53.349686,6,4,4,1,4,205.1911,205.1911,205.1911,4.8193932383912866e-05
Orbitrap,53.352474,53.352474,6,4,4,1,4,254.0594,254.0594,254.0594,4.8193932383912866e-05
Orbitrap,53.398428,53.398428,6,4,4,1,4,444.9869,444.9869,444.9869,4.8193932383912866e-05
Orbitrap,53.41926,53.41926,5,4,4,1,4,445.1605,445.1605,445.1605,4.8193932383912866e-05
Orbitrap,53.524224,53.524224,6,4,4,1,4,446.0352,446.0352,446.0352,4.8193932383912866e-05
Orbitrap,53.563692,53.563692,6,4,4,2,4,255.0652,255.0652,255.0652,4.8193932383912866e-05
Orbitrap,53.59896,53.59896,5,4,4,1,4,357.3264,357.3264,357.3264,4.8193932383912866e-05
Orbitrap,53.615,53.615,3,4,4,1,4,268.075,268.075,268.075,4.8193932383912866e-05
Orbitrap,53.63492399999999,53.63492399999999,14,4,4,1,4,297.9718,297.9718,297.9718,4.8193932383912866e-05
Orbitrap,53.64567,53.64567,5,4,4,1,4,298.0315,298.0315,298.0315,4.8193932383912866e-05
Orbitrap,53.689338,53.689338,6,4,4,1,4,298.2741,298.2741,298.2741,4.8193932383912866e-05
Orbitrap,53.712615,53.712615,6,4,4,1,4,358.0841,358.0841,358.0841,4.8193932383912866e-05
Orbitrap,53.749835,53.749835,6,4,4,1,4,316.1755,316.1755,316.1755,4.8193932383912866e-05
Orbitrap,53.87233500000001,53.87233500000001,14,4,4,1,4,359.1489,359.1489,359.1489,4.8193932383912866e-05
Orbitrap,53.874525,53.874525,6,4,4,1,4,359.1635,359.1635,359.1635,4.8193932383912866e-05
Orbitrap,54.023568,54.023568,6,4,4,1,4,225.0982,225.0982,225.0982,4.8193932383912866e-05
Orbitrap,54.028692,54.028692,6,4,4,1,4,300.1594,300.1594,300.1594,4.8193932383912866e-05
Orbitrap,54.03249,54.03249,5,4,4,1,4,300.1805,300.1805,300.1805,4.8193932383912866e-05
Orbitrap,54.035244000000006,54.035244000000006,15,4,4,1,4,300.1958,300.1958,300.1958,4.8193932383912866e-05
Orbitrap,54.099887,54.099887,6,4,4,1,4,235.2169,235.2169,235.2169,4.8193932383912866e-05
Orbitrap,54.125799,54.125799,6,4,4,1,4,416.3523,416.3523,416.3523,4.8193932383912866e-05
Orbitrap,54.168015,54.168015,6,4,4,1,4,361.1201,361.1201,361.1201,4.8193932383912866e-05
Orbitrap,54.180150000000005,54.180150000000005,15,4,4,2,4,361.201,361.201,361.201,4.8193932383912866e-05
Orbitrap,54.2193,54.2193,4,4,4,2,4,271.0965,271.0965,271.0965,4.8193932383912866e-05
Orbitrap,54.317310000000006,54.317310000000006,15,4,4,1,4,362.1154,362.1154,362.1154,4.8193932383912866e-05
Orbitrap,54.374244,54.374244,6,4,4,1,4,453.1187,453.1187,453.1187,4.8193932383912866e-05
Orbitrap,54.379026,54.379026,6,4,4,1,4,302.1057,302.1057,302.1057,4.8193932383912866e-05
Orbitrap,54.38496599999999,54.38496599999999,14,4,4,1,4,302.1387,302.1387,302.1387,4.8193932383912866e-05
Orbitrap,54.61105499999999,54.61105499999999,14,4,4,1,4,364.0737,364.0737,364.0737,4.8193932383912866e-05
Orbitrap,54.744752,54.744752,6,4,4,1,4,342.1547,342.1547,342.1547,4.8193932383912866e-05
Orbitrap,54.835263,54.835263,6,4,4,1,4,609.2807,609.2807,609.2807,4.8193932383912866e-05
Orbitrap,55.029825,55.029825,6,4,4,1,4,220.1193,220.1193,220.1193,4.8193932383912866e-05
Orbitrap,55.106064,55.106064,6,4,4,1,4,306.1448,306.1448,306.1448,4.8193932383912866e-05
Orbitrap,55.133269,55.133269,6,4,4,1,4,290.1751,290.1751,290.1751,4.8193932383912866e-05
Orbitrap,55.21324800000001,55.21324800000001,14,4,4,1,4,230.0552,230.0552,230.0552,4.8193932383912866e-05
Orbitrap,55.274616,55.274616,6,4,4,1,4,307.0812,307.0812,307.0812,4.8193932383912866e-05
Orbitrap,55.29889200000001,55.29889200000001,14,4,4,1,4,291.0468,291.0468,291.0468,4.8193932383912866e-05
Orbitrap,55.32992099999999,55.32992099999999,14,4,4,1,4,614.7769,614.7769,614.7769,4.8193932383912866e-05
Orbitrap,55.382595,55.382595,6,4,4,1,4,369.2173,369.2173,369.2173,4.8193932383912866e-05
Orbitrap,55.43139,55.43139,5,4,4,1,4,791.877,791.877,791.877,4.8193932383912866e-05
Orbitrap,55.44912600000001,55.44912600000001,14,4,4,1,4,308.0507,308.0507,308.0507,4.8193932383912866e-05
Orbitrap,55.467432,55.467432,6,4,4,1,4,308.1524,308.1524,308.1524,4.8193932383912866e-05
Orbitrap,55.526925000000006,55.526925000000006,15,4,4,1,4,370.1795,370.1795,370.1795,4.8193932383912866e-05
Orbitrap,55.670758,55.670758,6,4,4,1,4,428.2366,428.2366,428.2366,4.8193932383912866e-05
Orbitrap,55.670771,55.670771,6,4,4,1,4,428.2367,428.2367,428.2367,4.8193932383912866e-05
Orbitrap,55.83897,55.83897,5,4,4,1,4,310.2165,310.2165,310.2165,4.8193932383912866e-05
Orbitrap,55.893068,55.893068,6,4,4,1,4,254.0594,254.0594,254.0594,4.8193932383912866e-05
Orbitrap,55.994562,55.994562,6,4,4,1,4,311.0809,311.0809,311.0809,4.8193932383912866e-05
Orbitrap,56.132487,56.132487,6,4,4,2,4,330.1911,330.1911,330.1911,4.8193932383912866e-05
Orbitrap,56.267873,56.267873,6,4,4,1,4,296.1467,296.1467,296.1467,4.8193932383912866e-05
Orbitrap,56.29575,56.29575,5,4,4,1,4,268.075,268.075,268.075,4.8193932383912866e-05
Orbitrap,56.378196,56.378196,6,4,4,1,4,313.2122,313.2122,313.2122,4.8193932383912866e-05
Orbitrap,56.405715,56.405715,6,4,4,1,4,376.0381,376.0381,376.0381,4.8193932383912866e-05
Orbitrap,56.544966,56.544966,6,4,4,1,4,314.1387,314.1387,314.1387,4.8193932383912866e-05
Orbitrap,56.555316,56.555316,6,4,4,1,4,314.1962,314.1962,314.1962,4.8193932383912866e-05
Orbitrap,56.661376,56.661376,6,4,4,2,4,354.1336,354.1336,354.1336,4.8193932383912866e-05
Orbitrap,56.697354,56.697354,6,4,4,1,4,314.9853,314.9853,314.9853,4.8193932383912866e-05
Orbitrap,56.72673,56.72673,5,4,4,1,4,315.1485,315.1485,315.1485,4.8193932383912866e-05
Orbitrap,56.832256,56.832256,6,4,4,2,4,355.2016,355.2016,355.2016,4.8193932383912866e-05
Orbitrap,56.883405,56.883405,6,4,4,1,4,379.2227,379.2227,379.2227,4.8193932383912866e-05
Orbitrap,56.899368,56.899368,6,4,4,1,4,316.1076,316.1076,316.1076,4.8193932383912866e-05
Orbitrap,56.91159,56.91159,5,4,4,1,4,316.1755,316.1755,316.1755,4.8193932383912866e-05
Orbitrap,57.027987,57.027987,6,4,4,1,4,300.1473,300.1473,300.1473,4.8193932383912866e-05
Orbitrap,57.034295,57.034295,6,4,4,1,4,300.1805,300.1805,300.1805,4.8193932383912866e-05
Orbitrap,57.03720200000001,57.03720200000001,14,4,4,1,4,300.1958,300.1958,300.1958,4.8193932383912866e-05
Orbitrap,57.31224,57.31224,5,4,4,1,4,382.0816,382.0816,382.0816,4.8193932383912866e-05
Orbitrap,57.315103,57.315103,6,4,4,1,4,249.1961,249.1961,249.1961,4.8193932383912866e-05
Orbitrap,57.433176,57.433176,6,4,4,1,4,319.0732,319.0732,319.0732,4.8193932383912866e-05
Orbitrap,57.5138,57.5138,4,4,4,1,4,230.0552,230.0552,230.0552,4.8193932383912866e-05
Orbitrap,57.532132,57.532132,6,4,4,1,4,821.8876,821.8876,821.8876,4.8193932383912866e-05
Orbitrap,57.61236,57.61236,5,4,4,1,4,384.0824,384.0824,384.0824,4.8193932383912866e-05
Orbitrap,57.798288,57.798288,6,4,4,1,4,321.1016,321.1016,321.1016,4.8193932383912866e-05
Orbitrap,57.803994,57.803994,6,4,4,1,4,321.1333,321.1333,321.1333,4.8193932383912866e-05
Orbitrap,57.819114,57.819114,6,4,4,1,4,321.2173,321.2173,321.2173,4.8193932383912866e-05
Orbitrap,57.861072,57.861072,6,4,4,1,4,482.1756,482.1756,482.1756,4.8193932383912866e-05
Orbitrap,57.870865,57.870865,6,4,4,1,4,445.1605,445.1605,445.1605,4.8193932383912866e-05
Orbitrap,57.94241400000001,57.94241400000001,14,4,4,1,4,321.9023,321.9023,321.9023,4.8193932383912866e-05
Orbitrap,57.973986,57.973986,6,4,4,1,4,322.0777,322.0777,322.0777,4.8193932383912866e-05
Orbitrap,58.030875,58.030875,6,4,4,1,4,644.7875,644.7875,644.7875,4.8193932383912866e-05
Orbitrap,58.03502,58.03502,5,4,4,1,4,290.1751,290.1751,290.1751,4.8193932383912866e-05
Orbitrap,58.166299,58.166299,6,4,4,1,4,342.1547,342.1547,342.1547,4.8193932383912866e-05
Orbitrap,58.20570000000001,58.20570000000001,14,4,4,1,4,388.038,388.038,388.038,4.8193932383912866e-05
Orbitrap,58.20936,58.20936,5,4,4,1,4,291.0468,291.0468,291.0468,4.8193932383912866e-05
Orbitrap,58.215885,58.215885,6,4,4,1,4,388.1059,388.1059,388.1059,4.8193932383912866e-05
Orbitrap,58.21965,58.21965,5,4,4,1,4,388.131,388.131,388.131,4.8193932383912866e-05
Orbitrap,58.37439,58.37439,5,4,4,1,4,389.1626,389.1626,389.1626,4.8193932383912866e-05
Orbitrap,58.433662000000005,58.433662000000005,15,4,4,1,4,254.0594,254.0594,254.0594,4.8193932383912866e-05
Orbitrap,58.513224,58.513224,6,4,4,1,4,835.9032,835.9032,835.9032,4.8193932383912866e-05
Orbitrap,58.51626,58.51626,5,4,4,1,4,390.1084,390.1084,390.1084,4.8193932383912866e-05
Orbitrap,58.519661,58.519661,6,4,4,1,4,344.2333,344.2333,344.2333,4.8193932383912866e-05
Orbitrap,58.525532,58.525532,6,4,4,1,4,225.0982,225.0982,225.0982,4.8193932383912866e-05
Orbitrap,58.530798,58.530798,6,4,4,1,4,325.1711,325.1711,325.1711,4.8193932383912866e-05
Orbitrap,58.62722599999999,58.62722599999999,14,4,4,1,4,837.5318,837.5318,837.5318,4.8193932383912866e-05
Orbitrap,58.664996,58.664996,6,4,4,1,4,255.0652,255.0652,255.0652,4.8193932383912866e-05
Orbitrap,58.884678,58.884678,6,4,4,1,4,327.1371,327.1371,327.1371,4.8193932383912866e-05
Orbitrap,58.9765,58.9765,4,4,4,1,4,268.075,268.075,268.075,4.8193932383912866e-05
Orbitrap,59.054238,59.054238,6,4,4,1,4,328.0791,328.0791,328.0791,4.8193932383912866e-05
Orbitrap,59.22441,59.22441,5,4,4,1,4,329.0245,329.0245,329.0245,4.8193932383912866e-05
Orbitrap,59.22934,59.22934,5,4,4,1,4,296.1467,296.1467,296.1467,4.8193932383912866e-05
Orbitrap,59.262195,59.262195,6,4,4,1,4,395.0813,395.0813,395.0813,4.8193932383912866e-05
Orbitrap,59.414472,59.414472,6,4,4,1,4,330.0804,330.0804,330.0804,4.8193932383912866e-05
Orbitrap,59.42466,59.42466,5,4,4,1,4,330.137,330.137,330.137,4.8193932383912866e-05
Orbitrap,59.434398,59.434398,6,4,4,2,4,330.1911,330.1911,330.1911,4.8193932383912866e-05
Orbitrap,59.81435200000001,59.81435200000001,14,4,4,1,4,230.0552,230.0552,230.0552,4.8193932383912866e-05
Orbitrap,59.953124,59.953124,6,4,4,1,4,428.2366,428.2366,428.2366,4.8193932383912866e-05
Orbitrap,59.953138,59.953138,6,4,4,1,4,428.2367,428.2367,428.2367,4.8193932383912866e-05
Orbitrap,60.02945999999999,60.02945999999999,14,4,4,1,4,300.1473,300.1473,300.1473,4.8193932383912866e-05
Orbitrap,60.0361,60.0361,4,4,4,1,4,300.1805,300.1805,300.1805,4.8193932383912866e-05
Orbitrap,60.03916,60.03916,5,4,4,1,4,300.1958,300.1958,300.1958,4.8193932383912866e-05
Orbitrap,60.073345,60.073345,6,4,4,1,4,316.1755,316.1755,316.1755,4.8193932383912866e-05
Orbitrap,60.186525,60.186525,6,4,4,1,4,401.2435,401.2435,401.2435,4.8193932383912866e-05
Orbitrap,60.202712,60.202712,6,4,4,2,4,354.1336,354.1336,354.1336,4.8193932383912866e-05
Orbitrap,60.384272,60.384272,6,4,4,2,4,355.2016,355.2016,355.2016,4.8193932383912866e-05
Orbitrap,60.618615,60.618615,6,4,4,1,4,404.1241,404.1241,404.1241,4.8193932383912866e-05
Orbitrap,60.745488,60.745488,6,4,4,1,4,357.3264,357.3264,357.3264,4.8193932383912866e-05
Orbitrap,60.9108,60.9108,4,4,4,1,4,406.072,406.072,406.072,4.8193932383912866e-05
Orbitrap,60.936771,60.936771,6,4,4,1,4,290.1751,290.1751,290.1751,4.8193932383912866e-05
Orbitrap,60.974256,60.974256,6,4,4,1,4,254.0594,254.0594,254.0594,4.8193932383912866e-05
Orbitrap,61.055313000000005,61.055313000000005,15,4,4,1,4,359.1489,359.1489,359.1489,4.8193932383912866e-05
Orbitrap,61.119828,61.119828,6,4,4,1,4,291.0468,291.0468,291.0468,4.8193932383912866e-05
Orbitrap,61.218810000000005,61.218810000000005,15,4,4,1,4,408.1254,408.1254,408.1254,4.8193932383912866e-05
Orbitrap,61.40417000000001,61.40417000000001,14,4,4,2,4,361.201,361.201,361.201,4.8193932383912866e-05
Orbitrap,61.587846,61.587846,6,4,4,1,4,342.1547,342.1547,342.1547,4.8193932383912866e-05
Orbitrap,61.65725,61.65725,5,4,4,1,4,268.075,268.075,268.075,4.8193932383912866e-05
Orbitrap,61.666215,61.666215,6,4,4,1,4,411.1081,411.1081,411.1081,4.8193932383912866e-05
Orbitrap,61.747182,61.747182,6,4,4,1,4,343.0399,343.0399,343.0399,4.8193932383912866e-05
Orbitrap,61.961994,61.961994,6,4,4,1,4,344.2333,344.2333,344.2333,4.8193932383912866e-05
Orbitrap,61.970362,61.970362,6,4,4,1,4,326.1598,326.1598,326.1598,4.8193932383912866e-05
Orbitrap,62.190807,62.190807,6,4,4,1,4,296.1467,296.1467,296.1467,4.8193932383912866e-05
Orbitrap,62.32247,62.32247,5,4,4,1,4,445.1605,445.1605,445.1605,4.8193932383912866e-05
Orbitrap,62.452845,62.452845,6,4,4,1,4,416.3523,416.3523,416.3523,4.8193932383912866e-05
Orbitrap,62.736309,62.736309,6,4,4,2,4,330.1911,330.1911,330.1911,4.8193932383912866e-05
Orbitrap,62.77285,62.77285,5,4,4,1,4,251.0914,251.0914,251.0914,4.8193932383912866e-05
Orbitrap,62.870055,62.870055,6,4,4,1,4,419.1337,419.1337,419.1337,4.8193932383912866e-05
Orbitrap,62.988048,62.988048,6,4,4,1,4,349.9336,349.9336,349.9336,4.8193932383912866e-05
Orbitrap,63.037905,63.037905,6,4,4,1,4,300.1805,300.1805,300.1805,4.8193932383912866e-05
Orbitrap,63.041118,63.041118,6,4,4,1,4,300.1958,300.1958,300.1958,4.8193932383912866e-05
Orbitrap,63.142665,63.142665,6,4,4,1,4,420.9511,420.9511,420.9511,4.8193932383912866e-05
Orbitrap,63.2351,63.2351,4,4,4,1,4,316.1755,316.1755,316.1755,4.8193932383912866e-05
Orbitrap,63.51485,63.51485,5,4,4,1,4,254.0594,254.0594,254.0594,4.8193932383912866e-05
Orbitrap,63.55645200000001,63.55645200000001,14,4,4,1,4,353.0914,353.0914,353.0914,4.8193932383912866e-05
Orbitrap,63.744048,63.744048,6,4,4,2,4,354.1336,354.1336,354.1336,4.8193932383912866e-05
Orbitrap,63.77295,63.77295,5,4,4,1,4,425.153,425.153,425.153,4.8193932383912866e-05
Orbitrap,63.778065,63.778065,6,4,4,1,4,425.1871,425.1871,425.1871,4.8193932383912866e-05
Orbitrap,63.874295,63.874295,6,4,4,2,4,336.1805,336.1805,336.1805,4.8193932383912866e-05
Orbitrap,63.936288,63.936288,6,4,4,2,4,355.2016,355.2016,355.2016,4.8193932383912866e-05
Orbitrap,64.030296,64.030296,6,4,4,1,4,291.0468,291.0468,291.0468,4.8193932383912866e-05
Orbitrap,64.156848,64.156848,6,4,4,1,4,916.5264,916.5264,916.5264,4.8193932383912866e-05
Orbitrap,64.23549,64.23549,5,4,4,1,4,428.2366,428.2366,428.2366,4.8193932383912866e-05
Orbitrap,64.235505,64.235505,6,4,4,1,4,428.2367,428.2367,428.2367,4.8193932383912866e-05
Orbitrap,64.338,64.338,3,4,4,1,4,268.075,268.075,268.075,4.8193932383912866e-05
Orbitrap,64.385955,64.385955,6,4,4,1,4,429.2397,429.2397,429.2397,4.8193932383912866e-05
Orbitrap,64.64943,64.64943,5,4,4,1,4,359.1635,359.1635,359.1635,4.8193932383912866e-05
Orbitrap,64.660245,64.660245,6,4,4,1,4,431.0683,431.0683,431.0683,4.8193932383912866e-05
Orbitrap,64.80963,64.80963,5,4,4,1,4,432.0642,432.0642,432.0642,4.8193932383912866e-05
Orbitrap,64.9188,64.9188,4,4,4,1,4,721.32,721.32,721.32,4.8193932383912866e-05
Orbitrap,65.118449,65.118449,6,4,4,1,4,383.0497,383.0497,383.0497,4.8193932383912866e-05
Orbitrap,65.152274,65.152274,6,4,4,1,4,296.1467,296.1467,296.1467,4.8193932383912866e-05
Orbitrap,65.180772,65.180772,6,4,4,1,4,362.1154,362.1154,362.1154,4.8193932383912866e-05
Orbitrap,65.23196,65.23196,5,4,4,1,4,326.1598,326.1598,326.1598,4.8193932383912866e-05
Orbitrap,65.404327,65.404327,6,4,4,1,4,344.2333,344.2333,344.2333,4.8193932383912866e-05
Orbitrap,65.435145,65.435145,6,4,4,1,4,436.2343,436.2343,436.2343,4.8193932383912866e-05
Orbitrap,65.533266,65.533266,6,4,4,1,4,364.0737,364.0737,364.0737,4.8193932383912866e-05
Orbitrap,65.914398,65.914398,6,4,4,1,4,366.1911,366.1911,366.1911,4.8193932383912866e-05
Orbitrap,66.032406,66.032406,6,4,4,1,4,300.1473,300.1473,300.1473,4.8193932383912866e-05
Orbitrap,66.03822,66.03822,5,4,4,2,4,330.1911,330.1911,330.1911,4.8193932383912866e-05
Orbitrap,66.043076,66.043076,6,4,4,1,4,300.1958,300.1958,300.1958,4.8193932383912866e-05
Orbitrap,66.05544400000001,66.05544400000001,14,4,4,1,4,254.0594,254.0594,254.0594,4.8193932383912866e-05
Orbitrap,66.102165,66.102165,6,4,4,1,4,734.4685,734.4685,734.4685,4.8193932383912866e-05
Orbitrap,66.17505,66.17505,5,4,4,1,4,441.167,441.167,441.167,4.8193932383912866e-05
Orbitrap,66.276662,66.276662,6,4,4,1,4,288.1594,288.1594,288.1594,4.8193932383912866e-05
Orbitrap,66.396855,66.396855,6,4,4,1,4,316.1755,316.1755,316.1755,4.8193932383912866e-05
Orbitrap,66.459114,66.459114,6,4,4,1,4,369.2173,369.2173,369.2173,4.8193932383912866e-05
Orbitrap,66.619815,66.619815,6,4,4,1,4,444.1321,444.1321,444.1321,4.8193932383912866e-05
Orbitrap,66.63231,66.63231,5,4,4,1,4,370.1795,370.1795,370.1795,4.8193932383912866e-05
Orbitrap,66.748035,66.748035,6,4,4,1,4,444.9869,444.9869,444.9869,4.8193932383912866e-05
Orbitrap,66.774075,66.774075,6,4,4,1,4,445.1605,445.1605,445.1605,4.8193932383912866e-05
Orbitrap,66.876528,66.876528,6,4,4,1,4,557.3044,557.3044,557.3044,4.8193932383912866e-05
Orbitrap,66.90528,66.90528,5,4,4,1,4,446.0352,446.0352,446.0352,4.8193932383912866e-05
Orbitrap,66.94076400000002,66.94076400000002,14,4,4,1,4,291.0468,291.0468,291.0468,4.8193932383912866e-05
Orbitrap,67.01875,67.01875,5,4,4,1,4,268.075,268.075,268.075,4.8193932383912866e-05
Orbitrap,67.061392,67.061392,6,4,4,1,4,419.1337,419.1337,419.1337,4.8193932383912866e-05
Orbitrap,67.111236,67.111236,6,4,4,1,4,559.2603,559.2603,559.2603,4.8193932383912866e-05
Orbitrap,67.23610000000001,67.23610000000001,14,4,4,2,4,336.1805,336.1805,336.1805,4.8193932383912866e-05
Orbitrap,67.28538400000001,67.28538400000001,14,4,4,2,4,354.1336,354.1336,354.1336,4.8193932383912866e-05
Orbitrap,67.36357799999999,67.36357799999999,14,4,4,1,4,748.4842,748.4842,748.4842,4.8193932383912866e-05
Orbitrap,67.456422,67.456422,6,4,4,1,4,749.5158,749.5158,749.5158,4.8193932383912866e-05
Orbitrap,67.488304,67.488304,6,4,4,2,4,355.2016,355.2016,355.2016,4.8193932383912866e-05
Orbitrap,67.68685799999999,67.68685799999999,14,4,4,1,4,376.0381,376.0381,376.0381,4.8193932383912866e-05
Orbitrap,67.967805,67.967805,6,4,4,1,4,453.1187,453.1187,453.1187,4.8193932383912866e-05
Orbitrap,68.113741,68.113741,6,4,4,1,4,296.1467,296.1467,296.1467,4.8193932383912866e-05
Orbitrap,68.260086,68.260086,6,4,4,1,4,379.2227,379.2227,379.2227,4.8193932383912866e-05
Orbitrap,68.29356,68.29356,5,4,4,1,4,455.2904,455.2904,455.2904,4.8193932383912866e-05
Orbitrap,68.49355800000001,68.49355800000001,14,4,4,1,4,326.1598,326.1598,326.1598,4.8193932383912866e-05
Orbitrap,68.517856,68.517856,6,4,4,1,4,428.2366,428.2366,428.2366,4.8193932383912866e-05
Orbitrap,68.62819,68.62819,5,4,4,2,4,361.201,361.201,361.201,4.8193932383912866e-05
Orbitrap,68.774688,68.774688,6,4,4,1,4,382.0816,382.0816,382.0816,4.8193932383912866e-05
Orbitrap,68.84666,68.84666,5,4,4,1,4,344.2333,344.2333,344.2333,4.8193932383912866e-05
Orbitrap,68.94894599999999,68.94894599999999,14,4,4,1,4,383.0497,383.0497,383.0497,4.8193932383912866e-05
Orbitrap,69.045034,69.045034,6,4,4,1,4,300.1958,300.1958,300.1958,4.8193932383912866e-05
Orbitrap,69.13483199999999,69.13483199999999,14,4,4,1,4,384.0824,384.0824,384.0824,4.8193932383912866e-05
Orbitrap,69.340131,69.340131,6,4,4,2,4,330.1911,330.1911,330.1911,4.8193932383912866e-05
Orbitrap,69.57630900000001,69.57630900000001,14,4,4,1,4,366.1911,366.1911,366.1911,4.8193932383912866e-05
Orbitrap,69.68892,69.68892,5,4,4,1,4,995.556,995.556,995.556,4.8193932383912866e-05
Orbitrap,69.6995,69.6995,4,4,4,1,4,268.075,268.075,268.075,4.8193932383912866e-05
Orbitrap,69.84684,69.84684,5,4,4,1,4,388.038,388.038,388.038,4.8193932383912866e-05
Orbitrap,69.85123200000001,69.85123200000001,14,4,4,1,4,291.0468,291.0468,291.0468,4.8193932383912866e-05
Orbitrap,69.85906200000001,69.85906200000001,14,4,4,1,4,388.1059,388.1059,388.1059,4.8193932383912866e-05
Orbitrap,69.86358,69.86358,5,4,4,1,4,388.131,388.131,388.131,4.8193932383912866e-05
Orbitrap,70.597905,70.597905,6,4,4,2,4,336.1805,336.1805,336.1805,4.8193932383912866e-05
Orbitrap,70.779891,70.779891,6,4,4,1,4,416.3523,416.3523,416.3523,4.8193932383912866e-05
Orbitrap,70.82672,70.82672,5,4,4,2,4,354.1336,354.1336,354.1336,4.8193932383912866e-05
Orbitrap,71.04032,71.04032,5,4,4,2,4,355.2016,355.2016,355.2016,4.8193932383912866e-05
Orbitrap,71.075208,71.075208,6,4,4,1,4,296.1467,296.1467,296.1467,4.8193932383912866e-05
Orbitrap,71.11463400000001,71.11463400000001,14,4,4,1,4,395.0813,395.0813,395.0813,4.8193932383912866e-05
Orbitrap,71.22568000000001,71.22568000000001,14,4,4,1,4,445.1605,445.1605,445.1605,4.8193932383912866e-05
Orbitrap,71.26893,71.26893,5,4,4,1,4,791.877,791.877,791.877,4.8193932383912866e-05
Orbitrap,72.035352,72.035352,6,4,4,1,4,300.1473,300.1473,300.1473,4.8193932383912866e-05
Orbitrap,72.046992,72.046992,6,4,4,1,4,300.1958,300.1958,300.1958,4.8193932383912866e-05
Orbitrap,72.140112,72.140112,6,4,4,2,4,267.1856,267.1856,267.1856,4.8193932383912866e-05
Orbitrap,72.22383,72.22383,5,4,4,1,4,401.2435,401.2435,401.2435,4.8193932383912866e-05
Orbitrap,72.288993,72.288993,6,4,4,1,4,344.2333,344.2333,344.2333,4.8193932383912866e-05
Orbitrap,72.32634,72.32634,5,4,4,1,4,482.1756,482.1756,482.1756,4.8193932383912866e-05
Orbitrap,72.7617,72.7617,4,4,4,1,4,291.0468,291.0468,291.0468,4.8193932383912866e-05
Orbitrap,72.779443,72.779443,6,4,4,1,4,383.0497,383.0497,383.0497,4.8193932383912866e-05
Orbitrap,72.800222,72.800222,6,4,4,1,4,428.2366,428.2366,428.2366,4.8193932383912866e-05
Orbitrap,73.09296,73.09296,5,4,4,1,4,406.072,406.072,406.072,4.8193932383912866e-05
Orbitrap,73.113684,73.113684,6,4,4,1,4,609.2807,609.2807,609.2807,4.8193932383912866e-05
Orbitrap,73.462572,73.462572,6,4,4,1,4,408.1254,408.1254,408.1254,4.8193932383912866e-05
Orbitrap,73.77322799999999,73.77322799999999,14,4,4,1,4,614.7769,614.7769,614.7769,4.8193932383912866e-05
Orbitrap,73.96988400000001,73.96988400000001,14,4,4,1,4,821.8876,821.8876,821.8876,4.8193932383912866e-05
Orbitrap,74.036675,74.036675,6,4,4,1,4,296.1467,296.1467,296.1467,4.8193932383912866e-05
Orbitrap,74.368056,74.368056,6,4,4,2,4,354.1336,354.1336,354.1336,4.8193932383912866e-05
Orbitrap,74.59233599999999,74.59233599999999,14,4,4,2,4,355.2016,355.2016,355.2016,4.8193932383912866e-05
Orbitrap,74.81196800000001,74.81196800000001,14,4,4,2,4,267.1856,267.1856,267.1856,4.8193932383912866e-05
Orbitrap,75.04895,75.04895,5,4,4,1,4,300.1958,300.1958,300.1958,4.8193932383912866e-05
Orbitrap,75.231288,75.231288,6,4,4,1,4,835.9032,835.9032,835.9032,4.8193932383912866e-05
Orbitrap,75.377862,75.377862,6,4,4,1,4,837.5318,837.5318,837.5318,4.8193932383912866e-05
Orbitrap,75.421269,75.421269,6,4,4,1,4,359.1489,359.1489,359.1489,4.8193932383912866e-05
Orbitrap,75.672168,75.672168,6,4,4,1,4,291.0468,291.0468,291.0468,4.8193932383912866e-05
Orbitrap,75.677285,75.677285,6,4,4,1,4,445.1605,445.1605,445.1605,4.8193932383912866e-05
Orbitrap,75.731326,75.731326,6,4,4,1,4,344.2333,344.2333,344.2333,4.8193932383912866e-05
Orbitrap,75.771198,75.771198,6,4,4,1,4,420.9511,420.9511,420.9511,4.8193932383912866e-05
Orbitrap,75.85221,75.85221,5,4,4,2,4,361.201,361.201,361.201,4.8193932383912866e-05
Orbitrap,76.52754,76.52754,5,4,4,1,4,425.153,425.153,425.153,4.8193932383912866e-05
Orbitrap,76.60994,76.60994,5,4,4,1,4,383.0497,383.0497,383.0497,4.8193932383912866e-05
Orbitrap,76.90013099999999,76.90013099999999,14,4,4,1,4,366.1911,366.1911,366.1911,4.8193932383912866e-05
Orbitrap,76.998142,76.998142,6,4,4,1,4,296.1467,296.1467,296.1467,4.8193932383912866e-05
Orbitrap,77.082588,77.082588,6,4,4,1,4,428.2366,428.2366,428.2366,4.8193932383912866e-05
Orbitrap,77.259564,77.259564,6,4,4,2,4,858.4396,858.4396,858.4396,4.8193932383912866e-05
Orbitrap,77.263146,77.263146,6,4,4,1,4,429.2397,429.2397,429.2397,4.8193932383912866e-05
Orbitrap,77.28662999999999,77.28662999999999,14,4,4,1,4,515.2442,515.2442,515.2442,4.8193932383912866e-05
Orbitrap,77.3745,77.3745,4,4,4,1,4,644.7875,644.7875,644.7875,4.8193932383912866e-05
Orbitrap,77.48382400000001,77.48382400000001,14,4,4,2,4,267.1856,267.1856,267.1856,4.8193932383912866e-05
Orbitrap,77.59229400000001,77.59229400000001,14,4,4,1,4,431.0683,431.0683,431.0683,4.8193932383912866e-05
Orbitrap,77.77155600000002,77.77155600000002,14,4,4,1,4,432.0642,432.0642,432.0642,4.8193932383912866e-05
Orbitrap,78.050908,78.050908,6,4,4,1,4,300.1958,300.1958,300.1958,4.8193932383912866e-05
Orbitrap,78.52217399999999,78.52217399999999,14,4,4,1,4,436.2343,436.2343,436.2343,4.8193932383912866e-05
Orbitrap,79.943778,79.943778,6,4,4,1,4,444.1321,444.1321,444.1321,4.8193932383912866e-05
Orbitrap,80.097642,80.097642,6,4,4,1,4,444.9869,444.9869,444.9869,4.8193932383912866e-05
Orbitrap,80.12889,80.12889,5,4,4,1,4,445.1605,445.1605,445.1605,4.8193932383912866e-05
Orbitrap,80.15568,80.15568,5,4,4,2,4,267.1856,267.1856,267.1856,4.8193932383912866e-05
Orbitrap,80.28633599999999,80.28633599999999,14,4,4,1,4,446.0352,446.0352,446.0352,4.8193932383912866e-05
Orbitrap,80.44043699999999,80.44043699999999,14,4,4,1,4,383.0497,383.0497,383.0497,4.8193932383912866e-05
Orbitrap,81.364954,81.364954,6,4,4,1,4,428.2366,428.2366,428.2366,4.8193932383912866e-05
Orbitrap,81.56136599999999,81.56136599999999,14,4,4,1,4,453.1187,453.1187,453.1187,4.8193932383912866e-05
Orbitrap,82.185072,82.185072,6,4,4,1,4,357.3264,357.3264,357.3264,4.8193932383912866e-05
Orbitrap,82.487376,82.487376,6,4,4,1,4,916.5264,916.5264,916.5264,4.8193932383912866e-05
Orbitrap,82.61599199999999,82.61599199999999,14,4,4,1,4,344.2333,344.2333,344.2333,4.8193932383912866e-05
Orbitrap,82.82753600000001,82.82753600000001,14,4,4,2,4,267.1856,267.1856,267.1856,4.8193932383912866e-05
Orbitrap,83.07623000000001,83.07623000000001,14,4,4,1,4,361.201,361.201,361.201,4.8193932383912866e-05
Orbitrap,83.59566000000001,83.59566000000001,14,4,4,1,4,557.3044,557.3044,557.3044,4.8193932383912866e-05
Orbitrap,83.889045,83.889045,6,4,4,1,4,559.2603,559.2603,559.2603,4.8193932383912866e-05
Orbitrap,84.270934,84.270934,6,4,4,1,4,383.0497,383.0497,383.0497,4.8193932383912866e-05
Orbitrap,84.52212,84.52212,5,4,4,2,4,352.1755,352.1755,352.1755,4.8193932383912866e-05
Orbitrap,84.580495,84.580495,6,4,4,1,4,445.1605,445.1605,445.1605,4.8193932383912866e-05
Orbitrap,85.0,85,0,4,4,2,4,116.07061,117.078435,118.08626,4.8193932383912866e-05
Orbitrap,85.499392,85.499392,6,4,4,2,4,267.1856,267.1856,267.1856,4.8193932383912866e-05
Orbitrap,85.64732000000001,85.64732000000001,14,4,4,1,4,428.2366,428.2366,428.2366,4.8193932383912866e-05
Orbitrap,86.058325,86.058325,6,4,4,1,4,344.2333,344.2333,344.2333,4.8193932383912866e-05
Orbitrap,86.5584,86.5584,4,4,4,1,4,721.32,721.32,721.32,4.8193932383912866e-05
Orbitrap,86.791608,86.791608,6,4,4,1,4,482.1756,482.1756,482.1756,4.8193932383912866e-05
Orbitrap,87.21864500000001,87.21864500000001,14,4,4,1,4,379.2115,379.2115,379.2115,4.8193932383912866e-05
Orbitrap,88.10143099999999,88.10143099999999,14,4,4,1,4,383.0497,383.0497,383.0497,4.8193932383912866e-05
Orbitrap,88.171248,88.171248,6,4,4,2,4,267.1856,267.1856,267.1856,4.8193932383912866e-05
Orbitrap,89.0321,89.0321,4,4,4,1,4,445.1605,445.1605,445.1605,4.8193932383912866e-05
Orbitrap,89.500658,89.500658,6,4,4,1,4,344.2333,344.2333,344.2333,4.8193932383912866e-05
Orbitrap,89.787225,89.787225,6,4,4,1,4,359.1489,359.1489,359.1489,4.8193932383912866e-05
Orbitrap,89.81810399999999,89.81810399999999,14,4,4,1,4,748.4842,748.4842,748.4842,4.8193932383912866e-05
Orbitrap,89.929686,89.929686,6,4,4,1,4,428.2366,428.2366,428.2366,4.8193932383912866e-05
Orbitrap,89.94189600000001,89.94189600000001,14,4,4,1,4,749.5158,749.5158,749.5158,4.8193932383912866e-05
Orbitrap,90.843104,90.843104,6,4,4,2,4,267.1856,267.1856,267.1856,4.8193932383912866e-05
Orbitrap,91.39210500000002,91.39210500000002,14,4,4,1,4,609.2807,609.2807,609.2807,4.8193932383912866e-05
Orbitrap,91.931928,91.931928,6,4,4,1,4,383.0497,383.0497,383.0497,4.8193932383912866e-05
Orbitrap,92.216535,92.216535,6,4,4,1,4,614.7769,614.7769,614.7769,4.8193932383912866e-05
Orbitrap,93.483705,93.483705,6,4,4,1,4,445.1605,445.1605,445.1605,4.8193932383912866e-05
Orbitrap,93.51496,93.51496,5,4,4,2,4,267.1856,267.1856,267.1856,4.8193932383912866e-05
Orbitrap,94.212052,94.212052,6,4,4,1,4,428.2366,428.2366,428.2366,4.8193932383912866e-05
Orbitrap,95.02524,95.02524,5,4,4,1,4,791.877,791.877,791.877,4.8193932383912866e-05
Orbitrap,95.762425,95.762425,6,4,4,1,4,383.0497,383.0497,383.0497,4.8193932383912866e-05
Orbitrap,96.186816,96.186816,6,4,4,2,4,267.1856,267.1856,267.1856,4.8193932383912866e-05
Orbitrap,96.718125,96.718125,6,4,4,1,4,644.7875,644.7875,644.7875,4.8193932383912866e-05
Orbitrap,97.93531,97.93531,5,4,4,1,4,445.1605,445.1605,445.1605,4.8193932383912866e-05
Orbitrap,98.494418,98.494418,6,4,4,1,4,428.2366,428.2366,428.2366,4.8193932383912866e-05
Orbitrap,98.626512,98.626512,6,4,4,1,4,821.8876,821.8876,821.8876,4.8193932383912866e-05
Orbitrap,98.858672,98.858672,6,4,4,2,4,267.1856,267.1856,267.1856,4.8193932383912866e-05
Orbitrap,100.308384,100.308384,6,4,4,1,4,835.9032,835.9032,835.9032,4.8193932383912866e-05
Orbitrap,100.314792,100.314792,6,4,4,1,4,557.3044,557.3044,557.3044,4.8193932383912866e-05
Orbitrap,100.503816,100.503816,6,4,4,1,4,837.5318,837.5318,837.5318,4.8193932383912866e-05
Orbitrap,100.666854,100.666854,6,4,4,1,4,559.2603,559.2603,559.2603,4.8193932383912866e-05
Orbitrap,102.386915,102.386915,6,4,4,1,4,445.1605,445.1605,445.1605,4.8193932383912866e-05
Orbitrap,102.776784,102.776784,6,4,4,1,4,428.2366,428.2366,428.2366,4.8193932383912866e-05
Orbitrap,103.012752,103.012752,6,4,4,2,4,858.4396,858.4396,858.4396,4.8193932383912866e-05
Orbitrap,106.83852,106.83852,5,4,4,1,4,445.1605,445.1605,445.1605,4.8193932383912866e-05
Orbitrap,107.05915,107.05915,5,4,4,1,4,428.2366,428.2366,428.2366,4.8193932383912866e-05
Orbitrap,108.198,108.198,3,4,4,1,4,721.32,721.32,721.32,4.8193932383912866e-05
Orbitrap,109.670526,109.670526,6,4,4,1,4,609.2807,609.2807,609.2807,4.8193932383912866e-05
Orbitrap,109.983168,109.983168,6,4,4,1,4,916.5264,916.5264,916.5264,4.8193932383912866e-05
Orbitrap,110.65984199999998,110.65984199999998,14,4,4,1,4,614.7769,614.7769,614.7769,4.8193932383912866e-05
Orbitrap,111.290125,111.290125,6,4,4,1,4,445.1605,445.1605,445.1605,4.8193932383912866e-05
Orbitrap,111.341516,111.341516,6,4,4,1,4,428.2366,428.2366,428.2366,4.8193932383912866e-05
Orbitrap,112.27263,112.27263,5,4,4,1,4,748.4842,748.4842,748.4842,4.8193932383912866e-05
Orbitrap,112.42737,112.42737,5,4,4,1,4,749.5158,749.5158,749.5158,4.8193932383912866e-05
Orbitrap,115.74173,115.74173,5,4,4,1,4,445.1605,445.1605,445.1605,4.8193932383912866e-05
Orbitrap,116.06175,116.06175,5,4,4,1,4,644.7875,644.7875,644.7875,4.8193932383912866e-05
Orbitrap,118.78154999999998,118.78154999999998,14,4,4,1,4,791.877,791.877,791.877,4.8193932383912866e-05
Orbitrap,123.28314,123.28314,5,4,4,1,4,821.8876,821.8876,821.8876,4.8193932383912866e-05
Orbitrap,125.38548,125.38548,5,4,4,1,4,835.9032,835.9032,835.9032,4.8193932383912866e-05
Orbitrap,125.62977,125.62977,5,4,4,1,4,837.5318,837.5318,837.5318,4.8193932383912866e-05
Orbitrap,128.76594,128.76594,5,4,4,2,4,858.4396,858.4396,858.4396,4.8193932383912866e-05
Orbitrap,129.8376,129.8376,4,4,4,1,4,721.32,721.32,721.32,4.8193932383912866e-05
Orbitrap,134.72715599999998,134.72715599999998,14,4,4,1,4,748.4842,748.4842,748.4842,4.8193932383912866e-05
Orbitrap,134.912844,134.912844,6,4,4,1,4,749.5158,749.5158,749.5158,4.8193932383912866e-05
Orbitrap,137.47896,137.47896,5,4,4,1,4,916.5264,916.5264,916.5264,4.8193932383912866e-05
Orbitrap,150.462576,150.462576,6,4,4,1,4,835.9032,835.9032,835.9032,4.8193932383912866e-05
Orbitrap,150.755724,150.755724,6,4,4,1,4,837.5318,837.5318,837.5318,4.8193932383912866e-05
Orbitrap,154.519128,154.519128,6,4,4,2,4,858.4396,858.4396,858.4396,4.8193932383912866e-05
Orbitrap,164.974752,164.974752,6,4,4,1,4,916.5264,916.5264,916.5264,4.8193932383912866e-05
Orbitrap,206.025504,206.025504,6,4,4,2,4,858.4396,858.4396,858.4396,4.8193932383912866e-05
Orbitrap,257.53188,257.53188,5,4,4,2,4,858.4396,858.4396,858.4396,4.8193932383912866e-05
Orbitrap,309.038256,309.038256,6,4,4,2,4,858.4396,858.4396,858.4396,4.8193932383912866e-05
Orbitrap,5.50300199,5.50300199,8,3,3,2,3,110.0600398,110.0600398,110.0600398,3.614544928793465e-05
Orbitrap,5.674794,5.674794,6,3,3,1,3,189.1598,189.1598,189.1598,3.614544928793465e-05
Orbitrap,6.15325924,6.15325924,8,3,3,1,3,123.0651848,123.0651848,123.0651848,3.614544928793465e-05
Orbitrap,6.21414,6.21414,5,3,3,1,3,207.138,207.138,207.138,3.614544928793465e-05
Orbitrap,6.35251017,6.35251017,8,3,3,2,3,127.0502034,127.0502034,127.0502034,3.614544928793465e-05
Orbitrap,6.603579000000001,6.603579000000001,15,3,3,1,3,220.1193,220.1193,220.1193,3.614544928793465e-05
Orbitrap,6.702239185000001,6.702239185000001,15,3,3,1,3,134.0447837,134.0447837,134.0447837,3.614544928793465e-05
Orbitrap,6.952510169999999,6.952510169999999,15,3,3,1,3,139.0502034,139.0502034,139.0502034,3.614544928793465e-05
Orbitrap,7.056507000000001,7.056507000000001,15,3,3,1,3,235.2169,235.2169,235.2169,3.614544928793465e-05
Orbitrap,7.22402,7.22402,5,3,3,2,3,361.201,361.201,361.201,3.614544928793465e-05
Orbitrap,7.355640185,7.355640185,9,3,3,1,3,147.1128037,147.1128037,147.1128037,3.614544928793465e-05
Orbitrap,7.58423,7.58423,5,3,3,1,3,379.2115,379.2115,379.2115,3.614544928793465e-05
Orbitrap,7.804935,7.804935,6,3,3,1,3,260.1645,260.1645,260.1645,3.614544928793465e-05
Orbitrap,7.830699000000001,7.830699000000001,15,3,3,1,3,261.0233,261.0233,261.0233,3.614544928793465e-05
Orbitrap,8.004840965,8.004840965,9,3,3,2,3,160.0968193,160.0968193,160.0968193,3.614544928793465e-05
Orbitrap,8.3256504,8.3256504,7,3,3,3,3,104.07063,104.07063,104.07063,3.614544928793465e-05
Orbitrap,8.352817575000001,8.352817575000001,15,3,3,2,3,167.0563515,167.0563515,167.0563515,3.614544928793465e-05
Orbitrap,8.883387,8.883387,6,3,3,2,3,296.1129,296.1129,296.1129,3.614544928793465e-05
Orbitrap,8.970038,8.970038,6,3,3,1,3,128.1434,128.1434,128.1434,3.614544928793465e-05
Orbitrap,9.003275960000002,9.003275960000002,15,3,3,1,3,180.0655192,180.0655192,180.0655192,3.614544928793465e-05
Orbitrap,9.052476735,9.052476735,9,3,3,1,3,181.0495347,181.0495347,181.0495347,3.614544928793465e-05
Orbitrap,9.053533205,9.053533205,9,3,3,2,3,181.0706641,181.0706641,181.0706641,3.614544928793465e-05
Orbitrap,9.10405846,9.10405846,8,3,3,1,3,182.0811692,182.0811692,182.0811692,3.614544928793465e-05
Orbitrap,9.152563305,9.152563305,9,3,3,1,3,183.0512661,183.0512661,183.0512661,3.614544928793465e-05
Orbitrap,9.4469024,9.4469024,7,3,3,3,3,118.08628,118.08628,118.08628,3.614544928793465e-05
Orbitrap,9.57462,9.57462,5,3,3,1,3,319.154,319.154,319.154,3.614544928793465e-05
Orbitrap,10.30405846,10.30405846,8,3,3,2,3,206.0811692,206.0811692,206.0811692,3.614544928793465e-05
Orbitrap,10.304065,10.304065,6,3,3,3,3,206.0813,206.0813,206.0813,3.614544928793465e-05
Orbitrap,10.45642269,10.45642269,8,3,3,1,3,209.1284538,209.1284538,209.1284538,3.614544928793465e-05
Orbitrap,10.565243199999998,10.565243199999998,15,3,3,3,3,132.06553999999997,132.06553999999997,132.06553999999997,3.614544928793465e-05
Orbitrap,10.5681544,10.5681544,7,3,3,3,3,132.10192999999998,132.10192999999998,132.10192999999998,3.614544928793465e-05
Orbitrap,10.60640597,10.60640597,8,3,3,1,3,212.1281194,212.1281194,212.1281194,3.614544928793465e-05
Orbitrap,10.927056,10.927056,6,3,3,1,3,182.1176,182.1176,182.1176,3.614544928793465e-05
Orbitrap,11.153735195,11.153735195,9,3,3,1,3,223.0747039,223.0747039,223.0747039,3.614544928793465e-05
Orbitrap,11.32616,11.32616,5,3,3,1,3,283.154,283.154,283.154,3.614544928793465e-05
Orbitrap,11.60589743,11.60589743,8,3,3,1,3,232.1179486,232.1179486,232.1179486,3.614544928793465e-05
Orbitrap,11.647056,11.647056,6,3,3,3,3,194.1176,194.1176,194.1176,3.614544928793465e-05
Orbitrap,11.766432,11.766432,6,3,3,1,3,147.0804,147.0804,147.0804,3.614544928793465e-05
Orbitrap,11.82504,11.82504,5,3,3,1,3,197.084,197.084,197.084,3.614544928793465e-05
Orbitrap,11.8448368,11.8448368,7,3,3,3,3,148.06046,148.06046,148.06046,3.614544928793465e-05
Orbitrap,12.007970975,12.007970975,9,3,3,1,3,240.1594195,240.1594195,240.1594195,3.614544928793465e-05
Orbitrap,12.283248000000002,12.283248000000002,15,3,3,1,3,307.0812,307.0812,307.0812,3.614544928793465e-05
Orbitrap,12.355385915,12.355385915,9,3,3,2,3,247.1077183,247.1077183,247.1077183,3.614544928793465e-05
Orbitrap,12.743374,12.743374,6,3,3,1,3,182.0482,182.0482,182.0482,3.614544928793465e-05
Orbitrap,12.76616,12.76616,5,3,3,1,3,319.154,319.154,319.154,3.614544928793465e-05
Orbitrap,12.905404999999998,12.905404999999998,15,3,3,3,3,258.1081,258.1081,258.1081,3.614544928793465e-05
Orbitrap,13.09273,13.09273,5,3,3,1,3,187.039,187.039,187.039,3.614544928793465e-05
Orbitrap,13.115346,13.115346,6,3,0,1,0,437.1782,437.1782,437.1782,3.614544928793465e-05
Orbitrap,13.141043999999996,13.141043999999996,15,3,3,1,3,146.0116,146.0116,146.0116,3.614544928793465e-05
Orbitrap,13.322574,13.322574,6,3,3,1,3,222.0429,222.0429,222.0429,3.614544928793465e-05
Orbitrap,13.445502,13.445502,6,3,3,2,3,224.0917,224.0917,224.0917,3.614544928793465e-05
Orbitrap,13.79588,13.79588,5,3,3,1,3,197.084,197.084,197.084,3.614544928793465e-05
Orbitrap,14.095774,14.095774,6,3,3,1,3,128.1434,128.1434,128.1434,3.614544928793465e-05
Orbitrap,14.1577,14.1577,4,3,3,1,3,283.154,283.154,283.154,3.614544928793465e-05
Orbitrap,14.163157814999998,14.163157814999998,15,3,3,2,3,283.2631563,283.2631563,283.2631563,3.614544928793465e-05
Orbitrap,14.322712,14.322712,6,3,3,1,3,179.0339,179.0339,179.0339,3.614544928793465e-05
Orbitrap,14.325624,14.325624,6,3,3,1,3,179.0703,179.0703,179.0703,3.614544928793465e-05
Orbitrap,14.4857624,14.4857624,7,3,3,3,3,181.07203,181.07203,181.07203,3.614544928793465e-05
Orbitrap,14.646907199999998,14.646907199999998,15,3,3,1,3,183.08634,183.08634,183.08634,3.614544928793465e-05
Orbitrap,14.70804,14.70804,5,3,3,1,3,147.0804,147.0804,147.0804,3.614544928793465e-05
Orbitrap,14.9057,14.9057,4,3,3,3,3,298.114,298.114,298.114,3.614544928793465e-05
Orbitrap,14.963119999999998,14.963119999999998,15,3,3,1,3,187.039,187.039,187.039,3.614544928793465e-05
Orbitrap,15.128176000000002,15.128176000000002,15,3,3,1,3,189.1022,189.1022,189.1022,3.614544928793465e-05
Orbitrap,15.16846,15.16846,5,3,3,1,3,379.2115,379.2115,379.2115,3.614544928793465e-05
Orbitrap,15.910318485,15.910318485,9,3,3,1,3,318.2063697,318.2063697,318.2063697,3.614544928793465e-05
Orbitrap,16.109209999999997,16.109209999999997,15,3,3,2,3,161.0921,161.0921,161.0921,3.614544928793465e-05
Orbitrap,16.113051,16.113051,6,3,3,1,3,179.0339,179.0339,179.0339,3.614544928793465e-05
Orbitrap,16.116327000000002,16.116327000000002,15,3,3,1,3,179.0703,179.0703,179.0703,3.614544928793465e-05
Orbitrap,16.311701,16.311701,6,3,3,1,3,233.0243,233.0243,233.0243,3.614544928793465e-05
Orbitrap,16.349415,16.349415,6,3,3,1,3,544.9805,544.9805,544.9805,3.614544928793465e-05
Orbitrap,16.60863,16.60863,5,3,3,2,3,166.0863,166.0863,166.0863,3.614544928793465e-05
Orbitrap,16.658642000000004,16.658642000000004,15,3,3,1,3,128.1434,128.1434,128.1434,3.614544928793465e-05
Orbitrap,16.902610590000002,16.902610590000002,15,3,3,1,3,338.0522118,338.0522118,338.0522118,3.614544928793465e-05
Orbitrap,16.945915,16.945915,6,3,3,1,3,242.0845,242.0845,242.0845,3.614544928793465e-05
Orbitrap,17.576398,17.576398,6,3,3,1,3,251.0914,251.0914,251.0914,3.614544928793465e-05
Orbitrap,17.60706,17.60706,5,3,3,1,3,176.0706,176.0706,176.0706,3.614544928793465e-05
Orbitrap,17.64861,17.64861,5,3,3,1,3,252.123,252.123,252.123,3.614544928793465e-05
Orbitrap,17.737560000000002,17.737560000000002,15,3,3,1,3,197.084,197.084,197.084,3.614544928793465e-05
Orbitrap,17.766774,17.766774,6,3,3,2,3,296.1129,296.1129,296.1129,3.614544928793465e-05
Orbitrap,17.790038,17.790038,6,3,3,1,3,254.1434,254.1434,254.1434,3.614544928793465e-05
Orbitrap,18.047756,18.047756,6,3,0,1,0,451.1939,451.1939,451.1939,3.614544928793465e-05
Orbitrap,18.271631000000003,18.271631000000003,15,3,3,1,3,261.0233,261.0233,261.0233,3.614544928793465e-05
Orbitrap,18.40852,18.40852,5,3,3,1,3,368.1704,368.1704,368.1704,3.614544928793465e-05
Orbitrap,18.443307,18.443307,6,3,3,1,3,614.7769,614.7769,614.7769,3.614544928793465e-05
Orbitrap,18.554417,18.554417,6,3,3,1,3,265.0631,265.0631,265.0631,3.614544928793465e-05
Orbitrap,18.821565,18.821565,6,3,3,2,3,209.1285,209.1285,209.1285,3.614544928793465e-05
Orbitrap,19.14924,19.14924,5,3,3,1,3,319.154,319.154,319.154,3.614544928793465e-05
Orbitrap,19.285464,19.285464,6,3,0,1,0,241.0683,241.0683,241.0683,3.614544928793465e-05
Orbitrap,19.3249,19.3249,4,3,3,1,3,276.07,276.07,276.07,3.614544928793465e-05
Orbitrap,19.628226,19.628226,6,3,3,1,3,327.1371,327.1371,327.1371,3.614544928793465e-05
Orbitrap,19.725687,19.725687,6,3,3,1,3,219.1743,219.1743,219.1743,3.614544928793465e-05
Orbitrap,20.032936000000003,20.032936000000003,15,3,3,1,3,182.1176,182.1176,182.1176,3.614544928793465e-05
Orbitrap,20.41019,20.41019,5,3,3,1,3,204.1019,204.1019,204.1019,3.614544928793465e-05
Orbitrap,21.31022,21.31022,5,3,3,1,3,213.1022,213.1022,213.1022,3.614544928793465e-05
Orbitrap,21.451408000000004,21.451408000000004,15,3,3,1,3,134.0713,134.0713,134.0713,3.614544928793465e-05
Orbitrap,21.715155,21.715155,6,3,3,1,3,310.2165,310.2165,310.2165,3.614544928793465e-05
Orbitrap,21.91743,21.91743,5,3,3,1,3,219.1743,219.1743,219.1743,3.614544928793465e-05
Orbitrap,22.50982,22.50982,5,3,3,1,3,225.0982,225.0982,225.0982,3.614544928793465e-05
Orbitrap,22.533161,22.533161,6,3,3,1,3,321.9023,321.9023,321.9023,3.614544928793465e-05
Orbitrap,22.545439,22.545439,6,3,3,1,3,322.0777,322.0777,322.0777,3.614544928793465e-05
Orbitrap,22.598226,22.598226,6,3,3,1,3,251.0914,251.0914,251.0914,3.614544928793465e-05
Orbitrap,22.65232,22.65232,5,3,3,1,3,283.154,283.154,283.154,3.614544928793465e-05
Orbitrap,22.75269,22.75269,5,3,3,1,3,379.2115,379.2115,379.2115,3.614544928793465e-05
Orbitrap,22.891504,22.891504,6,3,3,1,3,286.1438,286.1438,286.1438,3.614544928793465e-05
Orbitrap,23.17105,23.17105,5,3,3,1,3,331.015,331.015,331.015,3.614544928793465e-05
Orbitrap,23.21332,23.21332,5,3,3,1,3,232.1332,232.1332,232.1332,3.614544928793465e-05
Orbitrap,23.274407,23.274407,6,3,3,1,3,179.0339,179.0339,179.0339,3.614544928793465e-05
Orbitrap,23.294112,23.294112,6,3,3,3,3,194.1176,194.1176,194.1176,3.614544928793465e-05
Orbitrap,23.532504,23.532504,6,3,3,1,3,784.4168,784.4168,784.4168,3.614544928793465e-05
Orbitrap,23.675288,23.675288,6,3,3,1,3,182.1176,182.1176,182.1176,3.614544928793465e-05
Orbitrap,23.875445,23.875445,6,3,3,1,3,217.0495,217.0495,217.0495,3.614544928793465e-05
Orbitrap,24.10683,24.10683,5,3,0,1,0,241.0683,241.0683,241.0683,3.614544928793465e-05
Orbitrap,24.215456025,24.215456025,9,3,3,1,3,484.3091205,484.3091205,484.3091205,3.614544928793465e-05
Orbitrap,24.566496000000004,24.566496000000004,15,3,3,1,3,307.0812,307.0812,307.0812,3.614544928793465e-05
Orbitrap,24.760802,24.760802,6,3,3,1,3,225.0982,225.0982,225.0982,3.614544928793465e-05
Orbitrap,24.975984,24.975984,6,3,3,3,3,208.1332,208.1332,208.1332,3.614544928793465e-05
Orbitrap,25.09542,25.09542,5,3,3,2,3,209.1285,209.1285,209.1285,3.614544928793465e-05
Orbitrap,25.48386,25.48386,5,3,3,1,3,283.154,283.154,283.154,3.614544928793465e-05
Orbitrap,25.511226,25.511226,6,3,3,1,3,425.1871,425.1871,425.1871,3.614544928793465e-05
Orbitrap,25.53232,25.53232,5,3,3,1,3,319.154,319.154,319.154,3.614544928793465e-05
Orbitrap,25.572264000000004,25.572264000000004,15,3,3,1,3,213.1022,213.1022,213.1022,3.614544928793465e-05
Orbitrap,25.845211000000003,25.845211000000003,15,3,3,1,3,369.2173,369.2173,369.2173,3.614544928793465e-05
Orbitrap,25.934346,25.934346,6,3,3,1,3,288.1594,288.1594,288.1594,3.614544928793465e-05
Orbitrap,26.016449999999995,26.016449999999995,15,3,3,1,3,260.1645,260.1645,260.1645,3.614544928793465e-05
Orbitrap,26.04594,26.04594,5,3,3,1,3,217.0495,217.0495,217.0495,3.614544928793465e-05
Orbitrap,26.650161000000004,26.650161000000004,15,3,3,2,3,296.1129,296.1129,296.1129,3.614544928793465e-05
Orbitrap,27.011784,27.011784,6,3,3,1,3,225.0982,225.0982,225.0982,3.614544928793465e-05
Orbitrap,27.10601,27.10601,5,3,3,2,3,271.0601,271.0601,271.0601,3.614544928793465e-05
Orbitrap,27.4498808,27.4498808,7,3,3,2,3,343.12351,343.12351,343.12351,3.614544928793465e-05
Orbitrap,27.620054,27.620054,6,3,3,1,3,251.0914,251.0914,251.0914,3.614544928793465e-05
Orbitrap,27.637308,27.637308,6,3,3,1,3,307.0812,307.0812,307.0812,3.614544928793465e-05
Orbitrap,28.586112,28.586112,6,3,3,1,3,357.3264,357.3264,357.3264,3.614544928793465e-05
Orbitrap,28.61438,28.61438,5,3,3,1,3,286.1438,286.1438,286.1438,3.614544928793465e-05
Orbitrap,28.81594,28.81594,5,3,3,1,3,288.1594,288.1594,288.1594,3.614544928793465e-05
Orbitrap,29.339359,29.339359,6,3,3,1,3,419.1337,419.1337,419.1337,3.614544928793465e-05
Orbitrap,29.466577,29.466577,6,3,3,1,3,420.9511,420.9511,420.9511,3.614544928793465e-05
Orbitrap,29.562600000000003,29.562600000000003,15,3,3,1,3,197.084,197.084,197.084,3.614544928793465e-05
Orbitrap,29.763097,29.763097,6,3,3,1,3,425.1871,425.1871,425.1871,3.614544928793465e-05
Orbitrap,29.834308,29.834308,6,3,3,1,3,213.1022,213.1022,213.1022,3.614544928793465e-05
Orbitrap,30.33692,30.33692,5,3,3,1,3,379.2115,379.2115,379.2115,3.614544928793465e-05
Orbitrap,31.322796000000004,31.322796000000004,15,3,3,1,3,261.0233,261.0233,261.0233,3.614544928793465e-05
Orbitrap,31.369275,31.369275,6,3,3,2,3,209.1285,209.1285,209.1285,3.614544928793465e-05
Orbitrap,31.376672,31.376672,6,3,3,1,3,784.4168,784.4168,784.4168,3.614544928793465e-05
Orbitrap,32.312764475,32.312764475,9,3,3,1,3,646.2552895,646.2552895,646.2552895,3.614544928793465e-05
Orbitrap,32.323401000000004,32.323401000000004,15,3,3,1,3,359.1489,359.1489,359.1489,3.614544928793465e-05
Orbitrap,33.530696,33.530696,6,3,3,1,3,419.1337,419.1337,419.1337,3.614544928793465e-05
Orbitrap,34.096352,34.096352,6,3,3,1,3,213.1022,213.1022,213.1022,3.614544928793465e-05
Orbitrap,34.941168000000005,34.941168000000005,15,3,3,3,3,194.1176,194.1176,194.1176,3.614544928793465e-05
Orbitrap,35.91489,35.91489,5,3,3,1,3,359.1489,359.1489,359.1489,3.614544928793465e-05
Orbitrap,37.64313,37.64313,5,3,3,2,3,209.1285,209.1285,209.1285,3.614544928793465e-05
Orbitrap,37.885599,37.885599,6,3,3,1,3,420.9511,420.9511,420.9511,3.614544928793465e-05
Orbitrap,37.92115,37.92115,5,3,3,1,3,379.2115,379.2115,379.2115,3.614544928793465e-05
Orbitrap,38.266694,38.266694,6,3,3,1,3,225.0982,225.0982,225.0982,3.614544928793465e-05
Orbitrap,38.266839,38.266839,6,3,3,1,3,425.1871,425.1871,425.1871,3.614544928793465e-05
Orbitrap,38.29848,38.29848,5,3,3,1,3,319.154,319.154,319.154,3.614544928793465e-05
Orbitrap,38.62827600000001,38.62827600000001,14,3,3,1,3,321.9023,321.9023,321.9023,3.614544928793465e-05
Orbitrap,39.496758,39.496758,6,3,3,1,3,282.1197,282.1197,282.1197,3.614544928793465e-05
Orbitrap,40.060132,40.060132,6,3,3,1,3,286.1438,286.1438,286.1438,3.614544928793465e-05
Orbitrap,40.517676,40.517676,6,3,3,1,3,225.0982,225.0982,225.0982,3.614544928793465e-05
Orbitrap,42.020622,42.020622,6,3,3,1,3,300.1473,300.1473,300.1473,3.614544928793465e-05
Orbitrap,42.386688,42.386688,6,3,3,1,3,353.2224,353.2224,353.2224,3.614544928793465e-05
Orbitrap,42.685538,42.685538,6,3,3,1,3,251.0914,251.0914,251.0914,3.614544928793465e-05
Orbitrap,43.097868000000005,43.097868000000005,15,3,3,1,3,359.1489,359.1489,359.1489,3.614544928793465e-05
Orbitrap,44.69577,44.69577,5,3,3,1,3,297.9718,297.9718,297.9718,3.614544928793465e-05
Orbitrap,45.139152,45.139152,6,3,3,1,3,282.1197,282.1197,282.1197,3.614544928793465e-05
Orbitrap,45.783008,45.783008,6,3,3,1,3,286.1438,286.1438,286.1438,3.614544928793465e-05
Orbitrap,45.798753000000005,45.798753000000005,15,3,3,1,3,416.3523,416.3523,416.3523,3.614544928793465e-05
Orbitrap,46.104707,46.104707,6,3,3,1,3,419.1337,419.1337,419.1337,3.614544928793465e-05
Orbitrap,47.065008,47.065008,6,3,3,1,3,784.4168,784.4168,784.4168,3.614544928793465e-05
Orbitrap,48.285345,48.285345,6,3,3,1,3,321.9023,321.9023,321.9023,3.614544928793465e-05
Orbitrap,49.51644,49.51644,5,3,3,1,3,330.1096,330.1096,330.1096,3.614544928793465e-05
Orbitrap,49.521604,49.521604,6,3,3,1,3,225.0982,225.0982,225.0982,3.614544928793465e-05
Orbitrap,50.56814,50.56814,5,3,3,1,3,361.201,361.201,361.201,3.614544928793465e-05
Orbitrap,50.781546,50.781546,6,3,3,1,3,282.1197,282.1197,282.1197,3.614544928793465e-05
Orbitrap,51.022452,51.022452,6,3,3,1,3,425.1871,425.1871,425.1871,3.614544928793465e-05
Orbitrap,51.025041,51.025041,6,3,3,1,3,300.1473,300.1473,300.1473,3.614544928793465e-05
Orbitrap,51.52442,51.52442,5,3,3,1,3,515.2442,515.2442,515.2442,3.614544928793465e-05
Orbitrap,53.08961,53.08961,5,3,3,1,3,379.2115,379.2115,379.2115,3.614544928793465e-05
Orbitrap,54.48738099999999,54.48738099999999,14,3,3,1,3,419.1337,419.1337,419.1337,3.614544928793465e-05
Orbitrap,56.27455,56.27455,5,3,3,1,3,225.0982,225.0982,225.0982,3.614544928793465e-05
Orbitrap,57.79216,57.79216,5,3,3,1,3,361.201,361.201,361.201,3.614544928793465e-05
Orbitrap,59.5827,59.5827,4,3,3,1,3,331.015,331.015,331.015,3.614544928793465e-05
Orbitrap,60.67384,60.67384,5,3,3,1,3,379.2115,379.2115,379.2115,3.614544928793465e-05
Orbitrap,63.030933,63.030933,6,3,3,1,3,300.1473,300.1473,300.1473,3.614544928793465e-05
Orbitrap,65.01618,65.01618,5,3,3,1,3,361.201,361.201,361.201,3.614544928793465e-05
Orbitrap,68.25807,68.25807,5,3,3,1,3,379.2115,379.2115,379.2115,3.614544928793465e-05
Orbitrap,69.033879,69.033879,6,3,3,1,3,300.1473,300.1473,300.1473,3.614544928793465e-05
Orbitrap,69.368376,69.368376,6,3,3,1,3,990.9768,990.9768,990.9768,3.614544928793465e-05
Orbitrap,70.58672,70.58672,5,3,3,1,3,441.167,441.167,441.167,3.614544928793465e-05
Orbitrap,72.03985,72.03985,5,3,3,1,3,288.1594,288.1594,288.1594,3.614544928793465e-05
Orbitrap,75.036825,75.036825,6,3,3,1,3,300.1473,300.1473,300.1473,3.614544928793465e-05
Orbitrap,78.038298,78.038298,6,3,3,1,3,300.1473,300.1473,300.1473,3.614544928793465e-05
Orbitrap,79.173659,79.173659,6,3,3,1,3,344.2333,344.2333,344.2333,3.614544928793465e-05
Orbitrap,88.13622,88.13622,5,3,3,1,3,734.4685,734.4685,734.4685,3.614544928793465e-05
Orbitrap,91.981905,91.981905,6,3,3,1,3,613.2127,613.2127,613.2127,3.614544928793465e-05
Orbitrap,99.592922,99.592922,6,3,3,1,3,383.0497,383.0497,383.0497,3.614544928793465e-05
Orbitrap,2.051911,2.051911,6,2,2,1,2,205.1911,205.1911,205.1911,2.4096966191956433e-05
Orbitrap,2.300552,2.300552,6,2,2,1,2,230.0552,230.0552,230.0552,2.4096966191956433e-05
Orbitrap,2.540594,2.540594,6,2,2,1,2,254.0594,254.0594,254.0594,2.4096966191956433e-05
Orbitrap,2.600642,2.600642,6,2,2,1,2,130.0321,130.0321,130.0321,2.4096966191956433e-05
Orbitrap,2.6807510000000003,2.6807510000000003,16,2,2,1,2,268.0751,268.0751,268.0751,2.4096966191956433e-05
Orbitrap,2.7822340000000003,2.7822340000000003,16,2,2,1,2,139.1117,139.1117,139.1117,2.4096966191956433e-05
Orbitrap,2.941608,2.941608,6,2,2,1,2,147.0804,147.0804,147.0804,2.4096966191956433e-05
Orbitrap,3.001959,3.001959,6,2,2,1,2,300.1959,300.1959,300.1959,2.4096966191956433e-05
Orbitrap,3.002554,3.002554,6,2,2,1,2,150.1277,150.1277,150.1277,2.4096966191956433e-05
Orbitrap,3.002556,3.002556,6,2,2,1,2,150.1278,150.1278,150.1278,2.4096966191956433e-05
Orbitrap,3.2622340000000003,3.2622340000000003,16,2,2,1,2,163.1117,163.1117,163.1117,2.4096966191956433e-05
Orbitrap,3.26246,3.26246,5,2,2,1,2,163.123,163.123,163.123,2.4096966191956433e-05
Orbitrap,3.2626580000000005,3.2626580000000005,16,2,2,1,2,163.1329,163.1329,163.1329,2.4096966191956433e-05
Orbitrap,3.302242,3.302242,6,2,2,1,2,165.1121,165.1121,165.1121,2.4096966191956433e-05
Orbitrap,3.322452,3.322452,6,2,2,1,2,166.1226,166.1226,166.1226,2.4096966191956433e-05
Orbitrap,3.642352,3.642352,6,2,2,1,2,182.1176,182.1176,182.1176,2.4096966191956433e-05
Orbitrap,3.803784495499999,3.803784495499999,15,2,2,1,2,76.07568991,76.07568991,76.07568991,2.4096966191956433e-05
Orbitrap,3.830497,3.830497,6,2,2,1,2,383.0497,383.0497,383.0497,2.4096966191956433e-05
Orbitrap,3.8443020000000008,3.8443020000000008,16,2,2,1,2,128.1434,128.1434,128.1434,2.4096966191956433e-05
Orbitrap,3.871221,3.871221,6,2,2,1,2,129.0407,129.0407,129.0407,2.4096966191956433e-05
Orbitrap,3.900963000000001,3.900963000000001,15,2,2,1,2,130.0321,130.0321,130.0321,2.4096966191956433e-05
Orbitrap,4.0,4,0,2,2,1,2,343.1235,343.1235,343.1235,2.4096966191956433e-05
Orbitrap,4.022139,4.022139,6,2,2,1,2,134.0713,134.0713,134.0713,2.4096966191956433e-05
Orbitrap,4.173351,4.173351,6,2,2,1,2,139.1117,139.1117,139.1117,2.4096966191956433e-05
Orbitrap,4.182344,4.182344,6,2,2,1,2,209.1172,209.1172,209.1172,2.4096966191956433e-05
Orbitrap,4.232313,4.232313,6,2,2,1,2,141.0771,141.0771,141.0771,2.4096966191956433e-05
Orbitrap,4.261833,4.261833,6,2,2,1,2,142.0611,142.0611,142.0611,2.4096966191956433e-05
Orbitrap,4.291692,4.291692,6,2,2,1,2,143.0564,143.0564,143.0564,2.4096966191956433e-05
Orbitrap,4.38276,4.38276,5,2,2,1,2,219.138,219.138,219.138,2.4096966191956433e-05
Orbitrap,4.383486,4.383486,6,2,2,1,2,219.1743,219.1743,219.1743,2.4096966191956433e-05
Orbitrap,4.499325,4.499325,6,2,2,1,2,149.9775,149.9775,149.9775,2.4096966191956433e-05
Orbitrap,4.501964,4.501964,6,2,2,1,2,225.0982,225.0982,225.0982,2.4096966191956433e-05
Orbitrap,4.5027477235,4.5027477235,10,2,2,1,2,90.05495447,90.05495447,90.05495447,2.4096966191956433e-05
Orbitrap,4.502770000000001,4.502770000000001,15,2,2,2,2,90.0554,90.0554,90.0554,2.4096966191956433e-05
Orbitrap,4.503078,4.503078,6,2,2,1,2,150.1026,150.1026,150.1026,2.4096966191956433e-05
Orbitrap,4.5519485025,4.5519485025,10,2,2,1,2,91.03897005,91.03897005,91.03897005,2.4096966191956433e-05
Orbitrap,4.560495,4.560495,6,2,2,1,2,152.0165,152.0165,152.0165,2.4096966191956433e-05
Orbitrap,4.6630720000000005,4.6630720000000005,16,2,2,1,2,233.1536,233.1536,233.1536,2.4096966191956433e-05
Orbitrap,4.702658,4.702658,6,2,2,1,2,235.1329,235.1329,235.1329,2.4096966191956433e-05
Orbitrap,4.821366,4.821366,6,2,0,1,0,241.0683,241.0683,241.0683,2.4096966191956433e-05
Orbitrap,4.842046,4.842046,6,2,2,1,2,242.1023,242.1023,242.1023,2.4096966191956433e-05
Orbitrap,4.884542000000001,4.884542000000001,15,2,2,1,2,244.2271,244.2271,244.2271,2.4096966191956433e-05
Orbitrap,4.890942,4.890942,6,2,2,1,2,163.0314,163.0314,163.0314,2.4096966191956433e-05
Orbitrap,4.89117,4.89117,5,2,2,1,2,163.039,163.039,163.039,2.4096966191956433e-05
Orbitrap,4.893987,4.893987,6,2,2,1,2,163.1329,163.1329,163.1329,2.4096966191956433e-05
Orbitrap,4.9038,4.9038,4,2,2,2,2,245.19,245.19,245.19,2.4096966191956433e-05
Orbitrap,4.942658000000001,4.942658000000001,15,2,2,1,2,247.1329,247.1329,247.1329,2.4096966191956433e-05
Orbitrap,4.953363,4.953363,6,2,2,1,2,165.1121,165.1121,165.1121,2.4096966191956433e-05
Orbitrap,4.98297,4.98297,5,2,2,1,2,249.1485,249.1485,249.1485,2.4096966191956433e-05
Orbitrap,5.021827999999999,5.021827999999999,15,2,2,1,2,251.0914,251.0914,251.0914,2.4096966191956433e-05
Orbitrap,5.103108,5.103108,6,2,2,1,2,170.1036,170.1036,170.1036,2.4096966191956433e-05
Orbitrap,5.125736000000001,5.125736000000001,15,2,2,1,2,128.1434,128.1434,128.1434,2.4096966191956433e-05
Orbitrap,5.156148725,5.156148725,9,2,2,1,2,103.1229745,103.1229745,103.1229745,2.4096966191956433e-05
Orbitrap,5.191137,5.191137,6,2,2,1,2,173.0379,173.0379,173.0379,2.4096966191956433e-05
Orbitrap,5.201284,5.201284,6,2,2,1,2,130.0321,130.0321,130.0321,2.4096966191956433e-05
Orbitrap,5.203545,5.203545,6,2,2,2,2,104.0709,104.0709,104.0709,2.4096966191956433e-05
Orbitrap,5.253292675000001,5.253292675000001,15,2,2,1,2,105.0658535,105.0658535,105.0658535,2.4096966191956433e-05
Orbitrap,5.30431273,5.30431273,8,2,2,1,2,106.0862546,106.0862546,106.0862546,2.4096966191956433e-05
Orbitrap,5.31141,5.31141,5,2,2,1,2,177.047,177.047,177.047,2.4096966191956433e-05
Orbitrap,5.3615,5.3615,4,2,2,1,2,268.075,268.075,268.075,2.4096966191956433e-05
Orbitrap,5.371017,5.371017,6,2,2,1,2,179.0339,179.0339,179.0339,2.4096966191956433e-05
Orbitrap,5.372109,5.372109,6,2,2,1,2,179.0703,179.0703,179.0703,2.4096966191956433e-05
Orbitrap,5.373537,5.373537,6,2,2,1,2,179.1179,179.1179,179.1179,2.4096966191956433e-05
Orbitrap,5.403057,5.403057,6,2,2,2,2,180.1019,180.1019,180.1019,2.4096966191956433e-05
Orbitrap,5.421930000000001,5.421930000000001,15,2,2,1,2,271.0965,271.0965,271.0965,2.4096966191956433e-05
Orbitrap,5.501351275,5.501351275,9,2,2,1,2,110.0270255,110.0270255,110.0270255,2.4096966191956433e-05
Orbitrap,5.50301,5.50301,5,2,2,2,2,110.0602,110.0602,110.0602,2.4096966191956433e-05
Orbitrap,5.564468000000001,5.564468000000001,15,2,2,1,2,139.1117,139.1117,139.1117,2.4096966191956433e-05
Orbitrap,5.60252689,5.60252689,8,2,2,1,2,112.0505378,112.0505378,112.0505378,2.4096966191956433e-05
Orbitrap,5.604346165,5.604346165,9,2,2,1,2,112.0869233,112.0869233,112.0869233,2.4096966191956433e-05
Orbitrap,5.61117,5.61117,5,2,2,1,2,187.039,187.039,187.039,2.4096966191956433e-05
Orbitrap,5.642394,5.642394,6,2,2,1,2,282.1197,282.1197,282.1197,2.4096966191956433e-05
Orbitrap,5.642454,5.642454,6,2,2,1,2,188.0818,188.0818,188.0818,2.4096966191956433e-05
Orbitrap,5.652995,5.652995,6,2,2,2,2,113.0599,113.0599,113.0599,2.4096966191956433e-05
Orbitrap,5.673069000000001,5.673069000000001,15,2,2,1,2,189.1023,189.1023,189.1023,2.4096966191956433e-05
Orbitrap,5.752510170000001,5.752510170000001,15,2,2,2,2,115.0502034,115.0502034,115.0502034,2.4096966191956433e-05
Orbitrap,5.8209360000000006,5.8209360000000006,16,2,2,1,2,291.0468,291.0468,291.0468,2.4096966191956433e-05
Orbitrap,5.8235280000000005,5.8235280000000005,16,2,2,2,2,194.1176,194.1176,194.1176,2.4096966191956433e-05
Orbitrap,5.852631000000001,5.852631000000001,15,2,2,1,2,195.0877,195.0877,195.0877,2.4096966191956433e-05
Orbitrap,5.901605539999999,5.901605539999999,15,2,2,1,2,118.0321108,118.0321108,118.0321108,2.4096966191956433e-05
Orbitrap,5.923289999999999,5.923289999999999,15,2,2,1,2,296.1645,296.1645,296.1645,2.4096966191956433e-05
Orbitrap,5.944046999999999,5.944046999999999,15,2,2,1,2,198.1349,198.1349,198.1349,2.4096966191956433e-05
Orbitrap,5.9622914,5.9622914,7,2,2,1,2,298.11457,298.11457,298.11457,2.4096966191956433e-05
Orbitrap,5.97357,5.97357,5,2,2,1,2,199.119,199.119,199.119,2.4096966191956433e-05
Orbitrap,6.002946,6.002946,6,2,2,1,2,300.1473,300.1473,300.1473,2.4096966191956433e-05
Orbitrap,6.00328,6.00328,5,2,2,2,2,120.0656,120.0656,120.0656,2.4096966191956433e-05
Orbitrap,6.003916,6.003916,6,2,2,1,2,300.1958,300.1958,300.1958,2.4096966191956433e-05
Orbitrap,6.05325,6.05325,5,2,2,1,2,121.065,121.065,121.065,2.4096966191956433e-05
Orbitrap,6.083086,6.083086,6,2,2,1,2,304.1543,304.1543,304.1543,2.4096966191956433e-05
Orbitrap,6.092781,6.092781,6,2,2,1,2,203.0927,203.0927,203.0927,2.4096966191956433e-05
Orbitrap,6.15220277,6.15220277,8,2,2,1,2,123.0440554,123.0440554,123.0440554,2.4096966191956433e-05
Orbitrap,6.15221,6.15221,5,2,2,2,2,123.0442,123.0442,123.0442,2.4096966191956433e-05
Orbitrap,6.15276444,6.15276444,8,2,2,1,2,123.0552888,123.0552888,123.0552888,2.4096966191956433e-05
Orbitrap,6.243995999999999,6.243995999999999,15,2,2,2,2,208.1332,208.1332,208.1332,2.4096966191956433e-05
Orbitrap,6.273516,6.273516,6,2,2,1,2,209.1172,209.1172,209.1172,2.4096966191956433e-05
Orbitrap,6.303309395,6.303309395,9,2,2,1,2,126.0661879,126.0661879,126.0661879,2.4096966191956433e-05
Orbitrap,6.30512867,6.30512867,8,2,2,1,2,126.1025734,126.1025734,126.1025734,2.4096966191956433e-05
Orbitrap,6.351948505,6.351948505,9,2,2,2,2,127.0389701,127.0389701,127.0389701,2.4096966191956433e-05
Orbitrap,6.35195,6.35195,5,2,2,2,2,127.039,127.039,127.039,2.4096966191956433e-05
Orbitrap,6.393066000000001,6.393066000000001,15,2,2,1,2,213.1022,213.1022,213.1022,2.4096966191956433e-05
Orbitrap,6.407170000000001,6.407170000000001,15,2,2,1,2,128.1434,128.1434,128.1434,2.4096966191956433e-05
Orbitrap,6.422805,6.422805,6,2,2,1,2,214.0935,214.0935,214.0935,2.4096966191956433e-05
Orbitrap,6.423363,6.423363,6,2,2,1,2,214.1121,214.1121,214.1121,2.4096966191956433e-05
Orbitrap,6.453292675000001,6.453292675000001,15,2,2,1,2,129.0658535,129.0658535,129.0658535,2.4096966191956433e-05
Orbitrap,6.5016050000000005,6.5016050000000005,16,2,2,1,2,130.0321,130.0321,130.0321,2.4096966191956433e-05
Orbitrap,6.50431273,6.50431273,8,2,2,1,2,130.0862546,130.0862546,130.0862546,2.4096966191956433e-05
Orbitrap,6.505436070000001,6.505436070000001,15,2,2,1,2,130.1087214,130.1087214,130.1087214,2.4096966191956433e-05
Orbitrap,6.511485,6.511485,6,2,2,1,2,217.0495,217.0495,217.0495,2.4096966191956433e-05
Orbitrap,6.52492,6.52492,5,2,2,1,2,163.123,163.123,163.123,2.4096966191956433e-05
Orbitrap,6.525316000000001,6.525316000000001,15,2,2,1,2,163.1329,163.1329,163.1329,2.4096966191956433e-05
Orbitrap,6.555894455000001,6.555894455000001,15,2,2,1,2,131.1178891,131.1178891,131.1178891,2.4096966191956433e-05
Orbitrap,6.575228999999999,6.575228999999999,15,2,2,1,2,219.1743,219.1743,219.1743,2.4096966191956433e-05
Orbitrap,6.603839999999999,6.603839999999999,15,2,2,2,2,132.0768,132.0768,132.0768,2.4096966191956433e-05
Orbitrap,6.604484,6.604484,6,2,2,1,2,165.1121,165.1121,165.1121,2.4096966191956433e-05
Orbitrap,6.605090000000001,6.605090000000001,15,2,2,2,2,132.1018,132.1018,132.1018,2.4096966191956433e-05
Orbitrap,6.605095,6.605095,6,2,2,2,2,132.1019,132.1019,132.1019,2.4096966191956433e-05
Orbitrap,6.644904,6.644904,6,2,2,1,2,166.1226,166.1226,166.1226,2.4096966191956433e-05
Orbitrap,6.70300199,6.70300199,8,2,2,1,2,134.0600398,134.0600398,134.0600398,2.4096966191956433e-05
Orbitrap,6.722751000000001,6.722751000000001,15,2,2,2,2,224.0917,224.0917,224.0917,2.4096966191956433e-05
Orbitrap,6.80308856,6.80308856,8,2,2,1,2,136.0617712,136.0617712,136.0617712,2.4096966191956433e-05
Orbitrap,6.803785,6.803785,6,2,2,2,2,136.0757,136.0757,136.0757,2.4096966191956433e-05
Orbitrap,6.806156,6.806156,6,2,2,1,2,170.1539,170.1539,170.1539,2.4096966191956433e-05
Orbitrap,6.822768,6.822768,6,2,2,1,2,341.1384,341.1384,341.1384,2.4096966191956433e-05
Orbitrap,6.843400000000001,6.843400000000001,15,2,2,1,2,342.17,342.17,342.17,2.4096966191956433e-05
Orbitrap,6.853546944999999,6.853546944999999,15,2,2,1,2,137.0709389,137.0709389,137.0709389,2.4096966191956433e-05
Orbitrap,6.873669,6.873669,6,2,2,1,2,229.1223,229.1223,229.1223,2.4096966191956433e-05
Orbitrap,6.901608,6.901608,6,2,2,1,2,230.0536,230.0536,230.0536,2.4096966191956433e-05
Orbitrap,6.904559999999999,6.904559999999999,15,2,2,2,2,138.0912,138.0912,138.0912,2.4096966191956433e-05
Orbitrap,6.955585000000001,6.955585000000001,15,2,2,1,2,139.1117,139.1117,139.1117,2.4096966191956433e-05
Orbitrap,6.994608,6.994608,6,2,2,1,2,233.1536,233.1536,233.1536,2.4096966191956433e-05
Orbitrap,7.0017109500000005,7.0017109500000005,16,2,2,2,2,140.034219,140.034219,140.034219,2.4096966191956433e-05
Orbitrap,7.00340983,7.00340983,8,2,0,1,0,140.0681966,140.0681966,140.0681966,2.4096966191956433e-05
Orbitrap,7.053292675000001,7.053292675000001,15,2,2,1,2,141.0658535,141.0658535,141.0658535,2.4096966191956433e-05
Orbitrap,7.1048744,7.1048744,7,2,2,1,2,142.097488,142.097488,142.097488,2.4096966191956433e-05
Orbitrap,7.161356,7.161356,6,2,2,1,2,179.0339,179.0339,179.0339,2.4096966191956433e-05
Orbitrap,7.162812,7.162812,6,2,2,1,2,179.0703,179.0703,179.0703,2.4096966191956433e-05
Orbitrap,7.182978000000001,7.182978000000001,15,2,2,1,2,359.1489,359.1489,359.1489,2.4096966191956433e-05
Orbitrap,7.263069000000001,7.263069000000001,15,2,2,1,2,242.1023,242.1023,242.1023,2.4096966191956433e-05
Orbitrap,7.294476,7.294476,6,2,2,1,2,243.1492,243.1492,243.1492,2.4096966191956433e-05
Orbitrap,7.302989999999999,7.302989999999999,15,2,2,2,2,146.0598,146.0598,146.0598,2.4096966191956433e-05
Orbitrap,7.30405846,7.30405846,8,2,2,2,2,146.0811692,146.0811692,146.0811692,2.4096966191956433e-05
Orbitrap,7.304620130000001,7.304620130000001,15,2,2,1,2,146.0924026,146.0924026,146.0924026,2.4096966191956433e-05
Orbitrap,7.305877735,7.305877735,9,2,2,1,2,146.1175547,146.1175547,146.1175547,2.4096966191956433e-05
Orbitrap,7.30825868,7.30825868,8,2,2,1,2,146.1651736,146.1651736,146.1651736,2.4096966191956433e-05
Orbitrap,7.325784,7.325784,6,2,2,2,2,122.0964,122.0964,122.0964,2.4096966191956433e-05
Orbitrap,7.326813,7.326813,6,2,2,1,2,244.2271,244.2271,244.2271,2.4096966191956433e-05
Orbitrap,7.35220277,7.35220277,8,2,2,2,2,147.0440554,147.0440554,147.0440554,2.4096966191956433e-05
Orbitrap,7.354583715,7.354583715,9,2,2,1,2,147.0916743,147.0916743,147.0916743,2.4096966191956433e-05
Orbitrap,7.403784494999999,7.403784494999999,15,2,2,1,2,148.0756899,148.0756899,148.0756899,2.4096966191956433e-05
Orbitrap,7.413987,7.413987,6,2,2,1,2,247.1329,247.1329,247.1329,2.4096966191956433e-05
Orbitrap,7.481559999999999,7.481559999999999,15,2,2,1,2,187.039,187.039,187.039,2.4096966191956433e-05
Orbitrap,7.503871060000001,7.503871060000001,15,2,2,1,2,150.0774212,150.0774212,150.0774212,2.4096966191956433e-05
Orbitrap,7.506385,7.506385,6,2,2,1,2,150.1277,150.1277,150.1277,2.4096966191956433e-05
Orbitrap,7.564088000000001,7.564088000000001,15,2,2,1,2,189.1022,189.1022,189.1022,2.4096966191956433e-05
Orbitrap,7.603530225,7.603530225,9,2,2,1,2,152.0706045,152.0706045,152.0706045,2.4096966191956433e-05
Orbitrap,7.6053495,7.6053495,7,2,2,1,2,152.10699,152.10699,152.10699,2.4096966191956433e-05
Orbitrap,7.624302000000001,7.624302000000001,15,2,2,1,2,254.1434,254.1434,254.1434,2.4096966191956433e-05
Orbitrap,7.625253,7.625253,6,2,2,1,2,254.1751,254.1751,254.1751,2.4096966191956433e-05
Orbitrap,7.700842735,7.700842735,9,2,2,1,2,154.0168547,154.0168547,154.0168547,2.4096966191956433e-05
Orbitrap,7.742441999999999,7.742441999999999,15,2,2,1,2,129.0407,129.0407,129.0407,2.4096966191956433e-05
Orbitrap,7.75351351,7.75351351,8,2,2,1,2,155.0702702,155.0702702,155.0702702,2.4096966191956433e-05
Orbitrap,7.801926000000002,7.801926000000002,15,2,2,1,2,130.0321,130.0321,130.0321,2.4096966191956433e-05
Orbitrap,7.803834999999999,7.803834999999999,15,2,2,2,2,156.0767,156.0767,156.0767,2.4096966191956433e-05
Orbitrap,7.803837625,7.803837625,9,2,2,1,2,156.0767525,156.0767525,156.0767525,2.4096966191956433e-05
Orbitrap,7.85121913,7.85121913,8,2,2,2,2,157.0243826,157.0243826,157.0243826,2.4096966191956433e-05
Orbitrap,7.892742,7.892742,6,2,2,2,2,263.0914,263.0914,263.0914,2.4096966191956433e-05
Orbitrap,7.955733,7.955733,6,2,2,1,2,265.1911,265.1911,265.1911,2.4096966191956433e-05
Orbitrap,8.006660239999999,8.006660239999999,15,2,2,1,2,160.1332048,160.1332048,160.1332048,2.4096966191956433e-05
Orbitrap,8.014773000000002,8.014773000000002,15,2,2,2,2,267.1591,267.1591,267.1591,2.4096966191956433e-05
Orbitrap,8.054041745000001,8.054041745000001,15,2,2,2,2,161.0808349,161.0808349,161.0808349,2.4096966191956433e-05
Orbitrap,8.055366220000002,8.055366220000002,15,2,2,1,2,161.1073244,161.1073244,161.1073244,2.4096966191956433e-05
Orbitrap,8.083416,8.083416,6,2,2,2,2,202.0854,202.0854,202.0854,2.4096966191956433e-05
Orbitrap,8.131803,8.131803,6,2,2,1,2,271.0601,271.0601,271.0601,2.4096966191956433e-05
Orbitrap,8.133914999999998,8.133914999999998,15,2,0,1,0,271.1305,271.1305,271.1305,2.4096966191956433e-05
Orbitrap,8.15195,8.15195,5,2,2,1,2,163.039,163.039,163.039,2.4096966191956433e-05
Orbitrap,8.15376778,8.15376778,8,2,2,1,2,163.0753556,163.0753556,163.0753556,2.4096966191956433e-05
Orbitrap,8.166027,8.166027,6,2,2,1,2,272.2009,272.2009,272.2009,2.4096966191956433e-05
Orbitrap,8.24466,8.24466,5,2,2,1,2,412.233,412.233,412.233,2.4096966191956433e-05
Orbitrap,8.25455028,8.25455028,8,2,2,2,2,165.0910056,165.0910056,165.0910056,2.4096966191956433e-05
Orbitrap,8.255605,8.255605,6,2,2,1,2,165.1121,165.1121,165.1121,2.4096966191956433e-05
Orbitrap,8.282358,8.282358,6,2,2,1,2,276.0786,276.0786,276.0786,2.4096966191956433e-05
Orbitrap,8.302655000000001,8.302655000000001,15,2,2,1,2,166.0531,166.0531,166.0531,2.4096966191956433e-05
Orbitrap,8.306130000000001,8.306130000000001,15,2,2,1,2,166.1226,166.1226,166.1226,2.4096966191956433e-05
Orbitrap,8.346702,8.346702,6,2,2,1,2,139.1117,139.1117,139.1117,2.4096966191956433e-05
Orbitrap,8.35192966,8.35192966,8,2,2,1,2,167.0385932,167.0385932,167.0385932,2.4096966191956433e-05
Orbitrap,8.364688,8.364688,6,2,2,1,2,209.1172,209.1172,209.1172,2.4096966191956433e-05
Orbitrap,8.49462,8.49462,5,2,2,1,2,283.154,283.154,283.154,2.4096966191956433e-05
Orbitrap,8.503058799999998,8.503058799999998,15,2,2,1,2,170.061176,170.061176,170.061176,2.4096966191956433e-05
Orbitrap,8.50405846,8.50405846,8,2,2,2,2,170.0811692,170.0811692,170.0811692,2.4096966191956433e-05
Orbitrap,8.504620130000001,8.504620130000001,15,2,2,1,2,170.0924026,170.0924026,170.0924026,2.4096966191956433e-05
Orbitrap,8.507695,8.507695,6,2,2,1,2,170.1539,170.1539,170.1539,2.4096966191956433e-05
Orbitrap,8.522967000000001,8.522967000000001,15,2,2,1,2,284.0989,284.0989,284.0989,2.4096966191956433e-05
Orbitrap,8.523666,8.523666,6,2,2,1,2,142.0611,142.0611,142.0611,2.4096966191956433e-05
Orbitrap,8.551439965,8.551439965,9,2,2,2,2,171.0287993,171.0287993,171.0287993,2.4096966191956433e-05
Orbitrap,8.583384,8.583384,6,2,2,1,2,143.0564,143.0564,143.0564,2.4096966191956433e-05
Orbitrap,8.644782,8.644782,6,2,2,1,2,288.1594,288.1594,288.1594,2.4096966191956433e-05
Orbitrap,8.646464,8.646464,6,2,2,2,2,108.0808,108.0808,108.0808,2.4096966191956433e-05
Orbitrap,8.65104753,8.65104753,8,2,2,1,2,173.0209506,173.0209506,173.0209506,2.4096966191956433e-05
Orbitrap,8.68198,8.68198,5,2,2,1,2,217.0495,217.0495,217.0495,2.4096966191956433e-05
Orbitrap,8.702747725000002,8.702747725000002,15,2,2,2,2,174.0549545,174.0549545,174.0549545,2.4096966191956433e-05
Orbitrap,8.704161000000001,8.704161000000001,15,2,2,1,2,290.1387,290.1387,290.1387,2.4096966191956433e-05
Orbitrap,8.705623464999999,8.705623464999999,15,2,2,2,2,174.1124693,174.1124693,174.1124693,2.4096966191956433e-05
Orbitrap,8.736201000000001,8.736201000000001,15,2,2,1,2,291.2067,291.2067,291.2067,2.4096966191956433e-05
Orbitrap,8.754329445000002,8.754329445000002,15,2,2,1,2,175.0865889,175.0865889,175.0865889,2.4096966191956433e-05
Orbitrap,8.75539,8.75539,5,2,2,2,2,175.1078,175.1078,175.1078,2.4096966191956433e-05
Orbitrap,8.756148725,8.756148725,9,2,2,1,2,175.1229745,175.1229745,175.1229745,2.4096966191956433e-05
Orbitrap,8.792108999999998,8.792108999999998,15,2,2,1,2,293.0703,293.0703,293.0703,2.4096966191956433e-05
Orbitrap,8.85309154,8.85309154,8,2,2,1,2,177.0618308,177.0618308,177.0618308,2.4096966191956433e-05
Orbitrap,8.855711999999999,8.855711999999999,15,2,2,1,2,295.1904,295.1904,295.1904,2.4096966191956433e-05
Orbitrap,8.882100000000001,8.882100000000001,15,2,2,1,2,296.07,296.07,296.07,2.4096966191956433e-05
Orbitrap,8.884401,8.884401,6,2,2,1,2,296.1467,296.1467,296.1467,2.4096966191956433e-05
Orbitrap,8.884403999999998,8.884403999999998,15,2,2,1,2,296.1468,296.1468,296.1468,2.4096966191956433e-05
Orbitrap,8.884934999999999,8.884934999999999,15,2,2,1,2,296.1645,296.1645,296.1645,2.4096966191956433e-05
Orbitrap,8.903210000000001,8.903210000000001,15,2,2,1,2,445.1605,445.1605,445.1605,2.4096966191956433e-05
Orbitrap,8.951694999999999,8.951694999999999,15,2,2,1,2,179.0339,179.0339,179.0339,2.4096966191956433e-05
Orbitrap,8.953515,8.953515,6,2,2,1,2,179.0703,179.0703,179.0703,2.4096966191956433e-05
Orbitrap,9.006155999999999,9.006155999999999,15,2,2,1,2,150.1026,150.1026,150.1026,2.4096966191956433e-05
Orbitrap,9.033987000000002,9.033987000000002,15,2,2,1,2,301.1329,301.1329,301.1329,2.4096966191956433e-05
Orbitrap,9.053038405,9.053038405,9,2,2,1,2,181.0607681,181.0607681,181.0607681,2.4096966191956433e-05
Orbitrap,9.053206965,9.053206965,9,2,2,1,2,181.0641393,181.0641393,181.0641393,2.4096966191956433e-05
Orbitrap,9.102247000000002,9.102247000000002,15,2,2,1,2,130.0321,130.0321,130.0321,2.4096966191956433e-05
Orbitrap,9.10588,9.10588,5,2,2,1,2,182.1176,182.1176,182.1176,2.4096966191956433e-05
Orbitrap,9.12099,9.12099,5,2,2,1,2,152.0165,152.0165,152.0165,2.4096966191956433e-05
Orbitrap,9.127905,9.127905,6,2,2,1,2,304.2635,304.2635,304.2635,2.4096966191956433e-05
Orbitrap,9.15431571,9.15431571,8,2,2,1,2,183.0863142,183.0863142,183.0863142,2.4096966191956433e-05
Orbitrap,9.20302169,9.20302169,8,2,2,1,2,184.0604338,184.0604338,184.0604338,2.4096966191956433e-05
Orbitrap,9.204840965,9.204840965,9,2,2,2,2,184.0968193,184.0968193,184.0968193,2.4096966191956433e-05
Orbitrap,9.212436000000002,9.212436000000002,15,2,2,1,2,307.0812,307.0812,307.0812,2.4096966191956433e-05
Orbitrap,9.244572,9.244572,6,2,2,1,2,308.1524,308.1524,308.1524,2.4096966191956433e-05
Orbitrap,9.326144,9.326144,6,2,2,1,2,233.1536,233.1536,233.1536,2.4096966191956433e-05
Orbitrap,9.35195,9.35195,5,2,2,1,2,187.039,187.039,187.039,2.4096966191956433e-05
Orbitrap,9.403530225,9.403530225,9,2,2,1,2,188.0706045,188.0706045,188.0706045,2.4096966191956433e-05
Orbitrap,9.45261,9.45261,5,2,2,1,2,315.087,315.087,315.087,2.4096966191956433e-05
Orbitrap,9.454349145,9.454349145,9,2,2,1,2,189.0869829,189.0869829,189.0869829,2.4096966191956433e-05
Orbitrap,9.455115,9.455115,6,2,2,1,2,189.1023,189.1023,189.1023,2.4096966191956433e-05
Orbitrap,9.456165,9.456165,6,2,2,2,2,189.1233,189.1233,189.1233,2.4096966191956433e-05
Orbitrap,9.456175000000002,9.456175000000002,15,2,2,2,2,189.1235,189.1235,189.1235,2.4096966191956433e-05
Orbitrap,9.45673009,9.45673009,8,2,2,1,2,189.1346018,189.1346018,189.1346018,2.4096966191956433e-05
Orbitrap,9.482130000000002,9.482130000000002,15,2,2,1,2,316.071,316.071,316.071,2.4096966191956433e-05
Orbitrap,9.483228,9.483228,6,2,2,1,2,316.1076,316.1076,316.1076,2.4096966191956433e-05
Orbitrap,9.50593087,9.50593087,8,2,2,1,2,190.1186174,190.1186174,190.1186174,2.4096966191956433e-05
Orbitrap,9.51558,9.51558,5,2,2,1,2,317.186,317.186,317.186,2.4096966191956433e-05
Orbitrap,9.524326,9.524326,6,2,2,1,2,136.0618,136.0618,136.0618,2.4096966191956433e-05
Orbitrap,9.555131645,9.555131645,9,2,2,1,2,191.1026329,191.1026329,191.1026329,2.4096966191956433e-05
Orbitrap,9.604215,9.604215,6,2,2,1,2,320.1405,320.1405,320.1405,2.4096966191956433e-05
Orbitrap,9.6052432,9.6052432,7,2,2,1,2,120.06553999999998,120.06553999999998,120.06553999999998,2.4096966191956433e-05
Orbitrap,9.633048,9.633048,6,2,2,1,2,321.1016,321.1016,321.1016,2.4096966191956433e-05
Orbitrap,9.635091,9.635091,6,2,2,1,2,321.1697,321.1697,321.1697,2.4096966191956433e-05
Orbitrap,9.65171393,9.65171393,8,2,2,1,2,193.0342786,193.0342786,193.0342786,2.4096966191956433e-05
Orbitrap,9.684092,9.684092,6,2,2,1,2,242.1023,242.1023,242.1023,2.4096966191956433e-05
Orbitrap,9.695559,9.695559,6,2,2,1,2,323.1853,323.1853,323.1853,2.4096966191956433e-05
Orbitrap,9.70405846,9.70405846,8,2,2,2,2,194.0811692,194.0811692,194.0811692,2.4096966191956433e-05
Orbitrap,9.725968,9.725968,6,2,2,1,2,243.1492,243.1492,243.1492,2.4096966191956433e-05
Orbitrap,9.75325924,9.75325924,8,2,2,1,2,195.0651848,195.0651848,195.0651848,2.4096966191956433e-05
Orbitrap,9.75438258,9.75438258,8,2,2,1,2,195.0876516,195.0876516,195.0876516,2.4096966191956433e-05
Orbitrap,9.755133000000002,9.755133000000002,15,2,2,1,2,325.1711,325.1711,325.1711,2.4096966191956433e-05
Orbitrap,9.769084,9.769084,6,2,2,1,2,244.2271,244.2271,244.2271,2.4096966191956433e-05
Orbitrap,9.781884,9.781884,6,2,2,1,2,163.0314,163.0314,163.0314,2.4096966191956433e-05
Orbitrap,9.78234,9.78234,5,2,2,1,2,163.039,163.039,163.039,2.4096966191956433e-05
Orbitrap,9.784794,9.784794,6,2,2,1,2,326.1598,326.1598,326.1598,2.4096966191956433e-05
Orbitrap,9.804078155,9.804078155,9,2,2,1,2,196.0815631,196.0815631,196.0815631,2.4096966191956433e-05
Orbitrap,9.8076,9.8076,4,2,2,2,2,245.19,245.19,245.19,2.4096966191956433e-05
Orbitrap,9.842373,9.842373,6,2,2,1,2,328.0791,328.0791,328.0791,2.4096966191956433e-05
Orbitrap,9.853345804999998,9.853345804999998,15,2,2,2,2,197.0669161,197.0669161,197.0669161,2.4096966191956433e-05
Orbitrap,9.885316,9.885316,6,2,2,1,2,247.1329,247.1329,247.1329,2.4096966191956433e-05
Orbitrap,9.905733,9.905733,6,2,2,1,2,330.1911,330.1911,330.1911,2.4096966191956433e-05
Orbitrap,9.906726,9.906726,6,2,2,1,2,165.1121,165.1121,165.1121,2.4096966191956433e-05
Orbitrap,9.923146400000002,9.923146400000002,15,2,2,2,2,124.03933,124.03933,124.03933,2.4096966191956433e-05
Orbitrap,9.964215,9.964215,6,2,2,1,2,332.1405,332.1405,332.1405,2.4096966191956433e-05
Orbitrap,10.0023638,10.0023638,7,2,2,1,2,200.047276,200.047276,200.047276,2.4096966191956433e-05
Orbitrap,10.085415,10.085415,6,2,2,1,2,336.1805,336.1805,336.1805,2.4096966191956433e-05
Orbitrap,10.086786,10.086786,6,2,2,1,2,168.1131,168.1131,168.1131,2.4096966191956433e-05
Orbitrap,10.107188475,10.107188475,9,2,2,1,2,202.1437695,202.1437695,202.1437695,2.4096966191956433e-05
Orbitrap,10.156955,10.156955,6,2,2,2,2,203.1391,203.1391,203.1391,2.4096966191956433e-05
Orbitrap,10.161151145,10.161151145,9,2,2,1,2,203.2230229,203.2230229,203.2230229,2.4096966191956433e-05
Orbitrap,10.205095235,10.205095235,9,2,2,1,2,204.1019047,204.1019047,204.1019047,2.4096966191956433e-05
Orbitrap,10.205656905,10.205656905,9,2,2,1,2,204.1131381,204.1131381,204.1131381,2.4096966191956433e-05
Orbitrap,10.2061517,10.2061517,7,2,2,1,2,204.123034,204.123034,204.123034,2.4096966191956433e-05
Orbitrap,10.20621857,10.20621857,8,2,2,1,2,204.1243714,204.1243714,204.1243714,2.4096966191956433e-05
Orbitrap,10.209234,10.209234,6,2,2,1,2,170.1539,170.1539,170.1539,2.4096966191956433e-05
Orbitrap,10.220812,10.220812,6,2,2,1,2,146.0116,146.0116,146.0116,2.4096966191956433e-05
Orbitrap,10.234152,10.234152,6,2,2,1,2,341.1384,341.1384,341.1384,2.4096966191956433e-05
Orbitrap,10.251472,10.251472,6,2,2,1,2,128.1434,128.1434,128.1434,2.4096966191956433e-05
Orbitrap,10.264641,10.264641,6,2,2,1,2,342.1547,342.1547,342.1547,2.4096966191956433e-05
Orbitrap,10.265202,10.265202,6,2,2,1,2,342.1734,342.1734,342.1734,2.4096966191956433e-05
Orbitrap,10.265733,10.265733,6,2,2,1,2,342.1911,342.1911,342.1911,2.4096966191956433e-05
Orbitrap,10.303339105,10.303339105,9,2,2,1,2,206.0667821,206.0667821,206.0667821,2.4096966191956433e-05
Orbitrap,10.362751,10.362751,6,2,2,1,2,148.0393,148.0393,148.0393,2.4096966191956433e-05
Orbitrap,10.382274,10.382274,6,2,2,1,2,173.0379,173.0379,173.0379,2.4096966191956433e-05
Orbitrap,10.402568,10.402568,6,2,2,1,2,130.0321,130.0321,130.0321,2.4096966191956433e-05
Orbitrap,10.403991199999998,10.403991199999998,15,2,2,1,2,130.04988999999998,130.04988999999998,130.04988999999998,2.4096966191956433e-05
Orbitrap,10.407174,10.407174,6,2,2,1,2,346.9058,346.9058,346.9058,2.4096966191956433e-05
Orbitrap,10.454603415,10.454603415,9,2,2,1,2,209.0920683,209.0920683,209.0920683,2.4096966191956433e-05
Orbitrap,10.45586,10.45586,5,2,2,1,2,209.1172,209.1172,209.1172,2.4096966191956433e-05
Orbitrap,10.504794,10.504794,6,2,2,1,2,350.1598,350.1598,350.1598,2.4096966191956433e-05
Orbitrap,10.523656,10.523656,6,2,2,2,2,263.0914,263.0914,263.0914,2.4096966191956433e-05
Orbitrap,10.55356664,10.55356664,8,2,2,1,2,211.0713328,211.0713328,211.0713328,2.4096966191956433e-05
Orbitrap,10.592742,10.592742,6,2,2,1,2,353.0914,353.0914,353.0914,2.4096966191956433e-05
Orbitrap,10.59558,10.59558,5,2,2,1,2,353.186,353.186,353.186,2.4096966191956433e-05
Orbitrap,10.596672,10.596672,6,2,2,1,2,353.2224,353.2224,353.2224,2.4096966191956433e-05
Orbitrap,10.607644,10.607644,6,2,2,1,2,265.1911,265.1911,265.1911,2.4096966191956433e-05
Orbitrap,10.62282,10.62282,5,2,2,1,2,177.047,177.047,177.047,2.4096966191956433e-05
Orbitrap,10.644863199999998,10.644863199999998,15,2,2,2,2,133.06078999999997,133.06078999999997,133.06078999999997,2.4096966191956433e-05
Orbitrap,10.65511,10.65511,5,2,2,1,2,213.1022,213.1022,213.1022,2.4096966191956433e-05
Orbitrap,10.685568000000002,10.685568000000002,15,2,2,1,2,356.1856,356.1856,356.1856,2.4096966191956433e-05
Orbitrap,10.686364,10.686364,6,2,2,2,2,267.1591,267.1591,267.1591,2.4096966191956433e-05
Orbitrap,10.742034,10.742034,6,2,2,1,2,179.0339,179.0339,179.0339,2.4096966191956433e-05
Orbitrap,10.744218,10.744218,6,2,2,1,2,179.0703,179.0703,179.0703,2.4096966191956433e-05
Orbitrap,10.75695092,10.75695092,8,2,2,1,2,215.1390184,215.1390184,215.1390184,2.4096966191956433e-05
Orbitrap,10.774467,10.774467,6,2,2,1,2,359.1489,359.1489,359.1489,2.4096966191956433e-05
Orbitrap,10.806114,10.806114,6,2,2,2,2,180.1019,180.1019,180.1019,2.4096966191956433e-05
Orbitrap,10.863462000000002,10.863462000000002,15,2,2,1,2,362.1154,362.1154,362.1154,2.4096966191956433e-05
Orbitrap,10.884944,10.884944,6,2,2,1,2,136.0618,136.0618,136.0618,2.4096966191956433e-05
Orbitrap,10.985733,10.985733,6,2,2,1,2,366.1911,366.1911,366.1911,2.4096966191956433e-05
Orbitrap,11.0,11,0,2,2,1,2,352.16155,352.16155,352.16155,2.4096966191956433e-05
Orbitrap,11.004078155,11.004078155,9,2,2,1,2,220.0815631,220.0815631,220.0815631,2.4096966191956433e-05
Orbitrap,11.00589743,11.00589743,8,2,2,1,2,220.1179486,220.1179486,220.1179486,2.4096966191956433e-05
Orbitrap,11.0443984,11.0443984,7,2,2,2,2,138.05498,138.05498,138.05498,2.4096966191956433e-05
Orbitrap,11.045112,11.045112,6,2,2,1,2,368.1704,368.1704,368.1704,2.4096966191956433e-05
Orbitrap,11.134803,11.134803,6,2,2,1,2,371.1601,371.1601,371.1601,2.4096966191956433e-05
Orbitrap,11.153005,11.153005,6,2,2,1,2,223.0601,223.0601,223.0601,2.4096966191956433e-05
Orbitrap,11.20505,11.20505,5,2,2,1,2,112.0505,112.0505,112.0505,2.4096966191956433e-05
Orbitrap,11.226978,11.226978,6,2,2,1,2,374.2326,374.2326,374.2326,2.4096966191956433e-05
Orbitrap,11.25491,11.25491,5,2,2,1,2,225.0982,225.0982,225.0982,2.4096966191956433e-05
Orbitrap,11.25759,11.25759,5,2,2,1,2,375.253,375.253,375.253,2.4096966191956433e-05
Orbitrap,11.283929999999998,11.283929999999998,15,2,2,1,2,376.131,376.131,376.131,2.4096966191956433e-05
Orbitrap,11.346132,11.346132,6,2,2,1,2,189.1022,189.1022,189.1022,2.4096966191956433e-05
Orbitrap,11.346138000000002,11.346138000000002,15,2,2,1,2,189.1023,189.1023,189.1023,2.4096966191956433e-05
Orbitrap,11.355693315,11.355693315,9,2,2,1,2,227.1138663,227.1138663,227.1138663,2.4096966191956433e-05
Orbitrap,11.363956,11.363956,6,2,2,1,2,284.0989,284.0989,284.0989,2.4096966191956433e-05
Orbitrap,11.376345,11.376345,6,2,2,1,2,379.2115,379.2115,379.2115,2.4096966191956433e-05
Orbitrap,11.404894095,11.404894095,9,2,2,1,2,228.0978819,228.0978819,228.0978819,2.4096966191956433e-05
Orbitrap,11.45429601,11.45429601,8,2,2,1,2,229.0859202,229.0859202,229.0859202,2.4096966191956433e-05
Orbitrap,11.50275808,11.50275808,8,2,2,1,2,230.0551616,230.0551616,230.0551616,2.4096966191956433e-05
Orbitrap,11.557847,11.557847,6,2,2,1,2,165.1121,165.1121,165.1121,2.4096966191956433e-05
Orbitrap,11.60706,11.60706,5,2,2,1,2,116.0706,116.0706,116.0706,2.4096966191956433e-05
Orbitrap,11.613663,11.613663,6,2,2,1,2,129.0407,129.0407,129.0407,2.4096966191956433e-05
Orbitrap,11.65768,11.65768,5,2,2,1,2,233.1536,233.1536,233.1536,2.4096966191956433e-05
Orbitrap,11.6848,11.6848,4,2,2,2,2,146.06,146.06,146.06,2.4096966191956433e-05
Orbitrap,11.702889,11.702889,6,2,2,1,2,130.0321,130.0321,130.0321,2.4096966191956433e-05
Orbitrap,11.792259,11.792259,6,2,2,1,2,131.0251,131.0251,131.0251,2.4096966191956433e-05
Orbitrap,11.807616,11.807616,6,2,2,1,2,295.1904,295.1904,295.1904,2.4096966191956433e-05
Orbitrap,11.846579999999998,11.846579999999998,15,2,2,1,2,296.1645,296.1645,296.1645,2.4096966191956433e-05
Orbitrap,11.9245828,11.9245828,7,2,2,1,2,298.11457,298.11457,298.11457,2.4096966191956433e-05
Orbitrap,11.946519,11.946519,6,2,2,1,2,398.2173,398.2173,398.2173,2.4096966191956433e-05
Orbitrap,11.94714,11.94714,5,2,2,1,2,199.119,199.119,199.119,2.4096966191956433e-05
Orbitrap,12.0,12,0,2,2,1,2,514.21438,514.21438,514.21438,2.4096966191956433e-05
Orbitrap,12.105115,12.105115,6,2,2,1,2,242.1023,242.1023,242.1023,2.4096966191956433e-05
Orbitrap,12.12782,12.12782,5,2,2,2,2,303.1955,303.1955,303.1955,2.4096966191956433e-05
Orbitrap,12.15438258,12.15438258,8,2,2,1,2,243.0876516,243.0876516,243.0876516,2.4096966191956433e-05
Orbitrap,12.15746,12.15746,5,2,2,1,2,243.1492,243.1492,243.1492,2.4096966191956433e-05
Orbitrap,12.166172,12.166172,6,2,2,1,2,304.1543,304.1543,304.1543,2.4096966191956433e-05
Orbitrap,12.199838800000002,12.199838800000002,15,2,2,1,2,243.996776,243.996776,243.996776,2.4096966191956433e-05
Orbitrap,12.204639825,12.204639825,9,2,2,1,2,244.0927965,244.0927965,244.0927965,2.4096966191956433e-05
Orbitrap,12.211355,12.211355,6,2,2,1,2,244.2271,244.2271,244.2271,2.4096966191956433e-05
Orbitrap,12.245562,12.245562,6,2,2,1,2,136.0618,136.0618,136.0618,2.4096966191956433e-05
Orbitrap,12.253840605,12.253840605,9,2,2,2,2,245.0768121,245.0768121,245.0768121,2.4096966191956433e-05
Orbitrap,12.25477197,12.25477197,8,2,2,1,2,245.0954394,245.0954394,245.0954394,2.4096966191956433e-05
Orbitrap,12.25642269,12.25642269,8,2,2,1,2,245.1284538,245.1284538,245.1284538,2.4096966191956433e-05
Orbitrap,12.261679375,12.261679375,9,2,2,1,2,245.2335875,245.2335875,245.2335875,2.4096966191956433e-05
Orbitrap,12.30553,12.30553,5,2,2,1,2,123.0553,123.0553,123.0553,2.4096966191956433e-05
Orbitrap,12.307992,12.307992,6,2,2,1,2,205.1332,205.1332,205.1332,2.4096966191956433e-05
Orbitrap,12.307998,12.307998,6,2,2,1,2,205.1333,205.1333,205.1333,2.4096966191956433e-05
Orbitrap,12.329808000000002,12.329808000000002,15,2,2,1,2,154.1226,154.1226,154.1226,2.4096966191956433e-05
Orbitrap,12.356645,12.356645,6,2,2,1,2,247.1329,247.1329,247.1329,2.4096966191956433e-05
Orbitrap,12.365544,12.365544,6,2,2,1,2,206.0924,206.0924,206.0924,2.4096966191956433e-05
Orbitrap,12.36699,12.36699,5,2,2,1,2,412.233,412.233,412.233,2.4096966191956433e-05
Orbitrap,12.459621,12.459621,6,2,2,1,2,415.3207,415.3207,415.3207,2.4096966191956433e-05
Orbitrap,12.487991999999998,12.487991999999998,15,2,2,2,2,208.1332,208.1332,208.1332,2.4096966191956433e-05
Orbitrap,12.490569,12.490569,6,2,2,1,2,416.3523,416.3523,416.3523,2.4096966191956433e-05
Orbitrap,12.532373,12.532373,6,2,2,1,2,179.0339,179.0339,179.0339,2.4096966191956433e-05
Orbitrap,12.547032,12.547032,6,2,2,1,2,209.1172,209.1172,209.1172,2.4096966191956433e-05
Orbitrap,12.605455765,12.605455765,9,2,2,1,2,252.1091153,252.1091153,252.1091153,2.4096966191956433e-05
Orbitrap,12.605656000000002,12.605656000000002,15,2,2,1,2,180.0808,180.0808,180.0808,2.4096966191956433e-05
Orbitrap,12.635499,12.635499,6,2,0,1,0,421.1833,421.1833,421.1833,2.4096966191956433e-05
Orbitrap,12.650418595,12.650418595,9,2,0,1,0,253.0083719,253.0083719,253.0083719,2.4096966191956433e-05
Orbitrap,12.674536,12.674536,6,2,2,1,2,181.0648,181.0648,181.0648,2.4096966191956433e-05
Orbitrap,12.70623827,12.70623827,8,2,2,1,2,254.1247654,254.1247654,254.1247654,2.4096966191956433e-05
Orbitrap,12.753321,12.753321,6,2,2,1,2,182.1903,182.1903,182.1903,2.4096966191956433e-05
Orbitrap,12.755078515,12.755078515,9,2,2,1,2,255.1015703,255.1015703,255.1015703,2.4096966191956433e-05
Orbitrap,12.785499000000002,12.785499000000002,15,2,2,1,2,142.0611,142.0611,142.0611,2.4096966191956433e-05
Orbitrap,12.786132000000002,12.786132000000002,15,2,2,1,2,213.1022,213.1022,213.1022,2.4096966191956433e-05
Orbitrap,12.808479514999998,12.808479514999998,15,2,2,2,2,256.1695903,256.1695903,256.1695903,2.4096966191956433e-05
Orbitrap,12.815628,12.815628,6,2,2,1,2,183.0804,183.0804,183.0804,2.4096966191956433e-05
Orbitrap,12.816419,12.816419,6,2,2,1,2,183.0917,183.0917,183.0917,2.4096966191956433e-05
Orbitrap,12.845332,12.845332,6,2,2,2,2,321.1333,321.1333,321.1333,2.4096966191956433e-05
Orbitrap,12.84561,12.84561,5,2,2,1,2,214.0935,214.0935,214.0935,2.4096966191956433e-05
Orbitrap,12.846787999999998,12.846787999999998,15,2,2,1,2,321.1697,321.1697,321.1697,2.4096966191956433e-05
Orbitrap,12.847101,12.847101,6,2,2,1,2,428.2367,428.2367,428.2367,2.4096966191956433e-05
Orbitrap,12.873264,12.873264,6,2,2,1,2,429.1088,429.1088,429.1088,2.4096966191956433e-05
Orbitrap,12.875076,12.875076,6,2,2,1,2,143.0564,143.0564,143.0564,2.4096966191956433e-05
Orbitrap,12.886083,12.886083,6,2,2,1,2,184.0869,184.0869,184.0869,2.4096966191956433e-05
Orbitrap,12.902784,12.902784,6,2,2,1,2,430.0928,430.0928,430.0928,2.4096966191956433e-05
Orbitrap,12.905505,12.905505,6,2,2,1,2,258.1101,258.1101,258.1101,2.4096966191956433e-05
Orbitrap,12.927412,12.927412,6,2,2,1,2,323.1853,323.1853,323.1853,2.4096966191956433e-05
Orbitrap,12.95462311,12.95462311,8,2,2,1,2,259.0924622,259.0924622,259.0924622,2.4096966191956433e-05
Orbitrap,13.00217317,13.00217317,8,2,2,1,2,260.0434634,260.0434634,260.0434634,2.4096966191956433e-05
Orbitrap,13.00321,13.00321,5,2,2,1,2,130.0321,130.0321,130.0321,2.4096966191956433e-05
Orbitrap,13.046392,13.046392,6,2,2,1,2,326.1598,326.1598,326.1598,2.4096966191956433e-05
Orbitrap,13.050632000000002,13.050632000000002,15,2,2,1,2,163.1329,163.1329,163.1329,2.4096966191956433e-05
Orbitrap,13.207644,13.207644,6,2,2,1,2,330.1911,330.1911,330.1911,2.4096966191956433e-05
Orbitrap,13.208968,13.208968,6,2,2,1,2,165.1121,165.1121,165.1121,2.4096966191956433e-05
Orbitrap,13.233968999999998,13.233968999999998,15,2,2,1,2,147.0441,147.0441,147.0441,2.4096966191956433e-05
Orbitrap,13.2559,13.2559,4,2,2,2,2,265.118,265.118,265.118,2.4096966191956433e-05
Orbitrap,13.259555,13.259555,6,2,2,1,2,265.1911,265.1911,265.1911,2.4096966191956433e-05
Orbitrap,13.289808,13.289808,6,2,2,1,2,166.1226,166.1226,166.1226,2.4096966191956433e-05
Orbitrap,13.330685872,13.330685872,9,2,2,1,2,108.0808,108.0808,108.0808,2.4096966191956433e-05
Orbitrap,13.358515929999998,13.358515929999998,15,2,2,1,2,267.1703186,267.1703186,267.1703186,2.4096966191956433e-05
Orbitrap,13.373157,13.373157,6,2,2,1,2,191.0451,191.0451,191.0451,2.4096966191956433e-05
Orbitrap,13.378253,13.378253,6,2,2,1,2,191.1179,191.1179,191.1179,2.4096966191956433e-05
Orbitrap,13.383606,13.383606,6,2,2,1,2,223.0601,223.0601,223.0601,2.4096966191956433e-05
Orbitrap,13.40375,13.40375,5,2,2,1,2,268.075,268.075,268.075,2.4096966191956433e-05
Orbitrap,13.405201495,13.405201495,9,2,2,1,2,268.1040299,268.1040299,268.1040299,2.4096966191956433e-05
Orbitrap,13.44722,13.44722,5,2,2,1,2,336.1805,336.1805,336.1805,2.4096966191956433e-05
Orbitrap,13.454402275,13.454402275,9,2,2,1,2,269.0880455,269.0880455,269.0880455,2.4096966191956433e-05
Orbitrap,13.509234,13.509234,6,2,2,1,2,150.1026,150.1026,150.1026,2.4096966191956433e-05
Orbitrap,13.535817,13.535817,6,2,0,1,0,451.1939,451.1939,451.1939,2.4096966191956433e-05
Orbitrap,13.553005,13.553005,6,2,2,1,2,271.0601,271.0601,271.0601,2.4096966191956433e-05
Orbitrap,13.55555447,13.55555447,8,2,2,1,2,271.1110894,271.1110894,271.1110894,2.4096966191956433e-05
Orbitrap,13.606172,13.606172,6,2,2,1,2,340.1543,340.1543,340.1543,2.4096966191956433e-05
Orbitrap,13.60618,13.60618,5,2,2,1,2,136.0618,136.0618,136.0618,2.4096966191956433e-05
Orbitrap,13.645536,13.645536,6,2,2,1,2,341.1384,341.1384,341.1384,2.4096966191956433e-05
Orbitrap,13.678218,13.678218,6,2,2,1,2,455.9406,455.9406,455.9406,2.4096966191956433e-05
Orbitrap,13.686188,13.686188,6,2,2,1,2,342.1547,342.1547,342.1547,2.4096966191956433e-05
Orbitrap,13.686800000000002,13.686800000000002,15,2,2,1,2,342.17,342.17,342.17,2.4096966191956433e-05
Orbitrap,13.687644,13.687644,6,2,2,1,2,342.1911,342.1911,342.1911,2.4096966191956433e-05
Orbitrap,13.80594,13.80594,5,2,2,2,2,276.1188,276.1188,276.1188,2.4096966191956433e-05
Orbitrap,13.8416776,13.8416776,7,2,2,2,2,173.02096999999998,173.02096999999998,173.02096999999998,2.4096966191956433e-05
Orbitrap,13.871034,13.871034,6,2,2,1,2,154.1226,154.1226,154.1226,2.4096966191956433e-05
Orbitrap,13.936846,13.936846,6,2,2,1,2,199.0978,199.0978,199.0978,2.4096966191956433e-05
Orbitrap,13.95723,13.95723,5,2,2,2,2,279.1446,279.1446,279.1446,2.4096966191956433e-05
Orbitrap,13.989216,13.989216,6,2,2,1,2,233.1536,233.1536,233.1536,2.4096966191956433e-05
Orbitrap,14.006392,14.006392,6,2,2,1,2,350.1598,350.1598,350.1598,2.4096966191956433e-05
Orbitrap,14.05565988,14.05565988,8,2,2,1,2,281.1131976,281.1131976,281.1131976,2.4096966191956433e-05
Orbitrap,14.127439999999998,14.127439999999998,15,2,2,1,2,353.186,353.186,353.186,2.4096966191956433e-05
Orbitrap,14.15516,14.15516,5,2,2,2,2,283.1032,283.1032,283.1032,2.4096966191956433e-05
Orbitrap,14.204945000000002,14.204945000000002,15,2,2,1,2,284.0989,284.0989,284.0989,2.4096966191956433e-05
Orbitrap,14.204947225,14.204947225,9,2,2,1,2,284.0989445,284.0989445,284.0989445,2.4096966191956433e-05
Orbitrap,14.247424,14.247424,6,2,2,1,2,356.1856,356.1856,356.1856,2.4096966191956433e-05
Orbitrap,14.254148005,14.254148005,9,2,2,1,2,285.0829601,285.0829601,285.0829601,2.4096966191956433e-05
Orbitrap,14.257987695,14.257987695,9,2,2,1,2,285.1597539,285.1597539,285.1597539,2.4096966191956433e-05
Orbitrap,14.293055999999998,14.293055999999998,15,2,2,1,2,357.3264,357.3264,357.3264,2.4096966191956433e-05
Orbitrap,14.303531,14.303531,6,2,2,1,2,130.0321,130.0321,130.0321,2.4096966191956433e-05
Orbitrap,14.30716,14.30716,5,2,2,2,2,286.1432,286.1432,286.1432,2.4096966191956433e-05
Orbitrap,14.30719,14.30719,5,2,2,1,2,286.1438,286.1438,286.1438,2.4096966191956433e-05
Orbitrap,14.30815,14.30815,5,2,2,1,2,143.0815,143.0815,143.0815,2.4096966191956433e-05
Orbitrap,14.338596,14.338596,6,2,2,1,2,238.9766,238.9766,238.9766,2.4096966191956433e-05
Orbitrap,14.354536,14.354536,6,2,2,1,2,205.0648,205.0648,205.0648,2.4096966191956433e-05
Orbitrap,14.365956000000002,14.365956000000002,15,2,2,1,2,359.1489,359.1489,359.1489,2.4096966191956433e-05
Orbitrap,14.406933599999997,14.406933599999997,15,2,2,1,2,180.08666999999997,180.08666999999997,180.08666999999997,2.4096966191956433e-05
Orbitrap,14.407638,14.407638,6,2,2,1,2,240.1273,240.1273,240.1273,2.4096966191956433e-05
Orbitrap,14.506733065,14.506733065,9,2,2,1,2,290.1346613,290.1346613,290.1346613,2.4096966191956433e-05
Orbitrap,14.516990000000002,14.516990000000002,15,2,2,1,2,145.1699,145.1699,145.1699,2.4096966191956433e-05
Orbitrap,14.526138,14.526138,6,2,2,1,2,242.1023,242.1023,242.1023,2.4096966191956433e-05
Orbitrap,14.528604,14.528604,6,2,2,1,2,242.1434,242.1434,242.1434,2.4096966191956433e-05
Orbitrap,14.55234,14.55234,5,2,2,1,2,291.0468,291.0468,291.0468,2.4096966191956433e-05
Orbitrap,14.55431571,14.55431571,8,2,2,1,2,291.0863142,291.0863142,291.0863142,2.4096966191956433e-05
Orbitrap,14.569408,14.569408,6,2,2,1,2,182.1176,182.1176,182.1176,2.4096966191956433e-05
Orbitrap,14.575224,14.575224,6,2,2,1,2,182.1903,182.1903,182.1903,2.4096966191956433e-05
Orbitrap,14.588952,14.588952,6,2,2,1,2,243.1492,243.1492,243.1492,2.4096966191956433e-05
Orbitrap,14.60924,14.60924,5,2,2,1,2,146.0924,146.0924,146.0924,2.4096966191956433e-05
Orbitrap,14.638204,14.638204,6,2,2,1,2,209.1172,209.1172,209.1172,2.4096966191956433e-05
Orbitrap,14.638995,14.638995,6,2,2,1,2,209.1285,209.1285,209.1285,2.4096966191956433e-05
Orbitrap,14.651568,14.651568,6,2,2,2,2,122.0964,122.0964,122.0964,2.4096966191956433e-05
Orbitrap,14.653626,14.653626,6,2,2,1,2,244.2271,244.2271,244.2271,2.4096966191956433e-05
Orbitrap,14.672826,14.672826,6,2,2,1,2,163.0314,163.0314,163.0314,2.4096966191956433e-05
Orbitrap,14.681961,14.681961,6,2,2,1,2,163.1329,163.1329,163.1329,2.4096966191956433e-05
Orbitrap,14.70591713,14.70591713,8,2,2,1,2,294.1183426,294.1183426,294.1183426,2.4096966191956433e-05
Orbitrap,14.71128,14.71128,5,2,2,1,2,147.1128,147.1128,147.1128,2.4096966191956433e-05
Orbitrap,14.7114,14.7114,4,2,2,2,2,245.19,245.19,245.19,2.4096966191956433e-05
Orbitrap,14.756442385,14.756442385,9,2,2,1,2,295.1288477,295.1288477,295.1288477,2.4096966191956433e-05
Orbitrap,14.75952,14.75952,5,2,2,1,2,295.1904,295.1904,295.1904,2.4096966191956433e-05
Orbitrap,14.807335,14.807335,6,2,2,1,2,296.1467,296.1467,296.1467,2.4096966191956433e-05
Orbitrap,14.808224999999998,14.808224999999998,15,2,2,1,2,296.1645,296.1645,296.1645,2.4096966191956433e-05
Orbitrap,14.827974,14.827974,6,2,2,1,2,247.1329,247.1329,247.1329,2.4096966191956433e-05
Orbitrap,14.860089,14.860089,6,2,2,1,2,165.1121,165.1121,165.1121,2.4096966191956433e-05
Orbitrap,14.881297599999998,14.881297599999998,15,2,2,1,2,186.01622,186.01622,186.01622,2.4096966191956433e-05
Orbitrap,14.917154,14.917154,6,2,2,1,2,213.1022,213.1022,213.1022,2.4096966191956433e-05
Orbitrap,14.95511,14.95511,5,2,2,1,2,299.1022,299.1022,299.1022,2.4096966191956433e-05
Orbitrap,14.9600192,14.9600192,7,2,2,2,2,187.00024,187.00024,187.00024,2.4096966191956433e-05
Orbitrap,14.966798,14.966798,6,2,2,1,2,136.0618,136.0618,136.0618,2.4096966191956433e-05
Orbitrap,14.969304,14.969304,6,2,2,1,2,374.2326,374.2326,374.2326,2.4096966191956433e-05
Orbitrap,14.987609,14.987609,6,2,2,1,2,214.1087,214.1087,214.1087,2.4096966191956433e-05
Orbitrap,15.007364999999998,15.007364999999998,15,2,2,1,2,300.1473,300.1473,300.1473,2.4096966191956433e-05
Orbitrap,15.00979,15.00979,5,2,2,1,2,300.1958,300.1958,300.1958,2.4096966191956433e-05
Orbitrap,15.059369976,15.059369976,9,2,2,1,2,122.0964,122.0964,122.0964,2.4096966191956433e-05
Orbitrap,15.115267775,15.115267775,9,2,2,1,2,302.3053555,302.3053555,302.3053555,2.4096966191956433e-05
Orbitrap,15.130179,15.130179,6,2,2,1,2,168.1131,168.1131,168.1131,2.4096966191956433e-05
Orbitrap,15.182130278,15.182130278,9,2,2,1,2,123.0917,123.0917,123.0917,2.4096966191956433e-05
Orbitrap,15.207715,15.207715,6,2,2,1,2,304.1543,304.1543,304.1543,2.4096966191956433e-05
Orbitrap,15.250506,15.250506,6,2,2,1,2,254.1751,254.1751,254.1751,2.4096966191956433e-05
Orbitrap,15.289432,15.289432,6,2,2,1,2,191.1179,191.1179,191.1179,2.4096966191956433e-05
Orbitrap,15.302428119999998,15.302428119999998,15,2,2,1,2,306.0485624,306.0485624,306.0485624,2.4096966191956433e-05
Orbitrap,15.335628,15.335628,6,2,2,1,2,219.0804,219.0804,219.0804,2.4096966191956433e-05
Orbitrap,15.377208000000005,15.377208000000005,15,2,2,1,2,128.1434,128.1434,128.1434,2.4096966191956433e-05
Orbitrap,15.403210619999998,15.403210619999998,15,2,2,1,2,308.0642124,308.0642124,308.0642124,2.4096966191956433e-05
Orbitrap,15.407847,15.407847,6,2,2,1,2,220.1121,220.1121,220.1121,2.4096966191956433e-05
Orbitrap,15.41226,15.41226,5,2,2,1,2,154.1226,154.1226,154.1226,2.4096966191956433e-05
Orbitrap,15.4524114,15.4524114,7,2,2,1,2,309.048228,309.048228,309.048228,2.4096966191956433e-05
Orbitrap,15.484883999999996,15.484883999999996,15,2,2,1,2,129.0407,129.0407,129.0407,2.4096966191956433e-05
Orbitrap,15.5108,15.5108,4,2,2,2,2,310.216,310.216,310.216,2.4096966191956433e-05
Orbitrap,15.540462,15.540462,6,2,2,1,2,259.0077,259.0077,259.0077,2.4096966191956433e-05
Orbitrap,15.573411,15.573411,6,2,2,1,2,173.0379,173.0379,173.0379,2.4096966191956433e-05
Orbitrap,15.603852000000003,15.603852000000003,15,2,2,1,2,130.0321,130.0321,130.0321,2.4096966191956433e-05
Orbitrap,15.614207,15.614207,6,2,2,1,2,223.0601,223.0601,223.0601,2.4096966191956433e-05
Orbitrap,15.688336,15.688336,6,2,2,1,2,784.4168,784.4168,784.4168,2.4096966191956433e-05
Orbitrap,15.72838,15.72838,5,2,0,1,0,393.2095,393.2095,393.2095,2.4096966191956433e-05
Orbitrap,15.757945,15.757945,6,2,2,1,2,225.1135,225.1135,225.1135,2.4096966191956433e-05
Orbitrap,15.785484,15.785484,6,2,2,2,2,263.0914,263.0914,263.0914,2.4096966191956433e-05
Orbitrap,15.823493,15.823493,6,2,2,1,2,226.0499,226.0499,226.0499,2.4096966191956433e-05
Orbitrap,15.90513,15.90513,5,2,2,1,2,159.0513,159.0513,159.0513,2.4096966191956433e-05
Orbitrap,15.90847,15.90847,5,2,2,1,2,318.1694,318.1694,318.1694,2.4096966191956433e-05
Orbitrap,15.911466,15.911466,6,2,2,1,2,265.1911,265.1911,265.1911,2.4096966191956433e-05
Orbitrap,15.928692000000002,15.928692000000002,15,2,2,1,2,398.2173,398.2173,398.2173,2.4096966191956433e-05
Orbitrap,15.93423,15.93423,5,2,2,1,2,177.047,177.047,177.047,2.4096966191956433e-05
Orbitrap,15.955151165000002,15.955151165000002,15,2,2,1,2,319.1030233,319.1030233,319.1030233,2.4096966191956433e-05
Orbitrap,15.9577,15.9577,4,2,2,1,2,319.154,319.154,319.154,2.4096966191956433e-05
Orbitrap,16.00702,16.00702,5,2,2,1,2,400.1755,400.1755,400.1755,2.4096966191956433e-05
Orbitrap,16.00757,16.00757,5,2,2,1,2,160.0757,160.0757,160.0757,2.4096966191956433e-05
Orbitrap,16.009440075,16.009440075,9,2,2,1,2,320.1888015,320.1888015,320.1888015,2.4096966191956433e-05
Orbitrap,16.038561,16.038561,6,2,2,1,2,229.1223,229.1223,229.1223,2.4096966191956433e-05
Orbitrap,16.056468000000002,16.056468000000002,15,2,2,1,2,535.2156,535.2156,535.2156,2.4096966191956433e-05
Orbitrap,16.106748,16.106748,6,2,2,1,2,230.0964,230.0964,230.0964,2.4096966191956433e-05
Orbitrap,16.153193905,16.153193905,9,2,2,1,2,323.0638781,323.0638781,323.0638781,2.4096966191956433e-05
Orbitrap,16.15877,16.15877,5,2,2,1,2,323.1754,323.1754,323.1754,2.4096966191956433e-05
Orbitrap,16.166832,16.166832,6,2,2,2,2,202.0854,202.0854,202.0854,2.4096966191956433e-05
Orbitrap,16.174851,16.174851,6,2,2,1,2,147.0441,147.0441,147.0441,2.4096966191956433e-05
Orbitrap,16.20761,16.20761,5,2,2,1,2,162.0761,162.0761,162.0761,2.4096966191956433e-05
Orbitrap,16.30799,16.30799,5,2,2,1,2,326.1598,326.1598,326.1598,2.4096966191956433e-05
Orbitrap,16.313290000000002,16.313290000000002,15,2,2,1,2,163.1329,163.1329,163.1329,2.4096966191956433e-05
Orbitrap,16.317511,16.317511,6,2,2,1,2,233.1073,233.1073,233.1073,2.4096966191956433e-05
Orbitrap,16.320752,16.320752,6,2,2,1,2,233.1536,233.1536,233.1536,2.4096966191956433e-05
Orbitrap,16.327416,16.327416,6,2,2,1,2,136.0618,136.0618,136.0618,2.4096966191956433e-05
Orbitrap,16.388094000000002,16.388094000000002,15,2,2,1,2,546.2698,546.2698,546.2698,2.4096966191956433e-05
Orbitrap,16.390584000000004,16.390584000000004,15,2,2,1,2,182.1176,182.1176,182.1176,2.4096966191956433e-05
Orbitrap,16.397127,16.397127,6,2,2,1,2,182.1903,182.1903,182.1903,2.4096966191956433e-05
Orbitrap,16.48932,16.48932,5,2,2,1,2,412.233,412.233,412.233,2.4096966191956433e-05
Orbitrap,16.506919999999997,16.506919999999997,15,2,2,1,2,165.0692,165.0692,165.0692,2.4096966191956433e-05
Orbitrap,16.51121,16.51121,5,2,2,1,2,165.1121,165.1121,165.1121,2.4096966191956433e-05
Orbitrap,16.564716,16.564716,6,2,2,1,2,276.0786,276.0786,276.0786,2.4096966191956433e-05
Orbitrap,16.568488000000002,16.568488000000002,15,2,2,1,2,414.2122,414.2122,414.2122,2.4096966191956433e-05
Orbitrap,16.606047145,16.606047145,9,2,2,1,2,332.1209429,332.1209429,332.1209429,2.4096966191956433e-05
Orbitrap,16.612260000000003,16.612260000000003,15,2,2,1,2,166.1226,166.1226,166.1226,2.4096966191956433e-05
Orbitrap,16.612828,16.612828,6,2,2,1,2,415.3207,415.3207,415.3207,2.4096966191956433e-05
Orbitrap,16.654092000000002,16.654092000000002,15,2,2,1,2,416.3523,416.3523,416.3523,2.4096966191956433e-05
Orbitrap,16.708244999999998,16.708244999999998,15,2,2,1,2,334.1649,334.1649,334.1649,2.4096966191956433e-05
Orbitrap,16.729376,16.729376,6,2,2,1,2,209.1172,209.1172,209.1172,2.4096966191956433e-05
Orbitrap,16.73028,16.73028,5,2,2,1,2,209.1285,209.1285,209.1285,2.4096966191956433e-05
Orbitrap,16.808119599999998,16.808119599999998,15,2,2,1,2,420.20299,420.20299,420.20299,2.4096966191956433e-05
Orbitrap,16.809025000000002,16.809025000000002,15,2,2,1,2,336.1805,336.1805,336.1805,2.4096966191956433e-05
Orbitrap,16.873465,16.873465,6,2,2,1,2,241.0495,241.0495,241.0495,2.4096966191956433e-05
Orbitrap,16.879345,16.879345,6,2,2,1,2,241.1335,241.1335,241.1335,2.4096966191956433e-05
Orbitrap,16.904173000000004,16.904173000000004,15,2,2,1,2,130.0321,130.0321,130.0321,2.4096966191956433e-05
Orbitrap,16.947161,16.947161,6,2,2,1,2,242.1023,242.1023,242.1023,2.4096966191956433e-05
Orbitrap,16.953486,16.953486,6,2,2,1,2,154.1226,154.1226,154.1226,2.4096966191956433e-05
Orbitrap,17.0,17,0,2,2,1,2,382.17212,382.17212,382.17212,2.4096966191956433e-05
Orbitrap,17.007715,17.007715,6,2,2,1,2,340.1543,340.1543,340.1543,2.4096966191956433e-05
Orbitrap,17.020444,17.020444,6,2,2,1,2,243.1492,243.1492,243.1492,2.4096966191956433e-05
Orbitrap,17.043132,17.043132,6,2,2,2,2,284.0522,284.0522,284.0522,2.4096966191956433e-05
Orbitrap,17.045934000000003,17.045934000000003,15,2,2,1,2,284.0989,284.0989,284.0989,2.4096966191956433e-05
Orbitrap,17.047332,17.047332,6,2,2,1,2,142.0611,142.0611,142.0611,2.4096966191956433e-05
Orbitrap,17.048175999999998,17.048175999999998,15,2,2,1,2,213.1022,213.1022,213.1022,2.4096966191956433e-05
Orbitrap,17.056919999999998,17.056919999999998,15,2,2,1,2,341.1384,341.1384,341.1384,2.4096966191956433e-05
Orbitrap,17.060556039999998,17.060556039999998,15,2,2,1,2,341.2111208,341.2111208,341.2111208,2.4096966191956433e-05
Orbitrap,17.095897,17.095897,6,2,2,1,2,244.2271,244.2271,244.2271,2.4096966191956433e-05
Orbitrap,17.107735,17.107735,6,2,2,1,2,342.1547,342.1547,342.1547,2.4096966191956433e-05
Orbitrap,17.1085,17.1085,4,2,2,1,2,342.17,342.17,342.17,2.4096966191956433e-05
Orbitrap,17.109555,17.109555,6,2,2,1,2,342.1911,342.1911,342.1911,2.4096966191956433e-05
Orbitrap,17.129116,17.129116,6,2,2,1,2,428.2279,428.2279,428.2279,2.4096966191956433e-05
Orbitrap,17.166768,17.166768,6,2,2,1,2,143.0564,143.0564,143.0564,2.4096966191956433e-05
Orbitrap,17.200611000000002,17.200611000000002,15,2,2,1,2,191.1179,191.1179,191.1179,2.4096966191956433e-05
Orbitrap,17.299303,17.299303,6,2,2,1,2,247.1329,247.1329,247.1329,2.4096966191956433e-05
Orbitrap,17.30273552,17.30273552,8,2,2,1,2,346.0547104,346.0547104,346.0547104,2.4096966191956433e-05
Orbitrap,17.344241999999998,17.344241999999998,15,2,2,2,2,289.0707,289.0707,289.0707,2.4096966191956433e-05
Orbitrap,17.361065,17.361065,6,2,2,2,2,347.2213,347.2213,347.2213,2.4096966191956433e-05
Orbitrap,17.36396,17.36396,5,2,2,1,2,217.0495,217.0495,217.0495,2.4096966191956433e-05
Orbitrap,17.4527188,17.4527188,7,2,2,1,2,349.054376,349.054376,349.054376,2.4096966191956433e-05
Orbitrap,17.470584000000002,17.470584000000002,15,2,2,2,2,194.1176,194.1176,194.1176,2.4096966191956433e-05
Orbitrap,17.487128000000002,17.487128000000002,15,2,0,1,0,437.1782,437.1782,437.1782,2.4096966191956433e-05
Orbitrap,17.489428,17.489428,6,2,0,1,0,437.2357,437.2357,437.2357,2.4096966191956433e-05
Orbitrap,17.505845155,17.505845155,9,2,2,1,2,350.1169031,350.1169031,350.1169031,2.4096966191956433e-05
Orbitrap,17.507990000000003,17.507990000000003,15,2,2,1,2,350.1598,350.1598,350.1598,2.4096966191956433e-05
Orbitrap,17.5272,17.5272,4,2,2,2,2,146.06,146.06,146.06,2.4096966191956433e-05
Orbitrap,17.609544000000003,17.609544000000003,15,2,2,1,2,220.1193,220.1193,220.1193,2.4096966191956433e-05
Orbitrap,17.6103,17.6103,4,2,2,1,2,176.103,176.103,176.103,2.4096966191956433e-05
Orbitrap,17.645291999999998,17.645291999999998,15,2,2,1,2,147.0441,147.0441,147.0441,2.4096966191956433e-05
Orbitrap,17.649918999999997,17.649918999999997,15,2,2,1,2,252.1417,252.1417,252.1417,2.4096966191956433e-05
Orbitrap,17.659299999999998,17.659299999999998,15,2,2,1,2,353.186,353.186,353.186,2.4096966191956433e-05
Orbitrap,17.688034,17.688034,6,2,2,1,2,136.0618,136.0618,136.0618,2.4096966191956433e-05
Orbitrap,17.711423999999997,17.711423999999997,15,2,2,1,2,295.1904,295.1904,295.1904,2.4096966191956433e-05
Orbitrap,17.712058000000003,17.712058000000003,15,2,2,1,2,253.0294,253.0294,253.0294,2.4096966191956433e-05
Orbitrap,17.769869999999997,17.769869999999997,15,2,2,1,2,296.1645,296.1645,296.1645,2.4096966191956433e-05
Orbitrap,17.80928,17.80928,5,2,2,1,2,356.1856,356.1856,356.1856,2.4096966191956433e-05
Orbitrap,17.844808,17.844808,6,2,2,1,2,223.0601,223.0601,223.0601,2.4096966191956433e-05
Orbitrap,17.866319999999998,17.866319999999998,15,2,2,1,2,357.3264,357.3264,357.3264,2.4096966191956433e-05
Orbitrap,17.8868742,17.8868742,7,2,2,1,2,298.11457,298.11457,298.11457,2.4096966191956433e-05
Orbitrap,17.92071,17.92071,5,2,2,1,2,199.119,199.119,199.119,2.4096966191956433e-05
Orbitrap,17.944619000000003,17.944619000000003,15,2,2,1,2,163.1329,163.1329,163.1329,2.4096966191956433e-05
Orbitrap,17.957445,17.957445,6,2,2,1,2,359.1489,359.1489,359.1489,2.4096966191956433e-05
Orbitrap,17.959795,17.959795,6,2,2,2,2,359.1959,359.1959,359.1959,2.4096966191956433e-05
Orbitrap,17.966716400000003,17.966716400000003,15,2,2,1,2,449.16791,449.16791,449.16791,2.4096966191956433e-05
Orbitrap,18.012311999999998,18.012311999999998,15,2,2,1,2,150.1026,150.1026,150.1026,2.4096966191956433e-05
Orbitrap,18.0600475,18.0600475,7,2,2,1,2,361.20095,361.20095,361.20095,2.4096966191956433e-05
Orbitrap,18.067974000000003,18.067974000000003,15,2,2,1,2,301.1329,301.1329,301.1329,2.4096966191956433e-05
Orbitrap,18.105845,18.105845,6,2,2,2,2,362.1169,362.1169,362.1169,2.4096966191956433e-05
Orbitrap,18.160830005,18.160830005,9,2,2,1,2,363.2166001,363.2166001,363.2166001,2.4096966191956433e-05
Orbitrap,18.162331,18.162331,6,2,2,1,2,165.1121,165.1121,165.1121,2.4096966191956433e-05
Orbitrap,18.19173,18.19173,5,2,2,2,2,303.1955,303.1955,303.1955,2.4096966191956433e-05
Orbitrap,18.20812,18.20812,5,2,2,1,2,182.0812,182.0812,182.0812,2.4096966191956433e-05
Orbitrap,18.21176,18.21176,5,2,2,1,2,182.1176,182.1176,182.1176,2.4096966191956433e-05
Orbitrap,18.219030000000004,18.219030000000004,15,2,2,1,2,182.1903,182.1903,182.1903,2.4096966191956433e-05
Orbitrap,18.25246453,18.25246453,8,2,2,1,2,365.0492906,365.0492906,365.0492906,2.4096966191956433e-05
Orbitrap,18.273486,18.273486,6,2,2,1,2,166.1226,166.1226,166.1226,2.4096966191956433e-05
Orbitrap,18.307735,18.307735,6,2,2,1,2,366.1547,366.1547,366.1547,2.4096966191956433e-05
Orbitrap,18.494712,18.494712,6,2,2,1,2,154.1226,154.1226,154.1226,2.4096966191956433e-05
Orbitrap,18.548316,18.548316,6,2,2,1,2,206.0924,206.0924,206.0924,2.4096966191956433e-05
Orbitrap,18.563377,18.563377,6,2,2,1,2,265.1911,265.1911,265.1911,2.4096966191956433e-05
Orbitrap,18.652288,18.652288,6,2,2,1,2,233.1536,233.1536,233.1536,2.4096966191956433e-05
Orbitrap,18.7039,18.7039,4,2,2,1,2,187.039,187.039,187.039,2.4096966191956433e-05
Orbitrap,18.731988,18.731988,6,2,2,2,2,208.1332,208.1332,208.1332,2.4096966191956433e-05
Orbitrap,18.76265,18.76265,5,2,2,1,2,375.253,375.253,375.253,2.4096966191956433e-05
Orbitrap,18.792972,18.792972,6,2,2,2,2,313.2162,313.2162,313.2162,2.4096966191956433e-05
Orbitrap,18.820548,18.820548,6,2,2,1,2,209.1172,209.1172,209.1172,2.4096966191956433e-05
Orbitrap,18.835656,18.835656,6,2,2,1,2,269.0808,269.0808,269.0808,2.4096966191956433e-05
Orbitrap,18.836727,18.836727,6,2,2,1,2,269.0961,269.0961,269.0961,2.4096966191956433e-05
Orbitrap,18.90522,18.90522,5,2,2,1,2,315.087,315.087,315.087,2.4096966191956433e-05
Orbitrap,18.960575,18.960575,6,2,2,1,2,379.2115,379.2115,379.2115,2.4096966191956433e-05
Orbitrap,18.964260000000003,18.964260000000003,15,2,2,1,2,316.071,316.071,316.071,2.4096966191956433e-05
Orbitrap,19.0,19,0,2,2,1,2,382.17212,382.17212,382.17212,2.4096966191956433e-05
Orbitrap,19.03116,19.03116,5,2,2,1,2,317.186,317.186,317.186,2.4096966191956433e-05
Orbitrap,19.048652,19.048652,6,2,2,1,2,136.0618,136.0618,136.0618,2.4096966191956433e-05
Orbitrap,19.11179,19.11179,5,2,2,1,2,191.1179,191.1179,191.1179,2.4096966191956433e-05
Orbitrap,19.115732999999995,19.115732999999995,15,2,2,1,2,147.0441,147.0441,147.0441,2.4096966191956433e-05
Orbitrap,19.157604085,19.157604085,9,2,2,1,2,383.1520817,383.1520817,383.1520817,2.4096966191956433e-05
Orbitrap,19.179198,19.179198,6,2,2,1,2,213.1022,213.1022,213.1022,2.4096966191956433e-05
Orbitrap,19.22151,19.22151,5,2,2,1,2,128.1434,128.1434,128.1434,2.4096966191956433e-05
Orbitrap,19.251005872,19.251005872,9,2,2,1,2,156.0808,156.0808,156.0808,2.4096966191956433e-05
Orbitrap,19.25644324,19.25644324,8,2,2,1,2,385.1288648,385.1288648,385.1288648,2.4096966191956433e-05
Orbitrap,19.26353,19.26353,5,2,2,1,2,175.123,175.123,175.123,2.4096966191956433e-05
Orbitrap,19.268415,19.268415,6,2,2,1,2,214.0935,214.0935,214.0935,2.4096966191956433e-05
Orbitrap,19.270182,19.270182,6,2,2,1,2,321.1697,321.1697,321.1697,2.4096966191956433e-05
Orbitrap,19.324585,19.324585,6,2,2,1,2,276.0655,276.0655,276.0655,2.4096966191956433e-05
Orbitrap,19.354221,19.354221,6,2,2,1,2,215.0469,215.0469,215.0469,2.4096966191956433e-05
Orbitrap,19.356105,19.356105,6,2,2,1,2,129.0407,129.0407,129.0407,2.4096966191956433e-05
Orbitrap,19.368184,19.368184,6,2,2,1,2,242.1023,242.1023,242.1023,2.4096966191956433e-05
Orbitrap,19.390524000000003,19.390524000000003,15,2,2,1,2,323.1754,323.1754,323.1754,2.4096966191956433e-05
Orbitrap,19.391118,19.391118,6,2,2,1,2,323.1853,323.1853,323.1853,2.4096966191956433e-05
Orbitrap,19.451936,19.451936,6,2,2,1,2,243.1492,243.1492,243.1492,2.4096966191956433e-05
Orbitrap,19.538168,19.538168,6,2,2,1,2,244.2271,244.2271,244.2271,2.4096966191956433e-05
Orbitrap,19.563768,19.563768,6,2,2,1,2,163.0314,163.0314,163.0314,2.4096966191956433e-05
Orbitrap,19.5665778,19.5665778,7,2,2,1,2,326.10963,326.10963,326.10963,2.4096966191956433e-05
Orbitrap,19.569588,19.569588,6,2,2,1,2,326.1598,326.1598,326.1598,2.4096966191956433e-05
Orbitrap,19.748379,19.748379,6,2,2,1,2,282.1197,282.1197,282.1197,2.4096966191956433e-05
Orbitrap,19.770632000000003,19.770632000000003,15,2,2,1,2,247.1329,247.1329,247.1329,2.4096966191956433e-05
Orbitrap,19.80525,19.80525,5,2,0,1,0,198.0525,198.0525,198.0525,2.4096966191956433e-05
Orbitrap,19.810737,19.810737,6,2,2,1,2,220.1193,220.1193,220.1193,2.4096966191956433e-05
Orbitrap,19.813452,19.813452,6,2,2,1,2,165.1121,165.1121,165.1121,2.4096966191956433e-05
Orbitrap,19.889884,19.889884,6,2,2,1,2,284.1412,284.1412,284.1412,2.4096966191956433e-05
Orbitrap,19.910865,19.910865,6,2,2,1,2,398.2173,398.2173,398.2173,2.4096966191956433e-05
Orbitrap,20.008775,20.008775,6,2,2,1,2,400.1755,400.1755,400.1755,2.4096966191956433e-05
Orbitrap,20.035938,20.035938,6,2,2,1,2,154.1226,154.1226,154.1226,2.4096966191956433e-05
Orbitrap,20.040933000000003,20.040933000000003,15,2,2,1,2,182.1903,182.1903,182.1903,2.4096966191956433e-05
Orbitrap,20.049894,20.049894,6,2,2,1,2,334.1649,334.1649,334.1649,2.4096966191956433e-05
Orbitrap,20.075409,20.075409,6,2,2,1,2,223.0601,223.0601,223.0601,2.4096966191956433e-05
Orbitrap,20.087312,20.087312,6,2,2,1,2,251.0914,251.0914,251.0914,2.4096966191956433e-05
Orbitrap,20.1541778564453,20.1541778564453,13,2,2,2,2,403.083557128906,403.083557128906,403.083557128906,2.4096966191956433e-05
Orbitrap,20.168253,20.168253,6,2,2,2,2,224.0917,224.0917,224.0917,2.4096966191956433e-05
Orbitrap,20.16861,20.16861,5,2,2,1,2,288.123,288.123,288.123,2.4096966191956433e-05
Orbitrap,20.17083,20.17083,5,2,2,1,2,336.1805,336.1805,336.1805,2.4096966191956433e-05
Orbitrap,20.173572,20.173572,6,2,2,1,2,168.1131,168.1131,168.1131,2.4096966191956433e-05
Orbitrap,20.20854,20.20854,5,2,2,2,2,202.0854,202.0854,202.0854,2.4096966191956433e-05
Orbitrap,20.409258,20.409258,6,2,2,1,2,340.1543,340.1543,340.1543,2.4096966191956433e-05
Orbitrap,20.40927,20.40927,5,2,2,1,2,136.0618,136.0618,136.0618,2.4096966191956433e-05
Orbitrap,20.448400000000003,20.448400000000003,15,2,2,2,2,146.06,146.06,146.06,2.4096966191956433e-05
Orbitrap,20.468304,20.468304,6,2,2,1,2,341.1384,341.1384,341.1384,2.4096966191956433e-05
Orbitrap,20.50972,20.50972,5,2,2,1,2,205.0972,205.0972,205.0972,2.4096966191956433e-05
Orbitrap,20.529282,20.529282,6,2,2,1,2,342.1547,342.1547,342.1547,2.4096966191956433e-05
Orbitrap,20.530404,20.530404,6,2,2,1,2,342.1734,342.1734,342.1734,2.4096966191956433e-05
Orbitrap,20.531466,20.531466,6,2,2,1,2,342.1911,342.1911,342.1911,2.4096966191956433e-05
Orbitrap,20.586174,20.586174,6,2,2,1,2,147.0441,147.0441,147.0441,2.4096966191956433e-05
Orbitrap,20.609593125,20.609593125,9,2,2,1,2,412.1918625,412.1918625,412.1918625,2.4096966191956433e-05
Orbitrap,20.61165,20.61165,5,2,2,1,2,412.233,412.233,412.233,2.4096966191956433e-05
Orbitrap,20.621007,20.621007,6,2,2,1,2,229.1223,229.1223,229.1223,2.4096966191956433e-05
Orbitrap,20.663328,20.663328,6,2,2,1,2,295.1904,295.1904,295.1904,2.4096966191956433e-05
Orbitrap,20.71061,20.71061,5,2,2,1,2,414.2122,414.2122,414.2122,2.4096966191956433e-05
Orbitrap,20.716835,20.716835,6,2,2,1,2,414.3367,414.3367,414.3367,2.4096966191956433e-05
Orbitrap,20.731515,20.731515,6,2,2,1,2,296.1645,296.1645,296.1645,2.4096966191956433e-05
Orbitrap,20.764548,20.764548,6,2,2,1,2,173.0379,173.0379,173.0379,2.4096966191956433e-05
Orbitrap,20.766035,20.766035,6,2,2,1,2,415.3207,415.3207,415.3207,2.4096966191956433e-05
Orbitrap,20.814348,20.814348,6,2,2,1,2,346.9058,346.9058,346.9058,2.4096966191956433e-05
Orbitrap,20.817615,20.817615,6,2,2,1,2,416.3523,416.3523,416.3523,2.4096966191956433e-05
Orbitrap,20.911720000000003,20.911720000000003,15,2,2,1,2,209.1172,209.1172,209.1172,2.4096966191956433e-05
Orbitrap,20.91285,20.91285,5,2,2,1,2,209.1285,209.1285,209.1285,2.4096966191956433e-05
Orbitrap,20.983824,20.983824,6,2,2,1,2,233.1536,233.1536,233.1536,2.4096966191956433e-05
Orbitrap,21.022969,21.022969,6,2,2,1,2,191.1179,191.1179,191.1179,2.4096966191956433e-05
Orbitrap,21.047312,21.047312,6,2,2,2,2,263.0914,263.0914,263.0914,2.4096966191956433e-05
Orbitrap,21.19116,21.19116,5,2,2,1,2,353.186,353.186,353.186,2.4096966191956433e-05
Orbitrap,21.24564,21.24564,5,2,2,1,2,177.047,177.047,177.047,2.4096966191956433e-05
Orbitrap,21.309165,21.309165,6,2,2,1,2,142.0611,142.0611,142.0611,2.4096966191956433e-05
Orbitrap,21.371136000000003,21.371136000000003,15,2,2,1,2,356.1856,356.1856,356.1856,2.4096966191956433e-05
Orbitrap,21.372728,21.372728,6,2,2,2,2,267.1591,267.1591,267.1591,2.4096966191956433e-05
Orbitrap,21.411395,21.411395,6,2,2,1,2,428.2279,428.2279,428.2279,2.4096966191956433e-05
Orbitrap,21.41183,21.41183,5,2,2,1,2,428.2366,428.2366,428.2366,2.4096966191956433e-05
Orbitrap,21.439584,21.439584,6,2,2,1,2,357.3264,357.3264,357.3264,2.4096966191956433e-05
Orbitrap,21.45846,21.45846,5,2,2,1,2,143.0564,143.0564,143.0564,2.4096966191956433e-05
Orbitrap,21.526464,21.526464,6,2,2,1,2,269.0808,269.0808,269.0808,2.4096966191956433e-05
Orbitrap,21.548934000000003,21.548934000000003,15,2,2,1,2,359.1489,359.1489,359.1489,2.4096966191956433e-05
Orbitrap,21.577164,21.577164,6,2,2,1,2,154.1226,154.1226,154.1226,2.4096966191956433e-05
Orbitrap,21.595938,21.595938,6,2,2,1,2,166.1226,166.1226,166.1226,2.4096966191956433e-05
Orbitrap,21.608268,21.608268,6,2,2,1,2,180.0689,180.0689,180.0689,2.4096966191956433e-05
Orbitrap,21.612228,21.612228,6,2,2,2,2,180.1019,180.1019,180.1019,2.4096966191956433e-05
Orbitrap,21.69044,21.69044,5,2,0,1,0,271.1305,271.1305,271.1305,2.4096966191956433e-05
Orbitrap,21.769888,21.769888,6,2,2,1,2,136.0618,136.0618,136.0618,2.4096966191956433e-05
Orbitrap,21.784378,21.784378,6,2,2,1,2,128.1434,128.1434,128.1434,2.4096966191956433e-05
Orbitrap,21.789207,21.789207,6,2,2,1,2,242.1023,242.1023,242.1023,2.4096966191956433e-05
Orbitrap,21.843785348,21.843785348,9,2,2,1,2,177.1022,177.1022,177.1022,2.4096966191956433e-05
Orbitrap,21.850792,21.850792,6,2,2,1,2,546.2698,546.2698,546.2698,2.4096966191956433e-05
Orbitrap,21.854112,21.854112,6,2,2,1,2,182.1176,182.1176,182.1176,2.4096966191956433e-05
Orbitrap,21.862836,21.862836,6,2,2,1,2,182.1903,182.1903,182.1903,2.4096966191956433e-05
Orbitrap,21.883428,21.883428,6,2,2,1,2,243.1492,243.1492,243.1492,2.4096966191956433e-05
Orbitrap,21.908694,21.908694,6,2,2,1,2,365.1449,365.1449,365.1449,2.4096966191956433e-05
Orbitrap,21.969282,21.969282,6,2,2,1,2,366.1547,366.1547,366.1547,2.4096966191956433e-05
Orbitrap,21.977352,21.977352,6,2,2,2,2,122.0964,122.0964,122.0964,2.4096966191956433e-05
Orbitrap,21.980439,21.980439,6,2,2,1,2,244.2271,244.2271,244.2271,2.4096966191956433e-05
Orbitrap,22.0,22,0,2,2,1,2,211.11284,211.11284,211.11284,2.4096966191956433e-05
Orbitrap,22.056615,22.056615,6,2,2,1,2,147.0441,147.0441,147.0441,2.4096966191956433e-05
Orbitrap,22.241961,22.241961,6,2,2,1,2,247.1329,247.1329,247.1329,2.4096966191956433e-05
Orbitrap,22.246245,22.246245,6,2,2,1,2,247.1805,247.1805,247.1805,2.4096966191956433e-05
Orbitrap,22.258025,22.258025,6,2,2,1,2,445.1605,445.1605,445.1605,2.4096966191956433e-05
Orbitrap,22.269606,22.269606,6,2,2,1,2,371.1601,371.1601,371.1601,2.4096966191956433e-05
Orbitrap,22.30601,22.30601,5,2,2,1,2,223.0601,223.0601,223.0601,2.4096966191956433e-05
Orbitrap,22.30747,22.30747,5,2,2,1,2,223.0747,223.0747,223.0747,2.4096966191956433e-05
Orbitrap,22.34078,22.34078,5,2,2,1,2,319.154,319.154,319.154,2.4096966191956433e-05
Orbitrap,22.44468,22.44468,5,2,2,1,2,187.039,187.039,187.039,2.4096966191956433e-05
Orbitrap,22.445604,22.445604,6,2,2,1,2,374.0934,374.0934,374.0934,2.4096966191956433e-05
Orbitrap,22.453956,22.453956,6,2,2,1,2,374.2326,374.2326,374.2326,2.4096966191956433e-05
Orbitrap,22.485474000000004,22.485474000000004,15,2,2,1,2,749.5158,749.5158,749.5158,2.4096966191956433e-05
Orbitrap,22.51539,22.51539,5,2,2,1,2,150.1026,150.1026,150.1026,2.4096966191956433e-05
Orbitrap,22.516069975,22.516069975,9,2,2,1,2,450.3213995,450.3213995,450.3213995,2.4096966191956433e-05
Orbitrap,22.56786,22.56786,5,2,2,1,2,376.131,376.131,376.131,2.4096966191956433e-05
Orbitrap,22.622278,22.622278,6,2,2,1,2,323.1754,323.1754,323.1754,2.4096966191956433e-05
Orbitrap,22.754949,22.754949,6,2,2,1,2,325.0707,325.0707,325.0707,2.4096966191956433e-05
Orbitrap,22.832257,22.832257,6,2,2,1,2,326.1751,326.1751,326.1751,2.4096966191956433e-05
Orbitrap,22.875759,22.875759,6,2,2,1,2,254.1751,254.1751,254.1751,2.4096966191956433e-05
Orbitrap,22.934148,22.934148,6,2,2,1,2,191.1179,191.1179,191.1179,2.4096966191956433e-05
Orbitrap,23.002892,23.002892,6,2,2,1,2,209.1172,209.1172,209.1172,2.4096966191956433e-05
Orbitrap,23.004135,23.004135,6,2,2,1,2,209.1285,209.1285,209.1285,2.4096966191956433e-05
Orbitrap,23.00958,23.00958,5,2,2,1,2,230.0958,230.0958,230.0958,2.4096966191956433e-05
Orbitrap,23.04984,23.04984,5,2,2,1,2,288.123,288.123,288.123,2.4096966191956433e-05
Orbitrap,23.065812,23.065812,6,2,2,1,2,128.1434,128.1434,128.1434,2.4096966191956433e-05
Orbitrap,23.099694,23.099694,6,2,2,1,2,384.9949,384.9949,384.9949,2.4096966191956433e-05
Orbitrap,23.1138,23.1138,4,2,2,1,2,231.138,231.138,231.138,2.4096966191956433e-05
Orbitrap,23.11839,23.11839,5,2,2,1,2,154.1226,154.1226,154.1226,2.4096966191956433e-05
Orbitrap,23.125656,23.125656,6,2,2,2,2,289.0707,289.0707,289.0707,2.4096966191956433e-05
Orbitrap,23.130506,23.130506,6,2,2,1,2,136.0618,136.0618,136.0618,2.4096966191956433e-05
Orbitrap,23.227326,23.227326,6,2,2,1,2,129.0407,129.0407,129.0407,2.4096966191956433e-05
Orbitrap,23.257164,23.257164,6,2,2,1,2,166.1226,166.1226,166.1226,2.4096966191956433e-05
Orbitrap,23.31536,23.31536,5,2,2,1,2,233.1536,233.1536,233.1536,2.4096966191956433e-05
Orbitrap,23.3696,23.3696,4,2,2,2,2,146.06,146.06,146.06,2.4096966191956433e-05
Orbitrap,23.391543,23.391543,6,2,2,1,2,334.1649,334.1649,334.1649,2.4096966191956433e-05
Orbitrap,23.441242000000003,23.441242000000003,15,2,2,1,2,213.1022,213.1022,213.1022,2.4096966191956433e-05
Orbitrap,23.527056,23.527056,6,2,2,1,2,147.0441,147.0441,147.0441,2.4096966191956433e-05
Orbitrap,23.59257,23.59257,5,2,0,1,0,393.2095,393.2095,393.2095,2.4096966191956433e-05
Orbitrap,23.615232,23.615232,6,2,2,1,2,295.1904,295.1904,295.1904,2.4096966191956433e-05
Orbitrap,23.684739,23.684739,6,2,2,1,2,182.1903,182.1903,182.1903,2.4096966191956433e-05
Orbitrap,23.693159999999995,23.693159999999995,15,2,2,1,2,296.1645,296.1645,296.1645,2.4096966191956433e-05
Orbitrap,23.810801,23.810801,6,2,2,1,2,340.1543,340.1543,340.1543,2.4096966191956433e-05
Orbitrap,23.879688,23.879688,6,2,2,1,2,341.1384,341.1384,341.1384,2.4096966191956433e-05
Orbitrap,23.893038,23.893038,6,2,2,1,2,398.2173,398.2173,398.2173,2.4096966191956433e-05
Orbitrap,23.89428,23.89428,5,2,2,1,2,199.119,199.119,199.119,2.4096966191956433e-05
Orbitrap,23.950829,23.950829,6,2,2,1,2,342.1547,342.1547,342.1547,2.4096966191956433e-05
Orbitrap,23.953377,23.953377,6,2,2,1,2,342.1911,342.1911,342.1911,2.4096966191956433e-05
Orbitrap,24.01053,24.01053,5,2,2,1,2,400.1755,400.1755,400.1755,2.4096966191956433e-05
Orbitrap,24.130920000000003,24.130920000000003,15,2,2,1,2,201.091,201.091,201.091,2.4096966191956433e-05
Orbitrap,24.210230000000003,24.210230000000003,15,2,2,1,2,242.1023,242.1023,242.1023,2.4096966191956433e-05
Orbitrap,24.217272,24.217272,6,2,2,1,2,269.0808,269.0808,269.0808,2.4096966191956433e-05
Orbitrap,24.25564,24.25564,5,2,2,2,2,303.1955,303.1955,303.1955,2.4096966191956433e-05
Orbitrap,24.31492,24.31492,5,2,2,1,2,243.1492,243.1492,243.1492,2.4096966191956433e-05
Orbitrap,24.318287999999995,24.318287999999995,15,2,2,1,2,135.1016,135.1016,135.1016,2.4096966191956433e-05
Orbitrap,24.332344,24.332344,6,2,2,1,2,304.1543,304.1543,304.1543,2.4096966191956433e-05
Orbitrap,24.347246,24.347246,6,2,2,1,2,128.1434,128.1434,128.1434,2.4096966191956433e-05
Orbitrap,24.409280000000003,24.409280000000003,15,2,2,1,2,244.0928,244.0928,244.0928,2.4096966191956433e-05
Orbitrap,24.42271,24.42271,5,2,2,1,2,244.2271,244.2271,244.2271,2.4096966191956433e-05
Orbitrap,24.45471,24.45471,5,2,2,1,2,163.0314,163.0314,163.0314,2.4096966191956433e-05
Orbitrap,24.455730345,24.455730345,9,2,2,1,2,489.1146069,489.1146069,489.1146069,2.4096966191956433e-05
Orbitrap,24.491124,24.491124,6,2,2,1,2,136.0618,136.0618,136.0618,2.4096966191956433e-05
Orbitrap,24.50954,24.50954,5,2,2,1,2,245.0954,245.0954,245.0954,2.4096966191956433e-05
Orbitrap,24.51722,24.51722,5,2,2,1,2,175.123,175.123,175.123,2.4096966191956433e-05
Orbitrap,24.536611,24.536611,6,2,2,1,2,223.0601,223.0601,223.0601,2.4096966191956433e-05
Orbitrap,24.659616000000003,24.659616000000003,15,2,2,1,2,154.1226,154.1226,154.1226,2.4096966191956433e-05
Orbitrap,24.71329,24.71329,5,2,2,1,2,247.1329,247.1329,247.1329,2.4096966191956433e-05
Orbitrap,24.71805,24.71805,5,2,2,1,2,247.1805,247.1805,247.1805,2.4096966191956433e-05
Orbitrap,24.72302,24.72302,5,2,2,1,2,353.186,353.186,353.186,2.4096966191956433e-05
Orbitrap,24.725568,24.725568,6,2,2,1,2,353.2224,353.2224,353.2224,2.4096966191956433e-05
Orbitrap,24.731088,24.731088,6,2,2,1,2,206.0924,206.0924,206.0924,2.4096966191956433e-05
Orbitrap,24.73398,24.73398,5,2,2,1,2,412.233,412.233,412.233,2.4096966191956433e-05
Orbitrap,24.845327,24.845327,6,2,2,1,2,191.1179,191.1179,191.1179,2.4096966191956433e-05
Orbitrap,24.847074,24.847074,6,2,2,1,2,276.0786,276.0786,276.0786,2.4096966191956433e-05
Orbitrap,24.852732,24.852732,6,2,2,1,2,414.2122,414.2122,414.2122,2.4096966191956433e-05
Orbitrap,24.860202,24.860202,6,2,2,1,2,414.3367,414.3367,414.3367,2.4096966191956433e-05
Orbitrap,24.919242,24.919242,6,2,2,1,2,415.3207,415.3207,415.3207,2.4096966191956433e-05
Orbitrap,24.932992,24.932992,6,2,2,1,2,356.1856,356.1856,356.1856,2.4096966191956433e-05
Orbitrap,24.997497,24.997497,6,2,2,1,2,147.0441,147.0441,147.0441,2.4096966191956433e-05
Orbitrap,25.10914,25.10914,5,2,2,1,2,251.0914,251.0914,251.0914,2.4096966191956433e-05
Orbitrap,25.123851,25.123851,6,2,2,1,2,837.4617,837.4617,837.4617,2.4096966191956433e-05
Orbitrap,25.140423,25.140423,6,2,2,1,2,359.1489,359.1489,359.1489,2.4096966191956433e-05
Orbitrap,25.176703496,25.176703496,9,2,2,1,2,204.1244,204.1244,204.1244,2.4096966191956433e-05
Orbitrap,25.2121794,25.2121794,7,2,2,1,2,420.20299,420.20299,420.20299,2.4096966191956433e-05
Orbitrap,25.216965,25.216965,6,2,2,1,2,168.1131,168.1131,168.1131,2.4096966191956433e-05
Orbitrap,25.258815545,25.258815545,9,2,2,2,2,505.1763109,505.1763109,505.1763109,2.4096966191956433e-05
Orbitrap,25.33272,25.33272,5,2,2,1,2,844.424,844.424,844.424,2.4096966191956433e-05
Orbitrap,25.496464,25.496464,6,2,2,1,2,182.1176,182.1176,182.1176,2.4096966191956433e-05
Orbitrap,25.506642,25.506642,6,2,2,1,2,182.1903,182.1903,182.1903,2.4096966191956433e-05
Orbitrap,25.523085,25.523085,6,2,2,1,2,170.1539,170.1539,170.1539,2.4096966191956433e-05
Orbitrap,25.570998000000003,25.570998000000003,15,2,2,1,2,142.0611,142.0611,142.0611,2.4096966191956433e-05
Orbitrap,25.630829,25.630829,6,2,2,1,2,366.1547,366.1547,366.1547,2.4096966191956433e-05
Orbitrap,25.646896,25.646896,6,2,2,1,2,233.1536,233.1536,233.1536,2.4096966191956433e-05
Orbitrap,25.690664,25.690664,6,2,2,2,2,321.1333,321.1333,321.1333,2.4096966191956433e-05
Orbitrap,25.69122,25.69122,5,2,2,1,2,214.0935,214.0935,214.0935,2.4096966191956433e-05
Orbitrap,25.693576,25.693576,6,2,2,1,2,321.1697,321.1697,321.1697,2.4096966191956433e-05
Orbitrap,25.693674,25.693674,6,2,2,1,2,428.2279,428.2279,428.2279,2.4096966191956433e-05
Orbitrap,25.746528,25.746528,6,2,2,1,2,429.1088,429.1088,429.1088,2.4096966191956433e-05
Orbitrap,25.750152,25.750152,6,2,2,1,2,143.0564,143.0564,143.0564,2.4096966191956433e-05
Orbitrap,25.805568,25.805568,6,2,2,1,2,430.0928,430.0928,430.0928,2.4096966191956433e-05
Orbitrap,25.805628,25.805628,6,2,2,1,2,215.0469,215.0469,215.0469,2.4096966191956433e-05
Orbitrap,25.83495,25.83495,5,2,2,1,2,287.055,287.055,287.055,2.4096966191956433e-05
Orbitrap,25.851742,25.851742,6,2,2,1,2,136.0618,136.0618,136.0618,2.4096966191956433e-05
Orbitrap,25.852888,25.852888,6,2,2,1,2,646.3222,646.3222,646.3222,2.4096966191956433e-05
Orbitrap,25.854032000000004,25.854032000000004,15,2,2,1,2,323.1754,323.1754,323.1754,2.4096966191956433e-05
Orbitrap,25.854824,25.854824,6,2,2,1,2,323.1853,323.1853,323.1853,2.4096966191956433e-05
Orbitrap,25.93107,25.93107,5,2,2,1,2,288.123,288.123,288.123,2.4096966191956433e-05
Orbitrap,25.955685000000003,25.955685000000003,15,2,2,1,2,173.0379,173.0379,173.0379,2.4096966191956433e-05
Orbitrap,26.005656,26.005656,6,2,2,1,2,325.0707,325.0707,325.0707,2.4096966191956433e-05
Orbitrap,26.06150286,26.06150286,8,2,2,1,2,521.2300572,521.2300572,521.2300572,2.4096966191956433e-05
Orbitrap,26.200842,26.200842,6,2,2,1,2,154.1226,154.1226,154.1226,2.4096966191956433e-05
Orbitrap,26.230692,26.230692,6,2,0,1,0,437.1782,437.1782,437.1782,2.4096966191956433e-05
Orbitrap,26.26845,26.26845,5,2,2,1,2,175.123,175.123,175.123,2.4096966191956433e-05
Orbitrap,26.2908,26.2908,4,2,2,2,2,146.06,146.06,146.06,2.4096966191956433e-05
Orbitrap,26.309140000000003,26.309140000000003,15,2,2,2,2,263.0914,263.0914,263.0914,2.4096966191956433e-05
Orbitrap,26.467938,26.467938,6,2,2,1,2,147.0441,147.0441,147.0441,2.4096966191956433e-05
Orbitrap,26.517513,26.517513,6,2,0,1,0,241.0683,241.0683,241.0683,2.4096966191956433e-05
Orbitrap,26.544805,26.544805,6,2,2,1,2,379.2115,379.2115,379.2115,2.4096966191956433e-05
Orbitrap,26.55705,26.55705,5,2,2,1,2,177.047,177.047,177.047,2.4096966191956433e-05
Orbitrap,26.567136,26.567136,6,2,2,1,2,295.1904,295.1904,295.1904,2.4096966191956433e-05
Orbitrap,26.579616,26.579616,6,2,2,1,2,166.1226,166.1226,166.1226,2.4096966191956433e-05
Orbitrap,26.631253,26.631253,6,2,2,1,2,242.1023,242.1023,242.1023,2.4096966191956433e-05
Orbitrap,26.654805,26.654805,6,2,2,1,2,296.1645,296.1645,296.1645,2.4096966191956433e-05
Orbitrap,26.715910000000004,26.715910000000004,15,2,2,2,2,267.1591,267.1591,267.1591,2.4096966191956433e-05
Orbitrap,26.733192,26.733192,6,2,2,1,2,334.1649,334.1649,334.1649,2.4096966191956433e-05
Orbitrap,26.746412,26.746412,6,2,2,1,2,243.1492,243.1492,243.1492,2.4096966191956433e-05
Orbitrap,26.756506,26.756506,6,2,2,1,2,191.1179,191.1179,191.1179,2.4096966191956433e-05
Orbitrap,26.767212,26.767212,6,2,2,1,2,223.0601,223.0601,223.0601,2.4096966191956433e-05
Orbitrap,26.814032000000005,26.814032000000005,15,2,2,1,2,335.1754,335.1754,335.1754,2.4096966191956433e-05
Orbitrap,26.864981,26.864981,6,2,2,1,2,244.2271,244.2271,244.2271,2.4096966191956433e-05
Orbitrap,26.891004,26.891004,6,2,2,2,2,224.0917,224.0917,224.0917,2.4096966191956433e-05
Orbitrap,26.90808,26.90808,5,2,2,1,2,269.0808,269.0808,269.0808,2.4096966191956433e-05
Orbitrap,27.018468,27.018468,6,2,2,1,2,150.1026,150.1026,150.1026,2.4096966191956433e-05
Orbitrap,27.071634,27.071634,6,2,0,1,0,451.1939,451.1939,451.1939,2.4096966191956433e-05
Orbitrap,27.101961,27.101961,6,2,2,1,2,301.1329,301.1329,301.1329,2.4096966191956433e-05
Orbitrap,27.131504,27.131504,6,2,2,2,2,339.1438,339.1438,339.1438,2.4096966191956433e-05
Orbitrap,27.184619,27.184619,6,2,2,1,2,247.1329,247.1329,247.1329,2.4096966191956433e-05
Orbitrap,27.186705000000003,27.186705000000003,15,2,2,1,2,209.1285,209.1285,209.1285,2.4096966191956433e-05
Orbitrap,27.189855,27.189855,6,2,2,1,2,247.1805,247.1805,247.1805,2.4096966191956433e-05
Orbitrap,27.20905,27.20905,5,2,2,1,2,544.181,544.181,544.181,2.4096966191956433e-05
Orbitrap,27.212344,27.212344,6,2,2,1,2,340.1543,340.1543,340.1543,2.4096966191956433e-05
Orbitrap,27.21236,27.21236,5,2,2,1,2,136.0618,136.0618,136.0618,2.4096966191956433e-05
Orbitrap,27.291072,27.291072,6,2,2,1,2,341.1384,341.1384,341.1384,2.4096966191956433e-05
Orbitrap,27.31349,27.31349,5,2,2,1,2,546.2698,546.2698,546.2698,2.4096966191956433e-05
Orbitrap,27.31476,27.31476,5,2,2,1,2,910.492,910.492,910.492,2.4096966191956433e-05
Orbitrap,27.317640000000004,27.317640000000004,15,2,2,1,2,182.1176,182.1176,182.1176,2.4096966191956433e-05
Orbitrap,27.328545,27.328545,6,2,2,1,2,182.1903,182.1903,182.1903,2.4096966191956433e-05
Orbitrap,27.356436,27.356436,6,2,2,1,2,455.9406,455.9406,455.9406,2.4096966191956433e-05
Orbitrap,27.373600000000003,27.373600000000003,15,2,2,1,2,342.17,342.17,342.17,2.4096966191956433e-05
Orbitrap,27.375288,27.375288,6,2,2,1,2,342.1911,342.1911,342.1911,2.4096966191956433e-05
Orbitrap,27.524665,27.524665,6,2,0,1,0,393.2095,393.2095,393.2095,2.4096966191956433e-05
Orbitrap,27.663755,27.663755,6,2,2,1,2,395.1965,395.1965,395.1965,2.4096966191956433e-05
Orbitrap,27.703286,27.703286,6,2,2,1,2,213.1022,213.1022,213.1022,2.4096966191956433e-05
Orbitrap,27.737904000000004,27.737904000000004,15,2,2,1,2,231.1492,231.1492,231.1492,2.4096966191956433e-05
Orbitrap,27.742068,27.742068,6,2,2,1,2,154.1226,154.1226,154.1226,2.4096966191956433e-05
Orbitrap,27.850732200000003,27.850732200000003,15,2,2,1,2,464.17887,464.17887,464.17887,2.4096966191956433e-05
Orbitrap,27.875211000000004,27.875211000000004,15,2,2,1,2,398.2173,398.2173,398.2173,2.4096966191956433e-05
Orbitrap,27.938379,27.938379,6,2,2,1,2,147.0441,147.0441,147.0441,2.4096966191956433e-05
Orbitrap,27.945276,27.945276,6,2,2,1,2,147.0804,147.0804,147.0804,2.4096966191956433e-05
Orbitrap,27.978432,27.978432,6,2,2,1,2,233.1536,233.1536,233.1536,2.4096966191956433e-05
Orbitrap,28.012285,28.012285,6,2,2,1,2,400.1755,400.1755,400.1755,2.4096966191956433e-05
Orbitrap,28.240842,28.240842,6,2,2,1,2,166.1226,166.1226,166.1226,2.4096966191956433e-05
Orbitrap,28.25488,28.25488,5,2,2,1,2,353.186,353.186,353.186,2.4096966191956433e-05
Orbitrap,28.291956,28.291956,6,2,2,2,2,202.0854,202.0854,202.0854,2.4096966191956433e-05
Orbitrap,28.3154,28.3154,4,2,2,1,2,283.154,283.154,283.154,2.4096966191956433e-05
Orbitrap,28.31908152,28.31908152,8,2,2,1,2,566.3816304,566.3816304,566.3816304,2.4096966191956433e-05
Orbitrap,28.35311483,28.35311483,8,2,2,1,2,567.0622966,567.0622966,567.0622966,2.4096966191956433e-05
Orbitrap,28.35783,28.35783,5,2,2,1,2,315.087,315.087,315.087,2.4096966191956433e-05
Orbitrap,28.446390000000005,28.446390000000005,15,2,2,1,2,316.071,316.071,316.071,2.4096966191956433e-05
Orbitrap,28.494848,28.494848,6,2,2,1,2,356.1856,356.1856,356.1856,2.4096966191956433e-05
Orbitrap,28.54674,28.54674,5,2,2,1,2,317.186,317.186,317.186,2.4096966191956433e-05
Orbitrap,28.572978000000003,28.572978000000003,15,2,2,1,2,136.0618,136.0618,136.0618,2.4096966191956433e-05
Orbitrap,28.667685,28.667685,6,2,2,1,2,191.1179,191.1179,191.1179,2.4096966191956433e-05
Orbitrap,28.677192,28.677192,6,2,2,1,2,238.9766,238.9766,238.9766,2.4096966191956433e-05
Orbitrap,28.72386,28.72386,5,2,2,1,2,319.154,319.154,319.154,2.4096966191956433e-05
Orbitrap,28.8123,28.8123,4,2,2,1,2,288.123,288.123,288.123,2.4096966191956433e-05
Orbitrap,28.85631,28.85631,5,2,2,1,2,412.233,412.233,412.233,2.4096966191956433e-05
Orbitrap,28.89608,28.89608,5,2,2,1,2,361.201,361.201,361.201,2.4096966191956433e-05
Orbitrap,28.90707,28.90707,5,2,2,2,2,289.0707,289.0707,289.0707,2.4096966191956433e-05
Orbitrap,28.926163,28.926163,6,2,2,1,2,170.1539,170.1539,170.1539,2.4096966191956433e-05
Orbitrap,28.994854,28.994854,6,2,2,1,2,414.2122,414.2122,414.2122,2.4096966191956433e-05
Orbitrap,28.997813,28.997813,6,2,2,1,2,223.0601,223.0601,223.0601,2.4096966191956433e-05
Orbitrap,29.003569,29.003569,6,2,2,1,2,414.3367,414.3367,414.3367,2.4096966191956433e-05
Orbitrap,29.016120000000004,29.016120000000004,15,2,2,1,2,290.1612,290.1612,290.1612,2.4096966191956433e-05
Orbitrap,29.052276000000003,29.052276000000003,15,2,2,1,2,242.1023,242.1023,242.1023,2.4096966191956433e-05
Orbitrap,29.072449,29.072449,6,2,2,1,2,415.3207,415.3207,415.3207,2.4096966191956433e-05
Orbitrap,29.085786,29.085786,6,2,2,1,2,323.1754,323.1754,323.1754,2.4096966191956433e-05
Orbitrap,29.11764,29.11764,5,2,2,2,2,194.1176,194.1176,194.1176,2.4096966191956433e-05
Orbitrap,29.138816,29.138816,6,2,2,1,2,182.1176,182.1176,182.1176,2.4096966191956433e-05
Orbitrap,29.150448,29.150448,6,2,2,1,2,182.1903,182.1903,182.1903,2.4096966191956433e-05
Orbitrap,29.177904,29.177904,6,2,2,1,2,243.1492,243.1492,243.1492,2.4096966191956433e-05
Orbitrap,29.256363,29.256363,6,2,2,1,2,325.0707,325.0707,325.0707,2.4096966191956433e-05
Orbitrap,29.277990000000003,29.277990000000003,15,2,2,1,2,209.1285,209.1285,209.1285,2.4096966191956433e-05
Orbitrap,29.283294,29.283294,6,2,2,1,2,154.1226,154.1226,154.1226,2.4096966191956433e-05
Orbitrap,29.292376,29.292376,6,2,2,1,2,366.1547,366.1547,366.1547,2.4096966191956433e-05
Orbitrap,29.307252,29.307252,6,2,2,1,2,244.2271,244.2271,244.2271,2.4096966191956433e-05
Orbitrap,29.345652,29.345652,6,2,2,1,2,163.0314,163.0314,163.0314,2.4096966191956433e-05
Orbitrap,29.408819999999995,29.408819999999995,15,2,2,1,2,147.0441,147.0441,147.0441,2.4096966191956433e-05
Orbitrap,29.41608,29.41608,5,2,2,1,2,147.0804,147.0804,147.0804,2.4096966191956433e-05
Orbitrap,29.51904,29.51904,5,2,2,1,2,295.1904,295.1904,295.1904,2.4096966191956433e-05
Orbitrap,29.595699,29.595699,6,2,2,1,2,986.5233,986.5233,986.5233,2.4096966191956433e-05
Orbitrap,29.598888,29.598888,6,2,2,1,2,269.0808,269.0808,269.0808,2.4096966191956433e-05
Orbitrap,29.61645,29.61645,5,2,2,1,2,296.1645,296.1645,296.1645,2.4096966191956433e-05
Orbitrap,29.655948,29.655948,6,2,2,1,2,247.1329,247.1329,247.1329,2.4096966191956433e-05
Orbitrap,29.66166,29.66166,5,2,2,1,2,247.1805,247.1805,247.1805,2.4096966191956433e-05
Orbitrap,29.80968,29.80968,5,2,2,1,2,298.0968,298.0968,298.0968,2.4096966191956433e-05
Orbitrap,29.824355,29.824355,6,2,0,1,0,271.1305,271.1305,271.1305,2.4096966191956433e-05
Orbitrap,29.841021,29.841021,6,2,2,1,2,426.3003,426.3003,426.3003,2.4096966191956433e-05
Orbitrap,29.86785,29.86785,5,2,2,1,2,199.119,199.119,199.119,2.4096966191956433e-05
Orbitrap,29.938608,29.938608,6,2,2,1,2,374.2326,374.2326,374.2326,2.4096966191956433e-05
Orbitrap,29.975953,29.975953,6,2,2,1,2,428.2279,428.2279,428.2279,2.4096966191956433e-05
Orbitrap,30.074841,30.074841,6,2,2,1,2,334.1649,334.1649,334.1649,2.4096966191956433e-05
Orbitrap,30.093087999999995,30.093087999999995,15,2,2,1,2,188.0818,188.0818,188.0818,2.4096966191956433e-05
Orbitrap,30.165786000000004,30.165786000000004,15,2,2,1,2,335.1754,335.1754,335.1754,2.4096966191956433e-05
Orbitrap,30.260358,30.260358,6,2,2,1,2,168.1131,168.1131,168.1131,2.4096966191956433e-05
Orbitrap,30.30499,30.30499,5,2,2,1,2,303.0499,303.0499,303.0499,2.4096966191956433e-05
Orbitrap,30.309968,30.309968,6,2,2,1,2,233.1536,233.1536,233.1536,2.4096966191956433e-05
Orbitrap,30.31955,30.31955,5,2,2,2,2,303.1955,303.1955,303.1955,2.4096966191956433e-05
Orbitrap,30.404442285,30.404442285,9,2,2,1,2,608.0888457,608.0888457,608.0888457,2.4096966191956433e-05
Orbitrap,30.41543,30.41543,5,2,2,1,2,304.1543,304.1543,304.1543,2.4096966191956433e-05
Orbitrap,30.464035,30.464035,6,2,2,1,2,609.2807,609.2807,609.2807,2.4096966191956433e-05
Orbitrap,30.501012,30.501012,6,2,2,1,2,254.1751,254.1751,254.1751,2.4096966191956433e-05
Orbitrap,30.578864,30.578864,6,2,2,1,2,191.1179,191.1179,191.1179,2.4096966191956433e-05
Orbitrap,30.604574000000003,30.604574000000003,15,2,2,1,2,139.1117,139.1117,139.1117,2.4096966191956433e-05
Orbitrap,30.606499,30.606499,6,2,0,1,0,437.2357,437.2357,437.2357,2.4096966191956433e-05
Orbitrap,30.613887,30.613887,6,2,2,1,2,340.1543,340.1543,340.1543,2.4096966191956433e-05
Orbitrap,30.702456,30.702456,6,2,2,1,2,341.1384,341.1384,341.1384,2.4096966191956433e-05
Orbitrap,30.795606,30.795606,6,2,2,1,2,342.1734,342.1734,342.1734,2.4096966191956433e-05
Orbitrap,30.797199,30.797199,6,2,2,1,2,342.1911,342.1911,342.1911,2.4096966191956433e-05
Orbitrap,30.82452,30.82452,5,2,2,1,2,154.1226,154.1226,154.1226,2.4096966191956433e-05
Orbitrap,30.879261,30.879261,6,2,2,1,2,147.0441,147.0441,147.0441,2.4096966191956433e-05
Orbitrap,30.91386,30.91386,5,2,2,1,2,206.0924,206.0924,206.0924,2.4096966191956433e-05
Orbitrap,30.972351000000003,30.972351000000003,15,2,2,1,2,182.1903,182.1903,182.1903,2.4096966191956433e-05
Orbitrap,30.991223,30.991223,6,2,2,1,2,163.1117,163.1117,163.1117,2.4096966191956433e-05
Orbitrap,31.033167,31.033167,6,2,2,1,2,282.1197,282.1197,282.1197,2.4096966191956433e-05
Orbitrap,31.060377,31.060377,6,2,2,1,2,345.1153,345.1153,345.1153,2.4096966191956433e-05
Orbitrap,31.080924,31.080924,6,2,2,1,2,259.0077,259.0077,259.0077,2.4096966191956433e-05
Orbitrap,31.146822,31.146822,6,2,2,1,2,173.0379,173.0379,173.0379,2.4096966191956433e-05
Orbitrap,31.21998,31.21998,5,2,2,2,2,208.1332,208.1332,208.1332,2.4096966191956433e-05
Orbitrap,31.221522,31.221522,6,2,2,1,2,346.9058,346.9058,346.9058,2.4096966191956433e-05
Orbitrap,31.228414,31.228414,6,2,2,1,2,223.0601,223.0601,223.0601,2.4096966191956433e-05
Orbitrap,31.338879,31.338879,6,2,0,1,0,241.0683,241.0683,241.0683,2.4096966191956433e-05
Orbitrap,31.45676,31.45676,5,2,0,1,0,393.2095,393.2095,393.2095,2.4096966191956433e-05
Orbitrap,31.473299000000004,31.473299000000004,15,2,2,1,2,242.1023,242.1023,242.1023,2.4096966191956433e-05
Orbitrap,31.475818,31.475818,6,2,2,1,2,286.1438,286.1438,286.1438,2.4096966191956433e-05
Orbitrap,31.563294000000003,31.563294000000003,15,2,2,1,2,166.1226,166.1226,166.1226,2.4096966191956433e-05
Orbitrap,31.570968,31.570968,6,2,2,2,2,263.0914,263.0914,263.0914,2.4096966191956433e-05
Orbitrap,31.57605,31.57605,5,2,2,1,2,287.055,287.055,287.055,2.4096966191956433e-05
Orbitrap,31.583573,31.583573,6,2,0,1,0,451.1939,451.1939,451.1939,2.4096966191956433e-05
Orbitrap,31.609396,31.609396,6,2,2,1,2,243.1492,243.1492,243.1492,2.4096966191956433e-05
Orbitrap,31.61572,31.61572,5,2,2,1,2,395.1965,395.1965,395.1965,2.4096966191956433e-05
Orbitrap,31.69353,31.69353,5,2,2,1,2,288.123,288.123,288.123,2.4096966191956433e-05
Orbitrap,31.749523,31.749523,6,2,2,1,2,244.2271,244.2271,244.2271,2.4096966191956433e-05
Orbitrap,31.78674,31.78674,5,2,2,1,2,353.186,353.186,353.186,2.4096966191956433e-05
Orbitrap,31.857384000000003,31.857384000000003,15,2,2,1,2,398.2173,398.2173,398.2173,2.4096966191956433e-05
Orbitrap,31.86846,31.86846,5,2,2,1,2,177.047,177.047,177.047,2.4096966191956433e-05
Orbitrap,31.96533,31.96533,5,2,2,1,2,213.1022,213.1022,213.1022,2.4096966191956433e-05
Orbitrap,32.01404,32.01404,5,2,2,1,2,400.1755,400.1755,400.1755,2.4096966191956433e-05
Orbitrap,32.056704,32.056704,6,2,2,1,2,356.1856,356.1856,356.1856,2.4096966191956433e-05
Orbitrap,32.05909200000001,32.05909200000001,14,2,2,2,2,267.1591,267.1591,267.1591,2.4096966191956433e-05
Orbitrap,32.112936000000005,32.112936000000005,15,2,2,1,2,535.2156,535.2156,535.2156,2.4096966191956433e-05
Orbitrap,32.113330000000005,32.113330000000005,15,2,2,2,2,321.1333,321.1333,321.1333,2.4096966191956433e-05
Orbitrap,32.114025,32.114025,6,2,2,1,2,214.0935,214.0935,214.0935,2.4096966191956433e-05
Orbitrap,32.116969999999995,32.116969999999995,15,2,2,1,2,321.1697,321.1697,321.1697,2.4096966191956433e-05
Orbitrap,32.127277,32.127277,6,2,2,1,2,247.1329,247.1329,247.1329,2.4096966191956433e-05
Orbitrap,32.133465,32.133465,6,2,2,1,2,247.1805,247.1805,247.1805,2.4096966191956433e-05
Orbitrap,32.289696,32.289696,6,2,2,1,2,269.0808,269.0808,269.0808,2.4096966191956433e-05
Orbitrap,32.316109999999995,32.316109999999995,15,2,2,1,2,646.3222,646.3222,646.3222,2.4096966191956433e-05
Orbitrap,32.31754,32.31754,5,2,2,1,2,323.1754,323.1754,323.1754,2.4096966191956433e-05
Orbitrap,32.31853,32.31853,5,2,2,1,2,323.1853,323.1853,323.1853,2.4096966191956433e-05
Orbitrap,32.329241,32.329241,6,2,2,1,2,170.1539,170.1539,170.1539,2.4096966191956433e-05
Orbitrap,32.333664,32.333664,6,2,2,2,2,202.0854,202.0854,202.0854,2.4096966191956433e-05
Orbitrap,32.357688,32.357688,6,2,2,1,2,147.0804,147.0804,147.0804,2.4096966191956433e-05
Orbitrap,32.365746,32.365746,6,2,2,1,2,154.1226,154.1226,154.1226,2.4096966191956433e-05
Orbitrap,32.470944,32.470944,6,2,2,1,2,295.1904,295.1904,295.1904,2.4096966191956433e-05
Orbitrap,32.490043,32.490043,6,2,2,1,2,191.1179,191.1179,191.1179,2.4096966191956433e-05
Orbitrap,32.494832,32.494832,6,2,2,1,2,203.0927,203.0927,203.0927,2.4096966191956433e-05
Orbitrap,32.50707,32.50707,5,2,2,1,2,325.0707,325.0707,325.0707,2.4096966191956433e-05
Orbitrap,32.578095,32.578095,6,2,2,1,2,296.1645,296.1645,296.1645,2.4096966191956433e-05
Orbitrap,32.589866395,32.589866395,9,2,2,1,2,651.7973279,651.7973279,651.7973279,2.4096966191956433e-05
Orbitrap,32.62234,32.62234,5,2,2,1,2,163.1117,163.1117,163.1117,2.4096966191956433e-05
Orbitrap,32.641504,32.641504,6,2,2,1,2,233.1536,233.1536,233.1536,2.4096966191956433e-05
Orbitrap,32.658096,32.658096,6,2,2,1,2,204.1131,204.1131,204.1131,2.4096966191956433e-05
Orbitrap,32.76908399999999,32.76908399999999,14,2,2,2,2,273.0757,273.0757,273.0757,2.4096966191956433e-05
Orbitrap,32.776188000000005,32.776188000000005,15,2,2,1,2,546.2698,546.2698,546.2698,2.4096966191956433e-05
Orbitrap,32.78116800000001,32.78116800000001,14,2,2,1,2,182.1176,182.1176,182.1176,2.4096966191956433e-05
Orbitrap,32.794254,32.794254,6,2,2,1,2,182.1903,182.1903,182.1903,2.4096966191956433e-05
Orbitrap,32.953923,32.953923,6,2,2,1,2,366.1547,366.1547,366.1547,2.4096966191956433e-05
Orbitrap,32.97864,32.97864,5,2,2,1,2,412.233,412.233,412.233,2.4096966191956433e-05
Orbitrap,33.017895,33.017895,6,2,2,1,2,220.1193,220.1193,220.1193,2.4096966191956433e-05
Orbitrap,33.129432,33.129432,6,2,2,1,2,276.0786,276.0786,276.0786,2.4096966191956433e-05
Orbitrap,33.136976000000004,33.136976000000004,15,2,2,1,2,414.2122,414.2122,414.2122,2.4096966191956433e-05
Orbitrap,33.146936000000004,33.146936000000004,15,2,2,1,2,414.3367,414.3367,414.3367,2.4096966191956433e-05
Orbitrap,33.224520000000005,33.224520000000005,15,2,2,1,2,166.1226,166.1226,166.1226,2.4096966191956433e-05
Orbitrap,33.225656,33.225656,6,2,2,1,2,415.3207,415.3207,415.3207,2.4096966191956433e-05
Orbitrap,33.308184000000004,33.308184000000004,15,2,2,1,2,416.3523,416.3523,416.3523,2.4096966191956433e-05
Orbitrap,33.386808,33.386808,6,2,2,1,2,139.1117,139.1117,139.1117,2.4096966191956433e-05
Orbitrap,33.404409,33.404409,6,2,2,1,2,371.1601,371.1601,371.1601,2.4096966191956433e-05
Orbitrap,33.41649,33.41649,5,2,2,1,2,334.1649,334.1649,334.1649,2.4096966191956433e-05
Orbitrap,33.456973,33.456973,6,2,2,1,2,304.1543,304.1543,304.1543,2.4096966191956433e-05
Orbitrap,33.459015,33.459015,6,2,2,1,2,223.0601,223.0601,223.0601,2.4096966191956433e-05
Orbitrap,33.46056,33.46056,5,2,2,1,2,209.1285,209.1285,209.1285,2.4096966191956433e-05
Orbitrap,33.517540000000004,33.517540000000004,15,2,2,1,2,335.1754,335.1754,335.1754,2.4096966191956433e-05
Orbitrap,33.613755,33.613755,6,2,2,2,2,224.0917,224.0917,224.0917,2.4096966191956433e-05
Orbitrap,33.749562,33.749562,6,2,0,1,0,241.0683,241.0683,241.0683,2.4096966191956433e-05
Orbitrap,33.778932,33.778932,6,2,2,1,2,307.0812,307.0812,307.0812,2.4096966191956433e-05
Orbitrap,33.85179,33.85179,5,2,2,1,2,376.131,376.131,376.131,2.4096966191956433e-05
Orbitrap,33.854364000000004,33.854364000000004,15,2,2,1,2,282.1197,282.1197,282.1197,2.4096966191956433e-05
Orbitrap,33.894322,33.894322,6,2,2,1,2,242.1023,242.1023,242.1023,2.4096966191956433e-05
Orbitrap,33.906972,33.906972,6,2,2,1,2,154.1226,154.1226,154.1226,2.4096966191956433e-05
Orbitrap,33.914379999999994,33.914379999999994,15,2,2,2,2,339.1438,339.1438,339.1438,2.4096966191956433e-05
Orbitrap,33.97848,33.97848,5,2,2,1,2,283.154,283.154,283.154,2.4096966191956433e-05
Orbitrap,34.01543,34.01543,5,2,2,1,2,340.1543,340.1543,340.1543,2.4096966191956433e-05
Orbitrap,34.016441,34.016441,6,2,2,1,2,179.0339,179.0339,179.0339,2.4096966191956433e-05
Orbitrap,34.023357000000004,34.023357000000004,15,2,2,1,2,179.0703,179.0703,179.0703,2.4096966191956433e-05
Orbitrap,34.040888,34.040888,6,2,2,1,2,243.1492,243.1492,243.1492,2.4096966191956433e-05
Orbitrap,34.094664,34.094664,6,2,2,1,2,142.0611,142.0611,142.0611,2.4096966191956433e-05
Orbitrap,34.104023999999995,34.104023999999995,15,2,2,1,2,426.3003,426.3003,426.3003,2.4096966191956433e-05
Orbitrap,34.10867,34.10867,5,2,2,1,2,341.0867,341.0867,341.0867,2.4096966191956433e-05
Orbitrap,34.11384,34.11384,5,2,2,1,2,341.1384,341.1384,341.1384,2.4096966191956433e-05
Orbitrap,34.129035,34.129035,6,2,2,1,2,379.2115,379.2115,379.2115,2.4096966191956433e-05
Orbitrap,34.191794,34.191794,6,2,2,1,2,244.2271,244.2271,244.2271,2.4096966191956433e-05
Orbitrap,34.196778,34.196778,6,2,2,1,2,189.9821,189.9821,189.9821,2.4096966191956433e-05
Orbitrap,34.217,34.217,3,2,2,1,2,342.17,342.17,342.17,2.4096966191956433e-05
Orbitrap,34.21911,34.21911,5,2,2,1,2,342.1911,342.1911,342.1911,2.4096966191956433e-05
Orbitrap,34.242936799999995,34.242936799999995,15,2,2,1,2,428.03671,428.03671,428.03671,2.4096966191956433e-05
Orbitrap,34.258232,34.258232,6,2,2,1,2,428.2279,428.2279,428.2279,2.4096966191956433e-05
Orbitrap,34.3266,34.3266,4,2,2,2,2,245.19,245.19,245.19,2.4096966191956433e-05
Orbitrap,34.333536,34.333536,6,2,2,1,2,143.0564,143.0564,143.0564,2.4096966191956433e-05
Orbitrap,34.368345,34.368345,6,2,2,1,2,229.1223,229.1223,229.1223,2.4096966191956433e-05
Orbitrap,34.401222000000004,34.401222000000004,15,2,2,1,2,191.1179,191.1179,191.1179,2.4096966191956433e-05
Orbitrap,34.4466,34.4466,4,2,2,1,2,287.055,287.055,287.055,2.4096966191956433e-05
Orbitrap,34.574760000000005,34.574760000000005,15,2,2,1,2,288.123,288.123,288.123,2.4096966191956433e-05
Orbitrap,34.598606,34.598606,6,2,2,1,2,247.1329,247.1329,247.1329,2.4096966191956433e-05
Orbitrap,34.602344,34.602344,6,2,2,1,2,182.1176,182.1176,182.1176,2.4096966191956433e-05
Orbitrap,34.60527,34.60527,5,2,2,1,2,247.1805,247.1805,247.1805,2.4096966191956433e-05
Orbitrap,34.616157,34.616157,6,2,2,1,2,182.1903,182.1903,182.1903,2.4096966191956433e-05
Orbitrap,34.688483999999995,34.688483999999995,15,2,2,2,2,289.0707,289.0707,289.0707,2.4096966191956433e-05
Orbitrap,34.80704,34.80704,5,2,2,1,2,348.0704,348.0704,348.0704,2.4096966191956433e-05
Orbitrap,34.817415999999994,34.817415999999994,15,2,2,2,2,435.2177,435.2177,435.2177,2.4096966191956433e-05
Orbitrap,34.885746,34.885746,6,2,2,1,2,166.1226,166.1226,166.1226,2.4096966191956433e-05
Orbitrap,34.97304,34.97304,5,2,2,1,2,233.1536,233.1536,233.1536,2.4096966191956433e-05
Orbitrap,34.978856,34.978856,6,2,0,1,0,437.2357,437.2357,437.2357,2.4096966191956433e-05
Orbitrap,34.980504,34.980504,6,2,2,1,2,269.0808,269.0808,269.0808,2.4096966191956433e-05
Orbitrap,35.0246,35.0246,4,2,2,1,2,175.123,175.123,175.123,2.4096966191956433e-05
Orbitrap,35.0571072,35.0571072,7,2,2,1,2,438.21384,438.21384,438.21384,2.4096966191956433e-05
Orbitrap,35.21615,35.21615,5,2,2,1,2,352.1615,352.1615,352.1615,2.4096966191956433e-05
Orbitrap,35.246965,35.246965,6,2,0,1,0,271.1305,271.1305,271.1305,2.4096966191956433e-05
Orbitrap,35.299296000000005,35.299296000000005,15,2,2,1,2,147.0804,147.0804,147.0804,2.4096966191956433e-05
Orbitrap,35.3186,35.3186,4,2,2,1,2,353.186,353.186,353.186,2.4096966191956433e-05
Orbitrap,35.38885499999999,35.38885499999999,14,2,0,1,0,393.2095,393.2095,393.2095,2.4096966191956433e-05
Orbitrap,35.448198000000005,35.448198000000005,15,2,2,1,2,154.1226,154.1226,154.1226,2.4096966191956433e-05
Orbitrap,35.533548,35.533548,6,2,2,1,2,296.1129,296.1129,296.1129,2.4096966191956433e-05
Orbitrap,35.537409999999994,35.537409999999994,15,2,2,1,2,187.039,187.039,187.039,2.4096966191956433e-05
Orbitrap,35.539739999999995,35.539739999999995,15,2,2,1,2,296.1645,296.1645,296.1645,2.4096966191956433e-05
Orbitrap,35.549294,35.549294,6,2,2,1,2,323.1754,323.1754,323.1754,2.4096966191956433e-05
Orbitrap,35.549924,35.549924,6,2,2,1,2,209.1172,209.1172,209.1172,2.4096966191956433e-05
Orbitrap,35.551845,35.551845,6,2,2,1,2,209.1285,209.1285,209.1285,2.4096966191956433e-05
Orbitrap,35.567685,35.567685,6,2,2,1,2,395.1965,395.1965,395.1965,2.4096966191956433e-05
Orbitrap,35.61856,35.61856,5,2,2,1,2,356.1856,356.1856,356.1856,2.4096966191956433e-05
Orbitrap,35.689616,35.689616,6,2,2,1,2,223.0601,223.0601,223.0601,2.4096966191956433e-05
Orbitrap,35.732319,35.732319,6,2,2,1,2,170.1539,170.1539,170.1539,2.4096966191956433e-05
Orbitrap,35.757777000000004,35.757777000000004,15,2,2,1,2,325.0707,325.0707,325.0707,2.4096966191956433e-05
Orbitrap,35.80678,35.80678,5,2,2,1,2,179.0339,179.0339,179.0339,2.4096966191956433e-05
Orbitrap,35.81406,35.81406,5,2,2,1,2,179.0703,179.0703,179.0703,2.4096966191956433e-05
Orbitrap,35.839557,35.839557,6,2,2,1,2,398.2173,398.2173,398.2173,2.4096966191956433e-05
Orbitrap,35.84142,35.84142,5,2,2,1,2,199.119,199.119,199.119,2.4096966191956433e-05
Orbitrap,35.868579999999994,35.868579999999994,15,2,2,1,2,163.039,163.039,163.039,2.4096966191956433e-05
Orbitrap,35.884574,35.884574,6,2,2,1,2,163.1117,163.1117,163.1117,2.4096966191956433e-05
Orbitrap,35.88706,35.88706,5,2,2,1,2,163.123,163.123,163.123,2.4096966191956433e-05
Orbitrap,35.933432800000006,35.933432800000006,15,2,2,1,2,449.16791,449.16791,449.16791,2.4096966191956433e-05
Orbitrap,36.015795,36.015795,6,2,2,1,2,400.1755,400.1755,400.1755,2.4096966191956433e-05
Orbitrap,36.024624,36.024624,6,2,2,1,2,150.1026,150.1026,150.1026,2.4096966191956433e-05
Orbitrap,36.135948000000006,36.135948000000006,15,2,2,1,2,301.1329,301.1329,301.1329,2.4096966191956433e-05
Orbitrap,36.159615,36.159615,6,2,2,1,2,241.0641,241.0641,241.0641,2.4096966191956433e-05
Orbitrap,36.160245,36.160245,6,2,0,1,0,241.0683,241.0683,241.0683,2.4096966191956433e-05
Orbitrap,36.169042000000005,36.169042000000005,15,2,2,1,2,139.1117,139.1117,139.1117,2.4096966191956433e-05
Orbitrap,36.227374000000005,36.227374000000005,15,2,2,1,2,213.1022,213.1022,213.1022,2.4096966191956433e-05
Orbitrap,36.312401,36.312401,6,2,2,1,2,191.1179,191.1179,191.1179,2.4096966191956433e-05
Orbitrap,36.315345,36.315345,6,2,2,1,2,242.1023,242.1023,242.1023,2.4096966191956433e-05
Orbitrap,36.38346,36.38346,5,2,2,2,2,303.1955,303.1955,303.1955,2.4096966191956433e-05
Orbitrap,36.42352,36.42352,5,2,2,1,2,182.1176,182.1176,182.1176,2.4096966191956433e-05
Orbitrap,36.43806000000001,36.43806000000001,14,2,2,1,2,182.1903,182.1903,182.1903,2.4096966191956433e-05
Orbitrap,36.47238,36.47238,5,2,2,1,2,243.1492,243.1492,243.1492,2.4096966191956433e-05
Orbitrap,36.544494,36.544494,6,2,2,2,2,261.0321,261.0321,261.0321,2.4096966191956433e-05
Orbitrap,36.61547,36.61547,5,2,2,1,2,366.1547,366.1547,366.1547,2.4096966191956433e-05
Orbitrap,36.634065,36.634065,6,2,2,1,2,244.2271,244.2271,244.2271,2.4096966191956433e-05
Orbitrap,36.75813899999999,36.75813899999999,14,2,2,1,2,334.1649,334.1649,334.1649,2.4096966191956433e-05
Orbitrap,36.792762,36.792762,6,2,2,1,2,613.2127,613.2127,613.2127,2.4096966191956433e-05
Orbitrap,36.869294,36.869294,6,2,2,1,2,335.1754,335.1754,335.1754,2.4096966191956433e-05
Orbitrap,36.989424,36.989424,6,2,2,1,2,154.1226,154.1226,154.1226,2.4096966191956433e-05
Orbitrap,37.069935,37.069935,6,2,2,1,2,247.1329,247.1329,247.1329,2.4096966191956433e-05
Orbitrap,37.077075,37.077075,6,2,2,1,2,247.1805,247.1805,247.1805,2.4096966191956433e-05
Orbitrap,37.096632,37.096632,6,2,2,1,2,206.0924,206.0924,206.0924,2.4096966191956433e-05
Orbitrap,37.10097,37.10097,5,2,2,1,2,412.233,412.233,412.233,2.4096966191956433e-05
Orbitrap,37.198694,37.198694,6,2,2,1,2,286.1438,286.1438,286.1438,2.4096966191956433e-05
Orbitrap,37.279098,37.279098,6,2,2,1,2,414.2122,414.2122,414.2122,2.4096966191956433e-05
Orbitrap,37.28484,37.28484,5,2,2,1,2,207.138,207.138,207.138,2.4096966191956433e-05
Orbitrap,37.290303,37.290303,6,2,2,1,2,414.3367,414.3367,414.3367,2.4096966191956433e-05
Orbitrap,37.304576,37.304576,6,2,2,1,2,233.1536,233.1536,233.1536,2.4096966191956433e-05
Orbitrap,37.31715,37.31715,5,2,2,1,2,287.055,287.055,287.055,2.4096966191956433e-05
Orbitrap,37.378863,37.378863,6,2,2,1,2,415.3207,415.3207,415.3207,2.4096966191956433e-05
Orbitrap,37.4078,37.4078,4,2,2,1,2,187.039,187.039,187.039,2.4096966191956433e-05
Orbitrap,37.416973,37.416973,6,2,2,1,2,340.1543,340.1543,340.1543,2.4096966191956433e-05
Orbitrap,37.420281,37.420281,6,2,2,1,2,220.1193,220.1193,220.1193,2.4096966191956433e-05
Orbitrap,37.42326,37.42326,5,2,2,1,2,374.2326,374.2326,374.2326,2.4096966191956433e-05
Orbitrap,37.45599,37.45599,5,2,2,1,2,288.123,288.123,288.123,2.4096966191956433e-05
Orbitrap,37.463976,37.463976,6,2,2,2,2,208.1332,208.1332,208.1332,2.4096966191956433e-05
Orbitrap,37.471707,37.471707,6,2,2,1,2,416.3523,416.3523,416.3523,2.4096966191956433e-05
Orbitrap,37.525224,37.525224,6,2,2,1,2,341.1384,341.1384,341.1384,2.4096966191956433e-05
Orbitrap,37.63870000000001,37.63870000000001,14,2,2,1,2,342.17,342.17,342.17,2.4096966191956433e-05
Orbitrap,37.641021,37.641021,6,2,2,1,2,342.1911,342.1911,342.1911,2.4096966191956433e-05
Orbitrap,37.641096,37.641096,6,2,2,1,2,209.1172,209.1172,209.1172,2.4096966191956433e-05
Orbitrap,37.671312,37.671312,6,2,2,1,2,269.0808,269.0808,269.0808,2.4096966191956433e-05
Orbitrap,37.722033,37.722033,6,2,2,1,2,419.1337,419.1337,419.1337,2.4096966191956433e-05
Orbitrap,37.81044,37.81044,5,2,2,1,2,315.087,315.087,315.087,2.4096966191956433e-05
Orbitrap,37.920217,37.920217,6,2,2,1,2,223.0601,223.0601,223.0601,2.4096966191956433e-05
Orbitrap,37.928520000000006,37.928520000000006,15,2,2,1,2,316.071,316.071,316.071,2.4096966191956433e-05
Orbitrap,38.06232,38.06232,5,2,2,1,2,317.186,317.186,317.186,2.4096966191956433e-05
Orbitrap,38.126265,38.126265,6,2,2,1,2,254.1751,254.1751,254.1751,2.4096966191956433e-05
Orbitrap,38.22358,38.22358,5,2,2,1,2,191.1179,191.1179,191.1179,2.4096966191956433e-05
Orbitrap,38.238886,38.238886,6,2,2,1,2,546.2698,546.2698,546.2698,2.4096966191956433e-05
Orbitrap,38.244696000000005,38.244696000000005,15,2,2,1,2,182.1176,182.1176,182.1176,2.4096966191956433e-05
Orbitrap,38.259963000000006,38.259963000000006,15,2,2,1,2,182.1903,182.1903,182.1903,2.4096966191956433e-05
Orbitrap,38.358396,38.358396,6,2,2,1,2,213.1022,213.1022,213.1022,2.4096966191956433e-05
Orbitrap,38.367027,38.367027,6,2,2,1,2,426.3003,426.3003,426.3003,2.4096966191956433e-05
Orbitrap,38.50138499999999,38.50138499999999,14,2,2,1,2,296.1645,296.1645,296.1645,2.4096966191956433e-05
Orbitrap,38.52706,38.52706,5,2,2,1,2,175.123,175.123,175.123,2.4096966191956433e-05
Orbitrap,38.53065,38.53065,5,2,2,1,2,154.1226,154.1226,154.1226,2.4096966191956433e-05
Orbitrap,38.53683,38.53683,5,2,2,1,2,214.0935,214.0935,214.0935,2.4096966191956433e-05
Orbitrap,38.540364,38.540364,6,2,2,1,2,321.1697,321.1697,321.1697,2.4096966191956433e-05
Orbitrap,38.540511,38.540511,6,2,2,1,2,428.2279,428.2279,428.2279,2.4096966191956433e-05
Orbitrap,38.570928,38.570928,6,2,0,1,0,241.0683,241.0683,241.0683,2.4096966191956433e-05
Orbitrap,38.619792,38.619792,6,2,2,1,2,429.1088,429.1088,429.1088,2.4096966191956433e-05
Orbitrap,38.708352,38.708352,6,2,2,1,2,430.0928,430.0928,430.0928,2.4096966191956433e-05
Orbitrap,38.708442,38.708442,6,2,2,1,2,215.0469,215.0469,215.0469,2.4096966191956433e-05
Orbitrap,38.736368,38.736368,6,2,2,1,2,242.1023,242.1023,242.1023,2.4096966191956433e-05
Orbitrap,38.779332,38.779332,6,2,2,1,2,646.3222,646.3222,646.3222,2.4096966191956433e-05
Orbitrap,38.781048000000006,38.781048000000006,15,2,2,1,2,323.1754,323.1754,323.1754,2.4096966191956433e-05
Orbitrap,38.782236,38.782236,6,2,2,1,2,323.1853,323.1853,323.1853,2.4096966191956433e-05
Orbitrap,38.85046,38.85046,5,2,2,1,2,353.186,353.186,353.186,2.4096966191956433e-05
Orbitrap,38.903872,38.903872,6,2,2,1,2,243.1492,243.1492,243.1492,2.4096966191956433e-05
Orbitrap,38.946642,38.946642,6,2,2,2,2,278.1903,278.1903,278.1903,2.4096966191956433e-05
Orbitrap,38.95127600000001,38.95127600000001,14,2,2,1,2,139.1117,139.1117,139.1117,2.4096966191956433e-05
Orbitrap,39.008484,39.008484,6,2,2,1,2,325.0707,325.0707,325.0707,2.4096966191956433e-05
Orbitrap,39.076336000000005,39.076336000000005,15,2,2,1,2,244.2271,244.2271,244.2271,2.4096966191956433e-05
Orbitrap,39.127536,39.127536,6,2,2,1,2,163.0314,163.0314,163.0314,2.4096966191956433e-05
Orbitrap,39.12936,39.12936,5,2,2,1,2,163.039,163.039,163.039,2.4096966191956433e-05
Orbitrap,39.135397,39.135397,6,2,2,1,2,170.1539,170.1539,170.1539,2.4096966191956433e-05
Orbitrap,39.14680800000001,39.14680800000001,14,2,2,1,2,163.1117,163.1117,163.1117,2.4096966191956433e-05
Orbitrap,39.14952,39.14952,5,2,2,1,2,163.123,163.123,163.123,2.4096966191956433e-05
Orbitrap,39.18041600000001,39.18041600000001,14,2,2,1,2,356.1856,356.1856,356.1856,2.4096966191956433e-05
Orbitrap,39.22084,39.22084,5,2,2,1,2,784.4168,784.4168,784.4168,2.4096966191956433e-05
Orbitrap,39.2304,39.2304,4,2,2,2,2,245.19,245.19,245.19,2.4096966191956433e-05
Orbitrap,39.32095,39.32095,5,2,0,1,0,393.2095,393.2095,393.2095,2.4096966191956433e-05
Orbitrap,39.346038,39.346038,6,2,0,1,0,437.1782,437.1782,437.1782,2.4096966191956433e-05
Orbitrap,39.387458,39.387458,6,2,2,1,2,179.0339,179.0339,179.0339,2.4096966191956433e-05
Orbitrap,39.395466,39.395466,6,2,2,1,2,179.0703,179.0703,179.0703,2.4096966191956433e-05
Orbitrap,39.51965,39.51965,5,2,2,1,2,395.1965,395.1965,395.1965,2.4096966191956433e-05
Orbitrap,39.54005899999999,39.54005899999999,14,2,2,1,2,304.1543,304.1543,304.1543,2.4096966191956433e-05
Orbitrap,39.541264000000005,39.541264000000005,15,2,2,1,2,247.1329,247.1329,247.1329,2.4096966191956433e-05
Orbitrap,39.54888,39.54888,5,2,2,1,2,247.1805,247.1805,247.1805,2.4096966191956433e-05
Orbitrap,39.636112,39.636112,6,2,2,1,2,233.1536,233.1536,233.1536,2.4096966191956433e-05
Orbitrap,39.7218,39.7218,4,2,2,1,2,331.015,331.015,331.015,2.4096966191956433e-05
Orbitrap,39.732268,39.732268,6,2,2,1,2,209.1172,209.1172,209.1172,2.4096966191956433e-05
Orbitrap,39.734415,39.734415,6,2,2,1,2,209.1285,209.1285,209.1285,2.4096966191956433e-05
Orbitrap,39.778665,39.778665,6,2,2,1,2,265.1911,265.1911,265.1911,2.4096966191956433e-05
Orbitrap,39.82173,39.82173,5,2,2,1,2,398.2173,398.2173,398.2173,2.4096966191956433e-05
Orbitrap,39.980685,39.980685,6,2,2,1,2,235.1805,235.1805,235.1805,2.4096966191956433e-05
Orbitrap,40.01755,40.01755,5,2,2,1,2,400.1755,400.1755,400.1755,2.4096966191956433e-05
Orbitrap,40.065872000000006,40.065872000000006,15,2,2,1,2,182.1176,182.1176,182.1176,2.4096966191956433e-05
Orbitrap,40.099788,40.099788,6,2,2,1,2,334.1649,334.1649,334.1649,2.4096966191956433e-05
Orbitrap,40.134759,40.134759,6,2,2,1,2,191.1179,191.1179,191.1179,2.4096966191956433e-05
Orbitrap,40.150818,40.150818,6,2,2,1,2,223.0601,223.0601,223.0601,2.4096966191956433e-05
Orbitrap,40.18770000000001,40.18770000000001,14,2,2,1,2,287.055,287.055,287.055,2.4096966191956433e-05
Orbitrap,40.221048,40.221048,6,2,2,1,2,335.1754,335.1754,335.1754,2.4096966191956433e-05
Orbitrap,40.277017,40.277017,6,2,2,1,2,366.1547,366.1547,366.1547,2.4096966191956433e-05
Orbitrap,40.336506,40.336506,6,2,2,2,2,224.0917,224.0917,224.0917,2.4096966191956433e-05
Orbitrap,40.33722,40.33722,5,2,2,1,2,288.123,288.123,288.123,2.4096966191956433e-05
Orbitrap,40.347144,40.347144,6,2,2,1,2,168.1131,168.1131,168.1131,2.4096966191956433e-05
Orbitrap,40.36212,40.36212,5,2,2,1,2,269.0808,269.0808,269.0808,2.4096966191956433e-05
Orbitrap,40.48941800000001,40.48941800000001,14,2,2,1,2,213.1022,213.1022,213.1022,2.4096966191956433e-05
Orbitrap,40.534479,40.534479,6,2,2,1,2,150.1277,150.1277,150.1277,2.4096966191956433e-05
Orbitrap,40.640244,40.640244,6,2,2,2,2,508.00305,508.00305,508.00305,2.4096966191956433e-05
Orbitrap,40.697256,40.697256,6,2,2,2,2,339.1438,339.1438,339.1438,2.4096966191956433e-05
Orbitrap,40.777925,40.777925,6,2,2,1,2,163.1117,163.1117,163.1117,2.4096966191956433e-05
Orbitrap,40.818516,40.818516,6,2,2,1,2,340.1543,340.1543,340.1543,2.4096966191956433e-05
Orbitrap,40.936608,40.936608,6,2,2,1,2,341.1384,341.1384,341.1384,2.4096966191956433e-05
Orbitrap,40.962416000000005,40.962416000000005,15,2,2,1,2,256.0151,256.0151,256.0151,2.4096966191956433e-05
Orbitrap,40.981611,40.981611,6,2,0,1,0,241.0683,241.0683,241.0683,2.4096966191956433e-05
Orbitrap,41.034654,41.034654,6,2,2,1,2,455.9406,455.9406,455.9406,2.4096966191956433e-05
Orbitrap,41.060808,41.060808,6,2,2,1,2,342.1734,342.1734,342.1734,2.4096966191956433e-05
Orbitrap,41.062932,41.062932,6,2,2,1,2,342.1911,342.1911,342.1911,2.4096966191956433e-05
Orbitrap,41.14858,41.14858,5,2,2,1,2,187.039,187.039,187.039,2.4096966191956433e-05
Orbitrap,41.157391,41.157391,6,2,2,1,2,242.1023,242.1023,242.1023,2.4096966191956433e-05
Orbitrap,41.177797,41.177797,6,2,2,1,2,179.0339,179.0339,179.0339,2.4096966191956433e-05
Orbitrap,41.2233,41.2233,4,2,2,1,2,412.233,412.233,412.233,2.4096966191956433e-05
Orbitrap,41.239405,41.239405,6,2,2,1,2,217.0495,217.0495,217.0495,2.4096966191956433e-05
Orbitrap,41.335364,41.335364,6,2,2,1,2,243.1492,243.1492,243.1492,2.4096966191956433e-05
Orbitrap,41.41179,41.41179,5,2,2,1,2,276.0786,276.0786,276.0786,2.4096966191956433e-05
Orbitrap,41.42122,41.42122,5,2,2,1,2,414.2122,414.2122,414.2122,2.4096966191956433e-05
Orbitrap,41.43367,41.43367,5,2,2,1,2,414.3367,414.3367,414.3367,2.4096966191956433e-05
Orbitrap,41.46303,41.46303,5,2,2,1,2,296.1645,296.1645,296.1645,2.4096966191956433e-05
Orbitrap,41.46436,41.46436,5,2,2,1,2,592.348,592.348,592.348,2.4096966191956433e-05
Orbitrap,41.49002,41.49002,5,2,2,1,2,319.154,319.154,319.154,2.4096966191956433e-05
Orbitrap,41.518607,41.518607,6,2,2,1,2,244.2271,244.2271,244.2271,2.4096966191956433e-05
Orbitrap,41.529096,41.529096,6,2,2,1,2,173.0379,173.0379,173.0379,2.4096966191956433e-05
Orbitrap,41.53207,41.53207,5,2,2,1,2,415.3207,415.3207,415.3207,2.4096966191956433e-05
Orbitrap,41.628696,41.628696,6,2,2,1,2,346.9058,346.9058,346.9058,2.4096966191956433e-05
Orbitrap,41.63523,41.63523,5,2,2,1,2,416.3523,416.3523,416.3523,2.4096966191956433e-05
Orbitrap,41.63622,41.63622,5,2,2,1,2,219.138,219.138,219.138,2.4096966191956433e-05
Orbitrap,41.643117,41.643117,6,2,2,1,2,219.1743,219.1743,219.1743,2.4096966191956433e-05
Orbitrap,41.713265,41.713265,6,2,2,1,2,379.2115,379.2115,379.2115,2.4096966191956433e-05
Orbitrap,41.73351,41.73351,5,2,2,1,2,139.1117,139.1117,139.1117,2.4096966191956433e-05
Orbitrap,41.765136,41.765136,6,2,2,2,2,261.0321,261.0321,261.0321,2.4096966191956433e-05
Orbitrap,41.8257,41.8257,4,2,2,1,2,209.1285,209.1285,209.1285,2.4096966191956433e-05
Orbitrap,41.887048,41.887048,6,2,2,1,2,182.1176,182.1176,182.1176,2.4096966191956433e-05
Orbitrap,41.967648,41.967648,6,2,2,1,2,233.1536,233.1536,233.1536,2.4096966191956433e-05
Orbitrap,42.012593,42.012593,6,2,2,1,2,247.1329,247.1329,247.1329,2.4096966191956433e-05
Orbitrap,42.012802,42.012802,6,2,2,1,2,323.1754,323.1754,323.1754,2.4096966191956433e-05
Orbitrap,42.02032500000001,42.02032500000001,14,2,2,1,2,420.20325,420.20325,420.20325,2.4096966191956433e-05
Orbitrap,42.020685,42.020685,6,2,2,1,2,247.1805,247.1805,247.1805,2.4096966191956433e-05
Orbitrap,42.02952,42.02952,5,2,2,1,2,175.123,175.123,175.123,2.4096966191956433e-05
Orbitrap,42.035756,42.035756,6,2,2,1,2,150.1277,150.1277,150.1277,2.4096966191956433e-05
Orbitrap,42.11832999999999,42.11832999999999,14,2,0,1,0,421.1833,421.1833,421.1833,2.4096966191956433e-05
Orbitrap,42.221903,42.221903,6,2,2,1,2,422.21903,422.21903,422.21903,2.4096966191956433e-05
Orbitrap,42.259191,42.259191,6,2,2,1,2,325.0707,325.0707,325.0707,2.4096966191956433e-05
Orbitrap,42.317955000000005,42.317955000000005,15,2,2,1,2,282.1197,282.1197,282.1197,2.4096966191956433e-05
Orbitrap,42.323922,42.323922,6,2,2,1,2,235.1329,235.1329,235.1329,2.4096966191956433e-05
Orbitrap,42.381419,42.381419,6,2,2,1,2,223.0601,223.0601,223.0601,2.4096966191956433e-05
Orbitrap,42.38232,42.38232,5,2,2,1,2,353.186,353.186,353.186,2.4096966191956433e-05
Orbitrap,42.384048,42.384048,6,2,2,2,2,706.4008,706.4008,706.4008,2.4096966191956433e-05
Orbitrap,42.39014,42.39014,5,2,2,1,2,163.039,163.039,163.039,2.4096966191956433e-05
Orbitrap,42.44736999999999,42.44736999999999,14,2,2,2,2,303.1955,303.1955,303.1955,2.4096966191956433e-05
Orbitrap,42.4731,42.4731,4,2,2,1,2,283.154,283.154,283.154,2.4096966191956433e-05
Orbitrap,42.49128,42.49128,5,2,2,1,2,177.047,177.047,177.047,2.4096966191956433e-05
Orbitrap,42.538475,42.538475,6,2,2,1,2,170.1539,170.1539,170.1539,2.4096966191956433e-05
Orbitrap,42.581602,42.581602,6,2,2,1,2,304.1543,304.1543,304.1543,2.4096966191956433e-05
Orbitrap,42.61833,42.61833,5,2,2,1,2,142.0611,142.0611,142.0611,2.4096966191956433e-05
Orbitrap,42.62044,42.62044,5,2,2,1,2,213.1022,213.1022,213.1022,2.4096966191956433e-05
Orbitrap,42.63003,42.63003,5,2,2,1,2,426.3003,426.3003,426.3003,2.4096966191956433e-05
Orbitrap,42.74227200000001,42.74227200000001,14,2,2,1,2,356.1856,356.1856,356.1856,2.4096966191956433e-05
Orbitrap,42.82279,42.82279,5,2,2,1,2,428.2279,428.2279,428.2279,2.4096966191956433e-05
Orbitrap,42.910512,42.910512,6,2,2,1,2,268.1907,268.1907,268.1907,2.4096966191956433e-05
Orbitrap,42.91692,42.91692,5,2,2,1,2,143.0564,143.0564,143.0564,2.4096966191956433e-05
Orbitrap,42.924889,42.924889,6,2,2,1,2,613.2127,613.2127,613.2127,2.4096966191956433e-05
Orbitrap,42.968136,42.968136,6,2,2,1,2,179.0339,179.0339,179.0339,2.4096966191956433e-05
Orbitrap,42.976872,42.976872,6,2,2,1,2,179.0703,179.0703,179.0703,2.4096966191956433e-05
Orbitrap,43.015788,43.015788,6,2,2,1,2,238.9766,238.9766,238.9766,2.4096966191956433e-05
Orbitrap,43.01897,43.01897,5,2,2,1,2,187.039,187.039,187.039,2.4096966191956433e-05
Orbitrap,43.052928,43.052928,6,2,2,1,2,269.0808,269.0808,269.0808,2.4096966191956433e-05
Orbitrap,43.05825,43.05825,5,2,2,1,2,287.055,287.055,287.055,2.4096966191956433e-05
Orbitrap,43.21845,43.21845,5,2,2,1,2,288.123,288.123,288.123,2.4096966191956433e-05
Orbitrap,43.391538,43.391538,6,2,2,1,2,241.0641,241.0641,241.0641,2.4096966191956433e-05
Orbitrap,43.4099,43.4099,4,2,2,1,2,217.0495,217.0495,217.0495,2.4096966191956433e-05
Orbitrap,43.441437,43.441437,6,2,2,1,2,334.1649,334.1649,334.1649,2.4096966191956433e-05
Orbitrap,43.47161500000001,43.47161500000001,14,2,2,1,2,395.1965,395.1965,395.1965,2.4096966191956433e-05
Orbitrap,43.52177,43.52177,5,2,2,2,2,435.2177,435.2177,435.2177,2.4096966191956433e-05
Orbitrap,43.537033,43.537033,6,2,2,1,2,150.1277,150.1277,150.1277,2.4096966191956433e-05
Orbitrap,43.572802,43.572802,6,2,2,1,2,335.1754,335.1754,335.1754,2.4096966191956433e-05
Orbitrap,43.578414,43.578414,6,2,2,1,2,242.1023,242.1023,242.1023,2.4096966191956433e-05
Orbitrap,43.701584,43.701584,6,2,2,1,2,546.2698,546.2698,546.2698,2.4096966191956433e-05
Orbitrap,43.708224,43.708224,6,2,2,1,2,182.1176,182.1176,182.1176,2.4096966191956433e-05
Orbitrap,43.71782,43.71782,5,2,0,1,0,437.1782,437.1782,437.1782,2.4096966191956433e-05
Orbitrap,43.72357,43.72357,5,2,0,1,0,437.2357,437.2357,437.2357,2.4096966191956433e-05
Orbitrap,43.766856,43.766856,6,2,2,1,2,243.1492,243.1492,243.1492,2.4096966191956433e-05
Orbitrap,43.803903000000005,43.803903000000005,15,2,2,1,2,398.2173,398.2173,398.2173,2.4096966191956433e-05
Orbitrap,43.817388,43.817388,6,2,2,1,2,365.1449,365.1449,365.1449,2.4096966191956433e-05
Orbitrap,43.821384,43.821384,6,2,2,1,2,438.21384,438.21384,438.21384,2.4096966191956433e-05
Orbitrap,43.8276,43.8276,4,2,2,1,2,219.138,219.138,219.138,2.4096966191956433e-05
Orbitrap,43.83486,43.83486,5,2,2,1,2,219.1743,219.1743,219.1743,2.4096966191956433e-05
Orbitrap,43.916985,43.916985,6,2,2,1,2,209.1285,209.1285,209.1285,2.4096966191956433e-05
Orbitrap,43.938564,43.938564,6,2,2,1,2,366.1547,366.1547,366.1547,2.4096966191956433e-05
Orbitrap,43.960878,43.960878,6,2,2,1,2,244.2271,244.2271,244.2271,2.4096966191956433e-05
Orbitrap,44.0,44,0,2,2,1,2,220.11929,220.11929,220.11929,2.4096966191956433e-05
Orbitrap,44.019305,44.019305,6,2,2,1,2,400.1755,400.1755,400.1755,2.4096966191956433e-05
Orbitrap,44.02386,44.02386,5,2,2,1,2,220.1193,220.1193,220.1193,2.4096966191956433e-05
Orbitrap,44.1342,44.1342,4,2,2,2,2,245.19,245.19,245.19,2.4096966191956433e-05
Orbitrap,44.22005899999999,44.22005899999999,14,2,2,1,2,340.1543,340.1543,340.1543,2.4096966191956433e-05
Orbitrap,44.299184,44.299184,6,2,2,1,2,233.1536,233.1536,233.1536,2.4096966191956433e-05
Orbitrap,44.347992,44.347992,6,2,2,1,2,341.1384,341.1384,341.1384,2.4096966191956433e-05
Orbitrap,44.416935,44.416935,6,2,2,1,2,296.1129,296.1129,296.1129,2.4096966191956433e-05
Orbitrap,44.42467499999999,44.42467499999999,14,2,2,1,2,296.1645,296.1645,296.1645,2.4096966191956433e-05
Orbitrap,44.4821,44.4821,4,2,2,1,2,342.17,342.17,342.17,2.4096966191956433e-05
Orbitrap,44.483922,44.483922,6,2,2,1,2,247.1329,247.1329,247.1329,2.4096966191956433e-05
Orbitrap,44.484843,44.484843,6,2,2,1,2,342.1911,342.1911,342.1911,2.4096966191956433e-05
Orbitrap,44.49249,44.49249,5,2,2,1,2,247.1805,247.1805,247.1805,2.4096966191956433e-05
Orbitrap,44.510448,44.510448,6,2,2,2,2,278.1903,278.1903,278.1903,2.4096966191956433e-05
Orbitrap,44.515744000000005,44.515744000000005,15,2,2,1,2,139.1117,139.1117,139.1117,2.4096966191956433e-05
Orbitrap,44.539212,44.539212,6,2,2,1,2,371.1601,371.1601,371.1601,2.4096966191956433e-05
Orbitrap,44.61202,44.61202,5,2,2,1,2,223.0601,223.0601,223.0601,2.4096966191956433e-05
Orbitrap,44.675251,44.675251,6,2,2,1,2,235.1329,235.1329,235.1329,2.4096966191956433e-05
Orbitrap,44.751462,44.751462,6,2,2,1,2,213.1022,213.1022,213.1022,2.4096966191956433e-05
Orbitrap,44.758475,44.758475,6,2,2,1,2,179.0339,179.0339,179.0339,2.4096966191956433e-05
Orbitrap,44.88936,44.88936,5,2,2,1,2,187.039,187.039,187.039,2.4096966191956433e-05
Orbitrap,44.907912,44.907912,6,2,2,1,2,374.2326,374.2326,374.2326,2.4096966191956433e-05
Orbitrap,44.916791,44.916791,6,2,2,1,2,449.16791,449.16791,449.16791,2.4096966191956433e-05
Orbitrap,45.03036,45.03036,5,2,2,1,2,375.253,375.253,375.253,2.4096966191956433e-05
Orbitrap,45.03078,45.03078,5,2,2,1,2,150.1026,150.1026,150.1026,2.4096966191956433e-05
Orbitrap,45.03831,45.03831,5,2,2,1,2,150.1277,150.1277,150.1277,2.4096966191956433e-05
Orbitrap,45.082487,45.082487,6,2,2,1,2,265.1911,265.1911,265.1911,2.4096966191956433e-05
Orbitrap,45.11939,45.11939,5,2,0,1,0,451.1939,451.1939,451.1939,2.4096966191956433e-05
Orbitrap,45.13571999999999,45.13571999999999,14,2,2,1,2,376.131,376.131,376.131,2.4096966191956433e-05
Orbitrap,45.169935,45.169935,6,2,2,1,2,301.1329,301.1329,301.1329,2.4096966191956433e-05
Orbitrap,45.242554,45.242554,6,2,2,1,2,646.3222,646.3222,646.3222,2.4096966191956433e-05
Orbitrap,45.244556,45.244556,6,2,2,1,2,323.1754,323.1754,323.1754,2.4096966191956433e-05
Orbitrap,45.34563,45.34563,5,2,2,1,2,412.233,412.233,412.233,2.4096966191956433e-05
Orbitrap,45.509898,45.509898,6,2,2,1,2,325.0707,325.0707,325.0707,2.4096966191956433e-05
Orbitrap,45.5294,45.5294,4,2,2,1,2,182.1176,182.1176,182.1176,2.4096966191956433e-05
Orbitrap,45.563342,45.563342,6,2,2,1,2,414.2122,414.2122,414.2122,2.4096966191956433e-05
Orbitrap,45.577037,45.577037,6,2,2,1,2,414.3367,414.3367,414.3367,2.4096966191956433e-05
Orbitrap,45.65092,45.65092,5,2,2,1,2,163.039,163.039,163.039,2.4096966191956433e-05
Orbitrap,45.685277,45.685277,6,2,2,1,2,415.3207,415.3207,415.3207,2.4096966191956433e-05
Orbitrap,45.743736000000006,45.743736000000006,15,2,2,1,2,269.0808,269.0808,269.0808,2.4096966191956433e-05
Orbitrap,45.751518,45.751518,6,2,2,1,2,254.1751,254.1751,254.1751,2.4096966191956433e-05
Orbitrap,45.91418,45.91418,5,2,2,1,2,353.186,353.186,353.186,2.4096966191956433e-05
Orbitrap,45.9288,45.9288,4,2,2,1,2,287.055,287.055,287.055,2.4096966191956433e-05
Orbitrap,45.99943700000001,45.99943700000001,14,2,2,1,2,242.1023,242.1023,242.1023,2.4096966191956433e-05
Orbitrap,46.0,46,0,2,0,1,0,187.0577,187.0577,187.0577,2.4096966191956433e-05
Orbitrap,46.09968,46.09968,5,2,2,1,2,288.123,288.123,288.123,2.4096966191956433e-05
Orbitrap,46.198348,46.198348,6,2,2,1,2,243.1492,243.1492,243.1492,2.4096966191956433e-05
Orbitrap,46.304128000000006,46.304128000000006,15,2,2,1,2,356.1856,356.1856,356.1856,2.4096966191956433e-05
Orbitrap,46.330163,46.330163,6,2,0,1,0,421.1833,421.1833,421.1833,2.4096966191956433e-05
Orbitrap,46.403149000000006,46.403149000000006,15,2,2,1,2,244.2271,244.2271,244.2271,2.4096966191956433e-05
Orbitrap,46.539587,46.539587,6,2,2,1,2,150.1277,150.1277,150.1277,2.4096966191956433e-05
Orbitrap,46.588224,46.588224,6,2,2,2,2,194.1176,194.1176,194.1176,2.4096966191956433e-05
Orbitrap,46.621386,46.621386,6,2,2,1,2,259.0077,259.0077,259.0077,2.4096966191956433e-05
Orbitrap,46.63072,46.63072,5,2,2,1,2,233.1536,233.1536,233.1536,2.4096966191956433e-05
Orbitrap,46.783086,46.783086,6,2,2,1,2,334.1649,334.1649,334.1649,2.4096966191956433e-05
Orbitrap,46.842621,46.842621,6,2,2,1,2,223.0601,223.0601,223.0601,2.4096966191956433e-05
Orbitrap,46.882484000000005,46.882484000000005,15,2,2,1,2,213.1022,213.1022,213.1022,2.4096966191956433e-05
Orbitrap,46.886214,46.886214,6,2,2,1,2,781.4369,781.4369,781.4369,2.4096966191956433e-05
Orbitrap,46.893033,46.893033,6,2,2,1,2,426.3003,426.3003,426.3003,2.4096966191956433e-05
Orbitrap,46.924556,46.924556,6,2,2,1,2,335.1754,335.1754,335.1754,2.4096966191956433e-05
Orbitrap,46.955251,46.955251,6,2,2,1,2,247.1329,247.1329,247.1329,2.4096966191956433e-05
Orbitrap,46.964295,46.964295,6,2,2,1,2,247.1805,247.1805,247.1805,2.4096966191956433e-05
Orbitrap,47.0,47,0,2,2,1,2,220.11929,220.11929,220.11929,2.4096966191956433e-05
Orbitrap,47.02658,47.02658,5,2,2,1,2,235.1329,235.1329,235.1329,2.4096966191956433e-05
Orbitrap,47.043380000000006,47.043380000000006,15,2,2,1,2,235.2169,235.2169,235.2169,2.4096966191956433e-05
Orbitrap,47.10506899999999,47.10506899999999,14,2,2,1,2,428.2279,428.2279,428.2279,2.4096966191956433e-05
Orbitrap,47.18514,47.18514,5,2,0,1,0,393.2095,393.2095,393.2095,2.4096966191956433e-05
Orbitrap,47.26304999999999,47.26304999999999,14,2,2,1,2,315.087,315.087,315.087,2.4096966191956433e-05
Orbitrap,47.297978,47.297978,6,2,2,1,2,139.1117,139.1117,139.1117,2.4096966191956433e-05
Orbitrap,47.338215000000005,47.338215000000005,15,2,2,1,2,249.1485,249.1485,249.1485,2.4096966191956433e-05
Orbitrap,47.350576,47.350576,6,2,2,1,2,182.1176,182.1176,182.1176,2.4096966191956433e-05
Orbitrap,47.38631999999999,47.38631999999999,14,2,2,1,2,296.1645,296.1645,296.1645,2.4096966191956433e-05
Orbitrap,47.38784,47.38784,5,2,2,1,2,592.348,592.348,592.348,2.4096966191956433e-05
Orbitrap,47.41065,47.41065,5,2,2,1,2,316.071,316.071,316.071,2.4096966191956433e-05
Orbitrap,47.42358,47.42358,5,2,2,1,2,395.1965,395.1965,395.1965,2.4096966191956433e-05
Orbitrap,47.57789999999999,47.57789999999999,14,2,2,1,2,317.186,317.186,317.186,2.4096966191956433e-05
Orbitrap,47.600111,47.600111,6,2,2,1,2,366.1547,366.1547,366.1547,2.4096966191956433e-05
Orbitrap,47.621602,47.621602,6,2,2,1,2,340.1543,340.1543,340.1543,2.4096966191956433e-05
Orbitrap,47.707366,47.707366,6,2,2,1,2,251.0914,251.0914,251.0914,2.4096966191956433e-05
Orbitrap,47.75089,47.75089,5,2,2,1,2,217.0495,217.0495,217.0495,2.4096966191956433e-05
Orbitrap,47.759376,47.759376,6,2,2,1,2,341.1384,341.1384,341.1384,2.4096966191956433e-05
Orbitrap,47.779824,47.779824,6,2,2,1,2,199.0826,199.0826,199.0826,2.4096966191956433e-05
Orbitrap,47.786076,47.786076,6,2,2,1,2,398.2173,398.2173,398.2173,2.4096966191956433e-05
Orbitrap,47.78856,47.78856,5,2,2,1,2,199.119,199.119,199.119,2.4096966191956433e-05
Orbitrap,47.9038,47.9038,4,2,2,1,2,342.17,342.17,342.17,2.4096966191956433e-05
Orbitrap,47.906754,47.906754,6,2,2,1,2,342.1911,342.1911,342.1911,2.4096966191956433e-05
Orbitrap,47.960349,47.960349,6,2,2,1,2,282.1197,282.1197,282.1197,2.4096966191956433e-05
Orbitrap,48.02106,48.02106,5,2,2,1,2,400.1755,400.1755,400.1755,2.4096966191956433e-05
Orbitrap,48.040864,48.040864,6,2,2,1,2,150.1277,150.1277,150.1277,2.4096966191956433e-05
Orbitrap,48.089602,48.089602,6,2,0,1,0,437.1782,437.1782,437.1782,2.4096966191956433e-05
Orbitrap,48.095927,48.095927,6,2,0,1,0,437.2357,437.2357,437.2357,2.4096966191956433e-05
Orbitrap,48.13618,48.13618,5,2,2,1,2,283.154,283.154,283.154,2.4096966191956433e-05
Orbitrap,48.169404,48.169404,6,2,2,1,2,535.2156,535.2156,535.2156,2.4096966191956433e-05
Orbitrap,48.21036,48.21036,5,2,2,1,2,219.138,219.138,219.138,2.4096966191956433e-05
Orbitrap,48.218346,48.218346,6,2,2,1,2,219.1743,219.1743,219.1743,2.4096966191956433e-05
Orbitrap,48.420460000000006,48.420460000000006,15,2,2,1,2,242.1023,242.1023,242.1023,2.4096966191956433e-05
Orbitrap,48.426246,48.426246,6,2,2,1,2,220.1193,220.1193,220.1193,2.4096966191956433e-05
Orbitrap,48.434544,48.434544,6,2,2,1,2,269.0808,269.0808,269.0808,2.4096966191956433e-05
Orbitrap,48.476310000000005,48.476310000000005,15,2,2,1,2,323.1754,323.1754,323.1754,2.4096966191956433e-05
Orbitrap,48.51128,48.51128,5,2,2,2,2,303.1955,303.1955,303.1955,2.4096966191956433e-05
Orbitrap,48.62984,48.62984,5,2,2,1,2,243.1492,243.1492,243.1492,2.4096966191956433e-05
Orbitrap,48.6471096,48.6471096,7,2,2,1,2,608.08887,608.08887,608.08887,2.4096966191956433e-05
Orbitrap,48.664688,48.664688,6,2,2,1,2,304.1543,304.1543,304.1543,2.4096966191956433e-05
Orbitrap,48.760605,48.760605,6,2,2,1,2,325.0707,325.0707,325.0707,2.4096966191956433e-05
Orbitrap,48.79935,48.79935,5,2,2,1,2,287.055,287.055,287.055,2.4096966191956433e-05
Orbitrap,48.84542,48.84542,5,2,2,1,2,244.2271,244.2271,244.2271,2.4096966191956433e-05
Orbitrap,48.90942,48.90942,5,2,2,1,2,163.0314,163.0314,163.0314,2.4096966191956433e-05
Orbitrap,48.9117,48.9117,4,2,2,1,2,163.039,163.039,163.039,2.4096966191956433e-05
Orbitrap,48.962256,48.962256,6,2,2,1,2,233.1536,233.1536,233.1536,2.4096966191956433e-05
Orbitrap,48.98091,48.98091,5,2,2,1,2,288.123,288.123,288.123,2.4096966191956433e-05
Orbitrap,49.16428200000001,49.16428200000001,14,2,2,1,2,546.2698,546.2698,546.2698,2.4096966191956433e-05
Orbitrap,49.171752,49.171752,6,2,2,1,2,182.1176,182.1176,182.1176,2.4096966191956433e-05
Orbitrap,49.297495000000005,49.297495000000005,15,2,2,1,2,379.2115,379.2115,379.2115,2.4096966191956433e-05
Orbitrap,49.387905,49.387905,6,2,2,1,2,235.1805,235.1805,235.1805,2.4096966191956433e-05
Orbitrap,49.42658,49.42658,5,2,2,1,2,247.1329,247.1329,247.1329,2.4096966191956433e-05
Orbitrap,49.4361,49.4361,4,2,2,1,2,247.1805,247.1805,247.1805,2.4096966191956433e-05
Orbitrap,49.44604,49.44604,5,2,2,1,2,353.186,353.186,353.186,2.4096966191956433e-05
Orbitrap,49.462176,49.462176,6,2,2,1,2,206.0924,206.0924,206.0924,2.4096966191956433e-05
Orbitrap,49.46796,49.46796,5,2,2,1,2,412.233,412.233,412.233,2.4096966191956433e-05
Orbitrap,49.542141,49.542141,6,2,2,1,2,150.1277,150.1277,150.1277,2.4096966191956433e-05
Orbitrap,49.631329,49.631329,6,2,0,1,0,451.1939,451.1939,451.1939,2.4096966191956433e-05
Orbitrap,49.694148,49.694148,6,2,2,1,2,276.0786,276.0786,276.0786,2.4096966191956433e-05
Orbitrap,49.705464,49.705464,6,2,2,1,2,414.2122,414.2122,414.2122,2.4096966191956433e-05
Orbitrap,49.720404,49.720404,6,2,2,1,2,414.3367,414.3367,414.3367,2.4096966191956433e-05
Orbitrap,49.8297,49.8297,4,2,2,1,2,249.1485,249.1485,249.1485,2.4096966191956433e-05
Orbitrap,49.838484,49.838484,6,2,2,1,2,415.3207,415.3207,415.3207,2.4096966191956433e-05
Orbitrap,49.865984000000005,49.865984000000005,15,2,2,1,2,356.1856,356.1856,356.1856,2.4096966191956433e-05
Orbitrap,49.951968,49.951968,6,2,2,2,2,208.1332,208.1332,208.1332,2.4096966191956433e-05
Orbitrap,50.08021200000001,50.08021200000001,14,2,2,1,2,139.1117,139.1117,139.1117,2.4096966191956433e-05
Orbitrap,50.124735,50.124735,6,2,2,1,2,334.1649,334.1649,334.1649,2.4096966191956433e-05
Orbitrap,50.182368,50.182368,6,2,2,1,2,295.1904,295.1904,295.1904,2.4096966191956433e-05
Orbitrap,50.21828,50.21828,5,2,2,1,2,251.0914,251.0914,251.0914,2.4096966191956433e-05
Orbitrap,50.247702,50.247702,6,2,2,1,2,837.4617,837.4617,837.4617,2.4096966191956433e-05
Orbitrap,50.27631,50.27631,5,2,2,1,2,335.1754,335.1754,335.1754,2.4096966191956433e-05
Orbitrap,50.296044,50.296044,6,2,2,1,2,419.1337,419.1337,419.1337,2.4096966191956433e-05
Orbitrap,50.347965,50.347965,6,2,2,1,2,296.1645,296.1645,296.1645,2.4096966191956433e-05
Orbitrap,50.386309,50.386309,6,2,2,1,2,265.1911,265.1911,265.1911,2.4096966191956433e-05
Orbitrap,50.43393,50.43393,5,2,2,1,2,168.1131,168.1131,168.1131,2.4096966191956433e-05
Orbitrap,50.541996,50.541996,6,2,0,1,0,421.1833,421.1833,421.1833,2.4096966191956433e-05
Orbitrap,50.66544,50.66544,5,2,2,1,2,844.424,844.424,844.424,2.4096966191956433e-05
Orbitrap,50.841483,50.841483,6,2,2,1,2,242.1023,242.1023,242.1023,2.4096966191956433e-05
Orbitrap,50.96772,50.96772,5,2,2,1,2,283.154,283.154,283.154,2.4096966191956433e-05
Orbitrap,50.992928,50.992928,6,2,2,1,2,182.1176,182.1176,182.1176,2.4096966191956433e-05
Orbitrap,51.007275,51.007275,6,2,2,1,2,340.0485,340.0485,340.0485,2.4096966191956433e-05
Orbitrap,51.023145,51.023145,6,2,2,1,2,340.1543,340.1543,340.1543,2.4096966191956433e-05
Orbitrap,51.043418,51.043418,6,2,2,1,2,150.1277,150.1277,150.1277,2.4096966191956433e-05
Orbitrap,51.057594,51.057594,6,2,2,1,2,189.1022,189.1022,189.1022,2.4096966191956433e-05
Orbitrap,51.061332,51.061332,6,2,2,1,2,243.1492,243.1492,243.1492,2.4096966191956433e-05
Orbitrap,51.125352,51.125352,6,2,2,1,2,269.0808,269.0808,269.0808,2.4096966191956433e-05
Orbitrap,51.14452800000001,51.14452800000001,14,2,2,1,2,213.1022,213.1022,213.1022,2.4096966191956433e-05
Orbitrap,51.156036,51.156036,6,2,2,1,2,426.3003,426.3003,426.3003,2.4096966191956433e-05
Orbitrap,51.17076,51.17076,5,2,2,1,2,341.1384,341.1384,341.1384,2.4096966191956433e-05
Orbitrap,51.261658,51.261658,6,2,2,1,2,366.1547,366.1547,366.1547,2.4096966191956433e-05
Orbitrap,51.287691,51.287691,6,2,2,1,2,244.2271,244.2271,244.2271,2.4096966191956433e-05
Orbitrap,51.32601,51.32601,5,2,2,1,2,342.1734,342.1734,342.1734,2.4096966191956433e-05
Orbitrap,51.328665,51.328665,6,2,2,1,2,342.1911,342.1911,342.1911,2.4096966191956433e-05
Orbitrap,51.375545,51.375545,6,2,2,1,2,395.1965,395.1965,395.1965,2.4096966191956433e-05
Orbitrap,51.38244,51.38244,5,2,2,1,2,214.0935,214.0935,214.0935,2.4096966191956433e-05
Orbitrap,51.387348,51.387348,6,2,2,1,2,428.2279,428.2279,428.2279,2.4096966191956433e-05
Orbitrap,51.493056,51.493056,6,2,2,1,2,429.1088,429.1088,429.1088,2.4096966191956433e-05
Orbitrap,51.611136,51.611136,6,2,2,1,2,430.0928,430.0928,430.0928,2.4096966191956433e-05
Orbitrap,51.6699,51.6699,4,2,2,1,2,287.055,287.055,287.055,2.4096966191956433e-05
Orbitrap,51.705776,51.705776,6,2,2,1,2,646.3222,646.3222,646.3222,2.4096966191956433e-05
Orbitrap,51.706231,51.706231,6,2,2,1,2,304.1543,304.1543,304.1543,2.4096966191956433e-05
Orbitrap,51.70806400000001,51.70806400000001,14,2,2,1,2,323.1754,323.1754,323.1754,2.4096966191956433e-05
Orbitrap,51.729238,51.729238,6,2,2,1,2,235.1329,235.1329,235.1329,2.4096966191956433e-05
Orbitrap,51.747718,51.747718,6,2,2,1,2,235.2169,235.2169,235.2169,2.4096966191956433e-05
Orbitrap,51.768249,51.768249,6,2,2,1,2,398.2173,398.2173,398.2173,2.4096966191956433e-05
Orbitrap,51.86214,51.86214,5,2,2,1,2,288.123,288.123,288.123,2.4096966191956433e-05
Orbitrap,51.897909,51.897909,6,2,2,1,2,247.1329,247.1329,247.1329,2.4096966191956433e-05
Orbitrap,51.907905,51.907905,6,2,2,1,2,247.1805,247.1805,247.1805,2.4096966191956433e-05
Orbitrap,51.911370000000005,51.911370000000005,15,2,2,1,2,173.0379,173.0379,173.0379,2.4096966191956433e-05
Orbitrap,52.011312,52.011312,6,2,2,1,2,325.0707,325.0707,325.0707,2.4096966191956433e-05
Orbitrap,52.022815,52.022815,6,2,2,1,2,400.1755,400.1755,400.1755,2.4096966191956433e-05
Orbitrap,52.03587,52.03587,5,2,2,1,2,346.9058,346.9058,346.9058,2.4096966191956433e-05
Orbitrap,52.09188,52.09188,5,2,2,1,2,217.0495,217.0495,217.0495,2.4096966191956433e-05
Orbitrap,52.17247999999999,52.17247999999999,14,2,2,1,2,163.039,163.039,163.039,2.4096966191956433e-05
Orbitrap,52.461384,52.461384,6,2,0,1,0,437.1782,437.1782,437.1782,2.4096966191956433e-05
Orbitrap,52.53542,52.53542,5,2,2,1,2,375.253,375.253,375.253,2.4096966191956433e-05
Orbitrap,52.544695,52.544695,6,2,2,1,2,150.1277,150.1277,150.1277,2.4096966191956433e-05
Orbitrap,52.593120000000006,52.593120000000006,15,2,2,1,2,219.138,219.138,219.138,2.4096966191956433e-05
Orbitrap,52.601832,52.601832,6,2,2,1,2,219.1743,219.1743,219.1743,2.4096966191956433e-05
Orbitrap,52.814104,52.814104,6,2,2,1,2,182.1176,182.1176,182.1176,2.4096966191956433e-05
Orbitrap,52.828632000000006,52.828632000000006,15,2,2,1,2,220.1193,220.1193,220.1193,2.4096966191956433e-05
Orbitrap,52.948616,52.948616,6,2,2,1,2,189.1022,189.1022,189.1022,2.4096966191956433e-05
Orbitrap,52.97789999999999,52.97789999999999,14,2,2,1,2,353.186,353.186,353.186,2.4096966191956433e-05
Orbitrap,53.1141,53.1141,4,2,2,1,2,177.047,177.047,177.047,2.4096966191956433e-05
Orbitrap,53.134272,53.134272,6,2,2,1,2,295.1904,295.1904,295.1904,2.4096966191956433e-05
Orbitrap,53.262506,53.262506,6,2,2,1,2,242.1023,242.1023,242.1023,2.4096966191956433e-05
Orbitrap,53.30032200000001,53.30032200000001,14,2,2,1,2,296.1129,296.1129,296.1129,2.4096966191956433e-05
Orbitrap,53.30960999999999,53.30960999999999,14,2,2,1,2,296.1645,296.1645,296.1645,2.4096966191956433e-05
Orbitrap,53.31132,53.31132,5,2,2,1,2,592.348,592.348,592.348,2.4096966191956433e-05
Orbitrap,53.42784,53.42784,5,2,2,1,2,356.1856,356.1856,356.1856,2.4096966191956433e-05
Orbitrap,53.466384,53.466384,6,2,2,1,2,334.1649,334.1649,334.1649,2.4096966191956433e-05
Orbitrap,53.59029,53.59029,5,2,2,1,2,412.233,412.233,412.233,2.4096966191956433e-05
Orbitrap,53.602743,53.602743,6,2,2,1,2,282.1197,282.1197,282.1197,2.4096966191956433e-05
Orbitrap,53.62806400000001,53.62806400000001,14,2,2,1,2,335.1754,335.1754,335.1754,2.4096966191956433e-05
Orbitrap,53.729962,53.729962,6,2,2,1,2,244.2271,244.2271,244.2271,2.4096966191956433e-05
Orbitrap,53.782008000000005,53.782008000000005,15,2,2,2,2,224.0917,224.0917,224.0917,2.4096966191956433e-05
Orbitrap,53.81616,53.81616,5,2,2,1,2,269.0808,269.0808,269.0808,2.4096966191956433e-05
Orbitrap,53.847586,53.847586,6,2,2,1,2,414.2122,414.2122,414.2122,2.4096966191956433e-05
Orbitrap,53.863771,53.863771,6,2,2,1,2,414.3367,414.3367,414.3367,2.4096966191956433e-05
Orbitrap,53.991691,53.991691,6,2,2,1,2,415.3207,415.3207,415.3207,2.4096966191956433e-05
Orbitrap,54.036936,54.036936,6,2,2,1,2,150.1026,150.1026,150.1026,2.4096966191956433e-05
Orbitrap,54.045972,54.045972,6,2,2,1,2,150.1277,150.1277,150.1277,2.4096966191956433e-05
Orbitrap,54.091515,54.091515,6,2,2,1,2,235.1805,235.1805,235.1805,2.4096966191956433e-05
Orbitrap,54.143268,54.143268,6,2,0,1,0,451.1939,451.1939,451.1939,2.4096966191956433e-05
Orbitrap,54.203922,54.203922,6,2,2,1,2,301.1329,301.1329,301.1329,2.4096966191956433e-05
Orbitrap,54.367322,54.367322,6,2,2,1,2,286.1438,286.1438,286.1438,2.4096966191956433e-05
Orbitrap,54.424688,54.424688,6,2,2,1,2,340.1543,340.1543,340.1543,2.4096966191956433e-05
Orbitrap,54.54045000000001,54.54045000000001,14,2,2,1,2,287.055,287.055,287.055,2.4096966191956433e-05
Orbitrap,54.57518999999999,54.57518999999999,14,2,2,2,2,303.1955,303.1955,303.1955,2.4096966191956433e-05
Orbitrap,54.582144,54.582144,6,2,2,1,2,341.1384,341.1384,341.1384,2.4096966191956433e-05
Orbitrap,54.62698,54.62698,5,2,2,1,2,546.2698,546.2698,546.2698,2.4096966191956433e-05
Orbitrap,54.62952,54.62952,5,2,2,1,2,910.492,910.492,910.492,2.4096966191956433e-05
Orbitrap,54.63528000000001,54.63528000000001,14,2,2,1,2,182.1176,182.1176,182.1176,2.4096966191956433e-05
Orbitrap,54.712872,54.712872,6,2,2,1,2,455.9406,455.9406,455.9406,2.4096966191956433e-05
Orbitrap,54.74337,54.74337,5,2,2,1,2,288.123,288.123,288.123,2.4096966191956433e-05
Orbitrap,54.74720000000001,54.74720000000001,14,2,2,1,2,342.17,342.17,342.17,2.4096966191956433e-05
Orbitrap,54.750286,54.750286,6,2,2,1,2,288.1594,288.1594,288.1594,2.4096966191956433e-05
Orbitrap,54.750576,54.750576,6,2,2,1,2,342.1911,342.1911,342.1911,2.4096966191956433e-05
Orbitrap,54.753829,54.753829,6,2,0,1,0,421.1833,421.1833,421.1833,2.4096966191956433e-05
Orbitrap,54.7845,54.7845,4,2,2,1,2,219.138,219.138,219.138,2.4096966191956433e-05
Orbitrap,54.81267,54.81267,5,2,2,1,2,249.1485,249.1485,249.1485,2.4096966191956433e-05
Orbitrap,54.823142,54.823142,6,2,2,1,2,249.1961,249.1961,249.1961,2.4096966191956433e-05
Orbitrap,54.83963800000001,54.83963800000001,14,2,2,1,2,189.1022,189.1022,189.1022,2.4096966191956433e-05
Orbitrap,54.923205,54.923205,6,2,2,1,2,366.1547,366.1547,366.1547,2.4096966191956433e-05
Orbitrap,54.93981800000001,54.93981800000001,14,2,2,1,2,323.1754,323.1754,323.1754,2.4096966191956433e-05
Orbitrap,55.189143,55.189143,6,2,2,1,2,613.2127,613.2127,613.2127,2.4096966191956433e-05
Orbitrap,55.240108,55.240108,6,2,2,1,2,251.0914,251.0914,251.0914,2.4096966191956433e-05
Orbitrap,55.262019,55.262019,6,2,2,1,2,325.0707,325.0707,325.0707,2.4096966191956433e-05
Orbitrap,55.32751,55.32751,5,2,2,1,2,395.1965,395.1965,395.1965,2.4096966191956433e-05
Orbitrap,55.401597,55.401597,6,2,2,1,2,205.1911,205.1911,205.1911,2.4096966191956433e-05
Orbitrap,55.406572,55.406572,6,2,2,1,2,213.1022,213.1022,213.1022,2.4096966191956433e-05
Orbitrap,55.419039,55.419039,6,2,2,1,2,426.3003,426.3003,426.3003,2.4096966191956433e-05
Orbitrap,55.43326,55.43326,5,2,2,1,2,163.039,163.039,163.039,2.4096966191956433e-05
Orbitrap,55.547249,55.547249,6,2,2,1,2,150.1277,150.1277,150.1277,2.4096966191956433e-05
Orbitrap,55.669627,55.669627,6,2,2,1,2,428.2279,428.2279,428.2279,2.4096966191956433e-05
Orbitrap,55.674015,55.674015,6,2,2,1,2,371.1601,371.1601,371.1601,2.4096966191956433e-05
Orbitrap,55.683529,55.683529,6,2,2,1,2,242.1023,242.1023,242.1023,2.4096966191956433e-05
Orbitrap,55.690131,55.690131,6,2,2,1,2,265.1911,265.1911,265.1911,2.4096966191956433e-05
Orbitrap,55.75042200000001,55.75042200000001,14,2,2,1,2,398.2173,398.2173,398.2173,2.4096966191956433e-05
Orbitrap,56.02457,56.02457,5,2,2,1,2,400.1755,400.1755,400.1755,2.4096966191956433e-05
Orbitrap,56.172233,56.172233,6,2,2,1,2,244.2271,244.2271,244.2271,2.4096966191956433e-05
Orbitrap,56.271255,56.271255,6,2,2,1,2,296.1645,296.1645,296.1645,2.4096966191956433e-05
Orbitrap,56.28795,56.28795,5,2,2,1,2,375.253,375.253,375.253,2.4096966191956433e-05
Orbitrap,56.41965,56.41965,5,2,2,1,2,376.131,376.131,376.131,2.4096966191956433e-05
Orbitrap,56.431896,56.431896,6,2,2,1,2,235.1329,235.1329,235.1329,2.4096966191956433e-05
Orbitrap,56.452056000000006,56.452056000000006,15,2,2,1,2,235.2169,235.2169,235.2169,2.4096966191956433e-05
Orbitrap,56.456456,56.456456,6,2,2,1,2,182.1176,182.1176,182.1176,2.4096966191956433e-05
Orbitrap,56.506968,56.506968,6,2,2,1,2,269.0808,269.0808,269.0808,2.4096966191956433e-05
Orbitrap,56.50975999999999,56.50975999999999,14,2,2,1,2,353.186,353.186,353.186,2.4096966191956433e-05
Orbitrap,56.512064,56.512064,6,2,2,2,2,706.4008,706.4008,706.4008,2.4096966191956433e-05
Orbitrap,56.71566,56.71566,5,2,2,1,2,315.087,315.087,315.087,2.4096966191956433e-05
Orbitrap,56.73066,56.73066,5,2,2,1,2,189.1022,189.1022,189.1022,2.4096966191956433e-05
Orbitrap,56.808033,56.808033,6,2,2,1,2,334.1649,334.1649,334.1649,2.4096966191956433e-05
Orbitrap,56.833166,56.833166,6,2,0,1,0,437.1782,437.1782,437.1782,2.4096966191956433e-05
Orbitrap,56.840641000000005,56.840641000000005,15,2,0,1,0,437.2357,437.2357,437.2357,2.4096966191956433e-05
Orbitrap,56.881725,56.881725,6,2,2,1,2,379.2115,379.2115,379.2115,2.4096966191956433e-05
Orbitrap,56.89278000000001,56.89278000000001,14,2,2,1,2,316.071,316.071,316.071,2.4096966191956433e-05
Orbitrap,56.97981800000001,56.97981800000001,14,2,2,1,2,335.1754,335.1754,335.1754,2.4096966191956433e-05
Orbitrap,56.989696,56.989696,6,2,2,1,2,356.1856,356.1856,356.1856,2.4096966191956433e-05
Orbitrap,57.09347999999999,57.09347999999999,14,2,2,1,2,317.186,317.186,317.186,2.4096966191956433e-05
Orbitrap,57.411,57.411,3,2,2,1,2,287.055,287.055,287.055,2.4096966191956433e-05
Orbitrap,57.453508,57.453508,6,2,2,1,2,205.1911,205.1911,205.1911,2.4096966191956433e-05
Orbitrap,57.6246,57.6246,4,2,2,1,2,288.123,288.123,288.123,2.4096966191956433e-05
Orbitrap,57.63188,57.63188,5,2,2,1,2,288.1594,288.1594,288.1594,2.4096966191956433e-05
Orbitrap,57.71262,57.71262,5,2,2,1,2,412.233,412.233,412.233,2.4096966191956433e-05
Orbitrap,57.789317,57.789317,6,2,2,1,2,304.1543,304.1543,304.1543,2.4096966191956433e-05
Orbitrap,57.826231,57.826231,6,2,2,1,2,340.1543,340.1543,340.1543,2.4096966191956433e-05
Orbitrap,57.989708,57.989708,6,2,2,1,2,414.2122,414.2122,414.2122,2.4096966191956433e-05
Orbitrap,57.993528,57.993528,6,2,2,1,2,341.1384,341.1384,341.1384,2.4096966191956433e-05
Orbitrap,58.007138,58.007138,6,2,2,1,2,414.3367,414.3367,414.3367,2.4096966191956433e-05
Orbitrap,58.104552000000005,58.104552000000005,15,2,2,1,2,242.1023,242.1023,242.1023,2.4096966191956433e-05
Orbitrap,58.144898,58.144898,6,2,2,1,2,415.3207,415.3207,415.3207,2.4096966191956433e-05
Orbitrap,58.1689,58.1689,4,2,2,1,2,342.17,342.17,342.17,2.4096966191956433e-05
Orbitrap,58.168998,58.168998,6,2,2,1,2,646.3222,646.3222,646.3222,2.4096966191956433e-05
Orbitrap,58.171572000000005,58.171572000000005,15,2,2,1,2,323.1754,323.1754,323.1754,2.4096966191956433e-05
Orbitrap,58.172487,58.172487,6,2,2,1,2,342.1911,342.1911,342.1911,2.4096966191956433e-05
Orbitrap,58.23528,58.23528,5,2,2,2,2,194.1176,194.1176,194.1176,2.4096966191956433e-05
Orbitrap,58.277632,58.277632,6,2,2,1,2,182.1176,182.1176,182.1176,2.4096966191956433e-05
Orbitrap,58.345428000000005,58.345428000000005,15,2,2,1,2,307.0812,307.0812,307.0812,2.4096966191956433e-05
Orbitrap,58.512726,58.512726,6,2,2,1,2,325.0707,325.0707,325.0707,2.4096966191956433e-05
Orbitrap,58.584752,58.584752,6,2,2,1,2,366.1547,366.1547,366.1547,2.4096966191956433e-05
Orbitrap,58.614504,58.614504,6,2,2,1,2,244.2271,244.2271,244.2271,2.4096966191956433e-05
Orbitrap,58.621682,58.621682,6,2,2,1,2,189.1022,189.1022,189.1022,2.4096966191956433e-05
Orbitrap,58.655207,58.655207,6,2,0,1,0,451.1939,451.1939,451.1939,2.4096966191956433e-05
Orbitrap,58.691304,58.691304,6,2,2,1,2,163.0314,163.0314,163.0314,2.4096966191956433e-05
Orbitrap,58.69404,58.69404,5,2,2,1,2,163.039,163.039,163.039,2.4096966191956433e-05
Orbitrap,58.965662,58.965662,6,2,0,1,0,421.1833,421.1833,421.1833,2.4096966191956433e-05
Orbitrap,59.19139799999999,59.19139799999999,14,2,2,1,2,986.5233,986.5233,986.5233,2.4096966191956433e-05
Orbitrap,59.2329,59.2329,4,2,2,1,2,296.1645,296.1645,296.1645,2.4096966191956433e-05
Orbitrap,59.23479999999999,59.23479999999999,14,2,2,1,2,592.348,592.348,592.348,2.4096966191956433e-05
Orbitrap,59.279475000000005,59.279475000000005,15,2,2,1,2,395.1965,395.1965,395.1965,2.4096966191956433e-05
Orbitrap,59.419728000000006,59.419728000000006,15,2,2,1,2,330.1096,330.1096,330.1096,2.4096966191956433e-05
Orbitrap,59.505419,59.505419,6,2,2,1,2,205.1911,205.1911,205.1911,2.4096966191956433e-05
Orbitrap,59.64122999999999,59.64122999999999,14,2,2,1,2,271.0965,271.0965,271.0965,2.4096966191956433e-05
Orbitrap,59.668616,59.668616,6,2,2,1,2,213.1022,213.1022,213.1022,2.4096966191956433e-05
Orbitrap,59.682042,59.682042,6,2,2,1,2,426.3003,426.3003,426.3003,2.4096966191956433e-05
Orbitrap,59.697278,59.697278,6,2,2,1,2,314.1962,314.1962,314.1962,2.4096966191956433e-05
Orbitrap,59.72478,59.72478,5,2,2,1,2,199.0826,199.0826,199.0826,2.4096966191956433e-05
Orbitrap,59.732595,59.732595,6,2,2,1,2,398.2173,398.2173,398.2173,2.4096966191956433e-05
Orbitrap,59.7357,59.7357,4,2,2,1,2,199.119,199.119,199.119,2.4096966191956433e-05
Orbitrap,59.79564,59.79564,5,2,2,1,2,249.1485,249.1485,249.1485,2.4096966191956433e-05
Orbitrap,59.807064,59.807064,6,2,2,1,2,249.1961,249.1961,249.1961,2.4096966191956433e-05
Orbitrap,59.951906,59.951906,6,2,2,1,2,428.2279,428.2279,428.2279,2.4096966191956433e-05
Orbitrap,60.026325,60.026325,6,2,2,1,2,400.1755,400.1755,400.1755,2.4096966191956433e-05
Orbitrap,60.04162,60.04162,5,2,2,1,2,353.186,353.186,353.186,2.4096966191956433e-05
Orbitrap,60.089678,60.089678,6,2,2,1,2,546.2698,546.2698,546.2698,2.4096966191956433e-05
Orbitrap,60.090198,60.090198,6,2,2,1,2,286.1438,286.1438,286.1438,2.4096966191956433e-05
Orbitrap,60.098808000000005,60.098808000000005,15,2,2,1,2,182.1176,182.1176,182.1176,2.4096966191956433e-05
Orbitrap,60.149682,60.149682,6,2,2,1,2,334.1649,334.1649,334.1649,2.4096966191956433e-05
Orbitrap,60.261936,60.261936,6,2,2,1,2,251.0914,251.0914,251.0914,2.4096966191956433e-05
Orbitrap,60.28155,60.28155,5,2,2,1,2,287.055,287.055,287.055,2.4096966191956433e-05
Orbitrap,60.33157200000001,60.33157200000001,14,2,2,1,2,335.1754,335.1754,335.1754,2.4096966191956433e-05
Orbitrap,60.50583,60.50583,5,2,2,1,2,288.123,288.123,288.123,2.4096966191956433e-05
Orbitrap,60.51270400000001,60.51270400000001,14,2,2,1,2,189.1022,189.1022,189.1022,2.4096966191956433e-05
Orbitrap,60.520716,60.520716,6,2,2,1,2,168.1131,168.1131,168.1131,2.4096966191956433e-05
Orbitrap,60.525575,60.525575,6,2,2,1,2,242.1023,242.1023,242.1023,2.4096966191956433e-05
Orbitrap,60.551552,60.551552,6,2,2,1,2,356.1856,356.1856,356.1856,2.4096966191956433e-05
Orbitrap,60.776514,60.776514,6,2,2,1,2,225.0982,225.0982,225.0982,2.4096966191956433e-05
Orbitrap,60.83086,60.83086,5,2,2,1,2,304.1543,304.1543,304.1543,2.4096966191956433e-05
Orbitrap,60.993953000000005,60.993953000000005,15,2,2,1,2,265.1911,265.1911,265.1911,2.4096966191956433e-05
Orbitrap,61.002024,61.002024,6,2,2,1,2,254.1751,254.1751,254.1751,2.4096966191956433e-05
Orbitrap,61.056775,61.056775,6,2,2,1,2,244.2271,244.2271,244.2271,2.4096966191956433e-05
Orbitrap,61.204948,61.204948,6,2,0,1,0,437.1782,437.1782,437.1782,2.4096966191956433e-05
Orbitrap,61.227774,61.227774,6,2,2,1,2,340.1543,340.1543,340.1543,2.4096966191956433e-05
Orbitrap,61.40332600000001,61.40332600000001,14,2,2,1,2,323.1754,323.1754,323.1754,2.4096966191956433e-05
Orbitrap,61.404912,61.404912,6,2,2,1,2,341.1384,341.1384,341.1384,2.4096966191956433e-05
Orbitrap,61.41624,61.41624,5,2,2,1,2,307.0812,307.0812,307.0812,2.4096966191956433e-05
Orbitrap,61.591212,61.591212,6,2,2,1,2,342.1734,342.1734,342.1734,2.4096966191956433e-05
Orbitrap,61.594398,61.594398,6,2,2,1,2,342.1911,342.1911,342.1911,2.4096966191956433e-05
Orbitrap,61.763433,61.763433,6,2,2,1,2,325.0707,325.0707,325.0707,2.4096966191956433e-05
Orbitrap,61.82772,61.82772,5,2,2,1,2,206.0924,206.0924,206.0924,2.4096966191956433e-05
Orbitrap,61.83495,61.83495,5,2,2,1,2,412.233,412.233,412.233,2.4096966191956433e-05
Orbitrap,61.91998400000001,61.91998400000001,14,2,2,1,2,182.1176,182.1176,182.1176,2.4096966191956433e-05
Orbitrap,62.114904,62.114904,6,2,2,1,2,230.0552,230.0552,230.0552,2.4096966191956433e-05
Orbitrap,62.120754,62.120754,6,2,2,1,2,345.1153,345.1153,345.1153,2.4096966191956433e-05
Orbitrap,62.13183,62.13183,5,2,2,1,2,414.2122,414.2122,414.2122,2.4096966191956433e-05
Orbitrap,62.150505,62.150505,6,2,2,1,2,414.3367,414.3367,414.3367,2.4096966191956433e-05
Orbitrap,62.194545,62.194545,6,2,2,1,2,296.1645,296.1645,296.1645,2.4096966191956433e-05
Orbitrap,62.246299,62.246299,6,2,2,1,2,366.1547,366.1547,366.1547,2.4096966191956433e-05
Orbitrap,62.293644,62.293644,6,2,2,1,2,173.0379,173.0379,173.0379,2.4096966191956433e-05
Orbitrap,62.29810499999999,62.29810499999999,14,2,2,1,2,415.3207,415.3207,415.3207,2.4096966191956433e-05
Orbitrap,62.352195,62.352195,6,2,2,1,2,271.0965,271.0965,271.0965,2.4096966191956433e-05
Orbitrap,62.403726,62.403726,6,2,2,1,2,189.1022,189.1022,189.1022,2.4096966191956433e-05
Orbitrap,62.43996,62.43996,5,2,2,2,2,208.1332,208.1332,208.1332,2.4096966191956433e-05
Orbitrap,62.443044,62.443044,6,2,2,1,2,346.9058,346.9058,346.9058,2.4096966191956433e-05
Orbitrap,62.83924,62.83924,5,2,2,1,2,314.1962,314.1962,314.1962,2.4096966191956433e-05
Orbitrap,62.8835074,62.8835074,7,2,2,1,2,449.16791,449.16791,449.16791,2.4096966191956433e-05
Orbitrap,63.027496,63.027496,6,2,2,1,2,225.0982,225.0982,225.0982,2.4096966191956433e-05
Orbitrap,63.167146,63.167146,6,2,0,1,0,451.1939,451.1939,451.1939,2.4096966191956433e-05
Orbitrap,63.23144,63.23144,5,2,2,1,2,395.1965,395.1965,395.1965,2.4096966191956433e-05
Orbitrap,63.395068,63.395068,6,2,2,1,2,288.1594,288.1594,288.1594,2.4096966191956433e-05
Orbitrap,63.491331,63.491331,6,2,2,1,2,334.1649,334.1649,334.1649,2.4096966191956433e-05
Orbitrap,63.57348,63.57348,5,2,2,1,2,353.186,353.186,353.186,2.4096966191956433e-05
Orbitrap,63.580032,63.580032,6,2,2,1,2,353.2224,353.2224,353.2224,2.4096966191956433e-05
Orbitrap,63.609241,63.609241,6,2,2,1,2,205.1911,205.1911,205.1911,2.4096966191956433e-05
Orbitrap,63.68332600000001,63.68332600000001,14,2,2,1,2,335.1754,335.1754,335.1754,2.4096966191956433e-05
Orbitrap,63.71476800000001,63.71476800000001,14,2,2,1,2,398.2173,398.2173,398.2173,2.4096966191956433e-05
Orbitrap,63.73692,63.73692,5,2,2,1,2,177.047,177.047,177.047,2.4096966191956433e-05
Orbitrap,63.74116,63.74116,5,2,2,1,2,182.1176,182.1176,182.1176,2.4096966191956433e-05
Orbitrap,63.79301,63.79301,5,2,2,1,2,375.253,375.253,375.253,2.4096966191956433e-05
Orbitrap,63.872403,63.872403,6,2,2,1,2,304.1543,304.1543,304.1543,2.4096966191956433e-05
Orbitrap,63.93066,63.93066,5,2,2,1,2,213.1022,213.1022,213.1022,2.4096966191956433e-05
Orbitrap,63.945045,63.945045,6,2,2,1,2,426.3003,426.3003,426.3003,2.4096966191956433e-05
Orbitrap,64.02808,64.02808,5,2,2,1,2,400.1755,400.1755,400.1755,2.4096966191956433e-05
Orbitrap,64.113408,64.113408,6,2,2,1,2,356.1856,356.1856,356.1856,2.4096966191956433e-05
Orbitrap,64.22587200000001,64.22587200000001,14,2,2,1,2,535.2156,535.2156,535.2156,2.4096966191956433e-05
Orbitrap,64.22805,64.22805,5,2,2,1,2,214.0935,214.0935,214.0935,2.4096966191956433e-05
Orbitrap,64.234185,64.234185,6,2,2,1,2,428.2279,428.2279,428.2279,2.4096966191956433e-05
Orbitrap,64.29474800000001,64.29474800000001,14,2,2,1,2,189.1022,189.1022,189.1022,2.4096966191956433e-05
Orbitrap,64.36631999999999,64.36631999999999,14,2,2,1,2,429.1088,429.1088,429.1088,2.4096966191956433e-05
Orbitrap,64.415456,64.415456,6,2,2,1,2,230.0552,230.0552,230.0552,2.4096966191956433e-05
Orbitrap,64.46595500000001,64.46595500000001,14,2,2,1,2,379.2115,379.2115,379.2115,2.4096966191956433e-05
Orbitrap,64.487052,64.487052,6,2,2,1,2,307.0812,307.0812,307.0812,2.4096966191956433e-05
Orbitrap,64.51392,64.51392,5,2,2,1,2,430.0928,430.0928,430.0928,2.4096966191956433e-05
Orbitrap,64.629317,64.629317,6,2,2,1,2,340.1543,340.1543,340.1543,2.4096966191956433e-05
Orbitrap,64.63221999999999,64.63221999999999,14,2,2,1,2,646.3222,646.3222,646.3222,2.4096966191956433e-05
Orbitrap,64.63508,64.63508,5,2,2,1,2,323.1754,323.1754,323.1754,2.4096966191956433e-05
Orbitrap,64.816296,64.816296,6,2,2,1,2,341.1384,341.1384,341.1384,2.4096966191956433e-05
Orbitrap,65.009393,65.009393,6,2,2,1,2,342.1547,342.1547,342.1547,2.4096966191956433e-05
Orbitrap,65.0123,65.0123,4,2,2,1,2,342.17,342.17,342.17,2.4096966191956433e-05
Orbitrap,65.01414,65.01414,5,2,2,1,2,325.0707,325.0707,325.0707,2.4096966191956433e-05
Orbitrap,65.016309,65.016309,6,2,2,1,2,342.1911,342.1911,342.1911,2.4096966191956433e-05
Orbitrap,65.06316,65.06316,5,2,2,1,2,271.0965,271.0965,271.0965,2.4096966191956433e-05
Orbitrap,65.15828,65.15828,5,2,2,1,2,592.348,592.348,592.348,2.4096966191956433e-05
Orbitrap,65.27847799999999,65.27847799999999,14,2,2,1,2,225.0982,225.0982,225.0982,2.4096966191956433e-05
Orbitrap,65.30006399999999,65.30006399999999,14,2,2,1,2,408.1254,408.1254,408.1254,2.4096966191956433e-05
Orbitrap,65.54190000000001,65.54190000000001,14,2,2,1,2,436.946,436.946,436.946,2.4096966191956433e-05
Orbitrap,65.550408,65.550408,6,2,2,1,2,273.1267,273.1267,273.1267,2.4096966191956433e-05
Orbitrap,65.55237600000001,65.55237600000001,14,2,2,1,2,546.2698,546.2698,546.2698,2.4096966191956433e-05
Orbitrap,65.56233600000002,65.56233600000002,14,2,2,1,2,182.1176,182.1176,182.1176,2.4096966191956433e-05
Orbitrap,65.57673,65.57673,5,2,0,1,0,437.1782,437.1782,437.1782,2.4096966191956433e-05
Orbitrap,65.58535499999999,65.58535499999999,14,2,0,1,0,437.2357,437.2357,437.2357,2.4096966191956433e-05
Orbitrap,65.72608199999999,65.72608199999999,14,2,2,1,2,365.1449,365.1449,365.1449,2.4096966191956433e-05
Orbitrap,65.907846,65.907846,6,2,2,1,2,366.1547,366.1547,366.1547,2.4096966191956433e-05
Orbitrap,65.95728,65.95728,5,2,2,1,2,412.233,412.233,412.233,2.4096966191956433e-05
Orbitrap,65.981202,65.981202,6,2,2,1,2,314.1962,314.1962,314.1962,2.4096966191956433e-05
Orbitrap,66.18577,66.18577,5,2,2,1,2,189.1022,189.1022,189.1022,2.4096966191956433e-05
Orbitrap,66.258864,66.258864,6,2,2,1,2,276.0786,276.0786,276.0786,2.4096966191956433e-05
Orbitrap,66.27395200000001,66.27395200000001,14,2,2,1,2,414.2122,414.2122,414.2122,2.4096966191956433e-05
Orbitrap,66.29387200000001,66.29387200000001,14,2,2,1,2,414.3367,414.3367,414.3367,2.4096966191956433e-05
Orbitrap,66.451312,66.451312,6,2,2,1,2,415.3207,415.3207,415.3207,2.4096966191956433e-05
Orbitrap,66.716008,66.716008,6,2,2,1,2,230.0552,230.0552,230.0552,2.4096966191956433e-05
Orbitrap,66.808818,66.808818,6,2,2,1,2,371.1601,371.1601,371.1601,2.4096966191956433e-05
Orbitrap,66.83297999999999,66.83297999999999,14,2,2,1,2,334.1649,334.1649,334.1649,2.4096966191956433e-05
Orbitrap,67.03508000000001,67.03508000000001,14,2,2,1,2,335.1754,335.1754,335.1754,2.4096966191956433e-05
Orbitrap,67.10534,67.10534,5,2,2,1,2,353.186,353.186,353.186,2.4096966191956433e-05
Orbitrap,67.183405,67.183405,6,2,2,1,2,395.1965,395.1965,395.1965,2.4096966191956433e-05
Orbitrap,67.22751,67.22751,5,2,2,2,2,224.0917,224.0917,224.0917,2.4096966191956433e-05
Orbitrap,67.336812,67.336812,6,2,2,1,2,374.0934,374.0934,374.0934,2.4096966191956433e-05
Orbitrap,67.383512,67.383512,6,2,2,1,2,182.1176,182.1176,182.1176,2.4096966191956433e-05
Orbitrap,67.52945999999999,67.52945999999999,14,2,2,1,2,225.0982,225.0982,225.0982,2.4096966191956433e-05
Orbitrap,67.557864,67.557864,6,2,2,1,2,307.0812,307.0812,307.0812,2.4096966191956433e-05
Orbitrap,67.67526400000001,67.67526400000001,14,2,2,1,2,356.1856,356.1856,356.1856,2.4096966191956433e-05
Orbitrap,67.67908499999999,67.67908499999999,14,2,0,1,0,451.1939,451.1939,451.1939,2.4096966191956433e-05
Orbitrap,67.69694100000001,67.69694100000001,14,2,2,1,2,398.2173,398.2173,398.2173,2.4096966191956433e-05
Orbitrap,67.70358,67.70358,5,2,2,1,2,376.131,376.131,376.131,2.4096966191956433e-05
Orbitrap,67.71306299999999,67.71306299999999,14,2,2,1,2,205.1911,205.1911,205.1911,2.4096966191956433e-05
Orbitrap,67.866834,67.866834,6,2,2,1,2,323.1754,323.1754,323.1754,2.4096966191956433e-05
Orbitrap,67.89201599999998,67.89201599999998,14,2,2,1,2,357.3264,357.3264,357.3264,2.4096966191956433e-05
Orbitrap,68.029835,68.029835,6,2,2,1,2,400.1755,400.1755,400.1755,2.4096966191956433e-05
Orbitrap,68.03086,68.03086,5,2,2,1,2,340.1543,340.1543,340.1543,2.4096966191956433e-05
Orbitrap,68.076792,68.076792,6,2,2,1,2,189.1022,189.1022,189.1022,2.4096966191956433e-05
Orbitrap,68.19270399999999,68.19270399999999,14,2,2,1,2,213.1022,213.1022,213.1022,2.4096966191956433e-05
Orbitrap,68.20804799999999,68.20804799999999,14,2,2,1,2,426.3003,426.3003,426.3003,2.4096966191956433e-05
Orbitrap,68.22767999999999,68.22767999999999,14,2,2,1,2,341.1384,341.1384,341.1384,2.4096966191956433e-05
Orbitrap,68.23829100000002,68.23829100000002,14,2,2,1,2,359.1489,359.1489,359.1489,2.4096966191956433e-05
Orbitrap,68.26484699999999,68.26484699999999,14,2,2,1,2,325.0707,325.0707,325.0707,2.4096966191956433e-05
Orbitrap,68.39108999999999,68.39108999999999,14,2,2,1,2,455.9406,455.9406,455.9406,2.4096966191956433e-05
Orbitrap,68.43094,68.43094,5,2,2,1,2,342.1547,342.1547,342.1547,2.4096966191956433e-05
Orbitrap,68.434,68.434,3,2,2,1,2,342.17,342.17,342.17,2.4096966191956433e-05
Orbitrap,68.43822,68.43822,5,2,2,1,2,342.1911,342.1911,342.1911,2.4096966191956433e-05
Orbitrap,68.516464,68.516464,6,2,2,1,2,428.2279,428.2279,428.2279,2.4096966191956433e-05
Orbitrap,68.59603800000001,68.59603800000001,14,2,2,1,2,254.0594,254.0594,254.0594,2.4096966191956433e-05
Orbitrap,69.01656,69.01656,5,2,2,1,2,230.0552,230.0552,230.0552,2.4096966191956433e-05
Orbitrap,69.158256,69.158256,6,2,2,1,2,288.1594,288.1594,288.1594,2.4096966191956433e-05
Orbitrap,69.56939299999999,69.56939299999999,14,2,2,1,2,366.1547,366.1547,366.1547,2.4096966191956433e-05
Orbitrap,69.780442,69.780442,6,2,2,1,2,225.0982,225.0982,225.0982,2.4096966191956433e-05
Orbitrap,69.88233600000001,69.88233600000001,14,2,2,2,2,194.1176,194.1176,194.1176,2.4096966191956433e-05
Orbitrap,69.967814,69.967814,6,2,2,1,2,189.1022,189.1022,189.1022,2.4096966191956433e-05
Orbitrap,70.07961,70.07961,5,2,2,1,2,412.233,412.233,412.233,2.4096966191956433e-05
Orbitrap,70.174629,70.174629,6,2,2,1,2,334.1649,334.1649,334.1649,2.4096966191956433e-05
Orbitrap,70.38683400000001,70.38683400000001,14,2,2,1,2,335.1754,335.1754,335.1754,2.4096966191956433e-05
Orbitrap,70.416074,70.416074,6,2,2,1,2,414.2122,414.2122,414.2122,2.4096966191956433e-05
Orbitrap,70.437239,70.437239,6,2,2,1,2,414.3367,414.3367,414.3367,2.4096966191956433e-05
Orbitrap,70.604519,70.604519,6,2,2,1,2,415.3207,415.3207,415.3207,2.4096966191956433e-05
Orbitrap,70.62867600000001,70.62867600000001,14,2,2,1,2,307.0812,307.0812,307.0812,2.4096966191956433e-05
Orbitrap,70.63719999999999,70.63719999999999,14,2,2,1,2,353.186,353.186,353.186,2.4096966191956433e-05
Orbitrap,70.64008,70.64008,5,2,2,2,2,706.4008,706.4008,706.4008,2.4096966191956433e-05
Orbitrap,71.01507400000001,71.01507400000001,14,2,2,1,2,546.2698,546.2698,546.2698,2.4096966191956433e-05
Orbitrap,71.067096,71.067096,6,2,2,1,2,296.1129,296.1129,296.1129,2.4096966191956433e-05
Orbitrap,71.08175999999999,71.08175999999999,14,2,2,1,2,592.348,592.348,592.348,2.4096966191956433e-05
Orbitrap,71.09544199999999,71.09544199999999,14,2,2,1,2,646.3222,646.3222,646.3222,2.4096966191956433e-05
Orbitrap,71.13537,71.13537,5,2,2,1,2,395.1965,395.1965,395.1965,2.4096966191956433e-05
Orbitrap,71.13663199999999,71.13663199999999,14,2,2,1,2,254.0594,254.0594,254.0594,2.4096966191956433e-05
Orbitrap,71.23712,71.23712,5,2,2,1,2,356.1856,356.1856,356.1856,2.4096966191956433e-05
Orbitrap,71.25272899999999,71.25272899999999,14,2,2,1,2,419.1337,419.1337,419.1337,2.4096966191956433e-05
Orbitrap,71.29807,71.29807,5,2,2,1,2,375.253,375.253,375.253,2.4096966191956433e-05
Orbitrap,71.31711200000001,71.31711200000001,14,2,2,1,2,230.0552,230.0552,230.0552,2.4096966191956433e-05
Orbitrap,71.432403,71.432403,6,2,2,1,2,340.1543,340.1543,340.1543,2.4096966191956433e-05
Orbitrap,71.46527999999999,71.46527999999999,14,2,2,1,2,357.3264,357.3264,357.3264,2.4096966191956433e-05
Orbitrap,71.639064,71.639064,6,2,2,1,2,341.1384,341.1384,341.1384,2.4096966191956433e-05
Orbitrap,71.669736,71.669736,6,2,2,1,2,199.0826,199.0826,199.0826,2.4096966191956433e-05
Orbitrap,71.679114,71.679114,6,2,2,1,2,398.2173,398.2173,398.2173,2.4096966191956433e-05
Orbitrap,71.68284,71.68284,5,2,2,1,2,199.119,199.119,199.119,2.4096966191956433e-05
Orbitrap,71.755156,71.755156,6,2,2,1,2,326.1598,326.1598,326.1598,2.4096966191956433e-05
Orbitrap,71.81688500000001,71.81688500000001,14,2,2,1,2,205.1911,205.1911,205.1911,2.4096966191956433e-05
Orbitrap,71.82978,71.82978,5,2,2,1,2,359.1489,359.1489,359.1489,2.4096966191956433e-05
Orbitrap,71.8557,71.8557,4,2,2,1,2,342.17,342.17,342.17,2.4096966191956433e-05
Orbitrap,71.860131,71.860131,6,2,2,1,2,342.1911,342.1911,342.1911,2.4096966191956433e-05
Orbitrap,72.031424,72.031424,6,2,2,1,2,225.0982,225.0982,225.0982,2.4096966191956433e-05
Orbitrap,72.03159,72.03159,5,2,2,1,2,400.1755,400.1755,400.1755,2.4096966191956433e-05
Orbitrap,72.050185,72.050185,6,2,2,1,2,379.2115,379.2115,379.2115,2.4096966191956433e-05
Orbitrap,72.24020000000002,72.24020000000002,14,2,2,1,2,361.201,361.201,361.201,2.4096966191956433e-05
Orbitrap,72.27189600000001,72.27189600000001,14,2,2,1,2,301.1329,301.1329,301.1329,2.4096966191956433e-05
Orbitrap,72.38025,72.38025,5,2,2,1,2,268.075,268.075,268.075,2.4096966191956433e-05
Orbitrap,72.45474800000001,72.45474800000001,14,2,2,1,2,213.1022,213.1022,213.1022,2.4096966191956433e-05
Orbitrap,72.47105099999999,72.47105099999999,14,2,2,1,2,426.3003,426.3003,426.3003,2.4096966191956433e-05
Orbitrap,72.798743,72.798743,6,2,2,1,2,428.2279,428.2279,428.2279,2.4096966191956433e-05
Orbitrap,73.23094,73.23094,5,2,2,1,2,366.1547,366.1547,366.1547,2.4096966191956433e-05
Orbitrap,73.23822,73.23822,5,2,2,1,2,366.1911,366.1911,366.1911,2.4096966191956433e-05
Orbitrap,73.585524,73.585524,6,2,2,1,2,613.2127,613.2127,613.2127,2.4096966191956433e-05
Orbitrap,73.617664,73.617664,6,2,2,1,2,230.0552,230.0552,230.0552,2.4096966191956433e-05
Orbitrap,73.677226,73.677226,6,2,2,1,2,254.0594,254.0594,254.0594,2.4096966191956433e-05
Orbitrap,73.69948800000002,73.69948800000002,14,2,2,1,2,307.0812,307.0812,307.0812,2.4096966191956433e-05
Orbitrap,74.16906,74.16906,5,2,2,1,2,353.186,353.186,353.186,2.4096966191956433e-05
Orbitrap,74.193264,74.193264,6,2,2,1,2,206.0924,206.0924,206.0924,2.4096966191956433e-05
Orbitrap,74.20194000000001,74.20194000000001,14,2,2,1,2,412.233,412.233,412.233,2.4096966191956433e-05
Orbitrap,74.28240600000001,74.28240600000001,14,2,2,1,2,225.0982,225.0982,225.0982,2.4096966191956433e-05
Orbitrap,74.32029399999999,74.32029399999999,14,2,0,1,0,437.1782,437.1782,437.1782,2.4096966191956433e-05
Orbitrap,74.33006900000001,74.33006900000001,14,2,0,1,0,437.2357,437.2357,437.2357,2.4096966191956433e-05
Orbitrap,74.397388,74.397388,6,2,2,1,2,286.1438,286.1438,286.1438,2.4096966191956433e-05
Orbitrap,74.558196,74.558196,6,2,2,1,2,414.2122,414.2122,414.2122,2.4096966191956433e-05
Orbitrap,74.580606,74.580606,6,2,2,1,2,414.3367,414.3367,414.3367,2.4096966191956433e-05
Orbitrap,74.75772599999999,74.75772599999999,14,2,2,1,2,415.3207,415.3207,415.3207,2.4096966191956433e-05
Orbitrap,74.79897600000001,74.79897600000001,14,2,2,1,2,356.1856,356.1856,356.1856,2.4096966191956433e-05
Orbitrap,74.92795199999999,74.92795199999999,14,2,2,2,2,208.1332,208.1332,208.1332,2.4096966191956433e-05
Orbitrap,75.016754,75.016754,6,2,2,1,2,326.1598,326.1598,326.1598,2.4096966191956433e-05
Orbitrap,75.061,75.061,3,2,2,1,2,268.075,268.075,268.075,2.4096966191956433e-05
Orbitrap,75.08733500000001,75.08733500000001,14,2,2,1,2,395.1965,395.1965,395.1965,2.4096966191956433e-05
Orbitrap,75.274034,75.274034,6,2,2,1,2,342.1547,342.1547,342.1547,2.4096966191956433e-05
Orbitrap,75.371553,75.371553,6,2,2,1,2,837.4617,837.4617,837.4617,2.4096966191956433e-05
Orbitrap,75.44406599999999,75.44406599999999,14,2,2,1,2,419.1337,419.1337,419.1337,2.4096966191956433e-05
Orbitrap,75.62088,75.62088,5,2,2,1,2,315.087,315.087,315.087,2.4096966191956433e-05
Orbitrap,75.66128700000002,75.66128700000002,14,2,2,1,2,398.2173,398.2173,398.2173,2.4096966191956433e-05
Orbitrap,75.84230000000001,75.84230000000001,14,2,2,1,2,379.2115,379.2115,379.2115,2.4096966191956433e-05
Orbitrap,75.85704000000001,75.85704000000001,14,2,2,1,2,316.071,316.071,316.071,2.4096966191956433e-05
Orbitrap,75.918216,75.918216,6,2,2,1,2,230.0552,230.0552,230.0552,2.4096966191956433e-05
Orbitrap,75.99816,75.99816,5,2,2,1,2,844.424,844.424,844.424,2.4096966191956433e-05
Orbitrap,76.033345,76.033345,6,2,2,1,2,400.1755,400.1755,400.1755,2.4096966191956433e-05
Orbitrap,76.12464,76.12464,5,2,2,1,2,317.186,317.186,317.186,2.4096966191956433e-05
Orbitrap,76.21782,76.21782,5,2,2,1,2,254.0594,254.0594,254.0594,2.4096966191956433e-05
Orbitrap,76.25253,76.25253,5,2,2,1,2,254.1751,254.1751,254.1751,2.4096966191956433e-05
Orbitrap,76.477772,76.477772,6,2,2,1,2,546.2698,546.2698,546.2698,2.4096966191956433e-05
Orbitrap,76.53338799999999,76.53338799999999,14,2,2,1,2,225.0982,225.0982,225.0982,2.4096966191956433e-05
Orbitrap,76.533678,76.533678,6,2,2,1,2,425.1871,425.1871,425.1871,2.4096966191956433e-05
Orbitrap,76.702963,76.702963,6,2,0,1,0,451.1939,451.1939,451.1939,2.4096966191956433e-05
Orbitrap,76.716792,76.716792,6,2,2,1,2,213.1022,213.1022,213.1022,2.4096966191956433e-05
Orbitrap,76.734054,76.734054,6,2,2,1,2,426.3003,426.3003,426.3003,2.4096966191956433e-05
Orbitrap,76.89248699999999,76.89248699999999,14,2,2,1,2,366.1547,366.1547,366.1547,2.4096966191956433e-05
Orbitrap,77.00523999999999,77.00523999999999,14,2,2,1,2,592.348,592.348,592.348,2.4096966191956433e-05
Orbitrap,77.035156,77.035156,6,2,2,1,2,350.1598,350.1598,350.1598,2.4096966191956433e-05
Orbitrap,77.07366,77.07366,5,2,2,1,2,214.0935,214.0935,214.0935,2.4096966191956433e-05
Orbitrap,77.08102199999999,77.08102199999999,14,2,2,1,2,428.2279,428.2279,428.2279,2.4096966191956433e-05
Orbitrap,77.23958400000001,77.23958400000001,14,2,2,1,2,429.1088,429.1088,429.1088,2.4096966191956433e-05
Orbitrap,77.416704,77.416704,6,2,2,1,2,430.0928,430.0928,430.0928,2.4096966191956433e-05
Orbitrap,77.558664,77.558664,6,2,2,1,2,646.3222,646.3222,646.3222,2.4096966191956433e-05
Orbitrap,77.74175,77.74175,5,2,2,1,2,268.075,268.075,268.075,2.4096966191956433e-05
Orbitrap,78.21876800000001,78.21876800000001,14,2,2,1,2,230.0552,230.0552,230.0552,2.4096966191956433e-05
Orbitrap,78.32427,78.32427,5,2,2,1,2,412.233,412.233,412.233,2.4096966191956433e-05
Orbitrap,78.582636,78.582636,6,2,2,1,2,291.0468,291.0468,291.0468,2.4096966191956433e-05
Orbitrap,78.611808,78.611808,6,2,2,1,2,357.3264,357.3264,357.3264,2.4096966191956433e-05
Orbitrap,78.700318,78.700318,6,2,2,1,2,414.2122,414.2122,414.2122,2.4096966191956433e-05
Orbitrap,78.723973,78.723973,6,2,2,1,2,414.3367,414.3367,414.3367,2.4096966191956433e-05
Orbitrap,78.758414,78.758414,6,2,2,1,2,254.0594,254.0594,254.0594,2.4096966191956433e-05
Orbitrap,78.78437,78.78437,5,2,2,1,2,225.0982,225.0982,225.0982,2.4096966191956433e-05
Orbitrap,78.910933,78.910933,6,2,2,1,2,415.3207,415.3207,415.3207,2.4096966191956433e-05
Orbitrap,79.012758,79.012758,6,2,2,1,2,359.1489,359.1489,359.1489,2.4096966191956433e-05
Orbitrap,79.0393,79.0393,4,2,2,1,2,395.1965,395.1965,395.1965,2.4096966191956433e-05
Orbitrap,79.106937,79.106937,6,2,2,1,2,416.3523,416.3523,416.3523,2.4096966191956433e-05
Orbitrap,79.46422,79.46422,5,2,2,1,2,361.201,361.201,361.201,2.4096966191956433e-05
Orbitrap,79.63441499999999,79.63441499999999,14,2,2,1,2,379.2115,379.2115,379.2115,2.4096966191956433e-05
Orbitrap,79.64346,79.64346,5,2,2,1,2,398.2173,398.2173,398.2173,2.4096966191956433e-05
Orbitrap,79.959609,79.959609,6,2,2,1,2,296.1467,296.1467,296.1467,2.4096966191956433e-05
Orbitrap,80.0351,80.0351,4,2,2,1,2,400.1755,400.1755,400.1755,2.4096966191956433e-05
Orbitrap,80.12026399999999,80.12026399999999,14,2,2,1,2,286.1438,286.1438,286.1438,2.4096966191956433e-05
Orbitrap,80.28233999999999,80.28233999999999,14,2,2,1,2,535.2156,535.2156,535.2156,2.4096966191956433e-05
Orbitrap,80.4225,80.4225,4,2,2,1,2,268.075,268.075,268.075,2.4096966191956433e-05
Orbitrap,80.51932000000001,80.51932000000001,14,2,2,1,2,230.0552,230.0552,230.0552,2.4096966191956433e-05
Orbitrap,80.536754,80.536754,6,2,2,1,2,350.1598,350.1598,350.1598,2.4096966191956433e-05
Orbitrap,80.673012,80.673012,6,2,2,2,2,224.0917,224.0917,224.0917,2.4096966191956433e-05
Orbitrap,80.997057,80.997057,6,2,2,1,2,426.3003,426.3003,426.3003,2.4096966191956433e-05
Orbitrap,80.997488,80.997488,6,2,2,1,2,368.1704,368.1704,368.1704,2.4096966191956433e-05
Orbitrap,81.000365,81.000365,6,2,2,1,2,352.1755,352.1755,352.1755,2.4096966191956433e-05
Orbitrap,81.035352,81.035352,6,2,2,1,2,225.0982,225.0982,225.0982,2.4096966191956433e-05
Orbitrap,81.03977099999999,81.03977099999999,14,2,2,1,2,300.1473,300.1473,300.1473,2.4096966191956433e-05
Orbitrap,81.05286600000001,81.05286600000001,14,2,2,1,2,300.1958,300.1958,300.1958,2.4096966191956433e-05
Orbitrap,81.299008,81.299008,6,2,2,1,2,254.0594,254.0594,254.0594,2.4096966191956433e-05
Orbitrap,81.36330099999999,81.36330099999999,14,2,2,1,2,428.2279,428.2279,428.2279,2.4096966191956433e-05
Orbitrap,81.493104,81.493104,6,2,2,1,2,291.0468,291.0468,291.0468,2.4096966191956433e-05
Orbitrap,81.620864,81.620864,6,2,2,1,2,255.0652,255.0652,255.0652,2.4096966191956433e-05
Orbitrap,81.747075,81.747075,6,2,2,1,2,544.9805,544.9805,544.9805,2.4096966191956433e-05
Orbitrap,81.94047,81.94047,5,2,2,1,2,546.2698,546.2698,546.2698,2.4096966191956433e-05
Orbitrap,81.94427999999999,81.94427999999999,14,2,2,1,2,910.492,910.492,910.492,2.4096966191956433e-05
Orbitrap,82.069308,82.069308,6,2,2,1,2,455.9406,455.9406,455.9406,2.4096966191956433e-05
Orbitrap,82.117128,82.117128,6,2,2,1,2,342.1547,342.1547,342.1547,2.4096966191956433e-05
Orbitrap,82.121616,82.121616,6,2,2,1,2,342.1734,342.1734,342.1734,2.4096966191956433e-05
Orbitrap,82.4466,82.4466,4,2,2,1,2,412.233,412.233,412.233,2.4096966191956433e-05
Orbitrap,82.819872,82.819872,6,2,2,1,2,230.0552,230.0552,230.0552,2.4096966191956433e-05
Orbitrap,82.82358,82.82358,5,2,2,1,2,276.0786,276.0786,276.0786,2.4096966191956433e-05
Orbitrap,82.84244,82.84244,5,2,2,1,2,414.2122,414.2122,414.2122,2.4096966191956433e-05
Orbitrap,82.86734,82.86734,5,2,2,1,2,414.3367,414.3367,414.3367,2.4096966191956433e-05
Orbitrap,82.921076,82.921076,6,2,2,1,2,296.1467,296.1467,296.1467,2.4096966191956433e-05
Orbitrap,82.92872,82.92872,5,2,2,1,2,592.348,592.348,592.348,2.4096966191956433e-05
Orbitrap,82.991265,82.991265,6,2,2,1,2,395.1965,395.1965,395.1965,2.4096966191956433e-05
Orbitrap,83.06414,83.06414,5,2,2,1,2,415.3207,415.3207,415.3207,2.4096966191956433e-05
Orbitrap,83.10325,83.10325,5,2,2,1,2,268.075,268.075,268.075,2.4096966191956433e-05
Orbitrap,83.257392,83.257392,6,2,2,1,2,346.9058,346.9058,346.9058,2.4096966191956433e-05
Orbitrap,83.27046,83.27046,5,2,2,1,2,416.3523,416.3523,416.3523,2.4096966191956433e-05
Orbitrap,83.286334,83.286334,6,2,2,1,2,225.0982,225.0982,225.0982,2.4096966191956433e-05
Orbitrap,83.42653,83.42653,5,2,2,1,2,379.2115,379.2115,379.2115,2.4096966191956433e-05
Orbitrap,83.62563300000001,83.62563300000001,14,2,2,1,2,398.2173,398.2173,398.2173,2.4096966191956433e-05
Orbitrap,83.839602,83.839602,6,2,2,1,2,254.0594,254.0594,254.0594,2.4096966191956433e-05
Orbitrap,84.021886,84.021886,6,2,2,1,2,646.3222,646.3222,646.3222,2.4096966191956433e-05
Orbitrap,84.036855,84.036855,6,2,2,1,2,400.1755,400.1755,400.1755,2.4096966191956433e-05
Orbitrap,84.038352,84.038352,6,2,2,1,2,350.1598,350.1598,350.1598,2.4096966191956433e-05
Orbitrap,84.04124399999999,84.04124399999999,14,2,2,1,2,300.1473,300.1473,300.1473,2.4096966191956433e-05
Orbitrap,84.05482400000001,84.05482400000001,14,2,2,1,2,300.1958,300.1958,300.1958,2.4096966191956433e-05
Orbitrap,84.22395300000001,84.22395300000001,14,2,2,1,2,366.1911,366.1911,366.1911,2.4096966191956433e-05
Orbitrap,84.403572,84.403572,6,2,2,1,2,291.0468,291.0468,291.0468,2.4096966191956433e-05
Orbitrap,84.768096,84.768096,6,2,2,2,2,706.4008,706.4008,706.4008,2.4096966191956433e-05
Orbitrap,85.120424,85.120424,6,2,2,1,2,230.0552,230.0552,230.0552,2.4096966191956433e-05
Orbitrap,85.26006,85.26006,5,2,2,1,2,426.3003,426.3003,426.3003,2.4096966191956433e-05
Orbitrap,85.64558,85.64558,5,2,2,1,2,428.2279,428.2279,428.2279,2.4096966191956433e-05
Orbitrap,85.758336,85.758336,6,2,2,1,2,357.3264,357.3264,357.3264,2.4096966191956433e-05
Orbitrap,85.784,85.784,3,2,2,1,2,268.075,268.075,268.075,2.4096966191956433e-05
Orbitrap,85.84314,85.84314,5,2,2,1,2,286.1438,286.1438,286.1438,2.4096966191956433e-05
Orbitrap,85.882543,85.882543,6,2,2,1,2,296.1467,296.1467,296.1467,2.4096966191956433e-05
Orbitrap,86.19573600000001,86.19573600000001,14,2,2,1,2,359.1489,359.1489,359.1489,2.4096966191956433e-05
Orbitrap,86.38019600000001,86.38019600000001,14,2,2,1,2,254.0594,254.0594,254.0594,2.4096966191956433e-05
Orbitrap,86.56893000000001,86.56893000000001,14,2,2,1,2,412.233,412.233,412.233,2.4096966191956433e-05
Orbitrap,86.68824000000001,86.68824000000001,14,2,2,1,2,361.201,361.201,361.201,2.4096966191956433e-05
Orbitrap,86.72216800000001,86.72216800000001,14,2,2,1,2,255.0652,255.0652,255.0652,2.4096966191956433e-05
Orbitrap,86.98456200000001,86.98456200000001,14,2,2,1,2,414.2122,414.2122,414.2122,2.4096966191956433e-05
Orbitrap,87.010707,87.010707,6,2,2,1,2,414.3367,414.3367,414.3367,2.4096966191956433e-05
Orbitrap,87.042717,87.042717,6,2,2,1,2,300.1473,300.1473,300.1473,2.4096966191956433e-05
Orbitrap,87.05678200000001,87.05678200000001,14,2,2,1,2,300.1958,300.1958,300.1958,2.4096966191956433e-05
Orbitrap,87.21734699999999,87.21734699999999,14,2,2,1,2,415.3207,415.3207,415.3207,2.4096966191956433e-05
Orbitrap,87.31404,87.31404,5,2,2,1,2,291.0468,291.0468,291.0468,2.4096966191956433e-05
Orbitrap,87.40316800000001,87.40316800000001,14,2,2,1,2,546.2698,546.2698,546.2698,2.4096966191956433e-05
Orbitrap,87.53995,87.53995,5,2,2,1,2,350.1598,350.1598,350.1598,2.4096966191956433e-05
Orbitrap,88.01807699999999,88.01807699999999,14,2,2,1,2,419.1337,419.1337,419.1337,2.4096966191956433e-05
Orbitrap,88.043875,88.043875,6,2,2,1,2,352.1755,352.1755,352.1755,2.4096966191956433e-05
Orbitrap,88.360896,88.360896,6,2,2,1,2,368.1704,368.1704,368.1704,2.4096966191956433e-05
Orbitrap,88.46475,88.46475,5,2,2,1,2,268.075,268.075,268.075,2.4096966191956433e-05
Orbitrap,88.78709699999999,88.78709699999999,14,2,2,1,2,986.5233,986.5233,986.5233,2.4096966191956433e-05
Orbitrap,88.83387,88.83387,5,2,2,1,2,296.1129,296.1129,296.1129,2.4096966191956433e-05
Orbitrap,88.84401000000001,88.84401000000001,14,2,2,1,2,296.1467,296.1467,296.1467,2.4096966191956433e-05
Orbitrap,88.8522,88.8522,4,2,2,1,2,592.348,592.348,592.348,2.4096966191956433e-05
Orbitrap,88.92079000000001,88.92079000000001,14,2,2,1,2,254.0594,254.0594,254.0594,2.4096966191956433e-05
Orbitrap,89.078424,89.078424,6,2,2,1,2,371.1601,371.1601,371.1601,2.4096966191956433e-05
Orbitrap,89.187912,89.187912,6,2,2,1,2,990.9768,990.9768,990.9768,2.4096966191956433e-05
Orbitrap,89.523063,89.523063,6,2,2,1,2,426.3003,426.3003,426.3003,2.4096966191956433e-05
Orbitrap,89.927859,89.927859,6,2,2,1,2,428.2279,428.2279,428.2279,2.4096966191956433e-05
Orbitrap,90.04418999999999,90.04418999999999,14,2,2,1,2,300.1473,300.1473,300.1473,2.4096966191956433e-05
Orbitrap,90.05874,90.05874,5,2,2,1,2,300.1958,300.1958,300.1958,2.4096966191956433e-05
Orbitrap,90.224508,90.224508,6,2,2,1,2,291.0468,291.0468,291.0468,2.4096966191956433e-05
Orbitrap,90.27143999999998,90.27143999999998,14,2,2,1,2,376.131,376.131,376.131,2.4096966191956433e-05
Orbitrap,90.33987,90.33987,5,2,2,1,2,301.1329,301.1329,301.1329,2.4096966191956433e-05
Orbitrap,90.485108,90.485108,6,2,2,1,2,646.3222,646.3222,646.3222,2.4096966191956433e-05
Orbitrap,91.01076,91.01076,5,2,2,1,2,379.2115,379.2115,379.2115,2.4096966191956433e-05
Orbitrap,91.1455,91.1455,4,2,2,1,2,268.075,268.075,268.075,2.4096966191956433e-05
Orbitrap,91.461384,91.461384,6,2,2,1,2,254.0594,254.0594,254.0594,2.4096966191956433e-05
Orbitrap,91.503036,91.503036,6,2,2,1,2,254.1751,254.1751,254.1751,2.4096966191956433e-05
Orbitrap,91.597506,91.597506,6,2,2,1,2,416.3523,416.3523,416.3523,2.4096966191956433e-05
Orbitrap,91.805477,91.805477,6,2,2,1,2,296.1467,296.1467,296.1467,2.4096966191956433e-05
Orbitrap,91.823472,91.823472,6,2,2,1,2,255.0652,255.0652,255.0652,2.4096966191956433e-05
Orbitrap,92.865866,92.865866,6,2,2,1,2,546.2698,546.2698,546.2698,2.4096966191956433e-05
Orbitrap,92.942991,92.942991,6,2,2,1,2,344.2333,344.2333,344.2333,2.4096966191956433e-05
Orbitrap,93.045663,93.045663,6,2,2,1,2,300.1473,300.1473,300.1473,2.4096966191956433e-05
Orbitrap,93.060698,93.060698,6,2,2,1,2,300.1958,300.1958,300.1958,2.4096966191956433e-05
Orbitrap,93.134976,93.134976,6,2,2,1,2,291.0468,291.0468,291.0468,2.4096966191956433e-05
Orbitrap,93.82625,93.82625,5,2,2,1,2,268.075,268.075,268.075,2.4096966191956433e-05
Orbitrap,93.91226,93.91226,5,2,2,1,2,361.201,361.201,361.201,2.4096966191956433e-05
Orbitrap,94.001978,94.001978,6,2,2,1,2,254.0594,254.0594,254.0594,2.4096966191956433e-05
Orbitrap,94.5261,94.5261,4,2,2,1,2,315.087,315.087,315.087,2.4096966191956433e-05
Orbitrap,94.766944,94.766944,6,2,2,1,2,296.1467,296.1467,296.1467,2.4096966191956433e-05
Orbitrap,94.77568,94.77568,5,2,2,1,2,592.348,592.348,592.348,2.4096966191956433e-05
Orbitrap,94.8213,94.8213,4,2,2,1,2,316.071,316.071,316.071,2.4096966191956433e-05
Orbitrap,95.1558,95.1558,4,2,2,1,2,317.186,317.186,317.186,2.4096966191956433e-05
Orbitrap,96.045444,96.045444,6,2,2,1,2,291.0468,291.0468,291.0468,2.4096966191956433e-05
Orbitrap,96.047136,96.047136,6,2,2,1,2,300.1473,300.1473,300.1473,2.4096966191956433e-05
Orbitrap,96.062656,96.062656,6,2,2,1,2,300.1958,300.1958,300.1958,2.4096966191956433e-05
Orbitrap,96.338808,96.338808,6,2,2,1,2,535.2156,535.2156,535.2156,2.4096966191956433e-05
Orbitrap,96.385324,96.385324,6,2,2,1,2,344.2333,344.2333,344.2333,2.4096966191956433e-05
Orbitrap,96.507,96.507,3,2,2,1,2,268.075,268.075,268.075,2.4096966191956433e-05
Orbitrap,96.94832999999998,96.94832999999998,14,2,2,1,2,646.3222,646.3222,646.3222,2.4096966191956433e-05
Orbitrap,97.728411,97.728411,6,2,2,1,2,296.1467,296.1467,296.1467,2.4096966191956433e-05
Orbitrap,98.09649,98.09649,5,2,2,1,2,544.9805,544.9805,544.9805,2.4096966191956433e-05
Orbitrap,98.328564,98.328564,6,2,2,1,2,546.2698,546.2698,546.2698,2.4096966191956433e-05
Orbitrap,98.59499,98.59499,5,2,2,1,2,379.2115,379.2115,379.2115,2.4096966191956433e-05
Orbitrap,98.955912,98.955912,6,2,2,1,2,291.0468,291.0468,291.0468,2.4096966191956433e-05
Orbitrap,99.048609,99.048609,6,2,2,1,2,300.1473,300.1473,300.1473,2.4096966191956433e-05
Orbitrap,99.064614,99.064614,6,2,2,1,2,300.1958,300.1958,300.1958,2.4096966191956433e-05
Orbitrap,99.18775,99.18775,5,2,2,1,2,268.075,268.075,268.075,2.4096966191956433e-05
Orbitrap,99.388296,99.388296,6,2,2,1,2,276.0786,276.0786,276.0786,2.4096966191956433e-05
Orbitrap,99.827657,99.827657,6,2,2,1,2,344.2333,344.2333,344.2333,2.4096966191956433e-05
Orbitrap,99.924552,99.924552,6,2,2,1,2,416.3523,416.3523,416.3523,2.4096966191956433e-05
Orbitrap,100.495404,100.495404,6,2,2,1,2,837.4617,837.4617,837.4617,2.4096966191956433e-05
Orbitrap,100.689878,100.689878,6,2,2,1,2,296.1467,296.1467,296.1467,2.4096966191956433e-05
Orbitrap,100.69916,100.69916,5,2,2,1,2,592.348,592.348,592.348,2.4096966191956433e-05
Orbitrap,101.13628,101.13628,5,2,2,1,2,361.201,361.201,361.201,2.4096966191956433e-05
Orbitrap,101.33088,101.33088,5,2,2,1,2,844.424,844.424,844.424,2.4096966191956433e-05
Orbitrap,101.86638,101.86638,5,2,2,1,2,291.0468,291.0468,291.0468,2.4096966191956433e-05
Orbitrap,102.050082,102.050082,6,2,2,1,2,300.1473,300.1473,300.1473,2.4096966191956433e-05
Orbitrap,102.066572,102.066572,6,2,2,1,2,300.1958,300.1958,300.1958,2.4096966191956433e-05
Orbitrap,102.65202,102.65202,5,2,2,1,2,342.1734,342.1734,342.1734,2.4096966191956433e-05
Orbitrap,102.986112,102.986112,6,2,2,1,2,429.1088,429.1088,429.1088,2.4096966191956433e-05
Orbitrap,103.222272,103.222272,6,2,2,1,2,430.0928,430.0928,430.0928,2.4096966191956433e-05
Orbitrap,103.26999,103.26999,5,2,2,1,2,344.2333,344.2333,344.2333,2.4096966191956433e-05
Orbitrap,103.411552,103.411552,6,2,2,1,2,646.3222,646.3222,646.3222,2.4096966191956433e-05
Orbitrap,103.651345,103.651345,6,2,2,1,2,296.1467,296.1467,296.1467,2.4096966191956433e-05
Orbitrap,103.791262,103.791262,6,2,2,1,2,546.2698,546.2698,546.2698,2.4096966191956433e-05
Orbitrap,104.07174,104.07174,5,2,2,1,2,346.9058,346.9058,346.9058,2.4096966191956433e-05
Orbitrap,104.77684800000002,104.77684800000002,14,2,2,1,2,291.0468,291.0468,291.0468,2.4096966191956433e-05
Orbitrap,105.051555,105.051555,6,2,2,1,2,300.1473,300.1473,300.1473,2.4096966191956433e-05
Orbitrap,105.06853,105.06853,5,2,2,1,2,300.1958,300.1958,300.1958,2.4096966191956433e-05
Orbitrap,106.17922,106.17922,5,2,2,1,2,379.2115,379.2115,379.2115,2.4096966191956433e-05
Orbitrap,106.60064400000002,106.60064400000002,14,2,2,1,2,296.1129,296.1129,296.1129,2.4096966191956433e-05
Orbitrap,106.612812,106.612812,6,2,2,1,2,296.1467,296.1467,296.1467,2.4096966191956433e-05
Orbitrap,106.62264,106.62264,5,2,2,1,2,592.348,592.348,592.348,2.4096966191956433e-05
Orbitrap,106.71232299999998,106.71232299999998,14,2,2,1,2,344.2333,344.2333,344.2333,2.4096966191956433e-05
Orbitrap,107.253916,107.253916,6,2,2,1,2,383.0497,383.0497,383.0497,2.4096966191956433e-05
Orbitrap,107.687316,107.687316,6,2,2,1,2,291.0468,291.0468,291.0468,2.4096966191956433e-05
Orbitrap,108.053028,108.053028,6,2,2,1,2,300.1473,300.1473,300.1473,2.4096966191956433e-05
Orbitrap,108.070488,108.070488,6,2,2,1,2,300.1958,300.1958,300.1958,2.4096966191956433e-05
Orbitrap,108.3603,108.3603,4,2,2,1,2,361.201,361.201,361.201,2.4096966191956433e-05
Orbitrap,109.25396,109.25396,5,2,2,1,2,546.2698,546.2698,546.2698,2.4096966191956433e-05
Orbitrap,109.25904,109.25904,5,2,2,1,2,910.492,910.492,910.492,2.4096966191956433e-05
Orbitrap,109.40116600000002,109.40116600000002,14,2,2,1,2,781.4369,781.4369,781.4369,2.4096966191956433e-05
Orbitrap,109.425744,109.425744,6,2,2,1,2,455.9406,455.9406,455.9406,2.4096966191956433e-05
Orbitrap,109.574279,109.574279,6,2,2,1,2,296.1467,296.1467,296.1467,2.4096966191956433e-05
Orbitrap,109.874774,109.874774,6,2,2,1,2,646.3222,646.3222,646.3222,2.4096966191956433e-05
Orbitrap,110.154656,110.154656,6,2,2,1,2,344.2333,344.2333,344.2333,2.4096966191956433e-05
Orbitrap,110.170275,110.170275,6,2,2,1,2,734.4685,734.4685,734.4685,2.4096966191956433e-05
Orbitrap,110.378286,110.378286,6,2,2,1,2,613.2127,613.2127,613.2127,2.4096966191956433e-05
Orbitrap,111.054501,111.054501,6,2,2,1,2,300.1473,300.1473,300.1473,2.4096966191956433e-05
Orbitrap,111.072446,111.072446,6,2,2,1,2,300.1958,300.1958,300.1958,2.4096966191956433e-05
Orbitrap,111.34803,111.34803,5,2,2,1,2,371.1601,371.1601,371.1601,2.4096966191956433e-05
Orbitrap,112.54612,112.54612,5,2,2,1,2,592.348,592.348,592.348,2.4096966191956433e-05
Orbitrap,112.8393,112.8393,4,2,2,1,2,376.131,376.131,376.131,2.4096966191956433e-05
Orbitrap,113.43132,113.43132,5,2,2,1,2,315.087,315.087,315.087,2.4096966191956433e-05
Orbitrap,113.596989,113.596989,6,2,2,1,2,344.2333,344.2333,344.2333,2.4096966191956433e-05
Orbitrap,113.78556000000002,113.78556000000002,14,2,2,1,2,316.071,316.071,316.071,2.4096966191956433e-05
Orbitrap,114.18695999999998,114.18695999999998,14,2,2,1,2,317.186,317.186,317.186,2.4096966191956433e-05
Orbitrap,114.716658,114.716658,6,2,2,1,2,546.2698,546.2698,546.2698,2.4096966191956433e-05
Orbitrap,115.623882,115.623882,6,2,2,1,2,428.2366,428.2366,428.2366,2.4096966191956433e-05
Orbitrap,116.337996,116.337996,6,2,2,1,2,646.3222,646.3222,646.3222,2.4096966191956433e-05
Orbitrap,117.039322,117.039322,6,2,2,1,2,344.2333,344.2333,344.2333,2.4096966191956433e-05
Orbitrap,118.38279599999998,118.38279599999998,14,2,2,1,2,986.5233,986.5233,986.5233,2.4096966191956433e-05
Orbitrap,118.4696,118.4696,4,2,2,1,2,592.348,592.348,592.348,2.4096966191956433e-05
Orbitrap,118.917216,118.917216,6,2,2,1,2,990.9768,990.9768,990.9768,2.4096966191956433e-05
Orbitrap,119.906248,119.906248,6,2,2,1,2,428.2366,428.2366,428.2366,2.4096966191956433e-05
Orbitrap,120.193335,120.193335,6,2,2,1,2,445.1605,445.1605,445.1605,2.4096966191956433e-05
Orbitrap,121.34768,121.34768,5,2,2,1,2,379.2115,379.2115,379.2115,2.4096966191956433e-05
Orbitrap,122.801218,122.801218,6,2,2,1,2,646.3222,646.3222,646.3222,2.4096966191956433e-05
Orbitrap,123.182424,123.182424,6,2,2,1,2,342.1734,342.1734,342.1734,2.4096966191956433e-05
Orbitrap,124.188614,124.188614,6,2,2,1,2,428.2366,428.2366,428.2366,2.4096966191956433e-05
Orbitrap,124.39307999999998,124.39307999999998,14,2,2,1,2,592.348,592.348,592.348,2.4096966191956433e-05
Orbitrap,124.64494,124.64494,5,2,2,1,2,445.1605,445.1605,445.1605,2.4096966191956433e-05
Orbitrap,124.886088,124.886088,6,2,2,1,2,346.9058,346.9058,346.9058,2.4096966191956433e-05
Orbitrap,125.619255,125.619255,6,2,2,1,2,837.4617,837.4617,837.4617,2.4096966191956433e-05
Orbitrap,126.6636,126.6636,4,2,2,1,2,844.424,844.424,844.424,2.4096966191956433e-05
Orbitrap,128.45174400000002,128.45174400000002,14,2,2,1,2,535.2156,535.2156,535.2156,2.4096966191956433e-05
Orbitrap,128.47098,128.47098,5,2,2,1,2,428.2366,428.2366,428.2366,2.4096966191956433e-05
Orbitrap,128.73263999999998,128.73263999999998,14,2,2,1,2,429.1088,429.1088,429.1088,2.4096966191956433e-05
Orbitrap,128.93191000000002,128.93191000000002,14,2,2,1,2,379.2115,379.2115,379.2115,2.4096966191956433e-05
Orbitrap,129.02784,129.02784,5,2,2,1,2,430.0928,430.0928,430.0928,2.4096966191956433e-05
Orbitrap,129.096545,129.096545,6,2,2,1,2,445.1605,445.1605,445.1605,2.4096966191956433e-05
Orbitrap,129.26443999999998,129.26443999999998,14,2,2,1,2,646.3222,646.3222,646.3222,2.4096966191956433e-05
Orbitrap,132.753346,132.753346,6,2,2,1,2,428.2366,428.2366,428.2366,2.4096966191956433e-05
Orbitrap,133.54815,133.54815,5,2,2,1,2,445.1605,445.1605,445.1605,2.4096966191956433e-05
Orbitrap,133.617636,133.617636,6,2,2,1,2,371.1601,371.1601,371.1601,2.4096966191956433e-05
Orbitrap,135.40716,135.40716,5,2,2,1,2,376.131,376.131,376.131,2.4096966191956433e-05
Orbitrap,135.72766199999998,135.72766199999998,14,2,2,1,2,646.3222,646.3222,646.3222,2.4096966191956433e-05
Orbitrap,136.57379999999998,136.57379999999998,14,2,2,1,2,910.492,910.492,910.492,2.4096966191956433e-05
Orbitrap,136.78217999999998,136.78217999999998,14,2,2,1,2,455.9406,455.9406,455.9406,2.4096966191956433e-05
Orbitrap,137.035712,137.035712,6,2,2,1,2,428.2366,428.2366,428.2366,2.4096966191956433e-05
Orbitrap,137.999755,137.999755,6,2,2,1,2,445.1605,445.1605,445.1605,2.4096966191956433e-05
Orbitrap,141.318078,141.318078,6,2,2,1,2,428.2366,428.2366,428.2366,2.4096966191956433e-05
Orbitrap,142.45136000000002,142.45136000000002,14,2,2,1,2,445.1605,445.1605,445.1605,2.4096966191956433e-05
Orbitrap,142.53786,142.53786,5,2,2,1,2,791.877,791.877,791.877,2.4096966191956433e-05
Orbitrap,145.600444,145.600444,6,2,2,1,2,428.2366,428.2366,428.2366,2.4096966191956433e-05
Orbitrap,146.902965,146.902965,6,2,2,1,2,445.1605,445.1605,445.1605,2.4096966191956433e-05
Orbitrap,147.978495,147.978495,6,2,2,1,2,986.5233,986.5233,986.5233,2.4096966191956433e-05
Orbitrap,148.64651999999998,148.64651999999998,14,2,2,1,2,990.9768,990.9768,990.9768,2.4096966191956433e-05
Orbitrap,149.88281,149.88281,5,2,2,1,2,428.2366,428.2366,428.2366,2.4096966191956433e-05
Orbitrap,150.743106,150.743106,6,2,2,1,2,837.4617,837.4617,837.4617,2.4096966191956433e-05
Orbitrap,151.35457,151.35457,5,2,2,1,2,445.1605,445.1605,445.1605,2.4096966191956433e-05
Orbitrap,151.99632,151.99632,5,2,2,1,2,844.424,844.424,844.424,2.4096966191956433e-05
Orbitrap,154.165176,154.165176,6,2,2,1,2,428.2366,428.2366,428.2366,2.4096966191956433e-05
Orbitrap,154.47916800000002,154.47916800000002,14,2,2,1,2,429.1088,429.1088,429.1088,2.4096966191956433e-05
Orbitrap,154.833408,154.833408,6,2,2,1,2,430.0928,430.0928,430.0928,2.4096966191956433e-05
Orbitrap,155.80617500000002,155.80617500000002,14,2,2,1,2,445.1605,445.1605,445.1605,2.4096966191956433e-05
Orbitrap,158.44754200000003,158.44754200000003,14,2,2,1,2,428.2366,428.2366,428.2366,2.4096966191956433e-05
Orbitrap,160.25778,160.25778,5,2,2,1,2,445.1605,445.1605,445.1605,2.4096966191956433e-05
Orbitrap,160.56467999999998,160.56467999999998,14,2,2,1,2,535.2156,535.2156,535.2156,2.4096966191956433e-05
Orbitrap,163.88855999999998,163.88855999999998,14,2,2,1,2,910.492,910.492,910.492,2.4096966191956433e-05
Orbitrap,164.138616,164.138616,6,2,2,1,2,455.9406,455.9406,455.9406,2.4096966191956433e-05
Orbitrap,164.709385,164.709385,6,2,2,1,2,445.1605,445.1605,445.1605,2.4096966191956433e-05
Orbitrap,177.57419399999998,177.57419399999998,14,2,2,1,2,986.5233,986.5233,986.5233,2.4096966191956433e-05
Orbitrap,192.677616,192.677616,6,2,2,1,2,535.2156,535.2156,535.2156,2.4096966191956433e-05
Orbitrap,200.990808,200.990808,6,2,2,1,2,837.4617,837.4617,837.4617,2.4096966191956433e-05
Orbitrap,202.66176,202.66176,5,2,2,1,2,844.424,844.424,844.424,2.4096966191956433e-05
Orbitrap,218.51808,218.51808,5,2,2,1,2,910.492,910.492,910.492,2.4096966191956433e-05
Orbitrap,236.765592,236.765592,6,2,2,1,2,986.5233,986.5233,986.5233,2.4096966191956433e-05
Orbitrap,238.93344,238.93344,5,2,2,1,2,995.556,995.556,995.556,2.4096966191956433e-05
Orbitrap,251.23851,251.23851,5,2,2,1,2,837.4617,837.4617,837.4617,2.4096966191956433e-05
Orbitrap,253.3272,253.3272,4,2,2,1,2,844.424,844.424,844.424,2.4096966191956433e-05
Orbitrap,273.14759999999995,273.14759999999995,14,2,2,1,2,910.492,910.492,910.492,2.4096966191956433e-05
Orbitrap,295.95699,295.95699,5,2,2,1,2,986.5233,986.5233,986.5233,2.4096966191956433e-05
Orbitrap,298.6668,298.6668,4,2,2,1,2,995.556,995.556,995.556,2.4096966191956433e-05
Orbitrap,301.486212,301.486212,6,2,2,1,2,837.4617,837.4617,837.4617,2.4096966191956433e-05
Orbitrap,303.99264,303.99264,5,2,2,1,2,844.424,844.424,844.424,2.4096966191956433e-05
Orbitrap,327.77712,327.77712,5,2,2,1,2,910.492,910.492,910.492,2.4096966191956433e-05
Orbitrap,355.14838799999995,355.14838799999995,14,2,2,1,2,986.5233,986.5233,986.5233,2.4096966191956433e-05
Orbitrap,358.40016,358.40016,5,2,2,1,2,995.556,995.556,995.556,2.4096966191956433e-05
Orbitrap,2.250983,2.250983,6,1,1,1,1,225.0983,225.0983,225.0983,1.2048483095978216e-05
Orbitrap,2.6026780000000005,2.6026780000000005,16,1,1,1,1,130.1339,130.1339,130.1339,1.2048483095978216e-05
Orbitrap,2.721514,2.721514,6,1,1,1,1,136.0757,136.0757,136.0757,1.2048483095978216e-05
Orbitrap,2.781004,2.781004,6,1,1,1,1,139.0502,139.0502,139.0502,1.2048483095978216e-05
Orbitrap,3.221842,3.221842,6,1,1,1,1,161.0921,161.0921,161.0921,1.2048483095978216e-05
Orbitrap,3.3214460000000003,3.3214460000000003,16,1,1,1,1,166.0723,166.0723,166.0723,1.2048483095978216e-05
Orbitrap,3.3217259999999995,3.3217259999999995,16,1,1,1,1,166.0863,166.0863,166.0863,1.2048483095978216e-05
Orbitrap,3.602219489,3.602219489,9,1,1,1,1,72.04438978,72.04438978,72.04438978,1.2048483095978216e-05
Orbitrap,3.640185999999999,3.640185999999999,15,1,1,1,1,182.0093,182.0093,182.0093,1.2048483095978216e-05
Orbitrap,3.662892,3.662892,6,1,1,1,1,122.0964,122.0964,122.0964,1.2048483095978216e-05
Orbitrap,3.702146,3.702146,6,1,1,1,1,185.1073,185.1073,185.1073,1.2048483095978216e-05
Orbitrap,3.703034,3.703034,6,1,1,1,1,74.06068,74.06068,74.06068,1.2048483095978216e-05
Orbitrap,3.7048525,3.7048525,7,1,1,1,1,74.09705,74.09705,74.09705,1.2048483095978216e-05
Orbitrap,3.7545837165,3.7545837165,10,1,1,1,1,75.09167433,75.09167433,75.09167433,1.2048483095978216e-05
Orbitrap,3.761394,3.761394,6,1,1,1,1,188.0697,188.0697,188.0697,1.2048483095978216e-05
Orbitrap,3.762604,3.762604,6,1,1,1,1,94.0651,94.0651,94.0651,1.2048483095978216e-05
Orbitrap,3.799642,3.799642,6,1,1,1,1,189.9821,189.9821,189.9821,1.2048483095978216e-05
Orbitrap,3.8038145,3.8038145,7,1,1,1,1,76.07629,76.07629,76.07629,1.2048483095978216e-05
Orbitrap,3.840495,3.840495,6,1,1,1,1,128.0165,128.0165,128.0165,1.2048483095978216e-05
Orbitrap,3.841536,3.841536,6,1,1,1,1,192.0768,192.0768,192.0768,1.2048483095978216e-05
Orbitrap,3.842766,3.842766,6,1,1,1,1,192.1383,192.1383,192.1383,1.2048483095978216e-05
Orbitrap,3.850839757,3.850839757,9,1,1,1,1,77.01679514,77.01679514,77.01679514,1.2048483095978216e-05
Orbitrap,3.882352000000001,3.882352000000001,15,1,1,1,1,194.1176,194.1176,194.1176,1.2048483095978216e-05
Orbitrap,3.951091499999999,3.951091499999999,15,1,1,1,1,79.02183,79.02183,79.02183,1.2048483095978216e-05
Orbitrap,3.962051999999999,3.962051999999999,15,1,1,1,1,198.1026,198.1026,198.1026,1.2048483095978216e-05
Orbitrap,4.001480000000001,4.001480000000001,15,1,1,1,1,200.074,200.074,200.074,1.2048483095978216e-05
Orbitrap,4.002496,4.002496,6,1,1,1,1,80.04992,80.04992,80.04992,1.2048483095978216e-05
Orbitrap,4.041708,4.041708,6,1,1,1,1,202.0854,202.0854,202.0854,1.2048483095978216e-05
Orbitrap,4.041726,4.041726,6,1,1,1,1,202.0863,202.0863,202.0863,1.2048483095978216e-05
Orbitrap,4.043604,4.043604,6,1,1,1,1,202.1802,202.1802,202.1802,1.2048483095978216e-05
Orbitrap,4.222188,4.222188,6,1,1,1,1,211.1094,211.1094,211.1094,1.2048483095978216e-05
Orbitrap,4.233404999999999,4.233404999999999,15,1,1,1,1,141.1135,141.1135,141.1135,1.2048483095978216e-05
Orbitrap,4.24117,4.24117,5,1,1,1,1,212.0585,212.0585,212.0585,1.2048483095978216e-05
Orbitrap,4.281791999999999,4.281791999999999,15,1,1,1,1,214.0896,214.0896,214.0896,1.2048483095978216e-05
Orbitrap,4.282520000000001,4.282520000000001,15,1,1,1,1,214.126,214.126,214.126,1.2048483095978216e-05
Orbitrap,4.323232,4.323232,6,1,1,1,1,108.0808,108.0808,108.0808,1.2048483095978216e-05
Orbitrap,4.341588,4.341588,6,1,1,1,1,217.0794,217.0794,217.0794,1.2048483095978216e-05
Orbitrap,4.4190640000000005,4.4190640000000005,16,1,1,1,1,220.9532,220.9532,220.9532,1.2048483095978216e-05
Orbitrap,4.440632,4.440632,6,1,1,1,1,222.0316,222.0316,222.0316,1.2048483095978216e-05
Orbitrap,4.45539,4.45539,5,1,1,1,1,89.1078,89.1078,89.1078,1.2048483095978216e-05
Orbitrap,4.46149,4.46149,5,1,1,1,1,223.0745,223.0745,223.0745,1.2048483095978216e-05
Orbitrap,4.481834,4.481834,6,1,1,1,1,224.0917,224.0917,224.0917,1.2048483095978216e-05
Orbitrap,4.521792,4.521792,6,1,1,1,1,226.0896,226.0896,226.0896,1.2048483095978216e-05
Orbitrap,4.562554,4.562554,6,1,1,1,1,228.1277,228.1277,228.1277,1.2048483095978216e-05
Orbitrap,4.591220999999999,4.591220999999999,15,1,1,1,1,153.0407,153.0407,153.0407,1.2048483095978216e-05
Orbitrap,4.600138,4.600138,6,1,1,1,1,230.0069,230.0069,230.0069,1.2048483095978216e-05
Orbitrap,4.603464,4.603464,6,1,1,1,1,115.0866,115.0866,115.0866,1.2048483095978216e-05
Orbitrap,4.641048,4.641048,6,1,1,1,1,232.0524,232.0524,232.0524,1.2048483095978216e-05
Orbitrap,4.652109,4.652109,6,1,1,1,1,155.0703,155.0703,155.0703,1.2048483095978216e-05
Orbitrap,4.660486,4.660486,6,1,1,1,1,233.0243,233.0243,233.0243,1.2048483095978216e-05
Orbitrap,4.683057,4.683057,6,1,1,1,1,156.1019,156.1019,156.1019,1.2048483095978216e-05
Orbitrap,4.702882000000001,4.702882000000001,15,1,1,1,1,235.1441,235.1441,235.1441,1.2048483095978216e-05
Orbitrap,4.704112,4.704112,6,1,1,1,1,235.2056,235.2056,235.2056,1.2048483095978216e-05
Orbitrap,4.742468,4.742468,6,1,1,1,1,237.1234,237.1234,237.1234,1.2048483095978216e-05
Orbitrap,4.744426000000001,4.744426000000001,15,1,1,1,1,237.2213,237.2213,237.2213,1.2048483095978216e-05
Orbitrap,4.770618000000001,4.770618000000001,15,1,1,1,1,159.0206,159.0206,159.0206,1.2048483095978216e-05
Orbitrap,4.779532000000001,4.779532000000001,15,1,1,1,1,238.9766,238.9766,238.9766,1.2048483095978216e-05
Orbitrap,4.783005999999999,4.783005999999999,15,1,1,1,1,239.1503,239.1503,239.1503,1.2048483095978216e-05
Orbitrap,4.801572,4.801572,6,1,1,1,1,240.0786,240.0786,240.0786,1.2048483095978216e-05
Orbitrap,4.8022194890000005,4.8022194890000005,16,1,1,1,1,96.04438978,96.04438978,96.04438978,1.2048483095978216e-05
Orbitrap,4.802236,4.802236,6,1,1,1,1,96.04472,96.04472,96.04472,1.2048483095978216e-05
Orbitrap,4.883856,4.883856,6,1,1,1,1,122.0964,122.0964,122.0964,1.2048483095978216e-05
Orbitrap,4.952224500000001,4.952224500000001,15,1,1,1,1,99.04449,99.04449,99.04449,1.2048483095978216e-05
Orbitrap,4.9540435,4.9540435,7,1,1,1,1,99.08087,99.08087,99.08087,1.2048483095978216e-05
Orbitrap,5.00129,5.00129,5,1,1,1,1,250.0645,250.0645,250.0645,1.2048483095978216e-05
Orbitrap,5.005615,5.005615,6,1,1,1,1,100.1123,100.1123,100.1123,1.2048483095978216e-05
Orbitrap,5.040116,5.040116,6,1,1,1,1,252.0058,252.0058,252.0058,1.2048483095978216e-05
Orbitrap,5.042834,5.042834,6,1,1,1,1,252.1417,252.1417,252.1417,1.2048483095978216e-05
Orbitrap,5.060618000000001,5.060618000000001,15,1,1,1,1,253.0309,253.0309,253.0309,1.2048483095978216e-05
Orbitrap,5.060928,5.060928,6,1,1,1,1,253.0464,253.0464,253.0464,1.2048483095978216e-05
Orbitrap,5.061944,5.061944,6,1,1,1,1,253.0972,253.0972,253.0972,1.2048483095978216e-05
Orbitrap,5.101675999999999,5.101675999999999,15,1,1,1,1,255.0838,255.0838,255.0838,1.2048483095978216e-05
Orbitrap,5.102256,5.102256,6,1,1,1,1,255.1128,255.1128,255.1128,1.2048483095978216e-05
Orbitrap,5.102747725,5.102747725,9,1,1,1,1,102.0549545,102.0549545,102.0549545,1.2048483095978216e-05
Orbitrap,5.104617,5.104617,6,1,1,1,1,170.1539,170.1539,170.1539,1.2048483095978216e-05
Orbitrap,5.120418,5.120418,6,1,1,1,1,256.0209,256.0209,256.0209,1.2048483095978216e-05
Orbitrap,5.121192,5.121192,6,1,1,1,1,256.0596,256.0596,256.0596,1.2048483095978216e-05
Orbitrap,5.123392,5.123392,6,1,1,1,1,256.1696,256.1696,256.1696,1.2048483095978216e-05
Orbitrap,5.15617,5.15617,5,1,1,1,1,103.1234,103.1234,103.1234,1.2048483095978216e-05
Orbitrap,5.180154000000001,5.180154000000001,15,1,1,1,1,259.0077,259.0077,259.0077,1.2048483095978216e-05
Orbitrap,5.184112,5.184112,6,1,1,1,1,259.2056,259.2056,259.2056,1.2048483095978216e-05
Orbitrap,5.190801,5.190801,6,1,1,1,1,173.0267,173.0267,173.0267,1.2048483095978216e-05
Orbitrap,5.20171095,5.20171095,8,1,1,1,1,104.034219,104.034219,104.034219,1.2048483095978216e-05
Orbitrap,5.20229,5.20229,5,1,1,1,1,104.0458,104.0458,104.0458,1.2048483095978216e-05
Orbitrap,5.205356000000001,5.205356000000001,15,1,1,1,1,130.1339,130.1339,130.1339,1.2048483095978216e-05
Orbitrap,5.241747999999999,5.241747999999999,15,1,1,1,1,262.0874,262.0874,262.0874,1.2048483095978216e-05
Orbitrap,5.252731004999999,5.252731004999999,15,1,1,1,1,105.0546201,105.0546201,105.0546201,1.2048483095978216e-05
Orbitrap,5.30251,5.30251,5,1,1,1,1,106.0502,106.0502,106.0502,1.2048483095978216e-05
Orbitrap,5.303439999999999,5.303439999999999,15,1,1,1,1,106.0688,106.0688,106.0688,1.2048483095978216e-05
Orbitrap,5.321916,5.321916,6,1,1,1,1,266.0958,266.0958,266.0958,1.2048483095978216e-05
Orbitrap,5.322495,5.322495,6,1,1,1,1,266.12475,266.12475,266.12475,1.2048483095978216e-05
Orbitrap,5.34344,5.34344,5,1,1,1,1,267.172,267.172,267.172,1.2048483095978216e-05
Orbitrap,5.3832960000000005,5.3832960000000005,16,1,1,1,1,269.1648,269.1648,269.1648,1.2048483095978216e-05
Orbitrap,5.40251,5.40251,5,1,1,1,1,270.1255,270.1255,270.1255,1.2048483095978216e-05
Orbitrap,5.404038765,5.404038765,9,1,1,1,1,108.0807753,108.0807753,108.0807753,1.2048483095978216e-05
Orbitrap,5.4040550000000005,5.4040550000000005,16,1,1,1,1,108.0811,108.0811,108.0811,1.2048483095978216e-05
Orbitrap,5.443028,5.443028,6,1,1,1,1,136.0757,136.0757,136.0757,1.2048483095978216e-05
Orbitrap,5.52164,5.52164,5,1,1,1,1,276.082,276.082,276.082,1.2048483095978216e-05
Orbitrap,5.5425640000000005,5.5425640000000005,16,1,1,1,1,277.1282,277.1282,277.1282,1.2048483095978216e-05
Orbitrap,5.55220277,5.55220277,8,1,1,1,1,111.0440554,111.0440554,111.0440554,1.2048483095978216e-05
Orbitrap,5.552779999999999,5.552779999999999,15,1,1,1,1,111.0556,111.0556,111.0556,1.2048483095978216e-05
Orbitrap,5.562008,5.562008,6,1,1,1,1,139.0502,139.0502,139.0502,1.2048483095978216e-05
Orbitrap,5.5621100000000006,5.5621100000000006,16,1,1,1,1,278.1055,278.1055,278.1055,1.2048483095978216e-05
Orbitrap,5.580546,5.580546,6,1,1,1,1,279.0273,279.0273,279.0273,1.2048483095978216e-05
Orbitrap,5.60253,5.60253,5,1,1,1,1,112.0506,112.0506,112.0506,1.2048483095978216e-05
Orbitrap,5.60435,5.60435,5,1,1,1,1,112.087,112.087,112.087,1.2048483095978216e-05
Orbitrap,5.642091000000001,5.642091000000001,15,1,1,1,1,188.0697,188.0697,188.0697,1.2048483095978216e-05
Orbitrap,5.6423942,5.6423942,7,1,1,1,1,282.11971,282.11971,282.11971,1.2048483095978216e-05
Orbitrap,5.643906,5.643906,6,1,1,1,1,94.0651,94.0651,94.0651,1.2048483095978216e-05
Orbitrap,5.651166,5.651166,6,1,1,1,1,113.02332,113.02332,113.02332,1.2048483095978216e-05
Orbitrap,5.65172767,5.65172767,8,1,1,1,1,113.0345534,113.0345534,113.0345534,1.2048483095978216e-05
Orbitrap,5.65174,5.65174,5,1,1,1,1,113.0348,113.0348,113.0348,1.2048483095978216e-05
Orbitrap,5.70284,5.70284,5,1,1,1,1,285.142,285.142,285.142,1.2048483095978216e-05
Orbitrap,5.70332,5.70332,5,1,1,1,1,114.0664,114.0664,114.0664,1.2048483095978216e-05
Orbitrap,5.732547,5.732547,6,1,1,1,1,191.0849,191.0849,191.0849,1.2048483095978216e-05
Orbitrap,5.744012000000001,5.744012000000001,15,1,1,1,1,287.2006,287.2006,287.2006,1.2048483095978216e-05
Orbitrap,5.751525000000001,5.751525000000001,15,1,1,1,1,115.0305,115.0305,115.0305,1.2048483095978216e-05
Orbitrap,5.752525,5.752525,6,1,1,1,1,115.0505,115.0505,115.0505,1.2048483095978216e-05
Orbitrap,5.75376778,5.75376778,8,1,1,1,1,115.0753556,115.0753556,115.0753556,1.2048483095978216e-05
Orbitrap,5.763232,5.763232,6,1,1,1,1,144.0808,144.0808,144.0808,1.2048483095978216e-05
Orbitrap,5.765066000000001,5.765066000000001,15,1,1,1,1,288.2533,288.2533,288.2533,1.2048483095978216e-05
Orbitrap,5.782430000000001,5.782430000000001,15,1,1,1,1,289.1215,289.1215,289.1215,1.2048483095978216e-05
Orbitrap,5.803535,5.803535,6,1,1,1,1,116.0707,116.0707,116.0707,1.2048483095978216e-05
Orbitrap,5.82179,5.82179,5,1,1,1,1,291.0895,291.0895,291.0895,1.2048483095978216e-05
Orbitrap,5.82391,5.82391,5,1,1,1,1,291.1955,291.1955,291.1955,1.2048483095978216e-05
Orbitrap,5.844120000000001,5.844120000000001,15,1,1,1,1,292.206,292.206,292.206,1.2048483095978216e-05
Orbitrap,5.902493455,5.902493455,9,1,1,1,1,118.0498691,118.0498691,118.0498691,1.2048483095978216e-05
Orbitrap,5.904319999999999,5.904319999999999,15,1,1,1,1,118.0864,118.0864,118.0864,1.2048483095978216e-05
Orbitrap,5.904325,5.904325,6,1,1,1,1,118.0865,118.0865,118.0865,1.2048483095978216e-05
Orbitrap,5.912520000000001,5.912520000000001,15,1,1,1,1,197.084,197.084,197.084,1.2048483095978216e-05
Orbitrap,5.922824,5.922824,6,1,1,1,1,296.1412,296.1412,296.1412,1.2048483095978216e-05
Orbitrap,5.943375,5.943375,6,1,1,1,1,198.1125,198.1125,198.1125,1.2048483095978216e-05
Orbitrap,5.951694235,5.951694235,9,1,1,1,1,119.0338847,119.0338847,119.0338847,1.2048483095978216e-05
Orbitrap,5.95409,5.95409,5,1,1,1,1,119.0818,119.0818,119.0818,1.2048483095978216e-05
Orbitrap,5.965482,5.965482,6,1,1,1,1,298.2741,298.2741,298.2741,1.2048483095978216e-05
Orbitrap,6.00145668,6.00145668,8,1,1,1,1,120.0291336,120.0291336,120.0291336,1.2048483095978216e-05
Orbitrap,6.00329,6.00329,5,1,1,1,1,120.0658,120.0658,120.0658,1.2048483095978216e-05
Orbitrap,6.021476000000001,6.021476000000001,15,1,1,1,1,301.0738,301.0738,301.0738,1.2048483095978216e-05
Orbitrap,6.052543605,6.052543605,9,1,1,1,1,121.0508721,121.0508721,121.0508721,1.2048483095978216e-05
Orbitrap,6.05256,6.05256,5,1,1,1,1,121.0512,121.0512,121.0512,1.2048483095978216e-05
Orbitrap,6.062589,6.062589,6,1,1,1,1,202.0863,202.0863,202.0863,1.2048483095978216e-05
Orbitrap,6.06391,6.06391,5,1,1,1,1,303.1955,303.1955,303.1955,1.2048483095978216e-05
Orbitrap,6.0828240000000005,6.0828240000000005,16,1,1,1,1,152.0706,152.0706,152.0706,1.2048483095978216e-05
Orbitrap,6.101351275,6.101351275,9,1,1,1,1,122.0270255,122.0270255,122.0270255,1.2048483095978216e-05
Orbitrap,6.10136,6.10136,5,1,1,1,1,122.0272,122.0272,122.0272,1.2048483095978216e-05
Orbitrap,6.103015,6.103015,6,1,1,1,1,122.0603,122.0603,122.0603,1.2048483095978216e-05
Orbitrap,6.104825000000001,6.104825000000001,15,1,1,1,1,122.0965,122.0965,122.0965,1.2048483095978216e-05
Orbitrap,6.122541999999999,6.122541999999999,15,1,1,1,1,306.1271,306.1271,306.1271,1.2048483095978216e-05
Orbitrap,6.142226000000001,6.142226000000001,15,1,1,1,1,307.1113,307.1113,307.1113,1.2048483095978216e-05
Orbitrap,6.152205,6.152205,6,1,1,1,1,123.0441,123.0441,123.0441,1.2048483095978216e-05
Orbitrap,6.1527650000000005,6.1527650000000005,16,1,1,1,1,123.0553,123.0553,123.0553,1.2048483095978216e-05
Orbitrap,6.154585,6.154585,6,1,1,1,1,123.0917,123.0917,123.0917,1.2048483095978216e-05
Orbitrap,6.1613456,6.1613456,7,1,1,1,1,77.01682,77.01682,77.01682,1.2048483095978216e-05
Orbitrap,6.1822420000000005,6.1822420000000005,16,1,1,1,1,309.1121,309.1121,309.1121,1.2048483095978216e-05
Orbitrap,6.20197,6.20197,5,1,1,1,1,124.0394,124.0394,124.0394,1.2048483095978216e-05
Orbitrap,6.202812,6.202812,6,1,1,1,1,155.0703,155.0703,155.0703,1.2048483095978216e-05
Orbitrap,6.212394000000001,6.212394000000001,15,1,1,1,1,207.0798,207.0798,207.0798,1.2048483095978216e-05
Orbitrap,6.223086,6.223086,6,1,1,1,1,311.1543,311.1543,311.1543,1.2048483095978216e-05
Orbitrap,6.241914,6.241914,6,1,1,1,1,208.0638,208.0638,208.0638,1.2048483095978216e-05
Orbitrap,6.242373000000001,6.242373000000001,15,1,1,1,1,208.0791,208.0791,208.0791,1.2048483095978216e-05
Orbitrap,6.252985275,6.252985275,9,1,1,1,1,125.0597055,125.0597055,125.0597055,1.2048483095978216e-05
Orbitrap,6.264324,6.264324,6,1,1,1,1,313.2162,313.2162,313.2162,1.2048483095978216e-05
Orbitrap,6.273855,6.273855,6,1,1,1,1,209.1285,209.1285,209.1285,1.2048483095978216e-05
Orbitrap,6.301105,6.301105,6,1,1,1,1,126.0221,126.0221,126.0221,1.2048483095978216e-05
Orbitrap,6.30157279,6.30157279,8,1,1,1,1,126.0314558,126.0314558,126.0314558,1.2048483095978216e-05
Orbitrap,6.301585,6.301585,6,1,1,1,1,126.0317,126.0317,126.0317,1.2048483095978216e-05
Orbitrap,6.304638,6.304638,6,1,1,1,1,315.2319,315.2319,315.2319,1.2048483095978216e-05
Orbitrap,6.30513,6.30513,5,1,1,1,1,126.1026,126.1026,126.1026,1.2048483095978216e-05
Orbitrap,6.320694,6.320694,6,1,1,1,1,316.0347,316.0347,316.0347,1.2048483095978216e-05
Orbitrap,6.351955,6.351955,6,1,1,1,1,127.0391,127.0391,127.0391,1.2048483095978216e-05
Orbitrap,6.353075,6.353075,6,1,1,1,1,127.0615,127.0615,127.0615,1.2048483095978216e-05
Orbitrap,6.383256,6.383256,6,1,1,1,1,319.1628,319.1628,319.1628,1.2048483095978216e-05
Orbitrap,6.40281,6.40281,5,1,1,1,1,320.1405,320.1405,320.1405,1.2048483095978216e-05
Orbitrap,6.405355,6.405355,6,1,1,1,1,128.1071,128.1071,128.1071,1.2048483095978216e-05
Orbitrap,6.420384,6.420384,6,1,1,1,1,321.0192,321.0192,321.0192,1.2048483095978216e-05
Orbitrap,6.420890999999999,6.420890999999999,15,1,1,1,1,214.0297,214.0297,214.0297,1.2048483095978216e-05
Orbitrap,6.443683999999999,6.443683999999999,15,1,1,1,1,161.0921,161.0921,161.0921,1.2048483095978216e-05
Orbitrap,6.484782,6.484782,6,1,1,1,1,216.1594,216.1594,216.1594,1.2048483095978216e-05
Orbitrap,6.484848,6.484848,6,1,1,1,1,108.0808,108.0808,108.0808,1.2048483095978216e-05
Orbitrap,6.502055,6.502055,6,1,1,1,1,130.0411,130.0411,130.0411,1.2048483095978216e-05
Orbitrap,6.502500000000001,6.502500000000001,15,1,1,1,1,130.05,130.05,130.05,1.2048483095978216e-05
Orbitrap,6.5034220000000005,6.5034220000000005,16,1,1,1,1,325.1711,325.1711,325.1711,1.2048483095978216e-05
Orbitrap,6.504309999999999,6.504309999999999,15,1,1,1,1,130.0862,130.0862,130.0862,1.2048483095978216e-05
Orbitrap,6.504314999999999,6.504314999999999,15,1,1,1,1,130.0863,130.0863,130.0863,1.2048483095978216e-05
Orbitrap,6.50543,6.50543,5,1,1,1,1,130.1086,130.1086,130.1086,1.2048483095978216e-05
Orbitrap,6.510249,6.510249,6,1,1,1,1,217.0083,217.0083,217.0083,1.2048483095978216e-05
Orbitrap,6.5221926,6.5221926,7,1,1,1,1,326.10963,326.10963,326.10963,1.2048483095978216e-05
Orbitrap,6.523502,6.523502,6,1,1,1,1,326.1751,326.1751,326.1751,1.2048483095978216e-05
Orbitrap,6.543406,6.543406,6,1,1,1,1,327.1703,327.1703,327.1703,1.2048483095978216e-05
Orbitrap,6.55645,6.55645,5,1,1,1,1,131.129,131.129,131.129,1.2048483095978216e-05
Orbitrap,6.573486,6.573486,6,1,1,1,1,219.1162,219.1162,219.1162,1.2048483095978216e-05
Orbitrap,6.60327,6.60327,5,1,1,1,1,132.0654,132.0654,132.0654,1.2048483095978216e-05
Orbitrap,6.603315,6.603315,6,1,1,1,1,132.0663,132.0663,132.0663,1.2048483095978216e-05
Orbitrap,6.607476180000001,6.607476180000001,15,1,1,1,1,132.1495236,132.1495236,132.1495236,1.2048483095978216e-05
Orbitrap,6.623808,6.623808,6,1,1,1,1,331.1904,331.1904,331.1904,1.2048483095978216e-05
Orbitrap,6.643451999999999,6.643451999999999,15,1,1,1,1,166.0863,166.0863,166.0863,1.2048483095978216e-05
Orbitrap,6.653045,6.653045,6,1,1,1,1,133.0609,133.0609,133.0609,1.2048483095978216e-05
Orbitrap,6.654295,6.654295,6,1,1,1,1,133.0859,133.0859,133.0859,1.2048483095978216e-05
Orbitrap,6.654859999999999,6.654859999999999,15,1,1,1,1,133.0972,133.0972,133.0972,1.2048483095978216e-05
Orbitrap,6.6636180000000005,6.6636180000000005,16,1,1,1,1,333.1809,333.1809,333.1809,1.2048483095978216e-05
Orbitrap,6.663711,6.663711,6,1,1,1,1,222.1237,222.1237,222.1237,1.2048483095978216e-05
Orbitrap,6.701355,6.701355,6,1,1,1,1,134.0271,134.0271,134.0271,1.2048483095978216e-05
Orbitrap,6.7022450000000005,6.7022450000000005,16,1,1,1,1,134.0449,134.0449,134.0449,1.2048483095978216e-05
Orbitrap,6.70356,6.70356,5,1,1,1,1,134.0712,134.0712,134.0712,1.2048483095978216e-05
Orbitrap,6.704054999999999,6.704054999999999,15,1,1,1,1,134.0811,134.0811,134.0811,1.2048483095978216e-05
Orbitrap,6.720987,6.720987,6,1,1,1,1,224.0329,224.0329,224.0329,1.2048483095978216e-05
Orbitrap,6.72333,6.72333,5,1,1,1,1,112.0555,112.0555,112.0555,1.2048483095978216e-05
Orbitrap,6.754038,6.754038,6,1,1,1,1,225.1346,225.1346,225.1346,1.2048483095978216e-05
Orbitrap,6.801075,6.801075,6,1,1,1,1,136.0215,136.0215,136.0215,1.2048483095978216e-05
Orbitrap,6.802133775000001,6.802133775000001,15,1,1,1,1,136.0426755,136.0426755,136.0426755,1.2048483095978216e-05
Orbitrap,6.8021400000000005,6.8021400000000005,16,1,1,1,1,136.0428,136.0428,136.0428,1.2048483095978216e-05
Orbitrap,6.803085,6.803085,6,1,1,1,1,136.0617,136.0617,136.0617,1.2048483095978216e-05
Orbitrap,6.803780000000001,6.803780000000001,15,1,1,1,1,136.0756,136.0756,136.0756,1.2048483095978216e-05
Orbitrap,6.805599999999999,6.805599999999999,15,1,1,1,1,136.112,136.112,136.112,1.2048483095978216e-05
Orbitrap,6.80560377,6.80560377,8,1,1,1,1,136.1120754,136.1120754,136.1120754,1.2048483095978216e-05
Orbitrap,6.8429340000000005,6.8429340000000005,16,1,1,1,1,342.1467,342.1467,342.1467,1.2048483095978216e-05
Orbitrap,6.85228,6.85228,5,1,1,1,1,137.0456,137.0456,137.0456,1.2048483095978216e-05
Orbitrap,6.85298,6.85298,5,1,1,1,1,137.0596,137.0596,137.0596,1.2048483095978216e-05
Orbitrap,6.852985275,6.852985275,9,1,1,1,1,137.0597055,137.0597055,137.0597055,1.2048483095978216e-05
Orbitrap,6.855360000000001,6.855360000000001,15,1,1,1,1,137.1072,137.1072,137.1072,1.2048483095978216e-05
Orbitrap,6.860798,6.860798,6,1,1,1,1,343.0399,343.0399,343.0399,1.2048483095978216e-05
Orbitrap,6.861058000000001,6.861058000000001,15,1,1,1,1,343.0529,343.0529,343.0529,1.2048483095978216e-05
Orbitrap,6.879023999999999,6.879023999999999,15,1,1,1,1,171.9756,171.9756,171.9756,1.2048483095978216e-05
Orbitrap,6.901534000000001,6.901534000000001,15,1,1,1,1,345.0767,345.0767,345.0767,1.2048483095978216e-05
Orbitrap,6.904848,6.904848,6,1,1,1,1,345.2424,345.2424,345.2424,1.2048483095978216e-05
Orbitrap,6.905196,6.905196,6,1,1,1,1,115.0866,115.0866,115.0866,1.2048483095978216e-05
Orbitrap,6.982658000000001,6.982658000000001,15,1,1,1,1,349.1329,349.1329,349.1329,1.2048483095978216e-05
Orbitrap,6.992688,6.992688,6,1,1,1,1,233.0896,233.0896,233.0896,1.2048483095978216e-05
Orbitrap,7.002338,7.002338,6,1,1,1,1,350.1169,350.1169,350.1169,1.2048483095978216e-05
Orbitrap,7.049982,7.049982,6,1,1,1,1,234.9994,234.9994,234.9994,1.2048483095978216e-05
Orbitrap,7.052731005,7.052731005,9,1,1,1,1,141.0546201,141.0546201,141.0546201,1.2048483095978216e-05
Orbitrap,7.060442000000001,7.060442000000001,15,1,1,1,1,353.0221,353.0221,353.0221,1.2048483095978216e-05
Orbitrap,7.103055,7.103055,6,1,1,1,1,142.0611,142.0611,142.0611,1.2048483095978216e-05
Orbitrap,7.104312729999999,7.104312729999999,15,1,1,1,1,142.0862546,142.0862546,142.0862546,1.2048483095978216e-05
Orbitrap,7.142517,7.142517,6,1,1,1,1,238.0839,238.0839,238.0839,1.2048483095978216e-05
Orbitrap,7.143222000000001,7.143222000000001,15,1,1,1,1,238.1074,238.1074,238.1074,1.2048483095978216e-05
Orbitrap,7.151694234999999,7.151694234999999,15,1,1,1,1,143.0338847,143.0338847,143.0338847,1.2048483095978216e-05
Orbitrap,7.169298,7.169298,6,1,1,1,1,238.9766,238.9766,238.9766,1.2048483095978216e-05
Orbitrap,7.179536,7.179536,6,1,1,1,1,358.9768,358.9768,358.9768,1.2048483095978216e-05
Orbitrap,7.183706,7.183706,6,1,1,1,1,359.1853,359.1853,359.1853,1.2048483095978216e-05
Orbitrap,7.202389999999999,7.202389999999999,15,1,1,1,1,144.0478,144.0478,144.0478,1.2048483095978216e-05
Orbitrap,7.204076,7.204076,6,1,1,1,1,180.1019,180.1019,180.1019,1.2048483095978216e-05
Orbitrap,7.204148999999999,7.204148999999999,15,1,1,1,1,240.1383,240.1383,240.1383,1.2048483095978216e-05
Orbitrap,7.222402,7.222402,6,1,1,1,1,361.1201,361.1201,361.1201,1.2048483095978216e-05
Orbitrap,7.230882,7.230882,6,1,1,1,1,241.0294,241.0294,241.0294,1.2048483095978216e-05
Orbitrap,7.233885,7.233885,6,1,1,1,1,241.1295,241.1295,241.1295,1.2048483095978216e-05
Orbitrap,7.256115289999999,7.256115289999999,15,1,1,1,1,145.1223058,145.1223058,145.1223058,1.2048483095978216e-05
Orbitrap,7.302995,7.302995,6,1,1,1,1,146.0599,146.0599,146.0599,1.2048483095978216e-05
Orbitrap,7.304049999999999,7.304049999999999,15,1,1,1,1,146.081,146.081,146.081,1.2048483095978216e-05
Orbitrap,7.304054999999999,7.304054999999999,15,1,1,1,1,146.0811,146.0811,146.0811,1.2048483095978216e-05
Orbitrap,7.304609999999999,7.304609999999999,15,1,1,1,1,146.0922,146.0922,146.0922,1.2048483095978216e-05
Orbitrap,7.305875,7.305875,6,1,1,1,1,146.1175,146.1175,146.1175,1.2048483095978216e-05
Orbitrap,7.320576,7.320576,6,1,1,1,1,244.0192,244.0192,244.0192,1.2048483095978216e-05
Orbitrap,7.323124,7.323124,6,1,1,1,1,183.0781,183.0781,183.0781,1.2048483095978216e-05
Orbitrap,7.352200000000001,7.352200000000001,15,1,1,1,1,147.044,147.044,147.044,1.2048483095978216e-05
Orbitrap,7.353815000000001,7.353815000000001,15,1,1,1,1,147.0763,147.0763,147.0763,1.2048483095978216e-05
Orbitrap,7.35457,7.35457,5,1,1,1,1,147.0914,147.0914,147.0914,1.2048483095978216e-05
Orbitrap,7.355635,7.355635,6,1,1,1,1,147.1127,147.1127,147.1127,1.2048483095978216e-05
Orbitrap,7.3825,7.3825,4,1,1,1,1,369.125,369.125,369.125,1.2048483095978216e-05
Orbitrap,7.403775,7.403775,6,1,1,1,1,148.0755,148.0755,148.0755,1.2048483095978216e-05
Orbitrap,7.403785000000001,7.403785000000001,15,1,1,1,1,148.0757,148.0757,148.0757,1.2048483095978216e-05
Orbitrap,7.404292000000001,7.404292000000001,15,1,1,1,1,185.1073,185.1073,185.1073,1.2048483095978216e-05
Orbitrap,7.410135,7.410135,6,1,1,1,1,247.0045,247.0045,247.0045,1.2048483095978216e-05
Orbitrap,7.455355000000001,7.455355000000001,15,1,1,1,1,149.1071,149.1071,149.1071,1.2048483095978216e-05
Orbitrap,7.50274,7.50274,5,1,1,1,1,150.0548,150.0548,150.0548,1.2048483095978216e-05
Orbitrap,7.50291,7.50291,5,1,1,1,1,150.0582,150.0582,150.0582,1.2048483095978216e-05
Orbitrap,7.504332000000001,7.504332000000001,15,1,1,1,1,375.2166,375.2166,375.2166,1.2048483095978216e-05
Orbitrap,7.506386275,7.506386275,9,1,1,1,1,150.1277255,150.1277255,150.1277255,1.2048483095978216e-05
Orbitrap,7.522268,7.522268,6,1,1,1,1,188.0567,188.0567,188.0567,1.2048483095978216e-05
Orbitrap,7.522788,7.522788,6,1,1,1,1,188.0697,188.0697,188.0697,1.2048483095978216e-05
Orbitrap,7.525208,7.525208,6,1,1,1,1,94.0651,94.0651,94.0651,1.2048483095978216e-05
Orbitrap,7.530075,7.530075,6,1,1,1,1,251.0025,251.0025,251.0025,1.2048483095978216e-05
Orbitrap,7.544246000000001,7.544246000000001,15,1,1,1,1,377.2123,377.2123,377.2123,1.2048483095978216e-05
Orbitrap,7.551948505,7.551948505,9,1,1,1,1,151.0389701,151.0389701,151.0389701,1.2048483095978216e-05
Orbitrap,7.602835,7.602835,6,1,1,1,1,152.0567,152.0567,152.0567,1.2048483095978216e-05
Orbitrap,7.60352,7.60352,5,1,1,1,1,152.0704,152.0704,152.0704,1.2048483095978216e-05
Orbitrap,7.603530000000001,7.603530000000001,15,1,1,1,1,152.0706,152.0706,152.0706,1.2048483095978216e-05
Orbitrap,7.605344999999999,7.605344999999999,15,1,1,1,1,152.1069,152.1069,152.1069,1.2048483095978216e-05
Orbitrap,7.607168774999999,7.607168774999999,15,1,1,1,1,152.1433755,152.1433755,152.1433755,1.2048483095978216e-05
Orbitrap,7.607170000000001,7.607170000000001,15,1,1,1,1,152.1434,152.1434,152.1434,1.2048483095978216e-05
Orbitrap,7.641804,7.641804,6,1,1,1,1,191.0451,191.0451,191.0451,1.2048483095978216e-05
Orbitrap,7.65272,7.65272,5,1,1,1,1,153.0544,153.0544,153.0544,1.2048483095978216e-05
Orbitrap,7.652724999999999,7.652724999999999,15,1,1,1,1,153.0545,153.0545,153.0545,1.2048483095978216e-05
Orbitrap,7.654773,7.654773,6,1,1,1,1,255.1591,255.1591,255.1591,1.2048483095978216e-05
Orbitrap,7.68099,7.68099,5,1,1,1,1,128.0165,128.0165,128.0165,1.2048483095978216e-05
Orbitrap,7.682447999999999,7.682447999999999,15,1,1,1,1,256.0816,256.0816,256.0816,1.2048483095978216e-05
Orbitrap,7.683072,7.683072,6,1,1,1,1,192.0768,192.0768,192.0768,1.2048483095978216e-05
Orbitrap,7.683552799999999,7.683552799999999,15,1,1,1,1,96.04441,96.04441,96.04441,1.2048483095978216e-05
Orbitrap,7.685531999999999,7.685531999999999,15,1,1,1,1,192.1383,192.1383,192.1383,1.2048483095978216e-05
Orbitrap,7.702495000000001,7.702495000000001,15,1,1,1,1,154.0499,154.0499,154.0499,1.2048483095978216e-05
Orbitrap,7.70431,7.70431,5,1,1,1,1,154.0862,154.0862,154.0862,1.2048483095978216e-05
Orbitrap,7.704865,7.704865,6,1,1,1,1,154.0973,154.0973,154.0973,1.2048483095978216e-05
Orbitrap,7.740054,7.740054,6,1,1,1,1,258.0018,258.0018,258.0018,1.2048483095978216e-05
Orbitrap,7.74506,7.74506,5,1,1,1,1,387.253,387.253,387.253,1.2048483095978216e-05
Orbitrap,7.750520000000001,7.750520000000001,15,1,1,1,1,155.0104,155.0104,155.0104,1.2048483095978216e-05
Orbitrap,7.751694234999999,7.751694234999999,15,1,1,1,1,155.0338847,155.0338847,155.0338847,1.2048483095978216e-05
Orbitrap,7.757149999999999,7.757149999999999,15,1,1,1,1,155.143,155.143,155.143,1.2048483095978216e-05
Orbitrap,7.764704000000001,7.764704000000001,15,1,1,1,1,194.1176,194.1176,194.1176,1.2048483095978216e-05
Orbitrap,7.770231,7.770231,6,1,1,1,1,259.0077,259.0077,259.0077,1.2048483095978216e-05
Orbitrap,7.783252,7.783252,6,1,1,1,1,389.1626,389.1626,389.1626,1.2048483095978216e-05
Orbitrap,7.802052,7.802052,6,1,1,1,1,260.0684,260.0684,260.0684,1.2048483095978216e-05
Orbitrap,7.802168000000001,7.802168000000001,15,1,1,1,1,390.1084,390.1084,390.1084,1.2048483095978216e-05
Orbitrap,7.808034,7.808034,6,1,1,1,1,130.1339,130.1339,130.1339,1.2048483095978216e-05
Orbitrap,7.830603,7.830603,6,1,1,1,1,261.0201,261.0201,261.0201,1.2048483095978216e-05
Orbitrap,7.860480000000001,7.860480000000001,15,1,1,1,1,262.016,262.016,262.016,1.2048483095978216e-05
Orbitrap,7.890513000000001,7.890513000000001,15,1,1,1,1,263.0171,263.0171,263.0171,1.2048483095978216e-05
Orbitrap,7.891502999999999,7.891502999999999,15,1,1,1,1,263.0501,263.0501,263.0501,1.2048483095978216e-05
Orbitrap,7.902426,7.902426,6,1,1,1,1,395.1213,395.1213,395.1213,1.2048483095978216e-05
Orbitrap,7.90405846,7.90405846,8,1,1,1,1,158.0811692,158.0811692,158.0811692,1.2048483095978216e-05
Orbitrap,7.904059999999999,7.904059999999999,15,1,1,1,1,158.0812,158.0812,158.0812,1.2048483095978216e-05
Orbitrap,7.90588,7.90588,5,1,1,1,1,158.1176,158.1176,158.1176,1.2048483095978216e-05
Orbitrap,7.924103999999999,7.924103999999999,15,1,1,1,1,198.1026,198.1026,198.1026,1.2048483095978216e-05
Orbitrap,7.9245,7.9245,4,1,1,1,1,198.1125,198.1125,198.1125,1.2048483095978216e-05
Orbitrap,7.952001635,7.952001635,9,1,1,1,1,159.0400327,159.0400327,159.0400327,1.2048483095978216e-05
Orbitrap,7.95325924,7.95325924,8,1,1,1,1,159.0651848,159.0651848,159.0651848,1.2048483095978216e-05
Orbitrap,7.954575,7.954575,6,1,1,1,1,159.0915,159.0915,159.0915,1.2048483095978216e-05
Orbitrap,7.981938,7.981938,6,1,1,1,1,399.0969,399.0969,399.0969,1.2048483095978216e-05
Orbitrap,8.002960000000002,8.002960000000002,15,1,1,1,1,200.074,200.074,200.074,1.2048483095978216e-05
Orbitrap,8.004845,8.004845,6,1,1,1,1,160.0969,160.0969,160.0969,1.2048483095978216e-05
Orbitrap,8.012589,8.012589,6,1,1,1,1,267.0863,267.0863,267.0863,1.2048483095978216e-05
Orbitrap,8.054595,8.054595,6,1,1,1,1,161.0919,161.0919,161.0919,1.2048483095978216e-05
Orbitrap,8.05536,8.05536,5,1,1,1,1,161.1072,161.1072,161.1072,1.2048483095978216e-05
Orbitrap,8.070102,8.070102,6,1,1,1,1,269.0034,269.0034,269.0034,1.2048483095978216e-05
Orbitrap,8.083452,8.083452,6,1,1,1,1,202.0863,202.0863,202.0863,1.2048483095978216e-05
Orbitrap,8.087208,8.087208,6,1,1,1,1,202.1802,202.1802,202.1802,1.2048483095978216e-05
Orbitrap,8.102739999999999,8.102739999999999,15,1,1,1,1,162.0548,162.0548,162.0548,1.2048483095978216e-05
Orbitrap,8.102747725,8.102747725,9,1,1,1,1,162.0549545,162.0549545,162.0549545,1.2048483095978216e-05
Orbitrap,8.1038,8.1038,4,1,1,1,1,162.076,162.076,162.076,1.2048483095978216e-05
Orbitrap,8.104567,8.104567,6,1,1,1,1,162.09134,162.09134,162.09134,1.2048483095978216e-05
Orbitrap,8.10561,8.10561,5,1,1,1,1,162.1122,162.1122,162.1122,1.2048483095978216e-05
Orbitrap,8.132850000000001,8.132850000000001,15,1,1,1,1,271.095,271.095,271.095,1.2048483095978216e-05
Orbitrap,8.132868,8.132868,6,1,1,1,1,271.0956,271.0956,271.0956,1.2048483095978216e-05
Orbitrap,8.14442,8.14442,5,1,1,1,1,407.221,407.221,407.221,1.2048483095978216e-05
Orbitrap,8.155384999999999,8.155384999999999,15,1,1,1,1,163.1077,163.1077,163.1077,1.2048483095978216e-05
Orbitrap,8.156144999999999,8.156144999999999,15,1,1,1,1,163.1229,163.1229,163.1229,1.2048483095978216e-05
Orbitrap,8.156148725,8.156148725,9,1,1,1,1,163.1229745,163.1229745,163.1229745,1.2048483095978216e-05
Orbitrap,8.1643984,8.1643984,7,1,1,1,1,102.05498,102.05498,102.05498,1.2048483095978216e-05
Orbitrap,8.164542,8.164542,6,1,1,1,1,136.0757,136.0757,136.0757,1.2048483095978216e-05
Orbitrap,8.16462,8.16462,5,1,1,1,1,272.154,272.154,272.154,1.2048483095978216e-05
Orbitrap,8.182739999999999,8.182739999999999,15,1,1,1,1,409.137,409.137,409.137,1.2048483095978216e-05
Orbitrap,8.201875,8.201875,6,1,1,1,1,164.0375,164.0375,164.0375,1.2048483095978216e-05
Orbitrap,8.204586695,8.204586695,9,1,1,1,1,164.0917339,164.0917339,164.0917339,1.2048483095978216e-05
Orbitrap,8.220993,8.220993,6,1,1,1,1,274.0331,274.0331,274.0331,1.2048483095978216e-05
Orbitrap,8.222162,8.222162,6,1,1,1,1,411.1081,411.1081,411.1081,1.2048483095978216e-05
Orbitrap,8.224382000000002,8.224382000000002,15,1,1,1,1,411.2191,411.2191,411.2191,1.2048483095978216e-05
Orbitrap,8.251074000000001,8.251074000000001,15,1,1,1,1,275.0358,275.0358,275.0358,1.2048483095978216e-05
Orbitrap,8.252135999999998,8.252135999999998,15,1,1,1,1,275.0712,275.0712,275.0712,1.2048483095978216e-05
Orbitrap,8.253375,8.253375,6,1,1,1,1,275.1125,275.1125,275.1125,1.2048483095978216e-05
Orbitrap,8.253787475,8.253787475,9,1,1,1,1,165.0757495,165.0757495,165.0757495,1.2048483095978216e-05
Orbitrap,8.254550000000002,8.254550000000002,15,1,1,1,1,165.091,165.091,165.091,1.2048483095978216e-05
Orbitrap,8.281896000000001,8.281896000000001,15,1,1,1,1,276.0632,276.0632,276.0632,1.2048483095978216e-05
Orbitrap,8.304305000000001,8.304305000000001,15,1,1,1,1,166.0861,166.0861,166.0861,1.2048483095978216e-05
Orbitrap,8.306132005000002,8.306132005000002,15,1,1,1,1,166.1226401,166.1226401,166.1226401,1.2048483095978216e-05
Orbitrap,8.343011999999998,8.343011999999998,15,1,1,1,1,139.0502,139.0502,139.0502,1.2048483095978216e-05
Orbitrap,8.351695,8.351695,6,1,1,1,1,167.0339,167.0339,167.0339,1.2048483095978216e-05
Orbitrap,8.351925,8.351925,6,1,1,1,1,167.0385,167.0385,167.0385,1.2048483095978216e-05
Orbitrap,8.35351351,8.35351351,8,1,1,1,1,167.0702702,167.0702702,167.0702702,1.2048483095978216e-05
Orbitrap,8.35352,8.35352,5,1,1,1,1,167.0704,167.0704,167.0704,1.2048483095978216e-05
Orbitrap,8.401455,8.401455,6,1,1,1,1,168.0291,168.0291,168.0291,1.2048483095978216e-05
Orbitrap,8.401456679999999,8.401456679999999,15,1,1,1,1,168.0291336,168.0291336,168.0291336,1.2048483095978216e-05
Orbitrap,8.401896,8.401896,6,1,1,1,1,420.0948,420.0948,420.0948,1.2048483095978216e-05
Orbitrap,8.403265000000001,8.403265000000001,15,1,1,1,1,168.0653,168.0653,168.0653,1.2048483095978216e-05
Orbitrap,8.40327596,8.40327596,8,1,1,1,1,168.0655192,168.0655192,168.0655192,1.2048483095978216e-05
Orbitrap,8.404059799999999,8.404059799999999,15,1,1,1,1,420.20299,420.20299,420.20299,1.2048483095978216e-05
Orbitrap,8.40509,8.40509,5,1,1,1,1,168.1018,168.1018,168.1018,1.2048483095978216e-05
Orbitrap,8.405270400000001,8.405270400000001,15,1,1,1,1,105.06588,105.06588,105.06588,1.2048483095978216e-05
Orbitrap,8.433855,8.433855,6,1,1,1,1,281.1285,281.1285,281.1285,1.2048483095978216e-05
Orbitrap,8.435241,8.435241,6,1,1,1,1,281.1747,281.1747,281.1747,1.2048483095978216e-05
Orbitrap,8.444376,8.444376,6,1,1,1,1,211.1094,211.1094,211.1094,1.2048483095978216e-05
Orbitrap,8.44948,8.44948,5,1,1,1,1,168.9896,168.9896,168.9896,1.2048483095978216e-05
Orbitrap,8.4508186340332,8.4508186340332,13,1,1,1,1,169.016372680664,169.016372680664,169.016372680664,1.2048483095978216e-05
Orbitrap,8.454855000000002,8.454855000000002,15,1,1,1,1,169.0971,169.0971,169.0971,1.2048483095978216e-05
Orbitrap,8.454857680000002,8.454857680000002,15,1,1,1,1,169.0971536,169.0971536,169.0971536,1.2048483095978216e-05
Orbitrap,8.456115,8.456115,6,1,1,1,1,169.1223,169.1223,169.1223,1.2048483095978216e-05
Orbitrap,8.462672999999999,8.462672999999999,15,1,1,1,1,282.0891,282.0891,282.0891,1.2048483095978216e-05
Orbitrap,8.462769,8.462769,6,1,1,1,1,282.0923,282.0923,282.0923,1.2048483095978216e-05
Orbitrap,8.466809999999999,8.466809999999999,15,1,1,1,1,141.1135,141.1135,141.1135,1.2048483095978216e-05
Orbitrap,8.48234,8.48234,5,1,1,1,1,212.0585,212.0585,212.0585,1.2048483095978216e-05
Orbitrap,8.483991199999998,8.483991199999998,15,1,1,1,1,106.04989,106.04989,106.04989,1.2048483095978216e-05
Orbitrap,8.486902400000002,8.486902400000002,15,1,1,1,1,106.08628,106.08628,106.08628,1.2048483095978216e-05
Orbitrap,8.488316999999999,8.488316999999999,15,1,1,1,1,282.9439,282.9439,282.9439,1.2048483095978216e-05
Orbitrap,8.50059,8.50059,5,1,1,1,1,170.0118,170.0118,170.0118,1.2048483095978216e-05
Orbitrap,8.50224,8.50224,5,1,1,1,1,170.0448,170.0448,170.0448,1.2048483095978216e-05
Orbitrap,8.50405,8.50405,5,1,1,1,1,170.081,170.081,170.081,1.2048483095978216e-05
Orbitrap,8.504615,8.504615,6,1,1,1,1,170.0923,170.0923,170.0923,1.2048483095978216e-05
Orbitrap,8.50725,8.50725,5,1,1,1,1,425.3625,425.3625,425.3625,1.2048483095978216e-05
Orbitrap,8.522495999999999,8.522495999999999,15,1,1,1,1,142.0416,142.0416,142.0416,1.2048483095978216e-05
Orbitrap,8.553702,8.553702,6,1,1,1,1,285.1234,285.1234,285.1234,1.2048483095978216e-05
Orbitrap,8.555629999999999,8.555629999999999,15,1,1,1,1,171.1126,171.1126,171.1126,1.2048483095978216e-05
Orbitrap,8.563583999999999,8.563583999999999,15,1,1,1,1,214.0896,214.0896,214.0896,1.2048483095978216e-05
Orbitrap,8.565040000000002,8.565040000000002,15,1,1,1,1,214.126,214.126,214.126,1.2048483095978216e-05
Orbitrap,8.580993000000001,8.580993000000001,15,1,1,1,1,286.0331,286.0331,286.0331,1.2048483095978216e-05
Orbitrap,8.60357,8.60357,5,1,1,1,1,172.0714,172.0714,172.0714,1.2048483095978216e-05
Orbitrap,8.603844,8.603844,6,1,1,1,1,215.0961,215.0961,215.0961,1.2048483095978216e-05
Orbitrap,8.624856,8.624856,6,1,1,1,1,431.2428,431.2428,431.2428,1.2048483095978216e-05
Orbitrap,8.641464,8.641464,6,1,1,1,1,288.0488,288.0488,288.0488,1.2048483095978216e-05
Orbitrap,8.651334555,8.651334555,9,1,1,1,1,173.0266911,173.0266911,173.0266911,1.2048483095978216e-05
Orbitrap,8.65536,8.65536,5,1,1,1,1,173.1072,173.1072,173.1072,1.2048483095978216e-05
Orbitrap,8.672120999999999,8.672120999999999,15,1,1,1,1,289.0707,289.0707,289.0707,1.2048483095978216e-05
Orbitrap,8.683176,8.683176,6,1,1,1,1,217.0794,217.0794,217.0794,1.2048483095978216e-05
Orbitrap,8.701094999999999,8.701094999999999,15,1,1,1,1,174.0219,174.0219,174.0219,1.2048483095978216e-05
Orbitrap,8.701097005,8.701097005,9,1,1,1,1,174.0219401,174.0219401,174.0219401,1.2048483095978216e-05
Orbitrap,8.70274,8.70274,5,1,1,1,1,174.0548,174.0548,174.0548,1.2048483095978216e-05
Orbitrap,8.705615,8.705615,6,1,1,1,1,174.1123,174.1123,174.1123,1.2048483095978216e-05
Orbitrap,8.707196,8.707196,6,1,1,1,1,435.3598,435.3598,435.3598,1.2048483095978216e-05
Orbitrap,8.730921,8.730921,6,1,1,1,1,291.0307,291.0307,291.0307,1.2048483095978216e-05
Orbitrap,8.731497,8.731497,6,1,1,1,1,291.0499,291.0499,291.0499,1.2048483095978216e-05
Orbitrap,8.750297784999999,8.750297784999999,15,1,1,1,1,175.0059557,175.0059557,175.0059557,1.2048483095978216e-05
Orbitrap,8.751828105000001,8.751828105000001,15,1,0,1,0,175.0365621,175.0365621,175.0365621,1.2048483095978216e-05
Orbitrap,8.754325000000001,8.754325000000001,15,1,1,1,1,175.0865,175.0865,175.0865,1.2048483095978216e-05
Orbitrap,8.755945,8.755945,6,1,1,1,1,175.1189,175.1189,175.1189,1.2048483095978216e-05
Orbitrap,8.75615,8.75615,5,1,1,1,1,175.123,175.123,175.123,1.2048483095978216e-05
Orbitrap,8.757200000000001,8.757200000000001,15,1,1,1,1,175.144,175.144,175.144,1.2048483095978216e-05
Orbitrap,8.758424999999999,8.758424999999999,15,1,1,1,1,291.9475,291.9475,291.9475,1.2048483095978216e-05
Orbitrap,8.761344000000001,8.761344000000001,15,1,1,1,1,146.0224,146.0224,146.0224,1.2048483095978216e-05
Orbitrap,8.761368,8.761368,6,1,1,1,1,146.0228,146.0228,146.0228,1.2048483095978216e-05
Orbitrap,8.7636,8.7636,4,1,1,1,1,146.06,146.06,146.06,1.2048483095978216e-05
Orbitrap,8.790297,8.790297,6,1,1,1,1,293.0099,293.0099,293.0099,1.2048483095978216e-05
Orbitrap,8.792157000000001,8.792157000000001,15,1,1,1,1,293.0719,293.0719,293.0719,1.2048483095978216e-05
Orbitrap,8.792937,8.792937,6,1,1,1,1,293.0979,293.0979,293.0979,1.2048483095978216e-05
Orbitrap,8.793059999999999,8.793059999999999,15,1,1,1,1,293.102,293.102,293.102,1.2048483095978216e-05
Orbitrap,8.794488000000001,8.794488000000001,15,1,1,1,1,293.1496,293.1496,293.1496,1.2048483095978216e-05
Orbitrap,8.80352,8.80352,5,1,1,1,1,176.0704,176.0704,176.0704,1.2048483095978216e-05
Orbitrap,8.805155000000001,8.805155000000001,15,1,1,1,1,176.1031,176.1031,176.1031,1.2048483095978216e-05
Orbitrap,8.823011999999999,8.823011999999999,15,1,1,1,1,294.1004,294.1004,294.1004,1.2048483095978216e-05
Orbitrap,8.82334,8.82334,5,1,1,1,1,441.167,441.167,441.167,1.2048483095978216e-05
Orbitrap,8.838128000000001,8.838128000000001,15,1,1,1,1,220.9532,220.9532,220.9532,1.2048483095978216e-05
Orbitrap,8.8512,8.8512,4,1,1,1,1,295.04,295.04,295.04,1.2048483095978216e-05
Orbitrap,8.852459999999999,8.852459999999999,15,1,1,1,1,295.082,295.082,295.082,1.2048483095978216e-05
Orbitrap,8.85273,8.85273,5,1,1,1,1,177.0546,177.0546,177.0546,1.2048483095978216e-05
Orbitrap,8.85309,8.85309,5,1,1,1,1,177.0618,177.0618,177.0618,1.2048483095978216e-05
Orbitrap,8.853231,8.853231,6,1,1,1,1,295.1077,295.1077,295.1077,1.2048483095978216e-05
Orbitrap,8.853285,8.853285,6,1,1,1,1,177.0657,177.0657,177.0657,1.2048483095978216e-05
Orbitrap,8.853787474999999,8.853787474999999,15,1,1,1,1,177.0757495,177.0757495,177.0757495,1.2048483095978216e-05
Orbitrap,8.854904999999999,8.854904999999999,15,1,1,1,1,177.0981,177.0981,177.0981,1.2048483095978216e-05
Orbitrap,8.8551,8.8551,4,1,1,1,1,177.102,177.102,177.102,1.2048483095978216e-05
Orbitrap,8.881264,8.881264,6,1,1,1,1,222.0316,222.0316,222.0316,1.2048483095978216e-05
Orbitrap,8.90266201,8.90266201,8,1,1,1,1,178.0532402,178.0532402,178.0532402,1.2048483095978216e-05
Orbitrap,8.913999,8.913999,6,1,1,1,1,297.1333,297.1333,297.1333,1.2048483095978216e-05
Orbitrap,8.943612000000002,8.943612000000002,15,1,1,1,1,298.1204,298.1204,298.1204,1.2048483095978216e-05
Orbitrap,8.951690000000001,8.951690000000001,15,1,1,1,1,179.0338,179.0338,179.0338,1.2048483095978216e-05
Orbitrap,8.95242446,8.95242446,8,1,1,1,1,179.0484892,179.0484892,179.0484892,1.2048483095978216e-05
Orbitrap,8.952750700000001,8.952750700000001,15,1,1,1,1,179.055014,179.055014,179.055014,1.2048483095978216e-05
Orbitrap,8.9535,8.9535,4,1,1,1,1,179.07,179.07,179.07,1.2048483095978216e-05
Orbitrap,8.955332785000001,8.955332785000001,15,1,1,1,1,179.1066557,179.1066557,179.1066557,1.2048483095978216e-05
Orbitrap,8.963146400000001,8.963146400000001,15,1,1,1,1,112.03933,112.03933,112.03933,1.2048483095978216e-05
Orbitrap,8.963668,8.963668,6,1,1,1,1,224.0917,224.0917,224.0917,1.2048483095978216e-05
Orbitrap,8.97417,8.97417,5,1,1,1,1,299.139,299.139,299.139,1.2048483095978216e-05
Orbitrap,8.983358200000001,8.983358200000001,15,1,1,1,1,449.16791,449.16791,449.16791,1.2048483095978216e-05
Orbitrap,9.001625,9.001625,6,1,1,1,1,180.0325,180.0325,180.0325,1.2048483095978216e-05
Orbitrap,9.002286,9.002286,6,1,1,1,1,300.0762,300.0762,300.0762,1.2048483095978216e-05
Orbitrap,9.002575,9.002575,6,1,1,1,1,180.0515,180.0515,180.0515,1.2048483095978216e-05
Orbitrap,9.003972,9.003972,6,1,1,1,1,150.0662,150.0662,150.0662,1.2048483095978216e-05
Orbitrap,9.00433,9.00433,5,1,1,1,1,180.0866,180.0866,180.0866,1.2048483095978216e-05
Orbitrap,9.005090000000001,9.005090000000001,15,1,1,1,1,180.1018,180.1018,180.1018,1.2048483095978216e-05
Orbitrap,9.005095235,9.005095235,9,1,1,1,1,180.1019047,180.1019047,180.1019047,1.2048483095978216e-05
Orbitrap,9.008733785,9.008733785,9,1,1,1,1,180.1746757,180.1746757,180.1746757,1.2048483095978216e-05
Orbitrap,9.043584,9.043584,6,1,1,1,1,226.0896,226.0896,226.0896,1.2048483095978216e-05
Orbitrap,9.05247,9.05247,5,1,1,1,1,181.0494,181.0494,181.0494,1.2048483095978216e-05
Orbitrap,9.05303,9.05303,5,1,1,1,1,181.0606,181.0606,181.0606,1.2048483095978216e-05
Orbitrap,9.05429601,9.05429601,8,1,1,1,1,181.0859202,181.0859202,181.0859202,1.2048483095978216e-05
Orbitrap,9.104055,9.104055,6,1,1,1,1,182.0811,182.0811,182.0811,1.2048483095978216e-05
Orbitrap,9.104065,9.104065,6,1,1,1,1,182.0813,182.0813,182.0813,1.2048483095978216e-05
Orbitrap,9.105808,9.105808,6,1,1,1,1,455.2904,455.2904,455.2904,1.2048483095978216e-05
Orbitrap,9.105865,9.105865,6,1,1,1,1,182.1173,182.1173,182.1173,1.2048483095978216e-05
Orbitrap,9.121668,9.121668,6,1,1,1,1,304.0556,304.0556,304.0556,1.2048483095978216e-05
Orbitrap,9.123393,9.123393,6,1,1,1,1,304.1131,304.1131,304.1131,1.2048483095978216e-05
Orbitrap,9.125108,9.125108,6,1,1,1,1,228.1277,228.1277,228.1277,1.2048483095978216e-05
Orbitrap,9.1252968,9.1252968,7,1,1,1,1,114.06621,114.06621,114.06621,1.2048483095978216e-05
Orbitrap,9.125721,9.125721,6,1,1,1,1,304.1907,304.1907,304.1907,1.2048483095978216e-05
Orbitrap,9.153138845,9.153138845,9,1,0,1,0,183.0627769,183.0627769,183.0627769,1.2048483095978216e-05
Orbitrap,9.153588,9.153588,6,1,1,1,1,305.1196,305.1196,305.1196,1.2048483095978216e-05
Orbitrap,9.15470066576445,9.15470066576445,14,1,1,1,1,183.094013315289,183.094013315289,183.094013315289,1.2048483095978216e-05
Orbitrap,9.181732,9.181732,6,1,1,1,1,459.0866,459.0866,459.0866,1.2048483095978216e-05
Orbitrap,9.182441999999998,9.182441999999998,15,1,1,1,1,153.0407,153.0407,153.0407,1.2048483095978216e-05
Orbitrap,9.200276,9.200276,6,1,1,1,1,230.0069,230.0069,230.0069,1.2048483095978216e-05
Orbitrap,9.20301,9.20301,5,1,1,1,1,184.0602,184.0602,184.0602,1.2048483095978216e-05
Orbitrap,9.203025,9.203025,6,1,1,1,1,184.0605,184.0605,184.0605,1.2048483095978216e-05
Orbitrap,9.206655,9.206655,6,1,1,1,1,184.1331,184.1331,184.1331,1.2048483095978216e-05
Orbitrap,9.206928,9.206928,6,1,1,1,1,115.0866,115.0866,115.0866,1.2048483095978216e-05
Orbitrap,9.214619999999998,9.214619999999998,15,1,1,1,1,307.154,307.154,307.154,1.2048483095978216e-05
Orbitrap,9.217896,9.217896,6,1,1,1,1,307.2632,307.2632,307.2632,1.2048483095978216e-05
Orbitrap,9.241001999999998,9.241001999999998,15,1,1,1,1,154.0167,154.0167,154.0167,1.2048483095978216e-05
Orbitrap,9.252225,9.252225,6,1,1,1,1,185.0445,185.0445,185.0445,1.2048483095978216e-05
Orbitrap,9.269082,9.269082,6,1,1,1,1,308.9694,308.9694,308.9694,1.2048483095978216e-05
Orbitrap,9.271137,9.271137,6,1,1,1,1,309.0379,309.0379,309.0379,1.2048483095978216e-05
Orbitrap,9.271281,9.271281,6,1,1,1,1,309.0427,309.0427,309.0427,1.2048483095978216e-05
Orbitrap,9.271815,9.271815,6,1,1,1,1,309.0605,309.0605,309.0605,1.2048483095978216e-05
Orbitrap,9.282096,9.282096,6,1,1,1,1,232.0524,232.0524,232.0524,1.2048483095978216e-05
Orbitrap,9.2835774,9.2835774,7,1,1,1,1,464.17887,464.17887,464.17887,1.2048483095978216e-05
Orbitrap,9.300815,9.300815,6,1,1,1,1,186.0163,186.0163,186.0163,1.2048483095978216e-05
Orbitrap,9.304218,9.304218,6,1,1,1,1,155.0703,155.0703,155.0703,1.2048483095978216e-05
Orbitrap,9.304355,9.304355,6,1,1,1,1,186.0871,186.0871,186.0871,1.2048483095978216e-05
Orbitrap,9.305283,9.305283,6,1,1,1,1,310.1761,310.1761,310.1761,1.2048483095978216e-05
Orbitrap,9.305615,9.305615,6,1,1,1,1,186.1123,186.1123,186.1123,1.2048483095978216e-05
Orbitrap,9.320972,9.320972,6,1,1,1,1,233.0243,233.0243,233.0243,1.2048483095978216e-05
Orbitrap,9.324428,9.324428,6,1,1,1,1,233.1107,233.1107,233.1107,1.2048483095978216e-05
Orbitrap,9.333078,9.333078,6,1,1,1,1,311.1026,311.1026,311.1026,1.2048483095978216e-05
Orbitrap,9.337743,9.337743,6,1,1,1,1,311.2581,311.2581,311.2581,1.2048483095978216e-05
Orbitrap,9.366114,9.366114,6,1,1,1,1,156.1019,156.1019,156.1019,1.2048483095978216e-05
Orbitrap,9.405764,9.405764,6,1,1,1,1,235.1441,235.1441,235.1441,1.2048483095978216e-05
Orbitrap,9.406108,9.406108,6,1,1,1,1,470.3054,470.3054,470.3054,1.2048483095978216e-05
Orbitrap,9.40651,9.40651,5,1,1,1,1,94.0651,94.0651,94.0651,1.2048483095978216e-05
Orbitrap,9.40716,9.40716,5,1,1,1,1,188.1432,188.1432,188.1432,1.2048483095978216e-05
Orbitrap,9.408224,9.408224,6,1,1,1,1,235.2056,235.2056,235.2056,1.2048483095978216e-05
Orbitrap,9.40878,9.40878,5,1,1,1,1,188.1756,188.1756,188.1756,1.2048483095978216e-05
Orbitrap,9.42147,9.42147,5,1,1,1,1,314.049,314.049,314.049,1.2048483095978216e-05
Orbitrap,9.42183,9.42183,5,1,1,1,1,314.061,314.061,314.061,1.2048483095978216e-05
Orbitrap,9.422463000000002,9.422463000000002,15,1,1,1,1,314.0821,314.0821,314.0821,1.2048483095978216e-05
Orbitrap,9.42347,9.42347,5,1,1,1,1,471.1735,471.1735,471.1735,1.2048483095978216e-05
Orbitrap,9.425253,9.425253,6,1,1,1,1,314.1751,314.1751,314.1751,1.2048483095978216e-05
Orbitrap,9.4425704,9.4425704,7,1,1,1,1,118.03213,118.03213,118.03213,1.2048483095978216e-05
Orbitrap,9.4448904,9.4448904,7,1,1,1,1,118.06113,118.06113,118.06113,1.2048483095978216e-05
Orbitrap,9.446903999999998,9.446903999999998,15,1,1,1,1,118.0863,118.0863,118.0863,1.2048483095978216e-05
Orbitrap,9.45560675,9.45560675,8,1,1,1,1,189.112135,189.112135,189.112135,1.2048483095978216e-05
Orbitrap,9.45672,9.45672,5,1,1,1,1,189.1344,189.1344,189.1344,1.2048483095978216e-05
Orbitrap,9.45673,9.45673,5,1,1,1,1,189.1346,189.1346,189.1346,1.2048483095978216e-05
Orbitrap,9.457426024999998,9.457426024999998,15,1,1,1,1,189.1485205,189.1485205,189.1485205,1.2048483095978216e-05
Orbitrap,9.484936,9.484936,6,1,1,1,1,237.1234,237.1234,237.1234,1.2048483095978216e-05
Orbitrap,9.488852,9.488852,6,1,1,1,1,237.2213,237.2213,237.2213,1.2048483095978216e-05
Orbitrap,9.50249,9.50249,5,1,1,1,1,190.0498,190.0498,190.0498,1.2048483095978216e-05
Orbitrap,9.503525,9.503525,6,1,1,1,1,190.0705,190.0705,190.0705,1.2048483095978216e-05
Orbitrap,9.503549925,9.503549925,9,1,1,1,1,190.0709985,190.0709985,190.0709985,1.2048483095978216e-05
Orbitrap,9.50411,9.50411,5,1,1,1,1,190.0822,190.0822,190.0822,1.2048483095978216e-05
Orbitrap,9.50431,9.50431,5,1,1,1,1,190.0862,190.0862,190.0862,1.2048483095978216e-05
Orbitrap,9.541236,9.541236,6,1,1,1,1,159.0206,159.0206,159.0206,1.2048483095978216e-05
Orbitrap,9.544606,9.544606,6,1,1,1,1,477.2303,477.2303,477.2303,1.2048483095978216e-05
Orbitrap,9.5451,9.5451,4,1,1,1,1,318.17,318.17,318.17,1.2048483095978216e-05
Orbitrap,9.545928,9.545928,6,1,1,1,1,318.1976,318.1976,318.1976,1.2048483095978216e-05
Orbitrap,9.55226,9.55226,5,1,1,1,1,191.0452,191.0452,191.0452,1.2048483095978216e-05
Orbitrap,9.553315,9.553315,6,1,1,1,1,191.0663,191.0663,191.0663,1.2048483095978216e-05
Orbitrap,9.555129999999998,9.555129999999998,15,1,1,1,1,191.1026,191.1026,191.1026,1.2048483095978216e-05
Orbitrap,9.555885,9.555885,6,1,1,1,1,191.1177,191.1177,191.1177,1.2048483095978216e-05
Orbitrap,9.559064,9.559064,6,1,1,1,1,238.9766,238.9766,238.9766,1.2048483095978216e-05
Orbitrap,9.566012,9.566012,6,1,1,1,1,239.1503,239.1503,239.1503,1.2048483095978216e-05
Orbitrap,9.571344000000002,9.571344000000002,15,1,1,1,1,319.0448,319.0448,319.0448,1.2048483095978216e-05
Orbitrap,9.573528,9.573528,6,1,1,1,1,319.1176,319.1176,319.1176,1.2048483095978216e-05
Orbitrap,9.578528999999998,9.578528999999998,15,1,1,1,1,319.2843,319.2843,319.2843,1.2048483095978216e-05
Orbitrap,9.603144,9.603144,6,1,1,1,1,240.0786,240.0786,240.0786,1.2048483095978216e-05
Orbitrap,9.603275,9.603275,6,1,1,1,1,192.0655,192.0655,192.0655,1.2048483095978216e-05
Orbitrap,9.603444515,9.603444515,9,1,1,1,1,192.0688903,192.0688903,192.0688903,1.2048483095978216e-05
Orbitrap,9.603445,9.603445,6,1,1,1,1,192.0689,192.0689,192.0689,1.2048483095978216e-05
Orbitrap,9.60509,9.60509,5,1,1,1,1,192.1018,192.1018,192.1018,1.2048483095978216e-05
Orbitrap,9.606905,9.606905,6,1,1,1,1,192.1381,192.1381,192.1381,1.2048483095978216e-05
Orbitrap,9.60691,9.60691,5,1,1,1,1,192.1382,192.1382,192.1382,1.2048483095978216e-05
Orbitrap,9.631137,9.631137,6,1,1,1,1,321.0379,321.0379,321.0379,1.2048483095978216e-05
Orbitrap,9.632514,9.632514,6,1,1,1,1,321.0838,321.0838,321.0838,1.2048483095978216e-05
Orbitrap,9.65248,9.65248,5,1,1,1,1,193.0496,193.0496,193.0496,1.2048483095978216e-05
Orbitrap,9.653533205,9.653533205,9,1,1,1,1,193.0706641,193.0706641,193.0706641,1.2048483095978216e-05
Orbitrap,9.65667,9.65667,5,1,1,1,1,193.1334,193.1334,193.1334,1.2048483095978216e-05
Orbitrap,9.665526,9.665526,6,1,1,1,1,161.0921,161.0921,161.0921,1.2048483095978216e-05
Orbitrap,9.684072,9.684072,6,1,1,1,1,121.0509,121.0509,121.0509,1.2048483095978216e-05
Orbitrap,9.685736,9.685736,6,1,1,1,1,242.1434,242.1434,242.1434,1.2048483095978216e-05
Orbitrap,9.6909,9.6909,4,1,1,1,1,323.03,323.03,323.03,1.2048483095978216e-05
Orbitrap,9.692715,9.692715,6,1,1,1,1,323.0905,323.0905,323.0905,1.2048483095978216e-05
Orbitrap,9.695895,9.695895,6,1,1,1,1,323.1965,323.1965,323.1965,1.2048483095978216e-05
Orbitrap,9.70405,9.70405,5,1,1,1,1,194.081,194.081,194.081,1.2048483095978216e-05
Orbitrap,9.704055,9.704055,6,1,1,1,1,194.0811,194.0811,194.0811,1.2048483095978216e-05
Orbitrap,9.719232,9.719232,6,1,1,1,1,161.9872,161.9872,161.9872,1.2048483095978216e-05
Orbitrap,9.71964,9.71964,5,1,1,1,1,323.988,323.988,323.988,1.2048483095978216e-05
Orbitrap,9.721362,9.721362,6,1,1,1,1,324.0454,324.0454,324.0454,1.2048483095978216e-05
Orbitrap,9.725478,9.725478,6,1,1,1,1,162.0913,162.0913,162.0913,1.2048483095978216e-05
Orbitrap,9.753115,9.753115,6,1,1,1,1,195.0623,195.0623,195.0623,1.2048483095978216e-05
Orbitrap,9.75325,9.75325,5,1,1,1,1,195.065,195.065,195.065,1.2048483095978216e-05
Orbitrap,9.753255,9.753255,6,1,1,1,1,195.0651,195.0651,195.0651,1.2048483095978216e-05
Orbitrap,9.754385,9.754385,6,1,1,1,1,195.0877,195.0877,195.0877,1.2048483095978216e-05
Orbitrap,9.754938,9.754938,6,1,1,1,1,325.1646,325.1646,325.1646,1.2048483095978216e-05
Orbitrap,9.767712,9.767712,6,1,1,1,1,122.0964,122.0964,122.0964,1.2048483095978216e-05
Orbitrap,9.787974,9.787974,6,1,1,1,1,163.1329,163.1329,163.1329,1.2048483095978216e-05
Orbitrap,9.80302169,9.80302169,8,1,1,1,1,196.0604338,196.0604338,196.0604338,1.2048483095978216e-05
Orbitrap,9.803035,9.803035,6,1,1,1,1,196.0607,196.0607,196.0607,1.2048483095978216e-05
Orbitrap,9.804835,9.804835,6,1,1,1,1,196.0967,196.0967,196.0967,1.2048483095978216e-05
Orbitrap,9.811404,9.811404,6,1,1,1,1,327.0468,327.0468,327.0468,1.2048483095978216e-05
Orbitrap,9.842934,9.842934,6,1,1,1,1,328.0978,328.0978,328.0978,1.2048483095978216e-05
Orbitrap,9.85335,9.85335,5,1,1,1,1,197.067,197.067,197.067,1.2048483095978216e-05
Orbitrap,9.8546,9.8546,4,1,1,1,1,197.092,197.092,197.092,1.2048483095978216e-05
Orbitrap,9.901779,9.901779,6,1,1,1,1,330.0593,330.0593,330.0593,1.2048483095978216e-05
Orbitrap,9.903815,9.903815,6,1,1,1,1,198.0763,198.0763,198.0763,1.2048483095978216e-05
Orbitrap,9.904355,9.904355,6,1,1,1,1,198.0871,198.0871,198.0871,1.2048483095978216e-05
Orbitrap,9.95300497,9.95300497,8,1,1,1,1,199.0600994,199.0600994,199.0600994,1.2048483095978216e-05
Orbitrap,9.96324,9.96324,5,1,1,1,1,332.108,332.108,332.108,1.2048483095978216e-05
Orbitrap,9.965178,9.965178,6,1,1,1,1,166.0863,166.0863,166.0863,1.2048483095978216e-05
Orbitrap,9.988302,9.988302,6,1,1,1,1,332.9434,332.9434,332.9434,1.2048483095978216e-05
Orbitrap,9.992907,9.992907,6,1,1,1,1,333.0969,333.0969,333.0969,1.2048483095978216e-05
Orbitrap,10.00159,10.00159,5,1,1,1,1,200.0318,200.0318,200.0318,1.2048483095978216e-05
Orbitrap,10.00258,10.00258,5,1,1,1,1,250.0645,250.0645,250.0645,1.2048483095978216e-05
Orbitrap,10.00332,10.00332,5,1,1,1,1,200.0664,200.0664,200.0664,1.2048483095978216e-05
Orbitrap,10.00878451461685,10.00878451461685,14,1,1,1,1,200.175690292337,200.175690292337,200.175690292337,1.2048483095978216e-05
Orbitrap,10.024047,10.024047,6,1,1,1,1,334.1349,334.1349,334.1349,1.2048483095978216e-05
Orbitrap,10.025043,10.025043,6,1,1,1,1,334.1681,334.1681,334.1681,1.2048483095978216e-05
Orbitrap,10.080232,10.080232,6,1,1,1,1,252.0058,252.0058,252.0058,1.2048483095978216e-05
Orbitrap,10.0817568,10.0817568,7,1,1,1,1,126.02196,126.02196,126.02196,1.2048483095978216e-05
Orbitrap,10.0825184,10.0825184,7,1,1,1,1,126.03148,126.03148,126.03148,1.2048483095978216e-05
Orbitrap,10.0852968,10.0852968,7,1,1,1,1,126.06621,126.06621,126.06621,1.2048483095978216e-05
Orbitrap,10.085668,10.085668,6,1,1,1,1,252.1417,252.1417,252.1417,1.2048483095978216e-05
Orbitrap,10.088207999999998,10.088207999999998,15,1,1,1,1,126.1026,126.1026,126.1026,1.2048483095978216e-05
Orbitrap,10.10266,10.10266,5,1,1,1,1,202.0532,202.0532,202.0532,1.2048483095978216e-05
Orbitrap,10.121236,10.121236,6,1,1,1,1,253.0309,253.0309,253.0309,1.2048483095978216e-05
Orbitrap,10.121856,10.121856,6,1,1,1,1,253.0464,253.0464,253.0464,1.2048483095978216e-05
Orbitrap,10.123888,10.123888,6,1,1,1,1,253.0972,253.0972,253.0972,1.2048483095978216e-05
Orbitrap,10.157505,10.157505,6,1,1,1,1,203.1501,203.1501,203.1501,1.2048483095978216e-05
Orbitrap,10.161155,10.161155,6,1,1,1,1,203.2231,203.2231,203.2231,1.2048483095978216e-05
Orbitrap,10.1611775,10.1611775,7,1,1,1,1,203.22355,203.22355,203.22355,1.2048483095978216e-05
Orbitrap,10.164018400000002,10.164018400000002,15,1,1,1,1,127.05023,127.05023,127.05023,1.2048483095978216e-05
Orbitrap,10.174314,10.174314,6,1,1,1,1,339.1438,339.1438,339.1438,1.2048483095978216e-05
Orbitrap,10.175865,10.175865,6,1,1,1,1,339.1955,339.1955,339.1955,1.2048483095978216e-05
Orbitrap,10.200807,10.200807,6,1,1,1,1,340.0269,340.0269,340.0269,1.2048483095978216e-05
Orbitrap,10.203352,10.203352,6,1,1,1,1,255.0838,255.0838,255.0838,1.2048483095978216e-05
Orbitrap,10.204064,10.204064,6,1,1,1,1,255.1016,255.1016,255.1016,1.2048483095978216e-05
Orbitrap,10.204512,10.204512,6,1,1,1,1,255.1128,255.1128,255.1128,1.2048483095978216e-05
Orbitrap,10.205655,10.205655,6,1,1,1,1,204.1131,204.1131,204.1131,1.2048483095978216e-05
Orbitrap,10.206225,10.206225,6,1,1,1,1,204.1245,204.1245,204.1245,1.2048483095978216e-05
Orbitrap,10.206364,10.206364,6,1,1,1,1,255.1591,255.1591,255.1591,1.2048483095978216e-05
Orbitrap,10.2069,10.2069,4,1,1,1,1,204.138,204.138,204.138,1.2048483095978216e-05
Orbitrap,10.206972,10.206972,6,1,1,1,1,255.1743,255.1743,255.1743,1.2048483095978216e-05
Orbitrap,10.232157,10.232157,6,1,1,1,1,341.0719,341.0719,341.0719,1.2048483095978216e-05
Orbitrap,10.240836,10.240836,6,1,1,1,1,256.0209,256.0209,256.0209,1.2048483095978216e-05
Orbitrap,10.242384,10.242384,6,1,1,1,1,256.0596,256.0596,256.0596,1.2048483095978216e-05
Orbitrap,10.246784,10.246784,6,1,1,1,1,256.1696,256.1696,256.1696,1.2048483095978216e-05
Orbitrap,10.253965,10.253965,6,1,1,1,1,205.0793,205.0793,205.0793,1.2048483095978216e-05
Orbitrap,10.25485,10.25485,5,1,1,1,1,205.097,205.097,205.097,1.2048483095978216e-05
Orbitrap,10.2554182007716,10.2554182007716,13,1,1,1,1,205.108364015432,205.108364015432,205.108364015432,1.2048483095978216e-05
Orbitrap,10.2595531489363,10.2595531489363,13,1,1,1,1,205.191062978726,205.191062978726,205.191062978726,1.2048483095978216e-05
Orbitrap,10.303335,10.303335,6,1,1,1,1,206.0667,206.0667,206.0667,1.2048483095978216e-05
Orbitrap,10.318536,10.318536,6,1,1,1,1,171.9756,171.9756,171.9756,1.2048483095978216e-05
Orbitrap,10.323486,10.323486,6,1,1,1,1,344.1162,344.1162,344.1162,1.2048483095978216e-05
Orbitrap,10.352907,10.352907,6,1,1,1,1,345.0969,345.0969,345.0969,1.2048483095978216e-05
Orbitrap,10.354005,10.354005,6,1,1,1,1,207.0801,207.0801,207.0801,1.2048483095978216e-05
Orbitrap,10.360308000000002,10.360308000000002,15,1,1,1,1,259.0077,259.0077,259.0077,1.2048483095978216e-05
Orbitrap,10.368224,10.368224,6,1,1,1,1,259.2056,259.2056,259.2056,1.2048483095978216e-05
Orbitrap,10.381602,10.381602,6,1,1,1,1,173.0267,173.0267,173.0267,1.2048483095978216e-05
Orbitrap,10.383708,10.383708,6,1,1,1,1,346.1236,346.1236,346.1236,1.2048483095978216e-05
Orbitrap,10.40483,10.40483,5,1,1,1,1,208.0966,208.0966,208.0966,1.2048483095978216e-05
Orbitrap,10.404840965,10.404840965,9,1,1,1,1,208.0968193,208.0968193,208.0968193,1.2048483095978216e-05
Orbitrap,10.405885,10.405885,6,1,1,1,1,208.1177,208.1177,208.1177,1.2048483095978216e-05
Orbitrap,10.410712000000002,10.410712000000002,15,1,1,1,1,130.1339,130.1339,130.1339,1.2048483095978216e-05
Orbitrap,10.441284,10.441284,6,1,1,1,1,261.0321,261.0321,261.0321,1.2048483095978216e-05
Orbitrap,10.443228,10.443228,6,1,1,1,1,174.0538,174.0538,174.0538,1.2048483095978216e-05
Orbitrap,10.45459,10.45459,5,1,1,1,1,209.0918,209.0918,209.0918,1.2048483095978216e-05
Orbitrap,10.45641,10.45641,5,1,1,1,1,209.1282,209.1282,209.1282,1.2048483095978216e-05
Orbitrap,10.483496,10.483496,6,1,1,1,1,262.0874,262.0874,262.0874,1.2048483095978216e-05
Orbitrap,10.484744,10.484744,6,1,1,1,1,262.1186,262.1186,262.1186,1.2048483095978216e-05
Orbitrap,10.5038,10.5038,4,1,1,1,1,210.076,210.076,210.076,1.2048483095978216e-05
Orbitrap,10.55412831,10.55412831,8,1,1,1,1,211.0825662,211.0825662,211.0825662,1.2048483095978216e-05
Orbitrap,10.55413,10.55413,5,1,1,1,1,211.0826,211.0826,211.0826,1.2048483095978216e-05
Orbitrap,10.55721,10.55721,5,1,1,1,1,211.1442,211.1442,211.1442,1.2048483095978216e-05
Orbitrap,10.563377999999998,10.563377999999998,15,1,1,1,1,352.1126,352.1126,352.1126,1.2048483095978216e-05
Orbitrap,10.56606,10.56606,5,1,1,1,1,352.202,352.202,352.202,1.2048483095978216e-05
Orbitrap,10.5661424,10.5661424,7,1,1,1,1,132.07678,132.07678,132.07678,1.2048483095978216e-05
Orbitrap,10.603315,10.603315,6,1,1,1,1,212.0663,212.0663,212.0663,1.2048483095978216e-05
Orbitrap,10.605145,10.605145,6,1,1,1,1,212.1029,212.1029,212.1029,1.2048483095978216e-05
Orbitrap,10.60607,10.60607,5,1,1,1,1,212.1214,212.1214,212.1214,1.2048483095978216e-05
Orbitrap,10.6064,10.6064,4,1,1,1,1,212.128,212.128,212.128,1.2048483095978216e-05
Orbitrap,10.643832,10.643832,6,1,1,1,1,266.0958,266.0958,266.0958,1.2048483095978216e-05
Orbitrap,10.651689,10.651689,6,1,1,1,1,355.0563,355.0563,355.0563,1.2048483095978216e-05
Orbitrap,10.653787475,10.653787475,9,1,1,1,1,213.0757495,213.0757495,213.0757495,1.2048483095978216e-05
Orbitrap,10.654161,10.654161,6,1,1,1,1,355.1387,355.1387,355.1387,1.2048483095978216e-05
Orbitrap,10.654355,10.654355,6,1,1,1,1,213.0871,213.0871,213.0871,1.2048483095978216e-05
Orbitrap,10.683452,10.683452,6,1,1,1,1,267.0863,267.0863,267.0863,1.2048483095978216e-05
Orbitrap,10.7008438,10.7008438,7,1,1,1,1,214.016876,214.016876,214.016876,1.2048483095978216e-05
Orbitrap,10.712907,10.712907,6,1,1,1,1,357.0969,357.0969,357.0969,1.2048483095978216e-05
Orbitrap,10.7235848,10.7235848,7,1,1,1,1,134.04480999999998,134.04480999999998,134.04480999999998,1.2048483095978216e-05
Orbitrap,10.7248,10.7248,4,1,1,1,1,134.06,134.06,134.06,1.2048483095978216e-05
Orbitrap,10.725704000000002,10.725704000000002,15,1,1,1,1,134.0713,134.0713,134.0713,1.2048483095978216e-05
Orbitrap,10.744293,10.744293,6,1,1,1,1,358.1431,358.1431,358.1431,1.2048483095978216e-05
Orbitrap,10.766592,10.766592,6,1,1,1,1,269.1648,269.1648,269.1648,1.2048483095978216e-05
Orbitrap,10.802105,10.802105,6,1,1,1,1,216.0421,216.0421,216.0421,1.2048483095978216e-05
Orbitrap,10.80502,10.80502,5,1,1,1,1,270.1255,270.1255,270.1255,1.2048483095978216e-05
Orbitrap,10.806846000000002,10.806846000000002,15,1,1,1,1,360.2282,360.2282,360.2282,1.2048483095978216e-05
Orbitrap,10.80808,10.80808,5,1,1,1,1,108.0808,108.0808,108.0808,1.2048483095978216e-05
Orbitrap,10.852465,10.852465,6,1,1,1,1,217.0493,217.0493,217.0493,1.2048483095978216e-05
Orbitrap,10.85899103,10.85899103,8,1,1,1,1,217.1798206,217.1798206,217.1798206,1.2048483095978216e-05
Orbitrap,10.863798,10.863798,6,1,1,1,1,362.1266,362.1266,362.1266,1.2048483095978216e-05
Orbitrap,10.883416,10.883416,6,1,1,1,1,136.0427,136.0427,136.0427,1.2048483095978216e-05
Orbitrap,10.886056,10.886056,6,1,1,1,1,136.0757,136.0757,136.0757,1.2048483095978216e-05
Orbitrap,10.890651,10.890651,6,1,1,1,1,363.0217,363.0217,363.0217,1.2048483095978216e-05
Orbitrap,10.900675,10.900675,6,1,1,1,1,218.0135,218.0135,218.0135,1.2048483095978216e-05
Orbitrap,10.90693,10.90693,5,1,1,1,1,218.1386,218.1386,218.1386,1.2048483095978216e-05
Orbitrap,10.906934205,10.906934205,9,1,1,1,1,218.1386841,218.1386841,218.1386841,1.2048483095978216e-05
Orbitrap,10.920558,10.920558,6,1,1,1,1,182.0093,182.0093,182.0093,1.2048483095978216e-05
Orbitrap,10.922838,10.922838,6,1,1,1,1,364.0946,364.0946,364.0946,1.2048483095978216e-05
Orbitrap,10.952358,10.952358,6,1,1,1,1,365.0786,365.0786,365.0786,1.2048483095978216e-05
Orbitrap,10.95325,10.95325,5,1,1,1,1,219.065,219.065,219.065,1.2048483095978216e-05
Orbitrap,10.955625,10.955625,6,1,1,1,1,219.1125,219.1125,219.1125,1.2048483095978216e-05
Orbitrap,10.95563,10.95563,5,1,1,1,1,219.1126,219.1126,219.1126,1.2048483095978216e-05
Orbitrap,10.956130000000002,10.956130000000002,15,1,1,1,1,219.1226,219.1226,219.1226,1.2048483095978216e-05
Orbitrap,10.95669,10.95669,5,1,1,1,1,219.1338,219.1338,219.1338,1.2048483095978216e-05
Orbitrap,10.963664799999998,10.963664799999998,15,1,1,1,1,137.04581,137.04581,137.04581,1.2048483095978216e-05
Orbitrap,10.984686,10.984686,6,1,1,1,1,183.0781,183.0781,183.0781,1.2048483095978216e-05
Orbitrap,10.988676,10.988676,6,1,1,1,1,122.0964,122.0964,122.0964,1.2048483095978216e-05
Orbitrap,11.002405,11.002405,6,1,1,1,1,220.0481,220.0481,220.0481,1.2048483095978216e-05
Orbitrap,11.003184509277348,11.003184509277348,15,1,1,1,1,220.063690185547,220.063690185547,220.063690185547,1.2048483095978216e-05
Orbitrap,11.003656,11.003656,6,1,1,1,1,275.0914,275.0914,275.0914,1.2048483095978216e-05
Orbitrap,11.004065,11.004065,6,1,1,1,1,220.0813,220.0813,220.0813,1.2048483095978216e-05
Orbitrap,11.00588,11.00588,5,1,1,1,1,220.1176,220.1176,220.1176,1.2048483095978216e-05
Orbitrap,11.015253,11.015253,6,1,1,1,1,367.1751,367.1751,367.1751,1.2048483095978216e-05
Orbitrap,11.04328,11.04328,5,1,1,1,1,276.082,276.082,276.082,1.2048483095978216e-05
Orbitrap,11.0473088,11.0473088,7,1,1,1,1,138.09136,138.09136,138.09136,1.2048483095978216e-05
Orbitrap,11.054595,11.054595,6,1,1,1,1,221.0919,221.0919,221.0919,1.2048483095978216e-05
Orbitrap,11.054603415,11.054603415,9,1,1,1,1,221.0920683,221.0920683,221.0920683,1.2048483095978216e-05
Orbitrap,11.10368,11.10368,5,1,1,1,1,222.0736,222.0736,222.0736,1.2048483095978216e-05
Orbitrap,11.103855,11.103855,6,1,1,1,1,370.1285,370.1285,370.1285,1.2048483095978216e-05
Orbitrap,11.10485,11.10485,5,1,1,1,1,222.097,222.097,222.097,1.2048483095978216e-05
Orbitrap,11.104855,11.104855,6,1,1,1,1,222.0971,222.0971,222.0971,1.2048483095978216e-05
Orbitrap,11.106438,11.106438,6,1,1,1,1,185.1073,185.1073,185.1073,1.2048483095978216e-05
Orbitrap,11.106744999999998,11.106744999999998,15,1,1,1,1,222.1349,222.1349,222.1349,1.2048483095978216e-05
Orbitrap,11.10675,11.10675,5,1,1,1,1,222.135,222.135,222.135,1.2048483095978216e-05
Orbitrap,11.124016,11.124016,6,1,1,1,1,139.0502,139.0502,139.0502,1.2048483095978216e-05
Orbitrap,11.12422,11.12422,5,1,1,1,1,278.1055,278.1055,278.1055,1.2048483095978216e-05
Orbitrap,11.127612,11.127612,6,1,1,1,1,278.1903,278.1903,278.1903,1.2048483095978216e-05
Orbitrap,11.132526,11.132526,6,1,1,1,1,371.0842,371.0842,371.0842,1.2048483095978216e-05
Orbitrap,11.1499671936035,11.1499671936035,13,1,1,1,1,222.99934387207,222.99934387207,222.99934387207,1.2048483095978216e-05
Orbitrap,11.153735,11.153735,6,1,1,1,1,223.0747,223.0747,223.0747,1.2048483095978216e-05
Orbitrap,11.164511999999998,11.164511999999998,15,1,1,1,1,279.1128,279.1128,279.1128,1.2048483095978216e-05
Orbitrap,11.164818,11.164818,6,1,1,1,1,372.1606,372.1606,372.1606,1.2048483095978216e-05
Orbitrap,11.202739199999998,11.202739199999998,15,1,1,1,1,140.03423999999998,140.03423999999998,140.03423999999998,1.2048483095978216e-05
Orbitrap,11.204586695,11.204586695,9,1,1,1,1,224.0917339,224.0917339,224.0917339,1.2048483095978216e-05
Orbitrap,11.206172,11.206172,6,1,1,1,1,280.1543,280.1543,280.1543,1.2048483095978216e-05
Orbitrap,11.222802,11.222802,6,1,1,1,1,374.0934,374.0934,374.0934,1.2048483095978216e-05
Orbitrap,11.246988,11.246988,6,1,1,1,1,281.1747,281.1747,281.1747,1.2048483095978216e-05
Orbitrap,11.252346,11.252346,6,1,1,1,1,375.0782,375.0782,375.0782,1.2048483095978216e-05
Orbitrap,11.25378,11.25378,5,1,1,1,1,225.0756,225.0756,225.0756,1.2048483095978216e-05
Orbitrap,11.25433,11.25433,5,1,1,1,1,225.0866,225.0866,225.0866,1.2048483095978216e-05
Orbitrap,11.254345,11.254345,6,1,1,1,1,225.0869,225.0869,225.0869,1.2048483095978216e-05
Orbitrap,11.254550000000002,11.254550000000002,15,1,1,1,1,225.091,225.091,225.091,1.2048483095978216e-05
Orbitrap,11.25742,11.25742,5,1,1,1,1,225.1484,225.1484,225.1484,1.2048483095978216e-05
Orbitrap,11.280856000000002,11.280856000000002,15,1,1,1,1,282.0214,282.0214,282.0214,1.2048483095978216e-05
Orbitrap,11.284212,11.284212,6,1,1,1,1,188.0702,188.0702,188.0702,1.2048483095978216e-05
Orbitrap,11.2847884,11.2847884,7,1,1,1,1,282.11971,282.11971,282.11971,1.2048483095978216e-05
Orbitrap,11.287812,11.287812,6,1,1,1,1,94.0651,94.0651,94.0651,1.2048483095978216e-05
Orbitrap,11.291164,11.291164,6,1,1,1,1,282.2791,282.2791,282.2791,1.2048483095978216e-05
Orbitrap,11.303104,11.303104,6,1,1,1,1,565.1552,565.1552,565.1552,1.2048483095978216e-05
Orbitrap,11.306674999999998,11.306674999999998,15,1,1,1,1,226.1335,226.1335,226.1335,1.2048483095978216e-05
Orbitrap,11.345829,11.345829,6,1,1,1,1,378.1943,378.1943,378.1943,1.2048483095978216e-05
Orbitrap,11.353305,11.353305,6,1,1,1,1,227.0661,227.0661,227.0661,1.2048483095978216e-05
Orbitrap,11.35569,11.35569,5,1,1,1,1,227.1138,227.1138,227.1138,1.2048483095978216e-05
Orbitrap,11.402598,11.402598,6,1,1,1,1,190.0433,190.0433,190.0433,1.2048483095978216e-05
Orbitrap,11.40488,11.40488,5,1,1,1,1,228.0976,228.0976,228.0976,1.2048483095978216e-05
Orbitrap,11.40568,11.40568,5,1,1,1,1,285.142,285.142,285.142,1.2048483095978216e-05
Orbitrap,11.436618,11.436618,6,1,1,1,1,381.2206,381.2206,381.2206,1.2048483095978216e-05
Orbitrap,11.454094875,11.454094875,9,1,1,1,1,229.0818975,229.0818975,229.0818975,1.2048483095978216e-05
Orbitrap,11.454105,11.454105,6,1,1,1,1,229.0821,229.0821,229.0821,1.2048483095978216e-05
Orbitrap,11.45429,11.45429,5,1,1,1,1,229.0858,229.0858,229.0858,1.2048483095978216e-05
Orbitrap,11.45484,11.45484,5,1,1,1,1,229.0968,229.0968,229.0968,1.2048483095978216e-05
Orbitrap,11.455915,11.455915,6,1,1,1,1,229.1183,229.1183,229.1183,1.2048483095978216e-05
Orbitrap,11.456665,11.456665,6,1,1,1,1,229.1333,229.1333,229.1333,1.2048483095978216e-05
Orbitrap,11.462706,11.462706,6,1,1,1,1,191.0451,191.0451,191.0451,1.2048483095978216e-05
Orbitrap,11.465094,11.465094,6,1,1,1,1,191.0849,191.0849,191.0849,1.2048483095978216e-05
Orbitrap,11.488024,11.488024,6,1,1,1,1,287.2006,287.2006,287.2006,1.2048483095978216e-05
Orbitrap,11.494905,11.494905,6,1,1,1,1,383.1635,383.1635,383.1635,1.2048483095978216e-05
Orbitrap,11.502745,11.502745,6,1,1,1,1,230.0549,230.0549,230.0549,1.2048483095978216e-05
Orbitrap,11.50295,11.50295,5,1,1,1,1,230.059,230.059,230.059,1.2048483095978216e-05
Orbitrap,11.504779999999998,11.504779999999998,15,1,1,1,1,230.0956,230.0956,230.0956,1.2048483095978216e-05
Orbitrap,11.50866,11.50866,5,1,1,1,1,115.0866,115.0866,115.0866,1.2048483095978216e-05
Orbitrap,11.512394999999998,11.512394999999998,15,1,1,1,1,230.2479,230.2479,230.2479,1.2048483095978216e-05
Orbitrap,11.521485,11.521485,6,1,1,1,1,128.0165,128.0165,128.0165,1.2048483095978216e-05
Orbitrap,11.524419,11.524419,6,1,1,1,1,384.1473,384.1473,384.1473,1.2048483095978216e-05
Orbitrap,11.524608,11.524608,6,1,1,1,1,192.0768,192.0768,192.0768,1.2048483095978216e-05
Orbitrap,11.526464,11.526464,6,1,1,1,1,144.0808,144.0808,144.0808,1.2048483095978216e-05
Orbitrap,11.530132000000002,11.530132000000002,15,1,1,1,1,288.2533,288.2533,288.2533,1.2048483095978216e-05
Orbitrap,11.549847,11.549847,6,1,1,1,1,384.9949,384.9949,384.9949,1.2048483095978216e-05
Orbitrap,11.54993,11.54993,5,1,1,1,1,230.9986,230.9986,230.9986,1.2048483095978216e-05
Orbitrap,11.551321495,11.551321495,9,1,1,1,1,231.0264299,231.0264299,231.0264299,1.2048483095978216e-05
Orbitrap,11.55327,11.55327,5,1,1,1,1,231.0654,231.0654,231.0654,1.2048483095978216e-05
Orbitrap,11.562828,11.562828,6,1,1,1,1,289.0707,289.0707,289.0707,1.2048483095978216e-05
Orbitrap,11.56486,11.56486,5,1,1,1,1,289.1215,289.1215,289.1215,1.2048483095978216e-05
Orbitrap,11.587991999999998,11.587991999999998,15,1,1,1,1,193.1332,193.1332,193.1332,1.2048483095978216e-05
Orbitrap,11.60137,11.60137,5,1,1,1,1,232.0274,232.0274,232.0274,1.2048483095978216e-05
Orbitrap,11.60595950979465,11.60595950979465,14,1,1,1,1,232.119190195893,232.119190195893,232.119190195893,1.2048483095978216e-05
Orbitrap,11.60652,11.60652,5,1,1,1,1,232.1304,232.1304,232.1304,1.2048483095978216e-05
Orbitrap,11.60653,11.60653,5,1,1,1,1,232.1306,232.1306,232.1306,1.2048483095978216e-05
Orbitrap,11.607765,11.607765,6,1,1,1,1,232.1553,232.1553,232.1553,1.2048483095978216e-05
Orbitrap,11.641996,11.641996,6,1,1,1,1,291.0499,291.0499,291.0499,1.2048483095978216e-05
Orbitrap,11.64358,11.64358,5,1,1,1,1,291.0895,291.0895,291.0895,1.2048483095978216e-05
Orbitrap,11.65460056593025,11.65460056593025,14,1,1,1,1,233.092011318605,233.092011318605,233.092011318605,1.2048483095978216e-05
Orbitrap,11.656405,11.656405,6,1,1,1,1,233.1281,233.1281,233.1281,1.2048483095978216e-05
Orbitrap,11.687394399999995,11.687394399999995,15,1,1,1,1,146.09242999999998,146.09242999999998,146.09242999999998,1.2048483095978216e-05
Orbitrap,11.688240000000002,11.688240000000002,15,1,1,1,1,292.206,292.206,292.206,1.2048483095978216e-05
Orbitrap,11.693216,11.693216,6,1,1,1,1,146.1652,146.1652,146.1652,1.2048483095978216e-05
Orbitrap,11.705775,11.705775,6,1,1,1,1,390.1925,390.1925,390.1925,1.2048483095978216e-05
Orbitrap,11.706798,11.706798,6,1,1,1,1,195.1133,195.1133,195.1133,1.2048483095978216e-05
Orbitrap,11.72408,11.72408,5,1,1,1,1,293.102,293.102,293.102,1.2048483095978216e-05
Orbitrap,11.725984,11.725984,6,1,1,1,1,293.1496,293.1496,293.1496,1.2048483095978216e-05
Orbitrap,11.732964,11.732964,6,1,1,1,1,391.0988,391.0988,391.0988,1.2048483095978216e-05
Orbitrap,11.755925,11.755925,6,1,1,1,1,235.1185,235.1185,235.1185,1.2048483095978216e-05
Orbitrap,11.759005,11.759005,6,1,1,1,1,235.1801,235.1801,235.1801,1.2048483095978216e-05
Orbitrap,11.7652168,11.7652168,7,1,1,1,1,147.06521,147.06521,147.06521,1.2048483095978216e-05
Orbitrap,11.7661152,11.7661152,7,1,1,1,1,147.07644,147.07644,147.07644,1.2048483095978216e-05
Orbitrap,11.7690264,11.7690264,7,1,1,1,1,147.11283,147.11283,147.11283,1.2048483095978216e-05
Orbitrap,11.804308,11.804308,6,1,1,1,1,295.1077,295.1077,295.1077,1.2048483095978216e-05
Orbitrap,11.80863,11.80863,5,1,1,1,1,118.0863,118.0863,118.0863,1.2048483095978216e-05
Orbitrap,11.808786915,11.808786915,9,1,1,1,1,236.1757383,236.1757383,236.1757383,1.2048483095978216e-05
Orbitrap,11.820294,11.820294,6,1,1,1,1,394.0098,394.0098,394.0098,1.2048483095978216e-05
Orbitrap,11.84412,11.84412,5,1,1,1,1,296.103,296.103,296.103,1.2048483095978216e-05
Orbitrap,11.845648,11.845648,6,1,1,1,1,296.1412,296.1412,296.1412,1.2048483095978216e-05
Orbitrap,11.846056799999998,11.846056799999998,15,1,1,1,1,148.07571,148.07571,148.07571,1.2048483095978216e-05
Orbitrap,11.853435,11.853435,6,1,1,1,1,237.0687,237.0687,237.0687,1.2048483095978216e-05
Orbitrap,11.8551,11.8551,4,1,1,1,1,237.102,237.102,237.102,1.2048483095978216e-05
Orbitrap,11.856986999999998,11.856986999999998,15,1,1,1,1,395.2329,395.2329,395.2329,1.2048483095978216e-05
Orbitrap,11.882224000000004,11.882224000000004,15,1,1,1,1,297.0556,297.0556,297.0556,1.2048483095978216e-05
Orbitrap,11.884062,11.884062,6,1,1,1,1,198.0677,198.0677,198.0677,1.2048483095978216e-05
Orbitrap,11.885332,11.885332,6,1,1,1,1,297.1333,297.1333,297.1333,1.2048483095978216e-05
Orbitrap,11.886156,11.886156,6,1,1,1,1,198.1026,198.1026,198.1026,1.2048483095978216e-05
Orbitrap,11.88675,11.88675,5,1,1,1,1,198.1125,198.1125,198.1125,1.2048483095978216e-05
Orbitrap,11.902254999999998,11.902254999999998,15,1,0,1,0,238.0451,238.0451,238.0451,1.2048483095978216e-05
Orbitrap,11.90486876531785,11.90486876531785,14,1,1,1,1,238.097375306357,238.097375306357,238.097375306357,1.2048483095978216e-05
Orbitrap,11.909697,11.909697,6,1,1,1,1,396.9899,396.9899,396.9899,1.2048483095978216e-05
Orbitrap,11.9264688,11.9264688,7,1,1,1,1,149.08086,149.08086,149.08086,1.2048483095978216e-05
Orbitrap,11.930964,11.930964,6,1,1,1,1,298.2741,298.2741,298.2741,1.2048483095978216e-05
Orbitrap,11.942634,11.942634,6,1,1,1,1,398.0878,398.0878,398.0878,1.2048483095978216e-05
Orbitrap,11.95511,11.95511,5,1,1,1,1,239.1022,239.1022,239.1022,1.2048483095978216e-05
Orbitrap,11.95512,11.95512,5,1,1,1,1,239.1024,239.1024,239.1024,1.2048483095978216e-05
Orbitrap,11.965956000000002,11.965956000000002,15,1,1,1,1,299.1489,299.1489,299.1489,1.2048483095978216e-05
Orbitrap,11.970099,11.970099,6,1,1,1,1,399.0033,399.0033,399.0033,1.2048483095978216e-05
Orbitrap,12.001613501361598,12.001613501361598,15,1,1,1,1,240.032270027232,240.032270027232,240.032270027232,1.2048483095978216e-05
Orbitrap,12.002976,12.002976,6,1,1,1,1,150.0372,150.0372,150.0372,1.2048483095978216e-05
Orbitrap,12.00393,12.00393,5,1,1,1,1,400.131,400.131,400.131,1.2048483095978216e-05
Orbitrap,12.00444,12.00444,5,1,1,1,1,200.074,200.074,200.074,1.2048483095978216e-05
Orbitrap,12.004668,12.004668,6,1,1,1,1,150.05835,150.05835,150.05835,1.2048483095978216e-05
Orbitrap,12.005455,12.005455,6,1,1,1,1,240.1091,240.1091,240.1091,1.2048483095978216e-05
Orbitrap,12.005735,12.005735,6,1,1,1,1,240.1147,240.1147,240.1147,1.2048483095978216e-05
Orbitrap,12.005748395,12.005748395,9,1,1,1,1,240.1149679,240.1149679,240.1149679,1.2048483095978216e-05
Orbitrap,12.00795,12.00795,5,1,1,1,1,240.159,240.159,240.159,1.2048483095978216e-05
Orbitrap,12.008715,12.008715,6,1,1,1,1,240.1743,240.1743,240.1743,1.2048483095978216e-05
Orbitrap,12.014238,12.014238,6,1,1,1,1,200.2373,200.2373,200.2373,1.2048483095978216e-05
Orbitrap,12.042952,12.042952,6,1,1,1,1,301.0738,301.0738,301.0738,1.2048483095978216e-05
Orbitrap,12.05154,12.05154,5,1,1,1,1,241.0308,241.0308,241.0308,1.2048483095978216e-05
Orbitrap,12.051556245,12.051556245,9,1,1,1,1,241.0311249,241.0311249,241.0311249,1.2048483095978216e-05
Orbitrap,12.056465,12.056465,6,1,1,1,1,241.1293,241.1293,241.1293,1.2048483095978216e-05
Orbitrap,12.056673231162453,12.056673231162453,15,1,1,1,1,241.133464623249,241.133464623249,241.133464623249,1.2048483095978216e-05
Orbitrap,12.061845000000002,12.061845000000002,15,1,1,1,1,402.0615,402.0615,402.0615,1.2048483095978216e-05
Orbitrap,12.067917,12.067917,6,1,1,1,1,402.2639,402.2639,402.2639,1.2048483095978216e-05
Orbitrap,12.096345,12.096345,6,1,1,1,1,403.2115,403.2115,403.2115,1.2048483095978216e-05
Orbitrap,12.104,12.104,3,1,1,1,1,242.08,242.08,242.08,1.2048483095978216e-05
Orbitrap,12.125106,12.125106,6,1,1,1,1,202.0851,202.0851,202.0851,1.2048483095978216e-05
Orbitrap,12.125178,12.125178,6,1,1,1,1,202.0863,202.0863,202.0863,1.2048483095978216e-05
Orbitrap,12.130812000000002,12.130812000000002,15,1,1,1,1,202.1802,202.1802,202.1802,1.2048483095978216e-05
Orbitrap,12.15486,12.15486,5,1,1,1,1,243.0972,243.0972,243.0972,1.2048483095978216e-05
Orbitrap,12.15487738,12.15487738,8,1,1,1,1,243.0975476,243.0975476,243.0975476,1.2048483095978216e-05
Orbitrap,12.15507,12.15507,5,1,1,1,1,243.1014,243.1014,243.1014,1.2048483095978216e-05
Orbitrap,12.157908,12.157908,6,1,1,1,1,405.2636,405.2636,405.2636,1.2048483095978216e-05
Orbitrap,12.164536800000002,12.164536800000002,15,1,1,1,1,152.05671,152.05671,152.05671,1.2048483095978216e-05
Orbitrap,12.204619999999998,12.204619999999998,15,1,1,1,1,244.0924,244.0924,244.0924,1.2048483095978216e-05
Orbitrap,12.204630000000002,12.204630000000002,15,1,1,1,1,244.0926,244.0926,244.0926,1.2048483095978216e-05
Orbitrap,12.209304,12.209304,6,1,1,1,1,406.9768,406.9768,406.9768,1.2048483095978216e-05
Orbitrap,12.20964,12.20964,5,1,1,1,1,122.0964,122.0964,122.0964,1.2048483095978216e-05
Orbitrap,12.243258399999998,12.243258399999998,15,1,1,1,1,153.04073,153.04073,153.04073,1.2048483095978216e-05
Orbitrap,12.244371199999998,12.244371199999998,15,1,1,1,1,153.05463999999998,153.05463999999998,153.05463999999998,1.2048483095978216e-05
Orbitrap,12.245084,12.245084,6,1,1,1,1,306.1271,306.1271,306.1271,1.2048483095978216e-05
Orbitrap,12.248176,12.248176,6,1,1,1,1,153.1022,153.1022,153.1022,1.2048483095978216e-05
Orbitrap,12.252945,12.252945,6,1,1,1,1,245.0589,245.0589,245.0589,1.2048483095978216e-05
Orbitrap,12.253835,12.253835,6,1,1,1,1,245.0767,245.0767,245.0767,1.2048483095978216e-05
Orbitrap,12.254755,12.254755,6,1,1,1,1,245.0951,245.0951,245.0951,1.2048483095978216e-05
Orbitrap,12.255855512823452,12.255855512823452,15,1,1,1,1,245.117110256469,245.117110256469,245.117110256469,1.2048483095978216e-05
Orbitrap,12.256405,12.256405,6,1,1,1,1,245.1281,245.1281,245.1281,1.2048483095978216e-05
Orbitrap,12.284452000000002,12.284452000000002,15,1,1,1,1,307.1113,307.1113,307.1113,1.2048483095978216e-05
Orbitrap,12.28616,12.28616,5,1,1,1,1,307.154,307.154,307.154,1.2048483095978216e-05
Orbitrap,12.307314,12.307314,6,1,1,1,1,410.2438,410.2438,410.2438,1.2048483095978216e-05
Orbitrap,12.308545,12.308545,6,1,1,1,1,246.1709,246.1709,246.1709,1.2048483095978216e-05
Orbitrap,12.321336,12.321336,6,1,1,1,1,154.0167,154.0167,154.0167,1.2048483095978216e-05
Orbitrap,12.3213504,12.3213504,7,1,1,1,1,154.01688,154.01688,154.01688,1.2048483095978216e-05
Orbitrap,12.323991199999998,12.323991199999998,15,1,1,1,1,154.04988999999998,154.04988999999998,154.04988999999998,1.2048483095978216e-05
Orbitrap,12.332907,12.332907,6,1,1,1,1,411.0969,411.0969,411.0969,1.2048483095978216e-05
Orbitrap,12.35537,12.35537,5,1,1,1,1,247.1074,247.1074,247.1074,1.2048483095978216e-05
Orbitrap,12.356605,12.356605,6,1,1,1,1,247.1321,247.1321,247.1321,1.2048483095978216e-05
Orbitrap,12.35663,12.35663,5,1,1,1,1,247.1326,247.1326,247.1326,1.2048483095978216e-05
Orbitrap,12.357,12.357,3,1,1,1,1,247.14,247.14,247.14,1.2048483095978216e-05
Orbitrap,12.359005000000002,12.359005000000002,15,1,1,1,1,247.1801,247.1801,247.1801,1.2048483095978216e-05
Orbitrap,12.35901,12.35901,5,1,1,1,1,247.1802,247.1802,247.1802,1.2048483095978216e-05
Orbitrap,12.36242,12.36242,5,1,1,1,1,309.0605,309.0605,309.0605,1.2048483095978216e-05
Orbitrap,12.364484,12.364484,6,1,1,1,1,309.1121,309.1121,309.1121,1.2048483095978216e-05
Orbitrap,12.401115,12.401115,6,1,1,1,1,248.0223,248.0223,248.0223,1.2048483095978216e-05
Orbitrap,12.401595,12.401595,6,1,1,1,1,248.0319,248.0319,248.0319,1.2048483095978216e-05
Orbitrap,12.40348,12.40348,5,1,1,1,1,248.0696,248.0696,248.0696,1.2048483095978216e-05
Orbitrap,12.405624,12.405624,6,1,1,1,1,155.0703,155.0703,155.0703,1.2048483095978216e-05
Orbitrap,12.424788,12.424788,6,1,1,1,1,207.0798,207.0798,207.0798,1.2048483095978216e-05
Orbitrap,12.443236,12.443236,6,1,1,1,1,311.0809,311.0809,311.0809,1.2048483095978216e-05
Orbitrap,12.444104,12.444104,6,1,1,1,1,311.1026,311.1026,311.1026,1.2048483095978216e-05
Orbitrap,12.446172,12.446172,6,1,1,1,1,311.1543,311.1543,311.1543,1.2048483095978216e-05
Orbitrap,12.44701835,12.44701835,8,1,1,1,1,248.940367,248.940367,248.940367,1.2048483095978216e-05
Orbitrap,12.4554,12.4554,4,1,1,1,1,249.108,249.108,249.108,1.2048483095978216e-05
Orbitrap,12.457019999999998,12.457019999999998,15,1,1,1,1,415.234,415.234,415.234,1.2048483095978216e-05
Orbitrap,12.483828,12.483828,6,1,1,1,1,208.0638,208.0638,208.0638,1.2048483095978216e-05
Orbitrap,12.484457999999998,12.484457999999998,15,1,1,1,1,416.1486,416.1486,416.1486,1.2048483095978216e-05
Orbitrap,12.484746,12.484746,6,1,1,1,1,208.0791,208.0791,208.0791,1.2048483095978216e-05
Orbitrap,12.4861424,12.4861424,7,1,1,1,1,156.07678,156.07678,156.07678,1.2048483095978216e-05
Orbitrap,12.528648,12.528648,6,1,1,1,1,313.2162,313.2162,313.2162,1.2048483095978216e-05
Orbitrap,12.54771,12.54771,5,1,1,1,1,209.1285,209.1285,209.1285,1.2048483095978216e-05
Orbitrap,12.547764,12.547764,6,1,1,1,1,418.2588,418.2588,418.2588,1.2048483095978216e-05
Orbitrap,12.55349,12.55349,5,1,1,1,1,251.0698,251.0698,251.0698,1.2048483095978216e-05
Orbitrap,12.605379999999998,12.605379999999998,15,1,1,1,1,252.1076,252.1076,252.1076,1.2048483095978216e-05
Orbitrap,12.60544,12.60544,5,1,1,1,1,252.1088,252.1088,252.1088,1.2048483095978216e-05
Orbitrap,12.609276,12.609276,6,1,1,1,1,315.2319,315.2319,315.2319,1.2048483095978216e-05
Orbitrap,12.641388,12.641388,6,1,1,1,1,316.0347,316.0347,316.0347,1.2048483095978216e-05
Orbitrap,12.646495199999997,12.646495199999997,15,1,1,1,1,158.08118999999996,158.08118999999996,158.08118999999996,1.2048483095978216e-05
Orbitrap,12.65483,12.65483,5,1,1,1,1,253.0966,253.0966,253.0966,1.2048483095978216e-05
Orbitrap,12.65484430435805,12.65484430435805,14,1,1,1,1,253.096886087161,253.096886087161,253.096886087161,1.2048483095978216e-05
Orbitrap,12.66447,12.66447,5,1,1,1,1,211.0745,211.0745,211.0745,1.2048483095978216e-05
Orbitrap,12.686568,12.686568,6,1,1,1,1,317.1642,317.1642,317.1642,1.2048483095978216e-05
Orbitrap,12.700214999999998,12.700214999999998,15,1,1,1,1,141.1135,141.1135,141.1135,1.2048483095978216e-05
Orbitrap,12.7044185572754,12.7044185572754,13,1,1,1,1,254.088371145508,254.088371145508,254.088371145508,1.2048483095978216e-05
Orbitrap,12.706220000000002,12.706220000000002,15,1,1,1,1,254.1244,254.1244,254.1244,1.2048483095978216e-05
Orbitrap,12.723546,12.723546,6,1,1,1,1,212.0591,212.0591,212.0591,1.2048483095978216e-05
Orbitrap,12.724026,12.724026,6,1,1,1,1,212.0671,212.0671,212.0671,1.2048483095978216e-05
Orbitrap,12.724992,12.724992,6,1,1,1,1,212.0832,212.0832,212.0832,1.2048483095978216e-05
Orbitrap,12.729012,12.729012,6,1,1,1,1,212.1502,212.1502,212.1502,1.2048483095978216e-05
Orbitrap,12.7527312417409,12.7527312417409,13,1,1,1,1,255.054624834818,255.054624834818,255.054624834818,1.2048483095978216e-05
Orbitrap,12.753234999999998,12.753234999999998,15,1,1,1,1,255.0647,255.0647,255.0647,1.2048483095978216e-05
Orbitrap,12.761792000000002,12.761792000000002,15,1,1,1,1,319.0448,319.0448,319.0448,1.2048483095978216e-05
Orbitrap,12.764704,12.764704,6,1,1,1,1,319.1176,319.1176,319.1176,1.2048483095978216e-05
Orbitrap,12.766512,12.766512,6,1,1,1,1,319.1628,319.1628,319.1628,1.2048483095978216e-05
Orbitrap,12.80018,12.80018,5,1,1,1,1,256.0036,256.0036,256.0036,1.2048483095978216e-05
Orbitrap,12.80074,12.80074,5,1,1,1,1,256.0148,256.0148,256.0148,1.2048483095978216e-05
Orbitrap,12.800745,12.800745,6,1,1,1,1,256.0149,256.0149,256.0149,1.2048483095978216e-05
Orbitrap,12.80562,12.80562,5,1,1,1,1,320.1405,320.1405,320.1405,1.2048483095978216e-05
Orbitrap,12.8060568,12.8060568,7,1,1,1,1,160.07571,160.07571,160.07571,1.2048483095978216e-05
Orbitrap,12.806096,12.806096,6,1,1,1,1,320.1524,320.1524,320.1524,1.2048483095978216e-05
Orbitrap,12.809015,12.809015,6,1,1,1,1,256.1803,256.1803,256.1803,1.2048483095978216e-05
Orbitrap,12.814425,12.814425,6,1,1,1,1,427.1475,427.1475,427.1475,1.2048483095978216e-05
Orbitrap,12.840768,12.840768,6,1,1,1,1,321.0192,321.0192,321.0192,1.2048483095978216e-05
Orbitrap,12.841781999999998,12.841781999999998,15,1,1,1,1,214.0297,214.0297,214.0297,1.2048483095978216e-05
Orbitrap,12.843642,12.843642,6,1,1,1,1,214.0607,214.0607,214.0607,1.2048483095978216e-05
Orbitrap,12.845376,12.845376,6,1,1,1,1,214.0896,214.0896,214.0896,1.2048483095978216e-05
Orbitrap,12.846696,12.846696,6,1,1,1,1,214.1116,214.1116,214.1116,1.2048483095978216e-05
Orbitrap,12.85402,12.85402,5,1,1,1,1,257.0804,257.0804,257.0804,1.2048483095978216e-05
Orbitrap,12.854474379111153,12.854474379111153,15,1,1,1,1,257.089487582223,257.089487582223,257.089487582223,1.2048483095978216e-05
Orbitrap,12.855645,12.855645,6,1,1,1,1,257.1129,257.1129,257.1129,1.2048483095978216e-05
Orbitrap,12.85585,12.85585,5,1,1,1,1,257.117,257.117,257.117,1.2048483095978216e-05
Orbitrap,12.882652,12.882652,6,1,1,1,1,322.0663,322.0663,322.0663,1.2048483095978216e-05
Orbitrap,12.8864688,12.8864688,7,1,1,1,1,161.08086,161.08086,161.08086,1.2048483095978216e-05
Orbitrap,12.887368,12.887368,6,1,1,1,1,161.0921,161.0921,161.0921,1.2048483095978216e-05
Orbitrap,12.9054,12.9054,4,1,1,1,1,258.108,258.108,258.108,1.2048483095978216e-05
Orbitrap,12.90924,12.90924,5,1,1,1,1,258.1848,258.1848,258.1848,1.2048483095978216e-05
Orbitrap,12.951990000000002,12.951990000000002,15,1,1,1,1,259.0398,259.0398,259.0398,1.2048483095978216e-05
Orbitrap,12.9546,12.9546,4,1,1,1,1,259.092,259.092,259.092,1.2048483095978216e-05
Orbitrap,12.954615000000002,12.954615000000002,15,1,1,1,1,259.0923,259.0923,259.0923,1.2048483095978216e-05
Orbitrap,12.9563087297136,12.9563087297136,13,1,1,1,1,259.126174594272,259.126174594272,259.126174594272,1.2048483095978216e-05
Orbitrap,12.9673088,12.9673088,7,1,1,1,1,162.09136,162.09136,162.09136,1.2048483095978216e-05
Orbitrap,12.9689992,12.9689992,7,1,1,1,1,162.11248999999998,162.11248999999998,162.11248999999998,1.2048483095978216e-05
Orbitrap,12.969564,12.969564,6,1,1,1,1,216.1594,216.1594,216.1594,1.2048483095978216e-05
Orbitrap,12.969696,12.969696,6,1,1,1,1,108.0808,108.0808,108.0808,1.2048483095978216e-05
Orbitrap,13.00264895,13.00264895,8,1,1,1,1,260.052979,260.052979,260.052979,1.2048483095978216e-05
Orbitrap,13.00266,13.00266,5,1,1,1,1,260.0532,260.0532,260.0532,1.2048483095978216e-05
Orbitrap,13.00349,13.00349,5,1,1,1,1,260.0698,260.0698,260.0698,1.2048483095978216e-05
Orbitrap,13.006584,13.006584,6,1,1,1,1,325.1646,325.1646,325.1646,1.2048483095978216e-05
Orbitrap,13.006844,13.006844,6,1,1,1,1,325.1711,325.1711,325.1711,1.2048483095978216e-05
Orbitrap,13.008225245,13.008225245,9,1,1,1,1,260.1645049,260.1645049,260.1645049,1.2048483095978216e-05
Orbitrap,13.0087897350542,13.0087897350542,13,1,1,1,1,260.175794701084,260.175794701084,260.175794701084,1.2048483095978216e-05
Orbitrap,13.01003,13.01003,5,1,1,1,1,260.2006,260.2006,260.2006,1.2048483095978216e-05
Orbitrap,13.01339,13.01339,5,1,1,1,1,130.1339,130.1339,130.1339,1.2048483095978216e-05
Orbitrap,13.020498,13.020498,6,1,1,1,1,217.0083,217.0083,217.0083,1.2048483095978216e-05
Orbitrap,13.024662,13.024662,6,1,1,1,1,217.0777,217.0777,217.0777,1.2048483095978216e-05
Orbitrap,13.024764,13.024764,6,1,1,1,1,217.0794,217.0794,217.0794,1.2048483095978216e-05
Orbitrap,13.0443852,13.0443852,7,1,1,1,1,326.10963,326.10963,326.10963,1.2048483095978216e-05
Orbitrap,13.0448096,13.0448096,7,1,1,1,1,163.06011999999998,163.06011999999998,163.06011999999998,1.2048483095978216e-05
Orbitrap,13.047004,13.047004,6,1,1,1,1,326.1751,326.1751,326.1751,1.2048483095978216e-05
Orbitrap,13.048619199999996,13.048619199999996,15,1,1,1,1,163.10773999999998,163.10773999999998,163.10773999999998,1.2048483095978216e-05
Orbitrap,13.051452,13.051452,6,1,1,1,1,435.0484,435.0484,435.0484,1.2048483095978216e-05
Orbitrap,13.05184973,13.05184973,8,1,1,1,1,261.0369946,261.0369946,261.0369946,1.2048483095978216e-05
Orbitrap,13.051849999999998,13.051849999999998,15,1,1,1,1,261.037,261.037,261.037,1.2048483095978216e-05
Orbitrap,13.051855,13.051855,6,1,1,1,1,261.0371,261.0371,261.0371,1.2048483095978216e-05
Orbitrap,13.05269,13.05269,5,1,1,1,1,261.0538,261.0538,261.0538,1.2048483095978216e-05
Orbitrap,13.05490801713845,13.05490801713845,14,1,1,1,1,261.098160342769,261.098160342769,261.098160342769,1.2048483095978216e-05
Orbitrap,13.055672860023549,13.055672860023549,15,1,1,1,1,261.113457200471,261.113457200471,261.113457200471,1.2048483095978216e-05
Orbitrap,13.05722,13.05722,5,1,1,1,1,261.1444,261.1444,261.1444,1.2048483095978216e-05
Orbitrap,13.080324,13.080324,6,1,1,1,1,327.0081,327.0081,327.0081,1.2048483095978216e-05
Orbitrap,13.081872,13.081872,6,1,1,1,1,327.0468,327.0468,327.0468,1.2048483095978216e-05
Orbitrap,13.085937,13.085937,6,1,1,1,1,436.1979,436.1979,436.1979,1.2048483095978216e-05
Orbitrap,13.086812,13.086812,6,1,1,1,1,327.1703,327.1703,327.1703,1.2048483095978216e-05
Orbitrap,13.087446,13.087446,6,1,1,1,1,436.2482,436.2482,436.2482,1.2048483095978216e-05
Orbitrap,13.102375,13.102375,6,1,1,1,1,262.0475,262.0475,262.0475,1.2048483095978216e-05
Orbitrap,13.1245368,13.1245368,7,1,1,1,1,164.05671,164.05671,164.05671,1.2048483095978216e-05
Orbitrap,13.142052,13.142052,6,1,1,1,1,146.0228,146.0228,146.0228,1.2048483095978216e-05
Orbitrap,13.146972,13.146972,6,1,1,1,1,219.1162,219.1162,219.1162,1.2048483095978216e-05
Orbitrap,13.152625,13.152625,6,1,1,1,1,263.0525,263.0525,263.0525,1.2048483095978216e-05
Orbitrap,13.15406,13.15406,5,1,1,1,1,263.0812,263.0812,263.0812,1.2048483095978216e-05
Orbitrap,13.154365000000002,13.154365000000002,15,1,1,1,1,263.0873,263.0873,263.0873,1.2048483095978216e-05
Orbitrap,13.156934999999995,13.156934999999995,15,1,1,1,1,263.1387,263.1387,263.1387,1.2048483095978216e-05
Orbitrap,13.169114,13.169114,6,1,1,1,1,94.0651,94.0651,94.0651,1.2048483095978216e-05
Orbitrap,13.171266,13.171266,6,1,1,1,1,439.0422,439.0422,439.0422,1.2048483095978216e-05
Orbitrap,13.203025,13.203025,6,1,1,1,1,264.0605,264.0605,264.0605,1.2048483095978216e-05
Orbitrap,13.203216,13.203216,6,1,1,1,1,330.0804,330.0804,330.0804,1.2048483095978216e-05
Orbitrap,13.2032584,13.2032584,7,1,1,1,1,165.04073,165.04073,165.04073,1.2048483095978216e-05
Orbitrap,13.205649267928749,13.205649267928749,15,1,1,1,1,264.112985358575,264.112985358575,264.112985358575,1.2048483095978216e-05
Orbitrap,13.208735,13.208735,6,1,1,1,1,264.1747,264.1747,264.1747,1.2048483095978216e-05
Orbitrap,13.20877,13.20877,5,1,1,1,1,264.1754,264.1754,264.1754,1.2048483095978216e-05
Orbitrap,13.20977,13.20977,5,1,1,1,1,264.1954,264.1954,264.1954,1.2048483095978216e-05
Orbitrap,13.247616,13.247616,6,1,1,1,1,331.1904,331.1904,331.1904,1.2048483095978216e-05
Orbitrap,13.25716,13.25716,5,1,1,1,1,265.1432,265.1432,265.1432,1.2048483095978216e-05
Orbitrap,13.257192000000002,13.257192000000002,15,1,1,1,1,220.9532,220.9532,220.9532,1.2048483095978216e-05
Orbitrap,13.264458,13.264458,6,1,1,1,1,221.0743,221.0743,221.0743,1.2048483095978216e-05
Orbitrap,13.28562,13.28562,5,1,1,1,1,332.1405,332.1405,332.1405,1.2048483095978216e-05
Orbitrap,13.285784,13.285784,6,1,1,1,1,166.0723,166.0723,166.0723,1.2048483095978216e-05
Orbitrap,13.286903999999998,13.286903999999998,15,1,1,1,1,166.0863,166.0863,166.0863,1.2048483095978216e-05
Orbitrap,13.304765000000002,13.304765000000002,15,1,1,1,1,266.0953,266.0953,266.0953,1.2048483095978216e-05
Orbitrap,13.306925,13.306925,6,1,1,1,1,266.1385,266.1385,266.1385,1.2048483095978216e-05
Orbitrap,13.30824,13.30824,5,1,1,1,1,266.1648,266.1648,266.1648,1.2048483095978216e-05
Orbitrap,13.321896,13.321896,6,1,1,1,1,222.0316,222.0316,222.0316,1.2048483095978216e-05
Orbitrap,13.323876,13.323876,6,1,1,1,1,333.0969,333.0969,333.0969,1.2048483095978216e-05
Orbitrap,13.326788,13.326788,6,1,1,1,1,333.1697,333.1697,333.1697,1.2048483095978216e-05
Orbitrap,13.327236,13.327236,6,1,1,1,1,333.1809,333.1809,333.1809,1.2048483095978216e-05
Orbitrap,13.327422,13.327422,6,1,1,1,1,222.1237,222.1237,222.1237,1.2048483095978216e-05
Orbitrap,13.355394,13.355394,6,1,1,1,1,445.1798,445.1798,445.1798,1.2048483095978216e-05
Orbitrap,13.356175,13.356175,6,1,1,1,1,267.1235,267.1235,267.1235,1.2048483095978216e-05
Orbitrap,13.40229651637085,13.40229651637085,14,1,1,1,1,268.045930327417,268.045930327417,268.045930327417,1.2048483095978216e-05
Orbitrap,13.40307,13.40307,5,1,1,1,1,268.0614,268.0614,268.0614,1.2048483095978216e-05
Orbitrap,13.405175,13.405175,6,1,1,1,1,268.1035,268.1035,268.1035,1.2048483095978216e-05
Orbitrap,13.405185,13.405185,6,1,1,1,1,268.1037,268.1037,268.1037,1.2048483095978216e-05
Orbitrap,13.405195,13.405195,6,1,1,1,1,268.1039,268.1039,268.1039,1.2048483095978216e-05
Orbitrap,13.405570791781347,13.405570791781347,15,1,1,1,1,268.111415835627,268.111415835627,268.111415835627,1.2048483095978216e-05
Orbitrap,13.406,13.406,3,1,1,1,1,134.06,134.06,134.06,1.2048483095978216e-05
Orbitrap,13.40713,13.40713,5,1,1,1,1,134.0713,134.0713,134.0713,1.2048483095978216e-05
Orbitrap,13.4077765868755,13.4077765868755,13,1,1,1,1,268.15553173751,268.15553173751,268.15553173751,1.2048483095978216e-05
Orbitrap,13.410422999999998,13.410422999999998,15,1,1,1,1,447.0141,447.0141,447.0141,1.2048483095978216e-05
Orbitrap,13.441974,13.441974,6,1,1,1,1,224.0329,224.0329,224.0329,1.2048483095978216e-05
Orbitrap,13.4423328,13.4423328,7,1,1,1,1,168.02916,168.02916,168.02916,1.2048483095978216e-05
Orbitrap,13.443318,13.443318,6,1,1,1,1,224.0553,224.0553,224.0553,1.2048483095978216e-05
Orbitrap,13.44519,13.44519,5,1,1,1,1,448.173,448.173,448.173,1.2048483095978216e-05
Orbitrap,13.4472828,13.4472828,7,1,1,1,1,160.0867,160.0867,160.0867,1.2048483095978216e-05
Orbitrap,13.45312125,13.45312125,8,1,1,1,1,269.062425,269.062425,269.062425,1.2048483095978216e-05
Orbitrap,13.453125,13.453125,6,1,1,1,1,269.0625,269.0625,269.0625,1.2048483095978216e-05
Orbitrap,13.45364,13.45364,5,1,1,1,1,269.0728,269.0728,269.0728,1.2048483095978216e-05
Orbitrap,13.454035,13.454035,6,1,1,1,1,269.0807,269.0807,269.0807,1.2048483095978216e-05
Orbitrap,13.454390000000002,13.454390000000002,15,1,1,1,1,269.0878,269.0878,269.0878,1.2048483095978216e-05
Orbitrap,13.45523,13.45523,5,1,1,1,1,269.1046,269.1046,269.1046,1.2048483095978216e-05
Orbitrap,13.458225,13.458225,6,1,1,1,1,269.1645,269.1645,269.1645,1.2048483095978216e-05
Orbitrap,13.505958,13.505958,6,1,1,1,1,150.0662,150.0662,150.0662,1.2048483095978216e-05
Orbitrap,13.5061721952004,13.5061721952004,13,1,1,1,1,270.123443904008,270.123443904008,270.123443904008,1.2048483095978216e-05
Orbitrap,13.508076,13.508076,6,1,1,1,1,225.1346,225.1346,225.1346,1.2048483095978216e-05
Orbitrap,13.508545,13.508545,6,1,1,1,1,270.1709,270.1709,270.1709,1.2048483095978216e-05
Orbitrap,13.508553191818352,13.508553191818352,15,1,1,1,1,270.171063836367,270.171063836367,270.171063836367,1.2048483095978216e-05
Orbitrap,13.50924,13.50924,5,1,1,1,1,270.1848,270.1848,270.1848,1.2048483095978216e-05
Orbitrap,13.519173599999998,13.519173599999998,15,1,1,1,1,168.98967,168.98967,168.98967,1.2048483095978216e-05
Orbitrap,13.556525,13.556525,6,1,0,1,0,271.1305,271.1305,271.1305,1.2048483095978216e-05
Orbitrap,13.559,13.559,3,1,1,1,1,271.18,271.18,271.18,1.2048483095978216e-05
Orbitrap,13.559024464999998,13.559024464999998,15,1,1,1,1,271.1804893,271.1804893,271.1804893,1.2048483095978216e-05
Orbitrap,13.565752,13.565752,6,1,1,1,1,339.1438,339.1438,339.1438,1.2048483095978216e-05
Orbitrap,13.6009432,13.6009432,7,1,1,1,1,170.01179,170.01179,170.01179,1.2048483095978216e-05
Orbitrap,13.60215,13.60215,5,1,1,1,1,136.0215,136.0215,136.0215,1.2048483095978216e-05
Orbitrap,13.60619,13.60619,5,1,1,1,1,272.1238,272.1238,272.1238,1.2048483095978216e-05
Orbitrap,13.606495199999998,13.606495199999998,15,1,1,1,1,170.08118999999996,170.08118999999996,170.08118999999996,1.2048483095978216e-05
Orbitrap,13.60757,13.60757,5,1,1,1,1,136.0757,136.0757,136.0757,1.2048483095978216e-05
Orbitrap,13.64664,13.64664,5,1,1,1,1,341.166,341.166,341.166,1.2048483095978216e-05
Orbitrap,13.65539,13.65539,5,1,1,1,1,273.1078,273.1078,273.1078,1.2048483095978216e-05
Orbitrap,13.65631,13.65631,5,1,1,1,1,273.1262,273.1262,273.1262,1.2048483095978216e-05
Orbitrap,13.683084,13.683084,6,1,1,1,1,342.0771,342.0771,342.0771,1.2048483095978216e-05
Orbitrap,13.685216,13.685216,6,1,1,1,1,171.0652,171.0652,171.0652,1.2048483095978216e-05
Orbitrap,13.685868,13.685868,6,1,1,1,1,342.1467,342.1467,342.1467,1.2048483095978216e-05
Orbitrap,13.686432,13.686432,6,1,1,1,1,171.0804,171.0804,171.0804,1.2048483095978216e-05
Orbitrap,13.687662,13.687662,6,1,1,1,1,228.1277,228.1277,228.1277,1.2048483095978216e-05
Orbitrap,13.70445,13.70445,5,1,1,1,1,274.089,274.089,274.089,1.2048483095978216e-05
Orbitrap,13.705155,13.705155,6,1,1,1,1,274.1031,274.1031,274.1031,1.2048483095978216e-05
Orbitrap,13.710480000000002,13.710480000000002,15,1,1,1,1,457.016,457.016,457.016,1.2048483095978216e-05
Orbitrap,13.717794,13.717794,6,1,1,1,1,457.2598,457.2598,457.2598,1.2048483095978216e-05
Orbitrap,13.721596,13.721596,6,1,1,1,1,343.0399,343.0399,343.0399,1.2048483095978216e-05
Orbitrap,13.722116000000002,13.722116000000002,15,1,1,1,1,343.0529,343.0529,343.0529,1.2048483095978216e-05
Orbitrap,13.75346,13.75346,5,1,1,1,1,275.0692,275.0692,275.0692,1.2048483095978216e-05
Orbitrap,13.75436,13.75436,5,1,1,1,1,275.0872,275.0872,275.0872,1.2048483095978216e-05
Orbitrap,13.754550000000002,13.754550000000002,15,1,1,1,1,275.091,275.091,275.091,1.2048483095978216e-05
Orbitrap,13.756525,13.756525,6,1,1,1,1,275.1305,275.1305,275.1305,1.2048483095978216e-05
Orbitrap,13.75653,13.75653,5,1,1,1,1,275.1306,275.1306,275.1306,1.2048483095978216e-05
Orbitrap,13.756547615,13.756547615,9,1,1,1,1,275.1309523,275.1309523,275.1309523,1.2048483095978216e-05
Orbitrap,13.757490000000002,13.757490000000002,15,1,1,1,1,275.1498,275.1498,275.1498,1.2048483095978216e-05
Orbitrap,13.758048,13.758048,6,1,1,1,1,171.9756,171.9756,171.9756,1.2048483095978216e-05
Orbitrap,13.76,13.76,2,1,1,1,1,275.2,275.2,275.2,1.2048483095978216e-05
Orbitrap,13.760565,13.760565,6,1,1,1,1,275.2113,275.2113,275.2113,1.2048483095978216e-05
Orbitrap,13.770656,13.770656,6,1,1,1,1,172.1332,172.1332,172.1332,1.2048483095978216e-05
Orbitrap,13.773663,13.773663,6,1,1,1,1,153.0407,153.0407,153.0407,1.2048483095978216e-05
Orbitrap,13.799575,13.799575,6,1,1,1,1,275.9915,275.9915,275.9915,1.2048483095978216e-05
Orbitrap,13.800533093883102,13.800533093883102,15,1,1,1,1,276.010661877662,276.010661877662,276.010661877662,1.2048483095978216e-05
Orbitrap,13.803068,13.803068,6,1,1,1,1,345.0767,345.0767,345.0767,1.2048483095978216e-05
Orbitrap,13.80316,13.80316,5,1,1,1,1,276.0632,276.0632,276.0632,1.2048483095978216e-05
Orbitrap,13.803876,13.803876,6,1,1,1,1,345.0969,345.0969,345.0969,1.2048483095978216e-05
Orbitrap,13.80620924167265,13.80620924167265,14,1,1,1,1,276.124184833453,276.124184833453,276.124184833453,1.2048483095978216e-05
Orbitrap,13.807945000000002,13.807945000000002,15,1,1,1,1,276.1589,276.1589,276.1589,1.2048483095978216e-05
Orbitrap,13.808510000000002,13.808510000000002,15,1,1,1,1,276.1702,276.1702,276.1702,1.2048483095978216e-05
Orbitrap,13.809696,13.809696,6,1,1,1,1,345.2424,345.2424,345.2424,1.2048483095978216e-05
Orbitrap,13.810392,13.810392,6,1,1,1,1,115.0866,115.0866,115.0866,1.2048483095978216e-05
Orbitrap,13.85204085,13.85204085,8,1,1,1,1,277.040817,277.040817,277.040817,1.2048483095978216e-05
Orbitrap,13.855020307712952,13.855020307712952,15,1,1,1,1,277.100406154259,277.100406154259,277.100406154259,1.2048483095978216e-05
Orbitrap,13.90502,13.90502,5,1,1,1,1,139.0502,139.0502,139.0502,1.2048483095978216e-05
Orbitrap,13.9082602579383,13.9082602579383,13,1,1,1,1,278.165205158766,278.165205158766,278.165205158766,1.2048483095978216e-05
Orbitrap,13.909485,13.909485,6,1,1,1,1,278.1897,278.1897,278.1897,1.2048483095978216e-05
Orbitrap,13.909516285000002,13.909516285000002,15,1,1,1,1,278.1903257,278.1903257,278.1903257,1.2048483095978216e-05
Orbitrap,13.91055,13.91055,5,1,1,1,1,278.211,278.211,278.211,1.2048483095978216e-05
Orbitrap,13.9217576,13.9217576,7,1,1,1,1,174.02196999999998,174.02196999999998,174.02196999999998,1.2048483095978216e-05
Orbitrap,13.923144,13.923144,6,1,1,1,1,232.0524,232.0524,232.0524,1.2048483095978216e-05
Orbitrap,13.924328,13.924328,6,1,1,1,1,174.0541,174.0541,174.0541,1.2048483095978216e-05
Orbitrap,13.9243984,13.9243984,7,1,1,1,1,174.05498,174.05498,174.05498,1.2048483095978216e-05
Orbitrap,13.926837,13.926837,6,1,1,1,1,464.2279,464.2279,464.2279,1.2048483095978216e-05
Orbitrap,13.953468,13.953468,6,1,1,1,1,465.1156,465.1156,465.1156,1.2048483095978216e-05
Orbitrap,13.955035000000002,13.955035000000002,15,1,1,1,1,279.1007,279.1007,279.1007,1.2048483095978216e-05
Orbitrap,13.95563637897915,13.95563637897915,14,1,1,1,1,279.112727579583,279.112727579583,279.112727579583,1.2048483095978216e-05
Orbitrap,13.956395999999998,13.956395999999998,15,1,1,1,1,465.2132,465.2132,465.2132,1.2048483095978216e-05
Orbitrap,13.963672,13.963672,6,1,1,1,1,349.0918,349.0918,349.0918,1.2048483095978216e-05
Orbitrap,13.965316,13.965316,6,1,1,1,1,349.1329,349.1329,349.1329,1.2048483095978216e-05
Orbitrap,13.985376,13.985376,6,1,1,1,1,233.0896,233.0896,233.0896,1.2048483095978216e-05
Orbitrap,13.986642,13.986642,6,1,1,1,1,233.1107,233.1107,233.1107,1.2048483095978216e-05
Orbitrap,14.004676,14.004676,6,1,1,1,1,350.1169,350.1169,350.1169,1.2048483095978216e-05
Orbitrap,14.0057088,14.0057088,7,1,1,1,1,175.07136,175.07136,175.07136,1.2048483095978216e-05
Orbitrap,14.0077208,14.0077208,7,1,1,1,1,175.09651,175.09651,175.09651,1.2048483095978216e-05
Orbitrap,14.00846,14.00846,5,1,1,1,1,280.1692,280.1692,280.1692,1.2048483095978216e-05
Orbitrap,14.008479515,14.008479515,9,1,1,1,1,280.1695903,280.1695903,280.1695903,1.2048483095978216e-05
Orbitrap,14.009115,14.009115,6,1,1,1,1,280.1823,280.1823,280.1823,1.2048483095978216e-05
Orbitrap,14.049171,14.049171,6,1,1,1,1,156.1019,156.1019,156.1019,1.2048483095978216e-05
Orbitrap,14.055654999999998,14.055654999999998,15,1,1,1,1,281.1131,281.1131,281.1131,1.2048483095978216e-05
Orbitrap,14.055834999999998,14.055834999999998,15,1,1,1,1,281.1167,281.1167,281.1167,1.2048483095978216e-05
Orbitrap,14.058801927763302,14.058801927763302,15,1,1,1,1,281.176038555266,281.176038555266,281.176038555266,1.2048483095978216e-05
Orbitrap,14.06006124,14.06006124,8,1,1,1,1,281.2012248,281.2012248,281.2012248,1.2048483095978216e-05
Orbitrap,14.0853288,14.0853288,7,1,1,1,1,176.06661,176.06661,176.06661,1.2048483095978216e-05
Orbitrap,14.085648,14.085648,6,1,1,1,1,176.0706,176.0706,176.0706,1.2048483095978216e-05
Orbitrap,14.0856504,14.0856504,7,1,1,1,1,176.07063,176.07063,176.07063,1.2048483095978216e-05
Orbitrap,14.08808,14.08808,5,1,1,1,1,352.202,352.202,352.202,1.2048483095978216e-05
Orbitrap,14.0882392,14.0882392,7,1,1,1,1,176.10298999999998,176.10298999999998,176.10298999999998,1.2048483095978216e-05
Orbitrap,14.098668,14.098668,6,1,1,1,1,234.9778,234.9778,234.9778,1.2048483095978216e-05
Orbitrap,14.099964,14.099964,6,1,1,1,1,234.9994,234.9994,234.9994,1.2048483095978216e-05
Orbitrap,14.104345,14.104345,6,1,1,1,1,282.0869,282.0869,282.0869,1.2048483095978216e-05
Orbitrap,14.10596,14.10596,5,1,1,1,1,282.1192,282.1192,282.1192,1.2048483095978216e-05
Orbitrap,14.10597,14.10597,5,1,1,1,1,282.1194,282.1194,282.1194,1.2048483095978216e-05
Orbitrap,14.1079911166069,14.1079911166069,13,1,1,1,1,282.159822332138,282.159822332138,282.159822332138,1.2048483095978216e-05
Orbitrap,14.112336,14.112336,6,1,1,1,1,235.2056,235.2056,235.2056,1.2048483095978216e-05
Orbitrap,14.15769999,14.15769999,8,1,1,1,1,283.1539998,283.1539998,283.1539998,1.2048483095978216e-05
Orbitrap,14.1681808,14.1681808,7,1,1,1,1,177.10226,177.10226,177.10226,1.2048483095978216e-05
Orbitrap,14.170356,14.170356,6,1,1,1,1,118.0863,118.0863,118.0863,1.2048483095978216e-05
Orbitrap,14.202815,14.202815,6,1,1,1,1,284.0563,284.0563,284.0563,1.2048483095978216e-05
Orbitrap,14.2047393798828,14.2047393798828,13,1,1,1,1,284.094787597656,284.094787597656,284.094787597656,1.2048483095978216e-05
Orbitrap,14.20494,14.20494,5,1,1,1,1,284.0988,284.0988,284.0988,1.2048483095978216e-05
Orbitrap,14.205548,14.205548,6,1,1,1,1,355.1387,355.1387,355.1387,1.2048483095978216e-05
Orbitrap,14.219886,14.219886,6,1,1,1,1,236.9981,236.9981,236.9981,1.2048483095978216e-05
Orbitrap,14.233278,14.233278,6,1,1,1,1,237.2213,237.2213,237.2213,1.2048483095978216e-05
Orbitrap,14.2442608,14.2442608,7,1,1,1,1,178.05326,178.05326,178.05326,1.2048483095978216e-05
Orbitrap,14.253775,14.253775,6,1,1,1,1,285.0755,285.0755,285.0755,1.2048483095978216e-05
Orbitrap,14.254145,14.254145,6,1,1,1,1,285.0829,285.0829,285.0829,1.2048483095978216e-05
Orbitrap,14.257965,14.257965,6,1,1,1,1,285.1593,285.1593,285.1593,1.2048483095978216e-05
Orbitrap,14.257988874126498,14.257988874126498,15,1,1,1,1,285.15977748253,285.15977748253,285.15977748253,1.2048483095978216e-05
Orbitrap,14.283876,14.283876,6,1,1,1,1,357.0969,357.0969,357.0969,1.2048483095978216e-05
Orbitrap,14.285034,14.285034,6,1,1,1,1,238.0839,238.0839,238.0839,1.2048483095978216e-05
Orbitrap,14.285068,14.285068,6,1,1,1,1,357.1267,357.1267,357.1267,1.2048483095978216e-05
Orbitrap,14.286444,14.286444,6,1,1,1,1,238.1074,238.1074,238.1074,1.2048483095978216e-05
Orbitrap,14.302435,14.302435,6,1,1,1,1,286.0487,286.0487,286.0487,1.2048483095978216e-05
Orbitrap,14.303495000000002,14.303495000000002,15,1,1,1,1,286.0699,286.0699,286.0699,1.2048483095978216e-05
Orbitrap,14.305155,14.305155,6,1,1,1,1,286.1031,286.1031,286.1031,1.2048483095978216e-05
Orbitrap,14.30541,14.30541,5,1,1,1,1,286.1082,286.1082,286.1082,1.2048483095978216e-05
Orbitrap,14.311854,14.311854,6,1,1,1,1,159.0206,159.0206,159.0206,1.2048483095978216e-05
Orbitrap,14.329508000000002,14.329508000000002,15,1,1,1,1,358.2377,358.2377,358.2377,1.2048483095978216e-05
Orbitrap,14.35289,14.35289,5,1,1,1,1,287.0578,287.0578,287.0578,1.2048483095978216e-05
Orbitrap,14.355626445,14.355626445,9,1,1,1,1,287.1125289,287.1125289,287.1125289,1.2048483095978216e-05
Orbitrap,14.359072,14.359072,6,1,1,1,1,358.9768,358.9768,358.9768,1.2048483095978216e-05
Orbitrap,14.36001,14.36001,5,1,1,1,1,287.2002,287.2002,287.2002,1.2048483095978216e-05
Orbitrap,14.367412,14.367412,6,1,1,1,1,359.1853,359.1853,359.1853,1.2048483095978216e-05
Orbitrap,14.402602399999996,14.402602399999996,15,1,1,1,1,180.03252999999998,180.03252999999998,180.03252999999998,1.2048483095978216e-05
Orbitrap,14.40323391939,14.40323391939,11,1,1,1,1,288.0646783878,288.0646783878,288.0646783878,1.2048483095978216e-05
Orbitrap,14.403912,14.403912,6,1,1,1,1,240.0652,240.0652,240.0652,1.2048483095978216e-05
Orbitrap,14.405243199999996,14.405243199999996,15,1,1,1,1,180.06553999999997,180.06553999999997,180.06553999999997,1.2048483095978216e-05
Orbitrap,14.405725,14.405725,6,1,1,1,1,288.1145,288.1145,288.1145,1.2048483095978216e-05
Orbitrap,14.406872000000002,14.406872000000002,15,1,1,1,1,360.1718,360.1718,360.1718,1.2048483095978216e-05
Orbitrap,14.407945000000002,14.407945000000002,15,1,1,1,1,288.1589,288.1589,288.1589,1.2048483095978216e-05
Orbitrap,14.408080000000002,14.408080000000002,15,1,1,1,1,144.0808,144.0808,144.0808,1.2048483095978216e-05
Orbitrap,14.408152,14.408152,6,1,1,1,1,180.1019,180.1019,180.1019,1.2048483095978216e-05
Orbitrap,14.4081544,14.4081544,7,1,1,1,1,180.10192999999998,180.10192999999998,180.10192999999998,1.2048483095978216e-05
Orbitrap,14.408297999999998,14.408297999999998,15,1,1,1,1,240.1383,240.1383,240.1383,1.2048483095978216e-05
Orbitrap,14.408515,14.408515,6,1,1,1,1,288.1703,288.1703,288.1703,1.2048483095978216e-05
Orbitrap,14.408705,14.408705,6,1,1,1,1,288.1741,288.1741,288.1741,1.2048483095978216e-05
Orbitrap,14.409128,14.409128,6,1,1,1,1,360.2282,360.2282,360.2282,1.2048483095978216e-05
Orbitrap,14.410846720000002,14.410846720000002,15,1,1,1,1,288.2169344,288.2169344,288.2169344,1.2048483095978216e-05
Orbitrap,14.444804,14.444804,6,1,1,1,1,361.1201,361.1201,361.1201,1.2048483095978216e-05
Orbitrap,14.458991030000002,14.458991030000002,15,1,1,1,1,289.1798206,289.1798206,289.1798206,1.2048483095978216e-05
Orbitrap,14.460794999999996,14.460794999999996,15,1,1,1,1,289.2159,289.2159,289.2159,1.2048483095978216e-05
Orbitrap,14.461764,14.461764,6,1,1,1,1,241.0294,241.0294,241.0294,1.2048483095978216e-05
Orbitrap,14.462189999999998,14.462189999999998,15,1,1,1,1,241.0365,241.0365,241.0365,1.2048483095978216e-05
Orbitrap,14.46777,14.46777,5,1,1,1,1,241.1295,241.1295,241.1295,1.2048483095978216e-05
Orbitrap,14.4851328,14.4851328,7,1,1,1,1,181.06416,181.06416,181.06416,1.2048483095978216e-05
Orbitrap,14.508258637276448,14.508258637276448,15,1,1,1,1,290.165172745529,290.165172745529,290.165172745529,1.2048483095978216e-05
Orbitrap,14.508725,14.508725,6,1,1,1,1,290.1745,290.1745,290.1745,1.2048483095978216e-05
Orbitrap,14.50875348,14.50875348,8,1,1,1,1,290.1750696,290.1750696,290.1750696,1.2048483095978216e-05
Orbitrap,14.560743999999998,14.560743999999998,15,1,1,1,1,182.0093,182.0093,182.0093,1.2048483095978216e-05
Orbitrap,14.56159281,14.56159281,8,1,1,1,1,291.2318562,291.2318562,291.2318562,1.2048483095978216e-05
Orbitrap,14.566495199999997,14.566495199999997,15,1,1,1,1,182.08119,182.08119,182.08119,1.2048483095978216e-05
Orbitrap,14.578848,14.578848,6,1,1,1,1,161.9872,161.9872,161.9872,1.2048483095978216e-05
Orbitrap,14.603144,14.603144,6,1,1,1,1,365.0786,365.0786,365.0786,1.2048483095978216e-05
Orbitrap,14.60325,14.60325,5,1,1,1,1,292.065,292.065,292.065,1.2048483095978216e-05
Orbitrap,14.6090430877526,14.6090430877526,13,1,1,1,1,292.180861755052,292.180861755052,292.180861755052,1.2048483095978216e-05
Orbitrap,14.61027,14.61027,5,1,1,1,1,292.2054,292.2054,292.2054,1.2048483095978216e-05
Orbitrap,14.61807,14.61807,5,1,1,1,1,487.269,487.269,487.269,1.2048483095978216e-05
Orbitrap,14.641152,14.641152,6,1,1,1,1,244.0192,244.0192,244.0192,1.2048483095978216e-05
Orbitrap,14.646248,14.646248,6,1,1,1,1,183.0781,183.0781,183.0781,1.2048483095978216e-05
Orbitrap,14.647336,14.647336,6,1,1,1,1,183.0917,183.0917,183.0917,1.2048483095978216e-05
Orbitrap,14.6550326121923,14.6550326121923,13,1,1,1,1,293.100652243846,293.100652243846,293.100652243846,1.2048483095978216e-05
Orbitrap,14.66237,14.66237,5,1,1,1,1,293.2474,293.2474,293.2474,1.2048483095978216e-05
Orbitrap,14.687003999999998,14.687003999999998,15,1,1,1,1,367.1751,367.1751,367.1751,1.2048483095978216e-05
Orbitrap,14.705595,14.705595,6,1,1,1,1,294.1119,294.1119,294.1119,1.2048483095978216e-05
Orbitrap,14.70798,14.70798,5,1,1,1,1,294.1596,294.1596,294.1596,1.2048483095978216e-05
Orbitrap,14.70854,14.70854,5,1,1,1,1,294.1708,294.1708,294.1708,1.2048483095978216e-05
Orbitrap,14.727747199999998,14.727747199999998,15,1,1,1,1,184.09684,184.09684,184.09684,1.2048483095978216e-05
Orbitrap,14.729544000000002,14.729544000000002,15,1,1,1,1,184.1193,184.1193,184.1193,1.2048483095978216e-05
Orbitrap,14.757740000000002,14.757740000000002,15,1,1,1,1,295.1548,295.1548,295.1548,1.2048483095978216e-05
Orbitrap,14.758240000000002,14.758240000000002,15,1,1,1,1,295.1648,295.1648,295.1648,1.2048483095978216e-05
Orbitrap,14.759583713148752,14.759583713148752,15,1,1,1,1,295.191674262975,295.191674262975,295.191674262975,1.2048483095978216e-05
Orbitrap,14.760825,14.760825,6,1,1,1,1,295.2165,295.2165,295.2165,1.2048483095978216e-05
Orbitrap,14.760839999999998,14.760839999999998,15,1,1,1,1,295.2168,295.2168,295.2168,1.2048483095978216e-05
Orbitrap,14.803328,14.803328,6,1,1,1,1,370.0832,370.0832,370.0832,1.2048483095978216e-05
Orbitrap,14.80512,14.80512,5,1,1,1,1,296.1024,296.1024,296.1024,1.2048483095978216e-05
Orbitrap,14.80514,14.80514,5,1,1,1,1,370.1285,370.1285,370.1285,1.2048483095978216e-05
Orbitrap,14.8051415520338,14.8051415520338,13,1,1,1,1,296.102831040676,296.102831040676,296.102831040676,1.2048483095978216e-05
Orbitrap,14.807114999999998,14.807114999999998,15,1,1,1,1,296.1423,296.1423,296.1423,1.2048483095978216e-05
Orbitrap,14.807325,14.807325,6,1,1,1,1,296.1465,296.1465,296.1465,1.2048483095978216e-05
Orbitrap,14.808584000000002,14.808584000000002,15,1,1,1,1,185.1073,185.1073,185.1073,1.2048483095978216e-05
Orbitrap,14.80926,14.80926,5,1,1,1,1,296.1852,296.1852,296.1852,1.2048483095978216e-05
Orbitrap,14.82027,14.82027,5,1,1,1,1,247.0045,247.0045,247.0045,1.2048483095978216e-05
Orbitrap,14.85288,14.85288,5,1,1,1,1,297.0576,297.0576,297.0576,1.2048483095978216e-05
Orbitrap,14.859215,14.859215,6,1,1,1,1,297.1843,297.1843,297.1843,1.2048483095978216e-05
Orbitrap,14.889288,14.889288,6,1,1,1,1,372.2322,372.2322,372.2322,1.2048483095978216e-05
Orbitrap,14.904815,14.904815,6,1,1,1,1,298.0963,298.0963,298.0963,1.2048483095978216e-05
Orbitrap,14.904841819999998,14.904841819999998,15,1,1,1,1,298.0968364,298.0968364,298.0968364,1.2048483095978216e-05
Orbitrap,14.90571,14.90571,5,1,1,1,1,298.1142,298.1142,298.1142,1.2048483095978216e-05
Orbitrap,14.90628,14.90628,5,1,1,1,1,298.1256,298.1256,298.1256,1.2048483095978216e-05
Orbitrap,14.906737127659948,14.906737127659948,15,1,1,1,1,298.134742553199,298.134742553199,298.134742553199,1.2048483095978216e-05
Orbitrap,14.90956403420835,14.90956403420835,14,1,1,1,1,298.191280684167,298.191280684167,298.191280684167,1.2048483095978216e-05
Orbitrap,14.957485,14.957485,6,1,1,1,1,299.1497,299.1497,299.1497,1.2048483095978216e-05
Orbitrap,14.96059516548795,14.96059516548795,14,1,1,1,1,299.211903309759,299.211903309759,299.211903309759,1.2048483095978216e-05
Orbitrap,14.963736,14.963736,6,1,1,1,1,374.0934,374.0934,374.0934,1.2048483095978216e-05
Orbitrap,15.003295,15.003295,6,1,1,1,1,300.0659,300.0659,300.0659,1.2048483095978216e-05
Orbitrap,15.00372,15.00372,5,1,1,1,1,150.0372,150.0372,150.0372,1.2048483095978216e-05
Orbitrap,15.004475,15.004475,6,1,1,1,1,300.0895,300.0895,300.0895,1.2048483095978216e-05
Orbitrap,15.0044860839844,15.0044860839844,13,1,1,1,1,300.089721679688,300.089721679688,300.089721679688,1.2048483095978216e-05
Orbitrap,15.006884,15.006884,6,1,1,1,1,375.1721,375.1721,375.1721,1.2048483095978216e-05
Orbitrap,15.0079679682201,15.0079679682201,13,1,1,1,1,300.159359364402,300.159359364402,300.159359364402,1.2048483095978216e-05
Orbitrap,15.008664,15.008664,6,1,1,1,1,375.2166,375.2166,375.2166,1.2048483095978216e-05
Orbitrap,15.044536,15.044536,6,1,1,1,1,188.0567,188.0567,188.0567,1.2048483095978216e-05
Orbitrap,15.045576,15.045576,6,1,1,1,1,188.0697,188.0697,188.0697,1.2048483095978216e-05
Orbitrap,15.050416,15.050416,6,1,1,1,1,94.0651,94.0651,94.0651,1.2048483095978216e-05
Orbitrap,15.053665,15.053665,6,1,1,1,1,301.0733,301.0733,301.0733,1.2048483095978216e-05
Orbitrap,15.05367,15.05367,5,1,1,1,1,301.0734,301.0734,301.0734,1.2048483095978216e-05
Orbitrap,15.054921,15.054921,6,1,1,1,1,215.0703,215.0703,215.0703,1.2048483095978216e-05
Orbitrap,15.055033645918998,15.055033645918998,15,1,1,1,1,301.10067291838,301.10067291838,301.10067291838,1.2048483095978216e-05
Orbitrap,15.058985,15.058985,6,1,1,1,1,301.1797,301.1797,301.1797,1.2048483095978216e-05
Orbitrap,15.06015,15.06015,5,1,1,1,1,251.0025,251.0025,251.0025,1.2048483095978216e-05
Orbitrap,15.060810000000002,15.060810000000002,15,1,1,1,1,301.2162,301.2162,301.2162,1.2048483095978216e-05
Orbitrap,15.062808,15.062808,6,1,1,1,1,251.0468,251.0468,251.0468,1.2048483095978216e-05
Orbitrap,15.088492000000002,15.088492000000002,15,1,1,1,1,377.2123,377.2123,377.2123,1.2048483095978216e-05
Orbitrap,15.096828,15.096828,6,1,1,1,1,503.2276,503.2276,503.2276,1.2048483095978216e-05
Orbitrap,15.103225,15.103225,6,1,1,1,1,302.0645,302.0645,302.0645,1.2048483095978216e-05
Orbitrap,15.10691,15.10691,5,1,1,1,1,302.1382,302.1382,302.1382,1.2048483095978216e-05
Orbitrap,15.109845000000002,15.109845000000002,15,1,1,1,1,302.1969,302.1969,302.1969,1.2048483095978216e-05
Orbitrap,15.120348,15.120348,6,1,1,1,1,252.0058,252.0058,252.0058,1.2048483095978216e-05
Orbitrap,15.125856,15.125856,6,1,1,1,1,252.0976,252.0976,252.0976,1.2048483095978216e-05
Orbitrap,15.1289728,15.1289728,7,1,1,1,1,189.11216,189.11216,189.11216,1.2048483095978216e-05
Orbitrap,15.131312,15.131312,6,1,1,1,1,108.0808,108.0808,108.0808,1.2048483095978216e-05
Orbitrap,15.131884,15.131884,6,1,1,1,1,189.14855,189.14855,189.14855,1.2048483095978216e-05
Orbitrap,15.153579711914052,15.153579711914052,15,1,1,1,1,303.071594238281,303.071594238281,303.071594238281,1.2048483095978216e-05
Orbitrap,15.1580215589408,15.1580215589408,13,1,1,1,1,303.160431178816,303.160431178816,303.160431178816,1.2048483095978216e-05
Orbitrap,15.16157,15.16157,5,1,1,1,1,303.2314,303.2314,303.2314,1.2048483095978216e-05
Orbitrap,15.16158,15.16158,5,1,1,1,1,303.2316,303.2316,303.2316,1.2048483095978216e-05
Orbitrap,15.162135,15.162135,6,1,1,1,1,303.2427,303.2427,303.2427,1.2048483095978216e-05
Orbitrap,15.16264928,15.16264928,8,1,1,1,1,303.2529856,303.2529856,303.2529856,1.2048483095978216e-05
Orbitrap,15.182784,15.182784,6,1,1,1,1,253.0464,253.0464,253.0464,1.2048483095978216e-05
Orbitrap,15.198568,15.198568,6,1,1,1,1,189.9821,189.9821,189.9821,1.2048483095978216e-05
Orbitrap,15.205425,15.205425,6,1,1,1,1,304.1085,304.1085,304.1085,1.2048483095978216e-05
Orbitrap,15.205681599999998,15.205681599999998,15,1,1,1,1,190.07102,190.07102,190.07102,1.2048483095978216e-05
Orbitrap,15.20769,15.20769,5,1,1,1,1,304.1538,304.1538,304.1538,1.2048483095978216e-05
Orbitrap,15.216834,15.216834,6,1,1,1,1,507.2278,507.2278,507.2278,1.2048483095978216e-05
Orbitrap,15.24261,15.24261,5,1,1,1,1,254.0435,254.0435,254.0435,1.2048483095978216e-05
Orbitrap,15.254884999999998,15.254884999999998,15,1,1,1,1,305.0977,305.0977,305.0977,1.2048483095978216e-05
Orbitrap,15.303102,15.303102,6,1,1,1,1,510.1034,510.1034,510.1034,1.2048483095978216e-05
Orbitrap,15.304035,15.304035,6,1,1,1,1,306.0807,306.0807,306.0807,1.2048483095978216e-05
Orbitrap,15.304054045,15.304054045,9,1,1,1,1,306.0810809,306.0810809,306.0810809,1.2048483095978216e-05
Orbitrap,15.304439999999998,15.304439999999998,15,1,1,1,1,306.0888,306.0888,306.0888,1.2048483095978216e-05
Orbitrap,15.305028,15.305028,6,1,1,1,1,255.0838,255.0838,255.0838,1.2048483095978216e-05
Orbitrap,15.30671,15.30671,5,1,1,1,1,306.1342,306.1342,306.1342,1.2048483095978216e-05
Orbitrap,15.306768,15.306768,6,1,1,1,1,255.1128,255.1128,255.1128,1.2048483095978216e-05
Orbitrap,15.308011221712,15.308011221712,12,1,1,1,1,306.16022443424,306.16022443424,306.16022443424,1.2048483095978216e-05
Orbitrap,15.30847,15.30847,5,1,1,1,1,306.1694,306.1694,306.1694,1.2048483095978216e-05
Orbitrap,15.31022,15.31022,5,1,1,1,1,153.1022,153.1022,153.1022,1.2048483095978216e-05
Orbitrap,15.310458,15.310458,6,1,1,1,1,255.1743,255.1743,255.1743,1.2048483095978216e-05
Orbitrap,15.3577608835817,15.3577608835817,13,1,1,1,1,307.155217671634,307.155217671634,307.155217671634,1.2048483095978216e-05
Orbitrap,15.36198,15.36198,5,1,1,1,1,128.0165,128.0165,128.0165,1.2048483095978216e-05
Orbitrap,15.364895999999998,15.364895999999998,15,1,1,1,1,256.0816,256.0816,256.0816,1.2048483095978216e-05
Orbitrap,15.365243199999997,15.365243199999997,15,1,1,1,1,192.06554,192.06554,192.06554,1.2048483095978216e-05
Orbitrap,15.3655128,15.3655128,7,1,1,1,1,192.06891,192.06891,192.06891,1.2048483095978216e-05
Orbitrap,15.366144,15.366144,6,1,1,1,1,192.0768,192.0768,192.0768,1.2048483095978216e-05
Orbitrap,15.370176,15.370176,6,1,1,1,1,256.1696,256.1696,256.1696,1.2048483095978216e-05
Orbitrap,15.371064,15.371064,6,1,1,1,1,192.1383,192.1383,192.1383,1.2048483095978216e-05
Orbitrap,15.399795999999998,15.399795999999998,15,1,1,1,1,384.9949,384.9949,384.9949,1.2048483095978216e-05
Orbitrap,15.401654999999998,15.401654999999998,15,1,1,1,1,308.0331,308.0331,308.0331,1.2048483095978216e-05
Orbitrap,15.401669999999998,15.401669999999998,15,1,1,1,1,154.0167,154.0167,154.0167,1.2048483095978216e-05
Orbitrap,15.40167915155325,15.40167915155325,14,1,1,1,1,308.033583031065,308.033583031065,308.033583031065,1.2048483095978216e-05
Orbitrap,15.404519999999998,15.404519999999998,15,1,1,1,1,308.0904,308.0904,308.0904,1.2048483095978216e-05
Orbitrap,15.404554115,15.404554115,9,1,1,1,1,308.0910823,308.0910823,308.0910823,1.2048483095978216e-05
Orbitrap,15.4051367159123,15.4051367159123,13,1,1,1,1,308.102734318246,308.102734318246,308.102734318246,1.2048483095978216e-05
Orbitrap,15.405957875560947,15.405957875560947,15,1,1,1,1,308.119157511219,308.119157511219,308.119157511219,1.2048483095978216e-05
Orbitrap,15.408755,15.408755,6,1,1,1,1,308.1751,308.1751,308.1751,1.2048483095978216e-05
Orbitrap,15.409255,15.409255,6,1,1,1,1,308.1851,308.1851,308.1851,1.2048483095978216e-05
Orbitrap,15.411075,15.411075,6,1,1,1,1,308.2215,308.2215,308.2215,1.2048483095978216e-05
Orbitrap,15.411085,15.411085,6,1,1,1,1,308.2217,308.2217,308.2217,1.2048483095978216e-05
Orbitrap,15.415793999999998,15.415793999999998,15,1,1,1,1,256.9299,256.9299,256.9299,1.2048483095978216e-05
Orbitrap,15.454490000000002,15.454490000000002,15,1,1,1,1,309.0898,309.0898,309.0898,1.2048483095978216e-05
Orbitrap,15.45465,15.45465,5,1,1,1,1,309.093,309.093,309.093,1.2048483095978216e-05
Orbitrap,15.45527420018395,15.45527420018395,14,1,1,1,1,309.105484003679,309.105484003679,309.105484003679,1.2048483095978216e-05
Orbitrap,15.455575,15.455575,6,1,1,1,1,309.1115,309.1115,309.1115,1.2048483095978216e-05
Orbitrap,15.45853853930705,15.45853853930705,14,1,1,1,1,309.170770786141,309.170770786141,309.170770786141,1.2048483095978216e-05
Orbitrap,15.45902,15.45902,5,1,1,1,1,309.1804,309.1804,309.1804,1.2048483095978216e-05
Orbitrap,15.468369,15.468369,6,1,1,1,1,220.9767,220.9767,220.9767,1.2048483095978216e-05
Orbitrap,15.480108,15.480108,6,1,1,1,1,258.0018,258.0018,258.0018,1.2048483095978216e-05
Orbitrap,15.49012,15.49012,5,1,1,1,1,387.253,387.253,387.253,1.2048483095978216e-05
Orbitrap,15.496746000000002,15.496746000000002,15,1,1,1,1,258.2791,258.2791,258.2791,1.2048483095978216e-05
Orbitrap,15.505032990036,15.505032990036,12,1,1,1,1,310.10065980072,310.10065980072,310.10065980072,1.2048483095978216e-05
Orbitrap,15.505645,15.505645,6,1,1,1,1,310.1129,310.1129,310.1129,1.2048483095978216e-05
Orbitrap,15.50566286,15.50566286,8,1,1,1,1,310.1132572,310.1132572,310.1132572,1.2048483095978216e-05
Orbitrap,15.50627,15.50627,5,1,1,1,1,310.1254,310.1254,310.1254,1.2048483095978216e-05
Orbitrap,15.506565,15.506565,6,1,1,1,1,310.1313,310.1313,310.1313,1.2048483095978216e-05
Orbitrap,15.50696,15.50696,5,1,1,1,1,310.1392,310.1392,310.1392,1.2048483095978216e-05
Orbitrap,15.50703,15.50703,5,1,1,1,1,155.0703,155.0703,155.0703,1.2048483095978216e-05
Orbitrap,15.508545,15.508545,6,1,1,1,1,310.1709,310.1709,310.1709,1.2048483095978216e-05
Orbitrap,15.527712,15.527712,6,1,1,1,1,194.0964,194.0964,194.0964,1.2048483095978216e-05
Orbitrap,15.529408000000002,15.529408000000002,15,1,1,1,1,194.1176,194.1176,194.1176,1.2048483095978216e-05
Orbitrap,15.552336,15.552336,6,1,1,1,1,259.2056,259.2056,259.2056,1.2048483095978216e-05
Orbitrap,15.55388,15.55388,5,1,1,1,1,777.694,777.694,777.694,1.2048483095978216e-05
Orbitrap,15.5547302246094,15.5547302246094,13,1,1,1,1,311.094604492188,311.094604492188,311.094604492188,1.2048483095978216e-05
Orbitrap,15.55618,15.55618,5,1,1,1,1,311.1236,311.1236,311.1236,1.2048483095978216e-05
Orbitrap,15.55653,15.55653,5,1,1,1,1,311.1306,311.1306,311.1306,1.2048483095978216e-05
Orbitrap,15.55769,15.55769,5,1,1,1,1,311.1538,311.1538,311.1538,1.2048483095978216e-05
Orbitrap,15.558327679351253,15.558327679351253,15,1,1,1,1,311.166553587025,311.166553587025,311.166553587025,1.2048483095978216e-05
Orbitrap,15.566504,15.566504,6,1,1,1,1,389.1626,389.1626,389.1626,1.2048483095978216e-05
Orbitrap,15.60379333496095,15.60379333496095,14,1,1,1,1,312.075866699219,312.075866699219,312.075866699219,1.2048483095978216e-05
Orbitrap,15.604104,15.604104,6,1,1,1,1,260.0684,260.0684,260.0684,1.2048483095978216e-05
Orbitrap,15.604336000000002,15.604336000000002,15,1,1,1,1,390.1084,390.1084,390.1084,1.2048483095978216e-05
Orbitrap,15.606384722466,15.606384722466,12,1,1,1,1,312.12769444932,312.12769444932,312.12769444932,1.2048483095978216e-05
Orbitrap,15.60649,15.60649,5,1,1,1,1,312.1298,312.1298,312.1298,1.2048483095978216e-05
Orbitrap,15.6070144,15.6070144,7,1,1,1,1,195.08768,195.08768,195.08768,1.2048483095978216e-05
Orbitrap,15.6077,15.6077,4,1,1,1,1,390.1925,390.1925,390.1925,1.2048483095978216e-05
Orbitrap,15.6083,15.6083,4,1,1,1,1,312.166,312.166,312.166,1.2048483095978216e-05
Orbitrap,15.608334,15.608334,6,1,1,1,1,260.1389,260.1389,260.1389,1.2048483095978216e-05
Orbitrap,15.610845,15.610845,6,1,1,1,1,312.2169,312.2169,312.2169,1.2048483095978216e-05
Orbitrap,15.616068,15.616068,6,1,1,1,1,130.1339,130.1339,130.1339,1.2048483095978216e-05
Orbitrap,15.6549057006836,15.6549057006836,13,1,1,1,1,313.098114013672,313.098114013672,313.098114013672,1.2048483095978216e-05
Orbitrap,15.6567155586127,15.6567155586127,13,1,1,1,1,313.134311172254,313.134311172254,313.134311172254,1.2048483095978216e-05
Orbitrap,15.657374999999998,15.657374999999998,15,1,1,1,1,313.1475,313.1475,313.1475,1.2048483095978216e-05
Orbitrap,15.659544833637902,15.659544833637902,15,1,1,1,1,313.190896672758,313.190896672758,313.190896672758,1.2048483095978216e-05
Orbitrap,15.66009,15.66009,5,1,1,1,1,313.2018,313.2018,313.2018,1.2048483095978216e-05
Orbitrap,15.66078,15.66078,5,1,1,1,1,313.2156,313.2156,313.2156,1.2048483095978216e-05
Orbitrap,15.661206,15.661206,6,1,1,1,1,261.0201,261.0201,261.0201,1.2048483095978216e-05
Orbitrap,15.692709,15.692709,6,1,1,1,1,523.0903,523.0903,523.0903,1.2048483095978216e-05
Orbitrap,15.70322,15.70322,5,1,1,1,1,314.0644,314.0644,314.0644,1.2048483095978216e-05
Orbitrap,15.70464,15.70464,5,1,1,1,1,314.0928,314.0928,314.0928,1.2048483095978216e-05
Orbitrap,15.705265808105448,15.705265808105448,15,1,1,1,1,314.105316162109,314.105316162109,314.105316162109,1.2048483095978216e-05
Orbitrap,15.7080545660744,15.7080545660744,13,1,1,1,1,314.161091321488,314.161091321488,314.161091321488,1.2048483095978216e-05
Orbitrap,15.720960000000002,15.720960000000002,15,1,1,1,1,262.016,262.016,262.016,1.2048483095978216e-05
Orbitrap,15.725244,15.725244,6,1,1,1,1,262.0874,262.0874,262.0874,1.2048483095978216e-05
Orbitrap,15.727116000000002,15.727116000000002,15,1,1,1,1,262.1186,262.1186,262.1186,1.2048483095978216e-05
Orbitrap,15.74910888671875,15.74910888671875,14,1,1,1,1,314.982177734375,314.982177734375,314.982177734375,1.2048483095978216e-05
Orbitrap,15.75396,15.75396,5,1,1,1,1,315.0792,315.0792,315.0792,1.2048483095978216e-05
Orbitrap,15.757400000000002,15.757400000000002,15,1,1,1,1,315.148,315.148,315.148,1.2048483095978216e-05
Orbitrap,15.75742688,15.75742688,8,1,1,1,1,315.1485376,315.1485376,315.1485376,1.2048483095978216e-05
Orbitrap,15.758095,15.758095,6,1,1,1,1,315.1619,315.1619,315.1619,1.2048483095978216e-05
Orbitrap,15.7581039428711,15.7581039428711,13,1,1,1,1,315.162078857422,315.162078857422,315.162078857422,1.2048483095978216e-05
Orbitrap,15.75811262,15.75811262,8,1,1,1,1,315.1622524,315.1622524,315.1622524,1.2048483095978216e-05
Orbitrap,15.75942,15.75942,5,1,1,1,1,315.1884,315.1884,315.1884,1.2048483095978216e-05
Orbitrap,15.76264928,15.76264928,8,1,1,1,1,315.2529856,315.2529856,315.2529856,1.2048483095978216e-05
Orbitrap,15.781026000000002,15.781026000000002,15,1,1,1,1,263.0171,263.0171,263.0171,1.2048483095978216e-05
Orbitrap,15.783006,15.783006,6,1,1,1,1,263.0501,263.0501,263.0501,1.2048483095978216e-05
Orbitrap,15.7988544,15.7988544,7,1,1,1,1,188.0816,188.0816,188.0816,1.2048483095978216e-05
Orbitrap,15.804852,15.804852,6,1,1,1,1,395.1213,395.1213,395.1213,1.2048483095978216e-05
Orbitrap,15.805485534667948,15.805485534667948,15,1,1,1,1,316.109710693359,316.109710693359,316.109710693359,1.2048483095978216e-05
Orbitrap,15.8059637942913,15.8059637942913,13,1,1,1,1,316.119275885826,316.119275885826,316.119275885826,1.2048483095978216e-05
Orbitrap,15.807695,15.807695,6,1,1,1,1,316.1539,316.1539,316.1539,1.2048483095978216e-05
Orbitrap,15.812411725000002,15.812411725000002,15,1,1,1,1,316.2482345,316.2482345,316.2482345,1.2048483095978216e-05
Orbitrap,15.816828,15.816828,6,1,1,1,1,527.2276,527.2276,527.2276,1.2048483095978216e-05
Orbitrap,15.849,15.849,3,1,1,1,1,198.1125,198.1125,198.1125,1.2048483095978216e-05
Orbitrap,15.8557203934063,15.8557203934063,13,1,1,1,1,317.114407868126,317.114407868126,317.114407868126,1.2048483095978216e-05
Orbitrap,15.8569790403274,15.8569790403274,13,1,1,1,1,317.139580806548,317.139580806548,317.139580806548,1.2048483095978216e-05
Orbitrap,15.8592873079796,15.8592873079796,13,1,1,1,1,317.185746159592,317.185746159592,317.185746159592,1.2048483095978216e-05
Orbitrap,15.8993606567383,15.8993606567383,13,1,1,1,1,317.987213134766,317.987213134766,317.987213134766,1.2048483095978216e-05
Orbitrap,15.9044464111328,15.9044464111328,13,1,1,1,1,318.088928222656,318.088928222656,318.088928222656,1.2048483095978216e-05
Orbitrap,15.907395,15.907395,6,1,1,1,1,530.2465,530.2465,530.2465,1.2048483095978216e-05
Orbitrap,15.910290000000002,15.910290000000002,15,1,1,1,1,318.2058,318.2058,318.2058,1.2048483095978216e-05
Orbitrap,15.91501,15.91501,5,1,1,1,1,318.3002,318.3002,318.3002,1.2048483095978216e-05
Orbitrap,15.952225000000002,15.952225000000002,15,1,1,1,1,319.0445,319.0445,319.0445,1.2048483095978216e-05
Orbitrap,15.952242165,15.952242165,9,1,1,1,1,319.0448433,319.0448433,319.0448433,1.2048483095978216e-05
Orbitrap,15.954005,15.954005,6,1,1,1,1,319.0801,319.0801,319.0801,1.2048483095978216e-05
Orbitrap,15.955425,15.955425,6,1,1,1,1,319.1085,319.1085,319.1085,1.2048483095978216e-05
Orbitrap,15.958105,15.958105,6,1,1,1,1,319.1621,319.1621,319.1621,1.2048483095978216e-05
Orbitrap,15.95879,15.95879,5,1,1,1,1,319.1758,319.1758,319.1758,1.2048483095978216e-05
Orbitrap,15.960132000000002,15.960132000000002,15,1,1,1,1,399.0033,399.0033,399.0033,1.2048483095978216e-05
Orbitrap,15.963876,15.963876,6,1,1,1,1,399.0969,399.0969,399.0969,1.2048483095978216e-05
Orbitrap,15.965748,15.965748,6,1,1,1,1,266.0958,266.0958,266.0958,1.2048483095978216e-05
Orbitrap,15.967485,15.967485,6,1,1,1,1,266.12475,266.12475,266.12475,1.2048483095978216e-05
Orbitrap,15.970024,15.970024,6,1,1,1,1,399.2506,399.2506,399.2506,1.2048483095978216e-05
Orbitrap,16.00259579737785,16.00259579737785,14,1,1,1,1,320.051915947557,320.051915947557,320.051915947557,1.2048483095978216e-05
Orbitrap,16.00272,16.00272,5,1,1,1,1,160.0272,160.0272,160.0272,1.2048483095978216e-05
Orbitrap,16.00523529052735,16.00523529052735,14,1,1,1,1,320.104705810547,320.104705810547,320.104705810547,1.2048483095978216e-05
Orbitrap,16.005920000000003,16.005920000000003,15,1,1,1,1,200.074,200.074,200.074,1.2048483095978216e-05
Orbitrap,16.025178,16.025178,6,1,1,1,1,267.0863,267.0863,267.0863,1.2048483095978216e-05
Orbitrap,16.029546000000003,16.029546000000003,15,1,1,1,1,267.1591,267.1591,267.1591,1.2048483095978216e-05
Orbitrap,16.030320000000003,16.030320000000003,15,1,1,1,1,267.172,267.172,267.172,1.2048483095978216e-05
Orbitrap,16.05059661865235,16.05059661865235,14,1,1,1,1,321.011932373047,321.011932373047,321.011932373047,1.2048483095978216e-05
Orbitrap,16.05093,16.05093,5,1,1,1,1,321.0186,321.0186,321.0186,1.2048483095978216e-05
Orbitrap,16.054183695979653,16.054183695979653,15,1,1,1,1,321.083673919593,321.083673919593,321.083673919593,1.2048483095978216e-05
Orbitrap,16.05458366616055,16.05458366616055,14,1,1,1,1,321.091673323211,321.091673323211,321.091673323211,1.2048483095978216e-05
Orbitrap,16.055729195803597,16.055729195803597,15,1,1,1,1,321.114583916072,321.114583916072,321.114583916072,1.2048483095978216e-05
Orbitrap,16.057975458771498,16.057975458771498,15,1,1,1,1,321.15950917543,321.15950917543,321.15950917543,1.2048483095978216e-05
Orbitrap,16.058538835473602,16.058538835473602,15,1,1,1,1,321.170776709472,321.170776709472,321.170776709472,1.2048483095978216e-05
Orbitrap,16.0872,16.0872,4,1,1,1,1,134.06,134.06,134.06,1.2048483095978216e-05
Orbitrap,16.090556,16.090556,6,1,1,1,1,402.2639,402.2639,402.2639,1.2048483095978216e-05
Orbitrap,16.10330963134765,16.10330963134765,14,1,1,1,1,322.066192626953,322.066192626953,322.066192626953,1.2048483095978216e-05
Orbitrap,16.10608861005605,16.10608861005605,14,1,1,1,1,322.121772201121,322.121772201121,322.121772201121,1.2048483095978216e-05
Orbitrap,16.107509999999998,16.107509999999998,15,1,1,1,1,322.1502,322.1502,322.1502,1.2048483095978216e-05
Orbitrap,16.107745625836152,16.107745625836152,15,1,1,1,1,322.154912516723,322.154912516723,322.154912516723,1.2048483095978216e-05
Orbitrap,16.10878,16.10878,5,1,1,1,1,322.1756,322.1756,322.1756,1.2048483095978216e-05
Orbitrap,16.109566978319048,16.109566978319048,15,1,1,1,1,322.191339566381,322.191339566381,322.191339566381,1.2048483095978216e-05
Orbitrap,16.111359999999998,16.111359999999998,15,1,1,1,1,322.2272,322.2272,322.2272,1.2048483095978216e-05
Orbitrap,16.112124,16.112124,6,1,1,1,1,115.0866,115.0866,115.0866,1.2048483095978216e-05
Orbitrap,16.12846,16.12846,5,1,1,1,1,403.2115,403.2115,403.2115,1.2048483095978216e-05
Orbitrap,16.140204,16.140204,6,1,1,1,1,269.0034,269.0034,269.0034,1.2048483095978216e-05
Orbitrap,16.149888,16.149888,6,1,1,1,1,269.1648,269.1648,269.1648,1.2048483095978216e-05
Orbitrap,16.15924,16.15924,5,1,1,1,1,323.1848,323.1848,323.1848,1.2048483095978216e-05
Orbitrap,16.172024999999998,16.172024999999998,15,1,1,1,1,539.0675,539.0675,539.0675,1.2048483095978216e-05
Orbitrap,16.174416,16.174416,6,1,1,1,1,202.1802,202.1802,202.1802,1.2048483095978216e-05
Orbitrap,16.177111999999997,16.177111999999997,15,1,1,1,1,231.1016,231.1016,231.1016,1.2048483095978216e-05
Orbitrap,16.198237609863302,16.198237609863302,15,1,1,1,1,323.964752197266,323.964752197266,323.964752197266,1.2048483095978216e-05
Orbitrap,16.199106,16.199106,6,1,1,1,1,539.9702,539.9702,539.9702,1.2048483095978216e-05
Orbitrap,16.202935,16.202935,6,1,1,1,1,324.0587,324.0587,324.0587,1.2048483095978216e-05
Orbitrap,16.20295635,16.20295635,8,1,1,1,1,324.059127,324.059127,324.059127,1.2048483095978216e-05
Orbitrap,16.204493713378902,16.204493713378902,15,1,1,1,1,324.089874267578,324.089874267578,324.089874267578,1.2048483095978216e-05
Orbitrap,16.209171,16.209171,6,1,1,1,1,180.1019,180.1019,180.1019,1.2048483095978216e-05
Orbitrap,16.210544,16.210544,6,1,1,1,1,405.2636,405.2636,405.2636,1.2048483095978216e-05
Orbitrap,16.21148913,16.21148913,8,1,0,1,0,324.2297826,324.2297826,324.2297826,1.2048483095978216e-05
Orbitrap,16.247416,16.247416,6,1,1,1,1,203.0927,203.0927,203.0927,1.2048483095978216e-05
Orbitrap,16.252022399999998,16.252022399999998,15,1,1,1,1,203.15028,203.15028,203.15028,1.2048483095978216e-05
Orbitrap,16.25215713,16.25215713,8,1,1,1,1,325.0431426,325.0431426,325.0431426,1.2048483095978216e-05
Orbitrap,16.254354858398447,16.254354858398447,15,1,1,1,1,325.087097167969,325.087097167969,325.087097167969,1.2048483095978216e-05
Orbitrap,16.255485,16.255485,6,1,1,1,1,325.1097,325.1097,325.1097,1.2048483095978216e-05
Orbitrap,16.257705,16.257705,6,1,1,1,1,325.1541,325.1541,325.1541,1.2048483095978216e-05
Orbitrap,16.258065,16.258065,6,1,1,1,1,325.1613,325.1613,325.1613,1.2048483095978216e-05
Orbitrap,16.258291801345898,16.258291801345898,15,1,1,1,1,325.165836026918,325.165836026918,325.165836026918,1.2048483095978216e-05
Orbitrap,16.258525,16.258525,6,1,1,1,1,325.1705,325.1705,325.1705,1.2048483095978216e-05
Orbitrap,16.25853,16.25853,5,1,1,1,1,325.1706,325.1706,325.1706,1.2048483095978216e-05
Orbitrap,16.265700000000002,16.265700000000002,15,1,1,1,1,271.095,271.095,271.095,1.2048483095978216e-05
Orbitrap,16.265736,16.265736,6,1,1,1,1,271.0956,271.0956,271.0956,1.2048483095978216e-05
Orbitrap,16.28884,16.28884,5,1,1,1,1,407.221,407.221,407.221,1.2048483095978216e-05
Orbitrap,16.293858,16.293858,6,1,1,1,1,543.1286,543.1286,543.1286,1.2048483095978216e-05
Orbitrap,16.3047746403953,16.3047746403953,13,1,1,1,1,326.095492807906,326.095492807906,326.095492807906,1.2048483095978216e-05
Orbitrap,16.306607373026402,16.306607373026402,15,1,1,1,1,326.132147460528,326.132147460528,326.132147460528,1.2048483095978216e-05
Orbitrap,16.307644999999997,16.307644999999997,15,1,1,1,1,326.1529,326.1529,326.1529,1.2048483095978216e-05
Orbitrap,16.31054,16.31054,5,1,1,1,1,326.2108,326.2108,326.2108,1.2048483095978216e-05
Orbitrap,16.311615,16.311615,6,1,1,1,1,326.2323,326.2323,326.2323,1.2048483095978216e-05
Orbitrap,16.312365,16.312365,6,1,1,1,1,326.2473,326.2473,326.2473,1.2048483095978216e-05
Orbitrap,16.328152,16.328152,6,1,1,1,1,204.1019,204.1019,204.1019,1.2048483095978216e-05
Orbitrap,16.3281544,16.3281544,7,1,1,1,1,204.10193,204.10193,204.10193,1.2048483095978216e-05
Orbitrap,16.329084,16.329084,6,1,1,1,1,136.0757,136.0757,136.0757,1.2048483095978216e-05
Orbitrap,16.32924,16.32924,5,1,1,1,1,272.154,272.154,272.154,1.2048483095978216e-05
Orbitrap,16.329952,16.329952,6,1,1,1,1,204.1244,204.1244,204.1244,1.2048483095978216e-05
Orbitrap,16.355595397949198,16.355595397949198,15,1,1,1,1,327.111907958984,327.111907958984,327.111907958984,1.2048483095978216e-05
Orbitrap,16.3597707880386,16.3597707880386,13,1,1,1,1,327.195415760772,327.195415760772,327.195415760772,1.2048483095978216e-05
Orbitrap,16.365479999999998,16.365479999999998,15,1,1,1,1,409.137,409.137,409.137,1.2048483095978216e-05
Orbitrap,16.40512,16.40512,5,1,1,1,1,328.1024,328.1024,328.1024,1.2048483095978216e-05
Orbitrap,16.405135,16.405135,6,1,1,1,1,328.1027,328.1027,328.1027,1.2048483095978216e-05
Orbitrap,16.40586,16.40586,5,1,1,1,1,328.1172,328.1172,328.1172,1.2048483095978216e-05
Orbitrap,16.40603,16.40603,5,1,1,1,1,328.1206,328.1206,328.1206,1.2048483095978216e-05
Orbitrap,16.40632144641505,16.40632144641505,14,1,1,1,1,328.126428928301,328.126428928301,328.126428928301,1.2048483095978216e-05
Orbitrap,16.4073881766435,16.4073881766435,13,1,1,1,1,328.14776353287,328.14776353287,328.14776353287,1.2048483095978216e-05
Orbitrap,16.4095,16.4095,4,1,1,1,1,328.19,328.19,328.19,1.2048483095978216e-05
Orbitrap,16.409752,16.409752,6,1,1,1,1,410.2438,410.2438,410.2438,1.2048483095978216e-05
Orbitrap,16.441986,16.441986,6,1,1,1,1,274.0331,274.0331,274.0331,1.2048483095978216e-05
Orbitrap,16.444324,16.444324,6,1,1,1,1,411.1081,411.1081,411.1081,1.2048483095978216e-05
Orbitrap,16.447912,16.447912,6,1,1,1,1,411.1978,411.1978,411.1978,1.2048483095978216e-05
Orbitrap,16.448764000000004,16.448764000000004,15,1,1,1,1,411.2191,411.2191,411.2191,1.2048483095978216e-05
Orbitrap,16.460086999999998,16.460086999999998,15,1,1,1,1,235.1441,235.1441,235.1441,1.2048483095978216e-05
Orbitrap,16.462230378170553,16.462230378170553,15,1,1,1,1,329.244607563411,329.244607563411,329.244607563411,1.2048483095978216e-05
Orbitrap,16.4853448,16.4853448,7,1,1,1,1,206.06681,206.06681,206.06681,1.2048483095978216e-05
Orbitrap,16.502148000000002,16.502148000000002,15,1,1,1,1,275.0358,275.0358,275.0358,1.2048483095978216e-05
Orbitrap,16.502969999999998,16.502969999999998,15,1,1,1,1,330.0594,330.0594,330.0594,1.2048483095978216e-05
Orbitrap,16.5035235932067,16.5035235932067,13,1,1,1,1,330.070471864134,330.070471864134,330.070471864134,1.2048483095978216e-05
Orbitrap,16.504271999999997,16.504271999999997,15,1,1,1,1,275.0712,275.0712,275.0712,1.2048483095978216e-05
Orbitrap,16.505484,16.505484,6,1,1,1,1,275.0914,275.0914,275.0914,1.2048483095978216e-05
Orbitrap,16.506177533338548,16.506177533338548,15,1,1,1,1,330.123550666771,330.123550666771,330.123550666771,1.2048483095978216e-05
Orbitrap,16.50675,16.50675,5,1,1,1,1,275.1125,275.1125,275.1125,1.2048483095978216e-05
Orbitrap,16.50747,16.50747,5,1,1,1,1,330.1494,330.1494,330.1494,1.2048483095978216e-05
Orbitrap,16.507499884999998,16.507499884999998,15,1,1,1,1,330.1499977,330.1499977,330.1499977,1.2048483095978216e-05
Orbitrap,16.507621355959,16.507621355959,12,1,1,1,1,330.15242711918,330.15242711918,330.15242711918,1.2048483095978216e-05
Orbitrap,16.532082,16.532082,6,1,1,1,1,118.0863,118.0863,118.0863,1.2048483095978216e-05
Orbitrap,16.55428302243415,16.55428302243415,14,1,1,1,1,331.085660448683,331.085660448683,331.085660448683,1.2048483095978216e-05
Orbitrap,16.55775920010705,16.55775920010705,14,1,1,1,1,331.155184002141,331.155184002141,331.155184002141,1.2048483095978216e-05
Orbitrap,16.563792000000003,16.563792000000003,15,1,1,1,1,276.0632,276.0632,276.0632,1.2048483095978216e-05
Orbitrap,16.56553280881335,16.56553280881335,14,1,1,1,1,331.310656176267,331.310656176267,331.310656176267,1.2048483095978216e-05
Orbitrap,16.573944,16.573944,6,1,1,1,1,207.1743,207.1743,207.1743,1.2048483095978216e-05
Orbitrap,16.603205,16.603205,6,1,1,1,1,332.0641,332.0641,332.0641,1.2048483095978216e-05
Orbitrap,16.603465,16.603465,6,1,1,1,1,332.0693,332.0693,332.0693,1.2048483095978216e-05
Orbitrap,16.60370349,16.60370349,8,1,0,1,0,332.0740698,332.0740698,332.0740698,1.2048483095978216e-05
Orbitrap,16.60602,16.60602,5,1,1,1,1,332.1204,332.1204,332.1204,1.2048483095978216e-05
Orbitrap,16.60882765436755,16.60882765436755,14,1,1,1,1,332.176553087351,332.176553087351,332.176553087351,1.2048483095978216e-05
Orbitrap,16.6093395913295,16.6093395913295,13,1,1,1,1,332.18679182659,332.18679182659,332.18679182659,1.2048483095978216e-05
Orbitrap,16.609360000000002,16.609360000000002,15,1,1,1,1,415.234,415.234,415.234,1.2048483095978216e-05
Orbitrap,16.650655999999998,16.650655999999998,15,1,1,1,1,208.1332,208.1332,208.1332,1.2048483095978216e-05
Orbitrap,16.65615523816675,16.65615523816675,14,1,1,1,1,333.123104763335,333.123104763335,333.123104763335,1.2048483095978216e-05
Orbitrap,16.65728313499095,16.65728313499095,14,1,1,1,1,333.145662699819,333.145662699819,333.145662699819,1.2048483095978216e-05
Orbitrap,16.686023999999996,16.686023999999996,15,1,1,1,1,139.0502,139.0502,139.0502,1.2048483095978216e-05
Orbitrap,16.689536,16.689536,6,1,1,1,1,417.2384,417.2384,417.2384,1.2048483095978216e-05
Orbitrap,16.7061462402344,16.7061462402344,13,1,1,1,1,334.122924804688,334.122924804688,334.122924804688,1.2048483095978216e-05
Orbitrap,16.707785,16.707785,6,1,1,1,1,334.1557,334.1557,334.1557,1.2048483095978216e-05
Orbitrap,16.7273672,16.7273672,7,1,1,1,1,209.09209,209.09209,209.09209,1.2048483095978216e-05
Orbitrap,16.730352,16.730352,6,1,1,1,1,418.2588,418.2588,418.2588,1.2048483095978216e-05
Orbitrap,16.746768,16.746768,6,1,1,1,1,279.1128,279.1128,279.1128,1.2048483095978216e-05
Orbitrap,16.75213470458985,16.75213470458985,14,1,1,1,1,335.042694091797,335.042694091797,335.042694091797,1.2048483095978216e-05
Orbitrap,16.75306854248045,16.75306854248045,14,1,1,1,1,335.061370849609,335.061370849609,335.061370849609,1.2048483095978216e-05
Orbitrap,16.75315015414585,16.75315015414585,14,1,1,1,1,335.063003082917,335.063003082917,335.063003082917,1.2048483095978216e-05
Orbitrap,16.753194999999998,16.753194999999998,15,1,1,1,1,335.0639,335.0639,335.0639,1.2048483095978216e-05
Orbitrap,16.757364999999997,16.757364999999997,15,1,1,1,1,335.1473,335.1473,335.1473,1.2048483095978216e-05
Orbitrap,16.757773946543598,16.757773946543598,15,1,1,1,1,335.155478930872,335.155478930872,335.155478930872,1.2048483095978216e-05
Orbitrap,16.8011520385742,16.8011520385742,13,1,1,1,1,336.023040771484,336.023040771484,336.023040771484,1.2048483095978216e-05
Orbitrap,16.803792,16.803792,6,1,1,1,1,420.0948,420.0948,420.0948,1.2048483095978216e-05
Orbitrap,16.80586630668445,16.80586630668445,14,1,1,1,1,336.117326133689,336.117326133689,336.117326133689,1.2048483095978216e-05
Orbitrap,16.8066668743371,16.8066668743371,13,1,1,1,1,336.133337486742,336.133337486742,336.133337486742,1.2048483095978216e-05
Orbitrap,16.806707601912148,16.806707601912148,15,1,1,1,1,336.134152038243,336.134152038243,336.134152038243,1.2048483095978216e-05
Orbitrap,16.8078414916992,16.8078414916992,13,1,1,1,1,336.156829833984,336.156829833984,336.156829833984,1.2048483095978216e-05
Orbitrap,16.808305,16.808305,6,1,1,1,1,336.1661,336.1661,336.1661,1.2048483095978216e-05
Orbitrap,16.80852418976025,16.80852418976025,14,1,1,1,1,336.170483795205,336.170483795205,336.170483795205,1.2048483095978216e-05
Orbitrap,16.80935067709075,16.80935067709075,14,1,1,1,1,336.187013541815,336.187013541815,336.187013541815,1.2048483095978216e-05
Orbitrap,16.81034266869755,16.81034266869755,14,1,1,1,1,336.206853373951,336.206853373951,336.206853373951,1.2048483095978216e-05
Orbitrap,16.833509999999997,16.833509999999997,15,1,1,1,1,187.039,187.039,187.039,1.2048483095978216e-05
Orbitrap,16.85425720214845,16.85425720214845,14,1,1,1,1,337.085144042969,337.085144042969,337.085144042969,1.2048483095978216e-05
Orbitrap,16.85772737843265,16.85772737843265,14,1,1,1,1,337.154547568653,337.154547568653,337.154547568653,1.2048483095978216e-05
Orbitrap,16.8595321780706,16.8595321780706,13,1,1,1,1,337.190643561412,337.190643561412,337.190643561412,1.2048483095978216e-05
Orbitrap,16.86771,16.86771,5,1,1,1,1,281.1285,281.1285,281.1285,1.2048483095978216e-05
Orbitrap,16.870482,16.870482,6,1,1,1,1,281.1747,281.1747,281.1747,1.2048483095978216e-05
Orbitrap,16.874487000000002,16.874487000000002,15,1,1,1,1,241.0641,241.0641,241.0641,1.2048483095978216e-05
Orbitrap,16.88596,16.88596,5,1,1,1,1,211.0745,211.0745,211.0745,1.2048483095978216e-05
Orbitrap,16.888752,16.888752,6,1,1,1,1,211.1094,211.1094,211.1094,1.2048483095978216e-05
Orbitrap,16.902595,16.902595,6,1,1,1,1,338.0519,338.0519,338.0519,1.2048483095978216e-05
Orbitrap,16.9074818089802,16.9074818089802,13,1,1,1,1,338.149636179604,338.149636179604,338.149636179604,1.2048483095978216e-05
Orbitrap,16.907515,16.907515,6,1,1,1,1,338.1503,338.1503,338.1503,1.2048483095978216e-05
Orbitrap,16.90754859343305,16.90754859343305,14,1,1,1,1,338.150971868661,338.150971868661,338.150971868661,1.2048483095978216e-05
Orbitrap,16.908734999999997,16.908734999999997,15,1,1,1,1,338.1747,338.1747,338.1747,1.2048483095978216e-05
Orbitrap,16.909301521837197,16.909301521837197,15,1,1,1,1,338.186030436744,338.186030436744,338.186030436744,1.2048483095978216e-05
Orbitrap,16.91054,16.91054,5,1,1,1,1,338.2108,338.2108,338.2108,1.2048483095978216e-05
Orbitrap,16.917080000000002,16.917080000000002,15,1,1,1,1,338.3416,338.3416,338.3416,1.2048483095978216e-05
Orbitrap,16.921284000000004,16.921284000000004,15,1,1,1,1,282.0214,282.0214,282.0214,1.2048483095978216e-05
Orbitrap,16.925345999999998,16.925345999999998,15,1,1,1,1,282.0891,282.0891,282.0891,1.2048483095978216e-05
Orbitrap,16.925538,16.925538,6,1,1,1,1,282.0923,282.0923,282.0923,1.2048483095978216e-05
Orbitrap,16.927182600000002,16.927182600000002,15,1,1,1,1,282.11971,282.11971,282.11971,1.2048483095978216e-05
Orbitrap,16.931718,16.931718,6,1,1,1,1,94.0651,94.0651,94.0651,1.2048483095978216e-05
Orbitrap,16.933619999999998,16.933619999999998,15,1,1,1,1,141.1135,141.1135,141.1135,1.2048483095978216e-05
Orbitrap,16.936746000000003,16.936746000000003,15,1,1,1,1,282.2791,282.2791,282.2791,1.2048483095978216e-05
Orbitrap,16.9568588256836,16.9568588256836,13,1,1,1,1,339.137176513672,339.137176513672,339.137176513672,1.2048483095978216e-05
Orbitrap,16.960805,16.960805,6,1,1,1,1,339.2161,339.2161,339.2161,1.2048483095978216e-05
Orbitrap,16.960830005,16.960830005,9,1,1,1,1,339.2166001,339.2166001,339.2166001,1.2048483095978216e-05
Orbitrap,16.9634488,16.9634488,7,1,1,1,1,212.04311,212.04311,212.04311,1.2048483095978216e-05
Orbitrap,16.96468,16.96468,5,1,1,1,1,212.0585,212.0585,212.0585,1.2048483095978216e-05
Orbitrap,16.9673408,16.9673408,7,1,1,1,1,212.09176,212.09176,212.09176,1.2048483095978216e-05
Orbitrap,16.976633999999997,16.976633999999997,15,1,1,1,1,282.9439,282.9439,282.9439,1.2048483095978216e-05
Orbitrap,17.00440521240235,17.00440521240235,14,1,1,1,1,340.088104248047,340.088104248047,340.088104248047,1.2048483095978216e-05
Orbitrap,17.00456060625035,17.00456060625035,14,1,1,1,1,340.091212125007,340.091212125007,340.091212125007,1.2048483095978216e-05
Orbitrap,17.005013619829548,17.005013619829548,15,1,1,1,1,340.100272396591,340.100272396591,340.100272396591,1.2048483095978216e-05
Orbitrap,17.005315,17.005315,6,1,1,1,1,340.1063,340.1063,340.1063,1.2048483095978216e-05
Orbitrap,17.006057739257802,17.006057739257802,15,1,1,1,1,340.121154785156,340.121154785156,340.121154785156,1.2048483095978216e-05
Orbitrap,17.0077,17.0077,4,1,1,1,1,340.154,340.154,340.154,1.2048483095978216e-05
Orbitrap,17.0082730140899,17.0082730140899,13,1,1,1,1,340.165460281798,340.165460281798,340.165460281798,1.2048483095978216e-05
Orbitrap,17.00964,17.00964,5,1,1,1,1,170.0964,170.0964,170.0964,1.2048483095978216e-05
Orbitrap,17.01133,17.01133,5,1,1,1,1,340.2266,340.2266,340.2266,1.2048483095978216e-05
Orbitrap,17.0145,17.0145,4,1,1,1,1,425.3625,425.3625,425.3625,1.2048483095978216e-05
Orbitrap,17.041031999999998,17.041031999999998,15,1,1,1,1,142.0086,142.0086,142.0086,1.2048483095978216e-05
Orbitrap,17.046312,17.046312,6,1,1,1,1,213.0789,213.0789,213.0789,1.2048483095978216e-05
Orbitrap,17.046764,17.046764,6,1,1,1,1,426.1691,426.1691,426.1691,1.2048483095978216e-05
Orbitrap,17.054002380371102,17.054002380371102,15,1,1,1,1,341.080047607422,341.080047607422,341.080047607422,1.2048483095978216e-05
Orbitrap,17.054335405000003,17.054335405000003,15,1,1,1,1,341.0867081,341.0867081,341.0867081,1.2048483095978216e-05
Orbitrap,17.058385,17.058385,6,1,1,1,1,341.1677,341.1677,341.1677,1.2048483095978216e-05
Orbitrap,17.05985796713305,17.05985796713305,14,1,1,1,1,341.197159342661,341.197159342661,341.197159342661,1.2048483095978216e-05
Orbitrap,17.06111269758395,17.06111269758395,14,1,1,1,1,341.222253951679,341.222253951679,341.222253951679,1.2048483095978216e-05
Orbitrap,17.093496,17.093496,6,1,1,1,1,122.0964,122.0964,122.0964,1.2048483095978216e-05
Orbitrap,17.103896999999996,17.103896999999996,15,1,1,1,1,190.0433,190.0433,190.0433,1.2048483095978216e-05
Orbitrap,17.10652,17.10652,5,1,1,1,1,171.0652,171.0652,171.0652,1.2048483095978216e-05
Orbitrap,17.10706463220645,17.10706463220645,14,1,1,1,1,342.141292644129,342.141292644129,342.141292644129,1.2048483095978216e-05
Orbitrap,17.107384999999997,17.107384999999997,15,1,1,1,1,342.1477,342.1477,342.1477,1.2048483095978216e-05
Orbitrap,17.107404,17.107404,6,1,1,1,1,285.1234,285.1234,285.1234,1.2048483095978216e-05
Orbitrap,17.10741016,17.10741016,8,1,1,1,1,342.1482032,342.1482032,342.1482032,1.2048483095978216e-05
Orbitrap,17.108040000000003,17.108040000000003,15,1,1,1,1,171.0804,171.0804,171.0804,1.2048483095978216e-05
Orbitrap,17.108520000000002,17.108520000000002,15,1,1,1,1,285.142,285.142,285.142,1.2048483095978216e-05
Orbitrap,17.127167999999998,17.127167999999998,15,1,1,1,1,214.0896,214.0896,214.0896,1.2048483095978216e-05
Orbitrap,17.130080000000003,17.130080000000003,15,1,1,1,1,214.126,214.126,214.126,1.2048483095978216e-05
Orbitrap,17.152535,17.152535,6,1,1,1,1,343.0507,343.0507,343.0507,1.2048483095978216e-05
Orbitrap,17.156135000000003,17.156135000000003,15,1,1,1,1,343.1227,343.1227,343.1227,1.2048483095978216e-05
Orbitrap,17.156174999999998,17.156174999999998,15,1,1,1,1,343.1235,343.1235,343.1235,1.2048483095978216e-05
Orbitrap,17.161986000000002,17.161986000000002,15,1,1,1,1,286.0331,286.0331,286.0331,1.2048483095978216e-05
Orbitrap,17.19756,17.19756,5,1,1,1,1,171.9756,171.9756,171.9756,1.2048483095978216e-05
Orbitrap,17.197641,17.197641,6,1,1,1,1,191.0849,191.0849,191.0849,1.2048483095978216e-05
Orbitrap,17.20695401098045,17.20695401098045,14,1,1,1,1,344.139080219609,344.139080219609,344.139080219609,1.2048483095978216e-05
Orbitrap,17.207688,17.207688,6,1,1,1,1,215.0961,215.0961,215.0961,1.2048483095978216e-05
Orbitrap,17.20801706884925,17.20801706884925,14,1,1,1,1,344.160341376985,344.160341376985,344.160341376985,1.2048483095978216e-05
Orbitrap,17.20825,17.20825,5,1,1,1,1,344.165,344.165,344.165,1.2048483095978216e-05
Orbitrap,17.20887908935545,17.20887908935545,14,1,1,1,1,344.177581787109,344.177581787109,344.177581787109,1.2048483095978216e-05
Orbitrap,17.210395378264902,17.210395378264902,15,1,1,1,1,344.207907565298,344.207907565298,344.207907565298,1.2048483095978216e-05
Orbitrap,17.2111232,17.2111232,7,1,1,1,1,215.13904,215.13904,215.13904,1.2048483095978216e-05
Orbitrap,17.21332,17.21332,5,1,1,1,1,172.1332,172.1332,172.1332,1.2048483095978216e-05
Orbitrap,17.2134708760763,17.2134708760763,13,1,1,1,1,344.269417521526,344.269417521526,344.269417521526,1.2048483095978216e-05
Orbitrap,17.213976735,17.213976735,9,1,1,1,1,344.2795347,344.2795347,344.2795347,1.2048483095978216e-05
Orbitrap,17.232036,17.232036,6,1,1,1,1,287.2006,287.2006,287.2006,1.2048483095978216e-05
Orbitrap,17.249712,17.249712,6,1,1,1,1,431.2428,431.2428,431.2428,1.2048483095978216e-05
Orbitrap,17.25047607421875,17.25047607421875,14,1,1,1,1,345.009521484375,345.009521484375,345.009521484375,1.2048483095978216e-05
Orbitrap,17.2566021620311,17.2566021620311,13,1,1,1,1,345.132043240622,345.132043240622,345.132043240622,1.2048483095978216e-05
Orbitrap,17.25681915283205,17.25681915283205,14,1,1,1,1,345.136383056641,345.136383056641,345.136383056641,1.2048483095978216e-05
Orbitrap,17.25694,17.25694,5,1,1,1,1,345.1388,345.1388,345.1388,1.2048483095978216e-05
Orbitrap,17.25721,17.25721,5,1,1,1,1,345.1442,345.1442,345.1442,1.2048483095978216e-05
Orbitrap,17.259014999999998,17.259014999999998,15,1,1,1,1,345.1803,345.1803,345.1803,1.2048483095978216e-05
Orbitrap,17.262085,17.262085,6,1,1,1,1,345.2417,345.2417,345.2417,1.2048483095978216e-05
Orbitrap,17.282928,17.282928,6,1,1,1,1,288.0488,288.0488,288.0488,1.2048483095978216e-05
Orbitrap,17.289696,17.289696,6,1,1,1,1,144.0808,144.0808,144.0808,1.2048483095978216e-05
Orbitrap,17.292928,17.292928,6,1,1,1,1,108.0808,108.0808,108.0808,1.2048483095978216e-05
Orbitrap,17.295198,17.295198,6,1,1,1,1,288.2533,288.2533,288.2533,1.2048483095978216e-05
Orbitrap,17.296371459960948,17.296371459960948,15,1,1,1,1,345.927429199219,345.927429199219,345.927429199219,1.2048483095978216e-05
Orbitrap,17.302725000000002,17.302725000000002,15,1,1,1,1,346.0545,346.0545,346.0545,1.2048483095978216e-05
Orbitrap,17.303872680664053,17.303872680664053,15,1,1,1,1,346.077453613281,346.077453613281,346.077453613281,1.2048483095978216e-05
Orbitrap,17.306065000000004,17.306065000000004,15,1,1,1,1,346.1213,346.1213,346.1213,1.2048483095978216e-05
Orbitrap,17.306075,17.306075,6,1,1,1,1,346.1215,346.1215,346.1215,1.2048483095978216e-05
Orbitrap,17.306099425,17.306099425,9,1,1,1,1,346.1219885,346.1219885,346.1219885,1.2048483095978216e-05
Orbitrap,17.3061,17.3061,4,1,1,1,1,346.122,346.122,346.122,1.2048483095978216e-05
Orbitrap,17.308396911621102,17.308396911621102,15,1,1,1,1,346.167938232422,346.167938232422,346.167938232422,1.2048483095978216e-05
Orbitrap,17.31061414037455,17.31061414037455,14,1,1,1,1,346.212282807491,346.212282807491,346.212282807491,1.2048483095978216e-05
Orbitrap,17.346131999999997,17.346131999999997,15,1,1,1,1,289.1022,289.1022,289.1022,1.2048483095978216e-05
Orbitrap,17.354605,17.354605,6,1,1,1,1,347.0921,347.0921,347.0921,1.2048483095978216e-05
Orbitrap,17.3557861328125,17.3557861328125,13,1,1,1,1,347.11572265625,347.11572265625,347.11572265625,1.2048483095978216e-05
Orbitrap,17.356188115000002,17.356188115000002,15,1,1,1,1,347.1237623,347.1237623,347.1237623,1.2048483095978216e-05
Orbitrap,17.366352,17.366352,6,1,1,1,1,217.0794,217.0794,217.0794,1.2048483095978216e-05
Orbitrap,17.4035,17.4035,4,1,1,1,1,348.07,348.07,348.07,1.2048483095978216e-05
Orbitrap,17.403509999999997,17.403509999999997,15,1,1,1,1,348.0702,348.0702,348.0702,1.2048483095978216e-05
Orbitrap,17.403515,17.403515,6,1,1,1,1,348.0703,348.0703,348.0703,1.2048483095978216e-05
Orbitrap,17.403518020000003,17.403518020000003,15,1,1,1,1,348.0703604,348.0703604,348.0703604,1.2048483095978216e-05
Orbitrap,17.40366,17.40366,5,1,1,1,1,290.061,290.061,290.061,1.2048483095978216e-05
Orbitrap,17.40456028477805,17.40456028477805,14,1,1,1,1,348.091205695561,348.091205695561,348.091205695561,1.2048483095978216e-05
Orbitrap,17.40541,17.40541,5,1,1,1,1,174.0541,174.0541,174.0541,1.2048483095978216e-05
Orbitrap,17.414392,17.414392,6,1,1,1,1,435.3598,435.3598,435.3598,1.2048483095978216e-05
Orbitrap,17.447916,17.447916,6,1,1,1,1,436.1979,436.1979,436.1979,1.2048483095978216e-05
Orbitrap,17.449928,17.449928,6,1,1,1,1,436.2482,436.2482,436.2482,1.2048483095978216e-05
Orbitrap,17.45271,17.45271,5,1,1,1,1,349.0542,349.0542,349.0542,1.2048483095978216e-05
Orbitrap,17.45662,17.45662,5,1,1,1,1,349.1324,349.1324,349.1324,1.2048483095978216e-05
Orbitrap,17.458765,17.458765,6,1,1,1,1,349.1753,349.1753,349.1753,1.2048483095978216e-05
Orbitrap,17.45885469722105,17.45885469722105,14,1,1,1,1,349.177093944421,349.177093944421,349.177093944421,1.2048483095978216e-05
Orbitrap,17.460585,17.460585,6,1,1,1,1,349.2117,349.2117,349.2117,1.2048483095978216e-05
Orbitrap,17.461842,17.461842,6,1,1,1,1,291.0307,291.0307,291.0307,1.2048483095978216e-05
Orbitrap,17.462994,17.462994,6,1,1,1,1,291.0499,291.0499,291.0499,1.2048483095978216e-05
Orbitrap,17.464314,17.464314,6,1,1,1,1,291.0719,291.0719,291.0719,1.2048483095978216e-05
Orbitrap,17.46537,17.46537,5,1,1,1,1,291.0895,291.0895,291.0895,1.2048483095978216e-05
Orbitrap,17.505819702148447,17.505819702148447,15,1,1,1,1,350.116394042969,350.116394042969,350.116394042969,1.2048483095978216e-05
Orbitrap,17.505825805664053,17.505825805664053,15,1,1,1,1,350.116516113281,350.116516113281,350.116516113281,1.2048483095978216e-05
Orbitrap,17.506085,17.506085,6,1,1,1,1,350.1217,350.1217,350.1217,1.2048483095978216e-05
Orbitrap,17.50631,17.50631,5,1,1,1,1,350.1262,350.1262,350.1262,1.2048483095978216e-05
Orbitrap,17.50874939588355,17.50874939588355,14,1,1,1,1,350.174987917671,350.174987917671,350.174987917671,1.2048483095978216e-05
Orbitrap,17.5088645159024,17.5088645159024,13,1,1,1,1,350.177290318048,350.177290318048,350.177290318048,1.2048483095978216e-05
Orbitrap,17.51044401134105,17.51044401134105,14,1,1,1,1,350.208880226821,350.208880226821,350.208880226821,1.2048483095978216e-05
Orbitrap,17.516849999999998,17.516849999999998,15,1,1,1,1,291.9475,291.9475,291.9475,1.2048483095978216e-05
Orbitrap,17.522736,17.522736,6,1,1,1,1,146.0228,146.0228,146.0228,1.2048483095978216e-05
Orbitrap,17.529023999999996,17.529023999999996,15,1,1,1,1,219.1128,219.1128,219.1128,1.2048483095978216e-05
Orbitrap,17.5290264,17.5290264,7,1,1,1,1,219.11283,219.11283,219.11283,1.2048483095978216e-05
Orbitrap,17.53236,17.53236,5,1,1,1,1,292.206,292.206,292.206,1.2048483095978216e-05
Orbitrap,17.55205688476565,17.55205688476565,14,1,1,1,1,351.041137695313,351.041137695313,351.041137695313,1.2048483095978216e-05
Orbitrap,17.580594,17.580594,6,1,1,1,1,293.0099,293.0099,293.0099,1.2048483095978216e-05
Orbitrap,17.584314000000003,17.584314000000003,15,1,1,1,1,293.0719,293.0719,293.0719,1.2048483095978216e-05
Orbitrap,17.585874,17.585874,6,1,1,1,1,293.0979,293.0979,293.0979,1.2048483095978216e-05
Orbitrap,17.586119999999998,17.586119999999998,15,1,1,1,1,293.102,293.102,293.102,1.2048483095978216e-05
Orbitrap,17.587032000000004,17.587032000000004,15,1,1,1,1,293.1172,293.1172,293.1172,1.2048483095978216e-05
Orbitrap,17.588976000000002,17.588976000000002,15,1,1,1,1,293.1496,293.1496,293.1496,1.2048483095978216e-05
Orbitrap,17.600430297851553,17.600430297851553,15,1,1,1,1,352.008605957031,352.008605957031,352.008605957031,1.2048483095978216e-05
Orbitrap,17.606527199999995,17.606527199999995,15,1,1,1,1,220.08159,220.08159,220.08159,1.2048483095978216e-05
Orbitrap,17.608060000000002,17.608060000000002,15,1,1,1,1,352.1612,352.1612,352.1612,1.2048483095978216e-05
Orbitrap,17.608840985299196,17.608840985299196,15,1,1,1,1,352.176819705984,352.176819705984,352.176819705984,1.2048483095978216e-05
Orbitrap,17.608968,17.608968,6,1,1,1,1,220.1121,220.1121,220.1121,1.2048483095978216e-05
Orbitrap,17.6094376,17.6094376,7,1,1,1,1,220.11797,220.11797,220.11797,1.2048483095978216e-05
Orbitrap,17.646023999999997,17.646023999999997,15,1,1,1,1,294.1004,294.1004,294.1004,1.2048483095978216e-05
Orbitrap,17.64668,17.64668,5,1,1,1,1,441.167,441.167,441.167,1.2048483095978216e-05
Orbitrap,17.6540747075558,17.6540747075558,13,1,1,1,1,353.081494151116,353.081494151116,353.081494151116,1.2048483095978216e-05
Orbitrap,17.65747985892325,17.65747985892325,14,1,1,1,1,353.149597178465,353.149597178465,353.149597178465,1.2048483095978216e-05
Orbitrap,17.661108976316253,17.661108976316253,15,1,1,1,1,353.222179526325,353.222179526325,353.222179526325,1.2048483095978216e-05
Orbitrap,17.685944,17.685944,6,1,1,1,1,221.0743,221.0743,221.0743,1.2048483095978216e-05
Orbitrap,17.7024,17.7024,4,1,1,1,1,295.04,295.04,295.04,1.2048483095978216e-05
Orbitrap,17.704919999999998,17.704919999999998,15,1,1,1,1,295.082,295.082,295.082,1.2048483095978216e-05
Orbitrap,17.7063939367258,17.7063939367258,13,1,1,1,1,354.127878734516,354.127878734516,354.127878734516,1.2048483095978216e-05
Orbitrap,17.706462,17.706462,6,1,1,1,1,295.1077,295.1077,295.1077,1.2048483095978216e-05
Orbitrap,17.7096215608521,17.7096215608521,13,1,1,1,1,354.192431217042,354.192431217042,354.192431217042,1.2048483095978216e-05
Orbitrap,17.7098148965204,17.7098148965204,13,1,1,1,1,354.196297930408,354.196297930408,354.196297930408,1.2048483095978216e-05
Orbitrap,17.75511791,17.75511791,8,1,1,1,1,355.1023582,355.1023582,355.1023582,1.2048483095978216e-05
Orbitrap,17.757810968966048,17.757810968966048,15,1,1,1,1,355.156219379321,355.156219379321,355.156219379321,1.2048483095978216e-05
Orbitrap,17.7582525383447,17.7582525383447,13,1,1,1,1,355.165050766894,355.165050766894,355.165050766894,1.2048483095978216e-05
Orbitrap,17.762528,17.762528,6,1,1,1,1,222.0316,222.0316,222.0316,1.2048483095978216e-05
Orbitrap,17.763432,17.763432,6,1,1,1,1,222.0429,222.0429,222.0429,1.2048483095978216e-05
Orbitrap,17.76370518407625,17.76370518407625,14,1,1,1,1,355.274103681525,355.274103681525,355.274103681525,1.2048483095978216e-05
Orbitrap,17.76618,17.76618,5,1,1,1,1,296.103,296.103,296.103,1.2048483095978216e-05
Orbitrap,17.767779199999996,17.767779199999996,15,1,1,1,1,222.09724,222.09724,222.09724,1.2048483095978216e-05
Orbitrap,17.807695775748847,17.807695775748847,15,1,1,1,1,356.153915514977,356.153915514977,356.153915514977,1.2048483095978216e-05
Orbitrap,17.823336000000005,17.823336000000005,15,1,1,1,1,297.0556,297.0556,297.0556,1.2048483095978216e-05
Orbitrap,17.827998,17.827998,6,1,1,1,1,297.1333,297.1333,297.1333,1.2048483095978216e-05
Orbitrap,17.845959999999998,17.845959999999998,15,1,1,1,1,223.0745,223.0745,223.0745,1.2048483095978216e-05
Orbitrap,17.85232,17.85232,5,1,1,1,1,223.154,223.154,223.154,1.2048483095978216e-05
Orbitrap,17.8563,17.8563,4,1,1,1,1,357.126,357.126,357.126,1.2048483095978216e-05
Orbitrap,17.85715446680685,17.85715446680685,14,1,1,1,1,357.143089336137,357.143089336137,357.143089336137,1.2048483095978216e-05
Orbitrap,17.859856623827554,17.859856623827554,15,1,1,1,1,357.197132476551,357.197132476551,357.197132476551,1.2048483095978216e-05
Orbitrap,17.85985738930125,17.85985738930125,14,1,1,1,1,357.197147786025,357.197147786025,357.197147786025,1.2048483095978216e-05
Orbitrap,17.86499679,17.86499679,8,1,1,1,1,357.2999358,357.2999358,357.2999358,1.2048483095978216e-05
Orbitrap,17.887224000000003,17.887224000000003,15,1,1,1,1,298.1204,298.1204,298.1204,1.2048483095978216e-05
Orbitrap,17.887559999999997,17.887559999999997,15,1,1,1,1,298.126,298.126,298.126,1.2048483095978216e-05
Orbitrap,17.904175,17.904175,6,1,1,1,1,358.0835,358.0835,358.0835,1.2048483095978216e-05
Orbitrap,17.90476684570315,17.90476684570315,14,1,1,1,1,358.095336914063,358.095336914063,358.095336914063,1.2048483095978216e-05
Orbitrap,17.905145,17.905145,6,1,1,1,1,358.1029,358.1029,358.1029,1.2048483095978216e-05
Orbitrap,17.905990000000003,17.905990000000003,15,1,1,1,1,358.1198,358.1198,358.1198,1.2048483095978216e-05
Orbitrap,17.906065,17.906065,6,1,1,1,1,358.1213,358.1213,358.1213,1.2048483095978216e-05
Orbitrap,17.906080067229198,17.906080067229198,15,1,1,1,1,358.121601344584,358.121601344584,358.121601344584,1.2048483095978216e-05
Orbitrap,17.908307430289053,17.908307430289053,15,1,1,1,1,358.166148605781,358.166148605781,358.166148605781,1.2048483095978216e-05
Orbitrap,17.910024999999997,17.910024999999997,15,1,1,1,1,358.2005,358.2005,358.2005,1.2048483095978216e-05
Orbitrap,17.924424,17.924424,6,1,1,1,1,224.0553,224.0553,224.0553,1.2048483095978216e-05
Orbitrap,17.927336,17.927336,6,1,1,1,1,224.0917,224.0917,224.0917,1.2048483095978216e-05
Orbitrap,17.927692999999998,17.927692999999998,15,1,1,1,1,256.1099,256.1099,256.1099,1.2048483095978216e-05
Orbitrap,17.943684,17.943684,6,1,1,1,1,299.0614,299.0614,299.0614,1.2048483095978216e-05
Orbitrap,17.947855,17.947855,6,1,1,1,1,358.9571,358.9571,358.9571,1.2048483095978216e-05
Orbitrap,17.94834,17.94834,5,1,1,1,1,299.139,299.139,299.139,1.2048483095978216e-05
Orbitrap,17.9498779296875,17.9498779296875,13,1,1,1,1,358.99755859375,358.99755859375,358.99755859375,1.2048483095978216e-05
Orbitrap,17.950524,17.950524,6,1,1,1,1,299.1754,299.1754,299.1754,1.2048483095978216e-05
Orbitrap,17.95512734091715,17.95512734091715,14,1,1,1,1,359.102546818343,359.102546818343,359.102546818343,1.2048483095978216e-05
Orbitrap,17.9569030761719,17.9569030761719,13,1,1,1,1,359.138061523438,359.138061523438,359.138061523438,1.2048483095978216e-05
Orbitrap,17.957011383378802,17.957011383378802,15,1,1,1,1,359.140227667576,359.140227667576,359.140227667576,1.2048483095978216e-05
Orbitrap,17.95815,17.95815,5,1,1,1,1,359.163,359.163,359.163,1.2048483095978216e-05
Orbitrap,18.004006435801198,18.004006435801198,15,1,1,1,1,360.080128716024,360.080128716024,360.080128716024,1.2048483095978216e-05
Orbitrap,18.004464,18.004464,6,1,1,1,1,150.0372,150.0372,150.0372,1.2048483095978216e-05
Orbitrap,18.004572,18.004572,6,1,1,1,1,300.0762,300.0762,300.0762,1.2048483095978216e-05
Orbitrap,18.0060974121094,18.0060974121094,13,1,1,1,1,360.121948242188,360.121948242188,360.121948242188,1.2048483095978216e-05
Orbitrap,18.007269320344,18.007269320344,12,1,1,1,1,360.14538640688,360.14538640688,360.14538640688,1.2048483095978216e-05
Orbitrap,18.007424999999998,18.007424999999998,15,1,1,1,1,360.1485,360.1485,360.1485,1.2048483095978216e-05
Orbitrap,18.007944,18.007944,6,1,1,1,1,150.0662,150.0662,150.0662,1.2048483095978216e-05
Orbitrap,18.008528044599,18.008528044599,12,1,1,1,1,360.17056089198,360.17056089198,360.17056089198,1.2048483095978216e-05
Orbitrap,18.00857,18.00857,5,1,1,1,1,360.1714,360.1714,360.1714,1.2048483095978216e-05
Orbitrap,18.0096500746126,18.0096500746126,13,1,1,1,1,360.193001492252,360.193001492252,360.193001492252,1.2048483095978216e-05
Orbitrap,18.01,18.01,2,1,1,1,1,225.125,225.125,225.125,1.2048483095978216e-05
Orbitrap,18.010189999999998,18.010189999999998,15,1,1,1,1,180.1019,180.1019,180.1019,1.2048483095978216e-05
Orbitrap,18.0560762539969,18.0560762539969,13,1,1,1,1,361.121525079938,361.121525079938,361.121525079938,1.2048483095978216e-05
Orbitrap,18.058291726115147,18.058291726115147,15,1,1,1,1,361.165834522303,361.165834522303,361.165834522303,1.2048483095978216e-05
Orbitrap,18.060005,18.060005,6,1,1,1,1,361.2001,361.2001,361.2001,1.2048483095978216e-05
Orbitrap,18.064242,18.064242,6,1,1,1,1,301.0707,301.0707,301.0707,1.2048483095978216e-05
Orbitrap,18.064428,18.064428,6,1,1,1,1,301.0738,301.0738,301.0738,1.2048483095978216e-05
Orbitrap,18.087168,18.087168,6,1,1,1,1,226.0896,226.0896,226.0896,1.2048483095978216e-05
Orbitrap,18.103935,18.103935,6,1,1,1,1,362.0787,362.0787,362.0787,1.2048483095978216e-05
Orbitrap,18.107549366549502,18.107549366549502,15,1,1,1,1,362.15098733099,362.15098733099,362.15098733099,1.2048483095978216e-05
Orbitrap,18.107652101361698,18.107652101361698,15,1,1,1,1,362.153042027234,362.153042027234,362.153042027234,1.2048483095978216e-05
Orbitrap,18.128332000000004,18.128332000000004,15,1,1,1,1,453.2083,453.2083,453.2083,1.2048483095978216e-05
Orbitrap,18.130506,18.130506,6,1,1,1,1,302.1751,302.1751,302.1751,1.2048483095978216e-05
Orbitrap,18.157696591238352,18.157696591238352,15,1,1,1,1,363.153931824767,363.153931824767,363.153931824767,1.2048483095978216e-05
Orbitrap,18.160845,18.160845,6,1,1,1,1,363.2169,363.2169,363.2169,1.2048483095978216e-05
Orbitrap,18.1653016,18.1653016,7,1,1,1,1,227.06627,227.06627,227.06627,1.2048483095978216e-05
Orbitrap,18.187767,18.187767,6,1,1,1,1,202.0863,202.0863,202.0863,1.2048483095978216e-05
Orbitrap,18.20093,18.20093,5,1,1,1,1,182.0093,182.0093,182.0093,1.2048483095978216e-05
Orbitrap,18.203263755,18.203263755,9,1,1,1,1,364.0652751,364.0652751,364.0652751,1.2048483095978216e-05
Orbitrap,18.20419921875,18.20419921875,11,1,1,1,1,364.083984375,364.083984375,364.083984375,1.2048483095978216e-05
Orbitrap,18.204494000000004,18.204494000000004,15,1,1,1,1,130.0321,130.0321,130.0321,1.2048483095978216e-05
Orbitrap,18.2056,18.2056,4,1,1,1,1,364.112,364.112,364.112,1.2048483095978216e-05
Orbitrap,18.20721704643335,18.20721704643335,14,1,1,1,1,364.144340928667,364.144340928667,364.144340928667,1.2048483095978216e-05
Orbitrap,18.209114000000003,18.209114000000003,15,1,1,1,1,130.0651,130.0651,130.0651,1.2048483095978216e-05
Orbitrap,18.211616,18.211616,6,1,1,1,1,455.2904,455.2904,455.2904,1.2048483095978216e-05
Orbitrap,18.218746000000003,18.218746000000003,15,1,1,1,1,130.1339,130.1339,130.1339,1.2048483095978216e-05
Orbitrap,18.221523,18.221523,6,1,1,1,1,607.3841,607.3841,607.3841,1.2048483095978216e-05
Orbitrap,18.243336000000003,18.243336000000003,15,1,1,1,1,304.0556,304.0556,304.0556,1.2048483095978216e-05
Orbitrap,18.246786,18.246786,6,1,1,1,1,304.1131,304.1131,304.1131,1.2048483095978216e-05
Orbitrap,18.2478328,18.2478328,7,1,1,1,1,228.09791,228.09791,228.09791,1.2048483095978216e-05
Orbitrap,18.250216,18.250216,6,1,1,1,1,228.1277,228.1277,228.1277,1.2048483095978216e-05
Orbitrap,18.251442,18.251442,6,1,1,1,1,304.1907,304.1907,304.1907,1.2048483095978216e-05
Orbitrap,18.25581,18.25581,5,1,1,1,1,304.2635,304.2635,304.2635,1.2048483095978216e-05
Orbitrap,18.25746576641495,18.25746576641495,14,1,1,1,1,365.149315328299,365.149315328299,365.149315328299,1.2048483095978216e-05
Orbitrap,18.2576370239258,18.2576370239258,13,1,1,1,1,365.152740478516,365.152740478516,365.152740478516,1.2048483095978216e-05
Orbitrap,18.25984523519175,18.25984523519175,14,1,1,1,1,365.196904703835,365.196904703835,365.196904703835,1.2048483095978216e-05
Orbitrap,18.261116926979447,18.261116926979447,15,1,1,1,1,365.222338539589,365.222338539589,365.222338539589,1.2048483095978216e-05
Orbitrap,18.290392,18.290392,6,1,1,1,1,457.2598,457.2598,457.2598,1.2048483095978216e-05
Orbitrap,18.3057821562654,18.3057821562654,13,1,1,1,1,366.115643125308,366.115643125308,366.115643125308,1.2048483095978216e-05
Orbitrap,18.307176,18.307176,6,1,1,1,1,305.1196,305.1196,305.1196,1.2048483095978216e-05
Orbitrap,18.30781,18.30781,5,1,1,1,1,183.0781,183.0781,183.0781,1.2048483095978216e-05
Orbitrap,18.309047577370603,18.309047577370603,15,1,1,1,1,366.180951547412,366.180951547412,366.180951547412,1.2048483095978216e-05
Orbitrap,18.30917,18.30917,5,1,1,1,1,183.0917,183.0917,183.0917,1.2048483095978216e-05
Orbitrap,18.3097213745117,18.3097213745117,13,1,1,1,1,366.194427490234,366.194427490234,366.194427490234,1.2048483095978216e-05
Orbitrap,18.310845,18.310845,6,1,1,1,1,366.2169,366.2169,366.2169,1.2048483095978216e-05
Orbitrap,18.31446,18.31446,5,1,1,1,1,122.0964,122.0964,122.0964,1.2048483095978216e-05
Orbitrap,18.3265536,18.3265536,7,1,1,1,1,229.08192,229.08192,229.08192,1.2048483095978216e-05
Orbitrap,18.35445867619475,18.35445867619475,14,1,1,1,1,367.089173523895,367.089173523895,367.089173523895,1.2048483095978216e-05
Orbitrap,18.35841369628905,18.35841369628905,14,1,1,1,1,367.168273925781,367.168273925781,367.168273925781,1.2048483095978216e-05
Orbitrap,18.363464,18.363464,6,1,1,1,1,459.0866,459.0866,459.0866,1.2048483095978216e-05
Orbitrap,18.364884,18.364884,6,1,1,1,1,153.0407,153.0407,153.0407,1.2048483095978216e-05
Orbitrap,18.367626,18.367626,6,1,1,1,1,306.1271,306.1271,306.1271,1.2048483095978216e-05
Orbitrap,18.40196533203125,18.40196533203125,14,1,1,1,1,368.039306640625,368.039306640625,368.039306640625,1.2048483095978216e-05
Orbitrap,18.40203247070315,18.40203247070315,14,1,1,1,1,368.040649414063,368.040649414063,368.040649414063,1.2048483095978216e-05
Orbitrap,18.409336,18.409336,6,1,1,1,1,230.1167,230.1167,230.1167,1.2048483095978216e-05
Orbitrap,18.41193,18.41193,5,1,1,1,1,184.1193,184.1193,184.1193,1.2048483095978216e-05
Orbitrap,18.41348099752075,18.41348099752075,14,1,1,1,1,368.269619950415,368.269619950415,368.269619950415,1.2048483095978216e-05
Orbitrap,18.413856,18.413856,6,1,1,1,1,115.0866,115.0866,115.0866,1.2048483095978216e-05
Orbitrap,18.419824,18.419824,6,1,1,1,1,230.2478,230.2478,230.2478,1.2048483095978216e-05
Orbitrap,18.42924,18.42924,5,1,1,1,1,307.154,307.154,307.154,1.2048483095978216e-05
Orbitrap,18.435792,18.435792,6,1,1,1,1,307.2632,307.2632,307.2632,1.2048483095978216e-05
Orbitrap,18.459595123635403,18.459595123635403,15,1,1,1,1,369.191902472708,369.191902472708,369.191902472708,1.2048483095978216e-05
Orbitrap,18.482004,18.482004,6,1,1,1,1,154.0167,154.0167,154.0167,1.2048483095978216e-05
Orbitrap,18.482116,18.482116,6,1,1,1,1,231.02645,231.02645,231.02645,1.2048483095978216e-05
Orbitrap,18.491936000000003,18.491936000000003,15,1,1,1,1,231.1492,231.1492,231.1492,1.2048483095978216e-05
Orbitrap,18.5022689819336,18.5022689819336,13,1,1,1,1,370.045379638672,370.045379638672,370.045379638672,1.2048483095978216e-05
Orbitrap,18.50415792,18.50415792,8,1,1,1,1,370.0831584,370.0831584,370.0831584,1.2048483095978216e-05
Orbitrap,18.506355,18.506355,6,1,1,1,1,370.1271,370.1271,370.1271,1.2048483095978216e-05
Orbitrap,18.50636513940455,18.50636513940455,14,1,1,1,1,370.127302788091,370.127302788091,370.127302788091,1.2048483095978216e-05
Orbitrap,18.508940000000003,18.508940000000003,15,1,1,1,1,370.1788,370.1788,370.1788,1.2048483095978216e-05
Orbitrap,18.510050000000003,18.510050000000003,15,1,1,1,1,370.201,370.201,370.201,1.2048483095978216e-05
Orbitrap,18.51073,18.51073,5,1,1,1,1,185.1073,185.1073,185.1073,1.2048483095978216e-05
Orbitrap,18.538164,18.538164,6,1,1,1,1,308.9694,308.9694,308.9694,1.2048483095978216e-05
Orbitrap,18.542274,18.542274,6,1,1,1,1,309.0379,309.0379,309.0379,1.2048483095978216e-05
Orbitrap,18.542562,18.542562,6,1,1,1,1,309.0427,309.0427,309.0427,1.2048483095978216e-05
Orbitrap,18.54363,18.54363,5,1,1,1,1,309.0605,309.0605,309.0605,1.2048483095978216e-05
Orbitrap,18.546726,18.546726,6,1,1,1,1,309.1121,309.1121,309.1121,1.2048483095978216e-05
Orbitrap,18.55452270507815,18.55452270507815,14,1,1,1,1,371.090454101563,371.090454101563,371.090454101563,1.2048483095978216e-05
Orbitrap,18.555265,18.555265,6,1,1,1,1,371.1053,371.1053,371.1053,1.2048483095978216e-05
Orbitrap,18.55529158521835,18.55529158521835,14,1,1,1,1,371.105831704367,371.105831704367,371.105831704367,1.2048483095978216e-05
Orbitrap,18.5558598167261,18.5558598167261,13,1,1,1,1,371.117196334522,371.117196334522,371.117196334522,1.2048483095978216e-05
Orbitrap,18.55805084,18.55805084,8,1,1,1,1,371.1610168,371.1610168,371.1610168,1.2048483095978216e-05
Orbitrap,18.55939,18.55939,5,1,1,1,1,371.1878,371.1878,371.1878,1.2048483095978216e-05
Orbitrap,18.564192,18.564192,6,1,1,1,1,232.0524,232.0524,232.0524,1.2048483095978216e-05
Orbitrap,18.5671548,18.5671548,7,1,1,1,1,464.17887,464.17887,464.17887,1.2048483095978216e-05
Orbitrap,18.570656,18.570656,6,1,1,1,1,232.1332,232.1332,232.1332,1.2048483095978216e-05
Orbitrap,18.6058067785042,18.6058067785042,13,1,1,1,1,372.116135570084,372.116135570084,372.116135570084,1.2048483095978216e-05
Orbitrap,18.60743218332855,18.60743218332855,14,1,1,1,1,372.148643666571,372.148643666571,372.148643666571,1.2048483095978216e-05
Orbitrap,18.607735,18.607735,6,1,1,1,1,372.1547,372.1547,372.1547,1.2048483095978216e-05
Orbitrap,18.6077551975025,18.6077551975025,13,1,1,1,1,372.15510395005,372.15510395005,372.15510395005,1.2048483095978216e-05
Orbitrap,18.607905,18.607905,6,1,1,1,1,372.1581,372.1581,372.1581,1.2048483095978216e-05
Orbitrap,18.608436,18.608436,6,1,1,1,1,155.0703,155.0703,155.0703,1.2048483095978216e-05
Orbitrap,18.608528,18.608528,6,1,1,1,1,465.2132,465.2132,465.2132,1.2048483095978216e-05
Orbitrap,18.610566,18.610566,6,1,1,1,1,310.1761,310.1761,310.1761,1.2048483095978216e-05
Orbitrap,18.611609530000003,18.611609530000003,15,1,1,1,1,372.2321906,372.2321906,372.2321906,1.2048483095978216e-05
Orbitrap,18.637182,18.637182,6,1,1,1,1,207.0798,207.0798,207.0798,1.2048483095978216e-05
Orbitrap,18.641944,18.641944,6,1,1,1,1,233.0243,233.0243,233.0243,1.2048483095978216e-05
Orbitrap,18.648856,18.648856,6,1,1,1,1,233.1107,233.1107,233.1107,1.2048483095978216e-05
Orbitrap,18.6582928661787,18.6582928661787,13,1,1,1,1,373.165857323574,373.165857323574,373.165857323574,1.2048483095978216e-05
Orbitrap,18.6601033228851,18.6601033228851,13,1,1,1,1,373.202066457702,373.202066457702,373.202066457702,1.2048483095978216e-05
Orbitrap,18.660665041671503,18.660665041671503,15,1,1,1,1,373.21330083343,373.21330083343,373.21330083343,1.2048483095978216e-05
Orbitrap,18.661866775,18.661866775,9,1,1,1,1,373.2373355,373.2373355,373.2373355,1.2048483095978216e-05
Orbitrap,18.664215,18.664215,6,1,1,1,1,373.2843,373.2843,373.2843,1.2048483095978216e-05
Orbitrap,18.666156,18.666156,6,1,1,1,1,311.1026,311.1026,311.1026,1.2048483095978216e-05
Orbitrap,18.675486,18.675486,6,1,1,1,1,311.2581,311.2581,311.2581,1.2048483095978216e-05
Orbitrap,18.7037567138672,18.7037567138672,13,1,1,1,1,374.075134277344,374.075134277344,374.075134277344,1.2048483095978216e-05
Orbitrap,18.7049478172059,18.7049478172059,13,1,1,1,1,374.098956344118,374.098956344118,374.098956344118,1.2048483095978216e-05
Orbitrap,18.70724,18.70724,5,1,1,1,1,374.1448,374.1448,374.1448,1.2048483095978216e-05
Orbitrap,18.7093090957674,18.7093090957674,13,1,1,1,1,374.186181915348,374.186181915348,374.186181915348,1.2048483095978216e-05
Orbitrap,18.725742,18.725742,6,1,1,1,1,208.0638,208.0638,208.0638,1.2048483095978216e-05
Orbitrap,18.727119,18.727119,6,1,1,1,1,208.0791,208.0791,208.0791,1.2048483095978216e-05
Orbitrap,18.732228,18.732228,6,1,1,1,1,156.1019,156.1019,156.1019,1.2048483095978216e-05
Orbitrap,18.7578043162108,18.7578043162108,13,1,1,1,1,375.156086324216,375.156086324216,375.156086324216,1.2048483095978216e-05
Orbitrap,18.7590647126474,18.7590647126474,13,1,1,1,1,375.181294252948,375.181294252948,375.181294252948,1.2048483095978216e-05
Orbitrap,18.7684,18.7684,4,1,1,1,1,134.06,134.06,134.06,1.2048483095978216e-05
Orbitrap,18.769982,18.769982,6,1,1,1,1,134.0713,134.0713,134.0713,1.2048483095978216e-05
Orbitrap,18.8020782459656,18.8020782459656,13,1,1,1,1,376.041564919312,376.041564919312,376.041564919312,1.2048483095978216e-05
Orbitrap,18.806128748339297,18.806128748339297,15,1,1,1,1,376.122574966786,376.122574966786,376.122574966786,1.2048483095978216e-05
Orbitrap,18.80697,18.80697,5,1,1,1,1,188.0697,188.0697,188.0697,1.2048483095978216e-05
Orbitrap,18.806975,18.806975,6,1,1,1,1,376.1395,376.1395,376.1395,1.2048483095978216e-05
Orbitrap,18.80735,18.80735,5,1,1,1,1,376.147,376.147,376.147,1.2048483095978216e-05
Orbitrap,18.811528000000003,18.811528000000003,15,1,1,1,1,235.1441,235.1441,235.1441,1.2048483095978216e-05
Orbitrap,18.812216,18.812216,6,1,1,1,1,470.3054,470.3054,470.3054,1.2048483095978216e-05
Orbitrap,18.816448,18.816448,6,1,1,1,1,235.2056,235.2056,235.2056,1.2048483095978216e-05
Orbitrap,18.84294,18.84294,5,1,1,1,1,314.049,314.049,314.049,1.2048483095978216e-05
Orbitrap,18.84366,18.84366,5,1,1,1,1,314.061,314.061,314.061,1.2048483095978216e-05
Orbitrap,18.844926000000005,18.844926000000005,15,1,1,1,1,314.0821,314.0821,314.0821,1.2048483095978216e-05
Orbitrap,18.84694,18.84694,5,1,1,1,1,471.1735,471.1735,471.1735,1.2048483095978216e-05
Orbitrap,18.850506,18.850506,6,1,1,1,1,314.1751,314.1751,314.1751,1.2048483095978216e-05
Orbitrap,18.85524139404295,18.85524139404295,14,1,1,1,1,377.104827880859,377.104827880859,377.104827880859,1.2048483095978216e-05
Orbitrap,18.85725,18.85725,5,1,1,1,1,377.145,377.145,377.145,1.2048483095978216e-05
Orbitrap,18.8582987525508,18.8582987525508,13,1,1,1,1,377.165975051016,377.165975051016,377.165975051016,1.2048483095978216e-05
Orbitrap,18.860585,18.860585,6,1,1,1,1,377.2117,377.2117,377.2117,1.2048483095978216e-05
Orbitrap,18.893808,18.893808,6,1,1,1,1,118.0863,118.0863,118.0863,1.2048483095978216e-05
Orbitrap,18.898638,18.898638,6,1,1,1,1,314.9773,314.9773,314.9773,1.2048483095978216e-05
Orbitrap,18.90417,18.90417,5,1,1,1,1,315.0695,315.0695,315.0695,1.2048483095978216e-05
Orbitrap,18.90559,18.90559,5,1,1,1,1,378.1118,378.1118,378.1118,1.2048483095978216e-05
Orbitrap,18.908157914899203,18.908157914899203,15,1,1,1,1,378.163158297984,378.163158297984,378.163158297984,1.2048483095978216e-05
Orbitrap,18.9101689879287,18.9101689879287,13,1,1,1,1,378.203379758574,378.203379758574,378.203379758574,1.2048483095978216e-05
Orbitrap,18.91143440687935,18.91143440687935,14,1,1,1,1,378.228688137587,378.228688137587,378.228688137587,1.2048483095978216e-05
Orbitrap,18.912402,18.912402,6,1,1,1,1,315.2067,315.2067,315.2067,1.2048483095978216e-05
Orbitrap,18.913914,18.913914,6,1,1,1,1,315.2319,315.2319,315.2319,1.2048483095978216e-05
Orbitrap,18.9562016041549,18.9562016041549,13,1,1,1,1,379.124032083098,379.124032083098,379.124032083098,1.2048483095978216e-05
Orbitrap,18.96064566182595,18.96064566182595,14,1,1,1,1,379.212913236519,379.212913236519,379.212913236519,1.2048483095978216e-05
Orbitrap,18.961875,18.961875,6,1,1,1,1,379.2375,379.2375,379.2375,1.2048483095978216e-05
Orbitrap,18.962082,18.962082,6,1,1,1,1,316.0347,316.0347,316.0347,1.2048483095978216e-05
Orbitrap,18.968176,18.968176,6,1,1,1,1,237.1022,237.1022,237.1022,1.2048483095978216e-05
Orbitrap,18.969872,18.969872,6,1,1,1,1,237.1234,237.1234,237.1234,1.2048483095978216e-05
Orbitrap,18.977704000000003,18.977704000000003,15,1,1,1,1,237.2213,237.2213,237.2213,1.2048483095978216e-05
Orbitrap,18.99821,18.99821,5,1,1,1,1,189.9821,189.9821,189.9821,1.2048483095978216e-05
Orbitrap,19.00750235795205,19.00750235795205,14,1,1,1,1,380.150047159041,380.150047159041,380.150047159041,1.2048483095978216e-05
Orbitrap,19.0078894138777,19.0078894138777,13,1,1,1,1,380.157788277554,380.157788277554,380.157788277554,1.2048483095978216e-05
Orbitrap,19.008815,19.008815,6,1,1,1,1,380.1763,380.1763,380.1763,1.2048483095978216e-05
Orbitrap,19.011080000000003,19.011080000000003,15,1,1,1,1,380.2216,380.2216,380.2216,1.2048483095978216e-05
Orbitrap,19.029852,19.029852,6,1,1,1,1,317.1642,317.1642,317.1642,1.2048483095978216e-05
Orbitrap,19.04301,19.04301,5,1,1,1,1,136.0215,136.0215,136.0215,1.2048483095978216e-05
Orbitrap,19.05794067382815,19.05794067382815,14,1,1,1,1,381.158813476563,381.158813476563,381.158813476563,1.2048483095978216e-05
Orbitrap,19.05846747106725,19.05846747106725,14,1,1,1,1,381.169349421345,381.169349421345,381.169349421345,1.2048483095978216e-05
Orbitrap,19.063238794317847,19.063238794317847,15,1,1,1,1,381.264775886357,381.264775886357,381.264775886357,1.2048483095978216e-05
Orbitrap,19.082472000000003,19.082472000000003,15,1,1,1,1,159.0206,159.0206,159.0206,1.2048483095978216e-05
Orbitrap,19.089212,19.089212,6,1,1,1,1,477.2303,477.2303,477.2303,1.2048483095978216e-05
Orbitrap,19.0902,19.0902,4,1,1,1,1,318.17,318.17,318.17,1.2048483095978216e-05
Orbitrap,19.091856,19.091856,6,1,1,1,1,318.1976,318.1976,318.1976,1.2048483095978216e-05
Orbitrap,19.10962694709545,19.10962694709545,14,1,1,1,1,382.192538941909,382.192538941909,382.192538941909,1.2048483095978216e-05
Orbitrap,19.118128,19.118128,6,1,1,1,1,238.9766,238.9766,238.9766,1.2048483095978216e-05
Orbitrap,19.132024,19.132024,6,1,1,1,1,239.1503,239.1503,239.1503,1.2048483095978216e-05
Orbitrap,19.142688000000003,19.142688000000003,15,1,1,1,1,319.0448,319.0448,319.0448,1.2048483095978216e-05
Orbitrap,19.147056,19.147056,6,1,1,1,1,319.1176,319.1176,319.1176,1.2048483095978216e-05
Orbitrap,19.149768,19.149768,6,1,1,1,1,319.1628,319.1628,319.1628,1.2048483095978216e-05
Orbitrap,19.15528570097525,19.15528570097525,14,1,1,1,1,383.105714019505,383.105714019505,383.105714019505,1.2048483095978216e-05
Orbitrap,19.157058,19.157058,6,1,1,1,1,319.2843,319.2843,319.2843,1.2048483095978216e-05
Orbitrap,19.15759,19.15759,5,1,1,1,1,383.1518,383.1518,383.1518,1.2048483095978216e-05
Orbitrap,19.160235,19.160235,6,1,1,1,1,383.2047,383.2047,383.2047,1.2048483095978216e-05
Orbitrap,19.1604672,19.1604672,7,1,1,1,1,228.1008,228.1008,228.1008,1.2048483095978216e-05
Orbitrap,19.2011032104492,19.2011032104492,13,1,1,1,1,384.022064208984,384.022064208984,384.022064208984,1.2048483095978216e-05
Orbitrap,19.2018798828125,19.2018798828125,13,1,1,1,1,384.03759765625,384.03759765625,384.03759765625,1.2048483095978216e-05
Orbitrap,19.202475000000003,19.202475000000003,15,1,1,1,1,128.0165,128.0165,128.0165,1.2048483095978216e-05
Orbitrap,19.20409,19.20409,5,1,1,1,1,384.0818,384.0818,384.0818,1.2048483095978216e-05
Orbitrap,19.20669555664065,19.20669555664065,14,1,1,1,1,384.133911132813,384.133911132813,384.133911132813,1.2048483095978216e-05
Orbitrap,19.20742715912316,19.20742715912316,14,1,1,1,1,384.148543182463,384.148543182463,384.148543182463,1.2048483095978216e-05
Orbitrap,19.20768,19.20768,5,1,1,1,1,192.0768,192.0768,192.0768,1.2048483095978216e-05
Orbitrap,19.208305,19.208305,6,1,1,1,1,384.1661,384.1661,384.1661,1.2048483095978216e-05
Orbitrap,19.208665,19.208665,6,1,1,1,1,384.1733,384.1733,384.1733,1.2048483095978216e-05
Orbitrap,19.2087312,19.2087312,7,1,1,1,1,240.10914,240.10914,240.10914,1.2048483095978216e-05
Orbitrap,19.209144,19.209144,6,1,1,1,1,320.1524,320.1524,320.1524,1.2048483095978216e-05
Orbitrap,19.21383,19.21383,5,1,1,1,1,192.1383,192.1383,192.1383,1.2048483095978216e-05
Orbitrap,19.25274200439455,19.25274200439455,14,1,1,1,1,385.054840087891,385.054840087891,385.054840087891,1.2048483095978216e-05
Orbitrap,19.25440648965585,19.25440648965585,14,1,1,1,1,385.088129793117,385.088129793117,385.088129793117,1.2048483095978216e-05
Orbitrap,19.25642,19.25642,5,1,1,1,1,385.1284,385.1284,385.1284,1.2048483095978216e-05
Orbitrap,19.25835,19.25835,5,1,1,1,1,385.167,385.167,385.167,1.2048483095978216e-05
Orbitrap,19.258944702148447,19.258944702148447,15,1,1,1,1,385.178894042969,385.178894042969,385.178894042969,1.2048483095978216e-05
Orbitrap,19.261152000000003,19.261152000000003,15,1,1,1,1,321.0192,321.0192,321.0192,1.2048483095978216e-05
Orbitrap,19.261825,19.261825,6,1,1,1,1,385.2365,385.2365,385.2365,1.2048483095978216e-05
Orbitrap,19.262274,19.262274,6,1,1,1,1,321.0379,321.0379,321.0379,1.2048483095978216e-05
Orbitrap,19.26242147209885,19.26242147209885,14,1,1,1,1,385.248429441977,385.248429441977,385.248429441977,1.2048483095978216e-05
Orbitrap,19.262673,19.262673,6,1,1,1,1,214.0297,214.0297,214.0297,1.2048483095978216e-05
Orbitrap,19.2629883101056,19.2629883101056,13,1,1,1,1,385.259766202112,385.259766202112,385.259766202112,1.2048483095978216e-05
Orbitrap,19.265028,19.265028,6,1,1,1,1,321.0838,321.0838,321.0838,1.2048483095978216e-05
Orbitrap,19.282492,19.282492,6,1,1,1,1,241.03115,241.03115,241.03115,1.2048483095978216e-05
Orbitrap,19.29036319999999,19.29036319999999,14,1,1,1,1,241.12954,241.12954,241.12954,1.2048483095978216e-05
Orbitrap,19.30475006103515,19.30475006103515,14,1,1,1,1,386.095001220703,386.095001220703,386.095001220703,1.2048483095978216e-05
Orbitrap,19.307075,19.307075,6,1,1,1,1,386.1415,386.1415,386.1415,1.2048483095978216e-05
Orbitrap,19.30736086822555,19.30736086822555,14,1,1,1,1,386.147217364511,386.147217364511,386.147217364511,1.2048483095978216e-05
Orbitrap,19.30930136473435,19.30930136473435,14,1,1,1,1,386.186027294687,386.186027294687,386.186027294687,1.2048483095978216e-05
Orbitrap,19.323978,19.323978,6,1,1,1,1,322.0663,322.0663,322.0663,1.2048483095978216e-05
Orbitrap,19.32574,19.32574,5,1,1,1,1,276.082,276.082,276.082,1.2048483095978216e-05
Orbitrap,19.331052,19.331052,6,1,1,1,1,161.0921,161.0921,161.0921,1.2048483095978216e-05
Orbitrap,19.353379821777352,19.353379821777352,15,1,1,1,1,387.067596435547,387.067596435547,387.067596435547,1.2048483095978216e-05
Orbitrap,19.35541076660155,19.35541076660155,14,1,1,1,1,387.108215332031,387.108215332031,387.108215332031,1.2048483095978216e-05
Orbitrap,19.357765,19.357765,6,1,1,1,1,387.1553,387.1553,387.1553,1.2048483095978216e-05
Orbitrap,19.359135,19.359135,6,1,1,1,1,387.1827,387.1827,387.1827,1.2048483095978216e-05
Orbitrap,19.371472,19.371472,6,1,1,1,1,242.1434,242.1434,242.1434,1.2048483095978216e-05
Orbitrap,19.3818,19.3818,4,1,1,1,1,323.03,323.03,323.03,1.2048483095978216e-05
Orbitrap,19.38543,19.38543,5,1,1,1,1,323.0905,323.0905,323.0905,1.2048483095978216e-05
Orbitrap,19.39179,19.39179,5,1,1,1,1,323.1965,323.1965,323.1965,1.2048483095978216e-05
Orbitrap,19.40113067626955,19.40113067626955,14,1,1,1,1,388.022613525391,388.022613525391,388.022613525391,1.2048483095978216e-05
Orbitrap,19.407905,19.407905,6,1,1,1,1,388.1581,388.1581,388.1581,1.2048483095978216e-05
Orbitrap,19.407915,19.407915,6,1,1,1,1,388.1583,388.1583,388.1583,1.2048483095978216e-05
Orbitrap,19.4088386048976,19.4088386048976,13,1,1,1,1,388.176772097952,388.176772097952,388.176772097952,1.2048483095978216e-05
Orbitrap,19.4093989203372,19.4093989203372,13,1,1,1,1,388.187978406744,388.187978406744,388.187978406744,1.2048483095978216e-05
Orbitrap,19.40940237608035,19.40940237608035,14,1,1,1,1,388.188047521607,388.188047521607,388.188047521607,1.2048483095978216e-05
Orbitrap,19.40940604651845,19.40940604651845,14,1,1,1,1,388.188120930369,388.188120930369,388.188120930369,1.2048483095978216e-05
Orbitrap,19.40964,19.40964,5,1,1,1,1,194.0964,194.0964,194.0964,1.2048483095978216e-05
Orbitrap,19.40986,19.40986,5,1,1,1,1,388.1972,388.1972,388.1972,1.2048483095978216e-05
Orbitrap,19.410565,19.410565,6,1,1,1,1,388.2113,388.2113,388.2113,1.2048483095978216e-05
Orbitrap,19.4106543072424,19.4106543072424,13,1,1,1,1,388.213086144848,388.213086144848,388.213086144848,1.2048483095978216e-05
Orbitrap,19.41169,19.41169,5,1,1,1,1,388.2338,388.2338,388.2338,1.2048483095978216e-05
Orbitrap,19.41176,19.41176,5,1,1,1,1,194.1176,194.1176,194.1176,1.2048483095978216e-05
Orbitrap,19.438464,19.438464,6,1,1,1,1,161.9872,161.9872,161.9872,1.2048483095978216e-05
Orbitrap,19.43928,19.43928,5,1,1,1,1,323.988,323.988,323.988,1.2048483095978216e-05
Orbitrap,19.442724,19.442724,6,1,1,1,1,324.0454,324.0454,324.0454,1.2048483095978216e-05
Orbitrap,19.4470144,19.4470144,7,1,1,1,1,243.08768,243.08768,243.08768,1.2048483095978216e-05
Orbitrap,19.4478056,19.4478056,7,1,1,1,1,243.09757,243.09757,243.09757,1.2048483095978216e-05
Orbitrap,19.454346,19.454346,6,1,1,1,1,216.1594,216.1594,216.1594,1.2048483095978216e-05
Orbitrap,19.454544,19.454544,6,1,1,1,1,108.0808,108.0808,108.0808,1.2048483095978216e-05
Orbitrap,19.458115000000003,19.458115000000003,15,1,1,1,1,389.1623,389.1623,389.1623,1.2048483095978216e-05
Orbitrap,19.4604105270602,19.4604105270602,13,1,1,1,1,389.208210541204,389.208210541204,389.208210541204,1.2048483095978216e-05
Orbitrap,19.467028,19.467028,6,1,1,1,1,139.0502,139.0502,139.0502,1.2048483095978216e-05
Orbitrap,19.49076,19.49076,5,1,1,1,1,487.269,487.269,487.269,1.2048483095978216e-05
Orbitrap,19.509876,19.509876,6,1,1,1,1,325.1646,325.1646,325.1646,1.2048483095978216e-05
Orbitrap,19.51064,19.51064,5,1,1,1,1,390.2128,390.2128,390.2128,1.2048483095978216e-05
Orbitrap,19.5274256,19.5274256,7,1,1,1,1,244.09282,244.09282,244.09282,1.2048483095978216e-05
Orbitrap,19.530747,19.530747,6,1,1,1,1,217.0083,217.0083,217.0083,1.2048483095978216e-05
Orbitrap,19.535424,19.535424,6,1,1,1,1,122.0964,122.0964,122.0964,1.2048483095978216e-05
Orbitrap,19.536993,19.536993,6,1,1,1,1,217.0777,217.0777,217.0777,1.2048483095978216e-05
Orbitrap,19.55543518066405,19.55543518066405,14,1,1,1,1,391.108703613281,391.108703613281,391.108703613281,1.2048483095978216e-05
Orbitrap,19.56168,19.56168,5,1,1,1,1,326.028,326.028,326.028,1.2048483095978216e-05
Orbitrap,19.562355,19.562355,6,1,1,1,1,391.2471,391.2471,391.2471,1.2048483095978216e-05
Orbitrap,19.5642,19.5642,4,1,1,1,1,391.284,391.284,391.284,1.2048483095978216e-05
Orbitrap,19.564214285,19.564214285,9,1,1,1,1,391.2842857,391.2842857,391.2842857,1.2048483095978216e-05
Orbitrap,19.564926000000003,19.564926000000003,15,1,1,1,1,326.0821,326.0821,326.0821,1.2048483095978216e-05
Orbitrap,19.570506,19.570506,6,1,1,1,1,326.1751,326.1751,326.1751,1.2048483095978216e-05
Orbitrap,19.6061472,19.6061472,7,1,1,1,1,245.07684,245.07684,245.07684,1.2048483095978216e-05
Orbitrap,19.6076368,19.6076368,7,1,1,1,1,245.09546,245.09546,245.09546,1.2048483095978216e-05
Orbitrap,19.60857655730825,19.60857655730825,14,1,1,1,1,392.171531146165,392.171531146165,392.171531146165,1.2048483095978216e-05
Orbitrap,19.60875,19.60875,5,1,1,1,1,392.175,392.175,392.175,1.2048483095978216e-05
Orbitrap,19.609249135,19.609249135,9,1,1,1,1,392.1849827,392.1849827,392.1849827,1.2048483095978216e-05
Orbitrap,19.620486,19.620486,6,1,1,1,1,327.0081,327.0081,327.0081,1.2048483095978216e-05
Orbitrap,19.622808,19.622808,6,1,1,1,1,327.0468,327.0468,327.0468,1.2048483095978216e-05
Orbitrap,19.630218,19.630218,6,1,1,1,1,327.1703,327.1703,327.1703,1.2048483095978216e-05
Orbitrap,19.66035891,19.66035891,8,1,1,1,1,393.2071782,393.2071782,393.2071782,1.2048483095978216e-05
Orbitrap,19.66083,19.66083,5,1,1,1,1,393.2166,393.2166,393.2166,1.2048483095978216e-05
Orbitrap,19.683684,19.683684,6,1,1,1,1,328.0614,328.0614,328.0614,1.2048483095978216e-05
Orbitrap,19.685868000000003,19.685868000000003,15,1,1,1,1,328.0978,328.0978,328.0978,1.2048483095978216e-05
Orbitrap,19.7047592163086,19.7047592163086,13,1,1,1,1,394.095184326172,394.095184326172,394.095184326172,1.2048483095978216e-05
Orbitrap,19.706091126685248,19.706091126685248,15,1,1,1,1,394.121822533705,394.121822533705,394.121822533705,1.2048483095978216e-05
Orbitrap,19.7096,19.7096,4,1,1,1,1,394.192,394.192,394.192,1.2048483095978216e-05
Orbitrap,19.709855,19.709855,6,1,1,1,1,394.1971,394.1971,394.1971,1.2048483095978216e-05
Orbitrap,19.71855,19.71855,5,1,1,1,1,219.095,219.095,219.095,1.2048483095978216e-05
Orbitrap,19.733712,19.733712,6,1,1,1,1,328.8952,328.8952,328.8952,1.2048483095978216e-05
Orbitrap,19.743367,19.743367,6,1,1,1,1,282.0481,282.0481,282.0481,1.2048483095978216e-05
Orbitrap,19.7553482055664,19.7553482055664,13,1,1,1,1,395.106964111328,395.106964111328,395.106964111328,1.2048483095978216e-05
Orbitrap,19.7559509277344,19.7559509277344,13,1,1,1,1,395.119018554688,395.119018554688,395.119018554688,1.2048483095978216e-05
Orbitrap,19.756794000000003,19.756794000000003,15,1,1,1,1,329.2799,329.2799,329.2799,1.2048483095978216e-05
Orbitrap,19.759795,19.759795,6,1,1,1,1,395.1959,395.1959,395.1959,1.2048483095978216e-05
Orbitrap,19.761050399999995,19.761050399999995,15,1,1,1,1,247.01313,247.01313,247.01313,1.2048483095978216e-05
Orbitrap,19.80213,19.80213,5,1,1,1,1,396.0426,396.0426,396.0426,1.2048483095978216e-05
Orbitrap,19.803558,19.803558,6,1,1,1,1,330.0593,330.0593,330.0593,1.2048483095978216e-05
Orbitrap,19.81125,19.81125,5,1,1,1,1,198.1125,198.1125,198.1125,1.2048483095978216e-05
Orbitrap,19.814465,19.814465,6,1,1,1,1,396.2893,396.2893,396.2893,1.2048483095978216e-05
Orbitrap,19.8425496,19.8425496,7,1,1,1,1,248.03187,248.03187,248.03187,1.2048483095978216e-05
Orbitrap,19.855988,19.855988,6,1,1,1,1,496.3997,496.3997,496.3997,1.2048483095978216e-05
Orbitrap,19.86117,19.86117,5,1,1,1,1,397.2234,397.2234,397.2234,1.2048483095978216e-05
Orbitrap,19.862394,19.862394,6,1,1,1,1,331.0399,331.0399,331.0399,1.2048483095978216e-05
Orbitrap,19.871424,19.871424,6,1,1,1,1,331.1904,331.1904,331.1904,1.2048483095978216e-05
Orbitrap,19.886923000000003,19.886923000000003,15,1,1,1,1,284.0989,284.0989,284.0989,1.2048483095978216e-05
Orbitrap,19.8926589285642,19.8926589285642,13,1,1,1,1,397.853178571284,397.853178571284,397.853178571284,1.2048483095978216e-05
Orbitrap,19.90997009277345,19.90997009277345,14,1,1,1,1,398.199401855469,398.199401855469,398.199401855469,1.2048483095978216e-05
Orbitrap,19.91149407435915,19.91149407435915,14,1,1,1,1,398.229881487183,398.229881487183,398.229881487183,1.2048483095978216e-05
Orbitrap,19.92648,19.92648,5,1,1,1,1,332.108,332.108,332.108,1.2048483095978216e-05
Orbitrap,19.928676000000003,19.928676000000003,15,1,1,1,1,166.0723,166.0723,166.0723,1.2048483095978216e-05
Orbitrap,19.930356,19.930356,6,1,1,1,1,166.0863,166.0863,166.0863,1.2048483095978216e-05
Orbitrap,19.932784,19.932784,6,1,1,1,1,249.1598,249.1598,249.1598,1.2048483095978216e-05
Orbitrap,19.976604,19.976604,6,1,1,1,1,332.9434,332.9434,332.9434,1.2048483095978216e-05
Orbitrap,19.985814,19.985814,6,1,1,1,1,333.0969,333.0969,333.0969,1.2048483095978216e-05
Orbitrap,19.990854,19.990854,6,1,1,1,1,333.1809,333.1809,333.1809,1.2048483095978216e-05
Orbitrap,19.991133,19.991133,6,1,1,1,1,222.1237,222.1237,222.1237,1.2048483095978216e-05
Orbitrap,20.0007751464844,20.0007751464844,13,1,1,1,1,400.015502929688,400.015502929688,400.015502929688,1.2048483095978216e-05
Orbitrap,20.0027557373047,20.0027557373047,13,1,1,1,1,400.055114746094,400.055114746094,400.055114746094,1.2048483095978216e-05
Orbitrap,20.00516,20.00516,5,1,1,1,1,250.0645,250.0645,250.0645,1.2048483095978216e-05
Orbitrap,20.00585174560545,20.00585174560545,14,1,1,1,1,400.117034912109,400.117034912109,400.117034912109,1.2048483095978216e-05
Orbitrap,20.0074,20.0074,4,1,1,1,1,200.074,200.074,200.074,1.2048483095978216e-05
Orbitrap,20.048094000000003,20.048094000000003,15,1,1,1,1,334.1349,334.1349,334.1349,1.2048483095978216e-05
Orbitrap,20.050086,20.050086,6,1,1,1,1,334.1681,334.1681,334.1681,1.2048483095978216e-05
Orbitrap,20.0583480859039,20.0583480859039,13,1,1,1,1,401.166961718078,401.166961718078,401.166961718078,1.2048483095978216e-05
Orbitrap,20.0616838697996,20.0616838697996,13,1,1,1,1,401.233677395992,401.233677395992,401.233677395992,1.2048483095978216e-05
Orbitrap,20.061735,20.061735,6,1,1,1,1,401.2347,401.2347,401.2347,1.2048483095978216e-05
Orbitrap,20.083744,20.083744,6,1,1,1,1,251.0468,251.0468,251.0468,1.2048483095978216e-05
Orbitrap,20.10860346275925,20.10860346275925,14,1,1,1,1,402.172069255185,402.172069255185,402.172069255185,1.2048483095978216e-05
Orbitrap,20.1091,20.1091,4,1,1,1,1,402.182,402.182,402.182,1.2048483095978216e-05
Orbitrap,20.109195,20.109195,6,1,1,1,1,402.1839,402.1839,402.1839,1.2048483095978216e-05
Orbitrap,20.129104,20.129104,6,1,1,1,1,503.2276,503.2276,503.2276,1.2048483095978216e-05
Orbitrap,20.15494232177735,20.15494232177735,14,1,1,1,1,403.098846435547,403.098846435547,403.098846435547,1.2048483095978216e-05
Orbitrap,20.1569,20.1569,4,1,1,1,1,403.138,403.138,403.138,1.2048483095978216e-05
Orbitrap,20.160464,20.160464,6,1,1,1,1,252.0058,252.0058,252.0058,1.2048483095978216e-05
Orbitrap,20.16236,20.16236,5,1,1,1,1,403.2472,403.2472,403.2472,1.2048483095978216e-05
Orbitrap,20.162460350814,20.162460350814,12,1,1,1,1,403.24920701628,403.24920701628,403.24920701628,1.2048483095978216e-05
Orbitrap,20.162961,20.162961,6,1,1,1,1,224.0329,224.0329,224.0329,1.2048483095978216e-05
Orbitrap,20.1687312,20.1687312,7,1,1,1,1,252.10914,252.10914,252.10914,1.2048483095978216e-05
Orbitrap,20.171022,20.171022,6,1,1,1,1,336.1837,336.1837,336.1837,1.2048483095978216e-05
Orbitrap,20.171312,20.171312,6,1,1,1,1,144.0808,144.0808,144.0808,1.2048483095978216e-05
Orbitrap,20.206198889461,20.206198889461,12,1,1,1,1,404.12397778922,404.12397778922,404.12397778922,1.2048483095978216e-05
Orbitrap,20.21802,20.21802,5,1,1,1,1,202.1802,202.1802,202.1802,1.2048483095978216e-05
Orbitrap,20.242472000000003,20.242472000000003,15,1,1,1,1,253.0309,253.0309,253.0309,1.2048483095978216e-05
Orbitrap,20.243712,20.243712,6,1,1,1,1,253.0464,253.0464,253.0464,1.2048483095978216e-05
Orbitrap,20.253272000000003,20.253272000000003,15,1,1,1,1,253.1659,253.1659,253.1659,1.2048483095978216e-05
Orbitrap,20.255815,20.255815,6,1,1,1,1,405.1163,405.1163,405.1163,1.2048483095978216e-05
Orbitrap,20.257296,20.257296,6,1,1,1,1,253.2162,253.2162,253.2162,1.2048483095978216e-05
Orbitrap,20.262114,20.262114,6,1,1,1,1,225.1346,225.1346,225.1346,1.2048483095978216e-05
Orbitrap,20.289112,20.289112,6,1,1,1,1,507.2278,507.2278,507.2278,1.2048483095978216e-05
Orbitrap,20.3035934448242,20.3035934448242,13,1,1,1,1,406.071868896484,406.071868896484,406.071868896484,1.2048483095978216e-05
Orbitrap,20.30927,20.30927,5,1,1,1,1,203.0927,203.0927,203.0927,1.2048483095978216e-05
Orbitrap,20.309645,20.309645,6,1,1,1,1,406.1929,406.1929,406.1929,1.2048483095978216e-05
Orbitrap,20.310395,20.310395,6,1,1,1,1,406.2079,406.2079,406.2079,1.2048483095978216e-05
Orbitrap,20.311682355,20.311682355,9,1,1,1,1,406.2336471,406.2336471,406.2336471,1.2048483095978216e-05
Orbitrap,20.331472,20.331472,6,1,1,1,1,254.1434,254.1434,254.1434,1.2048483095978216e-05
Orbitrap,20.348628,20.348628,6,1,1,1,1,339.1438,339.1438,339.1438,1.2048483095978216e-05
Orbitrap,20.35173,20.35173,5,1,1,1,1,339.1955,339.1955,339.1955,1.2048483095978216e-05
Orbitrap,20.35981,20.35981,5,1,1,1,1,407.1962,407.1962,407.1962,1.2048483095978216e-05
Orbitrap,20.401614,20.401614,6,1,1,1,1,340.0269,340.0269,340.0269,1.2048483095978216e-05
Orbitrap,20.408128,20.408128,6,1,1,1,1,255.1016,255.1016,255.1016,1.2048483095978216e-05
Orbitrap,20.40854,20.40854,5,1,1,1,1,408.1708,408.1708,408.1708,1.2048483095978216e-05
Orbitrap,20.409024,20.409024,6,1,1,1,1,255.1128,255.1128,255.1128,1.2048483095978216e-05
Orbitrap,20.411568,20.411568,6,1,1,1,1,170.0964,170.0964,170.0964,1.2048483095978216e-05
Orbitrap,20.41157849297785,20.41157849297785,14,1,1,1,1,408.231569859557,408.231569859557,408.231569859557,1.2048483095978216e-05
Orbitrap,20.412728,20.412728,6,1,1,1,1,255.1591,255.1591,255.1591,1.2048483095978216e-05
Orbitrap,20.413944,20.413944,6,1,1,1,1,255.1743,255.1743,255.1743,1.2048483095978216e-05
Orbitrap,20.4162292480469,20.4162292480469,13,1,1,1,1,408.324584960938,408.324584960938,408.324584960938,1.2048483095978216e-05
Orbitrap,20.4567337036133,20.4567337036133,13,1,1,1,1,409.134674072266,409.134674072266,409.134674072266,1.2048483095978216e-05
Orbitrap,20.456834411621102,20.456834411621102,15,1,1,1,1,409.136688232422,409.136688232422,409.136688232422,1.2048483095978216e-05
Orbitrap,20.457605,20.457605,6,1,1,1,1,409.1521,409.1521,409.1521,1.2048483095978216e-05
Orbitrap,20.458845,20.458845,6,1,1,1,1,409.1769,409.1769,409.1769,1.2048483095978216e-05
Orbitrap,20.464314,20.464314,6,1,1,1,1,341.0719,341.0719,341.0719,1.2048483095978216e-05
Orbitrap,20.481672,20.481672,6,1,1,1,1,256.0209,256.0209,256.0209,1.2048483095978216e-05
Orbitrap,20.48232,20.48232,5,1,1,1,1,256.029,256.029,256.029,1.2048483095978216e-05
Orbitrap,20.484768,20.484768,6,1,1,1,1,256.0596,256.0596,256.0596,1.2048483095978216e-05
Orbitrap,20.488792,20.488792,6,1,1,1,1,256.1099,256.1099,256.1099,1.2048483095978216e-05
Orbitrap,20.490918,20.490918,6,1,1,1,1,683.0306,683.0306,683.0306,1.2048483095978216e-05
Orbitrap,20.493568,20.493568,6,1,1,1,1,256.1696,256.1696,256.1696,1.2048483095978216e-05
Orbitrap,20.50778,20.50778,5,1,1,1,1,410.1556,410.1556,410.1556,1.2048483095978216e-05
Orbitrap,20.51004095280585,20.51004095280585,14,1,1,1,1,410.200819056117,410.200819056117,410.200819056117,1.2048483095978216e-05
Orbitrap,20.527824,20.527824,6,1,1,1,1,171.0652,171.0652,171.0652,1.2048483095978216e-05
Orbitrap,20.528802,20.528802,6,1,1,1,1,342.1467,342.1467,342.1467,1.2048483095978216e-05
Orbitrap,20.529648,20.529648,6,1,1,1,1,171.0804,171.0804,171.0804,1.2048483095978216e-05
Orbitrap,20.541906,20.541906,6,1,1,1,1,228.2434,228.2434,228.2434,1.2048483095978216e-05
Orbitrap,20.55616739335185,20.55616739335185,14,1,1,1,1,411.123347867037,411.123347867037,411.123347867037,1.2048483095978216e-05
Orbitrap,20.5574223545926,20.5574223545926,13,1,1,1,1,411.148447091852,411.148447091852,411.148447091852,1.2048483095978216e-05
Orbitrap,20.55924512436555,20.55924512436555,14,1,1,1,1,411.184902487311,411.184902487311,411.184902487311,1.2048483095978216e-05
Orbitrap,20.560925,20.560925,6,1,1,1,1,411.2185,411.2185,411.2185,1.2048483095978216e-05
Orbitrap,20.578866,20.578866,6,1,1,1,1,342.9811,342.9811,342.9811,1.2048483095978216e-05
Orbitrap,20.583174000000003,20.583174000000003,15,1,1,1,1,343.0529,343.0529,343.0529,1.2048483095978216e-05
Orbitrap,20.60716,20.60716,5,1,1,1,1,412.1432,412.1432,412.1432,1.2048483095978216e-05
Orbitrap,20.607415,20.607415,6,1,1,1,1,412.1483,412.1483,412.1483,1.2048483095978216e-05
Orbitrap,20.637072,20.637072,6,1,1,1,1,171.9756,171.9756,171.9756,1.2048483095978216e-05
Orbitrap,20.646972,20.646972,6,1,1,1,1,344.1162,344.1162,344.1162,1.2048483095978216e-05
Orbitrap,20.65414294733955,20.65414294733955,14,1,1,1,1,413.082858946791,413.082858946791,413.082858946791,1.2048483095978216e-05
Orbitrap,20.659424,20.659424,6,1,1,1,1,258.2428,258.2428,258.2428,1.2048483095978216e-05
Orbitrap,20.66042319876016,20.66042319876016,14,1,1,1,1,413.208463975203,413.208463975203,413.208463975203,1.2048483095978216e-05
Orbitrap,20.662328,20.662328,6,1,1,1,1,258.2791,258.2791,258.2791,1.2048483095978216e-05
Orbitrap,20.704602,20.704602,6,1,1,1,1,345.0767,345.0767,345.0767,1.2048483095978216e-05
Orbitrap,20.705814,20.705814,6,1,1,1,1,345.0969,345.0969,345.0969,1.2048483095978216e-05
Orbitrap,20.70740760930305,20.70740760930305,14,1,1,1,1,414.148152186061,414.148152186061,414.148152186061,1.2048483095978216e-05
Orbitrap,20.70772,20.70772,5,1,1,1,1,414.1544,414.1544,414.1544,1.2048483095978216e-05
Orbitrap,20.714544,20.714544,6,1,1,1,1,345.2424,345.2424,345.2424,1.2048483095978216e-05
Orbitrap,20.714920000000003,20.714920000000003,15,1,1,1,1,207.1492,207.1492,207.1492,1.2048483095978216e-05
Orbitrap,20.715588,20.715588,6,1,1,1,1,115.0866,115.0866,115.0866,1.2048483095978216e-05
Orbitrap,20.71743,20.71743,5,1,1,1,1,207.1743,207.1743,207.1743,1.2048483095978216e-05
Orbitrap,20.720616000000003,20.720616000000003,15,1,1,1,1,259.0077,259.0077,259.0077,1.2048483095978216e-05
Orbitrap,20.75726013183595,20.75726013183595,14,1,1,1,1,415.145202636719,415.145202636719,415.145202636719,1.2048483095978216e-05
Orbitrap,20.758430215,20.758430215,9,1,1,1,1,415.1686043,415.1686043,415.1686043,1.2048483095978216e-05
Orbitrap,20.760045,20.760045,6,1,1,1,1,415.2009,415.2009,415.2009,1.2048483095978216e-05
Orbitrap,20.760050000000003,20.760050000000003,15,1,1,1,1,415.201,415.201,415.201,1.2048483095978216e-05
Orbitrap,20.7606300490155,20.7606300490155,13,1,1,1,1,415.21260098031,415.21260098031,415.21260098031,1.2048483095978216e-05
Orbitrap,20.7607,20.7607,4,1,1,1,1,415.214,415.214,415.214,1.2048483095978216e-05
Orbitrap,20.763204,20.763204,6,1,1,1,1,173.0267,173.0267,173.0267,1.2048483095978216e-05
Orbitrap,20.767416,20.767416,6,1,1,1,1,346.1236,346.1236,346.1236,1.2048483095978216e-05
Orbitrap,20.803428,20.803428,6,1,1,1,1,231.1492,231.1492,231.1492,1.2048483095978216e-05
Orbitrap,20.8034792,20.8034792,7,1,1,1,1,260.04349,260.04349,260.04349,1.2048483095978216e-05
Orbitrap,20.80424,20.80424,5,1,1,1,1,260.053,260.053,260.053,1.2048483095978216e-05
Orbitrap,20.809830845741,20.809830845741,12,1,1,1,1,416.19661691482,416.19661691482,416.19661691482,1.2048483095978216e-05
Orbitrap,20.810416,20.810416,6,1,1,1,1,130.0651,130.0651,130.0651,1.2048483095978216e-05
Orbitrap,20.812216211878148,20.812216211878148,15,1,1,1,1,416.244324237563,416.244324237563,416.244324237563,1.2048483095978216e-05
Orbitrap,20.81316,20.81316,5,1,1,1,1,260.1645,260.1645,260.1645,1.2048483095978216e-05
Orbitrap,20.81332,20.81332,5,1,1,1,1,208.1332,208.1332,208.1332,1.2048483095978216e-05
Orbitrap,20.81395,20.81395,5,1,1,1,1,416.279,416.279,416.279,1.2048483095978216e-05
Orbitrap,20.821424000000004,20.821424000000004,15,1,1,1,1,130.1339,130.1339,130.1339,1.2048483095978216e-05
Orbitrap,20.854681390435747,20.854681390435747,15,1,1,1,1,417.093627808715,417.093627808715,417.093627808715,1.2048483095978216e-05
Orbitrap,20.8587214272807,20.8587214272807,13,1,1,1,1,417.174428545614,417.174428545614,417.174428545614,1.2048483095978216e-05
Orbitrap,20.861885,20.861885,6,1,1,1,1,417.2377,417.2377,417.2377,1.2048483095978216e-05
Orbitrap,20.86197687676109,20.86197687676109,14,1,1,1,1,417.239537535222,417.239537535222,417.239537535222,1.2048483095978216e-05
Orbitrap,20.882568,20.882568,6,1,1,1,1,261.0321,261.0321,261.0321,1.2048483095978216e-05
Orbitrap,20.9027389526367,20.9027389526367,13,1,1,1,1,418.054779052734,418.054779052734,418.054779052734,1.2048483095978216e-05
Orbitrap,20.9074144726779,20.9074144726779,13,1,1,1,1,418.148289453558,418.148289453558,418.148289453558,1.2048483095978216e-05
Orbitrap,20.90992809621155,20.90992809621155,14,1,1,1,1,418.198561924231,418.198561924231,418.198561924231,1.2048483095978216e-05
Orbitrap,20.91061426513595,20.91061426513595,14,1,1,1,1,418.212285302719,418.212285302719,418.212285302719,1.2048483095978216e-05
Orbitrap,20.913078,20.913078,6,1,1,1,1,697.1026,697.1026,697.1026,1.2048483095978216e-05
Orbitrap,20.959025,20.959025,6,1,1,1,1,419.1805,419.1805,419.1805,1.2048483095978216e-05
Orbitrap,20.95941,20.95941,5,1,1,1,1,419.1882,419.1882,419.1882,1.2048483095978216e-05
Orbitrap,20.966992,20.966992,6,1,1,1,1,262.0874,262.0874,262.0874,1.2048483095978216e-05
Orbitrap,20.969488,20.969488,6,1,1,1,1,262.1186,262.1186,262.1186,1.2048483095978216e-05
Orbitrap,20.978064,20.978064,6,1,1,1,1,233.0896,233.0896,233.0896,1.2048483095978216e-05
Orbitrap,21.00341617222625,21.00341617222625,14,1,1,1,1,420.068323444525,420.068323444525,420.068323444525,1.2048483095978216e-05
Orbitrap,21.005208000000003,21.005208000000003,15,1,1,1,1,150.0372,150.0372,150.0372,1.2048483095978216e-05
Orbitrap,21.007014,21.007014,6,1,1,1,1,350.1169,350.1169,350.1169,1.2048483095978216e-05
Orbitrap,21.05606282436995,21.05606282436995,14,1,1,1,1,421.121256487399,421.121256487399,421.121256487399,1.2048483095978216e-05
Orbitrap,21.05796258883665,21.05796258883665,14,1,1,1,1,421.159251776733,421.159251776733,421.159251776733,1.2048483095978216e-05
Orbitrap,21.06117357186105,21.06117357186105,14,1,1,1,1,421.223471437221,421.223471437221,421.223471437221,1.2048483095978216e-05
Orbitrap,21.089104000000003,21.089104000000003,15,1,1,1,1,527.2276,527.2276,527.2276,1.2048483095978216e-05
Orbitrap,21.10745,21.10745,5,1,1,1,1,211.0745,211.0745,211.0745,1.2048483095978216e-05
Orbitrap,21.10818,21.10818,5,1,1,1,1,422.1636,422.1636,422.1636,1.2048483095978216e-05
Orbitrap,21.10853,21.10853,5,1,1,1,1,422.1706,422.1706,422.1706,1.2048483095978216e-05
Orbitrap,21.108790000000003,21.108790000000003,15,1,1,1,1,422.1758,422.1758,422.1758,1.2048483095978216e-05
Orbitrap,21.10985208984505,21.10985208984505,14,1,1,1,1,422.197041796901,422.197041796901,422.197041796901,1.2048483095978216e-05
Orbitrap,21.11094,21.11094,5,1,1,1,1,211.1094,211.1094,211.1094,1.2048483095978216e-05
Orbitrap,21.11218845539775,21.11218845539775,14,1,1,1,1,422.243769107955,422.243769107955,422.243769107955,1.2048483095978216e-05
Orbitrap,21.112725,21.112725,6,1,1,1,1,422.2545,422.2545,422.2545,1.2048483095978216e-05
Orbitrap,21.128472,21.128472,6,1,1,1,1,176.0706,176.0706,176.0706,1.2048483095978216e-05
Orbitrap,21.13212,21.13212,5,1,1,1,1,352.202,352.202,352.202,1.2048483095978216e-05
Orbitrap,21.147399,21.147399,6,1,1,1,1,302.1057,302.1057,302.1057,1.2048483095978216e-05
Orbitrap,21.148002,21.148002,6,1,1,1,1,234.9778,234.9778,234.9778,1.2048483095978216e-05
Orbitrap,21.149946,21.149946,6,1,1,1,1,234.9994,234.9994,234.9994,1.2048483095978216e-05
Orbitrap,21.1521535140061,21.1521535140061,13,1,1,1,1,423.043070280122,423.043070280122,423.043070280122,1.2048483095978216e-05
Orbitrap,21.158445,21.158445,6,1,1,1,1,423.1689,423.1689,423.1689,1.2048483095978216e-05
Orbitrap,21.1609515321282,21.1609515321282,13,1,1,1,1,423.219030642564,423.219030642564,423.219030642564,1.2048483095978216e-05
Orbitrap,21.167025,21.167025,6,1,1,1,1,141.1135,141.1135,141.1135,1.2048483095978216e-05
Orbitrap,21.170788,21.170788,6,1,1,1,1,529.2697,529.2697,529.2697,1.2048483095978216e-05
Orbitrap,21.20585,21.20585,5,1,1,1,1,212.0585,212.0585,212.0585,1.2048483095978216e-05
Orbitrap,21.20986,21.20986,5,1,1,1,1,530.2465,530.2465,530.2465,1.2048483095978216e-05
Orbitrap,21.2535934448242,21.2535934448242,13,1,1,1,1,425.071868896484,425.071868896484,425.071868896484,1.2048483095978216e-05
Orbitrap,21.255534,21.255534,6,1,1,1,1,118.0863,118.0863,118.0863,1.2048483095978216e-05
Orbitrap,21.25631561279295,21.25631561279295,14,1,1,1,1,425.126312255859,425.126312255859,425.126312255859,1.2048483095978216e-05
Orbitrap,21.2586853027344,21.2586853027344,13,1,1,1,1,425.173706054688,425.173706054688,425.173706054688,1.2048483095978216e-05
Orbitrap,21.26032,21.26032,5,1,1,1,1,425.2064,425.2064,425.2064,1.2048483095978216e-05
Orbitrap,21.26058907893545,21.26058907893545,14,1,1,1,1,425.211781578709,425.211781578709,425.211781578709,1.2048483095978216e-05
Orbitrap,21.261734359173204,21.261734359173204,15,1,1,1,1,425.234687183464,425.234687183464,425.234687183464,1.2048483095978216e-05
Orbitrap,21.282310000000003,21.282310000000003,15,1,1,1,1,152.0165,152.0165,152.0165,1.2048483095978216e-05
Orbitrap,21.287664,21.287664,6,1,1,1,1,266.0958,266.0958,266.0958,1.2048483095978216e-05
Orbitrap,21.30129,21.30129,5,1,1,1,1,142.0086,142.0086,142.0086,1.2048483095978216e-05
Orbitrap,21.303084,21.303084,6,1,1,1,1,355.0514,355.0514,355.0514,1.2048483095978216e-05
Orbitrap,21.303378,21.303378,6,1,1,1,1,355.0563,355.0563,355.0563,1.2048483095978216e-05
Orbitrap,21.30789,21.30789,5,1,1,1,1,213.0789,213.0789,213.0789,1.2048483095978216e-05
Orbitrap,21.308322,21.308322,6,1,1,1,1,355.1387,355.1387,355.1387,1.2048483095978216e-05
Orbitrap,21.329829,21.329829,6,1,1,1,1,236.9981,236.9981,236.9981,1.2048483095978216e-05
Orbitrap,21.36078,21.36078,5,1,1,1,1,427.2156,427.2156,427.2156,1.2048483095978216e-05
Orbitrap,21.361196977439203,21.361196977439203,15,1,1,1,1,427.223939548784,427.223939548784,427.223939548784,1.2048483095978216e-05
Orbitrap,21.366904,21.366904,6,1,1,1,1,267.0863,267.0863,267.0863,1.2048483095978216e-05
Orbitrap,21.37376,21.37376,5,1,1,1,1,267.172,267.172,267.172,1.2048483095978216e-05
Orbitrap,21.399415,21.399415,6,1,1,1,1,427.9883,427.9883,427.9883,1.2048483095978216e-05
Orbitrap,21.4052047729492,21.4052047729492,13,1,1,1,1,428.104095458984,428.104095458984,428.104095458984,1.2048483095978216e-05
Orbitrap,21.40896,21.40896,5,1,1,1,1,214.0896,214.0896,214.0896,1.2048483095978216e-05
Orbitrap,21.4118327286563,21.4118327286563,13,1,1,1,1,428.236654573126,428.236654573126,428.236654573126,1.2048483095978216e-05
Orbitrap,21.4126,21.4126,4,1,1,1,1,214.126,214.126,214.126,1.2048483095978216e-05
Orbitrap,21.412695,21.412695,6,1,1,1,1,428.2539,428.2539,428.2539,1.2048483095978216e-05
Orbitrap,21.425814,21.425814,6,1,1,1,1,357.0969,357.0969,357.0969,1.2048483095978216e-05
Orbitrap,21.427551,21.427551,6,1,1,1,1,238.0839,238.0839,238.0839,1.2048483095978216e-05
Orbitrap,21.427602000000004,21.427602000000004,15,1,1,1,1,357.1267,357.1267,357.1267,1.2048483095978216e-05
Orbitrap,21.429666,21.429666,6,1,1,1,1,238.1074,238.1074,238.1074,1.2048483095978216e-05
Orbitrap,21.434308,21.434308,6,1,1,1,1,153.1022,153.1022,153.1022,1.2048483095978216e-05
Orbitrap,21.4496,21.4496,4,1,1,1,1,134.06,134.06,134.06,1.2048483095978216e-05
Orbitrap,21.452344,21.452344,6,1,1,1,1,268.1543,268.1543,268.1543,1.2048483095978216e-05
Orbitrap,21.456335000000003,21.456335000000003,15,1,1,1,1,429.1267,429.1267,429.1267,1.2048483095978216e-05
Orbitrap,21.46195,21.46195,5,1,1,1,1,429.239,429.239,429.239,1.2048483095978216e-05
Orbitrap,21.461986775,21.461986775,9,1,1,1,1,429.2397355,429.2397355,429.2397355,1.2048483095978216e-05
Orbitrap,21.494262000000003,21.494262000000003,15,1,1,1,1,358.2377,358.2377,358.2377,1.2048483095978216e-05
Orbitrap,21.495684,21.495684,6,1,1,1,1,307.0812,307.0812,307.0812,1.2048483095978216e-05
Orbitrap,21.507894,21.507894,6,1,1,1,1,238.9766,238.9766,238.9766,1.2048483095978216e-05
Orbitrap,21.50792440852945,21.50792440852945,14,1,1,1,1,430.158488170589,430.158488170589,430.158488170589,1.2048483095978216e-05
Orbitrap,21.50961,21.50961,5,1,1,1,1,215.0961,215.0961,215.0961,1.2048483095978216e-05
Orbitrap,21.5117458631004,21.5117458631004,13,1,1,1,1,430.234917262008,430.234917262008,430.234917262008,1.2048483095978216e-05
Orbitrap,21.513665,21.513665,6,1,1,1,1,430.2733,430.2733,430.2733,1.2048483095978216e-05
Orbitrap,21.524996,21.524996,6,1,1,1,1,269.06245,269.06245,269.06245,1.2048483095978216e-05
Orbitrap,21.533184,21.533184,6,1,1,1,1,269.1648,269.1648,269.1648,1.2048483095978216e-05
Orbitrap,21.538608,21.538608,6,1,1,1,1,358.9768,358.9768,358.9768,1.2048483095978216e-05
Orbitrap,21.551118,21.551118,6,1,1,1,1,359.1853,359.1853,359.1853,1.2048483095978216e-05
Orbitrap,21.562338,21.562338,6,1,1,1,1,154.0167,154.0167,154.0167,1.2048483095978216e-05
Orbitrap,21.60416446961185,21.60416446961185,14,1,1,1,1,432.083289392237,432.083289392237,432.083289392237,1.2048483095978216e-05
Orbitrap,21.610308,21.610308,6,1,1,1,1,360.1718,360.1718,360.1718,1.2048483095978216e-05
Orbitrap,21.6107955932617,21.6107955932617,13,1,1,1,1,432.215911865234,432.215911865234,432.215911865234,1.2048483095978216e-05
Orbitrap,21.612447,21.612447,6,1,1,1,1,240.1383,240.1383,240.1383,1.2048483095978216e-05
Orbitrap,21.613692000000004,21.613692000000004,15,1,1,1,1,360.2282,360.2282,360.2282,1.2048483095978216e-05
Orbitrap,21.655615,21.655615,6,1,1,1,1,433.1123,433.1123,433.1123,1.2048483095978216e-05
Orbitrap,21.657666015625,21.657666015625,12,1,1,1,1,433.1533203125,433.1533203125,433.1533203125,1.2048483095978216e-05
Orbitrap,21.663222,21.663222,6,1,1,1,1,361.0537,361.0537,361.0537,1.2048483095978216e-05
Orbitrap,21.692646,21.692646,6,1,1,1,1,241.0294,241.0294,241.0294,1.2048483095978216e-05
Orbitrap,21.693285,21.693285,6,1,1,1,1,241.0365,241.0365,241.0365,1.2048483095978216e-05
Orbitrap,21.693544000000003,21.693544000000003,15,1,1,1,1,271.1693,271.1693,271.1693,1.2048483095978216e-05
Orbitrap,21.701655,21.701655,6,1,1,1,1,241.1295,241.1295,241.1295,1.2048483095978216e-05
Orbitrap,21.70366973876955,21.70366973876955,14,1,1,1,1,434.073394775391,434.073394775391,434.073394775391,1.2048483095978216e-05
Orbitrap,21.707532912198747,21.707532912198747,15,1,1,1,1,434.150658243975,434.150658243975,434.150658243975,1.2048483095978216e-05
Orbitrap,21.70794,21.70794,5,1,1,1,1,217.0794,217.0794,217.0794,1.2048483095978216e-05
Orbitrap,21.709891,21.709891,6,1,1,1,1,310.1413,310.1413,310.1413,1.2048483095978216e-05
Orbitrap,21.712181723532648,21.712181723532648,15,1,1,1,1,434.243634470653,434.243634470653,434.243634470653,1.2048483095978216e-05
Orbitrap,21.725144,21.725144,6,1,1,1,1,543.1286,543.1286,543.1286,1.2048483095978216e-05
Orbitrap,21.727596,21.727596,6,1,1,1,1,362.1266,362.1266,362.1266,1.2048483095978216e-05
Orbitrap,21.75462799072265,21.75462799072265,14,1,1,1,1,435.092559814453,435.092559814453,435.092559814453,1.2048483095978216e-05
Orbitrap,21.763440000000003,21.763440000000003,15,1,1,1,1,136.0215,136.0215,136.0215,1.2048483095978216e-05
Orbitrap,21.781302,21.781302,6,1,1,1,1,363.0217,363.0217,363.0217,1.2048483095978216e-05
Orbitrap,21.80844774750795,21.80844774750795,14,1,1,1,1,436.168954950159,436.168954950159,436.168954950159,1.2048483095978216e-05
Orbitrap,21.8108341332594,21.8108341332594,13,1,1,1,1,436.216682665188,436.216682665188,436.216682665188,1.2048483095978216e-05
Orbitrap,21.811675,21.811675,6,1,1,1,1,436.2335,436.2335,436.2335,1.2048483095978216e-05
Orbitrap,21.81171579,21.81171579,8,1,1,1,1,436.2343158,436.2343158,436.2343158,1.2048483095978216e-05
Orbitrap,21.841116,21.841116,6,1,1,1,1,182.0093,182.0093,182.0093,1.2048483095978216e-05
Orbitrap,21.845676,21.845676,6,1,1,1,1,364.0946,364.0946,364.0946,1.2048483095978216e-05
Orbitrap,21.846056,21.846056,6,1,1,1,1,273.0757,273.0757,273.0757,1.2048483095978216e-05
Orbitrap,21.8605163574219,21.8605163574219,13,1,1,1,1,437.210327148438,437.210327148438,437.210327148438,1.2048483095978216e-05
Orbitrap,21.90342,21.90342,5,1,1,1,1,146.0228,146.0228,146.0228,1.2048483095978216e-05
Orbitrap,21.903524780273447,21.903524780273447,15,1,1,1,1,438.070495605469,438.070495605469,438.070495605469,1.2048483095978216e-05
Orbitrap,21.904716,21.904716,6,1,1,1,1,365.0786,365.0786,365.0786,1.2048483095978216e-05
Orbitrap,21.909075,21.909075,6,1,1,1,1,438.1815,438.1815,438.1815,1.2048483095978216e-05
Orbitrap,21.9099791700057,21.9099791700057,13,1,1,1,1,438.199583400114,438.199583400114,438.199583400114,1.2048483095978216e-05
Orbitrap,21.91066567643365,21.91066567643365,14,1,1,1,1,438.213313528673,438.213313528673,438.213313528673,1.2048483095978216e-05
Orbitrap,21.91128,21.91128,5,1,1,1,1,219.1128,219.1128,219.1128,1.2048483095978216e-05
Orbitrap,21.9594467163086,21.9594467163086,13,1,1,1,1,439.188934326172,439.188934326172,439.188934326172,1.2048483095978216e-05
Orbitrap,21.961728000000004,21.961728000000004,15,1,1,1,1,244.0192,244.0192,244.0192,1.2048483095978216e-05
Orbitrap,21.969372,21.969372,6,1,1,1,1,183.0781,183.0781,183.0781,1.2048483095978216e-05
Orbitrap,21.971004,21.971004,6,1,1,1,1,183.0917,183.0917,183.0917,1.2048483095978216e-05
Orbitrap,22.007312,22.007312,6,1,1,1,1,275.0914,275.0914,275.0914,1.2048483095978216e-05
Orbitrap,22.01121,22.01121,5,1,1,1,1,220.1121,220.1121,220.1121,1.2048483095978216e-05
Orbitrap,22.0113355542178,22.0113355542178,13,1,1,1,1,440.226711084356,440.226711084356,440.226711084356,1.2048483095978216e-05
Orbitrap,22.015785,22.015785,6,1,1,1,1,440.3157,440.3157,440.3157,1.2048483095978216e-05
Orbitrap,22.0261692,22.0261692,7,1,1,1,1,262.2163,262.2163,262.2163,1.2048483095978216e-05
Orbitrap,22.029186000000003,22.029186000000003,15,1,1,1,1,367.1531,367.1531,367.1531,1.2048483095978216e-05
Orbitrap,22.03428,22.03428,5,1,1,1,1,367.238,367.238,367.238,1.2048483095978216e-05
Orbitrap,22.0994812011719,22.0994812011719,13,1,1,1,1,441.989624023438,441.989624023438,441.989624023438,1.2048483095978216e-05
Orbitrap,22.10515854308405,22.10515854308405,14,1,1,1,1,442.103170861681,442.103170861681,442.103170861681,1.2048483095978216e-05
Orbitrap,22.1073,22.1073,4,1,1,1,1,442.146,442.146,442.146,1.2048483095978216e-05
Orbitrap,22.10743,22.10743,5,1,1,1,1,221.0743,221.0743,221.0743,1.2048483095978216e-05
Orbitrap,22.1475,22.1475,4,1,1,1,1,369.125,369.125,369.125,1.2048483095978216e-05
Orbitrap,22.1508728027344,22.1508728027344,13,1,1,1,1,443.017456054688,443.017456054688,443.017456054688,1.2048483095978216e-05
Orbitrap,22.1673836910169,22.1673836910169,13,1,1,1,1,443.347673820338,443.347673820338,443.347673820338,1.2048483095978216e-05
Orbitrap,22.20316,22.20316,5,1,1,1,1,222.0316,222.0316,222.0316,1.2048483095978216e-05
Orbitrap,22.20429,22.20429,5,1,1,1,1,222.0429,222.0429,222.0429,1.2048483095978216e-05
Orbitrap,22.20771,22.20771,5,1,1,1,1,370.1285,370.1285,370.1285,1.2048483095978216e-05
Orbitrap,22.212876,22.212876,6,1,1,1,1,185.1073,185.1073,185.1073,1.2048483095978216e-05
Orbitrap,22.213388137565342,22.213388137565342,15,1,1,1,1,444.267762751307,444.267762751307,444.267762751307,1.2048483095978216e-05
Orbitrap,22.214262,22.214262,6,1,1,1,1,370.2377,370.2377,370.2377,1.2048483095978216e-05
Orbitrap,22.223349,22.223349,6,1,1,1,1,246.9261,246.9261,246.9261,1.2048483095978216e-05
Orbitrap,22.230405,22.230405,6,1,1,1,1,247.0045,247.0045,247.0045,1.2048483095978216e-05
Orbitrap,22.248032,22.248032,6,1,1,1,1,139.0502,139.0502,139.0502,1.2048483095978216e-05
Orbitrap,22.24844,22.24844,5,1,1,1,1,278.1055,278.1055,278.1055,1.2048483095978216e-05
Orbitrap,22.257915,22.257915,6,1,1,1,1,445.1583,445.1583,445.1583,1.2048483095978216e-05
Orbitrap,22.25801813206935,22.25801813206935,14,1,1,1,1,445.160362641387,445.160362641387,445.160362641387,1.2048483095978216e-05
Orbitrap,22.265052,22.265052,6,1,1,1,1,371.0842,371.0842,371.0842,1.2048483095978216e-05
Orbitrap,22.3064926147461,22.3064926147461,13,1,1,1,1,446.129852294922,446.129852294922,446.129852294922,1.2048483095978216e-05
Orbitrap,22.30745,22.30745,5,1,1,1,1,223.0745,223.0745,223.0745,1.2048483095978216e-05
Orbitrap,22.3154,22.3154,4,1,1,1,1,223.154,223.154,223.154,1.2048483095978216e-05
Orbitrap,22.322184,22.322184,6,1,1,1,1,279.0273,279.0273,279.0273,1.2048483095978216e-05
Orbitrap,22.329024,22.329024,6,1,1,1,1,279.1128,279.1128,279.1128,1.2048483095978216e-05
Orbitrap,22.329636,22.329636,6,1,1,1,1,372.1606,372.1606,372.1606,1.2048483095978216e-05
Orbitrap,22.331616,22.331616,6,1,1,1,1,279.1452,279.1452,279.1452,1.2048483095978216e-05
Orbitrap,22.333932,22.333932,6,1,1,1,1,372.2322,372.2322,372.2322,1.2048483095978216e-05
Orbitrap,22.360665,22.360665,6,1,1,1,1,447.2133,447.2133,447.2133,1.2048483095978216e-05
Orbitrap,22.3971,22.3971,4,1,1,1,1,373.285,373.285,373.285,1.2048483095978216e-05
Orbitrap,22.403808,22.403808,6,1,1,1,1,160.0272,160.0272,160.0272,1.2048483095978216e-05
Orbitrap,22.4048315585584,22.4048315585584,13,1,1,1,1,448.096631171168,448.096631171168,448.096631171168,1.2048483095978216e-05
Orbitrap,22.40553,22.40553,5,1,1,1,1,224.0553,224.0553,224.0553,1.2048483095978216e-05
Orbitrap,22.405825,22.405825,6,1,1,1,1,448.1165,448.1165,448.1165,1.2048483095978216e-05
Orbitrap,22.40774,22.40774,5,1,1,1,1,448.1548,448.1548,448.1548,1.2048483095978216e-05
Orbitrap,22.409170000000003,22.409170000000003,15,1,1,1,1,224.0917,224.0917,224.0917,1.2048483095978216e-05
Orbitrap,22.442695,22.442695,6,1,1,1,1,204.0245,204.0245,204.0245,1.2048483095978216e-05
Orbitrap,22.445564,22.445564,6,1,1,1,1,561.1391,561.1391,561.1391,1.2048483095978216e-05
Orbitrap,22.45293579101565,22.45293579101565,14,1,1,1,1,449.058715820313,449.058715820313,449.058715820313,1.2048483095978216e-05
Orbitrap,22.454982,22.454982,6,1,1,1,1,748.4994,748.4994,748.4994,1.2048483095978216e-05
Orbitrap,22.4581882031466,22.4581882031466,13,1,1,1,1,449.163764062932,449.163764062932,449.163764062932,1.2048483095978216e-05
Orbitrap,22.49028,22.49028,5,1,1,1,1,281.1285,281.1285,281.1285,1.2048483095978216e-05
Orbitrap,22.504692,22.504692,6,1,1,1,1,375.0782,375.0782,375.0782,1.2048483095978216e-05
Orbitrap,22.50993,22.50993,5,1,1,1,1,150.0662,150.0662,150.0662,1.2048483095978216e-05
Orbitrap,22.510326,22.510326,6,1,1,1,1,375.1721,375.1721,375.1721,1.2048483095978216e-05
Orbitrap,22.5110386138848,22.5110386138848,13,1,1,1,1,450.220772277696,450.220772277696,450.220772277696,1.2048483095978216e-05
Orbitrap,22.5125,22.5125,4,1,1,1,1,225.125,225.125,225.125,1.2048483095978216e-05
Orbitrap,22.552893999999995,22.552893999999995,15,1,1,1,1,161.0921,161.0921,161.0921,1.2048483095978216e-05
Orbitrap,22.55955025478495,22.55955025478495,14,1,1,1,1,451.191005095699,451.191005095699,451.191005095699,1.2048483095978216e-05
Orbitrap,22.561712000000004,22.561712000000004,15,1,1,1,1,282.0214,282.0214,282.0214,1.2048483095978216e-05
Orbitrap,22.563848,22.563848,6,1,1,1,1,282.0481,282.0481,282.0481,1.2048483095978216e-05
Orbitrap,22.566804,22.566804,6,1,1,1,1,188.0567,188.0567,188.0567,1.2048483095978216e-05
Orbitrap,22.571584,22.571584,6,1,1,1,1,282.1448,282.1448,282.1448,1.2048483095978216e-05
Orbitrap,22.582328,22.582328,6,1,1,1,1,282.2791,282.2791,282.2791,1.2048483095978216e-05
Orbitrap,22.590225,22.590225,6,1,1,1,1,251.0025,251.0025,251.0025,1.2048483095978216e-05
Orbitrap,22.60504302978515,22.60504302978515,14,1,1,1,1,452.100860595703,452.100860595703,452.100860595703,1.2048483095978216e-05
Orbitrap,22.60896,22.60896,5,1,1,1,1,226.0896,226.0896,226.0896,1.2048483095978216e-05
Orbitrap,22.61339,22.61339,5,1,1,1,1,226.1339,226.1339,226.1339,1.2048483095978216e-05
Orbitrap,22.632426,22.632426,6,1,1,1,1,377.2071,377.2071,377.2071,1.2048483095978216e-05
Orbitrap,22.632738,22.632738,6,1,1,1,1,377.2123,377.2123,377.2123,1.2048483095978216e-05
Orbitrap,22.66264,22.66264,5,1,1,1,1,453.2528,453.2528,453.2528,1.2048483095978216e-05
Orbitrap,22.663695,22.663695,6,1,1,1,1,453.2739,453.2739,453.2739,1.2048483095978216e-05
Orbitrap,22.691658,22.691658,6,1,1,1,1,378.1943,378.1943,378.1943,1.2048483095978216e-05
Orbitrap,22.70241,22.70241,5,1,1,1,1,454.0482,454.0482,454.0482,1.2048483095978216e-05
Orbitrap,22.731296,22.731296,6,1,1,1,1,284.1412,284.1412,284.1412,1.2048483095978216e-05
Orbitrap,22.7589,22.7589,4,1,1,1,1,455.178,455.178,455.178,1.2048483095978216e-05
Orbitrap,22.764475,22.764475,6,1,1,1,1,455.2895,455.2895,455.2895,1.2048483095978216e-05
Orbitrap,22.764521685,22.764521685,9,1,1,1,1,455.2904337,455.2904337,455.2904337,1.2048483095978216e-05
Orbitrap,22.796896,22.796896,6,1,1,1,1,284.9612,284.9612,284.9612,1.2048483095978216e-05
Orbitrap,22.805196,22.805196,6,1,1,1,1,190.0433,190.0433,190.0433,1.2048483095978216e-05
Orbitrap,22.806056,22.806056,6,1,1,1,1,285.0757,285.0757,285.0757,1.2048483095978216e-05
Orbitrap,22.806312,22.806312,6,1,1,1,1,285.0789,285.0789,285.0789,1.2048483095978216e-05
Orbitrap,22.8066384,22.8066384,7,1,1,1,1,285.08298,285.08298,285.08298,1.2048483095978216e-05
Orbitrap,22.81040636719265,22.81040636719265,14,1,1,1,1,456.208127343853,456.208127343853,456.208127343853,1.2048483095978216e-05
Orbitrap,22.81136,22.81136,5,1,1,1,1,285.142,285.142,285.142,1.2048483095978216e-05
Orbitrap,22.811865,22.811865,6,1,1,1,1,456.2373,456.2373,456.2373,1.2048483095978216e-05
Orbitrap,22.81277,22.81277,5,1,1,1,1,228.1277,228.1277,228.1277,1.2048483095978216e-05
Orbitrap,22.814982,22.814982,6,1,1,1,1,760.4994,760.4994,760.4994,1.2048483095978216e-05
Orbitrap,22.85728759765625,22.85728759765625,14,1,1,1,1,457.145751953125,457.145751953125,457.145751953125,1.2048483095978216e-05
Orbitrap,22.873236,22.873236,6,1,1,1,1,381.2206,381.2206,381.2206,1.2048483095978216e-05
Orbitrap,22.924992,22.924992,6,1,1,1,1,382.0832,382.0832,382.0832,1.2048483095978216e-05
Orbitrap,22.956105,22.956105,6,1,1,1,1,153.0407,153.0407,153.0407,1.2048483095978216e-05
Orbitrap,22.956645,22.956645,6,1,1,1,1,459.1329,459.1329,459.1329,1.2048483095978216e-05
Orbitrap,22.9590380087915,22.9590380087915,13,1,1,1,1,459.18076017583,459.18076017583,459.18076017583,1.2048483095978216e-05
Orbitrap,22.9600093666491,22.9600093666491,13,1,1,1,1,459.200187332982,459.200187332982,459.200187332982,1.2048483095978216e-05
Orbitrap,22.976048,22.976048,6,1,1,1,1,287.2006,287.2006,287.2006,1.2048483095978216e-05
Orbitrap,22.984566,22.984566,6,1,1,1,1,383.0761,383.0761,383.0761,1.2048483095978216e-05
Orbitrap,22.98981,22.98981,5,1,1,1,1,383.1635,383.1635,383.1635,1.2048483095978216e-05
Orbitrap,23.00246,23.00246,5,1,1,1,1,230.0246,230.0246,230.0246,1.2048483095978216e-05
Orbitrap,23.006991120027298,23.006991120027298,15,1,1,1,1,460.139822400546,460.139822400546,460.139822400546,1.2048483095978216e-05
Orbitrap,23.01167,23.01167,5,1,1,1,1,230.1167,230.1167,230.1167,1.2048483095978216e-05
Orbitrap,23.0122648207149,23.0122648207149,13,1,1,1,1,460.245296414298,460.245296414298,460.245296414298,1.2048483095978216e-05
Orbitrap,23.012425,23.012425,6,1,1,1,1,460.2485,460.2485,460.2485,1.2048483095978216e-05
Orbitrap,23.024780000000003,23.024780000000003,15,1,1,1,1,230.2478,230.2478,230.2478,1.2048483095978216e-05
Orbitrap,23.04297,23.04297,5,1,1,1,1,128.0165,128.0165,128.0165,1.2048483095978216e-05
Orbitrap,23.047344,23.047344,6,1,1,1,1,256.0816,256.0816,256.0816,1.2048483095978216e-05
Orbitrap,23.048838,23.048838,6,1,1,1,1,384.1473,384.1473,384.1473,1.2048483095978216e-05
Orbitrap,23.049216,23.049216,6,1,1,1,1,192.0768,192.0768,192.0768,1.2048483095978216e-05
Orbitrap,23.052928,23.052928,6,1,1,1,1,144.0808,144.0808,144.0808,1.2048483095978216e-05
Orbitrap,23.05776,23.05776,5,1,1,1,1,461.1552,461.1552,461.1552,1.2048483095978216e-05
Orbitrap,23.060264000000004,23.060264000000004,15,1,1,1,1,288.2533,288.2533,288.2533,1.2048483095978216e-05
Orbitrap,23.0638333580622,23.0638333580622,13,1,1,1,1,461.276667161244,461.276667161244,461.276667161244,1.2048483095978216e-05
Orbitrap,23.10226287841795,23.10226287841795,14,1,1,1,1,462.045257568359,462.045257568359,462.045257568359,1.2048483095978216e-05
Orbitrap,23.1039314540587,23.1039314540587,13,1,1,1,1,462.078629081174,462.078629081174,462.078629081174,1.2048483095978216e-05
Orbitrap,23.10959,23.10959,5,1,1,1,1,330.137,330.137,330.137,1.2048483095978216e-05
Orbitrap,23.11492,23.11492,5,1,1,1,1,231.1492,231.1492,231.1492,1.2048483095978216e-05
Orbitrap,23.115694,23.115694,6,1,1,1,1,165.1121,165.1121,165.1121,1.2048483095978216e-05
Orbitrap,23.123691,23.123691,6,1,1,1,1,256.9299,256.9299,256.9299,1.2048483095978216e-05
Orbitrap,23.12972,23.12972,5,1,1,1,1,289.1215,289.1215,289.1215,1.2048483095978216e-05
Orbitrap,23.137296000000003,23.137296000000003,15,1,1,1,1,289.2162,289.2162,289.2162,1.2048483095978216e-05
Orbitrap,23.154255000000003,23.154255000000003,15,1,1,1,1,463.0851,463.0851,463.0851,1.2048483095978216e-05
Orbitrap,23.20524,23.20524,5,1,1,1,1,232.0524,232.0524,232.0524,1.2048483095978216e-05
Orbitrap,23.2107752,23.2107752,7,1,1,1,1,290.13469,290.13469,290.13469,1.2048483095978216e-05
Orbitrap,23.219824,23.219824,6,1,1,1,1,290.2478,290.2478,290.2478,1.2048483095978216e-05
Orbitrap,23.220162,23.220162,6,1,1,1,1,258.0018,258.0018,258.0018,1.2048483095978216e-05
Orbitrap,23.23518,23.23518,5,1,1,1,1,387.253,387.253,387.253,1.2048483095978216e-05
Orbitrap,23.252082,23.252082,6,1,1,1,1,166.0863,166.0863,166.0863,1.2048483095978216e-05
Orbitrap,23.255125,23.255125,6,1,1,1,1,465.1025,465.1025,465.1025,1.2048483095978216e-05
Orbitrap,23.255135000000003,23.255135000000003,15,1,1,1,1,465.1027,465.1027,465.1027,1.2048483095978216e-05
Orbitrap,23.2603148606832,23.2603148606832,13,1,1,1,1,465.206297213664,465.206297213664,465.206297213664,1.2048483095978216e-05
Orbitrap,23.26058,23.26058,5,1,1,1,1,465.2116,465.2116,465.2116,1.2048483095978216e-05
Orbitrap,23.283992,23.283992,6,1,1,1,1,291.0499,291.0499,291.0499,1.2048483095978216e-05
Orbitrap,23.30243,23.30243,5,1,1,1,1,233.0243,233.0243,233.0243,1.2048483095978216e-05
Orbitrap,23.3061485786552,23.3061485786552,13,1,1,1,1,466.122971573104,466.122971573104,466.122971573104,1.2048483095978216e-05
Orbitrap,23.3085370867499,23.3085370867499,13,1,1,1,1,466.170741734998,466.170741734998,466.170741734998,1.2048483095978216e-05
Orbitrap,23.3095,23.3095,4,1,1,1,1,466.19,466.19,466.19,1.2048483095978216e-05
Orbitrap,23.31107,23.31107,5,1,1,1,1,233.1107,233.1107,233.1107,1.2048483095978216e-05
Orbitrap,23.354889330215748,23.354889330215748,15,1,1,1,1,467.097786604315,467.097786604315,467.097786604315,1.2048483095978216e-05
Orbitrap,23.358316065436348,23.358316065436348,15,1,1,1,1,467.166321308727,467.166321308727,467.166321308727,1.2048483095978216e-05
Orbitrap,23.35914,23.35914,5,1,1,1,1,467.1828,467.1828,467.1828,1.2048483095978216e-05
Orbitrap,23.376480000000004,23.376480000000004,15,1,1,1,1,292.206,292.206,292.206,1.2048483095978216e-05
Orbitrap,23.406156,23.406156,6,1,1,1,1,260.0684,260.0684,260.0684,1.2048483095978216e-05
Orbitrap,23.4086285105145,23.4086285105145,13,1,1,1,1,468.17257021029,468.17257021029,468.17257021029,1.2048483095978216e-05
Orbitrap,23.41155,23.41155,5,1,1,1,1,390.1925,390.1925,390.1925,1.2048483095978216e-05
Orbitrap,23.411718,23.411718,6,1,1,1,1,130.0651,130.0651,130.0651,1.2048483095978216e-05
Orbitrap,23.415285,23.415285,6,1,1,1,1,156.1019,156.1019,156.1019,1.2048483095978216e-05
Orbitrap,23.424102,23.424102,6,1,1,1,1,130.1339,130.1339,130.1339,1.2048483095978216e-05
Orbitrap,23.44816,23.44816,5,1,1,1,1,293.102,293.102,293.102,1.2048483095978216e-05
Orbitrap,23.448408,23.448408,6,1,1,1,1,293.1051,293.1051,293.1051,1.2048483095978216e-05
Orbitrap,23.448708000000003,23.448708000000003,15,1,1,1,1,586.2177,586.2177,586.2177,1.2048483095978216e-05
Orbitrap,23.451968,23.451968,6,1,1,1,1,293.1496,293.1496,293.1496,1.2048483095978216e-05
Orbitrap,23.461455,23.461455,6,1,1,1,1,469.2291,469.2291,469.2291,1.2048483095978216e-05
Orbitrap,23.491809,23.491809,6,1,1,1,1,261.0201,261.0201,261.0201,1.2048483095978216e-05
Orbitrap,23.50672622924585,23.50672622924585,14,1,1,1,1,470.134524584917,470.134524584917,470.134524584917,1.2048483095978216e-05
Orbitrap,23.511575,23.511575,6,1,1,1,1,470.2315,470.2315,470.2315,1.2048483095978216e-05
Orbitrap,23.51441,23.51441,5,1,1,1,1,235.1441,235.1441,235.1441,1.2048483095978216e-05
Orbitrap,23.52056,23.52056,5,1,1,1,1,235.2056,235.2056,235.2056,1.2048483095978216e-05
Orbitrap,23.529084,23.529084,6,1,1,1,1,196.0757,196.0757,196.0757,1.2048483095978216e-05
Orbitrap,23.532808,23.532808,6,1,1,1,1,294.1601,294.1601,294.1601,1.2048483095978216e-05
Orbitrap,23.58144,23.58144,5,1,1,1,1,262.016,262.016,262.016,1.2048483095978216e-05
Orbitrap,23.608616,23.608616,6,1,1,1,1,295.1077,295.1077,295.1077,1.2048483095978216e-05
Orbitrap,23.61034,23.61034,5,1,1,1,1,472.2068,472.2068,472.2068,1.2048483095978216e-05
Orbitrap,23.640588,23.640588,6,1,1,1,1,394.0098,394.0098,394.0098,1.2048483095978216e-05
Orbitrap,23.654934,23.654934,6,1,1,1,1,394.2489,394.2489,394.2489,1.2048483095978216e-05
Orbitrap,23.65645904541015,23.65645904541015,14,1,1,1,1,473.129180908203,473.129180908203,473.129180908203,1.2048483095978216e-05
Orbitrap,23.656460000000003,23.656460000000003,15,1,1,1,1,473.1292,473.1292,473.1292,1.2048483095978216e-05
Orbitrap,23.671539000000003,23.671539000000003,15,1,1,1,1,263.0171,263.0171,263.0171,1.2048483095978216e-05
Orbitrap,23.674509,23.674509,6,1,1,1,1,263.0501,263.0501,263.0501,1.2048483095978216e-05
Orbitrap,23.6856,23.6856,4,1,1,1,1,296.07,296.07,296.07,1.2048483095978216e-05
Orbitrap,23.68824,23.68824,5,1,1,1,1,296.103,296.103,296.103,1.2048483095978216e-05
Orbitrap,23.6984916,23.6984916,7,1,1,1,1,282.1249,282.1249,282.1249,1.2048483095978216e-05
Orbitrap,23.707278,23.707278,6,1,1,1,1,395.1213,395.1213,395.1213,1.2048483095978216e-05
Orbitrap,23.70864,23.70864,5,1,1,1,1,474.1728,474.1728,474.1728,1.2048483095978216e-05
Orbitrap,23.708934000000003,23.708934000000003,15,1,1,1,1,395.1489,395.1489,395.1489,1.2048483095978216e-05
Orbitrap,23.71022,23.71022,5,1,1,1,1,237.1022,237.1022,237.1022,1.2048483095978216e-05
Orbitrap,23.71234,23.71234,5,1,1,1,1,237.1234,237.1234,237.1234,1.2048483095978216e-05
Orbitrap,23.713974,23.713974,6,1,1,1,1,395.2329,395.2329,395.2329,1.2048483095978216e-05
Orbitrap,23.72213,23.72213,5,1,1,1,1,237.2213,237.2213,237.2213,1.2048483095978216e-05
Orbitrap,23.75659452979335,23.75659452979335,14,1,1,1,1,475.131890595867,475.131890595867,475.131890595867,1.2048483095978216e-05
Orbitrap,23.7589873864569,23.7589873864569,13,1,1,1,1,475.179747729138,475.179747729138,475.179747729138,1.2048483095978216e-05
Orbitrap,23.7622612252383,23.7622612252383,13,1,1,1,1,475.245224504766,475.245224504766,475.245224504766,1.2048483095978216e-05
Orbitrap,23.764448000000005,23.764448000000005,15,1,1,1,1,297.0556,297.0556,297.0556,1.2048483095978216e-05
Orbitrap,23.770664,23.770664,6,1,1,1,1,297.1333,297.1333,297.1333,1.2048483095978216e-05
Orbitrap,23.7735,23.7735,4,1,1,1,1,198.1125,198.1125,198.1125,1.2048483095978216e-05
Orbitrap,23.774792,23.774792,6,1,1,1,1,297.1849,297.1849,297.1849,1.2048483095978216e-05
Orbitrap,23.80863,23.80863,5,1,1,1,1,238.0863,238.0863,238.0863,1.2048483095978216e-05
Orbitrap,23.81055377297565,23.81055377297565,14,1,1,1,1,476.211075459513,476.211075459513,476.211075459513,1.2048483095978216e-05
Orbitrap,23.813496,23.813496,6,1,1,1,1,170.0964,170.0964,170.0964,1.2048483095978216e-05
Orbitrap,23.819394,23.819394,6,1,1,1,1,396.9899,396.9899,396.9899,1.2048483095978216e-05
Orbitrap,23.8491656,23.8491656,7,1,1,1,1,298.11457,298.11457,298.11457,1.2048483095978216e-05
Orbitrap,23.85309,23.85309,5,1,1,1,1,159.0206,159.0206,159.0206,1.2048483095978216e-05
Orbitrap,23.885268,23.885268,6,1,1,1,1,398.0878,398.0878,398.0878,1.2048483095978216e-05
Orbitrap,23.89766,23.89766,5,1,1,1,1,238.9766,238.9766,238.9766,1.2048483095978216e-05
Orbitrap,23.91503,23.91503,5,1,1,1,1,239.1503,239.1503,239.1503,1.2048483095978216e-05
Orbitrap,23.934032,23.934032,6,1,1,1,1,299.1754,299.1754,299.1754,1.2048483095978216e-05
Orbitrap,23.936048000000003,23.936048000000003,15,1,1,1,1,299.2006,299.2006,299.2006,1.2048483095978216e-05
Orbitrap,23.940198,23.940198,6,1,1,1,1,399.0033,399.0033,399.0033,1.2048483095978216e-05
Orbitrap,23.945814,23.945814,6,1,1,1,1,399.0969,399.0969,399.0969,1.2048483095978216e-05
Orbitrap,23.951256,23.951256,6,1,1,1,1,171.0804,171.0804,171.0804,1.2048483095978216e-05
Orbitrap,23.955036,23.955036,6,1,1,1,1,399.2506,399.2506,399.2506,1.2048483095978216e-05
Orbitrap,24.005952,24.005952,6,1,1,1,1,150.0372,150.0372,150.0372,1.2048483095978216e-05
Orbitrap,24.00786,24.00786,5,1,1,1,1,400.131,400.131,400.131,1.2048483095978216e-05
Orbitrap,24.00888,24.00888,5,1,1,1,1,200.074,200.074,200.074,1.2048483095978216e-05
Orbitrap,24.010645585,24.010645585,9,1,1,1,1,480.2129117,480.2129117,480.2129117,1.2048483095978216e-05
Orbitrap,24.076584,24.076584,6,1,1,1,1,171.9756,171.9756,171.9756,1.2048483095978216e-05
Orbitrap,24.085656,24.085656,6,1,1,1,1,301.0707,301.0707,301.0707,1.2048483095978216e-05
Orbitrap,24.085904000000003,24.085904000000003,15,1,1,1,1,301.0738,301.0738,301.0738,1.2048483095978216e-05
Orbitrap,24.098648,24.098648,6,1,1,1,1,172.1332,172.1332,172.1332,1.2048483095978216e-05
Orbitrap,24.123690000000003,24.123690000000003,15,1,1,1,1,402.0615,402.0615,402.0615,1.2048483095978216e-05
Orbitrap,24.1308,24.1308,4,1,1,1,1,134.06,134.06,134.06,1.2048483095978216e-05
Orbitrap,24.135834,24.135834,6,1,1,1,1,402.2639,402.2639,402.2639,1.2048483095978216e-05
Orbitrap,24.158071,24.158071,6,1,1,1,1,345.1153,345.1153,345.1153,1.2048483095978216e-05
Orbitrap,24.19269,24.19269,5,1,1,1,1,403.2115,403.2115,403.2115,1.2048483095978216e-05
Orbitrap,24.210306,24.210306,6,1,1,1,1,269.0034,269.0034,269.0034,1.2048483095978216e-05
Orbitrap,24.21434,24.21434,5,1,1,1,1,242.1434,242.1434,242.1434,1.2048483095978216e-05
Orbitrap,24.250356,24.250356,6,1,1,1,1,202.0863,202.0863,202.0863,1.2048483095978216e-05
Orbitrap,24.261624000000005,24.261624000000005,15,1,1,1,1,202.1802,202.1802,202.1802,1.2048483095978216e-05
Orbitrap,24.295364000000003,24.295364000000003,15,1,1,1,1,607.3841,607.3841,607.3841,1.2048483095978216e-05
Orbitrap,24.29808,24.29808,5,1,1,1,1,161.9872,161.9872,161.9872,1.2048483095978216e-05
Orbitrap,24.315816,24.315816,6,1,1,1,1,405.2636,405.2636,405.2636,1.2048483095978216e-05
Orbitrap,24.32264,24.32264,5,1,1,1,1,152.0165,152.0165,152.0165,1.2048483095978216e-05
Orbitrap,24.34108,24.34108,5,1,1,1,1,304.2635,304.2635,304.2635,1.2048483095978216e-05
Orbitrap,24.367574,24.367574,6,1,1,1,1,174.0541,174.0541,174.0541,1.2048483095978216e-05
Orbitrap,24.398550000000004,24.398550000000004,15,1,1,1,1,271.095,271.095,271.095,1.2048483095978216e-05
Orbitrap,24.398604,24.398604,6,1,1,1,1,271.0956,271.0956,271.0956,1.2048483095978216e-05
Orbitrap,24.408664,24.408664,6,1,1,1,1,305.1083,305.1083,305.1083,1.2048483095978216e-05
Orbitrap,24.418608,24.418608,6,1,1,1,1,406.9768,406.9768,406.9768,1.2048483095978216e-05
Orbitrap,24.43326,24.43326,5,1,1,1,1,407.221,407.221,407.221,1.2048483095978216e-05
Orbitrap,24.46137,24.46137,5,1,1,1,1,489.2274,489.2274,489.2274,1.2048483095978216e-05
Orbitrap,24.461392525,24.461392525,9,1,1,1,1,489.2278505,489.2278505,489.2278505,1.2048483095978216e-05
Orbitrap,24.4838872,24.4838872,7,1,1,1,1,306.04859,306.04859,306.04859,1.2048483095978216e-05
Orbitrap,24.490168,24.490168,6,1,1,1,1,306.1271,306.1271,306.1271,1.2048483095978216e-05
Orbitrap,24.492228,24.492228,6,1,1,1,1,204.1019,204.1019,204.1019,1.2048483095978216e-05
Orbitrap,24.49386,24.49386,5,1,1,1,1,272.154,272.154,272.154,1.2048483095978216e-05
Orbitrap,24.496352,24.496352,6,1,1,1,1,153.1022,153.1022,153.1022,1.2048483095978216e-05
Orbitrap,24.51434148139395,24.51434148139395,14,1,1,1,1,490.286829627879,490.286829627879,490.286829627879,1.2048483095978216e-05
Orbitrap,24.54822,24.54822,5,1,1,1,1,409.137,409.137,409.137,1.2048483095978216e-05
Orbitrap,24.5587347865246,24.5587347865246,13,1,1,1,1,491.174695730492,491.174695730492,491.174695730492,1.2048483095978216e-05
Orbitrap,24.57232,24.57232,5,1,1,1,1,307.154,307.154,307.154,1.2048483095978216e-05
Orbitrap,24.614628,24.614628,6,1,1,1,1,410.2438,410.2438,410.2438,1.2048483095978216e-05
Orbitrap,24.64032,24.64032,5,1,1,1,1,308.004,308.004,308.004,1.2048483095978216e-05
Orbitrap,24.642672,24.642672,6,1,1,1,1,154.0167,154.0167,154.0167,1.2048483095978216e-05
Orbitrap,24.6451392,24.6451392,7,1,1,1,1,308.06424,308.06424,308.06424,1.2048483095978216e-05
Orbitrap,24.6472888,24.6472888,7,1,1,1,1,308.09111,308.09111,308.09111,1.2048483095978216e-05
Orbitrap,24.649884,24.649884,6,1,1,1,1,176.0706,176.0706,176.0706,1.2048483095978216e-05
Orbitrap,24.659994,24.659994,6,1,1,1,1,410.9999,410.9999,410.9999,1.2048483095978216e-05
Orbitrap,24.662979,24.662979,6,1,1,1,1,274.0331,274.0331,274.0331,1.2048483095978216e-05
Orbitrap,24.665814,24.665814,6,1,1,1,1,411.0969,411.0969,411.0969,1.2048483095978216e-05
Orbitrap,24.671688,24.671688,6,1,1,1,1,411.1948,411.1948,411.1948,1.2048483095978216e-05
Orbitrap,24.671868,24.671868,6,1,1,1,1,411.1978,411.1978,411.1978,1.2048483095978216e-05
Orbitrap,24.673146,24.673146,6,1,1,1,1,411.2191,411.2191,411.2191,1.2048483095978216e-05
Orbitrap,24.71245727539065,24.71245727539065,14,1,1,1,1,494.249145507813,494.249145507813,494.249145507813,1.2048483095978216e-05
Orbitrap,24.713285,24.713285,6,1,1,1,1,494.2657,494.2657,494.2657,1.2048483095978216e-05
Orbitrap,24.72386,24.72386,5,1,1,1,1,309.04825,309.04825,309.04825,1.2048483095978216e-05
Orbitrap,24.72484,24.72484,5,1,1,1,1,309.0605,309.0605,309.0605,1.2048483095978216e-05
Orbitrap,24.728968,24.728968,6,1,1,1,1,309.1121,309.1121,309.1121,1.2048483095978216e-05
Orbitrap,24.753222,24.753222,6,1,1,1,1,275.0358,275.0358,275.0358,1.2048483095978216e-05
Orbitrap,24.75565338134765,24.75565338134765,14,1,1,1,1,495.113067626953,495.113067626953,495.113067626953,1.2048483095978216e-05
Orbitrap,24.756408,24.756408,6,1,1,1,1,275.0712,275.0712,275.0712,1.2048483095978216e-05
Orbitrap,24.75681915283205,24.75681915283205,14,1,1,1,1,495.136383056641,495.136383056641,495.136383056641,1.2048483095978216e-05
Orbitrap,24.760125,24.760125,6,1,1,1,1,275.1125,275.1125,275.1125,1.2048483095978216e-05
Orbitrap,24.8090624,24.8090624,7,1,1,1,1,310.11328,310.11328,310.11328,1.2048483095978216e-05
Orbitrap,24.819945,24.819945,6,1,1,1,1,496.3989,496.3989,496.3989,1.2048483095978216e-05
Orbitrap,24.845688,24.845688,6,1,1,1,1,276.0632,276.0632,276.0632,1.2048483095978216e-05
Orbitrap,24.849576000000003,24.849576000000003,15,1,1,1,1,207.0798,207.0798,207.0798,1.2048483095978216e-05
Orbitrap,24.860916,24.860916,6,1,1,1,1,207.1743,207.1743,207.1743,1.2048483095978216e-05
Orbitrap,24.888208,24.888208,6,1,1,1,1,311.1026,311.1026,311.1026,1.2048483095978216e-05
Orbitrap,24.892344,24.892344,6,1,1,1,1,311.1543,311.1543,311.1543,1.2048483095978216e-05
Orbitrap,24.896048000000004,24.896048000000004,15,1,1,1,1,311.2006,311.2006,311.2006,1.2048483095978216e-05
Orbitrap,24.90877,24.90877,5,1,1,1,1,498.1754,498.1754,498.1754,1.2048483095978216e-05
Orbitrap,24.91404,24.91404,5,1,1,1,1,415.234,415.234,415.234,1.2048483095978216e-05
Orbitrap,24.91598,24.91598,5,1,1,1,1,249.1598,249.1598,249.1598,1.2048483095978216e-05
Orbitrap,24.96532,24.96532,5,1,1,1,1,312.0665,312.0665,312.0665,1.2048483095978216e-05
Orbitrap,24.967656,24.967656,6,1,1,1,1,208.0638,208.0638,208.0638,1.2048483095978216e-05
Orbitrap,24.969492,24.969492,6,1,1,1,1,208.0791,208.0791,208.0791,1.2048483095978216e-05
Orbitrap,25.00645,25.00645,5,1,1,1,1,250.0645,250.0645,250.0645,1.2048483095978216e-05
Orbitrap,25.009327759422447,25.009327759422447,15,1,1,1,1,500.186555188449,500.186555188449,500.186555188449,1.2048483095978216e-05
Orbitrap,25.029036,25.029036,6,1,1,1,1,139.0502,139.0502,139.0502,1.2048483095978216e-05
Orbitrap,25.057296,25.057296,6,1,1,1,1,313.2162,313.2162,313.2162,1.2048483095978216e-05
Orbitrap,25.072045,25.072045,6,1,1,1,1,501.4409,501.4409,501.4409,1.2048483095978216e-05
Orbitrap,25.087164,25.087164,6,1,1,1,1,209.0597,209.0597,209.0597,1.2048483095978216e-05
Orbitrap,25.095528,25.095528,6,1,1,1,1,418.2588,418.2588,418.2588,1.2048483095978216e-05
Orbitrap,25.10468,25.10468,5,1,1,1,1,251.0468,251.0468,251.0468,1.2048483095978216e-05
Orbitrap,25.131096,25.131096,6,1,1,1,1,314.1387,314.1387,314.1387,1.2048483095978216e-05
Orbitrap,25.20058,25.20058,5,1,1,1,1,252.0058,252.0058,252.0058,1.2048483095978216e-05
Orbitrap,25.205688,25.205688,6,1,1,1,1,420.0948,420.0948,420.0948,1.2048483095978216e-05
Orbitrap,25.212195,25.212195,6,1,1,1,1,420.20325,420.20325,420.20325,1.2048483095978216e-05
Orbitrap,25.216536,25.216536,6,1,1,1,1,315.2067,315.2067,315.2067,1.2048483095978216e-05
Orbitrap,25.217163,25.217163,6,1,1,1,1,280.1907,280.1907,280.1907,1.2048483095978216e-05
Orbitrap,25.218552,25.218552,6,1,1,1,1,315.2319,315.2319,315.2319,1.2048483095978216e-05
Orbitrap,25.30309,25.30309,5,1,1,1,1,253.0309,253.0309,253.0309,1.2048483095978216e-05
Orbitrap,25.30464,25.30464,5,1,1,1,1,253.0464,253.0464,253.0464,1.2048483095978216e-05
Orbitrap,25.311415,25.311415,6,1,1,1,1,506.2283,506.2283,506.2283,1.2048483095978216e-05
Orbitrap,25.31659,25.31659,5,1,1,1,1,253.1659,253.1659,253.1659,1.2048483095978216e-05
Orbitrap,25.32162,25.32162,5,1,1,1,1,253.2162,253.2162,253.2162,1.2048483095978216e-05
Orbitrap,25.326006,25.326006,6,1,1,1,1,422.1001,422.1001,422.1001,1.2048483095978216e-05
Orbitrap,25.32894,25.32894,5,1,1,1,1,211.0745,211.0745,211.0745,1.2048483095978216e-05
Orbitrap,25.333128,25.333128,6,1,1,1,1,211.1094,211.1094,211.1094,1.2048483095978216e-05
Orbitrap,25.373136,25.373136,6,1,1,1,1,317.1642,317.1642,317.1642,1.2048483095978216e-05
Orbitrap,25.388019,25.388019,6,1,1,1,1,282.0891,282.0891,282.0891,1.2048483095978216e-05
Orbitrap,25.388307,25.388307,6,1,1,1,1,282.0923,282.0923,282.0923,1.2048483095978216e-05
Orbitrap,25.40043,25.40043,5,1,1,1,1,141.1135,141.1135,141.1135,1.2048483095978216e-05
Orbitrap,25.41038,25.41038,5,1,1,1,1,508.2076,508.2076,508.2076,1.2048483095978216e-05
Orbitrap,25.41434,25.41434,5,1,1,1,1,254.1434,254.1434,254.1434,1.2048483095978216e-05
Orbitrap,25.44104,25.44104,5,1,1,1,1,318.013,318.013,318.013,1.2048483095978216e-05
Orbitrap,25.4627,25.4627,4,1,1,1,1,509.254,509.254,509.254,1.2048483095978216e-05
Orbitrap,25.464951,25.464951,6,1,1,1,1,282.9439,282.9439,282.9439,1.2048483095978216e-05
Orbitrap,25.476417,25.476417,6,1,1,1,1,283.0713,283.0713,283.0713,1.2048483095978216e-05
Orbitrap,25.481302,25.481302,6,1,1,1,1,182.0093,182.0093,182.0093,1.2048483095978216e-05
Orbitrap,25.51016,25.51016,5,1,1,1,1,255.1016,255.1016,255.1016,1.2048483095978216e-05
Orbitrap,25.51128,25.51128,5,1,1,1,1,255.1128,255.1128,255.1128,1.2048483095978216e-05
Orbitrap,25.51591,25.51591,5,1,1,1,1,255.1591,255.1591,255.1591,1.2048483095978216e-05
Orbitrap,25.51743,25.51743,5,1,1,1,1,255.1743,255.1743,255.1743,1.2048483095978216e-05
Orbitrap,25.52175,25.52175,5,1,1,1,1,425.3625,425.3625,425.3625,1.2048483095978216e-05
Orbitrap,25.523584000000003,25.523584000000003,15,1,1,1,1,319.0448,319.0448,319.0448,1.2048483095978216e-05
Orbitrap,25.529408,25.529408,6,1,1,1,1,319.1176,319.1176,319.1176,1.2048483095978216e-05
Orbitrap,25.533024,25.533024,6,1,1,1,1,319.1628,319.1628,319.1628,1.2048483095978216e-05
Orbitrap,25.561548,25.561548,6,1,1,1,1,142.0086,142.0086,142.0086,1.2048483095978216e-05
Orbitrap,25.562094,25.562094,6,1,1,1,1,426.0349,426.0349,426.0349,1.2048483095978216e-05
Orbitrap,25.566832,25.566832,6,1,1,1,1,639.1708,639.1708,639.1708,1.2048483095978216e-05
Orbitrap,25.570146,25.570146,6,1,1,1,1,426.1691,426.1691,426.1691,1.2048483095978216e-05
Orbitrap,25.60209,25.60209,5,1,1,1,1,256.0209,256.0209,256.0209,1.2048483095978216e-05
Orbitrap,25.6029,25.6029,4,1,1,1,1,256.029,256.029,256.029,1.2048483095978216e-05
Orbitrap,25.604352,25.604352,6,1,1,1,1,160.0272,160.0272,160.0272,1.2048483095978216e-05
Orbitrap,25.60596,25.60596,5,1,1,1,1,256.0596,256.0596,256.0596,1.2048483095978216e-05
Orbitrap,25.61099,25.61099,5,1,1,1,1,256.1099,256.1099,256.1099,1.2048483095978216e-05
Orbitrap,25.61124,25.61124,5,1,1,1,1,320.1405,320.1405,320.1405,1.2048483095978216e-05
Orbitrap,25.612192,25.612192,6,1,1,1,1,320.1524,320.1524,320.1524,1.2048483095978216e-05
Orbitrap,25.61696,25.61696,5,1,1,1,1,256.1696,256.1696,256.1696,1.2048483095978216e-05
Orbitrap,25.661106,25.661106,6,1,1,1,1,285.1234,285.1234,285.1234,1.2048483095978216e-05
Orbitrap,25.681536,25.681536,6,1,1,1,1,321.0192,321.0192,321.0192,1.2048483095978216e-05
Orbitrap,25.683564,25.683564,6,1,1,1,1,214.0297,214.0297,214.0297,1.2048483095978216e-05
Orbitrap,25.690752,25.690752,6,1,1,1,1,214.0896,214.0896,214.0896,1.2048483095978216e-05
Orbitrap,25.742979,25.742979,6,1,1,1,1,286.0331,286.0331,286.0331,1.2048483095978216e-05
Orbitrap,25.76219,25.76219,5,1,1,1,1,515.2438,515.2438,515.2438,1.2048483095978216e-05
Orbitrap,25.765304,25.765304,6,1,1,1,1,322.0663,322.0663,322.0663,1.2048483095978216e-05
Orbitrap,25.771504,25.771504,6,1,1,1,1,322.1438,322.1438,322.1438,1.2048483095978216e-05
Orbitrap,25.774736,25.774736,6,1,1,1,1,161.0921,161.0921,161.0921,1.2048483095978216e-05
Orbitrap,25.814925,25.814925,6,1,1,1,1,516.2985,516.2985,516.2985,1.2048483095978216e-05
Orbitrap,25.82428,25.82428,5,1,1,1,1,258.2428,258.2428,258.2428,1.2048483095978216e-05
Orbitrap,25.827910000000003,25.827910000000003,15,1,1,1,1,258.2791,258.2791,258.2791,1.2048483095978216e-05
Orbitrap,25.84124,25.84124,5,1,1,1,1,646.031,646.031,646.031,1.2048483095978216e-05
Orbitrap,25.845112,25.845112,6,1,1,1,1,323.0639,323.0639,323.0639,1.2048483095978216e-05
Orbitrap,25.874568,25.874568,6,1,1,1,1,431.2428,431.2428,431.2428,1.2048483095978216e-05
Orbitrap,25.90077,25.90077,5,1,1,1,1,259.0077,259.0077,259.0077,1.2048483095978216e-05
Orbitrap,25.915022,25.915022,6,1,1,1,1,185.1073,185.1073,185.1073,1.2048483095978216e-05
Orbitrap,25.924392000000005,25.924392000000005,15,1,1,1,1,288.0488,288.0488,288.0488,1.2048483095978216e-05
Orbitrap,25.934544,25.934544,6,1,1,1,1,144.0808,144.0808,144.0808,1.2048483095978216e-05
Orbitrap,25.939128,25.939128,6,1,1,1,1,216.1594,216.1594,216.1594,1.2048483095978216e-05
Orbitrap,25.954005,25.954005,6,1,1,1,1,173.0267,173.0267,173.0267,1.2048483095978216e-05
Orbitrap,26.0034536,26.0034536,7,1,1,1,1,325.04317000000003,325.04317000000003,325.04317000000003,1.2048483095978216e-05
Orbitrap,26.013168,26.013168,6,1,1,1,1,325.1646,325.1646,325.1646,1.2048483095978216e-05
Orbitrap,26.019198,26.019198,6,1,1,1,1,289.1022,289.1022,289.1022,1.2048483095978216e-05
Orbitrap,26.040996,26.040996,6,1,1,1,1,217.0083,217.0083,217.0083,1.2048483095978216e-05
Orbitrap,26.049324,26.049324,6,1,1,1,1,217.0777,217.0777,217.0777,1.2048483095978216e-05
Orbitrap,26.049528,26.049528,6,1,1,1,1,217.0794,217.0794,217.0794,1.2048483095978216e-05
Orbitrap,26.0887704,26.0887704,7,1,1,1,1,326.10963,326.10963,326.10963,1.2048483095978216e-05
Orbitrap,26.102904,26.102904,6,1,1,1,1,435.0484,435.0484,435.0484,1.2048483095978216e-05
Orbitrap,26.103210000000004,26.103210000000004,15,1,1,1,1,261.0321,261.0321,261.0321,1.2048483095978216e-05
Orbitrap,26.10549,26.10549,5,1,1,1,1,290.061,290.061,290.061,1.2048483095978216e-05
Orbitrap,26.108516452031147,26.108516452031147,15,1,1,1,1,522.170329040623,522.170329040623,522.170329040623,1.2048483095978216e-05
Orbitrap,26.160648,26.160648,6,1,1,1,1,327.0081,327.0081,327.0081,1.2048483095978216e-05
Orbitrap,26.163744,26.163744,6,1,1,1,1,327.0468,327.0468,327.0468,1.2048483095978216e-05
Orbitrap,26.166248,26.166248,6,1,1,1,1,327.0781,327.0781,327.0781,1.2048483095978216e-05
Orbitrap,26.170968,26.170968,6,1,1,1,1,327.1371,327.1371,327.1371,1.2048483095978216e-05
Orbitrap,26.171874,26.171874,6,1,1,1,1,436.1979,436.1979,436.1979,1.2048483095978216e-05
Orbitrap,26.174892,26.174892,6,1,1,1,1,436.2482,436.2482,436.2482,1.2048483095978216e-05
Orbitrap,26.192763000000003,26.192763000000003,15,1,1,1,1,291.0307,291.0307,291.0307,1.2048483095978216e-05
Orbitrap,26.196471000000003,26.196471000000003,15,1,1,1,1,291.0719,291.0719,291.0719,1.2048483095978216e-05
Orbitrap,26.20874,26.20874,5,1,1,1,1,262.0874,262.0874,262.0874,1.2048483095978216e-05
Orbitrap,26.21043,26.21043,5,1,1,1,1,524.2086,524.2086,524.2086,1.2048483095978216e-05
Orbitrap,26.21186,26.21186,5,1,1,1,1,262.1186,262.1186,262.1186,1.2048483095978216e-05
Orbitrap,26.231754,26.231754,6,1,1,1,1,437.1959,437.1959,437.1959,1.2048483095978216e-05
Orbitrap,26.234142,26.234142,6,1,0,1,0,437.2357,437.2357,437.2357,1.2048483095978216e-05
Orbitrap,26.259014892578147,26.259014892578147,15,1,1,1,1,525.180297851563,525.180297851563,525.180297851563,1.2048483095978216e-05
Orbitrap,26.275275,26.275275,6,1,1,1,1,291.9475,291.9475,291.9475,1.2048483095978216e-05
Orbitrap,26.284104,26.284104,6,1,1,1,1,146.0228,146.0228,146.0228,1.2048483095978216e-05
Orbitrap,26.291400000000003,26.291400000000003,15,1,1,1,1,219.095,219.095,219.095,1.2048483095978216e-05
Orbitrap,26.2928304,26.2928304,7,1,1,1,1,438.21384,438.21384,438.21384,1.2048483095978216e-05
Orbitrap,26.295033995,26.295033995,9,1,1,1,1,525.9006799,525.9006799,525.9006799,1.2048483095978216e-05
Orbitrap,26.329758,26.329758,6,1,1,1,1,188.0697,188.0697,188.0697,1.2048483095978216e-05
Orbitrap,26.33488,26.33488,5,1,1,1,1,329.186,329.186,329.186,1.2048483095978216e-05
Orbitrap,26.342532,26.342532,6,1,1,1,1,439.0422,439.0422,439.0422,1.2048483095978216e-05
Orbitrap,26.370891000000004,26.370891000000004,15,1,1,1,1,293.0099,293.0099,293.0099,1.2048483095978216e-05
Orbitrap,26.376471,26.376471,6,1,1,1,1,293.0719,293.0719,293.0719,1.2048483095978216e-05
Orbitrap,26.378811,26.378811,6,1,1,1,1,293.0979,293.0979,293.0979,1.2048483095978216e-05
Orbitrap,26.380548,26.380548,6,1,1,1,1,293.1172,293.1172,293.1172,1.2048483095978216e-05
Orbitrap,26.4047856,26.4047856,7,1,1,1,1,330.05982,330.05982,330.05982,1.2048483095978216e-05
Orbitrap,26.412,26.412,3,1,1,1,1,330.15,330.15,330.15,1.2048483095978216e-05
Orbitrap,26.413452,26.413452,6,1,1,1,1,220.1121,220.1121,220.1121,1.2048483095978216e-05
Orbitrap,26.413981,26.413981,6,1,1,1,1,240.1271,240.1271,240.1271,1.2048483095978216e-05
Orbitrap,26.414316000000003,26.414316000000003,15,1,1,1,1,220.1193,220.1193,220.1193,1.2048483095978216e-05
Orbitrap,26.469036,26.469036,6,1,1,1,1,294.1004,294.1004,294.1004,1.2048483095978216e-05
Orbitrap,26.495232,26.495232,6,1,1,1,1,331.1904,331.1904,331.1904,1.2048483095978216e-05
Orbitrap,26.498144,26.498144,6,1,1,1,1,331.2268,331.2268,331.2268,1.2048483095978216e-05
Orbitrap,26.528916,26.528916,6,1,1,1,1,221.0743,221.0743,221.0743,1.2048483095978216e-05
Orbitrap,26.553600000000003,26.553600000000003,15,1,1,1,1,295.04,295.04,295.04,1.2048483095978216e-05
Orbitrap,26.55738,26.55738,5,1,1,1,1,295.082,295.082,295.082,1.2048483095978216e-05
Orbitrap,26.557805,26.557805,6,1,1,1,1,531.1561,531.1561,531.1561,1.2048483095978216e-05
Orbitrap,26.57124,26.57124,5,1,1,1,1,332.1405,332.1405,332.1405,1.2048483095978216e-05
Orbitrap,26.573808,26.573808,6,1,1,1,1,166.0863,166.0863,166.0863,1.2048483095978216e-05
Orbitrap,26.60958,26.60958,5,1,1,1,1,266.0958,266.0958,266.0958,1.2048483095978216e-05
Orbitrap,26.643792,26.643792,6,1,1,1,1,222.0316,222.0316,222.0316,1.2048483095978216e-05
Orbitrap,26.647752,26.647752,6,1,1,1,1,333.0969,333.0969,333.0969,1.2048483095978216e-05
Orbitrap,26.654844,26.654844,6,1,1,1,1,222.1237,222.1237,222.1237,1.2048483095978216e-05
Orbitrap,26.70764,26.70764,5,1,1,1,1,267.0764,267.0764,267.0764,1.2048483095978216e-05
Orbitrap,26.70863,26.70863,5,1,1,1,1,267.0863,267.0863,267.0863,1.2048483095978216e-05
Orbitrap,26.710788,26.710788,6,1,1,1,1,445.1798,445.1798,445.1798,1.2048483095978216e-05
Orbitrap,26.717200000000005,26.717200000000005,15,1,1,1,1,267.172,267.172,267.172,1.2048483095978216e-05
Orbitrap,26.746314,26.746314,6,1,1,1,1,191.0451,191.0451,191.0451,1.2048483095978216e-05
Orbitrap,26.7589978525302,26.7589978525302,13,1,1,1,1,535.179957050604,535.179957050604,535.179957050604,1.2048483095978216e-05
Orbitrap,26.760937474750303,26.760937474750303,15,1,1,1,1,535.218749495006,535.218749495006,535.218749495006,1.2048483095978216e-05
Orbitrap,26.77848,26.77848,5,1,1,1,1,223.154,223.154,223.154,1.2048483095978216e-05
Orbitrap,26.805112,26.805112,6,1,1,1,1,335.0639,335.0639,335.0639,1.2048483095978216e-05
Orbitrap,26.81543,26.81543,5,1,1,1,1,268.1543,268.1543,268.1543,1.2048483095978216e-05
Orbitrap,26.820846,26.820846,6,1,1,1,1,447.0141,447.0141,447.0141,1.2048483095978216e-05
Orbitrap,26.830836,26.830836,6,1,1,1,1,298.1204,298.1204,298.1204,1.2048483095978216e-05
Orbitrap,26.883948,26.883948,6,1,1,1,1,224.0329,224.0329,224.0329,1.2048483095978216e-05
Orbitrap,26.886636,26.886636,6,1,1,1,1,224.0553,224.0553,224.0553,1.2048483095978216e-05
Orbitrap,26.89038,26.89038,5,1,1,1,1,448.173,448.173,448.173,1.2048483095978216e-05
Orbitrap,26.890752,26.890752,6,1,1,1,1,192.0768,192.0768,192.0768,1.2048483095978216e-05
Orbitrap,26.899362,26.899362,6,1,1,1,1,192.1383,192.1383,192.1383,1.2048483095978216e-05
Orbitrap,26.915526,26.915526,6,1,1,1,1,299.0614,299.0614,299.0614,1.2048483095978216e-05
Orbitrap,26.916480000000004,26.916480000000004,15,1,1,1,1,269.1648,269.1648,269.1648,1.2048483095978216e-05
Orbitrap,27.004086,27.004086,6,1,1,1,1,300.0454,300.0454,300.0454,1.2048483095978216e-05
Orbitrap,27.006696000000005,27.006696000000005,15,1,1,1,1,150.0372,150.0372,150.0372,1.2048483095978216e-05
Orbitrap,27.006858,27.006858,6,1,1,1,1,300.0762,300.0762,300.0762,1.2048483095978216e-05
Orbitrap,27.011916,27.011916,6,1,1,1,1,150.0662,150.0662,150.0662,1.2048483095978216e-05
Orbitrap,27.015,27.015,3,1,1,1,1,225.125,225.125,225.125,1.2048483095978216e-05
Orbitrap,27.015285,27.015285,6,1,1,1,1,180.1019,180.1019,180.1019,1.2048483095978216e-05
Orbitrap,27.016152,27.016152,6,1,1,1,1,225.1346,225.1346,225.1346,1.2048483095978216e-05
Orbitrap,27.062484999999995,27.062484999999995,15,1,1,1,1,541.2497,541.2497,541.2497,1.2048483095978216e-05
Orbitrap,27.11693,27.11693,5,1,1,1,1,271.1693,271.1693,271.1693,1.2048483095978216e-05
Orbitrap,27.125604,27.125604,6,1,1,1,1,339.07005,339.07005,339.07005,1.2048483095978216e-05
Orbitrap,27.173496,27.173496,6,1,1,1,1,194.0964,194.0964,194.0964,1.2048483095978216e-05
Orbitrap,27.176464,27.176464,6,1,1,1,1,194.1176,194.1176,194.1176,1.2048483095978216e-05
Orbitrap,27.192498,27.192498,6,1,1,1,1,453.2083,453.2083,453.2083,1.2048483095978216e-05
Orbitrap,27.195759,27.195759,6,1,1,1,1,302.1751,302.1751,302.1751,1.2048483095978216e-05
Orbitrap,27.215424,27.215424,6,1,1,1,1,170.0964,170.0964,170.0964,1.2048483095978216e-05
Orbitrap,27.21645,27.21645,5,1,1,1,1,272.1645,272.1645,272.1645,1.2048483095978216e-05
Orbitrap,27.296888,27.296888,6,1,1,1,1,341.2111,341.2111,341.2111,1.2048483095978216e-05
Orbitrap,27.313485,27.313485,6,1,1,1,1,546.2697,546.2697,546.2697,1.2048483095978216e-05
Orbitrap,27.365004000000003,27.365004000000003,15,1,1,1,1,304.0556,304.0556,304.0556,1.2048483095978216e-05
Orbitrap,27.3651286343402,27.3651286343402,13,1,1,1,1,547.302572686804,547.302572686804,547.302572686804,1.2048483095978216e-05
Orbitrap,27.370179,27.370179,6,1,1,1,1,304.1131,304.1131,304.1131,1.2048483095978216e-05
Orbitrap,27.372864,27.372864,6,1,1,1,1,171.0804,171.0804,171.0804,1.2048483095978216e-05
Orbitrap,27.375324,27.375324,6,1,1,1,1,228.1277,228.1277,228.1277,1.2048483095978216e-05
Orbitrap,27.377163,27.377163,6,1,1,1,1,304.1907,304.1907,304.1907,1.2048483095978216e-05
Orbitrap,27.389208000000004,27.389208000000004,15,1,1,1,1,228.2434,228.2434,228.2434,1.2048483095978216e-05
Orbitrap,27.435588,27.435588,6,1,1,1,1,457.2598,457.2598,457.2598,1.2048483095978216e-05
Orbitrap,27.443192,27.443192,6,1,1,1,1,343.0399,343.0399,343.0399,1.2048483095978216e-05
Orbitrap,27.450598000000003,27.450598000000003,15,1,1,1,1,196.0757,196.0757,196.0757,1.2048483095978216e-05
Orbitrap,27.460764,27.460764,6,1,1,1,1,305.1196,305.1196,305.1196,1.2048483095978216e-05
Orbitrap,27.50914,27.50914,5,1,1,1,1,275.0914,275.0914,275.0914,1.2048483095978216e-05
Orbitrap,27.516096,27.516096,6,1,1,1,1,171.9756,171.9756,171.9756,1.2048483095978216e-05
Orbitrap,27.541312,27.541312,6,1,1,1,1,172.1332,172.1332,172.1332,1.2048483095978216e-05
Orbitrap,27.5423648,27.5423648,7,1,1,1,1,344.27956,344.27956,344.27956,1.2048483095978216e-05
Orbitrap,27.545196,27.545196,6,1,1,1,1,459.0866,459.0866,459.0866,1.2048483095978216e-05
Orbitrap,27.547326,27.547326,6,1,1,1,1,153.0407,153.0407,153.0407,1.2048483095978216e-05
Orbitrap,27.602952,27.602952,6,1,1,1,1,230.0246,230.0246,230.0246,1.2048483095978216e-05
Orbitrap,27.607752,27.607752,6,1,1,1,1,345.0969,345.0969,345.0969,1.2048483095978216e-05
Orbitrap,27.619392,27.619392,6,1,1,1,1,345.2424,345.2424,345.2424,1.2048483095978216e-05
Orbitrap,27.629294,27.629294,6,1,1,1,1,251.1754,251.1754,251.1754,1.2048483095978216e-05
Orbitrap,27.629736,27.629736,6,1,1,1,1,230.2478,230.2478,230.2478,1.2048483095978216e-05
Orbitrap,27.653688,27.653688,6,1,1,1,1,307.2632,307.2632,307.2632,1.2048483095978216e-05
Orbitrap,27.71282,27.71282,5,1,1,1,1,277.1282,277.1282,277.1282,1.2048483095978216e-05
Orbitrap,27.723006,27.723006,6,1,1,1,1,154.0167,154.0167,154.0167,1.2048483095978216e-05
Orbitrap,27.730637,27.730637,6,1,1,1,1,252.0967,252.0967,252.0967,1.2048483095978216e-05
Orbitrap,27.75103,27.75103,5,1,1,1,1,555.0206,555.0206,555.0206,1.2048483095978216e-05
Orbitrap,27.760305,27.760305,6,1,1,1,1,555.2061,555.2061,555.2061,1.2048483095978216e-05
Orbitrap,27.807246,27.807246,6,1,1,1,1,308.9694,308.9694,308.9694,1.2048483095978216e-05
Orbitrap,27.81055,27.81055,5,1,1,1,1,278.1055,278.1055,278.1055,1.2048483095978216e-05
Orbitrap,27.813410999999995,27.813410999999995,15,1,1,1,1,309.0379,309.0379,309.0379,1.2048483095978216e-05
Orbitrap,27.813843,27.813843,6,1,1,1,1,309.0427,309.0427,309.0427,1.2048483095978216e-05
Orbitrap,27.84563039999999,27.84563039999999,14,1,1,1,1,348.07037999999994,348.07037999999994,348.07037999999994,1.2048483095978216e-05
Orbitrap,27.846288,27.846288,6,1,1,1,1,232.0524,232.0524,232.0524,1.2048483095978216e-05
Orbitrap,27.847017,27.847017,6,1,1,1,1,253.1547,253.1547,253.1547,1.2048483095978216e-05
Orbitrap,27.848656,27.848656,6,1,1,1,1,174.0541,174.0541,174.0541,1.2048483095978216e-05
Orbitrap,27.853674,27.853674,6,1,1,1,1,464.2279,464.2279,464.2279,1.2048483095978216e-05
Orbitrap,27.855984,27.855984,6,1,1,1,1,232.1332,232.1332,232.1332,1.2048483095978216e-05
Orbitrap,27.85963012413735,27.85963012413735,14,1,1,1,1,557.192602482747,557.192602482747,557.192602482747,1.2048483095978216e-05
Orbitrap,27.884104000000004,27.884104000000004,15,1,1,1,1,697.1026,697.1026,697.1026,1.2048483095978216e-05
Orbitrap,27.90273,27.90273,5,1,1,1,1,279.0273,279.0273,279.0273,1.2048483095978216e-05
Orbitrap,27.906936,27.906936,6,1,1,1,1,465.1156,465.1156,465.1156,1.2048483095978216e-05
Orbitrap,27.91128,27.91128,5,1,1,1,1,279.1128,279.1128,279.1128,1.2048483095978216e-05
Orbitrap,27.912792,27.912792,6,1,1,1,1,465.2132,465.2132,465.2132,1.2048483095978216e-05
Orbitrap,27.91452,27.91452,5,1,1,1,1,279.1452,279.1452,279.1452,1.2048483095978216e-05
Orbitrap,27.915849,27.915849,6,1,1,1,1,310.1761,310.1761,310.1761,1.2048483095978216e-05
Orbitrap,27.924352,27.924352,6,1,1,1,1,349.0544,349.0544,349.0544,1.2048483095978216e-05
Orbitrap,27.930632000000003,27.930632000000003,15,1,1,1,1,349.1329,349.1329,349.1329,1.2048483095978216e-05
Orbitrap,27.963015,27.963015,6,1,1,1,1,559.2603,559.2603,559.2603,1.2048483095978216e-05
Orbitrap,27.970752,27.970752,6,1,1,1,1,233.0896,233.0896,233.0896,1.2048483095978216e-05
Orbitrap,27.973284,27.973284,6,1,1,1,1,233.1107,233.1107,233.1107,1.2048483095978216e-05
Orbitrap,28.009352,28.009352,6,1,1,1,1,350.1169,350.1169,350.1169,1.2048483095978216e-05
Orbitrap,28.01036,28.01036,5,1,1,1,1,200.074,200.074,200.074,1.2048483095978216e-05
Orbitrap,28.013229,28.013229,6,1,1,1,1,311.2581,311.2581,311.2581,1.2048483095978216e-05
Orbitrap,28.033222,28.033222,6,1,1,1,1,200.2373,200.2373,200.2373,1.2048483095978216e-05
Orbitrap,28.0759332,28.0759332,7,1,1,1,1,334.2373,334.2373,334.2373,1.2048483095978216e-05
Orbitrap,28.087045,28.087045,6,1,1,1,1,401.2435,401.2435,401.2435,1.2048483095978216e-05
Orbitrap,28.098342,28.098342,6,1,1,1,1,156.1019,156.1019,156.1019,1.2048483095978216e-05
Orbitrap,28.11285,28.11285,5,1,1,1,1,281.1285,281.1285,281.1285,1.2048483095978216e-05
Orbitrap,28.171296,28.171296,6,1,1,1,1,176.0706,176.0706,176.0706,1.2048483095978216e-05
Orbitrap,28.17616,28.17616,5,1,1,1,1,352.202,352.202,352.202,1.2048483095978216e-05
Orbitrap,28.199928,28.199928,6,1,1,1,1,234.9994,234.9994,234.9994,1.2048483095978216e-05
Orbitrap,28.202140000000004,28.202140000000004,15,1,1,1,1,282.0214,282.0214,282.0214,1.2048483095978216e-05
Orbitrap,28.20481,28.20481,5,1,1,1,1,282.0481,282.0481,282.0481,1.2048483095978216e-05
Orbitrap,28.214479999999995,28.214479999999995,15,1,1,1,1,282.1448,282.1448,282.1448,1.2048483095978216e-05
Orbitrap,28.218324,28.218324,6,1,1,1,1,470.3054,470.3054,470.3054,1.2048483095978216e-05
Orbitrap,28.224672,28.224672,6,1,1,1,1,235.2056,235.2056,235.2056,1.2048483095978216e-05
Orbitrap,28.227910000000005,28.227910000000005,15,1,1,1,1,282.2791,282.2791,282.2791,1.2048483095978216e-05
Orbitrap,28.241768000000004,28.241768000000004,15,1,1,1,1,353.0221,353.0221,353.0221,1.2048483095978216e-05
Orbitrap,28.256032,28.256032,6,1,1,1,1,706.4008,706.4008,706.4008,1.2048483095978216e-05
Orbitrap,28.26440999999999,28.26440999999999,14,1,1,1,1,314.049,314.049,314.049,1.2048483095978216e-05
Orbitrap,28.26549,28.26549,5,1,1,1,1,314.061,314.061,314.061,1.2048483095978216e-05
Orbitrap,28.267389,28.267389,6,1,1,1,1,314.0821,314.0821,314.0821,1.2048483095978216e-05
Orbitrap,28.27041,28.27041,5,1,1,1,1,471.1735,471.1735,471.1735,1.2048483095978216e-05
Orbitrap,28.275759,28.275759,6,1,1,1,1,314.1751,314.1751,314.1751,1.2048483095978216e-05
Orbitrap,28.288687,28.288687,6,1,1,1,1,404.1241,404.1241,404.1241,1.2048483095978216e-05
Orbitrap,28.292082,28.292082,6,1,1,1,1,202.0863,202.0863,202.0863,1.2048483095978216e-05
Orbitrap,28.305228000000003,28.305228000000003,15,1,1,1,1,202.1802,202.1802,202.1802,1.2048483095978216e-05
Orbitrap,28.347957,28.347957,6,1,1,1,1,314.9773,314.9773,314.9773,1.2048483095978216e-05
Orbitrap,28.356255,28.356255,6,1,1,1,1,315.0695,315.0695,315.0695,1.2048483095978216e-05
Orbitrap,28.411096,28.411096,6,1,1,1,1,355.1387,355.1387,355.1387,1.2048483095978216e-05
Orbitrap,28.414120000000004,28.414120000000004,15,1,1,1,1,284.1412,284.1412,284.1412,1.2048483095978216e-05
Orbitrap,28.415980000000005,28.415980000000005,15,1,1,1,1,568.3196,568.3196,568.3196,1.2048483095978216e-05
Orbitrap,28.42868,28.42868,5,1,1,1,1,203.062,203.062,203.062,1.2048483095978216e-05
Orbitrap,28.439772,28.439772,6,1,1,1,1,236.9981,236.9981,236.9981,1.2048483095978216e-05
Orbitrap,28.466556,28.466556,6,1,1,1,1,237.2213,237.2213,237.2213,1.2048483095978216e-05
Orbitrap,28.49612,28.49612,5,1,1,1,1,284.9612,284.9612,284.9612,1.2048483095978216e-05
Orbitrap,28.506495,28.506495,6,1,1,1,1,190.0433,190.0433,190.0433,1.2048483095978216e-05
Orbitrap,28.50757,28.50757,5,1,1,1,1,285.0757,285.0757,285.0757,1.2048483095978216e-05
Orbitrap,28.50789,28.50789,5,1,1,1,1,285.0789,285.0789,285.0789,1.2048483095978216e-05
Orbitrap,28.5142,28.5142,4,1,1,1,1,285.142,285.142,285.142,1.2048483095978216e-05
Orbitrap,28.567752,28.567752,6,1,1,1,1,357.0969,357.0969,357.0969,1.2048483095978216e-05
Orbitrap,28.570068,28.570068,6,1,1,1,1,238.0839,238.0839,238.0839,1.2048483095978216e-05
Orbitrap,28.570136,28.570136,6,1,1,1,1,357.1267,357.1267,357.1267,1.2048483095978216e-05
Orbitrap,28.570356,28.570356,6,1,1,1,1,238.0863,238.0863,238.0863,1.2048483095978216e-05
Orbitrap,28.572888000000003,28.572888000000003,15,1,1,1,1,238.1074,238.1074,238.1074,1.2048483095978216e-05
Orbitrap,28.599868,28.599868,6,1,1,1,1,259.9988,259.9988,259.9988,1.2048483095978216e-05
Orbitrap,28.615312000000003,28.615312000000003,15,1,1,1,1,260.1392,260.1392,260.1392,1.2048483095978216e-05
Orbitrap,28.623708,28.623708,6,1,1,1,1,159.0206,159.0206,159.0206,1.2048483095978216e-05
Orbitrap,28.633818,28.633818,6,1,1,1,1,477.2303,477.2303,477.2303,1.2048483095978216e-05
Orbitrap,28.635300000000004,28.635300000000004,15,1,1,1,1,318.17,318.17,318.17,1.2048483095978216e-05
Orbitrap,28.637784000000003,28.637784000000003,15,1,1,1,1,318.1976,318.1976,318.1976,1.2048483095978216e-05
Orbitrap,28.659016000000005,28.659016000000005,15,1,1,1,1,358.2377,358.2377,358.2377,1.2048483095978216e-05
Orbitrap,28.66083,28.66083,5,1,1,1,1,573.2166,573.2166,573.2166,1.2048483095978216e-05
Orbitrap,28.72006,28.72006,5,1,1,1,1,287.2006,287.2006,287.2006,1.2048483095978216e-05
Orbitrap,28.734824,28.734824,6,1,1,1,1,359.1853,359.1853,359.1853,1.2048483095978216e-05
Orbitrap,28.735586999999995,28.735586999999995,15,1,1,1,1,319.2843,319.2843,319.2843,1.2048483095978216e-05
Orbitrap,28.810795,28.810795,6,1,1,1,1,576.2159,576.2159,576.2159,1.2048483095978216e-05
Orbitrap,28.81252,28.81252,5,1,1,1,1,360.1565,360.1565,360.1565,1.2048483095978216e-05
Orbitrap,28.813744000000003,28.813744000000003,15,1,1,1,1,360.1718,360.1718,360.1718,1.2048483095978216e-05
Orbitrap,28.816596,28.816596,6,1,1,1,1,240.1383,240.1383,240.1383,1.2048483095978216e-05
Orbitrap,28.818256,28.818256,6,1,1,1,1,360.2282,360.2282,360.2282,1.2048483095978216e-05
Orbitrap,28.82533,28.82533,5,1,1,1,1,288.2533,288.2533,288.2533,1.2048483095978216e-05
Orbitrap,28.88163,28.88163,5,1,1,1,1,320.907,320.907,320.907,1.2048483095978216e-05
Orbitrap,28.889608,28.889608,6,1,1,1,1,361.1201,361.1201,361.1201,1.2048483095978216e-05
Orbitrap,28.893411,28.893411,6,1,1,1,1,321.0379,321.0379,321.0379,1.2048483095978216e-05
Orbitrap,28.897542,28.897542,6,1,1,1,1,321.0838,321.0838,321.0838,1.2048483095978216e-05
Orbitrap,28.91215,28.91215,5,1,1,1,1,289.1215,289.1215,289.1215,1.2048483095978216e-05
Orbitrap,28.921620000000004,28.921620000000004,15,1,1,1,1,289.2162,289.2162,289.2162,1.2048483095978216e-05
Orbitrap,28.923528,28.923528,6,1,1,1,1,241.0294,241.0294,241.0294,1.2048483095978216e-05
Orbitrap,28.92438,28.92438,5,1,1,1,1,241.0365,241.0365,241.0365,1.2048483095978216e-05
Orbitrap,28.928196,28.928196,6,1,0,1,0,241.0683,241.0683,241.0683,1.2048483095978216e-05
Orbitrap,28.93554,28.93554,5,1,1,1,1,241.1295,241.1295,241.1295,1.2048483095978216e-05
Orbitrap,28.996578,28.996578,6,1,1,1,1,161.0921,161.0921,161.0921,1.2048483095978216e-05
Orbitrap,29.000888000000003,29.000888000000003,15,1,1,1,1,207.1492,207.1492,207.1492,1.2048483095978216e-05
Orbitrap,29.059295,29.059295,6,1,1,1,1,581.1859,581.1859,581.1859,1.2048483095978216e-05
Orbitrap,29.0727,29.0727,4,1,1,1,1,323.03,323.03,323.03,1.2048483095978216e-05
Orbitrap,29.078145,29.078145,6,1,1,1,1,323.0905,323.0905,323.0905,1.2048483095978216e-05
Orbitrap,29.087685,29.087685,6,1,1,1,1,323.1965,323.1965,323.1965,1.2048483095978216e-05
Orbitrap,29.10499,29.10499,5,1,1,1,1,291.0499,291.0499,291.0499,1.2048483095978216e-05
Orbitrap,29.121488,29.121488,6,1,1,1,1,182.0093,182.0093,182.0093,1.2048483095978216e-05
Orbitrap,29.157696,29.157696,6,1,1,1,1,161.9872,161.9872,161.9872,1.2048483095978216e-05
Orbitrap,29.15892,29.15892,5,1,1,1,1,323.988,323.988,323.988,1.2048483095978216e-05
Orbitrap,29.162740000000003,29.162740000000003,15,1,1,1,1,583.2548,583.2548,583.2548,1.2048483095978216e-05
Orbitrap,29.162755540000003,29.162755540000003,15,1,1,1,1,583.2551108,583.2551108,583.2551108,1.2048483095978216e-05
Orbitrap,29.16408599999999,29.16408599999999,14,1,1,1,1,324.0454,324.0454,324.0454,1.2048483095978216e-05
Orbitrap,29.203945600000004,29.203945600000004,15,1,1,1,1,365.04932,365.04932,365.04932,1.2048483095978216e-05
Orbitrap,29.206288,29.206288,6,1,1,1,1,365.0786,365.0786,365.0786,1.2048483095978216e-05
Orbitrap,29.211592,29.211592,6,1,1,1,1,365.1449,365.1449,365.1449,1.2048483095978216e-05
Orbitrap,29.2206,29.2206,4,1,1,1,1,292.206,292.206,292.206,1.2048483095978216e-05
Orbitrap,29.23614,29.23614,5,1,1,1,1,487.269,487.269,487.269,1.2048483095978216e-05
Orbitrap,29.2659175923473,29.2659175923473,13,1,1,1,1,585.318351846946,585.318351846946,585.318351846946,1.2048483095978216e-05
Orbitrap,29.282304,29.282304,6,1,1,1,1,244.0192,244.0192,244.0192,1.2048483095978216e-05
Orbitrap,29.303136,29.303136,6,1,1,1,1,122.0964,122.0964,122.0964,1.2048483095978216e-05
Orbitrap,29.3102,29.3102,4,1,1,1,1,293.102,293.102,293.102,1.2048483095978216e-05
Orbitrap,29.31051,29.31051,5,1,1,1,1,293.1051,293.1051,293.1051,1.2048483095978216e-05
Orbitrap,29.314960000000003,29.314960000000003,15,1,1,1,1,293.1496,293.1496,293.1496,1.2048483095978216e-05
Orbitrap,29.34252,29.34252,5,1,1,1,1,326.028,326.028,326.028,1.2048483095978216e-05
Orbitrap,29.347389000000003,29.347389000000003,15,1,1,1,1,326.0821,326.0821,326.0821,1.2048483095978216e-05
Orbitrap,29.364295,29.364295,6,1,1,1,1,587.2859,587.2859,587.2859,1.2048483095978216e-05
Orbitrap,29.374008,29.374008,6,1,1,1,1,367.1751,367.1751,367.1751,1.2048483095978216e-05
Orbitrap,29.37874,29.37874,5,1,1,1,1,734.4685,734.4685,734.4685,1.2048483095978216e-05
Orbitrap,29.37904,29.37904,5,1,1,1,1,367.238,367.238,367.238,1.2048483095978216e-05
Orbitrap,29.41601,29.41601,5,1,1,1,1,294.1601,294.1601,294.1601,1.2048483095978216e-05
Orbitrap,29.459550000000004,29.459550000000004,15,1,1,1,1,589.191,589.191,589.191,1.2048483095978216e-05
Orbitrap,29.510770000000004,29.510770000000004,15,1,1,1,1,295.1077,295.1077,295.1077,1.2048483095978216e-05
Orbitrap,29.525526,29.525526,6,1,1,1,1,328.0614,328.0614,328.0614,1.2048483095978216e-05
Orbitrap,29.528802,29.528802,6,1,1,1,1,328.0978,328.0978,328.0978,1.2048483095978216e-05
Orbitrap,29.53,29.53,2,1,1,1,1,369.125,369.125,369.125,1.2048483095978216e-05
Orbitrap,29.55043,29.55043,5,1,1,1,1,211.0745,211.0745,211.0745,1.2048483095978216e-05
Orbitrap,29.555316,29.555316,6,1,1,1,1,211.1094,211.1094,211.1094,1.2048483095978216e-05
Orbitrap,29.562304999999995,29.562304999999995,15,1,1,1,1,591.2461,591.2461,591.2461,1.2048483095978216e-05
Orbitrap,29.600568,29.600568,6,1,1,1,1,328.8952,328.8952,328.8952,1.2048483095978216e-05
Orbitrap,29.602400000000003,29.602400000000003,15,1,1,1,1,296.024,296.024,296.024,1.2048483095978216e-05
Orbitrap,29.603888,29.603888,6,1,1,1,1,370.0486,370.0486,370.0486,1.2048483095978216e-05
Orbitrap,29.607,29.607,3,1,1,1,1,296.07,296.07,296.07,1.2048483095978216e-05
Orbitrap,29.61028,29.61028,5,1,1,1,1,370.1285,370.1285,370.1285,1.2048483095978216e-05
Orbitrap,29.6103,29.6103,4,1,1,1,1,296.103,296.103,296.103,1.2048483095978216e-05
Orbitrap,29.617168000000003,29.617168000000003,15,1,1,1,1,185.1073,185.1073,185.1073,1.2048483095978216e-05
Orbitrap,29.619016,29.619016,6,1,1,1,1,370.2377,370.2377,370.2377,1.2048483095978216e-05
Orbitrap,29.631132,29.631132,6,1,1,1,1,246.9261,246.9261,246.9261,1.2048483095978216e-05
Orbitrap,29.635191,29.635191,6,1,1,1,1,329.2799,329.2799,329.2799,1.2048483095978216e-05
Orbitrap,29.64054,29.64054,5,1,1,1,1,247.0045,247.0045,247.0045,1.2048483095978216e-05
Orbitrap,29.705337,29.705337,6,1,1,1,1,330.0593,330.0593,330.0593,1.2048483095978216e-05
Orbitrap,29.70556,29.70556,5,1,1,1,1,297.0556,297.0556,297.0556,1.2048483095978216e-05
Orbitrap,29.713330000000003,29.713330000000003,15,1,1,1,1,297.1333,297.1333,297.1333,1.2048483095978216e-05
Orbitrap,29.718396,29.718396,6,1,1,1,1,165.1022,165.1022,165.1022,1.2048483095978216e-05
Orbitrap,29.718490000000003,29.718490000000003,15,1,1,1,1,297.1849,297.1849,297.1849,1.2048483095978216e-05
Orbitrap,29.758260000000003,29.758260000000003,15,1,1,1,1,595.1652,595.1652,595.1652,1.2048483095978216e-05
Orbitrap,29.778576,29.778576,6,1,1,1,1,372.2322,372.2322,372.2322,1.2048483095978216e-05
Orbitrap,29.783982,29.783982,6,1,1,1,1,496.3997,496.3997,496.3997,1.2048483095978216e-05
Orbitrap,29.79135,29.79135,5,1,1,1,1,331.015,331.015,331.015,1.2048483095978216e-05
Orbitrap,29.793591,29.793591,6,1,1,1,1,331.0399,331.0399,331.0399,1.2048483095978216e-05
Orbitrap,29.811457,29.811457,6,1,1,1,1,298.11457,298.11457,298.11457,1.2048483095978216e-05
Orbitrap,29.831046,29.831046,6,1,1,1,1,213.0789,213.0789,213.0789,1.2048483095978216e-05
Orbitrap,29.862800000000004,29.862800000000004,15,1,1,1,1,373.285,373.285,373.285,1.2048483095978216e-05
Orbitrap,29.88972,29.88972,5,1,1,1,1,332.108,332.108,332.108,1.2048483095978216e-05
Orbitrap,29.895534,29.895534,6,1,1,1,1,166.0863,166.0863,166.0863,1.2048483095978216e-05
Orbitrap,29.899176,29.899176,6,1,1,1,1,249.1598,249.1598,249.1598,1.2048483095978216e-05
Orbitrap,29.91754,29.91754,5,1,1,1,1,299.1754,299.1754,299.1754,1.2048483095978216e-05
Orbitrap,29.920060000000003,29.920060000000003,15,1,1,1,1,299.2006,299.2006,299.2006,1.2048483095978216e-05
Orbitrap,29.964906,29.964906,6,1,1,1,1,332.9434,332.9434,332.9434,1.2048483095978216e-05
Orbitrap,29.972544,29.972544,6,1,1,1,1,214.0896,214.0896,214.0896,1.2048483095978216e-05
Orbitrap,29.975218,29.975218,6,1,1,1,1,214.1087,214.1087,214.1087,1.2048483095978216e-05
Orbitrap,29.975694,29.975694,6,1,1,1,1,214.1121,214.1121,214.1121,1.2048483095978216e-05
Orbitrap,30.013768,30.013768,6,1,1,1,1,375.1721,375.1721,375.1721,1.2048483095978216e-05
Orbitrap,30.021795,30.021795,6,1,1,1,1,200.1453,200.1453,200.1453,1.2048483095978216e-05
Orbitrap,30.062394999999995,30.062394999999995,15,1,1,1,1,601.2479,601.2479,601.2479,1.2048483095978216e-05
Orbitrap,30.072141,30.072141,6,1,1,1,1,334.1349,334.1349,334.1349,1.2048483095978216e-05
Orbitrap,30.075129,30.075129,6,1,1,1,1,334.1681,334.1681,334.1681,1.2048483095978216e-05
Orbitrap,30.091152,30.091152,6,1,1,1,1,188.0697,188.0697,188.0697,1.2048483095978216e-05
Orbitrap,30.10707,30.10707,5,1,1,1,1,301.0707,301.0707,301.0707,1.2048483095978216e-05
Orbitrap,30.107380000000003,30.107380000000003,15,1,1,1,1,301.0738,301.0738,301.0738,1.2048483095978216e-05
Orbitrap,30.1203,30.1203,4,1,1,1,1,251.0025,251.0025,251.0025,1.2048483095978216e-05
Orbitrap,30.125616,30.125616,6,1,1,1,1,251.0468,251.0468,251.0468,1.2048483095978216e-05
Orbitrap,30.16365,30.16365,5,1,1,1,1,201.091,201.091,201.091,1.2048483095978216e-05
Orbitrap,30.167264,30.167264,6,1,1,1,1,377.0908,377.0908,377.0908,1.2048483095978216e-05
Orbitrap,30.1716464,30.1716464,7,1,1,1,1,377.14558,377.14558,377.14558,1.2048483095978216e-05
Orbitrap,30.176568000000003,30.176568000000003,15,1,1,1,1,377.2071,377.2071,377.2071,1.2048483095978216e-05
Orbitrap,30.193656,30.193656,6,1,1,1,1,503.2276,503.2276,503.2276,1.2048483095978216e-05
Orbitrap,30.240696,30.240696,6,1,1,1,1,252.0058,252.0058,252.0058,1.2048483095978216e-05
Orbitrap,30.25414,30.25414,5,1,1,1,1,216.101,216.101,216.101,1.2048483095978216e-05
Orbitrap,30.25794,30.25794,5,1,1,1,1,605.1588,605.1588,605.1588,1.2048483095978216e-05
Orbitrap,30.312945,30.312945,6,1,1,1,1,202.0863,202.0863,202.0863,1.2048483095978216e-05
Orbitrap,30.365568,30.365568,6,1,1,1,1,253.0464,253.0464,253.0464,1.2048483095978216e-05
Orbitrap,30.379908,30.379908,6,1,1,1,1,253.1659,253.1659,253.1659,1.2048483095978216e-05
Orbitrap,30.385944,30.385944,6,1,1,1,1,253.2162,253.2162,253.2162,1.2048483095978216e-05
Orbitrap,30.391116,30.391116,6,1,1,1,1,217.0794,217.0794,217.0794,1.2048483095978216e-05
Orbitrap,30.404445,30.404445,6,1,1,1,1,608.0889,608.0889,608.0889,1.2048483095978216e-05
Orbitrap,30.404450000000004,30.404450000000004,15,1,1,1,1,608.089,608.089,608.089,1.2048483095978216e-05
Orbitrap,30.426350000000003,30.426350000000003,15,1,1,1,1,304.2635,304.2635,304.2635,1.2048483095978216e-05
Orbitrap,30.433668,30.433668,6,1,1,1,1,507.2278,507.2278,507.2278,1.2048483095978216e-05
Orbitrap,30.45570068359375,30.45570068359375,14,1,1,1,1,609.114013671875,609.114013671875,609.114013671875,1.2048483095978216e-05
Orbitrap,30.51083,30.51083,5,1,1,1,1,305.1083,305.1083,305.1083,1.2048483095978216e-05
Orbitrap,30.527595,30.527595,6,1,1,1,1,339.1955,339.1955,339.1955,1.2048483095978216e-05
Orbitrap,30.558010000000003,30.558010000000003,15,1,1,1,1,611.1602,611.1602,611.1602,1.2048483095978216e-05
Orbitrap,30.567216,30.567216,6,1,1,1,1,191.0451,191.0451,191.0451,1.2048483095978216e-05
Orbitrap,30.58622,30.58622,5,1,1,1,1,436.946,436.946,436.946,1.2048483095978216e-05
Orbitrap,30.602421000000003,30.602421000000003,15,1,1,1,1,340.0269,340.0269,340.0269,1.2048483095978216e-05
Orbitrap,30.606204,30.606204,6,1,1,1,1,510.1034,510.1034,510.1034,1.2048483095978216e-05
Orbitrap,30.61271,30.61271,5,1,1,1,1,306.1271,306.1271,306.1271,1.2048483095978216e-05
Orbitrap,30.613536,30.613536,6,1,1,1,1,255.1128,255.1128,255.1128,1.2048483095978216e-05
Orbitrap,30.617352,30.617352,6,1,1,1,1,170.0964,170.0964,170.0964,1.2048483095978216e-05
Orbitrap,30.619092,30.619092,6,1,1,1,1,255.1591,255.1591,255.1591,1.2048483095978216e-05
Orbitrap,30.620916,30.620916,6,1,1,1,1,255.1743,255.1743,255.1743,1.2048483095978216e-05
Orbitrap,30.646088,30.646088,6,1,1,1,1,383.0761,383.0761,383.0761,1.2048483095978216e-05
Orbitrap,30.675792,30.675792,6,1,1,1,1,219.1128,219.1128,219.1128,1.2048483095978216e-05
Orbitrap,30.696471000000003,30.696471000000003,15,1,1,1,1,341.0719,341.0719,341.0719,1.2048483095978216e-05
Orbitrap,30.7154,30.7154,4,1,1,1,1,307.154,307.154,307.154,1.2048483095978216e-05
Orbitrap,30.71846,30.71846,5,1,1,1,1,614.3692,614.3692,614.3692,1.2048483095978216e-05
Orbitrap,30.72348,30.72348,5,1,1,1,1,256.029,256.029,256.029,1.2048483095978216e-05
Orbitrap,30.72396,30.72396,5,1,1,1,1,128.0165,128.0165,128.0165,1.2048483095978216e-05
Orbitrap,30.729792,30.729792,6,1,1,1,1,256.0816,256.0816,256.0816,1.2048483095978216e-05
Orbitrap,30.732288,30.732288,6,1,1,1,1,192.0768,192.0768,192.0768,1.2048483095978216e-05
Orbitrap,30.740352,30.740352,6,1,1,1,1,256.1696,256.1696,256.1696,1.2048483095978216e-05
Orbitrap,30.742128,30.742128,6,1,1,1,1,192.1383,192.1383,192.1383,1.2048483095978216e-05
Orbitrap,30.794472,30.794472,6,1,1,1,1,171.0804,171.0804,171.0804,1.2048483095978216e-05
Orbitrap,30.8004,30.8004,4,1,1,1,1,308.004,308.004,308.004,1.2048483095978216e-05
Orbitrap,30.815694,30.815694,6,1,1,1,1,220.1121,220.1121,220.1121,1.2048483095978216e-05
Orbitrap,30.82131,30.82131,5,1,1,1,1,237.087,237.087,237.087,1.2048483095978216e-05
Orbitrap,30.831588,30.831588,6,1,1,1,1,256.9299,256.9299,256.9299,1.2048483095978216e-05
Orbitrap,30.853776000000003,30.853776000000003,15,1,0,1,0,257.1148,257.1148,257.1148,1.2048483095978216e-05
Orbitrap,30.868299000000004,30.868299000000004,15,1,1,1,1,342.9811,342.9811,342.9811,1.2048483095978216e-05
Orbitrap,30.898608,30.898608,6,1,1,1,1,386.2326,386.2326,386.2326,1.2048483095978216e-05
Orbitrap,30.90605,30.90605,5,1,1,1,1,309.0605,309.0605,309.0605,1.2048483095978216e-05
Orbitrap,30.91121,30.91121,5,1,1,1,1,309.1121,309.1121,309.1121,1.2048483095978216e-05
Orbitrap,30.955608,30.955608,6,1,1,1,1,171.9756,171.9756,171.9756,1.2048483095978216e-05
Orbitrap,30.960216,30.960216,6,1,1,1,1,258.0018,258.0018,258.0018,1.2048483095978216e-05
Orbitrap,30.970458,30.970458,6,1,1,1,1,344.1162,344.1162,344.1162,1.2048483095978216e-05
Orbitrap,30.989136,30.989136,6,1,1,1,1,258.2428,258.2428,258.2428,1.2048483095978216e-05
Orbitrap,30.993492000000003,30.993492000000003,15,1,1,1,1,258.2791,258.2791,258.2791,1.2048483095978216e-05
Orbitrap,31.0424456,31.0424456,7,1,1,1,1,388.03057,388.03057,388.03057,1.2048483095978216e-05
Orbitrap,31.055424,31.055424,6,1,1,1,1,194.0964,194.0964,194.0964,1.2048483095978216e-05
Orbitrap,31.058168,31.058168,6,1,1,1,1,388.2271,388.2271,388.2271,1.2048483095978216e-05
Orbitrap,31.058816000000004,31.058816000000004,15,1,1,1,1,194.1176,194.1176,194.1176,1.2048483095978216e-05
Orbitrap,31.061460000000004,31.061460000000004,15,1,1,1,1,207.0764,207.0764,207.0764,1.2048483095978216e-05
Orbitrap,31.06197,31.06197,5,1,1,1,1,207.0798,207.0798,207.0798,1.2048483095978216e-05
Orbitrap,31.084424,31.084424,6,1,1,1,1,222.0316,222.0316,222.0316,1.2048483095978216e-05
Orbitrap,31.086006,31.086006,6,1,1,1,1,222.0429,222.0429,222.0429,1.2048483095978216e-05
Orbitrap,31.10776,31.10776,5,1,1,1,1,777.694,777.694,777.694,1.2048483095978216e-05
Orbitrap,31.11026,31.11026,5,1,1,1,1,311.1026,311.1026,311.1026,1.2048483095978216e-05
Orbitrap,31.11543,31.11543,5,1,1,1,1,311.1543,311.1543,311.1543,1.2048483095978216e-05
Orbitrap,31.12006,31.12006,5,1,1,1,1,311.2006,311.2006,311.2006,1.2048483095978216e-05
Orbitrap,31.133008,31.133008,6,1,1,1,1,389.1626,389.1626,389.1626,1.2048483095978216e-05
Orbitrap,31.144806,31.144806,6,1,1,1,1,173.0267,173.0267,173.0267,1.2048483095978216e-05
Orbitrap,31.151124,31.151124,6,1,1,1,1,346.1236,346.1236,346.1236,1.2048483095978216e-05
Orbitrap,31.20665,31.20665,5,1,1,1,1,312.0665,312.0665,312.0665,1.2048483095978216e-05
Orbitrap,31.208208,31.208208,6,1,1,1,1,260.0684,260.0684,260.0684,1.2048483095978216e-05
Orbitrap,31.208672000000004,31.208672000000004,15,1,1,1,1,390.1084,390.1084,390.1084,1.2048483095978216e-05
Orbitrap,31.20957,31.20957,5,1,1,1,1,208.0638,208.0638,208.0638,1.2048483095978216e-05
Orbitrap,31.211865000000003,31.211865000000003,15,1,1,1,1,208.0791,208.0791,208.0791,1.2048483095978216e-05
Orbitrap,31.2154,31.2154,4,1,1,1,1,390.1925,390.1925,390.1925,1.2048483095978216e-05
Orbitrap,31.23043,31.23043,5,1,1,1,1,223.0745,223.0745,223.0745,1.2048483095978216e-05
Orbitrap,31.245753,31.245753,6,1,1,1,1,284.0523,284.0523,284.0523,1.2048483095978216e-05
Orbitrap,31.257476000000004,31.257476000000004,15,1,1,1,1,781.4369,781.4369,781.4369,1.2048483095978216e-05
Orbitrap,31.25878,31.25878,5,1,1,1,1,625.1756,625.1756,625.1756,1.2048483095978216e-05
Orbitrap,31.2767288,31.2767288,7,1,1,1,1,390.95911,390.95911,390.95911,1.2048483095978216e-05
Orbitrap,31.321620000000003,31.321620000000003,15,1,1,1,1,313.2162,313.2162,313.2162,1.2048483095978216e-05
Orbitrap,31.322412,31.322412,6,1,1,1,1,261.0201,261.0201,261.0201,1.2048483095978216e-05
Orbitrap,31.358955,31.358955,6,1,1,1,1,209.0597,209.0597,209.0597,1.2048483095978216e-05
Orbitrap,31.372112,31.372112,6,1,1,1,1,196.0757,196.0757,196.0757,1.2048483095978216e-05
Orbitrap,31.372838,31.372838,6,1,1,1,1,224.0917,224.0917,224.0917,1.2048483095978216e-05
Orbitrap,31.385418,31.385418,6,1,1,1,1,523.0903,523.0903,523.0903,1.2048483095978216e-05
Orbitrap,31.441920000000003,31.441920000000003,15,1,1,1,1,262.016,262.016,262.016,1.2048483095978216e-05
Orbitrap,31.450488,31.450488,6,1,1,1,1,262.0874,262.0874,262.0874,1.2048483095978216e-05
Orbitrap,31.454232000000005,31.454232000000005,15,1,1,1,1,262.1186,262.1186,262.1186,1.2048483095978216e-05
Orbitrap,31.456576,31.456576,6,1,1,1,1,393.2072,393.2072,393.2072,1.2048483095978216e-05
Orbitrap,31.520670000000003,31.520670000000003,15,1,1,1,1,315.2067,315.2067,315.2067,1.2048483095978216e-05
Orbitrap,31.52319,31.52319,5,1,1,1,1,315.2319,315.2319,315.2319,1.2048483095978216e-05
Orbitrap,31.562052000000005,31.562052000000005,15,1,1,1,1,263.0171,263.0171,263.0171,1.2048483095978216e-05
Orbitrap,31.566012,31.566012,6,1,1,1,1,263.0501,263.0501,263.0501,1.2048483095978216e-05
Orbitrap,31.606504,31.606504,6,1,1,1,1,395.0813,395.0813,395.0813,1.2048483095978216e-05
Orbitrap,31.609704,31.609704,6,1,1,1,1,395.1213,395.1213,395.1213,1.2048483095978216e-05
Orbitrap,31.633656,31.633656,6,1,1,1,1,527.2276,527.2276,527.2276,1.2048483095978216e-05
Orbitrap,31.658746000000004,31.658746000000004,15,1,1,1,1,226.1339,226.1339,226.1339,1.2048483095978216e-05
Orbitrap,31.692708000000003,31.692708000000003,15,1,1,1,1,176.0706,176.0706,176.0706,1.2048483095978216e-05
Orbitrap,31.71642,31.71642,5,1,1,1,1,317.1642,317.1642,317.1642,1.2048483095978216e-05
Orbitrap,31.756181999999995,31.756181999999995,15,1,1,1,1,529.2697,529.2697,529.2697,1.2048483095978216e-05
Orbitrap,31.8013,31.8013,4,1,1,1,1,318.013,318.013,318.013,1.2048483095978216e-05
Orbitrap,31.801602000000003,31.801602000000003,15,1,1,1,1,227.1543,227.1543,227.1543,1.2048483095978216e-05
Orbitrap,31.807095,31.807095,6,1,1,1,1,212.0473,212.0473,212.0473,1.2048483095978216e-05
Orbitrap,31.81479,31.81479,5,1,1,1,1,530.2465,530.2465,530.2465,1.2048483095978216e-05
Orbitrap,31.90448,31.90448,5,1,1,1,1,319.0448,319.0448,319.0448,1.2048483095978216e-05
Orbitrap,31.91176,31.91176,5,1,1,1,1,319.1176,319.1176,319.1176,1.2048483095978216e-05
Orbitrap,31.9154,31.9154,4,1,1,1,1,319.154,319.154,319.154,1.2048483095978216e-05
Orbitrap,31.91628,31.91628,5,1,1,1,1,319.1628,319.1628,319.1628,1.2048483095978216e-05
Orbitrap,31.920264000000003,31.920264000000003,15,1,1,1,1,399.0033,399.0033,399.0033,1.2048483095978216e-05
Orbitrap,31.931496,31.931496,6,1,1,1,1,266.0958,266.0958,266.0958,1.2048483095978216e-05
Orbitrap,31.937878,31.937878,6,1,1,1,1,228.1277,228.1277,228.1277,1.2048483095978216e-05
Orbitrap,31.940048,31.940048,6,1,1,1,1,399.2506,399.2506,399.2506,1.2048483095978216e-05
Orbitrap,31.954626,31.954626,6,1,1,1,1,355.0514,355.0514,355.0514,1.2048483095978216e-05
Orbitrap,31.955067000000003,31.955067000000003,15,1,1,1,1,355.0563,355.0563,355.0563,1.2048483095978216e-05
Orbitrap,31.971849,31.971849,6,1,1,1,1,188.0697,188.0697,188.0697,1.2048483095978216e-05
Orbitrap,32.01184000000001,32.01184000000001,14,1,1,1,1,200.074,200.074,200.074,1.2048483095978216e-05
Orbitrap,32.01405,32.01405,5,1,1,1,1,320.1405,320.1405,320.1405,1.2048483095978216e-05
Orbitrap,32.01524,32.01524,5,1,1,1,1,320.1524,320.1524,320.1524,1.2048483095978216e-05
Orbitrap,32.037968,32.037968,6,1,1,1,1,200.2373,200.2373,200.2373,1.2048483095978216e-05
Orbitrap,32.050356,32.050356,6,1,1,1,1,267.0863,267.0863,267.0863,1.2048483095978216e-05
Orbitrap,32.06064000000001,32.06064000000001,14,1,1,1,1,267.172,267.172,267.172,1.2048483095978216e-05
Orbitrap,32.10192,32.10192,5,1,1,1,1,321.0192,321.0192,321.0192,1.2048483095978216e-05
Orbitrap,32.104455,32.104455,6,1,1,1,1,214.0297,214.0297,214.0297,1.2048483095978216e-05
Orbitrap,32.181112,32.181112,6,1,1,1,1,402.2639,402.2639,402.2639,1.2048483095978216e-05
Orbitrap,32.203444,32.203444,6,1,1,1,1,230.0246,230.0246,230.0246,1.2048483095978216e-05
Orbitrap,32.206630000000004,32.206630000000004,15,1,1,1,1,322.0663,322.0663,322.0663,1.2048483095978216e-05
Orbitrap,32.21438,32.21438,5,1,1,1,1,322.1438,322.1438,322.1438,1.2048483095978216e-05
Orbitrap,32.216338,32.216338,6,1,1,1,1,230.1167,230.1167,230.1167,1.2048483095978216e-05
Orbitrap,32.25692,32.25692,5,1,1,1,1,403.2115,403.2115,403.2115,1.2048483095978216e-05
Orbitrap,32.280408,32.280408,6,1,1,1,1,269.0034,269.0034,269.0034,1.2048483095978216e-05
Orbitrap,32.299776,32.299776,6,1,1,1,1,269.1648,269.1648,269.1648,1.2048483095978216e-05
Orbitrap,32.30151,32.30151,5,1,1,1,1,646.0302,646.0302,646.0302,1.2048483095978216e-05
Orbitrap,32.30154829,32.30154829,8,1,1,1,1,646.0309658,646.0309658,646.0309658,1.2048483095978216e-05
Orbitrap,32.31275,32.31275,5,1,1,1,1,646.255,646.255,646.255,1.2048483095978216e-05
Orbitrap,32.3220384,32.3220384,7,1,1,1,1,404.02548,404.02548,404.02548,1.2048483095978216e-05
Orbitrap,32.333808,32.333808,6,1,1,1,1,202.0863,202.0863,202.0863,1.2048483095978216e-05
Orbitrap,32.34405,32.34405,5,1,1,1,1,539.0675,539.0675,539.0675,1.2048483095978216e-05
Orbitrap,32.345838,32.345838,6,1,1,1,1,539.0973,539.0973,539.0973,1.2048483095978216e-05
Orbitrap,32.348832,32.348832,6,1,1,1,1,202.1802,202.1802,202.1802,1.2048483095978216e-05
Orbitrap,32.398212,32.398212,6,1,1,1,1,539.9702,539.9702,539.9702,1.2048483095978216e-05
Orbitrap,32.400760000000005,32.400760000000005,15,1,1,1,1,405.0095,405.0095,405.0095,1.2048483095978216e-05
Orbitrap,32.418342,32.418342,6,1,1,1,1,180.1019,180.1019,180.1019,1.2048483095978216e-05
Orbitrap,32.421088,32.421088,6,1,1,1,1,405.2636,405.2636,405.2636,1.2048483095978216e-05
Orbitrap,32.42391,32.42391,5,1,1,1,1,216.1594,216.1594,216.1594,1.2048483095978216e-05
Orbitrap,32.48576,32.48576,5,1,1,1,1,406.072,406.072,406.072,1.2048483095978216e-05
Orbitrap,32.48685,32.48685,5,1,1,1,1,360.965,360.965,360.965,1.2048483095978216e-05
Orbitrap,32.489920000000005,32.489920000000005,15,1,1,1,1,203.062,203.062,203.062,1.2048483095978216e-05
Orbitrap,32.494833,32.494833,6,1,1,1,1,361.0537,361.0537,361.0537,1.2048483095978216e-05
Orbitrap,32.498648,32.498648,6,1,1,1,1,232.1332,232.1332,232.1332,1.2048483095978216e-05
Orbitrap,32.51646,32.51646,5,1,1,1,1,325.1646,325.1646,325.1646,1.2048483095978216e-05
Orbitrap,32.527212,32.527212,6,1,1,1,1,271.0601,271.0601,271.0601,1.2048483095978216e-05
Orbitrap,32.531400000000005,32.531400000000005,15,1,1,1,1,271.095,271.095,271.095,1.2048483095978216e-05
Orbitrap,32.531472,32.531472,6,1,1,1,1,271.0956,271.0956,271.0956,1.2048483095978216e-05
Orbitrap,32.540316000000004,32.540316000000004,15,1,1,1,1,271.1693,271.1693,271.1693,1.2048483095978216e-05
Orbitrap,32.551245,32.551245,6,1,1,1,1,217.0083,217.0083,217.0083,1.2048483095978216e-05
Orbitrap,32.587716,32.587716,6,1,1,1,1,543.1286,543.1286,543.1286,1.2048483095978216e-05
Orbitrap,32.591394,32.591394,6,1,1,1,1,362.1266,362.1266,362.1266,1.2048483095978216e-05
Orbitrap,32.610963,32.610963,6,1,1,1,1,326.10963,326.10963,326.10963,1.2048483095978216e-05
Orbitrap,32.623402,32.623402,6,1,1,1,1,233.0243,233.0243,233.0243,1.2048483095978216e-05
Orbitrap,32.635498,32.635498,6,1,1,1,1,233.1107,233.1107,233.1107,1.2048483095978216e-05
Orbitrap,32.65848,32.65848,5,1,1,1,1,272.154,272.154,272.154,1.2048483095978216e-05
Orbitrap,32.671953,32.671953,6,1,1,1,1,363.0217,363.0217,363.0217,1.2048483095978216e-05
Orbitrap,32.69883,32.69883,5,1,1,1,1,544.9805,544.9805,544.9805,1.2048483095978216e-05
Orbitrap,32.70468,32.70468,5,1,1,1,1,327.0468,327.0468,327.0468,1.2048483095978216e-05
Orbitrap,32.70781,32.70781,5,1,1,1,1,327.0781,327.0781,327.0781,1.2048483095978216e-05
Orbitrap,32.71371,32.71371,5,1,1,1,1,327.1371,327.1371,327.1371,1.2048483095978216e-05
Orbitrap,32.73096,32.73096,5,1,1,1,1,409.137,409.137,409.137,1.2048483095978216e-05
Orbitrap,32.761674,32.761674,6,1,1,1,1,182.0093,182.0093,182.0093,1.2048483095978216e-05
Orbitrap,32.763812009999995,32.763812009999995,15,1,1,1,1,655.2762402,655.2762402,655.2762402,1.2048483095978216e-05
Orbitrap,32.768514,32.768514,6,1,1,1,1,364.0946,364.0946,364.0946,1.2048483095978216e-05
Orbitrap,32.819504,32.819504,6,1,1,1,1,410.2438,410.2438,410.2438,1.2048483095978216e-05
Orbitrap,32.863041,32.863041,6,1,1,1,1,365.1449,365.1449,365.1449,1.2048483095978216e-05
Orbitrap,32.86425,32.86425,5,1,1,1,1,219.095,219.095,219.095,1.2048483095978216e-05
Orbitrap,32.883972,32.883972,6,1,1,1,1,274.0331,274.0331,274.0331,1.2048483095978216e-05
Orbitrap,32.895824,32.895824,6,1,1,1,1,411.1978,411.1978,411.1978,1.2048483095978216e-05
Orbitrap,32.89752800000001,32.89752800000001,14,1,1,1,1,411.2191,411.2191,411.2191,1.2048483095978216e-05
Orbitrap,32.9186,32.9186,4,1,1,1,1,329.186,329.186,329.186,1.2048483095978216e-05
Orbitrap,32.920174,32.920174,6,1,1,1,1,235.1441,235.1441,235.1441,1.2048483095978216e-05
Orbitrap,32.928784,32.928784,6,1,1,1,1,235.2056,235.2056,235.2056,1.2048483095978216e-05
Orbitrap,32.97150500000001,32.97150500000001,14,1,1,1,1,659.4301,659.4301,659.4301,1.2048483095978216e-05
Orbitrap,33.004296000000004,33.004296000000004,15,1,1,1,1,275.0358,275.0358,275.0358,1.2048483095978216e-05
Orbitrap,33.00854399999999,33.00854399999999,14,1,1,1,1,275.0712,275.0712,275.0712,1.2048483095978216e-05
Orbitrap,33.010968,33.010968,6,1,1,1,1,275.0914,275.0914,275.0914,1.2048483095978216e-05
Orbitrap,33.0135,33.0135,4,1,1,1,1,275.1125,275.1125,275.1125,1.2048483095978216e-05
Orbitrap,33.015,33.015,3,1,1,1,1,330.15,330.15,330.15,1.2048483095978216e-05
Orbitrap,33.043779,33.043779,6,1,1,1,1,367.1531,367.1531,367.1531,1.2048483095978216e-05
Orbitrap,33.12268,33.12268,5,1,1,1,1,331.2268,331.2268,331.2268,1.2048483095978216e-05
Orbitrap,33.127584000000006,33.127584000000006,15,1,1,1,1,276.0632,276.0632,276.0632,1.2048483095978216e-05
Orbitrap,33.143872,33.143872,6,1,1,1,1,207.1492,207.1492,207.1492,1.2048483095978216e-05
Orbitrap,33.197275999999995,33.197275999999995,15,1,1,1,1,237.1234,237.1234,237.1234,1.2048483095978216e-05
Orbitrap,33.210982,33.210982,6,1,1,1,1,237.2213,237.2213,237.2213,1.2048483095978216e-05
Orbitrap,33.21404999999999,33.21404999999999,14,1,1,1,1,332.1405,332.1405,332.1405,1.2048483095978216e-05
Orbitrap,33.218720000000005,33.218720000000005,15,1,1,1,1,415.234,415.234,415.234,1.2048483095978216e-05
Orbitrap,33.30969,33.30969,5,1,1,1,1,333.0969,333.0969,333.0969,1.2048483095978216e-05
Orbitrap,33.318555,33.318555,6,1,1,1,1,222.1237,222.1237,222.1237,1.2048483095978216e-05
Orbitrap,33.319314,33.319314,6,1,1,1,1,185.1073,185.1073,185.1073,1.2048483095978216e-05
Orbitrap,33.378176,33.378176,6,1,1,1,1,417.2272,417.2272,417.2272,1.2048483095978216e-05
Orbitrap,33.397578,33.397578,6,1,1,1,1,371.0842,371.0842,371.0842,1.2048483095978216e-05
Orbitrap,33.456724,33.456724,6,1,1,1,1,238.9766,238.9766,238.9766,1.2048483095978216e-05
Orbitrap,33.460704,33.460704,6,1,1,1,1,418.2588,418.2588,418.2588,1.2048483095978216e-05
Orbitrap,33.483276000000004,33.483276000000004,15,1,1,1,1,279.0273,279.0273,279.0273,1.2048483095978216e-05
Orbitrap,33.493536,33.493536,6,1,1,1,1,279.1128,279.1128,279.1128,1.2048483095978216e-05
Orbitrap,33.494454,33.494454,6,1,1,1,1,372.1606,372.1606,372.1606,1.2048483095978216e-05
Orbitrap,33.497424,33.497424,6,1,1,1,1,279.1452,279.1452,279.1452,1.2048483095978216e-05
Orbitrap,33.569555,33.569555,6,1,1,1,1,671.3911,671.3911,671.3911,1.2048483095978216e-05
Orbitrap,33.604935000000005,33.604935000000005,15,1,1,1,1,224.0329,224.0329,224.0329,1.2048483095978216e-05
Orbitrap,33.616260000000004,33.616260000000004,15,1,1,1,1,420.20325,420.20325,420.20325,1.2048483095978216e-05
Orbitrap,33.668346,33.668346,6,1,1,1,1,561.1391,561.1391,561.1391,1.2048483095978216e-05
Orbitrap,33.668406,33.668406,6,1,1,1,1,374.0934,374.0934,374.0934,1.2048483095978216e-05
Orbitrap,33.73542,33.73542,5,1,1,1,1,281.1285,281.1285,281.1285,1.2048483095978216e-05
Orbitrap,33.757038,33.757038,6,1,1,1,1,375.0782,375.0782,375.0782,1.2048483095978216e-05
Orbitrap,33.77019,33.77019,5,1,1,1,1,225.1346,225.1346,225.1346,1.2048483095978216e-05
Orbitrap,33.77192,33.77192,5,1,1,1,1,211.0745,211.0745,211.0745,1.2048483095978216e-05
Orbitrap,33.777504,33.777504,6,1,1,1,1,211.1094,211.1094,211.1094,1.2048483095978216e-05
Orbitrap,33.7775224,33.7775224,7,1,1,1,1,422.21903,422.21903,422.21903,1.2048483095978216e-05
Orbitrap,33.84256800000001,33.84256800000001,14,1,1,1,1,282.0214,282.0214,282.0214,1.2048483095978216e-05
Orbitrap,33.850691999999995,33.850691999999995,15,1,1,1,1,282.0891,282.0891,282.0891,1.2048483095978216e-05
Orbitrap,33.851076,33.851076,6,1,1,1,1,282.0923,282.0923,282.0923,1.2048483095978216e-05
Orbitrap,33.857375999999995,33.857375999999995,15,1,1,1,1,282.1448,282.1448,282.1448,1.2048483095978216e-05
Orbitrap,33.862185,33.862185,6,1,1,1,1,677.2437,677.2437,677.2437,1.2048483095978216e-05
Orbitrap,33.867239999999995,33.867239999999995,15,1,1,1,1,141.1135,141.1135,141.1135,1.2048483095978216e-05
Orbitrap,33.873492000000006,33.873492000000006,15,1,1,1,1,282.2791,282.2791,282.2791,1.2048483095978216e-05
Orbitrap,34.029,34.029,3,1,1,1,1,425.3625,425.3625,425.3625,1.2048483095978216e-05
Orbitrap,34.037487,34.037487,6,1,1,1,1,378.1943,378.1943,378.1943,1.2048483095978216e-05
Orbitrap,34.082063999999995,34.082063999999995,15,1,1,1,1,142.0086,142.0086,142.0086,1.2048483095978216e-05
Orbitrap,34.092624,34.092624,6,1,1,1,1,213.0789,213.0789,213.0789,1.2048483095978216e-05
Orbitrap,34.12111,34.12111,5,1,1,1,1,341.2111,341.2111,341.2111,1.2048483095978216e-05
Orbitrap,34.195344000000006,34.195344000000006,15,1,1,1,1,284.9612,284.9612,284.9612,1.2048483095978216e-05
Orbitrap,34.20779399999999,34.20779399999999,14,1,1,1,1,190.0433,190.0433,190.0433,1.2048483095978216e-05
Orbitrap,34.209084,34.209084,6,1,1,1,1,285.0757,285.0757,285.0757,1.2048483095978216e-05
Orbitrap,34.214808,34.214808,6,1,1,1,1,285.1234,285.1234,285.1234,1.2048483095978216e-05
Orbitrap,34.217040000000004,34.217040000000004,15,1,1,1,1,285.142,285.142,285.142,1.2048483095978216e-05
Orbitrap,34.23651,34.23651,5,1,1,1,1,228.2434,228.2434,228.2434,1.2048483095978216e-05
Orbitrap,34.254335999999995,34.254335999999995,15,1,1,1,1,214.0896,214.0896,214.0896,1.2048483095978216e-05
Orbitrap,34.257392,34.257392,6,1,1,1,1,214.1087,214.1087,214.1087,1.2048483095978216e-05
Orbitrap,34.257936,34.257936,6,1,1,1,1,214.1121,214.1121,214.1121,1.2048483095978216e-05
Orbitrap,34.30399,34.30399,5,1,1,1,1,343.0399,343.0399,343.0399,1.2048483095978216e-05
Orbitrap,34.309854,34.309854,6,1,1,1,1,381.2206,381.2206,381.2206,1.2048483095978216e-05
Orbitrap,34.323972000000005,34.323972000000005,15,1,1,1,1,286.0331,286.0331,286.0331,1.2048483095978216e-05
Orbitrap,34.38811799999999,34.38811799999999,14,1,1,1,1,191.0451,191.0451,191.0451,1.2048483095978216e-05
Orbitrap,34.464072,34.464072,6,1,1,1,1,287.2006,287.2006,287.2006,1.2048483095978216e-05
Orbitrap,34.484714999999994,34.484714999999994,15,1,1,1,1,383.1635,383.1635,383.1635,1.2048483095978216e-05
Orbitrap,34.499424,34.499424,6,1,1,1,1,431.2428,431.2428,431.2428,1.2048483095978216e-05
Orbitrap,34.507104,34.507104,6,1,1,1,1,575.1184,575.1184,575.1184,1.2048483095978216e-05
Orbitrap,34.50969,34.50969,5,1,1,1,1,345.0969,345.0969,345.0969,1.2048483095978216e-05
Orbitrap,34.52424,34.52424,5,1,1,1,1,345.2424,345.2424,345.2424,1.2048483095978216e-05
Orbitrap,34.565856,34.565856,6,1,1,1,1,288.0488,288.0488,288.0488,1.2048483095978216e-05
Orbitrap,34.573224,34.573224,6,1,1,1,1,432.1653,432.1653,432.1653,1.2048483095978216e-05
Orbitrap,34.573257,34.573257,6,1,1,1,1,384.1473,384.1473,384.1473,1.2048483095978216e-05
Orbitrap,34.573824,34.573824,6,1,1,1,1,192.0768,192.0768,192.0768,1.2048483095978216e-05
Orbitrap,34.57616,34.57616,5,1,1,1,1,216.101,216.101,216.101,1.2048483095978216e-05
Orbitrap,34.590396,34.590396,6,1,1,1,1,288.2533,288.2533,288.2533,1.2048483095978216e-05
Orbitrap,34.649541,34.649541,6,1,1,1,1,384.9949,384.9949,384.9949,1.2048483095978216e-05
Orbitrap,34.672380000000004,34.672380000000004,15,1,1,1,1,231.1492,231.1492,231.1492,1.2048483095978216e-05
Orbitrap,34.692263999999994,34.692263999999994,15,1,1,1,1,289.1022,289.1022,289.1022,1.2048483095978216e-05
Orbitrap,34.705944,34.705944,6,1,1,1,1,289.2162,289.2162,289.2162,1.2048483095978216e-05
Orbitrap,34.732704,34.732704,6,1,1,1,1,217.0794,217.0794,217.0794,1.2048483095978216e-05
Orbitrap,34.80732,34.80732,5,1,1,1,1,290.061,290.061,290.061,1.2048483095978216e-05
Orbitrap,34.862688,34.862688,6,1,1,1,1,249.0192,249.0192,249.0192,1.2048483095978216e-05
Orbitrap,34.882372,34.882372,6,1,1,1,1,249.1598,249.1598,249.1598,1.2048483095978216e-05
Orbitrap,34.895832,34.895832,6,1,1,1,1,436.1979,436.1979,436.1979,1.2048483095978216e-05
Orbitrap,34.899856,34.899856,6,1,1,1,1,436.2482,436.2482,436.2482,1.2048483095978216e-05
Orbitrap,34.91329,34.91329,5,1,1,1,1,349.1329,349.1329,349.1329,1.2048483095978216e-05
Orbitrap,34.923684,34.923684,6,1,1,1,1,291.0307,291.0307,291.0307,1.2048483095978216e-05
Orbitrap,34.925988,34.925988,6,1,1,1,1,291.0499,291.0499,291.0499,1.2048483095978216e-05
Orbitrap,34.928628,34.928628,6,1,1,1,1,291.0719,291.0719,291.0719,1.2048483095978216e-05
Orbitrap,34.96344,34.96344,5,1,1,1,1,233.0896,233.0896,233.0896,1.2048483095978216e-05
Orbitrap,35.00224,35.00224,5,1,1,1,1,250.016,250.016,250.016,1.2048483095978216e-05
Orbitrap,35.00903,35.00903,5,1,1,1,1,250.0645,250.0645,250.0645,1.2048483095978216e-05
Orbitrap,35.01169,35.01169,5,1,1,1,1,350.1169,350.1169,350.1169,1.2048483095978216e-05
Orbitrap,35.0337,35.0337,4,1,1,1,1,291.9475,291.9475,291.9475,1.2048483095978216e-05
Orbitrap,35.045472,35.045472,6,1,1,1,1,146.0228,146.0228,146.0228,1.2048483095978216e-05
Orbitrap,35.05804799999999,35.05804799999999,14,1,1,1,1,219.1128,219.1128,219.1128,1.2048483095978216e-05
Orbitrap,35.06472,35.06472,5,1,1,1,1,292.206,292.206,292.206,1.2048483095978216e-05
Orbitrap,35.0668656425051,35.0668656425051,13,1,1,1,1,701.337312850102,701.337312850102,701.337312850102,1.2048483095978216e-05
Orbitrap,35.14655199999999,35.14655199999999,14,1,1,1,1,251.0468,251.0468,251.0468,1.2048483095978216e-05
Orbitrap,35.168628000000005,35.168628000000005,15,1,1,1,1,293.0719,293.0719,293.0719,1.2048483095978216e-05
Orbitrap,35.171748,35.171748,6,1,1,1,1,293.0979,293.0979,293.0979,1.2048483095978216e-05
Orbitrap,35.172239999999995,35.172239999999995,15,1,1,1,1,293.102,293.102,293.102,1.2048483095978216e-05
Orbitrap,35.17406400000001,35.17406400000001,14,1,1,1,1,293.1172,293.1172,293.1172,1.2048483095978216e-05
Orbitrap,35.177952000000005,35.177952000000005,15,1,1,1,1,293.1496,293.1496,293.1496,1.2048483095978216e-05
Orbitrap,35.217936,35.217936,6,1,1,1,1,220.1121,220.1121,220.1121,1.2048483095978216e-05
Orbitrap,35.2202,35.2202,4,1,1,1,1,352.202,352.202,352.202,1.2048483095978216e-05
Orbitrap,35.24991000000001,35.24991000000001,14,1,1,1,1,234.9994,234.9994,234.9994,1.2048483095978216e-05
Orbitrap,35.262305,35.262305,6,1,1,1,1,705.2461,705.2461,705.2461,1.2048483095978216e-05
Orbitrap,35.280812,35.280812,6,1,1,1,1,252.0058,252.0058,252.0058,1.2048483095978216e-05
Orbitrap,35.292047999999994,35.292047999999994,15,1,1,1,1,294.1004,294.1004,294.1004,1.2048483095978216e-05
Orbitrap,35.293626,35.293626,6,1,1,1,1,196.0757,196.0757,196.0757,1.2048483095978216e-05
Orbitrap,35.299212,35.299212,6,1,1,1,1,294.1601,294.1601,294.1601,1.2048483095978216e-05
Orbitrap,35.299837999999994,35.299837999999994,15,1,1,1,1,252.1417,252.1417,252.1417,1.2048483095978216e-05
Orbitrap,35.30221,35.30221,5,1,1,1,1,353.0221,353.0221,353.0221,1.2048483095978216e-05
Orbitrap,35.3717584,35.3717584,7,1,1,1,1,442.14698,442.14698,442.14698,1.2048483095978216e-05
Orbitrap,35.4048,35.4048,4,1,1,1,1,295.04,295.04,295.04,1.2048483095978216e-05
Orbitrap,35.412924,35.412924,6,1,1,1,1,295.1077,295.1077,295.1077,1.2048483095978216e-05
Orbitrap,35.424326,35.424326,6,1,1,1,1,253.0309,253.0309,253.0309,1.2048483095978216e-05
Orbitrap,35.426496,35.426496,6,1,1,1,1,253.0464,253.0464,253.0464,1.2048483095978216e-05
Orbitrap,35.433608,35.433608,6,1,1,1,1,253.0972,253.0972,253.0972,1.2048483095978216e-05
Orbitrap,35.460882,35.460882,6,1,1,1,1,394.0098,394.0098,394.0098,1.2048483095978216e-05
Orbitrap,35.482401,35.482401,6,1,1,1,1,394.2489,394.2489,394.2489,1.2048483095978216e-05
Orbitrap,35.51387,35.51387,5,1,1,1,1,355.1387,355.1387,355.1387,1.2048483095978216e-05
Orbitrap,35.522530399999994,35.522530399999994,15,1,1,1,1,444.0316299999999,444.0316299999999,444.0316299999999,1.2048483095978216e-05
Orbitrap,35.525056,35.525056,6,1,1,1,1,222.0316,222.0316,222.0316,1.2048483095978216e-05
Orbitrap,35.526864,35.526864,6,1,1,1,1,222.0429,222.0429,222.0429,1.2048483095978216e-05
Orbitrap,35.53236,35.53236,5,1,1,1,1,296.103,296.103,296.103,1.2048483095978216e-05
Orbitrap,35.549715,35.549715,6,1,1,1,1,236.9981,236.9981,236.9981,1.2048483095978216e-05
Orbitrap,35.563401000000006,35.563401000000006,15,1,1,1,1,395.1489,395.1489,395.1489,1.2048483095978216e-05
Orbitrap,35.570961,35.570961,6,1,1,1,1,395.2329,395.2329,395.2329,1.2048483095978216e-05
Orbitrap,35.64667200000001,35.64667200000001,14,1,1,1,1,297.0556,297.0556,297.0556,1.2048483095978216e-05
Orbitrap,35.655996,35.655996,6,1,1,1,1,297.1333,297.1333,297.1333,1.2048483095978216e-05
Orbitrap,35.656188,35.656188,6,1,1,1,1,594.2698,594.2698,594.2698,1.2048483095978216e-05
Orbitrap,35.70969,35.70969,5,1,1,1,1,357.0969,357.0969,357.0969,1.2048483095978216e-05
Orbitrap,35.711732,35.711732,6,1,1,1,1,255.0838,255.0838,255.0838,1.2048483095978216e-05
Orbitrap,35.712585,35.712585,6,1,1,1,1,238.0839,238.0839,238.0839,1.2048483095978216e-05
Orbitrap,35.71267,35.71267,5,1,1,1,1,357.1267,357.1267,357.1267,1.2048483095978216e-05
Orbitrap,35.715792,35.715792,6,1,1,1,1,255.1128,255.1128,255.1128,1.2048483095978216e-05
Orbitrap,35.71611,35.71611,5,1,1,1,1,238.1074,238.1074,238.1074,1.2048483095978216e-05
Orbitrap,35.724402000000005,35.724402000000005,15,1,1,1,1,255.1743,255.1743,255.1743,1.2048483095978216e-05
Orbitrap,35.729091,35.729091,6,1,1,1,1,396.9899,396.9899,396.9899,1.2048483095978216e-05
Orbitrap,35.765414400000004,35.765414400000004,15,1,1,1,1,447.06768,447.06768,447.06768,1.2048483095978216e-05
Orbitrap,35.77444800000001,35.77444800000001,14,1,1,1,1,298.1204,298.1204,298.1204,1.2048483095978216e-05
Orbitrap,35.82377,35.82377,5,1,1,1,1,358.2377,358.2377,358.2377,1.2048483095978216e-05
Orbitrap,35.827902,35.827902,6,1,1,1,1,398.0878,398.0878,398.0878,1.2048483095978216e-05
Orbitrap,35.84406,35.84406,5,1,1,1,1,256.029,256.029,256.029,1.2048483095978216e-05
Orbitrap,35.84649,35.84649,5,1,1,1,1,238.9766,238.9766,238.9766,1.2048483095978216e-05
Orbitrap,35.848344,35.848344,6,1,1,1,1,256.0596,256.0596,256.0596,1.2048483095978216e-05
Orbitrap,35.854672,35.854672,6,1,1,1,1,224.0917,224.0917,224.0917,1.2048483095978216e-05
Orbitrap,35.855386,35.855386,6,1,1,1,1,256.1099,256.1099,256.1099,1.2048483095978216e-05
Orbitrap,35.863744,35.863744,6,1,1,1,1,256.1696,256.1696,256.1696,1.2048483095978216e-05
Orbitrap,35.887368,35.887368,6,1,1,1,1,299.0614,299.0614,299.0614,1.2048483095978216e-05
Orbitrap,35.89668,35.89668,5,1,1,1,1,299.139,299.139,299.139,1.2048483095978216e-05
Orbitrap,35.901048,35.901048,6,1,1,1,1,299.1754,299.1754,299.1754,1.2048483095978216e-05
Orbitrap,35.904072,35.904072,6,1,1,1,1,299.2006,299.2006,299.2006,1.2048483095978216e-05
Orbitrap,35.91853,35.91853,5,1,1,1,1,359.1853,359.1853,359.1853,1.2048483095978216e-05
Orbitrap,36.005447999999994,36.005447999999994,15,1,1,1,1,300.0454,300.0454,300.0454,1.2048483095978216e-05
Orbitrap,36.009144,36.009144,6,1,1,1,1,300.0762,300.0762,300.0762,1.2048483095978216e-05
Orbitrap,36.01332,36.01332,5,1,1,1,1,200.074,200.074,200.074,1.2048483095978216e-05
Orbitrap,36.01565,36.01565,5,1,1,1,1,360.1565,360.1565,360.1565,1.2048483095978216e-05
Orbitrap,36.015888,36.015888,6,1,1,1,1,150.0662,150.0662,150.0662,1.2048483095978216e-05
Orbitrap,36.01718,36.01718,5,1,1,1,1,360.1718,360.1718,360.1718,1.2048483095978216e-05
Orbitrap,36.020745,36.020745,6,1,1,1,1,240.1383,240.1383,240.1383,1.2048483095978216e-05
Orbitrap,36.02282,36.02282,5,1,1,1,1,360.2282,360.2282,360.2282,1.2048483095978216e-05
Orbitrap,36.026154,36.026154,6,1,1,1,1,200.1453,200.1453,200.1453,1.2048483095978216e-05
Orbitrap,36.042714,36.042714,6,1,1,1,1,200.2373,200.2373,200.2373,1.2048483095978216e-05
Orbitrap,36.065995,36.065995,6,1,1,1,1,721.3199,721.3199,721.3199,1.2048483095978216e-05
Orbitrap,36.11201,36.11201,5,1,1,1,1,361.1201,361.1201,361.1201,1.2048483095978216e-05
Orbitrap,36.128484,36.128484,6,1,1,1,1,301.0707,301.0707,301.0707,1.2048483095978216e-05
Orbitrap,36.128856,36.128856,6,1,1,1,1,301.0738,301.0738,301.0738,1.2048483095978216e-05
Orbitrap,36.153992,36.153992,6,1,1,1,1,258.2428,258.2428,258.2428,1.2048483095978216e-05
Orbitrap,36.154410000000006,36.154410000000006,15,1,1,1,1,241.0294,241.0294,241.0294,1.2048483095978216e-05
Orbitrap,36.169425,36.169425,6,1,1,1,1,241.1295,241.1295,241.1295,1.2048483095978216e-05
Orbitrap,36.181424,36.181424,6,1,1,1,1,226.1339,226.1339,226.1339,1.2048483095978216e-05
Orbitrap,36.185535,36.185535,6,1,1,1,1,402.0615,402.0615,402.0615,1.2048483095978216e-05
Orbitrap,36.261012,36.261012,6,1,1,1,1,302.1751,302.1751,302.1751,1.2048483095978216e-05
Orbitrap,36.261078000000005,36.261078000000005,15,1,1,1,1,259.0077,259.0077,259.0077,1.2048483095978216e-05
Orbitrap,36.288784,36.288784,6,1,1,1,1,259.2056,259.2056,259.2056,1.2048483095978216e-05
Orbitrap,36.344688000000005,36.344688000000005,15,1,1,1,1,227.1543,227.1543,227.1543,1.2048483095978216e-05
Orbitrap,36.375534,36.375534,6,1,1,1,1,202.0863,202.0863,202.0863,1.2048483095978216e-05
Orbitrap,36.392436,36.392436,6,1,1,1,1,202.1802,202.1802,202.1802,1.2048483095978216e-05
Orbitrap,36.42303,36.42303,5,1,1,1,1,260.1645,260.1645,260.1645,1.2048483095978216e-05
Orbitrap,36.423232,36.423232,6,1,1,1,1,455.2904,455.2904,455.2904,1.2048483095978216e-05
Orbitrap,36.443046,36.443046,6,1,1,1,1,607.3841,607.3841,607.3841,1.2048483095978216e-05
Orbitrap,36.486672000000006,36.486672000000006,15,1,1,1,1,304.0556,304.0556,304.0556,1.2048483095978216e-05
Orbitrap,36.493572,36.493572,6,1,1,1,1,304.1131,304.1131,304.1131,1.2048483095978216e-05
Orbitrap,36.500432,36.500432,6,1,1,1,1,228.1277,228.1277,228.1277,1.2048483095978216e-05
Orbitrap,36.502884,36.502884,6,1,1,1,1,304.1907,304.1907,304.1907,1.2048483095978216e-05
Orbitrap,36.50786,36.50786,5,1,1,1,1,365.0786,365.0786,365.0786,1.2048483095978216e-05
Orbitrap,36.51449,36.51449,5,1,1,1,1,365.1449,365.1449,365.1449,1.2048483095978216e-05
Orbitrap,36.55116,36.55116,5,1,1,1,1,203.062,203.062,203.062,1.2048483095978216e-05
Orbitrap,36.580784,36.580784,6,1,1,1,1,457.2598,457.2598,457.2598,1.2048483095978216e-05
Orbitrap,36.602880000000006,36.602880000000006,15,1,1,1,1,244.0192,244.0192,244.0192,1.2048483095978216e-05
Orbitrap,36.614352,36.614352,6,1,1,1,1,305.1196,305.1196,305.1196,1.2048483095978216e-05
Orbitrap,36.62892,36.62892,5,1,1,1,1,122.0964,122.0964,122.0964,1.2048483095978216e-05
Orbitrap,36.661056,36.661056,6,1,1,1,1,916.5264,916.5264,916.5264,1.2048483095978216e-05
Orbitrap,36.675561,36.675561,6,1,1,1,1,282.1197,282.1197,282.1197,1.2048483095978216e-05
Orbitrap,36.692236,36.692236,6,1,1,1,1,262.0874,262.0874,262.0874,1.2048483095978216e-05
Orbitrap,36.696604,36.696604,6,1,1,1,1,262.1186,262.1186,262.1186,1.2048483095978216e-05
Orbitrap,36.71751,36.71751,5,1,1,1,1,367.1751,367.1751,367.1751,1.2048483095978216e-05
Orbitrap,36.72342586,36.72342586,8,1,1,1,1,734.4685172,734.4685172,734.4685172,1.2048483095978216e-05
Orbitrap,36.7238,36.7238,4,1,1,1,1,367.238,367.238,367.238,1.2048483095978216e-05
Orbitrap,36.726928,36.726928,6,1,1,1,1,459.0866,459.0866,459.0866,1.2048483095978216e-05
Orbitrap,36.72976799999999,36.72976799999999,14,1,1,1,1,153.0407,153.0407,153.0407,1.2048483095978216e-05
Orbitrap,36.735252,36.735252,6,1,1,1,1,306.1271,306.1271,306.1271,1.2048483095978216e-05
Orbitrap,36.73901600000001,36.73901600000001,14,1,1,1,1,459.2377,459.2377,459.2377,1.2048483095978216e-05
Orbitrap,36.803936,36.803936,6,1,1,1,1,230.0246,230.0246,230.0246,1.2048483095978216e-05
Orbitrap,36.818672,36.818672,6,1,1,1,1,230.1167,230.1167,230.1167,1.2048483095978216e-05
Orbitrap,36.85847999999999,36.85847999999999,14,1,1,1,1,307.154,307.154,307.154,1.2048483095978216e-05
Orbitrap,36.871584,36.871584,6,1,1,1,1,307.2632,307.2632,307.2632,1.2048483095978216e-05
Orbitrap,36.9125,36.9125,4,1,1,1,1,369.125,369.125,369.125,1.2048483095978216e-05
Orbitrap,36.96048,36.96048,5,1,1,1,1,308.004,308.004,308.004,1.2048483095978216e-05
Orbitrap,36.989991,36.989991,6,1,1,1,1,410.9999,410.9999,410.9999,1.2048483095978216e-05
Orbitrap,36.998721,36.998721,6,1,1,1,1,411.0969,411.0969,411.0969,1.2048483095978216e-05
Orbitrap,37.00486,37.00486,5,1,1,1,1,370.0486,370.0486,370.0486,1.2048483095978216e-05
Orbitrap,37.007532,37.007532,6,1,1,1,1,411.1948,411.1948,411.1948,1.2048483095978216e-05
Orbitrap,37.01285,37.01285,5,1,1,1,1,370.1285,370.1285,370.1285,1.2048483095978216e-05
Orbitrap,37.023770000000006,37.023770000000006,15,1,1,1,1,370.2377,370.2377,370.2377,1.2048483095978216e-05
Orbitrap,37.050675000000005,37.050675000000005,15,1,1,1,1,247.0045,247.0045,247.0045,1.2048483095978216e-05
Orbitrap,37.076328,37.076328,6,1,1,1,1,308.9694,308.9694,308.9694,1.2048483095978216e-05
Orbitrap,37.084548,37.084548,6,1,1,1,1,309.0379,309.0379,309.0379,1.2048483095978216e-05
Orbitrap,37.085124,37.085124,6,1,1,1,1,309.0427,309.0427,309.0427,1.2048483095978216e-05
Orbitrap,37.08726,37.08726,5,1,1,1,1,309.0605,309.0605,309.0605,1.2048483095978216e-05
Orbitrap,37.093452,37.093452,6,1,1,1,1,309.1121,309.1121,309.1121,1.2048483095978216e-05
Orbitrap,37.1343096,37.1343096,7,1,1,1,1,464.17887,464.17887,464.17887,1.2048483095978216e-05
Orbitrap,37.141312,37.141312,6,1,1,1,1,232.1332,232.1332,232.1332,1.2048483095978216e-05
Orbitrap,37.217056,37.217056,6,1,1,1,1,465.2132,465.2132,465.2132,1.2048483095978216e-05
Orbitrap,37.221132,37.221132,6,1,1,1,1,310.1761,310.1761,310.1761,1.2048483095978216e-05
Orbitrap,37.22322,37.22322,5,1,1,1,1,372.2322,372.2322,372.2322,1.2048483095978216e-05
Orbitrap,37.253412,37.253412,6,1,1,1,1,266.0958,266.0958,266.0958,1.2048483095978216e-05
Orbitrap,37.283888,37.283888,6,1,1,1,1,233.0243,233.0243,233.0243,1.2048483095978216e-05
Orbitrap,37.297712,37.297712,6,1,1,1,1,233.1107,233.1107,233.1107,1.2048483095978216e-05
Orbitrap,37.3285,37.3285,4,1,1,1,1,373.285,373.285,373.285,1.2048483095978216e-05
Orbitrap,37.332312,37.332312,6,1,1,1,1,311.1026,311.1026,311.1026,1.2048483095978216e-05
Orbitrap,37.338516,37.338516,6,1,1,1,1,311.1543,311.1543,311.1543,1.2048483095978216e-05
Orbitrap,37.344072,37.344072,6,1,1,1,1,311.2006,311.2006,311.2006,1.2048483095978216e-05
Orbitrap,37.350972,37.350972,6,1,1,1,1,311.2581,311.2581,311.2581,1.2048483095978216e-05
Orbitrap,37.40408,37.40408,5,1,1,1,1,267.172,267.172,267.172,1.2048483095978216e-05
Orbitrap,37.42421,37.42421,5,1,1,1,1,748.4842,748.4842,748.4842,1.2048483095978216e-05
Orbitrap,37.44798,37.44798,5,1,1,1,1,312.0665,312.0665,312.0665,1.2048483095978216e-05
Orbitrap,37.451484,37.451484,6,1,1,1,1,208.0638,208.0638,208.0638,1.2048483095978216e-05
Orbitrap,37.454238,37.454238,6,1,1,1,1,208.0791,208.0791,208.0791,1.2048483095978216e-05
Orbitrap,37.464456,37.464456,6,1,1,1,1,156.1019,156.1019,156.1019,1.2048483095978216e-05
Orbitrap,37.51721,37.51721,5,1,1,1,1,375.1721,375.1721,375.1721,1.2048483095978216e-05
Orbitrap,37.5184728,37.5184728,7,1,1,1,1,468.98091,468.98091,468.98091,1.2048483095978216e-05
Orbitrap,37.541602,37.541602,6,1,1,1,1,268.1543,268.1543,268.1543,1.2048483095978216e-05
Orbitrap,37.575384,37.575384,6,1,1,1,1,313.1282,313.1282,313.1282,1.2048483095978216e-05
Orbitrap,37.585944000000005,37.585944000000005,15,1,1,1,1,313.2162,313.2162,313.2162,1.2048483095978216e-05
Orbitrap,37.623056000000005,37.623056000000005,15,1,1,1,1,235.1441,235.1441,235.1441,1.2048483095978216e-05
Orbitrap,37.630746,37.630746,6,1,1,1,1,209.0597,209.0597,209.0597,1.2048483095978216e-05
Orbitrap,37.632896,37.632896,6,1,1,1,1,235.2056,235.2056,235.2056,1.2048483095978216e-05
Orbitrap,37.650375,37.650375,6,1,1,1,1,251.0025,251.0025,251.0025,1.2048483095978216e-05
Orbitrap,37.683072,37.683072,6,1,1,1,1,269.1648,269.1648,269.1648,1.2048483095978216e-05
Orbitrap,37.68588,37.68588,5,1,1,1,1,314.049,314.049,314.049,1.2048483095978216e-05
Orbitrap,37.68732,37.68732,5,1,1,1,1,314.061,314.061,314.061,1.2048483095978216e-05
Orbitrap,37.68985200000001,37.68985200000001,14,1,1,1,1,314.0821,314.0821,314.0821,1.2048483095978216e-05
Orbitrap,37.701012,37.701012,6,1,1,1,1,314.1751,314.1751,314.1751,1.2048483095978216e-05
Orbitrap,37.70908,37.70908,5,1,1,1,1,377.0908,377.0908,377.0908,1.2048483095978216e-05
Orbitrap,37.72071,37.72071,5,1,1,1,1,377.2071,377.2071,377.2071,1.2048483095978216e-05
Orbitrap,37.720845,37.720845,6,1,1,1,1,754.4169,754.4169,754.4169,1.2048483095978216e-05
Orbitrap,37.797276,37.797276,6,1,1,1,1,314.9773,314.9773,314.9773,1.2048483095978216e-05
Orbitrap,37.80834,37.80834,5,1,1,1,1,315.0695,315.0695,315.0695,1.2048483095978216e-05
Orbitrap,37.824804,37.824804,6,1,1,1,1,315.2067,315.2067,315.2067,1.2048483095978216e-05
Orbitrap,37.827828,37.827828,6,1,1,1,1,315.2319,315.2319,315.2319,1.2048483095978216e-05
Orbitrap,37.939744,37.939744,6,1,1,1,1,237.1234,237.1234,237.1234,1.2048483095978216e-05
Orbitrap,37.948414,37.948414,6,1,1,1,1,271.0601,271.0601,271.0601,1.2048483095978216e-05
Orbitrap,37.955408000000006,37.955408000000006,15,1,1,1,1,237.2213,237.2213,237.2213,1.2048483095978216e-05
Orbitrap,37.963702000000005,37.963702000000005,15,1,1,1,1,271.1693,271.1693,271.1693,1.2048483095978216e-05
Orbitrap,37.989009,37.989009,6,1,1,1,1,422.1001,422.1001,422.1001,1.2048483095978216e-05
Orbitrap,37.99341,37.99341,5,1,1,1,1,211.0745,211.0745,211.0745,1.2048483095978216e-05
Orbitrap,37.999692,37.999692,6,1,1,1,1,211.1094,211.1094,211.1094,1.2048483095978216e-05
Orbitrap,38.059704,38.059704,6,1,1,1,1,317.1642,317.1642,317.1642,1.2048483095978216e-05
Orbitrap,38.16156,38.16156,5,1,1,1,1,318.013,318.013,318.013,1.2048483095978216e-05
Orbitrap,38.164944000000006,38.164944000000006,15,1,1,1,1,159.0206,159.0206,159.0206,1.2048483095978216e-05
Orbitrap,38.178424,38.178424,6,1,1,1,1,477.2303,477.2303,477.2303,1.2048483095978216e-05
Orbitrap,38.1804,38.1804,4,1,1,1,1,318.17,318.17,318.17,1.2048483095978216e-05
Orbitrap,38.183712,38.183712,6,1,1,1,1,318.1976,318.1976,318.1976,1.2048483095978216e-05
Orbitrap,38.20832,38.20832,5,1,1,1,1,382.0832,382.0832,382.0832,1.2048483095978216e-05
Orbitrap,38.236256,38.236256,6,1,1,1,1,238.9766,238.9766,238.9766,1.2048483095978216e-05
Orbitrap,38.28537600000001,38.28537600000001,14,1,1,1,1,319.0448,319.0448,319.0448,1.2048483095978216e-05
Orbitrap,38.294112,38.294112,6,1,1,1,1,319.1176,319.1176,319.1176,1.2048483095978216e-05
Orbitrap,38.299536,38.299536,6,1,1,1,1,319.1628,319.1628,319.1628,1.2048483095978216e-05
Orbitrap,38.30761,38.30761,5,1,1,1,1,383.0761,383.0761,383.0761,1.2048483095978216e-05
Orbitrap,38.31411599999999,38.31411599999999,14,1,1,1,1,319.2843,319.2843,319.2843,1.2048483095978216e-05
Orbitrap,38.343141,38.343141,6,1,1,1,1,426.0349,426.0349,426.0349,1.2048483095978216e-05
Orbitrap,38.350248,38.350248,6,1,1,1,1,639.1708,639.1708,639.1708,1.2048483095978216e-05
Orbitrap,38.40495000000001,38.40495000000001,14,1,1,1,1,128.0165,128.0165,128.0165,1.2048483095978216e-05
Orbitrap,38.41224,38.41224,5,1,1,1,1,256.0816,256.0816,256.0816,1.2048483095978216e-05
Orbitrap,38.418288,38.418288,6,1,1,1,1,320.1524,320.1524,320.1524,1.2048483095978216e-05
Orbitrap,38.522304000000005,38.522304000000005,15,1,1,1,1,321.0192,321.0192,321.0192,1.2048483095978216e-05
Orbitrap,38.524548,38.524548,6,1,1,1,1,321.0379,321.0379,321.0379,1.2048483095978216e-05
Orbitrap,38.525346,38.525346,6,1,1,1,1,214.0297,214.0297,214.0297,1.2048483095978216e-05
Orbitrap,38.530056,38.530056,6,1,1,1,1,321.0838,321.0838,321.0838,1.2048483095978216e-05
Orbitrap,38.536128,38.536128,6,1,1,1,1,214.0896,214.0896,214.0896,1.2048483095978216e-05
Orbitrap,38.53948499999999,38.53948499999999,14,1,1,1,1,256.9299,256.9299,256.9299,1.2048483095978216e-05
Orbitrap,38.539566,38.539566,6,1,1,1,1,214.1087,214.1087,214.1087,1.2048483095978216e-05
Orbitrap,38.62326,38.62326,5,1,1,1,1,386.2326,386.2326,386.2326,1.2048483095978216e-05
Orbitrap,38.647956,38.647956,6,1,1,1,1,322.0663,322.0663,322.0663,1.2048483095978216e-05
Orbitrap,38.657256,38.657256,6,1,1,1,1,322.1438,322.1438,322.1438,1.2048483095978216e-05
Orbitrap,38.70027,38.70027,5,1,1,1,1,258.0018,258.0018,258.0018,1.2048483095978216e-05
Orbitrap,38.7193448,38.7193448,7,1,1,1,1,483.99180999999993,483.99180999999993,483.99180999999993,1.2048483095978216e-05
Orbitrap,38.76186,38.76186,5,1,1,1,1,646.031,646.031,646.031,1.2048483095978216e-05
Orbitrap,38.7636,38.7636,4,1,1,1,1,323.03,323.03,323.03,1.2048483095978216e-05
Orbitrap,38.77086,38.77086,5,1,1,1,1,323.0905,323.0905,323.0905,1.2048483095978216e-05
Orbitrap,38.78358,38.78358,5,1,1,1,1,323.1965,323.1965,323.1965,1.2048483095978216e-05
Orbitrap,38.82271,38.82271,5,1,1,1,1,388.2271,388.2271,388.2271,1.2048483095978216e-05
Orbitrap,38.851155,38.851155,6,1,1,1,1,259.0077,259.0077,259.0077,1.2048483095978216e-05
Orbitrap,38.876928,38.876928,6,1,1,1,1,161.9872,161.9872,161.9872,1.2048483095978216e-05
Orbitrap,38.87856,38.87856,5,1,1,1,1,323.988,323.988,323.988,1.2048483095978216e-05
Orbitrap,38.88469879,38.88469879,8,1,1,1,1,777.6939758,777.6939758,777.6939758,1.2048483095978216e-05
Orbitrap,38.885448,38.885448,6,1,1,1,1,324.0454,324.0454,324.0454,1.2048483095978216e-05
Orbitrap,38.908692,38.908692,6,1,1,1,1,216.1594,216.1594,216.1594,1.2048483095978216e-05
Orbitrap,38.91626,38.91626,5,1,1,1,1,389.1626,389.1626,389.1626,1.2048483095978216e-05
Orbitrap,38.93477000000001,38.93477000000001,14,1,1,1,1,278.1055,278.1055,278.1055,1.2048483095978216e-05
Orbitrap,38.970065000000005,38.970065000000005,15,1,1,1,1,779.4013,779.4013,779.4013,1.2048483095978216e-05
Orbitrap,38.98152,38.98152,5,1,1,1,1,487.269,487.269,487.269,1.2048483095978216e-05
Orbitrap,39.01026,39.01026,5,1,1,1,1,260.0684,260.0684,260.0684,1.2048483095978216e-05
Orbitrap,39.01084,39.01084,5,1,1,1,1,390.1084,390.1084,390.1084,1.2048483095978216e-05
Orbitrap,39.01925,39.01925,5,1,1,1,1,390.1925,390.1925,390.1925,1.2048483095978216e-05
Orbitrap,39.019752,39.019752,6,1,1,1,1,325.1646,325.1646,325.1646,1.2048483095978216e-05
Orbitrap,39.061494,39.061494,6,1,1,1,1,217.0083,217.0083,217.0083,1.2048483095978216e-05
Orbitrap,39.063822,39.063822,6,1,1,1,1,279.0273,279.0273,279.0273,1.2048483095978216e-05
Orbitrap,39.073986,39.073986,6,1,1,1,1,217.0777,217.0777,217.0777,1.2048483095978216e-05
Orbitrap,39.074292,39.074292,6,1,1,1,1,217.0794,217.0794,217.0794,1.2048483095978216e-05
Orbitrap,39.12336,39.12336,5,1,1,1,1,326.028,326.028,326.028,1.2048483095978216e-05
Orbitrap,39.12917039999999,39.12917039999999,14,1,1,1,1,489.11463,489.11463,489.11463,1.2048483095978216e-05
Orbitrap,39.12985200000001,39.12985200000001,14,1,1,1,1,326.0821,326.0821,326.0821,1.2048483095978216e-05
Orbitrap,39.1331556,39.1331556,7,1,1,1,1,326.10963,326.10963,326.10963,1.2048483095978216e-05
Orbitrap,39.153015,39.153015,6,1,1,1,1,261.0201,261.0201,261.0201,1.2048483095978216e-05
Orbitrap,39.154356,39.154356,6,1,1,1,1,435.0484,435.0484,435.0484,1.2048483095978216e-05
Orbitrap,39.249372,39.249372,6,1,1,1,1,327.0781,327.0781,327.0781,1.2048483095978216e-05
Orbitrap,39.308220535,39.308220535,9,1,1,1,1,786.1644107,786.1644107,786.1644107,1.2048483095978216e-05
Orbitrap,39.31796,39.31796,5,1,1,1,1,786.3592,786.3592,786.3592,1.2048483095978216e-05
Orbitrap,39.32072,39.32072,5,1,1,1,1,393.2072,393.2072,393.2072,1.2048483095978216e-05
Orbitrap,39.347631,39.347631,6,1,1,1,1,437.1959,437.1959,437.1959,1.2048483095978216e-05
Orbitrap,39.3606504,39.3606504,7,1,1,1,1,492.00813,492.00813,492.00813,1.2048483095978216e-05
Orbitrap,39.367368,39.367368,6,1,1,1,1,328.0614,328.0614,328.0614,1.2048483095978216e-05
Orbitrap,39.371736000000006,39.371736000000006,15,1,1,1,1,328.0978,328.0978,328.0978,1.2048483095978216e-05
Orbitrap,39.4371,39.4371,4,1,1,1,1,219.095,219.095,219.095,1.2048483095978216e-05
Orbitrap,39.452565,39.452565,6,1,1,1,1,263.0171,263.0171,263.0171,1.2048483095978216e-05
Orbitrap,39.457515,39.457515,6,1,1,1,1,263.0501,263.0501,263.0501,1.2048483095978216e-05
Orbitrap,39.467424,39.467424,6,1,1,1,1,328.8952,328.8952,328.8952,1.2048483095978216e-05
Orbitrap,39.48299600000001,39.48299600000001,14,1,1,1,1,282.0214,282.0214,282.0214,1.2048483095978216e-05
Orbitrap,39.486734,39.486734,6,1,1,1,1,282.0481,282.0481,282.0481,1.2048483095978216e-05
Orbitrap,39.500272,39.500272,6,1,1,1,1,282.1448,282.1448,282.1448,1.2048483095978216e-05
Orbitrap,39.50232,39.50232,5,1,1,1,1,329.186,329.186,329.186,1.2048483095978216e-05
Orbitrap,39.50813,39.50813,5,1,1,1,1,395.0813,395.0813,395.0813,1.2048483095978216e-05
Orbitrap,39.513588000000006,39.513588000000006,15,1,1,1,1,329.2799,329.2799,329.2799,1.2048483095978216e-05
Orbitrap,39.513798,39.513798,6,1,1,1,1,439.0422,439.0422,439.0422,1.2048483095978216e-05
Orbitrap,39.519074,39.519074,6,1,1,1,1,282.2791,282.2791,282.2791,1.2048483095978216e-05
Orbitrap,39.607116000000005,39.607116000000005,15,1,1,1,1,330.0593,330.0593,330.0593,1.2048483095978216e-05
Orbitrap,39.618,39.618,3,1,1,1,1,330.15,330.15,330.15,1.2048483095978216e-05
Orbitrap,39.620178,39.620178,6,1,1,1,1,220.1121,220.1121,220.1121,1.2048483095978216e-05
Orbitrap,39.724788,39.724788,6,1,1,1,1,331.0399,331.0399,331.0399,1.2048483095978216e-05
Orbitrap,39.742848,39.742848,6,1,1,1,1,331.1904,331.1904,331.1904,1.2048483095978216e-05
Orbitrap,39.747216,39.747216,6,1,1,1,1,331.2268,331.2268,331.2268,1.2048483095978216e-05
Orbitrap,39.779768,39.779768,6,1,1,1,1,284.1412,284.1412,284.1412,1.2048483095978216e-05
Orbitrap,39.843072,39.843072,6,1,1,1,1,249.0192,249.0192,249.0192,1.2048483095978216e-05
Orbitrap,39.85296,39.85296,5,1,1,1,1,332.108,332.108,332.108,1.2048483095978216e-05
Orbitrap,39.865568,39.865568,6,1,1,1,1,249.1598,249.1598,249.1598,1.2048483095978216e-05
Orbitrap,39.90033,39.90033,5,1,1,1,1,399.0033,399.0033,399.0033,1.2048483095978216e-05
Orbitrap,39.91104599999999,39.91104599999999,14,1,1,1,1,285.0789,285.0789,285.0789,1.2048483095978216e-05
Orbitrap,39.91988,39.91988,5,1,1,1,1,285.142,285.142,285.142,1.2048483095978216e-05
Orbitrap,39.92506,39.92506,5,1,1,1,1,399.2506,399.2506,399.2506,1.2048483095978216e-05
Orbitrap,39.953208,39.953208,6,1,1,1,1,332.9434,332.9434,332.9434,1.2048483095978216e-05
Orbitrap,39.965688,39.965688,6,1,1,1,1,222.0316,222.0316,222.0316,1.2048483095978216e-05
Orbitrap,39.971628,39.971628,6,1,1,1,1,333.0969,333.0969,333.0969,1.2048483095978216e-05
Orbitrap,39.982266,39.982266,6,1,1,1,1,222.1237,222.1237,222.1237,1.2048483095978216e-05
Orbitrap,40.00256,40.00256,5,1,1,1,1,250.016,250.016,250.016,1.2048483095978216e-05
Orbitrap,40.01032,40.01032,5,1,1,1,1,250.0645,250.0645,250.0645,1.2048483095978216e-05
Orbitrap,40.048821,40.048821,6,1,1,1,1,444.9869,444.9869,444.9869,1.2048483095978216e-05
Orbitrap,40.066182,40.066182,6,1,1,1,1,445.1798,445.1798,445.1798,1.2048483095978216e-05
Orbitrap,40.096188000000005,40.096188000000005,15,1,1,1,1,334.1349,334.1349,334.1349,1.2048483095978216e-05
Orbitrap,40.100172,40.100172,6,1,1,1,1,334.1681,334.1681,334.1681,1.2048483095978216e-05
Orbitrap,40.167488,40.167488,6,1,1,1,1,251.0468,251.0468,251.0468,1.2048483095978216e-05
Orbitrap,40.188148,40.188148,6,1,1,1,1,287.0582,287.0582,287.0582,1.2048483095978216e-05
Orbitrap,40.208084,40.208084,6,1,1,1,1,287.2006,287.2006,287.2006,1.2048483095978216e-05
Orbitrap,40.224415,40.224415,6,1,1,1,1,804.4883,804.4883,804.4883,1.2048483095978216e-05
Orbitrap,40.22639,40.22639,5,1,1,1,1,402.2639,402.2639,402.2639,1.2048483095978216e-05
Orbitrap,40.231269,40.231269,6,1,1,1,1,447.0141,447.0141,447.0141,1.2048483095978216e-05
Orbitrap,40.258208,40.258208,6,1,1,1,1,503.2276,503.2276,503.2276,1.2048483095978216e-05
Orbitrap,40.320928,40.320928,6,1,1,1,1,252.0058,252.0058,252.0058,1.2048483095978216e-05
Orbitrap,40.32115,40.32115,5,1,1,1,1,403.2115,403.2115,403.2115,1.2048483095978216e-05
Orbitrap,40.325922,40.325922,6,1,1,1,1,224.0329,224.0329,224.0329,1.2048483095978216e-05
Orbitrap,40.33557,40.33557,5,1,1,1,1,448.173,448.173,448.173,1.2048483095978216e-05
Orbitrap,40.342672,40.342672,6,1,1,1,1,252.1417,252.1417,252.1417,1.2048483095978216e-05
Orbitrap,40.35051,40.35051,5,1,1,1,1,269.0034,269.0034,269.0034,1.2048483095978216e-05
Orbitrap,40.35546200000001,40.35546200000001,14,1,1,1,1,288.2533,288.2533,288.2533,1.2048483095978216e-05
Orbitrap,40.41769,40.41769,5,1,1,1,1,808.3538,808.3538,808.3538,1.2048483095978216e-05
Orbitrap,40.484944000000006,40.484944000000006,15,1,1,1,1,253.0309,253.0309,253.0309,1.2048483095978216e-05
Orbitrap,40.487424,40.487424,6,1,1,1,1,253.0464,253.0464,253.0464,1.2048483095978216e-05
Orbitrap,40.490268,40.490268,6,1,1,1,1,289.2162,289.2162,289.2162,1.2048483095978216e-05
Orbitrap,40.495552,40.495552,6,1,1,1,1,253.0972,253.0972,253.0972,1.2048483095978216e-05
Orbitrap,40.524228,40.524228,6,1,1,1,1,225.1346,225.1346,225.1346,1.2048483095978216e-05
Orbitrap,40.52636,40.52636,5,1,1,1,1,405.2636,405.2636,405.2636,1.2048483095978216e-05
Orbitrap,40.541956,40.541956,6,1,1,1,1,579.1708,579.1708,579.1708,1.2048483095978216e-05
Orbitrap,40.578224,40.578224,6,1,1,1,1,507.2278,507.2278,507.2278,1.2048483095978216e-05
Orbitrap,40.6072,40.6072,4,1,1,1,1,406.072,406.072,406.072,1.2048483095978216e-05
Orbitrap,40.66425000000001,40.66425000000001,14,1,1,1,1,271.095,271.095,271.095,1.2048483095978216e-05
Orbitrap,40.66434,40.66434,5,1,1,1,1,271.0956,271.0956,271.0956,1.2048483095978216e-05
Orbitrap,40.70346,40.70346,5,1,1,1,1,339.1955,339.1955,339.1955,1.2048483095978216e-05
Orbitrap,40.7189648,40.7189648,7,1,1,1,1,508.98705999999993,508.98705999999993,508.98705999999993,1.2048483095978216e-05
Orbitrap,40.803228,40.803228,6,1,1,1,1,340.0269,340.0269,340.0269,1.2048483095978216e-05
Orbitrap,40.813408,40.813408,6,1,1,1,1,255.0838,255.0838,255.0838,1.2048483095978216e-05
Orbitrap,40.818048,40.818048,6,1,1,1,1,255.1128,255.1128,255.1128,1.2048483095978216e-05
Orbitrap,40.8231,40.8231,4,1,1,1,1,272.154,272.154,272.154,1.2048483095978216e-05
Orbitrap,40.827888,40.827888,6,1,1,1,1,255.1743,255.1743,255.1743,1.2048483095978216e-05
Orbitrap,40.887774,40.887774,6,1,1,1,1,227.1543,227.1543,227.1543,1.2048483095978216e-05
Orbitrap,40.89695400000001,40.89695400000001,14,1,1,1,1,292.1211,292.1211,292.1211,1.2048483095978216e-05
Orbitrap,40.908840000000005,40.908840000000005,15,1,1,1,1,292.206,292.206,292.206,1.2048483095978216e-05
Orbitrap,40.9137,40.9137,4,1,1,1,1,409.137,409.137,409.137,1.2048483095978216e-05
Orbitrap,40.928628,40.928628,6,1,1,1,1,341.0719,341.0719,341.0719,1.2048483095978216e-05
Orbitrap,40.94533199999999,40.94533199999999,14,1,1,1,1,341.2111,341.2111,341.2111,1.2048483095978216e-05
Orbitrap,40.96464,40.96464,5,1,1,1,1,256.029,256.029,256.029,1.2048483095978216e-05
Orbitrap,40.969536,40.969536,6,1,1,1,1,256.0596,256.0596,256.0596,1.2048483095978216e-05
Orbitrap,40.97758399999999,40.97758399999999,14,1,1,1,1,256.1099,256.1099,256.1099,1.2048483095978216e-05
Orbitrap,40.981836,40.981836,6,1,1,1,1,683.0306,683.0306,683.0306,1.2048483095978216e-05
Orbitrap,40.987136,40.987136,6,1,1,1,1,256.1696,256.1696,256.1696,1.2048483095978216e-05
Orbitrap,41.02438000000001,41.02438000000001,14,1,1,1,1,410.2438,410.2438,410.2438,1.2048483095978216e-05
Orbitrap,41.062986,41.062986,6,1,1,1,1,228.1277,228.1277,228.1277,1.2048483095978216e-05
Orbitrap,41.083812,41.083812,6,1,1,1,1,228.2434,228.2434,228.2434,1.2048483095978216e-05
Orbitrap,41.11978,41.11978,5,1,1,1,1,411.1978,411.1978,411.1978,1.2048483095978216e-05
Orbitrap,41.12191000000001,41.12191000000001,14,1,1,1,1,411.2191,411.2191,411.2191,1.2048483095978216e-05
Orbitrap,41.157732,41.157732,6,1,1,1,1,342.9811,342.9811,342.9811,1.2048483095978216e-05
Orbitrap,41.182414,41.182414,6,1,1,1,1,294.1601,294.1601,294.1601,1.2048483095978216e-05
Orbitrap,41.18398199999999,41.18398199999999,14,1,1,1,1,294.1713,294.1713,294.1713,1.2048483095978216e-05
Orbitrap,41.219536,41.219536,6,1,1,1,1,515.2442,515.2442,515.2442,1.2048483095978216e-05
Orbitrap,41.25537,41.25537,5,1,1,1,1,275.0358,275.0358,275.0358,1.2048483095978216e-05
Orbitrap,41.26068,41.26068,5,1,1,1,1,275.0712,275.0712,275.0712,1.2048483095978216e-05
Orbitrap,41.266875,41.266875,6,1,1,1,1,275.1125,275.1125,275.1125,1.2048483095978216e-05
Orbitrap,41.270335,41.270335,6,1,1,1,1,825.4067,825.4067,825.4067,1.2048483095978216e-05
Orbitrap,41.293944,41.293944,6,1,1,1,1,344.1162,344.1162,344.1162,1.2048483095978216e-05
Orbitrap,41.318848,41.318848,6,1,1,1,1,258.2428,258.2428,258.2428,1.2048483095978216e-05
Orbitrap,41.404428,41.404428,6,1,1,1,1,230.0246,230.0246,230.0246,1.2048483095978216e-05
Orbitrap,41.40948,41.40948,5,1,1,1,1,276.0632,276.0632,276.0632,1.2048483095978216e-05
Orbitrap,41.411628,41.411628,6,1,1,1,1,345.0969,345.0969,345.0969,1.2048483095978216e-05
Orbitrap,41.42908799999999,41.42908799999999,14,1,1,1,1,345.2424,345.2424,345.2424,1.2048483095978216e-05
Orbitrap,41.44123200000001,41.44123200000001,14,1,1,1,1,259.0077,259.0077,259.0077,1.2048483095978216e-05
Orbitrap,41.44336,41.44336,5,1,1,1,1,296.024,296.024,296.024,1.2048483095978216e-05
Orbitrap,41.4498,41.4498,4,1,1,1,1,296.07,296.07,296.07,1.2048483095978216e-05
Orbitrap,41.45442,41.45442,5,1,1,1,1,296.103,296.103,296.103,1.2048483095978216e-05
Orbitrap,41.472896,41.472896,6,1,1,1,1,259.2056,259.2056,259.2056,1.2048483095978216e-05
Orbitrap,41.5234,41.5234,4,1,1,1,1,415.234,415.234,415.234,1.2048483095978216e-05
Orbitrap,41.526408,41.526408,6,1,1,1,1,173.0267,173.0267,173.0267,1.2048483095978216e-05
Orbitrap,41.534832,41.534832,6,1,1,1,1,346.1236,346.1236,346.1236,1.2048483095978216e-05
Orbitrap,41.587784000000006,41.587784000000006,15,1,1,1,1,297.0556,297.0556,297.0556,1.2048483095978216e-05
Orbitrap,41.605886000000005,41.605886000000005,15,1,1,1,1,297.1849,297.1849,297.1849,1.2048483095978216e-05
Orbitrap,41.606856,41.606856,6,1,1,1,1,231.1492,231.1492,231.1492,1.2048483095978216e-05
Orbitrap,41.62631999999999,41.62631999999999,14,1,1,1,1,260.1645,260.1645,260.1645,1.2048483095978216e-05
Orbitrap,41.72272,41.72272,5,1,1,1,1,417.2272,417.2272,417.2272,1.2048483095978216e-05
Orbitrap,41.7360398,41.7360398,7,1,1,1,1,298.11457,298.11457,298.11457,1.2048483095978216e-05
Orbitrap,41.780511,41.780511,6,1,1,1,1,464.2279,464.2279,464.2279,1.2048483095978216e-05
Orbitrap,41.783976,41.783976,6,1,1,1,1,232.1332,232.1332,232.1332,1.2048483095978216e-05
Orbitrap,41.82588,41.82588,5,1,1,1,1,418.2588,418.2588,418.2588,1.2048483095978216e-05
Orbitrap,41.860404,41.860404,6,1,1,1,1,465.1156,465.1156,465.1156,1.2048483095978216e-05
Orbitrap,41.89101599999999,41.89101599999999,14,1,1,1,1,349.0918,349.0918,349.0918,1.2048483095978216e-05
Orbitrap,41.895948,41.895948,6,1,1,1,1,349.1329,349.1329,349.1329,1.2048483095978216e-05
Orbitrap,41.91983679999999,41.91983679999999,14,1,1,1,1,523.9979599999999,523.9979599999999,523.9979599999999,1.2048483095978216e-05
Orbitrap,41.933984,41.933984,6,1,1,1,1,262.0874,262.0874,262.0874,1.2048483095978216e-05
Orbitrap,41.938976,41.938976,6,1,1,1,1,262.1186,262.1186,262.1186,1.2048483095978216e-05
Orbitrap,41.956128,41.956128,6,1,1,1,1,233.0896,233.0896,233.0896,1.2048483095978216e-05
Orbitrap,41.959926,41.959926,6,1,1,1,1,233.1107,233.1107,233.1107,1.2048483095978216e-05
Orbitrap,42.014028,42.014028,6,1,1,1,1,350.1169,350.1169,350.1169,1.2048483095978216e-05
Orbitrap,42.178208000000005,42.178208000000005,15,1,1,1,1,527.2276,527.2276,527.2276,1.2048483095978216e-05
Orbitrap,42.26424,42.26424,5,1,1,1,1,352.202,352.202,352.202,1.2048483095978216e-05
Orbitrap,42.299418,42.299418,6,1,1,1,1,302.1387,302.1387,302.1387,1.2048483095978216e-05
Orbitrap,42.299892,42.299892,6,1,1,1,1,234.9994,234.9994,234.9994,1.2048483095978216e-05
Orbitrap,42.313365,42.313365,6,1,1,1,1,282.0891,282.0891,282.0891,1.2048483095978216e-05
Orbitrap,42.313845,42.313845,6,1,1,1,1,282.0923,282.0923,282.0923,1.2048483095978216e-05
Orbitrap,42.337008,42.337008,6,1,1,1,1,235.2056,235.2056,235.2056,1.2048483095978216e-05
Orbitrap,42.341576,42.341576,6,1,1,1,1,529.2697,529.2697,529.2697,1.2048483095978216e-05
Orbitrap,42.362652,42.362652,6,1,1,1,1,353.0221,353.0221,353.0221,1.2048483095978216e-05
Orbitrap,42.37241,42.37241,5,1,1,1,1,847.4482,847.4482,847.4482,1.2048483095978216e-05
Orbitrap,42.41972,42.41972,5,1,1,1,1,530.2465,530.2465,530.2465,1.2048483095978216e-05
Orbitrap,42.441585,42.441585,6,1,1,1,1,282.9439,282.9439,282.9439,1.2048483095978216e-05
Orbitrap,42.53625,42.53625,5,1,1,1,1,425.3625,425.3625,425.3625,1.2048483095978216e-05
Orbitrap,42.575328,42.575328,6,1,1,1,1,266.0958,266.0958,266.0958,1.2048483095978216e-05
Orbitrap,42.59689,42.59689,5,1,1,1,1,304.2635,304.2635,304.2635,1.2048483095978216e-05
Orbitrap,42.60258,42.60258,5,1,1,1,1,142.0086,142.0086,142.0086,1.2048483095978216e-05
Orbitrap,42.606168,42.606168,6,1,1,1,1,355.0514,355.0514,355.0514,1.2048483095978216e-05
Orbitrap,42.606756,42.606756,6,1,1,1,1,355.0563,355.0563,355.0563,1.2048483095978216e-05
Orbitrap,42.616644,42.616644,6,1,1,1,1,355.1387,355.1387,355.1387,1.2048483095978216e-05
Orbitrap,42.65965799999999,42.65965799999999,14,1,1,1,1,236.9981,236.9981,236.9981,1.2048483095978216e-05
Orbitrap,42.699834,42.699834,6,1,1,1,1,237.2213,237.2213,237.2213,1.2048483095978216e-05
Orbitrap,42.715162,42.715162,6,1,1,1,1,305.1083,305.1083,305.1083,1.2048483095978216e-05
Orbitrap,42.74752,42.74752,5,1,1,1,1,267.172,267.172,267.172,1.2048483095978216e-05
Orbitrap,42.76851,42.76851,5,1,1,1,1,285.1234,285.1234,285.1234,1.2048483095978216e-05
Orbitrap,42.851628,42.851628,6,1,1,1,1,357.0969,357.0969,357.0969,1.2048483095978216e-05
Orbitrap,42.855102,42.855102,6,1,1,1,1,238.0839,238.0839,238.0839,1.2048483095978216e-05
Orbitrap,42.85520400000001,42.85520400000001,14,1,1,1,1,357.1267,357.1267,357.1267,1.2048483095978216e-05
Orbitrap,42.85779399999999,42.85779399999999,14,1,1,1,1,306.1271,306.1271,306.1271,1.2048483095978216e-05
Orbitrap,42.859332,42.859332,6,1,1,1,1,238.1074,238.1074,238.1074,1.2048483095978216e-05
Orbitrap,42.90468799999999,42.90468799999999,14,1,1,1,1,268.1543,268.1543,268.1543,1.2048483095978216e-05
Orbitrap,42.904965,42.904965,6,1,1,1,1,286.0331,286.0331,286.0331,1.2048483095978216e-05
Orbitrap,42.988524000000005,42.988524000000005,15,1,1,1,1,358.2377,358.2377,358.2377,1.2048483095978216e-05
Orbitrap,42.995582,42.995582,6,1,1,1,1,307.1113,307.1113,307.1113,1.2048483095978216e-05
Orbitrap,43.066368,43.066368,6,1,1,1,1,269.1648,269.1648,269.1648,1.2048483095978216e-05
Orbitrap,43.102236,43.102236,6,1,1,1,1,359.1853,359.1853,359.1853,1.2048483095978216e-05
Orbitrap,43.120560000000005,43.120560000000005,15,1,1,1,1,308.004,308.004,308.004,1.2048483095978216e-05
Orbitrap,43.12428,43.12428,5,1,1,1,1,431.2428,431.2428,431.2428,1.2048483095978216e-05
Orbitrap,43.127784,43.127784,6,1,1,1,1,539.0973,539.0973,539.0973,1.2048483095978216e-05
Orbitrap,43.20732000000001,43.20732000000001,14,1,1,1,1,288.0488,288.0488,288.0488,1.2048483095978216e-05
Orbitrap,43.21878,43.21878,5,1,1,1,1,360.1565,360.1565,360.1565,1.2048483095978216e-05
Orbitrap,43.220616,43.220616,6,1,1,1,1,360.1718,360.1718,360.1718,1.2048483095978216e-05
Orbitrap,43.224456,43.224456,6,1,1,1,1,180.1019,180.1019,180.1019,1.2048483095978216e-05
Orbitrap,43.224894,43.224894,6,1,1,1,1,240.1383,240.1383,240.1383,1.2048483095978216e-05
Orbitrap,43.22738400000001,43.22738400000001,14,1,1,1,1,360.2282,360.2282,360.2282,1.2048483095978216e-05
Orbitrap,43.275694,43.275694,6,1,1,1,1,309.1121,309.1121,309.1121,1.2048483095978216e-05
Orbitrap,43.3158,43.3158,4,1,1,1,1,360.965,360.965,360.965,1.2048483095978216e-05
Orbitrap,43.326444,43.326444,6,1,1,1,1,361.0537,361.0537,361.0537,1.2048483095978216e-05
Orbitrap,43.36532999999999,43.36532999999999,14,1,1,1,1,289.1022,289.1022,289.1022,1.2048483095978216e-05
Orbitrap,43.36961599999999,43.36961599999999,14,1,1,1,1,271.0601,271.0601,271.0601,1.2048483095978216e-05
Orbitrap,43.385292,43.385292,6,1,1,1,1,241.0294,241.0294,241.0294,1.2048483095978216e-05
Orbitrap,43.38657,43.38657,5,1,1,1,1,241.0365,241.0365,241.0365,1.2048483095978216e-05
Orbitrap,43.387088000000006,43.387088000000006,15,1,1,1,1,271.1693,271.1693,271.1693,1.2048483095978216e-05
Orbitrap,43.392294,43.392294,6,1,0,1,0,241.0683,241.0683,241.0683,1.2048483095978216e-05
Orbitrap,43.40331,43.40331,5,1,1,1,1,241.1295,241.1295,241.1295,1.2048483095978216e-05
Orbitrap,43.450288,43.450288,6,1,1,1,1,543.1286,543.1286,543.1286,1.2048483095978216e-05
Orbitrap,43.455192,43.455192,6,1,1,1,1,362.1266,362.1266,362.1266,1.2048483095978216e-05
Orbitrap,43.50914999999999,43.50914999999999,14,1,1,1,1,290.061,290.061,290.061,1.2048483095978216e-05
Orbitrap,43.562604,43.562604,6,1,1,1,1,363.0217,363.0217,363.0217,1.2048483095978216e-05
Orbitrap,43.568084000000006,43.568084000000006,15,1,1,1,1,311.2006,311.2006,311.2006,1.2048483095978216e-05
Orbitrap,43.61979,43.61979,5,1,1,1,1,436.1979,436.1979,436.1979,1.2048483095978216e-05
Orbitrap,43.62482,43.62482,5,1,1,1,1,436.2482,436.2482,436.2482,1.2048483095978216e-05
Orbitrap,43.654605,43.654605,6,1,1,1,1,291.0307,291.0307,291.0307,1.2048483095978216e-05
Orbitrap,43.660785,43.660785,6,1,1,1,1,291.0719,291.0719,291.0719,1.2048483095978216e-05
Orbitrap,43.689310000000006,43.689310000000006,15,1,1,1,1,312.0665,312.0665,312.0665,1.2048483095978216e-05
Orbitrap,43.691352,43.691352,6,1,1,1,1,364.0946,364.0946,364.0946,1.2048483095978216e-05
Orbitrap,43.792125,43.792125,6,1,1,1,1,291.9475,291.9475,291.9475,1.2048483095978216e-05
Orbitrap,43.80684,43.80684,5,1,1,1,1,146.0228,146.0228,146.0228,1.2048483095978216e-05
Orbitrap,43.809432,43.809432,6,1,1,1,1,365.0786,365.0786,365.0786,1.2048483095978216e-05
Orbitrap,43.85026800000001,43.85026800000001,14,1,1,1,1,313.2162,313.2162,313.2162,1.2048483095978216e-05
Orbitrap,43.872925,43.872925,6,1,1,1,1,877.4585,877.4585,877.4585,1.2048483095978216e-05
Orbitrap,43.92345600000001,43.92345600000001,14,1,1,1,1,244.0192,244.0192,244.0192,1.2048483095978216e-05
Orbitrap,43.951485,43.951485,6,1,1,1,1,293.0099,293.0099,293.0099,1.2048483095978216e-05
Orbitrap,43.954704,43.954704,6,1,1,1,1,122.0964,122.0964,122.0964,1.2048483095978216e-05
Orbitrap,43.960785,43.960785,6,1,1,1,1,293.0719,293.0719,293.0719,1.2048483095978216e-05
Orbitrap,43.964685,43.964685,6,1,1,1,1,293.0979,293.0979,293.0979,1.2048483095978216e-05
Orbitrap,43.967580000000005,43.967580000000005,15,1,1,1,1,293.1172,293.1172,293.1172,1.2048483095978216e-05
Orbitrap,44.058372000000006,44.058372000000006,15,1,1,1,1,367.1531,367.1531,367.1531,1.2048483095978216e-05
Orbitrap,44.061012,44.061012,6,1,1,1,1,367.1751,367.1751,367.1751,1.2048483095978216e-05
Orbitrap,44.06856,44.06856,5,1,1,1,1,367.238,367.238,367.238,1.2048483095978216e-05
Orbitrap,44.11506,44.11506,5,1,1,1,1,294.1004,294.1004,294.1004,1.2048483095978216e-05
Orbitrap,44.244858,44.244858,6,1,1,1,1,316.0347,316.0347,316.0347,1.2048483095978216e-05
Orbitrap,44.256,44.256,3,1,1,1,1,295.04,295.04,295.04,1.2048483095978216e-05
Orbitrap,44.2623,44.2623,4,1,1,1,1,295.082,295.082,295.082,1.2048483095978216e-05
Orbitrap,44.295,44.295,3,1,1,1,1,369.125,369.125,369.125,1.2048483095978216e-05
Orbitrap,44.405832,44.405832,6,1,1,1,1,370.0486,370.0486,370.0486,1.2048483095978216e-05
Orbitrap,44.41542,44.41542,5,1,1,1,1,370.1285,370.1285,370.1285,1.2048483095978216e-05
Orbitrap,44.428524,44.428524,6,1,1,1,1,370.2377,370.2377,370.2377,1.2048483095978216e-05
Orbitrap,44.46081,44.46081,5,1,1,1,1,247.0045,247.0045,247.0045,1.2048483095978216e-05
Orbitrap,44.49688,44.49688,5,1,1,1,1,278.1055,278.1055,278.1055,1.2048483095978216e-05
Orbitrap,44.52182,44.52182,5,1,1,1,1,318.013,318.013,318.013,1.2048483095978216e-05
Orbitrap,44.530104,44.530104,6,1,1,1,1,371.0842,371.0842,371.0842,1.2048483095978216e-05
Orbitrap,44.644368,44.644368,6,1,1,1,1,279.0273,279.0273,279.0273,1.2048483095978216e-05
Orbitrap,44.659272,44.659272,6,1,1,1,1,372.1606,372.1606,372.1606,1.2048483095978216e-05
Orbitrap,44.667864,44.667864,6,1,1,1,1,372.2322,372.2322,372.2322,1.2048483095978216e-05
Orbitrap,44.682792,44.682792,6,1,1,1,1,319.1628,319.1628,319.1628,1.2048483095978216e-05
Orbitrap,44.71806000000001,44.71806000000001,14,1,1,1,1,298.1204,298.1204,298.1204,1.2048483095978216e-05
Orbitrap,44.7942,44.7942,4,1,1,1,1,373.285,373.285,373.285,1.2048483095978216e-05
Orbitrap,44.8063176,44.8063176,7,1,1,1,1,560.07897,560.07897,560.07897,1.2048483095978216e-05
Orbitrap,44.81967,44.81967,5,1,1,1,1,320.1405,320.1405,320.1405,1.2048483095978216e-05
Orbitrap,44.848764,44.848764,6,1,1,1,1,249.1598,249.1598,249.1598,1.2048483095978216e-05
Orbitrap,44.85921,44.85921,5,1,1,1,1,299.0614,299.0614,299.0614,1.2048483095978216e-05
Orbitrap,44.87085,44.87085,5,1,1,1,1,299.139,299.139,299.139,1.2048483095978216e-05
Orbitrap,44.891208,44.891208,6,1,1,1,1,374.0934,374.0934,374.0934,1.2048483095978216e-05
Orbitrap,44.909964,44.909964,6,1,1,1,1,748.4994,748.4994,748.4994,1.2048483095978216e-05
Orbitrap,45.009384,45.009384,6,1,1,1,1,375.0782,375.0782,375.0782,1.2048483095978216e-05
Orbitrap,45.01142999999999,45.01142999999999,14,1,1,1,1,300.0762,300.0762,300.0762,1.2048483095978216e-05
Orbitrap,45.01986,45.01986,5,1,1,1,1,150.0662,150.0662,150.0662,1.2048483095978216e-05
Orbitrap,45.020652,45.020652,6,1,1,1,1,375.1721,375.1721,375.1721,1.2048483095978216e-05
Orbitrap,45.089282,45.089282,6,1,1,1,1,322.0663,322.0663,322.0663,1.2048483095978216e-05
Orbitrap,45.100132,45.100132,6,1,1,1,1,322.1438,322.1438,322.1438,1.2048483095978216e-05
Orbitrap,45.12342400000001,45.12342400000001,14,1,1,1,1,282.0214,282.0214,282.0214,1.2048483095978216e-05
Orbitrap,45.12769599999999,45.12769599999999,14,1,1,1,1,282.0481,282.0481,282.0481,1.2048483095978216e-05
Orbitrap,45.143168,45.143168,6,1,1,1,1,282.1448,282.1448,282.1448,1.2048483095978216e-05
Orbitrap,45.164656,45.164656,6,1,1,1,1,282.2791,282.2791,282.2791,1.2048483095978216e-05
Orbitrap,45.18045,45.18045,5,1,1,1,1,251.0025,251.0025,251.0025,1.2048483095978216e-05
Orbitrap,45.188424,45.188424,6,1,1,1,1,251.0468,251.0468,251.0468,1.2048483095978216e-05
Orbitrap,45.250896,45.250896,6,1,1,1,1,377.0908,377.0908,377.0908,1.2048483095978216e-05
Orbitrap,45.264852000000005,45.264852000000005,15,1,1,1,1,377.2071,377.2071,377.2071,1.2048483095978216e-05
Orbitrap,45.326265,45.326265,6,1,1,1,1,302.1751,302.1751,302.1751,1.2048483095978216e-05
Orbitrap,45.361044,45.361044,6,1,1,1,1,252.0058,252.0058,252.0058,1.2048483095978216e-05
Orbitrap,45.383316,45.383316,6,1,1,1,1,378.1943,378.1943,378.1943,1.2048483095978216e-05
Orbitrap,45.462592,45.462592,6,1,1,1,1,284.1412,284.1412,284.1412,1.2048483095978216e-05
Orbitrap,45.52904,45.52904,5,1,1,1,1,455.2904,455.2904,455.2904,1.2048483095978216e-05
Orbitrap,45.548352,45.548352,6,1,1,1,1,253.0464,253.0464,253.0464,1.2048483095978216e-05
Orbitrap,45.608340000000005,45.608340000000005,15,1,1,1,1,304.0556,304.0556,304.0556,1.2048483095978216e-05
Orbitrap,45.610392,45.610392,6,1,1,1,1,190.0433,190.0433,190.0433,1.2048483095978216e-05
Orbitrap,45.612624,45.612624,6,1,1,1,1,285.0789,285.0789,285.0789,1.2048483095978216e-05
Orbitrap,45.61696499999999,45.61696499999999,14,1,1,1,1,304.1131,304.1131,304.1131,1.2048483095978216e-05
Orbitrap,45.62272,45.62272,5,1,1,1,1,285.142,285.142,285.142,1.2048483095978216e-05
Orbitrap,45.62860499999999,45.62860499999999,14,1,1,1,1,304.1907,304.1907,304.1907,1.2048483095978216e-05
Orbitrap,45.629964,45.629964,6,1,1,1,1,760.4994,760.4994,760.4994,1.2048483095978216e-05
Orbitrap,45.664514,45.664514,6,1,1,1,1,326.1751,326.1751,326.1751,1.2048483095978216e-05
Orbitrap,45.672564,45.672564,6,1,1,1,1,326.2326,326.2326,326.2326,1.2048483095978216e-05
Orbitrap,45.72597999999999,45.72597999999999,14,1,1,1,1,457.2598,457.2598,457.2598,1.2048483095978216e-05
Orbitrap,45.746472,45.746472,6,1,1,1,1,381.2206,381.2206,381.2206,1.2048483095978216e-05
Orbitrap,45.76794,45.76794,5,1,1,1,1,305.1196,305.1196,305.1196,1.2048483095978216e-05
Orbitrap,45.790934,45.790934,6,1,1,1,1,327.0781,327.0781,327.0781,1.2048483095978216e-05
Orbitrap,45.803842,45.803842,6,1,1,1,1,327.1703,327.1703,327.1703,1.2048483095978216e-05
Orbitrap,45.849984,45.849984,6,1,1,1,1,382.0832,382.0832,382.0832,1.2048483095978216e-05
Orbitrap,45.90866,45.90866,5,1,1,1,1,459.0866,459.0866,459.0866,1.2048483095978216e-05
Orbitrap,45.909306,45.909306,6,1,1,1,1,510.1034,510.1034,510.1034,1.2048483095978216e-05
Orbitrap,45.91221,45.91221,5,1,1,1,1,153.0407,153.0407,153.0407,1.2048483095978216e-05
Orbitrap,45.915084,45.915084,6,1,1,1,1,255.0838,255.0838,255.0838,1.2048483095978216e-05
Orbitrap,45.920304,45.920304,6,1,1,1,1,255.1128,255.1128,255.1128,1.2048483095978216e-05
Orbitrap,45.923770000000005,45.923770000000005,15,1,1,1,1,459.2377,459.2377,459.2377,1.2048483095978216e-05
Orbitrap,45.929312,45.929312,6,1,1,1,1,287.0582,287.0582,287.0582,1.2048483095978216e-05
Orbitrap,45.931374,45.931374,6,1,1,1,1,255.1743,255.1743,255.1743,1.2048483095978216e-05
Orbitrap,45.952096,45.952096,6,1,1,1,1,287.2006,287.2006,287.2006,1.2048483095978216e-05
Orbitrap,45.969132,45.969132,6,1,1,1,1,383.0761,383.0761,383.0761,1.2048483095978216e-05
Orbitrap,45.97962,45.97962,5,1,1,1,1,383.1635,383.1635,383.1635,1.2048483095978216e-05
Orbitrap,46.009472,46.009472,6,1,1,1,1,575.1184,575.1184,575.1184,1.2048483095978216e-05
Orbitrap,46.08594,46.08594,5,1,1,1,1,128.0165,128.0165,128.0165,1.2048483095978216e-05
Orbitrap,46.08948,46.08948,5,1,1,1,1,307.2632,307.2632,307.2632,1.2048483095978216e-05
Orbitrap,46.094688,46.094688,6,1,1,1,1,256.0816,256.0816,256.0816,1.2048483095978216e-05
Orbitrap,46.097676,46.097676,6,1,1,1,1,384.1473,384.1473,384.1473,1.2048483095978216e-05
Orbitrap,46.110528,46.110528,6,1,1,1,1,256.1696,256.1696,256.1696,1.2048483095978216e-05
Orbitrap,46.12052800000001,46.12052800000001,14,1,1,1,1,288.2533,288.2533,288.2533,1.2048483095978216e-05
Orbitrap,46.199388,46.199388,6,1,1,1,1,384.9949,384.9949,384.9949,1.2048483095978216e-05
Orbitrap,46.247382,46.247382,6,1,1,1,1,256.9299,256.9299,256.9299,1.2048483095978216e-05
Orbitrap,46.274592000000005,46.274592000000005,15,1,1,1,1,289.2162,289.2162,289.2162,1.2048483095978216e-05
Orbitrap,46.34541,46.34541,5,1,1,1,1,308.9694,308.9694,308.9694,1.2048483095978216e-05
Orbitrap,46.347912,46.347912,6,1,1,1,1,386.2326,386.2326,386.2326,1.2048483095978216e-05
Orbitrap,46.355685,46.355685,6,1,1,1,1,309.0379,309.0379,309.0379,1.2048483095978216e-05
Orbitrap,46.35640500000001,46.35640500000001,14,1,1,1,1,309.0427,309.0427,309.0427,1.2048483095978216e-05
Orbitrap,46.366656000000006,46.366656000000006,15,1,1,1,1,331.1904,331.1904,331.1904,1.2048483095978216e-05
Orbitrap,46.417887,46.417887,6,1,1,1,1,464.17887,464.17887,464.17887,1.2048483095978216e-05
Orbitrap,46.440324,46.440324,6,1,1,1,1,258.0018,258.0018,258.0018,1.2048483095978216e-05
Orbitrap,46.4833264,46.4833264,7,1,1,1,1,581.04158,581.04158,581.04158,1.2048483095978216e-05
Orbitrap,46.483704,46.483704,6,1,1,1,1,258.2428,258.2428,258.2428,1.2048483095978216e-05
Orbitrap,46.49967,46.49967,5,1,1,1,1,332.1405,332.1405,332.1405,1.2048483095978216e-05
Orbitrap,46.52132,46.52132,5,1,1,1,1,465.2132,465.2132,465.2132,1.2048483095978216e-05
Orbitrap,46.526415,46.526415,6,1,1,1,1,310.1761,310.1761,310.1761,1.2048483095978216e-05
Orbitrap,46.57432,46.57432,5,1,1,1,1,291.0895,291.0895,291.0895,1.2048483095978216e-05
Orbitrap,46.587252,46.587252,6,1,1,1,1,388.2271,388.2271,388.2271,1.2048483095978216e-05
Orbitrap,46.645326,46.645326,6,1,1,1,1,333.1809,333.1809,333.1809,1.2048483095978216e-05
Orbitrap,46.657008000000005,46.657008000000005,15,1,1,1,1,259.2056,259.2056,259.2056,1.2048483095978216e-05
Orbitrap,46.66164,46.66164,5,1,1,1,1,777.694,777.694,777.694,1.2048483095978216e-05
Orbitrap,46.688715,46.688715,6,1,1,1,1,311.2581,311.2581,311.2581,1.2048483095978216e-05
Orbitrap,46.73937600000001,46.73937600000001,14,1,1,1,1,292.1211,292.1211,292.1211,1.2048483095978216e-05
Orbitrap,46.75296000000001,46.75296000000001,14,1,1,1,1,292.206,292.206,292.206,1.2048483095978216e-05
Orbitrap,46.812312,46.812312,6,1,1,1,1,260.0684,260.0684,260.0684,1.2048483095978216e-05
Orbitrap,46.8231,46.8231,4,1,1,1,1,390.1925,390.1925,390.1925,1.2048483095978216e-05
Orbitrap,46.83057,46.83057,5,1,1,1,1,156.1019,156.1019,156.1019,1.2048483095978216e-05
Orbitrap,46.89741600000001,46.89741600000001,14,1,1,1,1,586.2177,586.2177,586.2177,1.2048483095978216e-05
Orbitrap,46.983618,46.983618,6,1,1,1,1,261.0201,261.0201,261.0201,1.2048483095978216e-05
Orbitrap,47.065616,47.065616,6,1,1,1,1,294.1601,294.1601,294.1601,1.2048483095978216e-05
Orbitrap,47.06740799999999,47.06740799999999,14,1,1,1,1,294.1713,294.1713,294.1713,1.2048483095978216e-05
Orbitrap,47.078127,47.078127,6,1,1,1,1,523.0903,523.0903,523.0903,1.2048483095978216e-05
Orbitrap,47.10735,47.10735,5,1,1,1,1,314.049,314.049,314.049,1.2048483095978216e-05
Orbitrap,47.10914999999999,47.10914999999999,14,1,1,1,1,314.061,314.061,314.061,1.2048483095978216e-05
Orbitrap,47.112315,47.112315,6,1,1,1,1,314.0821,314.0821,314.0821,1.2048483095978216e-05
Orbitrap,47.126265,47.126265,6,1,1,1,1,314.1751,314.1751,314.1751,1.2048483095978216e-05
Orbitrap,47.16288,47.16288,5,1,1,1,1,262.016,262.016,262.016,1.2048483095978216e-05
Orbitrap,47.175732,47.175732,6,1,1,1,1,262.0874,262.0874,262.0874,1.2048483095978216e-05
Orbitrap,47.18134800000001,47.18134800000001,14,1,1,1,1,262.1186,262.1186,262.1186,1.2048483095978216e-05
Orbitrap,47.184864000000005,47.184864000000005,15,1,1,1,1,393.2072,393.2072,393.2072,1.2048483095978216e-05
Orbitrap,47.2071632,47.2071632,7,1,1,1,1,590.08954,590.08954,590.08954,1.2048483095978216e-05
Orbitrap,47.246595,47.246595,6,1,1,1,1,314.9773,314.9773,314.9773,1.2048483095978216e-05
Orbitrap,47.260425000000005,47.260425000000005,15,1,1,1,1,315.0695,315.0695,315.0695,1.2048483095978216e-05
Orbitrap,47.281176,47.281176,6,1,1,1,1,394.0098,394.0098,394.0098,1.2048483095978216e-05
Orbitrap,47.309868,47.309868,6,1,1,1,1,394.2489,394.2489,394.2489,1.2048483095978216e-05
Orbitrap,47.343078000000006,47.343078000000006,15,1,1,1,1,263.0171,263.0171,263.0171,1.2048483095978216e-05
Orbitrap,47.349018,47.349018,6,1,1,1,1,263.0501,263.0501,263.0501,1.2048483095978216e-05
Orbitrap,47.36384,47.36384,5,1,1,1,1,296.024,296.024,296.024,1.2048483095978216e-05
Orbitrap,47.3712,47.3712,4,1,1,1,1,296.07,296.07,296.07,1.2048483095978216e-05
Orbitrap,47.37648,47.37648,5,1,1,1,1,296.103,296.103,296.103,1.2048483095978216e-05
Orbitrap,47.417868000000006,47.417868000000006,15,1,1,1,1,395.1489,395.1489,395.1489,1.2048483095978216e-05
Orbitrap,47.427948,47.427948,6,1,1,1,1,395.2329,395.2329,395.2329,1.2048483095978216e-05
Orbitrap,47.52889600000001,47.52889600000001,14,1,1,1,1,297.0556,297.0556,297.0556,1.2048483095978216e-05
Orbitrap,47.549584,47.549584,6,1,1,1,1,297.1849,297.1849,297.1849,1.2048483095978216e-05
Orbitrap,47.638788,47.638788,6,1,1,1,1,396.9899,396.9899,396.9899,1.2048483095978216e-05
Orbitrap,47.70618,47.70618,5,1,1,1,1,159.0206,159.0206,159.0206,1.2048483095978216e-05
Orbitrap,47.72303,47.72303,5,1,1,1,1,477.2303,477.2303,477.2303,1.2048483095978216e-05
Orbitrap,47.7255,47.7255,4,1,1,1,1,318.17,318.17,318.17,1.2048483095978216e-05
Orbitrap,47.72964,47.72964,5,1,1,1,1,318.1976,318.1976,318.1976,1.2048483095978216e-05
Orbitrap,47.755848,47.755848,6,1,1,1,1,341.1132,341.1132,341.1132,1.2048483095978216e-05
Orbitrap,47.769554,47.769554,6,1,1,1,1,341.2111,341.2111,341.2111,1.2048483095978216e-05
Orbitrap,47.770536,47.770536,6,1,1,1,1,398.0878,398.0878,398.0878,1.2048483095978216e-05
Orbitrap,47.880396,47.880396,6,1,1,1,1,399.0033,399.0033,399.0033,1.2048483095978216e-05
Orbitrap,47.89079399999999,47.89079399999999,14,1,1,1,1,342.0771,342.0771,342.0771,1.2048483095978216e-05
Orbitrap,47.892645,47.892645,6,1,1,1,1,319.2843,319.2843,319.2843,1.2048483095978216e-05
Orbitrap,47.897244,47.897244,6,1,1,1,1,266.0958,266.0958,266.0958,1.2048483095978216e-05
Orbitrap,47.910072,47.910072,6,1,1,1,1,399.2506,399.2506,399.2506,1.2048483095978216e-05
Orbitrap,48.01572,48.01572,5,1,1,1,1,400.131,400.131,400.131,1.2048483095978216e-05
Orbitrap,48.027406,48.027406,6,1,1,1,1,343.0529,343.0529,343.0529,1.2048483095978216e-05
Orbitrap,48.03487199999999,48.03487199999999,14,1,1,1,1,200.1453,200.1453,200.1453,1.2048483095978216e-05
Orbitrap,48.09096000000001,48.09096000000001,14,1,1,1,1,267.172,267.172,267.172,1.2048483095978216e-05
Orbitrap,48.155685,48.155685,6,1,1,1,1,321.0379,321.0379,321.0379,1.2048483095978216e-05
Orbitrap,48.16257,48.16257,5,1,1,1,1,321.0838,321.0838,321.0838,1.2048483095978216e-05
Orbitrap,48.24738000000001,48.24738000000001,14,1,1,1,1,402.0615,402.0615,402.0615,1.2048483095978216e-05
Orbitrap,48.271668,48.271668,6,1,1,1,1,402.2639,402.2639,402.2639,1.2048483095978216e-05
Orbitrap,48.333936,48.333936,6,1,1,1,1,345.2424,345.2424,345.2424,1.2048483095978216e-05
Orbitrap,48.38538,48.38538,5,1,1,1,1,403.2115,403.2115,403.2115,1.2048483095978216e-05
Orbitrap,48.420612,48.420612,6,1,1,1,1,269.0034,269.0034,269.0034,1.2048483095978216e-05
Orbitrap,48.44620200000001,48.44620200000001,14,1,1,1,1,346.0443,346.0443,346.0443,1.2048483095978216e-05
Orbitrap,48.449664000000006,48.449664000000006,15,1,1,1,1,269.1648,269.1648,269.1648,1.2048483095978216e-05
Orbitrap,48.4545,48.4545,4,1,1,1,1,323.03,323.03,323.03,1.2048483095978216e-05
Orbitrap,48.463575000000006,48.463575000000006,15,1,1,1,1,323.0905,323.0905,323.0905,1.2048483095978216e-05
Orbitrap,48.47947500000001,48.47947500000001,14,1,1,1,1,323.1965,323.1965,323.1965,1.2048483095978216e-05
Orbitrap,48.48675599999999,48.48675599999999,14,1,1,1,1,606.08445,606.08445,606.08445,1.2048483095978216e-05
Orbitrap,48.500712,48.500712,6,1,1,1,1,202.0863,202.0863,202.0863,1.2048483095978216e-05
Orbitrap,48.516075,48.516075,6,1,1,1,1,539.0675,539.0675,539.0675,1.2048483095978216e-05
Orbitrap,48.590728000000006,48.590728000000006,15,1,1,1,1,607.3841,607.3841,607.3841,1.2048483095978216e-05
Orbitrap,48.596160000000005,48.596160000000005,15,1,1,1,1,161.9872,161.9872,161.9872,1.2048483095978216e-05
Orbitrap,48.597318,48.597318,6,1,1,1,1,539.9702,539.9702,539.9702,1.2048483095978216e-05
Orbitrap,48.5982,48.5982,4,1,1,1,1,323.988,323.988,323.988,1.2048483095978216e-05
Orbitrap,48.631632,48.631632,6,1,1,1,1,405.2636,405.2636,405.2636,1.2048483095978216e-05
Orbitrap,48.68216,48.68216,5,1,1,1,1,304.2635,304.2635,304.2635,1.2048483095978216e-05
Orbitrap,48.7269,48.7269,4,1,1,1,1,487.269,487.269,487.269,1.2048483095978216e-05
Orbitrap,48.790818,48.790818,6,1,1,1,1,271.0601,271.0601,271.0601,1.2048483095978216e-05
Orbitrap,48.79710000000001,48.79710000000001,14,1,1,1,1,271.095,271.095,271.095,1.2048483095978216e-05
Orbitrap,48.797208,48.797208,6,1,1,1,1,271.0956,271.0956,271.0956,1.2048483095978216e-05
Orbitrap,48.810474,48.810474,6,1,1,1,1,271.1693,271.1693,271.1693,1.2048483095978216e-05
Orbitrap,48.817328,48.817328,6,1,1,1,1,305.1083,305.1083,305.1083,1.2048483095978216e-05
Orbitrap,48.886002000000005,48.886002000000005,15,1,1,1,1,543.1778,543.1778,543.1778,1.2048483095978216e-05
Orbitrap,48.9042,48.9042,4,1,1,1,1,326.028,326.028,326.028,1.2048483095978216e-05
Orbitrap,48.912315,48.912315,6,1,1,1,1,326.0821,326.0821,326.0821,1.2048483095978216e-05
Orbitrap,48.980336,48.980336,6,1,1,1,1,306.1271,306.1271,306.1271,1.2048483095978216e-05
Orbitrap,48.98772,48.98772,5,1,1,1,1,272.154,272.154,272.154,1.2048483095978216e-05
Orbitrap,49.016366,49.016366,6,1,1,1,1,350.1169,350.1169,350.1169,1.2048483095978216e-05
Orbitrap,49.09644,49.09644,5,1,1,1,1,409.137,409.137,409.137,1.2048483095978216e-05
Orbitrap,49.13780800000001,49.13780800000001,14,1,1,1,1,307.1113,307.1113,307.1113,1.2048483095978216e-05
Orbitrap,49.20921,49.20921,5,1,1,1,1,328.0614,328.0614,328.0614,1.2048483095978216e-05
Orbitrap,49.21467,49.21467,5,1,1,1,1,328.0978,328.0978,328.0978,1.2048483095978216e-05
Orbitrap,49.229256,49.229256,6,1,1,1,1,410.2438,410.2438,410.2438,1.2048483095978216e-05
Orbitrap,49.28064,49.28064,5,1,1,1,1,308.004,308.004,308.004,1.2048483095978216e-05
Orbitrap,49.319988,49.319988,6,1,1,1,1,410.9999,410.9999,410.9999,1.2048483095978216e-05
Orbitrap,49.325958,49.325958,6,1,1,1,1,274.0331,274.0331,274.0331,1.2048483095978216e-05
Orbitrap,49.331628,49.331628,6,1,1,1,1,411.0969,411.0969,411.0969,1.2048483095978216e-05
Orbitrap,49.33428,49.33428,5,1,1,1,1,328.8952,328.8952,328.8952,1.2048483095978216e-05
Orbitrap,49.343376,49.343376,6,1,1,1,1,411.1948,411.1948,411.1948,1.2048483095978216e-05
Orbitrap,49.343736,49.343736,6,1,1,1,1,411.1978,411.1978,411.1978,1.2048483095978216e-05
Orbitrap,49.346292,49.346292,6,1,1,1,1,411.2191,411.2191,411.2191,1.2048483095978216e-05
Orbitrap,49.391985,49.391985,6,1,1,1,1,329.2799,329.2799,329.2799,1.2048483095978216e-05
Orbitrap,49.457936,49.457936,6,1,1,1,1,309.1121,309.1121,309.1121,1.2048483095978216e-05
Orbitrap,49.506444,49.506444,6,1,1,1,1,275.0358,275.0358,275.0358,1.2048483095978216e-05
Orbitrap,49.508895,49.508895,6,1,1,1,1,330.0593,330.0593,330.0593,1.2048483095978216e-05
Orbitrap,49.512816,49.512816,6,1,1,1,1,275.0712,275.0712,275.0712,1.2048483095978216e-05
Orbitrap,49.52025,49.52025,5,1,1,1,1,275.1125,275.1125,275.1125,1.2048483095978216e-05
Orbitrap,49.655985,49.655985,6,1,1,1,1,331.0399,331.0399,331.0399,1.2048483095978216e-05
Orbitrap,49.691376,49.691376,6,1,1,1,1,276.0632,276.0632,276.0632,1.2048483095978216e-05
Orbitrap,49.79209600000001,49.79209600000001,14,1,1,1,1,311.2006,311.2006,311.2006,1.2048483095978216e-05
Orbitrap,49.8162,49.8162,4,1,1,1,1,332.108,332.108,332.108,1.2048483095978216e-05
Orbitrap,49.82807999999999,49.82807999999999,14,1,1,1,1,415.234,415.234,415.234,1.2048483095978216e-05
Orbitrap,49.93064,49.93064,5,1,1,1,1,312.0665,312.0665,312.0665,1.2048483095978216e-05
Orbitrap,49.935312,49.935312,6,1,1,1,1,208.0638,208.0638,208.0638,1.2048483095978216e-05
Orbitrap,49.938984000000005,49.938984000000005,15,1,1,1,1,208.0791,208.0791,208.0791,1.2048483095978216e-05
Orbitrap,49.94151,49.94151,5,1,1,1,1,332.9434,332.9434,332.9434,1.2048483095978216e-05
Orbitrap,49.997738000000005,49.997738000000005,15,1,1,1,1,357.1267,357.1267,357.1267,1.2048483095978216e-05
Orbitrap,50.067264,50.067264,6,1,1,1,1,417.2272,417.2272,417.2272,1.2048483095978216e-05
Orbitrap,50.114592,50.114592,6,1,1,1,1,313.2162,313.2162,313.2162,1.2048483095978216e-05
Orbitrap,50.120235,50.120235,6,1,1,1,1,334.1349,334.1349,334.1349,1.2048483095978216e-05
Orbitrap,50.125215,50.125215,6,1,1,1,1,334.1681,334.1681,334.1681,1.2048483095978216e-05
Orbitrap,50.131774,50.131774,6,1,1,1,1,358.0841,358.0841,358.0841,1.2048483095978216e-05
Orbitrap,50.15327800000001,50.15327800000001,14,1,1,1,1,358.2377,358.2377,358.2377,1.2048483095978216e-05
Orbitrap,50.174328,50.174328,6,1,1,1,1,209.0597,209.0597,209.0597,1.2048483095978216e-05
Orbitrap,50.19084,50.19084,5,1,1,1,1,209.1285,209.1285,209.1285,1.2048483095978216e-05
Orbitrap,50.191056,50.191056,6,1,1,1,1,418.2588,418.2588,418.2588,1.2048483095978216e-05
Orbitrap,50.224914000000005,50.224914000000005,15,1,1,1,1,279.0273,279.0273,279.0273,1.2048483095978216e-05
Orbitrap,50.256752,50.256752,6,1,1,1,1,358.9768,358.9768,358.9768,1.2048483095978216e-05
Orbitrap,50.32276,50.32276,5,1,1,1,1,503.2276,503.2276,503.2276,1.2048483095978216e-05
Orbitrap,50.42191,50.42191,5,1,1,1,1,360.1565,360.1565,360.1565,1.2048483095978216e-05
Orbitrap,50.42439,50.42439,5,1,1,1,1,420.20325,420.20325,420.20325,1.2048483095978216e-05
Orbitrap,50.556814,50.556814,6,1,1,1,1,361.1201,361.1201,361.1201,1.2048483095978216e-05
Orbitrap,50.559516,50.559516,6,1,1,1,1,361.1394,361.1394,361.1394,1.2048483095978216e-05
Orbitrap,50.565552,50.565552,6,1,1,1,1,316.0347,316.0347,316.0347,1.2048483095978216e-05
Orbitrap,50.652012,50.652012,6,1,1,1,1,422.1001,422.1001,422.1001,1.2048483095978216e-05
Orbitrap,50.66628359999999,50.66628359999999,14,1,1,1,1,422.21903,422.21903,422.21903,1.2048483095978216e-05
Orbitrap,50.72278,50.72278,5,1,1,1,1,507.2278,507.2278,507.2278,1.2048483095978216e-05
Orbitrap,50.76385200000001,50.76385200000001,14,1,1,1,1,282.0214,282.0214,282.0214,1.2048483095978216e-05
Orbitrap,50.77603799999999,50.77603799999999,14,1,1,1,1,282.0891,282.0891,282.0891,1.2048483095978216e-05
Orbitrap,50.776614,50.776614,6,1,1,1,1,282.0923,282.0923,282.0923,1.2048483095978216e-05
Orbitrap,50.7815478,50.7815478,7,1,1,1,1,282.11971,282.11971,282.11971,1.2048483095978216e-05
Orbitrap,50.786064,50.786064,6,1,1,1,1,282.1448,282.1448,282.1448,1.2048483095978216e-05
Orbitrap,50.810238000000005,50.810238000000005,15,1,1,1,1,282.2791,282.2791,282.2791,1.2048483095978216e-05
Orbitrap,50.879325,50.879325,6,1,1,1,1,339.1955,339.1955,339.1955,1.2048483095978216e-05
Orbitrap,50.88208,50.88208,5,1,1,1,1,318.013,318.013,318.013,1.2048483095978216e-05
Orbitrap,50.92990199999999,50.92990199999999,14,1,1,1,1,282.9439,282.9439,282.9439,1.2048483095978216e-05
Orbitrap,51.004035,51.004035,6,1,1,1,1,340.0269,340.0269,340.0269,1.2048483095978216e-05
Orbitrap,51.0435,51.0435,4,1,1,1,1,425.3625,425.3625,425.3625,1.2048483095978216e-05
Orbitrap,51.066048,51.066048,6,1,1,1,1,319.1628,319.1628,319.1628,1.2048483095978216e-05
Orbitrap,51.120286,51.120286,6,1,1,1,1,365.1449,365.1449,365.1449,1.2048483095978216e-05
Orbitrap,51.124188,51.124188,6,1,1,1,1,426.0349,426.0349,426.0349,1.2048483095978216e-05
Orbitrap,51.133664,51.133664,6,1,1,1,1,639.1708,639.1708,639.1708,1.2048483095978216e-05
Orbitrap,51.141996000000006,51.141996000000006,15,1,1,1,1,142.0611,142.0611,142.0611,1.2048483095978216e-05
Orbitrap,51.160785,51.160785,6,1,1,1,1,341.0719,341.0719,341.0719,1.2048483095978216e-05
Orbitrap,51.22248,51.22248,5,1,1,1,1,320.1405,320.1405,320.1405,1.2048483095978216e-05
Orbitrap,51.322212,51.322212,6,1,1,1,1,285.1234,285.1234,285.1234,1.2048483095978216e-05
Orbitrap,51.32556,51.32556,5,1,1,1,1,285.142,285.142,285.142,1.2048483095978216e-05
Orbitrap,51.367128,51.367128,6,1,1,1,1,214.0297,214.0297,214.0297,1.2048483095978216e-05
Orbitrap,51.447165,51.447165,6,1,1,1,1,342.9811,342.9811,342.9811,1.2048483095978216e-05
Orbitrap,51.485958,51.485958,6,1,1,1,1,286.0331,286.0331,286.0331,1.2048483095978216e-05
Orbitrap,51.530608,51.530608,6,1,1,1,1,322.0663,322.0663,322.0663,1.2048483095978216e-05
Orbitrap,51.543008,51.543008,6,1,1,1,1,322.1438,322.1438,322.1438,1.2048483095978216e-05
Orbitrap,51.61743,51.61743,5,1,1,1,1,344.1162,344.1162,344.1162,1.2048483095978216e-05
Orbitrap,51.68248,51.68248,5,1,1,1,1,646.031,646.031,646.031,1.2048483095978216e-05
Orbitrap,51.696108,51.696108,6,1,1,1,1,287.2006,287.2006,287.2006,1.2048483095978216e-05
Orbitrap,51.749136,51.749136,6,1,1,1,1,431.2428,431.2428,431.2428,1.2048483095978216e-05
Orbitrap,51.80680400000001,51.80680400000001,14,1,1,1,1,370.0486,370.0486,370.0486,1.2048483095978216e-05
Orbitrap,51.83327800000001,51.83327800000001,14,1,1,1,1,370.2377,370.2377,370.2377,1.2048483095978216e-05
Orbitrap,51.84878400000001,51.84878400000001,14,1,1,1,1,288.0488,288.0488,288.0488,1.2048483095978216e-05
Orbitrap,51.878256,51.878256,6,1,1,1,1,216.1594,216.1594,216.1594,1.2048483095978216e-05
Orbitrap,51.885594000000005,51.885594000000005,15,1,1,1,1,288.2533,288.2533,288.2533,1.2048483095978216e-05
Orbitrap,51.90801,51.90801,5,1,1,1,1,173.0267,173.0267,173.0267,1.2048483095978216e-05
Orbitrap,51.91854,51.91854,5,1,1,1,1,346.1236,346.1236,346.1236,1.2048483095978216e-05
Orbitrap,52.03839599999999,52.03839599999999,14,1,1,1,1,289.1022,289.1022,289.1022,1.2048483095978216e-05
Orbitrap,52.058916,52.058916,6,1,1,1,1,289.2162,289.2162,289.2162,1.2048483095978216e-05
Orbitrap,52.081992,52.081992,6,1,1,1,1,217.0083,217.0083,217.0083,1.2048483095978216e-05
Orbitrap,52.098648,52.098648,6,1,1,1,1,217.0777,217.0777,217.0777,1.2048483095978216e-05
Orbitrap,52.11250799999999,52.11250799999999,14,1,1,1,1,372.2322,372.2322,372.2322,1.2048483095978216e-05
Orbitrap,52.1775408,52.1775408,7,1,1,1,1,326.10963,326.10963,326.10963,1.2048483095978216e-05
Orbitrap,52.188016,52.188016,6,1,1,1,1,326.1751,326.1751,326.1751,1.2048483095978216e-05
Orbitrap,52.197216,52.197216,6,1,1,1,1,326.2326,326.2326,326.2326,1.2048483095978216e-05
Orbitrap,52.205808000000005,52.205808000000005,15,1,1,1,1,435.0484,435.0484,435.0484,1.2048483095978216e-05
Orbitrap,52.226124,52.226124,6,1,1,1,1,435.2177,435.2177,435.2177,1.2048483095978216e-05
Orbitrap,52.2599,52.2599,4,1,1,1,1,373.285,373.285,373.285,1.2048483095978216e-05
Orbitrap,52.32118500000001,52.32118500000001,14,1,1,1,1,249.1485,249.1485,249.1485,1.2048483095978216e-05
Orbitrap,52.332496,52.332496,6,1,1,1,1,327.0781,327.0781,327.0781,1.2048483095978216e-05
Orbitrap,52.343748,52.343748,6,1,1,1,1,436.1979,436.1979,436.1979,1.2048483095978216e-05
Orbitrap,52.347248,52.347248,6,1,1,1,1,327.1703,327.1703,327.1703,1.2048483095978216e-05
Orbitrap,52.349784,52.349784,6,1,1,1,1,436.2482,436.2482,436.2482,1.2048483095978216e-05
Orbitrap,52.37307599999999,52.37307599999999,14,1,1,1,1,374.0934,374.0934,374.0934,1.2048483095978216e-05
Orbitrap,52.385526000000006,52.385526000000006,15,1,1,1,1,291.0307,291.0307,291.0307,1.2048483095978216e-05
Orbitrap,52.392942000000005,52.392942000000005,15,1,1,1,1,291.0719,291.0719,291.0719,1.2048483095978216e-05
Orbitrap,52.463508,52.463508,6,1,1,1,1,437.1959,437.1959,437.1959,1.2048483095978216e-05
Orbitrap,52.468284,52.468284,6,1,0,1,0,437.2357,437.2357,437.2357,1.2048483095978216e-05
Orbitrap,52.55055,52.55055,5,1,1,1,1,291.9475,291.9475,291.9475,1.2048483095978216e-05
Orbitrap,52.568208,52.568208,6,1,1,1,1,146.0228,146.0228,146.0228,1.2048483095978216e-05
Orbitrap,52.582800000000006,52.582800000000006,15,1,1,1,1,219.095,219.095,219.095,1.2048483095978216e-05
Orbitrap,52.5856608,52.5856608,7,1,1,1,1,438.21384,438.21384,438.21384,1.2048483095978216e-05
Orbitrap,52.59708,52.59708,5,1,1,1,1,292.206,292.206,292.206,1.2048483095978216e-05
Orbitrap,52.685064,52.685064,6,1,1,1,1,439.0422,439.0422,439.0422,1.2048483095978216e-05
Orbitrap,52.72276,52.72276,5,1,1,1,1,527.2276,527.2276,527.2276,1.2048483095978216e-05
Orbitrap,52.74178200000001,52.74178200000001,14,1,1,1,1,293.0099,293.0099,293.0099,1.2048483095978216e-05
Orbitrap,52.752942,52.752942,6,1,1,1,1,293.0719,293.0719,293.0719,1.2048483095978216e-05
Orbitrap,52.757622,52.757622,6,1,1,1,1,293.0979,293.0979,293.0979,1.2048483095978216e-05
Orbitrap,52.761096,52.761096,6,1,1,1,1,293.1172,293.1172,293.1172,1.2048483095978216e-05
Orbitrap,52.792712,52.792712,6,1,1,1,1,377.0908,377.0908,377.0908,1.2048483095978216e-05
Orbitrap,52.808994000000006,52.808994000000006,15,1,1,1,1,377.2071,377.2071,377.2071,1.2048483095978216e-05
Orbitrap,52.92697,52.92697,5,1,1,1,1,529.2697,529.2697,529.2697,1.2048483095978216e-05
Orbitrap,52.93807199999999,52.93807199999999,14,1,1,1,1,294.1004,294.1004,294.1004,1.2048483095978216e-05
Orbitrap,52.948818,52.948818,6,1,1,1,1,294.1601,294.1601,294.1601,1.2048483095978216e-05
Orbitrap,52.95083399999999,52.95083399999999,14,1,1,1,1,294.1713,294.1713,294.1713,1.2048483095978216e-05
Orbitrap,52.990464,52.990464,6,1,1,1,1,331.1904,331.1904,331.1904,1.2048483095978216e-05
Orbitrap,53.02465,53.02465,5,1,1,1,1,530.2465,530.2465,530.2465,1.2048483095978216e-05
Orbitrap,53.107200000000006,53.107200000000006,15,1,1,1,1,295.04,295.04,295.04,1.2048483095978216e-05
Orbitrap,53.14248,53.14248,5,1,1,1,1,332.1405,332.1405,332.1405,1.2048483095978216e-05
Orbitrap,53.25771,53.25771,5,1,1,1,1,355.0514,355.0514,355.0514,1.2048483095978216e-05
Orbitrap,53.258445,53.258445,6,1,1,1,1,355.0563,355.0563,355.0563,1.2048483095978216e-05
Orbitrap,53.29854,53.29854,5,1,1,1,1,296.103,296.103,296.103,1.2048483095978216e-05
Orbitrap,53.308944,53.308944,6,1,1,1,1,333.1809,333.1809,333.1809,1.2048483095978216e-05
Orbitrap,53.309688,53.309688,6,1,1,1,1,222.1237,222.1237,222.1237,1.2048483095978216e-05
Orbitrap,53.421576,53.421576,6,1,1,1,1,445.1798,445.1798,445.1798,1.2048483095978216e-05
Orbitrap,53.470008,53.470008,6,1,1,1,1,297.0556,297.0556,297.0556,1.2048483095978216e-05
Orbitrap,53.48428200000001,53.48428200000001,14,1,1,1,1,594.2698,594.2698,594.2698,1.2048483095978216e-05
Orbitrap,53.49164799999999,53.49164799999999,14,1,1,1,1,382.0832,382.0832,382.0832,1.2048483095978216e-05
Orbitrap,53.661672,53.661672,6,1,1,1,1,298.1204,298.1204,298.1204,1.2048483095978216e-05
Orbitrap,53.767896,53.767896,6,1,1,1,1,224.0329,224.0329,224.0329,1.2048483095978216e-05
Orbitrap,53.78076,53.78076,5,1,1,1,1,448.173,448.173,448.173,1.2048483095978216e-05
Orbitrap,53.83105199999999,53.83105199999999,14,1,1,1,1,299.0614,299.0614,299.0614,1.2048483095978216e-05
Orbitrap,53.845020000000005,53.845020000000005,15,1,1,1,1,299.139,299.139,299.139,1.2048483095978216e-05
Orbitrap,53.9001492,53.9001492,7,1,1,1,1,449.16791,449.16791,449.16791,1.2048483095978216e-05
Orbitrap,53.90973,53.90973,5,1,1,1,1,539.0973,539.0973,539.0973,1.2048483095978216e-05
Orbitrap,54.008172,54.008172,6,1,1,1,1,300.0454,300.0454,300.0454,1.2048483095978216e-05
Orbitrap,54.013716,54.013716,6,1,1,1,1,300.0762,300.0762,300.0762,1.2048483095978216e-05
Orbitrap,54.023832,54.023832,6,1,1,1,1,150.0662,150.0662,150.0662,1.2048483095978216e-05
Orbitrap,54.03057,54.03057,5,1,1,1,1,180.1019,180.1019,180.1019,1.2048483095978216e-05
Orbitrap,54.032304,54.032304,6,1,1,1,1,225.1346,225.1346,225.1346,1.2048483095978216e-05
Orbitrap,54.14475,54.14475,5,1,1,1,1,360.965,360.965,360.965,1.2048483095978216e-05
Orbitrap,54.158055,54.158055,6,1,1,1,1,361.0537,361.0537,361.0537,1.2048483095978216e-05
Orbitrap,54.261504,54.261504,6,1,1,1,1,226.0896,226.0896,226.0896,1.2048483095978216e-05
Orbitrap,54.31286,54.31286,5,1,1,1,1,543.1286,543.1286,543.1286,1.2048483095978216e-05
Orbitrap,54.31899,54.31899,5,1,1,1,1,362.1266,362.1266,362.1266,1.2048483095978216e-05
Orbitrap,54.391518,54.391518,6,1,1,1,1,302.1751,302.1751,302.1751,1.2048483095978216e-05
Orbitrap,54.453255000000006,54.453255000000006,15,1,1,1,1,363.0217,363.0217,363.0217,1.2048483095978216e-05
Orbitrap,54.482764,54.482764,6,1,1,1,1,389.1626,389.1626,389.1626,1.2048483095978216e-05
Orbitrap,54.593776,54.593776,6,1,1,1,1,341.2111,341.2111,341.2111,1.2048483095978216e-05
Orbitrap,54.61419,54.61419,5,1,1,1,1,364.0946,364.0946,364.0946,1.2048483095978216e-05
Orbitrap,54.615176,54.615176,6,1,1,1,1,390.1084,390.1084,390.1084,1.2048483095978216e-05
Orbitrap,54.730008000000005,54.730008000000005,15,1,1,1,1,304.0556,304.0556,304.0556,1.2048483095978216e-05
Orbitrap,54.732336,54.732336,6,1,1,1,1,342.0771,342.0771,342.0771,1.2048483095978216e-05
Orbitrap,54.74035799999999,54.74035799999999,14,1,1,1,1,304.1131,304.1131,304.1131,1.2048483095978216e-05
Orbitrap,54.754326,54.754326,6,1,1,1,1,304.1907,304.1907,304.1907,1.2048483095978216e-05
Orbitrap,54.771735,54.771735,6,1,1,1,1,365.1449,365.1449,365.1449,1.2048483095978216e-05
Orbitrap,54.77841600000001,54.77841600000001,14,1,1,1,1,228.2434,228.2434,228.2434,1.2048483095978216e-05
Orbitrap,54.871176,54.871176,6,1,1,1,1,457.2598,457.2598,457.2598,1.2048483095978216e-05
Orbitrap,54.888464000000006,54.888464000000006,15,1,1,1,1,343.0529,343.0529,343.0529,1.2048483095978216e-05
Orbitrap,54.921528,54.921528,6,1,1,1,1,305.1196,305.1196,305.1196,1.2048483095978216e-05
Orbitrap,55.049330000000005,55.049330000000005,15,1,0,1,0,393.2095,393.2095,393.2095,1.2048483095978216e-05
Orbitrap,55.072965,55.072965,6,1,1,1,1,367.1531,367.1531,367.1531,1.2048483095978216e-05
Orbitrap,55.090392,55.090392,6,1,1,1,1,459.0866,459.0866,459.0866,1.2048483095978216e-05
Orbitrap,55.094652,55.094652,6,1,1,1,1,153.0407,153.0407,153.0407,1.2048483095978216e-05
Orbitrap,55.102878,55.102878,6,1,1,1,1,306.1271,306.1271,306.1271,1.2048483095978216e-05
Orbitrap,55.108524,55.108524,6,1,1,1,1,459.2377,459.2377,459.2377,1.2048483095978216e-05
Orbitrap,55.238784,55.238784,6,1,1,1,1,345.2424,345.2424,345.2424,1.2048483095978216e-05
Orbitrap,55.307376,55.307376,6,1,1,1,1,307.2632,307.2632,307.2632,1.2048483095978216e-05
Orbitrap,55.367088,55.367088,6,1,1,1,1,346.0443,346.0443,346.0443,1.2048483095978216e-05
Orbitrap,55.44072,55.44072,5,1,1,1,1,308.004,308.004,308.004,1.2048483095978216e-05
Orbitrap,55.47580800000001,55.47580800000001,14,1,1,1,1,231.1492,231.1492,231.1492,1.2048483095978216e-05
Orbitrap,55.614492,55.614492,6,1,1,1,1,308.9694,308.9694,308.9694,1.2048483095978216e-05
Orbitrap,55.62682199999999,55.62682199999999,14,1,1,1,1,309.0379,309.0379,309.0379,1.2048483095978216e-05
Orbitrap,55.627686,55.627686,6,1,1,1,1,309.0427,309.0427,309.0427,1.2048483095978216e-05
Orbitrap,55.640178,55.640178,6,1,1,1,1,309.1121,309.1121,309.1121,1.2048483095978216e-05
Orbitrap,55.66263000000001,55.66263000000001,14,1,1,1,1,371.0842,371.0842,371.0842,1.2048483095978216e-05
Orbitrap,55.701464400000006,55.701464400000006,15,1,1,1,1,464.17887,464.17887,464.17887,1.2048483095978216e-05
Orbitrap,55.707348,55.707348,6,1,1,1,1,464.2279,464.2279,464.2279,1.2048483095978216e-05
Orbitrap,55.813872,55.813872,6,1,1,1,1,465.1156,465.1156,465.1156,1.2048483095978216e-05
Orbitrap,55.82409,55.82409,5,1,1,1,1,372.1606,372.1606,372.1606,1.2048483095978216e-05
Orbitrap,55.82558399999999,55.82558399999999,14,1,1,1,1,465.2132,465.2132,465.2132,1.2048483095978216e-05
Orbitrap,55.831698,55.831698,6,1,1,1,1,310.1761,310.1761,310.1761,1.2048483095978216e-05
Orbitrap,55.941504,55.941504,6,1,1,1,1,233.0896,233.0896,233.0896,1.2048483095978216e-05
Orbitrap,56.016108,56.016108,6,1,1,1,1,311.2006,311.2006,311.2006,1.2048483095978216e-05
Orbitrap,56.018704,56.018704,6,1,1,1,1,350.1169,350.1169,350.1169,1.2048483095978216e-05
Orbitrap,56.026458,56.026458,6,1,1,1,1,311.2581,311.2581,311.2581,1.2048483095978216e-05
Orbitrap,56.086176,56.086176,6,1,1,1,1,295.1904,295.1904,295.1904,1.2048483095978216e-05
Orbitrap,56.11391,56.11391,5,1,1,1,1,561.1391,561.1391,561.1391,1.2048483095978216e-05
Orbitrap,56.11400999999999,56.11400999999999,14,1,1,1,1,374.0934,374.0934,374.0934,1.2048483095978216e-05
Orbitrap,56.17197,56.17197,5,1,1,1,1,312.0665,312.0665,312.0665,1.2048483095978216e-05
Orbitrap,56.196684,56.196684,6,1,1,1,1,156.1019,156.1019,156.1019,1.2048483095978216e-05
Orbitrap,56.26172999999999,56.26172999999999,14,1,1,1,1,375.0782,375.0782,375.0782,1.2048483095978216e-05
Orbitrap,56.378916,56.378916,6,1,1,1,1,313.2162,313.2162,313.2162,1.2048483095978216e-05
Orbitrap,56.399856,56.399856,6,1,1,1,1,234.9994,234.9994,234.9994,1.2048483095978216e-05
Orbitrap,56.52881999999999,56.52881999999999,14,1,1,1,1,314.049,314.049,314.049,1.2048483095978216e-05
Orbitrap,56.53097999999999,56.53097999999999,14,1,1,1,1,314.061,314.061,314.061,1.2048483095978216e-05
Orbitrap,56.534778,56.534778,6,1,1,1,1,314.0821,314.0821,314.0821,1.2048483095978216e-05
Orbitrap,56.551518,56.551518,6,1,1,1,1,314.1751,314.1751,314.1751,1.2048483095978216e-05
Orbitrap,56.577374,56.577374,6,1,1,1,1,404.1241,404.1241,404.1241,1.2048483095978216e-05
Orbitrap,56.695914,56.695914,6,1,1,1,1,314.9773,314.9773,314.9773,1.2048483095978216e-05
Orbitrap,56.71251,56.71251,5,1,1,1,1,315.0695,315.0695,315.0695,1.2048483095978216e-05
Orbitrap,56.729145,56.729145,6,1,1,1,1,378.1943,378.1943,378.1943,1.2048483095978216e-05
Orbitrap,56.731808,56.731808,6,1,1,1,1,405.2272,405.2272,405.2272,1.2048483095978216e-05
Orbitrap,56.879544,56.879544,6,1,1,1,1,236.9981,236.9981,236.9981,1.2048483095978216e-05
Orbitrap,56.886246,56.886246,6,1,1,1,1,316.0347,316.0347,316.0347,1.2048483095978216e-05
Orbitrap,57.01299,57.01299,5,1,1,1,1,190.0433,190.0433,190.0433,1.2048483095978216e-05
Orbitrap,57.140136,57.140136,6,1,1,1,1,238.0839,238.0839,238.0839,1.2048483095978216e-05
Orbitrap,57.140272,57.140272,6,1,1,1,1,357.1267,357.1267,357.1267,1.2048483095978216e-05
Orbitrap,57.145776000000005,57.145776000000005,15,1,1,1,1,238.1074,238.1074,238.1074,1.2048483095978216e-05
Orbitrap,57.18309,57.18309,5,1,1,1,1,381.2206,381.2206,381.2206,1.2048483095978216e-05
Orbitrap,57.24234,57.24234,5,1,1,1,1,318.013,318.013,318.013,1.2048483095978216e-05
Orbitrap,57.247416,57.247416,6,1,1,1,1,159.0206,159.0206,159.0206,1.2048483095978216e-05
Orbitrap,57.267636,57.267636,6,1,1,1,1,477.2303,477.2303,477.2303,1.2048483095978216e-05
Orbitrap,57.27060000000001,57.27060000000001,14,1,1,1,1,318.17,318.17,318.17,1.2048483095978216e-05
Orbitrap,57.27556800000001,57.27556800000001,14,1,1,1,1,318.1976,318.1976,318.1976,1.2048483095978216e-05
Orbitrap,57.27918,57.27918,5,1,1,1,1,409.137,409.137,409.137,1.2048483095978216e-05
Orbitrap,57.293456,57.293456,6,1,1,1,1,358.0841,358.0841,358.0841,1.2048483095978216e-05
Orbitrap,57.31803200000001,57.31803200000001,14,1,1,1,1,358.2377,358.2377,358.2377,1.2048483095978216e-05
Orbitrap,57.354384,57.354384,6,1,1,1,1,238.9766,238.9766,238.9766,1.2048483095978216e-05
Orbitrap,57.436288,57.436288,6,1,1,1,1,358.9768,358.9768,358.9768,1.2048483095978216e-05
Orbitrap,57.449304000000005,57.449304000000005,15,1,1,1,1,319.1628,319.1628,319.1628,1.2048483095978216e-05
Orbitrap,57.474525,57.474525,6,1,1,1,1,383.1635,383.1635,383.1635,1.2048483095978216e-05
Orbitrap,57.51184,57.51184,5,1,1,1,1,575.1184,575.1184,575.1184,1.2048483095978216e-05
Orbitrap,57.555134,57.555134,6,1,1,1,1,411.1081,411.1081,411.1081,1.2048483095978216e-05
Orbitrap,57.570674,57.570674,6,1,1,1,1,411.2191,411.2191,411.2191,1.2048483095978216e-05
Orbitrap,57.622095,57.622095,6,1,1,1,1,384.1473,384.1473,384.1473,1.2048483095978216e-05
Orbitrap,57.62504,57.62504,5,1,1,1,1,360.1565,360.1565,360.1565,1.2048483095978216e-05
Orbitrap,57.633192,57.633192,6,1,1,1,1,240.1383,240.1383,240.1383,1.2048483095978216e-05
Orbitrap,57.74923499999999,57.74923499999999,14,1,1,1,1,384.9949,384.9949,384.9949,1.2048483095978216e-05
Orbitrap,57.779216,57.779216,6,1,1,1,1,361.1201,361.1201,361.1201,1.2048483095978216e-05
Orbitrap,57.782304,57.782304,6,1,1,1,1,361.1394,361.1394,361.1394,1.2048483095978216e-05
Orbitrap,57.786822,57.786822,6,1,1,1,1,321.0379,321.0379,321.0379,1.2048483095978216e-05
Orbitrap,57.795084,57.795084,6,1,1,1,1,321.0838,321.0838,321.0838,1.2048483095978216e-05
Orbitrap,57.836758,57.836758,6,1,1,1,1,413.1197,413.1197,413.1197,1.2048483095978216e-05
Orbitrap,57.847056,57.847056,6,1,1,1,1,241.0294,241.0294,241.0294,1.2048483095978216e-05
Orbitrap,57.87108,57.87108,5,1,1,1,1,241.1295,241.1295,241.1295,1.2048483095978216e-05
Orbitrap,57.971934000000005,57.971934000000005,15,1,1,1,1,322.0663,322.0663,322.0663,1.2048483095978216e-05
Orbitrap,57.985884,57.985884,6,1,1,1,1,322.1438,322.1438,322.1438,1.2048483095978216e-05
Orbitrap,58.099062,58.099062,6,1,1,1,1,414.9933,414.9933,414.9933,1.2048483095978216e-05
Orbitrap,58.10028,58.10028,5,1,1,1,1,242.0845,242.0845,242.0845,1.2048483095978216e-05
Orbitrap,58.1454,58.1454,4,1,1,1,1,323.03,323.03,323.03,1.2048483095978216e-05
Orbitrap,58.15629,58.15629,5,1,1,1,1,323.0905,323.0905,323.0905,1.2048483095978216e-05
Orbitrap,58.17537,58.17537,5,1,1,1,1,323.1965,323.1965,323.1965,1.2048483095978216e-05
Orbitrap,58.32817199999999,58.32817199999999,14,1,1,1,1,324.0454,324.0454,324.0454,1.2048483095978216e-05
Orbitrap,58.411808,58.411808,6,1,1,1,1,417.2272,417.2272,417.2272,1.2048483095978216e-05
Orbitrap,58.423184,58.423184,6,1,1,1,1,365.1449,365.1449,365.1449,1.2048483095978216e-05
Orbitrap,58.47228,58.47228,5,1,1,1,1,487.269,487.269,487.269,1.2048483095978216e-05
Orbitrap,58.621770000000005,58.621770000000005,15,1,1,1,1,586.2177,586.2177,586.2177,1.2048483095978216e-05
Orbitrap,58.68504,58.68504,5,1,1,1,1,326.028,326.028,326.028,1.2048483095978216e-05
Orbitrap,58.69477800000001,58.69477800000001,14,1,1,1,1,326.0821,326.0821,326.0821,1.2048483095978216e-05
Orbitrap,58.6997334,58.6997334,7,1,1,1,1,326.10963,326.10963,326.10963,1.2048483095978216e-05
Orbitrap,58.711518,58.711518,6,1,1,1,1,326.1751,326.1751,326.1751,1.2048483095978216e-05
Orbitrap,58.72186799999999,58.72186799999999,14,1,1,1,1,326.2326,326.2326,326.2326,1.2048483095978216e-05
Orbitrap,58.813272000000005,58.813272000000005,15,1,1,1,1,420.0948,420.0948,420.0948,1.2048483095978216e-05
Orbitrap,58.8284186,58.8284186,7,1,1,1,1,420.20299,420.20299,420.20299,1.2048483095978216e-05
Orbitrap,58.828455000000005,58.828455000000005,15,1,1,1,1,420.20325,420.20325,420.20325,1.2048483095978216e-05
Orbitrap,58.874058000000005,58.874058000000005,15,1,1,1,1,327.0781,327.0781,327.0781,1.2048483095978216e-05
Orbitrap,58.890654000000005,58.890654000000005,15,1,1,1,1,327.1703,327.1703,327.1703,1.2048483095978216e-05
Orbitrap,58.981425,58.981425,6,1,0,1,0,393.2095,393.2095,393.2095,1.2048483095978216e-05
Orbitrap,59.051052,59.051052,6,1,1,1,1,328.0614,328.0614,328.0614,1.2048483095978216e-05
Orbitrap,59.057604,59.057604,6,1,1,1,1,328.0978,328.0978,328.0978,1.2048483095978216e-05
Orbitrap,59.1106642,59.1106642,7,1,1,1,1,422.21903,422.21903,422.21903,1.2048483095978216e-05
Orbitrap,59.137335,59.137335,6,1,1,1,1,394.2489,394.2489,394.2489,1.2048483095978216e-05
Orbitrap,59.201136,59.201136,6,1,1,1,1,328.8952,328.8952,328.8952,1.2048483095978216e-05
Orbitrap,59.207776,59.207776,6,1,1,1,1,370.0486,370.0486,370.0486,1.2048483095978216e-05
Orbitrap,59.238032,59.238032,6,1,1,1,1,370.2377,370.2377,370.2377,1.2048483095978216e-05
Orbitrap,59.243730000000006,59.243730000000006,15,1,1,1,1,423.1695,423.1695,423.1695,1.2048483095978216e-05
Orbitrap,59.270382,59.270382,6,1,1,1,1,329.2799,329.2799,329.2799,1.2048483095978216e-05
Orbitrap,59.272335000000005,59.272335000000005,15,1,1,1,1,395.1489,395.1489,395.1489,1.2048483095978216e-05
Orbitrap,59.28108,59.28108,5,1,1,1,1,247.0045,247.0045,247.0045,1.2048483095978216e-05
Orbitrap,59.284935,59.284935,6,1,1,1,1,395.2329,395.2329,395.2329,1.2048483095978216e-05
Orbitrap,59.410674,59.410674,6,1,1,1,1,330.0593,330.0593,330.0593,1.2048483095978216e-05
Orbitrap,59.458608,59.458608,6,1,1,1,1,990.9768,990.9768,990.9768,1.2048483095978216e-05
Orbitrap,59.54848499999999,59.54848499999999,14,1,1,1,1,396.9899,396.9899,396.9899,1.2048483095978216e-05
Orbitrap,59.55075,59.55075,5,1,1,1,1,425.3625,425.3625,425.3625,1.2048483095978216e-05
Orbitrap,59.557152,59.557152,6,1,1,1,1,372.2322,372.2322,372.2322,1.2048483095978216e-05
Orbitrap,59.587182,59.587182,6,1,1,1,1,331.0399,331.0399,331.0399,1.2048483095978216e-05
Orbitrap,59.61427200000001,59.61427200000001,14,1,1,1,1,331.1904,331.1904,331.1904,1.2048483095978216e-05
Orbitrap,59.663674,59.663674,6,1,1,1,1,426.1691,426.1691,426.1691,1.2048483095978216e-05
Orbitrap,59.713170000000005,59.713170000000005,15,1,1,1,1,398.0878,398.0878,398.0878,1.2048483095978216e-05
Orbitrap,59.72560000000001,59.72560000000001,14,1,1,1,1,373.285,373.285,373.285,1.2048483095978216e-05
Orbitrap,59.77944,59.77944,5,1,1,1,1,332.108,332.108,332.108,1.2048483095978216e-05
Orbitrap,59.854944,59.854944,6,1,1,1,1,374.0934,374.0934,374.0934,1.2048483095978216e-05
Orbitrap,59.929812,59.929812,6,1,1,1,1,332.9434,332.9434,332.9434,1.2048483095978216e-05
Orbitrap,59.972562,59.972562,6,1,1,1,1,333.1809,333.1809,333.1809,1.2048483095978216e-05
Orbitrap,60.01964999999999,60.01964999999999,14,1,1,1,1,400.131,400.131,400.131,1.2048483095978216e-05
Orbitrap,60.04359,60.04359,5,1,1,1,1,200.1453,200.1453,200.1453,1.2048483095978216e-05
Orbitrap,60.144282,60.144282,6,1,1,1,1,334.1349,334.1349,334.1349,1.2048483095978216e-05
Orbitrap,60.150258,60.150258,6,1,1,1,1,334.1681,334.1681,334.1681,1.2048483095978216e-05
Orbitrap,60.2406,60.2406,4,1,1,1,1,251.0025,251.0025,251.0025,1.2048483095978216e-05
Orbitrap,60.309225000000005,60.309225000000005,15,1,1,1,1,402.0615,402.0615,402.0615,1.2048483095978216e-05
Orbitrap,60.334528,60.334528,6,1,1,1,1,377.0908,377.0908,377.0908,1.2048483095978216e-05
Orbitrap,60.353136000000006,60.353136000000006,15,1,1,1,1,377.2071,377.2071,377.2071,1.2048483095978216e-05
Orbitrap,60.373992,60.373992,6,1,1,1,1,431.2428,431.2428,431.2428,1.2048483095978216e-05
Orbitrap,60.387312,60.387312,6,1,1,1,1,503.2276,503.2276,503.2276,1.2048483095978216e-05
Orbitrap,60.62589,60.62589,5,1,1,1,1,202.0863,202.0863,202.0863,1.2048483095978216e-05
Orbitrap,60.73841,60.73841,5,1,1,1,1,607.3841,607.3841,607.3841,1.2048483095978216e-05
Orbitrap,60.867336,60.867336,6,1,1,1,1,507.2278,507.2278,507.2278,1.2048483095978216e-05
Orbitrap,61.05519,61.05519,5,1,1,1,1,339.1955,339.1955,339.1955,1.2048483095978216e-05
Orbitrap,61.133312,61.133312,6,1,1,1,1,382.0832,382.0832,382.0832,1.2048483095978216e-05
Orbitrap,61.204842000000006,61.204842000000006,15,1,1,1,1,340.0269,340.0269,340.0269,1.2048483095978216e-05
Orbitrap,61.212998,61.212998,6,1,0,1,0,437.2357,437.2357,437.2357,1.2048483095978216e-05
Orbitrap,61.3499376,61.3499376,7,1,1,1,1,438.21384,438.21384,438.21384,1.2048483095978216e-05
Orbitrap,61.392942000000005,61.392942000000005,15,1,1,1,1,341.0719,341.0719,341.0719,1.2048483095978216e-05
Orbitrap,61.417998,61.417998,6,1,1,1,1,341.2111,341.2111,341.2111,1.2048483095978216e-05
Orbitrap,61.45958399999999,61.45958399999999,14,1,1,1,1,256.0816,256.0816,256.0816,1.2048483095978216e-05
Orbitrap,61.472754,61.472754,6,1,1,1,1,683.0306,683.0306,683.0306,1.2048483095978216e-05
Orbitrap,61.649985,61.649985,6,1,1,1,1,410.9999,410.9999,410.9999,1.2048483095978216e-05
Orbitrap,61.66317599999999,61.66317599999999,14,1,1,1,1,256.9299,256.9299,256.9299,1.2048483095978216e-05
Orbitrap,61.664535,61.664535,6,1,1,1,1,411.0969,411.0969,411.0969,1.2048483095978216e-05
Orbitrap,61.67922,61.67922,5,1,1,1,1,411.1948,411.1948,411.1948,1.2048483095978216e-05
Orbitrap,61.73659800000001,61.73659800000001,14,1,1,1,1,342.9811,342.9811,342.9811,1.2048483095978216e-05
Orbitrap,61.749522000000006,61.749522000000006,15,1,1,1,1,343.0529,343.0529,343.0529,1.2048483095978216e-05
Orbitrap,61.76338,61.76338,5,1,1,1,1,441.167,441.167,441.167,1.2048483095978216e-05
Orbitrap,61.920432,61.920432,6,1,1,1,1,258.0018,258.0018,258.0018,1.2048483095978216e-05
Orbitrap,61.93908,61.93908,5,1,1,1,1,258.0795,258.0795,258.0795,1.2048483095978216e-05
Orbitrap,61.940916,61.940916,6,1,1,1,1,344.1162,344.1162,344.1162,1.2048483095978216e-05
Orbitrap,62.143632,62.143632,6,1,1,1,1,345.2424,345.2424,345.2424,1.2048483095978216e-05
Orbitrap,62.161848,62.161848,6,1,1,1,1,259.0077,259.0077,259.0077,1.2048483095978216e-05
Orbitrap,62.21552,62.21552,5,1,1,1,1,777.694,777.694,777.694,1.2048483095978216e-05
Orbitrap,62.266016,62.266016,6,1,1,1,1,389.1626,389.1626,389.1626,1.2048483095978216e-05
Orbitrap,62.287974000000006,62.287974000000006,15,1,1,1,1,346.0443,346.0443,346.0443,1.2048483095978216e-05
Orbitrap,62.302248,62.302248,6,1,1,1,1,346.1236,346.1236,346.1236,1.2048483095978216e-05
Orbitrap,62.416416,62.416416,6,1,1,1,1,260.0684,260.0684,260.0684,1.2048483095978216e-05
Orbitrap,62.41734400000001,62.41734400000001,14,1,1,1,1,390.1084,390.1084,390.1084,1.2048483095978216e-05
Orbitrap,62.41914,62.41914,5,1,1,1,1,208.0638,208.0638,208.0638,1.2048483095978216e-05
Orbitrap,62.423730000000006,62.423730000000006,15,1,1,1,1,208.0791,208.0791,208.0791,1.2048483095978216e-05
Orbitrap,62.644824,62.644824,6,1,1,1,1,261.0201,261.0201,261.0201,1.2048483095978216e-05
Orbitrap,62.71791,62.71791,5,1,1,1,1,209.0597,209.0597,209.0597,1.2048483095978216e-05
Orbitrap,62.73855,62.73855,5,1,1,1,1,209.1285,209.1285,209.1285,1.2048483095978216e-05
Orbitrap,62.753344,62.753344,6,1,1,1,1,784.4168,784.4168,784.4168,1.2048483095978216e-05
Orbitrap,62.770836,62.770836,6,1,1,1,1,523.0903,523.0903,523.0903,1.2048483095978216e-05
Orbitrap,62.883840000000006,62.883840000000006,15,1,1,1,1,262.016,262.016,262.016,1.2048483095978216e-05
Orbitrap,62.89315439999999,62.89315439999999,14,1,1,1,1,786.1644299999999,786.1644299999999,786.1644299999999,1.2048483095978216e-05
Orbitrap,62.91352,62.91352,5,1,0,1,0,393.2095,393.2095,393.2095,1.2048483095978216e-05
Orbitrap,63.021042,63.021042,6,1,1,1,1,350.1169,350.1169,350.1169,1.2048483095978216e-05
Orbitrap,63.12410400000001,63.12410400000001,14,1,1,1,1,263.0171,263.0171,263.0171,1.2048483095978216e-05
Orbitrap,63.132024,63.132024,6,1,1,1,1,263.0501,263.0501,263.0501,1.2048483095978216e-05
Orbitrap,63.267312,63.267312,6,1,1,1,1,527.2276,527.2276,527.2276,1.2048483095978216e-05
Orbitrap,63.315015,63.315015,6,1,1,1,1,422.1001,422.1001,422.1001,1.2048483095978216e-05
Orbitrap,63.51236399999999,63.51236399999999,14,1,1,1,1,529.2697,529.2697,529.2697,1.2048483095978216e-05
Orbitrap,63.62958,63.62958,5,1,1,1,1,530.2465,530.2465,530.2465,1.2048483095978216e-05
Orbitrap,63.725004,63.725004,6,1,1,1,1,455.1786,455.1786,455.1786,1.2048483095978216e-05
Orbitrap,63.740656,63.740656,6,1,1,1,1,455.2904,455.2904,455.2904,1.2048483095978216e-05
Orbitrap,63.905235,63.905235,6,1,1,1,1,426.0349,426.0349,426.0349,1.2048483095978216e-05
Orbitrap,63.909252,63.909252,6,1,1,1,1,355.0514,355.0514,355.0514,1.2048483095978216e-05
Orbitrap,63.910134000000006,63.910134000000006,15,1,1,1,1,355.0563,355.0563,355.0563,1.2048483095978216e-05
Orbitrap,63.91708,63.91708,5,1,1,1,1,639.1708,639.1708,639.1708,1.2048483095978216e-05
Orbitrap,64.27212399999999,64.27212399999999,14,1,1,1,1,459.0866,459.0866,459.0866,1.2048483095978216e-05
Orbitrap,64.28280600000001,64.28280600000001,14,1,1,1,1,357.1267,357.1267,357.1267,1.2048483095978216e-05
Orbitrap,64.482786,64.482786,6,1,1,1,1,358.2377,358.2377,358.2377,1.2048483095978216e-05
Orbitrap,64.560816,64.560816,6,1,1,1,1,269.0034,269.0034,269.0034,1.2048483095978216e-05
Orbitrap,64.6031,64.6031,4,1,1,1,1,646.031,646.031,646.031,1.2048483095978216e-05
Orbitrap,64.615824,64.615824,6,1,1,1,1,358.9768,358.9768,358.9768,1.2048483095978216e-05
Orbitrap,64.659856,64.659856,6,1,1,1,1,404.1241,404.1241,404.1241,1.2048483095978216e-05
Orbitrap,64.68809999999999,64.68809999999999,14,1,1,1,1,539.0675,539.0675,539.0675,1.2048483095978216e-05
Orbitrap,64.691676,64.691676,6,1,1,1,1,539.0973,539.0973,539.0973,1.2048483095978216e-05
Orbitrap,64.796424,64.796424,6,1,1,1,1,539.9702,539.9702,539.9702,1.2048483095978216e-05
Orbitrap,64.82817,64.82817,5,1,1,1,1,360.1565,360.1565,360.1565,1.2048483095978216e-05
Orbitrap,64.836352,64.836352,6,1,1,1,1,405.2272,405.2272,405.2272,1.2048483095978216e-05
Orbitrap,64.836684,64.836684,6,1,1,1,1,180.1019,180.1019,180.1019,1.2048483095978216e-05
Orbitrap,64.84782,64.84782,5,1,1,1,1,216.1594,216.1594,216.1594,1.2048483095978216e-05
Orbitrap,64.9850418,64.9850418,7,1,1,1,1,464.17887,464.17887,464.17887,1.2048483095978216e-05
Orbitrap,64.989666,64.989666,6,1,1,1,1,361.0537,361.0537,361.0537,1.2048483095978216e-05
Orbitrap,65.005092,65.005092,6,1,1,1,1,361.1394,361.1394,361.1394,1.2048483095978216e-05
Orbitrap,65.062944,65.062944,6,1,1,1,1,271.0956,271.0956,271.0956,1.2048483095978216e-05
Orbitrap,65.10249,65.10249,5,1,1,1,1,217.0083,217.0083,217.0083,1.2048483095978216e-05
Orbitrap,65.12331,65.12331,5,1,1,1,1,217.0777,217.0777,217.0777,1.2048483095978216e-05
Orbitrap,65.175432,65.175432,6,1,1,1,1,543.1286,543.1286,543.1286,1.2048483095978216e-05
Orbitrap,65.181336,65.181336,6,1,1,1,1,543.1778,543.1778,543.1778,1.2048483095978216e-05
Orbitrap,65.182788,65.182788,6,1,1,1,1,362.1266,362.1266,362.1266,1.2048483095978216e-05
Orbitrap,65.221926,65.221926,6,1,1,1,1,326.10963,326.10963,326.10963,1.2048483095978216e-05
Orbitrap,65.25726,65.25726,5,1,1,1,1,435.0484,435.0484,435.0484,1.2048483095978216e-05
Orbitrap,65.343906,65.343906,6,1,1,1,1,363.0217,363.0217,363.0217,1.2048483095978216e-05
Orbitrap,65.46191999999999,65.46191999999999,14,1,1,1,1,409.137,409.137,409.137,1.2048483095978216e-05
Orbitrap,65.537028,65.537028,6,1,1,1,1,364.0946,364.0946,364.0946,1.2048483095978216e-05
Orbitrap,65.57938499999999,65.57938499999999,14,1,1,1,1,437.1959,437.1959,437.1959,1.2048483095978216e-05
Orbitrap,65.7285,65.7285,4,1,1,1,1,219.095,219.095,219.095,1.2048483095978216e-05
Orbitrap,65.767944,65.767944,6,1,1,1,1,274.0331,274.0331,274.0331,1.2048483095978216e-05
Orbitrap,65.777296,65.777296,6,1,1,1,1,411.1081,411.1081,411.1081,1.2048483095978216e-05
Orbitrap,65.79505600000002,65.79505600000002,14,1,1,1,1,411.2191,411.2191,411.2191,1.2048483095978216e-05
Orbitrap,65.84275600000001,65.84275600000001,14,1,1,1,1,470.3054,470.3054,470.3054,1.2048483095978216e-05
Orbitrap,65.85633,65.85633,5,1,1,1,1,439.0422,439.0422,439.0422,1.2048483095978216e-05
Orbitrap,66.00859200000001,66.00859200000001,14,1,1,1,1,275.0358,275.0358,275.0358,1.2048483095978216e-05
Orbitrap,66.01708799999999,66.01708799999999,14,1,1,1,1,275.0712,275.0712,275.0712,1.2048483095978216e-05
Orbitrap,66.027,66.027,3,1,1,1,1,275.1125,275.1125,275.1125,1.2048483095978216e-05
Orbitrap,66.087558,66.087558,6,1,1,1,1,367.1531,367.1531,367.1531,1.2048483095978216e-05
Orbitrap,66.099152,66.099152,6,1,1,1,1,413.1197,413.1197,413.1197,1.2048483095978216e-05
Orbitrap,66.25516800000001,66.25516800000001,14,1,1,1,1,276.0632,276.0632,276.0632,1.2048483095978216e-05
Orbitrap,66.398928,66.398928,6,1,1,1,1,414.9933,414.9933,414.9933,1.2048483095978216e-05
Orbitrap,66.608748,66.608748,6,1,1,1,1,370.0486,370.0486,370.0486,1.2048483095978216e-05
Orbitrap,66.63711,66.63711,5,1,1,1,1,222.1237,222.1237,222.1237,1.2048483095978216e-05
Orbitrap,66.642786,66.642786,6,1,1,1,1,370.2377,370.2377,370.2377,1.2048483095978216e-05
Orbitrap,66.75635199999999,66.75635199999999,14,1,1,1,1,417.2272,417.2272,417.2272,1.2048483095978216e-05
Orbitrap,66.77697,66.77697,5,1,1,1,1,445.1798,445.1798,445.1798,1.2048483095978216e-05
Orbitrap,66.795156,66.795156,6,1,1,1,1,371.0842,371.0842,371.0842,1.2048483095978216e-05
Orbitrap,66.812242,66.812242,6,1,1,1,1,477.2303,477.2303,477.2303,1.2048483095978216e-05
Orbitrap,66.84561500000001,66.84561500000001,14,1,0,1,0,393.2095,393.2095,393.2095,1.2048483095978216e-05
Orbitrap,66.988908,66.988908,6,1,1,1,1,372.1606,372.1606,372.1606,1.2048483095978216e-05
Orbitrap,67.001796,67.001796,6,1,1,1,1,372.2322,372.2322,372.2322,1.2048483095978216e-05
Orbitrap,67.1913,67.1913,4,1,1,1,1,373.285,373.285,373.285,1.2048483095978216e-05
Orbitrap,67.20987000000001,67.20987000000001,14,1,1,1,1,224.0329,224.0329,224.0329,1.2048483095978216e-05
Orbitrap,67.215168,67.215168,6,1,1,1,1,420.0948,420.0948,420.0948,1.2048483095978216e-05
Orbitrap,67.22595,67.22595,5,1,1,1,1,448.173,448.173,448.173,1.2048483095978216e-05
Orbitrap,67.23247839999999,67.23247839999999,14,1,1,1,1,420.20299,420.20299,420.20299,1.2048483095978216e-05
Orbitrap,67.23252000000001,67.23252000000001,14,1,1,1,1,420.20325,420.20325,420.20325,1.2048483095978216e-05
Orbitrap,67.364946,67.364946,6,1,1,1,1,748.4994,748.4994,748.4994,1.2048483095978216e-05
Orbitrap,67.514076,67.514076,6,1,1,1,1,375.0782,375.0782,375.0782,1.2048483095978216e-05
Orbitrap,67.54038,67.54038,5,1,1,1,1,225.1346,225.1346,225.1346,1.2048483095978216e-05
Orbitrap,67.5550448,67.5550448,7,1,1,1,1,422.21903,422.21903,422.21903,1.2048483095978216e-05
Orbitrap,67.70138399999999,67.70138399999999,14,1,1,1,1,282.0891,282.0891,282.0891,1.2048483095978216e-05
Orbitrap,67.702152,67.702152,6,1,1,1,1,282.0923,282.0923,282.0923,1.2048483095978216e-05
Orbitrap,67.82687999999999,67.82687999999999,14,1,1,1,1,226.0896,226.0896,226.0896,1.2048483095978216e-05
Orbitrap,67.876344,67.876344,6,1,1,1,1,377.0908,377.0908,377.0908,1.2048483095978216e-05
Orbitrap,67.897278,67.897278,6,1,1,1,1,377.2071,377.2071,377.2071,1.2048483095978216e-05
Orbitrap,67.90653599999999,67.90653599999999,14,1,1,1,1,282.9439,282.9439,282.9439,1.2048483095978216e-05
Orbitrap,68.0131496,68.0131496,7,1,1,1,1,850.16437,850.16437,850.16437,1.2048483095978216e-05
Orbitrap,68.058,68.058,3,1,1,1,1,425.3625,425.3625,425.3625,1.2048483095978216e-05
Orbitrap,68.074974,68.074974,6,1,1,1,1,378.1943,378.1943,378.1943,1.2048483095978216e-05
Orbitrap,68.187056,68.187056,6,1,1,1,1,426.1691,426.1691,426.1691,1.2048483095978216e-05
Orbitrap,68.41558799999999,68.41558799999999,14,1,1,1,1,190.0433,190.0433,190.0433,1.2048483095978216e-05
Orbitrap,68.429616,68.429616,6,1,1,1,1,285.1234,285.1234,285.1234,1.2048483095978216e-05
Orbitrap,68.444946,68.444946,6,1,1,1,1,760.4994,760.4994,760.4994,1.2048483095978216e-05
Orbitrap,68.47302,68.47302,5,1,1,1,1,228.2434,228.2434,228.2434,1.2048483095978216e-05
Orbitrap,68.619708,68.619708,6,1,1,1,1,381.2206,381.2206,381.2206,1.2048483095978216e-05
Orbitrap,68.64794400000001,68.64794400000001,14,1,1,1,1,286.0331,286.0331,286.0331,1.2048483095978216e-05
Orbitrap,68.774976,68.774976,6,1,1,1,1,382.0832,382.0832,382.0832,1.2048483095978216e-05
Orbitrap,68.96942999999999,68.96942999999999,14,1,1,1,1,383.1635,383.1635,383.1635,1.2048483095978216e-05
Orbitrap,68.998848,68.998848,6,1,1,1,1,431.2428,431.2428,431.2428,1.2048483095978216e-05
Orbitrap,69.131712,69.131712,6,1,1,1,1,288.0488,288.0488,288.0488,1.2048483095978216e-05
Orbitrap,69.146514,69.146514,6,1,1,1,1,384.1473,384.1473,384.1473,1.2048483095978216e-05
Orbitrap,69.34476000000001,69.34476000000001,14,1,1,1,1,231.1492,231.1492,231.1492,1.2048483095978216e-05
Orbitrap,69.38452799999999,69.38452799999999,14,1,1,1,1,289.1022,289.1022,289.1022,1.2048483095978216e-05
Orbitrap,69.634185,69.634185,6,1,1,1,1,464.2279,464.2279,464.2279,1.2048483095978216e-05
Orbitrap,69.71026,69.71026,5,1,1,1,1,697.1026,697.1026,697.1026,1.2048483095978216e-05
Orbitrap,69.76733999999999,69.76733999999999,14,1,1,1,1,465.1156,465.1156,465.1156,1.2048483095978216e-05
Orbitrap,69.847368,69.847368,6,1,1,1,1,291.0307,291.0307,291.0307,1.2048483095978216e-05
Orbitrap,69.857256,69.857256,6,1,1,1,1,291.0719,291.0719,291.0719,1.2048483095978216e-05
Orbitrap,69.92688,69.92688,5,1,1,1,1,233.0896,233.0896,233.0896,1.2048483095978216e-05
Orbitrap,70.1142144,70.1142144,7,1,1,1,1,438.21384,438.21384,438.21384,1.2048483095978216e-05
Orbitrap,70.33725600000001,70.33725600000001,14,1,1,1,1,293.0719,293.0719,293.0719,1.2048483095978216e-05
Orbitrap,70.343496,70.343496,6,1,1,1,1,293.0979,293.0979,293.0979,1.2048483095978216e-05
Orbitrap,70.34812800000002,70.34812800000002,14,1,1,1,1,293.1172,293.1172,293.1172,1.2048483095978216e-05
Orbitrap,70.49982000000001,70.49982000000001,14,1,1,1,1,234.9994,234.9994,234.9994,1.2048483095978216e-05
Orbitrap,70.58409599999999,70.58409599999999,14,1,1,1,1,294.1004,294.1004,294.1004,1.2048483095978216e-05
Orbitrap,70.8096,70.8096,4,1,1,1,1,295.04,295.04,295.04,1.2048483095978216e-05
Orbitrap,70.96480199999999,70.96480199999999,14,1,1,1,1,394.2489,394.2489,394.2489,1.2048483095978216e-05
Orbitrap,71.09943,71.09943,5,1,1,1,1,236.9981,236.9981,236.9981,1.2048483095978216e-05
Orbitrap,71.12680200000001,71.12680200000001,14,1,1,1,1,395.1489,395.1489,395.1489,1.2048483095978216e-05
Orbitrap,71.141922,71.141922,6,1,1,1,1,395.2329,395.2329,395.2329,1.2048483095978216e-05
Orbitrap,71.189064,71.189064,6,1,1,1,1,790.9896,790.9896,790.9896,1.2048483095978216e-05
Orbitrap,71.312376,71.312376,6,1,1,1,1,594.2698,594.2698,594.2698,1.2048483095978216e-05
Orbitrap,71.42517,71.42517,5,1,1,1,1,238.0839,238.0839,238.0839,1.2048483095978216e-05
Orbitrap,71.43222,71.43222,5,1,1,1,1,238.1074,238.1074,238.1074,1.2048483095978216e-05
Orbitrap,71.458182,71.458182,6,1,1,1,1,396.9899,396.9899,396.9899,1.2048483095978216e-05
Orbitrap,71.54889600000001,71.54889600000001,14,1,1,1,1,298.1204,298.1204,298.1204,1.2048483095978216e-05
Orbitrap,71.655804,71.655804,6,1,1,1,1,398.0878,398.0878,398.0878,1.2048483095978216e-05
Orbitrap,71.69297999999999,71.69297999999999,14,1,1,1,1,238.9766,238.9766,238.9766,1.2048483095978216e-05
Orbitrap,71.774736,71.774736,6,1,1,1,1,299.0614,299.0614,299.0614,1.2048483095978216e-05
Orbitrap,71.79336,71.79336,5,1,1,1,1,299.139,299.139,299.139,1.2048483095978216e-05
Orbitrap,71.86686560000001,71.86686560000001,14,1,1,1,1,449.16791,449.16791,449.16791,1.2048483095978216e-05
Orbitrap,72.01089599999999,72.01089599999999,14,1,1,1,1,300.0454,300.0454,300.0454,1.2048483095978216e-05
Orbitrap,72.018288,72.018288,6,1,1,1,1,300.0762,300.0762,300.0762,1.2048483095978216e-05
Orbitrap,72.02358,72.02358,5,1,1,1,1,400.131,400.131,400.131,1.2048483095978216e-05
Orbitrap,72.04149,72.04149,5,1,1,1,1,240.1383,240.1383,240.1383,1.2048483095978216e-05
Orbitrap,72.052308,72.052308,6,1,1,1,1,200.1453,200.1453,200.1453,1.2048483095978216e-05
Orbitrap,72.134188,72.134188,6,1,1,1,1,515.2442,515.2442,515.2442,1.2048483095978216e-05
Orbitrap,72.31094999999999,72.31094999999999,14,1,1,1,1,241.0365,241.0365,241.0365,1.2048483095978216e-05
Orbitrap,72.33885000000001,72.33885000000001,14,1,1,1,1,241.1295,241.1295,241.1295,1.2048483095978216e-05
Orbitrap,72.37107,72.37107,5,1,1,1,1,402.0615,402.0615,402.0615,1.2048483095978216e-05
Orbitrap,72.52202399999999,72.52202399999999,14,1,1,1,1,302.1751,302.1751,302.1751,1.2048483095978216e-05
Orbitrap,72.62535,72.62535,5,1,1,1,1,242.0845,242.0845,242.0845,1.2048483095978216e-05
Orbitrap,72.751068,72.751068,6,1,1,1,1,202.0863,202.0863,202.0863,1.2048483095978216e-05
Orbitrap,72.828576,72.828576,6,1,1,1,1,455.1786,455.1786,455.1786,1.2048483095978216e-05
Orbitrap,72.846464,72.846464,6,1,1,1,1,455.2904,455.2904,455.2904,1.2048483095978216e-05
Orbitrap,72.886092,72.886092,6,1,1,1,1,607.3841,607.3841,607.3841,1.2048483095978216e-05
Orbitrap,72.940896,72.940896,6,1,1,1,1,405.2272,405.2272,405.2272,1.2048483095978216e-05
Orbitrap,72.97334400000001,72.97334400000001,14,1,1,1,1,304.0556,304.0556,304.0556,1.2048483095978216e-05
Orbitrap,72.987144,72.987144,6,1,1,1,1,304.1131,304.1131,304.1131,1.2048483095978216e-05
Orbitrap,73.005768,73.005768,6,1,1,1,1,304.1907,304.1907,304.1907,1.2048483095978216e-05
Orbitrap,73.20576000000001,73.20576000000001,14,1,1,1,1,244.0192,244.0192,244.0192,1.2048483095978216e-05
Orbitrap,73.228704,73.228704,6,1,1,1,1,305.1196,305.1196,305.1196,1.2048483095978216e-05
Orbitrap,73.32211199999999,73.32211199999999,14,1,1,1,1,916.5264,916.5264,916.5264,1.2048483095978216e-05
Orbitrap,73.453856,73.453856,6,1,1,1,1,459.0866,459.0866,459.0866,1.2048483095978216e-05
Orbitrap,73.64466,73.64466,5,1,1,1,1,409.137,409.137,409.137,1.2048483095978216e-05
Orbitrap,73.979982,73.979982,6,1,1,1,1,410.9999,410.9999,410.9999,1.2048483095978216e-05
Orbitrap,73.99744199999999,73.99744199999999,14,1,1,1,1,411.0969,411.0969,411.0969,1.2048483095978216e-05
Orbitrap,74.015064,74.015064,6,1,1,1,1,411.1948,411.1948,411.1948,1.2048483095978216e-05
Orbitrap,74.01943800000001,74.01943800000001,14,1,1,1,1,411.2191,411.2191,411.2191,1.2048483095978216e-05
Orbitrap,74.169096,74.169096,6,1,1,1,1,309.0379,309.0379,309.0379,1.2048483095978216e-05
Orbitrap,74.170248,74.170248,6,1,1,1,1,309.0427,309.0427,309.0427,1.2048483095978216e-05
Orbitrap,74.2686192,74.2686192,7,1,1,1,1,464.17887,464.17887,464.17887,1.2048483095978216e-05
Orbitrap,74.361546,74.361546,6,1,1,1,1,413.1197,413.1197,413.1197,1.2048483095978216e-05
Orbitrap,74.44226400000001,74.44226400000001,14,1,1,1,1,310.1761,310.1761,310.1761,1.2048483095978216e-05
Orbitrap,74.69879399999999,74.69879399999999,14,1,1,1,1,414.9933,414.9933,414.9933,1.2048483095978216e-05
Orbitrap,74.90296799999999,74.90296799999999,14,1,1,1,1,208.0638,208.0638,208.0638,1.2048483095978216e-05
Orbitrap,74.90847600000001,74.90847600000001,14,1,1,1,1,208.0791,208.0791,208.0791,1.2048483095978216e-05
Orbitrap,75.10089599999999,75.10089599999999,14,1,1,1,1,417.2272,417.2272,417.2272,1.2048483095978216e-05
Orbitrap,75.248864,75.248864,6,1,1,1,1,470.3054,470.3054,470.3054,1.2048483095978216e-05
Orbitrap,75.28626,75.28626,5,1,1,1,1,209.1285,209.1285,209.1285,1.2048483095978216e-05
Orbitrap,75.30075,75.30075,5,1,1,1,1,251.0025,251.0025,251.0025,1.2048483095978216e-05
Orbitrap,75.37176,75.37176,5,1,1,1,1,314.049,314.049,314.049,1.2048483095978216e-05
Orbitrap,75.37464,75.37464,5,1,1,1,1,314.061,314.061,314.061,1.2048483095978216e-05
Orbitrap,75.37970400000002,75.37970400000002,14,1,1,1,1,314.0821,314.0821,314.0821,1.2048483095978216e-05
Orbitrap,75.402024,75.402024,6,1,1,1,1,314.1751,314.1751,314.1751,1.2048483095978216e-05
Orbitrap,75.594552,75.594552,6,1,1,1,1,314.9773,314.9773,314.9773,1.2048483095978216e-05
Orbitrap,75.61668,75.61668,5,1,1,1,1,315.0695,315.0695,315.0695,1.2048483095978216e-05
Orbitrap,75.617064,75.617064,6,1,1,1,1,420.0948,420.0948,420.0948,1.2048483095978216e-05
Orbitrap,75.63653819999999,75.63653819999999,14,1,1,1,1,420.20299,420.20299,420.20299,1.2048483095978216e-05
Orbitrap,75.63658500000001,75.63658500000001,14,1,1,1,1,420.20325,420.20325,420.20325,1.2048483095978216e-05
Orbitrap,75.97801799999999,75.97801799999999,14,1,1,1,1,422.1001,422.1001,422.1001,1.2048483095978216e-05
Orbitrap,75.99942539999999,75.99942539999999,14,1,1,1,1,422.21903,422.21903,422.21903,1.2048483095978216e-05
Orbitrap,76.356848,76.356848,6,1,1,1,1,477.2303,477.2303,477.2303,1.2048483095978216e-05
Orbitrap,76.3608,76.3608,4,1,1,1,1,318.17,318.17,318.17,1.2048483095978216e-05
Orbitrap,76.367424,76.367424,6,1,1,1,1,318.1976,318.1976,318.1976,1.2048483095978216e-05
Orbitrap,76.56525,76.56525,5,1,1,1,1,425.3625,425.3625,425.3625,1.2048483095978216e-05
Orbitrap,76.68628199999999,76.68628199999999,14,1,1,1,1,426.0349,426.0349,426.0349,1.2048483095978216e-05
Orbitrap,76.700496,76.700496,6,1,1,1,1,639.1708,639.1708,639.1708,1.2048483095978216e-05
Orbitrap,76.71043800000001,76.71043800000001,14,1,1,1,1,426.1691,426.1691,426.1691,1.2048483095978216e-05
Orbitrap,77.04909599999999,77.04909599999999,14,1,1,1,1,321.0379,321.0379,321.0379,1.2048483095978216e-05
Orbitrap,77.06011199999999,77.06011199999999,14,1,1,1,1,321.0838,321.0838,321.0838,1.2048483095978216e-05
Orbitrap,77.07896999999998,77.07896999999998,14,1,1,1,1,256.9299,256.9299,256.9299,1.2048483095978216e-05
Orbitrap,77.40054,77.40054,5,1,1,1,1,258.0018,258.0018,258.0018,1.2048483095978216e-05
Orbitrap,77.42385,77.42385,5,1,1,1,1,258.0795,258.0795,258.0795,1.2048483095978216e-05
Orbitrap,77.52372,77.52372,5,1,1,1,1,646.031,646.031,646.031,1.2048483095978216e-05
Orbitrap,77.5272,77.5272,4,1,1,1,1,323.03,323.03,323.03,1.2048483095978216e-05
Orbitrap,77.54172,77.54172,5,1,1,1,1,323.0905,323.0905,323.0905,1.2048483095978216e-05
Orbitrap,77.56716,77.56716,5,1,1,1,1,323.1965,323.1965,323.1965,1.2048483095978216e-05
Orbitrap,77.623704,77.623704,6,1,1,1,1,431.2428,431.2428,431.2428,1.2048483095978216e-05
Orbitrap,77.70231,77.70231,5,1,1,1,1,259.0077,259.0077,259.0077,1.2048483095978216e-05
Orbitrap,77.75712,77.75712,5,1,1,1,1,323.988,323.988,323.988,1.2048483095978216e-05
Orbitrap,77.76939999999999,77.76939999999999,14,1,1,1,1,777.694,777.694,777.694,1.2048483095978216e-05
Orbitrap,77.770896,77.770896,6,1,1,1,1,324.0454,324.0454,324.0454,1.2048483095978216e-05
Orbitrap,78.02052,78.02052,5,1,1,1,1,260.0684,260.0684,260.0684,1.2048483095978216e-05
Orbitrap,78.12298799999999,78.12298799999999,14,1,1,1,1,217.0083,217.0083,217.0083,1.2048483095978216e-05
Orbitrap,78.147972,78.147972,6,1,1,1,1,217.0777,217.0777,217.0777,1.2048483095978216e-05
Orbitrap,78.24672,78.24672,5,1,1,1,1,326.028,326.028,326.028,1.2048483095978216e-05
Orbitrap,78.25970400000001,78.25970400000001,14,1,1,1,1,326.0821,326.0821,326.0821,1.2048483095978216e-05
Orbitrap,78.278352,78.278352,6,1,1,1,1,326.1598,326.1598,326.1598,1.2048483095978216e-05
Orbitrap,78.30602999999999,78.30602999999999,14,1,1,1,1,261.0201,261.0201,261.0201,1.2048483095978216e-05
Orbitrap,78.308712,78.308712,6,1,1,1,1,435.0484,435.0484,435.0484,1.2048483095978216e-05
Orbitrap,78.44167999999999,78.44167999999999,14,1,1,1,1,784.4168,784.4168,784.4168,1.2048483095978216e-05
Orbitrap,78.463545,78.463545,6,1,1,1,1,523.0903,523.0903,523.0903,1.2048483095978216e-05
Orbitrap,78.6048,78.6048,4,1,1,1,1,262.016,262.016,262.016,1.2048483095978216e-05
Orbitrap,78.695262,78.695262,6,1,1,1,1,437.1959,437.1959,437.1959,1.2048483095978216e-05
Orbitrap,78.69558099999999,78.69558099999999,14,1,1,1,1,342.1547,342.1547,342.1547,1.2048483095978216e-05
Orbitrap,78.734736,78.734736,6,1,1,1,1,328.0614,328.0614,328.0614,1.2048483095978216e-05
Orbitrap,78.74347200000001,78.74347200000001,14,1,1,1,1,328.0978,328.0978,328.0978,1.2048483095978216e-05
Orbitrap,78.8742,78.8742,4,1,1,1,1,219.095,219.095,219.095,1.2048483095978216e-05
Orbitrap,78.90513,78.90513,5,1,1,1,1,263.0171,263.0171,263.0171,1.2048483095978216e-05
Orbitrap,78.91503,78.91503,5,1,1,1,1,263.0501,263.0501,263.0501,1.2048483095978216e-05
Orbitrap,78.934848,78.934848,6,1,1,1,1,328.8952,328.8952,328.8952,1.2048483095978216e-05
Orbitrap,79.02717600000001,79.02717600000001,14,1,1,1,1,329.2799,329.2799,329.2799,1.2048483095978216e-05
Orbitrap,79.02759599999999,79.02759599999999,14,1,1,1,1,439.0422,439.0422,439.0422,1.2048483095978216e-05
Orbitrap,79.21423200000001,79.21423200000001,14,1,1,1,1,330.0593,330.0593,330.0593,1.2048483095978216e-05
Orbitrap,79.44957600000001,79.44957600000001,14,1,1,1,1,331.0399,331.0399,331.0399,1.2048483095978216e-05
Orbitrap,79.964532,79.964532,6,1,1,1,1,222.1237,222.1237,222.1237,1.2048483095978216e-05
Orbitrap,80.132364,80.132364,6,1,1,1,1,445.1798,445.1798,445.1798,1.2048483095978216e-05
Orbitrap,80.19237600000001,80.19237600000001,14,1,1,1,1,334.1349,334.1349,334.1349,1.2048483095978216e-05
Orbitrap,80.200344,80.200344,6,1,1,1,1,334.1681,334.1681,334.1681,1.2048483095978216e-05
Orbitrap,80.67114,80.67114,5,1,1,1,1,448.173,448.173,448.173,1.2048483095978216e-05
Orbitrap,80.70102,80.70102,5,1,1,1,1,269.0034,269.0034,269.0034,1.2048483095978216e-05
Orbitrap,80.85022380000001,80.85022380000001,14,1,1,1,1,449.16791,449.16791,449.16791,1.2048483095978216e-05
Orbitrap,80.860125,80.860125,6,1,1,1,1,539.0675,539.0675,539.0675,1.2048483095978216e-05
Orbitrap,80.99553,80.99553,5,1,1,1,1,539.9702,539.9702,539.9702,1.2048483095978216e-05
Orbitrap,81.32850000000002,81.32850000000002,14,1,1,1,1,271.095,271.095,271.095,1.2048483095978216e-05
Orbitrap,81.32867999999999,81.32867999999999,14,1,1,1,1,271.0956,271.0956,271.0956,1.2048483095978216e-05
Orbitrap,81.39225599999999,81.39225599999999,14,1,1,1,1,226.0896,226.0896,226.0896,1.2048483095978216e-05
Orbitrap,81.40692,81.40692,5,1,1,1,1,339.1955,339.1955,339.1955,1.2048483095978216e-05
Orbitrap,81.47667000000001,81.47667000000001,14,1,1,1,1,543.1778,543.1778,543.1778,1.2048483095978216e-05
Orbitrap,81.60645600000001,81.60645600000001,14,1,1,1,1,340.0269,340.0269,340.0269,1.2048483095978216e-05
Orbitrap,81.857256,81.857256,6,1,1,1,1,341.0719,341.0719,341.0719,1.2048483095978216e-05
Orbitrap,81.932148,81.932148,6,1,1,1,1,455.1786,455.1786,455.1786,1.2048483095978216e-05
Orbitrap,81.963672,81.963672,6,1,1,1,1,683.0306,683.0306,683.0306,1.2048483095978216e-05
Orbitrap,82.20993,82.20993,5,1,1,1,1,274.0331,274.0331,274.0331,1.2048483095978216e-05
Orbitrap,82.315464,82.315464,6,1,1,1,1,342.9811,342.9811,342.9811,1.2048483095978216e-05
Orbitrap,82.439072,82.439072,6,1,1,1,1,515.2442,515.2442,515.2442,1.2048483095978216e-05
Orbitrap,82.53375,82.53375,5,1,1,1,1,275.1125,275.1125,275.1125,1.2048483095978216e-05
Orbitrap,82.58788799999999,82.58788799999999,14,1,1,1,1,344.1162,344.1162,344.1162,1.2048483095978216e-05
Orbitrap,82.63558799999998,82.63558799999998,14,1,1,1,1,459.0866,459.0866,459.0866,1.2048483095978216e-05
Orbitrap,82.81895999999999,82.81895999999999,14,1,1,1,1,276.0632,276.0632,276.0632,1.2048483095978216e-05
Orbitrap,83.069664,83.069664,6,1,1,1,1,346.1236,346.1236,346.1236,1.2048483095978216e-05
Orbitrap,83.213712,83.213712,6,1,1,1,1,231.1492,231.1492,231.1492,1.2048483095978216e-05
Orbitrap,83.55219660000002,83.55219660000002,14,1,1,1,1,464.17887,464.17887,464.17887,1.2048483095978216e-05
Orbitrap,83.561022,83.561022,6,1,1,1,1,464.2279,464.2279,464.2279,1.2048483095978216e-05
Orbitrap,83.72080799999999,83.72080799999999,14,1,1,1,1,465.1156,465.1156,465.1156,1.2048483095978216e-05
Orbitrap,83.912256,83.912256,6,1,1,1,1,233.0896,233.0896,233.0896,1.2048483095978216e-05
Orbitrap,84.040598,84.040598,6,1,1,1,1,420.20299,420.20299,420.20299,1.2048483095978216e-05
Orbitrap,84.04065000000001,84.04065000000001,14,1,1,1,1,420.20325,420.20325,420.20325,1.2048483095978216e-05
Orbitrap,84.443806,84.443806,6,1,1,1,1,422.21903,422.21903,422.21903,1.2048483095978216e-05
Orbitrap,84.599784,84.599784,6,1,1,1,1,234.9994,234.9994,234.9994,1.2048483095978216e-05
Orbitrap,84.62673,84.62673,5,1,1,1,1,282.0891,282.0891,282.0891,1.2048483095978216e-05
Orbitrap,84.62769,84.62769,5,1,1,1,1,282.0923,282.0923,282.0923,1.2048483095978216e-05
Orbitrap,84.65497200000001,84.65497200000001,14,1,1,1,1,470.3054,470.3054,470.3054,1.2048483095978216e-05
Orbitrap,84.88316999999999,84.88316999999999,14,1,1,1,1,282.9439,282.9439,282.9439,1.2048483095978216e-05
Orbitrap,85.212336,85.212336,6,1,1,1,1,355.0514,355.0514,355.0514,1.2048483095978216e-05
Orbitrap,85.21351200000001,85.21351200000001,14,1,1,1,1,355.0563,355.0563,355.0563,1.2048483095978216e-05
Orbitrap,85.31931599999999,85.31931599999999,14,1,1,1,1,236.9981,236.9981,236.9981,1.2048483095978216e-05
Orbitrap,85.53702,85.53702,5,1,1,1,1,285.1234,285.1234,285.1234,1.2048483095978216e-05
Orbitrap,85.710204,85.710204,6,1,1,1,1,238.0839,238.0839,238.0839,1.2048483095978216e-05
Orbitrap,85.718664,85.718664,6,1,1,1,1,238.1074,238.1074,238.1074,1.2048483095978216e-05
Orbitrap,85.80993,85.80993,5,1,1,1,1,286.0331,286.0331,286.0331,1.2048483095978216e-05
Orbitrap,85.901454,85.901454,6,1,1,1,1,477.2303,477.2303,477.2303,1.2048483095978216e-05
Orbitrap,86.031576,86.031576,6,1,1,1,1,238.9766,238.9766,238.9766,1.2048483095978216e-05
Orbitrap,86.449788,86.449788,6,1,1,1,1,240.1383,240.1383,240.1383,1.2048483095978216e-05
Orbitrap,86.65288799999999,86.65288799999999,14,1,1,1,1,361.0537,361.0537,361.0537,1.2048483095978216e-05
Orbitrap,86.73065999999999,86.73065999999999,14,1,1,1,1,289.1022,289.1022,289.1022,1.2048483095978216e-05
Orbitrap,86.77314,86.77314,5,1,1,1,1,241.0365,241.0365,241.0365,1.2048483095978216e-05
Orbitrap,86.80662,86.80662,5,1,1,1,1,241.1295,241.1295,241.1295,1.2048483095978216e-05
Orbitrap,86.91038400000001,86.91038400000001,14,1,1,1,1,362.1266,362.1266,362.1266,1.2048483095978216e-05
Orbitrap,87.125208,87.125208,6,1,1,1,1,363.0217,363.0217,363.0217,1.2048483095978216e-05
Orbitrap,87.15042,87.15042,5,1,1,1,1,242.0845,242.0845,242.0845,1.2048483095978216e-05
Orbitrap,87.30921000000001,87.30921000000001,14,1,1,1,1,291.0307,291.0307,291.0307,1.2048483095978216e-05
Orbitrap,87.32157000000001,87.32157000000001,14,1,1,1,1,291.0719,291.0719,291.0719,1.2048483095978216e-05
Orbitrap,87.382704,87.382704,6,1,1,1,1,364.0946,364.0946,364.0946,1.2048483095978216e-05
Orbitrap,87.634776,87.634776,6,1,1,1,1,365.1449,365.1449,365.1449,1.2048483095978216e-05
Orbitrap,87.64276799999999,87.64276799999999,14,1,1,1,1,438.21384,438.21384,438.21384,1.2048483095978216e-05
Orbitrap,87.84691200000002,87.84691200000002,14,1,1,1,1,244.0192,244.0192,244.0192,1.2048483095978216e-05
Orbitrap,87.90297,87.90297,5,1,1,1,1,293.0099,293.0099,293.0099,1.2048483095978216e-05
Orbitrap,87.92157,87.92157,5,1,1,1,1,293.0719,293.0719,293.0719,1.2048483095978216e-05
Orbitrap,87.92936999999999,87.92936999999999,14,1,1,1,1,293.0979,293.0979,293.0979,1.2048483095978216e-05
Orbitrap,87.93516000000001,87.93516000000001,14,1,1,1,1,293.1172,293.1172,293.1172,1.2048483095978216e-05
Orbitrap,88.11674400000001,88.11674400000001,14,1,1,1,1,367.1531,367.1531,367.1531,1.2048483095978216e-05
Orbitrap,88.23012,88.23012,5,1,1,1,1,294.1004,294.1004,294.1004,1.2048483095978216e-05
Orbitrap,88.512,88.512,3,1,1,1,1,295.04,295.04,295.04,1.2048483095978216e-05
Orbitrap,89.060208,89.060208,6,1,1,1,1,371.0842,371.0842,371.0842,1.2048483095978216e-05
Orbitrap,89.14047000000001,89.14047000000001,14,1,1,1,1,594.2698,594.2698,594.2698,1.2048483095978216e-05
Orbitrap,89.31854399999999,89.31854399999999,14,1,1,1,1,372.1606,372.1606,372.1606,1.2048483095978216e-05
Orbitrap,89.43612000000002,89.43612000000002,14,1,1,1,1,298.1204,298.1204,298.1204,1.2048483095978216e-05
Orbitrap,89.71842,89.71842,5,1,1,1,1,299.0614,299.0614,299.0614,1.2048483095978216e-05
Orbitrap,89.7417,89.7417,4,1,1,1,1,299.139,299.139,299.139,1.2048483095978216e-05
Orbitrap,89.782416,89.782416,6,1,1,1,1,374.0934,374.0934,374.0934,1.2048483095978216e-05
Orbitrap,89.819928,89.819928,6,1,1,1,1,748.4994,748.4994,748.4994,1.2048483095978216e-05
Orbitrap,89.83358199999999,89.83358199999999,14,1,1,1,1,449.16791,449.16791,449.16791,1.2048483095978216e-05
Orbitrap,90.01361999999999,90.01361999999999,14,1,1,1,1,300.0454,300.0454,300.0454,1.2048483095978216e-05
Orbitrap,90.018768,90.018768,6,1,1,1,1,375.0782,375.0782,375.0782,1.2048483095978216e-05
Orbitrap,90.02285999999998,90.02285999999998,14,1,1,1,1,300.0762,300.0762,300.0762,1.2048483095978216e-05
Orbitrap,90.3609,90.3609,4,1,1,1,1,251.0025,251.0025,251.0025,1.2048483095978216e-05
Orbitrap,90.44434,90.44434,5,1,1,1,1,646.031,646.031,646.031,1.2048483095978216e-05
Orbitrap,90.65253,90.65253,5,1,1,1,1,302.1751,302.1751,302.1751,1.2048483095978216e-05
Orbitrap,90.766632,90.766632,6,1,1,1,1,378.1943,378.1943,378.1943,1.2048483095978216e-05
Orbitrap,91.23393,91.23393,5,1,1,1,1,304.1131,304.1131,304.1131,1.2048483095978216e-05
Orbitrap,91.25721,91.25721,5,1,1,1,1,304.1907,304.1907,304.1907,1.2048483095978216e-05
Orbitrap,91.259928,91.259928,6,1,1,1,1,760.4994,760.4994,760.4994,1.2048483095978216e-05
Orbitrap,91.492944,91.492944,6,1,1,1,1,381.2206,381.2206,381.2206,1.2048483095978216e-05
Orbitrap,91.53588,91.53588,5,1,1,1,1,305.1196,305.1196,305.1196,1.2048483095978216e-05
Orbitrap,91.65264,91.65264,5,1,1,1,1,916.5264,916.5264,916.5264,1.2048483095978216e-05
Orbitrap,91.95924,91.95924,5,1,1,1,1,383.1635,383.1635,383.1635,1.2048483095978216e-05
Orbitrap,92.195352,92.195352,6,1,1,1,1,384.1473,384.1473,384.1473,1.2048483095978216e-05
Orbitrap,92.494764,92.494764,6,1,1,1,1,256.9299,256.9299,256.9299,1.2048483095978216e-05
Orbitrap,92.71137,92.71137,5,1,1,1,1,309.0379,309.0379,309.0379,1.2048483095978216e-05
Orbitrap,92.71281000000002,92.71281000000002,14,1,1,1,1,309.0427,309.0427,309.0427,1.2048483095978216e-05
Orbitrap,92.835774,92.835774,6,1,1,1,1,464.17887,464.17887,464.17887,1.2048483095978216e-05
Orbitrap,92.90862,92.90862,5,1,1,1,1,258.0795,258.0795,258.0795,1.2048483095978216e-05
Orbitrap,93.05283,93.05283,5,1,1,1,1,310.1761,310.1761,310.1761,1.2048483095978216e-05
Orbitrap,93.242772,93.242772,6,1,1,1,1,259.0077,259.0077,259.0077,1.2048483095978216e-05
Orbitrap,93.32328,93.32328,5,1,1,1,1,777.694,777.694,777.694,1.2048483095978216e-05
Orbitrap,94.130016,94.130016,6,1,1,1,1,784.4168,784.4168,784.4168,1.2048483095978216e-05
Orbitrap,94.156254,94.156254,6,1,1,1,1,523.0903,523.0903,523.0903,1.2048483095978216e-05
Orbitrap,94.2147,94.2147,4,1,1,1,1,314.049,314.049,314.049,1.2048483095978216e-05
Orbitrap,94.22463,94.22463,5,1,1,1,1,314.0821,314.0821,314.0821,1.2048483095978216e-05
Orbitrap,94.25253,94.25253,5,1,1,1,1,314.1751,314.1751,314.1751,1.2048483095978216e-05
Orbitrap,94.49319,94.49319,5,1,1,1,1,314.9773,314.9773,314.9773,1.2048483095978216e-05
Orbitrap,94.52085,94.52085,5,1,1,1,1,315.0695,315.0695,315.0695,1.2048483095978216e-05
Orbitrap,94.686156,94.686156,6,1,1,1,1,263.0171,263.0171,263.0171,1.2048483095978216e-05
Orbitrap,94.698036,94.698036,6,1,1,1,1,263.0501,263.0501,263.0501,1.2048483095978216e-05
Orbitrap,94.835736,94.835736,6,1,1,1,1,395.1489,395.1489,395.1489,1.2048483095978216e-05
Orbitrap,95.277576,95.277576,6,1,1,1,1,396.9899,396.9899,396.9899,1.2048483095978216e-05
Orbitrap,95.451,95.451,3,1,1,1,1,318.17,318.17,318.17,1.2048483095978216e-05
Orbitrap,95.45928,95.45928,5,1,1,1,1,318.1976,318.1976,318.1976,1.2048483095978216e-05
Orbitrap,95.541072,95.541072,6,1,1,1,1,398.0878,398.0878,398.0878,1.2048483095978216e-05
Orbitrap,96.03144,96.03144,5,1,1,1,1,400.131,400.131,400.131,1.2048483095978216e-05
Orbitrap,96.31137,96.31137,5,1,1,1,1,321.0379,321.0379,321.0379,1.2048483095978216e-05
Orbitrap,96.32514,96.32514,5,1,1,1,1,321.0838,321.0838,321.0838,1.2048483095978216e-05
Orbitrap,96.49476,96.49476,5,1,1,1,1,402.0615,402.0615,402.0615,1.2048483095978216e-05
Orbitrap,96.841224,96.841224,6,1,1,1,1,269.0034,269.0034,269.0034,1.2048483095978216e-05
Orbitrap,96.909,96.909,3,1,1,1,1,323.03,323.03,323.03,1.2048483095978216e-05
Orbitrap,96.92715,96.92715,5,1,1,1,1,323.0905,323.0905,323.0905,1.2048483095978216e-05
Orbitrap,96.95895000000002,96.95895000000002,14,1,1,1,1,323.1965,323.1965,323.1965,1.2048483095978216e-05
Orbitrap,97.03215,97.03215,5,1,1,1,1,539.0675,539.0675,539.0675,1.2048483095978216e-05
Orbitrap,97.194636,97.194636,6,1,1,1,1,539.9702,539.9702,539.9702,1.2048483095978216e-05
Orbitrap,97.1964,97.1964,4,1,1,1,1,323.988,323.988,323.988,1.2048483095978216e-05
Orbitrap,97.21362,97.21362,5,1,1,1,1,324.0454,324.0454,324.0454,1.2048483095978216e-05
Orbitrap,97.594416,97.594416,6,1,1,1,1,271.0956,271.0956,271.0956,1.2048483095978216e-05
Orbitrap,97.772004,97.772004,6,1,1,1,1,543.1778,543.1778,543.1778,1.2048483095978216e-05
Orbitrap,97.8084,97.8084,4,1,1,1,1,326.028,326.028,326.028,1.2048483095978216e-05
Orbitrap,97.82463,97.82463,5,1,1,1,1,326.0821,326.0821,326.0821,1.2048483095978216e-05
Orbitrap,98.41842,98.41842,5,1,1,1,1,328.0614,328.0614,328.0614,1.2048483095978216e-05
Orbitrap,98.42934,98.42934,5,1,1,1,1,328.0978,328.0978,328.0978,1.2048483095978216e-05
Orbitrap,98.639976,98.639976,6,1,1,1,1,410.9999,410.9999,410.9999,1.2048483095978216e-05
Orbitrap,98.663256,98.663256,6,1,1,1,1,411.0969,411.0969,411.0969,1.2048483095978216e-05
Orbitrap,98.66856,98.66856,5,1,1,1,1,328.8952,328.8952,328.8952,1.2048483095978216e-05
Orbitrap,98.686752,98.686752,6,1,1,1,1,411.1948,411.1948,411.1948,1.2048483095978216e-05
Orbitrap,98.78397,98.78397,5,1,1,1,1,329.2799,329.2799,329.2799,1.2048483095978216e-05
Orbitrap,99.382752,99.382752,6,1,1,1,1,276.0632,276.0632,276.0632,1.2048483095978216e-05
Orbitrap,100.24047,100.24047,5,1,1,1,1,334.1349,334.1349,334.1349,1.2048483095978216e-05
Orbitrap,100.25043,100.25043,5,1,1,1,1,334.1681,334.1681,334.1681,1.2048483095978216e-05
Orbitrap,101.304024,101.304024,6,1,1,1,1,422.1001,422.1001,422.1001,1.2048483095978216e-05
Orbitrap,101.552076,101.552076,6,1,1,1,1,282.0891,282.0891,282.0891,1.2048483095978216e-05
Orbitrap,101.75865,101.75865,5,1,1,1,1,339.1955,339.1955,339.1955,1.2048483095978216e-05
Orbitrap,101.85980399999998,101.85980399999998,14,1,1,1,1,282.9439,282.9439,282.9439,1.2048483095978216e-05
Orbitrap,102.00807,102.00807,5,1,1,1,1,340.0269,340.0269,340.0269,1.2048483095978216e-05
Orbitrap,102.248376,102.248376,6,1,1,1,1,426.0349,426.0349,426.0349,1.2048483095978216e-05
Orbitrap,102.32157,102.32157,5,1,1,1,1,341.0719,341.0719,341.0719,1.2048483095978216e-05
Orbitrap,102.45459,102.45459,5,1,1,1,1,683.0306,683.0306,683.0306,1.2048483095978216e-05
Orbitrap,102.644424,102.644424,6,1,1,1,1,285.1234,285.1234,285.1234,1.2048483095978216e-05
Orbitrap,102.89433,102.89433,5,1,1,1,1,342.9811,342.9811,342.9811,1.2048483095978216e-05
Orbitrap,103.23486,103.23486,5,1,1,1,1,344.1162,344.1162,344.1162,1.2048483095978216e-05
Orbitrap,103.36496,103.36496,5,1,1,1,1,646.031,646.031,646.031,1.2048483095978216e-05
Orbitrap,103.83708,103.83708,5,1,1,1,1,346.1236,346.1236,346.1236,1.2048483095978216e-05
Orbitrap,104.07679199999998,104.07679199999998,14,1,1,1,1,289.1022,289.1022,289.1022,1.2048483095978216e-05
Orbitrap,104.411616,104.411616,6,1,1,1,1,435.0484,435.0484,435.0484,1.2048483095978216e-05
Orbitrap,104.771052,104.771052,6,1,1,1,1,291.0307,291.0307,291.0307,1.2048483095978216e-05
Orbitrap,104.785884,104.785884,6,1,1,1,1,291.0719,291.0719,291.0719,1.2048483095978216e-05
Orbitrap,104.927016,104.927016,6,1,1,1,1,437.1959,437.1959,437.1959,1.2048483095978216e-05
Orbitrap,105.370128,105.370128,6,1,1,1,1,439.0422,439.0422,439.0422,1.2048483095978216e-05
Orbitrap,105.48356400000002,105.48356400000002,14,1,1,1,1,293.0099,293.0099,293.0099,1.2048483095978216e-05
Orbitrap,105.522192,105.522192,6,1,1,1,1,293.1172,293.1172,293.1172,1.2048483095978216e-05
Orbitrap,105.87614399999998,105.87614399999998,14,1,1,1,1,294.1004,294.1004,294.1004,1.2048483095978216e-05
Orbitrap,106.2144,106.2144,4,1,1,1,1,295.04,295.04,295.04,1.2048483095978216e-05
Orbitrap,106.51542,106.51542,5,1,1,1,1,355.0514,355.0514,355.0514,1.2048483095978216e-05
Orbitrap,106.51689,106.51689,5,1,1,1,1,355.0563,355.0563,355.0563,1.2048483095978216e-05
Orbitrap,106.843152,106.843152,6,1,1,1,1,445.1798,445.1798,445.1798,1.2048483095978216e-05
Orbitrap,106.968564,106.968564,6,1,1,1,1,594.2698,594.2698,594.2698,1.2048483095978216e-05
Orbitrap,107.28338399999998,107.28338399999998,14,1,1,1,1,447.0141,447.0141,447.0141,1.2048483095978216e-05
Orbitrap,107.323344,107.323344,6,1,1,1,1,298.1204,298.1204,298.1204,1.2048483095978216e-05
Orbitrap,107.56152,107.56152,5,1,1,1,1,448.173,448.173,448.173,1.2048483095978216e-05
Orbitrap,107.662104,107.662104,6,1,1,1,1,299.0614,299.0614,299.0614,1.2048483095978216e-05
Orbitrap,107.69004,107.69004,5,1,1,1,1,299.139,299.139,299.139,1.2048483095978216e-05
Orbitrap,108.016344,108.016344,6,1,1,1,1,300.0454,300.0454,300.0454,1.2048483095978216e-05
Orbitrap,108.31611,108.31611,5,1,1,1,1,361.0537,361.0537,361.0537,1.2048483095978216e-05
Orbitrap,108.63798,108.63798,5,1,1,1,1,362.1266,362.1266,362.1266,1.2048483095978216e-05
Orbitrap,108.783036,108.783036,6,1,1,1,1,302.1751,302.1751,302.1751,1.2048483095978216e-05
Orbitrap,108.87716,108.87716,5,1,1,1,1,777.694,777.694,777.694,1.2048483095978216e-05
Orbitrap,108.90651,108.90651,5,1,1,1,1,363.0217,363.0217,363.0217,1.2048483095978216e-05
Orbitrap,109.22838,109.22838,5,1,1,1,1,364.0946,364.0946,364.0946,1.2048483095978216e-05
Orbitrap,109.480716,109.480716,6,1,1,1,1,304.1131,304.1131,304.1131,1.2048483095978216e-05
Orbitrap,109.508652,109.508652,6,1,1,1,1,304.1907,304.1907,304.1907,1.2048483095978216e-05
Orbitrap,109.54347,109.54347,5,1,1,1,1,365.1449,365.1449,365.1449,1.2048483095978216e-05
Orbitrap,109.843056,109.843056,6,1,1,1,1,305.1196,305.1196,305.1196,1.2048483095978216e-05
Orbitrap,110.14593,110.14593,5,1,1,1,1,367.1531,367.1531,367.1531,1.2048483095978216e-05
Orbitrap,111.25364399999998,111.25364399999998,14,1,1,1,1,309.0379,309.0379,309.0379,1.2048483095978216e-05
Orbitrap,111.255372,111.255372,6,1,1,1,1,309.0427,309.0427,309.0427,1.2048483095978216e-05
Orbitrap,111.32526,111.32526,5,1,1,1,1,371.0842,371.0842,371.0842,1.2048483095978216e-05
Orbitrap,111.414696,111.414696,6,1,1,1,1,464.2279,464.2279,464.2279,1.2048483095978216e-05
Orbitrap,111.627744,111.627744,6,1,1,1,1,465.1156,465.1156,465.1156,1.2048483095978216e-05
Orbitrap,111.64818,111.64818,5,1,1,1,1,372.1606,372.1606,372.1606,1.2048483095978216e-05
Orbitrap,111.663396,111.663396,6,1,1,1,1,310.1761,310.1761,310.1761,1.2048483095978216e-05
Orbitrap,112.22802,112.22802,5,1,1,1,1,374.0934,374.0934,374.0934,1.2048483095978216e-05
Orbitrap,112.27491,112.27491,5,1,1,1,1,748.4994,748.4994,748.4994,1.2048483095978216e-05
Orbitrap,113.05763999999998,113.05763999999998,14,1,1,1,1,314.049,314.049,314.049,1.2048483095978216e-05
Orbitrap,113.069556,113.069556,6,1,1,1,1,314.0821,314.0821,314.0821,1.2048483095978216e-05
Orbitrap,113.103036,113.103036,6,1,1,1,1,314.1751,314.1751,314.1751,1.2048483095978216e-05
Orbitrap,113.391828,113.391828,6,1,1,1,1,314.9773,314.9773,314.9773,1.2048483095978216e-05
Orbitrap,113.42502,113.42502,5,1,1,1,1,315.0695,315.0695,315.0695,1.2048483095978216e-05
Orbitrap,113.45829,113.45829,5,1,1,1,1,378.1943,378.1943,378.1943,1.2048483095978216e-05
Orbitrap,114.07491,114.07491,5,1,1,1,1,760.4994,760.4994,760.4994,1.2048483095978216e-05
Orbitrap,114.54120000000002,114.54120000000002,14,1,1,1,1,318.17,318.17,318.17,1.2048483095978216e-05
Orbitrap,114.551136,114.551136,6,1,1,1,1,318.1976,318.1976,318.1976,1.2048483095978216e-05
Orbitrap,114.91491,114.91491,5,1,1,1,1,383.0497,383.0497,383.0497,1.2048483095978216e-05
Orbitrap,114.94905,114.94905,5,1,1,1,1,383.1635,383.1635,383.1635,1.2048483095978216e-05
Orbitrap,115.24419,115.24419,5,1,1,1,1,384.1473,384.1473,384.1473,1.2048483095978216e-05
Orbitrap,115.573644,115.573644,6,1,1,1,1,321.0379,321.0379,321.0379,1.2048483095978216e-05
Orbitrap,115.590168,115.590168,6,1,1,1,1,321.0838,321.0838,321.0838,1.2048483095978216e-05
Orbitrap,116.2908,116.2908,4,1,1,1,1,323.03,323.03,323.03,1.2048483095978216e-05
Orbitrap,116.31258,116.31258,5,1,1,1,1,323.0905,323.0905,323.0905,1.2048483095978216e-05
Orbitrap,116.35074,116.35074,5,1,1,1,1,323.1965,323.1965,323.1965,1.2048483095978216e-05
Orbitrap,116.63568,116.63568,5,1,1,1,1,323.988,323.988,323.988,1.2048483095978216e-05
Orbitrap,116.65634399999998,116.65634399999998,14,1,1,1,1,324.0454,324.0454,324.0454,1.2048483095978216e-05
Orbitrap,117.215535,117.215535,6,1,1,1,1,781.4369,781.4369,781.4369,1.2048483095978216e-05
Orbitrap,117.37008,117.37008,5,1,1,1,1,326.028,326.028,326.028,1.2048483095978216e-05
Orbitrap,117.389556,117.389556,6,1,1,1,1,326.0821,326.0821,326.0821,1.2048483095978216e-05
Orbitrap,118.102104,118.102104,6,1,1,1,1,328.0614,328.0614,328.0614,1.2048483095978216e-05
Orbitrap,118.115208,118.115208,6,1,1,1,1,328.0978,328.0978,328.0978,1.2048483095978216e-05
Orbitrap,118.402272,118.402272,6,1,1,1,1,328.8952,328.8952,328.8952,1.2048483095978216e-05
Orbitrap,118.540764,118.540764,6,1,1,1,1,329.2799,329.2799,329.2799,1.2048483095978216e-05
Orbitrap,118.54467,118.54467,5,1,1,1,1,395.1489,395.1489,395.1489,1.2048483095978216e-05
Orbitrap,119.09696999999998,119.09696999999998,14,1,1,1,1,396.9899,396.9899,396.9899,1.2048483095978216e-05
Orbitrap,119.42634,119.42634,5,1,1,1,1,398.0878,398.0878,398.0878,1.2048483095978216e-05
Orbitrap,120.03929999999998,120.03929999999998,14,1,1,1,1,400.131,400.131,400.131,1.2048483095978216e-05
Orbitrap,120.288564,120.288564,6,1,1,1,1,334.1349,334.1349,334.1349,1.2048483095978216e-05
Orbitrap,120.300516,120.300516,6,1,1,1,1,334.1681,334.1681,334.1681,1.2048483095978216e-05
Orbitrap,122.11038,122.11038,5,1,1,1,1,339.1955,339.1955,339.1955,1.2048483095978216e-05
Orbitrap,122.785884,122.785884,6,1,1,1,1,341.0719,341.0719,341.0719,1.2048483095978216e-05
Orbitrap,123.29997,123.29997,5,1,1,1,1,410.9999,410.9999,410.9999,1.2048483095978216e-05
Orbitrap,123.32907,123.32907,5,1,1,1,1,411.0969,411.0969,411.0969,1.2048483095978216e-05
Orbitrap,123.35844,123.35844,5,1,1,1,1,411.1948,411.1948,411.1948,1.2048483095978216e-05
Orbitrap,123.881832,123.881832,6,1,1,1,1,344.1162,344.1162,344.1162,1.2048483095978216e-05
Orbitrap,124.43104,124.43104,5,1,1,1,1,777.694,777.694,777.694,1.2048483095978216e-05
Orbitrap,124.604496,124.604496,6,1,1,1,1,346.1236,346.1236,346.1236,1.2048483095978216e-05
Orbitrap,125.541672,125.541672,6,1,1,1,1,523.0903,523.0903,523.0903,1.2048483095978216e-05
Orbitrap,126.63003,126.63003,5,1,1,1,1,422.1001,422.1001,422.1001,1.2048483095978216e-05
Orbitrap,127.81047,127.81047,5,1,1,1,1,426.0349,426.0349,426.0349,1.2048483095978216e-05
Orbitrap,127.818504,127.818504,6,1,1,1,1,355.0514,355.0514,355.0514,1.2048483095978216e-05
Orbitrap,127.820268,127.820268,6,1,1,1,1,355.0563,355.0563,355.0563,1.2048483095978216e-05
Orbitrap,129.37619999999998,129.37619999999998,14,1,1,1,1,539.0675,539.0675,539.0675,1.2048483095978216e-05
Orbitrap,129.592848,129.592848,6,1,1,1,1,539.9702,539.9702,539.9702,1.2048483095978216e-05
Orbitrap,129.979332,129.979332,6,1,1,1,1,361.0537,361.0537,361.0537,1.2048483095978216e-05
Orbitrap,130.362672,130.362672,6,1,1,1,1,543.1778,543.1778,543.1778,1.2048483095978216e-05
Orbitrap,130.365576,130.365576,6,1,1,1,1,362.1266,362.1266,362.1266,1.2048483095978216e-05
Orbitrap,130.51452,130.51452,5,1,1,1,1,435.0484,435.0484,435.0484,1.2048483095978216e-05
Orbitrap,131.074056,131.074056,6,1,1,1,1,364.0946,364.0946,364.0946,1.2048483095978216e-05
Orbitrap,131.15876999999998,131.15876999999998,14,1,1,1,1,437.1959,437.1959,437.1959,1.2048483095978216e-05
Orbitrap,131.45216399999998,131.45216399999998,14,1,1,1,1,365.1449,365.1449,365.1449,1.2048483095978216e-05
Orbitrap,131.71266,131.71266,5,1,1,1,1,439.0422,439.0422,439.0422,1.2048483095978216e-05
Orbitrap,132.175116,132.175116,6,1,1,1,1,367.1531,367.1531,367.1531,1.2048483095978216e-05
Orbitrap,133.55394,133.55394,5,1,1,1,1,445.1798,445.1798,445.1798,1.2048483095978216e-05
Orbitrap,133.590312,133.590312,6,1,1,1,1,371.0842,371.0842,371.0842,1.2048483095978216e-05
Orbitrap,134.10422999999997,134.10422999999997,14,1,1,1,1,447.0141,447.0141,447.0141,1.2048483095978216e-05
Orbitrap,134.4519,134.4519,4,1,1,1,1,448.173,448.173,448.173,1.2048483095978216e-05
Orbitrap,134.673624,134.673624,6,1,1,1,1,374.0934,374.0934,374.0934,1.2048483095978216e-05
Orbitrap,134.729892,134.729892,6,1,1,1,1,748.4994,748.4994,748.4994,1.2048483095978216e-05
Orbitrap,136.149948,136.149948,6,1,1,1,1,378.1943,378.1943,378.1943,1.2048483095978216e-05
Orbitrap,136.889892,136.889892,6,1,1,1,1,760.4994,760.4994,760.4994,1.2048483095978216e-05
Orbitrap,137.93885999999998,137.93885999999998,14,1,1,1,1,383.1635,383.1635,383.1635,1.2048483095978216e-05
Orbitrap,138.293028,138.293028,6,1,1,1,1,384.1473,384.1473,384.1473,1.2048483095978216e-05
Orbitrap,139.26837,139.26837,5,1,1,1,1,464.2279,464.2279,464.2279,1.2048483095978216e-05
Orbitrap,139.53467999999998,139.53467999999998,14,1,1,1,1,465.1156,465.1156,465.1156,1.2048483095978216e-05
Orbitrap,142.25360400000002,142.25360400000002,14,1,1,1,1,395.1489,395.1489,395.1489,1.2048483095978216e-05
Orbitrap,142.624752,142.624752,6,1,1,1,1,594.2698,594.2698,594.2698,1.2048483095978216e-05
Orbitrap,142.916364,142.916364,6,1,1,1,1,396.9899,396.9899,396.9899,1.2048483095978216e-05
Orbitrap,143.311608,143.311608,6,1,1,1,1,398.0878,398.0878,398.0878,1.2048483095978216e-05
Orbitrap,144.04716,144.04716,5,1,1,1,1,400.131,400.131,400.131,1.2048483095978216e-05
Orbitrap,147.959964,147.959964,6,1,1,1,1,410.9999,410.9999,410.9999,1.2048483095978216e-05
Orbitrap,147.99488399999998,147.99488399999998,14,1,1,1,1,411.0969,411.0969,411.0969,1.2048483095978216e-05
Orbitrap,148.030128,148.030128,6,1,1,1,1,411.1948,411.1948,411.1948,1.2048483095978216e-05
Orbitrap,151.95603599999998,151.95603599999998,14,1,1,1,1,422.1001,422.1001,422.1001,1.2048483095978216e-05
Orbitrap,153.37256399999998,153.37256399999998,14,1,1,1,1,426.0349,426.0349,426.0349,1.2048483095978216e-05
Orbitrap,156.617424,156.617424,6,1,1,1,1,435.0484,435.0484,435.0484,1.2048483095978216e-05
Orbitrap,156.92709,156.92709,5,1,1,1,1,523.0903,523.0903,523.0903,1.2048483095978216e-05
Orbitrap,157.390524,157.390524,6,1,1,1,1,437.1959,437.1959,437.1959,1.2048483095978216e-05
Orbitrap,158.05519199999998,158.05519199999998,14,1,1,1,1,439.0422,439.0422,439.0422,1.2048483095978216e-05
Orbitrap,160.264728,160.264728,6,1,1,1,1,445.1798,445.1798,445.1798,1.2048483095978216e-05
Orbitrap,160.925076,160.925076,6,1,1,1,1,447.0141,447.0141,447.0141,1.2048483095978216e-05
Orbitrap,161.72025,161.72025,5,1,1,1,1,539.0675,539.0675,539.0675,1.2048483095978216e-05
Orbitrap,161.99106,161.99106,5,1,1,1,1,539.9702,539.9702,539.9702,1.2048483095978216e-05
Orbitrap,162.95334000000005,162.95334000000005,14,1,1,1,1,543.1778,543.1778,543.1778,1.2048483095978216e-05
Orbitrap,167.122044,167.122044,6,1,1,1,1,464.2279,464.2279,464.2279,1.2048483095978216e-05
Orbitrap,167.44161599999998,167.44161599999998,14,1,1,1,1,465.1156,465.1156,465.1156,1.2048483095978216e-05
Orbitrap,178.28094000000002,178.28094000000002,14,1,1,1,1,594.2698,594.2698,594.2698,1.2048483095978216e-05
Orbitrap,179.639856,179.639856,6,1,1,1,1,748.4994,748.4994,748.4994,1.2048483095978216e-05
Orbitrap,182.519856,182.519856,6,1,1,1,1,760.4994,760.4994,760.4994,1.2048483095978216e-05
Orbitrap,188.312508,188.312508,6,1,1,1,1,523.0903,523.0903,523.0903,1.2048483095978216e-05
Orbitrap,194.06429999999995,194.06429999999995,14,1,1,1,1,539.0675,539.0675,539.0675,1.2048483095978216e-05
Orbitrap,194.389272,194.389272,6,1,1,1,1,539.9702,539.9702,539.9702,1.2048483095978216e-05
Orbitrap,195.544008,195.544008,6,1,1,1,1,543.1778,543.1778,543.1778,1.2048483095978216e-05
Orbitrap,213.93712800000003,213.93712800000003,14,1,1,1,1,594.2698,594.2698,594.2698,1.2048483095978216e-05
Orbitrap,228.14982,228.14982,5,1,1,1,1,760.4994,760.4994,760.4994,1.2048483095978216e-05
Orbitrap,273.779784,273.779784,6,1,1,1,1,760.4994,760.4994,760.4994,1.2048483095978216e-05
QTOF,10.0,10,0,7055,6807,3136,6807,60.081045906016,291.0863146,975.5159214,0.18225735617039965
QTOF,40.0,40,0,6275,5997,3034,5997,60.081045906016,294.2064,971.521,0.1621070035392286
QTOF,20.0,20,0,5935,5578,3190,5578,60.081045906016,289.1215,971.521,0.153323516494872
QTOF,6.0,6,0,4339,4339,559,4339,128.143376,369.1808837,975.5159214,0.11209279495724508
QTOF,30.0,30,0,4207,4170,1897,4170,62.0600395202637,292.0654,975.5159214,0.10868273528120076
QTOF,50.0,50,0,3071,3058,1505,3058,76.07569,319.0732,975.5159214,0.07933555503887985
QTOF,60.0,60,0,743,737,722,737,76.07569,297.1398,943.5261,0.01919450257046165
QTOF,70.0,70,0,618,613,613,613,116.0277,296.5984,916.5264,0.015965279392389366
QTOF,80.0,80,0,580,577,569,577,116.0277,299.1754,916.5264,0.014983595546255392
QTOF,35.0,35,0,565,562,526,562,62.059,275.0933,847.4524,0.014596088764886718
QTOF,25.0,25,0,528,519,323,519,89.10784,255.0748394,838.16487,0.013640238704177323
QTOF,90.0,90,0,495,492,490,492,116.0277,302.11,916.5264,0.01278772378516624
QTOF,32.5,32.5,1,463,463,238,463,89.10784,268.10457,838.16487,0.011961042651579736
QTOF,100.0,100,0,457,454,452,454,116.0277,310.2013,916.5264,0.011806039939032266
QTOF,110.0,110,0,431,428,426,428,116.0277,308.1104,916.5264,0.011134361517993232
QTOF,120.0,120,0,396,393,391,393,127.0502,315.64015,916.5264,0.010230179028132993
QTOF,130.0,130,0,374,372,371,372,128.1434,316.0913,916.5264,0.00966183574879227
QTOF,140.0,140,0,342,340,339,340,128.1434,316.1095,916.5264,0.008835154615205766
QTOF,150.0,150,0,306,304,303,304,128.1434,326.20385,916.5264,0.007905138339920948
QTOF,0.0,0,0,190,188,119,188,86.0600433349609,180.59953308105452,611.197021484375,0.00490841923066987
QTOF,15.0,15,0,154,144,124,144,106.050563084,296.1468,734.469211204,0.003978402955385053
QTOF,45.0,45,0,81,78,54,78,134.0713,296.1468,580.915,0.0020925366193908393
QTOF,5.0,5,0,79,69,53,69,134.0713,341.0937,569.3813,0.0020408690485416827
QTOF,55.0,55,0,59,58,55,58,116.071298528,287.05570804,581.187175704,0.0015241933400501175
QTOF,28.5,28.5,1,16,16,8,16,358.9574,361.12975,361.201,0.0004133405667932522
QTOF,27.75,27.75,2,15,15,8,15,329.186,331.1904,332.1639,0.00038750678136867395
QTOF,27.1,27.1,1,14,14,7,14,303.1955,303.2319,304.2635,0.0003616729959440957
QTOF,27.25,27.25,2,14,14,7,14,309.0902,311.1133,311.2006,0.0003616729959440957
QTOF,27.4,27.4,1,14,14,7,14,315.1485,316.008,317.1642,0.0003616729959440957
QTOF,27.65,27.65,2,13,13,7,13,325.1711,327.0781,377.2071,0.00033583921051951745
QTOF,24.9,24.9,1,12,12,6,12,253.0294,253.13155,254.0594,0.00031000542509493915
QTOF,25.4,25.4,1,12,12,6,12,264.009,264.1858,265.1911,0.00031000542509493915
QTOF,28.9,28.9,1,12,12,6,12,375.1721,376.1388,377.2123,0.00031000542509493915
QTOF,24.75,24.75,2,11,11,5,11,249.1022,250.016,250.1802,0.0002841716396703609
QTOF,27.0,27,0,11,11,6,11,299.2006,301.0738,330.15,0.0002841716396703609
QTOF,21.75,21.75,2,10,10,5,10,183.0781,184.0869,184.1193,0.00025833785424578265
QTOF,22.85,22.85,2,10,10,5,10,207.1128,207.1743,208.1332,0.00025833785424578265
QTOF,23.15,23.15,2,10,10,5,10,214.0297,214.1087,215.0597,0.00025833785424578265
QTOF,27.15,27.15,2,10,10,5,10,306.0811,306.1271,331.015,0.00025833785424578265
QTOF,29.25,29.25,2,10,10,5,10,389.1123,390.1084,391.3207,0.00025833785424578265
QTOF,29.75,29.75,2,10,10,5,10,409.137,411.1081,411.1978,0.00025833785424578265
QTOF,18.0,18,0,9,9,5,9,85.0509,100.0757,291.14515,0.00023250406882120437
QTOF,22.0,22,0,9,9,4,9,188.0697,189.1022,189.1598,0.00023250406882120437
QTOF,20.35,20.35,2,8,8,4,8,152.0165,152.0888,152.1434,0.0002066702833966261
QTOF,20.4,20.4,1,8,8,4,8,153.0229,153.53564999999998,154.1226,0.0002066702833966261
QTOF,21.0,21,0,8,8,4,8,166.0499,166.5783,167.104,0.0002066702833966261
QTOF,22.6,22.6,1,8,8,4,8,202.0433,202.0854,202.1802,0.0002066702833966261
QTOF,23.95,23.95,2,8,8,4,8,232.0524,232.12065,232.1444,0.0002066702833966261
QTOF,24.15,24.15,2,8,8,4,8,237.1022,237.17235,296.024,0.0002066702833966261
QTOF,24.25,24.25,2,8,8,4,8,238.0993,238.57425,239.1503,0.0002066702833966261
QTOF,24.5,24.5,1,8,8,4,8,244.0638,245.15925,245.19,0.0002066702833966261
QTOF,25.25,25.25,2,8,8,4,8,261.0321,261.08335,261.1961,0.0002066702833966261
QTOF,25.5,25.5,1,8,8,4,8,266.1652,267.13955,267.172,0.0002066702833966261
QTOF,25.6,25.6,1,8,8,4,8,268.075,268.11465,269.1648,0.0002066702833966261
QTOF,26.1,26.1,1,8,8,4,8,280.1179,280.1543,281.2012,0.0002066702833966261
QTOF,26.2,26.2,1,8,8,4,8,282.0214,282.11605,282.2791,0.0002066702833966261
QTOF,26.35,26.35,2,8,8,4,8,285.0208,285.04985,285.142,0.0002066702833966261
QTOF,26.4,26.4,1,8,8,4,8,286.1438,287.0765,287.2006,0.0002066702833966261
QTOF,26.5,26.5,1,8,8,4,8,288.2533,289.08765000000005,289.2162,0.0002066702833966261
QTOF,26.6,26.6,1,8,8,4,8,291.0895,291.17035,291.2319,0.0002066702833966261
QTOF,26.85,26.85,2,8,8,4,8,296.07,296.1095,296.1412,0.0002066702833966261
QTOF,27.35,27.35,2,8,8,4,8,313.2162,313.65485,314.1387,0.0002066702833966261
QTOF,28.15,28.15,2,8,8,4,8,345.0767,345.17885,346.0443,0.0002066702833966261
QTOF,28.450000000000003,28.450000000000003,15,8,8,4,8,358.0841,358.1969,358.9768,0.0002066702833966261
QTOF,19.6,19.6,1,7,7,4,7,135.1016,136.0757,136.1121,0.00018083649797204785
QTOF,23.85,23.85,2,7,7,4,7,230.0069,230.1167,230.2478,0.00018083649797204785
QTOF,26.05,26.05,2,7,7,4,7,279.0273,279.091,279.1452,0.00018083649797204785
QTOF,30.4,30.4,1,7,7,5,7,435.2177,435.3598,436.2343,0.00018083649797204785
QTOF,8.0,8,0,6,6,5,6,785.4946,940.54955,963.5542,0.00015500271254746957
QTOF,20.1,20.1,1,6,6,3,6,146.0116,146.06,146.06,0.00015500271254746957
QTOF,21.5,21.5,1,6,6,3,6,177.1386,178.1226,181.0859,0.00015500271254746957
QTOF,22.35,22.35,2,6,6,3,6,196.0604,196.0757,197.0608,0.00015500271254746957
QTOF,22.65,22.65,2,6,6,3,6,203.062,204.1019,204.1383,0.00015500271254746957
QTOF,23.05,23.05,2,6,6,3,6,212.0585,212.1182,212.1506,0.00015500271254746957
QTOF,23.25,23.25,2,6,6,3,6,216.101,217.0794,217.0972,0.00015500271254746957
QTOF,23.35,23.35,2,6,6,3,6,218.0845,218.1539,219.1128,0.00015500271254746957
QTOF,23.5,23.5,1,6,6,3,6,222.0316,222.0429,223.0745,0.00015500271254746957
QTOF,23.6,23.6,1,6,6,3,6,224.0376,224.0837,224.0917,0.00015500271254746957
QTOF,23.65,23.65,2,6,6,3,6,225.1135,226.0896,226.1339,0.00015500271254746957
QTOF,23.9,23.9,1,6,6,2,6,231.1016,231.1492,231.1492,0.00015500271254746957
QTOF,24.3,24.3,1,6,6,3,6,240.0786,240.115,240.1594,0.00015500271254746957
QTOF,24.8,24.8,1,6,6,3,6,251.0373,251.0468,251.1642,0.00015500271254746957
QTOF,25.700000000000003,25.700000000000003,15,6,6,3,6,271.0318,271.1077,271.1693,0.00015500271254746957
QTOF,25.75,25.75,2,6,6,3,6,271.0415,272.0951,273.1267,0.00015500271254746957
QTOF,26.0,26,0,6,6,3,6,277.0869,278.1055,278.1903,0.00015500271254746957
QTOF,26.75,26.75,2,6,6,3,6,294.1601,294.1713,295.1288,0.00015500271254746957
QTOF,26.9,26.9,1,6,6,3,6,298.0856,298.126,298.2741,0.00015500271254746957
QTOF,27.05,27.05,2,6,6,3,6,302.1057,302.1387,302.1751,0.00015500271254746957
QTOF,27.5,27.5,1,6,6,3,6,319.1628,320.1524,321.1333,0.00015500271254746957
QTOF,28.05,28.05,2,6,6,3,6,342.0771,342.1467,342.2064,0.00015500271254746957
QTOF,28.25,28.25,2,6,6,3,6,349.1329,349.1771,350.1169,0.00015500271254746957
QTOF,28.55,28.55,2,6,6,3,6,362.1154,362.2115,363.1463,0.00015500271254746957
QTOF,28.75,28.75,2,6,6,3,6,369.125,370.0486,370.2377,0.00015500271254746957
QTOF,29.15,29.15,2,6,6,3,6,385.2373,386.1311,387.253,0.00015500271254746957
QTOF,29.5,29.5,1,6,6,3,6,399.0969,399.2506,400.1467,0.00015500271254746957
QTOF,31.75,31.75,2,6,6,3,6,489.0435,489.2279,491.2323,0.00015500271254746957
QTOF,21.85,21.85,2,5,5,3,5,185.0631,185.1073,186.0873,0.00012916892712289132
QTOF,22.5,22.5,1,5,5,3,5,199.0978,200.074,200.2373,0.00012916892712289132
QTOF,23.0,23,0,5,5,4,5,211.0745,211.1094,436.07284,0.00012916892712289132
QTOF,27.55,27.55,2,5,5,3,5,322.0663,322.0777,322.1438,0.00012916892712289132
QTOF,27.85,27.85,2,5,5,3,5,333.1809,334.0621,334.1049,0.00012916892712289132
QTOF,28.85,28.85,2,5,5,3,5,373.158,373.285,374.0934,0.00012916892712289132
QTOF,29.1,29.1,1,5,5,3,5,383.1521,384.0824,384.9949,0.00012916892712289132
QTOF,31.85,31.85,2,5,5,3,5,494.1511,494.2663,494.3299,0.00012916892712289132
QTOF,19.35,19.35,2,4,4,2,4,130.1087,130.12130000000002,130.1339,0.00010333514169831305
QTOF,19.5,19.5,1,4,4,2,4,134.06,134.06565,134.0713,0.00010333514169831305
QTOF,20.3,20.3,1,4,4,2,4,151.0324,151.0595,151.0866,0.00010333514169831305
QTOF,20.85,20.85,2,4,4,2,4,163.039,163.04629999999997,163.0536,0.00010333514169831305
QTOF,21.2,21.2,1,4,4,2,4,171.0587,171.12214999999998,171.1856,0.00010333514169831305
QTOF,21.25,21.25,2,4,4,2,4,172.0717,172.10244999999998,172.1332,0.00010333514169831305
QTOF,21.4,21.4,1,4,4,2,4,176.0706,176.0706,176.0706,0.00010333514169831305
QTOF,21.6,21.6,1,4,4,2,4,180.0808,180.12775,180.1747,0.00010333514169831305
QTOF,21.9,21.9,1,4,4,2,4,186.2216,186.2216,186.2216,0.00010333514169831305
QTOF,22.25,22.25,2,4,4,2,4,194.1176,194.6096,195.1016,0.00010333514169831305
QTOF,22.4,22.4,1,4,4,2,4,198.1026,198.11874999999998,198.1349,0.00010333514169831305
QTOF,22.55,22.55,2,4,4,2,4,201.0618,201.0655,201.0692,0.00010333514169831305
QTOF,23.1,23.1,1,4,4,2,4,213.0789,213.10875,213.1386,0.00010333514169831305
QTOF,23.450000000000003,23.450000000000003,15,4,4,2,4,220.9532,221.03195,221.1107,0.00010333514169831305
QTOF,23.75,23.75,2,4,4,2,4,227.1543,227.64100000000002,228.1277,0.00010333514169831305
QTOF,24.1,24.1,1,4,4,2,4,235.1441,235.16230000000002,235.1805,0.00010333514169831305
QTOF,24.4,24.4,1,4,4,2,4,242.1176,242.2009,242.2842,0.00010333514169831305
QTOF,24.700000000000003,24.700000000000003,15,4,4,2,4,249.0192,249.0442,249.0692,0.00010333514169831305
QTOF,24.85,24.85,2,4,4,2,4,252.123,252.13234999999997,252.1417,0.00010333514169831305
QTOF,25.1,25.1,1,4,4,2,4,258.0795,258.16115,258.2428,0.00010333514169831305
QTOF,25.3,25.3,1,4,4,2,4,262.071,262.0948,262.1186,0.00010333514169831305
QTOF,25.85,25.85,2,4,4,2,4,274.1186,274.18575,274.2529,0.00010333514169831305
QTOF,26.15,26.15,2,4,4,2,4,280.1696,280.61995,281.0703,0.00010333514169831305
QTOF,26.65,26.65,2,4,4,2,4,292.1211,292.16355,292.206,0.00010333514169831305
QTOF,27.200000000000003,27.200000000000003,15,4,4,2,4,308.004,308.07820000000004,308.1524,0.00010333514169831305
QTOF,27.6,27.6,1,4,4,2,4,323.0196,323.56045,324.1013,0.00010333514169831305
QTOF,27.9,27.9,1,4,4,2,4,336.1837,336.69795,337.2122,0.00010333514169831305
QTOF,28.0,28,0,4,4,2,4,339.2166,340.21385,341.2111,0.00010333514169831305
QTOF,28.1,28.1,1,4,4,2,4,343.0399,343.0464,343.0529,0.00010333514169831305
QTOF,28.4,28.4,1,4,4,2,4,355.1089,356.1178,357.1267,0.00010333514169831305
QTOF,28.65,28.65,2,4,4,2,4,365.1449,366.18585,367.2268,0.00010333514169831305
QTOF,29.2,29.2,1,4,4,2,4,388.1059,388.16650000000004,388.2271,0.00010333514169831305
QTOF,29.4,29.4,1,4,4,2,4,395.0813,395.13385,395.1864,0.00010333514169831305
QTOF,29.53928,29.53928,5,4,4,1,4,427.1904,427.1904,427.1904,0.00010333514169831305
QTOF,29.9,29.9,1,4,4,2,4,415.1451,416.18615,417.2272,0.00010333514169831305
QTOF,30.15,30.15,2,4,4,2,4,425.3625,425.7658,426.1691,0.00010333514169831305
QTOF,30.25,30.25,2,4,4,2,4,430.2588,430.7508,431.2428,0.00010333514169831305
QTOF,30.58772,30.58772,5,4,4,1,4,441.1697,441.1697,441.1697,0.00010333514169831305
QTOF,30.9,30.9,1,4,4,2,4,455.1786,455.2345,455.2904,0.00010333514169831305
QTOF,31.4,31.4,1,4,4,2,4,477.2303,477.2475,477.2647,0.00010333514169831305
QTOF,31.6361675,31.6361675,7,4,4,1,4,455.1489,455.1489,455.1489,0.00010333514169831305
QTOF,38.5,38.5,1,4,4,2,4,748.4842,749.0,749.5158,0.00010333514169831305
QTOF,42.85,42.85,2,4,4,1,4,916.5264,916.5264,916.5264,0.00010333514169831305
QTOF,29.65,29.65,2,3,3,2,3,372.1586,405.2272,405.2272,7.750135627373479e-05
QTOF,32.0,32,0,3,3,2,3,501.1917,501.1917,769.1555,7.750135627373479e-05
QTOF,18.15,18.15,2,2,2,1,2,103.0614,103.0614,103.0614,5.1667570849156524e-05
QTOF,18.65,18.65,2,2,2,1,2,115.0324,115.0324,115.0324,5.1667570849156524e-05
QTOF,18.85,18.85,2,2,2,1,2,118.0863,118.0863,118.0863,5.1667570849156524e-05
QTOF,19.0,19,0,2,2,1,2,123.0917,123.0917,123.0917,5.1667570849156524e-05
QTOF,19.15,19.15,2,2,2,1,2,125.0379,125.0379,125.0379,5.1667570849156524e-05
QTOF,19.25,19.25,2,2,2,1,2,127.0727,127.0727,127.0727,5.1667570849156524e-05
QTOF,19.65,19.65,2,2,2,1,2,137.0709,137.0709,137.0709,5.1667570849156524e-05
QTOF,19.75,19.75,2,2,2,1,2,139.1117,139.1117,139.1117,5.1667570849156524e-05
QTOF,20.15,20.15,2,2,2,1,2,148.0869,148.0869,148.0869,5.1667570849156524e-05
QTOF,20.25,20.25,2,2,2,1,2,150.1277,150.1277,150.1277,5.1667570849156524e-05
QTOF,20.5,20.5,1,2,2,1,2,156.1383,156.1383,156.1383,5.1667570849156524e-05
QTOF,20.6,20.6,1,2,2,1,2,259.0077,259.0077,259.0077,5.1667570849156524e-05
QTOF,20.700000000000003,20.700000000000003,15,2,2,1,2,160.0272,160.0272,160.0272,5.1667570849156524e-05
QTOF,20.75,20.75,2,2,2,1,2,161.0921,161.0921,161.0921,5.1667570849156524e-05
QTOF,20.9,20.9,1,2,2,1,2,165.1022,165.1022,165.1022,5.1667570849156524e-05
QTOF,21.35,21.35,2,2,2,1,2,174.0541,174.0541,174.0541,5.1667570849156524e-05
QTOF,21.65,21.65,2,2,2,1,2,363.1472,363.1472,363.1472,5.1667570849156524e-05
QTOF,21.7,21.7,1,2,2,1,2,182.0093,182.0093,182.0093,5.1667570849156524e-05
QTOF,22.05,22.05,2,2,2,1,2,189.9821,189.9821,189.9821,5.1667570849156524e-05
QTOF,22.15,22.15,2,2,2,1,2,191.9977,191.9977,191.9977,5.1667570849156524e-05
QTOF,22.200000000000003,22.200000000000003,15,2,2,1,2,193.0972,193.0972,193.0972,5.1667570849156524e-05
QTOF,23.3,23.3,1,2,2,1,2,218.0134,218.0134,218.0134,5.1667570849156524e-05
QTOF,23.4,23.4,1,2,2,1,2,220.1121,220.1121,220.1121,5.1667570849156524e-05
QTOF,23.8,23.8,1,2,2,1,2,229.0859,229.0859,229.0859,5.1667570849156524e-05
QTOF,24.35,24.35,2,2,2,1,2,241.0641,241.0641,241.0641,5.1667570849156524e-05
QTOF,24.450000000000003,24.450000000000003,15,2,2,1,2,243.0782,243.0782,243.0782,5.1667570849156524e-05
QTOF,24.6,24.6,1,2,2,1,2,246.1237,246.1237,246.1237,5.1667570849156524e-05
QTOF,25.15,25.15,2,2,2,1,2,259.2056,259.2056,259.2056,5.1667570849156524e-05
QTOF,25.65,25.65,2,2,2,1,2,270.1255,270.1255,270.1255,5.1667570849156524e-05
QTOF,25.950000000000003,25.950000000000003,15,2,2,1,2,279.091,279.091,279.091,5.1667570849156524e-05
QTOF,26.25,26.25,2,2,2,1,2,284.1412,284.1412,284.1412,5.1667570849156524e-05
QTOF,26.7,26.7,1,2,2,1,2,293.1051,293.1051,293.1051,5.1667570849156524e-05
QTOF,27.3,27.3,1,2,2,1,2,312.0665,312.0665,312.0665,5.1667570849156524e-05
QTOF,27.45,27.45,2,2,2,1,2,318.013,318.013,318.013,5.1667570849156524e-05
QTOF,27.700000000000003,27.700000000000003,15,2,2,1,2,328.1543,328.1543,328.1543,5.1667570849156524e-05
QTOF,28.2,28.2,1,2,2,1,2,348.1013,348.1013,348.1013,5.1667570849156524e-05
QTOF,28.35,28.35,2,2,2,1,2,353.0221,353.0221,353.0221,5.1667570849156524e-05
QTOF,28.6,28.6,1,2,2,1,2,363.2166,363.2166,363.2166,5.1667570849156524e-05
QTOF,28.7,28.7,1,2,2,1,2,368.1104,368.1104,368.1104,5.1667570849156524e-05
QTOF,28.8,28.8,1,2,2,1,2,372.2322,372.2322,372.2322,5.1667570849156524e-05
QTOF,29.0,29,0,2,2,1,2,379.2115,379.2115,379.2115,5.1667570849156524e-05
QTOF,29.05,29.05,2,2,2,1,2,382.0832,382.0832,382.0832,5.1667570849156524e-05
QTOF,29.35,29.35,2,2,2,1,2,393.2072,393.2072,393.2072,5.1667570849156524e-05
QTOF,29.3881025,29.3881025,7,2,2,1,2,425.1747,425.1747,425.1747,5.1667570849156524e-05
QTOF,29.6,29.6,1,2,2,1,2,404.1241,404.1241,404.1241,5.1667570849156524e-05
QTOF,29.85,29.85,2,2,2,1,2,413.1197,413.1197,413.1197,5.1667570849156524e-05
QTOF,30.1,30.1,1,2,2,1,2,423.1695,423.1695,423.1695,5.1667570849156524e-05
QTOF,30.5,30.5,1,2,2,1,2,441.167,441.167,441.167,5.1667570849156524e-05
QTOF,31.0,31,0,2,2,1,2,459.0866,459.0866,459.0866,5.1667570849156524e-05
QTOF,31.25,31.25,2,2,2,1,2,470.3054,470.3054,470.3054,5.1667570849156524e-05
QTOF,31.35,31.35,2,2,2,1,2,474.1734,474.1734,474.1734,5.1667570849156524e-05
QTOF,31.9,31.9,1,2,2,1,2,496.3997,496.3997,496.3997,5.1667570849156524e-05
QTOF,32.1,32.1,1,2,2,1,2,503.244,503.244,503.244,5.1667570849156524e-05
QTOF,32.15,32.15,2,2,2,1,2,505.2596,505.2596,505.2596,5.1667570849156524e-05
QTOF,32.4,32.4,1,2,2,1,2,515.2442,515.2442,515.2442,5.1667570849156524e-05
QTOF,32.55,32.55,2,2,2,1,2,521.1492,521.1492,521.1492,5.1667570849156524e-05
QTOF,32.650000000000006,32.650000000000006,15,2,2,1,2,524.0363,524.0363,524.0363,5.1667570849156524e-05
QTOF,32.75,32.75,2,2,2,1,2,528.078,528.078,528.078,5.1667570849156524e-05
QTOF,32.8,32.8,1,2,2,1,2,531.156,531.156,531.156,5.1667570849156524e-05
QTOF,33.35,33.35,2,2,2,1,2,552.1911,552.1911,552.1911,5.1667570849156524e-05
QTOF,33.5,33.5,1,2,2,1,2,559.2603,559.2603,559.2603,5.1667570849156524e-05
QTOF,34.0381325,34.0381325,7,2,2,1,2,487.1751,487.1751,487.1751,5.1667570849156524e-05
QTOF,34.1,34.1,1,2,2,1,2,581.142,581.142,581.142,5.1667570849156524e-05
QTOF,34.25,34.25,2,2,2,1,2,586.2177,586.2177,586.2177,5.1667570849156524e-05
QTOF,34.95,34.95,2,2,2,1,2,613.2392,613.2392,613.2392,5.1667570849156524e-05
QTOF,35.35,35.35,2,2,2,1,2,629.3697,629.3697,629.3697,5.1667570849156524e-05
QTOF,35.65,35.65,2,2,2,1,2,640.3844,640.3844,640.3844,5.1667570849156524e-05
QTOF,35.8,35.8,1,2,2,1,2,646.031,646.031,646.031,5.1667570849156524e-05
QTOF,38.05,38.05,2,2,2,1,2,732.4681,732.4681,732.4681,5.1667570849156524e-05
QTOF,38.1,38.1,1,2,2,1,2,734.4685,734.4685,734.4685,5.1667570849156524e-05
QTOF,39.25,39.25,2,2,2,1,2,777.694,777.694,777.694,5.1667570849156524e-05
QTOF,39.45,39.45,2,2,2,1,2,786.3596,786.3596,786.3596,5.1667570849156524e-05
QTOF,40.75,40.75,2,2,2,1,2,837.5318,837.5318,837.5318,5.1667570849156524e-05
QTOF,41.6,41.6,1,2,2,1,2,869.5733,869.5733,869.5733,5.1667570849156524e-05
QTOF,42.05,42.05,2,2,2,1,2,886.5311,886.5311,886.5311,5.1667570849156524e-05
QTOF,63.63738239999999,63.63738239999999,14,2,2,1,2,265.15576,265.15576,265.15576,5.1667570849156524e-05
QTOF,72.2851464,72.2851464,7,2,2,1,2,301.18811,301.18811,301.18811,5.1667570849156524e-05
QTOF,75.393552,75.393552,6,2,2,1,2,314.1398,314.1398,314.1398,5.1667570849156524e-05
QTOF,10.60641,10.60641,5,1,1,1,1,212.1282,212.1282,212.1282,2.5833785424578262e-05
QTOF,20.109275,20.109275,6,1,1,1,1,402.1855,402.1855,402.1855,2.5833785424578262e-05
QTOF,23.55,23.55,2,1,1,1,1,223.154,223.154,223.154,2.5833785424578262e-05
QTOF,30.85,30.85,2,1,1,1,1,453.2083,453.2083,453.2083,2.5833785424578262e-05
QTOF,31.15,31.15,2,1,1,1,1,467.1995,467.1995,467.1995,2.5833785424578262e-05
QTOF,36.0,36,0,1,1,1,1,975.1663,975.1663,975.1663,2.5833785424578262e-05
