scaffold_group,in_design12b,n_design12b_keys,reasons
B1OCc2cc(Oc3ccccc3)ccc21,True,1,COPLATED_IN_DECODED_WELL
B1OCc2cc(Oc3ccccn3)ccc21,True,1,DECODED_SAME_PLATE_ION_0p01
B1OCc2ccc(Oc3ccccc3)cc21,True,1,COPLATED_IN_DECODED_WELL
B1OCc2ccccc21,True,5,COPLATED_IN_DECODED_WELL;DECODED_SAME_PLATE_ION_0p01
C(#CC1CCCCO1)c1ccc2c(c1)C1(CCNCC1)c1cc(C#CC3CCCCO3)ccc1-2,True,1,DECODED_SAME_PLATE_ION_0p01
C(#CCN1CCCCC1)CC(c1ccccc1)c1ccccc1,True,1,SAMPLE1_DRAW_GROUP
C(#Cc1ccc(CN2CCOCC2)cc1)c1ccccc1,True,1,DECODED_SAME_PLATE_ION_0p01
C(#Cc1ccc2c(c1)C(c1ccccc1)=CCC2)c1ccccc1,True,1,DECODED_SAME_PLATE_ION_0p01
C(#Cc1cccc2cc[nH]c12)c1ccc(OCCCCc2ccccc2)cc1,True,1,COPLATED_IN_DECODED_WELL
C(#Cc1ccccc1)C1=CC(c2ccccc2)Oc2ccccc21,True,1,SAMPLE1_DRAW_GROUP
C(#Cc1ccccc1)C1=CCCc2ccc(C=Cc3ccccc3)cc21,True,1,COPLATED_IN_DECODED_WELL;SAMPLE1_DRAW_GROUP
C(#Cc1ccccn1)c1ccc2c(c1)CCCS2,True,1,COPLATED_IN_DECODED_WELL;DECODED_SAME_PLATE_ION_0p01
C(#Cc1ccccn1)c1cccnc1,True,1,DECODED_SAME_PLATE_ION_0p01;SAMPLE1_DRAW_GROUP
C(#Cc1cn(-c2ccccc2)cn1)c1ccncc1,True,1,DECODED_SAME_PLATE_ION_0p01
C(#Cc1n[nH]c2ncncc12)c1ccccc1,False,0,DECODED_SAME_PLATE_ION_0p01
C(#Cc1ncccn1)c1ccc2c(c1)CCC[SH+]2,True,1,COPLATED_IN_DECODED_WELL;DECODED_SAME_PLATE_ION_0p01;DECODED_SAME_WELL_ION_0p7
C(#Cc1nn(C2CCNC2)c2ncncc12)c1ccccc1,True,1,DECODED_SAME_PLATE_ION_0p01
C(=C(c1ccccc1)c1ccc2[nH]ncc2c1)c1ccccc1,True,1,DECODED_SAME_PLATE_ION_0p01
C(=C(c1ccccc1)c1ccccc1)c1ccccc1,False,0,COPLATED_IN_DECODED_WELL;DECODED_SAME_PLATE_ION_0p01;DECODED_SAME_WELL_ION_0p7;EXPOSED_POPULATION:ENTACT-MIX-LISTS-499-503-505;EXPOSED_POPULATION:LCSB-ALL-MASSBANK-V1-EXPOSURE-SET;EXPOSED_POPULATION:LCSB-CONFIRMATION;EXPOSED_POPULATION:V2-DEVELOPMENT-POPULATION;EXPOSED_POPULATION:WUR-POS-IDENTITY;EXPOSED_POPULATION:WUR-SEALED;MSNLIB_ANCHOR_CENSUS_DESIGN;MSNLIB_ANCHOR_CENSUS_DETECTED;MSNLIB_ANCHOR_GATE_CALIBRATION;MULTIMS2_ANCHOR_CALIBRATION
C(=C(c1cccnc1)c1ccc2n[nH]cc2c1)c1ccccc1,True,1,COPLATED_IN_DECODED_WELL;DECODED_SAME_PLATE_ION_0p01;DECODED_SAME_WELL_ION_0p7
C(=C1CCCC1Cn1cncn1)c1ccccc1,False,0,EXPOSED_POPULATION:V2-DEVELOPMENT-POPULATION;EXPOSED_POPULATION:WUR-DEV-HOLD;EXPOSED_POPULATION:WUR-POS-IDENTITY
C(=C1CCCN=C1c1cccnc1)c1ccccc1,True,1,DECODED_SAME_PLATE_ION_0p01
C(=C1NCCc2ccccc21)c1ccccc1,True,1,DECODED_SAME_PLATE_ION_0p01
C(=C1SCC(c2ccccc2)S1)n1ccnc1,True,2,COPLATED_IN_DECODED_WELL
C(=CC1=C2CCCC2CCC1)C1=CCCCC1,True,1,COPLATED_IN_DECODED_WELL
C(=CC1=CCCC2CCCC12)C1=CCCCC1,True,1,COPLATED_IN_DECODED_WELL
C(=CC1=[NH+]c2ccc3ccccc3c2C1)C1=CC(=CC=C2Cc3c(ccc4ccccc34)N2)CCC1,False,0,COPLATED_IN_DECODED_WELL
C(=CC1=[NH+]c2ccccc2C1)C=C1Cc2ccccc2N1,True,1,DECODED_SAME_PLATE_ION_0p01
C(=CC1CCCC1)CCCc1ccccc1,True,2,DECODED_SAME_PLATE_ION_0p01
C(=CC1CCCC1)CCOc1ccccc1,True,3,COPLATED_IN_DECODED_WELL;DECODED_SAME_PLATE_ION_0p01
C(=CC=C1Cc2c(ccc3ccccc23)N1)C=CC1=[NH+]c2ccc3ccccc3c2C1,False,0,COPLATED_IN_DECODED_WELL
C(=CCCC=CCOC1CC(OC2CCCC(COC3CCCCO3)O2)CCO1)CCC=CCCCOC1OCCCC1OC1CCCCO1,False,0,COPLATED_IN_DECODED_WELL
C(=CSSC=CNCc1cncnc1)NCc1cncnc1,True,2,COPLATED_IN_DECODED_WELL;DECODED_SAME_PLATE_ION_0p01;DECODED_SAME_WELL_ION_0p7
C(=CSSCC1CCCO1)NCc1cncnc1,True,1,COPLATED_IN_DECODED_WELL;DECODED_SAME_PLATE_ION_0p01;DECODED_SAME_WELL_ION_0p7
C(=Cc1[nH+]c2ccccc2o1)C=C1Nc2ccccc2O1,True,1,DECODED_SAME_PLATE_ION_0p01
C(=Cc1c[nH]c2ccccc12)c1cc[nH+]cc1,False,0,COPLATED_IN_DECODED_WELL;DECODED_SAME_PLATE_ION_0p01;DECODED_SAME_WELL_ION_0p7
C(=Cc1c[nH]c2ccccc12)c1ccccc1,True,1,COPLATED_IN_DECODED_WELL
C(=Cc1c[nH]c2ccccc12)c1cccnc1,True,1,DECODED_SAME_PLATE_ION_0p01
C(=Cc1ccc(-c2ccccc2)cc1)CN1CCCCCC1,False,0,EXPOSED_POPULATION:ENTACT-MIX-LISTS-499-503-505;EXPOSED_POPULATION:LCSB-ALL-MASSBANK-V1-EXPOSURE-SET;EXPOSED_POPULATION:LCSB-CONFIRMATION
C(=Cc1ccc(C2CCCCC2)cc1)CNC1CCCCC1,True,1,SAMPLE1_DRAW_GROUP
C(=Cc1ccc(N2CCCCC2)s1)c1ccccc1,True,1,DECODED_SAME_PLATE_ION_0p01
C(=Cc1ccc2c(c1)c1cc(C=Cc3cc[nH+]cc3)ccc1n2CCOCCOCCOCC[NH+]1CCCCC1)c1cc[nH+]cc1,False,0,COPLATED_IN_DECODED_WELL
C(=Cc1ccc2c(c1)ncn2-c1ccccc1)c1ccccc1,True,1,DECODED_SAME_PLATE_ION_0p01
C(=Cc1ccc2ccccc2n1)c1ccccc1,True,2,DECODED_SAME_PLATE_ION_0p01;SAMPLE1_DRAW_GROUP
C(=Cc1cccc(OC2CCCCO2)c1)c1ccc(OC2CCCCO2)cc1,True,2,COPLATED_IN_DECODED_WELL
C(=Cc1cccc(OC2CCCCO2)c1)c1ccccc1,True,6,DECODED_SAME_PLATE_ION_0p01
C(=Cc1ccccc1)C(C=Cc1ccccc1)=NN=C1NCCCN1,False,0,EXPOSED_POPULATION:ENTACT-MIX-LISTS-499-503-505;EXPOSED_POPULATION:LCSB-ALL-MASSBANK-V1-EXPOSURE-SET;EXPOSED_POPULATION:LCSB-CONFIRMATION;EXPOSED_POPULATION:LCSB-NEG
C(=Cc1ccccc1)C1=NCCCN1,False,0,EXPOSED_POPULATION:V2-DEVELOPMENT-POPULATION;EXPOSED_POPULATION:WUR-POS-IDENTITY;EXPOSED_POPULATION:WUR-SEALED
C(=Cc1ccccc1)CCCN1CCCN(CCCC=Cc2ccccc2)CC1,False,0,DECODED_SAME_PLATE_ION_0p01
C(=Cc1ccccc1)CN1CCN(C(c2ccccc2)c2ccccc2)CC1,True,2,COPLATED_IN_DECODED_WELL;DECODED_SAME_PLATE_ION_0p01;DECODED_SAME_WELL_ION_0p7
C(=Cc1ccccc1)CNCc1cccc2ccccc12,True,1,COPLATED_IN_DECODED_WELL;DECODED_SAME_PLATE_ION_0p01;DECODED_SAME_WELL_ION_0p7;SAMPLE1_DRAW_GROUP
C(=Cc1ccccc1)c1ccccc1,True,30,COPLATED_IN_DECODED_WELL;DECODED_SAME_PLATE_ION_0p01;DECODED_SAME_WELL_ION_0p7;EXPOSED_POPULATION:ENTACT-MIX-LISTS-499-503-505;SURFACED_VALUE_ATTRIBUTED_WELL
C(=Cc1ccccc1OC1CCCCO1)c1ccccc1,True,1,COPLATED_IN_DECODED_WELL
C(=Cc1ccccn1)c1ccccc1,True,1,COPLATED_IN_DECODED_WELL
C(=Cc1cccnc1)c1ccccc1,True,3,DECODED_SAME_PLATE_ION_0p01
C(=Cc1cccs1)C1=NCCCN1,False,0,EXPOSED_POPULATION:V2-DEVELOPMENT-POPULATION;EXPOSED_POPULATION:WUR-DEV-ANALYSIS;EXPOSED_POPULATION:WUR-POS-IDENTITY
C(=Cc1ccncn1)c1ccccc1,True,1,COPLATED_IN_DECODED_WELL;DECODED_SAME_PLATE_ION_0p01;DECODED_SAME_WELL_ION_0p7
C(=Cc1cncn1Cc1ccccc1)Cc1cccs1,True,1,COPLATED_IN_DECODED_WELL;DECODED_SAME_PLATE_ION_0p01;DECODED_SAME_WELL_ION_0p7
C(=Cc1n[nH]c2cc(Sc3ccccc3)ccc12)c1ccccn1,True,1,COPLATED_IN_DECODED_WELL;DECODED_SAME_PLATE_ION_0p01;DECODED_SAME_WELL_ION_0p7
C(=Cc1n[nH]c2ccc(OCc3ccncc3)cc12)c1cn[nH]c1,True,1,SAMPLE1_DRAW_GROUP
C(=Cc1nc2ccc(-c3ccccc3)cc2[nH]1)c1ccccc1,False,0,DECODED_SAME_PLATE_ION_0p01
C(=Cc1nnc(-c2ccccn2)n1-c1ccccc1)c1nnc(-c2ccccc2)o1,True,1,COPLATED_IN_DECODED_WELL
C(=Cn1cncn1)C1CCCCC1,False,0,EXPOSED_POPULATION:V2-DEVELOPMENT-POPULATION;EXPOSED_POPULATION:WUR-POS-IDENTITY;EXPOSED_POPULATION:WUR-SEALED
C(=Cn1cncn1)c1ccccc1,False,0,COPLATED_IN_DECODED_WELL;DECODED_SAME_PLATE_ION_0p01;DECODED_SAME_WELL_ION_0p7;EXPOSED_POPULATION:LCSB-ALL-MASSBANK-V1-EXPOSURE-SET;EXPOSED_POPULATION:LCSB-DEV;EXPOSED_POPULATION:LCSB-POS-V2-SPECTRA;EXPOSED_POPULATION:V2-DEVELOPMENT-POPULATION;EXPOSED_POPULATION:WUR-DEV-ANALYSIS;EXPOSED_POPULATION:WUR-POS-IDENTITY;MSNLIB_ANCHOR_CENSUS_DESIGN;MSNLIB_ANCHOR_CENSUS_DETECTED;MSNLIB_ANCHOR_GATE_CALIBRATION
C(=NC=NCCCCCCN=CN=CNc1ccccc1)Nc1ccccc1,True,1,COPLATED_IN_DECODED_WELL
C(=NC=Nc1ccccc1)N1CCCC1,False,0,COPLATED_IN_DECODED_WELL;DECODED_SAME_PLATE_ION_0p01;DECODED_SAME_WELL_ION_0p7
C(=NCCCCCCOc1ccccc1)Nc1ccncc1,True,1,DECODED_SAME_PLATE_ION_0p01
C(=NCCN=Cc1ccccc1)c1ccccc1,True,1,SAMPLE1_DRAW_GROUP
C(=NCc1ccccc1)Nc1cccc2ncccc12,True,1,COPLATED_IN_DECODED_WELL;DECODED_SAME_PLATE_ION_0p01;DECODED_SAME_WELL_ION_0p7
C(=NN=Cc1ccccc1)NN=Cc1ccccc1,True,1,COPLATED_IN_DECODED_WELL
C(=NNc1cc(N2CCOCC2)n2nc(-c3ccncc3)cc2n1)c1ccccc1,True,1,DECODED_SAME_PLATE_ION_0p01
C(=NNc1ccccc1)c1ccccc1,True,3,COPLATED_IN_DECODED_WELL
C(=NNc1ccccn1)c1ccccc1OCc1ccccc1,True,1,SAMPLE1_DRAW_GROUP
C(=NOCCCN1CCCCC1)c1ccc[nH+]c1,True,1,DECODED_SAME_PLATE_ION_0p01
C(=NOCc1ccccc1)c1ccccc1,False,0,COPLATED_IN_DECODED_WELL;DECODED_SAME_PLATE_ION_0p01;DECODED_SAME_WELL_ION_0p7;EXPOSED_POPULATION:ENTACT-MIX-LISTS-499-503-505;EXPOSED_POPULATION:LCSB-ALL-MASSBANK-V1-EXPOSURE-SET;EXPOSED_POPULATION:LCSB-DEV;EXPOSED_POPULATION:LCSB-POS-V2-SPECTRA;EXPOSED_POPULATION:V2-DEVELOPMENT-POPULATION;EXPOSED_POPULATION:WUR-DEV-ANALYSIS;EXPOSED_POPULATION:WUR-POS-IDENTITY;MSNLIB_ANCHOR_CENSUS_DESIGN;MSNLIB_ANCHOR_CENSUS_DETECTED;MSNLIB_ANCHOR_GATE_CALIBRATION
C(=NOCc1ccccc1)c1cn[nH]c1Oc1ccccc1,False,0,EXPOSED_POPULATION:ENTACT-MIX-LISTS-499-503-505;EXPOSED_POPULATION:LCSB-ALL-MASSBANK-V1-EXPOSURE-SET;EXPOSED_POPULATION:LCSB-DEV;EXPOSED_POPULATION:LCSB-POS-V2-SPECTRA;EXPOSED_POPULATION:V2-DEVELOPMENT-POPULATION;EXPOSED_POPULATION:WUR-DEV-ANALYSIS;EXPOSED_POPULATION:WUR-POS-IDENTITY
C(=Nc1cc(Cc2ccc(-c3ccccc3)cc2)no1)N1CCOCC1,False,0,DECODED_SAME_PLATE_ION_0p01
C(=Nc1cc2c(s1)CCC2)c1ccccc1,True,1,SAMPLE1_DRAW_GROUP
C(=Nc1ccc(-c2nc3ccccc3o2)cc1)c1ccc2c(c1)OCO2,True,1,DECODED_SAME_PLATE_ION_0p01
C(=Nc1cccc2ccccc12)c1ccccc1,True,1,COPLATED_IN_DECODED_WELL
C(=Nc1ccccc1)=Nc1ccccc1,False,0,EXPOSED_POPULATION:V2-DEVELOPMENT-POPULATION;EXPOSED_POPULATION:WUR-DEV-ANALYSIS;EXPOSED_POPULATION:WUR-POS-IDENTITY
C(=Nc1ccccc1)NC=Nc1ccccc1,True,1,DECODED_SAME_PLATE_ION_0p01
C(=Nc1ccccc1)Nc1ccccc1,True,3,COPLATED_IN_DECODED_WELL;DECODED_SAME_PLATE_ION_0p01;DECODED_SAME_WELL_ION_0p7
C(=Nc1ccccc1)c1cnn(-c2ccccc2)c1,True,1,SAMPLE1_DRAW_GROUP
C(=Nc1ccccc1)n1ccnc1,False,0,EXPOSED_POPULATION:ENTACT-MIX-LISTS-499-503-505;EXPOSED_POPULATION:LCSB-ALL-MASSBANK-V1-EXPOSURE-SET;EXPOSED_POPULATION:LCSB-DEV;EXPOSED_POPULATION:LCSB-POS-V2-SPECTRA;EXPOSED_POPULATION:LCSB-RAW-MIX-REPLICATE-SET-92;EXPOSED_POPULATION:LCSB-RAW-MIXES-499-503-505;EXPOSED_POPULATION:V2-DEVELOPMENT-POPULATION;EXPOSED_POPULATION:WUR-DEV-ANALYSIS;EXPOSED_POPULATION:WUR-POS-IDENTITY
C(=Nc1nc2ccccc2[nH]1)c1ccccc1,True,1,SAMPLE1_DRAW_GROUP
C(=Nc1ncccc1OCc1ccccc1)c1ccccc1,True,1,SAMPLE1_DRAW_GROUP
C(CC1CO1)C1CO1,True,1,COPLATED_IN_DECODED_WELL
C(CCN1CCCCC1)=C(c1ccccc1)c1ccccc1,True,1,DECODED_SAME_PLATE_ION_0p01
C(CCN1CCCCC1)=C(c1cccs1)c1cccs1,True,1,COPLATED_IN_DECODED_WELL;DECODED_SAME_PLATE_ION_0p01;DECODED_SAME_WELL_ION_0p7
C(CCN1CCNCC1)=C1c2ccccc2Sc2ccccc21,True,3,COPLATED_IN_DECODED_WELL;DECODED_SAME_PLATE_ION_0p01;DECODED_SAME_WELL_ION_0p7
C(CN1CCCC1)=C(c1ccccc1)c1ccccn1,True,2,COPLATED_IN_DECODED_WELL;DECODED_SAME_PLATE_ION_0p01
C(Sc1ccccc1)=C1SCCN1c1ccccc1,False,0,EXPOSED_POPULATION:V2-DEVELOPMENT-POPULATION;EXPOSED_POPULATION:WUR-DEV-ANALYSIS;EXPOSED_POPULATION:WUR-POS-IDENTITY
C1=C(C2CCC3C4CCC(COC5CCCCO5)OC4CCC23)CCC2OC(COC3CCCCO3)CCC12,True,1,SAMPLE1_DRAW_GROUP
C1=C(CCCCOC2CCCCO2)OC2CC3C(CCC4C5CCC(OC6OCC(OC7CCCCO7)CC6OC6CCCCO6)CC5=CCC43)C12,True,1,COPLATED_IN_DECODED_WELL;DECODED_SAME_PLATE_ION_0p01;DECODED_SAME_WELL_ION_0p7
C1=C(CCCCOC2CCCCO2)OC2CC3C(CCC4C5CCC(OC6OCCCC6OC6CCCCO6)CC5CCC43)C12,True,1,DECODED_SAME_PLATE_ION_0p01
C1=C(COC2CCCC(COC3CCCCO3)O2)C2CC(C1)C2,True,1,DECODED_SAME_PLATE_ION_0p01
C1=C(COC2CCCCO2)C2C(CO1)CC1OC12,True,1,COPLATED_IN_DECODED_WELL
C1=C(CSC(=NC2CCCCC2)NC2CCCCC2)N2CCN=C2S1,True,1,COPLATED_IN_DECODED_WELL;DECODED_SAME_WELL_ION_0p7
C1=C(c2ccccc2)C(c2ccc(OCCN3CCC3)cc2)Oc2ccccc21,True,1,DECODED_SAME_PLATE_ION_0p01
C1=C(c2ccccc2)CCN(Cc2cncnc2)C1,True,1,SAMPLE1_DRAW_GROUP
C1=C(c2ccccc2)CCNC1,True,1,DECODED_SAME_PLATE_ION_0p01
C1=C(c2ccccc2)COc2ccccc21,True,1,DECODED_SAME_PLATE_ION_0p01
C1=C(c2ccccc2)Sc2nnc(-c3ccccc3)n2NC1,True,1,SAMPLE1_DRAW_GROUP
C1=C(c2cccs2)Nc2nnnn2C1c1ccccc1,True,1,SAMPLE1_DRAW_GROUP
C1=C(c2cnsn2)CNCC1,True,1,COPLATED_IN_DECODED_WELL;DECODED_SAME_PLATE_ION_0p01
C1=C2C(CCC1)CCCC2Cc1ccccc1,True,1,COPLATED_IN_DECODED_WELL;DECODED_SAME_WELL_ION_0p7
C1=C2C3CCC4CC3C(CC2C2CCC3CC(OC5OCC(OC6CCCCO6)CC5OC5CCCCO5)CCC3C2C1)O4,False,0,COPLATED_IN_DECODED_WELL
C1=C2C3CCCC(OC4CC(OC5CCCCO5)CCO4)C3CCC2C2CCC3CC(OC4OCCCC4OC4OCCCC4OC4CCCCO4)CCC3C2C1,False,0,COPLATED_IN_DECODED_WELL
C1=C2C3CCCC3CCC2C2CCCCC2C1,True,2,COPLATED_IN_DECODED_WELL
C1=C2C3CCCCC3CCC2C2CCC3CC(OC4CC(OC5CCCCO5)CCO4)CCC3C2C1,True,4,COPLATED_IN_DECODED_WELL;DECODED_SAME_PLATE_ION_0p01
C1=C2C3CCCCC3CCC2C2CCC3CC(OC4CCC(OC5CCCCO5)CO4)CCC3C2C1,True,3,COPLATED_IN_DECODED_WELL;DECODED_SAME_PLATE_ION_0p01;DECODED_SAME_WELL_ION_0p7
C1=C2C3CCCCC3CCC2C2CCC3CC(OC4CCCCO4)CCC3C2C1,True,16,COPLATED_IN_DECODED_WELL
C1=C2C3CCCCC3CCC2C2CCC3CC(OC4OCC(OC5CCCCO5)CC4OC4CCCCO4)CCC3C2C1,True,2,COPLATED_IN_DECODED_WELL
C1=C2C3CCCCC3CCC2C2CCC3CC(OC4OCCCC4OC4CC(OC5CCC(OC6CCCCO6)CO5)CCO4)CCC3C2C1,False,0,DECODED_SAME_PLATE_ION_0p01
C1=C2C3CCCCC3CCC2C2CCC3CC(OC4OCCCC4OC4CCCCO4)CCC3C2C1,True,6,COPLATED_IN_DECODED_WELL
C1=C2C3CCCCC3CCC2C2CCC3CC(OC4OCCCC4OC4OCCCC4OC4CCCCO4)CCC3C2C1,True,10,COPLATED_IN_DECODED_WELL;DECODED_SAME_PLATE_ION_0p01;DECODED_SAME_WELL_ION_0p7
C1=C2C3CCCCC3CCC2C2CCC3CCCCC3C2C1,True,41,COPLATED_IN_DECODED_WELL
C1=C2CC(OC3CC(OC4CCCCO4)C(OC4CCCO4)CO3)CCC2C2CCC3C4CC(CCCCOC5CCCCO5)OC4CC3C2C1,False,0,DECODED_SAME_PLATE_ION_0p01
C1=C2CC(OC3CC(OC4CCCCO4)C(OC4CCCO4)CO3)CCC2C2CCC3C4CC5(CCCCO5)OC4CC3C2C1,True,1,SAMPLE1_DRAW_GROUP
C1=C2CC(OC3CCC(OC4CCC(OC5CCCC(COC6CCCC(COC7CCCCO7)O6)O5)CO4)CO3)CCC2C2CCC3CCCC3C2C1,False,0,COPLATED_IN_DECODED_WELL;DECODED_SAME_PLATE_ION_0p01;DECODED_SAME_WELL_ION_0p7
C1=C2CC(OC3CCC(OC4CCCCO4)CO3)CCC2C2CCC3C(COC4CCCC(COC5CCCCO5)O4)CCC3C2C1,True,1,COPLATED_IN_DECODED_WELL
C1=C2CC(OC3CCC(OC4CCCCO4)CO3)CCC2C2CCC3C4CC5(CCCCN5)OC4CC3C2C1,False,0,COPLATED_IN_DECODED_WELL;DECODED_SAME_PLATE_ION_0p01;DECODED_SAME_WELL_ION_0p7;EXPOSED_POPULATION:V2-DEVELOPMENT-POPULATION;EXPOSED_POPULATION:WUR-POS-IDENTITY;EXPOSED_POPULATION:WUR-SEALED;MSNLIB_ANCHOR_CENSUS_DESIGN;MSNLIB_ANCHOR_CENSUS_DETECTED;MSNLIB_ANCHOR_GATE_CALIBRATION
C1=C2CC(OC3CCCC(COC4CCCCO4)O3)CCC2C2CCC3C(CCCCOC4CCCC(COC5CCCCO5)O4)CCC3C2C1,False,0,COPLATED_IN_DECODED_WELL;DECODED_SAME_PLATE_ION_0p01;DECODED_SAME_WELL_ION_0p7
C1=C2CC(OC3CCCC(COC4CCCCO4)O3)CCC2C2CCC3CCCC3C2C1,True,1,DECODED_SAME_PLATE_ION_0p01
C1=C2CC(OC3CCCCO3)CCC2C2CCC3C(CC4C3CC3CCCCN34)C2C1,False,0,EXPOSED_POPULATION:V2-DEVELOPMENT-POPULATION;EXPOSED_POPULATION:WUR-POS-IDENTITY;EXPOSED_POPULATION:WUR-SEALED
C1=C2CC(OC3CCCCO3)CCC2C2CCC3C(CCCCOC4OCCCC4OC4CCCCO4)CCC3C2C1,True,1,COPLATED_IN_DECODED_WELL
C1=C2CC(OC3CCCCO3)CCC2C2CCC3C4CC5(CCCCO5)OC4CC3C2C1,True,1,COPLATED_IN_DECODED_WELL;SAMPLE1_DRAW_GROUP
C1=C2CC(OC3OCC(OC4CCCCO4)CC3OC3CCCCO3)CCC2C2CCC3C4CC(CCCCOC5CCCCO5)OC4CC3C2C1,False,0,COPLATED_IN_DECODED_WELL;DECODED_SAME_PLATE_ION_0p01
C1=C2CC(OC3OCC(OC4CCCCO4)CC3OC3CCCCO3)CCC2C2CCC3C4CC5(CCCCO5)OC4CC3C2C1,True,5,COPLATED_IN_DECODED_WELL;DECODED_SAME_PLATE_ION_0p01;DECODED_SAME_WELL_ION_0p7
C1=C2CC(OC3OCCC(OC4CCCCO4)C3OC3CCCCO3)CCC2C2CCC3C(CC4C3CC3CCCCN34)C2C1,True,1,SAMPLE1_DRAW_GROUP
C1=C2CC3C4CCCCC4=CCC3C2CCC12CC1NCCCC1O2,False,0,COPLATED_IN_DECODED_WELL;DECODED_SAME_PLATE_ION_0p01;DECODED_SAME_WELL_ION_0p7;EXPOSED_POPULATION:LCSB-ALL-MASSBANK-V1-EXPOSURE-SET;EXPOSED_POPULATION:LCSB-DEV;EXPOSED_POPULATION:LCSB-POS-V2-SPECTRA;EXPOSED_POPULATION:V2-DEVELOPMENT-POPULATION;MSNLIB_ANCHOR_CENSUS_DESIGN;MSNLIB_ANCHOR_CENSUS_DETECTED;MSNLIB_ANCHOR_GATE_CALIBRATION
C1=C2CC3CCC2(CCC1)C3,True,1,COPLATED_IN_DECODED_WELL
C1=C2CCC3C4CCCC4CCC3C2CCC1,True,2,COPLATED_IN_DECODED_WELL;DECODED_SAME_PLATE_ION_0p01
C1=C2CCC3C4CCCC4CCC3C2Cc2cnoc21,False,0,COPLATED_IN_DECODED_WELL;DECODED_SAME_PLATE_ION_0p01;DECODED_SAME_WELL_ION_0p7;EXPOSED_POPULATION:ENTACT-MIX-LISTS-499-503-505;EXPOSED_POPULATION:LCSB-ALL-MASSBANK-V1-EXPOSURE-SET;EXPOSED_POPULATION:LCSB-DEV;EXPOSED_POPULATION:LCSB-POS-V2-SPECTRA;EXPOSED_POPULATION:V2-DEVELOPMENT-POPULATION;MSNLIB_ANCHOR_CENSUS_DESIGN;MSNLIB_ANCHOR_CENSUS_DETECTED;MSNLIB_ANCHOR_GATE_CALIBRATION
C1=C2CCC3CCCCC3C2CCC1,True,4,DECODED_SAME_PLATE_ION_0p01
C1=C2CCCC(OC3OCCCC3OC3CCCCO3)C2C2CCC3C4CC5(CCCCO5)OC4CC3C2C1,True,1,SAMPLE1_DRAW_GROUP
C1=C2CCCC=C2C2CCCC2C1,True,3,COPLATED_IN_DECODED_WELL
C1=C2CCCCC2C2CCC3C(CC4C3CC3CCCCN34)C2C1,False,0,COPLATED_IN_DECODED_WELL;DECODED_SAME_PLATE_ION_0p01;DECODED_SAME_WELL_ION_0p7;EXPOSED_POPULATION:V2-DEVELOPMENT-POPULATION;EXPOSED_POPULATION:WUR-DEV-HOLD;EXPOSED_POPULATION:WUR-POS-IDENTITY;MSNLIB_ANCHOR_CENSUS_DESIGN;MSNLIB_ANCHOR_CENSUS_DETECTED;MSNLIB_ANCHOR_GATE_CALIBRATION
C1=C2CCCCC2C2CCC3C(CCCCOC4CCCC(COC5CCCCO5)O4)CCC3C2C1,True,1,DECODED_SAME_PLATE_ION_0p01
C1=C2CCCCC2C2CCC3C(CCCCOC4OCCCC4OC4CCCCO4)CCC3C2C1,True,1,COPLATED_IN_DECODED_WELL;DECODED_SAME_PLATE_ION_0p01;DECODED_SAME_WELL_ION_0p7
C1=C2CCCCC2C2CCC3C(c4cccnc4)=CCC3C2C1,True,2,DECODED_SAME_PLATE_ION_0p01
C1=C2CCCCC2C2CCC3C(n4cnc5ccccc54)=CCC3C2C1,True,1,DECODED_SAME_PLATE_ION_0p01
C1=C2CCCCC2C2CCC3C4CC5(CCCCN5)OC4CC3C2C1,False,0,COPLATED_IN_DECODED_WELL;DECODED_SAME_PLATE_ION_0p01;DECODED_SAME_WELL_ION_0p7;EXPOSED_POPULATION:V2-DEVELOPMENT-POPULATION;EXPOSED_POPULATION:WUR-DEV-ANALYSIS;EXPOSED_POPULATION:WUR-POS-IDENTITY;MSNLIB_ANCHOR_CENSUS_DESIGN;MSNLIB_ANCHOR_CENSUS_DETECTED;MSNLIB_ANCHOR_GATE_CALIBRATION
C1=C2CCCCC2C2CCC3C4CC5(CCCCO5)OC4CC3C2C1,True,2,DECODED_SAME_PLATE_ION_0p01
C1=C2CCCCC2C2CCC3CCCC3C2=C1,True,2,COPLATED_IN_DECODED_WELL;DECODED_SAME_PLATE_ION_0p01
C1=C2CCCCC2C2CCC3CCCC3C2C1,True,21,COPLATED_IN_DECODED_WELL;DECODED_SAME_PLATE_ION_0p01;EXPOSED_POPULATION:WUR-NEG-DEV
C1=C2CCCCC2C2CCCCC2C1,True,2,COPLATED_IN_DECODED_WELL
C1=C2CCN3Cc4cc5c(cc4C(CC1)C23)OCO5,False,0,COPLATED_IN_DECODED_WELL;DECODED_SAME_PLATE_ION_0p01;DECODED_SAME_WELL_ION_0p7;EXPOSED_POPULATION:V2-DEVELOPMENT-POPULATION;EXPOSED_POPULATION:WUR-DEV-HOLD;EXPOSED_POPULATION:WUR-POS-IDENTITY;MSNLIB_ANCHOR_CENSUS_DESIGN;MSNLIB_ANCHOR_CENSUS_DETECTED;MSNLIB_ANCHOR_GATE_CALIBRATION
C1=C2c3cccc4[nH]cc(c34)CC2NCC1,False,0,COPLATED_IN_DECODED_WELL;DECODED_SAME_PLATE_ION_0p01;DECODED_SAME_WELL_ION_0p7;EXPOSED_POPULATION:V2-DEVELOPMENT-POPULATION;EXPOSED_POPULATION:WUR-DEV-ANALYSIS;EXPOSED_POPULATION:WUR-POS-IDENTITY;EXPOSED_POPULATION:WUR-SEALED;MSNLIB_ANCHOR_CENSUS_DESIGN;MSNLIB_ANCHOR_CENSUS_DETECTED;MSNLIB_ANCHOR_GATE_CALIBRATION
C1=C2c3cccc4c3C(CN4)CC2NCC1,False,0,EXPOSED_POPULATION:V2-DEVELOPMENT-POPULATION;EXPOSED_POPULATION:WUR-POS-IDENTITY;EXPOSED_POPULATION:WUR-SEALED
C1=C2c3ccccc3CCN2Cc2ccccc21,True,1,DECODED_SAME_PLATE_ION_0p01
C1=CC(=C(c2ccc(Nc3ccccc3)cc2)c2ccc(Nc3ccccc3)cc2)C=CC1=Nc1ccccc1,True,1,COPLATED_IN_DECODED_WELL
C1=CC(CC2NCCc3c2[nH]c2ccccc32)CC(OC2CCCCO2)O1,True,1,COPLATED_IN_DECODED_WELL;DECODED_SAME_PLATE_ION_0p01;DECODED_SAME_WELL_ION_0p7
C1=CC(CNc2ccnc3ccccc23)C=C1,True,1,DECODED_SAME_PLATE_ION_0p01
C1=CC(Cc2nccc3c2[nH]c2ccccc23)CC(OC2CCCCO2)O1,True,1,COPLATED_IN_DECODED_WELL
C1=CC(NC2CCC(OC3CCCCO3)CC2)CCC1,True,1,COPLATED_IN_DECODED_WELL
C1=CC(c2ccc3n[nH]cc3c2)C=CN1,True,1,DECODED_SAME_PLATE_ION_0p01
C1=CC(c2cccc(-c3ccccc3)c2)c2c[nH]nc2O1,True,1,DECODED_SAME_PLATE_ION_0p01
C1=CC(c2cccc3nonc23)C=CN1,True,1,DECODED_SAME_PLATE_ION_0p01
C1=CC(c2ccccc2)=CCC1,True,1,COPLATED_IN_DECODED_WELL
C1=CC(c2ccccc2)C=CN1,True,10,COPLATED_IN_DECODED_WELL;DECODED_SAME_PLATE_ION_0p01
C1=CC(c2ccccc2)N=CN1,True,1,DECODED_SAME_PLATE_ION_0p01
C1=CC(c2ccccc2)c2c(n[nH]c2-c2ccc3ccccc3c2)O1,True,1,DECODED_SAME_PLATE_ION_0p01
C1=CC(c2ccccc2)c2ccccc2O1,True,3,COPLATED_IN_DECODED_WELL
C1=CC(c2ccccc2)c2cn[nH]c2O1,True,1,COPLATED_IN_DECODED_WELL;DECODED_SAME_PLATE_ION_0p01
C1=CC(c2ccccc2)c2cnccc2N1,True,1,COPLATED_IN_DECODED_WELL;DECODED_SAME_PLATE_ION_0p01
C1=CC(n2cnc3c(NC4CC4)ncnc32)CC1,True,1,COPLATED_IN_DECODED_WELL;DECODED_SAME_PLATE_ION_0p01;DECODED_SAME_WELL_ION_0p7
C1=CC2(C(Cc3ccccc3)Nc3ccccc3)C=CC1O2,True,1,SAMPLE1_DRAW_GROUP
C1=CC2(CCCN(c3ncnc4[nH]ncc34)C2)Oc2ccccc21,True,1,SAMPLE1_DRAW_GROUP
C1=CC2(CCOCC2)Oc2cc(OCc3ccccc3)c(OCc3ccccc3)cc21,False,0,DECODED_SAME_PLATE_ION_0p01
C1=CC23CCC4CCCCC4C2CCC1C3,True,1,DECODED_SAME_PLATE_ION_0p01
C1=CC23CCCN2CCc2cc4c(cc2C3C1)OCO4,True,3,COPLATED_IN_DECODED_WELL;DECODED_SAME_PLATE_ION_0p01
C1=CC23CCNCc4cccc(c42)OC3CC1,True,3,COPLATED_IN_DECODED_WELL;DECODED_SAME_PLATE_ION_0p01;DECODED_SAME_WELL_ION_0p7
C1=CC23CC[NH2+]Cc4cccc(c42)OC3CC1,True,1,DECODED_SAME_PLATE_ION_0p01
C1=CC23OCC4(CCCCC42)CCC3C2CCC3CC(OC4CC(OC5CCCCO5)CCO4)CCC3C12,True,2,COPLATED_IN_DECODED_WELL
C1=CC23OCC4(CCCCC42)CCC3C2CCC3CC(OC4CCC(OC5CCCCO5)C(COC5CCCCO5)O4)CCC3C12,True,1,COPLATED_IN_DECODED_WELL
C1=CC2=CCC3C4CCCC4CCC3C2CC1,True,1,DECODED_SAME_PLATE_ION_0p01
C1=CC2=CCCCC2CC1,True,3,COPLATED_IN_DECODED_WELL;DECODED_SAME_PLATE_ION_0p01;DECODED_SAME_WELL_ION_0p7;EXPOSED_POPULATION:LCSB-ALL-MASSBANK-V1-EXPOSURE-SET;EXPOSED_POPULATION:LCSB-NEG
C1=CC2=NC1=CC1=CC3=CCC(=C4CCC(=CC5=NC(=C2)C=C5)N4)C3=N1,True,2,COPLATED_IN_DECODED_WELL
C1=CC2C(C=COC2OC2CCCCO2)C1,True,10,COPLATED_IN_DECODED_WELL;DECODED_SAME_PLATE_ION_0p01
C1=CC2C(OC3CCCCO3)OC=CC2(OC2OCCCC2OC2CCCCO2)C1,True,1,COPLATED_IN_DECODED_WELL
C1=CC2C3CC1CN2CCc1c3[nH]c2ccccc12,True,1,COPLATED_IN_DECODED_WELL
C1=CC2C3CCC(OC4CC(OC5CCCCO5)CCO4)CC3CCC2C2CCC3CCCCC3=C12,True,1,COPLATED_IN_DECODED_WELL;SAMPLE1_DRAW_GROUP
C1=CC2C3Cc4cccc5c4C2(CCN3)C(C1)O5,False,0,EXPOSED_POPULATION:V2-DEVELOPMENT-POPULATION;EXPOSED_POPULATION:WUR-POS-IDENTITY;EXPOSED_POPULATION:WUR-SEALED
C1=CC2C=CC2C1,False,0,EXPOSED_POPULATION:V2-DEVELOPMENT-POPULATION;EXPOSED_POPULATION:WUR-DEV-ANALYSIS;EXPOSED_POPULATION:WUR-POS-IDENTITY
C1=CC2C=COC(OC3CCCCO3)C2C1,True,2,COPLATED_IN_DECODED_WELL;DECODED_SAME_PLATE_ION_0p01
C1=CC2CC(C3CCCC4C3CCCC43CO3)OC2O1,True,2,SAMPLE1_DRAW_GROUP
C1=CC2CC(c3ccc4c(c3)C35CCN6CC=CC(CCC3N4)C65)c3[nH]c4ccccc4c3CN(C1)C2,True,1,COPLATED_IN_DECODED_WELL
C1=CC2CC1CC2C(CCN1CCCCC1)c1ccccc1,True,1,COPLATED_IN_DECODED_WELL;DECODED_SAME_PLATE_ION_0p01;DECODED_SAME_WELL_ION_0p7;SAMPLE1_DRAW_GROUP
C1=CC2CC3CCCC3(C1)C2,False,0,COPLATED_IN_DECODED_WELL
C1=CC2CC3OC3C2C(OC2CCCCO2)O1,True,4,COPLATED_IN_DECODED_WELL
C1=CC2CC3c4[nH]c5ccccc5c4CCN3CC2CO1,False,0,COPLATED_IN_DECODED_WELL;DECODED_SAME_PLATE_ION_0p01;DECODED_SAME_WELL_ION_0p7;EXPOSED_POPULATION:V2-DEVELOPMENT-POPULATION;EXPOSED_POPULATION:WUR-POS-IDENTITY;EXPOSED_POPULATION:WUR-SEALED;MSNLIB_ANCHOR_CENSUS_DESIGN;MSNLIB_ANCHOR_CENSUS_DETECTED;MSNLIB_ANCHOR_GATE_CALIBRATION
C1=CC2CCC(CC1)N2,False,0,EXPOSED_POPULATION:V2-DEVELOPMENT-POPULATION;EXPOSED_POPULATION:WUR-POS-IDENTITY;EXPOSED_POPULATION:WUR-SEALED
C1=CC2CCC1C2,True,2,EXPOSED_POPULATION:ENTACT-MIX-LISTS-499-503-505;EXPOSED_POPULATION:LCSB-ALL-MASSBANK-V1-EXPOSURE-SET;EXPOSED_POPULATION:LCSB-NEG
C1=CC2CCC1OO2,True,1,SAMPLE1_DRAW_GROUP
C1=CC2CCC2C1,True,1,COPLATED_IN_DECODED_WELL;SAMPLE1_DRAW_GROUP
C1=CC2CCC3C4CCCCC4=CCC3C2C1,True,1,COPLATED_IN_DECODED_WELL
C1=CC2CCC3Nc4ccc(C5CC6CCCN(CCc7c5[nH]c5ccccc75)C6)cc4C34CCN(C1)C24,True,3,COPLATED_IN_DECODED_WELL
C1=CC2CCC3Nc4ccccc4C34CCN(C1)C24,True,1,COPLATED_IN_DECODED_WELL
C1=CC2CCCC23CCCC13,True,2,SAMPLE1_DRAW_GROUP
C1=CC2CCCC2C(OC2CCCCO2)O1,True,19,COPLATED_IN_DECODED_WELL;DECODED_SAME_PLATE_ION_0p01;DECODED_SAME_WELL_ION_0p7
C1=CC2CCCC2CCC1,True,1,COPLATED_IN_DECODED_WELL
C1=CC2CCCCC2CC1,True,8,COPLATED_IN_DECODED_WELL
C1=CC2CCCN2C1,False,0,EXPOSED_POPULATION:V2-DEVELOPMENT-POPULATION;EXPOSED_POPULATION:WUR-POS-IDENTITY;EXPOSED_POPULATION:WUR-SEALED
C1=CC2CCC[NH+]2C1,False,0,EXPOSED_POPULATION:V2-DEVELOPMENT-POPULATION;EXPOSED_POPULATION:WUR-POS-IDENTITY;EXPOSED_POPULATION:WUR-SEALED
C1=CC2CCOCC2C(OC2CCCCO2)O1,True,2,COPLATED_IN_DECODED_WELL;SAMPLE1_DRAW_GROUP
C1=CC2COC=CC2C1,True,1,COPLATED_IN_DECODED_WELL
C1=CC2Cc3ccc4[n]3[Sn][n]3c(ccc3CC3C=CC(C4)N3)CC1N2,True,2,COPLATED_IN_DECODED_WELL
C1=CC2OC23CCC2C4CCCC4CCC2C3C1,False,0,COPLATED_IN_DECODED_WELL;DECODED_SAME_PLATE_ION_0p01;EXPOSED_POPULATION:LCSB-ALL-MASSBANK-V1-EXPOSURE-SET;EXPOSED_POPULATION:LCSB-DEV;EXPOSED_POPULATION:LCSB-NEG;EXPOSED_POPULATION:LCSB-POS-V2-SPECTRA;EXPOSED_POPULATION:V2-DEVELOPMENT-POPULATION;MSNLIB_ANCHOR_CENSUS_DESIGN
C1=CC2OC3CCC(C2CC1)C31CO1,False,0,COPLATED_IN_DECODED_WELL;EXPOSED_POPULATION:V2-DEVELOPMENT-POPULATION;EXPOSED_POPULATION:WUR-DEV-ANALYSIS;EXPOSED_POPULATION:WUR-POS-IDENTITY
C1=CC2Oc3cccc4c3C23CCNC(C4)C3=C1,False,0,EXPOSED_POPULATION:V2-DEVELOPMENT-POPULATION;EXPOSED_POPULATION:WUR-DEV-ANALYSIS;EXPOSED_POPULATION:WUR-POS-IDENTITY
C1=CC2c3ccc(-c4cc5ccccc5o4)cc3OC3(c4ccccc4)Oc4ccccc4C(C1)C23,True,1,DECODED_SAME_PLATE_ION_0p01
C1=CC2c3cccc4[nH]cc(c34)CC2NC1,False,0,EXPOSED_POPULATION:V2-DEVELOPMENT-POPULATION;EXPOSED_POPULATION:WUR-DEV-HOLD;EXPOSED_POPULATION:WUR-POS-IDENTITY;EXPOSED_POPULATION:WUR-SEALED
C1=CC2c3ccccc3NC(c3ccc4c(c3)OCO4)C2C1,True,1,DECODED_SAME_PLATE_ION_0p01
C1=CC2c3ccccc3NC(c3cccnc3)C2C1,True,1,DECODED_SAME_PLATE_ION_0p01
C1=CC2c3ccccc3OCC2CC1,False,0,COPLATED_IN_DECODED_WELL;EXPOSED_POPULATION:V2-DEVELOPMENT-POPULATION;EXPOSED_POPULATION:WUR-NEG-D6-EXCLUDED;EXPOSED_POPULATION:WUR-POS-IDENTITY;EXPOSED_POPULATION:WUR-SEALED
C1=CCC(C2Nc3ccccc3-c3nncnc3O2)CC1,True,1,SAMPLE1_DRAW_GROUP
C1=CCC2CCCCC2C1,True,17,COPLATED_IN_DECODED_WELL
C1=CCC2c3ccccc3CCCC2C1,True,1,DECODED_SAME_PLATE_ION_0p01
C1=CCCCC1,False,0,COPLATED_IN_DECODED_WELL;DECODED_SAME_PLATE_ION_0p01;DECODED_SAME_WELL_ION_0p7;EXPOSED_POPULATION:V2-DEVELOPMENT-POPULATION;EXPOSED_POPULATION:WUR-POS-IDENTITY;EXPOSED_POPULATION:WUR-SEALED;MSNLIB_ANCHOR_CENSUS_DESIGN;MSNLIB_ANCHOR_CENSUS_DETECTED;MSNLIB_ANCHOR_GATE_CALIBRATION;MULTIMS2_ANCHOR_CALIBRATION
C1=CCCCC2CCC(CC=CCC1)O2,True,2,COPLATED_IN_DECODED_WELL
C1=CCNCC1,False,0,COPLATED_IN_DECODED_WELL;DECODED_SAME_PLATE_ION_0p01;DECODED_SAME_WELL_ION_0p7;EXPOSED_POPULATION:V2-DEVELOPMENT-POPULATION;EXPOSED_POPULATION:WUR-DEV-ANALYSIS;EXPOSED_POPULATION:WUR-POS-IDENTITY;MSNLIB_ANCHOR_CENSUS_DESIGN;MSNLIB_ANCHOR_CENSUS_DETECTED;MSNLIB_ANCHOR_GATE_CALIBRATION;MULTIMS2_ANCHOR_CALIBRATION
C1=CCNCc2cccc(c2)Nc2nccc(n2)-c2cccc(c2)OCC1,True,1,DECODED_SAME_PLATE_ION_0p01
C1=CCOCc2cc(ccc2OCCN2CCCC2)Nc2nccc(n2)-c2cccc(c2)COC1,True,1,COPLATED_IN_DECODED_WELL;DECODED_SAME_PLATE_ION_0p01
C1=COC(OC2CCCC(OC3CCCCO3)C2)CC1,True,2,COPLATED_IN_DECODED_WELL
C1=COC(OC2CCCCO2)CC1,True,4,COPLATED_IN_DECODED_WELL;DECODED_SAME_PLATE_ION_0p01
C1=COC(c2ccccc2)CC1,True,1,SAMPLE1_DRAW_GROUP
C1=COCCC1,False,0,COPLATED_IN_DECODED_WELL;DECODED_SAME_PLATE_ION_0p01;DECODED_SAME_WELL_ION_0p7;EXPOSED_POPULATION:V2-DEVELOPMENT-POPULATION;EXPOSED_POPULATION:WUR-POS-IDENTITY;EXPOSED_POPULATION:WUR-SEALED;MSNLIB_ANCHOR_CENSUS_DESIGN;MSNLIB_ANCHOR_CENSUS_DETECTED;MSNLIB_ANCHOR_GATE_CALIBRATION
C1=Cc2c(-c3cnc4ccccc4c3)c3cncnc3n2CC1,True,1,DECODED_SAME_PLATE_ION_0p01
C1=Cc2c(ccc3c2OCC(c2ccccc2)C3)OC1,True,1,DECODED_SAME_PLATE_ION_0p01
C1=Cc2cc3ccc(cc4ccc(cc5nc(cc1n2)C=C5)[nH]4)[nH]3,True,4,COPLATED_IN_DECODED_WELL
C1=Cc2ccc3ccccc3c2OC1,False,0,DECODED_SAME_PLATE_ION_0p01
C1=Cc2cccc3cccc1c23,True,1,DECODED_SAME_PLATE_ION_0p01
C1=Cc2ccccc2C(=C2CCN(CCCCc3nn[nH]n3)CC2)c2ccccc21,False,0,DECODED_SAME_PLATE_ION_0p01
C1=Cc2ccccc2C(=C2CCNCC2)c2ccccc21,False,0,COPLATED_IN_DECODED_WELL;DECODED_SAME_PLATE_ION_0p01;DECODED_SAME_WELL_ION_0p7;EXPOSED_POPULATION:V2-DEVELOPMENT-POPULATION;EXPOSED_POPULATION:WUR-DEV-ANALYSIS;EXPOSED_POPULATION:WUR-POS-IDENTITY;MSNLIB_ANCHOR_CENSUS_DESIGN;MSNLIB_ANCHOR_CENSUS_DETECTED;MSNLIB_ANCHOR_GATE_CALIBRATION;MULTIMS2_ANCHOR_CALIBRATION
C1=Cc2ccccc2C(N=C2SCCN2C2=NCCS2)c2ccccc21,True,1,DECODED_SAME_PLATE_ION_0p01
C1=Cc2ccccc2C1=Cc1ccccc1,True,2,DECODED_SAME_PLATE_ION_0p01
C1=Cc2ccccc2Cc2ccccc21,True,1,COPLATED_IN_DECODED_WELL;DECODED_SAME_PLATE_ION_0p01
C1=Cc2ccccc2N=CC1,True,1,DECODED_SAME_PLATE_ION_0p01
C1=Cc2ccccc2NC1,False,0,COPLATED_IN_DECODED_WELL;DECODED_SAME_PLATE_ION_0p01;DECODED_SAME_WELL_ION_0p7;EXPOSED_POPULATION:ENTACT-MIX-LISTS-499-503-505;EXPOSED_POPULATION:LCSB-ALL-MASSBANK-V1-EXPOSURE-SET;EXPOSED_POPULATION:LCSB-CONFIRMATION;EXPOSED_POPULATION:V2-DEVELOPMENT-POPULATION;EXPOSED_POPULATION:WUR-POS-IDENTITY;EXPOSED_POPULATION:WUR-SEALED;MSNLIB_ANCHOR_CENSUS_DESIGN;MSNLIB_ANCHOR_CENSUS_DETECTED;MSNLIB_ANCHOR_GATE_CALIBRATION
C1=Cc2ccccc2Nc2ccccc21,False,0,COPLATED_IN_DECODED_WELL;DECODED_SAME_PLATE_ION_0p01;DECODED_SAME_WELL_ION_0p7;EXPOSED_POPULATION:LCSB-ALL-MASSBANK-V1-EXPOSURE-SET;EXPOSED_POPULATION:LCSB-DEV;EXPOSED_POPULATION:LCSB-POS-V2-SPECTRA;EXPOSED_POPULATION:V2-DEVELOPMENT-POPULATION;EXPOSED_POPULATION:WUR-DEV-ANALYSIS;EXPOSED_POPULATION:WUR-POS-IDENTITY;MSNLIB_ANCHOR_CENSUS_DESIGN;MSNLIB_ANCHOR_CENSUS_DETECTED;MSNLIB_ANCHOR_GATE_CALIBRATION;MULTIMS2_ANCHOR_CALIBRATION
C1=Cc2ccccc2OC1,True,16,COPLATED_IN_DECODED_WELL
C1=Cc2ccccc2Sc2ccccc21,True,2,COPLATED_IN_DECODED_WELL;DECODED_SAME_PLATE_ION_0p01
C1=Cc2ncccc2Cc2ccccc21,True,1,DECODED_SAME_PLATE_ION_0p01
C1=Cn2c3c(c4ccccc42)CCN2CCCC1C32,True,2,COPLATED_IN_DECODED_WELL;DECODED_SAME_PLATE_ION_0p01;SAMPLE1_DRAW_GROUP
C1=NC(c2cccc(-c3cncnc3)c2)CCS1,True,1,DECODED_SAME_PLATE_ION_0p01
C1=NC2(N=C1)c1cc(-c3cccnc3)ccc1CC21CCCCC1,True,1,COPLATED_IN_DECODED_WELL
C1=NC2=NC(c3ccccc3)=CC(c3cnn(-c4ccccc4)c3)N2N1,False,0,DECODED_SAME_PLATE_ION_0p01
C1=NC2CCCOC2S1,True,1,DECODED_SAME_PLATE_ION_0p01
C1=NC=NC1CCNCC12CC3CC(CC(C3)C1)C2,True,1,DECODED_SAME_PLATE_ION_0p01
C1=NCC2c3ccccc3Cc3ccccc3N12,True,1,COPLATED_IN_DECODED_WELL;DECODED_SAME_PLATE_ION_0p01;DECODED_SAME_WELL_ION_0p7
C1=NCCCCN1,True,1,SAMPLE1_DRAW_GROUP
C1=NCCN1Cc1cccnc1,False,0,EXPOSED_POPULATION:ENTACT-MIX-LISTS-499-503-505;EXPOSED_POPULATION:LCSB-ALL-MASSBANK-V1-EXPOSURE-SET;EXPOSED_POPULATION:LCSB-DEV;EXPOSED_POPULATION:LCSB-NEG;EXPOSED_POPULATION:LCSB-POS-V2-SPECTRA;EXPOSED_POPULATION:V2-DEVELOPMENT-POPULATION;EXPOSED_POPULATION:WUR-DEV-ANALYSIS;EXPOSED_POPULATION:WUR-POS-IDENTITY
C1=NCCc2c1[nH]c1ccccc21,True,2,COPLATED_IN_DECODED_WELL
C1=NCCc2ncn(C3CCCO3)c2N1,True,1,COPLATED_IN_DECODED_WELL;DECODED_SAME_PLATE_ION_0p01;DECODED_SAME_WELL_ION_0p7
C1=NCN=CN1,True,1,COPLATED_IN_DECODED_WELL;DECODED_SAME_PLATE_ION_0p01
C1=NCc2c1ccc1c2OC2(CCCC3CCCCC32)C1,False,0,COPLATED_IN_DECODED_WELL
C1=NNC(c2ccccc2)C1,True,1,DECODED_SAME_PLATE_ION_0p01
C1=NNC(c2ccccc2)S1,True,2,DECODED_SAME_PLATE_ION_0p01
C1=NNc2ncnc3c2c1cn3C1CCCO1,True,1,DECODED_SAME_PLATE_ION_0p01
C1=NOC(c2ccccc2)(c2ccccc2)C1,False,0,EXPOSED_POPULATION:LCSB-ALL-MASSBANK-V1-EXPOSURE-SET;EXPOSED_POPULATION:LCSB-DEV;EXPOSED_POPULATION:LCSB-POS-V2-SPECTRA;EXPOSED_POPULATION:V2-DEVELOPMENT-POPULATION
C1=Nc2ccc3ccccc3c2C1,False,0,EXPOSED_POPULATION:LCSB-ALL-MASSBANK-V1-EXPOSURE-SET;EXPOSED_POPULATION:LCSB-CONFIRMATION
C1C2CC3CC1CC(C2)C3,False,0,COPLATED_IN_DECODED_WELL;DECODED_SAME_PLATE_ION_0p01;DECODED_SAME_WELL_ION_0p7;EXPOSED_POPULATION:V2-DEVELOPMENT-POPULATION;EXPOSED_POPULATION:WUR-DEV-ANALYSIS;EXPOSED_POPULATION:WUR-POS-IDENTITY;MSNLIB_ANCHOR_CENSUS_DESIGN;MSNLIB_ANCHOR_CENSUS_DETECTED;MSNLIB_ANCHOR_GATE_CALIBRATION;MULTIMS2_ANCHOR_CALIBRATION
C1CC(c2nnc(C3CC3)o2)CCN1,True,1,SAMPLE1_DRAW_GROUP
C1CC1,True,14,COPLATED_IN_DECODED_WELL;DECODED_SAME_PLATE_ION_0p01;DECODED_SAME_WELL_ION_0p7
C1CC2=C3CCC4CCCCC4C3CCC2C1,True,1,COPLATED_IN_DECODED_WELL
C1CC2C3CCC(C3)C2C1,True,1,COPLATED_IN_DECODED_WELL;DECODED_SAME_PLATE_ION_0p01
C1CC2CC(C1)C2,True,1,COPLATED_IN_DECODED_WELL
C1CC2CC1CN2,True,2,DECODED_SAME_PLATE_ION_0p01
C1CC2CC3CCCC3(C1)C2,True,2,COPLATED_IN_DECODED_WELL
C1CC2CCC1C2,True,10,COPLATED_IN_DECODED_WELL;DECODED_SAME_PLATE_ION_0p01
C1CC2CCC1CC2,True,6,SAMPLE1_DRAW_GROUP
C1CC2CCC1O2,True,3,EXPOSED_POPULATION:ENTACT-MIX-LISTS-499-503-505;EXPOSED_POPULATION:LCSB-ALL-MASSBANK-V1-EXPOSURE-SET;EXPOSED_POPULATION:LCSB-NEG;EXPOSED_POPULATION:LCSB-RAW-MIX-REPLICATE-SET-92
C1CC2CCC3C(CCC4C5CCCC5CCC43)C2C1,True,2,COPLATED_IN_DECODED_WELL;DECODED_SAME_PLATE_ION_0p01;DECODED_SAME_WELL_ION_0p7
C1CC2CCCN2C1,False,0,EXPOSED_POPULATION:V2-DEVELOPMENT-POPULATION;EXPOSED_POPULATION:WUR-DEV-ANALYSIS;EXPOSED_POPULATION:WUR-POS-IDENTITY
C1CC2CCC[NH+]2C1,False,0,EXPOSED_POPULATION:V2-DEVELOPMENT-POPULATION;EXPOSED_POPULATION:WUR-POS-IDENTITY;EXPOSED_POPULATION:WUR-SEALED
C1CC2CCOC3OC4CCC(C1)C23OO4,True,4,COPLATED_IN_DECODED_WELL;DECODED_SAME_PLATE_ION_0p01
C1CC2CNC3C4CC2C3(C1)C1CC2CCC4C1C2,False,0,COPLATED_IN_DECODED_WELL;DECODED_SAME_PLATE_ION_0p01;DECODED_SAME_WELL_ION_0p7;EXPOSED_POPULATION:V2-DEVELOPMENT-POPULATION;EXPOSED_POPULATION:WUR-DEV-HOLD;EXPOSED_POPULATION:WUR-POS-IDENTITY;MSNLIB_ANCHOR_CENSUS_DESIGN;MSNLIB_ANCHOR_CENSUS_DETECTED;MSNLIB_ANCHOR_GATE_CALIBRATION
C1CC2CNCC(C1)C2,True,1,SAMPLE1_DRAW_GROUP
C1CC2COC(C1)O2,True,1,COPLATED_IN_DECODED_WELL
C1CC2NC(C1)C1OC21,True,1,COPLATED_IN_DECODED_WELL
C1CC2OCC1OC1CCC(CO1)OC1CCC(CO1)OC1CCC(CO1)OC1CCC(CO1)OC1CCC(CO1)O2,True,1,COPLATED_IN_DECODED_WELL;DECODED_SAME_PLATE_ION_0p01;DECODED_SAME_WELL_ION_0p7
C1CC2OCCC2O1,True,4,DECODED_SAME_PLATE_ION_0p01
C1CC2OCOC2O1,False,0,EXPOSED_POPULATION:LCSB-ALL-MASSBANK-V1-EXPOSURE-SET;EXPOSED_POPULATION:LCSB-NEG
C1CCC(C2CCC3C2CCC2C4CCCCC4CCC23)OC1,True,2,COPLATED_IN_DECODED_WELL;SAMPLE1_DRAW_GROUP
C1CCC(C2CCCCC2)CC1,True,2,COPLATED_IN_DECODED_WELL;DECODED_SAME_PLATE_ION_0p01;DECODED_SAME_WELL_ION_0p7
C1CCC(COC2CCCC(COC3CCCC(COC4CCCCO4)O3)O2)OC1,True,1,COPLATED_IN_DECODED_WELL
C1CCC(COC2CCCCO2)OC1,True,10,COPLATED_IN_DECODED_WELL;DECODED_SAME_PLATE_ION_0p01
C1CCC(OC2(COC3CCCO3)CCCO2)OC1,True,1,COPLATED_IN_DECODED_WELL;DECODED_SAME_WELL_ION_0p7
C1CCC(OC2CCC(OC3CC4C(CCC5C6CC7(CCCCO7)OC6CC54)C4CCCCC34)OC2)OC1,True,1,SAMPLE1_DRAW_GROUP
C1CCC(OC2CCC(OC3CCC(OC4CCCCO4)CO3)OC2)OC1,False,0,COPLATED_IN_DECODED_WELL
C1CCC(OC2CCC(OC3CCC(OC4CCCOC4)OC3)OC2)OC1,True,5,COPLATED_IN_DECODED_WELL;DECODED_SAME_PLATE_ION_0p01
C1CCC(OC2CCC(OC3CCCOC3)OC2)OC1,True,4,SAMPLE1_DRAW_GROUP
C1CCC(OC2CCC34CC35CCC3C(C6CCCO6)CCC3C5CC(OC3CCCCO3)C4C2)OC1,True,5,COPLATED_IN_DECODED_WELL;DECODED_SAME_PLATE_ION_0p01
C1CCC(OC2CCC3C(CCC45CCC(CCC34)C5)C2)OC1,True,1,COPLATED_IN_DECODED_WELL
C1CCC(OC2CCC3C(CCC4C5=C(CCC43)C3CCCCC3CC5)C2)OC1,True,1,SAMPLE1_DRAW_GROUP
C1CCC(OC2CCC3C(CCC4C5CCCC5CCC34)C2)OC1,True,2,COPLATED_IN_DECODED_WELL
C1CCC(OC2CCC3OC(OC4CCCCO4)CCC3O2)CC1,False,0,COPLATED_IN_DECODED_WELL;DECODED_SAME_PLATE_ION_0p01;DECODED_SAME_WELL_ION_0p7;EXPOSED_POPULATION:V2-DEVELOPMENT-POPULATION;EXPOSED_POPULATION:WUR-POS-IDENTITY;EXPOSED_POPULATION:WUR-SEALED;MSNLIB_ANCHOR_CENSUS_DESIGN;MSNLIB_ANCHOR_CENSUS_DETECTED;MSNLIB_ANCHOR_GATE_CALIBRATION
C1CCC(OC2CCCC(COC3CCCO3)O2)CC1,True,1,SAMPLE1_DRAW_GROUP
C1CCC(OC2CCCC(OC3CCCCO3)C2)OC1,False,0,COPLATED_IN_DECODED_WELL;DECODED_SAME_PLATE_ION_0p01;DECODED_SAME_WELL_ION_0p7;EXPOSED_POPULATION:V2-DEVELOPMENT-POPULATION;EXPOSED_POPULATION:WUR-DEV-ANALYSIS;EXPOSED_POPULATION:WUR-POS-IDENTITY;MSNLIB_ANCHOR_CENSUS_DESIGN;MSNLIB_ANCHOR_CENSUS_DETECTED;MSNLIB_ANCHOR_GATE_CALIBRATION
C1CCC(OC2CCCCC2OC2CCCO2)OC1,True,1,COPLATED_IN_DECODED_WELL
C1CCC(OC2CCCCO2)CC1,False,0,COPLATED_IN_DECODED_WELL;DECODED_SAME_PLATE_ION_0p01;DECODED_SAME_WELL_ION_0p7;EXPOSED_POPULATION:V2-DEVELOPMENT-POPULATION;EXPOSED_POPULATION:WUR-DEV-ANALYSIS;EXPOSED_POPULATION:WUR-POS-IDENTITY;MSNLIB_ANCHOR_CENSUS_DESIGN;MSNLIB_ANCHOR_CENSUS_DETECTED;MSNLIB_ANCHOR_GATE_CALIBRATION
C1CCC(OC2CCCCO2)OC1,True,7,COPLATED_IN_DECODED_WELL;DECODED_SAME_PLATE_ION_0p01
C1CCC(OC2CCCO2)OC1,True,11,COPLATED_IN_DECODED_WELL
C1CCC(OC2CCCOC2)OC1,True,12,COPLATED_IN_DECODED_WELL;DECODED_SAME_PLATE_ION_0p01;DECODED_SAME_WELL_ION_0p7
C1CCC(OC2CCCOC2OC2CC3C4CCCC4CCC3C3CCCCC23)OC1,True,5,COPLATED_IN_DECODED_WELL
C1CCC(OC2CCCOC2OC2CCC34CC35CCC3C(C6CCCO6)CCC3C5CCC4C2)OC1,True,1,COPLATED_IN_DECODED_WELL
C1CCC(OC2CCCOC2OC2CCC3C(CCC4C3CCC3C5CCOC5CC34)C2)OC1,True,2,SAMPLE1_DRAW_GROUP
C1CCC(OC2CCCOC2OC2CCC3C(CCC4C5CCC(COC6CCCC(COC7CCCO7)O6)C5CCC34)C2)OC1,False,0,COPLATED_IN_DECODED_WELL
C1CCC(OC2CCCOC2OC2CCC3C(CCC4C5CCCC5CCC34)C2)OC1,True,4,COPLATED_IN_DECODED_WELL;DECODED_SAME_PLATE_ION_0p01
C1CCC(OC2CCOC(OC3CCC4C(CCC5C4CCC4C(C6CCOC6)CCC45)C3)C2OC2CCCCO2)OC1,True,1,DECODED_SAME_PLATE_ION_0p01
C1CCC(OC2CCOC(OC3CCC4C(CCC5C4CCC4C6CCCOC67CC54CO7)C3)C2OC2CCCO2)OC1,True,5,COPLATED_IN_DECODED_WELL;DECODED_SAME_PLATE_ION_0p01;DECODED_SAME_WELL_ION_0p7
C1CCC(OC2CCOC2)OC1,True,1,COPLATED_IN_DECODED_WELL;DECODED_SAME_PLATE_ION_0p01
C1CCC(OC2COC(OC3CCCCC3OC3CCCCO3)C2)OC1,False,0,COPLATED_IN_DECODED_WELL;EXPOSED_POPULATION:V2-DEVELOPMENT-POPULATION;EXPOSED_POPULATION:WUR-DEV-HOLD;EXPOSED_POPULATION:WUR-POS-IDENTITY;MSNLIB_ANCHOR_CENSUS_DESIGN
C1CCC(OC2OCCC2OC2CCCCO2)CC1,False,0,COPLATED_IN_DECODED_WELL;DECODED_SAME_PLATE_ION_0p01;DECODED_SAME_WELL_ION_0p7;EXPOSED_POPULATION:V2-DEVELOPMENT-POPULATION;EXPOSED_POPULATION:WUR-POS-IDENTITY;EXPOSED_POPULATION:WUR-SEALED;MSNLIB_ANCHOR_CENSUS_DESIGN;MSNLIB_ANCHOR_CENSUS_DETECTED;MSNLIB_ANCHOR_GATE_CALIBRATION
C1CCC(OC2OCCC3OC4(CCCCO4)OC32)CC1,True,1,COPLATED_IN_DECODED_WELL
C1CCC(OCC2CC2)OC1,True,1,DECODED_SAME_PLATE_ION_0p01
C1CCC(OCC2CCC(C3CCC4C3CCC35CC36CCC(OC3CCCCO3)CC6CCC45)O2)OC1,True,1,COPLATED_IN_DECODED_WELL;DECODED_SAME_PLATE_ION_0p01;DECODED_SAME_WELL_ION_0p7
C1CCC(OCC2CCC(OC3CCCCO3)C(OC3CCOC(OC4CCC5C(CCC6C5CCC5C7CCCOC78CC65CO8)C4)C3OC3CCCCO3)O2)OC1,False,0,COPLATED_IN_DECODED_WELL
C1CCC(OCC2CCC3C2CCC2C4CCC(OC5OCCCC5OC5CCCCO5)CC4CCC32)OC1,True,3,DECODED_SAME_PLATE_ION_0p01
C1CCC(OCC2CCC3C2CCC2C4CCCCC4C(OC4OCCCC4OC4CCCCO4)CC32)OC1,True,3,COPLATED_IN_DECODED_WELL
C1CCC(OCC2CCCC(OC3CCCO3)O2)OC1,True,2,COPLATED_IN_DECODED_WELL;DECODED_SAME_PLATE_ION_0p01
C1CCC(OCC2CCCC(OCC3CCC4C3CCC3C5CCC(OC6CCCCO6)CC5CCC43)O2)OC1,True,2,COPLATED_IN_DECODED_WELL;DECODED_SAME_PLATE_ION_0p01;DECODED_SAME_WELL_ION_0p7
C1CCC(OCCC2CCC3(CCC4C(CCC5C6CCC(OC7OCCCC7OC7CCCCO7)CC6CCC45)C3)CO2)OC1,True,1,SAMPLE1_DRAW_GROUP
C1CCC(OCCCOC2CCCCO2)OC1,True,1,SAMPLE1_DRAW_GROUP
C1CCC(c2nnc(C3CCC3)o2)NC1,True,1,SAMPLE1_DRAW_GROUP
C1CCC(c2nsc(N3CCNCC3)n2)CC1,True,1,SAMPLE1_DRAW_GROUP
C1CCC1,True,13,COPLATED_IN_DECODED_WELL
C1CCC2(C1)CCC1OC1C2,True,2,COPLATED_IN_DECODED_WELL
C1CCC2(C1)CCNCC2,True,2,SAMPLE1_DRAW_GROUP
C1CCC2(CC1)CCNCC2,True,3,SAMPLE1_DRAW_GROUP
C1CCC2(CC1)CNCCN2,True,1,SAMPLE1_DRAW_GROUP
C1CCC2(CC1)OCCO2,False,0,EXPOSED_POPULATION:V2-DEVELOPMENT-POPULATION;EXPOSED_POPULATION:WUR-DEV-HOLD;EXPOSED_POPULATION:WUR-POS-IDENTITY
C1CCC2(CC1)OOC1(O2)C2CC3CC(C2)CC1C3,True,1,DECODED_SAME_PLATE_ION_0p01
C1CCC2(CC3C(CC4C3CCC3C5CCCCC5CCC34)O2)NC1,False,0,COPLATED_IN_DECODED_WELL;DECODED_SAME_PLATE_ION_0p01;DECODED_SAME_WELL_ION_0p7;EXPOSED_POPULATION:V2-DEVELOPMENT-POPULATION;EXPOSED_POPULATION:WUR-POS-IDENTITY;EXPOSED_POPULATION:WUR-SEALED;MSNLIB_ANCHOR_CENSUS_DESIGN;MSNLIB_ANCHOR_CENSUS_DETECTED;MSNLIB_ANCHOR_GATE_CALIBRATION
C1CCC2(CC3C(CC4C3CCC3C5CCCCC5CCC34)O2)OC1,True,4,DECODED_SAME_PLATE_ION_0p01
C1CCC2(CO2)C(C2CO2)C1,True,2,COPLATED_IN_DECODED_WELL;DECODED_SAME_PLATE_ION_0p01
C1CCC2C(C1)CCC13CC(CCC21)C1OC13,True,1,SAMPLE1_DRAW_GROUP
C1CCC2C(C1)CCC1C2CC2C3CN4CCCCC4CC3CCC21,True,2,DECODED_SAME_PLATE_ION_0p01
C1CCC2C(C1)CCC1C2CCC2C1CC1C2CC2CCCCN21,False,0,EXPOSED_POPULATION:V2-DEVELOPMENT-POPULATION;EXPOSED_POPULATION:WUR-DEV-ANALYSIS;EXPOSED_POPULATION:WUR-POS-IDENTITY
C1CCC2C(C1)CCC1C3CCCC3CCC21,True,38,COPLATED_IN_DECODED_WELL;DECODED_SAME_PLATE_ION_0p01;DECODED_SAME_WELL_ION_0p7;EXPOSED_POPULATION:LCSB-ALL-MASSBANK-V1-EXPOSURE-SET;EXPOSED_POPULATION:LCSB-NEG
C1CCC2C3=C(CCC2C1)C1CCC2CCCCC2C1CC3,True,2,COPLATED_IN_DECODED_WELL
C1CCC2C3=C(CCC2C1)C1CCCC1CC3,True,9,COPLATED_IN_DECODED_WELL
C1CCC2CCCCC2C1,True,21,COPLATED_IN_DECODED_WELL;DECODED_SAME_PLATE_ION_0p01
C1CCC2NCCC2C1,True,4,COPLATED_IN_DECODED_WELL;DECODED_SAME_PLATE_ION_0p01;DECODED_SAME_WELL_ION_0p7
C1CCCC1,False,0,COPLATED_IN_DECODED_WELL;DECODED_SAME_PLATE_ION_0p01;DECODED_SAME_WELL_ION_0p7;EXPOSED_POPULATION:V2-DEVELOPMENT-POPULATION;EXPOSED_POPULATION:WUR-POS-IDENTITY;EXPOSED_POPULATION:WUR-SEALED;MSNLIB_ANCHOR_CENSUS_DESIGN;MSNLIB_ANCHOR_CENSUS_DETECTED;MSNLIB_ANCHOR_GATE_CALIBRATION;MULTIMS2_ANCHOR_CALIBRATION
C1CCCCC1,False,0,COPLATED_IN_DECODED_WELL;DECODED_SAME_PLATE_ION_0p01;DECODED_SAME_WELL_ION_0p7;EXPOSED_POPULATION:LCSB-ALL-MASSBANK-V1-EXPOSURE-SET;EXPOSED_POPULATION:LCSB-DEV;EXPOSED_POPULATION:LCSB-POS-V2-SPECTRA;EXPOSED_POPULATION:V2-DEVELOPMENT-POPULATION;EXPOSED_POPULATION:WUR-POS-IDENTITY;EXPOSED_POPULATION:WUR-SEALED;MSNLIB_ANCHOR_CENSUS_DESIGN;MSNLIB_ANCHOR_CENSUS_DETECTED;MSNLIB_ANCHOR_GATE_CALIBRATION
C1CCCCCC(N2CCOCC2)CCCCC1,False,0,EXPOSED_POPULATION:V2-DEVELOPMENT-POPULATION;EXPOSED_POPULATION:WUR-POS-IDENTITY;EXPOSED_POPULATION:WUR-SEALED
C1CCCNCC1,False,0,DECODED_SAME_PLATE_ION_0p01;EXPOSED_POPULATION:V2-DEVELOPMENT-POPULATION;EXPOSED_POPULATION:WUR-DEV-HOLD;EXPOSED_POPULATION:WUR-POS-IDENTITY
C1CCCNCCC1,True,1,COPLATED_IN_DECODED_WELL;DECODED_SAME_WELL_ION_0p7
C1CCN(C2CCC3CCC4C5CC([NH+]6CCCCC6)CC5CCC4C3C2)CC1,False,0,COPLATED_IN_DECODED_WELL
C1CCN(C2CCOC2)CC1,True,1,DECODED_SAME_PLATE_ION_0p01
C1CCN2CC3CC(CN4CCCCC34)C2C1,False,0,COPLATED_IN_DECODED_WELL;DECODED_SAME_PLATE_ION_0p01;DECODED_SAME_WELL_ION_0p7;EXPOSED_POPULATION:V2-DEVELOPMENT-POPULATION;EXPOSED_POPULATION:WUR-POS-IDENTITY;EXPOSED_POPULATION:WUR-SEALED;MSNLIB_ANCHOR_CENSUS_DESIGN;MSNLIB_ANCHOR_CENSUS_DETECTED;MSNLIB_ANCHOR_GATE_CALIBRATION
C1CCN2CCCC2C1,False,0,DECODED_SAME_PLATE_ION_0p01;EXPOSED_POPULATION:V2-DEVELOPMENT-POPULATION;EXPOSED_POPULATION:WUR-DEV-ANALYSIS;EXPOSED_POPULATION:WUR-POS-IDENTITY
C1CCN2CCCCC2C1,False,0,COPLATED_IN_DECODED_WELL;DECODED_SAME_PLATE_ION_0p01;DECODED_SAME_WELL_ION_0p7;EXPOSED_POPULATION:V2-DEVELOPMENT-POPULATION;EXPOSED_POPULATION:WUR-DEV-ANALYSIS;EXPOSED_POPULATION:WUR-POS-IDENTITY;MSNLIB_ANCHOR_CENSUS_DESIGN;MSNLIB_ANCHOR_CENSUS_DETECTED;MSNLIB_ANCHOR_GATE_CALIBRATION
C1CCNC1,False,0,COPLATED_IN_DECODED_WELL;DECODED_SAME_PLATE_ION_0p01;EXPOSED_POPULATION:V2-DEVELOPMENT-POPULATION;EXPOSED_POPULATION:WUR-DEV-ANALYSIS;EXPOSED_POPULATION:WUR-POS-IDENTITY
C1CCNCC1,False,0,COPLATED_IN_DECODED_WELL;DECODED_SAME_PLATE_ION_0p01;DECODED_SAME_WELL_ION_0p7;EXPOSED_POPULATION:LCSB-ALL-MASSBANK-V1-EXPOSURE-SET;EXPOSED_POPULATION:LCSB-DEV;EXPOSED_POPULATION:LCSB-POS-V2-SPECTRA;EXPOSED_POPULATION:V2-DEVELOPMENT-POPULATION;EXPOSED_POPULATION:WUR-DEV-ANALYSIS;EXPOSED_POPULATION:WUR-POS-IDENTITY;MSNLIB_ANCHOR_CENSUS_DESIGN;MSNLIB_ANCHOR_CENSUS_DETECTED;MSNLIB_ANCHOR_GATE_CALIBRATION
C1CCOC1,False,0,EXPOSED_POPULATION:LCSB-ALL-MASSBANK-V1-EXPOSURE-SET;EXPOSED_POPULATION:LCSB-DEV;EXPOSED_POPULATION:LCSB-NEG;EXPOSED_POPULATION:LCSB-POS-V2-SPECTRA;EXPOSED_POPULATION:V2-DEVELOPMENT-POPULATION;EXPOSED_POPULATION:WUR-DEV-ANALYSIS;EXPOSED_POPULATION:WUR-POS-IDENTITY
C1CCOCC1,False,0,COPLATED_IN_DECODED_WELL;DECODED_SAME_PLATE_ION_0p01;DECODED_SAME_WELL_ION_0p7;EXPOSED_POPULATION:V2-DEVELOPMENT-POPULATION;EXPOSED_POPULATION:WUR-DEV-ANALYSIS;EXPOSED_POPULATION:WUR-POS-IDENTITY
C1CC[NH+](C2CC3CCC4C5CC(N6CCOCC6)CCC5CCC4C3C2)C1,False,0,COPLATED_IN_DECODED_WELL;EXPOSED_POPULATION:V2-DEVELOPMENT-POPULATION;EXPOSED_POPULATION:WUR-DEV-HOLD;EXPOSED_POPULATION:WUR-POS-IDENTITY
C1CC[NH+](C2CCC3CCC4C5CC([NH+]6CCCCC6)CC5CCC4C3C2)CC1,False,0,COPLATED_IN_DECODED_WELL
C1CC[NH2+]CC1,False,0,EXPOSED_POPULATION:V2-DEVELOPMENT-POPULATION;EXPOSED_POPULATION:WUR-DEV-ANALYSIS;EXPOSED_POPULATION:WUR-POS-IDENTITY
C1CCc2c(noc2-c2nc(C3CCOC3)no2)C1,True,1,SAMPLE1_DRAW_GROUP
C1CN(CCC2CNC2)CCO1,True,1,SAMPLE1_DRAW_GROUP
C1CNC1,True,11,DECODED_SAME_PLATE_ION_0p01
C1CNCCN1,False,0,COPLATED_IN_DECODED_WELL;DECODED_SAME_PLATE_ION_0p01;DECODED_SAME_WELL_ION_0p7;EXPOSED_POPULATION:V2-DEVELOPMENT-POPULATION;EXPOSED_POPULATION:WUR-DEV-ANALYSIS;EXPOSED_POPULATION:WUR-POS-IDENTITY
C1CNCCNCCNCCN1,True,4,DECODED_SAME_PLATE_ION_0p01
C1CO1,False,0,COPLATED_IN_DECODED_WELL;EXPOSED_POPULATION:V2-DEVELOPMENT-POPULATION;EXPOSED_POPULATION:WUR-NEG-D6-EXCLUDED;EXPOSED_POPULATION:WUR-POS-IDENTITY;EXPOSED_POPULATION:WUR-SEALED;MSNLIB_ANCHOR_CENSUS_DESIGN
C1COC(C2CCC3C2CCC24CC25CCCCC5CCC34)C1,True,1,COPLATED_IN_DECODED_WELL
C1COC(C2CCNC2)C1,True,1,SAMPLE1_DRAW_GROUP
C1COC(CC2=NCCO2)=N1,True,2,SAMPLE1_DRAW_GROUP
C1COC(NC(C2CC2)C2CC2)=N1,True,1,DECODED_SAME_PLATE_ION_0p01
C1COC(OC2CC3CCCCC3C3CCCC23)C1,True,1,COPLATED_IN_DECODED_WELL;DECODED_SAME_PLATE_ION_0p01;DECODED_SAME_WELL_ION_0p7
C1COC(OCC2CCCC(OC3CC4CCC3C4)O2)C1,True,1,SAMPLE1_DRAW_GROUP
C1COC(OCC2CCCC(OCC3CCC4CC3C4)O2)C1,True,1,DECODED_SAME_PLATE_ION_0p01
C1COC1,True,2,SAMPLE1_DRAW_GROUP
C1COC2COCOC2C1,True,1,COPLATED_IN_DECODED_WELL
C1COCCN1,False,0,COPLATED_IN_DECODED_WELL;DECODED_SAME_PLATE_ION_0p01;DECODED_SAME_WELL_ION_0p7;EXPOSED_POPULATION:V2-DEVELOPMENT-POPULATION;EXPOSED_POPULATION:WUR-POS-IDENTITY;EXPOSED_POPULATION:WUR-SEALED;MSNLIB_ANCHOR_CENSUS_DESIGN;MSNLIB_ANCHOR_CENSUS_DETECTED;MSNLIB_ANCHOR_GATE_CALIBRATION;MULTIMS2_ANCHOR_CALIBRATION
C1COCCO1,False,0,EXPOSED_POPULATION:V2-DEVELOPMENT-POPULATION;EXPOSED_POPULATION:WUR-DEV-HOLD;EXPOSED_POPULATION:WUR-POS-IDENTITY
C1CSC2(C1)CNC2,True,1,DECODED_SAME_PLATE_ION_0p01
C1CSCSC1,True,1,COPLATED_IN_DECODED_WELL
C1CSSC1,True,1,COPLATED_IN_DECODED_WELL;DECODED_SAME_PLATE_ION_0p01;EXPOSED_POPULATION:LCSB-ALL-MASSBANK-V1-EXPOSURE-SET;EXPOSED_POPULATION:LCSB-NEG
C1Cc2[nH]nc(-c3nn[nH]n3)c2C1,True,1,COPLATED_IN_DECODED_WELL
C1N=N1,True,2,COPLATED_IN_DECODED_WELL;DECODED_SAME_WELL_ION_0p7
C1NCNCN1,True,1,COPLATED_IN_DECODED_WELL
C1OC2(CS1)CN1CCC2CC1,True,1,COPLATED_IN_DECODED_WELL;DECODED_SAME_PLATE_ION_0p01;DECODED_SAME_WELL_ION_0p7
C1OC2COC3OCOC3C2O1,True,1,DECODED_SAME_PLATE_ION_0p01;EXPOSED_POPULATION:ENTACT-MIX-LISTS-499-503-505;EXPOSED_POPULATION:LCSB-ALL-MASSBANK-V1-EXPOSURE-SET;EXPOSED_POPULATION:LCSB-NEG
C1OC2COCC2O1,False,0,COPLATED_IN_DECODED_WELL;DECODED_SAME_PLATE_ION_0p01;DECODED_SAME_WELL_ION_0p7
C=C(C(=C)c1ccccc1)c1ccccc1,True,1,DECODED_SAME_PLATE_ION_0p01
C=C(C(=O)NC1C(=O)N2C=CCSC12)c1cscn1,True,2,COPLATED_IN_DECODED_WELL;DECODED_SAME_PLATE_ION_0p01;DECODED_SAME_WELL_ION_0p7
C=C(C(=O)OC1CC2NC(C1)C1OC21)c1ccccc1,False,0,EXPOSED_POPULATION:V2-DEVELOPMENT-POPULATION;EXPOSED_POPULATION:WUR-DEV-HOLD;EXPOSED_POPULATION:WUR-POS-IDENTITY
C=C(CC12CCCC(O1)C1OC3(CCCCN3)CC1O2)C1CCCC(CC2CC3OC4(CCC3O2)CCC2(C=CCCO2)O4)O1,False,0,EXPOSED_POPULATION:V2-DEVELOPMENT-POPULATION;EXPOSED_POPULATION:WUR-DEV-HOLD;EXPOSED_POPULATION:WUR-POS-IDENTITY
C=C(CC12CCCC(O1)C1OC3(CCCCN3)CC1O2)C1CCCC(CC2CC3OC4(CCC3O2)CCC2(CC=CCO2)O4)O1,False,0,EXPOSED_POPULATION:V2-DEVELOPMENT-POPULATION;EXPOSED_POPULATION:WUR-DEV-HOLD;EXPOSED_POPULATION:WUR-POS-IDENTITY
C=C(CCc1ccccc1)c1ccccc1,False,0,COPLATED_IN_DECODED_WELL;DECODED_SAME_PLATE_ION_0p01
C=C(Cc1ccc2c(c1)OCO2)NCC(=O)Cc1ccccc1,True,1,SAMPLE1_DRAW_GROUP
C=C(c1ccccc1)c1ccc2c(c1)CCCC2,False,0,COPLATED_IN_DECODED_WELL;EXPOSED_POPULATION:LCSB-ALL-MASSBANK-V1-EXPOSURE-SET;EXPOSED_POPULATION:LCSB-NEG
C=C(c1ccccc1)c1ccccc1,False,0,COPLATED_IN_DECODED_WELL;DECODED_SAME_PLATE_ION_0p01;EXPOSED_POPULATION:LCSB-ALL-MASSBANK-V1-EXPOSURE-SET;EXPOSED_POPULATION:LCSB-DEV;EXPOSED_POPULATION:LCSB-POS-V2-SPECTRA;EXPOSED_POPULATION:V2-DEVELOPMENT-POPULATION
C=C(c1ccccc1)n1ccnc1,True,1,COPLATED_IN_DECODED_WELL;DECODED_SAME_PLATE_ION_0p01;DECODED_SAME_WELL_ION_0p7
C=C1C(=O)C23C4CC5CCCCC56C(O4)OC2C1CCC63,True,1,DECODED_SAME_PLATE_ION_0p01
C=C1C(=O)C23CC1CCC2C12CCCCC1CC3OC2,True,2,COPLATED_IN_DECODED_WELL
C=C1C(=O)C23CC1CCC2C12COC3CC1CC=CC2=O,True,1,DECODED_SAME_PLATE_ION_0p01
C=C1C(=O)C23CC1CCC2C12COCC1CCCC2OC3=O,True,2,COPLATED_IN_DECODED_WELL;DECODED_SAME_PLATE_ION_0p01
C=C1C(=O)C23CCC4CC(=O)CCC4C2CCC1C3,True,2,DECODED_SAME_PLATE_ION_0p01
C=C1C(=O)C23CCC4CCCCC4C2CCC1C3,True,1,DECODED_SAME_PLATE_ION_0p01
C=C1C(=O)CC2C1CCC1C3CCC(=O)C=C3CCC21,True,1,DECODED_SAME_PLATE_ION_0p01
C=C1C(=O)Nc2ccccc21,True,1,COPLATED_IN_DECODED_WELL;DECODED_SAME_PLATE_ION_0p01
C=C1C(=O)OC2C1CCC(=C)C1CCC(=C)C12,True,4,DECODED_SAME_PLATE_ION_0p01
C=C1C(=O)OC2C=CCC3C=C(CCC12)C(=O)O3,True,2,DECODED_SAME_PLATE_ION_0p01
C=C1C(=O)OC2C=CCCC=CCCC12,True,18,COPLATED_IN_DECODED_WELL;DECODED_SAME_PLATE_ION_0p01;DECODED_SAME_WELL_ION_0p7
C=C1C(=O)OC2CC3CCCCC3=CC12,True,1,COPLATED_IN_DECODED_WELL;DECODED_SAME_PLATE_ION_0p01
C=C1C(=O)OC2CC=CCC12,True,4,COPLATED_IN_DECODED_WELL
C=C1C(=O)OC2CCC3C=CC(=O)C3CC12,True,2,COPLATED_IN_DECODED_WELL;DECODED_SAME_PLATE_ION_0p01
C=C1C(=O)OC2CCC3CCC(=O)C3CC12,True,1,COPLATED_IN_DECODED_WELL;DECODED_SAME_PLATE_ION_0p01
C=C1C(=O)OC2CCC3CCC4OC34CC12,True,1,DECODED_SAME_PLATE_ION_0p01
C=C1C(=O)OC2CCC3CCCC3CC12,True,2,DECODED_SAME_PLATE_ION_0p01
C=C1C(=O)OC2CCC=CCC12,True,3,COPLATED_IN_DECODED_WELL;DECODED_SAME_PLATE_ION_0p01
C=C1C(CC(=O)OC2CCCCO2)C=COC1OC1CCCCO1,True,1,COPLATED_IN_DECODED_WELL
C=C1C(CC(=O)OCC2CCCC(OCCc3ccccc3)O2)C=COC1OC1CCCCO1,True,2,COPLATED_IN_DECODED_WELL
C=C1C(CC(=O)OCCc2ccccc2)C=COC1OC1CCCCO1,True,6,COPLATED_IN_DECODED_WELL
C=C1C(OC2CCCCO2)OC=C2C(=O)OC3CCC(COC(=O)CC12)C3,True,1,COPLATED_IN_DECODED_WELL
C=C1C2CCC1C1CC(=O)C=CC1O2,False,0,EXPOSED_POPULATION:V2-DEVELOPMENT-POPULATION;EXPOSED_POPULATION:WUR-DEV-ANALYSIS;EXPOSED_POPULATION:WUR-POS-IDENTITY
C=C1C2CCC1c1c(NC(=O)c3cn[nH]c3)cccc12,False,0,EXPOSED_POPULATION:V2-DEVELOPMENT-POPULATION;EXPOSED_POPULATION:WUR-POS-IDENTITY;EXPOSED_POPULATION:WUR-SEALED
C=C1C2Cc3ccoc3CC2C2CC12,True,2,DECODED_SAME_PLATE_ION_0p01
C=C1C=C2C=C3C=CC(=N3)C=C3C=CC(=N3)C=C3CCC(=CC1=N2)N3,True,1,DECODED_SAME_PLATE_ION_0p01
C=C1C=C2C=c3ccc([nH]3)=CC3=NC(=CC4=NC(=CC1=N2)C=C4)CC3,True,1,COPLATED_IN_DECODED_WELL
C=C1C=Cc2ccccc21,True,1,DECODED_SAME_PLATE_ION_0p01
C=C1CC(=C)C(=O)OC2CCN3CC=C(COC(=O)C1)C23,False,0,EXPOSED_POPULATION:V2-DEVELOPMENT-POPULATION;EXPOSED_POPULATION:WUR-DEV-HOLD;EXPOSED_POPULATION:WUR-POS-IDENTITY
C=C1CC(=C)C(=O)OC2CC[NH+]3CC=C(COC(=O)C1)C23,False,0,EXPOSED_POPULATION:V2-DEVELOPMENT-POPULATION;EXPOSED_POPULATION:WUR-POS-IDENTITY;EXPOSED_POPULATION:WUR-SEALED
C=C1CC23CC1CCC2C12C=CCC(C(=O)O1)C2C3,False,0,COPLATED_IN_DECODED_WELL;EXPOSED_POPULATION:LCSB-ALL-MASSBANK-V1-EXPOSURE-SET;EXPOSED_POPULATION:LCSB-NEG;EXPOSED_POPULATION:V2-DEVELOPMENT-POPULATION;EXPOSED_POPULATION:WUR-POS-IDENTITY;EXPOSED_POPULATION:WUR-SEALED;MSNLIB_ANCHOR_CENSUS_DESIGN
C=C1CC23CC1CCC2C12CCCC(C(=O)O1)C2C3,True,3,COPLATED_IN_DECODED_WELL
C=C1CC23CC1CCC2C1CCCC2C(=O)OC(C3)C21,True,2,COPLATED_IN_DECODED_WELL
C=C1CC23CC1CCC2C1CCCCC1C3,True,1,COPLATED_IN_DECODED_WELL
C=C1CC23CCC4C(C(=O)OC5CCCCO5)CCCC4C2CCC1(OC1OCCC(OC2CCCCO2)C1OC1CCCCO1)C3,True,2,COPLATED_IN_DECODED_WELL
C=C1CC23CCC4C(C(=O)OC5OCCC(OC6CCCCO6)C5OC5CCCCO5)CCCC4C2CCC1(OC1OCCC(OC2CCCCO2)C1OC1CCCCO1)C3,False,0,COPLATED_IN_DECODED_WELL;DECODED_SAME_PLATE_ION_0p01;DECODED_SAME_WELL_ION_0p7
C=C1CC23CCC4CCCCC4C2CCC1(OC1OCCC(OC2CCCCO2)C1OC1CCCCO1)C3,True,1,COPLATED_IN_DECODED_WELL
C=C1CC23CCC4CCCCC4C2CCC1C3,True,5,COPLATED_IN_DECODED_WELL
C=C1CC23CCCC2C=CC1O3,True,1,COPLATED_IN_DECODED_WELL;DECODED_SAME_PLATE_ION_0p01
C=C1CC2C(CCC3C(=O)CCC32)C2C=CC(=O)C=C12,False,0,COPLATED_IN_DECODED_WELL;DECODED_SAME_PLATE_ION_0p01;DECODED_SAME_WELL_ION_0p7;EXPOSED_POPULATION:V2-DEVELOPMENT-POPULATION;EXPOSED_POPULATION:WUR-POS-IDENTITY;EXPOSED_POPULATION:WUR-SEALED;MSNLIB_ANCHOR_CENSUS_DESIGN;MSNLIB_ANCHOR_CENSUS_DETECTED;MSNLIB_ANCHOR_GATE_CALIBRATION
C=C1CC2C(OC(=O)c3ccccc3)CCC2C(=O)C=CC2CC2CC1OC(=O)c1ccccc1,True,1,COPLATED_IN_DECODED_WELL
C=C1CC2C3CCC(=O)CC3=CC(=O)C2C2C(=O)OCC(=O)C12,True,1,COPLATED_IN_DECODED_WELL
C=C1CC2C3CCC(=O)OCC3CCC2C2C(=O)OCC(=O)C12,True,2,COPLATED_IN_DECODED_WELL
C=C1CC2CC(OC(=O)C3CO3)CCC2CC1=O,True,2,DECODED_SAME_PLATE_ION_0p01
C=C1CC2CCC3(CCCC13)C2,True,1,SAMPLE1_DRAW_GROUP
C=C1CC2CCC3C4CCC(=O)C=C4C=CC3C2C1,False,0,EXPOSED_POPULATION:ENTACT-MIX-LISTS-499-503-505;EXPOSED_POPULATION:LCSB-ALL-MASSBANK-V1-EXPOSURE-SET;EXPOSED_POPULATION:LCSB-DEV;EXPOSED_POPULATION:LCSB-POS-V2-SPECTRA;EXPOSED_POPULATION:V2-DEVELOPMENT-POPULATION;EXPOSED_POPULATION:WUR-DEV-ANALYSIS;EXPOSED_POPULATION:WUR-POS-IDENTITY
C=C1CC2CCC3C4CCC(=O)C=C4CCC3C2C1,True,1,COPLATED_IN_DECODED_WELL;DECODED_SAME_PLATE_ION_0p01
C=C1CC2CCCC2C1,True,1,COPLATED_IN_DECODED_WELL
C=C1CC2CCCC2C=CC1=O,True,2,DECODED_SAME_PLATE_ION_0p01
C=C1CC2CCCCC2CC1=O,True,1,SAMPLE1_DRAW_GROUP
C=C1CC2OC2C(=O)OCC2=CCN3CCC(OC1=O)C23,False,0,EXPOSED_POPULATION:V2-DEVELOPMENT-POPULATION;EXPOSED_POPULATION:WUR-POS-IDENTITY;EXPOSED_POPULATION:WUR-SEALED
C=C1CC=COC1OC1CCCCO1,True,2,COPLATED_IN_DECODED_WELL
C=C1CCC2(CC3C(CC4C3CCC3C4CC=C4CCCC(OC5OCCCC5OC5CCCCO5)C43)O2)OC1,True,2,COPLATED_IN_DECODED_WELL
C=C1CCC2C1CCC1C3CCCCC3CCC21,True,1,COPLATED_IN_DECODED_WELL
C=C1CCC2C=COC(OC3OCCCC3OC(=O)c3ccccc3)C12,True,1,SAMPLE1_DRAW_GROUP
C=C1CCC2CC12,True,1,COPLATED_IN_DECODED_WELL
C=C1CCC2CC1C2,True,1,COPLATED_IN_DECODED_WELL;SAMPLE1_DRAW_GROUP
C=C1CCC2CC2C=CC(=O)C2CCCC2C1,True,3,COPLATED_IN_DECODED_WELL;DECODED_SAME_PLATE_ION_0p01
C=C1CCC2CCC3C(CCC4C5CCCCC5CCC43)C2C1,True,3,COPLATED_IN_DECODED_WELL
C=C1CCC2CCCCC2C1,True,23,COPLATED_IN_DECODED_WELL;DECODED_SAME_PLATE_ION_0p01
C=C1CCC2CCCCC2C1C=CC1=CCOC1=O,True,2,COPLATED_IN_DECODED_WELL;DECODED_SAME_PLATE_ION_0p01
C=C1CCC2CCCCC2C1CC=C1C=COC1=O,True,1,COPLATED_IN_DECODED_WELL;DECODED_SAME_PLATE_ION_0p01
C=C1CCC2CCCCC2C1CC=C1CCOC1=O,True,1,DECODED_SAME_PLATE_ION_0p01
C=C1CCC2CCCCC2C1CCC1=CCOC1=O,True,4,COPLATED_IN_DECODED_WELL
C=C1CCC2CCCCC2C1COc1ccc2ccc(=O)oc2c1,True,1,SAMPLE1_DRAW_GROUP
C=C1CCCC(=C)CCC2CCCC2CC1,True,1,SAMPLE1_DRAW_GROUP
C=C1CCCC(=O)OCC2=CCN3CCC(OC1=O)C23,False,0,COPLATED_IN_DECODED_WELL;DECODED_SAME_PLATE_ION_0p01;DECODED_SAME_WELL_ION_0p7;EXPOSED_POPULATION:V2-DEVELOPMENT-POPULATION;EXPOSED_POPULATION:WUR-DEV-HOLD;EXPOSED_POPULATION:WUR-POS-IDENTITY;MSNLIB_ANCHOR_CENSUS_DESIGN;MSNLIB_ANCHOR_CENSUS_DETECTED;MSNLIB_ANCHOR_GATE_CALIBRATION
C=C1CCCC(=O)OCC2=CCNCCC(OC1=O)C2=O,False,0,EXPOSED_POPULATION:V2-DEVELOPMENT-POPULATION;EXPOSED_POPULATION:WUR-DEV-ANALYSIS;EXPOSED_POPULATION:WUR-POS-IDENTITY
C=C1CCCC(=O)OCC2=CC[NH+]3CCC(OC1=O)C23,False,0,EXPOSED_POPULATION:V2-DEVELOPMENT-POPULATION;EXPOSED_POPULATION:WUR-DEV-ANALYSIS;EXPOSED_POPULATION:WUR-POS-IDENTITY;EXPOSED_POPULATION:WUR-SEALED
C=C1CCCC(=O)OCC2CCN3CCC(OC1=O)C23,False,0,EXPOSED_POPULATION:V2-DEVELOPMENT-POPULATION;EXPOSED_POPULATION:WUR-POS-IDENTITY;EXPOSED_POPULATION:WUR-SEALED
C=C1CCCC(=O)OCC2CC[NH+]3CCC(OC1=O)C23,False,0,EXPOSED_POPULATION:V2-DEVELOPMENT-POPULATION;EXPOSED_POPULATION:WUR-DEV-ANALYSIS;EXPOSED_POPULATION:WUR-POS-IDENTITY
C=C1CCCC1n1cnc2c(=O)nc[nH]c21,True,1,COPLATED_IN_DECODED_WELL
C=C1CCCC2=NCCCCC23CCC(C2C=CC(=O)O2)=CC3C=CCCC2CCC3(CCC4(CCCC(C1)O4)O3)O2,False,0,EXPOSED_POPULATION:V2-DEVELOPMENT-POPULATION;EXPOSED_POPULATION:WUR-POS-IDENTITY;EXPOSED_POPULATION:WUR-SEALED
C=C1CCCC2=NCCCCC23CCC(C2C=CC(=O)O2)=CC3C=CCCC2CCC3(CCCC4(CCCC(C1)O4)O3)O2,False,0,EXPOSED_POPULATION:V2-DEVELOPMENT-POPULATION;EXPOSED_POPULATION:WUR-DEV-ANALYSIS;EXPOSED_POPULATION:WUR-POS-IDENTITY
C=C1CCCC2=NCCCCC23CCC(C2CCC(=O)O2)=CC3C2OC3(CCCC2O3)CC2CCCC3(CCC4(CCCC(C1)O4)O3)O2,False,0,EXPOSED_POPULATION:V2-DEVELOPMENT-POPULATION;EXPOSED_POPULATION:WUR-DEV-ANALYSIS;EXPOSED_POPULATION:WUR-POS-IDENTITY
C=C1CCCC2=NCCCCC23CCC=CC3C2OC3(CCCC2O3)CC2CCCC3(CCC4(CCCC(C1)O4)O3)O2,False,0,EXPOSED_POPULATION:V2-DEVELOPMENT-POPULATION;EXPOSED_POPULATION:WUR-DEV-HOLD;EXPOSED_POPULATION:WUR-POS-IDENTITY
C=C1CCCC2C=C3OC(=O)C=C3CC12,True,1,DECODED_SAME_PLATE_ION_0p01
C=C1CCCC2CC3OC(=O)C(=C)C3CC12,True,4,COPLATED_IN_DECODED_WELL
C=C1CCCC2CC3OC(=O)C=C3CC12,True,7,DECODED_SAME_PLATE_ION_0p01
C=C1CCCC2CCCCC12,True,7,COPLATED_IN_DECODED_WELL
C=C1CCCCC1=CC=C1CCCC2CCCC12,True,2,COPLATED_IN_DECODED_WELL;SAMPLE1_DRAW_GROUP
C=C1CCN(CC(Cn2cncn2)c2ccccc2)CC1,True,1,COPLATED_IN_DECODED_WELL;DECODED_SAME_PLATE_ION_0p01
C=C1CCOC1=O,True,1,COPLATED_IN_DECODED_WELL;DECODED_SAME_WELL_ION_0p7
C=C1CN2C(=O)CC2O1,True,1,COPLATED_IN_DECODED_WELL;DECODED_SAME_PLATE_ION_0p01
C=C1CN2C3CC45CC1CC2C4(Nc1ccccc15)O3,True,1,COPLATED_IN_DECODED_WELL;DECODED_SAME_PLATE_ION_0p01;DECODED_SAME_WELL_ION_0p7
C=C1CN2CCC34CC1CC2C3=Nc1ccccc14,True,2,COPLATED_IN_DECODED_WELL;DECODED_SAME_PLATE_ION_0p01;DECODED_SAME_WELL_ION_0p7
C=C1CNC2Cc3c([nH]c4ccccc34)C(c3ccc4c5c([nH]c4c3)C3CC4CCC3N(CC5)C4)CC1C2,True,1,SAMPLE1_DRAW_GROUP
C=C1Cc2ccccc2C1=O,True,1,COPLATED_IN_DECODED_WELL;DECODED_SAME_PLATE_ION_0p01
C=C1Cc2ccccc2N1,True,1,COPLATED_IN_DECODED_WELL;DECODED_SAME_PLATE_ION_0p01
C=C1NC(=O)CCCNC(=O)CC(C=CC=CCCCc2ccccc2)NC(=O)C(Cc2c[nH]c3ccccc23)NC(=O)CCNC(=O)CNC(=O)CNC1=O,False,0,EXPOSED_POPULATION:V2-DEVELOPMENT-POPULATION;EXPOSED_POPULATION:WUR-DEV-ANALYSIS;EXPOSED_POPULATION:WUR-POS-IDENTITY
C=C1NC(=O)CCCNC(=O)CC(C=CC=CCCCc2ccccc2)NC(=O)C(Cc2ccccc2)NC(=O)CCNC(=O)CNC(=O)CNC1=O,False,0,EXPOSED_POPULATION:V2-DEVELOPMENT-POPULATION;EXPOSED_POPULATION:WUR-POS-IDENTITY;EXPOSED_POPULATION:WUR-SEALED
C=C1NC(=O)CCCNC(=O)CC(C=CC=CCCCc2ccccc2)NC(=O)CNC(=O)CCNC(=O)CNC(=O)CNC1=O,False,0,EXPOSED_POPULATION:V2-DEVELOPMENT-POPULATION;EXPOSED_POPULATION:WUR-POS-IDENTITY;EXPOSED_POPULATION:WUR-SEALED
C=C1NC(=O)CCCNC(=O)CC(C=CC=CCCCc2ccccc2)NC(=O)CNC(=O)CCNC1=O,False,0,EXPOSED_POPULATION:V2-DEVELOPMENT-POPULATION;EXPOSED_POPULATION:WUR-DEV-ANALYSIS;EXPOSED_POPULATION:WUR-POS-IDENTITY
C=C1NC(=O)CNC(=O)CNC(=O)CCNC(=O)C(C2CCN=CN2)NC1=O,True,2,SAMPLE1_DRAW_GROUP
C=C1NC(=O)Cn2c1nc1ccccc1c2=O,True,2,COPLATED_IN_DECODED_WELL;DECODED_SAME_PLATE_ION_0p01;DECODED_SAME_WELL_ION_0p7
C=C1Nc2ccccc2S1,True,1,DECODED_SAME_PLATE_ION_0p01
C=C1OC(=O)C2=C1CCC=C2,True,1,DECODED_SAME_PLATE_ION_0p01
C=C1OC(=O)C2=C1CCCC2,True,1,DECODED_SAME_PLATE_ION_0p01
C=C1SC(C(=O)NC2C(=O)N3C=C(CSc4nnn[nH]4)CSC23)S1,True,1,COPLATED_IN_DECODED_WELL
C=C1c2ccccc2C=C2C(=O)C3C=CC(=O)CC3CC12,True,2,COPLATED_IN_DECODED_WELL;SAMPLE1_DRAW_GROUP
C=C1c2ccccc2C=Cc2ccccc21,True,1,COPLATED_IN_DECODED_WELL;DECODED_SAME_PLATE_ION_0p01
C=C1c2ccccc2CCc2ccccc21,False,0,COPLATED_IN_DECODED_WELL;DECODED_SAME_PLATE_ION_0p01;DECODED_SAME_WELL_ION_0p7;EXPOSED_POPULATION:V2-DEVELOPMENT-POPULATION;EXPOSED_POPULATION:WUR-POS-IDENTITY;EXPOSED_POPULATION:WUR-SEALED;MSNLIB_ANCHOR_CENSUS_DESIGN;MSNLIB_ANCHOR_CENSUS_DETECTED;MSNLIB_ANCHOR_GATE_CALIBRATION
C=C1c2ccccc2COc2ccccc21,True,2,COPLATED_IN_DECODED_WELL;DECODED_SAME_PLATE_ION_0p01;DECODED_SAME_WELL_ION_0p7
C=C1c2ccccc2Cc2ccccc21,True,1,COPLATED_IN_DECODED_WELL;DECODED_SAME_PLATE_ION_0p01;SAMPLE1_DRAW_GROUP
C=C1c2ccccc2Sc2ccccc21,True,1,DECODED_SAME_PLATE_ION_0p01
N=C(C(=O)NC1C(=O)N2C=C(C=Cc3cncs3)CSC12)c1cscn1,True,2,COPLATED_IN_DECODED_WELL
N=C(C(=O)NC1C(=O)N2C=C(CSC(=O)c3ccco3)CSC12)c1cscn1,True,1,COPLATED_IN_DECODED_WELL
N=C(C(=O)NC1C(=O)N2C=C(CSc3nccs3)CSC12)c1cscn1,True,1,COPLATED_IN_DECODED_WELL;DECODED_SAME_PLATE_ION_0p01;DECODED_SAME_WELL_ION_0p7
N=C(C(=O)NC1C(=O)N2C=C(CSc3nnn[nH]3)CSC12)c1cscn1,True,1,COPLATED_IN_DECODED_WELL
N=C(C(=O)NC1C(=O)N2C=C(C[NH+]3CCCC3)CSC12)c1cscn1,False,0,COPLATED_IN_DECODED_WELL
N=C(C(=O)NC1C(=O)N2C=C(C[n+]3ccccc3)CSC12)c1cscn1,False,0,COPLATED_IN_DECODED_WELL
N=C(C(=O)NC1C(=O)N2C=C(Cn3ccc(=N)[nH]3)CSC12)c1cscn1,True,1,COPLATED_IN_DECODED_WELL
N=C(C(=O)NC1C(=O)N2C=C(Sc3nc(-c4cc[nH+]cc4)cs3)CSC12)c1ncsn1,False,0,COPLATED_IN_DECODED_WELL
N=C(C(=O)NC1C(=O)N2C=CCSC12)c1ccco1,True,2,COPLATED_IN_DECODED_WELL
N=C(C(=O)NC1C(=O)N2C=CCSC12)c1cscn1,True,6,COPLATED_IN_DECODED_WELL;DECODED_SAME_PLATE_ION_0p01;DECODED_SAME_WELL_ION_0p7
N=C(C(=O)NC1CNC1=O)c1cscn1,True,1,COPLATED_IN_DECODED_WELL
N=C(C1=NOCCO1)c1ccccc1Oc1cc(Oc2ccccc2)ncn1,False,0,EXPOSED_POPULATION:LCSB-ALL-MASSBANK-V1-EXPOSURE-SET;EXPOSED_POPULATION:LCSB-DEV;EXPOSED_POPULATION:LCSB-POS-V2-SPECTRA;EXPOSED_POPULATION:V2-DEVELOPMENT-POPULATION;EXPOSED_POPULATION:WUR-DEV-ANALYSIS;EXPOSED_POPULATION:WUR-POS-IDENTITY
N=C(CCc1ccccc1)SC1CCCCO1,False,0,EXPOSED_POPULATION:V2-DEVELOPMENT-POPULATION;EXPOSED_POPULATION:WUR-POS-IDENTITY;EXPOSED_POPULATION:WUR-SEALED
N=C(Cc1c[nH]c2ccccc12)SC1CCCCO1,False,0,EXPOSED_POPULATION:V2-DEVELOPMENT-POPULATION;EXPOSED_POPULATION:WUR-DEV-ANALYSIS;EXPOSED_POPULATION:WUR-POS-IDENTITY
N=C(Cc1ccccc1)SC1CCCCO1,False,0,COPLATED_IN_DECODED_WELL;EXPOSED_POPULATION:V2-DEVELOPMENT-POPULATION;EXPOSED_POPULATION:WUR-POS-IDENTITY;EXPOSED_POPULATION:WUR-SEALED;MSNLIB_ANCHOR_CENSUS_DESIGN
N=C(Cc1cccnc1)c1ccccc1,False,0,EXPOSED_POPULATION:V2-DEVELOPMENT-POPULATION;EXPOSED_POPULATION:WUR-POS-IDENTITY;EXPOSED_POPULATION:WUR-SEALED
N=C(Nc1ccccc1)Nc1ccccc1,False,0,EXPOSED_POPULATION:ENTACT-MIX-LISTS-499-503-505;EXPOSED_POPULATION:LCSB-ALL-MASSBANK-V1-EXPOSURE-SET;EXPOSED_POPULATION:LCSB-DEV;EXPOSED_POPULATION:LCSB-NEG;EXPOSED_POPULATION:LCSB-POS-V2-SPECTRA;EXPOSED_POPULATION:V2-DEVELOPMENT-POPULATION;EXPOSED_POPULATION:WUR-DEV-ANALYSIS;EXPOSED_POPULATION:WUR-POS-IDENTITY
N=C1C(c2nc3ccccc3[nH]2)=CCN1c1ccccc1,True,1,SAMPLE1_DRAW_GROUP
N=C1C=C2CCC3C4CCCC4CCC3C2CC1,True,2,COPLATED_IN_DECODED_WELL;SAMPLE1_DRAW_GROUP
N=C1C=CC(=C(c2ccccc2)c2ccccc2)C=C1,False,0,EXPOSED_POPULATION:ENTACT-MIX-LISTS-499-503-505;EXPOSED_POPULATION:LCSB-ALL-MASSBANK-V1-EXPOSURE-SET;EXPOSED_POPULATION:LCSB-DEV;EXPOSED_POPULATION:LCSB-POS-V2-SPECTRA;EXPOSED_POPULATION:V2-DEVELOPMENT-POPULATION
N=C1C=CC2C(=O)OC3CC(CC=CCCC=CC=C4COC1C42)OC1(CCCCO1)C3,False,0,COPLATED_IN_DECODED_WELL;DECODED_SAME_PLATE_ION_0p01;DECODED_SAME_WELL_ION_0p7;EXPOSED_POPULATION:V2-DEVELOPMENT-POPULATION;EXPOSED_POPULATION:WUR-POS-IDENTITY;EXPOSED_POPULATION:WUR-SEALED;MSNLIB_ANCHOR_CENSUS_DESIGN;MSNLIB_ANCHOR_CENSUS_DETECTED;MSNLIB_ANCHOR_GATE_CALIBRATION
N=C1CCCCC1,False,0,EXPOSED_POPULATION:V2-DEVELOPMENT-POPULATION;EXPOSED_POPULATION:WUR-DEV-HOLD;EXPOSED_POPULATION:WUR-POS-IDENTITY
N=C1CCCCOC(=O)CC(OC2CCCCO2)CC(OC2CCCCO2)CCC1,False,0,COPLATED_IN_DECODED_WELL;DECODED_SAME_PLATE_ION_0p01;DECODED_SAME_WELL_ION_0p7;EXPOSED_POPULATION:ENTACT-MIX-LISTS-499-503-505;EXPOSED_POPULATION:LCSB-ALL-MASSBANK-V1-EXPOSURE-SET;EXPOSED_POPULATION:LCSB-DEV;EXPOSED_POPULATION:LCSB-POS-V2-SPECTRA;EXPOSED_POPULATION:LCSB-RAW-MIX-REPLICATE-SET-92;EXPOSED_POPULATION:LCSB-RAW-MIXES-499-503-505;EXPOSED_POPULATION:V2-DEVELOPMENT-POPULATION;MSNLIB_ANCHOR_CENSUS_DESIGN;MSNLIB_ANCHOR_CENSUS_DETECTED;MSNLIB_ANCHOR_GATE_CALIBRATION;MULTIMS2_ANCHOR_CALIBRATION
N=C1CCN(c2ccc3c(=O)ccn(C4CC4)c3n2)C1,True,1,COPLATED_IN_DECODED_WELL
N=C1CCOC2(C1)CC1CC(CC=CCCC=CC=C3COC4CC=CC(C(=O)O1)C34)O2,True,1,COPLATED_IN_DECODED_WELL;DECODED_SAME_PLATE_ION_0p01;DECODED_SAME_WELL_ION_0p7
N=C1CCc2cc(-c3c[nH]nc3-c3ccncc3)ccc21,True,1,DECODED_SAME_PLATE_ION_0p01;SAMPLE1_DRAW_GROUP
N=C1CCc2cc(-c3nc(-c4ccccc4)[nH]c3-c3ccncc3)ccc21,True,1,DECODED_SAME_PLATE_ION_0p01
N=C1NC(=O)N(c2ccccc2)CS1,False,0,EXPOSED_POPULATION:ENTACT-MIX-LISTS-499-503-505;EXPOSED_POPULATION:LCSB-ALL-MASSBANK-V1-EXPOSURE-SET;EXPOSED_POPULATION:LCSB-DEV;EXPOSED_POPULATION:LCSB-POS-V2-SPECTRA;EXPOSED_POPULATION:V2-DEVELOPMENT-POPULATION;EXPOSED_POPULATION:WUR-DEV-ANALYSIS;EXPOSED_POPULATION:WUR-POS-IDENTITY
N=C1NC2CNC(=N)N3CCCC23N1,False,0,EXPOSED_POPULATION:V2-DEVELOPMENT-POPULATION;EXPOSED_POPULATION:WUR-POS-IDENTITY;EXPOSED_POPULATION:WUR-SEALED
N=C1NCC2N=CNC23CCCN13,False,0,EXPOSED_POPULATION:V2-DEVELOPMENT-POPULATION;EXPOSED_POPULATION:WUR-DEV-ANALYSIS;EXPOSED_POPULATION:WUR-POS-IDENTITY
N=C1NCCN1Cc1cccnc1,False,0,EXPOSED_POPULATION:ENTACT-MIX-LISTS-499-503-505;EXPOSED_POPULATION:LCSB-ALL-MASSBANK-V1-EXPOSURE-SET;EXPOSED_POPULATION:LCSB-DEV;EXPOSED_POPULATION:LCSB-NEG;EXPOSED_POPULATION:LCSB-POS-V2-SPECTRA;EXPOSED_POPULATION:V2-DEVELOPMENT-POPULATION;EXPOSED_POPULATION:WUR-DEV-ANALYSIS;EXPOSED_POPULATION:WUR-POS-IDENTITY
N=C1NCOCN1Cc1cncs1,False,0,COPLATED_IN_DECODED_WELL;DECODED_SAME_PLATE_ION_0p01;DECODED_SAME_WELL_ION_0p7;EXPOSED_POPULATION:LCSB-ALL-MASSBANK-V1-EXPOSURE-SET;EXPOSED_POPULATION:LCSB-CONFIRMATION;EXPOSED_POPULATION:V2-DEVELOPMENT-POPULATION;EXPOSED_POPULATION:WUR-POS-IDENTITY;EXPOSED_POPULATION:WUR-SEALED;MSNLIB_ANCHOR_CENSUS_DESIGN;MSNLIB_ANCHOR_CENSUS_DETECTED;MSNLIB_ANCHOR_GATE_CALIBRATION
N=C1SC(=Cc2ccccc2)C(=O)N1c1ccccc1,True,1,COPLATED_IN_DECODED_WELL;DECODED_SAME_PLATE_ION_0p01;DECODED_SAME_WELL_ION_0p7
N=C1SC(=Nc2ccccc2)N(c2ccccc2)C1=N,False,0,EXPOSED_POPULATION:V2-DEVELOPMENT-POPULATION;EXPOSED_POPULATION:WUR-DEV-ANALYSIS;EXPOSED_POPULATION:WUR-POS-IDENTITY
N=C1SCCN1Cc1cccnc1,False,0,EXPOSED_POPULATION:ENTACT-MIX-LISTS-499-503-505;EXPOSED_POPULATION:LCSB-ALL-MASSBANK-V1-EXPOSURE-SET;EXPOSED_POPULATION:LCSB-CONFIRMATION;EXPOSED_POPULATION:V2-DEVELOPMENT-POPULATION;EXPOSED_POPULATION:WUR-POS-IDENTITY;EXPOSED_POPULATION:WUR-SEALED
N=C1SCCS1,False,0,EXPOSED_POPULATION:ENTACT-MIX-LISTS-499-503-505;EXPOSED_POPULATION:LCSB-ALL-MASSBANK-V1-EXPOSURE-SET;EXPOSED_POPULATION:LCSB-DEV;EXPOSED_POPULATION:LCSB-POS-V2-SPECTRA;EXPOSED_POPULATION:V2-DEVELOPMENT-POPULATION;EXPOSED_POPULATION:WUR-DEV-HOLD;EXPOSED_POPULATION:WUR-POS-IDENTITY
N=C1c2cc(S(=O)(=O)NC3CCCCC3)ccc2-c2ccc(S(=O)(=O)NC3CCCCC3)cc21,True,1,COPLATED_IN_DECODED_WELL
N=C1c2ccccc2-c2nccnc21,True,1,DECODED_SAME_PLATE_ION_0p01
N=C1c2ccccc2OC2(C(=O)Nc3ccccc3)CC12,True,1,DECODED_SAME_PLATE_ION_0p01
N=c1[nH]ncs1,True,1,COPLATED_IN_DECODED_WELL
N=c1cc(-c2cc3sccc3cn2)oc2ccc(CCCN3CCOCC3)cc12,True,1,DECODED_SAME_PLATE_ION_0p01
N=c1cc(N2CCCCC2)nc[nH]1,True,1,DECODED_SAME_PLATE_ION_0p01
N=c1cc(Nc2ccccc2)nc[nH]1,True,1,DECODED_SAME_PLATE_ION_0p01
N=c1cc2n(-c3ccccc3)c3ccccc3nc-2cc1Nc1ccccc1,True,1,COPLATED_IN_DECODED_WELL;DECODED_SAME_PLATE_ION_0p01
N=c1ccc(-c2ccccc2)n[nH]1,True,1,DECODED_SAME_PLATE_ION_0p01
N=c1ccc2c(-c3ccccc3)c3ccccc3oc-2c1,True,2,DECODED_SAME_PLATE_ION_0p01
N=c1ccccn1Cc1cccnc1,False,0,EXPOSED_POPULATION:V2-DEVELOPMENT-POPULATION;EXPOSED_POPULATION:WUR-POS-IDENTITY;EXPOSED_POPULATION:WUR-SEALED
N=c1ccn(C2CCCO2)c(=O)[nH]1,True,1,DECODED_SAME_PLATE_ION_0p01
N=c1ccn2c(n1)OC1CCOC12,True,1,COPLATED_IN_DECODED_WELL;DECODED_SAME_PLATE_ION_0p01;DECODED_SAME_WELL_ION_0p7
N=c1ncc(OC2CCCCO2)c[nH]1,False,0,COPLATED_IN_DECODED_WELL;DECODED_SAME_PLATE_ION_0p01;DECODED_SAME_WELL_ION_0p7;EXPOSED_POPULATION:V2-DEVELOPMENT-POPULATION;EXPOSED_POPULATION:WUR-DEV-ANALYSIS;EXPOSED_POPULATION:WUR-POS-IDENTITY;MSNLIB_ANCHOR_CENSUS_DESIGN;MSNLIB_ANCHOR_CENSUS_DETECTED;MSNLIB_ANCHOR_GATE_CALIBRATION
N=c1sc2c(n1CC(=O)c1ccccc1)CCCC2,True,1,DECODED_SAME_PLATE_ION_0p01
O=C(C(=O)N1CCN(C(=O)c2ccccc2)CC1)c1c[nH]c2c(-n3cncn3)nccc12,True,2,COPLATED_IN_DECODED_WELL;DECODED_SAME_PLATE_ION_0p01
O=C(C(=O)N1CCN(C(=O)c2ccccc2)CC1)c1c[nH]c2ncccc12,True,1,DECODED_SAME_PLATE_ION_0p01
O=C(C(=O)c1c(-c2ccccc2)nc2ccccn12)c1ccccc1,True,1,SAMPLE1_DRAW_GROUP
O=C(C(=O)c1ccccc1)c1ccccc1,True,1,DECODED_SAME_PLATE_ION_0p01
O=C(C(Cc1ccccc1)NS(=O)(=O)c1ccc2c(c1)CCNC2)N1CCCC1,True,1,DECODED_SAME_PLATE_ION_0p01;SAMPLE1_DRAW_GROUP
O=C(C(c1ccccc1)c1ccccc1)N1CCN(CCCOc2cccc3ncccc23)CC1,True,1,COPLATED_IN_DECODED_WELL
O=C(C1=NN(c2ccccc2)C2(SCC(=O)N2c2ccccc2)S1)c1cccs1,True,1,SAMPLE1_DRAW_GROUP
O=C(C1CC(=O)N(c2ccccc2)C1)N1CCC(c2nnco2)CC1,True,1,SAMPLE1_DRAW_GROUP
O=C(C1CC(N2CCN(c3ccnn3-c3ccccc3)CC2)CN1)N1CCSC1,True,1,DECODED_SAME_PLATE_ION_0p01
O=C(C1CC1)C(c1ccccc1)N1CCc2sccc2C1,True,1,COPLATED_IN_DECODED_WELL;DECODED_SAME_PLATE_ION_0p01;DECODED_SAME_WELL_ION_0p7
O=C(C1CC1)N1C2CCC1CN(c1ccnc(Nc3cn[nH]c3)n1)C2,True,1,DECODED_SAME_PLATE_ION_0p01
O=C(C1CC1)N1CCCC(Cc2ncno2)C1,True,1,SAMPLE1_DRAW_GROUP
O=C(C1CC1)N1CCCC1,True,1,DECODED_SAME_PLATE_ION_0p01
O=C(C1CC1)N1CCCCC1,True,4,DECODED_SAME_PLATE_ION_0p01
O=C(C1CC1)N1CCN(c2ccncn2)CC1,True,1,SAMPLE1_DRAW_GROUP
O=C(C1CC1)N1CCN(c2nc3ccccc3cc2-c2ncon2)CC1,True,1,DECODED_SAME_PLATE_ION_0p01
O=C(C1CC1)N1CCc2ccc(S(=O)(=O)NCc3ccn[nH]3)cc21,True,1,SAMPLE1_DRAW_GROUP
O=C(C1CC1c1ccccc1)N1CCCC(N2CCNCC2=O)C1,True,1,SAMPLE1_DRAW_GROUP
O=C(C1CC2CCCC(C2)C1)N1CCN(c2cn[nH]c2)CC1,True,1,SAMPLE1_DRAW_GROUP
O=C(C1CC=CC1)N1CCCCC1,True,2,DECODED_SAME_PLATE_ION_0p01
O=C(C1CCC(=O)N(C2CC2)C1c1cnc[nH]1)N1CCCCC1,True,1,SAMPLE1_DRAW_GROUP
O=C(C1CCC(=O)N1Cc1ccccc1)N1CCCC1,True,1,SAMPLE1_DRAW_GROUP
O=C(C1CCC(NC2CCc3ccccc32)C1)N1CCc2ccccc2C1,True,1,COPLATED_IN_DECODED_WELL;DECODED_SAME_PLATE_ION_0p01;DECODED_SAME_WELL_ION_0p7
O=C(C1CCCC1)N1CC2CCC2(Nc2nc3ccccc3o2)C1,True,1,SAMPLE1_DRAW_GROUP
O=C(C1CCCC1)N1CCC1,True,1,SAMPLE1_DRAW_GROUP
O=C(C1CCCC1)N1CCN(Cc2cscn2)CC1,True,1,SAMPLE1_DRAW_GROUP
O=C(C1CCCCC1)N(Cc1ccccc1)C1CCS(=O)(=O)C1,False,0,DECODED_SAME_PLATE_ION_0p01
O=C(C1CCCCC1)N1CC(=O)N2CCc3ccccc3C2C1,False,0,COPLATED_IN_DECODED_WELL;DECODED_SAME_PLATE_ION_0p01;DECODED_SAME_WELL_ION_0p7;EXPOSED_POPULATION:LCSB-ALL-MASSBANK-V1-EXPOSURE-SET;EXPOSED_POPULATION:LCSB-DEV;EXPOSED_POPULATION:LCSB-POS-V2-SPECTRA;EXPOSED_POPULATION:V2-DEVELOPMENT-POPULATION;EXPOSED_POPULATION:WUR-DEV-ANALYSIS;EXPOSED_POPULATION:WUR-POS-IDENTITY;MSNLIB_ANCHOR_CENSUS_DESIGN;MSNLIB_ANCHOR_CENSUS_DETECTED;MSNLIB_ANCHOR_GATE_CALIBRATION
O=C(C1CCCCC1)N1CCC(N(c2ccncn2)C2CC2)CC1,True,1,SAMPLE1_DRAW_GROUP
O=C(C1CCCCC1)N1CCC(c2ccccc2)C1,True,1,SAMPLE1_DRAW_GROUP
O=C(C1CCCCC1)N1CCCC1c1nc2ccccc2s1,True,1,SAMPLE1_DRAW_GROUP
O=C(C1CCCCC1)n1c(=O)[nH]c2ccccc21,True,1,COPLATED_IN_DECODED_WELL;DECODED_SAME_PLATE_ION_0p01;DECODED_SAME_WELL_ION_0p7
O=C(C1CCCN(Cc2ncno2)C1)N1CCSCC1,True,1,SAMPLE1_DRAW_GROUP
O=C(C1CCCN(c2ccncn2)C1)N1CCSCC1,True,2,SAMPLE1_DRAW_GROUP
O=C(C1CCCN(c2nncs2)C1)N1CCSCC1,True,1,SAMPLE1_DRAW_GROUP
O=C(C1CCCN1)N1CCCC1,True,3,DECODED_SAME_PLATE_ION_0p01
O=C(C1CCCN1)N1CCCC1Cc1ccccc1,True,1,DECODED_SAME_PLATE_ION_0p01
O=C(C1CCCN1S(=O)(=O)c1ccccc1)N1CCN(c2nc3ccccc3s2)CC1,True,1,COPLATED_IN_DECODED_WELL;DECODED_SAME_PLATE_ION_0p01;DECODED_SAME_WELL_ION_0p7
O=C(C1CCCN1c1nnc(N2CCCC2=O)s1)N1CCN(c2ccccn2)CC1,True,1,SAMPLE1_DRAW_GROUP
O=C(C1CCCNC1)N1CCn2c(nnc2-c2ccccc2)C1,True,1,SAMPLE1_DRAW_GROUP
O=C(C1CCCO1)N1CCN(c2ccncn2)CC1,True,1,SAMPLE1_DRAW_GROUP
O=C(C1CCCO1)N1CCN(c2ncc3ccccc3n2)CC1,True,1,COPLATED_IN_DECODED_WELL;DECODED_SAME_PLATE_ION_0p01;DECODED_SAME_WELL_ION_0p7
O=C(C1CCCc2ccccc21)N1CC(Cn2cccn2)C1,True,1,COPLATED_IN_DECODED_WELL
O=C(C1CCN(S(=O)(=O)c2cnn(-c3ccccc3)c2)CC1)N1CCc2ccccc2C1,True,1,SAMPLE1_DRAW_GROUP
O=C(C1CCN(S(=O)(=O)c2csc(-c3ncon3)c2)CC1)N1CCOCC1,True,1,SAMPLE1_DRAW_GROUP
O=C(C1CCN(c2ccccn2)CC1)N1CCCCC1,True,1,SAMPLE1_DRAW_GROUP
O=C(C1CCNCC1)N1CCCC(c2nc3ccccc3o2)C1,True,1,SAMPLE1_DRAW_GROUP
O=C(C1COCCO1)N(Cc1ccco1)c1ccccc1,True,1,SAMPLE1_DRAW_GROUP
O=C(C1COCCO1)N1CCNCC1,True,1,SAMPLE1_DRAW_GROUP
O=C(C1COc2ccccc2O1)N1CCN(c2ncc3ccccc3n2)CC1,True,1,COPLATED_IN_DECODED_WELL;DECODED_SAME_PLATE_ION_0p01
O=C(C=C(c1ccccc1)c1ccccc1)N1CCOCC1,False,0,EXPOSED_POPULATION:V2-DEVELOPMENT-POPULATION;EXPOSED_POPULATION:WUR-POS-IDENTITY;EXPOSED_POPULATION:WUR-SEALED
O=C(C=CC=CC1OC(=O)C23CC=CCCC2C1CC3)OC1CCCCO1,True,2,COPLATED_IN_DECODED_WELL
O=C(C=CC=CC=CC=CC1=CCCCC1)Nc1ccccc1,True,2,DECODED_SAME_PLATE_ION_0p01
O=C(C=CC=CC=CC=CC=CC=CC=CC(=O)OC1CCCC(COC2CCCCO2)O1)OC1CCCC(COC2CCCCO2)O1,True,1,COPLATED_IN_DECODED_WELL
O=C(C=CC=CC=CC=CC=CC=CC=CC(=O)OC1CCCC(COC2CCCCO2)O1)OC1CCCCO1,True,1,COPLATED_IN_DECODED_WELL
O=C(C=CC=Cc1ccc2c(c1)OCO2)N1CCCCC1,False,0,COPLATED_IN_DECODED_WELL;DECODED_SAME_PLATE_ION_0p01;DECODED_SAME_WELL_ION_0p7;EXPOSED_POPULATION:ENTACT-MIX-LISTS-499-503-505;EXPOSED_POPULATION:LCSB-ALL-MASSBANK-V1-EXPOSURE-SET;EXPOSED_POPULATION:LCSB-CONFIRMATION;EXPOSED_POPULATION:LCSB-RAW-MIX-REPLICATE-SET-92;EXPOSED_POPULATION:LCSB-RAW-MIXES-499-503-505;EXPOSED_POPULATION:V2-DEVELOPMENT-POPULATION;EXPOSED_POPULATION:WUR-POS-IDENTITY;EXPOSED_POPULATION:WUR-SEALED;MSNLIB_ANCHOR_CENSUS_DESIGN;MSNLIB_ANCHOR_CENSUS_DETECTED;MSNLIB_ANCHOR_GATE_CALIBRATION
O=C(C=CCCC1CCCCC1)CC=CCCC(=O)CCCC=CC=CC=CCCC1CCCC(C(=O)C(=O)N2CCCCC2)O1,True,2,COPLATED_IN_DECODED_WELL;SAMPLE1_DRAW_GROUP
O=C(C=CCN1CCCCC1)Nc1ccc2ncnc(Nc3ccccc3)c2c1,True,1,COPLATED_IN_DECODED_WELL
O=C(C=CCN1CCN(C2COC2)CC1)N1CCCC(n2nc(-c3ccc(Oc4ccccc4)cc3)c3cncnc32)C1,True,1,DECODED_SAME_PLATE_ION_0p01
O=C(C=CC[NH2+]Cc1cnc[nH]1)Nc1cc2c(Nc3ccccc3)ncnc2cn1,False,0,COPLATED_IN_DECODED_WELL
O=C(C=CN1CC2CC1CN2c1ccccn1)c1ccccc1,True,1,DECODED_SAME_PLATE_ION_0p01
O=C(C=CNCCc1ccc(OCCc2coc(-c3ccccc3)n2)cc1)c1ccccc1,True,1,COPLATED_IN_DECODED_WELL;DECODED_SAME_PLATE_ION_0p01;DECODED_SAME_WELL_ION_0p7
O=C(C=Cc1c(-c2ccccc2)[nH]c2ncccc12)N1CCc2ccccc2C1,True,1,SAMPLE1_DRAW_GROUP
O=C(C=Cc1cc[nH]c1)c1ccccc1,True,1,COPLATED_IN_DECODED_WELL;SAMPLE1_DRAW_GROUP
O=C(C=Cc1ccc(OC2CCCCO2)cc1)OCC1CCN2CCCC12,False,0,EXPOSED_POPULATION:V2-DEVELOPMENT-POPULATION;EXPOSED_POPULATION:WUR-POS-IDENTITY;EXPOSED_POPULATION:WUR-SEALED
O=C(C=Cc1ccc(OC2CCCCO2)cc1)c1ccccc1,True,1,DECODED_SAME_PLATE_ION_0p01
O=C(C=Cc1ccc2ccccc2c1)c1cccnc1,True,1,DECODED_SAME_PLATE_ION_0p01;SAMPLE1_DRAW_GROUP
O=C(C=Cc1ccc2ccccc2n1)c1ccncc1,True,2,DECODED_SAME_PLATE_ION_0p01
O=C(C=Cc1ccc2oc(-c3ccccc3)c(C(=O)OCCc3ccccc3)c2c1)OCCc1ccccc1,True,1,SAMPLE1_DRAW_GROUP
O=C(C=Cc1cccc2c1C(C(=O)OCCc1ccccc1)C(c1ccccc1)O2)OCCc1ccccc1,True,4,COPLATED_IN_DECODED_WELL
O=C(C=Cc1ccccc1)C(C(=O)C=Cc1ccccc1)C(=O)Nc1ccccc1,True,1,COPLATED_IN_DECODED_WELL;DECODED_SAME_PLATE_ION_0p01
O=C(C=Cc1ccccc1)CC(=O)C=Cc1ccccc1,True,4,COPLATED_IN_DECODED_WELL;DECODED_SAME_PLATE_ION_0p01;DECODED_SAME_WELL_ION_0p7
O=C(C=Cc1ccccc1)CC(=O)CCc1ccccc1,True,1,COPLATED_IN_DECODED_WELL
O=C(C=Cc1ccccc1)N1CCCC1,True,2,DECODED_SAME_PLATE_ION_0p01;SAMPLE1_DRAW_GROUP
O=C(C=Cc1ccccc1)N1CCCCCCC1,True,1,COPLATED_IN_DECODED_WELL
O=C(C=Cc1ccccc1)N1CCN(CC(=O)N2CCCC2)CC1,True,1,COPLATED_IN_DECODED_WELL;DECODED_SAME_PLATE_ION_0p01
O=C(C=Cc1ccccc1)NC1CCC(CCN2CCc3ccc(-c4ncon4)cc3CC2)CC1,False,0,EXPOSED_POPULATION:LCSB-ALL-MASSBANK-V1-EXPOSURE-SET;EXPOSED_POPULATION:LCSB-DEV;EXPOSED_POPULATION:LCSB-POS-V2-SPECTRA;EXPOSED_POPULATION:V2-DEVELOPMENT-POPULATION
O=C(C=Cc1ccccc1)NCCCc1ccccc1,True,2,COPLATED_IN_DECODED_WELL
O=C(C=Cc1ccccc1)NCCc1c[nH]c2ccccc12,True,2,DECODED_SAME_PLATE_ION_0p01;SAMPLE1_DRAW_GROUP
O=C(C=Cc1ccccc1)NCCc1ccccc1,True,10,COPLATED_IN_DECODED_WELL;DECODED_SAME_PLATE_ION_0p01
O=C(C=Cc1ccccc1)NCc1ccccc1,False,0,DECODED_SAME_PLATE_ION_0p01
O=C(C=Cc1ccccc1)Nc1ccc(-c2nc3ccccc3o2)cc1,True,1,COPLATED_IN_DECODED_WELL
O=C(C=Cc1ccccc1)Nc1ccccc1,True,8,COPLATED_IN_DECODED_WELL;DECODED_SAME_PLATE_ION_0p01;DECODED_SAME_WELL_ION_0p7
O=C(C=Cc1ccccc1)OC1C(COC2CCCCO2)OC(OCCc2ccccc2)CC1OC1CCCCO1,True,8,COPLATED_IN_DECODED_WELL
O=C(C=Cc1ccccc1)OC1C(COC2CCCO2)OC(OCCc2ccccc2)CC1OC1CCCCO1,True,2,COPLATED_IN_DECODED_WELL
O=C(C=Cc1ccccc1)OC1CC(COC2CCCCO2)OC(OCCc2ccccc2)C1,True,2,COPLATED_IN_DECODED_WELL
O=C(C=Cc1ccccc1)OC1CC(OC2CCCCO2)C(OCCc2ccccc2)OC1COC1CCCCO1,True,1,SAMPLE1_DRAW_GROUP
O=C(C=Cc1ccccc1)OC1CCC(OC2C3C=COC(OC4CCCCO4)C3C3OC23)OC1,True,6,COPLATED_IN_DECODED_WELL;DECODED_SAME_PLATE_ION_0p01;DECODED_SAME_WELL_ION_0p7
O=C(C=Cc1ccccc1)OC1CCC(OCCc2ccccc2)OC1COC1CCCCO1,True,3,COPLATED_IN_DECODED_WELL
O=C(C=Cc1ccccc1)OC1CCC23CC24CCC2CCCC2C4CCC3C1,True,1,COPLATED_IN_DECODED_WELL
O=C(C=Cc1ccccc1)OC1CCCC(OC(=O)C=Cc2ccccc2)C1,True,3,COPLATED_IN_DECODED_WELL
O=C(C=Cc1ccccc1)OC1CCCCC1,True,12,COPLATED_IN_DECODED_WELL;DECODED_SAME_PLATE_ION_0p01
O=C(C=Cc1ccccc1)OC1CCCCO1,True,2,COPLATED_IN_DECODED_WELL;SAMPLE1_DRAW_GROUP
O=C(C=Cc1ccccc1)OC1CCCOC1OC12C=COC(OC3CCCCO3)C1C=CC2=O,True,1,COPLATED_IN_DECODED_WELL
O=C(C=Cc1ccccc1)OC1CCCOC1Oc1cc(OC2CCCCO2)ccc1-c1cccc(=O)o1,True,1,SAMPLE1_DRAW_GROUP
O=C(C=Cc1ccccc1)OC1CCN2CC3CC(CN4C(=O)CCCC34)C2C1,False,0,EXPOSED_POPULATION:V2-DEVELOPMENT-POPULATION;EXPOSED_POPULATION:WUR-DEV-ANALYSIS;EXPOSED_POPULATION:WUR-POS-IDENTITY
O=C(C=Cc1ccccc1)OC1CCOC1OC1CCCC(COC(=O)c2ccccc2)O1,True,2,COPLATED_IN_DECODED_WELL
O=C(C=Cc1ccccc1)OC1CCOC1OC1CCCCO1,True,3,COPLATED_IN_DECODED_WELL
O=C(C=Cc1ccccc1)OC1COC(OC2C3C=COC(OC4CCCCO4)C3C3OC23)CC1OC(=O)C=Cc1ccccc1,True,2,COPLATED_IN_DECODED_WELL;DECODED_SAME_PLATE_ION_0p01;DECODED_SAME_WELL_ION_0p7
O=C(C=Cc1ccccc1)OC1COC(OCCc2ccccc2)CC1OC1CCCCO1,True,4,COPLATED_IN_DECODED_WELL
O=C(C=Cc1ccccc1)OCC(OC1CCCCO1)C(=O)OCc1ccc(OC2CCCCO2)cc1,True,1,SAMPLE1_DRAW_GROUP
O=C(C=Cc1ccccc1)OCC12OC1CC1C=COC(OC3CCCCO3)C12,True,2,SAMPLE1_DRAW_GROUP
O=C(C=Cc1ccccc1)OCC1CC(OC2CCCCO2)CC(OCCc2ccccc2)O1,True,4,COPLATED_IN_DECODED_WELL
O=C(C=Cc1ccccc1)OCC1CCC2C=COC(OC3CCCCO3)C21,True,2,COPLATED_IN_DECODED_WELL
O=C(C=Cc1ccccc1)OCC1CCCC(OC2OC=CC3CC4OC4C32)O1,True,2,COPLATED_IN_DECODED_WELL
O=C(C=Cc1ccccc1)OCC1CCCC(OC2OC=CC3CC=CC32)O1,True,1,COPLATED_IN_DECODED_WELL
O=C(C=Cc1ccccc1)OCC1CCCC(OC2OC=CC3CCCC32)O1,True,2,SAMPLE1_DRAW_GROUP
O=C(C=Cc1ccccc1)OCC1CCCC(OC2OCCC2OC(=O)C=Cc2ccccc2)O1,True,2,COPLATED_IN_DECODED_WELL
O=C(C=Cc1ccccc1)OCC1CCCC(OC=Cc2ccccc2)O1,True,1,COPLATED_IN_DECODED_WELL;SAMPLE1_DRAW_GROUP
O=C(C=Cc1ccccc1)OCC1CCCC(OCC=C2C=CCC2)O1,True,1,SAMPLE1_DRAW_GROUP
O=C(C=Cc1ccccc1)OCC1CCCC(OCCc2ccccc2)O1,True,1,SAMPLE1_DRAW_GROUP
O=C(C=Cc1ccccc1)OCC1CCCC(Oc2c(-c3ccccc3)oc3ccccc3c2=O)O1,True,1,SAMPLE1_DRAW_GROUP
O=C(C=Cc1ccccc1)OCC1CCN2CCCC12,False,0,EXPOSED_POPULATION:V2-DEVELOPMENT-POPULATION;EXPOSED_POPULATION:WUR-DEV-ANALYSIS;EXPOSED_POPULATION:WUR-POS-IDENTITY
O=C(C=Cc1ccccc1)OCC=Cc1ccccc1,True,2,COPLATED_IN_DECODED_WELL
O=C(C=Cc1ccccc1)OCCC1C=COC(OC2CCCCO2)C1,True,1,COPLATED_IN_DECODED_WELL
O=C(C=Cc1ccccc1)OCCCCC1CCCC2C=CCCC21,True,1,COPLATED_IN_DECODED_WELL;DECODED_SAME_PLATE_ION_0p01;DECODED_SAME_WELL_ION_0p7
O=C(C=Cc1ccccc1)OCCCOC1CCCCO1,True,3,COPLATED_IN_DECODED_WELL;DECODED_SAME_PLATE_ION_0p01;DECODED_SAME_WELL_ION_0p7
O=C(C=Cc1ccccc1)OCCOC(=O)C=Cc1ccccc1,True,1,COPLATED_IN_DECODED_WELL
O=C(C=Cc1ccccc1)OCCOC1CCCCO1,True,3,COPLATED_IN_DECODED_WELL;DECODED_SAME_PLATE_ION_0p01
O=C(C=Cc1ccccc1)OCCc1ccccc1,True,10,COPLATED_IN_DECODED_WELL;DECODED_SAME_PLATE_ION_0p01;EXPOSED_POPULATION:ENTACT-MIX-LISTS-499-503-505
O=C(C=Cc1ccccc1)OCc1ccccc1,False,0,DECODED_SAME_PLATE_ION_0p01
O=C(C=Cc1ccccc1)c1c(-c2ccccc2)c2ccccc2[nH]c1=O,False,0,COPLATED_IN_DECODED_WELL;DECODED_SAME_PLATE_ION_0p01
O=C(C=Cc1ccccc1)c1ccc(OC2CCCC(COC3CCCCO3)O2)cc1,True,1,COPLATED_IN_DECODED_WELL
O=C(C=Cc1ccccc1)c1ccc(OC2CCCCO2)cc1,True,3,COPLATED_IN_DECODED_WELL;DECODED_SAME_PLATE_ION_0p01;DECODED_SAME_WELL_ION_0p7
O=C(C=Cc1ccccc1)c1ccc2c(c1)C=CCO2,True,3,DECODED_SAME_PLATE_ION_0p01
O=C(C=Cc1ccccc1)c1cccc2c1OCC=C2,True,1,DECODED_SAME_PLATE_ION_0p01
O=C(C=Cc1ccccc1)c1ccccc1,True,43,COPLATED_IN_DECODED_WELL;DECODED_SAME_PLATE_ION_0p01;DECODED_SAME_WELL_ION_0p7
O=C(C=Cc1cccnc1)NCCCCC1CCN(C(=O)c2ccccc2)CC1,True,1,DECODED_SAME_PLATE_ION_0p01
O=C(C=Cc1cccnc1)NCc1ccc(C(=O)Nc2ccccc2)cc1,True,1,COPLATED_IN_DECODED_WELL;DECODED_SAME_PLATE_ION_0p01
O=C(C=Cc1cccnc1)c1c(-c2ccccc2)c2ccccc2[nH]c1=O,True,1,DECODED_SAME_PLATE_ION_0p01
O=C(C=Cc1cccnc1)c1ccncc1,True,1,DECODED_SAME_PLATE_ION_0p01
O=C(C=Cc1ccco1)N1CCNCC1,True,1,DECODED_SAME_PLATE_ION_0p01
O=C(C=Cc1cccs1)Nc1ccc(S(=O)(=O)Nc2cnccn2)cc1,True,1,COPLATED_IN_DECODED_WELL
O=C(C=Cc1cccs1)c1ccc2c(c1)C=CCO2,True,1,SAMPLE1_DRAW_GROUP
O=C(C=Cc1ccoc1)NC1CCC2C3Cc4cccc5c4C2(CCN3CC2CC2)C1O5,True,1,COPLATED_IN_DECODED_WELL;DECODED_SAME_PLATE_ION_0p01;DECODED_SAME_WELL_ION_0p7;SAMPLE1_DRAW_GROUP
O=C(C=NNc1ccccc1)c1ccccc1,True,1,COPLATED_IN_DECODED_WELL
O=C(CC(=O)c1ccc2occc2c1)c1ccccc1,True,1,COPLATED_IN_DECODED_WELL;DECODED_SAME_PLATE_ION_0p01;DECODED_SAME_WELL_ION_0p7
O=C(CC(=O)c1ccccc1)c1ccccc1,True,2,COPLATED_IN_DECODED_WELL;DECODED_SAME_PLATE_ION_0p01;SAMPLE1_DRAW_GROUP
O=C(CC(NC(=O)c1ccccc1)c1ccccc1)OC1C=C2CC(=O)C3CCC4OCC4C3C(OC(=O)c3ccccc3)C(C2)C1,True,2,COPLATED_IN_DECODED_WELL
O=C(CC(NS(=O)(=O)c1ccc2ccccc2c1)c1ccc2c(c1)OCO2)NCCc1ccc(CN2CCCCC2)cc1,False,0,COPLATED_IN_DECODED_WELL;DECODED_SAME_PLATE_ION_0p01;DECODED_SAME_WELL_ION_0p7;EXPOSED_POPULATION:ENTACT-MIX-LISTS-499-503-505;EXPOSED_POPULATION:LCSB-ALL-MASSBANK-V1-EXPOSURE-SET;EXPOSED_POPULATION:LCSB-DEV;EXPOSED_POPULATION:LCSB-NEG;EXPOSED_POPULATION:LCSB-POS-V2-SPECTRA;EXPOSED_POPULATION:V2-DEVELOPMENT-POPULATION;MSNLIB_ANCHOR_CENSUS_DESIGN;MSNLIB_ANCHOR_CENSUS_DETECTED;MSNLIB_ANCHOR_GATE_CALIBRATION
O=C(CC(c1ccccc1)c1ccccc1)Nc1cc(N2CCOCC2)ncn1,True,1,SAMPLE1_DRAW_GROUP
O=C(CC(c1ccccc1)c1ccccc1)Nc1nc2ccccc2s1,True,1,DECODED_SAME_PLATE_ION_0p01
O=C(CC(c1cccs1)n1cccc1)N1CCN(c2ccccn2)CC1,True,1,SAMPLE1_DRAW_GROUP
O=C(CC(c1ccsc1)n1cccc1)NCCc1nc(-c2ccccn2)no1,True,1,DECODED_SAME_PLATE_ION_0p01
O=C(CC1(N2CCOCC2)CCCC1)N1C2C=C(c3ccn[nH]3)CC1CC2,True,1,SAMPLE1_DRAW_GROUP
O=C(CC1(c2ccccc2)C2CC3CC(C2)CC1C3)N1CCC1,True,1,DECODED_SAME_PLATE_ION_0p01
O=C(CC12CC3CC(CC(C3)C1)C2)N1CCC2CC21,True,1,DECODED_SAME_PLATE_ION_0p01
O=C(CC1=CCC=CC1)NC1C(=O)N2C=CCSC12,True,1,COPLATED_IN_DECODED_WELL;DECODED_SAME_PLATE_ION_0p01
O=C(CC1C(=O)N(Cc2ccc3c(c2)OCO3)c2ccccc21)c1ccccc1,True,1,SAMPLE1_DRAW_GROUP
O=C(CC1C(=O)N(Cc2ccc3c(c2)OCO3)c2ccccc21)c1ccccn1,True,1,SAMPLE1_DRAW_GROUP
O=C(CC1C(=O)N(Cc2ccccc2)c2ccccc21)c1ccc2c(c1)OCCO2,True,1,SAMPLE1_DRAW_GROUP
O=C(CC1C(=O)Nc2ccccc21)c1ccc(C2CC2)cc1,True,1,COPLATED_IN_DECODED_WELL
O=C(CC1C(=O)Nc2ccccc21)c1ccccc1,True,3,COPLATED_IN_DECODED_WELL
O=C(CC1CC(c2ccccc2)=NO1)N1CCOCC1,True,1,DECODED_SAME_PLATE_ION_0p01
O=C(CC1CC1)Nc1cn(-c2ccccc2)nn1,True,1,SAMPLE1_DRAW_GROUP
O=C(CC1CCC1)Nc1cc[nH]n1,True,1,SAMPLE1_DRAW_GROUP
O=C(CC1CCCC(CCc2ccccc2)N1)c1ccccc1,True,1,COPLATED_IN_DECODED_WELL;DECODED_SAME_PLATE_ION_0p01;DECODED_SAME_WELL_ION_0p7
O=C(CC1CCCC1)N1CCCCC1c1nncn1CC1CC1,True,1,SAMPLE1_DRAW_GROUP
O=C(CC1CCCC1)Nc1c(C(=O)Nc2ccc3c(c2)OCO3)oc2ccccc12,True,1,SAMPLE1_DRAW_GROUP
O=C(CC1CCCC1)Nc1ccc(-n2ncnn2)cc1,True,1,SAMPLE1_DRAW_GROUP
O=C(CC1CCCC2(CCCC(Cc3nc4ccccc4o3)O2)O1)c1ccc[nH]1,True,1,DECODED_SAME_PLATE_ION_0p01
O=C(CC1CCCCC1)NCC1CCOCC1,True,1,SAMPLE1_DRAW_GROUP
O=C(CC1CCCCC1)Nc1nnc[nH]1,True,1,SAMPLE1_DRAW_GROUP
O=C(CC1CCCCN1)Cn1cnc2ccccc2c1=O,True,2,DECODED_SAME_PLATE_ION_0p01
O=C(CC1CCCCO1)NCC=CC=CCCC1CCC(C=CC=CC=CC(=O)c2ccc[nH]c2=O)O1,True,1,SAMPLE1_DRAW_GROUP
O=C(CC1CCCS(=O)(=O)C1)N1CCCC1CN1CCCCC1,True,1,SAMPLE1_DRAW_GROUP
O=C(CC1CCN(C(=O)c2ccc[nH]2)CC1)NCC1CCCO1,True,1,COPLATED_IN_DECODED_WELL;DECODED_SAME_PLATE_ION_0p01;DECODED_SAME_WELL_ION_0p7
O=C(CC1CCN(CC2CC2)CC1)c1ccccc1,True,1,DECODED_SAME_PLATE_ION_0p01
O=C(CC1CCNCC1)N1CCC(C2c3ccccc3CCc3cccnc32)CC1,True,1,COPLATED_IN_DECODED_WELL
O=C(CC1CCS(=O)(=O)C1)Nc1ccccn1,True,1,SAMPLE1_DRAW_GROUP
O=C(CC1CSc2ccccc2NC1=O)Nc1ccccc1,True,1,SAMPLE1_DRAW_GROUP
O=C(CC1N=C(c2ccccc2)c2ccsc2-n2cnnc21)NCCCN1CCNCC1,True,1,DECODED_SAME_PLATE_ION_0p01
O=C(CC1NC(=O)c2ccccc2NC1=O)NCCc1c[nH]c2ccc(OCc3ccccc3)cc12,True,1,SAMPLE1_DRAW_GROUP
O=C(CC1NCCNC1=O)NN=Cc1cn[nH]c1,True,1,SAMPLE1_DRAW_GROUP
O=C(CC1Nc2ccccc2NC1=O)Nc1cccs1,True,1,DECODED_SAME_PLATE_ION_0p01
O=C(CC1SC(=Nc2ccccc2)NC1=O)Nc1ccccc1,True,1,SAMPLE1_DRAW_GROUP
O=C(CC=NNC(=O)c1ccco1)Nc1ccccc1,True,1,SAMPLE1_DRAW_GROUP
O=C(CCC(=O)Nc1ccccc1)NN=C1CCCC1,True,2,SAMPLE1_DRAW_GROUP
O=C(CCC(=O)Nc1ccccc1)NNC(=O)Nc1ccccc1,True,1,SAMPLE1_DRAW_GROUP
O=C(CCC(=O)OCc1ccc(OC2CCCCO2)cc1)OCc1ccc(OC2CCCCO2)cc1,True,2,COPLATED_IN_DECODED_WELL
O=C(CCC(=O)c1ccc2c(c1)OCCO2)c1ccccc1,True,1,DECODED_SAME_PLATE_ION_0p01
O=C(CCC(=O)c1ccccc1)OCC(=O)c1ccc2c(c1)OCCO2,True,1,SAMPLE1_DRAW_GROUP
O=C(CCC1(C(=O)NC2CCCCC2)CCCC1)Oc1ccc2c(c1)CCC2,False,0,EXPOSED_POPULATION:ENTACT-MIX-LISTS-499-503-505;EXPOSED_POPULATION:LCSB-ALL-MASSBANK-V1-EXPOSURE-SET;EXPOSED_POPULATION:LCSB-DEV;EXPOSED_POPULATION:LCSB-POS-V2-SPECTRA;EXPOSED_POPULATION:V2-DEVELOPMENT-POPULATION
O=C(CCC1=[N+]2[BH2-]n3cccc3C=C2C=C1)NCCN1CCN(CC=CC(=O)N2CCCC(n3nc(-c4ccc(Oc5ccccc5)cc4)c4cncnc43)C2)CC1,True,1,COPLATED_IN_DECODED_WELL
O=C(CCC1CC2N=C1C=C1CCC(=N1)C=C1CCC(=CC3=NC2CC3)N1)NCCO[PH](=O)OC1COC(n2cnc3ccccc32)C1,False,0,COPLATED_IN_DECODED_WELL
O=C(CCC1CCCC1)NCc1ccc2[nH]cnc2c1,True,1,SAMPLE1_DRAW_GROUP
O=C(CCC1CCCC1)OC1CCC2C1CCC1c3ccccc3CCC12,True,1,COPLATED_IN_DECODED_WELL;SAMPLE1_DRAW_GROUP
O=C(CCC1CCCCO1)OCc1nc2[nH]ncc2c(=O)[nH]1,True,1,SAMPLE1_DRAW_GROUP
O=C(CCC1CCCN(C(=O)Nc2ccccc2)C1)NCc1ccco1,True,1,DECODED_SAME_PLATE_ION_0p01
O=C(CCC1CCCN1)NCCc1ccccc1,True,2,COPLATED_IN_DECODED_WELL;DECODED_SAME_PLATE_ION_0p01;DECODED_SAME_WELL_ION_0p7
O=C(CCC1CCCOC1)NS(=O)(=O)Cc1ccccc1,True,1,SAMPLE1_DRAW_GROUP
O=C(CCC1CCNC1)Nc1nc(-c2cccs2)cs1,True,1,SAMPLE1_DRAW_GROUP
O=C(CCC1CCNCC1)c1ccnc2ccccc12,True,1,SAMPLE1_DRAW_GROUP
O=C(CCC=CCc1ccc2c(c1)C(=O)OC2)OCCN1CCOCC1,True,1,COPLATED_IN_DECODED_WELL;DECODED_SAME_PLATE_ION_0p01
O=C(CCCC(=O)NN=CC1CC=CCC1)NN=CC1CC=CCC1,True,1,SAMPLE1_DRAW_GROUP
O=C(CCCC1CCCCO1)CC1CCCC2(C=CCC3(CCC(C4CCCCO4)O3)O2)O1,False,0,EXPOSED_POPULATION:WUR-NEG-DEV
O=C(CCCCC(=O)N1CCCC1)N1CCCC1,True,1,DECODED_SAME_PLATE_ION_0p01
O=C(CCCCC(=O)Nc1ccccc1)Nc1ccccc1,True,2,DECODED_SAME_PLATE_ION_0p01
O=C(CCCCC1SCC2NC(=O)NC21)NCCOCCOCCOCCOCCC(=O)NCCC(=O)N1Cc2ccccc2C#Cc2ccccc21,True,1,COPLATED_IN_DECODED_WELL;DECODED_SAME_PLATE_ION_0p01;DECODED_SAME_WELL_ION_0p7
O=C(CCCCC1SCC2NC(=O)NC21)NCCc1ccccc1,True,1,DECODED_SAME_PLATE_ION_0p01
O=C(CCCCCC(=O)NN=C1CCCCC1)NN=C1CCCCC1,True,1,COPLATED_IN_DECODED_WELL
O=C(CCCCCC(=O)Nc1ccccc1)Nc1ccccc1,True,1,DECODED_SAME_PLATE_ION_0p01
O=C(CCCCCCC(=O)N1CCN(c2cc(Nc3ncc(C(=O)Nc4ccccc4)s3)ncn2)CC1)NCC(=O)N1CCCC1C(=O)NCc1ccc(-c2cncs2)cc1,True,1,COPLATED_IN_DECODED_WELL
O=C(CCCCCCC(=O)Nc1ccccc1)Nc1ccccc1,True,1,DECODED_SAME_PLATE_ION_0p01
O=C(CCCCCCC=Cc1ccc2c(c1)OCO2)N1CCCCC1,True,1,SAMPLE1_DRAW_GROUP
O=C(CCCCCCCCc1cccnc1)N1CCC(C=C(c2ccccc2)c2ccccc2)CC1,False,0,EXPOSED_POPULATION:LCSB-ALL-MASSBANK-V1-EXPOSURE-SET;EXPOSED_POPULATION:LCSB-DEV;EXPOSED_POPULATION:LCSB-POS-V2-SPECTRA;EXPOSED_POPULATION:V2-DEVELOPMENT-POPULATION
O=C(CCCCCCCc1ccccc1)Oc1ccccc1,True,1,SAMPLE1_DRAW_GROUP
O=C(CCCCCN1CCN(c2ccccc2-c2ccccc2)CC1)NCc1ccccc1,False,0,COPLATED_IN_DECODED_WELL;DECODED_SAME_PLATE_ION_0p01;DECODED_SAME_WELL_ION_0p7
O=C(CCCCCNC(=O)CC1N=C(c2ccccc2)c2ccsc2-n2cnnc21)NCc1cccc2c1C(=O)N(C1CCC(=O)NC1=O)C2=O,True,1,COPLATED_IN_DECODED_WELL
O=C(CCCCCNC(=O)c1ccccc1)Nc1ccccc1,True,1,DECODED_SAME_PLATE_ION_0p01
O=C(CCCCc1ccc2c(c1)OCO2)N1CCCCC1,True,1,DECODED_SAME_PLATE_ION_0p01
O=C(CCCCc1ccccc1)CCc1ccccc1,True,10,DECODED_SAME_PLATE_ION_0p01
O=C(CCCCc1ccccc1)N(CCc1ccccn1)Cc1ccc(OCc2ccccc2)cc1,True,1,COPLATED_IN_DECODED_WELL
O=C(CCCN1C(=O)CSc2ncccc21)N1CCN(c2ccccn2)CC1,True,1,SAMPLE1_DRAW_GROUP
O=C(CCCN1C(=O)c2ccccc2C1=O)Nc1nccs1,True,1,SAMPLE1_DRAW_GROUP
O=C(CCCN1CC=C(n2c(=O)[nH]c3ccccc32)CC1)c1ccccc1,True,1,COPLATED_IN_DECODED_WELL;DECODED_SAME_PLATE_ION_0p01;DECODED_SAME_WELL_ION_0p7
O=C(CCCN1CCC(N2CCCCC2)CC1)c1ccccc1,True,1,DECODED_SAME_PLATE_ION_0p01
O=C(CCCN1CCC(OC(c2ccccc2)c2ccccc2)CC1)c1ccccc1,True,1,COPLATED_IN_DECODED_WELL;DECODED_SAME_PLATE_ION_0p01;DECODED_SAME_WELL_ION_0p7
O=C(CCCN1CCC(c2ccccc2)CC1)c1ccccc1,False,0,COPLATED_IN_DECODED_WELL;DECODED_SAME_PLATE_ION_0p01;DECODED_SAME_WELL_ION_0p7;EXPOSED_POPULATION:LCSB-ALL-MASSBANK-V1-EXPOSURE-SET;EXPOSED_POPULATION:LCSB-CONFIRMATION;EXPOSED_POPULATION:V2-DEVELOPMENT-POPULATION;EXPOSED_POPULATION:WUR-POS-IDENTITY;EXPOSED_POPULATION:WUR-SEALED;MSNLIB_ANCHOR_CENSUS_DESIGN;MSNLIB_ANCHOR_CENSUS_DETECTED;MSNLIB_ANCHOR_GATE_CALIBRATION;MULTIMS2_ANCHOR_CALIBRATION
O=C(CCCN1CCC2(CC1)C(=O)NCN2c1ccccc1)c1ccccc1,True,1,DECODED_SAME_PLATE_ION_0p01
O=C(CCCN1CCCC1)c1ccccc1,True,1,COPLATED_IN_DECODED_WELL;DECODED_SAME_PLATE_ION_0p01;DECODED_SAME_WELL_ION_0p7
O=C(CCCN1CCCCC1)c1ccccc1,True,1,DECODED_SAME_PLATE_ION_0p01
O=C(CCCN1CCN(c2ccccn2)CC1)c1ccccc1,False,0,COPLATED_IN_DECODED_WELL;DECODED_SAME_PLATE_ION_0p01;DECODED_SAME_WELL_ION_0p7;EXPOSED_POPULATION:V2-DEVELOPMENT-POPULATION;EXPOSED_POPULATION:WUR-POS-IDENTITY;EXPOSED_POPULATION:WUR-SEALED;MSNLIB_ANCHOR_CENSUS_DESIGN;MSNLIB_ANCHOR_CENSUS_DETECTED;MSNLIB_ANCHOR_GATE_CALIBRATION
O=C(CCCNC(=O)OCc1ccccc1)NCCCCC(NC(=O)OCc1ccccc1)C(=O)Nc1ccccc1,True,1,DECODED_SAME_PLATE_ION_0p01
O=C(CCCNCc1ccccc1)N1CCCCC1,True,1,DECODED_SAME_PLATE_ION_0p01
O=C(CCCOc1ccc2[nH]c(=O)ccc2c1)NC1CCCCC1,True,1,DECODED_SAME_PLATE_ION_0p01
O=C(CCCOc1ccccc1)NCCc1ccccc1,True,1,SAMPLE1_DRAW_GROUP
O=C(CCCSc1cccs1)NCCc1ccccc1,False,0,COPLATED_IN_DECODED_WELL;DECODED_SAME_PLATE_ION_0p01;DECODED_SAME_WELL_ION_0p7
O=C(CCCc1ccc(-c2ccccc2)cc1)Nc1ccccc1,True,1,COPLATED_IN_DECODED_WELL;DECODED_SAME_PLATE_ION_0p01;DECODED_SAME_WELL_ION_0p7
O=C(CCCc1ccccc1)N1CC2CCCCC2C1,True,1,COPLATED_IN_DECODED_WELL;DECODED_SAME_PLATE_ION_0p01
O=C(CCCc1ccccc1)N1CCn2cncc2C1,True,1,COPLATED_IN_DECODED_WELL
O=C(CCCc1ccccc1)N1CCn2cnnc2C1,True,1,COPLATED_IN_DECODED_WELL;DECODED_SAME_PLATE_ION_0p01
O=C(CCCc1ccccc1)OCC(COC(=O)CCCc1ccccc1)OC(=O)CCCc1ccccc1,True,1,COPLATED_IN_DECODED_WELL
O=C(CCCn1cccn1)NC1CCc2ccccc21,True,1,SAMPLE1_DRAW_GROUP
O=C(CCCn1ncc2cn(-c3ccccc3)nc2c1=O)NCCc1ccccc1,True,1,COPLATED_IN_DECODED_WELL
O=C(CCN(C(=O)c1ccc[nH+]c1)c1ccccc1)NCCOC(=O)N1CCc2ccccc2C1,False,0,COPLATED_IN_DECODED_WELL;DECODED_SAME_PLATE_ION_0p01;DECODED_SAME_WELL_ION_0p7
O=C(CCN1C(=O)COc2ccccc21)N1CCCC(c2ncno2)C1,True,1,SAMPLE1_DRAW_GROUP
O=C(CCN1CCCCC1)Nc1ccc2c(c1)C(=Cc1c[nH]c3ccccc13)C(=O)N2,True,1,DECODED_SAME_PLATE_ION_0p01
O=C(CCN1CCCCC1)c1ccccc1,True,3,COPLATED_IN_DECODED_WELL;DECODED_SAME_PLATE_ION_0p01;DECODED_SAME_WELL_ION_0p7;SAMPLE1_DRAW_GROUP
O=C(CCN1CCN(C(=O)OCc2ccccc2)CC1)c1ccc2[nH]c(=O)oc2c1,True,1,COPLATED_IN_DECODED_WELL
O=C(CCN1CCN(CCc2ccccc2)CC1)c1ccccc1,True,1,COPLATED_IN_DECODED_WELL;DECODED_SAME_PLATE_ION_0p01;DECODED_SAME_WELL_ION_0p7
O=C(CCN1CCNCC1)Nc1ccccc1-c1nc(Nc2ccccc2)c2ccccc2n1,True,1,COPLATED_IN_DECODED_WELL
O=C(CCNC(=O)N1CCc2sccc2C1)N1CCc2sccc2C1,True,1,SAMPLE1_DRAW_GROUP
O=C(CCNCc1ccccc1)c1ccc2ccccc2c1,True,1,DECODED_SAME_PLATE_ION_0p01;SAMPLE1_DRAW_GROUP
O=C(CCNc1c(-c2ccccc2)nc2cnccn12)NCc1ccccn1,True,2,SAMPLE1_DRAW_GROUP
O=C(CCOCc1ccccc1)N1CCC2(CC1)CNc1ccccc12,True,1,DECODED_SAME_PLATE_ION_0p01
O=C(CCOc1ccccc1)Nc1ccccc1,False,0,COPLATED_IN_DECODED_WELL;EXPOSED_POPULATION:V2-DEVELOPMENT-POPULATION;EXPOSED_POPULATION:WUR-POS-IDENTITY;EXPOSED_POPULATION:WUR-SEALED;MULTIMS2_ANCHOR_CALIBRATION
O=C(CCS(=O)(=O)c1ccccc1)Nc1ccccc1,True,2,EXPOSED_POPULATION:LCSB-ALL-MASSBANK-V1-EXPOSURE-SET;EXPOSED_POPULATION:LCSB-NEG
O=C(CCSCCC(=O)NC1CCCC1)NC1CCCC1,True,1,SAMPLE1_DRAW_GROUP
O=C(CCSCc1ccccc1)NCc1ccccc1,True,2,COPLATED_IN_DECODED_WELL
O=C(CCSc1ccccc1)Nc1ccccc1,True,1,SAMPLE1_DRAW_GROUP
O=C(CCSc1nnnn1-c1ccccc1)Nc1ccccc1,True,1,SAMPLE1_DRAW_GROUP
O=C(CC[NH+]1CCc2ccccc2C1Cc1ccccc1)OCCCCCOC(=O)CC[NH+]1CCc2ccccc2C1Cc1ccccc1,False,0,COPLATED_IN_DECODED_WELL
O=C(CCc1c[nH]c2ccccc12)N1CCCC(Cc2ccccc2)C1,True,1,COPLATED_IN_DECODED_WELL;DECODED_SAME_PLATE_ION_0p01;DECODED_SAME_WELL_ION_0p7
O=C(CCc1c[nH]c2ccccc12)N1CCN(S(=O)(=O)c2cccc3nonc23)CC1,True,1,SAMPLE1_DRAW_GROUP
O=C(CCc1c[nH]c2ccccc12)NC(Cc1ccccc1)C(=O)NCCc1c[nH]c2ccccc12,True,1,COPLATED_IN_DECODED_WELL
O=C(CCc1c[nH]c2ccccc12)NCC(=O)N1CCCC1C(=O)N1CCCC1,True,2,COPLATED_IN_DECODED_WELL
O=C(CCc1c[nH]c2ccccc12)NCC(=O)NCC(=O)NCCCCc1ccccc1,True,1,COPLATED_IN_DECODED_WELL
O=C(CCc1c[nH]c2ccccc12)NCC(=O)NCC(=O)NCCc1ccccc1,True,1,COPLATED_IN_DECODED_WELL;DECODED_SAME_PLATE_ION_0p01;DECODED_SAME_WELL_ION_0p7;SAMPLE1_DRAW_GROUP
O=C(CCc1c[nH]c2ccccc12)NN=Cc1ccc2nccnc2c1,True,1,DECODED_SAME_PLATE_ION_0p01
O=C(CCc1c[nH]c2ccccc12)c1ccccc1,True,3,DECODED_SAME_PLATE_ION_0p01
O=C(CCc1c[nH]cn1)NCC(=O)NCC(=O)NCC(=O)NCC(=O)NC(Cc1c[nH]cn1)C(=O)NCC(=O)NCC(=O)NCC(=O)NCC(=O)NCC(=O)NCC(=O)NCC(=O)NCC(=O)NC(Cc1c[nH]c2ccccc12)C(=O)NCC(=O)NCC(=O)NCC(=O)NCC(=O)NCC(=O)NCC(=O)NCC(=O)NCC(=O)NC(Cc1c[nH]cn1)C(=O)NCC(=O)NCCc1ccccc1,False,0,COPLATED_IN_DECODED_WELL
O=C(CCc1ccc(OCCCNCCNC(=O)N2CCOCC2)cc1)OCC1COCO1,True,1,COPLATED_IN_DECODED_WELL;DECODED_SAME_PLATE_ION_0p01;DECODED_SAME_WELL_ION_0p7
O=C(CCc1ccc2[nH]cnc2c1)NCCc1ccccc1,True,1,SAMPLE1_DRAW_GROUP
O=C(CCc1ccc2n1[BH2-][N+]1=C(c3ccc[nH]3)C=CC1=C2)ON1C(=O)CCC1=O,True,1,COPLATED_IN_DECODED_WELL;DECODED_SAME_PLATE_ION_0p01
O=C(CCc1ccccc1)CC(=O)CCc1ccccc1,True,1,DECODED_SAME_PLATE_ION_0p01;SAMPLE1_DRAW_GROUP
O=C(CCc1ccccc1)CC(CCc1ccccc1)OC1CCCCO1,True,3,COPLATED_IN_DECODED_WELL
O=C(CCc1ccccc1)N(c1nccc2ccccc12)C1CCCNC1,True,1,DECODED_SAME_PLATE_ION_0p01
O=C(CCc1ccccc1)N1C2CCCC1CC2,True,1,SAMPLE1_DRAW_GROUP
O=C(CCc1ccccc1)N1CCCC1,True,1,SAMPLE1_DRAW_GROUP
O=C(CCc1ccccc1)NC(Cc1ccccc1)c1csc(-c2cccs2)n1,True,1,COPLATED_IN_DECODED_WELL
O=C(CCc1ccccc1)NC1CCSC2CCCCN2C1=O,True,1,COPLATED_IN_DECODED_WELL;DECODED_SAME_PLATE_ION_0p01
O=C(CCc1ccccc1)NC1COC(n2cnc3cncnc32)C1,True,1,COPLATED_IN_DECODED_WELL;DECODED_SAME_PLATE_ION_0p01;DECODED_SAME_WELL_ION_0p7
O=C(CCc1ccccc1)NC1CSSCCNC(=O)C(Cc2ccccc2)NC(=O)CNC1=O,True,1,COPLATED_IN_DECODED_WELL
O=C(CCc1ccccc1)NCC(=O)N1CCCC1,True,2,COPLATED_IN_DECODED_WELL
O=C(CCc1ccccc1)NCC(=O)NC(Cc1c[nH]c2ccccc12)C(=O)NCC(=O)NCC(=O)NCCC(=O)NC(Cc1cnc[nH]1)C(=O)NCCc1ccccc1,False,0,COPLATED_IN_DECODED_WELL
O=C(CCc1ccccc1)NCC(=O)NC(Cc1ccccc1)C(=O)NCC(=O)NC(Cc1ccccc1)C(=O)N1CCCC1,True,1,COPLATED_IN_DECODED_WELL;DECODED_SAME_PLATE_ION_0p01;DECODED_SAME_WELL_ION_0p7
O=C(CCc1ccccc1)NCC(=O)NC(Cc1cnc[nH]1)C(=O)N1CCCC1,True,3,COPLATED_IN_DECODED_WELL
O=C(CCc1ccccc1)NCC(=O)NC(Cc1cnc[nH]1)C(=O)N1CCCC1C(=O)NCCc1ccccc1,True,2,COPLATED_IN_DECODED_WELL
O=C(CCc1ccccc1)NCC(=O)NCC(=O)NCC(=O)NC(Cc1cnc[nH]1)C(=O)NCC(=O)NC1CSSCC2NC(=O)CCSSCC(NC(=O)CNC(=O)CNC(=O)CNC2=O)C(=O)NCC(=O)NCC(=O)NC(Cc2ccccc2)C(=O)NCC(=O)NCC(=O)NCC(=O)NCC(=O)NC(Cc2ccccc2)C(=O)NCCSSCC(C(=O)NCC(=O)NCC(=O)NCC(=O)NCC(=O)NC(Cc2ccccc2)C(=O)NC(Cc2ccccc2)C(=O)NC(Cc2ccccc2)C(=O)NCC(=O)N2CCCC2)NC(=O)CNC(=O)CNC(=O)C(Cc2ccccc2)NC(=O)CNC(=O)CNC(=O)CNC(=O)CNC(=O)CNC(=O)C(Cc2cnc[nH]2)NC(=O)CNC(=O)CNC1=O,False,0,COPLATED_IN_DECODED_WELL
O=C(CCc1ccccc1)NCC(=O)NCC(=O)NCC(=O)NCC(=O)N1CCCC1C(=O)NCC(=O)NCC(=O)NCC(=O)NC(Cc1ccccc1)C(=O)NCC(=O)N1CCCC1C(=O)NCCc1ccccc1,False,0,COPLATED_IN_DECODED_WELL
O=C(CCc1ccccc1)NCC(=O)NCC(=O)NCCc1ccccc1,True,5,COPLATED_IN_DECODED_WELL;DECODED_SAME_PLATE_ION_0p01
O=C(CCc1ccccc1)NCC(=O)NCCc1cnc[nH]1,True,2,COPLATED_IN_DECODED_WELL
O=C(CCc1ccccc1)NCC(=O)Nc1ccc2ccccc2c1,True,1,COPLATED_IN_DECODED_WELL;DECODED_SAME_PLATE_ION_0p01
O=C(CCc1ccccc1)NCC(=O)OCc1ccccc1,True,1,COPLATED_IN_DECODED_WELL
O=C(CCc1ccccc1)NCC(c1cccs1)n1cccn1,True,1,SAMPLE1_DRAW_GROUP
O=C(CCc1ccccc1)NCC1(c2ccsc2)CC1,True,1,SAMPLE1_DRAW_GROUP
O=C(CCc1ccccc1)NCCc1ccccc1,True,6,COPLATED_IN_DECODED_WELL
O=C(CCc1ccccc1)NCCn1cc(-c2cccs2)cn1,True,1,SAMPLE1_DRAW_GROUP
O=C(CCc1ccccc1)NCCn1nc(-c2ccccc2)ccc1=O,True,1,SAMPLE1_DRAW_GROUP
O=C(CCc1ccccc1)Nc1ccc(CC(=O)NC2CC2)cc1,True,1,SAMPLE1_DRAW_GROUP
O=C(CCc1ccccc1)Nc1ccc2c(c1)Sc1ncccc1C(=O)N2,True,1,SAMPLE1_DRAW_GROUP
O=C(CCc1ccccc1)Nc1cccc(N2CCCC2=O)c1,True,1,DECODED_SAME_PLATE_ION_0p01
O=C(CCc1ccccc1)Nc1ccccc1,True,5,DECODED_SAME_PLATE_ION_0p01
O=C(CCc1ccccc1)OC1C=C2CC(=O)C3CCC4OCC4C3C(OC(=O)c3ccccc3)C(C2)C1,True,4,COPLATED_IN_DECODED_WELL;DECODED_SAME_PLATE_ION_0p01;DECODED_SAME_WELL_ION_0p7
O=C(CCc1ccccc1)c1ccc(N2CCOCC2)cc1,False,0,EXPOSED_POPULATION:V2-DEVELOPMENT-POPULATION;EXPOSED_POPULATION:WUR-POS-IDENTITY;EXPOSED_POPULATION:WUR-SEALED
O=C(CCc1ccccc1)c1ccc(OC2CC(OC(=O)c3ccccc3)C3OC(=O)c4ccccc4-c4ccccc4C(=O)OCC3O2)cc1,True,1,SAMPLE1_DRAW_GROUP
O=C(CCc1ccccc1)c1ccc(OC2OCCCC2OC2CCCCO2)cc1,True,2,COPLATED_IN_DECODED_WELL
O=C(CCc1ccccc1)c1cccc(C2CCCCO2)c1,True,1,DECODED_SAME_PLATE_ION_0p01;SAMPLE1_DRAW_GROUP
O=C(CCc1ccccc1)c1ccccc1,True,12,COPLATED_IN_DECODED_WELL;DECODED_SAME_PLATE_ION_0p01;DECODED_SAME_WELL_ION_0p7
O=C(CCc1ccccc1)c1ccccc1OC1CCCCO1,True,3,COPLATED_IN_DECODED_WELL
O=C(CCc1cccs1)N1CC2(CC(c3ccccc3)C2)C1,True,1,SAMPLE1_DRAW_GROUP
O=C(CCc1ccncc1)NC1CC2CCC(C1)N2,True,1,SAMPLE1_DRAW_GROUP
O=C(CCc1cnc2nc[nH]n2c1=O)Nc1ccccc1,True,1,SAMPLE1_DRAW_GROUP
O=C(CCc1cnc[nH]1)NCC(=O)NCC(=O)NCC(=O)NCC(=O)NC(Cc1ccccc1)C(=O)NCC(=O)NCC(=O)NCC(=O)NCC(=O)NCC(=O)NCC(=O)NCC(=O)NCC(=O)NCC(=O)NCC(=O)NCC(=O)NCC(=O)NCC(=O)NCC(=O)NCC(=O)NC(Cc1ccccc1)C(=O)NCC(=O)NCC(=O)NC(Cc1c[nH]c2ccccc12)C(=O)NCC(=O)NCC(=O)NCC(=O)NCC(=O)NCC(=O)N1CCCC1C(=O)NCC(=O)NCC(=O)NCC(=O)NCC(=O)N1CCCC1C(=O)N1CCCC1C(=O)N1CCCC1,False,0,COPLATED_IN_DECODED_WELL
O=C(CCc1cnc[nH]1)NCC(=O)NCC(=O)NCC(=O)NCC(=O)NC(Cc1cnc[nH]1)C(=O)NCC(=O)NCC(=O)NCC(=O)NCC(=O)NCC(=O)NCC(=O)NCC(=O)NCC(=O)NC(Cc1c[nH]c2ccccc12)C(=O)NCC(=O)NCC(=O)NCC(=O)NCC(=O)NCC(=O)NCC(=O)NCC(=O)NCC(=O)NC(Cc1cnc[nH]1)C(=O)NCC(=O)NCCc1ccccc1,False,0,COPLATED_IN_DECODED_WELL
O=C(CCc1cnc[nH]1)NCC(=O)NCC(=O)NCC(=O)NCCc1cnc[nH]1,True,1,COPLATED_IN_DECODED_WELL
O=C(CCc1cnc[nH]1)NCCc1c[nH]c2ccccc12,True,1,COPLATED_IN_DECODED_WELL;DECODED_SAME_PLATE_ION_0p01;DECODED_SAME_WELL_ION_0p7
O=C(CCc1cncs1)N1CCOCC1c1cnn(Cc2ccccc2)c1,True,1,SAMPLE1_DRAW_GROUP
O=C(CCc1nc(-c2ccccc2)no1)NCC1CCCN1,True,1,SAMPLE1_DRAW_GROUP
O=C(CCc1nc(-c2ccccn2)no1)NC1=CCCCC1,True,1,DECODED_SAME_PLATE_ION_0p01
O=C(CCc1nc(-c2ccoc2)no1)N1CCCCCC1,True,1,SAMPLE1_DRAW_GROUP
O=C(CCc1nc2ccccc2[nH]1)N1CCCCC1,True,1,SAMPLE1_DRAW_GROUP
O=C(CCc1nc2ccccc2c(=O)[nH]1)NCc1ccccc1,True,2,DECODED_SAME_PLATE_ION_0p01
O=C(CCc1nnc(-c2ccccc2)o1)N1CCC(Cn2ccnn2)CC1,True,1,SAMPLE1_DRAW_GROUP
O=C(CCc1nnc2c(N3CCCCC3)nc3ccccc3n12)N1CCCCC1,True,1,SAMPLE1_DRAW_GROUP
O=C(CCc1nnc2ccc(NCc3ccco3)nn12)N1CCN(c2ccccn2)CC1,True,1,SAMPLE1_DRAW_GROUP
O=C(CCn1[nH]c(=O)c2ccccc2c1=O)OC1CCCCC1,True,1,SAMPLE1_DRAW_GROUP
O=C(CCn1c(=O)oc2ccccc21)Nc1ccccc1,True,1,SAMPLE1_DRAW_GROUP
O=C(CCn1ccc2ccccc21)Nc1ccccc1,True,1,DECODED_SAME_PLATE_ION_0p01
O=C(CCn1ccc2cccnc21)NC1CCC(Cn2cccn2)C1,True,1,SAMPLE1_DRAW_GROUP
O=C(CCn1cccc1)Nc1ccc2[nH]cnc2c1,True,1,SAMPLE1_DRAW_GROUP
O=C(CCn1cccn1)N1CCCC(OCc2ncno2)C1,True,1,DECODED_SAME_PLATE_ION_0p01
O=C(CCn1cccn1)N1CCCC1,True,1,SAMPLE1_DRAW_GROUP
O=C(CCn1cccn1)N1CCCCC1c1nnc[nH]1,True,1,DECODED_SAME_PLATE_ION_0p01
O=C(CCn1cccn1)NCc1cccnc1Oc1ccccc1,True,1,DECODED_SAME_PLATE_ION_0p01
O=C(CCn1cccn1)Nc1ccccc1,True,5,SAMPLE1_DRAW_GROUP
O=C(CCn1cnc2[nH]c(=O)[nH]c(=O)c21)Nc1ccncc1,True,1,SAMPLE1_DRAW_GROUP
O=C(CCn1cnc2cncnc21)NC1COc2ccccc2C1,True,1,SAMPLE1_DRAW_GROUP
O=C(CCn1cnc2sccc2c1=O)N1CCCC(c2cc[nH]n2)C1,True,1,SAMPLE1_DRAW_GROUP
O=C(CN(C(=O)C1CCS(=O)(=O)CC1)c1ccccc1)Nc1ccc(-c2ncon2)cc1,True,1,COPLATED_IN_DECODED_WELL
O=C(CN(C1CCCCC1)S(=O)(=O)c1ccccc1)NN=Cc1cccc2ccccc12,True,1,SAMPLE1_DRAW_GROUP
O=C(CN(Cc1ccccc1)S(=O)(=O)c1ccccc1)NN=Cc1ccccc1,True,1,SAMPLE1_DRAW_GROUP
O=C(CN(c1ccccc1)S(=O)(=O)c1ccsc1)Nc1ccccc1,True,1,SAMPLE1_DRAW_GROUP
O=C(CN(c1cccnc1)S(=O)(=O)c1ccccc1)NCc1cccnc1,False,0,COPLATED_IN_DECODED_WELL;DECODED_SAME_PLATE_ION_0p01;DECODED_SAME_WELL_ION_0p7
O=C(CN1C(=O)C2(CCCC2)NCC1c1ccccc1)Nc1ccc2c(c1)CC1(C2)C(=O)Nc2ncccc21,True,1,DECODED_SAME_PLATE_ION_0p01
O=C(CN1C(=O)C2C3C=CC(C3)C2C1=O)Nc1ccccc1,True,1,SAMPLE1_DRAW_GROUP
O=C(CN1C(=O)CCC1=O)N1CCN(c2nc3ccccc3s2)CC1,True,1,SAMPLE1_DRAW_GROUP
O=C(CN1C(=O)CCC1=O)NCC(c1ccco1)n1cccn1,True,2,SAMPLE1_DRAW_GROUP
O=C(CN1C(=O)CCC1=O)Oc1ccc2c(c1)C=CCN2,True,1,SAMPLE1_DRAW_GROUP
O=C(CN1C(=O)CNC1=O)NCc1ccnc(-n2ccnc2)c1,True,1,SAMPLE1_DRAW_GROUP
O=C(CN1C(=O)CSCC1=O)Nc1ccc2c(c1)OCO2,True,1,SAMPLE1_DRAW_GROUP
O=C(CN1C(=O)Cn2c(cc3ccccc32)C1=O)NCc1cccc(C2NC(=O)NC2=O)c1,True,1,SAMPLE1_DRAW_GROUP
O=C(CN1C(=O)c2ccccc2C1=O)Nc1ccc2ccccc2c1,True,1,SAMPLE1_DRAW_GROUP
O=C(CN1C(=O)c2cccnc2Oc2ccccc21)NCCc1c[nH]c2ccccc12,True,1,SAMPLE1_DRAW_GROUP
O=C(CN1CC=C(c2cnn(-c3ccccc3)c2)CC1)NC1CCN(Cc2ccccc2)CC1,True,1,SAMPLE1_DRAW_GROUP
O=C(CN1CCC(CN2Cc3ccccc3C2=O)CC1)c1ccccc1,True,1,COPLATED_IN_DECODED_WELL;DECODED_SAME_PLATE_ION_0p01
O=C(CN1CCC(N2CCCC2)CC1)Nc1ccccc1,True,1,SAMPLE1_DRAW_GROUP
O=C(CN1CCC(c2ccccn2)CC1)Nc1ccccc1,True,1,SAMPLE1_DRAW_GROUP
O=C(CN1CCC(c2ncno2)CC1)Nc1ccccc1,True,1,SAMPLE1_DRAW_GROUP
O=C(CN1CCC(c2nnc(-c3ccccc3)o2)CC1)Nc1ccccc1,True,1,SAMPLE1_DRAW_GROUP
O=C(CN1CCCC1)NCc1cn(Cc2ccccc2)nc1-c1ccccc1,True,1,SAMPLE1_DRAW_GROUP
O=C(CN1CCCC1)c1ccn(-c2ccccc2)c1,True,1,DECODED_SAME_PLATE_ION_0p01;SAMPLE1_DRAW_GROUP
O=C(CN1CCCC1=O)Nc1cc(-c2ccccc2)[nH]n1,True,1,SAMPLE1_DRAW_GROUP
O=C(CN1CCCC1=O)Nc1ccccc1,True,1,COPLATED_IN_DECODED_WELL
O=C(CN1CCCCC1)Nc1cc2c(s1)CCCC2,True,1,SAMPLE1_DRAW_GROUP
O=C(CN1CCCCC1)Nc1ccc2c(c1)OCO2,True,1,SAMPLE1_DRAW_GROUP
O=C(CN1CCCCC1)c1ccn(-c2ccccc2)c1,True,1,DECODED_SAME_PLATE_ION_0p01
O=C(CN1CCCCCC1)Nc1ccccc1,True,4,COPLATED_IN_DECODED_WELL;SAMPLE1_DRAW_GROUP
O=C(CN1CCCN(Cc2ncc[nH]2)CC1)N1CCCCCC1,True,1,SAMPLE1_DRAW_GROUP
O=C(CN1CCN(C(=O)C2CCC(n3cnc4cncnc43)O2)CC1)Nc1cccc2c1CNC2=O,True,1,DECODED_SAME_PLATE_ION_0p01
O=C(CN1CCN(C(=O)c2ccco2)CC1)Nc1cc2c(s1)CCC2,True,1,DECODED_SAME_PLATE_ION_0p01
O=C(CN1CCN(C(=O)c2ccco2)CC1)Nc1ccccc1,True,1,DECODED_SAME_PLATE_ION_0p01
O=C(CN1CCN(CCCOc2ccccc2)CC1)Nc1ccccc1,True,1,COPLATED_IN_DECODED_WELL;DECODED_SAME_PLATE_ION_0p01;DECODED_SAME_WELL_ION_0p7
O=C(CN1CCN(Cc2ccccc2)CC1)NN=Cc1ccccc1,True,1,DECODED_SAME_PLATE_ION_0p01
O=C(CN1CCN(c2ccc(C3CC3)nn2)CC1)NCc1ccccc1,True,1,DECODED_SAME_PLATE_ION_0p01
O=C(CN1CCN(c2ccccc2)CC1)Nc1ccnc(N2CCCCC2)n1,True,1,DECODED_SAME_PLATE_ION_0p01
O=C(CN1CCN(c2ncc[nH]2)CC1)NCc1ccccc1,True,1,SAMPLE1_DRAW_GROUP
O=C(CN1CCNCC1)NC1CC1,True,1,SAMPLE1_DRAW_GROUP
O=C(CN1CCNCC1)Nc1ccc(N=C(c2ccccc2)c2c[nH]c3ccccc23)cc1,True,1,COPLATED_IN_DECODED_WELL;DECODED_SAME_PLATE_ION_0p01
O=C(CN1CCNCC1)Nc1ccc(NC(=C2C(=O)Nc3ccccc32)c2ccccc2)cc1,True,1,DECODED_SAME_PLATE_ION_0p01
O=C(CN1CCNCC1)c1cccc(-c2nc(=O)c3[nH]ncc3[nH]2)c1,False,0,EXPOSED_POPULATION:V2-DEVELOPMENT-POPULATION;EXPOSED_POPULATION:WUR-DEV-ANALYSIS;EXPOSED_POPULATION:WUR-POS-IDENTITY
O=C(CN1CCNCC12CCCCC2)NCc1ccccc1,True,1,SAMPLE1_DRAW_GROUP
O=C(CN1CCNCCNCCNCC1)ON1C(=O)CCC1=O,True,1,COPLATED_IN_DECODED_WELL
O=C(CN1CCOC(C(=O)N2CCOCC2)C1)NCc1ccccc1,True,1,SAMPLE1_DRAW_GROUP
O=C(CN1CCOCC1)N1CCC(n2cccn2)CC1,True,1,SAMPLE1_DRAW_GROUP
O=C(CN1CCOCC1)c1ccccc1,False,0,EXPOSED_POPULATION:LCSB-ALL-MASSBANK-V1-EXPOSURE-SET;EXPOSED_POPULATION:LCSB-CONFIRMATION;EXPOSED_POPULATION:V2-DEVELOPMENT-POPULATION;EXPOSED_POPULATION:WUR-POS-IDENTITY;EXPOSED_POPULATION:WUR-SEALED
O=C(CN1Cc2ccccc2C1=O)NCCc1c[nH]c2ccccc12,True,5,SAMPLE1_DRAW_GROUP
O=C(CN=[SH](=O)c1ccccc1)N1CCCCCC1,True,1,SAMPLE1_DRAW_GROUP
O=C(CNC(=O)C(Cc1ccccc1)NC(=O)CCc1ccccc1)NCC(=O)N1CCCCC1,True,1,COPLATED_IN_DECODED_WELL
O=C(CNC(=O)C12CC3CC(CC(C3)C1)C2)NCCc1ccccc1,True,1,COPLATED_IN_DECODED_WELL;DECODED_SAME_PLATE_ION_0p01;DECODED_SAME_WELL_ION_0p7
O=C(CNC(=O)C1C2CCCC2CN1C(=O)CNC(=O)C(NC(=O)c1cnccn1)C1CCCCC1)C(=O)NC1CC1,True,1,COPLATED_IN_DECODED_WELL;SAMPLE1_DRAW_GROUP
O=C(CNC(=O)C1CCCC1)COc1ccccc1,True,1,DECODED_SAME_PLATE_ION_0p01
O=C(CNC(=O)C1CCCCN1C(=O)CCc1ccccc1)Nc1ccccc1,True,1,COPLATED_IN_DECODED_WELL
O=C(CNC(=O)C1CCCN1)NCC(=O)N1CCCC1C(=O)N1CCCC1,True,1,COPLATED_IN_DECODED_WELL;DECODED_SAME_PLATE_ION_0p01;DECODED_SAME_WELL_ION_0p7;SAMPLE1_DRAW_GROUP
O=C(CNC(=O)C1CCCN1C(=O)C1CCCN1)NC(Cc1cccs1)C(=O)NCC(=O)N1Cc2ccccc2CC1C(=O)N1CCC2CCCCC21,False,0,COPLATED_IN_DECODED_WELL
O=C(CNC(=O)C1Cc2ccccc2CN1C(=O)CCC(=O)c1ccccc1)NCC1CCCCC1,True,1,COPLATED_IN_DECODED_WELL
O=C(CNC(=O)CNC(=O)C(=O)Nc1ccccc1)COc1ccccc1,True,1,COPLATED_IN_DECODED_WELL
O=C(CNC(=O)CNC(=O)C(Cc1c[nH]c2ccccc12)NC(=O)C(Cc1c[nH]cn1)NC(=O)CCc1c[nH]c2ccccc12)NCC(=O)NCC(=O)N1CCCC1C(=O)NCC(=O)NCC(=O)N1CCCC1C(=O)NCC(=O)NCCc1ccccc1,False,0,COPLATED_IN_DECODED_WELL
O=C(CNC(=O)CNC(=O)C(Cc1c[nH]cn1)NC(=O)C1CCC(=O)N1)NCC(=O)N1CCCC1C(=O)NCC(=O)NC1CSSCCNC(=O)C(Cc2ccccc2)NC(=O)CNC(=O)C(Cc2c[nH]c3ccccc23)NC(=O)C(Cc2ccccc2)NC1=O,False,0,COPLATED_IN_DECODED_WELL
O=C(CNC(=O)CNC(=O)C(Cc1ccccc1)NC(=O)CNC(=O)C(Cc1c[nH]c2ccccc12)NC(=O)C(Cc1cnc[nH]1)NC(=O)C1CCC(=O)N1)NCC(=O)N1CCCC1,False,0,COPLATED_IN_DECODED_WELL
O=C(CNC(=O)CNC(=O)C1CCCN1C(=O)C(Cc1ccccc1)NC(=O)CNC(=O)CNC(=O)CNC(=O)CNC(=O)CNC(=O)CNC(=O)CNC(=O)CNC(=O)CNC(=O)CNC(=O)C1CCCN1C(=O)C(Cc1ccccc1)NC(=O)CNC(=O)CNC(=O)CNC(=O)C1CCCN1)NCCc1ccccc1,False,0,COPLATED_IN_DECODED_WELL
O=C(CNC(=O)CNC(=O)C1CCCN1C(=O)CNC(=O)C1CCC(=O)N1)NCC(=O)NC(Cc1cnc[nH]1)C(=O)NCC(=O)NCC(=O)N1CCCC1C(=O)NCC(=O)N1CCCC1C(=O)NCCc1ccccc1,False,0,COPLATED_IN_DECODED_WELL
O=C(CNC(=O)CNC(=O)c1ccc2ccccc2n1)COc1ccccc1,True,1,DECODED_SAME_PLATE_ION_0p01
O=C(CNC(=O)Cc1ccccc1)NCc1ccccc1,True,1,DECODED_SAME_PLATE_ION_0p01
O=C(CNC(=O)N1CCCC1c1ccccc1)N1CCCCC1,True,1,SAMPLE1_DRAW_GROUP
O=C(CNC(=O)NCc1cscn1)NC(CCC(Cc1ccccc1)NC(=O)OCc1cncs1)Cc1ccccc1,True,1,COPLATED_IN_DECODED_WELL;DECODED_SAME_PLATE_ION_0p01;DECODED_SAME_WELL_ION_0p7
O=C(CNC(=O)OCc1ccccc1)NCCCCC(NC(=O)C(Cc1ccccc1)NC(=O)c1cccnc1)C(=O)NC(Cc1cnc[nH]1)C(=O)N1CCCC1,False,0,COPLATED_IN_DECODED_WELL
O=C(CNC(=O)OCc1ccccc1)NCCc1ccccc1,True,1,COPLATED_IN_DECODED_WELL;DECODED_SAME_PLATE_ION_0p01;DECODED_SAME_WELL_ION_0p7
O=C(CNC(=O)c1ccc2[nH]ncc2c1)Nc1ccccc1,True,1,SAMPLE1_DRAW_GROUP
O=C(CNC(=O)c1ccc2ccccc2n1)NC(CCN1CCC2CCCCC2C1)Cc1ccccc1,True,1,COPLATED_IN_DECODED_WELL;DECODED_SAME_PLATE_ION_0p01;DECODED_SAME_WELL_ION_0p7
O=C(CNC(=O)c1ccccc1)NC1CCN(C2CCC(c3cccnc3)CC2)C1,True,1,COPLATED_IN_DECODED_WELL
O=C(CNC(=O)c1ccccc1)NC1CCN(Cc2ccccc2)C1,True,2,DECODED_SAME_PLATE_ION_0p01
O=C(CNC(=O)c1ccccc1)NCc1cc(=O)[nH]c(=O)[nH]1,True,1,SAMPLE1_DRAW_GROUP
O=C(CNC(=O)c1ccccc1)NCc1ccccc1,True,2,COPLATED_IN_DECODED_WELL;DECODED_SAME_PLATE_ION_0p01;SAMPLE1_DRAW_GROUP
O=C(CNC(=O)c1ccccc1)Nc1ccc2ncn(-c3ccccc3)c(=O)c2c1,True,1,SAMPLE1_DRAW_GROUP
O=C(CNC(=O)c1cccnc1)NC1CCCCC1,True,1,SAMPLE1_DRAW_GROUP
O=C(CNC(=O)c1ccsc1)Nc1nc2ccccc2[nH]1,True,1,SAMPLE1_DRAW_GROUP
O=C(CNC(=O)c1cn[nH]c1)NCc1ccc(OCc2ccccc2)cc1,True,1,SAMPLE1_DRAW_GROUP
O=C(CNC(=O)c1cncc(-c2ccccc2)c1)NCC1CC1,True,1,SAMPLE1_DRAW_GROUP
O=C(CNC(=O)c1cnn(Cc2ccccc2)c1)Nc1ccccc1,True,1,SAMPLE1_DRAW_GROUP
O=C(CNC12CC3CC(CC(C3)C1)C2)N1CCCC1,True,1,DECODED_SAME_PLATE_ION_0p01
O=C(CNC1CCCCC1)Nc1ccccc1,True,1,SAMPLE1_DRAW_GROUP
O=C(CNC1CCc2ccccc2C1)Nc1c[nH]cn1,True,1,SAMPLE1_DRAW_GROUP
O=C(CNCC(=O)NCCc1ccccc1)NCCc1ccccc1,True,1,COPLATED_IN_DECODED_WELL;DECODED_SAME_PLATE_ION_0p01;DECODED_SAME_WELL_ION_0p7
O=C(CNCCCN1c2ccccc2CCc2ccccc21)c1ccccc1,True,1,DECODED_SAME_PLATE_ION_0p01
O=C(CNCCCc1ccccc1)N1CCC2(C1)SCCS2,True,1,DECODED_SAME_PLATE_ION_0p01
O=C(CNCCCc1ccccc1)N1CCC2CCCC21,True,1,COPLATED_IN_DECODED_WELL;DECODED_SAME_PLATE_ION_0p01;DECODED_SAME_WELL_ION_0p7
O=C(CNCCCc1ccccc1)N1CCC2CCCCC21,True,1,COPLATED_IN_DECODED_WELL;DECODED_SAME_PLATE_ION_0p01;DECODED_SAME_WELL_ION_0p7
O=C(CNCCCc1ccccc1)N1CCCC1,True,3,COPLATED_IN_DECODED_WELL;DECODED_SAME_PLATE_ION_0p01;DECODED_SAME_WELL_ION_0p7
O=C(CNCCCc1ccccc1)N1CCNC1=O,True,1,COPLATED_IN_DECODED_WELL;DECODED_SAME_PLATE_ION_0p01;DECODED_SAME_WELL_ION_0p7
O=C(CNCCCc1ccccc1)N1CCc2ccccc2C1,True,2,COPLATED_IN_DECODED_WELL;DECODED_SAME_PLATE_ION_0p01;DECODED_SAME_WELL_ION_0p7;SAMPLE1_DRAW_GROUP
O=C(CNCCCc1ccccc1)NC1Cc2ccccc2C1,True,1,COPLATED_IN_DECODED_WELL;DECODED_SAME_PLATE_ION_0p01;DECODED_SAME_WELL_ION_0p7
O=C(CNCc1ccc(-c2ccccc2)cc1)NC1CC1,True,1,COPLATED_IN_DECODED_WELL;DECODED_SAME_PLATE_ION_0p01;DECODED_SAME_WELL_ION_0p7
O=C(CNP(=O)(OCC1CCC(n2cccnc2=O)O1)Oc1ccccc1)OCc1ccccc1,True,1,DECODED_SAME_PLATE_ION_0p01
O=C(CNS(=O)(=O)c1ccccc1)N(Cc1ccc(C2CCCCC2)cc1)c1ccccc1,True,3,COPLATED_IN_DECODED_WELL
O=C(CNc1ccc2ccccc2c1)NN=Cc1ccccc1,True,1,COPLATED_IN_DECODED_WELL
O=C(CNc1cccc2ccccc12)Nc1ccccc1C(=O)N1CCOCC1,True,1,SAMPLE1_DRAW_GROUP
O=C(CNc1ccccc1)N1CCNCC1,True,1,COPLATED_IN_DECODED_WELL
O=C(CNc1ccccc1)OCc1cccc(Oc2ccccc2)c1,False,0,EXPOSED_POPULATION:ENTACT-MIX-LISTS-499-503-505;EXPOSED_POPULATION:LCSB-ALL-MASSBANK-V1-EXPOSURE-SET;EXPOSED_POPULATION:LCSB-NEG;EXPOSED_POPULATION:LCSB-RAW-MIX-REPLICATE-SET-92;EXPOSED_POPULATION:V2-DEVELOPMENT-POPULATION;EXPOSED_POPULATION:WUR-POS-IDENTITY;EXPOSED_POPULATION:WUR-SEALED
O=C(CNc1ccccn1)NCc1ccccc1,True,1,SAMPLE1_DRAW_GROUP
O=C(CNc1nc2ccccc2s1)NCCC1=CCCCC1,True,1,SAMPLE1_DRAW_GROUP
O=C(COC(=O)c1ccccc1)Nc1ccon1,True,1,SAMPLE1_DRAW_GROUP
O=C(COC(=O)c1cccnc1)Nc1ccccc1,False,0,DECODED_SAME_PLATE_ION_0p01
O=C(COC(=O)c1ccncc1)c1ccccc1,True,1,SAMPLE1_DRAW_GROUP
O=C(COCC(=O)N1CCN(C(c2ccccc2)c2ccccc2)CC1)Nc1ccccc1,True,1,COPLATED_IN_DECODED_WELL;DECODED_SAME_PLATE_ION_0p01;DECODED_SAME_WELL_ION_0p7
O=C(COCC(=O)Nc1cccc(-c2ccoc2)c1)Nc1ccccc1,True,1,DECODED_SAME_PLATE_ION_0p01
O=C(COCCOc1ccc(-c2cc(Nc3ccccc3)ncn2)cc1)NCC(=O)N1CCCC1C(=O)NCc1ccc(-c2cncs2)cc1,True,1,SAMPLE1_DRAW_GROUP
O=C(COc1c[nH]ccc1=O)Nc1ccccc1,True,1,SAMPLE1_DRAW_GROUP
O=C(COc1ccc(-c2ccccc2)cc1)NCc1cccs1,True,1,DECODED_SAME_PLATE_ION_0p01
O=C(COc1ccc(-c2ccccc2)cc1)Nc1ccc(C(=O)N2CCOCC2)cc1,True,1,SAMPLE1_DRAW_GROUP
O=C(COc1ccc(-c2ccccc2)cc1)n1cccn1,True,1,SAMPLE1_DRAW_GROUP
O=C(COc1ccc(-c2nc3[nH]c(=O)[nH]c(=O)c3[nH]2)cc1)Nc1ccccc1,True,2,SAMPLE1_DRAW_GROUP
O=C(COc1ccc(C(=O)Nc2ccccc2)cc1)Nc1cc2c(s1)CCC2,True,1,SAMPLE1_DRAW_GROUP
O=C(COc1ccc(C(=O)c2ccccc2)cc1)NC1CCN(Cc2ccccc2)CC1,True,1,DECODED_SAME_PLATE_ION_0p01
O=C(COc1ccc(Oc2ccccc2)cc1)Cn1ccc2ccccc21,True,1,DECODED_SAME_PLATE_ION_0p01
O=C(COc1ccc2c(c1)S(=O)(=O)NCCN2c1ccccc1)NCc1ccccc1,True,1,COPLATED_IN_DECODED_WELL;DECODED_SAME_PLATE_ION_0p01;DECODED_SAME_WELL_ION_0p7
O=C(COc1ccc2ccccc2c1)NN=CC1CC=CCC1,True,1,DECODED_SAME_PLATE_ION_0p01
O=C(COc1ccc2ccccc2c1)NN=Cc1ccccc1,True,1,SAMPLE1_DRAW_GROUP
O=C(COc1cccc2c(=O)[nH]ccc12)Nc1ccon1,True,1,SAMPLE1_DRAW_GROUP
O=C(COc1cccc2c1C(=O)N(C1CCC(=O)NC1=O)C2=O)NCCCCCCCCNC(=O)CC1N=C(c2ccccc2)c2ccsc2-n2cnnc21,True,1,DECODED_SAME_PLATE_ION_0p01
O=C(COc1cccc2c1C(=O)N(C1CCC(=O)NC1=O)C2=O)NCCCCN1CCN(c2ccc(Nc3ncc4ccn(C5CCCC5)c4n3)nc2)CC1,True,1,COPLATED_IN_DECODED_WELL;SAMPLE1_DRAW_GROUP
O=C(COc1cccc2c1CCN(Cc1ccccc1)C2=O)Nc1ccc2c(c1)OCO2,True,1,SAMPLE1_DRAW_GROUP
O=C(COc1cccc2c1OCC2)N1CCC(n2cccn2)C1,True,1,SAMPLE1_DRAW_GROUP
O=C(COc1cccc2c1OCC2)NCC1CCCc2occc21,True,1,SAMPLE1_DRAW_GROUP
O=C(COc1cccc2oc(=O)c3c(c12)CCC3)NCCc1ccccc1,True,1,SAMPLE1_DRAW_GROUP
O=C(COc1ccccc1)N1CCC(Oc2ccncn2)C1,True,1,SAMPLE1_DRAW_GROUP
O=C(COc1ccccc1)N1CCC(n2cccn2)C1,True,1,SAMPLE1_DRAW_GROUP
O=C(COc1ccccc1)N1CCCC(Oc2ccncn2)C1,True,2,SAMPLE1_DRAW_GROUP
O=C(COc1ccccc1)N1CCN(C2=CC3=NCCN3C=N2)CC1,True,1,SAMPLE1_DRAW_GROUP
O=C(COc1ccccc1)N1CCN(Cc2ccc3c(c2)OCO3)CC1,False,0,EXPOSED_POPULATION:LCSB-ALL-MASSBANK-V1-EXPOSURE-SET;EXPOSED_POPULATION:LCSB-CONFIRMATION
O=C(COc1ccccc1)N1CCN(Cc2ccccc2)CC1,True,1,COPLATED_IN_DECODED_WELL;DECODED_SAME_PLATE_ION_0p01;DECODED_SAME_WELL_ION_0p7
O=C(COc1ccccc1)N1CCN(Cc2nc(-c3ccccc3)cs2)CC1,True,1,SAMPLE1_DRAW_GROUP
O=C(COc1ccccc1)N1CCN(Cc2nnnn2-c2ccccc2)CC1,True,2,SAMPLE1_DRAW_GROUP
O=C(COc1ccccc1)N1CCN(c2cc(-n3cccn3)ncn2)CC1,True,3,SAMPLE1_DRAW_GROUP
O=C(COc1ccccc1)N1CCN(c2ccn3cnnc3n2)CC1,True,2,SAMPLE1_DRAW_GROUP
O=C(COc1ccccc1)N1CCN(c2nc(CN3CCOCC3)cs2)CC1,True,1,SAMPLE1_DRAW_GROUP
O=C(COc1ccccc1)N1CCN(c2ncc[nH]2)CC1,True,2,SAMPLE1_DRAW_GROUP
O=C(COc1ccccc1)N1CCNCC1,True,2,SAMPLE1_DRAW_GROUP
O=C(COc1ccccc1)NC(=S)N1CCOCC1,True,2,SAMPLE1_DRAW_GROUP
O=C(COc1ccccc1)NC(=S)NNC(=O)c1ccncc1,True,1,DECODED_SAME_PLATE_ION_0p01
O=C(COc1ccccc1)NC(CCC(Cc1ccccc1)NC(=O)CN1CCCNC1=O)Cc1ccccc1,True,1,COPLATED_IN_DECODED_WELL;DECODED_SAME_PLATE_ION_0p01;DECODED_SAME_WELL_ION_0p7
O=C(COc1ccccc1)NC(c1ccccc1)c1c[nH]c2ccccc12,True,9,SAMPLE1_DRAW_GROUP
O=C(COc1ccccc1)NC1C(=O)N2CCSC12,False,0,EXPOSED_POPULATION:WUR-NEG-DEV
O=C(COc1ccccc1)NC1CCC(NC(=O)COc2ccccc2)CC1,True,1,DECODED_SAME_PLATE_ION_0p01
O=C(COc1ccccc1)NC1CCCc2ncsc21,True,1,SAMPLE1_DRAW_GROUP
O=C(COc1ccccc1)NC1CCNCC1,True,1,DECODED_SAME_PLATE_ION_0p01
O=C(COc1ccccc1)NCC1(c2ccsc2)CCCC1,True,1,SAMPLE1_DRAW_GROUP
O=C(COc1ccccc1)NCCc1ccsc1,True,1,SAMPLE1_DRAW_GROUP
O=C(COc1ccccc1)NCc1ccc(-c2ccoc2)cc1,True,1,SAMPLE1_DRAW_GROUP
O=C(COc1ccccc1)NCc1ccccc1,False,0,EXPOSED_POPULATION:V2-DEVELOPMENT-POPULATION;EXPOSED_POPULATION:WUR-DEV-HOLD;EXPOSED_POPULATION:WUR-POS-IDENTITY
O=C(COc1ccccc1)NCc1ccncn1,True,2,SAMPLE1_DRAW_GROUP
O=C(COc1ccccc1)NN=Cc1ccncc1,True,1,SAMPLE1_DRAW_GROUP
O=C(COc1ccccc1)Nc1cc(C(=O)N2CCCCC2)c[nH]c1=O,True,1,SAMPLE1_DRAW_GROUP
O=C(COc1ccccc1)Nc1ccc(OCc2ccccc2)cc1,True,1,COPLATED_IN_DECODED_WELL
O=C(COc1ccccc1)Nc1ccc2onc(CN3CCOCC3)c2c1,True,1,SAMPLE1_DRAW_GROUP
O=C(COc1ccccc1)Nc1cccc(OCC2CCCO2)c1,True,2,DECODED_SAME_PLATE_ION_0p01
O=C(COc1ccccc1)Nc1ccccc1,True,5,COPLATED_IN_DECODED_WELL;DECODED_SAME_PLATE_ION_0p01
O=C(COc1ccccc1)Nc1ccccc1N1CCCCC1,True,1,SAMPLE1_DRAW_GROUP
O=C(COc1ccccc1)Nc1cnc2sccn2c1=O,True,1,SAMPLE1_DRAW_GROUP
O=C(COc1ccccc1)Nc1nc2ncccc2s1,True,1,SAMPLE1_DRAW_GROUP
O=C(COc1ccccc1)Nc1ncccc1OCc1ccccc1,True,1,SAMPLE1_DRAW_GROUP
O=C(COc1ccccc1)Oc1ccc(-c2ccccc2)cc1,True,1,SAMPLE1_DRAW_GROUP
O=C(COc1ccccc1)n1c(=O)sc2ccccc21,True,1,SAMPLE1_DRAW_GROUP
O=C(COc1ccccn1)NCC(Cc1ccccc1)c1ccccc1,True,1,COPLATED_IN_DECODED_WELL
O=C(COc1cccnc1)N1CCc2ccccc2C1,True,1,COPLATED_IN_DECODED_WELL
O=C(COc1coccc1=O)N1CCNCC1,True,1,SAMPLE1_DRAW_GROUP
O=C(COc1nc2ccccc2s1)Nc1ccccc1,False,0,EXPOSED_POPULATION:V2-DEVELOPMENT-POPULATION;EXPOSED_POPULATION:WUR-POS-IDENTITY;EXPOSED_POPULATION:WUR-SEALED
O=C(COc1nncs1)Nc1ccccc1,False,0,EXPOSED_POPULATION:ENTACT-MIX-LISTS-499-503-505;EXPOSED_POPULATION:LCSB-ALL-MASSBANK-V1-EXPOSURE-SET;EXPOSED_POPULATION:LCSB-DEV;EXPOSED_POPULATION:LCSB-POS-V2-SPECTRA;EXPOSED_POPULATION:V2-DEVELOPMENT-POPULATION;EXPOSED_POPULATION:WUR-DEV-ANALYSIS;EXPOSED_POPULATION:WUR-POS-IDENTITY
O=C(CS(=O)(=O)c1c[nH]c2ccccc12)NCc1ccccc1,True,1,SAMPLE1_DRAW_GROUP
O=C(CS(=O)(=O)c1cccs1)Nc1ccccc1,True,1,SAMPLE1_DRAW_GROUP
O=C(CSC1CCCCC1)OC1CCCCC23CCCC1C2C(=O)CC3,True,1,COPLATED_IN_DECODED_WELL;DECODED_SAME_PLATE_ION_0p01;DECODED_SAME_WELL_ION_0p7
O=C(CSC1CCCCC1)OCC(=O)c1ccccc1,True,1,SAMPLE1_DRAW_GROUP
O=C(CSCc1coc(-c2ccccc2)n1)NCCc1ccccc1,True,1,DECODED_SAME_PLATE_ION_0p01
O=C(CSc1cc(-c2ccncc2)ccn1)n1cccn1,True,1,SAMPLE1_DRAW_GROUP
O=C(CSc1ccc(N2CCCC(C(=O)NC3CC3)C2)nn1)NCc1cccs1,True,1,SAMPLE1_DRAW_GROUP
O=C(CSc1ccccc1)NCCc1ccco1,True,1,SAMPLE1_DRAW_GROUP
O=C(CSc1ccccn1)NN=Cc1cccc(OC(=O)c2ccn[nH]2)c1,True,1,SAMPLE1_DRAW_GROUP
O=C(CSc1cccnn1)c1ccccc1,True,1,SAMPLE1_DRAW_GROUP
O=C(CSc1ccncc1)NC1C(=O)N2C=CCSC12,True,1,COPLATED_IN_DECODED_WELL
O=C(CSc1cnc2cncnc2n1)c1ccccc1,True,1,COPLATED_IN_DECODED_WELL;DECODED_SAME_WELL_ION_0p7
O=C(CSc1n[nH]c(-c2ccccc2)n1)Nc1ccccc1,True,1,SAMPLE1_DRAW_GROUP
O=C(CSc1nc(-c2ccccc2)nc2[nH]c(=O)[nH]c(=O)c12)Nc1ccccc1,True,1,SAMPLE1_DRAW_GROUP
O=C(CSc1nc(=O)[nH]c2c1CCCC2)Nc1ccccc1,True,3,SAMPLE1_DRAW_GROUP
O=C(CSc1nc(=O)c2ccccc2[nH]1)Nc1ccccc1,True,1,SAMPLE1_DRAW_GROUP
O=C(CSc1nc(=O)cc[nH]1)N1CCCC1,True,1,SAMPLE1_DRAW_GROUP
O=C(CSc1nc(=O)cc[nH]1)Nc1ccccc1,True,3,SAMPLE1_DRAW_GROUP
O=C(CSc1nc(=O)cc[nH]1)c1cccc2ccccc12,True,1,DECODED_SAME_PLATE_ION_0p01
O=C(CSc1nc(=O)ccn1-c1ccccc1)Nc1ccccc1,True,1,SAMPLE1_DRAW_GROUP
O=C(CSc1nc(=O)n(CCN2CCOCC2)c2c1CCC2)Nc1ccccc1,True,1,SAMPLE1_DRAW_GROUP
O=C(CSc1nc2ccccc2[nH]1)NN=Cc1ccccc1,True,1,COPLATED_IN_DECODED_WELL
O=C(CSc1nc2ccccc2s1)NN=Cc1cccs1,False,0,DECODED_SAME_PLATE_ION_0p01
O=C(CSc1nc2ccccc2s1)Nc1nccs1,True,1,SAMPLE1_DRAW_GROUP
O=C(CSc1nc2ncccc2c(=O)n1Cc1ccccc1)Nc1ccccc1,True,1,SAMPLE1_DRAW_GROUP
O=C(CSc1ncc[nH]1)Nc1cccc2nsnc12,True,1,SAMPLE1_DRAW_GROUP
O=C(CSc1ncccn1)Nc1nncs1,True,1,SAMPLE1_DRAW_GROUP
O=C(CSc1nccn1Cc1ccccc1)Nc1ccccc1,True,2,SAMPLE1_DRAW_GROUP
O=C(CSc1nccs1)Nc1cccc2nsnc12,True,1,SAMPLE1_DRAW_GROUP
O=C(CSc1ncnc2sc3c(c12)CCC3)Nc1ccccc1,True,1,SAMPLE1_DRAW_GROUP
O=C(CSc1nnc(-c2ccccc2)[nH]1)Nc1ccon1,True,1,SAMPLE1_DRAW_GROUP
O=C(CSc1nnc(-c2ccccc2)[nH]1)Nc1nnc(SCc2ccccc2)s1,True,1,SAMPLE1_DRAW_GROUP
O=C(CSc1nnc(-c2ccccc2)o1)N1CCOCC1,True,1,DECODED_SAME_PLATE_ION_0p01
O=C(CSc1nnc(-c2ccccc2)o1)Nc1c[nH]n(-c2ccccc2)c1=O,True,1,SAMPLE1_DRAW_GROUP
O=C(CSc1nnc(-c2ccco2)o1)Nc1ccc(-c2ccccc2)s1,True,1,SAMPLE1_DRAW_GROUP
O=C(CSc1nnc(-c2ccco2)o1)Nc1ccccc1,True,2,SAMPLE1_DRAW_GROUP
O=C(CSc1nnc(Cc2ccccc2)n1Cc1ccccc1)Nc1ccccc1,True,1,SAMPLE1_DRAW_GROUP
O=C(CSc1nnc(Cc2ccccc2)o1)Nc1ccon1,True,1,SAMPLE1_DRAW_GROUP
O=C(CSc1nnc2c(n1)[nH]c1ccccc12)Nc1ccccc1,True,1,DECODED_SAME_PLATE_ION_0p01
O=C(CSc1nnc2ccc(-c3ccccc3)nn12)NCCc1ccccc1,True,1,SAMPLE1_DRAW_GROUP
O=C(C[NH2+]CC(=O)Nc1ccccc1)Nc1ccccc1,False,0,COPLATED_IN_DECODED_WELL;DECODED_SAME_PLATE_ION_0p01;DECODED_SAME_WELL_ION_0p7
O=C(C[NH2+]Cc1ccccc1)Nc1ccccc1,False,0,COPLATED_IN_DECODED_WELL;DECODED_SAME_PLATE_ION_0p01;DECODED_SAME_WELL_ION_0p7
O=C(C[P+](c1ccccc1)(c1ccccc1)c1ccccc1)OCCc1cncs1,False,0,COPLATED_IN_DECODED_WELL;DECODED_SAME_PLATE_ION_0p01;DECODED_SAME_WELL_ION_0p7
O=C(C[PH](=O)CCCCc1ccccc1)N1CCC(C2CCCCC2)C1,True,1,COPLATED_IN_DECODED_WELL
O=C(C[SH+]Cc1ccco1)NCC=CCOc1cc(CN2CCCCC2)ccn1,True,1,COPLATED_IN_DECODED_WELL
O=C(Cc1[nH]nc2ccccc12)N1CCCC1,True,1,SAMPLE1_DRAW_GROUP
O=C(Cc1c[nH]c2ccccc12)N1CC(N2CC3CCCC3C2)C1,True,1,SAMPLE1_DRAW_GROUP
O=C(Cc1c[nH]c2ccccc12)NCc1nccnc1-c1ccco1,True,1,SAMPLE1_DRAW_GROUP
O=C(Cc1c[nH]c2ccccc12)NS(=O)(=O)c1ccccc1,True,1,SAMPLE1_DRAW_GROUP
O=C(Cc1c[nH]c2ccccc12)Nc1ccc2ocnc2c1,True,1,SAMPLE1_DRAW_GROUP
O=C(Cc1c[nH]c2ccccc12)Nc1n[nH]c(Cc2ccccc2)n1,True,1,SAMPLE1_DRAW_GROUP
O=C(Cc1cc(-c2cccs2)on1)NCCCc1ccccc1,True,1,SAMPLE1_DRAW_GROUP
O=C(Cc1cc(Nc2ncnc3ccccc23)n[nH]1)Nc1ccccc1,True,2,COPLATED_IN_DECODED_WELL
O=C(Cc1cc(OC2CCC2)ccn1)Nc1ccc(CCCCn2ccnn2)nn1,True,1,COPLATED_IN_DECODED_WELL;DECODED_SAME_PLATE_ION_0p01;DECODED_SAME_WELL_ION_0p7
O=C(Cc1cc2cc3ccoc3cc2oc1=O)NCCc1c[nH]c2ccccc12,True,1,SAMPLE1_DRAW_GROUP
O=C(Cc1cc2ccccc2oc1=O)N1CCOCC1,True,1,DECODED_SAME_PLATE_ION_0p01
O=C(Cc1cc2ccccc2oc1=O)Nc1ccc(Cn2cncn2)cc1,True,1,SAMPLE1_DRAW_GROUP
O=C(Cc1cc[nH]n1)N1CCCC(N2CCNC2=O)C1,True,1,SAMPLE1_DRAW_GROUP
O=C(Cc1cc[nH]n1)NC1CCC(Cn2ccnc2-c2ccccc2)C1,True,1,SAMPLE1_DRAW_GROUP
O=C(Cc1ccc(-c2ccc(=O)[nH]c2)cc1)Nc1ccon1,True,1,COPLATED_IN_DECODED_WELL
O=C(Cc1ccc(-c2ccc(OCCN3CCOCC3)cc2)cn1)NCc1ccccc1,True,1,COPLATED_IN_DECODED_WELL;DECODED_SAME_WELL_ION_0p7
O=C(Cc1ccc(-c2ccncc2)cc1)Nc1ccc(-c2cccnc2)cc1,True,1,DECODED_SAME_PLATE_ION_0p01
O=C(Cc1ccc(-c2ccncc2)nc1)Nc1ccc(N2CCNCC2)cn1,True,1,COPLATED_IN_DECODED_WELL
O=C(Cc1ccc(C2CC2)cc1)Nc1ccn(Cc2ccccn2)n1,True,1,DECODED_SAME_PLATE_ION_0p01
O=C(Cc1ccc2c(c1)C=CCO2)c1ccc2c(c1)CCCO2,True,1,DECODED_SAME_PLATE_ION_0p01
O=C(Cc1ccc2c(c1)OCCO2)N1CCCCC1,True,1,SAMPLE1_DRAW_GROUP
O=C(Cc1ccc2c(c1)OCO2)N(Cc1ccco1)c1nc2ccccc2s1,True,1,SAMPLE1_DRAW_GROUP
O=C(Cc1ccc2c(c1)OCO2)Nc1nc(-c2ccc3c(c2)CCN3C(=O)c2ccccc2)cs1,True,1,COPLATED_IN_DECODED_WELL
O=C(Cc1ccc2ccccc2c1)Nc1cc(C2CCC2)[nH]n1,True,1,COPLATED_IN_DECODED_WELL;DECODED_SAME_PLATE_ION_0p01;DECODED_SAME_WELL_ION_0p7
O=C(Cc1ccc2ccccc2c1)Nc1cccc2c1C(=O)NC2=O,True,1,SAMPLE1_DRAW_GROUP
O=C(Cc1ccc2cn[nH]c2c1)N1CCCCC1,True,1,SAMPLE1_DRAW_GROUP
O=C(Cc1ccc2oc(Cc3cnoc3)cc2c1)NC(c1ccccc1)c1ccccc1,True,1,COPLATED_IN_DECODED_WELL;DECODED_SAME_PLATE_ION_0p01;SAMPLE1_DRAW_GROUP
O=C(Cc1cccc(Oc2ccccc2)c1)Nc1ccccc1,True,1,COPLATED_IN_DECODED_WELL
O=C(Cc1cccc2ccccc12)Nc1ccc2nccnc2c1,True,1,SAMPLE1_DRAW_GROUP
O=C(Cc1cccc2ccccc12)Nc1ccccc1,True,5,DECODED_SAME_PLATE_ION_0p01
O=C(Cc1ccccc1)N1CCC(N2CCCCC2)CC1,True,1,SAMPLE1_DRAW_GROUP
O=C(Cc1ccccc1)N1CCC(Oc2ccncc2)CC1,True,1,SAMPLE1_DRAW_GROUP
O=C(Cc1ccccc1)N1CCC(c2ccsc2)CC1,True,1,SAMPLE1_DRAW_GROUP
O=C(Cc1ccccc1)N1CCC=N1,True,2,SAMPLE1_DRAW_GROUP
O=C(Cc1ccccc1)N1CCCC(c2cn[nH]c2)C1,True,1,SAMPLE1_DRAW_GROUP
O=C(Cc1ccccc1)N1CCCC1,True,6,COPLATED_IN_DECODED_WELL;DECODED_SAME_PLATE_ION_0p01
O=C(Cc1ccccc1)N1CCCC1c1cn[nH]c1,True,1,SAMPLE1_DRAW_GROUP
O=C(Cc1ccccc1)N1CCCC1c1ncc(-c2ccc3c(c2)COc2cc4c(ccc5[nH]c(C6CCCN6)nc54)cc2-3)[nH]1,True,1,COPLATED_IN_DECODED_WELL
O=C(Cc1ccccc1)N1CCCN(C2CCOC2)CC1,True,2,SAMPLE1_DRAW_GROUP
O=C(Cc1ccccc1)N1CCN(c2ccccc2)CC1,True,6,COPLATED_IN_DECODED_WELL;DECODED_SAME_PLATE_ION_0p01;DECODED_SAME_WELL_ION_0p7
O=C(Cc1ccccc1)N1CCN(c2cccnn2)CC1,True,1,SAMPLE1_DRAW_GROUP
O=C(Cc1ccccc1)N1CCN(c2ncnc3c2CCC3)CC1,True,1,DECODED_SAME_PLATE_ION_0p01
O=C(Cc1ccccc1)N1CCc2c[nH]c3cccc(c23)C1,True,1,SAMPLE1_DRAW_GROUP
O=C(Cc1ccccc1)N1CCc2cc(-c3c[nH]c4ncncc34)ccc21,True,2,COPLATED_IN_DECODED_WELL
O=C(Cc1ccccc1)N1CCc2ccccc2C1,True,2,COPLATED_IN_DECODED_WELL
O=C(Cc1ccccc1)N1Cc2ccc(S(=O)(=O)Nc3cnn(C4CCC4)n3)cc2C1,True,1,DECODED_SAME_PLATE_ION_0p01
O=C(Cc1ccccc1)NC(=NOCC1CC1)c1ccccc1,False,0,EXPOSED_POPULATION:V2-DEVELOPMENT-POPULATION;EXPOSED_POPULATION:WUR-POS-IDENTITY;EXPOSED_POPULATION:WUR-SEALED
O=C(Cc1ccccc1)NC(=S)Nc1cccc2ccccc12,True,1,SAMPLE1_DRAW_GROUP
O=C(Cc1ccccc1)NC(c1ccccc1)C1CCCC1,True,1,SAMPLE1_DRAW_GROUP
O=C(Cc1ccccc1)NC1C(=O)N2C(C(=O)OCOC(=O)C3CS(=O)(=O)C4CC(=O)N34)CSC12,True,1,COPLATED_IN_DECODED_WELL
O=C(Cc1ccccc1)NC1C(=O)N2C(C(=O)OCc3coc(=O)o3)CSC12,True,1,COPLATED_IN_DECODED_WELL
O=C(Cc1ccccc1)NC1C(=O)N2C=C(CSc3nnn[nH]3)COC12,True,1,COPLATED_IN_DECODED_WELL
O=C(Cc1ccccc1)NC1C(=O)N2C=C(CSc3nnn[nH]3)CSC12,True,3,COPLATED_IN_DECODED_WELL;DECODED_SAME_PLATE_ION_0p01
O=C(Cc1ccccc1)NC1C(=O)N2C=C(C[n+]3ccccc3)CSC12,False,0,COPLATED_IN_DECODED_WELL;DECODED_SAME_WELL_ION_0p7
O=C(Cc1ccccc1)NC1C(=O)N2C=CCSC12,True,4,COPLATED_IN_DECODED_WELL;DECODED_SAME_PLATE_ION_0p01
O=C(Cc1ccccc1)NC1C(=O)N2CCSC12,True,5,COPLATED_IN_DECODED_WELL;DECODED_SAME_PLATE_ION_0p01;DECODED_SAME_WELL_ION_0p7
O=C(Cc1ccccc1)NC1CCC(Cn2cccn2)C1,True,1,SAMPLE1_DRAW_GROUP
O=C(Cc1ccccc1)NC1CCCN(c2nccc(=O)[nH]2)C1,True,1,SAMPLE1_DRAW_GROUP
O=C(Cc1ccccc1)NC1CCCc2c[nH]nc21,True,1,SAMPLE1_DRAW_GROUP
O=C(Cc1ccccc1)NC1CCc2nn[nH]c2C1,True,1,SAMPLE1_DRAW_GROUP
O=C(Cc1ccccc1)NCC(=O)N1CCCC1,True,1,SAMPLE1_DRAW_GROUP
O=C(Cc1ccccc1)NCC(=O)N1CCN(c2ccccn2)CC1,True,1,SAMPLE1_DRAW_GROUP
O=C(Cc1ccccc1)NCC(c1cccs1)N1CCc2ccccc21,True,1,SAMPLE1_DRAW_GROUP
O=C(Cc1ccccc1)NCC1CN(c2ccccc2)C(=O)O1,True,1,SAMPLE1_DRAW_GROUP
O=C(Cc1ccccc1)NCCCc1ccccc1,True,1,DECODED_SAME_PLATE_ION_0p01
O=C(Cc1ccccc1)NCCCc1ccsc1,True,2,SAMPLE1_DRAW_GROUP
O=C(Cc1ccccc1)NCCCc1cnc2ncnn2c1,True,1,COPLATED_IN_DECODED_WELL;DECODED_SAME_PLATE_ION_0p01;DECODED_SAME_WELL_ION_0p7
O=C(Cc1ccccc1)NCCc1ccccc1,False,0,EXPOSED_POPULATION:V2-DEVELOPMENT-POPULATION;EXPOSED_POPULATION:WUR-POS-IDENTITY;EXPOSED_POPULATION:WUR-SEALED
O=C(Cc1ccccc1)NCCc1csc(-n2cccn2)n1,True,1,SAMPLE1_DRAW_GROUP
O=C(Cc1ccccc1)NCCc1nc2cccnc2[nH]1,True,1,SAMPLE1_DRAW_GROUP
O=C(Cc1ccccc1)NCc1ccc(-c2nccs2)cc1,True,1,SAMPLE1_DRAW_GROUP
O=C(Cc1ccccc1)NCc1ccc2[nH]cnc2c1,True,1,SAMPLE1_DRAW_GROUP
O=C(Cc1ccccc1)NCc1ccccc1,True,4,COPLATED_IN_DECODED_WELL
O=C(Cc1ccccc1)NCc1ccccc1N1CCCCC1,True,1,COPLATED_IN_DECODED_WELL;DECODED_SAME_PLATE_ION_0p01;DECODED_SAME_WELL_ION_0p7
O=C(Cc1ccccc1)NCc1ccncc1,True,1,COPLATED_IN_DECODED_WELL
O=C(Cc1ccccc1)NCc1nccc(N2CCCCC2)n1,True,1,SAMPLE1_DRAW_GROUP
O=C(Cc1ccccc1)NS(=O)(=O)Cc1ccc(N2Cc3cc4ncccc4cc3C2=O)cc1,True,1,DECODED_SAME_PLATE_ION_0p01
O=C(Cc1ccccc1)NS(=O)(=O)Oc1ccccc1,True,1,COPLATED_IN_DECODED_WELL
O=C(Cc1ccccc1)Nc1ccc(-c2ccccc2)cc1,True,3,DECODED_SAME_PLATE_ION_0p01
O=C(Cc1ccccc1)Nc1ccc(-c2ccn[nH]2)cc1,True,1,SAMPLE1_DRAW_GROUP
O=C(Cc1ccccc1)Nc1ccc(CCCCc2nncs2)nn1,True,1,COPLATED_IN_DECODED_WELL
O=C(Cc1ccccc1)Nc1ccc(Oc2ccnc3ccccc23)cc1,True,1,COPLATED_IN_DECODED_WELL
O=C(Cc1ccccc1)Nc1ccc2c(c1)NCC2,True,2,SAMPLE1_DRAW_GROUP
O=C(Cc1ccccc1)Nc1ccc2cnccc2c1,True,1,COPLATED_IN_DECODED_WELL;DECODED_SAME_PLATE_ION_0p01;DECODED_SAME_WELL_ION_0p7
O=C(Cc1ccccc1)Nc1cccc(-c2nc3ccccc3o2)c1,True,1,SAMPLE1_DRAW_GROUP
O=C(Cc1ccccc1)Nc1cccc2c(=O)[nH][nH]c(=O)c12,True,1,SAMPLE1_DRAW_GROUP
O=C(Cc1ccccc1)Nc1ccccc1,False,0,DECODED_SAME_PLATE_ION_0p01;EXPOSED_POPULATION:LCSB-ALL-MASSBANK-V1-EXPOSURE-SET;EXPOSED_POPULATION:LCSB-DEV;EXPOSED_POPULATION:LCSB-POS-V2-SPECTRA;EXPOSED_POPULATION:V2-DEVELOPMENT-POPULATION;EXPOSED_POPULATION:WUR-DEV-ANALYSIS;EXPOSED_POPULATION:WUR-POS-IDENTITY
O=C(Cc1ccccc1)Nc1ccccn1,True,5,DECODED_SAME_PLATE_ION_0p01
O=C(Cc1ccccc1)Nc1cnc(N2CCNCC2)cc1-c1ccccc1,True,1,COPLATED_IN_DECODED_WELL;DECODED_SAME_PLATE_ION_0p01
O=C(Cc1ccccc1)OC1CC2C3OC3C(C1)[NH+]2CC1CC1,False,0,COPLATED_IN_DECODED_WELL;DECODED_SAME_PLATE_ION_0p01;DECODED_SAME_WELL_ION_0p7
O=C(Cc1ccccc1)OC1CC2CCC(C1)N2,False,0,COPLATED_IN_DECODED_WELL;DECODED_SAME_PLATE_ION_0p01;DECODED_SAME_WELL_ION_0p7;EXPOSED_POPULATION:V2-DEVELOPMENT-POPULATION;EXPOSED_POPULATION:WUR-DEV-HOLD;EXPOSED_POPULATION:WUR-POS-IDENTITY;MSNLIB_ANCHOR_CENSUS_DESIGN;MSNLIB_ANCHOR_CENSUS_DETECTED;MSNLIB_ANCHOR_GATE_CALIBRATION
O=C(Cc1ccccc1)OC1CC2CCC(C1)[NH2+]2,False,0,COPLATED_IN_DECODED_WELL;DECODED_SAME_PLATE_ION_0p01;DECODED_SAME_WELL_ION_0p7
O=C(Cc1ccccc1)OC1CC2NC(C1)C1OC21,False,0,EXPOSED_POPULATION:ENTACT-MIX-LISTS-499-503-505;EXPOSED_POPULATION:LCSB-ALL-MASSBANK-V1-EXPOSURE-SET;EXPOSED_POPULATION:LCSB-DEV;EXPOSED_POPULATION:LCSB-POS-V2-SPECTRA;EXPOSED_POPULATION:V2-DEVELOPMENT-POPULATION;EXPOSED_POPULATION:WUR-DEV-ANALYSIS;EXPOSED_POPULATION:WUR-POS-IDENTITY
O=C(Cc1ccccc1)OC1CCCCC1,True,1,COPLATED_IN_DECODED_WELL;DECODED_SAME_PLATE_ION_0p01
O=C(Cc1ccccc1)OC1CCCCO1,True,1,COPLATED_IN_DECODED_WELL
O=C(Cc1ccccc1)OCCNC(=O)c1ccc2ccccc2n1,True,1,SAMPLE1_DRAW_GROUP
O=C(Cc1ccccc1)OCc1cccc(Oc2ccccc2)c1,False,0,EXPOSED_POPULATION:ENTACT-MIX-LISTS-499-503-505;EXPOSED_POPULATION:V2-DEVELOPMENT-POPULATION;EXPOSED_POPULATION:WUR-DEV-ANALYSIS;EXPOSED_POPULATION:WUR-POS-IDENTITY
O=C(Cc1ccccc1)OCc1ccccn1,True,1,COPLATED_IN_DECODED_WELL;DECODED_SAME_PLATE_ION_0p01;DECODED_SAME_WELL_ION_0p7
O=C(Cc1ccccc1)c1ccccc1,False,0,DECODED_SAME_PLATE_ION_0p01;EXPOSED_POPULATION:V2-DEVELOPMENT-POPULATION;EXPOSED_POPULATION:WUR-DEV-HOLD;EXPOSED_POPULATION:WUR-POS-IDENTITY
O=C(Cc1ccccn1)N1CCc2cc(-c3c[nH]c4ncncc34)ccc21,False,0,DECODED_SAME_PLATE_ION_0p01
O=C(Cc1ccccn1)NCCc1ccccc1,True,1,SAMPLE1_DRAW_GROUP
O=C(Cc1cccn1-c1ccccc1)NCc1cccnc1,True,1,SAMPLE1_DRAW_GROUP
O=C(Cc1cccnc1)c1cccnc1,True,1,DECODED_SAME_PLATE_ION_0p01
O=C(Cc1ccco1)c1ccccc1,True,1,COPLATED_IN_DECODED_WELL
O=C(Cc1cccs1)NC1BOCCC1,True,1,COPLATED_IN_DECODED_WELL
O=C(Cc1cccs1)NC1C(=O)N2C=CCSC12,True,2,COPLATED_IN_DECODED_WELL;DECODED_SAME_PLATE_ION_0p01
O=C(Cc1cccs1)NCCn1ccc(-c2ccsc2)n1,True,1,SAMPLE1_DRAW_GROUP
O=C(Cc1cccs1)Nc1ccc2c(c1)CC(=O)N2,True,1,SAMPLE1_DRAW_GROUP
O=C(Cc1ccno1)N1CCC(OCCN2CCCC2)CC1,True,1,SAMPLE1_DRAW_GROUP
O=C(Cc1ccsc1)NC1C(=O)N2CCSC12,True,1,COPLATED_IN_DECODED_WELL
O=C(Cc1ccsc1)NC1CCN(c2ccc(-c3ccccc3)nn2)CC1,True,1,SAMPLE1_DRAW_GROUP
O=C(Cc1cn(C(=O)c2ccccc2)c2ccccc12)N1CCOCC1,True,1,DECODED_SAME_PLATE_ION_0p01
O=C(Cc1cn2ccsc2n1)N1CCC2(CC1)CN(C1CCc3cc(-c4ccncn4)ccc31)C2,False,0,COPLATED_IN_DECODED_WELL;DECODED_SAME_PLATE_ION_0p01
O=C(Cc1cn[nH]c1)N1CCCC1,True,2,SAMPLE1_DRAW_GROUP
O=C(Cc1cnoc1)NCC(c1cccs1)n1cccn1,True,1,SAMPLE1_DRAW_GROUP
O=C(Cc1csc(-c2ccccc2)n1)NCCc1ccccc1,True,8,SAMPLE1_DRAW_GROUP
O=C(Cc1csc(-c2ncccn2)n1)NCc1ccc2c(c1)CC(=O)N2,True,1,SAMPLE1_DRAW_GROUP
O=C(Cc1csc(-n2cccc2)n1)NC(c1ccccc1)c1nc2ccccc2[nH]1,True,1,SAMPLE1_DRAW_GROUP
O=C(Cc1csc(Cc2ccccc2)n1)NCCCCN1CCN(c2ccccc2)CC1,True,1,SAMPLE1_DRAW_GROUP
O=C(Cc1csc(NS(=O)(=O)c2ccccc2)n1)N1CCNCC1,True,1,COPLATED_IN_DECODED_WELL;DECODED_SAME_PLATE_ION_0p01;DECODED_SAME_WELL_ION_0p7
O=C(Cc1cscn1)Nc1ccc(CCNCCc2ccccc2)cc1,True,1,DECODED_SAME_PLATE_ION_0p01
O=C(Cc1n[nH]c(=O)c2ccccc12)Nc1ccc(CN2CCNCC2)cc1,True,1,COPLATED_IN_DECODED_WELL;DECODED_SAME_PLATE_ION_0p01;DECODED_SAME_WELL_ION_0p7
O=C(Cc1n[nH]c(=O)c2ccccc12)Nc1cccc(S(=O)(=O)Nc2ccccc2)c1,True,1,COPLATED_IN_DECODED_WELL
O=C(Cc1n[nH]c2c1CCCC2)NC1CCCN(C(=O)N2CCCC2)C1,True,1,SAMPLE1_DRAW_GROUP
O=C(Cc1nc(=O)cc(N2CCOCC2)[nH]1)N1CCc2ccccc21,True,1,DECODED_SAME_PLATE_ION_0p01
O=C(Cc1nncs1)NN=Cc1ccccc1OCc1ccccc1,True,1,SAMPLE1_DRAW_GROUP
O=C(Cc1noc2ccccc12)N1CC2CCCC2(COc2ncccn2)C1,True,1,SAMPLE1_DRAW_GROUP
O=C(Cn1c(=O)[nH]c(=O)c2sc(N3CCCC3)nc21)Nc1ccccc1,True,1,SAMPLE1_DRAW_GROUP
O=C(Cn1c(=O)[nH]c2ccc(S(=O)(=O)NC3CCCCC3)cc2c1=O)N1CCCC1,True,1,SAMPLE1_DRAW_GROUP
O=C(Cn1c(=O)[nH]c2ccccc2c1=O)Nc1ncc(-c2nnco2)s1,True,1,DECODED_SAME_PLATE_ION_0p01
O=C(Cn1c(=O)[nH]c2cnc(-c3ccccc3)nc21)NCc1ccccc1,True,1,SAMPLE1_DRAW_GROUP
O=C(Cn1c(=O)c2nncn2c2ccccc21)N1CCN(c2ccccc2)CC1,True,1,SAMPLE1_DRAW_GROUP
O=C(Cn1c(=O)cnc2cc(C(=O)NC3CC3)ccc21)Nc1ccccc1,True,1,SAMPLE1_DRAW_GROUP
O=C(Cn1c(SCc2ccccc2)nc(=O)c2c1CCC2)NCc1ccc(-c2ccccc2)cc1,True,1,COPLATED_IN_DECODED_WELL
O=C(Cn1cc(S(=O)(=O)N2CCCC2)ccc1=O)c1ccc(-c2ccccc2)cc1,True,1,COPLATED_IN_DECODED_WELL;DECODED_SAME_PLATE_ION_0p01
O=C(Cn1ccc(=O)[nH]c1=O)N1CCCC1c1cccc2ccccc12,True,1,SAMPLE1_DRAW_GROUP
O=C(Cn1ccc(=O)cc1)NC1C(=O)N2C=C(CSc3nncs3)CSC12,True,1,COPLATED_IN_DECODED_WELL;DECODED_SAME_PLATE_ION_0p01;DECODED_SAME_WELL_ION_0p7
O=C(Cn1ccc(=O)cc1)NCCc1nc2ccccc2[nH]1,True,1,SAMPLE1_DRAW_GROUP
O=C(Cn1ccc(=O)cc1)NCCc1nnc2ccccn12,True,1,SAMPLE1_DRAW_GROUP
O=C(Cn1ccc(=O)cc1CN1CCCCC1)Nc1ccccc1,True,1,SAMPLE1_DRAW_GROUP
O=C(Cn1ccc2ccccc21)NCCCc1cnc2ccnn2c1,True,1,SAMPLE1_DRAW_GROUP
O=C(Cn1cccc1)NCCCn1ccc2ccccc21,True,1,SAMPLE1_DRAW_GROUP
O=C(Cn1cccc1)NCc1nc2ccccc2[nH]1,True,1,SAMPLE1_DRAW_GROUP
O=C(Cn1cccc1)Nc1ccn2nnnc2c1,True,1,SAMPLE1_DRAW_GROUP
O=C(Cn1cccn1)C1CCC2C1CCC1C3CCCCC3CCC12,True,1,COPLATED_IN_DECODED_WELL
O=C(Cn1cccn1)N1CCC(c2nc(C3=NOC(c4ccccc4)C3)cs2)CC1,False,0,EXPOSED_POPULATION:V2-DEVELOPMENT-POPULATION;EXPOSED_POPULATION:WUR-POS-IDENTITY;EXPOSED_POPULATION:WUR-SEALED
O=C(Cn1cccn1)N1CCCC1,True,1,SAMPLE1_DRAW_GROUP
O=C(Cn1cccn1)NC1(c2ccccc2)CC1,True,1,SAMPLE1_DRAW_GROUP
O=C(Cn1ccnc1C1CC1)Nc1ccccc1,True,1,SAMPLE1_DRAW_GROUP
O=C(Cn1ccnn1)Nc1ccc(Nc2ncnc3ccccc23)cc1,True,1,DECODED_SAME_PLATE_ION_0p01
O=C(Cn1cnc(-c2ccccc2)cc1=O)NCCC(c1ccccc1)c1ccccc1,True,1,SAMPLE1_DRAW_GROUP
O=C(Cn1cnc(-c2cccs2)cc1=O)Nc1ccccc1,True,1,SAMPLE1_DRAW_GROUP
O=C(Cn1cnc2[nH]c(=O)[nH]c(=O)c21)Nc1ccc(-c2ccccc2)nn1,True,1,DECODED_SAME_PLATE_ION_0p01
O=C(Cn1cnc2c(nnn2-c2ccccc2)c1=O)NCc1ccccc1CN1CCCC1=O,True,1,SAMPLE1_DRAW_GROUP
O=C(Cn1cnc2c(nnn2-c2ccccc2)c1=O)Nc1ccccc1,True,1,SAMPLE1_DRAW_GROUP
O=C(Cn1cnc2ccccc2c1=O)NC1CCc2ccccc21,True,1,SAMPLE1_DRAW_GROUP
O=C(Cn1cnc2oncc2c1=O)NCCCN1CCN(C2CCCCC2)CC1,True,1,SAMPLE1_DRAW_GROUP
O=C(Cn1cnc2oncc2c1=O)NCCc1ccccc1,True,2,SAMPLE1_DRAW_GROUP
O=C(Cn1cnc2sccc2c1=O)Nc1ncno1,True,1,SAMPLE1_DRAW_GROUP
O=C(Cn1cnccc1=O)N1CCN(c2cc(-c3ccccc3)ncn2)CC1,True,1,SAMPLE1_DRAW_GROUP
O=C(Cn1cnnn1)NC1C(=O)N2C=C(CSc3nncs3)CSC12,True,2,COPLATED_IN_DECODED_WELL;DECODED_SAME_WELL_ION_0p7
O=C(Cn1cnnn1)Nc1nnc(CCc2ccccc2)s1,True,1,SAMPLE1_DRAW_GROUP
O=C(Cn1nc(-c2ccccc2)c2ccccc2c1=O)Nc1ccc2ncoc2c1,True,1,DECODED_SAME_PLATE_ION_0p01
O=C(Cn1nc(-c2ccccc2)ccc1=O)N1CCOCC1,True,1,SAMPLE1_DRAW_GROUP
O=C(Cn1nc(-c2ccccc2)ccc1=O)Nc1nccs1,True,1,SAMPLE1_DRAW_GROUP
O=C(Cn1nc(C(=O)Nc2ccccc2)ccc1=O)NCc1ccccc1,True,1,SAMPLE1_DRAW_GROUP
O=C(Cn1nc2[nH]c(=O)c3[nH]cc(-c4ccccc4)c3n2c1=O)Nc1ccccc1,True,1,SAMPLE1_DRAW_GROUP
O=C(Cn1nc2c(cc1=O)CCC2)NCc1cccnc1,True,2,SAMPLE1_DRAW_GROUP
O=C(Cn1ncc2c1CCOC2)NCc1nccs1,True,1,SAMPLE1_DRAW_GROUP
O=C(Cn1nccc1C1CC1)Nc1ccon1,True,1,SAMPLE1_DRAW_GROUP
O=C(Cn1ncn2nc(-c3ccccc3)cc2c1=O)N1CCN(c2ccccn2)CC1,True,1,SAMPLE1_DRAW_GROUP
O=C(Cn1nnc(-c2ccccc2)n1)NC1CCC(Nc2ncnc(NCC3CC3)n2)CC1,True,1,COPLATED_IN_DECODED_WELL;SAMPLE1_DRAW_GROUP
O=C(Cn1nnc(-c2ccccc2)n1)NN=Cc1ccccc1,True,1,DECODED_SAME_PLATE_ION_0p01
O=C(Cn1nnc2ccccc2c1=O)N1CCNCC1,True,2,SAMPLE1_DRAW_GROUP
O=C(N1CCCC1)n1ccnn1,True,1,COPLATED_IN_DECODED_WELL
O=C(N1CCCCCC1)N1CCN(C(=O)N2CCOCC2)CC1,True,1,SAMPLE1_DRAW_GROUP
O=C(N1CCN(c2ccncn2)CC1)C1(c2ccccc2)CC1,True,1,SAMPLE1_DRAW_GROUP
O=C(N1CCNCC1Cc1ccccc1)n1ncc(-c2ccccc2)n1,True,1,COPLATED_IN_DECODED_WELL
O=C(N=C(NC(=O)OCc1ccccc1)n1cccn1)OCc1ccccc1,True,1,SAMPLE1_DRAW_GROUP
O=C(N=CNc1ccccc1)c1cnccn1,True,1,COPLATED_IN_DECODED_WELL;DECODED_SAME_PLATE_ION_0p01;DECODED_SAME_WELL_ION_0p7
O=C(N=Nc1c[nH]c2ccccc12)c1ccccc1,False,0,DECODED_SAME_PLATE_ION_0p01
O=C(N=Nc1c[nH]c2ccccc12)c1cn(Cc2ccccc2)nn1,True,1,COPLATED_IN_DECODED_WELL;DECODED_SAME_PLATE_ION_0p01
O=C(N=c1cc[nH]cc1)c1cccc(OCC2CC2)c1,True,1,COPLATED_IN_DECODED_WELL
O=C(N=c1nc2cc(OCCCN3CCOCC3)ccc2c2n1CCN2)c1cncnc1,True,1,COPLATED_IN_DECODED_WELL
O=C(N=c1nc2ccccc2c2n1CCN2)c1cccnc1,True,1,DECODED_SAME_PLATE_ION_0p01
O=C(NC(=O)c1ccccc1)Nc1ccc(Oc2ccccc2)cc1,False,0,EXPOSED_POPULATION:V2-DEVELOPMENT-POPULATION;EXPOSED_POPULATION:WUR-NEG-D6-EXCLUDED;EXPOSED_POPULATION:WUR-POS-IDENTITY;EXPOSED_POPULATION:WUR-SEALED
O=C(NC(=O)c1ccccc1)Nc1cccc(Oc2ccccn2)c1,False,0,EXPOSED_POPULATION:V2-DEVELOPMENT-POPULATION;EXPOSED_POPULATION:WUR-DEV-ANALYSIS;EXPOSED_POPULATION:WUR-POS-IDENTITY
O=C(NC(=O)c1ccccc1)Nc1ccccc1,False,0,COPLATED_IN_DECODED_WELL;EXPOSED_POPULATION:ENTACT-MIX-LISTS-499-503-505;EXPOSED_POPULATION:LCSB-ALL-MASSBANK-V1-EXPOSURE-SET;EXPOSED_POPULATION:LCSB-NEG;EXPOSED_POPULATION:V2-DEVELOPMENT-POPULATION;EXPOSED_POPULATION:WUR-DEV-HOLD;EXPOSED_POPULATION:WUR-NEG-DEV;EXPOSED_POPULATION:WUR-POS-IDENTITY
O=C(NC(=O)c1ccccc1)Nc1ccccc1N1CCCCC1,False,0,EXPOSED_POPULATION:LCSB-ALL-MASSBANK-V1-EXPOSURE-SET;EXPOSED_POPULATION:LCSB-CONFIRMATION;EXPOSED_POPULATION:LCSB-NEG
O=C(NC(=S)N1CCCC1)c1ccccc1,True,1,SAMPLE1_DRAW_GROUP
O=C(NC(=S)N1CCNCC1)c1ccccc1,True,1,SAMPLE1_DRAW_GROUP
O=C(NC(=S)NCc1ccco1)c1ccc2c(c1)OCO2,True,1,SAMPLE1_DRAW_GROUP
O=C(NC(=S)NNc1ncnc2sc3c(c12)CCCC3)c1ccccc1,True,1,SAMPLE1_DRAW_GROUP
O=C(NC(=S)Nc1ccccc1)c1ccccc1,True,4,DECODED_SAME_PLATE_ION_0p01
O=C(NC(=S)Nc1ccccc1)c1cccs1,True,2,SAMPLE1_DRAW_GROUP
O=C(NC(=S)Nc1ccccn1)c1ccc(N2CCCCC2)cc1,True,1,DECODED_SAME_PLATE_ION_0p01
O=C(NC(C(=O)NN=Cc1ccccc1)c1n[nH]c(=O)c2ccccc12)c1ccccc1,True,1,DECODED_SAME_PLATE_ION_0p01
O=C(NC(CC(=O)N1CCCC1)Cc1ccccc1)c1cc2ccccc2[nH]1,False,0,COPLATED_IN_DECODED_WELL;DECODED_SAME_PLATE_ION_0p01;DECODED_SAME_WELL_ION_0p7;EXPOSED_POPULATION:ENTACT-MIX-LISTS-499-503-505;EXPOSED_POPULATION:LCSB-ALL-MASSBANK-V1-EXPOSURE-SET;EXPOSED_POPULATION:LCSB-DEV;EXPOSED_POPULATION:LCSB-NEG;EXPOSED_POPULATION:LCSB-POS-V2-SPECTRA;EXPOSED_POPULATION:LCSB-RAW-MIX-REPLICATE-SET-92;EXPOSED_POPULATION:LCSB-RAW-MIXES-499-503-505;EXPOSED_POPULATION:V2-DEVELOPMENT-POPULATION;MSNLIB_ANCHOR_CENSUS_DESIGN;MSNLIB_ANCHOR_CENSUS_DETECTED;MSNLIB_ANCHOR_GATE_CALIBRATION
O=C(NC(CCN1C2CCC1CC(n1cnnc1)C2)c1ccccc1)C1CCCCC1,True,1,COPLATED_IN_DECODED_WELL
O=C(NC(CCN1C2CCC1CC1(C2)CN(C2CC2)C(=O)CO1)c1ccccc1)C1CCC1,True,1,SAMPLE1_DRAW_GROUP
O=C(NC(CCN1CCC2CCCCC2C1)CSc1ccccc1)c1ccccc1,True,1,COPLATED_IN_DECODED_WELL;DECODED_SAME_PLATE_ION_0p01;DECODED_SAME_WELL_ION_0p7
O=C(NC(CCNS(=O)(=O)c1ccccc1)Cc1ccccc1)OC1CCOC1,True,2,COPLATED_IN_DECODED_WELL;DECODED_SAME_PLATE_ION_0p01
O=C(NC(CCNS(=O)(=O)c1ccccc1)Cc1ccccc1)OC1COC2OCCC12,True,1,COPLATED_IN_DECODED_WELL;DECODED_SAME_PLATE_ION_0p01;DECODED_SAME_WELL_ION_0p7
O=C(NC(Cc1c[nH]c2ccccc12)c1nc2ccccc2[nH]1)c1ccccc1,True,1,SAMPLE1_DRAW_GROUP
O=C(NC(Cc1ccccc1)C(=O)N1CCC(Cn2cncn2)(C2CCCCC2)CC1)C1Cc2ccccc2CN1,True,1,COPLATED_IN_DECODED_WELL
O=C(NC(Cc1ccccc1)C(=O)N1CCCCC1)C1CCCCC1,True,1,SAMPLE1_DRAW_GROUP
O=C(NC(Cc1ccccc1)C(=O)NC1CC1)C1CCCCC1,True,1,SAMPLE1_DRAW_GROUP
O=C(NC(Cc1ccccc1)C(=O)Nc1cccc2ccccc12)C1CCCCC1,True,1,DECODED_SAME_PLATE_ION_0p01
O=C(NC(Cc1ccccc1)C(=O)Nc1ccccc1)c1ccccc1,True,3,COPLATED_IN_DECODED_WELL;DECODED_SAME_PLATE_ION_0p01
O=C(NC(Cc1ccccc1)C(=O)Nc1ccon1)c1ccccc1,True,5,SAMPLE1_DRAW_GROUP
O=C(NC(Cc1ccccc1)C1CC1)C1CCCN(C(=O)N2CCCC2)C1,True,1,SAMPLE1_DRAW_GROUP
O=C(NC(c1ccccc1)C1CCCC1)N1CCS(=O)(=O)CC1,True,1,SAMPLE1_DRAW_GROUP
O=C(NC(c1ccccc1)c1ccccc1)C1CCC2CCNCCC(=O)N21,True,1,COPLATED_IN_DECODED_WELL;DECODED_SAME_PLATE_ION_0p01;DECODED_SAME_WELL_ION_0p7
O=C(NC(c1ccccc1)c1ccccc1)C1CCCC1,True,1,COPLATED_IN_DECODED_WELL;DECODED_SAME_PLATE_ION_0p01;DECODED_SAME_WELL_ION_0p7
O=C(NC(c1ccccc1)c1ccccc1)c1cnc(-c2cccnn2)[nH]c1=O,True,1,DECODED_SAME_PLATE_ION_0p01
O=C(NC(c1ccccc1)c1ccccc1)c1cnccn1,True,1,SAMPLE1_DRAW_GROUP
O=C(NC1(C(=O)NS(=O)(=O)C2CC2)CC1)C1CC(Oc2nccc3ccccc23)CN1,True,1,COPLATED_IN_DECODED_WELL;DECODED_SAME_PLATE_ION_0p01;DECODED_SAME_WELL_ION_0p7;SAMPLE1_DRAW_GROUP
O=C(NC1(C(=O)Nc2ccccc2)CCCCC1)c1ccccc1,True,1,DECODED_SAME_PLATE_ION_0p01
O=C(NC1(c2ccncc2)CC1)c1cncc2c1cnn2-c1ccccc1,True,1,DECODED_SAME_PLATE_ION_0p01
O=C(NC12COCC1C2)c1cnn2ccccc12,True,1,SAMPLE1_DRAW_GROUP
O=C(NC1=CC(=O)C2OC2C1)c1ccccc1,True,1,COPLATED_IN_DECODED_WELL;DECODED_SAME_PLATE_ION_0p01;DECODED_SAME_WELL_ION_0p7
O=C(NC1C(=O)N2CCSC12)C(NC(=O)N1CCNC1=O)c1ccccc1,True,2,COPLATED_IN_DECODED_WELL
O=C(NC1C(=O)N2CCSC12)c1cccc2ccccc12,True,1,COPLATED_IN_DECODED_WELL
O=C(NC1C(=O)N2CCSC12)c1ccccc1,True,1,COPLATED_IN_DECODED_WELL
O=C(NC1C(=O)N2CCSC12)c1conc1-c1ccccc1,False,0,COPLATED_IN_DECODED_WELL;DECODED_SAME_PLATE_ION_0p01;DECODED_SAME_WELL_ION_0p7;EXPOSED_POPULATION:V2-DEVELOPMENT-POPULATION;EXPOSED_POPULATION:WUR-DEV-ANALYSIS;EXPOSED_POPULATION:WUR-POS-IDENTITY;MSNLIB_ANCHOR_CENSUS_DESIGN;MSNLIB_ANCHOR_CENSUS_DETECTED;MSNLIB_ANCHOR_GATE_CALIBRATION;MULTIMS2_ANCHOR_CALIBRATION
O=C(NC1C(=O)Nc2c1c(=O)[nH]c(=O)n2-c1ccccc1)c1cccs1,True,1,SAMPLE1_DRAW_GROUP
O=C(NC1C2CC3CC(C2)CC1C3)c1cnn(-c2ccccc2)c1,True,1,DECODED_SAME_PLATE_ION_0p01
O=C(NC1CC(=O)N(c2ccccc2)C1)C1CCCCC1,True,1,SAMPLE1_DRAW_GROUP
O=C(NC1CC(Cn2cccn2)C1)c1cc2ccccn2c1,True,1,SAMPLE1_DRAW_GROUP
O=C(NC1CC(Oc2ccccc2)C1)c1cn[nH]c1,False,0,COPLATED_IN_DECODED_WELL;DECODED_SAME_PLATE_ION_0p01
O=C(NC1CC(c2nnco2)C1)c1cc(-c2ccccc2)no1,True,1,DECODED_SAME_PLATE_ION_0p01
O=C(NC1CC1)C1CCC1,True,1,DECODED_SAME_PLATE_ION_0p01
O=C(NC1CC1)N1CCCCC1,True,3,DECODED_SAME_PLATE_ION_0p01
O=C(NC1CC1)c1cc2ccc(OCC(=O)N3CCNCC3)nc2s1,True,1,DECODED_SAME_PLATE_ION_0p01
O=C(NC1CC1)c1ccc(-c2cnc3ccc(Oc4ccccc4)nn23)cc1,True,1,SAMPLE1_DRAW_GROUP
O=C(NC1CC1)c1ccc(=O)n(Cc2ccccc2)c1,True,1,DECODED_SAME_PLATE_ION_0p01
O=C(NC1CC1)c1cccc(-c2ccccn2)c1,True,1,DECODED_SAME_PLATE_ION_0p01
O=C(NC1CC1)c1cccc(-n2ccnc(NCc3ccccc3)c2=O)c1,True,1,COPLATED_IN_DECODED_WELL;SAMPLE1_DRAW_GROUP
O=C(NC1CC1)c1cnc2ccc(Nc3cccn(-c4ccccn4)c3=O)nn12,True,1,DECODED_SAME_PLATE_ION_0p01
O=C(NC1CC1c1ccccc1)c1cn(Cc2ccccc2)nn1,True,1,SAMPLE1_DRAW_GROUP
O=C(NC1CC1c1cccnc1)C1CCN(C(=O)CCc2ccccc2)CC1,True,1,SAMPLE1_DRAW_GROUP
O=C(NC1CC2(CCNCC2)Oc2ccccc21)c1ncoc1-c1ccccc1,True,1,SAMPLE1_DRAW_GROUP
O=C(NC1CC2CC1CN2S(=O)(=O)c1ccc2c(c1)CCCC2)c1cccs1,True,1,SAMPLE1_DRAW_GROUP
O=C(NC1CC2CCC(C1)N2)c1cc2ccccc2[nH]c1=O,True,1,COPLATED_IN_DECODED_WELL;DECODED_SAME_PLATE_ION_0p01;DECODED_SAME_WELL_ION_0p7
O=C(NC1CC2CCC1C2)c1ccccc1,True,1,SAMPLE1_DRAW_GROUP
O=C(NC1CC2CCCC(C1)N2)c1n[nH]c2ccccc12,True,3,COPLATED_IN_DECODED_WELL;DECODED_SAME_PLATE_ION_0p01;DECODED_SAME_WELL_ION_0p7
O=C(NC1CCC(CCN2CCc3ccccc3C2)CC1)c1ccnc2ccccc12,True,1,DECODED_SAME_PLATE_ION_0p01
O=C(NC1CCC(Cn2cccn2)C1)c1ccco1,True,1,SAMPLE1_DRAW_GROUP
O=C(NC1CCC(Oc2ccccc2)CC1)NC12CC3CC(CC(C3)C1)C2,False,0,DECODED_SAME_PLATE_ION_0p01
O=C(NC1CCC(Oc2ccccn2)CC1)c1cnns1,True,1,SAMPLE1_DRAW_GROUP
O=C(NC1CCC1)C(c1ccccc1)N(C(=O)C1CCC(=O)N1c1ccccn1)c1cccnc1,True,1,COPLATED_IN_DECODED_WELL;DECODED_SAME_PLATE_ION_0p01;DECODED_SAME_WELL_ION_0p7
O=C(NC1CCC1)N1CCS(=O)(=O)CC1,True,1,SAMPLE1_DRAW_GROUP
O=C(NC1CCC2CC21)c1ccccc1,True,1,DECODED_SAME_PLATE_ION_0p01
O=C(NC1CCC2OCCOC2C1)c1ccc(-c2ccccc2)cc1,False,0,DECODED_SAME_PLATE_ION_0p01
O=C(NC1CCCC1)C1CC=CC1,True,2,DECODED_SAME_PLATE_ION_0p01
O=C(NC1CCCC1)N1CCN(c2cccnn2)CC1,True,1,SAMPLE1_DRAW_GROUP
O=C(NC1CCCC1)c1cc2cc3c(nc2s1)CCCC3,True,1,SAMPLE1_DRAW_GROUP
O=C(NC1CCCC1)c1ccco1,False,0,DECODED_SAME_PLATE_ION_0p01
O=C(NC1CCCC1)c1ccoc1,False,0,DECODED_SAME_PLATE_ION_0p01
O=C(NC1CCCC12CC2)N1CC(Cn2cnnc2)C2(CCC2)C1,True,1,SAMPLE1_DRAW_GROUP
O=C(NC1CCCCC1)C(c1ccccc1)N(C(=O)Cn1cnc2ccccc21)c1ccccc1,False,0,DECODED_SAME_PLATE_ION_0p01
O=C(NC1CCCCC1)C(c1cccnc1)N(C(=O)c1cnc[nH]1)c1ccccc1,True,1,COPLATED_IN_DECODED_WELL;DECODED_SAME_PLATE_ION_0p01;DECODED_SAME_WELL_ION_0p7
O=C(NC1CCCCC1)C1CCCN(c2cc(-c3ccc4cn[nH]c4c3)ncn2)C1,True,1,COPLATED_IN_DECODED_WELL;DECODED_SAME_PLATE_ION_0p01;DECODED_SAME_WELL_ION_0p7
O=C(NC1CCCCC1)C1CCCN(c2cnc3ccccc3n2)C1,True,1,SAMPLE1_DRAW_GROUP
O=C(NC1CCCCC1)C1NCC2(C(=O)Nc3ccccc32)C1c1ccccc1,True,1,COPLATED_IN_DECODED_WELL;DECODED_SAME_PLATE_ION_0p01;DECODED_SAME_WELL_ION_0p7
O=C(NC1CCCCC1)N1CC(c2ccccc2)SC1=O,False,0,COPLATED_IN_DECODED_WELL;EXPOSED_POPULATION:V2-DEVELOPMENT-POPULATION;EXPOSED_POPULATION:WUR-POS-IDENTITY;EXPOSED_POPULATION:WUR-SEALED;MSNLIB_ANCHOR_CENSUS_DESIGN
O=C(NC1CCCCC1)N1CCn2c(nnc2-c2ccccc2)C1,True,1,SAMPLE1_DRAW_GROUP
O=C(NC1CCCCC1)NS(=O)(=O)c1ccc(CCN2C(=O)Cc3ccccc3C2=O)cc1,True,1,COPLATED_IN_DECODED_WELL
O=C(NC1CCCCC1)NS(=O)(=O)c1ccc(CCNC(=O)N2CC=CC2=O)cc1,True,1,COPLATED_IN_DECODED_WELL;DECODED_SAME_PLATE_ION_0p01;DECODED_SAME_WELL_ION_0p7
O=C(NC1CCCCC1)NS(=O)(=O)c1ccc(CCNC(=O)c2ccccc2)cc1,False,0,COPLATED_IN_DECODED_WELL;DECODED_SAME_PLATE_ION_0p01;DECODED_SAME_WELL_ION_0p7;EXPOSED_POPULATION:LCSB-ALL-MASSBANK-V1-EXPOSURE-SET;EXPOSED_POPULATION:LCSB-DEV;EXPOSED_POPULATION:LCSB-NEG;EXPOSED_POPULATION:LCSB-POS-V2-SPECTRA;EXPOSED_POPULATION:V2-DEVELOPMENT-POPULATION;MSNLIB_ANCHOR_CENSUS_DESIGN;MSNLIB_ANCHOR_CENSUS_DETECTED;MSNLIB_ANCHOR_GATE_CALIBRATION;MULTIMS2_ANCHOR_CALIBRATION
O=C(NC1CCCCC1)NS(=O)(=O)c1ccc(CCNC(=O)c2cnccn2)cc1,False,0,COPLATED_IN_DECODED_WELL;DECODED_SAME_PLATE_ION_0p01;DECODED_SAME_WELL_ION_0p7;EXPOSED_POPULATION:LCSB-ALL-MASSBANK-V1-EXPOSURE-SET;EXPOSED_POPULATION:LCSB-DEV;EXPOSED_POPULATION:LCSB-NEG;EXPOSED_POPULATION:LCSB-POS-V2-SPECTRA;EXPOSED_POPULATION:V2-DEVELOPMENT-POPULATION;MSNLIB_ANCHOR_CENSUS_DESIGN;MSNLIB_ANCHOR_CENSUS_DETECTED;MSNLIB_ANCHOR_GATE_CALIBRATION;MULTIMS2_ANCHOR_CALIBRATION
O=C(NC1CCCCC1)NS(=O)(=O)c1ccccc1,False,0,COPLATED_IN_DECODED_WELL;DECODED_SAME_PLATE_ION_0p01;EXPOSED_POPULATION:LCSB-ALL-MASSBANK-V1-EXPOSURE-SET;EXPOSED_POPULATION:LCSB-DEV;EXPOSED_POPULATION:LCSB-NEG;EXPOSED_POPULATION:LCSB-POS-V2-SPECTRA;EXPOSED_POPULATION:V2-DEVELOPMENT-POPULATION
O=C(NC1CCCCC1)Oc1cccc(-c2ccccc2)c1,True,2,COPLATED_IN_DECODED_WELL;DECODED_SAME_PLATE_ION_0p01
O=C(NC1CCCCC1)c1cc2ccccc2[nH]1,True,1,DECODED_SAME_PLATE_ION_0p01
O=C(NC1CCCCC1)c1cc2cnc(-c3ccccc3)nc2s1,True,1,SAMPLE1_DRAW_GROUP
O=C(NC1CCCCC1)c1ccc(-c2csc(N3CCNCC3)n2)cc1,True,1,SAMPLE1_DRAW_GROUP
O=C(NC1CCCCC1)c1ccc(N2CCNCC2)cc1,True,1,COPLATED_IN_DECODED_WELL
O=C(NC1CCCCC1)c1cccc(OCc2ccccc2)c1,True,1,DECODED_SAME_PLATE_ION_0p01
O=C(NC1CCCCC1)c1ccccc1OCCCc1ccc(OCCCCOC2CCCCC2)cc1,False,0,COPLATED_IN_DECODED_WELL
O=C(NC1CCCCC1)c1ccoc1,False,0,EXPOSED_POPULATION:V2-DEVELOPMENT-POPULATION;EXPOSED_POPULATION:WUR-DEV-ANALYSIS;EXPOSED_POPULATION:WUR-POS-IDENTITY
O=C(NC1CCCCC1)c1cnc2ccccn12,True,1,SAMPLE1_DRAW_GROUP
O=C(NC1CCCCC1)c1cnn2cccnc12,True,1,SAMPLE1_DRAW_GROUP
O=C(NC1CCCCC1)c1csc(-c2ccccc2)n1,True,1,SAMPLE1_DRAW_GROUP
O=C(NC1CCCCC1)c1ncc2ccccn12,True,1,SAMPLE1_DRAW_GROUP
O=C(NC1CCCCCC=CC2CC2(C(=O)NS(=O)(=O)C2CC2)NC(=O)C2CC(Oc3nc4ccccc4c4ccccc34)CN2C1=O)c1cnccn1,True,1,COPLATED_IN_DECODED_WELL;DECODED_SAME_PLATE_ION_0p01;DECODED_SAME_WELL_ION_0p7
O=C(NC1CCCCNC1=O)c1ccn(-c2ccccc2)n1,True,1,SAMPLE1_DRAW_GROUP
O=C(NC1CCCCNC1=O)c1cncnc1,True,1,SAMPLE1_DRAW_GROUP
O=C(NC1CCCN(c2ccccc2)C1=O)c1cnc2n1CCCC2,True,1,SAMPLE1_DRAW_GROUP
O=C(NC1CCCNC(=O)C2CCCN2C(=O)CNC(=O)C(CCc2ccccc2)NC(=O)C2CCCN2C(=O)CNC1=O)c1ccc(-c2cc(-c3ccccc3)on2)cc1,False,0,COPLATED_IN_DECODED_WELL;DECODED_SAME_PLATE_ION_0p01;DECODED_SAME_WELL_ION_0p7
O=C(NC1CCCNC(=O)C2CCCN2C(=O)CNC(=O)C(CCc2ccccc2)NC(=O)C2CCCN2C(=O)CNC1=O)c1ccc(-c2ccc(-c3ccccc3)cc2)cc1,False,0,COPLATED_IN_DECODED_WELL;DECODED_SAME_PLATE_ION_0p01;DECODED_SAME_WELL_ION_0p7
O=C(NC1CCCNC1)c1ccc(-c2ccccc2)s1,True,1,DECODED_SAME_PLATE_ION_0p01
O=C(NC1CCCNC1)c1ccccc1,True,2,COPLATED_IN_DECODED_WELL;DECODED_SAME_PLATE_ION_0p01;DECODED_SAME_WELL_ION_0p7
O=C(NC1CCCNC1)c1cnc2nccn2c1,True,1,SAMPLE1_DRAW_GROUP
O=C(NC1CCCOc2ccccc21)N1CCn2ncnc2C1,True,1,SAMPLE1_DRAW_GROUP
O=C(NC1CCCc2[nH]ncc21)c1ccn[nH]1,True,1,SAMPLE1_DRAW_GROUP
O=C(NC1CCN(C(=O)c2ccc(-n3cccn3)cc2)CC1)C1CC1,True,1,SAMPLE1_DRAW_GROUP
O=C(NC1CCN(C(=O)c2ccccc2)C(Cc2ccccc2)C1)c1ccnc2ccccc12,True,1,COPLATED_IN_DECODED_WELL;DECODED_SAME_PLATE_ION_0p01;DECODED_SAME_WELL_ION_0p7
O=C(NC1CCN(C(=O)c2ccccc2)CC1)C1Cc2ccccc2O1,True,1,SAMPLE1_DRAW_GROUP
O=C(NC1CCN(C(=O)c2cn[nH]n2)CC1)C1CCCOC1,True,1,SAMPLE1_DRAW_GROUP
O=C(NC1CCN(C2CC2)CC1)c1nc2ccccc2n1Cc1cc(-c2cccs2)on1,False,0,EXPOSED_POPULATION:LCSB-ALL-MASSBANK-V1-EXPOSURE-SET;EXPOSED_POPULATION:LCSB-DEV;EXPOSED_POPULATION:LCSB-NEG;EXPOSED_POPULATION:LCSB-POS-V2-SPECTRA;EXPOSED_POPULATION:V2-DEVELOPMENT-POPULATION
O=C(NC1CCN(C2CCNC2=O)CC1)c1ccccc1N1CCCC1,True,1,SAMPLE1_DRAW_GROUP
O=C(NC1CCN(CC2CC2)CC1)N1CCOC(c2ccccc2)C1,True,1,SAMPLE1_DRAW_GROUP
O=C(NC1CCN(CCCCC2c3ccccc3-c3ccccc32)CC1)c1ccccc1-c1ccccc1,True,1,COPLATED_IN_DECODED_WELL;DECODED_SAME_PLATE_ION_0p01;DECODED_SAME_WELL_ION_0p7
O=C(NC1CCN(CCCOc2ccccc2)CC1)c1ccccc1,True,1,COPLATED_IN_DECODED_WELL;DECODED_SAME_PLATE_ION_0p01;DECODED_SAME_WELL_ION_0p7
O=C(NC1CCN(Cc2ccccc2)CC1)c1ccccc1,True,3,COPLATED_IN_DECODED_WELL;DECODED_SAME_PLATE_ION_0p01
O=C(NC1CCN(c2cc3c(nn2)CCCC3)CC1)c1ccccc1,True,1,SAMPLE1_DRAW_GROUP
O=C(NC1CCN(c2ccccc2)C1=O)c1onc2c1CCCC2,True,1,SAMPLE1_DRAW_GROUP
O=C(NC1CCN(c2ccccc2)CC1)N1CCCC1,True,1,SAMPLE1_DRAW_GROUP
O=C(NC1CCN(c2ccn[nH]2)C1=O)c1cnccn1,True,1,SAMPLE1_DRAW_GROUP
O=C(NC1CCN(c2ccncn2)CC1)NC1CCCc2ccccc21,True,1,SAMPLE1_DRAW_GROUP
O=C(NC1CCN(c2cnccn2)C1)c1cccnc1,True,1,SAMPLE1_DRAW_GROUP
O=C(NC1CCN(c2cnccn2)C1)c1ccn[nH]1,True,1,SAMPLE1_DRAW_GROUP
O=C(NC1CCN(c2nccs2)CC1)c1ccc2cc[nH]c2c1,True,1,SAMPLE1_DRAW_GROUP
O=C(NC1CCNCC1)C1(c2ccccc2)CC1,True,1,SAMPLE1_DRAW_GROUP
O=C(NC1CCNCC1)C1CCC2CN1C(=O)N2,True,1,DECODED_SAME_PLATE_ION_0p01
O=C(NC1CCNCC1)NC12CC3CC(CC(C3)C1)C2,True,1,COPLATED_IN_DECODED_WELL;SAMPLE1_DRAW_GROUP
O=C(NC1CCNCC1)c1cc(-c2ccccc2)c2c(c1)[nH]c1ncccc12,False,0,DECODED_SAME_PLATE_ION_0p01
O=C(NC1CCNCC1)c1cc2ccccc2n1Cc1cc(-c2cccs2)on1,False,0,EXPOSED_POPULATION:LCSB-ALL-MASSBANK-V1-EXPOSURE-SET;EXPOSED_POPULATION:LCSB-DEV;EXPOSED_POPULATION:LCSB-NEG;EXPOSED_POPULATION:LCSB-POS-V2-SPECTRA;EXPOSED_POPULATION:V2-DEVELOPMENT-POPULATION
O=C(NC1CCNCC1)c1ccc(-c2ccccc2)nc1,False,0,COPLATED_IN_DECODED_WELL
O=C(NC1CCNCC1)c1cccc2c1OCC2,True,1,COPLATED_IN_DECODED_WELL;DECODED_SAME_PLATE_ION_0p01;DECODED_SAME_WELL_ION_0p7
O=C(NC1CCNCC1)c1ccccc1,True,8,DECODED_SAME_PLATE_ION_0p01
O=C(NC1CCNCC1)c1cnc[nH]1,True,2,SAMPLE1_DRAW_GROUP
O=C(NC1CCNCC1)c1cnns1,True,1,SAMPLE1_DRAW_GROUP
O=C(NC1CCOC1)c1cccnc1,True,1,SAMPLE1_DRAW_GROUP
O=C(NC1CCOC1)c1ccsc1,True,1,SAMPLE1_DRAW_GROUP
O=C(NC1CCOCC1)N1CCC(c2nnc3ccc(C4CC4)nn23)CC1,True,1,SAMPLE1_DRAW_GROUP
O=C(NC1CCOCC1)c1ccc(-c2cc(-c3cn[nH]c3-c3ccccn3)ccn2)cc1,True,1,DECODED_SAME_PLATE_ION_0p01
O=C(NC1CCOCC1Nc1ccncn1)C1CC1,True,1,SAMPLE1_DRAW_GROUP
O=C(NC1CCOc2ccccc21)C1CC(C2CC2)=NO1,True,1,SAMPLE1_DRAW_GROUP
O=C(NC1CCOc2ccccc21)c1ccccc1,False,0,EXPOSED_POPULATION:ENTACT-MIX-LISTS-499-503-505;EXPOSED_POPULATION:LCSB-ALL-MASSBANK-V1-EXPOSURE-SET;EXPOSED_POPULATION:LCSB-DEV;EXPOSED_POPULATION:LCSB-POS-V2-SPECTRA;EXPOSED_POPULATION:LCSB-RAW-MIX-REPLICATE-SET-92;EXPOSED_POPULATION:LCSB-RAW-MIXES-499-503-505;EXPOSED_POPULATION:V2-DEVELOPMENT-POPULATION
O=C(NC1CCS(=O)(=O)C1)C1CCCCC1,True,1,SAMPLE1_DRAW_GROUP
O=C(NC1CCS(=O)(=O)C1)N1CCC(Cc2ccccc2)CC1,True,1,SAMPLE1_DRAW_GROUP
O=C(NC1CCSC1)C1CC2CCC1O2,True,1,SAMPLE1_DRAW_GROUP
O=C(NC1CCSC1)c1ccco1,True,1,SAMPLE1_DRAW_GROUP
O=C(NC1CCc2ccccc21)C(CCCN1CCN(Cc2cccnc2)CC1)Cc1ccccc1,False,0,COPLATED_IN_DECODED_WELL;DECODED_SAME_PLATE_ION_0p01;DECODED_SAME_WELL_ION_0p7;EXPOSED_POPULATION:LCSB-ALL-MASSBANK-V1-EXPOSURE-SET;EXPOSED_POPULATION:LCSB-DEV;EXPOSED_POPULATION:LCSB-NEG;EXPOSED_POPULATION:LCSB-POS-V2-SPECTRA;EXPOSED_POPULATION:V2-DEVELOPMENT-POPULATION;MSNLIB_ANCHOR_CENSUS_DESIGN;MSNLIB_ANCHOR_CENSUS_DETECTED;MSNLIB_ANCHOR_GATE_CALIBRATION
O=C(NC1CCc2ccccc21)C1CC1,True,1,SAMPLE1_DRAW_GROUP
O=C(NC1CCc2ccccc21)c1cn[nH]c1-c1ccccc1,True,1,SAMPLE1_DRAW_GROUP
O=C(NC1CCc2ccccc2NC1=O)c1n[nH]c(Cc2ccccc2)n1,True,1,DECODED_SAME_PLATE_ION_0p01
O=C(NC1CCc2ccccc2OC1)c1ccncc1,True,1,SAMPLE1_DRAW_GROUP
O=C(NC1CCn2nccc2C1)C1(c2cccs2)CCCC1,True,1,SAMPLE1_DRAW_GROUP
O=C(NC1CN(c2ccc3nncn3n2)C1)C1CCCCO1,True,1,SAMPLE1_DRAW_GROUP
O=C(NC1CN(c2ccccn2)C1)c1ccoc1,True,1,SAMPLE1_DRAW_GROUP
O=C(NC1CN(c2ccccn2)C1)c1cnn(-c2ccccc2)n1,True,1,SAMPLE1_DRAW_GROUP
O=C(NC1CN2CCC1CC2)c1c[nH]c2ccsc2c1=O,True,1,COPLATED_IN_DECODED_WELL;DECODED_SAME_PLATE_ION_0p01
O=C(NC1CN2CCC1CC2)c1ccc2c(c1)OCCO2,False,0,EXPOSED_POPULATION:LCSB-ALL-MASSBANK-V1-EXPOSURE-SET;EXPOSED_POPULATION:LCSB-DEV;EXPOSED_POPULATION:LCSB-POS-V2-SPECTRA;EXPOSED_POPULATION:V2-DEVELOPMENT-POPULATION
O=C(NC1CN2CCC1CC2)c1ccccc1,True,2,COPLATED_IN_DECODED_WELL;DECODED_SAME_PLATE_ION_0p01;DECODED_SAME_WELL_ION_0p7;SAMPLE1_DRAW_GROUP
O=C(NC1CN2CCC1CC2)c1n[nH]c2ccccc12,True,1,DECODED_SAME_PLATE_ION_0p01
O=C(NC1COC(=O)C(Cc2ccccc2)CCOC1=O)c1ccccn1,False,0,EXPOSED_POPULATION:V2-DEVELOPMENT-POPULATION;EXPOSED_POPULATION:WUR-DEV-ANALYSIS;EXPOSED_POPULATION:WUR-POS-IDENTITY
O=C(NC1COc2ccccc2C1)C1CCCN1,True,1,SAMPLE1_DRAW_GROUP
O=C(NC1COc2ccccc2C1)N1CCCCC1,True,1,SAMPLE1_DRAW_GROUP
O=C(NC1COc2ccccc2NC1=O)c1cc(Cc2ccccc2)on1,True,1,DECODED_SAME_PLATE_ION_0p01
O=C(NC1COc2ccccc2NC1=O)c1n[nH]c(Cc2ccccc2)n1,True,1,DECODED_SAME_PLATE_ION_0p01
O=C(NC1CSCC1OC(=O)c1ccccc1)c1ccccc1,True,1,SAMPLE1_DRAW_GROUP
O=C(NC1Cc2ccccc2C1)C1(c2cccnc2)CCCC1,True,1,SAMPLE1_DRAW_GROUP
O=C(NC1Cc2ccccc2C1)c1cccc(OCCc2ccccc2)c1,True,1,DECODED_SAME_PLATE_ION_0p01
O=C(NC1N=C(c2ccccc2)c2cccc3c2N(CC3)C1=O)c1cccnc1,False,0,COPLATED_IN_DECODED_WELL;DECODED_SAME_PLATE_ION_0p01;DECODED_SAME_WELL_ION_0p7;EXPOSED_POPULATION:LCSB-ALL-MASSBANK-V1-EXPOSURE-SET;EXPOSED_POPULATION:LCSB-DEV;EXPOSED_POPULATION:LCSB-POS-V2-SPECTRA;EXPOSED_POPULATION:V2-DEVELOPMENT-POPULATION;MSNLIB_ANCHOR_CENSUS_DESIGN;MSNLIB_ANCHOR_CENSUS_DETECTED;MSNLIB_ANCHOR_GATE_CALIBRATION
O=C(NC1N=C(c2ccccc2)c2cccc3c2N(CC3)C1=O)c1ccncc1,False,0,EXPOSED_POPULATION:LCSB-ALL-MASSBANK-V1-EXPOSURE-SET;EXPOSED_POPULATION:LCSB-DEV;EXPOSED_POPULATION:LCSB-POS-V2-SPECTRA;EXPOSED_POPULATION:V2-DEVELOPMENT-POPULATION
O=C(NC1N=C(c2ccccc2)c2ccccc2NC1=O)c1cc2ccccc2[nH]1,False,0,COPLATED_IN_DECODED_WELL;DECODED_SAME_WELL_ION_0p7
O=C(NC1OC2C3CCCN3C(=O)C(Cc3ccccc3)N2C1=O)C1C=C2c3cccc4[nH]cc(c34)CC2NC1,False,0,EXPOSED_POPULATION:V2-DEVELOPMENT-POPULATION;EXPOSED_POPULATION:WUR-DEV-ANALYSIS;EXPOSED_POPULATION:WUR-POS-IDENTITY;EXPOSED_POPULATION:WUR-SEALED
O=C(NC1OC2C3CCCN3C(=O)C(Cc3ccccc3)N2C1=O)C1CNC2Cc3c[nH]c4cccc(c34)C2C1,False,0,COPLATED_IN_DECODED_WELL;DECODED_SAME_PLATE_ION_0p01;DECODED_SAME_WELL_ION_0p7;EXPOSED_POPULATION:V2-DEVELOPMENT-POPULATION;EXPOSED_POPULATION:WUR-DEV-HOLD;EXPOSED_POPULATION:WUR-POS-IDENTITY;MSNLIB_ANCHOR_CENSUS_DESIGN;MSNLIB_ANCHOR_CENSUS_DETECTED;MSNLIB_ANCHOR_GATE_CALIBRATION
O=C(NC1OC2C3CCCN3C(=O)CN2C1=O)C1C=C2c3cccc4[nH]cc(c34)CC2NC1,False,0,EXPOSED_POPULATION:V2-DEVELOPMENT-POPULATION;EXPOSED_POPULATION:WUR-POS-IDENTITY;EXPOSED_POPULATION:WUR-SEALED
O=C(NC1OC2C3CCCN3C(=O)CN2C1=O)C1CNC2Cc3c[nH]c4cccc(c34)C2C1,False,0,EXPOSED_POPULATION:V2-DEVELOPMENT-POPULATION;EXPOSED_POPULATION:WUR-POS-IDENTITY;EXPOSED_POPULATION:WUR-SEALED
O=C(NC=NCc1ccccc1)c1cnccn1,True,1,DECODED_SAME_PLATE_ION_0p01
O=C(NCC(=O)N1CC2CC2C1C(=O)NCC(=O)C(=O)NC1CC1)NC1CCCCC1,True,1,COPLATED_IN_DECODED_WELL;DECODED_SAME_PLATE_ION_0p01;DECODED_SAME_WELL_ION_0p7
O=C(NCC(=O)N1CCC(NC2CCC(c3ccc(-c4ncccn4)cn3)CC2)C1)c1ccccc1,True,1,COPLATED_IN_DECODED_WELL
O=C(NCC(=O)N1CCC(Oc2ccncn2)C1)OCc1ccccc1,True,1,SAMPLE1_DRAW_GROUP
O=C(NCC(=O)N1CCC(c2ncno2)CC1)c1cccs1,True,1,SAMPLE1_DRAW_GROUP
O=C(NCC(=O)N1CCCC1)C1CO1,True,2,DECODED_SAME_PLATE_ION_0p01
O=C(NCC(=O)N1CCCC1)Nc1ccc2ccccc2c1,True,1,DECODED_SAME_PLATE_ION_0p01
O=C(NCC(=O)N1CCCC1)Nc1ccc2cnccc2c1,False,0,DECODED_SAME_PLATE_ION_0p01
O=C(NCC(=O)N1CCCC1C(=O)NCc1ccc(-c2cncs2)cc1)C1CC1,True,2,DECODED_SAME_PLATE_ION_0p01
O=C(NCC(=O)N1CCCCC1)c1ccco1,True,1,SAMPLE1_DRAW_GROUP
O=C(NCC(=O)N1CCCCC1c1nnc(C2CCC2)o1)c1ccccc1,True,1,SAMPLE1_DRAW_GROUP
O=C(NCC(c1ccc[nH]1)N1CCCC1)c1ccc2ccccc2c1,True,1,SAMPLE1_DRAW_GROUP
O=C(NCC(c1ccccc1)N1CCOCC1)C1C2CCCC21,True,1,SAMPLE1_DRAW_GROUP
O=C(NCC(c1ccccc1)c1ccccc1)C1CCCN1C(=O)CC1CCCCC1,True,1,DECODED_SAME_PLATE_ION_0p01
O=C(NCC(c1cccnc1)c1c[nH]c2ccccc12)Nc1ccccc1,True,2,SAMPLE1_DRAW_GROUP
O=C(NCC(c1ccco1)S(=O)(=O)c1ccccc1)c1ccccc1,True,1,SAMPLE1_DRAW_GROUP
O=C(NCC1(Cc2ccccc2)CC1)N1CCc2ccccc2C1,True,1,SAMPLE1_DRAW_GROUP
O=C(NCC1(Cc2ccccc2)CC1)N1CCn2ncnc2C1,True,1,SAMPLE1_DRAW_GROUP
O=C(NCC1(Cc2ccccc2)CC1)c1c[nH]c2ccccc12,True,1,SAMPLE1_DRAW_GROUP
O=C(NCC1(N2CCN(c3ccccc3)CC2)CCOCC1)c1cccnc1Sc1ccccc1,False,0,DECODED_SAME_PLATE_ION_0p01
O=C(NCC1(Sc2ccccc2)CCOCC1)c1ccco1,True,1,SAMPLE1_DRAW_GROUP
O=C(NCC1(c2ccccc2)CC1)N1CCC(n2cccn2)C1,True,2,SAMPLE1_DRAW_GROUP
O=C(NCC1(c2ccccc2)CCCC1)c1ccccc1,True,2,SAMPLE1_DRAW_GROUP
O=C(NCC1(c2cccs2)CCOCC1)Nc1ccccc1,True,1,SAMPLE1_DRAW_GROUP
O=C(NCC1(c2nc(-c3ccccc3)cs2)CCOCC1)c1cccc(-c2ncon2)c1,True,1,COPLATED_IN_DECODED_WELL
O=C(NCC12CC1CCCO2)c1ccccc1,True,1,SAMPLE1_DRAW_GROUP
O=C(NCC12CNCC1C2)c1ccccc1,True,1,SAMPLE1_DRAW_GROUP
O=C(NCC1C2CNCC21)c1ccccc1,False,0,COPLATED_IN_DECODED_WELL;DECODED_SAME_PLATE_ION_0p01;DECODED_SAME_WELL_ION_0p7
O=C(NCC1CC(=O)N(c2ccccc2)C1)C1CCCCC1,True,1,SAMPLE1_DRAW_GROUP
O=C(NCC1CC1)C1CCCN(c2ncnc3[nH]ccc23)C1,True,1,SAMPLE1_DRAW_GROUP
O=C(NCC1CC1)N1Cc2cccnc2N2CCCC2C1,True,1,SAMPLE1_DRAW_GROUP
O=C(NCC1CC1)c1cc(-c2cnn3cc(-c4ccccc4)cnc23)cs1,True,1,DECODED_SAME_PLATE_ION_0p01;SAMPLE1_DRAW_GROUP
O=C(NCC1CC1)c1ccccc1NC(=O)c1ccnn1-c1ccccn1,False,0,EXPOSED_POPULATION:V2-DEVELOPMENT-POPULATION;EXPOSED_POPULATION:WUR-DEV-HOLD;EXPOSED_POPULATION:WUR-POS-IDENTITY
O=C(NCC1CC2CCC1C2)c1ccn[nH]1,True,2,SAMPLE1_DRAW_GROUP
O=C(NCC1CCC(c2nc3ccccc3[nH]2)CC1)C1CC1,True,1,SAMPLE1_DRAW_GROUP
O=C(NCC1CCC2(CC1)CC2)C1CCNCC1c1ccn[nH]1,True,1,SAMPLE1_DRAW_GROUP
O=C(NCC1CCCC1)NC1CCOC2(CCCCC2)C1,True,1,SAMPLE1_DRAW_GROUP
O=C(NCC1CCCC1)NS(=O)(=O)C1CCCC1,True,1,SAMPLE1_DRAW_GROUP
O=C(NCC1CCCCC1)NC1CCC1,True,1,SAMPLE1_DRAW_GROUP
O=C(NCC1CCCCC1)Nc1ccn(C2CCCCC2)n1,True,1,SAMPLE1_DRAW_GROUP
O=C(NCC1CCCCC1)Nc1ccn[nH]1,True,1,SAMPLE1_DRAW_GROUP
O=C(NCC1CCCCC1)c1cccc(-c2cn[nH]c2)c1,True,1,SAMPLE1_DRAW_GROUP
O=C(NCC1CCCCC1)c1cnccn1,True,2,DECODED_SAME_PLATE_ION_0p01
O=C(NCC1CCCCC1)c1nnco1,True,1,SAMPLE1_DRAW_GROUP
O=C(NCC1CCCCN1)c1ccccc1,True,1,COPLATED_IN_DECODED_WELL;DECODED_SAME_PLATE_ION_0p01;DECODED_SAME_WELL_ION_0p7;SAMPLE1_DRAW_GROUP
O=C(NCC1CCCCO1)C1CCCN1,False,0,COPLATED_IN_DECODED_WELL;DECODED_SAME_PLATE_ION_0p01;DECODED_SAME_WELL_ION_0p7;EXPOSED_POPULATION:V2-DEVELOPMENT-POPULATION;EXPOSED_POPULATION:WUR-DEV-ANALYSIS;EXPOSED_POPULATION:WUR-POS-IDENTITY;MSNLIB_ANCHOR_CENSUS_DESIGN;MSNLIB_ANCHOR_CENSUS_DETECTED;MSNLIB_ANCHOR_GATE_CALIBRATION
O=C(NCC1CCCN(c2ccccn2)C1)C1CCCN1,True,1,SAMPLE1_DRAW_GROUP
O=C(NCC1CCCN(c2nccs2)C1)c1ccc(-c2cccs2)cc1,True,1,SAMPLE1_DRAW_GROUP
O=C(NCC1CCCN1)c1ccc2n[nH]nc2c1,True,1,COPLATED_IN_DECODED_WELL;DECODED_SAME_PLATE_ION_0p01;DECODED_SAME_WELL_ION_0p7
O=C(NCC1CCCN1)c1ccc2nn[nH]c2c1,False,0,COPLATED_IN_DECODED_WELL;DECODED_SAME_PLATE_ION_0p01;DECODED_SAME_WELL_ION_0p7
O=C(NCC1CCCN1)c1ccccc1,False,0,COPLATED_IN_DECODED_WELL;DECODED_SAME_PLATE_ION_0p01;DECODED_SAME_WELL_ION_0p7;EXPOSED_POPULATION:V2-DEVELOPMENT-POPULATION;EXPOSED_POPULATION:WUR-POS-IDENTITY;EXPOSED_POPULATION:WUR-SEALED;MSNLIB_ANCHOR_CENSUS_DESIGN;MSNLIB_ANCHOR_CENSUS_DETECTED;MSNLIB_ANCHOR_GATE_CALIBRATION;MULTIMS2_ANCHOR_CALIBRATION
O=C(NCC1CCCO1)C1CCN(Cc2cc3ccccc3n2Cc2ccccc2)CC1,True,1,SAMPLE1_DRAW_GROUP
O=C(NCC1CCCO1)N1CCCC1c1nc(-c2ccccc2)no1,True,1,SAMPLE1_DRAW_GROUP
O=C(NCC1CCCO1)NCC1(c2ccsc2)CCCC1,True,1,DECODED_SAME_PLATE_ION_0p01
O=C(NCC1CCCO1)Nc1cc2c3c(c1)CCN3C(=O)CC2,True,1,SAMPLE1_DRAW_GROUP
O=C(NCC1CCCO1)Nc1cccnc1,True,1,SAMPLE1_DRAW_GROUP
O=C(NCC1CCCO1)c1cc2c(=O)oc3ccccc3c2[nH]1,True,1,SAMPLE1_DRAW_GROUP
O=C(NCC1CCCO1)c1cncs1,True,1,SAMPLE1_DRAW_GROUP
O=C(NCC1CCCc2ccccc21)c1ccc(-c2ccsc2)cc1,True,1,SAMPLE1_DRAW_GROUP
O=C(NCC1CCCc2occc21)Nc1ccccc1,True,1,SAMPLE1_DRAW_GROUP
O=C(NCC1CCCc2sccc21)c1ccccc1,True,2,SAMPLE1_DRAW_GROUP
O=C(NCC1CCN(C(=O)c2ccoc2)CC1)c1ccccc1,True,1,SAMPLE1_DRAW_GROUP
O=C(NCC1CCN(Cc2cccs2)CC1)c1cc(=O)[nH]c(C2CC2)n1,True,1,SAMPLE1_DRAW_GROUP
O=C(NCC1CCN(c2ccncc2)CC1)NC1CCNCC1,True,1,SAMPLE1_DRAW_GROUP
O=C(NCC1CCN(c2ncnc3[nH]ccc23)C1)c1ccccc1,True,1,DECODED_SAME_PLATE_ION_0p01
O=C(NCC1CCNC1)c1cnn(-c2ncccn2)c1,True,1,SAMPLE1_DRAW_GROUP
O=C(NCC1CCNCC1)Nc1cccnc1,True,1,SAMPLE1_DRAW_GROUP
O=C(NCC1CCNCC1)c1cc2ncccn2n1,True,1,SAMPLE1_DRAW_GROUP
O=C(NCC1CCNCC1)c1cccc2c1OCCO2,True,1,SAMPLE1_DRAW_GROUP
O=C(NCC1CCNCC1)c1cccs1,True,2,DECODED_SAME_PLATE_ION_0p01
O=C(NCC1CCNCC1)c1cn[nH]c1,True,1,SAMPLE1_DRAW_GROUP
O=C(NCC1CCOC1)C1CCCN1C(=O)c1ccccc1,True,1,SAMPLE1_DRAW_GROUP
O=C(NCC1CCOCC1)N1CCCC1c1ccccc1,True,1,SAMPLE1_DRAW_GROUP
O=C(NCC1CCOCC1)c1ccnc2ccccc12,True,1,SAMPLE1_DRAW_GROUP
O=C(NCC1CCOc2ccccc21)c1ccccc1,True,1,SAMPLE1_DRAW_GROUP
O=C(NCC1CCS(=O)(=O)C1)C1CC2(CCC2)C1,True,1,SAMPLE1_DRAW_GROUP
O=C(NCC1CN(Cc2ccccc2)CCO1)c1ccccc1,True,1,COPLATED_IN_DECODED_WELL;DECODED_SAME_PLATE_ION_0p01
O=C(NCC1CN(c2ccc(N3CCOCC3=O)cc2)C(=O)O1)c1cccs1,True,2,COPLATED_IN_DECODED_WELL
O=C(NCC1CN(c2nc3ccccc3o2)C1)C1CC1,True,1,SAMPLE1_DRAW_GROUP
O=C(NCC1CNC2Cc3c[nH]c4cccc(c34)C2C1)OCc1ccccc1,True,1,COPLATED_IN_DECODED_WELL;DECODED_SAME_PLATE_ION_0p01;DECODED_SAME_WELL_ION_0p7
O=C(NCC1CNCCO1)c1ccccc1,True,2,SAMPLE1_DRAW_GROUP
O=C(NCC1Cc2ccccc2C1)Nc1ccccc1,True,1,SAMPLE1_DRAW_GROUP
O=C(NCCC(c1ccccc1)c1ccccc1)c1n[nH]c(=O)[nH]c1=O,True,1,SAMPLE1_DRAW_GROUP
O=C(NCCC1=CCCCC1)c1cc2sccc2[nH]1,True,1,SAMPLE1_DRAW_GROUP
O=C(NCCC1=CCCCC1)c1cccnc1,True,1,SAMPLE1_DRAW_GROUP
O=C(NCCC1CC1)c1cccn2ccnc12,True,1,SAMPLE1_DRAW_GROUP
O=C(NCCC1CC1)c1csc(-c2ccco2)n1,True,1,SAMPLE1_DRAW_GROUP
O=C(NCCC1CCC1)C1NCC2CC21,True,1,COPLATED_IN_DECODED_WELL
O=C(NCCC1CCCCC1)NC1CCCCC1,True,1,SAMPLE1_DRAW_GROUP
O=C(NCCCCCC(=O)N1CCCC1)OCc1ccccc1,True,1,DECODED_SAME_PLATE_ION_0p01
O=C(NCCCCCCCCCCNC(=O)Oc1ccccc1)Oc1ccccc1,False,0,COPLATED_IN_DECODED_WELL
O=C(NCCCCCNC(=O)c1ccccn1)c1ccccn1,True,1,SAMPLE1_DRAW_GROUP
O=C(NCCCCN1CCCC1)Nc1cc(OCc2ccccc2)ns1,True,1,COPLATED_IN_DECODED_WELL;DECODED_SAME_PLATE_ION_0p01;DECODED_SAME_WELL_ION_0p7
O=C(NCCCCNC(=O)NCCOCCOCCNS(=O)(=O)c1cccc(C2CNCc3ccccc32)c1)NCCOCCOCCNS(=O)(=O)c1cccc(C2CNCc3ccccc32)c1,False,0,COPLATED_IN_DECODED_WELL
O=C(NCCCN1CCCC1=O)c1ccco1,True,1,SAMPLE1_DRAW_GROUP
O=C(NCCCN1CCCCC1)c1nc(CCS(=O)(=O)c2ccccc2)no1,True,1,SAMPLE1_DRAW_GROUP
O=C(NCCCN1CCN(c2ccccc2)CC1)c1cccnc1,True,1,COPLATED_IN_DECODED_WELL;DECODED_SAME_PLATE_ION_0p01;DECODED_SAME_WELL_ION_0p7
O=C(NCCCN1CCOCC1)c1ccccc1,True,3,DECODED_SAME_PLATE_ION_0p01
O=C(NCCCN1CCc2ccccc2C1)c1cc(NC2COC2)ncn1,True,1,DECODED_SAME_PLATE_ION_0p01
O=C(NCCCNC(=O)c1ccccc1)c1ccccc1,True,2,SAMPLE1_DRAW_GROUP
O=C(NCCCNC(=O)c1cccs1)c1cc2ccccc2[nH]1,True,1,SAMPLE1_DRAW_GROUP
O=C(NCCCNCc1ccccc1)c1cc2sccc2[nH]1,True,1,SAMPLE1_DRAW_GROUP
O=C(NCCCNCc1ccccc1)c1ccc2nc3c(cc2c1)CCCC3,True,1,SAMPLE1_DRAW_GROUP
O=C(NCCCNc1ncc2ccccc2n1)C1CCCO1,True,1,COPLATED_IN_DECODED_WELL;DECODED_SAME_PLATE_ION_0p01;DECODED_SAME_WELL_ION_0p7
O=C(NCCCc1ccccc1)NCc1ccccc1,True,1,SAMPLE1_DRAW_GROUP
O=C(NCCCc1ccccc1)NCc1cccs1,True,1,SAMPLE1_DRAW_GROUP
O=C(NCCCc1ccccc1)c1ccc(-c2cc[nH+]cc2)cc1,True,1,COPLATED_IN_DECODED_WELL;DECODED_SAME_PLATE_ION_0p01;DECODED_SAME_WELL_ION_0p7
O=C(NCCCc1ccccc1)c1cccc(CCc2ccccc2)c1,True,1,DECODED_SAME_PLATE_ION_0p01
O=C(NCCCc1ccsc1)NCCc1ccccc1,True,1,SAMPLE1_DRAW_GROUP
O=C(NCCCc1n[nH]c(=O)[nH]1)C1CCCCC1,True,1,SAMPLE1_DRAW_GROUP
O=C(NCCCn1ccnc1)c1cc(-c2ccco2)on1,True,1,DECODED_SAME_PLATE_ION_0p01
O=C(NCCN1CCC(Cc2ccccc2)CC1)Nc1ccnc2ccccc12,True,1,DECODED_SAME_PLATE_ION_0p01
O=C(NCCN1CCC(c2ccccc2)CC1)C1Cc2ccccc2CN1,True,1,DECODED_SAME_PLATE_ION_0p01
O=C(NCCN1CCCC1)c1ccc2nccnc2c1,True,1,SAMPLE1_DRAW_GROUP
O=C(NCCN1CCCCC1)c1cnn2c1NCCC2,True,1,SAMPLE1_DRAW_GROUP
O=C(NCCN1CCN(c2cccc3c2OCCO3)CC1)c1ccccc1,True,1,COPLATED_IN_DECODED_WELL
O=C(NCCN1CCN(c2ccccc2)CC1)C1CCCC1,True,1,SAMPLE1_DRAW_GROUP
O=C(NCCN1CCOCC1)Nc1ccc(C(=O)C=Cc2cccc(N3CCOCC3)n2)cc1,True,1,DECODED_SAME_PLATE_ION_0p01
O=C(NCCN1CCOCC1)c1ccccc1,True,2,COPLATED_IN_DECODED_WELL;DECODED_SAME_PLATE_ION_0p01
O=C(NCCN1CCOCC1)c1ccsc1-n1cnnn1,True,1,SAMPLE1_DRAW_GROUP
O=C(NCCN1CCS(=O)(=O)CC1)C1=NCC(=O)N(c2ccccc2)N1,True,1,SAMPLE1_DRAW_GROUP
O=C(NCCN1CCc2ccccc2C1)c1cc(C2CC2)ncn1,True,1,SAMPLE1_DRAW_GROUP
O=C(NCCN1CCn2ccc(=O)cc2C1=O)c1ccccc1,True,1,SAMPLE1_DRAW_GROUP
O=C(NCCNC(=O)c1ccccc1)c1ccccc1,True,3,SAMPLE1_DRAW_GROUP
O=C(NCCNC1CCCCC1)c1cn2ccccc2n1,True,1,SAMPLE1_DRAW_GROUP
O=C(NCCNC1CCNCC1)c1ccccc1,True,1,DECODED_SAME_PLATE_ION_0p01
O=C(NCCNCC(=O)N1CCCC1)c1cnc2ccnn2c1,True,1,COPLATED_IN_DECODED_WELL;DECODED_SAME_PLATE_ION_0p01;DECODED_SAME_WELL_ION_0p7
O=C(NCCNCc1cccs1)C1CCCN(c2nnc(N3CCCC3=O)s2)C1,True,1,SAMPLE1_DRAW_GROUP
O=C(NCCNc1ccccc1)c1cc2c(=O)[nH]c3ccccc3n2n1,True,1,SAMPLE1_DRAW_GROUP
O=C(NCCOCc1ccccc1)Nc1ccc(=O)n(Cc2ccccc2)c1,True,1,SAMPLE1_DRAW_GROUP
O=C(NCCOc1cc2ccccc2cc1C(=O)Nc1ccccc1)c1ccc2ccccc2c1,True,1,SAMPLE1_DRAW_GROUP
O=C(NCCOc1ccccc1)C1CCC(Cn2cnnn2)CC1,True,1,SAMPLE1_DRAW_GROUP
O=C(NCCOc1ccccc1)c1cccc2ccccc12,True,1,SAMPLE1_DRAW_GROUP
O=C(NCCOc1ccccc1)c1ccccc1,False,0,COPLATED_IN_DECODED_WELL;EXPOSED_POPULATION:V2-DEVELOPMENT-POPULATION;EXPOSED_POPULATION:WUR-DEV-ANALYSIS;EXPOSED_POPULATION:WUR-POS-IDENTITY
O=C(NCCOc1ccccc1)c1cccs1,True,1,DECODED_SAME_PLATE_ION_0p01
O=C(NCCOc1ccccc1)n1ccnc1,False,0,COPLATED_IN_DECODED_WELL;DECODED_SAME_PLATE_ION_0p01;DECODED_SAME_WELL_ION_0p7;EXPOSED_POPULATION:LCSB-ALL-MASSBANK-V1-EXPOSURE-SET;EXPOSED_POPULATION:LCSB-DEV;EXPOSED_POPULATION:LCSB-POS-V2-SPECTRA;EXPOSED_POPULATION:V2-DEVELOPMENT-POPULATION;EXPOSED_POPULATION:WUR-DEV-ANALYSIS;EXPOSED_POPULATION:WUR-POS-IDENTITY;MSNLIB_ANCHOR_CENSUS_DESIGN;MSNLIB_ANCHOR_CENSUS_DETECTED;MSNLIB_ANCHOR_GATE_CALIBRATION
O=C(NCCSc1ccccc1)c1cccc(-n2cnnc2)c1,True,1,SAMPLE1_DRAW_GROUP
O=C(NCCSc1nnn[nH]1)Nc1ccccc1,True,1,DECODED_SAME_PLATE_ION_0p01
O=C(NCCc1c2n(c3cccnc13)Cc1cccnc1-2)c1ccco1,True,1,DECODED_SAME_PLATE_ION_0p01
O=C(NCCc1c[nH]c2ccccc12)C(Cn1cnnn1)c1ccccc1,True,1,SAMPLE1_DRAW_GROUP
O=C(NCCc1c[nH]c2ccccc12)C(c1ccccc1)c1ccccc1,True,1,SAMPLE1_DRAW_GROUP
O=C(NCCc1c[nH]c2ccccc12)c1c[nH]c(=O)c2ccccc12,True,2,SAMPLE1_DRAW_GROUP
O=C(NCCc1c[nH]c2ccccc12)c1cc(=O)cco1,True,1,COPLATED_IN_DECODED_WELL
O=C(NCCc1c[nH]c2ccccc12)c1ccc2nccn2n1,True,1,SAMPLE1_DRAW_GROUP
O=C(NCCc1c[nH]c2ccccc12)c1cccs1,True,1,DECODED_SAME_PLATE_ION_0p01
O=C(NCCc1cc(=O)[nH]c2ccccc12)c1ccccc1,True,6,COPLATED_IN_DECODED_WELL;DECODED_SAME_PLATE_ION_0p01
O=C(NCCc1ccc(-c2ccco2)s1)c1cn[nH]c1,True,1,SAMPLE1_DRAW_GROUP
O=C(NCCc1ccc(-c2cccs2)o1)c1ccccc1,True,1,SAMPLE1_DRAW_GROUP
O=C(NCCc1ccc(-c2cccs2)s1)c1cc(-c2ccccc2)n[nH]1,True,1,SAMPLE1_DRAW_GROUP
O=C(NCCc1ccc(-c2ccn[nH]2)cc1)c1ccsc1,True,1,SAMPLE1_DRAW_GROUP
O=C(NCCc1ccc(-c2ccsc2)cc1)c1ccoc1,True,1,SAMPLE1_DRAW_GROUP
O=C(NCCc1ccc(-c2cn[nH]c2)s1)c1ccoc1,True,1,SAMPLE1_DRAW_GROUP
O=C(NCCc1ccc(-n2c(=O)[nH]c3ccccc3c2=O)cc1)c1ccccc1,True,1,COPLATED_IN_DECODED_WELL;DECODED_SAME_PLATE_ION_0p01;DECODED_SAME_WELL_ION_0p7
O=C(NCCc1ccc(N2CCCCC2)cc1)c1cc2ccccc2[nH]1,False,0,DECODED_SAME_PLATE_ION_0p01
O=C(NCCc1ccc(OC(=O)c2ccco2)cc1)c1ccco1,True,1,SAMPLE1_DRAW_GROUP
O=C(NCCc1ccccc1)C(Cc1ccccc1)NC(=O)C12CC3CC(CC(C3)C1)C2,True,1,SAMPLE1_DRAW_GROUP
O=C(NCCc1ccccc1)C(c1ccccc1)n1cnnn1,True,2,SAMPLE1_DRAW_GROUP
O=C(NCCc1ccccc1)C1CC(=O)N(c2n[nH]c3ccccc23)C1,True,1,SAMPLE1_DRAW_GROUP
O=C(NCCc1ccccc1)C1CCC2=Nc3ccccc3CN21,True,1,COPLATED_IN_DECODED_WELL;DECODED_SAME_PLATE_ION_0p01
O=C(NCCc1ccccc1)C1CCCCC1,True,3,COPLATED_IN_DECODED_WELL;DECODED_SAME_PLATE_ION_0p01
O=C(NCCc1ccccc1)C1CCCN1,True,1,COPLATED_IN_DECODED_WELL
O=C(NCCc1ccccc1)C1CCCN1c1nccs1,True,1,SAMPLE1_DRAW_GROUP
O=C(NCCc1ccccc1)C1COc2ccccc2O1,True,1,SAMPLE1_DRAW_GROUP
O=C(NCCc1ccccc1)N(Cc1cc(C2CC2)[nH]n1)C1CCCC1,True,1,SAMPLE1_DRAW_GROUP
O=C(NCCc1ccccc1)N1CCC(C(=O)N2CCCC2)CC1,True,1,SAMPLE1_DRAW_GROUP
O=C(NCCc1ccccc1)N1CCC2(CCOC2)C1,True,1,SAMPLE1_DRAW_GROUP
O=C(NCCc1ccccc1)N1CCN(Cc2nnnn2-c2ccccc2)CC1,True,1,SAMPLE1_DRAW_GROUP
O=C(NCCc1ccccc1)NC1CCCN(c2cc[nH]n2)C1=O,True,1,SAMPLE1_DRAW_GROUP
O=C(NCCc1ccccc1)NCCc1ccccc1,True,2,DECODED_SAME_PLATE_ION_0p01
O=C(NCCc1ccccc1)NCc1cccnc1,True,1,SAMPLE1_DRAW_GROUP
O=C(NCCc1ccccc1)Nc1cccs1,True,2,SAMPLE1_DRAW_GROUP
O=C(NCCc1ccccc1)OC1CCCC1,True,1,SAMPLE1_DRAW_GROUP
O=C(NCCc1ccccc1)OCC1c2ccccc2-c2ccccc21,True,3,DECODED_SAME_PLATE_ION_0p01
O=C(NCCc1ccccc1)OCc1ccccc1,True,5,COPLATED_IN_DECODED_WELL;DECODED_SAME_PLATE_ION_0p01
O=C(NCCc1ccccc1)c1cc(-c2ccccc2)n(C2CCS(=O)(=O)C2)n1,True,1,SAMPLE1_DRAW_GROUP
O=C(NCCc1ccccc1)c1ccc(NC(=O)N2CCC(C3CCOCC3)C2)cc1,True,1,SAMPLE1_DRAW_GROUP
O=C(NCCc1ccccc1)c1ccc2c(c1)C(=O)OCC2,False,0,EXPOSED_POPULATION:V2-DEVELOPMENT-POPULATION;EXPOSED_POPULATION:WUR-POS-IDENTITY;EXPOSED_POPULATION:WUR-SEALED
O=C(NCCc1ccccc1)c1ccc2c(c1)CCN2,True,1,SAMPLE1_DRAW_GROUP
O=C(NCCc1ccccc1)c1ccc2c(c1)NC(=O)C1CCCCN21,True,1,SAMPLE1_DRAW_GROUP
O=C(NCCc1ccccc1)c1ccc2ccccc2c1,True,1,SAMPLE1_DRAW_GROUP
O=C(NCCc1ccccc1)c1ccc2nnc(C3CC3)n2n1,True,1,SAMPLE1_DRAW_GROUP
O=C(NCCc1ccccc1)c1ccccc1,False,0,COPLATED_IN_DECODED_WELL;DECODED_SAME_PLATE_ION_0p01;DECODED_SAME_WELL_ION_0p7;EXPOSED_POPULATION:LCSB-ALL-MASSBANK-V1-EXPOSURE-SET;EXPOSED_POPULATION:LCSB-DEV;EXPOSED_POPULATION:LCSB-NEG;EXPOSED_POPULATION:LCSB-POS-V2-SPECTRA;EXPOSED_POPULATION:V2-DEVELOPMENT-POPULATION;EXPOSED_POPULATION:WUR-DEV-ANALYSIS;EXPOSED_POPULATION:WUR-POS-IDENTITY;MSNLIB_ANCHOR_CENSUS_DESIGN;MSNLIB_ANCHOR_CENSUS_DETECTED;MSNLIB_ANCHOR_GATE_CALIBRATION;MULTIMS2_ANCHOR_CALIBRATION
O=C(NCCc1ccccc1)c1cccnc1,True,2,SAMPLE1_DRAW_GROUP
O=C(NCCc1ccccc1)c1cnccn1,True,3,DECODED_SAME_PLATE_ION_0p01
O=C(NCCc1ccccn1)c1ccccc1,False,0,COPLATED_IN_DECODED_WELL;DECODED_SAME_PLATE_ION_0p01;DECODED_SAME_WELL_ION_0p7;EXPOSED_POPULATION:V2-DEVELOPMENT-POPULATION;EXPOSED_POPULATION:WUR-DEV-ANALYSIS;EXPOSED_POPULATION:WUR-POS-IDENTITY;MSNLIB_ANCHOR_CENSUS_DESIGN;MSNLIB_ANCHOR_CENSUS_DETECTED;MSNLIB_ANCHOR_GATE_CALIBRATION
O=C(NCCc1ccco1)c1cc2ccccc2s1,True,1,SAMPLE1_DRAW_GROUP
O=C(NCCc1ccoc1)C1(c2cccs2)CCCC1,True,1,SAMPLE1_DRAW_GROUP
O=C(NCCc1ccsc1)c1cnc(-n2cccc2)s1,True,1,SAMPLE1_DRAW_GROUP
O=C(NCCc1cn(-c2cccnc2)nn1)c1cccnc1,True,1,SAMPLE1_DRAW_GROUP
O=C(NCCc1coc(-c2ccccc2)n1)c1n[nH]c2c1CCC2,True,1,SAMPLE1_DRAW_GROUP
O=C(NCCc1coc2ccccc12)C1CC2CCC1O2,True,1,DECODED_SAME_PLATE_ION_0p01
O=C(NCCc1csc(-c2ccccc2)n1)c1ccn[nH]1,True,1,SAMPLE1_DRAW_GROUP
O=C(NCCc1csc2ccccc12)N1CCNC1=O,True,1,SAMPLE1_DRAW_GROUP
O=C(NCCc1nc(-c2ccc3c(c2)OCO3)n[nH]1)c1ccccc1,True,1,SAMPLE1_DRAW_GROUP
O=C(NCCc1nc(-c2cccs2)c[nH]1)C1(c2ccccc2)CCCC1,True,1,SAMPLE1_DRAW_GROUP
O=C(NCCc1nc2ccccc2[nH]1)c1cn2ccccc2n1,True,1,SAMPLE1_DRAW_GROUP
O=C(NCCc1ncccn1)c1ccsc1,True,1,SAMPLE1_DRAW_GROUP
O=C(NCCc1nccs1)c1cnc2ccccc2c1,True,1,DECODED_SAME_PLATE_ION_0p01
O=C(NCCn1cc(-c2ccco2)cn1)c1cnn(-c2ccccc2)n1,False,0,DECODED_SAME_PLATE_ION_0p01
O=C(NCCn1ccc(-c2ccccc2)n1)c1cc[nH]n1,True,1,COPLATED_IN_DECODED_WELL;DECODED_SAME_PLATE_ION_0p01
O=C(NCCn1ccc(-c2ccccc2)n1)c1ccn[nH]1,True,1,COPLATED_IN_DECODED_WELL;DECODED_SAME_PLATE_ION_0p01;DECODED_SAME_WELL_ION_0p7
O=C(NCCn1ccc(-c2cccs2)n1)c1ccoc1,True,1,SAMPLE1_DRAW_GROUP
O=C(NCCn1cccc1)c1ccc(N2CCCC2)cc1,True,1,SAMPLE1_DRAW_GROUP
O=C(NCCn1ccn2nccc12)c1ccccc1,True,1,SAMPLE1_DRAW_GROUP
O=C(NCCn1ccnc1)c1ccncn1,True,1,SAMPLE1_DRAW_GROUP
O=C(NCNC(=O)NC1NC(=O)NC1=O)NC1NC(=O)NC1=O,True,1,COPLATED_IN_DECODED_WELL
O=C(NCc1c[nH]nn1)c1ccccc1,True,1,SAMPLE1_DRAW_GROUP
O=C(NCc1cc(-c2ccc3c(c2)OCCO3)on1)C1CCC1,True,1,SAMPLE1_DRAW_GROUP
O=C(NCc1cc(-c2ccccc2)on1)c1ccc2c(c1)OCO2,True,1,SAMPLE1_DRAW_GROUP
O=C(NCc1cc(=O)[nH]c2ccccc12)c1ccc(-c2ccccc2)o1,True,1,SAMPLE1_DRAW_GROUP
O=C(NCc1cc(C2CC2)[nH]n1)Nc1ccccc1,True,1,SAMPLE1_DRAW_GROUP
O=C(NCc1cc2c([nH]c1=O)CCC2)NC(c1ccccc1)C1CCOCC1,True,1,SAMPLE1_DRAW_GROUP
O=C(NCc1cc2ccccc2[nH]1)c1ccc(COc2ccccc2)o1,True,1,SAMPLE1_DRAW_GROUP
O=C(NCc1cc[nH]n1)C1CCc2ccccc21,True,1,SAMPLE1_DRAW_GROUP
O=C(NCc1ccc(-c2ccsc2)o1)c1cccs1,True,1,SAMPLE1_DRAW_GROUP
O=C(NCc1ccc(-c2cncs2)cc1)C1CCCN1,True,5,COPLATED_IN_DECODED_WELL;DECODED_SAME_PLATE_ION_0p01;DECODED_SAME_WELL_ION_0p7
O=C(NCc1ccc(-c2noc(CCC3CCCC3)n2)cc1)C1CCCN1,True,1,DECODED_SAME_PLATE_ION_0p01
O=C(NCc1ccc(-n2cccn2)cc1)Nc1ccccc1,True,1,DECODED_SAME_PLATE_ION_0p01
O=C(NCc1ccc(-n2ccnc2)cc1)C1CC1,True,1,SAMPLE1_DRAW_GROUP
O=C(NCc1ccc(-n2ccnc2)cc1)c1cncnc1NC1CCCCC1,False,0,DECODED_SAME_PLATE_ION_0p01
O=C(NCc1ccc(S(=O)(=O)c2ccccc2)cc1)c1ccc2nccn2c1,True,1,COPLATED_IN_DECODED_WELL
O=C(NCc1ccc2c(c1)CCCC2)c1ccccc1,True,1,SAMPLE1_DRAW_GROUP
O=C(NCc1ccc2c(c1)CCN2C(=O)C1CCOCC1)c1ccccc1,True,1,COPLATED_IN_DECODED_WELL
O=C(NCc1ccc2c(c1)OCO2)C1(c2cccs2)CCCC1,True,1,SAMPLE1_DRAW_GROUP
O=C(NCc1ccc2c(c1)OCO2)c1ccc2c(c1)NC(=O)c1ccccc1O2,True,1,SAMPLE1_DRAW_GROUP
O=C(NCc1ccc[nH]c1=O)c1cc(-c2ccc(N3CCNCC3)nc2)cc2[nH]ncc12,True,1,SAMPLE1_DRAW_GROUP
O=C(NCc1ccc[nH]c1=O)c1cc(C#CCN2CCOCC2)cc(NC2CCCCC2)c1,True,1,COPLATED_IN_DECODED_WELL;SURFACED_VALUE_ATTRIBUTED_WELL
O=C(NCc1ccc[nH]c1=O)c1cc(NC2CCOCC2)cc(-c2ccc(CN3CCOCC3)cc2)c1,True,1,COPLATED_IN_DECODED_WELL
O=C(NCc1ccc[nH]c1=O)c1cc(NC2CCOCC2)cc2oc(C3CCNCC3)cc12,True,1,SAMPLE1_DRAW_GROUP
O=C(NCc1ccc[nH]c1=O)c1ccc2c(c1)OC(C1CCCCC1)O2,True,1,COPLATED_IN_DECODED_WELL;DECODED_SAME_PLATE_ION_0p01
O=C(NCc1ccc[nH]c1=O)c1ccn(Cc2ccccc2)c1,True,1,COPLATED_IN_DECODED_WELL;DECODED_SAME_PLATE_ION_0p01;DECODED_SAME_WELL_ION_0p7
O=C(NCc1ccc[nH]c1=O)c1cn(CC2CCOCC2)c2ccccc12,True,1,SAMPLE1_DRAW_GROUP
O=C(NCc1cccc2ccccc12)c1ccccc1,True,3,DECODED_SAME_PLATE_ION_0p01
O=C(NCc1ccccc1)C(CC(=O)N1CCC(N2CCCCC2)CC1)N1C(=O)C(N2C(=O)OCC2c2ccccc2)C1C=Cc1ccccc1,True,1,COPLATED_IN_DECODED_WELL;DECODED_SAME_PLATE_ION_0p01;DECODED_SAME_WELL_ION_0p7
O=C(NCc1ccccc1)C(c1ccccc1)c1ccccc1,True,1,SAMPLE1_DRAW_GROUP
O=C(NCc1ccccc1)C1(c2ccccc2)CCC1,True,1,SAMPLE1_DRAW_GROUP
O=C(NCc1ccccc1)C1CC1,False,0,EXPOSED_POPULATION:V2-DEVELOPMENT-POPULATION;EXPOSED_POPULATION:WUR-POS-IDENTITY;EXPOSED_POPULATION:WUR-SEALED
O=C(NCc1ccccc1)C1CCCC(Nc2ncncn2)C1,False,0,COPLATED_IN_DECODED_WELL;SURFACED_VALUE_ATTRIBUTED_WELL
O=C(NCc1ccccc1)C1CCCN1C(=O)Cc1ccno1,True,1,DECODED_SAME_PLATE_ION_0p01;SAMPLE1_DRAW_GROUP
O=C(NCc1ccccc1)C1CCN(C(=O)NCc2ccccc2)CC1,True,1,SAMPLE1_DRAW_GROUP
O=C(NCc1ccccc1)C1CCN(c2ccccn2)CC1,True,1,SAMPLE1_DRAW_GROUP
O=C(NCc1ccccc1)C1CCN(c2ncnc3[nH]ccc23)CC1,True,1,COPLATED_IN_DECODED_WELL
O=C(NCc1ccccc1)C1CNCC1c1ccccc1,True,1,DECODED_SAME_PLATE_ION_0p01
O=C(NCc1ccccc1)C1OCCc2ccccc21,True,1,SAMPLE1_DRAW_GROUP
O=C(NCc1ccccc1)C1c2ccccc2Oc2ccccc21,True,1,SAMPLE1_DRAW_GROUP
O=C(NCc1ccccc1)N(Cc1ccccc1)C1CCNCC1,True,1,COPLATED_IN_DECODED_WELL;DECODED_SAME_PLATE_ION_0p01;DECODED_SAME_WELL_ION_0p7
O=C(NCc1ccccc1)N1CC2CN(S(=O)(=O)c3ccccc3)CC(C1)O2,True,1,COPLATED_IN_DECODED_WELL
O=C(NCc1ccccc1)N1CCC1,True,1,SAMPLE1_DRAW_GROUP
O=C(NCc1ccccc1)N1CCCC1Cc1ccccc1,True,1,SAMPLE1_DRAW_GROUP
O=C(NCc1ccccc1)N1CCCC1c1nc(-c2ccccc2)no1,True,1,SAMPLE1_DRAW_GROUP
O=C(NCc1ccccc1)N1CCN(C2=CC3=NCCN3C=N2)CC1,True,2,SAMPLE1_DRAW_GROUP
O=C(NCc1ccccc1)N1CCN(C2CCOCC2)CC1,True,1,SAMPLE1_DRAW_GROUP
O=C(NCc1ccccc1)N1CCN(Cc2ccccc2)CC1,True,2,SAMPLE1_DRAW_GROUP
O=C(NCc1ccccc1)N1CCN2C(=O)OC(c3ccccc3)(c3ccccc3)C2C1,True,1,DECODED_SAME_PLATE_ION_0p01
O=C(NCc1ccccc1)N1Cc2[nH]nc(Nc3ncnc4ccsc34)c2C1,False,0,COPLATED_IN_DECODED_WELL;DECODED_SAME_PLATE_ION_0p01;DECODED_SAME_WELL_ION_0p7
O=C(NCc1ccccc1)NC12CC3CC(CC(C3)C1)C2,True,1,SAMPLE1_DRAW_GROUP
O=C(NCc1ccccc1)NC1CC(=O)N(C2CC2)C1,True,1,SAMPLE1_DRAW_GROUP
O=C(NCc1ccccc1)NC1CN(c2ccccn2)C1,True,1,SAMPLE1_DRAW_GROUP
O=C(NCc1ccccc1)NC1c2ccccc2CSc2ccccc21,True,1,SAMPLE1_DRAW_GROUP
O=C(NCc1ccccc1)NCC1CCCN1,True,1,SAMPLE1_DRAW_GROUP
O=C(NCc1ccccc1)NCC1CN(Cc2ccccc2)CCO1,True,1,DECODED_SAME_PLATE_ION_0p01
O=C(NCc1ccccc1)NCc1ccccc1,False,0,EXPOSED_POPULATION:V2-DEVELOPMENT-POPULATION;EXPOSED_POPULATION:WUR-POS-IDENTITY;EXPOSED_POPULATION:WUR-SEALED
O=C(NCc1ccccc1)Nc1[nH]ncc1-c1ccccc1,True,1,SAMPLE1_DRAW_GROUP
O=C(NCc1ccccc1)Nc1cccc2[nH]ccc12,True,1,SAMPLE1_DRAW_GROUP
O=C(NCc1ccccc1)Nc1ccccc1,True,2,SURFACED_VALUE_ATTRIBUTED_WELL
O=C(NCc1ccccc1)Nc1nccs1,True,1,DECODED_SAME_PLATE_ION_0p01;SAMPLE1_DRAW_GROUP
O=C(NCc1ccccc1)c1c[nH]c2cccnc2c1=O,False,0,EXPOSED_POPULATION:LCSB-ALL-MASSBANK-V1-EXPOSURE-SET;EXPOSED_POPULATION:LCSB-DEV;EXPOSED_POPULATION:LCSB-NEG;EXPOSED_POPULATION:LCSB-POS-V2-SPECTRA;EXPOSED_POPULATION:V2-DEVELOPMENT-POPULATION
O=C(NCc1ccccc1)c1cc(-c2ccccc2)nc2ccccc12,True,3,COPLATED_IN_DECODED_WELL;DECODED_SAME_PLATE_ION_0p01;DECODED_SAME_WELL_ION_0p7
O=C(NCc1ccccc1)c1cc(-c2ccncc2)c[nH]1,True,1,COPLATED_IN_DECODED_WELL;DECODED_SAME_PLATE_ION_0p01;DECODED_SAME_WELL_ION_0p7
O=C(NCc1ccccc1)c1cc(=O)[nH]c(CNC(=O)c2nnco2)n1,True,1,COPLATED_IN_DECODED_WELL;DECODED_SAME_PLATE_ION_0p01
O=C(NCc1ccccc1)c1cc(=O)[nH]c(N2CCCCS2(=O)=O)n1,True,1,DECODED_SAME_PLATE_ION_0p01
O=C(NCc1ccccc1)c1cc(C(=O)NCc2ccccc2)ncn1,True,1,DECODED_SAME_PLATE_ION_0p01
O=C(NCc1ccccc1)c1cc2c(s1)-c1ccc(-c3ccccc3C(=O)c3ccccc3)cc1S(=O)(=O)C2,True,1,COPLATED_IN_DECODED_WELL
O=C(NCc1ccccc1)c1cc2ccccc2[nH]1,True,6,COPLATED_IN_DECODED_WELL;DECODED_SAME_PLATE_ION_0p01
O=C(NCc1ccccc1)c1cc2ccccc2o1,True,1,SAMPLE1_DRAW_GROUP
O=C(NCc1ccccc1)c1cc2cccnc2s1,True,2,COPLATED_IN_DECODED_WELL;DECODED_SAME_PLATE_ION_0p01
O=C(NCc1ccccc1)c1cc2ccnnc2s1,True,1,COPLATED_IN_DECODED_WELL;DECODED_SAME_PLATE_ION_0p01;DECODED_SAME_WELL_ION_0p7;SAMPLE1_DRAW_GROUP
O=C(NCc1ccccc1)c1ccc(=O)n2c1CCCC2,True,1,SAMPLE1_DRAW_GROUP
O=C(NCc1ccccc1)c1ccc(C(=O)N2CCCC2)cc1,True,1,SAMPLE1_DRAW_GROUP
O=C(NCc1ccccc1)c1ccc(NC(=O)c2ccc3c(=O)[nH]c(=O)[nH]c3c2)cc1,True,1,SAMPLE1_DRAW_GROUP
O=C(NCc1ccccc1)c1ccc2ccccc2n1,True,1,SAMPLE1_DRAW_GROUP
O=C(NCc1ccccc1)c1ccc2n[nH]nc2c1,True,1,SAMPLE1_DRAW_GROUP
O=C(NCc1ccccc1)c1cccc(-c2cnc(-c3cc4ccccc4cn3)[nH]2)c1,True,1,COPLATED_IN_DECODED_WELL;DECODED_SAME_PLATE_ION_0p01;DECODED_SAME_WELL_ION_0p7
O=C(NCc1ccccc1)c1ccccc1,False,0,COPLATED_IN_DECODED_WELL;DECODED_SAME_PLATE_ION_0p01;DECODED_SAME_WELL_ION_0p7;EXPOSED_POPULATION:V2-DEVELOPMENT-POPULATION;EXPOSED_POPULATION:WUR-DEV-ANALYSIS;EXPOSED_POPULATION:WUR-POS-IDENTITY
O=C(NCc1ccccc1)c1ccccc1N=Cc1cccc2ccccc12,True,1,DECODED_SAME_PLATE_ION_0p01
O=C(NCc1ccccc1)c1ccccc1NS(=O)(=O)c1cccc2cccnc12,False,0,EXPOSED_POPULATION:LCSB-ALL-MASSBANK-V1-EXPOSURE-SET;EXPOSED_POPULATION:LCSB-DEV;EXPOSED_POPULATION:LCSB-NEG;EXPOSED_POPULATION:LCSB-POS-V2-SPECTRA;EXPOSED_POPULATION:V2-DEVELOPMENT-POPULATION
O=C(NCc1ccccc1)c1cccnc1Oc1ccc2c(c1)OCO2,False,0,EXPOSED_POPULATION:ENTACT-MIX-LISTS-499-503-505;EXPOSED_POPULATION:LCSB-ALL-MASSBANK-V1-EXPOSURE-SET;EXPOSED_POPULATION:LCSB-DEV;EXPOSED_POPULATION:LCSB-NEG;EXPOSED_POPULATION:LCSB-POS-V2-SPECTRA;EXPOSED_POPULATION:V2-DEVELOPMENT-POPULATION
O=C(NCc1ccccc1)c1cccnc1Oc1ccc2nonc2c1,False,0,EXPOSED_POPULATION:LCSB-ALL-MASSBANK-V1-EXPOSURE-SET;EXPOSED_POPULATION:LCSB-NEG
O=C(NCc1ccccc1)c1cccnc1Oc1ccccc1,False,0,EXPOSED_POPULATION:ENTACT-MIX-LISTS-499-503-505;EXPOSED_POPULATION:LCSB-ALL-MASSBANK-V1-EXPOSURE-SET;EXPOSED_POPULATION:LCSB-DEV;EXPOSED_POPULATION:LCSB-POS-V2-SPECTRA;EXPOSED_POPULATION:LCSB-RAW-MIX-REPLICATE-SET-92;EXPOSED_POPULATION:LCSB-RAW-MIXES-499-503-505;EXPOSED_POPULATION:V2-DEVELOPMENT-POPULATION
O=C(NCc1ccccc1)c1ccn[nH]1,False,0,EXPOSED_POPULATION:LCSB-ALL-MASSBANK-V1-EXPOSURE-SET;EXPOSED_POPULATION:LCSB-DEV;EXPOSED_POPULATION:LCSB-POS-V2-SPECTRA;EXPOSED_POPULATION:V2-DEVELOPMENT-POPULATION;EXPOSED_POPULATION:WUR-DEV-ANALYSIS;EXPOSED_POPULATION:WUR-POS-IDENTITY
O=C(NCc1ccccc1)c1ccncc1,True,1,SAMPLE1_DRAW_GROUP
O=C(NCc1ccccc1)c1cn(-c2ccccc2)nn1,True,4,SAMPLE1_DRAW_GROUP
O=C(NCc1ccccc1)c1cn2c(cc1=O)C(=O)N1C3CCC(C3)OC1C2,True,1,COPLATED_IN_DECODED_WELL
O=C(NCc1ccccc1)c1cn2c(cc1=O)C(=O)N1CCCOC1C2,True,1,COPLATED_IN_DECODED_WELL
O=C(NCc1ccccc1)c1cn2c(cc1=O)C(=O)N1CCOC1C2,True,1,COPLATED_IN_DECODED_WELL
O=C(NCc1ccccc1)c1cn[nH]c1Oc1ccccc1,True,1,DECODED_SAME_PLATE_ION_0p01
O=C(NCc1ccccc1)c1cnc(N2CCN(CC3CCCOC3)CC2)nc1,True,1,COPLATED_IN_DECODED_WELL;DECODED_SAME_PLATE_ION_0p01;DECODED_SAME_WELL_ION_0p7
O=C(NCc1ccccc1)c1cnc2sccn2c1=O,True,2,SAMPLE1_DRAW_GROUP
O=C(NCc1ccccc1)c1cncc(C(=O)NCc2ccccc2)c1,True,1,COPLATED_IN_DECODED_WELL;DECODED_SAME_PLATE_ION_0p01;DECODED_SAME_WELL_ION_0p7
O=C(NCc1ccccc1)c1conc1-c1ccccc1,True,2,SAMPLE1_DRAW_GROUP
O=C(NCc1ccccc1)c1csc2ncnc(N3CCCCC3)c12,True,1,SAMPLE1_DRAW_GROUP
O=C(NCc1ccccc1)c1nc2scc(COCc3ccccc3)c2c(=O)[nH]1,True,1,COPLATED_IN_DECODED_WELL
O=C(NCc1ccccc1)c1ncccn1,True,1,SAMPLE1_DRAW_GROUP
O=C(NCc1ccccc1)c1sccc1OCc1ccccc1,False,0,DECODED_SAME_PLATE_ION_0p01
O=C(NCc1ccccc1Cn1cncn1)c1cc(-c2ccco2)nc2oncc12,True,1,SAMPLE1_DRAW_GROUP
O=C(NCc1ccccn1)C1CC(=O)N(c2ccccc2)C1,True,1,SAMPLE1_DRAW_GROUP
O=C(NCc1ccccn1)NCC1CCOCC1,True,1,SAMPLE1_DRAW_GROUP
O=C(NCc1ccccn1)c1cc(-c2cccnc2)cnc1-c1ccccn1,True,1,COPLATED_IN_DECODED_WELL
O=C(NCc1ccccn1)c1ccccc1,False,0,EXPOSED_POPULATION:V2-DEVELOPMENT-POPULATION;EXPOSED_POPULATION:WUR-DEV-HOLD;EXPOSED_POPULATION:WUR-POS-IDENTITY
O=C(NCc1ccccn1)c1cnn(-c2ccccc2)n1,True,1,SAMPLE1_DRAW_GROUP
O=C(NCc1ccccn1)c1coc(CCNCCc2nc3ccccc3[nH]2)n1,True,1,DECODED_SAME_PLATE_ION_0p01
O=C(NCc1cccnc1)C1CC1C1CCCCC1,True,1,SAMPLE1_DRAW_GROUP
O=C(NCc1cccnc1)C1CC1c1ccccc1,True,1,SAMPLE1_DRAW_GROUP
O=C(NCc1cccnc1)C1CCCN1C(=O)C12CC3CC(CC(C3)C1)C2,True,1,SAMPLE1_DRAW_GROUP
O=C(NCc1cccnc1)C1CCc2nc[nH]c2C1,True,2,SAMPLE1_DRAW_GROUP
O=C(NCc1cccnc1)N1CCC(N2CCOCC2)C1,True,1,SAMPLE1_DRAW_GROUP
O=C(NCc1cccnc1)N1CCCCC1,True,1,SAMPLE1_DRAW_GROUP
O=C(NCc1cccnc1)Nc1ccccc1,False,0,EXPOSED_POPULATION:ENTACT-MIX-LISTS-499-503-505;EXPOSED_POPULATION:LCSB-ALL-MASSBANK-V1-EXPOSURE-SET;EXPOSED_POPULATION:LCSB-DEV;EXPOSED_POPULATION:LCSB-NEG;EXPOSED_POPULATION:LCSB-POS-V2-SPECTRA;EXPOSED_POPULATION:V2-DEVELOPMENT-POPULATION
O=C(NCc1cccnc1)Nc1cnc2[nH]ncc2c1,True,1,SAMPLE1_DRAW_GROUP
O=C(NCc1cccnc1)c1c[nH]c2ccccc2c1=O,True,1,SAMPLE1_DRAW_GROUP
O=C(NCc1cccnc1)c1cc2ccccc2o1,True,1,SAMPLE1_DRAW_GROUP
O=C(NCc1cccnc1)c1ccc(NCc2ccc3[nH]cnc(=O)c3c2)cc1,True,1,COPLATED_IN_DECODED_WELL
O=C(NCc1cccnc1)c1ccc2nc[nH]c2c1,True,1,SAMPLE1_DRAW_GROUP
O=C(NCc1cccnc1)c1ccccc1C1C(=O)N(Cc2ccccc2)c2ccccc21,False,0,EXPOSED_POPULATION:ENTACT-MIX-LISTS-499-503-505;EXPOSED_POPULATION:LCSB-ALL-MASSBANK-V1-EXPOSURE-SET;EXPOSED_POPULATION:LCSB-DEV;EXPOSED_POPULATION:LCSB-POS-V2-SPECTRA;EXPOSED_POPULATION:V2-DEVELOPMENT-POPULATION
O=C(NCc1cccnc1)c1ccnc2ccnn12,True,1,SAMPLE1_DRAW_GROUP
O=C(NCc1cccnc1-c1ccco1)c1nc2ncccn2n1,True,1,DECODED_SAME_PLATE_ION_0p01;SAMPLE1_DRAW_GROUP
O=C(NCc1ccco1)C1(c2ccccc2)CCOCC1,True,1,SAMPLE1_DRAW_GROUP
O=C(NCc1ccco1)C1CCCN(C(=O)c2ccccc2)C1,True,1,SAMPLE1_DRAW_GROUP
O=C(NCc1ccco1)C1CCCN(c2nnc(N3CCCC3=O)s2)C1,True,1,SAMPLE1_DRAW_GROUP
O=C(NCc1ccco1)NC1CCN(Cc2cccnc2)C1,True,1,SAMPLE1_DRAW_GROUP
O=C(NCc1ccco1)c1cc2nc(-c3ccccc3)ccn2n1,True,1,SAMPLE1_DRAW_GROUP
O=C(NCc1ccco1)c1ccc2c(=O)n(-c3ccccc3)cnc2c1,True,1,SAMPLE1_DRAW_GROUP
O=C(NCc1cccs1)C1CC(=O)N(c2ccccc2)C1,True,1,SAMPLE1_DRAW_GROUP
O=C(NCc1cccs1)C1CCN(S(=O)(=O)c2cnn(-c3ccccc3)c2)CC1,True,1,SAMPLE1_DRAW_GROUP
O=C(NCc1cccs1)c1cc2sccc2[nH]1,True,1,SAMPLE1_DRAW_GROUP
O=C(NCc1cccs1)c1ccccc1,True,1,SAMPLE1_DRAW_GROUP
O=C(NCc1cccs1)c1cncs1,False,0,EXPOSED_POPULATION:V2-DEVELOPMENT-POPULATION;EXPOSED_POPULATION:WUR-DEV-HOLD;EXPOSED_POPULATION:WUR-POS-IDENTITY
O=C(NCc1ccncc1)C1CCc2nc[nH]c2C1,True,1,SAMPLE1_DRAW_GROUP
O=C(NCc1ccncc1)c1cncc2c1cnn2-c1ccccc1,True,1,COPLATED_IN_DECODED_WELL;DECODED_SAME_PLATE_ION_0p01;DECODED_SAME_WELL_ION_0p7
O=C(NCc1ccncc1)c1csc(Nc2ccccc2)n1,True,1,SAMPLE1_DRAW_GROUP
O=C(NCc1ccoc1)c1ccc(-n2cccn2)cc1,True,1,SAMPLE1_DRAW_GROUP
O=C(NCc1ccon1)N1CCCC1c1ccccc1,True,1,SAMPLE1_DRAW_GROUP
O=C(NCc1cn(Cc2ccccc2)nn1)c1cccs1,True,1,SAMPLE1_DRAW_GROUP
O=C(NCc1cn[nH]c1)C1CCCN1C(=O)c1ccccc1,True,1,SAMPLE1_DRAW_GROUP
O=C(NCc1cn[nH]c1)N1CCCCC1,True,2,SAMPLE1_DRAW_GROUP
O=C(NCc1cn[nH]c1)c1cc2ccccc2s1,True,2,SAMPLE1_DRAW_GROUP
O=C(NCc1cnc2sccn12)c1cn[nH]c1,True,1,SAMPLE1_DRAW_GROUP
O=C(NCc1cncc(-c2ccsc2)c1)c1ccccc1,True,1,SAMPLE1_DRAW_GROUP
O=C(NCc1cnccn1)c1c(=O)c2ccc(N3CCCNCC3)nc2n2c1sc1ccccc12,True,1,SAMPLE1_DRAW_GROUP
O=C(NCc1cncnc1)NC1CCCN(c2ccn[nH]2)C1,True,1,SAMPLE1_DRAW_GROUP
O=C(NCc1coc(-c2ccccc2)n1)c1ccccc1,True,1,COPLATED_IN_DECODED_WELL;DECODED_SAME_PLATE_ION_0p01;DECODED_SAME_WELL_ION_0p7
O=C(NCc1coc2ccccc12)N1CCOC2(CCCOC2)C1,True,1,SAMPLE1_DRAW_GROUP
O=C(NCc1cocn1)NC1CCOC12CCCCC2,True,1,SAMPLE1_DRAW_GROUP
O=C(NCc1csc(-c2ccccc2)n1)OC1CN2CCC1CC2,True,1,DECODED_SAME_PLATE_ION_0p01;SAMPLE1_DRAW_GROUP
O=C(NCc1cscn1)NC(CCN1CCOCC1)C(=O)NC(CCC(Cc1ccccc1)NC(=O)OCc1cncs1)Cc1ccccc1,True,1,COPLATED_IN_DECODED_WELL;DECODED_SAME_PLATE_ION_0p01;DECODED_SAME_WELL_ION_0p7;SAMPLE1_DRAW_GROUP
O=C(NCc1n[nH]c(=O)c2ccccc12)Nc1ccccc1,True,1,SAMPLE1_DRAW_GROUP
O=C(NCc1nc(-c2ccccc2)no1)N1CCCCCC1,True,1,SAMPLE1_DRAW_GROUP
O=C(NCc1nc(-c2ccco2)n[nH]1)NC(c1ccccc1)c1ccccc1,True,1,SAMPLE1_DRAW_GROUP
O=C(NCc1nc2ccccc2[nH]1)C1CCCN1C(=O)c1ccccc1,True,1,SAMPLE1_DRAW_GROUP
O=C(NCc1nc2ccccc2[nH]1)NC1CCC2CCCC2C1,True,1,SAMPLE1_DRAW_GROUP
O=C(NCc1nc2ccccc2[nH]1)c1ccc(-c2ccccc2)cc1,True,1,DECODED_SAME_PLATE_ION_0p01
O=C(NCc1nc2ccccc2[nH]1)c1ccco1,True,1,SAMPLE1_DRAW_GROUP
O=C(NCc1ncccn1)c1cnc(N2CCCC2)nc1NCc1ccccc1,False,0,COPLATED_IN_DECODED_WELL;DECODED_SAME_PLATE_ION_0p01;DECODED_SAME_WELL_ION_0p7;EXPOSED_POPULATION:V2-DEVELOPMENT-POPULATION;EXPOSED_POPULATION:WUR-NEG-D6-EXCLUDED;EXPOSED_POPULATION:WUR-POS-IDENTITY;EXPOSED_POPULATION:WUR-SEALED;MSNLIB_ANCHOR_CENSUS_DESIGN;MSNLIB_ANCHOR_CENSUS_DETECTED;MSNLIB_ANCHOR_GATE_CALIBRATION;MULTIMS2_ANCHOR_CALIBRATION
O=C(NCc1nccnc1-c1ccoc1)c1cccs1,True,1,SAMPLE1_DRAW_GROUP
O=C(NCc1nccs1)C1CCCC1,True,1,SAMPLE1_DRAW_GROUP
O=C(NCc1nccs1)NCC1CCOCC1,True,1,SAMPLE1_DRAW_GROUP
O=C(NCc1ncn[nH]1)C1CC1c1ccccc1,True,1,SAMPLE1_DRAW_GROUP
O=C(NCc1ncn[nH]1)c1cn[nH]c1,True,1,SAMPLE1_DRAW_GROUP
O=C(NCc1ncno1)C1CCOCC1,True,1,SAMPLE1_DRAW_GROUP
O=C(NCc1nnc2n1CCC2)NC1CCCCCCC1,True,1,SAMPLE1_DRAW_GROUP
O=C(NCc1nncs1)NCC1(N2CCOCC2)CCCCC1,True,1,SAMPLE1_DRAW_GROUP
O=C(NCc1oc2ccccc2c(=O)c1Cc1ccccc1)c1ccccc1,True,1,COPLATED_IN_DECODED_WELL;DECODED_SAME_PLATE_ION_0p01;DECODED_SAME_WELL_ION_0p7
O=C(NCc1scnc1-c1ccccc1)Nc1ccccc1,False,0,COPLATED_IN_DECODED_WELL
O=C(NN1C(=O)c2ccccc2NC1c1ccc2c(c1)OCO2)c1ccncc1,True,1,SAMPLE1_DRAW_GROUP
O=C(NN1CC2CCCC2C1)NS(=O)(=O)c1ccccc1,True,1,COPLATED_IN_DECODED_WELL;DECODED_SAME_PLATE_ION_0p01;DECODED_SAME_WELL_ION_0p7
O=C(NN1CCCCC1)c1cc(-c2ccc(C#Cc3ccccc3)s2)n(-c2ccccc2)n1,True,1,COPLATED_IN_DECODED_WELL
O=C(NN1CCCCC1)c1cc(-c2ccccc2)n(-c2ccccc2)n1,False,0,COPLATED_IN_DECODED_WELL;DECODED_SAME_PLATE_ION_0p01;DECODED_SAME_WELL_ION_0p7;EXPOSED_POPULATION:ENTACT-MIX-LISTS-499-503-505;EXPOSED_POPULATION:LCSB-ALL-MASSBANK-V1-EXPOSURE-SET;EXPOSED_POPULATION:LCSB-DEV;EXPOSED_POPULATION:LCSB-POS-V2-SPECTRA;EXPOSED_POPULATION:V2-DEVELOPMENT-POPULATION;EXPOSED_POPULATION:WUR-DEV-ANALYSIS;EXPOSED_POPULATION:WUR-POS-IDENTITY;MSNLIB_ANCHOR_CENSUS_DESIGN;MSNLIB_ANCHOR_CENSUS_DETECTED;MSNLIB_ANCHOR_GATE_CALIBRATION;MULTIMS2_ANCHOR_CALIBRATION
O=C(NN1CCCCC1)c1ccccc1,True,1,COPLATED_IN_DECODED_WELL;DECODED_SAME_PLATE_ION_0p01;DECODED_SAME_WELL_ION_0p7
O=C(NN1CCCCCC1)NS(=O)(=O)c1ccccc1,False,0,COPLATED_IN_DECODED_WELL;DECODED_SAME_PLATE_ION_0p01;DECODED_SAME_WELL_ION_0p7;EXPOSED_POPULATION:ENTACT-MIX-LISTS-499-503-505;EXPOSED_POPULATION:LCSB-ALL-MASSBANK-V1-EXPOSURE-SET;EXPOSED_POPULATION:LCSB-DEV;EXPOSED_POPULATION:LCSB-NEG;EXPOSED_POPULATION:LCSB-POS-V2-SPECTRA;EXPOSED_POPULATION:V2-DEVELOPMENT-POPULATION;MSNLIB_ANCHOR_CENSUS_DESIGN;MSNLIB_ANCHOR_CENSUS_DETECTED;MSNLIB_ANCHOR_GATE_CALIBRATION
O=C(NN1CCc2ccccc21)c1ccccc1,False,0,COPLATED_IN_DECODED_WELL;EXPOSED_POPULATION:LCSB-ALL-MASSBANK-V1-EXPOSURE-SET;EXPOSED_POPULATION:LCSB-CONFIRMATION;EXPOSED_POPULATION:LCSB-NEG
O=C(NN=C(c1ccccc1)c1cccnc1)c1ccccc1,True,1,SAMPLE1_DRAW_GROUP
O=C(NN=CCC(=O)N1CCOCC1)c1ccccc1,True,1,DECODED_SAME_PLATE_ION_0p01
O=C(NN=Cc1ccc(Sc2ccccn2)o1)c1ccccc1,True,1,COPLATED_IN_DECODED_WELL;DECODED_SAME_PLATE_ION_0p01;DECODED_SAME_WELL_ION_0p7
O=C(NN=Cc1ccc2c(c1)OCO2)c1ccsc1,True,1,SAMPLE1_DRAW_GROUP
O=C(NN=Cc1cccc(OC2CSC2)c1)c1ccccc1,True,1,SAMPLE1_DRAW_GROUP
O=C(NN=Cc1cccc2ccccc12)c1ccccc1,True,2,COPLATED_IN_DECODED_WELL;DECODED_SAME_PLATE_ION_0p01
O=C(NN=Cc1ccccc1)c1ccc(C(=O)NN=Cc2ccccc2)cc1,True,1,COPLATED_IN_DECODED_WELL
O=C(NN=Cc1ccccc1)c1ccc2ccccc2c1,True,2,COPLATED_IN_DECODED_WELL
O=C(NN=Cc1ccccc1)c1cccc(S(=O)(=O)N2CCNCC2)c1,True,1,DECODED_SAME_PLATE_ION_0p01
O=C(NN=Cc1ccccc1)c1ccccc1,True,4,DECODED_SAME_PLATE_ION_0p01
O=C(NN=Cc1ccccc1)c1ccccn1,True,1,SAMPLE1_DRAW_GROUP
O=C(NN=Cc1ccccc1)c1ccnc(NCCCN2CCOCC2)c1,False,0,COPLATED_IN_DECODED_WELL
O=C(NN=Cc1ccccc1)c1ccncc1,True,4,DECODED_SAME_PLATE_ION_0p01;SAMPLE1_DRAW_GROUP
O=C(NN=Cc1ccccc1)c1cnc2ccccn12,True,2,SAMPLE1_DRAW_GROUP
O=C(NN=Cc1ccccc1OC(=O)c1ccco1)c1cc[nH]n1,True,1,SAMPLE1_DRAW_GROUP
O=C(NN=Cc1ccccn1)Nc1ccccc1,False,0,EXPOSED_POPULATION:LCSB-ALL-MASSBANK-V1-EXPOSURE-SET;EXPOSED_POPULATION:LCSB-DEV;EXPOSED_POPULATION:LCSB-NEG;EXPOSED_POPULATION:LCSB-POS-V2-SPECTRA;EXPOSED_POPULATION:V2-DEVELOPMENT-POPULATION;EXPOSED_POPULATION:WUR-NEG-DEV
O=C(NN=Cc1ccco1)C(c1ccccc1)c1ccccc1,True,1,SAMPLE1_DRAW_GROUP
O=C(NN=Cc1ccco1)c1ccccc1,True,3,COPLATED_IN_DECODED_WELL
O=C(NN=Cc1ccco1)c1ccccc1Oc1ccccc1,True,1,DECODED_SAME_PLATE_ION_0p01
O=C(NN=Cc1cccs1)c1ccco1,True,1,SAMPLE1_DRAW_GROUP
O=C(NN=Cc1ccncc1)c1ccncc1,False,0,DECODED_SAME_PLATE_ION_0p01
O=C(NNC(=O)c1ccccc1)c1ccccc1,False,0,COPLATED_IN_DECODED_WELL;DECODED_SAME_PLATE_ION_0p01;DECODED_SAME_WELL_ION_0p7;EXPOSED_POPULATION:ENTACT-MIX-LISTS-499-503-505;EXPOSED_POPULATION:LCSB-ALL-MASSBANK-V1-EXPOSURE-SET;EXPOSED_POPULATION:LCSB-DEV;EXPOSED_POPULATION:LCSB-NEG;EXPOSED_POPULATION:LCSB-POS-V2-SPECTRA;EXPOSED_POPULATION:V2-DEVELOPMENT-POPULATION;EXPOSED_POPULATION:WUR-DEV-ANALYSIS;EXPOSED_POPULATION:WUR-NEG-DEV;EXPOSED_POPULATION:WUR-POS-IDENTITY;MSNLIB_ANCHOR_CENSUS_DESIGN;MSNLIB_ANCHOR_CENSUS_DETECTED;MSNLIB_ANCHOR_GATE_CALIBRATION
O=C(NNC(=O)c1cccs1)c1ccccc1,True,1,SAMPLE1_DRAW_GROUP
O=C(NNC(=O)c1cccs1)c1ccco1,True,1,SAMPLE1_DRAW_GROUP
O=C(NNC(=S)Nc1ccccc1)c1ccccc1,True,1,DECODED_SAME_PLATE_ION_0p01
O=C(NNCc1ccccc1)c1ccon1,True,1,COPLATED_IN_DECODED_WELL
O=C(NNS(=O)(=O)c1ccccc1)c1cccc(-c2ccccc2)c1,True,1,COPLATED_IN_DECODED_WELL
O=C(NNS(=O)(=O)c1ccccc1)c1ccncc1,True,1,SAMPLE1_DRAW_GROUP
O=C(NNc1ccc2cn[nH]c2n1)Nc1ccncc1,True,1,COPLATED_IN_DECODED_WELL
O=C(NNc1ccccc1)c1ccncc1,True,1,COPLATED_IN_DECODED_WELL
O=C(NS(=O)(=O)C=Cc1ccccc1)c1ccccc1,False,0,EXPOSED_POPULATION:LCSB-ALL-MASSBANK-V1-EXPOSURE-SET;EXPOSED_POPULATION:LCSB-DEV;EXPOSED_POPULATION:LCSB-NEG;EXPOSED_POPULATION:LCSB-POS-V2-SPECTRA;EXPOSED_POPULATION:V2-DEVELOPMENT-POPULATION
O=C(NS(=O)(=O)C=Cc1cccs1)c1ccccc1,False,0,EXPOSED_POPULATION:ENTACT-MIX-LISTS-499-503-505;EXPOSED_POPULATION:LCSB-ALL-MASSBANK-V1-EXPOSURE-SET;EXPOSED_POPULATION:LCSB-DEV;EXPOSED_POPULATION:LCSB-POS-V2-SPECTRA;EXPOSED_POPULATION:V2-DEVELOPMENT-POPULATION
O=C(NS(=O)(=O)Cc1ccccc1)C1CCN(c2ccccn2)CC1,False,0,DECODED_SAME_PLATE_ION_0p01
O=C(NS(=O)(=O)Cc1ccccn1)C1CC1C1CCNCC1,True,1,SAMPLE1_DRAW_GROUP
O=C(NS(=O)(=O)Cc1ccon1)C1CC2CCC1C2,True,1,SAMPLE1_DRAW_GROUP
O=C(NS(=O)(=O)N1CCC1)c1ccc(OCC23CC4CC(CC(C4)C2)C3)c(C2CC2)c1,True,1,DECODED_SAME_PLATE_ION_0p01
O=C(NS(=O)(=O)N1CCc2ccccc21)c1cc(S(=O)(=O)N2CCOCC2)c[nH]1,True,1,SAMPLE1_DRAW_GROUP
O=C(NS(=O)(=O)c1ccc(NCC2CCOCC2)cc1)c1ccc(N2CCN(CC3=C(c4ccccc4)CCCC3)CC2)cc1Oc1cnc2[nH]ccc2c1,True,1,COPLATED_IN_DECODED_WELL
O=C(NS(=O)(=O)c1ccc(NCCSc2ccccc2)cc1)c1ccc(N2CCC(Cc3ccccc3-c3ccccc3)CC2)cc1,True,1,COPLATED_IN_DECODED_WELL
O=C(NS(=O)(=O)c1ccc(NCCSc2ccccc2)cc1)c1ccc(N2CCN(Cc3ccccc3-c3ccccc3)CC2)cc1,True,1,COPLATED_IN_DECODED_WELL;SURFACED_VALUE_ATTRIBUTED_WELL
O=C(NS(=O)(=O)c1ccc2c(c1)NCCC2)C1COC1,True,1,SAMPLE1_DRAW_GROUP
O=C(NS(=O)(=O)c1ccccc1)n1nc[nH]c1=O,False,0,EXPOSED_POPULATION:LCSB-ALL-MASSBANK-V1-EXPOSURE-SET;EXPOSED_POPULATION:LCSB-CONFIRMATION;EXPOSED_POPULATION:V2-DEVELOPMENT-POPULATION;EXPOSED_POPULATION:WUR-POS-IDENTITY;EXPOSED_POPULATION:WUR-SEALED
O=C(NS(=O)(=O)c1cccs1)c1ccccc1,True,1,SAMPLE1_DRAW_GROUP
O=C(NS(=O)(=O)c1ccsc1)n1nc[nH]c1=O,False,0,EXPOSED_POPULATION:V2-DEVELOPMENT-POPULATION;EXPOSED_POPULATION:WUR-DEV-HOLD;EXPOSED_POPULATION:WUR-POS-IDENTITY
O=C(Nc1[nH]nc2[nH]nc(-c3ccccc3)c12)C1CC1,True,1,SAMPLE1_DRAW_GROUP
O=C(Nc1[nH]nc2[nH]nc(-c3ccccc3)c12)c1cccnc1,True,1,SAMPLE1_DRAW_GROUP
O=C(Nc1[nH]nc2c1CS(=O)(=O)C2)c1ccccc1,False,0,DECODED_SAME_PLATE_ION_0p01
O=C(Nc1c(-c2ccccc2)c(=O)cnn1-c1ccccc1)c1cccs1,True,1,SAMPLE1_DRAW_GROUP
O=C(Nc1c(C(=O)N2CCCCC2)[nH]c2ccccc12)c1ccccc1,True,1,SAMPLE1_DRAW_GROUP
O=C(Nc1c[nH]c2nccc(N3CCCCC3)c12)C1CC1,True,1,DECODED_SAME_PLATE_ION_0p01
O=C(Nc1c[nH]n(-c2ccccc2)c1=O)c1cc2cnn(-c3ccccc3)c2s1,True,1,COPLATED_IN_DECODED_WELL;DECODED_SAME_PLATE_ION_0p01;DECODED_SAME_WELL_ION_0p7
O=C(Nc1c[nH]n(-c2ccccc2)c1=O)c1cccnc1,True,1,COPLATED_IN_DECODED_WELL;DECODED_SAME_PLATE_ION_0p01
O=C(Nc1c[nH]nc1C1CCCCC1)N1CCCCC1,True,1,SAMPLE1_DRAW_GROUP
O=C(Nc1cc(-c2cccc(CN3CCOCC3)c2)ccc1N1CCNCC1)c1ccc(=O)[nH]c1,True,1,COPLATED_IN_DECODED_WELL
O=C(Nc1cc(-c2cccc(CN3CCOCC3)c2)ccc1N1CCOCC1)c1ccc(=O)[nH]c1,True,1,DECODED_SAME_PLATE_ION_0p01
O=C(Nc1cc(-c2ccccc2)ccn1)C1CCCNC1,True,1,DECODED_SAME_PLATE_ION_0p01
O=C(Nc1cc(-c2ccccc2)nn1-c1ccccc1)c1ccccc1,True,1,COPLATED_IN_DECODED_WELL;DECODED_SAME_PLATE_ION_0p01;DECODED_SAME_WELL_ION_0p7
O=C(Nc1cc(-c2ccccn2)no1)c1ccc2c(c1)OCO2,True,1,SAMPLE1_DRAW_GROUP
O=C(Nc1cc(-c2ccco2)n[nH]1)N1CCOC2(CCCOC2)C1,True,1,SAMPLE1_DRAW_GROUP
O=C(Nc1cc(-c2ccncc2)[nH]n1)c1ccc(Cn2cccn2)cc1,True,1,SAMPLE1_DRAW_GROUP
O=C(Nc1cc(-c2nccs2)ccn1)C1CC1,True,1,DECODED_SAME_PLATE_ION_0p01
O=C(Nc1cc(C2CCCOC2)[nH]n1)C1CCCO1,True,1,SAMPLE1_DRAW_GROUP
O=C(Nc1cc(C2CCCOC2)n[nH]1)c1nccn2ccnc12,True,1,SAMPLE1_DRAW_GROUP
O=C(Nc1cc(NCc2ccccc2)c2ccccc2n1)c1ccccc1,False,0,EXPOSED_POPULATION:LCSB-ALL-MASSBANK-V1-EXPOSURE-SET;EXPOSED_POPULATION:LCSB-DEV;EXPOSED_POPULATION:LCSB-NEG;EXPOSED_POPULATION:LCSB-POS-V2-SPECTRA;EXPOSED_POPULATION:V2-DEVELOPMENT-POPULATION
O=C(Nc1cc(Nc2cccc(-c3nc[nH]n3)c2)cnn1)C1CC1,True,1,COPLATED_IN_DECODED_WELL;DECODED_SAME_PLATE_ION_0p01
O=C(Nc1cc(Oc2ccc(NC(=O)C3(C(=O)Nc4ccccc4)CC3)cc2)ccn1)C1CC1,True,1,COPLATED_IN_DECODED_WELL;DECODED_SAME_PLATE_ION_0p01;DECODED_SAME_WELL_ION_0p7
O=C(Nc1cc2[nH]c(=O)[nH]c2cc1N1CCCC1)c1ccccc1,True,1,DECODED_SAME_PLATE_ION_0p01
O=C(Nc1cc2[nH]c(=O)[nH]c2cc1N1CCCCC1)c1ccccc1,True,1,COPLATED_IN_DECODED_WELL;DECODED_SAME_PLATE_ION_0p01;DECODED_SAME_WELL_ION_0p7;SAMPLE1_DRAW_GROUP
O=C(Nc1cc2c(s1)CCCC2)C1CCCCC1,True,1,SAMPLE1_DRAW_GROUP
O=C(Nc1cc2c(s1)CCCC2)c1cc2nc(-c3ccccc3)ccn2n1,True,1,SAMPLE1_DRAW_GROUP
O=C(Nc1cc2c(s1)CCCC2)c1cccc2ccccc12,True,1,DECODED_SAME_PLATE_ION_0p01
O=C(Nc1cc2c(s1)CCCC2)c1ccccc1,True,2,SAMPLE1_DRAW_GROUP
O=C(Nc1cc2c(s1)CCCC2)c1ccco1,True,1,DECODED_SAME_PLATE_ION_0p01
O=C(Nc1cc2c(s1)CCCC2)c1ccncc1,True,2,SAMPLE1_DRAW_GROUP
O=C(Nc1cc2c(s1)COCC2)c1ccn[nH]1,True,1,DECODED_SAME_PLATE_ION_0p01
O=C(Nc1cc2ccc(OC3CCCCO3)cc2oc1=O)c1ccccc1,True,1,COPLATED_IN_DECODED_WELL
O=C(Nc1cc[nH]c1)c1ccc[nH]1,True,1,COPLATED_IN_DECODED_WELL;SAMPLE1_DRAW_GROUP
O=C(Nc1cc[nH]n1)C1CCCN1C(=O)Cc1ccccc1,True,1,SAMPLE1_DRAW_GROUP
O=C(Nc1cc[nH]n1)c1ccoc1,True,1,SAMPLE1_DRAW_GROUP
O=C(Nc1ccc(-c2cc3ccccc3oc2=O)cc1)c1ccco1,True,1,SAMPLE1_DRAW_GROUP
O=C(Nc1ccc(-c2ccc(N3CCCC3)nn2)cc1)c1ccccc1,True,1,SAMPLE1_DRAW_GROUP
O=C(Nc1ccc(-c2ccccc2)cc1)C1=CCCC1,True,1,DECODED_SAME_PLATE_ION_0p01
O=C(Nc1ccc(-c2ccccc2)cc1)C1CC1c1ccccn1,True,2,COPLATED_IN_DECODED_WELL;DECODED_SAME_PLATE_ION_0p01
O=C(Nc1ccc(-c2ccccc2)cc1)c1ccccc1,True,1,DECODED_SAME_PLATE_ION_0p01
O=C(Nc1ccc(-c2ccccc2)s1)C1CCCC1,True,1,SAMPLE1_DRAW_GROUP
O=C(Nc1ccc(-c2cn3c(n2)sc2cc(OCCN4CCOCC4)ccc23)cc1)Nc1ccon1,True,1,COPLATED_IN_DECODED_WELL
O=C(Nc1ccc(-c2cn3ccsc3n2)cc1)C1CCCCC1,True,1,SAMPLE1_DRAW_GROUP
O=C(Nc1ccc(-c2cn[nH]c2)cc1)C1COc2ccccc2O1,True,1,DECODED_SAME_PLATE_ION_0p01;SAMPLE1_DRAW_GROUP
O=C(Nc1ccc(-c2nc(-c3cccnc3)no2)cc1)c1ccccc1,True,1,SAMPLE1_DRAW_GROUP
O=C(Nc1ccc(-c2nc3ccccc3o2)cc1)C1CCCC1,True,1,COPLATED_IN_DECODED_WELL
O=C(Nc1ccc(-c2nnco2)cc1)N1CCCC1,True,1,SAMPLE1_DRAW_GROUP
O=C(Nc1ccc(-n2ccc(-c3cccnc3)n2)cn1)c1ccc(=O)[nH]c1,True,1,DECODED_SAME_PLATE_ION_0p01
O=C(Nc1ccc(-n2cccn2)cc1)c1cnns1,True,1,SAMPLE1_DRAW_GROUP
O=C(Nc1ccc(-n2cnnn2)cc1)N1CCNCC1,True,1,SAMPLE1_DRAW_GROUP
O=C(Nc1ccc(C(=O)N2CCCCc3ccccc32)cc1)c1ccccc1,True,2,COPLATED_IN_DECODED_WELL;DECODED_SAME_PLATE_ION_0p01;DECODED_SAME_WELL_ION_0p7
O=C(Nc1ccc(C(=O)N2CCNCC2)cc1)c1cc(OCc2ccccc2)cnn1,True,2,COPLATED_IN_DECODED_WELL;DECODED_SAME_PLATE_ION_0p01;SAMPLE1_DRAW_GROUP
O=C(Nc1ccc(C(=O)N2CCOCC2)cc1)N1CCC(C2CC2)C1,True,1,SAMPLE1_DRAW_GROUP
O=C(Nc1ccc(C(=O)Nc2ccccc2)cc1)c1ccccc1,True,2,COPLATED_IN_DECODED_WELL
O=C(Nc1ccc(C(=O)OCC2CCCN3CCCCC23)cc1)c1ccccc1,True,1,DECODED_SAME_PLATE_ION_0p01
O=C(Nc1ccc(C2CCOCC2)nc1C1=CCCCC1)c1ncc[nH]1,True,1,COPLATED_IN_DECODED_WELL;DECODED_SAME_PLATE_ION_0p01;DECODED_SAME_WELL_ION_0p7
O=C(Nc1ccc(C=NNS(=O)(=O)c2ccccc2)cc1)c1ccccc1,True,1,SAMPLE1_DRAW_GROUP
O=C(Nc1ccc(CN2CCCCC2)cc1)c1ccccc1,True,1,SAMPLE1_DRAW_GROUP
O=C(Nc1ccc(CN2CCNCC2)cc1)c1cccc(C#Cc2cnc3[nH]ncc3c2)c1,True,1,COPLATED_IN_DECODED_WELL;DECODED_SAME_PLATE_ION_0p01
O=C(Nc1ccc(CN2CCNCC2)cc1)c1cccc(C#Cc2cnc3cccnn23)c1,True,1,COPLATED_IN_DECODED_WELL;DECODED_SAME_PLATE_ION_0p01;DECODED_SAME_WELL_ION_0p7
O=C(Nc1ccc(CN2CCNCC2)cc1)c1cccc(NC(=O)c2cncc(-c3cccs3)c2)c1,True,1,COPLATED_IN_DECODED_WELL
O=C(Nc1ccc(CN2CCNCC2)cc1)c1cccc(Oc2ncnc3ccccc23)c1,True,1,COPLATED_IN_DECODED_WELL;DECODED_SAME_PLATE_ION_0p01
O=C(Nc1ccc(CN2CCOCC2)cc1)c1ccc(-c2ccccc2)o1,False,0,DECODED_SAME_PLATE_ION_0p01
O=C(Nc1ccc(Cc2ccccc2)cc1)c1ccccc1,True,1,COPLATED_IN_DECODED_WELL;EXPOSED_POPULATION:WUR-NEG-DEV
O=C(Nc1ccc(Cc2ncccn2)cc1)c1ccccc1,False,0,DECODED_SAME_PLATE_ION_0p01
O=C(Nc1ccc(N2CCC(N3CCCCC3)CC2)nc1)c1ccccc1,True,1,COPLATED_IN_DECODED_WELL;DECODED_SAME_PLATE_ION_0p01;DECODED_SAME_WELL_ION_0p7
O=C(Nc1ccc(N2CCCC2=O)cc1)c1ccc2c(c1)OCO2,True,1,SAMPLE1_DRAW_GROUP
O=C(Nc1ccc(N2CCCCC2)cc1)c1ccc(CN2CCOCC2)cc1,True,1,COPLATED_IN_DECODED_WELL
O=C(Nc1ccc(N2CCCCS2(=O)=O)cc1)c1ccccc1,True,3,SAMPLE1_DRAW_GROUP
O=C(Nc1ccc(N2CCN(c3ccccc3)C2=O)nc1)c1ccccc1,True,1,SAMPLE1_DRAW_GROUP
O=C(Nc1ccc(N2CCOCC2)cc1)c1csc(-c2cccnc2)n1,True,1,SAMPLE1_DRAW_GROUP
O=C(Nc1ccc(N2CCOCC2)nc1)NC1CCCOC1c1cn[nH]c1,True,1,SAMPLE1_DRAW_GROUP
O=C(Nc1ccc(N2CCOCC2)nc1)c1cccc(-c2ccccc2)c1,True,1,COPLATED_IN_DECODED_WELL;DECODED_SAME_PLATE_ION_0p01;DECODED_SAME_WELL_ION_0p7
O=C(Nc1ccc(NC(=O)C2CC2)cc1)Nc1cccc(-c2nc(-c3ccc(NC(=O)c4cccnc4)cc3)no2)c1,True,1,COPLATED_IN_DECODED_WELL
O=C(Nc1ccc(NC(=O)c2ccccc2)c2c1C(=O)c1ccccc1C2=O)c1ccccc1,True,1,SAMPLE1_DRAW_GROUP
O=C(Nc1ccc(NC(=O)c2cnn3ccccc23)cc1)c1nn(C2CCNCC2)c2ccccc12,True,1,COPLATED_IN_DECODED_WELL;SAMPLE1_DRAW_GROUP
O=C(Nc1ccc(NC2=NS(=O)(=O)c3ccccc32)cc1)c1ccccc1,True,1,SAMPLE1_DRAW_GROUP
O=C(Nc1ccc(Nc2ccccc2)cc1)c1ccccc1,True,2,COPLATED_IN_DECODED_WELL
O=C(Nc1ccc(Nc2ccncn2)cc1)c1ccc(Nc2ccnc3ccccc23)cc1,False,0,DECODED_SAME_PLATE_ION_0p01
O=C(Nc1ccc(Nc2nccc(-c3cccnc3)n2)cc1)c1ccccc1,True,2,DECODED_SAME_PLATE_ION_0p01
O=C(Nc1ccc(OCCN2CCOCC2)c2ccccc12)Nc1ccnn1-c1ccccc1,True,1,COPLATED_IN_DECODED_WELL
O=C(Nc1ccc(Oc2ccc3[nH]ccc3c2)cc1)C1CCCN1,False,0,DECODED_SAME_PLATE_ION_0p01
O=C(Nc1ccc(Oc2ccccc2)cc1)c1ccccc1,True,2,EXPOSED_POPULATION:WUR-NEG-DEV
O=C(Nc1ccc(Oc2cccnc2)nc1)N1CCc2ccccc21,False,0,COPLATED_IN_DECODED_WELL;DECODED_SAME_PLATE_ION_0p01;DECODED_SAME_WELL_ION_0p7;EXPOSED_POPULATION:LCSB-ALL-MASSBANK-V1-EXPOSURE-SET;EXPOSED_POPULATION:LCSB-DEV;EXPOSED_POPULATION:LCSB-NEG;EXPOSED_POPULATION:LCSB-POS-V2-SPECTRA;EXPOSED_POPULATION:V2-DEVELOPMENT-POPULATION;MSNLIB_ANCHOR_CENSUS_DESIGN;MSNLIB_ANCHOR_CENSUS_DETECTED;MSNLIB_ANCHOR_GATE_CALIBRATION
O=C(Nc1ccc(Oc2ccnc3[nH]c(=O)cnc23)cc1)Nc1ccnn1-c1ccccc1,True,2,COPLATED_IN_DECODED_WELL;DECODED_SAME_PLATE_ION_0p01;DECODED_SAME_WELL_ION_0p7
O=C(Nc1ccc(Oc2ccnc3[nH]cc(-c4ccccc4)c23)cc1)c1c[nH]n(-c2ccccc2)c1=O,True,1,DECODED_SAME_PLATE_ION_0p01;SAMPLE1_DRAW_GROUP
O=C(Nc1ccc(Oc2ccnc3ccccc23)cc1)NC1CC1,True,1,COPLATED_IN_DECODED_WELL;DECODED_SAME_PLATE_ION_0p01
O=C(Nc1ccc(Oc2ccnc3ccccc23)cc1)Nc1ccon1,True,1,COPLATED_IN_DECODED_WELL;DECODED_SAME_PLATE_ION_0p01
O=C(Nc1ccc(Oc2ccnc3ccccc23)cc1)c1c[nH]n(-c2ccccc2)c1=O,True,2,COPLATED_IN_DECODED_WELL;DECODED_SAME_PLATE_ION_0p01;DECODED_SAME_WELL_ION_0p7
O=C(Nc1ccc(Oc2ccnc3ccccc23)cc1)c1ccn(-c2ccccc2)n1,True,1,DECODED_SAME_PLATE_ION_0p01;SAMPLE1_DRAW_GROUP
O=C(Nc1ccc(Oc2ccncc2)cc1)c1cccn(-c2ccccc2)c1=O,True,1,DECODED_SAME_PLATE_ION_0p01
O=C(Nc1ccc(S(=O)(=O)N2CCCC2)cc1)c1ccccc1,True,1,SAMPLE1_DRAW_GROUP
O=C(Nc1ccc(S(=O)(=O)Nc2ccccc2)cc1)C1CC1,True,1,SAMPLE1_DRAW_GROUP
O=C(Nc1ccc(S(=O)(=O)Nc2nccs2)cc1)C(c1ccccc1)c1ccccc1,True,1,DECODED_SAME_PLATE_ION_0p01
O=C(Nc1ccc(S(=O)(=O)c2ccc(NC(=O)C3CC3)cc2)cc1)C1CC1,True,1,COPLATED_IN_DECODED_WELL
O=C(Nc1ccc(SCCCC(=O)N2CCC(Cc3ccccc3)CC2)nn1)C1CC1,True,1,SAMPLE1_DRAW_GROUP
O=C(Nc1ccc(SCc2cccnc2)nn1)c1ccccc1,True,1,SAMPLE1_DRAW_GROUP
O=C(Nc1ccc(Sc2nc(Nc3cc[nH]n3)cc(N3CCNCC3)n2)cc1)C1CC1,True,1,COPLATED_IN_DECODED_WELL;DECODED_SAME_PLATE_ION_0p01
O=C(Nc1ccc([SH+]Cc2cnc[nH]2)cc1)C1=Cc2cc(-c3ccccc3)ccc2NCCC1,True,1,COPLATED_IN_DECODED_WELL
O=C(Nc1ccc2[nH]c3c(c2c1)CCCC3)c1ccccc1,True,1,COPLATED_IN_DECODED_WELL;DECODED_SAME_PLATE_ION_0p01
O=C(Nc1ccc2[nH]cc(C3CCNCC3)c2c1)c1ccccc1,True,1,DECODED_SAME_PLATE_ION_0p01;SAMPLE1_DRAW_GROUP
O=C(Nc1ccc2[nH]cc(Cc3ccc(C(=O)NS(=O)(=O)c4ccccc4)cc3)c2c1)OC1CCCC1,True,1,COPLATED_IN_DECODED_WELL
O=C(Nc1ccc2[nH]ccc2c1)c1cc2ccccc2n1Cc1ccccc1,False,0,EXPOSED_POPULATION:LCSB-ALL-MASSBANK-V1-EXPOSURE-SET;EXPOSED_POPULATION:LCSB-CONFIRMATION;EXPOSED_POPULATION:LCSB-NEG
O=C(Nc1ccc2[nH]ccc2c1)c1ccccc1,True,1,DECODED_SAME_PLATE_ION_0p01
O=C(Nc1ccc2[nH]cnc2c1)c1ccccc1-c1ccccc1,True,1,SAMPLE1_DRAW_GROUP
O=C(Nc1ccc2c(=O)c3ccccc3oc2c1)c1ccccc1,True,1,SAMPLE1_DRAW_GROUP
O=C(Nc1ccc2c(c1)BOC2)c1ccccc1,True,1,COPLATED_IN_DECODED_WELL
O=C(Nc1ccc2c(c1)C(=O)NCC2)c1cc(-c2ccccc2)n[nH]1,True,1,SAMPLE1_DRAW_GROUP
O=C(Nc1ccc2c(c1)CCCC2)c1ccccc1,True,1,COPLATED_IN_DECODED_WELL;DECODED_SAME_PLATE_ION_0p01
O=C(Nc1ccc2c(c1)CN(C(=O)c1ccco1)CC2)c1ccccc1,True,1,SAMPLE1_DRAW_GROUP
O=C(Nc1ccc2c(c1)N(C(=O)c1cccs1)CCC2)c1ccccc1,True,1,SAMPLE1_DRAW_GROUP
O=C(Nc1ccc2c(c1)NCCC2)C1CCCC1,True,1,SAMPLE1_DRAW_GROUP
O=C(Nc1ccc2c(c1)NCCC2)c1ccon1,True,1,SAMPLE1_DRAW_GROUP
O=C(Nc1ccc2c(c1)OCCCO2)c1ccccc1,True,1,SAMPLE1_DRAW_GROUP
O=C(Nc1ccc2c(c1)OCCO2)c1cnc2ccccn2c1=O,True,1,SAMPLE1_DRAW_GROUP
O=C(Nc1ccc2c(c1)OCCO2)c1ncnc2c1CCCC2,True,1,SAMPLE1_DRAW_GROUP
O=C(Nc1ccc2c(c1)OCO2)C1CC=CCC1,True,1,SAMPLE1_DRAW_GROUP
O=C(Nc1ccc2c(c1)OCO2)c1cc2cccnc2s1,True,1,SAMPLE1_DRAW_GROUP
O=C(Nc1ccc2c(c1)OCO2)c1ccco1,True,1,SAMPLE1_DRAW_GROUP
O=C(Nc1ccc2c(c1)oc1ccccc12)c1ccco1,True,1,COPLATED_IN_DECODED_WELL
O=C(Nc1ccc2c(n1)CCC2)N1CCC(c2ccn[nH]2)CC1,True,1,SAMPLE1_DRAW_GROUP
O=C(Nc1ccc2ccc(=O)[nH]c2c1)NC1CC1,True,1,SAMPLE1_DRAW_GROUP
O=C(Nc1ccc2ccc(=O)oc2c1)OCC1c2ccccc2-c2ccccc21,True,1,SAMPLE1_DRAW_GROUP
O=C(Nc1ccc2ccccc2c1)c1ccn[nH]1,True,1,SAMPLE1_DRAW_GROUP
O=C(Nc1ccc2ccccc2c1)c1cn(-c2ccccc2)nn1,True,1,SAMPLE1_DRAW_GROUP
O=C(Nc1ccc2ccccc2n1)c1cccc(C(=O)Nc2ccc3ccccc3n2)n1,True,1,COPLATED_IN_DECODED_WELL
O=C(Nc1ccc2n(c1=O)CC1CNCC2C1)c1ccc(-c2ccccc2)cc1,True,1,DECODED_SAME_PLATE_ION_0p01
O=C(Nc1ccc2nc(-c3ccccn3)[nH]c2c1)C1CCOCC1,True,1,SAMPLE1_DRAW_GROUP
O=C(Nc1ccc2nc(CN3CCCC3)[nH]c2c1)c1ccc2[nH]ncc2c1,True,1,DECODED_SAME_PLATE_ION_0p01
O=C(Nc1ccc2ncccc2c1)ON1C(=O)CCC1=O,True,1,DECODED_SAME_PLATE_ION_0p01
O=C(Nc1ccc2nccnc2c1)c1ccccc1,True,1,SAMPLE1_DRAW_GROUP
O=C(Nc1ccc2ncn(Cc3ccc(-c4ccccc4)cc3)c2c1)NC1CCCCC1,True,1,COPLATED_IN_DECODED_WELL;DECODED_SAME_PLATE_ION_0p01;DECODED_SAME_WELL_ION_0p7
O=C(Nc1ccc2ncnc(Nc3ccccc3)c2c1)N1CC2CCNC2C1,True,1,DECODED_SAME_PLATE_ION_0p01
O=C(Nc1ccc2ncsc2c1)C1COc2ccccc2O1,True,1,DECODED_SAME_PLATE_ION_0p01
O=C(Nc1ccc2nn(-c3ccccc3)nc2c1)c1cccs1,True,1,SAMPLE1_DRAW_GROUP
O=C(Nc1ccc2scnc2c1)c1ccccc1,True,3,DECODED_SAME_PLATE_ION_0p01
O=C(Nc1cccc(-c2ccccc2)c1)OC1CCCCC1,True,1,DECODED_SAME_PLATE_ION_0p01
O=C(Nc1cccc(-c2ccccc2)n1)C1(c2ccc3c(c2)OCO3)CC1,True,1,COPLATED_IN_DECODED_WELL;DECODED_SAME_PLATE_ION_0p01
O=C(Nc1cccc(-c2ccnc(N3CCOCC3)c2)c1)c1ccncc1,True,1,COPLATED_IN_DECODED_WELL;DECODED_SAME_PLATE_ION_0p01;DECODED_SAME_WELL_ION_0p7
O=C(Nc1cccc(-c2ccnc3c(-c4ccccc4)cnn23)c1)c1ccccc1,False,0,COPLATED_IN_DECODED_WELL
O=C(Nc1cccc(-c2nc(N3CCOCC3)c3oc4ncccc4c3n2)c1)c1cccnc1,True,1,SAMPLE1_DRAW_GROUP
O=C(Nc1cccc(-c2ncco2)c1)c1cc(-c2ccco2)[nH]n1,True,1,SAMPLE1_DRAW_GROUP
O=C(Nc1cccc(-c2ncco2)c1)c1cccs1,True,1,SAMPLE1_DRAW_GROUP
O=C(Nc1cccc(-c2ncnc3ccccc23)c1)c1ccccc1,True,1,DECODED_SAME_PLATE_ION_0p01
O=C(Nc1cccc(-c2nnn[nH]2)c1)c1cnc2n1CCCC2,True,1,SAMPLE1_DRAW_GROUP
O=C(Nc1cccc(-n2cccn2)c1)c1cc(-c2ccoc2)n[nH]1,True,1,SAMPLE1_DRAW_GROUP
O=C(Nc1cccc(-n2ccnc2)c1)c1cccc(Nc2nccc(-c3cccnc3)n2)c1,True,1,COPLATED_IN_DECODED_WELL;DECODED_SAME_PLATE_ION_0p01;SAMPLE1_DRAW_GROUP
O=C(Nc1cccc(-n2cnc3ccccc3c2=O)c1)c1ccccc1,True,1,SAMPLE1_DRAW_GROUP
O=C(Nc1cccc(C(=O)N2CCCCC2)c1)c1ccncc1,True,1,SAMPLE1_DRAW_GROUP
O=C(Nc1cccc(C(=O)NC2CCCCC2)c1)c1ccccc1,True,1,SAMPLE1_DRAW_GROUP
O=C(Nc1cccc(C(=O)Nc2cccc(C(=O)Nc3cccc4ccccc34)c2)c1)Nc1cccc(C(=O)Nc2cccc(C(=O)Nc3cccc4ccccc34)c2)c1,False,0,COPLATED_IN_DECODED_WELL
O=C(Nc1cccc(C23COCC2CSC=N3)c1)c1ccccn1,True,1,DECODED_SAME_PLATE_ION_0p01
O=C(Nc1cccc(C2C=CSC=N2)c1)c1ccccn1,True,1,COPLATED_IN_DECODED_WELL;DECODED_SAME_PLATE_ION_0p01;DECODED_SAME_WELL_ION_0p7
O=C(Nc1cccc(C2CS(=O)(=O)NC=N2)c1)c1ccccn1,True,1,DECODED_SAME_PLATE_ION_0p01
O=C(Nc1cccc(CN2CCNCC2)c1)c1cccc(C#Cc2cnc3ccnn3c2)c1,True,1,COPLATED_IN_DECODED_WELL;DECODED_SAME_PLATE_ION_0p01;DECODED_SAME_WELL_ION_0p7
O=C(Nc1cccc(N2CCNCC2)c1)c1ccc(-c2ccncc2)cc1,True,1,DECODED_SAME_PLATE_ION_0p01
O=C(Nc1cccc(N2Cc3cnc(Nc4ccn[nH]4)nc3NC2=O)c1)c1ccccc1,True,1,DECODED_SAME_PLATE_ION_0p01
O=C(Nc1cccc(NC(=O)c2ccccc2)c1)c1ccccc1,True,5,COPLATED_IN_DECODED_WELL;DECODED_SAME_PLATE_ION_0p01;DECODED_SAME_WELL_ION_0p7
O=C(Nc1cccc(Nc2cc(Nc3ccccc3)ncn2)c1)C1CC1,True,1,DECODED_SAME_PLATE_ION_0p01
O=C(Nc1cccc(Nc2nc(-c3cccnc3)cs2)c1)c1ccc(CN2CCNCC2)cc1,True,1,COPLATED_IN_DECODED_WELL
O=C(Nc1cccc(Nc2nccc(-c3c[nH]c4ccccc34)n2)c1)c1ccccc1,True,2,COPLATED_IN_DECODED_WELL;DECODED_SAME_PLATE_ION_0p01
O=C(Nc1cccc(Nc2nccc(-c3cccnc3)n2)c1)c1ccc(CN2CCNCC2)cc1,True,2,COPLATED_IN_DECODED_WELL;DECODED_SAME_PLATE_ION_0p01
O=C(Nc1cccc(Nc2nccc(Nc3ccccc3)n2)c1)C1CC1,True,1,COPLATED_IN_DECODED_WELL;DECODED_SAME_PLATE_ION_0p01;DECODED_SAME_WELL_ION_0p7
O=C(Nc1cccc(OCc2ccc3ccccc3n2)c1)c1ccnc2ccnn12,True,1,SAMPLE1_DRAW_GROUP
O=C(Nc1cccc(Oc2ccc3nc(NC(=O)C4CC4)cn3n2)c1)c1ccn[nH]1,True,1,DECODED_SAME_PLATE_ION_0p01
O=C(Nc1cccc(Oc2ncnc3ccccc23)c1)Nc1ccon1,True,1,COPLATED_IN_DECODED_WELL;DECODED_SAME_PLATE_ION_0p01;DECODED_SAME_WELL_ION_0p7
O=C(Nc1cccc2c(=O)cc(-c3nn[nH]n3)oc12)c1ccc(OCCCCc2ccccc2)cc1,True,1,COPLATED_IN_DECODED_WELL
O=C(Nc1cccc2c1C(=O)NC2=O)c1ccccc1,True,1,SAMPLE1_DRAW_GROUP
O=C(Nc1cccc2c1C(=O)c1c(-c3ccc(CN4CCNCC4)cc3)n[nH]c1-2)NN1CCOCC1,False,0,COPLATED_IN_DECODED_WELL;DECODED_SAME_WELL_ION_0p7
O=C(Nc1cccc2c1C1CCC2C1)c1cn[nH]c1,False,0,EXPOSED_POPULATION:V2-DEVELOPMENT-POPULATION;EXPOSED_POPULATION:WUR-DEV-HOLD;EXPOSED_POPULATION:WUR-POS-IDENTITY
O=C(Nc1cccc2c1CCC2)c1cn[nH]c1,False,0,EXPOSED_POPULATION:V2-DEVELOPMENT-POPULATION;EXPOSED_POPULATION:WUR-DEV-HOLD;EXPOSED_POPULATION:WUR-NEG-DEV;EXPOSED_POPULATION:WUR-POS-IDENTITY
O=C(Nc1cccc2c1[nH]c1cnccc12)c1cccnc1,True,2,COPLATED_IN_DECODED_WELL
O=C(Nc1cccc2cccnc12)c1ccc(N2C(=O)C3C4C=CC(C4)C3C2=O)cc1,True,1,DECODED_SAME_PLATE_ION_0p01;SAMPLE1_DRAW_GROUP
O=C(Nc1cccc2ccoc12)c1ccccc1,False,0,EXPOSED_POPULATION:ENTACT-MIX-LISTS-499-503-505;EXPOSED_POPULATION:LCSB-ALL-MASSBANK-V1-EXPOSURE-SET;EXPOSED_POPULATION:LCSB-DEV;EXPOSED_POPULATION:LCSB-POS-V2-SPECTRA;EXPOSED_POPULATION:V2-DEVELOPMENT-POPULATION
O=C(Nc1cccc2ncccc12)c1ccc2nc(C3CC3)cn2n1,True,1,SAMPLE1_DRAW_GROUP
O=C(Nc1cccc2ncccc12)c1ncnc2c1CCCC2,True,1,SAMPLE1_DRAW_GROUP
O=C(Nc1ccccc1)C(=O)NC1CCNCC1,True,3,COPLATED_IN_DECODED_WELL;DECODED_SAME_PLATE_ION_0p01
O=C(Nc1ccccc1)C(=O)c1ccc(OCCN2CCOCC2)c2ccccc12,True,1,COPLATED_IN_DECODED_WELL
O=C(Nc1ccccc1)C(NC(=S)Nc1ccccc1)c1ccccc1,True,1,DECODED_SAME_PLATE_ION_0p01
O=C(Nc1ccccc1)C(c1ccccc1)n1cccc1,True,2,SAMPLE1_DRAW_GROUP
O=C(Nc1ccccc1)C1(C(=O)Nc2ccc(Oc3ccnc(-c4cn[nH]c4)c3)cc2)CC1,True,1,COPLATED_IN_DECODED_WELL
O=C(Nc1ccccc1)C1(C(=O)Nc2ccc(Oc3ccnc4cc(-c5ccccn5)sc34)cc2)CC1,True,1,COPLATED_IN_DECODED_WELL;SURFACED_VALUE_ATTRIBUTED_WELL
O=C(Nc1ccccc1)C1(C(=O)Nc2ccc(Oc3ccnc4ccccc34)cc2)CC1,True,1,DECODED_SAME_PLATE_ION_0p01
O=C(Nc1ccccc1)C12CCC(C1)C2,True,1,COPLATED_IN_DECODED_WELL
O=C(Nc1ccccc1)C1=COCCS1,False,0,COPLATED_IN_DECODED_WELL;DECODED_SAME_PLATE_ION_0p01;DECODED_SAME_WELL_ION_0p7;EXPOSED_POPULATION:LCSB-ALL-MASSBANK-V1-EXPOSURE-SET;EXPOSED_POPULATION:LCSB-DEV;EXPOSED_POPULATION:LCSB-POS-V2-SPECTRA;EXPOSED_POPULATION:V2-DEVELOPMENT-POPULATION;EXPOSED_POPULATION:WUR-DEV-ANALYSIS;EXPOSED_POPULATION:WUR-POS-IDENTITY;MSNLIB_ANCHOR_CENSUS_DESIGN;MSNLIB_ANCHOR_CENSUS_DETECTED;MSNLIB_ANCHOR_GATE_CALIBRATION
O=C(Nc1ccccc1)C1=COCCS1(=O)=O,False,0,EXPOSED_POPULATION:LCSB-ALL-MASSBANK-V1-EXPOSURE-SET;EXPOSED_POPULATION:LCSB-NEG;EXPOSED_POPULATION:LCSB-POS-V2-SPECTRA;EXPOSED_POPULATION:V2-DEVELOPMENT-POPULATION;EXPOSED_POPULATION:WUR-DEV-ANALYSIS;EXPOSED_POPULATION:WUR-POS-IDENTITY
O=C(Nc1ccccc1)C1CC1,True,19,DECODED_SAME_PLATE_ION_0p01;EXPOSED_POPULATION:LCSB-ALL-MASSBANK-V1-EXPOSURE-SET;EXPOSED_POPULATION:LCSB-NEG;EXPOSED_POPULATION:WUR-NEG-DEV;SAMPLE1_DRAW_GROUP
O=C(Nc1ccccc1)C1CC2CCC1C2,True,3,DECODED_SAME_PLATE_ION_0p01
O=C(Nc1ccccc1)C1CCCCC1,True,8,DECODED_SAME_PLATE_ION_0p01
O=C(Nc1ccccc1)C1CCCCN1,True,4,COPLATED_IN_DECODED_WELL;DECODED_SAME_PLATE_ION_0p01;DECODED_SAME_WELL_ION_0p7
O=C(Nc1ccccc1)C1CCCN(C(=O)c2cc(-c3ccccn3)n[nH]2)C1,True,1,SAMPLE1_DRAW_GROUP
O=C(Nc1ccccc1)C1CCCN(S(=O)(=O)c2cc(-c3ncon3)cs2)C1,True,1,SAMPLE1_DRAW_GROUP
O=C(Nc1ccccc1)C1CCCN(c2ccc(-c3ccco3)nn2)C1,True,1,SAMPLE1_DRAW_GROUP
O=C(Nc1ccccc1)C1CCCNC1,True,2,DECODED_SAME_PLATE_ION_0p01
O=C(Nc1ccccc1)C1CCCOC1,True,1,SAMPLE1_DRAW_GROUP
O=C(Nc1ccccc1)C1CCN(C(=O)OCc2ccccc2)CC1,True,1,COPLATED_IN_DECODED_WELL
O=C(Nc1ccccc1)C1CCN(C(=O)c2ccccc2)C1,True,1,SAMPLE1_DRAW_GROUP
O=C(Nc1ccccc1)C1CCN(S(=O)(=O)c2ccc3[nH]c(=O)sc3c2)CC1,True,1,SAMPLE1_DRAW_GROUP
O=C(Nc1ccccc1)C1CCN(S(=O)(=O)c2cnn(-c3ccccc3)c2)CC1,True,3,SAMPLE1_DRAW_GROUP
O=C(Nc1ccccc1)C1CCN(c2ccnc3ccccc23)CC1,True,2,SAMPLE1_DRAW_GROUP
O=C(Nc1ccccc1)C1CCN(c2nc3ccc(-c4cncnc4)nc3s2)CC1,True,1,SAMPLE1_DRAW_GROUP
O=C(Nc1ccccc1)C1CCc2ccccc2N1C(=O)C1CNc2ccccc2O1,True,1,SAMPLE1_DRAW_GROUP
O=C(Nc1ccccc1)C1NCC2(C(=O)Nc3ccccc32)C1c1ccccc1,True,1,DECODED_SAME_PLATE_ION_0p01;SAMPLE1_DRAW_GROUP;SURFACED_VALUE_ATTRIBUTED_WELL
O=C(Nc1ccccc1)N(Cc1ccc2c(c1)Cc1ccccc1-2)C1CCCCCC1,True,1,DECODED_SAME_PLATE_ION_0p01;SAMPLE1_DRAW_GROUP
O=C(Nc1ccccc1)N(Cc1ccccc1)C1CCCC1,False,0,EXPOSED_POPULATION:V2-DEVELOPMENT-POPULATION;EXPOSED_POPULATION:WUR-DEV-HOLD;EXPOSED_POPULATION:WUR-POS-IDENTITY
O=C(Nc1ccccc1)N(c1ccccc1)c1cc(Nc2ccc(N3CCNCC3)cc2)ncn1,True,1,SAMPLE1_DRAW_GROUP
O=C(Nc1ccccc1)N1CC2CC1CC2NS(=O)(=O)c1ccccc1,True,1,SAMPLE1_DRAW_GROUP
O=C(Nc1ccccc1)N1CCC(N2C(=O)COCC2=O)CC1,True,1,SAMPLE1_DRAW_GROUP
O=C(Nc1ccccc1)N1CCC(N2CCNC2=O)CC1,True,1,SAMPLE1_DRAW_GROUP
O=C(Nc1ccccc1)N1CCC(c2ccccc2)CC1,True,1,DECODED_SAME_PLATE_ION_0p01;SAMPLE1_DRAW_GROUP
O=C(Nc1ccccc1)N1CCCC(COc2ncccn2)C1,True,1,SAMPLE1_DRAW_GROUP
O=C(Nc1ccccc1)N1CCN(C(=O)Nc2ccccc2)CC1,True,2,COPLATED_IN_DECODED_WELL
O=C(Nc1ccccc1)N1CCN(c2ccc(Nc3ccccn3)nn2)CC1,True,1,SAMPLE1_DRAW_GROUP
O=C(Nc1ccccc1)N1CCN(c2cccc3[nH]ccc23)CC1,True,2,COPLATED_IN_DECODED_WELL;DECODED_SAME_PLATE_ION_0p01
O=C(Nc1ccccc1)N1CCN(c2ncnc3cc(OCCCN4CCCCC4)ccc23)CC1,True,1,DECODED_SAME_PLATE_ION_0p01
O=C(Nc1ccccc1)N1CCN(c2ncnc3sc(-c4cccnc4)nc23)CC1,False,0,DECODED_SAME_PLATE_ION_0p01
O=C(Nc1ccccc1)N1CCc2nc[nH]c2C1,True,4,SAMPLE1_DRAW_GROUP
O=C(Nc1ccccc1)N1COC2Cc3ccccc3C2=N1,False,0,EXPOSED_POPULATION:LCSB-ALL-MASSBANK-V1-EXPOSURE-SET;EXPOSED_POPULATION:LCSB-DEV;EXPOSED_POPULATION:LCSB-POS-V2-SPECTRA;EXPOSED_POPULATION:V2-DEVELOPMENT-POPULATION;EXPOSED_POPULATION:WUR-DEV-ANALYSIS;EXPOSED_POPULATION:WUR-POS-IDENTITY
O=C(Nc1ccccc1)NC1(c2nn[nH]n2)CCC1,True,1,SAMPLE1_DRAW_GROUP
O=C(Nc1ccccc1)NC12CC3CC(CC(C3)C1)C2,True,1,DECODED_SAME_PLATE_ION_0p01
O=C(Nc1ccccc1)NC1C(=O)NCC1c1ccccc1,False,0,COPLATED_IN_DECODED_WELL
O=C(Nc1ccccc1)NC1CCN(C(=O)N2CCc3ccccc32)C1,True,1,SAMPLE1_DRAW_GROUP
O=C(Nc1ccccc1)NC1CCNCC1,True,4,COPLATED_IN_DECODED_WELL;DECODED_SAME_PLATE_ION_0p01
O=C(Nc1ccccc1)NC1CN(C2CCCCC2)c2ccccc2NC1=O,True,1,DECODED_SAME_PLATE_ION_0p01
O=C(Nc1ccccc1)NC1COCOC1c1ccccc1,True,1,COPLATED_IN_DECODED_WELL
O=C(Nc1ccccc1)NC1N=C(c2ccccc2)c2ccccc2N(CC(=O)c2ccccc2)C1=O,True,1,COPLATED_IN_DECODED_WELL;DECODED_SAME_PLATE_ION_0p01;SAMPLE1_DRAW_GROUP
O=C(Nc1ccccc1)NC1N=C(c2ccccc2)c2ccccc2NC1=O,True,1,COPLATED_IN_DECODED_WELL;DECODED_SAME_PLATE_ION_0p01
O=C(Nc1ccccc1)NC1N=C(c2ccccn2)c2ccccc2NC1=O,True,1,DECODED_SAME_PLATE_ION_0p01
O=C(Nc1ccccc1)NS(=O)(=O)c1ccccc1,True,1,COPLATED_IN_DECODED_WELL
O=C(Nc1ccccc1)Nc1ccc(-c2ccc(-c3ncc[nH]3)c3c2CNC3=O)cc1,True,1,COPLATED_IN_DECODED_WELL;DECODED_SAME_PLATE_ION_0p01
O=C(Nc1ccccc1)Nc1ccc(-c2cccc3[nH]ncc23)cc1,True,1,DECODED_SAME_PLATE_ION_0p01
O=C(Nc1ccccc1)Nc1ccc(-c2cnco2)cc1,False,0,COPLATED_IN_DECODED_WELL;DECODED_SAME_PLATE_ION_0p01;DECODED_SAME_WELL_ION_0p7
O=C(Nc1ccccc1)Nc1ccc(-c2n[nH]c3ncncc23)cc1,True,1,COPLATED_IN_DECODED_WELL;DECODED_SAME_PLATE_ION_0p01;DECODED_SAME_WELL_ION_0p7
O=C(Nc1ccccc1)Nc1ccc(-c2ncn3ccncc23)c2ccccc12,True,1,DECODED_SAME_PLATE_ION_0p01
O=C(Nc1ccccc1)Nc1ccc(-n2ccnn2)cc1,False,0,DECODED_SAME_PLATE_ION_0p01
O=C(Nc1ccccc1)Nc1ccc(NC(=O)N2CCCC(C(=O)NCC3CC3)C2)cc1,True,1,SAMPLE1_DRAW_GROUP
O=C(Nc1ccccc1)Nc1ccc(Nc2ccnc(Nc3ccccc3)n2)cc1,True,1,COPLATED_IN_DECODED_WELL;DECODED_SAME_PLATE_ION_0p01;DECODED_SAME_WELL_ION_0p7
O=C(Nc1ccccc1)Nc1ccc(Oc2ccncc2)cc1,True,2,COPLATED_IN_DECODED_WELL;DECODED_SAME_PLATE_ION_0p01;DECODED_SAME_WELL_ION_0p7;EXPOSED_POPULATION:WUR-NEG-DEV
O=C(Nc1ccccc1)Nc1ccc2c(c1)CCCN2C(=O)C1CC1,False,0,COPLATED_IN_DECODED_WELL
O=C(Nc1ccccc1)Nc1ccc2nnsc2c1,True,1,SAMPLE1_DRAW_GROUP
O=C(Nc1ccccc1)Nc1cccc(-c2cc3cnccc3[nH]c2=O)c1,True,1,COPLATED_IN_DECODED_WELL;DECODED_SAME_PLATE_ION_0p01
O=C(Nc1ccccc1)Nc1cccc(C(=O)c2c[nH]c3ncncc23)c1,True,1,COPLATED_IN_DECODED_WELL;DECODED_SAME_PLATE_ION_0p01;DECODED_SAME_WELL_ION_0p7
O=C(Nc1ccccc1)Nc1cccc(C2CC2)c1,True,1,DECODED_SAME_PLATE_ION_0p01
O=C(Nc1ccccc1)Nc1cccc(Nc2ncnc3cc(-c4cn[nH]c4)ccc23)c1,True,1,COPLATED_IN_DECODED_WELL
O=C(Nc1ccccc1)Nc1cccc(S(=O)(=O)N2CCNCC2)c1,True,1,COPLATED_IN_DECODED_WELL
O=C(Nc1ccccc1)Nc1ccccc1,True,13,COPLATED_IN_DECODED_WELL;DECODED_SAME_PLATE_ION_0p01;DECODED_SAME_WELL_ION_0p7;EXPOSED_POPULATION:ENTACT-MIX-LISTS-499-503-505
O=C(Nc1ccccc1)Nc1ccccc1-c1nn[nH]n1,True,2,COPLATED_IN_DECODED_WELL
O=C(Nc1ccccc1)Nc1cccn2nc(C3CC3)nc12,True,1,SAMPLE1_DRAW_GROUP
O=C(Nc1ccccc1)Nc1cccs1,True,2,SAMPLE1_DRAW_GROUP
O=C(Nc1ccccc1)Nc1ccnc2ccccc12,True,2,COPLATED_IN_DECODED_WELL;DECODED_SAME_PLATE_ION_0p01
O=C(Nc1ccccc1)Nc1ccncc1,False,0,COPLATED_IN_DECODED_WELL;DECODED_SAME_PLATE_ION_0p01;DECODED_SAME_WELL_ION_0p7;EXPOSED_POPULATION:LCSB-ALL-MASSBANK-V1-EXPOSURE-SET;EXPOSED_POPULATION:LCSB-DEV;EXPOSED_POPULATION:LCSB-NEG;EXPOSED_POPULATION:LCSB-POS-V2-SPECTRA;EXPOSED_POPULATION:V2-DEVELOPMENT-POPULATION;EXPOSED_POPULATION:WUR-NEG-DEV
O=C(Nc1ccccc1)Nc1cnn(CC2CCOCC2)c1,True,1,SAMPLE1_DRAW_GROUP
O=C(Nc1ccccc1)Nc1cnns1,False,0,EXPOSED_POPULATION:LCSB-ALL-MASSBANK-V1-EXPOSURE-SET;EXPOSED_POPULATION:LCSB-DEV;EXPOSED_POPULATION:LCSB-NEG;EXPOSED_POPULATION:LCSB-POS-V2-SPECTRA;EXPOSED_POPULATION:V2-DEVELOPMENT-POPULATION
O=C(Nc1ccccc1)Nc1nc2ccccc2s1,True,5,DECODED_SAME_PLATE_ION_0p01
O=C(Nc1ccccc1)Oc1ccc2c(c1)C1CCNC1N2,True,1,COPLATED_IN_DECODED_WELL
O=C(Nc1ccccc1)Oc1cccc2cccnc12,True,1,SAMPLE1_DRAW_GROUP
O=C(Nc1ccccc1)Oc1ccccc1,False,0,EXPOSED_POPULATION:V2-DEVELOPMENT-POPULATION;EXPOSED_POPULATION:WUR-POS-IDENTITY;EXPOSED_POPULATION:WUR-SEALED
O=C(Nc1ccccc1)c1c[nH]c(-c2ccccc2)c1,True,1,COPLATED_IN_DECODED_WELL
O=C(Nc1ccccc1)c1c[nH]c(-c2ccccc2)c1-c1ccccc1,False,0,COPLATED_IN_DECODED_WELL;DECODED_SAME_PLATE_ION_0p01;DECODED_SAME_WELL_ION_0p7;EXPOSED_POPULATION:ENTACT-MIX-LISTS-499-503-505;EXPOSED_POPULATION:LCSB-ALL-MASSBANK-V1-EXPOSURE-SET;EXPOSED_POPULATION:LCSB-CONFIRMATION;EXPOSED_POPULATION:LCSB-NEG;EXPOSED_POPULATION:LCSB-RAW-MIX-REPLICATE-SET-92;EXPOSED_POPULATION:LCSB-RAW-MIXES-499-503-505
O=C(Nc1ccccc1)c1c[nH]c2c(=O)n(Cc3ccccc3)c(=O)[nH]c12,True,1,SAMPLE1_DRAW_GROUP
O=C(Nc1ccccc1)c1c[nH]c2c1C(=O)CCC2,False,0,EXPOSED_POPULATION:LCSB-ALL-MASSBANK-V1-EXPOSURE-SET;EXPOSED_POPULATION:LCSB-NEG
O=C(Nc1ccccc1)c1c[nH]c2ccccc2c1=O,True,4,COPLATED_IN_DECODED_WELL;DECODED_SAME_PLATE_ION_0p01;DECODED_SAME_WELL_ION_0p7
O=C(Nc1ccccc1)c1c[nH]n(-c2ccccn2)c1=O,True,1,DECODED_SAME_PLATE_ION_0p01
O=C(Nc1ccccc1)c1cc(-c2ccccc2)n(CCCN2CCOCC2)c1,True,1,COPLATED_IN_DECODED_WELL;DECODED_SAME_PLATE_ION_0p01;DECODED_SAME_WELL_ION_0p7
O=C(Nc1ccccc1)c1cc(-c2ccccc2)on1,True,3,SAMPLE1_DRAW_GROUP
O=C(Nc1ccccc1)c1cc(C(=O)Nc2ccccc2)[nH]n1,True,2,SAMPLE1_DRAW_GROUP
O=C(Nc1ccccc1)c1cc(C2CC2)[nH]c(=O)c1,True,1,SAMPLE1_DRAW_GROUP
O=C(Nc1ccccc1)c1cc(C2CC2)n2nccc2n1,True,1,SAMPLE1_DRAW_GROUP
O=C(Nc1ccccc1)c1cc2c(N3CCN(c4ccccn4)CC3)ncnc2s1,True,1,SAMPLE1_DRAW_GROUP
O=C(Nc1ccccc1)c1cc2c(nn1)CCCC2,True,2,SAMPLE1_DRAW_GROUP
O=C(Nc1ccccc1)c1cc2c(nn1)CCOC2,True,2,DECODED_SAME_PLATE_ION_0p01
O=C(Nc1ccccc1)c1cc2ccccc2[nH]c1=O,True,5,COPLATED_IN_DECODED_WELL;DECODED_SAME_PLATE_ION_0p01;DECODED_SAME_WELL_ION_0p7
O=C(Nc1ccccc1)c1ccc(-n2cccn2)cc1,True,1,SAMPLE1_DRAW_GROUP
O=C(Nc1ccccc1)c1ccc(-n2ccnc2)nn1,True,2,COPLATED_IN_DECODED_WELL;DECODED_SAME_PLATE_ION_0p01;DECODED_SAME_WELL_ION_0p7
O=C(Nc1ccccc1)c1ccc(C(=O)Nc2ccccc2)nc1,True,1,SAMPLE1_DRAW_GROUP
O=C(Nc1ccccc1)c1ccc(C(=O)c2ccccc2)o1,True,1,SAMPLE1_DRAW_GROUP
O=C(Nc1ccccc1)c1ccc(CNc2nccc(-c3cccnc3)n2)cc1,True,1,COPLATED_IN_DECODED_WELL
O=C(Nc1ccccc1)c1ccc(N2CCN(c3ccc(OCC4COC(Cn5cncn5)(c5ccccc5)C4)cc3)CC2)cc1,True,1,COPLATED_IN_DECODED_WELL
O=C(Nc1ccccc1)c1ccc(Nc2nc(-c3ccccc3)c3ccccc3n2)cc1,True,1,DECODED_SAME_PLATE_ION_0p01
O=C(Nc1ccccc1)c1ccc(Nc2nnc(-c3ccccc3)c3ccccc23)cc1,True,1,SAMPLE1_DRAW_GROUP
O=C(Nc1ccccc1)c1ccc2c(c1)CCCC2,False,0,COPLATED_IN_DECODED_WELL;DECODED_SAME_PLATE_ION_0p01;DECODED_SAME_WELL_ION_0p7;EXPOSED_POPULATION:ENTACT-MIX-LISTS-499-503-505;EXPOSED_POPULATION:LCSB-ALL-MASSBANK-V1-EXPOSURE-SET;EXPOSED_POPULATION:LCSB-DEV;EXPOSED_POPULATION:LCSB-NEG;EXPOSED_POPULATION:LCSB-POS-V2-SPECTRA;EXPOSED_POPULATION:V2-DEVELOPMENT-POPULATION;MSNLIB_ANCHOR_CENSUS_DESIGN;MSNLIB_ANCHOR_CENSUS_DETECTED;MSNLIB_ANCHOR_GATE_CALIBRATION
O=C(Nc1ccccc1)c1ccc2c3ccccc3ccn12,True,1,SAMPLE1_DRAW_GROUP
O=C(Nc1ccccc1)c1ccc2ccccc2c1,False,0,COPLATED_IN_DECODED_WELL;EXPOSED_POPULATION:LCSB-ALL-MASSBANK-V1-EXPOSURE-SET;EXPOSED_POPULATION:LCSB-DEV;EXPOSED_POPULATION:LCSB-NEG;EXPOSED_POPULATION:LCSB-POS-V2-SPECTRA;EXPOSED_POPULATION:V2-DEVELOPMENT-POPULATION
O=C(Nc1ccccc1)c1ccc2nccn2c1,True,1,SAMPLE1_DRAW_GROUP
O=C(Nc1ccccc1)c1ccc2ncsc2c1,True,1,SAMPLE1_DRAW_GROUP
O=C(Nc1ccccc1)c1cccc(-c2ccc3c(-c4cnn(C5CC5)c4)n[nH]c3c2)c1,True,1,DECODED_SAME_PLATE_ION_0p01
O=C(Nc1ccccc1)c1cccc(-c2nc3ccccn3c2-c2ccnc(Nc3ccc(N4CCC(N5CCNCC5)CC4)cc3)n2)c1,True,1,COPLATED_IN_DECODED_WELL
O=C(Nc1ccccc1)c1cccc(-c2nn(C3CCCNC3)c3ncncc23)c1,False,0,DECODED_SAME_PLATE_ION_0p01
O=C(Nc1ccccc1)c1cccc(C(=O)Nc2ccccc2)c1,True,4,COPLATED_IN_DECODED_WELL
O=C(Nc1ccccc1)c1cccc(NC(=O)c2cccs2)c1,True,1,SAMPLE1_DRAW_GROUP
O=C(Nc1ccccc1)c1cccc(NC(=O)c2ccno2)c1,True,1,DECODED_SAME_PLATE_ION_0p01
O=C(Nc1ccccc1)c1cccc(S(=O)(=O)N2CCCCCC2)c1,True,2,COPLATED_IN_DECODED_WELL
O=C(Nc1ccccc1)c1cccc2cc(Oc3ccncn3)ccc12,True,2,COPLATED_IN_DECODED_WELL;DECODED_SAME_PLATE_ION_0p01;DECODED_SAME_WELL_ION_0p7
O=C(Nc1ccccc1)c1cccc2nc3ccccc3nc12,True,1,SAMPLE1_DRAW_GROUP
O=C(Nc1ccccc1)c1ccccc1,False,0,COPLATED_IN_DECODED_WELL;DECODED_SAME_PLATE_ION_0p01;DECODED_SAME_WELL_ION_0p7;EXPOSED_POPULATION:ENTACT-MIX-LISTS-499-503-505;EXPOSED_POPULATION:LCSB-ALL-MASSBANK-V1-EXPOSURE-SET;EXPOSED_POPULATION:LCSB-DEV;EXPOSED_POPULATION:LCSB-NEG;EXPOSED_POPULATION:LCSB-POS-V2-SPECTRA;EXPOSED_POPULATION:LCSB-RAW-MIX-REPLICATE-SET-92;EXPOSED_POPULATION:LCSB-RAW-MIXES-499-503-505;EXPOSED_POPULATION:V2-DEVELOPMENT-POPULATION;EXPOSED_POPULATION:WUR-DEV-ANALYSIS;EXPOSED_POPULATION:WUR-NEG-DEV;EXPOSED_POPULATION:WUR-POS-IDENTITY;MSNLIB_ANCHOR_CENSUS_DESIGN;MSNLIB_ANCHOR_CENSUS_DETECTED;MULTIMS2_ANCHOR_CALIBRATION
O=C(Nc1ccccc1)c1ccccc1C(=O)c1ccccc1,True,1,SAMPLE1_DRAW_GROUP
O=C(Nc1ccccc1)c1ccccn1,True,8,COPLATED_IN_DECODED_WELL;DECODED_SAME_PLATE_ION_0p01
O=C(Nc1ccccc1)c1cccn1Cc1ncon1,True,4,SAMPLE1_DRAW_GROUP
O=C(Nc1ccccc1)c1cccnc1Oc1ccccc1,False,0,EXPOSED_POPULATION:LCSB-ALL-MASSBANK-V1-EXPOSURE-SET;EXPOSED_POPULATION:LCSB-NEG;EXPOSED_POPULATION:V2-DEVELOPMENT-POPULATION;EXPOSED_POPULATION:WUR-DEV-ANALYSIS;EXPOSED_POPULATION:WUR-POS-IDENTITY
O=C(Nc1ccccc1)c1ccco1,False,0,COPLATED_IN_DECODED_WELL;EXPOSED_POPULATION:LCSB-ALL-MASSBANK-V1-EXPOSURE-SET;EXPOSED_POPULATION:LCSB-DEV;EXPOSED_POPULATION:LCSB-POS-V2-SPECTRA;EXPOSED_POPULATION:V2-DEVELOPMENT-POPULATION;EXPOSED_POPULATION:WUR-DEV-ANALYSIS;EXPOSED_POPULATION:WUR-POS-IDENTITY
O=C(Nc1ccccc1)c1ccnc2ccccc12,True,3,DECODED_SAME_PLATE_ION_0p01
O=C(Nc1ccccc1)c1ccnn1-c1ccccn1,False,0,COPLATED_IN_DECODED_WELL;DECODED_SAME_PLATE_ION_0p01;DECODED_SAME_WELL_ION_0p7;EXPOSED_POPULATION:V2-DEVELOPMENT-POPULATION;EXPOSED_POPULATION:WUR-DEV-HOLD;EXPOSED_POPULATION:WUR-POS-IDENTITY;MSNLIB_ANCHOR_CENSUS_DESIGN;MSNLIB_ANCHOR_CENSUS_DETECTED;MSNLIB_ANCHOR_GATE_CALIBRATION
O=C(Nc1ccccc1)c1ccoc1,False,0,EXPOSED_POPULATION:ENTACT-MIX-LISTS-499-503-505;EXPOSED_POPULATION:LCSB-ALL-MASSBANK-V1-EXPOSURE-SET;EXPOSED_POPULATION:LCSB-DEV;EXPOSED_POPULATION:LCSB-POS-V2-SPECTRA;EXPOSED_POPULATION:V2-DEVELOPMENT-POPULATION
O=C(Nc1ccccc1)c1cn2c(-c3ccccc3)cnc2cn1,False,0,COPLATED_IN_DECODED_WELL
O=C(Nc1ccccc1)c1cn[nH]c1,False,0,EXPOSED_POPULATION:V2-DEVELOPMENT-POPULATION;EXPOSED_POPULATION:WUR-POS-IDENTITY;EXPOSED_POPULATION:WUR-SEALED
O=C(Nc1ccccc1)c1cnc(-c2ccccc2)nc1-c1ccncc1,True,2,DECODED_SAME_PLATE_ION_0p01
O=C(Nc1ccccc1)c1cnc(N2CCCC2)c(-c2ccn[nH]2)c1,True,1,COPLATED_IN_DECODED_WELL
O=C(Nc1ccccc1)c1cnc(Nc2cc(N3CCNCC3)ncn2)s1,True,3,COPLATED_IN_DECODED_WELL;DECODED_SAME_PLATE_ION_0p01
O=C(Nc1ccccc1)c1cnc(Nc2nc3ccccc3o2)nc1,True,1,SAMPLE1_DRAW_GROUP
O=C(Nc1ccccc1)c1cnc2[nH]ncc2c1,True,2,SAMPLE1_DRAW_GROUP
O=C(Nc1ccccc1)c1cnc2ccccn2c1=O,True,1,SAMPLE1_DRAW_GROUP
O=C(Nc1ccccc1)c1cnccn1,True,8,COPLATED_IN_DECODED_WELL
O=C(Nc1ccccc1)c1cncs1,True,3,COPLATED_IN_DECODED_WELL
O=C(Nc1ccccc1)c1cnoc1,True,2,COPLATED_IN_DECODED_WELL;DECODED_SAME_PLATE_ION_0p01;EXPOSED_POPULATION:LCSB-ALL-MASSBANK-V1-EXPOSURE-SET;EXPOSED_POPULATION:LCSB-NEG
O=C(Nc1ccccc1)c1conc1-c1ccccc1,True,2,COPLATED_IN_DECODED_WELL
O=C(Nc1ccccc1)c1nn(Cc2ccccc2)c2c1CN(C(=O)c1ccc[nH]1)CC2,True,1,SAMPLE1_DRAW_GROUP
O=C(Nc1ccccc1)c1nnn(-c2ccccc2)c1-c1ccccn1,True,1,SAMPLE1_DRAW_GROUP
O=C(Nc1ccccc1)n1cnn(-c2ccccc2)c1=O,False,0,COPLATED_IN_DECODED_WELL
O=C(Nc1ccccc1-c1ccccc1)C1CCCN1C(=O)CSc1nc2ccccc2[nH]1,True,1,DECODED_SAME_PLATE_ION_0p01
O=C(Nc1ccccc1-c1ccccc1)c1cccnc1,False,0,EXPOSED_POPULATION:LCSB-ALL-MASSBANK-V1-EXPOSURE-SET;EXPOSED_POPULATION:LCSB-DEV;EXPOSED_POPULATION:LCSB-NEG;EXPOSED_POPULATION:LCSB-POS-V2-SPECTRA;EXPOSED_POPULATION:V2-DEVELOPMENT-POPULATION;EXPOSED_POPULATION:WUR-DEV-ANALYSIS;EXPOSED_POPULATION:WUR-POS-IDENTITY
O=C(Nc1ccccc1-c1ccccc1)c1cn[nH]c1,False,0,EXPOSED_POPULATION:V2-DEVELOPMENT-POPULATION;EXPOSED_POPULATION:WUR-DEV-HOLD;EXPOSED_POPULATION:WUR-POS-IDENTITY
O=C(Nc1ccccc1-c1cn2c(CN3CCCC3)csc2n1)c1ccc2ccccc2c1,True,1,DECODED_SAME_PLATE_ION_0p01
O=C(Nc1ccccc1-c1cn2c(CN3CCNCC3)csc2n1)c1cnc2ccccc2n1,True,1,COPLATED_IN_DECODED_WELL
O=C(Nc1ccccc1-c1nc2cc(CN3CCCC3)cnc2s1)c1csc(-c2ccccc2)n1,True,1,DECODED_SAME_PLATE_ION_0p01
O=C(Nc1ccccc1C(=O)NC1CCCCC1)c1ccco1,True,1,SAMPLE1_DRAW_GROUP
O=C(Nc1ccccc1C(=O)NC1CCCCNC1=O)c1cc2ccccc2s1,True,1,DECODED_SAME_PLATE_ION_0p01
O=C(Nc1ccccc1C(=O)NCCOc1ccccc1)c1ccccc1,True,1,SAMPLE1_DRAW_GROUP
O=C(Nc1ccccc1C(=O)Nc1ccccc1)c1ccccc1,True,2,DECODED_SAME_PLATE_ION_0p01
O=C(Nc1ccccc1C(=O)Nc1ccccn1)c1ccccc1,True,2,COPLATED_IN_DECODED_WELL;DECODED_SAME_PLATE_ION_0p01
O=C(Nc1ccccc1C1CC1C1CC1)c1cn[nH]c1,False,0,EXPOSED_POPULATION:V2-DEVELOPMENT-POPULATION;EXPOSED_POPULATION:WUR-POS-IDENTITY;EXPOSED_POPULATION:WUR-SEALED
O=C(Nc1ccccc1N1CCCC1)c1cccnc1,True,1,SAMPLE1_DRAW_GROUP
O=C(Nc1ccccc1N1CCCCC1)c1ccncc1,True,1,DECODED_SAME_PLATE_ION_0p01
O=C(Nc1ccccc1N1CCN(Cc2ccccn2)CC1)c1ccc(-c2ccncc2)o1,True,1,DECODED_SAME_PLATE_ION_0p01
O=C(Nc1ccccc1N1CCNCC1)c1ccccc1,True,1,DECODED_SAME_PLATE_ION_0p01
O=C(Nc1ccccc1N1CCOCC1)c1cccnc1,True,1,SAMPLE1_DRAW_GROUP
O=C(Nc1ccccc1OCC1CCCO1)c1cccs1,True,1,SAMPLE1_DRAW_GROUP
O=C(Nc1ccccc1Oc1ccccc1)c1ccccc1,True,1,SAMPLE1_DRAW_GROUP
O=C(Nc1ccccn1)C(=O)NC1CCCCC1NC(=O)c1nc2c(s1)CNCC2,True,1,COPLATED_IN_DECODED_WELL;DECODED_SAME_PLATE_ION_0p01;DECODED_SAME_WELL_ION_0p7
O=C(Nc1ccccn1)C1=Cc2ccccc2S(=O)(=O)N1,False,0,COPLATED_IN_DECODED_WELL;DECODED_SAME_PLATE_ION_0p01;DECODED_SAME_WELL_ION_0p7;EXPOSED_POPULATION:V2-DEVELOPMENT-POPULATION;EXPOSED_POPULATION:WUR-POS-IDENTITY;EXPOSED_POPULATION:WUR-SEALED;MSNLIB_ANCHOR_CENSUS_DESIGN;MSNLIB_ANCHOR_CENSUS_DETECTED;MSNLIB_ANCHOR_GATE_CALIBRATION
O=C(Nc1ccccn1)C1=Cc2sccc2S(=O)(=O)N1,True,2,COPLATED_IN_DECODED_WELL
O=C(Nc1ccccn1)C1CC1(COc1cncnc1)c1ccccc1,True,1,COPLATED_IN_DECODED_WELL;DECODED_SAME_PLATE_ION_0p01;DECODED_SAME_WELL_ION_0p7
O=C(Nc1ccccn1)C1CCCN(c2ncnc3onc(-c4ccccc4)c23)C1,True,1,SAMPLE1_DRAW_GROUP
O=C(Nc1ccccn1)N1CCN(c2ccccn2)CC1,True,1,SAMPLE1_DRAW_GROUP
O=C(Nc1ccccn1)NC1CC(=O)N(c2ccccc2)C1,True,2,SAMPLE1_DRAW_GROUP
O=C(Nc1ccccn1)c1cc(Oc2cncnc2)ccn1,True,1,DECODED_SAME_PLATE_ION_0p01
O=C(Nc1ccccn1)c1cc[nH]n1,True,1,SAMPLE1_DRAW_GROUP
O=C(Nc1ccccn1)c1ccc(-c2nc(C3CCCN3)n3ccncc23)cc1,True,1,COPLATED_IN_DECODED_WELL;DECODED_SAME_PLATE_ION_0p01
O=C(Nc1ccccn1)c1ccc2[nH]c(CNc3ccccc3)nc2c1,True,4,COPLATED_IN_DECODED_WELL
O=C(Nc1ccccn1)c1ccccc1,True,9,DECODED_SAME_PLATE_ION_0p01
O=C(Nc1ccccn1)c1cncs1,True,1,DECODED_SAME_PLATE_ION_0p01
O=C(Nc1cccnc1)C1CCCN1c1nc(Nc2cc(C3CC3)[nH]n2)c2cccn2n1,True,1,COPLATED_IN_DECODED_WELL;DECODED_SAME_PLATE_ION_0p01
O=C(Nc1cccnc1)N1CC2CCCC(C2)C1,True,1,SAMPLE1_DRAW_GROUP
O=C(Nc1cccnc1)N1CCN(Cc2ccc3c(c2)OCO3)CC1,True,1,COPLATED_IN_DECODED_WELL;DECODED_SAME_PLATE_ION_0p01
O=C(Nc1cccnc1)Nc1ccc2[nH]ccc2c1,True,1,DECODED_SAME_PLATE_ION_0p01
O=C(Nc1cccnc1)c1c(-c2ccccc2)ccnc1N1CCCC1,True,1,DECODED_SAME_PLATE_ION_0p01
O=C(Nc1cccnc1)c1cc2ccccc2o1,True,1,SAMPLE1_DRAW_GROUP
O=C(Nc1cccnc1)c1ccccc1OCc1ccccc1,True,1,DECODED_SAME_PLATE_ION_0p01
O=C(Nc1cccnc1)c1cncc(-c2ccc(S(=O)(=O)N3CCNCC3)cc2)n1,True,1,DECODED_SAME_PLATE_ION_0p01
O=C(Nc1cccnc1)c1cncs1,True,1,SAMPLE1_DRAW_GROUP
O=C(Nc1cccnc1)c1coc(-c2ccccc2)n1,True,1,DECODED_SAME_PLATE_ION_0p01
O=C(Nc1cccnc1N1CCOCC1)NC1CC1,True,1,SAMPLE1_DRAW_GROUP
O=C(Nc1cccs1)C1CCCCC1,True,3,DECODED_SAME_PLATE_ION_0p01
O=C(Nc1cccs1)N1CCc2ccccc21,True,1,SAMPLE1_DRAW_GROUP
O=C(Nc1cccs1)c1ccccc1,True,2,COPLATED_IN_DECODED_WELL
O=C(Nc1cccs1)c1ccco1,True,4,COPLATED_IN_DECODED_WELL
O=C(Nc1cccs1)c1cnn(-c2ccccc2)c1,True,1,SAMPLE1_DRAW_GROUP
O=C(Nc1ccn(Cc2ccccc2)n1)c1ccn[nH]1,True,1,SAMPLE1_DRAW_GROUP
O=C(Nc1ccn(Cc2ccccc2)n1)c1n[nH]c2c1CCCC2,True,1,SAMPLE1_DRAW_GROUP
O=C(Nc1ccn[nH]1)N1CCc2ccccc2C1,True,1,SAMPLE1_DRAW_GROUP
O=C(Nc1ccn[nH]1)c1ccccc1,True,5,DECODED_SAME_PLATE_ION_0p01
O=C(Nc1ccnc2[nH]ccc12)c1ccccc1,True,1,DECODED_SAME_PLATE_ION_0p01
O=C(Nc1ccnc2ccnn12)N1CCOC2(CCOCC2)C1,True,1,SAMPLE1_DRAW_GROUP
O=C(Nc1ccncc1)C1CC1,True,2,SAMPLE1_DRAW_GROUP
O=C(Nc1ccncc1)N1CCCC1c1ccco1,True,1,SAMPLE1_DRAW_GROUP
O=C(Nc1ccncc1)c1cccc(N2CCCN(C3CCNCC3)CC2)n1,True,1,COPLATED_IN_DECODED_WELL
O=C(Nc1ccncc1)c1cn[nH]c1C1CC1,True,1,SAMPLE1_DRAW_GROUP
O=C(Nc1ccncc1)c1cncc(-c2cccc(N3CCNCC3)c2)c1,True,1,COPLATED_IN_DECODED_WELL;DECODED_SAME_PLATE_ION_0p01
O=C(Nc1ccncn1)N1CCCC1c1ccccc1,True,1,SAMPLE1_DRAW_GROUP
O=C(Nc1ccncn1)N1CCN(C2CCC2)CC1,True,1,SAMPLE1_DRAW_GROUP
O=C(Nc1ccnn1-c1ccccc1)c1ccnc(C2CC2)n1,True,1,SAMPLE1_DRAW_GROUP
O=C(Nc1ccno1)c1ccccc1,False,0,EXPOSED_POPULATION:LCSB-ALL-MASSBANK-V1-EXPOSURE-SET;EXPOSED_POPULATION:LCSB-CONFIRMATION;EXPOSED_POPULATION:LCSB-NEG;EXPOSED_POPULATION:V2-DEVELOPMENT-POPULATION;EXPOSED_POPULATION:WUR-POS-IDENTITY;EXPOSED_POPULATION:WUR-SEALED
O=C(Nc1ccno1)c1ccnc(OCC2CC2)c1,True,1,SAMPLE1_DRAW_GROUP
O=C(Nc1ccon1)C1=Cc2ccccc2S(=O)(=O)N1,True,1,COPLATED_IN_DECODED_WELL
O=C(Nc1ccon1)C1CCN(C(=O)c2ccccc2)CC1,True,1,SAMPLE1_DRAW_GROUP
O=C(Nc1ccon1)c1csc2ccccc12,True,1,SAMPLE1_DRAW_GROUP
O=C(Nc1ccsc1)c1ccn[nH]1,True,1,COPLATED_IN_DECODED_WELL
O=C(Nc1ccsc1)c1cn[nH]c1,False,0,COPLATED_IN_DECODED_WELL;DECODED_SAME_PLATE_ION_0p01;DECODED_SAME_WELL_ION_0p7;EXPOSED_POPULATION:V2-DEVELOPMENT-POPULATION;EXPOSED_POPULATION:WUR-DEV-ANALYSIS;EXPOSED_POPULATION:WUR-POS-IDENTITY;MSNLIB_ANCHOR_CENSUS_DESIGN;MSNLIB_ANCHOR_CENSUS_DETECTED;MSNLIB_ANCHOR_GATE_CALIBRATION
O=C(Nc1cn(Cc2ccncc2)nn1)c1ccco1,True,1,SAMPLE1_DRAW_GROUP
O=C(Nc1cn2cc(-c3ccncc3)ccc2n1)c1ccc(CC(=O)N2CCNCC2)cc1,True,1,DECODED_SAME_PLATE_ION_0p01
O=C(Nc1cn[nH]c1)C(c1ccccc1)N1CCCC1,True,1,SAMPLE1_DRAW_GROUP
O=C(Nc1cn[nH]c1)C(c1ccccc1)c1ccccc1,True,1,SAMPLE1_DRAW_GROUP
O=C(Nc1cn[nH]c1)C1(c2ccccc2)CCOCC1,True,1,SAMPLE1_DRAW_GROUP
O=C(Nc1cn[nH]c1)C1CC(=O)N(C2CCCC2)C1,True,1,SAMPLE1_DRAW_GROUP
O=C(Nc1cn[nH]c1)C1CC(=O)N(c2ccccc2)C1,True,1,SAMPLE1_DRAW_GROUP
O=C(Nc1cn[nH]c1-c1ccccn1)c1ccn(C2CCNCC2)n1,False,0,DECODED_SAME_PLATE_ION_0p01
O=C(Nc1cn[nH]c1C(=O)NC1CCNCC1)c1ccccc1,True,2,COPLATED_IN_DECODED_WELL;SAMPLE1_DRAW_GROUP
O=C(Nc1cnc(-c2ccncc2)c(-c2cccnc2)n1)C1CC1,True,1,DECODED_SAME_PLATE_ION_0p01
O=C(Nc1cnc(N2CCCC2)nc1)c1cncs1,True,1,SAMPLE1_DRAW_GROUP
O=C(Nc1cnc(N2CCOCC2)nc1)c1ccncc1,True,1,SAMPLE1_DRAW_GROUP
O=C(Nc1cnc(Nc2ccccc2)s1)C1CCCCC1,True,1,COPLATED_IN_DECODED_WELL
O=C(Nc1cnc2ccccc2n1)N1CCN(c2ccccc2)CC1,True,1,COPLATED_IN_DECODED_WELL;DECODED_SAME_PLATE_ION_0p01;DECODED_SAME_WELL_ION_0p7
O=C(Nc1cnc2oc(-c3ccccc3)nc2c1)c1ccoc1,True,1,DECODED_SAME_PLATE_ION_0p01
O=C(Nc1cncc(-c2ccc3ncsc3c2)c1)OC1CCCCC1,False,0,DECODED_SAME_PLATE_ION_0p01
O=C(Nc1cncc(-c2cnc(OC3CCOCC3)c(N3CCOCC3)c2)c1)c1ccccc1,True,1,COPLATED_IN_DECODED_WELL;DECODED_SAME_PLATE_ION_0p01;DECODED_SAME_WELL_ION_0p7;SAMPLE1_DRAW_GROUP
O=C(Nc1cnccc1C1CCCCC1)c1cccc(-c2ccccc2)n1,True,1,DECODED_SAME_PLATE_ION_0p01
O=C(Nc1cnccc1N1CCC(C(=O)N2CCN(C3COC3)CC2)CC1)c1cnn2cccnc12,True,1,COPLATED_IN_DECODED_WELL;DECODED_SAME_PLATE_ION_0p01;DECODED_SAME_WELL_ION_0p7
O=C(Nc1cnccc1N1CCCCC1)c1cncc(-c2ccccc2)n1,True,1,DECODED_SAME_PLATE_ION_0p01
O=C(Nc1cnccn1)C(CC1CCCC1)c1ccccc1,False,0,EXPOSED_POPULATION:LCSB-ALL-MASSBANK-V1-EXPOSURE-SET;EXPOSED_POPULATION:LCSB-DEV;EXPOSED_POPULATION:LCSB-NEG;EXPOSED_POPULATION:LCSB-POS-V2-SPECTRA;EXPOSED_POPULATION:V2-DEVELOPMENT-POPULATION
O=C(Nc1cnccn1)c1cc(Oc2cncnc2)c2ccoc2c1,True,1,DECODED_SAME_PLATE_ION_0p01
O=C(Nc1cnccn1)c1ccccc1,True,2,SAMPLE1_DRAW_GROUP
O=C(Nc1cncnc1)C1CCOCC1,True,1,SAMPLE1_DRAW_GROUP
O=C(Nc1cncnc1)N1CCC(Cc2ccccc2)C1,True,1,SAMPLE1_DRAW_GROUP
O=C(Nc1cncnc1)c1ccccc1,True,4,COPLATED_IN_DECODED_WELL
O=C(Nc1cncnc1-c1ccccc1)NC1c2ccccc2-c2ccccc21,True,1,COPLATED_IN_DECODED_WELL;DECODED_SAME_PLATE_ION_0p01
O=C(Nc1cnn(-c2ccccc2)c1)c1ccccc1,True,1,SAMPLE1_DRAW_GROUP
O=C(Nc1cnn(CC2CCCCO2)c1)c1ccc2[nH]ccc2c1,True,1,SAMPLE1_DRAW_GROUP
O=C(Nc1cnn(CC2CCOCC2)c1)c1ccc2c(c1)OCO2,True,1,SAMPLE1_DRAW_GROUP
O=C(Nc1cnn(Cc2ccccc2)c1)C1CCCO1,True,1,SAMPLE1_DRAW_GROUP
O=C(Nc1cnn(Cc2ccccc2)c1)c1ccnc2ccccc12,True,1,SAMPLE1_DRAW_GROUP
O=C(Nc1cnn2ccc(N3CCCC3c3ccccc3)nc12)N1CCCC1,True,1,COPLATED_IN_DECODED_WELL;DECODED_SAME_PLATE_ION_0p01;DECODED_SAME_WELL_ION_0p7
O=C(Nc1cnn2ccc(N3CCCC3c3ccccc3)nc12)Oc1ccccc1,True,1,SAMPLE1_DRAW_GROUP
O=C(Nc1cnoc1-c1ccc(-c2ccccc2)cc1)OCc1ccccc1,True,1,COPLATED_IN_DECODED_WELL;DECODED_SAME_WELL_ION_0p7
O=C(Nc1csc(-c2nnco2)c1)C1(c2ccccc2)CC1,True,1,DECODED_SAME_PLATE_ION_0p01;SAMPLE1_DRAW_GROUP
O=C(Nc1n[nH]c2cc[nH]c(=O)c12)c1ccnn1C1CCC1,True,1,SAMPLE1_DRAW_GROUP
O=C(Nc1n[nH]c2ccc(Cc3ccccc3)cc12)c1ccc(N2CCNCC2)cc1NC1CCOCC1,True,1,COPLATED_IN_DECODED_WELL
O=C(Nc1n[nH]nc1C(=O)N1CCCC1)N1CCCCCC1,True,1,SAMPLE1_DRAW_GROUP
O=C(Nc1nc(-c2cc3ccccc3o2)cs1)c1ccn[nH]1,True,1,SAMPLE1_DRAW_GROUP
O=C(Nc1nc(-c2ccc(Sc3cnccn3)cc2)cs1)c1ccncc1,True,1,DECODED_SAME_PLATE_ION_0p01
O=C(Nc1nc(-c2ccc3c(c2)OCCO3)cs1)C1CC1,True,1,SAMPLE1_DRAW_GROUP
O=C(Nc1nc(-c2ccccc2)c(CCC2CCCCC2)s1)c1cc2ccccc2[nH]1,True,1,COPLATED_IN_DECODED_WELL;SAMPLE1_DRAW_GROUP
O=C(Nc1nc(-c2ccccc2)cs1)C1CC2CCC1C2,True,2,SAMPLE1_DRAW_GROUP
O=C(Nc1nc(-c2ccccc2)cs1)C1CCCCN1S(=O)(=O)c1ccccc1,False,0,COPLATED_IN_DECODED_WELL;DECODED_SAME_WELL_ION_0p7
O=C(Nc1nc(-c2ccccc2)cs1)c1ccc(=O)[nH]c1,True,1,SAMPLE1_DRAW_GROUP
O=C(Nc1nc(-c2ccccc2)cs1)c1ccccc1,True,4,COPLATED_IN_DECODED_WELL;DECODED_SAME_PLATE_ION_0p01
O=C(Nc1nc(-c2ccccc2)cs1)c1ccccc1NS(=O)(=O)c1ccccc1,True,1,DECODED_SAME_PLATE_ION_0p01
O=C(Nc1nc(-c2ccccc2)cs1)c1cn[nH]c1,True,1,DECODED_SAME_PLATE_ION_0p01
O=C(Nc1nc(-c2ccccn2)cs1)c1ccc(S(=O)(=O)Nc2ccccc2)cc1,True,1,COPLATED_IN_DECODED_WELL;SAMPLE1_DRAW_GROUP
O=C(Nc1nc(-c2cccnc2)cs1)c1ccnc(C2CC2)n1,True,1,SAMPLE1_DRAW_GROUP
O=C(Nc1nc(-c2cccs2)c(N2CCN(C3CCCCC3)CC2)s1)c1ccc(N2CCCCC2)nc1,True,1,COPLATED_IN_DECODED_WELL
O=C(Nc1nc(-c2ccncn2)cs1)c1ccccc1,True,1,COPLATED_IN_DECODED_WELL;DECODED_SAME_PLATE_ION_0p01;DECODED_SAME_WELL_ION_0p7
O=C(Nc1nc(C2CC2)ns1)N1CCC2CC2C1,True,1,SAMPLE1_DRAW_GROUP
O=C(Nc1nc2c(s1)C(=O)CCC2)c1ccccc1,True,1,SAMPLE1_DRAW_GROUP
O=C(Nc1nc2c(s1)CCCC2)N1CCCCC1,True,1,SAMPLE1_DRAW_GROUP
O=C(Nc1nc2c(s1)CCCC2)c1conc1-c1ccccc1,True,1,SAMPLE1_DRAW_GROUP
O=C(Nc1nc2ccc(CN3CCCCC3)cc2n1C1CCCCC1)c1ccccc1,True,1,SURFACED_VALUE_ATTRIBUTED_WELL
O=C(Nc1nc2cccc(-c3ccc(C(=O)N4CCC4)cc3)n2n1)C1CC1,False,0,DECODED_SAME_PLATE_ION_0p01
O=C(Nc1nc2cccc(-c3ccc(CN4CCS(=O)(=O)CC4)cc3)n2n1)C1CC1,True,1,COPLATED_IN_DECODED_WELL
O=C(Nc1nc2cccc(N3CCOCC3)c2s1)N1CCCCC1,False,0,DECODED_SAME_PLATE_ION_0p01
O=C(Nc1nc2ccccc2[nH]1)C1CCCC1,True,1,SAMPLE1_DRAW_GROUP
O=C(Nc1nc2ccccc2[nH]1)C1CCCCN1,True,1,SAMPLE1_DRAW_GROUP
O=C(Nc1nc2ccccc2[nH]1)c1cccc(-n2cccc2)c1,True,1,DECODED_SAME_PLATE_ION_0p01
O=C(Nc1nc2ccccc2n1CC=CCn1c(NC(=O)c2ccn[nH]2)nc2ccccc21)c1ccn[nH]1,True,1,COPLATED_IN_DECODED_WELL;SAMPLE1_DRAW_GROUP
O=C(Nc1nc2ccccc2n1CCN1CCOCC1)c1ccccc1,True,1,DECODED_SAME_PLATE_ION_0p01
O=C(Nc1nc2ccncc2[nH]1)c1ccc(NS(=O)(=O)c2ccccc2)cc1,True,1,SAMPLE1_DRAW_GROUP
O=C(Nc1ncc(-c2cccc(S(=O)(=O)Nc3ccccc3)c2)s1)C1CCCC1,True,1,COPLATED_IN_DECODED_WELL
O=C(Nc1ncc(-c2ccncc2)s1)N1CCCC1,True,1,COPLATED_IN_DECODED_WELL;DECODED_SAME_WELL_ION_0p7
O=C(Nc1ncc(C2COC2)s1)C1CNC1,True,1,SAMPLE1_DRAW_GROUP
O=C(Nc1ncc(CN2CCOCC2)s1)c1ccccc1,True,1,SAMPLE1_DRAW_GROUP
O=C(Nc1ncc(N2CCOCC2)s1)C1CCNC1,True,1,DECODED_SAME_PLATE_ION_0p01
O=C(Nc1ncc(SCCN2CCCC2)s1)C1(c2ccc(S(=O)(=O)C3CC3)cc2)CC1C1CCCCC1,True,1,COPLATED_IN_DECODED_WELL
O=C(Nc1ncc(SCc2ncco2)s1)C1CCNCC1,True,1,COPLATED_IN_DECODED_WELL;DECODED_SAME_PLATE_ION_0p01;DECODED_SAME_WELL_ION_0p7
O=C(Nc1ncc(Sc2cccc(C(=O)N3CCNCC3)c2)s1)c1ccccc1,True,1,COPLATED_IN_DECODED_WELL;DECODED_SAME_PLATE_ION_0p01;DECODED_SAME_WELL_ION_0p7
O=C(Nc1ncccc1N1CCCCC1)c1cncc(-c2ccccn2)n1,True,1,COPLATED_IN_DECODED_WELL;DECODED_SAME_PLATE_ION_0p01
O=C(Nc1ncccn1)NS(=O)(=O)Cc1ccccc1,False,0,EXPOSED_POPULATION:V2-DEVELOPMENT-POPULATION;EXPOSED_POPULATION:WUR-POS-IDENTITY;EXPOSED_POPULATION:WUR-SEALED
O=C(Nc1ncccn1)NS(=O)(=O)Oc1ccccc1,False,0,EXPOSED_POPULATION:V2-DEVELOPMENT-POPULATION;EXPOSED_POPULATION:WUR-POS-IDENTITY;EXPOSED_POPULATION:WUR-SEALED
O=C(Nc1ncccn1)NS(=O)(=O)c1[nH]ncc1-c1nn[nH]n1,False,0,EXPOSED_POPULATION:V2-DEVELOPMENT-POPULATION;EXPOSED_POPULATION:WUR-POS-IDENTITY;EXPOSED_POPULATION:WUR-SEALED
O=C(Nc1ncccn1)NS(=O)(=O)c1ccccc1,False,0,EXPOSED_POPULATION:V2-DEVELOPMENT-POPULATION;EXPOSED_POPULATION:WUR-POS-IDENTITY;EXPOSED_POPULATION:WUR-SEALED
O=C(Nc1ncccn1)NS(=O)(=O)c1ccccn1,False,0,COPLATED_IN_DECODED_WELL;EXPOSED_POPULATION:V2-DEVELOPMENT-POPULATION;EXPOSED_POPULATION:WUR-POS-IDENTITY;EXPOSED_POPULATION:WUR-SEALED;MSNLIB_ANCHOR_CENSUS_DESIGN
O=C(Nc1ncccn1)NS(=O)(=O)c1ccn[nH]1,False,0,EXPOSED_POPULATION:V2-DEVELOPMENT-POPULATION;EXPOSED_POPULATION:WUR-DEV-ANALYSIS;EXPOSED_POPULATION:WUR-POS-IDENTITY
O=C(Nc1nccs1)C(c1ccccc1)N1Cc2ccccc2C1=O,False,0,DECODED_SAME_PLATE_ION_0p01
O=C(Nc1nccs1)C1=Cc2ccccc2S(=O)(=O)N1,False,0,COPLATED_IN_DECODED_WELL;DECODED_SAME_PLATE_ION_0p01;DECODED_SAME_WELL_ION_0p7;EXPOSED_POPULATION:LCSB-ALL-MASSBANK-V1-EXPOSURE-SET;EXPOSED_POPULATION:LCSB-DEV;EXPOSED_POPULATION:LCSB-NEG;EXPOSED_POPULATION:LCSB-POS-V2-SPECTRA;EXPOSED_POPULATION:V2-DEVELOPMENT-POPULATION;EXPOSED_POPULATION:WUR-DEV-ANALYSIS;EXPOSED_POPULATION:WUR-POS-IDENTITY;MSNLIB_ANCHOR_CENSUS_DESIGN;MSNLIB_ANCHOR_CENSUS_DETECTED;MSNLIB_ANCHOR_GATE_CALIBRATION
O=C(Nc1nccs1)NC1CCC1,True,1,SAMPLE1_DRAW_GROUP
O=C(Nc1nccs1)Nc1c[nH]c2ccccc12,True,1,SAMPLE1_DRAW_GROUP
O=C(Nc1nccs1)c1ccccc1,True,10,COPLATED_IN_DECODED_WELL;DECODED_SAME_PLATE_ION_0p01;DECODED_SAME_WELL_ION_0p7
O=C(Nc1nccs1)c1ccccc1N1CCCC1,True,1,DECODED_SAME_PLATE_ION_0p01;SAMPLE1_DRAW_GROUP
O=C(Nc1nccs1)c1ccccc1OCC1CC1,True,1,SAMPLE1_DRAW_GROUP
O=C(Nc1ncnc2[nH]cnc12)OC(c1ccccc1)c1ccccc1,True,1,SAMPLE1_DRAW_GROUP
O=C(Nc1ncnc2sccc12)c1ccccc1,True,1,SAMPLE1_DRAW_GROUP
O=C(Nc1ncncn1)NS(=O)(=O)c1ccccc1,False,0,EXPOSED_POPULATION:V2-DEVELOPMENT-POPULATION;EXPOSED_POPULATION:WUR-POS-IDENTITY;EXPOSED_POPULATION:WUR-SEALED
O=C(Nc1nnc(-c2ccccc2)o1)N1CCc2ccccc2C1,True,1,DECODED_SAME_PLATE_ION_0p01;SAMPLE1_DRAW_GROUP
O=C(Nc1nnc(CC2CCCC2)o1)C1CCCC1,True,1,SAMPLE1_DRAW_GROUP
O=C(Nc1nncn1C1CC1)c1cn[nH]c1,True,1,SAMPLE1_DRAW_GROUP
O=C(Nc1nncs1)C1CCN(S(=O)(=O)c2ccc3[nH]c(=O)sc3c2)CC1,True,1,SAMPLE1_DRAW_GROUP
O=C(Nc1nnn[nH]1)c1cc2ccccc2s1,False,0,EXPOSED_POPULATION:ENTACT-MIX-LISTS-499-503-505;EXPOSED_POPULATION:LCSB-ALL-MASSBANK-V1-EXPOSURE-SET;EXPOSED_POPULATION:LCSB-DEV;EXPOSED_POPULATION:LCSB-NEG;EXPOSED_POPULATION:LCSB-POS-V2-SPECTRA;EXPOSED_POPULATION:V2-DEVELOPMENT-POPULATION
O=C(Nc1oc2ccccc2c(=O)c1-c1ccccc1)c1ccccc1,True,1,SAMPLE1_DRAW_GROUP
O=C(Nc1sc(-c2ncco2)nc1-c1ccccc1)C1CCCN1C(=O)CC1CCCCC1,True,1,DECODED_SAME_PLATE_ION_0p01
O=C(Nc1sccc1-c1ncno1)c1ccccc1,True,1,SAMPLE1_DRAW_GROUP
O=C(Nc1snnc1-c1ccccc1)C1CCCN1C(=O)CC1CCCCC1,False,0,COPLATED_IN_DECODED_WELL;DECODED_SAME_PLATE_ION_0p01;DECODED_SAME_WELL_ION_0p7
O=C(Nn1ccc2ccccc21)c1cnc(-c2ccccn2)nc1,False,0,EXPOSED_POPULATION:LCSB-ALL-MASSBANK-V1-EXPOSURE-SET;EXPOSED_POPULATION:LCSB-DEV;EXPOSED_POPULATION:LCSB-NEG;EXPOSED_POPULATION:LCSB-POS-V2-SPECTRA;EXPOSED_POPULATION:V2-DEVELOPMENT-POPULATION
O=C(Nn1cnnc1)c1cc(-c2ccccc2)nc2ccccc12,True,1,SAMPLE1_DRAW_GROUP
O=C(OC(=O)c1ccccc1)c1ccccc1,True,1,SAMPLE1_DRAW_GROUP
O=C(OC(C(=O)c1ccccc1)c1ccccc1)c1cc2ccccc2oc1=O,True,1,SAMPLE1_DRAW_GROUP
O=C(OC(CCc1ccccc1)c1ccccc1)C1CCCCN1,True,2,COPLATED_IN_DECODED_WELL;DECODED_SAME_PLATE_ION_0p01;DECODED_SAME_WELL_ION_0p7
O=C(OC12CCCC34C5CC6CCC(C5C6)C(CC13)C4NC2)c1ccccc1,True,2,COPLATED_IN_DECODED_WELL;DECODED_SAME_PLATE_ION_0p01;DECODED_SAME_WELL_ION_0p7
O=C(OC1C2C=COC(OC3CCCCO3)C2C2OC12)c1ccccc1,True,5,COPLATED_IN_DECODED_WELL;SAMPLE1_DRAW_GROUP
O=C(OC1C2CCC3C4CC5C6CCCC5(C(C2)C31)C4NC6)c1ccccc1,False,0,DECODED_SAME_PLATE_ION_0p01;EXPOSED_POPULATION:V2-DEVELOPMENT-POPULATION;EXPOSED_POPULATION:WUR-POS-IDENTITY;EXPOSED_POPULATION:WUR-SEALED
O=C(OC1C2CCC=C(CC(=O)C3CCC4OCC4C31)C2)c1ccccc1,True,2,DECODED_SAME_PLATE_ION_0p01
O=C(OC1C=CCCC2CCCC21)c1ccccc1,True,1,DECODED_SAME_PLATE_ION_0p01
O=C(OC1CC(OC2CCCCO2)CC(COC2CCCC(COC3CCCCO3)O2)O1)C12CCCCC1C1=CCC3C4CCC(OC5CCCCO5)CC4CCC3C1CC2,False,0,COPLATED_IN_DECODED_WELL
O=C(OC1CC2CC(COC(=O)c3ccccc3-c3ccccc3C(=O)O2)O1)c1ccccc1,True,1,COPLATED_IN_DECODED_WELL
O=C(OC1CC2CC1C1CCCC21)c1ccccc1,False,0,COPLATED_IN_DECODED_WELL
O=C(OC1CC2CC3CC(C1)N2CC3=O)c1c[nH]c2ccccc12,True,1,COPLATED_IN_DECODED_WELL;DECODED_SAME_PLATE_ION_0p01
O=C(OC1CC2CCC(C1)N2)c1c[nH]c2ccccc12,True,1,COPLATED_IN_DECODED_WELL;DECODED_SAME_PLATE_ION_0p01
O=C(OC1CC2CCC(C1)N2)c1ccccc1,False,0,EXPOSED_POPULATION:V2-DEVELOPMENT-POPULATION;EXPOSED_POPULATION:WUR-DEV-ANALYSIS;EXPOSED_POPULATION:WUR-POS-IDENTITY
O=C(OC1CC2[NH2+]C(C1)C1OC21)C(c1cccs1)c1cccs1,False,0,COPLATED_IN_DECODED_WELL
O=C(OC1CCC(OC2CC(OC3CC(OC4CCCCO4)CCO3)C(OC3CCCCO3)CO2)CO1)C12CCCCC1C1=CCC3C4CCC(OC5CCC(OC6CC(OC7CCCCO7)CCO6)CO5)CC4CCC3C1CC2,False,0,COPLATED_IN_DECODED_WELL
O=C(OC1CCC(OC2CCCCO2)CO1)C12CCCCC1C1=CCC3C4CCC(OC5CCCCO5)CC4CCC3C1CC2,True,1,SAMPLE1_DRAW_GROUP
O=C(OC1CCC(c2ccccc2)Cc2cccnc21)N1CCC(n2c(=O)[nH]c3ncccc32)CC1,True,1,COPLATED_IN_DECODED_WELL;DECODED_SAME_PLATE_ION_0p01;DECODED_SAME_WELL_ION_0p7
O=C(OC1CCC2C(=O)C=CC3CC3CC=CCC12)c1ccccc1,True,1,SAMPLE1_DRAW_GROUP
O=C(OC1CCC2C3CCC4C5CCC6CC7CCCCN7CC6C5CC42OC13)c1ccccc1,True,1,COPLATED_IN_DECODED_WELL
O=C(OC1CCC2CC3c4[nH]c5ccccc5c4CCN3CC2C1)c1ccccc1,False,0,COPLATED_IN_DECODED_WELL;DECODED_SAME_PLATE_ION_0p01;DECODED_SAME_WELL_ION_0p7;EXPOSED_POPULATION:LCSB-ALL-MASSBANK-V1-EXPOSURE-SET;EXPOSED_POPULATION:LCSB-DEV;EXPOSED_POPULATION:LCSB-NEG;EXPOSED_POPULATION:LCSB-POS-V2-SPECTRA;EXPOSED_POPULATION:V2-DEVELOPMENT-POPULATION;EXPOSED_POPULATION:WUR-NEG-DEV;MSNLIB_ANCHOR_CENSUS_DESIGN;MSNLIB_ANCHOR_CENSUS_DETECTED;MSNLIB_ANCHOR_GATE_CALIBRATION;MULTIMS2_ANCHOR_CALIBRATION
O=C(OC1CCCC(COC2CCC(OC3CCCCO3)CO2)O1)C12CCCC1C1CCC3C4CCC(OC5OCCCC5OC5CCCCO5)CC4CCC3C1CC2,False,0,COPLATED_IN_DECODED_WELL
O=C(OC1CCCC(COC2CCC(OC3CCCCO3)CO2)O1)C12CCCCC1C1=CCC3C4CCC(OC5CCCCO5)CC4CCC3C1CC2,False,0,COPLATED_IN_DECODED_WELL;DECODED_SAME_PLATE_ION_0p01;DECODED_SAME_WELL_ION_0p7
O=C(OC1CCCC(COC2CCC(OC3CCCCO3)CO2)O1)C12CCCCC1C1=CCC3C4CCC(OC5OCCCC5OC5CC(OC6CCC(OC7CCC(OC8CCCC(COC9CCCCO9)O8)CO7)CO6)CCO5)CC4CCC3C1CC2,False,0,COPLATED_IN_DECODED_WELL
O=C(OC1CCCC(COC2CCC(OC3CCCCO3)CO2)O1)C12CCCCC1C1=CCC3C4CCCCC4CCC3C1CC2,True,4,COPLATED_IN_DECODED_WELL
O=C(OC1CCCC(COC2CCCCO2)O1)C12CCCCC1C1=CCC3C4CCC(OC5OCCCC5OC5CCCCO5)CC4CCC3C1CC2,False,0,DECODED_SAME_PLATE_ION_0p01
O=C(OC1CCCC1)C(NCc1ccccc1)c1ccccc1,True,1,COPLATED_IN_DECODED_WELL;DECODED_SAME_PLATE_ION_0p01;DECODED_SAME_WELL_ION_0p7
O=C(OC1CCCC1)C(NCc1cccnc1)C1CCCCC1,True,1,COPLATED_IN_DECODED_WELL;DECODED_SAME_PLATE_ION_0p01;DECODED_SAME_WELL_ION_0p7;SAMPLE1_DRAW_GROUP
O=C(OC1CCCCC1)C1=CNC(=S)NC1c1ccccc1,True,1,DECODED_SAME_PLATE_ION_0p01
O=C(OC1CCCCC1)c1ccccc1,True,3,COPLATED_IN_DECODED_WELL;DECODED_SAME_PLATE_ION_0p01;SAMPLE1_DRAW_GROUP
O=C(OC1CCCCC1)c1ccccc1C(=O)OC1CCCCC1,False,0,EXPOSED_POPULATION:ENTACT-MIX-LISTS-499-503-505;EXPOSED_POPULATION:LCSB-RAW-MIX-REPLICATE-SET-92;EXPOSED_POPULATION:V2-DEVELOPMENT-POPULATION;EXPOSED_POPULATION:WUR-DEV-ANALYSIS;EXPOSED_POPULATION:WUR-POS-IDENTITY
O=C(OC1CCCCO1)C12CCCCC1C1=CCC3C4CCC(OC5CCC(OC6CCCCO6)CO5)CC4CCC3C1CC2,True,3,COPLATED_IN_DECODED_WELL;DECODED_SAME_PLATE_ION_0p01;DECODED_SAME_WELL_ION_0p7
O=C(OC1CCCCO1)C12CCCCC1C1=CCC3C4CCC(OC5CCCCO5)CC4CCC3C1CC2,True,16,DECODED_SAME_PLATE_ION_0p01
O=C(OC1CCCCO1)C12CCCCC1C1=CCC3C4CCC(OC5OCC(OC6CCCCO6)CC5OC5CCCCO5)CC4CCC3C1CC2,False,0,COPLATED_IN_DECODED_WELL
O=C(OC1CCCCO1)C1CCCC23CC24CCC2CCCC2C4CCC13,True,2,COPLATED_IN_DECODED_WELL;DECODED_SAME_PLATE_ION_0p01;DECODED_SAME_WELL_ION_0p7
O=C(OC1CCCCO1)C1OC(OC2CCC3C(CCC4C5CCC6CCCCC6C5=CCC34)C2)CCC1OC1CCCO1,True,1,COPLATED_IN_DECODED_WELL
O=C(OC1CCCCO1)c1ccccc1C=Cc1ccccc1,True,1,SAMPLE1_DRAW_GROUP
O=C(OC1CCCN(Cc2ccccc2)C1)C1=CNC=CC1c1ccccc1,True,1,COPLATED_IN_DECODED_WELL;DECODED_SAME_PLATE_ION_0p01;DECODED_SAME_WELL_ION_0p7
O=C(OC1CCCNC1)C(c1ccccc1)c1ccccc1,True,1,COPLATED_IN_DECODED_WELL;DECODED_SAME_PLATE_ION_0p01;DECODED_SAME_WELL_ION_0p7;SAMPLE1_DRAW_GROUP
O=C(OC1CCCOC1c1cccc(C(=O)c2ccccc2)c1)c1ccccc1,True,2,COPLATED_IN_DECODED_WELL
O=C(OC1CCCc2cc3c(cc2-c2ccccc21)OCO3)c1ccccc1,True,1,DECODED_SAME_PLATE_ION_0p01
O=C(OC1CCN(Cc2ccccc2)C1)C1=CNC=CC1c1ccccc1,True,1,COPLATED_IN_DECODED_WELL;DECODED_SAME_PLATE_ION_0p01
O=C(OC1CCN(c2ccc(=O)[nH]n2)CC1)N1CCN(C2CCC2)CC1,True,1,COPLATED_IN_DECODED_WELL;DECODED_SAME_PLATE_ION_0p01;DECODED_SAME_WELL_ION_0p7
O=C(OC1CCNCC1)C(c1ccccc1)c1ccccc1,True,1,DECODED_SAME_PLATE_ION_0p01
O=C(OC1CCNCC1)c1ccccc1,True,3,DECODED_SAME_PLATE_ION_0p01
O=C(OC1CC[NH2+]C1)C(c1ccccc1)C1CCCC1,False,0,COPLATED_IN_DECODED_WELL;DECODED_SAME_PLATE_ION_0p01
O=C(OC1CN(C(c2ccccc2)c2ccccc2)C1)C1=CNC=CC1c1ccccc1,True,1,COPLATED_IN_DECODED_WELL
O=C(OC1CN(c2nc3ccccc3s2)C1)c1ccsc1,True,1,SAMPLE1_DRAW_GROUP
O=C(OC1CN2CCC1CC2)N(Cc1ccccc1)c1ccccc1,False,0,DECODED_SAME_PLATE_ION_0p01
O=C(OC1CN2CCC1CC2)N1CCc2ccccc2C1c1ccccc1,True,1,COPLATED_IN_DECODED_WELL;DECODED_SAME_PLATE_ION_0p01;DECODED_SAME_WELL_ION_0p7
O=C(OC1C[N+]2(CCCOc3ccccc3)CCC1CC2)C(c1cccs1)c1cccs1,False,0,COPLATED_IN_DECODED_WELL
O=C(OC1C[NH+]2CCC1CC2)C(c1ccccc1)c1ccccc1,False,0,COPLATED_IN_DECODED_WELL;DECODED_SAME_PLATE_ION_0p01;DECODED_SAME_WELL_ION_0p7
O=C(OC1Cc2ccccc2OC1c1cccc2cc(=O)cc(C3CCc4ccccc4O3)cc12)c1ccccc1,True,1,COPLATED_IN_DECODED_WELL
O=C(OC1Cc2ccccc2OC1c1ccccc1)c1ccccc1,True,3,COPLATED_IN_DECODED_WELL;EXPOSED_POPULATION:ENTACT-MIX-LISTS-499-503-505;EXPOSED_POPULATION:LCSB-ALL-MASSBANK-V1-EXPOSURE-SET;EXPOSED_POPULATION:LCSB-NEG;EXPOSED_POPULATION:LCSB-POS-V2-SPECTRA
O=C(OC1OCCC(OC2CCCCO2)C1OC1CCCCO1)C12C=CC3C(=CCC4C5CCC(OC6OCCCC6OC6CCCCO6)CC5CCC34)C1CCCC2,False,0,COPLATED_IN_DECODED_WELL
O=C(OC1OCCCC1OC1CCC(OC2CC(OC3CCCO3)CCO2)CO1)C12CCCCC1C1=CCC3C4CCC(OC5CC(OC6CCCCO6)CCO5)CC4CCC3C1CC2,False,0,COPLATED_IN_DECODED_WELL
O=C(OC1OCCCC1OC1CCC(OC2CC(OC3CCCO3)CCO2)CO1)C12CCCCC1C1=CCC3C4CCC(OC5CCCCO5)CC4CCC3C1CC2,False,0,COPLATED_IN_DECODED_WELL;DECODED_SAME_PLATE_ION_0p01;DECODED_SAME_WELL_ION_0p7
O=C(OC1OCCCC1OC1CCC(OC2CCCCO2)CO1)C12CCCCC1C1=CCC3C4CCC(OC5CCCC(COC6CCCCO6)O5)CC4CCC3C1CC2,False,0,COPLATED_IN_DECODED_WELL;DECODED_SAME_PLATE_ION_0p01;DECODED_SAME_WELL_ION_0p7
O=C(OCC#CCSc1nncs1)c1ccccc1,True,1,SAMPLE1_DRAW_GROUP
O=C(OCC(=O)N1CCN(c2ccccc2)CC1)c1cccnc1,True,1,SAMPLE1_DRAW_GROUP
O=C(OCC12C(=O)OC3CCC1CC32OC1CCCCO1)c1ccccc1,True,1,SAMPLE1_DRAW_GROUP
O=C(OCC12C3CC(=O)C1CC21OC2OCCCC2OC1O3)c1ccccc1,True,1,SAMPLE1_DRAW_GROUP
O=C(OCC12CCCC34C5CC6CCC(C5C6)C(CC13)C4NC2)c1ccccc1N1C(=O)CCC1=O,True,1,COPLATED_IN_DECODED_WELL;DECODED_SAME_PLATE_ION_0p01;DECODED_SAME_WELL_ION_0p7
O=C(OCC1C(OC(=O)C2CC2)CCC2C3Cc4c(cc(-c5cccnc5)oc4=O)OC3CCC12)C1CC1,False,0,EXPOSED_POPULATION:V2-DEVELOPMENT-POPULATION;EXPOSED_POPULATION:WUR-POS-IDENTITY;EXPOSED_POPULATION:WUR-SEALED
O=C(OCC1CCC(OC(=O)c2ccccc2)C(Oc2ccccc2)O1)c1ccccc1,True,1,COPLATED_IN_DECODED_WELL;SAMPLE1_DRAW_GROUP
O=C(OCC1CCC2CCC3C4=CCC5CC(OC(=O)c6ccccc6)CCC5C4=CCC3C2C1)c1ccccc1,True,1,COPLATED_IN_DECODED_WELL
O=C(OCC1CCC2OC2C1)C1CCC2OC2C1,False,0,EXPOSED_POPULATION:V2-DEVELOPMENT-POPULATION;EXPOSED_POPULATION:WUR-DEV-ANALYSIS;EXPOSED_POPULATION:WUR-POS-IDENTITY
O=C(OCC1CCCC(Oc2c(-c3ccccc3)oc3ccccc3c2=O)O1)c1ccccc1,True,2,COPLATED_IN_DECODED_WELL
O=C(OCC1CCCN1)c1ccccc1,True,1,COPLATED_IN_DECODED_WELL
O=C(OCC1CNC2Cc3c[nH]c4cccc(c34)C2C1)c1cccnc1,True,1,COPLATED_IN_DECODED_WELL
O=C(OCC1OC(OC(=O)c2cccc(OC(=O)c3ccccc3)c2)C(OC(=O)c2cccc(OC(=O)c3ccccc3)c2)C(OC(=O)c2cccc(OC(=O)c3ccccc3)c2)C1OC(=O)c1cccc(OC(=O)c2ccccc2)c1)c1cccc(OC(=O)c2ccccc2)c1,False,0,COPLATED_IN_DECODED_WELL
O=C(OCC=Cc1ccccc1)C1=CNC=CC1c1ccccc1,True,2,COPLATED_IN_DECODED_WELL;DECODED_SAME_PLATE_ION_0p01
O=C(OCCCCCCCCCCC[P+](c1ccccc1)(c1ccccc1)c1ccccc1)c1ccccc1,False,0,COPLATED_IN_DECODED_WELL;DECODED_SAME_PLATE_ION_0p01;DECODED_SAME_WELL_ION_0p7
O=C(OCCCN1CCCCC1)c1ccccc1,False,0,EXPOSED_POPULATION:V2-DEVELOPMENT-POPULATION;EXPOSED_POPULATION:WUR-POS-IDENTITY;EXPOSED_POPULATION:WUR-SEALED
O=C(OCCCOC(=O)c1ccccc1)c1ccccc1,False,0,EXPOSED_POPULATION:ENTACT-MIX-LISTS-499-503-505;EXPOSED_POPULATION:LCSB-ALL-MASSBANK-V1-EXPOSURE-SET;EXPOSED_POPULATION:LCSB-DEV;EXPOSED_POPULATION:LCSB-POS-V2-SPECTRA;EXPOSED_POPULATION:V2-DEVELOPMENT-POPULATION
O=C(OCCCc1cccnc1)C1CCCN1,True,1,DECODED_SAME_PLATE_ION_0p01
O=C(OCCN(Cc1ccccc1)c1ccccc1)C1=CNC=C(P2(=O)OCCCO2)C1c1ccccc1,True,1,COPLATED_IN_DECODED_WELL;DECODED_SAME_PLATE_ION_0p01;DECODED_SAME_WELL_ION_0p7
O=C(OCCN1CCCCC1)c1cccc2c(=O)cc(-c3ccccc3)oc12,True,1,COPLATED_IN_DECODED_WELL
O=C(OCCN1CCOCC1)C1(c2ccccc2)CCCCC1,True,1,COPLATED_IN_DECODED_WELL
O=C(OCCN1CCOCC1)C1COc2ccccc2O1,True,1,SAMPLE1_DRAW_GROUP
O=C(OCCNCCC(c1ccccc1)c1ccccc1)C1=CNC=CC1c1ccccc1,True,1,COPLATED_IN_DECODED_WELL;DECODED_SAME_PLATE_ION_0p01;DECODED_SAME_WELL_ION_0p7
O=C(OCCNCCc1ccccc1)c1ccccc1,True,1,COPLATED_IN_DECODED_WELL;DECODED_SAME_PLATE_ION_0p01
O=C(OCCNCc1ccccc1)C1=CNC=CC1c1ccccc1,False,0,COPLATED_IN_DECODED_WELL;DECODED_SAME_PLATE_ION_0p01;DECODED_SAME_WELL_ION_0p7;EXPOSED_POPULATION:ENTACT-MIX-LISTS-499-503-505;EXPOSED_POPULATION:LCSB-ALL-MASSBANK-V1-EXPOSURE-SET;EXPOSED_POPULATION:LCSB-DEV;EXPOSED_POPULATION:LCSB-NEG;EXPOSED_POPULATION:LCSB-POS-V2-SPECTRA;EXPOSED_POPULATION:V2-DEVELOPMENT-POPULATION;MSNLIB_ANCHOR_CENSUS_DESIGN;MSNLIB_ANCHOR_CENSUS_DETECTED;MSNLIB_ANCHOR_GATE_CALIBRATION;MULTIMS2_ANCHOR_CALIBRATION
O=C(OCCOCCOC(=O)c1ccccc1)c1ccccc1,False,0,EXPOSED_POPULATION:LCSB-ALL-MASSBANK-V1-EXPOSURE-SET;EXPOSED_POPULATION:LCSB-DEV;EXPOSED_POPULATION:LCSB-POS-V2-SPECTRA;EXPOSED_POPULATION:V2-DEVELOPMENT-POPULATION
O=C(OCCOCCOCCOC(=O)c1ccccc1)c1ccccc1,False,0,EXPOSED_POPULATION:ENTACT-MIX-LISTS-499-503-505;EXPOSED_POPULATION:LCSB-ALL-MASSBANK-V1-EXPOSURE-SET;EXPOSED_POPULATION:LCSB-POS-V2-SPECTRA
O=C(OCCc1ccccc1)C1=Cc2ccccc2C(c2ccccc2)C1C(=O)OCCc1ccccc1,True,1,COPLATED_IN_DECODED_WELL
O=C(OCCc1ccccc1)c1ccccc1,False,0,COPLATED_IN_DECODED_WELL;DECODED_SAME_PLATE_ION_0p01;DECODED_SAME_WELL_ION_0p7;EXPOSED_POPULATION:LCSB-ALL-MASSBANK-V1-EXPOSURE-SET;EXPOSED_POPULATION:LCSB-DEV;EXPOSED_POPULATION:LCSB-POS-V2-SPECTRA;EXPOSED_POPULATION:V2-DEVELOPMENT-POPULATION
O=C(OCN1C(=O)C2=C(CCCC2)C1=O)C1CC1,False,0,EXPOSED_POPULATION:V2-DEVELOPMENT-POPULATION;EXPOSED_POPULATION:WUR-DEV-HOLD;EXPOSED_POPULATION:WUR-POS-IDENTITY
O=C(OCOC(=O)c1cccc2ncn(Cc3ccc(-c4ccccc4-c4nn[nH]n4)cc3)c12)OC1CCCCC1,True,1,COPLATED_IN_DECODED_WELL;DECODED_SAME_PLATE_ION_0p01;DECODED_SAME_WELL_ION_0p7
O=C(OCc1cc(-c2ccco2)on1)c1cc2ccccc2o1,True,1,SAMPLE1_DRAW_GROUP
O=C(OCc1ccc(OC2CCCCO2)cc1)c1ccccc1,True,2,SAMPLE1_DRAW_GROUP
O=C(OCc1cccc(-c2ccccc2)c1)C1CC1,False,0,COPLATED_IN_DECODED_WELL;EXPOSED_POPULATION:V2-DEVELOPMENT-POPULATION;EXPOSED_POPULATION:WUR-DEV-HOLD;EXPOSED_POPULATION:WUR-POS-IDENTITY;MSNLIB_ANCHOR_CENSUS_DESIGN
O=C(OCc1cccc(COC(=O)c2ccccc2)n1)c1ccccc1,True,1,DECODED_SAME_PLATE_ION_0p01
O=C(OCc1cccc(Oc2ccccc2)c1)C1CC1,False,0,COPLATED_IN_DECODED_WELL;DECODED_SAME_PLATE_ION_0p01;EXPOSED_POPULATION:ENTACT-MIX-LISTS-499-503-505;EXPOSED_POPULATION:LCSB-ALL-MASSBANK-V1-EXPOSURE-SET;EXPOSED_POPULATION:LCSB-NEG;EXPOSED_POPULATION:LCSB-POS-V2-SPECTRA;EXPOSED_POPULATION:V2-DEVELOPMENT-POPULATION;EXPOSED_POPULATION:WUR-POS-IDENTITY;EXPOSED_POPULATION:WUR-SEALED;MSNLIB_ANCHOR_CENSUS_DESIGN
O=C(OCc1cccc(Oc2ccccc2)c1)C1CC1C=Cc1ccccc1,False,0,EXPOSED_POPULATION:V2-DEVELOPMENT-POPULATION;EXPOSED_POPULATION:WUR-POS-IDENTITY;EXPOSED_POPULATION:WUR-SEALED
O=C(OCc1ccccc1)N1CCCC1,True,12,COPLATED_IN_DECODED_WELL;DECODED_SAME_PLATE_ION_0p01
O=C(OCc1ccccc1)N1CCN(c2ncc3ccccc3n2)CC1,True,1,COPLATED_IN_DECODED_WELL;DECODED_SAME_PLATE_ION_0p01;DECODED_SAME_WELL_ION_0p7
O=C(OCc1ccccc1)c1ccc(COc2ccccc2)cc1,True,1,SAMPLE1_DRAW_GROUP
O=C(OCc1ccccc1)c1ccc2ccccc2c1,True,1,DECODED_SAME_PLATE_ION_0p01
O=C(OCc1ccccc1)c1ccccc1,False,0,COPLATED_IN_DECODED_WELL;DECODED_SAME_PLATE_ION_0p01;DECODED_SAME_WELL_ION_0p7;EXPOSED_POPULATION:ENTACT-MIX-LISTS-499-503-505;EXPOSED_POPULATION:LCSB-ALL-MASSBANK-V1-EXPOSURE-SET;EXPOSED_POPULATION:LCSB-DEV;EXPOSED_POPULATION:LCSB-NEG;EXPOSED_POPULATION:LCSB-POS-V2-SPECTRA;EXPOSED_POPULATION:V2-DEVELOPMENT-POPULATION;EXPOSED_POPULATION:WUR-DEV-ANALYSIS;EXPOSED_POPULATION:WUR-POS-IDENTITY;MSNLIB_ANCHOR_CENSUS_DESIGN;MSNLIB_ANCHOR_CENSUS_DETECTED
O=C(OCc1coc(=O)o1)C1=C(C2CCCO2)SC2CC(=O)N12,True,1,COPLATED_IN_DECODED_WELL
O=C(OCc1coc(=O)o1)c1cccc2ncn(Cc3ccc(-c4ccccc4-c4nc(=O)o[nH]4)cc3)c12,True,1,COPLATED_IN_DECODED_WELL;DECODED_SAME_PLATE_ION_0p01;DECODED_SAME_WELL_ION_0p7;SAMPLE1_DRAW_GROUP
O=C(OCc1coc(=O)o1)c1cncn1Cc1ccc(-c2ccccc2-c2nn[nH]n2)cc1,True,1,COPLATED_IN_DECODED_WELL;DECODED_SAME_PLATE_ION_0p01;DECODED_SAME_WELL_ION_0p7
O=C(OCc1coc(Cc2ccccc2)c1)C1CC1,False,0,EXPOSED_POPULATION:LCSB-ALL-MASSBANK-V1-EXPOSURE-SET;EXPOSED_POPULATION:LCSB-CONFIRMATION;EXPOSED_POPULATION:V2-DEVELOPMENT-POPULATION;EXPOSED_POPULATION:WUR-POS-IDENTITY;EXPOSED_POPULATION:WUR-SEALED
O=C(ON1C(=O)CCC1=O)c1ccc(N=Nc2ccccc2)cc1,True,1,DECODED_SAME_PLATE_ION_0p01
O=C(ON1C(=O)CCC1=O)c1ccc2c(c1)C(=O)OC21c2ccccc2Oc2ccccc21,True,1,COPLATED_IN_DECODED_WELL
O=C(ON=Cc1ccccc1)c1c(Oc2ncccn2)cccc1Oc1ncccn1,False,0,EXPOSED_POPULATION:V2-DEVELOPMENT-POPULATION;EXPOSED_POPULATION:WUR-POS-IDENTITY;EXPOSED_POPULATION:WUR-SEALED
O=C(Oc1ccc(C(=O)Oc2ccccc2)c(OC2CCCCO2)c1)c1ccccc1,True,3,SAMPLE1_DRAW_GROUP
O=C(Oc1ccc2c(c1)C=CCN2)c1ccccc1,True,1,SAMPLE1_DRAW_GROUP
O=C(Oc1ccc2c(c1)CCC1C2CCC2CCCC21)c1ccccc1,True,1,COPLATED_IN_DECODED_WELL;DECODED_SAME_PLATE_ION_0p01
O=C(Oc1ccc2c(c1)OC(c1ccccc1)CC2)c1ccccc1,True,1,COPLATED_IN_DECODED_WELL;DECODED_SAME_PLATE_ION_0p01;DECODED_SAME_WELL_ION_0p7
O=C(Oc1ccc2ccc(=O)oc2c1)c1ccco1,True,1,SAMPLE1_DRAW_GROUP
O=C(Oc1ccc2ccccc2c1)c1ccccc1,False,0,DECODED_SAME_PLATE_ION_0p01;EXPOSED_POPULATION:LCSB-ALL-MASSBANK-V1-EXPOSURE-SET;EXPOSED_POPULATION:LCSB-DEV;EXPOSED_POPULATION:LCSB-POS-V2-SPECTRA;EXPOSED_POPULATION:V2-DEVELOPMENT-POPULATION
O=C(Oc1ccc2ccccc2c1)c1cncs1,True,1,SAMPLE1_DRAW_GROUP
O=C(Oc1cccc(N2C(=O)CCC2=O)c1)c1ccccc1,True,1,SAMPLE1_DRAW_GROUP
O=C(Oc1cccc(NC(=O)c2cccs2)c1)c1ccco1,True,1,SAMPLE1_DRAW_GROUP
O=C(Oc1ccccc1)N(c1ccccc1)c1ccnc(Nc2ccc(N3CCNCC3)cc2)n1,False,0,COPLATED_IN_DECODED_WELL
O=C(Oc1ccccc1)N1CCC(C(c2ccc3c(c2)OCO3)c2ccc3c(c2)OCO3)CC1,True,1,COPLATED_IN_DECODED_WELL
O=C(Oc1ccccc1)N1CCN(Cc2cccc(Oc3ccccc3)c2)CC1,True,1,COPLATED_IN_DECODED_WELL;DECODED_SAME_PLATE_ION_0p01
O=C(Oc1ccccc1)N1CCN2CCC1CC2,False,0,EXPOSED_POPULATION:LCSB-ALL-MASSBANK-V1-EXPOSURE-SET;EXPOSED_POPULATION:LCSB-CONFIRMATION
O=C(Oc1ccccc1)c1cc2c(ccc3ccccc32)oc1=O,True,1,SAMPLE1_DRAW_GROUP
O=C(Oc1ccccc1)c1cc2cnn(-c3ccccc3)c2s1,True,1,COPLATED_IN_DECODED_WELL;DECODED_SAME_WELL_ION_0p7
O=C(Oc1ccccc1)c1ccc2ccccc2c1,True,1,EXPOSED_POPULATION:ENTACT-MIX-LISTS-499-503-505;EXPOSED_POPULATION:LCSB-ALL-MASSBANK-V1-EXPOSURE-SET;EXPOSED_POPULATION:LCSB-NEG;EXPOSED_POPULATION:LCSB-RAW-MIX-REPLICATE-SET-92
O=C(Oc1ccccc1)c1cccc(C(=O)Oc2ccccc2)c1,False,0,EXPOSED_POPULATION:ENTACT-MIX-LISTS-499-503-505
O=C(Oc1ccccc1)c1cccc2ccccc12,True,1,SAMPLE1_DRAW_GROUP
O=C(Oc1ccccc1)c1ccccc1,True,16,COPLATED_IN_DECODED_WELL;DECODED_SAME_PLATE_ION_0p01;DECODED_SAME_WELL_ION_0p7;EXPOSED_POPULATION:ENTACT-MIX-LISTS-499-503-505
O=C(Oc1ccccc1)c1ccn[nH]1,True,1,SAMPLE1_DRAW_GROUP
O=C(Oc1ccccc1)c1ccnc2ccccc12,True,1,SAMPLE1_DRAW_GROUP
O=C(Oc1ccccc1C(=S)N1CCCC1)c1ccccc1,True,1,SAMPLE1_DRAW_GROUP
O=C(Oc1ccccc1OC(=O)c1ccccc1)c1ccccc1,True,1,COPLATED_IN_DECODED_WELL
O=C(On1nnc2ccccc21)c1ccccc1,True,1,COPLATED_IN_DECODED_WELL
O=C(SC=CNCc1cncnc1)c1ccccc1,True,1,COPLATED_IN_DECODED_WELL
O=C(SCCC(=O)N1CCC(Sc2ccccc2)C1)c1ccccc1,True,1,COPLATED_IN_DECODED_WELL
O=C(c1[nH]ccc1C1CC1)N(Cc1ccccc1)C1CC1,True,1,SAMPLE1_DRAW_GROUP
O=C(c1[nH]nc2nc[nH]c(=O)c12)N(Cc1ccccc1)C1CC1,True,1,SAMPLE1_DRAW_GROUP
O=C(c1c(-c2ccccc2)oc2ccccc12)N1CCOCC1,True,1,DECODED_SAME_PLATE_ION_0p01
O=C(c1c(Cc2cn[nH]c2)sc2[nH]c(=O)[nH]c(=O)c12)N1CCCO1,True,2,COPLATED_IN_DECODED_WELL
O=C(c1c(Sc2ccccc2)cc[nH]c1=O)N1Cc2ccccc2C1,True,1,SAMPLE1_DRAW_GROUP
O=C(c1c[nH]c2ccccc12)C1CCc2nc[nH]c2C1,True,1,COPLATED_IN_DECODED_WELL;DECODED_SAME_PLATE_ION_0p01
O=C(c1c[nH]c2ccccc12)N1CCC2(CC1)OCc1ccccc12,True,1,DECODED_SAME_PLATE_ION_0p01
O=C(c1c[nH]c2ccccc12)N1CCN(Cc2cccnc2)CC1,True,1,DECODED_SAME_PLATE_ION_0p01
O=C(c1c[nH]cn1)N(Cc1ccccc1)CC1C2CNCC21,True,1,COPLATED_IN_DECODED_WELL;DECODED_SAME_PLATE_ION_0p01;DECODED_SAME_WELL_ION_0p7
O=C(c1cc(-c2ccccc2)n[nH]1)N1CCC(Oc2ccncn2)C1,True,1,SAMPLE1_DRAW_GROUP
O=C(c1cc(-c2ccccc2)n[nH]1)N1CCCCC1,True,2,SAMPLE1_DRAW_GROUP
O=C(c1cc(-c2ccccc2)nc2c1cnn2C1CCS(=O)(=O)C1)N1CCOCC1,True,1,SAMPLE1_DRAW_GROUP
O=C(c1cc(-c2ccccc2)on1)N1CCCc2ccccc21,True,1,SAMPLE1_DRAW_GROUP
O=C(c1cc(-c2ccccn2)ns1)N1CCCCC1,True,2,SAMPLE1_DRAW_GROUP
O=C(c1cc(-c2ccco2)[nH]n1)N1CCC(Oc2ccncn2)C1,True,1,SAMPLE1_DRAW_GROUP
O=C(c1cc(-c2cccs2)[nH]n1)N1CCCC1,True,1,SAMPLE1_DRAW_GROUP
O=C(c1cc(-c2cccs2)[nH]n1)N1CCCN(C2CCN(Cc3ccccc3)C2=O)CC1,True,1,SAMPLE1_DRAW_GROUP
O=C(c1cc(=O)[nH]c2ccccc12)N1CCN(S(=O)(=O)c2ccccc2)CC1,True,1,SAMPLE1_DRAW_GROUP
O=C(c1cc(=O)c2ccccc2[nH]1)N1CCN(c2ccccc2)CC1,True,1,SAMPLE1_DRAW_GROUP
O=C(c1cc(=O)c2ccccc2o1)N1CCCC(Oc2cnccn2)C1,True,1,SAMPLE1_DRAW_GROUP
O=C(c1cc(C2CC2)on1)N(C1CCCCC1)C1CCCCC1,False,0,DECODED_SAME_PLATE_ION_0p01
O=C(c1cc(C2CC2)on1)N1CCC(Oc2cccnn2)CC1,True,1,SAMPLE1_DRAW_GROUP
O=C(c1cc(N2CCOCC2)ccn1)N1CCCCC1,True,1,SAMPLE1_DRAW_GROUP
O=C(c1cc2c(s1)CCCCC2)N1CCC(n2c(=O)[nH]c3ccccc32)CC1,False,0,DECODED_SAME_PLATE_ION_0p01
O=C(c1cc2ccccc2[nH]1)N1CCCCC1,True,3,DECODED_SAME_PLATE_ION_0p01
O=C(c1cc2ccccc2[nH]1)N1CCN(c2ccccn2)CC1,True,1,COPLATED_IN_DECODED_WELL
O=C(c1cc2ccccc2[nH]1)N1CCNCC1,True,3,DECODED_SAME_PLATE_ION_0p01
O=C(c1cc2ccccc2[nH]1)N1CCc2c1ccc1ccccc21,True,1,COPLATED_IN_DECODED_WELL;DECODED_SAME_PLATE_ION_0p01
O=C(c1cc2ccccc2s1)N(Cc1cccc(-c2ccncc2)c1)C1CCCCC1,True,1,COPLATED_IN_DECODED_WELL
O=C(c1cc2ccccn2c1)N1CCCC(Cc2nc(-c3ccsc3)no2)C1,True,1,SAMPLE1_DRAW_GROUP
O=C(c1cc2cnn(-c3ccccc3)c2s1)N1CCOCC1,True,1,SAMPLE1_DRAW_GROUP
O=C(c1cc[nH]n1)N1CCc2ccccc21,True,1,SAMPLE1_DRAW_GROUP
O=C(c1ccc(-c2ccc(-c3ncon3)cc2)cc1)N1CCc2cc3c(cc21)C1(CCNCC1)CO3,True,1,COPLATED_IN_DECODED_WELL
O=C(c1ccc(-c2ccc(-c3ncon3)cc2)cc1)N1CCc2ccc(N3CCNCC3)cc21,True,1,COPLATED_IN_DECODED_WELL;DECODED_SAME_PLATE_ION_0p01;DECODED_SAME_WELL_ION_0p7
O=C(c1ccc(-c2ccc(-c3nnco3)cc2)cc1)N1CCc2cc3c(cc21)C1(CCNCC1)CO3,False,0,EXPOSED_POPULATION:LCSB-ALL-MASSBANK-V1-EXPOSURE-SET;EXPOSED_POPULATION:LCSB-CONFIRMATION
O=C(c1ccc(-c2ccc3ccccc3c2)s1)N1CCNCC1,True,1,COPLATED_IN_DECODED_WELL
O=C(c1ccc(-c2ccc3ncc(-c4ccccc4)n3c2)cc1)N1CCOCC1,True,1,COPLATED_IN_DECODED_WELL;DECODED_SAME_PLATE_ION_0p01
O=C(c1ccc(-c2cccs2)cc1)N1CC(S(=O)(=O)c2ccccc2)C1,True,1,SAMPLE1_DRAW_GROUP
O=C(c1ccc(-c2cncc(-c3ccccc3)n2)cc1)N1CCNCC1,True,1,DECODED_SAME_PLATE_ION_0p01
O=C(c1ccc(-c2nc3ccccc3o2)cc1)N1CCN(C(=O)C2CC2)CC1,True,1,DECODED_SAME_PLATE_ION_0p01
O=C(c1ccc(-n2cccn2)cc1)N1CCN(S(=O)(=O)c2ccccc2)CC1,True,1,COPLATED_IN_DECODED_WELL
O=C(c1ccc(-n2ccnc2)nn1)N(Cc1ccccc1)c1ccccn1,True,1,SAMPLE1_DRAW_GROUP
O=C(c1ccc(=O)[nH]c1)N1CCCCCC1c1ccc[nH]1,True,1,SAMPLE1_DRAW_GROUP
O=C(c1ccc(=O)[nH]n1)N1CCN(C(=O)c2ccco2)CC1,True,1,SAMPLE1_DRAW_GROUP
O=C(c1ccc(C#Cc2ccccc2)o1)N1CCC(c2ccccc2)CC1,False,0,EXPOSED_POPULATION:LCSB-ALL-MASSBANK-V1-EXPOSURE-SET;EXPOSED_POPULATION:LCSB-DEV;EXPOSED_POPULATION:LCSB-POS-V2-SPECTRA;EXPOSED_POPULATION:V2-DEVELOPMENT-POPULATION
O=C(c1ccc(C(=O)N2CCC(N3CCCC3)CC2)c(Nc2ccccc2)c1)N1CCC(N2CCCC2)CC1,True,1,COPLATED_IN_DECODED_WELL
O=C(c1ccc(C=Cc2n[nH]c3ccccc23)cc1)N1CCNCC1,True,1,DECODED_SAME_PLATE_ION_0p01
O=C(c1ccc(CN2CCOCC2)cc1)N1CCN(C2CC2)CC1,True,1,DECODED_SAME_PLATE_ION_0p01
O=C(c1ccc(N2CCOCC2)cc1)N1CC(Cn2ccnn2)C1,True,1,DECODED_SAME_PLATE_ION_0p01
O=C(c1ccc(NS(=O)(=O)c2cccc3cccnc23)cc1)N1CCN(CC2CC2)CC1,True,1,COPLATED_IN_DECODED_WELL
O=C(c1ccc(NS(=O)(=O)c2ccccc2)cc1)N1CCCC1,False,0,DECODED_SAME_PLATE_ION_0p01
O=C(c1ccc(Nc2cnc(-c3ccccc3)o2)cc1)N1CCOCC1,True,1,SAMPLE1_DRAW_GROUP
O=C(c1ccc(Nc2ncc3cc[nH]c3n2)cc1)N1CCOCC1,True,2,COPLATED_IN_DECODED_WELL;DECODED_SAME_PLATE_ION_0p01
O=C(c1ccc(Nc2nccc(-c3cc4ccccc4s3)n2)cc1)N1CCC(N2CCCC2)CC1,True,1,SAMPLE1_DRAW_GROUP
O=C(c1ccc(Nc2ncccn2)cc1)N1CCOCC1,True,1,DECODED_SAME_PLATE_ION_0p01
O=C(c1ccc(OCCCc2cnc[nH]2)cc1)C1CC1,True,1,DECODED_SAME_PLATE_ION_0p01
O=C(c1ccc(OCCN2CCCCC2)cc1)c1c(-c2ccccc2)sc2ccccc12,False,0,COPLATED_IN_DECODED_WELL;DECODED_SAME_PLATE_ION_0p01;DECODED_SAME_WELL_ION_0p7;EXPOSED_POPULATION:ENTACT-MIX-LISTS-499-503-505;EXPOSED_POPULATION:LCSB-ALL-MASSBANK-V1-EXPOSURE-SET;EXPOSED_POPULATION:LCSB-DEV;EXPOSED_POPULATION:LCSB-NEG;EXPOSED_POPULATION:LCSB-POS-V2-SPECTRA;EXPOSED_POPULATION:V2-DEVELOPMENT-POPULATION;MSNLIB_ANCHOR_CENSUS_DESIGN;MSNLIB_ANCHOR_CENSUS_DETECTED;MSNLIB_ANCHOR_GATE_CALIBRATION
O=C(c1ccc(Oc2ccccc2)cc1)N(Cc1ccccc1)CC1CC1,True,1,COPLATED_IN_DECODED_WELL;DECODED_SAME_PLATE_ION_0p01
O=C(c1ccc(Oc2ccccc2)cc1)N1CCC(c2cccnn2)CC1,True,1,DECODED_SAME_PLATE_ION_0p01
O=C(c1ccc(Oc2nccnc2C2CCNCC2)cc1)c1nc2ccccc2[nH]1,True,1,COPLATED_IN_DECODED_WELL;DECODED_SAME_PLATE_ION_0p01;DECODED_SAME_WELL_ION_0p7;SAMPLE1_DRAW_GROUP
O=C(c1ccc2[nH]c(-c3cc4cccnc4n3CC3CC3)nc2c1)N1CCCCC1,False,0,COPLATED_IN_DECODED_WELL
O=C(c1ccc2[nH]cnc2c1)N1CCOCC1,True,1,SAMPLE1_DRAW_GROUP
O=C(c1ccc2c(c1)CCC=C2)N1CCCCC1,True,1,SAMPLE1_DRAW_GROUP
O=C(c1ccc2c(c1)OCCO2)N1CCCCC1,True,1,DECODED_SAME_PLATE_ION_0p01
O=C(c1ccc2c(c1)OCCO2)N1CCN(c2nc3ccccc3s2)CC1,True,1,SAMPLE1_DRAW_GROUP
O=C(c1ccc2c(c1)OCO2)N1CCCN(C2CCSCC2)CC1,True,1,SAMPLE1_DRAW_GROUP
O=C(c1ccc2c(c1)OCO2)N1CCN(c2cc(-c3ccccc3)[nH]n2)CC1,True,1,SAMPLE1_DRAW_GROUP
O=C(c1ccc2c(c1)OCO2)N1CCN(c2ccccc2)CC1,True,1,DECODED_SAME_PLATE_ION_0p01
O=C(c1ccc2cc[nH]c2c1)N1CC2CC1CC2NS(=O)(=O)c1cccs1,True,1,SAMPLE1_DRAW_GROUP
O=C(c1ccc2ccccc2n1)N1CCC(COc2ccccn2)C1,True,1,SAMPLE1_DRAW_GROUP
O=C(c1ccc2nc[nH]c2c1)N1CCc2c(nc3cc(-c4ccccc4)[nH]n3c2=O)C1,True,1,SAMPLE1_DRAW_GROUP
O=C(c1ccc2ncccc2c1)N1CCOC2(CCOCC2)C1,True,1,SAMPLE1_DRAW_GROUP
O=C(c1ccc2nccnc2c1)N1CC2CCCC2(COc2ncccn2)C1,True,1,SAMPLE1_DRAW_GROUP
O=C(c1ccc2ncsc2c1)N1CCC(c2ccsc2)C1,True,1,SAMPLE1_DRAW_GROUP
O=C(c1ccc2ncsc2c1)N1CCCC(c2cn[nH]c2)C1,True,1,SAMPLE1_DRAW_GROUP
O=C(c1ccc2nonc2c1)N1CCCCC1,True,1,DECODED_SAME_PLATE_ION_0p01
O=C(c1ccc[nH]c1=O)N1CCN(c2ccccc2)CC1,True,1,SAMPLE1_DRAW_GROUP
O=C(c1cccc(-c2cc[nH]n2)c1)N1CC(c2ccccc2)C1,True,1,COPLATED_IN_DECODED_WELL;DECODED_SAME_PLATE_ION_0p01;DECODED_SAME_WELL_ION_0p7
O=C(c1cccc(Cc2n[nH]c(=O)c3ccccc23)c1)N1CCN(C(=O)C2CC2)CC1,True,1,COPLATED_IN_DECODED_WELL;DECODED_SAME_PLATE_ION_0p01;DECODED_SAME_WELL_ION_0p7
O=C(c1cccc(Cc2n[nH]c(=O)c3ccccc23)c1)N1CCn2ncnc2C1,True,1,COPLATED_IN_DECODED_WELL
O=C(c1cccc(Cn2c(=O)[nH]c(=O)c3ccccc32)c1)N1CCN(c2ncccn2)CC1,True,1,DECODED_SAME_PLATE_ION_0p01
O=C(c1cccc(Cn2cncn2)c1)N1CCC2(CC1)OCCO2,True,1,SAMPLE1_DRAW_GROUP
O=C(c1cccc(N2C(=O)CCS2(=O)=O)c1)N1CCN(C(=O)c2ccco2)CC1,True,1,SAMPLE1_DRAW_GROUP
O=C(c1cccc(NCc2conc2-c2ccccc2)c1)c1c[nH]c2ccccc12,True,1,SAMPLE1_DRAW_GROUP
O=C(c1cccc(S(=O)(=O)Nc2ccccc2)c1)N1CCN2CCCC2C1,True,1,SAMPLE1_DRAW_GROUP
O=C(c1cccc2ccccc12)N1CCN(C(=O)C2CC2c2cccs2)CC1,True,1,SAMPLE1_DRAW_GROUP
O=C(c1cccc2ccccc12)N1CCN(Cc2nnnn2-c2ccccc2)CC1,True,1,SAMPLE1_DRAW_GROUP
O=C(c1cccc2ccccc12)c1cn2c3c(cccc13)OCC2CN1CCOCC1,True,1,DECODED_SAME_PLATE_ION_0p01
O=C(c1cccc2cccnc12)N1CCCCCC1,True,1,SAMPLE1_DRAW_GROUP
O=C(c1ccccc1)C(CCc1ccccn1)CCc1ccccn1,True,1,DECODED_SAME_PLATE_ION_0p01
O=C(c1ccccc1)C1C(c2cccc3c(=O)cc(-c4ccccc4)oc23)C=CCC1c1ccccc1,True,2,COPLATED_IN_DECODED_WELL;DECODED_SAME_PLATE_ION_0p01;DECODED_SAME_WELL_ION_0p7
O=C(c1ccccc1)C1C2CCC3C4CC5C6CCCC5(C(C2)C31)C4NC6,True,1,COPLATED_IN_DECODED_WELL
O=C(c1ccccc1)C1CC1,True,1,SAMPLE1_DRAW_GROUP
O=C(c1ccccc1)C1CCN(CCN2C(=O)Cc3ccccc32)CC1,True,1,DECODED_SAME_PLATE_ION_0p01
O=C(c1ccccc1)C1CCN(CCn2c(=O)[nH]c3ccccc3c2=O)CC1,True,1,COPLATED_IN_DECODED_WELL;DECODED_SAME_PLATE_ION_0p01;DECODED_SAME_WELL_ION_0p7
O=C(c1ccccc1)N(CCCc1ccccc1)Cc1ccccc1,True,1,DECODED_SAME_PLATE_ION_0p01
O=C(c1ccccc1)N(CCCc1ccccc1)Cc1nccs1,True,1,COPLATED_IN_DECODED_WELL
O=C(c1ccccc1)N(CCc1cccs1)Cc1ccoc1,True,1,SAMPLE1_DRAW_GROUP
O=C(c1ccccc1)N(Cc1ccccc1)C1CCCCC1,True,1,DECODED_SAME_PLATE_ION_0p01
O=C(c1ccccc1)N(Cc1ccccc1)Cc1ccc(-c2ccccc2)cc1,True,1,SAMPLE1_DRAW_GROUP
O=C(c1ccccc1)N(Cc1ccccc1)c1ccc(-c2ccncn2)cc1,True,1,COPLATED_IN_DECODED_WELL
O=C(c1ccccc1)N1C=Cc2[nH]c3ccccc3c2CC1,True,1,DECODED_SAME_PLATE_ION_0p01
O=C(c1ccccc1)N1C=Cc2ccccc2C1,True,1,SAMPLE1_DRAW_GROUP
O=C(c1ccccc1)N1CC(COc2ccc3ccccc3c2)C1,True,1,SAMPLE1_DRAW_GROUP
O=C(c1ccccc1)N1CC(S(=O)(=O)c2nnc[nH]2)C1,True,1,DECODED_SAME_PLATE_ION_0p01
O=C(c1ccccc1)N1CCC(=Cc2ccc(C3=NCCO3)cc2)CC1,True,1,COPLATED_IN_DECODED_WELL;DECODED_SAME_PLATE_ION_0p01;DECODED_SAME_WELL_ION_0p7
O=C(c1ccccc1)N1CCC(CCN2C3CCC2CC(n2cnc4ccccc42)C3)(c2ccccc2)CC1,False,0,EXPOSED_POPULATION:LCSB-ALL-MASSBANK-V1-EXPOSURE-SET;EXPOSED_POPULATION:LCSB-CONFIRMATION;EXPOSED_POPULATION:LCSB-NEG
O=C(c1ccccc1)N1CCC(CCOc2ccccc2)CC1,True,1,SAMPLE1_DRAW_GROUP
O=C(c1ccccc1)N1CCC(CN2CCNCC2)CC1,True,1,SAMPLE1_DRAW_GROUP
O=C(c1ccccc1)N1CCC(CNCc2ccccn2)CC1,True,1,DECODED_SAME_PLATE_ION_0p01
O=C(c1ccccc1)N1CCC(Cn2ccnc2-c2ccccc2)CC1,True,1,SAMPLE1_DRAW_GROUP
O=C(c1ccccc1)N1CCC(N2C(=O)CCc3ccccc32)CC1,True,1,COPLATED_IN_DECODED_WELL
O=C(c1ccccc1)N1CCC(Nc2ncnn3cccc23)CC1,True,1,SAMPLE1_DRAW_GROUP
O=C(c1ccccc1)N1CCC(Oc2ccccn2)C1,True,2,DECODED_SAME_PLATE_ION_0p01
O=C(c1ccccc1)N1CCC(c2n[nH]c(=O)o2)CC1,True,1,SAMPLE1_DRAW_GROUP
O=C(c1ccccc1)N1CCC(c2nc[nH]n2)C1,True,1,SAMPLE1_DRAW_GROUP
O=C(c1ccccc1)N1CCC(c2ncnc3cc(N4CCNCC4)cnc23)CC1,True,1,DECODED_SAME_PLATE_ION_0p01
O=C(c1ccccc1)N1CCC(n2ccnn2)CC1,True,1,SAMPLE1_DRAW_GROUP
O=C(c1ccccc1)N1CCC2CN(c3ccccn3)CC21,True,1,SAMPLE1_DRAW_GROUP
O=C(c1ccccc1)N1CCCC1,True,24,DECODED_SAME_PLATE_ION_0p01;SAMPLE1_DRAW_GROUP
O=C(c1ccccc1)N1CCCC1c1nc(-c2ccccc2)no1,True,1,SAMPLE1_DRAW_GROUP
O=C(c1ccccc1)N1CCCCC1,True,34,SAMPLE1_DRAW_GROUP
O=C(c1ccccc1)N1CCCCC1c1cc2nc(N3CCCC3)ccn2n1,True,1,COPLATED_IN_DECODED_WELL;DECODED_SAME_PLATE_ION_0p01;DECODED_SAME_WELL_ION_0p7
O=C(c1ccccc1)N1CCCN(C(=O)c2ncsc2-c2ccccc2)CC1,True,1,SAMPLE1_DRAW_GROUP
O=C(c1ccccc1)N1CCCN(C2CCOC2)CC1,True,1,SAMPLE1_DRAW_GROUP
O=C(c1ccccc1)N1CCCN(c2ncnc3[nH]ccc23)CC1,True,1,SAMPLE1_DRAW_GROUP
O=C(c1ccccc1)N1CCN(Cc2cccc(Nc3nccs3)n2)CC1,True,1,COPLATED_IN_DECODED_WELL
O=C(c1ccccc1)N1CCN(Cc2nc(C3CC3)cs2)CC1,True,2,SAMPLE1_DRAW_GROUP
O=C(c1ccccc1)N1CCN(c2ccccc2)CC1,True,3,COPLATED_IN_DECODED_WELL;DECODED_SAME_PLATE_ION_0p01;SAMPLE1_DRAW_GROUP
O=C(c1ccccc1)N1CCN(c2ccccc2)CC1c1ccccc1,True,1,DECODED_SAME_PLATE_ION_0p01
O=C(c1ccccc1)N1CCN(c2ccccn2)CC1,True,4,COPLATED_IN_DECODED_WELL
O=C(c1ccccc1)N1CCN(c2cccnc2)CC1,True,1,SAMPLE1_DRAW_GROUP
O=C(c1ccccc1)N1CCN2C(=O)c3ccccc3C12c1ccccc1,True,1,DECODED_SAME_PLATE_ION_0p01
O=C(c1ccccc1)N1CCOC(CCN2CCC(N3CCCCC3)CC2)(c2ccccc2)C1,False,0,EXPOSED_POPULATION:LCSB-ALL-MASSBANK-V1-EXPOSURE-SET;EXPOSED_POPULATION:LCSB-CONFIRMATION
O=C(c1ccccc1)N1CCOc2ccc(-c3cccnc3)cc2C1,True,1,DECODED_SAME_PLATE_ION_0p01
O=C(c1ccccc1)N1CCc2c(c(=O)oc3cc(N4CCNCC4)ccc23)C1,True,1,SAMPLE1_DRAW_GROUP
O=C(c1ccccc1)N1CCc2nc(COc3ccccc3)oc2C1,True,1,DECODED_SAME_PLATE_ION_0p01
O=C(c1ccccc1)N1CCn2c(nnc2-c2ncns2)C1,True,1,DECODED_SAME_PLATE_ION_0p01
O=C(c1ccccc1)N1CS(=O)(=O)c2ccccc21,True,1,COPLATED_IN_DECODED_WELL
O=C(c1ccccc1)N1Cc2ccc(CN3CCNCC3)cc2C1,True,1,SAMPLE1_DRAW_GROUP
O=C(c1ccccc1)N1c2ccccc2Sc2ccccc21,False,0,COPLATED_IN_DECODED_WELL
O=C(c1ccccc1)P(=O)(c1ccccc1)c1ccccc1,False,0,EXPOSED_POPULATION:V2-DEVELOPMENT-POPULATION;EXPOSED_POPULATION:WUR-POS-IDENTITY;EXPOSED_POPULATION:WUR-SEALED
O=C(c1ccccc1)c1[nH]ccc1-n1cccc1C(=O)c1ccccc1,True,1,COPLATED_IN_DECODED_WELL;SURFACED_VALUE_ATTRIBUTED_WELL
O=C(c1ccccc1)c1c[nH]c(=O)[nH]1,True,1,COPLATED_IN_DECODED_WELL;DECODED_SAME_PLATE_ION_0p01;DECODED_SAME_WELL_ION_0p7
O=C(c1ccccc1)c1c[nH]c2ncc(-c3ccccc3)cc12,True,1,COPLATED_IN_DECODED_WELL;DECODED_SAME_PLATE_ION_0p01;DECODED_SAME_WELL_ION_0p7
O=C(c1ccccc1)c1c[nH]c2ncc(-c3cccnc3)cc12,True,1,COPLATED_IN_DECODED_WELL
O=C(c1ccccc1)c1c[nH]c2ncccc12,True,2,COPLATED_IN_DECODED_WELL
O=C(c1ccccc1)c1cc2ccccc2[nH]1,True,1,COPLATED_IN_DECODED_WELL
O=C(c1ccccc1)c1cc2ccccc2oc1=O,True,1,SAMPLE1_DRAW_GROUP
O=C(c1ccccc1)c1ccc(CSc2nnc[nH]2)cc1,True,1,SAMPLE1_DRAW_GROUP
O=C(c1ccccc1)c1ccc(N=Cc2ccccc2)cc1,True,1,SAMPLE1_DRAW_GROUP
O=C(c1ccccc1)c1ccc(OCCN2CCCCC2)cc1,False,0,DECODED_SAME_PLATE_ION_0p01
O=C(c1ccccc1)c1ccc2[nH]cnc2c1,False,0,COPLATED_IN_DECODED_WELL;DECODED_SAME_PLATE_ION_0p01;DECODED_SAME_WELL_ION_0p7;EXPOSED_POPULATION:V2-DEVELOPMENT-POPULATION;EXPOSED_POPULATION:WUR-POS-IDENTITY;EXPOSED_POPULATION:WUR-SEALED;MSNLIB_ANCHOR_CENSUS_DESIGN;MSNLIB_ANCHOR_CENSUS_DETECTED;MSNLIB_ANCHOR_GATE_CALIBRATION
O=C(c1ccccc1)c1ccc2c(c1)CCCC2,True,1,DECODED_SAME_PLATE_ION_0p01;SAMPLE1_DRAW_GROUP
O=C(c1ccccc1)c1ccc2ccccn12,True,3,DECODED_SAME_PLATE_ION_0p01
O=C(c1ccccc1)c1ccc2n1CCC2,True,1,COPLATED_IN_DECODED_WELL;DECODED_SAME_PLATE_ION_0p01;DECODED_SAME_WELL_ION_0p7
O=C(c1ccccc1)c1ccc2nc[nH]c2c1,False,0,COPLATED_IN_DECODED_WELL;DECODED_SAME_PLATE_ION_0p01;DECODED_SAME_WELL_ION_0p7;EXPOSED_POPULATION:V2-DEVELOPMENT-POPULATION;EXPOSED_POPULATION:WUR-DEV-ANALYSIS;EXPOSED_POPULATION:WUR-POS-IDENTITY;EXPOSED_POPULATION:WUR-SEALED;MSNLIB_ANCHOR_CENSUS_DESIGN;MSNLIB_ANCHOR_CENSUS_DETECTED;MSNLIB_ANCHOR_GATE_CALIBRATION;MULTIMS2_ANCHOR_CALIBRATION
O=C(c1ccccc1)c1ccc[nH]1,False,0,COPLATED_IN_DECODED_WELL;DECODED_SAME_PLATE_ION_0p01;DECODED_SAME_WELL_ION_0p7;EXPOSED_POPULATION:V2-DEVELOPMENT-POPULATION;EXPOSED_POPULATION:WUR-DEV-HOLD;EXPOSED_POPULATION:WUR-POS-IDENTITY;MSNLIB_ANCHOR_CENSUS_DESIGN;MSNLIB_ANCHOR_CENSUS_DETECTED;MSNLIB_ANCHOR_GATE_CALIBRATION;MULTIMS2_ANCHOR_CALIBRATION
O=C(c1ccccc1)c1cccc(-c2ccccc2)c1,True,1,COPLATED_IN_DECODED_WELL;DECODED_SAME_PLATE_ION_0p01
O=C(c1ccccc1)c1ccccc1,False,0,COPLATED_IN_DECODED_WELL;DECODED_SAME_PLATE_ION_0p01;DECODED_SAME_WELL_ION_0p7;EXPOSED_POPULATION:ENTACT-MIX-LISTS-499-503-505;EXPOSED_POPULATION:LCSB-ALL-MASSBANK-V1-EXPOSURE-SET;EXPOSED_POPULATION:LCSB-DEV;EXPOSED_POPULATION:LCSB-NEG;EXPOSED_POPULATION:LCSB-POS-V2-SPECTRA;EXPOSED_POPULATION:LCSB-RAW-MIX-REPLICATE-SET-92;EXPOSED_POPULATION:LCSB-RAW-MIXES-499-503-505;EXPOSED_POPULATION:V2-DEVELOPMENT-POPULATION;EXPOSED_POPULATION:WUR-DEV-ANALYSIS;EXPOSED_POPULATION:WUR-NEG-DEV;EXPOSED_POPULATION:WUR-POS-IDENTITY;MSNLIB_ANCHOR_CENSUS_DESIGN;MSNLIB_ANCHOR_CENSUS_DETECTED;MSNLIB_ANCHOR_GATE_CALIBRATION;MULTIMS2_ANCHOR_CALIBRATION
O=C(c1ccccc1)c1ccccc1NCCc1ccc(OCCc2coc(-c3ccccc3)n2)cc1,False,0,EXPOSED_POPULATION:LCSB-ALL-MASSBANK-V1-EXPOSURE-SET;EXPOSED_POPULATION:LCSB-CONFIRMATION;EXPOSED_POPULATION:LCSB-NEG
O=C(c1ccccc1)c1ccccc1OC1CCCCO1,True,1,COPLATED_IN_DECODED_WELL
O=C(c1ccccc1)c1cccnc1,False,0,EXPOSED_POPULATION:V2-DEVELOPMENT-POPULATION;EXPOSED_POPULATION:WUR-DEV-HOLD;EXPOSED_POPULATION:WUR-POS-IDENTITY
O=C(c1ccccc1)c1ccco1,True,1,SAMPLE1_DRAW_GROUP
O=C(c1ccccc1)c1cccs1,True,3,COPLATED_IN_DECODED_WELL
O=C(c1ccccc1)c1cn(CCN2CCOCC2)c2ccccc12,True,1,COPLATED_IN_DECODED_WELL;DECODED_SAME_PLATE_ION_0p01;DECODED_SAME_WELL_ION_0p7
O=C(c1ccccc1)c1cn[nH]c1,False,0,EXPOSED_POPULATION:V2-DEVELOPMENT-POPULATION;EXPOSED_POPULATION:WUR-DEV-ANALYSIS;EXPOSED_POPULATION:WUR-NEG-DEV;EXPOSED_POPULATION:WUR-POS-IDENTITY
O=C(c1ccccc1)c1cnc(NC2CC3CCC2C3)s1,False,0,DECODED_SAME_PLATE_ION_0p01
O=C(c1ccccc1)c1cnc(NC2CCNCC2)nc1,True,1,SAMPLE1_DRAW_GROUP
O=C(c1ccccc1)c1cnc2[nH]ncc2c1,True,1,DECODED_SAME_PLATE_ION_0p01
O=C(c1ccccc1)c1cnoc1C1CC1,False,0,EXPOSED_POPULATION:V2-DEVELOPMENT-POPULATION;EXPOSED_POPULATION:WUR-POS-IDENTITY;EXPOSED_POPULATION:WUR-SEALED
O=C(c1ccccc1)c1coc2ccccc12,False,0,COPLATED_IN_DECODED_WELL;DECODED_SAME_PLATE_ION_0p01;DECODED_SAME_WELL_ION_0p7;EXPOSED_POPULATION:ENTACT-MIX-LISTS-499-503-505;EXPOSED_POPULATION:LCSB-ALL-MASSBANK-V1-EXPOSURE-SET;EXPOSED_POPULATION:LCSB-DEV;EXPOSED_POPULATION:LCSB-POS-V2-SPECTRA;EXPOSED_POPULATION:V2-DEVELOPMENT-POPULATION;MSNLIB_ANCHOR_CENSUS_DESIGN;MSNLIB_ANCHOR_CENSUS_DETECTED;MSNLIB_ANCHOR_GATE_CALIBRATION;MULTIMS2_ANCHOR_CALIBRATION
O=C(c1ccccc1)c1csc(C2CCCN2C(=O)CC2CCCCC2)n1,True,2,COPLATED_IN_DECODED_WELL;DECODED_SAME_PLATE_ION_0p01;DECODED_SAME_WELL_ION_0p7
O=C(c1ccccc1)n1ccc2ccccc21,True,3,COPLATED_IN_DECODED_WELL;DECODED_SAME_PLATE_ION_0p01;EXPOSED_POPULATION:LCSB-ALL-MASSBANK-V1-EXPOSURE-SET;EXPOSED_POPULATION:LCSB-CONFIRMATION
O=C(c1ccccc1)n1cnc2ccccc21,True,2,SAMPLE1_DRAW_GROUP
O=C(c1ccccc1-c1ccccc1)N1CCCCC1,True,1,SAMPLE1_DRAW_GROUP
O=C(c1ccccc1-n1nccn1)N1CC2CN(c3ncccn3)CC2C1,True,2,COPLATED_IN_DECODED_WELL;DECODED_SAME_PLATE_ION_0p01
O=C(c1ccccc1-n1nccn1)N1CCCC1c1nc2ccccc2[nH]1,True,1,COPLATED_IN_DECODED_WELL;SAMPLE1_DRAW_GROUP
O=C(c1ccccc1C1CC1)c1nc(-c2ccccc2)c2ncccn12,False,0,DECODED_SAME_PLATE_ION_0p01
O=C(c1ccccc1NCc1cncs1)N1CCCC1,True,1,SAMPLE1_DRAW_GROUP
O=C(c1ccccc1Nc1ccccc1)N1CC(C2CCCCN2)C1,True,1,COPLATED_IN_DECODED_WELL;DECODED_SAME_PLATE_ION_0p01;DECODED_SAME_WELL_ION_0p7
O=C(c1ccccc1OCC1CC1)N1CCC1,True,1,SAMPLE1_DRAW_GROUP
O=C(c1ccccn1)N1CCC(C(=O)N2CCCC2)CC1,True,1,SAMPLE1_DRAW_GROUP
O=C(c1ccccn1)N1CCC(COc2ccncc2)CC1,True,1,SAMPLE1_DRAW_GROUP
O=C(c1ccccn1)N1CCC2(CCN(Cc3cccc4c3CCO4)CC2)CC1,True,1,COPLATED_IN_DECODED_WELL
O=C(c1ccccn1)N1CCCCC1,True,4,SAMPLE1_DRAW_GROUP
O=C(c1ccccn1)N1CCCc2ccccc21,True,2,SAMPLE1_DRAW_GROUP
O=C(c1ccccn1)N1CCNC(c2ccccc2)C1,True,1,SAMPLE1_DRAW_GROUP
O=C(c1ccccn1)N1CCSC(c2cccs2)CC1,True,1,SAMPLE1_DRAW_GROUP
O=C(c1ccccn1)N1CCc2c(cnn2-c2ccccc2)C1,True,1,SAMPLE1_DRAW_GROUP
O=C(c1cccnc1)N1CCC(Oc2ncccn2)C1,True,1,SAMPLE1_DRAW_GROUP
O=C(c1cccnc1)N1CCN(c2cc(-c3ccccc3)ncn2)CC1,True,1,SAMPLE1_DRAW_GROUP
O=C(c1cccnc1)n1ccnc1,True,1,COPLATED_IN_DECODED_WELL;DECODED_SAME_PLATE_ION_0p01
O=C(c1ccco1)N1CCCC1,True,1,DECODED_SAME_PLATE_ION_0p01
O=C(c1ccco1)N1CCCc2ccc(NS(=O)(=O)c3ccccc3)cc21,True,1,SAMPLE1_DRAW_GROUP
O=C(c1ccco1)N1CCN(Cc2nnnn2-c2ccccc2)CC1,True,1,SAMPLE1_DRAW_GROUP
O=C(c1ccco1)N1CCN(c2ncc3ccccc3n2)CC1,True,1,COPLATED_IN_DECODED_WELL;DECODED_SAME_PLATE_ION_0p01
O=C(c1cccs1)N1CCN(C(=O)N2CCCCCC2)CC1,True,1,SAMPLE1_DRAW_GROUP
O=C(c1cccs1)N1CCc2ccccc2C1,True,1,COPLATED_IN_DECODED_WELL;DECODED_SAME_WELL_ION_0p7
O=C(c1cccs1)c1no[nH+]c1C(=O)c1cccs1,True,1,COPLATED_IN_DECODED_WELL
O=C(c1ccn[nH]1)N1CCC(n2c(=O)[nH]c3ccccc32)CC1,True,1,SAMPLE1_DRAW_GROUP
O=C(c1ccn[nH]1)N1CCCC1c1ccccc1,True,2,SAMPLE1_DRAW_GROUP
O=C(c1ccn[nH]c1=O)N1CCSCC1,True,1,SAMPLE1_DRAW_GROUP
O=C(c1ccnc(N2CCNC(c3ccccc3)C2)c1)N1CCCN(c2ncccn2)CC1,True,1,SAMPLE1_DRAW_GROUP
O=C(c1ccnc2[nH]cnc12)N1CCOCC2(CCOCC2)C1,True,1,SAMPLE1_DRAW_GROUP
O=C(c1ccnc2[nH]nnc12)N1CCC2(CCOC2)C1,True,1,SAMPLE1_DRAW_GROUP
O=C(c1ccnc2ccccc12)N1CCS(=O)(=O)CC1,True,1,SAMPLE1_DRAW_GROUP
O=C(c1ccncc1)N1CCC(NCCOc2ccccc2)CC1,True,1,SAMPLE1_DRAW_GROUP
O=C(c1ccncc1)N1CCc2ccccc21,True,1,SAMPLE1_DRAW_GROUP
O=C(c1ccncn1)N1CCC2(C1)OCc1ccccc12,True,1,SAMPLE1_DRAW_GROUP
O=C(c1ccoc1)N1CCCC(Oc2cccnn2)C1,True,1,SAMPLE1_DRAW_GROUP
O=C(c1ccon1)N(CC1CCCO1)c1nc2ccccc2s1,True,1,DECODED_SAME_PLATE_ION_0p01
O=C(c1ccon1)N1CC(S(=O)(=O)c2ccccc2)C1,True,1,SAMPLE1_DRAW_GROUP
O=C(c1ccon1)N1CCC(n2ncccc2=O)CC1,True,1,SAMPLE1_DRAW_GROUP
O=C(c1ccon1)N1CCN(c2nc3ccccc3s2)CC1,True,1,SAMPLE1_DRAW_GROUP
O=C(c1ccsc1)N1CC(N2C(=O)C3CC=CCC3C2=O)C1,True,1,SAMPLE1_DRAW_GROUP
O=C(c1ccsc1)N1CC(N2CCc3sccc3C2)C1,True,1,SAMPLE1_DRAW_GROUP
O=C(c1ccsc1)N1CCC2CCCC21,True,1,SAMPLE1_DRAW_GROUP
O=C(c1cn(-c2ccc3ncccc3c2)nn1)N1CCCC1,True,1,SAMPLE1_DRAW_GROUP
O=C(c1cn(CC2CCC2)nn1)N1CCCn2ncnc21,True,1,SAMPLE1_DRAW_GROUP
O=C(c1cn[nH]c1)N(Cc1ccco1)Cc1n[nH]c2c1CCC2,True,1,SAMPLE1_DRAW_GROUP
O=C(c1cn[nH]c1)c1cccc(C2=NOCC2)c1,False,0,EXPOSED_POPULATION:LCSB-ALL-MASSBANK-V1-EXPOSURE-SET;EXPOSED_POPULATION:LCSB-NEG
O=C(c1cn[nH]c1-c1cc2ccccc2o1)N1CCOC2(CCCOC2)C1,True,1,SAMPLE1_DRAW_GROUP
O=C(c1cnc(-c2ccsc2)s1)N1CCCC1,True,1,SAMPLE1_DRAW_GROUP
O=C(c1cnc(NCc2cnccn2)nc1)N1CCC2(CCOCC2)C1,True,1,SAMPLE1_DRAW_GROUP
O=C(c1cnc2n[nH]cc2c1)N1CCCC1c1ccccc1,True,1,SAMPLE1_DRAW_GROUP
O=C(c1cncc2ccccc12)N1CCN(c2ccccc2)CC1,True,1,SAMPLE1_DRAW_GROUP
O=C(c1cnccc1Oc1ccccc1)N1CCN(C2CC2)c2ccccc21,True,1,DECODED_SAME_PLATE_ION_0p01
O=C(c1cncnc1)N1CCC(N2CCN(Cc3ccccc3)CC2)CC1,True,1,COPLATED_IN_DECODED_WELL;DECODED_SAME_PLATE_ION_0p01;DECODED_SAME_WELL_ION_0p7
O=C(c1cncs1)N1CCCC(COc2ncccn2)C1,True,2,SAMPLE1_DRAW_GROUP
O=C(c1cncs1)N1CCc2nc3ccccn3c(=O)c2C1,True,1,SAMPLE1_DRAW_GROUP
O=C(c1cnn(-c2ccc3nc[nH]c3c2)c1)c1cc2ccccc2[nH]1,True,1,DECODED_SAME_PLATE_ION_0p01
O=C(c1cnn(-c2ccccc2)c1)N1CCCCCC1,True,1,SAMPLE1_DRAW_GROUP
O=C(c1cnn(-c2ccccc2)c1)N1CCN(C(=O)c2ccccc2)C(c2ccccc2)C1,True,1,COPLATED_IN_DECODED_WELL
O=C(c1cnn2ccccc12)N1CCOCC1,True,1,SAMPLE1_DRAW_GROUP
O=C(c1cnn[nH]1)N1CCN(Cc2ccccc2)CC1,True,1,SAMPLE1_DRAW_GROUP
O=C(c1cnoc1)N1CCN(c2ccccn2)CC1,True,1,SAMPLE1_DRAW_GROUP
O=C(c1cocn1)N1CC(OCc2cccc3ccccc23)C1,True,1,SAMPLE1_DRAW_GROUP
O=C(c1cocn1)N1CCCCC1,True,2,SAMPLE1_DRAW_GROUP
O=C(c1csc(-c2ccccc2)n1)N1CC(Cn2cccn2)C1,True,1,SAMPLE1_DRAW_GROUP
O=C(c1csc(-c2ccccc2)n1)N1CC(Cn2nc(C3CC3)ccc2=O)C1,True,1,SAMPLE1_DRAW_GROUP
O=C(c1csc(=O)[nH]1)N1CCCCC1,True,1,SAMPLE1_DRAW_GROUP
O=C(c1cscn1)N1CCCC(COc2ncccn2)C1,True,1,SAMPLE1_DRAW_GROUP
O=C(c1cscn1)N1CCCCC1,True,1,SAMPLE1_DRAW_GROUP
O=C(c1nc2ccc(C3CCN(Cc4cccnc4)CC3)cc2[nH]1)N1CCN(Cc2ccccc2)CC1,True,1,COPLATED_IN_DECODED_WELL
O=C(c1nc2cccnc2s1)N1CCCC1c1ccon1,True,1,SAMPLE1_DRAW_GROUP
O=C(c1nn(-c2ccc(CN3CCOCC3)cc2)c2c1CS(=O)(=O)c1ccccc1-2)N1CCOCC1,True,1,DECODED_SAME_PLATE_ION_0p01
O=C(c1nnc(-c2ccccc2)o1)N1CCC1,True,1,SAMPLE1_DRAW_GROUP
O=C(c1nnc(-c2cscn2)o1)N1CCCC1,True,1,SAMPLE1_DRAW_GROUP
O=C(c1nnn2ccccc12)N1CC2COCC2C1,True,1,SAMPLE1_DRAW_GROUP
O=C1C(=CC=Cc2ccccc2)C=C(C2CCCCO2)C(=O)C1C1CCCCO1,True,1,SAMPLE1_DRAW_GROUP
O=C1C(=Cc2ccc(-n3ccnc3)cc2)CCC2COCC(c3ccccc3)N12,True,1,DECODED_SAME_PLATE_ION_0p01
O=C1C(=Cc2ccc(-n3ccnc3)cc2)CCCN1Cc1ccccc1,True,1,DECODED_SAME_PLATE_ION_0p01;SAMPLE1_DRAW_GROUP
O=C1C(=Cc2ccccc2)C(=O)N(Cc2ccccc2)C(=O)N1Cc1ccccc1,False,0,DECODED_SAME_PLATE_ION_0p01
O=C1C(=Cc2ccccc2)C(NC2CCCCC2)c2ccccc21,True,2,COPLATED_IN_DECODED_WELL;DECODED_SAME_PLATE_ION_0p01;DECODED_SAME_WELL_ION_0p7
O=C1C(=Cc2ccccc2)C2CCC1C2,True,1,COPLATED_IN_DECODED_WELL
O=C1C(=Cc2ccccc2)C=NN1c1ccccc1,True,1,DECODED_SAME_PLATE_ION_0p01
O=C1C(=Cc2ccccc2)CCC1=Cc1ccccc1,True,1,SAMPLE1_DRAW_GROUP
O=C1C(=Cc2ccccc2)CN(CC2=CCNC2)CC1=Cc1ccccc1,True,1,DECODED_SAME_PLATE_ION_0p01
O=C1C(=Cc2ccccc2)CNCC1=Cc1c[nH]c2ccccc12,True,1,DECODED_SAME_PLATE_ION_0p01
O=C1C(=Cc2ccccc2)CNCC1=Cc1ccccc1,True,3,COPLATED_IN_DECODED_WELL;DECODED_SAME_PLATE_ION_0p01
O=C1C(=Cc2ccccc2)CS(=O)(=O)CC1=Cc1ccccc1,True,1,DECODED_SAME_PLATE_ION_0p01
O=C1C(=Cc2ccccc2)SC(=S)N1c1ccccc1,True,1,COPLATED_IN_DECODED_WELL
O=C1C(=Cc2cccnc2)C(=O)c2ccccc21,True,1,DECODED_SAME_PLATE_ION_0p01
O=C1C(=Cc2cccnc2)CCCC1=Cc1cccnc1,True,1,DECODED_SAME_PLATE_ION_0p01
O=C1C(=Cc2cccs2)CCC1=Cc1cccs1,True,1,SAMPLE1_DRAW_GROUP
O=C1C(=Cc2cccs2)SC(=S)N1c1ccccc1,True,1,COPLATED_IN_DECODED_WELL
O=C1C(=O)N(C2CCS(=O)(=O)C2)C(c2ccccc2)C1=Cc1ccccc1,True,1,SAMPLE1_DRAW_GROUP
O=C1C(=O)N(Cc2ccccc2)c2ccccc21,True,3,COPLATED_IN_DECODED_WELL
O=C1C(=O)c2[nH]cnc2-c2ccccc21,True,1,COPLATED_IN_DECODED_WELL
O=C1C(=O)c2c(ccc3ccccc23)-c2occc21,True,1,COPLATED_IN_DECODED_WELL
O=C1C(=O)c2c(ccc3ccccc23)C2=C1CCO2,True,1,DECODED_SAME_PLATE_ION_0p01
O=C1C(=O)c2ccccc2C2=C1CCCO2,True,1,DECODED_SAME_PLATE_ION_0p01
O=C1C(=O)c2ccccc2C=C1C1CCC(c2ccccc2)CC1,True,1,COPLATED_IN_DECODED_WELL;DECODED_SAME_PLATE_ION_0p01
O=C1C(=O)c2ncccc2-c2[nH]ccc21,True,1,COPLATED_IN_DECODED_WELL
O=C1C(CCCc2ccccc2)C(c2ccccc2)N1c1ccccc1,True,1,COPLATED_IN_DECODED_WELL;DECODED_SAME_PLATE_ION_0p01
O=C1C(CC[SH+]c2ccccc2)C(=O)N(c2ccccc2)N1c1ccccc1,True,1,COPLATED_IN_DECODED_WELL;DECODED_SAME_PLATE_ION_0p01;DECODED_SAME_WELL_ION_0p7
O=C1C(Cc2c[nH]cn2)CCc2cc3ccccc3n21,False,0,EXPOSED_POPULATION:ENTACT-MIX-LISTS-499-503-505;EXPOSED_POPULATION:LCSB-ALL-MASSBANK-V1-EXPOSURE-SET;EXPOSED_POPULATION:LCSB-DEV;EXPOSED_POPULATION:LCSB-NEG;EXPOSED_POPULATION:LCSB-POS-V2-SPECTRA;EXPOSED_POPULATION:LCSB-RAW-MIX-REPLICATE-SET-92;EXPOSED_POPULATION:LCSB-RAW-MIXES-499-503-505;EXPOSED_POPULATION:V2-DEVELOPMENT-POPULATION
O=C1C(Cc2ccccc2)N2C(=O)CNN(C(=O)NCc3ccccc3)C2CN1Cc1cccc(N2CC(N3CCNCC3)C2)n1,True,1,COPLATED_IN_DECODED_WELL
O=C1C(Cc2ccccc2)N2C(=O)CNN(C(=O)NCc3ccccc3)C2CN1Cc1cccc2c[nH]nc12,True,1,COPLATED_IN_DECODED_WELL
O=C1C(Cc2ccccc2)N2C(=O)CNN(C(=O)NCc3ccccc3)C2CN1Cc1cccc2cccnc12,True,1,SAMPLE1_DRAW_GROUP
O=C1C(Cc2ccccc2)NCCN1Cc1c[nH]cn1,True,1,COPLATED_IN_DECODED_WELL
O=C1C(N=CN2CCCCCC2)C2SCCN12,True,2,COPLATED_IN_DECODED_WELL;DECODED_SAME_PLATE_ION_0p01;DECODED_SAME_WELL_ION_0p7
O=C1C(N=Nc2ccccc2)C=NN1c1ccccc1,True,2,COPLATED_IN_DECODED_WELL;SAMPLE1_DRAW_GROUP
O=C1C(NCCCc2ccccc2)CCCN2CCCCN12,True,1,COPLATED_IN_DECODED_WELL;DECODED_SAME_PLATE_ION_0p01;DECODED_SAME_WELL_ION_0p7
O=C1C(NCc2ccccc2)=C(NCc2ccccc2)C(=O)c2ccccc21,True,1,DECODED_SAME_PLATE_ION_0p01
O=C1C(Nc2ccccc2)CCCN1C1CCCN(c2ccncn2)C1,True,1,COPLATED_IN_DECODED_WELL;DECODED_SAME_PLATE_ION_0p01;DECODED_SAME_WELL_ION_0p7
O=C1C([SH+]c2ccccc2)=Cc2cccc3cccc1c23,False,0,DECODED_SAME_PLATE_ION_0p01
O=C1C(c2c[nH]c3ccccc23)=Nc2ccccc21,True,1,DECODED_SAME_PLATE_ION_0p01
O=C1C(c2cc3ccccc3[nH]2)=Nc2ccccc21,True,2,COPLATED_IN_DECODED_WELL
O=C1C(c2ccccc2)=COC1c1ccccc1,False,0,EXPOSED_POPULATION:V2-DEVELOPMENT-POPULATION;EXPOSED_POPULATION:WUR-DEV-ANALYSIS;EXPOSED_POPULATION:WUR-POS-IDENTITY
O=C1C(c2ccccc2)N=CN1Nc1ccccc1,False,0,EXPOSED_POPULATION:V2-DEVELOPMENT-POPULATION;EXPOSED_POPULATION:WUR-DEV-HOLD;EXPOSED_POPULATION:WUR-POS-IDENTITY
O=C1C2=C(CCCC2)C(=O)N1c1ccccc1,False,0,EXPOSED_POPULATION:ENTACT-MIX-LISTS-499-503-505
O=C1C2=C(CCN(Cc3ccccc3)C2)N(Cc2ccccc2)C2=NCCN12,True,1,DECODED_SAME_PLATE_ION_0p01
O=C1C2=C(CCN(Cc3ccccc3)C2)N2CCN=C2N1Cc1ccccc1,True,1,DECODED_SAME_PLATE_ION_0p01
O=C1C2=C(NC=CC2c2ccc(-c3ccccc3)o2)c2ccccc21,True,1,COPLATED_IN_DECODED_WELL
O=C1C2=C(OCC2)C(=O)c2c1ccc1ccccc21,True,1,DECODED_SAME_PLATE_ION_0p01
O=C1C2=CC3(CCC2C2CC=C4CCCCC4C12)CC1NCCCC1O3,True,1,DECODED_SAME_PLATE_ION_0p01
O=C1C2=CC3C(=O)C=CCC3CC2Cc2ccccc21,False,0,COPLATED_IN_DECODED_WELL;DECODED_SAME_PLATE_ION_0p01;EXPOSED_POPULATION:V2-DEVELOPMENT-POPULATION;EXPOSED_POPULATION:WUR-POS-IDENTITY;EXPOSED_POPULATION:WUR-SEALED;MULTIMS2_ANCHOR_CALIBRATION
O=C1C2=CC3C4CCC3OC2(C4)C(=O)c2ccccc21,True,1,DECODED_SAME_PLATE_ION_0p01
O=C1C2=CC3CC4COC(C3=O)C24Oc2cc3c(cc21)C=CCO3,True,2,SAMPLE1_DRAW_GROUP
O=C1C2=CC3CC4COC(C3=O)C24Oc2cc3c(cc21)CCCO3,True,1,COPLATED_IN_DECODED_WELL
O=C1C2=CC3CC4COC(C3=O)C24Oc2ccccc21,True,1,COPLATED_IN_DECODED_WELL
O=C1C2=CC=CCC2Oc2ccccc21,True,1,SAMPLE1_DRAW_GROUP
O=C1C2=COC(OC3CCCCO3)CC2CC2c3[nH]c4ccccc4c3CCN12,True,2,COPLATED_IN_DECODED_WELL;DECODED_SAME_PLATE_ION_0p01;DECODED_SAME_WELL_ION_0p7
O=C1C2C(C(=O)N1c1ccccc1)C1C=CC2C12CC2c1ccccc1,True,1,SAMPLE1_DRAW_GROUP
O=C1C2C3CCC(C3)C2C(=O)N1CC1CCCCC1CN1CCN(c2nsc3ccccc23)CC1,True,1,COPLATED_IN_DECODED_WELL;DECODED_SAME_PLATE_ION_0p01;DECODED_SAME_WELL_ION_0p7;SAMPLE1_DRAW_GROUP
O=C1C2C3CCC(C3)C2C(=O)N1CCCCN1CCN(c2ncccn2)CC1,True,1,COPLATED_IN_DECODED_WELL;DECODED_SAME_PLATE_ION_0p01;DECODED_SAME_WELL_ION_0p7
O=C1C2C=CCC3CC=CC13CCC1CC12,True,4,COPLATED_IN_DECODED_WELL;DECODED_SAME_PLATE_ION_0p01
O=C1C2CC(c3ccccc3)NN2C=CN1CCC(=O)N1CCSCC1,True,1,SAMPLE1_DRAW_GROUP
O=C1C2CC3CC(C2)CC1C3,True,1,COPLATED_IN_DECODED_WELL
O=C1C2CC3c4ccc5c(c4NC3N2C(=O)C2CCCN12)OCC=C5,True,1,COPLATED_IN_DECODED_WELL;DECODED_SAME_PLATE_ION_0p01;DECODED_SAME_WELL_ION_0p7
O=C1C2CC3c4ccccc4N4CCC34N2C(=O)C2=Cc3c([nH]c4ccccc34)CC=CN12,True,1,SAMPLE1_DRAW_GROUP
O=C1C2CCCCC2C(=O)N1CCCCN1CCN(c2nsc3ccccc23)CC1,True,1,COPLATED_IN_DECODED_WELL;DECODED_SAME_PLATE_ION_0p01;DECODED_SAME_WELL_ION_0p7
O=C1C2Cc3c4n(c5ccccc35)COOCCC4N2C(=O)C2CCCN12,True,1,COPLATED_IN_DECODED_WELL
O=C1C=C(C2=CCC34OC35CCC3CC(OC6CCC(OC7CCCC(COC8CCCCO8)O7)CO6)CCC3C5CCC24)CO1,True,1,SAMPLE1_DRAW_GROUP
O=C1C=C(C2C=CCC3C2CCC2C3CCCC2(COC(=O)c2ccc[nH]2)COC2CCCCO2)CO1,True,1,COPLATED_IN_DECODED_WELL
O=C1C=C(C2CCC34OC35CCC3CC(OC6CCCCO6)CCC3C5CCC24)CO1,True,1,COPLATED_IN_DECODED_WELL
O=C1C=C(C2CCC3C2CCC2C4CCC(OC5CCC(OC6CCC(OC7CCC(OC8CCCCO8)CO7)CO6)CO5)CC4CCC23)CO1,True,2,COPLATED_IN_DECODED_WELL
O=C1C=C(C2CCC3C2CCC2C4CCC(OC5CCC(OC6CCC(OC7CCCCO7)CO6)CO5)CC4CCC23)CO1,True,1,COPLATED_IN_DECODED_WELL;EXPOSED_POPULATION:WUR-NEG-DEV
O=C1C=C(C2CCC3C2CCC2C4CCC(OC5CCC(OC6CCCCO6)CO5)CC4CCC23)CO1,True,11,COPLATED_IN_DECODED_WELL
O=C1C=C(C2CCC3C2CCC2C4CCC(OC5CCCCO5)CC4CCC23)CO1,True,12,COPLATED_IN_DECODED_WELL;DECODED_SAME_PLATE_ION_0p01;EXPOSED_POPULATION:LCSB-ALL-MASSBANK-V1-EXPOSURE-SET;EXPOSED_POPULATION:LCSB-CONFIRMATION;EXPOSED_POPULATION:WUR-NEG-DEV
O=C1C=C(C2CCC3C2CCC2C4CCC(OC5OCCCC5OC5CCCCO5)CC4=CCC23)CO1,True,1,SAMPLE1_DRAW_GROUP
O=C1C=C(C2CCC3C2CCC2C4CCCCC4=CCC23)CO1,True,1,SAMPLE1_DRAW_GROUP
O=C1C=C(C2CCC3C2CCC2C4CCCCC4CCC23)CO1,True,3,EXPOSED_POPULATION:WUR-NEG-DEV
O=C1C=C(C2CO2)CC2OC12,True,1,COPLATED_IN_DECODED_WELL;SAMPLE1_DRAW_GROUP
O=C1C=C(CCCOC2CCCCO2)CCC1,True,1,DECODED_SAME_PLATE_ION_0p01
O=C1C=C(N2CCOCC2)NC2=NCCCN12,True,1,COPLATED_IN_DECODED_WELL
O=C1C=C(NCCN2CCOCC2)C(=O)c2ncccc21,True,1,DECODED_SAME_PLATE_ION_0p01
O=C1C=C(NCCc2ccc(Nc3nccc4ccncc34)cc2)C12CCCCC2,True,1,COPLATED_IN_DECODED_WELL
O=C1C=C(NCc2ccccc2)CC(c2ccccc2)C1,True,1,SAMPLE1_DRAW_GROUP
O=C1C=C(NNC(=O)c2ccccc2)CCC1,True,2,SAMPLE1_DRAW_GROUP
O=C1C=C(Nc2ccc(C(=O)Nc3ccccc3)cc2)CC1,True,1,COPLATED_IN_DECODED_WELL;DECODED_SAME_PLATE_ION_0p01
O=C1C=C(Nc2ccccc2)C(=O)c2ccccc21,True,1,COPLATED_IN_DECODED_WELL;DECODED_SAME_PLATE_ION_0p01
O=C1C=C2C(CC1)C1CCC3C(C4CC4C34CCC(=O)O4)C1C1CC21,True,1,COPLATED_IN_DECODED_WELL;DECODED_SAME_PLATE_ION_0p01
O=C1C=C2C(CC34C5CCC36CC(=O)OC6OC24C(=O)O5)O1,True,1,COPLATED_IN_DECODED_WELL
O=C1C=C2C(CCC3C2C(=O)CC2COC4CC(=O)OCC243)C(c2ccoc2)O1,True,1,DECODED_SAME_PLATE_ION_0p01
O=C1C=C2C(CCC3C2CCC2CCCCC23)c2ccccc21,True,1,COPLATED_IN_DECODED_WELL;DECODED_SAME_PLATE_ION_0p01;DECODED_SAME_WELL_ION_0p7
O=C1C=C2C(CCC3C2CCC2Cc4c([nH]c5ccccc45)C23)OC1,True,1,COPLATED_IN_DECODED_WELL
O=C1C=C2C3CCCC3CCC2C2CCCCC12,True,11,SAMPLE1_DRAW_GROUP
O=C1C=C2C3CCCCC3CCC2C2CCC3CC(OC4OCCCC4OC4CCCCO4)CCC3C12,True,3,COPLATED_IN_DECODED_WELL;DECODED_SAME_PLATE_ION_0p01;DECODED_SAME_WELL_ION_0p7
O=C1C=C2C3CCCCC3CCC2C2CCC3CCCCC3C12,True,7,COPLATED_IN_DECODED_WELL;DECODED_SAME_PLATE_ION_0p01;DECODED_SAME_WELL_ION_0p7
O=C1C=C2C=CC3C(CCC4C3CCC43CCC(=O)O3)C2CC1,True,1,COPLATED_IN_DECODED_WELL;DECODED_SAME_PLATE_ION_0p01
O=C1C=C2C=CC3C4CCCC4CC3C2C2CC12,True,1,COPLATED_IN_DECODED_WELL;DECODED_SAME_PLATE_ION_0p01
O=C1C=C2C=CC3C4CCCC4CCC3C2C2CC12,False,0,EXPOSED_POPULATION:ENTACT-MIX-LISTS-499-503-505;EXPOSED_POPULATION:LCSB-ALL-MASSBANK-V1-EXPOSURE-SET;EXPOSED_POPULATION:LCSB-DEV;EXPOSED_POPULATION:LCSB-POS-V2-SPECTRA;EXPOSED_POPULATION:V2-DEVELOPMENT-POPULATION
O=C1C=C2C=CC3C4CCCC4CCC3C2CC1,False,0,COPLATED_IN_DECODED_WELL;DECODED_SAME_PLATE_ION_0p01;DECODED_SAME_WELL_ION_0p7;EXPOSED_POPULATION:LCSB-ALL-MASSBANK-V1-EXPOSURE-SET;EXPOSED_POPULATION:LCSB-DEV;EXPOSED_POPULATION:LCSB-POS-V2-SPECTRA;EXPOSED_POPULATION:V2-DEVELOPMENT-POPULATION;EXPOSED_POPULATION:WUR-DEV-ANALYSIS;EXPOSED_POPULATION:WUR-POS-IDENTITY;EXPOSED_POPULATION:WUR-SEALED;MSNLIB_ANCHOR_CENSUS_DESIGN;MSNLIB_ANCHOR_CENSUS_DETECTED;MSNLIB_ANCHOR_GATE_CALIBRATION
O=C1C=C2C=CC3CC2(O1)C1CCCCN31,True,1,COPLATED_IN_DECODED_WELL;DECODED_SAME_PLATE_ION_0p01
O=C1C=C2C=CCCC2O1,True,1,COPLATED_IN_DECODED_WELL
O=C1C=C2C=CN(CCCCN3C=CC4=CC(=O)CC(=O)C4=C3)C=C2C(=O)C1,True,1,SAMPLE1_DRAW_GROUP
O=C1C=C2C=CNC=C2C(=O)C1,True,9,COPLATED_IN_DECODED_WELL;DECODED_SAME_PLATE_ION_0p01;DECODED_SAME_WELL_ION_0p7
O=C1C=C2C=COC=C2C(=O)C1,True,1,COPLATED_IN_DECODED_WELL
O=C1C=C2C=COC=C2CC1,True,3,COPLATED_IN_DECODED_WELL
O=C1C=C2CCC3C(=C2CC1)C(c1ccccc1)CC1CCCC13,False,0,COPLATED_IN_DECODED_WELL;DECODED_SAME_PLATE_ION_0p01;DECODED_SAME_WELL_ION_0p7;EXPOSED_POPULATION:LCSB-ALL-MASSBANK-V1-EXPOSURE-SET;EXPOSED_POPULATION:LCSB-DEV;EXPOSED_POPULATION:LCSB-POS-V2-SPECTRA;EXPOSED_POPULATION:V2-DEVELOPMENT-POPULATION;MSNLIB_ANCHOR_CENSUS_DESIGN;MSNLIB_ANCHOR_CENSUS_DETECTED;MSNLIB_ANCHOR_GATE_CALIBRATION;MULTIMS2_ANCHOR_CALIBRATION
O=C1C=C2CCC3C(=C2CC1)C=CC1C(OC(=O)OCC2CCCCC2)CCC31,False,0,EXPOSED_POPULATION:V2-DEVELOPMENT-POPULATION;EXPOSED_POPULATION:WUR-DEV-HOLD;EXPOSED_POPULATION:WUR-POS-IDENTITY
O=C1C=C2CCC3C(=C2CC1)C=CC1CCCC13,False,0,COPLATED_IN_DECODED_WELL;DECODED_SAME_PLATE_ION_0p01;EXPOSED_POPULATION:V2-DEVELOPMENT-POPULATION;EXPOSED_POPULATION:WUR-DEV-HOLD;EXPOSED_POPULATION:WUR-POS-IDENTITY
O=C1C=C2CCC3C(=C2CC1)CCC1CCCC13,True,1,COPLATED_IN_DECODED_WELL;DECODED_SAME_PLATE_ION_0p01;DECODED_SAME_WELL_ION_0p7;SAMPLE1_DRAW_GROUP
O=C1C=C2CCC3C(CCC4C(C(=O)COC(=O)CCC5CCCC5)CCC43)C2CC1,True,1,DECODED_SAME_PLATE_ION_0p01
O=C1C=C2CCC3C(CCC4C(c5cccnc5)=CCC43)C2CC1,True,1,DECODED_SAME_PLATE_ION_0p01
O=C1C=C2CCC3C(CCC4C3CC3OCOC34)C2CC1,True,1,COPLATED_IN_DECODED_WELL;DECODED_SAME_PLATE_ION_0p01;EXPOSED_POPULATION:ENTACT-MIX-LISTS-499-503-505;EXPOSED_POPULATION:LCSB-ALL-MASSBANK-V1-EXPOSURE-SET;EXPOSED_POPULATION:LCSB-POS-V2-SPECTRA
O=C1C=C2CCC3C(CCC4C3CCC43CCC(=O)O3)C2CC1,True,1,COPLATED_IN_DECODED_WELL
O=C1C=C2CCC3C4CC=CC4CCC3C2CC1,False,0,DECODED_SAME_PLATE_ION_0p01
O=C1C=C2CCC3C4CCC(=O)C4CC(=O)C3C2CC1,False,0,DECODED_SAME_PLATE_ION_0p01
O=C1C=C2CCC3C4CCC(=O)C4CCC3C2CC1,True,1,EXPOSED_POPULATION:ENTACT-MIX-LISTS-499-503-505;EXPOSED_POPULATION:LCSB-ALL-MASSBANK-V1-EXPOSURE-SET;EXPOSED_POPULATION:LCSB-CONFIRMATION;EXPOSED_POPULATION:LCSB-RAW-MIX-REPLICATE-SET-92
O=C1C=C2CCC3C4CCC5(CCC(=O)O5)C4CC4OC43C2CC1,True,1,COPLATED_IN_DECODED_WELL;DECODED_SAME_PLATE_ION_0p01;DECODED_SAME_WELL_ION_0p7
O=C1C=C2CCC3C4CCCC4CC(=O)C3C2CC1,False,0,COPLATED_IN_DECODED_WELL;DECODED_SAME_PLATE_ION_0p01;EXPOSED_POPULATION:ENTACT-MIX-LISTS-499-503-505;EXPOSED_POPULATION:V2-DEVELOPMENT-POPULATION;EXPOSED_POPULATION:WUR-POS-IDENTITY;EXPOSED_POPULATION:WUR-SEALED;MSNLIB_ANCHOR_CENSUS_DESIGN
O=C1C=C2CCC3C4CCCC4CCC3C2CC1,False,0,COPLATED_IN_DECODED_WELL;DECODED_SAME_PLATE_ION_0p01;DECODED_SAME_WELL_ION_0p7;EXPOSED_POPULATION:ENTACT-MIX-LISTS-499-503-505;EXPOSED_POPULATION:LCSB-ALL-MASSBANK-V1-EXPOSURE-SET;EXPOSED_POPULATION:LCSB-CONFIRMATION;EXPOSED_POPULATION:LCSB-DEV;EXPOSED_POPULATION:LCSB-NEG;EXPOSED_POPULATION:LCSB-POS-V2-SPECTRA;EXPOSED_POPULATION:LCSB-RAW-MIX-REPLICATE-SET-92;EXPOSED_POPULATION:LCSB-RAW-MIXES-499-503-505;EXPOSED_POPULATION:V2-DEVELOPMENT-POPULATION;EXPOSED_POPULATION:WUR-DEV-ANALYSIS;EXPOSED_POPULATION:WUR-POS-IDENTITY;EXPOSED_POPULATION:WUR-SEALED;MSNLIB_ANCHOR_CENSUS_DESIGN;MSNLIB_ANCHOR_CENSUS_DETECTED;MSNLIB_ANCHOR_GATE_CALIBRATION;MULTIMS2_ANCHOR_CALIBRATION
O=C1C=C2CCC3CCCCC3C(=O)CCC1C2,True,1,COPLATED_IN_DECODED_WELL
O=C1C=C2CCCC3CCCCC23O1,True,1,SAMPLE1_DRAW_GROUP
O=C1C=C2CCCCC2C2CC12,True,1,COPLATED_IN_DECODED_WELL
O=C1C=C2CCCCC2C2OC12,True,3,COPLATED_IN_DECODED_WELL
O=C1C=C2CCCCC2CC1,False,0,COPLATED_IN_DECODED_WELL;DECODED_SAME_PLATE_ION_0p01;DECODED_SAME_WELL_ION_0p7;EXPOSED_POPULATION:LCSB-ALL-MASSBANK-V1-EXPOSURE-SET;EXPOSED_POPULATION:LCSB-DEV;EXPOSED_POPULATION:LCSB-POS-V2-SPECTRA;EXPOSED_POPULATION:V2-DEVELOPMENT-POPULATION;MSNLIB_ANCHOR_CENSUS_DESIGN;MSNLIB_ANCHOR_CENSUS_DETECTED;MSNLIB_ANCHOR_GATE_CALIBRATION
O=C1C=C2COCC=C2O1,False,0,COPLATED_IN_DECODED_WELL
O=C1C=C2OCOC23Oc2cc4c(cc2C2CCCC1C23)OCO4,True,1,COPLATED_IN_DECODED_WELL;DECODED_SAME_PLATE_ION_0p01
O=C1C=CC(=C(c2ccccc2)c2ccccc2)C=C1,True,1,COPLATED_IN_DECODED_WELL
O=C1C=CC(=O)C(CCC(=O)N(CCCCSCC2CCC(n3cnc4cncnc43)O2)Cc2cccc(-c3ccccc3)c2)=C1,True,1,COPLATED_IN_DECODED_WELL
O=C1C=CC(=O)C(CCCCCCCCCC[P+](c2ccccc2)(c2ccccc2)c2ccccc2)=C1,False,0,COPLATED_IN_DECODED_WELL;DECODED_SAME_PLATE_ION_0p01;DECODED_SAME_WELL_ION_0p7
O=C1C=CC(=O)C(Cc2ccccc2)=C1,True,1,COPLATED_IN_DECODED_WELL
O=C1C=CC(=O)C23C(=O)NC(Cc4c[nH]c5ccccc45)C2CC2OC2C3C=CCCC=CC1,True,1,COPLATED_IN_DECODED_WELL
O=C1C=CC(=O)C=C1,True,15,COPLATED_IN_DECODED_WELL;DECODED_SAME_PLATE_ION_0p01
O=C1C=CC(=O)N1,True,4,COPLATED_IN_DECODED_WELL
O=C1C=CC(=O)N1Nc1ccncn1,False,0,COPLATED_IN_DECODED_WELL;DECODED_SAME_PLATE_ION_0p01
O=C1C=CC(=O)c2c1ccc1c2ccc2ccccc21,True,1,DECODED_SAME_PLATE_ION_0p01
O=C1C=CC(=O)c2ccccc21,False,0,COPLATED_IN_DECODED_WELL;DECODED_SAME_PLATE_ION_0p01;EXPOSED_POPULATION:V2-DEVELOPMENT-POPULATION;EXPOSED_POPULATION:WUR-POS-IDENTITY;EXPOSED_POPULATION:WUR-SEALED
O=C1C=CC(C2=CC3C=CCCCC4CCC(C=CCCC5=NCCCC53CC2)O4)O1,False,0,EXPOSED_POPULATION:V2-DEVELOPMENT-POPULATION;EXPOSED_POPULATION:WUR-DEV-ANALYSIS;EXPOSED_POPULATION:WUR-NEG-DEV;EXPOSED_POPULATION:WUR-POS-IDENTITY
O=C1C=CC(CCc2ccc3c(c2)OCO3)C=C1,True,1,DECODED_SAME_PLATE_ION_0p01
O=C1C=CC(OC(=O)C2CC2)C1,False,0,EXPOSED_POPULATION:V2-DEVELOPMENT-POPULATION;EXPOSED_POPULATION:WUR-DEV-ANALYSIS;EXPOSED_POPULATION:WUR-DEV-HOLD;EXPOSED_POPULATION:WUR-POS-IDENTITY
O=C1C=CC2(CC1)Oc1ccccc1C2=O,False,0,COPLATED_IN_DECODED_WELL;DECODED_SAME_PLATE_ION_0p01;DECODED_SAME_WELL_ION_0p7;EXPOSED_POPULATION:V2-DEVELOPMENT-POPULATION;EXPOSED_POPULATION:WUR-DEV-HOLD;EXPOSED_POPULATION:WUR-POS-IDENTITY;MSNLIB_ANCHOR_CENSUS_DESIGN;MSNLIB_ANCHOR_CENSUS_DETECTED;MSNLIB_ANCHOR_GATE_CALIBRATION
O=C1C=CC2(O1)C(=O)C=C1CCCCN3C(C4CCC(=O)O4)CCC132,True,1,SAMPLE1_DRAW_GROUP
O=C1C=CC23CC4CC(OC4C2)C3C1,True,2,COPLATED_IN_DECODED_WELL
O=C1C=CC23CCNC(Cc4ccccc42)C3=C1,True,1,COPLATED_IN_DECODED_WELL;DECODED_SAME_PLATE_ION_0p01;DECODED_SAME_WELL_ION_0p7
O=C1C=CC23CCNCc4cccc(c42)OC3C1,True,1,DECODED_SAME_PLATE_ION_0p01
O=C1C=CC2=C3c4ccccc4CC3COC2=C1,True,1,COPLATED_IN_DECODED_WELL;DECODED_SAME_PLATE_ION_0p01
O=C1C=CC2=COCCC2=C1,False,0,EXPOSED_POPULATION:V2-DEVELOPMENT-POPULATION;EXPOSED_POPULATION:WUR-DEV-ANALYSIS;EXPOSED_POPULATION:WUR-POS-IDENTITY
O=C1C=CC2C(=C1)C=CC1C3CCCC3CCC21,False,0,EXPOSED_POPULATION:V2-DEVELOPMENT-POPULATION;EXPOSED_POPULATION:WUR-POS-IDENTITY;EXPOSED_POPULATION:WUR-SEALED
O=C1C=CC2C(=C1)CCC1C2=CCC2C=CCC21,True,1,DECODED_SAME_PLATE_ION_0p01
O=C1C=CC2C(=C1)CCC1C2=CCC2CCCC21,True,1,COPLATED_IN_DECODED_WELL
O=C1C=CC2C(=C1)CCC1C2CCC2C(OC(=O)c3ccco3)CCC21,True,2,COPLATED_IN_DECODED_WELL
O=C1C=CC2C(=C1)CCC1C2CCC2C1CC1OC(C3CCCCC3)OC12,True,2,COPLATED_IN_DECODED_WELL;DECODED_SAME_PLATE_ION_0p01;SAMPLE1_DRAW_GROUP
O=C1C=CC2C(=C1)CCC1C2CCC2C1CC1OC3(CCCC3)OC12,True,1,COPLATED_IN_DECODED_WELL
O=C1C=CC2C(=C1)CCC1C2CCC2C1CC1OC=NC12,True,1,DECODED_SAME_PLATE_ION_0p01
O=C1C=CC2C(=C1)CCC1C2CCC2C1CC1OCOC12,False,0,COPLATED_IN_DECODED_WELL;DECODED_SAME_PLATE_ION_0p01;DECODED_SAME_WELL_ION_0p7;EXPOSED_POPULATION:ENTACT-MIX-LISTS-499-503-505;EXPOSED_POPULATION:LCSB-ALL-MASSBANK-V1-EXPOSURE-SET;EXPOSED_POPULATION:LCSB-CONFIRMATION;EXPOSED_POPULATION:LCSB-DEV;EXPOSED_POPULATION:LCSB-POS-V2-SPECTRA;EXPOSED_POPULATION:V2-DEVELOPMENT-POPULATION;EXPOSED_POPULATION:WUR-POS-IDENTITY;EXPOSED_POPULATION:WUR-SEALED;MSNLIB_ANCHOR_CENSUS_DESIGN;MSNLIB_ANCHOR_CENSUS_DETECTED;MSNLIB_ANCHOR_GATE_CALIBRATION
O=C1C=CC2C(=C1)CCC1C3CCCC3CC(=O)C21,False,0,COPLATED_IN_DECODED_WELL;DECODED_SAME_PLATE_ION_0p01;DECODED_SAME_WELL_ION_0p7;EXPOSED_POPULATION:LCSB-ALL-MASSBANK-V1-EXPOSURE-SET;EXPOSED_POPULATION:LCSB-CONFIRMATION;EXPOSED_POPULATION:LCSB-NEG;EXPOSED_POPULATION:V2-DEVELOPMENT-POPULATION;EXPOSED_POPULATION:WUR-POS-IDENTITY;EXPOSED_POPULATION:WUR-SEALED;MSNLIB_ANCHOR_CENSUS_DESIGN;MSNLIB_ANCHOR_CENSUS_DETECTED;MSNLIB_ANCHOR_GATE_CALIBRATION
O=C1C=CC2C(=C1)CCC1C3CCCC3CC3OC321,False,0,DECODED_SAME_PLATE_ION_0p01
O=C1C=CC2C(=C1)CCC1C3CCCC3CCC21,False,0,COPLATED_IN_DECODED_WELL;DECODED_SAME_PLATE_ION_0p01;DECODED_SAME_WELL_ION_0p7;EXPOSED_POPULATION:ENTACT-MIX-LISTS-499-503-505;EXPOSED_POPULATION:LCSB-ALL-MASSBANK-V1-EXPOSURE-SET;EXPOSED_POPULATION:LCSB-DEV;EXPOSED_POPULATION:LCSB-NEG;EXPOSED_POPULATION:LCSB-POS-V2-SPECTRA;EXPOSED_POPULATION:V2-DEVELOPMENT-POPULATION;EXPOSED_POPULATION:WUR-DEV-ANALYSIS;EXPOSED_POPULATION:WUR-POS-IDENTITY;MSNLIB_ANCHOR_CENSUS_DESIGN;MSNLIB_ANCHOR_CENSUS_DETECTED;MSNLIB_ANCHOR_GATE_CALIBRATION;MULTIMS2_ANCHOR_CALIBRATION
O=C1C=CC2C(=CCC3C4CCCC4CC(=O)C23)C1,True,3,DECODED_SAME_PLATE_ION_0p01
O=C1C=CC2C(=O)C3=Cc4ccccc4CC3CC2C1,True,7,COPLATED_IN_DECODED_WELL;DECODED_SAME_PLATE_ION_0p01;DECODED_SAME_WELL_ION_0p7
O=C1C=CC2C(=O)c3cc4ccccc4cc3CC2C1,True,1,DECODED_SAME_PLATE_ION_0p01
O=C1C=CC2C(CCC3C4=CC(=O)C(c5ccoc5)C4CCC32)C1,True,1,COPLATED_IN_DECODED_WELL
O=C1C=CC2C(CCC3C4CCCC4CCC23)N1,False,0,COPLATED_IN_DECODED_WELL;DECODED_SAME_PLATE_ION_0p01;DECODED_SAME_WELL_ION_0p7;EXPOSED_POPULATION:LCSB-ALL-MASSBANK-V1-EXPOSURE-SET;EXPOSED_POPULATION:LCSB-DEV;EXPOSED_POPULATION:LCSB-POS-V2-SPECTRA;EXPOSED_POPULATION:V2-DEVELOPMENT-POPULATION;MSNLIB_ANCHOR_CENSUS_DESIGN;MSNLIB_ANCHOR_CENSUS_DETECTED;MSNLIB_ANCHOR_GATE_CALIBRATION
O=C1C=CC2C(CCC3Oc4ccc5c(c4CC32)CCOC5=O)C1,True,1,SAMPLE1_DRAW_GROUP
O=C1C=CC2C(CO1)CC(=O)C1C2CCC2C(c3ccoc3)OC(=O)C3OC321,True,1,COPLATED_IN_DECODED_WELL
O=C1C=CC2C(OC3CCCCO3)OC=CC12OC1CCCCO1,True,1,COPLATED_IN_DECODED_WELL;DECODED_SAME_PLATE_ION_0p01;DECODED_SAME_WELL_ION_0p7
O=C1C=CC2C3=CC(=O)C4C5CCCCC5CCC4C3CCC2C1,True,4,COPLATED_IN_DECODED_WELL
O=C1C=CC2C3C=CC(CC3=O)C2C1,True,2,COPLATED_IN_DECODED_WELL;DECODED_SAME_PLATE_ION_0p01
O=C1C=CC2C3Cc4ccccc4C2(CCN3)C1,True,1,COPLATED_IN_DECODED_WELL;DECODED_SAME_PLATE_ION_0p01
O=C1C=CC2C3c4c[nH]c5cccc(c45)CC3CN12,False,0,COPLATED_IN_DECODED_WELL;DECODED_SAME_PLATE_ION_0p01;DECODED_SAME_WELL_ION_0p7;EXPOSED_POPULATION:V2-DEVELOPMENT-POPULATION;EXPOSED_POPULATION:WUR-DEV-ANALYSIS;EXPOSED_POPULATION:WUR-POS-IDENTITY;MSNLIB_ANCHOR_CENSUS_DESIGN;MSNLIB_ANCHOR_CENSUS_DETECTED;MSNLIB_ANCHOR_GATE_CALIBRATION
O=C1C=CC2CC2CC=CCC2CCCC12,True,1,COPLATED_IN_DECODED_WELL
O=C1C=CC2CC3OC(=O)CC4C5CCC(C2C1)C34CO5,True,6,COPLATED_IN_DECODED_WELL;DECODED_SAME_PLATE_ION_0p01
O=C1C=CC2CC3OC(=O)CC4CCC5OCC43C5C2C1,True,1,DECODED_SAME_PLATE_ION_0p01
O=C1C=CC2CC=CCCCC=CCCC=CCC12,True,1,SAMPLE1_DRAW_GROUP
O=C1C=CC2CCC3CC(=O)OC3C2=C1,True,1,COPLATED_IN_DECODED_WELL
O=C1C=CC2OC2CCCC2CCCC(CC(OC3CCCCO3)C=CC=CC=CC=CCCO1)O2,True,1,COPLATED_IN_DECODED_WELL
O=C1C=CC2OC3CC4OC5CCC6OC7CC8OC9CC%10OC%11CCCOC%11CC%10OC9C=CCC8OC7CC6OC5CCC4OC3CC2O1,False,0,EXPOSED_POPULATION:V2-DEVELOPMENT-POPULATION;EXPOSED_POPULATION:WUR-POS-IDENTITY;EXPOSED_POPULATION:WUR-SEALED
O=C1C=CC2OC3CCC(C2C1)C31CO1,False,0,COPLATED_IN_DECODED_WELL;EXPOSED_POPULATION:V2-DEVELOPMENT-POPULATION;EXPOSED_POPULATION:WUR-DEV-HOLD;EXPOSED_POPULATION:WUR-POS-IDENTITY;MSNLIB_ANCHOR_CENSUS_DESIGN
O=C1C=CC=C2Oc3ccccc3C12,True,1,COPLATED_IN_DECODED_WELL;DECODED_SAME_PLATE_ION_0p01
O=C1C=CC=CC(COC2CCCCO2)COC(=O)CCCC(OC2CCC(OC3CCCCO3)CO2)CCC1,False,0,COPLATED_IN_DECODED_WELL;DECODED_SAME_PLATE_ION_0p01;DECODED_SAME_WELL_ION_0p7;EXPOSED_POPULATION:V2-DEVELOPMENT-POPULATION;EXPOSED_POPULATION:WUR-POS-IDENTITY;EXPOSED_POPULATION:WUR-SEALED;MSNLIB_ANCHOR_CENSUS_DESIGN;MSNLIB_ANCHOR_CENSUS_DETECTED;MSNLIB_ANCHOR_GATE_CALIBRATION;MULTIMS2_ANCHOR_CALIBRATION
O=C1C=CC=CCCCCC=CC=CCC(CCCC2CCCCO2)O1,True,1,SAMPLE1_DRAW_GROUP
O=C1C=CC=CCCCCCCCCC=COC2Oc3ccc4c(c3C2=O)C(=O)C=C(N1)C4=O,True,1,COPLATED_IN_DECODED_WELL;SAMPLE1_DRAW_GROUP
O=C1C=CC=CCCCCCCCCC=COC2Oc3ccc4cc(c(C=NN5CCN(C6CCCC6)CC5)cc4c3C2=O)N1,True,1,COPLATED_IN_DECODED_WELL;DECODED_SAME_PLATE_ION_0p01;DECODED_SAME_WELL_ION_0p7
O=C1C=CC=CCCCCCCCCC=COC2Oc3ccc4cc(c(C=NN5CCNCC5)cc4c3C2=O)N1,False,0,COPLATED_IN_DECODED_WELL;DECODED_SAME_PLATE_ION_0p01;DECODED_SAME_WELL_ION_0p7;EXPOSED_POPULATION:V2-DEVELOPMENT-POPULATION;EXPOSED_POPULATION:WUR-POS-IDENTITY;EXPOSED_POPULATION:WUR-SEALED;MSNLIB_ANCHOR_CENSUS_DESIGN;MSNLIB_ANCHOR_CENSUS_DETECTED;MSNLIB_ANCHOR_GATE_CALIBRATION;MULTIMS2_ANCHOR_CALIBRATION
O=C1C=CC=CCCCCCCCCC=COC2Oc3ccc4cc(c5c(c4c3C2=O)=NC2(CCNCC2)N=5)N1,True,1,SAMPLE1_DRAW_GROUP
O=C1C=CC=CCCCCCCCCC=COC2Oc3ccc4cc(c5c(nc6ccccn65)c4c3C2=O)N1,False,0,COPLATED_IN_DECODED_WELL;DECODED_SAME_PLATE_ION_0p01;DECODED_SAME_WELL_ION_0p7;EXPOSED_POPULATION:V2-DEVELOPMENT-POPULATION;EXPOSED_POPULATION:WUR-DEV-ANALYSIS;EXPOSED_POPULATION:WUR-POS-IDENTITY;MSNLIB_ANCHOR_CENSUS_DESIGN;MSNLIB_ANCHOR_CENSUS_DETECTED;MSNLIB_ANCHOR_GATE_CALIBRATION
O=C1C=CC=CCCCCCCCCC=COC2Oc3ccc4cc(ccc4c3C2=O)N1,True,2,COPLATED_IN_DECODED_WELL
O=C1C=CCC(C2CCCSC2)C1,False,0,EXPOSED_POPULATION:V2-DEVELOPMENT-POPULATION;EXPOSED_POPULATION:WUR-DEV-HOLD;EXPOSED_POPULATION:WUR-POS-IDENTITY
O=C1C=CCC(C=Cc2ccccc2)O1,False,0,COPLATED_IN_DECODED_WELL;DECODED_SAME_PLATE_ION_0p01;DECODED_SAME_WELL_ION_0p7;EXPOSED_POPULATION:V2-DEVELOPMENT-POPULATION;EXPOSED_POPULATION:WUR-POS-IDENTITY;EXPOSED_POPULATION:WUR-SEALED;MSNLIB_ANCHOR_CENSUS_DESIGN;MSNLIB_ANCHOR_CENSUS_DETECTED;MSNLIB_ANCHOR_GATE_CALIBRATION
O=C1C=CCC(CC2CCC3C2CCC2C3CC3OC34CC=CC(=O)C24)O1,False,0,COPLATED_IN_DECODED_WELL
O=C1C=CCC(c2ccccc2)C1,False,0,EXPOSED_POPULATION:V2-DEVELOPMENT-POPULATION;EXPOSED_POPULATION:WUR-DEV-ANALYSIS;EXPOSED_POPULATION:WUR-NEG-DEV;EXPOSED_POPULATION:WUR-POS-IDENTITY
O=C1C=CCC1,True,5,COPLATED_IN_DECODED_WELL;DECODED_SAME_PLATE_ION_0p01;DECODED_SAME_WELL_ION_0p7;SAMPLE1_DRAW_GROUP
O=C1C=CCC2C3CCCN4CCCC(CN12)C34,False,0,COPLATED_IN_DECODED_WELL;DECODED_SAME_PLATE_ION_0p01;DECODED_SAME_WELL_ION_0p7;EXPOSED_POPULATION:V2-DEVELOPMENT-POPULATION;EXPOSED_POPULATION:WUR-DEV-ANALYSIS;EXPOSED_POPULATION:WUR-POS-IDENTITY;MSNLIB_ANCHOR_CENSUS_DESIGN;MSNLIB_ANCHOR_CENSUS_DETECTED;MSNLIB_ANCHOR_GATE_CALIBRATION
O=C1C=CCC2C3CCC[NH+]4CCCC(CN12)C34,False,0,COPLATED_IN_DECODED_WELL;DECODED_SAME_PLATE_ION_0p01;DECODED_SAME_WELL_ION_0p7;EXPOSED_POPULATION:V2-DEVELOPMENT-POPULATION;EXPOSED_POPULATION:WUR-DEV-ANALYSIS;EXPOSED_POPULATION:WUR-POS-IDENTITY;MSNLIB_ANCHOR_CENSUS_DESIGN;MSNLIB_ANCHOR_CENSUS_DETECTED;MSNLIB_ANCHOR_GATE_CALIBRATION
O=C1C=CCC2OC12,True,1,SAMPLE1_DRAW_GROUP
O=C1C=CCCC1,True,15,COPLATED_IN_DECODED_WELL;DECODED_SAME_PLATE_ION_0p01
O=C1C=CCCCCC=CC2C=CCC3CNC(=O)C23O1,True,2,COPLATED_IN_DECODED_WELL
O=C1C=CCCN1C(=O)C=Cc1ccccc1,True,1,DECODED_SAME_PLATE_ION_0p01
O=C1C=CCCO1,True,7,COPLATED_IN_DECODED_WELL
O=C1C=CCCOC(=O)CCCC(=O)C=CC1,True,1,DECODED_SAME_PLATE_ION_0p01;SAMPLE1_DRAW_GROUP
O=C1C=CCN1,False,0,COPLATED_IN_DECODED_WELL;EXPOSED_POPULATION:V2-DEVELOPMENT-POPULATION;EXPOSED_POPULATION:WUR-DEV-ANALYSIS;EXPOSED_POPULATION:WUR-POS-IDENTITY;MSNLIB_ANCHOR_CENSUS_DESIGN
O=C1C=CCO1,True,12,COPLATED_IN_DECODED_WELL
O=C1C=CN(c2ccc(N3CC(CNc4ccon4)OC3=O)cc2)CC1,True,1,COPLATED_IN_DECODED_WELL
O=C1C=CN2CC3CC(CN4CCCCC34)C2C1,False,0,EXPOSED_POPULATION:V2-DEVELOPMENT-POPULATION;EXPOSED_POPULATION:WUR-DEV-HOLD;EXPOSED_POPULATION:WUR-POS-IDENTITY
O=C1C=CN2CC3CNCC(C3)C2C1,False,0,EXPOSED_POPULATION:V2-DEVELOPMENT-POPULATION;EXPOSED_POPULATION:WUR-DEV-ANALYSIS;EXPOSED_POPULATION:WUR-POS-IDENTITY
O=C1C=COC(=O)C1,True,1,COPLATED_IN_DECODED_WELL
O=C1C=COC1,True,3,COPLATED_IN_DECODED_WELL
O=C1C=COS(=O)(=O)N1,False,0,EXPOSED_POPULATION:LCSB-ALL-MASSBANK-V1-EXPOSURE-SET;EXPOSED_POPULATION:LCSB-NEG
O=C1C=Cc2ccccc2C1=O,True,2,COPLATED_IN_DECODED_WELL;DECODED_SAME_PLATE_ION_0p01
O=C1CC(=O)C2=C(C1)Oc1ccccc1C2,True,2,DECODED_SAME_PLATE_ION_0p01
O=C1CC(=O)C2C1C=CC1C2CCC2CC3CCC21C(=O)O3,True,2,SAMPLE1_DRAW_GROUP
O=C1CC(=O)C2C1C=CC1C3CCCCC3CCC12,True,1,COPLATED_IN_DECODED_WELL
O=C1CC(=O)N(C2CCCCC2)C(=O)N1C1CCCCC1,True,1,COPLATED_IN_DECODED_WELL;DECODED_SAME_PLATE_ION_0p01
O=C1CC(=O)N(c2ccccc2)N1c1ccccc1,False,0,COPLATED_IN_DECODED_WELL;DECODED_SAME_PLATE_ION_0p01;DECODED_SAME_WELL_ION_0p7;EXPOSED_POPULATION:ENTACT-MIX-LISTS-499-503-505;EXPOSED_POPULATION:LCSB-ALL-MASSBANK-V1-EXPOSURE-SET;EXPOSED_POPULATION:LCSB-DEV;EXPOSED_POPULATION:LCSB-NEG;EXPOSED_POPULATION:LCSB-POS-V2-SPECTRA;EXPOSED_POPULATION:V2-DEVELOPMENT-POPULATION;EXPOSED_POPULATION:WUR-POS-IDENTITY;EXPOSED_POPULATION:WUR-SEALED;MSNLIB_ANCHOR_CENSUS_DESIGN;MSNLIB_ANCHOR_CENSUS_DETECTED;MSNLIB_ANCHOR_GATE_CALIBRATION;MULTIMS2_ANCHOR_CALIBRATION
O=C1CC(=O)NC(=O)N1,False,0,EXPOSED_POPULATION:ENTACT-MIX-LISTS-499-503-505;EXPOSED_POPULATION:LCSB-ALL-MASSBANK-V1-EXPOSURE-SET;EXPOSED_POPULATION:LCSB-NEG
O=C1CC(=O)OCC2OC(=O)N(CCCCn3cc(-c4ccccc4)nn3)C2CC(=O)CCCC(OC2CCCCO2)C1,True,1,COPLATED_IN_DECODED_WELL
O=C1CC(=O)OCC2OC(=O)N(CCCCn3cnc(-c4cccnc4)c3)C2CC(=O)CCCC(OC2CCCCO2)C1,True,1,COPLATED_IN_DECODED_WELL
O=C1CC(C(=O)N2CCCC(Cc3ccccc3)C2)CCN1,True,1,SAMPLE1_DRAW_GROUP
O=C1CC(C(=O)N2CCCC2Cc2ccccc2)CN1,True,1,SAMPLE1_DRAW_GROUP
O=C1CC(C(=O)N2CCCCC2)CN1Cc1ccccc1,True,1,SAMPLE1_DRAW_GROUP
O=C1CC(C(=O)NC(Cc2cnc[nH]2)C(=O)N2CCCC2)NC(=O)N1,True,1,COPLATED_IN_DECODED_WELL;DECODED_SAME_PLATE_ION_0p01;DECODED_SAME_WELL_ION_0p7
O=C1CC(CCCC2CCC3C4=CC(=O)C5CCCCC5C4CCC23)CO1,True,1,COPLATED_IN_DECODED_WELL
O=C1CC(CNc2nc3cccnc3[nH]2)CN1C1CCCC1,True,1,COPLATED_IN_DECODED_WELL
O=C1CC(Cc2cnc[nH]2)CO1,False,0,EXPOSED_POPULATION:V2-DEVELOPMENT-POPULATION;EXPOSED_POPULATION:WUR-POS-IDENTITY;EXPOSED_POPULATION:WUR-SEALED;MULTIMS2_ANCHOR_CALIBRATION
O=C1CC(N2CCN(c3ccccc3)CC2)C(=O)N1c1ccccc1,True,1,DECODED_SAME_PLATE_ION_0p01
O=C1CC(NC(=O)c2ccc[nH]2)C(=O)N1,True,1,SAMPLE1_DRAW_GROUP
O=C1CC(NC(=O)c2cccc(Nc3nccs3)c2)C(=O)N1,True,1,SAMPLE1_DRAW_GROUP
O=C1CC(NC(=O)c2ccccc2)C(=O)N1,True,1,SAMPLE1_DRAW_GROUP
O=C1CC(NC(=O)c2ccco2)C(=O)N1,True,1,SAMPLE1_DRAW_GROUP
O=C1CC(NC2CCCCC2)C(=O)N1c1ccccc1,True,2,SAMPLE1_DRAW_GROUP
O=C1CC(OC2CCCCO2)CC(OC2CCCCO2)CCCC2CC(CCO1)OCN2,True,1,COPLATED_IN_DECODED_WELL
O=C1CC(OC2CCCCO2)CC(OC2CCCCO2)CCCCNCCCCO1,True,3,COPLATED_IN_DECODED_WELL;DECODED_SAME_PLATE_ION_0p01;DECODED_SAME_WELL_ION_0p7
O=C1CC(OC2CCCCO2)CO1,True,1,COPLATED_IN_DECODED_WELL;DECODED_SAME_PLATE_ION_0p01
O=C1CC(Sc2nnc(SCc3ccccc3)s2)C(=O)N1c1ccccc1,True,1,SAMPLE1_DRAW_GROUP
O=C1CC(c2c[nH]c3ccccc23)C(=O)N1,True,1,DECODED_SAME_PLATE_ION_0p01
O=C1CC(c2ccc(OC3CCCCO3)cc2)Oc2ccccc21,True,1,COPLATED_IN_DECODED_WELL
O=C1CC(c2ccc3c(c2)OC(c2ccccc2)CO3)Oc2ccccc21,True,1,COPLATED_IN_DECODED_WELL
O=C1CC(c2ccc3c(c2)OCC(c2ccccc2)O3)Oc2ccccc21,True,1,COPLATED_IN_DECODED_WELL
O=C1CC(c2cccc(OC3CCCC3)c2)CN1,True,1,DECODED_SAME_PLATE_ION_0p01
O=C1CC(c2cccc(OC3CCCCO3)c2)Oc2ccccc21,True,1,DECODED_SAME_PLATE_ION_0p01
O=C1CC(c2cccc3ccccc23)CC2=C1C(c1ccccc1)C=CO2,False,0,DECODED_SAME_PLATE_ION_0p01
O=C1CC(c2cccc3ccccc23)Sc2nc(-c3ccccc3)nn21,True,1,SAMPLE1_DRAW_GROUP
O=C1CC(c2ccccc2)C(=O)N1,True,2,COPLATED_IN_DECODED_WELL;DECODED_SAME_PLATE_ION_0p01
O=C1CC(c2ccccc2)C(C(=O)Nc2ccc3[nH]ncc3c2)=CN1,False,0,DECODED_SAME_PLATE_ION_0p01
O=C1CC(c2ccccc2)CN1,True,2,DECODED_SAME_PLATE_ION_0p01
O=C1CC(c2ccccc2)Cc2nc(N3CCNCC3)ncc21,True,1,COPLATED_IN_DECODED_WELL
O=C1CC(c2ccccc2)Cc2nc(Nc3ncc4ccccc4n3)ncc21,True,1,SAMPLE1_DRAW_GROUP
O=C1CC(c2ccccc2)N1Cc1ccccc1,True,1,SAMPLE1_DRAW_GROUP
O=C1CC(c2ccccc2)Oc2c1cccc2C1C(=O)c2ccccc2OC1c1ccccc1,True,2,DECODED_SAME_PLATE_ION_0p01
O=C1CC(c2ccccc2)Oc2cc(OC3CCCC(COC4CCCCO4)O3)ccc21,True,5,COPLATED_IN_DECODED_WELL;DECODED_SAME_PLATE_ION_0p01;DECODED_SAME_WELL_ION_0p7
O=C1CC(c2ccccc2)Oc2cc(OC3CCCCO3)ccc21,True,11,COPLATED_IN_DECODED_WELL;DECODED_SAME_PLATE_ION_0p01;DECODED_SAME_WELL_ION_0p7
O=C1CC(c2ccccc2)Oc2cc(OC3OCCCC3OC3CCCCO3)ccc21,True,7,COPLATED_IN_DECODED_WELL;DECODED_SAME_PLATE_ION_0p01;DECODED_SAME_WELL_ION_0p7;SAMPLE1_DRAW_GROUP
O=C1CC(c2ccccc2)Oc2ccc(-c3cccc4c3OC(c3ccccc3)CC4=O)cc21,True,1,DECODED_SAME_PLATE_ION_0p01
O=C1CC(c2ccccc2)Oc2ccc(C3CCCCO3)cc21,True,3,SAMPLE1_DRAW_GROUP
O=C1CC(c2ccccc2)Oc2ccccc21,True,62,COPLATED_IN_DECODED_WELL;DECODED_SAME_PLATE_ION_0p01;DECODED_SAME_WELL_ION_0p7
O=C1CC(c2ccccc2)Sc2ccccc2N1,True,3,COPLATED_IN_DECODED_WELL;DECODED_SAME_PLATE_ION_0p01;DECODED_SAME_WELL_ION_0p7
O=C1CC(c2ccccc2)c2c(ccc3ccccc23)N1,True,1,SAMPLE1_DRAW_GROUP
O=C1CC(c2ccco2)Cc2ncncc21,True,2,COPLATED_IN_DECODED_WELL;DECODED_SAME_PLATE_ION_0p01
O=C1CC(c2ccoc2)C2CC(=O)C3C(CCC4C5CCCC43COC5)C12,True,1,SAMPLE1_DRAW_GROUP
O=C1CC(c2nc(-c3ccccc3)no2)CN1Cc1cccs1,True,1,SAMPLE1_DRAW_GROUP
O=C1CC(c2nc3ccccc3[nH]2)CN1c1ccccc1,True,3,DECODED_SAME_PLATE_ION_0p01
O=C1CC(c2ncno2)CN1CCc1cccs1,True,1,SAMPLE1_DRAW_GROUP
O=C1CC2(C(=O)NCCCCCNC(=O)C34CCC(C3)C(=O)C4)CCC1C2,True,1,SAMPLE1_DRAW_GROUP
O=C1CC2(CCCC2)CC(=O)N1CCCCN1CCN(c2ncccn2)CC1,False,0,COPLATED_IN_DECODED_WELL;DECODED_SAME_PLATE_ION_0p01;DECODED_SAME_WELL_ION_0p7;EXPOSED_POPULATION:LCSB-ALL-MASSBANK-V1-EXPOSURE-SET;EXPOSED_POPULATION:LCSB-CONFIRMATION
O=C1CC2(CCN(C(=O)CCc3cnn(-c4ccccc4)c3)C2)CN1,True,1,SAMPLE1_DRAW_GROUP
O=C1CC2(CCN(C(=O)c3ccc4nc[nH]c4c3)CC2)Cc2cn[nH]c21,True,1,DECODED_SAME_PLATE_ION_0p01
O=C1CC23C=CCN4CCC5c6ccccc6N1C42C5CC3,True,1,COPLATED_IN_DECODED_WELL;DECODED_SAME_PLATE_ION_0p01;DECODED_SAME_WELL_ION_0p7
O=C1CC23C=CC[NH+]4CCC5c6ccccc6N1C42C5CC3,True,2,COPLATED_IN_DECODED_WELL;DECODED_SAME_PLATE_ION_0p01;DECODED_SAME_WELL_ION_0p7
O=C1CC23CCC4CCCCC4C2CCC1C3,True,1,COPLATED_IN_DECODED_WELL;DECODED_SAME_PLATE_ION_0p01
O=C1CC23CCCC2CCC3=C2C=CC3CCCCC3C12,True,1,COPLATED_IN_DECODED_WELL
O=C1CC2=C(CCN3CCC4=CCCCC423)CO1,True,1,DECODED_SAME_PLATE_ION_0p01
O=C1CC2=CCC3C4CCCC4CC(=O)C3C2C=C1OC1CCCCO1,True,1,SAMPLE1_DRAW_GROUP
O=C1CC2C(=CC3C2C=CC2CC(OC4CCCCO4)CC23)C(=O)CC(OC2CCCCO2)CCCCO1,False,0,COPLATED_IN_DECODED_WELL;DECODED_SAME_PLATE_ION_0p01;DECODED_SAME_WELL_ION_0p7;EXPOSED_POPULATION:V2-DEVELOPMENT-POPULATION;EXPOSED_POPULATION:WUR-DEV-HOLD;EXPOSED_POPULATION:WUR-POS-IDENTITY;MSNLIB_ANCHOR_CENSUS_DESIGN;MSNLIB_ANCHOR_CENSUS_DETECTED;MSNLIB_ANCHOR_GATE_CALIBRATION
O=C1CC2C(=CC3C4CC(OC5CCCCO5)CC4CCC23)C(=O)CC(OC2CCCCO2)CCCCO1,False,0,EXPOSED_POPULATION:V2-DEVELOPMENT-POPULATION;EXPOSED_POPULATION:WUR-POS-IDENTITY;EXPOSED_POPULATION:WUR-SEALED
O=C1CC2C(CC34C5CCC36CC(=O)OC6OC24C(=O)O5)O1,True,4,COPLATED_IN_DECODED_WELL;DECODED_SAME_PLATE_ION_0p01
O=C1CC2C(CC3C4CN5CCCCC5CC4CCC32)C2CCCCC12,True,1,COPLATED_IN_DECODED_WELL;DECODED_SAME_PLATE_ION_0p01
O=C1CC2C(CCC34CC35CCC(OC3CCCCO3)CC5CCC24)C1CCCC1CO1,True,1,COPLATED_IN_DECODED_WELL
O=C1CC2C(CCN2C(=O)C=CCN2CCCCC2)N1,True,1,COPLATED_IN_DECODED_WELL
O=C1CC2C(c3ccc(=O)oc3)CCC2C2CCC3CCCCC3C12,True,1,DECODED_SAME_PLATE_ION_0p01
O=C1CC2C3=COC=CC3=CC(=O)C2O1,True,1,DECODED_SAME_PLATE_ION_0p01
O=C1CC2C3CCC4(C=C3CC2C2CCCCC12)CC1NCCCC1O4,True,1,COPLATED_IN_DECODED_WELL;DECODED_SAME_PLATE_ION_0p01;DECODED_SAME_WELL_ION_0p7
O=C1CC2C3CCCCC3CCC2C2CCC(c3ccc(=O)oc3)C12,True,1,DECODED_SAME_PLATE_ION_0p01
O=C1CC2C3CCCCC3CCC2C2CCCC12,True,1,DECODED_SAME_PLATE_ION_0p01
O=C1CC2CC(=O)OC3C4COC(=O)c5ccccc5-c5ccccc5C(=O)OC3C(OC(=O)c3cccc(c32)O1)C(OC(=O)c1ccccc1)O4,True,1,COPLATED_IN_DECODED_WELL;SAMPLE1_DRAW_GROUP
O=C1CC2CC(SC3CCNC3)=CN12,False,0,COPLATED_IN_DECODED_WELL;EXPOSED_POPULATION:V2-DEVELOPMENT-POPULATION;EXPOSED_POPULATION:WUR-DEV-ANALYSIS;EXPOSED_POPULATION:WUR-POS-IDENTITY;MSNLIB_ANCHOR_CENSUS_DESIGN
O=C1CC2CC(SC3Cn4cnc[n+]4C3)=CN12,False,0,COPLATED_IN_DECODED_WELL
O=C1CC2CC2C1,True,1,DECODED_SAME_PLATE_ION_0p01
O=C1CC2CC3C(=O)C=CC3CCC2O1,True,4,COPLATED_IN_DECODED_WELL;DECODED_SAME_PLATE_ION_0p01;DECODED_SAME_WELL_ION_0p7
O=C1CC2CCC1(CS(=O)(=O)NC1CCCCC1)C2,True,1,SAMPLE1_DRAW_GROUP
O=C1CC2CCC1C2,True,3,COPLATED_IN_DECODED_WELL;DECODED_SAME_PLATE_ION_0p01
O=C1CC2CCC3C4CCCC4CCC3C2CO1,False,0,EXPOSED_POPULATION:V2-DEVELOPMENT-POPULATION;EXPOSED_POPULATION:WUR-POS-IDENTITY;EXPOSED_POPULATION:WUR-SEALED
O=C1CC2CCC3CC4OC4C4(CO4)C3C2O1,True,1,SAMPLE1_DRAW_GROUP
O=C1CC2CCC=C3C(=O)C=C(COC4CCCCO4)C3C2O1,True,2,SAMPLE1_DRAW_GROUP
O=C1CC2CCC=C3C(=O)C=CC3C2O1,False,0,COPLATED_IN_DECODED_WELL
O=C1CC2CCC=CCCC3OC3C2O1,True,1,DECODED_SAME_PLATE_ION_0p01
O=C1CC2CCCC2C2CCC3CCCCC3C12,True,1,SAMPLE1_DRAW_GROUP
O=C1CC2CCCC3CCC4OC(O1)C32O4,True,1,DECODED_SAME_PLATE_ION_0p01
O=C1CC2CCCC3CCC4OOC32C(O1)O4,True,1,COPLATED_IN_DECODED_WELL
O=C1CC2CCCC3CCC=C3C2O1,True,2,COPLATED_IN_DECODED_WELL
O=C1CC2CCCCC2C(OC2CCCCO2)C1,False,0,COPLATED_IN_DECODED_WELL
O=C1CC2CCCCC2C2CCC3CCCC3C12,True,2,COPLATED_IN_DECODED_WELL
O=C1CC2CCCCC2N1,True,1,DECODED_SAME_PLATE_ION_0p01
O=C1CC2CCCN3CCc4c(n1c1ccccc41)C23,True,1,COPLATED_IN_DECODED_WELL;DECODED_SAME_PLATE_ION_0p01
O=C1CC2CCCOC2C1,False,0,COPLATED_IN_DECODED_WELL
O=C1CC2N1CC(Cn1ccnn1)S2(=O)=O,True,1,COPLATED_IN_DECODED_WELL
O=C1CC2N1CCS2(=O)=O,True,1,COPLATED_IN_DECODED_WELL;DECODED_SAME_PLATE_ION_0p01
O=C1CC2OCC(CSc3nnn[nH]3)=CN12,True,1,COPLATED_IN_DECODED_WELL
O=C1CC2OCC3CC(=O)C4C(CCC5C(c6ccoc6)OC(=O)C6OC654)C32CO1,True,1,COPLATED_IN_DECODED_WELL
O=C1CC2OCC=C3CN4CCC56c7ccccc7N1C5C2C3CC46,False,0,COPLATED_IN_DECODED_WELL;DECODED_SAME_PLATE_ION_0p01;DECODED_SAME_WELL_ION_0p7;EXPOSED_POPULATION:LCSB-ALL-MASSBANK-V1-EXPOSURE-SET;EXPOSED_POPULATION:LCSB-DEV;EXPOSED_POPULATION:LCSB-POS-V2-SPECTRA;EXPOSED_POPULATION:V2-DEVELOPMENT-POPULATION;EXPOSED_POPULATION:WUR-DEV-ANALYSIS;EXPOSED_POPULATION:WUR-POS-IDENTITY;MSNLIB_ANCHOR_CENSUS_DESIGN;MSNLIB_ANCHOR_CENSUS_DETECTED;MSNLIB_ANCHOR_GATE_CALIBRATION
O=C1CC2OCC=C3CNCCC45C(=O)CC3C2C4N1c1ccccc15,True,1,COPLATED_IN_DECODED_WELL;DECODED_SAME_PLATE_ION_0p01;DECODED_SAME_WELL_ION_0p7
O=C1CC2OCOC2C(=O)OCC2=CCN3CCC(O1)C23,False,0,EXPOSED_POPULATION:V2-DEVELOPMENT-POPULATION;EXPOSED_POPULATION:WUR-DEV-HOLD;EXPOSED_POPULATION:WUR-POS-IDENTITY
O=C1CC2OOCC2C2CCCC=C12,True,1,DECODED_SAME_PLATE_ION_0p01
O=C1CC2SC(C3CCCO3)=CN12,True,1,COPLATED_IN_DECODED_WELL;DECODED_SAME_PLATE_ION_0p01
O=C1CC2SCC(CSc3nnn[nH]3)=CN12,True,2,COPLATED_IN_DECODED_WELL
O=C1CC=CCCCCC2CCCC(O2)C(=O)C(=O)N2CCCCC2C(=O)OC(C=CC2CCCCC2)CCC1,True,3,COPLATED_IN_DECODED_WELL
O=C1CC=NN1c1ccccc1,True,4,EXPOSED_POPULATION:LCSB-ALL-MASSBANK-V1-EXPOSURE-SET;EXPOSED_POPULATION:LCSB-NEG
O=C1CCC(=O)N1,True,4,COPLATED_IN_DECODED_WELL
O=C1CCC(=O)N1CCCCCCNC1CCC2C1CCC1c3ccccc3CCC12,True,1,COPLATED_IN_DECODED_WELL;DECODED_SAME_PLATE_ION_0p01
O=C1CCC(=O)N1Cc1ccc2c(-c3ccccc3)ccnc2c1,True,1,COPLATED_IN_DECODED_WELL;DECODED_SAME_WELL_ION_0p7
O=C1CCC(=O)NC(Cc2cnc[nH]2)C(=O)NC(Cc2ccccc2)C(=O)NCC(=O)NC(Cc2c[nH]c3ccccc23)C(=O)NCCCCCN1,True,1,COPLATED_IN_DECODED_WELL
O=C1CCC(=O)NCCCCCNC(=O)CCC(=O)NCCCCCNC(=O)CCC(=O)NCCCCCN1,True,2,COPLATED_IN_DECODED_WELL;DECODED_SAME_PLATE_ION_0p01;DECODED_SAME_WELL_ION_0p7;SAMPLE1_DRAW_GROUP
O=C1CCC(=O)c2ccccc21,True,1,COPLATED_IN_DECODED_WELL
O=C1CCC(=O)n2ncc(-c3ccccc3)c2N1,True,2,DECODED_SAME_PLATE_ION_0p01
O=C1CCC(C(=O)N2CCC(c3ccc4cccnc4n3)CC2)N1,True,1,SAMPLE1_DRAW_GROUP
O=C1CCC(C(=O)N2CCSC2)N1,True,1,COPLATED_IN_DECODED_WELL
O=C1CCC(C(=O)NC(Cc2cnc[nH]2)C(=O)N2CCCC2)N1,True,2,DECODED_SAME_PLATE_ION_0p01
O=C1CCC(C(=O)Nc2ccccc2)O1,True,1,SAMPLE1_DRAW_GROUP
O=C1CCC(C=CCOC2CCCCO2)CC1,True,1,SAMPLE1_DRAW_GROUP
O=C1CCC(CC(C(=O)Nc2cnccn2)c2ccccc2)C1,False,0,EXPOSED_POPULATION:LCSB-ALL-MASSBANK-V1-EXPOSURE-SET;EXPOSED_POPULATION:LCSB-NEG;EXPOSED_POPULATION:LCSB-POS-V2-SPECTRA
O=C1CCC(CCCc2ccccc2)O1,True,1,COPLATED_IN_DECODED_WELL
O=C1CCC(N2C(=O)c3ccccc3C2=O)C(=O)N1,True,10,COPLATED_IN_DECODED_WELL;DECODED_SAME_PLATE_ION_0p01;EXPOSED_POPULATION:ENTACT-MIX-LISTS-499-503-505;EXPOSED_POPULATION:LCSB-ALL-MASSBANK-V1-EXPOSURE-SET;EXPOSED_POPULATION:LCSB-NEG
O=C1CCC(N2Cc3c(NC(=O)COCCOCCOCCOCCOc4ccc5c(Nc6ccc7scnc7c6)ccnc5c4)cccc3C2=O)C(=O)N1,True,1,COPLATED_IN_DECODED_WELL
O=C1CCC(N2Cc3ccccc3C2=O)C(=O)N1,True,14,COPLATED_IN_DECODED_WELL;DECODED_SAME_PLATE_ION_0p01
O=C1CCC(NS(=O)(=O)c2ccccc2)C(c2ccccc2)N1,True,1,SAMPLE1_DRAW_GROUP
O=C1CCC(c2ccc(N3CCOCC3)cc2)=NN1,True,1,COPLATED_IN_DECODED_WELL
O=C1CCC(c2ccc3nc(-c4ccccc4)[nH]c3c2)=NN1,True,1,COPLATED_IN_DECODED_WELL;DECODED_SAME_PLATE_ION_0p01;DECODED_SAME_WELL_ION_0p7
O=C1CCC(c2ccccc2)(C2CCN(Cc3ccccc3)CC2)C(=O)N1,True,2,COPLATED_IN_DECODED_WELL
O=C1CCC(c2ccccc2)=NN1,True,3,DECODED_SAME_PLATE_ION_0p01
O=C1CCC(c2ccccc2)C(=O)N1,False,0,EXPOSED_POPULATION:ENTACT-MIX-LISTS-499-503-505
O=C1CCC(c2ccccc2)CN1,True,1,DECODED_SAME_PLATE_ION_0p01
O=C1CCC(c2cccnc2)N1,False,0,COPLATED_IN_DECODED_WELL;DECODED_SAME_PLATE_ION_0p01;DECODED_SAME_WELL_ION_0p7;EXPOSED_POPULATION:LCSB-ALL-MASSBANK-V1-EXPOSURE-SET;EXPOSED_POPULATION:LCSB-DEV;EXPOSED_POPULATION:LCSB-POS-V2-SPECTRA;EXPOSED_POPULATION:V2-DEVELOPMENT-POPULATION;MSNLIB_ANCHOR_CENSUS_DESIGN;MSNLIB_ANCHOR_CENSUS_DETECTED;MSNLIB_ANCHOR_GATE_CALIBRATION
O=C1CCC(n2cnc3ccccc3c2=O)C(=O)N1,True,1,DECODED_SAME_PLATE_ION_0p01
O=C1CCC2(C1)C(=O)Oc1ccccc1C2=O,True,1,COPLATED_IN_DECODED_WELL;DECODED_SAME_PLATE_ION_0p01;DECODED_SAME_WELL_ION_0p7
O=C1CCC2(CCC(COCc3ccccc3)(c3ccccc3)NC2)N1,True,1,COPLATED_IN_DECODED_WELL;DECODED_SAME_PLATE_ION_0p01;DECODED_SAME_WELL_ION_0p7
O=C1CCC2(COC(c3ccoc3)C2)C2CCCC3(CO3)C12,True,1,SAMPLE1_DRAW_GROUP
O=C1CCC23CCCCCC(CCC2)C13,False,0,COPLATED_IN_DECODED_WELL;DECODED_SAME_PLATE_ION_0p01;DECODED_SAME_WELL_ION_0p7;EXPOSED_POPULATION:V2-DEVELOPMENT-POPULATION;EXPOSED_POPULATION:WUR-DEV-ANALYSIS;EXPOSED_POPULATION:WUR-POS-IDENTITY;MSNLIB_ANCHOR_CENSUS_DESIGN;MSNLIB_ANCHOR_CENSUS_DETECTED;MSNLIB_ANCHOR_GATE_CALIBRATION;MULTIMS2_ANCHOR_CALIBRATION
O=C1CCC2C(=CCC3C4CCCC4CC(=O)C23)C1,True,3,COPLATED_IN_DECODED_WELL
O=C1CCC2C(C1)CC(=O)C1C3CCCC3C(=O)CC21,True,1,DECODED_SAME_PLATE_ION_0p01
O=C1CCC2C(CCC3C2CCC2C(OC(=O)c4ccccc4)CCC23)C1,True,1,DECODED_SAME_PLATE_ION_0p01
O=C1CCC2C(CCC3C2CCC2C4CCCOC4CC23)C1,True,1,SAMPLE1_DRAW_GROUP
O=C1CCC2C(CCC3C4CC=CC4CCC23)C1,False,0,EXPOSED_POPULATION:V2-DEVELOPMENT-POPULATION;EXPOSED_POPULATION:WUR-DEV-HOLD;EXPOSED_POPULATION:WUR-POS-IDENTITY
O=C1CCC2C(CCC3C4CCC(=O)C4CCC23)C1,False,0,EXPOSED_POPULATION:V2-DEVELOPMENT-POPULATION;EXPOSED_POPULATION:WUR-POS-IDENTITY;EXPOSED_POPULATION:WUR-SEALED
O=C1CCC2C(CCC3C4CCC(CCCC5CO5)=C4CCC23)C1,True,2,COPLATED_IN_DECODED_WELL
O=C1CCC2C(CCC3C4CCC5CCCCC5C4=CCC23)C1,True,4,COPLATED_IN_DECODED_WELL
O=C1CCC2C(CCC3C4CCCC4CCC23)C1,False,0,DECODED_SAME_PLATE_ION_0p01;EXPOSED_POPULATION:V2-DEVELOPMENT-POPULATION;EXPOSED_POPULATION:WUR-DEV-ANALYSIS;EXPOSED_POPULATION:WUR-POS-IDENTITY;MULTIMS2_ANCHOR_CALIBRATION
O=C1CCC2C(CCC3C4CCCCC4CCC23)C1,True,1,COPLATED_IN_DECODED_WELL
O=C1CCC2C(OC3CCCCO3)OC=CC12,True,2,COPLATED_IN_DECODED_WELL
O=C1CCC2C1CCC1C3CCCCC3=CCC21,False,0,COPLATED_IN_DECODED_WELL;DECODED_SAME_PLATE_ION_0p01;EXPOSED_POPULATION:V2-DEVELOPMENT-POPULATION;EXPOSED_POPULATION:WUR-NEG-D6-EXCLUDED;EXPOSED_POPULATION:WUR-POS-IDENTITY;EXPOSED_POPULATION:WUR-SEALED;MSNLIB_ANCHOR_CENSUS_DESIGN
O=C1CCC2C1CCC1C3CCCCC3CCC21,False,0,COPLATED_IN_DECODED_WELL;DECODED_SAME_PLATE_ION_0p01;EXPOSED_POPULATION:V2-DEVELOPMENT-POPULATION;EXPOSED_POPULATION:WUR-POS-IDENTITY;EXPOSED_POPULATION:WUR-SEALED;MSNLIB_ANCHOR_CENSUS_DESIGN
O=C1CCC2C1CCC1c3ccccc3CCC12,True,1,COPLATED_IN_DECODED_WELL;DECODED_SAME_PLATE_ION_0p01;EXPOSED_POPULATION:ENTACT-MIX-LISTS-499-503-505;EXPOSED_POPULATION:WUR-NEG-DEV
O=C1CCC2C3=C(CCC2C1)C1C(=O)CCC1CC3=O,True,3,COPLATED_IN_DECODED_WELL
O=C1CCC2C3=C(CCC2C1)C1CCCC1CC3,True,4,DECODED_SAME_PLATE_ION_0p01
O=C1CCC2CCCCC2N1,False,0,DECODED_SAME_PLATE_ION_0p01
O=C1CCC2COC(c3ccccc3)N12,True,1,SAMPLE1_DRAW_GROUP
O=C1CCC2OC2CC2CC(CC=CC=CCc3cccc(c3)N1)NC(=O)O2,True,4,COPLATED_IN_DECODED_WELL
O=C1CCC=CC1C(=O)OCc1ccccc1OC1CCCCO1,True,1,COPLATED_IN_DECODED_WELL;EXPOSED_POPULATION:WUR-NEG-DEV
O=C1CCC=CC=CC=CCC(OC(=O)CNC(=O)C2CCCCC2)CCC=CCCc2cccc(c2)N1,True,1,COPLATED_IN_DECODED_WELL
O=C1CCC=CC=CCNC(=O)C=CCCOC(=O)C2=CCCN2C(=O)c2coc(n2)C1,True,1,COPLATED_IN_DECODED_WELL;DECODED_SAME_PLATE_ION_0p01
O=C1CCC=CC=CCNC(=O)C=CCCOC(=O)C2CCCN2C(=O)c2coc(n2)C1,True,1,COPLATED_IN_DECODED_WELL;DECODED_SAME_PLATE_ION_0p01;DECODED_SAME_WELL_ION_0p7
O=C1CCC=CCC(=O)CC(CCC2CCC(n3cnnn3)CC2)OC(=O)C2CCCCN2C(=O)C(=O)C2CCCC(CCC=CC=CC=CCCC1)O2,True,1,COPLATED_IN_DECODED_WELL
O=C1CCC=CCC(=O)CC(CCC2CCCCC2)OC(=O)C2CCCCN2C(=O)C(=O)C2CCCC(CCC=CC=CC=CCCC1)O2,True,3,COPLATED_IN_DECODED_WELL
O=C1CCCC(=O)C1,False,0,EXPOSED_POPULATION:ENTACT-MIX-LISTS-499-503-505;EXPOSED_POPULATION:LCSB-RAW-MIX-REPLICATE-SET-92
O=C1CCCC(=O)C1=CC1CC1,False,0,EXPOSED_POPULATION:LCSB-ALL-MASSBANK-V1-EXPOSURE-SET;EXPOSED_POPULATION:LCSB-NEG;EXPOSED_POPULATION:V2-DEVELOPMENT-POPULATION;EXPOSED_POPULATION:WUR-POS-IDENTITY;EXPOSED_POPULATION:WUR-SEALED
O=C1CCCC(=O)C1C(=O)c1ccccc1,False,0,COPLATED_IN_DECODED_WELL;DECODED_SAME_PLATE_ION_0p01;EXPOSED_POPULATION:ENTACT-MIX-LISTS-499-503-505;EXPOSED_POPULATION:LCSB-ALL-MASSBANK-V1-EXPOSURE-SET;EXPOSED_POPULATION:LCSB-NEG;EXPOSED_POPULATION:V2-DEVELOPMENT-POPULATION;EXPOSED_POPULATION:WUR-POS-IDENTITY;EXPOSED_POPULATION:WUR-SEALED
O=C1CCCC(=O)N1,True,2,COPLATED_IN_DECODED_WELL;DECODED_SAME_PLATE_ION_0p01
O=C1CCCC(=O)N1CCS(=O)(=O)N1CCN(c2ccccc2)CC1,True,1,SAMPLE1_DRAW_GROUP
O=C1CCCC(=O)OC2CCN3CC=C(CO1)C23,False,0,COPLATED_IN_DECODED_WELL;DECODED_SAME_PLATE_ION_0p01;DECODED_SAME_WELL_ION_0p7;EXPOSED_POPULATION:V2-DEVELOPMENT-POPULATION;EXPOSED_POPULATION:WUR-POS-IDENTITY;EXPOSED_POPULATION:WUR-SEALED;MSNLIB_ANCHOR_CENSUS_DESIGN;MSNLIB_ANCHOR_CENSUS_DETECTED;MSNLIB_ANCHOR_GATE_CALIBRATION
O=C1CCCC(=O)OC2CC[NH+]3CC=C(CO1)C23,False,0,COPLATED_IN_DECODED_WELL;DECODED_SAME_PLATE_ION_0p01;DECODED_SAME_WELL_ION_0p7;EXPOSED_POPULATION:V2-DEVELOPMENT-POPULATION;EXPOSED_POPULATION:WUR-POS-IDENTITY;EXPOSED_POPULATION:WUR-SEALED
O=C1CCCC(=O)OC2COC(CC2OC2CCCCO2)OC2CCCOC2OC(=O)C23CCCCC2C2=CCC4C5CCC(CC5CCC4C2CC3)OC2OCCCC2OC2CCC(CO2)O1,False,0,COPLATED_IN_DECODED_WELL;DECODED_SAME_PLATE_ION_0p01;DECODED_SAME_WELL_ION_0p7
O=C1CCCC(C(=O)N2CCOC(c3ccccc3)C2)N1,True,1,SAMPLE1_DRAW_GROUP
O=C1CCCC(C(=O)Nc2ccc(-c3ncc4n3CCCC4)cc2)N1,True,1,SAMPLE1_DRAW_GROUP
O=C1CCCC(CCC2CC=CC3=CCCCC32)O1,False,0,COPLATED_IN_DECODED_WELL;DECODED_SAME_PLATE_ION_0p01;DECODED_SAME_WELL_ION_0p7;EXPOSED_POPULATION:V2-DEVELOPMENT-POPULATION;EXPOSED_POPULATION:WUR-POS-IDENTITY;EXPOSED_POPULATION:WUR-SEALED;MSNLIB_ANCHOR_CENSUS_DESIGN;MSNLIB_ANCHOR_CENSUS_DETECTED;MSNLIB_ANCHOR_GATE_CALIBRATION
O=C1CCCC(NC2CCNCC2)=C1C(=S)Nc1ccccc1,True,1,COPLATED_IN_DECODED_WELL;DECODED_SAME_PLATE_ION_0p01;DECODED_SAME_WELL_ION_0p7
O=C1CCCC(OC2CCC(OC3CCCCO3)CO2)CCCC(OC2CCCCO2)C=CC=CCCO1,True,2,COPLATED_IN_DECODED_WELL;DECODED_SAME_PLATE_ION_0p01
O=C1CCCC(OC2CCC(OC3CCCCO3)CO2)CCCCC=CC=CCCO1,False,0,COPLATED_IN_DECODED_WELL;DECODED_SAME_PLATE_ION_0p01;DECODED_SAME_WELL_ION_0p7;EXPOSED_POPULATION:V2-DEVELOPMENT-POPULATION;EXPOSED_POPULATION:WUR-POS-IDENTITY;EXPOSED_POPULATION:WUR-SEALED;MSNLIB_ANCHOR_CENSUS_DESIGN;MSNLIB_ANCHOR_CENSUS_DETECTED;MSNLIB_ANCHOR_GATE_CALIBRATION
O=C1CCCC(OC2CCCCO2)CCCC(OC2CCCCO2)C=CC=CCCO1,False,0,EXPOSED_POPULATION:V2-DEVELOPMENT-POPULATION;EXPOSED_POPULATION:WUR-DEV-ANALYSIS;EXPOSED_POPULATION:WUR-POS-IDENTITY
O=C1CCCC(c2cnc[nH]2)N1C1CC1,True,1,SAMPLE1_DRAW_GROUP
O=C1CCCC1,True,10,COPLATED_IN_DECODED_WELL;DECODED_SAME_PLATE_ION_0p01;DECODED_SAME_WELL_ION_0p7
O=C1CCCC1Cc1ccccc1,True,1,DECODED_SAME_PLATE_ION_0p01
O=C1CCCC2(CO2)C(=O)OC2CCN3CC=C(CO1)C23,False,0,EXPOSED_POPULATION:V2-DEVELOPMENT-POPULATION;EXPOSED_POPULATION:WUR-DEV-HOLD;EXPOSED_POPULATION:WUR-POS-IDENTITY
O=C1CCCC2(CO2)C(=O)OC2CCNCC=C(CO1)C2=O,False,0,EXPOSED_POPULATION:V2-DEVELOPMENT-POPULATION;EXPOSED_POPULATION:WUR-POS-IDENTITY;EXPOSED_POPULATION:WUR-SEALED
O=C1CCCC2(CO2)C(=O)OC2CC[NH+]3CC=C(CO1)C23,False,0,EXPOSED_POPULATION:V2-DEVELOPMENT-POPULATION;EXPOSED_POPULATION:WUR-DEV-ANALYSIS;EXPOSED_POPULATION:WUR-POS-IDENTITY
O=C1CCCC2=C1C(C1C(=O)CCCC1=O)c1ccccc1O2,True,1,DECODED_SAME_PLATE_ION_0p01
O=C1CCCC2=C1C(c1cc3ccccc3[nH]c1=O)C1=C(CCCC1=O)O2,True,1,SAMPLE1_DRAW_GROUP
O=C1CCCC2=C1C(c1ccc(-c3ccccc3)cc1)C=CN2,True,1,DECODED_SAME_PLATE_ION_0p01
O=C1CCCC2=C1C(c1ccccc1)C1=C(CCCC1=O)O2,True,2,COPLATED_IN_DECODED_WELL
O=C1CCCC2=C1C(c1ccccc1)N1C(=O)CCSC1=N2,True,1,DECODED_SAME_PLATE_ION_0p01
O=C1CCCC2=C1C(c1ccccc1)c1cn[nH]c1N2,True,1,COPLATED_IN_DECODED_WELL;DECODED_SAME_PLATE_ION_0p01;DECODED_SAME_WELL_ION_0p7
O=C1CCCC2=C1C(c1cccnc1)C=CN2c1ccccc1,True,1,SAMPLE1_DRAW_GROUP
O=C1CCCC2=C1C(c1cccs1)C=CO2,True,2,SAMPLE1_DRAW_GROUP
O=C1CCCC2=C1C1C(=O)c3ccccc3CC1CC2,True,4,COPLATED_IN_DECODED_WELL
O=C1CCCC2C3CC(CN12)C1CCCCN1C3,False,0,EXPOSED_POPULATION:V2-DEVELOPMENT-POPULATION;EXPOSED_POPULATION:WUR-DEV-ANALYSIS;EXPOSED_POPULATION:WUR-POS-IDENTITY;EXPOSED_POPULATION:WUR-SEALED
O=C1CCCC2C3CCCN4CCCC(CN12)C34,False,0,COPLATED_IN_DECODED_WELL;DECODED_SAME_PLATE_ION_0p01;DECODED_SAME_WELL_ION_0p7;EXPOSED_POPULATION:V2-DEVELOPMENT-POPULATION;EXPOSED_POPULATION:WUR-POS-IDENTITY;EXPOSED_POPULATION:WUR-SEALED;MSNLIB_ANCHOR_CENSUS_DESIGN;MSNLIB_ANCHOR_CENSUS_DETECTED;MSNLIB_ANCHOR_GATE_CALIBRATION
O=C1CCCC2C3CCC[NH+]4CCCC(CN12)C34,False,0,COPLATED_IN_DECODED_WELL;DECODED_SAME_PLATE_ION_0p01;DECODED_SAME_WELL_ION_0p7;EXPOSED_POPULATION:V2-DEVELOPMENT-POPULATION;EXPOSED_POPULATION:WUR-DEV-ANALYSIS;EXPOSED_POPULATION:WUR-POS-IDENTITY;MSNLIB_ANCHOR_CENSUS_DESIGN;MSNLIB_ANCHOR_CENSUS_DETECTED;MSNLIB_ANCHOR_GATE_CALIBRATION
O=C1CCCC=CC(=O)OC2CC(CCCC=CC=CCCCCC(=O)CCC1)OC1(C2)OCCCC1=O,True,1,COPLATED_IN_DECODED_WELL
O=C1CCCC=CCC2OC(=O)C=C2C1,True,2,SAMPLE1_DRAW_GROUP
O=C1CCCC=CCCCO1,True,5,COPLATED_IN_DECODED_WELL
O=C1CCCC=Cc2ccccc2C(=O)OCCCC1,False,0,COPLATED_IN_DECODED_WELL;EXPOSED_POPULATION:ENTACT-MIX-LISTS-499-503-505;EXPOSED_POPULATION:LCSB-ALL-MASSBANK-V1-EXPOSURE-SET;EXPOSED_POPULATION:LCSB-NEG;EXPOSED_POPULATION:V2-DEVELOPMENT-POPULATION;EXPOSED_POPULATION:WUR-DEV-ANALYSIS;EXPOSED_POPULATION:WUR-POS-IDENTITY;MSNLIB_ANCHOR_CENSUS_DESIGN
O=C1CCCCC(=O)OC2CCN3CC=C(CO1)C23,False,0,EXPOSED_POPULATION:V2-DEVELOPMENT-POPULATION;EXPOSED_POPULATION:WUR-POS-IDENTITY;EXPOSED_POPULATION:WUR-SEALED
O=C1CCCCC(=O)OC2CC[NH+]3CC=C(CO1)C23,False,0,EXPOSED_POPULATION:V2-DEVELOPMENT-POPULATION;EXPOSED_POPULATION:WUR-POS-IDENTITY;EXPOSED_POPULATION:WUR-SEALED
O=C1CCCCC1,True,4,COPLATED_IN_DECODED_WELL
O=C1CCCCC1c1cccs1,False,0,EXPOSED_POPULATION:V2-DEVELOPMENT-POPULATION;EXPOSED_POPULATION:WUR-DEV-ANALYSIS;EXPOSED_POPULATION:WUR-POS-IDENTITY
O=C1CCCCC2CCCN12,True,1,DECODED_SAME_PLATE_ION_0p01;SAMPLE1_DRAW_GROUP
O=C1CCCCCCC2OC2CC(C=Cc2cscn2)NC(=O)CCC1,True,1,DECODED_SAME_PLATE_ION_0p01
O=C1CCCCCCC=CC2C=CCC3CNC(=O)C123,True,2,COPLATED_IN_DECODED_WELL
O=C1CCCCCCC=CCC(C=Cc2cscn2)OC(=O)CCC1,True,1,COPLATED_IN_DECODED_WELL;DECODED_SAME_PLATE_ION_0p01;DECODED_SAME_WELL_ION_0p7
O=C1CCCCCCCCCCCC2CCCC(CC(OC3CCCCO3)C=CC=CC=CC=CC=CC=CC=CCCCCO1)O2,True,1,COPLATED_IN_DECODED_WELL
O=C1CCCCCCCCCCCCCC1,True,2,DECODED_SAME_PLATE_ION_0p01
O=C1CCCCCCCCCCCCCCC=CC=CC=CC=CC=CCCO1,True,1,COPLATED_IN_DECODED_WELL
O=C1CCCCCCCCCCCN1,False,0,EXPOSED_POPULATION:ENTACT-MIX-LISTS-499-503-505;EXPOSED_POPULATION:LCSB-ALL-MASSBANK-V1-EXPOSURE-SET;EXPOSED_POPULATION:LCSB-DEV;EXPOSED_POPULATION:LCSB-POS-V2-SPECTRA;EXPOSED_POPULATION:V2-DEVELOPMENT-POPULATION
O=C1CCCCCN1,False,0,DECODED_SAME_PLATE_ION_0p01;EXPOSED_POPULATION:LCSB-ALL-MASSBANK-V1-EXPOSURE-SET;EXPOSED_POPULATION:LCSB-CONFIRMATION;EXPOSED_POPULATION:V2-DEVELOPMENT-POPULATION;EXPOSED_POPULATION:WUR-POS-IDENTITY;EXPOSED_POPULATION:WUR-SEALED
O=C1CCCCCN1SSN1CCCCCC1=O,False,0,EXPOSED_POPULATION:LCSB-ALL-MASSBANK-V1-EXPOSURE-SET;EXPOSED_POPULATION:LCSB-DEV;EXPOSED_POPULATION:LCSB-POS-V2-SPECTRA;EXPOSED_POPULATION:V2-DEVELOPMENT-POPULATION
O=C1CCCCCNc2nc(ncc2C(=O)NCc2ccccc2)NCCCCCCN1,True,1,SAMPLE1_DRAW_GROUP
O=C1CCCCCO1,False,0,EXPOSED_POPULATION:LCSB-ALL-MASSBANK-V1-EXPOSURE-SET;EXPOSED_POPULATION:LCSB-CONFIRMATION
O=C1CCCCN1,True,6,DECODED_SAME_PLATE_ION_0p01
O=C1CCCCN1CCCC(=O)N1CCc2cncnc2C1,True,1,COPLATED_IN_DECODED_WELL;DECODED_SAME_PLATE_ION_0p01
O=C1CCCCN1c1ccc(N2CCc3cnn(-c4ccccc4)c3C2=O)cc1,True,3,COPLATED_IN_DECODED_WELL;DECODED_SAME_PLATE_ION_0p01;DECODED_SAME_WELL_ION_0p7
O=C1CCCCO1,True,5,COPLATED_IN_DECODED_WELL
O=C1CCCCOC(=O)CC(OC2CCCCO2)CC(OC2CCCCO2)CCC1,False,0,COPLATED_IN_DECODED_WELL;DECODED_SAME_PLATE_ION_0p01;DECODED_SAME_WELL_ION_0p7;EXPOSED_POPULATION:V2-DEVELOPMENT-POPULATION;EXPOSED_POPULATION:WUR-DEV-ANALYSIS;EXPOSED_POPULATION:WUR-POS-IDENTITY;MSNLIB_ANCHOR_CENSUS_DESIGN;MSNLIB_ANCHOR_CENSUS_DETECTED;MSNLIB_ANCHOR_GATE_CALIBRATION;MULTIMS2_ANCHOR_CALIBRATION
O=C1CCCN1,False,0,COPLATED_IN_DECODED_WELL;DECODED_SAME_PLATE_ION_0p01;EXPOSED_POPULATION:LCSB-ALL-MASSBANK-V1-EXPOSURE-SET;EXPOSED_POPULATION:LCSB-DEV;EXPOSED_POPULATION:LCSB-POS-V2-SPECTRA;EXPOSED_POPULATION:V2-DEVELOPMENT-POPULATION
O=C1CCCN1C(=O)c1ccccc1,True,1,COPLATED_IN_DECODED_WELL;DECODED_SAME_PLATE_ION_0p01
O=C1CCCN1C1CCCC1,True,1,DECODED_SAME_PLATE_ION_0p01
O=C1CCCN1C1CCCCC1,False,0,EXPOSED_POPULATION:LCSB-ALL-MASSBANK-V1-EXPOSURE-SET;EXPOSED_POPULATION:LCSB-DEV;EXPOSED_POPULATION:LCSB-POS-V2-SPECTRA;EXPOSED_POPULATION:V2-DEVELOPMENT-POPULATION
O=C1CCCN1C1CCCN(c2nnco2)C1,True,1,SAMPLE1_DRAW_GROUP
O=C1CCCN1CCN1c2cccc3cccc(c23)S1(=O)=O,True,1,SAMPLE1_DRAW_GROUP
O=C1CCCN1Cc1ccccc1,True,12,DECODED_SAME_PLATE_ION_0p01
O=C1CCCN1Cc1cnc2scnn12,True,1,COPLATED_IN_DECODED_WELL
O=C1CCCN1c1cc[nH]n1,True,1,SAMPLE1_DRAW_GROUP
O=C1CCCN1c1ccccc1,True,38,DECODED_SAME_PLATE_ION_0p01
O=C1CCCNC(=O)CNC(=O)CNC(=O)CNC(=O)CNC(=O)C(Cc2ccccc2)NC(=O)CN1,True,2,COPLATED_IN_DECODED_WELL
O=C1CCCNC(=O)CNC(=O)CNC(=O)CNC(=O)CNC(=O)CNC(=O)CN1,False,0,COPLATED_IN_DECODED_WELL
O=C1CCCO1,True,23,COPLATED_IN_DECODED_WELL;DECODED_SAME_PLATE_ION_0p01
O=C1CCCON1Cc1ccc(Nc2ccccc2)cc1,True,1,COPLATED_IN_DECODED_WELL;DECODED_SAME_PLATE_ION_0p01;DECODED_SAME_WELL_ION_0p7
O=C1CCCOc2c3c(cc4c2-c2ccccc2C(CCC4)O1)OCO3,True,1,COPLATED_IN_DECODED_WELL;DECODED_SAME_PLATE_ION_0p01;DECODED_SAME_WELL_ION_0p7;SAMPLE1_DRAW_GROUP
O=C1CCCS1,True,3,COPLATED_IN_DECODED_WELL
O=C1CCCc2c1cc(C(=O)Nc1ccc(Oc3ccnc4ccccc34)cn1)c(=O)n2-c1ccccc1,True,1,DECODED_SAME_PLATE_ION_0p01
O=C1CCCc2cc(NCc3ncc(-c4ccccc4)o3)ccc2N1,True,1,SAMPLE1_DRAW_GROUP
O=C1CCCc2ccccc21,True,5,COPLATED_IN_DECODED_WELL;DECODED_SAME_PLATE_ION_0p01;DECODED_SAME_WELL_ION_0p7
O=C1CCCc2ccccc2N1,True,2,DECODED_SAME_PLATE_ION_0p01
O=C1CCCc2ccsc21,True,1,SAMPLE1_DRAW_GROUP
O=C1CCN(C2CCCC2)c2nc(Nc3ccc(C(=O)NC4CCNCC4)cc3)ncc2N1,False,0,COPLATED_IN_DECODED_WELL;DECODED_SAME_PLATE_ION_0p01;DECODED_SAME_WELL_ION_0p7;EXPOSED_POPULATION:ENTACT-MIX-LISTS-499-503-505;EXPOSED_POPULATION:LCSB-ALL-MASSBANK-V1-EXPOSURE-SET;EXPOSED_POPULATION:LCSB-DEV;EXPOSED_POPULATION:LCSB-NEG;EXPOSED_POPULATION:LCSB-POS-V2-SPECTRA;EXPOSED_POPULATION:V2-DEVELOPMENT-POPULATION;MSNLIB_ANCHOR_CENSUS_DESIGN;MSNLIB_ANCHOR_CENSUS_DETECTED;MSNLIB_ANCHOR_GATE_CALIBRATION
O=C1CCN(C2CCCO2)C(=O)N1,True,2,COPLATED_IN_DECODED_WELL
O=C1CCN(c2ccccc2)N1,True,1,COPLATED_IN_DECODED_WELL
O=C1CCN1C(=O)Nc1ccccc1,True,1,DECODED_SAME_PLATE_ION_0p01
O=C1CCN2C(=O)C(Cc3ccccc3)NC(=O)C3CCCN3C(=O)CNC(=O)C(NC(=O)c3ccccn3)COC(=O)C(c3ccccc3)NC(=O)C2C1,True,1,COPLATED_IN_DECODED_WELL
O=C1CCN2CCc3ccccc3C2C1,True,3,COPLATED_IN_DECODED_WELL;DECODED_SAME_PLATE_ION_0p01;DECODED_SAME_WELL_ION_0p7
O=C1CCNC(=O)N1,True,3,COPLATED_IN_DECODED_WELL
O=C1CCNc2c(cccc2-c2ccc3[nH]nc(-c4cn[nH]c4)c3c2)N1,False,0,DECODED_SAME_PLATE_ION_0p01
O=C1CCO1,True,1,COPLATED_IN_DECODED_WELL;DECODED_SAME_WELL_ION_0p7
O=C1CCOC1,False,0,COPLATED_IN_DECODED_WELL
O=C1CCOC2CCC3CCCCC3C12,True,1,DECODED_SAME_PLATE_ION_0p01;EXPOSED_POPULATION:ENTACT-MIX-LISTS-499-503-505;EXPOSED_POPULATION:LCSB-ALL-MASSBANK-V1-EXPOSURE-SET;EXPOSED_POPULATION:LCSB-NEG
O=C1CCOC2OC3CCCCC3OC12,False,0,COPLATED_IN_DECODED_WELL;DECODED_SAME_PLATE_ION_0p01;DECODED_SAME_WELL_ION_0p7;EXPOSED_POPULATION:V2-DEVELOPMENT-POPULATION;EXPOSED_POPULATION:WUR-POS-IDENTITY;EXPOSED_POPULATION:WUR-SEALED;MSNLIB_ANCHOR_CENSUS_DESIGN;MSNLIB_ANCHOR_CENSUS_DETECTED;MSNLIB_ANCHOR_GATE_CALIBRATION
O=C1CCON1,False,0,COPLATED_IN_DECODED_WELL
O=C1CCON1Cc1ccccc1,False,0,EXPOSED_POPULATION:LCSB-ALL-MASSBANK-V1-EXPOSURE-SET;EXPOSED_POPULATION:LCSB-DEV;EXPOSED_POPULATION:LCSB-POS-V2-SPECTRA;EXPOSED_POPULATION:V2-DEVELOPMENT-POPULATION;EXPOSED_POPULATION:WUR-DEV-ANALYSIS;EXPOSED_POPULATION:WUR-POS-IDENTITY
O=C1CCOc2ccc3c(c21)NC(=O)C31CC2CC34CCCN3CC2(C1)NC4=O,True,1,SAMPLE1_DRAW_GROUP
O=C1CCS(=O)(=O)C(c2ccccc2)N1,False,0,COPLATED_IN_DECODED_WELL;DECODED_SAME_PLATE_ION_0p01;EXPOSED_POPULATION:LCSB-ALL-MASSBANK-V1-EXPOSURE-SET;EXPOSED_POPULATION:LCSB-NEG
O=C1CCSSCCNC(=O)C2CCCN2C(=O)C(Cc2c[nH]c3ccccc23)NC(=O)CNC(=O)CNC(=O)CN1,True,1,COPLATED_IN_DECODED_WELL;DECODED_SAME_PLATE_ION_0p01;DECODED_SAME_WELL_ION_0p7
O=C1CCc2c(ccc3ccccc23)O1,True,1,COPLATED_IN_DECODED_WELL
O=C1CCc2c1c(=O)oc1c3c(ccc21)OC1OC=CC31,False,0,COPLATED_IN_DECODED_WELL;DECODED_SAME_PLATE_ION_0p01;DECODED_SAME_WELL_ION_0p7;EXPOSED_POPULATION:V2-DEVELOPMENT-POPULATION;EXPOSED_POPULATION:WUR-POS-IDENTITY;EXPOSED_POPULATION:WUR-SEALED;MSNLIB_ANCHOR_CENSUS_DESIGN;MSNLIB_ANCHOR_CENSUS_DETECTED;MSNLIB_ANCHOR_GATE_CALIBRATION
O=C1CCc2c1c(=O)oc1c3c(ccc21)OC1OCCC31,False,0,EXPOSED_POPULATION:V2-DEVELOPMENT-POPULATION;EXPOSED_POPULATION:WUR-DEV-HOLD;EXPOSED_POPULATION:WUR-POS-IDENTITY
O=C1CCc2c1oc(=O)c1ccccc21,True,1,COPLATED_IN_DECODED_WELL
O=C1CCc2cc(N3CCN(C(=O)c4ccccc4)CC3)ccc2N1,True,1,DECODED_SAME_PLATE_ION_0p01
O=C1CCc2cc(NC(=O)c3ccc4c(c3)OCC(=O)N4)ccc2N1,True,1,SAMPLE1_DRAW_GROUP
O=C1CCc2cc(OCCCCc3nnnn3C3CCCCC3)ccc2N1,True,1,COPLATED_IN_DECODED_WELL;DECODED_SAME_PLATE_ION_0p01
O=C1CCc2cc(S(=O)(=O)N3CCC4(CCCNC4)C3)ccc2N1,True,1,SAMPLE1_DRAW_GROUP
O=C1CCc2ccc(OCCCCN3CCN(c4ccccc4)CC3)cc2N1,True,2,COPLATED_IN_DECODED_WELL
O=C1CCc2ccc(cc2)Oc2cc3cc(c2OC2OCCCC2OC2CCCCO2)Oc2ccc(cc2)CC2NC(=O)C(NC(=O)C3NC(=O)CN1)c1cccc(c1)-c1ccccc1CNC2=O,False,0,COPLATED_IN_DECODED_WELL
O=C1CCc2cccc3c2N1CC3,False,0,EXPOSED_POPULATION:V2-DEVELOPMENT-POPULATION;EXPOSED_POPULATION:WUR-POS-IDENTITY;EXPOSED_POPULATION:WUR-SEALED
O=C1CCc2ccccc2C1CCN1CCCCC1,True,1,COPLATED_IN_DECODED_WELL
O=C1CCc2ccccc2C2CCCCN12,False,0,EXPOSED_POPULATION:LCSB-ALL-MASSBANK-V1-EXPOSURE-SET;EXPOSED_POPULATION:LCSB-DEV;EXPOSED_POPULATION:LCSB-NEG;EXPOSED_POPULATION:LCSB-POS-V2-SPECTRA;EXPOSED_POPULATION:V2-DEVELOPMENT-POPULATION
O=C1CCc2ccccc2N1,True,16,DECODED_SAME_PLATE_ION_0p01
O=C1CCc2ccccc2N1CCCN1CCN(c2ccccc2)CC1,True,1,DECODED_SAME_PLATE_ION_0p01
O=C1CCc2ccccc2O1,True,1,DECODED_SAME_PLATE_ION_0p01
O=C1CCc2cncnc2N1Cc1ccc(-c2ccccc2-c2nn[nH]n2)cc1,True,1,COPLATED_IN_DECODED_WELL;SURFACED_VALUE_ATTRIBUTED_WELL
O=C1CN(C(=O)C2CCCN(C(=O)CCOc3ccccc3)C2)CCN1,True,1,SAMPLE1_DRAW_GROUP
O=C1CN(C(=O)Cc2ccccc2)c2ccccc2N1,True,1,SAMPLE1_DRAW_GROUP
O=C1CN(C(=O)NCCc2c[nH]c3ccccc23)CCN1,True,1,SAMPLE1_DRAW_GROUP
O=C1CN(C(=O)Nc2ccc(-c3ccccc3)cn2)C2CCCCC2N1,True,1,SAMPLE1_DRAW_GROUP
O=C1CN(C(=O)c2c[nH]c(-c3ccccc3)n2)CCN1,True,1,SAMPLE1_DRAW_GROUP
O=C1CN(C(=O)c2cn3nc(-c4ccccc4)ccc3n2)CCN1,True,1,DECODED_SAME_PLATE_ION_0p01
O=C1CN(C2CCC(CNc3ccc(N4C(=O)Cc5ccccc5C4c4ccccc4)cc3)CC2)CCN1,True,1,COPLATED_IN_DECODED_WELL
O=C1CN(C2CCN(CC(=O)Nc3ccccc3)CC2)C(=O)N1,True,1,SAMPLE1_DRAW_GROUP
O=C1CN(C2CCN(c3ncccn3)CC2)C(=O)N1C1CC1,True,2,SAMPLE1_DRAW_GROUP
O=C1CN(CCc2ccco2)C=C1c1nc(-c2ccccc2)cs1,True,1,SAMPLE1_DRAW_GROUP
O=C1CN(Cc2ccn(-c3ccccc3)n2)CCN1,True,1,SAMPLE1_DRAW_GROUP
O=C1CN(Cc2cncn2Cc2ccccc2)CCN1c1ccccc1,False,0,DECODED_SAME_PLATE_ION_0p01
O=C1CN(N=CC=Cc2ccco2)C(=O)N1,True,1,COPLATED_IN_DECODED_WELL;DECODED_SAME_PLATE_ION_0p01
O=C1CN(N=Cc2ccc(-c3ccccc3)o2)C(=O)N1,False,0,COPLATED_IN_DECODED_WELL;DECODED_SAME_PLATE_ION_0p01;EXPOSED_POPULATION:LCSB-ALL-MASSBANK-V1-EXPOSURE-SET;EXPOSED_POPULATION:LCSB-NEG
O=C1CN(N=Cc2ccc(-c3ccccc3)o2)C(=O)N1CCCCN1CCNCC1,True,1,DECODED_SAME_PLATE_ION_0p01
O=C1CN(N=Cc2ccco2)C(=O)N1,True,1,COPLATED_IN_DECODED_WELL
O=C1CN(c2ccccc2)C(=S)N1c1ccccc1,True,3,COPLATED_IN_DECODED_WELL;DECODED_SAME_PLATE_ION_0p01
O=C1CN(c2ccccc2)S(=O)(=O)N1,True,1,DECODED_SAME_PLATE_ION_0p01
O=C1CN(c2cn[nH]c(=O)c2)CCN1Cc1ccccc1,True,1,COPLATED_IN_DECODED_WELL;DECODED_SAME_WELL_ION_0p7
O=C1CN2C(=O)C(N=CC3CNC4Cc5c[nH]c6cccc(c56)C4C3)OC2C2CCCN12,False,0,EXPOSED_POPULATION:V2-DEVELOPMENT-POPULATION;EXPOSED_POPULATION:WUR-POS-IDENTITY;EXPOSED_POPULATION:WUR-SEALED
O=C1CN2C(=O)C=CC3c4ccccc4NC32N1,True,1,COPLATED_IN_DECODED_WELL;DECODED_SAME_PLATE_ION_0p01;DECODED_SAME_WELL_ION_0p7
O=C1CN=C(c2ccc3ccccc3n2)N1,False,0,EXPOSED_POPULATION:LCSB-ALL-MASSBANK-V1-EXPOSURE-SET;EXPOSED_POPULATION:LCSB-DEV;EXPOSED_POPULATION:LCSB-NEG;EXPOSED_POPULATION:LCSB-POS-V2-SPECTRA;EXPOSED_POPULATION:V2-DEVELOPMENT-POPULATION
O=C1CN=C(c2ccccc2)N1,False,0,EXPOSED_POPULATION:V2-DEVELOPMENT-POPULATION;EXPOSED_POPULATION:WUR-POS-IDENTITY;EXPOSED_POPULATION:WUR-SEALED
O=C1CN=C(c2ccccc2)c2ccccc2N1,False,0,DECODED_SAME_PLATE_ION_0p01;EXPOSED_POPULATION:LCSB-ALL-MASSBANK-V1-EXPOSURE-SET;EXPOSED_POPULATION:LCSB-CONFIRMATION;EXPOSED_POPULATION:LCSB-NEG;EXPOSED_POPULATION:V2-DEVELOPMENT-POPULATION;EXPOSED_POPULATION:WUR-POS-IDENTITY;EXPOSED_POPULATION:WUR-SEALED
O=C1CN=C(c2ccccc2)c2cn[nH]c2N1,False,0,EXPOSED_POPULATION:V2-DEVELOPMENT-POPULATION;EXPOSED_POPULATION:WUR-POS-IDENTITY;EXPOSED_POPULATION:WUR-SEALED
O=C1CN=C(c2ccccn2)N1,False,0,COPLATED_IN_DECODED_WELL;DECODED_SAME_PLATE_ION_0p01;DECODED_SAME_WELL_ION_0p7;EXPOSED_POPULATION:ENTACT-MIX-LISTS-499-503-505;EXPOSED_POPULATION:LCSB-ALL-MASSBANK-V1-EXPOSURE-SET;EXPOSED_POPULATION:LCSB-CONFIRMATION;EXPOSED_POPULATION:LCSB-DEV;EXPOSED_POPULATION:LCSB-NEG;EXPOSED_POPULATION:LCSB-POS-V2-SPECTRA;EXPOSED_POPULATION:V2-DEVELOPMENT-POPULATION;EXPOSED_POPULATION:WUR-DEV-ANALYSIS;EXPOSED_POPULATION:WUR-NEG-DEV;EXPOSED_POPULATION:WUR-POS-IDENTITY;EXPOSED_POPULATION:WUR-SEALED;MSNLIB_ANCHOR_CENSUS_DESIGN;MSNLIB_ANCHOR_CENSUS_DETECTED;MSNLIB_ANCHOR_GATE_CALIBRATION
O=C1CN=C2SCCN12,True,1,DECODED_SAME_PLATE_ION_0p01
O=C1CNC(=O)C(Cc2c[nH]c3ccccc23)NC(=O)C(CC2CCCCC2)NC(=O)C2CCCN2C(=O)C(NC(=O)CCc2ccccc2)CCCN1,True,1,COPLATED_IN_DECODED_WELL
O=C1CNC(=O)C(Cc2c[nH]c3ccccc23)NC(=O)C(c2ccccc2)NC(=O)C2CCCN2C(=O)C(Cc2ccccc2)NC(=O)C(Cc2ccc(OCc3ccccc3)cc2)N1,False,0,COPLATED_IN_DECODED_WELL
O=C1CNC(=O)C(Cc2ccccc2)NC(=O)C(Cc2ccccc2)NC(=O)CCSSCC(C(=O)N2CCCC2)NC(=O)CN1,True,2,COPLATED_IN_DECODED_WELL
O=C1CNC(=O)C2CCCN2C(=O)CNC(=O)C(Cc2c[nH]c3ccccc23)NC(=O)CN1,False,0,DECODED_SAME_PLATE_ION_0p01
O=C1CNC(=O)C2CSSCC3NC(=O)CCSSCC(NC(=O)C(CSSCC(C(=O)NCCc4ccccc4)NC(=O)CN1)NC(=O)C(Cc1ccccc1)NC(=O)CNC3=O)C(=O)NCC(=O)N1CCCC1C(=O)NCC(=O)N2,False,0,COPLATED_IN_DECODED_WELL
O=C1CNC(=O)CN1,True,5,COPLATED_IN_DECODED_WELL
O=C1CNC(=O)CNC(=O)C(=Cc2ccccc2)NC(=O)CN1,False,0,EXPOSED_POPULATION:V2-DEVELOPMENT-POPULATION;EXPOSED_POPULATION:WUR-POS-IDENTITY;EXPOSED_POPULATION:WUR-SEALED
O=C1CNC(=O)CNC(=O)C(Cc2c[nH]c3ccccc23)NC(=O)C(Cc2ccccc2)NC(=O)C(NC(=O)CCc2ccc3ccccc3c2)CSSCCN1,False,0,COPLATED_IN_DECODED_WELL
O=C1CNC(=O)CNC(=O)C(Cc2c[nH]c3ccccc23)NC(=O)C(Cc2ccccc2)NC(=O)C(NC(=O)CCc2ccccc2)CSSCCN1,True,1,COPLATED_IN_DECODED_WELL
O=C1CNC(=O)CNC(=O)C(Cc2ccccc2)NC(=O)CCCSCC(C(=O)N2CCCC2)NC(=O)CN1,True,1,COPLATED_IN_DECODED_WELL;DECODED_SAME_PLATE_ION_0p01;DECODED_SAME_WELL_ION_0p7
O=C1CNC(=O)CNC(=O)C(Cc2ccccc2)NC(=O)CCSSCC(C(=O)N2CCCC2)NC(=O)CN1,True,2,COPLATED_IN_DECODED_WELL;DECODED_SAME_PLATE_ION_0p01;DECODED_SAME_WELL_ION_0p7
O=C1CNC(=O)CNC(=O)C(Cc2ccccc2)NC(=O)CNC(=O)CN1,True,3,COPLATED_IN_DECODED_WELL
O=C1CNC(=O)CNC(=O)CNC(=O)C2CCCN2C(=O)COC(=O)CCN1,True,6,COPLATED_IN_DECODED_WELL;DECODED_SAME_PLATE_ION_0p01;DECODED_SAME_WELL_ION_0p7
O=C1CNC(=O)CNC(=O)CNC(=O)C2CSSCC3NC(=O)CNC(=O)CNC(=O)CNC(=O)CNC(=O)CNC(=O)CNC(=O)C(Cc4ccccc4)NC(=O)C(Cc4ccccc4)NC(=O)C(Cc4ccccc4)NC(=O)CNC(=O)CNC(=O)CNC(=O)CNC(=O)CNC(=O)CNC(=O)C(CSSCC(NC(=O)CNC(=O)CNC(=O)C(Cc4ccccc4)NC(=O)CNC(=O)C(Cc4ccccc4)NC(=O)CNC(=O)CNC3=O)C(=O)NCC(=O)NCC(=O)NCC(=O)NCC(=O)NCC(=O)NCC(=O)NC(Cc3ccccc3)C(=O)NCC(=O)NCC(=O)NCC(=O)NCC(=O)NCC(=O)N2)NC(=O)C2CCCN2C(=O)CNC(=O)CNC(=O)C(Cc2ccccc2)NC(=O)C2CCCN2C(=O)C2CCCN2C(=O)CNC(=O)CNC(=O)C(NC(=O)C(Cc2ccccc2)NC(=O)CNC(=O)C2CCCN2)CSSCCN1,False,0,COPLATED_IN_DECODED_WELL
O=C1CNC(=O)CNC(=O)CNC(=O)CNC(=O)CNC(=O)CN1,True,1,COPLATED_IN_DECODED_WELL
O=C1CNC(=O)CNC(=O)CNC(=O)CNC(=O)CNC(=O)CNC(=O)CN1,False,0,COPLATED_IN_DECODED_WELL
O=C1CNC(=O)CNC(=O)CNC(=O)CNC(=O)CNC(=O)CNC(=O)CNC(=O)CNC(=O)CNC(=O)CNC(=O)CN1,False,0,COPLATED_IN_DECODED_WELL
O=C1CNC(=O)CNC(=O)COC(=O)CCCN1,True,1,COPLATED_IN_DECODED_WELL
O=C1CNC(=O)N1,True,4,COPLATED_IN_DECODED_WELL;DECODED_SAME_PLATE_ION_0p01;EXPOSED_POPULATION:ENTACT-MIX-LISTS-499-503-505;SAMPLE1_DRAW_GROUP
O=C1CNC(=O)N1c1ccc(Oc2ccccc2)nc1,True,1,DECODED_SAME_PLATE_ION_0p01
O=C1CNC(=O)N1c1ccccc1,False,0,COPLATED_IN_DECODED_WELL;DECODED_SAME_PLATE_ION_0p01;EXPOSED_POPULATION:ENTACT-MIX-LISTS-499-503-505;EXPOSED_POPULATION:LCSB-ALL-MASSBANK-V1-EXPOSURE-SET;EXPOSED_POPULATION:LCSB-NEG;EXPOSED_POPULATION:V2-DEVELOPMENT-POPULATION;EXPOSED_POPULATION:WUR-DEV-HOLD;EXPOSED_POPULATION:WUR-POS-IDENTITY
O=C1CNC(=O)c2ccccc2N1,True,1,COPLATED_IN_DECODED_WELL;SAMPLE1_DRAW_GROUP
O=C1CNC(c2ccccn2)=N1,False,0,COPLATED_IN_DECODED_WELL;DECODED_SAME_PLATE_ION_0p01;DECODED_SAME_WELL_ION_0p7;EXPOSED_POPULATION:LCSB-ALL-MASSBANK-V1-EXPOSURE-SET;EXPOSED_POPULATION:LCSB-CONFIRMATION;EXPOSED_POPULATION:LCSB-NEG;EXPOSED_POPULATION:V2-DEVELOPMENT-POPULATION;EXPOSED_POPULATION:WUR-POS-IDENTITY;EXPOSED_POPULATION:WUR-SEALED;MSNLIB_ANCHOR_CENSUS_DESIGN;MSNLIB_ANCHOR_CENSUS_DETECTED;MSNLIB_ANCHOR_GATE_CALIBRATION
O=C1CNC=N1,False,0,COPLATED_IN_DECODED_WELL
O=C1CNCCN1Cc1cnc2c(c1)CCCN2C(=O)Nc1ccccn1,True,1,COPLATED_IN_DECODED_WELL
O=C1CNc2nc(NCc3cnn(Cc4cccnc4)c3)ncc2N1,True,1,DECODED_SAME_PLATE_ION_0p01
O=C1CNc2ncc(-c3ccc(-c4ncn[nH]4)nc3)nc2N1,True,1,COPLATED_IN_DECODED_WELL;DECODED_SAME_PLATE_ION_0p01
O=C1COC(=O)C(Cc2ccccc2)NC(=O)COC(=O)C(Cc2ccccc2)NC(=O)COC(=O)C(Cc2ccccc2)N1,False,0,COPLATED_IN_DECODED_WELL;DECODED_SAME_PLATE_ION_0p01;DECODED_SAME_WELL_ION_0p7;EXPOSED_POPULATION:V2-DEVELOPMENT-POPULATION;EXPOSED_POPULATION:WUR-DEV-ANALYSIS;EXPOSED_POPULATION:WUR-POS-IDENTITY;MSNLIB_ANCHOR_CENSUS_DESIGN;MSNLIB_ANCHOR_CENSUS_DETECTED;MSNLIB_ANCHOR_GATE_CALIBRATION
O=C1COC(=O)CNC(=O)C(Cc2ccccc2)OC(=O)CNC(=O)COC(=O)CNC(=O)C(Cc2ccccc2)OC(=O)CN1,True,1,COPLATED_IN_DECODED_WELL;DECODED_SAME_PLATE_ION_0p01;DECODED_SAME_WELL_ION_0p7
O=C1COC(=O)CNC(=O)COC(=O)CNC(=O)COC(=O)CN1,False,0,COPLATED_IN_DECODED_WELL;DECODED_SAME_PLATE_ION_0p01;DECODED_SAME_WELL_ION_0p7;EXPOSED_POPULATION:V2-DEVELOPMENT-POPULATION;EXPOSED_POPULATION:WUR-DEV-ANALYSIS;EXPOSED_POPULATION:WUR-POS-IDENTITY;MSNLIB_ANCHOR_CENSUS_DESIGN;MSNLIB_ANCHOR_CENSUS_DETECTED;MSNLIB_ANCHOR_GATE_CALIBRATION
O=C1COC(=O)N1,True,1,COPLATED_IN_DECODED_WELL
O=C1COC(C(=O)Nc2ccccc2)C(c2cn[nH]c2)N1,True,1,SAMPLE1_DRAW_GROUP
O=C1COC(c2ccccc2)=C1c1ccccc1,True,1,COPLATED_IN_DECODED_WELL
O=C1COC2(CCN(CCc3ccccc3)CC2)CN1,True,1,COPLATED_IN_DECODED_WELL
O=C1COC2(CN1)CC1CCC(C2)N1C(=O)c1ccccc1,True,2,SAMPLE1_DRAW_GROUP
O=C1COC2(CN1)CC1CCC(C2)N1Cc1cc[nH]c(=O)c1,True,1,SAMPLE1_DRAW_GROUP
O=C1COCCN1Cc1cnc2c(c1)CCCN2C(=O)Nc1ccccn1,True,1,DECODED_SAME_PLATE_ION_0p01
O=C1COc2c(CCNCCc3ccccc3)cccc2N1,True,1,COPLATED_IN_DECODED_WELL;DECODED_SAME_PLATE_ION_0p01;DECODED_SAME_WELL_ION_0p7
O=C1COc2c(cccc2-c2c[nH]c(=O)c3[nH]ccc23)N1,True,1,DECODED_SAME_PLATE_ION_0p01
O=C1COc2c(cccc2C(=O)NC2CN3CCC2CC3)N1,True,1,COPLATED_IN_DECODED_WELL;DECODED_SAME_PLATE_ION_0p01;DECODED_SAME_WELL_ION_0p7;SAMPLE1_DRAW_GROUP
O=C1COc2ccc(-c3n[nH]c(=O)c4ccccc34)cc2N1,False,0,DECODED_SAME_PLATE_ION_0p01
O=C1COc2ccc(N3C(=O)C4=C(CCCC4)C3=O)cc2N1,False,0,EXPOSED_POPULATION:ENTACT-MIX-LISTS-499-503-505;EXPOSED_POPULATION:V2-DEVELOPMENT-POPULATION;EXPOSED_POPULATION:WUR-POS-IDENTITY;EXPOSED_POPULATION:WUR-SEALED
O=C1COc2ccc(Nc3ccnc(Nc4ccccc4)n3)nc2N1,True,2,COPLATED_IN_DECODED_WELL;DECODED_SAME_PLATE_ION_0p01;DECODED_SAME_WELL_ION_0p7
O=C1COc2ccc(S(=O)(=O)N3CCCc4ccccc43)cc2N1,True,1,SAMPLE1_DRAW_GROUP
O=C1COc2ccccc2CN1,True,1,SAMPLE1_DRAW_GROUP
O=C1COc2ccccc2CN1CCNc1ncccn1,True,1,SAMPLE1_DRAW_GROUP
O=C1COc2ccccc2N1,True,2,COPLATED_IN_DECODED_WELL
O=C1COc2ccccc2N1CCCN1CCCCC1,True,1,COPLATED_IN_DECODED_WELL;DECODED_SAME_PLATE_ION_0p01;DECODED_SAME_WELL_ION_0p7
O=C1COc2ccccc2N1c1ccccc1,True,1,DECODED_SAME_PLATE_ION_0p01
O=C1CS(=O)(=O)N(Cc2ccccc2)c2ccsc21,True,1,SAMPLE1_DRAW_GROUP
O=C1CSC(c2ccccc2)N1c1ccccc1,True,2,SAMPLE1_DRAW_GROUP
O=C1CSCC(c2ccccc2)N1C1CCCCC1,True,1,SAMPLE1_DRAW_GROUP
O=C1CSc2ccc(S(=O)(=O)N3CCC(C(=O)NC4CC4)CC3)cc2N1,True,1,SAMPLE1_DRAW_GROUP
O=C1CSc2ccccc2N1Cc1ccccc1,True,3,DECODED_SAME_PLATE_ION_0p01
O=C1C[NH+]=C(c2ccccc2)c2ccccc2N1,False,0,EXPOSED_POPULATION:V2-DEVELOPMENT-POPULATION;EXPOSED_POPULATION:WUR-DEV-ANALYSIS;EXPOSED_POPULATION:WUR-POS-IDENTITY
O=C1Cc2c(ncn(-c3ccccc3)c2=O)N1,True,1,COPLATED_IN_DECODED_WELL
O=C1Cc2cc(CCN3CCN(c4nsc5ccccc45)CC3)ccc2N1,True,1,COPLATED_IN_DECODED_WELL
O=C1Cc2cc(NS(=O)(=O)c3cn[nH]c3)ccc2N1,True,1,DECODED_SAME_PLATE_ION_0p01
O=C1Cc2cc(Oc3cccc(NC(=O)c4ccc(CN5CCNCC5)cc4)c3)ccc2N1,True,1,DECODED_SAME_PLATE_ION_0p01
O=C1Cc2cc3n(c(=O)c2CO1)Cc1c-3nc2cccc3c2c1CCC3,True,1,COPLATED_IN_DECODED_WELL
O=C1Cc2cc3n(c(=O)c2CO1)Cc1cc2cc(OC(=O)N4CCC(N5CCCCC5)CC4)ccc2nc1-3,True,1,COPLATED_IN_DECODED_WELL;DECODED_SAME_PLATE_ION_0p01;DECODED_SAME_WELL_ION_0p7
O=C1Cc2cc3n(c(=O)c2CO1)Cc1cc2ccccc2nc1-3,True,15,COPLATED_IN_DECODED_WELL;DECODED_SAME_PLATE_ION_0p01;DECODED_SAME_WELL_ION_0p7
O=C1Cc2ccc(C(=O)Nc3ccccc3)cc2C1,True,1,COPLATED_IN_DECODED_WELL;DECODED_SAME_PLATE_ION_0p01
O=C1Cc2ccccc2C(=C2CCNCC2)c2ccsc21,True,1,COPLATED_IN_DECODED_WELL;DECODED_SAME_PLATE_ION_0p01
O=C1Cc2ccccc2C(c2ccccc2)=NN1,True,1,DECODED_SAME_PLATE_ION_0p01
O=C1Cc2ccccc2CCN1CCCNCC1Cc2ccccc21,True,1,COPLATED_IN_DECODED_WELL;DECODED_SAME_PLATE_ION_0p01;DECODED_SAME_WELL_ION_0p7
O=C1Cc2ccccc2N1C(=O)Nc1cncnc1,True,1,SAMPLE1_DRAW_GROUP
O=C1Cc2ccccc2N1Cc1ccccc1,True,1,SAMPLE1_DRAW_GROUP
O=C1Cc2ccccc2N1c1ccccc1,False,0,EXPOSED_POPULATION:ENTACT-MIX-LISTS-499-503-505;EXPOSED_POPULATION:LCSB-ALL-MASSBANK-V1-EXPOSURE-SET;EXPOSED_POPULATION:LCSB-DEV;EXPOSED_POPULATION:LCSB-POS-V2-SPECTRA;EXPOSED_POPULATION:V2-DEVELOPMENT-POPULATION
O=C1Cc2ccccc2Nc2ccccc21,True,1,COPLATED_IN_DECODED_WELL;DECODED_SAME_WELL_ION_0p7
O=C1Cc2ccccc2Sc2ccccc21,True,2,COPLATED_IN_DECODED_WELL;DECODED_SAME_PLATE_ION_0p01
O=C1N(CC2CCN(Cc3ccccc3)CC2)CCCN1c1ccccc1,True,1,SAMPLE1_DRAW_GROUP
O=C1N(CCCc2ccc3c(n2)NCCC3)CCN1Cc1cccnc1,True,1,DECODED_SAME_PLATE_ION_0p01
O=C1N(Cc2c[nH]c3ccccc23)CCCC12CCN(c1ncccn1)CC2,True,2,COPLATED_IN_DECODED_WELL;DECODED_SAME_PLATE_ION_0p01
O=C1N(Cc2ccc(-c3ccccc3-c3nn[nH]n3)cc2)C=NC12CCCC2,False,0,COPLATED_IN_DECODED_WELL;DECODED_SAME_PLATE_ION_0p01;DECODED_SAME_WELL_ION_0p7;EXPOSED_POPULATION:V2-DEVELOPMENT-POPULATION;EXPOSED_POPULATION:WUR-DEV-ANALYSIS;EXPOSED_POPULATION:WUR-POS-IDENTITY;MSNLIB_ANCHOR_CENSUS_DESIGN;MSNLIB_ANCHOR_CENSUS_DETECTED;MSNLIB_ANCHOR_GATE_CALIBRATION;MULTIMS2_ANCHOR_CALIBRATION
O=C1N(Cc2ccc(-c3ccccc3-c3nnn[nH]3)cc2)C=NC12CCCC2,False,0,COPLATED_IN_DECODED_WELL;DECODED_SAME_PLATE_ION_0p01;DECODED_SAME_WELL_ION_0p7;EXPOSED_POPULATION:V2-DEVELOPMENT-POPULATION;EXPOSED_POPULATION:WUR-DEV-ANALYSIS;EXPOSED_POPULATION:WUR-POS-IDENTITY;MSNLIB_ANCHOR_CENSUS_DESIGN;MSNLIB_ANCHOR_CENSUS_DETECTED;MSNLIB_ANCHOR_GATE_CALIBRATION;MULTIMS2_ANCHOR_CALIBRATION
O=C1N(Cc2ccc(-c3ccccc3S(=O)(=O)Nc3ccon3)cc2)C=NC12CCCC2,True,1,SAMPLE1_DRAW_GROUP
O=C1N(S(=O)(=O)c2ccccc2)c2ccccc2C1(c1ccccc1)N1CCCC1,False,0,EXPOSED_POPULATION:ENTACT-MIX-LISTS-499-503-505;EXPOSED_POPULATION:LCSB-ALL-MASSBANK-V1-EXPOSURE-SET;EXPOSED_POPULATION:LCSB-DEV;EXPOSED_POPULATION:LCSB-POS-V2-SPECTRA;EXPOSED_POPULATION:V2-DEVELOPMENT-POPULATION
O=C1N(c2ccccc2)c2ccccc2C1(Cc1ccncc1)Cc1ccncc1,True,1,DECODED_SAME_PLATE_ION_0p01
O=C1N(c2cccnc2)C(=S)N(c2ccccc2)C12CCC2,True,1,COPLATED_IN_DECODED_WELL;DECODED_SAME_WELL_ION_0p7
O=C1N2CCCC23CC2CC4=Nc5c(ccc6c5C=CCO6)C4CC12NC3=O,True,1,COPLATED_IN_DECODED_WELL;DECODED_SAME_PLATE_ION_0p01;DECODED_SAME_WELL_ION_0p7
O=C1N=C2C=CC=CN2C12Cc1ccccc1C2,True,1,DECODED_SAME_PLATE_ION_0p01
O=C1N=CN=C2C1N=CN2C1CC2O[PH](=O)OCC2O1,True,1,COPLATED_IN_DECODED_WELL
O=C1N=CNC(=O)C1c1ccccc1,False,0,EXPOSED_POPULATION:ENTACT-MIX-LISTS-499-503-505;EXPOSED_POPULATION:LCSB-ALL-MASSBANK-V1-EXPOSURE-SET;EXPOSED_POPULATION:LCSB-NEG;EXPOSED_POPULATION:LCSB-RAW-MIX-REPLICATE-SET-92
O=C1N=CNC2=NC=C(CCc3ccccc3)C12,True,1,COPLATED_IN_DECODED_WELL;DECODED_SAME_PLATE_ION_0p01
O=C1N=c2ccccc2=C1c1c[nH]c(=S)s1,True,2,COPLATED_IN_DECODED_WELL
O=C1N=c2ccccc2=C1c1c[nH]c2ccccc12,True,1,COPLATED_IN_DECODED_WELL;DECODED_SAME_PLATE_ION_0p01
O=C1NC(=Cc2c[nH]cn2)C(=O)N2C1CC1c3ccccc3NC12,False,0,COPLATED_IN_DECODED_WELL;DECODED_SAME_PLATE_ION_0p01;DECODED_SAME_WELL_ION_0p7;EXPOSED_POPULATION:V2-DEVELOPMENT-POPULATION;EXPOSED_POPULATION:WUR-POS-IDENTITY;EXPOSED_POPULATION:WUR-SEALED;MSNLIB_ANCHOR_CENSUS_DESIGN;MSNLIB_ANCHOR_CENSUS_DETECTED;MSNLIB_ANCHOR_GATE_CALIBRATION
O=C1NC(=Cc2cnc[nH]2)C(=O)N2C1CC1c3ccccc3NC12,False,0,COPLATED_IN_DECODED_WELL;DECODED_SAME_PLATE_ION_0p01;DECODED_SAME_WELL_ION_0p7;EXPOSED_POPULATION:V2-DEVELOPMENT-POPULATION;EXPOSED_POPULATION:WUR-POS-IDENTITY;EXPOSED_POPULATION:WUR-SEALED;MSNLIB_ANCHOR_CENSUS_DESIGN;MSNLIB_ANCHOR_CENSUS_DETECTED;MSNLIB_ANCHOR_GATE_CALIBRATION
O=C1NC(=O)C(=Cc2ccc3nccnc3c2)S1,True,1,COPLATED_IN_DECODED_WELL
O=C1NC(=O)C(=Cc2cccc(-c3ccccc3)c2N2CCCCC2)S1,True,1,DECODED_SAME_PLATE_ION_0p01
O=C1NC(=O)C(=Cc2ccccc2)S1,True,1,DECODED_SAME_PLATE_ION_0p01
O=C1NC(=O)C(Cc2c[nH]c3ccccc23)N1,True,2,COPLATED_IN_DECODED_WELL
O=C1NC(=O)C(Cc2ccc(OCC(=O)c3ccccc3)cc2)S1,True,1,DECODED_SAME_PLATE_ION_0p01
O=C1NC(=O)C(Cc2ccc(OCC3CCc4ccccc4O3)cc2)S1,False,0,EXPOSED_POPULATION:LCSB-ALL-MASSBANK-V1-EXPOSURE-SET;EXPOSED_POPULATION:LCSB-NEG;EXPOSED_POPULATION:LCSB-POS-V2-SPECTRA
O=C1NC(=O)C(Cc2ccc(OCCNc3ccccn3)cc2)S1,True,1,COPLATED_IN_DECODED_WELL;DECODED_SAME_PLATE_ION_0p01;DECODED_SAME_WELL_ION_0p7
O=C1NC(=O)C(Cc2ccc(OCCc3ccccn3)cc2)S1,False,0,COPLATED_IN_DECODED_WELL;DECODED_SAME_PLATE_ION_0p01;DECODED_SAME_WELL_ION_0p7;EXPOSED_POPULATION:ENTACT-MIX-LISTS-499-503-505;EXPOSED_POPULATION:LCSB-ALL-MASSBANK-V1-EXPOSURE-SET;EXPOSED_POPULATION:LCSB-DEV;EXPOSED_POPULATION:LCSB-NEG;EXPOSED_POPULATION:LCSB-POS-V2-SPECTRA;EXPOSED_POPULATION:LCSB-RAW-MIX-REPLICATE-SET-92;EXPOSED_POPULATION:LCSB-RAW-MIXES-499-503-505;EXPOSED_POPULATION:V2-DEVELOPMENT-POPULATION;MSNLIB_ANCHOR_CENSUS_DESIGN;MSNLIB_ANCHOR_CENSUS_DETECTED;MSNLIB_ANCHOR_GATE_CALIBRATION
O=C1NC(=O)C(Cc2ccc(OCc3nc4ccc(Oc5ccccc5)cc4[nH]3)cc2)S1,True,1,SAMPLE1_DRAW_GROUP
O=C1NC(=O)C(c2c3n(c4ccccc24)CCCC3)=C1c1c[nH]c2ccccc12,True,1,DECODED_SAME_PLATE_ION_0p01
O=C1NC(=O)C(c2c[nH]c3ccccc23)=C1NCCc1ccccc1,True,1,DECODED_SAME_PLATE_ION_0p01
O=C1NC(=O)C(c2c[nH]c3ccccc23)=C1c1c[nH]c2ccccc12,True,2,COPLATED_IN_DECODED_WELL;DECODED_SAME_PLATE_ION_0p01
O=C1NC(=O)C(c2c[nH]c3ccccc23)=C1c1ccccc1,True,2,DECODED_SAME_PLATE_ION_0p01
O=C1NC(=O)C(c2c[nH]c3ccccc23)=C1c1nc(N2CCNCC2)nc2ccccc12,True,1,DECODED_SAME_PLATE_ION_0p01
O=C1NC(=O)C(c2ccccc2)(c2ccccc2)N1,True,1,COPLATED_IN_DECODED_WELL;EXPOSED_POPULATION:ENTACT-MIX-LISTS-499-503-505;EXPOSED_POPULATION:LCSB-ALL-MASSBANK-V1-EXPOSURE-SET;EXPOSED_POPULATION:LCSB-NEG
O=C1NC(=O)C(c2ccccc2)N1,True,4,COPLATED_IN_DECODED_WELL;DECODED_SAME_PLATE_ION_0p01
O=C1NC(=O)C(c2cn(-c3ccccc3)nc2-c2ccccc2)N1,True,1,DECODED_SAME_PLATE_ION_0p01
O=C1NC(=O)C(c2cn(C3CCN(Cc4ccccn4)CC3)c3ccccc23)=C1c1c[nH]c2ccccc12,True,1,COPLATED_IN_DECODED_WELL;DECODED_SAME_PLATE_ION_0p01
O=C1NC(=O)C(c2coc3ccccc23)=C1c1c[nH]c2cc3c(cc12)OCO3,True,1,COPLATED_IN_DECODED_WELL
O=C1NC(=O)C2(CCN(CC(=O)N3CCc4ccccc43)CC2)N1,True,1,SAMPLE1_DRAW_GROUP
O=C1NC(=O)C2(CCOc3ccccc32)N1,True,1,COPLATED_IN_DECODED_WELL;DECODED_SAME_PLATE_ION_0p01
O=C1NC(=O)C2(Cc3cc4c(N5CCOC5=O)noc4cc3N3CCOCC32)C(=O)N1,True,1,COPLATED_IN_DECODED_WELL;DECODED_SAME_PLATE_ION_0p01
O=C1NC(=O)C2CC=CCC12,True,1,EXPOSED_POPULATION:ENTACT-MIX-LISTS-499-503-505;EXPOSED_POPULATION:LCSB-RAW-MIX-REPLICATE-SET-92
O=C1NC(=O)C2CN(c3ccnc4ncnn34)CC12,True,1,SAMPLE1_DRAW_GROUP
O=C1NC(=O)c2c1c(-c1ccccc1)cc1[nH]c3ccccc3c21,False,0,DECODED_SAME_PLATE_ION_0p01
O=C1NC(=O)c2cccc3cccc1c23,True,4,COPLATED_IN_DECODED_WELL;DECODED_SAME_PLATE_ION_0p01;EXPOSED_POPULATION:ENTACT-MIX-LISTS-499-503-505
O=C1NC(=O)c2ccccc21,False,0,EXPOSED_POPULATION:ENTACT-MIX-LISTS-499-503-505;EXPOSED_POPULATION:LCSB-RAW-MIX-REPLICATE-SET-92;EXPOSED_POPULATION:V2-DEVELOPMENT-POPULATION;EXPOSED_POPULATION:WUR-POS-IDENTITY;EXPOSED_POPULATION:WUR-SEALED
O=C1NC(=O)c2ccccc2C1=Cc1ccc[nH]1,True,1,COPLATED_IN_DECODED_WELL
O=C1NC(=O)c2cnccc21,True,1,COPLATED_IN_DECODED_WELL;DECODED_SAME_PLATE_ION_0p01
O=C1NC(=O)c2nccnc21,True,1,SAMPLE1_DRAW_GROUP
O=C1NC(=S)C(=O)N2C1=CC1=COC=CC(OC(=O)c3cccc(Oc4ccccc4)c3)C12,True,1,SAMPLE1_DRAW_GROUP
O=C1NC(=S)NC(=O)C1=Cc1cn(CCOc2ccccc2)c2ccccc12,True,1,DECODED_SAME_PLATE_ION_0p01
O=C1NC(=S)NC1Cc1c[nH]c2ccccc12,False,0,DECODED_SAME_PLATE_ION_0p01
O=C1NC(=S)SC1=CC=Cc1ccccc1,True,1,COPLATED_IN_DECODED_WELL
O=C1NC(=S)SC1=Cc1ccc(-c2ccccc2)o1,True,1,COPLATED_IN_DECODED_WELL
O=C1NC(=S)SC1=Cc1ccccc1,True,3,COPLATED_IN_DECODED_WELL
O=C1NC(=S)SC1=Cc1ccn(-c2cccnc2)c1,False,0,DECODED_SAME_PLATE_ION_0p01
O=C1NC(=S)SC1=Cc1cn[nH]c1SCc1ccccc1,True,1,COPLATED_IN_DECODED_WELL
O=C1NC(CN2CCSCC2)=CC(c2ccccc2)N1,True,1,SAMPLE1_DRAW_GROUP
O=C1NC(Cc2c[nH]c3cc4c(cc23)C=CCO4)C(=O)N2CCCC12,True,1,COPLATED_IN_DECODED_WELL
O=C1NC(Cc2c[nH]c3ccccc23)C(=O)N2CCCC12,True,1,DECODED_SAME_PLATE_ION_0p01
O=C1NC(Cc2ccccc2)C(=O)N1CCc1ccccc1,True,1,SAMPLE1_DRAW_GROUP
O=C1NC(Cc2ccccc2)C(=O)N1Cc1ccccc1,True,1,SAMPLE1_DRAW_GROUP
O=C1NC(Cc2ccccc2)C(=O)N2CCCC12,True,3,COPLATED_IN_DECODED_WELL;DECODED_SAME_PLATE_ION_0p01
O=C1NC(Cc2cnc[nH]2)C(=O)N2C1CC1c3ccccc3NC12,True,1,SAMPLE1_DRAW_GROUP
O=C1NC(Cc2cnc[nH]2)C(=O)N2CCCC12,True,1,DECODED_SAME_PLATE_ION_0p01
O=C1NC(c2ccc(N3CCOCC3)cc2)(c2ccsc2)CC=C1Sc1ccccc1,True,1,SAMPLE1_DRAW_GROUP
O=C1NC(c2ccccc2)=NC12CCNCC2,True,1,SAMPLE1_DRAW_GROUP
O=C1NC(c2ccccc2)C(=O)N1c1ccccc1,True,1,COPLATED_IN_DECODED_WELL;DECODED_SAME_PLATE_ION_0p01
O=C1NC(c2ccccc2)c2ccccc21,True,1,COPLATED_IN_DECODED_WELL
O=C1NC(c2ccccc2-c2ccccn2)Cc2ncncc21,True,1,COPLATED_IN_DECODED_WELL;DECODED_SAME_PLATE_ION_0p01;DECODED_SAME_WELL_ION_0p7
O=C1NC(c2ccco2)Nc2sc3c(c21)CCCC3,True,1,SAMPLE1_DRAW_GROUP
O=C1NC2(C(=O)NS(=O)(=O)C3CC3)CC2C=CCCCCCCC(=O)N2CC(OC(=O)N3Cc4ccccc4C3)CC12,True,1,COPLATED_IN_DECODED_WELL
O=C1NC2(C=C1c1ccccc1)CCCCC2,False,0,EXPOSED_POPULATION:LCSB-ALL-MASSBANK-V1-EXPOSURE-SET;EXPOSED_POPULATION:LCSB-CONFIRMATION;EXPOSED_POPULATION:V2-DEVELOPMENT-POPULATION;EXPOSED_POPULATION:WUR-POS-IDENTITY;EXPOSED_POPULATION:WUR-SEALED
O=C1NC2(CCCCC2)C(=O)C1c1ccccc1,False,0,EXPOSED_POPULATION:V2-DEVELOPMENT-POPULATION;EXPOSED_POPULATION:WUR-POS-IDENTITY;EXPOSED_POPULATION:WUR-SEALED
O=C1NC2(CCCCC2)C(=O)N1c1ccnn1Cc1ccccn1,True,1,SAMPLE1_DRAW_GROUP
O=C1NC2(CCCCC2)CC1c1ccccc1,False,0,EXPOSED_POPULATION:V2-DEVELOPMENT-POPULATION;EXPOSED_POPULATION:WUR-POS-IDENTITY;EXPOSED_POPULATION:WUR-SEALED
O=C1NC2(CCCCC2)n2c1ccc(Nc1ccncn1)c2=O,False,0,DECODED_SAME_PLATE_ION_0p01
O=C1NC2(CCN(Cc3ccc(Oc4ccccc4)cc3)CC2)C(=O)NC1CC1CCCCC1,False,0,EXPOSED_POPULATION:LCSB-ALL-MASSBANK-V1-EXPOSURE-SET;EXPOSED_POPULATION:LCSB-CONFIRMATION;EXPOSED_POPULATION:LCSB-NEG
O=C1NC2(Cc3cn(C45CC67SSC(NC6=O)C(=O)N7C4Nc4ccccc45)c4ccccc34)SSC1NC2=O,True,1,SAMPLE1_DRAW_GROUP
O=C1NC23Nc4ccccc4C2C=CC(=O)N3C1=Cc1cnc[nH]1,True,1,COPLATED_IN_DECODED_WELL;DECODED_SAME_PLATE_ION_0p01;DECODED_SAME_WELL_ION_0p7
O=C1NC2=C(C(=O)N(CCN3CCCCC3)C2)C(c2ccccc2)N1,True,1,SAMPLE1_DRAW_GROUP
O=C1NC2=C(C(=O)N(CCc3ccccc3)C2)C(c2ccccc2)N1,True,2,SAMPLE1_DRAW_GROUP
O=C1NC2C=CSC2C(=O)N1c1ccccc1,False,0,DECODED_SAME_PLATE_ION_0p01
O=C1NC2CCCC=C2c2cc3c(cc21)OCO3,True,1,COPLATED_IN_DECODED_WELL
O=C1NC2CCCN1C2,True,1,COPLATED_IN_DECODED_WELL;DECODED_SAME_PLATE_ION_0p01
O=C1NC2CCc3nc4ccccc4c(=O)n3C2=Nc2ccccc21,False,0,COPLATED_IN_DECODED_WELL
O=C1NC2CSCC2N1,False,0,COPLATED_IN_DECODED_WELL;DECODED_SAME_PLATE_ION_0p01;DECODED_SAME_WELL_ION_0p7;EXPOSED_POPULATION:LCSB-ALL-MASSBANK-V1-EXPOSURE-SET;EXPOSED_POPULATION:LCSB-DEV;EXPOSED_POPULATION:LCSB-NEG;EXPOSED_POPULATION:LCSB-POS-V2-SPECTRA;EXPOSED_POPULATION:V2-DEVELOPMENT-POPULATION;MSNLIB_ANCHOR_CENSUS_DESIGN;MSNLIB_ANCHOR_CENSUS_DETECTED;MSNLIB_ANCHOR_GATE_CALIBRATION;MULTIMS2_ANCHOR_CALIBRATION
O=C1NC2c3ccccc3OC3(CCCS(=O)(=O)C23)N1,True,1,SAMPLE1_DRAW_GROUP
O=C1NC=C(C(=O)OCC2CCCCC2)C(c2ccccc2)N1,True,1,SAMPLE1_DRAW_GROUP
O=C1NC=C2NC=NC2N1,True,1,DECODED_SAME_PLATE_ION_0p01;SAMPLE1_DRAW_GROUP
O=C1NCC(=O)N2C1Cc1c([nH]c3ccccc13)C2c1ccc2c(c1)OCO2,False,0,COPLATED_IN_DECODED_WELL;DECODED_SAME_PLATE_ION_0p01;DECODED_SAME_WELL_ION_0p7;EXPOSED_POPULATION:V2-DEVELOPMENT-POPULATION;EXPOSED_POPULATION:WUR-NEG-D6-EXCLUDED;EXPOSED_POPULATION:WUR-POS-IDENTITY;EXPOSED_POPULATION:WUR-SEALED;MSNLIB_ANCHOR_CENSUS_DESIGN;MSNLIB_ANCHOR_CENSUS_DETECTED;MSNLIB_ANCHOR_GATE_CALIBRATION
O=C1NCC(=O)N2CC(CC2C(=O)NC2(C(=O)NS(=O)(=O)C3CC3)CC2)Oc2nc3ccccc3nc2CC=CCOC2CCCC2O1,True,1,COPLATED_IN_DECODED_WELL;DECODED_SAME_PLATE_ION_0p01;DECODED_SAME_WELL_ION_0p7
O=C1NCC(=O)N2CC(CC2C(=O)NC2(C(=O)NS(=O)(=O)C3CC3)CC2)Oc2nc3ccccc3nc2CCCCCC2CC2O1,True,2,COPLATED_IN_DECODED_WELL;DECODED_SAME_PLATE_ION_0p01;DECODED_SAME_WELL_ION_0p7
O=C1NCC(=O)N2CCCC12,True,6,COPLATED_IN_DECODED_WELL;DECODED_SAME_PLATE_ION_0p01
O=C1NCC(=O)N2Cc3[nH]c4ccccc4c3CC12,True,2,DECODED_SAME_PLATE_ION_0p01
O=C1NCC(CCN2CCOCC2)C1(c1ccccc1)c1ccccc1,True,1,COPLATED_IN_DECODED_WELL;DECODED_SAME_PLATE_ION_0p01;DECODED_SAME_WELL_ION_0p7
O=C1NCC(COc2ccccc2)O1,True,1,DECODED_SAME_PLATE_ION_0p01;SAMPLE1_DRAW_GROUP
O=C1NCC(c2ccccc2)(c2ccccc2)O1,True,1,DECODED_SAME_PLATE_ION_0p01
O=C1NCC(c2ccccc2)=Nc2cn[nH]c21,False,0,EXPOSED_POPULATION:ENTACT-MIX-LISTS-499-503-505;EXPOSED_POPULATION:LCSB-ALL-MASSBANK-V1-EXPOSURE-SET;EXPOSED_POPULATION:LCSB-DEV;EXPOSED_POPULATION:LCSB-NEG;EXPOSED_POPULATION:LCSB-POS-V2-SPECTRA;EXPOSED_POPULATION:V2-DEVELOPMENT-POPULATION
O=C1NCC(c2ccccc2)CCC1NC(=O)N1CCC(n2c(=O)[nH]c3ncccc32)CC1,True,1,COPLATED_IN_DECODED_WELL;DECODED_SAME_PLATE_ION_0p01;DECODED_SAME_WELL_ION_0p7
O=C1NCC(c2cccs2)SCC1NCCCc1ccccc1,True,1,COPLATED_IN_DECODED_WELL
O=C1NCC2(CCCCC2)n2c1cc1cnc(Nc3ccc(N4CCNCC4)cn3)nc12,True,2,COPLATED_IN_DECODED_WELL
O=C1NCC2(CCN(CCc3ccccc3)CC2)O1,True,1,DECODED_SAME_PLATE_ION_0p01;SAMPLE1_DRAW_GROUP
O=C1NCC2=C1C1CCCCC1CC2,True,3,COPLATED_IN_DECODED_WELL
O=C1NCC2C1CCCN2C(=O)Cn1c(=O)[nH]c2ccccc21,True,1,SAMPLE1_DRAW_GROUP
O=C1NCCC1(c1nc(-c2ccncc2)no1)C1CCCC1,True,1,SAMPLE1_DRAW_GROUP
O=C1NCCC12CCCCN2,True,1,SAMPLE1_DRAW_GROUP
O=C1NCCC12CCCNC2,True,1,SAMPLE1_DRAW_GROUP
O=C1NCCC12CCN(c1ccncc1-c1ccc(-c3cn[nH]c3)cc1)CC2,True,1,DECODED_SAME_PLATE_ION_0p01
O=C1NCCC12CCN(c1ccncc1-c1ccc3[nH]ncc3c1)CC2,False,0,DECODED_SAME_PLATE_ION_0p01
O=C1NCCC1CCNC(=O)C1NCC2CC21,True,1,COPLATED_IN_DECODED_WELL;DECODED_SAME_WELL_ION_0p7
O=C1NCCC1N1CCCN(C(=O)c2ccccc2)CC1,True,1,SAMPLE1_DRAW_GROUP
O=C1NCCCC1NC(=O)C1CCCCN1C(=O)c1ccccc1,True,1,SAMPLE1_DRAW_GROUP
O=C1NCCCCC=CC2CC2(C(=O)NS(=O)(=O)C2CC2)NC(=O)C2CC(Oc3cc(-c4nccs4)nc4ccccc34)CC12,True,1,COPLATED_IN_DECODED_WELL;DECODED_SAME_PLATE_ION_0p01;DECODED_SAME_WELL_ION_0p7
O=C1NCCCN1,True,1,SAMPLE1_DRAW_GROUP
O=C1NCCCN1c1ccccc1,True,1,SAMPLE1_DRAW_GROUP
O=C1NCCCc2c1oc1ccccc21,True,1,COPLATED_IN_DECODED_WELL
O=C1NCCCc2ncccc2C2CCCN2c2ccn3ncc1c3n2,False,0,COPLATED_IN_DECODED_WELL;DECODED_SAME_PLATE_ION_0p01
O=C1NCCN(C(=O)NC(C(=O)NC2C(=O)N3C=C(CSc4nnn[nH]4)CSC23)c2ccccc2)C1=O,True,1,COPLATED_IN_DECODED_WELL
O=C1NCCN(C(=O)c2ccc[nH]2)C1c1ccccc1,True,1,SAMPLE1_DRAW_GROUP
O=C1NCCN1CCN1CCC(c2cn(-c3ccccc3)c3ccccc23)CC1,True,1,COPLATED_IN_DECODED_WELL;DECODED_SAME_PLATE_ION_0p01
O=C1NCCN1Cc1cccnc1,False,0,EXPOSED_POPULATION:V2-DEVELOPMENT-POPULATION;EXPOSED_POPULATION:WUR-DEV-ANALYSIS;EXPOSED_POPULATION:WUR-POS-IDENTITY
O=C1NCCO1,True,1,DECODED_SAME_PLATE_ION_0p01
O=C1NCCOCCNS(=O)(=O)NC(=O)c2ccc3c(C4CCCCC4)c4n(c3c2)CC1=Cc1ccccc1-4,True,1,COPLATED_IN_DECODED_WELL
O=C1NCCOc2ccccc2CNc2ccn3ncc1c3n2,True,1,DECODED_SAME_PLATE_ION_0p01
O=C1NCCS1,False,0,EXPOSED_POPULATION:LCSB-ALL-MASSBANK-V1-EXPOSURE-SET;EXPOSED_POPULATION:LCSB-DEV;EXPOSED_POPULATION:LCSB-POS-V2-SPECTRA;EXPOSED_POPULATION:V2-DEVELOPMENT-POPULATION;EXPOSED_POPULATION:WUR-DEV-ANALYSIS;EXPOSED_POPULATION:WUR-POS-IDENTITY
O=C1NCCSC12CCCC2,True,1,DECODED_SAME_PLATE_ION_0p01
O=C1NCCc2c(-c3ccccc3)[nH]c3cccc1c23,True,1,COPLATED_IN_DECODED_WELL;DECODED_SAME_PLATE_ION_0p01
O=C1NCN(CCc2ccccc2)C12CCN(Cc1cccc(Oc3ccccc3)c1)CC2,True,1,DECODED_SAME_PLATE_ION_0p01
O=C1NCN(c2ccccc2)C12CCN(C1CCC3CCCc4cccc1c43)CC2,True,1,COPLATED_IN_DECODED_WELL;DECODED_SAME_PLATE_ION_0p01
O=C1NCN(c2ccccc2)C12CCN(CCCOc1ccccc1)CC2,True,1,DECODED_SAME_PLATE_ION_0p01
O=C1NCNC(=O)C1c1ccccc1,True,1,COPLATED_IN_DECODED_WELL;DECODED_SAME_PLATE_ION_0p01;EXPOSED_POPULATION:ENTACT-MIX-LISTS-499-503-505;EXPOSED_POPULATION:LCSB-RAW-MIX-REPLICATE-SET-92
O=C1NCNC1Cc1ccccc1,True,1,SAMPLE1_DRAW_GROUP
O=C1NCc2c(n(-c3ccccc3)c(=O)[nH]c2=O)N1,True,1,SAMPLE1_DRAW_GROUP
O=C1NCc2c1c1c3ccccc3[nH]c1c1[nH]c3ccccc3c21,True,1,DECODED_SAME_PLATE_ION_0p01
O=C1NCc2c1cc1ccc3c(c1c2-c1ccc2c(c1)OCO2)OCO3,False,0,COPLATED_IN_DECODED_WELL;DECODED_SAME_PLATE_ION_0p01
O=C1NCc2c1ccc1c2OC2(CCCC3CCCCC32)C1,True,11,COPLATED_IN_DECODED_WELL;DECODED_SAME_PLATE_ION_0p01;DECODED_SAME_WELL_ION_0p7
O=C1NCc2c1ccc1c2OCCC1,True,1,DECODED_SAME_PLATE_ION_0p01
O=C1NCc2cncn2-c2ccccc21,True,1,COPLATED_IN_DECODED_WELL;DECODED_SAME_PLATE_ION_0p01
O=C1NCc2n[nH]cc2-c2cncc(c2)OCc2ccccc21,True,1,COPLATED_IN_DECODED_WELL
O=C1NN(c2ccccc2)C(=O)C1=Cc1ccco1,True,1,DECODED_SAME_PLATE_ION_0p01
O=C1NN=C2CN3CCCC3c3[nH]c4cccc1c4c32,True,1,COPLATED_IN_DECODED_WELL;DECODED_SAME_PLATE_ION_0p01;DECODED_SAME_WELL_ION_0p7
O=C1NN=CCN1N=Cc1cccnc1,False,0,COPLATED_IN_DECODED_WELL;DECODED_SAME_PLATE_ION_0p01;DECODED_SAME_WELL_ION_0p7;EXPOSED_POPULATION:ENTACT-MIX-LISTS-499-503-505;EXPOSED_POPULATION:LCSB-ALL-MASSBANK-V1-EXPOSURE-SET;EXPOSED_POPULATION:LCSB-DEV;EXPOSED_POPULATION:LCSB-POS-V2-SPECTRA;EXPOSED_POPULATION:V2-DEVELOPMENT-POPULATION;EXPOSED_POPULATION:WUR-DEV-ANALYSIS;EXPOSED_POPULATION:WUR-POS-IDENTITY;MSNLIB_ANCHOR_CENSUS_DESIGN;MSNLIB_ANCHOR_CENSUS_DETECTED;MSNLIB_ANCHOR_GATE_CALIBRATION
O=C1NNC(c2ccccc2)Nc2ccccc21,True,1,SAMPLE1_DRAW_GROUP
O=C1NS(=O)(=O)Nc2ccccc21,False,0,EXPOSED_POPULATION:LCSB-ALL-MASSBANK-V1-EXPOSURE-SET;EXPOSED_POPULATION:LCSB-NEG;EXPOSED_POPULATION:WUR-NEG-DEV
O=C1NS(=O)(=O)c2ccccc21,True,2,COPLATED_IN_DECODED_WELL
O=C1Nc2c(ccc3c2OC=CCO3)C12CC1CC34CCCN3CC1(C2)NC4=O,True,2,COPLATED_IN_DECODED_WELL;DECODED_SAME_PLATE_ION_0p01;DECODED_SAME_WELL_ION_0p7
O=C1Nc2c(cnc3[nH]c(CN4CCOCC4)cc23)CN1c1ccccc1,True,1,COPLATED_IN_DECODED_WELL;DECODED_SAME_PLATE_ION_0p01
O=C1Nc2cc(CNC3CCCNC3c3ccccc3)ccc2C2CC12,False,0,EXPOSED_POPULATION:LCSB-ALL-MASSBANK-V1-EXPOSURE-SET;EXPOSED_POPULATION:LCSB-DEV;EXPOSED_POPULATION:LCSB-POS-V2-SPECTRA;EXPOSED_POPULATION:V2-DEVELOPMENT-POPULATION
O=C1Nc2cc3[nH]nc(-c4ccncc4)c3cc2CN1Cc1ccccc1,True,1,DECODED_SAME_PLATE_ION_0p01
O=C1Nc2ccc(C(=O)c3ccco3)cc2C1=Cc1ccccc1,True,1,COPLATED_IN_DECODED_WELL
O=C1Nc2ccc(CN3C(=O)CSC3=O)cc2C1=Cc1cc(CN2CCOCC2)c[nH]1,True,1,COPLATED_IN_DECODED_WELL
O=C1Nc2ccc(S(=O)(=O)Cc3ccccc3)cc2C1=Cc1cc(C(=O)N2CCCC2CN2CCCC2)c[nH]1,True,1,COPLATED_IN_DECODED_WELL;DECODED_SAME_PLATE_ION_0p01;DECODED_SAME_WELL_ION_0p7
O=C1Nc2ccc(S(=O)(=O)N3CCOCC3)c3cccc1c23,True,2,SAMPLE1_DRAW_GROUP
O=C1Nc2ccccc2C(C#CC2CC2)O1,True,1,COPLATED_IN_DECODED_WELL
O=C1Nc2ccccc2C(c2ccccc2)=NC1OC1CCCCO1,False,0,EXPOSED_POPULATION:V2-DEVELOPMENT-POPULATION;EXPOSED_POPULATION:WUR-POS-IDENTITY;EXPOSED_POPULATION:WUR-SEALED
O=C1Nc2ccccc2C1(c1ccccc1)c1ccccc1,False,0,COPLATED_IN_DECODED_WELL;DECODED_SAME_PLATE_ION_0p01;DECODED_SAME_WELL_ION_0p7;EXPOSED_POPULATION:LCSB-ALL-MASSBANK-V1-EXPOSURE-SET;EXPOSED_POPULATION:LCSB-DEV;EXPOSED_POPULATION:LCSB-NEG;EXPOSED_POPULATION:LCSB-POS-V2-SPECTRA;EXPOSED_POPULATION:V2-DEVELOPMENT-POPULATION;MSNLIB_ANCHOR_CENSUS_DESIGN;MSNLIB_ANCHOR_CENSUS_DETECTED;MSNLIB_ANCHOR_GATE_CALIBRATION
O=C1Nc2ccccc2C12C1CC3C(CO1)C1NCC3C12,True,1,COPLATED_IN_DECODED_WELL;DECODED_SAME_PLATE_ION_0p01;DECODED_SAME_WELL_ION_0p7
O=C1Nc2ccccc2C12CC1N=CC3CC2OCC31,True,1,DECODED_SAME_PLATE_ION_0p01
O=C1Nc2ccccc2C12CCN1CC3COC=CC3CC12,True,1,COPLATED_IN_DECODED_WELL;DECODED_SAME_PLATE_ION_0p01;DECODED_SAME_WELL_ION_0p7
O=C1Nc2ccccc2C12CCN1CCCCC12,True,3,COPLATED_IN_DECODED_WELL;DECODED_SAME_PLATE_ION_0p01;DECODED_SAME_WELL_ION_0p7
O=C1Nc2ccccc2C12CCNC2,True,2,SAMPLE1_DRAW_GROUP
O=C1Nc2ccccc2C12COc1cc3c(cc12)OCO3,True,1,DECODED_SAME_PLATE_ION_0p01
O=C1Nc2ccccc2C12NCCc1c2[nH]c2ccccc12,True,1,COPLATED_IN_DECODED_WELL
O=C1Nc2ccccc2C12NN=C(c1ccccc1)S2,True,1,COPLATED_IN_DECODED_WELL
O=C1Nc2ccccc2C1=Cc1cc(C(=O)NCCCN2CCOCC2)c[nH]1,True,1,DECODED_SAME_PLATE_ION_0p01
O=C1Nc2ccccc2C1=Cc1cc(C(=O)NCCN2CCCC2)c[nH]1,True,1,COPLATED_IN_DECODED_WELL;DECODED_SAME_PLATE_ION_0p01;DECODED_SAME_WELL_ION_0p7
O=C1Nc2ccccc2C1=Cc1cc2c([nH]1)CCCC2,True,1,DECODED_SAME_PLATE_ION_0p01
O=C1Nc2ccccc2C1=Cc1ccc(-c2cccc(C(=O)N3CCCNCC3)c2)o1,True,1,COPLATED_IN_DECODED_WELL
O=C1Nc2ccccc2C1=Cc1ccc[nH]1,True,5,COPLATED_IN_DECODED_WELL;DECODED_SAME_PLATE_ION_0p01;DECODED_SAME_WELL_ION_0p7
O=C1Nc2ccccc2C1=Cc1cccc2ccccc12,True,1,COPLATED_IN_DECODED_WELL;DECODED_SAME_PLATE_ION_0p01
O=C1Nc2ccccc2C1=Cc1ccccc1,True,5,DECODED_SAME_PLATE_ION_0p01
O=C1Nc2ccccc2C1=Cc1cnc[nH]1,True,1,SAMPLE1_DRAW_GROUP
O=C1Nc2ccccc2C1c1ccccc1,True,1,COPLATED_IN_DECODED_WELL
O=C1Nc2ccccc2CCC1NCCCc1ccccc1,True,1,COPLATED_IN_DECODED_WELL;DECODED_SAME_PLATE_ION_0p01;DECODED_SAME_WELL_ION_0p7
O=C1Nc2ccccc2N2CCCC12,True,1,DECODED_SAME_PLATE_ION_0p01
O=C1Nc2ccccc2Oc2ccc(NS(=O)(=O)Cc3ccccc3)cc21,True,1,SAMPLE1_DRAW_GROUP
O=C1Nc2cccnc2C1=Cc1c[nH]c2ccccc12,True,1,SAMPLE1_DRAW_GROUP
O=C1Nc2cccnc2N(C(=O)CN2CCNCC2)c2ccccc21,True,1,COPLATED_IN_DECODED_WELL;DECODED_SAME_PLATE_ION_0p01;DECODED_SAME_WELL_ION_0p7
O=C1Nc2cccnc2N(C2CC2)c2ncccc21,True,1,COPLATED_IN_DECODED_WELL;DECODED_SAME_PLATE_ION_0p01
O=C1Nc2cnc(Nc3ccc(N4CCCCC4)cc3)nc2Nc2ccccc21,True,2,DECODED_SAME_PLATE_ION_0p01
O=C1Nc2cnc(Nc3ccc(N4CCNCC4)cc3)nc2Nc2ccccc21,True,1,COPLATED_IN_DECODED_WELL;DECODED_SAME_PLATE_ION_0p01
O=C1Nc2cnc(Nc3cnn(C4CCNCC4)c3)nc2Nc2cc3ccccc3cc21,True,1,DECODED_SAME_PLATE_ION_0p01
O=C1Nc2cnc(Nc3cnn(C4CCNCC4)c3)nc2Nc2ccccc21,True,1,DECODED_SAME_PLATE_ION_0p01
O=C1Nc2nc(-c3ccccc3OCC3CC3)cc(C3CCCNC3)c2CO1,True,1,COPLATED_IN_DECODED_WELL;DECODED_SAME_PLATE_ION_0p01;DECODED_SAME_WELL_ION_0p7
O=C1Nc2nc(Nc3ccc4c(c3)OCCO4)ncc2CN1c1ccccc1,False,0,EXPOSED_POPULATION:LCSB-ALL-MASSBANK-V1-EXPOSURE-SET;EXPOSED_POPULATION:LCSB-CONFIRMATION
O=C1Nc2ncccc2Oc2ccc(S(=O)(=O)N3CCCCC3)cc21,True,1,SAMPLE1_DRAW_GROUP
O=C1OC(=O)C2=C(CCCC2)C2CCCC=C12,True,1,SAMPLE1_DRAW_GROUP
O=C1OC(=O)C2C3C=CC(C3)C12,False,0,EXPOSED_POPULATION:LCSB-ALL-MASSBANK-V1-EXPOSURE-SET;EXPOSED_POPULATION:LCSB-CONFIRMATION
O=C1OC(=O)c2ccccc21,False,0,EXPOSED_POPULATION:LCSB-ALL-MASSBANK-V1-EXPOSURE-SET;EXPOSED_POPULATION:LCSB-DEV;EXPOSED_POPULATION:LCSB-POS-V2-SPECTRA;EXPOSED_POPULATION:V2-DEVELOPMENT-POPULATION
O=C1OC(C(=O)Nc2ccccc2)Cc2ccccc21,True,2,SAMPLE1_DRAW_GROUP
O=C1OC(C2NCCc3cc4c(cc32)OCO4)c2ccc3c(c21)OCO3,True,1,DECODED_SAME_PLATE_ION_0p01
O=C1OC(C2NCCc3cc4c(cc32)OCO4)c2ccccc21,False,0,COPLATED_IN_DECODED_WELL;DECODED_SAME_PLATE_ION_0p01;DECODED_SAME_WELL_ION_0p7;EXPOSED_POPULATION:V2-DEVELOPMENT-POPULATION;EXPOSED_POPULATION:WUR-DEV-ANALYSIS;EXPOSED_POPULATION:WUR-POS-IDENTITY;MSNLIB_ANCHOR_CENSUS_DESIGN;MSNLIB_ANCHOR_CENSUS_DETECTED;MSNLIB_ANCHOR_GATE_CALIBRATION
O=C1OC(CCc2ccccc2)CC=C1Cc1cccc(NS(=O)(=O)c2ccccn2)c1,True,1,COPLATED_IN_DECODED_WELL;DECODED_SAME_PLATE_ION_0p01
O=C1OC(CCc2ccccc2)CC=C1Sc1ccccc1,False,0,EXPOSED_POPULATION:ENTACT-MIX-LISTS-499-503-505;EXPOSED_POPULATION:LCSB-ALL-MASSBANK-V1-EXPOSURE-SET;EXPOSED_POPULATION:LCSB-DEV;EXPOSED_POPULATION:LCSB-NEG;EXPOSED_POPULATION:LCSB-POS-V2-SPECTRA;EXPOSED_POPULATION:V2-DEVELOPMENT-POPULATION
O=C1OC(CCc2ccncc2)(C2CCCC2)CC=C1Cc1nc2ncccn2n1,True,1,COPLATED_IN_DECODED_WELL;DECODED_SAME_PLATE_ION_0p01;DECODED_SAME_WELL_ION_0p7
O=C1OC(CN2CCOCC2)CN1N=Cc1ccco1,True,1,COPLATED_IN_DECODED_WELL;DECODED_SAME_PLATE_ION_0p01;DECODED_SAME_WELL_ION_0p7
O=C1OC(CSc2nc3ncccc3[nH]2)CC12CC2,True,1,SAMPLE1_DRAW_GROUP
O=C1OC(OC(=O)c2cccnc2Nc2ccccc2)c2ccccc21,True,1,DECODED_SAME_PLATE_ION_0p01
O=C1OC(Oc2ccccc2)Oc2ccccc21,True,1,COPLATED_IN_DECODED_WELL;DECODED_SAME_PLATE_ION_0p01
O=C1OC(c2ccc(Oc3ccccc3)cc2)C(=O)N1Nc1ccccc1,False,0,EXPOSED_POPULATION:ENTACT-MIX-LISTS-499-503-505;EXPOSED_POPULATION:LCSB-ALL-MASSBANK-V1-EXPOSURE-SET;EXPOSED_POPULATION:LCSB-NEG
O=C1OC(c2ccccc2)(c2ccccc2)c2ccccc21,False,0,COPLATED_IN_DECODED_WELL;DECODED_SAME_PLATE_ION_0p01;DECODED_SAME_WELL_ION_0p7;EXPOSED_POPULATION:LCSB-ALL-MASSBANK-V1-EXPOSURE-SET;EXPOSED_POPULATION:LCSB-NEG;EXPOSED_POPULATION:V2-DEVELOPMENT-POPULATION;EXPOSED_POPULATION:WUR-DEV-ANALYSIS;EXPOSED_POPULATION:WUR-NEG-DEV;EXPOSED_POPULATION:WUR-POS-IDENTITY;MSNLIB_ANCHOR_CENSUS_DESIGN;MSNLIB_ANCHOR_CENSUS_DETECTED;MSNLIB_ANCHOR_GATE_CALIBRATION
O=C1OC(c2ccoc2)C2CCCC=C12,True,1,COPLATED_IN_DECODED_WELL;DECODED_SAME_PLATE_ION_0p01
O=C1OC(c2ccoc2)CC12CCCC13COC1CCCC23,True,2,COPLATED_IN_DECODED_WELL
O=C1OC(c2ccoc2)CC2C1CCC1CCCCC12,True,1,SAMPLE1_DRAW_GROUP
O=C1OC2(C(=O)N3CCCc4ccccc43)CCC1C2,True,1,SAMPLE1_DRAW_GROUP
O=C1OC2(C=C1c1ccccc1)CCCCC2,False,0,COPLATED_IN_DECODED_WELL;DECODED_SAME_PLATE_ION_0p01;DECODED_SAME_WELL_ION_0p7;EXPOSED_POPULATION:V2-DEVELOPMENT-POPULATION;EXPOSED_POPULATION:WUR-DEV-ANALYSIS;EXPOSED_POPULATION:WUR-POS-IDENTITY;MSNLIB_ANCHOR_CENSUS_DESIGN;MSNLIB_ANCHOR_CENSUS_DETECTED;MSNLIB_ANCHOR_GATE_CALIBRATION
O=C1OC2(CCC(C(=O)Nc3ccn(-c4ccccc4)n3)CC2)c2cnccc21,True,1,COPLATED_IN_DECODED_WELL
O=C1OC2(CCN(S(=O)(=O)c3cn[nH]c3)CC2)c2ccccc21,True,1,SAMPLE1_DRAW_GROUP
O=C1OC2(CCN1CC1CCOCC1)CCN(C1CCN(C(=O)c3cncnc3)CC1)CC2,False,0,EXPOSED_POPULATION:ENTACT-MIX-LISTS-499-503-505;EXPOSED_POPULATION:LCSB-ALL-MASSBANK-V1-EXPOSURE-SET;EXPOSED_POPULATION:LCSB-DEV;EXPOSED_POPULATION:LCSB-POS-V2-SPECTRA;EXPOSED_POPULATION:V2-DEVELOPMENT-POPULATION
O=C1OC2(c3ccccc3Oc3ccccc32)c2ccccc21,False,0,COPLATED_IN_DECODED_WELL;DECODED_SAME_PLATE_ION_0p01;DECODED_SAME_WELL_ION_0p7;EXPOSED_POPULATION:LCSB-ALL-MASSBANK-V1-EXPOSURE-SET;EXPOSED_POPULATION:LCSB-DEV;EXPOSED_POPULATION:LCSB-NEG;EXPOSED_POPULATION:LCSB-POS-V2-SPECTRA;EXPOSED_POPULATION:V2-DEVELOPMENT-POPULATION;MSNLIB_ANCHOR_CENSUS_DESIGN;MSNLIB_ANCHOR_CENSUS_DETECTED;MSNLIB_ANCHOR_GATE_CALIBRATION
O=C1OC2C=CC1C1CCC3C(=O)OC(c4ccoc4)CC3C21,True,1,COPLATED_IN_DECODED_WELL
O=C1OC2C=CC3C(OC4CCCCO4)OC=C1C23,True,2,COPLATED_IN_DECODED_WELL;DECODED_SAME_PLATE_ION_0p01
O=C1OC2CC(CC=CC(OC3CCC(OC4CCCCO4)CO3)CC=CC=C3COC4CC=CC1C34)OC1(C=CCC(C3CCCCC3)O1)C2,False,0,EXPOSED_POPULATION:WUR-NEG-DEV
O=C1OC2CC(CC=CC(OC3CCC(OC4CCCCO4)CO3)CC=CC=C3COC4CC=CC1C34)OC1(C=CCCO1)C2,False,0,COPLATED_IN_DECODED_WELL;DECODED_SAME_PLATE_ION_0p01;DECODED_SAME_WELL_ION_0p7;EXPOSED_POPULATION:V2-DEVELOPMENT-POPULATION;EXPOSED_POPULATION:WUR-POS-IDENTITY;EXPOSED_POPULATION:WUR-SEALED;MSNLIB_ANCHOR_CENSUS_DESIGN;MSNLIB_ANCHOR_CENSUS_DETECTED;MSNLIB_ANCHOR_GATE_CALIBRATION
O=C1OC2CC(CC=CC(OC3CCC(OC4CCCCO4)CO3)CC=CC=C3COC4CC=CC1C34)OC1(CCCCO1)C2,True,2,COPLATED_IN_DECODED_WELL
O=C1OC2CC1C1C3CC4(OC(c5ccoc5)CC4C1C2)C(=O)O3,True,1,COPLATED_IN_DECODED_WELL
O=C1OC2CC1C1CC3OC34C(=O)OC2C14,True,2,COPLATED_IN_DECODED_WELL
O=C1OC2CC1C1CCC3CNC2C31,True,1,DECODED_SAME_PLATE_ION_0p01
O=C1OC2CC3C1COC14OC5(C(CCC6C1CC1OC17CC=CC(=O)C67)C(=O)OC25)C3C4=O,True,1,COPLATED_IN_DECODED_WELL
O=C1OC2CC3CCCCC13c1ccccc12,True,1,DECODED_SAME_PLATE_ION_0p01;SAMPLE1_DRAW_GROUP
O=C1OC2CCC(CCc3ccoc3)C3CCCC1C23,True,1,DECODED_SAME_PLATE_ION_0p01
O=C1OC2CCC3OC(C2)C1C1C3CC2C=CC3CCCC3C21,True,1,COPLATED_IN_DECODED_WELL;DECODED_SAME_PLATE_ION_0p01;DECODED_SAME_WELL_ION_0p7
O=C1OC2CCCC=C2c2ccccc21,False,0,COPLATED_IN_DECODED_WELL;EXPOSED_POPULATION:V2-DEVELOPMENT-POPULATION;EXPOSED_POPULATION:WUR-POS-IDENTITY;EXPOSED_POPULATION:WUR-SEALED;MSNLIB_ANCHOR_CENSUS_DESIGN
O=C1OC2CCCOC2c2ccccc21,True,2,COPLATED_IN_DECODED_WELL;DECODED_SAME_PLATE_ION_0p01
O=C1OC2COC3COC(=O)c4ccccc4-c4ccc5oc(=O)c6c(ccc7oc(=O)c4c5c76)-c4ccccc4C(=O)OC3C2OC(=O)c2ccccc2-c2ccccc21,False,0,COPLATED_IN_DECODED_WELL
O=C1OC2Cc3ccccc3C13CCCCC23,True,3,DECODED_SAME_PLATE_ION_0p01
O=C1OC2OC=CC3C1C=CC23,True,1,COPLATED_IN_DECODED_WELL
O=C1OCC(Cc2ccc(OC3CCCCO3)cc2)C1Cc1ccccc1,True,1,SAMPLE1_DRAW_GROUP
O=C1OCC(Cc2ccccc2)C1Cc1ccc(OC2CCCCO2)cc1,True,2,COPLATED_IN_DECODED_WELL;DECODED_SAME_PLATE_ION_0p01
O=C1OCC(Cc2ccccc2)C1Cc1ccccc1,True,3,DECODED_SAME_PLATE_ION_0p01;EXPOSED_POPULATION:LCSB-ALL-MASSBANK-V1-EXPOSURE-SET;EXPOSED_POPULATION:LCSB-NEG
O=C1OCC(c2ccccc2)=C1OCC1CC1,False,0,COPLATED_IN_DECODED_WELL;DECODED_SAME_PLATE_ION_0p01;EXPOSED_POPULATION:V2-DEVELOPMENT-POPULATION;EXPOSED_POPULATION:WUR-POS-IDENTITY;EXPOSED_POPULATION:WUR-SEALED;MSNLIB_ANCHOR_CENSUS_DESIGN
O=C1OCC(c2ccccc2)=C1c1ccccc1,False,0,COPLATED_IN_DECODED_WELL;DECODED_SAME_PLATE_ION_0p01;EXPOSED_POPULATION:V2-DEVELOPMENT-POPULATION;EXPOSED_POPULATION:WUR-POS-IDENTITY;EXPOSED_POPULATION:WUR-SEALED;MSNLIB_ANCHOR_CENSUS_DESIGN;MULTIMS2_ANCHOR_CALIBRATION
O=C1OCC2=C1C=CCC2,True,1,COPLATED_IN_DECODED_WELL
O=C1OCC2=C1CCC1C2CC2OC23CC2OC2C2OC123,True,1,COPLATED_IN_DECODED_WELL;DECODED_SAME_PLATE_ION_0p01
O=C1OCC2=CCC3CCCCC3C12,True,10,COPLATED_IN_DECODED_WELL
O=C1OCC2C(COCc3ccccc3)CCCC12,True,1,SAMPLE1_DRAW_GROUP
O=C1OCC2C(OC3CCC4OC(c5cccs5)OCC4O3)c3cc4c(cc3C(c3ccccc3)C12)OCO4,True,1,COPLATED_IN_DECODED_WELL
O=C1OCC2C(OC3CCC4OCOCC4O3)c3cc4c(cc3C(c3ccccc3)C12)OCO4,True,2,COPLATED_IN_DECODED_WELL;EXPOSED_POPULATION:ENTACT-MIX-LISTS-499-503-505
O=C1OCC2C(OC3CCCCO3)c3cc4c(cc3C(c3ccccc3)C12)OCO4,True,1,SAMPLE1_DRAW_GROUP
O=C1OCC2C1CC1CCCCC1C2C=Cc1ccc(-c2ccccc2)cn1,True,1,DECODED_SAME_PLATE_ION_0p01
O=C1OCC2C3CCCC3CCC2C2CCCCC12,True,1,COPLATED_IN_DECODED_WELL
O=C1OCC2CCC13CC=CCCC23,True,5,DECODED_SAME_PLATE_ION_0p01
O=C1OCC2Cc3c(cc4c(c3OC3CCCCO3)OCO4)C(c3ccccc3)C12,True,2,SAMPLE1_DRAW_GROUP
O=C1OCC2Cc3cc4c(cc3C(c3ccccc3)C12)OCO4,True,6,COPLATED_IN_DECODED_WELL;DECODED_SAME_PLATE_ION_0p01
O=C1OCC=C1OC1CCCCO1,True,1,COPLATED_IN_DECODED_WELL
O=C1OCC=C2CC(OC3CCCC(COC4CCCCO4)O3)OC=C12,True,1,SAMPLE1_DRAW_GROUP
O=C1OCC=C2CC(OC3CCCCO3)OC=C12,True,1,DECODED_SAME_PLATE_ION_0p01
O=C1OCCC1N(C(=O)C1CC1)c1ccccc1,False,0,EXPOSED_POPULATION:V2-DEVELOPMENT-POPULATION;EXPOSED_POPULATION:WUR-POS-IDENTITY;EXPOSED_POPULATION:WUR-SEALED
O=C1OCCC1Nc1ccccc1,False,0,EXPOSED_POPULATION:V2-DEVELOPMENT-POPULATION;EXPOSED_POPULATION:WUR-DEV-ANALYSIS;EXPOSED_POPULATION:WUR-POS-IDENTITY
O=C1OCCC2CC(OC3CCCCO3)OC=C12,True,3,DECODED_SAME_PLATE_ION_0p01
O=C1OCCC=CC=CC(OC2CCCCO2)CC=CCCC=CC=C1COC1CCC(OC(=O)c2ccccc2)CO1,False,0,COPLATED_IN_DECODED_WELL
O=C1OCCCCCCCCC=Cc2ccccc21,False,0,COPLATED_IN_DECODED_WELL;EXPOSED_POPULATION:V2-DEVELOPMENT-POPULATION;EXPOSED_POPULATION:WUR-DEV-HOLD;EXPOSED_POPULATION:WUR-POS-IDENTITY;MSNLIB_ANCHOR_CENSUS_DESIGN
O=C1OCCCCCCCCCCc2ccccc21,False,0,COPLATED_IN_DECODED_WELL;DECODED_SAME_PLATE_ION_0p01;EXPOSED_POPULATION:V2-DEVELOPMENT-POPULATION;EXPOSED_POPULATION:WUR-POS-IDENTITY;EXPOSED_POPULATION:WUR-SEALED;MSNLIB_ANCHOR_CENSUS_DESIGN
O=C1OCCN1N=Cc1ccco1,True,2,COPLATED_IN_DECODED_WELL
O=C1OCCN1Nc1ccccc1,False,0,EXPOSED_POPULATION:LCSB-ALL-MASSBANK-V1-EXPOSURE-SET;EXPOSED_POPULATION:LCSB-DEV;EXPOSED_POPULATION:LCSB-POS-V2-SPECTRA;EXPOSED_POPULATION:V2-DEVELOPMENT-POPULATION;EXPOSED_POPULATION:WUR-DEV-ANALYSIS;EXPOSED_POPULATION:WUR-POS-IDENTITY
O=C1OCCN1c1ccc(-c2ccc(-c3nn[nH]n3)nc2)cc1,True,2,COPLATED_IN_DECODED_WELL;DECODED_SAME_PLATE_ION_0p01
O=C1OCCN1c1ccc(-c2ccc(CNCc3cn[nH]n3)cc2)cc1,True,1,DECODED_SAME_PLATE_ION_0p01
O=C1OCCN1c1ccc(N2CCNCC2)cc1,True,1,COPLATED_IN_DECODED_WELL;DECODED_SAME_PLATE_ION_0p01
O=C1OCCN1c1ccc(N2CCOCC2)cc1,True,2,COPLATED_IN_DECODED_WELL;DECODED_SAME_PLATE_ION_0p01
O=C1OCCN1c1ccc(N2CCSCC2)cc1,True,1,COPLATED_IN_DECODED_WELL;DECODED_SAME_PLATE_ION_0p01
O=C1OCCN1c1ccc(OCC2CCN(c3ccc4c(=O)ccn(C5CC5)c4c3)CC2)cc1,True,2,COPLATED_IN_DECODED_WELL;DECODED_SAME_PLATE_ION_0p01;DECODED_SAME_WELL_ION_0p7
O=C1OCCN1c1ccnc(NCc2ccc(CN3CCNCC3)cc2)n1,True,1,DECODED_SAME_PLATE_ION_0p01
O=C1OCCN1c1cn2c(n1)-c1ccccc1OCC2,False,0,DECODED_SAME_PLATE_ION_0p01
O=C1OCCc2c1c(=O)oc1c3c(ccc21)OC1OC=CC31,False,0,EXPOSED_POPULATION:V2-DEVELOPMENT-POPULATION;EXPOSED_POPULATION:WUR-DEV-ANALYSIS;EXPOSED_POPULATION:WUR-POS-IDENTITY
O=C1OCCc2c1c(=O)oc1c3c(ccc21)OC1OCCC31,False,0,EXPOSED_POPULATION:V2-DEVELOPMENT-POPULATION;EXPOSED_POPULATION:WUR-DEV-ANALYSIS;EXPOSED_POPULATION:WUR-POS-IDENTITY
O=C1OCCc2ccccc21,True,19,COPLATED_IN_DECODED_WELL;DECODED_SAME_PLATE_ION_0p01
O=C1OCc2cc3c(cc21)CC1C(CCC24COC(CCC12)O4)O3,True,5,DECODED_SAME_PLATE_ION_0p01
O=C1OCc2cc3ccccc3c(-c3ccc4c(c3)OCO4)c21,True,1,COPLATED_IN_DECODED_WELL;DECODED_SAME_PLATE_ION_0p01;DECODED_SAME_WELL_ION_0p7
O=C1OCc2ccccc21,False,0,COPLATED_IN_DECODED_WELL;DECODED_SAME_PLATE_ION_0p01;DECODED_SAME_WELL_ION_0p7;EXPOSED_POPULATION:V2-DEVELOPMENT-POPULATION;EXPOSED_POPULATION:WUR-POS-IDENTITY;EXPOSED_POPULATION:WUR-SEALED;MSNLIB_ANCHOR_CENSUS_DESIGN;MSNLIB_ANCHOR_CENSUS_DETECTED;MSNLIB_ANCHOR_GATE_CALIBRATION
O=C1OCc2cnc3ccc(-c4cnc5ccccc5c4)cc3c2N1c1ccccc1,True,1,DECODED_SAME_PLATE_ION_0p01
O=C1Oc2ccc3c(c2Oc2ccccc21)COC3=O,True,1,COPLATED_IN_DECODED_WELL
O=C1Oc2ccccc2Oc2ccccc21,True,9,COPLATED_IN_DECODED_WELL
O=C1SC(=Cc2ccc(OCc3ccccc3)cc2)C(=O)N1Cc1ccccc1,True,1,COPLATED_IN_DECODED_WELL
O=C1SS(=O)(=O)c2ccccc21,True,1,DECODED_SAME_PLATE_ION_0p01;SAMPLE1_DRAW_GROUP
O=C1c2[nH]nc(-c3ccccc3)c2C(c2ccccc2)N1c1ccccc1,True,1,COPLATED_IN_DECODED_WELL;DECODED_SAME_PLATE_ION_0p01
O=C1c2c(OC3CCCCO3)cccc2OC1Cc1ccccc1,True,1,COPLATED_IN_DECODED_WELL
O=C1c2c([nH]c3ccccc23)CCC1Cn1ccnc1,True,1,COPLATED_IN_DECODED_WELL;DECODED_SAME_PLATE_ION_0p01
O=C1c2c([nH]c3ccccc23)CCN1Cc1c[nH]cn1,True,1,COPLATED_IN_DECODED_WELL
O=C1c2cc(-c3cnoc3)ccc2CCN1Cc1ccc[nH]c1=O,False,0,DECODED_SAME_PLATE_ION_0p01
O=C1c2cc(=O)ccn2N(C2c3ccccc3CSc3ccccc32)C2COCCN12,True,2,COPLATED_IN_DECODED_WELL;DECODED_SAME_PLATE_ION_0p01;DECODED_SAME_WELL_ION_0p7
O=C1c2cc(Cc3ccc(-n4cccn4)cc3)ccc2CN1C1CCCOC1,True,1,SAMPLE1_DRAW_GROUP
O=C1c2cc3c(cc2-c2c1c1ccccc1c(=O)n2CCCN1CCOCC1)OCO3,True,1,COPLATED_IN_DECODED_WELL;DECODED_SAME_PLATE_ION_0p01
O=C1c2cc3c(n2CCN1c1cc(-c2c[nH]c(=O)c(Nc4ccc(N5CCN(C6COC6)CC5)cn4)c2)ccn1)CCC3,True,1,COPLATED_IN_DECODED_WELL;DECODED_SAME_PLATE_ION_0p01;DECODED_SAME_WELL_ION_0p7
O=C1c2cc3ccc(OC4CC(OC5CCCCO5)CCO4)cc3cc2CCC1OC1CC(OC2CC(OC3CCCCO3)CCO2)CCO1,False,0,COPLATED_IN_DECODED_WELL
O=C1c2cc3ccccc3cc2CN1c1ccccc1,True,1,DECODED_SAME_PLATE_ION_0p01
O=C1c2cc3ccccc3nc2CN1c1ccccc1,True,1,SAMPLE1_DRAW_GROUP
O=C1c2cc3nnn(CCc4ccccc4)c(=O)c3cc2OCN1C1CC1,True,1,COPLATED_IN_DECODED_WELL;SAMPLE1_DRAW_GROUP
O=C1c2cc[nH]c2CCC1CN1CCOCC1,True,1,COPLATED_IN_DECODED_WELL;DECODED_SAME_PLATE_ION_0p01;DECODED_SAME_WELL_ION_0p7
O=C1c2ccc(-c3ccccc3)cc2Cc2[nH]c3ccccc3c21,True,1,COPLATED_IN_DECODED_WELL
O=C1c2ccc(-c3cn(-c4cccnc4)nn3)cc2CN1C1CC1,True,1,SAMPLE1_DRAW_GROUP
O=C1c2ccc(-c3cn[nH]c3)cc2Cc2[nH]c3ccccc3c21,True,1,SAMPLE1_DRAW_GROUP
O=C1c2ccc(-c3cncs3)cc2CN1CC1CC1,True,1,COPLATED_IN_DECODED_WELL;DECODED_SAME_PLATE_ION_0p01;DECODED_SAME_WELL_ION_0p7
O=C1c2ccc(N3CCC(N4CCOCC4)CC3)cc2Cc2[nH]c3ccccc3c21,True,1,DECODED_SAME_PLATE_ION_0p01
O=C1c2ccc(OCc3cccc(-c4ccccc4)c3)cc2CC1C1CCCC1,True,1,COPLATED_IN_DECODED_WELL
O=C1c2ccc3c(c2OC2COc4ccccc4C12)C=CCO3,True,2,DECODED_SAME_PLATE_ION_0p01
O=C1c2ccc3c(c2OC2COc4ccccc4C12)CCO3,False,0,COPLATED_IN_DECODED_WELL;DECODED_SAME_PLATE_ION_0p01;DECODED_SAME_WELL_ION_0p7;EXPOSED_POPULATION:V2-DEVELOPMENT-POPULATION;EXPOSED_POPULATION:WUR-POS-IDENTITY;EXPOSED_POPULATION:WUR-SEALED;MSNLIB_ANCHOR_CENSUS_DESIGN;MSNLIB_ANCHOR_CENSUS_DETECTED;MSNLIB_ANCHOR_GATE_CALIBRATION
O=C1c2cccc3c2C(CCC3)CN1C1CN2CCC1CC2,True,1,COPLATED_IN_DECODED_WELL;DECODED_SAME_PLATE_ION_0p01
O=C1c2cccc3cccc(c23)C(=O)N1CCCSc1nnc(-c2ccncc2)n1-c1ccccc1,True,1,SAMPLE1_DRAW_GROUP
O=C1c2cccc3cccc(c23)C(=O)N1CCNCc1nncs1,True,2,DECODED_SAME_PLATE_ION_0p01
O=C1c2cccc3cccc(c23)C(=O)N1c1ccc2[nH]c(=O)[nH]c2c1,True,1,DECODED_SAME_PLATE_ION_0p01
O=C1c2ccccc2-c2cccc3ccnc1c23,True,1,DECODED_SAME_PLATE_ION_0p01
O=C1c2ccccc2-c2n[nH]c3cccc1c23,True,1,SAMPLE1_DRAW_GROUP
O=C1c2ccccc2-c2onc3c(N4CCCCCC4)cc(Nc4ccccc4)c1c23,True,1,SAMPLE1_DRAW_GROUP
O=C1c2ccccc2-n2c1nc1ccccc1c2=O,True,2,DECODED_SAME_PLATE_ION_0p01
O=C1c2ccccc2-n2cncc2C2CCCN12,True,1,DECODED_SAME_PLATE_ION_0p01
O=C1c2ccccc2C(=O)C1c1ccccc1,True,4,COPLATED_IN_DECODED_WELL;DECODED_SAME_PLATE_ION_0p01
O=C1c2ccccc2C(=O)N1CC1c2ccccc2CCN1C(=O)C1CCCCC1,True,1,COPLATED_IN_DECODED_WELL;DECODED_SAME_PLATE_ION_0p01
O=C1c2ccccc2C(=O)N1CCCCN1CCN(c2ccccc2)CC1,True,1,DECODED_SAME_PLATE_ION_0p01
O=C1c2ccccc2C(=O)N1Cc1ccccc1,True,2,COPLATED_IN_DECODED_WELL;DECODED_SAME_PLATE_ION_0p01
O=C1c2ccccc2C(=O)N1Cc1ccsc1-c1ccccc1,True,1,SAMPLE1_DRAW_GROUP
O=C1c2ccccc2C(=O)N1N=Cc1ccccc1,True,1,SAMPLE1_DRAW_GROUP
O=C1c2ccccc2C(=O)N1c1ccccc1,False,0,EXPOSED_POPULATION:ENTACT-MIX-LISTS-499-503-505;EXPOSED_POPULATION:LCSB-ALL-MASSBANK-V1-EXPOSURE-SET;EXPOSED_POPULATION:LCSB-DEV;EXPOSED_POPULATION:LCSB-NEG;EXPOSED_POPULATION:LCSB-POS-V2-SPECTRA;EXPOSED_POPULATION:V2-DEVELOPMENT-POPULATION
O=C1c2ccccc2C(=O)c2c(NCCc3ccccc3)ccc(NCCc3ccccc3)c21,True,1,DECODED_SAME_PLATE_ION_0p01
O=C1c2ccccc2C(=O)c2c(OC3CCCCO3)cccc21,True,4,COPLATED_IN_DECODED_WELL;DECODED_SAME_PLATE_ION_0p01;EXPOSED_POPULATION:WUR-NEG-DEV
O=C1c2ccccc2C(=O)c2c1ccc1c2C(=O)CCC1,True,3,COPLATED_IN_DECODED_WELL
O=C1c2ccccc2C(=O)c2c1cccc2-c1cnn(C2CCNCC2)c1,True,1,DECODED_SAME_PLATE_ION_0p01
O=C1c2ccccc2C(=O)c2cc(C3CCCCO3)ccc21,True,1,EXPOSED_POPULATION:LCSB-ALL-MASSBANK-V1-EXPOSURE-SET;EXPOSED_POPULATION:LCSB-NEG;EXPOSED_POPULATION:WUR-NEG-DEV
O=C1c2ccccc2C(=O)c2cc3c(cc21)CCCC3,True,1,DECODED_SAME_PLATE_ION_0p01
O=C1c2ccccc2C(=O)c2cc3c(cc21)CCCC3OC1CC2C(CO1)OC1COCCN12,True,1,COPLATED_IN_DECODED_WELL
O=C1c2ccccc2C(=O)c2cc3c(cc21)CCCC3OC1CCCCO1,True,4,COPLATED_IN_DECODED_WELL;DECODED_SAME_PLATE_ION_0p01
O=C1c2ccccc2C(=O)c2ccccc21,False,0,COPLATED_IN_DECODED_WELL;DECODED_SAME_PLATE_ION_0p01;DECODED_SAME_WELL_ION_0p7;EXPOSED_POPULATION:ENTACT-MIX-LISTS-499-503-505;EXPOSED_POPULATION:LCSB-ALL-MASSBANK-V1-EXPOSURE-SET;EXPOSED_POPULATION:LCSB-DEV;EXPOSED_POPULATION:LCSB-NEG;EXPOSED_POPULATION:LCSB-POS-V2-SPECTRA;EXPOSED_POPULATION:V2-DEVELOPMENT-POPULATION;EXPOSED_POPULATION:WUR-DEV-ANALYSIS;EXPOSED_POPULATION:WUR-NEG-DEV;EXPOSED_POPULATION:WUR-POS-IDENTITY;MSNLIB_ANCHOR_CENSUS_DESIGN;MSNLIB_ANCHOR_CENSUS_DETECTED;MSNLIB_ANCHOR_GATE_CALIBRATION
O=C1c2ccccc2C(=O)c2cnccc21,True,1,COPLATED_IN_DECODED_WELL;DECODED_SAME_PLATE_ION_0p01
O=C1c2ccccc2C(=O)c2oc(-c3ccccc3)nc21,True,1,COPLATED_IN_DECODED_WELL;DECODED_SAME_WELL_ION_0p7
O=C1c2ccccc2C(=O)c2sc(-c3ccco3)nc21,False,0,DECODED_SAME_PLATE_ION_0p01
O=C1c2ccccc2C(C2CCCCO2)c2ccccc21,True,2,COPLATED_IN_DECODED_WELL;EXPOSED_POPULATION:WUR-NEG-DEV
O=C1c2ccccc2C(C2c3ccccc3C(=O)c3c(OC4CCCCO4)cccc32)c2cccc(OC3CCCCO3)c21,True,2,COPLATED_IN_DECODED_WELL
O=C1c2ccccc2C(C2c3ccccc3C(=O)c3ccccc32)c2ccccc21,False,0,EXPOSED_POPULATION:WUR-NEG-DEV
O=C1c2ccccc2C(Cc2ccncc2)(Cc2ccncc2)c2ccccc21,True,1,DECODED_SAME_PLATE_ION_0p01
O=C1c2ccccc2C(OC2CCCCO2)c2ccccc21,True,1,DECODED_SAME_PLATE_ION_0p01
O=C1c2ccccc2C2(c3ccccc3Oc3ccccc32)N1c1ccccc1,True,1,COPLATED_IN_DECODED_WELL
O=C1c2ccccc2C23CCCCC2C1OC3=O,True,1,DECODED_SAME_PLATE_ION_0p01
O=C1c2ccccc2CC1CC1CCN(Cc2ccccc2)CC1,True,1,COPLATED_IN_DECODED_WELL;DECODED_SAME_PLATE_ION_0p01;DECODED_SAME_WELL_ION_0p7;SAMPLE1_DRAW_GROUP
O=C1c2ccccc2CCc2cc(Nc3ccccc3)ccc21,True,1,DECODED_SAME_PLATE_ION_0p01
O=C1c2ccccc2CN1c1ccccc1,False,0,COPLATED_IN_DECODED_WELL;DECODED_SAME_PLATE_ION_0p01;DECODED_SAME_WELL_ION_0p7;EXPOSED_POPULATION:V2-DEVELOPMENT-POPULATION;EXPOSED_POPULATION:WUR-DEV-ANALYSIS;EXPOSED_POPULATION:WUR-POS-IDENTITY;MSNLIB_ANCHOR_CENSUS_DESIGN;MSNLIB_ANCHOR_CENSUS_DETECTED;MSNLIB_ANCHOR_GATE_CALIBRATION
O=C1c2ccccc2Cc2ccccc21,True,3,COPLATED_IN_DECODED_WELL;DECODED_SAME_PLATE_ION_0p01
O=C1c2ccccc2NC(c2cccc(COc3ccccc3)c2)N1Cc1ccco1,True,1,DECODED_SAME_PLATE_ION_0p01
O=C1c2ccccc2NC(c2cccs2)N1c1ccccc1,True,1,DECODED_SAME_PLATE_ION_0p01
O=C1c2ccccc2NC2c3[nH]c4ccccc4c3CCN12,False,0,DECODED_SAME_PLATE_ION_0p01
O=C1c2ccccc2OC(c2ccccc2)C1C1C(=O)c2ccccc2OC1c1ccccc1,True,3,COPLATED_IN_DECODED_WELL;DECODED_SAME_PLATE_ION_0p01;DECODED_SAME_WELL_ION_0p7
O=C1c2ccccc2OC(c2ccccc2)C1OC1CCCCO1,True,3,COPLATED_IN_DECODED_WELL;DECODED_SAME_PLATE_ION_0p01
O=C1c2ccccc2OC12CC=CCC2,True,1,COPLATED_IN_DECODED_WELL
O=C1c2ccccc2OCC1c1ccccc1,True,4,COPLATED_IN_DECODED_WELL;DECODED_SAME_PLATE_ION_0p01
O=C1c2ccccc2S(=O)(=O)N1COc1cc(=O)n2cccc(OCCN3CCCCC3)c2n1,False,0,EXPOSED_POPULATION:LCSB-ALL-MASSBANK-V1-EXPOSURE-SET;EXPOSED_POPULATION:LCSB-CONFIRMATION
O=C1c2cccnc2OCC2CCCN12,True,1,COPLATED_IN_DECODED_WELL
O=C1c2cncnc2OCCN1c1ccc(C2CCCCC2)cc1,True,1,DECODED_SAME_PLATE_ION_0p01
O=C1c2oc3ccccc3c(=O)c2C(c2ccccc2)N1CC1CCCO1,True,1,SAMPLE1_DRAW_GROUP
O=P(Oc1ccccc1)(Oc1ccccc1)Oc1ccccc1,False,0,EXPOSED_POPULATION:LCSB-ALL-MASSBANK-V1-EXPOSURE-SET;EXPOSED_POPULATION:LCSB-DEV;EXPOSED_POPULATION:LCSB-POS-V2-SPECTRA;EXPOSED_POPULATION:V2-DEVELOPMENT-POPULATION;EXPOSED_POPULATION:WUR-POS-IDENTITY;EXPOSED_POPULATION:WUR-SEALED
O=P(c1ccccc1)(c1ccccc1)c1ccccc1,False,0,EXPOSED_POPULATION:ENTACT-MIX-LISTS-499-503-505;EXPOSED_POPULATION:LCSB-ALL-MASSBANK-V1-EXPOSURE-SET;EXPOSED_POPULATION:LCSB-DEV;EXPOSED_POPULATION:LCSB-POS-V2-SPECTRA;EXPOSED_POPULATION:V2-DEVELOPMENT-POPULATION;EXPOSED_POPULATION:WUR-DEV-ANALYSIS;EXPOSED_POPULATION:WUR-POS-IDENTITY
O=S(=O)(C1CC1)N1CCC(Oc2ccncc2)CC1,True,1,SAMPLE1_DRAW_GROUP
O=S(=O)(C1CCCCC1)N1CCCC(Oc2cccnn2)C1,True,1,SAMPLE1_DRAW_GROUP
O=S(=O)(C1CCN(c2ccncn2)CC1)N1CCCCC1,True,1,SAMPLE1_DRAW_GROUP
O=S(=O)(C=Cc1ccccc1)Cc1ccccc1,True,2,COPLATED_IN_DECODED_WELL
O=S(=O)(C=Cc1ccccc1)Nc1nc(-c2ncccn2)ncc1Oc1ccccc1,True,1,COPLATED_IN_DECODED_WELL;DECODED_SAME_PLATE_ION_0p01;DECODED_SAME_WELL_ION_0p7
O=S(=O)(CC1CC(c2ccccc2)=NN1c1ccccc1)N1CCOCC1,True,1,DECODED_SAME_PLATE_ION_0p01
O=S(=O)(CC1CC2(CC2)C1)NCc1ccccc1-n1ccnc1,True,1,SAMPLE1_DRAW_GROUP
O=S(=O)(CC1CCOCC1)N1CC2CCCC2C1,True,1,SAMPLE1_DRAW_GROUP
O=S(=O)(CCC1CC1)N1CCNCC1,True,1,SAMPLE1_DRAW_GROUP
O=S(=O)(CCc1ccc2[nH]cc(CC3CCCN3)c2c1)c1ccccc1,True,1,COPLATED_IN_DECODED_WELL;DECODED_SAME_PLATE_ION_0p01;DECODED_SAME_WELL_ION_0p7
O=S(=O)(Cc1cc2ccccc2[nH]1)c1ccccc1,False,0,EXPOSED_POPULATION:V2-DEVELOPMENT-POPULATION;EXPOSED_POPULATION:WUR-POS-IDENTITY;EXPOSED_POPULATION:WUR-SEALED
O=S(=O)(Cc1ccc2[nH]ccc2c1)N1CCCC1,True,1,COPLATED_IN_DECODED_WELL;DECODED_SAME_PLATE_ION_0p01
O=S(=O)(Cc1ccccc1)N1C=Cc2ccccc2C1c1c[nH]c2ccccc12,True,1,COPLATED_IN_DECODED_WELL
O=S(=O)(Cc1ccccc1)N1CCCC(Oc2ncccn2)C1,True,1,SAMPLE1_DRAW_GROUP
O=S(=O)(Cc1ccccc1)N1CCCC(c2cc[nH]n2)C1,True,1,SAMPLE1_DRAW_GROUP
O=S(=O)(Cc1ccccc1)N1CCN(Cc2nnnn2-c2ccccc2)CC1,True,1,SAMPLE1_DRAW_GROUP
O=S(=O)(Cc1ccccc1)NCC1CCCN1c1nccs1,True,1,SAMPLE1_DRAW_GROUP
O=S(=O)(Cc1ccccc1)NCCn1cc(-c2ccsc2)cn1,True,1,SAMPLE1_DRAW_GROUP
O=S(=O)(Cc1ccccc1)NCc1ccsc1,True,1,SAMPLE1_DRAW_GROUP
O=S(=O)(Cc1ccccc1)Nc1ccccc1,True,3,DECODED_SAME_PLATE_ION_0p01
O=S(=O)(Cc1ccno1)NCc1ccccc1,True,1,SAMPLE1_DRAW_GROUP
O=S(=O)(Cc1nc2ccccc2nc1N1CCNCC1)c1ccccc1,True,1,SAMPLE1_DRAW_GROUP
O=S(=O)(N1CCCCC1)n1cccn1,True,1,SAMPLE1_DRAW_GROUP
O=S(=O)(NC1(c2nc(-c3cccnc3)no2)CCCCC1)c1cccs1,True,1,SAMPLE1_DRAW_GROUP
O=S(=O)(NC1CC1)c1cnc2cc(-c3cncnc3)ccc2c1Nc1cccc(Oc2ccccc2)c1,True,1,SAMPLE1_DRAW_GROUP
O=S(=O)(NC1CCCC(N2c3ccccc3Oc3ccccc32)C1)c1ccccc1,True,1,SAMPLE1_DRAW_GROUP
O=S(=O)(NC1CCCC1)N1CCCC1,True,1,SAMPLE1_DRAW_GROUP
O=S(=O)(NC1CCCC1)c1ccc(Oc2ccccc2)cc1,False,0,EXPOSED_POPULATION:LCSB-ALL-MASSBANK-V1-EXPOSURE-SET;EXPOSED_POPULATION:LCSB-CONFIRMATION;EXPOSED_POPULATION:LCSB-NEG
O=S(=O)(NC1CCCCC1)c1cccc2ccccc12,True,1,SAMPLE1_DRAW_GROUP
O=S(=O)(NC1CCCCC1)c1ccccc1,False,0,DECODED_SAME_PLATE_ION_0p01;EXPOSED_POPULATION:LCSB-ALL-MASSBANK-V1-EXPOSURE-SET;EXPOSED_POPULATION:LCSB-DEV;EXPOSED_POPULATION:LCSB-POS-V2-SPECTRA;EXPOSED_POPULATION:V2-DEVELOPMENT-POPULATION
O=S(=O)(NC1CCCN(Cc2ccccc2)C1)C1CC1,True,1,SAMPLE1_DRAW_GROUP
O=S(=O)(NC1CCCN(Cc2cncs2)C1)C1CC1,True,1,SAMPLE1_DRAW_GROUP
O=S(=O)(NC1CCCN(c2cnccn2)C1)C1CC1,True,1,SAMPLE1_DRAW_GROUP
O=S(=O)(NC1CCN(C2CCOCC2)C1)c1ccccc1,True,1,SAMPLE1_DRAW_GROUP
O=S(=O)(NC1CCN(c2ccnc3ccnn23)C1)C1CC1,True,1,SAMPLE1_DRAW_GROUP
O=S(=O)(NC1CCN(c2cnccn2)C1)c1cccnc1,True,1,SAMPLE1_DRAW_GROUP
O=S(=O)(NC1CCOCC1)c1ccc(Oc2ccccc2)cc1,False,0,EXPOSED_POPULATION:ENTACT-MIX-LISTS-499-503-505;EXPOSED_POPULATION:LCSB-ALL-MASSBANK-V1-EXPOSURE-SET;EXPOSED_POPULATION:LCSB-DEV;EXPOSED_POPULATION:LCSB-NEG;EXPOSED_POPULATION:LCSB-POS-V2-SPECTRA;EXPOSED_POPULATION:V2-DEVELOPMENT-POPULATION
O=S(=O)(NC1CCc2[nH]c3ccccc3c2C1)c1ccccc1,True,2,COPLATED_IN_DECODED_WELL
O=S(=O)(NC1CCc2cc3ccccc3n2C1)c1ccccc1,True,1,SAMPLE1_DRAW_GROUP
O=S(=O)(NC1CCc2ccccc21)c1cn[nH]c1,True,2,SAMPLE1_DRAW_GROUP
O=S(=O)(NC1CN(c2ccccn2)C1)c1cn[nH]c1,True,2,SAMPLE1_DRAW_GROUP
O=S(=O)(NC1COCC(n2c3ccccc3c3ccccc32)C1)c1ccccc1,True,1,COPLATED_IN_DECODED_WELL
O=S(=O)(NCC(c1ccsc1)c1ccco1)c1ccccc1,True,1,SAMPLE1_DRAW_GROUP
O=S(=O)(NCC1CC1)c1ccc2scnc2c1,True,1,SAMPLE1_DRAW_GROUP
O=S(=O)(NCC1CCC(CNc2ncc3ccccc3n2)CC1)c1cccc2ccccc12,True,1,COPLATED_IN_DECODED_WELL;DECODED_SAME_PLATE_ION_0p01;DECODED_SAME_WELL_ION_0p7
O=S(=O)(NCC1CCC(c2ncn[nH]2)O1)c1ccccc1,True,1,SAMPLE1_DRAW_GROUP
O=S(=O)(NCC1CCCC1)c1cccs1,True,1,SAMPLE1_DRAW_GROUP
O=S(=O)(NCC1CCCc2sccc21)c1ccccc1,True,1,SAMPLE1_DRAW_GROUP
O=S(=O)(NCC1CN(c2ncnc3c2nnn3-c2ccccc2)C1)C1CC1,True,1,SAMPLE1_DRAW_GROUP
O=S(=O)(NCCC1=CCCCC1)c1cnc2oncc2c1,True,1,SAMPLE1_DRAW_GROUP
O=S(=O)(NCCCN1CCCCC1)c1ccccc1,True,1,COPLATED_IN_DECODED_WELL;DECODED_SAME_PLATE_ION_0p01;DECODED_SAME_WELL_ION_0p7
O=S(=O)(NCCCN1c2ccccc2CCc2ccccc21)c1ccccc1,True,2,COPLATED_IN_DECODED_WELL
O=S(=O)(NCCCc1cnc2ccnn2c1)c1ccccc1,True,1,SAMPLE1_DRAW_GROUP
O=S(=O)(NCCN1CCNCC1)c1ccc(NC2CCCCC2)c(NCc2ccccc2)c1,True,1,COPLATED_IN_DECODED_WELL
O=S(=O)(NCCNc1ccncn1)c1ccccc1,True,1,SAMPLE1_DRAW_GROUP
O=S(=O)(NCCc1ccccc1)N1CCCCC1,True,2,SAMPLE1_DRAW_GROUP
O=S(=O)(NCCc1ccccc1)c1ccoc1,True,1,SAMPLE1_DRAW_GROUP
O=S(=O)(NCCc1ccco1)c1ccc2ccccc2c1,True,1,SAMPLE1_DRAW_GROUP
O=S(=O)(NCCc1cccs1)c1csc(-c2cc[nH]n2)c1,True,1,SAMPLE1_DRAW_GROUP
O=S(=O)(NCCc1cnoc1)c1cn[nH]c1,True,1,SAMPLE1_DRAW_GROUP
O=S(=O)(NCCc1nc(-c2ccco2)c[nH]1)c1ccccc1,True,1,DECODED_SAME_PLATE_ION_0p01
O=S(=O)(NCCc1ncn[nH]1)c1ccccc1,True,1,SAMPLE1_DRAW_GROUP
O=S(=O)(NCCn1cc(-c2ccsc2)cn1)c1cn[nH]c1,True,1,SAMPLE1_DRAW_GROUP
O=S(=O)(NCc1c(-c2ccccc2)nc2scnn12)c1ccccc1,True,2,SAMPLE1_DRAW_GROUP
O=S(=O)(NCc1ccc(-c2ccoc2)nc1)c1ccccc1,True,1,SAMPLE1_DRAW_GROUP
O=S(=O)(NCc1ccc(-c2ncon2)cc1)c1ccccc1,True,1,COPLATED_IN_DECODED_WELL
O=S(=O)(NCc1ccccc1)c1c[nH]cn1,True,1,SAMPLE1_DRAW_GROUP
O=S(=O)(NCc1ccccc1)c1cccc(-c2cnoc2)c1,True,1,SAMPLE1_DRAW_GROUP
O=S(=O)(NCc1ccccc1)c1cccc2ccccc12,True,1,SAMPLE1_DRAW_GROUP
O=S(=O)(NCc1ccccc1)c1ccccc1,True,7,COPLATED_IN_DECODED_WELL;DECODED_SAME_PLATE_ION_0p01
O=S(=O)(NCc1cccnc1-c1ccco1)c1cn[nH]c1,True,1,SAMPLE1_DRAW_GROUP
O=S(=O)(NCc1ccco1)c1cccc(-c2nnc(-c3ccccc3)o2)c1,True,1,SAMPLE1_DRAW_GROUP
O=S(=O)(NCc1cccs1)c1cnc2scnn12,True,2,SAMPLE1_DRAW_GROUP
O=S(=O)(NCc1ccsc1)c1ccccc1,True,5,SAMPLE1_DRAW_GROUP
O=S(=O)(NCc1cn[nH]c1)c1ccc2ccccc2c1,True,1,SAMPLE1_DRAW_GROUP
O=S(=O)(NCc1cnco1)c1cn[nH]c1,True,1,SAMPLE1_DRAW_GROUP
O=S(=O)(NCc1nccc(N2CCCC2)n1)c1ccccc1,True,1,SAMPLE1_DRAW_GROUP
O=S(=O)(NCc1ncn[nH]1)c1cccs1,True,1,SAMPLE1_DRAW_GROUP
O=S(=O)(NCc1ncno1)c1ccccc1,True,1,SAMPLE1_DRAW_GROUP
O=S(=O)(NCc1ncno1)c1cccs1,True,1,SAMPLE1_DRAW_GROUP
O=S(=O)(NCc1nnc[nH]1)c1ccsc1,True,1,SAMPLE1_DRAW_GROUP
O=S(=O)(NN=C1CCCCCC1)c1ccccc1,True,1,SAMPLE1_DRAW_GROUP
O=S(=O)(NN=Cc1ccc(OCc2ccccc2)cc1)c1ccccc1,True,1,SAMPLE1_DRAW_GROUP
O=S(=O)(NN=Cc1cn[nH]c1)c1ccccc1,True,1,COPLATED_IN_DECODED_WELL
O=S(=O)(NS(=O)(=O)c1ccccc1)c1ccccc1,True,1,SAMPLE1_DRAW_GROUP
O=S(=O)(Nc1cc(-c2cccc3ccccc23)cc2ccccc12)c1ccccc1,True,1,DECODED_SAME_PLATE_ION_0p01
O=S(=O)(Nc1cc(-c2ccccc2)[nH]n1)c1ccc2c(c1)CCNCC2,True,1,SAMPLE1_DRAW_GROUP
O=S(=O)(Nc1cc(-c2ccoc2)no1)c1ccc2c(c1)CCC2,True,1,SAMPLE1_DRAW_GROUP
O=S(=O)(Nc1ccc(-n2ccnc2)cc1)c1ccccc1,True,1,DECODED_SAME_PLATE_ION_0p01
O=S(=O)(Nc1ccc(N2CCCC2)c2ccccc12)c1ccccc1,True,1,COPLATED_IN_DECODED_WELL
O=S(=O)(Nc1ccc(Nc2ccccc2)cc1)c1ccsc1,True,1,COPLATED_IN_DECODED_WELL
O=S(=O)(Nc1ccc(Oc2cccnc2)cc1)c1ccc2c(c1)CNCC2,False,0,COPLATED_IN_DECODED_WELL
O=S(=O)(Nc1ccc2c(c1)OCO2)c1ccc2ccccc2c1,True,1,SAMPLE1_DRAW_GROUP
O=S(=O)(Nc1cccc(-c2cccs2)c1)c1ccccc1,True,1,DECODED_SAME_PLATE_ION_0p01
O=S(=O)(Nc1cccc(-c2ncsc2-c2ccncn2)c1)c1ccccc1,True,1,COPLATED_IN_DECODED_WELL;DECODED_SAME_PLATE_ION_0p01;DECODED_SAME_WELL_ION_0p7
O=S(=O)(Nc1cccc(-c2nn3cnnc3s2)c1)c1ccccc1,True,1,SAMPLE1_DRAW_GROUP
O=S(=O)(Nc1cccc2cc[nH]c12)c1ccccc1,True,1,SAMPLE1_DRAW_GROUP
O=S(=O)(Nc1cccc2ccccc12)c1ccccc1,True,3,SURFACED_VALUE_ATTRIBUTED_WELL
O=S(=O)(Nc1cccc2cccnc12)c1ccccc1,True,3,SAMPLE1_DRAW_GROUP
O=S(=O)(Nc1ccccc1)c1ccc(-c2ccccc2)cc1,True,1,SAMPLE1_DRAW_GROUP
O=S(=O)(Nc1ccccc1)c1ccc(OCC2CCOCC2)cc1,True,1,DECODED_SAME_PLATE_ION_0p01
O=S(=O)(Nc1ccccc1)c1ccc2c(c1)C1C=CCC1C(c1ccccc1)N2,True,1,DECODED_SAME_PLATE_ION_0p01
O=S(=O)(Nc1ccccc1)c1cccc(-c2ccccc2)c1,True,1,COPLATED_IN_DECODED_WELL
O=S(=O)(Nc1ccccc1)c1cccc(N2CCNCC2)c1,True,1,COPLATED_IN_DECODED_WELL;DECODED_SAME_PLATE_ION_0p01;DECODED_SAME_WELL_ION_0p7
O=S(=O)(Nc1ccccc1)c1ccccc1,True,36,COPLATED_IN_DECODED_WELL;DECODED_SAME_PLATE_ION_0p01;DECODED_SAME_WELL_ION_0p7;EXPOSED_POPULATION:LCSB-ALL-MASSBANK-V1-EXPOSURE-SET;EXPOSED_POPULATION:LCSB-NEG
O=S(=O)(Nc1ccccc1)c1cncs1,True,1,COPLATED_IN_DECODED_WELL
O=S(=O)(Nc1ccccc1)c1cnn(C2CCOCC2)c1,True,1,SAMPLE1_DRAW_GROUP
O=S(=O)(Nc1ccccc1)c1coc(-c2ccn[nH]2)c1,True,3,SAMPLE1_DRAW_GROUP
O=S(=O)(Nc1ccccc1)c1nc2ccncn2n1,False,0,EXPOSED_POPULATION:ENTACT-MIX-LISTS-499-503-505;EXPOSED_POPULATION:LCSB-ALL-MASSBANK-V1-EXPOSURE-SET;EXPOSED_POPULATION:LCSB-DEV;EXPOSED_POPULATION:LCSB-NEG;EXPOSED_POPULATION:LCSB-POS-V2-SPECTRA;EXPOSED_POPULATION:V2-DEVELOPMENT-POPULATION;EXPOSED_POPULATION:WUR-DEV-ANALYSIS;EXPOSED_POPULATION:WUR-POS-IDENTITY
O=S(=O)(Nc1ccccc1)c1nc2ncccn2n1,False,0,EXPOSED_POPULATION:ENTACT-MIX-LISTS-499-503-505;EXPOSED_POPULATION:LCSB-ALL-MASSBANK-V1-EXPOSURE-SET;EXPOSED_POPULATION:LCSB-DEV;EXPOSED_POPULATION:LCSB-NEG;EXPOSED_POPULATION:LCSB-POS-V2-SPECTRA;EXPOSED_POPULATION:V2-DEVELOPMENT-POPULATION;EXPOSED_POPULATION:WUR-DEV-ANALYSIS;EXPOSED_POPULATION:WUR-NEG-DEV;EXPOSED_POPULATION:WUR-POS-IDENTITY
O=S(=O)(Nc1ccccc1C=Cc1cc[nH+]cc1)c1ccccc1,True,1,SAMPLE1_DRAW_GROUP
O=S(=O)(Nc1ccccc1C=Cc1ccncc1)c1ccccc1,True,1,DECODED_SAME_PLATE_ION_0p01
O=S(=O)(Nc1ccccc1C=Nc1ccccc1NS(=O)(=O)c1ccccc1)c1ccccc1,True,1,COPLATED_IN_DECODED_WELL
O=S(=O)(Nc1ccccc1CNCC=Cc1ccccc1)c1ccccc1,True,2,COPLATED_IN_DECODED_WELL;DECODED_SAME_PLATE_ION_0p01;DECODED_SAME_WELL_ION_0p7
O=S(=O)(Nc1ccccc1Cc1nc(-c2cccnc2)no1)c1ccc2c(c1)CCCC2,True,1,SAMPLE1_DRAW_GROUP
O=S(=O)(Nc1ccccc1N1CCCCC1)c1ccccc1,True,1,SAMPLE1_DRAW_GROUP
O=S(=O)(Nc1ccccc1N1CCCCC1)c1cccs1,True,1,COPLATED_IN_DECODED_WELL;DECODED_SAME_PLATE_ION_0p01;DECODED_SAME_WELL_ION_0p7
O=S(=O)(Nc1ccccn1)c1ccc(N=Nc2ccccc2)cc1,True,1,COPLATED_IN_DECODED_WELL;EXPOSED_POPULATION:ENTACT-MIX-LISTS-499-503-505;EXPOSED_POPULATION:LCSB-ALL-MASSBANK-V1-EXPOSURE-SET;EXPOSED_POPULATION:LCSB-CONFIRMATION;EXPOSED_POPULATION:LCSB-NEG;EXPOSED_POPULATION:LCSB-RAW-MIX-REPLICATE-SET-92;EXPOSED_POPULATION:LCSB-RAW-MIXES-499-503-505
O=S(=O)(Nc1ccccn1)c1ccccc1,False,0,COPLATED_IN_DECODED_WELL;DECODED_SAME_PLATE_ION_0p01;DECODED_SAME_WELL_ION_0p7;EXPOSED_POPULATION:V2-DEVELOPMENT-POPULATION;EXPOSED_POPULATION:WUR-DEV-ANALYSIS;EXPOSED_POPULATION:WUR-POS-IDENTITY;MSNLIB_ANCHOR_CENSUS_DESIGN;MSNLIB_ANCHOR_CENSUS_DETECTED;MSNLIB_ANCHOR_GATE_CALIBRATION;MULTIMS2_ANCHOR_CALIBRATION
O=S(=O)(Nc1cccn2cnnc12)c1ccc2c(c1)CCC2,True,1,SAMPLE1_DRAW_GROUP
O=S(=O)(Nc1cccnc1Nc1ccccc1)c1ccccc1,True,1,DECODED_SAME_PLATE_ION_0p01
O=S(=O)(Nc1cccnn1)c1ccccc1,False,0,COPLATED_IN_DECODED_WELL;DECODED_SAME_PLATE_ION_0p01;DECODED_SAME_WELL_ION_0p7;EXPOSED_POPULATION:V2-DEVELOPMENT-POPULATION;EXPOSED_POPULATION:WUR-DEV-ANALYSIS;EXPOSED_POPULATION:WUR-POS-IDENTITY;MSNLIB_ANCHOR_CENSUS_DESIGN;MSNLIB_ANCHOR_CENSUS_DETECTED;MSNLIB_ANCHOR_GATE_CALIBRATION
O=S(=O)(Nc1ccnc(SCc2ccccc2)n1)N1CCC1,True,2,COPLATED_IN_DECODED_WELL
O=S(=O)(Nc1ccncn1)c1ccccc1,False,0,COPLATED_IN_DECODED_WELL;DECODED_SAME_PLATE_ION_0p01;DECODED_SAME_WELL_ION_0p7;EXPOSED_POPULATION:V2-DEVELOPMENT-POPULATION;EXPOSED_POPULATION:WUR-POS-IDENTITY;EXPOSED_POPULATION:WUR-SEALED;MSNLIB_ANCHOR_CENSUS_DESIGN;MSNLIB_ANCHOR_CENSUS_DETECTED;MSNLIB_ANCHOR_GATE_CALIBRATION;MULTIMS2_ANCHOR_CALIBRATION
O=S(=O)(Nc1ccnn1-c1ccccc1)c1ccccc1,False,0,COPLATED_IN_DECODED_WELL;DECODED_SAME_PLATE_ION_0p01;DECODED_SAME_WELL_ION_0p7;EXPOSED_POPULATION:V2-DEVELOPMENT-POPULATION;EXPOSED_POPULATION:WUR-DEV-HOLD;EXPOSED_POPULATION:WUR-POS-IDENTITY;MSNLIB_ANCHOR_CENSUS_DESIGN;MSNLIB_ANCHOR_CENSUS_DETECTED;MSNLIB_ANCHOR_GATE_CALIBRATION
O=S(=O)(Nc1ccno1)c1ccccc1,False,0,COPLATED_IN_DECODED_WELL;DECODED_SAME_PLATE_ION_0p01;DECODED_SAME_WELL_ION_0p7;EXPOSED_POPULATION:LCSB-ALL-MASSBANK-V1-EXPOSURE-SET;EXPOSED_POPULATION:LCSB-DEV;EXPOSED_POPULATION:LCSB-NEG;EXPOSED_POPULATION:LCSB-POS-V2-SPECTRA;EXPOSED_POPULATION:V2-DEVELOPMENT-POPULATION;EXPOSED_POPULATION:WUR-DEV-ANALYSIS;EXPOSED_POPULATION:WUR-POS-IDENTITY;MSNLIB_ANCHOR_CENSUS_DESIGN;MSNLIB_ANCHOR_CENSUS_DETECTED;MSNLIB_ANCHOR_GATE_CALIBRATION
O=S(=O)(Nc1ccon1)c1ccccc1,False,0,COPLATED_IN_DECODED_WELL;DECODED_SAME_PLATE_ION_0p01;DECODED_SAME_WELL_ION_0p7;EXPOSED_POPULATION:V2-DEVELOPMENT-POPULATION;EXPOSED_POPULATION:WUR-POS-IDENTITY;EXPOSED_POPULATION:WUR-SEALED;MSNLIB_ANCHOR_CENSUS_DESIGN;MSNLIB_ANCHOR_CENSUS_DETECTED;MSNLIB_ANCHOR_GATE_CALIBRATION;MULTIMS2_ANCHOR_CALIBRATION
O=S(=O)(Nc1cn[nH]c1)c1ccsc1,True,1,SAMPLE1_DRAW_GROUP
O=S(=O)(Nc1cnc2ccccc2n1)c1ccccc1,False,0,COPLATED_IN_DECODED_WELL;DECODED_SAME_PLATE_ION_0p01;DECODED_SAME_WELL_ION_0p7;EXPOSED_POPULATION:ENTACT-MIX-LISTS-499-503-505;EXPOSED_POPULATION:LCSB-ALL-MASSBANK-V1-EXPOSURE-SET;EXPOSED_POPULATION:LCSB-DEV;EXPOSED_POPULATION:LCSB-NEG;EXPOSED_POPULATION:LCSB-POS-V2-SPECTRA;EXPOSED_POPULATION:V2-DEVELOPMENT-POPULATION;EXPOSED_POPULATION:WUR-DEV-ANALYSIS;EXPOSED_POPULATION:WUR-POS-IDENTITY;MSNLIB_ANCHOR_CENSUS_DESIGN;MSNLIB_ANCHOR_CENSUS_DETECTED;MSNLIB_ANCHOR_GATE_CALIBRATION
O=S(=O)(Nc1cnc2ccnn2c1)c1cccnc1,True,1,SAMPLE1_DRAW_GROUP
O=S(=O)(Nc1cnccn1)c1ccccc1,True,3,COPLATED_IN_DECODED_WELL;DECODED_SAME_PLATE_ION_0p01;SAMPLE1_DRAW_GROUP
O=S(=O)(Nc1cnn2c1CCCC2)c1ccccc1,True,1,SAMPLE1_DRAW_GROUP
O=S(=O)(Nc1nc(-c2ncccn2)ncc1Oc1ccccc1)c1ccccc1,True,1,COPLATED_IN_DECODED_WELL;DECODED_SAME_PLATE_ION_0p01;DECODED_SAME_WELL_ION_0p7
O=S(=O)(Nc1nc(NCCc2ccccc2)nc2c1CN(Cc1ccccc1)CC2)c1ccccc1,True,1,COPLATED_IN_DECODED_WELL;DECODED_SAME_PLATE_ION_0p01;DECODED_SAME_WELL_ION_0p7
O=S(=O)(Nc1nc2ccncn2n1)c1ccccc1,False,0,EXPOSED_POPULATION:LCSB-ALL-MASSBANK-V1-EXPOSURE-SET;EXPOSED_POPULATION:LCSB-DEV;EXPOSED_POPULATION:LCSB-NEG;EXPOSED_POPULATION:LCSB-POS-V2-SPECTRA;EXPOSED_POPULATION:V2-DEVELOPMENT-POPULATION;EXPOSED_POPULATION:WUR-DEV-ANALYSIS;EXPOSED_POPULATION:WUR-POS-IDENTITY
O=S(=O)(Nc1nc2ncccn2n1)c1cccnc1,False,0,EXPOSED_POPULATION:V2-DEVELOPMENT-POPULATION;EXPOSED_POPULATION:WUR-POS-IDENTITY;EXPOSED_POPULATION:WUR-SEALED
O=S(=O)(Nc1ncccn1)c1ccccc1,False,0,COPLATED_IN_DECODED_WELL;DECODED_SAME_PLATE_ION_0p01;DECODED_SAME_WELL_ION_0p7;EXPOSED_POPULATION:V2-DEVELOPMENT-POPULATION;EXPOSED_POPULATION:WUR-DEV-HOLD;EXPOSED_POPULATION:WUR-POS-IDENTITY;MSNLIB_ANCHOR_CENSUS_DESIGN;MSNLIB_ANCHOR_CENSUS_DETECTED;MSNLIB_ANCHOR_GATE_CALIBRATION;MULTIMS2_ANCHOR_CALIBRATION
O=S(=O)(Nc1nccs1)c1ccccc1,False,0,COPLATED_IN_DECODED_WELL;DECODED_SAME_PLATE_ION_0p01;DECODED_SAME_WELL_ION_0p7;EXPOSED_POPULATION:V2-DEVELOPMENT-POPULATION;EXPOSED_POPULATION:WUR-DEV-ANALYSIS;EXPOSED_POPULATION:WUR-POS-IDENTITY;MSNLIB_ANCHOR_CENSUS_DESIGN;MSNLIB_ANCHOR_CENSUS_DETECTED;MSNLIB_ANCHOR_GATE_CALIBRATION;MULTIMS2_ANCHOR_CALIBRATION
O=S(=O)(Nc1nncs1)c1ccccc1,False,0,COPLATED_IN_DECODED_WELL;DECODED_SAME_PLATE_ION_0p01;DECODED_SAME_WELL_ION_0p7;EXPOSED_POPULATION:V2-DEVELOPMENT-POPULATION;EXPOSED_POPULATION:WUR-DEV-ANALYSIS;EXPOSED_POPULATION:WUR-POS-IDENTITY;MSNLIB_ANCHOR_CENSUS_DESIGN;MSNLIB_ANCHOR_CENSUS_DETECTED;MSNLIB_ANCHOR_GATE_CALIBRATION;MULTIMS2_ANCHOR_CALIBRATION
O=S(=O)(c1cc(-c2ccon2)cs1)N1CCN(C2CCCCC2)CC1,True,1,SAMPLE1_DRAW_GROUP
O=S(=O)(c1cc[nH]c1)N(Cc1ccccc1)CC1CC1,True,1,SAMPLE1_DRAW_GROUP
O=S(=O)(c1ccc(-c2ccccc2)cc1)N1C2CCC1c1cncnc1C2,True,1,SAMPLE1_DRAW_GROUP
O=S(=O)(c1ccc(Oc2ccccc2)cc1)N1CCC(N2CCCC2)CC1,True,1,SAMPLE1_DRAW_GROUP
O=S(=O)(c1ccc(Oc2ccccc2)cc1)N1CCNCC1,True,1,DECODED_SAME_PLATE_ION_0p01
O=S(=O)(c1ccc(S(=O)(=O)N(Cc2ccncn2)C2CCCCC2)cc1)N(Cc1ccccc1)C1CCCC1,True,1,COPLATED_IN_DECODED_WELL;SAMPLE1_DRAW_GROUP
O=S(=O)(c1ccc2c(c1)CCCC2)N1CC(c2nc(Cc3cccs3)no2)C1,True,1,SAMPLE1_DRAW_GROUP
O=S(=O)(c1ccc2c(c1)CCN2)N1CCCNCC1,True,1,SAMPLE1_DRAW_GROUP
O=S(=O)(c1ccc2c(c1)oc1ccccc12)N1CCOCC1,True,1,SAMPLE1_DRAW_GROUP
O=S(=O)(c1ccc2ncsc2c1)n1ccc2ccccc21,True,1,COPLATED_IN_DECODED_WELL;SAMPLE1_DRAW_GROUP
O=S(=O)(c1ccc2oc3ccccc3c2c1)N1CCNCC1,True,1,SAMPLE1_DRAW_GROUP
O=S(=O)(c1cccc(-c2ccccc2)c1)N1CCCn2ncnc21,True,1,SAMPLE1_DRAW_GROUP
O=S(=O)(c1cccc(-c2nc(=S)c3[nH]ncc3[nH]2)c1)N1CCNCC1,False,0,EXPOSED_POPULATION:V2-DEVELOPMENT-POPULATION;EXPOSED_POPULATION:WUR-DEV-HOLD;EXPOSED_POPULATION:WUR-NEG-DEV;EXPOSED_POPULATION:WUR-POS-IDENTITY
O=S(=O)(c1cccc2ccccc12)N1CCCC1,True,2,DECODED_SAME_PLATE_ION_0p01
O=S(=O)(c1cccc2ccccc12)N1CCCNCC1,True,2,COPLATED_IN_DECODED_WELL;DECODED_SAME_PLATE_ION_0p01;DECODED_SAME_WELL_ION_0p7
O=S(=O)(c1cccc2ccccc12)n1ccnc1,True,2,DECODED_SAME_PLATE_ION_0p01
O=S(=O)(c1cccc2cnccc12)N1CCCCC1,True,1,SAMPLE1_DRAW_GROUP
O=S(=O)(c1cccc2cnccc12)N1CCCNCC1,True,3,COPLATED_IN_DECODED_WELL;DECODED_SAME_PLATE_ION_0p01
O=S(=O)(c1cccc2cnccc12)N1CCNCC1,True,2,DECODED_SAME_PLATE_ION_0p01
O=S(=O)(c1cccc2nsnc12)N1CCCC1,True,1,SAMPLE1_DRAW_GROUP
O=S(=O)(c1ccccc1)C1CCN(S(=O)(=O)C2CC2)C1,True,1,SAMPLE1_DRAW_GROUP
O=S(=O)(c1ccccc1)C1CCN(c2ncccn2)CC1,True,1,SAMPLE1_DRAW_GROUP
O=S(=O)(c1ccccc1)N(Cc1ccccc1)c1ccccc1,False,0,DECODED_SAME_PLATE_ION_0p01
O=S(=O)(c1ccccc1)N(Cc1ccccc1)c1ncns1,True,2,SAMPLE1_DRAW_GROUP
O=S(=O)(c1ccccc1)N(c1ncncn1)n1cnnc1,True,1,DECODED_SAME_PLATE_ION_0p01
O=S(=O)(c1ccccc1)N1CC(Cn2ccnc2)C1,True,2,SAMPLE1_DRAW_GROUP
O=S(=O)(c1ccccc1)N1CC2C3C=CC(O3)C2C1,True,1,SAMPLE1_DRAW_GROUP
O=S(=O)(c1ccccc1)N1CC2CCCC1C2,True,1,DECODED_SAME_PLATE_ION_0p01
O=S(=O)(c1ccccc1)N1CCC(c2cccs2)C1,True,1,SAMPLE1_DRAW_GROUP
O=S(=O)(c1ccccc1)N1CCC(n2cc(-c3ccccc3)nn2)C1,True,1,SAMPLE1_DRAW_GROUP
O=S(=O)(c1ccccc1)N1CCC(n2cc(C3CC3)nn2)C1,True,1,SAMPLE1_DRAW_GROUP
O=S(=O)(c1ccccc1)N1CCC1,True,6,SAMPLE1_DRAW_GROUP
O=S(=O)(c1ccccc1)N1CCCC(c2nnc3n2CCCCC3)C1,True,1,SAMPLE1_DRAW_GROUP
O=S(=O)(c1ccccc1)N1CCCC(n2cccn2)C1,True,1,SAMPLE1_DRAW_GROUP
O=S(=O)(c1ccccc1)N1CCCC1c1ccccc1,False,0,COPLATED_IN_DECODED_WELL;DECODED_SAME_WELL_ION_0p7
O=S(=O)(c1ccccc1)N1CCCN(S(=O)(=O)c2ccccc2)CC1,True,3,DECODED_SAME_PLATE_ION_0p01
O=S(=O)(c1ccccc1)N1CCN(Cc2ccccc2)CC1,True,1,COPLATED_IN_DECODED_WELL
O=S(=O)(c1ccccc1)N1CCc2ccccc2C1,True,6,COPLATED_IN_DECODED_WELL;DECODED_SAME_PLATE_ION_0p01
O=S(=O)(c1ccccc1)N1CCn2cccc2C1c1ccccc1,True,2,SAMPLE1_DRAW_GROUP
O=S(=O)(c1ccccc1)N1Cc2cccnc2C1,True,2,SAMPLE1_DRAW_GROUP
O=S(=O)(c1ccccc1)c1ccc2nc[nH]c2c1,False,0,EXPOSED_POPULATION:V2-DEVELOPMENT-POPULATION;EXPOSED_POPULATION:WUR-DEV-ANALYSIS;EXPOSED_POPULATION:WUR-POS-IDENTITY
O=S(=O)(c1ccccc1)c1ccc2nccc(Nc3ccccc3)c2c1,True,1,DECODED_SAME_PLATE_ION_0p01
O=S(=O)(c1ccccc1)c1ccccc1,False,0,COPLATED_IN_DECODED_WELL;DECODED_SAME_PLATE_ION_0p01;DECODED_SAME_WELL_ION_0p7;EXPOSED_POPULATION:LCSB-ALL-MASSBANK-V1-EXPOSURE-SET;EXPOSED_POPULATION:LCSB-CONFIRMATION;EXPOSED_POPULATION:LCSB-NEG;EXPOSED_POPULATION:V2-DEVELOPMENT-POPULATION;EXPOSED_POPULATION:WUR-NEG-D6-EXCLUDED;EXPOSED_POPULATION:WUR-POS-IDENTITY;EXPOSED_POPULATION:WUR-SEALED;MSNLIB_ANCHOR_CENSUS_DESIGN;MSNLIB_ANCHOR_CENSUS_DETECTED;MSNLIB_ANCHOR_GATE_CALIBRATION
O=S(=O)(c1ccccc1)c1cn(CC2CCCO2)c2nc3ccccc3nc12,True,1,SAMPLE1_DRAW_GROUP
O=S(=O)(c1ccccc1)c1cnc2c(N3CCNCC3)cccc2c1,True,1,DECODED_SAME_PLATE_ION_0p01
O=S(=O)(c1ccccc1)c1coc(-c2ccccc2)n1,True,2,DECODED_SAME_PLATE_ION_0p01
O=S(=O)(c1ccccc1)c1nnn2c1nc(NCC1CCCO1)c1ccccc12,True,1,SAMPLE1_DRAW_GROUP
O=S(=O)(c1ccccc1)n1ccc2ccccc21,True,3,DECODED_SAME_PLATE_ION_0p01
O=S(=O)(c1ccccc1)n1ccc2nccnc21,True,1,COPLATED_IN_DECODED_WELL
O=S(=O)(c1ccccc1)n1cccc1,True,3,DECODED_SAME_PLATE_ION_0p01
O=S(=O)(c1ccccc1)n1cnc2ccccc21,True,5,SURFACED_VALUE_ATTRIBUTED_WELL
O=S(=O)(c1cccnc1)N(Cc1ccc(-n2cccn2)cc1)Cc1ccccn1,True,2,COPLATED_IN_DECODED_WELL;DECODED_SAME_PLATE_ION_0p01
O=S(=O)(c1cccnc1)N(Cc1ccccc1)Cc1ccc(-n2cccn2)cc1,True,2,COPLATED_IN_DECODED_WELL;DECODED_SAME_PLATE_ION_0p01;DECODED_SAME_WELL_ION_0p7
O=S(=O)(c1cccnc1)N(Cc1ccccc1)Cc1ccccc1,True,1,COPLATED_IN_DECODED_WELL
O=S(=O)(c1cccnc1)N1CCCCC1,True,4,SAMPLE1_DRAW_GROUP
O=S(=O)(c1cccnc1)N1CCNCC1,True,1,SAMPLE1_DRAW_GROUP
O=S(=O)(c1cccnc1)n1cccc1-c1ccccc1,True,1,COPLATED_IN_DECODED_WELL
O=S(=O)(c1cccs1)N1CCN(c2cnn3cnnc3c2)CC1,True,1,SAMPLE1_DRAW_GROUP
O=S(=O)(c1cccs1)N1CCNCC1,True,5,SAMPLE1_DRAW_GROUP
O=S(=O)(c1ccn[nH]1)N1CCCCC1,True,1,SAMPLE1_DRAW_GROUP
O=S(=O)(c1ccsc1)N1CCCCC1,True,4,SAMPLE1_DRAW_GROUP
O=S(=O)(c1cn[nH]c1)N1CC2CCCCC2C1,True,1,SAMPLE1_DRAW_GROUP
O=S(=O)(c1cn[nH]c1)N1CCC1,True,1,SAMPLE1_DRAW_GROUP
O=S(=O)(c1cnc2scnn12)N1CCSCC1,True,1,SAMPLE1_DRAW_GROUP
O=S(=O)(c1csc(-c2cc[nH]n2)c1)N1CC=C(c2ccccc2)CC1,True,1,SAMPLE1_DRAW_GROUP
O=S(=O)(c1csc(-c2cscn2)c1)N1CCN(c2ccccc2)CC1,True,1,SAMPLE1_DRAW_GROUP
O=S(Cc1ccccn1)c1nc2ccccc2[nH]1,False,0,COPLATED_IN_DECODED_WELL;DECODED_SAME_PLATE_ION_0p01;DECODED_SAME_WELL_ION_0p7;EXPOSED_POPULATION:ENTACT-MIX-LISTS-499-503-505
O=S(c1ccccc1)c1ccc2[nH]cnc2c1,False,0,COPLATED_IN_DECODED_WELL;DECODED_SAME_PLATE_ION_0p01;DECODED_SAME_WELL_ION_0p7;EXPOSED_POPULATION:ENTACT-MIX-LISTS-499-503-505;EXPOSED_POPULATION:LCSB-ALL-MASSBANK-V1-EXPOSURE-SET;EXPOSED_POPULATION:LCSB-DEV;EXPOSED_POPULATION:LCSB-NEG;EXPOSED_POPULATION:LCSB-POS-V2-SPECTRA;EXPOSED_POPULATION:V2-DEVELOPMENT-POPULATION;EXPOSED_POPULATION:WUR-DEV-ANALYSIS;EXPOSED_POPULATION:WUR-POS-IDENTITY;MSNLIB_ANCHOR_CENSUS_DESIGN;MSNLIB_ANCHOR_CENSUS_DETECTED;MSNLIB_ANCHOR_GATE_CALIBRATION;MULTIMS2_ANCHOR_CALIBRATION
O=S1(=O)CC(NCCc2c[nH]c3ccccc23)C(S(=O)(=O)c2cccs2)C1,True,1,SAMPLE1_DRAW_GROUP
O=S1(=O)CC2CC2C1,True,1,SAMPLE1_DRAW_GROUP
O=S1(=O)CCC(CN2CCC(COc3ncccn3)CC2)C1,True,1,SAMPLE1_DRAW_GROUP
O=S1(=O)CCC(S(=O)(=O)c2ccccc2)C1,True,1,COPLATED_IN_DECODED_WELL
O=S1(=O)CCC2CC21,True,2,COPLATED_IN_DECODED_WELL
O=S1(=O)CCCc2ccccc21,True,3,COPLATED_IN_DECODED_WELL
O=S1(=O)CCCc2ccsc21,True,1,COPLATED_IN_DECODED_WELL;DECODED_SAME_PLATE_ION_0p01;DECODED_SAME_WELL_ION_0p7
O=S1(=O)CCN(CN2CCS(=O)(=O)NC2)CN1,True,1,COPLATED_IN_DECODED_WELL;DECODED_SAME_PLATE_ION_0p01
O=S1(=O)CCN(N=Cc2ccco2)CC1,True,1,COPLATED_IN_DECODED_WELL
O=S1(=O)CCN(c2nc(NCC3COC3)c3ccccc3n2)Cc2ccccc21,True,1,DECODED_SAME_PLATE_ION_0p01
O=S1(=O)CCNC(c2ccccc2)c2ccccc21,True,1,DECODED_SAME_PLATE_ION_0p01
O=S1(=O)CCc2cc(Oc3ccccc3)ccc21,True,1,COPLATED_IN_DECODED_WELL;DECODED_SAME_WELL_ION_0p7;SAMPLE1_DRAW_GROUP
O=S1(=O)Cc2nc(-c3ccccc3)nc(N3CCOCC3)c2C1,True,1,DECODED_SAME_PLATE_ION_0p01
O=S1(=O)N=C(CSCc2ccccc2)Nc2ccccc21,True,1,COPLATED_IN_DECODED_WELL
O=S1(=O)N=C(N2CCN(c3ncnc4[nH]cnc34)CC2)c2ccccc21,True,1,SAMPLE1_DRAW_GROUP
O=S1(=O)N=C(Nc2ccccc2)C(=NCc2ccco2)N1,True,1,SAMPLE1_DRAW_GROUP
O=S1(=O)N=C(Nc2ccccc2N2CCCC2)c2ccccc21,True,1,SAMPLE1_DRAW_GROUP
O=S1(=O)N=CNc2ccccc21,True,4,COPLATED_IN_DECODED_WELL;DECODED_SAME_WELL_ION_0p7
O=S1(=O)NC=C(c2ccccc2)c2ccccc21,True,1,SAMPLE1_DRAW_GROUP
O=S1(=O)NCCO1,True,3,DECODED_SAME_PLATE_ION_0p01
O=S1(=O)NCNc2ccccc21,True,2,COPLATED_IN_DECODED_WELL;EXPOSED_POPULATION:LCSB-ALL-MASSBANK-V1-EXPOSURE-SET;EXPOSED_POPULATION:LCSB-NEG;EXPOSED_POPULATION:WUR-NEG-DEV
O=S1(=O)Nc2ccccc2-c2nc(SCc3ccccc3)ncc21,True,1,SAMPLE1_DRAW_GROUP
O=S1(=O)Nc2ccccc2-c2ncncc21,True,1,SAMPLE1_DRAW_GROUP
O=S1(=O)OCC2C3C=CC(C3)C2CO1,False,0,EXPOSED_POPULATION:LCSB-ALL-MASSBANK-V1-EXPOSURE-SET;EXPOSED_POPULATION:LCSB-NEG
O=S1(=O)c2cccc3cccc(c23)N1CCCN1CCN(c2ccccc2)CC1,True,1,DECODED_SAME_PLATE_ION_0p01
O=[PH](COCCn1cnc2cncnc21)Oc1ccccc1,True,1,COPLATED_IN_DECODED_WELL;DECODED_SAME_PLATE_ION_0p01;DECODED_SAME_WELL_ION_0p7
O=[PH](OCC1CCC(N2C=CCC=C2)O1)O[PH](=O)OCC1CCC(n2cnc3cncnc32)O1,True,2,COPLATED_IN_DECODED_WELL
O=[PH](OCC1CCC(c2ccc3cncnn23)O1)Oc1ccccc1,True,1,COPLATED_IN_DECODED_WELL;DECODED_SAME_PLATE_ION_0p01;DECODED_SAME_WELL_ION_0p7
O=[PH](OCC1CCC(n2cnc3cncnc32)O1)O[PH](=O)OCC1CCC([n+]2ccccc2)O1,False,0,COPLATED_IN_DECODED_WELL
O=[PH](Oc1ccccc1)Oc1ccccc1,False,0,EXPOSED_POPULATION:LCSB-ALL-MASSBANK-V1-EXPOSURE-SET;EXPOSED_POPULATION:LCSB-DEV;EXPOSED_POPULATION:LCSB-POS-V2-SPECTRA;EXPOSED_POPULATION:V2-DEVELOPMENT-POPULATION
O=[PH](Sc1ccccc1)Sc1ccccc1,False,0,EXPOSED_POPULATION:V2-DEVELOPMENT-POPULATION;EXPOSED_POPULATION:WUR-DEV-ANALYSIS;EXPOSED_POPULATION:WUR-POS-IDENTITY
O=[PH]1NCCCO1,False,0,COPLATED_IN_DECODED_WELL;EXPOSED_POPULATION:ENTACT-MIX-LISTS-499-503-505;EXPOSED_POPULATION:LCSB-ALL-MASSBANK-V1-EXPOSURE-SET;EXPOSED_POPULATION:LCSB-DEV;EXPOSED_POPULATION:LCSB-POS-V2-SPECTRA;EXPOSED_POPULATION:V2-DEVELOPMENT-POPULATION;MULTIMS2_ANCHOR_CALIBRATION
O=[PH]1OCC2OC(n3cnc4cncnc43)CC2O1,True,3,COPLATED_IN_DECODED_WELL;DECODED_SAME_PLATE_ION_0p01;DECODED_SAME_WELL_ION_0p7
O=[PH]1OCC2OC(n3cnc4cncnc43)CC2O[PH](=S)OCC2CC(O1)C(n1cnc3cncnc31)O2,True,1,COPLATED_IN_DECODED_WELL
O=[n+]1[n-]c(-n2ccnc2)nc2ccccc21,False,0,EXPOSED_POPULATION:V2-DEVELOPMENT-POPULATION;EXPOSED_POPULATION:WUR-POS-IDENTITY;EXPOSED_POPULATION:WUR-SEALED
O=c1[nH][nH]c2c1CCN(Cc1ccccc1)C2,True,1,SAMPLE1_DRAW_GROUP
O=c1[nH][nH]c2ccccc12,True,3,DECODED_SAME_PLATE_ION_0p01
O=c1[nH][nH]cc1-c1ccccc1,False,0,EXPOSED_POPULATION:V2-DEVELOPMENT-POPULATION;EXPOSED_POPULATION:WUR-DEV-ANALYSIS;EXPOSED_POPULATION:WUR-POS-IDENTITY
O=c1[nH]c(-c2cccc(S(=O)(=O)N3CCNCC3)c2)nc2cc[nH]c12,False,0,COPLATED_IN_DECODED_WELL;DECODED_SAME_PLATE_ION_0p01;DECODED_SAME_WELL_ION_0p7;EXPOSED_POPULATION:V2-DEVELOPMENT-POPULATION;EXPOSED_POPULATION:WUR-DEV-HOLD;EXPOSED_POPULATION:WUR-NEG-DEV;EXPOSED_POPULATION:WUR-POS-IDENTITY;MSNLIB_ANCHOR_CENSUS_DESIGN;MSNLIB_ANCHOR_CENSUS_DETECTED;MSNLIB_ANCHOR_GATE_CALIBRATION
O=c1[nH]c(-c2cccc(S(=O)(=O)N3CCNCC3)c2)nc2cn(Cc3ccccn3)nc12,False,0,EXPOSED_POPULATION:LCSB-ALL-MASSBANK-V1-EXPOSURE-SET;EXPOSED_POPULATION:LCSB-DEV;EXPOSED_POPULATION:LCSB-NEG;EXPOSED_POPULATION:LCSB-POS-V2-SPECTRA;EXPOSED_POPULATION:V2-DEVELOPMENT-POPULATION
O=c1[nH]c(-c2cccc(S(=O)(=O)N3CCNCC3)c2)nc2cn[nH]c12,False,0,COPLATED_IN_DECODED_WELL;DECODED_SAME_PLATE_ION_0p01;DECODED_SAME_WELL_ION_0p7;EXPOSED_POPULATION:V2-DEVELOPMENT-POPULATION;EXPOSED_POPULATION:WUR-NEG-D6-EXCLUDED;EXPOSED_POPULATION:WUR-POS-IDENTITY;EXPOSED_POPULATION:WUR-SEALED;MSNLIB_ANCHOR_CENSUS_DESIGN;MSNLIB_ANCHOR_CENSUS_DETECTED;MSNLIB_ANCHOR_GATE_CALIBRATION;MULTIMS2_ANCHOR_CALIBRATION
O=c1[nH]c(-c2cccc(S(=O)(=O)N3CCNCC3)c2)nn2cncc12,False,0,COPLATED_IN_DECODED_WELL;DECODED_SAME_PLATE_ION_0p01;DECODED_SAME_WELL_ION_0p7;EXPOSED_POPULATION:V2-DEVELOPMENT-POPULATION;EXPOSED_POPULATION:WUR-NEG-D6-EXCLUDED;EXPOSED_POPULATION:WUR-POS-IDENTITY;EXPOSED_POPULATION:WUR-SEALED;MSNLIB_ANCHOR_CENSUS_DESIGN;MSNLIB_ANCHOR_CENSUS_DETECTED;MSNLIB_ANCHOR_GATE_CALIBRATION;MULTIMS2_ANCHOR_CALIBRATION
O=c1[nH]c(-c2cccc(S(=O)(=O)NCCC3CCCN3)c2)nc2cn[nH]c12,True,1,DECODED_SAME_PLATE_ION_0p01
O=c1[nH]c(-c2ccccc2)cn2ccnc12,False,0,DECODED_SAME_PLATE_ION_0p01
O=c1[nH]c(-c2ccnc(-n3cccn3)c2)nc2cc(-c3ccccc3)sc12,True,1,SAMPLE1_DRAW_GROUP
O=c1[nH]c(=Cc2cccc[nH+]2)sc1=C1Nc2ccccc2S1,False,0,COPLATED_IN_DECODED_WELL
O=c1[nH]c(=Cc2scc[n+]2Cc2ccccc2)sc1=C1Nc2ccccc2S1,False,0,COPLATED_IN_DECODED_WELL
O=c1[nH]c(=O)[nH]c(=O)[nH]1,True,1,EXPOSED_POPULATION:LCSB-ALL-MASSBANK-V1-EXPOSURE-SET;EXPOSED_POPULATION:LCSB-CONFIRMATION
O=c1[nH]c(=O)c2[nH]c(-c3cnn(Cc4ccccc4)c3)nc2[nH]1,True,1,COPLATED_IN_DECODED_WELL
O=c1[nH]c(=O)c2[nH]c(=O)[nH]c2[nH]1,True,3,COPLATED_IN_DECODED_WELL
O=c1[nH]c(=O)c2[nH]c(C=Cc3ccccc3)nc2[nH]1,True,1,COPLATED_IN_DECODED_WELL
O=c1[nH]c(=O)c2[nH]c(CN3CCOCC3)nc2[nH]1,True,2,SAMPLE1_DRAW_GROUP
O=c1[nH]c(=O)c2[nH]c(NCc3ccccc3)nc2[nH]1,True,1,DECODED_SAME_PLATE_ION_0p01
O=c1[nH]c(=O)c2[nH]c(Sc3ccc4ccccc4n3)nc2[nH]1,True,1,DECODED_SAME_PLATE_ION_0p01
O=c1[nH]c(=O)c2[nH]cnc2[nH]1,False,0,COPLATED_IN_DECODED_WELL;DECODED_SAME_PLATE_ION_0p01;DECODED_SAME_WELL_ION_0p7;EXPOSED_POPULATION:ENTACT-MIX-LISTS-499-503-505;EXPOSED_POPULATION:LCSB-ALL-MASSBANK-V1-EXPOSURE-SET;EXPOSED_POPULATION:LCSB-CONFIRMATION;EXPOSED_POPULATION:LCSB-POS-V2-SPECTRA;EXPOSED_POPULATION:LCSB-RAW-MIX-REPLICATE-SET-92;EXPOSED_POPULATION:LCSB-RAW-MIXES-499-503-505;EXPOSED_POPULATION:V2-DEVELOPMENT-POPULATION;EXPOSED_POPULATION:WUR-POS-IDENTITY;EXPOSED_POPULATION:WUR-SEALED;MSNLIB_ANCHOR_CENSUS_DESIGN;MSNLIB_ANCHOR_CENSUS_DETECTED;MSNLIB_ANCHOR_GATE_CALIBRATION;SURFACED_VALUE_ATTRIBUTED_WELL
O=c1[nH]c(=O)c2c(-c3ccccc3)n3c(c2[nH]1)C(c1ccco1)Nc1ccccc1-3,True,1,DECODED_SAME_PLATE_ION_0p01
O=c1[nH]c(=O)c2c(N3CCCCC3)ccnc2[nH]1,True,1,DECODED_SAME_PLATE_ION_0p01
O=c1[nH]c(=O)c2c(nc3[nH]ccn32)[nH]1,True,2,DECODED_SAME_PLATE_ION_0p01
O=c1[nH]c(=O)c2c(nc3n(C4CCCC4)ccn23)[nH]1,True,1,SAMPLE1_DRAW_GROUP
O=c1[nH]c(=O)c2c(ncn2CC2OCCO2)[nH]1,True,1,COPLATED_IN_DECODED_WELL;DECODED_SAME_PLATE_ION_0p01
O=c1[nH]c(=O)c2c(ncn2CCCN2CCN(c3ncccn3)CC2)[nH]1,True,1,SAMPLE1_DRAW_GROUP
O=c1[nH]c(=O)c2c(ncn2CCCNCCc2ccccc2)[nH]1,False,0,EXPOSED_POPULATION:V2-DEVELOPMENT-POPULATION;EXPOSED_POPULATION:WUR-DEV-ANALYSIS;EXPOSED_POPULATION:WUR-POS-IDENTITY
O=c1[nH]c(=O)c2c[nH]nc2[nH]1,False,0,EXPOSED_POPULATION:LCSB-ALL-MASSBANK-V1-EXPOSURE-SET;EXPOSED_POPULATION:LCSB-NEG
O=c1[nH]c(=O)c2ccccc2[nH]1,True,9,COPLATED_IN_DECODED_WELL
O=c1[nH]c(=O)c2cccnc2[nH]1,True,3,SAMPLE1_DRAW_GROUP
O=c1[nH]c(=O)c2ncn(C3CCCO3)c2[nH]1,True,1,COPLATED_IN_DECODED_WELL;DECODED_SAME_PLATE_ION_0p01
O=c1[nH]c(=O)n(-c2ccc(Oc3ccccc3)cc2)c(=O)[nH]1,True,2,COPLATED_IN_DECODED_WELL
O=c1[nH]c(=O)n(-c2ccccc2)c2ccccc12,False,0,DECODED_SAME_PLATE_ION_0p01
O=c1[nH]c(=O)n(CC2CC2)c2ccccc12,True,1,COPLATED_IN_DECODED_WELL;DECODED_SAME_PLATE_ION_0p01
O=c1[nH]c(=O)n(CC2COc3ccccc3O2)c2ccsc12,True,1,COPLATED_IN_DECODED_WELL
O=c1[nH]c(=S)[nH]c(-c2ccccc2)c1Cc1cccc2ccccc12,True,1,DECODED_SAME_PLATE_ION_0p01
O=c1[nH]c(=S)[nH]c2cc[nH]c12,True,1,COPLATED_IN_DECODED_WELL
O=c1[nH]c(=S)[nH]c2nc(-c3ccccc3)c(-c3ccccc3)nc12,True,1,DECODED_SAME_PLATE_ION_0p01
O=c1[nH]c(=S)n(CC2CCCO2)c2nc[nH]c12,True,1,COPLATED_IN_DECODED_WELL
O=c1[nH]c(C2CC3CCN2CC3)nc2cc(-c3cn[nH]c3)sc12,True,1,DECODED_SAME_PLATE_ION_0p01
O=c1[nH]c(C2CCNCC2)nn1Cc1ccccc1,True,2,SAMPLE1_DRAW_GROUP
O=c1[nH]c(CCCc2ccccc2)nn1Cc1ccccc1,True,1,DECODED_SAME_PLATE_ION_0p01
O=c1[nH]c(CN2CCOCC2)nc2sc3c(c12)CCCC3,True,1,SAMPLE1_DRAW_GROUP
O=c1[nH]c(CS(=O)(=O)c2ccccc2)nc2sc3c(c12)CCN(Cc1ccccc1)C3,True,1,COPLATED_IN_DECODED_WELL
O=c1[nH]c(CSC2CCCCC2)nc2cc(OCC3CC3)ccc12,True,1,COPLATED_IN_DECODED_WELL;DECODED_SAME_PLATE_ION_0p01
O=c1[nH]c(Cc2ccccn2)nc2c1cnn2C1CCOCC1,True,1,DECODED_SAME_PLATE_ION_0p01
O=c1[nH]c(N2CCC3(CC2)CNc2ccccc23)nc2c1CCCC2,False,0,DECODED_SAME_PLATE_ION_0p01
O=c1[nH]c(N2CCCCC2)nc(-c2ccccc2)c1-c1ccccc1,True,1,DECODED_SAME_PLATE_ION_0p01;SAMPLE1_DRAW_GROUP
O=c1[nH]c(OCC2CCCCC2)nn2c(C3CCOCC3)ncc12,True,1,COPLATED_IN_DECODED_WELL;DECODED_SAME_PLATE_ION_0p01;DECODED_SAME_WELL_ION_0p7
O=c1[nH]c(SCc2ccccc2)nc2c1[nH]c1ccccc12,True,1,SAMPLE1_DRAW_GROUP
O=c1[nH]c2[nH]cnc(=O)c2[nH]1,True,1,COPLATED_IN_DECODED_WELL
O=c1[nH]c2c(c(=O)[nH]1)CN=C(c1ccccc1)N2,True,1,COPLATED_IN_DECODED_WELL
O=c1[nH]c2c(c(=O)n1C1CCCCC1)CCC2,False,0,EXPOSED_POPULATION:V2-DEVELOPMENT-POPULATION;EXPOSED_POPULATION:WUR-DEV-ANALYSIS;EXPOSED_POPULATION:WUR-POS-IDENTITY
O=c1[nH]c2c(cc1-c1noc(CCc3cccs3)n1)COCC2,True,1,SAMPLE1_DRAW_GROUP
O=c1[nH]c2c3cc4c(cc3ccc2c2ccc3c(c12)OCO3)OCO4,True,1,COPLATED_IN_DECODED_WELL
O=c1[nH]c2c3cc4c(cc3ncc2c2ccccc12)OCO4,True,1,DECODED_SAME_PLATE_ION_0p01
O=c1[nH]c2ccc(-c3cnoc3)c3c2n1C(c1ccccn1)CO3,True,1,COPLATED_IN_DECODED_WELL;DECODED_SAME_PLATE_ION_0p01
O=c1[nH]c2ccc(-c3noc(-c4cccc(CS(=O)(=O)c5ccccc5)c4)n3)cc2o1,True,1,SAMPLE1_DRAW_GROUP
O=c1[nH]c2ccc(-n3ccc(=O)n(C4CCc5ccccc54)c3=O)cc2o1,True,1,COPLATED_IN_DECODED_WELL;DECODED_SAME_WELL_ION_0p7
O=c1[nH]c2ccc(Cc3ccn(-c4ccccn4)n3)cc2s1,True,1,DECODED_SAME_PLATE_ION_0p01
O=c1[nH]c2ccc(N3CCOCC3)cc2[nH]c1=O,True,1,COPLATED_IN_DECODED_WELL
O=c1[nH]c2ccc(NS(=O)(=O)c3ccccc3)cc2[nH]1,True,1,SAMPLE1_DRAW_GROUP
O=c1[nH]c2ccc(Nc3ccncn3)cc2[nH]1,True,1,DECODED_SAME_PLATE_ION_0p01
O=c1[nH]c2ccc(S(=O)(=O)N(Cc3ccccc3)c3nccs3)cc2o1,True,1,SAMPLE1_DRAW_GROUP
O=c1[nH]c2ccc(S(=O)(=O)N3Cc4cnn(-c5ccccc5)c4C3)cc2[nH]1,True,1,SAMPLE1_DRAW_GROUP
O=c1[nH]c2ccc(S(=O)CCN3CCC(Cc4ccccc4)CC3)cc2o1,False,0,EXPOSED_POPULATION:ENTACT-MIX-LISTS-499-503-505;EXPOSED_POPULATION:LCSB-ALL-MASSBANK-V1-EXPOSURE-SET;EXPOSED_POPULATION:LCSB-DEV;EXPOSED_POPULATION:LCSB-NEG;EXPOSED_POPULATION:LCSB-POS-V2-SPECTRA;EXPOSED_POPULATION:V2-DEVELOPMENT-POPULATION
O=c1[nH]c2cccc3c2n1CCC3,True,1,DECODED_SAME_PLATE_ION_0p01
O=c1[nH]c2ccccc2[nH]1,True,13,EXPOSED_POPULATION:ENTACT-MIX-LISTS-499-503-505;EXPOSED_POPULATION:LCSB-ALL-MASSBANK-V1-EXPOSURE-SET;EXPOSED_POPULATION:LCSB-NEG;SAMPLE1_DRAW_GROUP
O=c1[nH]c2ccccc2[nH]c1=O,True,4,DECODED_SAME_PLATE_ION_0p01
O=c1[nH]c2ccccc2c(=O)n1Cc1ccccc1,False,0,EXPOSED_POPULATION:ENTACT-MIX-LISTS-499-503-505;EXPOSED_POPULATION:LCSB-ALL-MASSBANK-V1-EXPOSURE-SET;EXPOSED_POPULATION:LCSB-NEG
O=c1[nH]c2ccccc2c(=O)o1,True,2,EXPOSED_POPULATION:ENTACT-MIX-LISTS-499-503-505;EXPOSED_POPULATION:LCSB-RAW-MIX-REPLICATE-SET-92
O=c1[nH]c2ccccc2c2ccccc12,True,1,COPLATED_IN_DECODED_WELL;DECODED_SAME_PLATE_ION_0p01
O=c1[nH]c2ccccc2cc1-c1nc2ccc(N3CCNCC3)cc2[nH]1,True,1,COPLATED_IN_DECODED_WELL;DECODED_SAME_PLATE_ION_0p01
O=c1[nH]c2ccccc2cc1C(c1nnnn1CCc1ccccc1)N1CCN(C2CCCCC2)CC1,False,0,COPLATED_IN_DECODED_WELL;DECODED_SAME_WELL_ION_0p7
O=c1[nH]c2ccccc2cc1CNc1ccc[nH]c1=O,True,1,DECODED_SAME_PLATE_ION_0p01
O=c1[nH]c2ccccc2n1-c1ccccc1,True,2,COPLATED_IN_DECODED_WELL
O=c1[nH]c2ccccc2n1C1CCN(CCCC(c2ccccc2)c2ccccc2)CC1,False,0,EXPOSED_POPULATION:LCSB-ALL-MASSBANK-V1-EXPOSURE-SET;EXPOSED_POPULATION:LCSB-CONFIRMATION;EXPOSED_POPULATION:LCSB-NEG
O=c1[nH]c2ccccc2n1C1CCN(Cc2ccc(-c3[nH]c4cc5ncnc5cc4nc3-c3ccccc3)cc2)CC1,False,0,COPLATED_IN_DECODED_WELL
O=c1[nH]c2ccccc2n1CCCN1CCC(n2c(=O)[nH]c3ccccc32)CC1,True,1,COPLATED_IN_DECODED_WELL;DECODED_SAME_PLATE_ION_0p01
O=c1[nH]c2ccccc2nc1Cc1ccccc1,True,1,DECODED_SAME_PLATE_ION_0p01
O=c1[nH]c2ccccc2o1,False,0,COPLATED_IN_DECODED_WELL;EXPOSED_POPULATION:ENTACT-MIX-LISTS-499-503-505;EXPOSED_POPULATION:LCSB-ALL-MASSBANK-V1-EXPOSURE-SET;EXPOSED_POPULATION:LCSB-DEV;EXPOSED_POPULATION:LCSB-NEG;EXPOSED_POPULATION:LCSB-POS-V2-SPECTRA;EXPOSED_POPULATION:V2-DEVELOPMENT-POPULATION;MSNLIB_ANCHOR_CENSUS_DESIGN
O=c1[nH]c2ccccc2s1,False,0,EXPOSED_POPULATION:ENTACT-MIX-LISTS-499-503-505;EXPOSED_POPULATION:V2-DEVELOPMENT-POPULATION;EXPOSED_POPULATION:WUR-DEV-HOLD;EXPOSED_POPULATION:WUR-POS-IDENTITY
O=c1[nH]c2cccnc2[nH]1,True,4,COPLATED_IN_DECODED_WELL;DECODED_SAME_PLATE_ION_0p01
O=c1[nH]c2cccnc2n1CCc1ccccn1,True,1,DECODED_SAME_PLATE_ION_0p01
O=c1[nH]c2ccncc2n1Cc1cc2ccccc2[nH]1,True,1,COPLATED_IN_DECODED_WELL
O=c1[nH]c2cnc3cc(-c4cnoc4)ccc3c2n1Cc1ccccn1,True,1,DECODED_SAME_PLATE_ION_0p01
O=c1[nH]c2cnc3ccc(-c4cccnc4)cc3c2n1C1CCOCC1,True,1,COPLATED_IN_DECODED_WELL
O=c1[nH]c2cnc3ccc(-c4cccnc4)nc3c2n1C1CCNCC1,True,1,SAMPLE1_DRAW_GROUP
O=c1[nH]c2cncnc2n1CCCCCN1CCCCC1,True,1,DECODED_SAME_PLATE_ION_0p01
O=c1[nH]c2cncnc2n1Cc1cccnc1,True,2,COPLATED_IN_DECODED_WELL;DECODED_SAME_PLATE_ION_0p01
O=c1[nH]c2nc(NCCC3CCNCC3)ncc2cc1-c1ccc(-c2cnccn2)cc1,True,1,COPLATED_IN_DECODED_WELL;DECODED_SAME_PLATE_ION_0p01;DECODED_SAME_WELL_ION_0p7
O=c1[nH]c2nc(Nc3ccccc3)ncc2cc1-c1ccccc1,True,2,COPLATED_IN_DECODED_WELL
O=c1[nH]c2nc3n(c2c(=O)n1Cc1ccccc1)CCCN3c1ccccc1,True,1,SAMPLE1_DRAW_GROUP
O=c1[nH]c2nc3occn3c2c(=O)n1CCN1CCOCC1,True,1,SAMPLE1_DRAW_GROUP
O=c1[nH]c2ncccc2o1,False,0,EXPOSED_POPULATION:V2-DEVELOPMENT-POPULATION;EXPOSED_POPULATION:WUR-DEV-ANALYSIS;EXPOSED_POPULATION:WUR-POS-IDENTITY
O=c1[nH]c2ncncc2cc1-c1ccn[nH]1,True,1,COPLATED_IN_DECODED_WELL
O=c1[nH]cc(-c2ccccc2)c2ccncc12,True,1,COPLATED_IN_DECODED_WELL;DECODED_SAME_PLATE_ION_0p01;DECODED_SAME_WELL_ION_0p7
O=c1[nH]cc(-c2ccccc2)c2sc(C=NC3CCS(=O)(=O)CC3)cc12,True,1,SAMPLE1_DRAW_GROUP
O=c1[nH]cc(-c2ccccc2Oc2ccccc2)c2cc[nH]c12,True,2,DECODED_SAME_PLATE_ION_0p01
O=c1[nH]cc(C2CCCO2)c(=O)[nH]1,True,2,DECODED_SAME_PLATE_ION_0p01
O=c1[nH]cc(OC2CCCCO2)c(=O)[nH]1,False,0,EXPOSED_POPULATION:V2-DEVELOPMENT-POPULATION;EXPOSED_POPULATION:WUR-POS-IDENTITY;EXPOSED_POPULATION:WUR-SEALED
O=c1[nH]ccc(=S)[nH]1,False,0,EXPOSED_POPULATION:V2-DEVELOPMENT-POPULATION;EXPOSED_POPULATION:WUR-POS-IDENTITY;EXPOSED_POPULATION:WUR-SEALED
O=c1[nH]ccc(NCCc2ccccc2)c1-c1nc2ccc(N3CCOCC3)cc2[nH]1,True,1,COPLATED_IN_DECODED_WELL
O=c1[nH]ccc2c(S(=O)(=O)N3CCCNCC3)cccc12,True,1,COPLATED_IN_DECODED_WELL;DECODED_SAME_PLATE_ION_0p01
O=c1[nH]ccc2c3nc[nH]c3c3ccccc3c12,True,1,DECODED_SAME_PLATE_ION_0p01
O=c1[nH]ccc2cc(OC3CCNCC3)ccc12,True,1,DECODED_SAME_PLATE_ION_0p01
O=c1[nH]ccc2ccc(NS(=O)(=O)c3ccc(N4CCCC4)s3)cc12,False,0,COPLATED_IN_DECODED_WELL
O=c1[nH]ccc2ccccc12,True,16,COPLATED_IN_DECODED_WELL;DECODED_SAME_PLATE_ION_0p01;DECODED_SAME_WELL_ION_0p7
O=c1[nH]cccc1C(c1cccs1)N1CCCCC1,True,1,DECODED_SAME_PLATE_ION_0p01
O=c1[nH]ccn2nccc12,True,1,SAMPLE1_DRAW_GROUP
O=c1[nH]ccnc1N1CCCC(NS(=O)(=O)C2CC2)C1,True,1,SAMPLE1_DRAW_GROUP
O=c1[nH]cnc2[nH]cnc12,False,0,COPLATED_IN_DECODED_WELL;DECODED_SAME_PLATE_ION_0p01;DECODED_SAME_WELL_ION_0p7;EXPOSED_POPULATION:V2-DEVELOPMENT-POPULATION;EXPOSED_POPULATION:WUR-DEV-ANALYSIS;EXPOSED_POPULATION:WUR-POS-IDENTITY;MSNLIB_ANCHOR_CENSUS_DESIGN;MSNLIB_ANCHOR_CENSUS_DETECTED;MSNLIB_ANCHOR_GATE_CALIBRATION;MULTIMS2_ANCHOR_CALIBRATION
O=c1[nH]cnc2c(-c3ccccc3)nsc12,True,2,SAMPLE1_DRAW_GROUP
O=c1[nH]cnc2c1CN(S(=O)(=O)c1ccccc1)CC2,True,1,SAMPLE1_DRAW_GROUP
O=c1[nH]cnc2c1NC(CNc1ccccc1)CN2,True,1,COPLATED_IN_DECODED_WELL;DECODED_SAME_PLATE_ION_0p01;SAMPLE1_DRAW_GROUP
O=c1[nH]cnc2c1cnn2-c1ccccc1,True,3,SAMPLE1_DRAW_GROUP
O=c1[nH]cnc2c1ncn2C1CCCO1,True,2,DECODED_SAME_PLATE_ION_0p01
O=c1[nH]cnc2ccc(-c3cncc(NS(=O)(=O)c4ccccc4)c3)cc12,True,1,SAMPLE1_DRAW_GROUP
O=c1[nH]cnc2ccccc12,True,12,DECODED_SAME_PLATE_ION_0p01
O=c1[nH]cnc2ccsc12,True,1,SAMPLE1_DRAW_GROUP
O=c1[nH]cnn1-c1ccccc1,False,0,EXPOSED_POPULATION:LCSB-ALL-MASSBANK-V1-EXPOSURE-SET;EXPOSED_POPULATION:LCSB-DEV;EXPOSED_POPULATION:LCSB-POS-V2-SPECTRA;EXPOSED_POPULATION:V2-DEVELOPMENT-POPULATION;EXPOSED_POPULATION:WUR-DEV-ANALYSIS;EXPOSED_POPULATION:WUR-POS-IDENTITY
O=c1[nH]cnnc1-c1ccccc1,False,0,EXPOSED_POPULATION:ENTACT-MIX-LISTS-499-503-505;EXPOSED_POPULATION:LCSB-ALL-MASSBANK-V1-EXPOSURE-SET;EXPOSED_POPULATION:LCSB-DEV;EXPOSED_POPULATION:LCSB-NEG;EXPOSED_POPULATION:LCSB-POS-V2-SPECTRA;EXPOSED_POPULATION:V2-DEVELOPMENT-POPULATION;EXPOSED_POPULATION:WUR-DEV-ANALYSIS;EXPOSED_POPULATION:WUR-POS-IDENTITY
O=c1[nH]nc(-c2ccccc2)c2c(-c3ccccc3)n(-c3ccccc3)nc12,True,1,SAMPLE1_DRAW_GROUP
O=c1[nH]nc(-c2ccccc2)n1-c1ccc2[nH]ccc2c1,True,1,DECODED_SAME_PLATE_ION_0p01
O=c1[nH]nc(C2CCCN(Cc3ccccc3)C2)[nH]1,True,1,SAMPLE1_DRAW_GROUP
O=c1[nH]nc(Cn2cccc(Oc3ccccc3)c2=O)[nH]1,True,1,COPLATED_IN_DECODED_WELL
O=c1[nH]nc2c3c(cccc13)NC(c1ccccc1)C2c1ncn[nH]1,True,1,COPLATED_IN_DECODED_WELL;DECODED_SAME_PLATE_ION_0p01;DECODED_SAME_WELL_ION_0p7
O=c1[nH]nc2ccc(S(=O)(=O)N3CCCCCC3)cn12,True,1,SAMPLE1_DRAW_GROUP
O=c1[nH]ncc2ccccc12,True,15,DECODED_SAME_PLATE_ION_0p01
O=c1[nH]ncn1-c1ccc(N2CCN(c3ccc(OCC4COC(Cn5cncn5)(c5ccccc5)C4)cc3)CC2)cc1,True,1,COPLATED_IN_DECODED_WELL
O=c1[nH]ncn1-c1ccc(N2CCN(c3ccc(OCC4COC(Cn5cncn5)(c5ccccc5)O4)cc3)CC2)cc1,True,1,COPLATED_IN_DECODED_WELL
O=c1[nH]nnc2ccccc12,False,0,EXPOSED_POPULATION:V2-DEVELOPMENT-POPULATION;EXPOSED_POPULATION:WUR-DEV-ANALYSIS;EXPOSED_POPULATION:WUR-POS-IDENTITY
O=c1[nH]nnc2cncn12,True,1,COPLATED_IN_DECODED_WELL;DECODED_SAME_PLATE_ION_0p01
O=c1[nH]nnc2sc3c(c12)CCCC3,True,1,SAMPLE1_DRAW_GROUP
O=c1[nH]oc2c1CCNC2,True,1,COPLATED_IN_DECODED_WELL;DECODED_SAME_PLATE_ION_0p01;SAMPLE1_DRAW_GROUP
O=c1[nH]sc(=O)[nH]1,True,1,DECODED_SAME_PLATE_ION_0p01
O=c1[nH]sc2ccccc12,False,0,EXPOSED_POPULATION:ENTACT-MIX-LISTS-499-503-505;EXPOSED_POPULATION:LCSB-ALL-MASSBANK-V1-EXPOSURE-SET;EXPOSED_POPULATION:LCSB-CONFIRMATION;EXPOSED_POPULATION:LCSB-NEG;EXPOSED_POPULATION:LCSB-POS-V2-SPECTRA;EXPOSED_POPULATION:V2-DEVELOPMENT-POPULATION;EXPOSED_POPULATION:WUR-POS-IDENTITY;EXPOSED_POPULATION:WUR-SEALED
O=c1c(-c2ccc(-c3ccccn3)cc2)cc2cncnc2n1CC1OCCCO1,True,1,COPLATED_IN_DECODED_WELL;SAMPLE1_DRAW_GROUP
O=c1c(-c2ccc(OC3CCCCO3)cc2)coc2ccccc12,True,1,DECODED_SAME_PLATE_ION_0p01
O=c1c(-c2ccc3c(c2)C=CCO3)coc2ccccc12,True,2,DECODED_SAME_PLATE_ION_0p01
O=c1c(-c2ccc3c(c2)OCO3)coc2c3c(ccc12)OCC=C3,True,1,SAMPLE1_DRAW_GROUP
O=c1c(-c2ccccc2)c(CNc2ncnc3nc[nH]c23)oc2ccccc12,True,1,COPLATED_IN_DECODED_WELL
O=c1c(-c2ccccc2)c(Cn2nc(-c3ccccc3)c3cncnc32)oc2ccccc12,True,1,COPLATED_IN_DECODED_WELL;DECODED_SAME_PLATE_ION_0p01;DECODED_SAME_WELL_ION_0p7
O=c1c(-c2ccccc2)c[nH]cc1-c1ccccc1,False,0,EXPOSED_POPULATION:LCSB-ALL-MASSBANK-V1-EXPOSURE-SET;EXPOSED_POPULATION:LCSB-DEV;EXPOSED_POPULATION:LCSB-POS-V2-SPECTRA;EXPOSED_POPULATION:V2-DEVELOPMENT-POPULATION;EXPOSED_POPULATION:WUR-DEV-ANALYSIS;EXPOSED_POPULATION:WUR-POS-IDENTITY
O=c1c(-c2ccccc2)cc2cncnc2n1CCCN1CCNCC1,True,1,COPLATED_IN_DECODED_WELL
O=c1c(-c2ccccc2)cn(Cc2ccccc2)c(=O)n1CCc1ccccc1,True,1,COPLATED_IN_DECODED_WELL;DECODED_SAME_PLATE_ION_0p01;DECODED_SAME_WELL_ION_0p7
O=c1c(-c2ccccc2)cnc2c(N3CCCCC3)c(-c3ccccc3)[nH]n12,True,1,DECODED_SAME_PLATE_ION_0p01;SAMPLE1_DRAW_GROUP
O=c1c(-c2ccccc2)coc2c(C3CCCCO3)cccc12,True,5,COPLATED_IN_DECODED_WELL;DECODED_SAME_PLATE_ION_0p01;DECODED_SAME_WELL_ION_0p7
O=c1c(-c2ccccc2)coc2cc(OC3CCCC(COC4CCCCO4)O3)ccc12,True,4,SAMPLE1_DRAW_GROUP
O=c1c(-c2ccccc2)coc2cc(OC3CCCCO3)ccc12,True,12,COPLATED_IN_DECODED_WELL;DECODED_SAME_PLATE_ION_0p01;DECODED_SAME_WELL_ION_0p7
O=c1c(-c2ccccc2)coc2cc(OCc3ccccc3)ccc12,True,1,COPLATED_IN_DECODED_WELL;SAMPLE1_DRAW_GROUP
O=c1c(-c2ccccc2)coc2cc3c(cc12)C=CC(COC1CCCC(COC2CCCCO2)O1)O3,True,1,SAMPLE1_DRAW_GROUP
O=c1c(-c2ccccc2)coc2ccccc12,False,0,COPLATED_IN_DECODED_WELL;DECODED_SAME_PLATE_ION_0p01;DECODED_SAME_WELL_ION_0p7;EXPOSED_POPULATION:ENTACT-MIX-LISTS-499-503-505;EXPOSED_POPULATION:LCSB-ALL-MASSBANK-V1-EXPOSURE-SET;EXPOSED_POPULATION:LCSB-DEV;EXPOSED_POPULATION:LCSB-NEG;EXPOSED_POPULATION:LCSB-POS-V2-SPECTRA;EXPOSED_POPULATION:V2-DEVELOPMENT-POPULATION;MSNLIB_ANCHOR_CENSUS_DESIGN;MSNLIB_ANCHOR_CENSUS_DETECTED;MSNLIB_ANCHOR_GATE_CALIBRATION
O=c1c(-c2cccnc2)cc2cncnc2n1C1CCCCC1,True,1,DECODED_SAME_PLATE_ION_0p01
O=c1c(-c2nn[nH]n2)cnc2ccccn12,True,1,COPLATED_IN_DECODED_WELL;DECODED_SAME_PLATE_ION_0p01
O=c1c(-n2ccnn2)c[nH]n1-c1cc(N2CCOCC2)ncn1,True,1,DECODED_SAME_PLATE_ION_0p01
O=c1c(-n2ccnn2)c[nH]n1-c1ccccn1,True,1,SAMPLE1_DRAW_GROUP
O=c1c(=Cc2ccn(-c3ccccc3)c2)sc2nc3ccccc3n12,True,1,DECODED_SAME_PLATE_ION_0p01
O=c1c(C=Cc2nc3ccccc3s2)c(Oc2ccccc2)nc2ccccn12,True,2,DECODED_SAME_PLATE_ION_0p01
O=c1c(C=NCCc2ccccc2)c[nH]n1-c1nc2ccccc2s1,True,1,SAMPLE1_DRAW_GROUP
O=c1c(CCN2CCC(=C(c3ccccc3)c3ccccc3)CC2)cnc2sccn12,True,2,COPLATED_IN_DECODED_WELL;DECODED_SAME_PLATE_ION_0p01;DECODED_SAME_WELL_ION_0p7
O=c1c(CCN2CCC(c3noc4ccccc34)CC2)cnc2ccccn12,True,1,COPLATED_IN_DECODED_WELL
O=c1c(CCN2CCC(c3noc4ccccc34)CC2)cnc2n1CCCC2,True,3,COPLATED_IN_DECODED_WELL;DECODED_SAME_PLATE_ION_0p01;DECODED_SAME_WELL_ION_0p7
O=c1c(CN2CC3CCCC2C3)c[nH]c2ccccc12,True,1,SAMPLE1_DRAW_GROUP
O=c1c(Cc2ccccc2)cnc2n1CCS2,True,1,SAMPLE1_DRAW_GROUP
O=c1c(N2CCN(Cc3ccccc3)CC2)csc2ccccc12,True,1,SAMPLE1_DRAW_GROUP
O=c1c(N=Nc2cccc(-c3ccccc3)c2)c[nH]n1-c1ccccc1,True,1,COPLATED_IN_DECODED_WELL;DECODED_SAME_PLATE_ION_0p01
O=c1c(N=Nc2ccccc2)c[nH]n1-c1nc(-c2ccccc2)cs1,False,0,DECODED_SAME_PLATE_ION_0p01
O=c1c(NCc2ccco2)c(Nc2ccccc2)c1=O,True,1,DECODED_SAME_PLATE_ION_0p01
O=c1c(OC2CCC(OC3CCCCO3)CO2)c(-c2ccccc2)oc2cc(OC3CCCCO3)ccc12,True,1,SAMPLE1_DRAW_GROUP
O=c1c(OC2CCCC(COC3CC(OC4CCCCO4)CCO3)O2)c(-c2ccccc2)oc2ccccc12,True,3,COPLATED_IN_DECODED_WELL;SAMPLE1_DRAW_GROUP
O=c1c(OC2CCCC(COC3CCCCO3)O2)c(-c2ccccc2)oc2ccccc12,True,10,COPLATED_IN_DECODED_WELL;DECODED_SAME_PLATE_ION_0p01;DECODED_SAME_WELL_ION_0p7
O=c1c(OC2CCCCO2)c(-c2ccccc2)oc2c(OC3CCCCO3)cccc12,True,2,DECODED_SAME_PLATE_ION_0p01
O=c1c(OC2CCCCO2)c(-c2ccccc2)oc2cc(OC3CCCC(COC4CCCCO4)O3)ccc12,True,1,COPLATED_IN_DECODED_WELL
O=c1c(OC2CCCCO2)c(-c2ccccc2)oc2cc(OC3CCCCO3)ccc12,True,11,COPLATED_IN_DECODED_WELL
O=c1c(OC2CCCCO2)c(-c2ccccc2)oc2cc(OC3OCCCC3OC3CCCCO3)ccc12,True,1,COPLATED_IN_DECODED_WELL
O=c1c(OC2CCCCO2)c(-c2ccccc2)oc2ccccc12,True,20,COPLATED_IN_DECODED_WELL;DECODED_SAME_PLATE_ION_0p01;DECODED_SAME_WELL_ION_0p7
O=c1c(OC2CCCO2)c(-c2ccccc2)oc2ccccc12,True,2,COPLATED_IN_DECODED_WELL
O=c1c(OC2OC(COC3CCCCO3)CCC2OC2CCCCO2)c(-c2ccccc2)oc2ccccc12,True,8,COPLATED_IN_DECODED_WELL;DECODED_SAME_PLATE_ION_0p01;DECODED_SAME_WELL_ION_0p7
O=c1c(OC2OCCC2OC2CCCCO2)c(-c2ccccc2)oc2ccccc12,True,2,SAMPLE1_DRAW_GROUP
O=c1c(OC2OCCCC2OC2CCCCO2)c(-c2ccccc2)oc2ccccc12,True,11,COPLATED_IN_DECODED_WELL
O=c1c(OC2OCCCC2OC2CCCO2)c(-c2ccc(OC3CCCCO3)cc2)oc2ccccc12,True,1,SAMPLE1_DRAW_GROUP
O=c1c2[nH]c3ccccc3c2nc(SCc2ccccn2)n1-c1ccccc1,True,1,SAMPLE1_DRAW_GROUP
O=c1c2[nH]c3ccccc3c2ncn1N=Cc1ccccc1,False,0,COPLATED_IN_DECODED_WELL;DECODED_SAME_PLATE_ION_0p01;DECODED_SAME_WELL_ION_0p7
O=c1c2c(-c3ccco3)csc2ncn1CC1CCNCC1,False,0,DECODED_SAME_PLATE_ION_0p01
O=c1c2c([nH]n1-c1ccccn1)CCc1ccccc1-2,True,1,COPLATED_IN_DECODED_WELL
O=c1c2c(c1=O)NCCCN2,True,1,COPLATED_IN_DECODED_WELL;DECODED_SAME_PLATE_ION_0p01
O=c1c2c(ncn1CCc1ccccc1)CCS2,True,1,SAMPLE1_DRAW_GROUP
O=c1c2c3c(ccc2cc2n1CCc1ccccc1-2)OCO3,True,1,DECODED_SAME_PLATE_ION_0p01
O=c1c2cc(-c3ccccc3)nn2ccn1Cc1ccccc1,True,3,SAMPLE1_DRAW_GROUP
O=c1c2cc(-c3ccccc3)nn2ccn1Cc1nc(-c2ccccc2)no1,True,3,SAMPLE1_DRAW_GROUP
O=c1c2cc(-c3ccccc3)sc2n(Cc2ccccc2)c(=O)n1-c1cccnn1,True,1,COPLATED_IN_DECODED_WELL;DECODED_SAME_PLATE_ION_0p01;DECODED_SAME_WELL_ION_0p7
O=c1c2cc(OC3CCCCO3)ccc2oc2ccc(C3CCCCO3)cc12,True,1,COPLATED_IN_DECODED_WELL;DECODED_SAME_PLATE_ION_0p01;DECODED_SAME_WELL_ION_0p7
O=c1c2cc(S(=O)(=O)NC3CC3)ccc2n(Cc2ccn[nH]2)c(=O)n1Cc1cncs1,True,1,DECODED_SAME_PLATE_ION_0p01
O=c1c2cc3ccccc3cc2nc2ccccn12,True,1,DECODED_SAME_PLATE_ION_0p01
O=c1c2cccc3c4cccc5c(=O)c6cccc7c8cccc1c8c(c23)c(c54)c67,False,0,EXPOSED_POPULATION:WUR-NEG-DEV
O=c1c2cccc3cccc(c32)c2nc3ccccc3n12,True,1,COPLATED_IN_DECODED_WELL;DECODED_SAME_PLATE_ION_0p01
O=c1c2ccccc2[nH]c2ccccc12,True,6,COPLATED_IN_DECODED_WELL;DECODED_SAME_PLATE_ION_0p01;DECODED_SAME_WELL_ION_0p7
O=c1c2ccccc2c(-c2cccnc2)nn1Cc1ccccc1,True,1,COPLATED_IN_DECODED_WELL
O=c1c2ccccc2c(Cc2ccccc2)c2n1CCc1cc3c(cc1-2)OCO3,True,1,DECODED_SAME_PLATE_ION_0p01
O=c1c2ccccc2c(Cc2ccccc2)nn1C1CCCNCC1,True,1,DECODED_SAME_PLATE_ION_0p01
O=c1c2ccccc2cc(CNc2ncnc3nc[nH]c23)n1-c1ccccc1,True,1,COPLATED_IN_DECODED_WELL;DECODED_SAME_PLATE_ION_0p01
O=c1c2ccccc2cc2n1CCc1cc3c(cc1-2)OCO3,True,1,COPLATED_IN_DECODED_WELL;DECODED_SAME_PLATE_ION_0p01;DECODED_SAME_WELL_ION_0p7
O=c1c2ccccc2cnn1Cc1ccccc1,True,3,COPLATED_IN_DECODED_WELL
O=c1c2ccccc2n(Cc2ccccc2)c(=O)n1CCc1ccccc1,True,1,COPLATED_IN_DECODED_WELL;DECODED_SAME_PLATE_ION_0p01
O=c1c2ccccc2nc(-c2cncs2)n1-c1ccccc1,True,1,SAMPLE1_DRAW_GROUP
O=c1c2ccccc2nc(-n2cncn2)n1-c1ccccc1,False,0,EXPOSED_POPULATION:V2-DEVELOPMENT-POPULATION;EXPOSED_POPULATION:WUR-POS-IDENTITY;EXPOSED_POPULATION:WUR-SEALED
O=c1c2ccccc2nc(C=Cc2ccccc2)n1-c1ccccc1,True,1,COPLATED_IN_DECODED_WELL
O=c1c2ccccc2nc(C=Cc2cccnc2)n1Cc1ccccc1,True,1,DECODED_SAME_PLATE_ION_0p01
O=c1c2ccccc2nc(CNc2ncnc3nc[nH]c23)n1-c1ccccc1,True,3,COPLATED_IN_DECODED_WELL;DECODED_SAME_PLATE_ION_0p01;DECODED_SAME_WELL_ION_0p7
O=c1c2ccccc2nc(Cn2cnc3cncnc32)n1-c1ccccc1,True,1,DECODED_SAME_PLATE_ION_0p01
O=c1c2ccccc2nc(Cn2nc(-c3ccccc3)c3cncnc32)n1-c1ccccc1,True,1,DECODED_SAME_PLATE_ION_0p01
O=c1c2ccccc2nc(N2CCNCC2)n1-c1ccc(Oc2ccccc2)cc1,True,1,DECODED_SAME_PLATE_ION_0p01
O=c1c2ccccc2nc2n1CCC2=Cc1ccccc1,True,1,DECODED_SAME_PLATE_ION_0p01
O=c1c2ccccc2nc2n1CCc1c-2[nH]c2ccccc12,True,1,DECODED_SAME_PLATE_ION_0p01
O=c1c2ccccc2ncn1-c1ccc2ccccc2c1,True,1,SAMPLE1_DRAW_GROUP
O=c1c2ccccc2ncn1-c1cccc2ccccc12,True,2,SAMPLE1_DRAW_GROUP
O=c1c2ccccc2ncn1-c1ccccc1,True,4,DECODED_SAME_PLATE_ION_0p01
O=c1c2ccccc2ncn1C1CCCCC1,True,1,SAMPLE1_DRAW_GROUP
O=c1c2ccccc2ncn1CCc1ccccc1,True,1,SAMPLE1_DRAW_GROUP
O=c1c2ccccc2oc2c(C3CCCCO3)cccc12,True,2,COPLATED_IN_DECODED_WELL;DECODED_SAME_PLATE_ION_0p01
O=c1c2ccccc2oc2c3c(ccc12)OC1OC=CC31,False,0,EXPOSED_POPULATION:V2-DEVELOPMENT-POPULATION;EXPOSED_POPULATION:WUR-POS-IDENTITY;EXPOSED_POPULATION:WUR-SEALED
O=c1c2ccccc2oc2cc(NS(=O)(=O)c3ccc(-c4ccccc4)cc3)ccc12,True,1,DECODED_SAME_PLATE_ION_0p01
O=c1c2ccccc2oc2cc(OC3CCCCO3)ccc12,True,2,SAMPLE1_DRAW_GROUP
O=c1c2ccccc2oc2cc3c(cc12)C1CCCC(O3)O1,True,5,COPLATED_IN_DECODED_WELL
O=c1c2ccccc2oc2cc3c(cc12)CCCO3,True,1,SAMPLE1_DRAW_GROUP
O=c1c2ccccc2oc2ccc(C3CCCCO3)cc12,True,4,SAMPLE1_DRAW_GROUP
O=c1c2ccccc2oc2ccc(C3OCCCC3OC3CCCO3)cc12,True,2,COPLATED_IN_DECODED_WELL;DECODED_SAME_PLATE_ION_0p01;DECODED_SAME_WELL_ION_0p7
O=c1c2ccccc2oc2cccc(OC3CCCCO3)c12,True,1,COPLATED_IN_DECODED_WELL
O=c1c2ccccc2oc2ccccc12,False,0,COPLATED_IN_DECODED_WELL;DECODED_SAME_PLATE_ION_0p01;EXPOSED_POPULATION:LCSB-ALL-MASSBANK-V1-EXPOSURE-SET;EXPOSED_POPULATION:LCSB-DEV;EXPOSED_POPULATION:LCSB-POS-V2-SPECTRA;EXPOSED_POPULATION:V2-DEVELOPMENT-POPULATION;MSNLIB_ANCHOR_CENSUS_DESIGN;MSNLIB_ANCHOR_CENSUS_DETECTED
O=c1c2ccccc2oc2ncccc12,True,2,COPLATED_IN_DECODED_WELL;DECODED_SAME_PLATE_ION_0p01
O=c1c2ccccc2sc2ccccc12,False,0,COPLATED_IN_DECODED_WELL;DECODED_SAME_PLATE_ION_0p01;EXPOSED_POPULATION:ENTACT-MIX-LISTS-499-503-505;EXPOSED_POPULATION:LCSB-ALL-MASSBANK-V1-EXPOSURE-SET;EXPOSED_POPULATION:LCSB-DEV;EXPOSED_POPULATION:LCSB-POS-V2-SPECTRA;EXPOSED_POPULATION:V2-DEVELOPMENT-POPULATION
O=c1c2ccccc2sn1-c1ccccc1,True,2,COPLATED_IN_DECODED_WELL;SAMPLE1_DRAW_GROUP
O=c1c2cnc3ccccc3c2[nH]n1-c1ccccc1,True,1,DECODED_SAME_PLATE_ION_0p01
O=c1c2cscc2ncn1Cc1ccccc1,True,1,SAMPLE1_DRAW_GROUP
O=c1c2nc(N3CCCC3)sc2c(-c2ccccc2)nn1Cc1ccccc1,True,1,COPLATED_IN_DECODED_WELL
O=c1c2sc(-c3ccccc3)cc2ncn1-c1ccc(OCCN2CCCC2)cc1,True,1,COPLATED_IN_DECODED_WELL;DECODED_SAME_PLATE_ION_0p01;DECODED_SAME_WELL_ION_0p7
O=c1c2sccc2n(Cc2ccccc2)c(=O)n1CC1CCCCC1,True,1,SAMPLE1_DRAW_GROUP
O=c1cc(-c2cc3cnccn3n2)nc2ccc(C3CCNCC3)cn12,True,2,DECODED_SAME_PLATE_ION_0p01
O=c1cc(-c2ccc(OC3CCCCO3)cc2)oc2ccc(C3OCCCC3OC3CCCCO3)cc12,True,1,COPLATED_IN_DECODED_WELL
O=c1cc(-c2ccc(Oc3ccccn3)cc2)[nH]c(=O)[nH]1,True,1,COPLATED_IN_DECODED_WELL
O=c1cc(-c2cccc(-c3cccc4c(=O)cc(-c5ccccc5)oc34)c2)oc2ccccc12,True,5,COPLATED_IN_DECODED_WELL;DECODED_SAME_PLATE_ION_0p01;DECODED_SAME_WELL_ION_0p7
O=c1cc(-c2ccccc2)[nH]c(=S)[nH]1,False,0,EXPOSED_POPULATION:V2-DEVELOPMENT-POPULATION;EXPOSED_POPULATION:WUR-POS-IDENTITY;EXPOSED_POPULATION:WUR-SEALED
O=c1cc(-c2ccccc2)c2cc(C(c3ccccc3)c3cnc[nH]3)ccc2[nH]1,True,1,COPLATED_IN_DECODED_WELL
O=c1cc(-c2ccccc2)c2ccc3c(c2o1)CN(C1CC1)CO3,True,1,DECODED_SAME_PLATE_ION_0p01
O=c1cc(-c2ccccc2)c2ccccc2o1,True,7,COPLATED_IN_DECODED_WELL;DECODED_SAME_PLATE_ION_0p01
O=c1cc(-c2ccccc2)cc(-c2ccccc2)[nH]1,True,1,COPLATED_IN_DECODED_WELL
O=c1cc(-c2ccccc2)cc(-c2ccccc2)s1,True,1,SAMPLE1_DRAW_GROUP
O=c1cc(-c2ccccc2)nc2c(-c3ccccc3)c[nH]n12,True,1,SAMPLE1_DRAW_GROUP
O=c1cc(-c2ccccc2)nc2cc[nH]n12,True,1,COPLATED_IN_DECODED_WELL
O=c1cc(-c2ccccc2)oc2c(C3CCCCO3)cc(C3CCCCO3)cc12,True,9,COPLATED_IN_DECODED_WELL
O=c1cc(-c2ccccc2)oc2c(C3CCCCO3)cccc12,True,3,COPLATED_IN_DECODED_WELL;DECODED_SAME_PLATE_ION_0p01
O=c1cc(-c2ccccc2)oc2c1ccc1occc12,False,0,COPLATED_IN_DECODED_WELL;DECODED_SAME_PLATE_ION_0p01;DECODED_SAME_WELL_ION_0p7;EXPOSED_POPULATION:V2-DEVELOPMENT-POPULATION;EXPOSED_POPULATION:WUR-POS-IDENTITY;EXPOSED_POPULATION:WUR-SEALED;MSNLIB_ANCHOR_CENSUS_DESIGN;MSNLIB_ANCHOR_CENSUS_DETECTED;MSNLIB_ANCHOR_GATE_CALIBRATION
O=c1cc(-c2ccccc2)oc2cc(OC3CCCC(COC4CCCCO4)O3)ccc12,True,9,COPLATED_IN_DECODED_WELL;DECODED_SAME_PLATE_ION_0p01
O=c1cc(-c2ccccc2)oc2cc(OC3CCCCO3)ccc12,True,35,COPLATED_IN_DECODED_WELL;DECODED_SAME_PLATE_ION_0p01;DECODED_SAME_WELL_ION_0p7
O=c1cc(-c2ccccc2)oc2cc(OC3OCCCC3OC3CCCO3)ccc12,True,2,SAMPLE1_DRAW_GROUP
O=c1cc(-c2ccccc2)oc2cc(Oc3ccc4c(c3)OC(c3ccccc3)CC4)ccc12,True,1,COPLATED_IN_DECODED_WELL;DECODED_SAME_PLATE_ION_0p01;DECODED_SAME_WELL_ION_0p7
O=c1cc(-c2ccccc2)oc2ccc(C3CCCCO3)cc12,True,5,COPLATED_IN_DECODED_WELL;DECODED_SAME_PLATE_ION_0p01;DECODED_SAME_WELL_ION_0p7
O=c1cc(-c2ccccc2)oc2ccc3ccccc3c12,False,0,COPLATED_IN_DECODED_WELL;DECODED_SAME_PLATE_ION_0p01;DECODED_SAME_WELL_ION_0p7;EXPOSED_POPULATION:ENTACT-MIX-LISTS-499-503-505;EXPOSED_POPULATION:LCSB-ALL-MASSBANK-V1-EXPOSURE-SET;EXPOSED_POPULATION:LCSB-DEV;EXPOSED_POPULATION:LCSB-POS-V2-SPECTRA;EXPOSED_POPULATION:V2-DEVELOPMENT-POPULATION;MSNLIB_ANCHOR_CENSUS_DESIGN;MSNLIB_ANCHOR_CENSUS_DETECTED;MSNLIB_ANCHOR_GATE_CALIBRATION
O=c1cc(-c2ccccc2)oc2ccccc12,True,135,COPLATED_IN_DECODED_WELL;DECODED_SAME_PLATE_ION_0p01;DECODED_SAME_WELL_ION_0p7;EXPOSED_POPULATION:ENTACT-MIX-LISTS-499-503-505;EXPOSED_POPULATION:LCSB-ALL-MASSBANK-V1-EXPOSURE-SET;EXPOSED_POPULATION:LCSB-NEG;EXPOSED_POPULATION:LCSB-POS-V2-SPECTRA
O=c1cc(-c2cccs2)[nH]c(C2CCCN(Cc3cncnc3)C2)n1,True,1,DECODED_SAME_PLATE_ION_0p01
O=c1cc(-c2cccs2)cc(-c2ccccc2)[nH]1,True,1,SAMPLE1_DRAW_GROUP
O=c1cc(-c2ccncn2)nc(N2CCOC(c3ccccc3)C2)[nH]1,True,1,DECODED_SAME_PLATE_ION_0p01
O=c1cc(C2CCCC2)[nH]c(SCc2ccccc2)n1,True,1,COPLATED_IN_DECODED_WELL
O=c1cc(C=Cc2ccccc2)[nH]c(=O)[nH]1,True,1,COPLATED_IN_DECODED_WELL;DECODED_SAME_PLATE_ION_0p01;SAMPLE1_DRAW_GROUP
O=c1cc(CC2CC3CCCC4CN=C(N2)N43)[nH]c(=O)[nH]1,False,0,EXPOSED_POPULATION:V2-DEVELOPMENT-POPULATION;EXPOSED_POPULATION:WUR-POS-IDENTITY;EXPOSED_POPULATION:WUR-SEALED
O=c1cc(CC2CC3CCCC4CNC(=N2)N43)[nH]c(=O)[nH]1,False,0,EXPOSED_POPULATION:V2-DEVELOPMENT-POPULATION;EXPOSED_POPULATION:WUR-DEV-HOLD;EXPOSED_POPULATION:WUR-POS-IDENTITY
O=c1cc(CCc2ccccc2)n2[nH]cnc2c1,True,1,DECODED_SAME_PLATE_ION_0p01
O=c1cc(CCc2ccccc2)oc2c1CCCC2,True,1,DECODED_SAME_PLATE_ION_0p01
O=c1cc(CCc2ccccc2)oc2ccccc12,True,1,DECODED_SAME_PLATE_ION_0p01;SAMPLE1_DRAW_GROUP
O=c1cc(CN2CCCC2)nc2nc(-c3ccccc3)[nH]n12,True,1,DECODED_SAME_PLATE_ION_0p01
O=c1cc(CN2CCCCC2)c2ccccc2o1,True,2,SAMPLE1_DRAW_GROUP
O=c1cc(CN2CCN(Cc3ccccc3)CC2)occ1OCc1ccccc1,True,1,SAMPLE1_DRAW_GROUP
O=c1cc(CN2CCOCC2)occ1OCCCCCSc1ccnc2ccccc12,True,1,DECODED_SAME_PLATE_ION_0p01
O=c1cc(COC2CCCCO2)oc2cc3c(cc12)CCO3,True,1,COPLATED_IN_DECODED_WELL;DECODED_SAME_PLATE_ION_0p01;DECODED_SAME_WELL_ION_0p7;SAMPLE1_DRAW_GROUP
O=c1cc(CSc2nnc(-c3ccc4c(c3)OCO4)o2)nc2scnn12,True,1,SAMPLE1_DRAW_GROUP
O=c1cc(CSc2nnc[nH]2)occ1OCc1ccccc1,True,1,SAMPLE1_DRAW_GROUP
O=c1cc(Cc2ccccc2)[nH]c(=S)[nH]1,False,0,EXPOSED_POPULATION:V2-DEVELOPMENT-POPULATION;EXPOSED_POPULATION:WUR-DEV-ANALYSIS;EXPOSED_POPULATION:WUR-POS-IDENTITY
O=c1cc(N2CCC(NCc3cc4c(cn3)OCCO4)C2)[nH]c(=O)[nH]1,True,1,SAMPLE1_DRAW_GROUP
O=c1cc(N2CCCCC2)cnn1-c1ccccn1,True,1,SAMPLE1_DRAW_GROUP
O=c1cc(N2CCCCC2)n(Cc2ccccc2)c(=O)[nH]1,True,2,COPLATED_IN_DECODED_WELL;DECODED_SAME_PLATE_ION_0p01
O=c1cc(N2CCN(c3ccccc3)CC2)[nH]c(=O)[nH]1,True,1,SAMPLE1_DRAW_GROUP
O=c1cc(N2CCN(c3ccccc3)CC2)[nH]c(=O)n1C1CCCCC1,True,1,DECODED_SAME_PLATE_ION_0p01
O=c1cc(N2CCN(c3nc4ccccc4s3)CC2)nc2ccccn12,True,1,SAMPLE1_DRAW_GROUP
O=c1cc(N2CCNCC2)oc2c(-c3ccccc3)cccc12,True,1,DECODED_SAME_PLATE_ION_0p01
O=c1cc(N2CCOCC2)nc2c(CNc3ccccc3)cccn12,True,2,DECODED_SAME_PLATE_ION_0p01
O=c1cc(N2CCOCC2)nc2n1CCCN2Cc1cccnc1,True,1,DECODED_SAME_PLATE_ION_0p01
O=c1cc(N2CCOCC2)oc2c(-c3ccc4c(c3)OCCO4)csc12,True,1,DECODED_SAME_PLATE_ION_0p01
O=c1cc(N2CCOCC2)oc2c(-c3cccc4c3sc3ccccc34)cccc12,True,1,DECODED_SAME_PLATE_ION_0p01
O=c1cc(N2CCOCC2)oc2c(-c3ccccc3)cccc12,False,0,DECODED_SAME_PLATE_ION_0p01
O=c1cc(NCCCN2CCN(c3ccccc3)CC2)[nH]c(=O)[nH]1,True,1,DECODED_SAME_PLATE_ION_0p01
O=c1cc(NCCNCCCc2ccccc2)[nH]c(=O)[nH]1,True,1,DECODED_SAME_PLATE_ION_0p01
O=c1cc(NCc2ccccc2)[nH]c(=O)[nH]1,True,2,COPLATED_IN_DECODED_WELL;DECODED_SAME_PLATE_ION_0p01;DECODED_SAME_WELL_ION_0p7
O=c1cc(NCc2ccccn2)cnn1-c1ccccn1,True,1,SAMPLE1_DRAW_GROUP
O=c1cc(Nc2ccccc2)nc2n(-c3ccccc3)ncn12,True,1,DECODED_SAME_PLATE_ION_0p01
O=c1cc(Oc2ccccc2)c2cncnc2[nH]1,False,0,EXPOSED_POPULATION:ENTACT-MIX-LISTS-499-503-505;EXPOSED_POPULATION:LCSB-ALL-MASSBANK-V1-EXPOSURE-SET;EXPOSED_POPULATION:LCSB-DEV;EXPOSED_POPULATION:LCSB-NEG;EXPOSED_POPULATION:LCSB-POS-V2-SPECTRA;EXPOSED_POPULATION:V2-DEVELOPMENT-POPULATION
O=c1cc(SCc2ccccc2)[nH]c(=O)[nH]1,True,1,SAMPLE1_DRAW_GROUP
O=c1cc(SCc2ccccc2)cn[nH]1,False,0,EXPOSED_POPULATION:ENTACT-MIX-LISTS-499-503-505;EXPOSED_POPULATION:LCSB-ALL-MASSBANK-V1-EXPOSURE-SET;EXPOSED_POPULATION:LCSB-DEV;EXPOSED_POPULATION:LCSB-POS-V2-SPECTRA;EXPOSED_POPULATION:LCSB-RAW-MIX-REPLICATE-SET-92;EXPOSED_POPULATION:LCSB-RAW-MIXES-499-503-505;EXPOSED_POPULATION:V2-DEVELOPMENT-POPULATION;EXPOSED_POPULATION:WUR-DEV-ANALYSIS;EXPOSED_POPULATION:WUR-POS-IDENTITY
O=c1cc2[nH]n(-c3ccccc3)c(=O)c2c(-c2ccccc2)[nH]1,True,1,DECODED_SAME_PLATE_ION_0p01
O=c1cc2c(c(Nc3ccccc3)[nH]1)c(=O)n(C1CC1)c(=O)n2-c1ccccc1,True,1,COPLATED_IN_DECODED_WELL
O=c1cc2oc3ccccc3nc-2c2ccccc12,True,2,SAMPLE1_DRAW_GROUP
O=c1cc[nH]c(=O)[nH]1,False,0,COPLATED_IN_DECODED_WELL;DECODED_SAME_PLATE_ION_0p01;EXPOSED_POPULATION:LCSB-ALL-MASSBANK-V1-EXPOSURE-SET;EXPOSED_POPULATION:LCSB-NEG;EXPOSED_POPULATION:V2-DEVELOPMENT-POPULATION;EXPOSED_POPULATION:WUR-POS-IDENTITY;EXPOSED_POPULATION:WUR-SEALED
O=c1cc[nH]c(=O)n1-c1ccccc1,True,1,COPLATED_IN_DECODED_WELL
O=c1cc[nH]c(=S)[nH]1,False,0,COPLATED_IN_DECODED_WELL;DECODED_SAME_PLATE_ION_0p01;EXPOSED_POPULATION:ENTACT-MIX-LISTS-499-503-505;EXPOSED_POPULATION:LCSB-ALL-MASSBANK-V1-EXPOSURE-SET;EXPOSED_POPULATION:LCSB-NEG;EXPOSED_POPULATION:V2-DEVELOPMENT-POPULATION;EXPOSED_POPULATION:WUR-DEV-HOLD;EXPOSED_POPULATION:WUR-POS-IDENTITY;MSNLIB_ANCHOR_CENSUS_DESIGN
O=c1cc[nH]c(N(Cc2ccccc2)Cc2ccccc2)n1,True,1,SAMPLE1_DRAW_GROUP
O=c1cc[nH]c(SCCOc2ccccc2)n1,True,1,SAMPLE1_DRAW_GROUP
O=c1cc[nH]c2c1ccc1cccnc12,True,2,COPLATED_IN_DECODED_WELL;DECODED_SAME_PLATE_ION_0p01;DECODED_SAME_WELL_ION_0p7
O=c1cc[nH]c2cc(-c3ccncc3)ccc12,True,1,DECODED_SAME_PLATE_ION_0p01
O=c1cc[nH]c2cc(N3CCNCC3)ccc12,False,0,COPLATED_IN_DECODED_WELL;DECODED_SAME_PLATE_ION_0p01;DECODED_SAME_WELL_ION_0p7;EXPOSED_POPULATION:V2-DEVELOPMENT-POPULATION;EXPOSED_POPULATION:WUR-POS-IDENTITY;EXPOSED_POPULATION:WUR-SEALED;MSNLIB_ANCHOR_CENSUS_DESIGN;MSNLIB_ANCHOR_CENSUS_DETECTED;MSNLIB_ANCHOR_GATE_CALIBRATION
O=c1cc[nH]c2cc3c(cc12)OCO3,False,0,COPLATED_IN_DECODED_WELL;DECODED_SAME_PLATE_ION_0p01;DECODED_SAME_WELL_ION_0p7;EXPOSED_POPULATION:V2-DEVELOPMENT-POPULATION;EXPOSED_POPULATION:WUR-DEV-ANALYSIS;EXPOSED_POPULATION:WUR-POS-IDENTITY;MSNLIB_ANCHOR_CENSUS_DESIGN;MSNLIB_ANCHOR_CENSUS_DETECTED;MSNLIB_ANCHOR_GATE_CALIBRATION
O=c1cc[nH]c2cc3occc(=O)c3cc12,True,1,COPLATED_IN_DECODED_WELL;DECODED_SAME_PLATE_ION_0p01;SAMPLE1_DRAW_GROUP
O=c1cc[nH]c2ccc(Cc3ccccc3)cc12,True,1,SAMPLE1_DRAW_GROUP
O=c1cc[nH]c2ccccc12,True,37,COPLATED_IN_DECODED_WELL;DECODED_SAME_PLATE_ION_0p01;DECODED_SAME_WELL_ION_0p7
O=c1cc[nH]c2nc(N3CCNCC3)ccc12,True,1,COPLATED_IN_DECODED_WELL;DECODED_SAME_PLATE_ION_0p01
O=c1cc[nH]c2nc(N3CCNCC3)ncc12,True,1,DECODED_SAME_PLATE_ION_0p01
O=c1cc[nH]c2ncccc12,False,0,COPLATED_IN_DECODED_WELL;DECODED_SAME_PLATE_ION_0p01;DECODED_SAME_WELL_ION_0p7;EXPOSED_POPULATION:LCSB-ALL-MASSBANK-V1-EXPOSURE-SET;EXPOSED_POPULATION:LCSB-NEG;EXPOSED_POPULATION:V2-DEVELOPMENT-POPULATION;EXPOSED_POPULATION:WUR-POS-IDENTITY;EXPOSED_POPULATION:WUR-SEALED;MSNLIB_ANCHOR_CENSUS_DESIGN;MSNLIB_ANCHOR_CENSUS_DETECTED;MSNLIB_ANCHOR_GATE_CALIBRATION
O=c1cc[nH]cc1,True,8,DECODED_SAME_PLATE_ION_0p01
O=c1cc[nH]cn1,False,0,COPLATED_IN_DECODED_WELL;DECODED_SAME_PLATE_ION_0p01;EXPOSED_POPULATION:ENTACT-MIX-LISTS-499-503-505;EXPOSED_POPULATION:LCSB-ALL-MASSBANK-V1-EXPOSURE-SET;EXPOSED_POPULATION:LCSB-NEG;EXPOSED_POPULATION:V2-DEVELOPMENT-POPULATION;EXPOSED_POPULATION:WUR-DEV-ANALYSIS;EXPOSED_POPULATION:WUR-DEV-HOLD;EXPOSED_POPULATION:WUR-POS-IDENTITY;MSNLIB_ANCHOR_CENSUS_DESIGN
O=c1cc[nH]n1-c1ccccc1,False,0,COPLATED_IN_DECODED_WELL;DECODED_SAME_PLATE_ION_0p01;DECODED_SAME_WELL_ION_0p7;EXPOSED_POPULATION:ENTACT-MIX-LISTS-499-503-505;EXPOSED_POPULATION:LCSB-ALL-MASSBANK-V1-EXPOSURE-SET;EXPOSED_POPULATION:LCSB-DEV;EXPOSED_POPULATION:LCSB-POS-V2-SPECTRA;EXPOSED_POPULATION:V2-DEVELOPMENT-POPULATION;EXPOSED_POPULATION:WUR-DEV-ANALYSIS;EXPOSED_POPULATION:WUR-POS-IDENTITY;MSNLIB_ANCHOR_CENSUS_DESIGN;MSNLIB_ANCHOR_CENSUS_DETECTED;MSNLIB_ANCHOR_GATE_CALIBRATION;MULTIMS2_ANCHOR_CALIBRATION
O=c1ccc(-c2ccc3nc(C4CCOCC4)[nH]c3c2)c[nH]1,True,1,DECODED_SAME_PLATE_ION_0p01
O=c1ccc(-c2ccc3nccn3c2)c[nH]1,True,1,COPLATED_IN_DECODED_WELL
O=c1ccc(-c2cccc(NS(=O)(=O)c3ccccc3)c2)n[nH]1,True,1,SAMPLE1_DRAW_GROUP
O=c1ccc(-c2cccc3cc(CNc4ccncn4)[nH]c(=O)c23)c[nH]1,False,0,COPLATED_IN_DECODED_WELL;DECODED_SAME_PLATE_ION_0p01;DECODED_SAME_WELL_ION_0p7
O=c1ccc(-c2ccccc2)nn1-c1ccccc1,True,1,DECODED_SAME_PLATE_ION_0p01
O=c1ccc(-c2ccccc2)nn1CCN1CCOCC1,True,1,DECODED_SAME_PLATE_ION_0p01
O=c1ccc(-c2ccncc2)c[nH]1,False,0,COPLATED_IN_DECODED_WELL;DECODED_SAME_PLATE_ION_0p01;DECODED_SAME_WELL_ION_0p7;EXPOSED_POPULATION:ENTACT-MIX-LISTS-499-503-505;EXPOSED_POPULATION:LCSB-ALL-MASSBANK-V1-EXPOSURE-SET;EXPOSED_POPULATION:LCSB-DEV;EXPOSED_POPULATION:LCSB-NEG;EXPOSED_POPULATION:LCSB-POS-V2-SPECTRA;EXPOSED_POPULATION:V2-DEVELOPMENT-POPULATION;EXPOSED_POPULATION:WUR-DEV-ANALYSIS;EXPOSED_POPULATION:WUR-POS-IDENTITY;MSNLIB_ANCHOR_CENSUS_DESIGN;MSNLIB_ANCHOR_CENSUS_DETECTED;MSNLIB_ANCHOR_GATE_CALIBRATION
O=c1ccc(=O)[nH][nH]1,False,0,DECODED_SAME_PLATE_ION_0p01;EXPOSED_POPULATION:WUR-NEG-DEV
O=c1ccc(C2CC3OC34C2CCC2C3CCCCC3CCC24)co1,True,3,COPLATED_IN_DECODED_WELL;DECODED_SAME_PLATE_ION_0p01;DECODED_SAME_WELL_ION_0p7
O=c1ccc(C2CCC3C2CCC2C4CCCCC4CCC23)co1,True,5,COPLATED_IN_DECODED_WELL;DECODED_SAME_PLATE_ION_0p01;DECODED_SAME_WELL_ION_0p7
O=c1ccc2c(=O)n(C3CC3)c(=O)n(-c3ccccc3)c2[nH]1,True,1,SAMPLE1_DRAW_GROUP
O=c1ccc2c(CCNC3Cc4ccccc4C3)cccc2[nH]1,False,0,COPLATED_IN_DECODED_WELL;DECODED_SAME_PLATE_ION_0p01;DECODED_SAME_WELL_ION_0p7;EXPOSED_POPULATION:V2-DEVELOPMENT-POPULATION;EXPOSED_POPULATION:WUR-DEV-HOLD;EXPOSED_POPULATION:WUR-POS-IDENTITY;MSNLIB_ANCHOR_CENSUS_DESIGN;MSNLIB_ANCHOR_CENSUS_DETECTED;MSNLIB_ANCHOR_GATE_CALIBRATION;MULTIMS2_ANCHOR_CALIBRATION
O=c1ccc2c(OCCCOC3CCCC(COC4CCCO4)O3)c3ccoc3cc2o1,True,1,SAMPLE1_DRAW_GROUP
O=c1ccc2c(ccc3ccccc32)o1,True,1,COPLATED_IN_DECODED_WELL
O=c1ccc2c3ccc(=O)c4cc5cccc6c7cccc8cc1c2c(c87)c(c56)c43,True,1,COPLATED_IN_DECODED_WELL;DECODED_SAME_PLATE_ION_0p01
O=c1ccc2c3ccc(=O)c4ccc5c(c6c(ccc1c26)CCC5)c43,True,1,COPLATED_IN_DECODED_WELL;DECODED_SAME_PLATE_ION_0p01
O=c1ccc2cc(COC3CCCCO3)ccc2o1,True,1,SAMPLE1_DRAW_GROUP
O=c1ccc2cc(Nc3ccnc(N4CCCCC4)n3)ccc2[nH]1,True,2,COPLATED_IN_DECODED_WELL;SAMPLE1_DRAW_GROUP
O=c1ccc2cc(OC3CCCCO3)ccc2o1,True,2,DECODED_SAME_PLATE_ION_0p01
O=c1ccc2cc(OCCCCc3nnnn3C3CCCCC3)ccc2[nH]1,True,1,DECODED_SAME_PLATE_ION_0p01
O=c1ccc2cc(S(=O)(=O)NCCc3ccccc3)cc3c2n1CC3,True,1,DECODED_SAME_PLATE_ION_0p01
O=c1ccc2cc3c(cc2o1)OC(COC1CCCCO1)C3,True,2,COPLATED_IN_DECODED_WELL;DECODED_SAME_PLATE_ION_0p01;DECODED_SAME_WELL_ION_0p7
O=c1ccc2cc3c(cc2o1)OCC3,True,8,COPLATED_IN_DECODED_WELL;DECODED_SAME_PLATE_ION_0p01;DECODED_SAME_WELL_ION_0p7
O=c1ccc2cc3c(cc2o1)OCCC3,True,3,DECODED_SAME_PLATE_ION_0p01
O=c1ccc2cc3c4c(c2o1)CCCN4CCC3,True,1,DECODED_SAME_PLATE_ION_0p01
O=c1ccc2cc3ccoc3c(OCC3CO3)c2o1,True,2,DECODED_SAME_PLATE_ION_0p01
O=c1ccc2cc3ccoc3cc2o1,False,0,COPLATED_IN_DECODED_WELL;DECODED_SAME_PLATE_ION_0p01;DECODED_SAME_WELL_ION_0p7;EXPOSED_POPULATION:ENTACT-MIX-LISTS-499-503-505;EXPOSED_POPULATION:LCSB-ALL-MASSBANK-V1-EXPOSURE-SET;EXPOSED_POPULATION:LCSB-DEV;EXPOSED_POPULATION:LCSB-POS-V2-SPECTRA;EXPOSED_POPULATION:V2-DEVELOPMENT-POPULATION;MSNLIB_ANCHOR_CENSUS_DESIGN;MSNLIB_ANCHOR_CENSUS_DETECTED;MSNLIB_ANCHOR_GATE_CALIBRATION;MULTIMS2_ANCHOR_CALIBRATION
O=c1ccc2ccc(OC3CCCC(COC4CCCO4)O3)cc2o1,True,2,COPLATED_IN_DECODED_WELL
O=c1ccc2ccc(OC3CCCCO3)cc2o1,True,7,COPLATED_IN_DECODED_WELL;DECODED_SAME_PLATE_ION_0p01
O=c1ccc2ccc(Oc3cc4ccc(OC5CCCCO5)cc4oc3=O)cc2o1,True,2,COPLATED_IN_DECODED_WELL
O=c1ccc2ccc3c(c2o1)CCCO3,True,13,COPLATED_IN_DECODED_WELL;DECODED_SAME_PLATE_ION_0p01
O=c1ccc2ccc3occc3c2o1,True,5,COPLATED_IN_DECODED_WELL
O=c1ccc2cccc(C3CO3)c2o1,True,1,SAMPLE1_DRAW_GROUP
O=c1ccc2cccc(CC3CO3)c2o1,True,1,DECODED_SAME_PLATE_ION_0p01
O=c1ccc2ccccc2[nH]1,False,0,COPLATED_IN_DECODED_WELL;DECODED_SAME_PLATE_ION_0p01;EXPOSED_POPULATION:V2-DEVELOPMENT-POPULATION;EXPOSED_POPULATION:WUR-DEV-ANALYSIS;EXPOSED_POPULATION:WUR-POS-IDENTITY
O=c1ccc2ccccc2n1OCC1CC1,True,1,DECODED_SAME_PLATE_ION_0p01
O=c1ccc2ccccc2o1,False,0,COPLATED_IN_DECODED_WELL;DECODED_SAME_PLATE_ION_0p01;DECODED_SAME_WELL_ION_0p7;EXPOSED_POPULATION:ENTACT-MIX-LISTS-499-503-505;EXPOSED_POPULATION:LCSB-ALL-MASSBANK-V1-EXPOSURE-SET;EXPOSED_POPULATION:LCSB-DEV;EXPOSED_POPULATION:LCSB-POS-V2-SPECTRA;EXPOSED_POPULATION:LCSB-RAW-MIX-REPLICATE-SET-92;EXPOSED_POPULATION:LCSB-RAW-MIXES-499-503-505;EXPOSED_POPULATION:V2-DEVELOPMENT-POPULATION;EXPOSED_POPULATION:WUR-DEV-ANALYSIS;EXPOSED_POPULATION:WUR-POS-IDENTITY;MSNLIB_ANCHOR_CENSUS_DESIGN;MULTIMS2_ANCHOR_CALIBRATION
O=c1ccc2cnc(NC3CCNCC3)nc2n1C1CCCC1,True,1,COPLATED_IN_DECODED_WELL;DECODED_SAME_PLATE_ION_0p01;DECODED_SAME_WELL_ION_0p7
O=c1ccc2cnc(Nc3ccc(N4CCNCC4)cn3)nc2n1C1CCCC1,True,2,COPLATED_IN_DECODED_WELL;DECODED_SAME_PLATE_ION_0p01
O=c1ccc2cnc(Nc3ccccc3)nc2n1-c1ccccc1,True,1,DECODED_SAME_PLATE_ION_0p01
O=c1ccc2cnc(Nc3ccccc3)nc2n1C1CC2CCC1C2,True,1,DECODED_SAME_PLATE_ION_0p01
O=c1ccc2cnn(-c3ccccc3)c2o1,True,3,COPLATED_IN_DECODED_WELL
O=c1ccc2nc3ccccc3oc-2c1,True,2,COPLATED_IN_DECODED_WELL
O=c1ccc2ncc(=O)n3c2n1CC3CN1CCC(NCc2cc3c(cn2)OCCC3)CC1,True,1,SAMPLE1_DRAW_GROUP
O=c1cccc(-c2ccccc2)[nH]1,True,5,COPLATED_IN_DECODED_WELL
O=c1cccc(-c2ccccc2)n1-c1ccccc1,True,2,SAMPLE1_DRAW_GROUP
O=c1cccc(-c2ccncc2)n1-c1ccccc1,True,1,SAMPLE1_DRAW_GROUP
O=c1cccc(C2CCCCC2)[nH]1,True,1,COPLATED_IN_DECODED_WELL;DECODED_SAME_PLATE_ION_0p01;DECODED_SAME_WELL_ION_0p7
O=c1cccc(C=CC=CC=CC2CC3CCOC3O2)o1,True,2,SAMPLE1_DRAW_GROUP
O=c1cccc(C=Cc2ccccc2)o1,True,4,DECODED_SAME_PLATE_ION_0p01
O=c1cccc(CCc2ccc3c(c2)OCO3)o1,True,1,COPLATED_IN_DECODED_WELL;DECODED_SAME_PLATE_ION_0p01;DECODED_SAME_WELL_ION_0p7
O=c1cccc(CCc2ccccc2)o1,False,0,COPLATED_IN_DECODED_WELL;DECODED_SAME_PLATE_ION_0p01;DECODED_SAME_WELL_ION_0p7
O=c1cccc2c(c1)CCCc1cc(OC3CCCCO3)ccc1-2,False,0,COPLATED_IN_DECODED_WELL;DECODED_SAME_PLATE_ION_0p01;DECODED_SAME_WELL_ION_0p7;EXPOSED_POPULATION:V2-DEVELOPMENT-POPULATION;EXPOSED_POPULATION:WUR-POS-IDENTITY;EXPOSED_POPULATION:WUR-SEALED;MSNLIB_ANCHOR_CENSUS_DESIGN;MSNLIB_ANCHOR_CENSUS_DETECTED;MSNLIB_ANCHOR_GATE_CALIBRATION
O=c1cccc2c(c1)CCCc1ccccc1-2,False,0,COPLATED_IN_DECODED_WELL;DECODED_SAME_PLATE_ION_0p01;DECODED_SAME_WELL_ION_0p7;EXPOSED_POPULATION:ENTACT-MIX-LISTS-499-503-505;EXPOSED_POPULATION:LCSB-ALL-MASSBANK-V1-EXPOSURE-SET;EXPOSED_POPULATION:LCSB-DEV;EXPOSED_POPULATION:LCSB-POS-V2-SPECTRA;EXPOSED_POPULATION:V2-DEVELOPMENT-POPULATION;EXPOSED_POPULATION:WUR-DEV-ANALYSIS;EXPOSED_POPULATION:WUR-POS-IDENTITY;MSNLIB_ANCHOR_CENSUS_DESIGN;MSNLIB_ANCHOR_CENSUS_DETECTED;MSNLIB_ANCHOR_GATE_CALIBRATION
O=c1cccc2ccccc2c1,True,2,COPLATED_IN_DECODED_WELL;DECODED_SAME_PLATE_ION_0p01
O=c1cccc2n1CC1CC2CN(c2ncnc3c2CCC3)C1,True,1,DECODED_SAME_PLATE_ION_0p01
O=c1cccc2n1CC1CC2CN2CCCCC12,False,0,COPLATED_IN_DECODED_WELL;DECODED_SAME_PLATE_ION_0p01;DECODED_SAME_WELL_ION_0p7;EXPOSED_POPULATION:V2-DEVELOPMENT-POPULATION;EXPOSED_POPULATION:WUR-DEV-HOLD;EXPOSED_POPULATION:WUR-POS-IDENTITY;EXPOSED_POPULATION:WUR-SEALED;MSNLIB_ANCHOR_CENSUS_DESIGN;MSNLIB_ANCHOR_CENSUS_DETECTED;MSNLIB_ANCHOR_GATE_CALIBRATION
O=c1cccc2n1CC1CNCC2C1,False,0,COPLATED_IN_DECODED_WELL;DECODED_SAME_PLATE_ION_0p01;DECODED_SAME_WELL_ION_0p7;EXPOSED_POPULATION:V2-DEVELOPMENT-POPULATION;EXPOSED_POPULATION:WUR-DEV-ANALYSIS;EXPOSED_POPULATION:WUR-POS-IDENTITY;MSNLIB_ANCHOR_CENSUS_DESIGN;MSNLIB_ANCHOR_CENSUS_DETECTED;MSNLIB_ANCHOR_GATE_CALIBRATION
O=c1cccc[nH]1,True,47,COPLATED_IN_DECODED_WELL;DECODED_SAME_PLATE_ION_0p01;EXPOSED_POPULATION:ENTACT-MIX-LISTS-499-503-505
O=c1cccccc1,True,3,DECODED_SAME_PLATE_ION_0p01
O=c1ccccn1-c1ccccc1,True,11,COPLATED_IN_DECODED_WELL
O=c1cccco1,True,17,COPLATED_IN_DECODED_WELL;DECODED_SAME_PLATE_ION_0p01;DECODED_SAME_WELL_ION_0p7;EXPOSED_POPULATION:ENTACT-MIX-LISTS-499-503-505;EXPOSED_POPULATION:LCSB-ALL-MASSBANK-V1-EXPOSURE-SET;EXPOSED_POPULATION:LCSB-CONFIRMATION
O=c1cccn[nH]1,False,0,EXPOSED_POPULATION:V2-DEVELOPMENT-POPULATION;EXPOSED_POPULATION:WUR-DEV-HOLD;EXPOSED_POPULATION:WUR-POS-IDENTITY
O=c1cccnn1-c1ccccc1,False,0,EXPOSED_POPULATION:ENTACT-MIX-LISTS-499-503-505;EXPOSED_POPULATION:LCSB-ALL-MASSBANK-V1-EXPOSURE-SET;EXPOSED_POPULATION:LCSB-DEV;EXPOSED_POPULATION:LCSB-NEG;EXPOSED_POPULATION:LCSB-POS-V2-SPECTRA;EXPOSED_POPULATION:V2-DEVELOPMENT-POPULATION;EXPOSED_POPULATION:WUR-DEV-ANALYSIS;EXPOSED_POPULATION:WUR-POS-IDENTITY
O=c1cccnn1CC1CN(c2cnc3ccccc3n2)C1,True,1,SAMPLE1_DRAW_GROUP
O=c1cccnn1Cc1cc(=O)n2ccsc2n1,True,1,SAMPLE1_DRAW_GROUP
O=c1ccn(-c2cccc(-c3ccc4ccccc4c3)c2)c(=O)[nH]1,True,1,COPLATED_IN_DECODED_WELL
O=c1ccn(-c2ccccc2)c2cc(N3CCNCC3)ccc12,False,0,COPLATED_IN_DECODED_WELL;DECODED_SAME_PLATE_ION_0p01;DECODED_SAME_WELL_ION_0p7;EXPOSED_POPULATION:V2-DEVELOPMENT-POPULATION;EXPOSED_POPULATION:WUR-DEV-ANALYSIS;EXPOSED_POPULATION:WUR-POS-IDENTITY;MSNLIB_ANCHOR_CENSUS_DESIGN;MSNLIB_ANCHOR_CENSUS_DETECTED;MSNLIB_ANCHOR_GATE_CALIBRATION;MULTIMS2_ANCHOR_CALIBRATION
O=c1ccn(-c2ccccc2)c2ccc(Nc3ccccc3)cc12,False,0,EXPOSED_POPULATION:LCSB-ALL-MASSBANK-V1-EXPOSURE-SET;EXPOSED_POPULATION:LCSB-DEV;EXPOSED_POPULATION:LCSB-NEG;EXPOSED_POPULATION:LCSB-POS-V2-SPECTRA;EXPOSED_POPULATION:V2-DEVELOPMENT-POPULATION
O=c1ccn(-c2ccccc2)c2nc(N3CC4CC4C3)ccc12,True,1,COPLATED_IN_DECODED_WELL
O=c1ccn(-c2ccccc2)c2nc(N3CCCC3)ccc12,True,1,COPLATED_IN_DECODED_WELL;DECODED_SAME_PLATE_ION_0p01
O=c1ccn(-c2ccccc2)nc1-c1nc(-c2ccccc2)no1,True,1,SAMPLE1_DRAW_GROUP
O=c1ccn(C2C=CCO2)c(=O)[nH]1,True,1,DECODED_SAME_PLATE_ION_0p01;EXPOSED_POPULATION:ENTACT-MIX-LISTS-499-503-505;EXPOSED_POPULATION:LCSB-RAW-MIX-REPLICATE-SET-92
O=c1ccn(C2CC2)c2cc(-c3ccc4c(c3)CNC4)ccc12,True,1,COPLATED_IN_DECODED_WELL;DECODED_SAME_PLATE_ION_0p01;DECODED_SAME_WELL_ION_0p7
O=c1ccn(C2CC2)c2cc(-c3cccnc3)ccc12,True,1,COPLATED_IN_DECODED_WELL
O=c1ccn(C2CC2)c2cc(N3CC4CC3CN4)ccc12,False,0,COPLATED_IN_DECODED_WELL;DECODED_SAME_PLATE_ION_0p01;DECODED_SAME_WELL_ION_0p7;EXPOSED_POPULATION:V2-DEVELOPMENT-POPULATION;EXPOSED_POPULATION:WUR-POS-IDENTITY;EXPOSED_POPULATION:WUR-SEALED;MSNLIB_ANCHOR_CENSUS_DESIGN;MSNLIB_ANCHOR_CENSUS_DETECTED;MSNLIB_ANCHOR_GATE_CALIBRATION
O=c1ccn(C2CC2)c2cc(N3CC4NCCOC4C3)ccc12,True,1,COPLATED_IN_DECODED_WELL;DECODED_SAME_PLATE_ION_0p01
O=c1ccn(C2CC2)c2cc(N3CCC4(CC4)C3)ccc12,True,1,COPLATED_IN_DECODED_WELL
O=c1ccn(C2CC2)c2cc(N3CCNCC3)ccc12,False,0,COPLATED_IN_DECODED_WELL;DECODED_SAME_PLATE_ION_0p01;DECODED_SAME_WELL_ION_0p7;EXPOSED_POPULATION:V2-DEVELOPMENT-POPULATION;EXPOSED_POPULATION:WUR-POS-IDENTITY;EXPOSED_POPULATION:WUR-SEALED;MSNLIB_ANCHOR_CENSUS_DESIGN;MSNLIB_ANCHOR_CENSUS_DETECTED;MSNLIB_ANCHOR_GATE_CALIBRATION
O=c1ccn(C2CCCO2)c(=O)[nH]1,True,34,COPLATED_IN_DECODED_WELL;DECODED_SAME_PLATE_ION_0p01;DECODED_SAME_WELL_ION_0p7;EXPOSED_POPULATION:ENTACT-MIX-LISTS-499-503-505;EXPOSED_POPULATION:LCSB-RAW-MIX-REPLICATE-SET-92
O=c1ccn(C2OCC3OCOC32)c(=O)[nH]1,True,1,SAMPLE1_DRAW_GROUP
O=c1ccn(COCCCS(=O)(=O)NCc2cccc(OC3CCCC3)c2)c(=O)[nH]1,True,1,DECODED_SAME_PLATE_ION_0p01
O=c1ccn(Cc2ccccc2)c2ccccc12,True,4,DECODED_SAME_PLATE_ION_0p01
O=c1ccn2c(n1)OC1CCOC12,True,2,COPLATED_IN_DECODED_WELL;DECODED_SAME_PLATE_ION_0p01
O=c1ccn2c3c(c(C4CC4)ccc13)OCC2,True,1,DECODED_SAME_PLATE_ION_0p01
O=c1ccn2c3c(c(N4CCCCC4)ccc13)CCC2,True,1,COPLATED_IN_DECODED_WELL;DECODED_SAME_PLATE_ION_0p01
O=c1ccn2c3c(c(N4CCNCC4)ccc13)OCC2,True,1,COPLATED_IN_DECODED_WELL;DECODED_SAME_PLATE_ION_0p01;DECODED_SAME_WELL_ION_0p7;SAMPLE1_DRAW_GROUP
O=c1ccn2c3c(c(N4CCNCC4)ccc13)OCN2,False,0,COPLATED_IN_DECODED_WELL;DECODED_SAME_PLATE_ION_0p01;EXPOSED_POPULATION:V2-DEVELOPMENT-POPULATION;EXPOSED_POPULATION:WUR-POS-IDENTITY;EXPOSED_POPULATION:WUR-SEALED
O=c1ccn2c3c(c(N4CCNCC4)ccc13)SCC2,True,1,DECODED_SAME_PLATE_ION_0p01
O=c1ccn2c3c(cccc13)CCC2,False,0,COPLATED_IN_DECODED_WELL;DECODED_SAME_PLATE_ION_0p01;DECODED_SAME_WELL_ION_0p7;EXPOSED_POPULATION:V2-DEVELOPMENT-POPULATION;EXPOSED_POPULATION:WUR-POS-IDENTITY;EXPOSED_POPULATION:WUR-SEALED;MSNLIB_ANCHOR_CENSUS_DESIGN;MSNLIB_ANCHOR_CENSUS_DETECTED;MSNLIB_ANCHOR_GATE_CALIBRATION
O=c1ccn2ccc(=O)n12,True,2,COPLATED_IN_DECODED_WELL
O=c1ccnc(NC2CCN(c3nc4ccccc4n3Cc3ccccc3)CC2)[nH]1,True,1,COPLATED_IN_DECODED_WELL;DECODED_SAME_PLATE_ION_0p01
O=c1ccnc2sc3ccccc3n12,True,2,SAMPLE1_DRAW_GROUP
O=c1ccnc[nH]1,True,7,COPLATED_IN_DECODED_WELL
O=c1ccncn1Cc1ccc(-c2ccccc2-c2nn[nH]n2)cc1,True,1,COPLATED_IN_DECODED_WELL;DECODED_SAME_PLATE_ION_0p01;DECODED_SAME_WELL_ION_0p7
O=c1ccoc(NNS(=O)(=O)c2ccccc2)c1,True,1,SAMPLE1_DRAW_GROUP
O=c1ccoc2c(C3CCCCO3)cccc12,True,2,DECODED_SAME_PLATE_ION_0p01
O=c1ccoc2c1ccc1cccc(OC3CCCC(COC4CCCCO4)O3)c12,True,1,COPLATED_IN_DECODED_WELL
O=c1ccoc2c1ccc1ccccc12,False,0,COPLATED_IN_DECODED_WELL
O=c1ccoc2cc3c(cc12)CC(COC1CCCCO1)O3,True,2,DECODED_SAME_PLATE_ION_0p01
O=c1ccoc2cc3c(cc12)CCO3,True,4,COPLATED_IN_DECODED_WELL;DECODED_SAME_PLATE_ION_0p01
O=c1ccoc2cc3cccc(OC4CCCC(COC5CCCCO5)O4)c3cc12,True,2,COPLATED_IN_DECODED_WELL;DECODED_SAME_PLATE_ION_0p01;DECODED_SAME_WELL_ION_0p7
O=c1ccoc2ccc(Oc3ccccc3)cc12,True,1,DECODED_SAME_PLATE_ION_0p01
O=c1ccoc2cccc(OCCCOc3cccc4occc(=O)c34)c12,True,1,COPLATED_IN_DECODED_WELL
O=c1ccoc2ccccc12,True,20,COPLATED_IN_DECODED_WELL;DECODED_SAME_PLATE_ION_0p01
O=c1ccocc1,True,4,COPLATED_IN_DECODED_WELL;DECODED_SAME_PLATE_ION_0p01
O=c1ccs[nH]1,False,0,EXPOSED_POPULATION:LCSB-ALL-MASSBANK-V1-EXPOSURE-SET;EXPOSED_POPULATION:LCSB-CONFIRMATION;EXPOSED_POPULATION:V2-DEVELOPMENT-POPULATION;EXPOSED_POPULATION:WUR-POS-IDENTITY;EXPOSED_POPULATION:WUR-SEALED
O=c1cn[nH]c(=S)[nH]1,False,0,EXPOSED_POPULATION:ENTACT-MIX-LISTS-499-503-505;EXPOSED_POPULATION:LCSB-ALL-MASSBANK-V1-EXPOSURE-SET;EXPOSED_POPULATION:LCSB-NEG
O=c1cn[nH]c2cc3c(cc12)OCO3,True,1,COPLATED_IN_DECODED_WELL;DECODED_SAME_PLATE_ION_0p01
O=c1cnc2[nH]cnc(=O)c2[nH]1,True,1,COPLATED_IN_DECODED_WELL
O=c1cnc2ccc(NCc3ccccc3)cc2[nH]1,True,1,SAMPLE1_DRAW_GROUP
O=c1cnc2ccccc2[nH]1,True,3,DECODED_SAME_PLATE_ION_0p01
O=c1cnc2cccnc2[nH]1,True,1,DECODED_SAME_PLATE_ION_0p01
O=c1cncc[nH]1,True,4,COPLATED_IN_DECODED_WELL;DECODED_SAME_PLATE_ION_0p01;EXPOSED_POPULATION:V2-DEVELOPMENT-POPULATION;EXPOSED_POPULATION:WUR-POS-IDENTITY;EXPOSED_POPULATION:WUR-SEALED;MSNLIB_ANCHOR_CENSUS_DESIGN
O=c1cnn(-c2ccc(Cc3ccccc3)cc2)c(=O)[nH]1,True,2,COPLATED_IN_DECODED_WELL
O=c1cnnc2n1CCN2c1ccccc1,True,1,SAMPLE1_DRAW_GROUP
O=c1cnnc2nc[nH]n12,True,1,COPLATED_IN_DECODED_WELL
O=c1cnnc[nH]1,False,0,EXPOSED_POPULATION:LCSB-ALL-MASSBANK-V1-EXPOSURE-SET;EXPOSED_POPULATION:LCSB-DEV;EXPOSED_POPULATION:LCSB-POS-V2-SPECTRA;EXPOSED_POPULATION:V2-DEVELOPMENT-POPULATION;EXPOSED_POPULATION:WUR-DEV-ANALYSIS;EXPOSED_POPULATION:WUR-POS-IDENTITY
O=c1n(-c2ccc(Oc3ccccc3)cc2)c2cnccc2n1C1CCCNC1,True,1,COPLATED_IN_DECODED_WELL;DECODED_SAME_PLATE_ION_0p01;DECODED_SAME_WELL_ION_0p7
O=c1n(-c2ccc(Oc3ccccc3)cc2)c2cncnc2n1C1CCCNC1,True,1,DECODED_SAME_PLATE_ION_0p01
O=c1n(-c2ccc(Oc3ccccc3)cc2)c2cncnc2n1C1CCNC1,True,1,COPLATED_IN_DECODED_WELL;DECODED_SAME_PLATE_ION_0p01
O=c1n(CC2CO2)c(=O)n(CC2CO2)c(=O)n1CC1CO1,False,0,DECODED_SAME_PLATE_ION_0p01;EXPOSED_POPULATION:V2-DEVELOPMENT-POPULATION;EXPOSED_POPULATION:WUR-DEV-ANALYSIS;EXPOSED_POPULATION:WUR-POS-IDENTITY
O=c1n(CCCN2CCN(c3ccccc3)CC2)nc2ccccn12,False,0,COPLATED_IN_DECODED_WELL;DECODED_SAME_PLATE_ION_0p01;DECODED_SAME_WELL_ION_0p7;EXPOSED_POPULATION:LCSB-ALL-MASSBANK-V1-EXPOSURE-SET;EXPOSED_POPULATION:LCSB-DEV;EXPOSED_POPULATION:LCSB-POS-V2-SPECTRA;EXPOSED_POPULATION:V2-DEVELOPMENT-POPULATION
O=c1n(CCOc2ccccc2)cnn1CCCN1CCN(c2ccccc2)CC1,True,1,COPLATED_IN_DECODED_WELL;DECODED_SAME_PLATE_ION_0p01;DECODED_SAME_WELL_ION_0p7
O=c1n(Cc2ccccc2)nc2c(-n3ccnc3)nccn12,True,1,COPLATED_IN_DECODED_WELL;DECODED_SAME_PLATE_ION_0p01
O=c1n(Cc2ccccc2)nc2ccc(S(=O)(=O)N3CCCCC3)cn12,True,1,SAMPLE1_DRAW_GROUP
O=c1nc(-c2ccc(-c3ccc(N4CCNCC4)nc3)cc2)[nH]c2[nH]ccc12,False,0,COPLATED_IN_DECODED_WELL;DECODED_SAME_PLATE_ION_0p01;DECODED_SAME_WELL_ION_0p7
O=c1nc(-c2cccc(S(=O)(=O)N3CCNCC3)c2)[nH]c2cc[nH]c12,False,0,COPLATED_IN_DECODED_WELL;DECODED_SAME_PLATE_ION_0p01;DECODED_SAME_WELL_ION_0p7;EXPOSED_POPULATION:V2-DEVELOPMENT-POPULATION;EXPOSED_POPULATION:WUR-DEV-HOLD;EXPOSED_POPULATION:WUR-NEG-DEV;EXPOSED_POPULATION:WUR-POS-IDENTITY;MSNLIB_ANCHOR_CENSUS_DESIGN;MSNLIB_ANCHOR_CENSUS_DETECTED;MSNLIB_ANCHOR_GATE_CALIBRATION
O=c1nc(-c2cccc(S(=O)(=O)N3CCNCC3)c2)[nH]c2cn[nH]c12,False,0,COPLATED_IN_DECODED_WELL;DECODED_SAME_PLATE_ION_0p01;DECODED_SAME_WELL_ION_0p7;EXPOSED_POPULATION:V2-DEVELOPMENT-POPULATION;EXPOSED_POPULATION:WUR-NEG-D6-EXCLUDED;EXPOSED_POPULATION:WUR-POS-IDENTITY;EXPOSED_POPULATION:WUR-SEALED;MSNLIB_ANCHOR_CENSUS_DESIGN;MSNLIB_ANCHOR_CENSUS_DETECTED;MSNLIB_ANCHOR_GATE_CALIBRATION;MULTIMS2_ANCHOR_CALIBRATION
O=c1nc(-c2cccc(S(=O)(=O)N3CCNCC3)c2)[nH]n2cncc12,False,0,COPLATED_IN_DECODED_WELL;DECODED_SAME_PLATE_ION_0p01;DECODED_SAME_WELL_ION_0p7;EXPOSED_POPULATION:V2-DEVELOPMENT-POPULATION;EXPOSED_POPULATION:WUR-NEG-D6-EXCLUDED;EXPOSED_POPULATION:WUR-POS-IDENTITY;EXPOSED_POPULATION:WUR-SEALED;MSNLIB_ANCHOR_CENSUS_DESIGN;MSNLIB_ANCHOR_CENSUS_DETECTED;MSNLIB_ANCHOR_GATE_CALIBRATION;MULTIMS2_ANCHOR_CALIBRATION
O=c1nc(-c2ccccc2)[nH]c2ccccc12,True,2,DECODED_SAME_PLATE_ION_0p01
O=c1nc(-c2ccccc2-c2ccc(Cn3cnc4ccccc43)cc2)[nH]o1,True,1,DECODED_SAME_PLATE_ION_0p01
O=c1nc(CN2CCOC(OCc3ccccc3)C2c2ccccc2)[nH][nH]1,True,1,DECODED_SAME_PLATE_ION_0p01
O=c1nc(Cc2ccccc2)[nH]c2ccccc12,True,1,DECODED_SAME_PLATE_ION_0p01
O=c1nc(N2CCC3(CC2)OCCO3)sc2ccccc12,True,1,DECODED_SAME_PLATE_ION_0p01
O=c1nc(N2CCN(CC3CCCCC3)CC2)sc2ccccc12,True,1,COPLATED_IN_DECODED_WELL
O=c1nc(N2CCNCC2)c2ccc(-c3ccccc3)nc2n1-c1cccnc1,True,1,COPLATED_IN_DECODED_WELL;DECODED_SAME_PLATE_ION_0p01;DECODED_SAME_WELL_ION_0p7
O=c1nc(OCC2COCCO2)cc2n1CCc1cc(C#CC3CC3)ccc1-2,True,1,DECODED_SAME_PLATE_ION_0p01
O=c1nc(OCC2COCCO2)cc2n1CCc1cc(OCc3ccccn3)ccc1-2,True,1,DECODED_SAME_PLATE_ION_0p01
O=c1nc(SCc2coc(-c3ccccc3)n2)[nH]c2c1CCCC2,True,1,SAMPLE1_DRAW_GROUP
O=c1nc2[nH][nH]cc-2c(=O)[nH]1,False,0,EXPOSED_POPULATION:LCSB-ALL-MASSBANK-V1-EXPOSURE-SET;EXPOSED_POPULATION:LCSB-NEG
O=c1nc2[nH]c3ccccc3nc-2c(=O)[nH]1,True,6,COPLATED_IN_DECODED_WELL;DECODED_SAME_PLATE_ION_0p01;DECODED_SAME_WELL_ION_0p7
O=c1nc2[nH]nc(-c3ccccc3)nc-2c(=O)[nH]1,True,2,COPLATED_IN_DECODED_WELL
O=c1nc2c(c[nH]1)ncn2C1CCCO1,True,1,COPLATED_IN_DECODED_WELL;DECODED_SAME_PLATE_ION_0p01;DECODED_SAME_WELL_ION_0p7
O=c1nc2n(CCCCCO[PH](=O)O[PH](=O)OCC3CCC(n4cnc5cncnc54)O3)c3ccccc3nc-2c(=O)[nH]1,True,1,COPLATED_IN_DECODED_WELL
O=c1nc[nH]c(=O)n1C1CCCCC1,False,0,EXPOSED_POPULATION:LCSB-ALL-MASSBANK-V1-EXPOSURE-SET;EXPOSED_POPULATION:LCSB-DEV;EXPOSED_POPULATION:LCSB-POS-V2-SPECTRA;EXPOSED_POPULATION:V2-DEVELOPMENT-POPULATION;EXPOSED_POPULATION:WUR-DEV-ANALYSIS;EXPOSED_POPULATION:WUR-POS-IDENTITY
O=c1nc[nH]c2[nH]cc(CCc3ccccc3)c12,True,1,COPLATED_IN_DECODED_WELL;DECODED_SAME_PLATE_ION_0p01
O=c1nc[nH]c2[nH]cnc12,False,0,COPLATED_IN_DECODED_WELL;DECODED_SAME_PLATE_ION_0p01;DECODED_SAME_WELL_ION_0p7;EXPOSED_POPULATION:V2-DEVELOPMENT-POPULATION;EXPOSED_POPULATION:WUR-DEV-ANALYSIS;EXPOSED_POPULATION:WUR-POS-IDENTITY;MSNLIB_ANCHOR_CENSUS_DESIGN;MSNLIB_ANCHOR_CENSUS_DETECTED;MSNLIB_ANCHOR_GATE_CALIBRATION;MULTIMS2_ANCHOR_CALIBRATION
O=c1nc[nH]c2c(C3CCCN3)c[nH]c12,True,1,COPLATED_IN_DECODED_WELL;DECODED_SAME_PLATE_ION_0p01
O=c1nc[nH]c2c(Cc3cccnc3)c[nH]c12,True,1,COPLATED_IN_DECODED_WELL;DECODED_SAME_PLATE_ION_0p01;DECODED_SAME_WELL_ION_0p7
O=c1nc[nH]c2c1CC(CCc1cccs1)CN2,True,1,COPLATED_IN_DECODED_WELL
O=c1nc[nH]c2c1NC(CNc1ccccc1)CN2,True,2,COPLATED_IN_DECODED_WELL;DECODED_SAME_PLATE_ION_0p01;SAMPLE1_DRAW_GROUP
O=c1nc[nH]c2c1NCCN2,True,1,COPLATED_IN_DECODED_WELL;DECODED_SAME_PLATE_ION_0p01
O=c1nc[nH]c2c1[nH]c(=O)n2C1CCCO1,True,3,COPLATED_IN_DECODED_WELL;DECODED_SAME_PLATE_ION_0p01
O=c1nc[nH]c2c1ncn2C1CC2O[PH](=O)OCC2O1,True,2,COPLATED_IN_DECODED_WELL
O=c1nc[nH]c2c1ncn2C1CCCO1,True,16,COPLATED_IN_DECODED_WELL;DECODED_SAME_PLATE_ION_0p01
O=c1nc[nH]c2ccc(CNc3cccs3)cc12,True,1,COPLATED_IN_DECODED_WELL
O=c1nc[nH]c2ccccc12,True,5,DECODED_SAME_PLATE_ION_0p01
O=c1nc[nH]c2ncc(CNc3ccccc3)nc12,True,1,COPLATED_IN_DECODED_WELL;DECODED_SAME_PLATE_ION_0p01;EXPOSED_POPULATION:LCSB-ALL-MASSBANK-V1-EXPOSURE-SET;EXPOSED_POPULATION:LCSB-NEG;EXPOSED_POPULATION:LCSB-POS-V2-SPECTRA
O=c1nc[nH]cc1OC1CCCCO1,False,0,COPLATED_IN_DECODED_WELL;DECODED_SAME_PLATE_ION_0p01;DECODED_SAME_WELL_ION_0p7;EXPOSED_POPULATION:V2-DEVELOPMENT-POPULATION;EXPOSED_POPULATION:WUR-DEV-ANALYSIS;EXPOSED_POPULATION:WUR-POS-IDENTITY;MSNLIB_ANCHOR_CENSUS_DESIGN;MSNLIB_ANCHOR_CENSUS_DETECTED;MSNLIB_ANCHOR_GATE_CALIBRATION
O=c1ncc(Oc2ccccc2)c[nH]1,True,1,COPLATED_IN_DECODED_WELL;DECODED_SAME_PLATE_ION_0p01
O=c1nccc[nH]1,True,6,COPLATED_IN_DECODED_WELL;DECODED_SAME_PLATE_ION_0p01;DECODED_SAME_WELL_ION_0p7
O=c1ncccn1C1C=CCCO1,True,1,COPLATED_IN_DECODED_WELL
O=c1ncccn1C1CCCO1,True,33,COPLATED_IN_DECODED_WELL;DECODED_SAME_PLATE_ION_0p01;DECODED_SAME_WELL_ION_0p7;SAMPLE1_DRAW_GROUP
O=c1ncccn1C1CSCO1,False,0,COPLATED_IN_DECODED_WELL;DECODED_SAME_PLATE_ION_0p01;DECODED_SAME_WELL_ION_0p7;EXPOSED_POPULATION:LCSB-ALL-MASSBANK-V1-EXPOSURE-SET;EXPOSED_POPULATION:LCSB-DEV;EXPOSED_POPULATION:LCSB-POS-V2-SPECTRA;EXPOSED_POPULATION:V2-DEVELOPMENT-POPULATION;MSNLIB_ANCHOR_CENSUS_DESIGN;MSNLIB_ANCHOR_CENSUS_DETECTED;MSNLIB_ANCHOR_GATE_CALIBRATION;MULTIMS2_ANCHOR_CALIBRATION
O=c1ncnc2[nH][nH]cc1-2,True,1,COPLATED_IN_DECODED_WELL
O=c1ncncn1C1CCCO1,True,3,COPLATED_IN_DECODED_WELL;DECODED_SAME_PLATE_ION_0p01
O=c1oc(-c2ccccc2)nn1Cc1ccccc1,True,1,COPLATED_IN_DECODED_WELL
O=c1oc(=O)c2c(c3c1=CCC1CCCCC31)C1CCCCC1CC=2,True,1,SAMPLE1_DRAW_GROUP
O=c1oc(=O)n(Cc2ccccc2)c2ccccc12,True,1,SAMPLE1_DRAW_GROUP
O=c1oc2c(C3OCCCO3)cccc2c2c1CNCC2,True,1,DECODED_SAME_PLATE_ION_0p01
O=c1oc2c(CNCCc3ccccc3)cccc2cc1Cc1ccccc1,True,1,SAMPLE1_DRAW_GROUP
O=c1oc2c3c(ccc2cc1Cc1ccccc1)OCN(C1CC1)C3,True,1,SAMPLE1_DRAW_GROUP
O=c1oc2ccccc2c2c1CCCCC2,True,1,COPLATED_IN_DECODED_WELL;DECODED_SAME_PLATE_ION_0p01;DECODED_SAME_WELL_ION_0p7;SAMPLE1_DRAW_GROUP
O=c1oc2ccccc2c2c1NCCC2,True,2,COPLATED_IN_DECODED_WELL;DECODED_SAME_PLATE_ION_0p01
O=c1oc2ccccc2c2ccccc12,False,0,COPLATED_IN_DECODED_WELL;EXPOSED_POPULATION:V2-DEVELOPMENT-POPULATION;EXPOSED_POPULATION:WUR-POS-IDENTITY;EXPOSED_POPULATION:WUR-SEALED;MSNLIB_ANCHOR_CENSUS_DESIGN
O=c1oc2ccccc2c2oc3ccccc3c12,True,5,COPLATED_IN_DECODED_WELL;DECODED_SAME_PLATE_ION_0p01
O=c1oc2ccccc2cc1-c1ccccc1,True,2,COPLATED_IN_DECODED_WELL;EXPOSED_POPULATION:WUR-NEG-DEV
O=c1oc2ccccc2cc1-c1cscn1,True,1,DECODED_SAME_PLATE_ION_0p01
O=c1oc2ccccc2cc1-c1nc2ccccc2o1,True,2,COPLATED_IN_DECODED_WELL;DECODED_SAME_PLATE_ION_0p01;DECODED_SAME_WELL_ION_0p7
O=c1oc2ccccc2cc1-c1nc2ccccc2s1,True,2,COPLATED_IN_DECODED_WELL;DECODED_SAME_PLATE_ION_0p01
O=c1oc2ccccc2cc1C1CC(c2ccc(-c3ccccc3)cc2)Cc2ccccc21,False,0,EXPOSED_POPULATION:V2-DEVELOPMENT-POPULATION;EXPOSED_POPULATION:WUR-NEG-D6-EXCLUDED;EXPOSED_POPULATION:WUR-POS-IDENTITY;EXPOSED_POPULATION:WUR-SEALED
O=c1oc2ccccc2cc1C1CC(c2ccc(OCc3ccccc3)cc2)Cc2ccccc21,False,0,EXPOSED_POPULATION:V2-DEVELOPMENT-POPULATION;EXPOSED_POPULATION:WUR-DEV-HOLD;EXPOSED_POPULATION:WUR-POS-IDENTITY
O=c1oc2ccccc2cc1C1CCCc2ccccc21,False,0,EXPOSED_POPULATION:LCSB-ALL-MASSBANK-V1-EXPOSURE-SET;EXPOSED_POPULATION:LCSB-DEV;EXPOSED_POPULATION:LCSB-NEG;EXPOSED_POPULATION:LCSB-POS-V2-SPECTRA;EXPOSED_POPULATION:V2-DEVELOPMENT-POPULATION;EXPOSED_POPULATION:WUR-DEV-ANALYSIS;EXPOSED_POPULATION:WUR-POS-IDENTITY
O=c1oc2ccccc2cc1Cc1ccccc1,False,0,COPLATED_IN_DECODED_WELL;DECODED_SAME_PLATE_ION_0p01;EXPOSED_POPULATION:ENTACT-MIX-LISTS-499-503-505;EXPOSED_POPULATION:LCSB-ALL-MASSBANK-V1-EXPOSURE-SET;EXPOSED_POPULATION:LCSB-DEV;EXPOSED_POPULATION:LCSB-NEG;EXPOSED_POPULATION:LCSB-POS-V2-SPECTRA;EXPOSED_POPULATION:V2-DEVELOPMENT-POPULATION;EXPOSED_POPULATION:WUR-NEG-DEV
O=c1oc2ccccc2s1,True,1,COPLATED_IN_DECODED_WELL
O=c1occcc1Cc1cccoc1=O,True,1,SAMPLE1_DRAW_GROUP
O=c1ocnn1-c1ccccc1,False,0,COPLATED_IN_DECODED_WELL;DECODED_SAME_PLATE_ION_0p01;EXPOSED_POPULATION:LCSB-ALL-MASSBANK-V1-EXPOSURE-SET;EXPOSED_POPULATION:LCSB-CONFIRMATION;EXPOSED_POPULATION:V2-DEVELOPMENT-POPULATION;EXPOSED_POPULATION:WUR-DEV-ANALYSIS;EXPOSED_POPULATION:WUR-POS-IDENTITY
O=c1onc(-c2ccccc2)n1CCCNCc1ccccc1,True,1,SAMPLE1_DRAW_GROUP
O=c1onc2cnc3ccccc3n12,True,1,DECODED_SAME_PLATE_ION_0p01;SAMPLE1_DRAW_GROUP
O=c1sc(=Nc2ccccc2)n2n1CCCC2,False,0,EXPOSED_POPULATION:V2-DEVELOPMENT-POPULATION;EXPOSED_POPULATION:WUR-POS-IDENTITY;EXPOSED_POPULATION:WUR-SEALED
O=c1sn(-c2cccc3ccccc23)c(=O)n1Cc1ccccc1,True,1,COPLATED_IN_DECODED_WELL
S=C(NC1CCCCC1)NC1CCCCC1,False,0,EXPOSED_POPULATION:ENTACT-MIX-LISTS-499-503-505;EXPOSED_POPULATION:LCSB-ALL-MASSBANK-V1-EXPOSURE-SET;EXPOSED_POPULATION:LCSB-DEV;EXPOSED_POPULATION:LCSB-NEG;EXPOSED_POPULATION:LCSB-POS-V2-SPECTRA;EXPOSED_POPULATION:LCSB-RAW-MIX-REPLICATE-SET-92;EXPOSED_POPULATION:LCSB-RAW-MIXES-499-503-505;EXPOSED_POPULATION:V2-DEVELOPMENT-POPULATION
S=C(NCCCn1ccnc1)Nc1ccccc1,True,2,DECODED_SAME_PLATE_ION_0p01
S=C(NCc1ccccc1)NN=Cc1ccccc1,True,1,SAMPLE1_DRAW_GROUP
S=C(NNc1ccccc1)Nc1ccccc1,True,1,COPLATED_IN_DECODED_WELL
S=C(Nc1cc2c(s1)CCC2)N1CCCCC1,True,1,SAMPLE1_DRAW_GROUP
S=C(Nc1cc2c(s1)CCCC2)N1CCOCC1,True,1,DECODED_SAME_PLATE_ION_0p01
S=C(Nc1ccccc1)Nc1ccccn1,True,1,SAMPLE1_DRAW_GROUP
S=C(Nc1ccccc1)Oc1ccc2ccccc2c1,False,0,COPLATED_IN_DECODED_WELL;DECODED_SAME_PLATE_ION_0p01;DECODED_SAME_WELL_ION_0p7;EXPOSED_POPULATION:LCSB-ALL-MASSBANK-V1-EXPOSURE-SET;EXPOSED_POPULATION:LCSB-DEV;EXPOSED_POPULATION:LCSB-POS-V2-SPECTRA;EXPOSED_POPULATION:V2-DEVELOPMENT-POPULATION;MSNLIB_ANCHOR_CENSUS_DESIGN;MSNLIB_ANCHOR_CENSUS_DETECTED;MSNLIB_ANCHOR_GATE_CALIBRATION;MULTIMS2_ANCHOR_CALIBRATION
S=C(Nc1ccccc1)n1cnc(Nc2ccccc2)n1,False,0,COPLATED_IN_DECODED_WELL
S=C(Nc1ccccn1)N1CCN(c2ccccn2)CC1,True,1,COPLATED_IN_DECODED_WELL;DECODED_SAME_PLATE_ION_0p01
S=C(Nc1ccccn1)Oc1ccc2c(c1)CCCC2,True,1,DECODED_SAME_PLATE_ION_0p01
S=C(Nc1ccccn1)Oc1ccccc1,True,1,DECODED_SAME_PLATE_ION_0p01
S=C(Nc1cccnc1)NC1CCN(c2cc(Oc3ccccc3)ccn2)CC1,True,1,SAMPLE1_DRAW_GROUP
S=C1Cc2cnc(Nc3cccnc3)nc2-c2ccccc2N1,False,0,DECODED_SAME_PLATE_ION_0p01
S=C1N=C(Nc2ccccc2)C2(CCCCC2)N1,True,2,SAMPLE1_DRAW_GROUP
S=C1NC2(CCCCC2)NN1c1ccccc1,True,1,SAMPLE1_DRAW_GROUP
S=C1NCCN1,False,0,EXPOSED_POPULATION:V2-DEVELOPMENT-POPULATION;EXPOSED_POPULATION:WUR-DEV-HOLD;EXPOSED_POPULATION:WUR-POS-IDENTITY
S=C1NCNCS1,False,0,EXPOSED_POPULATION:LCSB-ALL-MASSBANK-V1-EXPOSURE-SET;EXPOSED_POPULATION:LCSB-POS-V2-SPECTRA;EXPOSED_POPULATION:V2-DEVELOPMENT-POPULATION;EXPOSED_POPULATION:WUR-DEV-ANALYSIS;EXPOSED_POPULATION:WUR-POS-IDENTITY
S=P(N1CC1)(N1CC1)N1CC1,True,1,COPLATED_IN_DECODED_WELL
S=[PH](Oc1ccccc1)c1ccccc1,False,0,EXPOSED_POPULATION:ENTACT-MIX-LISTS-499-503-505
S=c1[nH]c2ccccc2[nH]1,True,1,EXPOSED_POPULATION:LCSB-ALL-MASSBANK-V1-EXPOSURE-SET;EXPOSED_POPULATION:LCSB-CONFIRMATION;EXPOSED_POPULATION:LCSB-NEG
S=c1[nH]cc[nH]1,True,1,COPLATED_IN_DECODED_WELL;EXPOSED_POPULATION:LCSB-ALL-MASSBANK-V1-EXPOSURE-SET;EXPOSED_POPULATION:LCSB-CONFIRMATION
S=c1[nH]cnc2nc[nH]c12,False,0,COPLATED_IN_DECODED_WELL;DECODED_SAME_PLATE_ION_0p01;DECODED_SAME_WELL_ION_0p7;EXPOSED_POPULATION:LCSB-ALL-MASSBANK-V1-EXPOSURE-SET;EXPOSED_POPULATION:LCSB-DEV;EXPOSED_POPULATION:LCSB-NEG;EXPOSED_POPULATION:LCSB-POS-V2-SPECTRA;EXPOSED_POPULATION:V2-DEVELOPMENT-POPULATION;MSNLIB_ANCHOR_CENSUS_DESIGN;MSNLIB_ANCHOR_CENSUS_DETECTED;MSNLIB_ANCHOR_GATE_CALIBRATION;MULTIMS2_ANCHOR_CALIBRATION
S=c1[nH]nc(CSc2ccccc2)[nH]1,True,1,COPLATED_IN_DECODED_WELL
S=c1[nH]nc(CSc2nc3ccccc3s2)[nH]1,True,1,COPLATED_IN_DECODED_WELL
S=c1cc(-c2ccccc2)ss1,True,1,COPLATED_IN_DECODED_WELL
S=c1cc(-c2cnccn2)ss1,True,1,COPLATED_IN_DECODED_WELL
S=c1cccc[nH]1,True,1,COPLATED_IN_DECODED_WELL
S=c1nc[nH]c2c1ncn2C1CCCO1,True,1,COPLATED_IN_DECODED_WELL;SAMPLE1_DRAW_GROUP
S=c1nc[nH]c2nc[nH]c12,False,0,COPLATED_IN_DECODED_WELL;DECODED_SAME_PLATE_ION_0p01;DECODED_SAME_WELL_ION_0p7;EXPOSED_POPULATION:LCSB-ALL-MASSBANK-V1-EXPOSURE-SET;EXPOSED_POPULATION:LCSB-DEV;EXPOSED_POPULATION:LCSB-NEG;EXPOSED_POPULATION:LCSB-POS-V2-SPECTRA;EXPOSED_POPULATION:V2-DEVELOPMENT-POPULATION;MSNLIB_ANCHOR_CENSUS_DESIGN;MSNLIB_ANCHOR_CENSUS_DETECTED;MSNLIB_ANCHOR_GATE_CALIBRATION;MULTIMS2_ANCHOR_CALIBRATION
S=c1oc(CSc2ccnc(N3CCCC3)n2)nn1CN1CCCC1,True,1,SAMPLE1_DRAW_GROUP
[CH](CN1CCCC1CN1CCCC1CN1CCCC1)NCCNCCNCCNCC1CCCN1,False,0,COPLATED_IN_DECODED_WELL
[N+]=C1C=CC(=C(c2ccccc2)c2ccccc2)C=C1,True,1,COPLATED_IN_DECODED_WELL;EXPOSED_POPULATION:ENTACT-MIX-LISTS-499-503-505;SURFACED_VALUE_ATTRIBUTED_WELL
[N+]=c1ccc2c(-c3ccc(C(=O)ON4C(=O)CCC4=O)cc3)c3ccccc3oc-2c1,False,0,COPLATED_IN_DECODED_WELL
[N+]=c1ccc2c(-c3cccc(C(=O)ON4C(=O)CCC4=O)c3)c3ccccc3oc-2c1,False,0,COPLATED_IN_DECODED_WELL
[N+]=c1ccc2c(-c3ccccc3)c3ccccc3oc-2c1,False,0,COPLATED_IN_DECODED_WELL;DECODED_SAME_PLATE_ION_0p01;DECODED_SAME_WELL_ION_0p7
[N+]=c1ccc2nc3ccccc3sc-2c1,False,0,DECODED_SAME_PLATE_ION_0p01
[O]=[Sb]1([O][Sb]2(=[O])[O]CCC[O]2)[O]CCC[O]1,True,1,COPLATED_IN_DECODED_WELL
__ACYCLIC__ACIJGUBIMXQCMF,True,1,DECODED_SAME_PLATE_ION_0p01;SAMPLE1_DRAW_GROUP
__ACYCLIC__ACTRVOBWPAIOHC,True,1,COPLATED_IN_DECODED_WELL
__ACYCLIC__AEUTYOVWOVBAKS,True,1,COPLATED_IN_DECODED_WELL
__ACYCLIC__AFCGFAGUEYAMAO,True,1,COPLATED_IN_DECODED_WELL
__ACYCLIC__AGPKZVBTJJNPAG,True,1,COPLATED_IN_DECODED_WELL
__ACYCLIC__AKRYBBWYDSDZHG,False,0,EXPOSED_POPULATION:ENTACT-MIX-LISTS-499-503-505
__ACYCLIC__AOWPVIWVMWUSBD,True,1,DECODED_SAME_PLATE_ION_0p01
__ACYCLIC__AQSQFWLMFCKKMG,False,0,EXPOSED_POPULATION:LCSB-ALL-MASSBANK-V1-EXPOSURE-SET;EXPOSED_POPULATION:LCSB-DEV;EXPOSED_POPULATION:LCSB-POS-V2-SPECTRA;EXPOSED_POPULATION:V2-DEVELOPMENT-POPULATION
__ACYCLIC__ASLWPAWFJZFCKF,False,0,COPLATED_IN_DECODED_WELL;DECODED_SAME_WELL_ION_0p7;EXPOSED_POPULATION:ENTACT-MIX-LISTS-499-503-505;EXPOSED_POPULATION:LCSB-RAW-MIX-REPLICATE-SET-92;EXPOSED_POPULATION:V2-DEVELOPMENT-POPULATION;EXPOSED_POPULATION:WUR-POS-IDENTITY;EXPOSED_POPULATION:WUR-SEALED;MSNLIB_ANCHOR_CENSUS_DESIGN
__ACYCLIC__ASUAYTHWZCLXAN,False,0,COPLATED_IN_DECODED_WELL
__ACYCLIC__ASWBNKHCZGQVJV,False,0,COPLATED_IN_DECODED_WELL
__ACYCLIC__ATHGHQPFGPMSJY,True,1,COPLATED_IN_DECODED_WELL
__ACYCLIC__AUZONCFQVSMFAP,True,1,COPLATED_IN_DECODED_WELL;DECODED_SAME_PLATE_ION_0p01
__ACYCLIC__AXFYFNCPONWUHW,True,1,COPLATED_IN_DECODED_WELL
__ACYCLIC__AYFVYJQAPQTCCC,True,1,COPLATED_IN_DECODED_WELL
__ACYCLIC__BACYUWVYYTXETD,False,0,EXPOSED_POPULATION:LCSB-ALL-MASSBANK-V1-EXPOSURE-SET;EXPOSED_POPULATION:LCSB-DEV;EXPOSED_POPULATION:LCSB-NEG;EXPOSED_POPULATION:LCSB-POS-V2-SPECTRA;EXPOSED_POPULATION:V2-DEVELOPMENT-POPULATION
__ACYCLIC__BBOWBNGUEWHNQZ,True,1,SAMPLE1_DRAW_GROUP
__ACYCLIC__BDAGIHXWWSANSR,False,0,COPLATED_IN_DECODED_WELL
__ACYCLIC__BDJRBEYXGGNYIS,True,1,COPLATED_IN_DECODED_WELL;DECODED_SAME_PLATE_ION_0p01;EXPOSED_POPULATION:ENTACT-MIX-LISTS-499-503-505
__ACYCLIC__BFSYFTQDGRDJNV,True,1,COPLATED_IN_DECODED_WELL
__ACYCLIC__BGHCVCJVXZWKCC,True,1,COPLATED_IN_DECODED_WELL
__ACYCLIC__BGRWYDHXPHLNKA,False,0,EXPOSED_POPULATION:V2-DEVELOPMENT-POPULATION;EXPOSED_POPULATION:WUR-DEV-HOLD;EXPOSED_POPULATION:WUR-POS-IDENTITY
__ACYCLIC__BGRWYRAHAFMIBJ,False,0,EXPOSED_POPULATION:ENTACT-MIX-LISTS-499-503-505;EXPOSED_POPULATION:LCSB-ALL-MASSBANK-V1-EXPOSURE-SET;EXPOSED_POPULATION:LCSB-DEV;EXPOSED_POPULATION:LCSB-POS-V2-SPECTRA;EXPOSED_POPULATION:LCSB-RAW-MIX-REPLICATE-SET-92;EXPOSED_POPULATION:LCSB-RAW-MIXES-499-503-505;EXPOSED_POPULATION:V2-DEVELOPMENT-POPULATION
__ACYCLIC__BILPUZXRUDPOOF,True,1,COPLATED_IN_DECODED_WELL
__ACYCLIC__BJHIKXHVCXFQLS,True,1,COPLATED_IN_DECODED_WELL;DECODED_SAME_PLATE_ION_0p01
__ACYCLIC__BKVJOVPVLOJPKJ,False,0,EXPOSED_POPULATION:V2-DEVELOPMENT-POPULATION;EXPOSED_POPULATION:WUR-DEV-HOLD;EXPOSED_POPULATION:WUR-POS-IDENTITY
__ACYCLIC__BLTCBVOJNNKFKC,True,1,COPLATED_IN_DECODED_WELL
__ACYCLIC__BNJOQKFENDDGSC,True,1,COPLATED_IN_DECODED_WELL;SAMPLE1_DRAW_GROUP
__ACYCLIC__BNJOZDZCRHCODO,True,1,SAMPLE1_DRAW_GROUP
__ACYCLIC__BPYLRGKEIUPMRJ,True,1,SAMPLE1_DRAW_GROUP
__ACYCLIC__BTCSSZJGUNDROE,False,0,COPLATED_IN_DECODED_WELL
__ACYCLIC__BULVZWIRKLYCBC,False,0,EXPOSED_POPULATION:ENTACT-MIX-LISTS-499-503-505;EXPOSED_POPULATION:V2-DEVELOPMENT-POPULATION;EXPOSED_POPULATION:WUR-POS-IDENTITY;EXPOSED_POPULATION:WUR-SEALED
__ACYCLIC__BUYMVQAILCEWRR,False,0,EXPOSED_POPULATION:V2-DEVELOPMENT-POPULATION;EXPOSED_POPULATION:WUR-DEV-ANALYSIS;EXPOSED_POPULATION:WUR-POS-IDENTITY
__ACYCLIC__BXPMAGSOWXBZHS,False,0,EXPOSED_POPULATION:ENTACT-MIX-LISTS-499-503-505
__ACYCLIC__BXRLWGXPSRYJDZ,True,1,COPLATED_IN_DECODED_WELL
__ACYCLIC__BXWNKGSJHAJOGX,True,1,DECODED_SAME_PLATE_ION_0p01
__ACYCLIC__BYEVBITUADOIGY,True,1,COPLATED_IN_DECODED_WELL;SAMPLE1_DRAW_GROUP
__ACYCLIC__BZNDWPRGXNILMS,False,0,EXPOSED_POPULATION:LCSB-ALL-MASSBANK-V1-EXPOSURE-SET;EXPOSED_POPULATION:LCSB-NEG
__ACYCLIC__CAOMCZAIALVUPA,True,1,COPLATED_IN_DECODED_WELL
__ACYCLIC__CBXCPBUEXACCNR,False,0,COPLATED_IN_DECODED_WELL;DECODED_SAME_PLATE_ION_0p01;DECODED_SAME_WELL_ION_0p7
__ACYCLIC__CIVIWCVVOFNUST,True,1,COPLATED_IN_DECODED_WELL
__ACYCLIC__CJPNOLIZCWDHJK,True,1,DECODED_SAME_PLATE_ION_0p01
__ACYCLIC__CKDDRHZIAZRDBW,True,1,COPLATED_IN_DECODED_WELL
__ACYCLIC__CKLJMWTZIZZHCS,True,1,COPLATED_IN_DECODED_WELL;DECODED_SAME_PLATE_ION_0p01;DECODED_SAME_WELL_ION_0p7
__ACYCLIC__CLFOWTUGPBWLGH,True,1,SAMPLE1_DRAW_GROUP
__ACYCLIC__CMCCHHWTTBEZNM,True,1,COPLATED_IN_DECODED_WELL
__ACYCLIC__CNVZJPUDSLNTQU,True,1,SAMPLE1_DRAW_GROUP
__ACYCLIC__CNWSQCLBDWYLAN,False,0,EXPOSED_POPULATION:LCSB-ALL-MASSBANK-V1-EXPOSURE-SET;EXPOSED_POPULATION:LCSB-DEV;EXPOSED_POPULATION:LCSB-POS-V2-SPECTRA;EXPOSED_POPULATION:V2-DEVELOPMENT-POPULATION
__ACYCLIC__COVZYZSDYWQREU,True,1,DECODED_SAME_PLATE_ION_0p01
__ACYCLIC__CPCRJSQNWHCGOP,False,0,COPLATED_IN_DECODED_WELL;DECODED_SAME_PLATE_ION_0p01;DECODED_SAME_WELL_ION_0p7;EXPOSED_POPULATION:V2-DEVELOPMENT-POPULATION;EXPOSED_POPULATION:WUR-POS-IDENTITY;EXPOSED_POPULATION:WUR-SEALED;MSNLIB_ANCHOR_CENSUS_DESIGN;MSNLIB_ANCHOR_CENSUS_DETECTED;MSNLIB_ANCHOR_GATE_CALIBRATION
__ACYCLIC__CPHJEACXPATRSU,False,0,EXPOSED_POPULATION:LCSB-ALL-MASSBANK-V1-EXPOSURE-SET;EXPOSED_POPULATION:LCSB-DEV;EXPOSED_POPULATION:LCSB-POS-V2-SPECTRA;EXPOSED_POPULATION:V2-DEVELOPMENT-POPULATION
__ACYCLIC__CTJBHIROCMPUKL,False,0,EXPOSED_POPULATION:ENTACT-MIX-LISTS-499-503-505;EXPOSED_POPULATION:LCSB-ALL-MASSBANK-V1-EXPOSURE-SET;EXPOSED_POPULATION:LCSB-CONFIRMATION
__ACYCLIC__CVKMFSAVYPAZTQ,True,1,SAMPLE1_DRAW_GROUP
__ACYCLIC__CXMXRPHRNRROMY,False,0,EXPOSED_POPULATION:LCSB-ALL-MASSBANK-V1-EXPOSURE-SET;EXPOSED_POPULATION:LCSB-NEG
__ACYCLIC__CZSSKBQAJULWPY,False,0,EXPOSED_POPULATION:LCSB-ALL-MASSBANK-V1-EXPOSURE-SET;EXPOSED_POPULATION:LCSB-NEG
__ACYCLIC__DATAGRPVKZEWHA,True,1,DECODED_SAME_PLATE_ION_0p01
__ACYCLIC__DCAYPVUWAIABOU,True,1,COPLATED_IN_DECODED_WELL
__ACYCLIC__DCBSHORRWZKAKO,False,0,COPLATED_IN_DECODED_WELL;DECODED_SAME_PLATE_ION_0p01
__ACYCLIC__DCXYFEDJOCDNAF,True,1,COPLATED_IN_DECODED_WELL;DECODED_SAME_PLATE_ION_0p01
__ACYCLIC__DDLBHIIDBLGOTE,False,0,EXPOSED_POPULATION:ENTACT-MIX-LISTS-499-503-505;EXPOSED_POPULATION:LCSB-ALL-MASSBANK-V1-EXPOSURE-SET;EXPOSED_POPULATION:LCSB-NEG;EXPOSED_POPULATION:LCSB-RAW-MIX-REPLICATE-SET-92
__ACYCLIC__DHMQDGOQFOQNFH,False,0,COPLATED_IN_DECODED_WELL
__ACYCLIC__DIOYAVUHUXAUPX,False,0,EXPOSED_POPULATION:ENTACT-MIX-LISTS-499-503-505;EXPOSED_POPULATION:LCSB-ALL-MASSBANK-V1-EXPOSURE-SET;EXPOSED_POPULATION:LCSB-DEV;EXPOSED_POPULATION:LCSB-POS-V2-SPECTRA;EXPOSED_POPULATION:V2-DEVELOPMENT-POPULATION
__ACYCLIC__DKMROQRQHGEIOW,True,1,COPLATED_IN_DECODED_WELL
__ACYCLIC__DLFIWYTWQFOSEM,False,0,EXPOSED_POPULATION:V2-DEVELOPMENT-POPULATION;EXPOSED_POPULATION:WUR-POS-IDENTITY;EXPOSED_POPULATION:WUR-SEALED
__ACYCLIC__DLGOEMSEDOSKAD,True,1,COPLATED_IN_DECODED_WELL
__ACYCLIC__DOOTYTYQINUNNV,True,1,COPLATED_IN_DECODED_WELL;DECODED_SAME_PLATE_ION_0p01;DECODED_SAME_WELL_ION_0p7
__ACYCLIC__DQBXBQIOPVLJEV,True,1,SAMPLE1_DRAW_GROUP
__ACYCLIC__DTBNBXWJWCWCIK,True,1,COPLATED_IN_DECODED_WELL
__ACYCLIC__DTDMYWXTWWFLGJ,True,1,COPLATED_IN_DECODED_WELL
__ACYCLIC__DTOSIQBPPRVQHS,True,1,COPLATED_IN_DECODED_WELL
__ACYCLIC__DTQVDTLACAAQTR,False,0,EXPOSED_POPULATION:WUR-NEG-DEV
__ACYCLIC__DUHQIGLHYXLKAE,True,1,DECODED_SAME_PLATE_ION_0p01
__ACYCLIC__DWZSTEUTHNUVQD,False,0,EXPOSED_POPULATION:V2-DEVELOPMENT-POPULATION;EXPOSED_POPULATION:WUR-DEV-HOLD;EXPOSED_POPULATION:WUR-POS-IDENTITY
__ACYCLIC__DXNCZXXFRKPEPY,False,0,EXPOSED_POPULATION:ENTACT-MIX-LISTS-499-503-505;EXPOSED_POPULATION:LCSB-ALL-MASSBANK-V1-EXPOSURE-SET;EXPOSED_POPULATION:LCSB-NEG
__ACYCLIC__FAOMZVDZARKPFJ,True,1,COPLATED_IN_DECODED_WELL;DECODED_SAME_PLATE_ION_0p01
__ACYCLIC__FAXGPCHRFPCXOO,True,1,COPLATED_IN_DECODED_WELL;DECODED_SAME_PLATE_ION_0p01;DECODED_SAME_WELL_ION_0p7
__ACYCLIC__FBPFZTCFMRRESA,True,1,COPLATED_IN_DECODED_WELL;DECODED_SAME_PLATE_ION_0p01
__ACYCLIC__FDWRKVKXYZRYOD,False,0,EXPOSED_POPULATION:ENTACT-MIX-LISTS-499-503-505
__ACYCLIC__FERIUCNNQQJTOY,False,0,COPLATED_IN_DECODED_WELL
__ACYCLIC__FEWJPZIEWOKRBE,True,1,COPLATED_IN_DECODED_WELL;EXPOSED_POPULATION:ENTACT-MIX-LISTS-499-503-505
__ACYCLIC__FFEARJCKVFRZRR,True,1,COPLATED_IN_DECODED_WELL
__ACYCLIC__FGKJLKRYENPLQH,True,1,SAMPLE1_DRAW_GROUP
__ACYCLIC__FGSBNBBHOZHUBO,False,0,COPLATED_IN_DECODED_WELL
__ACYCLIC__FONIWJIDLJEJTL,True,1,DECODED_SAME_PLATE_ION_0p01
__ACYCLIC__FRPZMMHWLSIFAZ,True,1,COPLATED_IN_DECODED_WELL;DECODED_SAME_PLATE_ION_0p01
__ACYCLIC__FSBIGDSBMBYOPN,True,1,COPLATED_IN_DECODED_WELL
__ACYCLIC__FUJLYHJROOYKRA,False,0,COPLATED_IN_DECODED_WELL;DECODED_SAME_PLATE_ION_0p01;DECODED_SAME_WELL_ION_0p7
__ACYCLIC__FUTHBNRZCFKVQZ,True,1,DECODED_SAME_PLATE_ION_0p01
__ACYCLIC__FVIGODVHAVLZOO,True,1,COPLATED_IN_DECODED_WELL
__ACYCLIC__FZHXIRIBWMQPQF,True,1,COPLATED_IN_DECODED_WELL
__ACYCLIC__FZRBKIRIBLNOAM,False,0,EXPOSED_POPULATION:V2-DEVELOPMENT-POPULATION;EXPOSED_POPULATION:WUR-DEV-HOLD;EXPOSED_POPULATION:WUR-POS-IDENTITY
__ACYCLIC__GEPDYQSQVLXLEU,False,0,EXPOSED_POPULATION:V2-DEVELOPMENT-POPULATION;EXPOSED_POPULATION:WUR-DEV-ANALYSIS;EXPOSED_POPULATION:WUR-POS-IDENTITY
__ACYCLIC__GFAZHVHNLUBROE,False,0,COPLATED_IN_DECODED_WELL
__ACYCLIC__GFDOSVZSTRYXMK,True,1,COPLATED_IN_DECODED_WELL
__ACYCLIC__GHOKWGTUZJEAQD,False,0,COPLATED_IN_DECODED_WELL;DECODED_SAME_PLATE_ION_0p01;DECODED_SAME_WELL_ION_0p7;EXPOSED_POPULATION:LCSB-ALL-MASSBANK-V1-EXPOSURE-SET;EXPOSED_POPULATION:LCSB-DEV;EXPOSED_POPULATION:LCSB-NEG;EXPOSED_POPULATION:LCSB-POS-V2-SPECTRA;EXPOSED_POPULATION:V2-DEVELOPMENT-POPULATION;MSNLIB_ANCHOR_CENSUS_DESIGN;MSNLIB_ANCHOR_CENSUS_DETECTED;MSNLIB_ANCHOR_GATE_CALIBRATION;MULTIMS2_ANCHOR_CALIBRATION
__ACYCLIC__GIEMHYCMBGELGY,True,1,COPLATED_IN_DECODED_WELL
__ACYCLIC__GLZPCOQZEFWAFX,True,1,COPLATED_IN_DECODED_WELL
__ACYCLIC__GNOIPBMMFNIUFM,False,0,EXPOSED_POPULATION:ENTACT-MIX-LISTS-499-503-505;EXPOSED_POPULATION:LCSB-ALL-MASSBANK-V1-EXPOSURE-SET;EXPOSED_POPULATION:LCSB-DEV;EXPOSED_POPULATION:LCSB-POS-V2-SPECTRA;EXPOSED_POPULATION:V2-DEVELOPMENT-POPULATION
__ACYCLIC__GOHPTLYPQCTZSE,True,1,COPLATED_IN_DECODED_WELL
__ACYCLIC__GYDYJUYZBRGMCC,True,1,SAMPLE1_DRAW_GROUP
__ACYCLIC__GYHPTPQZVBYHLC,False,0,EXPOSED_POPULATION:LCSB-ALL-MASSBANK-V1-EXPOSURE-SET;EXPOSED_POPULATION:LCSB-CONFIRMATION
__ACYCLIC__GZCGUPFRVQAUEE,True,1,DECODED_SAME_PLATE_ION_0p01
__ACYCLIC__HAWPXGHAZFHHAD,True,1,COPLATED_IN_DECODED_WELL
__ACYCLIC__HBOQXIRUPVQLKX,True,1,COPLATED_IN_DECODED_WELL
__ACYCLIC__HEBKCHPVOIAQTA,True,1,COPLATED_IN_DECODED_WELL;DECODED_SAME_PLATE_ION_0p01
__ACYCLIC__HILAYQUKKYWPJW,False,0,EXPOSED_POPULATION:V2-DEVELOPMENT-POPULATION;EXPOSED_POPULATION:WUR-POS-IDENTITY;EXPOSED_POPULATION:WUR-SEALED
__ACYCLIC__HJCMDXDYPOUFDY,True,1,DECODED_SAME_PLATE_ION_0p01
__ACYCLIC__HNEGQIOMVPPMNR,True,1,COPLATED_IN_DECODED_WELL
__ACYCLIC__HNSDLXPSAYFUHK,True,1,COPLATED_IN_DECODED_WELL;DECODED_SAME_PLATE_ION_0p01
__ACYCLIC__HOKKHZGPKSLGJE,True,1,DECODED_SAME_PLATE_ION_0p01
__ACYCLIC__HPEUJPJOZXNMSJ,True,1,SAMPLE1_DRAW_GROUP
__ACYCLIC__HQUQLFOMPYWACS,False,0,EXPOSED_POPULATION:V2-DEVELOPMENT-POPULATION;EXPOSED_POPULATION:WUR-POS-IDENTITY;EXPOSED_POPULATION:WUR-SEALED
__ACYCLIC__HRKAMJBPFPHCSD,False,0,EXPOSED_POPULATION:V2-DEVELOPMENT-POPULATION;EXPOSED_POPULATION:WUR-DEV-ANALYSIS;EXPOSED_POPULATION:WUR-POS-IDENTITY
__ACYCLIC__HTBYABHLBWELKC,True,1,COPLATED_IN_DECODED_WELL
__ACYCLIC__HTKFORQRBXIQHD,True,1,COPLATED_IN_DECODED_WELL;SAMPLE1_DRAW_GROUP
__ACYCLIC__HUCXKZBETONXFO,True,1,COPLATED_IN_DECODED_WELL;DECODED_SAME_WELL_ION_0p7
__ACYCLIC__HVAUUPRFYPCOCA,False,0,COPLATED_IN_DECODED_WELL
__ACYCLIC__HWXBTNAVRSUOJR,True,1,COPLATED_IN_DECODED_WELL
__ACYCLIC__HYHMLYSLQUKXKP,True,1,COPLATED_IN_DECODED_WELL
__ACYCLIC__HZAXFHJVJLSVMW,False,0,COPLATED_IN_DECODED_WELL
__ACYCLIC__IAJILQKETJEXLJ,True,1,COPLATED_IN_DECODED_WELL
__ACYCLIC__IAJOBQBIJHVGMQ,False,0,EXPOSED_POPULATION:WUR-NEG-DEV
__ACYCLIC__IDQPVOFTURLJPT,True,1,DECODED_SAME_PLATE_ION_0p01
__ACYCLIC__IGIDLTISMCAULB,True,1,COPLATED_IN_DECODED_WELL
__ACYCLIC__IHNKQIMGVNPMTC,False,0,COPLATED_IN_DECODED_WELL
__ACYCLIC__IHYJTAOFMMMOPX,True,1,COPLATED_IN_DECODED_WELL
__ACYCLIC__IIMUEPCADBPEMF,False,0,EXPOSED_POPULATION:V2-DEVELOPMENT-POPULATION;EXPOSED_POPULATION:WUR-DEV-ANALYSIS;EXPOSED_POPULATION:WUR-POS-IDENTITY
__ACYCLIC__IJKVHSBPTUYDLN,False,0,COPLATED_IN_DECODED_WELL
__ACYCLIC__ILRYLPWNYFXEMH,True,1,COPLATED_IN_DECODED_WELL;DECODED_SAME_PLATE_ION_0p01
__ACYCLIC__IPCSVZSSVZVIGE,True,1,EXPOSED_POPULATION:ENTACT-MIX-LISTS-499-503-505;SAMPLE1_DRAW_GROUP
__ACYCLIC__IRHTZOCLLONTOC,True,1,COPLATED_IN_DECODED_WELL
__ACYCLIC__ITNKVODZACVXDS,True,1,COPLATED_IN_DECODED_WELL
__ACYCLIC__IWYQSQKKOOZLFH,False,0,EXPOSED_POPULATION:V2-DEVELOPMENT-POPULATION;EXPOSED_POPULATION:WUR-DEV-HOLD;EXPOSED_POPULATION:WUR-POS-IDENTITY
__ACYCLIC__IZFGRAGOVZCUFB,True,1,COPLATED_IN_DECODED_WELL
__ACYCLIC__JAEZSIYNWDWMMN,False,0,EXPOSED_POPULATION:ENTACT-MIX-LISTS-499-503-505;EXPOSED_POPULATION:LCSB-ALL-MASSBANK-V1-EXPOSURE-SET;EXPOSED_POPULATION:LCSB-DEV;EXPOSED_POPULATION:LCSB-POS-V2-SPECTRA;EXPOSED_POPULATION:V2-DEVELOPMENT-POPULATION
__ACYCLIC__JAZBEHYOTPTENJ,True,1,COPLATED_IN_DECODED_WELL;DECODED_SAME_WELL_ION_0p7
__ACYCLIC__JGUQDUKBUKFFRO,False,0,EXPOSED_POPULATION:ENTACT-MIX-LISTS-499-503-505
__ACYCLIC__JHRQMZPLCYCFPI,True,1,COPLATED_IN_DECODED_WELL
__ACYCLIC__JINBYESILADKFW,False,0,COPLATED_IN_DECODED_WELL
__ACYCLIC__JJZBHTNQMXMCHH,True,1,SAMPLE1_DRAW_GROUP
__ACYCLIC__JKOQGQFVAUAYPM,True,1,COPLATED_IN_DECODED_WELL
__ACYCLIC__JKRDADVRIYVCCY,True,1,COPLATED_IN_DECODED_WELL
__ACYCLIC__JLEHSYHLHLHPAL,False,0,EXPOSED_POPULATION:ENTACT-MIX-LISTS-499-503-505
__ACYCLIC__JLFNLZLINWHATN,False,0,EXPOSED_POPULATION:LCSB-ALL-MASSBANK-V1-EXPOSURE-SET;EXPOSED_POPULATION:LCSB-DEV;EXPOSED_POPULATION:LCSB-POS-V2-SPECTRA;EXPOSED_POPULATION:V2-DEVELOPMENT-POPULATION
__ACYCLIC__JOCBASBOOFNAJA,True,1,DECODED_SAME_PLATE_ION_0p01
__ACYCLIC__JOSNYUDSMPILKL,True,1,COPLATED_IN_DECODED_WELL;SAMPLE1_DRAW_GROUP
__ACYCLIC__JOYRKODLDBILNP,False,0,COPLATED_IN_DECODED_WELL
__ACYCLIC__JQFZHHSQMKZLRU,True,1,COPLATED_IN_DECODED_WELL;DECODED_SAME_PLATE_ION_0p01
__ACYCLIC__JRBPAEWTRLWTQC,False,0,EXPOSED_POPULATION:ENTACT-MIX-LISTS-499-503-505;EXPOSED_POPULATION:LCSB-ALL-MASSBANK-V1-EXPOSURE-SET;EXPOSED_POPULATION:LCSB-DEV;EXPOSED_POPULATION:LCSB-POS-V2-SPECTRA;EXPOSED_POPULATION:LCSB-RAW-MIX-REPLICATE-SET-92;EXPOSED_POPULATION:V2-DEVELOPMENT-POPULATION
__ACYCLIC__JRLGPAXAGHMNOL,False,0,DECODED_SAME_PLATE_ION_0p01
__ACYCLIC__JUZXDNPBRPUIOR,False,0,EXPOSED_POPULATION:V2-DEVELOPMENT-POPULATION;EXPOSED_POPULATION:WUR-POS-IDENTITY;EXPOSED_POPULATION:WUR-SEALED
__ACYCLIC__JVTAAEKCZFNVCJ,False,0,COPLATED_IN_DECODED_WELL
__ACYCLIC__JZQKTMZYLHNFPL,True,1,DECODED_SAME_PLATE_ION_0p01
__ACYCLIC__KBDDHSXZOLZZGF,True,1,COPLATED_IN_DECODED_WELL;DECODED_SAME_PLATE_ION_0p01;DECODED_SAME_WELL_ION_0p7
__ACYCLIC__KCVWRCXEUJUXIG,True,1,COPLATED_IN_DECODED_WELL
__ACYCLIC__KCXVZYZYPLLWCC,True,1,COPLATED_IN_DECODED_WELL;DECODED_SAME_PLATE_ION_0p01
__ACYCLIC__KDVFRMMRZOCFLS,True,1,SAMPLE1_DRAW_GROUP
__ACYCLIC__KDYFGRWQOYBRFD,True,1,COPLATED_IN_DECODED_WELL
__ACYCLIC__KFFQABQEJATQAT,False,0,EXPOSED_POPULATION:LCSB-ALL-MASSBANK-V1-EXPOSURE-SET;EXPOSED_POPULATION:LCSB-DEV;EXPOSED_POPULATION:LCSB-POS-V2-SPECTRA;EXPOSED_POPULATION:V2-DEVELOPMENT-POPULATION
__ACYCLIC__KIDHWZJUCRJVML,False,0,DECODED_SAME_PLATE_ION_0p01
__ACYCLIC__KIDWGGCIROEJJW,False,0,EXPOSED_POPULATION:V2-DEVELOPMENT-POPULATION;EXPOSED_POPULATION:WUR-DEV-ANALYSIS;EXPOSED_POPULATION:WUR-POS-IDENTITY
__ACYCLIC__KINWYTAUPKOPCQ,True,1,COPLATED_IN_DECODED_WELL
__ACYCLIC__KJQFBVYMGADDTQ,True,1,COPLATED_IN_DECODED_WELL;DECODED_SAME_PLATE_ION_0p01;DECODED_SAME_WELL_ION_0p7
__ACYCLIC__KJTLQQUUPVSXIM,True,1,COPLATED_IN_DECODED_WELL
__ACYCLIC__KKOYBOFPUBHPFO,False,0,EXPOSED_POPULATION:V2-DEVELOPMENT-POPULATION;EXPOSED_POPULATION:WUR-DEV-HOLD;EXPOSED_POPULATION:WUR-POS-IDENTITY
__ACYCLIC__KLGMSAOQDHLCOS,False,0,EXPOSED_POPULATION:LCSB-ALL-MASSBANK-V1-EXPOSURE-SET;EXPOSED_POPULATION:LCSB-DEV;EXPOSED_POPULATION:LCSB-POS-V2-SPECTRA;EXPOSED_POPULATION:V2-DEVELOPMENT-POPULATION
__ACYCLIC__KLZGKIDSEJWEDW,True,1,COPLATED_IN_DECODED_WELL
__ACYCLIC__KOVAQMSVARJMPH,False,0,DECODED_SAME_PLATE_ION_0p01
__ACYCLIC__KPWDGTGXUYRARH,True,1,SAMPLE1_DRAW_GROUP
__ACYCLIC__KQTIIICEAUMSDG,True,1,SAMPLE1_DRAW_GROUP
__ACYCLIC__KRKNYBCHXYNGOX,True,1,COPLATED_IN_DECODED_WELL;EXPOSED_POPULATION:ENTACT-MIX-LISTS-499-503-505
__ACYCLIC__KRTSDMXIXPKRQR,False,0,EXPOSED_POPULATION:V2-DEVELOPMENT-POPULATION;EXPOSED_POPULATION:WUR-DEV-HOLD;EXPOSED_POPULATION:WUR-POS-IDENTITY
__ACYCLIC__KSMRODHGGIIXDV,True,1,COPLATED_IN_DECODED_WELL;DECODED_SAME_PLATE_ION_0p01
__ACYCLIC__KSUUMAWCGDNLFK,True,1,COPLATED_IN_DECODED_WELL
__ACYCLIC__KTHDTJVBEPMMGL,True,1,COPLATED_IN_DECODED_WELL
__ACYCLIC__KVMPUXDNESXNOH,False,0,EXPOSED_POPULATION:V2-DEVELOPMENT-POPULATION;EXPOSED_POPULATION:WUR-POS-IDENTITY;EXPOSED_POPULATION:WUR-SEALED
__ACYCLIC__KWIUHFFTVRNATP,False,0,COPLATED_IN_DECODED_WELL
__ACYCLIC__KWMLJOLKUYYJFJ,True,1,DECODED_SAME_PLATE_ION_0p01
__ACYCLIC__LBIZZGIYNNLXQN,True,1,COPLATED_IN_DECODED_WELL
__ACYCLIC__LCQLHJZYVOQKHU,True,1,COPLATED_IN_DECODED_WELL
__ACYCLIC__LDCRTTXIJACKKU,True,1,COPLATED_IN_DECODED_WELL
__ACYCLIC__LELOWRISYMNNSU,False,0,COPLATED_IN_DECODED_WELL
__ACYCLIC__LENZDBCJOHFCAS,True,1,COPLATED_IN_DECODED_WELL
__ACYCLIC__LESVOLZBIFDZGS,False,0,EXPOSED_POPULATION:V2-DEVELOPMENT-POPULATION;EXPOSED_POPULATION:WUR-DEV-ANALYSIS;EXPOSED_POPULATION:WUR-POS-IDENTITY
__ACYCLIC__LEVWYRKDKASIDU,True,1,COPLATED_IN_DECODED_WELL
__ACYCLIC__LHFKHAVGGJJQFF,True,1,COPLATED_IN_DECODED_WELL;DECODED_SAME_PLATE_ION_0p01
__ACYCLIC__LIMQQADUEULBSO,True,1,SAMPLE1_DRAW_GROUP
__ACYCLIC__LIPOUNRJVLNBCD,True,1,COPLATED_IN_DECODED_WELL
__ACYCLIC__LKUNXBRZDFMZOK,True,1,DECODED_SAME_PLATE_ION_0p01
__ACYCLIC__LMBWSYZSUOEYSN,True,1,COPLATED_IN_DECODED_WELL
__ACYCLIC__LMHJFKYQYDSOQO,True,1,COPLATED_IN_DECODED_WELL;SAMPLE1_DRAW_GROUP
__ACYCLIC__LREQLEBVOXIEOM,True,1,COPLATED_IN_DECODED_WELL
__ACYCLIC__LVDKZNITIUWNER,True,1,COPLATED_IN_DECODED_WELL
__ACYCLIC__LVNGJLRDBYCPGB,True,1,COPLATED_IN_DECODED_WELL
__ACYCLIC__LVRFTAZAXQPQHI,True,1,COPLATED_IN_DECODED_WELL
__ACYCLIC__LWBHHRRTOZQPDM,False,0,COPLATED_IN_DECODED_WELL;EXPOSED_POPULATION:LCSB-ALL-MASSBANK-V1-EXPOSURE-SET;EXPOSED_POPULATION:LCSB-NEG
__ACYCLIC__LYRFLYHAGKPMFH,True,1,COPLATED_IN_DECODED_WELL
__ACYCLIC__MBBZMMPHUWSWHV,True,1,COPLATED_IN_DECODED_WELL
__ACYCLIC__MBDOYVRWFFCFHM,False,0,COPLATED_IN_DECODED_WELL
__ACYCLIC__MBKDYNNUVRNNRF,True,1,SAMPLE1_DRAW_GROUP
__ACYCLIC__MBMBGCFOFBJSGT,True,1,COPLATED_IN_DECODED_WELL;DECODED_SAME_PLATE_ION_0p01;DECODED_SAME_WELL_ION_0p7
__ACYCLIC__MCWXGJITAZMZEV,False,0,COPLATED_IN_DECODED_WELL;DECODED_SAME_PLATE_ION_0p01;DECODED_SAME_WELL_ION_0p7;EXPOSED_POPULATION:V2-DEVELOPMENT-POPULATION;EXPOSED_POPULATION:WUR-POS-IDENTITY;EXPOSED_POPULATION:WUR-SEALED;MSNLIB_ANCHOR_CENSUS_DESIGN;MSNLIB_ANCHOR_CENSUS_DETECTED;MSNLIB_ANCHOR_GATE_CALIBRATION
__ACYCLIC__MCYHPZGUONZRGO,True,1,COPLATED_IN_DECODED_WELL;DECODED_SAME_PLATE_ION_0p01;SAMPLE1_DRAW_GROUP
__ACYCLIC__MGFYIUFZLHCRTH,False,0,EXPOSED_POPULATION:ENTACT-MIX-LISTS-499-503-505
__ACYCLIC__MNQZXJOMYWMBOU,False,0,COPLATED_IN_DECODED_WELL
__ACYCLIC__MPBVHIBUJCELCL,True,1,DECODED_SAME_PLATE_ION_0p01
__ACYCLIC__MQFYOYGIGPVWSJ,True,1,COPLATED_IN_DECODED_WELL;SAMPLE1_DRAW_GROUP
__ACYCLIC__MQTAVJHICJWXBR,True,1,SAMPLE1_DRAW_GROUP
__ACYCLIC__MTCFGRXMJLQNBG,False,0,COPLATED_IN_DECODED_WELL
__ACYCLIC__MWBPRDONLNQCFV,False,0,EXPOSED_POPULATION:V2-DEVELOPMENT-POPULATION;EXPOSED_POPULATION:WUR-POS-IDENTITY;EXPOSED_POPULATION:WUR-SEALED
__ACYCLIC__MWMPEAHGUXCSMY,True,1,COPLATED_IN_DECODED_WELL
__ACYCLIC__MXOOUCRHWJYCAL,True,1,SAMPLE1_DRAW_GROUP
__ACYCLIC__MXWHMTNPTTVWDM,True,1,COPLATED_IN_DECODED_WELL;DECODED_SAME_PLATE_ION_0p01
__ACYCLIC__MZNNPGRTALKBID,True,1,SAMPLE1_DRAW_GROUP
__ACYCLIC__NCDCLPBOMHPFCV,True,1,COPLATED_IN_DECODED_WELL
__ACYCLIC__NEZDNQCXEZDCBI,True,1,COPLATED_IN_DECODED_WELL
__ACYCLIC__NFACJZMKEDPNKN,False,0,EXPOSED_POPULATION:V2-DEVELOPMENT-POPULATION;EXPOSED_POPULATION:WUR-DEV-HOLD;EXPOSED_POPULATION:WUR-POS-IDENTITY
__ACYCLIC__NFGXHKASABOEEW,False,0,COPLATED_IN_DECODED_WELL;DECODED_SAME_PLATE_ION_0p01;EXPOSED_POPULATION:V2-DEVELOPMENT-POPULATION;EXPOSED_POPULATION:WUR-DEV-HOLD;EXPOSED_POPULATION:WUR-POS-IDENTITY;MSNLIB_ANCHOR_CENSUS_DESIGN
__ACYCLIC__NGEWQZIDQIYUNV,True,1,SAMPLE1_DRAW_GROUP
__ACYCLIC__NIJJYAXOARWZEE,True,1,DECODED_SAME_PLATE_ION_0p01
__ACYCLIC__NJGCRMAPOWGWMW,False,0,EXPOSED_POPULATION:ENTACT-MIX-LISTS-499-503-505;EXPOSED_POPULATION:LCSB-ALL-MASSBANK-V1-EXPOSURE-SET;EXPOSED_POPULATION:LCSB-NEG
__ACYCLIC__NJYYDRBRLSOFNG,True,1,SAMPLE1_DRAW_GROUP
__ACYCLIC__NKBWMBRPILTCRD,True,1,COPLATED_IN_DECODED_WELL;SAMPLE1_DRAW_GROUP
__ACYCLIC__NKFNBVMJTSYZDV,False,0,EXPOSED_POPULATION:ENTACT-MIX-LISTS-499-503-505;EXPOSED_POPULATION:LCSB-ALL-MASSBANK-V1-EXPOSURE-SET;EXPOSED_POPULATION:LCSB-DEV;EXPOSED_POPULATION:LCSB-POS-V2-SPECTRA;EXPOSED_POPULATION:V2-DEVELOPMENT-POPULATION
__ACYCLIC__NKHAVTQWNUWKEO,True,1,COPLATED_IN_DECODED_WELL
__ACYCLIC__NNKVPIKMPCQWCG,False,0,EXPOSED_POPULATION:V2-DEVELOPMENT-POPULATION;EXPOSED_POPULATION:WUR-DEV-ANALYSIS;EXPOSED_POPULATION:WUR-POS-IDENTITY
__ACYCLIC__NNNVXFKZMRGJPM,True,1,COPLATED_IN_DECODED_WELL
__ACYCLIC__NOPFSRXAKWQILS,False,0,COPLATED_IN_DECODED_WELL
__ACYCLIC__NOQGZXFMHARMLW,False,0,COPLATED_IN_DECODED_WELL;DECODED_SAME_PLATE_ION_0p01;DECODED_SAME_WELL_ION_0p7;EXPOSED_POPULATION:V2-DEVELOPMENT-POPULATION;EXPOSED_POPULATION:WUR-POS-IDENTITY;EXPOSED_POPULATION:WUR-SEALED;MSNLIB_ANCHOR_CENSUS_DESIGN;MSNLIB_ANCHOR_CENSUS_DETECTED;MSNLIB_ANCHOR_GATE_CALIBRATION
__ACYCLIC__NRZWQKGABZFFKE,False,0,EXPOSED_POPULATION:V2-DEVELOPMENT-POPULATION;EXPOSED_POPULATION:WUR-DEV-ANALYSIS;EXPOSED_POPULATION:WUR-POS-IDENTITY
__ACYCLIC__NSOXQYCFHDMMGV,True,1,COPLATED_IN_DECODED_WELL;DECODED_SAME_PLATE_ION_0p01
__ACYCLIC__NUCLJNSWZCHRKL,True,1,COPLATED_IN_DECODED_WELL
__ACYCLIC__NUJGJRNETVAIRJ,True,1,SAMPLE1_DRAW_GROUP
__ACYCLIC__NZUPCNDJBJXXRF,False,0,COPLATED_IN_DECODED_WELL;DECODED_SAME_WELL_ION_0p7
__ACYCLIC__NZWOPGCLSHLLPA,False,0,COPLATED_IN_DECODED_WELL
__ACYCLIC__ODJQKYXPKWQWNK,False,0,EXPOSED_POPULATION:ENTACT-MIX-LISTS-499-503-505;EXPOSED_POPULATION:LCSB-ALL-MASSBANK-V1-EXPOSURE-SET;EXPOSED_POPULATION:LCSB-NEG
__ACYCLIC__ODKSFYDXXFIFQN,True,1,COPLATED_IN_DECODED_WELL;DECODED_SAME_PLATE_ION_0p01
__ACYCLIC__OEBRKCOSUFCWJD,False,0,EXPOSED_POPULATION:V2-DEVELOPMENT-POPULATION;EXPOSED_POPULATION:WUR-DEV-HOLD;EXPOSED_POPULATION:WUR-POS-IDENTITY
__ACYCLIC__OFOBLEOULBTSOW,False,0,COPLATED_IN_DECODED_WELL
__ACYCLIC__OGNSCSPNOLGXSM,False,0,COPLATED_IN_DECODED_WELL;EXPOSED_POPULATION:V2-DEVELOPMENT-POPULATION;EXPOSED_POPULATION:WUR-POS-IDENTITY;EXPOSED_POPULATION:WUR-SEALED;MSNLIB_ANCHOR_CENSUS_DESIGN
__ACYCLIC__OGSPWJRAVKPPFI,True,1,COPLATED_IN_DECODED_WELL
__ACYCLIC__OIPILFWXSMYKGL,False,0,COPLATED_IN_DECODED_WELL;DECODED_SAME_PLATE_ION_0p01;DECODED_SAME_WELL_ION_0p7
__ACYCLIC__OMNKZBIFPJNNIO,False,0,EXPOSED_POPULATION:LCSB-ALL-MASSBANK-V1-EXPOSURE-SET;EXPOSED_POPULATION:LCSB-DEV;EXPOSED_POPULATION:LCSB-POS-V2-SPECTRA;EXPOSED_POPULATION:V2-DEVELOPMENT-POPULATION
__ACYCLIC__OMOMUFTZPTXCHP,True,1,COPLATED_IN_DECODED_WELL
__ACYCLIC__ONHFWHCMZAJCFB,False,0,EXPOSED_POPULATION:V2-DEVELOPMENT-POPULATION;EXPOSED_POPULATION:WUR-POS-IDENTITY;EXPOSED_POPULATION:WUR-SEALED
__ACYCLIC__ONJQDTZCDSESIW,True,1,COPLATED_IN_DECODED_WELL
__ACYCLIC__ONYFNWIHJBLQKE,True,1,COPLATED_IN_DECODED_WELL
__ACYCLIC__OQEBBZSWEGYTPG,False,0,COPLATED_IN_DECODED_WELL
__ACYCLIC__OQOCQBJWOCRPQY,True,1,COPLATED_IN_DECODED_WELL;DECODED_SAME_PLATE_ION_0p01
__ACYCLIC__OREAFAJWWJHCOT,True,1,COPLATED_IN_DECODED_WELL
__ACYCLIC__OSASVXMJTNOKOY,True,1,COPLATED_IN_DECODED_WELL
__ACYCLIC__OSCCDBFHNMXNME,True,1,COPLATED_IN_DECODED_WELL;DECODED_SAME_PLATE_ION_0p01
__ACYCLIC__OTGQIQQTPXJQRG,True,1,COPLATED_IN_DECODED_WELL
__ACYCLIC__OYHQOLUKZRVURQ,False,0,COPLATED_IN_DECODED_WELL
__ACYCLIC__PANKHBYNKQNAHN,True,1,COPLATED_IN_DECODED_WELL;DECODED_SAME_PLATE_ION_0p01
__ACYCLIC__PAZGBAOHGQRCBP,True,1,COPLATED_IN_DECODED_WELL
__ACYCLIC__PECYZEOJVXMISF,False,0,COPLATED_IN_DECODED_WELL
__ACYCLIC__PFRGXCVKLLPLIP,True,1,COPLATED_IN_DECODED_WELL
__ACYCLIC__PGJBQBDNXAZHBP,False,0,EXPOSED_POPULATION:V2-DEVELOPMENT-POPULATION;EXPOSED_POPULATION:WUR-POS-IDENTITY;EXPOSED_POPULATION:WUR-SEALED
__ACYCLIC__PGLTVOMIXTUURA,True,1,COPLATED_IN_DECODED_WELL
__ACYCLIC__PHIQHXFUZVPYII,False,0,COPLATED_IN_DECODED_WELL
__ACYCLIC__PIINGYXNCHTJTF,False,0,EXPOSED_POPULATION:V2-DEVELOPMENT-POPULATION;EXPOSED_POPULATION:WUR-POS-IDENTITY;EXPOSED_POPULATION:WUR-SEALED
__ACYCLIC__PJDFLNIOAUIZSL,True,1,COPLATED_IN_DECODED_WELL;DECODED_SAME_PLATE_ION_0p01
__ACYCLIC__PJIHCWJOTSJIPQ,True,1,COPLATED_IN_DECODED_WELL;SAMPLE1_DRAW_GROUP
__ACYCLIC__PMCVMORKVPSKHZ,False,0,EXPOSED_POPULATION:V2-DEVELOPMENT-POPULATION;EXPOSED_POPULATION:WUR-DEV-ANALYSIS;EXPOSED_POPULATION:WUR-POS-IDENTITY
__ACYCLIC__PNNNRSAQSRJVSB,True,1,DECODED_SAME_PLATE_ION_0p01
__ACYCLIC__PORPENFLTBBHSG,True,1,COPLATED_IN_DECODED_WELL
__ACYCLIC__PQLXHQMOHUQAKB,False,0,COPLATED_IN_DECODED_WELL
__ACYCLIC__PRDJGNVQBVXXEO,True,1,DECODED_SAME_PLATE_ION_0p01
__ACYCLIC__PRNJXUQTUSFYLV,True,1,SAMPLE1_DRAW_GROUP
__ACYCLIC__PUPZLCDOIYMWBV,False,0,COPLATED_IN_DECODED_WELL
__ACYCLIC__PUUSSSIBPPTKTP,True,1,COPLATED_IN_DECODED_WELL
__ACYCLIC__PVBQYTCFVWZSJK,True,1,COPLATED_IN_DECODED_WELL
__ACYCLIC__PWKSKIMOESPYIA,True,1,COPLATED_IN_DECODED_WELL;DECODED_SAME_PLATE_ION_0p01
__ACYCLIC__PYMYPHUHKUWMLA,True,1,COPLATED_IN_DECODED_WELL
__ACYCLIC__PYUSHNKNPOHWEZ,True,1,COPLATED_IN_DECODED_WELL
__ACYCLIC__PZBFGYYEXUXCOF,True,1,COPLATED_IN_DECODED_WELL
__ACYCLIC__PZIRJMYRYORVIT,False,0,EXPOSED_POPULATION:LCSB-ALL-MASSBANK-V1-EXPOSURE-SET;EXPOSED_POPULATION:LCSB-CONFIRMATION;EXPOSED_POPULATION:V2-DEVELOPMENT-POPULATION;EXPOSED_POPULATION:WUR-POS-IDENTITY;EXPOSED_POPULATION:WUR-SEALED
__ACYCLIC__PZXOQEXFMJCDPG,False,0,EXPOSED_POPULATION:V2-DEVELOPMENT-POPULATION;EXPOSED_POPULATION:WUR-POS-IDENTITY;EXPOSED_POPULATION:WUR-SEALED
__ACYCLIC__QAOWNCQODCNURD,False,0,COPLATED_IN_DECODED_WELL
__ACYCLIC__QCHPKSFMDHPSNR,False,0,COPLATED_IN_DECODED_WELL
__ACYCLIC__QFZISQBFEIXWDM,False,0,DECODED_SAME_PLATE_ION_0p01
__ACYCLIC__QGBRLVONZXHAKJ,True,1,SAMPLE1_DRAW_GROUP
__ACYCLIC__QGLZXHRNAYXIBU,False,0,EXPOSED_POPULATION:ENTACT-MIX-LISTS-499-503-505
__ACYCLIC__QGZKDVFQNNGYKY,False,0,COPLATED_IN_DECODED_WELL
__ACYCLIC__QHKABHOOEWYVLI,True,1,COPLATED_IN_DECODED_WELL
__ACYCLIC__QHZLMUACJMDIAE,True,1,SAMPLE1_DRAW_GROUP
__ACYCLIC__QIQXTHQIDYTFRH,True,1,COPLATED_IN_DECODED_WELL
__ACYCLIC__QJACRCAPQIYMIH,False,0,EXPOSED_POPULATION:LCSB-ALL-MASSBANK-V1-EXPOSURE-SET;EXPOSED_POPULATION:LCSB-DEV;EXPOSED_POPULATION:LCSB-POS-V2-SPECTRA;EXPOSED_POPULATION:V2-DEVELOPMENT-POPULATION
__ACYCLIC__QPCDCPDFJACHGM,True,1,DECODED_SAME_PLATE_ION_0p01
__ACYCLIC__QSQFARNGNIZGAW,True,1,COPLATED_IN_DECODED_WELL;SAMPLE1_DRAW_GROUP
__ACYCLIC__QSZKEDWVAOAFQY,True,1,COPLATED_IN_DECODED_WELL
__ACYCLIC__QTBSBXVTEAMEQO,False,0,COPLATED_IN_DECODED_WELL
__ACYCLIC__QTQDDTSVRVWHMO,True,1,DECODED_SAME_PLATE_ION_0p01
__ACYCLIC__QWYFHHGCZUCMBN,False,0,COPLATED_IN_DECODED_WELL;DECODED_SAME_PLATE_ION_0p01;DECODED_SAME_WELL_ION_0p7
__ACYCLIC__QZCLKYGREBVARF,False,0,EXPOSED_POPULATION:LCSB-ALL-MASSBANK-V1-EXPOSURE-SET;EXPOSED_POPULATION:LCSB-DEV;EXPOSED_POPULATION:LCSB-POS-V2-SPECTRA;EXPOSED_POPULATION:V2-DEVELOPMENT-POPULATION
__ACYCLIC__RDCAZFAKCIEASQ,False,0,EXPOSED_POPULATION:LCSB-ALL-MASSBANK-V1-EXPOSURE-SET;EXPOSED_POPULATION:LCSB-DEV;EXPOSED_POPULATION:LCSB-POS-V2-SPECTRA;EXPOSED_POPULATION:V2-DEVELOPMENT-POPULATION
__ACYCLIC__RDIKFPRVLJLMER,True,1,DECODED_SAME_PLATE_ION_0p01
__ACYCLIC__RFEQLTBBKNKGGJ,True,1,COPLATED_IN_DECODED_WELL
__ACYCLIC__RFMMMVDNIPUKGG,True,1,COPLATED_IN_DECODED_WELL
__ACYCLIC__RFVNOJDQRGSOEL,True,1,COPLATED_IN_DECODED_WELL
__ACYCLIC__RGCLLPNLLBQHPF,False,0,EXPOSED_POPULATION:V2-DEVELOPMENT-POPULATION;EXPOSED_POPULATION:WUR-DEV-ANALYSIS;EXPOSED_POPULATION:WUR-POS-IDENTITY
__ACYCLIC__RGHNJXZEOKUKBD,True,1,COPLATED_IN_DECODED_WELL;DECODED_SAME_PLATE_ION_0p01
__ACYCLIC__RHGKLRLOHDJJDR,True,1,COPLATED_IN_DECODED_WELL
__ACYCLIC__RHYOZHJMMSHYAZ,False,0,EXPOSED_POPULATION:V2-DEVELOPMENT-POPULATION;EXPOSED_POPULATION:WUR-POS-IDENTITY;EXPOSED_POPULATION:WUR-SEALED
__ACYCLIC__RIZMRRKBZQXFOY,False,0,EXPOSED_POPULATION:LCSB-ALL-MASSBANK-V1-EXPOSURE-SET;EXPOSED_POPULATION:LCSB-DEV;EXPOSED_POPULATION:LCSB-POS-V2-SPECTRA;EXPOSED_POPULATION:V2-DEVELOPMENT-POPULATION
__ACYCLIC__RJFAYQIBOAGBLC,True,1,COPLATED_IN_DECODED_WELL
__ACYCLIC__RLGQACBPNDBWTB,False,0,EXPOSED_POPULATION:ENTACT-MIX-LISTS-499-503-505
__ACYCLIC__RMOIHHAKNOFHOE,True,1,SAMPLE1_DRAW_GROUP
__ACYCLIC__ROHFNLRQFUQHCH,True,1,COPLATED_IN_DECODED_WELL
__ACYCLIC__RRRXPPIDPYTNJG,False,0,EXPOSED_POPULATION:LCSB-ALL-MASSBANK-V1-EXPOSURE-SET;EXPOSED_POPULATION:LCSB-NEG;EXPOSED_POPULATION:WUR-NEG-DEV
__ACYCLIC__RRUDCFGSUDOHDG,False,0,COPLATED_IN_DECODED_WELL
__ACYCLIC__RYQOILLJDKPETL,True,1,DECODED_SAME_PLATE_ION_0p01
__ACYCLIC__RZESKRXOCXWCFX,True,1,COPLATED_IN_DECODED_WELL;DECODED_SAME_PLATE_ION_0p01
__ACYCLIC__RZJRJXONCZWCBN,True,1,COPLATED_IN_DECODED_WELL
__ACYCLIC__RZRNAYUHWVFMIP,True,1,COPLATED_IN_DECODED_WELL;SAMPLE1_DRAW_GROUP
__ACYCLIC__SBZXBUIDTXKZTM,False,0,EXPOSED_POPULATION:V2-DEVELOPMENT-POPULATION;EXPOSED_POPULATION:WUR-POS-IDENTITY;EXPOSED_POPULATION:WUR-SEALED
__ACYCLIC__SCABKEBYDRTODC,False,0,EXPOSED_POPULATION:LCSB-ALL-MASSBANK-V1-EXPOSURE-SET;EXPOSED_POPULATION:LCSB-DEV;EXPOSED_POPULATION:LCSB-POS-V2-SPECTRA;EXPOSED_POPULATION:V2-DEVELOPMENT-POPULATION
__ACYCLIC__SDMBRCRVFFHJKR,True,1,DECODED_SAME_PLATE_ION_0p01
__ACYCLIC__SECPZKHBENQXJG,True,1,COPLATED_IN_DECODED_WELL;EXPOSED_POPULATION:ENTACT-MIX-LISTS-499-503-505;EXPOSED_POPULATION:LCSB-RAW-MIX-REPLICATE-SET-92
__ACYCLIC__SNDPXSYFESPGGJ,True,1,COPLATED_IN_DECODED_WELL
__ACYCLIC__SNEIUMQYRCDYCH,False,0,DECODED_SAME_PLATE_ION_0p01
__ACYCLIC__SNPLKNRPJHDVJA,True,1,COPLATED_IN_DECODED_WELL;DECODED_SAME_PLATE_ION_0p01;EXPOSED_POPULATION:ENTACT-MIX-LISTS-499-503-505
__ACYCLIC__SRPNQDXRVRCTNK,True,1,DECODED_SAME_PLATE_ION_0p01
__ACYCLIC__SSQPWTVBQMWLSZ,True,1,DECODED_SAME_PLATE_ION_0p01
__ACYCLIC__STKYPAFSDFAEPH,True,1,DECODED_SAME_PLATE_ION_0p01
__ACYCLIC__SUHOOTKUPISOBE,False,0,COPLATED_IN_DECODED_WELL
__ACYCLIC__SUHOQUVVVLNYQR,False,0,COPLATED_IN_DECODED_WELL;DECODED_SAME_PLATE_ION_0p01
__ACYCLIC__SYEOWUNSTUDKGM,True,1,DECODED_SAME_PLATE_ION_0p01
__ACYCLIC__TUNFSRHWOTWDNC,True,1,COPLATED_IN_DECODED_WELL;DECODED_SAME_PLATE_ION_0p01
__ACYCLIC__TVIDDXQYHWJXFK,False,0,COPLATED_IN_DECODED_WELL;DECODED_SAME_PLATE_ION_0p01;EXPOSED_POPULATION:ENTACT-MIX-LISTS-499-503-505;EXPOSED_POPULATION:LCSB-ALL-MASSBANK-V1-EXPOSURE-SET;EXPOSED_POPULATION:LCSB-NEG
__ACYCLIC__TWMFGCHRALXDAR,False,0,EXPOSED_POPULATION:LCSB-ALL-MASSBANK-V1-EXPOSURE-SET;EXPOSED_POPULATION:LCSB-DEV;EXPOSED_POPULATION:LCSB-POS-V2-SPECTRA;EXPOSED_POPULATION:V2-DEVELOPMENT-POPULATION
__ACYCLIC__TXXHDPDFNKHHGW,True,1,COPLATED_IN_DECODED_WELL
__ACYCLIC__TYEVWCPZVQACAE,False,0,EXPOSED_POPULATION:V2-DEVELOPMENT-POPULATION;EXPOSED_POPULATION:WUR-POS-IDENTITY;EXPOSED_POPULATION:WUR-SEALED
__ACYCLIC__UATOAILWGVYRQS,False,0,COPLATED_IN_DECODED_WELL
__ACYCLIC__UAUDZVJPLUQNMU,False,0,EXPOSED_POPULATION:WUR-NEG-DEV
__ACYCLIC__UCHDFLNGIZUADY,False,0,EXPOSED_POPULATION:LCSB-ALL-MASSBANK-V1-EXPOSURE-SET;EXPOSED_POPULATION:LCSB-NEG
__ACYCLIC__UFAHZIUFPNSHSL,False,0,COPLATED_IN_DECODED_WELL;DECODED_SAME_PLATE_ION_0p01
__ACYCLIC__UFULAYFCSOUIOV,False,0,COPLATED_IN_DECODED_WELL
__ACYCLIC__UFYKDFXCZBTLOO,True,1,COPLATED_IN_DECODED_WELL;DECODED_SAME_PLATE_ION_0p01
__ACYCLIC__UGJBHEZMOKVTIM,False,0,COPLATED_IN_DECODED_WELL
__ACYCLIC__UHUSDOQQWJGJQS,True,1,SAMPLE1_DRAW_GROUP
__ACYCLIC__UHXUZOCRWCRNSJ,False,0,EXPOSED_POPULATION:ENTACT-MIX-LISTS-499-503-505
__ACYCLIC__UJVHVMNGOZXSOZ,False,0,COPLATED_IN_DECODED_WELL;EXPOSED_POPULATION:V2-DEVELOPMENT-POPULATION;EXPOSED_POPULATION:WUR-POS-IDENTITY;EXPOSED_POPULATION:WUR-SEALED;MSNLIB_ANCHOR_CENSUS_DESIGN;MSNLIB_ANCHOR_CENSUS_DETECTED
__ACYCLIC__UJZOKTKSGUOCCM,True,1,DECODED_SAME_PLATE_ION_0p01
__ACYCLIC__UKMSUNONTOPOIO,True,1,SAMPLE1_DRAW_GROUP
__ACYCLIC__ULQISTXYYBZJSJ,False,0,EXPOSED_POPULATION:ENTACT-MIX-LISTS-499-503-505;EXPOSED_POPULATION:LCSB-ALL-MASSBANK-V1-EXPOSURE-SET;EXPOSED_POPULATION:LCSB-NEG
__ACYCLIC__UNXHWFMMPAWVPI,True,1,COPLATED_IN_DECODED_WELL;DECODED_SAME_PLATE_ION_0p01
__ACYCLIC__UPUGLJYNCXXUQV,False,0,EXPOSED_POPULATION:V2-DEVELOPMENT-POPULATION;EXPOSED_POPULATION:WUR-POS-IDENTITY;EXPOSED_POPULATION:WUR-SEALED
__ACYCLIC__URAYPUMNDPQOKB,False,0,COPLATED_IN_DECODED_WELL
__ACYCLIC__URLJMZWTXZTZRR,True,1,COPLATED_IN_DECODED_WELL;DECODED_SAME_PLATE_ION_0p01
__ACYCLIC__USNCWPSRPOWEBG,True,1,COPLATED_IN_DECODED_WELL
__ACYCLIC__UUBHZHZSIKRVIV,True,1,COPLATED_IN_DECODED_WELL
__ACYCLIC__UVBUBMSSQKOIBE,False,0,EXPOSED_POPULATION:V2-DEVELOPMENT-POPULATION;EXPOSED_POPULATION:WUR-DEV-ANALYSIS;EXPOSED_POPULATION:WUR-POS-IDENTITY
__ACYCLIC__UWHZIFQPPBDJPM,True,1,COPLATED_IN_DECODED_WELL
__ACYCLIC__UXDPXZQHTDAXOZ,False,0,EXPOSED_POPULATION:V2-DEVELOPMENT-POPULATION;EXPOSED_POPULATION:WUR-POS-IDENTITY;EXPOSED_POPULATION:WUR-SEALED
__ACYCLIC__UYZFAUAYFLEHRC,True,1,DECODED_SAME_PLATE_ION_0p01
__ACYCLIC__VCMIHDDYZTYYJC,True,1,COPLATED_IN_DECODED_WELL
__ACYCLIC__VEENJGZXVHKXNB,False,0,EXPOSED_POPULATION:LCSB-ALL-MASSBANK-V1-EXPOSURE-SET;EXPOSED_POPULATION:LCSB-CONFIRMATION;EXPOSED_POPULATION:V2-DEVELOPMENT-POPULATION;EXPOSED_POPULATION:WUR-POS-IDENTITY;EXPOSED_POPULATION:WUR-SEALED
__ACYCLIC__VEXZGXHMUGYJMC,False,0,COPLATED_IN_DECODED_WELL
__ACYCLIC__VFRROHXSMXFLSN,True,1,SAMPLE1_DRAW_GROUP
__ACYCLIC__VICYBMUVWHJEFT,False,0,EXPOSED_POPULATION:ENTACT-MIX-LISTS-499-503-505
__ACYCLIC__VJYFKVYYMZPMAB,False,0,EXPOSED_POPULATION:V2-DEVELOPMENT-POPULATION;EXPOSED_POPULATION:WUR-DEV-ANALYSIS;EXPOSED_POPULATION:WUR-POS-IDENTITY
__ACYCLIC__VLCDUOXHFNUCKK,False,0,EXPOSED_POPULATION:ENTACT-MIX-LISTS-499-503-505
__ACYCLIC__VLCYCQAOQCDTCN,True,1,COPLATED_IN_DECODED_WELL;DECODED_SAME_PLATE_ION_0p01
__ACYCLIC__VLPFTAMPNXLGLX,True,1,COPLATED_IN_DECODED_WELL
__ACYCLIC__VORKGRIRMPBCCZ,True,1,SAMPLE1_DRAW_GROUP
__ACYCLIC__VOUGEZYPVGAPBB,False,0,COPLATED_IN_DECODED_WELL;EXPOSED_POPULATION:V2-DEVELOPMENT-POPULATION;EXPOSED_POPULATION:WUR-DEV-HOLD;EXPOSED_POPULATION:WUR-POS-IDENTITY;MSNLIB_ANCHOR_CENSUS_DESIGN
__ACYCLIC__VVNCNSJFMMFHPL,True,1,COPLATED_IN_DECODED_WELL
__ACYCLIC__VZCYOOQTPOCHFL,False,0,EXPOSED_POPULATION:LCSB-ALL-MASSBANK-V1-EXPOSURE-SET;EXPOSED_POPULATION:LCSB-NEG
__ACYCLIC__VZRKEAFHFMSHCD,False,0,EXPOSED_POPULATION:ENTACT-MIX-LISTS-499-503-505;EXPOSED_POPULATION:LCSB-ALL-MASSBANK-V1-EXPOSURE-SET;EXPOSED_POPULATION:LCSB-DEV;EXPOSED_POPULATION:LCSB-POS-V2-SPECTRA;EXPOSED_POPULATION:V2-DEVELOPMENT-POPULATION
__ACYCLIC__VZVGEDRCVUKSEL,True,1,DECODED_SAME_PLATE_ION_0p01
__ACYCLIC__WBHHMMIMDMUBKC,False,0,COPLATED_IN_DECODED_WELL;EXPOSED_POPULATION:ENTACT-MIX-LISTS-499-503-505;EXPOSED_POPULATION:LCSB-ALL-MASSBANK-V1-EXPOSURE-SET;EXPOSED_POPULATION:LCSB-NEG
__ACYCLIC__WBLZUCOIBUDNBV,True,1,COPLATED_IN_DECODED_WELL
__ACYCLIC__WEBQKRLKWNIYKK,False,0,EXPOSED_POPULATION:V2-DEVELOPMENT-POPULATION;EXPOSED_POPULATION:WUR-POS-IDENTITY;EXPOSED_POPULATION:WUR-SEALED
__ACYCLIC__WHBMMWSBFZVSSR,False,0,COPLATED_IN_DECODED_WELL
__ACYCLIC__WHUUTDBJXJRKMK,True,1,COPLATED_IN_DECODED_WELL;DECODED_SAME_PLATE_ION_0p01
__ACYCLIC__WLJVNTCWHIRURA,True,1,DECODED_SAME_PLATE_ION_0p01
__ACYCLIC__WMYINDVYGQKYMI,False,0,EXPOSED_POPULATION:ENTACT-MIX-LISTS-499-503-505;EXPOSED_POPULATION:LCSB-ALL-MASSBANK-V1-EXPOSURE-SET;EXPOSED_POPULATION:LCSB-DEV;EXPOSED_POPULATION:LCSB-NEG;EXPOSED_POPULATION:LCSB-POS-V2-SPECTRA;EXPOSED_POPULATION:V2-DEVELOPMENT-POPULATION
__ACYCLIC__WNLRTRBMVRJNCN,False,0,EXPOSED_POPULATION:LCSB-ALL-MASSBANK-V1-EXPOSURE-SET;EXPOSED_POPULATION:LCSB-NEG
__ACYCLIC__WQABCVAJNWAXTE,True,1,COPLATED_IN_DECODED_WELL
__ACYCLIC__WQEVDHBJGNOKKO,True,1,COPLATED_IN_DECODED_WELL
__ACYCLIC__WRUUGTRCQOWXEG,True,1,COPLATED_IN_DECODED_WELL
__ACYCLIC__WSORODGWGUUOBO,False,0,EXPOSED_POPULATION:V2-DEVELOPMENT-POPULATION;EXPOSED_POPULATION:WUR-POS-IDENTITY;EXPOSED_POPULATION:WUR-SEALED
__ACYCLIC__WSWCOQWTEOXDQX,False,0,COPLATED_IN_DECODED_WELL;DECODED_SAME_PLATE_ION_0p01
__ACYCLIC__WTEVQBCEXWBHNA,True,1,DECODED_SAME_PLATE_ION_0p01
__ACYCLIC__WTLBZVNBAKMVDP,False,0,EXPOSED_POPULATION:LCSB-ALL-MASSBANK-V1-EXPOSURE-SET;EXPOSED_POPULATION:LCSB-DEV;EXPOSED_POPULATION:LCSB-POS-V2-SPECTRA;EXPOSED_POPULATION:V2-DEVELOPMENT-POPULATION
__ACYCLIC__WTWWXOGTJWMJHI,True,1,COPLATED_IN_DECODED_WELL;SAMPLE1_DRAW_GROUP
__ACYCLIC__WWZKQHOCKIZLMA,True,1,COPLATED_IN_DECODED_WELL
__ACYCLIC__WXBXVVIUZANZAU,True,1,COPLATED_IN_DECODED_WELL
__ACYCLIC__WXNXCEHXYPACJF,True,1,COPLATED_IN_DECODED_WELL;DECODED_SAME_PLATE_ION_0p01
__ACYCLIC__WYEPBHZLDUPIOD,True,1,COPLATED_IN_DECODED_WELL
__ACYCLIC__WYVVKGNFXHOCQV,False,0,EXPOSED_POPULATION:V2-DEVELOPMENT-POPULATION;EXPOSED_POPULATION:WUR-DEV-ANALYSIS;EXPOSED_POPULATION:WUR-POS-IDENTITY
__ACYCLIC__WZZLDXDUQPOXNW,False,0,EXPOSED_POPULATION:ENTACT-MIX-LISTS-499-503-505;EXPOSED_POPULATION:LCSB-ALL-MASSBANK-V1-EXPOSURE-SET;EXPOSED_POPULATION:LCSB-CONFIRMATION;EXPOSED_POPULATION:LCSB-RAW-MIX-REPLICATE-SET-92;EXPOSED_POPULATION:LCSB-RAW-MIXES-499-503-505;EXPOSED_POPULATION:V2-DEVELOPMENT-POPULATION;EXPOSED_POPULATION:WUR-POS-IDENTITY;EXPOSED_POPULATION:WUR-SEALED
__ACYCLIC__XDDAORKBJWWYJS,False,0,EXPOSED_POPULATION:WUR-NEG-DEV
__ACYCLIC__XDOTVMNBCQVZKG,False,0,EXPOSED_POPULATION:LCSB-ALL-MASSBANK-V1-EXPOSURE-SET;EXPOSED_POPULATION:LCSB-POS-V2-SPECTRA;EXPOSED_POPULATION:V2-DEVELOPMENT-POPULATION;EXPOSED_POPULATION:WUR-POS-IDENTITY;EXPOSED_POPULATION:WUR-SEALED
__ACYCLIC__XERJKGMBORTKEO,True,1,DECODED_SAME_PLATE_ION_0p01
__ACYCLIC__XHZPRMZZQOIPDS,False,0,EXPOSED_POPULATION:LCSB-ALL-MASSBANK-V1-EXPOSURE-SET;EXPOSED_POPULATION:LCSB-NEG;EXPOSED_POPULATION:V2-DEVELOPMENT-POPULATION;EXPOSED_POPULATION:WUR-POS-IDENTITY;EXPOSED_POPULATION:WUR-SEALED
__ACYCLIC__XIRNKXNNONJFQO,True,1,DECODED_SAME_PLATE_ION_0p01
__ACYCLIC__XIUROWKZWPIAIB,False,0,EXPOSED_POPULATION:V2-DEVELOPMENT-POPULATION;EXPOSED_POPULATION:WUR-POS-IDENTITY;EXPOSED_POPULATION:WUR-SEALED
__ACYCLIC__XLNZEKHULJKQBA,False,0,EXPOSED_POPULATION:V2-DEVELOPMENT-POPULATION;EXPOSED_POPULATION:WUR-POS-IDENTITY;EXPOSED_POPULATION:WUR-SEALED
__ACYCLIC__XLYMOEINVGRTEX,False,0,EXPOSED_POPULATION:ENTACT-MIX-LISTS-499-503-505;EXPOSED_POPULATION:LCSB-ALL-MASSBANK-V1-EXPOSURE-SET;EXPOSED_POPULATION:LCSB-NEG
__ACYCLIC__XMHIUKTWLZUKEX,False,0,COPLATED_IN_DECODED_WELL
__ACYCLIC__XOAAWQZATWQOTB,True,1,COPLATED_IN_DECODED_WELL
__ACYCLIC__XQZVZULJKVALRI,True,1,DECODED_SAME_PLATE_ION_0p01
__ACYCLIC__XRQHTUDGPWMPKX,False,0,EXPOSED_POPULATION:V2-DEVELOPMENT-POPULATION;EXPOSED_POPULATION:WUR-POS-IDENTITY;EXPOSED_POPULATION:WUR-SEALED
__ACYCLIC__XSQUKJJJFZCRTK,False,0,COPLATED_IN_DECODED_WELL
__ACYCLIC__XUHLIQGRKRUKPH,True,1,COPLATED_IN_DECODED_WELL
__ACYCLIC__XUJNEKJLAYXESH,True,1,COPLATED_IN_DECODED_WELL;DECODED_SAME_WELL_ION_0p7
__ACYCLIC__XUYJLQHKOGNDPB,False,0,COPLATED_IN_DECODED_WELL
__ACYCLIC__XUYPXLNMDZIRQH,True,1,DECODED_SAME_PLATE_ION_0p01
__ACYCLIC__XZWYZXLIPXDOLR,False,0,COPLATED_IN_DECODED_WELL;DECODED_SAME_PLATE_ION_0p01;DECODED_SAME_WELL_ION_0p7;EXPOSED_POPULATION:V2-DEVELOPMENT-POPULATION;EXPOSED_POPULATION:WUR-POS-IDENTITY;EXPOSED_POPULATION:WUR-SEALED;MSNLIB_ANCHOR_CENSUS_DESIGN;MSNLIB_ANCHOR_CENSUS_DETECTED;MSNLIB_ANCHOR_GATE_CALIBRATION
__ACYCLIC__YASYVMFAVPKPKE,False,0,EXPOSED_POPULATION:LCSB-ALL-MASSBANK-V1-EXPOSURE-SET;EXPOSED_POPULATION:LCSB-NEG;EXPOSED_POPULATION:WUR-NEG-DEV
__ACYCLIC__YCYMCMYLORLIJX,True,1,COPLATED_IN_DECODED_WELL
__ACYCLIC__YDGMGEXADBMOMJ,True,1,DECODED_SAME_PLATE_ION_0p01
__ACYCLIC__YDLHWKNKFAPLAJ,True,1,SAMPLE1_DRAW_GROUP
__ACYCLIC__YHHSONZFOIEMCP,False,0,COPLATED_IN_DECODED_WELL
__ACYCLIC__YMAWOPBAYDPSLA,False,0,COPLATED_IN_DECODED_WELL
__ACYCLIC__YPEWWOUWRRQBAX,False,0,EXPOSED_POPULATION:LCSB-ALL-MASSBANK-V1-EXPOSURE-SET;EXPOSED_POPULATION:LCSB-DEV;EXPOSED_POPULATION:LCSB-POS-V2-SPECTRA;EXPOSED_POPULATION:V2-DEVELOPMENT-POPULATION
__ACYCLIC__YPZRWBKMTBYPTK,True,1,COPLATED_IN_DECODED_WELL
__ACYCLIC__YQIGLEFUZMIVHU,False,0,EXPOSED_POPULATION:V2-DEVELOPMENT-POPULATION;EXPOSED_POPULATION:WUR-DEV-ANALYSIS;EXPOSED_POPULATION:WUR-POS-IDENTITY
__ACYCLIC__YRRBXJLFCBCKNW,False,0,EXPOSED_POPULATION:V2-DEVELOPMENT-POPULATION;EXPOSED_POPULATION:WUR-DEV-HOLD;EXPOSED_POPULATION:WUR-POS-IDENTITY
__ACYCLIC__YRRKLBAKDXSTNC,False,0,COPLATED_IN_DECODED_WELL;EXPOSED_POPULATION:LCSB-ALL-MASSBANK-V1-EXPOSURE-SET;EXPOSED_POPULATION:LCSB-DEV;EXPOSED_POPULATION:LCSB-POS-V2-SPECTRA;EXPOSED_POPULATION:V2-DEVELOPMENT-POPULATION;MSNLIB_ANCHOR_CENSUS_DESIGN
__ACYCLIC__YRXRZBPEGLIKRH,True,1,SAMPLE1_DRAW_GROUP
__ACYCLIC__YTGJWQPHMWSCST,True,1,COPLATED_IN_DECODED_WELL;DECODED_SAME_PLATE_ION_0p01
__ACYCLIC__YTPQSLLEROSACP,True,1,DECODED_SAME_PLATE_ION_0p01
__ACYCLIC__YVPSNUIHHFTTRL,False,0,EXPOSED_POPULATION:V2-DEVELOPMENT-POPULATION;EXPOSED_POPULATION:WUR-DEV-HOLD;EXPOSED_POPULATION:WUR-POS-IDENTITY
__ACYCLIC__YWHLKYXPLRWGSE,True,1,COPLATED_IN_DECODED_WELL
__ACYCLIC__YYGNTYWPHWGJRM,True,1,COPLATED_IN_DECODED_WELL;DECODED_SAME_WELL_ION_0p7
__ACYCLIC__ZAXCZCOUDLENMH,True,1,COPLATED_IN_DECODED_WELL
__ACYCLIC__ZAZKJZBWRNNLDS,True,1,COPLATED_IN_DECODED_WELL
__ACYCLIC__ZDPHROOEEOARMN,True,1,COPLATED_IN_DECODED_WELL
__ACYCLIC__ZDXPYRJPNDTMRX,True,1,COPLATED_IN_DECODED_WELL
__ACYCLIC__ZFAHNWWNDFHPOH,True,1,COPLATED_IN_DECODED_WELL
__ACYCLIC__ZFNNQABPCOZKJQ,True,1,COPLATED_IN_DECODED_WELL
__ACYCLIC__ZGXJTSGNIOSYLO,True,1,COPLATED_IN_DECODED_WELL
__ACYCLIC__ZJAOAACCNHFJAH,True,1,COPLATED_IN_DECODED_WELL
__ACYCLIC__ZMBHCYHQLYEYDV,False,0,EXPOSED_POPULATION:V2-DEVELOPMENT-POPULATION;EXPOSED_POPULATION:WUR-POS-IDENTITY;EXPOSED_POPULATION:WUR-SEALED
__ACYCLIC__ZMDGLWRNBGRYQB,False,0,COPLATED_IN_DECODED_WELL;DECODED_SAME_PLATE_ION_0p01;DECODED_SAME_WELL_ION_0p7
__ACYCLIC__ZNEWHQLOPFWXOF,True,1,COPLATED_IN_DECODED_WELL
__ACYCLIC__ZPACYDRSPFRDHO,True,1,COPLATED_IN_DECODED_WELL;DECODED_SAME_PLATE_ION_0p01;DECODED_SAME_WELL_ION_0p7
__ACYCLIC__ZQPPMHVWECSIRJ,True,1,COPLATED_IN_DECODED_WELL;DECODED_SAME_WELL_ION_0p7
__ACYCLIC__ZRALSGWEFCBTJO,False,0,COPLATED_IN_DECODED_WELL
__ACYCLIC__ZRKZFNZPJKEWPC,False,0,EXPOSED_POPULATION:LCSB-ALL-MASSBANK-V1-EXPOSURE-SET;EXPOSED_POPULATION:LCSB-DEV;EXPOSED_POPULATION:LCSB-POS-V2-SPECTRA;EXPOSED_POPULATION:V2-DEVELOPMENT-POPULATION
__ACYCLIC__ZTVZLYBCZNMWCF,True,1,COPLATED_IN_DECODED_WELL;DECODED_SAME_WELL_ION_0p7
c1c(N2CCNCC2)ncc2c1CCOC2,True,1,SAMPLE1_DRAW_GROUP
c1c(Nc2cc3[nH]ncc3cn2)nc(N2CCCC2)nc1C1CCNC1,True,1,COPLATED_IN_DECODED_WELL;DECODED_SAME_PLATE_ION_0p01
c1c2c(cc3c1OCO3)-c1cc3c(cc1CCCC2)OCO3,True,1,COPLATED_IN_DECODED_WELL;DECODED_SAME_PLATE_ION_0p01
c1c2c(cc3c1OCO3)-c1cc3cc4c(cc3c[n+]1CC2)OCO4,False,0,COPLATED_IN_DECODED_WELL
c1c2c(cc3c1OCO3)-c1cc3ccc4c(c3c[n+]1CC2)OCO4,False,0,DECODED_SAME_PLATE_ION_0p01
c1c2c(cc3c1OCO3)C1CCCC3CCN(C2)C31,True,1,DECODED_SAME_PLATE_ION_0p01
c1c2c(cc3c1OCO3)C1NCc3c(ccc4c3OCO4)C1CC2,True,3,COPLATED_IN_DECODED_WELL;DECODED_SAME_PLATE_ION_0p01;DECODED_SAME_WELL_ION_0p7
c1c2c(cc3sc(C4=NCCS4)nc13)NCC2,True,1,SAMPLE1_DRAW_GROUP
c1c[n+](N2CCOCC2)no1,False,0,COPLATED_IN_DECODED_WELL
c1c[nH+]cc(-n2ncc3c2C2CC2C3)n1,True,1,DECODED_SAME_PLATE_ION_0p01
c1c[nH+]cc(CNc2cc(N3CCCCC3)nc3ccnn23)c1,True,1,COPLATED_IN_DECODED_WELL;DECODED_SAME_PLATE_ION_0p01
c1c[nH]cn1,False,0,COPLATED_IN_DECODED_WELL;DECODED_SAME_PLATE_ION_0p01;DECODED_SAME_WELL_ION_0p7;EXPOSED_POPULATION:LCSB-ALL-MASSBANK-V1-EXPOSURE-SET;EXPOSED_POPULATION:LCSB-DEV;EXPOSED_POPULATION:LCSB-POS-V2-SPECTRA;EXPOSED_POPULATION:V2-DEVELOPMENT-POPULATION;EXPOSED_POPULATION:WUR-DEV-ANALYSIS;EXPOSED_POPULATION:WUR-POS-IDENTITY;MSNLIB_ANCHOR_CENSUS_DESIGN;MSNLIB_ANCHOR_CENSUS_DETECTED;MSNLIB_ANCHOR_GATE_CALIBRATION
c1cc(-c2[nH]nc3ncccc23)nc(N2CCNCC2)c1,False,0,COPLATED_IN_DECODED_WELL
c1cc(-c2cc[nH+]cc2)cc[nH+]1,False,0,EXPOSED_POPULATION:V2-DEVELOPMENT-POPULATION;EXPOSED_POPULATION:WUR-DEV-ANALYSIS;EXPOSED_POPULATION:WUR-POS-IDENTITY
c1cc(-c2ccc(CN3CCOCC3)cc2)c2nc(-c3cnn(C4CCNCC4)c3)cnc2c1,True,1,COPLATED_IN_DECODED_WELL
c1cc(-c2ccc(OC3CCNCC3)nn2)ccc1-c1cn[nH]c1,True,1,COPLATED_IN_DECODED_WELL
c1cc(-c2ccc(OC3CCOCC3)cc2)nc(Nc2ccc(N3CCOCC3)cc2)n1,True,1,COPLATED_IN_DECODED_WELL
c1cc(-c2ccc(OCC3CC3)cc2)ccn1,True,1,DECODED_SAME_PLATE_ION_0p01
c1cc(-c2ccc3ccccc3c2)cc(C23CC4CC(CC(C4)C2)C3)c1,True,2,COPLATED_IN_DECODED_WELL;DECODED_SAME_PLATE_ION_0p01;SAMPLE1_DRAW_GROUP
c1cc(-c2ccc3nc[nH]c3c2)nc(Nc2ccc(CN3CCNCC3)cn2)n1,True,3,COPLATED_IN_DECODED_WELL;DECODED_SAME_PLATE_ION_0p01
c1cc(-c2ccc3nc[nH]c3c2)ncn1,True,1,SAMPLE1_DRAW_GROUP
c1cc(-c2ccsc2)ncn1,True,1,SAMPLE1_DRAW_GROUP
c1cc(-c2cn(C3CCCCC3)c3nc(NCCC4CC4)ncc23)ccc1CN1CCNCC1,True,1,COPLATED_IN_DECODED_WELL;SAMPLE1_DRAW_GROUP
c1cc(-c2cn[nH]c2)ccc1Nc1nn(C2CCOC2)c2c1CNCC2,True,1,DECODED_SAME_PLATE_ION_0p01
c1cc(-c2cnc(C3CCCN3)[nH]2)ccc1-c1ccc(-c2cnc(C3CCCN3)[nH]2)cc1,True,1,COPLATED_IN_DECODED_WELL
c1cc(-c2cncs2)ccn1,True,1,COPLATED_IN_DECODED_WELL;DECODED_SAME_PLATE_ION_0p01;DECODED_SAME_WELL_ION_0p7
c1cc(-c2cncs2)nc(Nc2ccc(N3CCOCC3)cc2)n1,True,1,COPLATED_IN_DECODED_WELL;DECODED_SAME_PLATE_ION_0p01
c1cc(-c2cnn3cc(-c4ccc(OCCN5CCCCC5)cc4)cnc23)ccn1,True,1,DECODED_SAME_PLATE_ION_0p01
c1cc(-c2csc(NCC3CCOCC3)n2)cc(NC2CCCCC2)n1,True,1,COPLATED_IN_DECODED_WELL;DECODED_SAME_PLATE_ION_0p01
c1cc(-c2n[nH]c(-c3ccncc3)n2)ccn1,True,1,DECODED_SAME_PLATE_ION_0p01
c1cc(-c2nc(C3CC3)cc(N3CCOCC3)n2)c2cc[nH]c2c1,True,1,DECODED_SAME_PLATE_ION_0p01
c1cc(-c2nc(C3CC3)cc(N3CCOCC3)n2)c2cc[nH]c2n1,True,1,COPLATED_IN_DECODED_WELL;DECODED_SAME_PLATE_ION_0p01;DECODED_SAME_WELL_ION_0p7
c1cc(-c2nc(C3CCCCC3)no2)n[nH]1,True,1,SAMPLE1_DRAW_GROUP
c1cc(-c2nc(C3CCNCC3)no2)[nH]n1,True,1,DECODED_SAME_PLATE_ION_0p01
c1cc(-c2nc(N3CCOCC3)c3sc(CN4CCNCC4)cc3n2)c2cn[nH]c2c1,True,2,COPLATED_IN_DECODED_WELL
c1cc(-c2nc3ccc(-c4ccc5nc(-c6ccncc6)[nH]c5c4)cc3[nH]2)ccn1,True,1,DECODED_SAME_PLATE_ION_0p01
c1cc(-c2nn3c(CN4CCOCC4)nnc3s2)no1,True,1,SAMPLE1_DRAW_GROUP
c1cc(C2CC2)[nH]n1,True,9,DECODED_SAME_PLATE_ION_0p01
c1cc(C2CC2)n[nH]1,True,6,DECODED_SAME_PLATE_ION_0p01
c1cc(C2CCC2)ccn1,True,1,DECODED_SAME_PLATE_ION_0p01
c1cc(C2CCCCC2)[nH]n1,True,1,DECODED_SAME_PLATE_ION_0p01
c1cc(C2CCCN2)on1,True,1,DECODED_SAME_PLATE_ION_0p01
c1cc(C2CCCO2)[nH]n1,True,2,COPLATED_IN_DECODED_WELL
c1cc(C2CCOCC2)n[nH]1,True,2,DECODED_SAME_PLATE_ION_0p01
c1cc(C2NCCc3c2ccc2[nH]ncc32)ncc1NC1CNC1,True,1,COPLATED_IN_DECODED_WELL
c1cc(C2OCC3C(c4ccc(OC5CCCCO5)cc4)OCC23)ccc1OC1CCCCO1,True,3,COPLATED_IN_DECODED_WELL;DECODED_SAME_WELL_ION_0p7
c1cc(CC2CCCCC2)ccn1,True,1,SAMPLE1_DRAW_GROUP
c1cc(CC2NCCc3ccccc32)cc(Oc2ccc(CC3NCCc4ccccc43)cc2)c1,True,2,COPLATED_IN_DECODED_WELL
c1cc(CCC2CCCC3C2CCCC32CO2)co1,True,1,SAMPLE1_DRAW_GROUP
c1cc(CCCCNc2cccc3ncccc23)c2c(c1)CCO2,True,1,DECODED_SAME_PLATE_ION_0p01
c1cc(CN2CCCCC2)on1,True,1,DECODED_SAME_PLATE_ION_0p01;SAMPLE1_DRAW_GROUP
c1cc(CN2CCCNCCNCCCNCC2)ccc1CN1CCCNCCNCCCNCC1,True,1,COPLATED_IN_DECODED_WELL
c1cc(CN2CCNCC2)cc(Nc2c3ccccc3nc3ccccc23)c1,True,1,COPLATED_IN_DECODED_WELL;DECODED_SAME_PLATE_ION_0p01
c1cc(CNC2CCC(Cn3cccn3)C2)c2[nH]ncc2c1,True,1,SAMPLE1_DRAW_GROUP
c1cc(CNc2nc(Nc3cc(C4CC4)[nH]n3)cc(N3CCNCC3)n2)on1,True,1,DECODED_SAME_PLATE_ION_0p01
c1cc(COC2CCOC2)nc(Cn2nnc3c(-c4ccco4)ncnc32)c1,False,0,COPLATED_IN_DECODED_WELL;DECODED_SAME_PLATE_ION_0p01;DECODED_SAME_WELL_ION_0p7
c1cc(Cc2cc3ccccc3s2)cc(C2CCCCO2)c1,True,1,DECODED_SAME_PLATE_ION_0p01
c1cc(Cn2ccnn2)ccn1,True,1,DECODED_SAME_PLATE_ION_0p01
c1cc(N(CC2CO2)CC2CO2)ccc1Cc1ccc(N(CC2CO2)CC2CO2)cc1,False,0,EXPOSED_POPULATION:V2-DEVELOPMENT-POPULATION;EXPOSED_POPULATION:WUR-POS-IDENTITY;EXPOSED_POPULATION:WUR-SEALED
c1cc(N(CC2CO2)CC2CO2)ccc1OCC1CO1,False,0,EXPOSED_POPULATION:V2-DEVELOPMENT-POPULATION;EXPOSED_POPULATION:WUR-POS-IDENTITY;EXPOSED_POPULATION:WUR-SEALED
c1cc(N2CCC(N3CCNCC3)CC2)ccc1Nc1cncc(NC2CCOCC2)n1,True,1,COPLATED_IN_DECODED_WELL
c1cc(N2CCCC2)nc(N2CCCC2)c1,True,1,COPLATED_IN_DECODED_WELL;DECODED_SAME_PLATE_ION_0p01
c1cc(N2CCCCC2)c2cc[nH]c2c1,True,1,DECODED_SAME_PLATE_ION_0p01
c1cc(N2CCCCC2)ncn1,True,9,SAMPLE1_DRAW_GROUP
c1cc(N2CCCNCC2)ncn1,True,1,SAMPLE1_DRAW_GROUP
c1cc(N2CCN(Cc3ccon3)CC2)c2[nH]c(-c3ccc(N4CCNCC4)cc3)nc2n1,True,1,COPLATED_IN_DECODED_WELL
c1cc(N2CCN(Cc3cnoc3)CC2)nc(C2CC2)n1,True,1,SAMPLE1_DRAW_GROUP
c1cc(N2CCN(c3ccc4nncn4n3)CC2)ncn1,True,1,SAMPLE1_DRAW_GROUP
c1cc(N2CCN(c3ccnc(C4CC4)n3)CC2)ncn1,True,4,COPLATED_IN_DECODED_WELL
c1cc(N2CCN(c3ncncn3)CC2)ncn1,False,0,EXPOSED_POPULATION:ENTACT-MIX-LISTS-499-503-505;EXPOSED_POPULATION:LCSB-ALL-MASSBANK-V1-EXPOSURE-SET;EXPOSED_POPULATION:LCSB-CONFIRMATION
c1cc(N2CCNCC2)ccc1-c1cnc2[nH]c3cnc(-c4cn[nH]c4)nc3c2c1,False,0,COPLATED_IN_DECODED_WELL
c1cc(N2CCNCC2)ccc1Nc1ncc2c(n1)-c1[nH]ncc1CC2,True,1,DECODED_SAME_PLATE_ION_0p01
c1cc(N2CCNCC2)nc(NCC2CCC(CNCCCNC3CCCCC3)CC2)n1,True,1,COPLATED_IN_DECODED_WELL;SAMPLE1_DRAW_GROUP
c1cc(N2CCOCC2)ncn1,True,2,SAMPLE1_DRAW_GROUP
c1cc(N2CCSCC2)ncc1-c1noc(CNC2CCCCC2)n1,True,1,DECODED_SAME_PLATE_ION_0p01
c1cc(NC2=NCCCCC2)cs1,True,1,SAMPLE1_DRAW_GROUP
c1cc(NC2=NCCN2)c2nsnc2c1,True,1,COPLATED_IN_DECODED_WELL
c1cc(NC2C3CC4CC(C3)CC2C4)c2cc[nH]c2n1,True,1,COPLATED_IN_DECODED_WELL;DECODED_SAME_PLATE_ION_0p01;DECODED_SAME_WELL_ION_0p7
c1cc(NC2CC2)nc(Nc2ccc(N3CCNCC3)cc2)n1,True,1,DECODED_SAME_PLATE_ION_0p01
c1cc(NC2CCC2)nc(Nc2ccc3c(c2)C2CCC3N2)n1,True,1,DECODED_SAME_PLATE_ION_0p01
c1cc(NC2CCC3OCOC23)ncn1,True,1,DECODED_SAME_PLATE_ION_0p01
c1cc(NC2CCCO2)ncn1,True,1,DECODED_SAME_PLATE_ION_0p01
c1cc(NC2CCN(C3CCOCC3)C2)nc(C2CC2)n1,True,1,SAMPLE1_DRAW_GROUP
c1cc(NC2CCNCC2)nc(-c2cnc3ccccn23)c1,True,1,DECODED_SAME_PLATE_ION_0p01
c1cc(NCC2(N3CCCCC3)CCOCC2)ncn1,True,1,SAMPLE1_DRAW_GROUP
c1cc(Nc2ccc(Oc3ccnc4[nH]ccc34)cc2)ncn1,True,1,SAMPLE1_DRAW_GROUP
c1cc(Nc2ccc3[nH]ccc3c2)nc(Nc2ccc3[nH]ccc3c2)n1,True,1,DECODED_SAME_PLATE_ION_0p01;SAMPLE1_DRAW_GROUP
c1cc(Nc2ccnc(NC3CCCCC3)n2)cc(-n2nccn2)c1,True,1,DECODED_SAME_PLATE_ION_0p01;SAMPLE1_DRAW_GROUP
c1cc(Nc2ccnc(Nc3cc(N4CCOCC4)cc(N4CCOCC4)c3)n2)c2cn[nH]c2c1,True,1,SAMPLE1_DRAW_GROUP
c1cc(Nc2nc(NC3CCCCC3)nc3c2ncn3C2CCCC2)ccc1CN1CCOCC1,False,0,COPLATED_IN_DECODED_WELL
c1cc(Nc2ncc3c(n2)-c2[nH]ncc2CC3)cc(N2CCNCC2)c1,True,1,DECODED_SAME_PLATE_ION_0p01
c1cc(Nc2ncc3ccn(C4CCCC4)c3n2)ncc1N1CCNCC1,True,1,COPLATED_IN_DECODED_WELL;DECODED_SAME_PLATE_ION_0p01
c1cc(Nc2nccc(-c3cncnc3CC3CC3)n2)ccn1,True,2,COPLATED_IN_DECODED_WELL;DECODED_SAME_PLATE_ION_0p01
c1cc(OC2CCCC2)cc(C2CCCCC2)c1,True,1,DECODED_SAME_PLATE_ION_0p01
c1cc(OC2CCCCC2)c2nc(Nc3ccc4nc[nH]c4c3)ncc2c1,True,1,DECODED_SAME_PLATE_ION_0p01
c1cc(OC2CCCCO2)cc(-c2cc3cc4c(cc3o2)OCCC4)c1,True,1,COPLATED_IN_DECODED_WELL
c1cc(OC2CCOC2)c2c(OCC3CCN(CC4CCOCC4)CC3)noc2c1,True,1,COPLATED_IN_DECODED_WELL;DECODED_SAME_PLATE_ION_0p01;DECODED_SAME_WELL_ION_0p7
c1cc(OCC2CCN(Cc3ncno3)CC2)ccn1,True,1,SAMPLE1_DRAW_GROUP
c1cc(OCC2CO2)cc(N(CC2CO2)CC2CO2)c1,False,0,EXPOSED_POPULATION:V2-DEVELOPMENT-POPULATION;EXPOSED_POPULATION:WUR-POS-IDENTITY;EXPOSED_POPULATION:WUR-SEALED
c1cc(OCCCN2CCCCC2)ccc1CN1CCCCC1,True,1,DECODED_SAME_PLATE_ION_0p01
c1cc(OCCN2CCCCC2)cc(-c2n[nH]c3ccc(-c4ncn[nH]4)cc23)c1,False,0,DECODED_SAME_PLATE_ION_0p01
c1cc(Sc2cnc(N3CCC4(CCOC4)CC3)cn2)ccn1,True,1,COPLATED_IN_DECODED_WELL;SAMPLE1_DRAW_GROUP
c1cc(Sc2nncs2)nc(Sc2nncs2)n1,True,1,SAMPLE1_DRAW_GROUP
c1cc2[nH]c(-c3cnon3)nc2cn1,True,1,DECODED_SAME_PLATE_ION_0p01
c1cc2c(-c3cnn(C4CCC4)c3)nc(-c3cn[nH]c3)cn2n1,True,1,DECODED_SAME_PLATE_ION_0p01
c1cc2c(NC3CCN(C4CCCCC4)CC3)nc(N3CCCNCC3)nc2cc1OCCCN1CCCCC1,True,1,COPLATED_IN_DECODED_WELL
c1cc2c(OCC3CCNC3)nc(Nc3cn[nH]c3)nc2[nH]1,True,1,DECODED_SAME_PLATE_ION_0p01;SAMPLE1_DRAW_GROUP
c1cc2c(Oc3ccc4[nH]ccc4c3)ncnn2c1,True,1,COPLATED_IN_DECODED_WELL;DECODED_SAME_PLATE_ION_0p01;DECODED_SAME_WELL_ION_0p7
c1cc2c(c(-c3cc[nH]c3)c1)OCO2,False,0,EXPOSED_POPULATION:LCSB-ALL-MASSBANK-V1-EXPOSURE-SET;EXPOSED_POPULATION:LCSB-NEG;EXPOSED_POPULATION:WUR-NEG-DEV
c1cc2c(c(-c3cccc4c3OCO4)c1)OCO2,True,2,COPLATED_IN_DECODED_WELL
c1cc2c(c(C3CC3)c1)CCO2,True,1,COPLATED_IN_DECODED_WELL;DECODED_SAME_PLATE_ION_0p01
c1cc2c(c3c1CCC3)CCO2,True,1,COPLATED_IN_DECODED_WELL;DECODED_SAME_PLATE_ION_0p01
c1cc2c(c3c1OCO3)CNc1c-2ccc2cc3c(cc12)OCO3,True,3,COPLATED_IN_DECODED_WELL;DECODED_SAME_PLATE_ION_0p01;DECODED_SAME_WELL_ION_0p7
c1cc2c(c[nH+]c3c4cc5c(cc4ccc23)OCO5)c2c1OCO2,False,0,DECODED_SAME_PLATE_ION_0p01
c1cc2c(cc1-c1ccc3nc(C4NC5CCC4C5)[nH]c3c1)Cc1cc(-c3cnc(C4CC5(CC5)CN4)[nH]3)ccc1-2,True,1,COPLATED_IN_DECODED_WELL
c1cc2c(cc1C1CCC(c3ccc4c(c3)OCO4)O1)OCO2,True,1,COPLATED_IN_DECODED_WELL;DECODED_SAME_PLATE_ION_0p01
c1cc2c(cc1C1OCC3C(c4ccc5c(c4)OCO5)OCC13)OCO2,True,2,COPLATED_IN_DECODED_WELL;DECODED_SAME_PLATE_ION_0p01;DECODED_SAME_WELL_ION_0p7
c1cc2c(cc1CCCN1CCCC1)OCCO2,True,2,COPLATED_IN_DECODED_WELL;DECODED_SAME_PLATE_ION_0p01;DECODED_SAME_WELL_ION_0p7
c1cc2c(cc1Cc1cnc(N3CCOCC3)nc1)OCO2,True,1,COPLATED_IN_DECODED_WELL
c1cc2c(cc1OC1CCCC1)CCC1C2CCC2CCCC21,True,1,COPLATED_IN_DECODED_WELL
c1cc2c(cc1OC1CCCCO1)OCC1c3cc4c(cc3OC21)OCO4,True,2,SAMPLE1_DRAW_GROUP
c1cc2c(cc1OC1CCCCO1)OCO2,True,1,DECODED_SAME_PLATE_ION_0p01
c1cc2c(cc1OC1OCC3C(c4ccc5c(c4)OCO5)OCC13)OCO2,True,1,COPLATED_IN_DECODED_WELL;DECODED_SAME_PLATE_ION_0p01
c1cc2c(cn1)CCCC2,True,2,DECODED_SAME_PLATE_ION_0p01;SAMPLE1_DRAW_GROUP
c1cc2c(cn1)ncn2C1CCCO1,True,1,DECODED_SAME_PLATE_ION_0p01;SAMPLE1_DRAW_GROUP
c1cc2c(o1)CC1OC1CCC1OC1C2,True,1,COPLATED_IN_DECODED_WELL
c1cc2c(o1)CCCC2,True,2,DECODED_SAME_PLATE_ION_0p01
c1cc2c(s1)CCNC2,True,5,SAMPLE1_DRAW_GROUP
c1cc2c(s1)CCOC2,True,2,DECODED_SAME_PLATE_ION_0p01
c1cc2c(s1)CN(C1CC1)C2,True,1,SAMPLE1_DRAW_GROUP
c1cc2c(s1)CN(C1CCCCC1)C2,True,1,SAMPLE1_DRAW_GROUP
c1cc2c(s1)CNCC2,True,4,DECODED_SAME_PLATE_ION_0p01
c1cc2c3c(c1)COc1cccc(c1-3)CC2,True,1,SAMPLE1_DRAW_GROUP
c1cc2c3c(c1)OC1CCCCC31CCNC2,True,1,COPLATED_IN_DECODED_WELL;DECODED_SAME_PLATE_ION_0p01;DECODED_SAME_WELL_ION_0p7
c1cc2c3c(c1)OC1c4[nH]c5ccccc5c4CC4C(C2)N(CC2CC2)CCC314,True,1,DECODED_SAME_PLATE_ION_0p01
c1cc2c3c(c[nH]c3c1)CC1NCCCC21,False,0,COPLATED_IN_DECODED_WELL;DECODED_SAME_PLATE_ION_0p01;DECODED_SAME_WELL_ION_0p7;EXPOSED_POPULATION:V2-DEVELOPMENT-POPULATION;EXPOSED_POPULATION:WUR-DEV-HOLD;EXPOSED_POPULATION:WUR-POS-IDENTITY
c1cc2c3c(c[nH]c3c1)CCC2,False,0,EXPOSED_POPULATION:V2-DEVELOPMENT-POPULATION;EXPOSED_POPULATION:WUR-POS-IDENTITY;EXPOSED_POPULATION:WUR-SEALED
c1cc2c3c(cccc3c1)NCN2,False,0,EXPOSED_POPULATION:V2-DEVELOPMENT-POPULATION;EXPOSED_POPULATION:WUR-POS-IDENTITY;EXPOSED_POPULATION:WUR-SEALED
c1cc2cc(-c3c[nH]c4ncc(-c5ccc(CN6CCNCC6)cc5)cc34)ccc2[nH]1,True,1,DECODED_SAME_PLATE_ION_0p01
c1cc2cc(CCOCCCN3CCC3)ccc2s1,True,1,COPLATED_IN_DECODED_WELL
c1cc2cc(c1)Cc1cccc(c1)Cc1cccc(c1)Cc1cccc(c1)C2,True,1,COPLATED_IN_DECODED_WELL
c1cc2cc(c1)OC1CCCC(CCC3CCCC(O2)O3)O1,True,1,COPLATED_IN_DECODED_WELL
c1cc2cc(c1)Oc1ccc(cc1)CC1NCCc3ccc(cc31)Oc1cccc3c1C(C2)NCC3,True,4,COPLATED_IN_DECODED_WELL
c1cc2cc3c(nc2s1)CCCC3,True,1,SAMPLE1_DRAW_GROUP
c1cc2ccc(-c3cn[nH]c3)cc2cn1,True,1,COPLATED_IN_DECODED_WELL
c1cc2ccc(N3CCCCC3)nc2s1,True,1,DECODED_SAME_PLATE_ION_0p01
c1cc2ccc3cccc4ccc(c1)c2c34,True,1,DECODED_SAME_PLATE_ION_0p01;EXPOSED_POPULATION:LCSB-ALL-MASSBANK-V1-EXPOSURE-SET;EXPOSED_POPULATION:LCSB-NEG
c1cc2cnn(C3CCCCC3)c2cc1C1CCCCC1,False,0,EXPOSED_POPULATION:LCSB-ALL-MASSBANK-V1-EXPOSURE-SET;EXPOSED_POPULATION:LCSB-DEV;EXPOSED_POPULATION:LCSB-NEG;EXPOSED_POPULATION:LCSB-POS-V2-SPECTRA;EXPOSED_POPULATION:V2-DEVELOPMENT-POPULATION
c1cc2nncn2nc1N1CC2CNCC2C1,True,1,SAMPLE1_DRAW_GROUP
c1cc2nnnn2nc1N1CCCCC1,True,2,SAMPLE1_DRAW_GROUP
c1cc2oncc2cc1-c1nc2ccc(N3CCOCC3)cc2n1CC1CCCCC1,True,1,DECODED_SAME_PLATE_ION_0p01
c1cc2sccc2o1,True,1,DECODED_SAME_PLATE_ION_0p01
c1cc2sccn2n1,True,1,DECODED_SAME_PLATE_ION_0p01
c1cc[n+]2c(c1)-c1cccc[n+]1CC2,False,0,EXPOSED_POPULATION:V2-DEVELOPMENT-POPULATION;EXPOSED_POPULATION:WUR-POS-IDENTITY;EXPOSED_POPULATION:WUR-SEALED
c1cc[nH+]cc1,True,1,COPLATED_IN_DECODED_WELL;DECODED_SAME_PLATE_ION_0p01;DECODED_SAME_WELL_ION_0p7;EXPOSED_POPULATION:ENTACT-MIX-LISTS-499-503-505
c1cc[nH]c1,True,29,COPLATED_IN_DECODED_WELL
c1ccc(-c2[nH+]c3ccccc3s2)cc1,False,0,COPLATED_IN_DECODED_WELL
c1ccc(-c2[nH]c(C34CCC(CC3)CC4)nc2-c2ccc3c(c2)OCO3)nc1,True,1,DECODED_SAME_PLATE_ION_0p01
c1ccc(-c2[nH]c(C3CCNCC3)cc2-c2ccncc2)cc1,True,1,DECODED_SAME_PLATE_ION_0p01
c1ccc(-c2[nH]cnc2-c2ccc3nccnc3c2)nc1,True,1,COPLATED_IN_DECODED_WELL;DECODED_SAME_PLATE_ION_0p01;DECODED_SAME_WELL_ION_0p7;SAMPLE1_DRAW_GROUP
c1ccc(-c2[nH]nc3nc(N4CCCCC4)cnc23)cc1,True,1,COPLATED_IN_DECODED_WELL
c1ccc(-c2[nH]nc3ncncc23)cc1,True,1,DECODED_SAME_PLATE_ION_0p01
c1ccc(-c2[nH]ncc2-c2ccc3ncccc3n2)nc1,True,1,DECODED_SAME_PLATE_ION_0p01
c1ccc(-c2[nH]ncc2-c2ccnc3ccccc23)nc1,True,2,DECODED_SAME_PLATE_ION_0p01
c1ccc(-c2[nH]ncc2-c2n[nH]c3ncnc(N4CCC4)c23)cc1,True,1,DECODED_SAME_PLATE_ION_0p01
c1ccc(-c2[nH]ncc2-c2ncn3ncnc(N4CCC4)c23)nc1,True,1,DECODED_SAME_PLATE_ION_0p01
c1ccc(-c2[o+]c3ccccc3cc2OC2CCCCO2)cc1,False,0,COPLATED_IN_DECODED_WELL
c1ccc(-c2c(-c3cn[nH]c3)ncn2CCc2cn[nH]c2)cc1,True,1,DECODED_SAME_PLATE_ION_0p01
c1ccc(-c2c3ccccc3[o+]c3ccccc23)cc1,False,0,EXPOSED_POPULATION:ENTACT-MIX-LISTS-499-503-505
c1ccc(-c2c[nH]c3ccccc23)cc1,True,1,COPLATED_IN_DECODED_WELL;DECODED_SAME_PLATE_ION_0p01
c1ccc(-c2c[nH]c3nccc(-c4ccsc4)c23)cc1,True,1,DECODED_SAME_PLATE_ION_0p01
c1ccc(-c2c[nH]c3ncnc(N4CCOCC4)c23)cc1,False,0,COPLATED_IN_DECODED_WELL;DECODED_SAME_PLATE_ION_0p01;DECODED_SAME_WELL_ION_0p7
c1ccc(-c2c[nH]c3ncncc23)cc1,True,2,DECODED_SAME_PLATE_ION_0p01
c1ccc(-c2c[nH]nc2-c2ccccc2)cc1,True,4,COPLATED_IN_DECODED_WELL;DECODED_SAME_PLATE_ION_0p01;DECODED_SAME_WELL_ION_0p7
c1ccc(-c2cc(-c3ccccc3)[nH+][nH]2)cc1,False,0,EXPOSED_POPULATION:V2-DEVELOPMENT-POPULATION;EXPOSED_POPULATION:WUR-DEV-ANALYSIS;EXPOSED_POPULATION:WUR-POS-IDENTITY
c1ccc(-c2cc(-c3ccccc3)nc(-c3ccco3)c2)cc1,True,1,COPLATED_IN_DECODED_WELL
c1ccc(-c2cc(-c3ccco3)cc(NC3CCNCC3)n2)cc1,True,1,DECODED_SAME_PLATE_ION_0p01
c1ccc(-c2cc(-c3cccs3)nc3sccc23)cc1,True,1,COPLATED_IN_DECODED_WELL
c1ccc(-c2cc(-c3cn(Cc4ccccn4)nn3)ncn2)cc1,True,1,COPLATED_IN_DECODED_WELL;DECODED_SAME_PLATE_ION_0p01;DECODED_SAME_WELL_ION_0p7
c1ccc(-c2cc(C3CC3)nc3ccccc23)cc1,True,1,COPLATED_IN_DECODED_WELL;DECODED_SAME_PLATE_ION_0p01;DECODED_SAME_WELL_ION_0p7
c1ccc(-c2cc(C3CCOCC3)nn2-c2ccccc2)cc1,True,1,DECODED_SAME_PLATE_ION_0p01
c1ccc(-c2cc(CC3CCCCN3)c3ccccc3n2)cc1,True,1,COPLATED_IN_DECODED_WELL
c1ccc(-c2cc(CCC3CCNCC3)c3ccccc3n2)cc1,True,1,DECODED_SAME_PLATE_ION_0p01;SAMPLE1_DRAW_GROUP
c1ccc(-c2cc(CN3CCNCC3)cn2-c2ccccc2)cc1,True,1,DECODED_SAME_PLATE_ION_0p01
c1ccc(-c2cc(CN3CCOCC3)cn2-c2ccccc2)cc1,True,1,COPLATED_IN_DECODED_WELL;DECODED_SAME_PLATE_ION_0p01
c1ccc(-c2cc(N3CCCC3)cc3c2CSCC3)cc1,True,1,DECODED_SAME_PLATE_ION_0p01
c1ccc(-c2cc(N3CCNCC3)nc3c2CCCCCC3)cc1,True,1,COPLATED_IN_DECODED_WELL;DECODED_SAME_PLATE_ION_0p01;DECODED_SAME_WELL_ION_0p7
c1ccc(-c2cc(N3CCNCC3)ncn2)cc1,True,1,SAMPLE1_DRAW_GROUP
c1ccc(-c2cc(NC3CC3)ncn2)cc1,True,1,DECODED_SAME_PLATE_ION_0p01
c1ccc(-c2cc(NCc3ccc4c(c3)OCO4)ncn2)cc1,True,1,DECODED_SAME_PLATE_ION_0p01
c1ccc(-c2cc(Nc3ccnc(N4CCOCC4)n3)on2)cc1,False,0,COPLATED_IN_DECODED_WELL;DECODED_SAME_PLATE_ION_0p01;DECODED_SAME_WELL_ION_0p7
c1ccc(-c2cc(Nc3cnccn3)n[nH]2)cc1,True,1,COPLATED_IN_DECODED_WELL;DECODED_SAME_PLATE_ION_0p01;DECODED_SAME_WELL_ION_0p7
c1ccc(-c2cc(OCc3ccccc3-n3cccn3)ncn2)cc1,True,2,COPLATED_IN_DECODED_WELL;DECODED_SAME_PLATE_ION_0p01;SAMPLE1_DRAW_GROUP
c1ccc(-c2cc(SCCN3CCOCC3)n3ncnc3n2)cc1,True,1,SAMPLE1_DRAW_GROUP
c1ccc(-c2cc3c(-c4c[nH]nc4-c4ccccc4)ccnc3[nH]2)cc1,False,0,COPLATED_IN_DECODED_WELL;DECODED_SAME_WELL_ION_0p7
c1ccc(-c2cc3c(-c4ccccc4)ccnc3[nH]2)cc1,True,1,COPLATED_IN_DECODED_WELL
c1ccc(-c2cc3c(N4CCN(C5CCCCC5)CC4)nccn3n2)cc1,True,1,SAMPLE1_DRAW_GROUP
c1ccc(-c2cc3c(N4CCN(c5ccccc5)CC4)nccn3n2)cc1,True,1,SAMPLE1_DRAW_GROUP
c1ccc(-c2cc3c(c(OCC4CCCNC4)c2)OCCNC3)cc1,True,1,DECODED_SAME_PLATE_ION_0p01
c1ccc(-c2cc3ccccc3[nH]2)cc1,True,4,DECODED_SAME_PLATE_ION_0p01
c1ccc(-c2cc3ccccc3cn2)cc1,True,2,DECODED_SAME_PLATE_ION_0p01
c1ccc(-c2cc3ccccc3n2Cc2ccc(OCCN3CCCCCC3)cc2)cc1,True,1,COPLATED_IN_DECODED_WELL;DECODED_SAME_PLATE_ION_0p01;DECODED_SAME_WELL_ION_0p7
c1ccc(-c2cc3ccccc3o2)cc1,True,7,COPLATED_IN_DECODED_WELL;DECODED_SAME_PLATE_ION_0p01
c1ccc(-c2cc3n(n2)CCCNC3)cc1,True,2,SAMPLE1_DRAW_GROUP
c1ccc(-c2cc3n(n2)Cc2ccccc2OC3)cc1,True,1,DECODED_SAME_PLATE_ION_0p01
c1ccc(-c2cc3nc(-c4ccco4)ccn3n2)cc1,True,1,SAMPLE1_DRAW_GROUP
c1ccc(-c2cc3nccn3c(Nc3ccccn3)n2)cc1,True,1,DECODED_SAME_PLATE_ION_0p01
c1ccc(-c2cc[nH]c2)cc1,False,0,COPLATED_IN_DECODED_WELL;DECODED_SAME_PLATE_ION_0p01;DECODED_SAME_WELL_ION_0p7;EXPOSED_POPULATION:V2-DEVELOPMENT-POPULATION;EXPOSED_POPULATION:WUR-DEV-HOLD;EXPOSED_POPULATION:WUR-POS-IDENTITY
c1ccc(-c2cc[nH]n2)cc1,False,0,EXPOSED_POPULATION:ENTACT-MIX-LISTS-499-503-505;EXPOSED_POPULATION:LCSB-ALL-MASSBANK-V1-EXPOSURE-SET;EXPOSED_POPULATION:LCSB-CONFIRMATION;EXPOSED_POPULATION:V2-DEVELOPMENT-POPULATION;EXPOSED_POPULATION:WUR-POS-IDENTITY;EXPOSED_POPULATION:WUR-SEALED
c1ccc(-c2ccc(-c3ccc4[nH]c(OC5COC6CCOC65)nc4n3)cc2)cc1,True,1,COPLATED_IN_DECODED_WELL;SAMPLE1_DRAW_GROUP
c1ccc(-c2ccc(-c3ccccc3)o2)cc1,True,3,COPLATED_IN_DECODED_WELL;DECODED_SAME_PLATE_ION_0p01
c1ccc(-c2ccc(-c3ccn(-c4ccc(N5CCNCC5)cc4)n3)cc2)cc1,True,1,DECODED_SAME_PLATE_ION_0p01
c1ccc(-c2ccc(-c3cscn3)cc2)cc1,True,1,DECODED_SAME_PLATE_ION_0p01
c1ccc(-c2ccc(C(c3ccccc3)n3ccnc3)cc2)cc1,True,1,DECODED_SAME_PLATE_ION_0p01
c1ccc(-c2ccc(CC(Cn3cnnn3)c3ccccc3)nc2)cc1,True,1,COPLATED_IN_DECODED_WELL
c1ccc(-c2ccc(CN3CCN(Cc4ccncc4)CC3)cc2)cc1,False,0,COPLATED_IN_DECODED_WELL;DECODED_SAME_PLATE_ION_0p01;DECODED_SAME_WELL_ION_0p7
c1ccc(-c2ccc(CNCc3ccccn3)o2)cc1,True,2,DECODED_SAME_PLATE_ION_0p01
c1ccc(-c2ccc(Cc3cccc(C4CCCCO4)c3)s2)cc1,True,4,COPLATED_IN_DECODED_WELL
c1ccc(-c2ccc(Cc3nn[nH]n3)cc2)cc1,True,1,DECODED_SAME_PLATE_ION_0p01
c1ccc(-c2ccc(Cc3nnn[nH]3)cc2)cc1,True,1,DECODED_SAME_PLATE_ION_0p01
c1ccc(-c2ccc(Cn3cnc4ccc(-c5nc6ccccc6[nH]5)cc43)cc2)cc1,True,1,COPLATED_IN_DECODED_WELL;SAMPLE1_DRAW_GROUP
c1ccc(-c2ccc(Cn3cnc4ccccc43)cc2)cc1,True,1,SAMPLE1_DRAW_GROUP
c1ccc(-c2ccc(N3CC(NCc4nnco4)C3)nn2)cc1,True,1,SAMPLE1_DRAW_GROUP
c1ccc(-c2ccc(N3CCNCC3)nn2)cc1,True,1,SAMPLE1_DRAW_GROUP
c1ccc(-c2ccc(N3CCOCC3)nn2)cc1,True,1,SAMPLE1_DRAW_GROUP
c1ccc(-c2ccc(N=c3ccc4ccccc4o3)cc2)cc1,True,1,DECODED_SAME_PLATE_ION_0p01
c1ccc(-c2ccc(NC3CCCCC3)cc2)cc1,True,1,DECODED_SAME_PLATE_ION_0p01
c1ccc(-c2ccc(NCCN3CCOCC3)nn2)cc1,True,1,DECODED_SAME_PLATE_ION_0p01
c1ccc(-c2ccc(Nc3ccccn3)cc2)cc1,True,1,DECODED_SAME_PLATE_ION_0p01
c1ccc(-c2ccc(OC3CCCCO3)cc2)cc1,True,1,DECODED_SAME_PLATE_ION_0p01
c1ccc(-c2ccc3[nH]c4c(c3c2)CCCC4)cc1,False,0,DECODED_SAME_PLATE_ION_0p01
c1ccc(-c2ccc3c(N4CCNCC4)ncnc3c2)cc1,True,2,DECODED_SAME_PLATE_ION_0p01
c1ccc(-c2ccc3c(N4CCOCC4)nc(N4CCOCC4)nc3n2)cc1,True,2,COPLATED_IN_DECODED_WELL;DECODED_SAME_PLATE_ION_0p01
c1ccc(-c2ccc3c(c2)CCCC3)cc1,True,1,DECODED_SAME_PLATE_ION_0p01
c1ccc(-c2ccc3c(c2)OCO3)cc1,True,2,DECODED_SAME_PLATE_ION_0p01;SAMPLE1_DRAW_GROUP
c1ccc(-c2ccc3ccccc3[o+]2)cc1,False,0,COPLATED_IN_DECODED_WELL
c1ccc(-c2ccc3ccccc3n2)cc1,False,0,COPLATED_IN_DECODED_WELL;DECODED_SAME_PLATE_ION_0p01;DECODED_SAME_WELL_ION_0p7;EXPOSED_POPULATION:ENTACT-MIX-LISTS-499-503-505;EXPOSED_POPULATION:LCSB-ALL-MASSBANK-V1-EXPOSURE-SET;EXPOSED_POPULATION:LCSB-DEV;EXPOSED_POPULATION:LCSB-NEG;EXPOSED_POPULATION:LCSB-POS-V2-SPECTRA;EXPOSED_POPULATION:V2-DEVELOPMENT-POPULATION;MSNLIB_ANCHOR_CENSUS_DESIGN;MSNLIB_ANCHOR_CENSUS_DETECTED;MSNLIB_ANCHOR_GATE_CALIBRATION
c1ccc(-c2ccc3nc(-c4cccnc4)n(-c4ccc(C5CCC5)cc4)c3n2)cc1,False,0,DECODED_SAME_PLATE_ION_0p01
c1ccc(-c2ccc3ncccc3c2)cc1,True,2,DECODED_SAME_PLATE_ION_0p01
c1ccc(-c2ccc3nccn3n2)cc1,True,1,SAMPLE1_DRAW_GROUP
c1ccc(-c2ccc3nccnc3c2)cc1,True,1,DECODED_SAME_PLATE_ION_0p01
c1ccc(-c2ccc3nnc(COc4ccnc5ccccc45)n3n2)cc1,True,1,COPLATED_IN_DECODED_WELL;DECODED_SAME_PLATE_ION_0p01
c1ccc(-c2ccc[nH]2)cc1,False,0,COPLATED_IN_DECODED_WELL;EXPOSED_POPULATION:V2-DEVELOPMENT-POPULATION;EXPOSED_POPULATION:WUR-DEV-HOLD;EXPOSED_POPULATION:WUR-POS-IDENTITY;MSNLIB_ANCHOR_CENSUS_DESIGN
c1ccc(-c2cccc(-c3ccc(N4CCCC4)cc3)c2)cc1,True,1,COPLATED_IN_DECODED_WELL;DECODED_SAME_PLATE_ION_0p01;DECODED_SAME_WELL_ION_0p7
c1ccc(-c2cccc(-c3cnc4nccnn34)c2)cc1,False,0,EXPOSED_POPULATION:ENTACT-MIX-LISTS-499-503-505;EXPOSED_POPULATION:LCSB-ALL-MASSBANK-V1-EXPOSURE-SET;EXPOSED_POPULATION:LCSB-CONFIRMATION
c1ccc(-c2cccc(-c3nc[nH]n3)c2)cc1,False,0,EXPOSED_POPULATION:ENTACT-MIX-LISTS-499-503-505;EXPOSED_POPULATION:LCSB-ALL-MASSBANK-V1-EXPOSURE-SET;EXPOSED_POPULATION:LCSB-CONFIRMATION;EXPOSED_POPULATION:LCSB-NEG;EXPOSED_POPULATION:LCSB-RAW-MIX-REPLICATE-SET-92;EXPOSED_POPULATION:LCSB-RAW-MIXES-499-503-505
c1ccc(-c2cccc(-n3cnc4ccccc43)c2)cc1,False,0,DECODED_SAME_PLATE_ION_0p01
c1ccc(-c2cccc(C34CC5CC(CC(C5)C3)C4)c2)cc1,False,0,COPLATED_IN_DECODED_WELL;DECODED_SAME_PLATE_ION_0p01
c1ccc(-c2cccc(COc3ccccn3)c2)cc1,True,2,COPLATED_IN_DECODED_WELL
c1ccc(-c2cccc(Oc3ccccn3)c2)cc1,True,1,DECODED_SAME_PLATE_ION_0p01
c1ccc(-c2cccc(Oc3ccncn3)c2)cc1,True,1,COPLATED_IN_DECODED_WELL
c1ccc(-c2cccc3c2[nH]c2ccccc23)cc1,True,1,DECODED_SAME_PLATE_ION_0p01
c1ccc(-c2cccc3ccccc23)cc1,True,2,SAMPLE1_DRAW_GROUP
c1ccc(-c2ccccc2)cc1,False,0,COPLATED_IN_DECODED_WELL;DECODED_SAME_PLATE_ION_0p01;DECODED_SAME_WELL_ION_0p7;EXPOSED_POPULATION:ENTACT-MIX-LISTS-499-503-505;EXPOSED_POPULATION:LCSB-ALL-MASSBANK-V1-EXPOSURE-SET;EXPOSED_POPULATION:LCSB-DEV;EXPOSED_POPULATION:LCSB-NEG;EXPOSED_POPULATION:LCSB-POS-V2-SPECTRA;EXPOSED_POPULATION:LCSB-RAW-MIX-REPLICATE-SET-92;EXPOSED_POPULATION:V2-DEVELOPMENT-POPULATION;EXPOSED_POPULATION:WUR-POS-IDENTITY;EXPOSED_POPULATION:WUR-SEALED;MSNLIB_ANCHOR_CENSUS_DESIGN;MSNLIB_ANCHOR_CENSUS_DETECTED
c1ccc(-c2ccccc2-c2nn[nH]n2)cc1,False,0,COPLATED_IN_DECODED_WELL;DECODED_SAME_PLATE_ION_0p01;DECODED_SAME_WELL_ION_0p7;EXPOSED_POPULATION:V2-DEVELOPMENT-POPULATION;EXPOSED_POPULATION:WUR-NEG-D6-EXCLUDED;EXPOSED_POPULATION:WUR-POS-IDENTITY;EXPOSED_POPULATION:WUR-SEALED;MSNLIB_ANCHOR_CENSUS_DESIGN;MSNLIB_ANCHOR_CENSUS_DETECTED;MSNLIB_ANCHOR_GATE_CALIBRATION;MULTIMS2_ANCHOR_CALIBRATION
c1ccc(-c2ccccc2-c2nnn[nH]2)cc1,False,0,COPLATED_IN_DECODED_WELL;DECODED_SAME_PLATE_ION_0p01;DECODED_SAME_WELL_ION_0p7;EXPOSED_POPULATION:V2-DEVELOPMENT-POPULATION;EXPOSED_POPULATION:WUR-NEG-D6-EXCLUDED;EXPOSED_POPULATION:WUR-POS-IDENTITY;EXPOSED_POPULATION:WUR-SEALED;MSNLIB_ANCHOR_CENSUS_DESIGN;MSNLIB_ANCHOR_CENSUS_DETECTED;MSNLIB_ANCHOR_GATE_CALIBRATION;MULTIMS2_ANCHOR_CALIBRATION
c1ccc(-c2ccccc2-n2cc(-c3ccccc3)c(-c3ccccc3)n2)cc1,True,1,COPLATED_IN_DECODED_WELL;DECODED_SAME_PLATE_ION_0p01
c1ccc(-c2ccccc2NCCCn2ccnc2)cc1,False,0,DECODED_SAME_PLATE_ION_0p01
c1ccc(-c2ccccn2)nc1,True,5,COPLATED_IN_DECODED_WELL;DECODED_SAME_PLATE_ION_0p01
c1ccc(-c2cccn2CC2CCCCC2)cc1,True,1,COPLATED_IN_DECODED_WELL
c1ccc(-c2cccnc2)cc1,True,5,COPLATED_IN_DECODED_WELL;DECODED_SAME_PLATE_ION_0p01
c1ccc(-c2cccnc2-c2ccc(C3CCC3)cc2)cc1,True,1,DECODED_SAME_PLATE_ION_0p01
c1ccc(-c2cccnc2-c2cccnc2)cc1,True,1,COPLATED_IN_DECODED_WELL;DECODED_SAME_PLATE_ION_0p01;DECODED_SAME_WELL_ION_0p7
c1ccc(-c2cccnn2)cc1,False,0,EXPOSED_POPULATION:V2-DEVELOPMENT-POPULATION;EXPOSED_POPULATION:WUR-POS-IDENTITY;EXPOSED_POPULATION:WUR-SEALED
c1ccc(-c2cccs2)cc1,True,10,DECODED_SAME_PLATE_ION_0p01
c1ccc(-c2ccn(-c3ccnc(Nc4ccc(N5CCOCC5)cc4)n3)n2)cc1,True,1,COPLATED_IN_DECODED_WELL;DECODED_SAME_PLATE_ION_0p01;DECODED_SAME_WELL_ION_0p7
c1ccc(-c2ccn3ccccc23)cc1,True,2,DECODED_SAME_PLATE_ION_0p01
c1ccc(-c2ccn[nH]2)cc1,True,17,DECODED_SAME_PLATE_ION_0p01
c1ccc(-c2ccnc(N3CCNCC3)c2)nc1,True,1,DECODED_SAME_PLATE_ION_0p01
c1ccc(-c2ccnc(NC3CCCCC3)n2)cc1,False,0,DECODED_SAME_PLATE_ION_0p01
c1ccc(-c2ccnc(Nc3ccc(N4CCOCC4)cc3)n2)cc1,True,1,DECODED_SAME_PLATE_ION_0p01
c1ccc(-c2ccnc3c(-c4ccccc4)[nH+]ccc23)cc1,True,1,DECODED_SAME_PLATE_ION_0p01
c1ccc(-c2ccnc3c2CCC3)cc1,True,1,SAMPLE1_DRAW_GROUP
c1ccc(-c2ccnc3c2ccc2c(-c4ccccc4)ccnc23)cc1,True,1,DECODED_SAME_PLATE_ION_0p01
c1ccc(-c2ccnc3ccccc23)cc1,True,7,COPLATED_IN_DECODED_WELL;DECODED_SAME_PLATE_ION_0p01;DECODED_SAME_WELL_ION_0p7
c1ccc(-c2ccnc3sc4cncnc4c23)cc1,True,1,SAMPLE1_DRAW_GROUP
c1ccc(-c2ccncc2)cc1,True,6,DECODED_SAME_PLATE_ION_0p01
c1ccc(-c2ccncn2)cc1,True,9,COPLATED_IN_DECODED_WELL
c1ccc(-c2ccnn2-c2ccccc2)cc1,False,0,COPLATED_IN_DECODED_WELL;EXPOSED_POPULATION:LCSB-ALL-MASSBANK-V1-EXPOSURE-SET;EXPOSED_POPULATION:LCSB-DEV;EXPOSED_POPULATION:LCSB-NEG;EXPOSED_POPULATION:LCSB-POS-V2-SPECTRA;EXPOSED_POPULATION:V2-DEVELOPMENT-POPULATION;EXPOSED_POPULATION:WUR-NEG-DEV
c1ccc(-c2ccno2)cc1,False,0,EXPOSED_POPULATION:LCSB-ALL-MASSBANK-V1-EXPOSURE-SET;EXPOSED_POPULATION:LCSB-DEV;EXPOSED_POPULATION:LCSB-POS-V2-SPECTRA;EXPOSED_POPULATION:V2-DEVELOPMENT-POPULATION;EXPOSED_POPULATION:WUR-DEV-ANALYSIS;EXPOSED_POPULATION:WUR-POS-IDENTITY
c1ccc(-c2ccsn2)cc1,True,4,SAMPLE1_DRAW_GROUP
c1ccc(-c2cn(CCN3CCNCC3)nn2)nc1,True,1,SAMPLE1_DRAW_GROUP
c1ccc(-c2cn3c(c2-c2ccccc2)CCC3)cc1,True,1,DECODED_SAME_PLATE_ION_0p01
c1ccc(-c2cn3c4c(sc3n2)CCCC4)cc1,True,2,COPLATED_IN_DECODED_WELL;SURFACED_VALUE_ATTRIBUTED_WELL
c1ccc(-c2cn3ccc4ccccc4c3n2)cc1,True,1,SAMPLE1_DRAW_GROUP
c1ccc(-c2cn3ccsc3n2)cc1,True,4,SAMPLE1_DRAW_GROUP
c1ccc(-c2cn3ncc(-c4ccccc4)c3nc2NC2CCNCC2)cc1,True,1,COPLATED_IN_DECODED_WELL;DECODED_SAME_PLATE_ION_0p01;DECODED_SAME_WELL_ION_0p7
c1ccc(-c2cnc(N3CCNCC3)nc2)cc1,True,2,COPLATED_IN_DECODED_WELL
c1ccc(-c2cnc(NCc3ccco3)n3cnnc23)cc1,True,1,DECODED_SAME_PLATE_ION_0p01
c1ccc(-c2cnc3c(-c4cccc5ncccc45)cnn3c2)cc1,True,1,COPLATED_IN_DECODED_WELL;DECODED_SAME_PLATE_ION_0p01
c1ccc(-c2cnc3ccc(NC4CCCCC4)nn23)cc1,True,1,DECODED_SAME_PLATE_ION_0p01
c1ccc(-c2cnc3ccc(NCC4CCNCC4)nn23)cc1,True,1,DECODED_SAME_PLATE_ION_0p01
c1ccc(-c2cnc3ccc(NCc4ccco4)nn23)cc1,True,1,DECODED_SAME_PLATE_ION_0p01
c1ccc(-c2cnc3ccccc3n2)cc1,True,4,COPLATED_IN_DECODED_WELL;DECODED_SAME_PLATE_ION_0p01;DECODED_SAME_WELL_ION_0p7
c1ccc(-c2cnc3cccnn23)cc1,True,1,DECODED_SAME_PLATE_ION_0p01
c1ccc(-c2cnc3ncc(Cc4ccc5ncccc5c4)n3n2)cc1,True,2,COPLATED_IN_DECODED_WELL
c1ccc(-c2cnc3ncncc3c2)cc1,True,2,DECODED_SAME_PLATE_ION_0p01
c1ccc(-c2cnc3ncncc3n2)cc1,False,0,COPLATED_IN_DECODED_WELL;DECODED_SAME_PLATE_ION_0p01;DECODED_SAME_WELL_ION_0p7;EXPOSED_POPULATION:LCSB-ALL-MASSBANK-V1-EXPOSURE-SET;EXPOSED_POPULATION:LCSB-DEV;EXPOSED_POPULATION:LCSB-POS-V2-SPECTRA;EXPOSED_POPULATION:V2-DEVELOPMENT-POPULATION;MSNLIB_ANCHOR_CENSUS_DESIGN;MSNLIB_ANCHOR_CENSUS_DETECTED;MSNLIB_ANCHOR_GATE_CALIBRATION
c1ccc(-c2cnc3ncnn3c2)cc1,True,1,SAMPLE1_DRAW_GROUP
c1ccc(-c2cnc[nH]2)cc1,False,0,EXPOSED_POPULATION:V2-DEVELOPMENT-POPULATION;EXPOSED_POPULATION:WUR-DEV-HOLD;EXPOSED_POPULATION:WUR-POS-IDENTITY
c1ccc(-c2cncc(-c3ccc4[nH]ncc4c3)c2)cc1,True,1,DECODED_SAME_PLATE_ION_0p01
c1ccc(-c2cncc(-c3ccccc3)c2)cc1,True,1,DECODED_SAME_PLATE_ION_0p01
c1ccc(-c2cncc(-c3cccnc3)c2)cc1,True,1,DECODED_SAME_PLATE_ION_0p01
c1ccc(-c2cncc(CN3CCN(c4cccc5c4OCCO5)CC3)c2)cc1,True,1,DECODED_SAME_PLATE_ION_0p01
c1ccc(-c2cnccc2-c2ccc(N3CCNCC3)cc2)cc1,True,1,DECODED_SAME_PLATE_ION_0p01
c1ccc(-c2cncnc2)cc1,False,0,COPLATED_IN_DECODED_WELL;DECODED_SAME_PLATE_ION_0p01;DECODED_SAME_WELL_ION_0p7;EXPOSED_POPULATION:LCSB-ALL-MASSBANK-V1-EXPOSURE-SET;EXPOSED_POPULATION:LCSB-DEV;EXPOSED_POPULATION:LCSB-POS-V2-SPECTRA;EXPOSED_POPULATION:V2-DEVELOPMENT-POPULATION;MSNLIB_ANCHOR_CENSUS_DESIGN;MSNLIB_ANCHOR_CENSUS_DETECTED;MSNLIB_ANCHOR_GATE_CALIBRATION
c1ccc(-c2cncnc2OCCOc2ncccn2)cc1,True,2,COPLATED_IN_DECODED_WELL
c1ccc(-c2cncnn2)cc1,True,1,COPLATED_IN_DECODED_WELL;DECODED_SAME_PLATE_ION_0p01
c1ccc(-c2cnn3c(N4CCCC4)ccnc23)cc1,True,1,SAMPLE1_DRAW_GROUP
c1ccc(-c2cnn3c(NCC4CCCO4)ccnc23)cc1,True,1,SAMPLE1_DRAW_GROUP
c1ccc(-c2cnn3ccc(NCc4cccnc4)nc23)cc1,True,1,COPLATED_IN_DECODED_WELL;DECODED_SAME_PLATE_ION_0p01;DECODED_SAME_WELL_ION_0p7
c1ccc(-c2cnoc2)cc1,True,2,DECODED_SAME_PLATE_ION_0p01
c1ccc(-c2cnsc2-c2ccccc2)cc1,True,1,SAMPLE1_DRAW_GROUP
c1ccc(-c2cnsn2)cc1,True,1,COPLATED_IN_DECODED_WELL
c1ccc(-c2coc3ccccc23)cc1,True,1,DECODED_SAME_PLATE_ION_0p01
c1ccc(-c2conc2-c2ccccc2)cc1,True,4,COPLATED_IN_DECODED_WELL;DECODED_SAME_PLATE_ION_0p01
c1ccc(-c2csc(-c3ccncc3)n2)cc1,True,2,DECODED_SAME_PLATE_ION_0p01
c1ccc(-c2csc(-c3nc(-c4ccccc4)no3)c2)cc1,True,1,COPLATED_IN_DECODED_WELL
c1ccc(-c2csc(CC(Cn3cncn3)c3ccccc3)n2)cc1,True,3,COPLATED_IN_DECODED_WELL;DECODED_SAME_PLATE_ION_0p01
c1ccc(-c2csc(CN3CCNCC3)n2)cc1,True,1,SAMPLE1_DRAW_GROUP
c1ccc(-c2csc3ncnc(N4CCNCC4)c23)cc1,True,1,SAMPLE1_DRAW_GROUP
c1ccc(-c2csc3ncncc23)cc1,True,1,COPLATED_IN_DECODED_WELL;DECODED_SAME_PLATE_ION_0p01
c1ccc(-c2cscn2)cc1,True,18,SAMPLE1_DRAW_GROUP
c1ccc(-c2n[nH]c(C3CCNCC3)c2-c2ccncn2)cc1,False,0,COPLATED_IN_DECODED_WELL
c1ccc(-c2n[nH]c3c2oc2ccccc23)cc1,True,1,SAMPLE1_DRAW_GROUP
c1ccc(-c2n[nH]c3ncncc23)cc1,True,1,DECODED_SAME_PLATE_ION_0p01
c1ccc(-c2n[nH]cc2-c2ccncn2)cc1,True,1,COPLATED_IN_DECODED_WELL;DECODED_SAME_WELL_ION_0p7
c1ccc(-c2nc(-c3cc4ccccc4nc3N3CCNCC3)no2)cc1,True,1,SAMPLE1_DRAW_GROUP
c1ccc(-c2nc(-c3ccc(CN4CCC4)cc3)no2)cc1,True,1,DECODED_SAME_PLATE_ION_0p01
c1ccc(-c2nc(-c3ccc4c(c3)OCCO4)c(-c3ccccn3)[nH]2)cc1,True,1,DECODED_SAME_PLATE_ION_0p01
c1ccc(-c2nc(-c3ccc4nc[nH]c4c3)no2)cc1,True,2,SAMPLE1_DRAW_GROUP
c1ccc(-c2nc(-c3ccc[nH+]c3)no2)cc1,True,1,COPLATED_IN_DECODED_WELL
c1ccc(-c2nc(-c3ccc[nH]3)sc2-c2ccccc2)cc1,True,1,COPLATED_IN_DECODED_WELL;DECODED_SAME_PLATE_ION_0p01;DECODED_SAME_WELL_ION_0p7
c1ccc(-c2nc(-c3cccc4c3CCC4)no2)cc1,True,2,COPLATED_IN_DECODED_WELL;DECODED_SAME_PLATE_ION_0p01;DECODED_SAME_WELL_ION_0p7
c1ccc(-c2nc(-c3ccccc3)c(-c3ccncc3)[nH]2)cc1,True,6,COPLATED_IN_DECODED_WELL;DECODED_SAME_PLATE_ION_0p01
c1ccc(-c2nc(-c3ccccc3)n(-c3ccccc3)n2)cc1,True,1,COPLATED_IN_DECODED_WELL;DECODED_SAME_PLATE_ION_0p01
c1ccc(-c2nc(-c3ccncc3)no2)cc1,True,2,SAMPLE1_DRAW_GROUP
c1ccc(-c2nc(CCOc3cccc4[nH]ccc34)co2)cc1,False,0,EXPOSED_POPULATION:ENTACT-MIX-LISTS-499-503-505;EXPOSED_POPULATION:LCSB-ALL-MASSBANK-V1-EXPOSURE-SET;EXPOSED_POPULATION:LCSB-DEV;EXPOSED_POPULATION:LCSB-NEG;EXPOSED_POPULATION:LCSB-POS-V2-SPECTRA;EXPOSED_POPULATION:V2-DEVELOPMENT-POPULATION
c1ccc(-c2nc(CCOc3cccc4sccc34)co2)cc1,True,1,COPLATED_IN_DECODED_WELL;DECODED_SAME_PLATE_ION_0p01;DECODED_SAME_WELL_ION_0p7
c1ccc(-c2nc(CNc3ncccn3)cs2)cc1,True,1,DECODED_SAME_PLATE_ION_0p01
c1ccc(-c2nc(N3CCN(C4CCCCC4)CC3)c3ccccc3n2)cc1,True,1,SAMPLE1_DRAW_GROUP
c1ccc(-c2nc(N3CCOCC3)c3cnn(C4CCNCC4)c3n2)cc1,True,1,COPLATED_IN_DECODED_WELL;DECODED_SAME_PLATE_ION_0p01;DECODED_SAME_WELL_ION_0p7
c1ccc(-c2nc(N3CCOCC3)c3oc4ncccc4c3n2)cc1,True,1,COPLATED_IN_DECODED_WELL;DECODED_SAME_PLATE_ION_0p01;DECODED_SAME_WELL_ION_0p7
c1ccc(-c2nc(NC3CCNC3)c3ccccc3n2)cc1,True,1,COPLATED_IN_DECODED_WELL;DECODED_SAME_PLATE_ION_0p01;SAMPLE1_DRAW_GROUP
c1ccc(-c2nc(NCCNc3ccccn3)ncc2-c2ncc[nH]2)cc1,True,1,COPLATED_IN_DECODED_WELL;DECODED_SAME_PLATE_ION_0p01
c1ccc(-c2nc(NCc3ccco3)c3ccccc3n2)cc1,True,1,SAMPLE1_DRAW_GROUP
c1ccc(-c2nc(Nc3ccc(N4CCNCC4)cc3)nc3[nH]ccc23)cc1,True,1,DECODED_SAME_PLATE_ION_0p01
c1ccc(-c2nc(Nc3ccc4[nH]ncc4c3)c3ccccc3n2)cc1,True,1,DECODED_SAME_PLATE_ION_0p01
c1ccc(-c2nc3c(N4CCCCC4)ncnc3n2-c2ccccc2)cc1,True,1,DECODED_SAME_PLATE_ION_0p01
c1ccc(-c2nc3c(N4CCNCC4)ncnc3n2C2CCOCC2)cc1,True,1,DECODED_SAME_PLATE_ION_0p01
c1ccc(-c2nc3c(c(-n4ccc5cnccc54)n2)CCC3)nc1,True,1,DECODED_SAME_PLATE_ION_0p01
c1ccc(-c2nc3c(c(N4CCOCC4)n2)CCN(c2ncccn2)C3)cc1,True,1,SAMPLE1_DRAW_GROUP
c1ccc(-c2nc3ccc(-c4nc5ccc(N6CCNCC6)cc5[nH]4)cc3[nH]2)cc1,True,14,COPLATED_IN_DECODED_WELL;DECODED_SAME_PLATE_ION_0p01
c1ccc(-c2nc3ccccc3[nH]2)cc1,True,10,DECODED_SAME_PLATE_ION_0p01
c1ccc(-c2nc3ccccc3cc2CNc2ncnc3nc[nH]c23)nc1,True,1,DECODED_SAME_PLATE_ION_0p01
c1ccc(-c2nc3ccccc3n2CC2CCNCC2)cc1,True,1,DECODED_SAME_PLATE_ION_0p01
c1ccc(-c2nc3ccccc3o2)cc1,True,8,COPLATED_IN_DECODED_WELL
c1ccc(-c2nc3ccccn3c2Nc2ccc3c(c2)OCO3)cc1,True,1,SAMPLE1_DRAW_GROUP
c1ccc(-c2nc3cccnc3nc2-c2ccccc2)cc1,True,1,COPLATED_IN_DECODED_WELL
c1ccc(-c2nc3nc4c(c(Nc5ccc6c(c5)OCO6)n3n2)CCCC4)cc1,True,1,DECODED_SAME_PLATE_ION_0p01
c1ccc(-c2nc3nccc(Nc4cccc5nsnc45)n3n2)cc1,True,1,DECODED_SAME_PLATE_ION_0p01
c1ccc(-c2nc[nH]c2-c2ccc3nc[nH]c3n2)cc1,True,1,DECODED_SAME_PLATE_ION_0p01
c1ccc(-c2nc[nH]c2-c2ccnc3ccccc23)cc1,True,1,COPLATED_IN_DECODED_WELL
c1ccc(-c2ncc(C3CC3)o2)cc1,True,1,SAMPLE1_DRAW_GROUP
c1ccc(-c2ncc(N3CCCCC3)nc2-c2ccccc2)cc1,True,2,SAMPLE1_DRAW_GROUP
c1ccc(-c2ncc(NC3CCCCC3)o2)cc1,True,1,SAMPLE1_DRAW_GROUP
c1ccc(-c2ncc3c(n2)CCCC3)cc1,True,3,SAMPLE1_DRAW_GROUP
c1ccc(-c2ncc3n2CCOC3)cc1,True,1,SAMPLE1_DRAW_GROUP
c1ccc(-c2nccc(N3CCc4ccccc4CC3)n2)nc1,True,2,COPLATED_IN_DECODED_WELL;DECODED_SAME_WELL_ION_0p7
c1ccc(-c2nccc(NCc3ccc(-n4ccnn4)cc3)n2)cc1,True,1,DECODED_SAME_PLATE_ION_0p01
c1ccc(-c2nccc(OCCCN3CCCCC3)n2)cc1,True,2,DECODED_SAME_PLATE_ION_0p01
c1ccc(-c2nccc3c2[nH]c2ccccc23)cc1,True,1,SAMPLE1_DRAW_GROUP
c1ccc(-c2nccc3ccccc23)cc1,True,1,EXPOSED_POPULATION:LCSB-ALL-MASSBANK-V1-EXPOSURE-SET;EXPOSED_POPULATION:LCSB-CONFIRMATION
c1ccc(-c2ncco2)cc1,True,14,DECODED_SAME_PLATE_ION_0p01
c1ccc(-c2nccs2)cc1,True,44,COPLATED_IN_DECODED_WELL;DECODED_SAME_PLATE_ION_0p01;DECODED_SAME_WELL_ION_0p7;SAMPLE1_DRAW_GROUP
c1ccc(-c2ncn(C3CCCCC3)c2-c2ccncn2)cc1,True,2,DECODED_SAME_PLATE_ION_0p01;SAMPLE1_DRAW_GROUP
c1ccc(-c2ncn(C3CCNCC3)c2-c2ccncn2)cc1,True,1,DECODED_SAME_PLATE_ION_0p01
c1ccc(-c2ncnc(Nc3ccncc3)n2)nc1,True,1,COPLATED_IN_DECODED_WELL;DECODED_SAME_PLATE_ION_0p01;DECODED_SAME_WELL_ION_0p7
c1ccc(-c2ncnc3[nH]ccc23)cc1,True,1,DECODED_SAME_PLATE_ION_0p01
c1ccc(-c2ncncn2)cc1,False,0,DECODED_SAME_PLATE_ION_0p01;EXPOSED_POPULATION:ENTACT-MIX-LISTS-499-503-505;EXPOSED_POPULATION:LCSB-ALL-MASSBANK-V1-EXPOSURE-SET;EXPOSED_POPULATION:LCSB-DEV;EXPOSED_POPULATION:LCSB-POS-V2-SPECTRA;EXPOSED_POPULATION:V2-DEVELOPMENT-POPULATION;EXPOSED_POPULATION:WUR-DEV-ANALYSIS;EXPOSED_POPULATION:WUR-POS-IDENTITY
c1ccc(-c2ncncn2)nc1,True,1,COPLATED_IN_DECODED_WELL;DECODED_SAME_PLATE_ION_0p01;DECODED_SAME_WELL_ION_0p7
c1ccc(-c2ncnn2-c2ccccc2)cc1,True,1,COPLATED_IN_DECODED_WELL;DECODED_SAME_WELL_ION_0p7
c1ccc(-c2ncnnc2-c2ccncc2)cc1,True,1,DECODED_SAME_PLATE_ION_0p01
c1ccc(-c2ncoc2-c2ccc3nncn3c2)cc1,False,0,EXPOSED_POPULATION:LCSB-ALL-MASSBANK-V1-EXPOSURE-SET;EXPOSED_POPULATION:LCSB-DEV;EXPOSED_POPULATION:LCSB-POS-V2-SPECTRA;EXPOSED_POPULATION:V2-DEVELOPMENT-POPULATION
c1ccc(-c2ncoc2-c2ccccc2)cc1,True,2,COPLATED_IN_DECODED_WELL;DECODED_SAME_PLATE_ION_0p01;DECODED_SAME_WELL_ION_0p7
c1ccc(-c2ncon2)cc1,True,5,COPLATED_IN_DECODED_WELL;DECODED_SAME_PLATE_ION_0p01
c1ccc(-c2nn(-c3ccccc3)[n+](-c3ccccc3)n2)cc1,False,0,DECODED_SAME_PLATE_ION_0p01
c1ccc(-c2nn(CCN3CCCCC3)c3ncncc23)cc1,True,1,COPLATED_IN_DECODED_WELL
c1ccc(-c2nn(Cc3nn[nH]n3)c3ccccc23)cc1,False,0,COPLATED_IN_DECODED_WELL;DECODED_SAME_PLATE_ION_0p01
c1ccc(-c2nn3c(-c4ccncc4)nnc3s2)cc1,True,1,SAMPLE1_DRAW_GROUP
c1ccc(-c2nn3c(c2-c2ccnc4cc(OCCN5CCOCC5)ccc24)CCC3)nc1,True,1,DECODED_SAME_PLATE_ION_0p01
c1ccc(-c2nn3c(c2-c2ccnc4ccccc24)CCC3)nc1,True,1,DECODED_SAME_PLATE_ION_0p01
c1ccc(-c2nn[nH]n2)c(-c2ccc(Cn3ccnc3)cc2)c1,True,3,COPLATED_IN_DECODED_WELL;DECODED_SAME_PLATE_ION_0p01;SURFACED_VALUE_ATTRIBUTED_WELL
c1ccc(-c2nn[nH]n2)c(-c2ccc(Cn3cnc4ccccc43)cc2)c1,False,0,COPLATED_IN_DECODED_WELL;DECODED_SAME_PLATE_ION_0p01;DECODED_SAME_WELL_ION_0p7;EXPOSED_POPULATION:V2-DEVELOPMENT-POPULATION;EXPOSED_POPULATION:WUR-POS-IDENTITY;EXPOSED_POPULATION:WUR-SEALED;MSNLIB_ANCHOR_CENSUS_DESIGN;MSNLIB_ANCHOR_CENSUS_DETECTED;MSNLIB_ANCHOR_GATE_CALIBRATION;MULTIMS2_ANCHOR_CALIBRATION
c1ccc(-c2nn[nH]n2)c(Nc2cccc3c2CCCC3)c1,True,1,DECODED_SAME_PLATE_ION_0p01
c1ccc(-c2nnc(-c3ccccc3)nn2)cc1,True,1,COPLATED_IN_DECODED_WELL
c1ccc(-c2nnc(SCc3nnnn3-c3ccccc3)[nH]2)cc1,True,1,SAMPLE1_DRAW_GROUP
c1ccc(-c2nnc3c4ccccc4cnn23)cc1,True,3,COPLATED_IN_DECODED_WELL;DECODED_SAME_PLATE_ION_0p01;DECODED_SAME_WELL_ION_0p7
c1ccc(-c2nncn2-c2ccccc2)cc1,True,2,SAMPLE1_DRAW_GROUP
c1ccc(-c2nncs2)cc1,True,3,SAMPLE1_DRAW_GROUP
c1ccc(-c2nnn[nH]2)c(-c2ccc(Cn3cnc4ccccc43)cc2)c1,False,0,COPLATED_IN_DECODED_WELL;DECODED_SAME_PLATE_ION_0p01;DECODED_SAME_WELL_ION_0p7;EXPOSED_POPULATION:V2-DEVELOPMENT-POPULATION;EXPOSED_POPULATION:WUR-POS-IDENTITY;EXPOSED_POPULATION:WUR-SEALED;MSNLIB_ANCHOR_CENSUS_DESIGN;MSNLIB_ANCHOR_CENSUS_DETECTED;MSNLIB_ANCHOR_GATE_CALIBRATION;MULTIMS2_ANCHOR_CALIBRATION
c1ccc(-c2nnn[nH]2)c(-c2ccc(Cn3cnc4cccnc43)cc2)c1,False,0,EXPOSED_POPULATION:LCSB-ALL-MASSBANK-V1-EXPOSURE-SET;EXPOSED_POPULATION:LCSB-DEV;EXPOSED_POPULATION:LCSB-NEG;EXPOSED_POPULATION:LCSB-POS-V2-SPECTRA;EXPOSED_POPULATION:V2-DEVELOPMENT-POPULATION
c1ccc(-c2nnn[nH]2)cc1,True,2,EXPOSED_POPULATION:LCSB-ALL-MASSBANK-V1-EXPOSURE-SET;EXPOSED_POPULATION:LCSB-NEG
c1ccc(-c2noc(-c3cc(-c4cccnc4)on3)n2)cc1,True,1,SAMPLE1_DRAW_GROUP
c1ccc(-c2noc(-c3cc[nH]n3)n2)cc1,True,1,SAMPLE1_DRAW_GROUP
c1ccc(-c2noc(-c3ccccc3)n2)cc1,True,6,COPLATED_IN_DECODED_WELL;DECODED_SAME_PLATE_ION_0p01
c1ccc(-c2noc(-c3ccnc(C4CCCC4)c3)n2)cc1,True,1,DECODED_SAME_PLATE_ION_0p01
c1ccc(-c2noc(C3CCC4CC43)n2)cc1,True,1,SAMPLE1_DRAW_GROUP
c1ccc(-c2noc(C3CCNC3)n2)cc1,True,1,SAMPLE1_DRAW_GROUP
c1ccc(-c2noc(CSc3nnc(-c4ccncc4)n3-c3ccccc3)n2)cc1,True,1,DECODED_SAME_PLATE_ION_0p01
c1ccc(-c2nocc2-c2nnc(CN3CCN(C4CCCC4)CC3)o2)cc1,True,1,SAMPLE1_DRAW_GROUP
c1ccc(-n2cc(-c3nnnn3-c3ccccc3)cn2)cc1,True,1,SAMPLE1_DRAW_GROUP
c1ccc(-n2cc(C3CC3)cn2)cc1,True,1,SAMPLE1_DRAW_GROUP
c1ccc(-n2cc(CN3CCC4(CC3)OCCc3ccsc34)cn2)nc1,True,1,DECODED_SAME_PLATE_ION_0p01
c1ccc(-n2cc(CN3CCCCC3)nn2)cc1,True,1,SAMPLE1_DRAW_GROUP
c1ccc(-n2cc(NCc3ncnn3-c3ccccc3)cn2)cc1,True,1,SAMPLE1_DRAW_GROUP
c1ccc(-n2cc3c(-c4cccs4)nncc3n2)cc1,True,1,SAMPLE1_DRAW_GROUP
c1ccc(-n2ccc3ccccc32)cc1,True,1,DECODED_SAME_PLATE_ION_0p01
c1ccc(-n2cccc2)cc1,True,7,DECODED_SAME_PLATE_ION_0p01
c1ccc(-n2cccc2-c2ccc(-n3ccnc3)cc2)cc1,True,1,DECODED_SAME_PLATE_ION_0p01;SAMPLE1_DRAW_GROUP
c1ccc(-n2cccn2)cc1,False,0,COPLATED_IN_DECODED_WELL;DECODED_SAME_PLATE_ION_0p01;EXPOSED_POPULATION:LCSB-ALL-MASSBANK-V1-EXPOSURE-SET;EXPOSED_POPULATION:LCSB-DEV;EXPOSED_POPULATION:LCSB-NEG;EXPOSED_POPULATION:LCSB-POS-V2-SPECTRA;EXPOSED_POPULATION:V2-DEVELOPMENT-POPULATION;EXPOSED_POPULATION:WUR-NEG-DEV
c1ccc(-n2ccnc2)c(CNC2CCOC3(CCCC3)C2)c1,True,1,SAMPLE1_DRAW_GROUP
c1ccc(-n2ccnc2)cc1,True,12,DECODED_SAME_PLATE_ION_0p01;SAMPLE1_DRAW_GROUP
c1ccc(-n2cncn2)cc1,False,0,EXPOSED_POPULATION:ENTACT-MIX-LISTS-499-503-505;EXPOSED_POPULATION:LCSB-ALL-MASSBANK-V1-EXPOSURE-SET;EXPOSED_POPULATION:LCSB-DEV;EXPOSED_POPULATION:LCSB-POS-V2-SPECTRA;EXPOSED_POPULATION:V2-DEVELOPMENT-POPULATION;EXPOSED_POPULATION:WUR-DEV-ANALYSIS;EXPOSED_POPULATION:WUR-POS-IDENTITY
c1ccc(-n2cnnc2-c2ccccn2)cc1,False,0,COPLATED_IN_DECODED_WELL;DECODED_SAME_PLATE_ION_0p01;DECODED_SAME_WELL_ION_0p7
c1ccc(-n2cnnc2C2CCCCN2Cc2cncs2)cc1,True,1,COPLATED_IN_DECODED_WELL
c1ccc(-n2nc3ccccc3n2)cc1,False,0,EXPOSED_POPULATION:ENTACT-MIX-LISTS-499-503-505;EXPOSED_POPULATION:LCSB-ALL-MASSBANK-V1-EXPOSURE-SET;EXPOSED_POPULATION:LCSB-DEV;EXPOSED_POPULATION:LCSB-POS-V2-SPECTRA;EXPOSED_POPULATION:V2-DEVELOPMENT-POPULATION;EXPOSED_POPULATION:WUR-NEG-DEV
c1ccc(-n2ncc3c(N4CCC(c5ccccn5)C4)ncnc32)cc1,True,1,SAMPLE1_DRAW_GROUP
c1ccc(-n2ncc3c2ncn2c(-c4ccco4)nnc32)cc1,True,1,SAMPLE1_DRAW_GROUP
c1ccc(-n2nccc2NCc2ccccn2)cc1,False,0,EXPOSED_POPULATION:V2-DEVELOPMENT-POPULATION;EXPOSED_POPULATION:WUR-POS-IDENTITY;EXPOSED_POPULATION:WUR-SEALED
c1ccc(-n2nnnc2N2CCNCC2)cc1,True,1,SAMPLE1_DRAW_GROUP
c1ccc(-n2nnnc2Sc2ccc3ccccc3n2)cc1,True,1,SAMPLE1_DRAW_GROUP
c1ccc(C(=C2CC[NH2+]CC2)c2ccccc2)cc1,False,0,COPLATED_IN_DECODED_WELL;DECODED_SAME_PLATE_ION_0p01
c1ccc(C(=NNc2ccccn2)c2ccccn2)cc1,True,1,COPLATED_IN_DECODED_WELL
c1ccc(C(=Nc2ccc(CN3CCCCC3)cc2)c2c[nH]c3ccccc23)cc1,True,2,DECODED_SAME_PLATE_ION_0p01
c1ccc(C(CC2CC2)Cn2cncn2)cc1,False,0,COPLATED_IN_DECODED_WELL;DECODED_SAME_PLATE_ION_0p01;EXPOSED_POPULATION:V2-DEVELOPMENT-POPULATION;EXPOSED_POPULATION:WUR-DEV-ANALYSIS;EXPOSED_POPULATION:WUR-POS-IDENTITY;MSNLIB_ANCHOR_CENSUS_DESIGN;MSNLIB_ANCHOR_CENSUS_DETECTED;SURFACED_VALUE_ATTRIBUTED_WELL
c1ccc(C(CCCN2CCCCC2)c2ccccc2)cc1,True,1,COPLATED_IN_DECODED_WELL;DECODED_SAME_PLATE_ION_0p01;DECODED_SAME_WELL_ION_0p7
c1ccc(C(CCCN2CCCCC2)c2ccccn2)cc1,True,1,COPLATED_IN_DECODED_WELL;DECODED_SAME_PLATE_ION_0p01;DECODED_SAME_WELL_ION_0p7
c1ccc(C(CCN2CCCC2)C2CCCCC2)cc1,True,1,DECODED_SAME_PLATE_ION_0p01
c1ccc(C(CCN2CCCCC2)C2CCCCC2)cc1,True,1,COPLATED_IN_DECODED_WELL;DECODED_SAME_PLATE_ION_0p01;DECODED_SAME_WELL_ION_0p7
c1ccc(C(CCn2ccnc2)c2ccccc2)cc1,True,1,COPLATED_IN_DECODED_WELL;DECODED_SAME_PLATE_ION_0p01
c1ccc(C(CN2CCC2)Nc2ncnc3ccccc23)cc1,True,1,SAMPLE1_DRAW_GROUP
c1ccc(C(CN2CCNCC2)OCc2ccc3ccccc3c2)cc1,True,1,COPLATED_IN_DECODED_WELL;DECODED_SAME_PLATE_ION_0p01
c1ccc(C(COc2ncccn2)c2ccccc2)cc1,True,2,DECODED_SAME_PLATE_ION_0p01
c1ccc(C(Cc2cccc3ccccc23)c2cnc3ccccc3c2)cc1,True,1,COPLATED_IN_DECODED_WELL;DECODED_SAME_PLATE_ION_0p01
c1ccc(C(Cc2ccncn2)Cn2cncn2)cc1,True,1,DECODED_SAME_PLATE_ION_0p01
c1ccc(C(Cn2ccnc2)OCc2ccsc2)cc1,True,1,COPLATED_IN_DECODED_WELL
c1ccc(C(Cn2ccnc2)OCc2csc3ccccc23)cc1,True,1,COPLATED_IN_DECODED_WELL
c1ccc(C(Cn2cncn2)Cn2cncn2)cc1,False,0,COPLATED_IN_DECODED_WELL;DECODED_SAME_PLATE_ION_0p01;DECODED_SAME_WELL_ION_0p7;EXPOSED_POPULATION:LCSB-ALL-MASSBANK-V1-EXPOSURE-SET;EXPOSED_POPULATION:LCSB-DEV;EXPOSED_POPULATION:LCSB-NEG;EXPOSED_POPULATION:LCSB-POS-V2-SPECTRA;EXPOSED_POPULATION:V2-DEVELOPMENT-POPULATION;MSNLIB_ANCHOR_CENSUS_DESIGN;MSNLIB_ANCHOR_CENSUS_DETECTED;MSNLIB_ANCHOR_GATE_CALIBRATION;MULTIMS2_ANCHOR_CALIBRATION
c1ccc(C(Cn2cncn2)c2ccccc2)cc1,False,0,EXPOSED_POPULATION:LCSB-ALL-MASSBANK-V1-EXPOSURE-SET;EXPOSED_POPULATION:LCSB-DEV;EXPOSED_POPULATION:LCSB-NEG;EXPOSED_POPULATION:LCSB-POS-V2-SPECTRA;EXPOSED_POPULATION:V2-DEVELOPMENT-POPULATION;EXPOSED_POPULATION:WUR-DEV-ANALYSIS;EXPOSED_POPULATION:WUR-POS-IDENTITY
c1ccc(C(Nc2ccccn2)c2ccc3cccnc3c2)cc1,True,3,COPLATED_IN_DECODED_WELL;DECODED_SAME_PLATE_ION_0p01
c1ccc(C(OC2CC3CCC(C2)N3)c2ccccc2)cc1,True,1,COPLATED_IN_DECODED_WELL;DECODED_SAME_PLATE_ION_0p01;DECODED_SAME_WELL_ION_0p7
c1ccc(C(OC2CCCN(CCc3ccc4c(c3)OCO4)C2)c2ccccc2)cc1,False,0,COPLATED_IN_DECODED_WELL;DECODED_SAME_PLATE_ION_0p01;DECODED_SAME_WELL_ION_0p7;EXPOSED_POPULATION:LCSB-ALL-MASSBANK-V1-EXPOSURE-SET;EXPOSED_POPULATION:LCSB-DEV;EXPOSED_POPULATION:LCSB-POS-V2-SPECTRA;EXPOSED_POPULATION:V2-DEVELOPMENT-POPULATION;MSNLIB_ANCHOR_CENSUS_DESIGN;MSNLIB_ANCHOR_CENSUS_DETECTED;MSNLIB_ANCHOR_GATE_CALIBRATION
c1ccc(C(OC2CCNCC2)c2ccccc2)cc1,True,1,COPLATED_IN_DECODED_WELL;DECODED_SAME_PLATE_ION_0p01;DECODED_SAME_WELL_ION_0p7
c1ccc(C(OC2CCNCC2)c2ccccn2)cc1,True,3,COPLATED_IN_DECODED_WELL;DECODED_SAME_PLATE_ION_0p01;DECODED_SAME_WELL_ION_0p7
c1ccc(C(OCCC2CCCN2)c2ccccc2)cc1,True,1,COPLATED_IN_DECODED_WELL;DECODED_SAME_PLATE_ION_0p01
c1ccc(C(OCCN2CCCCC2)c2ccccc2)cc1,True,1,COPLATED_IN_DECODED_WELL;DECODED_SAME_PLATE_ION_0p01
c1ccc(C(c2ccc3c(c2)OCO3)N2CCOCC2)cc1,True,1,DECODED_SAME_PLATE_ION_0p01
c1ccc(C(c2ccccc2)(c2ccccc2)n2ccnc2)cc1,True,3,COPLATED_IN_DECODED_WELL;DECODED_SAME_PLATE_ION_0p01;DECODED_SAME_WELL_ION_0p7;EXPOSED_POPULATION:ENTACT-MIX-LISTS-499-503-505
c1ccc(C(c2ccccc2)C2CCN(CCc3ccc4c(c3)CCO4)C2)cc1,True,1,COPLATED_IN_DECODED_WELL;DECODED_SAME_PLATE_ION_0p01
c1ccc(C(c2ccccc2)C2CCNC2)cc1,True,2,DECODED_SAME_PLATE_ION_0p01
c1ccc(C(c2ccccc2)C2CCNCC2)cc1,True,1,COPLATED_IN_DECODED_WELL
c1ccc(C(c2ccccc2)N2CCN(c3ncncn3)CC2)cc1,True,1,DECODED_SAME_PLATE_ION_0p01
c1ccc(C(c2ccccc2)N2CCNCC2)cc1,True,6,DECODED_SAME_PLATE_ION_0p01;EXPOSED_POPULATION:LCSB-ALL-MASSBANK-V1-EXPOSURE-SET;EXPOSED_POPULATION:LCSB-CONFIRMATION;EXPOSED_POPULATION:LCSB-NEG
c1ccc(C(c2ccccc2)c2ccccc2)cc1,False,0,COPLATED_IN_DECODED_WELL;DECODED_SAME_PLATE_ION_0p01;DECODED_SAME_WELL_ION_0p7;EXPOSED_POPULATION:ENTACT-MIX-LISTS-499-503-505;EXPOSED_POPULATION:LCSB-ALL-MASSBANK-V1-EXPOSURE-SET;EXPOSED_POPULATION:LCSB-DEV;EXPOSED_POPULATION:LCSB-NEG;EXPOSED_POPULATION:LCSB-POS-V2-SPECTRA;EXPOSED_POPULATION:V2-DEVELOPMENT-POPULATION;MSNLIB_ANCHOR_CENSUS_DESIGN;MSNLIB_ANCHOR_CENSUS_DETECTED;MSNLIB_ANCHOR_GATE_CALIBRATION
c1ccc(C(c2ccccc2)c2ccccn2)cc1,True,2,COPLATED_IN_DECODED_WELL;SAMPLE1_DRAW_GROUP
c1ccc(C(c2ccccc2)c2cccnc2)cc1,False,0,EXPOSED_POPULATION:ENTACT-MIX-LISTS-499-503-505;EXPOSED_POPULATION:LCSB-ALL-MASSBANK-V1-EXPOSURE-SET;EXPOSED_POPULATION:LCSB-DEV;EXPOSED_POPULATION:LCSB-NEG;EXPOSED_POPULATION:LCSB-POS-V2-SPECTRA;EXPOSED_POPULATION:V2-DEVELOPMENT-POPULATION
c1ccc(C(c2ccccc2)c2cncnc2)cc1,False,0,EXPOSED_POPULATION:ENTACT-MIX-LISTS-499-503-505;EXPOSED_POPULATION:LCSB-ALL-MASSBANK-V1-EXPOSURE-SET;EXPOSED_POPULATION:LCSB-DEV;EXPOSED_POPULATION:LCSB-NEG;EXPOSED_POPULATION:LCSB-POS-V2-SPECTRA;EXPOSED_POPULATION:LCSB-RAW-MIX-REPLICATE-SET-92;EXPOSED_POPULATION:LCSB-RAW-MIXES-499-503-505;EXPOSED_POPULATION:V2-DEVELOPMENT-POPULATION;EXPOSED_POPULATION:WUR-DEV-ANALYSIS;EXPOSED_POPULATION:WUR-POS-IDENTITY
c1ccc(C(c2ccccc2)n2cncn2)cc1,True,1,DECODED_SAME_PLATE_ION_0p01
c1ccc(C(c2ccccn2)c2cc(-c3cnoc3)cc3[nH]c(C4CC4)nc23)nc1,True,1,COPLATED_IN_DECODED_WELL
c1ccc(C(c2cn3ncnc3s2)N2CCCCC2)cc1,True,1,SAMPLE1_DRAW_GROUP
c1ccc(C(c2cncnc2)C2CC2)cc1,False,0,EXPOSED_POPULATION:LCSB-ALL-MASSBANK-V1-EXPOSURE-SET;EXPOSED_POPULATION:LCSB-CONFIRMATION
c1ccc(C2(CNc3ncc(-n4cccc4)cn3)CCC2)nc1,True,1,COPLATED_IN_DECODED_WELL
c1ccc(C2(Cn3ccnc3)OCC(COc3ccc(N4CCNCC4)cc3)O2)cc1,False,0,COPLATED_IN_DECODED_WELL;DECODED_SAME_PLATE_ION_0p01;DECODED_SAME_WELL_ION_0p7;EXPOSED_POPULATION:ENTACT-MIX-LISTS-499-503-505;EXPOSED_POPULATION:LCSB-ALL-MASSBANK-V1-EXPOSURE-SET;EXPOSED_POPULATION:LCSB-DEV;EXPOSED_POPULATION:LCSB-POS-V2-SPECTRA;EXPOSED_POPULATION:V2-DEVELOPMENT-POPULATION;MSNLIB_ANCHOR_CENSUS_DESIGN;MSNLIB_ANCHOR_CENSUS_DETECTED;MSNLIB_ANCHOR_GATE_CALIBRATION;MULTIMS2_ANCHOR_CALIBRATION
c1ccc(C2(Cn3cncn3)CCCO2)cc1,False,0,EXPOSED_POPULATION:V2-DEVELOPMENT-POPULATION;EXPOSED_POPULATION:WUR-POS-IDENTITY;EXPOSED_POPULATION:WUR-SEALED
c1ccc(C2(Cn3cncn3)OCC(COc3ccc(N4CCNCC4)cc3)O2)cc1,True,1,COPLATED_IN_DECODED_WELL;DECODED_SAME_PLATE_ION_0p01
c1ccc(C2(Cn3cncn3)OCCO2)cc1,False,0,COPLATED_IN_DECODED_WELL;DECODED_SAME_PLATE_ION_0p01;DECODED_SAME_WELL_ION_0p7;EXPOSED_POPULATION:LCSB-ALL-MASSBANK-V1-EXPOSURE-SET;EXPOSED_POPULATION:LCSB-DEV;EXPOSED_POPULATION:LCSB-POS-V2-SPECTRA;EXPOSED_POPULATION:V2-DEVELOPMENT-POPULATION;EXPOSED_POPULATION:WUR-DEV-ANALYSIS;EXPOSED_POPULATION:WUR-POS-IDENTITY;MSNLIB_ANCHOR_CENSUS_DESIGN;MSNLIB_ANCHOR_CENSUS_DETECTED;MSNLIB_ANCHOR_GATE_CALIBRATION
c1ccc(C2(Nc3ncccn3)CC2)cc1,True,2,DECODED_SAME_PLATE_ION_0p01
c1ccc(C2(Nc3ncccn3)CCCCC2)cc1,True,2,DECODED_SAME_PLATE_ION_0p01
c1ccc(C2(c3ccc(-c4cn[nH]c4)cc3)CCNCC2)cc1,True,1,DECODED_SAME_PLATE_ION_0p01
c1ccc(C2(c3ccc4c(c3)CCCC4)CC2)nc1,True,1,COPLATED_IN_DECODED_WELL
c1ccc(C2(c3ccccc3)CCCCC2)cc1,True,1,COPLATED_IN_DECODED_WELL;DECODED_SAME_WELL_ION_0p7
c1ccc(C2(c3ccccc3)CCNCC2)cc1,True,1,COPLATED_IN_DECODED_WELL;DECODED_SAME_PLATE_ION_0p01;DECODED_SAME_WELL_ION_0p7
c1ccc(C2(c3noc(C4CCc5cn[nH]c5C4)n3)CC2)cc1,True,1,SAMPLE1_DRAW_GROUP
c1ccc(C23CC2CN(CCCSc2nnc(-c4cnco4)[nH]2)C3)cc1,True,1,COPLATED_IN_DECODED_WELL;DECODED_SAME_PLATE_ION_0p01;DECODED_SAME_WELL_ION_0p7
c1ccc(C2=C(CN3CCCC3)COc3ccccc32)cc1,True,1,DECODED_SAME_PLATE_ION_0p01
c1ccc(C2=NC(c3ccccc3)CO2)cc1,False,0,EXPOSED_POPULATION:ENTACT-MIX-LISTS-499-503-505;EXPOSED_POPULATION:LCSB-ALL-MASSBANK-V1-EXPOSURE-SET;EXPOSED_POPULATION:LCSB-DEV;EXPOSED_POPULATION:LCSB-POS-V2-SPECTRA;EXPOSED_POPULATION:V2-DEVELOPMENT-POPULATION;EXPOSED_POPULATION:WUR-DEV-ANALYSIS;EXPOSED_POPULATION:WUR-POS-IDENTITY
c1ccc(C2=NCCCN2)cc1,True,1,SAMPLE1_DRAW_GROUP
c1ccc(C2=NCc3nncn3-c3ccccc32)cc1,True,3,DECODED_SAME_PLATE_ION_0p01
c1ccc(C2=NCc3nncn3-c3sccc32)cc1,True,9,COPLATED_IN_DECODED_WELL;DECODED_SAME_PLATE_ION_0p01
c1ccc(C2=NN(c3ccccc3)C(c3ccccc3)C2)cc1,True,1,COPLATED_IN_DECODED_WELL;SAMPLE1_DRAW_GROUP
c1ccc(C2=NN(c3ccccc3)C3c4ccccc4CC23)cc1,True,1,SAMPLE1_DRAW_GROUP
c1ccc(C2=NN(c3nc(-c4ccncc4)cs3)C(c3ccccc3)C2)cc1,True,1,COPLATED_IN_DECODED_WELL
c1ccc(C2=NNC(c3ccccc3)C2)cc1,True,4,DECODED_SAME_PLATE_ION_0p01
c1ccc(C2=NNCCc3cc4c(cc32)OCO4)cc1,True,2,DECODED_SAME_PLATE_ION_0p01
c1ccc(C2=NNCc3cc4c(cc32)OCO4)cc1,False,0,DECODED_SAME_PLATE_ION_0p01
c1ccc(C2=NOC(c3ccccc3)C2)cc1,False,0,COPLATED_IN_DECODED_WELL;DECODED_SAME_PLATE_ION_0p01;DECODED_SAME_WELL_ION_0p7;EXPOSED_POPULATION:V2-DEVELOPMENT-POPULATION;EXPOSED_POPULATION:WUR-DEV-ANALYSIS;EXPOSED_POPULATION:WUR-POS-IDENTITY;MSNLIB_ANCHOR_CENSUS_DESIGN;MSNLIB_ANCHOR_CENSUS_DETECTED;MSNLIB_ANCHOR_GATE_CALIBRATION
c1ccc(C2=Nc3c[nH]nc3Nc3ccccc32)cc1,False,0,EXPOSED_POPULATION:LCSB-ALL-MASSBANK-V1-EXPOSURE-SET;EXPOSED_POPULATION:LCSB-DEV;EXPOSED_POPULATION:LCSB-NEG;EXPOSED_POPULATION:LCSB-POS-V2-SPECTRA;EXPOSED_POPULATION:V2-DEVELOPMENT-POPULATION
c1ccc(C2=Nn3c(nnc3-c3nc4ccccc4s3)SC2)cc1,True,1,SAMPLE1_DRAW_GROUP
c1ccc(C2=c3cc4c5c(c3Oc3c2cc2c6c3CCCN6CCC2)CCC[N+]=5CCC4)cc1,False,0,COPLATED_IN_DECODED_WELL;DECODED_SAME_PLATE_ION_0p01;DECODED_SAME_WELL_ION_0p7
c1ccc(C2CC(c3ccc4c(c3)COC43CNC3)=NO2)cc1,False,0,COPLATED_IN_DECODED_WELL;EXPOSED_POPULATION:V2-DEVELOPMENT-POPULATION;EXPOSED_POPULATION:WUR-DEV-ANALYSIS;EXPOSED_POPULATION:WUR-POS-IDENTITY;MSNLIB_ANCHOR_CENSUS_DESIGN
c1ccc(C2CC(c3ccc4c(c3)OCO4)CN2)cc1,True,1,DECODED_SAME_PLATE_ION_0p01
c1ccc(C2CC(c3ccc4c(c3)OCO4)c3cccnc32)cc1,False,0,EXPOSED_POPULATION:ENTACT-MIX-LISTS-499-503-505;EXPOSED_POPULATION:LCSB-ALL-MASSBANK-V1-EXPOSURE-SET;EXPOSED_POPULATION:LCSB-DEV;EXPOSED_POPULATION:LCSB-NEG;EXPOSED_POPULATION:LCSB-POS-V2-SPECTRA;EXPOSED_POPULATION:V2-DEVELOPMENT-POPULATION
c1ccc(C2CC(c3cccc4c3OC(c3ccccc3)CC4)c3ccccc3O2)cc1,True,1,COPLATED_IN_DECODED_WELL
c1ccc(C2CC(c3cccc4ccccc34)=NO2)cc1,False,0,COPLATED_IN_DECODED_WELL;DECODED_SAME_PLATE_ION_0p01;DECODED_SAME_WELL_ION_0p7;EXPOSED_POPULATION:V2-DEVELOPMENT-POPULATION;EXPOSED_POPULATION:WUR-POS-IDENTITY;EXPOSED_POPULATION:WUR-SEALED;MSNLIB_ANCHOR_CENSUS_DESIGN;MSNLIB_ANCHOR_CENSUS_DETECTED;MSNLIB_ANCHOR_GATE_CALIBRATION
c1ccc(C2CC(c3cccs3)=NO2)cc1,False,0,COPLATED_IN_DECODED_WELL;EXPOSED_POPULATION:V2-DEVELOPMENT-POPULATION;EXPOSED_POPULATION:WUR-POS-IDENTITY;EXPOSED_POPULATION:WUR-SEALED;MSNLIB_ANCHOR_CENSUS_DESIGN
c1ccc(C2CC2)c(COc2ccc3nccc(C4CC4)c3c2)c1,True,1,COPLATED_IN_DECODED_WELL
c1ccc(C2CC2)cc1,True,46,COPLATED_IN_DECODED_WELL;DECODED_SAME_PLATE_ION_0p01;DECODED_SAME_WELL_ION_0p7
c1ccc(C2CCC(N3Cc4c[nH]nc4C3)CO2)cc1,True,1,COPLATED_IN_DECODED_WELL;DECODED_SAME_PLATE_ION_0p01
c1ccc(C2CCC(c3ccccc3)O2)cc1,True,5,COPLATED_IN_DECODED_WELL;DECODED_SAME_PLATE_ION_0p01
c1ccc(C2CCC3c4ccccc4OC23c2ccccc2)cc1,True,3,COPLATED_IN_DECODED_WELL;DECODED_SAME_PLATE_ION_0p01
c1ccc(C2CCCC2)cc1,True,8,COPLATED_IN_DECODED_WELL;DECODED_SAME_PLATE_ION_0p01;DECODED_SAME_WELL_ION_0p7
c1ccc(C2CCCCN2Cc2cccc3[nH]ccc23)cc1,True,1,COPLATED_IN_DECODED_WELL
c1ccc(C2CCCNC2)cc1,True,4,DECODED_SAME_PLATE_ION_0p01
c1ccc(C2CCCc3cc(OC4CCCCO4)ccc32)cc1,True,1,SAMPLE1_DRAW_GROUP
c1ccc(C2CCCc3cc4c(cc32)OCO4)cc1,True,2,COPLATED_IN_DECODED_WELL
c1ccc(C2CCCc3ccccc32)cc1,False,0,COPLATED_IN_DECODED_WELL;DECODED_SAME_PLATE_ION_0p01;EXPOSED_POPULATION:LCSB-ALL-MASSBANK-V1-EXPOSURE-SET;EXPOSED_POPULATION:LCSB-DEV;EXPOSED_POPULATION:LCSB-NEG;EXPOSED_POPULATION:LCSB-POS-V2-SPECTRA;EXPOSED_POPULATION:V2-DEVELOPMENT-POPULATION
c1ccc(C2CCCc3cncn32)cc1,False,0,COPLATED_IN_DECODED_WELL;DECODED_SAME_PLATE_ION_0p01;DECODED_SAME_WELL_ION_0p7;EXPOSED_POPULATION:LCSB-ALL-MASSBANK-V1-EXPOSURE-SET;EXPOSED_POPULATION:LCSB-CONFIRMATION
c1ccc(C2CCCc3sc(Nc4ccc(-n5ccnc5)cc4)nc32)cc1,True,1,DECODED_SAME_PLATE_ION_0p01
c1ccc(C2CCN(CCC(c3ccccc3)c3ccccc3)CC2)cc1,True,1,COPLATED_IN_DECODED_WELL;DECODED_SAME_PLATE_ION_0p01;DECODED_SAME_WELL_ION_0p7
c1ccc(C2CCN(Cc3c[nH]c4ccccc34)CC2)cc1,True,1,COPLATED_IN_DECODED_WELL;DECODED_SAME_PLATE_ION_0p01
c1ccc(C2CCN(Cc3ccn4c(CC5CC5)nnc4c3)CC2)cc1,True,1,COPLATED_IN_DECODED_WELL;DECODED_SAME_PLATE_ION_0p01;DECODED_SAME_WELL_ION_0p7
c1ccc(C2CCN(Cc3ncon3)CC2)cc1,True,1,SAMPLE1_DRAW_GROUP
c1ccc(C2CCN(c3ccccn3)C2)cc1,True,1,SAMPLE1_DRAW_GROUP
c1ccc(C2CCN(c3ccn4c(CC5CC5)nnc4c3)CC2)cc1,True,1,COPLATED_IN_DECODED_WELL;DECODED_SAME_PLATE_ION_0p01;DECODED_SAME_WELL_ION_0p7
c1ccc(C2CCNC2)cc1,True,14,DECODED_SAME_PLATE_ION_0p01
c1ccc(C2CCNCC2)cc1,True,14,COPLATED_IN_DECODED_WELL;DECODED_SAME_PLATE_ION_0p01;DECODED_SAME_WELL_ION_0p7
c1ccc(C2CCNCC2COc2ccc3c(c2)OCO3)cc1,False,0,COPLATED_IN_DECODED_WELL;DECODED_SAME_PLATE_ION_0p01;DECODED_SAME_WELL_ION_0p7;EXPOSED_POPULATION:V2-DEVELOPMENT-POPULATION;EXPOSED_POPULATION:WUR-DEV-ANALYSIS;EXPOSED_POPULATION:WUR-POS-IDENTITY;MSNLIB_ANCHOR_CENSUS_DESIGN;MSNLIB_ANCHOR_CENSUS_DETECTED;MSNLIB_ANCHOR_GATE_CALIBRATION;MULTIMS2_ANCHOR_CALIBRATION
c1ccc(C2CCOCC2)nc1,False,0,DECODED_SAME_PLATE_ION_0p01
c1ccc(C2CCc3cc(Oc4ccccn4)ccc3O2)cc1,True,1,SAMPLE1_DRAW_GROUP
c1ccc(C2CCc3ccc4c(c3O2)C2CC(c3ccccc3)(Oc3ccccc32)O4)cc1,True,1,COPLATED_IN_DECODED_WELL
c1ccc(C2CCc3ccccc3C2c2ccc(OCCN3CCCC3)cc2)cc1,True,1,DECODED_SAME_PLATE_ION_0p01
c1ccc(C2CCc3ccccc3O2)cc1,True,4,COPLATED_IN_DECODED_WELL;DECODED_SAME_PLATE_ION_0p01
c1ccc(C2CCc3cncn32)cc1,True,1,DECODED_SAME_PLATE_ION_0p01
c1ccc(C2CN3CCSC3=N2)cc1,False,0,COPLATED_IN_DECODED_WELL;DECODED_SAME_PLATE_ION_0p01;DECODED_SAME_WELL_ION_0p7;EXPOSED_POPULATION:V2-DEVELOPMENT-POPULATION;EXPOSED_POPULATION:WUR-DEV-ANALYSIS;EXPOSED_POPULATION:WUR-POS-IDENTITY;MSNLIB_ANCHOR_CENSUS_DESIGN;MSNLIB_ANCHOR_CENSUS_DETECTED;MSNLIB_ANCHOR_GATE_CALIBRATION
c1ccc(C2CNCCO2)cc1,True,5,DECODED_SAME_PLATE_ION_0p01
c1ccc(C2CNCCc3ccccc32)cc1,True,5,DECODED_SAME_PLATE_ION_0p01
c1ccc(C2CNCc3ccccc32)cc1,True,1,COPLATED_IN_DECODED_WELL;DECODED_SAME_PLATE_ION_0p01;DECODED_SAME_WELL_ION_0p7;EXPOSED_POPULATION:LCSB-ALL-MASSBANK-V1-EXPOSURE-SET;EXPOSED_POPULATION:LCSB-CONFIRMATION
c1ccc(C2CO2)cc1,True,2,COPLATED_IN_DECODED_WELL;DECODED_SAME_PLATE_ION_0p01
c1ccc(C2COc3cc(OC4CCCCO4)ccc3C2)cc1,True,1,DECODED_SAME_PLATE_ION_0p01
c1ccc(C2COc3ccccc3C2)cc1,True,9,DECODED_SAME_PLATE_ION_0p01
c1ccc(C2Cc3ccccc3O2)cc1,True,4,COPLATED_IN_DECODED_WELL;DECODED_SAME_PLATE_ION_0p01
c1ccc(C2NCCCC2NCc2cccc(-n3cnnn3)c2)cc1,True,1,COPLATED_IN_DECODED_WELL;DECODED_SAME_PLATE_ION_0p01
c1ccc(C2NCCS2)cc1,True,2,COPLATED_IN_DECODED_WELL
c1ccc(C2NCCc3c2[nH]c2ccccc32)cc1,True,4,DECODED_SAME_PLATE_ION_0p01
c1ccc(C2NCCn3cccc32)cc1,True,1,SAMPLE1_DRAW_GROUP
c1ccc(C2Nc3ccccc3-c3nncnc3O2)cc1,True,2,SAMPLE1_DRAW_GROUP
c1ccc(C2Nc3ccccc3-c3nnnn32)cc1,True,1,SAMPLE1_DRAW_GROUP
c1ccc(C2OC2(Cn2cncn2)c2ccccc2)cc1,False,0,EXPOSED_POPULATION:ENTACT-MIX-LISTS-499-503-505;EXPOSED_POPULATION:LCSB-ALL-MASSBANK-V1-EXPOSURE-SET;EXPOSED_POPULATION:LCSB-CONFIRMATION;EXPOSED_POPULATION:V2-DEVELOPMENT-POPULATION;EXPOSED_POPULATION:WUR-POS-IDENTITY;EXPOSED_POPULATION:WUR-SEALED
c1ccc(C2OCC3C(c4ccc(OC5CCCCO5)cc4)OCC23)cc1,True,6,COPLATED_IN_DECODED_WELL;SAMPLE1_DRAW_GROUP
c1ccc(C2OCC3C(c4ccc5c(c4)OCO5)OCC23)cc1,True,3,SAMPLE1_DRAW_GROUP
c1ccc(C2OCC3C(c4ccccc4)OCC23)cc1,True,6,COPLATED_IN_DECODED_WELL;DECODED_SAME_PLATE_ION_0p01
c1ccc(C2OCC3CCC(O3)OC3CCNC32)cc1,True,1,COPLATED_IN_DECODED_WELL;DECODED_SAME_PLATE_ION_0p01;DECODED_SAME_WELL_ION_0p7
c1ccc(C2OCCNCc3ccccc32)cc1,True,1,COPLATED_IN_DECODED_WELL;DECODED_SAME_PLATE_ION_0p01
c1ccc(C2OCc3ccccc32)cc1,True,1,COPLATED_IN_DECODED_WELL;DECODED_SAME_PLATE_ION_0p01;DECODED_SAME_WELL_ION_0p7
c1ccc(C2OOC23C2CC4CC(C2)CC3C4)cc1,True,1,DECODED_SAME_PLATE_ION_0p01
c1ccc(C2Oc3cc(-c4cnc(C5CCCN5)[nH]4)ccc3-c3cc4cc(-c5cnc(C6CCCN6)[nH]5)ccc4n32)cc1,True,1,COPLATED_IN_DECODED_WELL
c1ccc(C2Oc3ccccc3C3CC(c4ccco4)=NN32)cc1,True,1,SAMPLE1_DRAW_GROUP
c1ccc(C2c3ccccc3Oc3ccccc32)cc1,True,1,COPLATED_IN_DECODED_WELL
c1ccc(CC(COC2CCCCO2)C(COC2CCCCO2)Cc2ccccc2)cc1,True,1,COPLATED_IN_DECODED_WELL;SAMPLE1_DRAW_GROUP
c1ccc(CC(Cc2ccccc2)n2cncn2)cc1,True,1,DECODED_SAME_PLATE_ION_0p01
c1ccc(CC(Cn2cncn2)C2CC2)cc1,False,0,EXPOSED_POPULATION:V2-DEVELOPMENT-POPULATION;EXPOSED_POPULATION:WUR-POS-IDENTITY;EXPOSED_POPULATION:WUR-SEALED
c1ccc(CC2=NCCN2)cc1,True,2,COPLATED_IN_DECODED_WELL;DECODED_SAME_PLATE_ION_0p01;DECODED_SAME_WELL_ION_0p7
c1ccc(CC2CCC(n3ccc4cncnc43)O2)cc1,True,1,COPLATED_IN_DECODED_WELL;DECODED_SAME_PLATE_ION_0p01
c1ccc(CC2CCCC2)cc1,True,2,COPLATED_IN_DECODED_WELL;DECODED_SAME_PLATE_ION_0p01
c1ccc(CC2CCCC2Cn2cncn2)cc1,False,0,EXPOSED_POPULATION:ENTACT-MIX-LISTS-499-503-505;EXPOSED_POPULATION:LCSB-ALL-MASSBANK-V1-EXPOSURE-SET;EXPOSED_POPULATION:LCSB-CONFIRMATION;EXPOSED_POPULATION:V2-DEVELOPMENT-POPULATION;EXPOSED_POPULATION:WUR-POS-IDENTITY;EXPOSED_POPULATION:WUR-SEALED
c1ccc(CC2CCCCC2)cc1,False,0,COPLATED_IN_DECODED_WELL;DECODED_SAME_PLATE_ION_0p01;DECODED_SAME_WELL_ION_0p7;EXPOSED_POPULATION:ENTACT-MIX-LISTS-499-503-505;EXPOSED_POPULATION:LCSB-ALL-MASSBANK-V1-EXPOSURE-SET;EXPOSED_POPULATION:LCSB-DEV;EXPOSED_POPULATION:LCSB-POS-V2-SPECTRA;EXPOSED_POPULATION:V2-DEVELOPMENT-POPULATION;EXPOSED_POPULATION:WUR-DEV-ANALYSIS;EXPOSED_POPULATION:WUR-POS-IDENTITY;MSNLIB_ANCHOR_CENSUS_DESIGN;MSNLIB_ANCHOR_CENSUS_DETECTED;MSNLIB_ANCHOR_GATE_CALIBRATION;MULTIMS2_ANCHOR_CALIBRATION
c1ccc(CC2CCCN2)cc1,True,4,SAMPLE1_DRAW_GROUP
c1ccc(CC2CCN(Cc3nc4ccccc4[nH]3)CC2)cc1,True,1,COPLATED_IN_DECODED_WELL
c1ccc(CC2CCN(c3ncnc4[nH]ccc34)CC2)cc1,True,1,SAMPLE1_DRAW_GROUP
c1ccc(CC2CCOCC2)cc1,True,1,SAMPLE1_DRAW_GROUP
c1ccc(CC2N(c3ccccc3)CCN2c2ccccc2)cc1,True,1,DECODED_SAME_PLATE_ION_0p01
c1ccc(CC2NCCc3ccc(Oc4cccc(CC5NCCc6ccccc65)c4)cc32)cc1,True,2,COPLATED_IN_DECODED_WELL;DECODED_SAME_PLATE_ION_0p01
c1ccc(CC2NCCc3ccccc32)cc1,False,0,DECODED_SAME_PLATE_ION_0p01;EXPOSED_POPULATION:V2-DEVELOPMENT-POPULATION;EXPOSED_POPULATION:WUR-DEV-HOLD;EXPOSED_POPULATION:WUR-POS-IDENTITY
c1ccc(CC2[NH2+]CCc3ccccc32)cc1,False,0,COPLATED_IN_DECODED_WELL;DECODED_SAME_PLATE_ION_0p01;DECODED_SAME_WELL_ION_0p7
c1ccc(CCC(Cn2ccnc2)Sc2ccccc2)cc1,True,1,COPLATED_IN_DECODED_WELL
c1ccc(CCC(Cn2cncn2)c2ccccc2)cc1,False,0,EXPOSED_POPULATION:LCSB-ALL-MASSBANK-V1-EXPOSURE-SET;EXPOSED_POPULATION:LCSB-DEV;EXPOSED_POPULATION:LCSB-POS-V2-SPECTRA;EXPOSED_POPULATION:V2-DEVELOPMENT-POPULATION;EXPOSED_POPULATION:WUR-DEV-ANALYSIS;EXPOSED_POPULATION:WUR-POS-IDENTITY
c1ccc(CCC2CCCO2)cc1,True,1,DECODED_SAME_PLATE_ION_0p01
c1ccc(CCC2c3ccccc3CCN2Cc2ccccc2)cc1,True,1,COPLATED_IN_DECODED_WELL;DECODED_SAME_PLATE_ION_0p01;DECODED_SAME_WELL_ION_0p7
c1ccc(CCCCCC2CCCC2)cc1,True,2,COPLATED_IN_DECODED_WELL;DECODED_SAME_PLATE_ION_0p01;DECODED_SAME_WELL_ION_0p7
c1ccc(CCCCCCCc2ccccc2)cc1,True,6,DECODED_SAME_PLATE_ION_0p01
c1ccc(CCCCN2CCC(C(c3ccccc3)c3ccccc3)CC2)cc1,True,2,COPLATED_IN_DECODED_WELL;DECODED_SAME_PLATE_ION_0p01;DECODED_SAME_WELL_ION_0p7
c1ccc(CCCCN2CCN(c3ccccn3)CC2)cc1,False,0,EXPOSED_POPULATION:V2-DEVELOPMENT-POPULATION;EXPOSED_POPULATION:WUR-DEV-ANALYSIS;EXPOSED_POPULATION:WUR-POS-IDENTITY
c1ccc(CCCCNCCc2ccccc2)cc1,True,3,COPLATED_IN_DECODED_WELL;DECODED_SAME_PLATE_ION_0p01;DECODED_SAME_WELL_ION_0p7
c1ccc(CCCCOCCCCCCNCCc2ccccc2)cc1,False,0,COPLATED_IN_DECODED_WELL;DECODED_SAME_PLATE_ION_0p01;DECODED_SAME_WELL_ION_0p7;EXPOSED_POPULATION:V2-DEVELOPMENT-POPULATION;EXPOSED_POPULATION:WUR-DEV-HOLD;EXPOSED_POPULATION:WUR-POS-IDENTITY;MSNLIB_ANCHOR_CENSUS_DESIGN;MSNLIB_ANCHOR_CENSUS_DETECTED;MSNLIB_ANCHOR_GATE_CALIBRATION
c1ccc(CCCCc2cc3ccncc3[nH]2)cc1,True,1,SAMPLE1_DRAW_GROUP
c1ccc(CCCCc2ccc3c(c2)OCO3)cc1,True,2,COPLATED_IN_DECODED_WELL
c1ccc(CCCCc2ccccc2)cc1,True,6,COPLATED_IN_DECODED_WELL;DECODED_SAME_PLATE_ION_0p01;DECODED_SAME_WELL_ION_0p7;EXPOSED_POPULATION:LCSB-ALL-MASSBANK-V1-EXPOSURE-SET;EXPOSED_POPULATION:LCSB-NEG
c1ccc(CCCCn2cncn2)cc1,False,0,COPLATED_IN_DECODED_WELL;DECODED_SAME_PLATE_ION_0p01;DECODED_SAME_WELL_ION_0p7;EXPOSED_POPULATION:ENTACT-MIX-LISTS-499-503-505;EXPOSED_POPULATION:LCSB-ALL-MASSBANK-V1-EXPOSURE-SET;EXPOSED_POPULATION:LCSB-DEV;EXPOSED_POPULATION:LCSB-POS-V2-SPECTRA;EXPOSED_POPULATION:LCSB-RAW-MIX-REPLICATE-SET-92;EXPOSED_POPULATION:LCSB-RAW-MIXES-499-503-505;EXPOSED_POPULATION:V2-DEVELOPMENT-POPULATION;EXPOSED_POPULATION:WUR-DEV-ANALYSIS;EXPOSED_POPULATION:WUR-NEG-DEV;EXPOSED_POPULATION:WUR-POS-IDENTITY;MSNLIB_ANCHOR_CENSUS_DESIGN;MSNLIB_ANCHOR_CENSUS_DETECTED;MSNLIB_ANCHOR_GATE_CALIBRATION
c1ccc(CCCN2CCC(c3ccccc3)CC2)cc1,True,1,COPLATED_IN_DECODED_WELL;DECODED_SAME_PLATE_ION_0p01;DECODED_SAME_WELL_ION_0p7
c1ccc(CCCN2CCCCC2)cc1,False,0,EXPOSED_POPULATION:V2-DEVELOPMENT-POPULATION;EXPOSED_POPULATION:WUR-POS-IDENTITY;EXPOSED_POPULATION:WUR-SEALED
c1ccc(CCCN2CCOCC2)cc1,False,0,COPLATED_IN_DECODED_WELL;DECODED_SAME_PLATE_ION_0p01;DECODED_SAME_WELL_ION_0p7;EXPOSED_POPULATION:V2-DEVELOPMENT-POPULATION;EXPOSED_POPULATION:WUR-DEV-ANALYSIS;EXPOSED_POPULATION:WUR-POS-IDENTITY
c1ccc(CCCNCCCc2ccccc2)cc1,True,1,COPLATED_IN_DECODED_WELL
c1ccc(CCCNCCc2ccccc2)cc1,False,0,COPLATED_IN_DECODED_WELL;DECODED_SAME_PLATE_ION_0p01;DECODED_SAME_WELL_ION_0p7;EXPOSED_POPULATION:ENTACT-MIX-LISTS-499-503-505;EXPOSED_POPULATION:LCSB-ALL-MASSBANK-V1-EXPOSURE-SET;EXPOSED_POPULATION:LCSB-DEV;EXPOSED_POPULATION:LCSB-NEG;EXPOSED_POPULATION:LCSB-POS-V2-SPECTRA;EXPOSED_POPULATION:V2-DEVELOPMENT-POPULATION;EXPOSED_POPULATION:WUR-DEV-HOLD;EXPOSED_POPULATION:WUR-POS-IDENTITY;MSNLIB_ANCHOR_CENSUS_DESIGN;MSNLIB_ANCHOR_CENSUS_DETECTED;MSNLIB_ANCHOR_GATE_CALIBRATION;MULTIMS2_ANCHOR_CALIBRATION
c1ccc(CCCNCc2cccc3ccccc23)cc1,True,1,DECODED_SAME_PLATE_ION_0p01
c1ccc(CCCNCc2ccccc2)cc1,True,1,DECODED_SAME_PLATE_ION_0p01
c1ccc(CCCNc2ccccc2)cc1,True,2,DECODED_SAME_PLATE_ION_0p01
c1ccc(CCCNc2ncccn2)cc1,True,2,COPLATED_IN_DECODED_WELL
c1ccc(CCCOC(Cn2ccnc2)c2ccccc2)cc1,True,1,DECODED_SAME_PLATE_ION_0p01
c1ccc(CCCOCCCN2CCCCC2)cc1,True,1,COPLATED_IN_DECODED_WELL;DECODED_SAME_PLATE_ION_0p01;DECODED_SAME_WELL_ION_0p7
c1ccc(CCCOc2cccc3ccccc23)cc1,True,1,COPLATED_IN_DECODED_WELL;DECODED_SAME_PLATE_ION_0p01;DECODED_SAME_WELL_ION_0p7
c1ccc(CCCOc2cncc(-c3ccc4n[nH]cc4c3)c2)cc1,True,1,DECODED_SAME_PLATE_ION_0p01;SAMPLE1_DRAW_GROUP
c1ccc(CCCc2ccccn2)cc1,False,0,EXPOSED_POPULATION:ENTACT-MIX-LISTS-499-503-505;EXPOSED_POPULATION:LCSB-ALL-MASSBANK-V1-EXPOSURE-SET;EXPOSED_POPULATION:LCSB-DEV;EXPOSED_POPULATION:LCSB-POS-V2-SPECTRA;EXPOSED_POPULATION:V2-DEVELOPMENT-POPULATION
c1ccc(CCCc2ccncc2)cc1,False,0,EXPOSED_POPULATION:LCSB-ALL-MASSBANK-V1-EXPOSURE-SET;EXPOSED_POPULATION:LCSB-CONFIRMATION
c1ccc(CCCn2ncc3c2ncn2nc(-c4ccco4)nc32)cc1,True,1,DECODED_SAME_PLATE_ION_0p01
c1ccc(CCN(CCCCOc2ccc(CN3CCCC3)cc2)Cc2ccc(-c3nn[nH]n3)cc2)cc1,True,1,COPLATED_IN_DECODED_WELL
c1ccc(CCN2CCC(Cc3ccccc3)CC2)cc1,False,0,COPLATED_IN_DECODED_WELL;DECODED_SAME_PLATE_ION_0p01;DECODED_SAME_WELL_ION_0p7;EXPOSED_POPULATION:LCSB-ALL-MASSBANK-V1-EXPOSURE-SET;EXPOSED_POPULATION:LCSB-DEV;EXPOSED_POPULATION:LCSB-POS-V2-SPECTRA;EXPOSED_POPULATION:V2-DEVELOPMENT-POPULATION;MSNLIB_ANCHOR_CENSUS_DESIGN;MSNLIB_ANCHOR_CENSUS_DETECTED;MSNLIB_ANCHOR_GATE_CALIBRATION
c1ccc(CCN2CCC(Nc3nc4ccccc4n3Cc3ccccc3)CC2)cc1,True,1,COPLATED_IN_DECODED_WELL
c1ccc(CCN2CCC(c3ccccc3)CC2)cc1,True,1,DECODED_SAME_PLATE_ION_0p01
c1ccc(CCN2CCC(c3nc4ccccc4[nH]3)CC2)cc1,True,1,COPLATED_IN_DECODED_WELL;SAMPLE1_DRAW_GROUP
c1ccc(CCNC2CCCCC2)cc1,False,0,EXPOSED_POPULATION:V2-DEVELOPMENT-POPULATION;EXPOSED_POPULATION:WUR-POS-IDENTITY;EXPOSED_POPULATION:WUR-SEALED
c1ccc(CCNC2CCN(Cc3ccccc3)CC2)cc1,True,1,COPLATED_IN_DECODED_WELL;DECODED_SAME_PLATE_ION_0p01;DECODED_SAME_WELL_ION_0p7
c1ccc(CCNC2CCc3ccccc3C2)cc1,False,0,COPLATED_IN_DECODED_WELL;DECODED_SAME_PLATE_ION_0p01;DECODED_SAME_WELL_ION_0p7;EXPOSED_POPULATION:ENTACT-MIX-LISTS-499-503-505;EXPOSED_POPULATION:LCSB-ALL-MASSBANK-V1-EXPOSURE-SET;EXPOSED_POPULATION:LCSB-DEV;EXPOSED_POPULATION:LCSB-POS-V2-SPECTRA;EXPOSED_POPULATION:V2-DEVELOPMENT-POPULATION;MSNLIB_ANCHOR_CENSUS_DESIGN;MSNLIB_ANCHOR_CENSUS_DETECTED;MSNLIB_ANCHOR_GATE_CALIBRATION
c1ccc(CCNCCCCCCOCCOCc2ccccc2)cc1,True,1,COPLATED_IN_DECODED_WELL;DECODED_SAME_PLATE_ION_0p01;DECODED_SAME_WELL_ION_0p7
c1ccc(CCNCCCOc2ccccc2)cc1,True,2,COPLATED_IN_DECODED_WELL;DECODED_SAME_PLATE_ION_0p01
c1ccc(CCNCCNc2cccc(-c3ccccc3)c2)cc1,True,1,DECODED_SAME_PLATE_ION_0p01
c1ccc(CCNCCOc2ccccc2)cc1,True,3,COPLATED_IN_DECODED_WELL;DECODED_SAME_PLATE_ION_0p01;DECODED_SAME_WELL_ION_0p7
c1ccc(CCNCCc2c[nH]c3ccccc23)cc1,True,1,SAMPLE1_DRAW_GROUP
c1ccc(CCNCCc2ccccc2)cc1,False,0,COPLATED_IN_DECODED_WELL;DECODED_SAME_PLATE_ION_0p01;DECODED_SAME_WELL_ION_0p7;EXPOSED_POPULATION:V2-DEVELOPMENT-POPULATION;EXPOSED_POPULATION:WUR-DEV-HOLD;EXPOSED_POPULATION:WUR-POS-IDENTITY;MSNLIB_ANCHOR_CENSUS_DESIGN;MSNLIB_ANCHOR_CENSUS_DETECTED;MSNLIB_ANCHOR_GATE_CALIBRATION
c1ccc(CCNCCc2cscn2)cc1,False,0,EXPOSED_POPULATION:ENTACT-MIX-LISTS-499-503-505;EXPOSED_POPULATION:LCSB-ALL-MASSBANK-V1-EXPOSURE-SET;EXPOSED_POPULATION:LCSB-DEV;EXPOSED_POPULATION:LCSB-NEG;EXPOSED_POPULATION:LCSB-POS-V2-SPECTRA;EXPOSED_POPULATION:V2-DEVELOPMENT-POPULATION
c1ccc(CCNCc2ccc(-c3ccccc3)cc2)cc1,False,0,DECODED_SAME_PLATE_ION_0p01
c1ccc(CCNc2cc(-c3ccc(OCc4ccccc4)cc3)ncn2)cc1,False,0,COPLATED_IN_DECODED_WELL;DECODED_SAME_PLATE_ION_0p01;DECODED_SAME_WELL_ION_0p7
c1ccc(CCNc2nc(-c3csc4ccccc34)nc3[nH]cnc23)cc1,False,0,DECODED_SAME_PLATE_ION_0p01
c1ccc(CCNc2nc(Oc3ccc4c(c3)CCC4)nc3c2ncn3Cc2ccc(-c3ccccc3)cc2)cc1,True,1,SAMPLE1_DRAW_GROUP
c1ccc(CCNc2ncn3nc(-c4ccco4)nc3n2)cc1,True,1,COPLATED_IN_DECODED_WELL;DECODED_SAME_PLATE_ION_0p01;DECODED_SAME_WELL_ION_0p7
c1ccc(CCNc2ncnc3c2ncn3C2CCCO2)cc1,True,1,DECODED_SAME_PLATE_ION_0p01
c1ccc(CCNc2ncnc3ccccc23)cc1,True,3,DECODED_SAME_PLATE_ION_0p01
c1ccc(CCOC2CCCCC2N2CCCC2)cc1,True,1,DECODED_SAME_PLATE_ION_0p01
c1ccc(CCOC2OCCCC2OC2CCCCO2)cc1,True,2,SAMPLE1_DRAW_GROUP
c1ccc(CCOCC2CC2)cc1,True,1,COPLATED_IN_DECODED_WELL;DECODED_SAME_PLATE_ION_0p01;DECODED_SAME_WELL_ION_0p7
c1ccc(CCOCc2cccc(Oc3ccccc3)c2)cc1,False,0,EXPOSED_POPULATION:LCSB-ALL-MASSBANK-V1-EXPOSURE-SET;EXPOSED_POPULATION:LCSB-DEV;EXPOSED_POPULATION:LCSB-POS-V2-SPECTRA;EXPOSED_POPULATION:V2-DEVELOPMENT-POPULATION;EXPOSED_POPULATION:WUR-DEV-ANALYSIS;EXPOSED_POPULATION:WUR-POS-IDENTITY
c1ccc(CCOc2ccccc2)cc1,True,15,COPLATED_IN_DECODED_WELL;DECODED_SAME_PLATE_ION_0p01
c1ccc(CCOc2ncnc3ccccc23)cc1,False,0,EXPOSED_POPULATION:V2-DEVELOPMENT-POPULATION;EXPOSED_POPULATION:WUR-POS-IDENTITY;EXPOSED_POPULATION:WUR-SEALED
c1ccc(CCc2ccc(Nc3ccccc3)cc2)cc1,True,1,DECODED_SAME_PLATE_ION_0p01
c1ccc(CCc2ccccc2)cc1,True,25,COPLATED_IN_DECODED_WELL;DECODED_SAME_PLATE_ION_0p01;EXPOSED_POPULATION:LCSB-ALL-MASSBANK-V1-EXPOSURE-SET;EXPOSED_POPULATION:LCSB-NEG
c1ccc(CCc2ccccn2)cc1,True,1,DECODED_SAME_PLATE_ION_0p01
c1ccc(CCc2cnc3ncncc3n2)cc1,True,1,COPLATED_IN_DECODED_WELL;DECODED_SAME_PLATE_ION_0p01;DECODED_SAME_WELL_ION_0p7
c1ccc(CCc2nccs2)cc1,True,2,COPLATED_IN_DECODED_WELL;DECODED_SAME_PLATE_ION_0p01
c1ccc(CCn2ccnc2)cc1,False,0,COPLATED_IN_DECODED_WELL;DECODED_SAME_PLATE_ION_0p01;DECODED_SAME_WELL_ION_0p7;EXPOSED_POPULATION:LCSB-ALL-MASSBANK-V1-EXPOSURE-SET;EXPOSED_POPULATION:LCSB-DEV;EXPOSED_POPULATION:LCSB-POS-V2-SPECTRA;EXPOSED_POPULATION:V2-DEVELOPMENT-POPULATION;EXPOSED_POPULATION:WUR-DEV-ANALYSIS;EXPOSED_POPULATION:WUR-POS-IDENTITY;MSNLIB_ANCHOR_CENSUS_DESIGN;MSNLIB_ANCHOR_CENSUS_DETECTED;MSNLIB_ANCHOR_GATE_CALIBRATION
c1ccc(CCn2cncn2)cc1,False,0,COPLATED_IN_DECODED_WELL;DECODED_SAME_PLATE_ION_0p01;DECODED_SAME_WELL_ION_0p7;EXPOSED_POPULATION:ENTACT-MIX-LISTS-499-503-505;EXPOSED_POPULATION:LCSB-ALL-MASSBANK-V1-EXPOSURE-SET;EXPOSED_POPULATION:LCSB-DEV;EXPOSED_POPULATION:LCSB-POS-V2-SPECTRA;EXPOSED_POPULATION:LCSB-RAW-MIX-REPLICATE-SET-92;EXPOSED_POPULATION:LCSB-RAW-MIXES-499-503-505;EXPOSED_POPULATION:V2-DEVELOPMENT-POPULATION;EXPOSED_POPULATION:WUR-DEV-ANALYSIS;EXPOSED_POPULATION:WUR-POS-IDENTITY;MSNLIB_ANCHOR_CENSUS_DESIGN;MSNLIB_ANCHOR_CENSUS_DETECTED;MSNLIB_ANCHOR_GATE_CALIBRATION
c1ccc(CN(CC2=NCCN2)c2ccccc2)cc1,True,1,DECODED_SAME_PLATE_ION_0p01
c1ccc(CN(CCCOc2ccccc2)CC(c2ccccc2)c2ccccc2)cc1,True,2,DECODED_SAME_PLATE_ION_0p01
c1ccc(CN(CCN(Cc2ccccn2)Cc2ccccn2)Cc2ccccn2)nc1,True,1,COPLATED_IN_DECODED_WELL
c1ccc(CN(CCN2CCCC2)c2ccccc2)cc1,True,1,COPLATED_IN_DECODED_WELL;DECODED_SAME_PLATE_ION_0p01;DECODED_SAME_WELL_ION_0p7
c1ccc(CN(CCc2c[nH]c3ccccc23)Cc2ccccc2)cc1,True,1,DECODED_SAME_PLATE_ION_0p01
c1ccc(CN(Cc2ccccc2)C2CCNCC2)cc1,True,1,SAMPLE1_DRAW_GROUP
c1ccc(CN(Cc2ccccc2)Cc2ccccc2)cc1,False,0,EXPOSED_POPULATION:ENTACT-MIX-LISTS-499-503-505;EXPOSED_POPULATION:LCSB-ALL-MASSBANK-V1-EXPOSURE-SET;EXPOSED_POPULATION:LCSB-DEV;EXPOSED_POPULATION:LCSB-POS-V2-SPECTRA;EXPOSED_POPULATION:V2-DEVELOPMENT-POPULATION
c1ccc(CN(c2nn[nH]n2)C2CCCN(CC3CCCCC3)c3ccccc32)cc1,True,1,COPLATED_IN_DECODED_WELL
c1ccc(CN2CC3CC2CN3Cc2ccc(Oc3ccc(-c4ncco4)cc3)cc2)cc1,True,1,COPLATED_IN_DECODED_WELL;SAMPLE1_DRAW_GROUP
c1ccc(CN2CC3COc4ccccc4C3C2)cc1,True,2,DECODED_SAME_PLATE_ION_0p01
c1ccc(CN2CCC(CNC3CC3c3ccccc3)CC2)cc1,True,1,COPLATED_IN_DECODED_WELL
c1ccc(CN2CCC(CNc3ccccc3)CC2)cc1,True,1,SAMPLE1_DRAW_GROUP
c1ccc(CN2CCC(COc3cccc4ncncc34)CC2)cc1,True,1,DECODED_SAME_PLATE_ION_0p01
c1ccc(CN2CCC(Nc3ccccc3)CC2)cc1,True,1,SAMPLE1_DRAW_GROUP
c1ccc(CN2CCC(Nc3cccnn3)CC2)cc1,True,1,DECODED_SAME_PLATE_ION_0p01
c1ccc(CN2CCC(c3ccccc3)C2)cc1,True,3,DECODED_SAME_PLATE_ION_0p01
c1ccc(CN2CCC(c3ncno3)CC2)cc1,True,1,SAMPLE1_DRAW_GROUP
c1ccc(CN2CCCC2)cc1,True,10,COPLATED_IN_DECODED_WELL;DECODED_SAME_PLATE_ION_0p01;DECODED_SAME_WELL_ION_0p7
c1ccc(CN2CCCCC2)cc1,True,8,COPLATED_IN_DECODED_WELL;DECODED_SAME_PLATE_ION_0p01;DECODED_SAME_WELL_ION_0p7;SAMPLE1_DRAW_GROUP
c1ccc(CN2CCCNCC2)cc1,True,1,SAMPLE1_DRAW_GROUP
c1ccc(CN2CCN(C(c3ccccc3)c3ccccc3)CC2)cc1,True,2,COPLATED_IN_DECODED_WELL;DECODED_SAME_PLATE_ION_0p01;DECODED_SAME_WELL_ION_0p7
c1ccc(CN2CCN(c3ccnc4nc(-c5cn[nH]c5)[nH]c34)CC2)cc1,True,1,COPLATED_IN_DECODED_WELL;DECODED_SAME_PLATE_ION_0p01
c1ccc(CN2CCN(c3cnn4cnnc4c3)CC2)cc1,True,1,SAMPLE1_DRAW_GROUP
c1ccc(CN2CCN(c3ncc4cn[nH]c4n3)CC2)cc1,True,1,SAMPLE1_DRAW_GROUP
c1ccc(CN2CCN(c3ncnc4c3oc3ncccc34)CC2)cc1,True,1,SAMPLE1_DRAW_GROUP
c1ccc(CN2CCNCC2)cc1,True,13,COPLATED_IN_DECODED_WELL;DECODED_SAME_PLATE_ION_0p01
c1ccc(CN2CCOCCOCCN(Cc3ccccn3)CCOCCOCC2)nc1,True,1,COPLATED_IN_DECODED_WELL
c1ccc(CN2CCc3ccsc3C2)cc1,True,2,COPLATED_IN_DECODED_WELL;DECODED_SAME_PLATE_ION_0p01
c1ccc(CN2CCc3sccc3C2)cc1,True,4,COPLATED_IN_DECODED_WELL;DECODED_SAME_PLATE_ION_0p01;DECODED_SAME_WELL_ION_0p7
c1ccc(CNC23CC4CC(CC(C4)C2)C3)cc1,False,0,COPLATED_IN_DECODED_WELL;DECODED_SAME_PLATE_ION_0p01;DECODED_SAME_WELL_ION_0p7
c1ccc(CNC2CCCC2)cc1,False,0,EXPOSED_POPULATION:V2-DEVELOPMENT-POPULATION;EXPOSED_POPULATION:WUR-DEV-ANALYSIS;EXPOSED_POPULATION:WUR-POS-IDENTITY
c1ccc(CNC2CCCCC2)cc1,True,4,COPLATED_IN_DECODED_WELL
c1ccc(CNC2CCCNC2c2ccccc2)cc1,False,0,EXPOSED_POPULATION:ENTACT-MIX-LISTS-499-503-505;EXPOSED_POPULATION:LCSB-ALL-MASSBANK-V1-EXPOSURE-SET;EXPOSED_POPULATION:LCSB-DEV;EXPOSED_POPULATION:LCSB-POS-V2-SPECTRA;EXPOSED_POPULATION:V2-DEVELOPMENT-POPULATION
c1ccc(CNC2CCNc3ccccc32)cc1,True,2,COPLATED_IN_DECODED_WELL;EXPOSED_POPULATION:LCSB-ALL-MASSBANK-V1-EXPOSURE-SET;EXPOSED_POPULATION:LCSB-NEG
c1ccc(CNCCC(c2ccccc2)c2ccccc2)cc1,True,1,COPLATED_IN_DECODED_WELL;DECODED_SAME_PLATE_ION_0p01;DECODED_SAME_WELL_ION_0p7
c1ccc(CNCCC2(c3ccccc3)CCOCC2)cc1,True,1,DECODED_SAME_PLATE_ION_0p01
c1ccc(CNCCCOc2ccccn2)cc1,True,1,DECODED_SAME_PLATE_ION_0p01
c1ccc(CNCCOc2ccccc2)cc1,True,1,COPLATED_IN_DECODED_WELL;DECODED_SAME_PLATE_ION_0p01
c1ccc(CNCCOc2ccccn2)cc1,True,3,SAMPLE1_DRAW_GROUP
c1ccc(CNCCc2c[nH]c3ccccc23)cc1,True,6,COPLATED_IN_DECODED_WELL;DECODED_SAME_PLATE_ION_0p01;DECODED_SAME_WELL_ION_0p7
c1ccc(CNCc2ccc3[nH]c4ccccc4c3c2)nc1,True,1,DECODED_SAME_PLATE_ION_0p01
c1ccc(CNCc2ccc3cn[nH]c3c2)cc1,True,1,SAMPLE1_DRAW_GROUP
c1ccc(CNCc2cccc3ccccc23)cc1,True,3,COPLATED_IN_DECODED_WELL;DECODED_SAME_PLATE_ION_0p01;DECODED_SAME_WELL_ION_0p7
c1ccc(CNCc2ccccc2)cc1,True,6,DECODED_SAME_PLATE_ION_0p01;EXPOSED_POPULATION:ENTACT-MIX-LISTS-499-503-505
c1ccc(CNCc2cccnc2-n2ccnc2)cc1,True,1,SAMPLE1_DRAW_GROUP
c1ccc(CNCc2cccs2)cc1,True,2,COPLATED_IN_DECODED_WELL
c1ccc(CNCc2cscn2)cc1,True,1,SAMPLE1_DRAW_GROUP
c1ccc(CNCc2nc(C3CC3)no2)cc1,True,1,SAMPLE1_DRAW_GROUP
c1ccc(CNc2[nH]cnc3ncnc2-3)cc1,False,0,COPLATED_IN_DECODED_WELL;DECODED_SAME_PLATE_ION_0p01;DECODED_SAME_WELL_ION_0p7;EXPOSED_POPULATION:LCSB-ALL-MASSBANK-V1-EXPOSURE-SET;EXPOSED_POPULATION:LCSB-DEV;EXPOSED_POPULATION:LCSB-NEG;EXPOSED_POPULATION:LCSB-POS-V2-SPECTRA;EXPOSED_POPULATION:V2-DEVELOPMENT-POPULATION;EXPOSED_POPULATION:WUR-DEV-ANALYSIS;EXPOSED_POPULATION:WUR-POS-IDENTITY;MSNLIB_ANCHOR_CENSUS_DESIGN;MSNLIB_ANCHOR_CENSUS_DETECTED;MSNLIB_ANCHOR_GATE_CALIBRATION
c1ccc(CNc2cc(-c3ccccc3)nc3ncnn23)cc1,True,1,COPLATED_IN_DECODED_WELL;DECODED_SAME_PLATE_ION_0p01;DECODED_SAME_WELL_ION_0p7
c1ccc(CNc2cc(-c3cn[nH]c3)cc(Nc3cnccn3)n2)cc1,True,1,COPLATED_IN_DECODED_WELL;DECODED_SAME_PLATE_ION_0p01;DECODED_SAME_WELL_ION_0p7
c1ccc(CNc2cc(NCC3CCNCC3)nc3ccnn23)cc1,True,1,DECODED_SAME_PLATE_ION_0p01
c1ccc(CNc2cc3c(-c4ccc5c(c4)OCO5)noc3cn2)cc1,True,1,COPLATED_IN_DECODED_WELL
c1ccc(CNc2ccc(-c3ccc(-n4ccnc4)cn3)nn2)cc1,True,2,COPLATED_IN_DECODED_WELL;DECODED_SAME_PLATE_ION_0p01
c1ccc(CNc2ccc(-c3nc4ncccc4o3)cc2)nc1,True,1,SAMPLE1_DRAW_GROUP
c1ccc(CNc2ccc(C3C(c4ccccc4)N=C(c4ccccc4)N3Cc3ccccc3)cc2)cc1,True,1,SAMPLE1_DRAW_GROUP
c1ccc(CNc2ccc(Cc3c[nH]c4ncccc34)cn2)cc1,True,2,COPLATED_IN_DECODED_WELL;DECODED_SAME_PLATE_ION_0p01
c1ccc(CNc2ccc3c(c2)ncn3-c2ccccc2)cc1,True,1,DECODED_SAME_PLATE_ION_0p01
c1ccc(CNc2ccc3n[nH]nc3c2)cc1,True,1,COPLATED_IN_DECODED_WELL
c1ccc(CNc2ccc3ncc(-c4ccccc4)n3n2)cc1,True,2,COPLATED_IN_DECODED_WELL;DECODED_SAME_PLATE_ION_0p01
c1ccc(CNc2cccc(-c3ccnc(NC4CCCCC4)c3)n2)cc1,False,0,DECODED_SAME_PLATE_ION_0p01
c1ccc(CNc2ccccc2)cc1,False,0,COPLATED_IN_DECODED_WELL;DECODED_SAME_PLATE_ION_0p01;EXPOSED_POPULATION:LCSB-ALL-MASSBANK-V1-EXPOSURE-SET;EXPOSED_POPULATION:LCSB-DEV;EXPOSED_POPULATION:LCSB-NEG;EXPOSED_POPULATION:LCSB-POS-V2-SPECTRA;EXPOSED_POPULATION:V2-DEVELOPMENT-POPULATION
c1ccc(CNc2ccccn2)cc1,True,5,COPLATED_IN_DECODED_WELL;DECODED_SAME_PLATE_ION_0p01;DECODED_SAME_WELL_ION_0p7
c1ccc(CNc2cccn3ccnc23)cc1,True,1,COPLATED_IN_DECODED_WELL;DECODED_SAME_PLATE_ION_0p01;DECODED_SAME_WELL_ION_0p7
c1ccc(CNc2cnnc(-c3ccccc3)n2)cc1,True,1,SAMPLE1_DRAW_GROUP
c1ccc(CNc2nc(-n3cnc4ccccc43)nc3ccccc23)cc1,True,1,COPLATED_IN_DECODED_WELL;DECODED_SAME_PLATE_ION_0p01;DECODED_SAME_WELL_ION_0p7
c1ccc(CNc2nc(N3CCCC3)nc3ccccc23)cc1,True,1,DECODED_SAME_PLATE_ION_0p01
c1ccc(CNc2nc(N3CCNCC3)nc3ccccc23)cc1,True,1,DECODED_SAME_PLATE_ION_0p01
c1ccc(CNc2nc(N3CCOc4ccccc43)nc3c2CCCC3)cc1,True,1,DECODED_SAME_PLATE_ION_0p01
c1ccc(CNc2nc(NCc3ccccc3)c3ccccc3n2)cc1,True,1,COPLATED_IN_DECODED_WELL;DECODED_SAME_PLATE_ION_0p01;DECODED_SAME_WELL_ION_0p7
c1ccc(CNc2nc(NCc3ccccc3)c3nc[nH]c3n2)cc1,True,1,DECODED_SAME_PLATE_ION_0p01
c1ccc(CNc2nc3ccccc3[nH]2)cc1,True,2,DECODED_SAME_PLATE_ION_0p01
c1ccc(CNc2ncc(-c3ccccc3)[nH]2)cc1,True,1,COPLATED_IN_DECODED_WELL;DECODED_SAME_PLATE_ION_0p01
c1ccc(CNc2nccc(-n3cccn3)n2)cc1,True,3,DECODED_SAME_PLATE_ION_0p01
c1ccc(CNc2ncccn2)cc1,True,1,COPLATED_IN_DECODED_WELL;DECODED_SAME_PLATE_ION_0p01;DECODED_SAME_WELL_ION_0p7
c1ccc(CNc2nccn3c(-c4ccccc4)cnc23)cc1,True,1,COPLATED_IN_DECODED_WELL;SAMPLE1_DRAW_GROUP
c1ccc(CNc2ncnc(-c3ccccc3)n2)cc1,True,1,COPLATED_IN_DECODED_WELL
c1ccc(CNc2ncnc3[nH]c(-c4ccc(CN5CCNCC5)cc4)cc23)cc1,True,1,DECODED_SAME_PLATE_ION_0p01
c1ccc(CNc2ncnc3[nH]c(-c4ccccc4)cc23)cc1,True,1,DECODED_SAME_PLATE_ION_0p01;SAMPLE1_DRAW_GROUP
c1ccc(CNc2ncnc3[nH]cnc23)cc1,True,6,COPLATED_IN_DECODED_WELL;DECODED_SAME_PLATE_ION_0p01;DECODED_SAME_WELL_ION_0p7;SAMPLE1_DRAW_GROUP
c1ccc(CNc2ncnc3c(N4CCN(Cc5ccccc5)CC4)ncnc23)cc1,True,1,DECODED_SAME_PLATE_ION_0p01
c1ccc(CNc2ncnc3c2CCC3)cc1,True,1,SAMPLE1_DRAW_GROUP
c1ccc(CNc2ncnc3c2ncn3C2CCCCO2)cc1,False,0,EXPOSED_POPULATION:ENTACT-MIX-LISTS-499-503-505;EXPOSED_POPULATION:LCSB-ALL-MASSBANK-V1-EXPOSURE-SET;EXPOSED_POPULATION:LCSB-DEV;EXPOSED_POPULATION:LCSB-POS-V2-SPECTRA;EXPOSED_POPULATION:V2-DEVELOPMENT-POPULATION
c1ccc(CNc2ncnc3c2ncn3C2CCCO2)cc1,True,4,DECODED_SAME_PLATE_ION_0p01
c1ccc(CNc2ncnc3ccc(OC4CCOC4)cc23)cc1,True,1,SAMPLE1_DRAW_GROUP
c1ccc(CNc2ncnc3ccccc23)cc1,True,5,COPLATED_IN_DECODED_WELL;DECODED_SAME_PLATE_ION_0p01;DECODED_SAME_WELL_ION_0p7
c1ccc(CNc2ncnc3nc[nH]c23)cc1,True,1,COPLATED_IN_DECODED_WELL;DECODED_SAME_PLATE_ION_0p01;DECODED_SAME_WELL_ION_0p7;EXPOSED_POPULATION:LCSB-ALL-MASSBANK-V1-EXPOSURE-SET;EXPOSED_POPULATION:LCSB-DEV;EXPOSED_POPULATION:LCSB-NEG;EXPOSED_POPULATION:LCSB-POS-V2-SPECTRA;EXPOSED_POPULATION:V2-DEVELOPMENT-POPULATION;EXPOSED_POPULATION:WUR-DEV-ANALYSIS;EXPOSED_POPULATION:WUR-POS-IDENTITY;MSNLIB_ANCHOR_CENSUS_DESIGN;MSNLIB_ANCHOR_CENSUS_DETECTED;MSNLIB_ANCHOR_GATE_CALIBRATION
c1ccc(COC(C[n+]2ccn(C(c3ccccc3)c3ccccc3)c2)c2ccccc2)cc1,False,0,COPLATED_IN_DECODED_WELL
c1ccc(COC(Cn2ccnc2)c2ccccc2)cc1,True,2,COPLATED_IN_DECODED_WELL;EXPOSED_POPULATION:LCSB-ALL-MASSBANK-V1-EXPOSURE-SET;EXPOSED_POPULATION:LCSB-CONFIRMATION
c1ccc(COC2CC3CCCC4CCC5OOC43C(O2)O5)cc1,True,1,DECODED_SAME_PLATE_ION_0p01
c1ccc(COC2CCCC(COC3CCCCO3)O2)cc1,True,5,COPLATED_IN_DECODED_WELL;DECODED_SAME_PLATE_ION_0p01
c1ccc(COC2CCCCO2)cc1,True,6,DECODED_SAME_PLATE_ION_0p01
c1ccc(COC2CCNCC2)cc1,True,1,DECODED_SAME_PLATE_ION_0p01
c1ccc(COC2COc3nccn3C2)cc1,True,1,COPLATED_IN_DECODED_WELL;DECODED_SAME_PLATE_ION_0p01;DECODED_SAME_WELL_ION_0p7;SAMPLE1_DRAW_GROUP
c1ccc(COCC[N+]23CCC(C(c4ccccc4)c4ccccc4)(CC2)CC3)cc1,False,0,COPLATED_IN_DECODED_WELL;DECODED_SAME_PLATE_ION_0p01
c1ccc(CON=C(Cn2ccnc2)c2ccccc2)cc1,True,1,COPLATED_IN_DECODED_WELL
c1ccc(CON=C2c3ccccc3-c3nccnc32)cc1,True,1,DECODED_SAME_PLATE_ION_0p01
c1ccc(COc2cc(OCc3cccc(-c4ccc5c(c4)OCCO5)c3)ccc2CN2CCCC2)cc1,True,1,COPLATED_IN_DECODED_WELL
c1ccc(COc2ccc(-c3ncncc3Oc3ccccc3)cc2)cc1,True,1,SAMPLE1_DRAW_GROUP
c1ccc(COc2ccc(-c3nn[nH]n3)cc2)cc1,True,1,SAMPLE1_DRAW_GROUP
c1ccc(COc2ccc(-n3cccn3)cc2)cc1,True,1,DECODED_SAME_PLATE_ION_0p01
c1ccc(COc2ccc(C3CC3NCc3nnco3)cc2)cc1,False,0,COPLATED_IN_DECODED_WELL;DECODED_SAME_PLATE_ION_0p01;DECODED_SAME_WELL_ION_0p7
c1ccc(COc2ccc(C3CCCN3)cc2)cc1,True,1,DECODED_SAME_PLATE_ION_0p01
c1ccc(COc2ccc(CC3NCCS3)cc2)cc1,True,1,DECODED_SAME_PLATE_ION_0p01
c1ccc(COc2ccc(CN(Cc3ccccc3)Cc3ncc[nH]3)cc2)cc1,False,0,COPLATED_IN_DECODED_WELL
c1ccc(COc2ccc(CNc3nnn[nH]3)cc2)cc1,True,1,SAMPLE1_DRAW_GROUP
c1ccc(COc2ccc(Cc3cncnc3)cc2)cc1,True,2,DECODED_SAME_PLATE_ION_0p01
c1ccc(COc2ccc(Nc3ccnc4ccccc34)cc2)nc1,True,1,COPLATED_IN_DECODED_WELL
c1ccc(COc2ccc(Nc3ncnc4ccc(-c5ccco5)cc34)cc2)cc1,True,1,COPLATED_IN_DECODED_WELL;DECODED_SAME_PLATE_ION_0p01
c1ccc(COc2ccc(Oc3ccccc3)cc2)cc1,True,1,DECODED_SAME_PLATE_ION_0p01
c1ccc(COc2ccc3c(Nc4ccccc4)ncnc3c2)cc1,True,1,COPLATED_IN_DECODED_WELL;DECODED_SAME_PLATE_ION_0p01;DECODED_SAME_WELL_ION_0p7
c1ccc(COc2ccc3ccccc3c2CNc2nn[nH]n2)cc1,True,1,DECODED_SAME_PLATE_ION_0p01
c1ccc(COc2cccc(-c3[nH]ncc3-c3ccncc3)c2)cc1,True,1,DECODED_SAME_PLATE_ION_0p01
c1ccc(COc2cccc(-c3cn(C4CC(CN5CCC5)C4)c4ncncc34)c2)cc1,False,0,DECODED_SAME_PLATE_ION_0p01
c1ccc(COc2cccc(C3CCN(Cc4nc5ccccc5n4CC4CCO4)CC3)n2)cc1,True,1,DECODED_SAME_PLATE_ION_0p01
c1ccc(COc2cccc(N3CCN(Cc4nc5ccccc5n4CC4CCO4)CC3)n2)cc1,True,1,COPLATED_IN_DECODED_WELL;DECODED_SAME_PLATE_ION_0p01;DECODED_SAME_WELL_ION_0p7
c1ccc(COc2cccc(OCc3cccc(-c4ccc5c(c4)OCCO5)c3)c2)cc1,True,1,SAMPLE1_DRAW_GROUP
c1ccc(COc2cccc3ccc(N4CCOCC4)nc23)cc1,True,1,SAMPLE1_DRAW_GROUP
c1ccc(COc2ccccc2)cc1,False,0,DECODED_SAME_PLATE_ION_0p01;EXPOSED_POPULATION:V2-DEVELOPMENT-POPULATION;EXPOSED_POPULATION:WUR-POS-IDENTITY;EXPOSED_POPULATION:WUR-SEALED
c1ccc(COc2ccccc2OCc2ccccc2)cc1,True,2,DECODED_SAME_PLATE_ION_0p01
c1ccc(COc2ccccn2)cc1,False,0,EXPOSED_POPULATION:ENTACT-MIX-LISTS-499-503-505;EXPOSED_POPULATION:LCSB-ALL-MASSBANK-V1-EXPOSURE-SET;EXPOSED_POPULATION:LCSB-CONFIRMATION;EXPOSED_POPULATION:V2-DEVELOPMENT-POPULATION;EXPOSED_POPULATION:WUR-POS-IDENTITY;EXPOSED_POPULATION:WUR-SEALED
c1ccc(COc2ccn(-c3ccccc3)n2)cc1,False,0,COPLATED_IN_DECODED_WELL;DECODED_SAME_PLATE_ION_0p01;DECODED_SAME_WELL_ION_0p7;EXPOSED_POPULATION:ENTACT-MIX-LISTS-499-503-505;EXPOSED_POPULATION:LCSB-ALL-MASSBANK-V1-EXPOSURE-SET;EXPOSED_POPULATION:LCSB-CONFIRMATION;EXPOSED_POPULATION:V2-DEVELOPMENT-POPULATION;EXPOSED_POPULATION:WUR-POS-IDENTITY;EXPOSED_POPULATION:WUR-SEALED;MSNLIB_ANCHOR_CENSUS_DESIGN;MSNLIB_ANCHOR_CENSUS_DETECTED;MSNLIB_ANCHOR_GATE_CALIBRATION
c1ccc(COc2ccnc(Nc3ccccc3)n2)cc1,False,0,EXPOSED_POPULATION:V2-DEVELOPMENT-POPULATION;EXPOSED_POPULATION:WUR-POS-IDENTITY;EXPOSED_POPULATION:WUR-SEALED
c1ccc(COc2ccsn2)cc1,True,1,SAMPLE1_DRAW_GROUP
c1ccc(COc2cncc(-c3cncnc3)c2)cc1,True,1,COPLATED_IN_DECODED_WELL
c1ccc(COc2cncc(-c3cnn(C4CCNCC4)c3)c2)cc1,True,1,COPLATED_IN_DECODED_WELL
c1ccc(COc2cncc(N3CCNCC3)n2)cc1,True,1,COPLATED_IN_DECODED_WELL;DECODED_SAME_PLATE_ION_0p01
c1ccc(COc2csc(-n3cnc4ccccc43)c2)cc1,True,2,COPLATED_IN_DECODED_WELL
c1ccc(COc2nc(N3CCNCC3)ncc2Sc2ccccc2)cc1,True,1,DECODED_SAME_PLATE_ION_0p01
c1ccc(COc2ncnc3nc[nH]c23)cc1,True,2,SAMPLE1_DRAW_GROUP
c1ccc(CSC(Cn2ccnc2)c2ccccc2)cc1,True,1,COPLATED_IN_DECODED_WELL
c1ccc(CSCCCSCc2ccccc2)cc1,False,0,DECODED_SAME_PLATE_ION_0p01
c1ccc(CSCc2ccc(-c3ccccc3)cc2)cc1,True,1,SAMPLE1_DRAW_GROUP
c1ccc(CSSCc2ccccc2)cc1,True,1,DECODED_SAME_PLATE_ION_0p01
c1ccc(CSc2cc(-c3cccnc3)ccn2)cc1,True,1,SAMPLE1_DRAW_GROUP
c1ccc(CSc2ccccn2)cc1,True,2,COPLATED_IN_DECODED_WELL
c1ccc(CSc2ccsc2)cc1,True,1,DECODED_SAME_PLATE_ION_0p01
c1ccc(CSc2nc3ccccc3[nH]2)cc1,True,3,SAMPLE1_DRAW_GROUP
c1ccc(CSc2nc3ccccc3[nH]2)nc1,True,2,COPLATED_IN_DECODED_WELL;DECODED_SAME_PLATE_ION_0p01;DECODED_SAME_WELL_ION_0p7
c1ccc(CSc2nc3ccccc3s2)cc1,True,1,DECODED_SAME_PLATE_ION_0p01
c1ccc(CSc2ncc3scnc3n2)cc1,True,2,DECODED_SAME_PLATE_ION_0p01
c1ccc(CSc2ncnc3c2ncn3C2CCCO2)cc1,True,2,DECODED_SAME_PLATE_ION_0p01
c1ccc(CSc2ncnc3c2oc2ccccc23)cc1,True,1,SAMPLE1_DRAW_GROUP
c1ccc(CSc2nnc(CN3CCOCC3)n2-c2ccccc2)cc1,True,1,SAMPLE1_DRAW_GROUP
c1ccc(C[N+]2(CCOCCC3CCC4CC3C4)CCOCC2)cc1,False,0,DECODED_SAME_PLATE_ION_0p01
c1ccc(C[NH2+]CCOCCOc2ccccc2)cc1,False,0,COPLATED_IN_DECODED_WELL
c1ccc(C[NH2+]CCOc2ccccc2)cc1,False,0,COPLATED_IN_DECODED_WELL;DECODED_SAME_PLATE_ION_0p01
c1ccc(C[SH+]c2nc3ccc(-n4cccc4)cc3[nH]2)nc1,True,1,COPLATED_IN_DECODED_WELL
c1ccc(C[SH+]c2nc3ccccc3[nH]2)nc1,True,4,COPLATED_IN_DECODED_WELL;DECODED_SAME_PLATE_ION_0p01;DECODED_SAME_WELL_ION_0p7;EXPOSED_POPULATION:ENTACT-MIX-LISTS-499-503-505
c1ccc(Cc2c(-c3cccc(-c4ccccc4)c3)nn(-c3nccs3)c2CC2CC2)cc1,True,1,COPLATED_IN_DECODED_WELL
c1ccc(Cc2c[nH]nc2OC2CCCCO2)cc1,True,3,COPLATED_IN_DECODED_WELL;DECODED_SAME_PLATE_ION_0p01;DECODED_SAME_WELL_ION_0p7
c1ccc(Cc2cc(C3CCN(CC4CCCC4c4ccccc4)CC3)[nH]n2)cc1,False,0,EXPOSED_POPULATION:LCSB-ALL-MASSBANK-V1-EXPOSURE-SET;EXPOSED_POPULATION:LCSB-CONFIRMATION;EXPOSED_POPULATION:LCSB-NEG
c1ccc(Cc2ccc(-c3cn[nH]c3)cc2)cc1,True,1,COPLATED_IN_DECODED_WELL;DECODED_SAME_PLATE_ION_0p01
c1ccc(Cc2ccc3c(c2)C2(CCCCO2)OC3)cc1,True,1,COPLATED_IN_DECODED_WELL;DECODED_SAME_WELL_ION_0p7
c1ccc(Cc2ccc3c(c2)OCO3)cc1,True,1,DECODED_SAME_PLATE_ION_0p01
c1ccc(Cc2ccc3ccccc3c2)cc1,True,1,DECODED_SAME_PLATE_ION_0p01
c1ccc(Cc2ccc3nc[nH]c3c2)cc1,False,0,EXPOSED_POPULATION:V2-DEVELOPMENT-POPULATION;EXPOSED_POPULATION:WUR-DEV-ANALYSIS;EXPOSED_POPULATION:WUR-POS-IDENTITY
c1ccc(Cc2cccc(C34CCCC(CO3)O4)c2)cc1,True,1,COPLATED_IN_DECODED_WELL;DECODED_SAME_PLATE_ION_0p01
c1ccc(Cc2cccc(C3CCCCO3)c2)cc1,True,5,COPLATED_IN_DECODED_WELL;DECODED_SAME_PLATE_ION_0p01;SAMPLE1_DRAW_GROUP
c1ccc(Cc2cccc(Cc3ccccc3)c2)cc1,True,1,COPLATED_IN_DECODED_WELL;EXPOSED_POPULATION:ENTACT-MIX-LISTS-499-503-505
c1ccc(Cc2ccccc2)cc1,False,0,COPLATED_IN_DECODED_WELL;DECODED_SAME_PLATE_ION_0p01;DECODED_SAME_WELL_ION_0p7;EXPOSED_POPULATION:ENTACT-MIX-LISTS-499-503-505;EXPOSED_POPULATION:LCSB-ALL-MASSBANK-V1-EXPOSURE-SET;EXPOSED_POPULATION:LCSB-DEV;EXPOSED_POPULATION:LCSB-NEG;EXPOSED_POPULATION:LCSB-POS-V2-SPECTRA;EXPOSED_POPULATION:LCSB-RAW-MIX-REPLICATE-SET-92;EXPOSED_POPULATION:V2-DEVELOPMENT-POPULATION;EXPOSED_POPULATION:WUR-NEG-D6-EXCLUDED;EXPOSED_POPULATION:WUR-POS-IDENTITY;EXPOSED_POPULATION:WUR-SEALED
c1ccc(Cc2ccccc2OCCN2CCCCC2)cc1,True,1,COPLATED_IN_DECODED_WELL;DECODED_SAME_PLATE_ION_0p01
c1ccc(Cc2ccccn2)cc1,True,6,COPLATED_IN_DECODED_WELL;DECODED_SAME_PLATE_ION_0p01;DECODED_SAME_WELL_ION_0p7
c1ccc(Cc2cnc(N3CCN(c4ncnn5cc(-c6cn[nH]c6)cc45)CC3)nc2)cc1,True,1,COPLATED_IN_DECODED_WELL
c1ccc(Cc2cnc[nH]2)cc1,True,3,COPLATED_IN_DECODED_WELL;DECODED_SAME_PLATE_ION_0p01
c1ccc(Cc2cncnc2)cc1,False,0,COPLATED_IN_DECODED_WELL;DECODED_SAME_PLATE_ION_0p01;DECODED_SAME_WELL_ION_0p7;EXPOSED_POPULATION:V2-DEVELOPMENT-POPULATION;EXPOSED_POPULATION:WUR-DEV-ANALYSIS;EXPOSED_POPULATION:WUR-POS-IDENTITY;MSNLIB_ANCHOR_CENSUS_DESIGN;MSNLIB_ANCHOR_CENSUS_DETECTED;MSNLIB_ANCHOR_GATE_CALIBRATION;MULTIMS2_ANCHOR_CALIBRATION
c1ccc(Cc2cnn(-c3ncc(C4CC4)cn3)c2)cc1,True,1,SAMPLE1_DRAW_GROUP
c1ccc(Cc2n[nH]c3ncncc23)cc1,True,1,COPLATED_IN_DECODED_WELL;DECODED_SAME_PLATE_ION_0p01;DECODED_SAME_WELL_ION_0p7
c1ccc(Cc2nc(-c3ccc4nc[nH]c4c3)no2)cc1,True,1,SAMPLE1_DRAW_GROUP
c1ccc(Cc2nc(-c3ccnc(N4CCOCC4)c3)no2)cc1,True,1,SAMPLE1_DRAW_GROUP
c1ccc(Cc2nc3ccccc3[nH]2)cc1,True,3,COPLATED_IN_DECODED_WELL;DECODED_SAME_PLATE_ION_0p01;DECODED_SAME_WELL_ION_0p7
c1ccc(Cc2ncc3ccccn23)cc1,True,1,DECODED_SAME_PLATE_ION_0p01
c1ccc(Cc2nccc3ccccc23)cc1,False,0,COPLATED_IN_DECODED_WELL;DECODED_SAME_PLATE_ION_0p01;DECODED_SAME_WELL_ION_0p7;EXPOSED_POPULATION:V2-DEVELOPMENT-POPULATION;EXPOSED_POPULATION:WUR-DEV-ANALYSIS;EXPOSED_POPULATION:WUR-POS-IDENTITY;MSNLIB_ANCHOR_CENSUS_DESIGN;MSNLIB_ANCHOR_CENSUS_DETECTED;MSNLIB_ANCHOR_GATE_CALIBRATION
c1ccc(Cc2nccn2-c2ccc(-c3ccccc3)cc2)cc1,True,2,DECODED_SAME_PLATE_ION_0p01
c1ccc(Cc2ncn(-c3ccccc3)n2)cc1,True,1,COPLATED_IN_DECODED_WELL;DECODED_SAME_PLATE_ION_0p01
c1ccc(Cc2nn3c(-c4ccco4)nnc3s2)cc1,True,1,SAMPLE1_DRAW_GROUP
c1ccc(Cc2nn[nH]n2)c(COc2ccc(OCc3ccc4ccccc4n3)cc2)c1,True,1,DECODED_SAME_PLATE_ION_0p01
c1ccc(Cn2c(-c3ccccc3)nc(-c3ccccc3)c2-c2ccccc2)cc1,True,1,COPLATED_IN_DECODED_WELL
c1ccc(Cn2c(CN3CCCC3)nc3ccccc32)cc1,True,1,COPLATED_IN_DECODED_WELL;DECODED_SAME_PLATE_ION_0p01;DECODED_SAME_WELL_ION_0p7
c1ccc(Cn2c(NCc3ccco3)nc3ccccc32)cc1,True,1,COPLATED_IN_DECODED_WELL;DECODED_SAME_PLATE_ION_0p01;DECODED_SAME_WELL_ION_0p7;SAMPLE1_DRAW_GROUP
c1ccc(Cn2c(Sc3ncnc4c3sc3ncccc34)nnc2-c2ccncc2)cc1,True,1,COPLATED_IN_DECODED_WELL;DECODED_SAME_PLATE_ION_0p01;DECODED_SAME_WELL_ION_0p7
c1ccc(Cn2c3c(c4ccccc42)CCC3)cc1,True,1,COPLATED_IN_DECODED_WELL
c1ccc(Cn2c3c(c4ccccc42)CNCC3)cc1,True,2,COPLATED_IN_DECODED_WELL;DECODED_SAME_PLATE_ION_0p01;SAMPLE1_DRAW_GROUP
c1ccc(Cn2c3ccccc3c3nnc(SCCN4CCOCC4)nc32)cc1,True,1,COPLATED_IN_DECODED_WELL
c1ccc(Cn2cc(C3CC3)nn2)cc1,True,1,SAMPLE1_DRAW_GROUP
c1ccc(Cn2cc[n+](Cc3ccccc3)c2)cc1,False,0,DECODED_SAME_PLATE_ION_0p01
c1ccc(Cn2ccc3ccccc32)cc1,True,9,DECODED_SAME_PLATE_ION_0p01
c1ccc(Cn2cccc2-c2ncno2)cc1,True,1,SAMPLE1_DRAW_GROUP
c1ccc(Cn2ccnc2)cc1,True,4,COPLATED_IN_DECODED_WELL;DECODED_SAME_PLATE_ION_0p01;DECODED_SAME_WELL_ION_0p7
c1ccc(Cn2ccnn2)cc1,True,11,COPLATED_IN_DECODED_WELL;DECODED_SAME_PLATE_ION_0p01
c1ccc(Cn2cnc3ccc(N4CCOCC4)cc32)cc1,True,1,DECODED_SAME_PLATE_ION_0p01
c1ccc(Cn2cnc3ccccc32)cc1,True,7,SAMPLE1_DRAW_GROUP
c1ccc(Cn2cnc3cnc4ccccc4c32)cc1,True,1,COPLATED_IN_DECODED_WELL
c1ccc(Cn2cnc3cncnc32)cc1,True,2,DECODED_SAME_PLATE_ION_0p01
c1ccc(Cn2cnc3cncnc32)nc1,True,1,DECODED_SAME_PLATE_ION_0p01
c1ccc(Cn2cncn2)cc1,False,0,COPLATED_IN_DECODED_WELL;DECODED_SAME_PLATE_ION_0p01;DECODED_SAME_WELL_ION_0p7;EXPOSED_POPULATION:LCSB-ALL-MASSBANK-V1-EXPOSURE-SET;EXPOSED_POPULATION:LCSB-DEV;EXPOSED_POPULATION:LCSB-POS-V2-SPECTRA;EXPOSED_POPULATION:V2-DEVELOPMENT-POPULATION;EXPOSED_POPULATION:WUR-DEV-ANALYSIS;EXPOSED_POPULATION:WUR-POS-IDENTITY;MSNLIB_ANCHOR_CENSUS_DESIGN;MSNLIB_ANCHOR_CENSUS_DETECTED;MSNLIB_ANCHOR_GATE_CALIBRATION;MULTIMS2_ANCHOR_CALIBRATION
c1ccc(Cn2nc(-c3ccccc3)c3c2CCNCC3)cc1,True,1,COPLATED_IN_DECODED_WELL;DECODED_SAME_PLATE_ION_0p01;DECODED_SAME_WELL_ION_0p7
c1ccc(Cn2nc(-c3ccco3)c3ccccc32)cc1,True,1,DECODED_SAME_PLATE_ION_0p01
c1ccc(Cn2nc(-c3ncccn3)c3cccnc32)cc1,True,3,COPLATED_IN_DECODED_WELL;DECODED_SAME_PLATE_ION_0p01;DECODED_SAME_WELL_ION_0p7
c1ccc(Cn2nc(-c3ncccn3)cc2-c2ccon2)cc1,True,2,COPLATED_IN_DECODED_WELL;DECODED_SAME_PLATE_ION_0p01;DECODED_SAME_WELL_ION_0p7
c1ccc(Cn2ncc3c(N4CCCCC4)ncnc32)cc1,True,1,SAMPLE1_DRAW_GROUP
c1ccc(Cn2ncc3ccccc32)cc1,True,6,COPLATED_IN_DECODED_WELL;DECODED_SAME_PLATE_ION_0p01;DECODED_SAME_WELL_ION_0p7
c1ccc(Cn2ncnn2)nc1,True,1,SAMPLE1_DRAW_GROUP
c1ccc(Cn2nnc3c(-c4ccco4)ncnc32)cc1,True,1,DECODED_SAME_PLATE_ION_0p01
c1ccc(Cn2nnc3c(Sc4nc5ccccc5o4)ncnc32)cc1,False,0,DECODED_SAME_PLATE_ION_0p01
c1ccc(Cn2nnc3cnc4ccc(-c5ccc6ocnc6c5)cc4c32)cc1,True,1,COPLATED_IN_DECODED_WELL
c1ccc(N(CC2=NCCN2)c2ccccc2)cc1,True,1,COPLATED_IN_DECODED_WELL;DECODED_SAME_PLATE_ION_0p01
c1ccc(N(c2ccccc2)c2ccccc2)cc1,True,2,DECODED_SAME_PLATE_ION_0p01
c1ccc(N(c2ccccc2)c2ncccn2)cc1,True,2,DECODED_SAME_PLATE_ION_0p01
c1ccc(N2C3CCCC2CC3)cc1,True,1,DECODED_SAME_PLATE_ION_0p01
c1ccc(N2CC(Nc3nc4ccccc4o3)C2)nc1,True,1,SAMPLE1_DRAW_GROUP
c1ccc(N2CC(Nc3nccn4nccc34)C2)nc1,True,1,DECODED_SAME_PLATE_ION_0p01
c1ccc(N2CCC(COc3ccncn3)CC2)nc1,True,1,SAMPLE1_DRAW_GROUP
c1ccc(N2CCC(NCc3cccc4ccccc34)C2)cc1,True,1,COPLATED_IN_DECODED_WELL;DECODED_SAME_PLATE_ION_0p01;DECODED_SAME_WELL_ION_0p7
c1ccc(N2CCC3(CCCCC3)CC2)cc1,True,1,DECODED_SAME_PLATE_ION_0p01;SAMPLE1_DRAW_GROUP
c1ccc(N2CCCC2)cc1,True,12,DECODED_SAME_PLATE_ION_0p01
c1ccc(N2CCCCC2)cc1,True,8,DECODED_SAME_PLATE_ION_0p01
c1ccc(N2CCCCC2)nc1,True,17,DECODED_SAME_PLATE_ION_0p01;SAMPLE1_DRAW_GROUP
c1ccc(N2CCCCCC2)nc1,True,1,SAMPLE1_DRAW_GROUP
c1ccc(N2CCCN(c3ccncn3)CC2)cc1,True,1,SAMPLE1_DRAW_GROUP
c1ccc(N2CCN(CCC3CCCCC3)CC2)cc1,True,1,COPLATED_IN_DECODED_WELL;DECODED_SAME_PLATE_ION_0p01;DECODED_SAME_WELL_ION_0p7;SAMPLE1_DRAW_GROUP
c1ccc(N2CCN(CCCOc3cccc4ccccc34)CC2)cc1,True,1,DECODED_SAME_PLATE_ION_0p01
c1ccc(N2CCN(CCc3ccc4ccccc4n3)CC2)cc1,True,1,COPLATED_IN_DECODED_WELL;DECODED_SAME_PLATE_ION_0p01;DECODED_SAME_WELL_ION_0p7
c1ccc(N2CCN(CCc3nnc4n3CCCC4)CC2)cc1,True,1,DECODED_SAME_PLATE_ION_0p01
c1ccc(N2CCN(Cc3nc4ccccc4[nH]3)CC2)cc1,True,2,DECODED_SAME_PLATE_ION_0p01
c1ccc(N2CCN(Cc3nc4ccccc4[nH]3)CC2)nc1,True,1,COPLATED_IN_DECODED_WELL;DECODED_SAME_PLATE_ION_0p01
c1ccc(N2CCN(c3nc(C4CC4)nc4ccccc34)CC2)cc1,True,1,DECODED_SAME_PLATE_ION_0p01
c1ccc(N2CCN(c3ncnc4[nH]cnc34)CC2)cc1,True,1,SAMPLE1_DRAW_GROUP
c1ccc(N2CCN(c3ncnc4[nH]nnc34)CC2)cc1,True,1,SAMPLE1_DRAW_GROUP
c1ccc(N2CCNCC2)cc1,True,14,COPLATED_IN_DECODED_WELL
c1ccc(N2CCNCC2)nc1,True,11,DECODED_SAME_PLATE_ION_0p01
c1ccc(N2CCOCC2)cc1,False,0,EXPOSED_POPULATION:LCSB-ALL-MASSBANK-V1-EXPOSURE-SET;EXPOSED_POPULATION:LCSB-DEV;EXPOSED_POPULATION:LCSB-POS-V2-SPECTRA;EXPOSED_POPULATION:V2-DEVELOPMENT-POPULATION
c1ccc(N2CCn3c(SCc4ccccn4)nnc32)cc1,True,1,SAMPLE1_DRAW_GROUP
c1ccc(N=C(c2ccccc2)c2c[nH]c3ccccc23)cc1,True,2,DECODED_SAME_PLATE_ION_0p01
c1ccc(N=NNc2ccccc2)cc1,True,1,DECODED_SAME_PLATE_ION_0p01
c1ccc(N=Nc2ccc(N=Nc3cccc4ccccc34)cc2)cc1,True,1,DECODED_SAME_PLATE_ION_0p01
c1ccc(N=Nc2cccc3ccccc23)cc1,False,0,COPLATED_IN_DECODED_WELL;DECODED_SAME_PLATE_ION_0p01;DECODED_SAME_WELL_ION_0p7;EXPOSED_POPULATION:ENTACT-MIX-LISTS-499-503-505;EXPOSED_POPULATION:LCSB-ALL-MASSBANK-V1-EXPOSURE-SET;EXPOSED_POPULATION:LCSB-DEV;EXPOSED_POPULATION:LCSB-POS-V2-SPECTRA;EXPOSED_POPULATION:V2-DEVELOPMENT-POPULATION;MSNLIB_ANCHOR_CENSUS_DESIGN;MSNLIB_ANCHOR_CENSUS_DETECTED;MSNLIB_ANCHOR_GATE_CALIBRATION
c1ccc(N=Nc2ccccc2)cc1,False,0,COPLATED_IN_DECODED_WELL;DECODED_SAME_PLATE_ION_0p01;DECODED_SAME_WELL_ION_0p7;EXPOSED_POPULATION:LCSB-ALL-MASSBANK-V1-EXPOSURE-SET;EXPOSED_POPULATION:LCSB-DEV;EXPOSED_POPULATION:LCSB-POS-V2-SPECTRA;EXPOSED_POPULATION:V2-DEVELOPMENT-POPULATION;EXPOSED_POPULATION:WUR-POS-IDENTITY;EXPOSED_POPULATION:WUR-SEALED;MSNLIB_ANCHOR_CENSUS_DESIGN;MSNLIB_ANCHOR_CENSUS_DETECTED;MSNLIB_ANCHOR_GATE_CALIBRATION
c1ccc(N=Nc2cccnc2)cc1,False,0,COPLATED_IN_DECODED_WELL;DECODED_SAME_PLATE_ION_0p01;DECODED_SAME_WELL_ION_0p7;EXPOSED_POPULATION:ENTACT-MIX-LISTS-499-503-505;EXPOSED_POPULATION:LCSB-ALL-MASSBANK-V1-EXPOSURE-SET;EXPOSED_POPULATION:LCSB-DEV;EXPOSED_POPULATION:LCSB-POS-V2-SPECTRA;EXPOSED_POPULATION:V2-DEVELOPMENT-POPULATION;MSNLIB_ANCHOR_CENSUS_DESIGN;MSNLIB_ANCHOR_CENSUS_DETECTED;MSNLIB_ANCHOR_GATE_CALIBRATION;MULTIMS2_ANCHOR_CALIBRATION
c1ccc(N=Nc2cnc3ccccc3n2)cc1,True,1,DECODED_SAME_PLATE_ION_0p01
c1ccc(N=c2[nH]ccs2)cc1,False,0,EXPOSED_POPULATION:V2-DEVELOPMENT-POPULATION;EXPOSED_POPULATION:WUR-DEV-ANALYSIS;EXPOSED_POPULATION:WUR-POS-IDENTITY
c1ccc(NC(c2ccc3cccnc3c2)c2cccs2)nc1,True,1,COPLATED_IN_DECODED_WELL;SAMPLE1_DRAW_GROUP
c1ccc(NC2=NCCCS2)cc1,False,0,EXPOSED_POPULATION:V2-DEVELOPMENT-POPULATION;EXPOSED_POPULATION:WUR-DEV-ANALYSIS;EXPOSED_POPULATION:WUR-POS-IDENTITY;MULTIMS2_ANCHOR_CALIBRATION
c1ccc(NC2=NCCN2)cc1,False,0,COPLATED_IN_DECODED_WELL;DECODED_SAME_PLATE_ION_0p01;DECODED_SAME_WELL_ION_0p7;EXPOSED_POPULATION:V2-DEVELOPMENT-POPULATION;EXPOSED_POPULATION:WUR-DEV-HOLD;EXPOSED_POPULATION:WUR-POS-IDENTITY;MSNLIB_ANCHOR_CENSUS_DESIGN;MSNLIB_ANCHOR_CENSUS_DETECTED;MSNLIB_ANCHOR_GATE_CALIBRATION;MULTIMS2_ANCHOR_CALIBRATION
c1ccc(NC2CCCCC2)nc1,True,1,SAMPLE1_DRAW_GROUP
c1ccc(NC2CCCNC2)cc1,True,1,SAMPLE1_DRAW_GROUP
c1ccc(NCC2CC2)cc1,False,0,EXPOSED_POPULATION:ENTACT-MIX-LISTS-499-503-505
c1ccc(NCCCNc2ccccc2)cc1,False,0,COPLATED_IN_DECODED_WELL
c1ccc(NCCCn2c3ccccc3c3ccccc32)cc1,True,5,COPLATED_IN_DECODED_WELL
c1ccc(NCc2ccc(CNc3ccccn3)cc2)nc1,True,1,DECODED_SAME_PLATE_ION_0p01
c1ccc(NCc2ccc3ncncc3c2)cc1,True,1,DECODED_SAME_PLATE_ION_0p01
c1ccc(NCc2ccco2)cc1,False,0,COPLATED_IN_DECODED_WELL;EXPOSED_POPULATION:LCSB-ALL-MASSBANK-V1-EXPOSURE-SET;EXPOSED_POPULATION:LCSB-NEG
c1ccc(NCc2ccnc(N3CCCCC3)c2)nc1,True,1,SAMPLE1_DRAW_GROUP
c1ccc(NCc2ccncc2)cc1,True,2,SAMPLE1_DRAW_GROUP
c1ccc(NCc2cnc3ncncc3n2)cc1,True,2,COPLATED_IN_DECODED_WELL
c1ccc(NCn2cccn2)cc1,False,0,EXPOSED_POPULATION:V2-DEVELOPMENT-POPULATION;EXPOSED_POPULATION:WUR-DEV-HOLD;EXPOSED_POPULATION:WUR-POS-IDENTITY
c1ccc(NNc2cnc3ccccc3n2)cc1,True,1,DECODED_SAME_PLATE_ION_0p01;SAMPLE1_DRAW_GROUP
c1ccc(Nc2[nH]nc3ncncc23)cc1,True,1,SAMPLE1_DRAW_GROUP
c1ccc(Nc2c(-c3ccccc3)nc3n2CCNC3)cc1,True,2,DECODED_SAME_PLATE_ION_0p01
c1ccc(Nc2c3c(nc4ncnn24)CCC3)cc1,True,1,DECODED_SAME_PLATE_ION_0p01;SAMPLE1_DRAW_GROUP
c1ccc(Nc2c3ccccc3nc3ccccc23)cc1,True,1,COPLATED_IN_DECODED_WELL;DECODED_SAME_PLATE_ION_0p01;DECODED_SAME_WELL_ION_0p7
c1ccc(Nc2cc(-c3ccccc3)ncn2)cc1,True,3,DECODED_SAME_PLATE_ION_0p01
c1ccc(Nc2cc(N3CCCCC3)nc3ccnn23)cc1,True,1,DECODED_SAME_PLATE_ION_0p01
c1ccc(Nc2cc(NC3CCCCC3)ncn2)cc1,True,1,COPLATED_IN_DECODED_WELL;DECODED_SAME_PLATE_ION_0p01;DECODED_SAME_WELL_ION_0p7
c1ccc(Nc2cc[nH]n2)cc1,True,1,SAMPLE1_DRAW_GROUP
c1ccc(Nc2ccc(-c3cc4ccccc4[nH]3)cc2)cc1,False,0,COPLATED_IN_DECODED_WELL;DECODED_SAME_PLATE_ION_0p01
c1ccc(Nc2ccc(-c3cccc4c3OCCO4)nc2)cc1,True,1,DECODED_SAME_PLATE_ION_0p01
c1ccc(Nc2ccc3[nH]cnc3c2)cc1,True,4,COPLATED_IN_DECODED_WELL
c1ccc(Nc2ccc3[nH]ncc3c2)nc1,True,1,SAMPLE1_DRAW_GROUP
c1ccc(Nc2ccc3c(c2)CCCC3CNc2cccnc2)cc1,True,1,DECODED_SAME_PLATE_ION_0p01
c1ccc(Nc2ccc3ccccc3c2)cc1,False,0,EXPOSED_POPULATION:ENTACT-MIX-LISTS-499-503-505
c1ccc(Nc2ccc3ncc(-c4cn[nH]c4)nc3c2)cc1,True,1,COPLATED_IN_DECODED_WELL;DECODED_SAME_PLATE_ION_0p01;DECODED_SAME_WELL_ION_0p7
c1ccc(Nc2ccc3nonc3c2)cc1,True,2,SAMPLE1_DRAW_GROUP
c1ccc(Nc2cccc(-c3ccccc3)n2)cc1,True,1,DECODED_SAME_PLATE_ION_0p01
c1ccc(Nc2cccc3ccccc23)cc1,False,0,DECODED_SAME_PLATE_ION_0p01;EXPOSED_POPULATION:V2-DEVELOPMENT-POPULATION;EXPOSED_POPULATION:WUR-NEG-D6-EXCLUDED;EXPOSED_POPULATION:WUR-POS-IDENTITY;EXPOSED_POPULATION:WUR-SEALED
c1ccc(Nc2ccccc2)cc1,False,0,COPLATED_IN_DECODED_WELL;DECODED_SAME_PLATE_ION_0p01;DECODED_SAME_WELL_ION_0p7;EXPOSED_POPULATION:ENTACT-MIX-LISTS-499-503-505;EXPOSED_POPULATION:LCSB-ALL-MASSBANK-V1-EXPOSURE-SET;EXPOSED_POPULATION:LCSB-DEV;EXPOSED_POPULATION:LCSB-NEG;EXPOSED_POPULATION:LCSB-POS-V2-SPECTRA;EXPOSED_POPULATION:LCSB-RAW-MIX-REPLICATE-SET-92;EXPOSED_POPULATION:V2-DEVELOPMENT-POPULATION;EXPOSED_POPULATION:WUR-DEV-ANALYSIS;EXPOSED_POPULATION:WUR-POS-IDENTITY;MSNLIB_ANCHOR_CENSUS_DESIGN;MSNLIB_ANCHOR_CENSUS_DETECTED;MSNLIB_ANCHOR_GATE_CALIBRATION;MULTIMS2_ANCHOR_CALIBRATION
c1ccc(Nc2ccccn2)cc1,False,0,COPLATED_IN_DECODED_WELL;DECODED_SAME_PLATE_ION_0p01;DECODED_SAME_WELL_ION_0p7;EXPOSED_POPULATION:ENTACT-MIX-LISTS-499-503-505;EXPOSED_POPULATION:V2-DEVELOPMENT-POPULATION;EXPOSED_POPULATION:WUR-NEG-D6-EXCLUDED;EXPOSED_POPULATION:WUR-POS-IDENTITY;EXPOSED_POPULATION:WUR-SEALED;MSNLIB_ANCHOR_CENSUS_DESIGN;MSNLIB_ANCHOR_CENSUS_DETECTED;MSNLIB_ANCHOR_GATE_CALIBRATION
c1ccc(Nc2ccn(-c3ccccc3)n2)cc1,True,1,COPLATED_IN_DECODED_WELL
c1ccc(Nc2ccnc(C3CC3)n2)cc1,True,2,SAMPLE1_DRAW_GROUP
c1ccc(Nc2ccnc(NC3CCCCC3)n2)cc1,True,1,DECODED_SAME_PLATE_ION_0p01
c1ccc(Nc2ccnc(Nc3ccc(C4CCNCC4)cc3)n2)cc1,True,1,COPLATED_IN_DECODED_WELL;DECODED_SAME_PLATE_ION_0p01
c1ccc(Nc2ccnc(Nc3ccc(N4CCC(N5CCNCC5)CC4)cc3)n2)cc1,True,2,COPLATED_IN_DECODED_WELL
c1ccc(Nc2ccnc(Nc3ccc(N4CCNCC4)cc3)n2)cc1,True,5,COPLATED_IN_DECODED_WELL;DECODED_SAME_PLATE_ION_0p01;DECODED_SAME_WELL_ION_0p7
c1ccc(Nc2ccnc(Nc3ccc(N4CCOCC4)cc3)c2)cc1,True,1,COPLATED_IN_DECODED_WELL;DECODED_SAME_PLATE_ION_0p01
c1ccc(Nc2ccnc(Nc3ccc(N4CCOCC4)cc3)n2)cc1,True,3,COPLATED_IN_DECODED_WELL;DECODED_SAME_PLATE_ION_0p01
c1ccc(Nc2ccnc(Nc3ccc(OCCN4CCCC4)cc3)n2)cc1,True,1,COPLATED_IN_DECODED_WELL
c1ccc(Nc2ccnc(Nc3ccccc3)n2)cc1,True,22,COPLATED_IN_DECODED_WELL;DECODED_SAME_PLATE_ION_0p01;DECODED_SAME_WELL_ION_0p7
c1ccc(Nc2ccnc(Nc3ccn[nH]3)c2)cc1,False,0,DECODED_SAME_PLATE_ION_0p01
c1ccc(Nc2ccnc(Nc3ccncc3)n2)cc1,True,1,COPLATED_IN_DECODED_WELL;DECODED_SAME_PLATE_ION_0p01;DECODED_SAME_WELL_ION_0p7
c1ccc(Nc2ccnc3cc(-c4ccncc4)ccc23)cc1,True,1,DECODED_SAME_PLATE_ION_0p01
c1ccc(Nc2ccnc3cc(OCCCN4CCNCC4)ccc23)cc1,True,1,COPLATED_IN_DECODED_WELL
c1ccc(Nc2ccnc3ccccc23)cc1,True,9,COPLATED_IN_DECODED_WELL;DECODED_SAME_PLATE_ION_0p01;DECODED_SAME_WELL_ION_0p7
c1ccc(Nc2ccnc3cnc(NCc4cccnc4)cc23)cc1,True,1,COPLATED_IN_DECODED_WELL;DECODED_SAME_PLATE_ION_0p01
c1ccc(Nc2ccnc3ncnn23)cc1,True,2,COPLATED_IN_DECODED_WELL;DECODED_SAME_PLATE_ION_0p01;DECODED_SAME_WELL_ION_0p7
c1ccc(Nc2ccncc2)cc1,True,3,COPLATED_IN_DECODED_WELL;DECODED_SAME_PLATE_ION_0p01;DECODED_SAME_WELL_ION_0p7
c1ccc(Nc2ccncn2)cc1,False,0,COPLATED_IN_DECODED_WELL;DECODED_SAME_PLATE_ION_0p01;EXPOSED_POPULATION:ENTACT-MIX-LISTS-499-503-505;EXPOSED_POPULATION:LCSB-ALL-MASSBANK-V1-EXPOSURE-SET;EXPOSED_POPULATION:LCSB-DEV;EXPOSED_POPULATION:LCSB-NEG;EXPOSED_POPULATION:LCSB-POS-V2-SPECTRA;EXPOSED_POPULATION:LCSB-RAW-MIX-REPLICATE-SET-92;EXPOSED_POPULATION:LCSB-RAW-MIXES-499-503-505;EXPOSED_POPULATION:V2-DEVELOPMENT-POPULATION;MSNLIB_ANCHOR_CENSUS_DESIGN;MSNLIB_ANCHOR_CENSUS_DETECTED
c1ccc(Nc2cnnc(NC3CCCCC3)c2)nc1,True,1,DECODED_SAME_PLATE_ION_0p01
c1ccc(Nc2n[nH]c3c2Cc2ccccc2-3)cc1,True,1,COPLATED_IN_DECODED_WELL;DECODED_SAME_PLATE_ION_0p01;DECODED_SAME_WELL_ION_0p7
c1ccc(Nc2nc(-c3ccc(-n4ccnc4)cc3)cs2)cc1,True,1,DECODED_SAME_PLATE_ION_0p01
c1ccc(Nc2nc(-c3ccccc3)cs2)cc1,True,6,COPLATED_IN_DECODED_WELL;DECODED_SAME_PLATE_ION_0p01;SAMPLE1_DRAW_GROUP
c1ccc(Nc2nc(-c3ccncc3)cs2)cc1,True,1,DECODED_SAME_PLATE_ION_0p01
c1ccc(Nc2nc(-c3ccncc3)nc3ccccc23)cc1,True,1,DECODED_SAME_PLATE_ION_0p01
c1ccc(Nc2nc(-c3cncs3)cs2)cc1,True,2,DECODED_SAME_PLATE_ION_0p01
c1ccc(Nc2nc(-n3cccn3)nc3[nH]cnc23)cc1,True,1,SAMPLE1_DRAW_GROUP
c1ccc(Nc2nc(N3CCOCC3)nc(N3CCOCC3)n2)cc1,True,4,COPLATED_IN_DECODED_WELL
c1ccc(Nc2nc(NC3CCCCC3)nc3[nH]cnc23)cc1,True,1,COPLATED_IN_DECODED_WELL;SAMPLE1_DRAW_GROUP
c1ccc(Nc2nc(NCC3CCCO3)c3ccccc3n2)cc1,True,1,DECODED_SAME_PLATE_ION_0p01
c1ccc(Nc2nc(Nc3cc[nH]n3)cc(N3CCNCC3)n2)cc1,True,1,DECODED_SAME_PLATE_ION_0p01
c1ccc(Nc2nc(Nc3ccc(N4CCCCC4)cc3)nc3nc[nH]c23)cc1,True,1,COPLATED_IN_DECODED_WELL;DECODED_SAME_PLATE_ION_0p01;DECODED_SAME_WELL_ION_0p7
c1ccc(Nc2nc(Nc3ccccc3)nc(N3CCOCC3)n2)cc1,True,11,SAMPLE1_DRAW_GROUP
c1ccc(Nc2nc(OCC3CCCCC3)c3[nH]cnc3n2)cc1,True,1,SAMPLE1_DRAW_GROUP
c1ccc(Nc2nc3ccccc3c3cnccc23)cc1,True,1,SAMPLE1_DRAW_GROUP
c1ccc(Nc2nc3ccccc3nc2Nc2ccccc2)cc1,True,2,DECODED_SAME_PLATE_ION_0p01
c1ccc(Nc2nc3cnc(NC4CCCCC4)nc3n2C2CCOC2)cc1,True,1,DECODED_SAME_PLATE_ION_0p01
c1ccc(Nc2ncc3c(n2)-c2ccccc2C(c2ccccc2)=NC3)cc1,False,0,DECODED_SAME_PLATE_ION_0p01
c1ccc(Nc2ncc3ccccc3n2)cc1,True,1,COPLATED_IN_DECODED_WELL;DECODED_SAME_PLATE_ION_0p01;DECODED_SAME_WELL_ION_0p7
c1ccc(Nc2ncc3ccn(C4CCCC4)c3n2)cc1,True,1,COPLATED_IN_DECODED_WELL
c1ccc(Nc2nccc(-c3c[nH]c4ccccc34)n2)cc1,True,7,COPLATED_IN_DECODED_WELL;DECODED_SAME_PLATE_ION_0p01;DECODED_SAME_WELL_ION_0p7
c1ccc(Nc2nccc(-c3ccccc3)n2)cc1,True,1,COPLATED_IN_DECODED_WELL
c1ccc(Nc2nccc(-c3cccnc3)n2)cc1,True,1,SAMPLE1_DRAW_GROUP
c1ccc(Nc2nccc(-c3cn(C4CC4)c4ccccc34)n2)cc1,True,1,COPLATED_IN_DECODED_WELL;DECODED_SAME_PLATE_ION_0p01
c1ccc(Nc2nccc(-c3cnc[nH]3)n2)cc1,True,1,COPLATED_IN_DECODED_WELL;DECODED_SAME_PLATE_ION_0p01;DECODED_SAME_WELL_ION_0p7
c1ccc(Nc2nccc(C3CC3)n2)cc1,False,0,COPLATED_IN_DECODED_WELL;DECODED_SAME_PLATE_ION_0p01;DECODED_SAME_WELL_ION_0p7;EXPOSED_POPULATION:ENTACT-MIX-LISTS-499-503-505;EXPOSED_POPULATION:LCSB-ALL-MASSBANK-V1-EXPOSURE-SET;EXPOSED_POPULATION:LCSB-DEV;EXPOSED_POPULATION:LCSB-POS-V2-SPECTRA;EXPOSED_POPULATION:V2-DEVELOPMENT-POPULATION;EXPOSED_POPULATION:WUR-DEV-ANALYSIS;EXPOSED_POPULATION:WUR-POS-IDENTITY;MSNLIB_ANCHOR_CENSUS_DESIGN;MSNLIB_ANCHOR_CENSUS_DETECTED;MSNLIB_ANCHOR_GATE_CALIBRATION
c1ccc(Nc2nccc(N3CC(Oc4ccccc4)C3)n2)cc1,True,1,DECODED_SAME_PLATE_ION_0p01
c1ccc(Nc2nccc(N3CCc4ccccc4C3)n2)cc1,True,1,COPLATED_IN_DECODED_WELL;DECODED_SAME_PLATE_ION_0p01;DECODED_SAME_WELL_ION_0p7
c1ccc(Nc2nccc(NC3CC3)n2)cc1,True,1,COPLATED_IN_DECODED_WELL;DECODED_SAME_PLATE_ION_0p01;DECODED_SAME_WELL_ION_0p7
c1ccc(Nc2nccc(Nc3ccc4c[nH]nc4c3)n2)cc1,True,2,COPLATED_IN_DECODED_WELL;DECODED_SAME_PLATE_ION_0p01;DECODED_SAME_WELL_ION_0p7
c1ccc(Nc2nccc(Oc3ccc4[nH]ccc4c3)n2)cc1,True,1,COPLATED_IN_DECODED_WELL
c1ccc(Nc2nccc(Oc3ccccc3)n2)cc1,True,2,COPLATED_IN_DECODED_WELL
c1ccc(Nc2nccc3c(Nc4ncccc4-c4ncnc5nc[nH]c45)cccc23)cc1,True,2,COPLATED_IN_DECODED_WELL;DECODED_SAME_PLATE_ION_0p01
c1ccc(Nc2ncccn2)cc1,False,0,COPLATED_IN_DECODED_WELL;DECODED_SAME_PLATE_ION_0p01;EXPOSED_POPULATION:ENTACT-MIX-LISTS-499-503-505;EXPOSED_POPULATION:LCSB-ALL-MASSBANK-V1-EXPOSURE-SET;EXPOSED_POPULATION:LCSB-DEV;EXPOSED_POPULATION:LCSB-POS-V2-SPECTRA;EXPOSED_POPULATION:LCSB-RAW-MIX-REPLICATE-SET-92;EXPOSED_POPULATION:LCSB-RAW-MIXES-499-503-505;EXPOSED_POPULATION:V2-DEVELOPMENT-POPULATION;EXPOSED_POPULATION:WUR-DEV-ANALYSIS;EXPOSED_POPULATION:WUR-POS-IDENTITY
c1ccc(Nc2ncnc(Nc3ccc(N4CCC(N5CCNCC5)CC4)cc3)n2)cc1,True,1,COPLATED_IN_DECODED_WELL
c1ccc(Nc2ncnc3[nH]cnc23)cc1,True,8,DECODED_SAME_PLATE_ION_0p01
c1ccc(Nc2ncnc3cc(OC4CCOC4)ccc23)cc1,True,2,COPLATED_IN_DECODED_WELL;DECODED_SAME_PLATE_ION_0p01;SAMPLE1_DRAW_GROUP
c1ccc(Nc2ncnc3cc(OCC4CCNCC4)ccc23)cc1,True,2,COPLATED_IN_DECODED_WELL;DECODED_SAME_PLATE_ION_0p01
c1ccc(Nc2ncnc3cc4c(cc23)OCCOCCOCCO4)cc1,True,1,COPLATED_IN_DECODED_WELL;DECODED_SAME_PLATE_ION_0p01;DECODED_SAME_WELL_ION_0p7
c1ccc(Nc2ncnc3ccc(OCCCN4CCOCC4)cc23)cc1,True,1,COPLATED_IN_DECODED_WELL;DECODED_SAME_PLATE_ION_0p01
c1ccc(Nc2ncnc3ccc(OCCN4CC5(CC5)C5(C4)OCCO5)cc23)cc1,True,1,DECODED_SAME_PLATE_ION_0p01
c1ccc(Nc2ncnc3ccccc23)cc1,True,20,COPLATED_IN_DECODED_WELL;DECODED_SAME_PLATE_ION_0p01;DECODED_SAME_WELL_ION_0p7
c1ccc(Nc2ncnc3cnc(NC4CCNCC4)nc23)cc1,True,1,COPLATED_IN_DECODED_WELL
c1ccc(Nc2ncnc3nccnc23)cc1,True,1,DECODED_SAME_PLATE_ION_0p01
c1ccc(Nc2ncncn2)cc1,False,0,COPLATED_IN_DECODED_WELL;EXPOSED_POPULATION:V2-DEVELOPMENT-POPULATION;EXPOSED_POPULATION:WUR-POS-IDENTITY;EXPOSED_POPULATION:WUR-SEALED
c1ccc(Nc2ncnn3ccc(CN4CCCCC4)c23)cc1,False,0,DECODED_SAME_PLATE_ION_0p01
c1ccc(Nc2nnc(-c3ccccc3)c3ccccc23)cc1,True,1,DECODED_SAME_PLATE_ION_0p01
c1ccc(Nc2nnc(Cc3ccncc3)c3ccccc23)cc1,True,1,DECODED_SAME_PLATE_ION_0p01
c1ccc(OC(c2ccccc2)C2CNCCO2)cc1,True,1,COPLATED_IN_DECODED_WELL
c1ccc(OC2CCC(c3nnc4n3-c3ccccc3CNC4)CC2)nc1,True,1,DECODED_SAME_PLATE_ION_0p01
c1ccc(OC2CCC2)nc1,True,2,SAMPLE1_DRAW_GROUP
c1ccc(OC2CCCCC2)cc1,True,1,DECODED_SAME_PLATE_ION_0p01
c1ccc(OC2CCCCO2)cc1,True,62,COPLATED_IN_DECODED_WELL;DECODED_SAME_PLATE_ION_0p01
c1ccc(OC2CCN(c3ccc(-c4nncs4)nn3)CC2)cc1,True,1,COPLATED_IN_DECODED_WELL;DECODED_SAME_PLATE_ION_0p01;DECODED_SAME_WELL_ION_0p7
c1ccc(OC2CCN(c3ccccn3)CC2)cc1,True,1,SAMPLE1_DRAW_GROUP
c1ccc(OC2CCN(c3ccncn3)CC2)nc1,True,1,SAMPLE1_DRAW_GROUP
c1ccc(OC2CCN(c3cnccn3)CC2)cc1,True,1,SAMPLE1_DRAW_GROUP
c1ccc(OC2CCN(c3nnc[nH]3)CC2)cc1,True,1,SAMPLE1_DRAW_GROUP
c1ccc(OC2CCOCC2)cc1,True,2,COPLATED_IN_DECODED_WELL
c1ccc(OC2CN(c3nncn3-c3cccnc3)C2)cc1,True,1,COPLATED_IN_DECODED_WELL
c1ccc(OC2OCCCC2OC2CCCO2)cc1,True,1,COPLATED_IN_DECODED_WELL
c1ccc(OC2c3ccccc3CC2N2CCCCC2)cc1,True,1,COPLATED_IN_DECODED_WELL;DECODED_SAME_PLATE_ION_0p01
c1ccc(OCC2=NCCN2)cc1,True,2,COPLATED_IN_DECODED_WELL;DECODED_SAME_PLATE_ION_0p01
c1ccc(OCC2CCCCC2)cc1,True,1,DECODED_SAME_PLATE_ION_0p01
c1ccc(OCC2CCCN(Cc3cnc[nH]3)C2)nc1,True,1,SAMPLE1_DRAW_GROUP
c1ccc(OCC2CCCN(c3ncnc4[nH]cnc34)C2)nc1,True,1,SAMPLE1_DRAW_GROUP
c1ccc(OCC2CCN(c3ncccn3)CC2)nc1,True,2,SAMPLE1_DRAW_GROUP
c1ccc(OCC2CCOCC2)nc1,True,1,SAMPLE1_DRAW_GROUP
c1ccc(OCC2NCCS2)cc1,True,1,COPLATED_IN_DECODED_WELL
c1ccc(OCC2NCCc3sccc32)cc1,True,1,DECODED_SAME_PLATE_ION_0p01
c1ccc(OCCC2CCN(c3cccnn3)CC2)cc1,True,1,COPLATED_IN_DECODED_WELL;DECODED_SAME_PLATE_ION_0p01;DECODED_SAME_WELL_ION_0p7
c1ccc(OCCCCCCCOc2ccccc2)cc1,True,1,COPLATED_IN_DECODED_WELL;DECODED_SAME_PLATE_ION_0p01
c1ccc(OCCCCCOc2ccccc2)cc1,True,1,DECODED_SAME_PLATE_ION_0p01
c1ccc(OCCCCc2nnn[nH]2)cc1,False,0,EXPOSED_POPULATION:ENTACT-MIX-LISTS-499-503-505;EXPOSED_POPULATION:LCSB-ALL-MASSBANK-V1-EXPOSURE-SET;EXPOSED_POPULATION:LCSB-DEV;EXPOSED_POPULATION:LCSB-NEG;EXPOSED_POPULATION:LCSB-POS-V2-SPECTRA;EXPOSED_POPULATION:LCSB-RAW-MIX-REPLICATE-SET-92;EXPOSED_POPULATION:LCSB-RAW-MIXES-499-503-505;EXPOSED_POPULATION:V2-DEVELOPMENT-POPULATION
c1ccc(OCCCN2CC3CCCC3C2)cc1,True,1,DECODED_SAME_PLATE_ION_0p01;SAMPLE1_DRAW_GROUP
c1ccc(OCCCN2CCC(c3noc4ccccc34)CC2)cc1,True,2,COPLATED_IN_DECODED_WELL;DECODED_SAME_PLATE_ION_0p01;DECODED_SAME_WELL_ION_0p7
c1ccc(OCCCN2CCOCC2)cc1,True,3,DECODED_SAME_PLATE_ION_0p01
c1ccc(OCCCN2Cc3ccccc3C2)cc1,True,2,DECODED_SAME_PLATE_ION_0p01
c1ccc(OCCCNC2CCC(c3ccccc3)CC2)cc1,False,0,EXPOSED_POPULATION:LCSB-ALL-MASSBANK-V1-EXPOSURE-SET;EXPOSED_POPULATION:LCSB-NEG
c1ccc(OCCCNC2CCCc3ccccc32)cc1,True,1,COPLATED_IN_DECODED_WELL;DECODED_SAME_PLATE_ION_0p01;DECODED_SAME_WELL_ION_0p7
c1ccc(OCCCNCCC2Cc3ccccc3C2)cc1,False,0,DECODED_SAME_PLATE_ION_0p01
c1ccc(OCCCNCCc2ccc3ccccc3c2)cc1,True,1,DECODED_SAME_PLATE_ION_0p01;SAMPLE1_DRAW_GROUP
c1ccc(OCCCOc2ccccc2)cc1,False,0,COPLATED_IN_DECODED_WELL;DECODED_SAME_PLATE_ION_0p01;DECODED_SAME_WELL_ION_0p7;EXPOSED_POPULATION:ENTACT-MIX-LISTS-499-503-505;EXPOSED_POPULATION:LCSB-ALL-MASSBANK-V1-EXPOSURE-SET;EXPOSED_POPULATION:LCSB-DEV;EXPOSED_POPULATION:LCSB-NEG;EXPOSED_POPULATION:LCSB-POS-V2-SPECTRA;EXPOSED_POPULATION:V2-DEVELOPMENT-POPULATION;MSNLIB_ANCHOR_CENSUS_DESIGN;MSNLIB_ANCHOR_CENSUS_DETECTED;MSNLIB_ANCHOR_GATE_CALIBRATION
c1ccc(OCCCOc2ccccn2)cc1,False,0,EXPOSED_POPULATION:V2-DEVELOPMENT-POPULATION;EXPOSED_POPULATION:WUR-POS-IDENTITY;EXPOSED_POPULATION:WUR-SEALED
c1ccc(OCCCSc2ccccc2)cc1,True,1,COPLATED_IN_DECODED_WELL
c1ccc(OCCCc2cnc(-c3ccc4c(c3)C(=NNc3nc5ccccc5s3)CCC4)s2)cc1,True,1,COPLATED_IN_DECODED_WELL
c1ccc(OCCCn2ccc(-c3ccccc3)n2)cc1,True,1,COPLATED_IN_DECODED_WELL;DECODED_SAME_PLATE_ION_0p01;DECODED_SAME_WELL_ION_0p7
c1ccc(OCCN=c2ccnc[nH]2)cc1,False,0,EXPOSED_POPULATION:V2-DEVELOPMENT-POPULATION;EXPOSED_POPULATION:WUR-POS-IDENTITY;EXPOSED_POPULATION:WUR-SEALED
c1ccc(OCCNCCCOc2cccc3[nH]c4ccccc4c23)cc1,True,1,COPLATED_IN_DECODED_WELL;DECODED_SAME_PLATE_ION_0p01;DECODED_SAME_WELL_ION_0p7
c1ccc(OCCNCc2cc[nH]n2)cc1,True,1,SAMPLE1_DRAW_GROUP
c1ccc(OCCOCCN2CCCCC2)cc1,True,1,SAMPLE1_DRAW_GROUP
c1ccc(OCCOc2ccccc2)cc1,True,6,EXPOSED_POPULATION:ENTACT-MIX-LISTS-499-503-505
c1ccc(OCCSc2ccccn2)cc1,True,1,SAMPLE1_DRAW_GROUP
c1ccc(OCCSc2nnnn2-c2ccccc2)cc1,True,3,SAMPLE1_DRAW_GROUP
c1ccc(OCCn2ccc3ccccc32)cc1,False,0,COPLATED_IN_DECODED_WELL
c1ccc(OCCn2cccc2-c2ccccc2)cc1,True,1,DECODED_SAME_PLATE_ION_0p01
c1ccc(OCc2cc(-c3ccsc3)cs2)cc1,True,1,DECODED_SAME_PLATE_ION_0p01
c1ccc(OCc2ccc(Cc3cc(-c4cccnc4)on3)cc2)nc1,True,1,DECODED_SAME_PLATE_ION_0p01
c1ccc(OCc2cccc(-c3ccccc3)c2)cc1,True,2,DECODED_SAME_PLATE_ION_0p01
c1ccc(OCc2cccc3c2OCC3)cc1,True,1,DECODED_SAME_PLATE_ION_0p01
c1ccc(OCc2cccnc2-c2ccn[nH]2)cc1,True,1,COPLATED_IN_DECODED_WELL;DECODED_SAME_PLATE_ION_0p01
c1ccc(OCc2ccco2)cc1,True,6,SAMPLE1_DRAW_GROUP
c1ccc(OCc2nc3scc(-c4ccccc4)n3n2)cc1,True,1,DECODED_SAME_PLATE_ION_0p01
c1ccc(OCc2ncc[nH]2)cc1,True,1,COPLATED_IN_DECODED_WELL;DECODED_SAME_PLATE_ION_0p01
c1ccc(OCc2nn3cnnc3s2)cc1,True,4,SAMPLE1_DRAW_GROUP
c1ccc(OCc2nncn2-c2ccccc2)cc1,True,2,DECODED_SAME_PLATE_ION_0p01
c1ccc(OCc2nncs2)cc1,True,1,SAMPLE1_DRAW_GROUP
c1ccc(OCc2noc(Cn3cnnn3)n2)cc1,True,1,SAMPLE1_DRAW_GROUP
c1ccc(OCn2ccnc2)cc1,False,0,COPLATED_IN_DECODED_WELL;DECODED_SAME_PLATE_ION_0p01;DECODED_SAME_WELL_ION_0p7;EXPOSED_POPULATION:V2-DEVELOPMENT-POPULATION;EXPOSED_POPULATION:WUR-POS-IDENTITY;EXPOSED_POPULATION:WUR-SEALED;MSNLIB_ANCHOR_CENSUS_DESIGN;MSNLIB_ANCHOR_CENSUS_DETECTED;MSNLIB_ANCHOR_GATE_CALIBRATION;MULTIMS2_ANCHOR_CALIBRATION
c1ccc(OCn2cncn2)cc1,False,0,COPLATED_IN_DECODED_WELL;DECODED_SAME_PLATE_ION_0p01;DECODED_SAME_WELL_ION_0p7;EXPOSED_POPULATION:LCSB-ALL-MASSBANK-V1-EXPOSURE-SET;EXPOSED_POPULATION:LCSB-DEV;EXPOSED_POPULATION:LCSB-NEG;EXPOSED_POPULATION:LCSB-POS-V2-SPECTRA;EXPOSED_POPULATION:V2-DEVELOPMENT-POPULATION;EXPOSED_POPULATION:WUR-DEV-ANALYSIS;EXPOSED_POPULATION:WUR-POS-IDENTITY;MSNLIB_ANCHOR_CENSUS_DESIGN;MSNLIB_ANCHOR_CENSUS_DETECTED;MSNLIB_ANCHOR_GATE_CALIBRATION
c1ccc(Oc2c[nH]nc2C2CC2)cc1,True,1,DECODED_SAME_PLATE_ION_0p01
c1ccc(Oc2cc(-n3cccn3)ncn2)cc1,True,2,SAMPLE1_DRAW_GROUP
c1ccc(Oc2cc(Oc3ccccc3)ncn2)cc1,False,0,COPLATED_IN_DECODED_WELL;DECODED_SAME_PLATE_ION_0p01;DECODED_SAME_WELL_ION_0p7;EXPOSED_POPULATION:LCSB-ALL-MASSBANK-V1-EXPOSURE-SET;EXPOSED_POPULATION:LCSB-DEV;EXPOSED_POPULATION:LCSB-POS-V2-SPECTRA;EXPOSED_POPULATION:V2-DEVELOPMENT-POPULATION;EXPOSED_POPULATION:WUR-DEV-ANALYSIS;EXPOSED_POPULATION:WUR-POS-IDENTITY;MSNLIB_ANCHOR_CENSUS_DESIGN;MSNLIB_ANCHOR_CENSUS_DETECTED;MSNLIB_ANCHOR_GATE_CALIBRATION
c1ccc(Oc2ccc(-c3[nH]nc4ncncc34)cc2)cc1,True,1,DECODED_SAME_PLATE_ION_0p01
c1ccc(Oc2ccc(-c3cc4n(n3)C(C3CCNCC3)CCN4)cc2)cc1,True,1,DECODED_SAME_PLATE_ION_0p01
c1ccc(Oc2ccc(-c3cccc(C4CCNCC4)n3)cc2)cc1,True,1,DECODED_SAME_PLATE_ION_0p01
c1ccc(Oc2ccc(-c3ccno3)o2)cc1,True,1,SAMPLE1_DRAW_GROUP
c1ccc(Oc2ccc(-c3cn(C4CCCC4)c4ncncc34)cc2)cc1,True,1,DECODED_SAME_PLATE_ION_0p01
c1ccc(Oc2ccc(-c3nn(C4CCCNC4)c4ncncc34)cc2)cc1,True,2,DECODED_SAME_PLATE_ION_0p01
c1ccc(Oc2ccc(-c3nn[nH]n3)cc2)nc1,True,1,COPLATED_IN_DECODED_WELL
c1ccc(Oc2ccc(C3(Cn4cncn4)OCCO3)cc2)cc1,False,0,COPLATED_IN_DECODED_WELL;DECODED_SAME_PLATE_ION_0p01;DECODED_SAME_WELL_ION_0p7;EXPOSED_POPULATION:LCSB-ALL-MASSBANK-V1-EXPOSURE-SET;EXPOSED_POPULATION:LCSB-DEV;EXPOSED_POPULATION:LCSB-POS-V2-SPECTRA;EXPOSED_POPULATION:V2-DEVELOPMENT-POPULATION;EXPOSED_POPULATION:WUR-DEV-ANALYSIS;EXPOSED_POPULATION:WUR-POS-IDENTITY;MSNLIB_ANCHOR_CENSUS_DESIGN;MSNLIB_ANCHOR_CENSUS_DETECTED;MSNLIB_ANCHOR_GATE_CALIBRATION
c1ccc(Oc2ccc(CCNc3ncnc4ccccc34)cc2)cc1,True,1,DECODED_SAME_PLATE_ION_0p01
c1ccc(Oc2ccc(CCn3cncn3)cc2)cc1,True,1,SAMPLE1_DRAW_GROUP
c1ccc(Oc2ccc(CN3CCCC3c3ccccc3)cc2)cc1,True,1,DECODED_SAME_PLATE_ION_0p01
c1ccc(Oc2ccc(CN3CCCC3c3cccnc3)cc2)cc1,True,1,DECODED_SAME_PLATE_ION_0p01
c1ccc(Oc2ccc(Cc3ccc(Oc4ccccc4)cc3)cc2)cc1,True,1,COPLATED_IN_DECODED_WELL
c1ccc(Oc2ccc(N3CCOCC3)cc2)nc1,True,1,SAMPLE1_DRAW_GROUP
c1ccc(Oc2ccc(Nc3ncnc4ccccc34)cc2)cc1,True,1,COPLATED_IN_DECODED_WELL
c1ccc(Oc2ccc(OCC3COCO3)cc2)cc1,False,0,EXPOSED_POPULATION:LCSB-ALL-MASSBANK-V1-EXPOSURE-SET;EXPOSED_POPULATION:LCSB-NEG
c1ccc(Oc2ccc(OCCOc3ccccn3)cc2)cc1,False,0,COPLATED_IN_DECODED_WELL;DECODED_SAME_PLATE_ION_0p01;DECODED_SAME_WELL_ION_0p7;EXPOSED_POPULATION:ENTACT-MIX-LISTS-499-503-505;EXPOSED_POPULATION:LCSB-ALL-MASSBANK-V1-EXPOSURE-SET;EXPOSED_POPULATION:LCSB-DEV;EXPOSED_POPULATION:LCSB-POS-V2-SPECTRA;EXPOSED_POPULATION:V2-DEVELOPMENT-POPULATION;EXPOSED_POPULATION:WUR-DEV-ANALYSIS;EXPOSED_POPULATION:WUR-POS-IDENTITY;MSNLIB_ANCHOR_CENSUS_DESIGN;MSNLIB_ANCHOR_CENSUS_DETECTED;MSNLIB_ANCHOR_GATE_CALIBRATION
c1ccc(Oc2ccc3[nH]cnc3c2)cc1,False,0,COPLATED_IN_DECODED_WELL;DECODED_SAME_PLATE_ION_0p01;DECODED_SAME_WELL_ION_0p7;EXPOSED_POPULATION:V2-DEVELOPMENT-POPULATION;EXPOSED_POPULATION:WUR-POS-IDENTITY;EXPOSED_POPULATION:WUR-SEALED;MSNLIB_ANCHOR_CENSUS_DESIGN;MSNLIB_ANCHOR_CENSUS_DETECTED;MSNLIB_ANCHOR_GATE_CALIBRATION
c1ccc(Oc2ccc3[nH]ncc3c2)cc1,True,1,DECODED_SAME_PLATE_ION_0p01
c1ccc(Oc2ccc3c(c2)OCO3)cc1,True,2,SAMPLE1_DRAW_GROUP
c1ccc(Oc2ccc3ccncc3c2)cc1,True,2,SAMPLE1_DRAW_GROUP
c1ccc(Oc2ccc3nc[nH]c3c2)cc1,False,0,COPLATED_IN_DECODED_WELL;DECODED_SAME_PLATE_ION_0p01;DECODED_SAME_WELL_ION_0p7;EXPOSED_POPULATION:V2-DEVELOPMENT-POPULATION;EXPOSED_POPULATION:WUR-POS-IDENTITY;EXPOSED_POPULATION:WUR-SEALED;MSNLIB_ANCHOR_CENSUS_DESIGN;MSNLIB_ANCHOR_CENSUS_DETECTED;MSNLIB_ANCHOR_GATE_CALIBRATION
c1ccc(Oc2cccc(-c3ccccc3)c2)cc1,True,1,COPLATED_IN_DECODED_WELL
c1ccc(Oc2cccc(CN3CCNCC3)c2)cc1,True,1,DECODED_SAME_PLATE_ION_0p01
c1ccc(Oc2cccc(Nc3ccnc4ccccc34)c2)cc1,True,1,COPLATED_IN_DECODED_WELL;DECODED_SAME_PLATE_ION_0p01;DECODED_SAME_WELL_ION_0p7
c1ccc(Oc2cccc3c2CCC3)cc1,True,3,COPLATED_IN_DECODED_WELL;DECODED_SAME_PLATE_ION_0p01
c1ccc(Oc2cccc3ncccc23)cc1,True,1,COPLATED_IN_DECODED_WELL;DECODED_SAME_PLATE_ION_0p01;DECODED_SAME_WELL_ION_0p7
c1ccc(Oc2ccccc2)cc1,False,0,COPLATED_IN_DECODED_WELL;DECODED_SAME_PLATE_ION_0p01;DECODED_SAME_WELL_ION_0p7;EXPOSED_POPULATION:ENTACT-MIX-LISTS-499-503-505;EXPOSED_POPULATION:LCSB-ALL-MASSBANK-V1-EXPOSURE-SET;EXPOSED_POPULATION:LCSB-DEV;EXPOSED_POPULATION:LCSB-NEG;EXPOSED_POPULATION:LCSB-POS-V2-SPECTRA;EXPOSED_POPULATION:V2-DEVELOPMENT-POPULATION;EXPOSED_POPULATION:WUR-DEV-HOLD;EXPOSED_POPULATION:WUR-NEG-DEV;EXPOSED_POPULATION:WUR-POS-IDENTITY
c1ccc(Oc2ccccn2)cc1,False,0,COPLATED_IN_DECODED_WELL;DECODED_SAME_PLATE_ION_0p01;DECODED_SAME_WELL_ION_0p7;EXPOSED_POPULATION:ENTACT-MIX-LISTS-499-503-505;EXPOSED_POPULATION:LCSB-ALL-MASSBANK-V1-EXPOSURE-SET;EXPOSED_POPULATION:LCSB-DEV;EXPOSED_POPULATION:LCSB-NEG;EXPOSED_POPULATION:LCSB-POS-V2-SPECTRA;EXPOSED_POPULATION:V2-DEVELOPMENT-POPULATION;EXPOSED_POPULATION:WUR-NEG-D6-EXCLUDED;EXPOSED_POPULATION:WUR-POS-IDENTITY;EXPOSED_POPULATION:WUR-SEALED;MSNLIB_ANCHOR_CENSUS_DESIGN;MSNLIB_ANCHOR_CENSUS_DETECTED;MSNLIB_ANCHOR_GATE_CALIBRATION
c1ccc(Oc2cccnc2)cc1,True,2,SAMPLE1_DRAW_GROUP
c1ccc(Oc2ccnc(Nc3ccc(N4CCNCC4)cc3)n2)cc1,True,3,COPLATED_IN_DECODED_WELL
c1ccc(Oc2ccnc3cc(-c4cnn(C5CCNCC5)c4)ccc23)cc1,True,1,COPLATED_IN_DECODED_WELL;DECODED_SAME_PLATE_ION_0p01;SAMPLE1_DRAW_GROUP
c1ccc(Oc2ccnc3ccccc23)cc1,False,0,EXPOSED_POPULATION:LCSB-ALL-MASSBANK-V1-EXPOSURE-SET;EXPOSED_POPULATION:LCSB-DEV;EXPOSED_POPULATION:LCSB-POS-V2-SPECTRA;EXPOSED_POPULATION:V2-DEVELOPMENT-POPULATION;EXPOSED_POPULATION:WUR-DEV-ANALYSIS;EXPOSED_POPULATION:WUR-POS-IDENTITY
c1ccc(Oc2cn[nH]c2)cc1,True,2,DECODED_SAME_PLATE_ION_0p01
c1ccc(Oc2cnc3ccccc3n2)cc1,False,0,COPLATED_IN_DECODED_WELL;DECODED_SAME_PLATE_ION_0p01;DECODED_SAME_WELL_ION_0p7;EXPOSED_POPULATION:ENTACT-MIX-LISTS-499-503-505;EXPOSED_POPULATION:LCSB-ALL-MASSBANK-V1-EXPOSURE-SET;EXPOSED_POPULATION:LCSB-DEV;EXPOSED_POPULATION:LCSB-POS-V2-SPECTRA;EXPOSED_POPULATION:V2-DEVELOPMENT-POPULATION;EXPOSED_POPULATION:WUR-NEG-D6-EXCLUDED;EXPOSED_POPULATION:WUR-POS-IDENTITY;EXPOSED_POPULATION:WUR-SEALED;MSNLIB_ANCHOR_CENSUS_DESIGN;MSNLIB_ANCHOR_CENSUS_DETECTED;MSNLIB_ANCHOR_GATE_CALIBRATION
c1ccc(Oc2cncc3sccc23)cc1,True,1,SAMPLE1_DRAW_GROUP
c1ccc(Oc2nc(NC3CCCCC3)c3[nH]cnc3n2)cc1,True,1,DECODED_SAME_PLATE_ION_0p01
c1ccc(Oc2nc(Nc3ccc(N4CCNCC4)cc3)nc3[nH]ccc23)cc1,True,1,SAMPLE1_DRAW_GROUP
c1ccc(Oc2nc(Nc3ccc(N4CCNCC4)cc3)nc3ccoc23)cc1,True,1,DECODED_SAME_PLATE_ION_0p01
c1ccc(Oc2nc(Nc3ccc(N4CCNCC4)cc3)nc3ccsc23)cc1,True,1,COPLATED_IN_DECODED_WELL;DECODED_SAME_PLATE_ION_0p01
c1ccc(Oc2nc3cc(-c4ccc(-c5ccccc5)cc4)ccc3[nH]2)cc1,True,1,COPLATED_IN_DECODED_WELL
c1ccc(Oc2nc3cc(-c4ccc5[nH]ccc5c4)ccc3[nH]2)cc1,True,1,DECODED_SAME_PLATE_ION_0p01
c1ccc(Oc2nc3ccccc3o2)cc1,True,1,COPLATED_IN_DECODED_WELL;DECODED_SAME_PLATE_ION_0p01
c1ccc(Oc2nccc(-c3[nH]cnc3-c3ccccc3)n2)cc1,False,0,EXPOSED_POPULATION:ENTACT-MIX-LISTS-499-503-505;EXPOSED_POPULATION:LCSB-ALL-MASSBANK-V1-EXPOSURE-SET;EXPOSED_POPULATION:LCSB-CONFIRMATION;EXPOSED_POPULATION:LCSB-RAW-MIX-REPLICATE-SET-92;EXPOSED_POPULATION:LCSB-RAW-MIXES-499-503-505
c1ccc(Oc2ncnc3[nH]c(-c4ccccc4)cc23)cc1,True,1,DECODED_SAME_PLATE_ION_0p01
c1ccc(SC2CCCCO2)cc1,True,1,SAMPLE1_DRAW_GROUP
c1ccc(SC2CCNC2)cc1,True,1,DECODED_SAME_PLATE_ION_0p01
c1ccc(SCCC2CCCN2)cc1,True,1,DECODED_SAME_PLATE_ION_0p01
c1ccc(SCSc2ccccc2)cc1,True,2,DECODED_SAME_PLATE_ION_0p01
c1ccc(SCc2cc3ccccc3[nH]2)cc1,False,0,COPLATED_IN_DECODED_WELL;DECODED_SAME_PLATE_ION_0p01;DECODED_SAME_WELL_ION_0p7;EXPOSED_POPULATION:V2-DEVELOPMENT-POPULATION;EXPOSED_POPULATION:WUR-DEV-ANALYSIS;EXPOSED_POPULATION:WUR-POS-IDENTITY;MSNLIB_ANCHOR_CENSUS_DESIGN;MSNLIB_ANCHOR_CENSUS_DETECTED;MSNLIB_ANCHOR_GATE_CALIBRATION
c1ccc(SCc2cnc(-c3ccccc3)s2)cc1,False,0,COPLATED_IN_DECODED_WELL;DECODED_SAME_PLATE_ION_0p01;DECODED_SAME_WELL_ION_0p7;EXPOSED_POPULATION:LCSB-ALL-MASSBANK-V1-EXPOSURE-SET;EXPOSED_POPULATION:LCSB-DEV;EXPOSED_POPULATION:LCSB-NEG;EXPOSED_POPULATION:LCSB-POS-V2-SPECTRA;EXPOSED_POPULATION:V2-DEVELOPMENT-POPULATION;MSNLIB_ANCHOR_CENSUS_DESIGN;MSNLIB_ANCHOR_CENSUS_DETECTED;MSNLIB_ANCHOR_GATE_CALIBRATION
c1ccc(SCc2nn3cnnc3s2)cc1,True,1,SAMPLE1_DRAW_GROUP
c1ccc(Sc2c(C3CC3)n(-c3cn[nH]c3)c3ccccc23)cc1,True,1,COPLATED_IN_DECODED_WELL
c1ccc(Sc2ccc(COC(Cn3ccnc3)c3ccccc3)cc2)cc1,True,1,COPLATED_IN_DECODED_WELL
c1ccc(Sc2ccc(N3CCCCC3)nn2)cc1,True,1,SAMPLE1_DRAW_GROUP
c1ccc(Sc2ccc3[nH]cnc3c2)cc1,False,0,COPLATED_IN_DECODED_WELL;DECODED_SAME_PLATE_ION_0p01;DECODED_SAME_WELL_ION_0p7;EXPOSED_POPULATION:V2-DEVELOPMENT-POPULATION;EXPOSED_POPULATION:WUR-DEV-ANALYSIS;EXPOSED_POPULATION:WUR-POS-IDENTITY;MSNLIB_ANCHOR_CENSUS_DESIGN;MSNLIB_ANCHOR_CENSUS_DETECTED;MSNLIB_ANCHOR_GATE_CALIBRATION
c1ccc(Sc2ccc3nc[nH]c3c2)cc1,False,0,COPLATED_IN_DECODED_WELL;DECODED_SAME_PLATE_ION_0p01;DECODED_SAME_WELL_ION_0p7;EXPOSED_POPULATION:V2-DEVELOPMENT-POPULATION;EXPOSED_POPULATION:WUR-DEV-ANALYSIS;EXPOSED_POPULATION:WUR-POS-IDENTITY;MSNLIB_ANCHOR_CENSUS_DESIGN;MSNLIB_ANCHOR_CENSUS_DETECTED;MSNLIB_ANCHOR_GATE_CALIBRATION
c1ccc(Sc2ccccc2)cc1,True,6,COPLATED_IN_DECODED_WELL;EXPOSED_POPULATION:ENTACT-MIX-LISTS-499-503-505;EXPOSED_POPULATION:LCSB-ALL-MASSBANK-V1-EXPOSURE-SET;EXPOSED_POPULATION:LCSB-CONFIRMATION;EXPOSED_POPULATION:LCSB-NEG;EXPOSED_POPULATION:WUR-NEG-DEV
c1ccc(Sc2ccccc2C2CCNCC2)cc1,True,1,DECODED_SAME_PLATE_ION_0p01
c1ccc(Sc2ccccc2N2CCNCC2)cc1,True,1,COPLATED_IN_DECODED_WELL;DECODED_SAME_PLATE_ION_0p01
c1ccc(Sc2nc3ccccc3s2)cc1,True,1,COPLATED_IN_DECODED_WELL
c1ccc(Sc2ncccn2)cc1,False,0,EXPOSED_POPULATION:ENTACT-MIX-LISTS-499-503-505;EXPOSED_POPULATION:LCSB-ALL-MASSBANK-V1-EXPOSURE-SET;EXPOSED_POPULATION:LCSB-DEV;EXPOSED_POPULATION:LCSB-NEG;EXPOSED_POPULATION:LCSB-POS-V2-SPECTRA;EXPOSED_POPULATION:V2-DEVELOPMENT-POPULATION
c1ccc([SH+]c2ccc3nc[nH]c3c2)cc1,False,0,COPLATED_IN_DECODED_WELL;DECODED_SAME_PLATE_ION_0p01;DECODED_SAME_WELL_ION_0p7;EXPOSED_POPULATION:ENTACT-MIX-LISTS-499-503-505;EXPOSED_POPULATION:LCSB-ALL-MASSBANK-V1-EXPOSURE-SET;EXPOSED_POPULATION:LCSB-DEV;EXPOSED_POPULATION:LCSB-NEG;EXPOSED_POPULATION:LCSB-POS-V2-SPECTRA;EXPOSED_POPULATION:V2-DEVELOPMENT-POPULATION;EXPOSED_POPULATION:WUR-DEV-ANALYSIS;EXPOSED_POPULATION:WUR-POS-IDENTITY;MSNLIB_ANCHOR_CENSUS_DESIGN;MSNLIB_ANCHOR_CENSUS_DETECTED;MSNLIB_ANCHOR_GATE_CALIBRATION;MULTIMS2_ANCHOR_CALIBRATION
c1ccc([SH+]c2ccccc2)cc1,True,1,SURFACED_VALUE_ATTRIBUTED_WELL
c1ccc([SiH2]c2ccccc2)cc1,True,2,SAMPLE1_DRAW_GROUP
c1ccc([SiH](Cn2cncn2)c2ccccc2)cc1,False,0,EXPOSED_POPULATION:LCSB-ALL-MASSBANK-V1-EXPOSURE-SET;EXPOSED_POPULATION:LCSB-DEV;EXPOSED_POPULATION:LCSB-POS-V2-SPECTRA;EXPOSED_POPULATION:V2-DEVELOPMENT-POPULATION;EXPOSED_POPULATION:WUR-DEV-ANALYSIS;EXPOSED_POPULATION:WUR-POS-IDENTITY
c1ccc2[nH+]c3ccccc3cc2c1,False,0,COPLATED_IN_DECODED_WELL
c1ccc2[nH+]c3ccccc3nc2c1,False,0,COPLATED_IN_DECODED_WELL;DECODED_SAME_PLATE_ION_0p01
c1ccc2[nH+]cccc2c1,False,0,COPLATED_IN_DECODED_WELL;DECODED_SAME_PLATE_ION_0p01;DECODED_SAME_WELL_ION_0p7
c1ccc2[nH]c(-c3c[nH]c4ccccc34)cc2c1,True,4,COPLATED_IN_DECODED_WELL;DECODED_SAME_PLATE_ION_0p01
c1ccc2[nH]c(-c3ccc4nc[nH]c4c3)nc2c1,True,2,DECODED_SAME_PLATE_ION_0p01
c1ccc2[nH]c(-c3ccncc3)nc2c1,True,1,DECODED_SAME_PLATE_ION_0p01
c1ccc2[nH]c(-c3cscn3)nc2c1,False,0,COPLATED_IN_DECODED_WELL;DECODED_SAME_PLATE_ION_0p01;DECODED_SAME_WELL_ION_0p7;EXPOSED_POPULATION:LCSB-ALL-MASSBANK-V1-EXPOSURE-SET;EXPOSED_POPULATION:LCSB-DEV;EXPOSED_POPULATION:LCSB-POS-V2-SPECTRA;EXPOSED_POPULATION:V2-DEVELOPMENT-POPULATION;EXPOSED_POPULATION:WUR-DEV-ANALYSIS;EXPOSED_POPULATION:WUR-POS-IDENTITY;MSNLIB_ANCHOR_CENSUS_DESIGN;MSNLIB_ANCHOR_CENSUS_DETECTED;MSNLIB_ANCHOR_GATE_CALIBRATION;MULTIMS2_ANCHOR_CALIBRATION
c1ccc2[nH]c(-c3n[nH]c4ncncc34)cc2c1,True,1,DECODED_SAME_PLATE_ION_0p01
c1ccc2[nH]c(-c3nc(C4CCCCC4)n4ncncc34)cc2c1,True,1,DECODED_SAME_PLATE_ION_0p01
c1ccc2[nH]c(C3CCCN3)nc2c1,True,1,DECODED_SAME_PLATE_ION_0p01
c1ccc2[nH]c(C3CCN(c4ncnc5[nH]ccc45)CC3)nc2c1,True,1,DECODED_SAME_PLATE_ION_0p01
c1ccc2[nH]c(CSc3nc4ccccc4s3)nc2c1,True,1,SAMPLE1_DRAW_GROUP
c1ccc2[nH]c(CSc3nnnn3C3CCCCC3)nc2c1,True,1,SAMPLE1_DRAW_GROUP
c1ccc2[nH]c(N3CCC3)nc2c1,True,1,SAMPLE1_DRAW_GROUP
c1ccc2[nH]c(N3CCCNCC3)nc2c1,True,1,DECODED_SAME_PLATE_ION_0p01
c1ccc2[nH]c(N3CCNCC3)nc2c1,True,1,SAMPLE1_DRAW_GROUP
c1ccc2[nH]c(NCCSc3nc4ccccc4[nH]3)nc2c1,True,1,SAMPLE1_DRAW_GROUP
c1ccc2[nH]c(SCCN3CCOCC3)nc2c1,True,1,COPLATED_IN_DECODED_WELL;DECODED_SAME_PLATE_ION_0p01
c1ccc2[nH]ccc2c1,False,0,COPLATED_IN_DECODED_WELL;DECODED_SAME_PLATE_ION_0p01;DECODED_SAME_WELL_ION_0p7;EXPOSED_POPULATION:LCSB-ALL-MASSBANK-V1-EXPOSURE-SET;EXPOSED_POPULATION:LCSB-NEG;EXPOSED_POPULATION:V2-DEVELOPMENT-POPULATION;EXPOSED_POPULATION:WUR-POS-IDENTITY;EXPOSED_POPULATION:WUR-SEALED;MSNLIB_ANCHOR_CENSUS_DESIGN;MSNLIB_ANCHOR_CENSUS_DETECTED;MSNLIB_ANCHOR_GATE_CALIBRATION
c1ccc2[nH]cnc2c1,False,0,COPLATED_IN_DECODED_WELL;DECODED_SAME_PLATE_ION_0p01;DECODED_SAME_WELL_ION_0p7;EXPOSED_POPULATION:ENTACT-MIX-LISTS-499-503-505;EXPOSED_POPULATION:LCSB-ALL-MASSBANK-V1-EXPOSURE-SET;EXPOSED_POPULATION:LCSB-DEV;EXPOSED_POPULATION:LCSB-NEG;EXPOSED_POPULATION:LCSB-POS-V2-SPECTRA;EXPOSED_POPULATION:V2-DEVELOPMENT-POPULATION;EXPOSED_POPULATION:WUR-DEV-ANALYSIS;EXPOSED_POPULATION:WUR-POS-IDENTITY;MSNLIB_ANCHOR_CENSUS_DESIGN;MSNLIB_ANCHOR_CENSUS_DETECTED;MSNLIB_ANCHOR_GATE_CALIBRATION;MULTIMS2_ANCHOR_CALIBRATION
c1ccc2[nH]nnc2c1,False,0,EXPOSED_POPULATION:ENTACT-MIX-LISTS-499-503-505;EXPOSED_POPULATION:LCSB-ALL-MASSBANK-V1-EXPOSURE-SET;EXPOSED_POPULATION:LCSB-DEV;EXPOSED_POPULATION:LCSB-NEG;EXPOSED_POPULATION:LCSB-POS-V2-SPECTRA;EXPOSED_POPULATION:V2-DEVELOPMENT-POPULATION;EXPOSED_POPULATION:WUR-DEV-ANALYSIS;EXPOSED_POPULATION:WUR-POS-IDENTITY
c1ccc2c(-c3c4ccccc4[nH+]c4ccccc34)c3ccccc3[nH+]c2c1,False,0,COPLATED_IN_DECODED_WELL
c1ccc2c(-c3ccc(-c4cn[nH]c4)cc3)cncc2c1,True,1,DECODED_SAME_PLATE_ION_0p01
c1ccc2c(-c3ccc(CN4CCOCC4)cn3)c[nH]c2c1,True,1,DECODED_SAME_PLATE_ION_0p01
c1ccc2c(-c3ccc4c(c3)CCCO4)ccnc2c1,True,2,COPLATED_IN_DECODED_WELL;DECODED_SAME_PLATE_ION_0p01;DECODED_SAME_WELL_ION_0p7
c1ccc2c(-c3ccncc3)nnc(NC3CCCC3)c2c1,True,1,DECODED_SAME_PLATE_ION_0p01
c1ccc2c(-c3ccncn3)cccc2c1,True,1,COPLATED_IN_DECODED_WELL
c1ccc2c(-c3cnn4cc(-c5ccc(N6CCNCC6)cc5)cnc34)ccnc2c1,True,1,DECODED_SAME_PLATE_ION_0p01
c1ccc2c(-c3cnn4cc(N5CCC(N6CCNCC6)CC5)cnc34)ccnc2c1,True,1,COPLATED_IN_DECODED_WELL
c1ccc2c(-c3nc4c5cccnc5c5ncccc5c4[nH]3)c[nH]c2c1,True,1,DECODED_SAME_PLATE_ION_0p01
c1ccc2c(-c3nccc4c3[nH]c3ccccc34)cccc2c1,True,1,DECODED_SAME_PLATE_ION_0p01
c1ccc2c(-n3cnnc3)ccc(C3CC3)c2c1,True,1,COPLATED_IN_DECODED_WELL;DECODED_SAME_PLATE_ION_0p01;DECODED_SAME_WELL_ION_0p7
c1ccc2c(C3CCNCC3)c[nH]c2c1,True,4,COPLATED_IN_DECODED_WELL;DECODED_SAME_PLATE_ION_0p01
c1ccc2c(CC3=NCCN3)cccc2c1,True,1,COPLATED_IN_DECODED_WELL;DECODED_SAME_PLATE_ION_0p01
c1ccc2c(CC3CC4CCN3CC4)ccnc2c1,False,0,COPLATED_IN_DECODED_WELL;DECODED_SAME_PLATE_ION_0p01;DECODED_SAME_WELL_ION_0p7;EXPOSED_POPULATION:ENTACT-MIX-LISTS-499-503-505;EXPOSED_POPULATION:LCSB-ALL-MASSBANK-V1-EXPOSURE-SET;EXPOSED_POPULATION:LCSB-DEV;EXPOSED_POPULATION:LCSB-POS-V2-SPECTRA;EXPOSED_POPULATION:V2-DEVELOPMENT-POPULATION;MSNLIB_ANCHOR_CENSUS_DESIGN;MSNLIB_ANCHOR_CENSUS_DETECTED;MSNLIB_ANCHOR_GATE_CALIBRATION
c1ccc2c(CC3CCCCN3)cc(C34CC5CC(CC(C5)C3)C4)nc2c1,True,1,COPLATED_IN_DECODED_WELL
c1ccc2c(CC3CCCCN3)ccnc2c1,True,1,COPLATED_IN_DECODED_WELL;DECODED_SAME_PLATE_ION_0p01;DECODED_SAME_WELL_ION_0p7
c1ccc2c(CCCC3CCCO3)cccc2c1,True,1,COPLATED_IN_DECODED_WELL;DECODED_SAME_PLATE_ION_0p01;DECODED_SAME_WELL_ION_0p7
c1ccc2c(CCCCN3CCN(c4ccc5occc5c4)CC3)c[nH]c2c1,True,2,COPLATED_IN_DECODED_WELL;DECODED_SAME_PLATE_ION_0p01;DECODED_SAME_WELL_ION_0p7
c1ccc2c(CCCOc3cncc(-c4ccc5n[nH]cc5c4)c3)c[nH]c2c1,True,1,COPLATED_IN_DECODED_WELL
c1ccc2c(CCNCCCn3c4ccccc4c4ccccc43)c[nH]c2c1,True,1,DECODED_SAME_PLATE_ION_0p01
c1ccc2c(Cc3cccc4ccccc34)cccc2c1,True,1,COPLATED_IN_DECODED_WELL
c1ccc2c(N3CCCC(c4nnco4)C3)ncnc2c1,True,1,SAMPLE1_DRAW_GROUP
c1ccc2c(N3CCN(C4CCCCC4)CC3)ncnc2c1,True,1,SAMPLE1_DRAW_GROUP
c1ccc2c(N3CCN(CCCN4CCN(c5ccnc6ccccc56)CC4)CC3)ccnc2c1,True,1,DECODED_SAME_PLATE_ION_0p01
c1ccc2c(N3CCOCC3)ncnc2c1,True,1,COPLATED_IN_DECODED_WELL;DECODED_SAME_PLATE_ION_0p01;DECODED_SAME_WELL_ION_0p7
c1ccc2c(N3CCc4c(nc(OCC5CCCN5)nc4N4CCNCC4)C3)cccc2c1,True,2,SAMPLE1_DRAW_GROUP
c1ccc2c(N=Nc3cccc4ccccc34)cccc2c1,True,2,COPLATED_IN_DECODED_WELL
c1ccc2c(NC3CCC(N4CCOCC4)CC3)ncnc2c1,False,0,DECODED_SAME_PLATE_ION_0p01
c1ccc2c(NCC3CCNCC3)ncnc2c1,True,1,SAMPLE1_DRAW_GROUP
c1ccc2c(Nc3cc[nH]n3)ccnc2c1,True,1,DECODED_SAME_PLATE_ION_0p01
c1ccc2c(Nc3ccc4scnc4c3)ccnc2c1,True,2,DECODED_SAME_PLATE_ION_0p01
c1ccc2c(OC3CCCCO3)cccc2c1,True,5,DECODED_SAME_PLATE_ION_0p01
c1ccc2c(Oc3ccc4ccoc4c3)ncnc2c1,True,1,COPLATED_IN_DECODED_WELL;DECODED_SAME_PLATE_ION_0p01;DECODED_SAME_WELL_ION_0p7
c1ccc2c(c1)-c1cncn1C2CCC1CCCCC1,True,1,DECODED_SAME_PLATE_ION_0p01
c1ccc2c(c1)C1CCC2c2ccccc21,True,1,COPLATED_IN_DECODED_WELL;DECODED_SAME_PLATE_ION_0p01;DECODED_SAME_WELL_ION_0p7
c1ccc2c(c1)CC(N1CC(n3cnc4ccccc43)C1)C2,True,1,SAMPLE1_DRAW_GROUP
c1ccc2c(c1)CC(N1CCNCC1)c1ccccc1S2,True,2,DECODED_SAME_PLATE_ION_0p01
c1ccc2c(c1)CC(c1cnc[nH]1)C2,True,1,COPLATED_IN_DECODED_WELL
c1ccc2c(c1)CC1(CCCC3CCCCC31)O2,True,3,COPLATED_IN_DECODED_WELL
c1ccc2c(c1)CC1CCCC1C2,True,1,COPLATED_IN_DECODED_WELL
c1ccc2c(c1)CC1CCCNC1C2,True,1,COPLATED_IN_DECODED_WELL;DECODED_SAME_PLATE_ION_0p01;DECODED_SAME_WELL_ION_0p7
c1ccc2c(c1)CC1NC2c2ccccc21,True,1,DECODED_SAME_PLATE_ION_0p01
c1ccc2c(c1)CC1NCCC23CCCCC13,True,1,DECODED_SAME_PLATE_ION_0p01
c1ccc2c(c1)CC1NCCc3cccc-2c31,True,13,COPLATED_IN_DECODED_WELL;DECODED_SAME_PLATE_ION_0p01;DECODED_SAME_WELL_ION_0p7;EXPOSED_POPULATION:ENTACT-MIX-LISTS-499-503-505;EXPOSED_POPULATION:LCSB-ALL-MASSBANK-V1-EXPOSURE-SET;EXPOSED_POPULATION:LCSB-CONFIRMATION;EXPOSED_POPULATION:LCSB-NEG
c1ccc2c(c1)CC1c3cc4c(cc3CCN1C2)OCO4,True,1,COPLATED_IN_DECODED_WELL
c1ccc2c(c1)CC1c3ccccc3CCN1C2,True,5,COPLATED_IN_DECODED_WELL;DECODED_SAME_PLATE_ION_0p01;DECODED_SAME_WELL_ION_0p7
c1ccc2c(c1)CC1c3ccccc3CC[NH+]1C2,True,1,COPLATED_IN_DECODED_WELL;DECODED_SAME_PLATE_ION_0p01;DECODED_SAME_WELL_ION_0p7;SAMPLE1_DRAW_GROUP
c1ccc2c(c1)CCC(CCNCCC1CCc3ccccc3O1)O2,True,1,COPLATED_IN_DECODED_WELL;DECODED_SAME_PLATE_ION_0p01;DECODED_SAME_WELL_ION_0p7
c1ccc2c(c1)CCC(CCNCCCc1nc3ccccc3[nH]1)C2,True,1,COPLATED_IN_DECODED_WELL;DECODED_SAME_PLATE_ION_0p01
c1ccc2c(c1)CCC1C2CCC2CCCC21,False,0,COPLATED_IN_DECODED_WELL;DECODED_SAME_PLATE_ION_0p01;DECODED_SAME_WELL_ION_0p7;EXPOSED_POPULATION:ENTACT-MIX-LISTS-499-503-505;EXPOSED_POPULATION:LCSB-RAW-MIX-REPLICATE-SET-92;EXPOSED_POPULATION:V2-DEVELOPMENT-POPULATION;EXPOSED_POPULATION:WUR-DEV-ANALYSIS;EXPOSED_POPULATION:WUR-POS-IDENTITY;MSNLIB_ANCHOR_CENSUS_DESIGN;MSNLIB_ANCHOR_CENSUS_DETECTED;MSNLIB_ANCHOR_GATE_CALIBRATION;MULTIMS2_ANCHOR_CALIBRATION
c1ccc2c(c1)CCC1CCCCC21,True,14,COPLATED_IN_DECODED_WELL;DECODED_SAME_PLATE_ION_0p01
c1ccc2c(c1)CCC1NCc3ccccc3C21,True,1,DECODED_SAME_PLATE_ION_0p01
c1ccc2c(c1)CCC2,True,23,COPLATED_IN_DECODED_WELL;DECODED_SAME_PLATE_ION_0p01;DECODED_SAME_WELL_ION_0p7
c1ccc2c(c1)CCC2Cc1nc(C2CCCN2)no1,True,1,SAMPLE1_DRAW_GROUP
c1ccc2c(c1)CCC2Nc1ncnc2c1ccn2C1CCCC1,True,2,COPLATED_IN_DECODED_WELL;DECODED_SAME_PLATE_ION_0p01;DECODED_SAME_WELL_ION_0p7
c1ccc2c(c1)CCC2Nc1ncnc2c1ncn2C1CCCO1,False,0,DECODED_SAME_PLATE_ION_0p01
c1ccc2c(c1)CCCC2,False,0,COPLATED_IN_DECODED_WELL;DECODED_SAME_PLATE_ION_0p01;EXPOSED_POPULATION:LCSB-ALL-MASSBANK-V1-EXPOSURE-SET;EXPOSED_POPULATION:LCSB-DEV;EXPOSED_POPULATION:LCSB-POS-V2-SPECTRA;EXPOSED_POPULATION:V2-DEVELOPMENT-POPULATION
c1ccc2c(c1)CCCC2C1=NCCN1,True,1,COPLATED_IN_DECODED_WELL;DECODED_SAME_PLATE_ION_0p01;DECODED_SAME_WELL_ION_0p7
c1ccc2c(c1)CCCC2c1noc(-c2cc[nH]n2)n1,True,1,SAMPLE1_DRAW_GROUP
c1ccc2c(c1)CCCCC2,True,2,DECODED_SAME_PLATE_ION_0p01
c1ccc2c(c1)CCCCc1cc3c(cc1-2)OCO3,True,5,COPLATED_IN_DECODED_WELL;DECODED_SAME_PLATE_ION_0p01;DECODED_SAME_WELL_ION_0p7
c1ccc2c(c1)CCCCc1ccccc1-2,True,4,COPLATED_IN_DECODED_WELL;DECODED_SAME_PLATE_ION_0p01;DECODED_SAME_WELL_ION_0p7
c1ccc2c(c1)CCCN2,False,0,DECODED_SAME_PLATE_ION_0p01;EXPOSED_POPULATION:LCSB-ALL-MASSBANK-V1-EXPOSURE-SET;EXPOSED_POPULATION:LCSB-DEV;EXPOSED_POPULATION:LCSB-POS-V2-SPECTRA;EXPOSED_POPULATION:V2-DEVELOPMENT-POPULATION
c1ccc2c(c1)CCCO2,True,40,COPLATED_IN_DECODED_WELL;DECODED_SAME_PLATE_ION_0p01
c1ccc2c(c1)CCCOc1ccccc1-2,True,1,COPLATED_IN_DECODED_WELL;DECODED_SAME_PLATE_ION_0p01
c1ccc2c(c1)CCCc1cc(-n3cnc(Nc4ccc5c(c4)CCC(N4CCCC4)CC5)n3)nnc1-2,True,1,COPLATED_IN_DECODED_WELL
c1ccc2c(c1)CCN(c1ccnc3ncnn13)C2,True,1,SAMPLE1_DRAW_GROUP
c1ccc2c(c1)CCN(c1ccncc1)C2,True,1,SAMPLE1_DRAW_GROUP
c1ccc2c(c1)CCN(c1cnccn1)C2,True,1,SAMPLE1_DRAW_GROUP
c1ccc2c(c1)CCN(c1nccn3nc(C4CC4)cc13)C2,True,1,DECODED_SAME_PLATE_ION_0p01
c1ccc2c(c1)CCN(c1ncnc3c1CCCC3)C2,True,1,SAMPLE1_DRAW_GROUP
c1ccc2c(c1)CCN1CCCCC21,True,2,COPLATED_IN_DECODED_WELL;DECODED_SAME_PLATE_ION_0p01;DECODED_SAME_WELL_ION_0p7;SAMPLE1_DRAW_GROUP
c1ccc2c(c1)CCN2,True,31,COPLATED_IN_DECODED_WELL;DECODED_SAME_PLATE_ION_0p01
c1ccc2c(c1)CCNC2,True,37,DECODED_SAME_PLATE_ION_0p01;SAMPLE1_DRAW_GROUP
c1ccc2c(c1)CCNC2CC1CCN2CCc3ccccc3C2C1,True,2,COPLATED_IN_DECODED_WELL;DECODED_SAME_PLATE_ION_0p01
c1ccc2c(c1)CCNC2Cc1cccc2ccccc12,False,0,DECODED_SAME_PLATE_ION_0p01
c1ccc2c(c1)CCNN=C2c1ccc(N2CCNCC2)cc1,True,1,COPLATED_IN_DECODED_WELL
c1ccc2c(c1)CCO2,False,0,COPLATED_IN_DECODED_WELL;EXPOSED_POPULATION:ENTACT-MIX-LISTS-499-503-505;EXPOSED_POPULATION:LCSB-ALL-MASSBANK-V1-EXPOSURE-SET;EXPOSED_POPULATION:LCSB-DEV;EXPOSED_POPULATION:LCSB-POS-V2-SPECTRA;EXPOSED_POPULATION:V2-DEVELOPMENT-POPULATION;EXPOSED_POPULATION:WUR-POS-IDENTITY;EXPOSED_POPULATION:WUR-SEALED
c1ccc2c(c1)CCOC2,True,6,SAMPLE1_DRAW_GROUP
c1ccc2c(c1)CC[n+]1cc3c4c(ccc3cc1-2)OCO4,False,0,COPLATED_IN_DECODED_WELL;DECODED_SAME_PLATE_ION_0p01;DECODED_SAME_WELL_ION_0p7
c1ccc2c(c1)CC[n+]1cc3ccccc3cc1-2,False,0,COPLATED_IN_DECODED_WELL;DECODED_SAME_PLATE_ION_0p01;DECODED_SAME_WELL_ION_0p7
c1ccc2c(c1)CCc1ccccc1N2,False,0,COPLATED_IN_DECODED_WELL;DECODED_SAME_PLATE_ION_0p01;DECODED_SAME_WELL_ION_0p7;EXPOSED_POPULATION:LCSB-ALL-MASSBANK-V1-EXPOSURE-SET;EXPOSED_POPULATION:LCSB-DEV;EXPOSED_POPULATION:LCSB-POS-V2-SPECTRA;EXPOSED_POPULATION:V2-DEVELOPMENT-POPULATION;MSNLIB_ANCHOR_CENSUS_DESIGN;MSNLIB_ANCHOR_CENSUS_DETECTED;MSNLIB_ANCHOR_GATE_CALIBRATION
c1ccc2c(c1)CCc1cccnc1C2=C1CCNCC1,False,0,COPLATED_IN_DECODED_WELL;DECODED_SAME_PLATE_ION_0p01;DECODED_SAME_WELL_ION_0p7;EXPOSED_POPULATION:LCSB-ALL-MASSBANK-V1-EXPOSURE-SET;EXPOSED_POPULATION:LCSB-DEV;EXPOSED_POPULATION:LCSB-POS-V2-SPECTRA;EXPOSED_POPULATION:V2-DEVELOPMENT-POPULATION;MSNLIB_ANCHOR_CENSUS_DESIGN;MSNLIB_ANCHOR_CENSUS_DETECTED;MSNLIB_ANCHOR_GATE_CALIBRATION;MULTIMS2_ANCHOR_CALIBRATION
c1ccc2c(c1)CCc1cnoc1-2,True,1,DECODED_SAME_PLATE_ION_0p01
c1ccc2c(c1)CCc1sccc1C2=C1CCNCC1,True,1,COPLATED_IN_DECODED_WELL;DECODED_SAME_PLATE_ION_0p01
c1ccc2c(c1)CCn1c-2cc2nc3ccccc3nc21,True,1,DECODED_SAME_PLATE_ION_0p01
c1ccc2c(c1)CCn1ccnc1C2=C1CCNCC1,True,1,DECODED_SAME_PLATE_ION_0p01
c1ccc2c(c1)CN(c1cnccn1)C2,False,0,COPLATED_IN_DECODED_WELL
c1ccc2c(c1)CN1CCCC1=N2,True,1,COPLATED_IN_DECODED_WELL;DECODED_SAME_PLATE_ION_0p01;DECODED_SAME_WELL_ION_0p7
c1ccc2c(c1)CN1CCCCCC1=N2,False,0,EXPOSED_POPULATION:LCSB-ALL-MASSBANK-V1-EXPOSURE-SET;EXPOSED_POPULATION:LCSB-DEV;EXPOSED_POPULATION:LCSB-POS-V2-SPECTRA;EXPOSED_POPULATION:V2-DEVELOPMENT-POPULATION
c1ccc2c(c1)CNC2,True,4,DECODED_SAME_PLATE_ION_0p01
c1ccc2c(c1)CNCCS2,True,1,COPLATED_IN_DECODED_WELL;DECODED_SAME_PLATE_ION_0p01
c1ccc2c(c1)CNc1c-2ccc2cc3c(cc12)OCO3,True,2,DECODED_SAME_PLATE_ION_0p01
c1ccc2c(c1)CSc1ccccc1C2OC1CCNCC1,True,1,SAMPLE1_DRAW_GROUP
c1ccc2c(c1)Cc1ccccc1-2,False,0,COPLATED_IN_DECODED_WELL;DECODED_SAME_PLATE_ION_0p01;EXPOSED_POPULATION:ENTACT-MIX-LISTS-499-503-505;EXPOSED_POPULATION:LCSB-ALL-MASSBANK-V1-EXPOSURE-SET;EXPOSED_POPULATION:LCSB-DEV;EXPOSED_POPULATION:LCSB-NEG;EXPOSED_POPULATION:LCSB-POS-V2-SPECTRA;EXPOSED_POPULATION:V2-DEVELOPMENT-POPULATION;EXPOSED_POPULATION:WUR-NEG-DEV
c1ccc2c(c1)Cc1ccccc1C1=C2CCNC1,True,1,COPLATED_IN_DECODED_WELL;DECODED_SAME_PLATE_ION_0p01
c1ccc2c(c1)Cc1ccccc1N1CCNCC21,True,1,DECODED_SAME_PLATE_ION_0p01
c1ccc2c(c1)Cc1ccccc1N2CCc1nn[nH]n1,True,1,COPLATED_IN_DECODED_WELL
c1ccc2c(c1)Cc1ccccc1O2,True,1,COPLATED_IN_DECODED_WELL;DECODED_SAME_PLATE_ION_0p01;DECODED_SAME_WELL_ION_0p7
c1ccc2c(c1)Cc1cccnc1N1CCNCC21,True,1,COPLATED_IN_DECODED_WELL;DECODED_SAME_PLATE_ION_0p01;SAMPLE1_DRAW_GROUP
c1ccc2c(c1)Cc1cccnc1O2,True,1,COPLATED_IN_DECODED_WELL;DECODED_SAME_PLATE_ION_0p01
c1ccc2c(c1)N=C(N1CCNCC1)c1ccccc1N2,False,0,COPLATED_IN_DECODED_WELL;DECODED_SAME_PLATE_ION_0p01;DECODED_SAME_WELL_ION_0p7;EXPOSED_POPULATION:V2-DEVELOPMENT-POPULATION;EXPOSED_POPULATION:WUR-DEV-HOLD;EXPOSED_POPULATION:WUR-POS-IDENTITY;MSNLIB_ANCHOR_CENSUS_DESIGN;MSNLIB_ANCHOR_CENSUS_DETECTED;MSNLIB_ANCHOR_GATE_CALIBRATION
c1ccc2c(c1)N=C(N1CCNCC1)c1ccccc1O2,False,0,COPLATED_IN_DECODED_WELL;DECODED_SAME_PLATE_ION_0p01;DECODED_SAME_WELL_ION_0p7;EXPOSED_POPULATION:ENTACT-MIX-LISTS-499-503-505;EXPOSED_POPULATION:LCSB-ALL-MASSBANK-V1-EXPOSURE-SET;EXPOSED_POPULATION:LCSB-DEV;EXPOSED_POPULATION:LCSB-POS-V2-SPECTRA;EXPOSED_POPULATION:V2-DEVELOPMENT-POPULATION;MSNLIB_ANCHOR_CENSUS_DESIGN;MSNLIB_ANCHOR_CENSUS_DETECTED;MSNLIB_ANCHOR_GATE_CALIBRATION;MULTIMS2_ANCHOR_CALIBRATION
c1ccc2c(c1)N=C(N1CCNCC1)c1ccccc1S2,False,0,COPLATED_IN_DECODED_WELL;DECODED_SAME_PLATE_ION_0p01;DECODED_SAME_WELL_ION_0p7;EXPOSED_POPULATION:V2-DEVELOPMENT-POPULATION;EXPOSED_POPULATION:WUR-POS-IDENTITY;EXPOSED_POPULATION:WUR-SEALED;MSNLIB_ANCHOR_CENSUS_DESIGN;MSNLIB_ANCHOR_CENSUS_DETECTED;MSNLIB_ANCHOR_GATE_CALIBRATION;MULTIMS2_ANCHOR_CALIBRATION
c1ccc2c(c1)N=C(N1CCNCC1)c1ccccc1[SH+]2,False,0,COPLATED_IN_DECODED_WELL;DECODED_SAME_PLATE_ION_0p01;DECODED_SAME_WELL_ION_0p7
c1ccc2c(c1)N=C(N1CCNCC1)c1ccsc1N2,True,1,COPLATED_IN_DECODED_WELL;DECODED_SAME_PLATE_ION_0p01
c1ccc2c(c1)N=C(N1CC[NH2+]CC1)c1ccccc1N2,False,0,DECODED_SAME_PLATE_ION_0p01
c1ccc2c(c1)N=C1C3CC4C(CO3)C3CC12C4CN3,True,1,DECODED_SAME_PLATE_ION_0p01
c1ccc2c(c1)NC1C3CC4CCN3C3CC21CC43,True,1,COPLATED_IN_DECODED_WELL;DECODED_SAME_PLATE_ION_0p01;DECODED_SAME_WELL_ION_0p7
c1ccc2c(c1)NC1NCCC21,False,0,COPLATED_IN_DECODED_WELL;DECODED_SAME_PLATE_ION_0p01;EXPOSED_POPULATION:LCSB-ALL-MASSBANK-V1-EXPOSURE-SET;EXPOSED_POPULATION:LCSB-CONFIRMATION
c1ccc2c(c1)NCCO2,True,2,EXPOSED_POPULATION:ENTACT-MIX-LISTS-499-503-505;EXPOSED_POPULATION:LCSB-RAW-MIX-REPLICATE-SET-92
c1ccc2c(c1)NCc1cc3c(cc1-2)OCO3,True,1,DECODED_SAME_PLATE_ION_0p01
c1ccc2c(c1)NCc1cncn1-2,True,1,DECODED_SAME_PLATE_ION_0p01
c1ccc2c(c1)Nc1cc(N3CCNCC3)nnc1O2,True,1,DECODED_SAME_PLATE_ION_0p01
c1ccc2c(c1)Nc1cccc3[nH]nc-2c13,False,0,DECODED_SAME_PLATE_ION_0p01
c1ccc2c(c1)Nc1ccccc1S2,False,0,COPLATED_IN_DECODED_WELL;DECODED_SAME_PLATE_ION_0p01;DECODED_SAME_WELL_ION_0p7;EXPOSED_POPULATION:ENTACT-MIX-LISTS-499-503-505;EXPOSED_POPULATION:V2-DEVELOPMENT-POPULATION;EXPOSED_POPULATION:WUR-POS-IDENTITY;EXPOSED_POPULATION:WUR-SEALED;MULTIMS2_ANCHOR_CALIBRATION
c1ccc2c(c1)Nc1cnc(N3CCNCC3)nc1S2,True,1,DECODED_SAME_PLATE_ION_0p01
c1ccc2c(c1)OC1CCCC21,True,1,COPLATED_IN_DECODED_WELL
c1ccc2c(c1)OC1c3ccc(OC4CCCCO4)cc3OCC21,True,1,COPLATED_IN_DECODED_WELL;SAMPLE1_DRAW_GROUP
c1ccc2c(c1)OC1c3ccccc3OCC21,True,8,DECODED_SAME_PLATE_ION_0p01
c1ccc2c(c1)OCC(c1nc3nccc(-c4ccn[nH]4)n3n1)O2,True,1,SAMPLE1_DRAW_GROUP
c1ccc2c(c1)OCCC2Oc1cccc2[nH]cnc12,True,1,COPLATED_IN_DECODED_WELL;DECODED_SAME_PLATE_ION_0p01
c1ccc2c(c1)OCCN2Cc1ncno1,True,1,SAMPLE1_DRAW_GROUP
c1ccc2c(c1)OCO2,False,0,COPLATED_IN_DECODED_WELL;DECODED_SAME_PLATE_ION_0p01;DECODED_SAME_WELL_ION_0p7;EXPOSED_POPULATION:ENTACT-MIX-LISTS-499-503-505;EXPOSED_POPULATION:V2-DEVELOPMENT-POPULATION;EXPOSED_POPULATION:WUR-POS-IDENTITY;EXPOSED_POPULATION:WUR-SEALED;MSNLIB_ANCHOR_CENSUS_DESIGN;MSNLIB_ANCHOR_CENSUS_DETECTED
c1ccc2c(c1)OCc1c-2oc2ccccc12,True,1,COPLATED_IN_DECODED_WELL
c1ccc2c(c1)Oc1ccccc1C1CNCC21,True,1,COPLATED_IN_DECODED_WELL;DECODED_SAME_PLATE_ION_0p01;DECODED_SAME_WELL_ION_0p7
c1ccc2c(c1)Oc1ccccc1C2CCC1CC1,True,1,COPLATED_IN_DECODED_WELL;DECODED_SAME_PLATE_ION_0p01;DECODED_SAME_WELL_ION_0p7
c1ccc2c(c1)SCc1c-2[nH]c2ccccc12,True,1,DECODED_SAME_PLATE_ION_0p01
c1ccc2c(c1)Sc1ccccc1C2=C1CCNCC1,True,1,COPLATED_IN_DECODED_WELL;DECODED_SAME_PLATE_ION_0p01
c1ccc2c(c1)Sc1ccccc1C2CC1CCCNC1,True,1,COPLATED_IN_DECODED_WELL;DECODED_SAME_PLATE_ION_0p01
c1ccc2c(c1)Sc1ccccc1N2CC1CCCNC1,True,1,COPLATED_IN_DECODED_WELL;DECODED_SAME_PLATE_ION_0p01;DECODED_SAME_WELL_ION_0p7
c1ccc2c(c1)Sc1ccccc1N2CC1CN2CCC1CC2,True,1,COPLATED_IN_DECODED_WELL;DECODED_SAME_PLATE_ION_0p01;DECODED_SAME_WELL_ION_0p7
c1ccc2c(c1)Sc1ccccc1N2CCC1CCCCN1,True,1,DECODED_SAME_PLATE_ION_0p01
c1ccc2c(c1)Sc1ccccc1N2CCCN1CCCCC1,True,2,COPLATED_IN_DECODED_WELL;DECODED_SAME_PLATE_ION_0p01;DECODED_SAME_WELL_ION_0p7
c1ccc2c(c1)Sc1ccccc1N2CCCN1CCNCC1,True,5,COPLATED_IN_DECODED_WELL;DECODED_SAME_PLATE_ION_0p01;DECODED_SAME_WELL_ION_0p7
c1ccc2c(c1)[nH]c1c(-c3ccncn3)nccc12,True,1,DECODED_SAME_PLATE_ION_0p01
c1ccc2c(c1)[nH]c1cc3c(cc12)[nH]c1ccccc13,True,1,COPLATED_IN_DECODED_WELL;DECODED_SAME_PLATE_ION_0p01
c1ccc2c(c1)[nH]c1ccccc12,False,0,COPLATED_IN_DECODED_WELL;DECODED_SAME_PLATE_ION_0p01;EXPOSED_POPULATION:ENTACT-MIX-LISTS-499-503-505;EXPOSED_POPULATION:LCSB-ALL-MASSBANK-V1-EXPOSURE-SET;EXPOSED_POPULATION:LCSB-DEV;EXPOSED_POPULATION:LCSB-POS-V2-SPECTRA;EXPOSED_POPULATION:LCSB-RAW-MIX-REPLICATE-SET-92;EXPOSED_POPULATION:V2-DEVELOPMENT-POPULATION;EXPOSED_POPULATION:WUR-DEV-HOLD;EXPOSED_POPULATION:WUR-POS-IDENTITY;MSNLIB_ANCHOR_CENSUS_DESIGN;MULTIMS2_ANCHOR_CALIBRATION
c1ccc2c(c1)[nH]c1cnccc12,True,7,COPLATED_IN_DECODED_WELL;DECODED_SAME_PLATE_ION_0p01
c1ccc2c(c1)c1c3n2CCC2CCCN(CC1)C32,False,0,COPLATED_IN_DECODED_WELL;DECODED_SAME_PLATE_ION_0p01;DECODED_SAME_WELL_ION_0p7;EXPOSED_POPULATION:LCSB-ALL-MASSBANK-V1-EXPOSURE-SET;EXPOSED_POPULATION:LCSB-CONFIRMATION;EXPOSED_POPULATION:V2-DEVELOPMENT-POPULATION;EXPOSED_POPULATION:WUR-POS-IDENTITY;EXPOSED_POPULATION:WUR-SEALED;MSNLIB_ANCHOR_CENSUS_DESIGN;MSNLIB_ANCHOR_CENSUS_DETECTED;MSNLIB_ANCHOR_GATE_CALIBRATION
c1ccc2c(c1)c1c3n2CCNC3CCC1,True,1,COPLATED_IN_DECODED_WELL;DECODED_SAME_PLATE_ION_0p01;DECODED_SAME_WELL_ION_0p7
c1ccc2c(c1)cc1c3c(cccc32)CCN1,True,1,DECODED_SAME_PLATE_ION_0p01
c1ccc2c(c1)ccc1c3ccccc3ccc21,True,2,DECODED_SAME_PLATE_ION_0p01
c1ccc2c(c1)ccc1ccc3c(c12)OCO3,True,4,COPLATED_IN_DECODED_WELL;DECODED_SAME_PLATE_ION_0p01
c1ccc2c(c1)ccc1ccccc12,True,6,COPLATED_IN_DECODED_WELL;DECODED_SAME_PLATE_ION_0p01;DECODED_SAME_WELL_ION_0p7
c1ccc2c(c1)ccc1nc3ccccc3nc12,True,2,DECODED_SAME_PLATE_ION_0p01
c1ccc2c(c1)ccc1ncoc12,True,1,COPLATED_IN_DECODED_WELL
c1ccc2c(c1)ncc1nc[nH]c12,True,3,COPLATED_IN_DECODED_WELL;DECODED_SAME_PLATE_ION_0p01;DECODED_SAME_WELL_ION_0p7
c1ccc2c(c1)ncc1ncsc12,True,1,DECODED_SAME_PLATE_ION_0p01
c1ccc2c(c1)ncn2-c1nc(N2CCOCC2)nc(N2CCOCC2)n1,True,1,DECODED_SAME_PLATE_ION_0p01
c1ccc2c(c1)ncn2C1CCCO1,True,1,COPLATED_IN_DECODED_WELL;DECODED_SAME_PLATE_ION_0p01;DECODED_SAME_WELL_ION_0p7
c1ccc2c(c1)ncn2C1CN(c2ccncc2)C1,True,1,SAMPLE1_DRAW_GROUP
c1ccc2c(c1)ncn2CC1CCCCC1,True,1,DECODED_SAME_PLATE_ION_0p01
c1ccc2c(c1)oc1c(N3CCNCC3)ncnc12,True,1,DECODED_SAME_PLATE_ION_0p01
c1ccc2c(c1)oc1ccccc12,True,2,DECODED_SAME_PLATE_ION_0p01;SAMPLE1_DRAW_GROUP
c1ccc2c(c1)sc1ccccc12,True,2,COPLATED_IN_DECODED_WELL
c1ccc2c(c1)sc1nncn12,False,0,COPLATED_IN_DECODED_WELL;DECODED_SAME_PLATE_ION_0p01;DECODED_SAME_WELL_ION_0p7;EXPOSED_POPULATION:V2-DEVELOPMENT-POPULATION;EXPOSED_POPULATION:WUR-POS-IDENTITY;EXPOSED_POPULATION:WUR-SEALED;MSNLIB_ANCHOR_CENSUS_DESIGN;MSNLIB_ANCHOR_CENSUS_DETECTED;MSNLIB_ANCHOR_GATE_CALIBRATION
c1ccc2c3c([nH]c2c1)C1CC2CCCCC2CN1CC3,False,0,COPLATED_IN_DECODED_WELL;DECODED_SAME_PLATE_ION_0p01;DECODED_SAME_WELL_ION_0p7;EXPOSED_POPULATION:V2-DEVELOPMENT-POPULATION;EXPOSED_POPULATION:WUR-DEV-ANALYSIS;EXPOSED_POPULATION:WUR-POS-IDENTITY;MSNLIB_ANCHOR_CENSUS_DESIGN;MSNLIB_ANCHOR_CENSUS_DETECTED;MSNLIB_ANCHOR_GATE_CALIBRATION
c1ccc2c3c([nH]c2c1)CCCC3,True,4,COPLATED_IN_DECODED_WELL;DECODED_SAME_PLATE_ION_0p01
c1ccc2c3c([nH]c2c1)CCCCCC3,True,1,COPLATED_IN_DECODED_WELL
c1ccc2c3c([nH]c2c1)COCC3,True,1,COPLATED_IN_DECODED_WELL;DECODED_SAME_PLATE_ION_0p01;SAMPLE1_DRAW_GROUP
c1ccc2c3c(ccc2c1)CCCO3,True,2,DECODED_SAME_PLATE_ION_0p01
c1ccc2c3c(ccc2c1)OCCC3,True,1,SAMPLE1_DRAW_GROUP
c1ccc2c3ccn4cc5c(cc4c-3nc2c1)CCCC5,True,1,DECODED_SAME_PLATE_ION_0p01
c1ccc2c[n+]3c(cc2c1)-c1cc2c(cc1CC3)OCO2,False,0,COPLATED_IN_DECODED_WELL;DECODED_SAME_PLATE_ION_0p01;DECODED_SAME_WELL_ION_0p7
c1ccc2cc(-c3ccc4ccccc4c3)ccc2c1,True,1,COPLATED_IN_DECODED_WELL;DECODED_SAME_PLATE_ION_0p01
c1ccc2cc(-c3ccnc(N4CCCCC4)n3)ccc2c1,False,0,DECODED_SAME_PLATE_ION_0p01
c1ccc2cc(-c3nc4ccccc4o3)ccc2c1,True,1,COPLATED_IN_DECODED_WELL
c1ccc2cc(C34CNCC3C4)ccc2c1,True,1,COPLATED_IN_DECODED_WELL;DECODED_SAME_PLATE_ION_0p01;DECODED_SAME_WELL_ION_0p7
c1ccc2cc(C3CCn4cncc43)ccc2c1,True,1,DECODED_SAME_PLATE_ION_0p01;SAMPLE1_DRAW_GROUP
c1ccc2cc(CN3CCN(c4ccncn4)CC3)ccc2c1,True,1,SAMPLE1_DRAW_GROUP
c1ccc2cc(N=Nc3ccc(-c4ccc(N=Nc5ccc6ccccc6c5)cc4)cc3)ccc2c1,True,4,COPLATED_IN_DECODED_WELL
c1ccc2cc(N=Nc3cccc4ccccc34)ccc2c1,True,2,COPLATED_IN_DECODED_WELL
c1ccc2cc(OC3CCCCO3)ccc2c1,True,1,DECODED_SAME_PLATE_ION_0p01
c1ccc2cc(OCCCOc3ccc4ccccc4c3)ccc2c1,False,0,COPLATED_IN_DECODED_WELL
c1ccc2cc(SSc3ccc4ccccc4c3)ccc2c1,False,0,EXPOSED_POPULATION:ENTACT-MIX-LISTS-499-503-505;EXPOSED_POPULATION:LCSB-ALL-MASSBANK-V1-EXPOSURE-SET;EXPOSED_POPULATION:LCSB-NEG
c1ccc2cccc-2cc1,True,3,COPLATED_IN_DECODED_WELL;DECODED_SAME_PLATE_ION_0p01
c1ccc2ccccc2c1,False,0,COPLATED_IN_DECODED_WELL;DECODED_SAME_PLATE_ION_0p01;DECODED_SAME_WELL_ION_0p7;EXPOSED_POPULATION:ENTACT-MIX-LISTS-499-503-505;EXPOSED_POPULATION:LCSB-ALL-MASSBANK-V1-EXPOSURE-SET;EXPOSED_POPULATION:LCSB-DEV;EXPOSED_POPULATION:LCSB-NEG;EXPOSED_POPULATION:LCSB-POS-V2-SPECTRA;EXPOSED_POPULATION:LCSB-RAW-MIX-REPLICATE-SET-92;EXPOSED_POPULATION:LCSB-RAW-MIXES-499-503-505;EXPOSED_POPULATION:V2-DEVELOPMENT-POPULATION;EXPOSED_POPULATION:WUR-DEV-ANALYSIS;EXPOSED_POPULATION:WUR-POS-IDENTITY;MSNLIB_ANCHOR_CENSUS_DESIGN;MSNLIB_ANCHOR_CENSUS_DETECTED;MSNLIB_ANCHOR_GATE_CALIBRATION;MULTIMS2_ANCHOR_CALIBRATION
c1ccc2cnccc2c1,True,22,COPLATED_IN_DECODED_WELL;DECODED_SAME_PLATE_ION_0p01;DECODED_SAME_WELL_ION_0p7
c1ccc2cnncc2c1,False,0,COPLATED_IN_DECODED_WELL;DECODED_SAME_PLATE_ION_0p01;DECODED_SAME_WELL_ION_0p7;EXPOSED_POPULATION:LCSB-ALL-MASSBANK-V1-EXPOSURE-SET;EXPOSED_POPULATION:LCSB-DEV;EXPOSED_POPULATION:LCSB-POS-V2-SPECTRA;EXPOSED_POPULATION:V2-DEVELOPMENT-POPULATION;MSNLIB_ANCHOR_CENSUS_DESIGN;MSNLIB_ANCHOR_CENSUS_DETECTED;MSNLIB_ANCHOR_GATE_CALIBRATION
c1ccc2nc(-c3ccc4ccccc4n3)ccc2c1,True,1,DECODED_SAME_PLATE_ION_0p01
c1ccc2nc(-c3nn4cnnc4s3)ccc2c1,True,1,SAMPLE1_DRAW_GROUP
c1ccc2nc(-n3ccnc3)ccc2c1,True,1,SAMPLE1_DRAW_GROUP
c1ccc2nc(COc3ccc(-c4n[nH]cc4-c4ccncc4)cc3)ccc2c1,True,2,COPLATED_IN_DECODED_WELL;DECODED_SAME_PLATE_ION_0p01;DECODED_SAME_WELL_ION_0p7
c1ccc2nc(Cc3c[nH]c4ccccc34)ccc2c1,True,1,DECODED_SAME_PLATE_ION_0p01
c1ccc2nc(N3CCNCC3)ccc2c1,True,2,DECODED_SAME_PLATE_ION_0p01;SAMPLE1_DRAW_GROUP
c1ccc2nc(NC3CCCCC3)cnc2c1,True,2,SAMPLE1_DRAW_GROUP
c1ccc2nc(NCC3CCCO3)cnc2c1,True,1,SAMPLE1_DRAW_GROUP
c1ccc2nc3c(cc2c1)CCCC3,False,0,COPLATED_IN_DECODED_WELL;DECODED_SAME_PLATE_ION_0p01;DECODED_SAME_WELL_ION_0p7;EXPOSED_POPULATION:LCSB-ALL-MASSBANK-V1-EXPOSURE-SET;EXPOSED_POPULATION:LCSB-DEV;EXPOSED_POPULATION:LCSB-POS-V2-SPECTRA;EXPOSED_POPULATION:V2-DEVELOPMENT-POPULATION;MSNLIB_ANCHOR_CENSUS_DESIGN;MSNLIB_ANCHOR_CENSUS_DETECTED;MSNLIB_ANCHOR_GATE_CALIBRATION;MULTIMS2_ANCHOR_CALIBRATION
c1ccc2nc3ccccc3cc2c1,True,7,COPLATED_IN_DECODED_WELL;DECODED_SAME_PLATE_ION_0p01;DECODED_SAME_WELL_ION_0p7
c1ccc2nc3ccncc3cc2c1,True,1,DECODED_SAME_PLATE_ION_0p01
c1ccc2ncccc2c1,False,0,COPLATED_IN_DECODED_WELL;DECODED_SAME_PLATE_ION_0p01;DECODED_SAME_WELL_ION_0p7;EXPOSED_POPULATION:ENTACT-MIX-LISTS-499-503-505;EXPOSED_POPULATION:LCSB-ALL-MASSBANK-V1-EXPOSURE-SET;EXPOSED_POPULATION:LCSB-DEV;EXPOSED_POPULATION:LCSB-NEG;EXPOSED_POPULATION:LCSB-POS-V2-SPECTRA;EXPOSED_POPULATION:V2-DEVELOPMENT-POPULATION;EXPOSED_POPULATION:WUR-DEV-ANALYSIS;EXPOSED_POPULATION:WUR-POS-IDENTITY;MSNLIB_ANCHOR_CENSUS_DESIGN;MSNLIB_ANCHOR_CENSUS_DETECTED;MSNLIB_ANCHOR_GATE_CALIBRATION
c1ccc2nccnc2c1,False,0,COPLATED_IN_DECODED_WELL;EXPOSED_POPULATION:V2-DEVELOPMENT-POPULATION;EXPOSED_POPULATION:WUR-DEV-HOLD;EXPOSED_POPULATION:WUR-POS-IDENTITY
c1ccc2ncncc2c1,True,17,COPLATED_IN_DECODED_WELL;DECODED_SAME_PLATE_ION_0p01;DECODED_SAME_WELL_ION_0p7
c1ccc2nn(-c3ccc(C4CCCNC4)cc3)cc2c1,True,2,COPLATED_IN_DECODED_WELL;DECODED_SAME_PLATE_ION_0p01
c1ccc2nonc2c1,True,2,COPLATED_IN_DECODED_WELL;DECODED_SAME_PLATE_ION_0p01
c1ccc2oc(-c3nnc4sc(CN5CCCCCC5)nn34)cc2c1,True,1,DECODED_SAME_PLATE_ION_0p01
c1ccc2oc(C3CCNCC3)cc2c1,True,1,COPLATED_IN_DECODED_WELL;DECODED_SAME_PLATE_ION_0p01;SAMPLE1_DRAW_GROUP
c1ccc2oc(C3CCNCC3)nc2c1,True,1,SAMPLE1_DRAW_GROUP
c1ccc2oc(N3CC(N4CC5CCCC5C4)C3)nc2c1,True,1,SAMPLE1_DRAW_GROUP
c1ccc2oc(N3CCN(c4nc5cnccc5s4)CC3)nc2c1,True,1,SAMPLE1_DRAW_GROUP
c1ccc2oc(Sc3ccncn3)nc2c1,True,1,SAMPLE1_DRAW_GROUP
c1ccc2occc2c1,True,47,COPLATED_IN_DECODED_WELL;DECODED_SAME_PLATE_ION_0p01
c1ccc2ocnc2c1,True,16,COPLATED_IN_DECODED_WELL
c1ccc2oncc2c1,True,7,DECODED_SAME_PLATE_ION_0p01
c1ccc2sc(C3=NCCS3)nc2c1,True,1,COPLATED_IN_DECODED_WELL
c1ccc2sc(Cc3ccnc(OCc4ccc(CN5CCOCC5)cc4)n3)nc2c1,True,1,DECODED_SAME_PLATE_ION_0p01
c1ccc2sc(N3CCC(n4ccnn4)C3)nc2c1,True,1,SAMPLE1_DRAW_GROUP
c1ccc2sc(N3CCCCC3)nc2c1,True,11,DECODED_SAME_PLATE_ION_0p01
c1ccc2sc(N3CCNCC3)nc2c1,True,2,SAMPLE1_DRAW_GROUP
c1ccc2sc(Nc3ccc(Cn4cncn4)cc3)nc2c1,True,1,COPLATED_IN_DECODED_WELL;DECODED_SAME_PLATE_ION_0p01
c1ccc2sccc2c1,True,25,COPLATED_IN_DECODED_WELL
c1ccc2scnc2c1,False,0,COPLATED_IN_DECODED_WELL;DECODED_SAME_PLATE_ION_0p01;DECODED_SAME_WELL_ION_0p7;EXPOSED_POPULATION:ENTACT-MIX-LISTS-499-503-505;EXPOSED_POPULATION:LCSB-ALL-MASSBANK-V1-EXPOSURE-SET;EXPOSED_POPULATION:LCSB-DEV;EXPOSED_POPULATION:LCSB-NEG;EXPOSED_POPULATION:LCSB-POS-V2-SPECTRA;EXPOSED_POPULATION:LCSB-RAW-MIX-REPLICATE-SET-92;EXPOSED_POPULATION:LCSB-RAW-MIXES-499-503-505;EXPOSED_POPULATION:V2-DEVELOPMENT-POPULATION;EXPOSED_POPULATION:WUR-DEV-ANALYSIS;EXPOSED_POPULATION:WUR-NEG-DEV;EXPOSED_POPULATION:WUR-POS-IDENTITY
c1ccc2snnc2c1,False,0,EXPOSED_POPULATION:V2-DEVELOPMENT-POPULATION;EXPOSED_POPULATION:WUR-DEV-ANALYSIS;EXPOSED_POPULATION:WUR-POS-IDENTITY
c1ccccc1,False,0,COPLATED_IN_DECODED_WELL;DECODED_SAME_PLATE_ION_0p01;DECODED_SAME_WELL_ION_0p7;EXPOSED_POPULATION:ENTACT-MIX-LISTS-499-503-505;EXPOSED_POPULATION:LCSB-ALL-MASSBANK-V1-EXPOSURE-SET;EXPOSED_POPULATION:LCSB-DEV;EXPOSED_POPULATION:LCSB-NEG;EXPOSED_POPULATION:LCSB-POS-V2-SPECTRA;EXPOSED_POPULATION:LCSB-RAW-MIX-REPLICATE-SET-92;EXPOSED_POPULATION:LCSB-RAW-MIXES-499-503-505;EXPOSED_POPULATION:V2-DEVELOPMENT-POPULATION;EXPOSED_POPULATION:WUR-DEV-ANALYSIS;EXPOSED_POPULATION:WUR-NEG-DEV;EXPOSED_POPULATION:WUR-POS-IDENTITY;MSNLIB_ANCHOR_CENSUS_DESIGN;MSNLIB_ANCHOR_CENSUS_DETECTED;MSNLIB_ANCHOR_GATE_CALIBRATION;MULTIMS2_ANCHOR_CALIBRATION
c1ccn(-c2ccon2)c1,True,2,SAMPLE1_DRAW_GROUP
c1ccn(C2CCCOC2)c1,True,1,DECODED_SAME_PLATE_ION_0p01
c1ccn2c(-c3ccncc3)cnc2c1,True,1,COPLATED_IN_DECODED_WELL;DECODED_SAME_PLATE_ION_0p01
c1ccn2c(C3CCN(c4ccncc4)CC3)nnc2c1,True,1,SAMPLE1_DRAW_GROUP
c1ccn2ccnc2c1,True,27,COPLATED_IN_DECODED_WELL
c1ccn2cnnc2c1,True,8,DECODED_SAME_PLATE_ION_0p01
c1ccn2nccc2c1,True,11,COPLATED_IN_DECODED_WELL;DECODED_SAME_PLATE_ION_0p01
c1ccncc1,False,0,COPLATED_IN_DECODED_WELL;DECODED_SAME_PLATE_ION_0p01;DECODED_SAME_WELL_ION_0p7;EXPOSED_POPULATION:ENTACT-MIX-LISTS-499-503-505;EXPOSED_POPULATION:LCSB-ALL-MASSBANK-V1-EXPOSURE-SET;EXPOSED_POPULATION:LCSB-DEV;EXPOSED_POPULATION:LCSB-NEG;EXPOSED_POPULATION:LCSB-POS-V2-SPECTRA;EXPOSED_POPULATION:LCSB-RAW-MIX-REPLICATE-SET-92;EXPOSED_POPULATION:LCSB-RAW-MIXES-499-503-505;EXPOSED_POPULATION:V2-DEVELOPMENT-POPULATION;EXPOSED_POPULATION:WUR-NEG-D6-EXCLUDED;EXPOSED_POPULATION:WUR-POS-IDENTITY;EXPOSED_POPULATION:WUR-SEALED;MSNLIB_ANCHOR_CENSUS_DESIGN;MSNLIB_ANCHOR_CENSUS_DETECTED;MSNLIB_ANCHOR_GATE_CALIBRATION;MULTIMS2_ANCHOR_CALIBRATION
c1ccoc1,False,0,COPLATED_IN_DECODED_WELL;DECODED_SAME_PLATE_ION_0p01;DECODED_SAME_WELL_ION_0p7;EXPOSED_POPULATION:ENTACT-MIX-LISTS-499-503-505;EXPOSED_POPULATION:LCSB-ALL-MASSBANK-V1-EXPOSURE-SET;EXPOSED_POPULATION:LCSB-DEV;EXPOSED_POPULATION:LCSB-NEG;EXPOSED_POPULATION:LCSB-POS-V2-SPECTRA;EXPOSED_POPULATION:V2-DEVELOPMENT-POPULATION
c1ccsc1,False,0,COPLATED_IN_DECODED_WELL;DECODED_SAME_PLATE_ION_0p01;DECODED_SAME_WELL_ION_0p7;EXPOSED_POPULATION:LCSB-ALL-MASSBANK-V1-EXPOSURE-SET;EXPOSED_POPULATION:LCSB-DEV;EXPOSED_POPULATION:LCSB-POS-V2-SPECTRA;EXPOSED_POPULATION:V2-DEVELOPMENT-POPULATION;EXPOSED_POPULATION:WUR-DEV-ANALYSIS;EXPOSED_POPULATION:WUR-POS-IDENTITY
c1cn(-c2cc(-c3noc(C4CCCN4)n3)ccn2)cn1,True,1,SAMPLE1_DRAW_GROUP
c1cn(C2CCCCC2)cn1,True,1,DECODED_SAME_PLATE_ION_0p01
c1cn(C2CCCO2)cn1,True,2,COPLATED_IN_DECODED_WELL;DECODED_SAME_PLATE_ION_0p01
c1cn(C2CCN(c3ccc(-c4nnco4)cn3)CC2)cn1,False,0,DECODED_SAME_PLATE_ION_0p01
c1cn(CCCN2CCOCC2)cn1,True,2,DECODED_SAME_PLATE_ION_0p01
c1cn(CCN2CCOCC2)cn1,True,1,COPLATED_IN_DECODED_WELL;DECODED_SAME_PLATE_ION_0p01
c1cn2c(n1)CCCC2,True,13,DECODED_SAME_PLATE_ION_0p01;SAMPLE1_DRAW_GROUP
c1cn2c(n1)COCC2,True,4,SAMPLE1_DRAW_GROUP
c1cn2cc(-c3ccc4cn[nH]c4c3)nc(Nc3ccc(N4CCOCC4)cc3)c2n1,True,1,SAMPLE1_DRAW_GROUP
c1cn2ccnc2cn1,True,3,DECODED_SAME_PLATE_ION_0p01
c1cn2ccsc2n1,True,8,DECODED_SAME_PLATE_ION_0p01
c1cn2cnc3c(ncn3C3CCCO3)c2n1,True,1,COPLATED_IN_DECODED_WELL
c1cn2cncc2cn1,True,1,DECODED_SAME_PLATE_ION_0p01
c1cn2cnnc2c(NCC2CCNCC2)n1,True,1,SAMPLE1_DRAW_GROUP
c1cn[nH]c1,True,214,COPLATED_IN_DECODED_WELL;DECODED_SAME_PLATE_ION_0p01;EXPOSED_POPULATION:ENTACT-MIX-LISTS-499-503-505;EXPOSED_POPULATION:LCSB-ALL-MASSBANK-V1-EXPOSURE-SET;EXPOSED_POPULATION:LCSB-CONFIRMATION
c1cnc(-c2cc[nH]n2)nc1,True,1,DECODED_SAME_PLATE_ION_0p01
c1cnc(-c2ccc(Cn3ccc4cc(OCC5Cc6ccccc6N5)ccc43)cc2)nc1,True,1,SAMPLE1_DRAW_GROUP
c1cnc(-c2cn3ccnc3c(Nc3ccc(N4CCN(C5COC5)CC4)cc3)n2)cn1,True,1,COPLATED_IN_DECODED_WELL;DECODED_SAME_WELL_ION_0p7
c1cnc(CNc2nccc(Nc3cc[nH]n3)n2)nc1,False,0,DECODED_SAME_PLATE_ION_0p01
c1cnc(N2CC3C(C2)C3NCc2ccc3ccccc3n2)nc1,True,1,DECODED_SAME_PLATE_ION_0p01
c1cnc(N2CC3CN(Cc4nc5c(s4)CCC5)CC3C2)nc1,True,1,SAMPLE1_DRAW_GROUP
c1cnc(N2CCC(COc3ccc4nccn4n3)CC2)nc1,True,2,SAMPLE1_DRAW_GROUP
c1cnc(N2CCC(c3nnc[nH]3)CC2)nc1,True,1,SAMPLE1_DRAW_GROUP
c1cnc(N2CCCC2)c(CNc2ccncn2)c1,True,1,SAMPLE1_DRAW_GROUP
c1cnc(N2CCCCCC2)cn1,True,1,COPLATED_IN_DECODED_WELL;DECODED_SAME_PLATE_ION_0p01;SURFACED_VALUE_ATTRIBUTED_WELL
c1cnc(N2CCN(Cc3ccc4c(c3)OCO4)CC2)nc1,True,1,DECODED_SAME_PLATE_ION_0p01
c1cnc(NC2CC2)nc1,False,0,EXPOSED_POPULATION:V2-DEVELOPMENT-POPULATION;EXPOSED_POPULATION:WUR-DEV-HOLD;EXPOSED_POPULATION:WUR-POS-IDENTITY
c1cnc(NC2CCNCC2)cn1,True,1,SAMPLE1_DRAW_GROUP
c1cnc(NCCc2ccc(-c3ccco3)s2)nc1,True,1,SAMPLE1_DRAW_GROUP
c1cnc(NCCc2cccs2)nc1,True,3,SAMPLE1_DRAW_GROUP
c1cnc(NCc2cc3nc(-c4cccnc4)nc(N4CCOCC4)c3s2)nc1,True,1,COPLATED_IN_DECODED_WELL;DECODED_SAME_PLATE_ION_0p01;DECODED_SAME_WELL_ION_0p7
c1cnc(NCc2ccc(CNc3ncccn3)cc2)nc1,True,1,DECODED_SAME_PLATE_ION_0p01
c1cnc(Nc2cc(NCC3CNCCO3)ccn2)cn1,True,1,DECODED_SAME_PLATE_ION_0p01
c1cnc(Nc2cn[nH]c2)nc1,True,1,COPLATED_IN_DECODED_WELL
c1cnc(Nc2nc(-c3cn[nH]c3)cs2)nc1,True,1,COPLATED_IN_DECODED_WELL;SAMPLE1_DRAW_GROUP
c1cnc(OC2CCCCC2)nc1,True,1,SAMPLE1_DRAW_GROUP
c1cnc(OC2CCN(c3ccncn3)CC2)nc1,True,2,SAMPLE1_DRAW_GROUP
c1cnc(OCC2CCCN(c3ccnc4ccnn34)C2)nc1,True,1,SAMPLE1_DRAW_GROUP
c1cnc(OCC2CCCN(c3nnc(C4CC4)s3)C2)nc1,True,1,SAMPLE1_DRAW_GROUP
c1cnc(Oc2cccc(Oc3ncccn3)c2)nc1,False,0,EXPOSED_POPULATION:LCSB-ALL-MASSBANK-V1-EXPOSURE-SET;EXPOSED_POPULATION:LCSB-DEV;EXPOSED_POPULATION:LCSB-NEG;EXPOSED_POPULATION:LCSB-POS-V2-SPECTRA;EXPOSED_POPULATION:V2-DEVELOPMENT-POPULATION;EXPOSED_POPULATION:WUR-DEV-ANALYSIS;EXPOSED_POPULATION:WUR-POS-IDENTITY
c1cnc2[nH]c(-c3cnc4c(c3)CCN4)nc2c1,True,1,SAMPLE1_DRAW_GROUP
c1cnc2[nH]c(N3CC(n4cnc5ccccc54)C3)nc2c1,True,1,SAMPLE1_DRAW_GROUP
c1cnc2[nH]c(N3CCCC3c3ncno3)nc2c1,True,1,SAMPLE1_DRAW_GROUP
c1cnc2c(Cc3ccc(-c4nnc(C5CCNCC5)o4)cc3)cnn2c1,False,0,DECODED_SAME_PLATE_ION_0p01
c1cnc2c(c1)CCCC2,True,6,DECODED_SAME_PLATE_ION_0p01
c1cnc2c(c1)cnn2CC1CC1,True,1,SAMPLE1_DRAW_GROUP
c1cnc2c(c1)cnn2Cc1nc(C2CCCCC2)no1,True,1,SAMPLE1_DRAW_GROUP
c1cnc2cc(CN3CCCCC3)ccc2c1,True,1,DECODED_SAME_PLATE_ION_0p01
c1cnc2cc(NC3=NCCN3)ccc2n1,True,1,COPLATED_IN_DECODED_WELL
c1cnc2cc3c(cc2n1)C1CNCC3C1,True,1,COPLATED_IN_DECODED_WELL;DECODED_SAME_PLATE_ION_0p01;DECODED_SAME_WELL_ION_0p7
c1cnc2ccc(-c3nn(CC4CCNCC4)c4ncncc34)cc2c1,True,1,COPLATED_IN_DECODED_WELL
c1cnc2ccc(Cc3nnc4ccc(-c5ccncc5)nn34)cc2c1,True,1,DECODED_SAME_PLATE_ION_0p01
c1cnc2ccc(Cc3nnc4ccc(-c5cn[nH]c5)nn34)cc2c1,True,1,DECODED_SAME_PLATE_ION_0p01
c1cnc2ccc(Cn3nnc4ncc(-c5cn[nH]c5)nc43)cc2c1,True,1,DECODED_SAME_PLATE_ION_0p01
c1cnc2ccn(Cc3ccncn3)c2c1,True,1,COPLATED_IN_DECODED_WELL;DECODED_SAME_PLATE_ION_0p01;DECODED_SAME_WELL_ION_0p7
c1cnc2ccn3cc(C4CC4c4nc5cnccn5n4)nc3c2c1,True,1,DECODED_SAME_PLATE_ION_0p01
c1cnc2ccnn2c1,False,0,DECODED_SAME_PLATE_ION_0p01;EXPOSED_POPULATION:LCSB-ALL-MASSBANK-V1-EXPOSURE-SET;EXPOSED_POPULATION:LCSB-DEV;EXPOSED_POPULATION:LCSB-POS-V2-SPECTRA;EXPOSED_POPULATION:V2-DEVELOPMENT-POPULATION
c1cnc2cncn2c1,True,1,DECODED_SAME_PLATE_ION_0p01
c1cnc2cncnc2c1,True,1,DECODED_SAME_PLATE_ION_0p01
c1cnc2nc[nH]c2c1,True,3,DECODED_SAME_PLATE_ION_0p01
c1cnc2nccn2c1,True,6,DECODED_SAME_PLATE_ION_0p01
c1cnc2ncnn2c1,False,0,COPLATED_IN_DECODED_WELL;DECODED_SAME_PLATE_ION_0p01;DECODED_SAME_WELL_ION_0p7;EXPOSED_POPULATION:V2-DEVELOPMENT-POPULATION;EXPOSED_POPULATION:WUR-DEV-HOLD;EXPOSED_POPULATION:WUR-POS-IDENTITY
c1cncc(-c2cc(C3C4CN(C5COC5)CC43)[nH]n2)c1,True,1,DECODED_SAME_PLATE_ION_0p01
c1cncc(-c2ccc(SCc3cn4ccccc4n3)nn2)c1,True,1,DECODED_SAME_PLATE_ION_0p01
c1cncc(-c2ccc3c(c2)[nH]c2ccncc23)c1,True,1,COPLATED_IN_DECODED_WELL;DECODED_SAME_PLATE_ION_0p01;DECODED_SAME_WELL_ION_0p7
c1cncc(-c2ccc3ncnn3c2)c1,True,1,COPLATED_IN_DECODED_WELL;DECODED_SAME_PLATE_ION_0p01
c1cncc(-c2cccc3[nH]c4c(c23)CNCC4)c1,True,1,SAMPLE1_DRAW_GROUP
c1cncc(-c2cccc3ccccc23)c1,True,1,DECODED_SAME_PLATE_ION_0p01
c1cncc(-c2cnc(NCc3cccc4c3CCO4)n3cnnc23)c1,False,0,DECODED_SAME_PLATE_ION_0p01
c1cncc(-c2cnc3c(c2)CCCN3)c1,True,1,DECODED_SAME_PLATE_ION_0p01
c1cncc(-c2cnn3cncnc23)c1,True,1,COPLATED_IN_DECODED_WELL;DECODED_SAME_PLATE_ION_0p01;DECODED_SAME_WELL_ION_0p7
c1cncc(-c2nc(-c3cccc4[nH]ccc34)no2)c1,True,1,DECODED_SAME_PLATE_ION_0p01
c1cncc(-c2nc(N3CCOCC3)nc(N3CCOCC3)n2)c1,True,3,COPLATED_IN_DECODED_WELL;DECODED_SAME_PLATE_ION_0p01
c1cncc(-c2nc3ccccc3[nH]2)c1,False,0,COPLATED_IN_DECODED_WELL;DECODED_SAME_PLATE_ION_0p01;DECODED_SAME_WELL_ION_0p7
c1cncc(-c2ncn(-c3ccc(Nc4nccc(-c5cccc(N6CCOCC6)c5)n4)cc3)n2)c1,True,1,DECODED_SAME_PLATE_ION_0p01
c1cncc(-c2nnc3sc(Cc4cccc5ccccc45)nn23)c1,True,1,SAMPLE1_DRAW_GROUP
c1cncc(C2=NCCS2)c1,False,0,EXPOSED_POPULATION:ENTACT-MIX-LISTS-499-503-505;EXPOSED_POPULATION:LCSB-ALL-MASSBANK-V1-EXPOSURE-SET;EXPOSED_POPULATION:LCSB-DEV;EXPOSED_POPULATION:LCSB-POS-V2-SPECTRA;EXPOSED_POPULATION:V2-DEVELOPMENT-POPULATION
c1cncc(C2CC2)c1,True,2,DECODED_SAME_PLATE_ION_0p01;SAMPLE1_DRAW_GROUP
c1cncc(C2CCCCC2)c1,True,2,DECODED_SAME_PLATE_ION_0p01
c1cncc(C2CCCCN2)c1,True,1,SAMPLE1_DRAW_GROUP
c1cncc(C2CCCN2)c1,False,0,EXPOSED_POPULATION:V2-DEVELOPMENT-POPULATION;EXPOSED_POPULATION:WUR-POS-IDENTITY;EXPOSED_POPULATION:WUR-SEALED
c1cncc(C2CCN2c2ccncn2)c1,True,1,SAMPLE1_DRAW_GROUP
c1cncc(CCNc2nccc(Cc3nc4ccccc4s3)n2)c1,True,1,DECODED_SAME_PLATE_ION_0p01
c1cncc(CCn2c3c(c4ccccc42)CNCC3)c1,True,1,COPLATED_IN_DECODED_WELL;DECODED_SAME_PLATE_ION_0p01;DECODED_SAME_WELL_ION_0p7
c1cncc(CN2C3CC2CN(c2ccc(-c4cccn5nccc45)cn2)C3)c1,True,1,COPLATED_IN_DECODED_WELL;DECODED_SAME_PLATE_ION_0p01
c1cncc(CN2C3CCC2CC(n2cccn2)C3)c1,True,1,SAMPLE1_DRAW_GROUP
c1cncc(CN2CCC(=C3c4ccccc4CCc4cccnc43)CC2)c1,True,1,DECODED_SAME_PLATE_ION_0p01
c1cncc(CN2CCC(n3ncc4c(N5CCOCC5)nc(-c5ccc6[nH]ccc6c5)nc43)CC2)c1,True,1,DECODED_SAME_PLATE_ION_0p01
c1cncc(CN2CCCC2)c1,True,1,SAMPLE1_DRAW_GROUP
c1cncc(CNc2ccc(Cc3c[nH]c4ncccc34)cn2)c1,True,2,COPLATED_IN_DECODED_WELL;DECODED_SAME_PLATE_ION_0p01;DECODED_SAME_WELL_ION_0p7
c1cncc(CNc2nc(N3CCOCC3)nc3ncccc23)c1,True,1,DECODED_SAME_PLATE_ION_0p01
c1cncc(CSc2nnc(-c3c[nH]c4ccccc34)[nH]2)c1,True,1,SAMPLE1_DRAW_GROUP
c1cncc(C[n+]2ccsc2)c1,False,0,COPLATED_IN_DECODED_WELL
c1cncc(Cc2cccc(-c3cnoc3)c2)c1,False,0,DECODED_SAME_PLATE_ION_0p01
c1cncc(Cn2cccc2)c1,True,1,SAMPLE1_DRAW_GROUP
c1cncc(Cn2ccnc2)c1,False,0,EXPOSED_POPULATION:V2-DEVELOPMENT-POPULATION;EXPOSED_POPULATION:WUR-POS-IDENTITY;EXPOSED_POPULATION:WUR-SEALED
c1cncc(N2CCC(N3CCc4sccc4C3)CC2)c1,True,1,SAMPLE1_DRAW_GROUP
c1cncc(N2CCCC2)c1,True,2,COPLATED_IN_DECODED_WELL
c1cncc(Nc2ccc(-c3ccc(C4CCCCC4)cc3)nc2)c1,True,1,COPLATED_IN_DECODED_WELL;SAMPLE1_DRAW_GROUP
c1cncc(Nc2ncc(CN3CCNCC3)cc2-c2ncncn2)c1,True,1,DECODED_SAME_PLATE_ION_0p01
c1cncc(Oc2ccc(Nc3ncnc4ccccc34)cc2)c1,True,1,COPLATED_IN_DECODED_WELL
c1cncc(Oc2ccncc2-c2cccnc2)c1,True,1,DECODED_SAME_PLATE_ION_0p01;SAMPLE1_DRAW_GROUP
c1cnccn1,False,0,COPLATED_IN_DECODED_WELL;DECODED_SAME_PLATE_ION_0p01;EXPOSED_POPULATION:ENTACT-MIX-LISTS-499-503-505;EXPOSED_POPULATION:LCSB-ALL-MASSBANK-V1-EXPOSURE-SET;EXPOSED_POPULATION:LCSB-CONFIRMATION;EXPOSED_POPULATION:LCSB-NEG;EXPOSED_POPULATION:LCSB-RAW-MIX-REPLICATE-SET-92;EXPOSED_POPULATION:LCSB-RAW-MIXES-499-503-505;EXPOSED_POPULATION:V2-DEVELOPMENT-POPULATION;EXPOSED_POPULATION:WUR-POS-IDENTITY;EXPOSED_POPULATION:WUR-SEALED;MSNLIB_ANCHOR_CENSUS_DESIGN
c1cncnc1,False,0,COPLATED_IN_DECODED_WELL;DECODED_SAME_PLATE_ION_0p01;DECODED_SAME_WELL_ION_0p7;EXPOSED_POPULATION:ENTACT-MIX-LISTS-499-503-505;EXPOSED_POPULATION:LCSB-ALL-MASSBANK-V1-EXPOSURE-SET;EXPOSED_POPULATION:LCSB-DEV;EXPOSED_POPULATION:LCSB-NEG;EXPOSED_POPULATION:LCSB-POS-V2-SPECTRA;EXPOSED_POPULATION:LCSB-RAW-MIX-REPLICATE-SET-92;EXPOSED_POPULATION:LCSB-RAW-MIXES-499-503-505;EXPOSED_POPULATION:V2-DEVELOPMENT-POPULATION;EXPOSED_POPULATION:WUR-DEV-ANALYSIS;EXPOSED_POPULATION:WUR-POS-IDENTITY;MSNLIB_ANCHOR_CENSUS_DESIGN;MSNLIB_ANCHOR_CENSUS_DETECTED;MSNLIB_ANCHOR_GATE_CALIBRATION
c1cnn(-c2cc(N3CCN(c4ncnc5[nH]ccc45)CC3)ncn2)c1,True,1,SAMPLE1_DRAW_GROUP
c1cnn(-c2cc(NCc3ccnc(N4CCOCC4)c3)ncn2)c1,True,1,DECODED_SAME_PLATE_ION_0p01
c1cnn(-c2ccnc(Nc3ccc4[nH]ncc4c3)n2)c1,True,1,COPLATED_IN_DECODED_WELL
c1cnn(C2CC2)c1,True,2,DECODED_SAME_PLATE_ION_0p01
c1cnn(C2CCCC2)c1,True,6,COPLATED_IN_DECODED_WELL;DECODED_SAME_PLATE_ION_0p01;DECODED_SAME_WELL_ION_0p7
c1cnn(C2CCCCC2)c1,True,5,DECODED_SAME_PLATE_ION_0p01
c1cnn(C2CCCCO2)c1,True,2,DECODED_SAME_PLATE_ION_0p01
c1cnn(C2CCNC2)c1,True,2,COPLATED_IN_DECODED_WELL
c1cnn(C2CCOCC2)c1,True,4,DECODED_SAME_PLATE_ION_0p01
c1cnn(Cc2nnc3n2CCCC3)c1,True,1,SAMPLE1_DRAW_GROUP
c1cnn2c(-c3ccc4[nH]ncc4c3)cnc2c1,False,0,COPLATED_IN_DECODED_WELL;DECODED_SAME_PLATE_ION_0p01;DECODED_SAME_WELL_ION_0p7
c1cnn2ccnc2c1,True,1,SAMPLE1_DRAW_GROUP
c1cnnc(OC2CCCC2)c1,True,1,SAMPLE1_DRAW_GROUP
c1cnnc(OCC2CCN(c3cnccn3)C2)c1,True,1,SAMPLE1_DRAW_GROUP
c1cnnc(Oc2ccc(Nc3ccncn3)cc2)c1,True,1,SAMPLE1_DRAW_GROUP
c1cnoc1,False,0,COPLATED_IN_DECODED_WELL;DECODED_SAME_PLATE_ION_0p01;DECODED_SAME_WELL_ION_0p7;EXPOSED_POPULATION:V2-DEVELOPMENT-POPULATION;EXPOSED_POPULATION:WUR-POS-IDENTITY;EXPOSED_POPULATION:WUR-SEALED
c1cnsc1,True,9,SAMPLE1_DRAW_GROUP
c1coc(-c2cc(NCC3CCNCC3)c3ccc(OCCCN4CCCC4)cc3n2)c1,True,1,COPLATED_IN_DECODED_WELL;DECODED_SAME_PLATE_ION_0p01
c1coc(-c2nc3ccccc3[nH]2)c1,False,0,EXPOSED_POPULATION:V2-DEVELOPMENT-POPULATION;EXPOSED_POPULATION:WUR-POS-IDENTITY;EXPOSED_POPULATION:WUR-SEALED
c1coc(-c2nc3cnc4[nH]ccc4c3n2C2CCCCC2)c1,True,1,DECODED_SAME_PLATE_ION_0p01
c1coc(-c2nnco2)c1,False,0,EXPOSED_POPULATION:LCSB-ALL-MASSBANK-V1-EXPOSURE-SET;EXPOSED_POPULATION:LCSB-NEG;EXPOSED_POPULATION:LCSB-POS-V2-SPECTRA
c1coc(C(CNc2ccc3nncn3n2)N2CCCCC2)c1,True,1,SAMPLE1_DRAW_GROUP
c1coc(C(CNc2ncnc3cnccc23)c2ccco2)c1,True,1,SAMPLE1_DRAW_GROUP
c1coc(C(CNc2ncnc3ncccc23)c2ccsc2)c1,True,1,SAMPLE1_DRAW_GROUP
c1coc(C2CC2)c1,True,2,SAMPLE1_DRAW_GROUP
c1coc(C2CC2)n1,True,4,DECODED_SAME_PLATE_ION_0p01
c1coc(CN2CCCC2)c1,True,1,SAMPLE1_DRAW_GROUP
c1coc(CNc2[nH]cnc3ncnc2-3)c1,False,0,EXPOSED_POPULATION:LCSB-ALL-MASSBANK-V1-EXPOSURE-SET;EXPOSED_POPULATION:LCSB-CONFIRMATION;EXPOSED_POPULATION:LCSB-NEG
c1coc(CNc2ncnc3ccc(-c4ccco4)cc23)c1,True,1,DECODED_SAME_PLATE_ION_0p01
c1coc(CNc2ncnc3nc[nH]c23)c1,False,0,EXPOSED_POPULATION:LCSB-ALL-MASSBANK-V1-EXPOSURE-SET;EXPOSED_POPULATION:LCSB-CONFIRMATION;EXPOSED_POPULATION:LCSB-NEG
c1cocn1,True,28,COPLATED_IN_DECODED_WELL;DECODED_SAME_PLATE_ION_0p01
c1csc(-c2ccc(N3CCCCC3)nn2)c1,True,1,SAMPLE1_DRAW_GROUP
c1csc(-c2ccsc2)c1,True,4,SAMPLE1_DRAW_GROUP
c1csc(-c2ccsc2)n1,True,1,DECODED_SAME_PLATE_ION_0p01
c1csc(-c2cscn2)c1,True,1,COPLATED_IN_DECODED_WELL;DECODED_SAME_PLATE_ION_0p01;DECODED_SAME_WELL_ION_0p7
c1csc(-c2nc(-c3ccc4nc[nH]c4c3)no2)c1,True,1,SAMPLE1_DRAW_GROUP
c1csc(-c2nc3ccccc3nc2-c2cccs2)c1,True,1,SAMPLE1_DRAW_GROUP
c1csc(-c2nccs2)c1,True,1,DECODED_SAME_PLATE_ION_0p01
c1csc(C(=C2CCCNC2)c2cccs2)c1,True,1,COPLATED_IN_DECODED_WELL;DECODED_SAME_PLATE_ION_0p01
c1csc(C2CCCN2)n1,True,1,DECODED_SAME_PLATE_ION_0p01
c1csc(CC2CCN(c3nc4cccnc4[nH]3)CC2)c1,True,1,COPLATED_IN_DECODED_WELL
c1csc(CCNC2CCc3ccccc3C2)c1,True,3,COPLATED_IN_DECODED_WELL;DECODED_SAME_PLATE_ION_0p01;DECODED_SAME_WELL_ION_0p7
c1csc(CN(c2ccncn2)C2CC2)c1,True,1,DECODED_SAME_PLATE_ION_0p01
c1csc(CN2CCNCC2)n1,True,3,SAMPLE1_DRAW_GROUP
c1csc(COc2cccc3ccccc23)c1,True,1,COPLATED_IN_DECODED_WELL;DECODED_SAME_PLATE_ION_0p01
c1csc(NC2CCCC2)n1,True,1,SAMPLE1_DRAW_GROUP
c1cscn1,False,0,COPLATED_IN_DECODED_WELL;DECODED_SAME_PLATE_ION_0p01;DECODED_SAME_WELL_ION_0p7;EXPOSED_POPULATION:ENTACT-MIX-LISTS-499-503-505;EXPOSED_POPULATION:LCSB-ALL-MASSBANK-V1-EXPOSURE-SET;EXPOSED_POPULATION:LCSB-CONFIRMATION;EXPOSED_POPULATION:LCSB-NEG;EXPOSED_POPULATION:LCSB-RAW-MIX-REPLICATE-SET-92;EXPOSED_POPULATION:LCSB-RAW-MIXES-499-503-505;EXPOSED_POPULATION:V2-DEVELOPMENT-POPULATION;EXPOSED_POPULATION:WUR-POS-IDENTITY;EXPOSED_POPULATION:WUR-SEALED
c1n[nH]c(C2CCNCC2)n1,True,1,SAMPLE1_DRAW_GROUP
c1n[nH]c(COc2cc3cnnc(-c4ccon4)n3n2)n1,True,1,DECODED_SAME_PLATE_ION_0p01
c1n[nH]c(SC2CCC3CC32)n1,True,1,COPLATED_IN_DECODED_WELL
c1n[nH]c2c1CC1C(CCC3C4CCCC4CCC13)C2,False,0,EXPOSED_POPULATION:V2-DEVELOPMENT-POPULATION;EXPOSED_POPULATION:WUR-POS-IDENTITY;EXPOSED_POPULATION:WUR-SEALED
c1n[nH]c2c1CCCC2,True,10,DECODED_SAME_PLATE_ION_0p01
c1n[nH]c2c1CNCC2,True,4,SAMPLE1_DRAW_GROUP
c1n[nH]cc1-c1cnn2ccc(C3CCCNC3)nc12,True,1,DECODED_SAME_PLATE_ION_0p01
c1nc(-c2ccc(Nc3ccc4ncn(CC5CC5)c4c3)nc2)c[nH]1,True,1,DECODED_SAME_PLATE_ION_0p01
c1nc(-c2cnn(C3CNC3)c2)c2cc[nH]c2n1,True,1,COPLATED_IN_DECODED_WELL;DECODED_SAME_PLATE_ION_0p01;DECODED_SAME_WELL_ION_0p7
c1nc(-c2cnn(CC3CCCC3)c2)c2cc[nH]c2n1,True,1,COPLATED_IN_DECODED_WELL;DECODED_SAME_PLATE_ION_0p01;DECODED_SAME_WELL_ION_0p7
c1nc(C2CC2)cc(N2CCN(Cc3cocn3)CC2)n1,True,1,SAMPLE1_DRAW_GROUP
c1nc(C2CC2)cs1,True,2,DECODED_SAME_PLATE_ION_0p01
c1nc(C2CCCCC2)oc1NCCCN1CCOCC1,True,1,COPLATED_IN_DECODED_WELL;DECODED_SAME_WELL_ION_0p7
c1nc(C2CCCN2)cs1,True,1,DECODED_SAME_PLATE_ION_0p01
c1nc(N2CCC3CNCC32)c2[nH]cnc2n1,True,1,SAMPLE1_DRAW_GROUP
c1nc(N2CCCC2)cc2cc(N3CCCC3)ncc12,True,1,DECODED_SAME_PLATE_ION_0p01
c1nc(N2CCCCC2)c2ncnc(N3CCCCC3)c2n1,True,1,COPLATED_IN_DECODED_WELL;DECODED_SAME_PLATE_ION_0p01;DECODED_SAME_WELL_ION_0p7
c1nc(N2CCCCC2)c2sccc2n1,True,1,DECODED_SAME_PLATE_ION_0p01
c1nc(N2CCCCCC2)nc(-n2cncn2)n1,True,1,SAMPLE1_DRAW_GROUP
c1nc(N2CCCNCC2)c2ccn(C3CCCC3)c2n1,True,1,SAMPLE1_DRAW_GROUP
c1nc(N2CCN(C3=NCCS3)CC2)c2ccsc2n1,True,1,COPLATED_IN_DECODED_WELL;DECODED_SAME_PLATE_ION_0p01
c1nc(N2CCNCC2)c2[nH]cnc2n1,True,1,SAMPLE1_DRAW_GROUP
c1nc(N2CCNCC2)c2c3c(sc2n1)CCCC3,True,1,SAMPLE1_DRAW_GROUP
c1nc(N2CCNCC2)c2c3c(sc2n1)CCCCC3,True,1,SAMPLE1_DRAW_GROUP
c1nc(N2CCOCC2)c2c3c(sc2n1)CCCCC3,True,1,SAMPLE1_DRAW_GROUP
c1nc(NC2CCC(N3CCOCC3)CC2)c2c(C3CCOCC3)c[nH]c2n1,True,1,DECODED_SAME_PLATE_ION_0p01
c1nc(NC2CCC2)c2c3c(sc2n1)CCCC3,True,1,COPLATED_IN_DECODED_WELL;DECODED_SAME_PLATE_ION_0p01
c1nc(NC2CCC2)c2cc[nH]c2n1,True,1,COPLATED_IN_DECODED_WELL;DECODED_SAME_PLATE_ION_0p01;DECODED_SAME_WELL_ION_0p7
c1nc(NC2CCC2)c2cn[nH]c2n1,True,1,SAMPLE1_DRAW_GROUP
c1nc(NC2CCCC2)c2ncn(C3CCCO3)c2n1,True,3,COPLATED_IN_DECODED_WELL;DECODED_SAME_PLATE_ION_0p01
c1nc(NC2CCCCC2)c2cc[nH]c2n1,True,1,COPLATED_IN_DECODED_WELL;DECODED_SAME_PLATE_ION_0p01;DECODED_SAME_WELL_ION_0p7
c1nc(NC2CCCCC2)c2ncn(C3CCCO3)c2n1,False,0,COPLATED_IN_DECODED_WELL;DECODED_SAME_PLATE_ION_0p01;SURFACED_VALUE_ATTRIBUTED_WELL
c1nc(NC2CCCNC2)c2cc[nH]c2n1,True,5,COPLATED_IN_DECODED_WELL;DECODED_SAME_PLATE_ION_0p01;DECODED_SAME_WELL_ION_0p7
c1nc(NC2CCN(Cc3ccc4c(ccn4CC45CC(C4)C5)c3)CC2)c2ccsc2n1,True,1,COPLATED_IN_DECODED_WELL
c1nc(NC2CCOC2)c2ncn(C3CCCO3)c2n1,True,1,DECODED_SAME_PLATE_ION_0p01
c1nc(NCC2CC2)cc(N2CCCC2)n1,True,1,DECODED_SAME_PLATE_ION_0p01
c1nc(NCCCN2CCNCC2)c2ccsc2n1,True,1,SAMPLE1_DRAW_GROUP
c1nc(NCCCN2CCOCC2)c2ccsc2n1,True,1,SAMPLE1_DRAW_GROUP
c1nc(Nc2cc(C3CC3)n[nH]2)c2c(n1)[nH]c1cc(-c3cnoc3)ccc12,True,2,COPLATED_IN_DECODED_WELL;DECODED_SAME_PLATE_ION_0p01;DECODED_SAME_WELL_ION_0p7
c1nc(Nc2ccc(NC3CC3)cc2)c2nc[nH]c2n1,True,1,SAMPLE1_DRAW_GROUP
c1nc(Nc2ccc(Oc3ccn4ncnc4c3)cc2)c2cc(NC3=NCCO3)ccc2n1,True,1,COPLATED_IN_DECODED_WELL
c1nc(OCC2CCCCC2)c2[nH]cnc2n1,True,1,DECODED_SAME_PLATE_ION_0p01
c1nc(SCc2cnoc2)c2c3c(sc2n1)CCCCC3,True,1,SAMPLE1_DRAW_GROUP
c1nc(SCc2cscn2)c2ccsc2n1,True,1,SAMPLE1_DRAW_GROUP
c1nc(Sc2cnc[nH]2)c2[nH]cnc2n1,False,0,COPLATED_IN_DECODED_WELL;DECODED_SAME_PLATE_ION_0p01;DECODED_SAME_WELL_ION_0p7;EXPOSED_POPULATION:LCSB-ALL-MASSBANK-V1-EXPOSURE-SET;EXPOSED_POPULATION:LCSB-DEV;EXPOSED_POPULATION:LCSB-NEG;EXPOSED_POPULATION:LCSB-POS-V2-SPECTRA;EXPOSED_POPULATION:V2-DEVELOPMENT-POPULATION;MSNLIB_ANCHOR_CENSUS_DESIGN;MSNLIB_ANCHOR_CENSUS_DETECTED;MSNLIB_ANCHOR_GATE_CALIBRATION;MULTIMS2_ANCHOR_CALIBRATION
c1nc2c(c(N3CCC3)n1)CCCC2,True,1,SAMPLE1_DRAW_GROUP
c1nc2c(s1)CCCC2,True,7,COPLATED_IN_DECODED_WELL;DECODED_SAME_PLATE_ION_0p01;SAMPLE1_DRAW_GROUP
c1nc2c(s1)CCNC2,True,1,SAMPLE1_DRAW_GROUP
c1nc2ccc(-n3cc(CN4CCOCC4)nn3)cc2[nH]1,True,1,SAMPLE1_DRAW_GROUP
c1nc2ccc(Nc3nc(N4CCCC4)nc(N4CCCC4)n3)cc2s1,True,1,SAMPLE1_DRAW_GROUP
c1nc2nc(Nc3ccc(N4CCOCC4)cc3)nc(NC3CCCCC3)c2[nH]1,True,2,DECODED_SAME_PLATE_ION_0p01
c1nc[nH]n1,False,0,EXPOSED_POPULATION:LCSB-ALL-MASSBANK-V1-EXPOSURE-SET;EXPOSED_POPULATION:LCSB-DEV;EXPOSED_POPULATION:LCSB-POS-V2-SPECTRA;EXPOSED_POPULATION:V2-DEVELOPMENT-POPULATION;EXPOSED_POPULATION:WUR-POS-IDENTITY;EXPOSED_POPULATION:WUR-SEALED
c1ncc(-c2ccc(CN3CC(Cn4cncn4)C3)cc2)cn1,True,1,SAMPLE1_DRAW_GROUP
c1ncc(-c2cn3cc(CN4CCNCC4)nc3c(N3CCOCC3)n2)cn1,True,1,COPLATED_IN_DECODED_WELL;DECODED_SAME_PLATE_ION_0p01
c1ncc(-c2cscn2)[nH]1,True,1,COPLATED_IN_DECODED_WELL
c1ncc(-c2nc(N3CCOCC3)c3sc(C4COC4)cc3n2)cn1,True,1,DECODED_SAME_PLATE_ION_0p01
c1ncc(-c2nc(N3CCOCC3)c3sc(CN4CCNCC4)cc3n2)cn1,True,2,COPLATED_IN_DECODED_WELL
c1ncc(-c2nc(N3CCOCC3)c3sccc3n2)cn1,True,1,DECODED_SAME_PLATE_ION_0p01
c1ncc(CCCCCCCc2ccc3c(n2)NCCC3)cn1,False,0,EXPOSED_POPULATION:LCSB-ALL-MASSBANK-V1-EXPOSURE-SET;EXPOSED_POPULATION:LCSB-DEV;EXPOSED_POPULATION:LCSB-NEG;EXPOSED_POPULATION:LCSB-POS-V2-SPECTRA;EXPOSED_POPULATION:V2-DEVELOPMENT-POPULATION
c1ncc(C[n+]2ccsc2)cn1,False,0,COPLATED_IN_DECODED_WELL;DECODED_SAME_WELL_ION_0p7
c1ncc(Cc2nnc(-c3cnc4[nH]ncc4c3NC3CCOCC3)o2)s1,True,1,DECODED_SAME_PLATE_ION_0p01
c1ncc(NC2=NCCN2)cn1,True,1,COPLATED_IN_DECODED_WELL;DECODED_SAME_PLATE_ION_0p01;DECODED_SAME_WELL_ION_0p7
c1ncc2[nH]cc(C3CCCN3)c2n1,False,0,EXPOSED_POPULATION:V2-DEVELOPMENT-POPULATION;EXPOSED_POPULATION:WUR-POS-IDENTITY;EXPOSED_POPULATION:WUR-SEALED
c1ncc2[nH]cc(CN3CCCC3)c2n1,True,1,DECODED_SAME_PLATE_ION_0p01
c1ncc2[nH]cnc2n1,True,8,COPLATED_IN_DECODED_WELL;DECODED_SAME_PLATE_ION_0p01;DECODED_SAME_WELL_ION_0p7;EXPOSED_POPULATION:LCSB-ALL-MASSBANK-V1-EXPOSURE-SET;EXPOSED_POPULATION:LCSB-DEV;EXPOSED_POPULATION:LCSB-NEG;EXPOSED_POPULATION:LCSB-POS-V2-SPECTRA;EXPOSED_POPULATION:V2-DEVELOPMENT-POPULATION;MSNLIB_ANCHOR_CENSUS_DESIGN;MSNLIB_ANCHOR_CENSUS_DETECTED;MSNLIB_ANCHOR_GATE_CALIBRATION;MULTIMS2_ANCHOR_CALIBRATION
c1ncc2c(-c3ccc4ocnc4c3)n[nH]c2n1,True,1,COPLATED_IN_DECODED_WELL
c1ncc2c(-c3cnc4[nH]ccc4c3)nn(C3CCCC3)c2n1,True,1,COPLATED_IN_DECODED_WELL
c1ncc2c(n1)OCC(c1ccc(C34CCC(CC3)CC4)cc1)=N2,True,1,DECODED_SAME_PLATE_ION_0p01
c1ncc2c(n1)OCC(c1ccc(C3CCCCC3)cc1)=N2,True,1,DECODED_SAME_PLATE_ION_0p01
c1ncc2ccn(C3CCCO3)c2n1,True,6,COPLATED_IN_DECODED_WELL;DECODED_SAME_PLATE_ION_0p01;DECODED_SAME_WELL_ION_0p7
c1ncc2ccsc2n1,True,9,DECODED_SAME_PLATE_ION_0p01
c1ncc2cnn(C3CCCO3)c2n1,True,1,DECODED_SAME_PLATE_ION_0p01
c1ncc2nc[nH]c2n1,True,9,COPLATED_IN_DECODED_WELL;DECODED_SAME_PLATE_ION_0p01;DECODED_SAME_WELL_ION_0p7
c1ncc2ncn(C3CCCO3)c2n1,False,0,COPLATED_IN_DECODED_WELL;DECODED_SAME_PLATE_ION_0p01;DECODED_SAME_WELL_ION_0p7;EXPOSED_POPULATION:LCSB-ALL-MASSBANK-V1-EXPOSURE-SET;EXPOSED_POPULATION:LCSB-DEV;EXPOSED_POPULATION:LCSB-NEG;EXPOSED_POPULATION:LCSB-POS-V2-SPECTRA;EXPOSED_POPULATION:V2-DEVELOPMENT-POPULATION;MSNLIB_ANCHOR_CENSUS_DESIGN;MSNLIB_ANCHOR_CENSUS_DETECTED
c1ncc2ncn(CC3CC3)c2n1,True,1,COPLATED_IN_DECODED_WELL;DECODED_SAME_PLATE_ION_0p01
c1ncn(C2CCCO2)n1,False,0,COPLATED_IN_DECODED_WELL;DECODED_SAME_PLATE_ION_0p01;DECODED_SAME_WELL_ION_0p7;EXPOSED_POPULATION:V2-DEVELOPMENT-POPULATION;EXPOSED_POPULATION:WUR-DEV-HOLD;EXPOSED_POPULATION:WUR-POS-IDENTITY;MSNLIB_ANCHOR_CENSUS_DESIGN;MSNLIB_ANCHOR_CENSUS_DETECTED;MSNLIB_ANCHOR_GATE_CALIBRATION
c1ncn(Cc2ccc3[nH]ccc3c2)n1,True,1,COPLATED_IN_DECODED_WELL;DECODED_SAME_PLATE_ION_0p01
c1ncnc(-n2cncn2)n1,True,2,DECODED_SAME_PLATE_ION_0p01
c1ncnc(NC2CC2)n1,False,0,EXPOSED_POPULATION:ENTACT-MIX-LISTS-499-503-505;EXPOSED_POPULATION:LCSB-ALL-MASSBANK-V1-EXPOSURE-SET;EXPOSED_POPULATION:LCSB-DEV;EXPOSED_POPULATION:LCSB-POS-V2-SPECTRA;EXPOSED_POPULATION:LCSB-RAW-MIX-REPLICATE-SET-92;EXPOSED_POPULATION:LCSB-RAW-MIXES-499-503-505;EXPOSED_POPULATION:V2-DEVELOPMENT-POPULATION;EXPOSED_POPULATION:WUR-DEV-ANALYSIS;EXPOSED_POPULATION:WUR-POS-IDENTITY;MULTIMS2_ANCHOR_CALIBRATION
c1ncncn1,False,0,COPLATED_IN_DECODED_WELL;DECODED_SAME_PLATE_ION_0p01;DECODED_SAME_WELL_ION_0p7;EXPOSED_POPULATION:ENTACT-MIX-LISTS-499-503-505;EXPOSED_POPULATION:LCSB-ALL-MASSBANK-V1-EXPOSURE-SET;EXPOSED_POPULATION:LCSB-CONFIRMATION;EXPOSED_POPULATION:LCSB-NEG;EXPOSED_POPULATION:LCSB-RAW-MIX-REPLICATE-SET-92;EXPOSED_POPULATION:V2-DEVELOPMENT-POPULATION;EXPOSED_POPULATION:WUR-POS-IDENTITY;EXPOSED_POPULATION:WUR-SEALED;MSNLIB_ANCHOR_CENSUS_DESIGN;MSNLIB_ANCHOR_CENSUS_DETECTED;MSNLIB_ANCHOR_GATE_CALIBRATION
c1nnc(-c2ccc(OCCCNC3CCCCC3)cc2)o1,True,1,SAMPLE1_DRAW_GROUP
c1nnc(-c2cncc(-c3nc(C4CCNCC4)n[nH]3)n2)o1,True,1,COPLATED_IN_DECODED_WELL;DECODED_SAME_PLATE_ION_0p01
c1nnc(CCCCc2nnco2)o1,True,1,SAMPLE1_DRAW_GROUP
c1nnc[nH]1,False,0,EXPOSED_POPULATION:V2-DEVELOPMENT-POPULATION;EXPOSED_POPULATION:WUR-POS-IDENTITY;EXPOSED_POPULATION:WUR-SEALED
c1nncs1,False,0,COPLATED_IN_DECODED_WELL;EXPOSED_POPULATION:ENTACT-MIX-LISTS-499-503-505;EXPOSED_POPULATION:LCSB-ALL-MASSBANK-V1-EXPOSURE-SET;EXPOSED_POPULATION:LCSB-DEV;EXPOSED_POPULATION:LCSB-NEG;EXPOSED_POPULATION:LCSB-POS-V2-SPECTRA;EXPOSED_POPULATION:V2-DEVELOPMENT-POPULATION;EXPOSED_POPULATION:WUR-DEV-ANALYSIS;EXPOSED_POPULATION:WUR-POS-IDENTITY;MSNLIB_ANCHOR_CENSUS_DESIGN
c1nnn2c1SCCC2,True,1,DECODED_SAME_PLATE_ION_0p01
c1nnnn1C1CCCCC1,True,2,SAMPLE1_DRAW_GROUP
c1noc(CCCCC2CCCCC2)n1,True,1,DECODED_SAME_PLATE_ION_0p01
c1noc(Cn2ncc3c2CCOC3)n1,True,1,SAMPLE1_DRAW_GROUP
c1nsc(N2CCCCC2)n1,True,2,SAMPLE1_DRAW_GROUP
c1nsnc1N1CCOCC1,True,1,COPLATED_IN_DECODED_WELL;DECODED_SAME_PLATE_ION_0p01;DECODED_SAME_WELL_ION_0p7
c1occ2c1CCC2,True,1,SAMPLE1_DRAW_GROUP
