key,scaffold_group,max_similarity_to_dev,novelty_bin
KPFZCKDPBMGECB,O=C1C(=Cc2cccs2)CCC1=Cc1cccs1,0.29069767441860467,"Q2 [0.289,0.326)"
ZNOVTXRBGFNYRX,O=c1[nH]cnc2c1NC(CNc1ccccc1)CN2,0.30275229357798167,"Q2 [0.289,0.326)"
UPKNGUQNXSMHBE,O=C(Nc1ccccc1)c1ccc(Nc2nnc(-c3ccccc3)c3ccccc23)cc1,0.4166666666666667,"Q4 [0.371,1.000)"
KGWSQGUVJUGIPF,c1ccc(Nc2nc(OCC3CCCCC3)c3[nH]cnc3n2)cc1,0.31297709923664124,"Q2 [0.289,0.326)"
QKDRXGFQVGOQKS,c1ccc(Cc2cccc(C3CCCCO3)c2)cc1,0.3130434782608696,"Q2 [0.289,0.326)"
VFRROHXSMXFLSN,__ACYCLIC__VFRROHXSMXFLSN,0.17647058823529413,"Q1 [0.000,0.289)"
MURAVORBGFDSMA,O=C(Nc1ccccc1)C1NCC2(C(=O)Nc3ccccc32)C1c1ccccc1,0.3089887640449438,"Q2 [0.289,0.326)"
JCKGSPAAPQRPBW,O=C(C(Cc1ccccc1)NS(=O)(=O)c1ccc2c(c1)CCNC2)N1CCCC1,0.28225806451612906,"Q1 [0.000,0.289)"
JFIWEPHGRUDAJN,O=c1ncccn1C1CCCO1,0.453125,"Q4 [0.371,1.000)"
NUUSUAWULNXMGF,O=C(Nc1ccccc1)Nc1ccc2nnsc2c1,0.39705882352941174,"Q4 [0.371,1.000)"
RZIDZIGAXXNODG,c1ccc(CC2CCN(c3ncnc4[nH]ccc34)CC2)cc1,0.2980769230769231,"Q2 [0.289,0.326)"
KRWMERLEINMZFT,c1ccc(COc2ncnc3nc[nH]c23)cc1,0.4246575342465753,"Q4 [0.371,1.000)"
NBMBIEOUVBHEBM,O=C(Cn1c(=O)[nH]c2cnc(-c3ccccc3)nc21)NCc1ccccc1,0.36936936936936937,"Q3 [0.326,0.371)"
KHOITXIGCFIULA,c1ccc(C(c2ccccc2)c2ccccn2)cc1,0.38317757009345793,"Q4 [0.371,1.000)"
MWDVCHRYCKXEBY,O=C(CNC(=O)c1ccccc1)NCc1ccccc1,0.4935064935064935,"Q4 [0.371,1.000)"
QLVSJMZJSABWRX,c1cc(N2CCNCC2)nc(NCC2CCC(CNCCCNC3CCCCC3)CC2)n1,0.2388888888888889,"Q1 [0.000,0.289)"
GSDSWSVVBLHKDQ,O=c1ccn2c3c(c(N4CCNCC4)ccc13)OCC2,0.7349397590361446,"Q4 [0.371,1.000)"
XNEFYCZVKIDDMS,O=C(CC(=O)c1ccccc1)c1ccccc1,0.4606741573033708,"Q4 [0.371,1.000)"
LKXPLOHGQSEPEM,c1ccc(CNc2ncnc3[nH]cnc23)cc1,0.37142857142857144,"Q4 [0.371,1.000)"
ZBCMHWUFWQFPLV,O=c1c(-c2ccc(-c3ccccn3)cc2)cc2cncnc2n1CC1OCCCO1,0.2517985611510791,"Q1 [0.000,0.289)"
YRYQLVCTQFBRLD,c1ccc2c(N3CCc4c(nc(OCC5CCCN5)nc4N4CCNCC4)C3)cccc2c1,0.24456521739130435,"Q1 [0.000,0.289)"
CKTSBUTUHBMZGZ,O=c1ncccn1C1CCCO1,0.5925925925925926,"Q4 [0.371,1.000)"
RNUXIZKXJOGYQP,O=C1c2cccc3cccc(c23)C(=O)N1CCCSc1nnc(-c2ccncc2)n1-c1ccccc1,0.3018867924528302,"Q2 [0.289,0.326)"
GEZHEQNLKAOMCA,O=C1C2=CC3CC4COC(C3=O)C24Oc2cc3c(cc21)C=CCO3,0.22413793103448276,"Q1 [0.000,0.289)"
BMUACLADCKCNKZ,c1csc(-c2ccsc2)c1,0.3333333333333333,"Q3 [0.326,0.371)"
VFCRKLWBYMDAED,O=C(CNC1CCc2ccccc2C1)Nc1c[nH]cn1,0.24369747899159663,"Q1 [0.000,0.289)"
ARGKVCXINMKCAZ,O=C1CC(c2ccccc2)Oc2cc(OC3OCCCC3OC3CCCCO3)ccc21,0.3719512195121951,"Q4 [0.371,1.000)"
QKLPUVXBJHRFQZ,O=S(=O)(Nc1cnccn1)c1ccccc1,0.6666666666666666,"Q4 [0.371,1.000)"
XVWPFYDMUFBHBF,c1ccc(-c2cccc3ccccc23)cc1,0.34234234234234234,"Q3 [0.326,0.371)"
BWKMGYQJPOAASG,c1ccc2c(c1)CCNC2,0.3,"Q2 [0.289,0.326)"
WUDBUIUHVNECTM,c1ccc(-c2ncn(C3CCCCC3)c2-c2ccncn2)cc1,0.2828282828282828,"Q1 [0.000,0.289)"
IMWZZHHPURKASS,O=C1NCC(COc2ccccc2)O1,0.26865671641791045,"Q1 [0.000,0.289)"
AHNNWZOVCRQAAH,O=C(C(=O)c1c(-c2ccccc2)nc2ccccn12)c1ccccc1,0.4444444444444444,"Q4 [0.371,1.000)"
JRNJNYBQQYBCLE,O=C(c1ccccc1)c1cnc(NC2CCNCC2)nc1,0.3333333333333333,"Q3 [0.326,0.371)"
HZILSILAELSWKN,O=C(NC1CCCCC1)c1cnn2cccnc12,0.26229508196721313,"Q1 [0.000,0.289)"
VGRLXWFIXGZRMS,O=C(c1cnc(NCc2cnccn2)nc1)N1CCC2(CCOCC2)C1,0.22435897435897437,"Q1 [0.000,0.289)"
MUOKSQABCJCOPU,c1ccc(Nc2nc3ccccc3c3cnccc23)cc1,0.3368421052631579,"Q3 [0.326,0.371)"
DEZZLWQELQORIU,N=C1CCc2cc(-c3c[nH]nc3-c3ccncc3)ccc21,0.3008130081300813,"Q2 [0.289,0.326)"
WGKGADVPRVLHHZ,O=S(=O)(NC1CCCC(N2c3ccccc3Oc3ccccc32)C1)c1ccccc1,0.344,"Q3 [0.326,0.371)"
NIJGWJIOMPHDBP,c1ccc(-c2cc(N3CCNCC3)ncn2)cc1,0.42045454545454547,"Q4 [0.371,1.000)"
NCLGDOBQAWBXRA,c1ccc(-c2cc(OCc3ccccc3-n3cccn3)ncn2)cc1,0.3137254901960784,"Q2 [0.289,0.326)"
HHZIURLSWUIHRB,O=C(Nc1cccc(-n2ccnc2)c1)c1cccc(Nc2nccc(-c3cccnc3)n2)c1,0.3288590604026846,"Q3 [0.326,0.371)"
PQZKMXPISWCLCU,c1ccc(Nc2ccc3nonc3c2)cc1,0.2616822429906542,"Q1 [0.000,0.289)"
WUKZPHOXUVCQOR,O=C1COc2c(cccc2C(=O)NC2CN3CCC2CC3)N1,0.4444444444444444,"Q4 [0.371,1.000)"
DVGGLGXQSFURLP,O=C(C=Cc1ccccc1)OCC1CCCC(Oc2c(-c3ccccc3)oc3ccccc3c2=O)O1,0.37012987012987014,"Q3 [0.326,0.371)"
ODRITQGYYWHQGM,O=C(c1cnc2n[nH]cc2c1)N1CCCC1c1ccccc1,0.3137254901960784,"Q2 [0.289,0.326)"
VYXWHVDEWWHDLH,c1cnc(-c2ccc(Cn3ccc4cc(OCC5Cc6ccccc6N5)ccc43)cc2)nc1,0.30386740331491713,"Q2 [0.289,0.326)"
HBZBAMXERPYTFS,c1c2c(cc3sc(C4=NCCS4)nc13)NCC2,0.2222222222222222,"Q1 [0.000,0.289)"
UFPINDDCTUCUSA,C1=CC2(C(Cc3ccccc3)Nc3ccccc3)C=CC1O2,0.3482142857142857,"Q3 [0.326,0.371)"
CCUXEBOOTMDSAM,O=C(Nc1cn[nH]c1C(=O)NC1CCNCC1)c1ccccc1,0.32142857142857145,"Q2 [0.289,0.326)"
BZEWSEKUUPWQDQ,O=C(CCN1CCCCC1)c1ccccc1,0.40350877192982454,"Q4 [0.371,1.000)"
BNJOZDZCRHCODO,__ACYCLIC__BNJOZDZCRHCODO,0.2857142857142857,"Q1 [0.000,0.289)"
JVHXJTBJCFBINQ,c1ccc(Cc2cccc(C3CCCCO3)c2)cc1,0.36036036036036034,"Q3 [0.326,0.371)"
GOVYBPLHWIEHEJ,c1ccc(Cn2c3c(c4ccccc42)CNCC3)cc1,0.3258426966292135,"Q3 [0.326,0.371)"
MDMJLMDBRQXOOI,O=C(Nc1ccc2[nH]cc(C3CCNCC3)c2c1)c1ccccc1,0.3723404255319149,"Q4 [0.371,1.000)"
HWQQDVNGHZIALS,O=c1c(-n2ccnn2)c[nH]n1-c1ccccn1,0.28421052631578947,"Q1 [0.000,0.289)"
UXDGHRWOHOPKIL,c1ccc2nc(N3CCNCC3)ccc2c1,0.31386861313868614,"Q2 [0.289,0.326)"
GKJCVYLDJWTWQU,C(=Cc1n[nH]c2ccc(OCc3ccncc3)cc12)c1cn[nH]c1,0.2698412698412698,"Q1 [0.000,0.289)"
PZFAZQUREQIODZ,O=c1ccc2ncc(=O)n3c2n1CC3CN1CCC(NCc2cc3c(cn2)OCCC3)CC1,0.2857142857142857,"Q1 [0.000,0.289)"
AZFLJNIPTRTECV,O=C1C=C2CCC3C(=C2CC1)CCC1CCCC13,0.4485981308411215,"Q4 [0.371,1.000)"
HMYJLVDKPJHJCF,c1ccc2c(c1)CCNC2,0.39622641509433965,"Q4 [0.371,1.000)"
NBGABHGMJVIVBW,O=C(c1ccccc1-n1nccn1)N1CCCC1c1nc2ccccc2[nH]1,0.2846715328467153,"Q1 [0.000,0.289)"
OVPNQJVDAFNBDN,O=C(Nc1cn[nH]c1C(=O)NC1CCNCC1)c1ccccc1,0.33653846153846156,"Q3 [0.326,0.371)"
FVNFBBAOMBJTST,O=C1NCC2(CCN(CCc3ccccc3)CC2)O1,0.3442622950819672,"Q3 [0.326,0.371)"
YTZSBJLNMIQROD,C1=CC2CCOCC2C(OC2CCCCO2)O1,0.37815126050420167,"Q4 [0.371,1.000)"
VOFUROIFQGPCGE,O=c1cc2oc3ccccc3nc-2c2ccccc12,0.45,"Q4 [0.371,1.000)"
JQSRUVXPODZKAF,O=C(Nc1ccc(N2CCOCC2)cc1)c1csc(-c2cccnc2)n1,0.33613445378151263,"Q3 [0.326,0.371)"
MAYXLCLBDVEYAL,O=S1(=O)N=C(Nc2ccccc2)C(=NCc2ccco2)N1,0.264,"Q1 [0.000,0.289)"
PFPSFENQCNMITC,O=C(NCc1ccc[nH]c1=O)c1cn(CC2CCOCC2)c2ccccc12,0.3076923076923077,"Q2 [0.289,0.326)"
OXPLANUPKBHPMS,O=C1C=CC2C(=C1)CCC1C2CCC2C1CC1OC(C3CCCCC3)OC12,0.6851851851851852,"Q4 [0.371,1.000)"
GACQNUHFDBEIQH,O=c1[nH]c2cnc3ccc(-c4cccnc4)nc3c2n1C1CCNCC1,0.27007299270072993,"Q1 [0.000,0.289)"
IJYPHMXWKKKHGT,O=C(C=Cc1c(-c2ccccc2)[nH]c2ncccc12)N1CCc2ccccc2C1,0.33093525179856115,"Q3 [0.326,0.371)"
YOZBGTLTNGAVFU,c1ccc(Oc2ccc3ccncc3c2)cc1,0.3979591836734694,"Q4 [0.371,1.000)"
RPQZTTQVRYEKCR,O=c1ncccn1C1CCCO1,0.47540983606557374,"Q4 [0.371,1.000)"
MYKJVLTXPNIGOV,C(=Cc1ccc(C2CCCCC2)cc1)CNC1CCCCC1,0.3364485981308411,"Q3 [0.326,0.371)"
FFPXPXOAFQCNBS,O=c1[nH]cnc2c1cnn2-c1ccccc1,0.36363636363636365,"Q3 [0.326,0.371)"
OQKAKSSZSQPTDZ,O=C(c1ccccc1)N1CCc2c(c(=O)oc3cc(N4CCNCC4)ccc23)C1,0.2727272727272727,"Q1 [0.000,0.289)"
AZHZVCGYOUJGQE,O=C(NCCOc1cc2ccccc2cc1C(=O)Nc1ccccc1)c1ccc2ccccc2c1,0.3939393939393939,"Q4 [0.371,1.000)"
IXMQVFSSASHOGM,c1ccc(-c2cscn2)cc1,0.30434782608695654,"Q2 [0.289,0.326)"
QNTASHOAVRSLMD,N=C1C=C2CCC3C4CCCC4CCC3C2CC1,0.5384615384615384,"Q4 [0.371,1.000)"
HZASIAXCPXTISQ,c1ccc(-c2nc(NC3CCNC3)c3ccccc3n2)cc1,0.32231404958677684,"Q2 [0.289,0.326)"
VRTFKUFTEWQHDD,C(#Cc1ccccn1)c1cccnc1,0.28378378378378377,"Q1 [0.000,0.289)"
OCKHRKSTDPOHEN,O=S(=O)(Nc1ccccc1C=Cc1cc[nH+]cc1)c1ccccc1,0.32727272727272727,"Q3 [0.326,0.371)"
PEMUGDMSUDYLHU,c1ccc2c(N3CCc4c(nc(OCC5CCCN5)nc4N4CCNCC4)C3)cccc2c1,0.2556818181818182,"Q1 [0.000,0.289)"
QJFSABGVXDWMIW,O=C(OCc1coc(=O)o1)c1cccc2ncn(Cc3ccc(-c4ccccc4-c4nc(=O)o[nH]4)cc3)c12,0.583941605839416,"Q4 [0.371,1.000)"
WFSARWQASFQZMG,O=C1c2cc(Cc3ccc(-n4cccn4)cc3)ccc2CN1C1CCCOC1,0.27586206896551724,"Q1 [0.000,0.289)"
OMVURDVBYIJCOI,O=C(C=Cc1cccs1)c1ccc2c(c1)C=CCO2,0.34831460674157305,"Q3 [0.326,0.371)"
ZQUSFAUAYSEREK,c1ccc(-c2ncn(C3CCCCC3)c2-c2ccncn2)cc1,0.3025210084033613,"Q2 [0.289,0.326)"
JUWDSDKJBMFLHE,O=C(CN1CCCC1)c1ccn(-c2ccccc2)c1,0.3490566037735849,"Q3 [0.326,0.371)"
QBNZBMVRFYREHK,c1ccc(C2=NN(c3ccccc3)C(c3ccccc3)C2)cc1,0.3942307692307692,"Q4 [0.371,1.000)"
UQPMANVRZYYQMD,c1ccc(Nc2[nH]nc3ncncc23)cc1,0.30864197530864196,"Q2 [0.289,0.326)"
SBVBJPHMDABKJV,c1ccc(CC(COC2CCCCO2)C(COC2CCCCO2)Cc2ccccc2)cc1,0.3277777777777778,"Q3 [0.326,0.371)"
UJIDKYTZIQTXPM,c1ccc(C(c2ccccc2)c2ccccn2)cc1,0.35714285714285715,"Q3 [0.326,0.371)"
WTWWXOGTJWMJHI,__ACYCLIC__WTWWXOGTJWMJHI,0.14473684210526316,"Q1 [0.000,0.289)"
RFKITWRHKUYMRJ,O=C1C(N=Nc2ccccc2)C=NN1c1ccccc1,0.336734693877551,"Q3 [0.326,0.371)"
FSKFPVLPFLJRQB,O=C(CCN1CCCCC1)c1ccccc1,0.49333333333333335,"Q4 [0.371,1.000)"
ONPGOSVDVDPBCY,O=C(Nc1ccc(C(=O)N2CCNCC2)cc1)c1cc(OCc2ccccc2)cnn1,0.3146853146853147,"Q2 [0.289,0.326)"
JTCAGRAKUAAYDY,O=S(=O)(NC1CCc2cc3ccccc3n2C1)c1ccccc1,0.3364485981308411,"Q3 [0.326,0.371)"
YFHRCLAKZBDRHN,O=C(NCc1csc(-c2ccccc2)n1)OC1CN2CCC1CC2,0.3120567375886525,"Q2 [0.289,0.326)"
XRYJULCDUUATMC,c1ccc(CNc2ncnc3[nH]c(-c4ccccc4)cc23)cc1,0.3465346534653465,"Q3 [0.326,0.371)"
TXGKRVFSSHPBAJ,c1cc(Nc2ccnc(NC3CCCCC3)n2)cc(-n2nccn2)c1,0.2907801418439716,"Q2 [0.289,0.326)"
VVUOUIPXYFIWLE,c1cncc(-c2cccc3[nH]c4c(c23)CNCC4)c1,0.26666666666666666,"Q1 [0.000,0.289)"
VPVLPCIBKVWFDT,c1ccc(Oc2ccnc3cc(-c4cnn(C5CCNCC5)c4)ccc23)cc1,0.3364485981308411,"Q3 [0.326,0.371)"
ICJKSTJCIAGPIS,c1ccc(NC(c2ccc3cccnc3c2)c2cccs2)nc1,0.33766233766233766,"Q3 [0.326,0.371)"
ZFGXZJKLOFCECI,c1ccc(Nc2nc(-c3ccccc3)cs2)cc1,0.4157303370786517,"Q4 [0.371,1.000)"
HGBLIBDRBSWLRN,O=C1N(CC2CCN(Cc3ccccc3)CC2)CCCN1c1ccccc1,0.30952380952380953,"Q2 [0.289,0.326)"
NXNQLECPAXXYTR,O=C1Nc2cccnc2C1=Cc1c[nH]c2ccccc12,0.3188405797101449,"Q2 [0.289,0.326)"
PFZRXJIYAFANHP,O=C(NCC1CC1)c1cc(-c2cnn3cc(-c4ccccc4)cnc23)cs1,0.3125,"Q2 [0.289,0.326)"
GXALXAKNHIROPE,c1cncc(Nc2ccc(-c3ccc(C4CCCCC4)cc3)nc2)c1,0.2948717948717949,"Q2 [0.289,0.326)"
YUNQZQREIHWDQT,O=c1[nH]c2ccc(NS(=O)(=O)c3ccccc3)cc2[nH]1,0.3055555555555556,"Q2 [0.289,0.326)"
WUJVPELCYCESAP,c1ccc(N2CCC3(CCCCC3)CC2)cc1,0.2702702702702703,"Q1 [0.000,0.289)"
HXAUJHZZPCBFPN,c1ccc(C(CN2CCC2)Nc2ncnc3ccccc23)cc1,0.32407407407407407,"Q2 [0.289,0.326)"
ONIHBIZGUJZDHG,O=C1CCCCCNc2nc(ncc2C(=O)NCc2ccccc2)NCCCCCCN1,0.291970802919708,"Q2 [0.289,0.326)"
ONDVWISBMHHLGZ,O=C(COCCOc1ccc(-c2cc(Nc3ccccc3)ncn2)cc1)NCC(=O)N1CCCC1C(=O)NCc1ccc(-c2cncs2)cc1,0.27555555555555555,"Q1 [0.000,0.289)"
JUZYLCPPVHEVSV,O=c1cc[nH]c2ccc(Cc3ccccc3)cc12,0.3308270676691729,"Q3 [0.326,0.371)"
JCYNMRJCUYVDBC,O=C1NC(=O)C(Cc2ccc(OCc3nc4ccc(Oc5ccccc5)cc4[nH]3)cc2)S1,0.4262295081967213,"Q4 [0.371,1.000)"
QPKGRLIYJGBKJL,O=C(Nc1nccs1)c1ccccc1N1CCCC1,0.36363636363636365,"Q3 [0.326,0.371)"
GEJDGVNQKABXKG,c1ccc2c(c1)CCN1CCCCC21,0.3037974683544304,"Q2 [0.289,0.326)"
JERZEQUMJNCPRJ,c1ccc(Oc2ccc(CCn3cncn3)cc2)cc1,0.5,"Q4 [0.371,1.000)"
HTNPEHXGEKVIHG,O=c1ncccn1C1CCCO1,0.3170731707317073,"Q2 [0.289,0.326)"
DKRSEIPLAZTSFD,O=C(CCC1CCNCC1)c1ccnc2ccccc12,0.46808510638297873,"Q4 [0.371,1.000)"
WEQLWGNDNRARGE,c1ccc2c(c1)CCN1CCCCC21,0.2982456140350877,"Q2 [0.289,0.326)"
AQFWAWXGBQPBIA,c1ccc(COc2ncnc3nc[nH]c23)cc1,0.30275229357798167,"Q2 [0.289,0.326)"
XSMSNFMDVXXHGJ,c1cn2cc(-c3ccc4cn[nH]c4c3)nc(Nc3ccc(N4CCOCC4)cc3)c2n1,0.3178294573643411,"Q2 [0.289,0.326)"
ITDBPOSLOROLMT,O=C(c1ccccc1)N(Cc1ccccc1)Cc1ccc(-c2ccccc2)cc1,0.3359375,"Q3 [0.326,0.371)"
HRAQDVZJYIAWOV,O=c1cnc2ccc(NCc3ccccc3)cc2[nH]1,0.34285714285714286,"Q3 [0.326,0.371)"
MIQNXKWDQRNHAU,c1cnc(Nc2nc(-c3cn[nH]c3)cs2)nc1,0.2962962962962963,"Q2 [0.289,0.326)"
OUFYYVAASPLOAA,c1ccc(Nc2nc(-c3ccccc3)cs2)cc1,0.42857142857142855,"Q4 [0.371,1.000)"
FSPQCTGGIANIJZ,O=C(Nc1cc2c(s1)CCCC2)c1ccccc1,0.3611111111111111,"Q3 [0.326,0.371)"
QNUKRWAIZMBVCU,O=C1Nc2ccccc2C1=Cc1cnc[nH]1,0.2835820895522388,"Q1 [0.000,0.289)"
WNEILUNVMHVMPH,O=C(NC1CC1)c1ccc(-c2cnc3ccc(Oc4ccccc4)nn23)cc1,0.3333333333333333,"Q3 [0.326,0.371)"
WZXHSWVDAYOFPE,c1ccc2oc(C3CCNCC3)cc2c1,0.2702702702702703,"Q1 [0.000,0.289)"
ISPBCAXOSOLFME,O=C(Nc1ccc(Oc2ccnc3ccccc23)cc1)c1ccn(-c2ccccc2)n1,0.35507246376811596,"Q3 [0.326,0.371)"
PIEQDBPBBQPLPL,S=C(Nc1cccnc1)NC1CCN(c2cc(Oc3ccccc3)ccn2)CC1,0.32167832167832167,"Q2 [0.289,0.326)"
DJBNUMBKLMJRSA,O=C(NCC1CCCCN1)c1ccccc1,0.32432432432432434,"Q2 [0.289,0.326)"
LBGFKUUHOPIEMA,O=c1ncccn1C1CCCO1,0.3706896551724138,"Q4 [0.371,1.000)"
VYBFWKKCWTXCQX,c1ccc(-c2nccs2)cc1,0.3333333333333333,"Q3 [0.326,0.371)"
ZAVMPSVOEQNVCP,O=C(C=CCCC1CCCCC1)CC=CCCC(=O)CCCC=CC=CC=CCCC1CCCC(C(=O)C(=O)N2CCCCC2)O1,0.19931271477663232,"Q1 [0.000,0.289)"
AJBBEYXFRYFVNM,O=C(COc1ccc(-c2nc3[nH]c(=O)[nH]c(=O)c3[nH]2)cc1)Nc1ccccc1,0.3088235294117647,"Q2 [0.289,0.326)"
ODLGMSQBFONGNG,O=c1ncccn1C1CCCO1,0.391304347826087,"Q4 [0.371,1.000)"
BWZJBXAPRCVCKQ,O=C(c1ccc(Nc2nccc(-c3cc4ccccc4s3)n2)cc1)N1CCC(N2CCCC2)CC1,0.3096774193548387,"Q2 [0.289,0.326)"
ADEBPBSSDYVVLD,O=C1c2ccccc2CC1CC1CCN(Cc2ccccc2)CC1,0.3504273504273504,"Q3 [0.326,0.371)"
NRSGWEVTVGZDFC,c1cc(Nc2ccc(Oc3ccnc4[nH]ccc34)cc2)ncn1,0.2830188679245283,"Q1 [0.000,0.289)"
JFRYYGVYCWYIDQ,O=C(Nc1ccccn1)N1CCN(c2ccccn2)CC1,0.3888888888888889,"Q4 [0.371,1.000)"
HTKFORQRBXIQHD,__ACYCLIC__HTKFORQRBXIQHD,0.21568627450980393,"Q1 [0.000,0.289)"
LTUGYAOMCKNTGG,O=C(Nc1cc2[nH]c(=O)[nH]c2cc1N1CCCCC1)c1ccccc1,0.3425925925925926,"Q3 [0.326,0.371)"
QRDAPCMJAOQZSU,O=C(C=Cc1cc[nH]c1)c1ccccc1,0.2978723404255319,"Q2 [0.289,0.326)"
DCYBPMFXJCWXNB,O=c1ncccn1C1CCCO1,0.46774193548387094,"Q4 [0.371,1.000)"
LBEJYFVJIPQSNX,c1cc(-c2cn(C3CCCCC3)c3nc(NCCC4CC4)ncc23)ccc1CN1CCNCC1,0.3148148148148148,"Q2 [0.289,0.326)"
OQDQIFQRNZIEEJ,O=S(=O)(c1ccc2ncsc2c1)n1ccc2ccccc21,0.3008849557522124,"Q2 [0.289,0.326)"
HUDQLWBKJOMXSZ,O=C(NC1CCNCC1)NC12CC3CC(CC(C3)C1)C2,0.3424657534246575,"Q3 [0.326,0.371)"
YPYWONAECUVKHY,c1ccc(CNc2ncnc3[nH]cnc23)cc1,0.32978723404255317,"Q3 [0.326,0.371)"
OZGNYLLQHRPOBR,C(=Cc1ccccc1)CNCc1cccc2ccccc12,0.5466666666666666,"Q4 [0.371,1.000)"
FKPLJWGRBCQLTL,c1ccc(-c2ccc3c(c2)OCO3)cc1,0.3146853146853147,"Q2 [0.289,0.326)"
ITJUVDBADHDNPU,O=C(c1ccccc1)c1ccco1,0.4927536231884058,"Q4 [0.371,1.000)"
SQUNAWUMZGQQJD,O=C(CCN1CCCCC1)c1ccccc1,0.5540540540540541,"Q4 [0.371,1.000)"
XIUVHOSBSDYXRG,O=c1cc(COC2CCCCO2)oc2cc3c(cc12)CCO3,0.3776223776223776,"Q4 [0.371,1.000)"
OZHWSOOZCIJFQN,O=C(Nc1nnc(-c2ccccc2)o1)N1CCc2ccccc2C1,0.32116788321167883,"Q2 [0.289,0.326)"
JHCFQXNWYDLBOG,O=C1c2cc3nnn(CCc4ccccc4)c(=O)c3cc2OCN1C1CC1,0.2713178294573643,"Q1 [0.000,0.289)"
FTBQORVNHOIASH,C1=CC2CCC2C1,0.22077922077922077,"Q1 [0.000,0.289)"
GRGDWLDSVPJEJU,O=c1c2ccccc2sn1-c1ccccc1,0.3191489361702128,"Q2 [0.289,0.326)"
DVQOPNIPUIOXHU,c1ccc(Nc2nc(-n3cccn3)nc3[nH]cnc23)cc1,0.29545454545454547,"Q2 [0.289,0.326)"
MLESJYFEMSJZLZ,O=c1ncccn1C1CCCO1,0.30337078651685395,"Q2 [0.289,0.326)"
PZUJQWHTIRWCID,c1ccc(OCCCNCCc2ccc3ccccc3c2)cc1,0.44680851063829785,"Q4 [0.371,1.000)"
ACCMWZWAEFYUGZ,c1ccc(CCN2CCC(c3nc4ccccc4[nH]3)CC2)cc1,0.3813559322033898,"Q4 [0.371,1.000)"
RMOIHHAKNOFHOE,__ACYCLIC__RMOIHHAKNOFHOE,0.37142857142857144,"Q4 [0.371,1.000)"
HEDPDFHTQKEORT,O=C(c1ccc(Nc2cnc(-c3ccccc3)o2)cc1)N1CCOCC1,0.375,"Q4 [0.371,1.000)"
KTHVBAZBLKXIHZ,O=C(OC1CCCNC1)C(c1ccccc1)c1ccccc1,0.5454545454545454,"Q4 [0.371,1.000)"
WSSJONWNBBTCMG,O=C(OC1CCCCC1)c1ccccc1,0.32608695652173914,"Q3 [0.326,0.371)"
BYUIKERVKHGIMC,O=C(NCc1ccccc1)C1CCCN1C(=O)Cc1ccno1,0.30952380952380953,"Q2 [0.289,0.326)"
DSLPMJSGSBLWRE,O=c1oc2ccccc2c2c1CCCCC2,0.3037974683544304,"Q2 [0.289,0.326)"
HSFAATUFWDDUGW,O=C(Nc1nc(-c2ccccn2)cs1)c1ccc(S(=O)(=O)Nc2ccccc2)cc1,0.3643410852713178,"Q3 [0.326,0.371)"
PPUDLEUZKVJXSZ,O=c1ncccn1C1CCCO1,0.47540983606557374,"Q4 [0.371,1.000)"
XVFDNRYZXDHTHT,c1ccc(CNc2ncnc3ccc(OC4CCOC4)cc23)cc1,0.24087591240875914,"Q1 [0.000,0.289)"
QQUHMASGPODSIW,O=C(OCC12C(=O)OC3CCC1CC32OC1CCCCO1)c1ccccc1,0.375,"Q4 [0.371,1.000)"
MDSQOJYHHZBZKA,c1ccc(-c2cc(OCc3ccccc3-n3cccn3)ncn2)cc1,0.34057971014492755,"Q3 [0.326,0.371)"
IMHZCCZYPHJVMS,c1ccc(CNc2nccn3c(-c4ccccc4)cnc23)cc1,0.319672131147541,"Q2 [0.289,0.326)"
MOEHIWUXKDQZBL,O=c1ncccn1C1CCCO1,0.2987012987012987,"Q2 [0.289,0.326)"
FLFGNMFWNBOBGE,O=c1ncccn1C1CCCO1,0.4827586206896552,"Q4 [0.371,1.000)"
IFRGXKKQHBVPCQ,O=C(c1ccccc1)N1Cc2ccc(CN3CCNCC3)cc2C1,0.30952380952380953,"Q2 [0.289,0.326)"
YBPIBGNBHHGLEB,O=C(Nc1cccc(-c2nc(N3CCOCC3)c3oc4ncccc4c3n2)c1)c1cccnc1,0.3013698630136986,"Q2 [0.289,0.326)"
GTDJOGZANHPKMR,O=C(c1ccccc1)N1CCN(c2ccccc2)CC1,0.3333333333333333,"Q3 [0.326,0.371)"
CTPVNWVUAGMHEJ,c1csc(-c2nc3ccccc3nc2-c2cccs2)c1,0.3063063063063063,"Q2 [0.289,0.326)"
NQVIIUBWMBHLOZ,c1ccc(CNc2ncnc3[nH]cnc23)cc1,0.31521739130434784,"Q2 [0.289,0.326)"
GERJIEKMNDGSCS,c1ccc(CN2CC3CC2CN3Cc2ccc(Oc3ccc(-c4ncco4)cc3)cc2)cc1,0.3225806451612903,"Q2 [0.289,0.326)"
MEOYFIHNRBNEPI,O=c1ncccn1C1CCCO1,0.25,"Q1 [0.000,0.289)"
SETFNECMODOHTO,O=S(=O)(Nc1cccc2cc[nH]c12)c1ccccc1,0.38095238095238093,"Q4 [0.371,1.000)"
LZCDAPDGXCYOEH,c1cc(-c2ccc3ccccc3c2)cc(C23CC4CC(CC(C4)C2)C3)c1,0.2966101694915254,"Q2 [0.289,0.326)"
BPNUQXPIQBZCMR,c1ccc(CCCOc2cncc(-c3ccc4n[nH]cc4c3)c2)cc1,0.32142857142857145,"Q2 [0.289,0.326)"
BQSJTQLCZDPROO,c1ccc(-c2nccs2)cc1,0.3302752293577982,"Q3 [0.326,0.371)"
XIYOPDCBBDCGOE,C=C1c2ccccc2C=C2C(=O)C3C=CC(=O)CC3CC12,0.6,"Q4 [0.371,1.000)"
FLSMVCMSUNISFK,O=S(=O)(Nc1cnccn1)c1ccccc1,0.4125,"Q4 [0.371,1.000)"
MTXSIJUGVMTTMU,c1cncc(C2CCCCN2)c1,0.4791666666666667,"Q4 [0.371,1.000)"
NKGPJODWTZCHGF,S=c1nc[nH]c2c1ncn2C1CCCO1,0.43478260869565216,"Q4 [0.371,1.000)"
GZONLGPIHCCJOI,c1ccc(C2CCc3cc(Oc4ccccn4)ccc3O2)cc1,0.3142857142857143,"Q2 [0.289,0.326)"
ODMXWZROLKITMS,c1cc2c(OCC3CCNC3)nc(Nc3cn[nH]c3)nc2[nH]1,0.2214765100671141,"Q1 [0.000,0.289)"
ZUZPCOQWSYNWLU,c1ccc(-c2cnc3ncnn3c2)cc1,0.2661290322580645,"Q1 [0.000,0.289)"
LWJGMYMNSNVCEM,O=C(c1ccccc1)N1CC(COc2ccc3ccccc3c2)C1,0.37894736842105264,"Q4 [0.371,1.000)"
LDGIHZJOIQSHPB,c1cc(-c2ccc3ccccc3c2)cc(C23CC4CC(CC(C4)C2)C3)c1,0.2845528455284553,"Q1 [0.000,0.289)"
XPRZIORDEVHURQ,O=C(Nc1ccc(-n2cccn2)cc1)c1cnns1,0.3153153153153153,"Q2 [0.289,0.326)"
WRUWGLUCNBMGPS,O=c1[nH]cc(-c2ccccc2)c2sc(C=NC3CCS(=O)(=O)CC3)cc12,0.3277310924369748,"Q3 [0.326,0.371)"
MCYHPZGUONZRGO,__ACYCLIC__MCYHPZGUONZRGO,0.3333333333333333,"Q3 [0.326,0.371)"
LZMHWZHOZLVYDL,O=c1onc2cnc3ccccc3n12,0.37254901960784315,"Q4 [0.371,1.000)"
PUOAETJYKQITMO,O=C1C(=Cc2ccc(-n3ccnc3)cc2)CCCN1Cc1ccccc1,0.3076923076923077,"Q2 [0.289,0.326)"
XXDLWRCUPASJGY,c1ccc(CNc2ccc(C3C(c4ccccc4)N=C(c4ccccc4)N3Cc3ccccc3)cc2)cc1,0.3875,"Q4 [0.371,1.000)"
DPJNKUOXBZSZAI,O=C(NCc1ccc[nH]c1=O)c1cc(-c2ccc(N3CCNCC3)nc2)cc2[nH]ncc12,0.2872340425531915,"Q1 [0.000,0.289)"
ZGSXEXBYLJIOGF,O=C(Nc1cccc2cccnc12)c1ccc(N2C(=O)C3C4C=CC(C4)C3C2=O)cc1,0.35294117647058826,"Q3 [0.326,0.371)"
VFEXODVWKUOZBF,O=c1c(-c2ccccc2)cnc2c(N3CCCCC3)c(-c3ccccc3)[nH]n12,0.3543307086614173,"Q3 [0.326,0.371)"
ZNTKLBZCLHHWHW,C1CCC(OC2CCCOC2OC2CCC3C(CCC4C3CCC3C5CCOC5CC34)C2)OC1,0.4793814432989691,"Q4 [0.371,1.000)"
GWWLWDURRGNSRS,C=C1c2ccccc2Cc2ccccc21,0.618421052631579,"Q4 [0.371,1.000)"
QFJUYMMIBFBOJY,C1CCC(C2CCC3C2CCC2C4CCCCC4CCC23)OC1,0.2846715328467153,"Q1 [0.000,0.289)"
JSDRRTOADPPCHY,O=C(CNCCCc1ccccc1)N1CCc2ccccc2C1,0.3805309734513274,"Q4 [0.371,1.000)"
XUSYGBPHQBWGAD,O=C1OC2CC3CCCCC13c1ccccc12,0.2692307692307692,"Q1 [0.000,0.289)"
BSNKBAPMWCMENP,c1ccc(Cc2cnn(-c3ncc(C4CC4)cn3)c2)cc1,0.3020833333333333,"Q2 [0.289,0.326)"
SMTZFNFIKUPEJC,c1ccc(CN2CCCCC2)cc1,0.33,"Q3 [0.326,0.371)"
NBAIXBAUHIQQGF,O=c1[nH]c(N2CCCCC2)nc(-c2ccccc2)c1-c1ccccc1,0.291044776119403,"Q2 [0.289,0.326)"
ZNPDAYJZIRPRFQ,O=C(c1ccc(Oc2nccnc2C2CCNCC2)cc1)c1nc2ccccc2[nH]1,0.33613445378151263,"Q3 [0.326,0.371)"
DIURRJOJDQOMFC,O=C(Cc1ccc2oc(Cc3cnoc3)cc2c1)NC(c1ccccc1)c1ccccc1,0.3157894736842105,"Q2 [0.289,0.326)"
SUFXXEIVBZJOAP,O=C1NC(c2ccc(N3CCOCC3)cc2)(c2ccsc2)CC=C1Sc1ccccc1,0.36220472440944884,"Q3 [0.326,0.371)"
JUDOLRSMWHVKGX,O=C1SS(=O)(=O)c2ccccc21,0.37777777777777777,"Q4 [0.371,1.000)"
KABDATZAOUSYES,C1=C(c2ccccc2)CCN(Cc2cncnc2)C1,0.33766233766233766,"Q3 [0.326,0.371)"
UWNXGZKSIKQKAH,c1ccc(COc2cccc(OCc3cccc(-c4ccc5c(c4)OCCO5)c3)c2)cc1,0.30952380952380953,"Q2 [0.289,0.326)"
WECKJONDRAUFDD,O=C(NC1CN2CCC1CC2)c1ccccc1,0.5616438356164384,"Q4 [0.371,1.000)"
UOFYSRZSLXWIQB,c1ccc(Oc2nc(Nc3ccc(N4CCNCC4)cc3)nc3[nH]ccc23)cc1,0.3805970149253731,"Q4 [0.371,1.000)"
NDJJEQIMIJJCLL,c1ccc(Nc2ccc3[nH]ncc3c2)nc1,0.2727272727272727,"Q1 [0.000,0.289)"
AFZMAZIUJNBBML,O=C(C=CCCC1CCCCC1)CC=CCCC(=O)CCCC=CC=CC=CCCC1CCCC(C(=O)C(=O)N2CCCCC2)O1,0.19242902208201892,"Q1 [0.000,0.289)"
LGFSRIOYSFTORO,c1ccc(NNc2cnc3ccccc3n2)cc1,0.4393939393939394,"Q4 [0.371,1.000)"
JFUAWXPBHXKZGA,c1ccc(CCCCc2cc3ccncc3[nH]2)cc1,0.2777777777777778,"Q1 [0.000,0.289)"
YVPGZQLRPAGKLA,c1ccc(-n2cccc2-c2ccc(-n3ccnc3)cc2)cc1,0.33962264150943394,"Q3 [0.326,0.371)"
AXUZQJFHDNNPFG,C(=Cc1ccc2ccccc2n1)c1ccccc1,0.29133858267716534,"Q2 [0.289,0.326)"
QUISANLDBDCMPD,c1cncc(Oc2ccncc2-c2cccnc2)c1,0.29850746268656714,"Q2 [0.289,0.326)"
JSASWRWALCMOQP,O=C(CCNCc1ccccc1)c1ccc2ccccc2c1,0.4444444444444444,"Q4 [0.371,1.000)"
RZBCPMYJIARMGV,O=S(=O)(NC1CC1)c1cnc2cc(-c3cncnc3)ccc2c1Nc1cccc(Oc2ccccc2)c1,0.2542372881355932,"Q1 [0.000,0.289)"
FASDKYOPVNHBLU,c1nc2c(s1)CCCC2,0.23728813559322035,"Q1 [0.000,0.289)"
UHDGCWIWMRVCDJ,O=c1ncccn1C1CCCO1,0.4915254237288136,"Q4 [0.371,1.000)"
OFXAEWYLVPBGGU,c1ccc(Oc2cncc3sccc23)cc1,0.30666666666666664,"Q2 [0.289,0.326)"
RGAZVGZUBCFHRJ,O=C(Nc1ccc(Oc2ccnc3[nH]cc(-c4ccccc4)c23)cc1)c1c[nH]n(-c2ccccc2)c1=O,0.3246753246753247,"Q2 [0.289,0.326)"
SPAYLOCXFWJEBL,O=C(c1c(Sc2ccccc2)cc[nH]c1=O)N1Cc2ccccc2C1,0.30985915492957744,"Q2 [0.289,0.326)"
ACPOUJIDANTYHO,O=C1c2ccccc2-c2n[nH]c3cccc1c23,0.48484848484848486,"Q4 [0.371,1.000)"
LONXCUOJVJLTIP,O=S1(=O)N=C(Nc2ccccc2N2CCCC2)c2ccccc21,0.3829787234042553,"Q4 [0.371,1.000)"
IDGNCVHQDDOPND,O=C1c2ccc(-c3cn[nH]c3)cc2Cc2[nH]c3ccccc3c21,0.2573099415204678,"Q1 [0.000,0.289)"
WNAQOLSMVPFGTE,c1ccc(Cn2cnc3ccccc32)cc1,0.3707865168539326,"Q4 [0.371,1.000)"
IAVUBSCVWHLRGE,O=C1C(=CC=Cc2ccccc2)C=C(C2CCCCO2)C(=O)C1C1CCCCO1,0.3333333333333333,"Q3 [0.326,0.371)"
OQWZIAVXCYIZNN,O=C(Nc1ccc(-c2cn[nH]c2)cc1)C1COc2ccccc2O1,0.3,"Q2 [0.289,0.326)"
XZBFQWRAIYRPPZ,O=C1c2ccc(-c3cn(-c4cccnc4)nn3)cc2CN1C1CC1,0.29464285714285715,"Q2 [0.289,0.326)"
LQQYARMJQBHKQQ,O=C(Nc1ccc(NC(=O)c2cnn3ccccc23)cc1)c1nn(C2CCNCC2)c2ccccc12,0.2822085889570552,"Q1 [0.000,0.289)"
SOROIESOUPGGFO,O=C1CNC(=O)N1,0.2054794520547945,"Q1 [0.000,0.289)"
CDQUJZKBRAFWNG,c1ccc(Nc2ccc3nonc3c2)cc1,0.27472527472527475,"Q1 [0.000,0.289)"
RQTOOFIXOKYGAN,O=c1cc[nH]c2cc3occc(=O)c3cc12,0.2727272727272727,"Q1 [0.000,0.289)"
XQVKQEFQGYTUAR,O=C(CCc1ccccc1)c1ccc(OC2CC(OC(=O)c3ccccc3)C3OC(=O)c4ccccc4-c4ccccc4C(=O)OCC3O2)cc1,0.22549019607843138,"Q1 [0.000,0.289)"
ZNYIPTYJBRGSSL,O=C1CNC(=O)N1,0.24,"Q1 [0.000,0.289)"
MKXMABKUVSOEJF,c1ccc(CSCc2ccc(-c3ccccc3)cc2)cc1,0.37962962962962965,"Q4 [0.371,1.000)"
ZKUCFFYOQOJLGT,O=C(COc1ccc(-c2nc3[nH]c(=O)[nH]c(=O)c3[nH]2)cc1)Nc1ccccc1,0.32142857142857145,"Q2 [0.289,0.326)"
MEAQCLPMSVEOQF,O=C(Nc1ccccc1)N1CCC(c2ccccc2)CC1,0.46153846153846156,"Q4 [0.371,1.000)"
RMMXLENWKUUMAY,c1ccc(-c2ccc(Cn3cnc4ccc(-c5nc6ccccc6[nH]5)cc43)cc2)cc1,0.45454545454545453,"Q4 [0.371,1.000)"
HPEUJPJOZXNMSJ,__ACYCLIC__HPEUJPJOZXNMSJ,0.5492957746478874,"Q4 [0.371,1.000)"
NGEWQZIDQIYUNV,__ACYCLIC__NGEWQZIDQIYUNV,0.28125,"Q1 [0.000,0.289)"
XRWSZZJLZRKHHD,O=C(NC1(C(=O)NS(=O)(=O)C2CC2)CC1)C1CC(Oc2nccc3ccccc23)CN1,0.26373626373626374,"Q1 [0.000,0.289)"
BNJOQKFENDDGSC,__ACYCLIC__BNJOQKFENDDGSC,0.4666666666666667,"Q4 [0.371,1.000)"
NEYNJQRKHLUJRU,O=C(CCc1c[nH]c2ccccc12)NCC(=O)NCC(=O)NCCc1ccccc1,0.2706422018348624,"Q1 [0.000,0.289)"
IDBIFFKSXLYUOT,O=C(Nc1cc[nH]c1)c1ccc[nH]1,0.23275862068965517,"Q1 [0.000,0.289)"
LPATWVFSBNDSHR,O=c1[nH]cnc2ccc(-c3cncc(NS(=O)(=O)c4ccccc4)c3)cc12,0.31788079470198677,"Q2 [0.289,0.326)"
PCDQPRRSZKQHHS,O=c1ncccn1C1CCCO1,0.2967032967032967,"Q2 [0.289,0.326)"
YAEMHJKFIIIULI,O=C(NCc1ccccc1)Nc1nccs1,0.4146341463414634,"Q4 [0.371,1.000)"
ZCIGNRJZKPOIKD,O=C(NCc1cscn1)NC(CCN1CCOCC1)C(=O)NC(CCC(Cc1ccccc1)NC(=O)OCc1cncs1)Cc1ccccc1,0.33962264150943394,"Q3 [0.326,0.371)"
KZMAWJRXKGLWGS,c1ccc(-c2cscn2)cc1,0.37037037037037035,"Q3 [0.326,0.371)"
VWBDGXJRQZDLRV,O=C(C=Cc1ccc2ccccc2c1)c1cccnc1,0.4625,"Q4 [0.371,1.000)"
OZPFIJIOIVJZMN,c1ccc2cc(C3CCn4cncc43)ccc2c1,0.313953488372093,"Q2 [0.289,0.326)"
UYUHRKLITDJEHB,O=C(Nc1ccccc1)N(c1ccccc1)c1cc(Nc2ccc(N3CCNCC3)cc2)ncn1,0.3076923076923077,"Q2 [0.289,0.326)"
WPVVMKYQOMJPIN,c1ccc(N2CCCCC2)nc1,0.24615384615384617,"Q1 [0.000,0.289)"
VIWYGRDFHWYDRW,O=C(c1cccc(NCc2conc2-c2ccccc2)c1)c1c[nH]c2ccccc12,0.39285714285714285,"Q4 [0.371,1.000)"
NFDFTMICKVDYLQ,O=C(Nc1nc(-c2ccccc2)c(CCC2CCCCC2)s1)c1cc2ccccc2[nH]1,0.2868217054263566,"Q1 [0.000,0.289)"
DKPQHFZUICCZHF,c1ccc(-c2[nH]cnc2-c2ccc3nccnc3c2)nc1,0.28440366972477066,"Q1 [0.000,0.289)"
JOSNYUDSMPILKL,__ACYCLIC__JOSNYUDSMPILKL,0.3055555555555556,"Q2 [0.289,0.326)"
KRXMYBAZKJBJAB,O=c1c2ccccc2sn1-c1ccccc1,0.4126984126984127,"Q4 [0.371,1.000)"
UOACKFBJUYNSLK,O=C(CCC1CCCC1)OC1CCC2C1CCC1c3ccccc3CCC12,0.3902439024390244,"Q4 [0.371,1.000)"
YCXFHPUBGMMWJQ,O=C(Nc1ccccc1)NC1N=C(c2ccccc2)c2ccccc2N(CC(=O)c2ccccc2)C1=O,0.3819444444444444,"Q4 [0.371,1.000)"
GWQPCBPAOAFXSJ,O=C(NN=Cc1ccccc1)c1ccncc1,0.43820224719101125,"Q4 [0.371,1.000)"
GLYMPHUVMRFTFV,O=C(Nc1ccc(C(=O)N2CCNCC2)cc1)c1cc(OCc2ccccc2)cnn1,0.3037037037037037,"Q2 [0.289,0.326)"
YCADIXLLWMXYKW,C(#Cc1ccccc1)C1=CCCc2ccc(C=Cc3ccccc3)cc21,0.3357142857142857,"Q3 [0.326,0.371)"
CNVZJPUDSLNTQU,__ACYCLIC__CNVZJPUDSLNTQU,0.7638888888888888,"Q4 [0.371,1.000)"
LBTVHXHERHESKG,O=C(CCc1ccccc1)CC(=O)CCc1ccccc1,0.37,"Q3 [0.326,0.371)"
UAEULQWANHYLGJ,O=C1c2ccccc2-c2onc3c(N4CCCCCC4)cc(Nc4ccccc4)c1c23,0.3050847457627119,"Q2 [0.289,0.326)"
PKSLOHMKDSSQHQ,O=c1cc(C=Cc2ccccc2)[nH]c(=O)[nH]1,0.32075471698113206,"Q2 [0.289,0.326)"
QADGBOQVBUXZKO,O=C(c1ccccc1)c1ccc2c(c1)CCCC2,0.6395348837209303,"Q4 [0.371,1.000)"
ZLDUVUWIYLENNC,O=S(=O)(c1ccc(S(=O)(=O)N(Cc2ccncn2)C2CCCCC2)cc1)N(Cc1ccccc1)C1CCCC1,0.33098591549295775,"Q3 [0.326,0.371)"
AWOGQCSIVCQXBT,c1ccc(C2OCC3C(c4ccc5c(c4)OCO5)OCC23)cc1,0.34710743801652894,"Q3 [0.326,0.371)"
GAGWJHPBXLXJQN,O=c1ncccn1C1CCCO1,0.2391304347826087,"Q1 [0.000,0.289)"
LQVMQEYROPXMQH,c1ccc2c(c1)oc1ccccc12,0.5205479452054794,"Q4 [0.371,1.000)"
NNYBQONXHNTVIJ,c1ccc2c3c([nH]c2c1)COCC3,0.2857142857142857,"Q1 [0.000,0.289)"
XQMNBTZLYOOAGA,c1ccc(-c2ccc(-c3ccc4[nH]c(OC5COC6CCOC65)nc4n3)cc2)cc1,0.3017241379310345,"Q2 [0.289,0.326)"
WNJMKSOJWRDLLM,O=C(c1ccncc1)N1CCC(NCCOc2ccccc2)CC1,0.33962264150943394,"Q3 [0.326,0.371)"
NKDFYOWSKOHCCO,O=C1C=C2C3CCCC3CCC2C2CCCCC12,0.29838709677419356,"Q2 [0.289,0.326)"
KPWSJANDNDDRMB,c1ccc(N2CCN(CCC3CCCCC3)CC2)cc1,0.3357142857142857,"Q3 [0.326,0.371)"
QLFGDTPACJHLRY,c1cc(Nc2ccnc(Nc3cc(N4CCOCC4)cc(N4CCOCC4)c3)n2)c2cn[nH]c2c1,0.2689655172413793,"Q1 [0.000,0.289)"
WTARULDDTDQWMU,C=C1CCC2CC1C2,0.22807017543859648,"Q1 [0.000,0.289)"
NDYXAJZYGMHQDN,O=S(=O)(Nc1ccccc1N1CCCCC1)c1ccccc1,0.34710743801652894,"Q3 [0.326,0.371)"
VHOZWHQPEJGPCC,O=C1C(Cc2ccccc2)N2C(=O)CNN(C(=O)NCc3ccccc3)C2CN1Cc1cccc2cccnc12,0.33532934131736525,"Q3 [0.326,0.371)"
YKJYKKNCCRKFSL,c1ccc(CC2CCCN2)cc1,0.38235294117647056,"Q4 [0.371,1.000)"
UDSFKIFLJPECRN,O=C(NCc1ccccc1)c1cc2ccnnc2s1,0.32978723404255317,"Q3 [0.326,0.371)"
POJWUDADGALRAB,O=C1CNC(=O)N1,0.20408163265306123,"Q1 [0.000,0.289)"
BBAWEDCPNXPBQM,O=C(CNC(=O)C1C2CCCC2CN1C(=O)CNC(=O)C(NC(=O)c1cnccn1)C1CCCCC1)C(=O)NC1CC1,0.25139664804469275,"Q1 [0.000,0.289)"
AKNILCMFRRDTEY,O=C(OC1C2C=COC(OC3CCCCO3)C2C2OC12)c1ccccc1,0.34415584415584416,"Q3 [0.326,0.371)"
COTWKBGJQJEJHE,O=C(Cn1nnc(-c2ccccc2)n1)NC1CCC(Nc2ncnc(NCC3CC3)n2)CC1,0.27717391304347827,"Q1 [0.000,0.289)"
PCIXSTFFMHVOMF,c1ccc2c(c1)OC1c3ccc(OC4CCCCO4)cc3OCC21,0.43884892086330934,"Q4 [0.371,1.000)"
KPWDGTGXUYRARH,__ACYCLIC__KPWDGTGXUYRARH,0.23529411764705882,"Q1 [0.000,0.289)"
AFDPFLDWOXXHQM,O=C(OC1CCCC1)C(NCc1cccnc1)C1CCCCC1,0.4,"Q4 [0.371,1.000)"
PJIHCWJOTSJIPQ,__ACYCLIC__PJIHCWJOTSJIPQ,0.37142857142857144,"Q4 [0.371,1.000)"
MVWNPZYLNLATCH,O=C1CSC(c2ccccc2)N1c1ccccc1,0.35443037974683544,"Q3 [0.326,0.371)"
OECUWHDVQIITIS,c1ccc(Cn2c(NCc3ccco3)nc3ccccc32)cc1,0.3953488372093023,"Q4 [0.371,1.000)"
NZZIMKJIVMHWJC,O=C(CC(=O)c1ccccc1)c1ccccc1,0.6981132075471698,"Q4 [0.371,1.000)"
SDUQYLNIPVEERB,O=c1ncccn1C1CCCO1,0.47540983606557374,"Q4 [0.371,1.000)"
MXOOUCRHWJYCAL,__ACYCLIC__MXOOUCRHWJYCAL,0.2826086956521739,"Q1 [0.000,0.289)"
MBKDYNNUVRNNRF,__ACYCLIC__MBKDYNNUVRNNRF,0.21212121212121213,"Q1 [0.000,0.289)"
RHYBFKMFHLPQPH,O=C1CNC(=O)N1,0.20833333333333334,"Q1 [0.000,0.289)"
GXQCVUZORDAARJ,c1ccc(Cn2cnc3ccccc32)cc1,0.33695652173913043,"Q3 [0.326,0.371)"
LGWDVWIZDPGCFG,O=C(Cc1ccccc1)N1CCN(c2cccnn2)CC1,0.3333333333333333,"Q3 [0.326,0.371)"
FQQIIPAOSKSOJM,c1ccc(Cn2c3c(c4ccccc42)CNCC3)cc1,0.3956043956043956,"Q4 [0.371,1.000)"
FIVYCSWOCXEWSE,O=C(NC1CCCCC1)c1ccc(-c2csc(N3CCNCC3)n2)cc1,0.26811594202898553,"Q1 [0.000,0.289)"
KFFCKOBAHMGTMW,c1ccc(C2OCC3C(c4ccc(OC5CCCCO5)cc4)OCC23)cc1,0.436241610738255,"Q4 [0.371,1.000)"
LUCHPKXVUGJYGU,O=c1ncccn1C1CCCO1,0.5,"Q4 [0.371,1.000)"
QSQFARNGNIZGAW,__ACYCLIC__QSQFARNGNIZGAW,0.24528301886792453,"Q1 [0.000,0.289)"
ZXRVKCBLGJOCEE,O=c1[nH]oc2c1CCNC2,0.17777777777777778,"Q1 [0.000,0.289)"
YYOOFJZTRCPVFD,O=c1c(-c2ccccc2)coc2cc(OCc3ccccc3)ccc12,0.47058823529411764,"Q4 [0.371,1.000)"
YUDSEXRLRQZDOS,O=C(CNC(=O)C1CCCN1)NCC(=O)N1CCCC1C(=O)N1CCCC1,0.20634920634920634,"Q1 [0.000,0.289)"
ZAYHVCMSTBRABG,O=c1ncccn1C1CCCO1,0.4461538461538462,"Q4 [0.371,1.000)"
JPJBCKSRGYPABG,c1ccc(Nc2nc(NC3CCCCC3)nc3[nH]cnc23)cc1,0.28448275862068967,"Q1 [0.000,0.289)"
GWLSXEHHNOBFOI,O=C(COc1cccc2c1C(=O)N(C1CCC(=O)NC1=O)C2=O)NCCCCN1CCN(c2ccc(Nc3ncc4ccn(C5CCCC5)c4n3)nc2)CC1,0.2876712328767123,"Q1 [0.000,0.289)"
HGJXAVROWQLCTP,O=C1CC2CC(=O)OC3C4COC(=O)c5ccccc5-c5ccccc5C(=O)OC3C(OC(=O)c3cccc(c32)O1)C(OC(=O)c1ccccc1)O4,0.1909722222222222,"Q1 [0.000,0.289)"
UCJZOKGUEJUNIO,c1cc(Sc2cnc(N3CCC4(CCOC4)CC3)cn2)ccn1,0.22330097087378642,"Q1 [0.000,0.289)"
SYGWGHVTLUBCEM,O=C1CC2CCCC2C2CCC3CCCCC3C12,0.5604395604395604,"Q4 [0.371,1.000)"
OHSKJRMWVIVJCP,O=C1C(=Cc2ccccc2)CCC1=Cc1ccccc1,0.3076923076923077,"Q2 [0.289,0.326)"
WWONFUQGBVOKOF,O=C(NS(=O)(=O)c1cccs1)c1ccccc1,0.4024390243902439,"Q4 [0.371,1.000)"
KTOLOIKYVCHRJW,O=c1ncccn1C1CCCO1,0.391304347826087,"Q4 [0.371,1.000)"
SYWHWWKOIJCMKF,c1cc(Nc2ccc3[nH]ccc3c2)nc(Nc2ccc3[nH]ccc3c2)n1,0.26262626262626265,"Q1 [0.000,0.289)"
BTVYFIMKUHNOBZ,O=C1C=CC=CCCCCCCCCC=COC2Oc3ccc4c(c3C2=O)C(=O)C=C(N1)C4=O,0.6589595375722543,"Q4 [0.371,1.000)"
NASYEGAVCTZSDO,O=c1[nH]cnc2c1cnn2-c1ccccc1,0.3258426966292135,"Q3 [0.326,0.371)"
UWWDHYUMIORJTA,O=C(CNCCCc1ccccc1)N1CCc2ccccc2C1,0.328,"Q3 [0.326,0.371)"
FMLJREWZCZHGGW,O=C(Nc1ccccc1)N(Cc1ccc2c(c1)Cc1ccccc1-2)C1CCCCCC1,0.43478260869565216,"Q4 [0.371,1.000)"
HESSNRGIEVBPRB,O=c1ncccn1C1CCCO1,0.46218487394957986,"Q4 [0.371,1.000)"
PIRVMXMBHKHJCD,O=C(NC1CN2CCC1CC2)c1ccccc1,0.4878048780487805,"Q4 [0.371,1.000)"
OQDKHYZVFZGSRC,O=C1C=C2C3CCCC3CCC2C2CCCCC12,0.29838709677419356,"Q2 [0.289,0.326)"
KXRZBTAEDBELFD,O=S(=O)(Nc1cnccn1)c1ccccc1,0.6818181818181818,"Q4 [0.371,1.000)"
RONZAEMNMFQXRA,c1ccc2c(c1)Cc1cccnc1N1CCNCC21,0.3548387096774194,"Q3 [0.326,0.371)"
ULXXDDBFHOBEHA,c1ccc(Nc2ncnc3cc(OC4CCOC4)ccc23)cc1,0.28289473684210525,"Q1 [0.000,0.289)"
LMHJFKYQYDSOQO,__ACYCLIC__LMHJFKYQYDSOQO,0.38095238095238093,"Q4 [0.371,1.000)"
UZNNDDDSGCMQOQ,c1ccc(Nc2nc(-c3ccccc3)cs2)cc1,0.32432432432432434,"Q2 [0.289,0.326)"
ZFCQLDAGNBFMJQ,C1=Cn2c3c(c4ccccc42)CCN2CCCC1C32,0.5714285714285714,"Q4 [0.371,1.000)"
IPCSVZSSVZVIGE,__ACYCLIC__IPCSVZSSVZVIGE,0.6031746031746031,"Q4 [0.371,1.000)"
WXMARHKAXWRNDM,C1=C2CC(OC3CCCCO3)CCC2C2CCC3C4CC5(CCCCO5)OC4CC3C2C1,0.7196969696969697,"Q4 [0.371,1.000)"
HZDKYXAZAPXCKQ,O=S1(=O)CCc2cc(Oc3ccccc3)ccc21,0.26262626262626265,"Q1 [0.000,0.289)"
XGZZHZMWIXFATA,O=C(C=Cc1ccoc1)NC1CCC2C3Cc4cccc5c4C2(CCN3CC2CC2)C1O5,0.3445378151260504,"Q3 [0.326,0.371)"
PQXKDMSYBGKCJA,O=C1C2C3CCC(C3)C2C(=O)N1CC1CCCCC1CN1CCN(c2nsc3ccccc23)CC1,0.296551724137931,"Q2 [0.289,0.326)"
VHCDRDBBENBVEK,O=C(Nc1nc2ccccc2n1CC=CCn1c(NC(=O)c2ccn[nH]2)nc2ccccc21)c1ccn[nH]1,0.22466960352422907,"Q1 [0.000,0.289)"
WQBAZXIQANTUOY,c1ccc(-c2nc3c(c(N4CCOCC4)n2)CCN(c2ncccn2)C3)cc1,0.3157894736842105,"Q2 [0.289,0.326)"
HMUOMFLFUUHUPE,O=c1ncccn1C1CCCO1,0.4782608695652174,"Q4 [0.371,1.000)"
PZRWOASUSYCAHX,C1CCC(OCCCOC2CCCCO2)OC1,0.36764705882352944,"Q3 [0.326,0.371)"
FYNMINFUAIDIFL,O=C(Nc1cncc(-c2cnc(OC3CCOCC3)c(N3CCOCC3)c2)c1)c1ccccc1,0.34459459459459457,"Q3 [0.326,0.371)"
DDNCQMVWWZOMLN,C1=Cn2c3c(c4ccccc42)CCN2CCCC1C32,0.5520833333333334,"Q4 [0.371,1.000)"
SSUFECODNVILSX,c1ccc(Nc2nc(-c3ccccc3)cs2)cc1,0.42168674698795183,"Q4 [0.371,1.000)"
AEDDIBAIWPIIBD,O=c1c2ccccc2oc2ccc(C3CCCCO3)cc12,0.3252032520325203,"Q2 [0.289,0.326)"
SAZVRXTVWZAHBI,O=C(NC1CC1)c1cccc(-n2ccnc(NCc3ccccc3)c2=O)c1,0.32142857142857145,"Q2 [0.289,0.326)"
AGPIHNZOZNKRGT,O=C(c1cccc(S(=O)(=O)Nc2ccccc2)c1)N1CCN2CCCC2C1,0.29464285714285715,"Q2 [0.289,0.326)"
XCGYXEVLQIIEJH,O=c1ccc2cc(Nc3ccnc(N4CCCCC4)n3)ccc2[nH]1,0.2875,"Q1 [0.000,0.289)"
ZCALMLVWZSQGGR,O=C(NCCCNCc1ccccc1)c1ccc2nc3c(cc2c1)CCCC3,0.39361702127659576,"Q4 [0.371,1.000)"
DOKZLKDGUQWMSX,c1ccc(CCNc2nc(Oc3ccc4c(c3)CCC4)nc3c2ncn3Cc2ccc(-c3ccccc3)cc2)cc1,0.3652694610778443,"Q3 [0.326,0.371)"
ZBRKMOHDGFGXLN,O=C(c1ccccc1)C1CC1,0.3684210526315789,"Q3 [0.326,0.371)"
HQIDXEHGLJUNPT,O=c1ncccn1C1CCCO1,0.2987012987012987,"Q2 [0.289,0.326)"
GXTJETQFYHZHNB,O=c1ccc2cc(Nc3ccnc(N4CCCCC4)n3)ccc2[nH]1,0.2866666666666667,"Q1 [0.000,0.289)"
AZFBLLCNOQPJGJ,O=C1C=CC=CCCCCCCCCC=COC2Oc3ccc4cc(c5c(c4c3C2=O)=NC2(CCNCC2)N=5)N1,0.7052631578947368,"Q4 [0.371,1.000)"
ZLHZLMOSPGACSZ,c1ccc(COC2COc3nccn3C2)cc1,0.3076923076923077,"Q2 [0.289,0.326)"
RNIADBXQDMCFEN,C=C1c2ccccc2C=C2C(=O)C3C=CC(=O)CC3CC12,0.5315315315315315,"Q4 [0.371,1.000)"
KDVFRMMRZOCFLS,__ACYCLIC__KDVFRMMRZOCFLS,0.3333333333333333,"Q3 [0.326,0.371)"
WREGKURFCTUGRC,O=c1ncccn1C1CCCO1,0.6153846153846154,"Q4 [0.371,1.000)"
BKLJDIJJOOQUFG,O=C(Nc1cnn(Cc2ccccc2)c1)c1ccnc2ccccc12,0.33587786259541985,"Q3 [0.326,0.371)"
LUKZNWIVRBCLON,O=C1C=CC2C(=C1)CCC1C2CCC2C1CC1OC(C3CCCCC3)OC12,0.5725806451612904,"Q4 [0.371,1.000)"
DUCNNEYLFOQFSW,O=C(Nc1ccccc1)c1nn(Cc2ccccc2)c2c1CN(C(=O)c1ccc[nH]1)CC2,0.28776978417266186,"Q1 [0.000,0.289)"
DBZQFUNLCALWDY,c1cc2c(cn1)ncn2C1CCCO1,0.45588235294117646,"Q4 [0.371,1.000)"
XCKGFJPFEHHHQA,O=C1C(N=Nc2ccccc2)C=NN1c1ccccc1,0.47674418604651164,"Q4 [0.371,1.000)"
KYDGWGYAUCJZDV,c1ccc(Cc2cccc(C3CCCCO3)c2)cc1,0.3103448275862069,"Q2 [0.289,0.326)"
WRFHGDPIDHPWIQ,O=C1N(Cc2ccc(-c3ccccc3S(=O)(=O)Nc3ccon3)cc2)C=NC12CCCC2,0.4791666666666667,"Q4 [0.371,1.000)"
NIDVTARKFBZMOT,O=c1ncccn1C1CCCO1,0.42857142857142855,"Q4 [0.371,1.000)"
AMEWZCMTSIONOX,c1ccc(-c2cc(CCC3CCNCC3)c3ccccc3n2)cc1,0.5301204819277109,"Q4 [0.371,1.000)"
IERHLVCPSMICTF,O=c1ncccn1C1CCCO1,0.38028169014084506,"Q4 [0.371,1.000)"
RGWHQCVHVJXOKC,O=c1ncccn1C1CCCO1,0.3488372093023256,"Q3 [0.326,0.371)"
BNIQIYMICUFERK,O=c1ncccn1C1CCCO1,0.25,"Q1 [0.000,0.289)"
FYGDTMLNYKFZSV,C1CCC(OC2CCC(OC3CCCOC3)OC2)OC1,0.5431034482758621,"Q4 [0.371,1.000)"
ACIJGUBIMXQCMF,__ACYCLIC__ACIJGUBIMXQCMF,0.36585365853658536,"Q3 [0.326,0.371)"
XGPBJCHFROADCK,O=C(NCc1cnccn1)c1c(=O)c2ccc(N3CCCNCC3)nc2n2c1sc1ccccc12,0.3146853146853147,"Q2 [0.289,0.326)"
ZWIADYZPOWUWEW,O=c1ncccn1C1CCCO1,0.3333333333333333,"Q3 [0.326,0.371)"
MZNJSAJWGUPRKQ,O=C1NC=C2NC=NC2N1,0.22033898305084745,"Q1 [0.000,0.289)"
YSXKPIUOCJLQIE,C1=CC2CC1CC2C(CCN1CCCCC1)c1ccccc1,0.30303030303030304,"Q2 [0.289,0.326)"
MQTAVJHICJWXBR,__ACYCLIC__MQTAVJHICJWXBR,0.35294117647058826,"Q3 [0.326,0.371)"
PMLKMGFNRKVFTQ,O=c1ncccn1C1CCCO1,0.25,"Q1 [0.000,0.289)"
FRXNXDHFQYZYNA,C=C1NC(=O)CNC(=O)CNC(=O)CCNC(=O)C(C2CCN=CN2)NC1=O,0.26222222222222225,"Q1 [0.000,0.289)"
PVLHOJXLNBFHDX,C1CCC(C2CCC3C2CCC2C4CCCCC4CCC23)OC1,0.29850746268656714,"Q2 [0.289,0.326)"
NYWVSLBALKNFJR,O=C(NCc1ccc[nH]c1=O)c1cc(NC2CCOCC2)cc2oc(C3CCNCC3)cc12,0.2608695652173913,"Q1 [0.000,0.289)"
MRNMYWNBLVJWKG,c1ccc(OCCCN2CC3CCCC3C2)cc1,0.31343283582089554,"Q2 [0.289,0.326)"
UKMSUNONTOPOIO,__ACYCLIC__UKMSUNONTOPOIO,0.5376344086021505,"Q4 [0.371,1.000)"
VUKAUDKDFVSVFT,C1CCC(OC2CCC(OC3CCCOC3)OC2)OC1,0.29896907216494845,"Q2 [0.289,0.326)"
RQFQJYYMBWVMQG,C1CCC(OC2CCC(OC3CCCOC3)OC2)OC1,0.5692307692307692,"Q4 [0.371,1.000)"
RQRPCWMUJCSWSC,O=C(Cn1c(=O)[nH]c2ccc(S(=O)(=O)NC3CCCCC3)cc2c1=O)N1CCCC1,0.28695652173913044,"Q1 [0.000,0.289)"
GKKSRXMUDHOKOJ,O=C(Nc1cccs1)N1CCc2ccccc21,0.34146341463414637,"Q3 [0.326,0.371)"
FRFHVVPDAOMWFB,c1ccc(CN2CCN(c3cnn4cnnc4c3)CC2)cc1,0.3391304347826087,"Q3 [0.326,0.371)"
LLQJFGBIMAPDTJ,O=C(CN(c1ccccc1)S(=O)(=O)c1ccsc1)Nc1ccccc1,0.36936936936936937,"Q3 [0.326,0.371)"
KSTDRCOZZMYVPC,O=C(Cc1ccccc1)Nc1cccc2c(=O)[nH][nH]c(=O)c12,0.3274336283185841,"Q3 [0.326,0.371)"
AGHDGYYFFAIILP,O=C(CSc1nnc(-c2ccco2)o1)Nc1ccc(-c2ccccc2)s1,0.35398230088495575,"Q3 [0.326,0.371)"
NKSRPVCOINDZQV,c1ccc(-c2cc(SCCN3CCOCC3)n3ncnc3n2)cc1,0.3177570093457944,"Q2 [0.289,0.326)"
CWOLYEAWYFDDKD,c1cc(NC2=NCCCCC2)cs1,0.25301204819277107,"Q1 [0.000,0.289)"
OHQKEFOENZHFAL,O=c1c(Cc2ccccc2)cnc2n1CCS2,0.2976190476190476,"Q2 [0.289,0.326)"
PQVHLIFAUKMJML,O=S(=O)(c1ccc2oc3ccccc3c2c1)N1CCNCC1,0.36363636363636365,"Q3 [0.326,0.371)"
YNYUEFMFBNMXPV,O=C(NCc1ccccc1)c1csc2ncnc(N3CCCCC3)c12,0.3300970873786408,"Q3 [0.326,0.371)"
JSTLTRRTULEKGH,O=S(=O)(NCc1ccsc1)c1ccccc1,0.2857142857142857,"Q1 [0.000,0.289)"
YFEPUYWGFASDJJ,c1csc(-c2ccsc2)c1,0.3106796116504854,"Q2 [0.289,0.326)"
IMWBVGHCCYVZKF,O=S(=O)(c1ccccc1)N1CCC(c2cccs2)C1,0.3211009174311927,"Q2 [0.289,0.326)"
WHYUZULGNZSKAX,c1ccc(OCc2nn3cnnc3s2)cc1,0.3020833333333333,"Q2 [0.289,0.326)"
KLCRMNQOYHEXNH,O=c1c(CN2CC3CCCC2C3)c[nH]c2ccccc12,0.2631578947368421,"Q1 [0.000,0.289)"
HPJHEPAGWJSHLV,O=c1[nH]c(=O)c2cccnc2[nH]1,0.3108108108108108,"Q2 [0.289,0.326)"
KUBKECQMEISWOA,c1ccc(CSc2nc3ccccc3[nH]2)cc1,0.3448275862068966,"Q3 [0.326,0.371)"
YHEMYMWBIDVLAL,O=C(NC(CCN1C2CCC1CC1(C2)CN(C2CC2)C(=O)CO1)c1ccccc1)C1CCC1,0.3140495867768595,"Q2 [0.289,0.326)"
WTABTGPEIIWEOZ,O=C(CNC(=O)c1ccsc1)Nc1nc2ccccc2[nH]1,0.4927536231884058,"Q4 [0.371,1.000)"
USOVQZKXHZQYHL,O=C(Cn1c(=O)cnc2cc(C(=O)NC3CC3)ccc21)Nc1ccccc1,0.3838383838383838,"Q4 [0.371,1.000)"
XBGSPTTZBUJGLL,O=C(c1cn(CC2CCC2)nn1)N1CCCn2ncnc21,0.21621621621621623,"Q1 [0.000,0.289)"
BPCQXVWZPZOKKC,C(#Cc1ccccc1)C1=CC(c2ccccc2)Oc2ccccc21,0.392,"Q4 [0.371,1.000)"
GRBCMMJPJHTIIZ,O=C(CSc1nc(-c2ccccc2)nc2[nH]c(=O)[nH]c(=O)c12)Nc1ccccc1,0.3620689655172414,"Q3 [0.326,0.371)"
MQDJKLIHVSSCTL,O=c1[nH]c2ccc(-c3noc(-c4cccc(CS(=O)(=O)c5ccccc5)c4)n3)cc2o1,0.3333333333333333,"Q3 [0.326,0.371)"
IIZVHJMODUNMKX,O=C(Nc1ccc2c(=O)c3ccccc3oc2c1)c1ccccc1,0.36082474226804123,"Q3 [0.326,0.371)"
QESMKVGGPIOKNK,O=C1CC(c2ncno2)CN1CCc1cccs1,0.25301204819277107,"Q1 [0.000,0.289)"
VQOQYPOVQVTGOG,O=C(Nc1ncnc2sccc12)c1ccccc1,0.37373737373737376,"Q4 [0.371,1.000)"
PEWDJIVDOBJZCY,c1ccc(Oc2cc(-n3cccn3)ncn2)cc1,0.3418803418803419,"Q3 [0.326,0.371)"
AFZVHYVJZXTZKB,O=S(=O)(Cc1ccccc1)NCC1CCCN1c1nccs1,0.31868131868131866,"Q2 [0.289,0.326)"
KSXLHOFDCDKQLH,c1ccc(-c2ccc(Cn3cnc4ccccc43)cc2)cc1,0.6371681415929203,"Q4 [0.371,1.000)"
XPSFCWFFTFNUSJ,c1cc(-c2ccsc2)ncn1,0.22388059701492538,"Q1 [0.000,0.289)"
RYIUMZGCQLMKOK,O=C1Cc2ccccc2N1Cc1ccccc1,0.36363636363636365,"Q3 [0.326,0.371)"
UDPMVVXJZMPWJE,O=S1(=O)CCC(CN2CCC(COc3ncccn3)CC2)C1,0.19834710743801653,"Q1 [0.000,0.289)"
YFRHLEFTDXPVOE,O=C1OC2(CCN(S(=O)(=O)c3cn[nH]c3)CC2)c2ccccc21,0.3541666666666667,"Q3 [0.326,0.371)"
KNISYJGXVLSADL,O=c1cc(CSc2nnc[nH]2)occ1OCc1ccccc1,0.3142857142857143,"Q2 [0.289,0.326)"
WTLXQYKLIMSRJP,c1cc2c(cn1)CCCC2,0.23333333333333334,"Q1 [0.000,0.289)"
VOFSUBNULHNYFD,O=C(NCCc1nc(-c2ccc3c(c2)OCO3)n[nH]1)c1ccccc1,0.3543307086614173,"Q3 [0.326,0.371)"
JDEGGSXDQXULCM,c1ccc(-n2ncc3c2ncn2c(-c4ccco4)nnc32)cc1,0.2840909090909091,"Q1 [0.000,0.289)"
SIQRNBVTDOVKIA,O=C(N1CCCCCC1)N1CCN(C(=O)N2CCOCC2)CC1,0.2948717948717949,"Q2 [0.289,0.326)"
OLJWUBYLWNNFGF,c1ccc2[nH]c(NCCSc3nc4ccccc4[nH]3)nc2c1,0.3522727272727273,"Q3 [0.326,0.371)"
LQXDKGIREDUPFL,O=C(NCC1(Sc2ccccc2)CCOCC1)c1ccco1,0.3148148148148148,"Q2 [0.289,0.326)"
LLWDYFGXLYSQLN,c1ccc(Nc2c3c(nc4ncnn24)CCC3)cc1,0.39080459770114945,"Q4 [0.371,1.000)"
AQZPHKLAAZIRHR,C1CC(c2nnc(C3CC3)o2)CCN1,0.2097902097902098,"Q1 [0.000,0.289)"
GFNMXHZYFOHHLO,O=C1C2CC(c3ccccc3)NN2C=CN1CCC(=O)N1CCSCC1,0.2982456140350877,"Q2 [0.289,0.326)"
MTJXZYXIWXRALG,O=S(=O)(Nc1cccc(-c2nn3cnnc3s2)c1)c1ccccc1,0.35514018691588783,"Q3 [0.326,0.371)"
IBEYJQJIGQZOKV,c1ccc(COc2ccc(-c3nn[nH]n3)cc2)cc1,0.39285714285714285,"Q4 [0.371,1.000)"
UXULHXXEXXAALO,O=C1CCCC2=C1C(c1cccnc1)C=CN2c1ccccc1,0.34545454545454546,"Q3 [0.326,0.371)"
KELGDBMMEFFQDO,c1cc(N2CCCCC2)ncn1,0.2903225806451613,"Q2 [0.289,0.326)"
BTSGIVVDPWLVPY,O=C(CN1CC=C(c2cnn(-c3ccccc3)c2)CC1)NC1CCN(Cc2ccccc2)CC1,0.31386861313868614,"Q2 [0.289,0.326)"
FJMKRORNYNWMGR,c1ccc(C2NCCn3cccc32)cc1,0.3391304347826087,"Q3 [0.326,0.371)"
IOPYNWMXJNPPTJ,O=S(=O)(NCc1cccs1)c1cnc2scnn12,0.3225806451612903,"Q2 [0.289,0.326)"
ZFJOLIKZNBKBDZ,O=C(NCC1CCCN(c2nccs2)C1)c1ccc(-c2cccs2)cc1,0.3008849557522124,"Q2 [0.289,0.326)"
UYOBBROJWHWRPO,O=S(=O)(c1ccc(-c2ccccc2)cc1)N1C2CCC1c1cncnc1C2,0.3669724770642202,"Q3 [0.326,0.371)"
TXMAKHSSNLZABB,O=C(Nc1sccc1-c1ncno1)c1ccccc1,0.3246753246753247,"Q2 [0.289,0.326)"
FXWWSULLAHCKMC,c1cc(-c2nn3c(CN4CCOCC4)nnc3s2)no1,0.2222222222222222,"Q1 [0.000,0.289)"
VGZZHXQOXRHHRX,O=C(NCc1ccccc1)c1cnc2sccn2c1=O,0.42424242424242425,"Q4 [0.371,1.000)"
AGEMILMEBQWVTM,O=c1cc(CSc2nnc(-c3ccc4c(c3)OCO4)o2)nc2scnn12,0.2980769230769231,"Q2 [0.289,0.326)"
FTKPROASZKHXHB,O=C(Nc1ncnc2[nH]cnc12)OC(c1ccccc1)c1ccccc1,0.4020618556701031,"Q4 [0.371,1.000)"
DKFALSOLCIKVQC,O=C(CSc1cc(-c2ccncc2)ccn1)n1cccn1,0.37209302325581395,"Q4 [0.371,1.000)"
NMHWRRODCXZEEL,O=C(CCc1nnc2c(N3CCCCC3)nc3ccccc3n12)N1CCCCC1,0.32231404958677684,"Q2 [0.289,0.326)"
OKJHMWZAFZQHIL,O=C(NCCc1ccccc1)c1ccc2ccccc2c1,0.4105263157894737,"Q4 [0.371,1.000)"
DXDLIIDZIXKUMQ,O=C(CN(Cc1ccccc1)S(=O)(=O)c1ccccc1)NN=Cc1ccccc1,0.3565217391304348,"Q3 [0.326,0.371)"
BAKZBKUTIPQBKL,c1nc(SCc2cscn2)c2ccsc2n1,0.21348314606741572,"Q1 [0.000,0.289)"
QUDONPIHKNONKD,O=C1C(=O)N(C2CCS(=O)(=O)C2)C(c2ccccc2)C1=Cc1ccccc1,0.30275229357798167,"Q2 [0.289,0.326)"
COGGLYNQWOZPEI,O=S(=O)(NCC1CCCc2sccc21)c1ccccc1,0.2647058823529412,"Q1 [0.000,0.289)"
OVAMSAGPVUYDIW,c1ccc(-c2nncs2)cc1,0.3048780487804878,"Q2 [0.289,0.326)"
PPKCJEKHDCLMKO,O=C(c1csc(-c2ccccc2)n1)N1CC(Cn2nc(C3CC3)ccc2=O)C1,0.3106796116504854,"Q2 [0.289,0.326)"
SUVNIEIEGRWBFQ,O=C(COc1ccccc1)N1CCC(Oc2ccncn2)C1,0.30851063829787234,"Q2 [0.289,0.326)"
YNVXUNYCUONHMJ,O=C(c1cc2ccccn2c1)N1CCCC(Cc2nc(-c3ccsc3)no2)C1,0.25925925925925924,"Q1 [0.000,0.289)"
AYHXRKATHLYQEM,c1nc(N2CCCCCC2)nc(-n2cncn2)n1,0.25,"Q1 [0.000,0.289)"
JJUMPVHZIRQYKT,O=C(Cn1cnc2oncc2c1=O)NCCCN1CCN(C2CCCCC2)CC1,0.27102803738317754,"Q1 [0.000,0.289)"
JMSHOFZOBPTHKG,c1ccc(-c2ncc3c(n2)CCCC3)cc1,0.3493975903614458,"Q3 [0.326,0.371)"
TTWPRNYCZGTSHJ,S=C1N=C(Nc2ccccc2)C2(CCCCC2)N1,0.35802469135802467,"Q3 [0.326,0.371)"
QXFRMJZHSOYBES,c1ccc(-c2cc3n(n2)CCCNC3)cc1,0.34210526315789475,"Q3 [0.326,0.371)"
HSUWWBYTINLYDY,O=C(NCCCNCc1ccccc1)c1cc2sccc2[nH]1,0.3522727272727273,"Q3 [0.326,0.371)"
FZQRPDOOXSAHBC,O=S(=O)(Cc1ccccc1)NCCn1cc(-c2ccsc2)cn1,0.32323232323232326,"Q2 [0.289,0.326)"
UNTPKAPPCZFWIP,c1ccc(-c2cnsc2-c2ccccc2)cc1,0.37777777777777777,"Q4 [0.371,1.000)"
YJHJSUUIJRFTIN,O=C(Nc1ccccc1)N1CCC(N2C(=O)COCC2=O)CC1,0.3488372093023256,"Q3 [0.326,0.371)"
QEJGLLHFXRQCGD,c1cncc(CSc2nnc(-c3c[nH]c4ccccc34)[nH]2)c1,0.3333333333333333,"Q3 [0.326,0.371)"
RGTWYRKKBWDICL,c1ccc(CN2CCN(c3ncnc4c3oc3ncccc34)CC2)cc1,0.32456140350877194,"Q2 [0.289,0.326)"
UXNLLMDYKVDZFN,O=C(NCCCCCNC(=O)c1ccccn1)c1ccccn1,0.3176470588235294,"Q2 [0.289,0.326)"
TYPATESISFFBOS,c1cc(Sc2nncs2)nc(Sc2nncs2)n1,0.19101123595505617,"Q1 [0.000,0.289)"
AYTYBSRRMLCFLD,C(=Nc1ccccc1)c1cnn(-c2ccccc2)c1,0.35135135135135137,"Q3 [0.326,0.371)"
QMJOSAYUQNXDNE,O=C1CS(=O)(=O)N(Cc2ccccc2)c2ccsc21,0.29545454545454547,"Q2 [0.289,0.326)"
YXDDQNQFFDGCFF,O=C(Nc1c(C(=O)N2CCCCC2)[nH]c2ccccc12)c1ccccc1,0.29914529914529914,"Q2 [0.289,0.326)"
LWYJYNXQBBZLKF,O=c1cc(CN2CCCCC2)c2ccccc2o1,0.3020833333333333,"Q2 [0.289,0.326)"
CEXHIAUUEJDSRO,O=c1oc(=O)n(Cc2ccccc2)c2ccccc12,0.3815789473684211,"Q4 [0.371,1.000)"
MRDHINXMPHLEMU,O=c1cc(N2CCCCC2)cnn1-c1ccccn1,0.3132530120481928,"Q2 [0.289,0.326)"
SWTPGOWCTFLPIB,c1ccc(OCC2CCCN(Cc3cnc[nH]3)C2)nc1,0.2823529411764706,"Q1 [0.000,0.289)"
RHZGRIFZZUFRNF,O=C1CCCc2ccsc21,0.3493975903614458,"Q3 [0.326,0.371)"
YLCIMXHBQGOWEZ,O=C(CS(=O)(=O)c1cccs1)Nc1ccccc1,0.43037974683544306,"Q4 [0.371,1.000)"
SEFOZLUGDXSNAL,O=C(NCc1cc2ccccc2[nH]1)c1ccc(COc2ccccc2)o1,0.3786407766990291,"Q4 [0.371,1.000)"
GNASHUJXPMQFFB,O=C(C1=NN(c2ccccc2)C2(SCC(=O)N2c2ccccc2)S1)c1cccs1,0.37272727272727274,"Q4 [0.371,1.000)"
PPMXRTDASFJQDV,O=c1c2ccccc2nc(-c2cncs2)n1-c1ccccc1,0.3269230769230769,"Q3 [0.326,0.371)"
BPVYBTSHATYFLX,O=C1c2oc3ccccc3c(=O)c2C(c2ccccc2)N1CC1CCCO1,0.3253968253968254,"Q2 [0.289,0.326)"
WEYJQZZTHMPTFU,c1nc2ccc(Nc3nc(N4CCCC4)nc(N4CCCC4)n3)cc2s1,0.2846153846153846,"Q1 [0.000,0.289)"
LEEKCYRUTITOHF,O=C1CC(c2ccccc2)c2c(ccc3ccccc23)N1,0.35353535353535354,"Q3 [0.326,0.371)"
MVOHPGZSJOCAIS,O=C(NCC1CCC(c2nc3ccccc3[nH]2)CC1)C1CC1,0.2912621359223301,"Q2 [0.289,0.326)"
XQQILRXMZICPMS,O=C(CCn1cccn1)Nc1ccccc1,0.32,"Q2 [0.289,0.326)"
GVCQUWINIMCEQY,O=S(=O)(c1cnc2scnn12)N1CCSCC1,0.2396694214876033,"Q1 [0.000,0.289)"
JZWMEOSWGGSEEF,O=C(c1ccsc1)N1CC(N2C(=O)C3CC=CCC3C2=O)C1,0.22857142857142856,"Q1 [0.000,0.289)"
GFFVEEGAUDORCT,O=C1NCc2c(n(-c3ccccc3)c(=O)[nH]c2=O)N1,0.24793388429752067,"Q1 [0.000,0.289)"
GIRHWLIBDCKYSB,O=C(NCCCNC(=O)c1cccs1)c1cc2ccccc2[nH]1,0.3418803418803419,"Q3 [0.326,0.371)"
RMYNHTNTNDZZBC,O=C1CN(CCc2ccco2)C=C1c1nc(-c2ccccc2)cs1,0.34951456310679613,"Q3 [0.326,0.371)"
YLZBQUPCPVNRSJ,O=C(c1ccn[nH]1)N1CCCC1c1ccccc1,0.3178294573643411,"Q2 [0.289,0.326)"
RTKFGZLYNHZAAP,c1csc(CN2CCNCC2)n1,0.25252525252525254,"Q1 [0.000,0.289)"
HTMDNZHOOCFPCJ,O=C(Cc1ccc2c(c1)OCO2)N(Cc1ccco1)c1nc2ccccc2s1,0.32450331125827814,"Q2 [0.289,0.326)"
YWTYOELWFDAXBU,O=S(=O)(N1CCCCC1)n1cccn1,0.22784810126582278,"Q1 [0.000,0.289)"
ODYRSOYMHZMRMK,O=C(Nc1ccccc1)c1ccc(C(=O)Nc2ccccc2)nc1,0.3416666666666667,"Q3 [0.326,0.371)"
CUYGTWRDESNGJA,O=C(Nc1ccc2c(c1)OCO2)c1cc2cccnc2s1,0.3046875,"Q2 [0.289,0.326)"
YGMMGMBRBMIVOX,O=C(Nc1cnc(N2CCCC2)nc1)c1cncs1,0.22131147540983606,"Q1 [0.000,0.289)"
FQXVURCPBQKOQS,O=C(Oc1ccc2c(c1)C=CCN2)c1ccccc1,0.5211267605633803,"Q4 [0.371,1.000)"
VOZGFJWJNAHGOO,O=C(CSc1nc(=O)cc[nH]1)N1CCCC1,0.2714285714285714,"Q1 [0.000,0.289)"
GZRFYVHDBWOCFN,O=C(NCc1cccnc1)C1CCc2nc[nH]c2C1,0.2524271844660194,"Q1 [0.000,0.289)"
DJVURJSKRPFLKP,O=C1CC2(C(=O)NCCCCCNC(=O)C34CCC(C3)C(=O)C4)CCC1C2,0.22142857142857142,"Q1 [0.000,0.289)"
PWTVNPSJZORKFM,O=C1CC(c2cccc3ccccc23)Sc2nc(-c3ccccc3)nn21,0.4946236559139785,"Q4 [0.371,1.000)"
OJIKZAZAAZLNQR,c1ccc(-c2cnn3c(N4CCCC4)ccnc23)cc1,0.35051546391752575,"Q3 [0.326,0.371)"
CTISDXBSPUOFGL,O=C(Oc1ccccc1C(=S)N1CCCC1)c1ccccc1,0.3563218390804598,"Q3 [0.326,0.371)"
DMZZZEKBJJEREF,O=C(NN=C(c1ccccc1)c1cccnc1)c1ccccc1,0.422680412371134,"Q4 [0.371,1.000)"
BMGYHDKVXDBYCJ,O=S(=O)(Nc1cc(-c2ccoc2)no1)c1ccc2c(c1)CCC2,0.3411764705882353,"Q3 [0.326,0.371)"
ARYOWHQNZGHTHQ,O=C(c1cc(-c2ccccn2)ns1)N1CCCCC1,0.26666666666666666,"Q1 [0.000,0.289)"
OHGJJHGCYLOBMP,O=C(Nc1ccccc1)c1cccn1Cc1ncon1,0.32608695652173914,"Q3 [0.326,0.371)"
ZNHNLDGNTPXBIL,c1ccc(COc2cccc3ccc(N4CCOCC4)nc23)cc1,0.36036036036036034,"Q3 [0.326,0.371)"
PBMQTGVBSHLVPP,O=C(Cc1nncs1)NN=Cc1ccccc1OCc1ccccc1,0.375,"Q4 [0.371,1.000)"
NDMWRVJGOOVCTJ,O=C(NCc1nc2ccccc2[nH]1)c1ccco1,0.33653846153846156,"Q3 [0.326,0.371)"
XKWRTBPCXCDBGB,O=c1cnnc2n1CCN2c1ccccc1,0.3020833333333333,"Q2 [0.289,0.326)"
UDGSCPSIPPVQKX,O=C(OCC#CCSc1nncs1)c1ccccc1,0.2891566265060241,"Q1 [0.000,0.289)"
LRBCFMXOLFSSPM,O=c1[nH]c(=O)c2[nH]c(CN3CCOCC3)nc2[nH]1,0.3472222222222222,"Q3 [0.326,0.371)"
YULNNBNLXXXJSG,c1nc(N2CCNCC2)c2c3c(sc2n1)CCCC3,0.24347826086956523,"Q1 [0.000,0.289)"
SMTZUSYKUZIIFD,O=C(CCSCCC(=O)NC1CCCC1)NC1CCCC1,0.4794520547945205,"Q4 [0.371,1.000)"
SZCJAAMDHVDIEZ,c1ccc(OCC2CCOCC2)nc1,0.27956989247311825,"Q1 [0.000,0.289)"
GMVHRDROQSLMAL,c1ccc(-c2ccc(N3CC(NCc4nnco4)C3)nn2)cc1,0.3170731707317073,"Q2 [0.289,0.326)"
BEFNRRBFXFFBDN,O=C(Nc1cnn(CC2CCCCO2)c1)c1ccc2[nH]ccc2c1,0.28440366972477066,"Q1 [0.000,0.289)"
KFZUKRIIYKNSCD,O=C(Nc1ccc(SCCCC(=O)N2CCC(Cc3ccccc3)CC2)nn1)C1CC1,0.3401360544217687,"Q3 [0.326,0.371)"
VMRSSLNAYAZUQW,O=C(NCCn1ccn2nccc12)c1ccccc1,0.3958333333333333,"Q4 [0.371,1.000)"
KBOPSZXFFWSMPA,O=C(NC1CCN(c2nccs2)CC1)c1ccc2cc[nH]c2c1,0.32558139534883723,"Q3 [0.326,0.371)"
ISKFJUFXLZRJSF,O=C(Cn1c(=O)[nH]c(=O)c2sc(N3CCCC3)nc21)Nc1ccccc1,0.2962962962962963,"Q2 [0.289,0.326)"
UVAMVNMRZJAIJL,O=c1c2ccccc2ncn1C1CCCCC1,0.31645569620253167,"Q2 [0.289,0.326)"
AHHKLTZSMVVPOJ,O=C(Nc1nc(-c2ccccc2)cs1)C1CC2CCC1C2,0.28846153846153844,"Q1 [0.000,0.289)"
WNTGEKYUEOUZMM,O=C(CNc1cccc2ccccc12)Nc1ccccc1C(=O)N1CCOCC1,0.38095238095238093,"Q4 [0.371,1.000)"
JQGJUCXXEPKQPA,O=C(Cn1nc2[nH]c(=O)c3[nH]cc(-c4ccccc4)c3n2c1=O)Nc1ccccc1,0.3137254901960784,"Q2 [0.289,0.326)"
QFJHXVLSICWSIO,c1ccc(OCCOCCN2CCCCC2)cc1,0.3037974683544304,"Q2 [0.289,0.326)"
UOTAKPNQGXSUSO,O=C(NCc1ccccc1)NC1c2ccccc2CSc2ccccc21,0.3883495145631068,"Q4 [0.371,1.000)"
BEWARSODUHVIJR,O=C(NC1C(=O)Nc2c1c(=O)[nH]c(=O)n2-c1ccccc1)c1cccs1,0.2982456140350877,"Q2 [0.289,0.326)"
PWYDRUBBDQAQAN,c1ccc2c(N3CCCC(c4nnco4)C3)ncnc2c1,0.25925925925925924,"Q1 [0.000,0.289)"
NFXHDGUSRUCMFG,O=C(NCCOc1ccccc1)C1CCC(Cn2cnnn2)CC1,0.34615384615384615,"Q3 [0.326,0.371)"
DRYIAVXDCKJWJW,O=C(CC1CCCC1)Nc1c(C(=O)Nc2ccc3c(c2)OCO3)oc2ccccc12,0.36363636363636365,"Q3 [0.326,0.371)"
BIQABKFYKJRXII,c1ccc(Nc2ncnc3cc(OC4CCOC4)ccc23)cc1,0.27205882352941174,"Q1 [0.000,0.289)"
NLZSMWXSSYKHLL,O=c1cccc(-c2ccncc2)n1-c1ccccc1,0.35,"Q3 [0.326,0.371)"
OAQKWMKKNKHXFL,O=C(COc1ccccc1)N1CCN(Cc2nnnn2-c2ccccc2)CC1,0.35833333333333334,"Q3 [0.326,0.371)"
PTCJEQBJDABWCV,O=C(COC(=O)c1ccncc1)c1ccccc1,0.40229885057471265,"Q4 [0.371,1.000)"
OFMGNMIHBOCNPW,O=C(Nc1ccon1)c1csc2ccccc12,0.42028985507246375,"Q4 [0.371,1.000)"
RBXQARZWLDXCMB,c1ccc(Oc2ccc(N3CCOCC3)cc2)nc1,0.5287356321839081,"Q4 [0.371,1.000)"
WXQBHXZMOGNBMQ,O=C(CCc1ccccc1)N1C2CCCC1CC2,0.375,"Q4 [0.371,1.000)"
RRLGJJHDSDWGRN,c1nnc(-c2ccc(OCCCNC3CCCCC3)cc2)o1,0.3625,"Q3 [0.326,0.371)"
DMPSWAJYIGQOCZ,c1ccc(Oc2ccc(-c3ccno3)o2)cc1,0.38613861386138615,"Q4 [0.371,1.000)"
XAXLBFXFAXUEMF,O=C(Cc1c[nH]c2ccccc12)Nc1n[nH]c(Cc2ccccc2)n1,0.3953488372093023,"Q4 [0.371,1.000)"
ZXUWBKGTBPRLBG,O=C1COc2ccc(S(=O)(=O)N3CCCc4ccccc43)cc2N1,0.26956521739130435,"Q1 [0.000,0.289)"
YOASGMBKDZGKTN,O=C(Nc1cnccn1)c1ccccc1,0.3333333333333333,"Q3 [0.326,0.371)"
QYSGVTJBNQYQRI,O=C(CN1CCOC(C(=O)N2CCOCC2)C1)NCc1ccccc1,0.29292929292929293,"Q2 [0.289,0.326)"
ANNLYINFXDULOD,C1=CCC(C2Nc3ccccc3-c3nncnc3O2)CC1,0.25274725274725274,"Q1 [0.000,0.289)"
JBEFQGWATYOTPL,O=c1ccn(-c2ccccc2)nc1-c1nc(-c2ccccc2)no1,0.3252032520325203,"Q2 [0.289,0.326)"
PYWFUMYQCCIDME,O=C1C2C(C(=O)N1c1ccccc1)C1C=CC2C12CC2c1ccccc1,0.3394495412844037,"Q3 [0.326,0.371)"
SMQMZLBFQCZIKU,O=C(NC(=S)N1CCCC1)c1ccccc1,0.3176470588235294,"Q2 [0.289,0.326)"
GXNJYRPXEMKQMP,O=C(Nc1ccccc1)c1cc2c(N3CCN(c4ccccn4)CC3)ncnc2s1,0.38016528925619836,"Q4 [0.371,1.000)"
UACYWOJLWBDSHG,O=C1NCNC1Cc1ccccc1,0.39622641509433965,"Q4 [0.371,1.000)"
HNAYXCYPZAVRKD,O=C(CCn1cccc1)Nc1ccc2[nH]cnc2c1,0.2857142857142857,"Q1 [0.000,0.289)"
LWXWKPAZKMJLBV,c1ccc2cc(CN3CCN(c4ccncn4)CC3)ccc2c1,0.4329896907216495,"Q4 [0.371,1.000)"
MYHCNGGUPXHGNB,O=c1[nH]c(=O)c2[nH]c(CN3CCOCC3)nc2[nH]1,0.2536231884057971,"Q1 [0.000,0.289)"
OHCDKRKOHKXZND,O=C1CSCC(c2ccccc2)N1C1CCCCC1,0.3619047619047619,"Q3 [0.326,0.371)"
XCJUFEURDNOFPM,O=C(c1ccccc1)N1C=Cc2ccccc2C1,0.4725274725274725,"Q4 [0.371,1.000)"
CSRPEPGWWOCGHD,O=S(=O)(c1cccc2nsnc12)N1CCCC1,0.2803738317757009,"Q1 [0.000,0.289)"
JDNHXYJXBQDEIN,O=C(NC1CCOCC1)N1CCC(c2nnc3ccc(C4CC4)nn23)CC1,0.25892857142857145,"Q1 [0.000,0.289)"
HDFOJOGOGNEAQK,O=S(=O)(Cc1ccccc1)N1CCCC(Oc2ncccn2)C1,0.29914529914529914,"Q2 [0.289,0.326)"
GATVZTLSUQXUKB,O=C(Cc1ccccc1)N1CCc2c[nH]c3cccc(c23)C1,0.32608695652173914,"Q3 [0.326,0.371)"
CISYJEWXIWQKHF,O=c1[nH]cnc2ccsc12,0.28431372549019607,"Q1 [0.000,0.289)"
GSDAKEUKYUOHFK,O=C1NC(CN2CCSCC2)=CC(c2ccccc2)N1,0.31521739130434784,"Q2 [0.289,0.326)"
WTASGMXSUSQIDW,O=C(Cc1ccccc1)Nc1ccc2c(c1)NCC2,0.36538461538461536,"Q3 [0.326,0.371)"
HPKDIVGHRACVSO,O=C(c1cc(-c2ccccc2)nc2c1cnn2C1CCS(=O)(=O)C1)N1CCOCC1,0.3053435114503817,"Q2 [0.289,0.326)"
YULXRWSJEXMKJT,O=c1[nH]cnc2c1cnn2-c1ccccc1,0.3488372093023256,"Q3 [0.326,0.371)"
FMYJVJLXBHHVBQ,O=C1Cc2ccccc2N1C(=O)Nc1cncnc1,0.30952380952380953,"Q2 [0.289,0.326)"
BKKQIXBRHYWSLP,c1cc(N2CCOCC2)ncn1,0.2711864406779661,"Q1 [0.000,0.289)"
YZNKAENTMIUBSX,O=C(NCc1cc(=O)[nH]c2ccccc12)c1ccc(-c2ccccc2)o1,0.3786407766990291,"Q4 [0.371,1.000)"
NWCPJOJEORGDHE,c1ccc2c(c1)CCOC2,0.2926829268292683,"Q2 [0.289,0.326)"
SNLRDRSLPRZTIZ,O=c1c2cc(-c3ccccc3)nn2ccn1Cc1ccccc1,0.3884297520661157,"Q4 [0.371,1.000)"
XMFISXJBZQTOEQ,O=C(NCc1cccnc1-c1ccco1)c1nc2ncccn2n1,0.3111111111111111,"Q2 [0.289,0.326)"
NCUYBIHBIFAOKJ,O=S(=O)(c1ccccc1)c1nnn2c1nc(NCC1CCCO1)c1ccccc12,0.2833333333333333,"Q1 [0.000,0.289)"
AAEAWLCVAIUTBJ,c1ccc(OCCSc2ccccn2)cc1,0.3125,"Q2 [0.289,0.326)"
CMCOEZJZJZCHTH,c1ccc(COc2ccsn2)cc1,0.23076923076923078,"Q1 [0.000,0.289)"
GYRIZDKHZLECIY,O=C(COc1ccccc1)NCc1ccncn1,0.3434343434343434,"Q3 [0.326,0.371)"
ZRYZTHIQADPEPN,O=C(c1ccccc1)N1CCCC1,0.3333333333333333,"Q3 [0.326,0.371)"
GSOVRGLMSAREJV,O=C(CSC1CCCCC1)OCC(=O)c1ccccc1,0.375,"Q4 [0.371,1.000)"
OGAZOYHQFBSRMC,c1ccc(-c2nccs2)cc1,0.3130434782608696,"Q2 [0.289,0.326)"
MYXJYUBURDHRQA,O=C(Nc1ccno1)c1ccnc(OCC2CC2)c1,0.3541666666666667,"Q3 [0.326,0.371)"
HFFUYZDZNGKEQM,c1ccc(-n2nnnc2Sc2ccc3ccccc3n2)cc1,0.3375,"Q3 [0.326,0.371)"
LCEIJXHYLMTOLK,O=C(c1ccccc1)N1CCCN(C2CCOC2)CC1,0.30985915492957744,"Q2 [0.289,0.326)"
JBLRWNJVIUAZQK,O=S1(=O)Nc2ccccc2-c2ncncc21,0.3047619047619048,"Q2 [0.289,0.326)"
SIEZDNBUOZVIKM,O=C(NCC1CCCc2ccccc21)c1ccc(-c2ccsc2)cc1,0.3274336283185841,"Q3 [0.326,0.371)"
ALNNNZJVXPGRQY,c1ccc(-n2nnnc2N2CCNCC2)cc1,0.313953488372093,"Q2 [0.289,0.326)"
VAVDNLBVNPSPQR,O=C(NN=Cc1ccccc1OC(=O)c1ccco1)c1cc[nH]n1,0.32673267326732675,"Q3 [0.326,0.371)"
IZWODZOIEQGOES,C(=NNc1ccccn1)c1ccccc1OCc1ccccc1,0.3217391304347826,"Q2 [0.289,0.326)"
UEELWYQTDQJGBO,O=C(Nc1cc2c(s1)CCCC2)c1cc2nc(-c3ccccc3)ccn2n1,0.3076923076923077,"Q2 [0.289,0.326)"
KNNWIDCRHYCRLT,O=C(NCc1ccco1)c1ccc2c(=O)n(-c3ccccc3)cnc2c1,0.3391304347826087,"Q3 [0.326,0.371)"
NZTHTMTXMPHHEA,O=C(CCC(=O)c1ccccc1)OCC(=O)c1ccc2c(c1)OCCO2,0.3308270676691729,"Q3 [0.326,0.371)"
XOFQZRHSQYPCGN,O=C1CSc2ccc(S(=O)(=O)N3CCC(C(=O)NC4CC4)CC3)cc2N1,0.28846153846153844,"Q1 [0.000,0.289)"
WXONZMKAOXKLKH,C(=NCCN=Cc1ccccc1)c1ccccc1,0.35365853658536583,"Q3 [0.326,0.371)"
MKWHBPHFQMECSW,O=C(NCc1ccccc1)c1cn(-c2ccccc2)nn1,0.40540540540540543,"Q4 [0.371,1.000)"
QYFSIFHGFLTIFL,c1ccc(-c2cn3ccsc3n2)cc1,0.29896907216494845,"Q2 [0.289,0.326)"
SWHIVSUFNKSRKF,O=C1NC(c2ccccc2)=NC12CCNCC2,0.30612244897959184,"Q2 [0.289,0.326)"
IGNXSFJWJOTUGO,O=C(CC1NCCNC1=O)NN=Cc1cn[nH]c1,0.24719101123595505,"Q1 [0.000,0.289)"
ZYBCEXIHUJBJFP,O=C(c1ccccc1)N1CCC(n2ccnn2)CC1,0.2719298245614035,"Q1 [0.000,0.289)"
LSDZXEJZIYIEDZ,c1ccc(-c2ccnc3sc4cncnc4c23)cc1,0.3023255813953488,"Q2 [0.289,0.326)"
QFVBCVIDAINDJL,O=C1OC2(C(=O)N3CCCc4ccccc43)CCC1C2,0.31868131868131866,"Q2 [0.289,0.326)"
DOUZNGPWZZDEGR,O=C(c1ccc(-n2ccnc2)nn1)N(Cc1ccccc1)c1ccccn1,0.35398230088495575,"Q3 [0.326,0.371)"
KWQTVMGWDSSHKX,S=c1oc(CSc2ccnc(N3CCCC3)n2)nn1CN1CCCC1,0.21359223300970873,"Q1 [0.000,0.289)"
PAMMMKKGLCUKDZ,O=C(Nc1cc2c(s1)CCCC2)c1ccccc1,0.32608695652173914,"Q3 [0.326,0.371)"
FQGVLGXDSANUPW,c1ccc(-n2cc3c(-c4cccs4)nncc3n2)cc1,0.2980769230769231,"Q2 [0.289,0.326)"
UAIXOSYWFBODHZ,O=C(Cn1cccc1)NCCCn1ccc2ccccc21,0.3409090909090909,"Q3 [0.326,0.371)"
HFRYZYZRMDGKCL,c1nnc(CCCCc2nnco2)o1,0.21348314606741572,"Q1 [0.000,0.289)"
DSCPIHMNFFFJRM,O=c1c2[nH]c3ccccc3c2nc(SCc2ccccn2)n1-c1ccccc1,0.3486238532110092,"Q3 [0.326,0.371)"
XLHSVPSTHXJLFZ,O=C(Nc1ccc2c(c1)C(=O)NCC2)c1cc(-c2ccccc2)n[nH]1,0.3482142857142857,"Q3 [0.326,0.371)"
IWAOJJKXLSYCBM,O=c1[nH]c2ccccc2[nH]1,0.3119266055045872,"Q2 [0.289,0.326)"
CTLLOQNLEKGOGW,O=c1[nH]c2nc3n(c2c(=O)n1Cc1ccccc1)CCCN3c1ccccc1,0.28313253012048195,"Q1 [0.000,0.289)"
ZYGODCMDHLWMFK,c1ccc(Cn2cccc2-c2ncno2)cc1,0.28440366972477066,"Q1 [0.000,0.289)"
UGLIMKWMXVCHAO,O=C(NN1C(=O)c2ccccc2NC1c1ccc2c(c1)OCO2)c1ccncc1,0.359375,"Q3 [0.326,0.371)"
LLWDLGHJQJBYPB,O=C(NNS(=O)(=O)c1ccccc1)c1ccncc1,0.32142857142857145,"Q2 [0.289,0.326)"
JEVGLGIPRYACTJ,O=C(NCCSc1ccccc1)c1cccc(-n2cnnc2)c1,0.32323232323232326,"Q2 [0.289,0.326)"
LGRVTQRSFAJKGX,O=C(NCc1ccc2c(c1)CCCC2)c1ccccc1,0.336283185840708,"Q3 [0.326,0.371)"
KZWOOMIKFXXEQN,O=C(Nc1csc(-c2nnco2)c1)C1(c2ccccc2)CC1,0.3018867924528302,"Q2 [0.289,0.326)"
JEKJGFNNQZCDCT,O=C(CSc1ccccn1)NN=Cc1cccc(OC(=O)c2ccn[nH]2)c1,0.3153153153153153,"Q2 [0.289,0.326)"
GNZDDHNPMBWAEJ,O=C(Nc1ccn(Cc2ccccc2)n1)c1ccn[nH]1,0.3625,"Q3 [0.326,0.371)"
MLYWVWAFYGERKA,c1ccc(-c2cn3ccsc3n2)cc1,0.3010752688172043,"Q2 [0.289,0.326)"
VJQKCZDDMUESAS,O=C(NCc1ccco1)C1CCCN(c2nnc(N3CCCC3=O)s2)C1,0.24060150375939848,"Q1 [0.000,0.289)"
DMXGFDSGVSISBY,O=S(=O)(c1cccnc1)N1CCNCC1,0.34285714285714286,"Q3 [0.326,0.371)"
PDMSQJKBAMAEQE,c1ccc(CNc2ncnc3[nH]cnc23)cc1,0.2980769230769231,"Q2 [0.289,0.326)"
WLNVBPQBZOLGGN,O=C1c2cc3ccccc3nc2CN1c1ccccc1,0.42696629213483145,"Q4 [0.371,1.000)"
MHHFXMZMCYWCJQ,O=c1ccc2c(=O)n(C3CC3)c(=O)n(-c3ccccc3)c2[nH]1,0.2743362831858407,"Q1 [0.000,0.289)"
AHYDXWXIFHIGFL,O=c1c2sccc2n(Cc2ccccc2)c(=O)n1CC1CCCCC1,0.28846153846153844,"Q1 [0.000,0.289)"
LJSJIILQNGSAFD,O=C(CCCn1cccn1)NC1CCc2ccccc21,0.35454545454545455,"Q3 [0.326,0.371)"
GKTWLVVOULBRDU,c1ccc(Cc2cccc(C3CCCCO3)c2)cc1,0.3135593220338983,"Q2 [0.289,0.326)"
BDVDXNYOCBUMNP,c1cc(-c2ccc3nc[nH]c3c2)ncn1,0.28431372549019607,"Q1 [0.000,0.289)"
DNJLSGNTFNCKMH,O=S(=O)(Cc1nc2ccccc2nc1N1CCNCC1)c1ccccc1,0.3333333333333333,"Q3 [0.326,0.371)"
SVZXIEJDAKWINH,O=C(Nc1ccccc1)c1cnc(Nc2nc3ccccc3o2)nc1,0.3893805309734513,"Q4 [0.371,1.000)"
QWMYLPKXJLBOLP,c1ccc(-c2ccc3nccn3n2)cc1,0.308411214953271,"Q2 [0.289,0.326)"
PLNMMTCSZQTASX,O=C1OCC2C(COCc3ccccc3)CCCC12,0.2761904761904762,"Q1 [0.000,0.289)"
DIVDSYCVJBWLOB,O=c1[nH]cnc2c(-c3ccccc3)nsc12,0.2988505747126437,"Q2 [0.289,0.326)"
NIGFVSJQARITLT,O=C(Nc1cnn2ccc(N3CCCC3c3ccccc3)nc12)Oc1ccccc1,0.3359375,"Q3 [0.326,0.371)"
NVXQWEDMPXYSBV,O=C(NCCn1cccc1)c1ccc(N2CCCC2)cc1,0.3211009174311927,"Q2 [0.289,0.326)"
LZKGNEGEPUXPOU,O=S(=O)(c1ccc(Oc2ccccc2)cc1)N1CCC(N2CCCC2)CC1,0.2992125984251969,"Q2 [0.289,0.326)"
RTUWINGCZGTOEZ,c1ccc(C2Oc3ccccc3C3CC(c4ccco4)=NN32)cc1,0.36,"Q3 [0.326,0.371)"
FZKLZMTZBCWSGG,O=C(COC(=O)c1ccccc1)Nc1ccon1,0.32941176470588235,"Q3 [0.326,0.371)"
GLFGNHUMMQQQNN,O=C(CCCC(=O)NN=CC1CC=CCC1)NN=CC1CC=CCC1,0.18181818181818182,"Q1 [0.000,0.289)"
VUXVICJLLYFORC,O=C1CC(c2ccccc2)Oc2cc(OC3OCCCC3OC3CCCCO3)ccc21,0.31413612565445026,"Q2 [0.289,0.326)"
WEKCEGQSIIQPAQ,c1ccc(C2OCC3C(c4ccc(OC5CCCCO5)cc4)OCC23)cc1,0.4258064516129032,"Q4 [0.371,1.000)"
GGLFMIALTLLMEJ,O=C1C=C2C3CCCC3CCC2C2CCCCC12,0.296875,"Q2 [0.289,0.326)"
GNUBOQVVIAMPSG,c1cc2c3c(c1)COc1cccc(c1-3)CC2,0.3176470588235294,"Q2 [0.289,0.326)"
CLFOWTUGPBWLGH,__ACYCLIC__CLFOWTUGPBWLGH,0.25,"Q1 [0.000,0.289)"
RRCGNPRHZQPOOT,O=C1C=C2C3CCCC3CCC2C2CCCCC12,0.30158730158730157,"Q2 [0.289,0.326)"
FAXXHNWVMKTOFF,O=C(CCCCCCC=Cc1ccc2c(c1)OCO2)N1CCCCC1,0.5813953488372093,"Q4 [0.371,1.000)"
YTDNHMHONBWCBV,O=c1ccc2cccc(C3CO3)c2o1,0.39436619718309857,"Q4 [0.371,1.000)"
MFIXKYXSBNIMPX,O=c1c(OC2CCCC(COC3CC(OC4CCCCO4)CCO3)O2)c(-c2ccccc2)oc2ccccc12,0.3390804597701149,"Q3 [0.326,0.371)"
MFOVLHFTNQGRLH,O=C(OCc1ccc(OC2CCCCO2)cc1)c1ccccc1,0.4107142857142857,"Q4 [0.371,1.000)"
LFKQVVDFNHDYNK,O=C(C=Cc1ccccc1)OCC1CCCC(OCCc2ccccc2)O1,0.4122137404580153,"Q4 [0.371,1.000)"
ZWKMROYWCDFFDH,O=C1CCC(C(=O)Nc2ccccc2)O1,0.330188679245283,"Q3 [0.326,0.371)"
JJZBHTNQMXMCHH,__ACYCLIC__JJZBHTNQMXMCHH,0.3333333333333333,"Q3 [0.326,0.371)"
JCHWTVUGTSYUOL,O=C1C2=CC=CCC2Oc2ccccc21,0.3333333333333333,"Q3 [0.326,0.371)"
YLXVKDCXOBNAQO,O=c1c2ccccc2oc2cc(OC3CCCCO3)ccc12,0.4264705882352941,"Q4 [0.371,1.000)"
LRIXRCMMIFKCDB,O=C1CCOc2ccc3c(c21)NC(=O)C31CC2CC34CCCN3CC2(C1)NC4=O,0.24444444444444444,"Q1 [0.000,0.289)"
GPXPJKFETRLRAS,O=c1cccc(C=CC=CC=CC2CC3CCOC3O2)o1,0.23728813559322035,"Q1 [0.000,0.289)"
SFLVCICJLIKJKU,O=C(OCc1ccc(OC2CCCCO2)cc1)c1ccccc1,0.45985401459854014,"Q4 [0.371,1.000)"
QKPKGDDHOGIEOO,O=C1CC(c2ccccc2)Oc2ccc(C3CCCCO3)cc21,0.38596491228070173,"Q4 [0.371,1.000)"
LFRFNLMDZHTVHB,O=C1C=CCC1,0.2553191489361702,"Q1 [0.000,0.289)"
NMGVHLDIHNFGQB,O=c1c(OC2CCCC(COC3CC(OC4CCCCO4)CCO3)O2)c(-c2ccccc2)oc2ccccc12,0.2893401015228426,"Q2 [0.289,0.326)"
WHICJDPSYBJDEN,O=c1ccc2c(OCCCOC3CCCC(COC4CCCO4)O3)c3ccoc3cc2o1,0.35,"Q3 [0.326,0.371)"
PAIASCMUTMHGHU,O=C1OCC2Cc3c(cc4c(c3OC3CCCCO3)OCO4)C(c3ccccc3)C12,0.45098039215686275,"Q4 [0.371,1.000)"
DVLLGHPCJPEUHA,O=c1occcc1Cc1cccoc1=O,0.30864197530864196,"Q2 [0.289,0.326)"
QHZLMUACJMDIAE,__ACYCLIC__QHZLMUACJMDIAE,0.5432098765432098,"Q4 [0.371,1.000)"
KROVXXIIXUFKOO,O=C(C=Cc1ccc2oc(-c3ccccc3)c(C(=O)OCCc3ccccc3)c2c1)OCCc1ccccc1,0.2275449101796407,"Q1 [0.000,0.289)"
ZRZWBWPDBOVIGQ,O=C1NC2(Cc3cn(C45CC67SSC(NC6=O)C(=O)N7C4Nc4ccccc45)c4ccccc34)SSC1NC2=O,0.24675324675324675,"Q1 [0.000,0.289)"
KVODFZNXODDECO,O=c1c(OC2CCC(OC3CCCCO3)CO2)c(-c2ccccc2)oc2cc(OC3CCCCO3)ccc12,0.3352272727272727,"Q3 [0.326,0.371)"
RBFOMTAWEHHDSX,O=C(Oc1ccc(C(=O)Oc2ccccc2)c(OC2CCCCO2)c1)c1ccccc1,0.29896907216494845,"Q2 [0.289,0.326)"
DTHZYTRJZMDQLM,O=c1cccc(C=CC=CC=CC2CC3CCOC3O2)o1,0.23275862068965517,"Q1 [0.000,0.289)"
YXPVYQIMXPYFSF,O=C1C=C2C3CCCC3CCC2C2CCCCC12,0.29365079365079366,"Q2 [0.289,0.326)"
QFTPTUOKFIIFJH,O=C1CCC(C=CCOC2CCCCO2)CC1,0.3368421052631579,"Q3 [0.326,0.371)"
FCWYNTDTQPCVPG,C=C1CCC2CCCCC2C1COc1ccc2ccc(=O)oc2c1,0.2962962962962963,"Q2 [0.289,0.326)"
HUCNZRPYZDCCEF,O=C1OCC2Cc3c(cc4c(c3OC3CCCCO3)OCO4)C(c3ccccc3)C12,0.4129032258064516,"Q4 [0.371,1.000)"
MLMDACHSXKCQIF,c1ccc(C2CCCc3cc(OC4CCCCO4)ccc32)cc1,0.46,"Q4 [0.371,1.000)"
FNJRUYGFVNGXTL,O=C1CC(c2ccccc2)Oc2ccc(C3CCCCO3)cc21,0.33070866141732286,"Q3 [0.326,0.371)"
ONDWGDNAFRAXCN,c1ccc(C2OCC3C(c4ccc5c(c4)OCO5)OCC23)cc1,0.38524590163934425,"Q4 [0.371,1.000)"
TXCAFRVNHJUDMI,O=c1c(OC2OCCC2OC2CCCCO2)c(-c2ccccc2)oc2ccccc12,0.3496932515337423,"Q3 [0.326,0.371)"
KQBCIGPPRFLKLS,O=C1C=C2C3CCCC3CCC2C2CCCCC12,0.29838709677419356,"Q2 [0.289,0.326)"
IOJCAEBIAPRCCI,O=c1c2ccccc2oc2cc(OC3CCCCO3)ccc12,0.3695652173913043,"Q3 [0.326,0.371)"
NHKCCADZVLTPPO,O=C1CCC(=O)NCCCCCNC(=O)CCC(=O)NCCCCCNC(=O)CCC(=O)NCCCCCN1,0.2845528455284553,"Q1 [0.000,0.289)"
DFPMSGMNTNDNHN,O=C1CC(c2ccccc2)Oc2cc(OC3OCCCC3OC3CCCCO3)ccc21,0.34,"Q3 [0.326,0.371)"
ZUPASDOWHXCIHQ,O=c1c(OC2OCCC2OC2CCCCO2)c(-c2ccccc2)oc2ccccc12,0.3151515151515151,"Q2 [0.289,0.326)"
ABOPTWOWDLNBOE,O=c1ccc2cc(COC3CCCCO3)ccc2o1,0.37857142857142856,"Q4 [0.371,1.000)"
AODBEDTXATXPNK,O=C1CC(c2ccccc2)Oc2cc(OC3OCCCC3OC3CCCCO3)ccc21,0.36363636363636365,"Q3 [0.326,0.371)"
ZSKDVJYWOHBGNI,c1ccc(-c2cccc3ccccc23)cc1,0.2978723404255319,"Q2 [0.289,0.326)"
MZNNPGRTALKBID,__ACYCLIC__MZNNPGRTALKBID,0.2553191489361702,"Q1 [0.000,0.289)"
NEFQWEGQYZRALY,O=C1CC(c2ccccc2)Oc2cc(OC3OCCCC3OC3CCCCO3)ccc21,0.2777777777777778,"Q1 [0.000,0.289)"
OSFCFXQMAHURHU,O=C1CC(c2ccccc2)Oc2ccc(C3CCCCO3)cc21,0.32558139534883723,"Q3 [0.326,0.371)"
ABHHIGWFFMCQOC,O=C1CCC(=O)NCCCCCNC(=O)CCC(=O)NCCCCCNC(=O)CCC(=O)NCCCCCN1,0.2892561983471074,"Q2 [0.289,0.326)"
GXUYGLKNAQMTRM,O=C1C=C2C=CN(CCCCN3C=CC4=CC(=O)CC(=O)C4=C3)C=C2C(=O)C1,0.20689655172413793,"Q1 [0.000,0.289)"
MQMTVWHXCSRCER,O=c1c(OC2CCCC(COC3CC(OC4CCCCO4)CCO3)O2)c(-c2ccccc2)oc2ccccc12,0.2923076923076923,"Q2 [0.289,0.326)"
UZTIVCFCYPWFAA,O=C(CCCCCCCc1ccccc1)Oc1ccccc1,0.4108527131782946,"Q4 [0.371,1.000)"
DQBXBQIOPVLJEV,__ACYCLIC__DQBXBQIOPVLJEV,0.3492063492063492,"Q3 [0.326,0.371)"
MTQVPZUZBBTLNO,O=c1c2ccccc2oc2ccc(C3CCCCO3)cc12,0.34959349593495936,"Q3 [0.326,0.371)"
QXRUNNQSVHTDBO,O=c1c(-c2ccccc2)coc2cc3c(cc12)C=CC(COC1CCCC(COC2CCCCO2)O1)O3,0.3125,"Q2 [0.289,0.326)"
URBFANMWRODMRT,O=C(Oc1ccc(C(=O)Oc2ccccc2)c(OC2CCCCO2)c1)c1ccccc1,0.37222222222222223,"Q4 [0.371,1.000)"
MQFYOYGIGPVWSJ,__ACYCLIC__MQFYOYGIGPVWSJ,0.29411764705882354,"Q2 [0.289,0.326)"
NTDLXWMIWOECHG,O=c1cc(-c2ccccc2)oc2cc(OC3OCCCC3OC3CCCO3)ccc12,0.3237410071942446,"Q2 [0.289,0.326)"
WWSNSDWQADMAJB,O=c1c(-c2ccccc2)coc2cc(OC3CCCC(COC4CCCCO4)O3)ccc12,0.4583333333333333,"Q4 [0.371,1.000)"
NJYYDRBRLSOFNG,__ACYCLIC__NJYYDRBRLSOFNG,0.26136363636363635,"Q1 [0.000,0.289)"
FSYVGCMCWALMCX,O=C1C=CCC2OC12,0.23958333333333334,"Q1 [0.000,0.289)"
LJONQULKOKMKBR,O=C1CNC(=O)c2ccccc2N1,0.3333333333333333,"Q3 [0.326,0.371)"
UPEZCKBFRMILAV,O=C1C=C2C3CCCC3CCC2C2CCCCC12,0.30327868852459017,"Q2 [0.289,0.326)"
IJRBORPEVKCEQD,O=C1C=C2C3CCCC3CCC2C2CCCCC12,0.29365079365079366,"Q2 [0.289,0.326)"
LIANLIDDEFJTSX,O=C(OCC1CCC(OC(=O)c2ccccc2)C(Oc2ccccc2)O1)c1ccccc1,0.3184713375796178,"Q2 [0.289,0.326)"
NXVJTGLCCSFGAT,O=C1OCC2C(OC3CCCCO3)c3cc4c(cc3C(c3ccccc3)C12)OCO4,0.432258064516129,"Q4 [0.371,1.000)"
NLFUQHCGODFTIB,C1=C(C2CCC3C4CCC(COC5CCCCO5)OC4CCC23)CCC2OC(COC3CCCCO3)CCC12,0.31666666666666665,"Q2 [0.289,0.326)"
XDHNQDDQEHDUTM,O=C1C=CC=CCCCCC=CC=CCC(CCCC2CCCCO2)O1,0.29107981220657275,"Q2 [0.289,0.326)"
HOMCMRVLJZABGH,O=C1C=C2CCCC3CCCCC23O1,0.30434782608695654,"Q2 [0.289,0.326)"
DORFFLQTHPKFDY,c1cc(CCC2CCCC3C2CCCC32CO2)co1,0.29906542056074764,"Q2 [0.289,0.326)"
RBEATXBLUJTDQZ,O=C1OC(c2ccoc2)CC2C1CCC1CCCCC12,0.3402061855670103,"Q3 [0.326,0.371)"
LUNCZNVVYHFMOQ,C=C1CC2CCCCC2CC1=O,0.2903225806451613,"Q2 [0.289,0.326)"
OWGURJWJHWYCIQ,C1=C2CCCC(OC3OCCCC3OC3CCCCO3)C2C2CCC3C4CC5(CCCCO5)OC4CC3C2C1,0.6358381502890174,"Q4 [0.371,1.000)"
WVSSNUZLIYYGTF,O=C1CC(=O)C2C1C=CC1C2CCC2CC3CCC21C(=O)O3,0.296875,"Q2 [0.289,0.326)"
ARPKCZZZMDEOIF,c1ccc(C2OCC3C(c4ccc(OC5CCCCO5)cc4)OCC23)cc1,0.43506493506493504,"Q4 [0.371,1.000)"
IBQVOWQTGYYRJP,c1ccc(C2OCC3C(c4ccc(OC5CCCCO5)cc4)OCC23)cc1,0.40522875816993464,"Q4 [0.371,1.000)"
SZSNPNCTSHASFJ,O=C1CC2CCC3CC4OC4C4(CO4)C3C2O1,0.2818181818181818,"Q1 [0.000,0.289)"
DVFXEUYOOYUTOA,O=C1C=C(C2=CCC34OC35CCC3CC(OC6CCC(OC7CCCC(COC8CCCCO8)O7)CO6)CCC3C5CCC24)CO1,0.42790697674418604,"Q4 [0.371,1.000)"
BIGBTKXKWUHWLH,O=C1C=CCCOC(=O)CCCC(=O)C=CC1,0.25688073394495414,"Q1 [0.000,0.289)"
UTGBBPSEQPITLF,O=C1C=CC2CC=CCCCC=CCCC=CCC12,0.2727272727272727,"Q1 [0.000,0.289)"
SPAOQMDWHWSIOV,O=C1OC(=O)C2=C(CCCC2)C2CCCC=C12,0.25510204081632654,"Q1 [0.000,0.289)"
VQHYUBJDKHMCEY,O=C1CCC2C(CCC3C2CCC2C4CCCOC4CC23)C1,0.2892561983471074,"Q2 [0.289,0.326)"
VIKRIYAAOWJXCT,O=C1C2CC3c4ccccc4N4CCC34N2C(=O)C2=Cc3c([nH]c4ccccc34)CC=CN12,0.2670157068062827,"Q1 [0.000,0.289)"
UTPBMRNHPNUBLT,c1ccc(C2OCC3C(c4ccc5c(c4)OCO5)OCC23)cc1,0.4083333333333333,"Q4 [0.371,1.000)"
JBSTZXRMJYWRCO,O=C(Oc1ccc(C(=O)Oc2ccccc2)c(OC2CCCCO2)c1)c1ccccc1,0.328125,"Q3 [0.326,0.371)"
JPLOCWOFCUFHBG,O=C(OC1C2C=COC(OC3CCCCO3)C2C2OC12)c1ccccc1,0.39072847682119205,"Q4 [0.371,1.000)"
GXQZOQHVBGNFHI,O=C1CCC2(COC(c3ccoc3)C2)C2CCCC3(CO3)C12,0.3474576271186441,"Q3 [0.326,0.371)"
AEBORMNUOJEQOL,O=C(C=Cc1ccccc1)OCC1CCCC(OC2OC=CC3CCCC32)O1,0.4028776978417266,"Q4 [0.371,1.000)"
FZLSSDKLGAXMGB,C1=CC2CC(C3CCCC4C3CCCC43CO3)OC2O1,0.325,"Q2 [0.289,0.326)"
KCXTUKOIUXREOJ,O=C(C=Cc1ccccc1)OCC(OC1CCCCO1)C(=O)OCc1ccc(OC2CCCCO2)cc1,0.378698224852071,"Q4 [0.371,1.000)"
QWDCJWDUPSTHHK,O=C1C=CCC1,0.24761904761904763,"Q1 [0.000,0.289)"
UPJBUABBBFMLGN,O=C1CC(=O)C2C1C=CC1C2CCC2CC3CCC21C(=O)O3,0.304,"Q2 [0.289,0.326)"
FLSPBPZSXFDRFE,C1CCC(OC2CCC(OC3CC4C(CCC5C6CC7(CCCCO7)OC6CC54)C4CCCCC34)OC2)OC1,0.5489130434782609,"Q4 [0.371,1.000)"
ASFSFFDVAZBZON,O=C1C=CCC1,0.34444444444444444,"Q3 [0.326,0.371)"
WBLTVUMJMJIOGQ,C1=CC2CCCC23CCCC13,0.2823529411764706,"Q1 [0.000,0.289)"
KEBWMOINOKSPFY,O=C(OC1CCC(OC2CCCCO2)CO1)C12CCCCC1C1=CCC3C4CCC(OC5CCCCO5)CC4CCC3C1CC2,0.4479638009049774,"Q4 [0.371,1.000)"
ZHXRWFOBROFZAC,c1cc2c(cc1OC1CCCCO1)OCC1c3cc4c(cc3OC21)OCO4,0.34459459459459457,"Q3 [0.326,0.371)"
MVTLXFDHKDVAIC,O=C(C=Cc1ccccc1)OCC12OC1CC1C=COC(OC3CCCCO3)C12,0.44360902255639095,"Q4 [0.371,1.000)"
CGZNTHDUAFIKOH,c1ccc(CCOC2OCCCC2OC2CCCCO2)cc1,0.4485981308411215,"Q4 [0.371,1.000)"
UXSACQOOWZMGSE,O=C(OC1C2C=COC(OC3CCCCO3)C2C2OC12)c1ccccc1,0.3770491803278688,"Q4 [0.371,1.000)"
WXCWCGGJYLUDJP,c1ccc2c(c1)oc1ccccc12,0.36585365853658536,"Q3 [0.326,0.371)"
HATJVFBKNDNVNS,C=C(Cc1ccc2c(c1)OCO2)NCC(=O)Cc1ccccc1,0.3220338983050847,"Q2 [0.289,0.326)"
SCOXWKWLFRIELY,O=C1CCCC=CCC2OC(=O)C=C2C1,0.28888888888888886,"Q1 [0.000,0.289)"
BPYRVOCFRMKMIP,O=C1C=C(C2CCC3C2CCC2C4CCC(OC5OCCCC5OC5CCCCO5)CC4=CCC23)CO1,0.5191256830601093,"Q4 [0.371,1.000)"
BUHZTPLXMFRPCK,O=C1CC2CCC=C3C(=O)C=C(COC4CCCCO4)C3C2O1,0.38,"Q4 [0.371,1.000)"
QKEJRKXVLGOJMB,O=C1CC2=CCC3C4CCCC4CC(=O)C3C2C=C1OC1CCCCO1,0.2784090909090909,"Q1 [0.000,0.289)"
GQLQVPZSTWXDBQ,c1ccc(C2OCC3C(c4ccc(OC5CCCCO5)cc4)OCC23)cc1,0.4105960264900662,"Q4 [0.371,1.000)"
VUKHFRDPHIDEAW,C1CCC2C(C1)CCC13CC(CCC21)C1OC13,0.30612244897959184,"Q2 [0.289,0.326)"
QLJNETOQFQXTLI,c1ccc(C2OCC3C(c4ccc(OC5CCCCO5)cc4)OCC23)cc1,0.4161073825503356,"Q4 [0.371,1.000)"
KDNJTHIKZATBIB,O=C(C=Cc1ccccc1)OC1CCCCO1,0.42592592592592593,"Q4 [0.371,1.000)"
OFPMGMVAOWDSRN,O=C(C=Cc1ccccc1)OCC1CCCC(OC=Cc2ccccc2)O1,0.4418604651162791,"Q4 [0.371,1.000)"
MTZOEZDNESUECO,O=C(C=Cc1ccccc1)OCC1CCCC(OCC=C2C=CCC2)O1,0.4496124031007752,"Q4 [0.371,1.000)"
DHHMFNAGLVIOCZ,O=C(C=Cc1ccccc1)OCC1CCCC(OC2OC=CC3CCCC32)O1,0.3313253012048193,"Q3 [0.326,0.371)"
WPPYDDRXZLFEFL,O=C(OC1CCCCO1)c1ccccc1C=Cc1ccccc1,0.38738738738738737,"Q4 [0.371,1.000)"
VGSYCWGXBYZLLE,c1cc2c(cc1OC1CCCCO1)OCC1c3cc4c(cc3OC21)OCO4,0.35555555555555557,"Q3 [0.326,0.371)"
NTAHMPNXQOYXSX,O=C(CC1CCCCO1)NCC=CC=CCCC1CCC(C=CC=CC=CC(=O)c2ccc[nH]c2=O)O1,0.20689655172413793,"Q1 [0.000,0.289)"
ZICGJBPBLVXOBM,O=C1C=C(C2CCC3C2CCC2C4CCCCC4=CCC23)CO1,0.5168539325842697,"Q4 [0.371,1.000)"
ZEMSXERQBUSFBA,O=C1CC2CCC=C3C(=O)C=C(COC4CCCCO4)C3C2O1,0.37254901960784315,"Q4 [0.371,1.000)"
WRIFWCQWEAILFB,O=C1NC(=S)C(=O)N2C1=CC1=COC=CC(OC(=O)c3cccc(Oc4ccccc4)c3)C12,0.2714285714285714,"Q1 [0.000,0.289)"
ZGVSETXHNHBTRK,C1=C2CC(OC3OCCC(OC4CCCCO4)C3OC3CCCCO3)CCC2C2CCC3C(CC4C3CC3CCCCN34)C2C1,0.6627218934911243,"Q4 [0.371,1.000)"
JWRQVQWBNRGGPK,O=C(C=Cc1ccccc1)OC1CCCCO1,0.45871559633027525,"Q4 [0.371,1.000)"
GOGZROZDRLVTLW,C=C1CCCC(=C)CCC2CCCC2CC1,0.3069306930693069,"Q2 [0.289,0.326)"
CNIWQELMLPUFOS,C1=CC2CC(C3CCCC4C3CCCC43CO3)OC2O1,0.3684210526315789,"Q3 [0.326,0.371)"
IQVNREJWRXOHEO,O=C1NC(Cc2cnc[nH]2)C(=O)N2C1CC1c3ccccc3NC12,0.5922330097087378,"Q4 [0.371,1.000)"
JYEDISZKFNNREA,O=C(C=Cc1ccccc1)N1CCCC1,0.543859649122807,"Q4 [0.371,1.000)"
KBTSKABIWIUJAS,C=C1CCC2C=COC(OC3OCCCC3OC(=O)c3ccccc3)C12,0.352,"Q3 [0.326,0.371)"
HVBQZYOWNDKXFI,C1=CC2CCCC23CCCC13,0.2638888888888889,"Q1 [0.000,0.289)"
GOHHRVCULPSXEU,O=C(OC1C2C=COC(OC3CCCCO3)C2C2OC12)c1ccccc1,0.36666666666666664,"Q3 [0.326,0.371)"
DYQKBALSPZQWQD,O=C1C=CC2C(CCC3Oc4ccc5c(c4CC32)CCOC5=O)C1,0.29878048780487804,"Q2 [0.289,0.326)"
BSSIFJHEGYUPRJ,c1ccc(CCOC2OCCCC2OC2CCCCO2)cc1,0.44144144144144143,"Q4 [0.371,1.000)"
SCIGYBYAZUFDLA,O=C(C=Cc1ccccc1)OCC12OC1CC1C=COC(OC3CCCCO3)C12,0.39705882352941174,"Q4 [0.371,1.000)"
OUGZTEBDFKLHPZ,O=C1C=C(C2CO2)CC2OC12,0.24691358024691357,"Q1 [0.000,0.289)"
BVEVSYQMQABMQM,C1COC(OCC2CCCC(OC3CC4CCC3C4)O2)C1,0.3384615384615385,"Q3 [0.326,0.371)"
VILHAYBRKKWZBQ,O=C1CCCC=CCC2OC(=O)C=C2C1,0.3076923076923077,"Q2 [0.289,0.326)"
PQBGHKAAUMZKEQ,O=c1oc(=O)c2c(c3c1=CCC1CCCCC31)C1CCCCC1CC=2,0.24786324786324787,"Q1 [0.000,0.289)"
DBUOUVZMYWYRRI,O=C(OC1C2C=COC(OC3CCCCO3)C2C2OC12)c1ccccc1,0.3146853146853147,"Q2 [0.289,0.326)"
GAXDEJOVNFLJRV,C1CCC(OC2CCCC(COC3CCCO3)O2)CC1,0.32051282051282054,"Q2 [0.289,0.326)"
IZODPOCIKVLNIL,C1=CC2CCOCC2C(OC2CCCCO2)O1,0.3467741935483871,"Q3 [0.326,0.371)"
RZEQCWOSRBVTLN,c1ccc(-c2ccc3c(c2)OCO3)cc1,0.34210526315789475,"Q3 [0.326,0.371)"
KGTUUJMNKKRNKR,O=C(OC1CCCCC1)c1ccccc1,0.4430379746835443,"Q4 [0.371,1.000)"
IJGMVUXEZUEDJR,C=C1CC2CCC3(CCCC13)C2,0.27906976744186046,"Q1 [0.000,0.289)"
YMQJHTKRVRGXTE,O=C(NC(Cc1ccccc1)C(=O)Nc1ccon1)c1ccccc1,0.4,"Q4 [0.371,1.000)"
QZPBQOJGSNLVTJ,c1ccc(Nc2nc(Nc3ccccc3)nc(N3CCOCC3)n2)cc1,0.3486238532110092,"Q3 [0.326,0.371)"
SBVIQLKIJUMPBB,O=C(COc1ccccc1)NC(c1ccccc1)c1c[nH]c2ccccc12,0.4032258064516129,"Q4 [0.371,1.000)"
NCWVNJSAIUKQEI,O=C(COc1ccccc1)NC(c1ccccc1)c1c[nH]c2ccccc12,0.4108527131782946,"Q4 [0.371,1.000)"
KINGFEMOZZAAML,c1ccc(-c2nccs2)cc1,0.3389830508474576,"Q3 [0.326,0.371)"
UILCZGGPKWRGOK,O=C(CCc1c[nH]c2ccccc12)N1CCN(S(=O)(=O)c2cccc3nonc23)CC1,0.325,"Q2 [0.289,0.326)"
XWPGRFLGDKRZRP,c1ccc(-c2nccs2)cc1,0.34234234234234234,"Q3 [0.326,0.371)"
NFLMBAJPCIVHSK,O=C(NC(Cc1ccccc1)C(=O)N1CCCCC1)C1CCCCC1,0.30158730158730157,"Q2 [0.289,0.326)"
SZLLQGPMXSWXHT,c1ccc(-c2nccs2)cc1,0.32323232323232326,"Q2 [0.289,0.326)"
ITLUQYSOARYKJW,O=C(NCCc1ccccc1)C1COc2ccccc2O1,0.43137254901960786,"Q4 [0.371,1.000)"
BZPSPRCKSLUNLL,c1ccc(Nc2nc(Nc3ccccc3)nc(N3CCOCC3)n2)cc1,0.31,"Q2 [0.289,0.326)"
DUHNHTWOZHQHFN,c1ccc(Nc2nc(Nc3ccccc3)nc(N3CCOCC3)n2)cc1,0.31896551724137934,"Q2 [0.289,0.326)"
QGLATJXOQRCZEY,c1ccc(Nc2nc(Nc3ccccc3)nc(N3CCOCC3)n2)cc1,0.2905982905982906,"Q2 [0.289,0.326)"
WJIBGQGZUDPSIU,O=C(COc1ccccc1)NC(c1ccccc1)c1c[nH]c2ccccc12,0.373015873015873,"Q4 [0.371,1.000)"
LQGXLJLESWOCEQ,O=C(COc1ccccc1)NC(c1ccccc1)c1c[nH]c2ccccc12,0.44,"Q4 [0.371,1.000)"
ZKOXYAAKBAHQBD,O=C(Cc1csc(-c2ccccc2)n1)NCCc1ccccc1,0.39655172413793105,"Q4 [0.371,1.000)"
BJTZZEBZJSIVGA,O=C(Cc1cc2cc3ccoc3cc2oc1=O)NCCc1c[nH]c2ccccc12,0.32061068702290074,"Q2 [0.289,0.326)"
UJFOTRYCLYBWQA,c1ccc(-c2nccs2)cc1,0.288135593220339,"Q1 [0.000,0.289)"
IEBKEYIXCRCZCT,O=C(NCCc1c[nH]c2ccccc12)C(c1ccccc1)c1ccccc1,0.5056179775280899,"Q4 [0.371,1.000)"
KSZPRUJKMRILRZ,O=C(NCCc1ccccc1)c1cccnc1,0.44086021505376344,"Q4 [0.371,1.000)"
ONVGESAVESPJHI,O=C(Nc1ccccc1Oc1ccccc1)c1ccccc1,0.45132743362831856,"Q4 [0.371,1.000)"
ROCGRKVFWHWBFA,O=C(NC(Cc1ccccc1)C(=O)Nc1ccon1)c1ccccc1,0.4,"Q4 [0.371,1.000)"
MAQUZRJCJTVXHO,c1ccc(Nc2nc(Nc3ccccc3)nc(N3CCOCC3)n2)cc1,0.30708661417322836,"Q2 [0.289,0.326)"
HSDKJHHHNHDKDS,O=C(Cc1csc(-c2ccccc2)n1)NCCc1ccccc1,0.43,"Q4 [0.371,1.000)"
SIZLWKXRZGPBFG,O=C(NCCc1ccccc1)C(c1ccccc1)n1cnnn1,0.43529411764705883,"Q4 [0.371,1.000)"
YYKPIROMFSWCPG,O=C(CC1NC(=O)c2ccccc2NC1=O)NCCc1c[nH]c2ccc(OCc3ccccc3)cc12,0.3448275862068966,"Q3 [0.326,0.371)"
ZVZYXODMIYOIQV,c1ccc2c(c1)CCNC2,0.3333333333333333,"Q3 [0.326,0.371)"
KNHMEPIOZGNWKQ,O=C(NCCc1ccccc1)C1CC(=O)N(c2n[nH]c3ccccc23)C1,0.3711340206185567,"Q4 [0.371,1.000)"
UHSBKUPXEBIWJA,O=C(NCCc1ccccc1)C(Cc1ccccc1)NC(=O)C12CC3CC(CC(C3)C1)C2,0.3181818181818182,"Q2 [0.289,0.326)"
XSZAOTWWOIYVJP,c1ccc(Nc2nc(Nc3ccccc3)nc(N3CCOCC3)n2)cc1,0.3333333333333333,"Q3 [0.326,0.371)"
ZBMUNASDLXOVJQ,O=C(NC(Cc1ccccc1)C(=O)NC1CC1)C1CCCCC1,0.3106796116504854,"Q2 [0.289,0.326)"
YBQVTWAORGPJPA,c1ccc2c(c1)CCNC2,0.3627450980392157,"Q3 [0.326,0.371)"
IFDOROCVHPBJQP,O=C1NC(=O)c2nccnc21,0.3048780487804878,"Q2 [0.289,0.326)"
WEDAXIBVRVTBOF,O=C(NCCc1c[nH]c2ccccc12)c1c[nH]c(=O)c2ccccc12,0.38181818181818183,"Q4 [0.371,1.000)"
BKNCDZFERPKIPA,c1ccc(-c2nccs2)cc1,0.3025210084033613,"Q2 [0.289,0.326)"
WGOJSLIWWSPMRS,O=C(CN1Cc2ccccc2C1=O)NCCc1c[nH]c2ccccc12,0.4782608695652174,"Q4 [0.371,1.000)"
ULDGVCOHLHVJQA,c1ccc(CN2CCN(c3ncc4cn[nH]c4n3)CC2)cc1,0.3416666666666667,"Q3 [0.326,0.371)"
UEKRAIRTUUNEFR,c1ccc(Nc2nc(Nc3ccccc3)nc(N3CCOCC3)n2)cc1,0.30701754385964913,"Q2 [0.289,0.326)"
ZOFWCEZQCXHZBE,O=C(Nc1ccc(NC2=NS(=O)(=O)c3ccccc32)cc1)c1ccccc1,0.411214953271028,"Q4 [0.371,1.000)"
WJDFWUVDGLRKRN,O=C(NC(Cc1ccccc1)C(=O)Nc1ccon1)c1ccccc1,0.4157303370786517,"Q4 [0.371,1.000)"
BLIJYYDMRNNJLZ,c1ccc(Nc2nc(Nc3ccccc3)nc(N3CCOCC3)n2)cc1,0.3442622950819672,"Q3 [0.326,0.371)"
HFNRXEJBQQCPRW,O=C(COc1ccccc1)NC(c1ccccc1)c1c[nH]c2ccccc12,0.3858267716535433,"Q4 [0.371,1.000)"
GRKLFFXYTMGEEM,c1ccc(-c2nccs2)cc1,0.3392857142857143,"Q3 [0.326,0.371)"
IDJNUCOSDLYMNB,O=C(CN1Cc2ccccc2C1=O)NCCc1c[nH]c2ccccc12,0.4943820224719101,"Q4 [0.371,1.000)"
DLOACPLYNCPRDL,O=C(Cc1csc(-c2ccccc2)n1)NCCc1ccccc1,0.4444444444444444,"Q4 [0.371,1.000)"
QQWIQRRKEOUHOX,O=C(CN1Cc2ccccc2C1=O)NCCc1c[nH]c2ccccc12,0.35714285714285715,"Q3 [0.326,0.371)"
ZFAZLKBSSWBGQY,O=C(NCCc1c[nH]c2ccccc12)C(Cn1cnnn1)c1ccccc1,0.3723404255319149,"Q4 [0.371,1.000)"
AINLQMYUCLAXPC,c1ccc(Nc2nc(Nc3ccccc3)nc(N3CCOCC3)n2)cc1,0.2647058823529412,"Q1 [0.000,0.289)"
FQNXFCUYEOEERI,O=C(NC(Cc1ccccc1)C(=O)Nc1ccon1)c1ccccc1,0.3786407766990291,"Q4 [0.371,1.000)"
PDFAESAAYUNARB,O=C(COc1ccccc1)NC(c1ccccc1)c1c[nH]c2ccccc12,0.3769230769230769,"Q4 [0.371,1.000)"
TXCPJTURHDXNRO,O=C(NCCc1c[nH]c2ccccc12)c1c[nH]c(=O)c2ccccc12,0.3925233644859813,"Q4 [0.371,1.000)"
ZTEAPRDBWLLMHX,O=C(Cc1csc(-c2ccccc2)n1)NCCc1ccccc1,0.40869565217391307,"Q4 [0.371,1.000)"
GUPDNGGAZSGPES,O=C(CN1Cc2ccccc2C1=O)NCCc1c[nH]c2ccccc12,0.40404040404040403,"Q4 [0.371,1.000)"
HOBWIDXOHSSCHB,O=C(Cc1csc(-c2ccccc2)n1)NCCc1ccccc1,0.45794392523364486,"Q4 [0.371,1.000)"
SISZTTCTWSIEMI,c1ccc(-c2nccs2)cc1,0.3008849557522124,"Q2 [0.289,0.326)"
KIOFFSGXUJZCOC,c1cc2nnnn2nc1N1CCCCC1,0.23655913978494625,"Q1 [0.000,0.289)"
XJYDYODGOSSMPJ,O=S1(=O)CC(NCCc2c[nH]c3ccccc23)C(S(=O)(=O)c2cccs2)C1,0.28688524590163933,"Q1 [0.000,0.289)"
JLNJISAVXHLNJO,O=C(COc1cccc2oc(=O)c3c(c12)CCC3)NCCc1ccccc1,0.3769230769230769,"Q4 [0.371,1.000)"
NSYWWICCUQGTRU,O=C(NC(Cc1ccccc1)C(=O)Nc1ccon1)c1ccccc1,0.375,"Q4 [0.371,1.000)"
SUAREUWTIOWSFF,c1ccc(-c2nccs2)cc1,0.3274336283185841,"Q3 [0.326,0.371)"
CANIJABCNRJCFR,O=C(COc1ccccc1)NC(c1ccccc1)c1c[nH]c2ccccc12,0.43902439024390244,"Q4 [0.371,1.000)"
HTBAKDWSXHLESP,O=C(COc1ccccc1)NC(c1ccccc1)c1c[nH]c2ccccc12,0.3769230769230769,"Q4 [0.371,1.000)"
NCZJOPZXPJTZSS,O=C(Cc1csc(-c2ccccc2)n1)NCCc1ccccc1,0.43119266055045874,"Q4 [0.371,1.000)"
GJYJIOCROWLPGM,c1ccc(-c2nccs2)cc1,0.2727272727272727,"Q1 [0.000,0.289)"
NUMIKWGNCAMJLR,c1nnnn1C1CCCCC1,0.29411764705882354,"Q2 [0.289,0.326)"
DJFAVSWKYYGECG,O=C(Cc1csc(-c2ccccc2)n1)NCCc1ccccc1,0.41284403669724773,"Q4 [0.371,1.000)"
VBYKAPAEQOTPJH,O=C(NCCc1ccccc1)C(c1ccccc1)n1cnnn1,0.3522727272727273,"Q3 [0.326,0.371)"
SRUZEJRSVQBMAC,c1ccc(-c2nccs2)cc1,0.36046511627906974,"Q3 [0.326,0.371)"
NQVCJGLGXXTPIM,O=C(CCc1ccc2[nH]cnc2c1)NCCc1ccccc1,0.3853211009174312,"Q4 [0.371,1.000)"
WZDIDEYNVACCCN,c1ccc(COc2ccc(-c3ncncc3Oc3ccccc3)cc2)cc1,0.3951612903225806,"Q4 [0.371,1.000)"
UQNMBQAEJAYXSC,O=C(NC(Cc1c[nH]c2ccccc12)c1nc2ccccc2[nH]1)c1ccccc1,0.408,"Q4 [0.371,1.000)"
SMYVNUCSIRQQNT,O=C(Nc1ccc(NC(=O)c2ccccc2)c2c1C(=O)c1ccccc1C2=O)c1ccccc1,0.3652173913043478,"Q3 [0.326,0.371)"
PWPDIWPYHVXCOS,O=C(COc1ccccc1)NC(c1ccccc1)c1c[nH]c2ccccc12,0.42063492063492064,"Q4 [0.371,1.000)"
MDNYWYNEAFPQAP,O=C(Cc1csc(-c2ccccc2)n1)NCCc1ccccc1,0.39473684210526316,"Q4 [0.371,1.000)"
ZXJCRQNIAHUJLI,c1nnnn1C1CCCCC1,0.24210526315789474,"Q1 [0.000,0.289)"
ZTYPJSDXXMPVDI,O=C(CN1Cc2ccccc2C1=O)NCCc1c[nH]c2ccccc12,0.3786407766990291,"Q4 [0.371,1.000)"
XFOGKMRWKRGZHQ,O=C(Cc1csc(-n2cccc2)n1)NC(c1ccccc1)c1nc2ccccc2[nH]1,0.33980582524271846,"Q3 [0.326,0.371)"
MSSBDBFFFOEGKG,O=c1oc2c(CNCCc3ccccc3)cccc2cc1Cc1ccccc1,0.39473684210526316,"Q4 [0.371,1.000)"
HCAHHDXHWSKTIG,O=C(CNC(=O)c1cnn(Cc2ccccc2)c1)Nc1ccccc1,0.45,"Q4 [0.371,1.000)"
RYTTVMXNOGCABD,c1ccc(CNCc2cscn2)cc1,0.36585365853658536,"Q3 [0.326,0.371)"
YNMSUTPNSQJLNM,O=C1CCCN1C1CCCN(c2nnco2)C1,0.4262295081967213,"Q4 [0.371,1.000)"
KJUDWTGREAVPQO,O=C(Cn1cccn1)N1CCCC1,0.2702702702702703,"Q1 [0.000,0.289)"
JXQXZOCVRFBKEV,O=C(c1ccccc1)N1CCCCC1,0.3103448275862069,"Q2 [0.289,0.326)"
CLZKGXAMIJVDJQ,O=S(=O)(c1ccsc1)N1CCCCC1,0.23655913978494625,"Q1 [0.000,0.289)"
VYTQMGLVODMYJZ,c1ccc(-c2ccsn2)cc1,0.37333333333333335,"Q4 [0.371,1.000)"
MRXYBNWYJSEECD,O=C(c1ccccc1)N1CCCC1,0.33783783783783783,"Q3 [0.326,0.371)"
FTLKPOLYGLKIGH,c1nc(N2CCNCC2)c2[nH]cnc2n1,0.30952380952380953,"Q2 [0.289,0.326)"
UJNQOWJVESHXJS,O=C(Cc1cc[nH]n1)NC1CCC(Cn2ccnc2-c2ccccc2)C1,0.3125,"Q2 [0.289,0.326)"
XLEWEJKLENBHKH,O=C(Nc1nc(-c2ccccc2)cs1)c1ccc(=O)[nH]c1,0.3522727272727273,"Q3 [0.326,0.371)"
NKEYEJANHKZGMD,O=C(c1ccccc1)N1CCCCC1,0.34,"Q3 [0.326,0.371)"
FPDAQWBCINVSSI,O=C(C1CCCC1)N1CC2CCC2(Nc2nc3ccccc3o2)C1,0.422680412371134,"Q4 [0.371,1.000)"
FXIJEDVTBHYQIG,O=C(Nc1ncc(C2COC2)s1)C1CNC1,0.20618556701030927,"Q1 [0.000,0.289)"
DHDWZBPDNSOEAC,O=C(NCCc1csc(-c2ccccc2)n1)c1ccn[nH]1,0.32926829268292684,"Q3 [0.326,0.371)"
AYUVKDGMAHKRNS,O=C(NCCc1coc(-c2ccccc2)n1)c1n[nH]c2c1CCC2,0.2746478873239437,"Q1 [0.000,0.289)"
PWFSTMHAAVYUGJ,O=C(Nc1cc(C2CCCOC2)n[nH]1)c1nccn2ccnc12,0.24786324786324787,"Q1 [0.000,0.289)"
XRTWTAUQLRKPEK,c1ccc(N2CCCCC2)nc1,0.25842696629213485,"Q1 [0.000,0.289)"
LTHXGNXJJLRJJL,O=C(NCc1cn[nH]c1)C1CCCN1C(=O)c1ccccc1,0.3181818181818182,"Q2 [0.289,0.326)"
BPAPFECFDGWRBM,O=C(NCc1cccnc1)C1CC1C1CCCCC1,0.2988505747126437,"Q2 [0.289,0.326)"
NEHBRGTVJFMOBN,O=C(CN1CCCC1=O)Nc1cc(-c2ccccc2)[nH]n1,0.29069767441860467,"Q2 [0.289,0.326)"
QRIRAHOBJHBARY,O=C1NCC2C1CCCN2C(=O)Cn1c(=O)[nH]c2ccccc21,0.3008849557522124,"Q2 [0.289,0.326)"
AGFSRICMGQSORU,O=C(c1ccccc1)N1CCCC1,0.3090909090909091,"Q2 [0.289,0.326)"
IGMBWAFONNTIHW,O=C1COC(C(=O)Nc2ccccc2)C(c2cn[nH]c2)N1,0.2803738317757009,"Q1 [0.000,0.289)"
SVMIVGQGKBJXOY,c1ccc(-n2ccnc2)cc1,0.3170731707317073,"Q2 [0.289,0.326)"
UBBSYLXGXDFTHB,O=C(c1ccccc1)N1CCCC1,0.34782608695652173,"Q3 [0.326,0.371)"
BAHRYPWKQVWLEU,O=C(c1ccc[nH]c1=O)N1CCN(c2ccccc2)CC1,0.35454545454545455,"Q3 [0.326,0.371)"
SXRBWLORSVDEPI,O=C(Nc1cn(Cc2ccncc2)nn1)c1ccco1,0.27184466019417475,"Q1 [0.000,0.289)"
RQRMHWFFNFNOOA,O=C(NS(=O)(=O)Cc1ccon1)C1CC2CCC1C2,0.22340425531914893,"Q1 [0.000,0.289)"
RXGIVLRQZLBCST,O=C(CCc1nc(-c2ccccc2)no1)NCC1CCCN1,0.32142857142857145,"Q2 [0.289,0.326)"
ZTWSBKVDAPQOIM,O=C(NC1CCCCNC1=O)c1cncnc1,0.2621359223300971,"Q1 [0.000,0.289)"
FMEAUVDFTIOPNT,O=C(c1cnn[nH]1)N1CCN(Cc2ccccc2)CC1,0.29213483146067415,"Q2 [0.289,0.326)"
QMTUTFOBRJJYIY,O=S(=O)(Cc1ccno1)NCc1ccccc1,0.26881720430107525,"Q1 [0.000,0.289)"
NSBAGZJQIQRUFH,O=C(NCC(=O)N1CCCCC1c1nnc(C2CCC2)o1)c1ccccc1,0.2866666666666667,"Q1 [0.000,0.289)"
UHEJGMXBKQGPMG,O=C(C1CCC(=O)N1Cc1ccccc1)N1CCCC1,0.31,"Q2 [0.289,0.326)"
XYQOTKLECWUHSD,O=C(NC1CCC(Cn2cccn2)C1)c1ccco1,0.26595744680851063,"Q1 [0.000,0.289)"
QGKQAMRGOOTUOC,O=C(CCn1cnc2sccc2c1=O)N1CCCC(c2cc[nH]n2)C1,0.23741007194244604,"Q1 [0.000,0.289)"
KRTZJBNEOABANV,O=C(NCc1ccccc1)C1CCN(C(=O)NCc2ccccc2)CC1,0.40350877192982454,"Q4 [0.371,1.000)"
LPUZZXQSQVJBSO,O=C(c1ccccn1)N1CCCCC1,0.2523364485981308,"Q1 [0.000,0.289)"
NMKFPZNYKUVKRW,O=C(NC1CCNCC1)C1(c2ccccc2)CC1,0.3372093023255814,"Q3 [0.326,0.371)"
QRRBZVZYPXITFF,O=C(Cc1c[nH]c2ccccc12)Nc1ccc2ocnc2c1,0.3557692307692308,"Q3 [0.326,0.371)"
SFVCXVAHXNACOT,c1ccc(N2CCCCC2)nc1,0.24175824175824176,"Q1 [0.000,0.289)"
LOKLECVIIUTMSI,O=C1CN(Cc2ccn(-c3ccccc3)n2)CCN1,0.3157894736842105,"Q2 [0.289,0.326)"
HMCCGQPJZOXYGJ,O=C(c1ccc2c(c1)CCC=C2)N1CCCCC1,0.2857142857142857,"Q1 [0.000,0.289)"
BHYRULOTBKGXQP,O=C1NC2c3ccccc3OC3(CCCS(=O)(=O)C23)N1,0.2823529411764706,"Q1 [0.000,0.289)"
QDHCWYGNJBDYRI,c1ccc2c(c1)CCC2Cc1nc(C2CCCN2)no1,0.30927835051546393,"Q2 [0.289,0.326)"
VJSMGTUYRNPTDX,O=C1CC(NC(=O)c2ccccc2)C(=O)N1,0.2717391304347826,"Q1 [0.000,0.289)"
NNPGEIAUUQNNRX,O=C(NC1CCc2ccccc21)c1cn[nH]c1-c1ccccc1,0.3655913978494624,"Q3 [0.326,0.371)"
KMCDYWPSNFJTJC,O=C(Nc1cn[nH]c1)C1(c2ccccc2)CCOCC1,0.3090909090909091,"Q2 [0.289,0.326)"
OCJQYADVYHGJHD,O=c1[nH][nH]c2c1CCN(Cc1ccccc1)C2,0.2976190476190476,"Q2 [0.289,0.326)"
PQURJMDEKHOQQI,c1csc(-c2ccc(N3CCCCC3)nn2)c1,0.26356589147286824,"Q1 [0.000,0.289)"
PDSKBSTTYHYDFP,c1ccc(-c2ccsn2)cc1,0.3333333333333333,"Q3 [0.326,0.371)"
YEAPYLFCLWTMFX,O=C(CNC(=O)c1ccccc1)NCc1cc(=O)[nH]c(=O)[nH]1,0.330188679245283,"Q3 [0.326,0.371)"
HZNNZCOMRCNLFV,O=C(NCC(=O)N1CCCCC1)c1ccco1,0.24786324786324787,"Q1 [0.000,0.289)"
IUDXDFAYIBJRKP,c1ccn2c(C3CCN(c4ccncc4)CC3)nnc2c1,0.2920353982300885,"Q2 [0.289,0.326)"
LTPPBGIQKMCBFH,O=C(C1COCCO1)N1CCNCC1,0.22535211267605634,"Q1 [0.000,0.289)"
HAZMJVPMKYRADM,O=C(NS(=O)(=O)N1CCc2ccccc21)c1cc(S(=O)(=O)N2CCOCC2)c[nH]1,0.2608695652173913,"Q1 [0.000,0.289)"
QVXOSDQHHDMOBG,O=C(Nc1ccccc1)C1CCc2ccccc2N1C(=O)C1CNc2ccccc2O1,0.3333333333333333,"Q3 [0.326,0.371)"
BRGIRQKGONPRHR,O=S(=O)(NC1CCc2ccccc21)c1cn[nH]c1,0.3118279569892473,"Q2 [0.289,0.326)"
AHWIQCNFNSWYFL,O=C(NCc1cn[nH]c1)N1CCCCC1,0.33766233766233766,"Q3 [0.326,0.371)"
OLOCSUDWWVHVQT,O=C(c1[nH]ccc1C1CC1)N(Cc1ccccc1)C1CC1,0.32989690721649484,"Q3 [0.326,0.371)"
JKWSWRDYAOQWIX,O=C(c1ccccc1)N1CCC(c2n[nH]c(=O)o2)CC1,0.35514018691588783,"Q3 [0.326,0.371)"
AGPIXRKMZSNVNR,O=C1CC2(CCN(C(=O)CCc3cnn(-c4ccccc4)c3)C2)CN1,0.29213483146067415,"Q2 [0.289,0.326)"
FNEPINKQAWXVHE,O=C(NCC12CC1CCCO2)c1ccccc1,0.2692307692307692,"Q1 [0.000,0.289)"
UNIBAJODRAQYHR,O=S(=O)(NCCc1ccccc1)N1CCCCC1,0.3563218390804598,"Q3 [0.326,0.371)"
HZWMKSCRTBIEFR,O=C(CCn1cccn1)N1CCCC1,0.26666666666666666,"Q1 [0.000,0.289)"
XJVCJDZEPJMPCM,O=C(Nc1ccncn1)N1CCCC1c1ccccc1,0.3106796116504854,"Q2 [0.289,0.326)"
BNYNZCZTDNJXBZ,O=C(NCc1cccnc1)Nc1cnc2[nH]ncc2c1,0.3063063063063063,"Q2 [0.289,0.326)"
OOUHPYHWSQCWAY,O=C(CC1(N2CCOCC2)CCCC1)N1C2C=C(c3ccn[nH]3)CC1CC2,0.2564102564102564,"Q1 [0.000,0.289)"
YHICNCJBGLOMHC,c1cnc2c(c1)cnn2Cc1nc(C2CCCCC2)no1,0.23655913978494625,"Q1 [0.000,0.289)"
CBODIOAWUBWKOJ,O=S(=O)(Nc1cnn2c1CCCC2)c1ccccc1,0.32954545454545453,"Q3 [0.326,0.371)"
NVFQNIMZICTJIK,O=C(NC1CCN(c2ccccc2)C1=O)c1onc2c1CCCC2,0.38095238095238093,"Q4 [0.371,1.000)"
DKMGDSHTHNDTHZ,c1cn2c(n1)CCCC2,0.2376237623762376,"Q1 [0.000,0.289)"
XWTWSDXEXPQBMH,O=C(Nc1ccc(N2CCOCC2)nc1)NC1CCCOC1c1cn[nH]c1,0.2857142857142857,"Q1 [0.000,0.289)"
RJPORIDABNQQCD,O=C(c1nc2cccnc2s1)N1CCCC1c1ccon1,0.2857142857142857,"Q1 [0.000,0.289)"
OLWVSMGTOGQOFV,O=C(Nc1cn[nH]c1)C1CC(=O)N(c2ccccc2)C1,0.33783783783783783,"Q3 [0.326,0.371)"
JCQMPAXKWUMGLY,O=C(Nc1nncn1C1CC1)c1cn[nH]c1,0.3404255319148936,"Q3 [0.326,0.371)"
NGOGYGTUBKNVQX,O=C(Nc1ccccc1)N1CCC(N2CCNC2=O)CC1,0.336734693877551,"Q3 [0.326,0.371)"
NOQODYCOOAXFNN,O=C(NC1CCCCC1)N1CCn2c(nnc2-c2ccccc2)C1,0.2962962962962963,"Q2 [0.289,0.326)"
VVGMBMRBBAFMDV,O=C(c1cc(-c2ccccc2)n[nH]1)N1CCCCC1,0.3008849557522124,"Q2 [0.289,0.326)"
SQABAJVGOHFPOK,O=C(NCc1cc[nH]n1)C1CCc2ccccc21,0.27884615384615385,"Q1 [0.000,0.289)"
XULLFBVQRGWLTM,O=C(Nc1ccccc1)C1CC1,0.36507936507936506,"Q3 [0.326,0.371)"
ADDBSLUMEBSRSH,c1cncc(C2CCN2c2ccncn2)c1,0.275,"Q1 [0.000,0.289)"
PNORSTYFYAATJQ,O=C(Nc1nc2ccccc2[nH]1)C1CCCCN1,0.4520547945205479,"Q4 [0.371,1.000)"
ABSZDLFPZYSNMZ,O=C(Nc1ccc(S(=O)(=O)N2CCCC2)cc1)c1ccccc1,0.3723404255319149,"Q4 [0.371,1.000)"
BBPSZWZOEXAMGN,O=C(c1ccccc1)N1CCCC1,0.26744186046511625,"Q1 [0.000,0.289)"
VTRWDFVPVWFGKB,O=C(CCC1CCCOC1)NS(=O)(=O)Cc1ccccc1,0.2558139534883721,"Q1 [0.000,0.289)"
BMOSVDIIYSDEJG,O=C(NCC1CC1)C1CCCN(c2ncnc3[nH]ccc23)C1,0.25,"Q1 [0.000,0.289)"
OGFDPGGJFBUAQP,O=C(c1ccccn1)N1CCC(C(=O)N2CCCC2)CC1,0.30392156862745096,"Q2 [0.289,0.326)"
GMSSLOYMGRDHNP,O=C(c1ccccc1)N1CCCC1,0.26373626373626374,"Q1 [0.000,0.289)"
OICPWLQQEJONDP,O=C(Nc1ccncc1)N1CCCC1c1ccco1,0.3,"Q2 [0.289,0.326)"
XRMCLBBZHJDUDI,C1CCC(c2nsc(N3CCNCC3)n2)CC1,0.3013698630136986,"Q2 [0.289,0.326)"
PMMBSTFHDDYYOE,O=C(NC1CCN(c2ccn[nH]2)C1=O)c1cnccn1,0.24603174603174602,"Q1 [0.000,0.289)"
SFHQLXBQTGQUIE,O=C(CNC(=O)N1CCCC1c1ccccc1)N1CCCCC1,0.3269230769230769,"Q3 [0.326,0.371)"
YMOCJHRAUCGFGZ,O=C(NCc1ccccc1)NC12CC3CC(CC(C3)C1)C2,0.32894736842105265,"Q3 [0.326,0.371)"
ICMZISVXDUDEOI,O=S(=O)(CCC1CC1)N1CCNCC1,0.23076923076923078,"Q1 [0.000,0.289)"
GGFBACZYGHLFGP,O=S(=O)(c1cn[nH]c1)N1CC2CCCCC2C1,0.2619047619047619,"Q1 [0.000,0.289)"
QPANHMATTZBKOF,O=C(Nc1[nH]nc2[nH]nc(-c3ccccc3)c12)C1CC1,0.35,"Q3 [0.326,0.371)"
FNYKGDFHAOFYJF,O=C(c1cnoc1)N1CCN(c2ccccn2)CC1,0.2636363636363636,"Q1 [0.000,0.289)"
ODTSFHQOVOHFRE,O=C(Cc1ccccc1)NCC(=O)N1CCCC1,0.37037037037037035,"Q3 [0.326,0.371)"
AWSXFYDOBIIFIM,O=S(=O)(c1cccs1)N1CCNCC1,0.3247863247863248,"Q2 [0.289,0.326)"
LVWUWNAITSSZKN,O=C(NC1CCc2ccccc2OC1)c1ccncc1,0.30973451327433627,"Q2 [0.289,0.326)"
PVOFYWKLRFSGPX,O=C(CCc1nnc(-c2ccccc2)o1)N1CCC(Cn2ccnn2)CC1,0.2786885245901639,"Q1 [0.000,0.289)"
NIUGCRASPLRBMU,O=C(NC1CC1c1ccccc1)c1cn(Cc2ccccc2)nn1,0.3220338983050847,"Q2 [0.289,0.326)"
UMSUPQOJRUHBOE,O=C(Nc1ccccc1)NC1CCN(C(=O)N2CCc3ccccc32)C1,0.3584905660377358,"Q3 [0.326,0.371)"
ALJWGTBIMCXGPL,O=C(NCCc1ccccc1)N1CCC(C(=O)N2CCCC2)CC1,0.3238095238095238,"Q2 [0.289,0.326)"
CJSDDNONPDEDQR,O=C(NC1CCCCNC1=O)c1ccn(-c2ccccc2)n1,0.3076923076923077,"Q2 [0.289,0.326)"
XSIBQNJOOARUNM,O=C(c1ccnc2[nH]nnc12)N1CCC2(CCOC2)C1,0.2152777777777778,"Q1 [0.000,0.289)"
HHUMEFIUHHPNMA,O=C(C1CCCC1)N1CCC1,0.23880597014925373,"Q1 [0.000,0.289)"
YQRHVGYAARQFNK,c1cc(N2CCCCC2)ncn1,0.24050632911392406,"Q1 [0.000,0.289)"
PRHSSPKWHDLOHB,O=C(NC1CCOC1)c1cccnc1,0.2753623188405797,"Q1 [0.000,0.289)"
LQWBKCWADNGNHY,O=C1CN(C(=O)NCCc2c[nH]c3ccccc23)CCN1,0.2857142857142857,"Q1 [0.000,0.289)"
OQMVAECXHWUVDE,O=C(CC1CCCCC1)Nc1nnc[nH]1,0.24324324324324326,"Q1 [0.000,0.289)"
XXANCKSBWGXVQI,O=C(CN1C(=O)CNC1=O)NCc1ccnc(-n2ccnc2)c1,0.2727272727272727,"Q1 [0.000,0.289)"
SEEVZKYKUPRWOJ,c1ccc(CC2CCCN2)cc1,0.36231884057971014,"Q3 [0.326,0.371)"
CGPOIJYWCBWSSJ,O=C(c1ccnc2ccccc12)N1CCS(=O)(=O)CC1,0.3176470588235294,"Q2 [0.289,0.326)"
DDRIEZPFBZHNGP,c1ccc(-c2noc(-c3cc(-c4cccnc4)on3)n2)cc1,0.3617021276595745,"Q3 [0.326,0.371)"
QPPRQIQZFGKXSX,O=C(C1CC1)N1CCCC(Cc2ncno2)C1,0.22535211267605634,"Q1 [0.000,0.289)"
NFDIFJLGOXJPBF,O=S(=O)(Nc1cnc2ccnn2c1)c1cccnc1,0.3375,"Q3 [0.326,0.371)"
SAKFUUMMSYIWID,O=C(CCC1CCCCO1)OCc1nc2[nH]ncc2c(=O)[nH]1,0.2376237623762376,"Q1 [0.000,0.289)"
YJMFSPSNCNGSGD,O=C(c1ccccc1NCc1cncs1)N1CCCC1,0.3177570093457944,"Q2 [0.289,0.326)"
VCHLBOTWKSWKCA,O=C(c1cc(-c2cccs2)[nH]n1)N1CCCC1,0.24,"Q1 [0.000,0.289)"
PULGKDFHSCJNAY,c1nsc(N2CCCCC2)n1,0.25333333333333335,"Q1 [0.000,0.289)"
IHKJEJOWOLHRKX,O=C(NCC1(Cc2ccccc2)CC1)c1c[nH]c2ccccc12,0.40404040404040403,"Q4 [0.371,1.000)"
BREIHJOTUJFPML,O=C(c1ccccc1)N1CCC(Nc2ncnn3cccc23)CC1,0.3020833333333333,"Q2 [0.289,0.326)"
HWKJROLDQNNELC,O=S(=O)(c1ccccc1)N1CCCC(c2nnc3n2CCCCC3)C1,0.3007518796992481,"Q2 [0.289,0.326)"
XWUUPMXMDHDMEB,O=C(NC1CCNCC1)c1cnc[nH]1,0.24050632911392406,"Q1 [0.000,0.289)"
BELNDAVEOQULKP,O=C(NCc1ncno1)C1CCOCC1,0.22093023255813954,"Q1 [0.000,0.289)"
CMZNNSDNQWPQRI,O=c1cc(N2CCC(NCc3cc4c(cn3)OCCO4)C2)[nH]c(=O)[nH]1,0.29906542056074764,"Q2 [0.289,0.326)"
ANKSOBCWBYIXNM,c1ccc(C2CCN(c3ccccn3)C2)cc1,0.3698630136986301,"Q3 [0.326,0.371)"
QZHDVFCVPJCXOH,O=C(NC(c1ccccc1)C1CCCC1)N1CCS(=O)(=O)CC1,0.33,"Q3 [0.326,0.371)"
BNZIPKLGUFUXHW,O=C(Nc1nc2c(s1)CCCC2)N1CCCCC1,0.25274725274725274,"Q1 [0.000,0.289)"
YMWUEXWDJJFKDN,O=C(NCc1ccccc1)c1cn(-c2ccccc2)nn1,0.36538461538461536,"Q3 [0.326,0.371)"
RTFBZKHASSQNJX,O=S(=O)(Nc1cc(-c2ccccc2)[nH]n1)c1ccc2c(c1)CCNCC2,0.27906976744186046,"Q1 [0.000,0.289)"
WHFSMGVKAAGBNX,O=C(NS(=O)(=O)Cc1ccccn1)C1CC1C1CCNCC1,0.2621359223300971,"Q1 [0.000,0.289)"
BZACUCQUFHYPOS,O=C(Nc1cnn(-c2ccccc2)c1)c1ccccc1,0.425531914893617,"Q4 [0.371,1.000)"
IWGWECXGDOTYKX,O=C1NCCCC1NC(=O)C1CCCCN1C(=O)c1ccccc1,0.29523809523809524,"Q2 [0.289,0.326)"
MFNIMSADCRPXPP,O=C(c1ccccc1)N1CCCCC1,0.3,"Q2 [0.289,0.326)"
UOCAHERLFLJAKJ,O=C1NCCN(C(=O)c2ccc[nH]2)C1c1ccccc1,0.3181818181818182,"Q2 [0.289,0.326)"
QTHGTBCIEVAECV,c1ccc(-c2nnc(SCc3nnnn3-c3ccccc3)[nH]2)cc1,0.3103448275862069,"Q2 [0.289,0.326)"
CIMJHKABACHLOM,O=C(Nc1ccccn1)c1cc[nH]n1,0.32954545454545453,"Q3 [0.326,0.371)"
OPMMTPHCEMVXGD,c1coc(C2CC2)c1,0.2857142857142857,"Q1 [0.000,0.289)"
DTQAPBQGSNQUKG,O=C(Nc1ccc2c(n1)CCC2)N1CCC(c2ccn[nH]2)CC1,0.2714285714285714,"Q1 [0.000,0.289)"
BTSUXGNJAJMFQX,O=C(NCCC(c1ccccc1)c1ccccc1)c1n[nH]c(=O)[nH]c1=O,0.4588235294117647,"Q4 [0.371,1.000)"
OLOFRJQYQVAQEU,O=C(c1cn(-c2ccc3ncccc3c2)nn1)N1CCCC1,0.288135593220339,"Q1 [0.000,0.289)"
LTIFTNZZOLEMEA,O=C(NC1CCCCC1)c1cnc2ccccn12,0.27956989247311825,"Q1 [0.000,0.289)"
KWAYOEDPXYVZIZ,O=c1[nH]c2ccc(S(=O)(=O)N3Cc4cnn(-c5ccccc5)c4C3)cc2[nH]1,0.36893203883495146,"Q3 [0.326,0.371)"
XTOAHVDEBLMRTB,O=C1CCCc2cc(NCc3ncc(-c4ccccc4)o3)ccc2N1,0.34710743801652894,"Q3 [0.326,0.371)"
HCYLTLZPLOJWEO,O=C(NCC1CCNCC1)Nc1cccnc1,0.2748091603053435,"Q1 [0.000,0.289)"
VODXZCBKDUIPLH,O=C1Nc2ccccc2C12CCNC2,0.2857142857142857,"Q1 [0.000,0.289)"
BTUXDOZHOFSNII,c1ccc(Cn2ncnn2)nc1,0.24271844660194175,"Q1 [0.000,0.289)"
RJRCPPMAUQEZKX,O=C(Nc1nccs1)NC1CCC1,0.2602739726027397,"Q1 [0.000,0.289)"
KSWYUSCKBYCVQQ,O=C(NC1CCN(C(=O)c2ccc(-n3cccn3)cc2)CC1)C1CC1,0.3511450381679389,"Q3 [0.326,0.371)"
QCKKHICWKPCXRB,O=C1NCCC1(c1nc(-c2ccncc2)no1)C1CCCC1,0.26436781609195403,"Q1 [0.000,0.289)"
GXATVLHNEPVNGC,O=S(=O)(NCc1ncno1)c1ccccc1,0.421875,"Q4 [0.371,1.000)"
GIBUKPLYDVERLH,O=C(Nc1nc2ccccc2[nH]1)C1CCCC1,0.352112676056338,"Q3 [0.326,0.371)"
MMPHNFZTEASRFU,O=C(NC1CCN(C2CCNC2=O)CC1)c1ccccc1N1CCCC1,0.3475177304964539,"Q3 [0.326,0.371)"
UOKHXXQXEVBUBC,O=C(Cc1ccc2cn[nH]c2c1)N1CCCCC1,0.2764227642276423,"Q1 [0.000,0.289)"
DHFDKDNOTMRMGX,O=C(c1ccccn1)N1CCCc2ccccc21,0.3291139240506329,"Q3 [0.326,0.371)"
YLMWUOHAIHAYGU,O=C(c1ccccc1)N1CCCCC1,0.3977272727272727,"Q4 [0.371,1.000)"
OQZPPUJAHDGRRA,O=C(c1ccccn1)N1CCNC(c2ccccc2)C1,0.3090909090909091,"Q2 [0.289,0.326)"
ZRTJQZNAZSPBIZ,O=C(NCc1cccnc1)C1CC1c1ccccc1,0.3333333333333333,"Q3 [0.326,0.371)"
PDJBPWYMWMRARF,O=C(C1CCC(=O)N(C2CC2)C1c1cnc[nH]1)N1CCCCC1,0.2608695652173913,"Q1 [0.000,0.289)"
XEGYIQJHZWMCDJ,O=C(NC1CCCN(c2ccccc2)C1=O)c1cnc2n1CCCC2,0.32710280373831774,"Q3 [0.326,0.371)"
TUOZOGICBZYBJG,O=S(=O)(c1ccccc1)N1CC2C3C=CC(O3)C2C1,0.22772277227722773,"Q1 [0.000,0.289)"
XKHUQMFSHAGBBI,O=C(NC1CCCNC1)c1cnc2nccn2c1,0.25,"Q1 [0.000,0.289)"
ODFNCOSUUVNCIV,c1nc(NC2CCC2)c2cn[nH]c2n1,0.19753086419753085,"Q1 [0.000,0.289)"
IIJGUXVDUDUWBQ,c1ccc(N2CCCCC2)nc1,0.3023255813953488,"Q2 [0.289,0.326)"
IJGWSOLHDOVFMS,O=C(COc1ccccc1)NC1CCCc2ncsc21,0.3063063063063063,"Q2 [0.289,0.326)"
IVJHGPNZVGPMKE,O=C(Nc1ccn[nH]1)N1CCc2ccccc2C1,0.3125,"Q2 [0.289,0.326)"
XLHPWRPCPUBAFN,O=c1[nH]c2ccccc2[nH]1,0.3132530120481928,"Q2 [0.289,0.326)"
AINNGWDCZZCBGA,O=C(Nc1nc2ccncc2[nH]1)c1ccc(NS(=O)(=O)c2ccccc2)cc1,0.4897959183673469,"Q4 [0.371,1.000)"
UNIINIGGGSAGOY,O=C1CC(C(=O)N2CCCCC2)CN1Cc1ccccc1,0.3711340206185567,"Q4 [0.371,1.000)"
XAVKYQVDBGMRGG,c1cnsc1,0.22988505747126436,"Q1 [0.000,0.289)"
BDZUEGJUNGQWSO,O=C(NC1COc2ccccc2C1)C1CCCN1,0.32142857142857145,"Q2 [0.289,0.326)"
WAOLMKRPSAYLNE,c1ccc(-n2ncc3c(N4CCC(c5ccccn5)C4)ncnc32)cc1,0.32432432432432434,"Q2 [0.289,0.326)"
GMWVCPRBURLNMJ,c1ccc(CC2CCCN2)cc1,0.3625,"Q3 [0.326,0.371)"
NDRBUXVKSHQEBH,O=C(Nc1ccccc1)C1CC1,0.3287671232876712,"Q3 [0.326,0.371)"
IDCYNOCCUVFTFZ,O=C(c1ccsc1)N1CCC2CCCC21,0.2261904761904762,"Q1 [0.000,0.289)"
IHTXABYTEXUFQO,O=C(NCC1CCCCC1)c1nnco1,0.3333333333333333,"Q3 [0.326,0.371)"
OWNXSSJICGYTJL,O=C(Nc1ccon1)C1CCN(C(=O)c2ccccc2)CC1,0.33620689655172414,"Q3 [0.326,0.371)"
ISUFEMLQHXMCFZ,O=C(NCc1ccccc1)NC1CC(=O)N(C2CC2)C1,0.26262626262626265,"Q1 [0.000,0.289)"
FMWWKDPVEQHHNZ,O=C(NCCCN1CCCC1=O)c1ccco1,0.3114754098360656,"Q2 [0.289,0.326)"
OKYCRCHUTAPDAP,O=C(Nc1cccc(-c2ncco2)c1)c1cccs1,0.32,"Q2 [0.289,0.326)"
SLYDJVOELAKSPN,c1ccc(N2CCCCC2)nc1,0.2828282828282828,"Q1 [0.000,0.289)"
RQITXTBBWWQJEP,c1ccc2nc(N3CCNCC3)ccc2c1,0.33663366336633666,"Q3 [0.326,0.371)"
LUKTYWIXRMKXNA,O=C(NCC1CCNC1)c1cnn(-c2ncccn2)c1,0.2376237623762376,"Q1 [0.000,0.289)"
PSFLXSZVLVVQCO,O=S(=O)(NCC1CCC(c2ncn[nH]2)O1)c1ccccc1,0.2524271844660194,"Q1 [0.000,0.289)"
UJWDOYSJRIVBJL,O=C(NCC1CNCCO1)c1ccccc1,0.3068181818181818,"Q2 [0.289,0.326)"
BHGOBVONDQRHGT,O=C(Cc1cn[nH]c1)N1CCCC1,0.24096385542168675,"Q1 [0.000,0.289)"
TZRMUMUFWNGXAK,O=C(CN1CCC(c2ncno2)CC1)Nc1ccccc1,0.30701754385964913,"Q2 [0.289,0.326)"
MONFGWCJJSZOJC,O=C1CCCC(C(=O)N2CCOC(c3ccccc3)C2)N1,0.30392156862745096,"Q2 [0.289,0.326)"
FEZBNFNBHNVJAM,O=C(NC(Cc1ccccc1)C1CC1)C1CCCN(C(=O)N2CCCC2)C1,0.3274336283185841,"Q3 [0.326,0.371)"
DRRHNEKRJHBYAL,O=C(Nc1cccc(-n2cccn2)c1)c1cc(-c2ccoc2)n[nH]1,0.3163265306122449,"Q2 [0.289,0.326)"
DTHYGYLALOBXAS,O=C(CN1CCNCC12CCCCC2)NCc1ccccc1,0.29292929292929293,"Q2 [0.289,0.326)"
JOPVGBLDLXTXCS,c1ccc(OC2CCN(c3cnccn3)CC2)cc1,0.30303030303030304,"Q2 [0.289,0.326)"
GWLNKOWMUAABBC,O=C(NCC1CCCCC1)Nc1ccn(C2CCCCC2)n1,0.31896551724137934,"Q2 [0.289,0.326)"
YFXXVIFOUBJJMM,c1cc(N2CCCCC2)ncn1,0.2440944881889764,"Q1 [0.000,0.289)"
PYLIQNQLQCACLS,O=C(NCC1CCCCC1)NC1CCC1,0.313953488372093,"Q2 [0.289,0.326)"
VACCWDJEGXVZPF,O=C(NCC1CCCCC1)c1cccc(-c2cn[nH]c2)c1,0.29245283018867924,"Q2 [0.289,0.326)"
JRUKXKFCNMTQAZ,O=C(NCc1nnc2n1CCC2)NC1CCCCCCC1,0.37037037037037035,"Q3 [0.326,0.371)"
SXXCSLKBOBNHJM,O=C(Nc1cc[nH]n1)C1CCCN1C(=O)Cc1ccccc1,0.32407407407407407,"Q2 [0.289,0.326)"
NPNHEUWRTPWHDW,O=C(Nc1ccccc1)c1ccc2nccn2c1,0.3673469387755102,"Q3 [0.326,0.371)"
RPEXBWPHOREDAW,c1ccc(CNCc2cccnc2-n2ccnc2)cc1,0.3111111111111111,"Q2 [0.289,0.326)"
ZYDTWPYVJACXIM,O=C(CC1CCCCC1)NCC1CCOCC1,0.22935779816513763,"Q1 [0.000,0.289)"
XXBVORYSAULWGB,O=C(NC1CC2(CCNCC2)Oc2ccccc21)c1ncoc1-c1ccccc1,0.3391304347826087,"Q3 [0.326,0.371)"
FEUQHXVTKKKHBM,c1cc(N2CCCCC2)ncn1,0.25471698113207547,"Q1 [0.000,0.289)"
RWFDUMHHUPAYLM,O=C(CCN1C(=O)COc2ccccc21)N1CCCC(c2ncno2)C1,0.3063063063063063,"Q2 [0.289,0.326)"
MSVLMNNTOQXUCQ,c1nsc(N2CCCCC2)n1,0.21686746987951808,"Q1 [0.000,0.289)"
KTMABTRWAVMSPI,O=C(NCc1nc2ccccc2[nH]1)C1CCCN1C(=O)c1ccccc1,0.3389830508474576,"Q3 [0.326,0.371)"
ADNQJSLRVBPSSJ,O=C(NC1CCOC1)c1ccsc1,0.2647058823529412,"Q1 [0.000,0.289)"
NDMSAFIECZMMJD,O=C(Nc1ccncc1)c1cn[nH]c1C1CC1,0.2828282828282828,"Q1 [0.000,0.289)"
HWPOSTBXSAHUOE,O=C(NC1CCC1)N1CCS(=O)(=O)CC1,0.2318840579710145,"Q1 [0.000,0.289)"
WYPOXKFQFNGLOX,c1ccc(NC2CCCNC2)cc1,0.358974358974359,"Q3 [0.326,0.371)"
LNYLYEMPFBXXBH,O=C(NCCN1CCCC1)c1ccc2nccnc2c1,0.2698412698412698,"Q1 [0.000,0.289)"
LQDKCAKMTRYRJC,O=C(NCCC1CC1)c1csc(-c2ccco2)n1,0.24390243902439024,"Q1 [0.000,0.289)"
WESUSYSVXXSNTP,c1nc(NCCCN2CCNCC2)c2ccsc2n1,0.3161764705882353,"Q2 [0.289,0.326)"
ACMHOWPLWQGCSA,O=C(NC1CCS(=O)(=O)C1)N1CCC(Cc2ccccc2)CC1,0.28888888888888886,"Q1 [0.000,0.289)"
CKPAZFDBPANBDS,O=C(CN=[SH](=O)c1ccccc1)N1CCCCCC1,0.3516483516483517,"Q3 [0.326,0.371)"
SMEVTFMWIQWVEM,O=C(Nc1ccccc1)NC1(c2nn[nH]n2)CCC1,0.30864197530864196,"Q2 [0.289,0.326)"
CPCGRPSMSRGAHB,O=C(Nc1cccc(-c2ncco2)c1)c1cc(-c2ccco2)[nH]n1,0.32608695652173914,"Q3 [0.326,0.371)"
ZQNDILDGRSVBEV,O=C(Nc1ccccc1)c1cnc2[nH]ncc2c1,0.39325842696629215,"Q4 [0.371,1.000)"
BTTPMFMKWYWTNG,O=C(NCC(=O)N1CCC(c2ncno2)CC1)c1cccs1,0.2932330827067669,"Q2 [0.289,0.326)"
QEPKCSDXHUNJJQ,O=S(=O)(NCc1ncno1)c1cccs1,0.2876712328767123,"Q1 [0.000,0.289)"
NUQSCZUELPKJBW,O=C(c1nnc(-c2cscn2)o1)N1CCCC1,0.25842696629213485,"Q1 [0.000,0.289)"
LVUSSLCKVOEJID,O=C(Cc1ccccc1)NC1CCCc2c[nH]nc21,0.32989690721649484,"Q3 [0.326,0.371)"
LDIGIYAYTCEVOB,O=C(c1csc(=O)[nH]1)N1CCCCC1,0.3157894736842105,"Q2 [0.289,0.326)"
LALOZXUAVIBGEF,O=C(Nc1c[nH]nc1C1CCCCC1)N1CCCCC1,0.28440366972477066,"Q1 [0.000,0.289)"
YMPNQGCCYQWPNL,O=C(c1ccc2ncccc2c1)N1CCOC2(CCOCC2)C1,0.28865979381443296,"Q1 [0.000,0.289)"
UILGXJUIZIJONZ,c1ccc2c(c1)CCNC2,0.3333333333333333,"Q3 [0.326,0.371)"
BYQXXHKNIOTHCP,c1ccc(-c2ncc3c(n2)CCCC3)cc1,0.4788732394366197,"Q4 [0.371,1.000)"
ADFBKLLXFBUXNH,c1ccc(-n2cc(NCc3ncnn3-c3ccccc3)cn2)cc1,0.3425925925925926,"Q3 [0.326,0.371)"
NHHVWRUHEKCIDN,O=C(c1ccccn1)N1CCCc2ccccc21,0.3917525773195876,"Q4 [0.371,1.000)"
AQXXOWOSRRAPMC,O=C(c1cocn1)N1CCCCC1,0.2413793103448276,"Q1 [0.000,0.289)"
DEWWPONINIPDIS,O=C(Nc1ccccc1)C1CC1,0.6037735849056604,"Q4 [0.371,1.000)"
DXKKYXRSSLAAHW,O=C(NCc1ccccc1)C1CCN(c2ccccn2)CC1,0.2882882882882883,"Q1 [0.000,0.289)"
MSRFHOUIEZYTPJ,O=C(NCc1cncnc1)NC1CCCN(c2ccn[nH]2)C1,0.23880597014925373,"Q1 [0.000,0.289)"
XDXXBMFKZGVQIF,O=C(NCC1(Cc2ccccc2)CC1)N1CCn2ncnc2C1,0.3113207547169811,"Q2 [0.289,0.326)"
YZNCYPWJHSJZPX,c1ccc(OC2CCN(c3ccccn3)CC2)cc1,0.4020618556701031,"Q4 [0.371,1.000)"
OLJCFUJABMVYOT,O=C(C1CC1)N1CCN(c2ccncn2)CC1,0.2840909090909091,"Q1 [0.000,0.289)"
NHCIJOXNDADONA,O=C(Nc1ccc2ccc(=O)[nH]c2c1)NC1CC1,0.3103448275862069,"Q2 [0.289,0.326)"
JEPQXTGMKKNMBF,O=C(NCc1coc2ccccc12)N1CCOC2(CCCOC2)C1,0.29464285714285715,"Q2 [0.289,0.326)"
UIQBSVLMOPGDAQ,O=C(c1cncc2ccccc12)N1CCN(c2ccccc2)CC1,0.4,"Q4 [0.371,1.000)"
UWEPOEZILMKYND,O=C(c1ccnc2[nH]cnc12)N1CCOCC2(CCOCC2)C1,0.2348993288590604,"Q1 [0.000,0.289)"
KXNIWXTYILEWFC,O=C(NC1CCN(c2ccccc2)CC1)N1CCCC1,0.2982456140350877,"Q2 [0.289,0.326)"
AZVNSSGJRQMXHF,O=C(NCc1ncn[nH]1)C1CC1c1ccccc1,0.29896907216494845,"Q2 [0.289,0.326)"
UXIFZRONWUFMNZ,O=C1CCc2cc(S(=O)(=O)N3CCC4(CCCNC4)C3)ccc2N1,0.29365079365079366,"Q2 [0.289,0.326)"
WLSGGUBLUWZWMC,O=C(Nc1ccccc1)C1CC1,0.36666666666666664,"Q3 [0.326,0.371)"
AHMZUQZMIVRITQ,c1ccc(OC2CCN(c3ccncn3)CC2)nc1,0.26373626373626374,"Q1 [0.000,0.289)"
IDLYVSIQMNSBOA,O=c1cc(N2CCN(c3ccccc3)CC2)[nH]c(=O)[nH]1,0.3592233009708738,"Q3 [0.326,0.371)"
LOLWDZUXNNKXIM,c1ccc(-c2noc(C3CCC4CC43)n2)cc1,0.2413793103448276,"Q1 [0.000,0.289)"
QDPKABHBSAWECX,O=C(CC1CCS(=O)(=O)C1)Nc1ccccn1,0.25,"Q1 [0.000,0.289)"
KGMAFGIXUBKIPV,O=C(Cn1nnc2ccccc2c1=O)N1CCNCC1,0.3829787234042553,"Q4 [0.371,1.000)"
RWCKGDODRWIGHW,O=C(NCC1CCOCC1)N1CCCC1c1ccccc1,0.3069306930693069,"Q2 [0.289,0.326)"
KHGZNYTYPHGNEU,O=C(NC12COCC1C2)c1cnn2ccccc12,0.24,"Q1 [0.000,0.289)"
OIKPUNGIDPWGRY,O=C1CN(C(=O)Nc2ccc(-c3ccccc3)cn2)C2CCCCC2N1,0.3302752293577982,"Q3 [0.326,0.371)"
WTLJSEOQBLRXSN,O=C(Nc1nnc(CC2CCCC2)o1)C1CCCC1,0.3037974683544304,"Q2 [0.289,0.326)"
LMVGMFJJCXGPNG,O=C(NC1CCCOc2ccccc21)N1CCn2ncnc2C1,0.28846153846153844,"Q1 [0.000,0.289)"
OYOHXILVBLDFQR,c1ccc(-c2ccc(N3CCOCC3)nn2)cc1,0.30851063829787234,"Q2 [0.289,0.326)"
MVGGOLOTZLACBZ,O=C(Nc1ccnc2ccnn12)N1CCOC2(CCOCC2)C1,0.22935779816513763,"Q1 [0.000,0.289)"
SQTROTDDHMJWEM,O=S(=O)(c1ccccc1)N1CCC1,0.2571428571428571,"Q1 [0.000,0.289)"
CUPKAJMMHWSSPI,O=C(c1ccccc1)N1CCCCC1,0.28703703703703703,"Q1 [0.000,0.289)"
PTMJOMOFQCZJEN,O=C(C1COCCO1)N(Cc1ccco1)c1ccccc1,0.28703703703703703,"Q1 [0.000,0.289)"
HRNMLDAHSMUEJH,O=C(NCC1CNCCO1)c1ccccc1,0.3076923076923077,"Q2 [0.289,0.326)"
ILOUMWQPAYAOHG,O=S(=O)(NCc1ncn[nH]1)c1cccs1,0.2413793103448276,"Q1 [0.000,0.289)"
MUIVYNAVBHPMQU,O=C(NCC1(c2ccccc2)CC1)N1CCC(n2cccn2)C1,0.24324324324324326,"Q1 [0.000,0.289)"
WUYNQWGDFSQRNB,c1ccc(NC2CCCCC2)nc1,0.32432432432432434,"Q2 [0.289,0.326)"
KDNVTHRBVNGHEX,O=c1[nH]cnc2c1CN(S(=O)(=O)c1ccccc1)CC2,0.3,"Q2 [0.289,0.326)"
UASAAFPSGMBKHN,O=C(NCc1cccnc1)c1ccnc2ccnn12,0.32653061224489793,"Q3 [0.326,0.371)"
PVVXMVJYIHZNBU,O=C(NCCc1ccccc1)OC1CCCC1,0.35714285714285715,"Q3 [0.326,0.371)"
KAMOZJFWUBTYBZ,O=C(c1ccccc1)N1CCCCC1,0.308411214953271,"Q2 [0.289,0.326)"
QZWHJKKGHRWOMF,O=C(CN1CCCCC1)Nc1ccc2c(c1)OCO2,0.34375,"Q3 [0.326,0.371)"
XINWRWXVSMGBLY,c1ccc2c(NCC3CCNCC3)ncnc2c1,0.3333333333333333,"Q3 [0.326,0.371)"
RPXOUWDOGOZCAM,O=C(NC1CCOCC1Nc1ccncn1)C1CC1,0.21212121212121213,"Q1 [0.000,0.289)"
LTENBZXOANLYDW,O=C(Nc1ccccc1)c1cnc2[nH]ncc2c1,0.31932773109243695,"Q2 [0.289,0.326)"
BDQASOQFUROYIQ,O=C(Nc1ccn(Cc2ccccc2)n1)c1n[nH]c2c1CCCC2,0.32954545454545453,"Q3 [0.326,0.371)"
IXERRPZDVNSCRR,O=C(NCc1nc(-c2ccco2)n[nH]1)NC(c1ccccc1)c1ccccc1,0.36363636363636365,"Q3 [0.326,0.371)"
DMXOCXMKJTXJRT,c1cn2c(n1)COCC2,0.2127659574468085,"Q1 [0.000,0.289)"
QUMCDOFVSPSNRY,c1ccc(CC2CCCN2)cc1,0.2616822429906542,"Q1 [0.000,0.289)"
PJKMPAJZMLBIHY,O=S(=O)(NC1CCc2ccccc21)c1cn[nH]c1,0.3068181818181818,"Q2 [0.289,0.326)"
OHVLBAJOQVNWCJ,O=C(NCC1CCCC1)NC1CCOC2(CCCCC2)C1,0.24175824175824176,"Q1 [0.000,0.289)"
ULQLSIDOGUXMRX,O=C(Nc1ccc(-c2nc(-c3cccnc3)no2)cc1)c1ccccc1,0.3383458646616541,"Q3 [0.326,0.371)"
ZERGEVKJOVFCSR,O=C(NCc1ccccn1)c1cnn(-c2ccccc2)n1,0.3614457831325301,"Q3 [0.326,0.371)"
ZRLWPMFJZWOWOM,O=C(NCC1(c2ccccc2)CC1)N1CCC(n2cccn2)C1,0.28695652173913044,"Q1 [0.000,0.289)"
LVBPHMPMJSABPC,O=C(NCC1(Cc2ccccc2)CC1)N1CCc2ccccc2C1,0.3592233009708738,"Q3 [0.326,0.371)"
ZTASDFJLNLMMQX,c1ccc2nc(NCC3CCCO3)cnc2c1,0.3142857142857143,"Q2 [0.289,0.326)"
GRJLXWBXDGYECL,O=C1CN(C(=O)c2c[nH]c(-c3ccccc3)n2)CCN1,0.2647058823529412,"Q1 [0.000,0.289)"
CSRNPBGUYATGIH,c1coc(C(CNc2ccc3nncn3n2)N2CCCCC2)c1,0.2786885245901639,"Q1 [0.000,0.289)"
LQDDFBOTJUJMRE,O=C(NCC1CCCC1)NS(=O)(=O)C1CCCC1,0.3424657534246575,"Q3 [0.326,0.371)"
QRPKYOYHOFXMFB,c1ccc(-n2ccnc2)c(CNC2CCOC3(CCCC3)C2)c1,0.2897196261682243,"Q2 [0.289,0.326)"
WUSHWWLMSCOBPM,O=C(Cc1ccccn1)NCCc1ccccc1,0.4329896907216495,"Q4 [0.371,1.000)"
ONSJCRQJFBFFRD,O=C(Cc1ccc2c(c1)OCCO2)N1CCCCC1,0.32323232323232326,"Q2 [0.289,0.326)"
PFDBRUGFYGYFSY,O=C(C1CCCC1)N1CCN(Cc2cscn2)CC1,0.21978021978021978,"Q1 [0.000,0.289)"
DAAQVYXLYDSUAS,O=C(NCC12CNCC1C2)c1ccccc1,0.2912621359223301,"Q2 [0.289,0.326)"
GGLDHAWGNMZAIX,O=C(Nc1cc[nH]n1)c1ccoc1,0.2727272727272727,"Q1 [0.000,0.289)"
SESFSLJMIBHIRQ,O=C(NCc1ccoc1)c1ccc(-n2cccn2)cc1,0.34065934065934067,"Q3 [0.326,0.371)"
NRBGZTIKTYNSLB,O=C(NCc1ccccc1)c1ccc(NC(=O)c2ccc3c(=O)[nH]c(=O)[nH]c3c2)cc1,0.4,"Q4 [0.371,1.000)"
DEYISHDAEGDPJW,O=C1NC2(CCCCC2)C(=O)N1c1ccnn1Cc1ccccn1,0.2916666666666667,"Q2 [0.289,0.326)"
PLSSRCHMQALKQF,O=C(NCc1nccs1)NCC1CCOCC1,0.275,"Q1 [0.000,0.289)"
KXAVVEVZYRSZKC,O=c1[nH]cnc2c(-c3ccccc3)nsc12,0.3972602739726027,"Q4 [0.371,1.000)"
DUBMDWDFLYXBRM,O=C(NCc1ccccn1)C1CC(=O)N(c2ccccc2)C1,0.32075471698113206,"Q2 [0.289,0.326)"
FABNIRXBZYWGSU,O=C(c1ccn[nH]1)N1CCC(n2c(=O)[nH]c3ccccc32)CC1,0.29245283018867924,"Q2 [0.289,0.326)"
RGVRLJCEAFTXTF,O=C(NC1CCNCC1)c1cnc[nH]1,0.21739130434782608,"Q1 [0.000,0.289)"
STSLSMOJBBRHHI,c1ccc(-c2noc(C3CCNC3)n2)cc1,0.3404255319148936,"Q3 [0.326,0.371)"
KFRCIGWNWNSEKR,O=C(CCn1ccc2cccnc21)NC1CCC(Cn2cccn2)C1,0.29,"Q2 [0.289,0.326)"
VWESDJIPHSOQIS,c1ccc(CN2CCCCC2)cc1,0.3614457831325301,"Q3 [0.326,0.371)"
AQVKLPQVCXRTKH,O=C(c1ccccc1)N1CCCCC1,0.3492063492063492,"Q3 [0.326,0.371)"
JLWYNRQNBXLZSK,O=C(Cn1cnc2ccccc2c1=O)NC1CCc2ccccc21,0.3565217391304348,"Q3 [0.326,0.371)"
SFGYEKGEFJTOBX,O=C(Nc1ccccc1)C1CC1,0.32786885245901637,"Q3 [0.326,0.371)"
OTFMUROPFNTCBW,O=C(Nc1cncnc1)N1CCC(Cc2ccccc2)C1,0.35135135135135137,"Q3 [0.326,0.371)"
RMQCFPRKBDILHG,O=C(Nc1ccccc1)C1CC1,0.46875,"Q4 [0.371,1.000)"
VVCQHKMKJHBKOO,O=C(NCc1ccccn1)NCC1CCOCC1,0.25252525252525254,"Q1 [0.000,0.289)"
QEFXJISQJJWLJC,O=C(c1cnn2ccccc12)N1CCOCC1,0.2755102040816326,"Q1 [0.000,0.289)"
CTGNIUZJVMEBIF,O=C(NCCc1cn(-c2cccnc2)nn1)c1cccnc1,0.26785714285714285,"Q1 [0.000,0.289)"
KGTKQLKCKPSVFS,O=C(NCC1CCS(=O)(=O)C1)C1CC2(CCC2)C1,0.22115384615384615,"Q1 [0.000,0.289)"
KIARGQBQVVRIMF,c1cc(N2CCCCC2)ncn1,0.29347826086956524,"Q2 [0.289,0.326)"
DLCHGDFELKPASR,c1ccc2nc(NC3CCCCC3)cnc2c1,0.3333333333333333,"Q3 [0.326,0.371)"
UNPWQHWJRYMRME,O=S(=O)(c1cccnc1)N1CCCCC1,0.3064516129032258,"Q2 [0.289,0.326)"
DFMGJGXSXDJABO,c1ccc(CN2CCCNCC2)cc1,0.31313131313131315,"Q2 [0.289,0.326)"
QZOISQPVWIXUCE,c1ccc(-n2ccnc2)cc1,0.2755102040816326,"Q1 [0.000,0.289)"
LJBYERFCALSPGJ,O=C(NC1CCOc2ccccc21)C1CC(C2CC2)=NO1,0.29213483146067415,"Q2 [0.289,0.326)"
VLCFJHYJPAVXQT,O=C(NCC1CCCCC1)Nc1ccn[nH]1,0.3,"Q2 [0.289,0.326)"
KHNNPJPABMNDBI,O=C(Nc1ccc(C(=O)N2CCOCC2)cc1)N1CCC(C2CC2)C1,0.3465346534653465,"Q3 [0.326,0.371)"
WVHHSIOSZYMZIQ,O=C1CCCN1CCN1c2cccc3cccc(c23)S1(=O)=O,0.29411764705882354,"Q2 [0.289,0.326)"
GSMZNPBPIVOYSD,O=C(CC1CCCS(=O)(=O)C1)N1CCCC1CN1CCCCC1,0.2717391304347826,"Q1 [0.000,0.289)"
WPFRXXFOEBGPEE,c1cnc(N2CCC(c3nnc[nH]3)CC2)nc1,0.22916666666666666,"Q1 [0.000,0.289)"
LVRUAKJQXBCSMP,c1ccc(N2CCCN(c3ccncn3)CC2)cc1,0.2696629213483146,"Q1 [0.000,0.289)"
FLZLBGMGMYEEKA,c1cc2c(s1)CCNC2,0.25217391304347825,"Q1 [0.000,0.289)"
KSGSXSMYKJVXBL,O=C(NCC1CCN(c2ccncc2)CC1)NC1CCNCC1,0.26490066225165565,"Q1 [0.000,0.289)"
FTTOLRMLGMNVNE,O=C(Cc1ccccc1)N1CCCC1c1cn[nH]c1,0.28,"Q1 [0.000,0.289)"
JQMXHSSBAANDBL,O=C(c1cccc2cccnc12)N1CCCCCC1,0.38571428571428573,"Q4 [0.371,1.000)"
SMJPEUOARVFABP,C1CCc2c(noc2-c2nc(C3CCOC3)no2)C1,0.23595505617977527,"Q1 [0.000,0.289)"
YLXMQNQSARIICL,c1ccc(-c2cn(CCN3CCNCC3)nn2)nc1,0.2975206611570248,"Q2 [0.289,0.326)"
CXYXVIISNOCCIG,O=S(=O)(CC1CCOCC1)N1CC2CCCC2C1,0.20408163265306123,"Q1 [0.000,0.289)"
WHZPXZLGEYQWNR,O=C(c1nnn2ccccc12)N1CC2COCC2C1,0.24210526315789474,"Q1 [0.000,0.289)"
RMUINWUNLFKJCJ,O=C(NCCN1CCS(=O)(=O)CC1)C1=NCC(=O)N(c2ccccc2)N1,0.3125,"Q2 [0.289,0.326)"
WTAIKBYYOMZXML,O=C(Cn1cnc2sccc2c1=O)Nc1ncno1,0.25,"Q1 [0.000,0.289)"
NSBBIWIENDAPKZ,O=C(NCc1cccnc1)N1CCCCC1,0.26744186046511625,"Q1 [0.000,0.289)"
RXQUWUHEEICVCX,c1ccc(-c2nocc2-c2nnc(CN3CCN(C4CCCC4)CC3)o2)cc1,0.30612244897959184,"Q2 [0.289,0.326)"
XOZMJXBINWEKHY,O=S(=O)(NC1CCCC1)N1CCCC1,0.2898550724637681,"Q2 [0.289,0.326)"
QZEIMPZBWKITFM,O=C(NCCC1CCCCC1)NC1CCCCC1,0.3020833333333333,"Q2 [0.289,0.326)"
ANAYRIZGINRFFV,O=C(C1CC1c1ccccc1)N1CCCC(N2CCNCC2=O)C1,0.3177570093457944,"Q2 [0.289,0.326)"
VWXTTXKAWXADJM,c1cc2nnnn2nc1N1CCCCC1,0.22105263157894736,"Q1 [0.000,0.289)"
CTMZIUIAFMEPLG,O=C(NCc1cccnc1)C1CCCN1C(=O)C12CC3CC(CC(C3)C1)C2,0.27472527472527475,"Q1 [0.000,0.289)"
ZLZDHBGFTQCMOR,O=C(Nc1[nH]nc2[nH]nc(-c3ccccc3)c12)c1cccnc1,0.3333333333333333,"Q3 [0.326,0.371)"
YUKCWBQNRHLPGW,O=C(C1CCNCC1)N1CCCC(c2nc3ccccc3o2)C1,0.33653846153846156,"Q3 [0.326,0.371)"
WKQADZTXTIKEJV,O=C(Cc1csc(-c2ncccn2)n1)NCc1ccc2c(c1)CC(=O)N2,0.3181818181818182,"Q2 [0.289,0.326)"
TYZUMVGNBDUCRT,c1ccc(OCc2ccco2)cc1,0.36633663366336633,"Q3 [0.326,0.371)"
FCWJNALAQDYXAR,c1ccc(CNCc2nc(C3CC3)no2)cc1,0.26666666666666666,"Q1 [0.000,0.289)"
DQGBDAUAARFDBV,c1cn2c(n1)COCC2,0.21686746987951808,"Q1 [0.000,0.289)"
JBLZWJCKPDQCNX,c1ccc(CNc2ncnc3[nH]cnc23)cc1,0.5875,"Q4 [0.371,1.000)"
RRAWFGWKQILAJG,O=C(c1ccccc1)N1CCCN(c2ncnc3[nH]ccc23)CC1,0.330188679245283,"Q3 [0.326,0.371)"
HZCGUIZYGGTLBU,O=C(Cn1ncc2c1CCOC2)NCc1nccs1,0.29,"Q2 [0.289,0.326)"
GUPLFNFPLUQXMK,O=C(NCc1nccs1)C1CCCC1,0.23076923076923078,"Q1 [0.000,0.289)"
JEHMNIROAXWJGR,O=C(NC1Cc2ccccc2C1)C1(c2cccnc2)CCCC1,0.30097087378640774,"Q2 [0.289,0.326)"
XBRFVWUCLAYBTP,O=S(=O)(c1cccs1)N1CCNCC1,0.25925925925925924,"Q1 [0.000,0.289)"
UVJMEEYUDVULJV,O=S(=O)(NCc1ccsc1)c1ccccc1,0.3,"Q2 [0.289,0.326)"
BYYYYQOHDAUADA,O=C(NCc1cnc2sccn12)c1cn[nH]c1,0.24050632911392406,"Q1 [0.000,0.289)"
LLOAKYNNSINUBO,O=C(c1ccccn1)N1CCc2c(cnn2-c2ccccc2)C1,0.3493975903614458,"Q3 [0.326,0.371)"
XNJXYIVETZHTOH,O=C(NCCOCc1ccccc1)Nc1ccc(=O)n(Cc2ccccc2)c1,0.3944954128440367,"Q4 [0.371,1.000)"
SQCOJUAEXWWWNL,c1ccc(CNCc2ccc3cn[nH]c3c2)cc1,0.3229166666666667,"Q2 [0.289,0.326)"
GKLWTUDEMCFPFS,O=C(NCc1cccnc1)N1CCC(N2CCOCC2)C1,0.24742268041237114,"Q1 [0.000,0.289)"
INQAIANGBJESRI,O=S(=O)(c1cc[nH]c1)N(Cc1ccccc1)CC1CC1,0.35555555555555557,"Q3 [0.326,0.371)"
RFYPRWXUTAUSER,O=C(Nc1cn[nH]c1)C(c1ccccc1)c1ccccc1,0.6865671641791045,"Q4 [0.371,1.000)"
IKTQLZDUFHQMBY,O=C(c1ccccc1)N1CCC(c2nc[nH]n2)C1,0.30864197530864196,"Q2 [0.289,0.326)"
SSRUADKMODCJPZ,O=C(Cc1ccccc1)NC1CCC(Cn2cccn2)C1,0.29906542056074764,"Q2 [0.289,0.326)"
VIGUZUVARSBCEV,O=C(C1CCCCC1)N1CCC(c2ccccc2)C1,0.3137254901960784,"Q2 [0.289,0.326)"
MBGWVFBVPOXVCR,O=C(CN1CCCC1)NCc1cn(Cc2ccccc2)nc1-c1ccccc1,0.3425925925925926,"Q3 [0.326,0.371)"
LVEDNZJIGYIRAZ,O=C1CC(C(=O)N2CCCC2Cc2ccccc2)CN1,0.2897196261682243,"Q2 [0.289,0.326)"
BMODUEWTOYIBDD,O=C(NCCc1ccccc1)C1CCCN1c1nccs1,0.3130434782608696,"Q2 [0.289,0.326)"
HWYGJWBEIABWRP,O=C(Nc1ccc2nc(-c3ccccn3)[nH]c2c1)C1CCOCC1,0.36046511627906974,"Q3 [0.326,0.371)"
NGBWAARIBBIAQZ,O=C(Nc1ccccc1)C1CC1,0.3424657534246575,"Q3 [0.326,0.371)"
HZHXJSITRHHNIC,O=C(c1ccccc1)N1CCN(c2ccccc2)CC1,0.37037037037037035,"Q3 [0.326,0.371)"
PFGPVGTUHJCRGJ,O=C(Nc1ccc(-c2nnco2)cc1)N1CCCC1,0.3,"Q2 [0.289,0.326)"
UVFSLRBMBWPMJR,O=C(NCC1CCOC1)C1CCCN1C(=O)c1ccccc1,0.3146067415730337,"Q2 [0.289,0.326)"
MBXDEPDDAHDNCZ,c1ccc(Cn2cnc3ccccc32)cc1,0.3786407766990291,"Q4 [0.371,1.000)"
YAUCZVWZZAGXNA,c1ccc(-c2cscn2)cc1,0.3116883116883117,"Q2 [0.289,0.326)"
CLVUKIAXMWEDTK,O=C(CCc1cnc2nc[nH]n2c1=O)Nc1ccccc1,0.32926829268292684,"Q3 [0.326,0.371)"
ARSRBACHXWRWJM,O=C(NC1CCN(C(=O)c2cn[nH]n2)CC1)C1CCCOC1,0.225,"Q1 [0.000,0.289)"
QQOVUMFGCRHILA,O=C(NCc1nc2ccccc2[nH]1)NC1CCC2CCCC2C1,0.35802469135802467,"Q3 [0.326,0.371)"
GVBKNEWRDNHIPQ,c1cc(CNC2CCC(Cn3cccn3)C2)c2[nH]ncc2c1,0.2872340425531915,"Q1 [0.000,0.289)"
BDNFIKVVLCHCOZ,O=C(Nc1cccc(OCc2ccc3ccccc3n2)c1)c1ccnc2ccnn12,0.35294117647058826,"Q3 [0.326,0.371)"
MIDZVIUQSPFNSZ,O=S(=O)(c1ccsc1)N1CCCCC1,0.2558139534883721,"Q1 [0.000,0.289)"
OBZIOCKYMQAAFD,O=S(=O)(NCC1CCCC1)c1cccs1,0.2676056338028169,"Q1 [0.000,0.289)"
DPKOUWDOQVOFLR,O=C(Cc1csc(Cc2ccccc2)n1)NCCCCN1CCN(c2ccccc2)CC1,0.45217391304347826,"Q4 [0.371,1.000)"
ICZXRZKRCIQTHU,c1ccc2c(c1)CCN(c1cnccn1)C2,0.2978723404255319,"Q2 [0.289,0.326)"
YKVWAWLNNAGANT,O=C(c1cocn1)N1CC(OCc2cccc3ccccc23)C1,0.38271604938271603,"Q4 [0.371,1.000)"
NRYAELZAQDFIGZ,O=C(Cc1ccccc1)NC1CCc2nn[nH]c2C1,0.2982456140350877,"Q2 [0.289,0.326)"
AWPHYSGRQPDXEL,O=C(Cc1[nH]nc2ccccc12)N1CCCC1,0.29906542056074764,"Q2 [0.289,0.326)"
ZTLWUBPGSTUYFX,O=C(CCNC(=O)N1CCc2sccc2C1)N1CCc2sccc2C1,0.25833333333333336,"Q1 [0.000,0.289)"
GXTZRKLDZDOFQF,O=C(Nc1ccccc1)C1CCCOC1,0.3,"Q2 [0.289,0.326)"
QKJVBZAQQBCOAS,O=C(c1ccccc1)N1CCCC1,0.37142857142857144,"Q4 [0.371,1.000)"
ZIUJLFQKTOFMTH,O=S(=O)(c1cn[nH]c1)N1CCC1,0.23076923076923078,"Q1 [0.000,0.289)"
VVKKOIDHCROMCJ,O=C(CN1CCCN(Cc2ncc[nH]2)CC1)N1CCCCCC1,0.29069767441860467,"Q2 [0.289,0.326)"
ZWKNUYNSQJUAEH,C1CCC(c2nnc(C3CCC3)o2)NC1,0.2876712328767123,"Q1 [0.000,0.289)"
FQHKWWXVOQQJBE,O=C(Nc1cc(C2CCCOC2)[nH]n1)C1CCCO1,0.2222222222222222,"Q1 [0.000,0.289)"
DIOZODKNAJEFLX,O=C(c1cocn1)N1CCCCC1,0.24050632911392406,"Q1 [0.000,0.289)"
QDJDXFNNOYQKJJ,c1ccc(OC2CCN(c3nnc[nH]3)CC2)cc1,0.3170731707317073,"Q2 [0.289,0.326)"
QVCSXJDTPKNDIX,O=C(Nc1ccccc1)C1CC1,0.36363636363636365,"Q3 [0.326,0.371)"
ZBFSFMMBDDFCDF,c1ccc(OCc2noc(Cn3cnnn3)n2)cc1,0.25,"Q1 [0.000,0.289)"
PNXDXIXSXHYIDP,O=S(=O)(c1ccccc1)N1CCCC(n2cccn2)C1,0.2857142857142857,"Q1 [0.000,0.289)"
BWXFNKKJFQSKLS,c1cc(N2CCCNCC2)ncn1,0.23157894736842105,"Q1 [0.000,0.289)"
DUTDAFBEMQBJQD,O=C1NC(Cc2ccccc2)C(=O)N1Cc1ccccc1,0.4111111111111111,"Q4 [0.371,1.000)"
WDGPIEFEXNRRQG,O=C1CCCC(C(=O)Nc2ccc(-c3ncc4n3CCCC4)cc2)N1,0.29508196721311475,"Q2 [0.289,0.326)"
XCCKHZDBVUWCNG,O=S(=O)(C1CCN(c2ccncn2)CC1)N1CCCCC1,0.2608695652173913,"Q1 [0.000,0.289)"
UXUYUXFRWQMGRU,c1ccc(C2(c3noc(C4CCc5cn[nH]c5C4)n3)CC2)cc1,0.2727272727272727,"Q1 [0.000,0.289)"
PHTQKKSDKQPWAE,O=C1OC(CSc2nc3ncccc3[nH]2)CC12CC2,0.21212121212121213,"Q1 [0.000,0.289)"
IGGNTURFNXMIRJ,O=C(NCc1ccccc1)c1ccncc1,0.40860215053763443,"Q4 [0.371,1.000)"
OZUYYOBCPAKCKI,c1csc(CN2CCNCC2)n1,0.2717391304347826,"Q1 [0.000,0.289)"
BJDSCCUZNVNQIG,O=C(NCc1ccccc1)C1(c2ccccc2)CCC1,0.3404255319148936,"Q3 [0.326,0.371)"
FBBHENRXSBUCIL,O=C(c1ccccc1)N1CCCCC1,0.32558139534883723,"Q3 [0.326,0.371)"
NIEBVYVQFACCHA,O=C(NCc1ccccc1)N1CCC1,0.3246753246753247,"Q2 [0.289,0.326)"
OFCKPPQPUUMOBI,O=C(c1ccncc1)N1CCc2ccccc21,0.3448275862068966,"Q3 [0.326,0.371)"
JSQYJGQAMYQMEF,O=S(=O)(Nc1cccc2cccnc12)c1ccccc1,0.4017094017094017,"Q4 [0.371,1.000)"
UQLLMNOZEZUOFB,O=C(CN1CCC(c2ccccn2)CC1)Nc1ccccc1,0.36936936936936937,"Q3 [0.326,0.371)"
AMZVUALLVXRFIE,O=C1CN(C(=O)C2CCCN(C(=O)CCOc3ccccc3)C2)CCN1,0.32727272727272727,"Q3 [0.326,0.371)"
JKVCBVDDPAVTTB,c1ccc(-c2nccs2)cc1,0.313953488372093,"Q2 [0.289,0.326)"
NZUHVWMBLASKRB,O=C(Nc1ccccc1)c1cc(C2CC2)[nH]c(=O)c1,0.37333333333333335,"Q4 [0.371,1.000)"
AFPWDDYVTABLOL,O=S(=O)(c1cccc(-c2ccccc2)c1)N1CCCn2ncnc21,0.36082474226804123,"Q3 [0.326,0.371)"
SPWPYULTBZMJEX,O=C(Nc1nc(C2CC2)ns1)N1CCC2CC2C1,0.22105263157894736,"Q1 [0.000,0.289)"
XTEYOIRWTNWSNF,c1ccc2[nH]c(N3CCC3)nc2c1,0.5333333333333333,"Q4 [0.371,1.000)"
IJLPBARLIPHNEP,O=c1[nH]c(-c2ccnc(-n3cccn3)c2)nc2cc(-c3ccccc3)sc12,0.3238095238095238,"Q2 [0.289,0.326)"
DDNLMHUETAOSIO,c1nc(N2CCCNCC2)c2ccn(C3CCCC3)c2n1,0.3111111111111111,"Q2 [0.289,0.326)"
JMDRHAFQLJLWNG,O=S(=O)(Nc1cn[nH]c1)c1ccsc1,0.26666666666666666,"Q1 [0.000,0.289)"
PKMISTQVGJWQEN,O=C(Nc1n[nH]c2cc[nH]c(=O)c12)c1ccnn1C1CCC1,0.25663716814159293,"Q1 [0.000,0.289)"
SFNSKRHUMMXPQB,c1ccc2sc(N3CCC(n4ccnn4)C3)nc2c1,0.325,"Q2 [0.289,0.326)"
QZCJUOFMSGBBPP,O=C(Cc1ccccc1)NC1CCCN(c2nccc(=O)[nH]2)C1,0.30327868852459017,"Q2 [0.289,0.326)"
WPCVTMLILSCELL,O=C(c1nnc(-c2ccccc2)o1)N1CCC1,0.3333333333333333,"Q3 [0.326,0.371)"
LRUOGXKXANYGGD,O=S(=O)(Nc1ccccc1)c1cnn(C2CCOCC2)c1,0.29411764705882354,"Q2 [0.289,0.326)"
QZJUSHQCEZUMIZ,O=C(NCC(c1ccccc1)N1CCOCC1)C1C2CCCC21,0.2815533980582524,"Q1 [0.000,0.289)"
MBFPKNZBDGSZHI,O=C(NCc1ncn[nH]1)c1cn[nH]c1,0.26506024096385544,"Q1 [0.000,0.289)"
IKNDJOQUUNLQNC,O=C(Nc1ccccc1)C1CC1,0.421875,"Q4 [0.371,1.000)"
UQZQUIQKAWLKBL,O=S(=O)(NCCc1ccccc1)N1CCCCC1,0.2975206611570248,"Q2 [0.289,0.326)"
DBZDKQJTBDHFFB,O=S(=O)(c1cccnc1)N1CCCCC1,0.24742268041237114,"Q1 [0.000,0.289)"
CAITUXPUHRQZLS,c1ccc(N2CCCCC2)nc1,0.28735632183908044,"Q1 [0.000,0.289)"
WVEMWMVHVUABTE,c1ccc2c(c1)CCNC2,0.32142857142857145,"Q2 [0.289,0.326)"
OBGROWRLEFYDNC,c1ccc(C2Nc3ccccc3-c3nnnn32)cc1,0.4057971014492754,"Q4 [0.371,1.000)"
KNOUSWTXYVLYPQ,O=C(Nc1ccccc1)C1CC1,0.3375,"Q3 [0.326,0.371)"
WQHQGNVHJHHDOV,O=C(NC1CCN(CC2CC2)CC1)N1CCOC(c2ccccc2)C1,0.2887323943661972,"Q1 [0.000,0.289)"
BBDVRFVEULVQNI,c1ccc(OCCNCc2cc[nH]n2)cc1,0.34177215189873417,"Q3 [0.326,0.371)"
LHUPJUCPOQJJGD,O=C(NCc1ccon1)N1CCCC1c1ccccc1,0.33766233766233766,"Q3 [0.326,0.371)"
RAYSAJRHZXMECJ,O=C(Cn1ccc(=O)[nH]c1=O)N1CCCC1c1cccc2ccccc12,0.3422818791946309,"Q3 [0.326,0.371)"
MAKRVYVRWMUYAU,O=C(CCc1nc2ccccc2[nH]1)N1CCCCC1,0.3253012048192771,"Q2 [0.289,0.326)"
XWKQYHBQAQWBFA,O=C(C1CCN(c2ccccn2)CC1)N1CCCCC1,0.3711340206185567,"Q4 [0.371,1.000)"
XQYWLHDJMFGITJ,O=C1CC(C(=O)N2CCCC(Cc3ccccc3)C2)CCN1,0.32038834951456313,"Q2 [0.289,0.326)"
YZELNXGRLIQYQN,O=C(c1ccncn1)N1CCC2(C1)OCc1ccccc12,0.2830188679245283,"Q1 [0.000,0.289)"
XOBUZDIGQZBQQS,O=C(NCCc1ccccc1)N1CCC2(CCOC2)C1,0.23809523809523808,"Q1 [0.000,0.289)"
LPDCYVPXKBSUGJ,O=C1CC(NC(=O)c2cccc(Nc3nccs3)c2)C(=O)N1,0.2988505747126437,"Q2 [0.289,0.326)"
FBQWQAGKPCPGOR,O=C(Nc1cc(-c2ccncc2)[nH]n1)c1ccc(Cn2cccn2)cc1,0.3333333333333333,"Q3 [0.326,0.371)"
GAFKHPQMZFWZNB,O=C(Cc1cn[nH]c1)N1CCCC1,0.22826086956521738,"Q1 [0.000,0.289)"
LNLGZHCBWVPLMI,O=S(=O)(c1cccnc1)N1CCCCC1,0.27710843373493976,"Q1 [0.000,0.289)"
SEMWGLNGDMEVAA,O=c1[nH]ccn2nccc12,0.3010752688172043,"Q2 [0.289,0.326)"
INBRXPIDTPWJRX,O=S(=O)(c1ccsc1)N1CCCCC1,0.26506024096385544,"Q1 [0.000,0.289)"
SVZNZIMJKDPQAB,O=C(Nc1nccs1)c1ccccc1OCC1CC1,0.42857142857142855,"Q4 [0.371,1.000)"
UWYOIYRTIRENAL,O=C(c1ccccc1)N1CCN(c2cccnc2)CC1,0.375,"Q4 [0.371,1.000)"
MACDVPQOCZTAPS,C1=CC2(CCCN(c3ncnc4[nH]ncc34)C2)Oc2ccccc21,0.32407407407407407,"Q2 [0.289,0.326)"
FIJPVSMRWUXXLD,c1ccc(NCc2ccnc(N3CCCCC3)c2)nc1,0.32989690721649484,"Q3 [0.326,0.371)"
WNDSAUDWDXZVGB,O=C(c1cc(N2CCOCC2)ccn1)N1CCCCC1,0.30612244897959184,"Q2 [0.289,0.326)"
OBLZSTMRCSSZGH,O=C(Cc1c[nH]c2ccccc12)NS(=O)(=O)c1ccccc1,0.3217391304347826,"Q2 [0.289,0.326)"
RVZVZHINAQJAEX,c1ccc(CNc2ncnc3c2CCC3)cc1,0.3804347826086957,"Q4 [0.371,1.000)"
RRLDWBNNFGMAIZ,O=C(CN1CCNCC1)NC1CC1,0.26506024096385544,"Q1 [0.000,0.289)"
KZKCSJUDPAHEJR,O=C(NC1CCCC1)N1CCN(c2cccnn2)CC1,0.3069306930693069,"Q2 [0.289,0.326)"
WEWMHBDEYRHCLY,O=C(Nc1n[nH]nc1C(=O)N1CCCC1)N1CCCCCC1,0.3181818181818182,"Q2 [0.289,0.326)"
WRMDBUPDLANATJ,O=C(Nc1cn[nH]c1)C1CC(=O)N(C2CCCC2)C1,0.3069306930693069,"Q2 [0.289,0.326)"
LXPGHZIUUQIZPM,O=C(NCC1CCCN(c2ccccn2)C1)C1CCCN1,0.26,"Q1 [0.000,0.289)"
ZNKMLPRPTSRLDH,O=C(NCC1CCN(Cc2cccs2)CC1)c1cc(=O)[nH]c(C2CC2)n1,0.3,"Q2 [0.289,0.326)"
MRUKGZTXVRSIMH,O=C(NCc1ccc(-n2ccnc2)cc1)C1CC1,0.3372093023255814,"Q3 [0.326,0.371)"
YZXOMSOQLYBLJN,O=C(Cn1cnc2c(nnn2-c2ccccc2)c1=O)NCc1ccccc1CN1CCCC1=O,0.32,"Q2 [0.289,0.326)"
QGDVTSKJWWKJRQ,O=C(CN1C(=O)Cn2c(cc3ccccc32)C1=O)NCc1cccc(C2NC(=O)NC2=O)c1,0.32,"Q2 [0.289,0.326)"
QQJPBTDMLCYJMW,c1cn2cnnc2c(NCC2CCNCC2)n1,0.18446601941747573,"Q1 [0.000,0.289)"
RQEXDIOUZSNRNU,O=S(=O)(c1ccccc1)N1CCC1,0.26881720430107525,"Q1 [0.000,0.289)"
LKWIZTCIZWKHNR,O=C1CC(NC(=O)c2ccco2)C(=O)N1,0.2619047619047619,"Q1 [0.000,0.289)"
BOSZWQOZILXCIQ,O=C(c1ccc(=O)[nH]c1)N1CCCCCC1c1ccc[nH]1,0.3106796116504854,"Q2 [0.289,0.326)"
IJLUGWXHSXOJJD,O=C(NC1CC1c1cccnc1)C1CCN(C(=O)CCc2ccccc2)CC1,0.4,"Q4 [0.371,1.000)"
RMBNCUBUYDYDEI,O=c1cccnn1Cc1cc(=O)n2ccsc2n1,0.23148148148148148,"Q1 [0.000,0.289)"
WGYDUVQPDXRVGS,O=C(NC1CCCC12CC2)N1CC(Cn2cnnc2)C2(CCC2)C1,0.22818791946308725,"Q1 [0.000,0.289)"
DWSOGVXJBMTDBD,c1ccc2c(c1)OCCN2Cc1ncno1,0.24468085106382978,"Q1 [0.000,0.289)"
DHIVMHAKZLSAQR,O=C(c1ccccc1)N1CCCCC1,0.4126984126984127,"Q4 [0.371,1.000)"
HNZHGYZWSCRMOO,O=C(CC1CCC1)Nc1cc[nH]n1,0.2328767123287671,"Q1 [0.000,0.289)"
GYCGXLPEXLYXAY,O=C(c1ccccc1)N1CCCC1,0.32142857142857145,"Q2 [0.289,0.326)"
NOTJNKTVFGEJCX,c1ccc(NCc2ccncc2)cc1,0.3026315789473684,"Q2 [0.289,0.326)"
MXPJQAUSBFUALV,O=C(c1ccccc1)N1CCCCC1,0.3150684931506849,"Q2 [0.289,0.326)"
XWXGVZAMOQIXDW,O=C(Nc1ccc(-n2cnnn2)cc1)N1CCNCC1,0.2988505747126437,"Q2 [0.289,0.326)"
HTCDMDULQOKOGM,c1ccc(CN2CCC(c3ncno3)CC2)cc1,0.29914529914529914,"Q2 [0.289,0.326)"
CGPMPIOEGMZQIC,O=C(C1CC2CCCC(C2)C1)N1CCN(c2cn[nH]c2)CC1,0.2653061224489796,"Q1 [0.000,0.289)"
XFDORYDVGWJVBV,O=C(NCCN1CCCCC1)c1cnn2c1NCCC2,0.23157894736842105,"Q1 [0.000,0.289)"
OSTAFJTXTAOPLO,c1cnsc1,0.25301204819277107,"Q1 [0.000,0.289)"
HOIHMKVEUXTIKN,O=C(Cc1n[nH]c2c1CCCC2)NC1CCCN(C(=O)N2CCCC2)C1,0.29292929292929293,"Q2 [0.289,0.326)"
DQBZLMMSQLKUNJ,O=C(NC1CCCc2[nH]ncc21)c1ccn[nH]1,0.22727272727272727,"Q1 [0.000,0.289)"
ALRITJLKJLGXEY,O=C(c1ccccn1)N1CCCCC1,0.32558139534883723,"Q3 [0.326,0.371)"
RRDPYUOIATYIMB,c1csc(CN2CCNCC2)n1,0.22448979591836735,"Q1 [0.000,0.289)"
VHHSIOMKYFCGIW,O=C(NCC1CCC2(CC1)CC2)C1CCNCC1c1ccn[nH]1,0.2482758620689655,"Q1 [0.000,0.289)"
DTZQFZOMSDCSDC,O=C(NCc1cocn1)NC1CCOC12CCCCC2,0.23076923076923078,"Q1 [0.000,0.289)"
QTIIGPFIXNEYLR,O=C(Nc1cccnc1N1CCOCC1)NC1CC1,0.2857142857142857,"Q1 [0.000,0.289)"
WXRZKRASWPKBTM,O=C(c1ccccc1OCC1CC1)N1CCC1,0.2898550724637681,"Q2 [0.289,0.326)"
UQFIQZREIGSTMI,O=C(CNC(=O)c1ccc2[nH]ncc2c1)Nc1ccccc1,0.3645833333333333,"Q3 [0.326,0.371)"
JJKWUXSQNBNPGP,O=S(=O)(c1cccc2cnccc12)N1CCCCC1,0.2912621359223301,"Q2 [0.289,0.326)"
FKCPDTZOCPYLOG,O=C(c1ccccc1)N1CCC(CN2CCNCC2)CC1,0.3153153153153153,"Q2 [0.289,0.326)"
XEVVNWAIRMHQBZ,O=C(CNc1ccccn1)NCc1ccccc1,0.47191011235955055,"Q4 [0.371,1.000)"
YUSMLQIBZWMXOQ,O=S(=O)(NCc1ccccc1)c1c[nH]cn1,0.358974358974359,"Q3 [0.326,0.371)"
PDBYEJFTFQSBLG,O=C(C1CC1)N1CCc2ccc(S(=O)(=O)NCc3ccn[nH]3)cc21,0.2857142857142857,"Q1 [0.000,0.289)"
WWKYWMRNADHIQY,O=C(CCn1cnc2[nH]c(=O)[nH]c(=O)c21)Nc1ccncc1,0.44554455445544555,"Q4 [0.371,1.000)"
VKZPDGIDVUJTNW,O=C(NCC1CCCO1)Nc1cccnc1,0.2647058823529412,"Q1 [0.000,0.289)"
WLHHANWDBCHGNB,c1n[nH]c(C2CCNCC2)n1,0.24742268041237114,"Q1 [0.000,0.289)"
KWYQDLDDFLTKPW,O=C(NCc1nncs1)NCC1(N2CCOCC2)CCCCC1,0.2608695652173913,"Q1 [0.000,0.289)"
HLVZTOYEQZMVCN,O=C(c1ccccc1)N1CCCCC1,0.313953488372093,"Q2 [0.289,0.326)"
BQASBBZVUNXTMM,O=C(NC1CCCCC1)c1ncc2ccccn12,0.27450980392156865,"Q1 [0.000,0.289)"
REGMLOIDNYGBKW,O=C(Cc1ccccc1)Nc1ccc2c(c1)NCC2,0.35135135135135137,"Q3 [0.326,0.371)"
HIRRMLALSXTXTM,O=C(NCc1ccccc1)c1ccc(C(=O)N2CCCC2)cc1,0.35185185185185186,"Q3 [0.326,0.371)"
GNKLDAYYGBOUDD,O=C(c1ccccc1)N1CCCC1,0.3163265306122449,"Q2 [0.289,0.326)"
LFBPEEUHPLZMAA,O=C(c1cn[nH]c1-c1cc2ccccc2o1)N1CCOC2(CCCOC2)C1,0.25842696629213485,"Q1 [0.000,0.289)"
QTYHNCSLTXMXEF,O=C(NC1COc2ccccc2C1)N1CCCCC1,0.27722772277227725,"Q1 [0.000,0.289)"
YPHPUOHYJUZODV,O=S(=O)(NCCc1ccccc1)c1ccoc1,0.3333333333333333,"Q3 [0.326,0.371)"
QYORBTWCUMUHCW,O=C(c1ccn[nH]c1=O)N1CCSCC1,0.22784810126582278,"Q1 [0.000,0.289)"
SVQAHDTVQQXCJJ,c1nc(Nc2ccc(NC3CC3)cc2)c2nc[nH]c2n1,0.3333333333333333,"Q3 [0.326,0.371)"
OMQDHIVMUMNWSW,O=S(=O)(NCc1cnco1)c1cn[nH]c1,0.2564102564102564,"Q1 [0.000,0.289)"
PDSPKAOKCWULGT,O=C(NCc1ccccc1)c1ccc2n[nH]nc2c1,0.3695652173913043,"Q3 [0.326,0.371)"
VPBAFTYLLDZMDW,O=C(NC1CCSC1)C1CC2CCC1O2,0.25301204819277107,"Q1 [0.000,0.289)"
LFQRPWMNTPYTLF,c1cn(-c2cc(-c3noc(C4CCCN4)n3)ccn2)cn1,0.3333333333333333,"Q3 [0.326,0.371)"
VVCFTPGSWKEHHY,c1cc(N2CCCCC2)ncn1,0.25961538461538464,"Q1 [0.000,0.289)"
QZZLTBMTFYOLGJ,O=C(c1ccccc1)N1CCCN(C(=O)c2ncsc2-c2ccccc2)CC1,0.33653846153846156,"Q3 [0.326,0.371)"
QDOSVSVNKBUTJN,O=C(Nc1cccc(-c2nnn[nH]2)c1)c1cnc2n1CCCC2,0.2677165354330709,"Q1 [0.000,0.289)"
ASFGHWCVURVFOJ,O=S(=O)(NCCc1cnoc1)c1cn[nH]c1,0.28,"Q1 [0.000,0.289)"
GHJJRODDQVWUME,O=C(CCc1cncs1)N1CCOCC1c1cnn(Cc2ccccc2)c1,0.29838709677419356,"Q2 [0.289,0.326)"
SBHBDTCPZZDTON,O=C(NCc1ccccc1Cn1cncn1)c1cc(-c2ccco2)nc2oncc12,0.3023255813953488,"Q2 [0.289,0.326)"
GIPXFJUDLDEZMG,O=C(c1[nH]nc2nc[nH]c(=O)c12)N(Cc1ccccc1)C1CC1,0.297029702970297,"Q2 [0.289,0.326)"
NTOCOGQIPJPXJJ,c1ccc(C2CCN(Cc3ncon3)CC2)cc1,0.3076923076923077,"Q2 [0.289,0.326)"
LQRLSNGPQQRRNK,O=C(CCn1cnc2cncnc21)NC1COc2ccccc2C1,0.33962264150943394,"Q3 [0.326,0.371)"
JKMFYSHIIWWFFX,O=S(=O)(NCCc1ncn[nH]1)c1ccccc1,0.3055555555555556,"Q2 [0.289,0.326)"
OWZNQAAPPSJNST,O=C(CCc1nc(-c2ccoc2)no1)N1CCCCCC1,0.2642857142857143,"Q1 [0.000,0.289)"
ANUHTANVFPWMSI,O=S(=O)(c1ccn[nH]1)N1CCCCC1,0.24242424242424243,"Q1 [0.000,0.289)"
QICNFVYUOMIKGH,O=S(=O)(NCc1nnc[nH]1)c1ccsc1,0.2765957446808511,"Q1 [0.000,0.289)"
NVKMEZYRKZZKBW,O=C(NCc1c[nH]nn1)c1ccccc1,0.32323232323232326,"Q2 [0.289,0.326)"
YLOFOMDRRTXFRK,O=C(NCc1ccccc1)Nc1[nH]ncc1-c1ccccc1,0.46078431372549017,"Q4 [0.371,1.000)"
DTRPSVBSYRQVQC,O=C(c1ccccc1-c1ccccc1)N1CCCCC1,0.37777777777777777,"Q4 [0.371,1.000)"
GEYKWVXAECNTKP,O=C(Nc1cn[nH]c1)C(c1ccccc1)N1CCCC1,0.3391304347826087,"Q3 [0.326,0.371)"
AMNIUSCVOOCVKZ,O=C(NCCc1ccccc1)c1ccc2c(c1)CCN2,0.3523809523809524,"Q3 [0.326,0.371)"
XKGKMQIZVSKPEE,c1ccc(Cn2cc(C3CC3)nn2)cc1,0.34210526315789475,"Q3 [0.326,0.371)"
ZAFCVSPWRSRKMO,c1nc2ccc(-n3cc(CN4CCOCC4)nn3)cc2[nH]1,0.30927835051546393,"Q2 [0.289,0.326)"
XQQSVKSEZKEBAC,O=C(NCCCc1n[nH]c(=O)[nH]1)C1CCCCC1,0.2638888888888889,"Q1 [0.000,0.289)"
HCXQGHPCFMXKEF,O=C(Nc1ccccc1)C1CC1,0.40789473684210525,"Q4 [0.371,1.000)"
WJHFODNWOFQBJS,O=C1CCC(NS(=O)(=O)c2ccccc2)C(c2ccccc2)N1,0.3829787234042553,"Q4 [0.371,1.000)"
PVQXAWSQCGYOIB,O=C1COc2ccccc2CN1CCNc1ncccn1,0.28125,"Q1 [0.000,0.289)"
GWSDCHNUXVXNNX,O=C(c1cscn1)N1CCCCC1,0.3442622950819672,"Q3 [0.326,0.371)"
XEJJDJWNOMPTOS,O=c1onc(-c2ccccc2)n1CCCNCc1ccccc1,0.375,"Q4 [0.371,1.000)"
VFXBBHIGJTXGOV,c1nc2c(s1)CCCC2,0.2318840579710145,"Q1 [0.000,0.289)"
GAYAMBCVUMSEIR,O=C(NCc1cn[nH]c1)N1CCCCC1,0.2830188679245283,"Q1 [0.000,0.289)"
MUQYULCGKFARHN,O=C1CCc2cc(NC(=O)c3ccc4c(c3)OCC(=O)N4)ccc2N1,0.3119266055045872,"Q2 [0.289,0.326)"
XXQOMTWTRBZRQN,c1ccc(NCc2ccncc2)cc1,0.375,"Q4 [0.371,1.000)"
RVZNMQGZSWJKPL,O=C(Cn1ccnc1C1CC1)Nc1ccccc1,0.35526315789473684,"Q3 [0.326,0.371)"
UGBYCFJSTVKIHO,O=C(CNC(=O)c1ccccc1)NCc1ccccc1,0.4935064935064935,"Q4 [0.371,1.000)"
WQCBMEONWKFYCS,O=C(CCc1ccncc1)NC1CC2CCC(C1)N2,0.25675675675675674,"Q1 [0.000,0.289)"
SEBVJTVXOFZKIW,O=C(NCc1nc(-c2ccccc2)no1)N1CCCCCC1,0.3229166666666667,"Q2 [0.289,0.326)"
QIZWRHOESOMDSJ,O=C(NCC1CC1)N1Cc2cccnc2N2CCCC2C1,0.31313131313131315,"Q2 [0.289,0.326)"
KACQJSFGDFJCLH,c1ccc(Cn2cnc3ccccc32)cc1,0.32967032967032966,"Q3 [0.326,0.371)"
ARZISUFSQFWVQB,O=C(Nc1cccnc1)c1cncs1,0.3108108108108108,"Q2 [0.289,0.326)"
LRZSUXZYLHBALD,c1ccc2oc(C3CCNCC3)nc2c1,0.27611940298507465,"Q1 [0.000,0.289)"
YZUTYCSOBFXPCB,O=C(NC1CCCCC1)c1csc(-c2ccccc2)n1,0.37719298245614036,"Q4 [0.371,1.000)"
PWRBGEBOJJDZQU,O=C(Nc1cccnc1)N1CC2CCCC(C2)C1,0.25806451612903225,"Q1 [0.000,0.289)"
GPMVRUULIJYSSO,O=C(Nc1cncnc1)C1CCOCC1,0.27710843373493976,"Q1 [0.000,0.289)"
RSNMLYBLRCCKFB,O=C(Cn1cccn1)NC1(c2ccccc2)CC1,0.3592233009708738,"Q3 [0.326,0.371)"
LXYMLFGZVRLSFG,c1noc(Cn2ncc3c2CCOC3)n1,0.2621359223300971,"Q1 [0.000,0.289)"
VSHFJJCZRNSNME,O=C(Nc1ccncn1)N1CCN(C2CCC2)CC1,0.2537313432835821,"Q1 [0.000,0.289)"
DMYZESAEGLHIKY,c1ccc(-c2noc(-c3cc[nH]n3)n2)cc1,0.2916666666666667,"Q2 [0.289,0.326)"
STFNBHABMVODER,O=C(NCCc1ccccc1)NC1CCCN(c2cc[nH]n2)C1=O,0.31092436974789917,"Q2 [0.289,0.326)"
FZMPPMZHFRCRJA,O=C(NCc1cccnc1)c1cc2ccccc2o1,0.41975308641975306,"Q4 [0.371,1.000)"
GJOQLBXQANUSPY,O=C(NCC1CCNCC1)c1cc2ncccn2n1,0.27419354838709675,"Q1 [0.000,0.289)"
OKYRNQPXMZDVNY,c1nc2c(s1)CCCC2,0.2376237623762376,"Q1 [0.000,0.289)"
WJVUFIGGUFQLKW,O=C(NCc1ccccc1)C1OCCc2ccccc21,0.4230769230769231,"Q4 [0.371,1.000)"
QIHQWAXDTDKKNY,O=C(NC1CCN(c2ccncn2)CC1)NC1CCCc2ccccc21,0.3129251700680272,"Q2 [0.289,0.326)"
QWMLAHANKLWZEI,O=S(=O)(CC1CC2(CC2)C1)NCc1ccccc1-n1ccnc1,0.2872340425531915,"Q1 [0.000,0.289)"
DBWKUCHFXFQJQN,O=C(Cc1cc[nH]n1)N1CCCC(N2CCNC2=O)C1,0.23958333333333334,"Q1 [0.000,0.289)"
UNLZCZAZZBNHNO,c1cnn(Cc2nnc3n2CCCC3)c1,0.23863636363636365,"Q1 [0.000,0.289)"
PLGGTWWJEUFFEL,O=C(NCC1CCCO1)c1cncs1,0.2714285714285714,"Q1 [0.000,0.289)"
NWFCLGOFGCLNDZ,O=c1[nH]c2c(cc1-c1noc(CCc3cccs3)n1)COCC2,0.2366412213740458,"Q1 [0.000,0.289)"
CJVOSWWGTAGIDT,O=C(NCc1ccccc1)N1CCN(Cc2ccccc2)CC1,0.336283185840708,"Q3 [0.326,0.371)"
MJMVTOAZQOREBK,O=C(c1ccccc1)N1CCCC1,0.3150684931506849,"Q2 [0.289,0.326)"
MCEZENHWMJBPAR,O=C(CNC(=O)c1cncc(-c2ccccc2)c1)NCC1CC1,0.3300970873786408,"Q3 [0.326,0.371)"
BWUPTBZAPZHERA,O=C(NCc1ccccc1)N1CCCC1Cc1ccccc1,0.3609022556390977,"Q3 [0.326,0.371)"
ZDXHGTXNEVAKRA,O=C(C1CCCO1)N1CCN(c2ccncn2)CC1,0.27358490566037735,"Q1 [0.000,0.289)"
PTZOXUDHPREADE,O=C(CCC1CCNC1)Nc1nc(-c2cccs2)cs1,0.23711340206185566,"Q1 [0.000,0.289)"
ZHICKQVFTBWYDM,O=C(Nc1ccccc1)C1CCN(C(=O)c2ccccc2)C1,0.35714285714285715,"Q3 [0.326,0.371)"
DGRURZPJYIGJSV,O=S(=O)(NCCC1=CCCCC1)c1cnc2oncc2c1,0.2727272727272727,"Q1 [0.000,0.289)"
BVFFJCBGIXMIDG,c1ccc(-c2nc(-c3ccncc3)no2)cc1,0.3037974683544304,"Q2 [0.289,0.326)"
ZWWVAGMEBMNTED,O=C(NCc1ccccc1)N1CCN(C2CCOCC2)CC1,0.2905982905982906,"Q2 [0.289,0.326)"
QMLFFCTVWJRANU,O=c1[nH]c2ccccc2[nH]1,0.2911392405063291,"Q2 [0.289,0.326)"
BXXLANNKIKSSAK,c1cnnc(Oc2ccc(Nc3ccncn3)cc2)c1,0.3490566037735849,"Q3 [0.326,0.371)"
SNGXFEAVVHFURX,O=C(CC1CC1)Nc1cn(-c2ccccc2)nn1,0.3108108108108108,"Q2 [0.289,0.326)"
DWXRBQURDUOOGU,O=C(Cc1ccno1)N1CCC(OCCN2CCCC2)CC1,0.24752475247524752,"Q1 [0.000,0.289)"
CLFFOUYDWXIYFC,O=C(NC1CCN(C(=O)c2ccccc2)CC1)C1Cc2ccccc2O1,0.33064516129032256,"Q3 [0.326,0.371)"
HJOPUTXKHKYMMX,O=C(NC1CC(Cn2cccn2)C1)c1cc2ccccn2c1,0.2857142857142857,"Q1 [0.000,0.289)"
VTIHTKBJDLTQBR,O=C1NC(Cc2ccccc2)C(=O)N1CCc1ccccc1,0.45652173913043476,"Q4 [0.371,1.000)"
MNGATHPFCMHKEW,O=C(NCCc1ccccc1)c1ccc(NC(=O)N2CCC(C3CCOCC3)C2)cc1,0.3884297520661157,"Q4 [0.371,1.000)"
PRFDMLRCVPNDSX,c1cc(NCC2(N3CCCCC3)CCOCC2)ncn1,0.22448979591836735,"Q1 [0.000,0.289)"
XVWQMRXTQQHBTP,c1ccc(-n2ccnc2)cc1,0.30337078651685395,"Q2 [0.289,0.326)"
CQQHFCULHZVPRD,c1ccc(-c2ccc(N3CCNCC3)nn2)cc1,0.39,"Q4 [0.371,1.000)"
ZDLMBXUVCRSPLM,O=C(c1ccc2[nH]cnc2c1)N1CCOCC1,0.27906976744186046,"Q1 [0.000,0.289)"
MJTJWILWZLXNTI,c1ccc2c(c1)CCCC2c1noc(-c2cc[nH]n2)n1,0.3465346534653465,"Q3 [0.326,0.371)"
OGBHLGXFWAQUBL,c1cc(-c2nc(C3CCCCC3)no2)n[nH]1,0.3048780487804878,"Q2 [0.289,0.326)"
QTDHAZMJMNEWAU,O=C(NCc1ccccc1)NCC1CCCN1,0.3655913978494624,"Q3 [0.326,0.371)"
KLDHHGSOCVZZNG,O=C(c1cc(=O)[nH]c2ccccc12)N1CCN(S(=O)(=O)c2ccccc2)CC1,0.35454545454545455,"Q3 [0.326,0.371)"
JICFYZFHQWLZHB,O=S(=O)(NCC1CC1)c1ccc2scnc2c1,0.275,"Q1 [0.000,0.289)"
YZOGFRNARBCCAR,O=S(=O)(c1ccc2c(c1)CCN2)N1CCCNCC1,0.3010752688172043,"Q2 [0.289,0.326)"
OYYIDSASRNIMDJ,O=C(CN1CCOCC1)N1CCC(n2cccn2)CC1,0.30303030303030304,"Q2 [0.289,0.326)"
YTWLJPMOLXWHPC,O=C(Nc1cc(-c2ccco2)n[nH]1)N1CCOC2(CCCOC2)C1,0.22727272727272727,"Q1 [0.000,0.289)"
ZYCUNUXHMOXNMP,O=C(CNC(=O)c1cccnc1)NC1CCCCC1,0.42168674698795183,"Q4 [0.371,1.000)"
IBJNFHRVSZFQPI,O=C(c1ccccc1)N1CCCCC1,0.25609756097560976,"Q1 [0.000,0.289)"
GAKBBBATMGZBFG,O=C(NCCC1CC1)c1cccn2ccnc12,0.3055555555555556,"Q2 [0.289,0.326)"
YYHOVMFGNHRDNE,O=C(NCc1cc2c([nH]c1=O)CCC2)NC(c1ccccc1)C1CCOCC1,0.2857142857142857,"Q1 [0.000,0.289)"
SWODVSZHKFPVSW,O=C(NS(=O)(=O)c1ccc2c(c1)NCCC2)C1COC1,0.33707865168539325,"Q3 [0.326,0.371)"
UTXKQARHPXZVPA,O=C1CC(NC(=O)c2ccc[nH]2)C(=O)N1,0.25,"Q1 [0.000,0.289)"
FADPEUJKKSQDAE,O=C(c1cnn(-c2ccccc2)c1)N1CCCCCC1,0.2967032967032967,"Q2 [0.289,0.326)"
NEGPAVSXSLHMAR,O=c1[nH]c2ccccc2[nH]1,0.3188405797101449,"Q2 [0.289,0.326)"
AZRUZSXNSHVGTE,c1ccc2c(c1)CCOC2,0.29310344827586204,"Q2 [0.289,0.326)"
JJBSHDIWHGYCGS,c1cncc(Cn2cccc2)c1,0.4166666666666667,"Q4 [0.371,1.000)"
ZHCPCHSZBGPHCK,c1ccc2c(c1)CCOC2,0.32653061224489793,"Q3 [0.326,0.371)"
DNXVJPKGBWVABF,c1ccc(-n2ccnc2)cc1,0.3582089552238806,"Q3 [0.326,0.371)"
MHUCACBKXQMSGS,c1cn2c(n1)CCCC2,0.2459016393442623,"Q1 [0.000,0.289)"
VXXPDVSKXQEYHP,c1ccc2c(c1)CCOC2,0.3,"Q2 [0.289,0.326)"
XXKQUDUROIXGAP,c1ccc(-c2nccs2)cc1,0.3291139240506329,"Q3 [0.326,0.371)"
LUZJTZJJRISIMM,c1cn2c(n1)COCC2,0.21818181818181817,"Q1 [0.000,0.289)"
ULXPHEADJMDPAK,C1CC2CCC1CC2,0.22105263157894736,"Q1 [0.000,0.289)"
PFMAFXYUHZDKPY,O=C(Nc1ccccc1)C1CC1,0.44642857142857145,"Q4 [0.371,1.000)"
QNGRDARNLFTZBH,O=c1[nH]c2ccccc2[nH]1,0.30434782608695654,"Q2 [0.289,0.326)"
XGCKXFIEBXHNRH,O=c1[nH]c2ccccc2[nH]1,0.3389830508474576,"Q3 [0.326,0.371)"
OFNWTLAASXRJGP,O=C(c1ccccc1)N1CCCCC1,0.379746835443038,"Q4 [0.371,1.000)"
DIDOKOLOHVIZJC,O=C(c1ccccc1)N1CCCCC1,0.3333333333333333,"Q3 [0.326,0.371)"
RQUKINPYLPLHGJ,c1cn2c(n1)CCCC2,0.31343283582089554,"Q2 [0.289,0.326)"
VUZWQGLSALVGPX,c1cn2c(n1)CCCC2,0.23214285714285715,"Q1 [0.000,0.289)"
CTZWEXAQFFYMQD,c1ccc2c(c1)CCOC2,0.3076923076923077,"Q2 [0.289,0.326)"
LCWKMFAIJGCODM,c1cn2c(n1)CCCC2,0.2753623188405797,"Q1 [0.000,0.289)"
QIUYMSWVNBLRAK,c1ccc(C2=NCCCN2)cc1,0.33962264150943394,"Q3 [0.326,0.371)"
DJJLKDMESZPSAM,c1ccc(-c2cscn2)cc1,0.36666666666666664,"Q3 [0.326,0.371)"
SILWMAYWINQECB,c1ccc(-c2cscn2)cc1,0.3898305084745763,"Q4 [0.371,1.000)"
HOHDRALPTPPVRL,c1cn2c(n1)CCCC2,0.2571428571428571,"Q1 [0.000,0.289)"
ORSGNNVYFOPYKB,c1ccc(-c2cscn2)cc1,0.46153846153846156,"Q4 [0.371,1.000)"
UIKXPQHSUCBEDS,c1occ2c1CCC2,0.20967741935483872,"Q1 [0.000,0.289)"
UZGFTJROENGNCP,c1ccc(OC2CCC2)nc1,0.30612244897959184,"Q2 [0.289,0.326)"
ILNAWZRUSSBUFI,C1CC2CCC1CC2,0.27450980392156865,"Q1 [0.000,0.289)"
HRUXUHQNXUDJEP,c1ccc(-n2cc(C3CC3)cn2)cc1,0.3582089552238806,"Q3 [0.326,0.371)"
YHTKTBSWVKJNQG,c1ccc(-c2nccs2)cc1,0.4,"Q4 [0.371,1.000)"
KECBFKQVKNASAO,c1nc2c(s1)CCCC2,0.20634920634920634,"Q1 [0.000,0.289)"
ZQKMWRGUSKTUKM,O=C(c1ccccc1)N1CCCC1,0.31868131868131866,"Q2 [0.289,0.326)"
XXVIWRVYQXMKFZ,c1cc2c(s1)CCNC2,0.22972972972972974,"Q1 [0.000,0.289)"
YCBQRGIGGSLCNZ,c1ccc2nc(-n3ccnc3)ccc2c1,0.4931506849315068,"Q4 [0.371,1.000)"
HCZFDNCWDZDFTP,c1cn2c(n1)CCCC2,0.23529411764705882,"Q1 [0.000,0.289)"
AHVXODVMORVSSK,c1ccc(-c2nccs2)cc1,0.323943661971831,"Q2 [0.289,0.326)"
CRSMRBYEBHOYRM,c1ccc(-c2nccs2)cc1,0.4057971014492754,"Q4 [0.371,1.000)"
VWZIPYZDJWDKQC,c1cnc2c(c1)cnn2CC1CC1,0.2571428571428571,"Q1 [0.000,0.289)"
IGOFZBKTHGDWHV,c1ccc2c(c1)CCNC2,0.2716049382716049,"Q1 [0.000,0.289)"
DLBDAPLFRGILPT,C1CC2CCC1CC2,0.19148936170212766,"Q1 [0.000,0.289)"
XMFACEUEFDPCDJ,c1coc(CN2CCCC2)c1,0.3835616438356164,"Q4 [0.371,1.000)"
QCEUWPGTKKABMR,O=C(c1ccccc1)N1CCCC1,0.3698630136986301,"Q3 [0.326,0.371)"
TXVDLQWWBZGVFL,O=C(c1ccccc1)N1CCCCC1,0.3246753246753247,"Q2 [0.289,0.326)"
XLNHRXYLROTQBE,c1ccc(-n2ccnc2)cc1,0.39622641509433965,"Q4 [0.371,1.000)"
RQYKQWFHJOBBAO,O=C(c1ccccc1)N1CCCC1,0.4444444444444444,"Q4 [0.371,1.000)"
FJLNQZUVLMNZHZ,O=C(c1ccccc1)N1CCCCC1,0.28421052631578947,"Q1 [0.000,0.289)"
SBKOERBWQZBUHY,O=C(c1ccccc1)N1CCCCC1,0.28421052631578947,"Q1 [0.000,0.289)"
URPMRXHWRPAAQS,c1ccc(-n2ccnc2)cc1,0.3582089552238806,"Q3 [0.326,0.371)"
CWFUERSVWFQTQD,c1cnsc1,0.2549019607843137,"Q1 [0.000,0.289)"
QYOVAVZUAMSCRH,c1ccc(-c2cscn2)cc1,0.43103448275862066,"Q4 [0.371,1.000)"
WJYGMMUSUAJJIC,O=C(Nc1ccncc1)C1CC1,0.3114754098360656,"Q2 [0.289,0.326)"
RNCCMTVMMFUIKR,c1ccc(CN2CCCCC2)cc1,0.5070422535211268,"Q4 [0.371,1.000)"
LCOQAOKOYAJCQQ,c1cc(CC2CCCCC2)ccn1,0.32098765432098764,"Q2 [0.289,0.326)"
ITLFUSTVHIDZQX,O=C(c1ccccc1)N1CCCCC1,0.2876712328767123,"Q1 [0.000,0.289)"
ITKCGEBAAOLKSC,O=C(c1ccccc1)N1CCCC1,0.3492063492063492,"Q3 [0.326,0.371)"
DTSDLWAOZTXSRD,c1cnsc1,0.3103448275862069,"Q2 [0.289,0.326)"
DKCCMQRKDKYYCA,c1ccc(-c2cscn2)cc1,0.4032258064516129,"Q4 [0.371,1.000)"
NHANBRGFHLSHFU,O=C1NCCCN1,0.30952380952380953,"Q2 [0.289,0.326)"
DGUQEGBVTIEEKQ,O=C(c1ccccc1)N1CCCCC1,0.3382352941176471,"Q3 [0.326,0.371)"
CVFPYLOKDVVBKE,C1COC1,0.21951219512195122,"Q1 [0.000,0.289)"
FGLQAKJRFPNIJT,O=C(c1ccccc1)N1CCCCC1,0.35106382978723405,"Q3 [0.326,0.371)"
MTEGIGAXIPMRGL,c1cn2c(n1)CCCC2,0.23943661971830985,"Q1 [0.000,0.289)"
NDXRNFGHRDRBGC,c1cc2c(s1)CCNC2,0.22950819672131148,"Q1 [0.000,0.289)"
GFBVWFUOBGFUMD,c1cn2c(n1)CCCC2,0.225,"Q1 [0.000,0.289)"
JYSSUXMJWSBYLQ,O=C(c1ccccn1)N1CCCCC1,0.3068181818181818,"Q2 [0.289,0.326)"
SDKBFRSMGTTWTQ,c1ccc2c(c1)CCNC2,0.3068181818181818,"Q2 [0.289,0.326)"
YXSXPCQHCMZSDE,O=C(c1ccccn1)N1CCCCC1,0.3048780487804878,"Q2 [0.289,0.326)"
IUZPVUZQTFUBDQ,O=S1(=O)CC2CC2C1,0.2033898305084746,"Q1 [0.000,0.289)"
ZZYAPCVTAISJMX,c1cc(N2CCCCC2)ncn1,0.2839506172839506,"Q1 [0.000,0.289)"
CUVKRPUNVDDPKG,c1ccc(-c2nccs2)cc1,0.3793103448275862,"Q4 [0.371,1.000)"
FSVMTMFHLLEQAS,c1ccc(-n2ccnc2)cc1,0.3898305084745763,"Q4 [0.371,1.000)"
KYAKCEFHQBQOIA,c1ccc(CN2CCCCC2)cc1,0.32926829268292684,"Q3 [0.326,0.371)"
ZLGAIZATGMSSMM,c1ccc(N2CCCCC2)nc1,0.345679012345679,"Q3 [0.326,0.371)"
QUAOLILOJUFFCQ,c1ccc(N2CCCCC2)nc1,0.2835820895522388,"Q1 [0.000,0.289)"
ZBWOJSJXEMASGM,c1ccc(-c2nccs2)cc1,0.3020833333333333,"Q2 [0.289,0.326)"
RJOVVWOESCKFGX,c1ccc(-c2nccs2)cc1,0.3157894736842105,"Q2 [0.289,0.326)"
UZNKRPSOIPMUBF,c1ccc2c(c1)CCNC2,0.3333333333333333,"Q3 [0.326,0.371)"
UIVYUTLYDWQGPA,c1ccc2c(c1)CCNC2,0.29310344827586204,"Q2 [0.289,0.326)"
QVRRFSGTYXPKNT,c1cc2c(cn1)CCCC2,0.265625,"Q1 [0.000,0.289)"
LTUZWGRJHXDJQU,O=C(c1ccccc1)N1CCCC1,0.30120481927710846,"Q2 [0.289,0.326)"
XNOWUQASBFMFRQ,O=C1CCCCC2CCCN12,0.34,"Q3 [0.326,0.371)"
SMOMONDAXIUQRC,c1ccc(-c2ncc3n2CCOC3)cc1,0.35443037974683544,"Q3 [0.326,0.371)"
LBHNNLZEKMLNAB,c1cncc(C2CC2)c1,0.38095238095238093,"Q4 [0.371,1.000)"
QRUXVXOIPLWZKN,c1cnnc(OC2CCCC2)c1,0.2840909090909091,"Q1 [0.000,0.289)"
DBYLAWFMMVZTRR,c1ccc(-n2ccnc2)cc1,0.375,"Q4 [0.371,1.000)"
KRDFWGCVKLXKPE,C1COC1,0.25,"Q1 [0.000,0.289)"
OFJLLTAXRDUMJR,c1cnsc1,0.3958333333333333,"Q4 [0.371,1.000)"
SITAFLYAZRCCOA,O=C1CCCN1c1cc[nH]n1,0.23880597014925373,"Q1 [0.000,0.289)"
PBWMSJSMORYOHC,c1cncc(C2CC2)c1,0.32608695652173914,"Q3 [0.326,0.371)"
VSQKTNVCXGXCHB,c1cn2c(n1)CCCC2,0.2653061224489796,"Q1 [0.000,0.289)"
NITORFLPAOBOBV,C1CCC2(CC1)CNCCN2,0.29508196721311475,"Q2 [0.289,0.326)"
NARCGKIHGJYFGP,c1cc(CN2CCCCC2)on1,0.3333333333333333,"Q3 [0.326,0.371)"
OKAXESAODCHISR,c1ccc2c(c1)CCOC2,0.29411764705882354,"Q2 [0.289,0.326)"
RADUDMOWBXJWDS,c1cn2c(n1)COCC2,0.20408163265306123,"Q1 [0.000,0.289)"
XJJVZQAVNSNXPG,c1ccc2c(c1)CCNC2,0.2857142857142857,"Q1 [0.000,0.289)"
BUAVPRGEIAVFBF,c1ccc2c(c1)CCNC2,0.3287671232876712,"Q3 [0.326,0.371)"
NXLLJAFDWSUDJZ,O=c1[nH]c2ccccc2[nH]1,0.30434782608695654,"Q2 [0.289,0.326)"
VLRYOFORWCUUGY,C1CC2CNCC(C1)C2,0.22580645161290322,"Q1 [0.000,0.289)"
WAFHCRSXUYAKPS,O=C(c1ccccc1)N1CCCCC1,0.3333333333333333,"Q3 [0.326,0.371)"
IEGXCDUXWSIMOK,c1ccc(-c2ccsn2)cc1,0.46153846153846156,"Q4 [0.371,1.000)"
LCALUFNLWHYTKX,c1ccc(-c2nccs2)cc1,0.39705882352941174,"Q4 [0.371,1.000)"
APXSARIYDLVPAY,c1ccc(-c2cscn2)cc1,0.4482758620689655,"Q4 [0.371,1.000)"
OLQHHTZTEVMZLC,c1ccc(-c2cscn2)cc1,0.4411764705882353,"Q4 [0.371,1.000)"
RBZPOPOXHFIWRM,c1ccc(-c2nccs2)cc1,0.3684210526315789,"Q3 [0.326,0.371)"
RXFRECYQSDDFRO,O=C(Nc1ccccc1)C1CC1,0.43636363636363634,"Q4 [0.371,1.000)"
KOKPIRATDLRXGI,O=C(Nc1ccccc1)C1CC1,0.32,"Q2 [0.289,0.326)"
DZLLPMGZWXRTEN,O=C(Nc1ccccc1)C1CC1,0.44642857142857145,"Q4 [0.371,1.000)"
SIOSXNKQRPZOHX,O=C(c1ccccc1)N1CCCC1,0.27692307692307694,"Q1 [0.000,0.289)"
SVCRXDDLDXEULM,O=C(c1ccccc1)N1CCCCC1,0.27956989247311825,"Q1 [0.000,0.289)"
RTDDBKWELKXHBW,O=C(c1ccccc1)N1CCCC1,0.2903225806451613,"Q2 [0.289,0.326)"
PWDGGEJDPBDIAY,c1ccc(-c2nccs2)cc1,0.32432432432432434,"Q2 [0.289,0.326)"
IHMBHIOGTQMMMF,c1ccc(-c2cscn2)cc1,0.32432432432432434,"Q2 [0.289,0.326)"
DGZPYJBDYGAEBE,c1ccc(-c2cscn2)cc1,0.35294117647058826,"Q3 [0.326,0.371)"
YTKCHCJDOISLAU,c1cn2c(n1)CCCC2,0.24615384615384617,"Q1 [0.000,0.289)"
RFVQCWQMQWFMPC,c1ccc(-c2ccsn2)cc1,0.423728813559322,"Q4 [0.371,1.000)"
MPASLJSNTCHITE,c1ccc(-c2nccs2)cc1,0.3048780487804878,"Q2 [0.289,0.326)"
QUYJUFWTTOQQMF,c1cn2c(n1)CCCC2,0.23333333333333334,"Q1 [0.000,0.289)"
AXUQDVWLGHDPFM,O=C(c1ccccc1)N1CCCC1,0.27184466019417475,"Q1 [0.000,0.289)"
SRKAYPNQWBNHTG,O=c1[nH]c2ccccc2[nH]1,0.3384615384615385,"Q3 [0.326,0.371)"
OAZNNWXXNNDJOU,O=C(Nc1ccncc1)C1CC1,0.3064516129032258,"Q2 [0.289,0.326)"
VZCAPDCBGHRAFS,c1ccn(-c2ccon2)c1,0.2972972972972973,"Q2 [0.289,0.326)"
RUTFSUOGFWWRBL,C1COC(C2CCNC2)C1,0.2153846153846154,"Q1 [0.000,0.289)"
PHPUKMOMHABFFK,c1ccc2c(c1)CCNC2,0.2875,"Q1 [0.000,0.289)"
DYGFATZRJSYKSW,c1ccc2c(c1)CCNC2,0.3787878787878788,"Q4 [0.371,1.000)"
MFCQNNWGDHTHFR,O=C(NC1CCSC1)c1ccco1,0.25,"Q1 [0.000,0.289)"
CTWCQCGNRZVMLE,O=C(Nc1ccccc1)C1CC1,0.39285714285714285,"Q4 [0.371,1.000)"
FZWHVDUOXWTZHX,c1ccc(-c2nccs2)cc1,0.30985915492957744,"Q2 [0.289,0.326)"
XBMNSFACTKHIEP,c1ccc(N2CCCCCC2)nc1,0.34615384615384615,"Q3 [0.326,0.371)"
TVFGZWKEGBWVQO,O=C(NC1CCc2ccccc21)C1CC1,0.2857142857142857,"Q1 [0.000,0.289)"
TXSSFUAQFNUBSH,c1cnsc1,0.23255813953488372,"Q1 [0.000,0.289)"
QZQCXIGVFAOJNE,c1ccc(N2CCCCC2)nc1,0.32941176470588235,"Q3 [0.326,0.371)"
YOSRZAOSDZTMAM,c1ccc(N2CCCCC2)nc1,0.2835820895522388,"Q1 [0.000,0.289)"
SNIJJDOFXHTRLC,c1ccc(N2CCCCC2)nc1,0.2903225806451613,"Q2 [0.289,0.326)"
VUCHWJUTZNNJOL,O=C(c1ccccc1)N1CCCCC1,0.2962962962962963,"Q2 [0.289,0.326)"
UYBHGRFXSSIUGU,O=C(c1ccccc1)N1CCCC1,0.25301204819277107,"Q1 [0.000,0.289)"
FQCOYYZFWUEYJN,O=S(=O)(c1ccccc1)N1CCC1,0.36065573770491804,"Q3 [0.326,0.371)"
ZLYXWUNQWRXGGZ,O=C(c1ccccc1)N1CCCCC1,0.32786885245901637,"Q3 [0.326,0.371)"
LCWJZPXKKPAQRB,O=C(c1ccccc1)N1CCCCC1,0.3125,"Q2 [0.289,0.326)"
LPWTYNCDRVZJMN,O=C(Nc1ccccc1)C1CC1,0.32786885245901637,"Q3 [0.326,0.371)"
UBHJKSCECHWTGU,c1ccc2c(c1)CCNC2,0.4,"Q4 [0.371,1.000)"
YIGYJEWJHOCKSR,O=c1[nH]c2ccccc2[nH]1,0.29411764705882354,"Q2 [0.289,0.326)"
QOJQFOYPWWTPCA,c1ccc(-c2nccs2)cc1,0.33783783783783783,"Q3 [0.326,0.371)"
YPBZAIDTVYRGIL,c1cn2c(n1)CCCC2,0.2545454545454545,"Q1 [0.000,0.289)"
WRCCKEVVICUODU,c1ccc(CN2CCCCC2)cc1,0.36923076923076925,"Q3 [0.326,0.371)"
LGYWONXHPYENRN,c1ccc(-n2ccnc2)cc1,0.3582089552238806,"Q3 [0.326,0.371)"
SHPOJMUZHLUQPG,c1csc(NC2CCCC2)n1,0.2857142857142857,"Q1 [0.000,0.289)"
OAFRCZCYWOFYGI,O=c1[nH]c2ccccc2[nH]1,0.3508771929824561,"Q3 [0.326,0.371)"
BCDMDOUWGCCDRR,c1ccc(-n2ccnc2)cc1,0.3582089552238806,"Q3 [0.326,0.371)"
IBQCJIMAXSKLKT,c1ccc(Oc2cccnc2)cc1,0.4722222222222222,"Q4 [0.371,1.000)"
FDQFTGXHOIXOCY,c1ccc(Oc2cccnc2)cc1,0.4520547945205479,"Q4 [0.371,1.000)"
XZQLPGQZPFIVES,c1cc2c(s1)CCNC2,0.24,"Q1 [0.000,0.289)"
IBUSLNJQKLZPNR,c1ccc(-c2nccs2)cc1,0.417910447761194,"Q4 [0.371,1.000)"
BRVBACYZMACJFP,O=C(c1ccccc1)N1CCCCC1,0.3783783783783784,"Q4 [0.371,1.000)"
JKGLTCBDQLNFEM,O=C(c1ccccc1)N1CCCCC1,0.379746835443038,"Q4 [0.371,1.000)"
WOGFRQYQWSZVJK,c1ccc2c3c(ccc2c1)OCCC3,0.39655172413793105,"Q4 [0.371,1.000)"
URJVHPYSDFTUKA,c1nc2c(s1)CCCC2,0.3,"Q2 [0.289,0.326)"
CGMNZWYGTFJKTF,c1ccc(-c2ncc(C3CC3)o2)cc1,0.3918918918918919,"Q4 [0.371,1.000)"
HWHHZTHVYFDJNK,c1ccc(-c2nccs2)cc1,0.38235294117647056,"Q4 [0.371,1.000)"
INOUVVOCLUGPBQ,c1ccc(Nc2cc[nH]n2)cc1,0.3488372093023256,"Q3 [0.326,0.371)"
NOBBVBPNOXXVPA,O=C(c1ccccc1)N1CCCCC1,0.3191489361702128,"Q2 [0.289,0.326)"
QFUYZERHMQJGCA,c1cnsc1,0.2727272727272727,"Q1 [0.000,0.289)"
ZVMVNRWWXZEPMS,c1ccc(-c2nccs2)cc1,0.3673469387755102,"Q3 [0.326,0.371)"
JSYNROPGKZVGRJ,c1ccc(-c2cscn2)cc1,0.4067796610169492,"Q4 [0.371,1.000)"
NYJHTTLXERQUIV,c1ccc(-c2cscn2)cc1,0.3333333333333333,"Q3 [0.326,0.371)"
JGHIRRNBELFNCN,O=c1[nH]c2ccccc2[nH]1,0.3384615384615385,"Q3 [0.326,0.371)"
WXENPEKCGWEERP,c1ccc(-c2nccs2)cc1,0.34,"Q3 [0.326,0.371)"
JEXSEAJTSGDEFV,c1ccn(-c2ccon2)c1,0.3181818181818182,"Q2 [0.289,0.326)"
CNBQGXOEOOVTPA,c1ccc2c(c1)CCNC2,0.3404255319148936,"Q3 [0.326,0.371)"
YNZJJMDTAFCBGO,c1ccc(N2CCCCC2)nc1,0.31645569620253167,"Q2 [0.289,0.326)"
QZBDYCNMWXWQNV,c1ccc2c(c1)CCNC2,0.32558139534883723,"Q3 [0.326,0.371)"
KBBGVLJOPVWVFH,O=C(c1ccccc1)N1CCCC1,0.39473684210526316,"Q4 [0.371,1.000)"
BVUJBJCCSDLXPU,O=C(c1ccccc1)N1CCCCC1,0.4266666666666667,"Q4 [0.371,1.000)"
XYGZRKXUXAMXOE,O=C1CCCC(c2cnc[nH]2)N1C1CC1,0.27586206896551724,"Q1 [0.000,0.289)"
HNNMEKLBMLMCBS,c1ccc(-c2nccs2)cc1,0.3048780487804878,"Q2 [0.289,0.326)"
SVBOIEXGALEPEE,c1cnsc1,0.2653061224489796,"Q1 [0.000,0.289)"
WXHAKCASYYCJED,c1ccc(-n2ccnc2)cc1,0.41304347826086957,"Q4 [0.371,1.000)"
ASRBUXIQHDAEIL,O=c1[nH]c2ccccc2[nH]1,0.3150684931506849,"Q2 [0.289,0.326)"
OPFLZKSANFLFBS,O=c1[nH]c2ccccc2[nH]1,0.34328358208955223,"Q3 [0.326,0.371)"
TWIMAQLGJSZRPW,O=C1NCCCN1c1ccccc1,0.32075471698113206,"Q2 [0.289,0.326)"
RBGADQFAOPPWGC,c1ccc2c(c1)CCNC2,0.3181818181818182,"Q2 [0.289,0.326)"
LFIDZIWWYNTQOQ,c1ccc(-n2ccnc2)cc1,0.3541666666666667,"Q3 [0.326,0.371)"
DWCFVNOTHMYLBS,c1ccc2c(c1)CCNC2,0.3380281690140845,"Q3 [0.326,0.371)"
VFRODOHJPWZONY,c1nc2c(s1)CCCC2,0.21875,"Q1 [0.000,0.289)"
UZXSKGJRGZRUNL,c1ccc(-c2nccs2)cc1,0.373134328358209,"Q4 [0.371,1.000)"
RQLIRNHFEYPHIB,O=C(c1ccccc1)N1CCCC1,0.32989690721649484,"Q3 [0.326,0.371)"
YQPINMZQOZZKPY,c1ccc(N2CCCCC2)nc1,0.2962962962962963,"Q2 [0.289,0.326)"
KNDSIDUPVUCATQ,c1ccc(N2CCCCC2)nc1,0.3181818181818182,"Q2 [0.289,0.326)"
SGRMUAZFOWNSGE,c1cnn2ccnc2c1,0.40476190476190477,"Q4 [0.371,1.000)"
BPPDUAGOIPBYRM,c1ccc(-c2nccs2)cc1,0.3225806451612903,"Q2 [0.289,0.326)"
WYVJANJHKTZGQY,c1ccc(-c2nccs2)cc1,0.4266666666666667,"Q4 [0.371,1.000)"
ULCYEGWQENYMDK,c1ccc(OC2CCC2)nc1,0.2916666666666667,"Q2 [0.289,0.326)"
ZBDXJNSQBIUHPE,c1ccc(-c2cn3ccsc3n2)cc1,0.40789473684210525,"Q4 [0.371,1.000)"
KPWQEBRONVVIER,c1ccc(-c2cscn2)cc1,0.37735849056603776,"Q4 [0.371,1.000)"
RZLZSAUBPWBVHK,O=C(c1ccccc1)N1CCCCC1,0.3076923076923077,"Q2 [0.289,0.326)"
OIBLFOXWCGIRIQ,c1ccc(-c2nccs2)cc1,0.4153846153846154,"Q4 [0.371,1.000)"
AQDKCBABWSPBMW,c1ccc(-c2nccs2)cc1,0.3620689655172414,"Q3 [0.326,0.371)"
JLJKSGJPQNPRKV,c1ccc(-c2cscn2)cc1,0.375,"Q4 [0.371,1.000)"
UCYWUSDJNCOTDP,c1ccc(-c2nccs2)cc1,0.2894736842105263,"Q2 [0.289,0.326)"
KRIIMUBXSVTNPP,c1ccc(-c2cn3ccsc3n2)cc1,0.34177215189873417,"Q3 [0.326,0.371)"
YDPHSMPSNLAMJE,c1ccc(-c2cscn2)cc1,0.34,"Q3 [0.326,0.371)"
RXNSIWMZXKBHEH,c1ccc(CC2CCOCC2)cc1,0.29591836734693877,"Q2 [0.289,0.326)"
APBSKHYXXKHJFK,c1ccc(-c2nccs2)cc1,0.35294117647058826,"Q3 [0.326,0.371)"
IOSJMGIPOGWVTB,c1ccc(-c2nccs2)cc1,0.3695652173913043,"Q3 [0.326,0.371)"
LTDDGJHJBNMJRK,O=C(Nc1ccccc1)C1CC1,0.4,"Q4 [0.371,1.000)"
IMIKNCFPHJZMGM,c1ccc2c(c1)CCNC2,0.31958762886597936,"Q2 [0.289,0.326)"
GTJYCOSSMNZWMW,C1=NCCCCN1,0.18571428571428572,"Q1 [0.000,0.289)"
AKFDBWIUWIWHRK,c1csc(-c2ccsc2)c1,0.29577464788732394,"Q2 [0.289,0.326)"
MTVWIZYQYPRZGZ,c1ccc(-c2nccs2)cc1,0.34285714285714286,"Q3 [0.326,0.371)"
KKXLQCXBVYONKC,C(=Nc1cc2c(s1)CCC2)c1ccccc1,0.2882882882882883,"Q1 [0.000,0.289)"
NUZWQKDXTFZYAX,c1csc(-c2ccsc2)c1,0.2692307692307692,"Q1 [0.000,0.289)"
ZFEHQZVNKOESSZ,c1cnsc1,0.425,"Q4 [0.371,1.000)"
MTRRSPDOJDFQDH,c1cnc2[nH]c(-c3cnc4c(c3)CCN4)nc2c1,0.26744186046511625,"Q1 [0.000,0.289)"
PURHFVNFMSOIJH,C(=Cc1ccc2ccccc2n1)c1ccccc1,0.4936708860759494,"Q4 [0.371,1.000)"
OFJMBYNHVPUZMN,c1cnc2[nH]c(N3CCCC3c3ncno3)nc2c1,0.2605633802816901,"Q1 [0.000,0.289)"
OEYJTWUFGQRSOD,c1cc2c(s1)CCNC2,0.2112676056338028,"Q1 [0.000,0.289)"
SCJWOXHAIPTQOC,c1cc2c(s1)CN(C1CCCCC1)C2,0.3548387096774194,"Q3 [0.326,0.371)"
OGKKTKJMFUTPIA,c1cc2c(s1)CN(C1CC1)C2,0.24705882352941178,"Q1 [0.000,0.289)"
PDVCIGMMJKNORA,O=S(=O)(c1ccsc1)N1CCCCC1,0.34177215189873417,"Q3 [0.326,0.371)"
KIQQMECNKUGGKA,N=C1C=C2CCC3C4CCCC4CCC3C2CC1,0.6206896551724138,"Q4 [0.371,1.000)"
FZEXGDDBXLBRTD,C=C1CCCCC1=CC=C1CCCC2CCCC12,0.2191780821917808,"Q1 [0.000,0.289)"
SSSSSRHTQJUDRO,O=c1c2cscc2ncn1Cc1ccccc1,0.36,"Q3 [0.326,0.371)"
UBUFMVOIJFGHKA,O=C(c1ccc(-c2cccs2)cc1)N1CC(S(=O)(=O)c2ccccc2)C1,0.34285714285714286,"Q3 [0.326,0.371)"
LYOCHRVTVLIYFT,O=c1[nH]ccnc1N1CCCC(NS(=O)(=O)C2CC2)C1,0.25263157894736843,"Q1 [0.000,0.289)"
DLZDUCJCGFMIAU,O=C(Cc1cccs1)Nc1ccc2c(c1)CC(=O)N2,0.33707865168539325,"Q3 [0.326,0.371)"
JJIMCCHZDOGURL,c1c(N2CCNCC2)ncc2c1CCOC2,0.2230769230769231,"Q1 [0.000,0.289)"
WIYIAUIDIQIUSG,O=C(Nc1nccs1)Nc1c[nH]c2ccccc12,0.34177215189873417,"Q3 [0.326,0.371)"
BDKFWDMHRLBTQX,O=C(NCC1CCNCC1)c1cn[nH]c1,0.2912621359223301,"Q2 [0.289,0.326)"
BOYHVPMMHBEHIX,O=C(Nc1ccccc1)N1CCc2nc[nH]c2C1,0.3142857142857143,"Q2 [0.289,0.326)"
ZKCLNNGLRZKNHE,O=S(=O)(c1ccccc1)N1CCn2cccc2C1c1ccccc1,0.36363636363636365,"Q3 [0.326,0.371)"
KXNBWJUWZRKVDR,O=C(NCc1ccc2c(c1)OCO2)c1ccc2c(c1)NC(=O)c1ccccc1O2,0.38095238095238093,"Q4 [0.371,1.000)"
AVTUIUWFMKJFBL,c1ccc(OCC2CCN(c3ncccn3)CC2)nc1,0.2823529411764706,"Q1 [0.000,0.289)"
XDFJNVGGWZOHGA,O=C1NC(=O)C2CN(c3ccnc4ncnn34)CC12,0.23958333333333334,"Q1 [0.000,0.289)"
AXKQSMSSPPGZII,O=C(COc1ccc(-c2ccccc2)cc1)Nc1ccc(C(=O)N2CCOCC2)cc1,0.4077669902912621,"Q4 [0.371,1.000)"
RZGJXOYLCJHEME,O=C(CSc1nccn1Cc1ccccc1)Nc1ccccc1,0.3652173913043478,"Q3 [0.326,0.371)"
ICGFGHZRZAWMBJ,O=C(Nc1ccccn1)NC1CC(=O)N(c2ccccc2)C1,0.32978723404255317,"Q3 [0.326,0.371)"
VMWHFEYYQDXBSW,O=C(NN=Cc1ccccc1)c1ccncc1,0.3541666666666667,"Q3 [0.326,0.371)"
NFGDCDDXOHUEMR,O=C(c1cc(C2CC2)on1)N1CCC(Oc2cccnn2)CC1,0.27205882352941174,"Q1 [0.000,0.289)"
WLPIOKDZFCRHSG,O=S(=O)(NCCc1cccs1)c1csc(-c2cc[nH]n2)c1,0.27184466019417475,"Q1 [0.000,0.289)"
QUFSIDPXKMUZQP,c1ccc(Oc2ccc3c(c2)OCO3)cc1,0.4017857142857143,"Q4 [0.371,1.000)"
WBIWXOYFBIBKLU,O=C(CN1C(=O)CSCC1=O)Nc1ccc2c(c1)OCO2,0.3448275862068966,"Q3 [0.326,0.371)"
SHCVLGQJKKOFLP,O=C(Nn1cnnc1)c1cc(-c2ccccc2)nc2ccccc12,0.47191011235955055,"Q4 [0.371,1.000)"
ZFVRZCOYEGPUMF,O=C(CSc1nccn1Cc1ccccc1)Nc1ccccc1,0.38095238095238093,"Q4 [0.371,1.000)"
LRZWTTAXZONAPZ,O=C(NCCn1ccnc1)c1ccncn1,0.2875,"Q1 [0.000,0.289)"
NNQWLEPULUPBGJ,c1ccc(-c2cn3ccc4ccccc4c3n2)cc1,0.4,"Q4 [0.371,1.000)"
QLCPXBNPJYPZNA,O=C(Nc1ccc2c(c1)NCCC2)C1CCCC1,0.3469387755102041,"Q3 [0.326,0.371)"
DKQPQLMXUBOHCJ,c1ccc(Cc2nc(-c3ccnc(N4CCOCC4)c3)no2)cc1,0.3130434782608696,"Q2 [0.289,0.326)"
UHQPFFDBVZBACR,c1ccc(-c2csc(CN3CCNCC3)n2)cc1,0.3,"Q2 [0.289,0.326)"
SWJIBJMKYFCRKI,c1ccc(Oc2ccc3c(c2)OCO3)cc1,0.4424778761061947,"Q4 [0.371,1.000)"
HGXJSIYOYSXLKS,O=C(NCC1CCCc2sccc21)c1ccccc1,0.3627450980392157,"Q3 [0.326,0.371)"
HGCXCEJKNOQINF,c1cnc2[nH]c(N3CC(n4cnc5ccccc54)C3)nc2c1,0.33783783783783783,"Q3 [0.326,0.371)"
RLWYQYJDDGAIEQ,O=C(Cc1ccccc1)N1CCCC(c2cn[nH]c2)C1,0.3125,"Q2 [0.289,0.326)"
UKNZMOROCYCILU,O=S(=O)(c1ccccc1)N1CCC1,0.3023255813953488,"Q2 [0.289,0.326)"
GPALGKSCOBEDRB,O=C(NCc1ccc2c(c1)OCO2)C1(c2cccs2)CCCC1,0.3373493975903614,"Q3 [0.326,0.371)"
SNIRDYBRRSPIOS,c1ccc2[nH]c(N3CCNCC3)nc2c1,0.35064935064935066,"Q3 [0.326,0.371)"
DZHJHVJQIJAISV,c1ccc(-c2nc3ccccn3c2Nc2ccc3c(c2)OCO3)cc1,0.3979591836734694,"Q4 [0.371,1.000)"
ZZLYWHBBSWHXQS,O=C(c1ccc2ncsc2c1)N1CCC(c2ccsc2)C1,0.2627118644067797,"Q1 [0.000,0.289)"
TXILATYTSWUCOC,O=S(=O)(NC1CCCN(Cc2cncs2)C1)C1CC1,0.21782178217821782,"Q1 [0.000,0.289)"
PQBPNMUXWHRSQN,O=C(OC(C(=O)c1ccccc1)c1ccccc1)c1cc2ccccc2oc1=O,0.46078431372549017,"Q4 [0.371,1.000)"
WMNOZYSFNYMTMS,O=C(Nc1cccc2ncccc12)c1ccc2nc(C3CC3)cn2n1,0.3627450980392157,"Q3 [0.326,0.371)"
PJQATPZVMAZNTA,O=C(OCc1cc(-c2ccco2)on1)c1cc2ccccc2o1,0.35802469135802467,"Q3 [0.326,0.371)"
HIYNWHZXAPVRKD,O=C(NCCc1ccccc1)c1ccc2nnc(C3CC3)n2n1,0.3418803418803419,"Q3 [0.326,0.371)"
OGHUXJYIXVZKKP,O=C(CSc1ccc(N2CCCC(C(=O)NC3CC3)C2)nn1)NCc1cccs1,0.2932330827067669,"Q2 [0.289,0.326)"
ITKBPOIHCRBICA,O=C(Nc1cnccn1)c1ccccc1,0.36046511627906974,"Q3 [0.326,0.371)"
ISWKHUFQFFMJEZ,O=C(C1CCCCC1)N1CCCC1c1nc2ccccc2s1,0.4666666666666667,"Q4 [0.371,1.000)"
PSEBDGBXQNJMQF,O=C(NCCOc1ccccc1)c1cccc2ccccc12,0.44565217391304346,"Q4 [0.371,1.000)"
ITJRXSINQGBIEZ,c1ccc(N2CCN(c3ncnc4[nH]cnc34)CC2)cc1,0.32038834951456313,"Q2 [0.289,0.326)"
GEGXEQVNKUROBO,O=C(CSc1nnc(Cc2ccccc2)o1)Nc1ccon1,0.3103448275862069,"Q2 [0.289,0.326)"
HXEITZOCFUROJN,O=C(Nc1cccc(C(=O)N2CCCCC2)c1)c1ccncc1,0.3275862068965517,"Q3 [0.326,0.371)"
JBGBLLLLUFLADF,O=C(CCNc1c(-c2ccccc2)nc2cnccn12)NCc1ccccn1,0.32786885245901637,"Q3 [0.326,0.371)"
KOAURBRLPSRJKB,O=C(Cc1ccccc1)N1CCC(Oc2ccncc2)CC1,0.38144329896907214,"Q4 [0.371,1.000)"
RTFWEVDELQACLZ,O=S(=O)(c1ccccc1)N1CCC(n2cc(C3CC3)nn2)C1,0.3,"Q2 [0.289,0.326)"
PXJKLJYELSZNOT,O=C(c1ccn[nH]1)N1CCCC1c1ccccc1,0.3125,"Q2 [0.289,0.326)"
FUUZWZULGCSMMN,O=C(c1ccccc1)N1CCN(Cc2nc(C3CC3)cs2)CC1,0.3046875,"Q2 [0.289,0.326)"
GDOPUQCTURWFRZ,c1ccc(CNCCOc2ccccn2)cc1,0.3617021276595745,"Q3 [0.326,0.371)"
QNBDHPGKOSSXKM,O=S(=O)(c1ccccc1)N1CCC1,0.30337078651685395,"Q2 [0.289,0.326)"
HHVYAGWNQIODGE,O=C(NCc1ccncc1)C1CCc2nc[nH]c2C1,0.2727272727272727,"Q1 [0.000,0.289)"
RGMVRMIKCIACQX,O=S1(=O)NC=C(c2ccccc2)c2ccccc21,0.47058823529411764,"Q4 [0.371,1.000)"
ARJWUCMLFKXVNT,O=C(NCC1CN(c2nc3ccccc3o2)C1)C1CC1,0.29545454545454547,"Q2 [0.289,0.326)"
NKKYCRXFARUKNP,O=C(c1ccc2ncsc2c1)N1CCCC(c2cn[nH]c2)C1,0.26,"Q1 [0.000,0.289)"
ZFXCBNLVDDVARD,O=c1oc2c3c(ccc2cc1Cc1ccccc1)OCN(C1CC1)C3,0.33653846153846156,"Q3 [0.326,0.371)"
TXSCILRZHRQAQJ,O=S(=O)(C1CCCCC1)N1CCCC(Oc2cccnn2)C1,0.3076923076923077,"Q2 [0.289,0.326)"
SMJDHWGYYDNAOF,O=C1NC2=C(C(=O)N(CCc3ccccc3)C2)C(c2ccccc2)N1,0.3655913978494624,"Q3 [0.326,0.371)"
JEWRSHUNJODUMM,O=C(NC(=S)NCc1ccco1)c1ccc2c(c1)OCO2,0.3247863247863248,"Q2 [0.289,0.326)"
OSSATJHWJLNSBT,O=C(COc1ccccc1)N1CCN(Cc2nc(-c3ccccc3)cs2)CC1,0.391304347826087,"Q4 [0.371,1.000)"
YYEMVRKDHHYRLI,O=C(NCC1CCNCC1)c1cccc2c1OCCO2,0.35714285714285715,"Q3 [0.326,0.371)"
CDOMJCMBQMNPDT,O=c1cc(CN2CCCCC2)c2ccccc2o1,0.36486486486486486,"Q3 [0.326,0.371)"
MPIOJVCHEGPEOR,O=C(NCCc1ccccc1)N(Cc1cc(C2CC2)[nH]n1)C1CCCC1,0.36363636363636365,"Q3 [0.326,0.371)"
KXYVKKMKSMVGKC,c1cc(N2CCN(c3ccc4nncn4n3)CC2)ncn1,0.2523364485981308,"Q1 [0.000,0.289)"
UEQMXHMDHKBLDE,O=C(c1ccoc1)N1CCCC(Oc2cccnn2)C1,0.35294117647058826,"Q3 [0.326,0.371)"
RCBAZSUUZXBLNG,O=C1COC2(CN1)CC1CCC(C2)N1Cc1cc[nH]c(=O)c1,0.23893805309734514,"Q1 [0.000,0.289)"
DPVNSEYKIZKSRC,O=C(NCC(c1cccnc1)c1c[nH]c2ccccc12)Nc1ccccc1,0.3644067796610169,"Q3 [0.326,0.371)"
GCHZCESVNNAMGM,O=C1COc2ccccc2CN1,0.29245283018867924,"Q2 [0.289,0.326)"
KVAXPUZHIFVMTF,O=C(NCCCc1ccsc1)NCCc1ccccc1,0.4065934065934066,"Q4 [0.371,1.000)"
KMMQTGKDSBGLSC,O=S(=O)(Nc1ccccc1Cc1nc(-c2cccnc2)no1)c1ccc2c(c1)CCCC2,0.34074074074074073,"Q3 [0.326,0.371)"
MNCXVZPLNMHGLE,O=C(COc1ccccc1)N1CCNCC1,0.3333333333333333,"Q3 [0.326,0.371)"
GWZLRKFYXNEMHJ,O=C(NCC(c1cccnc1)c1c[nH]c2ccccc12)Nc1ccccc1,0.31896551724137934,"Q2 [0.289,0.326)"
BLIGYOLZLBADOO,O=C1OC(C(=O)Nc2ccccc2)Cc2ccccc21,0.43661971830985913,"Q4 [0.371,1.000)"
FZUWCFPJUXNKQA,O=C(C1CCCNC1)N1CCn2c(nnc2-c2ccccc2)C1,0.28440366972477066,"Q1 [0.000,0.289)"
RLAVTFCDWFOZPI,O=c1c(N2CCN(Cc3ccccc3)CC2)csc2ccccc12,0.37254901960784315,"Q4 [0.371,1.000)"
YASWRRPVLJWGSZ,O=C(Nc1ccc(C=NNS(=O)(=O)c2ccccc2)cc1)c1ccccc1,0.37254901960784315,"Q4 [0.371,1.000)"
SRRMHZDWSSOJFG,O=S(=O)(NC1CCN(c2ccnc3ccnn23)C1)C1CC1,0.23655913978494625,"Q1 [0.000,0.289)"
ZTJHCFYPEPKFJN,O=C(NCc1cccnc1)c1c[nH]c2ccccc2c1=O,0.5,"Q4 [0.371,1.000)"
PRCAAWXZTCJCIT,c1ccc(SCc2nn3cnnc3s2)cc1,0.3037974683544304,"Q2 [0.289,0.326)"
PAFHVQUKBWINJN,O=C(NCc1nccnc1-c1ccoc1)c1cccs1,0.29473684210526313,"Q2 [0.289,0.326)"
TUTXSVWZWUKKGS,O=C(COc1cccc2c(=O)[nH]ccc12)Nc1ccon1,0.3333333333333333,"Q3 [0.326,0.371)"
YQMVGURCJRYUAU,O=C1c2ccccc2C(=O)N1Cc1ccsc1-c1ccccc1,0.4189189189189189,"Q4 [0.371,1.000)"
XKCQCBXTCUHZJB,O=C(CNC(=O)c1cn[nH]c1)NCc1ccc(OCc2ccccc2)cc1,0.3983050847457627,"Q4 [0.371,1.000)"
VRKHWXCJILMKGE,O=C1CC(c2ccccc2)Cc2nc(Nc3ncc4ccccc4n3)ncc21,0.3238095238095238,"Q2 [0.289,0.326)"
JZSSNGMOABOMSP,O=C1CCCC2=C1C(c1cccs1)C=CO2,0.2804878048780488,"Q1 [0.000,0.289)"
KKPBEEUDEPWXOZ,O=C(NCCC1=CCCCC1)c1cccnc1,0.26126126126126126,"Q1 [0.000,0.289)"
VZWZTMQVZNRXGW,O=S(=O)(c1ccccc1)C1CCN(c2ncccn2)CC1,0.29292929292929293,"Q2 [0.289,0.326)"
HXUZJRZGVPHOLS,O=C(c1ccccc1)N1CCCCC1,0.3103448275862069,"Q2 [0.289,0.326)"
DRSIHPIXSJAPIM,O=C(CC(c1cccs1)n1cccc1)N1CCN(c2ccccn2)CC1,0.4,"Q4 [0.371,1.000)"
WEUVDIPPJFUNGC,O=C1CCCC(=O)N1CCS(=O)(=O)N1CCN(c2ccccc2)CC1,0.30275229357798167,"Q2 [0.289,0.326)"
AUGDMRLCZLZNAV,O=C(NCCN1CCn2ccc(=O)cc2C1=O)c1ccccc1,0.3302752293577982,"Q3 [0.326,0.371)"
VVZUEFDUAPUNCP,O=C(NCC(=O)N1CCC(Oc2ccncn2)C1)OCc1ccccc1,0.34579439252336447,"Q3 [0.326,0.371)"
BKMIDWLXVPBRTF,O=C(Nc1ccccc1)C1CC1,0.3048780487804878,"Q2 [0.289,0.326)"
UYFXCIRWYDNOTH,O=C(c1cccc(N2C(=O)CCS2(=O)=O)c1)N1CCN(C(=O)c2ccco2)CC1,0.27927927927927926,"Q1 [0.000,0.289)"
VSDBMXVNZFLXQJ,O=C(Nc1ccc2nn(-c3ccccc3)nc2c1)c1cccs1,0.37349397590361444,"Q4 [0.371,1.000)"
BRKOXPOUZMNVMY,O=C(NC1CCN(c2cnccn2)C1)c1ccn[nH]1,0.23,"Q1 [0.000,0.289)"
BBBGVZGSLWYKJS,O=C(Cc1ccc2ccccc2c1)Nc1cccc2c1C(=O)NC2=O,0.3979591836734694,"Q4 [0.371,1.000)"
WKNQHHPAWUEHJP,O=C(CCc1ccccc1)Nc1ccc2c(c1)Sc1ncccc1C(=O)N2,0.34210526315789475,"Q3 [0.326,0.371)"
VDMLZTNRSXUCAF,O=S(=O)(c1ccccc1)C1CCN(S(=O)(=O)C2CC2)C1,0.3055555555555556,"Q2 [0.289,0.326)"
BUUYBVANKGVUPS,O=C(NCCc1ncccn1)c1ccsc1,0.31958762886597936,"Q2 [0.289,0.326)"
VIDPZOHPZLMFMG,O=C(NCc1ccco1)NC1CCN(Cc2cccnc2)C1,0.2909090909090909,"Q2 [0.289,0.326)"
FQEJDAWEEMHOPF,c1cc(NC2CCN(C3CCOCC3)C2)nc(C2CC2)n1,0.25555555555555554,"Q1 [0.000,0.289)"
ZELBWKQCKWGLCQ,O=C(Nc1ccccc1)C(c1ccccc1)n1cccc1,0.4675324675324675,"Q4 [0.371,1.000)"
KFEUWXIJZMHHPO,O=C(NCC1CC2CCC1C2)c1ccn[nH]1,0.2828282828282828,"Q1 [0.000,0.289)"
IASQAFATDSINJP,O=C(c1ccon1)N1CCN(c2nc3ccccc3s2)CC1,0.3157894736842105,"Q2 [0.289,0.326)"
JVZODUDPVLMSGD,O=S(=O)(c1ccccc1)N1CC(Cn2ccnc2)C1,0.3389830508474576,"Q3 [0.326,0.371)"
CESPBYKHQFWTEN,O=S(=O)(c1ccccc1)N(Cc1ccccc1)c1ncns1,0.3153153153153153,"Q2 [0.289,0.326)"
CTLHJIDJZWRXFW,O=C(Cc1cccn1-c1ccccc1)NCc1cccnc1,0.33695652173913043,"Q3 [0.326,0.371)"
DLNKEVNTTQXDQI,O=C(Nc1ccccc1)c1cccn1Cc1ncon1,0.3176470588235294,"Q2 [0.289,0.326)"
HLNMTGHWWMPFBQ,O=C(Nc1ccccc1)c1cccn1Cc1ncon1,0.3333333333333333,"Q3 [0.326,0.371)"
DMRNLQWLIZBCOS,c1ccc(COc2ccc(CNc3nnn[nH]3)cc2)cc1,0.3523809523809524,"Q3 [0.326,0.371)"
QZDFFXQSVNDGJK,O=C(Cn1cccc1)NCc1nc2ccccc2[nH]1,0.358974358974359,"Q3 [0.326,0.371)"
PMPMWODVOPSICU,O=S(=O)(c1cccs1)N1CCNCC1,0.2831858407079646,"Q1 [0.000,0.289)"
ALJGEIHALHOYBM,O=C(Cn1cccc1)Nc1ccn2nnnc2c1,0.24175824175824176,"Q1 [0.000,0.289)"
ACKGPXAGBGOMDC,O=C(c1ccccc1)N1CCCC1,0.38461538461538464,"Q4 [0.371,1.000)"
XKQPOCQFHUNOGR,O=S(=O)(NC1CCCCC1)c1cccc2ccccc12,0.4936708860759494,"Q4 [0.371,1.000)"
DGPZZJWXSCTRCP,O=C(Nc1ccc2ccccc2c1)c1ccn[nH]1,0.4111111111111111,"Q4 [0.371,1.000)"
PLGNGKJSMAJHIT,O=C(c1ccc(=O)[nH]n1)N1CCN(C(=O)c2ccco2)CC1,0.2755102040816326,"Q1 [0.000,0.289)"
AQKDLXAVHYMYEH,O=C(NCCc1ccc(-c2ccn[nH]2)cc1)c1ccsc1,0.4,"Q4 [0.371,1.000)"
OLXPRJZWYJVTID,C1=COC(c2ccccc2)CC1,0.2815533980582524,"Q1 [0.000,0.289)"
LEZIRUYKUACGFM,O=C(Oc1ccc2ccc(=O)oc2c1)c1ccco1,0.484375,"Q4 [0.371,1.000)"
GODKRHVVPVVLME,O=C(CC1C(=O)N(Cc2ccccc2)c2ccccc21)c1ccc2c(c1)OCCO2,0.3387096774193548,"Q3 [0.326,0.371)"
LEGZOECBZABSPT,O=C(Cc1noc2ccccc12)N1CC2CCCC2(COc2ncccn2)C1,0.2833333333333333,"Q1 [0.000,0.289)"
JCGJTRSQNYSJKJ,O=C(NCc1ccco1)C1CCCN(C(=O)c2ccccc2)C1,0.3177570093457944,"Q2 [0.289,0.326)"
KVVAVXVHSRLIBN,O=C(NCCc1ccoc1)C1(c2cccs2)CCCC1,0.38666666666666666,"Q4 [0.371,1.000)"
BDSNSMHEGAEHTO,O=C(Nc1ccc(N2CCN(c3ccccc3)C2=O)nc1)c1ccccc1,0.36,"Q3 [0.326,0.371)"
KMYCMQJJHPETIQ,O=C(NN=Cc1ccco1)C(c1ccccc1)c1ccccc1,0.3894736842105263,"Q4 [0.371,1.000)"
JWVJGALQJZHBGF,S=C(Nc1ccccc1)Nc1ccccn1,0.3974358974358974,"Q4 [0.371,1.000)"
FDCOZKYDNKVQKT,O=C(NN=Cc1ccccc1)c1cnc2ccccn12,0.3614457831325301,"Q3 [0.326,0.371)"
JQROSJPTTJLFDJ,O=C(CC1CSc2ccccc2NC1=O)Nc1ccccc1,0.4666666666666667,"Q4 [0.371,1.000)"
SWGPOLJRYSDVMX,c1ccc(-c2nncs2)cc1,0.3829787234042553,"Q4 [0.371,1.000)"
WQNBUBSVMBVCHX,O=C(Nc1ccccc1)c1cccn1Cc1ncon1,0.38961038961038963,"Q4 [0.371,1.000)"
NNNXTCKXARMVQJ,O=C1NC2=C(C(=O)N(CCc3ccccc3)C2)C(c2ccccc2)N1,0.3217391304347826,"Q2 [0.289,0.326)"
IMCXKHQBTHFQBW,O=S(=O)(NC1CN(c2ccccn2)C1)c1cn[nH]c1,0.31868131868131866,"Q2 [0.289,0.326)"
GYNUJHFCHMOVCB,O=C(NCCc1ccc(-c2ccsc2)cc1)c1ccoc1,0.3142857142857143,"Q2 [0.289,0.326)"
IENRUAOIHULQMP,O=C(c1cc(-c2cccs2)[nH]n1)N1CCCN(C2CCN(Cc3ccccc3)C2=O)CC1,0.29285714285714287,"Q2 [0.289,0.326)"
SJCNNMVVXKAPBZ,O=S(=O)(NCc1cccnc1-c1ccco1)c1cn[nH]c1,0.32142857142857145,"Q2 [0.289,0.326)"
SEVMKNFSHYAUFL,O=C(NCCCc1ccccc1)NCc1cccs1,0.3592233009708738,"Q3 [0.326,0.371)"
VONBJVMXIPVTCT,c1cncc(CN2CCCC2)c1,0.2692307692307692,"Q1 [0.000,0.289)"
XFQUTHGJHZARMQ,O=c1cc(N2CCN(c3nc4ccccc4s3)CC2)nc2ccccn12,0.4090909090909091,"Q4 [0.371,1.000)"
GINNJIXEEMMQPM,O=C(Nc1cnc(N2CCOCC2)nc1)c1ccncc1,0.3076923076923077,"Q2 [0.289,0.326)"
DGMHZRGWIBEQRD,O=C(c1ccccc1)N(CCc1cccs1)Cc1ccoc1,0.3333333333333333,"Q3 [0.326,0.371)"
NNTXVUVNSRRNPZ,c1ccc2nc(NC3CCCCC3)cnc2c1,0.3218390804597701,"Q2 [0.289,0.326)"
DCEIVSPKMYJJMV,O=C1CN(C2CCN(c3ncccn3)CC2)C(=O)N1C1CC1,0.26126126126126126,"Q1 [0.000,0.289)"
FHORLLXVWLRZQP,O=S(=O)(NCc1c(-c2ccccc2)nc2scnn12)c1ccccc1,0.3076923076923077,"Q2 [0.289,0.326)"
LGFRTQWOTFTCNY,c1ccc(-c2ncc3c(n2)CCCC3)cc1,0.44,"Q4 [0.371,1.000)"
ANTPZBHAAGEDSZ,O=S(=O)(Cc1ccccc1)NCc1ccsc1,0.34146341463414637,"Q3 [0.326,0.371)"
OLIUYWRYLSTSNX,O=C(Nc1ccccc1)c1ccc2c3ccccc3ccn12,0.43617021276595747,"Q4 [0.371,1.000)"
GVNHIKUJPKCSHB,O=S(=O)(NCc1ccsc1)c1ccccc1,0.32926829268292684,"Q3 [0.326,0.371)"
KUENNEVNJYLHII,c1ccc2c(c1)CCN(c1ccnc3ncnn13)C2,0.2962962962962963,"Q2 [0.289,0.326)"
ULXNBBUIWLOIGX,c1ccc(OCc2ccco2)cc1,0.34285714285714286,"Q3 [0.326,0.371)"
ULYVWGOPCMQMMK,c1ccc(-c2cc3n(n2)CCCNC3)cc1,0.3465346534653465,"Q3 [0.326,0.371)"
MIXMDHASDKHEPQ,O=C(Cc1ccccc1)NCC(c1cccs1)N1CCc2ccccc21,0.34375,"Q3 [0.326,0.371)"
LAHZUCVXFZNQIK,O=S(=O)(NCCn1cc(-c2ccsc2)cn1)c1cn[nH]c1,0.3163265306122449,"Q2 [0.289,0.326)"
MFAZGMJAAYOCDS,O=C(Nc1nc(-c2ccc3c(c2)OCCO3)cs1)C1CC1,0.3977272727272727,"Q4 [0.371,1.000)"
CVHWODYNIJRZEB,O=C(Nc1ccccn1)C1CCCN(c2ncnc3onc(-c4ccccc4)c23)C1,0.3137254901960784,"Q2 [0.289,0.326)"
CJPZJGRYWDXARF,O=C(NN=Cc1ccccc1)c1cnc2ccccn12,0.30275229357798167,"Q2 [0.289,0.326)"
YLLSAAGNSLGKBG,O=S(=O)(C1CC1)N1CCC(Oc2ccncc2)CC1,0.24528301886792453,"Q1 [0.000,0.289)"
WYQMSKPPOZREMJ,O=C(Nc1ccccc1)N1CCc2nc[nH]c2C1,0.37142857142857144,"Q4 [0.371,1.000)"
SBDOHRSOXNIYAM,c1nc(N2CCNCC2)c2c3c(sc2n1)CCCCC3,0.26136363636363635,"Q1 [0.000,0.289)"
BMPYNJMSUJGDCT,c1ccc(C2=NN(c3ccccc3)C3c4ccccc4CC23)cc1,0.42391304347826086,"Q4 [0.371,1.000)"
UADYBQSGBKLYHO,O=S1(=O)N=C(N2CCN(c3ncnc4[nH]cnc34)CC2)c2ccccc21,0.34545454545454546,"Q3 [0.326,0.371)"
ATDXYMGWIYOMJS,O=C(NCc1cc(-c2ccccc2)on1)c1ccc2c(c1)OCO2,0.3983050847457627,"Q4 [0.371,1.000)"
JZOMYLSRHYPZRD,O=C(Nc1ccc2c(c1)OCO2)C1CC=CCC1,0.3372093023255814,"Q3 [0.326,0.371)"
PGAMNPSQOQDEBO,O=C(NC1CSCC1OC(=O)c1ccccc1)c1ccccc1,0.5211267605633803,"Q4 [0.371,1.000)"
BBVAIMDZPQPUEE,O=S(=O)(NCc1ccsc1)c1ccccc1,0.3153153153153153,"Q2 [0.289,0.326)"
GGZBJUKOQMPCLA,O=c1[nH]nnc2sc3c(c12)CCCC3,0.23148148148148148,"Q1 [0.000,0.289)"
GKVGPDGZKYWCCT,O=C(Nc1cc2c(s1)CCCC2)c1ccncc1,0.30120481927710846,"Q2 [0.289,0.326)"
VTCWOCMAJAZGDN,O=C(Nc1ccc2c(c1)OCCO2)c1ncnc2c1CCCC2,0.3829787234042553,"Q4 [0.371,1.000)"
MZPCXDRTEMAEAT,O=C(Cc1cccs1)NCCn1ccc(-c2ccsc2)n1,0.2631578947368421,"Q1 [0.000,0.289)"
MQLVSJWWOAEOHG,O=C(CCc1ccccc1)Nc1ccc(CC(=O)NC2CC2)cc1,0.43157894736842106,"Q4 [0.371,1.000)"
RJTWAJLVIJNWSV,O=C(CC=NNC(=O)c1ccco1)Nc1ccccc1,0.3695652173913043,"Q3 [0.326,0.371)"
IEIBGDAQUUQYNV,O=C(NCc1ccc(-c2ccsc2)o1)c1cccs1,0.26136363636363635,"Q1 [0.000,0.289)"
TWORHUPCIIARFV,O=C(CN1CCN(c2ncc[nH]2)CC1)NCc1ccccc1,0.37623762376237624,"Q4 [0.371,1.000)"
BBCGDINHMMRTKY,O=C(CSc1n[nH]c(-c2ccccc2)n1)Nc1ccccc1,0.43617021276595747,"Q4 [0.371,1.000)"
AMEOADGQDHEPGC,O=S(=O)(c1ccccc1)N1CCC1,0.29508196721311475,"Q2 [0.289,0.326)"
MKALIWAQLVSBGD,O=C(COc1ccccc1)NCCc1ccsc1,0.35051546391752575,"Q3 [0.326,0.371)"
FQJJBMORPKMFAH,O=C(Cc1ccccc1)N1CCC=N1,0.3103448275862069,"Q2 [0.289,0.326)"
YRRRNRJVKKLPGC,c1ccc(CSc2nc3ccccc3[nH]2)cc1,0.32989690721649484,"Q3 [0.326,0.371)"
LCVLBAXAPIHFOD,O=C(Cn1nc2c(cc1=O)CCC2)NCc1cccnc1,0.308411214953271,"Q2 [0.289,0.326)"
JIQCAJSFUGBZLJ,O=C(Cn1nc(C(=O)Nc2ccccc2)ccc1=O)NCc1ccccc1,0.35,"Q3 [0.326,0.371)"
OYFBUHYOSJDLIE,O=c1c2c(ncn1CCc1ccccc1)CCS2,0.3230769230769231,"Q2 [0.289,0.326)"
XGSPZHRUDMNDIF,O=C1CN(C2CCN(CC(=O)Nc3ccccc3)CC2)C(=O)N1,0.36470588235294116,"Q3 [0.326,0.371)"
UJUBNEITSNSXJC,c1ccc2c(c1)CCNC2,0.2621359223300971,"Q1 [0.000,0.289)"
XBTBWNPJZREILU,O=C(NCc1ccccc1)N1CCCC1c1nc(-c2ccccc2)no1,0.34579439252336447,"Q3 [0.326,0.371)"
OWTLGUIPXLIQTF,O=C(Nc1cccc2c1C(=O)NC2=O)c1ccccc1,0.3541666666666667,"Q3 [0.326,0.371)"
VJNCFWSWYXSMLO,O=C(NCCc1ccccc1)Nc1cccs1,0.32608695652173914,"Q3 [0.326,0.371)"
NONQSRJCQNHKPQ,O=C(c1ccccc1)N1CCCC1c1nc(-c2ccccc2)no1,0.3333333333333333,"Q3 [0.326,0.371)"
YEUXEWXPLWSHGR,O=S(=O)(NCCNc1ccncn1)c1ccccc1,0.30434782608695654,"Q2 [0.289,0.326)"
LSJXDAXOVGUNQV,O=C(Oc1ccccc1)c1ccnc2ccccc12,0.4936708860759494,"Q4 [0.371,1.000)"
MRVRDFDPBJRBAS,O=C(CN1C(=O)c2cccnc2Oc2ccccc21)NCCc1c[nH]c2ccccc12,0.34210526315789475,"Q3 [0.326,0.371)"
WUAHXUILPOKYOR,O=S(=O)(NCCc1ccco1)c1ccc2ccccc2c1,0.39361702127659576,"Q4 [0.371,1.000)"
SRKQWHHXEQFHCC,O=C(NCC1CCCO1)C1CCN(Cc2cc3ccccc3n2Cc2ccccc2)CC1,0.35877862595419846,"Q3 [0.326,0.371)"
SSFRKPVAZFUAIC,O=C(c1ccco1)N1CCN(Cc2nnnn2-c2ccccc2)CC1,0.3252032520325203,"Q2 [0.289,0.326)"
QSDSRGKCMPNOKK,O=c1n(Cc2ccccc2)nc2ccc(S(=O)(=O)N3CCCCC3)cn12,0.3277310924369748,"Q3 [0.326,0.371)"
JKZLTHBIPDKVQG,O=C(NCCc1nc(-c2cccs2)c[nH]1)C1(c2ccccc2)CCCC1,0.34782608695652173,"Q3 [0.326,0.371)"
JPBRAMBTYMFTAR,O=S(=O)(NCc1nccc(N2CCCC2)n1)c1ccccc1,0.4,"Q4 [0.371,1.000)"
XNMKZEHLDXKOKX,c1ncc(-c2ccc(CN3CC(Cn4cncn4)C3)cc2)cn1,0.3402061855670103,"Q3 [0.326,0.371)"
RRXPGAHGJLNHAT,O=C(Cn1nc(-c2ccccc2)ccc1=O)N1CCOCC1,0.3364485981308411,"Q3 [0.326,0.371)"
NIQRMJINFVORQX,O=C(Cn1cnc2oncc2c1=O)NCCc1ccccc1,0.29347826086956524,"Q2 [0.289,0.326)"
ADRASYRAKZEMMB,O=C(NCCc1csc2ccccc12)N1CCNC1=O,0.3055555555555556,"Q2 [0.289,0.326)"
UQUOOTKDPODQPK,O=C(Cc1ccccc1)NCCCc1ccsc1,0.29545454545454547,"Q2 [0.289,0.326)"
PJBMTGOCWNNIPW,c1cc(N2CCN(Cc3cnoc3)CC2)nc(C2CC2)n1,0.2897196261682243,"Q2 [0.289,0.326)"
NFLZPSWXJMLSND,O=C(NC1CN(c2ccccn2)C1)c1cnn(-c2ccccc2)n1,0.3333333333333333,"Q3 [0.326,0.371)"
HPGUVJXGSOQLHH,O=C1CCCC2=C1C(c1cccs1)C=CO2,0.25882352941176473,"Q1 [0.000,0.289)"
FTXYRAATWOBYCK,O=C(c1ccccc1)n1cnc2ccccc21,0.37662337662337664,"Q4 [0.371,1.000)"
ZRZHVCAQBTVEFC,O=C(CN1C(=O)c2ccccc2C1=O)Nc1ccc2ccccc2c1,0.41414141414141414,"Q4 [0.371,1.000)"
PNIZEFAZYFNBAJ,c1ccc(CNc2cnnc(-c3ccccc3)n2)cc1,0.3706896551724138,"Q4 [0.371,1.000)"
HLLMZTWMGPAXRR,O=C(C1CCCN(c2ccncn2)C1)N1CCSCC1,0.2621359223300971,"Q1 [0.000,0.289)"
KEGJCDIYHDUNCU,O=C(Nc1ccccc1)Nc1cccn2nc(C3CC3)nc12,0.3191489361702128,"Q2 [0.289,0.326)"
PNUNLSCGIRDNMP,O=C(Nc1ccccc1)N1CCN(c2ccc(Nc3ccccn3)nn2)CC1,0.36752136752136755,"Q3 [0.326,0.371)"
QVSCHDUQAXIODA,c1cnc(NC2CCNCC2)cn1,0.23076923076923078,"Q1 [0.000,0.289)"
VHQMQINQWDNZLT,O=C(NCc1ccccc1)c1conc1-c1ccccc1,0.41935483870967744,"Q4 [0.371,1.000)"
QBWCWPDYPRYCEV,O=C(Nc1ccnn1-c1ccccc1)c1ccnc(C2CC2)n1,0.4117647058823529,"Q4 [0.371,1.000)"
NAEPLANSERWEIC,O=C(Cc1ccccc1)NCC1CN(c2ccccc2)C(=O)O1,0.40384615384615385,"Q4 [0.371,1.000)"
GVJSMBIQEVYGOD,O=C(Nc1ccccn1)NC1CC(=O)N(c2ccccc2)C1,0.37349397590361444,"Q4 [0.371,1.000)"
JKVOXYGSJGXOER,O=C(NCCN1CCN(c2ccccc2)CC1)C1CCCC1,0.36082474226804123,"Q3 [0.326,0.371)"
VJLYWRKNWKHMFL,O=C1COC2(CN1)CC1CCC(C2)N1C(=O)c1ccccc1,0.2620689655172414,"Q1 [0.000,0.289)"
NLRRXDRXSOLZMN,O=c1cc(CN2CCN(Cc3ccccc3)CC2)occ1OCc1ccccc1,0.37815126050420167,"Q4 [0.371,1.000)"
BOKWLHUMKSFORQ,O=S(=O)(NC1(c2nc(-c3cccnc3)no2)CCCCC1)c1cccs1,0.256198347107438,"Q1 [0.000,0.289)"
FXUDBRNWMLLLDH,O=C(COc1ccccc1)N1CCN(c2ncc[nH]2)CC1,0.3492063492063492,"Q3 [0.326,0.371)"
RGOWWMOPWFIIFL,O=C(C1CCCN1c1nnc(N2CCCC2=O)s1)N1CCN(c2ccccn2)CC1,0.3135593220338983,"Q2 [0.289,0.326)"
IDDMDWMPBMJQJD,O=C(NCCCc1ccccc1)NCc1ccccc1,0.3894736842105263,"Q4 [0.371,1.000)"
RXRBMGGSTYXEJK,O=C(Cc1ccccc1)NCc1ccc2[nH]cnc2c1,0.3431372549019608,"Q3 [0.326,0.371)"
YHEMZPYVPFOKFJ,c1cnc(NCCc2cccs2)nc1,0.2602739726027397,"Q1 [0.000,0.289)"
BOLFFAOAEXGKGJ,O=C(NC(=S)Nc1ccccc1)c1cccs1,0.36231884057971014,"Q3 [0.326,0.371)"
RHPUTKJDVKEBRB,O=C(c1ccccc1)N1CCC2CN(c3ccccn3)CC21,0.3838383838383838,"Q4 [0.371,1.000)"
CDBAPJNQLLBRRX,O=C(NN=Cc1ccc2c(c1)OCO2)c1ccsc1,0.35294117647058826,"Q3 [0.326,0.371)"
ISIMGIDDZKHCAG,c1coc(C(CNc2ncnc3ncccc23)c2ccsc2)c1,0.2903225806451613,"Q2 [0.289,0.326)"
PKDKKBNJBRRUGG,O=C(c1ccc2ccccc2n1)N1CCC(COc2ccccn2)C1,0.3252032520325203,"Q2 [0.289,0.326)"
OYWQVZNMSNAIGG,O=C(NC1CN(c2ccc3nncn3n2)C1)C1CCCCO1,0.25263157894736843,"Q1 [0.000,0.289)"
MLUKMGUDQLIMFP,O=C(CCc1ccccc1)NCC1(c2ccsc2)CC1,0.27956989247311825,"Q1 [0.000,0.289)"
GFIMVGQEGGUFPE,O=C(Nc1ccc(SCc2cccnc2)nn1)c1ccccc1,0.35106382978723405,"Q3 [0.326,0.371)"
PKDVZXJHZZEWCQ,c1cc(N2CCOCC2)ncn1,0.25882352941176473,"Q1 [0.000,0.289)"
XYFUSEFUZWZTDA,O=S(=O)(NCc1cccs1)c1cnc2scnn12,0.2857142857142857,"Q1 [0.000,0.289)"
DTHDWUUPVAEYME,O=C(NCCc1ccccc1)c1ccc2c(c1)NC(=O)C1CCCCN21,0.4326923076923077,"Q4 [0.371,1.000)"
IPYYDVKWWNLCAR,O=C(CCCN1C(=O)CSc2ncccc21)N1CCN(c2ccccn2)CC1,0.46153846153846156,"Q4 [0.371,1.000)"
VQEPOWAKZDQNII,O=C(Nc1ccccc1)c1cc2c(nn1)CCCC2,0.31092436974789917,"Q2 [0.289,0.326)"
UIABTENITYYEHG,O=C(Nc1ccccc1OCC1CCCO1)c1cccs1,0.28431372549019607,"Q1 [0.000,0.289)"
XCMBLTZYJAQZAS,O=C(c1cc(-c2ccccn2)ns1)N1CCCCC1,0.2608695652173913,"Q1 [0.000,0.289)"
POZQRKAGRIALJX,O=C(NC(=S)Nc1ccccc1)c1cccs1,0.3563218390804598,"Q3 [0.326,0.371)"
QDYLLEHZXILBOL,O=c1c2ccccc2ncn1-c1cccc2ccccc12,0.4935064935064935,"Q4 [0.371,1.000)"
NHCIPJSLFOASJA,O=C(c1ccccn1)N1CCSC(c2cccs2)CC1,0.29,"Q2 [0.289,0.326)"
ROMVMQGMVOVJFM,c1ccc(CNc2ncnc3[nH]cnc23)cc1,0.3979591836734694,"Q4 [0.371,1.000)"
UJHGXFKKXOARAH,c1ccc2c(c1)CCN(c1ccncc1)C2,0.3333333333333333,"Q3 [0.326,0.371)"
JKRJSDUWPVWXQX,c1ccc2oc(N3CC(N4CC5CCCC5C4)C3)nc2c1,0.2857142857142857,"Q1 [0.000,0.289)"
GYDVBQQSLHHJAA,O=c1c2ccccc2ncn1-c1ccc2ccccc2c1,0.43617021276595747,"Q4 [0.371,1.000)"
MOWWTARJABNIPV,c1cnc(OCC2CCCN(c3nnc(C4CC4)s3)C2)nc1,0.23484848484848486,"Q1 [0.000,0.289)"
RFEWJIOIAVBECJ,c1ccc(N2CCn3c(SCc4ccccn4)nnc32)cc1,0.30927835051546393,"Q2 [0.289,0.326)"
KBDJNAOENZWJKS,O=C(COc1ccccc1)Oc1ccc(-c2ccccc2)cc1,0.43157894736842106,"Q4 [0.371,1.000)"
BDZKRJPCRCALGH,O=C(COc1ccccc1)Nc1cnc2sccn2c1=O,0.31958762886597936,"Q2 [0.289,0.326)"
IXBRSMGYBUPKHF,c1ccc(-c2cc3c(N4CCN(c5ccccc5)CC4)nccn3n2)cc1,0.36633663366336633,"Q3 [0.326,0.371)"
QNUCDEZIZSRFJP,O=S(=O)(NCc1c(-c2ccccc2)nc2scnn12)c1ccccc1,0.3486238532110092,"Q3 [0.326,0.371)"
GPGHIWAXYSXTBQ,c1cnc(NCCc2ccc(-c3ccco3)s2)nc1,0.3037974683544304,"Q2 [0.289,0.326)"
JFZMSCBWMVXGDX,O=C(Nc1ccccc1)c1ccccc1C(=O)c1ccccc1,0.575,"Q4 [0.371,1.000)"
GQEMVVZDKLJASH,O=C(C1CCCN(c2nncs2)C1)N1CCSCC1,0.25,"Q1 [0.000,0.289)"
HLYCSYICYKIAMT,c1cncc(N2CCC(N3CCc4sccc4C3)CC2)c1,0.2616822429906542,"Q1 [0.000,0.289)"
WLXJTENHARQOCD,O=C(C1CCCN(Cc2ncno2)C1)N1CCSCC1,0.23148148148148148,"Q1 [0.000,0.289)"
KHHIEGGNRJKPBN,O=C(CSc1ncnc2sc3c(c12)CCC3)Nc1ccccc1,0.367816091954023,"Q3 [0.326,0.371)"
CGCLEUKKJGXQCS,O=C(CSc1nc2ncccc2c(=O)n1Cc1ccccc1)Nc1ccccc1,0.39849624060150374,"Q4 [0.371,1.000)"
DBPGSKBJFQLUQO,O=C(NN=Cc1ccccc1)c1ccncc1,0.34285714285714286,"Q3 [0.326,0.371)"
QNKHXMMOSATJLT,c1ccc(Cn2cnc3ccccc32)cc1,0.34,"Q3 [0.326,0.371)"
AGEYPZLJVXYNCJ,c1cnc(OCC2CCCN(c3ccnc4ccnn34)C2)nc1,0.3,"Q2 [0.289,0.326)"
BGSKIUWDDVDHQR,O=C(NCC1CC(=O)N(c2ccccc2)C1)C1CCCCC1,0.37373737373737376,"Q4 [0.371,1.000)"
NMWSSANXIQEYQA,O=C(CN1C(=O)CCC1=O)N1CCN(c2nc3ccccc3s2)CC1,0.30357142857142855,"Q2 [0.289,0.326)"
FSBIJLZUXIKFLD,O=C(c1cc(-c2ccco2)[nH]n1)N1CCC(Oc2ccncn2)C1,0.2777777777777778,"Q1 [0.000,0.289)"
VOYWOTRNZYGEEH,O=C(NCCNCc1cccs1)C1CCCN(c2nnc(N3CCCC3=O)s2)C1,0.24427480916030533,"Q1 [0.000,0.289)"
MWCXPKZKXPZTAI,O=c1c2cc(-c3ccccc3)nn2ccn1Cc1ccccc1,0.4367816091954023,"Q4 [0.371,1.000)"
NRMFFBQDRLTANB,O=S(=O)(Nc1cccn2cnnc12)c1ccc2c(c1)CCC2,0.3176470588235294,"Q2 [0.289,0.326)"
ANPNGBNMOGLKEL,O=C(COc1ccccc1)Nc1ccc2onc(CN3CCOCC3)c2c1,0.3305785123966942,"Q3 [0.326,0.371)"
PTQFDKGYODRCCI,O=C(NCc1ccccc1)c1conc1-c1ccccc1,0.44660194174757284,"Q4 [0.371,1.000)"
PXBSZDAXOCABCW,O=C(c1ccccc1)N1CCCCC1,0.32894736842105265,"Q3 [0.326,0.371)"
CSLNGSJAUKIWNB,O=C(COc1ccccc1)Nc1cc(C(=O)N2CCCCC2)c[nH]c1=O,0.3277310924369748,"Q3 [0.326,0.371)"
BPZZHJZIZMNANV,O=C(CN1C(=O)CCC1=O)NCC(c1ccco1)n1cccn1,0.23809523809523808,"Q1 [0.000,0.289)"
OZIKZYNGGVHJQB,O=C(Nc1oc2ccccc2c(=O)c1-c1ccccc1)c1ccccc1,0.4742268041237113,"Q4 [0.371,1.000)"
OEBNLPXXAGJMBP,O=C(NCCNC(=O)c1ccccc1)c1ccccc1,0.3853211009174312,"Q4 [0.371,1.000)"
XZPISZFSRHURFL,c1nc(C2CC2)cc(N2CCN(Cc3cocn3)CC2)n1,0.26956521739130435,"Q1 [0.000,0.289)"
KLCFSEHYCFRNLX,O=C(Cc1ccccc1)NCc1nccc(N2CCCCC2)n1,0.32038834951456313,"Q2 [0.289,0.326)"
LCSUFDMRXWDNAG,c1ccc2c(c1)CCN(c1ncnc3c1CCCC3)C2,0.2833333333333333,"Q1 [0.000,0.289)"
LWJDKRAJHCSDOW,O=C(CCc1ccccc1)N1CCCC1,0.3076923076923077,"Q2 [0.289,0.326)"
UAXVXIAXROCFAN,O=S(=O)(c1ccccc1)N1CC(Cn2ccnc2)C1,0.2903225806451613,"Q2 [0.289,0.326)"
HXOUJICISKHFOM,c1cncc(CN2C3CCC2CC(n2cccn2)C3)c1,0.27,"Q1 [0.000,0.289)"
CSRLJRPIVZJSPR,O=C(NC1CN(c2ccccn2)C1)c1ccoc1,0.34375,"Q3 [0.326,0.371)"
SNHJEFNEGQYOSU,O=C(NC1CCn2nccc2C1)C1(c2cccs2)CCCC1,0.35,"Q3 [0.326,0.371)"
IAVCKVGDSHUADN,c1ccc(C2Nc3ccccc3-c3nncnc3O2)cc1,0.37719298245614036,"Q4 [0.371,1.000)"
DBHKRYYZGRSROZ,O=C(NCc1ccco1)C1(c2ccccc2)CCOCC1,0.30952380952380953,"Q2 [0.289,0.326)"
ZBXDLMNSFQGTSW,O=C(COc1ccccc1)NCc1ccncn1,0.336734693877551,"Q3 [0.326,0.371)"
UCWSLEBEPZWUMD,c1ccc(CSc2ncnc3c2oc2ccccc23)cc1,0.39361702127659576,"Q4 [0.371,1.000)"
WBUCGTORDXBQBF,O=C1CN(C(=O)Cc2ccccc2)c2ccccc2N1,0.38095238095238093,"Q4 [0.371,1.000)"
RHDAPBMJUFIRLM,O=c1[nH]c(=O)c2c(nc3n(C4CCCC4)ccn23)[nH]1,0.358695652173913,"Q3 [0.326,0.371)"
MXBHBEHJNWLXAD,c1ccc2c(c1)CCNC2,0.3333333333333333,"Q3 [0.326,0.371)"
UGZPXYGJTXVIML,O=C1c2ccccc2C(=O)N1N=Cc1ccccc1,0.39361702127659576,"Q4 [0.371,1.000)"
SDMMBRFFSVSJLN,O=C(CCn1c(=O)oc2ccccc21)Nc1ccccc1,0.3493975903614458,"Q3 [0.326,0.371)"
KPGABFRDOSWEJN,O=C1CN(C2CCN(c3ncccn3)CC2)C(=O)N1C1CC1,0.24475524475524477,"Q1 [0.000,0.289)"
ODLFWQIOLROIGB,O=C1NC=C(C(=O)OCC2CCCCC2)C(c2ccccc2)N1,0.35294117647058826,"Q3 [0.326,0.371)"
GFSCSXSAQBJDLN,O=C(NCC1Cc2ccccc2C1)Nc1ccccc1,0.4189189189189189,"Q4 [0.371,1.000)"
FJFCGARFTVBHEN,O=C(Oc1ccccc1)c1cc2c(ccc3ccccc32)oc1=O,0.5714285714285714,"Q4 [0.371,1.000)"
BPWWVYVJVZHBPV,c1ccc(-n2cc(CN3CCCCC3)nn2)cc1,0.34545454545454546,"Q3 [0.326,0.371)"
ADRVHQUIMACBAD,O=C(c1cccnc1)N1CCC(Oc2ncccn2)C1,0.2755905511811024,"Q1 [0.000,0.289)"
BNXYXMGXYSONRX,O=C(Cc1ccccc1)NCCc1csc(-n2cccn2)n1,0.33707865168539325,"Q3 [0.326,0.371)"
MVYSIIDOGIFTRC,O=C(CNc1nc2ccccc2s1)NCCC1=CCCCC1,0.3058823529411765,"Q2 [0.289,0.326)"
LGSRNBYZYTURFF,O=C(NCC(c1ccc[nH]1)N1CCCC1)c1ccc2ccccc2c1,0.35353535353535354,"Q3 [0.326,0.371)"
PNGSTNBZQYRRMZ,O=C(CCCOc1ccccc1)NCCc1ccccc1,0.4125,"Q4 [0.371,1.000)"
SVGPJIHTSCXODY,c1ccc(N2CCCCC2)nc1,0.23684210526315788,"Q1 [0.000,0.289)"
VBBXMFNMJTWXPH,c1cnc(N2CC3CN(Cc4nc5c(s4)CCC5)CC3C2)nc1,0.23232323232323232,"Q1 [0.000,0.289)"
KSKAFYAVOKNAJG,c1ccc(-c2cc3c(N4CCN(C5CCCCC5)CC4)nccn3n2)cc1,0.3228346456692913,"Q2 [0.289,0.326)"
WRWPEXCSDZHGNO,O=C(COc1ccccc1)N1CCCC(Oc2ccncn2)C1,0.3106796116504854,"Q2 [0.289,0.326)"
NFZAIMANXHXRCJ,O=C(Nc1ccccc1)c1cc(C(=O)Nc2ccccc2)[nH]n1,0.34408602150537637,"Q3 [0.326,0.371)"
IJRAECOGSBNVOX,c1ccc2[nH]c(CSc3nc4ccccc4s3)nc2c1,0.35802469135802467,"Q3 [0.326,0.371)"
JEVFWBOPSPQKSV,c1ccc(-c2cnn3c(NCC4CCCO4)ccnc23)cc1,0.33653846153846156,"Q3 [0.326,0.371)"
KBHJOUYZBHIMPZ,O=C(Nc1ccccc1)C(c1ccccc1)n1cccc1,0.4024390243902439,"Q4 [0.371,1.000)"
SLEGKOQBXOXESU,O=C(NCC1CCOc2ccccc21)c1ccccc1,0.3592233009708738,"Q3 [0.326,0.371)"
GWNSRCRRLQEKPC,O=C(COc1cccc2c1OCC2)N1CCC(n2cccn2)C1,0.4,"Q4 [0.371,1.000)"
GFTQGEDHLGPSRA,O=S(=O)(c1ccccc1)N1Cc2cccnc2C1,0.39759036144578314,"Q4 [0.371,1.000)"
CISYJRZWRRQGCR,O=c1ccc(-c2cccc(NS(=O)(=O)c3ccccc3)c2)n[nH]1,0.2982456140350877,"Q2 [0.289,0.326)"
UTFUYPDAJLTQRU,O=C(COc1ccccc1)NCC1(c2ccsc2)CCCC1,0.3177570093457944,"Q2 [0.289,0.326)"
OVOXTPHEEWZGMX,O=C(NCCc1ccccc1)c1cc(-c2ccccc2)n(C2CCS(=O)(=O)C2)n1,0.3739130434782609,"Q4 [0.371,1.000)"
TXLCGEVFVRFTCC,O=c1[nH]c(SCc2ccccc2)nc2c1[nH]c1ccccc12,0.3269230769230769,"Q3 [0.326,0.371)"
MPQZUWAFVWPPIR,O=c1[nH]c(=O)c2c(ncn2CCCN2CCN(c3ncccn3)CC2)[nH]1,0.3706896551724138,"Q4 [0.371,1.000)"
JCEBSIKDWYAEHD,O=C(c1cscn1)N1CCCC(COc2ncccn2)C1,0.22727272727272727,"Q1 [0.000,0.289)"
CDSNXWLTFLGBPY,O=C(CC1C(=O)N(Cc2ccc3c(c2)OCO3)c2ccccc21)c1ccccn1,0.38461538461538464,"Q4 [0.371,1.000)"
NMZMGSFXGCZTEL,O=C(NCc1ccccc1)c1cnc2sccn2c1=O,0.3409090909090909,"Q3 [0.326,0.371)"
HLRSCZREXOKADK,c1cnc(N2CCC(COc3ccc4nccn4n3)CC2)nc1,0.2288135593220339,"Q1 [0.000,0.289)"
YDGUJHSDWVPXRP,O=C(NC1CCN(c2cc3c(nn2)CCCC3)CC1)c1ccccc1,0.3310344827586207,"Q3 [0.326,0.371)"
XBHUEPOKXIMXHW,O=C(Nc1nc2c(s1)C(=O)CCC2)c1ccccc1,0.34444444444444444,"Q3 [0.326,0.371)"
ABMLKKCDLVXVDG,O=C(Cc1c[nH]c2ccccc12)N1CC(N2CC3CCCC3C2)C1,0.3425925925925926,"Q3 [0.326,0.371)"
XUFYHWMLLUJCRF,c1cnc(OC2CCCCC2)nc1,0.26126126126126126,"Q1 [0.000,0.289)"
VJULNOWQDYORGG,c1ccc(CN2CCCCC2)cc1,0.3170731707317073,"Q2 [0.289,0.326)"
VMXUXUGIQGMNBO,O=C(c1ccccc1)N1CCN(c2ccccc2)CC1,0.3584905660377358,"Q3 [0.326,0.371)"
PHKZIWIWTNIDLG,O=C(COc1ccccc1)n1c(=O)sc2ccccc21,0.36470588235294116,"Q3 [0.326,0.371)"
OIFHMJBKQGCLSA,O=C(Nc1ccccc1)c1cccc2nc3ccccc3nc12,0.5813953488372093,"Q4 [0.371,1.000)"
HDGYMEWEDUJMGB,O=S(=O)(c1ccc2c(c1)oc1ccccc12)N1CCOCC1,0.4025974025974026,"Q4 [0.371,1.000)"
NINSMDAWWSCTEN,O=C(c1cc(-c2ccccc2)n[nH]1)N1CCC(Oc2ccncn2)C1,0.3252032520325203,"Q2 [0.289,0.326)"
PRRMUTKLDLFLFX,O=C(c1cncs1)N1CCCC(COc2ncccn2)C1,0.2755905511811024,"Q1 [0.000,0.289)"
TXTJISMOXONGOD,O=C(COc1ccccc1)N1CCN(c2ccn3cnnc3n2)CC1,0.2892561983471074,"Q2 [0.289,0.326)"
ZUUYWRASNDSRPN,O=C(CNC1CCCCC1)Nc1ccccc1,0.3958333333333333,"Q4 [0.371,1.000)"
QMIGSWCXLPVXSI,O=S(=O)(NC1CCN(C2CCOCC2)C1)c1ccccc1,0.2828282828282828,"Q1 [0.000,0.289)"
KTYPTUJDPYZVED,O=S(=O)(c1ccccc1)N1CCn2cccc2C1c1ccccc1,0.32450331125827814,"Q2 [0.289,0.326)"
PFONKMQGMFULGE,O=C(CCC(=O)Nc1ccccc1)NN=C1CCCC1,0.3068181818181818,"Q2 [0.289,0.326)"
MVKYOLZBOLVKTI,O=C(Cc1ccccc1)NC(c1ccccc1)C1CCCC1,0.4574468085106383,"Q4 [0.371,1.000)"
YRTWPPFYURYSSC,O=C(NCc1cc(C2CC2)[nH]n1)Nc1ccccc1,0.35443037974683544,"Q3 [0.326,0.371)"
JWIPTEMOWLXZKV,O=c1cccnn1CC1CN(c2cnc3ccccc3n2)C1,0.3548387096774194,"Q3 [0.326,0.371)"
RAMXLJKVJOIGOA,c1cnc(OC2CCN(c3ccncn3)CC2)nc1,0.23076923076923078,"Q1 [0.000,0.289)"
AFOGJAQGTIJRSW,O=c1cccc(-c2ccccc2)n1-c1ccccc1,0.4523809523809524,"Q4 [0.371,1.000)"
XGRWVCJVRGGKOQ,O=c1cc[nH]c(SCCOc2ccccc2)n1,0.35135135135135137,"Q3 [0.326,0.371)"
SJVIWBZTVNLDCA,O=C1CCC(C(=O)N2CCC(c3ccc4cccnc4n3)CC2)N1,0.2803738317757009,"Q1 [0.000,0.289)"
RSCVMIHTOYJZKE,O=C(COc1ccccc1)N1CCN(c2ccn3cnnc3n2)CC1,0.2711864406779661,"Q1 [0.000,0.289)"
HPADFYDJMDULGP,O=C(c1cc(=O)c2ccccc2o1)N1CCCC(Oc2cnccn2)C1,0.3181818181818182,"Q2 [0.289,0.326)"
WKVHBNOJINAGIT,O=C1NC(c2ccco2)Nc2sc3c(c21)CCCC3,0.22330097087378642,"Q1 [0.000,0.289)"
KJTAWOGYJIBEML,O=C(NCCc1ccccc1)c1cccnc1,0.4479166666666667,"Q4 [0.371,1.000)"
OKRDLBRZHQOHHM,O=C(Oc1cccc(N2C(=O)CCC2=O)c1)c1ccccc1,0.36470588235294116,"Q3 [0.326,0.371)"
QWCFHMFMIRFISV,O=C(NCCc1ccc(OC(=O)c2ccco2)cc1)c1ccco1,0.4329896907216495,"Q4 [0.371,1.000)"
OTYPXUGZAAZVAF,O=C(Cc1ccccc1)NC(=S)Nc1cccc2ccccc12,0.5945945945945946,"Q4 [0.371,1.000)"
PFYBBUUHHHKXLK,c1ccc(-c2nc(NCc3ccco3)c3ccccc3n2)cc1,0.4067796610169492,"Q4 [0.371,1.000)"
PGYZZLBADSCBKC,c1cc2nncn2nc1N1CC2CNCC2C1,0.22018348623853212,"Q1 [0.000,0.289)"
ZTCSWMYMQCGZIK,c1ccc(Cc2nc(-c3ccc4nc[nH]c4c3)no2)cc1,0.3146067415730337,"Q2 [0.289,0.326)"
IHDXLUBKRSJQBI,O=C(Oc1ccc2ccccc2c1)c1cncs1,0.5131578947368421,"Q4 [0.371,1.000)"
FPIISAFZSHOORJ,O=C1Nc2ccc(S(=O)(=O)N3CCOCC3)c3cccc1c23,0.30303030303030304,"Q2 [0.289,0.326)"
PYRLOWWIWQCMIA,S=C(Nc1cc2c(s1)CCC2)N1CCCCC1,0.24719101123595505,"Q1 [0.000,0.289)"
ANFJHWXPFQOHQT,S=C1N=C(Nc2ccccc2)C2(CCCCC2)N1,0.2553191489361702,"Q1 [0.000,0.289)"
QJWBZDDJPIXERQ,c1n[nH]c2c1CNCC2,0.29545454545454547,"Q2 [0.289,0.326)"
YULDFNIXKONUQE,O=C(NCCNC1CCCCC1)c1cn2ccccc2n1,0.3488372093023256,"Q3 [0.326,0.371)"
NLELTKBPUOGNPQ,O=C(Cc1ccccc1)N1CCC(c2ccsc2)CC1,0.38317757009345793,"Q4 [0.371,1.000)"
JCXKRUKIYSCTBC,O=C(CC(c1ccccc1)c1ccccc1)Nc1cc(N2CCOCC2)ncn1,0.40625,"Q4 [0.371,1.000)"
MWMTYYXEAVESLH,O=C(CN1CCCCCC1)Nc1ccccc1,0.4050632911392405,"Q4 [0.371,1.000)"
ACSBMRVJXOQJQX,O=C(NCCn1ccc(-c2cccs2)n1)c1ccoc1,0.30952380952380953,"Q2 [0.289,0.326)"
VXADJRVIHVUGGG,O=C(CN1CCCCC1)Nc1cc2c(s1)CCCC2,0.23958333333333334,"Q1 [0.000,0.289)"
LJESQMCTJBMQGC,O=C(NCCCN1CCCCC1)c1nc(CCS(=O)(=O)c2ccccc2)no1,0.32061068702290074,"Q2 [0.289,0.326)"
MMJPIHXLOPFKTA,c1ccc2sc(N3CCNCC3)nc2c1,0.24210526315789474,"Q1 [0.000,0.289)"
VQCABCJFQIJKPX,O=c1c2cc(-c3ccccc3)nn2ccn1Cc1nc(-c2ccccc2)no1,0.30612244897959184,"Q2 [0.289,0.326)"
AATNJWXJPJWZJO,O=C(NCc1cccnc1)c1ccc2nc[nH]c2c1,0.3258426966292135,"Q3 [0.326,0.371)"
FFNHWGIAKPSZGE,O=C(CSc1nc(=O)c2ccccc2[nH]1)Nc1ccccc1,0.38144329896907214,"Q4 [0.371,1.000)"
USLQKIORBJCFIV,O=C(COc1ccccc1)N1CCC(n2cccn2)C1,0.29545454545454547,"Q2 [0.289,0.326)"
XUSVZBFGSMLECX,O=c1[nH]c2nc3occn3c2c(=O)n1CCN1CCOCC1,0.2891566265060241,"Q1 [0.000,0.289)"
HVMKJIXVICNFHF,O=S(=O)(NCc1ccsc1)c1ccccc1,0.4125,"Q4 [0.371,1.000)"
NYDULIJZCQHGIE,O=C(CSc1ncccn1)Nc1nncs1,0.29545454545454547,"Q2 [0.289,0.326)"
SPMLEQUEEPDDPQ,c1ccc(OCCSc2nnnn2-c2ccccc2)cc1,0.3448275862068966,"Q3 [0.326,0.371)"
XBMJEFRXKNVRHB,O=S(=O)(NCC1CN(c2ncnc3c2nnn3-c2ccccc2)C1)C1CC1,0.3333333333333333,"Q3 [0.326,0.371)"
MARFXICSYVXYRU,O=C(Nc1ccc(S(=O)(=O)Nc2ccccc2)cc1)C1CC1,0.43243243243243246,"Q4 [0.371,1.000)"
FKSVWAHVJBSGER,O=S(=O)(NCC(c1ccsc1)c1ccco1)c1ccccc1,0.3763440860215054,"Q4 [0.371,1.000)"
KDXLVOBOQRJJAK,O=S(=O)(Nc1ccccc1)c1ccc(-c2ccccc2)cc1,0.36082474226804123,"Q3 [0.326,0.371)"
YKEKPSMUOZIKRH,O=C1CSC(c2ccccc2)N1c1ccccc1,0.4069767441860465,"Q4 [0.371,1.000)"
SYDAKBVMASBFSU,O=c1c2cc(-c3ccccc3)nn2ccn1Cc1nc(-c2ccccc2)no1,0.30434782608695654,"Q2 [0.289,0.326)"
WVVWZYZTIPYZRA,O=C(Oc1ccccc1)c1cccc2ccccc12,0.5121951219512195,"Q4 [0.371,1.000)"
RIRAHWOZEDNSEZ,O=C(Nc1ccccc1)c1ccc(C(=O)c2ccccc2)o1,0.4657534246575342,"Q4 [0.371,1.000)"
VWPXVSXBYHQBAO,O=C(NCCNc1ccccc1)c1cc2c(=O)[nH]c3ccccc3n2n1,0.3786407766990291,"Q4 [0.371,1.000)"
DXSWGDSDHLGZFL,O=C(Nc1ccccc1)C1CCCN(S(=O)(=O)c2cc(-c3ncon3)cs2)C1,0.2781456953642384,"Q1 [0.000,0.289)"
LHRDLQSIOSZKOW,O=C(c1ccccc1)c1cc2ccccc2oc1=O,0.55,"Q4 [0.371,1.000)"
FJTLCHODFVAQCF,O=C(CN1CCCCCC1)Nc1ccccc1,0.33766233766233766,"Q3 [0.326,0.371)"
SHJSRAWVXZZHIW,O=S(=O)(c1cccnc1)N1CCCCC1,0.29333333333333333,"Q2 [0.289,0.326)"
ARYOHDBQTISENU,O=c1[nH]c(C2CCNCC2)nn1Cc1ccccc1,0.3157894736842105,"Q2 [0.289,0.326)"
POJZEYSDLWWKLW,O=C(NCc1cccs1)C1CC(=O)N(c2ccccc2)C1,0.31868131868131866,"Q2 [0.289,0.326)"
HDLZJUSAIFTZLX,O=C1NCCC1N1CCCN(C(=O)c2ccccc2)CC1,0.30303030303030304,"Q2 [0.289,0.326)"
AMUQMQRYOQDJMB,O=C(c1cncs1)N1CCCC(COc2ncccn2)C1,0.22962962962962963,"Q1 [0.000,0.289)"
OVPDLJQEIRBBBZ,O=C(CSc1nc2ccccc2s1)Nc1nccs1,0.3026315789473684,"Q2 [0.289,0.326)"
LRKSMPWIYDSVFV,c1ccc(-c2n[nH]c3c2oc2ccccc23)cc1,0.45054945054945056,"Q4 [0.371,1.000)"
IDAXZPHDPCGCLT,O=C1CC(NC2CCCCC2)C(=O)N1c1ccccc1,0.47058823529411764,"Q4 [0.371,1.000)"
KMNNFKHBSAQODB,O=C1NNC(c2ccccc2)Nc2ccccc21,0.35526315789473684,"Q3 [0.326,0.371)"
IFILHMVAHYLVKN,O=C(c1ccccc1)N1CCCCC1,0.40229885057471265,"Q4 [0.371,1.000)"
ZCOCNHNEDIILCC,O=c1[nH]c(C2CCNCC2)nn1Cc1ccccc1,0.3592233009708738,"Q3 [0.326,0.371)"
PSUHJNDMPGSVDE,O=C(NN=Cc1ccccc1)c1ccncc1,0.30927835051546393,"Q2 [0.289,0.326)"
UUPACWBEDTWEPD,O=c1ccoc(NNS(=O)(=O)c2ccccc2)c1,0.4050632911392405,"Q4 [0.371,1.000)"
AHKWWZLRZSTGNG,O=C(Nc1ccccc1)c1cccc(NC(=O)c2cccs2)c1,0.5057471264367817,"Q4 [0.371,1.000)"
XVTRDJWJSUZEII,c1cc(N2CCCCC2)ncn1,0.23170731707317074,"Q1 [0.000,0.289)"
UXMYOCJIPLNHRV,O=C1CC2CCC1(CS(=O)(=O)NC1CCCCC1)C2,0.32954545454545453,"Q3 [0.326,0.371)"
BHEUWUFBLADENF,O=C(c1cc(-c2ccccc2)n[nH]1)N1CCCCC1,0.3050847457627119,"Q2 [0.289,0.326)"
QRPRTFYTKLFAGN,O=C(Nc1ccc2ccccc2c1)c1cn(-c2ccccc2)nn1,0.44086021505376344,"Q4 [0.371,1.000)"
UTRKSYXFVBTSNC,O=C(COc1ccccc1)N1CCN(Cc2nnnn2-c2ccccc2)CC1,0.34507042253521125,"Q3 [0.326,0.371)"
KRMJMZCAGNJGRB,O=C(Oc1ccccc1)c1ccn[nH]1,0.3283582089552239,"Q3 [0.326,0.371)"
JQCLFTSZNZSWJP,O=S(=O)(c1ccccc1)N1Cc2cccnc2C1,0.34,"Q3 [0.326,0.371)"
MAMQANTZCMIXJJ,O=C(c1cnc(-c2ccsc2)s1)N1CCCC1,0.26666666666666666,"Q1 [0.000,0.289)"
NXRKAKKLJSICJE,c1ccc(OCc2nn3cnnc3s2)cc1,0.34523809523809523,"Q3 [0.326,0.371)"
BWINRIDKCSNRRE,O=C(Cn1cnnn1)Nc1nnc(CCc2ccccc2)s1,0.30337078651685395,"Q2 [0.289,0.326)"
QMBJJOJVPPQUQL,O=C(Nc1ccc(-c2ccccc2)s1)C1CCCC1,0.36046511627906974,"Q3 [0.326,0.371)"
CFGOCTFDLHGRCL,O=C(Nc1ccc2c(c1)CN(C(=O)c1ccco1)CC2)c1ccccc1,0.42592592592592593,"Q4 [0.371,1.000)"
LWNAYVXNQXTDTL,O=C(Nc1ccc2c(c1)NCCC2)c1ccon1,0.30927835051546393,"Q2 [0.289,0.326)"
WIPLFLKYMVWDOU,O=C(NCc1ccccc1)C1c2ccccc2Oc2ccccc21,0.4186046511627907,"Q4 [0.371,1.000)"
YRNJLDFDHIQOCC,O=C(Cc1ccccc1)N1CCCN(C2CCOC2)CC1,0.2755102040816326,"Q1 [0.000,0.289)"
JCHPURCMHDZKSA,c1ccc(CN2CCC(CNc3ccccc3)CC2)cc1,0.4444444444444444,"Q4 [0.371,1.000)"
AVOQAEBNHNHGOQ,O=C(Nc1ccccc1)N1CC2CC1CC2NS(=O)(=O)c1ccccc1,0.3392857142857143,"Q3 [0.326,0.371)"
IBGKULNXBLBYHF,c1ccc(Cn2cnc3ccccc32)cc1,0.35051546391752575,"Q3 [0.326,0.371)"
LLNQODAVPGMRAR,O=C(c1ccccc1)N1CCC(CCOc2ccccc2)CC1,0.4270833333333333,"Q4 [0.371,1.000)"
OZGTYXWMBRCWSH,O=C(NCc1ccccc1)C(c1ccccc1)c1ccccc1,0.48863636363636365,"Q4 [0.371,1.000)"
KRQLDZUZHDOEEW,c1ccc(CSc2nnc(CN3CCOCC3)n2-c2ccccc2)cc1,0.33,"Q3 [0.326,0.371)"
PNFZODLOGOLONL,O=C(CC1SC(=Nc2ccccc2)NC1=O)Nc1ccccc1,0.38,"Q4 [0.371,1.000)"
ROENLPFMRHWNTR,O=C(Nc1cc(-c2ccccn2)no1)c1ccc2c(c1)OCO2,0.38461538461538464,"Q4 [0.371,1.000)"
DOYADSPFFBTTOS,O=C(NCc1cccs1)c1ccccc1,0.3626373626373626,"Q3 [0.326,0.371)"
SQBFBXIYWXUEJN,O=C(c1ccccc1)c1ccc(CSc2nnc[nH]2)cc1,0.4583333333333333,"Q4 [0.371,1.000)"
MZEWAGOMJYKXJF,O=C(CCc1ccccc1)NCCn1cc(-c2cccs2)cn1,0.3153153153153153,"Q2 [0.289,0.326)"
JQCMULYSAOETMV,O=C(NCc1ccccc1)c1ccc(=O)n2c1CCCC2,0.35514018691588783,"Q3 [0.326,0.371)"
XGDDRSKSXHDPMQ,O=C(NCC1(c2cccs2)CCOCC1)Nc1ccccc1,0.3448275862068966,"Q3 [0.326,0.371)"
KVAPBVCXBHVYFT,O=C1COC2(CN1)CC1CCC(C2)N1C(=O)c1ccccc1,0.3113207547169811,"Q2 [0.289,0.326)"
OLQIQQAUNMPTBM,O=c1ccnc2sc3ccccc3n12,0.34782608695652173,"Q3 [0.326,0.371)"
ATHDGLKCDCAOBC,O=C(CNC(=O)c1ccccc1)Nc1ccc2ncn(-c3ccccc3)c(=O)c2c1,0.4603174603174603,"Q4 [0.371,1.000)"
UDZUHRJILUIVED,c1nc(SCc2cnoc2)c2c3c(sc2n1)CCCCC3,0.20833333333333334,"Q1 [0.000,0.289)"
HXFZDPJNDSGVTG,O=C(CCn1cccn1)Nc1ccccc1,0.33783783783783783,"Q3 [0.326,0.371)"
HEEFISLHAALLBL,O=C(NCc1ccncc1)c1csc(Nc2ccccc2)n1,0.38095238095238093,"Q4 [0.371,1.000)"
RQJLDSHSQPYIBG,O=C(Nc1nc2c(s1)CCCC2)c1conc1-c1ccccc1,0.4,"Q4 [0.371,1.000)"
HDMVPDOHTKCFLT,O=C(c1ccccc1)N1CCN(Cc2nc(C3CC3)cs2)CC1,0.39,"Q4 [0.371,1.000)"
WWDGCAHUIATCLO,O=C(Nc1ccccc1)C1CCCN(c2ccc(-c3ccco3)nn2)C1,0.3412698412698413,"Q3 [0.326,0.371)"
LTNSOHNRVUKANU,c1ccc(Cc2nn3c(-c4ccco4)nnc3s2)cc1,0.3,"Q2 [0.289,0.326)"
YXQJVRBGKDAAOF,O=C1CC(Sc2nnc(SCc3ccccc3)s2)C(=O)N1c1ccccc1,0.34545454545454546,"Q3 [0.326,0.371)"
NUNROVVXYVHORF,O=C(NCCNC(=O)c1ccccc1)c1ccccc1,0.48148148148148145,"Q4 [0.371,1.000)"
DSESQRLFJSIIDV,O=C(NCCNC(=O)c1ccccc1)c1ccccc1,0.4,"Q4 [0.371,1.000)"
ASNXMSPAXHFCSL,O=C(CN1C(=O)CCC1=O)NCC(c1ccco1)n1cccn1,0.26,"Q1 [0.000,0.289)"
TVCRBZYDRGQPOU,O=C(Cc1cc(-c2cccs2)on1)NCCCc1ccccc1,0.4270833333333333,"Q4 [0.371,1.000)"
SSBMXZRJCLERIB,c1ccc(OCCSc2nnnn2-c2ccccc2)cc1,0.29906542056074764,"Q2 [0.289,0.326)"
SIAJGIBYYWDENP,c1csc(-c2nc(-c3ccc4nc[nH]c4c3)no2)c1,0.2980769230769231,"Q2 [0.289,0.326)"
FYXFJFPNJUWPIW,O=C(NCC1CCCO1)c1cc2c(=O)oc3ccccc3c2[nH]1,0.35714285714285715,"Q3 [0.326,0.371)"
UNHATFBMIMMOQC,c1ccc(Nc2nc(-c3ccccc3)cs2)cc1,0.3950617283950617,"Q4 [0.371,1.000)"
UPLLDLNTRWHDFI,c1ccc2c(c1)ncn2C1CN(c2ccncc2)C1,0.28378378378378377,"Q1 [0.000,0.289)"
OAOQZIDEONYMBC,O=C(c1cccs1)N1CCN(C(=O)N2CCCCCC2)CC1,0.30666666666666664,"Q2 [0.289,0.326)"
FILADDBNVYFTBD,O=C(c1ccccc1)n1cnc2ccccc21,0.43956043956043955,"Q4 [0.371,1.000)"
ZTMXDMBRIAUJPC,c1cc2cc3c(nc2s1)CCCC3,0.32051282051282054,"Q2 [0.289,0.326)"
FARHNWCMSZQCDM,O=C(CN1CCCCCC1)Nc1ccccc1,0.34523809523809523,"Q3 [0.326,0.371)"
RNEOIJBNLXUWOQ,O=C(NCCc1c[nH]c2ccccc12)c1ccc2nccn2n1,0.37,"Q3 [0.326,0.371)"
KXVAOSVMOONRFR,O=C(CCn1[nH]c(=O)c2ccccc2c1=O)OC1CCCCC1,0.36,"Q3 [0.326,0.371)"
ODZBRLWWEMHVKS,O=C(Nc1ccccc1)c1ccc(-n2cccn2)cc1,0.43037974683544306,"Q4 [0.371,1.000)"
CZBFENCNFSPWGH,O=C(Cn1ccc(=O)cc1)NCCc1nnc2ccccn12,0.26595744680851063,"Q1 [0.000,0.289)"
RTBQPYWTLDXHIE,c1nc(N2CCC3CNCC32)c2[nH]cnc2n1,0.2375,"Q1 [0.000,0.289)"
VCMYAMGOMKBIBC,O=C1C=C(NCc2ccccc2)CC(c2ccccc2)C1,0.39361702127659576,"Q4 [0.371,1.000)"
UKCZSEHKOUXPBJ,c1ccc(Cn2ncc3c(N4CCCCC4)ncnc32)cc1,0.33043478260869563,"Q3 [0.326,0.371)"
UCWJFSZZMSFWDQ,O=C(NC1CCCCC1)C1CCCN(c2cnc3ccccc3n2)C1,0.3275862068965517,"Q3 [0.326,0.371)"
OOZGRDUOIGKDCM,O=c1[nH]nc2ccc(S(=O)(=O)N3CCCCCC3)cn12,0.35106382978723405,"Q3 [0.326,0.371)"
YSRBNICOYOTLDN,O=C(NCCc1ccsc1)c1cnc(-n2cccc2)s1,0.26666666666666666,"Q1 [0.000,0.289)"
WUEXXOGTRBQBPV,O=C(Cn1nc(-c2ccccc2)ccc1=O)Nc1nccs1,0.35714285714285715,"Q3 [0.326,0.371)"
FUFLDHZPAQKLNJ,c1ccc(-c2nc(-c3ccc4nc[nH]c4c3)no2)cc1,0.31746031746031744,"Q2 [0.289,0.326)"
ILXQYKVVBLOIBB,c1coc(C(CNc2ncnc3cnccc23)c2ccco2)c1,0.27884615384615385,"Q1 [0.000,0.289)"
XDDDQCRIKKZKQZ,O=C(COc1ccccc1)NN=Cc1ccncc1,0.3402061855670103,"Q3 [0.326,0.371)"
ZMJLTFFSILXMHG,O=c1c2cc(-c3ccccc3)nn2ccn1Cc1ccccc1,0.38181818181818183,"Q4 [0.371,1.000)"
XZNHGXVIVNLKMV,O=C1Nc2ncccc2Oc2ccc(S(=O)(=O)N3CCCCC3)cc21,0.31543624161073824,"Q2 [0.289,0.326)"
NJIDMUYXBWZOOT,O=C(c1ccccc1)c1ccc(N=Cc2ccccc2)cc1,0.5211267605633803,"Q4 [0.371,1.000)"
LHIAKCSGISANTD,O=C1CCCC2=C1C(c1cc3ccccc3[nH]c1=O)C1=C(CCCC1=O)O2,0.2781954887218045,"Q1 [0.000,0.289)"
PKDFRDPVWFYQNM,O=c1cc[nH]c(N(Cc2ccccc2)Cc2ccccc2)n1,0.4777777777777778,"Q4 [0.371,1.000)"
CJYOPKALHWNHHB,O=C(NCCN1CCc2ccccc2C1)c1cc(C2CC2)ncn1,0.32222222222222224,"Q2 [0.289,0.326)"
HWZXHJVDRBHWSF,O=C(Cc1ccccc1)NCCc1nc2cccnc2[nH]1,0.41228070175438597,"Q4 [0.371,1.000)"
JJLZBZQYWNMQDO,c1nc(NCCCN2CCOCC2)c2ccsc2n1,0.2631578947368421,"Q1 [0.000,0.289)"
OIHPOPICHOVJKP,c1ccc2c(c1)CCNC2,0.3258426966292135,"Q3 [0.326,0.371)"
RCLSEJWOQSJNFR,O=c1c2ccccc2ncn1CCc1ccccc1,0.4358974358974359,"Q4 [0.371,1.000)"
OSGKGELZYPFSPJ,O=C(Nc1ccccc1)Oc1cccc2cccnc12,0.4418604651162791,"Q4 [0.371,1.000)"
MQOCNTXVTMPBHX,O=C(c1cn[nH]c1)N(Cc1ccco1)Cc1n[nH]c2c1CCC2,0.24561403508771928,"Q1 [0.000,0.289)"
MVHIKODVVZYLOS,O=C(Cc1ccccc1)NCCCc1ccsc1,0.33980582524271846,"Q3 [0.326,0.371)"
NYYDXVOEUPUAPL,O=C(NCc1ccccc1)N1CCN(Cc2ccccc2)CC1,0.4421052631578947,"Q4 [0.371,1.000)"
CWZZMZORRVPXPH,O=C(OCCN1CCOCC1)C1COc2ccccc2O1,0.3,"Q2 [0.289,0.326)"
PPRISHFHCOKIJQ,O=C(NCc1ccccc1)Nc1cccc2[nH]ccc12,0.4392523364485981,"Q4 [0.371,1.000)"
NRBUVVTTYMTSKM,O=C(N=C(NC(=O)OCc1ccccc1)n1cccn1)OCc1ccccc1,0.4095238095238095,"Q4 [0.371,1.000)"
SJXXKWHTMNZGCD,c1ccc(CNCCOc2ccccn2)cc1,0.42528735632183906,"Q4 [0.371,1.000)"
OKCNQVYTHWABCM,O=C(COc1ccccc1)Nc1nc2ncccc2s1,0.39473684210526316,"Q4 [0.371,1.000)"
RPRRGHLIBZCHDT,O=C(c1cccnc1)N1CCN(c2cc(-c3ccccc3)ncn2)CC1,0.336283185840708,"Q3 [0.326,0.371)"
KSYQHNHDJNAYOF,O=C(Nc1ccccc1)Nc1ccc(NC(=O)N2CCCC(C(=O)NCC3CC3)C2)cc1,0.358974358974359,"Q3 [0.326,0.371)"
GRAQBFGKGWWWFX,O=C(Nc1nc(-c2cccnc2)cs1)c1ccnc(C2CC2)n1,0.3563218390804598,"Q3 [0.326,0.371)"
GFDVQMDTFVOWFU,O=C(C1CC(=O)N(c2ccccc2)C1)N1CCC(c2nnco2)CC1,0.3380281690140845,"Q3 [0.326,0.371)"
MYESXRLQCKNVGR,O=C(Nc1ccc(-c2cc3ccccc3oc2=O)cc1)c1ccco1,0.3627450980392157,"Q3 [0.326,0.371)"
MKYXMZKNVDONQA,O=S(=O)(c1ccccc1)c1cn(CC2CCCO2)c2nc3ccccc3nc12,0.37962962962962965,"Q4 [0.371,1.000)"
INAZDZKVILHOIR,c1cnc(OC2CCN(c3ccncn3)CC2)nc1,0.2169811320754717,"Q1 [0.000,0.289)"
IMFAAKINSZVNFU,O=C(Nc1ccccc1)C1CCCN(C(=O)c2cc(-c3ccccn3)n[nH]2)C1,0.3262411347517731,"Q3 [0.326,0.371)"
QLYZIEAAYSUBFE,O=C(CCC1CCCC1)NCc1ccc2[nH]cnc2c1,0.3263157894736842,"Q3 [0.326,0.371)"
HLVZPNBTLVNYDI,O=C(COc1coccc1=O)N1CCNCC1,0.2845528455284553,"Q1 [0.000,0.289)"
RCUKLQDGAASIAX,O=C(Nc1ccc2ccc(=O)oc2c1)OCC1c2ccccc2-c2ccccc21,0.35344827586206895,"Q3 [0.326,0.371)"
STCJBPOHDALPMV,O=C(CSc1nc(=O)cc[nH]1)Nc1ccccc1,0.36363636363636365,"Q3 [0.326,0.371)"
GRLRDTJOYLWUOL,c1cnc(N2CCC(COc3ccc4nccn4n3)CC2)nc1,0.25,"Q1 [0.000,0.289)"
AFWWCQLBWKUSFY,O=C(COc1ccccc1)Nc1ccccc1N1CCCCC1,0.3684210526315789,"Q3 [0.326,0.371)"
JUKKQHJNSXRHKM,O=C(Cn1nccc1C1CC1)Nc1ccon1,0.3191489361702128,"Q2 [0.289,0.326)"
RVHDOHUYDOETIA,O=C(NC(=S)N1CCNCC1)c1ccccc1,0.36470588235294116,"Q3 [0.326,0.371)"
ZJOZKAFFMPIGGZ,O=C(NCC1CCCc2sccc21)c1ccccc1,0.3142857142857143,"Q2 [0.289,0.326)"
VJFWZEVEZIZJJE,O=C(CSc1ccccc1)NCCc1ccco1,0.3142857142857143,"Q2 [0.289,0.326)"
WUFFNWLOBQPHLA,O=C(Nc1ccccc1)c1cc(C2CC2)n2nccc2n1,0.3068181818181818,"Q2 [0.289,0.326)"
WJGPMRFWBJZJOQ,c1ccc(Oc2ccc3ccncc3c2)cc1,0.4175824175824176,"Q4 [0.371,1.000)"
PZOPPFBKDUHTQX,c1ccc(-c2nccc3c2[nH]c2ccccc23)cc1,0.34951456310679613,"Q3 [0.326,0.371)"
GJXQJHUSKIQLLZ,O=C(Nc1ccccc1)c1cnc2ccccn2c1=O,0.4883720930232558,"Q4 [0.371,1.000)"
RINMMYHWBZZEKG,O=C1C=C(NNC(=O)c2ccccc2)CCC1,0.34782608695652173,"Q3 [0.326,0.371)"
BBOBZWLTAABGEA,O=S(=O)(c1cc(-c2ccon2)cs1)N1CCN(C2CCCCC2)CC1,0.2807017543859649,"Q1 [0.000,0.289)"
NAVCHROZKIKSMT,O=C(NCCc1ccccc1)Nc1cccs1,0.36470588235294116,"Q3 [0.326,0.371)"
NJIORWAXOOZLBW,c1ccc2c(c1)CSc1ccccc1C2OC1CCNCC1,0.3047619047619048,"Q2 [0.289,0.326)"
QJGFLNHDAMMLHF,O=C(Nc1cccc2ncccc12)c1ncnc2c1CCCC2,0.4,"Q4 [0.371,1.000)"
IEDBIMYGZRTXBO,O=S(=O)(Nc1ccc2c(c1)OCO2)c1ccc2ccccc2c1,0.3956043956043956,"Q4 [0.371,1.000)"
GELSMDBPQHGTQV,O=C(c1ccccn1)N1CCC(COc2ccncc2)CC1,0.3050847457627119,"Q2 [0.289,0.326)"
OCWGGIXLERHIFS,O=C(NN=Cc1cccs1)c1ccco1,0.3170731707317073,"Q2 [0.289,0.326)"
UDCHLICFJZHHMZ,O=C(NCCc1ccc(-c2cccs2)o1)c1ccccc1,0.40594059405940597,"Q4 [0.371,1.000)"
ZIRVVQSGDUTMBG,c1ccc(OCc2ccco2)cc1,0.4125,"Q4 [0.371,1.000)"
TYVGXCPFDWHHNQ,O=S(=O)(NN=C1CCCCCC1)c1ccccc1,0.4125,"Q4 [0.371,1.000)"
XHNDHSWCDAVDKF,O=C(COc1ccccc1)N1CCCC(Oc2ccncn2)C1,0.34444444444444444,"Q3 [0.326,0.371)"
AZJZEMIQTIWMSL,O=C(Cc1ccccc1)OCCNC(=O)c1ccc2ccccc2n1,0.37623762376237624,"Q4 [0.371,1.000)"
CGXQIDQNIMRMIF,O=C(c1ccc2c(c1)OCO2)N1CCCN(C2CCSCC2)CC1,0.3854166666666667,"Q4 [0.371,1.000)"
XXCZDRVDYSQBEX,O=C(Cc1ccccc1)NCC(=O)N1CCN(c2ccccn2)CC1,0.4326923076923077,"Q4 [0.371,1.000)"
BEHSDRVOHWFTEY,O=C(NCc1n[nH]c(=O)c2ccccc12)Nc1ccccc1,0.42696629213483145,"Q4 [0.371,1.000)"
ZHOQULUCDJXAOF,O=C(Nc1ccccc1N1CCCC1)c1cccnc1,0.4659090909090909,"Q4 [0.371,1.000)"
VQDSHKWCXFMKDZ,O=C(NC1CC(=O)N(c2ccccc2)C1)C1CCCCC1,0.3978494623655914,"Q4 [0.371,1.000)"
YJOYLHFZAHHYAL,O=C(Cc1ccccc1)Nc1cccc(-c2nc3ccccc3o2)c1,0.449438202247191,"Q4 [0.371,1.000)"
DGBKHYKGHLPLOL,O=C(NC1CCNCC1)c1cnns1,0.24545454545454545,"Q1 [0.000,0.289)"
JVWIAEWOATZGMQ,O=C(CN1C(=O)CCC1=O)Oc1ccc2c(c1)C=CCN2,0.5068493150684932,"Q4 [0.371,1.000)"
SOFXUHJECJDJQP,O=c1cc(-c2cccs2)cc(-c2ccccc2)[nH]1,0.31868131868131866,"Q2 [0.289,0.326)"
XWFLFZZOYDMJEO,O=c1cc(-c2ccccc2)cc(-c2ccccc2)s1,0.4588235294117647,"Q4 [0.371,1.000)"
YMBNOESXWZMFOL,O=C(Nc1cc2c(s1)CCCC2)C1CCCCC1,0.27472527472527475,"Q1 [0.000,0.289)"
DGJDXFOGHWPJQG,c1ccc(-c2ccnc3c2CCC3)cc1,0.3717948717948718,"Q4 [0.371,1.000)"
OVBAIAUBAXVLKL,O=C(C1CCCCC1)N1CCC(N(c2ccncn2)C2CC2)CC1,0.3564356435643564,"Q3 [0.326,0.371)"
HYGUOKVHOMDQDK,O=C(NC1CCS(=O)(=O)C1)C1CCCCC1,0.23863636363636365,"Q1 [0.000,0.289)"
YTBIQPGEPIKAJD,c1ccc(-c2nc(-c3ccncc3)no2)cc1,0.3269230769230769,"Q3 [0.326,0.371)"
XBLNRDQRXIVGIL,c1ccc(-c2nc(-c3ccc4nc[nH]c4c3)no2)cc1,0.288135593220339,"Q1 [0.000,0.289)"
LEFVRPUACKZXFO,O=C(Nc1cccc(C(=O)NC2CCCCC2)c1)c1ccccc1,0.4631578947368421,"Q4 [0.371,1.000)"
RDAHUWQQBAUTDL,c1ccc(OCc2ccco2)cc1,0.34210526315789475,"Q3 [0.326,0.371)"
ZAWDQIWHARNMLS,O=C(NCCc1ccccc1)NCc1cccnc1,0.4050632911392405,"Q4 [0.371,1.000)"
WALLVEUIEIFNKD,c1ccc2oc(N3CCN(c4nc5cnccc5s4)CC3)nc2c1,0.33653846153846156,"Q3 [0.326,0.371)"
PSHXTRRSUGTGEV,O=C(CSc1nnc(-c2ccco2)o1)Nc1ccccc1,0.2926829268292683,"Q2 [0.289,0.326)"
MTGQLKJIZUCMQL,O=C(NN=Cc1ccccc1)c1ccccn1,0.36486486486486486,"Q3 [0.326,0.371)"
COZXLISXKSTNNC,O=C(NCCc1ccc(-c2cccs2)s1)c1cc(-c2ccccc2)n[nH]1,0.33884297520661155,"Q3 [0.326,0.371)"
XPCBMCBQSLNOBS,O=C(Nc1ccc2c(c1)OCO2)c1ccco1,0.3211009174311927,"Q2 [0.289,0.326)"
YUTWAQCMIAOWTB,O=S(=O)(NCCCc1cnc2ccnn2c1)c1ccccc1,0.3625,"Q3 [0.326,0.371)"
GRHDWACTLYNSMT,O=S(=O)(c1cccs1)N1CCN(c2cnn3cnnc3c2)CC1,0.2831858407079646,"Q1 [0.000,0.289)"
ZXEPSIMABINFGP,c1ccc(OCc2nn3cnnc3s2)cc1,0.3111111111111111,"Q2 [0.289,0.326)"
ZHLFKHMBFXEQHX,O=C(Cn1cnc(-c2cccs2)cc1=O)Nc1ccccc1,0.3522727272727273,"Q3 [0.326,0.371)"
FWUZDOLDUYKXLU,c1ccc(N2CC(Nc3nc4ccccc4o3)C2)nc1,0.31958762886597936,"Q2 [0.289,0.326)"
XQFVUZKZROZNNP,O=C(OC1CCCCC1)c1ccccc1,0.4090909090909091,"Q4 [0.371,1.000)"
JCKBNNBAVHXIHJ,O=C(NCc1cccs1)c1cc2sccc2[nH]1,0.3181818181818182,"Q2 [0.289,0.326)"
RHCAHMAMSDZHPP,O=C(CSc1nnc2ccc(-c3ccccc3)nn12)NCCc1ccccc1,0.31007751937984496,"Q2 [0.289,0.326)"
NRANFRLRLGRMHW,O=C(Nc1ccc(-c2cn3ccsc3n2)cc1)C1CCCCC1,0.3106796116504854,"Q2 [0.289,0.326)"
KYQJRFZALBZIRM,O=C(CSc1nnc(-c2ccco2)o1)Nc1ccccc1,0.37349397590361444,"Q4 [0.371,1.000)"
QJUMSWKXOCIZMD,O=C1Nc2ccc(S(=O)(=O)N3CCOCC3)c3cccc1c23,0.3010752688172043,"Q2 [0.289,0.326)"
NXYAFDQQWSSYAN,O=C(CSc1ncc[nH]1)Nc1cccc2nsnc12,0.27586206896551724,"Q1 [0.000,0.289)"
HAOCVJUYZURSCM,O=C(NCCCNC(=O)c1ccccc1)c1ccccc1,0.36082474226804123,"Q3 [0.326,0.371)"
MGNBJHFEXMULGG,O=C(NCC(c1ccco1)S(=O)(=O)c1ccccc1)c1ccccc1,0.32710280373831774,"Q3 [0.326,0.371)"
HUIADPNFYAWNBZ,O=C(Nc1ccc2nccnc2c1)c1ccccc1,0.37373737373737376,"Q4 [0.371,1.000)"
AULMGXWNAOLRRN,O=C(c1cccc2ccccc12)N1CCN(C(=O)C2CC2c2cccs2)CC1,0.31683168316831684,"Q2 [0.289,0.326)"
WZMQYKIUGBOABR,O=C(CCC(=O)Nc1ccccc1)NNC(=O)Nc1ccccc1,0.5466666666666666,"Q4 [0.371,1.000)"
DSPGQXGDUXALQS,O=C(NCCc1ccc(-c2ccco2)s1)c1cn[nH]c1,0.29292929292929293,"Q2 [0.289,0.326)"
BKYLTFJXHDIYCG,O=C(Nc1ccccc1)C1CCN(c2ccnc3ccccc23)CC1,0.3225806451612903,"Q2 [0.289,0.326)"
MSDJVDUOWBXZOR,O=C(CSc1nnc(-c2ccccc2)o1)Nc1c[nH]n(-c2ccccc2)c1=O,0.3942307692307692,"Q4 [0.371,1.000)"
ZEOZXKVHGPQBQI,O=C(Cc1ccccc1)N1CCC=N1,0.3424657534246575,"Q3 [0.326,0.371)"
NVKDDQBZODSEIN,c1ccc(CN2CCCCC2)cc1,0.35714285714285715,"Q3 [0.326,0.371)"
LJBZOOZWJLUSGF,O=C(c1ccccc1)N1CCCC1,0.30434782608695654,"Q2 [0.289,0.326)"
CHLHSHNLERJUFP,O=C(CSc1nc(=O)cc[nH]1)Nc1ccccc1,0.32967032967032966,"Q3 [0.326,0.371)"
MBSQJBJBAGHWPD,O=c1[nH]nc(-c2ccccc2)c2c(-c3ccccc3)n(-c3ccccc3)nc12,0.3923076923076923,"Q4 [0.371,1.000)"
PZZYVYJTEQDIRL,O=c1nc(SCc2coc(-c3ccccc3)n2)[nH]c2c1CCCC2,0.3448275862068966,"Q3 [0.326,0.371)"
UITGOGDEDDCAMY,O=c1[nH]c(=O)c2cccnc2[nH]1,0.37142857142857144,"Q4 [0.371,1.000)"
KEHWHDWYFDSXPT,O=C(NCC1CCOCC1)c1ccnc2ccccc12,0.4,"Q4 [0.371,1.000)"
HJHQRUUBNFYFFC,O=S(=O)(NC1CCCN(c2cnccn2)C1)C1CC1,0.23711340206185566,"Q1 [0.000,0.289)"
UVWZRCZLMPBRFO,O=S(=O)(NCc1ccco1)c1cccc(-c2nnc(-c3ccccc3)o2)c1,0.3619047619047619,"Q3 [0.326,0.371)"
MMSFJMHITVQEOZ,O=C(Cc1ccccc1)Nc1ccc(-c2ccn[nH]2)cc1,0.35,"Q3 [0.326,0.371)"
NUHANHMTZSQBLN,c1cnc(NCCc2cccs2)nc1,0.234375,"Q1 [0.000,0.289)"
LPRSAOLBPVACEZ,c1cnc(NCCc2cccs2)nc1,0.25773195876288657,"Q1 [0.000,0.289)"
AYSOZHYAKLCLLI,O=C(NCCc1ccco1)c1cc2ccccc2s1,0.34444444444444444,"Q3 [0.326,0.371)"
NMXPFMNUCHVHNY,O=C1OC(C(=O)Nc2ccccc2)Cc2ccccc21,0.3888888888888889,"Q4 [0.371,1.000)"
DSPAICDFYLGDQU,O=C(NCCc1ccc(-c2cn[nH]c2)s1)c1ccoc1,0.2871287128712871,"Q1 [0.000,0.289)"
DDFDZTPARAEIOC,O=C(Oc1cccc(NC(=O)c2cccs2)c1)c1ccco1,0.4457831325301205,"Q4 [0.371,1.000)"
FXDSUUPTNIWQJJ,O=C(CSc1nccs1)Nc1cccc2nsnc12,0.29473684210526313,"Q2 [0.289,0.326)"
BFZGLUYSKKBVIJ,O=S(=O)(c1cccs1)N1CCNCC1,0.3076923076923077,"Q2 [0.289,0.326)"
BCVUOBWMUKFELZ,O=C(COc1ccccc1)N1CCN(c2ncc[nH]2)CC1,0.3238095238095238,"Q2 [0.289,0.326)"
CPTOMJKBHYWTBP,O=C(c1ccon1)N1CC(S(=O)(=O)c2ccccc2)C1,0.40789473684210525,"Q4 [0.371,1.000)"
MSYYZXDEESAHBQ,O=C(Nc1nc(-c2cc3ccccc3o2)cs1)c1ccn[nH]1,0.32653061224489793,"Q3 [0.326,0.371)"
MOPHFMXCZCAVCA,O=C(NCCC1=CCCCC1)c1cc2sccc2[nH]1,0.248,"Q1 [0.000,0.289)"
KKRPSGLUIVIZGM,O=C(NCCN1CCOCC1)c1ccsc1-n1cnnn1,0.29411764705882354,"Q2 [0.289,0.326)"
MACBIICZUUGZJP,c1ccc(CSc2nc3ccccc3[nH]2)cc1,0.34177215189873417,"Q3 [0.326,0.371)"
JTBJNRRMQCSCGS,O=C(Nc1cnn(CC2CCOCC2)c1)c1ccc2c(c1)OCO2,0.4148936170212766,"Q4 [0.371,1.000)"
OOYULPADZQSRNG,c1cnnc(OCC2CCN(c3cnccn3)C2)c1,0.25663716814159293,"Q1 [0.000,0.289)"
HGFCFCHGBMXHEF,O=C(Nc1ccc(-c2ccc(N3CCCC3)nn2)cc1)c1ccccc1,0.33620689655172414,"Q3 [0.326,0.371)"
CHUUDRIKNFAJGZ,c1cc(OCC2CCN(Cc3ncno3)CC2)ccn1,0.25,"Q1 [0.000,0.289)"
JTJVBIZUEZPTSS,O=C(Nc1ccc2c(c1)OCCO2)c1cnc2ccccn2c1=O,0.32673267326732675,"Q3 [0.326,0.371)"
RDNSEOCKSVEWOO,O=C(NCc1cc(-c2ccc3c(c2)OCCO3)on1)C1CCC1,0.40217391304347827,"Q4 [0.371,1.000)"
IYOCGZDHZOVBNA,c1ccc2[nH]c(CSc3nnnn3C3CCCCC3)nc2c1,0.3194444444444444,"Q2 [0.289,0.326)"
LRXCXZDCUOCZLQ,O=C(NCC1CCN(C(=O)c2ccoc2)CC1)c1ccccc1,0.3235294117647059,"Q2 [0.289,0.326)"
ZEEMBFBPSAVVFW,O=C(NC(c1ccccc1)c1ccccc1)c1cnccn1,0.5263157894736842,"Q4 [0.371,1.000)"
ACRDPZBVMXMIBY,O=C(NC1CCC(Oc2ccccn2)CC1)c1cnns1,0.24545454545454545,"Q1 [0.000,0.289)"
UOBSHOUVRAMEDS,O=C(NCc1cccnc1)C1CCc2nc[nH]c2C1,0.25,"Q1 [0.000,0.289)"
CTSMXCNXTDCASE,O=C(Nc1ccc(N2CCCC2=O)cc1)c1ccc2c(c1)OCO2,0.36666666666666664,"Q3 [0.326,0.371)"
JDUWTEREDJFJRK,O=S(=O)(c1ccccc1)N1CCC(n2cc(-c3ccccc3)nn2)C1,0.36036036036036034,"Q3 [0.326,0.371)"
ZIVLAYITRQKAOB,c1ccc2nc(-c3nn4cnnc4s3)ccc2c1,0.29896907216494845,"Q2 [0.289,0.326)"
WFPHNXAPZPGQJC,O=c1c(C=NCCc2ccccc2)c[nH]n1-c1nc2ccccc2s1,0.3883495145631068,"Q4 [0.371,1.000)"
XIFDHVXQMXQNIH,O=C(C1CCCN(c2ccncn2)C1)N1CCSCC1,0.26666666666666666,"Q1 [0.000,0.289)"
AXGVYSNHNHFETH,O=C(CCc1cccs1)N1CC2(CC(c3ccccc3)C2)C1,0.2891566265060241,"Q1 [0.000,0.289)"
RFORQYKMCQHLLL,O=C(CCCN1C(=O)c2ccccc2C1=O)Nc1nccs1,0.4024390243902439,"Q4 [0.371,1.000)"
FWCXRJNXAAGQMH,O=C(c1ccc2nccnc2c1)N1CC2CCCC2(COc2ncccn2)C1,0.2708333333333333,"Q1 [0.000,0.289)"
XYKQNKXYPBCSOG,O=C(Cn1ccc2ccccc21)NCCCc1cnc2ccnn2c1,0.3333333333333333,"Q3 [0.326,0.371)"
NMQCRLBZKJMXHU,O=C(CCSc1nnnn1-c1ccccc1)Nc1ccccc1,0.44155844155844154,"Q4 [0.371,1.000)"
JBFXOUINJBSJGD,O=C(Nc1ccccc1)c1cc2c(nn1)CCCC2,0.31645569620253167,"Q2 [0.289,0.326)"
IIBCLDNEMFINEE,O=C(c1ccnc(N2CCNC(c3ccccc3)C2)c1)N1CCCN(c2ncccn2)CC1,0.3023255813953488,"Q2 [0.289,0.326)"
JPEDUSJOGSNUAF,O=C(NCc1ccccc1)c1ncccn1,0.46153846153846156,"Q4 [0.371,1.000)"
BHVNILMBUPNFIW,O=C(Cn1c(=O)c2nncn2c2ccccc21)N1CCN(c2ccccc2)CC1,0.3779527559055118,"Q4 [0.371,1.000)"
BMYAFTKQZROTNN,O=C(NCc1ccccc1)c1cn(-c2ccccc2)nn1,0.39080459770114945,"Q4 [0.371,1.000)"
QKZNLMOXLNYCRJ,O=C(c1cc2cnn(-c3ccccc3)c2s1)N1CCOCC1,0.38666666666666666,"Q4 [0.371,1.000)"
KSUUCKYHZWYVTJ,c1ccc(Nc2ccnc(C3CC3)n2)cc1,0.3333333333333333,"Q3 [0.326,0.371)"
GECMJNFVFQYWGE,O=C(NCC1CC2CCC1C2)c1ccn[nH]1,0.26804123711340205,"Q1 [0.000,0.289)"
GKXSAKJDUDGJFB,c1ccc2c(c1)CCNC2,0.29850746268656714,"Q2 [0.289,0.326)"
SZIPGDGOBMFCEH,c1ccc2c(c1)CCNC2,0.27941176470588236,"Q1 [0.000,0.289)"
UNDZARIKPIVUBR,O=C(NCc1ccccc1)NC1CN(c2ccccn2)C1,0.3829787234042553,"Q4 [0.371,1.000)"
CPXVBRGFHPQPLV,O=C(NCCCNC(=O)c1ccccc1)c1ccccc1,0.4117647058823529,"Q4 [0.371,1.000)"
QNHTZSQEZHWJRU,O=C(Cc1ccccc1)N1CCCN(C2CCOC2)CC1,0.35106382978723405,"Q3 [0.326,0.371)"
DALSGIHYOFBPHA,O=C(Nc1ccccc1)Nc1cnn(CC2CCOCC2)c1,0.425,"Q4 [0.371,1.000)"
AGLZCYHAVFVOBH,O=C(CC1CCCC1)N1CCCCC1c1nncn1CC1CC1,0.2833333333333333,"Q1 [0.000,0.289)"
UNCPMEIRONDORB,O=C(CCNc1c(-c2ccccc2)nc2cnccn12)NCc1ccccn1,0.312,"Q2 [0.289,0.326)"
ONQXPOCKGMFOEM,O=S(=O)(Nc1ccccc1)c1coc(-c2ccn[nH]2)c1,0.33,"Q3 [0.326,0.371)"
NVTUIVJUJSKRAR,N=C1C(c2nc3ccccc3[nH]2)=CCN1c1ccccc1,0.4,"Q4 [0.371,1.000)"
WDHLYQWYGKLXNL,O=C(COc1ccc(-c2ccccc2)cc1)n1cccn1,0.42857142857142855,"Q4 [0.371,1.000)"
PRIZAWVZOZNDTR,O=C(Nc1ccccc1N1CCOCC1)c1cccnc1,0.4772727272727273,"Q4 [0.371,1.000)"
YLFXRNSTDNRZOA,c1cnn(-c2cc(N3CCN(c4ncnc5[nH]ccc45)CC3)ncn2)c1,0.27586206896551724,"Q1 [0.000,0.289)"
IQLRVDFASYJQCY,c1ccc(OCc2nncs2)cc1,0.35789473684210527,"Q3 [0.326,0.371)"
GVIKTWHHKDQYJB,c1ccc(-c2nccs2)cc1,0.3225806451612903,"Q2 [0.289,0.326)"
TYAPPMGZFMWADH,c1ccc(Nc2ccnc(C3CC3)n2)cc1,0.3780487804878049,"Q4 [0.371,1.000)"
AVBAFXWFTJKTHL,O=C(Nc1ncc(CN2CCOCC2)s1)c1ccccc1,0.30927835051546393,"Q2 [0.289,0.326)"
ILZHPAIMBKBAQX,c1ccc(-c2ncc(NC3CCCCC3)o2)cc1,0.3246753246753247,"Q2 [0.289,0.326)"
NDTILUUMHGYSPP,O=S(=O)(Nc1cccc2cccnc12)c1ccccc1,0.4430379746835443,"Q4 [0.371,1.000)"
DAESNESEXGFIAF,c1ccc(CCNCCc2c[nH]c3ccccc23)cc1,0.44086021505376344,"Q4 [0.371,1.000)"
WOKPDCREBLHABP,O=C(NCc1cn(Cc2ccccc2)nn1)c1cccs1,0.3394495412844037,"Q3 [0.326,0.371)"
WMELCSMTMPPVOB,O=C(Nc1nc(-c2ccccc2)cs1)C1CC2CCC1C2,0.34177215189873417,"Q3 [0.326,0.371)"
NWUFDGUSQFDJIV,O=S(=O)(NC1CN(c2ccccn2)C1)c1cn[nH]c1,0.3170731707317073,"Q2 [0.289,0.326)"
ONZRLKKWCBSCDL,O=C(Cc1cccc2ccccc12)Nc1ccc2nccnc2c1,0.3695652173913043,"Q3 [0.326,0.371)"
PXYYZDSQIVJRCP,c1cnc(N2CCCC2)c(CNc2ccncn2)c1,0.31683168316831684,"Q2 [0.289,0.326)"
ZAYAPPXZAKUTCC,O=C(COc1ccccc1)Nc1ncccc1OCc1ccccc1,0.45544554455445546,"Q4 [0.371,1.000)"
NIIBWZZAZCVGPJ,c1ccc2sc(N3CCNCC3)nc2c1,0.3157894736842105,"Q2 [0.289,0.326)"
SQEVQBDXGVGKJH,O=C(CCn1cccn1)Nc1ccccc1,0.5909090909090909,"Q4 [0.371,1.000)"
BJVJJWMSWFPJOY,O=C(Nc1ccccc1)N1CCc2nc[nH]c2C1,0.3717948717948718,"Q4 [0.371,1.000)"
VOTPSWPBQVSQHL,O=C(Cn1nc2c(cc1=O)CCC2)NCc1cccnc1,0.24786324786324787,"Q1 [0.000,0.289)"
PMZMBVJXQWOWTL,O=C(c1cccc(Cn2cncn2)c1)N1CCC2(CC1)OCCO2,0.3695652173913043,"Q3 [0.326,0.371)"
QGIKJAYNOHHHSY,O=S(=O)(Nc1cccc2cccnc12)c1ccccc1,0.44642857142857145,"Q4 [0.371,1.000)"
FGXJEKMRVAXMNF,O=S(=O)(NC1CCN(c2cnccn2)C1)c1cccnc1,0.3146067415730337,"Q2 [0.289,0.326)"
DPFSXIVYNLCXFE,c1ccc(OCCSc2nnnn2-c2ccccc2)cc1,0.45161290322580644,"Q4 [0.371,1.000)"
ABBAAUVWZONDMO,O=C(NCC1(c2ccccc2)CCCC1)c1ccccc1,0.47191011235955055,"Q4 [0.371,1.000)"
HECAIFZKEIYNJC,O=C(Nc1ccccc1)N1CCc2nc[nH]c2C1,0.34615384615384615,"Q3 [0.326,0.371)"
AYCSEZVEZFRPIC,O=C(Nc1cnn(Cc2ccccc2)c1)C1CCCO1,0.3176470588235294,"Q2 [0.289,0.326)"
YYSSNMRYLBRISO,O=C(CC1CCCC1)Nc1ccc(-n2ncnn2)cc1,0.3176470588235294,"Q2 [0.289,0.326)"
DXOMSZYQHDDYPR,O=C(CCn1cccn1)Nc1ccccc1,0.33766233766233766,"Q3 [0.326,0.371)"
SUJPOGCFLVSXOZ,O=C(NNC(=O)c1cccs1)c1ccco1,0.30864197530864196,"Q2 [0.289,0.326)"
NPNNCHCGYDKUTA,c1ccc(CN2CCC(Nc3ccccc3)CC2)cc1,0.4155844155844156,"Q4 [0.371,1.000)"
NSJARZPGDNCCFN,c1ccc(-c2cc3nc(-c4ccco4)ccn3n2)cc1,0.26595744680851063,"Q1 [0.000,0.289)"
QOIHWKJDUOABDG,O=C(CCc1ccccc1)NCC(c1cccs1)n1cccn1,0.3055555555555556,"Q2 [0.289,0.326)"
SBRRLAKSWOXCDY,O=C(NC1CCCC1)c1cc2cc3c(nc2s1)CCCC3,0.28421052631578947,"Q1 [0.000,0.289)"
QWAXYQCBALTPRT,S=C1NC2(CCCCC2)NN1c1ccccc1,0.30337078651685395,"Q2 [0.289,0.326)"
KSDSQMYZVFASOS,O=C1NC2=C(C(=O)N(CCN3CCCCC3)C2)C(c2ccccc2)N1,0.31343283582089554,"Q2 [0.289,0.326)"
UPQAHSRLTOVTQV,O=C1CC(c2ccccc2)N1Cc1ccccc1,0.36046511627906974,"Q3 [0.326,0.371)"
KAXAOXQTYUWQRR,O=C(c1ccsc1)N1CC(N2CCc3sccc3C2)C1,0.26262626262626265,"Q1 [0.000,0.289)"
XCYVLMMCPHKZQR,O=c1cc(SCc2ccccc2)[nH]c(=O)[nH]1,0.3283582089552239,"Q3 [0.326,0.371)"
QOLSBTCKCABIOE,c1ccc(OCC2CCN(c3ncccn3)CC2)nc1,0.27522935779816515,"Q1 [0.000,0.289)"
UDKYNYYAEJLBPG,O=C(OC1CN(c2nc3ccccc3s2)C1)c1ccsc1,0.2948717948717949,"Q2 [0.289,0.326)"
MGFFOYGOXIRVLB,O=C(c1ccon1)N1CCC(n2ncccc2=O)CC1,0.27205882352941174,"Q1 [0.000,0.289)"
IPLKUHKLPLEICE,O=C1Nc2ccccc2Oc2ccc(NS(=O)(=O)Cc3ccccc3)cc21,0.34234234234234234,"Q3 [0.326,0.371)"
JXBQRXIJBFUZMR,c1ccc2c(c1)CCNC2,0.2571428571428571,"Q1 [0.000,0.289)"
IEZJKQCFVLIQDU,O=S(=O)(NCc1ccccc1)c1cccc2ccccc12,0.42857142857142855,"Q4 [0.371,1.000)"
IXMXGRVGLJVHCE,O=C(CSc1nnc(-c2ccccc2)[nH]1)Nc1ccon1,0.3229166666666667,"Q2 [0.289,0.326)"
SQGYGJYLBBNULC,O=C(Nc1ccccc1)Nc1cccs1,0.35555555555555557,"Q3 [0.326,0.371)"
SGTQWADBSAAQDT,O=C(Cc1cnoc1)NCC(c1cccs1)n1cccn1,0.3076923076923077,"Q2 [0.289,0.326)"
QLIXCNJLFQTWCT,c1ccc(CNCCOc2ccccn2)cc1,0.3763440860215054,"Q4 [0.371,1.000)"
MNPAMAUHYJDPSA,O=C(NCC1CCCc2occc21)Nc1ccccc1,0.4189189189189189,"Q4 [0.371,1.000)"
RNXVDOGYGKOSRI,O=C(COc1ccc(C(=O)Nc2ccccc2)cc1)Nc1cc2c(s1)CCC2,0.4108527131782946,"Q4 [0.371,1.000)"
NWIBTYMVUPIXED,O=C(c1csc(-c2ccccc2)n1)N1CC(Cn2cccn2)C1,0.3058823529411765,"Q2 [0.289,0.326)"
BLMQSGGKMGQUNM,O=C(CCSc1ccccc1)Nc1ccccc1,0.4675324675324675,"Q4 [0.371,1.000)"
IMXDYYMHTQBKQV,c1ccc(C(c2cn3ncnc3s2)N2CCCCC2)cc1,0.2787878787878788,"Q1 [0.000,0.289)"
ZNADLJHCBWYYQG,O=C(Cc1ccccc1)N1CCC(N2CCCCC2)CC1,0.2871287128712871,"Q1 [0.000,0.289)"
IPNLXJRLBPQUCL,O=C(NCC1CCCO1)Nc1cc2c3c(c1)CCN3C(=O)CC2,0.3815789473684211,"Q4 [0.371,1.000)"
KIAZDLSDTVXHQF,O=C(Cn1nnc2ccccc2c1=O)N1CCNCC1,0.41304347826086957,"Q4 [0.371,1.000)"
ZYYIWUTUYLONKB,O=C(CC1C(=O)N(Cc2ccc3c(c2)OCO3)c2ccccc21)c1ccccc1,0.35658914728682173,"Q3 [0.326,0.371)"
HHHAUZRPAVWUMN,O=C(CN1C(=O)C2C3C=CC(C3)C2C1=O)Nc1ccccc1,0.3116883116883117,"Q2 [0.289,0.326)"
ZESFHAGBNZBKDP,c1nc2c(c(N3CCC3)n1)CCCC2,0.22988505747126436,"Q1 [0.000,0.289)"
HMJSYXIPNSASJY,O=c1ncccn1C1CCCO1,0.4782608695652174,"Q4 [0.371,1.000)"
HOQRLYGJGNDRKU,O=C(NCC1CCCO1)N1CCCC1c1nc(-c2ccccc2)no1,0.29577464788732394,"Q2 [0.289,0.326)"
ZGPDWILHVFLEDV,O=C(c1ccco1)N1CCCc2ccc(NS(=O)(=O)c3ccccc3)cc21,0.3230769230769231,"Q2 [0.289,0.326)"
ACNGTJSRIRKXED,O=C(NCc1cncc(-c2ccsc2)c1)c1ccccc1,0.3018867924528302,"Q2 [0.289,0.326)"
AGUMOELJBIJFGY,O=C(Cn1ncn2nc(-c3ccccc3)cc2c1=O)N1CCN(c2ccccn2)CC1,0.38333333333333336,"Q4 [0.371,1.000)"
PFVGPQYHYNPGEG,O=C(NCc1ccccc1)N1CCN(C2=CC3=NCCN3C=N2)CC1,0.2847222222222222,"Q1 [0.000,0.289)"
XPIKAPWOCLQOOV,c1ccc(Nc2nc(-c3ccccc3)cs2)cc1,0.42105263157894735,"Q4 [0.371,1.000)"
AQYYJDGWYTWVHL,O=C(Nc1ccccc1)C1CCN(c2nc3ccc(-c4cncnc4)nc3s2)CC1,0.2764227642276423,"Q1 [0.000,0.289)"
ORPAOFUGZREFQY,O=C(CSc1nc(=O)cc[nH]1)Nc1ccccc1,0.3333333333333333,"Q3 [0.326,0.371)"
NLCSMECMDGWGFB,O=C(OCc1ccccc1)c1ccc(COc2ccccc2)cc1,0.4444444444444444,"Q4 [0.371,1.000)"
AFFDHNIIGHONII,c1ccc(-c2csc3ncnc(N4CCNCC4)c23)cc1,0.45652173913043476,"Q4 [0.371,1.000)"
VXSAYUQOTNYUQZ,O=C(NCc1cn[nH]c1)c1cc2ccccc2s1,0.3516483516483517,"Q3 [0.326,0.371)"
NYQKGBIAFACMDK,O=C(Nc1ccccc1)C1CCN(S(=O)(=O)c2ccc3[nH]c(=O)sc3c2)CC1,0.3157894736842105,"Q2 [0.289,0.326)"
FOXDPIJSBJBEIQ,O=S(=O)(c1csc(-c2cscn2)c1)N1CCN(c2ccccc2)CC1,0.33076923076923076,"Q3 [0.326,0.371)"
UJTKRNBVFUGENI,O=C(CSc1nnc(Cc2ccccc2)n1Cc1ccccc1)Nc1ccccc1,0.3893805309734513,"Q4 [0.371,1.000)"
IKPWOFGMTMIPHL,O=C(Nc1ccccc1)c1cc(-c2ccccc2)on1,0.4479166666666667,"Q4 [0.371,1.000)"
KKIWSGUSRYAJHA,O=C(NC1CC2CC1CN2S(=O)(=O)c1ccc2c(c1)CCCC2)c1cccs1,0.2900763358778626,"Q2 [0.289,0.326)"
ZLZOAZPLHYXCBU,O=C(NC1CC2CCC1C2)c1ccccc1,0.34065934065934067,"Q3 [0.326,0.371)"
UTQNNRSLPGWIKK,O=C(CSc1nc(=O)[nH]c2c1CCCC2)Nc1ccccc1,0.3263157894736842,"Q3 [0.326,0.371)"
IPCWPXYOFNKDNC,O=C(c1cccc2ccccc12)N1CCN(Cc2nnnn2-c2ccccc2)CC1,0.3484848484848485,"Q3 [0.326,0.371)"
RMRHNGGKWOPAEI,c1ccc(CSc2cc(-c3cccnc3)ccn2)cc1,0.32727272727272727,"Q3 [0.326,0.371)"
XGIBBLBMDIFREF,O=C(Nc1cccs1)c1cnn(-c2ccccc2)c1,0.3626373626373626,"Q3 [0.326,0.371)"
DDSXENIVLHHAKF,O=C(CCC(=O)Nc1ccccc1)NN=C1CCCC1,0.323943661971831,"Q2 [0.289,0.326)"
BADOSQDOGRIXCV,c1ccc(C2Nc3ccccc3-c3nncnc3O2)cc1,0.3119266055045872,"Q2 [0.289,0.326)"
HTHOSORJNHENAC,O=C(CSc1nc(=O)ccn1-c1ccccc1)Nc1ccccc1,0.3564356435643564,"Q3 [0.326,0.371)"
LIZWLNAKXOVBFQ,O=C(c1cc[nH]n1)N1CCc2ccccc21,0.31868131868131866,"Q2 [0.289,0.326)"
GDZAZGOEHDYHDJ,O=C(CSc1nc(=O)[nH]c2c1CCCC2)Nc1ccccc1,0.3804347826086957,"Q4 [0.371,1.000)"
NIUMVYWWROMGTJ,O=S(=O)(c1ccccc1)N(Cc1ccccc1)c1ncns1,0.2802547770700637,"Q1 [0.000,0.289)"
UMHSXYPVNNJVSP,O=C(Nc1ccc(N2CCCCS2(=O)=O)cc1)c1ccccc1,0.4067796610169492,"Q4 [0.371,1.000)"
PEDBMWRFYXGNDZ,O=C(COc1ccccc1)N1CCN(C2=CC3=NCCN3C=N2)CC1,0.30714285714285716,"Q2 [0.289,0.326)"
CKHHCIFKYSJRFE,c1ccc(Nc2nc(Nc3ccccc3)nc(N3CCOCC3)n2)cc1,0.3709677419354839,"Q4 [0.371,1.000)"
WRFLNHLHSAFJJM,O=c1[nH]c(=O)c2cccnc2[nH]1,0.3253012048192771,"Q2 [0.289,0.326)"
RTJLNVPAVJDXHC,O=c1c2cc(-c3ccccc3)nn2ccn1Cc1nc(-c2ccccc2)no1,0.3287671232876712,"Q3 [0.326,0.371)"
WTIJIRAHFUHNNK,O=C(NCc1ccccc1)N1CCN(C2=CC3=NCCN3C=N2)CC1,0.28695652173913044,"Q1 [0.000,0.289)"
CZWWHJXUCPWDFX,O=C(NC1CCCCC1)c1cc2cnc(-c3ccccc3)nc2s1,0.3302752293577982,"Q3 [0.326,0.371)"
JPFZWBIJMKLVLE,O=C(Nc1ccc(N2CCCCS2(=O)=O)cc1)c1ccccc1,0.46808510638297873,"Q4 [0.371,1.000)"
ZZEFQWDTFDCEEU,O=C(Nc1ccccc1)c1ccc2ncsc2c1,0.46236559139784944,"Q4 [0.371,1.000)"
DLIIWQNDKMRPNV,O=C(COc1ccccc1)N1CCN(c2cc(-n3cccn3)ncn2)CC1,0.39849624060150374,"Q4 [0.371,1.000)"
BPPDIVLKEAJLKC,O=C(NNC(=O)c1cccs1)c1ccccc1,0.4696969696969697,"Q4 [0.371,1.000)"
RBHWCOCAZXXERX,O=C(Cn1cnccc1=O)N1CCN(c2cc(-c3ccccc3)ncn2)CC1,0.31297709923664124,"Q2 [0.289,0.326)"
SMWXIFTYKNGBOW,c1ccc2c(c1)CC(N1CC(n3cnc4ccccc43)C1)C2,0.3404255319148936,"Q3 [0.326,0.371)"
LIANYZJJEKJXTJ,O=C(COc1ccc2ccccc2c1)NN=Cc1ccccc1,0.43119266055045874,"Q4 [0.371,1.000)"
IVYOHCYXAQUOMX,O=C(NCc1ccco1)c1cc2nc(-c3ccccc3)ccn2n1,0.32231404958677684,"Q2 [0.289,0.326)"
ULTFCFSNZDIJFF,O=C(NCc1cccs1)C1CCN(S(=O)(=O)c2cnn(-c3ccccc3)c2)CC1,0.27350427350427353,"Q1 [0.000,0.289)"
USIVLABNDPYOGF,O=C(c1ccc2cc[nH]c2c1)N1CC2CC1CC2NS(=O)(=O)c1cccs1,0.2830188679245283,"Q1 [0.000,0.289)"
BQCKDTCSCJJWSG,c1ccc(C2=Nn3c(nnc3-c3nc4ccccc4s3)SC2)cc1,0.4,"Q4 [0.371,1.000)"
DUQXBCAPAMQUBJ,O=C(c1cc(=O)c2ccccc2[nH]1)N1CCN(c2ccccc2)CC1,0.3838383838383838,"Q4 [0.371,1.000)"
CFUMOVNMRUNPDQ,c1ccc(N2CCN(c3ncnc4[nH]nnc34)CC2)cc1,0.2909090909090909,"Q2 [0.289,0.326)"
PNUUYAOSTKLADV,O=C(Nc1ccc(N2CCCCS2(=O)=O)cc1)c1ccccc1,0.3465346534653465,"Q3 [0.326,0.371)"
IYWQUYLMABYCGO,O=C(Cn1ccc(=O)cc1CN1CCCCC1)Nc1ccccc1,0.35398230088495575,"Q3 [0.326,0.371)"
WZFJIEYXRNQRMX,O=C(NCc1ccccc1)c1ccc2ccccc2n1,0.3942307692307692,"Q4 [0.371,1.000)"
HDSBVZCLPVHFRQ,O=C(NCCc1ccccc1)N1CCN(Cc2nnnn2-c2ccccc2)CC1,0.3492063492063492,"Q3 [0.326,0.371)"
XBLWLOSZCPZILU,O=C(Nc1ccccc1)C1CCN(S(=O)(=O)c2cnn(-c3ccccc3)c2)CC1,0.312,"Q2 [0.289,0.326)"
OMFOGHQWBSSBSM,O=C(Nc1cc2c(s1)CCCC2)c1ccncc1,0.2891566265060241,"Q1 [0.000,0.289)"
VGPYTGPCSGQMIS,O=C(Cc1ccccc1)NCc1ccc(-c2nccs2)cc1,0.3577981651376147,"Q3 [0.326,0.371)"
HRTVHALJQGMNAL,O=C(CN(C1CCCCC1)S(=O)(=O)c1ccccc1)NN=Cc1cccc2ccccc12,0.44642857142857145,"Q4 [0.371,1.000)"
VBXNUMWELLYRKG,O=C(CSc1nc(=O)[nH]c2c1CCCC2)Nc1ccccc1,0.31666666666666665,"Q2 [0.289,0.326)"
JROQBAJOCBJLMD,O=C(COc1ccccc1)N1CCN(c2cc(-n3cccn3)ncn2)CC1,0.3617021276595745,"Q3 [0.326,0.371)"
IRQRMRNUKCLRSC,O=C(CSc1nc(=O)n(CCN2CCOCC2)c2c1CCC2)Nc1ccccc1,0.2857142857142857,"Q1 [0.000,0.289)"
GEMVZPHXNBBWMU,S=C(NCc1ccccc1)NN=Cc1ccccc1,0.3888888888888889,"Q4 [0.371,1.000)"
OXPAKBWBDCQFBK,O=C(NN=Cc1cccc(OC2CSC2)c1)c1ccccc1,0.4177215189873418,"Q4 [0.371,1.000)"
NDZSAMXYBKTOOC,c1ccc(-c2cscn2)cc1,0.3382352941176471,"Q3 [0.326,0.371)"
HHASQLRUOCYPBC,O=C(Nc1ccccc1)c1nnn(-c2ccccc2)c1-c1ccccn1,0.38596491228070173,"Q4 [0.371,1.000)"
GKEJGRSYSFTAHR,O=C(Cc1ccsc1)NC1CCN(c2ccc(-c3ccccc3)nn2)CC1,0.3088235294117647,"Q2 [0.289,0.326)"
RNMMWEUEPGSWEG,c1ccc(Nc2nc(Nc3ccccc3)nc(N3CCOCC3)n2)cc1,0.312,"Q2 [0.289,0.326)"
NCYSQKMPUGTKTB,O=C(Nc1ccc2[nH]cnc2c1)c1ccccc1-c1ccccc1,0.43956043956043955,"Q4 [0.371,1.000)"
CTRHPUJUXAEHFC,c1ccc(N2CCC(COc3ccncn3)CC2)nc1,0.22580645161290322,"Q1 [0.000,0.289)"
UWPVCRCVQCPTCT,O=C(c1cc(-c2ccccc2)on1)N1CCCc2ccccc21,0.34,"Q3 [0.326,0.371)"
OEFNADWAEIWIDZ,O=C(CN1CCC(c2nnc(-c3ccccc3)o2)CC1)Nc1ccccc1,0.39166666666666666,"Q4 [0.371,1.000)"
ONYJDLUSEMLJIC,O=C(c1ccc2nc[nH]c2c1)N1CCc2c(nc3cc(-c4ccccc4)[nH]n3c2=O)C1,0.3063063063063063,"Q2 [0.289,0.326)"
MRUDBOMBJYUTFL,O=C(c1ccc2c(c1)OCCO2)N1CCN(c2nc3ccccc3s2)CC1,0.3644859813084112,"Q3 [0.326,0.371)"
KGKUDQSSCYSRGB,c1ccc(OCc2ccco2)cc1,0.39603960396039606,"Q4 [0.371,1.000)"
OHOUTRATFHYDST,O=S1(=O)Nc2ccccc2-c2nc(SCc3ccccc3)ncc21,0.33035714285714285,"Q3 [0.326,0.371)"
JCLMMBGEBMYQQQ,O=C(N1CCN(c2ccncn2)CC1)C1(c2ccccc2)CC1,0.3391304347826087,"Q3 [0.326,0.371)"
MIAHDTLHDBQWOP,O=C(Nc1ccccc1)c1c[nH]c2c(=O)n(Cc3ccccc3)c(=O)[nH]c12,0.36363636363636365,"Q3 [0.326,0.371)"
FHGUCQRKYKICCP,c1ccc2c(N3CCN(C4CCCCC4)CC3)ncnc2c1,0.3394495412844037,"Q3 [0.326,0.371)"
FRMFPLDVMOLXKZ,O=S(=O)(Nc1ccccc1)c1coc(-c2ccn[nH]2)c1,0.3333333333333333,"Q3 [0.326,0.371)"
GXFWCFLWFXJYCX,O=C(COc1c[nH]ccc1=O)Nc1ccccc1,0.44285714285714284,"Q4 [0.371,1.000)"
DJNIIWLOKANCCG,O=C(COc1cccc2c1CCN(Cc1ccccc1)C2=O)Nc1ccc2c(c1)OCO2,0.35772357723577236,"Q3 [0.326,0.371)"
IRQOROSSNXRMDS,O=C(OCC(=O)N1CCN(c2ccccc2)CC1)c1cccnc1,0.38392857142857145,"Q4 [0.371,1.000)"
AJXPQHZKOFODRC,O=C(c1ccc2c(c1)OCO2)N1CCN(c2cc(-c3ccccc3)[nH]n2)CC1,0.35398230088495575,"Q3 [0.326,0.371)"
AYJRDVPRVFWRFF,O=C(Cn1cnc2oncc2c1=O)NCCc1ccccc1,0.3023255813953488,"Q2 [0.289,0.326)"
PGNJJHJJEJIOMW,O=C(Nc1ccccc1)C1CCN(c2ccnc3ccccc23)CC1,0.3228346456692913,"Q2 [0.289,0.326)"
NJHJESZWPRZAGN,c1ccc(-c2nncn2-c2ccccc2)cc1,0.38095238095238093,"Q4 [0.371,1.000)"
RLLBHKFPJFDZPO,O=C(Nc1ccc2c(c1)N(C(=O)c1cccs1)CCC2)c1ccccc1,0.35454545454545455,"Q3 [0.326,0.371)"
AAYYFZIKKOGURD,O=S(=O)(c1csc(-c2cc[nH]n2)c1)N1CC=C(c2ccccc2)CC1,0.336283185840708,"Q3 [0.326,0.371)"
ODQAIMBPQWETBE,c1ccc(Cc2cccc(C3CCCCO3)c2)cc1,0.45,"Q4 [0.371,1.000)"
BPEMDVGERQJFCM,O=C(COc1ccccc1)N1CCN(c2cc(-n3cccn3)ncn2)CC1,0.3162393162393162,"Q2 [0.289,0.326)"
RUNZKNNJUXGQRY,O=C(C1CCN(S(=O)(=O)c2csc(-c3ncon3)c2)CC1)N1CCOCC1,0.25625,"Q1 [0.000,0.289)"
MGTABTLJKCHLGV,O=S(=O)(NCc1ccc(-c2ccoc2)nc1)c1ccccc1,0.3548387096774194,"Q3 [0.326,0.371)"
DPOHXPLHOQJYFM,O=S(=O)(NCc1ccccc1)c1cccc(-c2cnoc2)c1,0.32989690721649484,"Q3 [0.326,0.371)"
MKGYYMGWIRUURC,O=C(Nc1cccc(-n2cnc3ccccc3c2=O)c1)c1ccccc1,0.41935483870967744,"Q4 [0.371,1.000)"
UTBANBKZTFRSKE,O=C(C1CCN(S(=O)(=O)c2cnn(-c3ccccc3)c2)CC1)N1CCc2ccccc2C1,0.3225806451612903,"Q2 [0.289,0.326)"
NWDHIGFTLALDCF,O=C(CCc1nnc2ccc(NCc3ccco3)nn12)N1CCN(c2ccccn2)CC1,0.41025641025641024,"Q4 [0.371,1.000)"
NVAFCPJNBUIDJR,c1ccc(-c2nc(N3CCN(C4CCCCC4)CC3)c3ccccc3n2)cc1,0.31092436974789917,"Q2 [0.289,0.326)"
SLTLYWVMYPEWRZ,C(=Nc1nc2ccccc2[nH]1)c1ccccc1,0.36585365853658536,"Q3 [0.326,0.371)"
UETJFLBNJJRJMK,O=C(Nc1ccccc1)C1CCN(S(=O)(=O)c2cnn(-c3ccccc3)c2)CC1,0.3089430894308943,"Q2 [0.289,0.326)"
KUEUCJXRQWTJHI,O=C(Nc1nncs1)C1CCN(S(=O)(=O)c2ccc3[nH]c(=O)sc3c2)CC1,0.30656934306569344,"Q2 [0.289,0.326)"
BKNIYMQNONRAIJ,c1ccc([SiH2]c2ccccc2)cc1,0.3835616438356164,"Q4 [0.371,1.000)"
HTJYVVPRLOZMSD,c1n[nH]c2c1CNCC2,0.22093023255813954,"Q1 [0.000,0.289)"
UEXHGUMUCVTSNK,c1ccc2c(c1)CCNC2,0.3611111111111111,"Q3 [0.326,0.371)"
XFZUPCITFHSROM,C1COC(CC2=NCCO2)=N1,0.1935483870967742,"Q1 [0.000,0.289)"
IDFOHMGTLKLWGA,c1ccc(-c2nncn2-c2ccccc2)cc1,0.3953488372093023,"Q4 [0.371,1.000)"
KUUXVJOSGMQDOT,c1ccc(CN2CCCCC2)cc1,0.4722222222222222,"Q4 [0.371,1.000)"
PIRWVWMHESZXMT,C1CC2CCC1CC2,0.20952380952380953,"Q1 [0.000,0.289)"
HTOPNGXLBAAAHQ,O=S(=O)(c1cccs1)N1CCNCC1,0.26506024096385544,"Q1 [0.000,0.289)"
WXDIFKLOAMAQGE,C1CCC2(C1)CCNCC2,0.21568627450980393,"Q1 [0.000,0.289)"
MQTQWJKOXQOZDC,c1n[nH]c2c1CNCC2,0.23232323232323232,"Q1 [0.000,0.289)"
MYLCOFZLZPQHOR,C1CCC2(C1)CCNCC2,0.2261904761904762,"Q1 [0.000,0.289)"
QRWATOMUVZXIJJ,C1CC2CCC1CC2,0.1941747572815534,"Q1 [0.000,0.289)"
JFTKLAIXKLBJQR,C1COC(CC2=NCCO2)=N1,0.1875,"Q1 [0.000,0.289)"
VXFCXJZLDMAQHY,C1CN(CCC2CNC2)CCO1,0.2804878048780488,"Q1 [0.000,0.289)"
YRXRZBPEGLIKRH,__ACYCLIC__YRXRZBPEGLIKRH,0.25757575757575757,"Q1 [0.000,0.289)"
INVCWILFMXPRBO,c1ccc(-c2nc(-c3cc4ccccc4nc3N3CCNCC3)no2)cc1,0.3944954128440367,"Q4 [0.371,1.000)"
NKZSDFUEKUQRPZ,c1ccc(-c2ncc(N3CCCCC3)nc2-c2ccccc2)cc1,0.4175824175824176,"Q4 [0.371,1.000)"
UERXJDUECXDWNN,c1ccc(CN(Cc2ccccc2)C2CCNCC2)cc1,0.44086021505376344,"Q4 [0.371,1.000)"
CPLANXDOXGJYNP,c1ccc(-c2nccs2)cc1,0.36619718309859156,"Q3 [0.326,0.371)"
HVDHOQBRJJICQR,O=S(=O)(c1ccc2c(c1)CCCC2)N1CC(c2nc(Cc3cccs3)no2)C1,0.2706766917293233,"Q1 [0.000,0.289)"
KYIQYJAOYMOKBA,O=C(COc1ccccc1)N1CCNCC1,0.3287671232876712,"Q3 [0.326,0.371)"
AUSVTXDKSOYHSF,O=C(COc1ccccc1)N1CCN(c2nc(CN3CCOCC3)cs2)CC1,0.33620689655172414,"Q3 [0.326,0.371)"
AEGRRYPLKCPBBE,c1ccc2c(c1)CCNC2,0.27631578947368424,"Q1 [0.000,0.289)"
KMTRFKAFNRHBCH,c1ccc2c(c1)CCNC2,0.3465346534653465,"Q3 [0.326,0.371)"
STECHSJQSBEHDK,O=c1[nH]nc(C2CCCN(Cc3ccccc3)C2)[nH]1,0.33783783783783783,"Q3 [0.326,0.371)"
NGTIEWIQHNSNLQ,O=C(Nc1ccccc1C(=O)NCCOc1ccccc1)c1ccccc1,0.4519230769230769,"Q4 [0.371,1.000)"
TWXQRAMCZAUPAN,c1ccc(-c2nncs2)cc1,0.4444444444444444,"Q4 [0.371,1.000)"
DLBINZDCSXRFAV,O=C1CC(c2nc(-c3ccccc3)no2)CN1Cc1cccs1,0.3157894736842105,"Q2 [0.289,0.326)"
NUYNKOKANJXYNW,O=S(=O)(Nc1ccccc1)c1coc(-c2ccn[nH]2)c1,0.34710743801652894,"Q3 [0.326,0.371)"
KBLHPUAEEKHIKK,c1ccc(-c2ncc(N3CCCCC3)nc2-c2ccccc2)cc1,0.40425531914893614,"Q4 [0.371,1.000)"
RJOUHGWLHPOQSA,O=C(CN1CCCCCC1)Nc1ccccc1,0.42857142857142855,"Q4 [0.371,1.000)"
RGDRYXCSOMYMKK,c1ccc2c(c1)CCNC2,0.26506024096385544,"Q1 [0.000,0.289)"
DJCBGBZLKOFNPZ,c1ccc2c(c1)CCNC2,0.2676056338028169,"Q1 [0.000,0.289)"
POMWTLQKRHKYBB,O=C(Nc1ccccc1)C1CCN(S(=O)(=O)c2cnn(-c3ccccc3)c2)CC1,0.34108527131782945,"Q3 [0.326,0.371)"
JYDWJEICQVGGIR,O=c1[nH]c(CN2CCOCC2)nc2sc3c(c12)CCCC3,0.26136363636363635,"Q1 [0.000,0.289)"
LHWZLUXODWUHLZ,O=S(=O)(NS(=O)(=O)c1ccccc1)c1ccccc1,0.4246575342465753,"Q4 [0.371,1.000)"
FICKTBOMIPGRMD,O=C1CC(NC2CCCCC2)C(=O)N1c1ccccc1,0.28865979381443296,"Q1 [0.000,0.289)"
RXOFFMHTWDENPA,O=S(=O)(NN=Cc1ccc(OCc2ccccc2)cc1)c1ccccc1,0.3490566037735849,"Q3 [0.326,0.371)"
HZFPVOKMKXDCGU,O=C(c1ccccc1)N1CCCCC1,0.32558139534883723,"Q3 [0.326,0.371)"
PBLYMFAFZCAZCF,C1=C(c2ccccc2)Sc2nnc(-c3ccccc3)n2NC1,0.4578313253012048,"Q4 [0.371,1.000)"
UVMSJTHWDBDAMN,O=S(=O)(Cc1ccccc1)N1CCCC(c2cc[nH]n2)C1,0.29411764705882354,"Q2 [0.289,0.326)"
PNCZHMUIIXRYJF,c1coc(C2CC2)c1,0.22058823529411764,"Q1 [0.000,0.289)"
LDLZPHLSVKGFSC,c1ccc(Nc2nccc(-c3cccnc3)n2)cc1,0.34444444444444444,"Q3 [0.326,0.371)"
FCURTVJPVKIWTP,c1ccc(Oc2cc(-n3cccn3)ncn2)cc1,0.3217391304347826,"Q2 [0.289,0.326)"
FPIKXSHVYZIKOS,c1ccc2c(c1)CCNC2,0.29333333333333333,"Q2 [0.289,0.326)"
CNOOGLSSJNBCQP,O=C(Nc1ccccc1C(=O)NC1CCCCC1)c1ccco1,0.3829787234042553,"Q4 [0.371,1.000)"
VVTNAXCVGQIIOV,c1ccc2c(c1)CCNC2,0.2988505747126437,"Q2 [0.289,0.326)"
YDLHWKNKFAPLAJ,__ACYCLIC__YDLHWKNKFAPLAJ,0.25316455696202533,"Q1 [0.000,0.289)"
ZJQUTPALQJZBDG,O=S(=O)(Cc1ccccc1)N1CCN(Cc2nnnn2-c2ccccc2)CC1,0.3559322033898305,"Q3 [0.326,0.371)"
PDTIVAGPIHEWDX,O=c1ncccn1C1CCCO1,0.35802469135802467,"Q3 [0.326,0.371)"
HFPVZPNLMJDJFB,c1ccc2c(c1)CCNC2,0.36,"Q3 [0.326,0.371)"
LCUBMSFKTXZQGU,c1ccc(OCc2ccco2)cc1,0.4065934065934066,"Q4 [0.371,1.000)"
SCQPLMRVKCJIMJ,c1ccc(OCC2CCCN(c3ncnc4[nH]cnc34)C2)nc1,0.3148148148148148,"Q2 [0.289,0.326)"
TUZPFCVDQXGLPP,O=C(Nc1ccccc1)Nc1cccs1,0.3466666666666667,"Q3 [0.326,0.371)"
DMHCUPVPIWVPMB,O=C(Nc1c(-c2ccccc2)c(=O)cnn1-c1ccccc1)c1cccs1,0.3968253968253968,"Q4 [0.371,1.000)"
GVHQFEJYCMAKHM,c1nc2c(s1)CCCC2,0.2631578947368421,"Q1 [0.000,0.289)"
JDNUFBBLJXJDNS,c1nc(N2CCOCC2)c2c3c(sc2n1)CCCCC3,0.28421052631578947,"Q1 [0.000,0.289)"
HPOCNXSXHBPCMS,O=C(Cc1c[nH]c2ccccc12)NCc1nccnc1-c1ccco1,0.3559322033898305,"Q3 [0.326,0.371)"
TWEHSCPPXSIMHD,c1cc(N2CCCCC2)ncn1,0.24731182795698925,"Q1 [0.000,0.289)"
KIUXKAOCQBIEAI,c1nc2c(s1)CCNC2,0.21428571428571427,"Q1 [0.000,0.289)"
CRGKABTZWSSZSA,c1ccc(N2CCCCC2)nc1,0.28,"Q1 [0.000,0.289)"
RMYAAXWDECQKMI,O=C1C=C(NNC(=O)c2ccccc2)CCC1,0.30303030303030304,"Q2 [0.289,0.326)"
DEPPPXXRFXDTMI,c1ccc(-c2nn3c(-c4ccncc4)nnc3s2)cc1,0.3235294117647059,"Q2 [0.289,0.326)"
CNCCXTJXPDZEJW,O=c1cc(NCc2ccccn2)cnn1-c1ccccn1,0.3670886075949367,"Q3 [0.326,0.371)"
AVILLENRNLSFKD,O=C(NCc1cn[nH]c1)c1cc2ccccc2s1,0.32989690721649484,"Q3 [0.326,0.371)"
FUPVYFPBVBIWIH,c1ccc2oc(Sc3ccncn3)nc2c1,0.3218390804597701,"Q2 [0.289,0.326)"
JAISNEYBNYSTHC,O=C(COc1ccccc1)NC(=S)N1CCOCC1,0.3333333333333333,"Q3 [0.326,0.371)"
DEXPCEWXIIDEPJ,O=C(c1cncs1)N1CCc2nc3ccccn3c(=O)c2C1,0.26,"Q1 [0.000,0.289)"
SOUYGWPHYSDPCD,O=C(NCCc1nc2ccccc2[nH]1)c1cn2ccccc2n1,0.33,"Q3 [0.326,0.371)"
XVWMRMBMFLQMJZ,c1ccc([SiH2]c2ccccc2)cc1,0.4189189189189189,"Q4 [0.371,1.000)"
ODQHBWMDTVJAAS,O=C(Cn1ccc(=O)cc1)NCCc1nc2ccccc2[nH]1,0.37037037037037035,"Q3 [0.326,0.371)"
WJNKFUZWBNENLV,C(#CCN1CCCCC1)CC(c1ccccc1)c1ccccc1,0.40625,"Q4 [0.371,1.000)"
PUXVLEHPVDQECF,O=c1cccc(-c2ccccc2)n1-c1ccccc1,0.3854166666666667,"Q4 [0.371,1.000)"
ISHSFKTZSAFQRN,O=c1c2ccccc2ncn1-c1cccc2ccccc12,0.4470588235294118,"Q4 [0.371,1.000)"
DSXQCRAMTMAFGC,c1ccc(Cn2cnc3ccccc32)cc1,0.3402061855670103,"Q3 [0.326,0.371)"
CJOZZZFCHFPLJL,c1n[nH]c2c1CNCC2,0.20634920634920634,"Q1 [0.000,0.289)"
AGYLQHFTGWKECH,O=c1cc2oc3ccccc3nc-2c2ccccc12,0.5454545454545454,"Q4 [0.371,1.000)"
GAXSPQKVBRHVFV,O=C(COc1ccccc1)NCc1ccc(-c2ccoc2)cc1,0.40404040404040403,"Q4 [0.371,1.000)"
NVNVOFVATYXYPB,O=c1cc(-c2ccccc2)nc2c(-c3ccccc3)c[nH]n12,0.4878048780487805,"Q4 [0.371,1.000)"
UXSSOMQZSUUTTI,O=C(NC(=S)NNc1ncnc2sc3c(c12)CCCC3)c1ccccc1,0.3157894736842105,"Q2 [0.289,0.326)"
LRKZNWCMZBFQIX,c1ccc2c(c1)CCNC2,0.28378378378378377,"Q1 [0.000,0.289)"
XLCNOLSVIODXPX,C1CCC2(CC1)CCNCC2,0.23255813953488372,"Q1 [0.000,0.289)"
WEUMGGHBUJIBNR,C1CCC2(CC1)CCNCC2,0.23529411764705882,"Q1 [0.000,0.289)"
IPQKRAUTCBFEHL,O=C(COc1ccccc1)NC(=S)N1CCOCC1,0.3564356435643564,"Q3 [0.326,0.371)"
GKDNFYAZAYBRNF,O=C(Nc1cccnc1)c1cc2ccccc2o1,0.35064935064935066,"Q3 [0.326,0.371)"
MGNCVGXOGRVNCT,O=C(NCc1ccccc1)c1cn(-c2ccccc2)nn1,0.37383177570093457,"Q4 [0.371,1.000)"
UMYOJOVPNFHDQA,c1ccc(CNc2ccc(-c3nc4ncccc4o3)cc2)nc1,0.36363636363636365,"Q3 [0.326,0.371)"
NMAYIOLKEAENMF,O=C(Cc1cc2ccccc2oc1=O)Nc1ccc(Cn2cncn2)cc1,0.33,"Q3 [0.326,0.371)"
AVIXSBOYKNFIAF,c1ccc(-n2cc(-c3nnnn3-c3ccccc3)cn2)cc1,0.4105263157894737,"Q4 [0.371,1.000)"
MPIATUGRDCNLJS,c1ccc(OCc2nn3cnnc3s2)cc1,0.3548387096774194,"Q3 [0.326,0.371)"
GWSFKBZPGXJKJI,O=C(CCn1cccn1)Nc1ccccc1,0.3472222222222222,"Q3 [0.326,0.371)"
IPLOREVSMMOYCO,O=C(Nc1ccc2c(c1)OCCCO2)c1ccccc1,0.36,"Q3 [0.326,0.371)"
CHVSBZDXXCPNKD,c1ccc(N2CCCCC2)nc1,0.2608695652173913,"Q1 [0.000,0.289)"
GFDUSNQQMOENLR,O=c1ccn(C2OCC3OCOC32)c(=O)[nH]1,0.24691358024691357,"Q1 [0.000,0.289)"
NAFAKXTXWZJGHD,C1CCC2(CC1)CCNCC2,0.24719101123595505,"Q1 [0.000,0.289)"
FOLDBZBVJKOTQF,O=S(=O)(NCc1cn[nH]c1)c1ccc2ccccc2c1,0.3561643835616438,"Q3 [0.326,0.371)"
RHWALUYAIFICGG,O=C(Cn1cnc2c(nnn2-c2ccccc2)c1=O)Nc1ccccc1,0.3805309734513274,"Q4 [0.371,1.000)"
UKYZYFWYPMPTCC,O=c1ccnc2sc3ccccc3n12,0.36764705882352944,"Q3 [0.326,0.371)"
YYEWTZQPYPBALD,O=c1[nH]c2ccc(S(=O)(=O)N(Cc3ccccc3)c3nccs3)cc2o1,0.32679738562091504,"Q3 [0.326,0.371)"
DBHRMOUXCXDEAO,c1ccc(-c2nccs2)cc1,0.3902439024390244,"Q4 [0.371,1.000)"
OVLYAISOYPJBLU,c1ccc(SC2CCCCO2)cc1,0.5512820512820513,"Q4 [0.371,1.000)"
AJEVSSKUFAVOBS,O=C(NCC1(c2ccccc2)CCCC1)c1ccccc1,0.38,"Q4 [0.371,1.000)"
DPDOHSGHJMNTFL,C(=Nc1ncccc1OCc1ccccc1)c1ccccc1,0.39473684210526316,"Q4 [0.371,1.000)"
YWEWUMPGZRYRBN,O=C1CCC2COC(c3ccccc3)N12,0.38095238095238093,"Q4 [0.371,1.000)"
RBFSTKCFBHVZCO,O=C(CSc1nnc(-c2ccccc2)[nH]1)Nc1nnc(SCc2ccccc2)s1,0.28187919463087246,"Q1 [0.000,0.289)"
BPYLRGKEIUPMRJ,__ACYCLIC__BPYLRGKEIUPMRJ,0.2631578947368421,"Q1 [0.000,0.289)"
UTLOCRUKGKUHPG,O=C(Nc1ccccc1)N1CCCC(COc2ncccn2)C1,0.3228346456692913,"Q2 [0.289,0.326)"
CATWXOZVDYGTDM,O=C(CCc1ccccc1)NCCn1nc(-c2ccccc2)ccc1=O,0.368,"Q3 [0.326,0.371)"
FHCRLRHLKXXJJZ,O=C1Nc2ccccc2C12CCNC2,0.28440366972477066,"Q1 [0.000,0.289)"
OLFHLDLXDKAWQD,O=C(Nc1ccccc1)c1cc(-c2ccccc2)on1,0.3627450980392157,"Q3 [0.326,0.371)"
XQLKHNFZHHFLNU,O=C(NC1CCN(c2cnccn2)C1)c1cccnc1,0.25252525252525254,"Q1 [0.000,0.289)"
UJKQIHGMBUOMER,O=C(c1ccccc1)N1CCC(Cn2ccnc2-c2ccccc2)CC1,0.3557692307692308,"Q3 [0.326,0.371)"
VQQFGMSHSPVVOL,O=C1NC(=O)C2(CCN(CC(=O)N3CCc4ccccc43)CC2)N1,0.3018867924528302,"Q2 [0.289,0.326)"
HDBJCFCQMBEZFK,O=C(CSc1cccnn1)c1ccccc1,0.34065934065934067,"Q3 [0.326,0.371)"
GPYOAEHWJKZUEA,C1=C(c2cccs2)Nc2nnnn2C1c1ccccc1,0.29347826086956524,"Q2 [0.289,0.326)"
ATXDMTPVBOLZPZ,O=C(c1ccccc1)N1CCCC1,0.2826086956521739,"Q1 [0.000,0.289)"
CHIHQLCVLOXUJW,O=C(OC(=O)c1ccccc1)c1ccccc1,0.6981132075471698,"Q4 [0.371,1.000)"
CIBOPYLOTAXPDB,c1ccc2c(c1)CCNC2,0.2988505747126437,"Q2 [0.289,0.326)"
UYAIRMFUGPKMPK,O=C(CN1CCC(N2CCCC2)CC1)Nc1ccccc1,0.32710280373831774,"Q3 [0.326,0.371)"
SKNYBTIRSWCZMQ,c1ccc2c(c1)CCNC2,0.2535211267605634,"Q1 [0.000,0.289)"
YCQHMUGRZUJAES,O=S(=O)(NC1CCCN(Cc2ccccc2)C1)C1CC1,0.2727272727272727,"Q1 [0.000,0.289)"
WCDONBWHOTUKKN,c1cncc(-c2nnc3sc(Cc4cccc5ccccc45)nn23)c1,0.32,"Q2 [0.289,0.326)"
OIWRWBRSHQTRAR,c1ccc2c(c1)OCC(c1nc3nccc(-c4ccn[nH]4)n3n1)O2,0.264,"Q1 [0.000,0.289)"
JUEYTUHONKVARQ,O=C(Nc1ccccc1)c1cc(-c2ccccc2)on1,0.5568181818181818,"Q4 [0.371,1.000)"
NPMAGUUIVQNEQB,O=C(Nc1ccccc1)c1cc(C(=O)Nc2ccccc2)[nH]n1,0.4158415841584158,"Q4 [0.371,1.000)"
FRTSIBBAFBSIHC,O=C(Cn1cnc(-c2ccccc2)cc1=O)NCCC(c1ccccc1)c1ccccc1,0.391304347826087,"Q4 [0.371,1.000)"
VKXMCQPHXSDYHY,O=C(Nc1ccc(CN2CCCCC2)cc1)c1ccccc1,0.3829787234042553,"Q4 [0.371,1.000)"
LJVRHXYLDIZONR,O=C(NCc1ccccc1)c1cc2ccccc2o1,0.40963855421686746,"Q4 [0.371,1.000)"
QCRYPCJMEOXBJL,O=C1NCCC12CCCNC2,0.2261904761904762,"Q1 [0.000,0.289)"
DFRNFZFTUWABTE,O=C1NCCC12CCCCN2,0.24242424242424243,"Q1 [0.000,0.289)"
CRBORIULTFLRMZ,O=C(COc1cccc2c1OCC2)NCC1CCCc2occc21,0.4069767441860465,"Q4 [0.371,1.000)"
ILFAWMKVQHAWDR,O=C(CS(=O)(=O)c1c[nH]c2ccccc12)NCc1ccccc1,0.4095238095238095,"Q4 [0.371,1.000)"
ICYHCASLUMIKJD,c1ccc(Sc2ccc(N3CCCCC3)nn2)cc1,0.2786885245901639,"Q1 [0.000,0.289)"
ULLNOMXSFKLMOU,C1CC2CCC1CC2,0.19767441860465115,"Q1 [0.000,0.289)"
AWKXNOOUWFJCMU,C1=C2CC(OC3CC(OC4CCCCO4)C(OC4CCCO4)CO3)CCC2C2CCC3C4CC5(CCCCO5)OC4CC3C2C1,0.7262569832402235,"Q4 [0.371,1.000)"
VCMIRXRRQJNZJT,C=C1CNC2Cc3c([nH]c4ccccc34)C(c3ccc4c5c([nH]c4c3)C3CC4CCC3N(CC5)C4)CC1C2,0.39487179487179486,"Q4 [0.371,1.000)"
NLAWPKPYBMEWIR,O=C1CC(c2ccccc2)Oc2cc(OC3OCCCC3OC3CCCCO3)ccc21,0.3433734939759036,"Q3 [0.326,0.371)"
INBSFHNHCNZEOY,O=c1c2ccccc2oc2ccc(C3CCCCO3)cc12,0.3412698412698413,"Q3 [0.326,0.371)"
WRYJYFCCMSVEPQ,C1=CC2C3CCC(OC4CC(OC5CCCCO5)CCO4)CC3CCC2C2CCC3CCCCC3=C12,0.4057971014492754,"Q4 [0.371,1.000)"
JWUBBDSIWDLEOM,C=C1CCCCC1=CC=C1CCCC2CCCC12,0.24107142857142858,"Q1 [0.000,0.289)"
RZRNAYUHWVFMIP,__ACYCLIC__RZRNAYUHWVFMIP,0.6395348837209303,"Q4 [0.371,1.000)"
NCMVOABPESMRCP,O=c1ncccn1C1CCCO1,0.45454545454545453,"Q4 [0.371,1.000)"
NKBWMBRPILTCRD,__ACYCLIC__NKBWMBRPILTCRD,0.3111111111111111,"Q2 [0.289,0.326)"
KQTIIICEAUMSDG,__ACYCLIC__KQTIIICEAUMSDG,0.2753623188405797,"Q1 [0.000,0.289)"
FTDHDKPUHBLBTL,O=c1ncccn1C1CCCO1,0.39473684210526316,"Q4 [0.371,1.000)"
CVKMFSAVYPAZTQ,__ACYCLIC__CVKMFSAVYPAZTQ,0.3333333333333333,"Q3 [0.326,0.371)"
JCSJTDYCNQHPRJ,C1CCC(OC2CCC(OC3CCCOC3)OC2)OC1,0.3333333333333333,"Q3 [0.326,0.371)"
XMLSXPIVAXONDL,O=C1C=CCC1,0.2125,"Q1 [0.000,0.289)"
BBOWBNGUEWHNQZ,__ACYCLIC__BBOWBNGUEWHNQZ,0.7567567567567568,"Q4 [0.371,1.000)"
YCIXWYOBMVNGTB,O=C1C=CCC1,0.30357142857142855,"Q2 [0.289,0.326)"
YCXFPUHHUJNTNY,O=c1c(OC2OCCCC2OC2CCCO2)c(-c2ccc(OC3CCCCO3)cc2)oc2ccccc12,0.3177083333333333,"Q2 [0.289,0.326)"
COVMVPHACFXMAX,O=C1C2=CC3CC4COC(C3=O)C24Oc2cc3c(cc21)C=CCO3,0.2446043165467626,"Q1 [0.000,0.289)"
SKYPPFSYUDCEQR,O=C1C=CC2(O1)C(=O)C=C1CCCCN3C(C4CCC(=O)O4)CCC132,0.27350427350427353,"Q1 [0.000,0.289)"
OBKKEZLIABHSGY,O=C1CC(c2ccccc2)Oc2cc(OC3OCCCC3OC3CCCCO3)ccc21,0.3355263157894737,"Q3 [0.326,0.371)"
QTVAYNGFFDZGDR,O=c1c(-c2ccccc2)coc2cc(OC3CCCC(COC4CCCCO4)O3)ccc12,0.3950617283950617,"Q4 [0.371,1.000)"
VORKGRIRMPBCCZ,__ACYCLIC__VORKGRIRMPBCCZ,0.5360824742268041,"Q4 [0.371,1.000)"
QGBRLVONZXHAKJ,__ACYCLIC__QGBRLVONZXHAKJ,0.5384615384615384,"Q4 [0.371,1.000)"
LIMQQADUEULBSO,__ACYCLIC__LIMQQADUEULBSO,0.25,"Q1 [0.000,0.289)"
VLLFEMVDMFTBHG,O=C1CCCOc2c3c(cc4c2-c2ccccc2C(CCC4)O1)OCO3,0.4318181818181818,"Q4 [0.371,1.000)"
KRCBALDMBZQTIQ,O=c1c2ccccc2oc2ccc(C3CCCCO3)cc12,0.3644067796610169,"Q3 [0.326,0.371)"
VNZNWFQJBFLELF,O=c1cc(CCc2ccccc2)oc2ccccc12,0.5151515151515151,"Q4 [0.371,1.000)"
AEMJDNJKSCBKRL,O=C1OCC(Cc2ccc(OC3CCCCO3)cc2)C1Cc1ccccc1,0.48951048951048953,"Q4 [0.371,1.000)"
KJCDBAVVDILRMP,O=c1c2ccccc2oc2cc3c(cc12)CCCO3,0.3047619047619048,"Q2 [0.289,0.326)"
AGRYIZUKIKYUFX,O=C(OCC12C3CC(=O)C1CC21OC2OCCCC2OC1O3)c1ccccc1,0.3333333333333333,"Q3 [0.326,0.371)"
PRNJXUQTUSFYLV,__ACYCLIC__PRNJXUQTUSFYLV,0.2558139534883721,"Q1 [0.000,0.289)"
MYJXWCIZOOKQLK,O=c1c(-c2ccccc2)coc2cc(OC3CCCC(COC4CCCCO4)O3)ccc12,0.36419753086419754,"Q3 [0.326,0.371)"
ARUXHDLPKVRONO,O=C(OC1CCC2C(=O)C=CC3CC3CC=CCC12)c1ccccc1,0.3241758241758242,"Q2 [0.289,0.326)"
MCYJIRFKDCXYCX,O=c1c(-c2ccccc2)coc2cc(OC3CCCC(COC4CCCCO4)O3)ccc12,0.36809815950920244,"Q3 [0.326,0.371)"
QYEMUDHNCZHUKC,c1ccc2c(c1)CC1c3ccccc3CC[NH+]1C2,0.43119266055045874,"Q4 [0.371,1.000)"
IHMGCJXHLUVQOY,C1CCC(OC2CCCOC2OC2CCC3C(CCC4C3CCC3C5CCOC5CC34)C2)OC1,0.4720812182741117,"Q4 [0.371,1.000)"
UWFCFVQTAHITKV,O=C1C=C2C3CCCC3CCC2C2CCCCC12,0.3208955223880597,"Q2 [0.289,0.326)"
FGKJLKRYENPLQH,__ACYCLIC__FGKJLKRYENPLQH,0.3333333333333333,"Q3 [0.326,0.371)"
GYDYJUYZBRGMCC,__ACYCLIC__GYDYJUYZBRGMCC,0.6216216216216216,"Q4 [0.371,1.000)"
GEHGAWHOBGXBGC,O=C1CC(c2ccoc2)C2CC(=O)C3C(CCC4C5CCCC43COC5)C12,0.2849162011173184,"Q1 [0.000,0.289)"
UHUSDOQQWJGJQS,__ACYCLIC__UHUSDOQQWJGJQS,0.38620689655172413,"Q4 [0.371,1.000)"
XITPERBRJNUFSB,O=C(C=Cc1ccccc1)NCCc1c[nH]c2ccccc12,0.36363636363636365,"Q3 [0.326,0.371)"
MGYMHQJELJYRQS,C1=CC2CCC1OO2,0.175,"Q1 [0.000,0.289)"
IZBGWXJOIXZDBF,O=C(C=Cc1ccccc1)OC1CCCOC1Oc1cc(OC2CCCCO2)ccc1-c1cccc(=O)o1,0.36470588235294116,"Q3 [0.326,0.371)"
GYQQQCVFOLKXGH,O=c1cc(-c2ccccc2)oc2cc(OC3OCCCC3OC3CCCO3)ccc12,0.3515151515151515,"Q3 [0.326,0.371)"
NUJGJRNETVAIRJ,__ACYCLIC__NUJGJRNETVAIRJ,0.3829787234042553,"Q4 [0.371,1.000)"
OTPHMDOQUOZGKS,O=C(C=Cc1ccccc1)OC1CC(OC2CCCCO2)C(OCCc2ccccc2)OC1COC1CCCCO1,0.34269662921348315,"Q3 [0.326,0.371)"
WGHKJYWENWLOMY,O=C(C=Cc1ccccc1)NCCc1c[nH]c2ccccc12,0.4523809523809524,"Q4 [0.371,1.000)"
BYEVBITUADOIGY,__ACYCLIC__BYEVBITUADOIGY,0.4666666666666667,"Q4 [0.371,1.000)"
JSIGICUAXLIURX,O=C(C=Cc1ccccc1)N1CCCC1,0.5306122448979592,"Q4 [0.371,1.000)"
UAXIOJAXXUIGDJ,C1CCC(OC2CCC3C(CCC4C5=C(CCC43)C3CCCCC3CC5)C2)OC1,0.38011695906432746,"Q4 [0.371,1.000)"
TXLUXHSVMYTTCI,O=C1C=C2C3CCCC3CCC2C2CCCCC12,0.3208955223880597,"Q2 [0.289,0.326)"
VZBPTZZTCBNBOZ,O=C(CCc1ccccc1)c1cccc(C2CCCCO2)c1,0.44036697247706424,"Q4 [0.371,1.000)"
PJYYBCXMCWDUAZ,O=C1C=C2C3CCCC3CCC2C2CCCCC12,0.30327868852459017,"Q2 [0.289,0.326)"
WITLAWYGGVAFLU,O=c1c(-c2ccc3c(c2)OCO3)coc2c3c(ccc12)OCC=C3,0.3047619047619048,"Q2 [0.289,0.326)"
GBXXXUUAOFPGRP,C1CCC(OCCC2CCC3(CCC4C(CCC5C6CCC(OC7OCCCC7OC7CCCCO7)CC6CCC45)C3)CO2)OC1,0.37815126050420167,"Q4 [0.371,1.000)"
WBHNJMLZXVGDMO,C=C1NC(=O)CNC(=O)CNC(=O)CCNC(=O)C(C2CCN=CN2)NC1=O,0.26222222222222225,"Q1 [0.000,0.289)"
BERNCPGDRADLCG,O=C1OCC=C2CC(OC3CCCC(COC4CCCCO4)O3)OC=C12,0.4166666666666667,"Q4 [0.371,1.000)"
