usi,filepath,dataset,collection,is_update,update_name,create_time,size,size_mb,sample_type,spectra_ms1,spectra_ms2,instrument_vendor,instrument_model,file_processed
mzspec:MSV000091754:ccms_parameters/params.xml,ccms_parameters/params.xml,MSV000091754,,0,,2024-03-26 01:19:48.072000,81429,0,GNPS,0,0,,,No
mzspec:MSV000091754:ccms_peak/20190812_ENTACT_RP_RAW/entact_RP_neg_CE15_499.mzML,ccms_peak/20190812_ENTACT_RP_RAW/entact_RP_neg_CE15_499.mzML,MSV000091754,20190812_ENTACT_RP_RAW,0,,2024-03-26 02:01:50.388000,95209497,90,GNPS,0,0,,,No
mzspec:MSV000091754:ccms_peak/20190812_ENTACT_RP_RAW/entact_RP_neg_CE15_500.mzML,ccms_peak/20190812_ENTACT_RP_RAW/entact_RP_neg_CE15_500.mzML,MSV000091754,20190812_ENTACT_RP_RAW,0,,2024-03-26 02:01:50.755000,94362868,89,GNPS,0,0,,,No
mzspec:MSV000091754:ccms_peak/20190812_ENTACT_RP_RAW/entact_RP_neg_CE15_501.mzML,ccms_peak/20190812_ENTACT_RP_RAW/entact_RP_neg_CE15_501.mzML,MSV000091754,20190812_ENTACT_RP_RAW,0,,2024-03-26 02:01:51.150000,94290824,89,GNPS,0,0,,,No
mzspec:MSV000091754:ccms_peak/20190812_ENTACT_RP_RAW/entact_RP_neg_CE15_502.mzML,ccms_peak/20190812_ENTACT_RP_RAW/entact_RP_neg_CE15_502.mzML,MSV000091754,20190812_ENTACT_RP_RAW,0,,2024-03-26 02:01:51.587000,94489853,90,GNPS,0,0,,,No
mzspec:MSV000091754:ccms_peak/20190812_ENTACT_RP_RAW/entact_RP_neg_CE15_503.mzML,ccms_peak/20190812_ENTACT_RP_RAW/entact_RP_neg_CE15_503.mzML,MSV000091754,20190812_ENTACT_RP_RAW,0,,2024-03-26 02:01:52.392000,92468010,88,GNPS,0,0,,,No
mzspec:MSV000091754:ccms_peak/20190812_ENTACT_RP_RAW/entact_RP_neg_CE15_504.mzML,ccms_peak/20190812_ENTACT_RP_RAW/entact_RP_neg_CE15_504.mzML,MSV000091754,20190812_ENTACT_RP_RAW,0,,2024-03-26 02:01:52.768000,93069024,88,GNPS,0,0,,,No
mzspec:MSV000091754:ccms_peak/20190812_ENTACT_RP_RAW/entact_RP_neg_CE15_505.mzML,ccms_peak/20190812_ENTACT_RP_RAW/entact_RP_neg_CE15_505.mzML,MSV000091754,20190812_ENTACT_RP_RAW,0,,2024-03-26 02:01:53.141000,91050235,86,GNPS,0,0,,,No
mzspec:MSV000091754:ccms_peak/20190812_ENTACT_RP_RAW/entact_RP_neg_CE15_506.mzML,ccms_peak/20190812_ENTACT_RP_RAW/entact_RP_neg_CE15_506.mzML,MSV000091754,20190812_ENTACT_RP_RAW,0,,2024-03-26 02:01:53.494000,90740312,86,GNPS,0,0,,,No
mzspec:MSV000091754:ccms_peak/20190812_ENTACT_RP_RAW/entact_RP_neg_CE15_507.mzML,ccms_peak/20190812_ENTACT_RP_RAW/entact_RP_neg_CE15_507.mzML,MSV000091754,20190812_ENTACT_RP_RAW,0,,2024-03-26 02:01:53.898000,91651342,87,GNPS,0,0,,,No
mzspec:MSV000091754:ccms_peak/20190812_ENTACT_RP_RAW/entact_RP_neg_CE15_508.mzML,ccms_peak/20190812_ENTACT_RP_RAW/entact_RP_neg_CE15_508.mzML,MSV000091754,20190812_ENTACT_RP_RAW,0,,2024-03-26 02:01:54.384000,91255997,87,GNPS,0,0,,,No
mzspec:MSV000091754:ccms_peak/20190812_ENTACT_RP_RAW/entact_RP_neg_CE30_499.mzML,ccms_peak/20190812_ENTACT_RP_RAW/entact_RP_neg_CE30_499.mzML,MSV000091754,20190812_ENTACT_RP_RAW,0,,2024-03-26 02:01:54.773000,94576674,90,GNPS,0,0,,,No
mzspec:MSV000091754:ccms_peak/20190812_ENTACT_RP_RAW/entact_RP_neg_CE30_500.mzML,ccms_peak/20190812_ENTACT_RP_RAW/entact_RP_neg_CE30_500.mzML,MSV000091754,20190812_ENTACT_RP_RAW,0,,2024-03-26 02:01:55.189000,94586816,90,GNPS,0,0,,,No
mzspec:MSV000091754:ccms_peak/20190812_ENTACT_RP_RAW/entact_RP_neg_CE30_501.mzML,ccms_peak/20190812_ENTACT_RP_RAW/entact_RP_neg_CE30_501.mzML,MSV000091754,20190812_ENTACT_RP_RAW,0,,2024-03-26 02:01:55.581000,93781787,89,GNPS,0,0,,,No
mzspec:MSV000091754:ccms_peak/20190812_ENTACT_RP_RAW/entact_RP_neg_CE30_502.mzML,ccms_peak/20190812_ENTACT_RP_RAW/entact_RP_neg_CE30_502.mzML,MSV000091754,20190812_ENTACT_RP_RAW,0,,2024-03-26 02:01:56.051000,94014173,89,GNPS,0,0,,,No
mzspec:MSV000091754:ccms_peak/20190812_ENTACT_RP_RAW/entact_RP_neg_CE30_503.mzML,ccms_peak/20190812_ENTACT_RP_RAW/entact_RP_neg_CE30_503.mzML,MSV000091754,20190812_ENTACT_RP_RAW,0,,2024-03-26 02:01:56.500000,92906260,88,GNPS,0,0,,,No
mzspec:MSV000091754:ccms_peak/20190812_ENTACT_RP_RAW/entact_RP_neg_CE30_504.mzML,ccms_peak/20190812_ENTACT_RP_RAW/entact_RP_neg_CE30_504.mzML,MSV000091754,20190812_ENTACT_RP_RAW,0,,2024-03-26 02:01:56.917000,92321892,88,GNPS,0,0,,,No
mzspec:MSV000091754:ccms_peak/20190812_ENTACT_RP_RAW/entact_RP_neg_CE30_505.mzML,ccms_peak/20190812_ENTACT_RP_RAW/entact_RP_neg_CE30_505.mzML,MSV000091754,20190812_ENTACT_RP_RAW,0,,2024-03-26 02:01:57.291000,91466018,87,GNPS,0,0,,,No
mzspec:MSV000091754:ccms_peak/20190812_ENTACT_RP_RAW/entact_RP_neg_CE30_506.mzML,ccms_peak/20190812_ENTACT_RP_RAW/entact_RP_neg_CE30_506.mzML,MSV000091754,20190812_ENTACT_RP_RAW,0,,2024-03-26 02:01:57.679000,90648385,86,GNPS,0,0,,,No
mzspec:MSV000091754:ccms_peak/20190812_ENTACT_RP_RAW/entact_RP_neg_CE30_507.mzML,ccms_peak/20190812_ENTACT_RP_RAW/entact_RP_neg_CE30_507.mzML,MSV000091754,20190812_ENTACT_RP_RAW,0,,2024-03-26 02:01:58.041000,91977346,87,GNPS,0,0,,,No
mzspec:MSV000091754:ccms_peak/20190812_ENTACT_RP_RAW/entact_RP_neg_CE30_508.mzML,ccms_peak/20190812_ENTACT_RP_RAW/entact_RP_neg_CE30_508.mzML,MSV000091754,20190812_ENTACT_RP_RAW,0,,2024-03-26 02:01:58.436000,90811269,86,GNPS,0,0,,,No
mzspec:MSV000091754:ccms_peak/20190812_ENTACT_RP_RAW/entact_RP_neg_CE45_499.mzML,ccms_peak/20190812_ENTACT_RP_RAW/entact_RP_neg_CE45_499.mzML,MSV000091754,20190812_ENTACT_RP_RAW,0,,2024-03-26 02:01:58.871000,93657592,89,GNPS,0,0,,,No
mzspec:MSV000091754:ccms_peak/20190812_ENTACT_RP_RAW/entact_RP_neg_CE45_501.mzML,ccms_peak/20190812_ENTACT_RP_RAW/entact_RP_neg_CE45_501.mzML,MSV000091754,20190812_ENTACT_RP_RAW,0,,2024-03-26 02:01:59.295000,93036177,88,GNPS,0,0,,,No
mzspec:MSV000091754:ccms_peak/20190812_ENTACT_RP_RAW/entact_RP_neg_CE45_502.mzML,ccms_peak/20190812_ENTACT_RP_RAW/entact_RP_neg_CE45_502.mzML,MSV000091754,20190812_ENTACT_RP_RAW,0,,2024-03-26 02:01:59.698000,94210349,89,GNPS,0,0,,,No
mzspec:MSV000091754:ccms_peak/20190812_ENTACT_RP_RAW/entact_RP_neg_CE45_503.mzML,ccms_peak/20190812_ENTACT_RP_RAW/entact_RP_neg_CE45_503.mzML,MSV000091754,20190812_ENTACT_RP_RAW,0,,2024-03-26 02:02:00.068000,92574902,88,GNPS,0,0,,,No
mzspec:MSV000091754:ccms_peak/20190812_ENTACT_RP_RAW/entact_RP_neg_CE45_504.mzML,ccms_peak/20190812_ENTACT_RP_RAW/entact_RP_neg_CE45_504.mzML,MSV000091754,20190812_ENTACT_RP_RAW,0,,2024-03-26 02:02:00.492000,92025051,87,GNPS,0,0,,,No
mzspec:MSV000091754:ccms_peak/20190812_ENTACT_RP_RAW/entact_RP_neg_CE45_505.mzML,ccms_peak/20190812_ENTACT_RP_RAW/entact_RP_neg_CE45_505.mzML,MSV000091754,20190812_ENTACT_RP_RAW,0,,2024-03-26 02:02:00.928000,90444647,86,GNPS,0,0,,,No
mzspec:MSV000091754:ccms_peak/20190812_ENTACT_RP_RAW/entact_RP_neg_CE45_506.mzML,ccms_peak/20190812_ENTACT_RP_RAW/entact_RP_neg_CE45_506.mzML,MSV000091754,20190812_ENTACT_RP_RAW,0,,2024-03-26 02:02:01.303000,89888343,85,GNPS,0,0,,,No
mzspec:MSV000091754:ccms_peak/20190812_ENTACT_RP_RAW/entact_RP_neg_CE45_507.mzML,ccms_peak/20190812_ENTACT_RP_RAW/entact_RP_neg_CE45_507.mzML,MSV000091754,20190812_ENTACT_RP_RAW,0,,2024-03-26 02:02:01.682000,91321749,87,GNPS,0,0,,,No
mzspec:MSV000091754:ccms_peak/20190812_ENTACT_RP_RAW/entact_RP_neg_CE45_508.mzML,ccms_peak/20190812_ENTACT_RP_RAW/entact_RP_neg_CE45_508.mzML,MSV000091754,20190812_ENTACT_RP_RAW,0,,2024-03-26 02:02:02.083000,90447712,86,GNPS,0,0,,,No
mzspec:MSV000091754:ccms_peak/20190812_ENTACT_RP_RAW/entact_RP_neg_CE60_499.mzML,ccms_peak/20190812_ENTACT_RP_RAW/entact_RP_neg_CE60_499.mzML,MSV000091754,20190812_ENTACT_RP_RAW,0,,2024-03-26 02:02:02.464000,93042701,88,GNPS,0,0,,,No
mzspec:MSV000091754:ccms_peak/20190812_ENTACT_RP_RAW/entact_RP_neg_CE60_500.mzML,ccms_peak/20190812_ENTACT_RP_RAW/entact_RP_neg_CE60_500.mzML,MSV000091754,20190812_ENTACT_RP_RAW,0,,2024-03-26 02:02:03.016000,93913720,89,GNPS,0,0,,,No
mzspec:MSV000091754:ccms_peak/20190812_ENTACT_RP_RAW/entact_RP_neg_CE60_501.mzML,ccms_peak/20190812_ENTACT_RP_RAW/entact_RP_neg_CE60_501.mzML,MSV000091754,20190812_ENTACT_RP_RAW,0,,2024-03-26 02:02:03.477000,92250852,87,GNPS,0,0,,,No
mzspec:MSV000091754:ccms_peak/20190812_ENTACT_RP_RAW/entact_RP_neg_CE60_502.mzML,ccms_peak/20190812_ENTACT_RP_RAW/entact_RP_neg_CE60_502.mzML,MSV000091754,20190812_ENTACT_RP_RAW,0,,2024-03-26 02:02:03.838000,92733625,88,GNPS,0,0,,,No
mzspec:MSV000091754:ccms_peak/20190812_ENTACT_RP_RAW/entact_RP_neg_CE60_503.mzML,ccms_peak/20190812_ENTACT_RP_RAW/entact_RP_neg_CE60_503.mzML,MSV000091754,20190812_ENTACT_RP_RAW,0,,2024-03-26 02:02:04.361000,92184229,87,GNPS,0,0,,,No
mzspec:MSV000091754:ccms_peak/20190812_ENTACT_RP_RAW/entact_RP_neg_CE60_504.mzML,ccms_peak/20190812_ENTACT_RP_RAW/entact_RP_neg_CE60_504.mzML,MSV000091754,20190812_ENTACT_RP_RAW,0,,2024-03-26 02:02:04.752000,90675231,86,GNPS,0,0,,,No
mzspec:MSV000091754:ccms_peak/20190812_ENTACT_RP_RAW/entact_RP_neg_CE60_505.mzML,ccms_peak/20190812_ENTACT_RP_RAW/entact_RP_neg_CE60_505.mzML,MSV000091754,20190812_ENTACT_RP_RAW,0,,2024-03-26 02:02:05.119000,90310091,86,GNPS,0,0,,,No
mzspec:MSV000091754:ccms_peak/20190812_ENTACT_RP_RAW/entact_RP_neg_CE60_506.mzML,ccms_peak/20190812_ENTACT_RP_RAW/entact_RP_neg_CE60_506.mzML,MSV000091754,20190812_ENTACT_RP_RAW,0,,2024-03-26 02:02:05.510000,89706717,85,GNPS,0,0,,,No
mzspec:MSV000091754:ccms_peak/20190812_ENTACT_RP_RAW/entact_RP_neg_CE60_507.mzML,ccms_peak/20190812_ENTACT_RP_RAW/entact_RP_neg_CE60_507.mzML,MSV000091754,20190812_ENTACT_RP_RAW,0,,2024-03-26 02:02:05.923000,89895755,85,GNPS,0,0,,,No
mzspec:MSV000091754:ccms_peak/20190812_ENTACT_RP_RAW/entact_RP_neg_CE60_508.mzML,ccms_peak/20190812_ENTACT_RP_RAW/entact_RP_neg_CE60_508.mzML,MSV000091754,20190812_ENTACT_RP_RAW,0,,2024-03-26 02:02:06.304000,89638396,85,GNPS,0,0,,,No
mzspec:MSV000091754:ccms_peak/20190812_ENTACT_RP_RAW/entact_RP_neg_CE75_499.mzML,ccms_peak/20190812_ENTACT_RP_RAW/entact_RP_neg_CE75_499.mzML,MSV000091754,20190812_ENTACT_RP_RAW,0,,2024-03-26 02:02:06.641000,92481238,88,GNPS,0,0,,,No
mzspec:MSV000091754:ccms_peak/20190812_ENTACT_RP_RAW/entact_RP_neg_CE75_500.mzML,ccms_peak/20190812_ENTACT_RP_RAW/entact_RP_neg_CE75_500.mzML,MSV000091754,20190812_ENTACT_RP_RAW,0,,2024-03-26 02:02:06.996000,92562608,88,GNPS,0,0,,,No
mzspec:MSV000091754:ccms_peak/20190812_ENTACT_RP_RAW/entact_RP_neg_CE75_501.mzML,ccms_peak/20190812_ENTACT_RP_RAW/entact_RP_neg_CE75_501.mzML,MSV000091754,20190812_ENTACT_RP_RAW,0,,2024-03-26 02:02:07.436000,91395174,87,GNPS,0,0,,,No
mzspec:MSV000091754:ccms_peak/20190812_ENTACT_RP_RAW/entact_RP_neg_CE75_502.mzML,ccms_peak/20190812_ENTACT_RP_RAW/entact_RP_neg_CE75_502.mzML,MSV000091754,20190812_ENTACT_RP_RAW,0,,2024-03-26 02:02:07.850000,91995968,87,GNPS,0,0,,,No
mzspec:MSV000091754:ccms_peak/20190812_ENTACT_RP_RAW/entact_RP_neg_CE75_503.mzML,ccms_peak/20190812_ENTACT_RP_RAW/entact_RP_neg_CE75_503.mzML,MSV000091754,20190812_ENTACT_RP_RAW,0,,2024-03-26 02:02:08.225000,90985267,86,GNPS,0,0,,,No
mzspec:MSV000091754:ccms_peak/20190812_ENTACT_RP_RAW/entact_RP_neg_CE75_504.mzML,ccms_peak/20190812_ENTACT_RP_RAW/entact_RP_neg_CE75_504.mzML,MSV000091754,20190812_ENTACT_RP_RAW,0,,2024-03-26 02:02:08.606000,90791099,86,GNPS,0,0,,,No
mzspec:MSV000091754:ccms_peak/20190812_ENTACT_RP_RAW/entact_RP_neg_CE75_505.mzML,ccms_peak/20190812_ENTACT_RP_RAW/entact_RP_neg_CE75_505.mzML,MSV000091754,20190812_ENTACT_RP_RAW,0,,2024-03-26 02:02:08.971000,89507319,85,GNPS,0,0,,,No
mzspec:MSV000091754:ccms_peak/20190812_ENTACT_RP_RAW/entact_RP_neg_CE75_506.mzML,ccms_peak/20190812_ENTACT_RP_RAW/entact_RP_neg_CE75_506.mzML,MSV000091754,20190812_ENTACT_RP_RAW,0,,2024-03-26 02:02:09.351000,89324547,85,GNPS,0,0,,,No
mzspec:MSV000091754:ccms_peak/20190812_ENTACT_RP_RAW/entact_RP_neg_CE75_507.mzML,ccms_peak/20190812_ENTACT_RP_RAW/entact_RP_neg_CE75_507.mzML,MSV000091754,20190812_ENTACT_RP_RAW,0,,2024-03-26 02:02:09.723000,89845344,85,GNPS,0,0,,,No
mzspec:MSV000091754:ccms_peak/20190812_ENTACT_RP_RAW/entact_RP_neg_CE75_508.mzML,ccms_peak/20190812_ENTACT_RP_RAW/entact_RP_neg_CE75_508.mzML,MSV000091754,20190812_ENTACT_RP_RAW,0,,2024-03-26 02:02:10.130000,88948258,84,GNPS,0,0,,,No
mzspec:MSV000091754:ccms_peak/20190812_ENTACT_RP_RAW/entact_RP_neg_CE90_499.mzML,ccms_peak/20190812_ENTACT_RP_RAW/entact_RP_neg_CE90_499.mzML,MSV000091754,20190812_ENTACT_RP_RAW,0,,2024-03-26 02:02:10.528000,92613464,88,GNPS,0,0,,,No
mzspec:MSV000091754:ccms_peak/20190812_ENTACT_RP_RAW/entact_RP_neg_CE90_500.mzML,ccms_peak/20190812_ENTACT_RP_RAW/entact_RP_neg_CE90_500.mzML,MSV000091754,20190812_ENTACT_RP_RAW,0,,2024-03-26 02:02:10.920000,92120301,87,GNPS,0,0,,,No
mzspec:MSV000091754:ccms_peak/20190812_ENTACT_RP_RAW/entact_RP_neg_CE90_501.mzML,ccms_peak/20190812_ENTACT_RP_RAW/entact_RP_neg_CE90_501.mzML,MSV000091754,20190812_ENTACT_RP_RAW,0,,2024-03-26 02:02:11.256000,91369758,87,GNPS,0,0,,,No
mzspec:MSV000091754:ccms_peak/20190812_ENTACT_RP_RAW/entact_RP_neg_CE90_502.mzML,ccms_peak/20190812_ENTACT_RP_RAW/entact_RP_neg_CE90_502.mzML,MSV000091754,20190812_ENTACT_RP_RAW,0,,2024-03-26 02:02:11.594000,92082314,87,GNPS,0,0,,,No
mzspec:MSV000091754:ccms_peak/20190812_ENTACT_RP_RAW/entact_RP_neg_CE90_503.mzML,ccms_peak/20190812_ENTACT_RP_RAW/entact_RP_neg_CE90_503.mzML,MSV000091754,20190812_ENTACT_RP_RAW,0,,2024-03-26 02:02:11.907000,91085819,86,GNPS,0,0,,,No
mzspec:MSV000091754:ccms_peak/20190812_ENTACT_RP_RAW/entact_RP_neg_CE90_504.mzML,ccms_peak/20190812_ENTACT_RP_RAW/entact_RP_neg_CE90_504.mzML,MSV000091754,20190812_ENTACT_RP_RAW,0,,2024-03-26 02:02:12.292000,89936453,85,GNPS,0,0,,,No
mzspec:MSV000091754:ccms_peak/20190812_ENTACT_RP_RAW/entact_RP_neg_CE90_505.mzML,ccms_peak/20190812_ENTACT_RP_RAW/entact_RP_neg_CE90_505.mzML,MSV000091754,20190812_ENTACT_RP_RAW,0,,2024-03-26 02:02:12.658000,88501098,84,GNPS,0,0,,,No
mzspec:MSV000091754:ccms_peak/20190812_ENTACT_RP_RAW/entact_RP_neg_CE90_506.mzML,ccms_peak/20190812_ENTACT_RP_RAW/entact_RP_neg_CE90_506.mzML,MSV000091754,20190812_ENTACT_RP_RAW,0,,2024-03-26 02:02:12.984000,88651471,84,GNPS,0,0,,,No
mzspec:MSV000091754:ccms_peak/20190812_ENTACT_RP_RAW/entact_RP_neg_CE90_508.mzML,ccms_peak/20190812_ENTACT_RP_RAW/entact_RP_neg_CE90_508.mzML,MSV000091754,20190812_ENTACT_RP_RAW,0,,2024-03-26 02:02:13.330000,88347621,84,GNPS,0,0,,,No
mzspec:MSV000091754:ccms_peak/20190812_ENTACT_RP_RAW/entact_RP_pos_CE15_500.mzML,ccms_peak/20190812_ENTACT_RP_RAW/entact_RP_pos_CE15_500.mzML,MSV000091754,20190812_ENTACT_RP_RAW,0,,2024-03-26 02:02:13.828000,97524473,93,GNPS,0,0,,,No
mzspec:MSV000091754:ccms_peak/20190812_ENTACT_RP_RAW/entact_RP_pos_CE15_501.mzML,ccms_peak/20190812_ENTACT_RP_RAW/entact_RP_pos_CE15_501.mzML,MSV000091754,20190812_ENTACT_RP_RAW,0,,2024-03-26 02:02:14.173000,96856427,92,GNPS,0,0,,,No
mzspec:MSV000091754:ccms_peak/20190812_ENTACT_RP_RAW/entact_RP_pos_CE15_502.mzML,ccms_peak/20190812_ENTACT_RP_RAW/entact_RP_pos_CE15_502.mzML,MSV000091754,20190812_ENTACT_RP_RAW,0,,2024-03-26 02:02:14.545000,96827880,92,GNPS,0,0,,,No
mzspec:MSV000091754:ccms_peak/20190812_ENTACT_RP_RAW/entact_RP_pos_CE15_503.mzML,ccms_peak/20190812_ENTACT_RP_RAW/entact_RP_pos_CE15_503.mzML,MSV000091754,20190812_ENTACT_RP_RAW,0,,2024-03-26 02:02:15.018000,96635547,92,GNPS,0,0,,,No
mzspec:MSV000091754:ccms_peak/20190812_ENTACT_RP_RAW/entact_RP_pos_CE15_504.mzML,ccms_peak/20190812_ENTACT_RP_RAW/entact_RP_pos_CE15_504.mzML,MSV000091754,20190812_ENTACT_RP_RAW,0,,2024-03-26 02:02:15.415000,96250253,91,GNPS,0,0,,,No
mzspec:MSV000091754:ccms_peak/20190812_ENTACT_RP_RAW/entact_RP_pos_CE15_505.mzML,ccms_peak/20190812_ENTACT_RP_RAW/entact_RP_pos_CE15_505.mzML,MSV000091754,20190812_ENTACT_RP_RAW,0,,2024-03-26 02:02:15.823000,95734094,91,GNPS,0,0,,,No
mzspec:MSV000091754:ccms_peak/20190812_ENTACT_RP_RAW/entact_RP_pos_CE15_506.mzML,ccms_peak/20190812_ENTACT_RP_RAW/entact_RP_pos_CE15_506.mzML,MSV000091754,20190812_ENTACT_RP_RAW,0,,2024-03-26 02:02:16.326000,95596235,91,GNPS,0,0,,,No
mzspec:MSV000091754:ccms_peak/20190812_ENTACT_RP_RAW/entact_RP_pos_CE15_507.mzML,ccms_peak/20190812_ENTACT_RP_RAW/entact_RP_pos_CE15_507.mzML,MSV000091754,20190812_ENTACT_RP_RAW,0,,2024-03-26 02:02:16.781000,95782927,91,GNPS,0,0,,,No
mzspec:MSV000091754:ccms_peak/20190812_ENTACT_RP_RAW/entact_RP_pos_CE15_508.mzML,ccms_peak/20190812_ENTACT_RP_RAW/entact_RP_pos_CE15_508.mzML,MSV000091754,20190812_ENTACT_RP_RAW,0,,2024-03-26 02:02:17.426000,95482027,91,GNPS,0,0,,,No
mzspec:MSV000091754:ccms_peak/20190812_ENTACT_RP_RAW/entact_RP_pos_CE30_499.mzML,ccms_peak/20190812_ENTACT_RP_RAW/entact_RP_pos_CE30_499.mzML,MSV000091754,20190812_ENTACT_RP_RAW,0,,2024-03-26 02:02:17.828000,97010347,92,GNPS,0,0,,,No
mzspec:MSV000091754:ccms_peak/20190812_ENTACT_RP_RAW/entact_RP_pos_CE30_500.mzML,ccms_peak/20190812_ENTACT_RP_RAW/entact_RP_pos_CE30_500.mzML,MSV000091754,20190812_ENTACT_RP_RAW,0,,2024-03-26 02:02:18.184000,96201567,91,GNPS,0,0,,,No
mzspec:MSV000091754:ccms_peak/20190812_ENTACT_RP_RAW/entact_RP_pos_CE30_501.mzML,ccms_peak/20190812_ENTACT_RP_RAW/entact_RP_pos_CE30_501.mzML,MSV000091754,20190812_ENTACT_RP_RAW,0,,2024-03-26 02:02:18.515000,95643302,91,GNPS,0,0,,,No
mzspec:MSV000091754:ccms_peak/20190812_ENTACT_RP_RAW/entact_RP_pos_CE30_502.mzML,ccms_peak/20190812_ENTACT_RP_RAW/entact_RP_pos_CE30_502.mzML,MSV000091754,20190812_ENTACT_RP_RAW,0,,2024-03-26 02:02:19.061000,95612983,91,GNPS,0,0,,,No
mzspec:MSV000091754:ccms_peak/20190812_ENTACT_RP_RAW/entact_RP_pos_CE30_503.mzML,ccms_peak/20190812_ENTACT_RP_RAW/entact_RP_pos_CE30_503.mzML,MSV000091754,20190812_ENTACT_RP_RAW,0,,2024-03-26 02:02:19.421000,95343026,90,GNPS,0,0,,,No
mzspec:MSV000091754:ccms_peak/20190812_ENTACT_RP_RAW/entact_RP_pos_CE30_504.mzML,ccms_peak/20190812_ENTACT_RP_RAW/entact_RP_pos_CE30_504.mzML,MSV000091754,20190812_ENTACT_RP_RAW,0,,2024-03-26 02:02:19.776000,95020038,90,GNPS,0,0,,,No
mzspec:MSV000091754:ccms_peak/20190812_ENTACT_RP_RAW/entact_RP_pos_CE30_505.mzML,ccms_peak/20190812_ENTACT_RP_RAW/entact_RP_pos_CE30_505.mzML,MSV000091754,20190812_ENTACT_RP_RAW,0,,2024-03-26 02:02:20.080000,94781011,90,GNPS,0,0,,,No
mzspec:MSV000091754:ccms_peak/20190812_ENTACT_RP_RAW/entact_RP_pos_CE30_506.mzML,ccms_peak/20190812_ENTACT_RP_RAW/entact_RP_pos_CE30_506.mzML,MSV000091754,20190812_ENTACT_RP_RAW,0,,2024-03-26 02:02:20.435000,94566606,90,GNPS,0,0,,,No
mzspec:MSV000091754:ccms_peak/20190812_ENTACT_RP_RAW/entact_RP_pos_CE30_507.mzML,ccms_peak/20190812_ENTACT_RP_RAW/entact_RP_pos_CE30_507.mzML,MSV000091754,20190812_ENTACT_RP_RAW,0,,2024-03-26 02:02:20.768000,94607316,90,GNPS,0,0,,,No
mzspec:MSV000091754:ccms_peak/20190812_ENTACT_RP_RAW/entact_RP_pos_CE30_508.mzML,ccms_peak/20190812_ENTACT_RP_RAW/entact_RP_pos_CE30_508.mzML,MSV000091754,20190812_ENTACT_RP_RAW,0,,2024-03-26 02:02:21.120000,94612133,90,GNPS,0,0,,,No
mzspec:MSV000091754:ccms_peak/20190812_ENTACT_RP_RAW/entact_RP_pos_CE45_499.mzML,ccms_peak/20190812_ENTACT_RP_RAW/entact_RP_pos_CE45_499.mzML,MSV000091754,20190812_ENTACT_RP_RAW,0,,2024-03-26 02:02:21.389000,95263063,90,GNPS,0,0,,,No
mzspec:MSV000091754:ccms_peak/20190812_ENTACT_RP_RAW/entact_RP_pos_CE45_500.mzML,ccms_peak/20190812_ENTACT_RP_RAW/entact_RP_pos_CE45_500.mzML,MSV000091754,20190812_ENTACT_RP_RAW,0,,2024-03-26 02:02:21.798000,94470775,90,GNPS,0,0,,,No
mzspec:MSV000091754:ccms_peak/20190812_ENTACT_RP_RAW/entact_RP_pos_CE45_501.mzML,ccms_peak/20190812_ENTACT_RP_RAW/entact_RP_pos_CE45_501.mzML,MSV000091754,20190812_ENTACT_RP_RAW,0,,2024-03-26 02:02:22.135000,93969657,89,GNPS,0,0,,,No
mzspec:MSV000091754:ccms_peak/20190812_ENTACT_RP_RAW/entact_RP_pos_CE45_502.mzML,ccms_peak/20190812_ENTACT_RP_RAW/entact_RP_pos_CE45_502.mzML,MSV000091754,20190812_ENTACT_RP_RAW,0,,2024-03-26 02:02:22.627000,94020401,89,GNPS,0,0,,,No
mzspec:MSV000091754:ccms_peak/20190812_ENTACT_RP_RAW/entact_RP_pos_CE45_503.mzML,ccms_peak/20190812_ENTACT_RP_RAW/entact_RP_pos_CE45_503.mzML,MSV000091754,20190812_ENTACT_RP_RAW,0,,2024-03-26 02:02:23.062000,93741300,89,GNPS,0,0,,,No
mzspec:MSV000091754:ccms_peak/20190812_ENTACT_RP_RAW/entact_RP_pos_CE45_504.mzML,ccms_peak/20190812_ENTACT_RP_RAW/entact_RP_pos_CE45_504.mzML,MSV000091754,20190812_ENTACT_RP_RAW,0,,2024-03-26 02:02:23.454000,93451620,89,GNPS,0,0,,,No
mzspec:MSV000091754:ccms_peak/20190812_ENTACT_RP_RAW/entact_RP_pos_CE45_505.mzML,ccms_peak/20190812_ENTACT_RP_RAW/entact_RP_pos_CE45_505.mzML,MSV000091754,20190812_ENTACT_RP_RAW,0,,2024-03-26 02:02:23.781000,93254243,88,GNPS,0,0,,,No
mzspec:MSV000091754:ccms_peak/20190812_ENTACT_RP_RAW/entact_RP_pos_CE45_506.mzML,ccms_peak/20190812_ENTACT_RP_RAW/entact_RP_pos_CE45_506.mzML,MSV000091754,20190812_ENTACT_RP_RAW,0,,2024-03-26 02:02:24.114000,93078380,88,GNPS,0,0,,,No
mzspec:MSV000091754:ccms_peak/20190812_ENTACT_RP_RAW/entact_RP_pos_CE45_507.mzML,ccms_peak/20190812_ENTACT_RP_RAW/entact_RP_pos_CE45_507.mzML,MSV000091754,20190812_ENTACT_RP_RAW,0,,2024-03-26 02:02:24.507000,92992959,88,GNPS,0,0,,,No
mzspec:MSV000091754:ccms_peak/20190812_ENTACT_RP_RAW/entact_RP_pos_CE45_508.mzML,ccms_peak/20190812_ENTACT_RP_RAW/entact_RP_pos_CE45_508.mzML,MSV000091754,20190812_ENTACT_RP_RAW,0,,2024-03-26 02:02:24.838000,93028275,88,GNPS,0,0,,,No
mzspec:MSV000091754:ccms_peak/20190812_ENTACT_RP_RAW/entact_RP_pos_CE60_499.mzML,ccms_peak/20190812_ENTACT_RP_RAW/entact_RP_pos_CE60_499.mzML,MSV000091754,20190812_ENTACT_RP_RAW,0,,2024-03-26 02:02:25.183000,93888529,89,GNPS,0,0,,,No
mzspec:MSV000091754:ccms_peak/20190812_ENTACT_RP_RAW/entact_RP_pos_CE60_500.mzML,ccms_peak/20190812_ENTACT_RP_RAW/entact_RP_pos_CE60_500.mzML,MSV000091754,20190812_ENTACT_RP_RAW,0,,2024-03-26 02:02:25.499000,93366655,89,GNPS,0,0,,,No
mzspec:MSV000091754:ccms_peak/20190812_ENTACT_RP_RAW/entact_RP_pos_CE60_501.mzML,ccms_peak/20190812_ENTACT_RP_RAW/entact_RP_pos_CE60_501.mzML,MSV000091754,20190812_ENTACT_RP_RAW,0,,2024-03-26 02:02:25.797000,93072422,88,GNPS,0,0,,,No
mzspec:MSV000091754:ccms_peak/20190812_ENTACT_RP_RAW/entact_RP_pos_CE60_502.mzML,ccms_peak/20190812_ENTACT_RP_RAW/entact_RP_pos_CE60_502.mzML,MSV000091754,20190812_ENTACT_RP_RAW,0,,2024-03-26 02:02:26.144000,93155777,88,GNPS,0,0,,,No
mzspec:MSV000091754:ccms_peak/20190812_ENTACT_RP_RAW/entact_RP_pos_CE60_503.mzML,ccms_peak/20190812_ENTACT_RP_RAW/entact_RP_pos_CE60_503.mzML,MSV000091754,20190812_ENTACT_RP_RAW,0,,2024-03-26 02:02:26.442000,92729816,88,GNPS,0,0,,,No
mzspec:MSV000091754:ccms_peak/20190812_ENTACT_RP_RAW/entact_RP_pos_CE60_504.mzML,ccms_peak/20190812_ENTACT_RP_RAW/entact_RP_pos_CE60_504.mzML,MSV000091754,20190812_ENTACT_RP_RAW,0,,2024-03-26 02:02:26.743000,92559337,88,GNPS,0,0,,,No
mzspec:MSV000091754:ccms_peak/20190812_ENTACT_RP_RAW/entact_RP_pos_CE60_505.mzML,ccms_peak/20190812_ENTACT_RP_RAW/entact_RP_pos_CE60_505.mzML,MSV000091754,20190812_ENTACT_RP_RAW,0,,2024-03-26 02:02:27.040000,92459185,88,GNPS,0,0,,,No
mzspec:MSV000091754:ccms_peak/20190812_ENTACT_RP_RAW/entact_RP_pos_CE60_506.mzML,ccms_peak/20190812_ENTACT_RP_RAW/entact_RP_pos_CE60_506.mzML,MSV000091754,20190812_ENTACT_RP_RAW,0,,2024-03-26 02:02:27.376000,92273735,87,GNPS,0,0,,,No
mzspec:MSV000091754:ccms_peak/20190812_ENTACT_RP_RAW/entact_RP_pos_CE60_507.mzML,ccms_peak/20190812_ENTACT_RP_RAW/entact_RP_pos_CE60_507.mzML,MSV000091754,20190812_ENTACT_RP_RAW,0,,2024-03-26 02:02:27.776000,92250103,87,GNPS,0,0,,,No
mzspec:MSV000091754:ccms_peak/20190812_ENTACT_RP_RAW/entact_RP_pos_CE60_508.mzML,ccms_peak/20190812_ENTACT_RP_RAW/entact_RP_pos_CE60_508.mzML,MSV000091754,20190812_ENTACT_RP_RAW,0,,2024-03-26 02:02:28.095000,92278450,88,GNPS,0,0,,,No
mzspec:MSV000091754:ccms_peak/20190812_ENTACT_RP_RAW/entact_RP_pos_CE75_499.mzML,ccms_peak/20190812_ENTACT_RP_RAW/entact_RP_pos_CE75_499.mzML,MSV000091754,20190812_ENTACT_RP_RAW,0,,2024-03-26 02:02:28.417000,92247664,87,GNPS,0,0,,,No
mzspec:MSV000091754:ccms_peak/20190812_ENTACT_RP_RAW/entact_RP_pos_CE75_500.mzML,ccms_peak/20190812_ENTACT_RP_RAW/entact_RP_pos_CE75_500.mzML,MSV000091754,20190812_ENTACT_RP_RAW,0,,2024-03-26 02:02:28.799000,91896182,87,GNPS,0,0,,,No
mzspec:MSV000091754:ccms_peak/20190812_ENTACT_RP_RAW/entact_RP_pos_CE75_501.mzML,ccms_peak/20190812_ENTACT_RP_RAW/entact_RP_pos_CE75_501.mzML,MSV000091754,20190812_ENTACT_RP_RAW,0,,2024-03-26 02:02:29.172000,91588598,87,GNPS,0,0,,,No
mzspec:MSV000091754:ccms_peak/20190812_ENTACT_RP_RAW/entact_RP_pos_CE75_502.mzML,ccms_peak/20190812_ENTACT_RP_RAW/entact_RP_pos_CE75_502.mzML,MSV000091754,20190812_ENTACT_RP_RAW,0,,2024-03-26 02:02:29.551000,91635840,87,GNPS,0,0,,,No
mzspec:MSV000091754:ccms_peak/20190812_ENTACT_RP_RAW/entact_RP_pos_CE75_503.mzML,ccms_peak/20190812_ENTACT_RP_RAW/entact_RP_pos_CE75_503.mzML,MSV000091754,20190812_ENTACT_RP_RAW,0,,2024-03-26 02:02:29.912000,91208832,86,GNPS,0,0,,,No
mzspec:MSV000091754:ccms_peak/20190812_ENTACT_RP_RAW/entact_RP_pos_CE75_504.mzML,ccms_peak/20190812_ENTACT_RP_RAW/entact_RP_pos_CE75_504.mzML,MSV000091754,20190812_ENTACT_RP_RAW,0,,2024-03-26 02:02:30.297000,91022738,86,GNPS,0,0,,,No
mzspec:MSV000091754:ccms_peak/20190812_ENTACT_RP_RAW/entact_RP_pos_CE75_505.mzML,ccms_peak/20190812_ENTACT_RP_RAW/entact_RP_pos_CE75_505.mzML,MSV000091754,20190812_ENTACT_RP_RAW,0,,2024-03-26 02:02:30.668000,90930027,86,GNPS,0,0,,,No
mzspec:MSV000091754:ccms_peak/20190812_ENTACT_RP_RAW/entact_RP_pos_CE75_506.mzML,ccms_peak/20190812_ENTACT_RP_RAW/entact_RP_pos_CE75_506.mzML,MSV000091754,20190812_ENTACT_RP_RAW,0,,2024-03-26 02:02:31.078000,90783414,86,GNPS,0,0,,,No
mzspec:MSV000091754:ccms_peak/20190812_ENTACT_RP_RAW/entact_RP_pos_CE75_507.mzML,ccms_peak/20190812_ENTACT_RP_RAW/entact_RP_pos_CE75_507.mzML,MSV000091754,20190812_ENTACT_RP_RAW,0,,2024-03-26 02:02:31.558000,90693851,86,GNPS,0,0,,,No
mzspec:MSV000091754:ccms_peak/20190812_ENTACT_RP_RAW/entact_RP_pos_CE75_508.mzML,ccms_peak/20190812_ENTACT_RP_RAW/entact_RP_pos_CE75_508.mzML,MSV000091754,20190812_ENTACT_RP_RAW,0,,2024-03-26 02:02:31.941000,90774689,86,GNPS,0,0,,,No
mzspec:MSV000091754:ccms_peak/20190812_ENTACT_RP_RAW/entact_RP_pos_CE90_499.mzML,ccms_peak/20190812_ENTACT_RP_RAW/entact_RP_pos_CE90_499.mzML,MSV000091754,20190812_ENTACT_RP_RAW,0,,2024-03-26 02:02:32.270000,91337481,87,GNPS,0,0,,,No
mzspec:MSV000091754:ccms_peak/20190812_ENTACT_RP_RAW/entact_RP_pos_CE90_500.mzML,ccms_peak/20190812_ENTACT_RP_RAW/entact_RP_pos_CE90_500.mzML,MSV000091754,20190812_ENTACT_RP_RAW,0,,2024-03-26 02:02:32.646000,90914050,86,GNPS,0,0,,,No
mzspec:MSV000091754:ccms_peak/20190812_ENTACT_RP_RAW/entact_RP_pos_CE90_501.mzML,ccms_peak/20190812_ENTACT_RP_RAW/entact_RP_pos_CE90_501.mzML,MSV000091754,20190812_ENTACT_RP_RAW,0,,2024-03-26 02:02:33.051000,90730345,86,GNPS,0,0,,,No
mzspec:MSV000091754:ccms_peak/20190812_ENTACT_RP_RAW/entact_RP_pos_CE90_502.mzML,ccms_peak/20190812_ENTACT_RP_RAW/entact_RP_pos_CE90_502.mzML,MSV000091754,20190812_ENTACT_RP_RAW,0,,2024-03-26 02:02:33.459000,90765453,86,GNPS,0,0,,,No
mzspec:MSV000091754:ccms_peak/20190812_ENTACT_RP_RAW/entact_RP_pos_CE90_503.mzML,ccms_peak/20190812_ENTACT_RP_RAW/entact_RP_pos_CE90_503.mzML,MSV000091754,20190812_ENTACT_RP_RAW,0,,2024-03-26 02:02:33.886000,90319398,86,GNPS,0,0,,,No
mzspec:MSV000091754:ccms_peak/20190812_ENTACT_RP_RAW/entact_RP_pos_CE90_504.mzML,ccms_peak/20190812_ENTACT_RP_RAW/entact_RP_pos_CE90_504.mzML,MSV000091754,20190812_ENTACT_RP_RAW,0,,2024-03-26 02:02:34.264000,90203518,86,GNPS,0,0,,,No
mzspec:MSV000091754:ccms_peak/20190812_ENTACT_RP_RAW/entact_RP_pos_CE90_505.mzML,ccms_peak/20190812_ENTACT_RP_RAW/entact_RP_pos_CE90_505.mzML,MSV000091754,20190812_ENTACT_RP_RAW,0,,2024-03-26 02:02:34.627000,90134252,85,GNPS,0,0,,,No
mzspec:MSV000091754:ccms_peak/20190812_ENTACT_RP_RAW/entact_RP_pos_CE90_506.mzML,ccms_peak/20190812_ENTACT_RP_RAW/entact_RP_pos_CE90_506.mzML,MSV000091754,20190812_ENTACT_RP_RAW,0,,2024-03-26 02:02:34.954000,90063388,85,GNPS,0,0,,,No
mzspec:MSV000091754:ccms_peak/20190812_ENTACT_RP_RAW/entact_RP_pos_CE90_507.mzML,ccms_peak/20190812_ENTACT_RP_RAW/entact_RP_pos_CE90_507.mzML,MSV000091754,20190812_ENTACT_RP_RAW,0,,2024-03-26 02:02:35.323000,89909518,85,GNPS,0,0,,,No
mzspec:MSV000091754:ccms_peak/20190812_ENTACT_RP_RAW/entact_RP_pos_CE90_508.mzML,ccms_peak/20190812_ENTACT_RP_RAW/entact_RP_pos_CE90_508.mzML,MSV000091754,20190812_ENTACT_RP_RAW,0,,2024-03-26 02:02:35.721000,89917035,85,GNPS,0,0,,,No
mzspec:MSV000091754:ccms_peak/20200303_ENTACT_RP_RAW/ENTACT_pos_499_CE15.mzML,ccms_peak/20200303_ENTACT_RP_RAW/ENTACT_pos_499_CE15.mzML,MSV000091754,20200303_ENTACT_RP_RAW,0,,2024-03-26 02:02:36.185000,90215035,86,GNPS,0,0,,,No
mzspec:MSV000091754:ccms_peak/20200303_ENTACT_RP_RAW/ENTACT_pos_499_CE30.mzML,ccms_peak/20200303_ENTACT_RP_RAW/ENTACT_pos_499_CE30.mzML,MSV000091754,20200303_ENTACT_RP_RAW,0,,2024-03-26 02:02:36.513000,89678477,85,GNPS,0,0,,,No
mzspec:MSV000091754:ccms_peak/20200303_ENTACT_RP_RAW/ENTACT_pos_499_CE45.mzML,ccms_peak/20200303_ENTACT_RP_RAW/ENTACT_pos_499_CE45.mzML,MSV000091754,20200303_ENTACT_RP_RAW,0,,2024-03-26 02:02:36.859000,89642258,85,GNPS,0,0,,,No
mzspec:MSV000091754:ccms_peak/20200303_ENTACT_RP_RAW/ENTACT_pos_499_CE60.mzML,ccms_peak/20200303_ENTACT_RP_RAW/ENTACT_pos_499_CE60.mzML,MSV000091754,20200303_ENTACT_RP_RAW,0,,2024-03-26 02:02:37.251000,89422852,85,GNPS,0,0,,,No
mzspec:MSV000091754:ccms_peak/20200303_ENTACT_RP_RAW/ENTACT_pos_499_CE75.mzML,ccms_peak/20200303_ENTACT_RP_RAW/ENTACT_pos_499_CE75.mzML,MSV000091754,20200303_ENTACT_RP_RAW,0,,2024-03-26 02:02:37.631000,89172533,85,GNPS,0,0,,,No
mzspec:MSV000091754:ccms_peak/20200303_ENTACT_RP_RAW/ENTACT_pos_499_CE90.mzML,ccms_peak/20200303_ENTACT_RP_RAW/ENTACT_pos_499_CE90.mzML,MSV000091754,20200303_ENTACT_RP_RAW,0,,2024-03-26 02:02:37.993000,88702576,84,GNPS,0,0,,,No
mzspec:MSV000091754:ccms_peak/20200303_ENTACT_RP_RAW/ENTACT_pos_500_CE15.mzML,ccms_peak/20200303_ENTACT_RP_RAW/ENTACT_pos_500_CE15.mzML,MSV000091754,20200303_ENTACT_RP_RAW,0,,2024-03-26 02:02:38.358000,89475162,85,GNPS,0,0,,,No
mzspec:MSV000091754:ccms_peak/20200303_ENTACT_RP_RAW/ENTACT_pos_500_CE30.mzML,ccms_peak/20200303_ENTACT_RP_RAW/ENTACT_pos_500_CE30.mzML,MSV000091754,20200303_ENTACT_RP_RAW,0,,2024-03-26 02:02:38.732000,89487409,85,GNPS,0,0,,,No
mzspec:MSV000091754:ccms_peak/20200303_ENTACT_RP_RAW/ENTACT_pos_500_CE45.mzML,ccms_peak/20200303_ENTACT_RP_RAW/ENTACT_pos_500_CE45.mzML,MSV000091754,20200303_ENTACT_RP_RAW,0,,2024-03-26 02:02:39.118000,89502184,85,GNPS,0,0,,,No
mzspec:MSV000091754:ccms_peak/20200303_ENTACT_RP_RAW/ENTACT_pos_500_CE60.mzML,ccms_peak/20200303_ENTACT_RP_RAW/ENTACT_pos_500_CE60.mzML,MSV000091754,20200303_ENTACT_RP_RAW,0,,2024-03-26 02:02:39.539000,89206506,85,GNPS,0,0,,,No
mzspec:MSV000091754:ccms_peak/20200303_ENTACT_RP_RAW/ENTACT_pos_500_CE75.mzML,ccms_peak/20200303_ENTACT_RP_RAW/ENTACT_pos_500_CE75.mzML,MSV000091754,20200303_ENTACT_RP_RAW,0,,2024-03-26 02:02:39.945000,88911693,84,GNPS,0,0,,,No
mzspec:MSV000091754:ccms_peak/20200303_ENTACT_RP_RAW/ENTACT_pos_500_CE90.mzML,ccms_peak/20200303_ENTACT_RP_RAW/ENTACT_pos_500_CE90.mzML,MSV000091754,20200303_ENTACT_RP_RAW,0,,2024-03-26 02:02:40.380000,88801721,84,GNPS,0,0,,,No
mzspec:MSV000091754:ccms_peak/20200303_ENTACT_RP_RAW/ENTACT_pos_501_CE15.mzML,ccms_peak/20200303_ENTACT_RP_RAW/ENTACT_pos_501_CE15.mzML,MSV000091754,20200303_ENTACT_RP_RAW,0,,2024-03-26 02:02:40.692000,89387207,85,GNPS,0,0,,,No
mzspec:MSV000091754:ccms_peak/20200303_ENTACT_RP_RAW/ENTACT_pos_501_CE30.mzML,ccms_peak/20200303_ENTACT_RP_RAW/ENTACT_pos_501_CE30.mzML,MSV000091754,20200303_ENTACT_RP_RAW,0,,2024-03-26 02:02:40.982000,88993232,84,GNPS,0,0,,,No
mzspec:MSV000091754:ccms_peak/20200303_ENTACT_RP_RAW/ENTACT_pos_501_CE45.mzML,ccms_peak/20200303_ENTACT_RP_RAW/ENTACT_pos_501_CE45.mzML,MSV000091754,20200303_ENTACT_RP_RAW,0,,2024-03-26 02:02:41.308000,89196787,85,GNPS,0,0,,,No
mzspec:MSV000091754:ccms_peak/20200303_ENTACT_RP_RAW/ENTACT_pos_501_CE60.mzML,ccms_peak/20200303_ENTACT_RP_RAW/ENTACT_pos_501_CE60.mzML,MSV000091754,20200303_ENTACT_RP_RAW,0,,2024-03-26 02:02:41.699000,88839696,84,GNPS,0,0,,,No
mzspec:MSV000091754:ccms_peak/20200303_ENTACT_RP_RAW/ENTACT_pos_501_CE75.mzML,ccms_peak/20200303_ENTACT_RP_RAW/ENTACT_pos_501_CE75.mzML,MSV000091754,20200303_ENTACT_RP_RAW,0,,2024-03-26 02:02:41.970000,89040729,84,GNPS,0,0,,,No
mzspec:MSV000091754:ccms_peak/20200303_ENTACT_RP_RAW/ENTACT_pos_501_CE90.mzML,ccms_peak/20200303_ENTACT_RP_RAW/ENTACT_pos_501_CE90.mzML,MSV000091754,20200303_ENTACT_RP_RAW,0,,2024-03-26 02:02:42.350000,88285258,84,GNPS,0,0,,,No
mzspec:MSV000091754:ccms_peak/20200303_ENTACT_RP_RAW/ENTACT_pos_502_CE15.mzML,ccms_peak/20200303_ENTACT_RP_RAW/ENTACT_pos_502_CE15.mzML,MSV000091754,20200303_ENTACT_RP_RAW,0,,2024-03-26 02:02:42.811000,89165847,85,GNPS,0,0,,,No
mzspec:MSV000091754:ccms_peak/20200303_ENTACT_RP_RAW/ENTACT_pos_502_CE30.mzML,ccms_peak/20200303_ENTACT_RP_RAW/ENTACT_pos_502_CE30.mzML,MSV000091754,20200303_ENTACT_RP_RAW,0,,2024-03-26 02:02:43.132000,89345139,85,GNPS,0,0,,,No
mzspec:MSV000091754:ccms_peak/20200303_ENTACT_RP_RAW/ENTACT_pos_502_CE45.mzML,ccms_peak/20200303_ENTACT_RP_RAW/ENTACT_pos_502_CE45.mzML,MSV000091754,20200303_ENTACT_RP_RAW,0,,2024-03-26 02:02:43.429000,89249779,85,GNPS,0,0,,,No
mzspec:MSV000091754:ccms_peak/20200303_ENTACT_RP_RAW/ENTACT_pos_502_CE60.mzML,ccms_peak/20200303_ENTACT_RP_RAW/ENTACT_pos_502_CE60.mzML,MSV000091754,20200303_ENTACT_RP_RAW,0,,2024-03-26 02:02:43.714000,89079000,84,GNPS,0,0,,,No
mzspec:MSV000091754:ccms_peak/20200303_ENTACT_RP_RAW/ENTACT_pos_502_CE75.mzML,ccms_peak/20200303_ENTACT_RP_RAW/ENTACT_pos_502_CE75.mzML,MSV000091754,20200303_ENTACT_RP_RAW,0,,2024-03-26 02:02:44,89073783,84,GNPS,0,0,,,No
mzspec:MSV000091754:ccms_peak/20200303_ENTACT_RP_RAW/ENTACT_pos_502_CE90.mzML,ccms_peak/20200303_ENTACT_RP_RAW/ENTACT_pos_502_CE90.mzML,MSV000091754,20200303_ENTACT_RP_RAW,0,,2024-03-26 02:02:44.315000,88755500,84,GNPS,0,0,,,No
mzspec:MSV000091754:ccms_peak/20200303_ENTACT_RP_RAW/ENTACT_pos_503_CE15.mzML,ccms_peak/20200303_ENTACT_RP_RAW/ENTACT_pos_503_CE15.mzML,MSV000091754,20200303_ENTACT_RP_RAW,0,,2024-03-26 02:02:44.617000,89822126,85,GNPS,0,0,,,No
mzspec:MSV000091754:ccms_peak/20200303_ENTACT_RP_RAW/ENTACT_pos_503_CE30.mzML,ccms_peak/20200303_ENTACT_RP_RAW/ENTACT_pos_503_CE30.mzML,MSV000091754,20200303_ENTACT_RP_RAW,0,,2024-03-26 02:02:44.900000,89841438,85,GNPS,0,0,,,No
mzspec:MSV000091754:ccms_peak/20200303_ENTACT_RP_RAW/ENTACT_pos_503_CE45.mzML,ccms_peak/20200303_ENTACT_RP_RAW/ENTACT_pos_503_CE45.mzML,MSV000091754,20200303_ENTACT_RP_RAW,0,,2024-03-26 02:02:45.174000,89701483,85,GNPS,0,0,,,No
mzspec:MSV000091754:ccms_peak/20200303_ENTACT_RP_RAW/ENTACT_pos_503_CE60.mzML,ccms_peak/20200303_ENTACT_RP_RAW/ENTACT_pos_503_CE60.mzML,MSV000091754,20200303_ENTACT_RP_RAW,0,,2024-03-26 02:02:45.499000,89405634,85,GNPS,0,0,,,No
mzspec:MSV000091754:ccms_peak/20200303_ENTACT_RP_RAW/ENTACT_pos_503_CE75.mzML,ccms_peak/20200303_ENTACT_RP_RAW/ENTACT_pos_503_CE75.mzML,MSV000091754,20200303_ENTACT_RP_RAW,0,,2024-03-26 02:02:45.770000,89401175,85,GNPS,0,0,,,No
mzspec:MSV000091754:ccms_peak/20200303_ENTACT_RP_RAW/ENTACT_pos_503_CE90.mzML,ccms_peak/20200303_ENTACT_RP_RAW/ENTACT_pos_503_CE90.mzML,MSV000091754,20200303_ENTACT_RP_RAW,0,,2024-03-26 02:02:46.097000,89045751,84,GNPS,0,0,,,No
mzspec:MSV000091754:ccms_peak/20200303_ENTACT_RP_RAW/ENTACT_pos_504_CE15.mzML,ccms_peak/20200303_ENTACT_RP_RAW/ENTACT_pos_504_CE15.mzML,MSV000091754,20200303_ENTACT_RP_RAW,0,,2024-03-26 02:02:46.438000,89718469,85,GNPS,0,0,,,No
mzspec:MSV000091754:ccms_peak/20200303_ENTACT_RP_RAW/ENTACT_pos_504_CE30.mzML,ccms_peak/20200303_ENTACT_RP_RAW/ENTACT_pos_504_CE30.mzML,MSV000091754,20200303_ENTACT_RP_RAW,0,,2024-03-26 02:02:46.767000,89615602,85,GNPS,0,0,,,No
mzspec:MSV000091754:ccms_peak/20200303_ENTACT_RP_RAW/ENTACT_pos_504_CE45.mzML,ccms_peak/20200303_ENTACT_RP_RAW/ENTACT_pos_504_CE45.mzML,MSV000091754,20200303_ENTACT_RP_RAW,0,,2024-03-26 02:02:47.062000,89727567,85,GNPS,0,0,,,No
mzspec:MSV000091754:ccms_peak/20200303_ENTACT_RP_RAW/ENTACT_pos_504_CE60.mzML,ccms_peak/20200303_ENTACT_RP_RAW/ENTACT_pos_504_CE60.mzML,MSV000091754,20200303_ENTACT_RP_RAW,0,,2024-03-26 02:02:47.359000,89528182,85,GNPS,0,0,,,No
mzspec:MSV000091754:ccms_peak/20200303_ENTACT_RP_RAW/ENTACT_pos_504_CE75.mzML,ccms_peak/20200303_ENTACT_RP_RAW/ENTACT_pos_504_CE75.mzML,MSV000091754,20200303_ENTACT_RP_RAW,0,,2024-03-26 02:02:47.678000,89378010,85,GNPS,0,0,,,No
mzspec:MSV000091754:ccms_peak/20200303_ENTACT_RP_RAW/ENTACT_pos_504_CE90.mzML,ccms_peak/20200303_ENTACT_RP_RAW/ENTACT_pos_504_CE90.mzML,MSV000091754,20200303_ENTACT_RP_RAW,0,,2024-03-26 02:02:48.060000,89122386,84,GNPS,0,0,,,No
mzspec:MSV000091754:ccms_peak/20200303_ENTACT_RP_RAW/ENTACT_pos_505_CE15.mzML,ccms_peak/20200303_ENTACT_RP_RAW/ENTACT_pos_505_CE15.mzML,MSV000091754,20200303_ENTACT_RP_RAW,0,,2024-03-26 02:02:48.433000,90286608,86,GNPS,0,0,,,No
mzspec:MSV000091754:ccms_peak/20200303_ENTACT_RP_RAW/ENTACT_pos_505_CE30.mzML,ccms_peak/20200303_ENTACT_RP_RAW/ENTACT_pos_505_CE30.mzML,MSV000091754,20200303_ENTACT_RP_RAW,0,,2024-03-26 02:02:48.773000,90139398,85,GNPS,0,0,,,No
mzspec:MSV000091754:ccms_peak/20200303_ENTACT_RP_RAW/ENTACT_pos_505_CE45.mzML,ccms_peak/20200303_ENTACT_RP_RAW/ENTACT_pos_505_CE45.mzML,MSV000091754,20200303_ENTACT_RP_RAW,0,,2024-03-26 02:02:49.154000,90429200,86,GNPS,0,0,,,No
mzspec:MSV000091754:ccms_peak/20200303_ENTACT_RP_RAW/ENTACT_pos_505_CE60.mzML,ccms_peak/20200303_ENTACT_RP_RAW/ENTACT_pos_505_CE60.mzML,MSV000091754,20200303_ENTACT_RP_RAW,0,,2024-03-26 02:02:49.519000,90433294,86,GNPS,0,0,,,No
mzspec:MSV000091754:ccms_peak/20200303_ENTACT_RP_RAW/ENTACT_pos_505_CE75.mzML,ccms_peak/20200303_ENTACT_RP_RAW/ENTACT_pos_505_CE75.mzML,MSV000091754,20200303_ENTACT_RP_RAW,0,,2024-03-26 02:02:49.862000,90146995,85,GNPS,0,0,,,No
mzspec:MSV000091754:ccms_peak/20200303_ENTACT_RP_RAW/ENTACT_pos_505_CE90.mzML,ccms_peak/20200303_ENTACT_RP_RAW/ENTACT_pos_505_CE90.mzML,MSV000091754,20200303_ENTACT_RP_RAW,0,,2024-03-26 02:02:50.235000,89851029,85,GNPS,0,0,,,No
mzspec:MSV000091754:ccms_peak/20200303_ENTACT_RP_RAW/ENTACT_pos_506_CE15.mzML,ccms_peak/20200303_ENTACT_RP_RAW/ENTACT_pos_506_CE15.mzML,MSV000091754,20200303_ENTACT_RP_RAW,0,,2024-03-26 02:02:50.608000,90175154,85,GNPS,0,0,,,No
mzspec:MSV000091754:ccms_peak/20200303_ENTACT_RP_RAW/ENTACT_pos_506_CE30.mzML,ccms_peak/20200303_ENTACT_RP_RAW/ENTACT_pos_506_CE30.mzML,MSV000091754,20200303_ENTACT_RP_RAW,0,,2024-03-26 02:02:50.937000,90072832,85,GNPS,0,0,,,No
mzspec:MSV000091754:ccms_peak/20200303_ENTACT_RP_RAW/ENTACT_pos_506_CE45.mzML,ccms_peak/20200303_ENTACT_RP_RAW/ENTACT_pos_506_CE45.mzML,MSV000091754,20200303_ENTACT_RP_RAW,0,,2024-03-26 02:02:51.281000,90266690,86,GNPS,0,0,,,No
mzspec:MSV000091754:ccms_peak/20200303_ENTACT_RP_RAW/ENTACT_pos_506_CE60.mzML,ccms_peak/20200303_ENTACT_RP_RAW/ENTACT_pos_506_CE60.mzML,MSV000091754,20200303_ENTACT_RP_RAW,0,,2024-03-26 02:02:51.687000,89981101,85,GNPS,0,0,,,No
mzspec:MSV000091754:ccms_peak/20200303_ENTACT_RP_RAW/ENTACT_pos_506_CE75.mzML,ccms_peak/20200303_ENTACT_RP_RAW/ENTACT_pos_506_CE75.mzML,MSV000091754,20200303_ENTACT_RP_RAW,0,,2024-03-26 02:02:52.036000,89803759,85,GNPS,0,0,,,No
mzspec:MSV000091754:ccms_peak/20200303_ENTACT_RP_RAW/ENTACT_pos_506_CE90.mzML,ccms_peak/20200303_ENTACT_RP_RAW/ENTACT_pos_506_CE90.mzML,MSV000091754,20200303_ENTACT_RP_RAW,0,,2024-03-26 02:02:52.367000,89348466,85,GNPS,0,0,,,No
mzspec:MSV000091754:ccms_peak/20200303_ENTACT_RP_RAW/ENTACT_pos_507_CE15.mzML,ccms_peak/20200303_ENTACT_RP_RAW/ENTACT_pos_507_CE15.mzML,MSV000091754,20200303_ENTACT_RP_RAW,0,,2024-03-26 02:02:52.691000,89438255,85,GNPS,0,0,,,No
mzspec:MSV000091754:ccms_peak/20200303_ENTACT_RP_RAW/ENTACT_pos_507_CE30.mzML,ccms_peak/20200303_ENTACT_RP_RAW/ENTACT_pos_507_CE30.mzML,MSV000091754,20200303_ENTACT_RP_RAW,0,,2024-03-26 02:02:53.043000,89344721,85,GNPS,0,0,,,No
mzspec:MSV000091754:ccms_peak/20200303_ENTACT_RP_RAW/ENTACT_pos_507_CE45.mzML,ccms_peak/20200303_ENTACT_RP_RAW/ENTACT_pos_507_CE45.mzML,MSV000091754,20200303_ENTACT_RP_RAW,0,,2024-03-26 02:02:53.318000,89434015,85,GNPS,0,0,,,No
mzspec:MSV000091754:ccms_peak/20200303_ENTACT_RP_RAW/ENTACT_pos_507_CE60.mzML,ccms_peak/20200303_ENTACT_RP_RAW/ENTACT_pos_507_CE60.mzML,MSV000091754,20200303_ENTACT_RP_RAW,0,,2024-03-26 02:02:53.635000,89369338,85,GNPS,0,0,,,No
mzspec:MSV000091754:ccms_peak/20200303_ENTACT_RP_RAW/ENTACT_pos_507_CE75.mzML,ccms_peak/20200303_ENTACT_RP_RAW/ENTACT_pos_507_CE75.mzML,MSV000091754,20200303_ENTACT_RP_RAW,0,,2024-03-26 02:02:53.930000,89328983,85,GNPS,0,0,,,No
mzspec:MSV000091754:ccms_peak/20200303_ENTACT_RP_RAW/ENTACT_pos_507_CE90.mzML,ccms_peak/20200303_ENTACT_RP_RAW/ENTACT_pos_507_CE90.mzML,MSV000091754,20200303_ENTACT_RP_RAW,0,,2024-03-26 02:02:54.243000,88900083,84,GNPS,0,0,,,No
mzspec:MSV000091754:ccms_peak/20200303_ENTACT_RP_RAW/ENTACT_pos_508_CE15.mzML,ccms_peak/20200303_ENTACT_RP_RAW/ENTACT_pos_508_CE15.mzML,MSV000091754,20200303_ENTACT_RP_RAW,0,,2024-03-26 02:02:54.602000,90414773,86,GNPS,0,0,,,No
mzspec:MSV000091754:ccms_peak/20200303_ENTACT_RP_RAW/ENTACT_pos_508_CE30.mzML,ccms_peak/20200303_ENTACT_RP_RAW/ENTACT_pos_508_CE30.mzML,MSV000091754,20200303_ENTACT_RP_RAW,0,,2024-03-26 02:02:54.916000,90641589,86,GNPS,0,0,,,No
mzspec:MSV000091754:ccms_peak/20200303_ENTACT_RP_RAW/ENTACT_pos_508_CE45.mzML,ccms_peak/20200303_ENTACT_RP_RAW/ENTACT_pos_508_CE45.mzML,MSV000091754,20200303_ENTACT_RP_RAW,0,,2024-03-26 02:02:55.276000,90640785,86,GNPS,0,0,,,No
mzspec:MSV000091754:ccms_peak/20200303_ENTACT_RP_RAW/ENTACT_pos_508_CE60.mzML,ccms_peak/20200303_ENTACT_RP_RAW/ENTACT_pos_508_CE60.mzML,MSV000091754,20200303_ENTACT_RP_RAW,0,,2024-03-26 02:02:55.549000,90552491,86,GNPS,0,0,,,No
mzspec:MSV000091754:ccms_peak/20200303_ENTACT_RP_RAW/ENTACT_pos_508_CE75.mzML,ccms_peak/20200303_ENTACT_RP_RAW/ENTACT_pos_508_CE75.mzML,MSV000091754,20200303_ENTACT_RP_RAW,0,,2024-03-26 02:02:55.857000,90333262,86,GNPS,0,0,,,No
mzspec:MSV000091754:ccms_peak/20200303_ENTACT_RP_RAW/ENTACT_pos_508_CE90.mzML,ccms_peak/20200303_ENTACT_RP_RAW/ENTACT_pos_508_CE90.mzML,MSV000091754,20200303_ENTACT_RP_RAW,0,,2024-03-26 02:02:56.172000,90031568,85,GNPS,0,0,,,No
mzspec:MSV000091754:other/RMB-mix/CompoundList/20200303_ENTACT_RP_mix499_compounds.csv,other/RMB-mix/CompoundList/20200303_ENTACT_RP_mix499_compounds.csv,MSV000091754,RMB-mix,0,,2024-03-28 07:34:36.447000,6824,0,GNPS,0,0,,,No
mzspec:MSV000091754:other/RMB-mix/CompoundList/20200303_ENTACT_RP_mix500_compounds.csv,other/RMB-mix/CompoundList/20200303_ENTACT_RP_mix500_compounds.csv,MSV000091754,RMB-mix,0,,2024-03-28 07:35:23.551000,6571,0,GNPS,0,0,,,No
mzspec:MSV000091754:other/RMB-mix/CompoundList/20200303_ENTACT_RP_mix501_compounds.csv,other/RMB-mix/CompoundList/20200303_ENTACT_RP_mix501_compounds.csv,MSV000091754,RMB-mix,0,,2024-04-10 16:51:35.278000,6540,0,GNPS,0,0,,,No
mzspec:MSV000091754:other/RMB-mix/CompoundList/20200303_ENTACT_RP_mix502_compounds.csv,other/RMB-mix/CompoundList/20200303_ENTACT_RP_mix502_compounds.csv,MSV000091754,RMB-mix,0,,2024-03-26 01:19:48.908000,6541,0,GNPS,0,0,,,No
mzspec:MSV000091754:other/RMB-mix/CompoundList/20200303_ENTACT_RP_mix503_compounds.csv,other/RMB-mix/CompoundList/20200303_ENTACT_RP_mix503_compounds.csv,MSV000091754,RMB-mix,0,,2024-03-26 01:19:48.929000,13291,0,GNPS,0,0,,,No
mzspec:MSV000091754:other/RMB-mix/CompoundList/20200303_ENTACT_RP_mix504_compounds.csv,other/RMB-mix/CompoundList/20200303_ENTACT_RP_mix504_compounds.csv,MSV000091754,RMB-mix,0,,2024-03-26 01:19:48.970000,13905,0,GNPS,0,0,,,No
mzspec:MSV000091754:other/RMB-mix/CompoundList/20200303_ENTACT_RP_mix505_compounds.csv,other/RMB-mix/CompoundList/20200303_ENTACT_RP_mix505_compounds.csv,MSV000091754,RMB-mix,0,,2024-03-26 01:19:49.004000,26442,0,GNPS,0,0,,,No
mzspec:MSV000091754:other/RMB-mix/CompoundList/20200303_ENTACT_RP_mix506_compounds.csv,other/RMB-mix/CompoundList/20200303_ENTACT_RP_mix506_compounds.csv,MSV000091754,RMB-mix,0,,2024-04-11 05:45:21.172000,26393,0,GNPS,0,0,,,No
mzspec:MSV000091754:other/RMB-mix/CompoundList/20200303_ENTACT_RP_mix507_compounds.csv,other/RMB-mix/CompoundList/20200303_ENTACT_RP_mix507_compounds.csv,MSV000091754,RMB-mix,0,,2024-03-26 01:19:49.021000,6587,0,GNPS,0,0,,,No
mzspec:MSV000091754:other/RMB-mix/CompoundList/20200303_ENTACT_RP_mix508_compounds.csv,other/RMB-mix/CompoundList/20200303_ENTACT_RP_mix508_compounds.csv,MSV000091754,RMB-mix,0,,2024-03-26 01:19:49.056000,24408,0,GNPS,0,0,,,No
mzspec:MSV000091754:other/RMB-mix/FileTable/20200303_ENTACT_RP_mix499_neg_ftable.csv,other/RMB-mix/FileTable/20200303_ENTACT_RP_mix499_neg_ftable.csv,MSV000091754,RMB-mix,0,,2024-03-28 07:35:53.274000,181015,0,GNPS,0,0,,,No
mzspec:MSV000091754:other/RMB-mix/FileTable/20200303_ENTACT_RP_mix499_pos_ftable.csv,other/RMB-mix/FileTable/20200303_ENTACT_RP_mix499_pos_ftable.csv,MSV000091754,RMB-mix,0,,2024-04-11 16:14:34.274000,186656,0,GNPS,0,0,,,No
mzspec:MSV000091754:other/RMB-mix/FileTable/20200303_ENTACT_RP_mix500_neg_ftable.csv,other/RMB-mix/FileTable/20200303_ENTACT_RP_mix500_neg_ftable.csv,MSV000091754,RMB-mix,0,,2024-03-28 07:37:31.022000,183836,0,GNPS,0,0,,,No
mzspec:MSV000091754:other/RMB-mix/FileTable/20200303_ENTACT_RP_mix500_pos_ftable.csv,other/RMB-mix/FileTable/20200303_ENTACT_RP_mix500_pos_ftable.csv,MSV000091754,RMB-mix,0,,2024-04-11 11:28:30.006000,183085,0,GNPS,0,0,,,No
mzspec:MSV000091754:other/RMB-mix/FileTable/20200303_ENTACT_RP_mix501_neg_ftable.csv,other/RMB-mix/FileTable/20200303_ENTACT_RP_mix501_neg_ftable.csv,MSV000091754,RMB-mix,0,,2024-03-28 07:37:32.948000,186735,0,GNPS,0,0,,,No
mzspec:MSV000091754:other/RMB-mix/FileTable/20200303_ENTACT_RP_mix501_pos_ftable.csv,other/RMB-mix/FileTable/20200303_ENTACT_RP_mix501_pos_ftable.csv,MSV000091754,RMB-mix,0,,2024-03-28 07:37:33.683000,177574,0,GNPS,0,0,,,No
mzspec:MSV000091754:other/RMB-mix/FileTable/20200303_ENTACT_RP_mix502_neg_ftable.csv,other/RMB-mix/FileTable/20200303_ENTACT_RP_mix502_neg_ftable.csv,MSV000091754,RMB-mix,0,,2024-03-28 07:37:34.374000,186623,0,GNPS,0,0,,,No
mzspec:MSV000091754:other/RMB-mix/FileTable/20200303_ENTACT_RP_mix502_pos_ftable.csv,other/RMB-mix/FileTable/20200303_ENTACT_RP_mix502_pos_ftable.csv,MSV000091754,RMB-mix,0,,2024-03-28 07:37:34.602000,186480,0,GNPS,0,0,,,No
mzspec:MSV000091754:other/RMB-mix/FileTable/20200303_ENTACT_RP_mix503_neg_ftable.csv,other/RMB-mix/FileTable/20200303_ENTACT_RP_mix503_neg_ftable.csv,MSV000091754,RMB-mix,0,,2024-03-28 07:37:47.396000,365113,0,GNPS,0,0,,,No
mzspec:MSV000091754:other/RMB-mix/FileTable/20200303_ENTACT_RP_mix503_pos_ftable.csv,other/RMB-mix/FileTable/20200303_ENTACT_RP_mix503_pos_ftable.csv,MSV000091754,RMB-mix,0,,2024-03-28 07:37:24.119000,347389,0,GNPS,0,0,,,No
mzspec:MSV000091754:other/RMB-mix/FileTable/20200303_ENTACT_RP_mix504_neg_ftable.csv,other/RMB-mix/FileTable/20200303_ENTACT_RP_mix504_neg_ftable.csv,MSV000091754,RMB-mix,0,,2024-04-11 14:44:26.098000,366042,0,GNPS,0,0,,,No
mzspec:MSV000091754:other/RMB-mix/FileTable/20200303_ENTACT_RP_mix504_pos_ftable.csv,other/RMB-mix/FileTable/20200303_ENTACT_RP_mix504_pos_ftable.csv,MSV000091754,RMB-mix,0,,2024-04-11 10:19:17.318000,366066,0,GNPS,0,0,,,No
mzspec:MSV000091754:other/RMB-mix/FileTable/20200303_ENTACT_RP_mix505_neg_ftable.csv,other/RMB-mix/FileTable/20200303_ENTACT_RP_mix505_neg_ftable.csv,MSV000091754,RMB-mix,0,,2024-03-28 07:37:22.338000,715960,0,GNPS,0,0,,,No
mzspec:MSV000091754:other/RMB-mix/FileTable/20200303_ENTACT_RP_mix505_pos_ftable.csv,other/RMB-mix/FileTable/20200303_ENTACT_RP_mix505_pos_ftable.csv,MSV000091754,RMB-mix,0,,2024-03-28 07:37:20.747000,680949,0,GNPS,0,0,,,No
mzspec:MSV000091754:other/RMB-mix/FileTable/20200303_ENTACT_RP_mix506_neg_ftable.csv,other/RMB-mix/FileTable/20200303_ENTACT_RP_mix506_neg_ftable.csv,MSV000091754,RMB-mix,0,,2024-03-26 01:19:49.622000,712955,0,GNPS,0,0,,,No
mzspec:MSV000091754:other/RMB-mix/FileTable/20200303_ENTACT_RP_mix506_pos_ftable.csv,other/RMB-mix/FileTable/20200303_ENTACT_RP_mix506_pos_ftable.csv,MSV000091754,RMB-mix,0,,2024-03-28 07:37:19.214000,678209,0,GNPS,0,0,,,No
mzspec:MSV000091754:other/RMB-mix/FileTable/20200303_ENTACT_RP_mix507_neg_ftable.csv,other/RMB-mix/FileTable/20200303_ENTACT_RP_mix507_neg_ftable.csv,MSV000091754,RMB-mix,0,,2024-03-28 07:37:18.268000,188007,0,GNPS,0,0,,,No
mzspec:MSV000091754:other/RMB-mix/FileTable/20200303_ENTACT_RP_mix507_pos_ftable.csv,other/RMB-mix/FileTable/20200303_ENTACT_RP_mix507_pos_ftable.csv,MSV000091754,RMB-mix,0,,2024-03-28 07:37:15.890000,186764,0,GNPS,0,0,,,No
mzspec:MSV000091754:other/RMB-mix/FileTable/20200303_ENTACT_RP_mix508_neg_ftable.csv,other/RMB-mix/FileTable/20200303_ENTACT_RP_mix508_neg_ftable.csv,MSV000091754,RMB-mix,0,,2024-03-26 01:19:49.730000,718262,0,GNPS,0,0,,,No
mzspec:MSV000091754:other/RMB-mix/FileTable/20200303_ENTACT_RP_mix508_pos_ftable.csv,other/RMB-mix/FileTable/20200303_ENTACT_RP_mix508_pos_ftable.csv,MSV000091754,RMB-mix,0,,2024-03-26 01:19:49.801000,683627,0,GNPS,0,0,,,No
mzspec:MSV000091754:other/RMB-mix/SetID/20190812_ENTACT_RP_MIX500_set_ID.csv,other/RMB-mix/SetID/20190812_ENTACT_RP_MIX500_set_ID.csv,MSV000091754,RMB-mix,0,,2024-03-26 01:19:49.823000,6627,0,GNPS,0,0,,,No
mzspec:MSV000091754:other/RMB-mix/SetID/20190812_ENTACT_RP_mix501_set_ID.csv,other/RMB-mix/SetID/20190812_ENTACT_RP_mix501_set_ID.csv,MSV000091754,RMB-mix,0,,2024-03-26 01:19:49.828000,6478,0,GNPS,0,0,,,No
mzspec:MSV000091754:other/RMB-mix/SetID/20190812_ENTACT_RP_mix507_set_ID.csv,other/RMB-mix/SetID/20190812_ENTACT_RP_mix507_set_ID.csv,MSV000091754,RMB-mix,0,,2024-03-26 01:19:49.848000,6664,0,GNPS,0,0,,,No
mzspec:MSV000091754:other/RMB-mix/SetID/20190812_Entact_RP_mix499_set_ID.csv,other/RMB-mix/SetID/20190812_Entact_RP_mix499_set_ID.csv,MSV000091754,RMB-mix,0,,2024-03-26 01:19:49.890000,6472,0,GNPS,0,0,,,No
mzspec:MSV000091754:other/RMB-mix/SetID/20190812_Entact_RP_mix502_set_ID.csv,other/RMB-mix/SetID/20190812_Entact_RP_mix502_set_ID.csv,MSV000091754,RMB-mix,0,,2024-03-26 01:19:49.911000,6446,0,GNPS,0,0,,,No
mzspec:MSV000091754:other/RMB-mix/SetID/20190812_Entact_RP_mix503_set_ID.csv,other/RMB-mix/SetID/20190812_Entact_RP_mix503_set_ID.csv,MSV000091754,RMB-mix,0,,2024-03-26 01:19:49.939000,12698,0,GNPS,0,0,,,No
mzspec:MSV000091754:other/RMB-mix/SetID/20190812_Entact_RP_mix505_set_ID.csv,other/RMB-mix/SetID/20190812_Entact_RP_mix505_set_ID.csv,MSV000091754,RMB-mix,0,,2024-03-26 01:19:49.978000,24088,0,GNPS,0,0,,,No
mzspec:MSV000091754:other/RMB-mix/SetID/20190812_Entact_RP_mix506_set_ID.csv,other/RMB-mix/SetID/20190812_Entact_RP_mix506_set_ID.csv,MSV000091754,RMB-mix,0,,2024-03-26 01:19:49.994000,23060,0,GNPS,0,0,,,No
mzspec:MSV000091754:other/RMB-mix/SetID/20200303_ENTACT_RP_mix500_set_ID.csv,other/RMB-mix/SetID/20200303_ENTACT_RP_mix500_set_ID.csv,MSV000091754,RMB-mix,0,,2024-03-26 01:19:50.010000,6650,0,GNPS,0,0,,,No
mzspec:MSV000091754:other/RMB-mix/SetID/20200303_ENTACT_RP_mix504_set_ID.csv,other/RMB-mix/SetID/20200303_ENTACT_RP_mix504_set_ID.csv,MSV000091754,RMB-mix,0,,2024-03-26 01:19:50.044000,13052,0,GNPS,0,0,,,No
mzspec:MSV000091754:other/RMB-mix/SetID/20200303_ENTACT_RP_mix508_set_ID.csv,other/RMB-mix/SetID/20200303_ENTACT_RP_mix508_set_ID.csv,MSV000091754,RMB-mix,0,,2024-03-26 01:19:50.047000,25088,0,GNPS,0,0,,,No
mzspec:MSV000091754:other/RMB-mix/SetID/new508.csv,other/RMB-mix/SetID/new508.csv,MSV000091754,RMB-mix,0,,2024-03-26 01:19:50.063000,9707,0,GNPS,0,0,,,No
mzspec:MSV000091754:other/RMB-mix/mix499_neg_inflolist.csv,other/RMB-mix/mix499_neg_inflolist.csv,MSV000091754,RMB-mix,0,,2024-03-26 01:19:48.211000,21484,0,GNPS,0,0,,,No
mzspec:MSV000091754:other/RMB-mix/mix499_pos_inflolist.csv,other/RMB-mix/mix499_pos_inflolist.csv,MSV000091754,RMB-mix,0,,2024-03-26 01:19:48.250000,22092,0,GNPS,0,0,,,No
mzspec:MSV000091754:other/RMB-mix/mix500_neg_inflolist.csv,other/RMB-mix/mix500_neg_inflolist.csv,MSV000091754,RMB-mix,0,,2024-03-26 01:19:48.300000,13276,0,GNPS,0,0,,,No
mzspec:MSV000091754:other/RMB-mix/mix500_pos_inflolist.csv,other/RMB-mix/mix500_pos_inflolist.csv,MSV000091754,RMB-mix,0,,2024-03-26 01:19:48.327000,18125,0,GNPS,0,0,,,No
mzspec:MSV000091754:other/RMB-mix/mix501_neg_inflolist.csv,other/RMB-mix/mix501_neg_inflolist.csv,MSV000091754,RMB-mix,0,,2024-03-26 01:19:48.353000,18007,0,GNPS,0,0,,,No
mzspec:MSV000091754:other/RMB-mix/mix501_pos_inflolist.csv,other/RMB-mix/mix501_pos_inflolist.csv,MSV000091754,RMB-mix,0,,2024-03-26 01:19:48.390000,18217,0,GNPS,0,0,,,No
mzspec:MSV000091754:other/RMB-mix/mix502_neg_inflolist.csv,other/RMB-mix/mix502_neg_inflolist.csv,MSV000091754,RMB-mix,0,,2024-03-26 01:19:48.423000,15689,0,GNPS,0,0,,,No
mzspec:MSV000091754:other/RMB-mix/mix502_pos_inflolist.csv,other/RMB-mix/mix502_pos_inflolist.csv,MSV000091754,RMB-mix,0,,2024-03-26 01:19:48.458000,17318,0,GNPS,0,0,,,No
mzspec:MSV000091754:other/RMB-mix/mix503_neg_inflolist.csv,other/RMB-mix/mix503_neg_inflolist.csv,MSV000091754,RMB-mix,0,,2024-03-26 01:19:48.481000,35439,0,GNPS,0,0,,,No
mzspec:MSV000091754:other/RMB-mix/mix503_pos_inflolist.csv,other/RMB-mix/mix503_pos_inflolist.csv,MSV000091754,RMB-mix,0,,2024-03-26 01:19:48.517000,43084,0,GNPS,0,0,,,No
mzspec:MSV000091754:other/RMB-mix/mix504_neg_inflolist.csv,other/RMB-mix/mix504_neg_inflolist.csv,MSV000091754,RMB-mix,0,,2024-03-26 01:19:48.534000,30283,0,GNPS,0,0,,,No
mzspec:MSV000091754:other/RMB-mix/mix504_pos_inflolist.csv,other/RMB-mix/mix504_pos_inflolist.csv,MSV000091754,RMB-mix,0,,2024-03-26 01:19:48.551000,45239,0,GNPS,0,0,,,No
mzspec:MSV000091754:other/RMB-mix/mix505_neg_inflolist.csv,other/RMB-mix/mix505_neg_inflolist.csv,MSV000091754,RMB-mix,0,,2024-03-26 01:19:48.554000,79871,0,GNPS,0,0,,,No
mzspec:MSV000091754:other/RMB-mix/mix505_pos_inflolist.csv,other/RMB-mix/mix505_pos_inflolist.csv,MSV000091754,RMB-mix,0,,2024-03-26 01:19:48.603000,90410,0,GNPS,0,0,,,No
mzspec:MSV000091754:other/RMB-mix/mix506_neg_inflolist.csv,other/RMB-mix/mix506_neg_inflolist.csv,MSV000091754,RMB-mix,0,,2024-03-26 01:19:48.626000,62589,0,GNPS,0,0,,,No
mzspec:MSV000091754:other/RMB-mix/mix506_pos_inflolist.csv,other/RMB-mix/mix506_pos_inflolist.csv,MSV000091754,RMB-mix,0,,2024-03-26 01:19:48.665000,96395,0,GNPS,0,0,,,No
mzspec:MSV000091754:other/RMB-mix/mix507_neg_inflolist.csv,other/RMB-mix/mix507_neg_inflolist.csv,MSV000091754,RMB-mix,0,,2024-03-26 01:19:48.699000,20294,0,GNPS,0,0,,,No
mzspec:MSV000091754:other/RMB-mix/mix507_pos_inflolist.csv,other/RMB-mix/mix507_pos_inflolist.csv,MSV000091754,RMB-mix,0,,2024-03-26 01:19:48.740000,19405,0,GNPS,0,0,,,No
mzspec:MSV000091754:other/RMB-mix/mix508_neg_inflolist.csv,other/RMB-mix/mix508_neg_inflolist.csv,MSV000091754,RMB-mix,0,,2024-03-26 01:19:48.780000,64916,0,GNPS,0,0,,,No
mzspec:MSV000091754:other/RMB-mix/mix508_pos_inflolist.csv,other/RMB-mix/mix508_pos_inflolist.csv,MSV000091754,RMB-mix,0,,2024-03-26 01:19:48.792000,83912,0,GNPS,0,0,,,No
mzspec:MSV000091754:other/RMB-mix/settings.ini,other/RMB-mix/settings.ini,MSV000091754,RMB-mix,0,,2024-03-26 01:19:48.807000,1738,0,GNPS,0,0,,,No
mzspec:MSV000091754:other/Shinyscreen/20200303_ENTACT_RP_mix499_neg_ftable.csv,other/Shinyscreen/20200303_ENTACT_RP_mix499_neg_ftable.csv,MSV000091754,Shinyscreen,0,,2024-03-26 01:22:04.970000,181015,0,GNPS,0,0,,,No
mzspec:MSV000091754:other/Shinyscreen/20200303_ENTACT_RP_mix499_neg_plot.pdf,other/Shinyscreen/20200303_ENTACT_RP_mix499_neg_plot.pdf,MSV000091754,Shinyscreen,0,,2024-03-26 01:22:05.057000,5949187,5,GNPS,0,0,,,No
mzspec:MSV000091754:other/Shinyscreen/20200303_ENTACT_RP_mix499_pos_ftable.csv,other/Shinyscreen/20200303_ENTACT_RP_mix499_pos_ftable.csv,MSV000091754,Shinyscreen,0,,2024-03-26 01:22:05.096000,186656,0,GNPS,0,0,,,No
mzspec:MSV000091754:other/Shinyscreen/20200303_ENTACT_RP_mix499_pos_plot.pdf,other/Shinyscreen/20200303_ENTACT_RP_mix499_pos_plot.pdf,MSV000091754,Shinyscreen,0,,2024-03-26 01:22:05.163000,5590862,5,GNPS,0,0,,,No
mzspec:MSV000091754:other/Shinyscreen/20200303_ENTACT_RP_mix500_neg_ftable.csv,other/Shinyscreen/20200303_ENTACT_RP_mix500_neg_ftable.csv,MSV000091754,Shinyscreen,0,,2024-03-26 01:22:05.180000,183836,0,GNPS,0,0,,,No
mzspec:MSV000091754:other/Shinyscreen/20200303_ENTACT_RP_mix500_neg_plot.pdf,other/Shinyscreen/20200303_ENTACT_RP_mix500_neg_plot.pdf,MSV000091754,Shinyscreen,0,,2024-03-26 01:22:05.242000,5806188,5,GNPS,0,0,,,No
mzspec:MSV000091754:other/Shinyscreen/20200303_ENTACT_RP_mix500_pos_ftable.csv,other/Shinyscreen/20200303_ENTACT_RP_mix500_pos_ftable.csv,MSV000091754,Shinyscreen,0,,2024-03-26 01:22:05.265000,183085,0,GNPS,0,0,,,No
mzspec:MSV000091754:other/Shinyscreen/20200303_ENTACT_RP_mix500_pos_plot.pdf,other/Shinyscreen/20200303_ENTACT_RP_mix500_pos_plot.pdf,MSV000091754,Shinyscreen,0,,2024-03-26 01:22:05.390000,5505775,5,GNPS,0,0,,,No
mzspec:MSV000091754:other/Shinyscreen/20200303_ENTACT_RP_mix501_neg_ftable.csv,other/Shinyscreen/20200303_ENTACT_RP_mix501_neg_ftable.csv,MSV000091754,Shinyscreen,0,,2024-03-26 01:22:05.405000,186735,0,GNPS,0,0,,,No
mzspec:MSV000091754:other/Shinyscreen/20200303_ENTACT_RP_mix501_neg_plot.pdf,other/Shinyscreen/20200303_ENTACT_RP_mix501_neg_plot.pdf,MSV000091754,Shinyscreen,0,,2024-03-26 01:22:05.501000,5896061,5,GNPS,0,0,,,No
mzspec:MSV000091754:other/Shinyscreen/20200303_ENTACT_RP_mix501_pos_ftable.csv,other/Shinyscreen/20200303_ENTACT_RP_mix501_pos_ftable.csv,MSV000091754,Shinyscreen,0,,2024-03-26 01:22:05.530000,177574,0,GNPS,0,0,,,No
mzspec:MSV000091754:other/Shinyscreen/20200303_ENTACT_RP_mix501_pos_plot.pdf,other/Shinyscreen/20200303_ENTACT_RP_mix501_pos_plot.pdf,MSV000091754,Shinyscreen,0,,2024-03-26 01:22:05.624000,5544971,5,GNPS,0,0,,,No
mzspec:MSV000091754:other/Shinyscreen/20200303_ENTACT_RP_mix502_neg_ftable.csv,other/Shinyscreen/20200303_ENTACT_RP_mix502_neg_ftable.csv,MSV000091754,Shinyscreen,0,,2024-03-26 01:22:05.644000,186623,0,GNPS,0,0,,,No
mzspec:MSV000091754:other/Shinyscreen/20200303_ENTACT_RP_mix502_neg_plot.pdf,other/Shinyscreen/20200303_ENTACT_RP_mix502_neg_plot.pdf,MSV000091754,Shinyscreen,0,,2024-03-26 01:22:05.731000,5870931,5,GNPS,0,0,,,No
mzspec:MSV000091754:other/Shinyscreen/20200303_ENTACT_RP_mix502_pos_ftable.csv,other/Shinyscreen/20200303_ENTACT_RP_mix502_pos_ftable.csv,MSV000091754,Shinyscreen,0,,2024-03-26 01:22:05.759000,186480,0,GNPS,0,0,,,No
mzspec:MSV000091754:other/Shinyscreen/20200303_ENTACT_RP_mix502_pos_plot.pdf,other/Shinyscreen/20200303_ENTACT_RP_mix502_pos_plot.pdf,MSV000091754,Shinyscreen,0,,2024-03-26 01:22:05.812000,5494934,5,GNPS,0,0,,,No
mzspec:MSV000091754:other/Shinyscreen/20200303_ENTACT_RP_mix503_neg_ftable.csv,other/Shinyscreen/20200303_ENTACT_RP_mix503_neg_ftable.csv,MSV000091754,Shinyscreen,0,,2024-03-26 01:22:05.848000,365113,0,GNPS,0,0,,,No
mzspec:MSV000091754:other/Shinyscreen/20200303_ENTACT_RP_mix503_neg_plot.pdf,other/Shinyscreen/20200303_ENTACT_RP_mix503_neg_plot.pdf,MSV000091754,Shinyscreen,0,,2024-03-26 01:22:05.960000,11511295,10,GNPS,0,0,,,No
mzspec:MSV000091754:other/Shinyscreen/20200303_ENTACT_RP_mix503_pos_ftable.csv,other/Shinyscreen/20200303_ENTACT_RP_mix503_pos_ftable.csv,MSV000091754,Shinyscreen,0,,2024-03-26 01:22:06.004000,347389,0,GNPS,0,0,,,No
mzspec:MSV000091754:other/Shinyscreen/20200303_ENTACT_RP_mix503_pos_plot.pdf,other/Shinyscreen/20200303_ENTACT_RP_mix503_pos_plot.pdf,MSV000091754,Shinyscreen,0,,2024-03-26 01:22:06.125000,10832674,10,GNPS,0,0,,,No
mzspec:MSV000091754:other/Shinyscreen/20200303_ENTACT_RP_mix504_neg_ftable.csv,other/Shinyscreen/20200303_ENTACT_RP_mix504_neg_ftable.csv,MSV000091754,Shinyscreen,0,,2024-03-26 01:22:06.131000,366042,0,GNPS,0,0,,,No
mzspec:MSV000091754:other/Shinyscreen/20200303_ENTACT_RP_mix504_neg_plot.pdf,other/Shinyscreen/20200303_ENTACT_RP_mix504_neg_plot.pdf,MSV000091754,Shinyscreen,0,,2024-03-26 01:22:06.248000,11421381,10,GNPS,0,0,,,No
mzspec:MSV000091754:other/Shinyscreen/20200303_ENTACT_RP_mix504_pos_ftable.csv,other/Shinyscreen/20200303_ENTACT_RP_mix504_pos_ftable.csv,MSV000091754,Shinyscreen,0,,2024-03-26 01:22:06.272000,366066,0,GNPS,0,0,,,No
mzspec:MSV000091754:other/Shinyscreen/20200303_ENTACT_RP_mix504_pos_plot.pdf,other/Shinyscreen/20200303_ENTACT_RP_mix504_pos_plot.pdf,MSV000091754,Shinyscreen,0,,2024-03-26 01:22:06.375000,10810046,10,GNPS,0,0,,,No
mzspec:MSV000091754:other/Shinyscreen/20200303_ENTACT_RP_mix505_neg_ftable.csv,other/Shinyscreen/20200303_ENTACT_RP_mix505_neg_ftable.csv,MSV000091754,Shinyscreen,0,,2024-03-26 01:22:06.410000,715960,0,GNPS,0,0,,,No
mzspec:MSV000091754:other/Shinyscreen/20200303_ENTACT_RP_mix505_neg_plot.pdf,other/Shinyscreen/20200303_ENTACT_RP_mix505_neg_plot.pdf,MSV000091754,Shinyscreen,0,,2024-03-26 01:22:06.611000,22742868,21,GNPS,0,0,,,No
mzspec:MSV000091754:other/Shinyscreen/20200303_ENTACT_RP_mix505_pos_ftable.csv,other/Shinyscreen/20200303_ENTACT_RP_mix505_pos_ftable.csv,MSV000091754,Shinyscreen,0,,2024-03-26 01:22:06.656000,680949,0,GNPS,0,0,,,No
mzspec:MSV000091754:other/Shinyscreen/20200303_ENTACT_RP_mix505_pos_plot.pdf,other/Shinyscreen/20200303_ENTACT_RP_mix505_pos_plot.pdf,MSV000091754,Shinyscreen,0,,2024-03-26 01:22:06.830000,21452319,20,GNPS,0,0,,,No
mzspec:MSV000091754:other/Shinyscreen/20200303_ENTACT_RP_mix506_neg_ftable.csv,other/Shinyscreen/20200303_ENTACT_RP_mix506_neg_ftable.csv,MSV000091754,Shinyscreen,0,,2024-03-26 01:22:06.884000,712955,0,GNPS,0,0,,,No
mzspec:MSV000091754:other/Shinyscreen/20200303_ENTACT_RP_mix506_neg_plot.pdf,other/Shinyscreen/20200303_ENTACT_RP_mix506_neg_plot.pdf,MSV000091754,Shinyscreen,0,,2024-03-26 01:22:07.054000,22501403,21,GNPS,0,0,,,No
mzspec:MSV000091754:other/Shinyscreen/20200303_ENTACT_RP_mix506_pos_ftable.csv,other/Shinyscreen/20200303_ENTACT_RP_mix506_pos_ftable.csv,MSV000091754,Shinyscreen,0,,2024-03-26 01:22:07.073000,678209,0,GNPS,0,0,,,No
mzspec:MSV000091754:other/Shinyscreen/20200303_ENTACT_RP_mix506_pos_plot.pdf,other/Shinyscreen/20200303_ENTACT_RP_mix506_pos_plot.pdf,MSV000091754,Shinyscreen,0,,2024-03-26 01:22:07.227000,21319684,20,GNPS,0,0,,,No
mzspec:MSV000091754:other/Shinyscreen/20200303_ENTACT_RP_mix507_neg_ftable.csv,other/Shinyscreen/20200303_ENTACT_RP_mix507_neg_ftable.csv,MSV000091754,Shinyscreen,0,,2024-03-26 01:22:07.257000,188007,0,GNPS,0,0,,,No
mzspec:MSV000091754:other/Shinyscreen/20200303_ENTACT_RP_mix507_neg_plot.pdf,other/Shinyscreen/20200303_ENTACT_RP_mix507_neg_plot.pdf,MSV000091754,Shinyscreen,0,,2024-03-26 01:22:07.314000,5957549,5,GNPS,0,0,,,No
mzspec:MSV000091754:other/Shinyscreen/20200303_ENTACT_RP_mix507_pos_ftable.csv,other/Shinyscreen/20200303_ENTACT_RP_mix507_pos_ftable.csv,MSV000091754,Shinyscreen,0,,2024-03-26 01:22:07.317000,186764,0,GNPS,0,0,,,No
mzspec:MSV000091754:other/Shinyscreen/20200303_ENTACT_RP_mix507_pos_plot.pdf,other/Shinyscreen/20200303_ENTACT_RP_mix507_pos_plot.pdf,MSV000091754,Shinyscreen,0,,2024-03-26 01:22:07.355000,5522553,5,GNPS,0,0,,,No
mzspec:MSV000091754:other/Shinyscreen/20200303_ENTACT_RP_mix508_neg_ftable.csv,other/Shinyscreen/20200303_ENTACT_RP_mix508_neg_ftable.csv,MSV000091754,Shinyscreen,0,,2024-03-26 01:22:07.374000,718262,0,GNPS,0,0,,,No
mzspec:MSV000091754:other/Shinyscreen/20200303_ENTACT_RP_mix508_neg_plot.pdf,other/Shinyscreen/20200303_ENTACT_RP_mix508_neg_plot.pdf,MSV000091754,Shinyscreen,0,,2024-03-26 01:22:07.546000,22425622,21,GNPS,0,0,,,No
mzspec:MSV000091754:other/Shinyscreen/20200303_ENTACT_RP_mix508_pos_ftable.csv,other/Shinyscreen/20200303_ENTACT_RP_mix508_pos_ftable.csv,MSV000091754,Shinyscreen,0,,2024-03-26 01:22:07.598000,683627,0,GNPS,0,0,,,No
mzspec:MSV000091754:other/Shinyscreen/20200303_ENTACT_RP_mix508_pos_plot.pdf,other/Shinyscreen/20200303_ENTACT_RP_mix508_pos_plot.pdf,MSV000091754,Shinyscreen,0,,2024-03-26 01:22:07.734000,21128323,20,GNPS,0,0,,,No
mzspec:MSV000091754:other/Unblinded_files/Mix499_CmpdList.csv,other/Unblinded_files/Mix499_CmpdList.csv,MSV000091754,Unblinded_files,0,,2024-03-26 01:22:07.775000,19201,0,GNPS,0,0,,,No
mzspec:MSV000091754:other/Unblinded_files/Mix499_CmpdList.xlsx,other/Unblinded_files/Mix499_CmpdList.xlsx,MSV000091754,Unblinded_files,0,,2024-03-26 01:22:07.797000,22057,0,GNPS,0,0,,,No
mzspec:MSV000091754:other/Unblinded_files/Mix500_CmpdList.csv,other/Unblinded_files/Mix500_CmpdList.csv,MSV000091754,Unblinded_files,0,,2024-03-26 01:22:07.822000,19105,0,GNPS,0,0,,,No
mzspec:MSV000091754:other/Unblinded_files/Mix500_CmpdList.xlsx,other/Unblinded_files/Mix500_CmpdList.xlsx,MSV000091754,Unblinded_files,0,,2024-03-26 01:22:07.866000,21488,0,GNPS,0,0,,,No
mzspec:MSV000091754:other/Unblinded_files/Mix501_CmpdList.csv,other/Unblinded_files/Mix501_CmpdList.csv,MSV000091754,Unblinded_files,0,,2024-03-26 01:22:07.911000,17968,0,GNPS,0,0,,,No
mzspec:MSV000091754:other/Unblinded_files/Mix501_CmpdList.xlsx,other/Unblinded_files/Mix501_CmpdList.xlsx,MSV000091754,Unblinded_files,0,,2024-03-26 01:22:07.935000,19911,0,GNPS,0,0,,,No
mzspec:MSV000091754:other/Unblinded_files/Mix502_CmpdList.csv,other/Unblinded_files/Mix502_CmpdList.csv,MSV000091754,Unblinded_files,0,,2024-03-26 01:22:07.977000,18901,0,GNPS,0,0,,,No
mzspec:MSV000091754:other/Unblinded_files/Mix502_CmpdList.xlsx,other/Unblinded_files/Mix502_CmpdList.xlsx,MSV000091754,Unblinded_files,0,,2024-03-26 01:22:07.998000,21236,0,GNPS,0,0,,,No
mzspec:MSV000091754:other/Unblinded_files/Mix503_CmpdList.csv,other/Unblinded_files/Mix503_CmpdList.csv,MSV000091754,Unblinded_files,0,,2024-03-26 01:22:08.022000,37540,0,GNPS,0,0,,,No
mzspec:MSV000091754:other/Unblinded_files/Mix503_CmpdList.xlsx,other/Unblinded_files/Mix503_CmpdList.xlsx,MSV000091754,Unblinded_files,0,,2024-03-26 01:22:08.044000,33745,0,GNPS,0,0,,,No
mzspec:MSV000091754:other/Unblinded_files/Mix504_CmpdList.csv,other/Unblinded_files/Mix504_CmpdList.csv,MSV000091754,Unblinded_files,0,,2024-03-26 01:22:08.062000,38525,0,GNPS,0,0,,,No
mzspec:MSV000091754:other/Unblinded_files/Mix504_CmpdList.xlsx,other/Unblinded_files/Mix504_CmpdList.xlsx,MSV000091754,Unblinded_files,0,,2024-03-26 01:22:08.093000,34151,0,GNPS,0,0,,,No
mzspec:MSV000091754:other/Unblinded_files/Mix505_CmpdList.csv,other/Unblinded_files/Mix505_CmpdList.csv,MSV000091754,Unblinded_files,0,,2024-03-26 01:22:08.118000,76226,0,GNPS,0,0,,,No
mzspec:MSV000091754:other/Unblinded_files/Mix505_CmpdList.xlsx,other/Unblinded_files/Mix505_CmpdList.xlsx,MSV000091754,Unblinded_files,0,,2024-03-26 01:22:08.140000,59228,0,GNPS,0,0,,,No
mzspec:MSV000091754:other/Unblinded_files/Mix506_CmpdList.csv,other/Unblinded_files/Mix506_CmpdList.csv,MSV000091754,Unblinded_files,0,,2024-03-26 01:22:08.163000,75804,0,GNPS,0,0,,,No
mzspec:MSV000091754:other/Unblinded_files/Mix506_CmpdList.xlsx,other/Unblinded_files/Mix506_CmpdList.xlsx,MSV000091754,Unblinded_files,0,,2024-03-26 01:22:08.173000,58527,0,GNPS,0,0,,,No
mzspec:MSV000091754:other/Unblinded_files/Mix507_CmpdList.csv,other/Unblinded_files/Mix507_CmpdList.csv,MSV000091754,Unblinded_files,0,,2024-03-26 01:22:08.192000,18492,0,GNPS,0,0,,,No
mzspec:MSV000091754:other/Unblinded_files/Mix507_CmpdList.xlsx,other/Unblinded_files/Mix507_CmpdList.xlsx,MSV000091754,Unblinded_files,0,,2024-03-26 01:22:08.226000,20464,0,GNPS,0,0,,,No
mzspec:MSV000091754:other/Unblinded_files/Mix508_CmpdList.csv,other/Unblinded_files/Mix508_CmpdList.csv,MSV000091754,Unblinded_files,0,,2024-03-26 01:22:08.252000,69756,0,GNPS,0,0,,,No
mzspec:MSV000091754:other/Unblinded_files/Mix508_CmpdList.xlsx,other/Unblinded_files/Mix508_CmpdList.xlsx,MSV000091754,Unblinded_files,0,,2024-03-26 01:22:08.278000,55052,0,GNPS,0,0,,,No
mzspec:MSV000091754:other/shinyscreen/CompoundList/20190923_MASTER_compounds.csv,other/shinyscreen/CompoundList/20190923_MASTER_compounds.csv,MSV000091754,shinyscreen,0,,2024-03-26 01:22:08.282000,91709,0,GNPS,0,0,,,No
mzspec:MSV000091754:other/shinyscreen/SetID/20190812_ENTACT_RP_MIX500_set_ID.csv,other/shinyscreen/SetID/20190812_ENTACT_RP_MIX500_set_ID.csv,MSV000091754,shinyscreen,0,,2024-03-26 01:22:08.327000,6627,0,GNPS,0,0,,,No
mzspec:MSV000091754:other/shinyscreen/SetID/20190812_ENTACT_RP_mix501_set_ID.csv,other/shinyscreen/SetID/20190812_ENTACT_RP_mix501_set_ID.csv,MSV000091754,shinyscreen,0,,2024-03-26 01:22:08.328000,6478,0,GNPS,0,0,,,No
mzspec:MSV000091754:other/shinyscreen/SetID/20190812_ENTACT_RP_mix507_set_ID.csv,other/shinyscreen/SetID/20190812_ENTACT_RP_mix507_set_ID.csv,MSV000091754,shinyscreen,0,,2024-03-26 01:22:08.348000,6664,0,GNPS,0,0,,,No
mzspec:MSV000091754:other/shinyscreen/SetID/20190812_Entact_RP_mix499_set_ID.csv,other/shinyscreen/SetID/20190812_Entact_RP_mix499_set_ID.csv,MSV000091754,shinyscreen,0,,2024-03-26 01:22:08.366000,6472,0,GNPS,0,0,,,No
mzspec:MSV000091754:other/shinyscreen/SetID/20190812_Entact_RP_mix502_set_ID.csv,other/shinyscreen/SetID/20190812_Entact_RP_mix502_set_ID.csv,MSV000091754,shinyscreen,0,,2024-03-26 01:22:08.382000,6446,0,GNPS,0,0,,,No
mzspec:MSV000091754:other/shinyscreen/SetID/20190812_Entact_RP_mix503_set_ID.csv,other/shinyscreen/SetID/20190812_Entact_RP_mix503_set_ID.csv,MSV000091754,shinyscreen,0,,2024-03-26 01:22:08.384000,12698,0,GNPS,0,0,,,No
mzspec:MSV000091754:other/shinyscreen/SetID/20190812_Entact_RP_mix505_set_ID.csv,other/shinyscreen/SetID/20190812_Entact_RP_mix505_set_ID.csv,MSV000091754,shinyscreen,0,,2024-03-26 01:22:08.407000,24088,0,GNPS,0,0,,,No
mzspec:MSV000091754:other/shinyscreen/SetID/20190812_Entact_RP_mix506_set_ID.csv,other/shinyscreen/SetID/20190812_Entact_RP_mix506_set_ID.csv,MSV000091754,shinyscreen,0,,2024-03-26 01:22:08.428000,23060,0,GNPS,0,0,,,No
mzspec:MSV000091754:other/shinyscreen/SetID/20200303_ENTACT_RP_mix500_set_ID.csv,other/shinyscreen/SetID/20200303_ENTACT_RP_mix500_set_ID.csv,MSV000091754,shinyscreen,0,,2024-03-26 01:22:08.449000,6650,0,GNPS,0,0,,,No
mzspec:MSV000091754:other/shinyscreen/SetID/20200303_ENTACT_RP_mix504_set_ID.csv,other/shinyscreen/SetID/20200303_ENTACT_RP_mix504_set_ID.csv,MSV000091754,shinyscreen,0,,2024-03-26 01:22:08.474000,13052,0,GNPS,0,0,,,No
mzspec:MSV000091754:other/shinyscreen/SetID/20200303_ENTACT_RP_mix508_set_ID.csv,other/shinyscreen/SetID/20200303_ENTACT_RP_mix508_set_ID.csv,MSV000091754,shinyscreen,0,,2024-03-26 01:22:08.496000,25088,0,GNPS,0,0,,,No
mzspec:MSV000091754:other/shinyscreen/SetID/new508.csv,other/shinyscreen/SetID/new508.csv,MSV000091754,shinyscreen,0,,2024-03-26 01:22:08.515000,9707,0,GNPS,0,0,,,No
mzspec:MSV000091754:peak/20190812_ENTACT_RP_mzML/entact_RP_neg_CE15_499.mzML,peak/20190812_ENTACT_RP_mzML/entact_RP_neg_CE15_499.mzML,MSV000091754,20190812_ENTACT_RP_mzML,0,,2024-03-26 01:27:13.057000,99454780,94,GNPS,0,0,,,No
mzspec:MSV000091754:peak/20190812_ENTACT_RP_mzML/entact_RP_neg_CE15_500.mzML,peak/20190812_ENTACT_RP_mzML/entact_RP_neg_CE15_500.mzML,MSV000091754,20190812_ENTACT_RP_mzML,0,,2024-03-26 01:27:13.496000,98567228,94,GNPS,0,0,,,No
mzspec:MSV000091754:peak/20190812_ENTACT_RP_mzML/entact_RP_neg_CE15_501.mzML,peak/20190812_ENTACT_RP_mzML/entact_RP_neg_CE15_501.mzML,MSV000091754,20190812_ENTACT_RP_mzML,0,,2024-03-26 01:27:13.874000,98447399,93,GNPS,0,0,,,No
mzspec:MSV000091754:peak/20190812_ENTACT_RP_mzML/entact_RP_neg_CE15_502.mzML,peak/20190812_ENTACT_RP_mzML/entact_RP_neg_CE15_502.mzML,MSV000091754,20190812_ENTACT_RP_mzML,0,,2024-03-26 01:27:14.288000,98632033,94,GNPS,0,0,,,No
mzspec:MSV000091754:peak/20190812_ENTACT_RP_mzML/entact_RP_neg_CE15_503.mzML,peak/20190812_ENTACT_RP_mzML/entact_RP_neg_CE15_503.mzML,MSV000091754,20190812_ENTACT_RP_mzML,0,,2024-03-26 01:27:14.699000,96616793,92,GNPS,0,0,,,No
mzspec:MSV000091754:peak/20190812_ENTACT_RP_mzML/entact_RP_neg_CE15_504.mzML,peak/20190812_ENTACT_RP_mzML/entact_RP_neg_CE15_504.mzML,MSV000091754,20190812_ENTACT_RP_mzML,0,,2024-03-26 01:27:15.117000,97105402,92,GNPS,0,0,,,No
mzspec:MSV000091754:peak/20190812_ENTACT_RP_mzML/entact_RP_neg_CE15_505.mzML,peak/20190812_ENTACT_RP_mzML/entact_RP_neg_CE15_505.mzML,MSV000091754,20190812_ENTACT_RP_mzML,0,,2024-03-26 01:27:15.564000,95023960,90,GNPS,0,0,,,No
mzspec:MSV000091754:peak/20190812_ENTACT_RP_mzML/entact_RP_neg_CE15_506.mzML,peak/20190812_ENTACT_RP_mzML/entact_RP_neg_CE15_506.mzML,MSV000091754,20190812_ENTACT_RP_mzML,0,,2024-03-26 01:27:15.999000,94719071,90,GNPS,0,0,,,No
mzspec:MSV000091754:peak/20190812_ENTACT_RP_mzML/entact_RP_neg_CE15_507.mzML,peak/20190812_ENTACT_RP_mzML/entact_RP_neg_CE15_507.mzML,MSV000091754,20190812_ENTACT_RP_mzML,0,,2024-03-26 01:27:16.356000,95615744,91,GNPS,0,0,,,No
mzspec:MSV000091754:peak/20190812_ENTACT_RP_mzML/entact_RP_neg_CE15_508.mzML,peak/20190812_ENTACT_RP_mzML/entact_RP_neg_CE15_508.mzML,MSV000091754,20190812_ENTACT_RP_mzML,0,,2024-03-26 01:27:16.784000,95113953,90,GNPS,0,0,,,No
mzspec:MSV000091754:peak/20190812_ENTACT_RP_mzML/entact_RP_neg_CE30_499.mzML,peak/20190812_ENTACT_RP_mzML/entact_RP_neg_CE30_499.mzML,MSV000091754,20190812_ENTACT_RP_mzML,0,,2024-03-26 01:27:17.155000,98813042,94,GNPS,0,0,,,No
mzspec:MSV000091754:peak/20190812_ENTACT_RP_mzML/entact_RP_neg_CE30_500.mzML,peak/20190812_ENTACT_RP_mzML/entact_RP_neg_CE30_500.mzML,MSV000091754,20190812_ENTACT_RP_mzML,0,,2024-03-26 01:27:17.544000,98746960,94,GNPS,0,0,,,No
mzspec:MSV000091754:peak/20190812_ENTACT_RP_mzML/entact_RP_neg_CE30_501.mzML,peak/20190812_ENTACT_RP_mzML/entact_RP_neg_CE30_501.mzML,MSV000091754,20190812_ENTACT_RP_mzML,0,,2024-03-26 01:27:17.899000,97902462,93,GNPS,0,0,,,No
mzspec:MSV000091754:peak/20190812_ENTACT_RP_mzML/entact_RP_neg_CE30_502.mzML,peak/20190812_ENTACT_RP_mzML/entact_RP_neg_CE30_502.mzML,MSV000091754,20190812_ENTACT_RP_mzML,0,,2024-03-26 01:27:18.220000,98135634,93,GNPS,0,0,,,No
mzspec:MSV000091754:peak/20190812_ENTACT_RP_mzML/entact_RP_neg_CE30_503.mzML,peak/20190812_ENTACT_RP_mzML/entact_RP_neg_CE30_503.mzML,MSV000091754,20190812_ENTACT_RP_mzML,0,,2024-03-26 01:27:18.659000,97010722,92,GNPS,0,0,,,No
mzspec:MSV000091754:peak/20190812_ENTACT_RP_mzML/entact_RP_neg_CE30_504.mzML,peak/20190812_ENTACT_RP_mzML/entact_RP_neg_CE30_504.mzML,MSV000091754,20190812_ENTACT_RP_mzML,0,,2024-03-26 01:27:19.110000,96328655,91,GNPS,0,0,,,No
mzspec:MSV000091754:peak/20190812_ENTACT_RP_mzML/entact_RP_neg_CE30_505.mzML,peak/20190812_ENTACT_RP_mzML/entact_RP_neg_CE30_505.mzML,MSV000091754,20190812_ENTACT_RP_mzML,0,,2024-03-26 01:27:19.535000,95399328,90,GNPS,0,0,,,No
mzspec:MSV000091754:peak/20190812_ENTACT_RP_mzML/entact_RP_neg_CE30_506.mzML,peak/20190812_ENTACT_RP_mzML/entact_RP_neg_CE30_506.mzML,MSV000091754,20190812_ENTACT_RP_mzML,0,,2024-03-26 01:27:19.943000,94594931,90,GNPS,0,0,,,No
mzspec:MSV000091754:peak/20190812_ENTACT_RP_mzML/entact_RP_neg_CE30_507.mzML,peak/20190812_ENTACT_RP_mzML/entact_RP_neg_CE30_507.mzML,MSV000091754,20190812_ENTACT_RP_mzML,0,,2024-03-26 01:27:20.326000,95915638,91,GNPS,0,0,,,No
mzspec:MSV000091754:peak/20190812_ENTACT_RP_mzML/entact_RP_neg_CE30_508.mzML,peak/20190812_ENTACT_RP_mzML/entact_RP_neg_CE30_508.mzML,MSV000091754,20190812_ENTACT_RP_mzML,0,,2024-03-26 01:27:20.808000,94680315,90,GNPS,0,0,,,No
mzspec:MSV000091754:peak/20190812_ENTACT_RP_mzML/entact_RP_neg_CE45B.mzML,peak/20190812_ENTACT_RP_mzML/entact_RP_neg_CE45B.mzML,MSV000091754,20190812_ENTACT_RP_mzML,0,,2024-03-26 01:27:21.162000,99759172,95,GNPS,0,0,,,No
mzspec:MSV000091754:peak/20190812_ENTACT_RP_mzML/entact_RP_neg_CE45_499.mzML,peak/20190812_ENTACT_RP_mzML/entact_RP_neg_CE45_499.mzML,MSV000091754,20190812_ENTACT_RP_mzML,0,,2024-03-26 01:27:21.635000,97875167,93,GNPS,0,0,,,No
mzspec:MSV000091754:peak/20190812_ENTACT_RP_mzML/entact_RP_neg_CE45_500.mzML,peak/20190812_ENTACT_RP_mzML/entact_RP_neg_CE45_500.mzML,MSV000091754,20190812_ENTACT_RP_mzML,0,,2024-03-26 01:27:22.048000,98033847,93,GNPS,0,0,,,No
mzspec:MSV000091754:peak/20190812_ENTACT_RP_mzML/entact_RP_neg_CE45_501.mzML,peak/20190812_ENTACT_RP_mzML/entact_RP_neg_CE45_501.mzML,MSV000091754,20190812_ENTACT_RP_mzML,0,,2024-03-26 01:27:22.436000,97122724,92,GNPS,0,0,,,No
mzspec:MSV000091754:peak/20190812_ENTACT_RP_mzML/entact_RP_neg_CE45_502.mzML,peak/20190812_ENTACT_RP_mzML/entact_RP_neg_CE45_502.mzML,MSV000091754,20190812_ENTACT_RP_mzML,0,,2024-03-26 01:27:22.777000,98289669,93,GNPS,0,0,,,No
mzspec:MSV000091754:peak/20190812_ENTACT_RP_mzML/entact_RP_neg_CE45_503.mzML,peak/20190812_ENTACT_RP_mzML/entact_RP_neg_CE45_503.mzML,MSV000091754,20190812_ENTACT_RP_mzML,0,,2024-03-26 01:27:23.120000,96616281,92,GNPS,0,0,,,No
mzspec:MSV000091754:peak/20190812_ENTACT_RP_mzML/entact_RP_neg_CE45_504.mzML,peak/20190812_ENTACT_RP_mzML/entact_RP_neg_CE45_504.mzML,MSV000091754,20190812_ENTACT_RP_mzML,0,,2024-03-26 01:27:23.416000,95986481,91,GNPS,0,0,,,No
mzspec:MSV000091754:peak/20190812_ENTACT_RP_mzML/entact_RP_neg_CE45_505.mzML,peak/20190812_ENTACT_RP_mzML/entact_RP_neg_CE45_505.mzML,MSV000091754,20190812_ENTACT_RP_mzML,0,,2024-03-26 01:27:23.762000,94369566,89,GNPS,0,0,,,No
mzspec:MSV000091754:peak/20190812_ENTACT_RP_mzML/entact_RP_neg_CE45_506.mzML,peak/20190812_ENTACT_RP_mzML/entact_RP_neg_CE45_506.mzML,MSV000091754,20190812_ENTACT_RP_mzML,0,,2024-03-26 01:27:24.116000,93793466,89,GNPS,0,0,,,No
mzspec:MSV000091754:peak/20190812_ENTACT_RP_mzML/entact_RP_neg_CE45_507.mzML,peak/20190812_ENTACT_RP_mzML/entact_RP_neg_CE45_507.mzML,MSV000091754,20190812_ENTACT_RP_mzML,0,,2024-03-26 01:27:24.538000,95210932,90,GNPS,0,0,,,No
mzspec:MSV000091754:peak/20190812_ENTACT_RP_mzML/entact_RP_neg_CE45_508.mzML,peak/20190812_ENTACT_RP_mzML/entact_RP_neg_CE45_508.mzML,MSV000091754,20190812_ENTACT_RP_mzML,0,,2024-03-26 01:27:24.841000,94264811,89,GNPS,0,0,,,No
mzspec:MSV000091754:peak/20190812_ENTACT_RP_mzML/entact_RP_neg_CE60_499.mzML,peak/20190812_ENTACT_RP_mzML/entact_RP_neg_CE60_499.mzML,MSV000091754,20190812_ENTACT_RP_mzML,0,,2024-03-26 01:27:25.177000,97236455,92,GNPS,0,0,,,No
mzspec:MSV000091754:peak/20190812_ENTACT_RP_mzML/entact_RP_neg_CE60_500.mzML,peak/20190812_ENTACT_RP_mzML/entact_RP_neg_CE60_500.mzML,MSV000091754,20190812_ENTACT_RP_mzML,0,,2024-03-26 01:27:25.533000,97979667,93,GNPS,0,0,,,No
mzspec:MSV000091754:peak/20190812_ENTACT_RP_mzML/entact_RP_neg_CE60_501.mzML,peak/20190812_ENTACT_RP_mzML/entact_RP_neg_CE60_501.mzML,MSV000091754,20190812_ENTACT_RP_mzML,0,,2024-03-26 01:27:25.952000,96317166,91,GNPS,0,0,,,No
mzspec:MSV000091754:peak/20190812_ENTACT_RP_mzML/entact_RP_neg_CE60_502.mzML,peak/20190812_ENTACT_RP_mzML/entact_RP_neg_CE60_502.mzML,MSV000091754,20190812_ENTACT_RP_mzML,0,,2024-03-26 01:27:26.383000,96807918,92,GNPS,0,0,,,No
mzspec:MSV000091754:peak/20190812_ENTACT_RP_mzML/entact_RP_neg_CE60_503.mzML,peak/20190812_ENTACT_RP_mzML/entact_RP_neg_CE60_503.mzML,MSV000091754,20190812_ENTACT_RP_mzML,0,,2024-03-26 01:27:26.769000,96201412,91,GNPS,0,0,,,No
mzspec:MSV000091754:peak/20190812_ENTACT_RP_mzML/entact_RP_neg_CE60_504.mzML,peak/20190812_ENTACT_RP_mzML/entact_RP_neg_CE60_504.mzML,MSV000091754,20190812_ENTACT_RP_mzML,0,,2024-03-26 01:27:27.219000,94652117,90,GNPS,0,0,,,No
mzspec:MSV000091754:peak/20190812_ENTACT_RP_mzML/entact_RP_neg_CE60_505.mzML,peak/20190812_ENTACT_RP_mzML/entact_RP_neg_CE60_505.mzML,MSV000091754,20190812_ENTACT_RP_mzML,0,,2024-03-26 01:27:27.587000,94207167,89,GNPS,0,0,,,No
mzspec:MSV000091754:peak/20190812_ENTACT_RP_mzML/entact_RP_neg_CE60_506.mzML,peak/20190812_ENTACT_RP_mzML/entact_RP_neg_CE60_506.mzML,MSV000091754,20190812_ENTACT_RP_mzML,0,,2024-03-26 01:27:28.013000,93590353,89,GNPS,0,0,,,No
mzspec:MSV000091754:peak/20190812_ENTACT_RP_mzML/entact_RP_neg_CE60_507.mzML,peak/20190812_ENTACT_RP_mzML/entact_RP_neg_CE60_507.mzML,MSV000091754,20190812_ENTACT_RP_mzML,0,,2024-03-26 01:27:28.431000,93799111,89,GNPS,0,0,,,No
mzspec:MSV000091754:peak/20190812_ENTACT_RP_mzML/entact_RP_neg_CE60_508.mzML,peak/20190812_ENTACT_RP_mzML/entact_RP_neg_CE60_508.mzML,MSV000091754,20190812_ENTACT_RP_mzML,0,,2024-03-26 01:27:28.804000,93426262,89,GNPS,0,0,,,No
mzspec:MSV000091754:peak/20190812_ENTACT_RP_mzML/entact_RP_neg_CE75_499.mzML,peak/20190812_ENTACT_RP_mzML/entact_RP_neg_CE75_499.mzML,MSV000091754,20190812_ENTACT_RP_mzML,0,,2024-03-26 01:27:29.183000,96581825,92,GNPS,0,0,,,No
mzspec:MSV000091754:peak/20190812_ENTACT_RP_mzML/entact_RP_neg_CE75_500.mzML,peak/20190812_ENTACT_RP_mzML/entact_RP_neg_CE75_500.mzML,MSV000091754,20190812_ENTACT_RP_mzML,0,,2024-03-26 01:27:29.519000,96578686,92,GNPS,0,0,,,No
mzspec:MSV000091754:peak/20190812_ENTACT_RP_mzML/entact_RP_neg_CE75_501.mzML,peak/20190812_ENTACT_RP_mzML/entact_RP_neg_CE75_501.mzML,MSV000091754,20190812_ENTACT_RP_mzML,0,,2024-03-26 01:27:29.819000,95417999,90,GNPS,0,0,,,No
mzspec:MSV000091754:peak/20190812_ENTACT_RP_mzML/entact_RP_neg_CE75_502.mzML,peak/20190812_ENTACT_RP_mzML/entact_RP_neg_CE75_502.mzML,MSV000091754,20190812_ENTACT_RP_mzML,0,,2024-03-26 01:27:30.140000,96045885,91,GNPS,0,0,,,No
mzspec:MSV000091754:peak/20190812_ENTACT_RP_mzML/entact_RP_neg_CE75_503.mzML,peak/20190812_ENTACT_RP_mzML/entact_RP_neg_CE75_503.mzML,MSV000091754,20190812_ENTACT_RP_mzML,0,,2024-03-26 01:27:30.545000,94956637,90,GNPS,0,0,,,No
mzspec:MSV000091754:peak/20190812_ENTACT_RP_mzML/entact_RP_neg_CE75_504.mzML,peak/20190812_ENTACT_RP_mzML/entact_RP_neg_CE75_504.mzML,MSV000091754,20190812_ENTACT_RP_mzML,0,,2024-03-26 01:27:30.926000,94683198,90,GNPS,0,0,,,No
mzspec:MSV000091754:peak/20190812_ENTACT_RP_mzML/entact_RP_neg_CE75_505.mzML,peak/20190812_ENTACT_RP_mzML/entact_RP_neg_CE75_505.mzML,MSV000091754,20190812_ENTACT_RP_mzML,0,,2024-03-26 01:27:31.253000,93373853,89,GNPS,0,0,,,No
mzspec:MSV000091754:peak/20190812_ENTACT_RP_mzML/entact_RP_neg_CE75_506.mzML,peak/20190812_ENTACT_RP_mzML/entact_RP_neg_CE75_506.mzML,MSV000091754,20190812_ENTACT_RP_mzML,0,,2024-03-26 01:27:31.584000,93124999,88,GNPS,0,0,,,No
mzspec:MSV000091754:peak/20190812_ENTACT_RP_mzML/entact_RP_neg_CE75_507.mzML,peak/20190812_ENTACT_RP_mzML/entact_RP_neg_CE75_507.mzML,MSV000091754,20190812_ENTACT_RP_mzML,0,,2024-03-26 01:27:31.948000,93661269,89,GNPS,0,0,,,No
mzspec:MSV000091754:peak/20190812_ENTACT_RP_mzML/entact_RP_neg_CE75_508.mzML,peak/20190812_ENTACT_RP_mzML/entact_RP_neg_CE75_508.mzML,MSV000091754,20190812_ENTACT_RP_mzML,0,,2024-03-26 01:27:32.656000,92687204,88,GNPS,0,0,,,No
mzspec:MSV000091754:peak/20190812_ENTACT_RP_mzML/entact_RP_neg_CE90_499.mzML,peak/20190812_ENTACT_RP_mzML/entact_RP_neg_CE90_499.mzML,MSV000091754,20190812_ENTACT_RP_mzML,0,,2024-03-26 01:27:33.068000,96692665,92,GNPS,0,0,,,No
mzspec:MSV000091754:peak/20190812_ENTACT_RP_mzML/entact_RP_neg_CE90_500.mzML,peak/20190812_ENTACT_RP_mzML/entact_RP_neg_CE90_500.mzML,MSV000091754,20190812_ENTACT_RP_mzML,0,,2024-03-26 01:27:33.536000,96127383,91,GNPS,0,0,,,No
mzspec:MSV000091754:peak/20190812_ENTACT_RP_mzML/entact_RP_neg_CE90_501.mzML,peak/20190812_ENTACT_RP_mzML/entact_RP_neg_CE90_501.mzML,MSV000091754,20190812_ENTACT_RP_mzML,0,,2024-03-26 01:27:34.008000,95358994,90,GNPS,0,0,,,No
mzspec:MSV000091754:peak/20190812_ENTACT_RP_mzML/entact_RP_neg_CE90_502.mzML,peak/20190812_ENTACT_RP_mzML/entact_RP_neg_CE90_502.mzML,MSV000091754,20190812_ENTACT_RP_mzML,0,,2024-03-26 01:27:34.425000,96092780,91,GNPS,0,0,,,No
mzspec:MSV000091754:peak/20190812_ENTACT_RP_mzML/entact_RP_neg_CE90_503.mzML,peak/20190812_ENTACT_RP_mzML/entact_RP_neg_CE90_503.mzML,MSV000091754,20190812_ENTACT_RP_mzML,0,,2024-03-26 01:27:34.830000,95016369,90,GNPS,0,0,,,No
mzspec:MSV000091754:peak/20190812_ENTACT_RP_mzML/entact_RP_neg_CE90_504.mzML,peak/20190812_ENTACT_RP_mzML/entact_RP_neg_CE90_504.mzML,MSV000091754,20190812_ENTACT_RP_mzML,0,,2024-03-26 01:27:35.193000,93801828,89,GNPS,0,0,,,No
mzspec:MSV000091754:peak/20190812_ENTACT_RP_mzML/entact_RP_neg_CE90_505.mzML,peak/20190812_ENTACT_RP_mzML/entact_RP_neg_CE90_505.mzML,MSV000091754,20190812_ENTACT_RP_mzML,0,,2024-03-26 01:27:35.546000,92322912,88,GNPS,0,0,,,No
mzspec:MSV000091754:peak/20190812_ENTACT_RP_mzML/entact_RP_neg_CE90_506.mzML,peak/20190812_ENTACT_RP_mzML/entact_RP_neg_CE90_506.mzML,MSV000091754,20190812_ENTACT_RP_mzML,0,,2024-03-26 01:27:35.947000,92443267,88,GNPS,0,0,,,No
mzspec:MSV000091754:peak/20190812_ENTACT_RP_mzML/entact_RP_neg_CE90_507.mzML,peak/20190812_ENTACT_RP_mzML/entact_RP_neg_CE90_507.mzML,MSV000091754,20190812_ENTACT_RP_mzML,0,,2024-03-26 01:27:36.267000,93237437,88,GNPS,0,0,,,No
mzspec:MSV000091754:peak/20190812_ENTACT_RP_mzML/entact_RP_neg_CE90_508.mzML,peak/20190812_ENTACT_RP_mzML/entact_RP_neg_CE90_508.mzML,MSV000091754,20190812_ENTACT_RP_mzML,0,,2024-03-26 01:27:36.667000,92075313,87,GNPS,0,0,,,No
mzspec:MSV000091754:peak/20190812_ENTACT_RP_mzML/entact_RP_pos_CE15_499.mzML,peak/20190812_ENTACT_RP_mzML/entact_RP_pos_CE15_499.mzML,MSV000091754,20190812_ENTACT_RP_mzML,0,,2024-03-26 01:27:37.060000,102950057,98,GNPS,0,0,,,No
mzspec:MSV000091754:peak/20190812_ENTACT_RP_mzML/entact_RP_pos_CE15_500.mzML,peak/20190812_ENTACT_RP_mzML/entact_RP_pos_CE15_500.mzML,MSV000091754,20190812_ENTACT_RP_mzML,0,,2024-03-26 01:27:37.426000,101821711,97,GNPS,0,0,,,No
mzspec:MSV000091754:peak/20190812_ENTACT_RP_mzML/entact_RP_pos_CE15_501.mzML,peak/20190812_ENTACT_RP_mzML/entact_RP_pos_CE15_501.mzML,MSV000091754,20190812_ENTACT_RP_mzML,0,,2024-03-26 01:27:37.857000,101125970,96,GNPS,0,0,,,No
mzspec:MSV000091754:peak/20190812_ENTACT_RP_mzML/entact_RP_pos_CE15_502.mzML,peak/20190812_ENTACT_RP_mzML/entact_RP_pos_CE15_502.mzML,MSV000091754,20190812_ENTACT_RP_mzML,0,,2024-03-26 01:27:38.201000,101059978,96,GNPS,0,0,,,No
mzspec:MSV000091754:peak/20190812_ENTACT_RP_mzML/entact_RP_pos_CE15_503.mzML,peak/20190812_ENTACT_RP_mzML/entact_RP_pos_CE15_503.mzML,MSV000091754,20190812_ENTACT_RP_mzML,0,,2024-03-26 01:27:38.653000,100886686,96,GNPS,0,0,,,No
mzspec:MSV000091754:peak/20190812_ENTACT_RP_mzML/entact_RP_pos_CE15_504.mzML,peak/20190812_ENTACT_RP_mzML/entact_RP_pos_CE15_504.mzML,MSV000091754,20190812_ENTACT_RP_mzML,0,,2024-03-26 01:27:38.974000,100500423,95,GNPS,0,0,,,No
mzspec:MSV000091754:peak/20190812_ENTACT_RP_mzML/entact_RP_pos_CE15_505.mzML,peak/20190812_ENTACT_RP_mzML/entact_RP_pos_CE15_505.mzML,MSV000091754,20190812_ENTACT_RP_mzML,0,,2024-03-26 01:27:39.408000,99958796,95,GNPS,0,0,,,No
mzspec:MSV000091754:peak/20190812_ENTACT_RP_mzML/entact_RP_pos_CE15_506.mzML,peak/20190812_ENTACT_RP_mzML/entact_RP_pos_CE15_506.mzML,MSV000091754,20190812_ENTACT_RP_mzML,0,,2024-03-26 01:27:39.829000,99813312,95,GNPS,0,0,,,No
mzspec:MSV000091754:peak/20190812_ENTACT_RP_mzML/entact_RP_pos_CE15_507.mzML,peak/20190812_ENTACT_RP_mzML/entact_RP_pos_CE15_507.mzML,MSV000091754,20190812_ENTACT_RP_mzML,0,,2024-03-26 01:27:40.349000,100048576,95,GNPS,0,0,,,No
mzspec:MSV000091754:peak/20190812_ENTACT_RP_mzML/entact_RP_pos_CE15_508.mzML,peak/20190812_ENTACT_RP_mzML/entact_RP_pos_CE15_508.mzML,MSV000091754,20190812_ENTACT_RP_mzML,0,,2024-03-26 01:27:40.792000,99694766,95,GNPS,0,0,,,No
mzspec:MSV000091754:peak/20190812_ENTACT_RP_mzML/entact_RP_pos_CE30_499.mzML,peak/20190812_ENTACT_RP_mzML/entact_RP_pos_CE30_499.mzML,MSV000091754,20190812_ENTACT_RP_mzML,0,,2024-03-26 01:27:41.337000,101347610,96,GNPS,0,0,,,No
mzspec:MSV000091754:peak/20190812_ENTACT_RP_mzML/entact_RP_pos_CE30_500.mzML,peak/20190812_ENTACT_RP_mzML/entact_RP_pos_CE30_500.mzML,MSV000091754,20190812_ENTACT_RP_mzML,0,,2024-03-26 01:27:41.892000,100511336,95,GNPS,0,0,,,No
mzspec:MSV000091754:peak/20190812_ENTACT_RP_mzML/entact_RP_pos_CE30_501.mzML,peak/20190812_ENTACT_RP_mzML/entact_RP_pos_CE30_501.mzML,MSV000091754,20190812_ENTACT_RP_mzML,0,,2024-03-26 01:27:42.395000,99935006,95,GNPS,0,0,,,No
mzspec:MSV000091754:peak/20190812_ENTACT_RP_mzML/entact_RP_pos_CE30_502.mzML,peak/20190812_ENTACT_RP_mzML/entact_RP_pos_CE30_502.mzML,MSV000091754,20190812_ENTACT_RP_mzML,0,,2024-03-26 01:27:42.820000,99855556,95,GNPS,0,0,,,No
mzspec:MSV000091754:peak/20190812_ENTACT_RP_mzML/entact_RP_pos_CE30_503.mzML,peak/20190812_ENTACT_RP_mzML/entact_RP_pos_CE30_503.mzML,MSV000091754,20190812_ENTACT_RP_mzML,0,,2024-03-26 01:27:43.378000,99614247,94,GNPS,0,0,,,No
mzspec:MSV000091754:peak/20190812_ENTACT_RP_mzML/entact_RP_pos_CE30_504.mzML,peak/20190812_ENTACT_RP_mzML/entact_RP_pos_CE30_504.mzML,MSV000091754,20190812_ENTACT_RP_mzML,0,,2024-03-26 01:27:43.951000,99287394,94,GNPS,0,0,,,No
mzspec:MSV000091754:peak/20190812_ENTACT_RP_mzML/entact_RP_pos_CE30_505.mzML,peak/20190812_ENTACT_RP_mzML/entact_RP_pos_CE30_505.mzML,MSV000091754,20190812_ENTACT_RP_mzML,0,,2024-03-26 01:27:44.735000,99038004,94,GNPS,0,0,,,No
mzspec:MSV000091754:peak/20190812_ENTACT_RP_mzML/entact_RP_pos_CE30_506.mzML,peak/20190812_ENTACT_RP_mzML/entact_RP_pos_CE30_506.mzML,MSV000091754,20190812_ENTACT_RP_mzML,0,,2024-03-26 01:27:45.477000,98810825,94,GNPS,0,0,,,No
mzspec:MSV000091754:peak/20190812_ENTACT_RP_mzML/entact_RP_pos_CE30_507.mzML,peak/20190812_ENTACT_RP_mzML/entact_RP_pos_CE30_507.mzML,MSV000091754,20190812_ENTACT_RP_mzML,0,,2024-03-26 01:27:46.344000,98873939,94,GNPS,0,0,,,No
mzspec:MSV000091754:peak/20190812_ENTACT_RP_mzML/entact_RP_pos_CE30_508.mzML,peak/20190812_ENTACT_RP_mzML/entact_RP_pos_CE30_508.mzML,MSV000091754,20190812_ENTACT_RP_mzML,0,,2024-03-26 01:27:46.770000,98860695,94,GNPS,0,0,,,No
mzspec:MSV000091754:peak/20190812_ENTACT_RP_mzML/entact_RP_pos_CE45_499.mzML,peak/20190812_ENTACT_RP_mzML/entact_RP_pos_CE45_499.mzML,MSV000091754,20190812_ENTACT_RP_mzML,0,,2024-03-26 01:27:47.281000,99477417,94,GNPS,0,0,,,No
mzspec:MSV000091754:peak/20190812_ENTACT_RP_mzML/entact_RP_pos_CE45_500.mzML,peak/20190812_ENTACT_RP_mzML/entact_RP_pos_CE45_500.mzML,MSV000091754,20190812_ENTACT_RP_mzML,0,,2024-03-26 01:27:48.026000,98657135,94,GNPS,0,0,,,No
mzspec:MSV000091754:peak/20190812_ENTACT_RP_mzML/entact_RP_pos_CE45_501.mzML,peak/20190812_ENTACT_RP_mzML/entact_RP_pos_CE45_501.mzML,MSV000091754,20190812_ENTACT_RP_mzML,0,,2024-03-26 01:27:48.541000,98130131,93,GNPS,0,0,,,No
mzspec:MSV000091754:peak/20190812_ENTACT_RP_mzML/entact_RP_pos_CE45_502.mzML,peak/20190812_ENTACT_RP_mzML/entact_RP_pos_CE45_502.mzML,MSV000091754,20190812_ENTACT_RP_mzML,0,,2024-03-26 01:27:49.077000,98132766,93,GNPS,0,0,,,No
mzspec:MSV000091754:peak/20190812_ENTACT_RP_mzML/entact_RP_pos_CE45_503.mzML,peak/20190812_ENTACT_RP_mzML/entact_RP_pos_CE45_503.mzML,MSV000091754,20190812_ENTACT_RP_mzML,0,,2024-03-26 01:27:49.554000,97893345,93,GNPS,0,0,,,No
mzspec:MSV000091754:peak/20190812_ENTACT_RP_mzML/entact_RP_pos_CE45_504.mzML,peak/20190812_ENTACT_RP_mzML/entact_RP_pos_CE45_504.mzML,MSV000091754,20190812_ENTACT_RP_mzML,0,,2024-03-26 01:27:49.986000,97611852,93,GNPS,0,0,,,No
mzspec:MSV000091754:peak/20190812_ENTACT_RP_mzML/entact_RP_pos_CE45_505.mzML,peak/20190812_ENTACT_RP_mzML/entact_RP_pos_CE45_505.mzML,MSV000091754,20190812_ENTACT_RP_mzML,0,,2024-03-26 01:27:50.461000,97400706,92,GNPS,0,0,,,No
mzspec:MSV000091754:peak/20190812_ENTACT_RP_mzML/entact_RP_pos_CE45_506.mzML,peak/20190812_ENTACT_RP_mzML/entact_RP_pos_CE45_506.mzML,MSV000091754,20190812_ENTACT_RP_mzML,0,,2024-03-26 01:27:50.910000,97227801,92,GNPS,0,0,,,No
mzspec:MSV000091754:peak/20190812_ENTACT_RP_mzML/entact_RP_pos_CE45_507.mzML,peak/20190812_ENTACT_RP_mzML/entact_RP_pos_CE45_507.mzML,MSV000091754,20190812_ENTACT_RP_mzML,0,,2024-03-26 01:27:51.373000,97140574,92,GNPS,0,0,,,No
mzspec:MSV000091754:peak/20190812_ENTACT_RP_mzML/entact_RP_pos_CE45_508.mzML,peak/20190812_ENTACT_RP_mzML/entact_RP_pos_CE45_508.mzML,MSV000091754,20190812_ENTACT_RP_mzML,0,,2024-03-26 01:27:51.854000,97162207,92,GNPS,0,0,,,No
mzspec:MSV000091754:peak/20190812_ENTACT_RP_mzML/entact_RP_pos_CE60_499.mzML,peak/20190812_ENTACT_RP_mzML/entact_RP_pos_CE60_499.mzML,MSV000091754,20190812_ENTACT_RP_mzML,0,,2024-03-26 01:27:52.210000,97987073,93,GNPS,0,0,,,No
mzspec:MSV000091754:peak/20190812_ENTACT_RP_mzML/entact_RP_pos_CE60_500.mzML,peak/20190812_ENTACT_RP_mzML/entact_RP_pos_CE60_500.mzML,MSV000091754,20190812_ENTACT_RP_mzML,0,,2024-03-26 01:27:52.610000,97446145,92,GNPS,0,0,,,No
mzspec:MSV000091754:peak/20190812_ENTACT_RP_mzML/entact_RP_pos_CE60_501.mzML,peak/20190812_ENTACT_RP_mzML/entact_RP_pos_CE60_501.mzML,MSV000091754,20190812_ENTACT_RP_mzML,0,,2024-03-26 01:27:53.066000,97142685,92,GNPS,0,0,,,No
mzspec:MSV000091754:peak/20190812_ENTACT_RP_mzML/entact_RP_pos_CE60_502.mzML,peak/20190812_ENTACT_RP_mzML/entact_RP_pos_CE60_502.mzML,MSV000091754,20190812_ENTACT_RP_mzML,0,,2024-03-26 01:27:53.457000,97190690,92,GNPS,0,0,,,No
mzspec:MSV000091754:peak/20190812_ENTACT_RP_mzML/entact_RP_pos_CE60_503.mzML,peak/20190812_ENTACT_RP_mzML/entact_RP_pos_CE60_503.mzML,MSV000091754,20190812_ENTACT_RP_mzML,0,,2024-03-26 01:27:53.950000,96795843,92,GNPS,0,0,,,No
mzspec:MSV000091754:peak/20190812_ENTACT_RP_mzML/entact_RP_pos_CE60_504.mzML,peak/20190812_ENTACT_RP_mzML/entact_RP_pos_CE60_504.mzML,MSV000091754,20190812_ENTACT_RP_mzML,0,,2024-03-26 01:27:54.513000,96633914,92,GNPS,0,0,,,No
mzspec:MSV000091754:peak/20190812_ENTACT_RP_mzML/entact_RP_pos_CE60_505.mzML,peak/20190812_ENTACT_RP_mzML/entact_RP_pos_CE60_505.mzML,MSV000091754,20190812_ENTACT_RP_mzML,0,,2024-03-26 01:27:54.915000,96540149,92,GNPS,0,0,,,No
mzspec:MSV000091754:peak/20190812_ENTACT_RP_mzML/entact_RP_pos_CE60_506.mzML,peak/20190812_ENTACT_RP_mzML/entact_RP_pos_CE60_506.mzML,MSV000091754,20190812_ENTACT_RP_mzML,0,,2024-03-26 01:27:55.288000,96350866,91,GNPS,0,0,,,No
mzspec:MSV000091754:peak/20190812_ENTACT_RP_mzML/entact_RP_pos_CE60_507.mzML,peak/20190812_ENTACT_RP_mzML/entact_RP_pos_CE60_507.mzML,MSV000091754,20190812_ENTACT_RP_mzML,0,,2024-03-26 01:27:55.660000,96320830,91,GNPS,0,0,,,No
mzspec:MSV000091754:peak/20190812_ENTACT_RP_mzML/entact_RP_pos_CE60_508.mzML,peak/20190812_ENTACT_RP_mzML/entact_RP_pos_CE60_508.mzML,MSV000091754,20190812_ENTACT_RP_mzML,0,,2024-03-26 01:27:56.089000,96343469,91,GNPS,0,0,,,No
mzspec:MSV000091754:peak/20190812_ENTACT_RP_mzML/entact_RP_pos_CE75_499.mzML,peak/20190812_ENTACT_RP_mzML/entact_RP_pos_CE75_499.mzML,MSV000091754,20190812_ENTACT_RP_mzML,0,,2024-03-26 01:27:56.427000,96240582,91,GNPS,0,0,,,No
mzspec:MSV000091754:peak/20190812_ENTACT_RP_mzML/entact_RP_pos_CE75_500.mzML,peak/20190812_ENTACT_RP_mzML/entact_RP_pos_CE75_500.mzML,MSV000091754,20190812_ENTACT_RP_mzML,0,,2024-03-26 01:27:56.838000,95880752,91,GNPS,0,0,,,No
mzspec:MSV000091754:peak/20190812_ENTACT_RP_mzML/entact_RP_pos_CE75_501.mzML,peak/20190812_ENTACT_RP_mzML/entact_RP_pos_CE75_501.mzML,MSV000091754,20190812_ENTACT_RP_mzML,0,,2024-03-26 01:27:57.360000,95539114,91,GNPS,0,0,,,No
mzspec:MSV000091754:peak/20190812_ENTACT_RP_mzML/entact_RP_pos_CE75_502.mzML,peak/20190812_ENTACT_RP_mzML/entact_RP_pos_CE75_502.mzML,MSV000091754,20190812_ENTACT_RP_mzML,0,,2024-03-26 01:27:57.738000,95564716,91,GNPS,0,0,,,No
mzspec:MSV000091754:peak/20190812_ENTACT_RP_mzML/entact_RP_pos_CE75_503.mzML,peak/20190812_ENTACT_RP_mzML/entact_RP_pos_CE75_503.mzML,MSV000091754,20190812_ENTACT_RP_mzML,0,,2024-03-26 01:27:58.181000,95180581,90,GNPS,0,0,,,No
mzspec:MSV000091754:peak/20190812_ENTACT_RP_mzML/entact_RP_pos_CE75_504.mzML,peak/20190812_ENTACT_RP_mzML/entact_RP_pos_CE75_504.mzML,MSV000091754,20190812_ENTACT_RP_mzML,0,,2024-03-26 01:27:58.533000,95011147,90,GNPS,0,0,,,No
mzspec:MSV000091754:peak/20190812_ENTACT_RP_mzML/entact_RP_pos_CE75_505.mzML,peak/20190812_ENTACT_RP_mzML/entact_RP_pos_CE75_505.mzML,MSV000091754,20190812_ENTACT_RP_mzML,0,,2024-03-26 01:27:58.891000,94905019,90,GNPS,0,0,,,No
mzspec:MSV000091754:peak/20190812_ENTACT_RP_mzML/entact_RP_pos_CE75_506.mzML,peak/20190812_ENTACT_RP_mzML/entact_RP_pos_CE75_506.mzML,MSV000091754,20190812_ENTACT_RP_mzML,0,,2024-03-26 01:27:59.220000,94758381,90,GNPS,0,0,,,No
mzspec:MSV000091754:peak/20190812_ENTACT_RP_mzML/entact_RP_pos_CE75_507.mzML,peak/20190812_ENTACT_RP_mzML/entact_RP_pos_CE75_507.mzML,MSV000091754,20190812_ENTACT_RP_mzML,0,,2024-03-26 01:27:59.530000,94662750,90,GNPS,0,0,,,No
mzspec:MSV000091754:peak/20190812_ENTACT_RP_mzML/entact_RP_pos_CE75_508.mzML,peak/20190812_ENTACT_RP_mzML/entact_RP_pos_CE75_508.mzML,MSV000091754,20190812_ENTACT_RP_mzML,0,,2024-03-26 01:27:59.860000,94744335,90,GNPS,0,0,,,No
mzspec:MSV000091754:peak/20190812_ENTACT_RP_mzML/entact_RP_pos_CE90_499.mzML,peak/20190812_ENTACT_RP_mzML/entact_RP_pos_CE90_499.mzML,MSV000091754,20190812_ENTACT_RP_mzML,0,,2024-03-26 01:28:00.242000,95277434,90,GNPS,0,0,,,No
mzspec:MSV000091754:peak/20190812_ENTACT_RP_mzML/entact_RP_pos_CE90_500.mzML,peak/20190812_ENTACT_RP_mzML/entact_RP_pos_CE90_500.mzML,MSV000091754,20190812_ENTACT_RP_mzML,0,,2024-03-26 01:28:00.556000,94856373,90,GNPS,0,0,,,No
mzspec:MSV000091754:peak/20190812_ENTACT_RP_mzML/entact_RP_pos_CE90_501.mzML,peak/20190812_ENTACT_RP_mzML/entact_RP_pos_CE90_501.mzML,MSV000091754,20190812_ENTACT_RP_mzML,0,,2024-03-26 01:28:00.997000,94612704,90,GNPS,0,0,,,No
mzspec:MSV000091754:peak/20190812_ENTACT_RP_mzML/entact_RP_pos_CE90_502.mzML,peak/20190812_ENTACT_RP_mzML/entact_RP_pos_CE90_502.mzML,MSV000091754,20190812_ENTACT_RP_mzML,0,,2024-03-26 01:28:01.403000,94657183,90,GNPS,0,0,,,No
mzspec:MSV000091754:peak/20190812_ENTACT_RP_mzML/entact_RP_pos_CE90_503.mzML,peak/20190812_ENTACT_RP_mzML/entact_RP_pos_CE90_503.mzML,MSV000091754,20190812_ENTACT_RP_mzML,0,,2024-03-26 01:28:01.781000,94246748,89,GNPS,0,0,,,No
mzspec:MSV000091754:peak/20190812_ENTACT_RP_mzML/entact_RP_pos_CE90_504.mzML,peak/20190812_ENTACT_RP_mzML/entact_RP_pos_CE90_504.mzML,MSV000091754,20190812_ENTACT_RP_mzML,0,,2024-03-26 01:28:02.133000,94143897,89,GNPS,0,0,,,No
mzspec:MSV000091754:peak/20190812_ENTACT_RP_mzML/entact_RP_pos_CE90_505.mzML,peak/20190812_ENTACT_RP_mzML/entact_RP_pos_CE90_505.mzML,MSV000091754,20190812_ENTACT_RP_mzML,0,,2024-03-26 01:28:02.553000,94067004,89,GNPS,0,0,,,No
mzspec:MSV000091754:peak/20190812_ENTACT_RP_mzML/entact_RP_pos_CE90_506.mzML,peak/20190812_ENTACT_RP_mzML/entact_RP_pos_CE90_506.mzML,MSV000091754,20190812_ENTACT_RP_mzML,0,,2024-03-26 01:28:02.955000,93997036,89,GNPS,0,0,,,No
mzspec:MSV000091754:peak/20190812_ENTACT_RP_mzML/entact_RP_pos_CE90_507.mzML,peak/20190812_ENTACT_RP_mzML/entact_RP_pos_CE90_507.mzML,MSV000091754,20190812_ENTACT_RP_mzML,0,,2024-03-26 01:28:03.378000,93818343,89,GNPS,0,0,,,No
mzspec:MSV000091754:peak/20190812_ENTACT_RP_mzML/entact_RP_pos_CE90_508.mzML,peak/20190812_ENTACT_RP_mzML/entact_RP_pos_CE90_508.mzML,MSV000091754,20190812_ENTACT_RP_mzML,0,,2024-03-26 01:28:03.722000,93835028,89,GNPS,0,0,,,No
mzspec:MSV000091754:peak/20200303_ENTACT_RP_mzML/mix499/20200303_ENTACT_RP_mix499_neg_CE15.mzML,peak/20200303_ENTACT_RP_mzML/mix499/20200303_ENTACT_RP_mix499_neg_CE15.mzML,MSV000091754,20200303_ENTACT_RP_mzML,0,,2024-03-26 01:28:04.125000,71532112,68,GNPS,0,0,,,No
mzspec:MSV000091754:peak/20200303_ENTACT_RP_mzML/mix499/20200303_ENTACT_RP_mix499_neg_CE30.mzML,peak/20200303_ENTACT_RP_mzML/mix499/20200303_ENTACT_RP_mix499_neg_CE30.mzML,MSV000091754,20200303_ENTACT_RP_mzML,0,,2024-03-26 01:28:04.473000,70460171,67,GNPS,0,0,,,No
mzspec:MSV000091754:peak/20200303_ENTACT_RP_mzML/mix499/20200303_ENTACT_RP_mix499_neg_CE45.mzML,peak/20200303_ENTACT_RP_mzML/mix499/20200303_ENTACT_RP_mix499_neg_CE45.mzML,MSV000091754,20200303_ENTACT_RP_mzML,0,,2024-03-26 01:28:04.766000,70994326,67,GNPS,0,0,,,No
mzspec:MSV000091754:peak/20200303_ENTACT_RP_mzML/mix499/20200303_ENTACT_RP_mix499_neg_CE60.mzML,peak/20200303_ENTACT_RP_mzML/mix499/20200303_ENTACT_RP_mix499_neg_CE60.mzML,MSV000091754,20200303_ENTACT_RP_mzML,0,,2024-03-26 01:28:05.083000,70296466,67,GNPS,0,0,,,No
mzspec:MSV000091754:peak/20200303_ENTACT_RP_mzML/mix499/20200303_ENTACT_RP_mix499_neg_CE75.mzML,peak/20200303_ENTACT_RP_mzML/mix499/20200303_ENTACT_RP_mix499_neg_CE75.mzML,MSV000091754,20200303_ENTACT_RP_mzML,0,,2024-03-26 01:28:05.440000,69437629,66,GNPS,0,0,,,No
mzspec:MSV000091754:peak/20200303_ENTACT_RP_mzML/mix499/20200303_ENTACT_RP_mix499_neg_CE90.mzML,peak/20200303_ENTACT_RP_mzML/mix499/20200303_ENTACT_RP_mix499_neg_CE90.mzML,MSV000091754,20200303_ENTACT_RP_mzML,0,,2024-03-26 01:28:05.799000,69554623,66,GNPS,0,0,,,No
mzspec:MSV000091754:peak/20200303_ENTACT_RP_mzML/mix499/20200303_ENTACT_RP_mix499_pos_CE15.mzML,peak/20200303_ENTACT_RP_mzML/mix499/20200303_ENTACT_RP_mix499_pos_CE15.mzML,MSV000091754,20200303_ENTACT_RP_mzML,0,,2024-03-26 01:28:06.200000,92622945,88,GNPS,0,0,,,No
mzspec:MSV000091754:peak/20200303_ENTACT_RP_mzML/mix499/20200303_ENTACT_RP_mix499_pos_CE30.mzML,peak/20200303_ENTACT_RP_mzML/mix499/20200303_ENTACT_RP_mix499_pos_CE30.mzML,MSV000091754,20200303_ENTACT_RP_mzML,0,,2024-03-26 01:28:06.665000,91070759,86,GNPS,0,0,,,No
mzspec:MSV000091754:peak/20200303_ENTACT_RP_mzML/mix499/20200303_ENTACT_RP_mix499_pos_CE45.mzML,peak/20200303_ENTACT_RP_mzML/mix499/20200303_ENTACT_RP_mix499_pos_CE45.mzML,MSV000091754,20200303_ENTACT_RP_mzML,0,,2024-03-26 01:28:07.031000,91038978,86,GNPS,0,0,,,No
mzspec:MSV000091754:peak/20200303_ENTACT_RP_mzML/mix499/20200303_ENTACT_RP_mix499_pos_CE60.mzML,peak/20200303_ENTACT_RP_mzML/mix499/20200303_ENTACT_RP_mix499_pos_CE60.mzML,MSV000091754,20200303_ENTACT_RP_mzML,0,,2024-03-26 01:28:07.417000,90806049,86,GNPS,0,0,,,No
mzspec:MSV000091754:peak/20200303_ENTACT_RP_mzML/mix499/20200303_ENTACT_RP_mix499_pos_CE75.mzML,peak/20200303_ENTACT_RP_mzML/mix499/20200303_ENTACT_RP_mix499_pos_CE75.mzML,MSV000091754,20200303_ENTACT_RP_mzML,0,,2024-03-26 01:28:07.732000,90556713,86,GNPS,0,0,,,No
mzspec:MSV000091754:peak/20200303_ENTACT_RP_mzML/mix499/20200303_ENTACT_RP_mix499_pos_CE90.mzML,peak/20200303_ENTACT_RP_mzML/mix499/20200303_ENTACT_RP_mix499_pos_CE90.mzML,MSV000091754,20200303_ENTACT_RP_mzML,0,,2024-03-26 01:28:08.099000,90129921,85,GNPS,0,0,,,No
mzspec:MSV000091754:peak/20200303_ENTACT_RP_mzML/mix500/20200303_ENTACT_mix500_neg_CE15.mzML,peak/20200303_ENTACT_RP_mzML/mix500/20200303_ENTACT_mix500_neg_CE15.mzML,MSV000091754,20200303_ENTACT_RP_mzML,0,,2024-03-26 01:32:21.846000,69604663,66,GNPS,0,0,,,No
mzspec:MSV000091754:peak/20200303_ENTACT_RP_mzML/mix500/20200303_ENTACT_mix500_neg_CE30.mzML,peak/20200303_ENTACT_RP_mzML/mix500/20200303_ENTACT_mix500_neg_CE30.mzML,MSV000091754,20200303_ENTACT_RP_mzML,0,,2024-03-26 01:32:22.167000,69459255,66,GNPS,0,0,,,No
mzspec:MSV000091754:peak/20200303_ENTACT_RP_mzML/mix500/20200303_ENTACT_mix500_neg_CE45.mzML,peak/20200303_ENTACT_RP_mzML/mix500/20200303_ENTACT_mix500_neg_CE45.mzML,MSV000091754,20200303_ENTACT_RP_mzML,0,,2024-03-26 01:32:22.587000,69443673,66,GNPS,0,0,,,No
mzspec:MSV000091754:peak/20200303_ENTACT_RP_mzML/mix500/20200303_ENTACT_mix500_neg_CE60.mzML,peak/20200303_ENTACT_RP_mzML/mix500/20200303_ENTACT_mix500_neg_CE60.mzML,MSV000091754,20200303_ENTACT_RP_mzML,0,,2024-03-26 01:32:22.943000,69474293,66,GNPS,0,0,,,No
mzspec:MSV000091754:peak/20200303_ENTACT_RP_mzML/mix500/20200303_ENTACT_mix500_neg_CE75.mzML,peak/20200303_ENTACT_RP_mzML/mix500/20200303_ENTACT_mix500_neg_CE75.mzML,MSV000091754,20200303_ENTACT_RP_mzML,0,,2024-03-26 01:32:23.194000,69427332,66,GNPS,0,0,,,No
mzspec:MSV000091754:peak/20200303_ENTACT_RP_mzML/mix500/20200303_ENTACT_mix500_neg_CE90.mzML,peak/20200303_ENTACT_RP_mzML/mix500/20200303_ENTACT_mix500_neg_CE90.mzML,MSV000091754,20200303_ENTACT_RP_mzML,0,,2024-03-26 01:32:23.474000,69806558,66,GNPS,0,0,,,No
mzspec:MSV000091754:peak/20200303_ENTACT_RP_mzML/mix500/20200303_ENTACT_mix500_pos_CE15.mzML,peak/20200303_ENTACT_RP_mzML/mix500/20200303_ENTACT_mix500_pos_CE15.mzML,MSV000091754,20200303_ENTACT_RP_mzML,0,,2024-03-26 01:32:23.845000,90856459,86,GNPS,0,0,,,No
mzspec:MSV000091754:peak/20200303_ENTACT_RP_mzML/mix500/20200303_ENTACT_mix500_pos_CE30.mzML,peak/20200303_ENTACT_RP_mzML/mix500/20200303_ENTACT_mix500_pos_CE30.mzML,MSV000091754,20200303_ENTACT_RP_mzML,0,,2024-03-26 01:32:24.127000,90750021,86,GNPS,0,0,,,No
mzspec:MSV000091754:peak/20200303_ENTACT_RP_mzML/mix500/20200303_ENTACT_mix500_pos_CE45.mzML,peak/20200303_ENTACT_RP_mzML/mix500/20200303_ENTACT_mix500_pos_CE45.mzML,MSV000091754,20200303_ENTACT_RP_mzML,0,,2024-03-26 01:32:24.570000,90822002,86,GNPS,0,0,,,No
mzspec:MSV000091754:peak/20200303_ENTACT_RP_mzML/mix500/20200303_ENTACT_mix500_pos_CE60.mzML,peak/20200303_ENTACT_RP_mzML/mix500/20200303_ENTACT_mix500_pos_CE60.mzML,MSV000091754,20200303_ENTACT_RP_mzML,0,,2024-03-26 01:32:24.840000,90560170,86,GNPS,0,0,,,No
mzspec:MSV000091754:peak/20200303_ENTACT_RP_mzML/mix500/20200303_ENTACT_mix500_pos_CE75.mzML,peak/20200303_ENTACT_RP_mzML/mix500/20200303_ENTACT_mix500_pos_CE75.mzML,MSV000091754,20200303_ENTACT_RP_mzML,0,,2024-03-26 01:32:25.144000,90213650,86,GNPS,0,0,,,No
mzspec:MSV000091754:peak/20200303_ENTACT_RP_mzML/mix500/20200303_ENTACT_mix500_pos_CE90.mzML,peak/20200303_ENTACT_RP_mzML/mix500/20200303_ENTACT_mix500_pos_CE90.mzML,MSV000091754,20200303_ENTACT_RP_mzML,0,,2024-03-26 01:32:25.466000,90242130,86,GNPS,0,0,,,No
mzspec:MSV000091754:peak/20200303_ENTACT_RP_mzML/mix501/20200303_ENTACT_RP_mix501_neg_CE15.mzML,peak/20200303_ENTACT_RP_mzML/mix501/20200303_ENTACT_RP_mix501_neg_CE15.mzML,MSV000091754,20200303_ENTACT_RP_mzML,0,,2024-03-26 01:32:25.789000,69865725,66,GNPS,0,0,,,No
mzspec:MSV000091754:peak/20200303_ENTACT_RP_mzML/mix501/20200303_ENTACT_RP_mix501_neg_CE30.mzML,peak/20200303_ENTACT_RP_mzML/mix501/20200303_ENTACT_RP_mix501_neg_CE30.mzML,MSV000091754,20200303_ENTACT_RP_mzML,0,,2024-03-26 01:32:26.059000,69819453,66,GNPS,0,0,,,No
mzspec:MSV000091754:peak/20200303_ENTACT_RP_mzML/mix501/20200303_ENTACT_RP_mix501_neg_CE45.mzML,peak/20200303_ENTACT_RP_mzML/mix501/20200303_ENTACT_RP_mix501_neg_CE45.mzML,MSV000091754,20200303_ENTACT_RP_mzML,0,,2024-03-26 01:32:26.360000,69659810,66,GNPS,0,0,,,No
mzspec:MSV000091754:peak/20200303_ENTACT_RP_mzML/mix501/20200303_ENTACT_RP_mix501_neg_CE60.mzML,peak/20200303_ENTACT_RP_mzML/mix501/20200303_ENTACT_RP_mix501_neg_CE60.mzML,MSV000091754,20200303_ENTACT_RP_mzML,0,,2024-03-26 01:32:26.636000,69918405,66,GNPS,0,0,,,No
mzspec:MSV000091754:peak/20200303_ENTACT_RP_mzML/mix501/20200303_ENTACT_RP_mix501_neg_CE75.mzML,peak/20200303_ENTACT_RP_mzML/mix501/20200303_ENTACT_RP_mix501_neg_CE75.mzML,MSV000091754,20200303_ENTACT_RP_mzML,0,,2024-03-26 01:32:26.941000,69681255,66,GNPS,0,0,,,No
mzspec:MSV000091754:peak/20200303_ENTACT_RP_mzML/mix501/20200303_ENTACT_RP_mix501_neg_CE90.mzML,peak/20200303_ENTACT_RP_mzML/mix501/20200303_ENTACT_RP_mix501_neg_CE90.mzML,MSV000091754,20200303_ENTACT_RP_mzML,0,,2024-03-26 01:32:27.172000,69357878,66,GNPS,0,0,,,No
mzspec:MSV000091754:peak/20200303_ENTACT_RP_mzML/mix501/20200303_ENTACT_RP_mix501_pos_CE15.mzML,peak/20200303_ENTACT_RP_mzML/mix501/20200303_ENTACT_RP_mix501_pos_CE15.mzML,MSV000091754,20200303_ENTACT_RP_mzML,0,,2024-03-26 01:32:27.461000,90718993,86,GNPS,0,0,,,No
mzspec:MSV000091754:peak/20200303_ENTACT_RP_mzML/mix501/20200303_ENTACT_RP_mix501_pos_CE30.mzML,peak/20200303_ENTACT_RP_mzML/mix501/20200303_ENTACT_RP_mix501_pos_CE30.mzML,MSV000091754,20200303_ENTACT_RP_mzML,0,,2024-03-26 01:32:27.777000,90247322,86,GNPS,0,0,,,No
mzspec:MSV000091754:peak/20200303_ENTACT_RP_mzML/mix501/20200303_ENTACT_RP_mix501_pos_CE45.mzML,peak/20200303_ENTACT_RP_mzML/mix501/20200303_ENTACT_RP_mix501_pos_CE45.mzML,MSV000091754,20200303_ENTACT_RP_mzML,0,,2024-03-26 01:32:28.141000,90488798,86,GNPS,0,0,,,No
mzspec:MSV000091754:peak/20200303_ENTACT_RP_mzML/mix501/20200303_ENTACT_RP_mix501_pos_CE60.mzML,peak/20200303_ENTACT_RP_mzML/mix501/20200303_ENTACT_RP_mix501_pos_CE60.mzML,MSV000091754,20200303_ENTACT_RP_mzML,0,,2024-03-26 01:32:28.402000,90099928,85,GNPS,0,0,,,No
mzspec:MSV000091754:peak/20200303_ENTACT_RP_mzML/mix501/20200303_ENTACT_RP_mix501_pos_CE75.mzML,peak/20200303_ENTACT_RP_mzML/mix501/20200303_ENTACT_RP_mix501_pos_CE75.mzML,MSV000091754,20200303_ENTACT_RP_mzML,0,,2024-03-26 01:32:28.713000,90433274,86,GNPS,0,0,,,No
mzspec:MSV000091754:peak/20200303_ENTACT_RP_mzML/mix501/20200303_ENTACT_RP_mix501_pos_CE90.mzML,peak/20200303_ENTACT_RP_mzML/mix501/20200303_ENTACT_RP_mix501_pos_CE90.mzML,MSV000091754,20200303_ENTACT_RP_mzML,0,,2024-03-26 01:32:28.986000,89653211,85,GNPS,0,0,,,No
mzspec:MSV000091754:peak/20200303_ENTACT_RP_mzML/mix502/20200303_ENTACT_RP_mix502_neg_CE15.mzML,peak/20200303_ENTACT_RP_mzML/mix502/20200303_ENTACT_RP_mix502_neg_CE15.mzML,MSV000091754,20200303_ENTACT_RP_mzML,0,,2024-03-26 01:32:29.303000,69389473,66,GNPS,0,0,,,No
mzspec:MSV000091754:peak/20200303_ENTACT_RP_mzML/mix502/20200303_ENTACT_RP_mix502_neg_CE30.mzML,peak/20200303_ENTACT_RP_mzML/mix502/20200303_ENTACT_RP_mix502_neg_CE30.mzML,MSV000091754,20200303_ENTACT_RP_mzML,0,,2024-03-26 01:32:29.620000,69646816,66,GNPS,0,0,,,No
mzspec:MSV000091754:peak/20200303_ENTACT_RP_mzML/mix502/20200303_ENTACT_RP_mix502_neg_CE45.mzML,peak/20200303_ENTACT_RP_mzML/mix502/20200303_ENTACT_RP_mix502_neg_CE45.mzML,MSV000091754,20200303_ENTACT_RP_mzML,0,,2024-03-26 01:32:30.173000,69226164,66,GNPS,0,0,,,No
mzspec:MSV000091754:peak/20200303_ENTACT_RP_mzML/mix502/20200303_ENTACT_RP_mix502_neg_CE60.mzML,peak/20200303_ENTACT_RP_mzML/mix502/20200303_ENTACT_RP_mix502_neg_CE60.mzML,MSV000091754,20200303_ENTACT_RP_mzML,0,,2024-03-26 01:32:30.447000,69029766,65,GNPS,0,0,,,No
mzspec:MSV000091754:peak/20200303_ENTACT_RP_mzML/mix502/20200303_ENTACT_RP_mix502_neg_CE75.mzML,peak/20200303_ENTACT_RP_mzML/mix502/20200303_ENTACT_RP_mix502_neg_CE75.mzML,MSV000091754,20200303_ENTACT_RP_mzML,0,,2024-03-26 01:32:30.782000,68929916,65,GNPS,0,0,,,No
mzspec:MSV000091754:peak/20200303_ENTACT_RP_mzML/mix502/20200303_ENTACT_RP_mix502_neg_CE90.mzML,peak/20200303_ENTACT_RP_mzML/mix502/20200303_ENTACT_RP_mix502_neg_CE90.mzML,MSV000091754,20200303_ENTACT_RP_mzML,0,,2024-03-26 01:32:31.119000,69424832,66,GNPS,0,0,,,No
mzspec:MSV000091754:peak/20200303_ENTACT_RP_mzML/mix502/20200303_ENTACT_RP_mix502_pos_CE15.mzML,peak/20200303_ENTACT_RP_mzML/mix502/20200303_ENTACT_RP_mix502_pos_CE15.mzML,MSV000091754,20200303_ENTACT_RP_mzML,0,,2024-03-26 01:32:31.491000,90440980,86,GNPS,0,0,,,No
mzspec:MSV000091754:peak/20200303_ENTACT_RP_mzML/mix502/20200303_ENTACT_RP_mix502_pos_CE30.mzML,peak/20200303_ENTACT_RP_mzML/mix502/20200303_ENTACT_RP_mix502_pos_CE30.mzML,MSV000091754,20200303_ENTACT_RP_mzML,0,,2024-03-26 01:32:31.908000,90588040,86,GNPS,0,0,,,No
mzspec:MSV000091754:peak/20200303_ENTACT_RP_mzML/mix502/20200303_ENTACT_RP_mix502_pos_CE45.mzML,peak/20200303_ENTACT_RP_mzML/mix502/20200303_ENTACT_RP_mix502_pos_CE45.mzML,MSV000091754,20200303_ENTACT_RP_mzML,0,,2024-03-26 01:32:32.216000,90536360,86,GNPS,0,0,,,No
mzspec:MSV000091754:peak/20200303_ENTACT_RP_mzML/mix502/20200303_ENTACT_RP_mix502_pos_CE60.mzML,peak/20200303_ENTACT_RP_mzML/mix502/20200303_ENTACT_RP_mix502_pos_CE60.mzML,MSV000091754,20200303_ENTACT_RP_mzML,0,,2024-03-26 01:32:32.519000,90342614,86,GNPS,0,0,,,No
mzspec:MSV000091754:peak/20200303_ENTACT_RP_mzML/mix502/20200303_ENTACT_RP_mix502_pos_CE75.mzML,peak/20200303_ENTACT_RP_mzML/mix502/20200303_ENTACT_RP_mix502_pos_CE75.mzML,MSV000091754,20200303_ENTACT_RP_mzML,0,,2024-03-26 01:32:32.946000,90444682,86,GNPS,0,0,,,No
mzspec:MSV000091754:peak/20200303_ENTACT_RP_mzML/mix502/20200303_ENTACT_RP_mix502_pos_CE90.mzML,peak/20200303_ENTACT_RP_mzML/mix502/20200303_ENTACT_RP_mix502_pos_CE90.mzML,MSV000091754,20200303_ENTACT_RP_mzML,0,,2024-03-26 01:32:33.242000,90173785,85,GNPS,0,0,,,No
mzspec:MSV000091754:peak/20200303_ENTACT_RP_mzML/mix503/20200303_ENTACT_RP_mix503_neg_CE15.mzML,peak/20200303_ENTACT_RP_mzML/mix503/20200303_ENTACT_RP_mix503_neg_CE15.mzML,MSV000091754,20200303_ENTACT_RP_mzML,0,,2024-03-26 01:32:33.545000,70222364,66,GNPS,0,0,,,No
mzspec:MSV000091754:peak/20200303_ENTACT_RP_mzML/mix503/20200303_ENTACT_RP_mix503_neg_CE30.mzML,peak/20200303_ENTACT_RP_mzML/mix503/20200303_ENTACT_RP_mix503_neg_CE30.mzML,MSV000091754,20200303_ENTACT_RP_mzML,0,,2024-03-26 01:32:33.869000,70283331,67,GNPS,0,0,,,No
mzspec:MSV000091754:peak/20200303_ENTACT_RP_mzML/mix503/20200303_ENTACT_RP_mix503_neg_CE45.mzML,peak/20200303_ENTACT_RP_mzML/mix503/20200303_ENTACT_RP_mix503_neg_CE45.mzML,MSV000091754,20200303_ENTACT_RP_mzML,0,,2024-03-26 01:32:34.212000,70359432,67,GNPS,0,0,,,No
mzspec:MSV000091754:peak/20200303_ENTACT_RP_mzML/mix503/20200303_ENTACT_RP_mix503_neg_CE60.mzML,peak/20200303_ENTACT_RP_mzML/mix503/20200303_ENTACT_RP_mix503_neg_CE60.mzML,MSV000091754,20200303_ENTACT_RP_mzML,0,,2024-03-26 01:32:34.474000,70456831,67,GNPS,0,0,,,No
mzspec:MSV000091754:peak/20200303_ENTACT_RP_mzML/mix503/20200303_ENTACT_RP_mix503_neg_CE75.mzML,peak/20200303_ENTACT_RP_mzML/mix503/20200303_ENTACT_RP_mix503_neg_CE75.mzML,MSV000091754,20200303_ENTACT_RP_mzML,0,,2024-03-26 01:32:34.806000,70719627,67,GNPS,0,0,,,No
mzspec:MSV000091754:peak/20200303_ENTACT_RP_mzML/mix503/20200303_ENTACT_RP_mix503_neg_CE90.mzML,peak/20200303_ENTACT_RP_mzML/mix503/20200303_ENTACT_RP_mix503_neg_CE90.mzML,MSV000091754,20200303_ENTACT_RP_mzML,0,,2024-03-26 01:32:35.129000,70415017,67,GNPS,0,0,,,No
mzspec:MSV000091754:peak/20200303_ENTACT_RP_mzML/mix503/20200303_ENTACT_RP_mix503_pos_CE15.mzML,peak/20200303_ENTACT_RP_mzML/mix503/20200303_ENTACT_RP_mix503_pos_CE15.mzML,MSV000091754,20200303_ENTACT_RP_mzML,0,,2024-03-26 01:32:35.461000,91202176,86,GNPS,0,0,,,No
mzspec:MSV000091754:peak/20200303_ENTACT_RP_mzML/mix503/20200303_ENTACT_RP_mix503_pos_CE30.mzML,peak/20200303_ENTACT_RP_mzML/mix503/20200303_ENTACT_RP_mix503_pos_CE30.mzML,MSV000091754,20200303_ENTACT_RP_mzML,0,,2024-03-26 01:32:35.813000,91068775,86,GNPS,0,0,,,No
mzspec:MSV000091754:peak/20200303_ENTACT_RP_mzML/mix503/20200303_ENTACT_RP_mix503_pos_CE45.mzML,peak/20200303_ENTACT_RP_mzML/mix503/20200303_ENTACT_RP_mix503_pos_CE45.mzML,MSV000091754,20200303_ENTACT_RP_mzML,0,,2024-03-26 01:32:36.111000,90981372,86,GNPS,0,0,,,No
mzspec:MSV000091754:peak/20200303_ENTACT_RP_mzML/mix503/20200303_ENTACT_RP_mix503_pos_CE60.mzML,peak/20200303_ENTACT_RP_mzML/mix503/20200303_ENTACT_RP_mix503_pos_CE60.mzML,MSV000091754,20200303_ENTACT_RP_mzML,0,,2024-03-26 01:32:36.377000,90707397,86,GNPS,0,0,,,No
mzspec:MSV000091754:peak/20200303_ENTACT_RP_mzML/mix503/20200303_ENTACT_RP_mix503_pos_CE75.mzML,peak/20200303_ENTACT_RP_mzML/mix503/20200303_ENTACT_RP_mix503_pos_CE75.mzML,MSV000091754,20200303_ENTACT_RP_mzML,0,,2024-03-26 01:32:36.747000,90840321,86,GNPS,0,0,,,No
mzspec:MSV000091754:peak/20200303_ENTACT_RP_mzML/mix503/20200303_ENTACT_RP_mix503_pos_CE90.mzML,peak/20200303_ENTACT_RP_mzML/mix503/20200303_ENTACT_RP_mix503_pos_CE90.mzML,MSV000091754,20200303_ENTACT_RP_mzML,0,,2024-03-26 01:32:37.068000,90489080,86,GNPS,0,0,,,No
mzspec:MSV000091754:peak/20200303_ENTACT_RP_mzML/mix504/20200303_ENTACT_RP_mix504_neg_CE15.mzML,peak/20200303_ENTACT_RP_mzML/mix504/20200303_ENTACT_RP_mix504_neg_CE15.mzML,MSV000091754,20200303_ENTACT_RP_mzML,0,,2024-03-26 01:32:37.408000,70431379,67,GNPS,0,0,,,No
mzspec:MSV000091754:peak/20200303_ENTACT_RP_mzML/mix504/20200303_ENTACT_RP_mix504_neg_CE30.mzML,peak/20200303_ENTACT_RP_mzML/mix504/20200303_ENTACT_RP_mix504_neg_CE30.mzML,MSV000091754,20200303_ENTACT_RP_mzML,0,,2024-03-26 01:32:37.661000,70025338,66,GNPS,0,0,,,No
mzspec:MSV000091754:peak/20200303_ENTACT_RP_mzML/mix504/20200303_ENTACT_RP_mix504_neg_CE45.mzML,peak/20200303_ENTACT_RP_mzML/mix504/20200303_ENTACT_RP_mix504_neg_CE45.mzML,MSV000091754,20200303_ENTACT_RP_mzML,0,,2024-03-26 01:32:37.959000,70184266,66,GNPS,0,0,,,No
mzspec:MSV000091754:peak/20200303_ENTACT_RP_mzML/mix504/20200303_ENTACT_RP_mix504_neg_CE60.mzML,peak/20200303_ENTACT_RP_mzML/mix504/20200303_ENTACT_RP_mix504_neg_CE60.mzML,MSV000091754,20200303_ENTACT_RP_mzML,0,,2024-03-26 01:32:38.375000,70286274,67,GNPS,0,0,,,No
mzspec:MSV000091754:peak/20200303_ENTACT_RP_mzML/mix504/20200303_ENTACT_RP_mix504_neg_CE75.mzML,peak/20200303_ENTACT_RP_mzML/mix504/20200303_ENTACT_RP_mix504_neg_CE75.mzML,MSV000091754,20200303_ENTACT_RP_mzML,0,,2024-03-26 01:32:38.643000,69875747,66,GNPS,0,0,,,No
mzspec:MSV000091754:peak/20200303_ENTACT_RP_mzML/mix504/20200303_ENTACT_RP_mix504_neg_CE90.mzML,peak/20200303_ENTACT_RP_mzML/mix504/20200303_ENTACT_RP_mix504_neg_CE90.mzML,MSV000091754,20200303_ENTACT_RP_mzML,0,,2024-03-26 01:32:39.024000,69838996,66,GNPS,0,0,,,No
mzspec:MSV000091754:peak/20200303_ENTACT_RP_mzML/mix504/20200303_ENTACT_RP_mix504_pos_CE15.mzML,peak/20200303_ENTACT_RP_mzML/mix504/20200303_ENTACT_RP_mix504_pos_CE15.mzML,MSV000091754,20200303_ENTACT_RP_mzML,0,,2024-03-26 01:32:39.318000,91077626,86,GNPS,0,0,,,No
mzspec:MSV000091754:peak/20200303_ENTACT_RP_mzML/mix504/20200303_ENTACT_RP_mix504_pos_CE30.mzML,peak/20200303_ENTACT_RP_mzML/mix504/20200303_ENTACT_RP_mix504_pos_CE30.mzML,MSV000091754,20200303_ENTACT_RP_mzML,0,,2024-03-26 01:32:39.665000,90879984,86,GNPS,0,0,,,No
mzspec:MSV000091754:peak/20200303_ENTACT_RP_mzML/mix504/20200303_ENTACT_RP_mix504_pos_CE45.mzML,peak/20200303_ENTACT_RP_mzML/mix504/20200303_ENTACT_RP_mix504_pos_CE45.mzML,MSV000091754,20200303_ENTACT_RP_mzML,0,,2024-03-26 01:32:40.013000,91105754,86,GNPS,0,0,,,No
mzspec:MSV000091754:peak/20200303_ENTACT_RP_mzML/mix504/20200303_ENTACT_RP_mix504_pos_CE60.mzML,peak/20200303_ENTACT_RP_mzML/mix504/20200303_ENTACT_RP_mix504_pos_CE60.mzML,MSV000091754,20200303_ENTACT_RP_mzML,0,,2024-03-26 01:32:40.309000,90936316,86,GNPS,0,0,,,No
mzspec:MSV000091754:peak/20200303_ENTACT_RP_mzML/mix504/20200303_ENTACT_RP_mix504_pos_CE75.mzML,peak/20200303_ENTACT_RP_mzML/mix504/20200303_ENTACT_RP_mix504_pos_CE75.mzML,MSV000091754,20200303_ENTACT_RP_mzML,0,,2024-03-26 01:32:40.570000,90802024,86,GNPS,0,0,,,No
mzspec:MSV000091754:peak/20200303_ENTACT_RP_mzML/mix504/20200303_ENTACT_RP_mix504_pos_CE90.mzML,peak/20200303_ENTACT_RP_mzML/mix504/20200303_ENTACT_RP_mix504_pos_CE90.mzML,MSV000091754,20200303_ENTACT_RP_mzML,0,,2024-03-26 01:32:40.928000,90606575,86,GNPS,0,0,,,No
mzspec:MSV000091754:peak/20200303_ENTACT_RP_mzML/mix505/20200303_ENTACT_RP_mix505_neg_CE15.mzML,peak/20200303_ENTACT_RP_mzML/mix505/20200303_ENTACT_RP_mix505_neg_CE15.mzML,MSV000091754,20200303_ENTACT_RP_mzML,0,,2024-03-26 01:32:41.174000,73484958,70,GNPS,0,0,,,No
mzspec:MSV000091754:peak/20200303_ENTACT_RP_mzML/mix505/20200303_ENTACT_RP_mix505_neg_CE30.mzML,peak/20200303_ENTACT_RP_mzML/mix505/20200303_ENTACT_RP_mix505_neg_CE30.mzML,MSV000091754,20200303_ENTACT_RP_mzML,0,,2024-03-26 01:32:41.578000,73275758,69,GNPS,0,0,,,No
mzspec:MSV000091754:peak/20200303_ENTACT_RP_mzML/mix505/20200303_ENTACT_RP_mix505_neg_CE45.mzML,peak/20200303_ENTACT_RP_mzML/mix505/20200303_ENTACT_RP_mix505_neg_CE45.mzML,MSV000091754,20200303_ENTACT_RP_mzML,0,,2024-03-26 01:32:41.838000,72766052,69,GNPS,0,0,,,No
mzspec:MSV000091754:peak/20200303_ENTACT_RP_mzML/mix505/20200303_ENTACT_RP_mix505_neg_CE60.mzML,peak/20200303_ENTACT_RP_mzML/mix505/20200303_ENTACT_RP_mix505_neg_CE60.mzML,MSV000091754,20200303_ENTACT_RP_mzML,0,,2024-03-26 01:32:42.181000,72981146,69,GNPS,0,0,,,No
mzspec:MSV000091754:peak/20200303_ENTACT_RP_mzML/mix505/20200303_ENTACT_RP_mix505_neg_CE75.mzML,peak/20200303_ENTACT_RP_mzML/mix505/20200303_ENTACT_RP_mix505_neg_CE75.mzML,MSV000091754,20200303_ENTACT_RP_mzML,0,,2024-03-26 01:32:42.441000,72908554,69,GNPS,0,0,,,No
mzspec:MSV000091754:peak/20200303_ENTACT_RP_mzML/mix505/20200303_ENTACT_RP_mix505_neg_CE90.mzML,peak/20200303_ENTACT_RP_mzML/mix505/20200303_ENTACT_RP_mix505_neg_CE90.mzML,MSV000091754,20200303_ENTACT_RP_mzML,0,,2024-03-26 01:32:42.672000,72948399,69,GNPS,0,0,,,No
mzspec:MSV000091754:peak/20200303_ENTACT_RP_mzML/mix505/20200303_ENTACT_RP_mix505_pos_CE15.mzML,peak/20200303_ENTACT_RP_mzML/mix505/20200303_ENTACT_RP_mix505_pos_CE15.mzML,MSV000091754,20200303_ENTACT_RP_mzML,0,,2024-03-26 01:32:43.010000,91707867,87,GNPS,0,0,,,No
mzspec:MSV000091754:peak/20200303_ENTACT_RP_mzML/mix505/20200303_ENTACT_RP_mix505_pos_CE30.mzML,peak/20200303_ENTACT_RP_mzML/mix505/20200303_ENTACT_RP_mix505_pos_CE30.mzML,MSV000091754,20200303_ENTACT_RP_mzML,0,,2024-03-26 01:32:43.447000,91593868,87,GNPS,0,0,,,No
mzspec:MSV000091754:peak/20200303_ENTACT_RP_mzML/mix505/20200303_ENTACT_RP_mix505_pos_CE45.mzML,peak/20200303_ENTACT_RP_mzML/mix505/20200303_ENTACT_RP_mix505_pos_CE45.mzML,MSV000091754,20200303_ENTACT_RP_mzML,0,,2024-03-26 01:32:43.815000,91985676,87,GNPS,0,0,,,No
mzspec:MSV000091754:peak/20200303_ENTACT_RP_mzML/mix505/20200303_ENTACT_RP_mix505_pos_CE60.mzML,peak/20200303_ENTACT_RP_mzML/mix505/20200303_ENTACT_RP_mix505_pos_CE60.mzML,MSV000091754,20200303_ENTACT_RP_mzML,0,,2024-03-26 01:32:44.226000,92011164,87,GNPS,0,0,,,No
mzspec:MSV000091754:peak/20200303_ENTACT_RP_mzML/mix505/20200303_ENTACT_RP_mix505_pos_CE75.mzML,peak/20200303_ENTACT_RP_mzML/mix505/20200303_ENTACT_RP_mix505_pos_CE75.mzML,MSV000091754,20200303_ENTACT_RP_mzML,0,,2024-03-26 01:32:44.639000,96865628,92,GNPS,0,0,,,No
mzspec:MSV000091754:peak/20200303_ENTACT_RP_mzML/mix506/20200303_ENTACT_RP_mix506_neg_CE15.mzML,peak/20200303_ENTACT_RP_mzML/mix506/20200303_ENTACT_RP_mix506_neg_CE15.mzML,MSV000091754,20200303_ENTACT_RP_mzML,0,,2024-03-26 01:32:45.029000,73220189,69,GNPS,0,0,,,No
mzspec:MSV000091754:peak/20200303_ENTACT_RP_mzML/mix506/20200303_ENTACT_RP_mix506_neg_CE30.mzML,peak/20200303_ENTACT_RP_mzML/mix506/20200303_ENTACT_RP_mix506_neg_CE30.mzML,MSV000091754,20200303_ENTACT_RP_mzML,0,,2024-03-26 01:32:45.396000,73194819,69,GNPS,0,0,,,No
mzspec:MSV000091754:peak/20200303_ENTACT_RP_mzML/mix506/20200303_ENTACT_RP_mix506_neg_CE45.mzML,peak/20200303_ENTACT_RP_mzML/mix506/20200303_ENTACT_RP_mix506_neg_CE45.mzML,MSV000091754,20200303_ENTACT_RP_mzML,0,,2024-03-26 01:32:45.760000,73456687,70,GNPS,0,0,,,No
mzspec:MSV000091754:peak/20200303_ENTACT_RP_mzML/mix506/20200303_ENTACT_RP_mix506_neg_CE60.mzML,peak/20200303_ENTACT_RP_mzML/mix506/20200303_ENTACT_RP_mix506_neg_CE60.mzML,MSV000091754,20200303_ENTACT_RP_mzML,0,,2024-03-26 01:32:46.096000,73348714,69,GNPS,0,0,,,No
mzspec:MSV000091754:peak/20200303_ENTACT_RP_mzML/mix506/20200303_ENTACT_RP_mix506_neg_CE75.mzML,peak/20200303_ENTACT_RP_mzML/mix506/20200303_ENTACT_RP_mix506_neg_CE75.mzML,MSV000091754,20200303_ENTACT_RP_mzML,0,,2024-03-26 01:32:46.439000,73444076,70,GNPS,0,0,,,No
mzspec:MSV000091754:peak/20200303_ENTACT_RP_mzML/mix506/20200303_ENTACT_RP_mix506_neg_CE90.mzML,peak/20200303_ENTACT_RP_mzML/mix506/20200303_ENTACT_RP_mix506_neg_CE90.mzML,MSV000091754,20200303_ENTACT_RP_mzML,0,,2024-03-26 01:32:46.843000,73406373,70,GNPS,0,0,,,No
mzspec:MSV000091754:peak/20200303_ENTACT_RP_mzML/mix506/20200303_ENTACT_RP_mix506_pos_CE15.mzML,peak/20200303_ENTACT_RP_mzML/mix506/20200303_ENTACT_RP_mix506_pos_CE15.mzML,MSV000091754,20200303_ENTACT_RP_mzML,0,,2024-03-26 01:32:47.203000,91666538,87,GNPS,0,0,,,No
mzspec:MSV000091754:peak/20200303_ENTACT_RP_mzML/mix506/20200303_ENTACT_RP_mix506_pos_CE30.mzML,peak/20200303_ENTACT_RP_mzML/mix506/20200303_ENTACT_RP_mix506_pos_CE30.mzML,MSV000091754,20200303_ENTACT_RP_mzML,0,,2024-03-26 01:32:47.581000,91513009,87,GNPS,0,0,,,No
mzspec:MSV000091754:peak/20200303_ENTACT_RP_mzML/mix506/20200303_ENTACT_RP_mix506_pos_CE45.mzML,peak/20200303_ENTACT_RP_mzML/mix506/20200303_ENTACT_RP_mix506_pos_CE45.mzML,MSV000091754,20200303_ENTACT_RP_mzML,0,,2024-03-26 01:32:47.967000,91896769,87,GNPS,0,0,,,No
mzspec:MSV000091754:peak/20200303_ENTACT_RP_mzML/mix506/20200303_ENTACT_RP_mix506_pos_CE60.mzML,peak/20200303_ENTACT_RP_mzML/mix506/20200303_ENTACT_RP_mix506_pos_CE60.mzML,MSV000091754,20200303_ENTACT_RP_mzML,0,,2024-03-26 01:32:48.322000,91664811,87,GNPS,0,0,,,No
mzspec:MSV000091754:peak/20200303_ENTACT_RP_mzML/mix506/20200303_ENTACT_RP_mix506_pos_CE75.mzML,peak/20200303_ENTACT_RP_mzML/mix506/20200303_ENTACT_RP_mix506_pos_CE75.mzML,MSV000091754,20200303_ENTACT_RP_mzML,0,,2024-03-26 01:32:48.618000,91558305,87,GNPS,0,0,,,No
mzspec:MSV000091754:peak/20200303_ENTACT_RP_mzML/mix506/20200303_ENTACT_RP_mix506_pos_CE90.mzML,peak/20200303_ENTACT_RP_mzML/mix506/20200303_ENTACT_RP_mix506_pos_CE90.mzML,MSV000091754,20200303_ENTACT_RP_mzML,0,,2024-03-26 01:32:49.007000,91213354,86,GNPS,0,0,,,No
mzspec:MSV000091754:peak/20200303_ENTACT_RP_mzML/mix507/20200303_ENTACT_RP_mix507_neg_CE15.mzML,peak/20200303_ENTACT_RP_mzML/mix507/20200303_ENTACT_RP_mix507_neg_CE15.mzML,MSV000091754,20200303_ENTACT_RP_mzML,0,,2024-03-26 01:32:49.304000,70158285,66,GNPS,0,0,,,No
mzspec:MSV000091754:peak/20200303_ENTACT_RP_mzML/mix507/20200303_ENTACT_RP_mix507_neg_CE30.mzML,peak/20200303_ENTACT_RP_mzML/mix507/20200303_ENTACT_RP_mix507_neg_CE30.mzML,MSV000091754,20200303_ENTACT_RP_mzML,0,,2024-03-26 01:32:49.602000,70366614,67,GNPS,0,0,,,No
mzspec:MSV000091754:peak/20200303_ENTACT_RP_mzML/mix507/20200303_ENTACT_RP_mix507_neg_CE45.mzML,peak/20200303_ENTACT_RP_mzML/mix507/20200303_ENTACT_RP_mix507_neg_CE45.mzML,MSV000091754,20200303_ENTACT_RP_mzML,0,,2024-03-26 01:32:49.984000,70003233,66,GNPS,0,0,,,No
mzspec:MSV000091754:peak/20200303_ENTACT_RP_mzML/mix507/20200303_ENTACT_RP_mix507_neg_CE60.mzML,peak/20200303_ENTACT_RP_mzML/mix507/20200303_ENTACT_RP_mix507_neg_CE60.mzML,MSV000091754,20200303_ENTACT_RP_mzML,0,,2024-03-26 01:32:50.253000,70244670,66,GNPS,0,0,,,No
mzspec:MSV000091754:peak/20200303_ENTACT_RP_mzML/mix507/20200303_ENTACT_RP_mix507_neg_CE75.mzML,peak/20200303_ENTACT_RP_mzML/mix507/20200303_ENTACT_RP_mix507_neg_CE75.mzML,MSV000091754,20200303_ENTACT_RP_mzML,0,,2024-03-26 01:32:50.587000,69908710,66,GNPS,0,0,,,No
mzspec:MSV000091754:peak/20200303_ENTACT_RP_mzML/mix507/20200303_ENTACT_RP_mix507_neg_CE90.mzML,peak/20200303_ENTACT_RP_mzML/mix507/20200303_ENTACT_RP_mix507_neg_CE90.mzML,MSV000091754,20200303_ENTACT_RP_mzML,0,,2024-03-26 01:32:50.910000,70007792,66,GNPS,0,0,,,No
mzspec:MSV000091754:peak/20200303_ENTACT_RP_mzML/mix507/20200303_ENTACT_RP_mix507_pos_CE15.mzML,peak/20200303_ENTACT_RP_mzML/mix507/20200303_ENTACT_RP_mix507_pos_CE15.mzML,MSV000091754,20200303_ENTACT_RP_mzML,0,,2024-03-26 01:32:51.331000,90791839,86,GNPS,0,0,,,No
mzspec:MSV000091754:peak/20200303_ENTACT_RP_mzML/mix507/20200303_ENTACT_RP_mix507_pos_CE30.mzML,peak/20200303_ENTACT_RP_mzML/mix507/20200303_ENTACT_RP_mix507_pos_CE30.mzML,MSV000091754,20200303_ENTACT_RP_mzML,0,,2024-03-26 01:32:51.722000,90677186,86,GNPS,0,0,,,No
mzspec:MSV000091754:peak/20200303_ENTACT_RP_mzML/mix507/20200303_ENTACT_RP_mix507_pos_CE45.mzML,peak/20200303_ENTACT_RP_mzML/mix507/20200303_ENTACT_RP_mix507_pos_CE45.mzML,MSV000091754,20200303_ENTACT_RP_mzML,0,,2024-03-26 01:32:52.042000,90782831,86,GNPS,0,0,,,No
mzspec:MSV000091754:peak/20200303_ENTACT_RP_mzML/mix507/20200303_ENTACT_RP_mix507_pos_CE60.mzML,peak/20200303_ENTACT_RP_mzML/mix507/20200303_ENTACT_RP_mix507_pos_CE60.mzML,MSV000091754,20200303_ENTACT_RP_mzML,0,,2024-03-26 01:32:52.408000,90721027,86,GNPS,0,0,,,No
mzspec:MSV000091754:peak/20200303_ENTACT_RP_mzML/mix507/20200303_ENTACT_RP_mix507_pos_CE75.mzML,peak/20200303_ENTACT_RP_mzML/mix507/20200303_ENTACT_RP_mix507_pos_CE75.mzML,MSV000091754,20200303_ENTACT_RP_mzML,0,,2024-03-26 01:32:52.770000,90722378,86,GNPS,0,0,,,No
mzspec:MSV000091754:peak/20200303_ENTACT_RP_mzML/mix507/20200303_ENTACT_RP_mix507_pos_CE90.mzML,peak/20200303_ENTACT_RP_mzML/mix507/20200303_ENTACT_RP_mix507_pos_CE90.mzML,MSV000091754,20200303_ENTACT_RP_mzML,0,,2024-03-26 01:32:53.141000,90324774,86,GNPS,0,0,,,No
mzspec:MSV000091754:peak/20200303_ENTACT_RP_mzML/mix508/20200303_ENTACT_RP_mix508_neg_CE15.mzML,peak/20200303_ENTACT_RP_mzML/mix508/20200303_ENTACT_RP_mix508_neg_CE15.mzML,MSV000091754,20200303_ENTACT_RP_mzML,0,,2024-03-26 01:42:39.459000,72113898,68,GNPS,0,0,,,No
mzspec:MSV000091754:peak/20200303_ENTACT_RP_mzML/mix508/20200303_ENTACT_RP_mix508_neg_CE30.mzML,peak/20200303_ENTACT_RP_mzML/mix508/20200303_ENTACT_RP_mix508_neg_CE30.mzML,MSV000091754,20200303_ENTACT_RP_mzML,0,,2024-03-26 01:42:39.888000,72295296,68,GNPS,0,0,,,No
mzspec:MSV000091754:peak/20200303_ENTACT_RP_mzML/mix508/20200303_ENTACT_RP_mix508_neg_CE45.mzML,peak/20200303_ENTACT_RP_mzML/mix508/20200303_ENTACT_RP_mix508_neg_CE45.mzML,MSV000091754,20200303_ENTACT_RP_mzML,0,,2024-03-26 01:42:40.166000,72042275,68,GNPS,0,0,,,No
mzspec:MSV000091754:peak/20200303_ENTACT_RP_mzML/mix508/20200303_ENTACT_RP_mix508_neg_CE60.mzML,peak/20200303_ENTACT_RP_mzML/mix508/20200303_ENTACT_RP_mix508_neg_CE60.mzML,MSV000091754,20200303_ENTACT_RP_mzML,0,,2024-03-26 01:42:40.528000,71890025,68,GNPS,0,0,,,No
mzspec:MSV000091754:peak/20200303_ENTACT_RP_mzML/mix508/20200303_ENTACT_RP_mix508_neg_CE75.mzML,peak/20200303_ENTACT_RP_mzML/mix508/20200303_ENTACT_RP_mix508_neg_CE75.mzML,MSV000091754,20200303_ENTACT_RP_mzML,0,,2024-03-26 01:42:40.886000,71946121,68,GNPS,0,0,,,No
mzspec:MSV000091754:peak/20200303_ENTACT_RP_mzML/mix508/20200303_ENTACT_RP_mix508_neg_CE90.mzML,peak/20200303_ENTACT_RP_mzML/mix508/20200303_ENTACT_RP_mix508_neg_CE90.mzML,MSV000091754,20200303_ENTACT_RP_mzML,0,,2024-03-26 01:42:41.263000,71779458,68,GNPS,0,0,,,No
mzspec:MSV000091754:peak/20200303_ENTACT_RP_mzML/mix508/20200303_ENTACT_RP_mix508_pos_CE15.mzML,peak/20200303_ENTACT_RP_mzML/mix508/20200303_ENTACT_RP_mix508_pos_CE15.mzML,MSV000091754,20200303_ENTACT_RP_mzML,0,,2024-03-26 01:42:41.684000,91885539,87,GNPS,0,0,,,No
mzspec:MSV000091754:peak/20200303_ENTACT_RP_mzML/mix508/20200303_ENTACT_RP_mix508_pos_CE30.mzML,peak/20200303_ENTACT_RP_mzML/mix508/20200303_ENTACT_RP_mix508_pos_CE30.mzML,MSV000091754,20200303_ENTACT_RP_mzML,0,,2024-03-26 01:42:42.212000,92089461,87,GNPS,0,0,,,No
mzspec:MSV000091754:peak/20200303_ENTACT_RP_mzML/mix508/20200303_ENTACT_RP_mix508_pos_CE45.mzML,peak/20200303_ENTACT_RP_mzML/mix508/20200303_ENTACT_RP_mix508_pos_CE45.mzML,MSV000091754,20200303_ENTACT_RP_mzML,0,,2024-03-26 01:42:42.775000,92196536,87,GNPS,0,0,,,No
mzspec:MSV000091754:peak/20200303_ENTACT_RP_mzML/mix508/20200303_ENTACT_RP_mix508_pos_CE60.mzML,peak/20200303_ENTACT_RP_mzML/mix508/20200303_ENTACT_RP_mix508_pos_CE60.mzML,MSV000091754,20200303_ENTACT_RP_mzML,0,,2024-03-26 01:42:43.361000,92202012,87,GNPS,0,0,,,No
mzspec:MSV000091754:peak/20200303_ENTACT_RP_mzML/mix508/20200303_ENTACT_RP_mix508_pos_CE75.mzML,peak/20200303_ENTACT_RP_mzML/mix508/20200303_ENTACT_RP_mix508_pos_CE75.mzML,MSV000091754,20200303_ENTACT_RP_mzML,0,,2024-03-26 01:42:43.871000,92031794,87,GNPS,0,0,,,No
mzspec:MSV000091754:peak/20200303_ENTACT_RP_mzML/mix508/20200303_ENTACT_RP_mix508_pos_CE90.mzML,peak/20200303_ENTACT_RP_mzML/mix508/20200303_ENTACT_RP_mix508_pos_CE90.mzML,MSV000091754,20200303_ENTACT_RP_mzML,0,,2024-03-26 01:42:44.383000,91797117,87,GNPS,0,0,,,No
mzspec:MSV000091754:raw/20190812_ENTACT_RP_RAW/entact_RP_neg_CE15_499.raw,raw/20190812_ENTACT_RP_RAW/entact_RP_neg_CE15_499.raw,MSV000091754,20190812_ENTACT_RP_RAW,0,,2024-03-26 01:48:35.894000,269981648,257,GNPS,0,0,,,No
mzspec:MSV000091754:raw/20190812_ENTACT_RP_RAW/entact_RP_neg_CE15_500.raw,raw/20190812_ENTACT_RP_RAW/entact_RP_neg_CE15_500.raw,MSV000091754,20190812_ENTACT_RP_RAW,0,,2024-03-26 01:48:37.219000,262321016,250,GNPS,0,0,,,No
mzspec:MSV000091754:raw/20190812_ENTACT_RP_RAW/entact_RP_neg_CE15_501.raw,raw/20190812_ENTACT_RP_RAW/entact_RP_neg_CE15_501.raw,MSV000091754,20190812_ENTACT_RP_RAW,0,,2024-03-26 01:48:38.638000,260440532,248,GNPS,0,0,,,No
mzspec:MSV000091754:raw/20190812_ENTACT_RP_RAW/entact_RP_neg_CE15_502.raw,raw/20190812_ENTACT_RP_RAW/entact_RP_neg_CE15_502.raw,MSV000091754,20190812_ENTACT_RP_RAW,0,,2024-03-26 01:48:40.107000,262073748,249,GNPS,0,0,,,No
mzspec:MSV000091754:raw/20190812_ENTACT_RP_RAW/entact_RP_neg_CE15_503.raw,raw/20190812_ENTACT_RP_RAW/entact_RP_neg_CE15_503.raw,MSV000091754,20190812_ENTACT_RP_RAW,0,,2024-03-26 01:48:41.398000,241821391,230,GNPS,0,0,,,No
mzspec:MSV000091754:raw/20190812_ENTACT_RP_RAW/entact_RP_neg_CE15_504.raw,raw/20190812_ENTACT_RP_RAW/entact_RP_neg_CE15_504.raw,MSV000091754,20190812_ENTACT_RP_RAW,0,,2024-03-26 01:48:44.125000,239607269,228,GNPS,0,0,,,No
mzspec:MSV000091754:raw/20190812_ENTACT_RP_RAW/entact_RP_neg_CE15_505.raw,raw/20190812_ENTACT_RP_RAW/entact_RP_neg_CE15_505.raw,MSV000091754,20190812_ENTACT_RP_RAW,0,,2024-03-26 01:48:45.142000,219056677,208,GNPS,0,0,,,No
mzspec:MSV000091754:raw/20190812_ENTACT_RP_RAW/entact_RP_neg_CE15_506.raw,raw/20190812_ENTACT_RP_RAW/entact_RP_neg_CE15_506.raw,MSV000091754,20190812_ENTACT_RP_RAW,0,,2024-03-26 01:48:46.402000,218384714,208,GNPS,0,0,,,No
mzspec:MSV000091754:raw/20190812_ENTACT_RP_RAW/entact_RP_neg_CE15_507.raw,raw/20190812_ENTACT_RP_RAW/entact_RP_neg_CE15_507.raw,MSV000091754,20190812_ENTACT_RP_RAW,0,,2024-03-26 01:48:47.791000,233033683,222,GNPS,0,0,,,No
mzspec:MSV000091754:raw/20190812_ENTACT_RP_RAW/entact_RP_neg_CE15_508.raw,raw/20190812_ENTACT_RP_RAW/entact_RP_neg_CE15_508.raw,MSV000091754,20190812_ENTACT_RP_RAW,0,,2024-03-26 01:48:48.941000,223526392,213,GNPS,0,0,,,No
mzspec:MSV000091754:raw/20190812_ENTACT_RP_RAW/entact_RP_neg_CE30_499.raw,raw/20190812_ENTACT_RP_RAW/entact_RP_neg_CE30_499.raw,MSV000091754,20190812_ENTACT_RP_RAW,0,,2024-03-26 01:48:50.933000,266038940,253,GNPS,0,0,,,No
mzspec:MSV000091754:raw/20190812_ENTACT_RP_RAW/entact_RP_neg_CE30_500.raw,raw/20190812_ENTACT_RP_RAW/entact_RP_neg_CE30_500.raw,MSV000091754,20190812_ENTACT_RP_RAW,0,,2024-03-26 01:48:52.237000,264872764,252,GNPS,0,0,,,No
mzspec:MSV000091754:raw/20190812_ENTACT_RP_RAW/entact_RP_neg_CE30_501.raw,raw/20190812_ENTACT_RP_RAW/entact_RP_neg_CE30_501.raw,MSV000091754,20190812_ENTACT_RP_RAW,0,,2024-03-26 01:48:53.520000,258903756,246,GNPS,0,0,,,No
mzspec:MSV000091754:raw/20190812_ENTACT_RP_RAW/entact_RP_neg_CE30_502.raw,raw/20190812_ENTACT_RP_RAW/entact_RP_neg_CE30_502.raw,MSV000091754,20190812_ENTACT_RP_RAW,0,,2024-03-26 01:48:54.917000,257538726,245,GNPS,0,0,,,No
mzspec:MSV000091754:raw/20190812_ENTACT_RP_RAW/entact_RP_neg_CE30_503.raw,raw/20190812_ENTACT_RP_RAW/entact_RP_neg_CE30_503.raw,MSV000091754,20190812_ENTACT_RP_RAW,0,,2024-03-26 01:48:56.335000,243307446,232,GNPS,0,0,,,No
mzspec:MSV000091754:raw/20190812_ENTACT_RP_RAW/entact_RP_neg_CE30_504.raw,raw/20190812_ENTACT_RP_RAW/entact_RP_neg_CE30_504.raw,MSV000091754,20190812_ENTACT_RP_RAW,0,,2024-03-26 01:48:58.606000,235100697,224,GNPS,0,0,,,No
mzspec:MSV000091754:raw/20190812_ENTACT_RP_RAW/entact_RP_neg_CE30_505.raw,raw/20190812_ENTACT_RP_RAW/entact_RP_neg_CE30_505.raw,MSV000091754,20190812_ENTACT_RP_RAW,0,,2024-03-26 01:48:59.790000,221788899,211,GNPS,0,0,,,No
mzspec:MSV000091754:raw/20190812_ENTACT_RP_RAW/entact_RP_neg_CE30_506.raw,raw/20190812_ENTACT_RP_RAW/entact_RP_neg_CE30_506.raw,MSV000091754,20190812_ENTACT_RP_RAW,0,,2024-03-26 01:49:00.770000,219300162,209,GNPS,0,0,,,No
mzspec:MSV000091754:raw/20190812_ENTACT_RP_RAW/entact_RP_neg_CE30_507.raw,raw/20190812_ENTACT_RP_RAW/entact_RP_neg_CE30_507.raw,MSV000091754,20190812_ENTACT_RP_RAW,0,,2024-03-26 01:49:01.732000,235430955,224,GNPS,0,0,,,No
mzspec:MSV000091754:raw/20190812_ENTACT_RP_RAW/entact_RP_neg_CE30_508.raw,raw/20190812_ENTACT_RP_RAW/entact_RP_neg_CE30_508.raw,MSV000091754,20190812_ENTACT_RP_RAW,0,,2024-03-26 01:49:02.707000,222993952,212,GNPS,0,0,,,No
mzspec:MSV000091754:raw/20190812_ENTACT_RP_RAW/entact_RP_neg_CE45_499.raw,raw/20190812_ENTACT_RP_RAW/entact_RP_neg_CE45_499.raw,MSV000091754,20190812_ENTACT_RP_RAW,0,,2024-03-26 01:49:03.716000,260723642,248,GNPS,0,0,,,No
mzspec:MSV000091754:raw/20190812_ENTACT_RP_RAW/entact_RP_neg_CE45_500.raw,raw/20190812_ENTACT_RP_RAW/entact_RP_neg_CE45_500.raw,MSV000091754,20190812_ENTACT_RP_RAW,0,,2024-03-26 01:49:04.679000,261641726,249,GNPS,0,0,,,No
mzspec:MSV000091754:raw/20190812_ENTACT_RP_RAW/entact_RP_neg_CE45_501.raw,raw/20190812_ENTACT_RP_RAW/entact_RP_neg_CE45_501.raw,MSV000091754,20190812_ENTACT_RP_RAW,0,,2024-03-26 01:49:05.655000,255805593,243,GNPS,0,0,,,No
mzspec:MSV000091754:raw/20190812_ENTACT_RP_RAW/entact_RP_neg_CE45_502.raw,raw/20190812_ENTACT_RP_RAW/entact_RP_neg_CE45_502.raw,MSV000091754,20190812_ENTACT_RP_RAW,0,,2024-03-26 01:49:06.659000,259518202,247,GNPS,0,0,,,No
mzspec:MSV000091754:raw/20190812_ENTACT_RP_RAW/entact_RP_neg_CE45_503.raw,raw/20190812_ENTACT_RP_RAW/entact_RP_neg_CE45_503.raw,MSV000091754,20190812_ENTACT_RP_RAW,0,,2024-03-26 01:49:07.566000,243528073,232,GNPS,0,0,,,No
mzspec:MSV000091754:raw/20190812_ENTACT_RP_RAW/entact_RP_neg_CE45_504.raw,raw/20190812_ENTACT_RP_RAW/entact_RP_neg_CE45_504.raw,MSV000091754,20190812_ENTACT_RP_RAW,0,,2024-03-26 01:49:08.298000,235324217,224,GNPS,0,0,,,No
mzspec:MSV000091754:raw/20190812_ENTACT_RP_RAW/entact_RP_neg_CE45_505.raw,raw/20190812_ENTACT_RP_RAW/entact_RP_neg_CE45_505.raw,MSV000091754,20190812_ENTACT_RP_RAW,0,,2024-03-26 01:49:09.109000,218196551,208,GNPS,0,0,,,No
mzspec:MSV000091754:raw/20190812_ENTACT_RP_RAW/entact_RP_neg_CE45_506.raw,raw/20190812_ENTACT_RP_RAW/entact_RP_neg_CE45_506.raw,MSV000091754,20190812_ENTACT_RP_RAW,0,,2024-03-26 01:49:10.006000,216533772,206,GNPS,0,0,,,No
mzspec:MSV000091754:raw/20190812_ENTACT_RP_RAW/entact_RP_neg_CE45_507.raw,raw/20190812_ENTACT_RP_RAW/entact_RP_neg_CE45_507.raw,MSV000091754,20190812_ENTACT_RP_RAW,0,,2024-03-26 01:49:11.083000,232828305,222,GNPS,0,0,,,No
mzspec:MSV000091754:raw/20190812_ENTACT_RP_RAW/entact_RP_neg_CE45_508.raw,raw/20190812_ENTACT_RP_RAW/entact_RP_neg_CE45_508.raw,MSV000091754,20190812_ENTACT_RP_RAW,0,,2024-03-26 01:49:11.906000,222314093,212,GNPS,0,0,,,No
mzspec:MSV000091754:raw/20190812_ENTACT_RP_RAW/entact_RP_neg_CE60_499.raw,raw/20190812_ENTACT_RP_RAW/entact_RP_neg_CE60_499.raw,MSV000091754,20190812_ENTACT_RP_RAW,0,,2024-03-26 01:49:12.964000,258100043,246,GNPS,0,0,,,No
mzspec:MSV000091754:raw/20190812_ENTACT_RP_RAW/entact_RP_neg_CE60_500.raw,raw/20190812_ENTACT_RP_RAW/entact_RP_neg_CE60_500.raw,MSV000091754,20190812_ENTACT_RP_RAW,0,,2024-03-26 01:49:14.066000,262243323,250,GNPS,0,0,,,No
mzspec:MSV000091754:raw/20190812_ENTACT_RP_RAW/entact_RP_neg_CE60_501.raw,raw/20190812_ENTACT_RP_RAW/entact_RP_neg_CE60_501.raw,MSV000091754,20190812_ENTACT_RP_RAW,0,,2024-03-26 01:49:15.166000,250075865,238,GNPS,0,0,,,No
mzspec:MSV000091754:raw/20190812_ENTACT_RP_RAW/entact_RP_neg_CE60_502.raw,raw/20190812_ENTACT_RP_RAW/entact_RP_neg_CE60_502.raw,MSV000091754,20190812_ENTACT_RP_RAW,0,,2024-03-26 01:49:16.381000,250244531,238,GNPS,0,0,,,No
mzspec:MSV000091754:raw/20190812_ENTACT_RP_RAW/entact_RP_neg_CE60_503.raw,raw/20190812_ENTACT_RP_RAW/entact_RP_neg_CE60_503.raw,MSV000091754,20190812_ENTACT_RP_RAW,0,,2024-03-26 01:49:17.472000,240390440,229,GNPS,0,0,,,No
mzspec:MSV000091754:raw/20190812_ENTACT_RP_RAW/entact_RP_neg_CE60_504.raw,raw/20190812_ENTACT_RP_RAW/entact_RP_neg_CE60_504.raw,MSV000091754,20190812_ENTACT_RP_RAW,0,,2024-03-26 01:49:18.503000,226597285,216,GNPS,0,0,,,No
mzspec:MSV000091754:raw/20190812_ENTACT_RP_RAW/entact_RP_neg_CE60_505.raw,raw/20190812_ENTACT_RP_RAW/entact_RP_neg_CE60_505.raw,MSV000091754,20190812_ENTACT_RP_RAW,0,,2024-03-26 01:49:19.539000,217421552,207,GNPS,0,0,,,No
mzspec:MSV000091754:raw/20190812_ENTACT_RP_RAW/entact_RP_neg_CE60_506.raw,raw/20190812_ENTACT_RP_RAW/entact_RP_neg_CE60_506.raw,MSV000091754,20190812_ENTACT_RP_RAW,0,,2024-03-26 01:49:20.524000,216015289,206,GNPS,0,0,,,No
mzspec:MSV000091754:raw/20190812_ENTACT_RP_RAW/entact_RP_neg_CE60_507.raw,raw/20190812_ENTACT_RP_RAW/entact_RP_neg_CE60_507.raw,MSV000091754,20190812_ENTACT_RP_RAW,0,,2024-03-26 01:49:21.555000,225066359,214,GNPS,0,0,,,No
mzspec:MSV000091754:raw/20190812_ENTACT_RP_RAW/entact_RP_neg_CE60_508.raw,raw/20190812_ENTACT_RP_RAW/entact_RP_neg_CE60_508.raw,MSV000091754,20190812_ENTACT_RP_RAW,0,,2024-03-26 01:49:22.611000,218653793,208,GNPS,0,0,,,No
mzspec:MSV000091754:raw/20190812_ENTACT_RP_RAW/entact_RP_neg_CE75_499.raw,raw/20190812_ENTACT_RP_RAW/entact_RP_neg_CE75_499.raw,MSV000091754,20190812_ENTACT_RP_RAW,0,,2024-03-26 01:49:23.875000,256398057,244,GNPS,0,0,,,No
mzspec:MSV000091754:raw/20190812_ENTACT_RP_RAW/entact_RP_neg_CE75_500.raw,raw/20190812_ENTACT_RP_RAW/entact_RP_neg_CE75_500.raw,MSV000091754,20190812_ENTACT_RP_RAW,0,,2024-03-26 01:49:25.163000,256765031,244,GNPS,0,0,,,No
mzspec:MSV000091754:raw/20190812_ENTACT_RP_RAW/entact_RP_neg_CE75_501.raw,raw/20190812_ENTACT_RP_RAW/entact_RP_neg_CE75_501.raw,MSV000091754,20190812_ENTACT_RP_RAW,0,,2024-03-26 01:49:26.389000,246631648,235,GNPS,0,0,,,No
mzspec:MSV000091754:raw/20190812_ENTACT_RP_RAW/entact_RP_neg_CE75_502.raw,raw/20190812_ENTACT_RP_RAW/entact_RP_neg_CE75_502.raw,MSV000091754,20190812_ENTACT_RP_RAW,0,,2024-03-26 01:49:27.626000,245491856,234,GNPS,0,0,,,No
mzspec:MSV000091754:raw/20190812_ENTACT_RP_RAW/entact_RP_neg_CE75_503.raw,raw/20190812_ENTACT_RP_RAW/entact_RP_neg_CE75_503.raw,MSV000091754,20190812_ENTACT_RP_RAW,0,,2024-03-26 01:49:28.888000,233518307,222,GNPS,0,0,,,No
mzspec:MSV000091754:raw/20190812_ENTACT_RP_RAW/entact_RP_neg_CE75_504.raw,raw/20190812_ENTACT_RP_RAW/entact_RP_neg_CE75_504.raw,MSV000091754,20190812_ENTACT_RP_RAW,0,,2024-03-26 01:49:30.079000,228899170,218,GNPS,0,0,,,No
mzspec:MSV000091754:raw/20190812_ENTACT_RP_RAW/entact_RP_neg_CE75_505.raw,raw/20190812_ENTACT_RP_RAW/entact_RP_neg_CE75_505.raw,MSV000091754,20190812_ENTACT_RP_RAW,0,,2024-03-26 01:49:31.084000,215328089,205,GNPS,0,0,,,No
mzspec:MSV000091754:raw/20190812_ENTACT_RP_RAW/entact_RP_neg_CE75_506.raw,raw/20190812_ENTACT_RP_RAW/entact_RP_neg_CE75_506.raw,MSV000091754,20190812_ENTACT_RP_RAW,0,,2024-03-26 01:49:32.482000,216335206,206,GNPS,0,0,,,No
mzspec:MSV000091754:raw/20190812_ENTACT_RP_RAW/entact_RP_neg_CE75_507.raw,raw/20190812_ENTACT_RP_RAW/entact_RP_neg_CE75_507.raw,MSV000091754,20190812_ENTACT_RP_RAW,0,,2024-03-26 01:49:33.840000,226763430,216,GNPS,0,0,,,No
mzspec:MSV000091754:raw/20190812_ENTACT_RP_RAW/entact_RP_neg_CE75_508.raw,raw/20190812_ENTACT_RP_RAW/entact_RP_neg_CE75_508.raw,MSV000091754,20190812_ENTACT_RP_RAW,0,,2024-03-26 01:49:35.072000,217113308,207,GNPS,0,0,,,No
mzspec:MSV000091754:raw/20190812_ENTACT_RP_RAW/entact_RP_neg_CE90_499.raw,raw/20190812_ENTACT_RP_RAW/entact_RP_neg_CE90_499.raw,MSV000091754,20190812_ENTACT_RP_RAW,0,,2024-03-26 01:49:37.329000,258238438,246,GNPS,0,0,,,No
mzspec:MSV000091754:raw/20190812_ENTACT_RP_RAW/entact_RP_neg_CE90_500.raw,raw/20190812_ENTACT_RP_RAW/entact_RP_neg_CE90_500.raw,MSV000091754,20190812_ENTACT_RP_RAW,0,,2024-03-26 01:49:38.454000,254234699,242,GNPS,0,0,,,No
mzspec:MSV000091754:raw/20190812_ENTACT_RP_RAW/entact_RP_neg_CE90_501.raw,raw/20190812_ENTACT_RP_RAW/entact_RP_neg_CE90_501.raw,MSV000091754,20190812_ENTACT_RP_RAW,0,,2024-03-26 01:49:39.794000,246893323,235,GNPS,0,0,,,No
mzspec:MSV000091754:raw/20190812_ENTACT_RP_RAW/entact_RP_neg_CE90_502.raw,raw/20190812_ENTACT_RP_RAW/entact_RP_neg_CE90_502.raw,MSV000091754,20190812_ENTACT_RP_RAW,0,,2024-03-26 01:49:41.234000,248880035,237,GNPS,0,0,,,No
mzspec:MSV000091754:raw/20190812_ENTACT_RP_RAW/entact_RP_neg_CE90_503.raw,raw/20190812_ENTACT_RP_RAW/entact_RP_neg_CE90_503.raw,MSV000091754,20190812_ENTACT_RP_RAW,0,,2024-03-26 01:49:42.204000,235342707,224,GNPS,0,0,,,No
mzspec:MSV000091754:raw/20190812_ENTACT_RP_RAW/entact_RP_neg_CE90_504.raw,raw/20190812_ENTACT_RP_RAW/entact_RP_neg_CE90_504.raw,MSV000091754,20190812_ENTACT_RP_RAW,0,,2024-03-26 01:49:43.492000,225021633,214,GNPS,0,0,,,No
mzspec:MSV000091754:raw/20190812_ENTACT_RP_RAW/entact_RP_neg_CE90_505.raw,raw/20190812_ENTACT_RP_RAW/entact_RP_neg_CE90_505.raw,MSV000091754,20190812_ENTACT_RP_RAW,0,,2024-03-26 01:49:44.497000,210358420,200,GNPS,0,0,,,No
mzspec:MSV000091754:raw/20190812_ENTACT_RP_RAW/entact_RP_neg_CE90_506.raw,raw/20190812_ENTACT_RP_RAW/entact_RP_neg_CE90_506.raw,MSV000091754,20190812_ENTACT_RP_RAW,0,,2024-03-26 01:49:45.776000,214889209,204,GNPS,0,0,,,No
mzspec:MSV000091754:raw/20190812_ENTACT_RP_RAW/entact_RP_neg_CE90_507.raw,raw/20190812_ENTACT_RP_RAW/entact_RP_neg_CE90_507.raw,MSV000091754,20190812_ENTACT_RP_RAW,0,,2024-03-26 01:49:46.656000,226149244,215,GNPS,0,0,,,No
mzspec:MSV000091754:raw/20190812_ENTACT_RP_RAW/entact_RP_neg_CE90_508.raw,raw/20190812_ENTACT_RP_RAW/entact_RP_neg_CE90_508.raw,MSV000091754,20190812_ENTACT_RP_RAW,0,,2024-03-26 01:49:47.809000,213769204,203,GNPS,0,0,,,No
mzspec:MSV000091754:raw/20190812_ENTACT_RP_RAW/entact_RP_pos_CE15_499.raw,raw/20190812_ENTACT_RP_RAW/entact_RP_pos_CE15_499.raw,MSV000091754,20190812_ENTACT_RP_RAW,0,,2024-03-26 01:49:48.581000,173857782,165,GNPS,0,0,,,No
mzspec:MSV000091754:raw/20190812_ENTACT_RP_RAW/entact_RP_pos_CE15_500.raw,raw/20190812_ENTACT_RP_RAW/entact_RP_pos_CE15_500.raw,MSV000091754,20190812_ENTACT_RP_RAW,0,,2024-03-26 01:49:49.660000,168132063,160,GNPS,0,0,,,No
mzspec:MSV000091754:raw/20190812_ENTACT_RP_RAW/entact_RP_pos_CE15_501.raw,raw/20190812_ENTACT_RP_RAW/entact_RP_pos_CE15_501.raw,MSV000091754,20190812_ENTACT_RP_RAW,0,,2024-03-26 01:49:50.436000,164154465,156,GNPS,0,0,,,No
mzspec:MSV000091754:raw/20190812_ENTACT_RP_RAW/entact_RP_pos_CE15_502.raw,raw/20190812_ENTACT_RP_RAW/entact_RP_pos_CE15_502.raw,MSV000091754,20190812_ENTACT_RP_RAW,0,,2024-03-26 01:49:51.307000,164319295,156,GNPS,0,0,,,No
mzspec:MSV000091754:raw/20190812_ENTACT_RP_RAW/entact_RP_pos_CE15_503.raw,raw/20190812_ENTACT_RP_RAW/entact_RP_pos_CE15_503.raw,MSV000091754,20190812_ENTACT_RP_RAW,0,,2024-03-26 01:49:52.265000,163047663,155,GNPS,0,0,,,No
mzspec:MSV000091754:raw/20190812_ENTACT_RP_RAW/entact_RP_pos_CE15_504.raw,raw/20190812_ENTACT_RP_RAW/entact_RP_pos_CE15_504.raw,MSV000091754,20190812_ENTACT_RP_RAW,0,,2024-03-26 01:49:53.052000,161243808,153,GNPS,0,0,,,No
mzspec:MSV000091754:raw/20190812_ENTACT_RP_RAW/entact_RP_pos_CE15_505.raw,raw/20190812_ENTACT_RP_RAW/entact_RP_pos_CE15_505.raw,MSV000091754,20190812_ENTACT_RP_RAW,0,,2024-03-26 01:49:53.958000,157653511,150,GNPS,0,0,,,No
mzspec:MSV000091754:raw/20190812_ENTACT_RP_RAW/entact_RP_pos_CE15_506.raw,raw/20190812_ENTACT_RP_RAW/entact_RP_pos_CE15_506.raw,MSV000091754,20190812_ENTACT_RP_RAW,0,,2024-03-26 01:49:55.067000,157066337,149,GNPS,0,0,,,No
mzspec:MSV000091754:raw/20190812_ENTACT_RP_RAW/entact_RP_pos_CE15_507.raw,raw/20190812_ENTACT_RP_RAW/entact_RP_pos_CE15_507.raw,MSV000091754,20190812_ENTACT_RP_RAW,0,,2024-03-26 01:49:56.330000,159362342,151,GNPS,0,0,,,No
mzspec:MSV000091754:raw/20190812_ENTACT_RP_RAW/entact_RP_pos_CE15_508.raw,raw/20190812_ENTACT_RP_RAW/entact_RP_pos_CE15_508.raw,MSV000091754,20190812_ENTACT_RP_RAW,0,,2024-03-26 01:49:58.615000,157085869,149,GNPS,0,0,,,No
mzspec:MSV000091754:raw/20190812_ENTACT_RP_RAW/entact_RP_pos_CE30_499.raw,raw/20190812_ENTACT_RP_RAW/entact_RP_pos_CE30_499.raw,MSV000091754,20190812_ENTACT_RP_RAW,0,,2024-03-26 01:49:59.395000,166589908,158,GNPS,0,0,,,No
mzspec:MSV000091754:raw/20190812_ENTACT_RP_RAW/entact_RP_pos_CE30_500.raw,raw/20190812_ENTACT_RP_RAW/entact_RP_pos_CE30_500.raw,MSV000091754,20190812_ENTACT_RP_RAW,0,,2024-03-26 01:50:00.308000,162350616,154,GNPS,0,0,,,No
mzspec:MSV000091754:raw/20190812_ENTACT_RP_RAW/entact_RP_pos_CE30_501.raw,raw/20190812_ENTACT_RP_RAW/entact_RP_pos_CE30_501.raw,MSV000091754,20190812_ENTACT_RP_RAW,0,,2024-03-26 01:50:02.046000,159586376,152,GNPS,0,0,,,No
mzspec:MSV000091754:raw/20190812_ENTACT_RP_RAW/entact_RP_pos_CE30_502.raw,raw/20190812_ENTACT_RP_RAW/entact_RP_pos_CE30_502.raw,MSV000091754,20190812_ENTACT_RP_RAW,0,,2024-03-26 01:50:03.116000,159588549,152,GNPS,0,0,,,No
mzspec:MSV000091754:raw/20190812_ENTACT_RP_RAW/entact_RP_pos_CE30_503.raw,raw/20190812_ENTACT_RP_RAW/entact_RP_pos_CE30_503.raw,MSV000091754,20190812_ENTACT_RP_RAW,0,,2024-03-26 01:50:04.035000,157990126,150,GNPS,0,0,,,No
mzspec:MSV000091754:raw/20190812_ENTACT_RP_RAW/entact_RP_pos_CE30_504.raw,raw/20190812_ENTACT_RP_RAW/entact_RP_pos_CE30_504.raw,MSV000091754,20190812_ENTACT_RP_RAW,0,,2024-03-26 01:50:05.053000,156295920,149,GNPS,0,0,,,No
mzspec:MSV000091754:raw/20190812_ENTACT_RP_RAW/entact_RP_pos_CE30_505.raw,raw/20190812_ENTACT_RP_RAW/entact_RP_pos_CE30_505.raw,MSV000091754,20190812_ENTACT_RP_RAW,0,,2024-03-26 01:50:05.966000,154140480,146,GNPS,0,0,,,No
mzspec:MSV000091754:raw/20190812_ENTACT_RP_RAW/entact_RP_pos_CE30_506.raw,raw/20190812_ENTACT_RP_RAW/entact_RP_pos_CE30_506.raw,MSV000091754,20190812_ENTACT_RP_RAW,0,,2024-03-26 01:50:06.692000,153415330,146,GNPS,0,0,,,No
mzspec:MSV000091754:raw/20190812_ENTACT_RP_RAW/entact_RP_pos_CE30_507.raw,raw/20190812_ENTACT_RP_RAW/entact_RP_pos_CE30_507.raw,MSV000091754,20190812_ENTACT_RP_RAW,0,,2024-03-26 01:50:07.591000,154643481,147,GNPS,0,0,,,No
mzspec:MSV000091754:raw/20190812_ENTACT_RP_RAW/entact_RP_pos_CE30_508.raw,raw/20190812_ENTACT_RP_RAW/entact_RP_pos_CE30_508.raw,MSV000091754,20190812_ENTACT_RP_RAW,0,,2024-03-26 01:50:08.415000,153762253,146,GNPS,0,0,,,No
mzspec:MSV000091754:raw/20190812_ENTACT_RP_RAW/entact_RP_pos_CE45_499.raw,raw/20190812_ENTACT_RP_RAW/entact_RP_pos_CE45_499.raw,MSV000091754,20190812_ENTACT_RP_RAW,0,,2024-03-26 01:50:09.663000,160493992,153,GNPS,0,0,,,No
mzspec:MSV000091754:raw/20190812_ENTACT_RP_RAW/entact_RP_pos_CE45_500.raw,raw/20190812_ENTACT_RP_RAW/entact_RP_pos_CE45_500.raw,MSV000091754,20190812_ENTACT_RP_RAW,0,,2024-03-26 01:50:10.821000,156681182,149,GNPS,0,0,,,No
mzspec:MSV000091754:raw/20190812_ENTACT_RP_RAW/entact_RP_pos_CE45_501.raw,raw/20190812_ENTACT_RP_RAW/entact_RP_pos_CE45_501.raw,MSV000091754,20190812_ENTACT_RP_RAW,0,,2024-03-26 01:50:12.015000,153811366,146,GNPS,0,0,,,No
mzspec:MSV000091754:raw/20190812_ENTACT_RP_RAW/entact_RP_pos_CE45_502.raw,raw/20190812_ENTACT_RP_RAW/entact_RP_pos_CE45_502.raw,MSV000091754,20190812_ENTACT_RP_RAW,0,,2024-03-26 01:50:13.105000,154497103,147,GNPS,0,0,,,No
mzspec:MSV000091754:raw/20190812_ENTACT_RP_RAW/entact_RP_pos_CE45_503.raw,raw/20190812_ENTACT_RP_RAW/entact_RP_pos_CE45_503.raw,MSV000091754,20190812_ENTACT_RP_RAW,0,,2024-03-26 01:50:13.899000,152895646,145,GNPS,0,0,,,No
mzspec:MSV000091754:raw/20190812_ENTACT_RP_RAW/entact_RP_pos_CE45_504.raw,raw/20190812_ENTACT_RP_RAW/entact_RP_pos_CE45_504.raw,MSV000091754,20190812_ENTACT_RP_RAW,0,,2024-03-26 01:50:14.702000,151348938,144,GNPS,0,0,,,No
mzspec:MSV000091754:raw/20190812_ENTACT_RP_RAW/entact_RP_pos_CE45_505.raw,raw/20190812_ENTACT_RP_RAW/entact_RP_pos_CE45_505.raw,MSV000091754,20190812_ENTACT_RP_RAW,0,,2024-03-26 01:50:15.542000,149674411,142,GNPS,0,0,,,No
mzspec:MSV000091754:raw/20190812_ENTACT_RP_RAW/entact_RP_pos_CE45_506.raw,raw/20190812_ENTACT_RP_RAW/entact_RP_pos_CE45_506.raw,MSV000091754,20190812_ENTACT_RP_RAW,0,,2024-03-26 01:50:16.428000,148856093,141,GNPS,0,0,,,No
mzspec:MSV000091754:raw/20190812_ENTACT_RP_RAW/entact_RP_pos_CE45_507.raw,raw/20190812_ENTACT_RP_RAW/entact_RP_pos_CE45_507.raw,MSV000091754,20190812_ENTACT_RP_RAW,0,,2024-03-26 01:50:17.377000,149566479,142,GNPS,0,0,,,No
mzspec:MSV000091754:raw/20190812_ENTACT_RP_RAW/entact_RP_pos_CE45_508.raw,raw/20190812_ENTACT_RP_RAW/entact_RP_pos_CE45_508.raw,MSV000091754,20190812_ENTACT_RP_RAW,0,,2024-03-26 01:50:18.315000,148973377,142,GNPS,0,0,,,No
mzspec:MSV000091754:raw/20190812_ENTACT_RP_RAW/entact_RP_pos_CE60_499.raw,raw/20190812_ENTACT_RP_RAW/entact_RP_pos_CE60_499.raw,MSV000091754,20190812_ENTACT_RP_RAW,0,,2024-03-26 01:50:19.200000,155219698,148,GNPS,0,0,,,No
mzspec:MSV000091754:raw/20190812_ENTACT_RP_RAW/entact_RP_pos_CE60_500.raw,raw/20190812_ENTACT_RP_RAW/entact_RP_pos_CE60_500.raw,MSV000091754,20190812_ENTACT_RP_RAW,0,,2024-03-26 01:50:20.154000,152700159,145,GNPS,0,0,,,No
mzspec:MSV000091754:raw/20190812_ENTACT_RP_RAW/entact_RP_pos_CE60_501.raw,raw/20190812_ENTACT_RP_RAW/entact_RP_pos_CE60_501.raw,MSV000091754,20190812_ENTACT_RP_RAW,0,,2024-03-26 01:50:21.140000,150961812,143,GNPS,0,0,,,No
mzspec:MSV000091754:raw/20190812_ENTACT_RP_RAW/entact_RP_pos_CE60_502.raw,raw/20190812_ENTACT_RP_RAW/entact_RP_pos_CE60_502.raw,MSV000091754,20190812_ENTACT_RP_RAW,0,,2024-03-26 01:50:22.047000,151666004,144,GNPS,0,0,,,No
mzspec:MSV000091754:raw/20190812_ENTACT_RP_RAW/entact_RP_pos_CE60_503.raw,raw/20190812_ENTACT_RP_RAW/entact_RP_pos_CE60_503.raw,MSV000091754,20190812_ENTACT_RP_RAW,0,,2024-03-26 01:50:23.266000,149216814,142,GNPS,0,0,,,No
mzspec:MSV000091754:raw/20190812_ENTACT_RP_RAW/entact_RP_pos_CE60_504.raw,raw/20190812_ENTACT_RP_RAW/entact_RP_pos_CE60_504.raw,MSV000091754,20190812_ENTACT_RP_RAW,0,,2024-03-26 01:50:24.341000,148333288,141,GNPS,0,0,,,No
mzspec:MSV000091754:raw/20190812_ENTACT_RP_RAW/entact_RP_pos_CE60_505.raw,raw/20190812_ENTACT_RP_RAW/entact_RP_pos_CE60_505.raw,MSV000091754,20190812_ENTACT_RP_RAW,0,,2024-03-26 01:50:25.312000,147273340,140,GNPS,0,0,,,No
mzspec:MSV000091754:raw/20190812_ENTACT_RP_RAW/entact_RP_pos_CE60_506.raw,raw/20190812_ENTACT_RP_RAW/entact_RP_pos_CE60_506.raw,MSV000091754,20190812_ENTACT_RP_RAW,0,,2024-03-26 01:50:26.116000,146372568,139,GNPS,0,0,,,No
mzspec:MSV000091754:raw/20190812_ENTACT_RP_RAW/entact_RP_pos_CE60_507.raw,raw/20190812_ENTACT_RP_RAW/entact_RP_pos_CE60_507.raw,MSV000091754,20190812_ENTACT_RP_RAW,0,,2024-03-26 01:50:27.129000,147086906,140,GNPS,0,0,,,No
mzspec:MSV000091754:raw/20190812_ENTACT_RP_RAW/entact_RP_pos_CE60_508.raw,raw/20190812_ENTACT_RP_RAW/entact_RP_pos_CE60_508.raw,MSV000091754,20190812_ENTACT_RP_RAW,0,,2024-03-26 01:50:28.104000,146798703,139,GNPS,0,0,,,No
mzspec:MSV000091754:raw/20190812_ENTACT_RP_RAW/entact_RP_pos_CE75_499.raw,raw/20190812_ENTACT_RP_RAW/entact_RP_pos_CE75_499.raw,MSV000091754,20190812_ENTACT_RP_RAW,0,,2024-03-26 01:50:29.096000,150597140,143,GNPS,0,0,,,No
mzspec:MSV000091754:raw/20190812_ENTACT_RP_RAW/entact_RP_pos_CE75_500.raw,raw/20190812_ENTACT_RP_RAW/entact_RP_pos_CE75_500.raw,MSV000091754,20190812_ENTACT_RP_RAW,0,,2024-03-26 01:50:30.396000,148967776,142,GNPS,0,0,,,No
mzspec:MSV000091754:raw/20190812_ENTACT_RP_RAW/entact_RP_pos_CE75_501.raw,raw/20190812_ENTACT_RP_RAW/entact_RP_pos_CE75_501.raw,MSV000091754,20190812_ENTACT_RP_RAW,0,,2024-03-26 01:50:31.586000,147276538,140,GNPS,0,0,,,No
mzspec:MSV000091754:raw/20190812_ENTACT_RP_RAW/entact_RP_pos_CE75_502.raw,raw/20190812_ENTACT_RP_RAW/entact_RP_pos_CE75_502.raw,MSV000091754,20190812_ENTACT_RP_RAW,0,,2024-03-26 01:50:32.672000,147870596,141,GNPS,0,0,,,No
mzspec:MSV000091754:raw/20190812_ENTACT_RP_RAW/entact_RP_pos_CE75_503.raw,raw/20190812_ENTACT_RP_RAW/entact_RP_pos_CE75_503.raw,MSV000091754,20190812_ENTACT_RP_RAW,0,,2024-03-26 01:50:33.762000,145662434,138,GNPS,0,0,,,No
mzspec:MSV000091754:raw/20190812_ENTACT_RP_RAW/entact_RP_pos_CE75_504.raw,raw/20190812_ENTACT_RP_RAW/entact_RP_pos_CE75_504.raw,MSV000091754,20190812_ENTACT_RP_RAW,0,,2024-03-26 01:50:34.695000,144732833,138,GNPS,0,0,,,No
mzspec:MSV000091754:raw/20190812_ENTACT_RP_RAW/entact_RP_pos_CE75_505.raw,raw/20190812_ENTACT_RP_RAW/entact_RP_pos_CE75_505.raw,MSV000091754,20190812_ENTACT_RP_RAW,0,,2024-03-26 01:50:35.697000,143621053,136,GNPS,0,0,,,No
mzspec:MSV000091754:raw/20190812_ENTACT_RP_RAW/entact_RP_pos_CE75_506.raw,raw/20190812_ENTACT_RP_RAW/entact_RP_pos_CE75_506.raw,MSV000091754,20190812_ENTACT_RP_RAW,0,,2024-03-26 01:50:36.682000,143127722,136,GNPS,0,0,,,No
mzspec:MSV000091754:raw/20190812_ENTACT_RP_RAW/entact_RP_pos_CE75_507.raw,raw/20190812_ENTACT_RP_RAW/entact_RP_pos_CE75_507.raw,MSV000091754,20190812_ENTACT_RP_RAW,0,,2024-03-26 01:50:37.647000,143324786,136,GNPS,0,0,,,No
mzspec:MSV000091754:raw/20190812_ENTACT_RP_RAW/entact_RP_pos_CE75_508.raw,raw/20190812_ENTACT_RP_RAW/entact_RP_pos_CE75_508.raw,MSV000091754,20190812_ENTACT_RP_RAW,0,,2024-03-26 01:50:38.428000,143064610,136,GNPS,0,0,,,No
mzspec:MSV000091754:raw/20190812_ENTACT_RP_RAW/entact_RP_pos_CE90_499.raw,raw/20190812_ENTACT_RP_RAW/entact_RP_pos_CE90_499.raw,MSV000091754,20190812_ENTACT_RP_RAW,0,,2024-03-26 01:50:39.587000,147612885,140,GNPS,0,0,,,No
mzspec:MSV000091754:raw/20190812_ENTACT_RP_RAW/entact_RP_pos_CE90_500.raw,raw/20190812_ENTACT_RP_RAW/entact_RP_pos_CE90_500.raw,MSV000091754,20190812_ENTACT_RP_RAW,0,,2024-03-26 01:50:40.373000,145854664,139,GNPS,0,0,,,No
mzspec:MSV000091754:raw/20190812_ENTACT_RP_RAW/entact_RP_pos_CE90_501.raw,raw/20190812_ENTACT_RP_RAW/entact_RP_pos_CE90_501.raw,MSV000091754,20190812_ENTACT_RP_RAW,0,,2024-03-26 01:50:41.314000,144683277,137,GNPS,0,0,,,No
mzspec:MSV000091754:raw/20190812_ENTACT_RP_RAW/entact_RP_pos_CE90_502.raw,raw/20190812_ENTACT_RP_RAW/entact_RP_pos_CE90_502.raw,MSV000091754,20190812_ENTACT_RP_RAW,0,,2024-03-26 01:50:42.608000,145204449,138,GNPS,0,0,,,No
mzspec:MSV000091754:raw/20190812_ENTACT_RP_RAW/entact_RP_pos_CE90_503.raw,raw/20190812_ENTACT_RP_RAW/entact_RP_pos_CE90_503.raw,MSV000091754,20190812_ENTACT_RP_RAW,0,,2024-03-26 01:50:43.549000,142664478,136,GNPS,0,0,,,No
mzspec:MSV000091754:raw/20190812_ENTACT_RP_RAW/entact_RP_pos_CE90_504.raw,raw/20190812_ENTACT_RP_RAW/entact_RP_pos_CE90_504.raw,MSV000091754,20190812_ENTACT_RP_RAW,0,,2024-03-26 01:50:44.432000,142331504,135,GNPS,0,0,,,No
mzspec:MSV000091754:raw/20190812_ENTACT_RP_RAW/entact_RP_pos_CE90_505.raw,raw/20190812_ENTACT_RP_RAW/entact_RP_pos_CE90_505.raw,MSV000091754,20190812_ENTACT_RP_RAW,0,,2024-03-26 01:50:45.230000,141222170,134,GNPS,0,0,,,No
mzspec:MSV000091754:raw/20190812_ENTACT_RP_RAW/entact_RP_pos_CE90_506.raw,raw/20190812_ENTACT_RP_RAW/entact_RP_pos_CE90_506.raw,MSV000091754,20190812_ENTACT_RP_RAW,0,,2024-03-26 01:50:47.234000,141147126,134,GNPS,0,0,,,No
mzspec:MSV000091754:raw/20190812_ENTACT_RP_RAW/entact_RP_pos_CE90_507.raw,raw/20190812_ENTACT_RP_RAW/entact_RP_pos_CE90_507.raw,MSV000091754,20190812_ENTACT_RP_RAW,0,,2024-03-26 01:50:48.460000,141378521,134,GNPS,0,0,,,No
mzspec:MSV000091754:raw/20190812_ENTACT_RP_RAW/entact_RP_pos_CE90_508.raw,raw/20190812_ENTACT_RP_RAW/entact_RP_pos_CE90_508.raw,MSV000091754,20190812_ENTACT_RP_RAW,0,,2024-03-26 01:50:49.741000,140665840,134,GNPS,0,0,,,No
mzspec:MSV000091754:raw/20200303_ENTACT_RP_RAW/ENTACT_pos_499_CE15.raw,raw/20200303_ENTACT_RP_RAW/ENTACT_pos_499_CE15.raw,MSV000091754,20200303_ENTACT_RP_RAW,0,,2024-03-26 01:50:50.392000,110398095,105,GNPS,0,0,,,No
mzspec:MSV000091754:raw/20200303_ENTACT_RP_RAW/ENTACT_pos_499_CE30.raw,raw/20200303_ENTACT_RP_RAW/ENTACT_pos_499_CE30.raw,MSV000091754,20200303_ENTACT_RP_RAW,0,,2024-03-26 01:50:51.105000,102199919,97,GNPS,0,0,,,No
mzspec:MSV000091754:raw/20200303_ENTACT_RP_RAW/ENTACT_pos_499_CE45.raw,raw/20200303_ENTACT_RP_RAW/ENTACT_pos_499_CE45.raw,MSV000091754,20200303_ENTACT_RP_RAW,0,,2024-03-26 01:50:51.751000,102155559,97,GNPS,0,0,,,No
mzspec:MSV000091754:raw/20200303_ENTACT_RP_RAW/ENTACT_pos_499_CE60.raw,raw/20200303_ENTACT_RP_RAW/ENTACT_pos_499_CE60.raw,MSV000091754,20200303_ENTACT_RP_RAW,0,,2024-03-26 01:50:52.597000,101789071,97,GNPS,0,0,,,No
mzspec:MSV000091754:raw/20200303_ENTACT_RP_RAW/ENTACT_pos_499_CE75.raw,raw/20200303_ENTACT_RP_RAW/ENTACT_pos_499_CE75.raw,MSV000091754,20200303_ENTACT_RP_RAW,0,,2024-03-26 01:50:53.367000,101015942,96,GNPS,0,0,,,No
mzspec:MSV000091754:raw/20200303_ENTACT_RP_RAW/ENTACT_pos_499_CE90.raw,raw/20200303_ENTACT_RP_RAW/ENTACT_pos_499_CE90.raw,MSV000091754,20200303_ENTACT_RP_RAW,0,,2024-03-26 01:50:53.876000,99822752,95,GNPS,0,0,,,No
mzspec:MSV000091754:raw/20200303_ENTACT_RP_RAW/ENTACT_pos_500_CE15.raw,raw/20200303_ENTACT_RP_RAW/ENTACT_pos_500_CE15.raw,MSV000091754,20200303_ENTACT_RP_RAW,0,,2024-03-26 01:50:54.631000,102103928,97,GNPS,0,0,,,No
mzspec:MSV000091754:raw/20200303_ENTACT_RP_RAW/ENTACT_pos_500_CE30.raw,raw/20200303_ENTACT_RP_RAW/ENTACT_pos_500_CE30.raw,MSV000091754,20200303_ENTACT_RP_RAW,0,,2024-03-26 01:50:55.341000,101443754,96,GNPS,0,0,,,No
mzspec:MSV000091754:raw/20200303_ENTACT_RP_RAW/ENTACT_pos_500_CE45.raw,raw/20200303_ENTACT_RP_RAW/ENTACT_pos_500_CE45.raw,MSV000091754,20200303_ENTACT_RP_RAW,0,,2024-03-26 01:50:55.837000,101612294,96,GNPS,0,0,,,No
mzspec:MSV000091754:raw/20200303_ENTACT_RP_RAW/ENTACT_pos_500_CE60.raw,raw/20200303_ENTACT_RP_RAW/ENTACT_pos_500_CE60.raw,MSV000091754,20200303_ENTACT_RP_RAW,0,,2024-03-26 01:50:57.756000,101618117,96,GNPS,0,0,,,No
mzspec:MSV000091754:raw/20200303_ENTACT_RP_RAW/ENTACT_pos_500_CE75.raw,raw/20200303_ENTACT_RP_RAW/ENTACT_pos_500_CE75.raw,MSV000091754,20200303_ENTACT_RP_RAW,0,,2024-03-26 01:50:58.734000,101081056,96,GNPS,0,0,,,No
mzspec:MSV000091754:raw/20200303_ENTACT_RP_RAW/ENTACT_pos_500_CE90.raw,raw/20200303_ENTACT_RP_RAW/ENTACT_pos_500_CE90.raw,MSV000091754,20200303_ENTACT_RP_RAW,0,,2024-03-26 01:50:59.607000,100547388,95,GNPS,0,0,,,No
mzspec:MSV000091754:raw/20200303_ENTACT_RP_RAW/ENTACT_pos_501_CE15.raw,raw/20200303_ENTACT_RP_RAW/ENTACT_pos_501_CE15.raw,MSV000091754,20200303_ENTACT_RP_RAW,0,,2024-03-26 01:51:00.845000,101560214,96,GNPS,0,0,,,No
mzspec:MSV000091754:raw/20200303_ENTACT_RP_RAW/ENTACT_pos_501_CE30.raw,raw/20200303_ENTACT_RP_RAW/ENTACT_pos_501_CE30.raw,MSV000091754,20200303_ENTACT_RP_RAW,0,,2024-03-26 01:51:01.339000,101213822,96,GNPS,0,0,,,No
mzspec:MSV000091754:raw/20200303_ENTACT_RP_RAW/ENTACT_pos_501_CE45.raw,raw/20200303_ENTACT_RP_RAW/ENTACT_pos_501_CE45.raw,MSV000091754,20200303_ENTACT_RP_RAW,0,,2024-03-26 01:51:02.110000,101469148,96,GNPS,0,0,,,No
mzspec:MSV000091754:raw/20200303_ENTACT_RP_RAW/ENTACT_pos_501_CE60.raw,raw/20200303_ENTACT_RP_RAW/ENTACT_pos_501_CE60.raw,MSV000091754,20200303_ENTACT_RP_RAW,0,,2024-03-26 01:51:02.814000,101053580,96,GNPS,0,0,,,No
mzspec:MSV000091754:raw/20200303_ENTACT_RP_RAW/ENTACT_pos_501_CE75.raw,raw/20200303_ENTACT_RP_RAW/ENTACT_pos_501_CE75.raw,MSV000091754,20200303_ENTACT_RP_RAW,0,,2024-03-26 01:51:03.517000,101424786,96,GNPS,0,0,,,No
mzspec:MSV000091754:raw/20200303_ENTACT_RP_RAW/ENTACT_pos_501_CE90.raw,raw/20200303_ENTACT_RP_RAW/ENTACT_pos_501_CE90.raw,MSV000091754,20200303_ENTACT_RP_RAW,0,,2024-03-26 01:51:04.167000,99836181,95,GNPS,0,0,,,No
mzspec:MSV000091754:raw/20200303_ENTACT_RP_RAW/ENTACT_pos_502_CE15.raw,raw/20200303_ENTACT_RP_RAW/ENTACT_pos_502_CE15.raw,MSV000091754,20200303_ENTACT_RP_RAW,0,,2024-03-26 01:51:04.773000,100954519,96,GNPS,0,0,,,No
mzspec:MSV000091754:raw/20200303_ENTACT_RP_RAW/ENTACT_pos_502_CE30.raw,raw/20200303_ENTACT_RP_RAW/ENTACT_pos_502_CE30.raw,MSV000091754,20200303_ENTACT_RP_RAW,0,,2024-03-26 01:51:05.442000,101450884,96,GNPS,0,0,,,No
mzspec:MSV000091754:raw/20200303_ENTACT_RP_RAW/ENTACT_pos_502_CE45.raw,raw/20200303_ENTACT_RP_RAW/ENTACT_pos_502_CE45.raw,MSV000091754,20200303_ENTACT_RP_RAW,0,,2024-03-26 01:51:06.080000,101761762,97,GNPS,0,0,,,No
mzspec:MSV000091754:raw/20200303_ENTACT_RP_RAW/ENTACT_pos_502_CE60.raw,raw/20200303_ENTACT_RP_RAW/ENTACT_pos_502_CE60.raw,MSV000091754,20200303_ENTACT_RP_RAW,0,,2024-03-26 01:51:06.768000,101216758,96,GNPS,0,0,,,No
mzspec:MSV000091754:raw/20200303_ENTACT_RP_RAW/ENTACT_pos_502_CE75.raw,raw/20200303_ENTACT_RP_RAW/ENTACT_pos_502_CE75.raw,MSV000091754,20200303_ENTACT_RP_RAW,0,,2024-03-26 01:51:07.409000,101750858,97,GNPS,0,0,,,No
mzspec:MSV000091754:raw/20200303_ENTACT_RP_RAW/ENTACT_pos_502_CE90.raw,raw/20200303_ENTACT_RP_RAW/ENTACT_pos_502_CE90.raw,MSV000091754,20200303_ENTACT_RP_RAW,0,,2024-03-26 01:51:08.341000,100409368,95,GNPS,0,0,,,No
mzspec:MSV000091754:raw/20200303_ENTACT_RP_RAW/ENTACT_pos_503_CE15.raw,raw/20200303_ENTACT_RP_RAW/ENTACT_pos_503_CE15.raw,MSV000091754,20200303_ENTACT_RP_RAW,0,,2024-03-26 01:51:09.175000,102166229,97,GNPS,0,0,,,No
mzspec:MSV000091754:raw/20200303_ENTACT_RP_RAW/ENTACT_pos_503_CE30.raw,raw/20200303_ENTACT_RP_RAW/ENTACT_pos_503_CE30.raw,MSV000091754,20200303_ENTACT_RP_RAW,0,,2024-03-26 01:51:09.743000,101742345,97,GNPS,0,0,,,No
mzspec:MSV000091754:raw/20200303_ENTACT_RP_RAW/ENTACT_pos_503_CE45.raw,raw/20200303_ENTACT_RP_RAW/ENTACT_pos_503_CE45.raw,MSV000091754,20200303_ENTACT_RP_RAW,0,,2024-03-26 01:51:10.563000,102020482,97,GNPS,0,0,,,No
mzspec:MSV000091754:raw/20200303_ENTACT_RP_RAW/ENTACT_pos_503_CE60.raw,raw/20200303_ENTACT_RP_RAW/ENTACT_pos_503_CE60.raw,MSV000091754,20200303_ENTACT_RP_RAW,0,,2024-03-26 01:51:11.247000,102008892,97,GNPS,0,0,,,No
mzspec:MSV000091754:raw/20200303_ENTACT_RP_RAW/ENTACT_pos_503_CE75.raw,raw/20200303_ENTACT_RP_RAW/ENTACT_pos_503_CE75.raw,MSV000091754,20200303_ENTACT_RP_RAW,0,,2024-03-26 01:51:11.880000,102290382,97,GNPS,0,0,,,No
mzspec:MSV000091754:raw/20200303_ENTACT_RP_RAW/ENTACT_pos_503_CE90.raw,raw/20200303_ENTACT_RP_RAW/ENTACT_pos_503_CE90.raw,MSV000091754,20200303_ENTACT_RP_RAW,0,,2024-03-26 01:51:12.563000,101144015,96,GNPS,0,0,,,No
mzspec:MSV000091754:raw/20200303_ENTACT_RP_RAW/ENTACT_pos_504_CE15.raw,raw/20200303_ENTACT_RP_RAW/ENTACT_pos_504_CE15.raw,MSV000091754,20200303_ENTACT_RP_RAW,0,,2024-03-26 01:51:13.478000,102129414,97,GNPS,0,0,,,No
mzspec:MSV000091754:raw/20200303_ENTACT_RP_RAW/ENTACT_pos_504_CE30.raw,raw/20200303_ENTACT_RP_RAW/ENTACT_pos_504_CE30.raw,MSV000091754,20200303_ENTACT_RP_RAW,0,,2024-03-26 01:51:14.220000,101706264,96,GNPS,0,0,,,No
mzspec:MSV000091754:raw/20200303_ENTACT_RP_RAW/ENTACT_pos_504_CE45.raw,raw/20200303_ENTACT_RP_RAW/ENTACT_pos_504_CE45.raw,MSV000091754,20200303_ENTACT_RP_RAW,0,,2024-03-26 01:51:14.879000,102547850,97,GNPS,0,0,,,No
mzspec:MSV000091754:raw/20200303_ENTACT_RP_RAW/ENTACT_pos_504_CE60.raw,raw/20200303_ENTACT_RP_RAW/ENTACT_pos_504_CE60.raw,MSV000091754,20200303_ENTACT_RP_RAW,0,,2024-03-26 01:51:16.165000,102602721,97,GNPS,0,0,,,No
mzspec:MSV000091754:raw/20200303_ENTACT_RP_RAW/ENTACT_pos_504_CE75.raw,raw/20200303_ENTACT_RP_RAW/ENTACT_pos_504_CE75.raw,MSV000091754,20200303_ENTACT_RP_RAW,0,,2024-03-26 01:51:16.832000,102197092,97,GNPS,0,0,,,No
mzspec:MSV000091754:raw/20200303_ENTACT_RP_RAW/ENTACT_pos_504_CE90.raw,raw/20200303_ENTACT_RP_RAW/ENTACT_pos_504_CE90.raw,MSV000091754,20200303_ENTACT_RP_RAW,0,,2024-03-26 01:51:17.472000,101450768,96,GNPS,0,0,,,No
mzspec:MSV000091754:raw/20200303_ENTACT_RP_RAW/ENTACT_pos_505_CE15.raw,raw/20200303_ENTACT_RP_RAW/ENTACT_pos_505_CE15.raw,MSV000091754,20200303_ENTACT_RP_RAW,0,,2024-03-26 01:51:18.256000,103023431,98,GNPS,0,0,,,No
mzspec:MSV000091754:raw/20200303_ENTACT_RP_RAW/ENTACT_pos_505_CE30.raw,raw/20200303_ENTACT_RP_RAW/ENTACT_pos_505_CE30.raw,MSV000091754,20200303_ENTACT_RP_RAW,0,,2024-03-26 01:51:18.860000,103681112,98,GNPS,0,0,,,No
mzspec:MSV000091754:raw/20200303_ENTACT_RP_RAW/ENTACT_pos_505_CE45.raw,raw/20200303_ENTACT_RP_RAW/ENTACT_pos_505_CE45.raw,MSV000091754,20200303_ENTACT_RP_RAW,0,,2024-03-26 01:51:19.558000,104512171,99,GNPS,0,0,,,No
mzspec:MSV000091754:raw/20200303_ENTACT_RP_RAW/ENTACT_pos_505_CE60.raw,raw/20200303_ENTACT_RP_RAW/ENTACT_pos_505_CE60.raw,MSV000091754,20200303_ENTACT_RP_RAW,0,,2024-03-26 01:51:20.204000,104977303,100,GNPS,0,0,,,No
mzspec:MSV000091754:raw/20200303_ENTACT_RP_RAW/ENTACT_pos_505_CE75.raw,raw/20200303_ENTACT_RP_RAW/ENTACT_pos_505_CE75.raw,MSV000091754,20200303_ENTACT_RP_RAW,0,,2024-03-26 01:51:20.988000,104653733,99,GNPS,0,0,,,No
mzspec:MSV000091754:raw/20200303_ENTACT_RP_RAW/ENTACT_pos_505_CE90.raw,raw/20200303_ENTACT_RP_RAW/ENTACT_pos_505_CE90.raw,MSV000091754,20200303_ENTACT_RP_RAW,0,,2024-03-26 01:51:21.704000,104295499,99,GNPS,0,0,,,No
mzspec:MSV000091754:raw/20200303_ENTACT_RP_RAW/ENTACT_pos_506_CE15.raw,raw/20200303_ENTACT_RP_RAW/ENTACT_pos_506_CE15.raw,MSV000091754,20200303_ENTACT_RP_RAW,0,,2024-03-26 01:51:22.611000,103391843,98,GNPS,0,0,,,No
mzspec:MSV000091754:raw/20200303_ENTACT_RP_RAW/ENTACT_pos_506_CE30.raw,raw/20200303_ENTACT_RP_RAW/ENTACT_pos_506_CE30.raw,MSV000091754,20200303_ENTACT_RP_RAW,0,,2024-03-26 01:51:23.241000,103274532,98,GNPS,0,0,,,No
mzspec:MSV000091754:raw/20200303_ENTACT_RP_RAW/ENTACT_pos_506_CE45.raw,raw/20200303_ENTACT_RP_RAW/ENTACT_pos_506_CE45.raw,MSV000091754,20200303_ENTACT_RP_RAW,0,,2024-03-26 01:51:24.008000,104871494,100,GNPS,0,0,,,No
mzspec:MSV000091754:raw/20200303_ENTACT_RP_RAW/ENTACT_pos_506_CE60.raw,raw/20200303_ENTACT_RP_RAW/ENTACT_pos_506_CE60.raw,MSV000091754,20200303_ENTACT_RP_RAW,0,,2024-03-26 01:51:24.569000,104851687,99,GNPS,0,0,,,No
mzspec:MSV000091754:raw/20200303_ENTACT_RP_RAW/ENTACT_pos_506_CE75.raw,raw/20200303_ENTACT_RP_RAW/ENTACT_pos_506_CE75.raw,MSV000091754,20200303_ENTACT_RP_RAW,0,,2024-03-26 01:51:25.273000,104687503,99,GNPS,0,0,,,No
mzspec:MSV000091754:raw/20200303_ENTACT_RP_RAW/ENTACT_pos_506_CE90.raw,raw/20200303_ENTACT_RP_RAW/ENTACT_pos_506_CE90.raw,MSV000091754,20200303_ENTACT_RP_RAW,0,,2024-03-26 01:51:25.889000,103976038,99,GNPS,0,0,,,No
mzspec:MSV000091754:raw/20200303_ENTACT_RP_RAW/ENTACT_pos_507_CE15.raw,raw/20200303_ENTACT_RP_RAW/ENTACT_pos_507_CE15.raw,MSV000091754,20200303_ENTACT_RP_RAW,0,,2024-03-26 01:51:26.483000,101354202,96,GNPS,0,0,,,No
mzspec:MSV000091754:raw/20200303_ENTACT_RP_RAW/ENTACT_pos_507_CE30.raw,raw/20200303_ENTACT_RP_RAW/ENTACT_pos_507_CE30.raw,MSV000091754,20200303_ENTACT_RP_RAW,0,,2024-03-26 01:51:27.313000,101594348,96,GNPS,0,0,,,No
mzspec:MSV000091754:raw/20200303_ENTACT_RP_RAW/ENTACT_pos_507_CE45.raw,raw/20200303_ENTACT_RP_RAW/ENTACT_pos_507_CE45.raw,MSV000091754,20200303_ENTACT_RP_RAW,0,,2024-03-26 01:51:28.223000,102041860,97,GNPS,0,0,,,No
mzspec:MSV000091754:raw/20200303_ENTACT_RP_RAW/ENTACT_pos_507_CE60.raw,raw/20200303_ENTACT_RP_RAW/ENTACT_pos_507_CE60.raw,MSV000091754,20200303_ENTACT_RP_RAW,0,,2024-03-26 01:51:29.146000,101917696,97,GNPS,0,0,,,No
mzspec:MSV000091754:raw/20200303_ENTACT_RP_RAW/ENTACT_pos_507_CE75.raw,raw/20200303_ENTACT_RP_RAW/ENTACT_pos_507_CE75.raw,MSV000091754,20200303_ENTACT_RP_RAW,0,,2024-03-26 01:51:30.080000,101915138,97,GNPS,0,0,,,No
mzspec:MSV000091754:raw/20200303_ENTACT_RP_RAW/ENTACT_pos_507_CE90.raw,raw/20200303_ENTACT_RP_RAW/ENTACT_pos_507_CE90.raw,MSV000091754,20200303_ENTACT_RP_RAW,0,,2024-03-26 01:51:30.594000,100519098,95,GNPS,0,0,,,No
mzspec:MSV000091754:raw/20200303_ENTACT_RP_RAW/ENTACT_pos_508_CE15.raw,raw/20200303_ENTACT_RP_RAW/ENTACT_pos_508_CE15.raw,MSV000091754,20200303_ENTACT_RP_RAW,0,,2024-03-26 01:51:31.437000,103324165,98,GNPS,0,0,,,No
mzspec:MSV000091754:raw/20200303_ENTACT_RP_RAW/ENTACT_pos_508_CE30.raw,raw/20200303_ENTACT_RP_RAW/ENTACT_pos_508_CE30.raw,MSV000091754,20200303_ENTACT_RP_RAW,0,,2024-03-26 01:51:32.265000,103672037,98,GNPS,0,0,,,No
mzspec:MSV000091754:raw/20200303_ENTACT_RP_RAW/ENTACT_pos_508_CE45.raw,raw/20200303_ENTACT_RP_RAW/ENTACT_pos_508_CE45.raw,MSV000091754,20200303_ENTACT_RP_RAW,0,,2024-03-26 01:51:33.832000,104468905,99,GNPS,0,0,,,No
mzspec:MSV000091754:raw/20200303_ENTACT_RP_RAW/ENTACT_pos_508_CE60.raw,raw/20200303_ENTACT_RP_RAW/ENTACT_pos_508_CE60.raw,MSV000091754,20200303_ENTACT_RP_RAW,0,,2024-03-26 01:51:34.532000,105099701,100,GNPS,0,0,,,No
mzspec:MSV000091754:raw/20200303_ENTACT_RP_RAW/ENTACT_pos_508_CE75.raw,raw/20200303_ENTACT_RP_RAW/ENTACT_pos_508_CE75.raw,MSV000091754,20200303_ENTACT_RP_RAW,0,,2024-03-26 01:51:35.130000,104920389,100,GNPS,0,0,,,No
mzspec:MSV000091754:raw/20200303_ENTACT_RP_RAW/ENTACT_pos_508_CE90.raw,raw/20200303_ENTACT_RP_RAW/ENTACT_pos_508_CE90.raw,MSV000091754,20200303_ENTACT_RP_RAW,0,,2024-03-26 01:51:35.983000,104186336,99,GNPS,0,0,,,No
mzspec:MSV000091754:updates/2023-04-20_anjuraj15_e_1c6c71de/ccms_parameters/params.xml,updates/2023-04-20_anjuraj15_e_1c6c71de/ccms_parameters/params.xml,MSV000091754,2023-04-20_anjuraj15_e_1c6c71de,0,,2024-03-28 07:35:08.053000,957,0,GNPS,0,0,,,No
mzspec:MSV000091754:updates/2023-04-20_anjuraj15_e_1c6c71de/other/ENTACT_REPORTING_Template.xlsx,updates/2023-04-20_anjuraj15_e_1c6c71de/other/ENTACT_REPORTING_Template.xlsx,MSV000091754,2023-04-20_anjuraj15_e_1c6c71de,0,,2024-03-26 01:51:36.029000,394196,0,GNPS,0,0,,,No
