record_id,compound_id,scaffold_group,nce,model,mapping,cosine,js,drop_reason
MSBNK-EAWAG-EC001501__ICEBERG_2_1__K1,MPGIDXBHXRMMSY,C1=NNOCC1,15,ICEBERG_2_1,K1,0.9182058446375394,0.5927999401800075,
MSBNK-EAWAG-EC001501__ICEBERG_2_1__K2,MPGIDXBHXRMMSY,C1=NNOCC1,15,ICEBERG_2_1,K2,0.9426983364890181,0.6644641305710006,
MSBNK-EAWAG-EC001501__ICEBERG_2_1__K3,MPGIDXBHXRMMSY,C1=NNOCC1,15,ICEBERG_2_1,K3,0.942671719460341,0.6705007636790994,
MSBNK-EAWAG-EC001501__GLACIER__K1,MPGIDXBHXRMMSY,C1=NNOCC1,15,GLACIER,K1,0.7060352681118413,0.4197351557848096,
MSBNK-EAWAG-EC001501__GLACIER__K2,MPGIDXBHXRMMSY,C1=NNOCC1,15,GLACIER,K2,0.9416539388996942,0.6587330827591287,
MSBNK-EAWAG-EC001501__GLACIER__K3,MPGIDXBHXRMMSY,C1=NNOCC1,15,GLACIER,K3,0.9422780552488331,0.6709311816372528,
MSBNK-EAWAG-EC001502__ICEBERG_2_1__K1,MPGIDXBHXRMMSY,C1=NNOCC1,20,ICEBERG_2_1,K1,0.6944082126912142,0.46636877096843676,
MSBNK-EAWAG-EC001502__ICEBERG_2_1__K2,MPGIDXBHXRMMSY,C1=NNOCC1,20,ICEBERG_2_1,K2,0.6038840184246793,0.39141151064067603,
MSBNK-EAWAG-EC001502__ICEBERG_2_1__K3,MPGIDXBHXRMMSY,C1=NNOCC1,20,ICEBERG_2_1,K3,0.6931902801494375,0.4597352715274907,
MSBNK-EAWAG-EC001502__GLACIER__K1,MPGIDXBHXRMMSY,C1=NNOCC1,20,GLACIER,K1,0.37366324409719964,0.3501052600834411,
MSBNK-EAWAG-EC001502__GLACIER__K2,MPGIDXBHXRMMSY,C1=NNOCC1,20,GLACIER,K2,0.6951064381556249,0.4444576957681332,
MSBNK-EAWAG-EC001502__GLACIER__K3,MPGIDXBHXRMMSY,C1=NNOCC1,20,GLACIER,K3,0.694479312960548,0.44059672066238187,
MSBNK-EAWAG-EC001503__ICEBERG_2_1__K1,MPGIDXBHXRMMSY,C1=NNOCC1,25,ICEBERG_2_1,K1,0.1805507061150747,0.2365013859918984,
MSBNK-EAWAG-EC001503__ICEBERG_2_1__K2,MPGIDXBHXRMMSY,C1=NNOCC1,25,ICEBERG_2_1,K2,0.23870125557320301,0.21319963468453373,
MSBNK-EAWAG-EC001503__ICEBERG_2_1__K3,MPGIDXBHXRMMSY,C1=NNOCC1,25,ICEBERG_2_1,K3,0.24184287888117217,0.21255648034589036,
MSBNK-EAWAG-EC001503__GLACIER__K1,MPGIDXBHXRMMSY,C1=NNOCC1,25,GLACIER,K1,0.05085212313733715,0.18822746670149215,
MSBNK-EAWAG-EC001503__GLACIER__K2,MPGIDXBHXRMMSY,C1=NNOCC1,25,GLACIER,K2,0.18996415368052674,0.1786989332089911,
MSBNK-EAWAG-EC001503__GLACIER__K3,MPGIDXBHXRMMSY,C1=NNOCC1,25,GLACIER,K3,0.17943599160432558,0.16647392719705256,
MSBNK-EAWAG-EC001504__ICEBERG_2_1__K1,MPGIDXBHXRMMSY,C1=NNOCC1,30,ICEBERG_2_1,K1,0.08558838853197295,0.1684879133790803,
MSBNK-EAWAG-EC001504__ICEBERG_2_1__K2,MPGIDXBHXRMMSY,C1=NNOCC1,30,ICEBERG_2_1,K2,0.015955680754632464,0.07253917865746795,
MSBNK-EAWAG-EC001504__ICEBERG_2_1__K3,MPGIDXBHXRMMSY,C1=NNOCC1,30,ICEBERG_2_1,K3,0.010413990661809277,0.0582800703948777,
MSBNK-EAWAG-EC001504__GLACIER__K1,MPGIDXBHXRMMSY,C1=NNOCC1,30,GLACIER,K1,0.30278264998143206,0.36634144595726115,
MSBNK-EAWAG-EC001504__GLACIER__K2,MPGIDXBHXRMMSY,C1=NNOCC1,30,GLACIER,K2,0.02724707887189891,0.10767677571455414,
MSBNK-EAWAG-EC001504__GLACIER__K3,MPGIDXBHXRMMSY,C1=NNOCC1,30,GLACIER,K3,0.01450214594029321,0.06804276042458113,
MSBNK-EAWAG-EC001505__ICEBERG_2_1__K1,MPGIDXBHXRMMSY,C1=NNOCC1,40,ICEBERG_2_1,K1,0.07495485204952534,0.17566001915444351,
MSBNK-EAWAG-EC001505__ICEBERG_2_1__K2,MPGIDXBHXRMMSY,C1=NNOCC1,40,ICEBERG_2_1,K2,0.025494747993709457,0.08650687743279906,
MSBNK-EAWAG-EC001505__ICEBERG_2_1__K3,MPGIDXBHXRMMSY,C1=NNOCC1,40,ICEBERG_2_1,K3,0.015119180041711809,0.06735159748599973,
MSBNK-EAWAG-EC001505__GLACIER__K1,MPGIDXBHXRMMSY,C1=NNOCC1,40,GLACIER,K1,0.6662983825348551,0.5746024054670495,
MSBNK-EAWAG-EC001505__GLACIER__K2,MPGIDXBHXRMMSY,C1=NNOCC1,40,GLACIER,K2,0.06917262622142922,0.19217814021671775,
MSBNK-EAWAG-EC001505__GLACIER__K3,MPGIDXBHXRMMSY,C1=NNOCC1,40,GLACIER,K3,0.033572618234763575,0.12843559589207343,
MSBNK-EAWAG-EC001506__ICEBERG_2_1__K1,MPGIDXBHXRMMSY,C1=NNOCC1,50,ICEBERG_2_1,K1,0.07265608685550619,0.1794875058877251,
MSBNK-EAWAG-EC001506__ICEBERG_2_1__K2,MPGIDXBHXRMMSY,C1=NNOCC1,50,ICEBERG_2_1,K2,0.022985670811768596,0.07631518873731946,
MSBNK-EAWAG-EC001506__ICEBERG_2_1__K3,MPGIDXBHXRMMSY,C1=NNOCC1,50,ICEBERG_2_1,K3,0.029923267948145173,0.08085363791122768,
MSBNK-EAWAG-EC001506__GLACIER__K1,MPGIDXBHXRMMSY,C1=NNOCC1,50,GLACIER,K1,0.7253810156160966,0.5294459120294019,
MSBNK-EAWAG-EC001506__GLACIER__K2,MPGIDXBHXRMMSY,C1=NNOCC1,50,GLACIER,K2,0.29618602110228287,0.3273189423480286,
MSBNK-EAWAG-EC001506__GLACIER__K3,MPGIDXBHXRMMSY,C1=NNOCC1,50,GLACIER,K3,0.1448975005958973,0.26542202832459894,
MSBNK-EAWAG-EC001507__ICEBERG_2_1__K1,MPGIDXBHXRMMSY,C1=NNOCC1,60,ICEBERG_2_1,K1,0.05497973304501314,0.16252380865524896,
MSBNK-EAWAG-EC001507__ICEBERG_2_1__K2,MPGIDXBHXRMMSY,C1=NNOCC1,60,ICEBERG_2_1,K2,0.028986959988623117,0.0864738492880508,
MSBNK-EAWAG-EC001507__ICEBERG_2_1__K3,MPGIDXBHXRMMSY,C1=NNOCC1,60,ICEBERG_2_1,K3,0.022203150030319235,0.05278078960361132,
MSBNK-EAWAG-EC001507__GLACIER__K1,MPGIDXBHXRMMSY,C1=NNOCC1,60,GLACIER,K1,0.8109177192598526,0.5782102974113321,
MSBNK-EAWAG-EC001507__GLACIER__K2,MPGIDXBHXRMMSY,C1=NNOCC1,60,GLACIER,K2,0.3109122965634931,0.3628663619419513,
MSBNK-EAWAG-EC001507__GLACIER__K3,MPGIDXBHXRMMSY,C1=NNOCC1,60,GLACIER,K3,0.525828078882132,0.46296358156366735,
MSBNK-EAWAG-EC013701__ICEBERG_2_1__K1,YLSOIPHOXMRWGW,O=C1CCCCCNC(=O)C(CCc2ccccc2)NC(=O)CN1,15,ICEBERG_2_1,K1,0.3828841209369642,0.5144925097023731,
MSBNK-EAWAG-EC013701__ICEBERG_2_1__K2,YLSOIPHOXMRWGW,O=C1CCCCCNC(=O)C(CCc2ccccc2)NC(=O)CN1,15,ICEBERG_2_1,K2,0.42204928482660714,0.5502169454914303,
MSBNK-EAWAG-EC013701__ICEBERG_2_1__K3,YLSOIPHOXMRWGW,O=C1CCCCCNC(=O)C(CCc2ccccc2)NC(=O)CN1,15,ICEBERG_2_1,K3,0.43091086804548917,0.5605297474054125,
MSBNK-EAWAG-EC013701__GLACIER__K1,YLSOIPHOXMRWGW,O=C1CCCCCNC(=O)C(CCc2ccccc2)NC(=O)CN1,15,GLACIER,K1,0.1325993983765373,0.2811117322461443,
MSBNK-EAWAG-EC013701__GLACIER__K2,YLSOIPHOXMRWGW,O=C1CCCCCNC(=O)C(CCc2ccccc2)NC(=O)CN1,15,GLACIER,K2,0.1445320009981484,0.2833015822799456,
MSBNK-EAWAG-EC013701__GLACIER__K3,YLSOIPHOXMRWGW,O=C1CCCCCNC(=O)C(CCc2ccccc2)NC(=O)CN1,15,GLACIER,K3,0.13253392408142162,0.2815187523519569,
MSBNK-EAWAG-EC013702__ICEBERG_2_1__K1,YLSOIPHOXMRWGW,O=C1CCCCCNC(=O)C(CCc2ccccc2)NC(=O)CN1,20,ICEBERG_2_1,K1,0.2806645014241092,0.33503311674628034,
MSBNK-EAWAG-EC013702__ICEBERG_2_1__K2,YLSOIPHOXMRWGW,O=C1CCCCCNC(=O)C(CCc2ccccc2)NC(=O)CN1,20,ICEBERG_2_1,K2,0.4226293983017552,0.4087139264224807,
MSBNK-EAWAG-EC013702__ICEBERG_2_1__K3,YLSOIPHOXMRWGW,O=C1CCCCCNC(=O)C(CCc2ccccc2)NC(=O)CN1,20,ICEBERG_2_1,K3,0.43574544958474354,0.39777547059023366,
MSBNK-EAWAG-EC013702__GLACIER__K1,YLSOIPHOXMRWGW,O=C1CCCCCNC(=O)C(CCc2ccccc2)NC(=O)CN1,20,GLACIER,K1,0.22105088694830638,0.2592030916448481,
MSBNK-EAWAG-EC013702__GLACIER__K2,YLSOIPHOXMRWGW,O=C1CCCCCNC(=O)C(CCc2ccccc2)NC(=O)CN1,20,GLACIER,K2,0.2053208850285035,0.24693047022218195,
MSBNK-EAWAG-EC013702__GLACIER__K3,YLSOIPHOXMRWGW,O=C1CCCCCNC(=O)C(CCc2ccccc2)NC(=O)CN1,20,GLACIER,K3,0.20423929180880113,0.24580008515341634,
MSBNK-EAWAG-EC013703__ICEBERG_2_1__K1,YLSOIPHOXMRWGW,O=C1CCCCCNC(=O)C(CCc2ccccc2)NC(=O)CN1,25,ICEBERG_2_1,K1,0.017881105617698397,0.09011234174654448,
MSBNK-EAWAG-EC013703__ICEBERG_2_1__K2,YLSOIPHOXMRWGW,O=C1CCCCCNC(=O)C(CCc2ccccc2)NC(=O)CN1,25,ICEBERG_2_1,K2,0.04854405736397032,0.13594559887490465,
MSBNK-EAWAG-EC013703__ICEBERG_2_1__K3,YLSOIPHOXMRWGW,O=C1CCCCCNC(=O)C(CCc2ccccc2)NC(=O)CN1,25,ICEBERG_2_1,K3,0.04831346692888989,0.1355000730561604,
MSBNK-EAWAG-EC013703__GLACIER__K1,YLSOIPHOXMRWGW,O=C1CCCCCNC(=O)C(CCc2ccccc2)NC(=O)CN1,25,GLACIER,K1,0.0341014931028395,0.1258956715784051,
MSBNK-EAWAG-EC013703__GLACIER__K2,YLSOIPHOXMRWGW,O=C1CCCCCNC(=O)C(CCc2ccccc2)NC(=O)CN1,25,GLACIER,K2,0.06466335333882509,0.1435429696736349,
MSBNK-EAWAG-EC013703__GLACIER__K3,YLSOIPHOXMRWGW,O=C1CCCCCNC(=O)C(CCc2ccccc2)NC(=O)CN1,25,GLACIER,K3,0.06475796712572347,0.14339283511338008,
MSBNK-EAWAG-EC013704__ICEBERG_2_1__K1,YLSOIPHOXMRWGW,O=C1CCCCCNC(=O)C(CCc2ccccc2)NC(=O)CN1,30,ICEBERG_2_1,K1,0.08321865840267866,0.14922711008930167,
MSBNK-EAWAG-EC013704__ICEBERG_2_1__K2,YLSOIPHOXMRWGW,O=C1CCCCCNC(=O)C(CCc2ccccc2)NC(=O)CN1,30,ICEBERG_2_1,K2,0.11433893808425978,0.16086830285399223,
MSBNK-EAWAG-EC013704__ICEBERG_2_1__K3,YLSOIPHOXMRWGW,O=C1CCCCCNC(=O)C(CCc2ccccc2)NC(=O)CN1,30,ICEBERG_2_1,K3,0.10556686851740382,0.15761277279990804,
MSBNK-EAWAG-EC013704__GLACIER__K1,YLSOIPHOXMRWGW,O=C1CCCCCNC(=O)C(CCc2ccccc2)NC(=O)CN1,30,GLACIER,K1,0.0787181004982689,0.14886805080287624,
MSBNK-EAWAG-EC013704__GLACIER__K2,YLSOIPHOXMRWGW,O=C1CCCCCNC(=O)C(CCc2ccccc2)NC(=O)CN1,30,GLACIER,K2,0.10193960960642973,0.15885226230845673,
MSBNK-EAWAG-EC013704__GLACIER__K3,YLSOIPHOXMRWGW,O=C1CCCCCNC(=O)C(CCc2ccccc2)NC(=O)CN1,30,GLACIER,K3,0.09984612197590327,0.17878289537451297,
MSBNK-EAWAG-EC013705__ICEBERG_2_1__K1,YLSOIPHOXMRWGW,O=C1CCCCCNC(=O)C(CCc2ccccc2)NC(=O)CN1,40,ICEBERG_2_1,K1,0.3517372976253136,0.3787938912488008,
MSBNK-EAWAG-EC013705__ICEBERG_2_1__K2,YLSOIPHOXMRWGW,O=C1CCCCCNC(=O)C(CCc2ccccc2)NC(=O)CN1,40,ICEBERG_2_1,K2,0.32460127318173676,0.3878916762109126,
MSBNK-EAWAG-EC013705__ICEBERG_2_1__K3,YLSOIPHOXMRWGW,O=C1CCCCCNC(=O)C(CCc2ccccc2)NC(=O)CN1,40,ICEBERG_2_1,K3,0.3613860908922951,0.40842422259395894,
MSBNK-EAWAG-EC013705__GLACIER__K1,YLSOIPHOXMRWGW,O=C1CCCCCNC(=O)C(CCc2ccccc2)NC(=O)CN1,40,GLACIER,K1,0.3035434562455645,0.3727314312104649,
MSBNK-EAWAG-EC013705__GLACIER__K2,YLSOIPHOXMRWGW,O=C1CCCCCNC(=O)C(CCc2ccccc2)NC(=O)CN1,40,GLACIER,K2,0.32376392913323654,0.373470782981845,
MSBNK-EAWAG-EC013705__GLACIER__K3,YLSOIPHOXMRWGW,O=C1CCCCCNC(=O)C(CCc2ccccc2)NC(=O)CN1,40,GLACIER,K3,0.3170154820200048,0.3871995618605746,
MSBNK-EAWAG-EC013706__ICEBERG_2_1__K1,YLSOIPHOXMRWGW,O=C1CCCCCNC(=O)C(CCc2ccccc2)NC(=O)CN1,50,ICEBERG_2_1,K1,0.469292527573758,0.5518560581400554,
MSBNK-EAWAG-EC013706__ICEBERG_2_1__K2,YLSOIPHOXMRWGW,O=C1CCCCCNC(=O)C(CCc2ccccc2)NC(=O)CN1,50,ICEBERG_2_1,K2,0.5746261182882382,0.5870660904613328,
MSBNK-EAWAG-EC013706__ICEBERG_2_1__K3,YLSOIPHOXMRWGW,O=C1CCCCCNC(=O)C(CCc2ccccc2)NC(=O)CN1,50,ICEBERG_2_1,K3,0.5746906892109934,0.5869140523572607,
MSBNK-EAWAG-EC013706__GLACIER__K1,YLSOIPHOXMRWGW,O=C1CCCCCNC(=O)C(CCc2ccccc2)NC(=O)CN1,50,GLACIER,K1,0.4598983041805501,0.5081407697058763,
MSBNK-EAWAG-EC013706__GLACIER__K2,YLSOIPHOXMRWGW,O=C1CCCCCNC(=O)C(CCc2ccccc2)NC(=O)CN1,50,GLACIER,K2,0.39256369326793383,0.50446317894982,
MSBNK-EAWAG-EC013706__GLACIER__K3,YLSOIPHOXMRWGW,O=C1CCCCCNC(=O)C(CCc2ccccc2)NC(=O)CN1,50,GLACIER,K3,0.3897480614642979,0.5026487798471271,
MSBNK-EAWAG-EC013707__ICEBERG_2_1__K1,YLSOIPHOXMRWGW,O=C1CCCCCNC(=O)C(CCc2ccccc2)NC(=O)CN1,60,ICEBERG_2_1,K1,0.4437812832135896,0.6202784286365324,
MSBNK-EAWAG-EC013707__ICEBERG_2_1__K2,YLSOIPHOXMRWGW,O=C1CCCCCNC(=O)C(CCc2ccccc2)NC(=O)CN1,60,ICEBERG_2_1,K2,0.49009378312096363,0.6258936791449597,
MSBNK-EAWAG-EC013707__ICEBERG_2_1__K3,YLSOIPHOXMRWGW,O=C1CCCCCNC(=O)C(CCc2ccccc2)NC(=O)CN1,60,ICEBERG_2_1,K3,0.39638357932842977,0.5214034968726193,
MSBNK-EAWAG-EC013707__GLACIER__K1,YLSOIPHOXMRWGW,O=C1CCCCCNC(=O)C(CCc2ccccc2)NC(=O)CN1,60,GLACIER,K1,0.4290121077372337,0.5907182415861308,
MSBNK-EAWAG-EC013707__GLACIER__K2,YLSOIPHOXMRWGW,O=C1CCCCCNC(=O)C(CCc2ccccc2)NC(=O)CN1,60,GLACIER,K2,0.3875682877898946,0.5751108289031396,
MSBNK-EAWAG-EC013707__GLACIER__K3,YLSOIPHOXMRWGW,O=C1CCCCCNC(=O)C(CCc2ccccc2)NC(=O)CN1,60,GLACIER,K3,0.39740348710999057,0.5843237067983793,
MSBNK-EAWAG-EC014001__ICEBERG_2_1__K1,QACTZPSCGSGUNG,O=C(CCc1ccccc1)NCCCc1ccccc1,15,ICEBERG_2_1,K1,0.8260187621792274,0.6208416547168426,
MSBNK-EAWAG-EC014001__ICEBERG_2_1__K2,QACTZPSCGSGUNG,O=C(CCc1ccccc1)NCCCc1ccccc1,15,ICEBERG_2_1,K2,0.8472665265701398,0.6478315647525668,
MSBNK-EAWAG-EC014001__ICEBERG_2_1__K3,QACTZPSCGSGUNG,O=C(CCc1ccccc1)NCCCc1ccccc1,15,ICEBERG_2_1,K3,0.8485195718894079,0.6530230011834561,
MSBNK-EAWAG-EC014001__GLACIER__K1,QACTZPSCGSGUNG,O=C(CCc1ccccc1)NCCCc1ccccc1,15,GLACIER,K1,0.8403740816512535,0.6747132652569523,
MSBNK-EAWAG-EC014001__GLACIER__K2,QACTZPSCGSGUNG,O=C(CCc1ccccc1)NCCCc1ccccc1,15,GLACIER,K2,0.11598327479775852,0.20936383338992381,
MSBNK-EAWAG-EC014001__GLACIER__K3,QACTZPSCGSGUNG,O=C(CCc1ccccc1)NCCCc1ccccc1,15,GLACIER,K3,0.11131912471493192,0.20857271974740477,
MSBNK-EAWAG-EC014002__ICEBERG_2_1__K1,QACTZPSCGSGUNG,O=C(CCc1ccccc1)NCCCc1ccccc1,20,ICEBERG_2_1,K1,0.00035503636381524234,0.0014000381872678602,
MSBNK-EAWAG-EC014002__ICEBERG_2_1__K2,QACTZPSCGSGUNG,O=C(CCc1ccccc1)NCCCc1ccccc1,20,ICEBERG_2_1,K2,0.002049193806572335,0.005778794231624973,
MSBNK-EAWAG-EC014002__ICEBERG_2_1__K3,QACTZPSCGSGUNG,O=C(CCc1ccccc1)NCCCc1ccccc1,20,ICEBERG_2_1,K3,0.002816221850971142,0.006735029875710952,
MSBNK-EAWAG-EC014002__GLACIER__K1,QACTZPSCGSGUNG,O=C(CCc1ccccc1)NCCCc1ccccc1,20,GLACIER,K1,0.00012192054930682873,0.0006437336810378724,
MSBNK-EAWAG-EC014002__GLACIER__K2,QACTZPSCGSGUNG,O=C(CCc1ccccc1)NCCCc1ccccc1,20,GLACIER,K2,0.0032069205791361768,0.011613351348349066,
MSBNK-EAWAG-EC014002__GLACIER__K3,QACTZPSCGSGUNG,O=C(CCc1ccccc1)NCCCc1ccccc1,20,GLACIER,K3,0.0010271793980827443,0.003692099920136971,
MSBNK-EAWAG-EC014003__ICEBERG_2_1__K1,QACTZPSCGSGUNG,O=C(CCc1ccccc1)NCCCc1ccccc1,25,ICEBERG_2_1,K1,0.0019157720097788833,0.005614904097752116,
MSBNK-EAWAG-EC014003__ICEBERG_2_1__K2,QACTZPSCGSGUNG,O=C(CCc1ccccc1)NCCCc1ccccc1,25,ICEBERG_2_1,K2,0.0,0.0,
MSBNK-EAWAG-EC014003__ICEBERG_2_1__K3,QACTZPSCGSGUNG,O=C(CCc1ccccc1)NCCCc1ccccc1,25,ICEBERG_2_1,K3,0.0,0.0,
MSBNK-EAWAG-EC014003__GLACIER__K1,QACTZPSCGSGUNG,O=C(CCc1ccccc1)NCCCc1ccccc1,25,GLACIER,K1,0.007044689661464512,0.023615189014840055,
MSBNK-EAWAG-EC014003__GLACIER__K2,QACTZPSCGSGUNG,O=C(CCc1ccccc1)NCCCc1ccccc1,25,GLACIER,K2,0.0,0.0,
MSBNK-EAWAG-EC014003__GLACIER__K3,QACTZPSCGSGUNG,O=C(CCc1ccccc1)NCCCc1ccccc1,25,GLACIER,K3,0.0004278869114382721,0.0015672589644065704,
MSBNK-EAWAG-EC014004__ICEBERG_2_1__K1,QACTZPSCGSGUNG,O=C(CCc1ccccc1)NCCCc1ccccc1,30,ICEBERG_2_1,K1,0.007296851517346579,0.022049384478011302,
MSBNK-EAWAG-EC014004__ICEBERG_2_1__K2,QACTZPSCGSGUNG,O=C(CCc1ccccc1)NCCCc1ccccc1,30,ICEBERG_2_1,K2,0.06387530255425629,0.10620824658219863,
MSBNK-EAWAG-EC014004__ICEBERG_2_1__K3,QACTZPSCGSGUNG,O=C(CCc1ccccc1)NCCCc1ccccc1,30,ICEBERG_2_1,K3,0.04763602278044917,0.08559353456817631,
MSBNK-EAWAG-EC014004__GLACIER__K1,QACTZPSCGSGUNG,O=C(CCc1ccccc1)NCCCc1ccccc1,30,GLACIER,K1,0.0007510634623388577,0.0042575876235401156,
MSBNK-EAWAG-EC014004__GLACIER__K2,QACTZPSCGSGUNG,O=C(CCc1ccccc1)NCCCc1ccccc1,30,GLACIER,K2,0.00022545282640884257,0.001867547480807863,
MSBNK-EAWAG-EC014004__GLACIER__K3,QACTZPSCGSGUNG,O=C(CCc1ccccc1)NCCCc1ccccc1,30,GLACIER,K3,0.00023677274284431013,0.0018408183104329234,
MSBNK-EAWAG-EC014005__ICEBERG_2_1__K1,QACTZPSCGSGUNG,O=C(CCc1ccccc1)NCCCc1ccccc1,40,ICEBERG_2_1,K1,0.4527437457053372,0.29726969680642035,
MSBNK-EAWAG-EC014005__ICEBERG_2_1__K2,QACTZPSCGSGUNG,O=C(CCc1ccccc1)NCCCc1ccccc1,40,ICEBERG_2_1,K2,0.3947845251953881,0.28151682691694835,
MSBNK-EAWAG-EC014005__ICEBERG_2_1__K3,QACTZPSCGSGUNG,O=C(CCc1ccccc1)NCCCc1ccccc1,40,ICEBERG_2_1,K3,0.38437008942917117,0.2778570684061158,
MSBNK-EAWAG-EC014005__GLACIER__K1,QACTZPSCGSGUNG,O=C(CCc1ccccc1)NCCCc1ccccc1,40,GLACIER,K1,0.4508206956922722,0.3447842871874608,
MSBNK-EAWAG-EC014005__GLACIER__K2,QACTZPSCGSGUNG,O=C(CCc1ccccc1)NCCCc1ccccc1,40,GLACIER,K2,0.5273470387790447,0.3872036513613444,
MSBNK-EAWAG-EC014005__GLACIER__K3,QACTZPSCGSGUNG,O=C(CCc1ccccc1)NCCCc1ccccc1,40,GLACIER,K3,0.520920240486865,0.3842565182875659,
MSBNK-EAWAG-EC014006__ICEBERG_2_1__K1,QACTZPSCGSGUNG,O=C(CCc1ccccc1)NCCCc1ccccc1,50,ICEBERG_2_1,K1,0.5640174434345823,0.41435256058095604,
MSBNK-EAWAG-EC014006__ICEBERG_2_1__K2,QACTZPSCGSGUNG,O=C(CCc1ccccc1)NCCCc1ccccc1,50,ICEBERG_2_1,K2,0.7284497615156337,0.4872800188882338,
MSBNK-EAWAG-EC014006__ICEBERG_2_1__K3,QACTZPSCGSGUNG,O=C(CCc1ccccc1)NCCCc1ccccc1,50,ICEBERG_2_1,K3,0.7371505184864023,0.4944654495849611,
MSBNK-EAWAG-EC014006__GLACIER__K1,QACTZPSCGSGUNG,O=C(CCc1ccccc1)NCCCc1ccccc1,50,GLACIER,K1,0.6349654464311167,0.3941054087862086,
MSBNK-EAWAG-EC014006__GLACIER__K2,QACTZPSCGSGUNG,O=C(CCc1ccccc1)NCCCc1ccccc1,50,GLACIER,K2,0.7145049512979196,0.5436791927342699,
MSBNK-EAWAG-EC014006__GLACIER__K3,QACTZPSCGSGUNG,O=C(CCc1ccccc1)NCCCc1ccccc1,50,GLACIER,K3,0.6528215411781897,0.5289639309135881,
MSBNK-EAWAG-EC014007__ICEBERG_2_1__K1,QACTZPSCGSGUNG,O=C(CCc1ccccc1)NCCCc1ccccc1,60,ICEBERG_2_1,K1,0.6875221322541121,0.5472955866368998,
MSBNK-EAWAG-EC014007__ICEBERG_2_1__K2,QACTZPSCGSGUNG,O=C(CCc1ccccc1)NCCCc1ccccc1,60,ICEBERG_2_1,K2,0.7535911042804012,0.5574889792673772,
MSBNK-EAWAG-EC014007__ICEBERG_2_1__K3,QACTZPSCGSGUNG,O=C(CCc1ccccc1)NCCCc1ccccc1,60,ICEBERG_2_1,K3,0.8089977686518797,0.6092816536743212,
MSBNK-EAWAG-EC014007__GLACIER__K1,QACTZPSCGSGUNG,O=C(CCc1ccccc1)NCCCc1ccccc1,60,GLACIER,K1,0.6238526307874179,0.514612539537148,
MSBNK-EAWAG-EC014007__GLACIER__K2,QACTZPSCGSGUNG,O=C(CCc1ccccc1)NCCCc1ccccc1,60,GLACIER,K2,0.675464169568067,0.5100461970404389,
MSBNK-EAWAG-EC014007__GLACIER__K3,QACTZPSCGSGUNG,O=C(CCc1ccccc1)NCCCc1ccccc1,60,GLACIER,K3,0.6991554085532297,0.5166897841769144,
MSBNK-EAWAG-EC014901__ICEBERG_2_1__K1,JKBXTXMXBDJJQA,O=C1CNC(=O)CNC(=O)CNC(=O)C2CCCN2C(=O)C(Cc2ccccc2)NC(=O)C(Cc2ccccc2)NC(=O)CNC(=O)CN1,15,ICEBERG_2_1,K1,0.9607920413268719,0.7265629517052581,
MSBNK-EAWAG-EC014901__ICEBERG_2_1__K2,JKBXTXMXBDJJQA,O=C1CNC(=O)CNC(=O)CNC(=O)C2CCCN2C(=O)C(Cc2ccccc2)NC(=O)C(Cc2ccccc2)NC(=O)CNC(=O)CN1,15,ICEBERG_2_1,K2,0.1837274044784939,0.19660822190843963,
MSBNK-EAWAG-EC014901__ICEBERG_2_1__K3,JKBXTXMXBDJJQA,O=C1CNC(=O)CNC(=O)CNC(=O)C2CCCN2C(=O)C(Cc2ccccc2)NC(=O)C(Cc2ccccc2)NC(=O)CNC(=O)CN1,15,ICEBERG_2_1,K3,0.1298653242981344,0.15066535338611664,
MSBNK-EAWAG-EC014901__GLACIER__K1,JKBXTXMXBDJJQA,O=C1CNC(=O)CNC(=O)CNC(=O)C2CCCN2C(=O)C(Cc2ccccc2)NC(=O)C(Cc2ccccc2)NC(=O)CNC(=O)CN1,15,GLACIER,K1,0.9155656494097284,0.6962612045342382,
MSBNK-EAWAG-EC014901__GLACIER__K2,JKBXTXMXBDJJQA,O=C1CNC(=O)CNC(=O)CNC(=O)C2CCCN2C(=O)C(Cc2ccccc2)NC(=O)C(Cc2ccccc2)NC(=O)CNC(=O)CN1,15,GLACIER,K2,0.1771068065086987,0.2919540776966546,
MSBNK-EAWAG-EC014901__GLACIER__K3,JKBXTXMXBDJJQA,O=C1CNC(=O)CNC(=O)CNC(=O)C2CCCN2C(=O)C(Cc2ccccc2)NC(=O)C(Cc2ccccc2)NC(=O)CNC(=O)CN1,15,GLACIER,K3,0.5282019041144415,0.4418742644868756,
MSBNK-EAWAG-EC014902__ICEBERG_2_1__K1,JKBXTXMXBDJJQA,O=C1CNC(=O)CNC(=O)CNC(=O)C2CCCN2C(=O)C(Cc2ccccc2)NC(=O)C(Cc2ccccc2)NC(=O)CNC(=O)CN1,20,ICEBERG_2_1,K1,0.6486981184562979,0.5518893892123963,
MSBNK-EAWAG-EC014902__ICEBERG_2_1__K2,JKBXTXMXBDJJQA,O=C1CNC(=O)CNC(=O)CNC(=O)C2CCCN2C(=O)C(Cc2ccccc2)NC(=O)C(Cc2ccccc2)NC(=O)CNC(=O)CN1,20,ICEBERG_2_1,K2,6.688097636372463e-05,0.0004836258204879984,
MSBNK-EAWAG-EC014902__ICEBERG_2_1__K3,JKBXTXMXBDJJQA,O=C1CNC(=O)CNC(=O)CNC(=O)C2CCCN2C(=O)C(Cc2ccccc2)NC(=O)C(Cc2ccccc2)NC(=O)CNC(=O)CN1,20,ICEBERG_2_1,K3,0.00023675453401070937,0.0013310800763393082,
MSBNK-EAWAG-EC014902__GLACIER__K1,JKBXTXMXBDJJQA,O=C1CNC(=O)CNC(=O)CNC(=O)C2CCCN2C(=O)C(Cc2ccccc2)NC(=O)C(Cc2ccccc2)NC(=O)CNC(=O)CN1,20,GLACIER,K1,0.5011327094991819,0.3738049379632198,
MSBNK-EAWAG-EC014902__GLACIER__K2,JKBXTXMXBDJJQA,O=C1CNC(=O)CNC(=O)CNC(=O)C2CCCN2C(=O)C(Cc2ccccc2)NC(=O)C(Cc2ccccc2)NC(=O)CNC(=O)CN1,20,GLACIER,K2,0.001055144468023395,0.009078707833207522,
MSBNK-EAWAG-EC014902__GLACIER__K3,JKBXTXMXBDJJQA,O=C1CNC(=O)CNC(=O)CNC(=O)C2CCCN2C(=O)C(Cc2ccccc2)NC(=O)C(Cc2ccccc2)NC(=O)CNC(=O)CN1,20,GLACIER,K3,0.024719883250208696,0.06664899090969134,
MSBNK-EAWAG-EC014903__ICEBERG_2_1__K1,JKBXTXMXBDJJQA,O=C1CNC(=O)CNC(=O)CNC(=O)C2CCCN2C(=O)C(Cc2ccccc2)NC(=O)C(Cc2ccccc2)NC(=O)CNC(=O)CN1,25,ICEBERG_2_1,K1,0.04131198391851409,0.11269707789141403,
MSBNK-EAWAG-EC014903__ICEBERG_2_1__K2,JKBXTXMXBDJJQA,O=C1CNC(=O)CNC(=O)CNC(=O)C2CCCN2C(=O)C(Cc2ccccc2)NC(=O)C(Cc2ccccc2)NC(=O)CNC(=O)CN1,25,ICEBERG_2_1,K2,0.05485138871773854,0.12169994532823192,
MSBNK-EAWAG-EC014903__ICEBERG_2_1__K3,JKBXTXMXBDJJQA,O=C1CNC(=O)CNC(=O)CNC(=O)C2CCCN2C(=O)C(Cc2ccccc2)NC(=O)C(Cc2ccccc2)NC(=O)CNC(=O)CN1,25,ICEBERG_2_1,K3,0.07548492920118606,0.1074915965919837,
MSBNK-EAWAG-EC014903__GLACIER__K1,JKBXTXMXBDJJQA,O=C1CNC(=O)CNC(=O)CNC(=O)C2CCCN2C(=O)C(Cc2ccccc2)NC(=O)C(Cc2ccccc2)NC(=O)CNC(=O)CN1,25,GLACIER,K1,0.007521772390948741,0.038761814101586745,
MSBNK-EAWAG-EC014903__GLACIER__K2,JKBXTXMXBDJJQA,O=C1CNC(=O)CNC(=O)CNC(=O)C2CCCN2C(=O)C(Cc2ccccc2)NC(=O)C(Cc2ccccc2)NC(=O)CNC(=O)CN1,25,GLACIER,K2,0.004589768348594478,0.02895930055904794,
MSBNK-EAWAG-EC014903__GLACIER__K3,JKBXTXMXBDJJQA,O=C1CNC(=O)CNC(=O)CNC(=O)C2CCCN2C(=O)C(Cc2ccccc2)NC(=O)C(Cc2ccccc2)NC(=O)CNC(=O)CN1,25,GLACIER,K3,0.10052695299380124,0.15858178792864763,
MSBNK-EAWAG-EC014904__ICEBERG_2_1__K1,JKBXTXMXBDJJQA,O=C1CNC(=O)CNC(=O)CNC(=O)C2CCCN2C(=O)C(Cc2ccccc2)NC(=O)C(Cc2ccccc2)NC(=O)CNC(=O)CN1,30,ICEBERG_2_1,K1,0.2442114883887646,0.2989456068693417,
MSBNK-EAWAG-EC014904__ICEBERG_2_1__K2,JKBXTXMXBDJJQA,O=C1CNC(=O)CNC(=O)CNC(=O)C2CCCN2C(=O)C(Cc2ccccc2)NC(=O)C(Cc2ccccc2)NC(=O)CNC(=O)CN1,30,ICEBERG_2_1,K2,0.12551860777198492,0.20958647315319245,
MSBNK-EAWAG-EC014904__ICEBERG_2_1__K3,JKBXTXMXBDJJQA,O=C1CNC(=O)CNC(=O)CNC(=O)C2CCCN2C(=O)C(Cc2ccccc2)NC(=O)C(Cc2ccccc2)NC(=O)CNC(=O)CN1,30,ICEBERG_2_1,K3,0.11473804012411408,0.2045709556200579,
MSBNK-EAWAG-EC014904__GLACIER__K1,JKBXTXMXBDJJQA,O=C1CNC(=O)CNC(=O)CNC(=O)C2CCCN2C(=O)C(Cc2ccccc2)NC(=O)C(Cc2ccccc2)NC(=O)CNC(=O)CN1,30,GLACIER,K1,0.1852238819305315,0.2813668828703173,
MSBNK-EAWAG-EC014904__GLACIER__K2,JKBXTXMXBDJJQA,O=C1CNC(=O)CNC(=O)CNC(=O)C2CCCN2C(=O)C(Cc2ccccc2)NC(=O)C(Cc2ccccc2)NC(=O)CNC(=O)CN1,30,GLACIER,K2,0.08175350210766294,0.1209830792024238,
MSBNK-EAWAG-EC014904__GLACIER__K3,JKBXTXMXBDJJQA,O=C1CNC(=O)CNC(=O)CNC(=O)C2CCCN2C(=O)C(Cc2ccccc2)NC(=O)C(Cc2ccccc2)NC(=O)CNC(=O)CN1,30,GLACIER,K3,0.08174035570312273,0.12113927396547242,
MSBNK-EAWAG-EC014905__ICEBERG_2_1__K1,JKBXTXMXBDJJQA,O=C1CNC(=O)CNC(=O)CNC(=O)C2CCCN2C(=O)C(Cc2ccccc2)NC(=O)C(Cc2ccccc2)NC(=O)CNC(=O)CN1,40,ICEBERG_2_1,K1,0.46424693964198904,0.3755548864941971,
MSBNK-EAWAG-EC014905__ICEBERG_2_1__K2,JKBXTXMXBDJJQA,O=C1CNC(=O)CNC(=O)CNC(=O)C2CCCN2C(=O)C(Cc2ccccc2)NC(=O)C(Cc2ccccc2)NC(=O)CNC(=O)CN1,40,ICEBERG_2_1,K2,0.6487129750346952,0.3601754746332705,
MSBNK-EAWAG-EC014905__ICEBERG_2_1__K3,JKBXTXMXBDJJQA,O=C1CNC(=O)CNC(=O)CNC(=O)C2CCCN2C(=O)C(Cc2ccccc2)NC(=O)C(Cc2ccccc2)NC(=O)CNC(=O)CN1,40,ICEBERG_2_1,K3,0.6485114267235131,0.36378039447204613,
MSBNK-EAWAG-EC014905__GLACIER__K1,JKBXTXMXBDJJQA,O=C1CNC(=O)CNC(=O)CNC(=O)C2CCCN2C(=O)C(Cc2ccccc2)NC(=O)C(Cc2ccccc2)NC(=O)CNC(=O)CN1,40,GLACIER,K1,0.2828320164757694,0.33474548516278,
MSBNK-EAWAG-EC014905__GLACIER__K2,JKBXTXMXBDJJQA,O=C1CNC(=O)CNC(=O)CNC(=O)C2CCCN2C(=O)C(Cc2ccccc2)NC(=O)C(Cc2ccccc2)NC(=O)CNC(=O)CN1,40,GLACIER,K2,0.15221066479845308,0.15586560512434622,
MSBNK-EAWAG-EC014905__GLACIER__K3,JKBXTXMXBDJJQA,O=C1CNC(=O)CNC(=O)CNC(=O)C2CCCN2C(=O)C(Cc2ccccc2)NC(=O)C(Cc2ccccc2)NC(=O)CNC(=O)CN1,40,GLACIER,K3,0.6971111023720736,0.39530856115471436,
MSBNK-EAWAG-EC014906__ICEBERG_2_1__K1,JKBXTXMXBDJJQA,O=C1CNC(=O)CNC(=O)CNC(=O)C2CCCN2C(=O)C(Cc2ccccc2)NC(=O)C(Cc2ccccc2)NC(=O)CNC(=O)CN1,50,ICEBERG_2_1,K1,0.5717656673024392,0.5030487547975766,
MSBNK-EAWAG-EC014906__ICEBERG_2_1__K2,JKBXTXMXBDJJQA,O=C1CNC(=O)CNC(=O)CNC(=O)C2CCCN2C(=O)C(Cc2ccccc2)NC(=O)C(Cc2ccccc2)NC(=O)CNC(=O)CN1,50,ICEBERG_2_1,K2,0.7801688741265437,0.4435367424482084,
MSBNK-EAWAG-EC014906__ICEBERG_2_1__K3,JKBXTXMXBDJJQA,O=C1CNC(=O)CNC(=O)CNC(=O)C2CCCN2C(=O)C(Cc2ccccc2)NC(=O)C(Cc2ccccc2)NC(=O)CNC(=O)CN1,50,ICEBERG_2_1,K3,0.7997530822656459,0.48115701370993447,
MSBNK-EAWAG-EC014906__GLACIER__K1,JKBXTXMXBDJJQA,O=C1CNC(=O)CNC(=O)CNC(=O)C2CCCN2C(=O)C(Cc2ccccc2)NC(=O)C(Cc2ccccc2)NC(=O)CNC(=O)CN1,50,GLACIER,K1,0.14543703159184812,0.27308658243020967,
MSBNK-EAWAG-EC014906__GLACIER__K2,JKBXTXMXBDJJQA,O=C1CNC(=O)CNC(=O)CNC(=O)C2CCCN2C(=O)C(Cc2ccccc2)NC(=O)C(Cc2ccccc2)NC(=O)CNC(=O)CN1,50,GLACIER,K2,0.8349735396127298,0.5397087793591722,
MSBNK-EAWAG-EC014906__GLACIER__K3,JKBXTXMXBDJJQA,O=C1CNC(=O)CNC(=O)CNC(=O)C2CCCN2C(=O)C(Cc2ccccc2)NC(=O)C(Cc2ccccc2)NC(=O)CNC(=O)CN1,50,GLACIER,K3,0.8408265644797124,0.5477605859679107,
MSBNK-EAWAG-EC014907__ICEBERG_2_1__K1,JKBXTXMXBDJJQA,O=C1CNC(=O)CNC(=O)CNC(=O)C2CCCN2C(=O)C(Cc2ccccc2)NC(=O)C(Cc2ccccc2)NC(=O)CNC(=O)CN1,60,ICEBERG_2_1,K1,0.8354909181743425,0.5376495194561908,
MSBNK-EAWAG-EC014907__ICEBERG_2_1__K2,JKBXTXMXBDJJQA,O=C1CNC(=O)CNC(=O)CNC(=O)C2CCCN2C(=O)C(Cc2ccccc2)NC(=O)C(Cc2ccccc2)NC(=O)CNC(=O)CN1,60,ICEBERG_2_1,K2,0.5709099374701453,0.43915729210621535,
MSBNK-EAWAG-EC014907__ICEBERG_2_1__K3,JKBXTXMXBDJJQA,O=C1CNC(=O)CNC(=O)CNC(=O)C2CCCN2C(=O)C(Cc2ccccc2)NC(=O)C(Cc2ccccc2)NC(=O)CNC(=O)CN1,60,ICEBERG_2_1,K3,0.6097173782293235,0.4621721879910706,
MSBNK-EAWAG-EC014907__GLACIER__K1,JKBXTXMXBDJJQA,O=C1CNC(=O)CNC(=O)CNC(=O)C2CCCN2C(=O)C(Cc2ccccc2)NC(=O)C(Cc2ccccc2)NC(=O)CNC(=O)CN1,60,GLACIER,K1,0.8679800422412652,0.6051721900254199,
MSBNK-EAWAG-EC014907__GLACIER__K2,JKBXTXMXBDJJQA,O=C1CNC(=O)CNC(=O)CNC(=O)C2CCCN2C(=O)C(Cc2ccccc2)NC(=O)C(Cc2ccccc2)NC(=O)CNC(=O)CN1,60,GLACIER,K2,0.8374431944039661,0.5727174340944421,
MSBNK-EAWAG-EC014907__GLACIER__K3,JKBXTXMXBDJJQA,O=C1CNC(=O)CNC(=O)CNC(=O)C2CCCN2C(=O)C(Cc2ccccc2)NC(=O)C(Cc2ccccc2)NC(=O)CNC(=O)CN1,60,GLACIER,K3,0.847708820887125,0.581671414650944,
MSBNK-EAWAG-EC026001__ICEBERG_2_1__K1,RYLVRVUEEVJKJO,c1coc(-c2coc(-c3coc(C4CCCN4)n3)n2)n1,15,ICEBERG_2_1,K1,0.12750505360157258,0.28267992993131863,
MSBNK-EAWAG-EC026001__ICEBERG_2_1__K2,RYLVRVUEEVJKJO,c1coc(-c2coc(-c3coc(C4CCCN4)n3)n2)n1,15,ICEBERG_2_1,K2,0.34134838891301394,0.4564589415199424,
MSBNK-EAWAG-EC026001__ICEBERG_2_1__K3,RYLVRVUEEVJKJO,c1coc(-c2coc(-c3coc(C4CCCN4)n3)n2)n1,15,ICEBERG_2_1,K3,0.26523288384349325,0.4130983653160316,
MSBNK-EAWAG-EC026001__GLACIER__K1,RYLVRVUEEVJKJO,c1coc(-c2coc(-c3coc(C4CCCN4)n3)n2)n1,15,GLACIER,K1,0.14782494459707662,0.24517973289708117,
MSBNK-EAWAG-EC026001__GLACIER__K2,RYLVRVUEEVJKJO,c1coc(-c2coc(-c3coc(C4CCCN4)n3)n2)n1,15,GLACIER,K2,0.18975693361041948,0.31267264836143116,
MSBNK-EAWAG-EC026001__GLACIER__K3,RYLVRVUEEVJKJO,c1coc(-c2coc(-c3coc(C4CCCN4)n3)n2)n1,15,GLACIER,K3,0.2718983292945354,0.3600915592633779,
MSBNK-EAWAG-EC026002__ICEBERG_2_1__K1,RYLVRVUEEVJKJO,c1coc(-c2coc(-c3coc(C4CCCN4)n3)n2)n1,20,ICEBERG_2_1,K1,0.1288811565868146,0.3543277191468953,
MSBNK-EAWAG-EC026002__ICEBERG_2_1__K2,RYLVRVUEEVJKJO,c1coc(-c2coc(-c3coc(C4CCCN4)n3)n2)n1,20,ICEBERG_2_1,K2,0.05942375356832727,0.21025269568354432,
MSBNK-EAWAG-EC026002__ICEBERG_2_1__K3,RYLVRVUEEVJKJO,c1coc(-c2coc(-c3coc(C4CCCN4)n3)n2)n1,20,ICEBERG_2_1,K3,0.06552581808616073,0.2238330167036664,
MSBNK-EAWAG-EC026002__GLACIER__K1,RYLVRVUEEVJKJO,c1coc(-c2coc(-c3coc(C4CCCN4)n3)n2)n1,20,GLACIER,K1,0.03643579336168672,0.16993580944516307,
MSBNK-EAWAG-EC026002__GLACIER__K2,RYLVRVUEEVJKJO,c1coc(-c2coc(-c3coc(C4CCCN4)n3)n2)n1,20,GLACIER,K2,0.0302981629948142,0.13262036199928673,
MSBNK-EAWAG-EC026002__GLACIER__K3,RYLVRVUEEVJKJO,c1coc(-c2coc(-c3coc(C4CCCN4)n3)n2)n1,20,GLACIER,K3,0.030397502689571,0.13068927502227878,
MSBNK-EAWAG-EC026003__ICEBERG_2_1__K1,RYLVRVUEEVJKJO,c1coc(-c2coc(-c3coc(C4CCCN4)n3)n2)n1,25,ICEBERG_2_1,K1,0.22588651882080038,0.4120374307092046,
MSBNK-EAWAG-EC026003__ICEBERG_2_1__K2,RYLVRVUEEVJKJO,c1coc(-c2coc(-c3coc(C4CCCN4)n3)n2)n1,25,ICEBERG_2_1,K2,0.1958255093213623,0.3195399431677075,
MSBNK-EAWAG-EC026003__ICEBERG_2_1__K3,RYLVRVUEEVJKJO,c1coc(-c2coc(-c3coc(C4CCCN4)n3)n2)n1,25,ICEBERG_2_1,K3,0.19559722021594683,0.31818758438625017,
MSBNK-EAWAG-EC026003__GLACIER__K1,RYLVRVUEEVJKJO,c1coc(-c2coc(-c3coc(C4CCCN4)n3)n2)n1,25,GLACIER,K1,0.11795718589572086,0.24962959200018786,
MSBNK-EAWAG-EC026003__GLACIER__K2,RYLVRVUEEVJKJO,c1coc(-c2coc(-c3coc(C4CCCN4)n3)n2)n1,25,GLACIER,K2,0.1604763788855368,0.309209997204998,
MSBNK-EAWAG-EC026003__GLACIER__K3,RYLVRVUEEVJKJO,c1coc(-c2coc(-c3coc(C4CCCN4)n3)n2)n1,25,GLACIER,K3,0.16233370538899436,0.30986251724433,
MSBNK-EAWAG-EC026004__ICEBERG_2_1__K1,RYLVRVUEEVJKJO,c1coc(-c2coc(-c3coc(C4CCCN4)n3)n2)n1,30,ICEBERG_2_1,K1,0.5015126300401433,0.514705768908329,
MSBNK-EAWAG-EC026004__ICEBERG_2_1__K2,RYLVRVUEEVJKJO,c1coc(-c2coc(-c3coc(C4CCCN4)n3)n2)n1,30,ICEBERG_2_1,K2,0.5281201452025195,0.537065787600059,
MSBNK-EAWAG-EC026004__ICEBERG_2_1__K3,RYLVRVUEEVJKJO,c1coc(-c2coc(-c3coc(C4CCCN4)n3)n2)n1,30,ICEBERG_2_1,K3,0.6312171317452802,0.5730004941788637,
MSBNK-EAWAG-EC026004__GLACIER__K1,RYLVRVUEEVJKJO,c1coc(-c2coc(-c3coc(C4CCCN4)n3)n2)n1,30,GLACIER,K1,0.5389657646100994,0.5613422206112542,
MSBNK-EAWAG-EC026004__GLACIER__K2,RYLVRVUEEVJKJO,c1coc(-c2coc(-c3coc(C4CCCN4)n3)n2)n1,30,GLACIER,K2,0.5713242116244558,0.563969937773583,
MSBNK-EAWAG-EC026004__GLACIER__K3,RYLVRVUEEVJKJO,c1coc(-c2coc(-c3coc(C4CCCN4)n3)n2)n1,30,GLACIER,K3,0.2549008406871199,0.4239263694818478,
MSBNK-EAWAG-EC026005__ICEBERG_2_1__K1,RYLVRVUEEVJKJO,c1coc(-c2coc(-c3coc(C4CCCN4)n3)n2)n1,40,ICEBERG_2_1,K1,0.8420582616009012,0.6740917785177929,
MSBNK-EAWAG-EC026005__ICEBERG_2_1__K2,RYLVRVUEEVJKJO,c1coc(-c2coc(-c3coc(C4CCCN4)n3)n2)n1,40,ICEBERG_2_1,K2,0.8971632209754249,0.7165668360624387,
MSBNK-EAWAG-EC026005__ICEBERG_2_1__K3,RYLVRVUEEVJKJO,c1coc(-c2coc(-c3coc(C4CCCN4)n3)n2)n1,40,ICEBERG_2_1,K3,0.9004157519813064,0.7373881551602612,
MSBNK-EAWAG-EC026005__GLACIER__K1,RYLVRVUEEVJKJO,c1coc(-c2coc(-c3coc(C4CCCN4)n3)n2)n1,40,GLACIER,K1,0.5001805457277779,0.6178677491153628,
MSBNK-EAWAG-EC026005__GLACIER__K2,RYLVRVUEEVJKJO,c1coc(-c2coc(-c3coc(C4CCCN4)n3)n2)n1,40,GLACIER,K2,0.6781375318089006,0.6638150342817646,
MSBNK-EAWAG-EC026005__GLACIER__K3,RYLVRVUEEVJKJO,c1coc(-c2coc(-c3coc(C4CCCN4)n3)n2)n1,40,GLACIER,K3,0.8089842857182411,0.7298212198273759,
MSBNK-EAWAG-EC026006__ICEBERG_2_1__K1,RYLVRVUEEVJKJO,c1coc(-c2coc(-c3coc(C4CCCN4)n3)n2)n1,50,ICEBERG_2_1,K1,0.8521739701242896,0.6713988304681077,
MSBNK-EAWAG-EC026006__ICEBERG_2_1__K2,RYLVRVUEEVJKJO,c1coc(-c2coc(-c3coc(C4CCCN4)n3)n2)n1,50,ICEBERG_2_1,K2,0.8543685177682544,0.7158791197033093,
MSBNK-EAWAG-EC026006__ICEBERG_2_1__K3,RYLVRVUEEVJKJO,c1coc(-c2coc(-c3coc(C4CCCN4)n3)n2)n1,50,ICEBERG_2_1,K3,0.858592766282393,0.7162882150122527,
MSBNK-EAWAG-EC026006__GLACIER__K1,RYLVRVUEEVJKJO,c1coc(-c2coc(-c3coc(C4CCCN4)n3)n2)n1,50,GLACIER,K1,0.832285338746199,0.714154852797696,
MSBNK-EAWAG-EC026006__GLACIER__K2,RYLVRVUEEVJKJO,c1coc(-c2coc(-c3coc(C4CCCN4)n3)n2)n1,50,GLACIER,K2,0.8436635184955728,0.7021282356142595,
MSBNK-EAWAG-EC026006__GLACIER__K3,RYLVRVUEEVJKJO,c1coc(-c2coc(-c3coc(C4CCCN4)n3)n2)n1,50,GLACIER,K3,0.8431177894355861,0.7016580555473076,
MSBNK-EAWAG-EC026007__ICEBERG_2_1__K1,RYLVRVUEEVJKJO,c1coc(-c2coc(-c3coc(C4CCCN4)n3)n2)n1,60,ICEBERG_2_1,K1,0.8819385011262543,0.7235768514295089,
MSBNK-EAWAG-EC026007__ICEBERG_2_1__K2,RYLVRVUEEVJKJO,c1coc(-c2coc(-c3coc(C4CCCN4)n3)n2)n1,60,ICEBERG_2_1,K2,0.8803133948129183,0.716500303648553,
MSBNK-EAWAG-EC026007__ICEBERG_2_1__K3,RYLVRVUEEVJKJO,c1coc(-c2coc(-c3coc(C4CCCN4)n3)n2)n1,60,ICEBERG_2_1,K3,0.8881084471887636,0.7439385368329495,
MSBNK-EAWAG-EC026007__GLACIER__K1,RYLVRVUEEVJKJO,c1coc(-c2coc(-c3coc(C4CCCN4)n3)n2)n1,60,GLACIER,K1,0.9045913627826639,0.7784756442010551,
MSBNK-EAWAG-EC026007__GLACIER__K2,RYLVRVUEEVJKJO,c1coc(-c2coc(-c3coc(C4CCCN4)n3)n2)n1,60,GLACIER,K2,0.8806994247347717,0.7214606846563785,
MSBNK-EAWAG-EC026007__GLACIER__K3,RYLVRVUEEVJKJO,c1coc(-c2coc(-c3coc(C4CCCN4)n3)n2)n1,60,GLACIER,K3,0.8992916637905827,0.7756110910477994,
MSBNK-EAWAG-EC026601__ICEBERG_2_1__K1,XQWGCUIJOHQMPI,O=C1CNC(=O)CNC(=O)CC2OC(=O)CC2NC(=O)CCN1,15,ICEBERG_2_1,K1,0.7877174379763263,0.4726715342431336,
MSBNK-EAWAG-EC026601__ICEBERG_2_1__K2,XQWGCUIJOHQMPI,O=C1CNC(=O)CNC(=O)CC2OC(=O)CC2NC(=O)CCN1,15,ICEBERG_2_1,K2,0.6891394672380983,0.4040559850747101,
MSBNK-EAWAG-EC026601__ICEBERG_2_1__K3,XQWGCUIJOHQMPI,O=C1CNC(=O)CNC(=O)CC2OC(=O)CC2NC(=O)CCN1,15,ICEBERG_2_1,K3,0.7747342158716554,0.4670319997790494,
MSBNK-EAWAG-EC026601__GLACIER__K1,XQWGCUIJOHQMPI,O=C1CNC(=O)CNC(=O)CC2OC(=O)CC2NC(=O)CCN1,15,GLACIER,K1,0.9339200133681065,0.723172037734402,
MSBNK-EAWAG-EC026601__GLACIER__K2,XQWGCUIJOHQMPI,O=C1CNC(=O)CNC(=O)CC2OC(=O)CC2NC(=O)CCN1,15,GLACIER,K2,0.8718859236039053,0.6525045581947129,
MSBNK-EAWAG-EC026601__GLACIER__K3,XQWGCUIJOHQMPI,O=C1CNC(=O)CNC(=O)CC2OC(=O)CC2NC(=O)CCN1,15,GLACIER,K3,0.926159554716472,0.7130947739988334,
MSBNK-EAWAG-EC026602__ICEBERG_2_1__K1,XQWGCUIJOHQMPI,O=C1CNC(=O)CNC(=O)CC2OC(=O)CC2NC(=O)CCN1,20,ICEBERG_2_1,K1,0.43363731969585195,0.27959084094584397,
MSBNK-EAWAG-EC026602__ICEBERG_2_1__K2,XQWGCUIJOHQMPI,O=C1CNC(=O)CNC(=O)CC2OC(=O)CC2NC(=O)CCN1,20,ICEBERG_2_1,K2,0.396230403878373,0.2752688864218854,
MSBNK-EAWAG-EC026602__ICEBERG_2_1__K3,XQWGCUIJOHQMPI,O=C1CNC(=O)CNC(=O)CC2OC(=O)CC2NC(=O)CCN1,20,ICEBERG_2_1,K3,0.3946691101217142,0.2849736403876546,
MSBNK-EAWAG-EC026602__GLACIER__K1,XQWGCUIJOHQMPI,O=C1CNC(=O)CNC(=O)CC2OC(=O)CC2NC(=O)CCN1,20,GLACIER,K1,0.70051400256038,0.4772875155779184,
MSBNK-EAWAG-EC026602__GLACIER__K2,XQWGCUIJOHQMPI,O=C1CNC(=O)CNC(=O)CC2OC(=O)CC2NC(=O)CCN1,20,GLACIER,K2,0.7135181053721666,0.5227296574066678,
MSBNK-EAWAG-EC026602__GLACIER__K3,XQWGCUIJOHQMPI,O=C1CNC(=O)CNC(=O)CC2OC(=O)CC2NC(=O)CCN1,20,GLACIER,K3,0.7130836972722999,0.530562616774674,
MSBNK-EAWAG-EC061601__ICEBERG_2_1__K1,GKSSZFHZBNEQFN,O=C1CCOC(=O)CNC(=O)C(Cc2ccccc2)NC(=O)C(Cc2ccccc2)N2CCCC(NC(=O)CN1)C2=O,15,ICEBERG_2_1,K1,0.9985032552028124,0.95809634191847,
MSBNK-EAWAG-EC061601__ICEBERG_2_1__K2,GKSSZFHZBNEQFN,O=C1CCOC(=O)CNC(=O)C(Cc2ccccc2)NC(=O)C(Cc2ccccc2)N2CCCC(NC(=O)CN1)C2=O,15,ICEBERG_2_1,K2,0.3770314623480376,0.34062979267686033,
MSBNK-EAWAG-EC061601__ICEBERG_2_1__K3,GKSSZFHZBNEQFN,O=C1CCOC(=O)CNC(=O)C(Cc2ccccc2)NC(=O)C(Cc2ccccc2)N2CCCC(NC(=O)CN1)C2=O,15,ICEBERG_2_1,K3,0.6175543031567713,0.4791147258479991,
MSBNK-EAWAG-EC061601__GLACIER__K1,GKSSZFHZBNEQFN,O=C1CCOC(=O)CNC(=O)C(Cc2ccccc2)NC(=O)C(Cc2ccccc2)N2CCCC(NC(=O)CN1)C2=O,15,GLACIER,K1,0.9985443317374608,0.9650008350413186,
MSBNK-EAWAG-EC061601__GLACIER__K2,GKSSZFHZBNEQFN,O=C1CCOC(=O)CNC(=O)C(Cc2ccccc2)NC(=O)C(Cc2ccccc2)N2CCCC(NC(=O)CN1)C2=O,15,GLACIER,K2,0.972556634404494,0.817839912395756,
MSBNK-EAWAG-EC061601__GLACIER__K3,GKSSZFHZBNEQFN,O=C1CCOC(=O)CNC(=O)C(Cc2ccccc2)NC(=O)C(Cc2ccccc2)N2CCCC(NC(=O)CN1)C2=O,15,GLACIER,K3,0.9886441841256058,0.8644125341610102,
MSBNK-EAWAG-EC061602__ICEBERG_2_1__K1,GKSSZFHZBNEQFN,O=C1CCOC(=O)CNC(=O)C(Cc2ccccc2)NC(=O)C(Cc2ccccc2)N2CCCC(NC(=O)CN1)C2=O,20,ICEBERG_2_1,K1,0.9740829185146246,0.8526230691082989,
MSBNK-EAWAG-EC061602__ICEBERG_2_1__K2,GKSSZFHZBNEQFN,O=C1CCOC(=O)CNC(=O)C(Cc2ccccc2)NC(=O)C(Cc2ccccc2)N2CCCC(NC(=O)CN1)C2=O,20,ICEBERG_2_1,K2,0.00015678507655110465,0.0016214709597792698,
MSBNK-EAWAG-EC061602__ICEBERG_2_1__K3,GKSSZFHZBNEQFN,O=C1CCOC(=O)CNC(=O)C(Cc2ccccc2)NC(=O)C(Cc2ccccc2)N2CCCC(NC(=O)CN1)C2=O,20,ICEBERG_2_1,K3,0.0002698675935887341,0.002248272821132713,
MSBNK-EAWAG-EC061602__GLACIER__K1,GKSSZFHZBNEQFN,O=C1CCOC(=O)CNC(=O)C(Cc2ccccc2)NC(=O)C(Cc2ccccc2)N2CCCC(NC(=O)CN1)C2=O,20,GLACIER,K1,0.9737287560222939,0.8539031242119909,
MSBNK-EAWAG-EC061602__GLACIER__K2,GKSSZFHZBNEQFN,O=C1CCOC(=O)CNC(=O)C(Cc2ccccc2)NC(=O)C(Cc2ccccc2)N2CCCC(NC(=O)CN1)C2=O,20,GLACIER,K2,0.7201432701141082,0.5367657493421412,
MSBNK-EAWAG-EC061602__GLACIER__K3,GKSSZFHZBNEQFN,O=C1CCOC(=O)CNC(=O)C(Cc2ccccc2)NC(=O)C(Cc2ccccc2)N2CCCC(NC(=O)CN1)C2=O,20,GLACIER,K3,0.556442151872744,0.45717002283428887,
MSBNK-EAWAG-EC061603__ICEBERG_2_1__K1,GKSSZFHZBNEQFN,O=C1CCOC(=O)CNC(=O)C(Cc2ccccc2)NC(=O)C(Cc2ccccc2)N2CCCC(NC(=O)CN1)C2=O,25,ICEBERG_2_1,K1,0.7445571398745914,0.64611747278258,
MSBNK-EAWAG-EC061603__ICEBERG_2_1__K2,GKSSZFHZBNEQFN,O=C1CCOC(=O)CNC(=O)C(Cc2ccccc2)NC(=O)C(Cc2ccccc2)N2CCCC(NC(=O)CN1)C2=O,25,ICEBERG_2_1,K2,0.03697999848179381,0.07011062462465056,
MSBNK-EAWAG-EC061603__ICEBERG_2_1__K3,GKSSZFHZBNEQFN,O=C1CCOC(=O)CNC(=O)C(Cc2ccccc2)NC(=O)C(Cc2ccccc2)N2CCCC(NC(=O)CN1)C2=O,25,ICEBERG_2_1,K3,0.03698293597779178,0.07028281999719166,
MSBNK-EAWAG-EC061603__GLACIER__K1,GKSSZFHZBNEQFN,O=C1CCOC(=O)CNC(=O)C(Cc2ccccc2)NC(=O)C(Cc2ccccc2)N2CCCC(NC(=O)CN1)C2=O,25,GLACIER,K1,0.742552631799491,0.6444936445342385,
MSBNK-EAWAG-EC061603__GLACIER__K2,GKSSZFHZBNEQFN,O=C1CCOC(=O)CNC(=O)C(Cc2ccccc2)NC(=O)C(Cc2ccccc2)N2CCCC(NC(=O)CN1)C2=O,25,GLACIER,K2,0.04372342394226777,0.09562892201827922,
MSBNK-EAWAG-EC061603__GLACIER__K3,GKSSZFHZBNEQFN,O=C1CCOC(=O)CNC(=O)C(Cc2ccccc2)NC(=O)C(Cc2ccccc2)N2CCCC(NC(=O)CN1)C2=O,25,GLACIER,K3,0.043386910467701795,0.09441024056218617,
MSBNK-EAWAG-EC061604__ICEBERG_2_1__K1,GKSSZFHZBNEQFN,O=C1CCOC(=O)CNC(=O)C(Cc2ccccc2)NC(=O)C(Cc2ccccc2)N2CCCC(NC(=O)CN1)C2=O,30,ICEBERG_2_1,K1,0.3379160496179105,0.3494467597408597,
MSBNK-EAWAG-EC061604__ICEBERG_2_1__K2,GKSSZFHZBNEQFN,O=C1CCOC(=O)CNC(=O)C(Cc2ccccc2)NC(=O)C(Cc2ccccc2)N2CCCC(NC(=O)CN1)C2=O,30,ICEBERG_2_1,K2,0.31102902975950203,0.27437063353743296,
MSBNK-EAWAG-EC061604__ICEBERG_2_1__K3,GKSSZFHZBNEQFN,O=C1CCOC(=O)CNC(=O)C(Cc2ccccc2)NC(=O)C(Cc2ccccc2)N2CCCC(NC(=O)CN1)C2=O,30,ICEBERG_2_1,K3,0.3110669766653865,0.27543672312740763,
MSBNK-EAWAG-EC061604__GLACIER__K1,GKSSZFHZBNEQFN,O=C1CCOC(=O)CNC(=O)C(Cc2ccccc2)NC(=O)C(Cc2ccccc2)N2CCCC(NC(=O)CN1)C2=O,30,GLACIER,K1,0.1734300559333079,0.16392504376961292,
MSBNK-EAWAG-EC061604__GLACIER__K2,GKSSZFHZBNEQFN,O=C1CCOC(=O)CNC(=O)C(Cc2ccccc2)NC(=O)C(Cc2ccccc2)N2CCCC(NC(=O)CN1)C2=O,30,GLACIER,K2,0.3119743829361214,0.2827770844780705,
MSBNK-EAWAG-EC061604__GLACIER__K3,GKSSZFHZBNEQFN,O=C1CCOC(=O)CNC(=O)C(Cc2ccccc2)NC(=O)C(Cc2ccccc2)N2CCCC(NC(=O)CN1)C2=O,30,GLACIER,K3,0.3122298620822379,0.2857754749813377,
MSBNK-EAWAG-EC061605__ICEBERG_2_1__K1,GKSSZFHZBNEQFN,O=C1CCOC(=O)CNC(=O)C(Cc2ccccc2)NC(=O)C(Cc2ccccc2)N2CCCC(NC(=O)CN1)C2=O,40,ICEBERG_2_1,K1,0.7352991916609422,0.4167149449836022,
MSBNK-EAWAG-EC061605__ICEBERG_2_1__K2,GKSSZFHZBNEQFN,O=C1CCOC(=O)CNC(=O)C(Cc2ccccc2)NC(=O)C(Cc2ccccc2)N2CCCC(NC(=O)CN1)C2=O,40,ICEBERG_2_1,K2,0.7328764307713292,0.39994628188728776,
MSBNK-EAWAG-EC061605__ICEBERG_2_1__K3,GKSSZFHZBNEQFN,O=C1CCOC(=O)CNC(=O)C(Cc2ccccc2)NC(=O)C(Cc2ccccc2)N2CCCC(NC(=O)CN1)C2=O,40,ICEBERG_2_1,K3,0.733156691038955,0.4009577072391134,
MSBNK-EAWAG-EC061605__GLACIER__K1,GKSSZFHZBNEQFN,O=C1CCOC(=O)CNC(=O)C(Cc2ccccc2)NC(=O)C(Cc2ccccc2)N2CCCC(NC(=O)CN1)C2=O,40,GLACIER,K1,0.0247042212014119,0.10587278569156999,
MSBNK-EAWAG-EC061605__GLACIER__K2,GKSSZFHZBNEQFN,O=C1CCOC(=O)CNC(=O)C(Cc2ccccc2)NC(=O)C(Cc2ccccc2)N2CCCC(NC(=O)CN1)C2=O,40,GLACIER,K2,0.7368452584630458,0.42735071001710856,
MSBNK-EAWAG-EC061605__GLACIER__K3,GKSSZFHZBNEQFN,O=C1CCOC(=O)CNC(=O)C(Cc2ccccc2)NC(=O)C(Cc2ccccc2)N2CCCC(NC(=O)CN1)C2=O,40,GLACIER,K3,0.7372309194527114,0.4283259112977067,
MSBNK-EAWAG-EC061606__ICEBERG_2_1__K1,GKSSZFHZBNEQFN,O=C1CCOC(=O)CNC(=O)C(Cc2ccccc2)NC(=O)C(Cc2ccccc2)N2CCCC(NC(=O)CN1)C2=O,50,ICEBERG_2_1,K1,0.6966877519237963,0.4008500987353545,
MSBNK-EAWAG-EC061606__ICEBERG_2_1__K2,GKSSZFHZBNEQFN,O=C1CCOC(=O)CNC(=O)C(Cc2ccccc2)NC(=O)C(Cc2ccccc2)N2CCCC(NC(=O)CN1)C2=O,50,ICEBERG_2_1,K2,0.6971423342929649,0.4063343987022332,
MSBNK-EAWAG-EC061606__ICEBERG_2_1__K3,GKSSZFHZBNEQFN,O=C1CCOC(=O)CNC(=O)C(Cc2ccccc2)NC(=O)C(Cc2ccccc2)N2CCCC(NC(=O)CN1)C2=O,50,ICEBERG_2_1,K3,0.6978336211399001,0.411183357807573,
MSBNK-EAWAG-EC061606__GLACIER__K1,GKSSZFHZBNEQFN,O=C1CCOC(=O)CNC(=O)C(Cc2ccccc2)NC(=O)C(Cc2ccccc2)N2CCCC(NC(=O)CN1)C2=O,50,GLACIER,K1,0.6988389875237161,0.41085013542053195,
MSBNK-EAWAG-EC061606__GLACIER__K2,GKSSZFHZBNEQFN,O=C1CCOC(=O)CNC(=O)C(Cc2ccccc2)NC(=O)C(Cc2ccccc2)N2CCCC(NC(=O)CN1)C2=O,50,GLACIER,K2,0.6724418235381682,0.4135597652946098,
MSBNK-EAWAG-EC061606__GLACIER__K3,GKSSZFHZBNEQFN,O=C1CCOC(=O)CNC(=O)C(Cc2ccccc2)NC(=O)C(Cc2ccccc2)N2CCCC(NC(=O)CN1)C2=O,50,GLACIER,K3,0.6815577813223639,0.44070799388095194,
MSBNK-EAWAG-EC061607__ICEBERG_2_1__K1,GKSSZFHZBNEQFN,O=C1CCOC(=O)CNC(=O)C(Cc2ccccc2)NC(=O)C(Cc2ccccc2)N2CCCC(NC(=O)CN1)C2=O,60,ICEBERG_2_1,K1,0.6233946572167623,0.4064065362740855,
MSBNK-EAWAG-EC061607__ICEBERG_2_1__K2,GKSSZFHZBNEQFN,O=C1CCOC(=O)CNC(=O)C(Cc2ccccc2)NC(=O)C(Cc2ccccc2)N2CCCC(NC(=O)CN1)C2=O,60,ICEBERG_2_1,K2,0.6231484135321025,0.3991592598492294,
MSBNK-EAWAG-EC061607__ICEBERG_2_1__K3,GKSSZFHZBNEQFN,O=C1CCOC(=O)CNC(=O)C(Cc2ccccc2)NC(=O)C(Cc2ccccc2)N2CCCC(NC(=O)CN1)C2=O,60,ICEBERG_2_1,K3,0.6233847499703677,0.3995250396606007,
MSBNK-EAWAG-EC061607__GLACIER__K1,GKSSZFHZBNEQFN,O=C1CCOC(=O)CNC(=O)C(Cc2ccccc2)NC(=O)C(Cc2ccccc2)N2CCCC(NC(=O)CN1)C2=O,60,GLACIER,K1,0.6341939641234414,0.4750450550290046,
MSBNK-EAWAG-EC061607__GLACIER__K2,GKSSZFHZBNEQFN,O=C1CCOC(=O)CNC(=O)C(Cc2ccccc2)NC(=O)C(Cc2ccccc2)N2CCCC(NC(=O)CN1)C2=O,60,GLACIER,K2,0.13180176822078632,0.21389131150232787,
MSBNK-EAWAG-EC061607__GLACIER__K3,GKSSZFHZBNEQFN,O=C1CCOC(=O)CNC(=O)C(Cc2ccccc2)NC(=O)C(Cc2ccccc2)N2CCCC(NC(=O)CN1)C2=O,60,GLACIER,K3,0.1836348720893758,0.24450325039017273,
MSBNK-EAWAG-EC064201__ICEBERG_2_1__K1,KSVGOBQTQGOLQM,O=C1CCOC(=O)CNC(=O)C(Cc2ccccc2)NC(=O)CN2CCCC(NC(=O)CN1)C2=O,15,ICEBERG_2_1,K1,0.19092534494804814,0.3697505484821656,
MSBNK-EAWAG-EC064201__ICEBERG_2_1__K2,KSVGOBQTQGOLQM,O=C1CCOC(=O)CNC(=O)C(Cc2ccccc2)NC(=O)CN2CCCC(NC(=O)CN1)C2=O,15,ICEBERG_2_1,K2,0.035735810277714025,0.10344954913143856,
MSBNK-EAWAG-EC064201__ICEBERG_2_1__K3,KSVGOBQTQGOLQM,O=C1CCOC(=O)CNC(=O)C(Cc2ccccc2)NC(=O)CN2CCCC(NC(=O)CN1)C2=O,15,ICEBERG_2_1,K3,0.044360474213478066,0.12462353525417547,
MSBNK-EAWAG-EC064201__GLACIER__K1,KSVGOBQTQGOLQM,O=C1CCOC(=O)CNC(=O)C(Cc2ccccc2)NC(=O)CN2CCCC(NC(=O)CN1)C2=O,15,GLACIER,K1,0.17545856721632175,0.34262755214978025,
MSBNK-EAWAG-EC064201__GLACIER__K2,KSVGOBQTQGOLQM,O=C1CCOC(=O)CNC(=O)C(Cc2ccccc2)NC(=O)CN2CCCC(NC(=O)CN1)C2=O,15,GLACIER,K2,0.354444817924733,0.5174629177748638,
MSBNK-EAWAG-EC064201__GLACIER__K3,KSVGOBQTQGOLQM,O=C1CCOC(=O)CNC(=O)C(Cc2ccccc2)NC(=O)CN2CCCC(NC(=O)CN1)C2=O,15,GLACIER,K3,0.4272514034318277,0.5843028277012265,
MSBNK-EAWAG-EC064202__ICEBERG_2_1__K1,KSVGOBQTQGOLQM,O=C1CCOC(=O)CNC(=O)C(Cc2ccccc2)NC(=O)CN2CCCC(NC(=O)CN1)C2=O,20,ICEBERG_2_1,K1,0.008298078608383917,0.04819008508969469,
MSBNK-EAWAG-EC064202__ICEBERG_2_1__K2,KSVGOBQTQGOLQM,O=C1CCOC(=O)CNC(=O)C(Cc2ccccc2)NC(=O)CN2CCCC(NC(=O)CN1)C2=O,20,ICEBERG_2_1,K2,0.02602880963468126,0.06367944637884915,
MSBNK-EAWAG-EC064202__ICEBERG_2_1__K3,KSVGOBQTQGOLQM,O=C1CCOC(=O)CNC(=O)C(Cc2ccccc2)NC(=O)CN2CCCC(NC(=O)CN1)C2=O,20,ICEBERG_2_1,K3,0.02602885775297084,0.06372717703865238,
MSBNK-EAWAG-EC064202__GLACIER__K1,KSVGOBQTQGOLQM,O=C1CCOC(=O)CNC(=O)C(Cc2ccccc2)NC(=O)CN2CCCC(NC(=O)CN1)C2=O,20,GLACIER,K1,0.05666775352165067,0.14309498200506277,
MSBNK-EAWAG-EC064202__GLACIER__K2,KSVGOBQTQGOLQM,O=C1CCOC(=O)CNC(=O)C(Cc2ccccc2)NC(=O)CN2CCCC(NC(=O)CN1)C2=O,20,GLACIER,K2,0.030055331135473054,0.08122242507469168,
MSBNK-EAWAG-EC064202__GLACIER__K3,KSVGOBQTQGOLQM,O=C1CCOC(=O)CNC(=O)C(Cc2ccccc2)NC(=O)CN2CCCC(NC(=O)CN1)C2=O,20,GLACIER,K3,0.029381165361977695,0.07871159426512908,
MSBNK-EAWAG-EC064203__ICEBERG_2_1__K1,KSVGOBQTQGOLQM,O=C1CCOC(=O)CNC(=O)C(Cc2ccccc2)NC(=O)CN2CCCC(NC(=O)CN1)C2=O,25,ICEBERG_2_1,K1,0.014476128712673054,0.06774196749671968,
MSBNK-EAWAG-EC064203__ICEBERG_2_1__K2,KSVGOBQTQGOLQM,O=C1CCOC(=O)CNC(=O)C(Cc2ccccc2)NC(=O)CN2CCCC(NC(=O)CN1)C2=O,25,ICEBERG_2_1,K2,8.103674389327355e-06,0.0006860066114211527,
MSBNK-EAWAG-EC064203__ICEBERG_2_1__K3,KSVGOBQTQGOLQM,O=C1CCOC(=O)CNC(=O)C(Cc2ccccc2)NC(=O)CN2CCCC(NC(=O)CN1)C2=O,25,ICEBERG_2_1,K3,0.0,0.0,
MSBNK-EAWAG-EC064203__GLACIER__K1,KSVGOBQTQGOLQM,O=C1CCOC(=O)CNC(=O)C(Cc2ccccc2)NC(=O)CN2CCCC(NC(=O)CN1)C2=O,25,GLACIER,K1,0.040691867275344275,0.12242460145009315,
MSBNK-EAWAG-EC064203__GLACIER__K2,KSVGOBQTQGOLQM,O=C1CCOC(=O)CNC(=O)C(Cc2ccccc2)NC(=O)CN2CCCC(NC(=O)CN1)C2=O,25,GLACIER,K2,0.14885736472073383,0.23035275519957654,
MSBNK-EAWAG-EC064203__GLACIER__K3,KSVGOBQTQGOLQM,O=C1CCOC(=O)CNC(=O)C(Cc2ccccc2)NC(=O)CN2CCCC(NC(=O)CN1)C2=O,25,GLACIER,K3,0.14873830794952725,0.22794771180968298,
MSBNK-EAWAG-EC064204__ICEBERG_2_1__K1,KSVGOBQTQGOLQM,O=C1CCOC(=O)CNC(=O)C(Cc2ccccc2)NC(=O)CN2CCCC(NC(=O)CN1)C2=O,30,ICEBERG_2_1,K1,9.566905719447246e-05,0.002111312210118399,
MSBNK-EAWAG-EC064204__ICEBERG_2_1__K2,KSVGOBQTQGOLQM,O=C1CCOC(=O)CNC(=O)C(Cc2ccccc2)NC(=O)CN2CCCC(NC(=O)CN1)C2=O,30,ICEBERG_2_1,K2,0.4117412980490186,0.38697502987372956,
MSBNK-EAWAG-EC064204__ICEBERG_2_1__K3,KSVGOBQTQGOLQM,O=C1CCOC(=O)CNC(=O)C(Cc2ccccc2)NC(=O)CN2CCCC(NC(=O)CN1)C2=O,30,ICEBERG_2_1,K3,0.4118056421417077,0.38740888555331543,
MSBNK-EAWAG-EC064204__GLACIER__K1,KSVGOBQTQGOLQM,O=C1CCOC(=O)CNC(=O)C(Cc2ccccc2)NC(=O)CN2CCCC(NC(=O)CN1)C2=O,30,GLACIER,K1,0.4050028533293144,0.35241793166591395,
MSBNK-EAWAG-EC064204__GLACIER__K2,KSVGOBQTQGOLQM,O=C1CCOC(=O)CNC(=O)C(Cc2ccccc2)NC(=O)CN2CCCC(NC(=O)CN1)C2=O,30,GLACIER,K2,0.410653397283324,0.3811576287064148,
MSBNK-EAWAG-EC064204__GLACIER__K3,KSVGOBQTQGOLQM,O=C1CCOC(=O)CNC(=O)C(Cc2ccccc2)NC(=O)CN2CCCC(NC(=O)CN1)C2=O,30,GLACIER,K3,0.4104788307493421,0.3787336349103132,
MSBNK-EAWAG-EC064205__ICEBERG_2_1__K1,KSVGOBQTQGOLQM,O=C1CCOC(=O)CNC(=O)C(Cc2ccccc2)NC(=O)CN2CCCC(NC(=O)CN1)C2=O,40,ICEBERG_2_1,K1,0.6212457485854356,0.4500368311656029,
MSBNK-EAWAG-EC064205__ICEBERG_2_1__K2,KSVGOBQTQGOLQM,O=C1CCOC(=O)CNC(=O)C(Cc2ccccc2)NC(=O)CN2CCCC(NC(=O)CN1)C2=O,40,ICEBERG_2_1,K2,0.6211341141730836,0.4387177738314356,
MSBNK-EAWAG-EC064205__ICEBERG_2_1__K3,KSVGOBQTQGOLQM,O=C1CCOC(=O)CNC(=O)C(Cc2ccccc2)NC(=O)CN2CCCC(NC(=O)CN1)C2=O,40,ICEBERG_2_1,K3,0.6210971796173096,0.43883702575923234,
MSBNK-EAWAG-EC064205__GLACIER__K1,KSVGOBQTQGOLQM,O=C1CCOC(=O)CNC(=O)C(Cc2ccccc2)NC(=O)CN2CCCC(NC(=O)CN1)C2=O,40,GLACIER,K1,0.001288923311102467,0.015010329720618554,
MSBNK-EAWAG-EC064205__GLACIER__K2,KSVGOBQTQGOLQM,O=C1CCOC(=O)CNC(=O)C(Cc2ccccc2)NC(=O)CN2CCCC(NC(=O)CN1)C2=O,40,GLACIER,K2,0.6116427337837441,0.42087501759409496,
MSBNK-EAWAG-EC064205__GLACIER__K3,KSVGOBQTQGOLQM,O=C1CCOC(=O)CNC(=O)C(Cc2ccccc2)NC(=O)CN2CCCC(NC(=O)CN1)C2=O,40,GLACIER,K3,0.6145083997669184,0.42651247354217914,
MSBNK-EAWAG-EC064206__ICEBERG_2_1__K1,KSVGOBQTQGOLQM,O=C1CCOC(=O)CNC(=O)C(Cc2ccccc2)NC(=O)CN2CCCC(NC(=O)CN1)C2=O,50,ICEBERG_2_1,K1,0.6819323381717235,0.486621685481437,
MSBNK-EAWAG-EC064206__ICEBERG_2_1__K2,KSVGOBQTQGOLQM,O=C1CCOC(=O)CNC(=O)C(Cc2ccccc2)NC(=O)CN2CCCC(NC(=O)CN1)C2=O,50,ICEBERG_2_1,K2,0.6359479501767349,0.42986130278478385,
MSBNK-EAWAG-EC064206__ICEBERG_2_1__K3,KSVGOBQTQGOLQM,O=C1CCOC(=O)CNC(=O)C(Cc2ccccc2)NC(=O)CN2CCCC(NC(=O)CN1)C2=O,50,ICEBERG_2_1,K3,0.6737633590924748,0.4587500696778437,
MSBNK-EAWAG-EC064206__GLACIER__K1,KSVGOBQTQGOLQM,O=C1CCOC(=O)CNC(=O)C(Cc2ccccc2)NC(=O)CN2CCCC(NC(=O)CN1)C2=O,50,GLACIER,K1,0.6800546405418568,0.46410751518026294,
MSBNK-EAWAG-EC064206__GLACIER__K2,KSVGOBQTQGOLQM,O=C1CCOC(=O)CNC(=O)C(Cc2ccccc2)NC(=O)CN2CCCC(NC(=O)CN1)C2=O,50,GLACIER,K2,0.6381615458467824,0.41697162023155965,
MSBNK-EAWAG-EC064206__GLACIER__K3,KSVGOBQTQGOLQM,O=C1CCOC(=O)CNC(=O)C(Cc2ccccc2)NC(=O)CN2CCCC(NC(=O)CN1)C2=O,50,GLACIER,K3,0.6380006909604863,0.41780004128086823,
MSBNK-EAWAG-EC064207__ICEBERG_2_1__K1,KSVGOBQTQGOLQM,O=C1CCOC(=O)CNC(=O)C(Cc2ccccc2)NC(=O)CN2CCCC(NC(=O)CN1)C2=O,60,ICEBERG_2_1,K1,0.6768693594231555,0.5078563595718766,
MSBNK-EAWAG-EC064207__ICEBERG_2_1__K2,KSVGOBQTQGOLQM,O=C1CCOC(=O)CNC(=O)C(Cc2ccccc2)NC(=O)CN2CCCC(NC(=O)CN1)C2=O,60,ICEBERG_2_1,K2,0.6183673769960543,0.4203680415871932,
MSBNK-EAWAG-EC064207__ICEBERG_2_1__K3,KSVGOBQTQGOLQM,O=C1CCOC(=O)CNC(=O)C(Cc2ccccc2)NC(=O)CN2CCCC(NC(=O)CN1)C2=O,60,ICEBERG_2_1,K3,0.5767529028535847,0.4068988571592874,
MSBNK-EAWAG-EC064207__GLACIER__K1,KSVGOBQTQGOLQM,O=C1CCOC(=O)CNC(=O)C(Cc2ccccc2)NC(=O)CN2CCCC(NC(=O)CN1)C2=O,60,GLACIER,K1,0.6731433241272478,0.48161477261782615,
MSBNK-EAWAG-EC064207__GLACIER__K2,KSVGOBQTQGOLQM,O=C1CCOC(=O)CNC(=O)C(Cc2ccccc2)NC(=O)CN2CCCC(NC(=O)CN1)C2=O,60,GLACIER,K2,0.4096245863435714,0.2769710520786802,
MSBNK-EAWAG-EC064207__GLACIER__K3,KSVGOBQTQGOLQM,O=C1CCOC(=O)CNC(=O)C(Cc2ccccc2)NC(=O)CN2CCCC(NC(=O)CN1)C2=O,60,GLACIER,K3,0.35619884823960934,0.2675292477042347,
MSBNK-EAWAG-EC075201__ICEBERG_2_1__K1,COYVFWSNQRUPIO,O=C1CCCCCNC(=O)CNC(=O)C(CCc2ccccc2)NC(=O)C(CCc2ccccc2)NC(=O)CN1,15,ICEBERG_2_1,K1,0.9556452990843551,0.7461920021778383,
MSBNK-EAWAG-EC075201__ICEBERG_2_1__K2,COYVFWSNQRUPIO,O=C1CCCCCNC(=O)CNC(=O)C(CCc2ccccc2)NC(=O)C(CCc2ccccc2)NC(=O)CN1,15,ICEBERG_2_1,K2,0.08416811077197639,0.17364886837040117,
MSBNK-EAWAG-EC075201__ICEBERG_2_1__K3,COYVFWSNQRUPIO,O=C1CCCCCNC(=O)CNC(=O)C(CCc2ccccc2)NC(=O)C(CCc2ccccc2)NC(=O)CN1,15,ICEBERG_2_1,K3,0.07520843999798094,0.18177049522545963,
MSBNK-EAWAG-EC075201__GLACIER__K1,COYVFWSNQRUPIO,O=C1CCCCCNC(=O)CNC(=O)C(CCc2ccccc2)NC(=O)C(CCc2ccccc2)NC(=O)CN1,15,GLACIER,K1,0.8899680507037998,0.8272799133315929,
MSBNK-EAWAG-EC075201__GLACIER__K2,COYVFWSNQRUPIO,O=C1CCCCCNC(=O)CNC(=O)C(CCc2ccccc2)NC(=O)C(CCc2ccccc2)NC(=O)CN1,15,GLACIER,K2,0.045384958667519786,0.15592045294880252,
MSBNK-EAWAG-EC075201__GLACIER__K3,COYVFWSNQRUPIO,O=C1CCCCCNC(=O)CNC(=O)C(CCc2ccccc2)NC(=O)C(CCc2ccccc2)NC(=O)CN1,15,GLACIER,K3,0.08209329627760804,0.19532729986820552,
MSBNK-EAWAG-EC075202__ICEBERG_2_1__K1,COYVFWSNQRUPIO,O=C1CCCCCNC(=O)CNC(=O)C(CCc2ccccc2)NC(=O)C(CCc2ccccc2)NC(=O)CN1,20,ICEBERG_2_1,K1,0.03328436369995028,0.06727911003736531,
MSBNK-EAWAG-EC075202__ICEBERG_2_1__K2,COYVFWSNQRUPIO,O=C1CCCCCNC(=O)CNC(=O)C(CCc2ccccc2)NC(=O)C(CCc2ccccc2)NC(=O)CN1,20,ICEBERG_2_1,K2,0.00880662521302566,0.02355233324434791,
MSBNK-EAWAG-EC075202__ICEBERG_2_1__K3,COYVFWSNQRUPIO,O=C1CCCCCNC(=O)CNC(=O)C(CCc2ccccc2)NC(=O)C(CCc2ccccc2)NC(=O)CN1,20,ICEBERG_2_1,K3,0.008009964260856326,0.022658530831544677,
MSBNK-EAWAG-EC075202__GLACIER__K1,COYVFWSNQRUPIO,O=C1CCCCCNC(=O)CNC(=O)C(CCc2ccccc2)NC(=O)C(CCc2ccccc2)NC(=O)CN1,20,GLACIER,K1,0.520043442256959,0.39805009659945434,
MSBNK-EAWAG-EC075202__GLACIER__K2,COYVFWSNQRUPIO,O=C1CCCCCNC(=O)CNC(=O)C(CCc2ccccc2)NC(=O)C(CCc2ccccc2)NC(=O)CN1,20,GLACIER,K2,0.0007708306079737015,0.003471237155771245,
MSBNK-EAWAG-EC075202__GLACIER__K3,COYVFWSNQRUPIO,O=C1CCCCCNC(=O)CNC(=O)C(CCc2ccccc2)NC(=O)C(CCc2ccccc2)NC(=O)CN1,20,GLACIER,K3,0.0010161036427722829,0.004495439090160702,
MSBNK-EAWAG-EC075203__ICEBERG_2_1__K1,COYVFWSNQRUPIO,O=C1CCCCCNC(=O)CNC(=O)C(CCc2ccccc2)NC(=O)C(CCc2ccccc2)NC(=O)CN1,25,ICEBERG_2_1,K1,0.060979211597579075,0.16358706255168043,
MSBNK-EAWAG-EC075203__ICEBERG_2_1__K2,COYVFWSNQRUPIO,O=C1CCCCCNC(=O)CNC(=O)C(CCc2ccccc2)NC(=O)C(CCc2ccccc2)NC(=O)CN1,25,ICEBERG_2_1,K2,0.40966428835852453,0.31636532194362843,
MSBNK-EAWAG-EC075203__ICEBERG_2_1__K3,COYVFWSNQRUPIO,O=C1CCCCCNC(=O)CNC(=O)C(CCc2ccccc2)NC(=O)C(CCc2ccccc2)NC(=O)CN1,25,ICEBERG_2_1,K3,0.4149733283593236,0.31670750756378174,
MSBNK-EAWAG-EC075203__GLACIER__K1,COYVFWSNQRUPIO,O=C1CCCCCNC(=O)CNC(=O)C(CCc2ccccc2)NC(=O)C(CCc2ccccc2)NC(=O)CN1,25,GLACIER,K1,0.20002699329866655,0.24455469211131842,
MSBNK-EAWAG-EC075203__GLACIER__K2,COYVFWSNQRUPIO,O=C1CCCCCNC(=O)CNC(=O)C(CCc2ccccc2)NC(=O)C(CCc2ccccc2)NC(=O)CN1,25,GLACIER,K2,0.541106967165014,0.3652734781729625,
MSBNK-EAWAG-EC075203__GLACIER__K3,COYVFWSNQRUPIO,O=C1CCCCCNC(=O)CNC(=O)C(CCc2ccccc2)NC(=O)C(CCc2ccccc2)NC(=O)CN1,25,GLACIER,K3,0.5429974613233406,0.36797756033709494,
MSBNK-EAWAG-EC075204__ICEBERG_2_1__K1,COYVFWSNQRUPIO,O=C1CCCCCNC(=O)CNC(=O)C(CCc2ccccc2)NC(=O)C(CCc2ccccc2)NC(=O)CN1,30,ICEBERG_2_1,K1,0.06956885443008132,0.11638777821926793,
MSBNK-EAWAG-EC075204__ICEBERG_2_1__K2,COYVFWSNQRUPIO,O=C1CCCCCNC(=O)CNC(=O)C(CCc2ccccc2)NC(=O)C(CCc2ccccc2)NC(=O)CN1,30,ICEBERG_2_1,K2,0.5834581830489687,0.37131885594556524,
MSBNK-EAWAG-EC075204__ICEBERG_2_1__K3,COYVFWSNQRUPIO,O=C1CCCCCNC(=O)CNC(=O)C(CCc2ccccc2)NC(=O)C(CCc2ccccc2)NC(=O)CN1,30,ICEBERG_2_1,K3,0.7097628661237123,0.42577679814472447,
MSBNK-EAWAG-EC075204__GLACIER__K1,COYVFWSNQRUPIO,O=C1CCCCCNC(=O)CNC(=O)C(CCc2ccccc2)NC(=O)C(CCc2ccccc2)NC(=O)CN1,30,GLACIER,K1,0.694756921929737,0.4694200857078916,
MSBNK-EAWAG-EC075204__GLACIER__K2,COYVFWSNQRUPIO,O=C1CCCCCNC(=O)CNC(=O)C(CCc2ccccc2)NC(=O)C(CCc2ccccc2)NC(=O)CN1,30,GLACIER,K2,0.5433080451924628,0.3768885308318384,
MSBNK-EAWAG-EC075204__GLACIER__K3,COYVFWSNQRUPIO,O=C1CCCCCNC(=O)CNC(=O)C(CCc2ccccc2)NC(=O)C(CCc2ccccc2)NC(=O)CN1,30,GLACIER,K3,0.7762773352902157,0.50281677930696,
MSBNK-EAWAG-EC075205__ICEBERG_2_1__K1,COYVFWSNQRUPIO,O=C1CCCCCNC(=O)CNC(=O)C(CCc2ccccc2)NC(=O)C(CCc2ccccc2)NC(=O)CN1,40,ICEBERG_2_1,K1,0.694072722036236,0.5836891394843688,
MSBNK-EAWAG-EC075205__ICEBERG_2_1__K2,COYVFWSNQRUPIO,O=C1CCCCCNC(=O)CNC(=O)C(CCc2ccccc2)NC(=O)C(CCc2ccccc2)NC(=O)CN1,40,ICEBERG_2_1,K2,0.7818907995319755,0.6292616065492262,
MSBNK-EAWAG-EC075205__ICEBERG_2_1__K3,COYVFWSNQRUPIO,O=C1CCCCCNC(=O)CNC(=O)C(CCc2ccccc2)NC(=O)C(CCc2ccccc2)NC(=O)CN1,40,ICEBERG_2_1,K3,0.8626831917939789,0.6675038398614516,
MSBNK-EAWAG-EC075205__GLACIER__K1,COYVFWSNQRUPIO,O=C1CCCCCNC(=O)CNC(=O)C(CCc2ccccc2)NC(=O)C(CCc2ccccc2)NC(=O)CN1,40,GLACIER,K1,0.8499580211103541,0.5981455957670303,
MSBNK-EAWAG-EC075205__GLACIER__K2,COYVFWSNQRUPIO,O=C1CCCCCNC(=O)CNC(=O)C(CCc2ccccc2)NC(=O)C(CCc2ccccc2)NC(=O)CN1,40,GLACIER,K2,0.7715361045106862,0.5769754598504027,
MSBNK-EAWAG-EC075205__GLACIER__K3,COYVFWSNQRUPIO,O=C1CCCCCNC(=O)CNC(=O)C(CCc2ccccc2)NC(=O)C(CCc2ccccc2)NC(=O)CN1,40,GLACIER,K3,0.01720432979564191,0.07211010122411676,
MSBNK-EAWAG-EC075206__ICEBERG_2_1__K1,COYVFWSNQRUPIO,O=C1CCCCCNC(=O)CNC(=O)C(CCc2ccccc2)NC(=O)C(CCc2ccccc2)NC(=O)CN1,50,ICEBERG_2_1,K1,0.7810431330143305,0.6473640576796781,
MSBNK-EAWAG-EC075206__ICEBERG_2_1__K2,COYVFWSNQRUPIO,O=C1CCCCCNC(=O)CNC(=O)C(CCc2ccccc2)NC(=O)C(CCc2ccccc2)NC(=O)CN1,50,ICEBERG_2_1,K2,0.34085744669873713,0.475362397158687,
MSBNK-EAWAG-EC075206__ICEBERG_2_1__K3,COYVFWSNQRUPIO,O=C1CCCCCNC(=O)CNC(=O)C(CCc2ccccc2)NC(=O)C(CCc2ccccc2)NC(=O)CN1,50,ICEBERG_2_1,K3,0.31131434700218347,0.43558966904325547,
MSBNK-EAWAG-EC075206__GLACIER__K1,COYVFWSNQRUPIO,O=C1CCCCCNC(=O)CNC(=O)C(CCc2ccccc2)NC(=O)C(CCc2ccccc2)NC(=O)CN1,50,GLACIER,K1,0.8512221900610358,0.6287352071863408,
MSBNK-EAWAG-EC075206__GLACIER__K2,COYVFWSNQRUPIO,O=C1CCCCCNC(=O)CNC(=O)C(CCc2ccccc2)NC(=O)C(CCc2ccccc2)NC(=O)CN1,50,GLACIER,K2,0.28361902373060904,0.44374575497534685,
MSBNK-EAWAG-EC075206__GLACIER__K3,COYVFWSNQRUPIO,O=C1CCCCCNC(=O)CNC(=O)C(CCc2ccccc2)NC(=O)C(CCc2ccccc2)NC(=O)CN1,50,GLACIER,K3,0.2829396376753061,0.4424867500552173,
MSBNK-EAWAG-EC075207__ICEBERG_2_1__K1,COYVFWSNQRUPIO,O=C1CCCCCNC(=O)CNC(=O)C(CCc2ccccc2)NC(=O)C(CCc2ccccc2)NC(=O)CN1,60,ICEBERG_2_1,K1,0.5707048857320223,0.5602398317632441,
MSBNK-EAWAG-EC075207__ICEBERG_2_1__K2,COYVFWSNQRUPIO,O=C1CCCCCNC(=O)CNC(=O)C(CCc2ccccc2)NC(=O)C(CCc2ccccc2)NC(=O)CN1,60,ICEBERG_2_1,K2,0.43725563767741565,0.4699919862001741,
MSBNK-EAWAG-EC075207__ICEBERG_2_1__K3,COYVFWSNQRUPIO,O=C1CCCCCNC(=O)CNC(=O)C(CCc2ccccc2)NC(=O)C(CCc2ccccc2)NC(=O)CN1,60,ICEBERG_2_1,K3,0.4386422516800989,0.4699642407332906,
MSBNK-EAWAG-EC075207__GLACIER__K1,COYVFWSNQRUPIO,O=C1CCCCCNC(=O)CNC(=O)C(CCc2ccccc2)NC(=O)C(CCc2ccccc2)NC(=O)CN1,60,GLACIER,K1,0.8158167666781301,0.7110446333487772,
MSBNK-EAWAG-EC075207__GLACIER__K2,COYVFWSNQRUPIO,O=C1CCCCCNC(=O)CNC(=O)C(CCc2ccccc2)NC(=O)C(CCc2ccccc2)NC(=O)CN1,60,GLACIER,K2,0.46865856838153813,0.49188998918414084,
MSBNK-EAWAG-EC075207__GLACIER__K3,COYVFWSNQRUPIO,O=C1CCCCCNC(=O)CNC(=O)C(CCc2ccccc2)NC(=O)C(CCc2ccccc2)NC(=O)CN1,60,GLACIER,K3,0.4596395082894679,0.4741109209651484,
MSBNK-EAWAG-EC081101__ICEBERG_2_1__K1,UHGIIADZWWCEKS,O=C1CCCCCNC(=O)C(Cc2ccccc2)NC(=O)CNC(=O)C(CCc2ccccc2)NC(=O)CN1,15,ICEBERG_2_1,K1,0.796168192281391,0.7405837676098883,
MSBNK-EAWAG-EC081101__ICEBERG_2_1__K2,UHGIIADZWWCEKS,O=C1CCCCCNC(=O)C(Cc2ccccc2)NC(=O)CNC(=O)C(CCc2ccccc2)NC(=O)CN1,15,ICEBERG_2_1,K2,0.3461654321860432,0.4389835187378599,
MSBNK-EAWAG-EC081101__ICEBERG_2_1__K3,UHGIIADZWWCEKS,O=C1CCCCCNC(=O)C(Cc2ccccc2)NC(=O)CNC(=O)C(CCc2ccccc2)NC(=O)CN1,15,ICEBERG_2_1,K3,0.5539890489528042,0.5661798091480278,
MSBNK-EAWAG-EC081101__GLACIER__K1,UHGIIADZWWCEKS,O=C1CCCCCNC(=O)C(Cc2ccccc2)NC(=O)CNC(=O)C(CCc2ccccc2)NC(=O)CN1,15,GLACIER,K1,0.6071178480146995,0.5114737409516635,
MSBNK-EAWAG-EC081101__GLACIER__K2,UHGIIADZWWCEKS,O=C1CCCCCNC(=O)C(Cc2ccccc2)NC(=O)CNC(=O)C(CCc2ccccc2)NC(=O)CN1,15,GLACIER,K2,0.09974032067621526,0.2192420249266004,
MSBNK-EAWAG-EC081101__GLACIER__K3,UHGIIADZWWCEKS,O=C1CCCCCNC(=O)C(Cc2ccccc2)NC(=O)CNC(=O)C(CCc2ccccc2)NC(=O)CN1,15,GLACIER,K3,0.09041902871289552,0.18066355098417775,
MSBNK-EAWAG-EC081102__ICEBERG_2_1__K1,UHGIIADZWWCEKS,O=C1CCCCCNC(=O)C(Cc2ccccc2)NC(=O)CNC(=O)C(CCc2ccccc2)NC(=O)CN1,20,ICEBERG_2_1,K1,0.5273493345781907,0.4252990172996892,
MSBNK-EAWAG-EC081102__ICEBERG_2_1__K2,UHGIIADZWWCEKS,O=C1CCCCCNC(=O)C(Cc2ccccc2)NC(=O)CNC(=O)C(CCc2ccccc2)NC(=O)CN1,20,ICEBERG_2_1,K2,0.04851799822094725,0.09205245681706586,
MSBNK-EAWAG-EC081102__ICEBERG_2_1__K3,UHGIIADZWWCEKS,O=C1CCCCCNC(=O)C(Cc2ccccc2)NC(=O)CNC(=O)C(CCc2ccccc2)NC(=O)CN1,20,ICEBERG_2_1,K3,0.06885961427329132,0.12040055406718586,
MSBNK-EAWAG-EC081102__GLACIER__K1,UHGIIADZWWCEKS,O=C1CCCCCNC(=O)C(Cc2ccccc2)NC(=O)CNC(=O)C(CCc2ccccc2)NC(=O)CN1,20,GLACIER,K1,0.16895985577053588,0.23067050449392423,
MSBNK-EAWAG-EC081102__GLACIER__K2,UHGIIADZWWCEKS,O=C1CCCCCNC(=O)C(Cc2ccccc2)NC(=O)CNC(=O)C(CCc2ccccc2)NC(=O)CN1,20,GLACIER,K2,0.0009695457961600889,0.006567779728324563,
MSBNK-EAWAG-EC081102__GLACIER__K3,UHGIIADZWWCEKS,O=C1CCCCCNC(=O)C(Cc2ccccc2)NC(=O)CNC(=O)C(CCc2ccccc2)NC(=O)CN1,20,GLACIER,K3,0.0009624605219416394,0.0057077178064505185,
MSBNK-EAWAG-EC081103__ICEBERG_2_1__K1,UHGIIADZWWCEKS,O=C1CCCCCNC(=O)C(Cc2ccccc2)NC(=O)CNC(=O)C(CCc2ccccc2)NC(=O)CN1,25,ICEBERG_2_1,K1,0.024252654246176154,0.08203219974352294,
MSBNK-EAWAG-EC081103__ICEBERG_2_1__K2,UHGIIADZWWCEKS,O=C1CCCCCNC(=O)C(Cc2ccccc2)NC(=O)CNC(=O)C(CCc2ccccc2)NC(=O)CN1,25,ICEBERG_2_1,K2,0.04512816977607092,0.1081306817763894,
MSBNK-EAWAG-EC081103__ICEBERG_2_1__K3,UHGIIADZWWCEKS,O=C1CCCCCNC(=O)C(Cc2ccccc2)NC(=O)CNC(=O)C(CCc2ccccc2)NC(=O)CN1,25,ICEBERG_2_1,K3,0.03278936328962155,0.09029468441549249,
MSBNK-EAWAG-EC081103__GLACIER__K1,UHGIIADZWWCEKS,O=C1CCCCCNC(=O)C(Cc2ccccc2)NC(=O)CNC(=O)C(CCc2ccccc2)NC(=O)CN1,25,GLACIER,K1,0.03349141058009628,0.11230996604576571,
MSBNK-EAWAG-EC081103__GLACIER__K2,UHGIIADZWWCEKS,O=C1CCCCCNC(=O)C(Cc2ccccc2)NC(=O)CNC(=O)C(CCc2ccccc2)NC(=O)CN1,25,GLACIER,K2,0.11915688949167537,0.1785848460377678,
MSBNK-EAWAG-EC081103__GLACIER__K3,UHGIIADZWWCEKS,O=C1CCCCCNC(=O)C(Cc2ccccc2)NC(=O)CNC(=O)C(CCc2ccccc2)NC(=O)CN1,25,GLACIER,K3,0.09425924294630485,0.16022269562853553,
MSBNK-EAWAG-EC081104__ICEBERG_2_1__K1,UHGIIADZWWCEKS,O=C1CCCCCNC(=O)C(Cc2ccccc2)NC(=O)CNC(=O)C(CCc2ccccc2)NC(=O)CN1,30,ICEBERG_2_1,K1,0.138729175874022,0.2958227347112228,
MSBNK-EAWAG-EC081104__ICEBERG_2_1__K2,UHGIIADZWWCEKS,O=C1CCCCCNC(=O)C(Cc2ccccc2)NC(=O)CNC(=O)C(CCc2ccccc2)NC(=O)CN1,30,ICEBERG_2_1,K2,0.10475846895055987,0.16872122825936275,
MSBNK-EAWAG-EC081104__ICEBERG_2_1__K3,UHGIIADZWWCEKS,O=C1CCCCCNC(=O)C(Cc2ccccc2)NC(=O)CNC(=O)C(CCc2ccccc2)NC(=O)CN1,30,ICEBERG_2_1,K3,0.10347690453170545,0.16798102117144986,
MSBNK-EAWAG-EC081104__GLACIER__K1,UHGIIADZWWCEKS,O=C1CCCCCNC(=O)C(Cc2ccccc2)NC(=O)CNC(=O)C(CCc2ccccc2)NC(=O)CN1,30,GLACIER,K1,0.21023262428797,0.3292128653294031,
MSBNK-EAWAG-EC081104__GLACIER__K2,UHGIIADZWWCEKS,O=C1CCCCCNC(=O)C(Cc2ccccc2)NC(=O)CNC(=O)C(CCc2ccccc2)NC(=O)CN1,30,GLACIER,K2,0.17554296856597346,0.2891278436995568,
MSBNK-EAWAG-EC081104__GLACIER__K3,UHGIIADZWWCEKS,O=C1CCCCCNC(=O)C(Cc2ccccc2)NC(=O)CNC(=O)C(CCc2ccccc2)NC(=O)CN1,30,GLACIER,K3,0.17108832080444752,0.27922392511788374,
MSBNK-EAWAG-EC081105__ICEBERG_2_1__K1,UHGIIADZWWCEKS,O=C1CCCCCNC(=O)C(Cc2ccccc2)NC(=O)CNC(=O)C(CCc2ccccc2)NC(=O)CN1,40,ICEBERG_2_1,K1,0.28093466163942965,0.4095211342866346,
MSBNK-EAWAG-EC081105__ICEBERG_2_1__K2,UHGIIADZWWCEKS,O=C1CCCCCNC(=O)C(Cc2ccccc2)NC(=O)CNC(=O)C(CCc2ccccc2)NC(=O)CN1,40,ICEBERG_2_1,K2,0.1344266543111032,0.2663345781048245,
MSBNK-EAWAG-EC081105__ICEBERG_2_1__K3,UHGIIADZWWCEKS,O=C1CCCCCNC(=O)C(Cc2ccccc2)NC(=O)CNC(=O)C(CCc2ccccc2)NC(=O)CN1,40,ICEBERG_2_1,K3,0.12312004282117157,0.24059524641556218,
MSBNK-EAWAG-EC081105__GLACIER__K1,UHGIIADZWWCEKS,O=C1CCCCCNC(=O)C(Cc2ccccc2)NC(=O)CNC(=O)C(CCc2ccccc2)NC(=O)CN1,40,GLACIER,K1,0.28636992485174223,0.4445337161693482,
MSBNK-EAWAG-EC081105__GLACIER__K2,UHGIIADZWWCEKS,O=C1CCCCCNC(=O)C(Cc2ccccc2)NC(=O)CNC(=O)C(CCc2ccccc2)NC(=O)CN1,40,GLACIER,K2,0.15508266349025657,0.32756696651209993,
MSBNK-EAWAG-EC081105__GLACIER__K3,UHGIIADZWWCEKS,O=C1CCCCCNC(=O)C(Cc2ccccc2)NC(=O)CNC(=O)C(CCc2ccccc2)NC(=O)CN1,40,GLACIER,K3,0.15862288875140876,0.35353579280685177,
MSBNK-EAWAG-EC081106__ICEBERG_2_1__K1,UHGIIADZWWCEKS,O=C1CCCCCNC(=O)C(Cc2ccccc2)NC(=O)CNC(=O)C(CCc2ccccc2)NC(=O)CN1,50,ICEBERG_2_1,K1,0.4452175378245301,0.523848292701671,
MSBNK-EAWAG-EC081106__ICEBERG_2_1__K2,UHGIIADZWWCEKS,O=C1CCCCCNC(=O)C(Cc2ccccc2)NC(=O)CNC(=O)C(CCc2ccccc2)NC(=O)CN1,50,ICEBERG_2_1,K2,0.4221965441724954,0.4640441251601869,
MSBNK-EAWAG-EC081106__ICEBERG_2_1__K3,UHGIIADZWWCEKS,O=C1CCCCCNC(=O)C(Cc2ccccc2)NC(=O)CNC(=O)C(CCc2ccccc2)NC(=O)CN1,50,ICEBERG_2_1,K3,0.4430666774062916,0.46533819613796235,
MSBNK-EAWAG-EC081106__GLACIER__K1,UHGIIADZWWCEKS,O=C1CCCCCNC(=O)C(Cc2ccccc2)NC(=O)CNC(=O)C(CCc2ccccc2)NC(=O)CN1,50,GLACIER,K1,0.3317137553023776,0.43499269793831763,
MSBNK-EAWAG-EC081106__GLACIER__K2,UHGIIADZWWCEKS,O=C1CCCCCNC(=O)C(Cc2ccccc2)NC(=O)CNC(=O)C(CCc2ccccc2)NC(=O)CN1,50,GLACIER,K2,0.19675560885748417,0.33310264155791325,
MSBNK-EAWAG-EC081106__GLACIER__K3,UHGIIADZWWCEKS,O=C1CCCCCNC(=O)C(Cc2ccccc2)NC(=O)CNC(=O)C(CCc2ccccc2)NC(=O)CN1,50,GLACIER,K3,0.254151410231747,0.36920619192611426,
MSBNK-EAWAG-EC081107__ICEBERG_2_1__K1,UHGIIADZWWCEKS,O=C1CCCCCNC(=O)C(Cc2ccccc2)NC(=O)CNC(=O)C(CCc2ccccc2)NC(=O)CN1,60,ICEBERG_2_1,K1,0.5340488181575739,0.6291845709823713,
MSBNK-EAWAG-EC081107__ICEBERG_2_1__K2,UHGIIADZWWCEKS,O=C1CCCCCNC(=O)C(Cc2ccccc2)NC(=O)CNC(=O)C(CCc2ccccc2)NC(=O)CN1,60,ICEBERG_2_1,K2,0.4886170665672916,0.5240374443117641,
MSBNK-EAWAG-EC081107__ICEBERG_2_1__K3,UHGIIADZWWCEKS,O=C1CCCCCNC(=O)C(Cc2ccccc2)NC(=O)CNC(=O)C(CCc2ccccc2)NC(=O)CN1,60,ICEBERG_2_1,K3,0.4891913835550169,0.5251906433521828,
MSBNK-EAWAG-EC081107__GLACIER__K1,UHGIIADZWWCEKS,O=C1CCCCCNC(=O)C(Cc2ccccc2)NC(=O)CNC(=O)C(CCc2ccccc2)NC(=O)CN1,60,GLACIER,K1,0.6275386163442528,0.7365694593863199,
MSBNK-EAWAG-EC081107__GLACIER__K2,UHGIIADZWWCEKS,O=C1CCCCCNC(=O)C(Cc2ccccc2)NC(=O)CNC(=O)C(CCc2ccccc2)NC(=O)CN1,60,GLACIER,K2,0.2992177394067015,0.5014297280380973,
MSBNK-EAWAG-EC081107__GLACIER__K3,UHGIIADZWWCEKS,O=C1CCCCCNC(=O)C(Cc2ccccc2)NC(=O)CNC(=O)C(CCc2ccccc2)NC(=O)CN1,60,GLACIER,K3,0.315043406078867,0.5164450651202575,
MSBNK-EAWAG-EC089801__ICEBERG_2_1__K1,IFKUPHYTIDOPIM,O=C(CCCc1ccccc1)NCCc1ccccc1,15,ICEBERG_2_1,K1,0.4382414867281943,0.3909325828869141,
MSBNK-EAWAG-EC089801__ICEBERG_2_1__K2,IFKUPHYTIDOPIM,O=C(CCCc1ccccc1)NCCc1ccccc1,15,ICEBERG_2_1,K2,0.08085082868504906,0.135139779076206,
MSBNK-EAWAG-EC089801__ICEBERG_2_1__K3,IFKUPHYTIDOPIM,O=C(CCCc1ccccc1)NCCc1ccccc1,15,ICEBERG_2_1,K3,0.038596358972309876,0.09138206260243709,
MSBNK-EAWAG-EC089801__GLACIER__K1,IFKUPHYTIDOPIM,O=C(CCCc1ccccc1)NCCc1ccccc1,15,GLACIER,K1,0.0028727516746155373,0.028400906200967135,
MSBNK-EAWAG-EC089801__GLACIER__K2,IFKUPHYTIDOPIM,O=C(CCCc1ccccc1)NCCc1ccccc1,15,GLACIER,K2,0.00155176210722401,0.021127003973521297,
MSBNK-EAWAG-EC089801__GLACIER__K3,IFKUPHYTIDOPIM,O=C(CCCc1ccccc1)NCCc1ccccc1,15,GLACIER,K3,0.001352463865140574,0.019212321167458413,
MSBNK-EAWAG-EC089802__ICEBERG_2_1__K1,IFKUPHYTIDOPIM,O=C(CCCc1ccccc1)NCCc1ccccc1,20,ICEBERG_2_1,K1,0.13552306891663485,0.22818270210830238,
MSBNK-EAWAG-EC089802__ICEBERG_2_1__K2,IFKUPHYTIDOPIM,O=C(CCCc1ccccc1)NCCc1ccccc1,20,ICEBERG_2_1,K2,0.04090189900951717,0.14204482244794814,
MSBNK-EAWAG-EC089802__ICEBERG_2_1__K3,IFKUPHYTIDOPIM,O=C(CCCc1ccccc1)NCCc1ccccc1,20,ICEBERG_2_1,K3,0.038966764906380645,0.14239879168353087,
MSBNK-EAWAG-EC089802__GLACIER__K1,IFKUPHYTIDOPIM,O=C(CCCc1ccccc1)NCCc1ccccc1,20,GLACIER,K1,0.003555341665596729,0.06205602045526937,
MSBNK-EAWAG-EC089802__GLACIER__K2,IFKUPHYTIDOPIM,O=C(CCCc1ccccc1)NCCc1ccccc1,20,GLACIER,K2,0.03289098323275247,0.11918112466717479,
MSBNK-EAWAG-EC089802__GLACIER__K3,IFKUPHYTIDOPIM,O=C(CCCc1ccccc1)NCCc1ccccc1,20,GLACIER,K3,0.026034211492541582,0.11312822431377378,
MSBNK-EAWAG-EC089803__ICEBERG_2_1__K1,IFKUPHYTIDOPIM,O=C(CCCc1ccccc1)NCCc1ccccc1,25,ICEBERG_2_1,K1,0.08661354712489712,0.2149294759374859,
MSBNK-EAWAG-EC089803__ICEBERG_2_1__K2,IFKUPHYTIDOPIM,O=C(CCCc1ccccc1)NCCc1ccccc1,25,ICEBERG_2_1,K2,0.1493092758745228,0.287418543355895,
MSBNK-EAWAG-EC089803__ICEBERG_2_1__K3,IFKUPHYTIDOPIM,O=C(CCCc1ccccc1)NCCc1ccccc1,25,ICEBERG_2_1,K3,0.10325052188756718,0.24166877060334402,
MSBNK-EAWAG-EC089803__GLACIER__K1,IFKUPHYTIDOPIM,O=C(CCCc1ccccc1)NCCc1ccccc1,25,GLACIER,K1,0.09838888142879505,0.22709134532189978,
MSBNK-EAWAG-EC089803__GLACIER__K2,IFKUPHYTIDOPIM,O=C(CCCc1ccccc1)NCCc1ccccc1,25,GLACIER,K2,0.19258094428349312,0.3213329286389689,
MSBNK-EAWAG-EC089803__GLACIER__K3,IFKUPHYTIDOPIM,O=C(CCCc1ccccc1)NCCc1ccccc1,25,GLACIER,K3,0.21453130067226253,0.31949013140782756,
MSBNK-EAWAG-EC089804__ICEBERG_2_1__K1,IFKUPHYTIDOPIM,O=C(CCCc1ccccc1)NCCc1ccccc1,30,ICEBERG_2_1,K1,0.3691584427033178,0.4449953148309237,
MSBNK-EAWAG-EC089804__ICEBERG_2_1__K2,IFKUPHYTIDOPIM,O=C(CCCc1ccccc1)NCCc1ccccc1,30,ICEBERG_2_1,K2,0.4265112153523732,0.4718981682601988,
MSBNK-EAWAG-EC089804__ICEBERG_2_1__K3,IFKUPHYTIDOPIM,O=C(CCCc1ccccc1)NCCc1ccccc1,30,ICEBERG_2_1,K3,0.4721047248260263,0.489934373498887,
MSBNK-EAWAG-EC089804__GLACIER__K1,IFKUPHYTIDOPIM,O=C(CCCc1ccccc1)NCCc1ccccc1,30,GLACIER,K1,0.40310350255563465,0.434241678644143,
MSBNK-EAWAG-EC089804__GLACIER__K2,IFKUPHYTIDOPIM,O=C(CCCc1ccccc1)NCCc1ccccc1,30,GLACIER,K2,0.7865994613961922,0.5349004372791047,
MSBNK-EAWAG-EC089804__GLACIER__K3,IFKUPHYTIDOPIM,O=C(CCCc1ccccc1)NCCc1ccccc1,30,GLACIER,K3,0.7918835292689715,0.538496051453349,
MSBNK-EAWAG-EC089805__ICEBERG_2_1__K1,IFKUPHYTIDOPIM,O=C(CCCc1ccccc1)NCCc1ccccc1,40,ICEBERG_2_1,K1,0.36528937082931107,0.42138834857435714,
MSBNK-EAWAG-EC089805__ICEBERG_2_1__K2,IFKUPHYTIDOPIM,O=C(CCCc1ccccc1)NCCc1ccccc1,40,ICEBERG_2_1,K2,0.43344469464168167,0.47129161536255293,
MSBNK-EAWAG-EC089805__ICEBERG_2_1__K3,IFKUPHYTIDOPIM,O=C(CCCc1ccccc1)NCCc1ccccc1,40,ICEBERG_2_1,K3,0.49117786250140866,0.5288838210034802,
MSBNK-EAWAG-EC089805__GLACIER__K1,IFKUPHYTIDOPIM,O=C(CCCc1ccccc1)NCCc1ccccc1,40,GLACIER,K1,0.6348824147869854,0.47333055505184995,
MSBNK-EAWAG-EC089805__GLACIER__K2,IFKUPHYTIDOPIM,O=C(CCCc1ccccc1)NCCc1ccccc1,40,GLACIER,K2,0.7160126121892203,0.49244143227451465,
MSBNK-EAWAG-EC089805__GLACIER__K3,IFKUPHYTIDOPIM,O=C(CCCc1ccccc1)NCCc1ccccc1,40,GLACIER,K3,0.7084620890658504,0.48791533481954197,
MSBNK-EAWAG-EC089806__ICEBERG_2_1__K1,IFKUPHYTIDOPIM,O=C(CCCc1ccccc1)NCCc1ccccc1,50,ICEBERG_2_1,K1,0.5854306983374339,0.5944665359426289,
MSBNK-EAWAG-EC089806__ICEBERG_2_1__K2,IFKUPHYTIDOPIM,O=C(CCCc1ccccc1)NCCc1ccccc1,50,ICEBERG_2_1,K2,0.5139084721955176,0.6226126443456359,
MSBNK-EAWAG-EC089806__ICEBERG_2_1__K3,IFKUPHYTIDOPIM,O=C(CCCc1ccccc1)NCCc1ccccc1,50,ICEBERG_2_1,K3,0.5447865853567981,0.6404652981329237,
MSBNK-EAWAG-EC089806__GLACIER__K1,IFKUPHYTIDOPIM,O=C(CCCc1ccccc1)NCCc1ccccc1,50,GLACIER,K1,0.6990091818729222,0.5840411225608544,
MSBNK-EAWAG-EC089806__GLACIER__K2,IFKUPHYTIDOPIM,O=C(CCCc1ccccc1)NCCc1ccccc1,50,GLACIER,K2,0.5730505664289208,0.4685124383064936,
MSBNK-EAWAG-EC089806__GLACIER__K3,IFKUPHYTIDOPIM,O=C(CCCc1ccccc1)NCCc1ccccc1,50,GLACIER,K3,0.6228079124448714,0.5173637425694104,
MSBNK-EAWAG-EC089807__ICEBERG_2_1__K1,IFKUPHYTIDOPIM,O=C(CCCc1ccccc1)NCCc1ccccc1,60,ICEBERG_2_1,K1,0.5907421020648558,0.6974506456999641,
MSBNK-EAWAG-EC089807__ICEBERG_2_1__K2,IFKUPHYTIDOPIM,O=C(CCCc1ccccc1)NCCc1ccccc1,60,ICEBERG_2_1,K2,0.6015067245934149,0.6602780669781214,
MSBNK-EAWAG-EC089807__ICEBERG_2_1__K3,IFKUPHYTIDOPIM,O=C(CCCc1ccccc1)NCCc1ccccc1,60,ICEBERG_2_1,K3,0.6285574886837445,0.6837184161720851,
MSBNK-EAWAG-EC089807__GLACIER__K1,IFKUPHYTIDOPIM,O=C(CCCc1ccccc1)NCCc1ccccc1,60,GLACIER,K1,0.7277070401083158,0.6034408975602449,
MSBNK-EAWAG-EC089807__GLACIER__K2,IFKUPHYTIDOPIM,O=C(CCCc1ccccc1)NCCc1ccccc1,60,GLACIER,K2,0.2725045647107054,0.33300682054597364,
MSBNK-EAWAG-EC089807__GLACIER__K3,IFKUPHYTIDOPIM,O=C(CCCc1ccccc1)NCCc1ccccc1,60,GLACIER,K3,0.25100192559809914,0.31668819336626,
MSBNK-EAWAG-EC092301__ICEBERG_2_1__K1,OYHPNVXZUBWKJE,O=C1CNC(=O)CNC(=O)C(Cc2ccccc2)N=CC(Cc2ccccc2)NC(=O)C2CCCN2C(=O)CNC(=O)CN1,15,ICEBERG_2_1,K1,0.9459882759735856,0.6462922169981503,
MSBNK-EAWAG-EC092301__ICEBERG_2_1__K2,OYHPNVXZUBWKJE,O=C1CNC(=O)CNC(=O)C(Cc2ccccc2)N=CC(Cc2ccccc2)NC(=O)C2CCCN2C(=O)CNC(=O)CN1,15,ICEBERG_2_1,K2,0.3634142409697277,0.25014891583564725,
MSBNK-EAWAG-EC092301__ICEBERG_2_1__K3,OYHPNVXZUBWKJE,O=C1CNC(=O)CNC(=O)C(Cc2ccccc2)N=CC(Cc2ccccc2)NC(=O)C2CCCN2C(=O)CNC(=O)CN1,15,ICEBERG_2_1,K3,0.561973658609244,0.3706620128297379,
MSBNK-EAWAG-EC092301__GLACIER__K1,OYHPNVXZUBWKJE,O=C1CNC(=O)CNC(=O)C(Cc2ccccc2)N=CC(Cc2ccccc2)NC(=O)C2CCCN2C(=O)CNC(=O)CN1,15,GLACIER,K1,0.9825964723859311,0.8598511285093687,
MSBNK-EAWAG-EC092301__GLACIER__K2,OYHPNVXZUBWKJE,O=C1CNC(=O)CNC(=O)C(Cc2ccccc2)N=CC(Cc2ccccc2)NC(=O)C2CCCN2C(=O)CNC(=O)CN1,15,GLACIER,K2,0.4102802738484314,0.33172232874643937,
MSBNK-EAWAG-EC092301__GLACIER__K3,OYHPNVXZUBWKJE,O=C1CNC(=O)CNC(=O)C(Cc2ccccc2)N=CC(Cc2ccccc2)NC(=O)C2CCCN2C(=O)CNC(=O)CN1,15,GLACIER,K3,0.5547100954615638,0.40959388212008696,
MSBNK-EAWAG-EC092302__ICEBERG_2_1__K1,OYHPNVXZUBWKJE,O=C1CNC(=O)CNC(=O)C(Cc2ccccc2)N=CC(Cc2ccccc2)NC(=O)C2CCCN2C(=O)CNC(=O)CN1,20,ICEBERG_2_1,K1,0.5476216503971878,0.49735304378561507,
MSBNK-EAWAG-EC092302__ICEBERG_2_1__K2,OYHPNVXZUBWKJE,O=C1CNC(=O)CNC(=O)C(Cc2ccccc2)N=CC(Cc2ccccc2)NC(=O)C2CCCN2C(=O)CNC(=O)CN1,20,ICEBERG_2_1,K2,0.0012099846152058215,0.008658293508197024,
MSBNK-EAWAG-EC092302__ICEBERG_2_1__K3,OYHPNVXZUBWKJE,O=C1CNC(=O)CNC(=O)C(Cc2ccccc2)N=CC(Cc2ccccc2)NC(=O)C2CCCN2C(=O)CNC(=O)CN1,20,ICEBERG_2_1,K3,0.0028524159358995827,0.01498299930164071,
MSBNK-EAWAG-EC092302__GLACIER__K1,OYHPNVXZUBWKJE,O=C1CNC(=O)CNC(=O)C(Cc2ccccc2)N=CC(Cc2ccccc2)NC(=O)C2CCCN2C(=O)CNC(=O)CN1,20,GLACIER,K1,0.5394608390656105,0.5625654048778408,
MSBNK-EAWAG-EC092302__GLACIER__K2,OYHPNVXZUBWKJE,O=C1CNC(=O)CNC(=O)C(Cc2ccccc2)N=CC(Cc2ccccc2)NC(=O)C2CCCN2C(=O)CNC(=O)CN1,20,GLACIER,K2,0.0011027683571512342,0.015702579916372805,
MSBNK-EAWAG-EC092302__GLACIER__K3,OYHPNVXZUBWKJE,O=C1CNC(=O)CNC(=O)C(Cc2ccccc2)N=CC(Cc2ccccc2)NC(=O)C2CCCN2C(=O)CNC(=O)CN1,20,GLACIER,K3,0.0007295759638278015,0.010048566976267104,
MSBNK-EAWAG-EC092303__ICEBERG_2_1__K1,OYHPNVXZUBWKJE,O=C1CNC(=O)CNC(=O)C(Cc2ccccc2)N=CC(Cc2ccccc2)NC(=O)C2CCCN2C(=O)CNC(=O)CN1,25,ICEBERG_2_1,K1,0.03869099160824262,0.13065181619242905,
MSBNK-EAWAG-EC092303__ICEBERG_2_1__K2,OYHPNVXZUBWKJE,O=C1CNC(=O)CNC(=O)C(Cc2ccccc2)N=CC(Cc2ccccc2)NC(=O)C2CCCN2C(=O)CNC(=O)CN1,25,ICEBERG_2_1,K2,0.00027394735084006574,0.007352282189488579,
MSBNK-EAWAG-EC092303__ICEBERG_2_1__K3,OYHPNVXZUBWKJE,O=C1CNC(=O)CNC(=O)C(Cc2ccccc2)N=CC(Cc2ccccc2)NC(=O)C2CCCN2C(=O)CNC(=O)CN1,25,ICEBERG_2_1,K3,0.0004283108007418815,0.013230304588868869,
MSBNK-EAWAG-EC092303__GLACIER__K1,OYHPNVXZUBWKJE,O=C1CNC(=O)CNC(=O)C(Cc2ccccc2)N=CC(Cc2ccccc2)NC(=O)C2CCCN2C(=O)CNC(=O)CN1,25,GLACIER,K1,0.06303052006731978,0.15598135221957565,
MSBNK-EAWAG-EC092303__GLACIER__K2,OYHPNVXZUBWKJE,O=C1CNC(=O)CNC(=O)C(Cc2ccccc2)N=CC(Cc2ccccc2)NC(=O)C2CCCN2C(=O)CNC(=O)CN1,25,GLACIER,K2,0.0004453118980465072,0.009868117492699113,
MSBNK-EAWAG-EC092303__GLACIER__K3,OYHPNVXZUBWKJE,O=C1CNC(=O)CNC(=O)C(Cc2ccccc2)N=CC(Cc2ccccc2)NC(=O)C2CCCN2C(=O)CNC(=O)CN1,25,GLACIER,K3,0.0005239255418866759,0.013462850817482552,
MSBNK-EAWAG-EC092304__ICEBERG_2_1__K1,OYHPNVXZUBWKJE,O=C1CNC(=O)CNC(=O)C(Cc2ccccc2)N=CC(Cc2ccccc2)NC(=O)C2CCCN2C(=O)CNC(=O)CN1,30,ICEBERG_2_1,K1,0.00117493824642532,0.02924613552633404,
MSBNK-EAWAG-EC092304__ICEBERG_2_1__K2,OYHPNVXZUBWKJE,O=C1CNC(=O)CNC(=O)C(Cc2ccccc2)N=CC(Cc2ccccc2)NC(=O)C2CCCN2C(=O)CNC(=O)CN1,30,ICEBERG_2_1,K2,0.0001964782254111669,0.004923518862961607,
MSBNK-EAWAG-EC092304__ICEBERG_2_1__K3,OYHPNVXZUBWKJE,O=C1CNC(=O)CNC(=O)C(Cc2ccccc2)N=CC(Cc2ccccc2)NC(=O)C2CCCN2C(=O)CNC(=O)CN1,30,ICEBERG_2_1,K3,2.64087065227492e-05,0.0022610863857961405,
MSBNK-EAWAG-EC092304__GLACIER__K1,OYHPNVXZUBWKJE,O=C1CNC(=O)CNC(=O)C(Cc2ccccc2)N=CC(Cc2ccccc2)NC(=O)C2CCCN2C(=O)CNC(=O)CN1,30,GLACIER,K1,0.011002816680370103,0.07419529772804512,
MSBNK-EAWAG-EC092304__GLACIER__K2,OYHPNVXZUBWKJE,O=C1CNC(=O)CNC(=O)C(Cc2ccccc2)N=CC(Cc2ccccc2)NC(=O)C2CCCN2C(=O)CNC(=O)CN1,30,GLACIER,K2,0.013193134348990596,0.06731429253556098,
MSBNK-EAWAG-EC092304__GLACIER__K3,OYHPNVXZUBWKJE,O=C1CNC(=O)CNC(=O)C(Cc2ccccc2)N=CC(Cc2ccccc2)NC(=O)C2CCCN2C(=O)CNC(=O)CN1,30,GLACIER,K3,0.012235935114629714,0.06564514036054792,
MSBNK-EAWAG-EC092305__ICEBERG_2_1__K1,OYHPNVXZUBWKJE,O=C1CNC(=O)CNC(=O)C(Cc2ccccc2)N=CC(Cc2ccccc2)NC(=O)C2CCCN2C(=O)CNC(=O)CN1,40,ICEBERG_2_1,K1,0.027639550333179334,0.12160689464327612,
MSBNK-EAWAG-EC092305__ICEBERG_2_1__K2,OYHPNVXZUBWKJE,O=C1CNC(=O)CNC(=O)C(Cc2ccccc2)N=CC(Cc2ccccc2)NC(=O)C2CCCN2C(=O)CNC(=O)CN1,40,ICEBERG_2_1,K2,0.015678108336263537,0.05544167002523237,
MSBNK-EAWAG-EC092305__ICEBERG_2_1__K3,OYHPNVXZUBWKJE,O=C1CNC(=O)CNC(=O)C(Cc2ccccc2)N=CC(Cc2ccccc2)NC(=O)C2CCCN2C(=O)CNC(=O)CN1,40,ICEBERG_2_1,K3,0.012681580872178294,0.05075835208221835,
MSBNK-EAWAG-EC092305__GLACIER__K1,OYHPNVXZUBWKJE,O=C1CNC(=O)CNC(=O)C(Cc2ccccc2)N=CC(Cc2ccccc2)NC(=O)C2CCCN2C(=O)CNC(=O)CN1,40,GLACIER,K1,0.0771562525932441,0.23175530051997983,
MSBNK-EAWAG-EC092305__GLACIER__K2,OYHPNVXZUBWKJE,O=C1CNC(=O)CNC(=O)C(Cc2ccccc2)N=CC(Cc2ccccc2)NC(=O)C2CCCN2C(=O)CNC(=O)CN1,40,GLACIER,K2,0.08908063440786679,0.2144897702933929,
MSBNK-EAWAG-EC092305__GLACIER__K3,OYHPNVXZUBWKJE,O=C1CNC(=O)CNC(=O)C(Cc2ccccc2)N=CC(Cc2ccccc2)NC(=O)C2CCCN2C(=O)CNC(=O)CN1,40,GLACIER,K3,0.08895670248158613,0.2142844668742947,
MSBNK-EAWAG-EC092306__ICEBERG_2_1__K1,OYHPNVXZUBWKJE,O=C1CNC(=O)CNC(=O)C(Cc2ccccc2)N=CC(Cc2ccccc2)NC(=O)C2CCCN2C(=O)CNC(=O)CN1,50,ICEBERG_2_1,K1,0.04212964753585847,0.14032423163580254,
MSBNK-EAWAG-EC092306__ICEBERG_2_1__K2,OYHPNVXZUBWKJE,O=C1CNC(=O)CNC(=O)C(Cc2ccccc2)N=CC(Cc2ccccc2)NC(=O)C2CCCN2C(=O)CNC(=O)CN1,50,ICEBERG_2_1,K2,0.04416776287214818,0.18130245802407519,
MSBNK-EAWAG-EC092306__ICEBERG_2_1__K3,OYHPNVXZUBWKJE,O=C1CNC(=O)CNC(=O)C(Cc2ccccc2)N=CC(Cc2ccccc2)NC(=O)C2CCCN2C(=O)CNC(=O)CN1,50,ICEBERG_2_1,K3,0.044056855532890495,0.17387567560562722,
MSBNK-EAWAG-EC092306__GLACIER__K1,OYHPNVXZUBWKJE,O=C1CNC(=O)CNC(=O)C(Cc2ccccc2)N=CC(Cc2ccccc2)NC(=O)C2CCCN2C(=O)CNC(=O)CN1,50,GLACIER,K1,0.20040771279562064,0.3647180831006429,
MSBNK-EAWAG-EC092306__GLACIER__K2,OYHPNVXZUBWKJE,O=C1CNC(=O)CNC(=O)C(Cc2ccccc2)N=CC(Cc2ccccc2)NC(=O)C2CCCN2C(=O)CNC(=O)CN1,50,GLACIER,K2,0.20334536754601043,0.31277009866821315,
MSBNK-EAWAG-EC092306__GLACIER__K3,OYHPNVXZUBWKJE,O=C1CNC(=O)CNC(=O)C(Cc2ccccc2)N=CC(Cc2ccccc2)NC(=O)C2CCCN2C(=O)CNC(=O)CN1,50,GLACIER,K3,0.20198166347403906,0.3114373121722317,
MSBNK-EAWAG-EC092307__ICEBERG_2_1__K1,OYHPNVXZUBWKJE,O=C1CNC(=O)CNC(=O)C(Cc2ccccc2)N=CC(Cc2ccccc2)NC(=O)C2CCCN2C(=O)CNC(=O)CN1,60,ICEBERG_2_1,K1,0.11366909675289864,0.2580797751004944,
MSBNK-EAWAG-EC092307__ICEBERG_2_1__K2,OYHPNVXZUBWKJE,O=C1CNC(=O)CNC(=O)C(Cc2ccccc2)N=CC(Cc2ccccc2)NC(=O)C2CCCN2C(=O)CNC(=O)CN1,60,ICEBERG_2_1,K2,0.039744744355468466,0.13644953490131617,
MSBNK-EAWAG-EC092307__ICEBERG_2_1__K3,OYHPNVXZUBWKJE,O=C1CNC(=O)CNC(=O)C(Cc2ccccc2)N=CC(Cc2ccccc2)NC(=O)C2CCCN2C(=O)CNC(=O)CN1,60,ICEBERG_2_1,K3,0.06546476045699023,0.20660398321271556,
MSBNK-EAWAG-EC092307__GLACIER__K1,OYHPNVXZUBWKJE,O=C1CNC(=O)CNC(=O)C(Cc2ccccc2)N=CC(Cc2ccccc2)NC(=O)C2CCCN2C(=O)CNC(=O)CN1,60,GLACIER,K1,0.46203596587405127,0.48088405168203796,
MSBNK-EAWAG-EC092307__GLACIER__K2,OYHPNVXZUBWKJE,O=C1CNC(=O)CNC(=O)C(Cc2ccccc2)N=CC(Cc2ccccc2)NC(=O)C2CCCN2C(=O)CNC(=O)CN1,60,GLACIER,K2,0.31679077336046235,0.40709426960725703,
MSBNK-EAWAG-EC092307__GLACIER__K3,OYHPNVXZUBWKJE,O=C1CNC(=O)CNC(=O)C(Cc2ccccc2)N=CC(Cc2ccccc2)NC(=O)C2CCCN2C(=O)CNC(=O)CN1,60,GLACIER,K3,0.3405998604738052,0.41844242043772806,
MSBNK-EAWAG-EC124001__ICEBERG_2_1__K1,KVEGLZCDCVSBQX,O=C(CCc1ccccc1)N1CCC2CCCCC21,15,ICEBERG_2_1,K1,0.9813637068243527,0.87311232321469,
MSBNK-EAWAG-EC124001__ICEBERG_2_1__K2,KVEGLZCDCVSBQX,O=C(CCc1ccccc1)N1CCC2CCCCC21,15,ICEBERG_2_1,K2,0.9420245398886424,0.7982014068023463,
MSBNK-EAWAG-EC124001__ICEBERG_2_1__K3,KVEGLZCDCVSBQX,O=C(CCc1ccccc1)N1CCC2CCCCC21,15,ICEBERG_2_1,K3,0.9474888908005348,0.8100437316526776,
MSBNK-EAWAG-EC124001__GLACIER__K1,KVEGLZCDCVSBQX,O=C(CCc1ccccc1)N1CCC2CCCCC21,15,GLACIER,K1,0.9662992706196102,0.8833077126805693,
MSBNK-EAWAG-EC124001__GLACIER__K2,KVEGLZCDCVSBQX,O=C(CCc1ccccc1)N1CCC2CCCCC21,15,GLACIER,K2,0.8295138401007992,0.734690095290087,
MSBNK-EAWAG-EC124001__GLACIER__K3,KVEGLZCDCVSBQX,O=C(CCc1ccccc1)N1CCC2CCCCC21,15,GLACIER,K3,0.940651942480339,0.8408991871494709,
MSBNK-EAWAG-EC124002__ICEBERG_2_1__K1,KVEGLZCDCVSBQX,O=C(CCc1ccccc1)N1CCC2CCCCC21,20,ICEBERG_2_1,K1,0.8951743105563124,0.7459478955979797,
MSBNK-EAWAG-EC124002__ICEBERG_2_1__K2,KVEGLZCDCVSBQX,O=C(CCc1ccccc1)N1CCC2CCCCC21,20,ICEBERG_2_1,K2,0.7443519679815073,0.630825068926989,
MSBNK-EAWAG-EC124002__ICEBERG_2_1__K3,KVEGLZCDCVSBQX,O=C(CCc1ccccc1)N1CCC2CCCCC21,20,ICEBERG_2_1,K3,0.7667223013137949,0.6457696931873202,
MSBNK-EAWAG-EC124002__GLACIER__K1,KVEGLZCDCVSBQX,O=C(CCc1ccccc1)N1CCC2CCCCC21,20,GLACIER,K1,0.796137386149948,0.7230004641570413,
MSBNK-EAWAG-EC124002__GLACIER__K2,KVEGLZCDCVSBQX,O=C(CCc1ccccc1)N1CCC2CCCCC21,20,GLACIER,K2,0.39056882272309595,0.3930799232495278,
MSBNK-EAWAG-EC124002__GLACIER__K3,KVEGLZCDCVSBQX,O=C(CCc1ccccc1)N1CCC2CCCCC21,20,GLACIER,K3,0.5662774942040242,0.5193382482363215,
MSBNK-EAWAG-EC124003__ICEBERG_2_1__K1,KVEGLZCDCVSBQX,O=C(CCc1ccccc1)N1CCC2CCCCC21,25,ICEBERG_2_1,K1,0.7267842209966446,0.6574846874440112,
MSBNK-EAWAG-EC124003__ICEBERG_2_1__K2,KVEGLZCDCVSBQX,O=C(CCc1ccccc1)N1CCC2CCCCC21,25,ICEBERG_2_1,K2,0.33624632189855164,0.4346615950367071,
MSBNK-EAWAG-EC124003__ICEBERG_2_1__K3,KVEGLZCDCVSBQX,O=C(CCc1ccccc1)N1CCC2CCCCC21,25,ICEBERG_2_1,K3,0.36267148626544127,0.45042896651083175,
MSBNK-EAWAG-EC124003__GLACIER__K1,KVEGLZCDCVSBQX,O=C(CCc1ccccc1)N1CCC2CCCCC21,25,GLACIER,K1,0.0838783066413664,0.20816980423559772,
MSBNK-EAWAG-EC124003__GLACIER__K2,KVEGLZCDCVSBQX,O=C(CCc1ccccc1)N1CCC2CCCCC21,25,GLACIER,K2,0.12899730283251892,0.23819142787984626,
MSBNK-EAWAG-EC124003__GLACIER__K3,KVEGLZCDCVSBQX,O=C(CCc1ccccc1)N1CCC2CCCCC21,25,GLACIER,K3,0.08777776062835568,0.19393262979756498,
MSBNK-EAWAG-EC124004__ICEBERG_2_1__K1,KVEGLZCDCVSBQX,O=C(CCc1ccccc1)N1CCC2CCCCC21,30,ICEBERG_2_1,K1,0.44490725592677177,0.5424166777705197,
MSBNK-EAWAG-EC124004__ICEBERG_2_1__K2,KVEGLZCDCVSBQX,O=C(CCc1ccccc1)N1CCC2CCCCC21,30,ICEBERG_2_1,K2,0.6813546571414445,0.6220401778539612,
MSBNK-EAWAG-EC124004__ICEBERG_2_1__K3,KVEGLZCDCVSBQX,O=C(CCc1ccccc1)N1CCC2CCCCC21,30,ICEBERG_2_1,K3,0.7945540849493613,0.6734387251951397,
MSBNK-EAWAG-EC124004__GLACIER__K1,KVEGLZCDCVSBQX,O=C(CCc1ccccc1)N1CCC2CCCCC21,30,GLACIER,K1,0.21799733123305517,0.3950784509124433,
MSBNK-EAWAG-EC124004__GLACIER__K2,KVEGLZCDCVSBQX,O=C(CCc1ccccc1)N1CCC2CCCCC21,30,GLACIER,K2,0.12656762727193827,0.2975475651901148,
MSBNK-EAWAG-EC124004__GLACIER__K3,KVEGLZCDCVSBQX,O=C(CCc1ccccc1)N1CCC2CCCCC21,30,GLACIER,K3,0.2487096515395641,0.4065160910142084,
MSBNK-EAWAG-EC124005__ICEBERG_2_1__K1,KVEGLZCDCVSBQX,O=C(CCc1ccccc1)N1CCC2CCCCC21,40,ICEBERG_2_1,K1,0.35459366674213594,0.5440166978978698,
MSBNK-EAWAG-EC124005__ICEBERG_2_1__K2,KVEGLZCDCVSBQX,O=C(CCc1ccccc1)N1CCC2CCCCC21,40,ICEBERG_2_1,K2,0.379257133073341,0.5159559196573711,
MSBNK-EAWAG-EC124005__ICEBERG_2_1__K3,KVEGLZCDCVSBQX,O=C(CCc1ccccc1)N1CCC2CCCCC21,40,ICEBERG_2_1,K3,0.38186634576908124,0.5178391654392343,
MSBNK-EAWAG-EC124005__GLACIER__K1,KVEGLZCDCVSBQX,O=C(CCc1ccccc1)N1CCC2CCCCC21,40,GLACIER,K1,0.45879843228101314,0.5743049803078193,
MSBNK-EAWAG-EC124005__GLACIER__K2,KVEGLZCDCVSBQX,O=C(CCc1ccccc1)N1CCC2CCCCC21,40,GLACIER,K2,0.4898850136162892,0.5661827577450621,
MSBNK-EAWAG-EC124005__GLACIER__K3,KVEGLZCDCVSBQX,O=C(CCc1ccccc1)N1CCC2CCCCC21,40,GLACIER,K3,0.4897877866336936,0.567679096798704,
MSBNK-EAWAG-EC124006__ICEBERG_2_1__K1,KVEGLZCDCVSBQX,O=C(CCc1ccccc1)N1CCC2CCCCC21,50,ICEBERG_2_1,K1,0.5018580718620383,0.5827328907709735,
MSBNK-EAWAG-EC124006__ICEBERG_2_1__K2,KVEGLZCDCVSBQX,O=C(CCc1ccccc1)N1CCC2CCCCC21,50,ICEBERG_2_1,K2,0.7267367148415951,0.6423812780112906,
MSBNK-EAWAG-EC124006__ICEBERG_2_1__K3,KVEGLZCDCVSBQX,O=C(CCc1ccccc1)N1CCC2CCCCC21,50,ICEBERG_2_1,K3,0.8465802685921208,0.6943939794908377,
MSBNK-EAWAG-EC124006__GLACIER__K1,KVEGLZCDCVSBQX,O=C(CCc1ccccc1)N1CCC2CCCCC21,50,GLACIER,K1,0.7500328518899763,0.7092342444837909,
MSBNK-EAWAG-EC124006__GLACIER__K2,KVEGLZCDCVSBQX,O=C(CCc1ccccc1)N1CCC2CCCCC21,50,GLACIER,K2,0.9162521963935562,0.7546586967576034,
MSBNK-EAWAG-EC124006__GLACIER__K3,KVEGLZCDCVSBQX,O=C(CCc1ccccc1)N1CCC2CCCCC21,50,GLACIER,K3,0.9424287465373773,0.7860380732026424,
MSBNK-EAWAG-EC124007__ICEBERG_2_1__K1,KVEGLZCDCVSBQX,O=C(CCc1ccccc1)N1CCC2CCCCC21,60,ICEBERG_2_1,K1,0.6570221681523609,0.6406178271935918,
MSBNK-EAWAG-EC124007__ICEBERG_2_1__K2,KVEGLZCDCVSBQX,O=C(CCc1ccccc1)N1CCC2CCCCC21,60,ICEBERG_2_1,K2,0.8451000738609542,0.7109433723302157,
MSBNK-EAWAG-EC124007__ICEBERG_2_1__K3,KVEGLZCDCVSBQX,O=C(CCc1ccccc1)N1CCC2CCCCC21,60,ICEBERG_2_1,K3,0.8380112480983457,0.6963151323331522,
MSBNK-EAWAG-EC124007__GLACIER__K1,KVEGLZCDCVSBQX,O=C(CCc1ccccc1)N1CCC2CCCCC21,60,GLACIER,K1,0.7891610853534543,0.7848421298398469,
MSBNK-EAWAG-EC124007__GLACIER__K2,KVEGLZCDCVSBQX,O=C(CCc1ccccc1)N1CCC2CCCCC21,60,GLACIER,K2,0.9479260000245519,0.8332609922793927,
MSBNK-EAWAG-EC124007__GLACIER__K3,KVEGLZCDCVSBQX,O=C(CCc1ccccc1)N1CCC2CCCCC21,60,GLACIER,K3,0.842709228506429,0.7900459692505659,
MSBNK-EAWAG-EC125001__ICEBERG_2_1__K1,KRNLOYZRJLTDBI,O=C(CCc1ccccc1)NC(CCc1ccccc1)C(=O)N1CCCC1,15,ICEBERG_2_1,K1,0.8786320029755335,0.765608291040972,
MSBNK-EAWAG-EC125001__ICEBERG_2_1__K2,KRNLOYZRJLTDBI,O=C(CCc1ccccc1)NC(CCc1ccccc1)C(=O)N1CCCC1,15,ICEBERG_2_1,K2,0.9450951749609318,0.821726169095137,
MSBNK-EAWAG-EC125001__ICEBERG_2_1__K3,KRNLOYZRJLTDBI,O=C(CCc1ccccc1)NC(CCc1ccccc1)C(=O)N1CCCC1,15,ICEBERG_2_1,K3,0.9460333223494659,0.8253947377337214,
MSBNK-EAWAG-EC125001__GLACIER__K1,KRNLOYZRJLTDBI,O=C(CCc1ccccc1)NC(CCc1ccccc1)C(=O)N1CCCC1,15,GLACIER,K1,0.8883816221102356,0.8030884452091542,
MSBNK-EAWAG-EC125001__GLACIER__K2,KRNLOYZRJLTDBI,O=C(CCc1ccccc1)NC(CCc1ccccc1)C(=O)N1CCCC1,15,GLACIER,K2,0.2295392325002055,0.36544964840738026,
MSBNK-EAWAG-EC125001__GLACIER__K3,KRNLOYZRJLTDBI,O=C(CCc1ccccc1)NC(CCc1ccccc1)C(=O)N1CCCC1,15,GLACIER,K3,0.6005653112116384,0.6241683128508464,
MSBNK-EAWAG-EC125002__ICEBERG_2_1__K1,KRNLOYZRJLTDBI,O=C(CCc1ccccc1)NC(CCc1ccccc1)C(=O)N1CCCC1,20,ICEBERG_2_1,K1,0.7807897166742241,0.680997183683841,
MSBNK-EAWAG-EC125002__ICEBERG_2_1__K2,KRNLOYZRJLTDBI,O=C(CCc1ccccc1)NC(CCc1ccccc1)C(=O)N1CCCC1,20,ICEBERG_2_1,K2,0.8601781413355996,0.611469994453341,
MSBNK-EAWAG-EC125002__ICEBERG_2_1__K3,KRNLOYZRJLTDBI,O=C(CCc1ccccc1)NC(CCc1ccccc1)C(=O)N1CCCC1,20,ICEBERG_2_1,K3,0.8610892690570447,0.6446738728702395,
MSBNK-EAWAG-EC125002__GLACIER__K1,KRNLOYZRJLTDBI,O=C(CCc1ccccc1)NC(CCc1ccccc1)C(=O)N1CCCC1,20,GLACIER,K1,0.431020379497676,0.5244659254793711,
MSBNK-EAWAG-EC125002__GLACIER__K2,KRNLOYZRJLTDBI,O=C(CCc1ccccc1)NC(CCc1ccccc1)C(=O)N1CCCC1,20,GLACIER,K2,0.08348641698804281,0.18795176179543083,
MSBNK-EAWAG-EC125002__GLACIER__K3,KRNLOYZRJLTDBI,O=C(CCc1ccccc1)NC(CCc1ccccc1)C(=O)N1CCCC1,20,GLACIER,K3,0.14289784897635752,0.2714591271546857,
MSBNK-EAWAG-EC125003__ICEBERG_2_1__K1,KRNLOYZRJLTDBI,O=C(CCc1ccccc1)NC(CCc1ccccc1)C(=O)N1CCCC1,25,ICEBERG_2_1,K1,0.8918714953849084,0.640685868297409,
MSBNK-EAWAG-EC125003__ICEBERG_2_1__K2,KRNLOYZRJLTDBI,O=C(CCc1ccccc1)NC(CCc1ccccc1)C(=O)N1CCCC1,25,ICEBERG_2_1,K2,0.619921932007401,0.4473120951916072,
MSBNK-EAWAG-EC125003__ICEBERG_2_1__K3,KRNLOYZRJLTDBI,O=C(CCc1ccccc1)NC(CCc1ccccc1)C(=O)N1CCCC1,25,ICEBERG_2_1,K3,0.6962086757544077,0.49489326642490405,
MSBNK-EAWAG-EC125003__GLACIER__K1,KRNLOYZRJLTDBI,O=C(CCc1ccccc1)NC(CCc1ccccc1)C(=O)N1CCCC1,25,GLACIER,K1,0.025927689397759742,0.08202210673812704,
MSBNK-EAWAG-EC125003__GLACIER__K2,KRNLOYZRJLTDBI,O=C(CCc1ccccc1)NC(CCc1ccccc1)C(=O)N1CCCC1,25,GLACIER,K2,0.09377331263819746,0.14859893850052253,
MSBNK-EAWAG-EC125003__GLACIER__K3,KRNLOYZRJLTDBI,O=C(CCc1ccccc1)NC(CCc1ccccc1)C(=O)N1CCCC1,25,GLACIER,K3,0.0342019887554394,0.07885158309181828,
MSBNK-EAWAG-EC125004__ICEBERG_2_1__K1,KRNLOYZRJLTDBI,O=C(CCc1ccccc1)NC(CCc1ccccc1)C(=O)N1CCCC1,30,ICEBERG_2_1,K1,0.6580377845503806,0.5232964622953296,
MSBNK-EAWAG-EC125004__ICEBERG_2_1__K2,KRNLOYZRJLTDBI,O=C(CCc1ccccc1)NC(CCc1ccccc1)C(=O)N1CCCC1,30,ICEBERG_2_1,K2,0.18927798712287658,0.25235315714151374,
MSBNK-EAWAG-EC125004__ICEBERG_2_1__K3,KRNLOYZRJLTDBI,O=C(CCc1ccccc1)NC(CCc1ccccc1)C(=O)N1CCCC1,30,ICEBERG_2_1,K3,0.8331723025500231,0.61628017571623,
MSBNK-EAWAG-EC125004__GLACIER__K1,KRNLOYZRJLTDBI,O=C(CCc1ccccc1)NC(CCc1ccccc1)C(=O)N1CCCC1,30,GLACIER,K1,0.13345036400185917,0.259024272642871,
MSBNK-EAWAG-EC125004__GLACIER__K2,KRNLOYZRJLTDBI,O=C(CCc1ccccc1)NC(CCc1ccccc1)C(=O)N1CCCC1,30,GLACIER,K2,0.04746202576287081,0.12464785306655735,
MSBNK-EAWAG-EC125004__GLACIER__K3,KRNLOYZRJLTDBI,O=C(CCc1ccccc1)NC(CCc1ccccc1)C(=O)N1CCCC1,30,GLACIER,K3,0.12635600134458994,0.2617439679491401,
MSBNK-EAWAG-EC125005__ICEBERG_2_1__K1,KRNLOYZRJLTDBI,O=C(CCc1ccccc1)NC(CCc1ccccc1)C(=O)N1CCCC1,40,ICEBERG_2_1,K1,0.6287961248986008,0.5463574834280753,
MSBNK-EAWAG-EC125005__ICEBERG_2_1__K2,KRNLOYZRJLTDBI,O=C(CCc1ccccc1)NC(CCc1ccccc1)C(=O)N1CCCC1,40,ICEBERG_2_1,K2,0.43929259401898846,0.43164401536211516,
MSBNK-EAWAG-EC125005__ICEBERG_2_1__K3,KRNLOYZRJLTDBI,O=C(CCc1ccccc1)NC(CCc1ccccc1)C(=O)N1CCCC1,40,ICEBERG_2_1,K3,0.48855799801483274,0.4506186339026145,
MSBNK-EAWAG-EC125005__GLACIER__K1,KRNLOYZRJLTDBI,O=C(CCc1ccccc1)NC(CCc1ccccc1)C(=O)N1CCCC1,40,GLACIER,K1,0.48497147282466163,0.4608364858880124,
MSBNK-EAWAG-EC125005__GLACIER__K2,KRNLOYZRJLTDBI,O=C(CCc1ccccc1)NC(CCc1ccccc1)C(=O)N1CCCC1,40,GLACIER,K2,0.6013113515298564,0.5277803206547403,
MSBNK-EAWAG-EC125005__GLACIER__K3,KRNLOYZRJLTDBI,O=C(CCc1ccccc1)NC(CCc1ccccc1)C(=O)N1CCCC1,40,GLACIER,K3,0.5914942614524167,0.5036054826665491,
MSBNK-EAWAG-EC125006__ICEBERG_2_1__K1,KRNLOYZRJLTDBI,O=C(CCc1ccccc1)NC(CCc1ccccc1)C(=O)N1CCCC1,50,ICEBERG_2_1,K1,0.8462784441216559,0.7058519076385888,
MSBNK-EAWAG-EC125006__ICEBERG_2_1__K2,KRNLOYZRJLTDBI,O=C(CCc1ccccc1)NC(CCc1ccccc1)C(=O)N1CCCC1,50,ICEBERG_2_1,K2,0.9105549473286447,0.7331039802502717,
MSBNK-EAWAG-EC125006__ICEBERG_2_1__K3,KRNLOYZRJLTDBI,O=C(CCc1ccccc1)NC(CCc1ccccc1)C(=O)N1CCCC1,50,ICEBERG_2_1,K3,0.8993543236300324,0.7315695258158923,
MSBNK-EAWAG-EC125006__GLACIER__K1,KRNLOYZRJLTDBI,O=C(CCc1ccccc1)NC(CCc1ccccc1)C(=O)N1CCCC1,50,GLACIER,K1,0.8592761194453142,0.6693646255056027,
MSBNK-EAWAG-EC125006__GLACIER__K2,KRNLOYZRJLTDBI,O=C(CCc1ccccc1)NC(CCc1ccccc1)C(=O)N1CCCC1,50,GLACIER,K2,0.8538718185748749,0.6364485779172673,
MSBNK-EAWAG-EC125006__GLACIER__K3,KRNLOYZRJLTDBI,O=C(CCc1ccccc1)NC(CCc1ccccc1)C(=O)N1CCCC1,50,GLACIER,K3,0.8720848532484937,0.6771314185745761,
MSBNK-EAWAG-EC125007__ICEBERG_2_1__K1,KRNLOYZRJLTDBI,O=C(CCc1ccccc1)NC(CCc1ccccc1)C(=O)N1CCCC1,60,ICEBERG_2_1,K1,0.8880938334504852,0.7473020768732505,
MSBNK-EAWAG-EC125007__ICEBERG_2_1__K2,KRNLOYZRJLTDBI,O=C(CCc1ccccc1)NC(CCc1ccccc1)C(=O)N1CCCC1,60,ICEBERG_2_1,K2,0.9598057784396525,0.8037488017194774,
MSBNK-EAWAG-EC125007__ICEBERG_2_1__K3,KRNLOYZRJLTDBI,O=C(CCc1ccccc1)NC(CCc1ccccc1)C(=O)N1CCCC1,60,ICEBERG_2_1,K3,0.8881584078218617,0.7215766723058832,
MSBNK-EAWAG-EC125007__GLACIER__K1,KRNLOYZRJLTDBI,O=C(CCc1ccccc1)NC(CCc1ccccc1)C(=O)N1CCCC1,60,GLACIER,K1,0.8520266782534074,0.6966989802303208,
MSBNK-EAWAG-EC125007__GLACIER__K2,KRNLOYZRJLTDBI,O=C(CCc1ccccc1)NC(CCc1ccccc1)C(=O)N1CCCC1,60,GLACIER,K2,0.9205017939368395,0.8375956196452379,
MSBNK-EAWAG-EC125007__GLACIER__K3,KRNLOYZRJLTDBI,O=C(CCc1ccccc1)NC(CCc1ccccc1)C(=O)N1CCCC1,60,GLACIER,K3,0.9046859716294949,0.7823864564546698,
MSBNK-EAWAG-EC133201__ICEBERG_2_1__K1,PFXJYHPNSWNJBP,c1coc(-c2coc(C3CCCN3)n2)n1,15,ICEBERG_2_1,K1,0.5406088949141222,0.4940581714643305,
MSBNK-EAWAG-EC133201__ICEBERG_2_1__K2,PFXJYHPNSWNJBP,c1coc(-c2coc(C3CCCN3)n2)n1,15,ICEBERG_2_1,K2,0.40204480326306913,0.44070433510189866,
MSBNK-EAWAG-EC133201__ICEBERG_2_1__K3,PFXJYHPNSWNJBP,c1coc(-c2coc(C3CCCN3)n2)n1,15,ICEBERG_2_1,K3,0.5406091193550183,0.49405828370857774,
MSBNK-EAWAG-EC133201__GLACIER__K1,PFXJYHPNSWNJBP,c1coc(-c2coc(C3CCCN3)n2)n1,15,GLACIER,K1,0.3142660638409221,0.374619120301821,
MSBNK-EAWAG-EC133201__GLACIER__K2,PFXJYHPNSWNJBP,c1coc(-c2coc(C3CCCN3)n2)n1,15,GLACIER,K2,0.37164213754401443,0.4274461495112375,
MSBNK-EAWAG-EC133201__GLACIER__K3,PFXJYHPNSWNJBP,c1coc(-c2coc(C3CCCN3)n2)n1,15,GLACIER,K3,0.3142661560167917,0.3746191626958425,
MSBNK-EAWAG-EC133202__ICEBERG_2_1__K1,PFXJYHPNSWNJBP,c1coc(-c2coc(C3CCCN3)n2)n1,20,ICEBERG_2_1,K1,0.18319921493003638,0.2764479049140115,
MSBNK-EAWAG-EC133202__ICEBERG_2_1__K2,PFXJYHPNSWNJBP,c1coc(-c2coc(C3CCCN3)n2)n1,20,ICEBERG_2_1,K2,0.13130517097085512,0.23556457755900206,
MSBNK-EAWAG-EC133202__ICEBERG_2_1__K3,PFXJYHPNSWNJBP,c1coc(-c2coc(C3CCCN3)n2)n1,20,ICEBERG_2_1,K3,0.18319924116601735,0.2764479176525443,
MSBNK-EAWAG-EC133202__GLACIER__K1,PFXJYHPNSWNJBP,c1coc(-c2coc(C3CCCN3)n2)n1,20,GLACIER,K1,0.03641434912248277,0.1720509800982828,
MSBNK-EAWAG-EC133202__GLACIER__K2,PFXJYHPNSWNJBP,c1coc(-c2coc(C3CCCN3)n2)n1,20,GLACIER,K2,0.06820333443032547,0.20893168010158325,
MSBNK-EAWAG-EC133202__GLACIER__K3,PFXJYHPNSWNJBP,c1coc(-c2coc(C3CCCN3)n2)n1,20,GLACIER,K3,0.03641438942566418,0.1720510687674648,
MSBNK-EAWAG-EC133203__ICEBERG_2_1__K1,PFXJYHPNSWNJBP,c1coc(-c2coc(C3CCCN3)n2)n1,25,ICEBERG_2_1,K1,0.20320545253633163,0.313725939386711,
MSBNK-EAWAG-EC133203__ICEBERG_2_1__K2,PFXJYHPNSWNJBP,c1coc(-c2coc(C3CCCN3)n2)n1,25,ICEBERG_2_1,K2,0.2339277934634142,0.33532048151899085,
MSBNK-EAWAG-EC133203__ICEBERG_2_1__K3,PFXJYHPNSWNJBP,c1coc(-c2coc(C3CCCN3)n2)n1,25,ICEBERG_2_1,K3,0.20320545633803452,0.31372595220722277,
MSBNK-EAWAG-EC133203__GLACIER__K1,PFXJYHPNSWNJBP,c1coc(-c2coc(C3CCCN3)n2)n1,25,GLACIER,K1,0.1442583076992996,0.33362289795371747,
MSBNK-EAWAG-EC133203__GLACIER__K2,PFXJYHPNSWNJBP,c1coc(-c2coc(C3CCCN3)n2)n1,25,GLACIER,K2,0.113434760838456,0.2684893444891273,
MSBNK-EAWAG-EC133203__GLACIER__K3,PFXJYHPNSWNJBP,c1coc(-c2coc(C3CCCN3)n2)n1,25,GLACIER,K3,0.14425823853204892,0.33362278204544205,
MSBNK-EAWAG-EC133204__ICEBERG_2_1__K1,PFXJYHPNSWNJBP,c1coc(-c2coc(C3CCCN3)n2)n1,30,ICEBERG_2_1,K1,0.32496704676524685,0.4058802020655009,
MSBNK-EAWAG-EC133204__ICEBERG_2_1__K2,PFXJYHPNSWNJBP,c1coc(-c2coc(C3CCCN3)n2)n1,30,ICEBERG_2_1,K2,0.33242725286117125,0.3978030437042014,
MSBNK-EAWAG-EC133204__ICEBERG_2_1__K3,PFXJYHPNSWNJBP,c1coc(-c2coc(C3CCCN3)n2)n1,30,ICEBERG_2_1,K3,0.3249670666030125,0.4058802076788042,
MSBNK-EAWAG-EC133204__GLACIER__K1,PFXJYHPNSWNJBP,c1coc(-c2coc(C3CCCN3)n2)n1,30,GLACIER,K1,0.60193268934632,0.717688563771635,
MSBNK-EAWAG-EC133204__GLACIER__K2,PFXJYHPNSWNJBP,c1coc(-c2coc(C3CCCN3)n2)n1,30,GLACIER,K2,0.6345265562464183,0.7258102234315937,
MSBNK-EAWAG-EC133204__GLACIER__K3,PFXJYHPNSWNJBP,c1coc(-c2coc(C3CCCN3)n2)n1,30,GLACIER,K3,0.6019330555672118,0.7176887330939803,
MSBNK-EAWAG-EC133205__ICEBERG_2_1__K1,PFXJYHPNSWNJBP,c1coc(-c2coc(C3CCCN3)n2)n1,40,ICEBERG_2_1,K1,0.7858344283421377,0.5856461116605427,
MSBNK-EAWAG-EC133205__ICEBERG_2_1__K2,PFXJYHPNSWNJBP,c1coc(-c2coc(C3CCCN3)n2)n1,40,ICEBERG_2_1,K2,0.7753009788042107,0.5792640881026296,
MSBNK-EAWAG-EC133205__ICEBERG_2_1__K3,PFXJYHPNSWNJBP,c1coc(-c2coc(C3CCCN3)n2)n1,40,ICEBERG_2_1,K3,0.7807572168494531,0.5815764343683406,
MSBNK-EAWAG-EC133205__GLACIER__K1,PFXJYHPNSWNJBP,c1coc(-c2coc(C3CCCN3)n2)n1,40,GLACIER,K1,0.8800629604492498,0.7554217524371272,
MSBNK-EAWAG-EC133205__GLACIER__K2,PFXJYHPNSWNJBP,c1coc(-c2coc(C3CCCN3)n2)n1,40,GLACIER,K2,0.897931895891797,0.8116861452028226,
MSBNK-EAWAG-EC133205__GLACIER__K3,PFXJYHPNSWNJBP,c1coc(-c2coc(C3CCCN3)n2)n1,40,GLACIER,K3,0.8984998127213173,0.8122707399582748,
MSBNK-EAWAG-EC133206__ICEBERG_2_1__K1,PFXJYHPNSWNJBP,c1coc(-c2coc(C3CCCN3)n2)n1,50,ICEBERG_2_1,K1,0.8205553089122328,0.6012956411615201,
MSBNK-EAWAG-EC133206__ICEBERG_2_1__K2,PFXJYHPNSWNJBP,c1coc(-c2coc(C3CCCN3)n2)n1,50,ICEBERG_2_1,K2,0.8395710149107446,0.6827142223249283,
MSBNK-EAWAG-EC133206__ICEBERG_2_1__K3,PFXJYHPNSWNJBP,c1coc(-c2coc(C3CCCN3)n2)n1,50,ICEBERG_2_1,K3,0.8332437618899748,0.65475430868798,
MSBNK-EAWAG-EC133206__GLACIER__K1,PFXJYHPNSWNJBP,c1coc(-c2coc(C3CCCN3)n2)n1,50,GLACIER,K1,0.8506647172902971,0.7541946741614441,
MSBNK-EAWAG-EC133206__GLACIER__K2,PFXJYHPNSWNJBP,c1coc(-c2coc(C3CCCN3)n2)n1,50,GLACIER,K2,0.8511878634016249,0.7582374574422861,
MSBNK-EAWAG-EC133206__GLACIER__K3,PFXJYHPNSWNJBP,c1coc(-c2coc(C3CCCN3)n2)n1,50,GLACIER,K3,0.8522330013996664,0.7735697505790046,
MSBNK-EAWAG-EC133207__ICEBERG_2_1__K1,PFXJYHPNSWNJBP,c1coc(-c2coc(C3CCCN3)n2)n1,60,ICEBERG_2_1,K1,0.7985670973620389,0.6482176738514851,
MSBNK-EAWAG-EC133207__ICEBERG_2_1__K2,PFXJYHPNSWNJBP,c1coc(-c2coc(C3CCCN3)n2)n1,60,ICEBERG_2_1,K2,0.8008557826131707,0.6307583477820258,
MSBNK-EAWAG-EC133207__ICEBERG_2_1__K3,PFXJYHPNSWNJBP,c1coc(-c2coc(C3CCCN3)n2)n1,60,ICEBERG_2_1,K3,0.8021936090358176,0.6489417085684219,
MSBNK-EAWAG-EC133207__GLACIER__K1,PFXJYHPNSWNJBP,c1coc(-c2coc(C3CCCN3)n2)n1,60,GLACIER,K1,0.28172746048419967,0.4333342001417244,
MSBNK-EAWAG-EC133207__GLACIER__K2,PFXJYHPNSWNJBP,c1coc(-c2coc(C3CCCN3)n2)n1,60,GLACIER,K2,0.8463626502480848,0.8005336494158347,
MSBNK-EAWAG-EC133207__GLACIER__K3,PFXJYHPNSWNJBP,c1coc(-c2coc(C3CCCN3)n2)n1,60,GLACIER,K3,0.8497940984115536,0.8106128763329061,
MSBNK-EAWAG-EC140201__ICEBERG_2_1__K1,MLBROOJXUZKDHY,O=C1NCC2=NC(CS2)C(=O)NC(Cc2ccccc2)C2=NC(CO2)C(=O)NCc2nc1cs2,15,ICEBERG_2_1,K1,0.9996793944150912,0.9727830955810349,
MSBNK-EAWAG-EC140201__ICEBERG_2_1__K2,MLBROOJXUZKDHY,O=C1NCC2=NC(CS2)C(=O)NC(Cc2ccccc2)C2=NC(CO2)C(=O)NCc2nc1cs2,15,ICEBERG_2_1,K2,0.9992802618263567,0.9555379448222833,
MSBNK-EAWAG-EC140201__ICEBERG_2_1__K3,MLBROOJXUZKDHY,O=C1NCC2=NC(CS2)C(=O)NC(Cc2ccccc2)C2=NC(CO2)C(=O)NCc2nc1cs2,15,ICEBERG_2_1,K3,0.9989100875056393,0.9394559427482355,
MSBNK-EAWAG-EC140201__GLACIER__K1,MLBROOJXUZKDHY,O=C1NCC2=NC(CS2)C(=O)NC(Cc2ccccc2)C2=NC(CO2)C(=O)NCc2nc1cs2,15,GLACIER,K1,0.9999857510068098,0.9948994661519541,
MSBNK-EAWAG-EC140201__GLACIER__K2,MLBROOJXUZKDHY,O=C1NCC2=NC(CS2)C(=O)NC(Cc2ccccc2)C2=NC(CO2)C(=O)NCc2nc1cs2,15,GLACIER,K2,0.9966277130723958,0.9569597109106585,
MSBNK-EAWAG-EC140201__GLACIER__K3,MLBROOJXUZKDHY,O=C1NCC2=NC(CS2)C(=O)NC(Cc2ccccc2)C2=NC(CO2)C(=O)NCc2nc1cs2,15,GLACIER,K3,0.9988725149487191,0.9733661378861121,
MSBNK-EAWAG-EC140202__ICEBERG_2_1__K1,MLBROOJXUZKDHY,O=C1NCC2=NC(CS2)C(=O)NC(Cc2ccccc2)C2=NC(CO2)C(=O)NCc2nc1cs2,20,ICEBERG_2_1,K1,0.9987974470728589,0.939225145118071,
MSBNK-EAWAG-EC140202__ICEBERG_2_1__K2,MLBROOJXUZKDHY,O=C1NCC2=NC(CS2)C(=O)NC(Cc2ccccc2)C2=NC(CO2)C(=O)NCc2nc1cs2,20,ICEBERG_2_1,K2,0.521388979743457,0.46228028697334866,
MSBNK-EAWAG-EC140202__ICEBERG_2_1__K3,MLBROOJXUZKDHY,O=C1NCC2=NC(CS2)C(=O)NC(Cc2ccccc2)C2=NC(CO2)C(=O)NCc2nc1cs2,20,ICEBERG_2_1,K3,0.4260098707120332,0.4424044674315025,
MSBNK-EAWAG-EC140202__GLACIER__K1,MLBROOJXUZKDHY,O=C1NCC2=NC(CS2)C(=O)NC(Cc2ccccc2)C2=NC(CO2)C(=O)NCc2nc1cs2,20,GLACIER,K1,0.9944987589725588,0.944399506893156,
MSBNK-EAWAG-EC140202__GLACIER__K2,MLBROOJXUZKDHY,O=C1NCC2=NC(CS2)C(=O)NC(Cc2ccccc2)C2=NC(CO2)C(=O)NCc2nc1cs2,20,GLACIER,K2,0.9127105363219647,0.834591802229618,
MSBNK-EAWAG-EC140202__GLACIER__K3,MLBROOJXUZKDHY,O=C1NCC2=NC(CS2)C(=O)NC(Cc2ccccc2)C2=NC(CO2)C(=O)NCc2nc1cs2,20,GLACIER,K3,0.8437953026345535,0.8017824123630835,
MSBNK-EAWAG-EC140203__ICEBERG_2_1__K1,MLBROOJXUZKDHY,O=C1NCC2=NC(CS2)C(=O)NC(Cc2ccccc2)C2=NC(CO2)C(=O)NCc2nc1cs2,25,ICEBERG_2_1,K1,0.8657049298624117,0.5628350003120993,
MSBNK-EAWAG-EC140203__ICEBERG_2_1__K2,MLBROOJXUZKDHY,O=C1NCC2=NC(CS2)C(=O)NC(Cc2ccccc2)C2=NC(CO2)C(=O)NCc2nc1cs2,25,ICEBERG_2_1,K2,0.06558082747026636,0.1253280330474278,
MSBNK-EAWAG-EC140203__ICEBERG_2_1__K3,MLBROOJXUZKDHY,O=C1NCC2=NC(CS2)C(=O)NC(Cc2ccccc2)C2=NC(CO2)C(=O)NCc2nc1cs2,25,ICEBERG_2_1,K3,0.05223856211823669,0.10904826161166492,
MSBNK-EAWAG-EC140203__GLACIER__K1,MLBROOJXUZKDHY,O=C1NCC2=NC(CS2)C(=O)NC(Cc2ccccc2)C2=NC(CO2)C(=O)NCc2nc1cs2,25,GLACIER,K1,0.9862685024457202,0.8691575518267358,
MSBNK-EAWAG-EC140203__GLACIER__K2,MLBROOJXUZKDHY,O=C1NCC2=NC(CS2)C(=O)NC(Cc2ccccc2)C2=NC(CO2)C(=O)NCc2nc1cs2,25,GLACIER,K2,0.10960611067540041,0.2154371680136904,
MSBNK-EAWAG-EC140203__GLACIER__K3,MLBROOJXUZKDHY,O=C1NCC2=NC(CS2)C(=O)NC(Cc2ccccc2)C2=NC(CO2)C(=O)NCc2nc1cs2,25,GLACIER,K3,0.24013499857234089,0.3100769856167529,
MSBNK-EAWAG-EC140204__ICEBERG_2_1__K1,MLBROOJXUZKDHY,O=C1NCC2=NC(CS2)C(=O)NC(Cc2ccccc2)C2=NC(CO2)C(=O)NCc2nc1cs2,30,ICEBERG_2_1,K1,0.3254197070801833,0.31017477358457557,
MSBNK-EAWAG-EC140204__ICEBERG_2_1__K2,MLBROOJXUZKDHY,O=C1NCC2=NC(CS2)C(=O)NC(Cc2ccccc2)C2=NC(CO2)C(=O)NCc2nc1cs2,30,ICEBERG_2_1,K2,0.25892658670103025,0.2772584820510545,
MSBNK-EAWAG-EC140204__ICEBERG_2_1__K3,MLBROOJXUZKDHY,O=C1NCC2=NC(CS2)C(=O)NC(Cc2ccccc2)C2=NC(CO2)C(=O)NCc2nc1cs2,30,ICEBERG_2_1,K3,0.3700446685283148,0.31567615759745515,
MSBNK-EAWAG-EC140204__GLACIER__K1,MLBROOJXUZKDHY,O=C1NCC2=NC(CS2)C(=O)NC(Cc2ccccc2)C2=NC(CO2)C(=O)NCc2nc1cs2,30,GLACIER,K1,0.11998825272180386,0.19273981528346573,
MSBNK-EAWAG-EC140204__GLACIER__K2,MLBROOJXUZKDHY,O=C1NCC2=NC(CS2)C(=O)NC(Cc2ccccc2)C2=NC(CO2)C(=O)NCc2nc1cs2,30,GLACIER,K2,0.07773790824963757,0.14026569117500254,
MSBNK-EAWAG-EC140204__GLACIER__K3,MLBROOJXUZKDHY,O=C1NCC2=NC(CS2)C(=O)NC(Cc2ccccc2)C2=NC(CO2)C(=O)NCc2nc1cs2,30,GLACIER,K3,0.10365333571812271,0.18058801672202407,
MSBNK-EAWAG-EC140205__ICEBERG_2_1__K1,MLBROOJXUZKDHY,O=C1NCC2=NC(CS2)C(=O)NC(Cc2ccccc2)C2=NC(CO2)C(=O)NCc2nc1cs2,40,ICEBERG_2_1,K1,0.18790033412800458,0.2282329064255063,
MSBNK-EAWAG-EC140205__ICEBERG_2_1__K2,MLBROOJXUZKDHY,O=C1NCC2=NC(CS2)C(=O)NC(Cc2ccccc2)C2=NC(CO2)C(=O)NCc2nc1cs2,40,ICEBERG_2_1,K2,0.04554722916662561,0.10592056362488744,
MSBNK-EAWAG-EC140205__ICEBERG_2_1__K3,MLBROOJXUZKDHY,O=C1NCC2=NC(CS2)C(=O)NC(Cc2ccccc2)C2=NC(CO2)C(=O)NCc2nc1cs2,40,ICEBERG_2_1,K3,0.1154292312142195,0.20475807617833697,
MSBNK-EAWAG-EC140205__GLACIER__K1,MLBROOJXUZKDHY,O=C1NCC2=NC(CS2)C(=O)NC(Cc2ccccc2)C2=NC(CO2)C(=O)NCc2nc1cs2,40,GLACIER,K1,0.04357527572753343,0.1351269167658654,
MSBNK-EAWAG-EC140205__GLACIER__K2,MLBROOJXUZKDHY,O=C1NCC2=NC(CS2)C(=O)NC(Cc2ccccc2)C2=NC(CO2)C(=O)NCc2nc1cs2,40,GLACIER,K2,0.06128337720066427,0.12884889463399973,
MSBNK-EAWAG-EC140205__GLACIER__K3,MLBROOJXUZKDHY,O=C1NCC2=NC(CS2)C(=O)NC(Cc2ccccc2)C2=NC(CO2)C(=O)NCc2nc1cs2,40,GLACIER,K3,0.10939429582381521,0.16316616409740559,
MSBNK-EAWAG-EC140206__ICEBERG_2_1__K1,MLBROOJXUZKDHY,O=C1NCC2=NC(CS2)C(=O)NC(Cc2ccccc2)C2=NC(CO2)C(=O)NCc2nc1cs2,50,ICEBERG_2_1,K1,0.12135100341870236,0.22998983867723766,
MSBNK-EAWAG-EC140206__ICEBERG_2_1__K2,MLBROOJXUZKDHY,O=C1NCC2=NC(CS2)C(=O)NC(Cc2ccccc2)C2=NC(CO2)C(=O)NCc2nc1cs2,50,ICEBERG_2_1,K2,0.1487620101319563,0.28024181792256264,
MSBNK-EAWAG-EC140206__ICEBERG_2_1__K3,MLBROOJXUZKDHY,O=C1NCC2=NC(CS2)C(=O)NC(Cc2ccccc2)C2=NC(CO2)C(=O)NCc2nc1cs2,50,ICEBERG_2_1,K3,0.1570073379868911,0.26768998932701293,
MSBNK-EAWAG-EC140206__GLACIER__K1,MLBROOJXUZKDHY,O=C1NCC2=NC(CS2)C(=O)NC(Cc2ccccc2)C2=NC(CO2)C(=O)NCc2nc1cs2,50,GLACIER,K1,0.2639449060479414,0.36439609093376146,
MSBNK-EAWAG-EC140206__GLACIER__K2,MLBROOJXUZKDHY,O=C1NCC2=NC(CS2)C(=O)NC(Cc2ccccc2)C2=NC(CO2)C(=O)NCc2nc1cs2,50,GLACIER,K2,0.6096536537408507,0.5191560027844788,
MSBNK-EAWAG-EC140206__GLACIER__K3,MLBROOJXUZKDHY,O=C1NCC2=NC(CS2)C(=O)NC(Cc2ccccc2)C2=NC(CO2)C(=O)NCc2nc1cs2,50,GLACIER,K3,0.5653622979602501,0.4906542275269312,
MSBNK-EAWAG-EC140207__ICEBERG_2_1__K1,MLBROOJXUZKDHY,O=C1NCC2=NC(CS2)C(=O)NC(Cc2ccccc2)C2=NC(CO2)C(=O)NCc2nc1cs2,60,ICEBERG_2_1,K1,0.35489397771009845,0.4163428905884058,
MSBNK-EAWAG-EC140207__ICEBERG_2_1__K2,MLBROOJXUZKDHY,O=C1NCC2=NC(CS2)C(=O)NC(Cc2ccccc2)C2=NC(CO2)C(=O)NCc2nc1cs2,60,ICEBERG_2_1,K2,0.25681460501784925,0.3821556849465775,
MSBNK-EAWAG-EC140207__ICEBERG_2_1__K3,MLBROOJXUZKDHY,O=C1NCC2=NC(CS2)C(=O)NC(Cc2ccccc2)C2=NC(CO2)C(=O)NCc2nc1cs2,60,ICEBERG_2_1,K3,0.2336172289129872,0.37460696462950216,
MSBNK-EAWAG-EC140207__GLACIER__K1,MLBROOJXUZKDHY,O=C1NCC2=NC(CS2)C(=O)NC(Cc2ccccc2)C2=NC(CO2)C(=O)NCc2nc1cs2,60,GLACIER,K1,0.7701465143809452,0.6196259804996533,
MSBNK-EAWAG-EC140207__GLACIER__K2,MLBROOJXUZKDHY,O=C1NCC2=NC(CS2)C(=O)NC(Cc2ccccc2)C2=NC(CO2)C(=O)NCc2nc1cs2,60,GLACIER,K2,0.5036201412590642,0.423630955806958,
MSBNK-EAWAG-EC140207__GLACIER__K3,MLBROOJXUZKDHY,O=C1NCC2=NC(CS2)C(=O)NC(Cc2ccccc2)C2=NC(CO2)C(=O)NCc2nc1cs2,60,GLACIER,K3,0.7009560968909562,0.582629016892523,
MSBNK-EAWAG-EC183501__ICEBERG_2_1__K1,JNMCFADRRBGAIM,C=C1NC(=O)CCCNC(=O)CC(C=CC=CCCCc2ccccc2)NC(=O)CNC(=O)CCNC(=O)C(Cc2ccccc2)NC(=O)CNC1=O,15,ICEBERG_2_1,K1,0.017566810968483903,0.0295906675361004,
MSBNK-EAWAG-EC183501__ICEBERG_2_1__K2,JNMCFADRRBGAIM,C=C1NC(=O)CCCNC(=O)CC(C=CC=CCCCc2ccccc2)NC(=O)CNC(=O)CCNC(=O)C(Cc2ccccc2)NC(=O)CNC1=O,15,ICEBERG_2_1,K2,0.05380012786575975,0.09440207253244715,
MSBNK-EAWAG-EC183501__ICEBERG_2_1__K3,JNMCFADRRBGAIM,C=C1NC(=O)CCCNC(=O)CC(C=CC=CCCCc2ccccc2)NC(=O)CNC(=O)CCNC(=O)C(Cc2ccccc2)NC(=O)CNC1=O,15,ICEBERG_2_1,K3,0.05736768961525133,0.0994841027955915,
MSBNK-EAWAG-EC183501__GLACIER__K1,JNMCFADRRBGAIM,C=C1NC(=O)CCCNC(=O)CC(C=CC=CCCCc2ccccc2)NC(=O)CNC(=O)CCNC(=O)C(Cc2ccccc2)NC(=O)CNC1=O,15,GLACIER,K1,0.0021896868597475875,0.03549880731730459,
MSBNK-EAWAG-EC183501__GLACIER__K2,JNMCFADRRBGAIM,C=C1NC(=O)CCCNC(=O)CC(C=CC=CCCCc2ccccc2)NC(=O)CNC(=O)CCNC(=O)C(Cc2ccccc2)NC(=O)CNC1=O,15,GLACIER,K2,0.029809291040009747,0.08576482477434899,
MSBNK-EAWAG-EC183501__GLACIER__K3,JNMCFADRRBGAIM,C=C1NC(=O)CCCNC(=O)CC(C=CC=CCCCc2ccccc2)NC(=O)CNC(=O)CCNC(=O)C(Cc2ccccc2)NC(=O)CNC1=O,15,GLACIER,K3,0.0340734552311564,0.09556239390643562,
MSBNK-EAWAG-EC183502__ICEBERG_2_1__K1,JNMCFADRRBGAIM,C=C1NC(=O)CCCNC(=O)CC(C=CC=CCCCc2ccccc2)NC(=O)CNC(=O)CCNC(=O)C(Cc2ccccc2)NC(=O)CNC1=O,20,ICEBERG_2_1,K1,0.0,0.0,
MSBNK-EAWAG-EC183502__ICEBERG_2_1__K2,JNMCFADRRBGAIM,C=C1NC(=O)CCCNC(=O)CC(C=CC=CCCCc2ccccc2)NC(=O)CNC(=O)CCNC(=O)C(Cc2ccccc2)NC(=O)CNC1=O,20,ICEBERG_2_1,K2,0.0,0.0,
MSBNK-EAWAG-EC183502__ICEBERG_2_1__K3,JNMCFADRRBGAIM,C=C1NC(=O)CCCNC(=O)CC(C=CC=CCCCc2ccccc2)NC(=O)CNC(=O)CCNC(=O)C(Cc2ccccc2)NC(=O)CNC1=O,20,ICEBERG_2_1,K3,0.0,0.0,
MSBNK-EAWAG-EC183502__GLACIER__K1,JNMCFADRRBGAIM,C=C1NC(=O)CCCNC(=O)CC(C=CC=CCCCc2ccccc2)NC(=O)CNC(=O)CCNC(=O)C(Cc2ccccc2)NC(=O)CNC1=O,20,GLACIER,K1,0.0002775559586670637,0.0016666265656432033,
MSBNK-EAWAG-EC183502__GLACIER__K2,JNMCFADRRBGAIM,C=C1NC(=O)CCCNC(=O)CC(C=CC=CCCCc2ccccc2)NC(=O)CNC(=O)CCNC(=O)C(Cc2ccccc2)NC(=O)CNC1=O,20,GLACIER,K2,0.033650113526136234,0.1044195829194634,
MSBNK-EAWAG-EC183502__GLACIER__K3,JNMCFADRRBGAIM,C=C1NC(=O)CCCNC(=O)CC(C=CC=CCCCc2ccccc2)NC(=O)CNC(=O)CCNC(=O)C(Cc2ccccc2)NC(=O)CNC1=O,20,GLACIER,K3,0.032866981322999755,0.10159174807342375,
MSBNK-EAWAG-EC183503__ICEBERG_2_1__K1,JNMCFADRRBGAIM,C=C1NC(=O)CCCNC(=O)CC(C=CC=CCCCc2ccccc2)NC(=O)CNC(=O)CCNC(=O)C(Cc2ccccc2)NC(=O)CNC1=O,25,ICEBERG_2_1,K1,0.08143986088125241,0.1394893792556876,
MSBNK-EAWAG-EC183503__ICEBERG_2_1__K2,JNMCFADRRBGAIM,C=C1NC(=O)CCCNC(=O)CC(C=CC=CCCCc2ccccc2)NC(=O)CNC(=O)CCNC(=O)C(Cc2ccccc2)NC(=O)CNC1=O,25,ICEBERG_2_1,K2,0.2332532487282461,0.21948149093899183,
MSBNK-EAWAG-EC183503__ICEBERG_2_1__K3,JNMCFADRRBGAIM,C=C1NC(=O)CCCNC(=O)CC(C=CC=CCCCc2ccccc2)NC(=O)CNC(=O)CCNC(=O)C(Cc2ccccc2)NC(=O)CNC1=O,25,ICEBERG_2_1,K3,0.2504560660228981,0.2295488256261995,
MSBNK-EAWAG-EC183503__GLACIER__K1,JNMCFADRRBGAIM,C=C1NC(=O)CCCNC(=O)CC(C=CC=CCCCc2ccccc2)NC(=O)CNC(=O)CCNC(=O)C(Cc2ccccc2)NC(=O)CNC1=O,25,GLACIER,K1,0.012174605532586362,0.068370700468118,
MSBNK-EAWAG-EC183503__GLACIER__K2,JNMCFADRRBGAIM,C=C1NC(=O)CCCNC(=O)CC(C=CC=CCCCc2ccccc2)NC(=O)CNC(=O)CCNC(=O)C(Cc2ccccc2)NC(=O)CNC1=O,25,GLACIER,K2,0.49128788962581316,0.4778950465277064,
MSBNK-EAWAG-EC183503__GLACIER__K3,JNMCFADRRBGAIM,C=C1NC(=O)CCCNC(=O)CC(C=CC=CCCCc2ccccc2)NC(=O)CNC(=O)CCNC(=O)C(Cc2ccccc2)NC(=O)CNC1=O,25,GLACIER,K3,0.4949045572312736,0.48820477901101156,
MSBNK-EAWAG-EC183504__ICEBERG_2_1__K1,JNMCFADRRBGAIM,C=C1NC(=O)CCCNC(=O)CC(C=CC=CCCCc2ccccc2)NC(=O)CNC(=O)CCNC(=O)C(Cc2ccccc2)NC(=O)CNC1=O,30,ICEBERG_2_1,K1,0.4530688787355367,0.41530807147638993,
MSBNK-EAWAG-EC183504__ICEBERG_2_1__K2,JNMCFADRRBGAIM,C=C1NC(=O)CCCNC(=O)CC(C=CC=CCCCc2ccccc2)NC(=O)CNC(=O)CCNC(=O)C(Cc2ccccc2)NC(=O)CNC1=O,30,ICEBERG_2_1,K2,0.24596508730442126,0.2222379407591506,
MSBNK-EAWAG-EC183504__ICEBERG_2_1__K3,JNMCFADRRBGAIM,C=C1NC(=O)CCCNC(=O)CC(C=CC=CCCCc2ccccc2)NC(=O)CNC(=O)CCNC(=O)C(Cc2ccccc2)NC(=O)CNC1=O,30,ICEBERG_2_1,K3,0.21663303411386683,0.21520638406431947,
MSBNK-EAWAG-EC183504__GLACIER__K1,JNMCFADRRBGAIM,C=C1NC(=O)CCCNC(=O)CC(C=CC=CCCCc2ccccc2)NC(=O)CNC(=O)CCNC(=O)C(Cc2ccccc2)NC(=O)CNC1=O,30,GLACIER,K1,0.6942196257588888,0.6187186926980361,
MSBNK-EAWAG-EC183504__GLACIER__K2,JNMCFADRRBGAIM,C=C1NC(=O)CCCNC(=O)CC(C=CC=CCCCc2ccccc2)NC(=O)CNC(=O)CCNC(=O)C(Cc2ccccc2)NC(=O)CNC1=O,30,GLACIER,K2,0.6990862596910518,0.6293087016323156,
MSBNK-EAWAG-EC183504__GLACIER__K3,JNMCFADRRBGAIM,C=C1NC(=O)CCCNC(=O)CC(C=CC=CCCCc2ccccc2)NC(=O)CNC(=O)CCNC(=O)C(Cc2ccccc2)NC(=O)CNC1=O,30,GLACIER,K3,0.6979037746829128,0.6380818741948071,
MSBNK-EAWAG-EC183505__ICEBERG_2_1__K1,JNMCFADRRBGAIM,C=C1NC(=O)CCCNC(=O)CC(C=CC=CCCCc2ccccc2)NC(=O)CNC(=O)CCNC(=O)C(Cc2ccccc2)NC(=O)CNC1=O,40,ICEBERG_2_1,K1,0.29897431469940916,0.2855237436464747,
MSBNK-EAWAG-EC183505__ICEBERG_2_1__K2,JNMCFADRRBGAIM,C=C1NC(=O)CCCNC(=O)CC(C=CC=CCCCc2ccccc2)NC(=O)CNC(=O)CCNC(=O)C(Cc2ccccc2)NC(=O)CNC1=O,40,ICEBERG_2_1,K2,0.16990185669041272,0.23089960877308724,
MSBNK-EAWAG-EC183505__ICEBERG_2_1__K3,JNMCFADRRBGAIM,C=C1NC(=O)CCCNC(=O)CC(C=CC=CCCCc2ccccc2)NC(=O)CNC(=O)CCNC(=O)C(Cc2ccccc2)NC(=O)CNC1=O,40,ICEBERG_2_1,K3,0.08374126632310736,0.16572673237290902,
MSBNK-EAWAG-EC183505__GLACIER__K1,JNMCFADRRBGAIM,C=C1NC(=O)CCCNC(=O)CC(C=CC=CCCCc2ccccc2)NC(=O)CNC(=O)CCNC(=O)C(Cc2ccccc2)NC(=O)CNC1=O,40,GLACIER,K1,0.7195273412570343,0.6558582175317431,
MSBNK-EAWAG-EC183505__GLACIER__K2,JNMCFADRRBGAIM,C=C1NC(=O)CCCNC(=O)CC(C=CC=CCCCc2ccccc2)NC(=O)CNC(=O)CCNC(=O)C(Cc2ccccc2)NC(=O)CNC1=O,40,GLACIER,K2,0.7707887859350607,0.7190028724597255,
MSBNK-EAWAG-EC183505__GLACIER__K3,JNMCFADRRBGAIM,C=C1NC(=O)CCCNC(=O)CC(C=CC=CCCCc2ccccc2)NC(=O)CNC(=O)CCNC(=O)C(Cc2ccccc2)NC(=O)CNC1=O,40,GLACIER,K3,0.7790432081469224,0.7291218961182151,
MSBNK-EAWAG-EC183506__ICEBERG_2_1__K1,JNMCFADRRBGAIM,C=C1NC(=O)CCCNC(=O)CC(C=CC=CCCCc2ccccc2)NC(=O)CNC(=O)CCNC(=O)C(Cc2ccccc2)NC(=O)CNC1=O,50,ICEBERG_2_1,K1,0.23026032207109567,0.30170672038220436,
MSBNK-EAWAG-EC183506__ICEBERG_2_1__K2,JNMCFADRRBGAIM,C=C1NC(=O)CCCNC(=O)CC(C=CC=CCCCc2ccccc2)NC(=O)CNC(=O)CCNC(=O)C(Cc2ccccc2)NC(=O)CNC1=O,50,ICEBERG_2_1,K2,0.16073061218914172,0.3264336653688854,
MSBNK-EAWAG-EC183506__ICEBERG_2_1__K3,JNMCFADRRBGAIM,C=C1NC(=O)CCCNC(=O)CC(C=CC=CCCCc2ccccc2)NC(=O)CNC(=O)CCNC(=O)C(Cc2ccccc2)NC(=O)CNC1=O,50,ICEBERG_2_1,K3,0.1858103069590256,0.35096490578120454,
MSBNK-EAWAG-EC183506__GLACIER__K1,JNMCFADRRBGAIM,C=C1NC(=O)CCCNC(=O)CC(C=CC=CCCCc2ccccc2)NC(=O)CNC(=O)CCNC(=O)C(Cc2ccccc2)NC(=O)CNC1=O,50,GLACIER,K1,0.5306571467688174,0.5305861719091771,
MSBNK-EAWAG-EC183506__GLACIER__K2,JNMCFADRRBGAIM,C=C1NC(=O)CCCNC(=O)CC(C=CC=CCCCc2ccccc2)NC(=O)CNC(=O)CCNC(=O)C(Cc2ccccc2)NC(=O)CNC1=O,50,GLACIER,K2,0.6162354060211285,0.6184300070473354,
MSBNK-EAWAG-EC183506__GLACIER__K3,JNMCFADRRBGAIM,C=C1NC(=O)CCCNC(=O)CC(C=CC=CCCCc2ccccc2)NC(=O)CNC(=O)CCNC(=O)C(Cc2ccccc2)NC(=O)CNC1=O,50,GLACIER,K3,0.6888228609295481,0.6835337518725794,
MSBNK-EAWAG-EC183507__ICEBERG_2_1__K1,JNMCFADRRBGAIM,C=C1NC(=O)CCCNC(=O)CC(C=CC=CCCCc2ccccc2)NC(=O)CNC(=O)CCNC(=O)C(Cc2ccccc2)NC(=O)CNC1=O,60,ICEBERG_2_1,K1,0.398277339041811,0.4470569512986433,
MSBNK-EAWAG-EC183507__ICEBERG_2_1__K2,JNMCFADRRBGAIM,C=C1NC(=O)CCCNC(=O)CC(C=CC=CCCCc2ccccc2)NC(=O)CNC(=O)CCNC(=O)C(Cc2ccccc2)NC(=O)CNC1=O,60,ICEBERG_2_1,K2,0.24885066954946555,0.41667887007951254,
MSBNK-EAWAG-EC183507__ICEBERG_2_1__K3,JNMCFADRRBGAIM,C=C1NC(=O)CCCNC(=O)CC(C=CC=CCCCc2ccccc2)NC(=O)CNC(=O)CCNC(=O)C(Cc2ccccc2)NC(=O)CNC1=O,60,ICEBERG_2_1,K3,0.2479187215818303,0.42950185392812423,
MSBNK-EAWAG-EC183507__GLACIER__K1,JNMCFADRRBGAIM,C=C1NC(=O)CCCNC(=O)CC(C=CC=CCCCc2ccccc2)NC(=O)CNC(=O)CCNC(=O)C(Cc2ccccc2)NC(=O)CNC1=O,60,GLACIER,K1,0.6413060578567383,0.6588727152341004,
MSBNK-EAWAG-EC183507__GLACIER__K2,JNMCFADRRBGAIM,C=C1NC(=O)CCCNC(=O)CC(C=CC=CCCCc2ccccc2)NC(=O)CNC(=O)CCNC(=O)C(Cc2ccccc2)NC(=O)CNC1=O,60,GLACIER,K2,0.5628425744984269,0.6546550324849089,
MSBNK-EAWAG-EC183507__GLACIER__K3,JNMCFADRRBGAIM,C=C1NC(=O)CCCNC(=O)CC(C=CC=CCCCc2ccccc2)NC(=O)CNC(=O)CCNC(=O)C(Cc2ccccc2)NC(=O)CNC1=O,60,GLACIER,K3,0.5351613501918306,0.6400503100092286,
MSBNK-EAWAG-EC216301__ICEBERG_2_1__K1,XFONTJUFZVROJR,O=C(CCc1ccccc1)NCC(=O)NCC(=O)NCC(=O)NCC(=O)N1CCCC1C(=O)NCCc1ccccc1,15,ICEBERG_2_1,K1,0.02840520180830577,0.09656965761631808,
MSBNK-EAWAG-EC216301__ICEBERG_2_1__K2,XFONTJUFZVROJR,O=C(CCc1ccccc1)NCC(=O)NCC(=O)NCC(=O)NCC(=O)N1CCCC1C(=O)NCCc1ccccc1,15,ICEBERG_2_1,K2,0.00542957230519179,0.059877348830027155,
MSBNK-EAWAG-EC216301__ICEBERG_2_1__K3,XFONTJUFZVROJR,O=C(CCc1ccccc1)NCC(=O)NCC(=O)NCC(=O)NCC(=O)N1CCCC1C(=O)NCCc1ccccc1,15,ICEBERG_2_1,K3,0.00836234812321598,0.062157684664656765,
MSBNK-EAWAG-EC216301__GLACIER__K1,XFONTJUFZVROJR,O=C(CCc1ccccc1)NCC(=O)NCC(=O)NCC(=O)NCC(=O)N1CCCC1C(=O)NCCc1ccccc1,15,GLACIER,K1,0.06756387195022936,0.14221061708864546,
MSBNK-EAWAG-EC216301__GLACIER__K2,XFONTJUFZVROJR,O=C(CCc1ccccc1)NCC(=O)NCC(=O)NCC(=O)NCC(=O)N1CCCC1C(=O)NCCc1ccccc1,15,GLACIER,K2,0.0,0.0,
MSBNK-EAWAG-EC216301__GLACIER__K3,XFONTJUFZVROJR,O=C(CCc1ccccc1)NCC(=O)NCC(=O)NCC(=O)NCC(=O)N1CCCC1C(=O)NCCc1ccccc1,15,GLACIER,K3,0.0011044095441234384,0.009070072139433005,
MSBNK-EAWAG-EC216302__ICEBERG_2_1__K1,XFONTJUFZVROJR,O=C(CCc1ccccc1)NCC(=O)NCC(=O)NCC(=O)NCC(=O)N1CCCC1C(=O)NCCc1ccccc1,20,ICEBERG_2_1,K1,0.1173703638318204,0.1387405732395569,
MSBNK-EAWAG-EC216302__ICEBERG_2_1__K2,XFONTJUFZVROJR,O=C(CCc1ccccc1)NCC(=O)NCC(=O)NCC(=O)NCC(=O)N1CCCC1C(=O)NCCc1ccccc1,20,ICEBERG_2_1,K2,0.11571070404490696,0.14973956568569113,
MSBNK-EAWAG-EC216302__ICEBERG_2_1__K3,XFONTJUFZVROJR,O=C(CCc1ccccc1)NCC(=O)NCC(=O)NCC(=O)NCC(=O)N1CCCC1C(=O)NCCc1ccccc1,20,ICEBERG_2_1,K3,0.10953948246927632,0.13882408837935256,
MSBNK-EAWAG-EC216302__GLACIER__K1,XFONTJUFZVROJR,O=C(CCc1ccccc1)NCC(=O)NCC(=O)NCC(=O)NCC(=O)N1CCCC1C(=O)NCCc1ccccc1,20,GLACIER,K1,0.1183019116746464,0.12510275314951091,
MSBNK-EAWAG-EC216302__GLACIER__K2,XFONTJUFZVROJR,O=C(CCc1ccccc1)NCC(=O)NCC(=O)NCC(=O)NCC(=O)N1CCCC1C(=O)NCCc1ccccc1,20,GLACIER,K2,0.002868340573988641,0.019581045689711862,
MSBNK-EAWAG-EC216302__GLACIER__K3,XFONTJUFZVROJR,O=C(CCc1ccccc1)NCC(=O)NCC(=O)NCC(=O)NCC(=O)N1CCCC1C(=O)NCCc1ccccc1,20,GLACIER,K3,0.0029130536723747553,0.019303156986064218,
MSBNK-EAWAG-EC216303__ICEBERG_2_1__K1,XFONTJUFZVROJR,O=C(CCc1ccccc1)NCC(=O)NCC(=O)NCC(=O)NCC(=O)N1CCCC1C(=O)NCCc1ccccc1,25,ICEBERG_2_1,K1,0.2681661608634907,0.3086238091284239,
MSBNK-EAWAG-EC216303__ICEBERG_2_1__K2,XFONTJUFZVROJR,O=C(CCc1ccccc1)NCC(=O)NCC(=O)NCC(=O)NCC(=O)N1CCCC1C(=O)NCCc1ccccc1,25,ICEBERG_2_1,K2,0.21152930517523805,0.24232728881381782,
MSBNK-EAWAG-EC216303__ICEBERG_2_1__K3,XFONTJUFZVROJR,O=C(CCc1ccccc1)NCC(=O)NCC(=O)NCC(=O)NCC(=O)N1CCCC1C(=O)NCCc1ccccc1,25,ICEBERG_2_1,K3,0.19264617554452915,0.24282108871748442,
MSBNK-EAWAG-EC216303__GLACIER__K1,XFONTJUFZVROJR,O=C(CCc1ccccc1)NCC(=O)NCC(=O)NCC(=O)NCC(=O)N1CCCC1C(=O)NCCc1ccccc1,25,GLACIER,K1,0.020621062616297824,0.04245384574515032,
MSBNK-EAWAG-EC216303__GLACIER__K2,XFONTJUFZVROJR,O=C(CCc1ccccc1)NCC(=O)NCC(=O)NCC(=O)NCC(=O)N1CCCC1C(=O)NCCc1ccccc1,25,GLACIER,K2,0.017879793441618254,0.05833944586458617,
MSBNK-EAWAG-EC216303__GLACIER__K3,XFONTJUFZVROJR,O=C(CCc1ccccc1)NCC(=O)NCC(=O)NCC(=O)NCC(=O)N1CCCC1C(=O)NCCc1ccccc1,25,GLACIER,K3,0.028664982054126244,0.06097963129831252,
MSBNK-EAWAG-EC216304__ICEBERG_2_1__K1,XFONTJUFZVROJR,O=C(CCc1ccccc1)NCC(=O)NCC(=O)NCC(=O)NCC(=O)N1CCCC1C(=O)NCCc1ccccc1,30,ICEBERG_2_1,K1,0.3637304234921358,0.3802888729512913,
MSBNK-EAWAG-EC216304__ICEBERG_2_1__K2,XFONTJUFZVROJR,O=C(CCc1ccccc1)NCC(=O)NCC(=O)NCC(=O)NCC(=O)N1CCCC1C(=O)NCCc1ccccc1,30,ICEBERG_2_1,K2,0.19462239716602944,0.26084581473747537,
MSBNK-EAWAG-EC216304__ICEBERG_2_1__K3,XFONTJUFZVROJR,O=C(CCc1ccccc1)NCC(=O)NCC(=O)NCC(=O)NCC(=O)N1CCCC1C(=O)NCCc1ccccc1,30,ICEBERG_2_1,K3,0.17122345388322444,0.2449731261424717,
MSBNK-EAWAG-EC216304__GLACIER__K1,XFONTJUFZVROJR,O=C(CCc1ccccc1)NCC(=O)NCC(=O)NCC(=O)NCC(=O)N1CCCC1C(=O)NCCc1ccccc1,30,GLACIER,K1,0.09220324954201252,0.16537957449919571,
MSBNK-EAWAG-EC216304__GLACIER__K2,XFONTJUFZVROJR,O=C(CCc1ccccc1)NCC(=O)NCC(=O)NCC(=O)NCC(=O)N1CCCC1C(=O)NCCc1ccccc1,30,GLACIER,K2,0.07278680660550615,0.11133812166103052,
MSBNK-EAWAG-EC216304__GLACIER__K3,XFONTJUFZVROJR,O=C(CCc1ccccc1)NCC(=O)NCC(=O)NCC(=O)NCC(=O)N1CCCC1C(=O)NCCc1ccccc1,30,GLACIER,K3,0.081893453708616,0.1220222307383313,
MSBNK-EAWAG-EC216305__ICEBERG_2_1__K1,XFONTJUFZVROJR,O=C(CCc1ccccc1)NCC(=O)NCC(=O)NCC(=O)NCC(=O)N1CCCC1C(=O)NCCc1ccccc1,40,ICEBERG_2_1,K1,0.4520731456244757,0.4811432052424842,
MSBNK-EAWAG-EC216305__ICEBERG_2_1__K2,XFONTJUFZVROJR,O=C(CCc1ccccc1)NCC(=O)NCC(=O)NCC(=O)NCC(=O)N1CCCC1C(=O)NCCc1ccccc1,40,ICEBERG_2_1,K2,0.302401765662791,0.3449384441932487,
MSBNK-EAWAG-EC216305__ICEBERG_2_1__K3,XFONTJUFZVROJR,O=C(CCc1ccccc1)NCC(=O)NCC(=O)NCC(=O)NCC(=O)N1CCCC1C(=O)NCCc1ccccc1,40,ICEBERG_2_1,K3,0.3290320790027922,0.3643733845485132,
MSBNK-EAWAG-EC216305__GLACIER__K1,XFONTJUFZVROJR,O=C(CCc1ccccc1)NCC(=O)NCC(=O)NCC(=O)NCC(=O)N1CCCC1C(=O)NCCc1ccccc1,40,GLACIER,K1,0.2925771431964542,0.2802471447881487,
MSBNK-EAWAG-EC216305__GLACIER__K2,XFONTJUFZVROJR,O=C(CCc1ccccc1)NCC(=O)NCC(=O)NCC(=O)NCC(=O)N1CCCC1C(=O)NCCc1ccccc1,40,GLACIER,K2,0.306263370733317,0.2936343071834161,
MSBNK-EAWAG-EC216305__GLACIER__K3,XFONTJUFZVROJR,O=C(CCc1ccccc1)NCC(=O)NCC(=O)NCC(=O)NCC(=O)N1CCCC1C(=O)NCCc1ccccc1,40,GLACIER,K3,0.33483701659454346,0.30622709796799497,
MSBNK-EAWAG-EC216306__ICEBERG_2_1__K1,XFONTJUFZVROJR,O=C(CCc1ccccc1)NCC(=O)NCC(=O)NCC(=O)NCC(=O)N1CCCC1C(=O)NCCc1ccccc1,50,ICEBERG_2_1,K1,0.5295181722510909,0.5167898101717951,
MSBNK-EAWAG-EC216306__ICEBERG_2_1__K2,XFONTJUFZVROJR,O=C(CCc1ccccc1)NCC(=O)NCC(=O)NCC(=O)NCC(=O)N1CCCC1C(=O)NCCc1ccccc1,50,ICEBERG_2_1,K2,0.5690830005994247,0.48546520772696755,
MSBNK-EAWAG-EC216306__ICEBERG_2_1__K3,XFONTJUFZVROJR,O=C(CCc1ccccc1)NCC(=O)NCC(=O)NCC(=O)NCC(=O)N1CCCC1C(=O)NCCc1ccccc1,50,ICEBERG_2_1,K3,0.5658890838865065,0.48006976791185085,
MSBNK-EAWAG-EC216306__GLACIER__K1,XFONTJUFZVROJR,O=C(CCc1ccccc1)NCC(=O)NCC(=O)NCC(=O)NCC(=O)N1CCCC1C(=O)NCCc1ccccc1,50,GLACIER,K1,0.43108012527054923,0.326938889904542,
MSBNK-EAWAG-EC216306__GLACIER__K2,XFONTJUFZVROJR,O=C(CCc1ccccc1)NCC(=O)NCC(=O)NCC(=O)NCC(=O)N1CCCC1C(=O)NCCc1ccccc1,50,GLACIER,K2,0.42165028881850136,0.3681838062491454,
MSBNK-EAWAG-EC216306__GLACIER__K3,XFONTJUFZVROJR,O=C(CCc1ccccc1)NCC(=O)NCC(=O)NCC(=O)NCC(=O)N1CCCC1C(=O)NCCc1ccccc1,50,GLACIER,K3,0.42370412141748615,0.36559464181069345,
MSBNK-EAWAG-EC216307__ICEBERG_2_1__K1,XFONTJUFZVROJR,O=C(CCc1ccccc1)NCC(=O)NCC(=O)NCC(=O)NCC(=O)N1CCCC1C(=O)NCCc1ccccc1,60,ICEBERG_2_1,K1,0.5942315261077992,0.5813544030467692,
MSBNK-EAWAG-EC216307__ICEBERG_2_1__K2,XFONTJUFZVROJR,O=C(CCc1ccccc1)NCC(=O)NCC(=O)NCC(=O)NCC(=O)N1CCCC1C(=O)NCCc1ccccc1,60,ICEBERG_2_1,K2,0.5111897405128594,0.5144773448771334,
MSBNK-EAWAG-EC216307__ICEBERG_2_1__K3,XFONTJUFZVROJR,O=C(CCc1ccccc1)NCC(=O)NCC(=O)NCC(=O)NCC(=O)N1CCCC1C(=O)NCCc1ccccc1,60,ICEBERG_2_1,K3,0.4847582892772915,0.4946137771584632,
MSBNK-EAWAG-EC216307__GLACIER__K1,XFONTJUFZVROJR,O=C(CCc1ccccc1)NCC(=O)NCC(=O)NCC(=O)NCC(=O)N1CCCC1C(=O)NCCc1ccccc1,60,GLACIER,K1,0.46534382455538176,0.4464215613158151,
MSBNK-EAWAG-EC216307__GLACIER__K2,XFONTJUFZVROJR,O=C(CCc1ccccc1)NCC(=O)NCC(=O)NCC(=O)NCC(=O)N1CCCC1C(=O)NCCc1ccccc1,60,GLACIER,K2,0.43973438491087585,0.39599025493011863,
MSBNK-EAWAG-EC216307__GLACIER__K3,XFONTJUFZVROJR,O=C(CCc1ccccc1)NCC(=O)NCC(=O)NCC(=O)NCC(=O)N1CCCC1C(=O)NCCc1ccccc1,60,GLACIER,K3,0.4467073133321296,0.41222278123485867,
MSBNK-EAWAG-EC216501__ICEBERG_2_1__K1,CLSDHBVHQKWEJR,O=C(CCc1ccccc1)NCC(=O)NCC(=O)NCC(=O)NCC(=O)N1CCCC1,15,ICEBERG_2_1,K1,0.04213279962159866,0.14087255069064608,
MSBNK-EAWAG-EC216501__ICEBERG_2_1__K2,CLSDHBVHQKWEJR,O=C(CCc1ccccc1)NCC(=O)NCC(=O)NCC(=O)NCC(=O)N1CCCC1,15,ICEBERG_2_1,K2,0.014791627469918859,0.09201298950555137,
MSBNK-EAWAG-EC216501__ICEBERG_2_1__K3,CLSDHBVHQKWEJR,O=C(CCc1ccccc1)NCC(=O)NCC(=O)NCC(=O)NCC(=O)N1CCCC1,15,ICEBERG_2_1,K3,0.021736225859779287,0.09600787262699928,
MSBNK-EAWAG-EC216501__GLACIER__K1,CLSDHBVHQKWEJR,O=C(CCc1ccccc1)NCC(=O)NCC(=O)NCC(=O)NCC(=O)N1CCCC1,15,GLACIER,K1,0.030450855828999576,0.11020457183026944,
MSBNK-EAWAG-EC216501__GLACIER__K2,CLSDHBVHQKWEJR,O=C(CCc1ccccc1)NCC(=O)NCC(=O)NCC(=O)NCC(=O)N1CCCC1,15,GLACIER,K2,0.0005545198026249051,0.009303431320453859,
MSBNK-EAWAG-EC216501__GLACIER__K3,CLSDHBVHQKWEJR,O=C(CCc1ccccc1)NCC(=O)NCC(=O)NCC(=O)NCC(=O)N1CCCC1,15,GLACIER,K3,0.0003918276007077161,0.010651457006603637,
MSBNK-EAWAG-EC216502__ICEBERG_2_1__K1,CLSDHBVHQKWEJR,O=C(CCc1ccccc1)NCC(=O)NCC(=O)NCC(=O)NCC(=O)N1CCCC1,20,ICEBERG_2_1,K1,0.10055022907965687,0.16372473767948548,
MSBNK-EAWAG-EC216502__ICEBERG_2_1__K2,CLSDHBVHQKWEJR,O=C(CCc1ccccc1)NCC(=O)NCC(=O)NCC(=O)NCC(=O)N1CCCC1,20,ICEBERG_2_1,K2,0.09199213764528537,0.1257254212054465,
MSBNK-EAWAG-EC216502__ICEBERG_2_1__K3,CLSDHBVHQKWEJR,O=C(CCc1ccccc1)NCC(=O)NCC(=O)NCC(=O)NCC(=O)N1CCCC1,20,ICEBERG_2_1,K3,0.09188575958981028,0.12335006564154127,
MSBNK-EAWAG-EC216502__GLACIER__K1,CLSDHBVHQKWEJR,O=C(CCc1ccccc1)NCC(=O)NCC(=O)NCC(=O)NCC(=O)N1CCCC1,20,GLACIER,K1,0.09689783258892849,0.1320843497948192,
MSBNK-EAWAG-EC216502__GLACIER__K2,CLSDHBVHQKWEJR,O=C(CCc1ccccc1)NCC(=O)NCC(=O)NCC(=O)NCC(=O)N1CCCC1,20,GLACIER,K2,0.037919638110943496,0.05721127753271682,
MSBNK-EAWAG-EC216502__GLACIER__K3,CLSDHBVHQKWEJR,O=C(CCc1ccccc1)NCC(=O)NCC(=O)NCC(=O)NCC(=O)N1CCCC1,20,GLACIER,K3,0.044011718587951096,0.06143453016644418,
MSBNK-EAWAG-EC216503__ICEBERG_2_1__K1,CLSDHBVHQKWEJR,O=C(CCc1ccccc1)NCC(=O)NCC(=O)NCC(=O)NCC(=O)N1CCCC1,25,ICEBERG_2_1,K1,0.2462856960779591,0.27490063405029974,
MSBNK-EAWAG-EC216503__ICEBERG_2_1__K2,CLSDHBVHQKWEJR,O=C(CCc1ccccc1)NCC(=O)NCC(=O)NCC(=O)NCC(=O)N1CCCC1,25,ICEBERG_2_1,K2,0.13346884374343357,0.21049048465405873,
MSBNK-EAWAG-EC216503__ICEBERG_2_1__K3,CLSDHBVHQKWEJR,O=C(CCc1ccccc1)NCC(=O)NCC(=O)NCC(=O)NCC(=O)N1CCCC1,25,ICEBERG_2_1,K3,0.12769172956473493,0.20879388913279795,
MSBNK-EAWAG-EC216503__GLACIER__K1,CLSDHBVHQKWEJR,O=C(CCc1ccccc1)NCC(=O)NCC(=O)NCC(=O)NCC(=O)N1CCCC1,25,GLACIER,K1,0.043645837316049256,0.1047089644651702,
MSBNK-EAWAG-EC216503__GLACIER__K2,CLSDHBVHQKWEJR,O=C(CCc1ccccc1)NCC(=O)NCC(=O)NCC(=O)NCC(=O)N1CCCC1,25,GLACIER,K2,0.06189167036886648,0.08401405421267916,
MSBNK-EAWAG-EC216503__GLACIER__K3,CLSDHBVHQKWEJR,O=C(CCc1ccccc1)NCC(=O)NCC(=O)NCC(=O)NCC(=O)N1CCCC1,25,GLACIER,K3,0.06159158088470664,0.08456919747520864,
MSBNK-EAWAG-EC216504__ICEBERG_2_1__K1,CLSDHBVHQKWEJR,O=C(CCc1ccccc1)NCC(=O)NCC(=O)NCC(=O)NCC(=O)N1CCCC1,30,ICEBERG_2_1,K1,0.32626183684210824,0.34385022868440174,
MSBNK-EAWAG-EC216504__ICEBERG_2_1__K2,CLSDHBVHQKWEJR,O=C(CCc1ccccc1)NCC(=O)NCC(=O)NCC(=O)NCC(=O)N1CCCC1,30,ICEBERG_2_1,K2,0.1275685840152697,0.21301345992451348,
MSBNK-EAWAG-EC216504__ICEBERG_2_1__K3,CLSDHBVHQKWEJR,O=C(CCc1ccccc1)NCC(=O)NCC(=O)NCC(=O)NCC(=O)N1CCCC1,30,ICEBERG_2_1,K3,0.10467800249871242,0.21247030514031018,
MSBNK-EAWAG-EC216504__GLACIER__K1,CLSDHBVHQKWEJR,O=C(CCc1ccccc1)NCC(=O)NCC(=O)NCC(=O)NCC(=O)N1CCCC1,30,GLACIER,K1,0.21348424632493368,0.21872847071515078,
MSBNK-EAWAG-EC216504__GLACIER__K2,CLSDHBVHQKWEJR,O=C(CCc1ccccc1)NCC(=O)NCC(=O)NCC(=O)NCC(=O)N1CCCC1,30,GLACIER,K2,0.1095517824051911,0.13898203084579208,
MSBNK-EAWAG-EC216504__GLACIER__K3,CLSDHBVHQKWEJR,O=C(CCc1ccccc1)NCC(=O)NCC(=O)NCC(=O)NCC(=O)N1CCCC1,30,GLACIER,K3,0.09473343044289238,0.14473964338442902,
MSBNK-EAWAG-EC216505__ICEBERG_2_1__K1,CLSDHBVHQKWEJR,O=C(CCc1ccccc1)NCC(=O)NCC(=O)NCC(=O)NCC(=O)N1CCCC1,40,ICEBERG_2_1,K1,0.440140752933333,0.4637578655569481,
MSBNK-EAWAG-EC216505__ICEBERG_2_1__K2,CLSDHBVHQKWEJR,O=C(CCc1ccccc1)NCC(=O)NCC(=O)NCC(=O)NCC(=O)N1CCCC1,40,ICEBERG_2_1,K2,0.3170597842506015,0.37004507660627106,
MSBNK-EAWAG-EC216505__ICEBERG_2_1__K3,CLSDHBVHQKWEJR,O=C(CCc1ccccc1)NCC(=O)NCC(=O)NCC(=O)NCC(=O)N1CCCC1,40,ICEBERG_2_1,K3,0.32141558825736843,0.36754952803172514,
MSBNK-EAWAG-EC216505__GLACIER__K1,CLSDHBVHQKWEJR,O=C(CCc1ccccc1)NCC(=O)NCC(=O)NCC(=O)NCC(=O)N1CCCC1,40,GLACIER,K1,0.35994518247366203,0.2883434265666418,
MSBNK-EAWAG-EC216505__GLACIER__K2,CLSDHBVHQKWEJR,O=C(CCc1ccccc1)NCC(=O)NCC(=O)NCC(=O)NCC(=O)N1CCCC1,40,GLACIER,K2,0.33226641819702846,0.290810796553278,
MSBNK-EAWAG-EC216505__GLACIER__K3,CLSDHBVHQKWEJR,O=C(CCc1ccccc1)NCC(=O)NCC(=O)NCC(=O)NCC(=O)N1CCCC1,40,GLACIER,K3,0.3011610507861083,0.28078402720060414,
MSBNK-EAWAG-EC216506__ICEBERG_2_1__K1,CLSDHBVHQKWEJR,O=C(CCc1ccccc1)NCC(=O)NCC(=O)NCC(=O)NCC(=O)N1CCCC1,50,ICEBERG_2_1,K1,0.5704788148013572,0.5350625636256847,
MSBNK-EAWAG-EC216506__ICEBERG_2_1__K2,CLSDHBVHQKWEJR,O=C(CCc1ccccc1)NCC(=O)NCC(=O)NCC(=O)NCC(=O)N1CCCC1,50,ICEBERG_2_1,K2,0.43130462813783726,0.4410996266858046,
MSBNK-EAWAG-EC216506__ICEBERG_2_1__K3,CLSDHBVHQKWEJR,O=C(CCc1ccccc1)NCC(=O)NCC(=O)NCC(=O)NCC(=O)N1CCCC1,50,ICEBERG_2_1,K3,0.4184040094765811,0.43379960585187516,
MSBNK-EAWAG-EC216506__GLACIER__K1,CLSDHBVHQKWEJR,O=C(CCc1ccccc1)NCC(=O)NCC(=O)NCC(=O)NCC(=O)N1CCCC1,50,GLACIER,K1,0.46362983964659,0.232279410487627,
MSBNK-EAWAG-EC216506__GLACIER__K2,CLSDHBVHQKWEJR,O=C(CCc1ccccc1)NCC(=O)NCC(=O)NCC(=O)NCC(=O)N1CCCC1,50,GLACIER,K2,0.5398421458236207,0.38733778123835083,
MSBNK-EAWAG-EC216506__GLACIER__K3,CLSDHBVHQKWEJR,O=C(CCc1ccccc1)NCC(=O)NCC(=O)NCC(=O)NCC(=O)N1CCCC1,50,GLACIER,K3,0.5214418239529287,0.38648748030973357,
MSBNK-EAWAG-EC216507__ICEBERG_2_1__K1,CLSDHBVHQKWEJR,O=C(CCc1ccccc1)NCC(=O)NCC(=O)NCC(=O)NCC(=O)N1CCCC1,60,ICEBERG_2_1,K1,0.5753814475529746,0.5706234482236667,
MSBNK-EAWAG-EC216507__ICEBERG_2_1__K2,CLSDHBVHQKWEJR,O=C(CCc1ccccc1)NCC(=O)NCC(=O)NCC(=O)NCC(=O)N1CCCC1,60,ICEBERG_2_1,K2,0.4689183448757439,0.49985023471522605,
MSBNK-EAWAG-EC216507__ICEBERG_2_1__K3,CLSDHBVHQKWEJR,O=C(CCc1ccccc1)NCC(=O)NCC(=O)NCC(=O)NCC(=O)N1CCCC1,60,ICEBERG_2_1,K3,0.4746834613691765,0.5036538865328455,
MSBNK-EAWAG-EC216507__GLACIER__K1,CLSDHBVHQKWEJR,O=C(CCc1ccccc1)NCC(=O)NCC(=O)NCC(=O)NCC(=O)N1CCCC1,60,GLACIER,K1,0.5615957487666606,0.46330848711493455,
MSBNK-EAWAG-EC216507__GLACIER__K2,CLSDHBVHQKWEJR,O=C(CCc1ccccc1)NCC(=O)NCC(=O)NCC(=O)NCC(=O)N1CCCC1,60,GLACIER,K2,0.44977011526857164,0.4035953238546309,
MSBNK-EAWAG-EC216507__GLACIER__K3,CLSDHBVHQKWEJR,O=C(CCc1ccccc1)NCC(=O)NCC(=O)NCC(=O)NCC(=O)N1CCCC1,60,GLACIER,K3,0.4359042175113553,0.39468132059701555,
MSBNK-EAWAG-EC224201__ICEBERG_2_1__K1,DTXKFCMLEVLURZ,O=C(NCCc1ccccc1)C1CCCN1C(=O)CCc1ccccc1,15,ICEBERG_2_1,K1,0.20156917384423953,0.35321692728606513,
MSBNK-EAWAG-EC224201__ICEBERG_2_1__K2,DTXKFCMLEVLURZ,O=C(NCCc1ccccc1)C1CCCN1C(=O)CCc1ccccc1,15,ICEBERG_2_1,K2,0.09023701912799258,0.19422457179499752,
MSBNK-EAWAG-EC224201__ICEBERG_2_1__K3,DTXKFCMLEVLURZ,O=C(NCCc1ccccc1)C1CCCN1C(=O)CCc1ccccc1,15,ICEBERG_2_1,K3,0.09216608270265318,0.20666415392740556,
MSBNK-EAWAG-EC224201__GLACIER__K1,DTXKFCMLEVLURZ,O=C(NCCc1ccccc1)C1CCCN1C(=O)CCc1ccccc1,15,GLACIER,K1,0.03684486931990572,0.1032567458386161,
MSBNK-EAWAG-EC224201__GLACIER__K2,DTXKFCMLEVLURZ,O=C(NCCc1ccccc1)C1CCCN1C(=O)CCc1ccccc1,15,GLACIER,K2,0.04730315248776456,0.11507756635883237,
MSBNK-EAWAG-EC224201__GLACIER__K3,DTXKFCMLEVLURZ,O=C(NCCc1ccccc1)C1CCCN1C(=O)CCc1ccccc1,15,GLACIER,K3,0.042950022668799805,0.10916233360059291,
MSBNK-EAWAG-EC224202__ICEBERG_2_1__K1,DTXKFCMLEVLURZ,O=C(NCCc1ccccc1)C1CCCN1C(=O)CCc1ccccc1,20,ICEBERG_2_1,K1,0.27949719270126133,0.3745839339620697,
MSBNK-EAWAG-EC224202__ICEBERG_2_1__K2,DTXKFCMLEVLURZ,O=C(NCCc1ccccc1)C1CCCN1C(=O)CCc1ccccc1,20,ICEBERG_2_1,K2,0.06243095583507744,0.16319409675523877,
MSBNK-EAWAG-EC224202__ICEBERG_2_1__K3,DTXKFCMLEVLURZ,O=C(NCCc1ccccc1)C1CCCN1C(=O)CCc1ccccc1,20,ICEBERG_2_1,K3,0.061534970057998115,0.16073969257640408,
MSBNK-EAWAG-EC224202__GLACIER__K1,DTXKFCMLEVLURZ,O=C(NCCc1ccccc1)C1CCCN1C(=O)CCc1ccccc1,20,GLACIER,K1,0.02367375883296326,0.10651469237655531,
MSBNK-EAWAG-EC224202__GLACIER__K2,DTXKFCMLEVLURZ,O=C(NCCc1ccccc1)C1CCCN1C(=O)CCc1ccccc1,20,GLACIER,K2,0.10845019416084672,0.22451179377567243,
MSBNK-EAWAG-EC224202__GLACIER__K3,DTXKFCMLEVLURZ,O=C(NCCc1ccccc1)C1CCCN1C(=O)CCc1ccccc1,20,GLACIER,K3,0.10802874843477607,0.2238992002276825,
MSBNK-EAWAG-EC224203__ICEBERG_2_1__K1,DTXKFCMLEVLURZ,O=C(NCCc1ccccc1)C1CCCN1C(=O)CCc1ccccc1,25,ICEBERG_2_1,K1,0.16200079840040088,0.3177806473469994,
MSBNK-EAWAG-EC224203__ICEBERG_2_1__K2,DTXKFCMLEVLURZ,O=C(NCCc1ccccc1)C1CCCN1C(=O)CCc1ccccc1,25,ICEBERG_2_1,K2,0.2827627328187464,0.33609953688515704,
MSBNK-EAWAG-EC224203__ICEBERG_2_1__K3,DTXKFCMLEVLURZ,O=C(NCCc1ccccc1)C1CCCN1C(=O)CCc1ccccc1,25,ICEBERG_2_1,K3,0.30392928295874294,0.354022552053187,
MSBNK-EAWAG-EC224203__GLACIER__K1,DTXKFCMLEVLURZ,O=C(NCCc1ccccc1)C1CCCN1C(=O)CCc1ccccc1,25,GLACIER,K1,0.24257317761085426,0.27621630641643036,
MSBNK-EAWAG-EC224203__GLACIER__K2,DTXKFCMLEVLURZ,O=C(NCCc1ccccc1)C1CCCN1C(=O)CCc1ccccc1,25,GLACIER,K2,0.23640979608449553,0.2366924331138187,
MSBNK-EAWAG-EC224203__GLACIER__K3,DTXKFCMLEVLURZ,O=C(NCCc1ccccc1)C1CCCN1C(=O)CCc1ccccc1,25,GLACIER,K3,0.2312829627753767,0.23649777930065596,
MSBNK-EAWAG-EC224204__ICEBERG_2_1__K1,DTXKFCMLEVLURZ,O=C(NCCc1ccccc1)C1CCCN1C(=O)CCc1ccccc1,30,ICEBERG_2_1,K1,0.4475660382614256,0.4438952357764204,
MSBNK-EAWAG-EC224204__ICEBERG_2_1__K2,DTXKFCMLEVLURZ,O=C(NCCc1ccccc1)C1CCCN1C(=O)CCc1ccccc1,30,ICEBERG_2_1,K2,0.5911733448859106,0.4897695200363056,
MSBNK-EAWAG-EC224204__ICEBERG_2_1__K3,DTXKFCMLEVLURZ,O=C(NCCc1ccccc1)C1CCCN1C(=O)CCc1ccccc1,30,ICEBERG_2_1,K3,0.5874126929143444,0.4895919789651253,
MSBNK-EAWAG-EC224204__GLACIER__K1,DTXKFCMLEVLURZ,O=C(NCCc1ccccc1)C1CCCN1C(=O)CCc1ccccc1,30,GLACIER,K1,0.7278503454551434,0.5058670449414424,
MSBNK-EAWAG-EC224204__GLACIER__K2,DTXKFCMLEVLURZ,O=C(NCCc1ccccc1)C1CCCN1C(=O)CCc1ccccc1,30,GLACIER,K2,0.5479560997830643,0.33935074420759537,
MSBNK-EAWAG-EC224204__GLACIER__K3,DTXKFCMLEVLURZ,O=C(NCCc1ccccc1)C1CCCN1C(=O)CCc1ccccc1,30,GLACIER,K3,0.5525547910275002,0.3408877731369132,
MSBNK-EAWAG-EC224205__ICEBERG_2_1__K1,DTXKFCMLEVLURZ,O=C(NCCc1ccccc1)C1CCCN1C(=O)CCc1ccccc1,40,ICEBERG_2_1,K1,0.6262120710175079,0.5845548648690123,
MSBNK-EAWAG-EC224205__ICEBERG_2_1__K2,DTXKFCMLEVLURZ,O=C(NCCc1ccccc1)C1CCCN1C(=O)CCc1ccccc1,40,ICEBERG_2_1,K2,0.6419145449745981,0.5822310173062226,
MSBNK-EAWAG-EC224205__ICEBERG_2_1__K3,DTXKFCMLEVLURZ,O=C(NCCc1ccccc1)C1CCCN1C(=O)CCc1ccccc1,40,ICEBERG_2_1,K3,0.6525048276612114,0.5895928842186797,
MSBNK-EAWAG-EC224205__GLACIER__K1,DTXKFCMLEVLURZ,O=C(NCCc1ccccc1)C1CCCN1C(=O)CCc1ccccc1,40,GLACIER,K1,0.58600909634404,0.3991581371704416,
MSBNK-EAWAG-EC224205__GLACIER__K2,DTXKFCMLEVLURZ,O=C(NCCc1ccccc1)C1CCCN1C(=O)CCc1ccccc1,40,GLACIER,K2,0.7351722651477828,0.4680137020669387,
MSBNK-EAWAG-EC224205__GLACIER__K3,DTXKFCMLEVLURZ,O=C(NCCc1ccccc1)C1CCCN1C(=O)CCc1ccccc1,40,GLACIER,K3,0.7456586561252467,0.4894040243843263,
MSBNK-EAWAG-EC224206__ICEBERG_2_1__K1,DTXKFCMLEVLURZ,O=C(NCCc1ccccc1)C1CCCN1C(=O)CCc1ccccc1,50,ICEBERG_2_1,K1,0.6422393368677748,0.636321749198519,
MSBNK-EAWAG-EC224206__ICEBERG_2_1__K2,DTXKFCMLEVLURZ,O=C(NCCc1ccccc1)C1CCCN1C(=O)CCc1ccccc1,50,ICEBERG_2_1,K2,0.47708380991601707,0.5531105437464359,
MSBNK-EAWAG-EC224206__ICEBERG_2_1__K3,DTXKFCMLEVLURZ,O=C(NCCc1ccccc1)C1CCCN1C(=O)CCc1ccccc1,50,ICEBERG_2_1,K3,0.47902488352457157,0.5520344223340581,
MSBNK-EAWAG-EC224206__GLACIER__K1,DTXKFCMLEVLURZ,O=C(NCCc1ccccc1)C1CCCN1C(=O)CCc1ccccc1,50,GLACIER,K1,0.622875001871736,0.42423520048915997,
MSBNK-EAWAG-EC224206__GLACIER__K2,DTXKFCMLEVLURZ,O=C(NCCc1ccccc1)C1CCCN1C(=O)CCc1ccccc1,50,GLACIER,K2,0.5725778212218474,0.5909321887687679,
MSBNK-EAWAG-EC224206__GLACIER__K3,DTXKFCMLEVLURZ,O=C(NCCc1ccccc1)C1CCCN1C(=O)CCc1ccccc1,50,GLACIER,K3,0.5766909873538368,0.5946666594739337,
MSBNK-EAWAG-EC224207__ICEBERG_2_1__K1,DTXKFCMLEVLURZ,O=C(NCCc1ccccc1)C1CCCN1C(=O)CCc1ccccc1,60,ICEBERG_2_1,K1,0.575644977951047,0.6764122574721863,
MSBNK-EAWAG-EC224207__ICEBERG_2_1__K2,DTXKFCMLEVLURZ,O=C(NCCc1ccccc1)C1CCCN1C(=O)CCc1ccccc1,60,ICEBERG_2_1,K2,0.6088122655365118,0.6147178530762103,
MSBNK-EAWAG-EC224207__ICEBERG_2_1__K3,DTXKFCMLEVLURZ,O=C(NCCc1ccccc1)C1CCCN1C(=O)CCc1ccccc1,60,ICEBERG_2_1,K3,0.592656450803222,0.6265972059605254,
MSBNK-EAWAG-EC224207__GLACIER__K1,DTXKFCMLEVLURZ,O=C(NCCc1ccccc1)C1CCCN1C(=O)CCc1ccccc1,60,GLACIER,K1,0.5583696363187619,0.5071504831914344,
MSBNK-EAWAG-EC224207__GLACIER__K2,DTXKFCMLEVLURZ,O=C(NCCc1ccccc1)C1CCCN1C(=O)CCc1ccccc1,60,GLACIER,K2,0.8109300060829431,0.6971245932396044,
MSBNK-EAWAG-EC224207__GLACIER__K3,DTXKFCMLEVLURZ,O=C(NCCc1ccccc1)C1CCCN1C(=O)CCc1ccccc1,60,GLACIER,K3,0.8167689703668026,0.6960787207001258,
MSBNK-EAWAG-ED001501__ICEBERG_2_1__K1,MPGIDXBHXRMMSY,C1=NNOCC1,15,ICEBERG_2_1,K1,0.9165314671218059,0.6137101771875788,
MSBNK-EAWAG-ED001501__ICEBERG_2_1__K2,MPGIDXBHXRMMSY,C1=NNOCC1,15,ICEBERG_2_1,K2,0.934028355266346,0.6670524571371381,
MSBNK-EAWAG-ED001501__ICEBERG_2_1__K3,MPGIDXBHXRMMSY,C1=NNOCC1,15,ICEBERG_2_1,K3,0.9295452499978575,0.6550085665034079,
MSBNK-EAWAG-ED001501__GLACIER__K1,MPGIDXBHXRMMSY,C1=NNOCC1,15,GLACIER,K1,0.712387371060884,0.45147774306913113,
MSBNK-EAWAG-ED001501__GLACIER__K2,MPGIDXBHXRMMSY,C1=NNOCC1,15,GLACIER,K2,0.9262422057310808,0.6194043552089115,
MSBNK-EAWAG-ED001501__GLACIER__K3,MPGIDXBHXRMMSY,C1=NNOCC1,15,GLACIER,K3,0.9266917038086728,0.6264991661629988,
MSBNK-EAWAG-ED001502__ICEBERG_2_1__K1,MPGIDXBHXRMMSY,C1=NNOCC1,20,ICEBERG_2_1,K1,0.697821739492327,0.4664717404231675,
MSBNK-EAWAG-ED001502__ICEBERG_2_1__K2,MPGIDXBHXRMMSY,C1=NNOCC1,20,ICEBERG_2_1,K2,0.6060415427660479,0.3909776203749926,
MSBNK-EAWAG-ED001502__ICEBERG_2_1__K3,MPGIDXBHXRMMSY,C1=NNOCC1,20,ICEBERG_2_1,K3,0.6964891457025923,0.4600347459822576,
MSBNK-EAWAG-ED001502__GLACIER__K1,MPGIDXBHXRMMSY,C1=NNOCC1,20,GLACIER,K1,0.3772591041531697,0.35127402437182653,
MSBNK-EAWAG-ED001502__GLACIER__K2,MPGIDXBHXRMMSY,C1=NNOCC1,20,GLACIER,K2,0.6962575265627515,0.44092027587221116,
MSBNK-EAWAG-ED001502__GLACIER__K3,MPGIDXBHXRMMSY,C1=NNOCC1,20,GLACIER,K3,0.6956709519394482,0.4373262043970625,
MSBNK-EAWAG-ED001503__ICEBERG_2_1__K1,MPGIDXBHXRMMSY,C1=NNOCC1,25,ICEBERG_2_1,K1,0.20088665034791472,0.2488087914057825,
MSBNK-EAWAG-ED001503__ICEBERG_2_1__K2,MPGIDXBHXRMMSY,C1=NNOCC1,25,ICEBERG_2_1,K2,0.27271572971526853,0.22703511734864879,
MSBNK-EAWAG-ED001503__ICEBERG_2_1__K3,MPGIDXBHXRMMSY,C1=NNOCC1,25,ICEBERG_2_1,K3,0.2764186978432009,0.22678179395305265,
MSBNK-EAWAG-ED001503__GLACIER__K1,MPGIDXBHXRMMSY,C1=NNOCC1,25,GLACIER,K1,0.05016939498507873,0.18980411560671817,
MSBNK-EAWAG-ED001503__GLACIER__K2,MPGIDXBHXRMMSY,C1=NNOCC1,25,GLACIER,K2,0.2165136344392487,0.19513824984235073,
MSBNK-EAWAG-ED001503__GLACIER__K3,MPGIDXBHXRMMSY,C1=NNOCC1,25,GLACIER,K3,0.20491489745931887,0.17999420568679447,
MSBNK-EAWAG-ED001504__ICEBERG_2_1__K1,MPGIDXBHXRMMSY,C1=NNOCC1,30,ICEBERG_2_1,K1,0.11868714359369267,0.21343525749989056,
MSBNK-EAWAG-ED001504__ICEBERG_2_1__K2,MPGIDXBHXRMMSY,C1=NNOCC1,30,ICEBERG_2_1,K2,0.04775514297222346,0.12278668623277,
MSBNK-EAWAG-ED001504__ICEBERG_2_1__K3,MPGIDXBHXRMMSY,C1=NNOCC1,30,ICEBERG_2_1,K3,0.04174820583376026,0.10912170676307631,
MSBNK-EAWAG-ED001504__GLACIER__K1,MPGIDXBHXRMMSY,C1=NNOCC1,30,GLACIER,K1,0.2936305272826841,0.3976561605890846,
MSBNK-EAWAG-ED001504__GLACIER__K2,MPGIDXBHXRMMSY,C1=NNOCC1,30,GLACIER,K2,0.04340622813984018,0.1567857226272935,
MSBNK-EAWAG-ED001504__GLACIER__K3,MPGIDXBHXRMMSY,C1=NNOCC1,30,GLACIER,K3,0.048919072580870714,0.12622437628805439,
MSBNK-EAWAG-ED001505__ICEBERG_2_1__K1,MPGIDXBHXRMMSY,C1=NNOCC1,40,ICEBERG_2_1,K1,0.09450817632611866,0.225582973629602,
MSBNK-EAWAG-ED001505__ICEBERG_2_1__K2,MPGIDXBHXRMMSY,C1=NNOCC1,40,ICEBERG_2_1,K2,0.029062395795750366,0.11029230913112709,
MSBNK-EAWAG-ED001505__ICEBERG_2_1__K3,MPGIDXBHXRMMSY,C1=NNOCC1,40,ICEBERG_2_1,K3,0.016499206477102683,0.08271940650672582,
MSBNK-EAWAG-ED001505__GLACIER__K1,MPGIDXBHXRMMSY,C1=NNOCC1,40,GLACIER,K1,0.6538227867717341,0.5599782876401748,
MSBNK-EAWAG-ED001505__GLACIER__K2,MPGIDXBHXRMMSY,C1=NNOCC1,40,GLACIER,K2,0.07154078659396848,0.21368944851257987,
MSBNK-EAWAG-ED001505__GLACIER__K3,MPGIDXBHXRMMSY,C1=NNOCC1,40,GLACIER,K3,0.037037758205959566,0.15267093399441212,
MSBNK-EAWAG-ED001506__ICEBERG_2_1__K1,MPGIDXBHXRMMSY,C1=NNOCC1,50,ICEBERG_2_1,K1,0.09717784765646155,0.24883463087279523,
MSBNK-EAWAG-ED001506__ICEBERG_2_1__K2,MPGIDXBHXRMMSY,C1=NNOCC1,50,ICEBERG_2_1,K2,0.028893867752558325,0.10302184150844318,
MSBNK-EAWAG-ED001506__ICEBERG_2_1__K3,MPGIDXBHXRMMSY,C1=NNOCC1,50,ICEBERG_2_1,K3,0.03932208680566368,0.10944207110508442,
MSBNK-EAWAG-ED001506__GLACIER__K1,MPGIDXBHXRMMSY,C1=NNOCC1,50,GLACIER,K1,0.7332048515340314,0.6293817531141033,
MSBNK-EAWAG-ED001506__GLACIER__K2,MPGIDXBHXRMMSY,C1=NNOCC1,50,GLACIER,K2,0.31723525546054876,0.4006606947879774,
MSBNK-EAWAG-ED001506__GLACIER__K3,MPGIDXBHXRMMSY,C1=NNOCC1,50,GLACIER,K3,0.16307515416838478,0.336228950806013,
MSBNK-EAWAG-ED001507__ICEBERG_2_1__K1,MPGIDXBHXRMMSY,C1=NNOCC1,60,ICEBERG_2_1,K1,0.07642214323967332,0.2804015854296176,
MSBNK-EAWAG-ED001507__ICEBERG_2_1__K2,MPGIDXBHXRMMSY,C1=NNOCC1,60,ICEBERG_2_1,K2,0.05113468244203046,0.18439235419638966,
MSBNK-EAWAG-ED001507__ICEBERG_2_1__K3,MPGIDXBHXRMMSY,C1=NNOCC1,60,ICEBERG_2_1,K3,0.03296233044754574,0.10509139608700824,
MSBNK-EAWAG-ED001507__GLACIER__K1,MPGIDXBHXRMMSY,C1=NNOCC1,60,GLACIER,K1,0.8026018898369678,0.6420522794307546,
MSBNK-EAWAG-ED001507__GLACIER__K2,MPGIDXBHXRMMSY,C1=NNOCC1,60,GLACIER,K2,0.3244311133990075,0.46832255246404164,
MSBNK-EAWAG-ED001507__GLACIER__K3,MPGIDXBHXRMMSY,C1=NNOCC1,60,GLACIER,K3,0.5342252351413437,0.5544673598088568,
MSBNK-EAWAG-ED013701__ICEBERG_2_1__K1,YLSOIPHOXMRWGW,O=C1CCCCCNC(=O)C(CCc2ccccc2)NC(=O)CN1,15,ICEBERG_2_1,K1,0.3564767207466425,0.48821725863502885,
MSBNK-EAWAG-ED013701__ICEBERG_2_1__K2,YLSOIPHOXMRWGW,O=C1CCCCCNC(=O)C(CCc2ccccc2)NC(=O)CN1,15,ICEBERG_2_1,K2,0.39648583747120814,0.5247365534385595,
MSBNK-EAWAG-ED013701__ICEBERG_2_1__K3,YLSOIPHOXMRWGW,O=C1CCCCCNC(=O)C(CCc2ccccc2)NC(=O)CN1,15,ICEBERG_2_1,K3,0.40547161915752944,0.5326294540362222,
MSBNK-EAWAG-ED013701__GLACIER__K1,YLSOIPHOXMRWGW,O=C1CCCCCNC(=O)C(CCc2ccccc2)NC(=O)CN1,15,GLACIER,K1,0.09812186486194818,0.24304866822287918,
MSBNK-EAWAG-ED013701__GLACIER__K2,YLSOIPHOXMRWGW,O=C1CCCCCNC(=O)C(CCc2ccccc2)NC(=O)CN1,15,GLACIER,K2,0.10302493692166785,0.23617700029201094,
MSBNK-EAWAG-ED013701__GLACIER__K3,YLSOIPHOXMRWGW,O=C1CCCCCNC(=O)C(CCc2ccccc2)NC(=O)CN1,15,GLACIER,K3,0.09599704467791996,0.2388666984059703,
MSBNK-EAWAG-ED013702__ICEBERG_2_1__K1,YLSOIPHOXMRWGW,O=C1CCCCCNC(=O)C(CCc2ccccc2)NC(=O)CN1,20,ICEBERG_2_1,K1,0.29373943652787476,0.35194861797193666,
MSBNK-EAWAG-ED013702__ICEBERG_2_1__K2,YLSOIPHOXMRWGW,O=C1CCCCCNC(=O)C(CCc2ccccc2)NC(=O)CN1,20,ICEBERG_2_1,K2,0.4907084337820082,0.4466935620628908,
MSBNK-EAWAG-ED013702__ICEBERG_2_1__K3,YLSOIPHOXMRWGW,O=C1CCCCCNC(=O)C(CCc2ccccc2)NC(=O)CN1,20,ICEBERG_2_1,K3,0.5139736390938013,0.43616489454692453,
MSBNK-EAWAG-ED013702__GLACIER__K1,YLSOIPHOXMRWGW,O=C1CCCCCNC(=O)C(CCc2ccccc2)NC(=O)CN1,20,GLACIER,K1,0.19598415630394295,0.24980556592085823,
MSBNK-EAWAG-ED013702__GLACIER__K2,YLSOIPHOXMRWGW,O=C1CCCCCNC(=O)C(CCc2ccccc2)NC(=O)CN1,20,GLACIER,K2,0.18172961056206613,0.2356699752899204,
MSBNK-EAWAG-ED013702__GLACIER__K3,YLSOIPHOXMRWGW,O=C1CCCCCNC(=O)C(CCc2ccccc2)NC(=O)CN1,20,GLACIER,K3,0.18079625995308102,0.2333058029309234,
MSBNK-EAWAG-ED013703__ICEBERG_2_1__K1,YLSOIPHOXMRWGW,O=C1CCCCCNC(=O)C(CCc2ccccc2)NC(=O)CN1,25,ICEBERG_2_1,K1,0.1206188556236191,0.21269262408412215,
MSBNK-EAWAG-ED013703__ICEBERG_2_1__K2,YLSOIPHOXMRWGW,O=C1CCCCCNC(=O)C(CCc2ccccc2)NC(=O)CN1,25,ICEBERG_2_1,K2,0.07932363911822955,0.2152496818385211,
MSBNK-EAWAG-ED013703__ICEBERG_2_1__K3,YLSOIPHOXMRWGW,O=C1CCCCCNC(=O)C(CCc2ccccc2)NC(=O)CN1,25,ICEBERG_2_1,K3,0.07910984392016236,0.21489379565090772,
MSBNK-EAWAG-ED013703__GLACIER__K1,YLSOIPHOXMRWGW,O=C1CCCCCNC(=O)C(CCc2ccccc2)NC(=O)CN1,25,GLACIER,K1,0.11763077355556853,0.1902542522800399,
MSBNK-EAWAG-ED013703__GLACIER__K2,YLSOIPHOXMRWGW,O=C1CCCCCNC(=O)C(CCc2ccccc2)NC(=O)CN1,25,GLACIER,K2,0.10177015922361583,0.18673663541768193,
MSBNK-EAWAG-ED013703__GLACIER__K3,YLSOIPHOXMRWGW,O=C1CCCCCNC(=O)C(CCc2ccccc2)NC(=O)CN1,25,GLACIER,K3,0.10040586831889661,0.18609217116303844,
MSBNK-EAWAG-ED013704__ICEBERG_2_1__K1,YLSOIPHOXMRWGW,O=C1CCCCCNC(=O)C(CCc2ccccc2)NC(=O)CN1,30,ICEBERG_2_1,K1,0.07665524424609434,0.14352720369906657,
MSBNK-EAWAG-ED013704__ICEBERG_2_1__K2,YLSOIPHOXMRWGW,O=C1CCCCCNC(=O)C(CCc2ccccc2)NC(=O)CN1,30,ICEBERG_2_1,K2,0.1005180228824191,0.15127290402670002,
MSBNK-EAWAG-ED013704__ICEBERG_2_1__K3,YLSOIPHOXMRWGW,O=C1CCCCCNC(=O)C(CCc2ccccc2)NC(=O)CN1,30,ICEBERG_2_1,K3,0.09308111822575223,0.14932941589689785,
MSBNK-EAWAG-ED013704__GLACIER__K1,YLSOIPHOXMRWGW,O=C1CCCCCNC(=O)C(CCc2ccccc2)NC(=O)CN1,30,GLACIER,K1,0.07452852100026945,0.14045705989498636,
MSBNK-EAWAG-ED013704__GLACIER__K2,YLSOIPHOXMRWGW,O=C1CCCCCNC(=O)C(CCc2ccccc2)NC(=O)CN1,30,GLACIER,K2,0.09055242326695177,0.14616760760751057,
MSBNK-EAWAG-ED013704__GLACIER__K3,YLSOIPHOXMRWGW,O=C1CCCCCNC(=O)C(CCc2ccccc2)NC(=O)CN1,30,GLACIER,K3,0.09027125415430565,0.1671577411415286,
MSBNK-EAWAG-ED013705__ICEBERG_2_1__K1,YLSOIPHOXMRWGW,O=C1CCCCCNC(=O)C(CCc2ccccc2)NC(=O)CN1,40,ICEBERG_2_1,K1,0.3712692760373203,0.3886180514107719,
MSBNK-EAWAG-ED013705__ICEBERG_2_1__K2,YLSOIPHOXMRWGW,O=C1CCCCCNC(=O)C(CCc2ccccc2)NC(=O)CN1,40,ICEBERG_2_1,K2,0.34306931538444674,0.3948306780927471,
MSBNK-EAWAG-ED013705__ICEBERG_2_1__K3,YLSOIPHOXMRWGW,O=C1CCCCCNC(=O)C(CCc2ccccc2)NC(=O)CN1,40,ICEBERG_2_1,K3,0.38331714303643727,0.41926110987117327,
MSBNK-EAWAG-ED013705__GLACIER__K1,YLSOIPHOXMRWGW,O=C1CCCCCNC(=O)C(CCc2ccccc2)NC(=O)CN1,40,GLACIER,K1,0.3197302179118456,0.3713510787817921,
MSBNK-EAWAG-ED013705__GLACIER__K2,YLSOIPHOXMRWGW,O=C1CCCCCNC(=O)C(CCc2ccccc2)NC(=O)CN1,40,GLACIER,K2,0.3416456323647372,0.3748331548476245,
MSBNK-EAWAG-ED013705__GLACIER__K3,YLSOIPHOXMRWGW,O=C1CCCCCNC(=O)C(CCc2ccccc2)NC(=O)CN1,40,GLACIER,K3,0.33507327990819624,0.39138862376909445,
MSBNK-EAWAG-ED013706__ICEBERG_2_1__K1,YLSOIPHOXMRWGW,O=C1CCCCCNC(=O)C(CCc2ccccc2)NC(=O)CN1,50,ICEBERG_2_1,K1,0.4877492445930353,0.5703977752887441,
MSBNK-EAWAG-ED013706__ICEBERG_2_1__K2,YLSOIPHOXMRWGW,O=C1CCCCCNC(=O)C(CCc2ccccc2)NC(=O)CN1,50,ICEBERG_2_1,K2,0.5920353853971386,0.5984627747186373,
MSBNK-EAWAG-ED013706__ICEBERG_2_1__K3,YLSOIPHOXMRWGW,O=C1CCCCCNC(=O)C(CCc2ccccc2)NC(=O)CN1,50,ICEBERG_2_1,K3,0.5921184726017572,0.5984179696608036,
MSBNK-EAWAG-ED013706__GLACIER__K1,YLSOIPHOXMRWGW,O=C1CCCCCNC(=O)C(CCc2ccccc2)NC(=O)CN1,50,GLACIER,K1,0.4755251506250788,0.5130781393630981,
MSBNK-EAWAG-ED013706__GLACIER__K2,YLSOIPHOXMRWGW,O=C1CCCCCNC(=O)C(CCc2ccccc2)NC(=O)CN1,50,GLACIER,K2,0.4072176391085458,0.5131834371016424,
MSBNK-EAWAG-ED013706__GLACIER__K3,YLSOIPHOXMRWGW,O=C1CCCCCNC(=O)C(CCc2ccccc2)NC(=O)CN1,50,GLACIER,K3,0.4043404353469201,0.5113961158662709,
MSBNK-EAWAG-ED013707__ICEBERG_2_1__K1,YLSOIPHOXMRWGW,O=C1CCCCCNC(=O)C(CCc2ccccc2)NC(=O)CN1,60,ICEBERG_2_1,K1,0.42277223252493495,0.5952465770862483,
MSBNK-EAWAG-ED013707__ICEBERG_2_1__K2,YLSOIPHOXMRWGW,O=C1CCCCCNC(=O)C(CCc2ccccc2)NC(=O)CN1,60,ICEBERG_2_1,K2,0.48487756891186456,0.613686813040426,
MSBNK-EAWAG-ED013707__ICEBERG_2_1__K3,YLSOIPHOXMRWGW,O=C1CCCCCNC(=O)C(CCc2ccccc2)NC(=O)CN1,60,ICEBERG_2_1,K3,0.38450969476609714,0.505199912738499,
MSBNK-EAWAG-ED013707__GLACIER__K1,YLSOIPHOXMRWGW,O=C1CCCCCNC(=O)C(CCc2ccccc2)NC(=O)CN1,60,GLACIER,K1,0.40625672204936775,0.5648096638670858,
MSBNK-EAWAG-ED013707__GLACIER__K2,YLSOIPHOXMRWGW,O=C1CCCCCNC(=O)C(CCc2ccccc2)NC(=O)CN1,60,GLACIER,K2,0.3698186952078737,0.5543195559434487,
MSBNK-EAWAG-ED013707__GLACIER__K3,YLSOIPHOXMRWGW,O=C1CCCCCNC(=O)C(CCc2ccccc2)NC(=O)CN1,60,GLACIER,K3,0.3798403160948957,0.5637709313416971,
MSBNK-EAWAG-ED014001__ICEBERG_2_1__K1,QACTZPSCGSGUNG,O=C(CCc1ccccc1)NCCCc1ccccc1,15,ICEBERG_2_1,K1,0.8387972141419789,0.6280421622609635,
MSBNK-EAWAG-ED014001__ICEBERG_2_1__K2,QACTZPSCGSGUNG,O=C(CCc1ccccc1)NCCCc1ccccc1,15,ICEBERG_2_1,K2,0.8603748592224053,0.6554916285494276,
MSBNK-EAWAG-ED014001__ICEBERG_2_1__K3,QACTZPSCGSGUNG,O=C(CCc1ccccc1)NCCCc1ccccc1,15,ICEBERG_2_1,K3,0.8616474451668713,0.6607722879922745,
MSBNK-EAWAG-ED014001__GLACIER__K1,QACTZPSCGSGUNG,O=C(CCc1ccccc1)NCCCc1ccccc1,15,GLACIER,K1,0.8533788957915903,0.6828461826450889,
MSBNK-EAWAG-ED014001__GLACIER__K2,QACTZPSCGSGUNG,O=C(CCc1ccccc1)NCCCc1ccccc1,15,GLACIER,K2,0.11776082358516628,0.21087762615872396,
MSBNK-EAWAG-ED014001__GLACIER__K3,QACTZPSCGSGUNG,O=C(CCc1ccccc1)NCCCc1ccccc1,15,GLACIER,K3,0.11302887916083826,0.2100857758137803,
MSBNK-EAWAG-ED014002__ICEBERG_2_1__K1,QACTZPSCGSGUNG,O=C(CCc1ccccc1)NCCCc1ccccc1,20,ICEBERG_2_1,K1,0.594991380927945,0.47668926273233225,
MSBNK-EAWAG-ED014002__ICEBERG_2_1__K2,QACTZPSCGSGUNG,O=C(CCc1ccccc1)NCCCc1ccccc1,20,ICEBERG_2_1,K2,0.6300453829444044,0.4593157025314102,
MSBNK-EAWAG-ED014002__ICEBERG_2_1__K3,QACTZPSCGSGUNG,O=C(CCc1ccccc1)NCCCc1ccccc1,20,ICEBERG_2_1,K3,0.611087739344778,0.42256396629643767,
MSBNK-EAWAG-ED014002__GLACIER__K1,QACTZPSCGSGUNG,O=C(CCc1ccccc1)NCCCc1ccccc1,20,GLACIER,K1,0.18122770380482817,0.28248967716627493,
MSBNK-EAWAG-ED014002__GLACIER__K2,QACTZPSCGSGUNG,O=C(CCc1ccccc1)NCCCc1ccccc1,20,GLACIER,K2,0.004560534511299982,0.020975186002422097,
MSBNK-EAWAG-ED014002__GLACIER__K3,QACTZPSCGSGUNG,O=C(CCc1ccccc1)NCCCc1ccccc1,20,GLACIER,K3,0.010334136282405376,0.03434297478796233,
MSBNK-EAWAG-ED014003__ICEBERG_2_1__K1,QACTZPSCGSGUNG,O=C(CCc1ccccc1)NCCCc1ccccc1,25,ICEBERG_2_1,K1,0.5208264057461589,0.4573340742842129,
MSBNK-EAWAG-ED014003__ICEBERG_2_1__K2,QACTZPSCGSGUNG,O=C(CCc1ccccc1)NCCCc1ccccc1,25,ICEBERG_2_1,K2,0.2599970585229664,0.26785376126041305,
MSBNK-EAWAG-ED014003__ICEBERG_2_1__K3,QACTZPSCGSGUNG,O=C(CCc1ccccc1)NCCCc1ccccc1,25,ICEBERG_2_1,K3,0.10013678153004109,0.17180608797510954,
MSBNK-EAWAG-ED014003__GLACIER__K1,QACTZPSCGSGUNG,O=C(CCc1ccccc1)NCCCc1ccccc1,25,GLACIER,K1,0.011818062680427854,0.06628883977167199,
MSBNK-EAWAG-ED014003__GLACIER__K2,QACTZPSCGSGUNG,O=C(CCc1ccccc1)NCCCc1ccccc1,25,GLACIER,K2,0.020492136819072002,0.05210640089184326,
MSBNK-EAWAG-ED014003__GLACIER__K3,QACTZPSCGSGUNG,O=C(CCc1ccccc1)NCCCc1ccccc1,25,GLACIER,K3,0.015863313964012193,0.05247516471705971,
MSBNK-EAWAG-ED014004__ICEBERG_2_1__K1,QACTZPSCGSGUNG,O=C(CCc1ccccc1)NCCCc1ccccc1,30,ICEBERG_2_1,K1,0.16339339355938562,0.269104346635624,
MSBNK-EAWAG-ED014004__ICEBERG_2_1__K2,QACTZPSCGSGUNG,O=C(CCc1ccccc1)NCCCc1ccccc1,30,ICEBERG_2_1,K2,0.10307630772746422,0.21124522634716003,
MSBNK-EAWAG-ED014004__ICEBERG_2_1__K3,QACTZPSCGSGUNG,O=C(CCc1ccccc1)NCCCc1ccccc1,30,ICEBERG_2_1,K3,0.10913917558622781,0.22595039996217747,
MSBNK-EAWAG-ED014004__GLACIER__K1,QACTZPSCGSGUNG,O=C(CCc1ccccc1)NCCCc1ccccc1,30,GLACIER,K1,0.09977660081984703,0.16533793524815543,
MSBNK-EAWAG-ED014004__GLACIER__K2,QACTZPSCGSGUNG,O=C(CCc1ccccc1)NCCCc1ccccc1,30,GLACIER,K2,0.09576978180425144,0.15667777684384288,
MSBNK-EAWAG-ED014004__GLACIER__K3,QACTZPSCGSGUNG,O=C(CCc1ccccc1)NCCCc1ccccc1,30,GLACIER,K3,0.100495067947822,0.15984640779912396,
MSBNK-EAWAG-ED014005__ICEBERG_2_1__K1,QACTZPSCGSGUNG,O=C(CCc1ccccc1)NCCCc1ccccc1,40,ICEBERG_2_1,K1,0.5339562465891231,0.46522809764636186,
MSBNK-EAWAG-ED014005__ICEBERG_2_1__K2,QACTZPSCGSGUNG,O=C(CCc1ccccc1)NCCCc1ccccc1,40,ICEBERG_2_1,K2,0.4453025499543494,0.393117159337088,
MSBNK-EAWAG-ED014005__ICEBERG_2_1__K3,QACTZPSCGSGUNG,O=C(CCc1ccccc1)NCCCc1ccccc1,40,ICEBERG_2_1,K3,0.435077800255141,0.38916090195618036,
MSBNK-EAWAG-ED014005__GLACIER__K1,QACTZPSCGSGUNG,O=C(CCc1ccccc1)NCCCc1ccccc1,40,GLACIER,K1,0.42489621377762005,0.2988021724954415,
MSBNK-EAWAG-ED014005__GLACIER__K2,QACTZPSCGSGUNG,O=C(CCc1ccccc1)NCCCc1ccccc1,40,GLACIER,K2,0.49662769111764077,0.33598319528154863,
MSBNK-EAWAG-ED014005__GLACIER__K3,QACTZPSCGSGUNG,O=C(CCc1ccccc1)NCCCc1ccccc1,40,GLACIER,K3,0.4906784039729156,0.33428737674468123,
MSBNK-EAWAG-ED014006__ICEBERG_2_1__K1,QACTZPSCGSGUNG,O=C(CCc1ccccc1)NCCCc1ccccc1,50,ICEBERG_2_1,K1,0.624482232138694,0.5365554412716277,
MSBNK-EAWAG-ED014006__ICEBERG_2_1__K2,QACTZPSCGSGUNG,O=C(CCc1ccccc1)NCCCc1ccccc1,50,ICEBERG_2_1,K2,0.7436770192280905,0.5606515791067921,
MSBNK-EAWAG-ED014006__ICEBERG_2_1__K3,QACTZPSCGSGUNG,O=C(CCc1ccccc1)NCCCc1ccccc1,50,ICEBERG_2_1,K3,0.7419152766728454,0.5593193000802241,
MSBNK-EAWAG-ED014006__GLACIER__K1,QACTZPSCGSGUNG,O=C(CCc1ccccc1)NCCCc1ccccc1,50,GLACIER,K1,0.613667704186467,0.43045619957563575,
MSBNK-EAWAG-ED014006__GLACIER__K2,QACTZPSCGSGUNG,O=C(CCc1ccccc1)NCCCc1ccccc1,50,GLACIER,K2,0.6868026823859635,0.5556014364833038,
MSBNK-EAWAG-ED014006__GLACIER__K3,QACTZPSCGSGUNG,O=C(CCc1ccccc1)NCCCc1ccccc1,50,GLACIER,K3,0.6383772059606924,0.5517492290570898,
MSBNK-EAWAG-ED014007__ICEBERG_2_1__K1,QACTZPSCGSGUNG,O=C(CCc1ccccc1)NCCCc1ccccc1,60,ICEBERG_2_1,K1,0.663158779049071,0.5448016194785842,
MSBNK-EAWAG-ED014007__ICEBERG_2_1__K2,QACTZPSCGSGUNG,O=C(CCc1ccccc1)NCCCc1ccccc1,60,ICEBERG_2_1,K2,0.756895717489513,0.5636911657829182,
MSBNK-EAWAG-ED014007__ICEBERG_2_1__K3,QACTZPSCGSGUNG,O=C(CCc1ccccc1)NCCCc1ccccc1,60,ICEBERG_2_1,K3,0.8046455609820421,0.615613993292924,
MSBNK-EAWAG-ED014007__GLACIER__K1,QACTZPSCGSGUNG,O=C(CCc1ccccc1)NCCCc1ccccc1,60,GLACIER,K1,0.5906186488229901,0.5104175932119878,
MSBNK-EAWAG-ED014007__GLACIER__K2,QACTZPSCGSGUNG,O=C(CCc1ccccc1)NCCCc1ccccc1,60,GLACIER,K2,0.6369854227947394,0.5046469113033771,
MSBNK-EAWAG-ED014007__GLACIER__K3,QACTZPSCGSGUNG,O=C(CCc1ccccc1)NCCCc1ccccc1,60,GLACIER,K3,0.6600600079832005,0.5115966666823255,
MSBNK-EAWAG-ED014901__ICEBERG_2_1__K1,JKBXTXMXBDJJQA,O=C1CNC(=O)CNC(=O)CNC(=O)C2CCCN2C(=O)C(Cc2ccccc2)NC(=O)C(Cc2ccccc2)NC(=O)CNC(=O)CN1,15,ICEBERG_2_1,K1,0.9704747203848143,0.7749791268742026,
MSBNK-EAWAG-ED014901__ICEBERG_2_1__K2,JKBXTXMXBDJJQA,O=C1CNC(=O)CNC(=O)CNC(=O)C2CCCN2C(=O)C(Cc2ccccc2)NC(=O)C(Cc2ccccc2)NC(=O)CNC(=O)CN1,15,ICEBERG_2_1,K2,0.18401015916672,0.19572977432518146,
MSBNK-EAWAG-ED014901__ICEBERG_2_1__K3,JKBXTXMXBDJJQA,O=C1CNC(=O)CNC(=O)CNC(=O)C2CCCN2C(=O)C(Cc2ccccc2)NC(=O)C(Cc2ccccc2)NC(=O)CNC(=O)CN1,15,ICEBERG_2_1,K3,0.13068876089948525,0.1527223001175928,
MSBNK-EAWAG-ED014901__GLACIER__K1,JKBXTXMXBDJJQA,O=C1CNC(=O)CNC(=O)CNC(=O)C2CCCN2C(=O)C(Cc2ccccc2)NC(=O)C(Cc2ccccc2)NC(=O)CNC(=O)CN1,15,GLACIER,K1,0.9241245259281344,0.7319656681874229,
MSBNK-EAWAG-ED014901__GLACIER__K2,JKBXTXMXBDJJQA,O=C1CNC(=O)CNC(=O)CNC(=O)C2CCCN2C(=O)C(Cc2ccccc2)NC(=O)C(Cc2ccccc2)NC(=O)CNC(=O)CN1,15,GLACIER,K2,0.17346068436642725,0.27596639177383875,
MSBNK-EAWAG-ED014901__GLACIER__K3,JKBXTXMXBDJJQA,O=C1CNC(=O)CNC(=O)CNC(=O)C2CCCN2C(=O)C(Cc2ccccc2)NC(=O)C(Cc2ccccc2)NC(=O)CNC(=O)CN1,15,GLACIER,K3,0.5255340044244565,0.4339751923104511,
MSBNK-EAWAG-ED014902__ICEBERG_2_1__K1,JKBXTXMXBDJJQA,O=C1CNC(=O)CNC(=O)CNC(=O)C2CCCN2C(=O)C(Cc2ccccc2)NC(=O)C(Cc2ccccc2)NC(=O)CNC(=O)CN1,20,ICEBERG_2_1,K1,0.7999825696536181,0.5123836246426003,
MSBNK-EAWAG-ED014902__ICEBERG_2_1__K2,JKBXTXMXBDJJQA,O=C1CNC(=O)CNC(=O)CNC(=O)C2CCCN2C(=O)C(Cc2ccccc2)NC(=O)C(Cc2ccccc2)NC(=O)CNC(=O)CN1,20,ICEBERG_2_1,K2,0.00010791782179965479,0.0007124617293386981,
MSBNK-EAWAG-ED014902__ICEBERG_2_1__K3,JKBXTXMXBDJJQA,O=C1CNC(=O)CNC(=O)CNC(=O)C2CCCN2C(=O)C(Cc2ccccc2)NC(=O)C(Cc2ccccc2)NC(=O)CNC(=O)CN1,20,ICEBERG_2_1,K3,0.0004341401709450773,0.0030904930205520875,
MSBNK-EAWAG-ED014902__GLACIER__K1,JKBXTXMXBDJJQA,O=C1CNC(=O)CNC(=O)CNC(=O)C2CCCN2C(=O)C(Cc2ccccc2)NC(=O)C(Cc2ccccc2)NC(=O)CNC(=O)CN1,20,GLACIER,K1,0.7705132834938131,0.4596493300557636,
MSBNK-EAWAG-ED014902__GLACIER__K2,JKBXTXMXBDJJQA,O=C1CNC(=O)CNC(=O)CNC(=O)C2CCCN2C(=O)C(Cc2ccccc2)NC(=O)C(Cc2ccccc2)NC(=O)CNC(=O)CN1,20,GLACIER,K2,0.0013229838264559957,0.010736446618234585,
MSBNK-EAWAG-ED014902__GLACIER__K3,JKBXTXMXBDJJQA,O=C1CNC(=O)CNC(=O)CNC(=O)C2CCCN2C(=O)C(Cc2ccccc2)NC(=O)C(Cc2ccccc2)NC(=O)CNC(=O)CN1,20,GLACIER,K3,0.010022065708452954,0.06062020526954459,
MSBNK-EAWAG-ED014903__ICEBERG_2_1__K1,JKBXTXMXBDJJQA,O=C1CNC(=O)CNC(=O)CNC(=O)C2CCCN2C(=O)C(Cc2ccccc2)NC(=O)C(Cc2ccccc2)NC(=O)CNC(=O)CN1,25,ICEBERG_2_1,K1,0.17571530208821348,0.1770415263468541,
MSBNK-EAWAG-ED014903__ICEBERG_2_1__K2,JKBXTXMXBDJJQA,O=C1CNC(=O)CNC(=O)CNC(=O)C2CCCN2C(=O)C(Cc2ccccc2)NC(=O)C(Cc2ccccc2)NC(=O)CNC(=O)CN1,25,ICEBERG_2_1,K2,0.022141527426987415,0.05589146249529908,
MSBNK-EAWAG-ED014903__ICEBERG_2_1__K3,JKBXTXMXBDJJQA,O=C1CNC(=O)CNC(=O)CNC(=O)C2CCCN2C(=O)C(Cc2ccccc2)NC(=O)C(Cc2ccccc2)NC(=O)CNC(=O)CN1,25,ICEBERG_2_1,K3,0.012059421630722317,0.03399875391659146,
MSBNK-EAWAG-ED014903__GLACIER__K1,JKBXTXMXBDJJQA,O=C1CNC(=O)CNC(=O)CNC(=O)C2CCCN2C(=O)C(Cc2ccccc2)NC(=O)C(Cc2ccccc2)NC(=O)CNC(=O)CN1,25,GLACIER,K1,0.1655532598021683,0.16511395788744254,
MSBNK-EAWAG-ED014903__GLACIER__K2,JKBXTXMXBDJJQA,O=C1CNC(=O)CNC(=O)CNC(=O)C2CCCN2C(=O)C(Cc2ccccc2)NC(=O)C(Cc2ccccc2)NC(=O)CNC(=O)CN1,25,GLACIER,K2,0.010645711256244965,0.036142248405577226,
MSBNK-EAWAG-ED014903__GLACIER__K3,JKBXTXMXBDJJQA,O=C1CNC(=O)CNC(=O)CNC(=O)C2CCCN2C(=O)C(Cc2ccccc2)NC(=O)C(Cc2ccccc2)NC(=O)CNC(=O)CN1,25,GLACIER,K3,0.0385393444369969,0.0720817403335493,
MSBNK-EAWAG-ED014904__ICEBERG_2_1__K1,JKBXTXMXBDJJQA,O=C1CNC(=O)CNC(=O)CNC(=O)C2CCCN2C(=O)C(Cc2ccccc2)NC(=O)C(Cc2ccccc2)NC(=O)CNC(=O)CN1,30,ICEBERG_2_1,K1,0.17513520128030013,0.2247463130265961,
MSBNK-EAWAG-ED014904__ICEBERG_2_1__K2,JKBXTXMXBDJJQA,O=C1CNC(=O)CNC(=O)CNC(=O)C2CCCN2C(=O)C(Cc2ccccc2)NC(=O)C(Cc2ccccc2)NC(=O)CNC(=O)CN1,30,ICEBERG_2_1,K2,0.08282064045543866,0.13040837211273226,
MSBNK-EAWAG-ED014904__ICEBERG_2_1__K3,JKBXTXMXBDJJQA,O=C1CNC(=O)CNC(=O)CNC(=O)C2CCCN2C(=O)C(Cc2ccccc2)NC(=O)C(Cc2ccccc2)NC(=O)CNC(=O)CN1,30,ICEBERG_2_1,K3,0.07635778719567378,0.12810557201164352,
MSBNK-EAWAG-ED014904__GLACIER__K1,JKBXTXMXBDJJQA,O=C1CNC(=O)CNC(=O)CNC(=O)C2CCCN2C(=O)C(Cc2ccccc2)NC(=O)C(Cc2ccccc2)NC(=O)CNC(=O)CN1,30,GLACIER,K1,0.18327714789719546,0.28034295338535276,
MSBNK-EAWAG-ED014904__GLACIER__K2,JKBXTXMXBDJJQA,O=C1CNC(=O)CNC(=O)CNC(=O)C2CCCN2C(=O)C(Cc2ccccc2)NC(=O)C(Cc2ccccc2)NC(=O)CNC(=O)CN1,30,GLACIER,K2,0.08692806834279648,0.11410278074052527,
MSBNK-EAWAG-ED014904__GLACIER__K3,JKBXTXMXBDJJQA,O=C1CNC(=O)CNC(=O)CNC(=O)C2CCCN2C(=O)C(Cc2ccccc2)NC(=O)C(Cc2ccccc2)NC(=O)CNC(=O)CN1,30,GLACIER,K3,0.08690287981324855,0.11430244863319727,
MSBNK-EAWAG-ED014905__ICEBERG_2_1__K1,JKBXTXMXBDJJQA,O=C1CNC(=O)CNC(=O)CNC(=O)C2CCCN2C(=O)C(Cc2ccccc2)NC(=O)C(Cc2ccccc2)NC(=O)CNC(=O)CN1,40,ICEBERG_2_1,K1,0.22467867948135611,0.17592675874463115,
MSBNK-EAWAG-ED014905__ICEBERG_2_1__K2,JKBXTXMXBDJJQA,O=C1CNC(=O)CNC(=O)CNC(=O)C2CCCN2C(=O)C(Cc2ccccc2)NC(=O)C(Cc2ccccc2)NC(=O)CNC(=O)CN1,40,ICEBERG_2_1,K2,0.10222572065253606,0.10165393746302442,
MSBNK-EAWAG-ED014905__ICEBERG_2_1__K3,JKBXTXMXBDJJQA,O=C1CNC(=O)CNC(=O)CNC(=O)C2CCCN2C(=O)C(Cc2ccccc2)NC(=O)C(Cc2ccccc2)NC(=O)CNC(=O)CN1,40,ICEBERG_2_1,K3,0.10889603972726543,0.10613319803668453,
MSBNK-EAWAG-ED014905__GLACIER__K1,JKBXTXMXBDJJQA,O=C1CNC(=O)CNC(=O)CNC(=O)C2CCCN2C(=O)C(Cc2ccccc2)NC(=O)C(Cc2ccccc2)NC(=O)CNC(=O)CN1,40,GLACIER,K1,0.38281372242181,0.3175703849310828,
MSBNK-EAWAG-ED014905__GLACIER__K2,JKBXTXMXBDJJQA,O=C1CNC(=O)CNC(=O)CNC(=O)C2CCCN2C(=O)C(Cc2ccccc2)NC(=O)C(Cc2ccccc2)NC(=O)CNC(=O)CN1,40,GLACIER,K2,0.1898982606871451,0.1403544664599865,
MSBNK-EAWAG-ED014905__GLACIER__K3,JKBXTXMXBDJJQA,O=C1CNC(=O)CNC(=O)CNC(=O)C2CCCN2C(=O)C(Cc2ccccc2)NC(=O)C(Cc2ccccc2)NC(=O)CNC(=O)CN1,40,GLACIER,K3,0.04819698425172323,0.08592419980593136,
MSBNK-EAWAG-ED014906__ICEBERG_2_1__K1,JKBXTXMXBDJJQA,O=C1CNC(=O)CNC(=O)CNC(=O)C2CCCN2C(=O)C(Cc2ccccc2)NC(=O)C(Cc2ccccc2)NC(=O)CNC(=O)CN1,50,ICEBERG_2_1,K1,0.4960503442099876,0.35089276182761653,
MSBNK-EAWAG-ED014906__ICEBERG_2_1__K2,JKBXTXMXBDJJQA,O=C1CNC(=O)CNC(=O)CNC(=O)C2CCCN2C(=O)C(Cc2ccccc2)NC(=O)C(Cc2ccccc2)NC(=O)CNC(=O)CN1,50,ICEBERG_2_1,K2,0.10514094355768903,0.14290294204985654,
MSBNK-EAWAG-ED014906__ICEBERG_2_1__K3,JKBXTXMXBDJJQA,O=C1CNC(=O)CNC(=O)CNC(=O)C2CCCN2C(=O)C(Cc2ccccc2)NC(=O)C(Cc2ccccc2)NC(=O)CNC(=O)CN1,50,ICEBERG_2_1,K3,0.11158132071423894,0.1481682597275421,
MSBNK-EAWAG-ED014906__GLACIER__K1,JKBXTXMXBDJJQA,O=C1CNC(=O)CNC(=O)CNC(=O)C2CCCN2C(=O)C(Cc2ccccc2)NC(=O)C(Cc2ccccc2)NC(=O)CNC(=O)CN1,50,GLACIER,K1,0.1954996558287806,0.22811633997750036,
MSBNK-EAWAG-ED014906__GLACIER__K2,JKBXTXMXBDJJQA,O=C1CNC(=O)CNC(=O)CNC(=O)C2CCCN2C(=O)C(Cc2ccccc2)NC(=O)C(Cc2ccccc2)NC(=O)CNC(=O)CN1,50,GLACIER,K2,0.08958759161195066,0.11224715314717382,
MSBNK-EAWAG-ED014906__GLACIER__K3,JKBXTXMXBDJJQA,O=C1CNC(=O)CNC(=O)CNC(=O)C2CCCN2C(=O)C(Cc2ccccc2)NC(=O)C(Cc2ccccc2)NC(=O)CNC(=O)CN1,50,GLACIER,K3,0.08629482022154043,0.11065630272713955,
MSBNK-EAWAG-ED014907__ICEBERG_2_1__K1,JKBXTXMXBDJJQA,O=C1CNC(=O)CNC(=O)CNC(=O)C2CCCN2C(=O)C(Cc2ccccc2)NC(=O)C(Cc2ccccc2)NC(=O)CNC(=O)CN1,60,ICEBERG_2_1,K1,0.11309884543971155,0.17844537190100496,
MSBNK-EAWAG-ED014907__ICEBERG_2_1__K2,JKBXTXMXBDJJQA,O=C1CNC(=O)CNC(=O)CNC(=O)C2CCCN2C(=O)C(Cc2ccccc2)NC(=O)C(Cc2ccccc2)NC(=O)CNC(=O)CN1,60,ICEBERG_2_1,K2,0.12141839418911007,0.19138211710399222,
MSBNK-EAWAG-ED014907__ICEBERG_2_1__K3,JKBXTXMXBDJJQA,O=C1CNC(=O)CNC(=O)CNC(=O)C2CCCN2C(=O)C(Cc2ccccc2)NC(=O)C(Cc2ccccc2)NC(=O)CNC(=O)CN1,60,ICEBERG_2_1,K3,0.12340376163536265,0.18992299658767298,
MSBNK-EAWAG-ED014907__GLACIER__K1,JKBXTXMXBDJJQA,O=C1CNC(=O)CNC(=O)CNC(=O)C2CCCN2C(=O)C(Cc2ccccc2)NC(=O)C(Cc2ccccc2)NC(=O)CNC(=O)CN1,60,GLACIER,K1,0.09167453443619983,0.187678531395574,
MSBNK-EAWAG-ED014907__GLACIER__K2,JKBXTXMXBDJJQA,O=C1CNC(=O)CNC(=O)CNC(=O)C2CCCN2C(=O)C(Cc2ccccc2)NC(=O)C(Cc2ccccc2)NC(=O)CNC(=O)CN1,60,GLACIER,K2,0.10586901222709894,0.14812877230827437,
MSBNK-EAWAG-ED014907__GLACIER__K3,JKBXTXMXBDJJQA,O=C1CNC(=O)CNC(=O)CNC(=O)C2CCCN2C(=O)C(Cc2ccccc2)NC(=O)C(Cc2ccccc2)NC(=O)CNC(=O)CN1,60,GLACIER,K3,0.11259583849976995,0.15249062331440433,
MSBNK-EAWAG-ED026001__ICEBERG_2_1__K1,RYLVRVUEEVJKJO,c1coc(-c2coc(-c3coc(C4CCCN4)n3)n2)n1,15,ICEBERG_2_1,K1,0.12184524737630135,0.2612262075166054,
MSBNK-EAWAG-ED026001__ICEBERG_2_1__K2,RYLVRVUEEVJKJO,c1coc(-c2coc(-c3coc(C4CCCN4)n3)n2)n1,15,ICEBERG_2_1,K2,0.3541259159159232,0.44412660334551435,
MSBNK-EAWAG-ED026001__ICEBERG_2_1__K3,RYLVRVUEEVJKJO,c1coc(-c2coc(-c3coc(C4CCCN4)n3)n2)n1,15,ICEBERG_2_1,K3,0.27367105555307525,0.3987273437692155,
MSBNK-EAWAG-ED026001__GLACIER__K1,RYLVRVUEEVJKJO,c1coc(-c2coc(-c3coc(C4CCCN4)n3)n2)n1,15,GLACIER,K1,0.15756098723813838,0.23260854842309642,
MSBNK-EAWAG-ED026001__GLACIER__K2,RYLVRVUEEVJKJO,c1coc(-c2coc(-c3coc(C4CCCN4)n3)n2)n1,15,GLACIER,K2,0.2015169111449181,0.3016330648644061,
MSBNK-EAWAG-ED026001__GLACIER__K3,RYLVRVUEEVJKJO,c1coc(-c2coc(-c3coc(C4CCCN4)n3)n2)n1,15,GLACIER,K3,0.29282604651577976,0.3525912067939232,
MSBNK-EAWAG-ED026002__ICEBERG_2_1__K1,RYLVRVUEEVJKJO,c1coc(-c2coc(-c3coc(C4CCCN4)n3)n2)n1,20,ICEBERG_2_1,K1,0.12751794248069376,0.3497553117268347,
MSBNK-EAWAG-ED026002__ICEBERG_2_1__K2,RYLVRVUEEVJKJO,c1coc(-c2coc(-c3coc(C4CCCN4)n3)n2)n1,20,ICEBERG_2_1,K2,0.056139200610273915,0.2009163381767768,
MSBNK-EAWAG-ED026002__ICEBERG_2_1__K3,RYLVRVUEEVJKJO,c1coc(-c2coc(-c3coc(C4CCCN4)n3)n2)n1,20,ICEBERG_2_1,K3,0.06248157149228746,0.21522489980509796,
MSBNK-EAWAG-ED026002__GLACIER__K1,RYLVRVUEEVJKJO,c1coc(-c2coc(-c3coc(C4CCCN4)n3)n2)n1,20,GLACIER,K1,0.033740973004591605,0.15513543292122223,
MSBNK-EAWAG-ED026002__GLACIER__K2,RYLVRVUEEVJKJO,c1coc(-c2coc(-c3coc(C4CCCN4)n3)n2)n1,20,GLACIER,K2,0.026760864114506625,0.11305264709182294,
MSBNK-EAWAG-ED026002__GLACIER__K3,RYLVRVUEEVJKJO,c1coc(-c2coc(-c3coc(C4CCCN4)n3)n2)n1,20,GLACIER,K3,0.02669587604997701,0.11021346901153439,
MSBNK-EAWAG-ED026003__ICEBERG_2_1__K1,RYLVRVUEEVJKJO,c1coc(-c2coc(-c3coc(C4CCCN4)n3)n2)n1,25,ICEBERG_2_1,K1,0.17975978109260055,0.3783833012739285,
MSBNK-EAWAG-ED026003__ICEBERG_2_1__K2,RYLVRVUEEVJKJO,c1coc(-c2coc(-c3coc(C4CCCN4)n3)n2)n1,25,ICEBERG_2_1,K2,0.15294783387841823,0.28774070272141383,
MSBNK-EAWAG-ED026003__ICEBERG_2_1__K3,RYLVRVUEEVJKJO,c1coc(-c2coc(-c3coc(C4CCCN4)n3)n2)n1,25,ICEBERG_2_1,K3,0.1525604418044169,0.28620326977718014,
MSBNK-EAWAG-ED026003__GLACIER__K1,RYLVRVUEEVJKJO,c1coc(-c2coc(-c3coc(C4CCCN4)n3)n2)n1,25,GLACIER,K1,0.09063987286505713,0.2193175195832463,
MSBNK-EAWAG-ED026003__GLACIER__K2,RYLVRVUEEVJKJO,c1coc(-c2coc(-c3coc(C4CCCN4)n3)n2)n1,25,GLACIER,K2,0.12223156188540583,0.2630293836434948,
MSBNK-EAWAG-ED026003__GLACIER__K3,RYLVRVUEEVJKJO,c1coc(-c2coc(-c3coc(C4CCCN4)n3)n2)n1,25,GLACIER,K3,0.12362778993680938,0.2636929064948319,
MSBNK-EAWAG-ED026004__ICEBERG_2_1__K1,RYLVRVUEEVJKJO,c1coc(-c2coc(-c3coc(C4CCCN4)n3)n2)n1,30,ICEBERG_2_1,K1,0.4757523757191944,0.495076494222663,
MSBNK-EAWAG-ED026004__ICEBERG_2_1__K2,RYLVRVUEEVJKJO,c1coc(-c2coc(-c3coc(C4CCCN4)n3)n2)n1,30,ICEBERG_2_1,K2,0.5014742894518249,0.5173431791942635,
MSBNK-EAWAG-ED026004__ICEBERG_2_1__K3,RYLVRVUEEVJKJO,c1coc(-c2coc(-c3coc(C4CCCN4)n3)n2)n1,30,ICEBERG_2_1,K3,0.6002186522064075,0.5496794968212714,
MSBNK-EAWAG-ED026004__GLACIER__K1,RYLVRVUEEVJKJO,c1coc(-c2coc(-c3coc(C4CCCN4)n3)n2)n1,30,GLACIER,K1,0.5098393343780449,0.5353050332949094,
MSBNK-EAWAG-ED026004__GLACIER__K2,RYLVRVUEEVJKJO,c1coc(-c2coc(-c3coc(C4CCCN4)n3)n2)n1,30,GLACIER,K2,0.5408869453072098,0.5376303057161461,
MSBNK-EAWAG-ED026004__GLACIER__K3,RYLVRVUEEVJKJO,c1coc(-c2coc(-c3coc(C4CCCN4)n3)n2)n1,30,GLACIER,K3,0.2373866119684257,0.4030967551131909,
MSBNK-EAWAG-ED026005__ICEBERG_2_1__K1,RYLVRVUEEVJKJO,c1coc(-c2coc(-c3coc(C4CCCN4)n3)n2)n1,40,ICEBERG_2_1,K1,0.8467451437356207,0.6722320973506751,
MSBNK-EAWAG-ED026005__ICEBERG_2_1__K2,RYLVRVUEEVJKJO,c1coc(-c2coc(-c3coc(C4CCCN4)n3)n2)n1,40,ICEBERG_2_1,K2,0.9032028308325709,0.7158297216054134,
MSBNK-EAWAG-ED026005__ICEBERG_2_1__K3,RYLVRVUEEVJKJO,c1coc(-c2coc(-c3coc(C4CCCN4)n3)n2)n1,40,ICEBERG_2_1,K3,0.9064586359851747,0.7366627557455929,
MSBNK-EAWAG-ED026005__GLACIER__K1,RYLVRVUEEVJKJO,c1coc(-c2coc(-c3coc(C4CCCN4)n3)n2)n1,40,GLACIER,K1,0.4933916917191641,0.6050464780808495,
MSBNK-EAWAG-ED026005__GLACIER__K2,RYLVRVUEEVJKJO,c1coc(-c2coc(-c3coc(C4CCCN4)n3)n2)n1,40,GLACIER,K2,0.6715169409331158,0.6484330476308974,
MSBNK-EAWAG-ED026005__GLACIER__K3,RYLVRVUEEVJKJO,c1coc(-c2coc(-c3coc(C4CCCN4)n3)n2)n1,40,GLACIER,K3,0.8055571298870717,0.7164050305291794,
MSBNK-EAWAG-ED026006__ICEBERG_2_1__K1,RYLVRVUEEVJKJO,c1coc(-c2coc(-c3coc(C4CCCN4)n3)n2)n1,50,ICEBERG_2_1,K1,0.8525692684867874,0.656545538530529,
MSBNK-EAWAG-ED026006__ICEBERG_2_1__K2,RYLVRVUEEVJKJO,c1coc(-c2coc(-c3coc(C4CCCN4)n3)n2)n1,50,ICEBERG_2_1,K2,0.8503042924385658,0.6973290527951443,
MSBNK-EAWAG-ED026006__ICEBERG_2_1__K3,RYLVRVUEEVJKJO,c1coc(-c2coc(-c3coc(C4CCCN4)n3)n2)n1,50,ICEBERG_2_1,K3,0.8547238779345876,0.6979118392388022,
MSBNK-EAWAG-ED026006__GLACIER__K1,RYLVRVUEEVJKJO,c1coc(-c2coc(-c3coc(C4CCCN4)n3)n2)n1,50,GLACIER,K1,0.8308837306440571,0.6971528270274123,
MSBNK-EAWAG-ED026006__GLACIER__K2,RYLVRVUEEVJKJO,c1coc(-c2coc(-c3coc(C4CCCN4)n3)n2)n1,50,GLACIER,K2,0.8427394494355557,0.6854103232853608,
MSBNK-EAWAG-ED026006__GLACIER__K3,RYLVRVUEEVJKJO,c1coc(-c2coc(-c3coc(C4CCCN4)n3)n2)n1,50,GLACIER,K3,0.8421748198278488,0.6849186376459111,
MSBNK-EAWAG-ED026007__ICEBERG_2_1__K1,RYLVRVUEEVJKJO,c1coc(-c2coc(-c3coc(C4CCCN4)n3)n2)n1,60,ICEBERG_2_1,K1,0.8678490611116706,0.7114586174013666,
MSBNK-EAWAG-ED026007__ICEBERG_2_1__K2,RYLVRVUEEVJKJO,c1coc(-c2coc(-c3coc(C4CCCN4)n3)n2)n1,60,ICEBERG_2_1,K2,0.8649749653385462,0.7019834485174468,
MSBNK-EAWAG-ED026007__ICEBERG_2_1__K3,RYLVRVUEEVJKJO,c1coc(-c2coc(-c3coc(C4CCCN4)n3)n2)n1,60,ICEBERG_2_1,K3,0.8734079613857879,0.7304014442314247,
MSBNK-EAWAG-ED026007__GLACIER__K1,RYLVRVUEEVJKJO,c1coc(-c2coc(-c3coc(C4CCCN4)n3)n2)n1,60,GLACIER,K1,0.8855858661587734,0.7574316527250898,
MSBNK-EAWAG-ED026007__GLACIER__K2,RYLVRVUEEVJKJO,c1coc(-c2coc(-c3coc(C4CCCN4)n3)n2)n1,60,GLACIER,K2,0.8643058798102506,0.7046043964588027,
MSBNK-EAWAG-ED026007__GLACIER__K3,RYLVRVUEEVJKJO,c1coc(-c2coc(-c3coc(C4CCCN4)n3)n2)n1,60,GLACIER,K3,0.881085887804166,0.7551451843655435,
MSBNK-EAWAG-ED026601__ICEBERG_2_1__K1,XQWGCUIJOHQMPI,O=C1CNC(=O)CNC(=O)CC2OC(=O)CC2NC(=O)CCN1,15,ICEBERG_2_1,K1,0.808675340837509,0.46124198073623945,
MSBNK-EAWAG-ED026601__ICEBERG_2_1__K2,XQWGCUIJOHQMPI,O=C1CNC(=O)CNC(=O)CC2OC(=O)CC2NC(=O)CCN1,15,ICEBERG_2_1,K2,0.7038494065162552,0.38385369805140035,
MSBNK-EAWAG-ED026601__ICEBERG_2_1__K3,XQWGCUIJOHQMPI,O=C1CNC(=O)CNC(=O)CC2OC(=O)CC2NC(=O)CCN1,15,ICEBERG_2_1,K3,0.7943843223268943,0.4622503845795194,
MSBNK-EAWAG-ED026601__GLACIER__K1,XQWGCUIJOHQMPI,O=C1CNC(=O)CNC(=O)CC2OC(=O)CC2NC(=O)CCN1,15,GLACIER,K1,0.9696916272653511,0.7896878697012826,
MSBNK-EAWAG-ED026601__GLACIER__K2,XQWGCUIJOHQMPI,O=C1CNC(=O)CNC(=O)CC2OC(=O)CC2NC(=O)CCN1,15,GLACIER,K2,0.8987134515193308,0.7065255909879586,
MSBNK-EAWAG-ED026601__GLACIER__K3,XQWGCUIJOHQMPI,O=C1CNC(=O)CNC(=O)CC2OC(=O)CC2NC(=O)CCN1,15,GLACIER,K3,0.9579879445783652,0.7792775080404257,
MSBNK-EAWAG-ED026602__ICEBERG_2_1__K1,XQWGCUIJOHQMPI,O=C1CNC(=O)CNC(=O)CC2OC(=O)CC2NC(=O)CCN1,20,ICEBERG_2_1,K1,0.48438031385663577,0.3289462281730261,
MSBNK-EAWAG-ED026602__ICEBERG_2_1__K2,XQWGCUIJOHQMPI,O=C1CNC(=O)CNC(=O)CC2OC(=O)CC2NC(=O)CCN1,20,ICEBERG_2_1,K2,0.4226754920343292,0.3107806016694904,
MSBNK-EAWAG-ED026602__ICEBERG_2_1__K3,XQWGCUIJOHQMPI,O=C1CNC(=O)CNC(=O)CC2OC(=O)CC2NC(=O)CCN1,20,ICEBERG_2_1,K3,0.41227162557241853,0.2991073921615308,
MSBNK-EAWAG-ED026602__GLACIER__K1,XQWGCUIJOHQMPI,O=C1CNC(=O)CNC(=O)CC2OC(=O)CC2NC(=O)CCN1,20,GLACIER,K1,0.8329412053522337,0.5296691867963044,
MSBNK-EAWAG-ED026602__GLACIER__K2,XQWGCUIJOHQMPI,O=C1CNC(=O)CNC(=O)CC2OC(=O)CC2NC(=O)CCN1,20,GLACIER,K2,0.8471612415801676,0.5838474459470007,
MSBNK-EAWAG-ED026602__GLACIER__K3,XQWGCUIJOHQMPI,O=C1CNC(=O)CNC(=O)CC2OC(=O)CC2NC(=O)CCN1,20,GLACIER,K3,0.8470820191285701,0.5834294294706774,
MSBNK-EAWAG-ED026603__ICEBERG_2_1__K1,XQWGCUIJOHQMPI,O=C1CNC(=O)CNC(=O)CC2OC(=O)CC2NC(=O)CCN1,25,ICEBERG_2_1,K1,0.3090820290992642,0.3272579069546041,
MSBNK-EAWAG-ED026603__ICEBERG_2_1__K2,XQWGCUIJOHQMPI,O=C1CNC(=O)CNC(=O)CC2OC(=O)CC2NC(=O)CCN1,25,ICEBERG_2_1,K2,0.33509823686826823,0.37834922492876666,
MSBNK-EAWAG-ED026603__ICEBERG_2_1__K3,XQWGCUIJOHQMPI,O=C1CNC(=O)CNC(=O)CC2OC(=O)CC2NC(=O)CCN1,25,ICEBERG_2_1,K3,0.30230125027045857,0.33654551803189925,
MSBNK-EAWAG-ED026603__GLACIER__K1,XQWGCUIJOHQMPI,O=C1CNC(=O)CNC(=O)CC2OC(=O)CC2NC(=O)CCN1,25,GLACIER,K1,0.4720880272518753,0.3037248629544693,
MSBNK-EAWAG-ED026603__GLACIER__K2,XQWGCUIJOHQMPI,O=C1CNC(=O)CNC(=O)CC2OC(=O)CC2NC(=O)CCN1,25,GLACIER,K2,0.39742562726642294,0.28020595742587895,
MSBNK-EAWAG-ED026603__GLACIER__K3,XQWGCUIJOHQMPI,O=C1CNC(=O)CNC(=O)CC2OC(=O)CC2NC(=O)CCN1,25,GLACIER,K3,0.48413426300130213,0.2906184860043294,
MSBNK-EAWAG-ED026604__ICEBERG_2_1__K1,XQWGCUIJOHQMPI,O=C1CNC(=O)CNC(=O)CC2OC(=O)CC2NC(=O)CCN1,30,ICEBERG_2_1,K1,0.19163683026340583,0.22842532068870192,
MSBNK-EAWAG-ED026604__ICEBERG_2_1__K2,XQWGCUIJOHQMPI,O=C1CNC(=O)CNC(=O)CC2OC(=O)CC2NC(=O)CCN1,30,ICEBERG_2_1,K2,0.11351725893111721,0.2247965396413164,
MSBNK-EAWAG-ED026604__ICEBERG_2_1__K3,XQWGCUIJOHQMPI,O=C1CNC(=O)CNC(=O)CC2OC(=O)CC2NC(=O)CCN1,30,ICEBERG_2_1,K3,0.11862741124407854,0.2370269055854043,
MSBNK-EAWAG-ED026604__GLACIER__K1,XQWGCUIJOHQMPI,O=C1CNC(=O)CNC(=O)CC2OC(=O)CC2NC(=O)CCN1,30,GLACIER,K1,0.12007468165063763,0.18502097921230665,
MSBNK-EAWAG-ED026604__GLACIER__K2,XQWGCUIJOHQMPI,O=C1CNC(=O)CNC(=O)CC2OC(=O)CC2NC(=O)CCN1,30,GLACIER,K2,0.06688777453385333,0.13253829306067766,
MSBNK-EAWAG-ED026604__GLACIER__K3,XQWGCUIJOHQMPI,O=C1CNC(=O)CNC(=O)CC2OC(=O)CC2NC(=O)CCN1,30,GLACIER,K3,0.06281151029208201,0.12100873715131788,
MSBNK-EAWAG-ED026605__ICEBERG_2_1__K1,XQWGCUIJOHQMPI,O=C1CNC(=O)CNC(=O)CC2OC(=O)CC2NC(=O)CCN1,40,ICEBERG_2_1,K1,0.15135394145842054,0.3090514933044146,
MSBNK-EAWAG-ED026605__ICEBERG_2_1__K2,XQWGCUIJOHQMPI,O=C1CNC(=O)CNC(=O)CC2OC(=O)CC2NC(=O)CCN1,40,ICEBERG_2_1,K2,0.20085799043464878,0.3505033269749346,
MSBNK-EAWAG-ED026605__ICEBERG_2_1__K3,XQWGCUIJOHQMPI,O=C1CNC(=O)CNC(=O)CC2OC(=O)CC2NC(=O)CCN1,40,ICEBERG_2_1,K3,0.1580156871128703,0.3090183914289606,
MSBNK-EAWAG-ED026605__GLACIER__K1,XQWGCUIJOHQMPI,O=C1CNC(=O)CNC(=O)CC2OC(=O)CC2NC(=O)CCN1,40,GLACIER,K1,0.17694944517948064,0.3315914992173348,
MSBNK-EAWAG-ED026605__GLACIER__K2,XQWGCUIJOHQMPI,O=C1CNC(=O)CNC(=O)CC2OC(=O)CC2NC(=O)CCN1,40,GLACIER,K2,0.21354996045508975,0.3809082381392973,
MSBNK-EAWAG-ED026605__GLACIER__K3,XQWGCUIJOHQMPI,O=C1CNC(=O)CNC(=O)CC2OC(=O)CC2NC(=O)CCN1,40,GLACIER,K3,0.2032233325736553,0.3707282400089279,
MSBNK-EAWAG-ED026606__ICEBERG_2_1__K1,XQWGCUIJOHQMPI,O=C1CNC(=O)CNC(=O)CC2OC(=O)CC2NC(=O)CCN1,50,ICEBERG_2_1,K1,0.25929876569233584,0.4070626718353215,
MSBNK-EAWAG-ED026606__ICEBERG_2_1__K2,XQWGCUIJOHQMPI,O=C1CNC(=O)CNC(=O)CC2OC(=O)CC2NC(=O)CCN1,50,ICEBERG_2_1,K2,0.23747963227763236,0.40143972366219005,
MSBNK-EAWAG-ED026606__ICEBERG_2_1__K3,XQWGCUIJOHQMPI,O=C1CNC(=O)CNC(=O)CC2OC(=O)CC2NC(=O)CCN1,50,ICEBERG_2_1,K3,0.28203760351447604,0.4365833700231486,
MSBNK-EAWAG-ED026606__GLACIER__K1,XQWGCUIJOHQMPI,O=C1CNC(=O)CNC(=O)CC2OC(=O)CC2NC(=O)CCN1,50,GLACIER,K1,0.27199118980913106,0.47181930762206736,
MSBNK-EAWAG-ED026606__GLACIER__K2,XQWGCUIJOHQMPI,O=C1CNC(=O)CNC(=O)CC2OC(=O)CC2NC(=O)CCN1,50,GLACIER,K2,0.2738754502592116,0.47279652431953034,
MSBNK-EAWAG-ED026606__GLACIER__K3,XQWGCUIJOHQMPI,O=C1CNC(=O)CNC(=O)CC2OC(=O)CC2NC(=O)CCN1,50,GLACIER,K3,0.27697213267785015,0.49136641681587667,
MSBNK-EAWAG-ED026607__ICEBERG_2_1__K1,XQWGCUIJOHQMPI,O=C1CNC(=O)CNC(=O)CC2OC(=O)CC2NC(=O)CCN1,60,ICEBERG_2_1,K1,0.4256394959299207,0.447163084814743,
MSBNK-EAWAG-ED026607__ICEBERG_2_1__K2,XQWGCUIJOHQMPI,O=C1CNC(=O)CNC(=O)CC2OC(=O)CC2NC(=O)CCN1,60,ICEBERG_2_1,K2,0.3564886676983297,0.473142171357531,
MSBNK-EAWAG-ED026607__ICEBERG_2_1__K3,XQWGCUIJOHQMPI,O=C1CNC(=O)CNC(=O)CC2OC(=O)CC2NC(=O)CCN1,60,ICEBERG_2_1,K3,0.3550859082572211,0.4682386476792989,
MSBNK-EAWAG-ED026607__GLACIER__K1,XQWGCUIJOHQMPI,O=C1CNC(=O)CNC(=O)CC2OC(=O)CC2NC(=O)CCN1,60,GLACIER,K1,0.35765433058517926,0.5300828021325287,
MSBNK-EAWAG-ED026607__GLACIER__K2,XQWGCUIJOHQMPI,O=C1CNC(=O)CNC(=O)CC2OC(=O)CC2NC(=O)CCN1,60,GLACIER,K2,0.3215449521464972,0.4809004849163051,
MSBNK-EAWAG-ED026607__GLACIER__K3,XQWGCUIJOHQMPI,O=C1CNC(=O)CNC(=O)CC2OC(=O)CC2NC(=O)CCN1,60,GLACIER,K3,0.3305298743421579,0.4841649111037314,
MSBNK-EAWAG-ED061601__ICEBERG_2_1__K1,GKSSZFHZBNEQFN,O=C1CCOC(=O)CNC(=O)C(Cc2ccccc2)NC(=O)C(Cc2ccccc2)N2CCCC(NC(=O)CN1)C2=O,15,ICEBERG_2_1,K1,0.9985117411415457,0.9587339252281121,
MSBNK-EAWAG-ED061601__ICEBERG_2_1__K2,GKSSZFHZBNEQFN,O=C1CCOC(=O)CNC(=O)C(Cc2ccccc2)NC(=O)C(Cc2ccccc2)N2CCCC(NC(=O)CN1)C2=O,15,ICEBERG_2_1,K2,0.3768733720399211,0.3419948144025444,
MSBNK-EAWAG-ED061601__ICEBERG_2_1__K3,GKSSZFHZBNEQFN,O=C1CCOC(=O)CNC(=O)C(Cc2ccccc2)NC(=O)C(Cc2ccccc2)N2CCCC(NC(=O)CN1)C2=O,15,ICEBERG_2_1,K3,0.6174132422685421,0.48171762041298305,
MSBNK-EAWAG-ED061601__GLACIER__K1,GKSSZFHZBNEQFN,O=C1CCOC(=O)CNC(=O)C(Cc2ccccc2)NC(=O)C(Cc2ccccc2)N2CCCC(NC(=O)CN1)C2=O,15,GLACIER,K1,0.9985333447151814,0.9648059100074023,
MSBNK-EAWAG-ED061601__GLACIER__K2,GKSSZFHZBNEQFN,O=C1CCOC(=O)CNC(=O)C(Cc2ccccc2)NC(=O)C(Cc2ccccc2)N2CCCC(NC(=O)CN1)C2=O,15,GLACIER,K2,0.9725594113909786,0.8198203455337618,
MSBNK-EAWAG-ED061601__GLACIER__K3,GKSSZFHZBNEQFN,O=C1CCOC(=O)CNC(=O)C(Cc2ccccc2)NC(=O)C(Cc2ccccc2)N2CCCC(NC(=O)CN1)C2=O,15,GLACIER,K3,0.9887079459130196,0.8696924443764034,
MSBNK-EAWAG-ED061602__ICEBERG_2_1__K1,GKSSZFHZBNEQFN,O=C1CCOC(=O)CNC(=O)C(Cc2ccccc2)NC(=O)C(Cc2ccccc2)N2CCCC(NC(=O)CN1)C2=O,20,ICEBERG_2_1,K1,0.9861767137577734,0.8935077428439278,
MSBNK-EAWAG-ED061602__ICEBERG_2_1__K2,GKSSZFHZBNEQFN,O=C1CCOC(=O)CNC(=O)C(Cc2ccccc2)NC(=O)C(Cc2ccccc2)N2CCCC(NC(=O)CN1)C2=O,20,ICEBERG_2_1,K2,0.0001391474684808973,0.0009437998095592759,
MSBNK-EAWAG-ED061602__ICEBERG_2_1__K3,GKSSZFHZBNEQFN,O=C1CCOC(=O)CNC(=O)C(Cc2ccccc2)NC(=O)C(Cc2ccccc2)N2CCCC(NC(=O)CN1)C2=O,20,ICEBERG_2_1,K3,0.00025346464453021247,0.0015841842641162174,
MSBNK-EAWAG-ED061602__GLACIER__K1,GKSSZFHZBNEQFN,O=C1CCOC(=O)CNC(=O)C(Cc2ccccc2)NC(=O)C(Cc2ccccc2)N2CCCC(NC(=O)CN1)C2=O,20,GLACIER,K1,0.9864862115145222,0.9067564888979975,
MSBNK-EAWAG-ED061602__GLACIER__K2,GKSSZFHZBNEQFN,O=C1CCOC(=O)CNC(=O)C(Cc2ccccc2)NC(=O)C(Cc2ccccc2)N2CCCC(NC(=O)CN1)C2=O,20,GLACIER,K2,0.7295439555894131,0.5635243498058278,
MSBNK-EAWAG-ED061602__GLACIER__K3,GKSSZFHZBNEQFN,O=C1CCOC(=O)CNC(=O)C(Cc2ccccc2)NC(=O)C(Cc2ccccc2)N2CCCC(NC(=O)CN1)C2=O,20,GLACIER,K3,0.5637267970838974,0.478739993582043,
MSBNK-EAWAG-ED061603__ICEBERG_2_1__K1,GKSSZFHZBNEQFN,O=C1CCOC(=O)CNC(=O)C(Cc2ccccc2)NC(=O)C(Cc2ccccc2)N2CCCC(NC(=O)CN1)C2=O,25,ICEBERG_2_1,K1,0.8486612690832311,0.7240613747989297,
MSBNK-EAWAG-ED061603__ICEBERG_2_1__K2,GKSSZFHZBNEQFN,O=C1CCOC(=O)CNC(=O)C(Cc2ccccc2)NC(=O)C(Cc2ccccc2)N2CCCC(NC(=O)CN1)C2=O,25,ICEBERG_2_1,K2,8.222753507387526e-05,0.0015480900280081533,
MSBNK-EAWAG-ED061603__ICEBERG_2_1__K3,GKSSZFHZBNEQFN,O=C1CCOC(=O)CNC(=O)C(Cc2ccccc2)NC(=O)C(Cc2ccccc2)N2CCCC(NC(=O)CN1)C2=O,25,ICEBERG_2_1,K3,8.68156676044928e-05,0.0017951477256719084,
MSBNK-EAWAG-ED061603__GLACIER__K1,GKSSZFHZBNEQFN,O=C1CCOC(=O)CNC(=O)C(Cc2ccccc2)NC(=O)C(Cc2ccccc2)N2CCCC(NC(=O)CN1)C2=O,25,GLACIER,K1,0.8569861232149515,0.7345051178594524,
MSBNK-EAWAG-ED061603__GLACIER__K2,GKSSZFHZBNEQFN,O=C1CCOC(=O)CNC(=O)C(Cc2ccccc2)NC(=O)C(Cc2ccccc2)N2CCCC(NC(=O)CN1)C2=O,25,GLACIER,K2,0.0084628072843242,0.030916903261454243,
MSBNK-EAWAG-ED061603__GLACIER__K3,GKSSZFHZBNEQFN,O=C1CCOC(=O)CNC(=O)C(Cc2ccccc2)NC(=O)C(Cc2ccccc2)N2CCCC(NC(=O)CN1)C2=O,25,GLACIER,K3,0.008132654046994424,0.029751085505905328,
MSBNK-EAWAG-ED061604__ICEBERG_2_1__K1,GKSSZFHZBNEQFN,O=C1CCOC(=O)CNC(=O)C(Cc2ccccc2)NC(=O)C(Cc2ccccc2)N2CCCC(NC(=O)CN1)C2=O,30,ICEBERG_2_1,K1,0.16717016241392135,0.27249778430391935,
MSBNK-EAWAG-ED061604__ICEBERG_2_1__K2,GKSSZFHZBNEQFN,O=C1CCOC(=O)CNC(=O)C(Cc2ccccc2)NC(=O)C(Cc2ccccc2)N2CCCC(NC(=O)CN1)C2=O,30,ICEBERG_2_1,K2,0.0773134621356341,0.10956330908053502,
MSBNK-EAWAG-ED061604__ICEBERG_2_1__K3,GKSSZFHZBNEQFN,O=C1CCOC(=O)CNC(=O)C(Cc2ccccc2)NC(=O)C(Cc2ccccc2)N2CCCC(NC(=O)CN1)C2=O,30,ICEBERG_2_1,K3,0.07743865507874668,0.11019492660732688,
MSBNK-EAWAG-ED061604__GLACIER__K1,GKSSZFHZBNEQFN,O=C1CCOC(=O)CNC(=O)C(Cc2ccccc2)NC(=O)C(Cc2ccccc2)N2CCCC(NC(=O)CN1)C2=O,30,GLACIER,K1,0.5012018394836566,0.34091575690755727,
MSBNK-EAWAG-ED061604__GLACIER__K2,GKSSZFHZBNEQFN,O=C1CCOC(=O)CNC(=O)C(Cc2ccccc2)NC(=O)C(Cc2ccccc2)N2CCCC(NC(=O)CN1)C2=O,30,GLACIER,K2,0.0803930847708727,0.1239339000150248,
MSBNK-EAWAG-ED061604__GLACIER__K3,GKSSZFHZBNEQFN,O=C1CCOC(=O)CNC(=O)C(Cc2ccccc2)NC(=O)C(Cc2ccccc2)N2CCCC(NC(=O)CN1)C2=O,30,GLACIER,K3,0.08103506296520252,0.12744872855902534,
MSBNK-EAWAG-ED061605__ICEBERG_2_1__K1,GKSSZFHZBNEQFN,O=C1CCOC(=O)CNC(=O)C(Cc2ccccc2)NC(=O)C(Cc2ccccc2)N2CCCC(NC(=O)CN1)C2=O,40,ICEBERG_2_1,K1,0.8027951181927291,0.4597945537556706,
MSBNK-EAWAG-ED061605__ICEBERG_2_1__K2,GKSSZFHZBNEQFN,O=C1CCOC(=O)CNC(=O)C(Cc2ccccc2)NC(=O)C(Cc2ccccc2)N2CCCC(NC(=O)CN1)C2=O,40,ICEBERG_2_1,K2,0.7984667618924753,0.4191721628056657,
MSBNK-EAWAG-ED061605__ICEBERG_2_1__K3,GKSSZFHZBNEQFN,O=C1CCOC(=O)CNC(=O)C(Cc2ccccc2)NC(=O)C(Cc2ccccc2)N2CCCC(NC(=O)CN1)C2=O,40,ICEBERG_2_1,K3,0.7987256753977974,0.41991816166153606,
MSBNK-EAWAG-ED061605__GLACIER__K1,GKSSZFHZBNEQFN,O=C1CCOC(=O)CNC(=O)C(Cc2ccccc2)NC(=O)C(Cc2ccccc2)N2CCCC(NC(=O)CN1)C2=O,40,GLACIER,K1,0.016960247777806112,0.07243594899478134,
MSBNK-EAWAG-ED061605__GLACIER__K2,GKSSZFHZBNEQFN,O=C1CCOC(=O)CNC(=O)C(Cc2ccccc2)NC(=O)C(Cc2ccccc2)N2CCCC(NC(=O)CN1)C2=O,40,GLACIER,K2,0.8035981894120889,0.46913541517271795,
MSBNK-EAWAG-ED061605__GLACIER__K3,GKSSZFHZBNEQFN,O=C1CCOC(=O)CNC(=O)C(Cc2ccccc2)NC(=O)C(Cc2ccccc2)N2CCCC(NC(=O)CN1)C2=O,40,GLACIER,K3,0.8040067680768639,0.47006775218225394,
MSBNK-EAWAG-ED061606__ICEBERG_2_1__K1,GKSSZFHZBNEQFN,O=C1CCOC(=O)CNC(=O)C(Cc2ccccc2)NC(=O)C(Cc2ccccc2)N2CCCC(NC(=O)CN1)C2=O,50,ICEBERG_2_1,K1,0.8253799908236862,0.45962014193870593,
MSBNK-EAWAG-ED061606__ICEBERG_2_1__K2,GKSSZFHZBNEQFN,O=C1CCOC(=O)CNC(=O)C(Cc2ccccc2)NC(=O)C(Cc2ccccc2)N2CCCC(NC(=O)CN1)C2=O,50,ICEBERG_2_1,K2,0.8236934619201856,0.43695771047304954,
MSBNK-EAWAG-ED061606__ICEBERG_2_1__K3,GKSSZFHZBNEQFN,O=C1CCOC(=O)CNC(=O)C(Cc2ccccc2)NC(=O)C(Cc2ccccc2)N2CCCC(NC(=O)CN1)C2=O,50,ICEBERG_2_1,K3,0.8241070558071705,0.4409573518840073,
MSBNK-EAWAG-ED061606__GLACIER__K1,GKSSZFHZBNEQFN,O=C1CCOC(=O)CNC(=O)C(Cc2ccccc2)NC(=O)C(Cc2ccccc2)N2CCCC(NC(=O)CN1)C2=O,50,GLACIER,K1,0.8256879696112265,0.4732692810430148,
MSBNK-EAWAG-ED061606__GLACIER__K2,GKSSZFHZBNEQFN,O=C1CCOC(=O)CNC(=O)C(Cc2ccccc2)NC(=O)C(Cc2ccccc2)N2CCCC(NC(=O)CN1)C2=O,50,GLACIER,K2,0.7866284301198883,0.46225861884944675,
MSBNK-EAWAG-ED061606__GLACIER__K3,GKSSZFHZBNEQFN,O=C1CCOC(=O)CNC(=O)C(Cc2ccccc2)NC(=O)C(Cc2ccccc2)N2CCCC(NC(=O)CN1)C2=O,50,GLACIER,K3,0.7942484399532421,0.4648127952612128,
MSBNK-EAWAG-ED061607__ICEBERG_2_1__K1,GKSSZFHZBNEQFN,O=C1CCOC(=O)CNC(=O)C(Cc2ccccc2)NC(=O)C(Cc2ccccc2)N2CCCC(NC(=O)CN1)C2=O,60,ICEBERG_2_1,K1,0.8283483317997339,0.45174331425280656,
MSBNK-EAWAG-ED061607__ICEBERG_2_1__K2,GKSSZFHZBNEQFN,O=C1CCOC(=O)CNC(=O)C(Cc2ccccc2)NC(=O)C(Cc2ccccc2)N2CCCC(NC(=O)CN1)C2=O,60,ICEBERG_2_1,K2,0.8328568101345312,0.49658900005625817,
MSBNK-EAWAG-ED061607__ICEBERG_2_1__K3,GKSSZFHZBNEQFN,O=C1CCOC(=O)CNC(=O)C(Cc2ccccc2)NC(=O)C(Cc2ccccc2)N2CCCC(NC(=O)CN1)C2=O,60,ICEBERG_2_1,K3,0.8323126728250035,0.4941409806154904,
MSBNK-EAWAG-ED061607__GLACIER__K1,GKSSZFHZBNEQFN,O=C1CCOC(=O)CNC(=O)C(Cc2ccccc2)NC(=O)C(Cc2ccccc2)N2CCCC(NC(=O)CN1)C2=O,60,GLACIER,K1,0.8420465843569753,0.5392012795290453,
MSBNK-EAWAG-ED061607__GLACIER__K2,GKSSZFHZBNEQFN,O=C1CCOC(=O)CNC(=O)C(Cc2ccccc2)NC(=O)C(Cc2ccccc2)N2CCCC(NC(=O)CN1)C2=O,60,GLACIER,K2,0.10404291176893933,0.1608069667657005,
MSBNK-EAWAG-ED061607__GLACIER__K3,GKSSZFHZBNEQFN,O=C1CCOC(=O)CNC(=O)C(Cc2ccccc2)NC(=O)C(Cc2ccccc2)N2CCCC(NC(=O)CN1)C2=O,60,GLACIER,K3,0.17573593520396658,0.20506564401580907,
MSBNK-EAWAG-ED064201__ICEBERG_2_1__K1,KSVGOBQTQGOLQM,O=C1CCOC(=O)CNC(=O)C(Cc2ccccc2)NC(=O)CN2CCCC(NC(=O)CN1)C2=O,15,ICEBERG_2_1,K1,0.2157953751739503,0.39215350222240575,
MSBNK-EAWAG-ED064201__ICEBERG_2_1__K2,KSVGOBQTQGOLQM,O=C1CCOC(=O)CNC(=O)C(Cc2ccccc2)NC(=O)CN2CCCC(NC(=O)CN1)C2=O,15,ICEBERG_2_1,K2,0.039215041186817706,0.10693746572718754,
MSBNK-EAWAG-ED064201__ICEBERG_2_1__K3,KSVGOBQTQGOLQM,O=C1CCOC(=O)CNC(=O)C(Cc2ccccc2)NC(=O)CN2CCCC(NC(=O)CN1)C2=O,15,ICEBERG_2_1,K3,0.049640863498511587,0.12982342297950922,
MSBNK-EAWAG-ED064201__GLACIER__K1,KSVGOBQTQGOLQM,O=C1CCOC(=O)CNC(=O)C(Cc2ccccc2)NC(=O)CN2CCCC(NC(=O)CN1)C2=O,15,GLACIER,K1,0.20044371077451734,0.3665326430883544,
MSBNK-EAWAG-ED064201__GLACIER__K2,KSVGOBQTQGOLQM,O=C1CCOC(=O)CNC(=O)C(Cc2ccccc2)NC(=O)CN2CCCC(NC(=O)CN1)C2=O,15,GLACIER,K2,0.3765237462712176,0.5330822531342033,
MSBNK-EAWAG-ED064201__GLACIER__K3,KSVGOBQTQGOLQM,O=C1CCOC(=O)CNC(=O)C(Cc2ccccc2)NC(=O)CN2CCCC(NC(=O)CN1)C2=O,15,GLACIER,K3,0.4495227468692844,0.5993825237330224,
MSBNK-EAWAG-ED064202__ICEBERG_2_1__K1,KSVGOBQTQGOLQM,O=C1CCOC(=O)CNC(=O)C(Cc2ccccc2)NC(=O)CN2CCCC(NC(=O)CN1)C2=O,20,ICEBERG_2_1,K1,0.00782660881042235,0.05705479714391992,
MSBNK-EAWAG-ED064202__ICEBERG_2_1__K2,KSVGOBQTQGOLQM,O=C1CCOC(=O)CNC(=O)C(Cc2ccccc2)NC(=O)CN2CCCC(NC(=O)CN1)C2=O,20,ICEBERG_2_1,K2,7.045463566107062e-07,0.0001124003412797947,
MSBNK-EAWAG-ED064202__ICEBERG_2_1__K3,KSVGOBQTQGOLQM,O=C1CCOC(=O)CNC(=O)C(Cc2ccccc2)NC(=O)CN2CCCC(NC(=O)CN1)C2=O,20,ICEBERG_2_1,K3,6.031245648337098e-07,9.834603226221983e-05,
MSBNK-EAWAG-ED064202__GLACIER__K1,KSVGOBQTQGOLQM,O=C1CCOC(=O)CNC(=O)C(Cc2ccccc2)NC(=O)CN2CCCC(NC(=O)CN1)C2=O,20,GLACIER,K1,0.11188288252273858,0.25096806211960854,
MSBNK-EAWAG-ED064202__GLACIER__K2,KSVGOBQTQGOLQM,O=C1CCOC(=O)CNC(=O)C(Cc2ccccc2)NC(=O)CN2CCCC(NC(=O)CN1)C2=O,20,GLACIER,K2,0.005564035309887302,0.02260446860988352,
MSBNK-EAWAG-ED064202__GLACIER__K3,KSVGOBQTQGOLQM,O=C1CCOC(=O)CNC(=O)C(Cc2ccccc2)NC(=O)CN2CCCC(NC(=O)CN1)C2=O,20,GLACIER,K3,0.004646620773034172,0.019656411033298515,
MSBNK-EAWAG-ED064203__ICEBERG_2_1__K1,KSVGOBQTQGOLQM,O=C1CCOC(=O)CNC(=O)C(Cc2ccccc2)NC(=O)CN2CCCC(NC(=O)CN1)C2=O,25,ICEBERG_2_1,K1,0.08067407087716094,0.120019049225489,
MSBNK-EAWAG-ED064203__ICEBERG_2_1__K2,KSVGOBQTQGOLQM,O=C1CCOC(=O)CNC(=O)C(Cc2ccccc2)NC(=O)CN2CCCC(NC(=O)CN1)C2=O,25,ICEBERG_2_1,K2,2.851966940908651e-05,0.0023920824143194297,
MSBNK-EAWAG-ED064203__ICEBERG_2_1__K3,KSVGOBQTQGOLQM,O=C1CCOC(=O)CNC(=O)C(Cc2ccccc2)NC(=O)CN2CCCC(NC(=O)CN1)C2=O,25,ICEBERG_2_1,K3,5.080097067608248e-05,0.0029508695375696226,
MSBNK-EAWAG-ED064203__GLACIER__K1,KSVGOBQTQGOLQM,O=C1CCOC(=O)CNC(=O)C(Cc2ccccc2)NC(=O)CN2CCCC(NC(=O)CN1)C2=O,25,GLACIER,K1,0.22679099667316852,0.26508143198740874,
MSBNK-EAWAG-ED064203__GLACIER__K2,KSVGOBQTQGOLQM,O=C1CCOC(=O)CNC(=O)C(Cc2ccccc2)NC(=O)CN2CCCC(NC(=O)CN1)C2=O,25,GLACIER,K2,0.1387210887129925,0.17877436727293083,
MSBNK-EAWAG-ED064203__GLACIER__K3,KSVGOBQTQGOLQM,O=C1CCOC(=O)CNC(=O)C(Cc2ccccc2)NC(=O)CN2CCCC(NC(=O)CN1)C2=O,25,GLACIER,K3,0.13810935415466585,0.17541488605905808,
MSBNK-EAWAG-ED064204__ICEBERG_2_1__K1,KSVGOBQTQGOLQM,O=C1CCOC(=O)CNC(=O)C(Cc2ccccc2)NC(=O)CN2CCCC(NC(=O)CN1)C2=O,30,ICEBERG_2_1,K1,0.0004914591250401234,0.004017982522520613,
MSBNK-EAWAG-ED064204__ICEBERG_2_1__K2,KSVGOBQTQGOLQM,O=C1CCOC(=O)CNC(=O)C(Cc2ccccc2)NC(=O)CN2CCCC(NC(=O)CN1)C2=O,30,ICEBERG_2_1,K2,0.39131717400632976,0.34898056656558674,
MSBNK-EAWAG-ED064204__ICEBERG_2_1__K3,KSVGOBQTQGOLQM,O=C1CCOC(=O)CNC(=O)C(Cc2ccccc2)NC(=O)CN2CCCC(NC(=O)CN1)C2=O,30,ICEBERG_2_1,K3,0.3913831357384524,0.34975548133171364,
MSBNK-EAWAG-ED064204__GLACIER__K1,KSVGOBQTQGOLQM,O=C1CCOC(=O)CNC(=O)C(Cc2ccccc2)NC(=O)CN2CCCC(NC(=O)CN1)C2=O,30,GLACIER,K1,0.38677789111011956,0.3406921290867513,
MSBNK-EAWAG-ED064204__GLACIER__K2,KSVGOBQTQGOLQM,O=C1CCOC(=O)CNC(=O)C(Cc2ccccc2)NC(=O)CN2CCCC(NC(=O)CN1)C2=O,30,GLACIER,K2,0.3903081942462449,0.3449947795984023,
MSBNK-EAWAG-ED064204__GLACIER__K3,KSVGOBQTQGOLQM,O=C1CCOC(=O)CNC(=O)C(Cc2ccccc2)NC(=O)CN2CCCC(NC(=O)CN1)C2=O,30,GLACIER,K3,0.3905242667127183,0.3502923120976891,
MSBNK-EAWAG-ED064205__ICEBERG_2_1__K1,KSVGOBQTQGOLQM,O=C1CCOC(=O)CNC(=O)C(Cc2ccccc2)NC(=O)CN2CCCC(NC(=O)CN1)C2=O,40,ICEBERG_2_1,K1,0.7152016105655771,0.5576487337780901,
MSBNK-EAWAG-ED064205__ICEBERG_2_1__K2,KSVGOBQTQGOLQM,O=C1CCOC(=O)CNC(=O)C(Cc2ccccc2)NC(=O)CN2CCCC(NC(=O)CN1)C2=O,40,ICEBERG_2_1,K2,0.7150442302854049,0.5423542043852165,
MSBNK-EAWAG-ED064205__ICEBERG_2_1__K3,KSVGOBQTQGOLQM,O=C1CCOC(=O)CNC(=O)C(Cc2ccccc2)NC(=O)CN2CCCC(NC(=O)CN1)C2=O,40,ICEBERG_2_1,K3,0.7150124592268265,0.5426416386727875,
MSBNK-EAWAG-ED064205__GLACIER__K1,KSVGOBQTQGOLQM,O=C1CCOC(=O)CNC(=O)C(Cc2ccccc2)NC(=O)CN2CCCC(NC(=O)CN1)C2=O,40,GLACIER,K1,0.0013194038784641344,0.017222341988164525,
MSBNK-EAWAG-ED064205__GLACIER__K2,KSVGOBQTQGOLQM,O=C1CCOC(=O)CNC(=O)C(Cc2ccccc2)NC(=O)CN2CCCC(NC(=O)CN1)C2=O,40,GLACIER,K2,0.7042323667568408,0.5190671867166488,
MSBNK-EAWAG-ED064205__GLACIER__K3,KSVGOBQTQGOLQM,O=C1CCOC(=O)CNC(=O)C(Cc2ccccc2)NC(=O)CN2CCCC(NC(=O)CN1)C2=O,40,GLACIER,K3,0.7075379989471077,0.5267923623171942,
MSBNK-EAWAG-ED064206__ICEBERG_2_1__K1,KSVGOBQTQGOLQM,O=C1CCOC(=O)CNC(=O)C(Cc2ccccc2)NC(=O)CN2CCCC(NC(=O)CN1)C2=O,50,ICEBERG_2_1,K1,0.88237449543988,0.6379240715374241,
MSBNK-EAWAG-ED064206__ICEBERG_2_1__K2,KSVGOBQTQGOLQM,O=C1CCOC(=O)CNC(=O)C(Cc2ccccc2)NC(=O)CN2CCCC(NC(=O)CN1)C2=O,50,ICEBERG_2_1,K2,0.8184131146141547,0.5248732685062265,
MSBNK-EAWAG-ED064206__ICEBERG_2_1__K3,KSVGOBQTQGOLQM,O=C1CCOC(=O)CNC(=O)C(Cc2ccccc2)NC(=O)CN2CCCC(NC(=O)CN1)C2=O,50,ICEBERG_2_1,K3,0.8680585237505091,0.5632678137452374,
MSBNK-EAWAG-ED064206__GLACIER__K1,KSVGOBQTQGOLQM,O=C1CCOC(=O)CNC(=O)C(Cc2ccccc2)NC(=O)CN2CCCC(NC(=O)CN1)C2=O,50,GLACIER,K1,0.8784734866031654,0.6063004507113547,
MSBNK-EAWAG-ED064206__GLACIER__K2,KSVGOBQTQGOLQM,O=C1CCOC(=O)CNC(=O)C(Cc2ccccc2)NC(=O)CN2CCCC(NC(=O)CN1)C2=O,50,GLACIER,K2,0.8153002728313616,0.5090822629586439,
MSBNK-EAWAG-ED064206__GLACIER__K3,KSVGOBQTQGOLQM,O=C1CCOC(=O)CNC(=O)C(Cc2ccccc2)NC(=O)CN2CCCC(NC(=O)CN1)C2=O,50,GLACIER,K3,0.8144778794350298,0.5088915622317047,
MSBNK-EAWAG-ED064207__ICEBERG_2_1__K1,KSVGOBQTQGOLQM,O=C1CCOC(=O)CNC(=O)C(Cc2ccccc2)NC(=O)CN2CCCC(NC(=O)CN1)C2=O,60,ICEBERG_2_1,K1,0.9363598737675122,0.6586079832920504,
MSBNK-EAWAG-ED064207__ICEBERG_2_1__K2,KSVGOBQTQGOLQM,O=C1CCOC(=O)CNC(=O)C(Cc2ccccc2)NC(=O)CN2CCCC(NC(=O)CN1)C2=O,60,ICEBERG_2_1,K2,0.8600806348917528,0.5836476728021563,
MSBNK-EAWAG-ED064207__ICEBERG_2_1__K3,KSVGOBQTQGOLQM,O=C1CCOC(=O)CNC(=O)C(Cc2ccccc2)NC(=O)CN2CCCC(NC(=O)CN1)C2=O,60,ICEBERG_2_1,K3,0.8007226223329809,0.5434110470547038,
MSBNK-EAWAG-ED064207__GLACIER__K1,KSVGOBQTQGOLQM,O=C1CCOC(=O)CNC(=O)C(Cc2ccccc2)NC(=O)CN2CCCC(NC(=O)CN1)C2=O,60,GLACIER,K1,0.9307415764919995,0.6548777478540073,
MSBNK-EAWAG-ED064207__GLACIER__K2,KSVGOBQTQGOLQM,O=C1CCOC(=O)CNC(=O)C(Cc2ccccc2)NC(=O)CN2CCCC(NC(=O)CN1)C2=O,60,GLACIER,K2,0.5785866162075983,0.4036366497904478,
MSBNK-EAWAG-ED064207__GLACIER__K3,KSVGOBQTQGOLQM,O=C1CCOC(=O)CNC(=O)C(Cc2ccccc2)NC(=O)CN2CCCC(NC(=O)CN1)C2=O,60,GLACIER,K3,0.5018870506823059,0.35879972794587,
MSBNK-EAWAG-ED075201__ICEBERG_2_1__K1,COYVFWSNQRUPIO,O=C1CCCCCNC(=O)CNC(=O)C(CCc2ccccc2)NC(=O)C(CCc2ccccc2)NC(=O)CN1,15,ICEBERG_2_1,K1,0.9342612422618982,0.7120141270368949,
MSBNK-EAWAG-ED075201__ICEBERG_2_1__K2,COYVFWSNQRUPIO,O=C1CCCCCNC(=O)CNC(=O)C(CCc2ccccc2)NC(=O)C(CCc2ccccc2)NC(=O)CN1,15,ICEBERG_2_1,K2,0.08002502526663106,0.16114618093549704,
MSBNK-EAWAG-ED075201__ICEBERG_2_1__K3,COYVFWSNQRUPIO,O=C1CCCCCNC(=O)CNC(=O)C(CCc2ccccc2)NC(=O)C(CCc2ccccc2)NC(=O)CN1,15,ICEBERG_2_1,K3,0.06863825172040532,0.1598784401853608,
MSBNK-EAWAG-ED075201__GLACIER__K1,COYVFWSNQRUPIO,O=C1CCCCCNC(=O)CNC(=O)C(CCc2ccccc2)NC(=O)C(CCc2ccccc2)NC(=O)CN1,15,GLACIER,K1,0.8297267944928443,0.7280858561358861,
MSBNK-EAWAG-ED075201__GLACIER__K2,COYVFWSNQRUPIO,O=C1CCCCCNC(=O)CNC(=O)C(CCc2ccccc2)NC(=O)C(CCc2ccccc2)NC(=O)CN1,15,GLACIER,K2,0.021602478936740735,0.10119578785374539,
MSBNK-EAWAG-ED075201__GLACIER__K3,COYVFWSNQRUPIO,O=C1CCCCCNC(=O)CNC(=O)C(CCc2ccccc2)NC(=O)C(CCc2ccccc2)NC(=O)CN1,15,GLACIER,K3,0.034711360084716716,0.11164639979937419,
MSBNK-EAWAG-ED075202__ICEBERG_2_1__K1,COYVFWSNQRUPIO,O=C1CCCCCNC(=O)CNC(=O)C(CCc2ccccc2)NC(=O)C(CCc2ccccc2)NC(=O)CN1,20,ICEBERG_2_1,K1,0.5407321808543203,0.40740004988715883,
MSBNK-EAWAG-ED075202__ICEBERG_2_1__K2,COYVFWSNQRUPIO,O=C1CCCCCNC(=O)CNC(=O)C(CCc2ccccc2)NC(=O)C(CCc2ccccc2)NC(=O)CN1,20,ICEBERG_2_1,K2,0.039087072042006094,0.0736056487417367,
MSBNK-EAWAG-ED075202__ICEBERG_2_1__K3,COYVFWSNQRUPIO,O=C1CCCCCNC(=O)CNC(=O)C(CCc2ccccc2)NC(=O)C(CCc2ccccc2)NC(=O)CN1,20,ICEBERG_2_1,K3,0.05696365586397954,0.09538561943372359,
MSBNK-EAWAG-ED075202__GLACIER__K1,COYVFWSNQRUPIO,O=C1CCCCCNC(=O)CNC(=O)C(CCc2ccccc2)NC(=O)C(CCc2ccccc2)NC(=O)CN1,20,GLACIER,K1,0.7042767081522614,0.5952713806840778,
MSBNK-EAWAG-ED075202__GLACIER__K2,COYVFWSNQRUPIO,O=C1CCCCCNC(=O)CNC(=O)C(CCc2ccccc2)NC(=O)C(CCc2ccccc2)NC(=O)CN1,20,GLACIER,K2,0.005338875807864234,0.022792221542063396,
MSBNK-EAWAG-ED075202__GLACIER__K3,COYVFWSNQRUPIO,O=C1CCCCCNC(=O)CNC(=O)C(CCc2ccccc2)NC(=O)C(CCc2ccccc2)NC(=O)CN1,20,GLACIER,K3,0.004814979754640276,0.02148535305313093,
MSBNK-EAWAG-ED075203__ICEBERG_2_1__K1,COYVFWSNQRUPIO,O=C1CCCCCNC(=O)CNC(=O)C(CCc2ccccc2)NC(=O)C(CCc2ccccc2)NC(=O)CN1,25,ICEBERG_2_1,K1,0.03445679593223974,0.07778914977859974,
MSBNK-EAWAG-ED075203__ICEBERG_2_1__K2,COYVFWSNQRUPIO,O=C1CCCCCNC(=O)CNC(=O)C(CCc2ccccc2)NC(=O)C(CCc2ccccc2)NC(=O)CN1,25,ICEBERG_2_1,K2,0.3800467189298204,0.2645394115047298,
MSBNK-EAWAG-ED075203__ICEBERG_2_1__K3,COYVFWSNQRUPIO,O=C1CCCCCNC(=O)CNC(=O)C(CCc2ccccc2)NC(=O)C(CCc2ccccc2)NC(=O)CN1,25,ICEBERG_2_1,K3,0.38490597181552444,0.26466050099752647,
MSBNK-EAWAG-ED075203__GLACIER__K1,COYVFWSNQRUPIO,O=C1CCCCCNC(=O)CNC(=O)C(CCc2ccccc2)NC(=O)C(CCc2ccccc2)NC(=O)CN1,25,GLACIER,K1,0.01893194787627388,0.06825878272690156,
MSBNK-EAWAG-ED075203__GLACIER__K2,COYVFWSNQRUPIO,O=C1CCCCCNC(=O)CNC(=O)C(CCc2ccccc2)NC(=O)C(CCc2ccccc2)NC(=O)CN1,25,GLACIER,K2,0.5119195448926629,0.32998924323605094,
MSBNK-EAWAG-ED075203__GLACIER__K3,COYVFWSNQRUPIO,O=C1CCCCCNC(=O)CNC(=O)C(CCc2ccccc2)NC(=O)C(CCc2ccccc2)NC(=O)CN1,25,GLACIER,K3,0.5137176289521351,0.33251604850120353,
MSBNK-EAWAG-ED075204__ICEBERG_2_1__K1,COYVFWSNQRUPIO,O=C1CCCCCNC(=O)CNC(=O)C(CCc2ccccc2)NC(=O)C(CCc2ccccc2)NC(=O)CN1,30,ICEBERG_2_1,K1,0.06871865164602643,0.10780797919074103,
MSBNK-EAWAG-ED075204__ICEBERG_2_1__K2,COYVFWSNQRUPIO,O=C1CCCCCNC(=O)CNC(=O)C(CCc2ccccc2)NC(=O)C(CCc2ccccc2)NC(=O)CN1,30,ICEBERG_2_1,K2,0.5901182083742542,0.35449887703491834,
MSBNK-EAWAG-ED075204__ICEBERG_2_1__K3,COYVFWSNQRUPIO,O=C1CCCCCNC(=O)CNC(=O)C(CCc2ccccc2)NC(=O)C(CCc2ccccc2)NC(=O)CN1,30,ICEBERG_2_1,K3,0.7160584256235283,0.3990727281874843,
MSBNK-EAWAG-ED075204__GLACIER__K1,COYVFWSNQRUPIO,O=C1CCCCCNC(=O)CNC(=O)C(CCc2ccccc2)NC(=O)C(CCc2ccccc2)NC(=O)CN1,30,GLACIER,K1,0.7036116343565935,0.4527017938407376,
MSBNK-EAWAG-ED075204__GLACIER__K2,COYVFWSNQRUPIO,O=C1CCCCCNC(=O)CNC(=O)C(CCc2ccccc2)NC(=O)C(CCc2ccccc2)NC(=O)CN1,30,GLACIER,K2,0.5502928508871426,0.36386812786819733,
MSBNK-EAWAG-ED075204__GLACIER__K3,COYVFWSNQRUPIO,O=C1CCCCCNC(=O)CNC(=O)C(CCc2ccccc2)NC(=O)C(CCc2ccccc2)NC(=O)CN1,30,GLACIER,K3,0.7863553065881084,0.48371107780021083,
MSBNK-EAWAG-ED075205__ICEBERG_2_1__K1,COYVFWSNQRUPIO,O=C1CCCCCNC(=O)CNC(=O)C(CCc2ccccc2)NC(=O)C(CCc2ccccc2)NC(=O)CN1,40,ICEBERG_2_1,K1,0.7130652702083686,0.5702195031993552,
MSBNK-EAWAG-ED075205__ICEBERG_2_1__K2,COYVFWSNQRUPIO,O=C1CCCCCNC(=O)CNC(=O)C(CCc2ccccc2)NC(=O)C(CCc2ccccc2)NC(=O)CN1,40,ICEBERG_2_1,K2,0.806108272594114,0.5901420304415225,
MSBNK-EAWAG-ED075205__ICEBERG_2_1__K3,COYVFWSNQRUPIO,O=C1CCCCCNC(=O)CNC(=O)C(CCc2ccccc2)NC(=O)C(CCc2ccccc2)NC(=O)CN1,40,ICEBERG_2_1,K3,0.8890278562191023,0.6222293675170865,
MSBNK-EAWAG-ED075205__GLACIER__K1,COYVFWSNQRUPIO,O=C1CCCCCNC(=O)CNC(=O)C(CCc2ccccc2)NC(=O)C(CCc2ccccc2)NC(=O)CN1,40,GLACIER,K1,0.9038817733593387,0.6452280456784949,
MSBNK-EAWAG-ED075205__GLACIER__K2,COYVFWSNQRUPIO,O=C1CCCCCNC(=O)CNC(=O)C(CCc2ccccc2)NC(=O)C(CCc2ccccc2)NC(=O)CN1,40,GLACIER,K2,0.7966184117389632,0.5629842235800566,
MSBNK-EAWAG-ED075205__GLACIER__K3,COYVFWSNQRUPIO,O=C1CCCCCNC(=O)CNC(=O)C(CCc2ccccc2)NC(=O)C(CCc2ccccc2)NC(=O)CN1,40,GLACIER,K3,0.01953976383159495,0.06555495313629989,
MSBNK-EAWAG-ED075206__ICEBERG_2_1__K1,COYVFWSNQRUPIO,O=C1CCCCCNC(=O)CNC(=O)C(CCc2ccccc2)NC(=O)C(CCc2ccccc2)NC(=O)CN1,50,ICEBERG_2_1,K1,0.8066974140522833,0.6206767967216429,
MSBNK-EAWAG-ED075206__ICEBERG_2_1__K2,COYVFWSNQRUPIO,O=C1CCCCCNC(=O)CNC(=O)C(CCc2ccccc2)NC(=O)C(CCc2ccccc2)NC(=O)CN1,50,ICEBERG_2_1,K2,0.1771408375713048,0.27613040959234514,
MSBNK-EAWAG-ED075206__ICEBERG_2_1__K3,COYVFWSNQRUPIO,O=C1CCCCCNC(=O)CNC(=O)C(CCc2ccccc2)NC(=O)C(CCc2ccccc2)NC(=O)CN1,50,ICEBERG_2_1,K3,0.14883322885028882,0.23822307309838986,
MSBNK-EAWAG-ED075206__GLACIER__K1,COYVFWSNQRUPIO,O=C1CCCCCNC(=O)CNC(=O)C(CCc2ccccc2)NC(=O)C(CCc2ccccc2)NC(=O)CN1,50,GLACIER,K1,0.8979999533715817,0.6596192515462889,
MSBNK-EAWAG-ED075206__GLACIER__K2,COYVFWSNQRUPIO,O=C1CCCCCNC(=O)CNC(=O)C(CCc2ccccc2)NC(=O)C(CCc2ccccc2)NC(=O)CN1,50,GLACIER,K2,0.11964040701309267,0.2896709680485724,
MSBNK-EAWAG-ED075206__GLACIER__K3,COYVFWSNQRUPIO,O=C1CCCCCNC(=O)CNC(=O)C(CCc2ccccc2)NC(=O)C(CCc2ccccc2)NC(=O)CN1,50,GLACIER,K3,0.11872317468735803,0.28725636144702993,
MSBNK-EAWAG-ED075207__ICEBERG_2_1__K1,COYVFWSNQRUPIO,O=C1CCCCCNC(=O)CNC(=O)C(CCc2ccccc2)NC(=O)C(CCc2ccccc2)NC(=O)CN1,60,ICEBERG_2_1,K1,0.6467655471087966,0.4897725737331944,
MSBNK-EAWAG-ED075207__ICEBERG_2_1__K2,COYVFWSNQRUPIO,O=C1CCCCCNC(=O)CNC(=O)C(CCc2ccccc2)NC(=O)C(CCc2ccccc2)NC(=O)CN1,60,ICEBERG_2_1,K2,0.05484328128089188,0.1270770456094732,
MSBNK-EAWAG-ED075207__ICEBERG_2_1__K3,COYVFWSNQRUPIO,O=C1CCCCCNC(=O)CNC(=O)C(CCc2ccccc2)NC(=O)C(CCc2ccccc2)NC(=O)CN1,60,ICEBERG_2_1,K3,0.06663917830509393,0.14289860532923904,
MSBNK-EAWAG-ED075207__GLACIER__K1,COYVFWSNQRUPIO,O=C1CCCCCNC(=O)CNC(=O)C(CCc2ccccc2)NC(=O)C(CCc2ccccc2)NC(=O)CN1,60,GLACIER,K1,0.8613074590487312,0.6446911560772693,
MSBNK-EAWAG-ED075207__GLACIER__K2,COYVFWSNQRUPIO,O=C1CCCCCNC(=O)CNC(=O)C(CCc2ccccc2)NC(=O)C(CCc2ccccc2)NC(=O)CN1,60,GLACIER,K2,0.05133849403205708,0.1905493012295112,
MSBNK-EAWAG-ED075207__GLACIER__K3,COYVFWSNQRUPIO,O=C1CCCCCNC(=O)CNC(=O)C(CCc2ccccc2)NC(=O)C(CCc2ccccc2)NC(=O)CN1,60,GLACIER,K3,0.039143244480125586,0.16271398965319717,
MSBNK-EAWAG-ED081101__ICEBERG_2_1__K1,UHGIIADZWWCEKS,O=C1CCCCCNC(=O)C(Cc2ccccc2)NC(=O)CNC(=O)C(CCc2ccccc2)NC(=O)CN1,15,ICEBERG_2_1,K1,0.7652123037773335,0.7091100325156445,
MSBNK-EAWAG-ED081101__ICEBERG_2_1__K2,UHGIIADZWWCEKS,O=C1CCCCCNC(=O)C(Cc2ccccc2)NC(=O)CNC(=O)C(CCc2ccccc2)NC(=O)CN1,15,ICEBERG_2_1,K2,0.30329987134372105,0.393024706431636,
MSBNK-EAWAG-ED081101__ICEBERG_2_1__K3,UHGIIADZWWCEKS,O=C1CCCCCNC(=O)C(Cc2ccccc2)NC(=O)CNC(=O)C(CCc2ccccc2)NC(=O)CN1,15,ICEBERG_2_1,K3,0.5151133768863772,0.5276342307400892,
MSBNK-EAWAG-ED081101__GLACIER__K1,UHGIIADZWWCEKS,O=C1CCCCCNC(=O)C(Cc2ccccc2)NC(=O)CNC(=O)C(CCc2ccccc2)NC(=O)CN1,15,GLACIER,K1,0.603899069744811,0.5081955956830884,
MSBNK-EAWAG-ED081101__GLACIER__K2,UHGIIADZWWCEKS,O=C1CCCCCNC(=O)C(Cc2ccccc2)NC(=O)CNC(=O)C(CCc2ccccc2)NC(=O)CN1,15,GLACIER,K2,0.09498444448963644,0.2016449215125159,
MSBNK-EAWAG-ED081101__GLACIER__K3,UHGIIADZWWCEKS,O=C1CCCCCNC(=O)C(Cc2ccccc2)NC(=O)CNC(=O)C(CCc2ccccc2)NC(=O)CN1,15,GLACIER,K3,0.08739374721877449,0.16920369430184456,
MSBNK-EAWAG-ED081102__ICEBERG_2_1__K1,UHGIIADZWWCEKS,O=C1CCCCCNC(=O)C(Cc2ccccc2)NC(=O)CNC(=O)C(CCc2ccccc2)NC(=O)CN1,20,ICEBERG_2_1,K1,0.5709907140362059,0.4622625719352079,
MSBNK-EAWAG-ED081102__ICEBERG_2_1__K2,UHGIIADZWWCEKS,O=C1CCCCCNC(=O)C(Cc2ccccc2)NC(=O)CNC(=O)C(CCc2ccccc2)NC(=O)CN1,20,ICEBERG_2_1,K2,0.03494175527775695,0.09526849150176242,
MSBNK-EAWAG-ED081102__ICEBERG_2_1__K3,UHGIIADZWWCEKS,O=C1CCCCCNC(=O)C(Cc2ccccc2)NC(=O)CNC(=O)C(CCc2ccccc2)NC(=O)CN1,20,ICEBERG_2_1,K3,0.05388042876467308,0.13427770902592506,
MSBNK-EAWAG-ED081102__GLACIER__K1,UHGIIADZWWCEKS,O=C1CCCCCNC(=O)C(Cc2ccccc2)NC(=O)CNC(=O)C(CCc2ccccc2)NC(=O)CN1,20,GLACIER,K1,0.18939626130978915,0.24786887729869866,
MSBNK-EAWAG-ED081102__GLACIER__K2,UHGIIADZWWCEKS,O=C1CCCCCNC(=O)C(Cc2ccccc2)NC(=O)CNC(=O)C(CCc2ccccc2)NC(=O)CN1,20,GLACIER,K2,0.015296155640976543,0.060471125386619584,
MSBNK-EAWAG-ED081102__GLACIER__K3,UHGIIADZWWCEKS,O=C1CCCCCNC(=O)C(Cc2ccccc2)NC(=O)CNC(=O)C(CCc2ccccc2)NC(=O)CN1,20,GLACIER,K3,0.017788754824853457,0.062370528482690424,
MSBNK-EAWAG-ED081103__ICEBERG_2_1__K1,UHGIIADZWWCEKS,O=C1CCCCCNC(=O)C(Cc2ccccc2)NC(=O)CNC(=O)C(CCc2ccccc2)NC(=O)CN1,25,ICEBERG_2_1,K1,0.3096508298119924,0.3109725678330756,
MSBNK-EAWAG-ED081103__ICEBERG_2_1__K2,UHGIIADZWWCEKS,O=C1CCCCCNC(=O)C(Cc2ccccc2)NC(=O)CNC(=O)C(CCc2ccccc2)NC(=O)CN1,25,ICEBERG_2_1,K2,0.03421024333391623,0.08447292578032528,
MSBNK-EAWAG-ED081103__ICEBERG_2_1__K3,UHGIIADZWWCEKS,O=C1CCCCCNC(=O)C(Cc2ccccc2)NC(=O)CNC(=O)C(CCc2ccccc2)NC(=O)CN1,25,ICEBERG_2_1,K3,0.026320982071194543,0.08113223591289442,
MSBNK-EAWAG-ED081103__GLACIER__K1,UHGIIADZWWCEKS,O=C1CCCCCNC(=O)C(Cc2ccccc2)NC(=O)CNC(=O)C(CCc2ccccc2)NC(=O)CN1,25,GLACIER,K1,0.35659236410753564,0.4259881055861433,
MSBNK-EAWAG-ED081103__GLACIER__K2,UHGIIADZWWCEKS,O=C1CCCCCNC(=O)C(Cc2ccccc2)NC(=O)CNC(=O)C(CCc2ccccc2)NC(=O)CN1,25,GLACIER,K2,0.11977012359996247,0.16742515017914128,
MSBNK-EAWAG-ED081103__GLACIER__K3,UHGIIADZWWCEKS,O=C1CCCCCNC(=O)C(Cc2ccccc2)NC(=O)CNC(=O)C(CCc2ccccc2)NC(=O)CN1,25,GLACIER,K3,0.10630801100050949,0.16379616294068655,
MSBNK-EAWAG-ED081104__ICEBERG_2_1__K1,UHGIIADZWWCEKS,O=C1CCCCCNC(=O)C(Cc2ccccc2)NC(=O)CNC(=O)C(CCc2ccccc2)NC(=O)CN1,30,ICEBERG_2_1,K1,0.08130228493244761,0.15051268152439246,
MSBNK-EAWAG-ED081104__ICEBERG_2_1__K2,UHGIIADZWWCEKS,O=C1CCCCCNC(=O)C(Cc2ccccc2)NC(=O)CNC(=O)C(CCc2ccccc2)NC(=O)CN1,30,ICEBERG_2_1,K2,0.006991119463497362,0.05367583957392297,
MSBNK-EAWAG-ED081104__ICEBERG_2_1__K3,UHGIIADZWWCEKS,O=C1CCCCCNC(=O)C(Cc2ccccc2)NC(=O)CNC(=O)C(CCc2ccccc2)NC(=O)CN1,30,ICEBERG_2_1,K3,0.007758219327638209,0.05786950092961163,
MSBNK-EAWAG-ED081104__GLACIER__K1,UHGIIADZWWCEKS,O=C1CCCCCNC(=O)C(Cc2ccccc2)NC(=O)CNC(=O)C(CCc2ccccc2)NC(=O)CN1,30,GLACIER,K1,0.1687288947019121,0.2495769312556655,
MSBNK-EAWAG-ED081104__GLACIER__K2,UHGIIADZWWCEKS,O=C1CCCCCNC(=O)C(Cc2ccccc2)NC(=O)CNC(=O)C(CCc2ccccc2)NC(=O)CN1,30,GLACIER,K2,0.18112259610276732,0.2968827851360202,
MSBNK-EAWAG-ED081104__GLACIER__K3,UHGIIADZWWCEKS,O=C1CCCCCNC(=O)C(Cc2ccccc2)NC(=O)CNC(=O)C(CCc2ccccc2)NC(=O)CN1,30,GLACIER,K3,0.17716216034001747,0.2802704427303446,
MSBNK-EAWAG-ED081105__ICEBERG_2_1__K1,UHGIIADZWWCEKS,O=C1CCCCCNC(=O)C(Cc2ccccc2)NC(=O)CNC(=O)C(CCc2ccccc2)NC(=O)CN1,40,ICEBERG_2_1,K1,0.16944254178321036,0.2973494035438674,
MSBNK-EAWAG-ED081105__ICEBERG_2_1__K2,UHGIIADZWWCEKS,O=C1CCCCCNC(=O)C(Cc2ccccc2)NC(=O)CNC(=O)C(CCc2ccccc2)NC(=O)CN1,40,ICEBERG_2_1,K2,0.16025613993029655,0.2990565225312478,
MSBNK-EAWAG-ED081105__ICEBERG_2_1__K3,UHGIIADZWWCEKS,O=C1CCCCCNC(=O)C(Cc2ccccc2)NC(=O)CNC(=O)C(CCc2ccccc2)NC(=O)CN1,40,ICEBERG_2_1,K3,0.1493876236651388,0.2733949721412272,
MSBNK-EAWAG-ED081105__GLACIER__K1,UHGIIADZWWCEKS,O=C1CCCCCNC(=O)C(Cc2ccccc2)NC(=O)CNC(=O)C(CCc2ccccc2)NC(=O)CN1,40,GLACIER,K1,0.3082536645537157,0.4590837370085027,
MSBNK-EAWAG-ED081105__GLACIER__K2,UHGIIADZWWCEKS,O=C1CCCCCNC(=O)C(Cc2ccccc2)NC(=O)CNC(=O)C(CCc2ccccc2)NC(=O)CN1,40,GLACIER,K2,0.18513912272044555,0.3580350989818687,
MSBNK-EAWAG-ED081105__GLACIER__K3,UHGIIADZWWCEKS,O=C1CCCCCNC(=O)C(Cc2ccccc2)NC(=O)CNC(=O)C(CCc2ccccc2)NC(=O)CN1,40,GLACIER,K3,0.18471617135628982,0.36678030686109275,
MSBNK-EAWAG-ED081106__ICEBERG_2_1__K1,UHGIIADZWWCEKS,O=C1CCCCCNC(=O)C(Cc2ccccc2)NC(=O)CNC(=O)C(CCc2ccccc2)NC(=O)CN1,50,ICEBERG_2_1,K1,0.1553525803130803,0.32758634341863446,
MSBNK-EAWAG-ED081106__ICEBERG_2_1__K2,UHGIIADZWWCEKS,O=C1CCCCCNC(=O)C(Cc2ccccc2)NC(=O)CNC(=O)C(CCc2ccccc2)NC(=O)CN1,50,ICEBERG_2_1,K2,0.1404397429148747,0.30152862399940883,
MSBNK-EAWAG-ED081106__ICEBERG_2_1__K3,UHGIIADZWWCEKS,O=C1CCCCCNC(=O)C(Cc2ccccc2)NC(=O)CNC(=O)C(CCc2ccccc2)NC(=O)CN1,50,ICEBERG_2_1,K3,0.07287436791130886,0.23865476375806227,
MSBNK-EAWAG-ED081106__GLACIER__K1,UHGIIADZWWCEKS,O=C1CCCCCNC(=O)C(Cc2ccccc2)NC(=O)CNC(=O)C(CCc2ccccc2)NC(=O)CN1,50,GLACIER,K1,0.4077804740946746,0.5226459816278471,
MSBNK-EAWAG-ED081106__GLACIER__K2,UHGIIADZWWCEKS,O=C1CCCCCNC(=O)C(Cc2ccccc2)NC(=O)CNC(=O)C(CCc2ccccc2)NC(=O)CN1,50,GLACIER,K2,0.26711057590648185,0.41420664743497215,
MSBNK-EAWAG-ED081106__GLACIER__K3,UHGIIADZWWCEKS,O=C1CCCCCNC(=O)C(Cc2ccccc2)NC(=O)CNC(=O)C(CCc2ccccc2)NC(=O)CN1,50,GLACIER,K3,0.3208024250288825,0.4329229526585524,
MSBNK-EAWAG-ED081107__ICEBERG_2_1__K1,UHGIIADZWWCEKS,O=C1CCCCCNC(=O)C(Cc2ccccc2)NC(=O)CNC(=O)C(CCc2ccccc2)NC(=O)CN1,60,ICEBERG_2_1,K1,0.09083246174403545,0.2859030060863943,
MSBNK-EAWAG-ED081107__ICEBERG_2_1__K2,UHGIIADZWWCEKS,O=C1CCCCCNC(=O)C(Cc2ccccc2)NC(=O)CNC(=O)C(CCc2ccccc2)NC(=O)CN1,60,ICEBERG_2_1,K2,0.017362264408245082,0.10647854472841589,
MSBNK-EAWAG-ED081107__ICEBERG_2_1__K3,UHGIIADZWWCEKS,O=C1CCCCCNC(=O)C(Cc2ccccc2)NC(=O)CNC(=O)C(CCc2ccccc2)NC(=O)CN1,60,ICEBERG_2_1,K3,0.017966840174350844,0.10854437896976243,
MSBNK-EAWAG-ED081107__GLACIER__K1,UHGIIADZWWCEKS,O=C1CCCCCNC(=O)C(Cc2ccccc2)NC(=O)CNC(=O)C(CCc2ccccc2)NC(=O)CN1,60,GLACIER,K1,0.3916582849230771,0.5173347120495575,
MSBNK-EAWAG-ED081107__GLACIER__K2,UHGIIADZWWCEKS,O=C1CCCCCNC(=O)C(Cc2ccccc2)NC(=O)CNC(=O)C(CCc2ccccc2)NC(=O)CN1,60,GLACIER,K2,0.24430960234540397,0.3761132516477289,
MSBNK-EAWAG-ED081107__GLACIER__K3,UHGIIADZWWCEKS,O=C1CCCCCNC(=O)C(Cc2ccccc2)NC(=O)CNC(=O)C(CCc2ccccc2)NC(=O)CN1,60,GLACIER,K3,0.25033359464921995,0.37875689985349437,
MSBNK-EAWAG-ED089801__ICEBERG_2_1__K1,IFKUPHYTIDOPIM,O=C(CCCc1ccccc1)NCCc1ccccc1,15,ICEBERG_2_1,K1,0.4350082481671493,0.3900415129150012,
MSBNK-EAWAG-ED089801__ICEBERG_2_1__K2,IFKUPHYTIDOPIM,O=C(CCCc1ccccc1)NCCc1ccccc1,15,ICEBERG_2_1,K2,0.08187302857105078,0.13899897570495656,
MSBNK-EAWAG-ED089801__ICEBERG_2_1__K3,IFKUPHYTIDOPIM,O=C(CCCc1ccccc1)NCCc1ccccc1,15,ICEBERG_2_1,K3,0.039487433757019706,0.09516096673118413,
MSBNK-EAWAG-ED089801__GLACIER__K1,IFKUPHYTIDOPIM,O=C(CCCc1ccccc1)NCCc1ccccc1,15,GLACIER,K1,0.003240033015665963,0.02932184028475371,
MSBNK-EAWAG-ED089801__GLACIER__K2,IFKUPHYTIDOPIM,O=C(CCCc1ccccc1)NCCc1ccccc1,15,GLACIER,K2,0.0018724270241046808,0.021933789926156466,
MSBNK-EAWAG-ED089801__GLACIER__K3,IFKUPHYTIDOPIM,O=C(CCCc1ccccc1)NCCc1ccccc1,15,GLACIER,K3,0.0015786564437574571,0.01990270667861338,
MSBNK-EAWAG-ED089802__ICEBERG_2_1__K1,IFKUPHYTIDOPIM,O=C(CCCc1ccccc1)NCCc1ccccc1,20,ICEBERG_2_1,K1,0.1455360926379373,0.2592984684469998,
MSBNK-EAWAG-ED089802__ICEBERG_2_1__K2,IFKUPHYTIDOPIM,O=C(CCCc1ccccc1)NCCc1ccccc1,20,ICEBERG_2_1,K2,0.04635084282140228,0.16161695402362053,
MSBNK-EAWAG-ED089802__ICEBERG_2_1__K3,IFKUPHYTIDOPIM,O=C(CCCc1ccccc1)NCCc1ccccc1,20,ICEBERG_2_1,K3,0.04426958005912053,0.16123900547487635,
MSBNK-EAWAG-ED089802__GLACIER__K1,IFKUPHYTIDOPIM,O=C(CCCc1ccccc1)NCCc1ccccc1,20,GLACIER,K1,0.004497384767399857,0.0790742014403909,
MSBNK-EAWAG-ED089802__GLACIER__K2,IFKUPHYTIDOPIM,O=C(CCCc1ccccc1)NCCc1ccccc1,20,GLACIER,K2,0.03545150827561476,0.13388452927560113,
MSBNK-EAWAG-ED089802__GLACIER__K3,IFKUPHYTIDOPIM,O=C(CCCc1ccccc1)NCCc1ccccc1,20,GLACIER,K3,0.028578181720615665,0.12851881444222502,
MSBNK-EAWAG-ED089803__ICEBERG_2_1__K1,IFKUPHYTIDOPIM,O=C(CCCc1ccccc1)NCCc1ccccc1,25,ICEBERG_2_1,K1,0.0867884887777604,0.22164091943668085,
MSBNK-EAWAG-ED089803__ICEBERG_2_1__K2,IFKUPHYTIDOPIM,O=C(CCCc1ccccc1)NCCc1ccccc1,25,ICEBERG_2_1,K2,0.13968025144086593,0.2919555633775627,
MSBNK-EAWAG-ED089803__ICEBERG_2_1__K3,IFKUPHYTIDOPIM,O=C(CCCc1ccccc1)NCCc1ccccc1,25,ICEBERG_2_1,K3,0.09823613304767889,0.24730655622753273,
MSBNK-EAWAG-ED089803__GLACIER__K1,IFKUPHYTIDOPIM,O=C(CCCc1ccccc1)NCCc1ccccc1,25,GLACIER,K1,0.08875140150351002,0.2252217813210725,
MSBNK-EAWAG-ED089803__GLACIER__K2,IFKUPHYTIDOPIM,O=C(CCCc1ccccc1)NCCc1ccccc1,25,GLACIER,K2,0.17399511393084255,0.32118930063418694,
MSBNK-EAWAG-ED089803__GLACIER__K3,IFKUPHYTIDOPIM,O=C(CCCc1ccccc1)NCCc1ccccc1,25,GLACIER,K3,0.1944564741649204,0.31984996065218485,
MSBNK-EAWAG-ED089804__ICEBERG_2_1__K1,IFKUPHYTIDOPIM,O=C(CCCc1ccccc1)NCCc1ccccc1,30,ICEBERG_2_1,K1,0.3688891935719209,0.4366211717911098,
MSBNK-EAWAG-ED089804__ICEBERG_2_1__K2,IFKUPHYTIDOPIM,O=C(CCCc1ccccc1)NCCc1ccccc1,30,ICEBERG_2_1,K2,0.4326919624020112,0.46805575857623627,
MSBNK-EAWAG-ED089804__ICEBERG_2_1__K3,IFKUPHYTIDOPIM,O=C(CCCc1ccccc1)NCCc1ccccc1,30,ICEBERG_2_1,K3,0.4766053070598273,0.48515171350927055,
MSBNK-EAWAG-ED089804__GLACIER__K1,IFKUPHYTIDOPIM,O=C(CCCc1ccccc1)NCCc1ccccc1,30,GLACIER,K1,0.39972150963385156,0.4260542157704109,
MSBNK-EAWAG-ED089804__GLACIER__K2,IFKUPHYTIDOPIM,O=C(CCCc1ccccc1)NCCc1ccccc1,30,GLACIER,K2,0.7746678709502104,0.5232179518349281,
MSBNK-EAWAG-ED089804__GLACIER__K3,IFKUPHYTIDOPIM,O=C(CCCc1ccccc1)NCCc1ccccc1,30,GLACIER,K3,0.7797316108627723,0.527069866908728,
MSBNK-EAWAG-ED089805__ICEBERG_2_1__K1,IFKUPHYTIDOPIM,O=C(CCCc1ccccc1)NCCc1ccccc1,40,ICEBERG_2_1,K1,0.3755183026849501,0.44518049205147336,
MSBNK-EAWAG-ED089805__ICEBERG_2_1__K2,IFKUPHYTIDOPIM,O=C(CCCc1ccccc1)NCCc1ccccc1,40,ICEBERG_2_1,K2,0.4375804384322951,0.4756273951080444,
MSBNK-EAWAG-ED089805__ICEBERG_2_1__K3,IFKUPHYTIDOPIM,O=C(CCCc1ccccc1)NCCc1ccccc1,40,ICEBERG_2_1,K3,0.4960884403797222,0.5339936920457643,
MSBNK-EAWAG-ED089805__GLACIER__K1,IFKUPHYTIDOPIM,O=C(CCCc1ccccc1)NCCc1ccccc1,40,GLACIER,K1,0.6359211407118674,0.4919690243909819,
MSBNK-EAWAG-ED089805__GLACIER__K2,IFKUPHYTIDOPIM,O=C(CCCc1ccccc1)NCCc1ccccc1,40,GLACIER,K2,0.7042299813483319,0.48589777845632043,
MSBNK-EAWAG-ED089805__GLACIER__K3,IFKUPHYTIDOPIM,O=C(CCCc1ccccc1)NCCc1ccccc1,40,GLACIER,K3,0.6967322470261669,0.480317556296908,
MSBNK-EAWAG-ED089806__ICEBERG_2_1__K1,IFKUPHYTIDOPIM,O=C(CCCc1ccccc1)NCCc1ccccc1,50,ICEBERG_2_1,K1,0.5328247493093111,0.520186272134858,
MSBNK-EAWAG-ED089806__ICEBERG_2_1__K2,IFKUPHYTIDOPIM,O=C(CCCc1ccccc1)NCCc1ccccc1,50,ICEBERG_2_1,K2,0.4384341407250401,0.51504189558222,
MSBNK-EAWAG-ED089806__ICEBERG_2_1__K3,IFKUPHYTIDOPIM,O=C(CCCc1ccccc1)NCCc1ccccc1,50,ICEBERG_2_1,K3,0.4717586544951948,0.527971133256032,
MSBNK-EAWAG-ED089806__GLACIER__K1,IFKUPHYTIDOPIM,O=C(CCCc1ccccc1)NCCc1ccccc1,50,GLACIER,K1,0.6820307108493611,0.5323735880258553,
MSBNK-EAWAG-ED089806__GLACIER__K2,IFKUPHYTIDOPIM,O=C(CCCc1ccccc1)NCCc1ccccc1,50,GLACIER,K2,0.5390744658026734,0.37661429582451544,
MSBNK-EAWAG-ED089806__GLACIER__K3,IFKUPHYTIDOPIM,O=C(CCCc1ccccc1)NCCc1ccccc1,50,GLACIER,K3,0.5806538395127119,0.413530661563857,
MSBNK-EAWAG-ED089807__ICEBERG_2_1__K1,IFKUPHYTIDOPIM,O=C(CCCc1ccccc1)NCCc1ccccc1,60,ICEBERG_2_1,K1,0.5137920566964767,0.574068753389892,
MSBNK-EAWAG-ED089807__ICEBERG_2_1__K2,IFKUPHYTIDOPIM,O=C(CCCc1ccccc1)NCCc1ccccc1,60,ICEBERG_2_1,K2,0.5184264163208143,0.5183450083994081,
MSBNK-EAWAG-ED089807__ICEBERG_2_1__K3,IFKUPHYTIDOPIM,O=C(CCCc1ccccc1)NCCc1ccccc1,60,ICEBERG_2_1,K3,0.5465023601981966,0.5504573370278343,
MSBNK-EAWAG-ED089807__GLACIER__K1,IFKUPHYTIDOPIM,O=C(CCCc1ccccc1)NCCc1ccccc1,60,GLACIER,K1,0.6737730567087495,0.4989080437705593,
MSBNK-EAWAG-ED089807__GLACIER__K2,IFKUPHYTIDOPIM,O=C(CCCc1ccccc1)NCCc1ccccc1,60,GLACIER,K2,0.23396105927093827,0.23418523761024046,
MSBNK-EAWAG-ED089807__GLACIER__K3,IFKUPHYTIDOPIM,O=C(CCCc1ccccc1)NCCc1ccccc1,60,GLACIER,K3,0.21278583164875176,0.21791859847247175,
MSBNK-EAWAG-ED092301__ICEBERG_2_1__K1,OYHPNVXZUBWKJE,O=C1CNC(=O)CNC(=O)C(Cc2ccccc2)N=CC(Cc2ccccc2)NC(=O)C2CCCN2C(=O)CNC(=O)CN1,15,ICEBERG_2_1,K1,0.951501730145167,0.6636221720391897,
MSBNK-EAWAG-ED092301__ICEBERG_2_1__K2,OYHPNVXZUBWKJE,O=C1CNC(=O)CNC(=O)C(Cc2ccccc2)N=CC(Cc2ccccc2)NC(=O)C2CCCN2C(=O)CNC(=O)CN1,15,ICEBERG_2_1,K2,0.36556099780729906,0.2556514734192836,
MSBNK-EAWAG-ED092301__ICEBERG_2_1__K3,OYHPNVXZUBWKJE,O=C1CNC(=O)CNC(=O)C(Cc2ccccc2)N=CC(Cc2ccccc2)NC(=O)C2CCCN2C(=O)CNC(=O)CN1,15,ICEBERG_2_1,K3,0.5652865525237499,0.379437066458309,
MSBNK-EAWAG-ED092301__GLACIER__K1,OYHPNVXZUBWKJE,O=C1CNC(=O)CNC(=O)C(Cc2ccccc2)N=CC(Cc2ccccc2)NC(=O)C2CCCN2C(=O)CNC(=O)CN1,15,GLACIER,K1,0.9888005937996299,0.9008608826546588,
MSBNK-EAWAG-ED092301__GLACIER__K2,OYHPNVXZUBWKJE,O=C1CNC(=O)CNC(=O)C(Cc2ccccc2)N=CC(Cc2ccccc2)NC(=O)C2CCCN2C(=O)CNC(=O)CN1,15,GLACIER,K2,0.4146281737869354,0.36042656684494767,
MSBNK-EAWAG-ED092301__GLACIER__K3,OYHPNVXZUBWKJE,O=C1CNC(=O)CNC(=O)C(Cc2ccccc2)N=CC(Cc2ccccc2)NC(=O)C2CCCN2C(=O)CNC(=O)CN1,15,GLACIER,K3,0.5595547094107498,0.4390974637241821,
MSBNK-EAWAG-ED092302__ICEBERG_2_1__K1,OYHPNVXZUBWKJE,O=C1CNC(=O)CNC(=O)C(Cc2ccccc2)N=CC(Cc2ccccc2)NC(=O)C2CCCN2C(=O)CNC(=O)CN1,20,ICEBERG_2_1,K1,0.8350906272796502,0.6180560597040066,
MSBNK-EAWAG-ED092302__ICEBERG_2_1__K2,OYHPNVXZUBWKJE,O=C1CNC(=O)CNC(=O)C(Cc2ccccc2)N=CC(Cc2ccccc2)NC(=O)C2CCCN2C(=O)CNC(=O)CN1,20,ICEBERG_2_1,K2,0.0018038370869796969,0.00931822137777183,
MSBNK-EAWAG-ED092302__ICEBERG_2_1__K3,OYHPNVXZUBWKJE,O=C1CNC(=O)CNC(=O)C(Cc2ccccc2)N=CC(Cc2ccccc2)NC(=O)C2CCCN2C(=O)CNC(=O)CN1,20,ICEBERG_2_1,K3,0.004289430581502563,0.016201155121099653,
MSBNK-EAWAG-ED092302__GLACIER__K1,OYHPNVXZUBWKJE,O=C1CNC(=O)CNC(=O)C(Cc2ccccc2)N=CC(Cc2ccccc2)NC(=O)C2CCCN2C(=O)CNC(=O)CN1,20,GLACIER,K1,0.8203429694480109,0.6973656068871927,
MSBNK-EAWAG-ED092302__GLACIER__K2,OYHPNVXZUBWKJE,O=C1CNC(=O)CNC(=O)C(Cc2ccccc2)N=CC(Cc2ccccc2)NC(=O)C2CCCN2C(=O)CNC(=O)CN1,20,GLACIER,K2,0.0016070217895926616,0.017140862695347092,
MSBNK-EAWAG-ED092302__GLACIER__K3,OYHPNVXZUBWKJE,O=C1CNC(=O)CNC(=O)C(Cc2ccccc2)N=CC(Cc2ccccc2)NC(=O)C2CCCN2C(=O)CNC(=O)CN1,20,GLACIER,K3,0.0010692577404922445,0.010824056935999637,
MSBNK-EAWAG-ED092303__ICEBERG_2_1__K1,OYHPNVXZUBWKJE,O=C1CNC(=O)CNC(=O)C(Cc2ccccc2)N=CC(Cc2ccccc2)NC(=O)C2CCCN2C(=O)CNC(=O)CN1,25,ICEBERG_2_1,K1,0.14992531988583227,0.21654779450882555,
MSBNK-EAWAG-ED092303__ICEBERG_2_1__K2,OYHPNVXZUBWKJE,O=C1CNC(=O)CNC(=O)C(Cc2ccccc2)N=CC(Cc2ccccc2)NC(=O)C2CCCN2C(=O)CNC(=O)CN1,25,ICEBERG_2_1,K2,0.0002493165327157999,0.006429444006934459,
MSBNK-EAWAG-ED092303__ICEBERG_2_1__K3,OYHPNVXZUBWKJE,O=C1CNC(=O)CNC(=O)C(Cc2ccccc2)N=CC(Cc2ccccc2)NC(=O)C2CCCN2C(=O)CNC(=O)CN1,25,ICEBERG_2_1,K3,0.00038636355256160755,0.008516741204673273,
MSBNK-EAWAG-ED092303__GLACIER__K1,OYHPNVXZUBWKJE,O=C1CNC(=O)CNC(=O)C(Cc2ccccc2)N=CC(Cc2ccccc2)NC(=O)C2CCCN2C(=O)CNC(=O)CN1,25,GLACIER,K1,0.2720840396480985,0.40305193548605966,
MSBNK-EAWAG-ED092303__GLACIER__K2,OYHPNVXZUBWKJE,O=C1CNC(=O)CNC(=O)C(Cc2ccccc2)N=CC(Cc2ccccc2)NC(=O)C2CCCN2C(=O)CNC(=O)CN1,25,GLACIER,K2,0.0009656695084725205,0.013928186363778017,
MSBNK-EAWAG-ED092303__GLACIER__K3,OYHPNVXZUBWKJE,O=C1CNC(=O)CNC(=O)C(Cc2ccccc2)N=CC(Cc2ccccc2)NC(=O)C2CCCN2C(=O)CNC(=O)CN1,25,GLACIER,K3,0.0014226399203152806,0.02009377417883418,
MSBNK-EAWAG-ED092304__ICEBERG_2_1__K1,OYHPNVXZUBWKJE,O=C1CNC(=O)CNC(=O)C(Cc2ccccc2)N=CC(Cc2ccccc2)NC(=O)C2CCCN2C(=O)CNC(=O)CN1,30,ICEBERG_2_1,K1,0.00181171111841816,0.032745013617619056,
MSBNK-EAWAG-ED092304__ICEBERG_2_1__K2,OYHPNVXZUBWKJE,O=C1CNC(=O)CNC(=O)C(Cc2ccccc2)N=CC(Cc2ccccc2)NC(=O)C2CCCN2C(=O)CNC(=O)CN1,30,ICEBERG_2_1,K2,0.00016798706773415436,0.00246523788869224,
MSBNK-EAWAG-ED092304__ICEBERG_2_1__K3,OYHPNVXZUBWKJE,O=C1CNC(=O)CNC(=O)C(Cc2ccccc2)N=CC(Cc2ccccc2)NC(=O)C2CCCN2C(=O)CNC(=O)CN1,30,ICEBERG_2_1,K3,2.4918330573080954e-05,0.002185589163395729,
MSBNK-EAWAG-ED092304__GLACIER__K1,OYHPNVXZUBWKJE,O=C1CNC(=O)CNC(=O)C(Cc2ccccc2)N=CC(Cc2ccccc2)NC(=O)C2CCCN2C(=O)CNC(=O)CN1,30,GLACIER,K1,0.007410969067972057,0.06698523803608847,
MSBNK-EAWAG-ED092304__GLACIER__K2,OYHPNVXZUBWKJE,O=C1CNC(=O)CNC(=O)C(Cc2ccccc2)N=CC(Cc2ccccc2)NC(=O)C2CCCN2C(=O)CNC(=O)CN1,30,GLACIER,K2,0.011229547854065748,0.048572397600997075,
MSBNK-EAWAG-ED092304__GLACIER__K3,OYHPNVXZUBWKJE,O=C1CNC(=O)CNC(=O)C(Cc2ccccc2)N=CC(Cc2ccccc2)NC(=O)C2CCCN2C(=O)CNC(=O)CN1,30,GLACIER,K3,0.013113203155994757,0.07559194612902098,
MSBNK-EAWAG-ED092305__ICEBERG_2_1__K1,OYHPNVXZUBWKJE,O=C1CNC(=O)CNC(=O)C(Cc2ccccc2)N=CC(Cc2ccccc2)NC(=O)C2CCCN2C(=O)CNC(=O)CN1,40,ICEBERG_2_1,K1,0.02700682412625698,0.12728488882145883,
MSBNK-EAWAG-ED092305__ICEBERG_2_1__K2,OYHPNVXZUBWKJE,O=C1CNC(=O)CNC(=O)C(Cc2ccccc2)N=CC(Cc2ccccc2)NC(=O)C2CCCN2C(=O)CNC(=O)CN1,40,ICEBERG_2_1,K2,0.019247197054769755,0.06225473940238191,
MSBNK-EAWAG-ED092305__ICEBERG_2_1__K3,OYHPNVXZUBWKJE,O=C1CNC(=O)CNC(=O)C(Cc2ccccc2)N=CC(Cc2ccccc2)NC(=O)C2CCCN2C(=O)CNC(=O)CN1,40,ICEBERG_2_1,K3,0.01571661860362735,0.057218531304488396,
MSBNK-EAWAG-ED092305__GLACIER__K1,OYHPNVXZUBWKJE,O=C1CNC(=O)CNC(=O)C(Cc2ccccc2)N=CC(Cc2ccccc2)NC(=O)C2CCCN2C(=O)CNC(=O)CN1,40,GLACIER,K1,0.07284102040755955,0.22557587823825687,
MSBNK-EAWAG-ED092305__GLACIER__K2,OYHPNVXZUBWKJE,O=C1CNC(=O)CNC(=O)C(Cc2ccccc2)N=CC(Cc2ccccc2)NC(=O)C2CCCN2C(=O)CNC(=O)CN1,40,GLACIER,K2,0.08673667591384172,0.2116791037127862,
MSBNK-EAWAG-ED092305__GLACIER__K3,OYHPNVXZUBWKJE,O=C1CNC(=O)CNC(=O)C(Cc2ccccc2)N=CC(Cc2ccccc2)NC(=O)C2CCCN2C(=O)CNC(=O)CN1,40,GLACIER,K3,0.08656938912126509,0.2116007397077736,
MSBNK-EAWAG-ED092306__ICEBERG_2_1__K1,OYHPNVXZUBWKJE,O=C1CNC(=O)CNC(=O)C(Cc2ccccc2)N=CC(Cc2ccccc2)NC(=O)C2CCCN2C(=O)CNC(=O)CN1,50,ICEBERG_2_1,K1,0.046587087854106334,0.16543597474298555,
MSBNK-EAWAG-ED092306__ICEBERG_2_1__K2,OYHPNVXZUBWKJE,O=C1CNC(=O)CNC(=O)C(Cc2ccccc2)N=CC(Cc2ccccc2)NC(=O)C2CCCN2C(=O)CNC(=O)CN1,50,ICEBERG_2_1,K2,0.038841501709504275,0.1759301931581495,
MSBNK-EAWAG-ED092306__ICEBERG_2_1__K3,OYHPNVXZUBWKJE,O=C1CNC(=O)CNC(=O)C(Cc2ccccc2)N=CC(Cc2ccccc2)NC(=O)C2CCCN2C(=O)CNC(=O)CN1,50,ICEBERG_2_1,K3,0.03851487192310885,0.1682037219107715,
MSBNK-EAWAG-ED092306__GLACIER__K1,OYHPNVXZUBWKJE,O=C1CNC(=O)CNC(=O)C(Cc2ccccc2)N=CC(Cc2ccccc2)NC(=O)C2CCCN2C(=O)CNC(=O)CN1,50,GLACIER,K1,0.1799344912572112,0.3433855145099972,
MSBNK-EAWAG-ED092306__GLACIER__K2,OYHPNVXZUBWKJE,O=C1CNC(=O)CNC(=O)C(Cc2ccccc2)N=CC(Cc2ccccc2)NC(=O)C2CCCN2C(=O)CNC(=O)CN1,50,GLACIER,K2,0.1861724124252327,0.2971832426764418,
MSBNK-EAWAG-ED092306__GLACIER__K3,OYHPNVXZUBWKJE,O=C1CNC(=O)CNC(=O)C(Cc2ccccc2)N=CC(Cc2ccccc2)NC(=O)C2CCCN2C(=O)CNC(=O)CN1,50,GLACIER,K3,0.18474958849448817,0.295817530835082,
MSBNK-EAWAG-ED092307__ICEBERG_2_1__K1,OYHPNVXZUBWKJE,O=C1CNC(=O)CNC(=O)C(Cc2ccccc2)N=CC(Cc2ccccc2)NC(=O)C2CCCN2C(=O)CNC(=O)CN1,60,ICEBERG_2_1,K1,0.08808757915614934,0.23692728880734593,
MSBNK-EAWAG-ED092307__ICEBERG_2_1__K2,OYHPNVXZUBWKJE,O=C1CNC(=O)CNC(=O)C(Cc2ccccc2)N=CC(Cc2ccccc2)NC(=O)C2CCCN2C(=O)CNC(=O)CN1,60,ICEBERG_2_1,K2,0.04338291639605935,0.14654489580464647,
MSBNK-EAWAG-ED092307__ICEBERG_2_1__K3,OYHPNVXZUBWKJE,O=C1CNC(=O)CNC(=O)C(Cc2ccccc2)N=CC(Cc2ccccc2)NC(=O)C2CCCN2C(=O)CNC(=O)CN1,60,ICEBERG_2_1,K3,0.061296945621429316,0.19817632752288483,
MSBNK-EAWAG-ED092307__GLACIER__K1,OYHPNVXZUBWKJE,O=C1CNC(=O)CNC(=O)C(Cc2ccccc2)N=CC(Cc2ccccc2)NC(=O)C2CCCN2C(=O)CNC(=O)CN1,60,GLACIER,K1,0.4105676428874017,0.4592068575965571,
MSBNK-EAWAG-ED092307__GLACIER__K2,OYHPNVXZUBWKJE,O=C1CNC(=O)CNC(=O)C(Cc2ccccc2)N=CC(Cc2ccccc2)NC(=O)C2CCCN2C(=O)CNC(=O)CN1,60,GLACIER,K2,0.28939136825848755,0.3976601586208782,
MSBNK-EAWAG-ED092307__GLACIER__K3,OYHPNVXZUBWKJE,O=C1CNC(=O)CNC(=O)C(Cc2ccccc2)N=CC(Cc2ccccc2)NC(=O)C2CCCN2C(=O)CNC(=O)CN1,60,GLACIER,K3,0.3061268987865511,0.40603468581921487,
MSBNK-EAWAG-ED093901__ICEBERG_2_1__K1,ZMRRRONVXWEVSB,O=C1CNC(=O)CNC(=O)C2CCCN2C(=O)CNC(=O)CNC(=O)C(Cc2ccccc2)NC(=O)CNC(=O)CN1,15,ICEBERG_2_1,K1,0.9054476014457126,0.7319720557463976,
MSBNK-EAWAG-ED093901__ICEBERG_2_1__K2,ZMRRRONVXWEVSB,O=C1CNC(=O)CNC(=O)C2CCCN2C(=O)CNC(=O)CNC(=O)C(Cc2ccccc2)NC(=O)CNC(=O)CN1,15,ICEBERG_2_1,K2,0.2582394285722842,0.26438885440669024,
MSBNK-EAWAG-ED093901__ICEBERG_2_1__K3,ZMRRRONVXWEVSB,O=C1CNC(=O)CNC(=O)C2CCCN2C(=O)CNC(=O)CNC(=O)C(Cc2ccccc2)NC(=O)CNC(=O)CN1,15,ICEBERG_2_1,K3,0.2457006912555156,0.2566396211572909,
MSBNK-EAWAG-ED093901__GLACIER__K1,ZMRRRONVXWEVSB,O=C1CNC(=O)CNC(=O)C2CCCN2C(=O)CNC(=O)CNC(=O)C(Cc2ccccc2)NC(=O)CNC(=O)CN1,15,GLACIER,K1,0.9987651100376078,0.9576061077401441,
MSBNK-EAWAG-ED093901__GLACIER__K2,ZMRRRONVXWEVSB,O=C1CNC(=O)CNC(=O)C2CCCN2C(=O)CNC(=O)CNC(=O)C(Cc2ccccc2)NC(=O)CNC(=O)CN1,15,GLACIER,K2,0.9633741959280777,0.7566585112363787,
MSBNK-EAWAG-ED093901__GLACIER__K3,ZMRRRONVXWEVSB,O=C1CNC(=O)CNC(=O)C2CCCN2C(=O)CNC(=O)CNC(=O)C(Cc2ccccc2)NC(=O)CNC(=O)CN1,15,GLACIER,K3,0.9579800901096819,0.7387258507173069,
MSBNK-EAWAG-ED093902__ICEBERG_2_1__K1,ZMRRRONVXWEVSB,O=C1CNC(=O)CNC(=O)C2CCCN2C(=O)CNC(=O)CNC(=O)C(Cc2ccccc2)NC(=O)CNC(=O)CN1,20,ICEBERG_2_1,K1,0.900449646045836,0.6286647433398302,
MSBNK-EAWAG-ED093902__ICEBERG_2_1__K2,ZMRRRONVXWEVSB,O=C1CNC(=O)CNC(=O)C2CCCN2C(=O)CNC(=O)CNC(=O)C(Cc2ccccc2)NC(=O)CNC(=O)CN1,20,ICEBERG_2_1,K2,0.00042689349339255855,0.0021284002730561635,
MSBNK-EAWAG-ED093902__ICEBERG_2_1__K3,ZMRRRONVXWEVSB,O=C1CNC(=O)CNC(=O)C2CCCN2C(=O)CNC(=O)CNC(=O)C(Cc2ccccc2)NC(=O)CNC(=O)CN1,20,ICEBERG_2_1,K3,0.00044173976343551155,0.0022196436663907138,
MSBNK-EAWAG-ED093902__GLACIER__K1,ZMRRRONVXWEVSB,O=C1CNC(=O)CNC(=O)C2CCCN2C(=O)CNC(=O)CNC(=O)C(Cc2ccccc2)NC(=O)CNC(=O)CN1,20,GLACIER,K1,0.9229814090886814,0.7235723219304001,
MSBNK-EAWAG-ED093902__GLACIER__K2,ZMRRRONVXWEVSB,O=C1CNC(=O)CNC(=O)C2CCCN2C(=O)CNC(=O)CNC(=O)C(Cc2ccccc2)NC(=O)CNC(=O)CN1,20,GLACIER,K2,0.0003689291861158963,0.0023342391473075708,
MSBNK-EAWAG-ED093902__GLACIER__K3,ZMRRRONVXWEVSB,O=C1CNC(=O)CNC(=O)C2CCCN2C(=O)CNC(=O)CNC(=O)C(Cc2ccccc2)NC(=O)CNC(=O)CN1,20,GLACIER,K3,0.0004195089267325173,0.0028847579900252995,
MSBNK-EAWAG-ED093903__ICEBERG_2_1__K1,ZMRRRONVXWEVSB,O=C1CNC(=O)CNC(=O)C2CCCN2C(=O)CNC(=O)CNC(=O)C(Cc2ccccc2)NC(=O)CNC(=O)CN1,25,ICEBERG_2_1,K1,0.34943553997007715,0.33729799323145626,
MSBNK-EAWAG-ED093903__ICEBERG_2_1__K2,ZMRRRONVXWEVSB,O=C1CNC(=O)CNC(=O)C2CCCN2C(=O)CNC(=O)CNC(=O)C(Cc2ccccc2)NC(=O)CNC(=O)CN1,25,ICEBERG_2_1,K2,0.007083682220956577,0.020942317415760803,
MSBNK-EAWAG-ED093903__ICEBERG_2_1__K3,ZMRRRONVXWEVSB,O=C1CNC(=O)CNC(=O)C2CCCN2C(=O)CNC(=O)CNC(=O)C(Cc2ccccc2)NC(=O)CNC(=O)CN1,25,ICEBERG_2_1,K3,0.006655863419331438,0.01998962172320251,
MSBNK-EAWAG-ED093903__GLACIER__K1,ZMRRRONVXWEVSB,O=C1CNC(=O)CNC(=O)C2CCCN2C(=O)CNC(=O)CNC(=O)C(Cc2ccccc2)NC(=O)CNC(=O)CN1,25,GLACIER,K1,0.38341878205644936,0.33130800080509204,
MSBNK-EAWAG-ED093903__GLACIER__K2,ZMRRRONVXWEVSB,O=C1CNC(=O)CNC(=O)C2CCCN2C(=O)CNC(=O)CNC(=O)C(Cc2ccccc2)NC(=O)CNC(=O)CN1,25,GLACIER,K2,0.003715580055924031,0.017720112136241806,
MSBNK-EAWAG-ED093903__GLACIER__K3,ZMRRRONVXWEVSB,O=C1CNC(=O)CNC(=O)C2CCCN2C(=O)CNC(=O)CNC(=O)C(Cc2ccccc2)NC(=O)CNC(=O)CN1,25,GLACIER,K3,0.003815078889106494,0.018234833627932656,
MSBNK-EAWAG-ED093904__ICEBERG_2_1__K1,ZMRRRONVXWEVSB,O=C1CNC(=O)CNC(=O)C2CCCN2C(=O)CNC(=O)CNC(=O)C(Cc2ccccc2)NC(=O)CNC(=O)CN1,30,ICEBERG_2_1,K1,0.5436581211267802,0.4301822862587589,
MSBNK-EAWAG-ED093904__ICEBERG_2_1__K2,ZMRRRONVXWEVSB,O=C1CNC(=O)CNC(=O)C2CCCN2C(=O)CNC(=O)CNC(=O)C(Cc2ccccc2)NC(=O)CNC(=O)CN1,30,ICEBERG_2_1,K2,0.011456760009025476,0.035891582630315444,
MSBNK-EAWAG-ED093904__ICEBERG_2_1__K3,ZMRRRONVXWEVSB,O=C1CNC(=O)CNC(=O)C2CCCN2C(=O)CNC(=O)CNC(=O)C(Cc2ccccc2)NC(=O)CNC(=O)CN1,30,ICEBERG_2_1,K3,0.010937166097875317,0.03725459434408718,
MSBNK-EAWAG-ED093904__GLACIER__K1,ZMRRRONVXWEVSB,O=C1CNC(=O)CNC(=O)C2CCCN2C(=O)CNC(=O)CNC(=O)C(Cc2ccccc2)NC(=O)CNC(=O)CN1,30,GLACIER,K1,0.002027148025973473,0.009771896811304304,
MSBNK-EAWAG-ED093904__GLACIER__K2,ZMRRRONVXWEVSB,O=C1CNC(=O)CNC(=O)C2CCCN2C(=O)CNC(=O)CNC(=O)C(Cc2ccccc2)NC(=O)CNC(=O)CN1,30,GLACIER,K2,0.0014824758732555885,0.009216508236109311,
MSBNK-EAWAG-ED093904__GLACIER__K3,ZMRRRONVXWEVSB,O=C1CNC(=O)CNC(=O)C2CCCN2C(=O)CNC(=O)CNC(=O)C(Cc2ccccc2)NC(=O)CNC(=O)CN1,30,GLACIER,K3,0.0045601007174350386,0.02295097695092474,
MSBNK-EAWAG-ED093906__ICEBERG_2_1__K1,ZMRRRONVXWEVSB,O=C1CNC(=O)CNC(=O)C2CCCN2C(=O)CNC(=O)CNC(=O)C(Cc2ccccc2)NC(=O)CNC(=O)CN1,40,ICEBERG_2_1,K1,0.002261274983747454,0.03043909703334957,
MSBNK-EAWAG-ED093906__ICEBERG_2_1__K2,ZMRRRONVXWEVSB,O=C1CNC(=O)CNC(=O)C2CCCN2C(=O)CNC(=O)CNC(=O)C(Cc2ccccc2)NC(=O)CNC(=O)CN1,40,ICEBERG_2_1,K2,0.03727364478578228,0.12483714356729547,
MSBNK-EAWAG-ED093906__ICEBERG_2_1__K3,ZMRRRONVXWEVSB,O=C1CNC(=O)CNC(=O)C2CCCN2C(=O)CNC(=O)CNC(=O)C(Cc2ccccc2)NC(=O)CNC(=O)CN1,40,ICEBERG_2_1,K3,0.0350161437449123,0.11976389426381473,
MSBNK-EAWAG-ED093906__GLACIER__K1,ZMRRRONVXWEVSB,O=C1CNC(=O)CNC(=O)C2CCCN2C(=O)CNC(=O)CNC(=O)C(Cc2ccccc2)NC(=O)CNC(=O)CN1,40,GLACIER,K1,0.05957246865979529,0.14658408818719282,
MSBNK-EAWAG-ED093906__GLACIER__K2,ZMRRRONVXWEVSB,O=C1CNC(=O)CNC(=O)C2CCCN2C(=O)CNC(=O)CNC(=O)C(Cc2ccccc2)NC(=O)CNC(=O)CN1,40,GLACIER,K2,0.03968702585592458,0.17019467095362162,
MSBNK-EAWAG-ED093906__GLACIER__K3,ZMRRRONVXWEVSB,O=C1CNC(=O)CNC(=O)C2CCCN2C(=O)CNC(=O)CNC(=O)C(Cc2ccccc2)NC(=O)CNC(=O)CN1,40,GLACIER,K3,0.03573906179792082,0.15739317785042795,
MSBNK-EAWAG-ED093907__ICEBERG_2_1__K1,ZMRRRONVXWEVSB,O=C1CNC(=O)CNC(=O)C2CCCN2C(=O)CNC(=O)CNC(=O)C(Cc2ccccc2)NC(=O)CNC(=O)CN1,50,ICEBERG_2_1,K1,0.12001911738062838,0.23543956174692982,
MSBNK-EAWAG-ED093907__ICEBERG_2_1__K2,ZMRRRONVXWEVSB,O=C1CNC(=O)CNC(=O)C2CCCN2C(=O)CNC(=O)CNC(=O)C(Cc2ccccc2)NC(=O)CNC(=O)CN1,50,ICEBERG_2_1,K2,0.03571899672844956,0.12299687626814082,
MSBNK-EAWAG-ED093907__ICEBERG_2_1__K3,ZMRRRONVXWEVSB,O=C1CNC(=O)CNC(=O)C2CCCN2C(=O)CNC(=O)CNC(=O)C(Cc2ccccc2)NC(=O)CNC(=O)CN1,50,ICEBERG_2_1,K3,0.03721001082998523,0.12694042896213853,
MSBNK-EAWAG-ED093907__GLACIER__K1,ZMRRRONVXWEVSB,O=C1CNC(=O)CNC(=O)C2CCCN2C(=O)CNC(=O)CNC(=O)C(Cc2ccccc2)NC(=O)CNC(=O)CN1,50,GLACIER,K1,0.009022838085087028,0.05269987724450986,
MSBNK-EAWAG-ED093907__GLACIER__K2,ZMRRRONVXWEVSB,O=C1CNC(=O)CNC(=O)C2CCCN2C(=O)CNC(=O)CNC(=O)C(Cc2ccccc2)NC(=O)CNC(=O)CN1,50,GLACIER,K2,0.0006568557482790431,0.0034899592815983427,
MSBNK-EAWAG-ED093907__GLACIER__K3,ZMRRRONVXWEVSB,O=C1CNC(=O)CNC(=O)C2CCCN2C(=O)CNC(=O)CNC(=O)C(Cc2ccccc2)NC(=O)CNC(=O)CN1,50,GLACIER,K3,0.0005621656227242581,0.0031768110924461634,
MSBNK-EAWAG-ED093908__ICEBERG_2_1__K1,ZMRRRONVXWEVSB,O=C1CNC(=O)CNC(=O)C2CCCN2C(=O)CNC(=O)CNC(=O)C(Cc2ccccc2)NC(=O)CNC(=O)CN1,60,ICEBERG_2_1,K1,0.04231564197758145,0.10176779581053064,
MSBNK-EAWAG-ED093908__ICEBERG_2_1__K2,ZMRRRONVXWEVSB,O=C1CNC(=O)CNC(=O)C2CCCN2C(=O)CNC(=O)CNC(=O)C(Cc2ccccc2)NC(=O)CNC(=O)CN1,60,ICEBERG_2_1,K2,0.045397650615045096,0.130594619206011,
MSBNK-EAWAG-ED093908__ICEBERG_2_1__K3,ZMRRRONVXWEVSB,O=C1CNC(=O)CNC(=O)C2CCCN2C(=O)CNC(=O)CNC(=O)C(Cc2ccccc2)NC(=O)CNC(=O)CN1,60,ICEBERG_2_1,K3,0.04112070448567606,0.12218804221049484,
MSBNK-EAWAG-ED093908__GLACIER__K1,ZMRRRONVXWEVSB,O=C1CNC(=O)CNC(=O)C2CCCN2C(=O)CNC(=O)CNC(=O)C(Cc2ccccc2)NC(=O)CNC(=O)CN1,60,GLACIER,K1,0.1727016402621312,0.3943781762380578,
MSBNK-EAWAG-ED093908__GLACIER__K2,ZMRRRONVXWEVSB,O=C1CNC(=O)CNC(=O)C2CCCN2C(=O)CNC(=O)CNC(=O)C(Cc2ccccc2)NC(=O)CNC(=O)CN1,60,GLACIER,K2,0.06318047287461392,0.21215270316116885,
MSBNK-EAWAG-ED093908__GLACIER__K3,ZMRRRONVXWEVSB,O=C1CNC(=O)CNC(=O)C2CCCN2C(=O)CNC(=O)CNC(=O)C(Cc2ccccc2)NC(=O)CNC(=O)CN1,60,GLACIER,K3,0.07368964398931241,0.2626225081274569,
MSBNK-EAWAG-ED101901__ICEBERG_2_1__K1,NWKXLGDOMIUDOE,O=C(NC(Cc1ccccc1)C(=O)NCCc1ccccc1)C1CCCN1,15,ICEBERG_2_1,K1,0.09769869448782649,0.2064335181214505,
MSBNK-EAWAG-ED101901__ICEBERG_2_1__K2,NWKXLGDOMIUDOE,O=C(NC(Cc1ccccc1)C(=O)NCCc1ccccc1)C1CCCN1,15,ICEBERG_2_1,K2,0.025173643291271364,0.08490467272197366,
MSBNK-EAWAG-ED101901__ICEBERG_2_1__K3,NWKXLGDOMIUDOE,O=C(NC(Cc1ccccc1)C(=O)NCCc1ccccc1)C1CCCN1,15,ICEBERG_2_1,K3,0.033055073782287996,0.0969957186404381,
MSBNK-EAWAG-ED101901__GLACIER__K1,NWKXLGDOMIUDOE,O=C(NC(Cc1ccccc1)C(=O)NCCc1ccccc1)C1CCCN1,15,GLACIER,K1,0.26417408091384353,0.4525922478636568,
MSBNK-EAWAG-ED101901__GLACIER__K2,NWKXLGDOMIUDOE,O=C(NC(Cc1ccccc1)C(=O)NCCc1ccccc1)C1CCCN1,15,GLACIER,K2,0.071581849627217,0.19363781379921752,
MSBNK-EAWAG-ED101901__GLACIER__K3,NWKXLGDOMIUDOE,O=C(NC(Cc1ccccc1)C(=O)NCCc1ccccc1)C1CCCN1,15,GLACIER,K3,0.09703588515838514,0.24409579481151522,
MSBNK-EAWAG-ED101902__ICEBERG_2_1__K1,NWKXLGDOMIUDOE,O=C(NC(Cc1ccccc1)C(=O)NCCc1ccccc1)C1CCCN1,20,ICEBERG_2_1,K1,0.3161732703385419,0.3176222878770659,
MSBNK-EAWAG-ED101902__ICEBERG_2_1__K2,NWKXLGDOMIUDOE,O=C(NC(Cc1ccccc1)C(=O)NCCc1ccccc1)C1CCCN1,20,ICEBERG_2_1,K2,0.06599603156070716,0.1340017397558636,
MSBNK-EAWAG-ED101902__ICEBERG_2_1__K3,NWKXLGDOMIUDOE,O=C(NC(Cc1ccccc1)C(=O)NCCc1ccccc1)C1CCCN1,20,ICEBERG_2_1,K3,0.09122675882051039,0.1604984677957908,
MSBNK-EAWAG-ED101902__GLACIER__K1,NWKXLGDOMIUDOE,O=C(NC(Cc1ccccc1)C(=O)NCCc1ccccc1)C1CCCN1,20,GLACIER,K1,0.43829557201958086,0.49677099291942084,
MSBNK-EAWAG-ED101902__GLACIER__K2,NWKXLGDOMIUDOE,O=C(NC(Cc1ccccc1)C(=O)NCCc1ccccc1)C1CCCN1,20,GLACIER,K2,0.20145310897952018,0.24970625017296866,
MSBNK-EAWAG-ED101902__GLACIER__K3,NWKXLGDOMIUDOE,O=C(NC(Cc1ccccc1)C(=O)NCCc1ccccc1)C1CCCN1,20,GLACIER,K3,0.30655988662702865,0.31375654848107226,
MSBNK-EAWAG-ED101903__ICEBERG_2_1__K1,NWKXLGDOMIUDOE,O=C(NC(Cc1ccccc1)C(=O)NCCc1ccccc1)C1CCCN1,25,ICEBERG_2_1,K1,0.6050522342578801,0.5552105063831071,
MSBNK-EAWAG-ED101903__ICEBERG_2_1__K2,NWKXLGDOMIUDOE,O=C(NC(Cc1ccccc1)C(=O)NCCc1ccccc1)C1CCCN1,25,ICEBERG_2_1,K2,0.17097915832233346,0.2833267499189025,
MSBNK-EAWAG-ED101903__ICEBERG_2_1__K3,NWKXLGDOMIUDOE,O=C(NC(Cc1ccccc1)C(=O)NCCc1ccccc1)C1CCCN1,25,ICEBERG_2_1,K3,0.16481828450369126,0.2773830111485115,
MSBNK-EAWAG-ED101903__GLACIER__K1,NWKXLGDOMIUDOE,O=C(NC(Cc1ccccc1)C(=O)NCCc1ccccc1)C1CCCN1,25,GLACIER,K1,0.8694493882998877,0.6736384688495661,
MSBNK-EAWAG-ED101903__GLACIER__K2,NWKXLGDOMIUDOE,O=C(NC(Cc1ccccc1)C(=O)NCCc1ccccc1)C1CCCN1,25,GLACIER,K2,0.6574950985213225,0.5272482283083699,
MSBNK-EAWAG-ED101903__GLACIER__K3,NWKXLGDOMIUDOE,O=C(NC(Cc1ccccc1)C(=O)NCCc1ccccc1)C1CCCN1,25,GLACIER,K3,0.6554140870332519,0.5255445179243265,
MSBNK-EAWAG-ED101904__ICEBERG_2_1__K1,NWKXLGDOMIUDOE,O=C(NC(Cc1ccccc1)C(=O)NCCc1ccccc1)C1CCCN1,30,ICEBERG_2_1,K1,0.6636954603219447,0.6624167275597334,
MSBNK-EAWAG-ED101904__ICEBERG_2_1__K2,NWKXLGDOMIUDOE,O=C(NC(Cc1ccccc1)C(=O)NCCc1ccccc1)C1CCCN1,30,ICEBERG_2_1,K2,0.18377478033264175,0.32332281074380176,
MSBNK-EAWAG-ED101904__ICEBERG_2_1__K3,NWKXLGDOMIUDOE,O=C(NC(Cc1ccccc1)C(=O)NCCc1ccccc1)C1CCCN1,30,ICEBERG_2_1,K3,0.17728366961548742,0.34004350139065553,
MSBNK-EAWAG-ED101904__GLACIER__K1,NWKXLGDOMIUDOE,O=C(NC(Cc1ccccc1)C(=O)NCCc1ccccc1)C1CCCN1,30,GLACIER,K1,0.4985749778294739,0.4813792117466459,
MSBNK-EAWAG-ED101904__GLACIER__K2,NWKXLGDOMIUDOE,O=C(NC(Cc1ccccc1)C(=O)NCCc1ccccc1)C1CCCN1,30,GLACIER,K2,0.07220482992049303,0.21003358477465128,
MSBNK-EAWAG-ED101904__GLACIER__K3,NWKXLGDOMIUDOE,O=C(NC(Cc1ccccc1)C(=O)NCCc1ccccc1)C1CCCN1,30,GLACIER,K3,0.08467339174733576,0.21203387544582908,
MSBNK-EAWAG-ED101906__ICEBERG_2_1__K1,NWKXLGDOMIUDOE,O=C(NC(Cc1ccccc1)C(=O)NCCc1ccccc1)C1CCCN1,40,ICEBERG_2_1,K1,0.3982464136233788,0.4770210011195065,
MSBNK-EAWAG-ED101906__ICEBERG_2_1__K2,NWKXLGDOMIUDOE,O=C(NC(Cc1ccccc1)C(=O)NCCc1ccccc1)C1CCCN1,40,ICEBERG_2_1,K2,0.12614516445765916,0.2822809316148246,
MSBNK-EAWAG-ED101906__ICEBERG_2_1__K3,NWKXLGDOMIUDOE,O=C(NC(Cc1ccccc1)C(=O)NCCc1ccccc1)C1CCCN1,40,ICEBERG_2_1,K3,0.14552508566835765,0.30887858655285183,
MSBNK-EAWAG-ED101906__GLACIER__K1,NWKXLGDOMIUDOE,O=C(NC(Cc1ccccc1)C(=O)NCCc1ccccc1)C1CCCN1,40,GLACIER,K1,0.14918080504251258,0.2585956729447716,
MSBNK-EAWAG-ED101906__GLACIER__K2,NWKXLGDOMIUDOE,O=C(NC(Cc1ccccc1)C(=O)NCCc1ccccc1)C1CCCN1,40,GLACIER,K2,0.09913077220797903,0.2046391876783058,
MSBNK-EAWAG-ED101906__GLACIER__K3,NWKXLGDOMIUDOE,O=C(NC(Cc1ccccc1)C(=O)NCCc1ccccc1)C1CCCN1,40,GLACIER,K3,0.09469810975240042,0.20005336064513768,
MSBNK-EAWAG-ED101907__ICEBERG_2_1__K1,NWKXLGDOMIUDOE,O=C(NC(Cc1ccccc1)C(=O)NCCc1ccccc1)C1CCCN1,50,ICEBERG_2_1,K1,0.2515855670720735,0.4724883213574512,
MSBNK-EAWAG-ED101907__ICEBERG_2_1__K2,NWKXLGDOMIUDOE,O=C(NC(Cc1ccccc1)C(=O)NCCc1ccccc1)C1CCCN1,50,ICEBERG_2_1,K2,0.21105349823650177,0.3418840264437836,
MSBNK-EAWAG-ED101907__ICEBERG_2_1__K3,NWKXLGDOMIUDOE,O=C(NC(Cc1ccccc1)C(=O)NCCc1ccccc1)C1CCCN1,50,ICEBERG_2_1,K3,0.20707368429201817,0.3402124289515839,
MSBNK-EAWAG-ED101907__GLACIER__K1,NWKXLGDOMIUDOE,O=C(NC(Cc1ccccc1)C(=O)NCCc1ccccc1)C1CCCN1,50,GLACIER,K1,0.06817448782066433,0.23246587585916434,
MSBNK-EAWAG-ED101907__GLACIER__K2,NWKXLGDOMIUDOE,O=C(NC(Cc1ccccc1)C(=O)NCCc1ccccc1)C1CCCN1,50,GLACIER,K2,0.2022476133733176,0.2715264163529594,
MSBNK-EAWAG-ED101907__GLACIER__K3,NWKXLGDOMIUDOE,O=C(NC(Cc1ccccc1)C(=O)NCCc1ccccc1)C1CCCN1,50,GLACIER,K3,0.20876718757464888,0.2751933306458515,
MSBNK-EAWAG-ED101908__ICEBERG_2_1__K1,NWKXLGDOMIUDOE,O=C(NC(Cc1ccccc1)C(=O)NCCc1ccccc1)C1CCCN1,60,ICEBERG_2_1,K1,0.19745346550106707,0.3656963470193193,
MSBNK-EAWAG-ED101908__ICEBERG_2_1__K2,NWKXLGDOMIUDOE,O=C(NC(Cc1ccccc1)C(=O)NCCc1ccccc1)C1CCCN1,60,ICEBERG_2_1,K2,0.19178699962095314,0.33359646927889763,
MSBNK-EAWAG-ED101908__ICEBERG_2_1__K3,NWKXLGDOMIUDOE,O=C(NC(Cc1ccccc1)C(=O)NCCc1ccccc1)C1CCCN1,60,ICEBERG_2_1,K3,0.19483845259066282,0.34335922901604676,
MSBNK-EAWAG-ED101908__GLACIER__K1,NWKXLGDOMIUDOE,O=C(NC(Cc1ccccc1)C(=O)NCCc1ccccc1)C1CCCN1,60,GLACIER,K1,0.17846140972408212,0.3279154286723198,
MSBNK-EAWAG-ED101908__GLACIER__K2,NWKXLGDOMIUDOE,O=C(NC(Cc1ccccc1)C(=O)NCCc1ccccc1)C1CCCN1,60,GLACIER,K2,0.2925858856805022,0.3912420680025821,
MSBNK-EAWAG-ED101908__GLACIER__K3,NWKXLGDOMIUDOE,O=C(NC(Cc1ccccc1)C(=O)NCCc1ccccc1)C1CCCN1,60,GLACIER,K3,0.27618740794646607,0.38659419381476834,
MSBNK-EAWAG-ED124001__ICEBERG_2_1__K1,KVEGLZCDCVSBQX,O=C(CCc1ccccc1)N1CCC2CCCCC21,15,ICEBERG_2_1,K1,0.9813637068243527,0.87311232321469,
MSBNK-EAWAG-ED124001__ICEBERG_2_1__K2,KVEGLZCDCVSBQX,O=C(CCc1ccccc1)N1CCC2CCCCC21,15,ICEBERG_2_1,K2,0.9420245398886424,0.7982014068023463,
MSBNK-EAWAG-ED124001__ICEBERG_2_1__K3,KVEGLZCDCVSBQX,O=C(CCc1ccccc1)N1CCC2CCCCC21,15,ICEBERG_2_1,K3,0.9474888908005348,0.8100437316526776,
MSBNK-EAWAG-ED124001__GLACIER__K1,KVEGLZCDCVSBQX,O=C(CCc1ccccc1)N1CCC2CCCCC21,15,GLACIER,K1,0.9662992706196102,0.8833077126805693,
MSBNK-EAWAG-ED124001__GLACIER__K2,KVEGLZCDCVSBQX,O=C(CCc1ccccc1)N1CCC2CCCCC21,15,GLACIER,K2,0.8295138401007992,0.734690095290087,
MSBNK-EAWAG-ED124001__GLACIER__K3,KVEGLZCDCVSBQX,O=C(CCc1ccccc1)N1CCC2CCCCC21,15,GLACIER,K3,0.940651942480339,0.8408991871494709,
MSBNK-EAWAG-ED124002__ICEBERG_2_1__K1,KVEGLZCDCVSBQX,O=C(CCc1ccccc1)N1CCC2CCCCC21,20,ICEBERG_2_1,K1,0.895211125618057,0.747236126865354,
MSBNK-EAWAG-ED124002__ICEBERG_2_1__K2,KVEGLZCDCVSBQX,O=C(CCc1ccccc1)N1CCC2CCCCC21,20,ICEBERG_2_1,K2,0.7442019792135244,0.6231355428017826,
MSBNK-EAWAG-ED124002__ICEBERG_2_1__K3,KVEGLZCDCVSBQX,O=C(CCc1ccccc1)N1CCC2CCCCC21,20,ICEBERG_2_1,K3,0.7666951858774858,0.6425568935927877,
MSBNK-EAWAG-ED124002__GLACIER__K1,KVEGLZCDCVSBQX,O=C(CCc1ccccc1)N1CCC2CCCCC21,20,GLACIER,K1,0.7961749376083239,0.7248598173700697,
MSBNK-EAWAG-ED124002__GLACIER__K2,KVEGLZCDCVSBQX,O=C(CCc1ccccc1)N1CCC2CCCCC21,20,GLACIER,K2,0.3905545617688771,0.3908386820720362,
MSBNK-EAWAG-ED124002__GLACIER__K3,KVEGLZCDCVSBQX,O=C(CCc1ccccc1)N1CCC2CCCCC21,20,GLACIER,K3,0.5662892719980576,0.518860670182478,
MSBNK-EAWAG-ED124003__ICEBERG_2_1__K1,KVEGLZCDCVSBQX,O=C(CCc1ccccc1)N1CCC2CCCCC21,25,ICEBERG_2_1,K1,0.721787204437928,0.6439540306424594,
MSBNK-EAWAG-ED124003__ICEBERG_2_1__K2,KVEGLZCDCVSBQX,O=C(CCc1ccccc1)N1CCC2CCCCC21,25,ICEBERG_2_1,K2,0.32615553868870506,0.411397883567893,
MSBNK-EAWAG-ED124003__ICEBERG_2_1__K3,KVEGLZCDCVSBQX,O=C(CCc1ccccc1)N1CCC2CCCCC21,25,ICEBERG_2_1,K3,0.35310473098662415,0.42814955741942273,
MSBNK-EAWAG-ED124003__GLACIER__K1,KVEGLZCDCVSBQX,O=C(CCc1ccccc1)N1CCC2CCCCC21,25,GLACIER,K1,0.0655122624379556,0.1723734068140933,
MSBNK-EAWAG-ED124003__GLACIER__K2,KVEGLZCDCVSBQX,O=C(CCc1ccccc1)N1CCC2CCCCC21,25,GLACIER,K2,0.1217508730330623,0.21622828906764546,
MSBNK-EAWAG-ED124003__GLACIER__K3,KVEGLZCDCVSBQX,O=C(CCc1ccccc1)N1CCC2CCCCC21,25,GLACIER,K3,0.08035549238944543,0.17118333731907565,
MSBNK-EAWAG-ED124004__ICEBERG_2_1__K1,KVEGLZCDCVSBQX,O=C(CCc1ccccc1)N1CCC2CCCCC21,30,ICEBERG_2_1,K1,0.4203376371064822,0.5241821578101984,
MSBNK-EAWAG-ED124004__ICEBERG_2_1__K2,KVEGLZCDCVSBQX,O=C(CCc1ccccc1)N1CCC2CCCCC21,30,ICEBERG_2_1,K2,0.6683831731730023,0.6036109795933556,
MSBNK-EAWAG-ED124004__ICEBERG_2_1__K3,KVEGLZCDCVSBQX,O=C(CCc1ccccc1)N1CCC2CCCCC21,30,ICEBERG_2_1,K3,0.8066654544911716,0.6766185725297065,
MSBNK-EAWAG-ED124004__GLACIER__K1,KVEGLZCDCVSBQX,O=C(CCc1ccccc1)N1CCC2CCCCC21,30,GLACIER,K1,0.1781470242057435,0.33030469214803704,
MSBNK-EAWAG-ED124004__GLACIER__K2,KVEGLZCDCVSBQX,O=C(CCc1ccccc1)N1CCC2CCCCC21,30,GLACIER,K2,0.08886848928446425,0.23592828018263068,
MSBNK-EAWAG-ED124004__GLACIER__K3,KVEGLZCDCVSBQX,O=C(CCc1ccccc1)N1CCC2CCCCC21,30,GLACIER,K3,0.20228719433172104,0.3461910109055606,
MSBNK-EAWAG-ED124005__ICEBERG_2_1__K1,KVEGLZCDCVSBQX,O=C(CCc1ccccc1)N1CCC2CCCCC21,40,ICEBERG_2_1,K1,0.36177863829472323,0.5547972308357029,
MSBNK-EAWAG-ED124005__ICEBERG_2_1__K2,KVEGLZCDCVSBQX,O=C(CCc1ccccc1)N1CCC2CCCCC21,40,ICEBERG_2_1,K2,0.33878116027271693,0.49256670269076974,
MSBNK-EAWAG-ED124005__ICEBERG_2_1__K3,KVEGLZCDCVSBQX,O=C(CCc1ccccc1)N1CCC2CCCCC21,40,ICEBERG_2_1,K3,0.3412625507327731,0.49460409315013454,
MSBNK-EAWAG-ED124005__GLACIER__K1,KVEGLZCDCVSBQX,O=C(CCc1ccccc1)N1CCC2CCCCC21,40,GLACIER,K1,0.40859666988184057,0.548391553378377,
MSBNK-EAWAG-ED124005__GLACIER__K2,KVEGLZCDCVSBQX,O=C(CCc1ccccc1)N1CCC2CCCCC21,40,GLACIER,K2,0.4303663154063372,0.5294710722794285,
MSBNK-EAWAG-ED124005__GLACIER__K3,KVEGLZCDCVSBQX,O=C(CCc1ccccc1)N1CCC2CCCCC21,40,GLACIER,K3,0.4304317419318152,0.5310501376916905,
MSBNK-EAWAG-ED124006__ICEBERG_2_1__K1,KVEGLZCDCVSBQX,O=C(CCc1ccccc1)N1CCC2CCCCC21,50,ICEBERG_2_1,K1,0.502676048416427,0.5761302235224643,
MSBNK-EAWAG-ED124006__ICEBERG_2_1__K2,KVEGLZCDCVSBQX,O=C(CCc1ccccc1)N1CCC2CCCCC21,50,ICEBERG_2_1,K2,0.7246617723933573,0.6334528125682477,
MSBNK-EAWAG-ED124006__ICEBERG_2_1__K3,KVEGLZCDCVSBQX,O=C(CCc1ccccc1)N1CCC2CCCCC21,50,ICEBERG_2_1,K3,0.8420030493665406,0.6783542964267157,
MSBNK-EAWAG-ED124006__GLACIER__K1,KVEGLZCDCVSBQX,O=C(CCc1ccccc1)N1CCC2CCCCC21,50,GLACIER,K1,0.7496429946275184,0.6946473512154581,
MSBNK-EAWAG-ED124006__GLACIER__K2,KVEGLZCDCVSBQX,O=C(CCc1ccccc1)N1CCC2CCCCC21,50,GLACIER,K2,0.9092302007002516,0.7378378048977272,
MSBNK-EAWAG-ED124006__GLACIER__K3,KVEGLZCDCVSBQX,O=C(CCc1ccccc1)N1CCC2CCCCC21,50,GLACIER,K3,0.933957732909152,0.7663159695029779,
MSBNK-EAWAG-ED124007__ICEBERG_2_1__K1,KVEGLZCDCVSBQX,O=C(CCc1ccccc1)N1CCC2CCCCC21,60,ICEBERG_2_1,K1,0.676069691476686,0.6492978525068159,
MSBNK-EAWAG-ED124007__ICEBERG_2_1__K2,KVEGLZCDCVSBQX,O=C(CCc1ccccc1)N1CCC2CCCCC21,60,ICEBERG_2_1,K2,0.8486752232830109,0.7221743336676438,
MSBNK-EAWAG-ED124007__ICEBERG_2_1__K3,KVEGLZCDCVSBQX,O=C(CCc1ccccc1)N1CCC2CCCCC21,60,ICEBERG_2_1,K3,0.8390571438426445,0.70647742574573,
MSBNK-EAWAG-ED124007__GLACIER__K1,KVEGLZCDCVSBQX,O=C(CCc1ccccc1)N1CCC2CCCCC21,60,GLACIER,K1,0.8008645641829694,0.7639627217816789,
MSBNK-EAWAG-ED124007__GLACIER__K2,KVEGLZCDCVSBQX,O=C(CCc1ccccc1)N1CCC2CCCCC21,60,GLACIER,K2,0.9424768192607994,0.8246833440530474,
MSBNK-EAWAG-ED124007__GLACIER__K3,KVEGLZCDCVSBQX,O=C(CCc1ccccc1)N1CCC2CCCCC21,60,GLACIER,K3,0.8512044091281497,0.7927772835037386,
MSBNK-EAWAG-ED125001__ICEBERG_2_1__K1,KRNLOYZRJLTDBI,O=C(CCc1ccccc1)NC(CCc1ccccc1)C(=O)N1CCCC1,15,ICEBERG_2_1,K1,0.8786320029755335,0.765608291040972,
MSBNK-EAWAG-ED125001__ICEBERG_2_1__K2,KRNLOYZRJLTDBI,O=C(CCc1ccccc1)NC(CCc1ccccc1)C(=O)N1CCCC1,15,ICEBERG_2_1,K2,0.9450951749609318,0.821726169095137,
MSBNK-EAWAG-ED125001__ICEBERG_2_1__K3,KRNLOYZRJLTDBI,O=C(CCc1ccccc1)NC(CCc1ccccc1)C(=O)N1CCCC1,15,ICEBERG_2_1,K3,0.9460333223494659,0.8253947377337214,
MSBNK-EAWAG-ED125001__GLACIER__K1,KRNLOYZRJLTDBI,O=C(CCc1ccccc1)NC(CCc1ccccc1)C(=O)N1CCCC1,15,GLACIER,K1,0.8883816221102356,0.8030884452091542,
MSBNK-EAWAG-ED125001__GLACIER__K2,KRNLOYZRJLTDBI,O=C(CCc1ccccc1)NC(CCc1ccccc1)C(=O)N1CCCC1,15,GLACIER,K2,0.2295392325002055,0.36544964840738026,
MSBNK-EAWAG-ED125001__GLACIER__K3,KRNLOYZRJLTDBI,O=C(CCc1ccccc1)NC(CCc1ccccc1)C(=O)N1CCCC1,15,GLACIER,K3,0.6005653112116384,0.6241683128508464,
MSBNK-EAWAG-ED125002__ICEBERG_2_1__K1,KRNLOYZRJLTDBI,O=C(CCc1ccccc1)NC(CCc1ccccc1)C(=O)N1CCCC1,20,ICEBERG_2_1,K1,0.7807897166742241,0.680997183683841,
MSBNK-EAWAG-ED125002__ICEBERG_2_1__K2,KRNLOYZRJLTDBI,O=C(CCc1ccccc1)NC(CCc1ccccc1)C(=O)N1CCCC1,20,ICEBERG_2_1,K2,0.8601781413355996,0.611469994453341,
MSBNK-EAWAG-ED125002__ICEBERG_2_1__K3,KRNLOYZRJLTDBI,O=C(CCc1ccccc1)NC(CCc1ccccc1)C(=O)N1CCCC1,20,ICEBERG_2_1,K3,0.8610892690570447,0.6446738728702395,
MSBNK-EAWAG-ED125002__GLACIER__K1,KRNLOYZRJLTDBI,O=C(CCc1ccccc1)NC(CCc1ccccc1)C(=O)N1CCCC1,20,GLACIER,K1,0.431020379497676,0.5244659254793711,
MSBNK-EAWAG-ED125002__GLACIER__K2,KRNLOYZRJLTDBI,O=C(CCc1ccccc1)NC(CCc1ccccc1)C(=O)N1CCCC1,20,GLACIER,K2,0.08348641698804281,0.18795176179543083,
MSBNK-EAWAG-ED125002__GLACIER__K3,KRNLOYZRJLTDBI,O=C(CCc1ccccc1)NC(CCc1ccccc1)C(=O)N1CCCC1,20,GLACIER,K3,0.14289784897635752,0.2714591271546857,
MSBNK-EAWAG-ED125003__ICEBERG_2_1__K1,KRNLOYZRJLTDBI,O=C(CCc1ccccc1)NC(CCc1ccccc1)C(=O)N1CCCC1,25,ICEBERG_2_1,K1,0.8969469209282365,0.6818316948042327,
MSBNK-EAWAG-ED125003__ICEBERG_2_1__K2,KRNLOYZRJLTDBI,O=C(CCc1ccccc1)NC(CCc1ccccc1)C(=O)N1CCCC1,25,ICEBERG_2_1,K2,0.6208018869020181,0.46258145306205267,
MSBNK-EAWAG-ED125003__ICEBERG_2_1__K3,KRNLOYZRJLTDBI,O=C(CCc1ccccc1)NC(CCc1ccccc1)C(=O)N1CCCC1,25,ICEBERG_2_1,K3,0.6961314311673971,0.499660528259686,
MSBNK-EAWAG-ED125003__GLACIER__K1,KRNLOYZRJLTDBI,O=C(CCc1ccccc1)NC(CCc1ccccc1)C(=O)N1CCCC1,25,GLACIER,K1,0.025904379704779972,0.08158871668902878,
MSBNK-EAWAG-ED125003__GLACIER__K2,KRNLOYZRJLTDBI,O=C(CCc1ccccc1)NC(CCc1ccccc1)C(=O)N1CCCC1,25,GLACIER,K2,0.09399507424505082,0.15665883346944742,
MSBNK-EAWAG-ED125003__GLACIER__K3,KRNLOYZRJLTDBI,O=C(CCc1ccccc1)NC(CCc1ccccc1)C(=O)N1CCCC1,25,GLACIER,K3,0.03420526101632622,0.08029907927907454,
MSBNK-EAWAG-ED125004__ICEBERG_2_1__K1,KRNLOYZRJLTDBI,O=C(CCc1ccccc1)NC(CCc1ccccc1)C(=O)N1CCCC1,30,ICEBERG_2_1,K1,0.6804102558723303,0.4833419199991925,
MSBNK-EAWAG-ED125004__ICEBERG_2_1__K2,KRNLOYZRJLTDBI,O=C(CCc1ccccc1)NC(CCc1ccccc1)C(=O)N1CCCC1,30,ICEBERG_2_1,K2,0.1585305380177485,0.17861131392966267,
MSBNK-EAWAG-ED125004__ICEBERG_2_1__K3,KRNLOYZRJLTDBI,O=C(CCc1ccccc1)NC(CCc1ccccc1)C(=O)N1CCCC1,30,ICEBERG_2_1,K3,0.8609599491313907,0.5783658489749712,
MSBNK-EAWAG-ED125004__GLACIER__K1,KRNLOYZRJLTDBI,O=C(CCc1ccccc1)NC(CCc1ccccc1)C(=O)N1CCCC1,30,GLACIER,K1,0.09490982577152694,0.15339450784889963,
MSBNK-EAWAG-ED125004__GLACIER__K2,KRNLOYZRJLTDBI,O=C(CCc1ccccc1)NC(CCc1ccccc1)C(=O)N1CCCC1,30,GLACIER,K2,0.0015689054612069752,0.009544973150944047,
MSBNK-EAWAG-ED125004__GLACIER__K3,KRNLOYZRJLTDBI,O=C(CCc1ccccc1)NC(CCc1ccccc1)C(=O)N1CCCC1,30,GLACIER,K3,0.09557010952742798,0.16039504507025493,
MSBNK-EAWAG-ED125005__ICEBERG_2_1__K1,KRNLOYZRJLTDBI,O=C(CCc1ccccc1)NC(CCc1ccccc1)C(=O)N1CCCC1,40,ICEBERG_2_1,K1,0.5977870401942258,0.6014307212269053,
MSBNK-EAWAG-ED125005__ICEBERG_2_1__K2,KRNLOYZRJLTDBI,O=C(CCc1ccccc1)NC(CCc1ccccc1)C(=O)N1CCCC1,40,ICEBERG_2_1,K2,0.46607324742356554,0.4897352746650906,
MSBNK-EAWAG-ED125005__ICEBERG_2_1__K3,KRNLOYZRJLTDBI,O=C(CCc1ccccc1)NC(CCc1ccccc1)C(=O)N1CCCC1,40,ICEBERG_2_1,K3,0.4735560911173178,0.4774555265955994,
MSBNK-EAWAG-ED125005__GLACIER__K1,KRNLOYZRJLTDBI,O=C(CCc1ccccc1)NC(CCc1ccccc1)C(=O)N1CCCC1,40,GLACIER,K1,0.49228654976318165,0.5249648686116151,
MSBNK-EAWAG-ED125005__GLACIER__K2,KRNLOYZRJLTDBI,O=C(CCc1ccccc1)NC(CCc1ccccc1)C(=O)N1CCCC1,40,GLACIER,K2,0.5391179325387339,0.5430875798656576,
MSBNK-EAWAG-ED125005__GLACIER__K3,KRNLOYZRJLTDBI,O=C(CCc1ccccc1)NC(CCc1ccccc1)C(=O)N1CCCC1,40,GLACIER,K3,0.5442967860213896,0.5371493536118449,
MSBNK-EAWAG-ED125006__ICEBERG_2_1__K1,KRNLOYZRJLTDBI,O=C(CCc1ccccc1)NC(CCc1ccccc1)C(=O)N1CCCC1,50,ICEBERG_2_1,K1,0.8318409648204578,0.6476307553675303,
MSBNK-EAWAG-ED125006__ICEBERG_2_1__K2,KRNLOYZRJLTDBI,O=C(CCc1ccccc1)NC(CCc1ccccc1)C(=O)N1CCCC1,50,ICEBERG_2_1,K2,0.890356702993023,0.7010195326352685,
MSBNK-EAWAG-ED125006__ICEBERG_2_1__K3,KRNLOYZRJLTDBI,O=C(CCc1ccccc1)NC(CCc1ccccc1)C(=O)N1CCCC1,50,ICEBERG_2_1,K3,0.8765823834612538,0.681210752171602,
MSBNK-EAWAG-ED125006__GLACIER__K1,KRNLOYZRJLTDBI,O=C(CCc1ccccc1)NC(CCc1ccccc1)C(=O)N1CCCC1,50,GLACIER,K1,0.8510816738328155,0.6579333250987718,
MSBNK-EAWAG-ED125006__GLACIER__K2,KRNLOYZRJLTDBI,O=C(CCc1ccccc1)NC(CCc1ccccc1)C(=O)N1CCCC1,50,GLACIER,K2,0.8418908607224941,0.6207108363753162,
MSBNK-EAWAG-ED125006__GLACIER__K3,KRNLOYZRJLTDBI,O=C(CCc1ccccc1)NC(CCc1ccccc1)C(=O)N1CCCC1,50,GLACIER,K3,0.8487209424685178,0.6053502797176255,
MSBNK-EAWAG-ED125007__ICEBERG_2_1__K1,KRNLOYZRJLTDBI,O=C(CCc1ccccc1)NC(CCc1ccccc1)C(=O)N1CCCC1,60,ICEBERG_2_1,K1,0.8616475918616551,0.7465675430406922,
MSBNK-EAWAG-ED125007__ICEBERG_2_1__K2,KRNLOYZRJLTDBI,O=C(CCc1ccccc1)NC(CCc1ccccc1)C(=O)N1CCCC1,60,ICEBERG_2_1,K2,0.951563619268441,0.8210325590089351,
MSBNK-EAWAG-ED125007__ICEBERG_2_1__K3,KRNLOYZRJLTDBI,O=C(CCc1ccccc1)NC(CCc1ccccc1)C(=O)N1CCCC1,60,ICEBERG_2_1,K3,0.9039109208484781,0.7395981588288532,
MSBNK-EAWAG-ED125007__GLACIER__K1,KRNLOYZRJLTDBI,O=C(CCc1ccccc1)NC(CCc1ccccc1)C(=O)N1CCCC1,60,GLACIER,K1,0.8126178378436177,0.6948220705070234,
MSBNK-EAWAG-ED125007__GLACIER__K2,KRNLOYZRJLTDBI,O=C(CCc1ccccc1)NC(CCc1ccccc1)C(=O)N1CCCC1,60,GLACIER,K2,0.8917558024028548,0.8454367838980098,
MSBNK-EAWAG-ED125007__GLACIER__K3,KRNLOYZRJLTDBI,O=C(CCc1ccccc1)NC(CCc1ccccc1)C(=O)N1CCCC1,60,GLACIER,K3,0.8767638120557198,0.7918249024444863,
MSBNK-EAWAG-ED133201__ICEBERG_2_1__K1,PFXJYHPNSWNJBP,c1coc(-c2coc(C3CCCN3)n2)n1,15,ICEBERG_2_1,K1,0.5466927492471142,0.4908206572875947,
MSBNK-EAWAG-ED133201__ICEBERG_2_1__K2,PFXJYHPNSWNJBP,c1coc(-c2coc(C3CCCN3)n2)n1,15,ICEBERG_2_1,K2,0.4150477113208332,0.44087075196106296,
MSBNK-EAWAG-ED133201__ICEBERG_2_1__K3,PFXJYHPNSWNJBP,c1coc(-c2coc(C3CCCN3)n2)n1,15,ICEBERG_2_1,K3,0.5466929542323462,0.4908207680117297,
MSBNK-EAWAG-ED133201__GLACIER__K1,PFXJYHPNSWNJBP,c1coc(-c2coc(C3CCCN3)n2)n1,15,GLACIER,K1,0.3437900938299324,0.3797533461861218,
MSBNK-EAWAG-ED133201__GLACIER__K2,PFXJYHPNSWNJBP,c1coc(-c2coc(C3CCCN3)n2)n1,15,GLACIER,K2,0.4058681131978098,0.4329020415356323,
MSBNK-EAWAG-ED133201__GLACIER__K3,PFXJYHPNSWNJBP,c1coc(-c2coc(C3CCCN3)n2)n1,15,GLACIER,K3,0.3437902019625317,0.37975339500593486,
MSBNK-EAWAG-ED133202__ICEBERG_2_1__K1,PFXJYHPNSWNJBP,c1coc(-c2coc(C3CCCN3)n2)n1,20,ICEBERG_2_1,K1,0.20587037954022075,0.3371660479889246,
MSBNK-EAWAG-ED133202__ICEBERG_2_1__K2,PFXJYHPNSWNJBP,c1coc(-c2coc(C3CCCN3)n2)n1,20,ICEBERG_2_1,K2,0.1511688390989354,0.2946523423456626,
MSBNK-EAWAG-ED133202__ICEBERG_2_1__K3,PFXJYHPNSWNJBP,c1coc(-c2coc(C3CCCN3)n2)n1,20,ICEBERG_2_1,K3,0.20587040816132024,0.33716606221937284,
MSBNK-EAWAG-ED133202__GLACIER__K1,PFXJYHPNSWNJBP,c1coc(-c2coc(C3CCCN3)n2)n1,20,GLACIER,K1,0.038767163367711514,0.20694178946692754,
MSBNK-EAWAG-ED133202__GLACIER__K2,PFXJYHPNSWNJBP,c1coc(-c2coc(C3CCCN3)n2)n1,20,GLACIER,K2,0.08316493212245853,0.27001363398834444,
MSBNK-EAWAG-ED133202__GLACIER__K3,PFXJYHPNSWNJBP,c1coc(-c2coc(C3CCCN3)n2)n1,20,GLACIER,K3,0.03876719158336063,0.20694184236435798,
MSBNK-EAWAG-ED133203__ICEBERG_2_1__K1,PFXJYHPNSWNJBP,c1coc(-c2coc(C3CCCN3)n2)n1,25,ICEBERG_2_1,K1,0.19352108911780327,0.3093451209851543,
MSBNK-EAWAG-ED133203__ICEBERG_2_1__K2,PFXJYHPNSWNJBP,c1coc(-c2coc(C3CCCN3)n2)n1,25,ICEBERG_2_1,K2,0.2301339443709262,0.3352686047789186,
MSBNK-EAWAG-ED133203__ICEBERG_2_1__K3,PFXJYHPNSWNJBP,c1coc(-c2coc(C3CCCN3)n2)n1,25,ICEBERG_2_1,K3,0.1935210867699867,0.3093451292620011,
MSBNK-EAWAG-ED133203__GLACIER__K1,PFXJYHPNSWNJBP,c1coc(-c2coc(C3CCCN3)n2)n1,25,GLACIER,K1,0.12082261421515868,0.2956175281471528,
MSBNK-EAWAG-ED133203__GLACIER__K2,PFXJYHPNSWNJBP,c1coc(-c2coc(C3CCCN3)n2)n1,25,GLACIER,K2,0.0859444359084196,0.23003122842429102,
MSBNK-EAWAG-ED133203__GLACIER__K3,PFXJYHPNSWNJBP,c1coc(-c2coc(C3CCCN3)n2)n1,25,GLACIER,K3,0.12082253702562454,0.2956174153525035,
MSBNK-EAWAG-ED133204__ICEBERG_2_1__K1,PFXJYHPNSWNJBP,c1coc(-c2coc(C3CCCN3)n2)n1,30,ICEBERG_2_1,K1,0.2835437894325193,0.3727270577537575,
MSBNK-EAWAG-ED133204__ICEBERG_2_1__K2,PFXJYHPNSWNJBP,c1coc(-c2coc(C3CCCN3)n2)n1,30,ICEBERG_2_1,K2,0.28791410040940746,0.3629502269931135,
MSBNK-EAWAG-ED133204__ICEBERG_2_1__K3,PFXJYHPNSWNJBP,c1coc(-c2coc(C3CCCN3)n2)n1,30,ICEBERG_2_1,K3,0.2835438080478268,0.372727067592172,
MSBNK-EAWAG-ED133204__GLACIER__K1,PFXJYHPNSWNJBP,c1coc(-c2coc(C3CCCN3)n2)n1,30,GLACIER,K1,0.5537058355664639,0.672051893490817,
MSBNK-EAWAG-ED133204__GLACIER__K2,PFXJYHPNSWNJBP,c1coc(-c2coc(C3CCCN3)n2)n1,30,GLACIER,K2,0.5861381821019522,0.6787613727122741,
MSBNK-EAWAG-ED133204__GLACIER__K3,PFXJYHPNSWNJBP,c1coc(-c2coc(C3CCCN3)n2)n1,30,GLACIER,K3,0.5537062079210336,0.6720520668655667,
MSBNK-EAWAG-ED133205__ICEBERG_2_1__K1,PFXJYHPNSWNJBP,c1coc(-c2coc(C3CCCN3)n2)n1,40,ICEBERG_2_1,K1,0.7833623501896835,0.5871975508202733,
MSBNK-EAWAG-ED133205__ICEBERG_2_1__K2,PFXJYHPNSWNJBP,c1coc(-c2coc(C3CCCN3)n2)n1,40,ICEBERG_2_1,K2,0.7727066726071505,0.5803969767543584,
MSBNK-EAWAG-ED133205__ICEBERG_2_1__K3,PFXJYHPNSWNJBP,c1coc(-c2coc(C3CCCN3)n2)n1,40,ICEBERG_2_1,K3,0.7781280370980621,0.5826547636398713,
MSBNK-EAWAG-ED133205__GLACIER__K1,PFXJYHPNSWNJBP,c1coc(-c2coc(C3CCCN3)n2)n1,40,GLACIER,K1,0.8754788703337355,0.7534178919316799,
MSBNK-EAWAG-ED133205__GLACIER__K2,PFXJYHPNSWNJBP,c1coc(-c2coc(C3CCCN3)n2)n1,40,GLACIER,K2,0.9019165642518914,0.8189007459345583,
MSBNK-EAWAG-ED133205__GLACIER__K3,PFXJYHPNSWNJBP,c1coc(-c2coc(C3CCCN3)n2)n1,40,GLACIER,K3,0.9024201011091445,0.8194660276008553,
MSBNK-EAWAG-ED133206__ICEBERG_2_1__K1,PFXJYHPNSWNJBP,c1coc(-c2coc(C3CCCN3)n2)n1,50,ICEBERG_2_1,K1,0.8262399092704341,0.6136459301993584,
MSBNK-EAWAG-ED133206__ICEBERG_2_1__K2,PFXJYHPNSWNJBP,c1coc(-c2coc(C3CCCN3)n2)n1,50,ICEBERG_2_1,K2,0.8441805030770485,0.6937965395667312,
MSBNK-EAWAG-ED133206__ICEBERG_2_1__K3,PFXJYHPNSWNJBP,c1coc(-c2coc(C3CCCN3)n2)n1,50,ICEBERG_2_1,K3,0.8385558630754602,0.6670404760124333,
MSBNK-EAWAG-ED133206__GLACIER__K1,PFXJYHPNSWNJBP,c1coc(-c2coc(C3CCCN3)n2)n1,50,GLACIER,K1,0.8543461665200188,0.7641058135807358,
MSBNK-EAWAG-ED133206__GLACIER__K2,PFXJYHPNSWNJBP,c1coc(-c2coc(C3CCCN3)n2)n1,50,GLACIER,K2,0.8552071731877794,0.7693340556583155,
MSBNK-EAWAG-ED133206__GLACIER__K3,PFXJYHPNSWNJBP,c1coc(-c2coc(C3CCCN3)n2)n1,50,GLACIER,K3,0.8563402203420788,0.7847799366938805,
MSBNK-EAWAG-ED133207__ICEBERG_2_1__K1,PFXJYHPNSWNJBP,c1coc(-c2coc(C3CCCN3)n2)n1,60,ICEBERG_2_1,K1,0.824495371856,0.6715814537167294,
MSBNK-EAWAG-ED133207__ICEBERG_2_1__K2,PFXJYHPNSWNJBP,c1coc(-c2coc(C3CCCN3)n2)n1,60,ICEBERG_2_1,K2,0.8278608881837263,0.655424707106864,
MSBNK-EAWAG-ED133207__ICEBERG_2_1__K3,PFXJYHPNSWNJBP,c1coc(-c2coc(C3CCCN3)n2)n1,60,ICEBERG_2_1,K3,0.8289119705048493,0.6744847438930146,
MSBNK-EAWAG-ED133207__GLACIER__K1,PFXJYHPNSWNJBP,c1coc(-c2coc(C3CCCN3)n2)n1,60,GLACIER,K1,0.2512855467432755,0.3975624080410941,
MSBNK-EAWAG-ED133207__GLACIER__K2,PFXJYHPNSWNJBP,c1coc(-c2coc(C3CCCN3)n2)n1,60,GLACIER,K2,0.8650518785838279,0.8200903880754241,
MSBNK-EAWAG-ED133207__GLACIER__K3,PFXJYHPNSWNJBP,c1coc(-c2coc(C3CCCN3)n2)n1,60,GLACIER,K3,0.8685941178568317,0.8274308248529078,
MSBNK-EAWAG-ED140201__ICEBERG_2_1__K1,MLBROOJXUZKDHY,O=C1NCC2=NC(CS2)C(=O)NC(Cc2ccccc2)C2=NC(CO2)C(=O)NCc2nc1cs2,15,ICEBERG_2_1,K1,0.9996793944150912,0.9727830955810349,
MSBNK-EAWAG-ED140201__ICEBERG_2_1__K2,MLBROOJXUZKDHY,O=C1NCC2=NC(CS2)C(=O)NC(Cc2ccccc2)C2=NC(CO2)C(=O)NCc2nc1cs2,15,ICEBERG_2_1,K2,0.9992802618263567,0.9555379448222833,
MSBNK-EAWAG-ED140201__ICEBERG_2_1__K3,MLBROOJXUZKDHY,O=C1NCC2=NC(CS2)C(=O)NC(Cc2ccccc2)C2=NC(CO2)C(=O)NCc2nc1cs2,15,ICEBERG_2_1,K3,0.9989100875056393,0.9394559427482355,
MSBNK-EAWAG-ED140201__GLACIER__K1,MLBROOJXUZKDHY,O=C1NCC2=NC(CS2)C(=O)NC(Cc2ccccc2)C2=NC(CO2)C(=O)NCc2nc1cs2,15,GLACIER,K1,0.9999857510068098,0.9948994661519541,
MSBNK-EAWAG-ED140201__GLACIER__K2,MLBROOJXUZKDHY,O=C1NCC2=NC(CS2)C(=O)NC(Cc2ccccc2)C2=NC(CO2)C(=O)NCc2nc1cs2,15,GLACIER,K2,0.9966277130723958,0.9569597109106585,
MSBNK-EAWAG-ED140201__GLACIER__K3,MLBROOJXUZKDHY,O=C1NCC2=NC(CS2)C(=O)NC(Cc2ccccc2)C2=NC(CO2)C(=O)NCc2nc1cs2,15,GLACIER,K3,0.9988725149487191,0.9733661378861121,
MSBNK-EAWAG-ED140202__ICEBERG_2_1__K1,MLBROOJXUZKDHY,O=C1NCC2=NC(CS2)C(=O)NC(Cc2ccccc2)C2=NC(CO2)C(=O)NCc2nc1cs2,20,ICEBERG_2_1,K1,0.9986652269810783,0.9316964591228876,
MSBNK-EAWAG-ED140202__ICEBERG_2_1__K2,MLBROOJXUZKDHY,O=C1NCC2=NC(CS2)C(=O)NC(Cc2ccccc2)C2=NC(CO2)C(=O)NCc2nc1cs2,20,ICEBERG_2_1,K2,0.521327320946286,0.4602523991136406,
MSBNK-EAWAG-ED140202__ICEBERG_2_1__K3,MLBROOJXUZKDHY,O=C1NCC2=NC(CS2)C(=O)NC(Cc2ccccc2)C2=NC(CO2)C(=O)NCc2nc1cs2,20,ICEBERG_2_1,K3,0.4259550127711923,0.44034683497151395,
MSBNK-EAWAG-ED140202__GLACIER__K1,MLBROOJXUZKDHY,O=C1NCC2=NC(CS2)C(=O)NC(Cc2ccccc2)C2=NC(CO2)C(=O)NCc2nc1cs2,20,GLACIER,K1,0.9940436103148909,0.9342217430459729,
MSBNK-EAWAG-ED140202__GLACIER__K2,MLBROOJXUZKDHY,O=C1NCC2=NC(CS2)C(=O)NC(Cc2ccccc2)C2=NC(CO2)C(=O)NCc2nc1cs2,20,GLACIER,K2,0.9115487120894347,0.8250034171551758,
MSBNK-EAWAG-ED140202__GLACIER__K3,MLBROOJXUZKDHY,O=C1NCC2=NC(CS2)C(=O)NC(Cc2ccccc2)C2=NC(CO2)C(=O)NCc2nc1cs2,20,GLACIER,K3,0.8423352371725635,0.7918752368895754,
MSBNK-EAWAG-ED140203__ICEBERG_2_1__K1,MLBROOJXUZKDHY,O=C1NCC2=NC(CS2)C(=O)NC(Cc2ccccc2)C2=NC(CO2)C(=O)NCc2nc1cs2,25,ICEBERG_2_1,K1,0.8753961166005083,0.5877818141670897,
MSBNK-EAWAG-ED140203__ICEBERG_2_1__K2,MLBROOJXUZKDHY,O=C1NCC2=NC(CS2)C(=O)NC(Cc2ccccc2)C2=NC(CO2)C(=O)NCc2nc1cs2,25,ICEBERG_2_1,K2,0.06622907069067427,0.12761726210446267,
MSBNK-EAWAG-ED140203__ICEBERG_2_1__K3,MLBROOJXUZKDHY,O=C1NCC2=NC(CS2)C(=O)NC(Cc2ccccc2)C2=NC(CO2)C(=O)NCc2nc1cs2,25,ICEBERG_2_1,K3,0.05275014195493092,0.11106719204521776,
MSBNK-EAWAG-ED140203__GLACIER__K1,MLBROOJXUZKDHY,O=C1NCC2=NC(CS2)C(=O)NC(Cc2ccccc2)C2=NC(CO2)C(=O)NCc2nc1cs2,25,GLACIER,K1,0.985341584590252,0.8382815764494587,
MSBNK-EAWAG-ED140203__GLACIER__K2,MLBROOJXUZKDHY,O=C1NCC2=NC(CS2)C(=O)NC(Cc2ccccc2)C2=NC(CO2)C(=O)NCc2nc1cs2,25,GLACIER,K2,0.10112408646387265,0.2044844242571311,
MSBNK-EAWAG-ED140203__GLACIER__K3,MLBROOJXUZKDHY,O=C1NCC2=NC(CS2)C(=O)NC(Cc2ccccc2)C2=NC(CO2)C(=O)NCc2nc1cs2,25,GLACIER,K3,0.22380868111766375,0.2947563087814635,
MSBNK-EAWAG-ED140204__ICEBERG_2_1__K1,MLBROOJXUZKDHY,O=C1NCC2=NC(CS2)C(=O)NC(Cc2ccccc2)C2=NC(CO2)C(=O)NCc2nc1cs2,30,ICEBERG_2_1,K1,0.32984907472391606,0.286153988768051,
MSBNK-EAWAG-ED140204__ICEBERG_2_1__K2,MLBROOJXUZKDHY,O=C1NCC2=NC(CS2)C(=O)NC(Cc2ccccc2)C2=NC(CO2)C(=O)NCc2nc1cs2,30,ICEBERG_2_1,K2,0.2849099963424341,0.27593259996785924,
MSBNK-EAWAG-ED140204__ICEBERG_2_1__K3,MLBROOJXUZKDHY,O=C1NCC2=NC(CS2)C(=O)NC(Cc2ccccc2)C2=NC(CO2)C(=O)NCc2nc1cs2,30,ICEBERG_2_1,K3,0.40989754182000404,0.31368250984209456,
MSBNK-EAWAG-ED140204__GLACIER__K1,MLBROOJXUZKDHY,O=C1NCC2=NC(CS2)C(=O)NC(Cc2ccccc2)C2=NC(CO2)C(=O)NCc2nc1cs2,30,GLACIER,K1,0.10143663693503448,0.1770974379000989,
MSBNK-EAWAG-ED140204__GLACIER__K2,MLBROOJXUZKDHY,O=C1NCC2=NC(CS2)C(=O)NC(Cc2ccccc2)C2=NC(CO2)C(=O)NCc2nc1cs2,30,GLACIER,K2,0.04959485940391114,0.11850717344972372,
MSBNK-EAWAG-ED140204__GLACIER__K3,MLBROOJXUZKDHY,O=C1NCC2=NC(CS2)C(=O)NC(Cc2ccccc2)C2=NC(CO2)C(=O)NCc2nc1cs2,30,GLACIER,K3,0.07582641980626992,0.16021617514916653,
MSBNK-EAWAG-ED140205__ICEBERG_2_1__K1,MLBROOJXUZKDHY,O=C1NCC2=NC(CS2)C(=O)NC(Cc2ccccc2)C2=NC(CO2)C(=O)NCc2nc1cs2,40,ICEBERG_2_1,K1,0.23932202699439498,0.25823519336606915,
MSBNK-EAWAG-ED140205__ICEBERG_2_1__K2,MLBROOJXUZKDHY,O=C1NCC2=NC(CS2)C(=O)NC(Cc2ccccc2)C2=NC(CO2)C(=O)NCc2nc1cs2,40,ICEBERG_2_1,K2,0.050331047956293666,0.12016507988887792,
MSBNK-EAWAG-ED140205__ICEBERG_2_1__K3,MLBROOJXUZKDHY,O=C1NCC2=NC(CS2)C(=O)NC(Cc2ccccc2)C2=NC(CO2)C(=O)NCc2nc1cs2,40,ICEBERG_2_1,K3,0.10759662689702477,0.18322741701812317,
MSBNK-EAWAG-ED140205__GLACIER__K1,MLBROOJXUZKDHY,O=C1NCC2=NC(CS2)C(=O)NC(Cc2ccccc2)C2=NC(CO2)C(=O)NCc2nc1cs2,40,GLACIER,K1,0.10457539342788584,0.18306031898863218,
MSBNK-EAWAG-ED140205__GLACIER__K2,MLBROOJXUZKDHY,O=C1NCC2=NC(CS2)C(=O)NC(Cc2ccccc2)C2=NC(CO2)C(=O)NCc2nc1cs2,40,GLACIER,K2,0.1093960737314767,0.16827212005467507,
MSBNK-EAWAG-ED140205__GLACIER__K3,MLBROOJXUZKDHY,O=C1NCC2=NC(CS2)C(=O)NC(Cc2ccccc2)C2=NC(CO2)C(=O)NCc2nc1cs2,40,GLACIER,K3,0.09325527816086164,0.15749463480591352,
MSBNK-EAWAG-ED140206__ICEBERG_2_1__K1,MLBROOJXUZKDHY,O=C1NCC2=NC(CS2)C(=O)NC(Cc2ccccc2)C2=NC(CO2)C(=O)NCc2nc1cs2,50,ICEBERG_2_1,K1,0.13892253087010178,0.22458714770196986,
MSBNK-EAWAG-ED140206__ICEBERG_2_1__K2,MLBROOJXUZKDHY,O=C1NCC2=NC(CS2)C(=O)NC(Cc2ccccc2)C2=NC(CO2)C(=O)NCc2nc1cs2,50,ICEBERG_2_1,K2,0.148599778044811,0.2351570879096323,
MSBNK-EAWAG-ED140206__ICEBERG_2_1__K3,MLBROOJXUZKDHY,O=C1NCC2=NC(CS2)C(=O)NC(Cc2ccccc2)C2=NC(CO2)C(=O)NCc2nc1cs2,50,ICEBERG_2_1,K3,0.15939327898196995,0.2284748251861205,
MSBNK-EAWAG-ED140206__GLACIER__K1,MLBROOJXUZKDHY,O=C1NCC2=NC(CS2)C(=O)NC(Cc2ccccc2)C2=NC(CO2)C(=O)NCc2nc1cs2,50,GLACIER,K1,0.15871808060175033,0.2761979511952206,
MSBNK-EAWAG-ED140206__GLACIER__K2,MLBROOJXUZKDHY,O=C1NCC2=NC(CS2)C(=O)NC(Cc2ccccc2)C2=NC(CO2)C(=O)NCc2nc1cs2,50,GLACIER,K2,0.5781931813216544,0.4029460569797705,
MSBNK-EAWAG-ED140206__GLACIER__K3,MLBROOJXUZKDHY,O=C1NCC2=NC(CS2)C(=O)NC(Cc2ccccc2)C2=NC(CO2)C(=O)NCc2nc1cs2,50,GLACIER,K3,0.5920414279752299,0.41191655965993146,
MSBNK-EAWAG-ED140207__ICEBERG_2_1__K1,MLBROOJXUZKDHY,O=C1NCC2=NC(CS2)C(=O)NC(Cc2ccccc2)C2=NC(CO2)C(=O)NCc2nc1cs2,60,ICEBERG_2_1,K1,0.18248085581213916,0.24363577658089441,
MSBNK-EAWAG-ED140207__ICEBERG_2_1__K2,MLBROOJXUZKDHY,O=C1NCC2=NC(CS2)C(=O)NC(Cc2ccccc2)C2=NC(CO2)C(=O)NCc2nc1cs2,60,ICEBERG_2_1,K2,0.19346867498124762,0.26679045070130525,
MSBNK-EAWAG-ED140207__ICEBERG_2_1__K3,MLBROOJXUZKDHY,O=C1NCC2=NC(CS2)C(=O)NC(Cc2ccccc2)C2=NC(CO2)C(=O)NCc2nc1cs2,60,ICEBERG_2_1,K3,0.20528449424634526,0.2757875638387296,
MSBNK-EAWAG-ED140207__GLACIER__K1,MLBROOJXUZKDHY,O=C1NCC2=NC(CS2)C(=O)NC(Cc2ccccc2)C2=NC(CO2)C(=O)NCc2nc1cs2,60,GLACIER,K1,0.5503676507644942,0.39764506385060283,
MSBNK-EAWAG-ED140207__GLACIER__K2,MLBROOJXUZKDHY,O=C1NCC2=NC(CS2)C(=O)NC(Cc2ccccc2)C2=NC(CO2)C(=O)NCc2nc1cs2,60,GLACIER,K2,0.1485183719637825,0.20703565488394382,
MSBNK-EAWAG-ED140207__GLACIER__K3,MLBROOJXUZKDHY,O=C1NCC2=NC(CS2)C(=O)NC(Cc2ccccc2)C2=NC(CO2)C(=O)NCc2nc1cs2,60,GLACIER,K3,0.45028543224011053,0.37227093701332115,
MSBNK-EAWAG-ED183501__ICEBERG_2_1__K1,JNMCFADRRBGAIM,C=C1NC(=O)CCCNC(=O)CC(C=CC=CCCCc2ccccc2)NC(=O)CNC(=O)CCNC(=O)C(Cc2ccccc2)NC(=O)CNC1=O,15,ICEBERG_2_1,K1,0.399127287169459,0.29913328879633105,
MSBNK-EAWAG-ED183501__ICEBERG_2_1__K2,JNMCFADRRBGAIM,C=C1NC(=O)CCCNC(=O)CC(C=CC=CCCCc2ccccc2)NC(=O)CNC(=O)CCNC(=O)C(Cc2ccccc2)NC(=O)CNC1=O,15,ICEBERG_2_1,K2,0.02905943427072408,0.06231816399838075,
MSBNK-EAWAG-ED183501__ICEBERG_2_1__K3,JNMCFADRRBGAIM,C=C1NC(=O)CCCNC(=O)CC(C=CC=CCCCc2ccccc2)NC(=O)CNC(=O)CCNC(=O)C(Cc2ccccc2)NC(=O)CNC1=O,15,ICEBERG_2_1,K3,0.048559206766442375,0.08768524950033196,
MSBNK-EAWAG-ED183501__GLACIER__K1,JNMCFADRRBGAIM,C=C1NC(=O)CCCNC(=O)CC(C=CC=CCCCc2ccccc2)NC(=O)CNC(=O)CCNC(=O)C(Cc2ccccc2)NC(=O)CNC1=O,15,GLACIER,K1,0.7197782888094332,0.5148806302454956,
MSBNK-EAWAG-ED183501__GLACIER__K2,JNMCFADRRBGAIM,C=C1NC(=O)CCCNC(=O)CC(C=CC=CCCCc2ccccc2)NC(=O)CNC(=O)CCNC(=O)C(Cc2ccccc2)NC(=O)CNC1=O,15,GLACIER,K2,0.02144871403995806,0.05383370611862137,
MSBNK-EAWAG-ED183501__GLACIER__K3,JNMCFADRRBGAIM,C=C1NC(=O)CCCNC(=O)CC(C=CC=CCCCc2ccccc2)NC(=O)CNC(=O)CCNC(=O)C(Cc2ccccc2)NC(=O)CNC1=O,15,GLACIER,K3,0.06312919994567766,0.1157032731508496,
MSBNK-EAWAG-ED183502__ICEBERG_2_1__K1,JNMCFADRRBGAIM,C=C1NC(=O)CCCNC(=O)CC(C=CC=CCCCc2ccccc2)NC(=O)CNC(=O)CCNC(=O)C(Cc2ccccc2)NC(=O)CNC1=O,20,ICEBERG_2_1,K1,0.15855807995380997,0.167317819456135,
MSBNK-EAWAG-ED183502__ICEBERG_2_1__K2,JNMCFADRRBGAIM,C=C1NC(=O)CCCNC(=O)CC(C=CC=CCCCc2ccccc2)NC(=O)CNC(=O)CCNC(=O)C(Cc2ccccc2)NC(=O)CNC1=O,20,ICEBERG_2_1,K2,0.1298351459994018,0.1206032219748745,
MSBNK-EAWAG-ED183502__ICEBERG_2_1__K3,JNMCFADRRBGAIM,C=C1NC(=O)CCCNC(=O)CC(C=CC=CCCCc2ccccc2)NC(=O)CNC(=O)CCNC(=O)C(Cc2ccccc2)NC(=O)CNC1=O,20,ICEBERG_2_1,K3,0.11743223264075874,0.11781790580771034,
MSBNK-EAWAG-ED183502__GLACIER__K1,JNMCFADRRBGAIM,C=C1NC(=O)CCCNC(=O)CC(C=CC=CCCCc2ccccc2)NC(=O)CNC(=O)CCNC(=O)C(Cc2ccccc2)NC(=O)CNC1=O,20,GLACIER,K1,0.07683649524308263,0.17140277235801316,
MSBNK-EAWAG-ED183502__GLACIER__K2,JNMCFADRRBGAIM,C=C1NC(=O)CCCNC(=O)CC(C=CC=CCCCc2ccccc2)NC(=O)CNC(=O)CCNC(=O)C(Cc2ccccc2)NC(=O)CNC1=O,20,GLACIER,K2,0.181436000942082,0.20613393078222597,
MSBNK-EAWAG-ED183502__GLACIER__K3,JNMCFADRRBGAIM,C=C1NC(=O)CCCNC(=O)CC(C=CC=CCCCc2ccccc2)NC(=O)CNC(=O)CCNC(=O)C(Cc2ccccc2)NC(=O)CNC1=O,20,GLACIER,K3,0.17973057352415087,0.20777088944939037,
MSBNK-EAWAG-ED183503__ICEBERG_2_1__K1,JNMCFADRRBGAIM,C=C1NC(=O)CCCNC(=O)CC(C=CC=CCCCc2ccccc2)NC(=O)CNC(=O)CCNC(=O)C(Cc2ccccc2)NC(=O)CNC1=O,25,ICEBERG_2_1,K1,0.04255096798083677,0.09016582633074821,
MSBNK-EAWAG-ED183503__ICEBERG_2_1__K2,JNMCFADRRBGAIM,C=C1NC(=O)CCCNC(=O)CC(C=CC=CCCCc2ccccc2)NC(=O)CNC(=O)CCNC(=O)C(Cc2ccccc2)NC(=O)CNC1=O,25,ICEBERG_2_1,K2,0.2464860167254426,0.22185657235139122,
MSBNK-EAWAG-ED183503__ICEBERG_2_1__K3,JNMCFADRRBGAIM,C=C1NC(=O)CCCNC(=O)CC(C=CC=CCCCc2ccccc2)NC(=O)CNC(=O)CCNC(=O)C(Cc2ccccc2)NC(=O)CNC1=O,25,ICEBERG_2_1,K3,0.2625228535065957,0.2303467985394374,
MSBNK-EAWAG-ED183503__GLACIER__K1,JNMCFADRRBGAIM,C=C1NC(=O)CCCNC(=O)CC(C=CC=CCCCc2ccccc2)NC(=O)CNC(=O)CCNC(=O)C(Cc2ccccc2)NC(=O)CNC1=O,25,GLACIER,K1,0.012439512875553971,0.07388830972668725,
MSBNK-EAWAG-ED183503__GLACIER__K2,JNMCFADRRBGAIM,C=C1NC(=O)CCCNC(=O)CC(C=CC=CCCCc2ccccc2)NC(=O)CNC(=O)CCNC(=O)C(Cc2ccccc2)NC(=O)CNC1=O,25,GLACIER,K2,0.4706480049561695,0.41931007676660015,
MSBNK-EAWAG-ED183503__GLACIER__K3,JNMCFADRRBGAIM,C=C1NC(=O)CCCNC(=O)CC(C=CC=CCCCc2ccccc2)NC(=O)CNC(=O)CCNC(=O)C(Cc2ccccc2)NC(=O)CNC1=O,25,GLACIER,K3,0.4748274507255974,0.427913343571909,
MSBNK-EAWAG-ED183504__ICEBERG_2_1__K1,JNMCFADRRBGAIM,C=C1NC(=O)CCCNC(=O)CC(C=CC=CCCCc2ccccc2)NC(=O)CNC(=O)CCNC(=O)C(Cc2ccccc2)NC(=O)CNC1=O,30,ICEBERG_2_1,K1,0.3589096910164339,0.26686605028515187,
MSBNK-EAWAG-ED183504__ICEBERG_2_1__K2,JNMCFADRRBGAIM,C=C1NC(=O)CCCNC(=O)CC(C=CC=CCCCc2ccccc2)NC(=O)CNC(=O)CCNC(=O)C(Cc2ccccc2)NC(=O)CNC1=O,30,ICEBERG_2_1,K2,0.2841300875951319,0.2452031251929364,
MSBNK-EAWAG-ED183504__ICEBERG_2_1__K3,JNMCFADRRBGAIM,C=C1NC(=O)CCCNC(=O)CC(C=CC=CCCCc2ccccc2)NC(=O)CNC(=O)CCNC(=O)C(Cc2ccccc2)NC(=O)CNC1=O,30,ICEBERG_2_1,K3,0.2551948374241397,0.23804462528695625,
MSBNK-EAWAG-ED183504__GLACIER__K1,JNMCFADRRBGAIM,C=C1NC(=O)CCCNC(=O)CC(C=CC=CCCCc2ccccc2)NC(=O)CNC(=O)CCNC(=O)C(Cc2ccccc2)NC(=O)CNC1=O,30,GLACIER,K1,0.6320702401960498,0.46926379270187324,
MSBNK-EAWAG-ED183504__GLACIER__K2,JNMCFADRRBGAIM,C=C1NC(=O)CCCNC(=O)CC(C=CC=CCCCc2ccccc2)NC(=O)CNC(=O)CCNC(=O)C(Cc2ccccc2)NC(=O)CNC1=O,30,GLACIER,K2,0.6808043629641481,0.5353725084238117,
MSBNK-EAWAG-ED183504__GLACIER__K3,JNMCFADRRBGAIM,C=C1NC(=O)CCCNC(=O)CC(C=CC=CCCCc2ccccc2)NC(=O)CNC(=O)CCNC(=O)C(Cc2ccccc2)NC(=O)CNC1=O,30,GLACIER,K3,0.6794617889571023,0.5437172889125768,
MSBNK-EAWAG-ED183505__ICEBERG_2_1__K1,JNMCFADRRBGAIM,C=C1NC(=O)CCCNC(=O)CC(C=CC=CCCCc2ccccc2)NC(=O)CNC(=O)CCNC(=O)C(Cc2ccccc2)NC(=O)CNC1=O,40,ICEBERG_2_1,K1,0.27891241754580975,0.23905430285474505,
MSBNK-EAWAG-ED183505__ICEBERG_2_1__K2,JNMCFADRRBGAIM,C=C1NC(=O)CCCNC(=O)CC(C=CC=CCCCc2ccccc2)NC(=O)CNC(=O)CCNC(=O)C(Cc2ccccc2)NC(=O)CNC1=O,40,ICEBERG_2_1,K2,0.20791485081232058,0.2656871232579734,
MSBNK-EAWAG-ED183505__ICEBERG_2_1__K3,JNMCFADRRBGAIM,C=C1NC(=O)CCCNC(=O)CC(C=CC=CCCCc2ccccc2)NC(=O)CNC(=O)CCNC(=O)C(Cc2ccccc2)NC(=O)CNC1=O,40,ICEBERG_2_1,K3,0.13318299681937756,0.22933634443250306,
MSBNK-EAWAG-ED183505__GLACIER__K1,JNMCFADRRBGAIM,C=C1NC(=O)CCCNC(=O)CC(C=CC=CCCCc2ccccc2)NC(=O)CNC(=O)CCNC(=O)C(Cc2ccccc2)NC(=O)CNC1=O,40,GLACIER,K1,0.6813047404079264,0.5492409156066966,
MSBNK-EAWAG-ED183505__GLACIER__K2,JNMCFADRRBGAIM,C=C1NC(=O)CCCNC(=O)CC(C=CC=CCCCc2ccccc2)NC(=O)CNC(=O)CCNC(=O)C(Cc2ccccc2)NC(=O)CNC1=O,40,GLACIER,K2,0.8455120294018583,0.7495919261085859,
MSBNK-EAWAG-ED183505__GLACIER__K3,JNMCFADRRBGAIM,C=C1NC(=O)CCCNC(=O)CC(C=CC=CCCCc2ccccc2)NC(=O)CNC(=O)CCNC(=O)C(Cc2ccccc2)NC(=O)CNC1=O,40,GLACIER,K3,0.8552267166744594,0.7537734182532826,
MSBNK-EAWAG-ED183506__ICEBERG_2_1__K1,JNMCFADRRBGAIM,C=C1NC(=O)CCCNC(=O)CC(C=CC=CCCCc2ccccc2)NC(=O)CNC(=O)CCNC(=O)C(Cc2ccccc2)NC(=O)CNC1=O,50,ICEBERG_2_1,K1,0.2505957418790719,0.3236111708011814,
MSBNK-EAWAG-ED183506__ICEBERG_2_1__K2,JNMCFADRRBGAIM,C=C1NC(=O)CCCNC(=O)CC(C=CC=CCCCc2ccccc2)NC(=O)CNC(=O)CCNC(=O)C(Cc2ccccc2)NC(=O)CNC1=O,50,ICEBERG_2_1,K2,0.24501637323155093,0.3443309438366876,
MSBNK-EAWAG-ED183506__ICEBERG_2_1__K3,JNMCFADRRBGAIM,C=C1NC(=O)CCCNC(=O)CC(C=CC=CCCCc2ccccc2)NC(=O)CNC(=O)CCNC(=O)C(Cc2ccccc2)NC(=O)CNC1=O,50,ICEBERG_2_1,K3,0.2822034151288379,0.3828404238493317,
MSBNK-EAWAG-ED183506__GLACIER__K1,JNMCFADRRBGAIM,C=C1NC(=O)CCCNC(=O)CC(C=CC=CCCCc2ccccc2)NC(=O)CNC(=O)CCNC(=O)C(Cc2ccccc2)NC(=O)CNC1=O,50,GLACIER,K1,0.5253081868017175,0.5373124231794433,
MSBNK-EAWAG-ED183506__GLACIER__K2,JNMCFADRRBGAIM,C=C1NC(=O)CCCNC(=O)CC(C=CC=CCCCc2ccccc2)NC(=O)CNC(=O)CCNC(=O)C(Cc2ccccc2)NC(=O)CNC1=O,50,GLACIER,K2,0.6215920815087673,0.5938344847110042,
MSBNK-EAWAG-ED183506__GLACIER__K3,JNMCFADRRBGAIM,C=C1NC(=O)CCCNC(=O)CC(C=CC=CCCCc2ccccc2)NC(=O)CNC(=O)CCNC(=O)C(Cc2ccccc2)NC(=O)CNC1=O,50,GLACIER,K3,0.7100610886539923,0.6683863410834844,
MSBNK-EAWAG-ED183507__ICEBERG_2_1__K1,JNMCFADRRBGAIM,C=C1NC(=O)CCCNC(=O)CC(C=CC=CCCCc2ccccc2)NC(=O)CNC(=O)CCNC(=O)C(Cc2ccccc2)NC(=O)CNC1=O,60,ICEBERG_2_1,K1,0.40658094736541855,0.4345889117527504,
MSBNK-EAWAG-ED183507__ICEBERG_2_1__K2,JNMCFADRRBGAIM,C=C1NC(=O)CCCNC(=O)CC(C=CC=CCCCc2ccccc2)NC(=O)CNC(=O)CCNC(=O)C(Cc2ccccc2)NC(=O)CNC1=O,60,ICEBERG_2_1,K2,0.36299636304535565,0.4658594675765316,
MSBNK-EAWAG-ED183507__ICEBERG_2_1__K3,JNMCFADRRBGAIM,C=C1NC(=O)CCCNC(=O)CC(C=CC=CCCCc2ccccc2)NC(=O)CNC(=O)CCNC(=O)C(Cc2ccccc2)NC(=O)CNC1=O,60,ICEBERG_2_1,K3,0.36117307028610035,0.4663435889575116,
MSBNK-EAWAG-ED183507__GLACIER__K1,JNMCFADRRBGAIM,C=C1NC(=O)CCCNC(=O)CC(C=CC=CCCCc2ccccc2)NC(=O)CNC(=O)CCNC(=O)C(Cc2ccccc2)NC(=O)CNC1=O,60,GLACIER,K1,0.6246752005041303,0.6134203137229117,
MSBNK-EAWAG-ED183507__GLACIER__K2,JNMCFADRRBGAIM,C=C1NC(=O)CCCNC(=O)CC(C=CC=CCCCc2ccccc2)NC(=O)CNC(=O)CCNC(=O)C(Cc2ccccc2)NC(=O)CNC1=O,60,GLACIER,K2,0.5543160198396656,0.5708947399464142,
MSBNK-EAWAG-ED183507__GLACIER__K3,JNMCFADRRBGAIM,C=C1NC(=O)CCCNC(=O)CC(C=CC=CCCCc2ccccc2)NC(=O)CNC(=O)CCNC(=O)C(Cc2ccccc2)NC(=O)CNC1=O,60,GLACIER,K3,0.5261005083330894,0.5543422745012159,
MSBNK-EAWAG-ED216301__ICEBERG_2_1__K1,XFONTJUFZVROJR,O=C(CCc1ccccc1)NCC(=O)NCC(=O)NCC(=O)NCC(=O)N1CCCC1C(=O)NCCc1ccccc1,15,ICEBERG_2_1,K1,0.028979863064758592,0.08802131197651253,
MSBNK-EAWAG-ED216301__ICEBERG_2_1__K2,XFONTJUFZVROJR,O=C(CCc1ccccc1)NCC(=O)NCC(=O)NCC(=O)NCC(=O)N1CCCC1C(=O)NCCc1ccccc1,15,ICEBERG_2_1,K2,0.0036629499968078355,0.022343937682286485,
MSBNK-EAWAG-ED216301__ICEBERG_2_1__K3,XFONTJUFZVROJR,O=C(CCc1ccccc1)NCC(=O)NCC(=O)NCC(=O)NCC(=O)N1CCCC1C(=O)NCCc1ccccc1,15,ICEBERG_2_1,K3,0.007301434860856692,0.03231795146026617,
MSBNK-EAWAG-ED216301__GLACIER__K1,XFONTJUFZVROJR,O=C(CCc1ccccc1)NCC(=O)NCC(=O)NCC(=O)NCC(=O)N1CCCC1C(=O)NCCc1ccccc1,15,GLACIER,K1,0.06963634479849863,0.14665496739553474,
MSBNK-EAWAG-ED216301__GLACIER__K2,XFONTJUFZVROJR,O=C(CCc1ccccc1)NCC(=O)NCC(=O)NCC(=O)NCC(=O)N1CCCC1C(=O)NCCc1ccccc1,15,GLACIER,K2,0.0,0.0,
MSBNK-EAWAG-ED216301__GLACIER__K3,XFONTJUFZVROJR,O=C(CCc1ccccc1)NCC(=O)NCC(=O)NCC(=O)NCC(=O)N1CCCC1C(=O)NCCc1ccccc1,15,GLACIER,K3,0.00039499507138938413,0.006717843154138703,
MSBNK-EAWAG-ED216302__ICEBERG_2_1__K1,XFONTJUFZVROJR,O=C(CCc1ccccc1)NCC(=O)NCC(=O)NCC(=O)NCC(=O)N1CCCC1C(=O)NCCc1ccccc1,20,ICEBERG_2_1,K1,0.0684343467013008,0.11499209064831117,
MSBNK-EAWAG-ED216302__ICEBERG_2_1__K2,XFONTJUFZVROJR,O=C(CCc1ccccc1)NCC(=O)NCC(=O)NCC(=O)NCC(=O)N1CCCC1C(=O)NCCc1ccccc1,20,ICEBERG_2_1,K2,0.06288564022112307,0.11533123432519432,
MSBNK-EAWAG-ED216302__ICEBERG_2_1__K3,XFONTJUFZVROJR,O=C(CCc1ccccc1)NCC(=O)NCC(=O)NCC(=O)NCC(=O)N1CCCC1C(=O)NCCc1ccccc1,20,ICEBERG_2_1,K3,0.05950161023420796,0.10692491085990063,
MSBNK-EAWAG-ED216302__GLACIER__K1,XFONTJUFZVROJR,O=C(CCc1ccccc1)NCC(=O)NCC(=O)NCC(=O)NCC(=O)N1CCCC1C(=O)NCCc1ccccc1,20,GLACIER,K1,0.0636515528995283,0.09812734730305606,
MSBNK-EAWAG-ED216302__GLACIER__K2,XFONTJUFZVROJR,O=C(CCc1ccccc1)NCC(=O)NCC(=O)NCC(=O)NCC(=O)N1CCCC1C(=O)NCCc1ccccc1,20,GLACIER,K2,0.0015544767444637577,0.01624131472880419,
MSBNK-EAWAG-ED216302__GLACIER__K3,XFONTJUFZVROJR,O=C(CCc1ccccc1)NCC(=O)NCC(=O)NCC(=O)NCC(=O)N1CCCC1C(=O)NCCc1ccccc1,20,GLACIER,K3,0.0015787086896673506,0.016028426235148885,
MSBNK-EAWAG-ED216303__ICEBERG_2_1__K1,XFONTJUFZVROJR,O=C(CCc1ccccc1)NCC(=O)NCC(=O)NCC(=O)NCC(=O)N1CCCC1C(=O)NCCc1ccccc1,25,ICEBERG_2_1,K1,0.24118843875872387,0.27784616246108784,
MSBNK-EAWAG-ED216303__ICEBERG_2_1__K2,XFONTJUFZVROJR,O=C(CCc1ccccc1)NCC(=O)NCC(=O)NCC(=O)NCC(=O)N1CCCC1C(=O)NCCc1ccccc1,25,ICEBERG_2_1,K2,0.18529556626248375,0.2094101660665968,
MSBNK-EAWAG-ED216303__ICEBERG_2_1__K3,XFONTJUFZVROJR,O=C(CCc1ccccc1)NCC(=O)NCC(=O)NCC(=O)NCC(=O)N1CCCC1C(=O)NCCc1ccccc1,25,ICEBERG_2_1,K3,0.16782351772073942,0.20995233999374474,
MSBNK-EAWAG-ED216303__GLACIER__K1,XFONTJUFZVROJR,O=C(CCc1ccccc1)NCC(=O)NCC(=O)NCC(=O)NCC(=O)N1CCCC1C(=O)NCCc1ccccc1,25,GLACIER,K1,0.0841349571151342,0.09181158959181335,
MSBNK-EAWAG-ED216303__GLACIER__K2,XFONTJUFZVROJR,O=C(CCc1ccccc1)NCC(=O)NCC(=O)NCC(=O)NCC(=O)N1CCCC1C(=O)NCCc1ccccc1,25,GLACIER,K2,0.007115596208780944,0.042386069926499514,
MSBNK-EAWAG-ED216303__GLACIER__K3,XFONTJUFZVROJR,O=C(CCc1ccccc1)NCC(=O)NCC(=O)NCC(=O)NCC(=O)N1CCCC1C(=O)NCCc1ccccc1,25,GLACIER,K3,0.018678788678293208,0.0454631296448722,
MSBNK-EAWAG-ED216304__ICEBERG_2_1__K1,XFONTJUFZVROJR,O=C(CCc1ccccc1)NCC(=O)NCC(=O)NCC(=O)NCC(=O)N1CCCC1C(=O)NCCc1ccccc1,30,ICEBERG_2_1,K1,0.3319894836024388,0.32832672388191764,
MSBNK-EAWAG-ED216304__ICEBERG_2_1__K2,XFONTJUFZVROJR,O=C(CCc1ccccc1)NCC(=O)NCC(=O)NCC(=O)NCC(=O)N1CCCC1C(=O)NCCc1ccccc1,30,ICEBERG_2_1,K2,0.1616966480680379,0.21257854834128576,
MSBNK-EAWAG-ED216304__ICEBERG_2_1__K3,XFONTJUFZVROJR,O=C(CCc1ccccc1)NCC(=O)NCC(=O)NCC(=O)NCC(=O)N1CCCC1C(=O)NCCc1ccccc1,30,ICEBERG_2_1,K3,0.13812290392523083,0.19742052971806912,
MSBNK-EAWAG-ED216304__GLACIER__K1,XFONTJUFZVROJR,O=C(CCc1ccccc1)NCC(=O)NCC(=O)NCC(=O)NCC(=O)N1CCCC1C(=O)NCCc1ccccc1,30,GLACIER,K1,0.03758214836126812,0.11516452778148245,
MSBNK-EAWAG-ED216304__GLACIER__K2,XFONTJUFZVROJR,O=C(CCc1ccccc1)NCC(=O)NCC(=O)NCC(=O)NCC(=O)N1CCCC1C(=O)NCCc1ccccc1,30,GLACIER,K2,0.019864732009651626,0.06388119519004232,
MSBNK-EAWAG-ED216304__GLACIER__K3,XFONTJUFZVROJR,O=C(CCc1ccccc1)NCC(=O)NCC(=O)NCC(=O)NCC(=O)N1CCCC1C(=O)NCCc1ccccc1,30,GLACIER,K3,0.030351594846939625,0.07476936778582444,
MSBNK-EAWAG-ED216305__ICEBERG_2_1__K1,XFONTJUFZVROJR,O=C(CCc1ccccc1)NCC(=O)NCC(=O)NCC(=O)NCC(=O)N1CCCC1C(=O)NCCc1ccccc1,40,ICEBERG_2_1,K1,0.30686870996179233,0.3616847820941168,
MSBNK-EAWAG-ED216305__ICEBERG_2_1__K2,XFONTJUFZVROJR,O=C(CCc1ccccc1)NCC(=O)NCC(=O)NCC(=O)NCC(=O)N1CCCC1C(=O)NCCc1ccccc1,40,ICEBERG_2_1,K2,0.062278930924987354,0.19295096855245353,
MSBNK-EAWAG-ED216305__ICEBERG_2_1__K3,XFONTJUFZVROJR,O=C(CCc1ccccc1)NCC(=O)NCC(=O)NCC(=O)NCC(=O)N1CCCC1C(=O)NCCc1ccccc1,40,ICEBERG_2_1,K3,0.09571484090742728,0.22003633072648465,
MSBNK-EAWAG-ED216305__GLACIER__K1,XFONTJUFZVROJR,O=C(CCc1ccccc1)NCC(=O)NCC(=O)NCC(=O)NCC(=O)N1CCCC1C(=O)NCCc1ccccc1,40,GLACIER,K1,0.051217106171518145,0.1294065560182328,
MSBNK-EAWAG-ED216305__GLACIER__K2,XFONTJUFZVROJR,O=C(CCc1ccccc1)NCC(=O)NCC(=O)NCC(=O)NCC(=O)N1CCCC1C(=O)NCCc1ccccc1,40,GLACIER,K2,0.06813187146971736,0.13516315979699012,
MSBNK-EAWAG-ED216305__GLACIER__K3,XFONTJUFZVROJR,O=C(CCc1ccccc1)NCC(=O)NCC(=O)NCC(=O)NCC(=O)N1CCCC1C(=O)NCCc1ccccc1,40,GLACIER,K3,0.10468612638240983,0.15291274599464588,
MSBNK-EAWAG-ED216306__ICEBERG_2_1__K1,XFONTJUFZVROJR,O=C(CCc1ccccc1)NCC(=O)NCC(=O)NCC(=O)NCC(=O)N1CCCC1C(=O)NCCc1ccccc1,50,ICEBERG_2_1,K1,0.19626981830019374,0.32822166673194064,
MSBNK-EAWAG-ED216306__ICEBERG_2_1__K2,XFONTJUFZVROJR,O=C(CCc1ccccc1)NCC(=O)NCC(=O)NCC(=O)NCC(=O)N1CCCC1C(=O)NCCc1ccccc1,50,ICEBERG_2_1,K2,0.2416631393289033,0.2901270408900971,
MSBNK-EAWAG-ED216306__ICEBERG_2_1__K3,XFONTJUFZVROJR,O=C(CCc1ccccc1)NCC(=O)NCC(=O)NCC(=O)NCC(=O)N1CCCC1C(=O)NCCc1ccccc1,50,ICEBERG_2_1,K3,0.2506714208196052,0.2879041861415206,
MSBNK-EAWAG-ED216306__GLACIER__K1,XFONTJUFZVROJR,O=C(CCc1ccccc1)NCC(=O)NCC(=O)NCC(=O)NCC(=O)N1CCCC1C(=O)NCCc1ccccc1,50,GLACIER,K1,0.043270112129217456,0.10288778193261672,
MSBNK-EAWAG-ED216306__GLACIER__K2,XFONTJUFZVROJR,O=C(CCc1ccccc1)NCC(=O)NCC(=O)NCC(=O)NCC(=O)N1CCCC1C(=O)NCCc1ccccc1,50,GLACIER,K2,0.03124174937059838,0.11015027751841278,
MSBNK-EAWAG-ED216306__GLACIER__K3,XFONTJUFZVROJR,O=C(CCc1ccccc1)NCC(=O)NCC(=O)NCC(=O)NCC(=O)N1CCCC1C(=O)NCCc1ccccc1,50,GLACIER,K3,0.03369257307102183,0.10929182480392052,
MSBNK-EAWAG-ED216307__ICEBERG_2_1__K1,XFONTJUFZVROJR,O=C(CCc1ccccc1)NCC(=O)NCC(=O)NCC(=O)NCC(=O)N1CCCC1C(=O)NCCc1ccccc1,60,ICEBERG_2_1,K1,0.23543634164828012,0.3576078309530608,
MSBNK-EAWAG-ED216307__ICEBERG_2_1__K2,XFONTJUFZVROJR,O=C(CCc1ccccc1)NCC(=O)NCC(=O)NCC(=O)NCC(=O)N1CCCC1C(=O)NCCc1ccccc1,60,ICEBERG_2_1,K2,0.12479948714658991,0.2800864165849912,
MSBNK-EAWAG-ED216307__ICEBERG_2_1__K3,XFONTJUFZVROJR,O=C(CCc1ccccc1)NCC(=O)NCC(=O)NCC(=O)NCC(=O)N1CCCC1C(=O)NCCc1ccccc1,60,ICEBERG_2_1,K3,0.08778521154115757,0.2497142990385226,
MSBNK-EAWAG-ED216307__GLACIER__K1,XFONTJUFZVROJR,O=C(CCc1ccccc1)NCC(=O)NCC(=O)NCC(=O)NCC(=O)N1CCCC1C(=O)NCCc1ccccc1,60,GLACIER,K1,0.05703734735413077,0.16093822690044868,
MSBNK-EAWAG-ED216307__GLACIER__K2,XFONTJUFZVROJR,O=C(CCc1ccccc1)NCC(=O)NCC(=O)NCC(=O)NCC(=O)N1CCCC1C(=O)NCCc1ccccc1,60,GLACIER,K2,0.027210849002901136,0.09874896998806648,
MSBNK-EAWAG-ED216307__GLACIER__K3,XFONTJUFZVROJR,O=C(CCc1ccccc1)NCC(=O)NCC(=O)NCC(=O)NCC(=O)N1CCCC1C(=O)NCCc1ccccc1,60,GLACIER,K3,0.0353929607241135,0.1185917830900649,
MSBNK-EAWAG-ED216501__ICEBERG_2_1__K1,CLSDHBVHQKWEJR,O=C(CCc1ccccc1)NCC(=O)NCC(=O)NCC(=O)NCC(=O)N1CCCC1,15,ICEBERG_2_1,K1,0.04273247518795769,0.13494976906777845,
MSBNK-EAWAG-ED216501__ICEBERG_2_1__K2,CLSDHBVHQKWEJR,O=C(CCc1ccccc1)NCC(=O)NCC(=O)NCC(=O)NCC(=O)N1CCCC1,15,ICEBERG_2_1,K2,0.013666224713287238,0.07265724159671272,
MSBNK-EAWAG-ED216501__ICEBERG_2_1__K3,CLSDHBVHQKWEJR,O=C(CCc1ccccc1)NCC(=O)NCC(=O)NCC(=O)NCC(=O)N1CCCC1,15,ICEBERG_2_1,K3,0.02131183723094885,0.08306509169996756,
MSBNK-EAWAG-ED216501__GLACIER__K1,CLSDHBVHQKWEJR,O=C(CCc1ccccc1)NCC(=O)NCC(=O)NCC(=O)NCC(=O)N1CCCC1,15,GLACIER,K1,0.029823962840909265,0.10360346000890075,
MSBNK-EAWAG-ED216501__GLACIER__K2,CLSDHBVHQKWEJR,O=C(CCc1ccccc1)NCC(=O)NCC(=O)NCC(=O)NCC(=O)N1CCCC1,15,GLACIER,K2,0.0004735852620918781,0.013386581909184847,
MSBNK-EAWAG-ED216501__GLACIER__K3,CLSDHBVHQKWEJR,O=C(CCc1ccccc1)NCC(=O)NCC(=O)NCC(=O)NCC(=O)N1CCCC1,15,GLACIER,K3,0.00023481525304798058,0.01242807288596215,
MSBNK-EAWAG-ED216502__ICEBERG_2_1__K1,CLSDHBVHQKWEJR,O=C(CCc1ccccc1)NCC(=O)NCC(=O)NCC(=O)NCC(=O)N1CCCC1,20,ICEBERG_2_1,K1,0.054845459206379524,0.14131213856249702,
MSBNK-EAWAG-ED216502__ICEBERG_2_1__K2,CLSDHBVHQKWEJR,O=C(CCc1ccccc1)NCC(=O)NCC(=O)NCC(=O)NCC(=O)N1CCCC1,20,ICEBERG_2_1,K2,0.04369223577939111,0.09121007234240164,
MSBNK-EAWAG-ED216502__ICEBERG_2_1__K3,CLSDHBVHQKWEJR,O=C(CCc1ccccc1)NCC(=O)NCC(=O)NCC(=O)NCC(=O)N1CCCC1,20,ICEBERG_2_1,K3,0.04372305816212646,0.0889853128936261,
MSBNK-EAWAG-ED216502__GLACIER__K1,CLSDHBVHQKWEJR,O=C(CCc1ccccc1)NCC(=O)NCC(=O)NCC(=O)NCC(=O)N1CCCC1,20,GLACIER,K1,0.04587604895380014,0.09987560438866272,
MSBNK-EAWAG-ED216502__GLACIER__K2,CLSDHBVHQKWEJR,O=C(CCc1ccccc1)NCC(=O)NCC(=O)NCC(=O)NCC(=O)N1CCCC1,20,GLACIER,K2,0.019017972965652656,0.04675137042187716,
MSBNK-EAWAG-ED216502__GLACIER__K3,CLSDHBVHQKWEJR,O=C(CCc1ccccc1)NCC(=O)NCC(=O)NCC(=O)NCC(=O)N1CCCC1,20,GLACIER,K3,0.02179179619826296,0.04941126562951348,
MSBNK-EAWAG-ED216503__ICEBERG_2_1__K1,CLSDHBVHQKWEJR,O=C(CCc1ccccc1)NCC(=O)NCC(=O)NCC(=O)NCC(=O)N1CCCC1,25,ICEBERG_2_1,K1,0.20897678788275056,0.2494609074914934,
MSBNK-EAWAG-ED216503__ICEBERG_2_1__K2,CLSDHBVHQKWEJR,O=C(CCc1ccccc1)NCC(=O)NCC(=O)NCC(=O)NCC(=O)N1CCCC1,25,ICEBERG_2_1,K2,0.11417324921574257,0.18447147987083135,
MSBNK-EAWAG-ED216503__ICEBERG_2_1__K3,CLSDHBVHQKWEJR,O=C(CCc1ccccc1)NCC(=O)NCC(=O)NCC(=O)NCC(=O)N1CCCC1,25,ICEBERG_2_1,K3,0.10927752760922263,0.18320589521665798,
MSBNK-EAWAG-ED216503__GLACIER__K1,CLSDHBVHQKWEJR,O=C(CCc1ccccc1)NCC(=O)NCC(=O)NCC(=O)NCC(=O)N1CCCC1,25,GLACIER,K1,0.09335006266451287,0.14346827318488475,
MSBNK-EAWAG-ED216503__GLACIER__K2,CLSDHBVHQKWEJR,O=C(CCc1ccccc1)NCC(=O)NCC(=O)NCC(=O)NCC(=O)N1CCCC1,25,GLACIER,K2,0.05676331757639109,0.07906168352233,
MSBNK-EAWAG-ED216503__GLACIER__K3,CLSDHBVHQKWEJR,O=C(CCc1ccccc1)NCC(=O)NCC(=O)NCC(=O)NCC(=O)N1CCCC1,25,GLACIER,K3,0.056387493535861005,0.07943980201019407,
MSBNK-EAWAG-ED216504__ICEBERG_2_1__K1,CLSDHBVHQKWEJR,O=C(CCc1ccccc1)NCC(=O)NCC(=O)NCC(=O)NCC(=O)N1CCCC1,30,ICEBERG_2_1,K1,0.3054397981438892,0.3026451120045861,
MSBNK-EAWAG-ED216504__ICEBERG_2_1__K2,CLSDHBVHQKWEJR,O=C(CCc1ccccc1)NCC(=O)NCC(=O)NCC(=O)NCC(=O)N1CCCC1,30,ICEBERG_2_1,K2,0.09869825121467275,0.18228681829261584,
MSBNK-EAWAG-ED216504__ICEBERG_2_1__K3,CLSDHBVHQKWEJR,O=C(CCc1ccccc1)NCC(=O)NCC(=O)NCC(=O)NCC(=O)N1CCCC1,30,ICEBERG_2_1,K3,0.07076951276228413,0.1799226523536177,
MSBNK-EAWAG-ED216504__GLACIER__K1,CLSDHBVHQKWEJR,O=C(CCc1ccccc1)NCC(=O)NCC(=O)NCC(=O)NCC(=O)N1CCCC1,30,GLACIER,K1,0.18378787556489293,0.19235260771864082,
MSBNK-EAWAG-ED216504__GLACIER__K2,CLSDHBVHQKWEJR,O=C(CCc1ccccc1)NCC(=O)NCC(=O)NCC(=O)NCC(=O)N1CCCC1,30,GLACIER,K2,0.08280041039559398,0.12074089394464571,
MSBNK-EAWAG-ED216504__GLACIER__K3,CLSDHBVHQKWEJR,O=C(CCc1ccccc1)NCC(=O)NCC(=O)NCC(=O)NCC(=O)N1CCCC1,30,GLACIER,K3,0.06383238206208805,0.1233917742979358,
MSBNK-EAWAG-ED216505__ICEBERG_2_1__K1,CLSDHBVHQKWEJR,O=C(CCc1ccccc1)NCC(=O)NCC(=O)NCC(=O)NCC(=O)N1CCCC1,40,ICEBERG_2_1,K1,0.32485001476965397,0.3662399830506059,
MSBNK-EAWAG-ED216505__ICEBERG_2_1__K2,CLSDHBVHQKWEJR,O=C(CCc1ccccc1)NCC(=O)NCC(=O)NCC(=O)NCC(=O)N1CCCC1,40,ICEBERG_2_1,K2,0.1559892819108031,0.2529904818775571,
MSBNK-EAWAG-ED216505__ICEBERG_2_1__K3,CLSDHBVHQKWEJR,O=C(CCc1ccccc1)NCC(=O)NCC(=O)NCC(=O)NCC(=O)N1CCCC1,40,ICEBERG_2_1,K3,0.16437412304692625,0.2502063252176946,
MSBNK-EAWAG-ED216505__GLACIER__K1,CLSDHBVHQKWEJR,O=C(CCc1ccccc1)NCC(=O)NCC(=O)NCC(=O)NCC(=O)N1CCCC1,40,GLACIER,K1,0.21751310483441963,0.20472575754921984,
MSBNK-EAWAG-ED216505__GLACIER__K2,CLSDHBVHQKWEJR,O=C(CCc1ccccc1)NCC(=O)NCC(=O)NCC(=O)NCC(=O)N1CCCC1,40,GLACIER,K2,0.17369318403812276,0.1817967520364061,
MSBNK-EAWAG-ED216505__GLACIER__K3,CLSDHBVHQKWEJR,O=C(CCc1ccccc1)NCC(=O)NCC(=O)NCC(=O)NCC(=O)N1CCCC1,40,GLACIER,K3,0.13380173731778686,0.16875019325977292,
MSBNK-EAWAG-ED216506__ICEBERG_2_1__K1,CLSDHBVHQKWEJR,O=C(CCc1ccccc1)NCC(=O)NCC(=O)NCC(=O)NCC(=O)N1CCCC1,50,ICEBERG_2_1,K1,0.33463723843004844,0.3912259813310719,
MSBNK-EAWAG-ED216506__ICEBERG_2_1__K2,CLSDHBVHQKWEJR,O=C(CCc1ccccc1)NCC(=O)NCC(=O)NCC(=O)NCC(=O)N1CCCC1,50,ICEBERG_2_1,K2,0.13169747407506302,0.24999198231172248,
MSBNK-EAWAG-ED216506__ICEBERG_2_1__K3,CLSDHBVHQKWEJR,O=C(CCc1ccccc1)NCC(=O)NCC(=O)NCC(=O)NCC(=O)N1CCCC1,50,ICEBERG_2_1,K3,0.11583668657465185,0.23915525852360264,
MSBNK-EAWAG-ED216506__GLACIER__K1,CLSDHBVHQKWEJR,O=C(CCc1ccccc1)NCC(=O)NCC(=O)NCC(=O)NCC(=O)N1CCCC1,50,GLACIER,K1,0.3200316172745281,0.15317943672632928,
MSBNK-EAWAG-ED216506__GLACIER__K2,CLSDHBVHQKWEJR,O=C(CCc1ccccc1)NCC(=O)NCC(=O)NCC(=O)NCC(=O)N1CCCC1,50,GLACIER,K2,0.2799530699202779,0.22855970192880282,
MSBNK-EAWAG-ED216506__GLACIER__K3,CLSDHBVHQKWEJR,O=C(CCc1ccccc1)NCC(=O)NCC(=O)NCC(=O)NCC(=O)N1CCCC1,50,GLACIER,K3,0.25188285874632216,0.22284641405332495,
MSBNK-EAWAG-ED216507__ICEBERG_2_1__K1,CLSDHBVHQKWEJR,O=C(CCc1ccccc1)NCC(=O)NCC(=O)NCC(=O)NCC(=O)N1CCCC1,60,ICEBERG_2_1,K1,0.26275362318091394,0.3608354081364693,
MSBNK-EAWAG-ED216507__ICEBERG_2_1__K2,CLSDHBVHQKWEJR,O=C(CCc1ccccc1)NCC(=O)NCC(=O)NCC(=O)NCC(=O)N1CCCC1,60,ICEBERG_2_1,K2,0.107349267964347,0.2648657140645835,
MSBNK-EAWAG-ED216507__ICEBERG_2_1__K3,CLSDHBVHQKWEJR,O=C(CCc1ccccc1)NCC(=O)NCC(=O)NCC(=O)NCC(=O)N1CCCC1,60,ICEBERG_2_1,K3,0.11381147304315664,0.2686756519761856,
MSBNK-EAWAG-ED216507__GLACIER__K1,CLSDHBVHQKWEJR,O=C(CCc1ccccc1)NCC(=O)NCC(=O)NCC(=O)NCC(=O)N1CCCC1,60,GLACIER,K1,0.22409589873025562,0.25566141403471976,
MSBNK-EAWAG-ED216507__GLACIER__K2,CLSDHBVHQKWEJR,O=C(CCc1ccccc1)NCC(=O)NCC(=O)NCC(=O)NCC(=O)N1CCCC1,60,GLACIER,K2,0.07953503179642113,0.1698178833748638,
MSBNK-EAWAG-ED216507__GLACIER__K3,CLSDHBVHQKWEJR,O=C(CCc1ccccc1)NCC(=O)NCC(=O)NCC(=O)NCC(=O)N1CCCC1,60,GLACIER,K3,0.06307572603338166,0.1576558991071293,
MSBNK-EAWAG-ED224201__ICEBERG_2_1__K1,DTXKFCMLEVLURZ,O=C(NCCc1ccccc1)C1CCCN1C(=O)CCc1ccccc1,15,ICEBERG_2_1,K1,0.19208938099865056,0.34539282530868565,
MSBNK-EAWAG-ED224201__ICEBERG_2_1__K2,DTXKFCMLEVLURZ,O=C(NCCc1ccccc1)C1CCCN1C(=O)CCc1ccccc1,15,ICEBERG_2_1,K2,0.08741080546739247,0.18262319332651444,
MSBNK-EAWAG-ED224201__ICEBERG_2_1__K3,DTXKFCMLEVLURZ,O=C(NCCc1ccccc1)C1CCCN1C(=O)CCc1ccccc1,15,ICEBERG_2_1,K3,0.08875399334303385,0.19529361527048195,
MSBNK-EAWAG-ED224201__GLACIER__K1,DTXKFCMLEVLURZ,O=C(NCCc1ccccc1)C1CCCN1C(=O)CCc1ccccc1,15,GLACIER,K1,0.038841777207041746,0.1068604074440258,
MSBNK-EAWAG-ED224201__GLACIER__K2,DTXKFCMLEVLURZ,O=C(NCCc1ccccc1)C1CCCN1C(=O)CCc1ccccc1,15,GLACIER,K2,0.04972298137168416,0.1191677683985427,
MSBNK-EAWAG-ED224201__GLACIER__K3,DTXKFCMLEVLURZ,O=C(NCCc1ccccc1)C1CCCN1C(=O)CCc1ccccc1,15,GLACIER,K3,0.04522468950698334,0.11309700072330542,
MSBNK-EAWAG-ED224202__ICEBERG_2_1__K1,DTXKFCMLEVLURZ,O=C(NCCc1ccccc1)C1CCCN1C(=O)CCc1ccccc1,20,ICEBERG_2_1,K1,0.33096102290522117,0.39804212655367743,
MSBNK-EAWAG-ED224202__ICEBERG_2_1__K2,DTXKFCMLEVLURZ,O=C(NCCc1ccccc1)C1CCCN1C(=O)CCc1ccccc1,20,ICEBERG_2_1,K2,0.0460861599371669,0.13432729145013034,
MSBNK-EAWAG-ED224202__ICEBERG_2_1__K3,DTXKFCMLEVLURZ,O=C(NCCc1ccccc1)C1CCCN1C(=O)CCc1ccccc1,20,ICEBERG_2_1,K3,0.04704714659358478,0.13338801004613132,
MSBNK-EAWAG-ED224202__GLACIER__K1,DTXKFCMLEVLURZ,O=C(NCCc1ccccc1)C1CCCN1C(=O)CCc1ccccc1,20,GLACIER,K1,0.016194862319482275,0.07486036349666025,
MSBNK-EAWAG-ED224202__GLACIER__K2,DTXKFCMLEVLURZ,O=C(NCCc1ccccc1)C1CCCN1C(=O)CCc1ccccc1,20,GLACIER,K2,0.11678100842792559,0.22598594571824226,
MSBNK-EAWAG-ED224202__GLACIER__K3,DTXKFCMLEVLURZ,O=C(NCCc1ccccc1)C1CCCN1C(=O)CCc1ccccc1,20,GLACIER,K3,0.11709223693852026,0.22598201394298367,
MSBNK-EAWAG-ED224203__ICEBERG_2_1__K1,DTXKFCMLEVLURZ,O=C(NCCc1ccccc1)C1CCCN1C(=O)CCc1ccccc1,25,ICEBERG_2_1,K1,0.1725649653497649,0.3144612264557082,
MSBNK-EAWAG-ED224203__ICEBERG_2_1__K2,DTXKFCMLEVLURZ,O=C(NCCc1ccccc1)C1CCCN1C(=O)CCc1ccccc1,25,ICEBERG_2_1,K2,0.10333049833914112,0.20013955763921787,
MSBNK-EAWAG-ED224203__ICEBERG_2_1__K3,DTXKFCMLEVLURZ,O=C(NCCc1ccccc1)C1CCCN1C(=O)CCc1ccccc1,25,ICEBERG_2_1,K3,0.13390819921900587,0.2284716200453072,
MSBNK-EAWAG-ED224203__GLACIER__K1,DTXKFCMLEVLURZ,O=C(NCCc1ccccc1)C1CCCN1C(=O)CCc1ccccc1,25,GLACIER,K1,0.06355355007858496,0.12538614268805615,
MSBNK-EAWAG-ED224203__GLACIER__K2,DTXKFCMLEVLURZ,O=C(NCCc1ccccc1)C1CCCN1C(=O)CCc1ccccc1,25,GLACIER,K2,0.004346072225326854,0.05398000097381106,
MSBNK-EAWAG-ED224203__GLACIER__K3,DTXKFCMLEVLURZ,O=C(NCCc1ccccc1)C1CCCN1C(=O)CCc1ccccc1,25,GLACIER,K3,0.006782059096387101,0.0634215498017292,
MSBNK-EAWAG-ED224204__ICEBERG_2_1__K1,DTXKFCMLEVLURZ,O=C(NCCc1ccccc1)C1CCCN1C(=O)CCc1ccccc1,30,ICEBERG_2_1,K1,0.3014317571221958,0.36629658302004287,
MSBNK-EAWAG-ED224204__ICEBERG_2_1__K2,DTXKFCMLEVLURZ,O=C(NCCc1ccccc1)C1CCCN1C(=O)CCc1ccccc1,30,ICEBERG_2_1,K2,0.27462384182396765,0.29571688631695714,
MSBNK-EAWAG-ED224204__ICEBERG_2_1__K3,DTXKFCMLEVLURZ,O=C(NCCc1ccccc1)C1CCCN1C(=O)CCc1ccccc1,30,ICEBERG_2_1,K3,0.2950151784854252,0.308256970485416,
MSBNK-EAWAG-ED224204__GLACIER__K1,DTXKFCMLEVLURZ,O=C(NCCc1ccccc1)C1CCCN1C(=O)CCc1ccccc1,30,GLACIER,K1,0.4998287657086532,0.3523616865356112,
MSBNK-EAWAG-ED224204__GLACIER__K2,DTXKFCMLEVLURZ,O=C(NCCc1ccccc1)C1CCCN1C(=O)CCc1ccccc1,30,GLACIER,K2,0.01578383709983738,0.08878339605005225,
MSBNK-EAWAG-ED224204__GLACIER__K3,DTXKFCMLEVLURZ,O=C(NCCc1ccccc1)C1CCCN1C(=O)CCc1ccccc1,30,GLACIER,K3,0.017442955963838214,0.09211312866363286,
MSBNK-EAWAG-ED224205__ICEBERG_2_1__K1,DTXKFCMLEVLURZ,O=C(NCCc1ccccc1)C1CCCN1C(=O)CCc1ccccc1,40,ICEBERG_2_1,K1,0.34575653758075753,0.3635783083557803,
MSBNK-EAWAG-ED224205__ICEBERG_2_1__K2,DTXKFCMLEVLURZ,O=C(NCCc1ccccc1)C1CCCN1C(=O)CCc1ccccc1,40,ICEBERG_2_1,K2,0.11483747496105182,0.220836959666737,
MSBNK-EAWAG-ED224205__ICEBERG_2_1__K3,DTXKFCMLEVLURZ,O=C(NCCc1ccccc1)C1CCCN1C(=O)CCc1ccccc1,40,ICEBERG_2_1,K3,0.12059290530500533,0.2260575514723019,
MSBNK-EAWAG-ED224205__GLACIER__K1,DTXKFCMLEVLURZ,O=C(NCCc1ccccc1)C1CCCN1C(=O)CCc1ccccc1,40,GLACIER,K1,0.013750767265984551,0.05942817378919829,
MSBNK-EAWAG-ED224205__GLACIER__K2,DTXKFCMLEVLURZ,O=C(NCCc1ccccc1)C1CCCN1C(=O)CCc1ccccc1,40,GLACIER,K2,0.007998088540914666,0.05759047150030605,
MSBNK-EAWAG-ED224205__GLACIER__K3,DTXKFCMLEVLURZ,O=C(NCCc1ccccc1)C1CCCN1C(=O)CCc1ccccc1,40,GLACIER,K3,0.004322774719850094,0.04755701233571197,
MSBNK-EAWAG-ED224206__ICEBERG_2_1__K1,DTXKFCMLEVLURZ,O=C(NCCc1ccccc1)C1CCCN1C(=O)CCc1ccccc1,50,ICEBERG_2_1,K1,0.3694415960108177,0.3840818109481088,
MSBNK-EAWAG-ED224206__ICEBERG_2_1__K2,DTXKFCMLEVLURZ,O=C(NCCc1ccccc1)C1CCCN1C(=O)CCc1ccccc1,50,ICEBERG_2_1,K2,0.06092810452294307,0.14606830377421354,
MSBNK-EAWAG-ED224206__ICEBERG_2_1__K3,DTXKFCMLEVLURZ,O=C(NCCc1ccccc1)C1CCCN1C(=O)CCc1ccccc1,50,ICEBERG_2_1,K3,0.05711096339301251,0.14297346077706807,
MSBNK-EAWAG-ED224206__GLACIER__K1,DTXKFCMLEVLURZ,O=C(NCCc1ccccc1)C1CCCN1C(=O)CCc1ccccc1,50,GLACIER,K1,0.00010806030365292791,0.0070309382651990715,
MSBNK-EAWAG-ED224206__GLACIER__K2,DTXKFCMLEVLURZ,O=C(NCCc1ccccc1)C1CCCN1C(=O)CCc1ccccc1,50,GLACIER,K2,0.37215047319684913,0.33953372306956164,
MSBNK-EAWAG-ED224206__GLACIER__K3,DTXKFCMLEVLURZ,O=C(NCCc1ccccc1)C1CCCN1C(=O)CCc1ccccc1,50,GLACIER,K3,0.36077739273434994,0.334773199939268,
MSBNK-EAWAG-ED224207__ICEBERG_2_1__K1,DTXKFCMLEVLURZ,O=C(NCCc1ccccc1)C1CCCN1C(=O)CCc1ccccc1,60,ICEBERG_2_1,K1,0.22020633288193645,0.3394215460500326,
MSBNK-EAWAG-ED224207__ICEBERG_2_1__K2,DTXKFCMLEVLURZ,O=C(NCCc1ccccc1)C1CCCN1C(=O)CCc1ccccc1,60,ICEBERG_2_1,K2,0.07801726748928271,0.19412977536924847,
MSBNK-EAWAG-ED224207__ICEBERG_2_1__K3,DTXKFCMLEVLURZ,O=C(NCCc1ccccc1)C1CCCN1C(=O)CCc1ccccc1,60,ICEBERG_2_1,K3,0.10511368997888976,0.22655036069614243,
MSBNK-EAWAG-ED224207__GLACIER__K1,DTXKFCMLEVLURZ,O=C(NCCc1ccccc1)C1CCCN1C(=O)CCc1ccccc1,60,GLACIER,K1,0.001101532731500743,0.02959103616991232,
MSBNK-EAWAG-ED224207__GLACIER__K2,DTXKFCMLEVLURZ,O=C(NCCc1ccccc1)C1CCCN1C(=O)CCc1ccccc1,60,GLACIER,K2,0.3425384076341945,0.3891003252057652,
MSBNK-EAWAG-ED224207__GLACIER__K3,DTXKFCMLEVLURZ,O=C(NCCc1ccccc1)C1CCCN1C(=O)CCc1ccccc1,60,GLACIER,K3,0.3434927701448657,0.38009744193730777,
MSBNK-MLU-ED052501__ICEBERG_2_1__K1,BIRIZXULSMAMOU,O=C1C(Cc2ccccc2)=C(Cc2ccccc2)C(=O)C1(c1ccccc1)C1(c2ccccc2)C(=O)C(Cc2ccccc2)=C(Cc2ccccc2)C1=O,15,ICEBERG_2_1,K1,0.26635005977013865,0.3688553292096396,
MSBNK-MLU-ED052501__ICEBERG_2_1__K2,BIRIZXULSMAMOU,O=C1C(Cc2ccccc2)=C(Cc2ccccc2)C(=O)C1(c1ccccc1)C1(c2ccccc2)C(=O)C(Cc2ccccc2)=C(Cc2ccccc2)C1=O,15,ICEBERG_2_1,K2,0.035561652585840195,0.10008730024342749,
MSBNK-MLU-ED052501__ICEBERG_2_1__K3,BIRIZXULSMAMOU,O=C1C(Cc2ccccc2)=C(Cc2ccccc2)C(=O)C1(c1ccccc1)C1(c2ccccc2)C(=O)C(Cc2ccccc2)=C(Cc2ccccc2)C1=O,15,ICEBERG_2_1,K3,0.0475574497017289,0.13146319757989933,
MSBNK-MLU-ED052501__GLACIER__K1,BIRIZXULSMAMOU,O=C1C(Cc2ccccc2)=C(Cc2ccccc2)C(=O)C1(c1ccccc1)C1(c2ccccc2)C(=O)C(Cc2ccccc2)=C(Cc2ccccc2)C1=O,15,GLACIER,K1,0.022778880208769517,0.05090626269312937,
MSBNK-MLU-ED052501__GLACIER__K2,BIRIZXULSMAMOU,O=C1C(Cc2ccccc2)=C(Cc2ccccc2)C(=O)C1(c1ccccc1)C1(c2ccccc2)C(=O)C(Cc2ccccc2)=C(Cc2ccccc2)C1=O,15,GLACIER,K2,0.0237575587402224,0.05960605605840641,
MSBNK-MLU-ED052501__GLACIER__K3,BIRIZXULSMAMOU,O=C1C(Cc2ccccc2)=C(Cc2ccccc2)C(=O)C1(c1ccccc1)C1(c2ccccc2)C(=O)C(Cc2ccccc2)=C(Cc2ccccc2)C1=O,15,GLACIER,K3,0.022937943555415227,0.05208663867943519,
MSBNK-MLU-ED052502__ICEBERG_2_1__K1,BIRIZXULSMAMOU,O=C1C(Cc2ccccc2)=C(Cc2ccccc2)C(=O)C1(c1ccccc1)C1(c2ccccc2)C(=O)C(Cc2ccccc2)=C(Cc2ccccc2)C1=O,20,ICEBERG_2_1,K1,0.048731886168506384,0.16202853705523068,
MSBNK-MLU-ED052502__ICEBERG_2_1__K2,BIRIZXULSMAMOU,O=C1C(Cc2ccccc2)=C(Cc2ccccc2)C(=O)C1(c1ccccc1)C1(c2ccccc2)C(=O)C(Cc2ccccc2)=C(Cc2ccccc2)C1=O,20,ICEBERG_2_1,K2,0.0440059354650215,0.14328676446167754,
MSBNK-MLU-ED052502__ICEBERG_2_1__K3,BIRIZXULSMAMOU,O=C1C(Cc2ccccc2)=C(Cc2ccccc2)C(=O)C1(c1ccccc1)C1(c2ccccc2)C(=O)C(Cc2ccccc2)=C(Cc2ccccc2)C1=O,20,ICEBERG_2_1,K3,0.03474259993911348,0.14457006862887056,
MSBNK-MLU-ED052502__GLACIER__K1,BIRIZXULSMAMOU,O=C1C(Cc2ccccc2)=C(Cc2ccccc2)C(=O)C1(c1ccccc1)C1(c2ccccc2)C(=O)C(Cc2ccccc2)=C(Cc2ccccc2)C1=O,20,GLACIER,K1,0.00011354247548894454,0.0012379792486751917,
MSBNK-MLU-ED052502__GLACIER__K2,BIRIZXULSMAMOU,O=C1C(Cc2ccccc2)=C(Cc2ccccc2)C(=O)C1(c1ccccc1)C1(c2ccccc2)C(=O)C(Cc2ccccc2)=C(Cc2ccccc2)C1=O,20,GLACIER,K2,0.00016018434530059545,0.0017492982032107918,
MSBNK-MLU-ED052502__GLACIER__K3,BIRIZXULSMAMOU,O=C1C(Cc2ccccc2)=C(Cc2ccccc2)C(=O)C1(c1ccccc1)C1(c2ccccc2)C(=O)C(Cc2ccccc2)=C(Cc2ccccc2)C1=O,20,GLACIER,K3,0.00012117037922328815,0.001410996612450366,
MSBNK-MLU-ED052503__ICEBERG_2_1__K1,BIRIZXULSMAMOU,O=C1C(Cc2ccccc2)=C(Cc2ccccc2)C(=O)C1(c1ccccc1)C1(c2ccccc2)C(=O)C(Cc2ccccc2)=C(Cc2ccccc2)C1=O,25,ICEBERG_2_1,K1,0.12448005920768991,0.2499174287614182,
MSBNK-MLU-ED052503__ICEBERG_2_1__K2,BIRIZXULSMAMOU,O=C1C(Cc2ccccc2)=C(Cc2ccccc2)C(=O)C1(c1ccccc1)C1(c2ccccc2)C(=O)C(Cc2ccccc2)=C(Cc2ccccc2)C1=O,25,ICEBERG_2_1,K2,0.12890492536208512,0.28802490523103597,
MSBNK-MLU-ED052503__ICEBERG_2_1__K3,BIRIZXULSMAMOU,O=C1C(Cc2ccccc2)=C(Cc2ccccc2)C(=O)C1(c1ccccc1)C1(c2ccccc2)C(=O)C(Cc2ccccc2)=C(Cc2ccccc2)C1=O,25,ICEBERG_2_1,K3,0.13429473893955177,0.29160529001072377,
MSBNK-MLU-ED052503__GLACIER__K1,BIRIZXULSMAMOU,O=C1C(Cc2ccccc2)=C(Cc2ccccc2)C(=O)C1(c1ccccc1)C1(c2ccccc2)C(=O)C(Cc2ccccc2)=C(Cc2ccccc2)C1=O,25,GLACIER,K1,0.10862250159186292,0.14019743882545055,
MSBNK-MLU-ED052503__GLACIER__K2,BIRIZXULSMAMOU,O=C1C(Cc2ccccc2)=C(Cc2ccccc2)C(=O)C1(c1ccccc1)C1(c2ccccc2)C(=O)C(Cc2ccccc2)=C(Cc2ccccc2)C1=O,25,GLACIER,K2,0.10668338353242407,0.1304928621161714,
MSBNK-MLU-ED052503__GLACIER__K3,BIRIZXULSMAMOU,O=C1C(Cc2ccccc2)=C(Cc2ccccc2)C(=O)C1(c1ccccc1)C1(c2ccccc2)C(=O)C(Cc2ccccc2)=C(Cc2ccccc2)C1=O,25,GLACIER,K3,0.10669267167681443,0.13004582918165164,
MSBNK-MLU-ED052504__ICEBERG_2_1__K1,BIRIZXULSMAMOU,O=C1C(Cc2ccccc2)=C(Cc2ccccc2)C(=O)C1(c1ccccc1)C1(c2ccccc2)C(=O)C(Cc2ccccc2)=C(Cc2ccccc2)C1=O,30,ICEBERG_2_1,K1,0.2680405219025036,0.3248809819882196,
MSBNK-MLU-ED052504__ICEBERG_2_1__K2,BIRIZXULSMAMOU,O=C1C(Cc2ccccc2)=C(Cc2ccccc2)C(=O)C1(c1ccccc1)C1(c2ccccc2)C(=O)C(Cc2ccccc2)=C(Cc2ccccc2)C1=O,30,ICEBERG_2_1,K2,0.26173656318022614,0.3098973007966509,
MSBNK-MLU-ED052504__ICEBERG_2_1__K3,BIRIZXULSMAMOU,O=C1C(Cc2ccccc2)=C(Cc2ccccc2)C(=O)C1(c1ccccc1)C1(c2ccccc2)C(=O)C(Cc2ccccc2)=C(Cc2ccccc2)C1=O,30,ICEBERG_2_1,K3,0.2623012765080377,0.3187102577229237,
MSBNK-MLU-ED052504__GLACIER__K1,BIRIZXULSMAMOU,O=C1C(Cc2ccccc2)=C(Cc2ccccc2)C(=O)C1(c1ccccc1)C1(c2ccccc2)C(=O)C(Cc2ccccc2)=C(Cc2ccccc2)C1=O,30,GLACIER,K1,0.2496597279900798,0.1883952602720511,
MSBNK-MLU-ED052504__GLACIER__K2,BIRIZXULSMAMOU,O=C1C(Cc2ccccc2)=C(Cc2ccccc2)C(=O)C1(c1ccccc1)C1(c2ccccc2)C(=O)C(Cc2ccccc2)=C(Cc2ccccc2)C1=O,30,GLACIER,K2,0.24965621163261117,0.1884405214244581,
MSBNK-MLU-ED052504__GLACIER__K3,BIRIZXULSMAMOU,O=C1C(Cc2ccccc2)=C(Cc2ccccc2)C(=O)C1(c1ccccc1)C1(c2ccccc2)C(=O)C(Cc2ccccc2)=C(Cc2ccccc2)C1=O,30,GLACIER,K3,0.24966415751034193,0.1890054929768582,
MSBNK-MLU-ED052505__ICEBERG_2_1__K1,BIRIZXULSMAMOU,O=C1C(Cc2ccccc2)=C(Cc2ccccc2)C(=O)C1(c1ccccc1)C1(c2ccccc2)C(=O)C(Cc2ccccc2)=C(Cc2ccccc2)C1=O,40,ICEBERG_2_1,K1,0.6266776921945629,0.4005296500916109,
MSBNK-MLU-ED052505__ICEBERG_2_1__K2,BIRIZXULSMAMOU,O=C1C(Cc2ccccc2)=C(Cc2ccccc2)C(=O)C1(c1ccccc1)C1(c2ccccc2)C(=O)C(Cc2ccccc2)=C(Cc2ccccc2)C1=O,40,ICEBERG_2_1,K2,0.6416139257962262,0.37791524519251607,
MSBNK-MLU-ED052505__ICEBERG_2_1__K3,BIRIZXULSMAMOU,O=C1C(Cc2ccccc2)=C(Cc2ccccc2)C(=O)C1(c1ccccc1)C1(c2ccccc2)C(=O)C(Cc2ccccc2)=C(Cc2ccccc2)C1=O,40,ICEBERG_2_1,K3,0.640701314210064,0.36958555965637707,
MSBNK-MLU-ED052505__GLACIER__K1,BIRIZXULSMAMOU,O=C1C(Cc2ccccc2)=C(Cc2ccccc2)C(=O)C1(c1ccccc1)C1(c2ccccc2)C(=O)C(Cc2ccccc2)=C(Cc2ccccc2)C1=O,40,GLACIER,K1,0.6381818623852727,0.3094588055985754,
MSBNK-MLU-ED052505__GLACIER__K2,BIRIZXULSMAMOU,O=C1C(Cc2ccccc2)=C(Cc2ccccc2)C(=O)C1(c1ccccc1)C1(c2ccccc2)C(=O)C(Cc2ccccc2)=C(Cc2ccccc2)C1=O,40,GLACIER,K2,0.638170592771008,0.30872889476845333,
MSBNK-MLU-ED052505__GLACIER__K3,BIRIZXULSMAMOU,O=C1C(Cc2ccccc2)=C(Cc2ccccc2)C(=O)C1(c1ccccc1)C1(c2ccccc2)C(=O)C(Cc2ccccc2)=C(Cc2ccccc2)C1=O,40,GLACIER,K3,0.6381786407251353,0.30918069204443144,
MSBNK-MLU-ED052506__ICEBERG_2_1__K1,BIRIZXULSMAMOU,O=C1C(Cc2ccccc2)=C(Cc2ccccc2)C(=O)C1(c1ccccc1)C1(c2ccccc2)C(=O)C(Cc2ccccc2)=C(Cc2ccccc2)C1=O,50,ICEBERG_2_1,K1,0.7255437476514718,0.43236686620289067,
MSBNK-MLU-ED052506__ICEBERG_2_1__K2,BIRIZXULSMAMOU,O=C1C(Cc2ccccc2)=C(Cc2ccccc2)C(=O)C1(c1ccccc1)C1(c2ccccc2)C(=O)C(Cc2ccccc2)=C(Cc2ccccc2)C1=O,50,ICEBERG_2_1,K2,0.7561652317784542,0.42018778577232707,
MSBNK-MLU-ED052506__ICEBERG_2_1__K3,BIRIZXULSMAMOU,O=C1C(Cc2ccccc2)=C(Cc2ccccc2)C(=O)C1(c1ccccc1)C1(c2ccccc2)C(=O)C(Cc2ccccc2)=C(Cc2ccccc2)C1=O,50,ICEBERG_2_1,K3,0.7656802356663016,0.43838394568792893,
MSBNK-MLU-ED052506__GLACIER__K1,BIRIZXULSMAMOU,O=C1C(Cc2ccccc2)=C(Cc2ccccc2)C(=O)C1(c1ccccc1)C1(c2ccccc2)C(=O)C(Cc2ccccc2)=C(Cc2ccccc2)C1=O,50,GLACIER,K1,0.7697959682323744,0.3994399733204357,
MSBNK-MLU-ED052506__GLACIER__K2,BIRIZXULSMAMOU,O=C1C(Cc2ccccc2)=C(Cc2ccccc2)C(=O)C1(c1ccccc1)C1(c2ccccc2)C(=O)C(Cc2ccccc2)=C(Cc2ccccc2)C1=O,50,GLACIER,K2,0.7698005354294113,0.39973393438239413,
MSBNK-MLU-ED052506__GLACIER__K3,BIRIZXULSMAMOU,O=C1C(Cc2ccccc2)=C(Cc2ccccc2)C(=O)C1(c1ccccc1)C1(c2ccccc2)C(=O)C(Cc2ccccc2)=C(Cc2ccccc2)C1=O,50,GLACIER,K3,0.7698003530466229,0.3998425433064312,
MSBNK-MLU-ED052507__ICEBERG_2_1__K1,BIRIZXULSMAMOU,O=C1C(Cc2ccccc2)=C(Cc2ccccc2)C(=O)C1(c1ccccc1)C1(c2ccccc2)C(=O)C(Cc2ccccc2)=C(Cc2ccccc2)C1=O,60,ICEBERG_2_1,K1,0.8297769721648877,0.5116867045466922,
MSBNK-MLU-ED052507__ICEBERG_2_1__K2,BIRIZXULSMAMOU,O=C1C(Cc2ccccc2)=C(Cc2ccccc2)C(=O)C1(c1ccccc1)C1(c2ccccc2)C(=O)C(Cc2ccccc2)=C(Cc2ccccc2)C1=O,60,ICEBERG_2_1,K2,0.7762277846466367,0.4223043754555441,
MSBNK-MLU-ED052507__ICEBERG_2_1__K3,BIRIZXULSMAMOU,O=C1C(Cc2ccccc2)=C(Cc2ccccc2)C(=O)C1(c1ccccc1)C1(c2ccccc2)C(=O)C(Cc2ccccc2)=C(Cc2ccccc2)C1=O,60,ICEBERG_2_1,K3,0.8002463674391374,0.42528978607139656,
MSBNK-MLU-ED052507__GLACIER__K1,BIRIZXULSMAMOU,O=C1C(Cc2ccccc2)=C(Cc2ccccc2)C(=O)C1(c1ccccc1)C1(c2ccccc2)C(=O)C(Cc2ccccc2)=C(Cc2ccccc2)C1=O,60,GLACIER,K1,0.8367126398102905,0.4625811283779121,
MSBNK-MLU-ED052507__GLACIER__K2,BIRIZXULSMAMOU,O=C1C(Cc2ccccc2)=C(Cc2ccccc2)C(=O)C1(c1ccccc1)C1(c2ccccc2)C(=O)C(Cc2ccccc2)=C(Cc2ccccc2)C1=O,60,GLACIER,K2,0.8367099608522508,0.46221894167617894,
MSBNK-MLU-ED052507__GLACIER__K3,BIRIZXULSMAMOU,O=C1C(Cc2ccccc2)=C(Cc2ccccc2)C(=O)C1(c1ccccc1)C1(c2ccccc2)C(=O)C(Cc2ccccc2)=C(Cc2ccccc2)C1=O,60,GLACIER,K3,0.8366936127254759,0.46203776520324147,
MSBNK-MLU-ED064201__ICEBERG_2_1__K1,KSVGOBQTQGOLQM,O=C1CCOC(=O)CNC(=O)C(Cc2ccccc2)NC(=O)CN2CCCC(NC(=O)CN1)C2=O,15,ICEBERG_2_1,K1,0.11969451087436633,0.26990246781567817,
MSBNK-MLU-ED064201__ICEBERG_2_1__K2,KSVGOBQTQGOLQM,O=C1CCOC(=O)CNC(=O)C(Cc2ccccc2)NC(=O)CN2CCCC(NC(=O)CN1)C2=O,15,ICEBERG_2_1,K2,0.025697663086073217,0.08538756426817229,
MSBNK-MLU-ED064201__ICEBERG_2_1__K3,KSVGOBQTQGOLQM,O=C1CCOC(=O)CNC(=O)C(Cc2ccccc2)NC(=O)CN2CCCC(NC(=O)CN1)C2=O,15,ICEBERG_2_1,K3,0.029205780962879055,0.09868282331818212,
MSBNK-MLU-ED064201__GLACIER__K1,KSVGOBQTQGOLQM,O=C1CCOC(=O)CNC(=O)C(Cc2ccccc2)NC(=O)CN2CCCC(NC(=O)CN1)C2=O,15,GLACIER,K1,0.10403063638783464,0.23825017750311273,
MSBNK-MLU-ED064201__GLACIER__K2,KSVGOBQTQGOLQM,O=C1CCOC(=O)CNC(=O)C(Cc2ccccc2)NC(=O)CN2CCCC(NC(=O)CN1)C2=O,15,GLACIER,K2,0.2897081327894153,0.4344682032117254,
MSBNK-MLU-ED064201__GLACIER__K3,KSVGOBQTQGOLQM,O=C1CCOC(=O)CNC(=O)C(Cc2ccccc2)NC(=O)CN2CCCC(NC(=O)CN1)C2=O,15,GLACIER,K3,0.3613851381648841,0.4991906394628971,
MSBNK-MLU-ED064202__ICEBERG_2_1__K1,KSVGOBQTQGOLQM,O=C1CCOC(=O)CNC(=O)C(Cc2ccccc2)NC(=O)CN2CCCC(NC(=O)CN1)C2=O,20,ICEBERG_2_1,K1,0.03027356150306506,0.12569575025113067,
MSBNK-MLU-ED064202__ICEBERG_2_1__K2,KSVGOBQTQGOLQM,O=C1CCOC(=O)CNC(=O)C(Cc2ccccc2)NC(=O)CN2CCCC(NC(=O)CN1)C2=O,20,ICEBERG_2_1,K2,0.08220190807652263,0.13100060552318105,
MSBNK-MLU-ED064202__ICEBERG_2_1__K3,KSVGOBQTQGOLQM,O=C1CCOC(=O)CNC(=O)C(Cc2ccccc2)NC(=O)CN2CCCC(NC(=O)CN1)C2=O,20,ICEBERG_2_1,K3,0.08220196244520589,0.13110550755256545,
MSBNK-MLU-ED064202__GLACIER__K1,KSVGOBQTQGOLQM,O=C1CCOC(=O)CNC(=O)C(Cc2ccccc2)NC(=O)CN2CCCC(NC(=O)CN1)C2=O,20,GLACIER,K1,0.09385292538384604,0.19984747704607742,
MSBNK-MLU-ED064202__GLACIER__K2,KSVGOBQTQGOLQM,O=C1CCOC(=O)CNC(=O)C(Cc2ccccc2)NC(=O)CN2CCCC(NC(=O)CN1)C2=O,20,GLACIER,K2,0.08619514609097341,0.146704826599786,
MSBNK-MLU-ED064202__GLACIER__K3,KSVGOBQTQGOLQM,O=C1CCOC(=O)CNC(=O)C(Cc2ccccc2)NC(=O)CN2CCCC(NC(=O)CN1)C2=O,20,GLACIER,K3,0.0855083311522983,0.14432141710734614,
MSBNK-MLU-ED064203__ICEBERG_2_1__K1,KSVGOBQTQGOLQM,O=C1CCOC(=O)CNC(=O)C(Cc2ccccc2)NC(=O)CN2CCCC(NC(=O)CN1)C2=O,25,ICEBERG_2_1,K1,1.783762483075361e-05,0.001142063468243859,
MSBNK-MLU-ED064203__ICEBERG_2_1__K2,KSVGOBQTQGOLQM,O=C1CCOC(=O)CNC(=O)C(Cc2ccccc2)NC(=O)CN2CCCC(NC(=O)CN1)C2=O,25,ICEBERG_2_1,K2,0.00021611681364783712,0.007006255702798891,
MSBNK-MLU-ED064203__ICEBERG_2_1__K3,KSVGOBQTQGOLQM,O=C1CCOC(=O)CNC(=O)C(Cc2ccccc2)NC(=O)CN2CCCC(NC(=O)CN1)C2=O,25,ICEBERG_2_1,K3,0.00028614662031302423,0.008753253616505363,
MSBNK-MLU-ED064203__GLACIER__K1,KSVGOBQTQGOLQM,O=C1CCOC(=O)CNC(=O)C(Cc2ccccc2)NC(=O)CN2CCCC(NC(=O)CN1)C2=O,25,GLACIER,K1,3.883295454449535e-06,0.0005117454630654272,
MSBNK-MLU-ED064203__GLACIER__K2,KSVGOBQTQGOLQM,O=C1CCOC(=O)CNC(=O)C(Cc2ccccc2)NC(=O)CN2CCCC(NC(=O)CN1)C2=O,25,GLACIER,K2,0.37607979160607063,0.33532288274048183,
MSBNK-MLU-ED064203__GLACIER__K3,KSVGOBQTQGOLQM,O=C1CCOC(=O)CNC(=O)C(Cc2ccccc2)NC(=O)CN2CCCC(NC(=O)CN1)C2=O,25,GLACIER,K3,0.3760514074698241,0.3360782259838869,
MSBNK-MLU-ED064204__ICEBERG_2_1__K1,KSVGOBQTQGOLQM,O=C1CCOC(=O)CNC(=O)C(Cc2ccccc2)NC(=O)CN2CCCC(NC(=O)CN1)C2=O,30,ICEBERG_2_1,K1,0.00031970621115595,0.007049186202986779,
MSBNK-MLU-ED064204__ICEBERG_2_1__K2,KSVGOBQTQGOLQM,O=C1CCOC(=O)CNC(=O)C(Cc2ccccc2)NC(=O)CN2CCCC(NC(=O)CN1)C2=O,30,ICEBERG_2_1,K2,0.6070992196643861,0.43638553763104926,
MSBNK-MLU-ED064204__ICEBERG_2_1__K3,KSVGOBQTQGOLQM,O=C1CCOC(=O)CNC(=O)C(Cc2ccccc2)NC(=O)CN2CCCC(NC(=O)CN1)C2=O,30,ICEBERG_2_1,K3,0.6071901103645074,0.43680618811947014,
MSBNK-MLU-ED064204__GLACIER__K1,KSVGOBQTQGOLQM,O=C1CCOC(=O)CNC(=O)C(Cc2ccccc2)NC(=O)CN2CCCC(NC(=O)CN1)C2=O,30,GLACIER,K1,0.5974443179596867,0.4073499113392881,
MSBNK-MLU-ED064204__GLACIER__K2,KSVGOBQTQGOLQM,O=C1CCOC(=O)CNC(=O)C(Cc2ccccc2)NC(=O)CN2CCCC(NC(=O)CN1)C2=O,30,GLACIER,K2,0.6055537104147692,0.4345079637596101,
MSBNK-MLU-ED064204__GLACIER__K3,KSVGOBQTQGOLQM,O=C1CCOC(=O)CNC(=O)C(Cc2ccccc2)NC(=O)CN2CCCC(NC(=O)CN1)C2=O,30,GLACIER,K3,0.6053141738588076,0.43359948370766466,
MSBNK-MLU-ED064205__ICEBERG_2_1__K1,KSVGOBQTQGOLQM,O=C1CCOC(=O)CNC(=O)C(Cc2ccccc2)NC(=O)CN2CCCC(NC(=O)CN1)C2=O,40,ICEBERG_2_1,K1,0.7121990834032644,0.4795872594306796,
MSBNK-MLU-ED064205__ICEBERG_2_1__K2,KSVGOBQTQGOLQM,O=C1CCOC(=O)CNC(=O)C(Cc2ccccc2)NC(=O)CN2CCCC(NC(=O)CN1)C2=O,40,ICEBERG_2_1,K2,0.712591486068289,0.4737914162505624,
MSBNK-MLU-ED064205__ICEBERG_2_1__K3,KSVGOBQTQGOLQM,O=C1CCOC(=O)CNC(=O)C(Cc2ccccc2)NC(=O)CN2CCCC(NC(=O)CN1)C2=O,40,ICEBERG_2_1,K3,0.7124346465460606,0.47246884557408364,
MSBNK-MLU-ED064205__GLACIER__K1,KSVGOBQTQGOLQM,O=C1CCOC(=O)CNC(=O)C(Cc2ccccc2)NC(=O)CN2CCCC(NC(=O)CN1)C2=O,40,GLACIER,K1,0.0011018665895252057,0.013579425840727577,
MSBNK-MLU-ED064205__GLACIER__K2,KSVGOBQTQGOLQM,O=C1CCOC(=O)CNC(=O)C(Cc2ccccc2)NC(=O)CN2CCCC(NC(=O)CN1)C2=O,40,GLACIER,K2,0.7011607502809308,0.44160532607317393,
MSBNK-MLU-ED064205__GLACIER__K3,KSVGOBQTQGOLQM,O=C1CCOC(=O)CNC(=O)C(Cc2ccccc2)NC(=O)CN2CCCC(NC(=O)CN1)C2=O,40,GLACIER,K3,0.7044377987263386,0.44696185834165114,
MSBNK-MLU-ED065301__ICEBERG_2_1__K1,CLAPAZQQSRVIAI,O=C1CCCCCNC(=O)C(Cc2ccccc2)NC(=O)C(Cc2c[nH]c3ccccc23)NC(=O)CNC(=O)CN1,15,ICEBERG_2_1,K1,0.9541123753889155,0.7605654483941093,
MSBNK-MLU-ED065301__ICEBERG_2_1__K2,CLAPAZQQSRVIAI,O=C1CCCCCNC(=O)C(Cc2ccccc2)NC(=O)C(Cc2c[nH]c3ccccc23)NC(=O)CNC(=O)CN1,15,ICEBERG_2_1,K2,0.08167232590988895,0.1938939884545624,
MSBNK-MLU-ED065301__ICEBERG_2_1__K3,CLAPAZQQSRVIAI,O=C1CCCCCNC(=O)C(Cc2ccccc2)NC(=O)C(Cc2c[nH]c3ccccc23)NC(=O)CNC(=O)CN1,15,ICEBERG_2_1,K3,0.21082027363136124,0.3120551015146561,
MSBNK-MLU-ED065301__GLACIER__K1,CLAPAZQQSRVIAI,O=C1CCCCCNC(=O)C(Cc2ccccc2)NC(=O)C(Cc2c[nH]c3ccccc23)NC(=O)CNC(=O)CN1,15,GLACIER,K1,0.20658352210565342,0.3267329047256774,
MSBNK-MLU-ED065301__GLACIER__K2,CLAPAZQQSRVIAI,O=C1CCCCCNC(=O)C(Cc2ccccc2)NC(=O)C(Cc2c[nH]c3ccccc23)NC(=O)CNC(=O)CN1,15,GLACIER,K2,0.27933566978458374,0.3712102316015895,
MSBNK-MLU-ED065301__GLACIER__K3,CLAPAZQQSRVIAI,O=C1CCCCCNC(=O)C(Cc2ccccc2)NC(=O)C(Cc2c[nH]c3ccccc23)NC(=O)CNC(=O)CN1,15,GLACIER,K3,0.3036517197223641,0.3880087302218066,
MSBNK-MLU-ED065302__ICEBERG_2_1__K1,CLAPAZQQSRVIAI,O=C1CCCCCNC(=O)C(Cc2ccccc2)NC(=O)C(Cc2c[nH]c3ccccc23)NC(=O)CNC(=O)CN1,20,ICEBERG_2_1,K1,0.3890475731423934,0.3169312074502515,
MSBNK-MLU-ED065302__ICEBERG_2_1__K2,CLAPAZQQSRVIAI,O=C1CCCCCNC(=O)C(Cc2ccccc2)NC(=O)C(Cc2c[nH]c3ccccc23)NC(=O)CNC(=O)CN1,20,ICEBERG_2_1,K2,0.07814781247082904,0.09096625697386718,
MSBNK-MLU-ED065302__ICEBERG_2_1__K3,CLAPAZQQSRVIAI,O=C1CCCCCNC(=O)C(Cc2ccccc2)NC(=O)C(Cc2c[nH]c3ccccc23)NC(=O)CNC(=O)CN1,20,ICEBERG_2_1,K3,0.08272916019006665,0.08853419254121986,
MSBNK-MLU-ED065302__GLACIER__K1,CLAPAZQQSRVIAI,O=C1CCCCCNC(=O)C(Cc2ccccc2)NC(=O)C(Cc2c[nH]c3ccccc23)NC(=O)CNC(=O)CN1,20,GLACIER,K1,0.06884245125401277,0.16127579145104776,
MSBNK-MLU-ED065302__GLACIER__K2,CLAPAZQQSRVIAI,O=C1CCCCCNC(=O)C(Cc2ccccc2)NC(=O)C(Cc2c[nH]c3ccccc23)NC(=O)CNC(=O)CN1,20,GLACIER,K2,0.07197453848050427,0.13370002955827842,
MSBNK-MLU-ED065302__GLACIER__K3,CLAPAZQQSRVIAI,O=C1CCCCCNC(=O)C(Cc2ccccc2)NC(=O)C(Cc2c[nH]c3ccccc23)NC(=O)CNC(=O)CN1,20,GLACIER,K3,0.06646305664674584,0.131252391446102,
MSBNK-MLU-ED065303__ICEBERG_2_1__K1,CLAPAZQQSRVIAI,O=C1CCCCCNC(=O)C(Cc2ccccc2)NC(=O)C(Cc2c[nH]c3ccccc23)NC(=O)CNC(=O)CN1,25,ICEBERG_2_1,K1,0.4049480053154478,0.3304332899683351,
MSBNK-MLU-ED065303__ICEBERG_2_1__K2,CLAPAZQQSRVIAI,O=C1CCCCCNC(=O)C(Cc2ccccc2)NC(=O)C(Cc2c[nH]c3ccccc23)NC(=O)CNC(=O)CN1,25,ICEBERG_2_1,K2,0.3661386596507488,0.20306495394425805,
MSBNK-MLU-ED065303__ICEBERG_2_1__K3,CLAPAZQQSRVIAI,O=C1CCCCCNC(=O)C(Cc2ccccc2)NC(=O)C(Cc2c[nH]c3ccccc23)NC(=O)CNC(=O)CN1,25,ICEBERG_2_1,K3,0.36336753054789234,0.20386879566447536,
MSBNK-MLU-ED065303__GLACIER__K1,CLAPAZQQSRVIAI,O=C1CCCCCNC(=O)C(Cc2ccccc2)NC(=O)C(Cc2c[nH]c3ccccc23)NC(=O)CNC(=O)CN1,25,GLACIER,K1,0.04491660729621479,0.13266766221972126,
MSBNK-MLU-ED065303__GLACIER__K2,CLAPAZQQSRVIAI,O=C1CCCCCNC(=O)C(Cc2ccccc2)NC(=O)C(Cc2c[nH]c3ccccc23)NC(=O)CNC(=O)CN1,25,GLACIER,K2,0.26928420453377405,0.2467497407622673,
MSBNK-MLU-ED065303__GLACIER__K3,CLAPAZQQSRVIAI,O=C1CCCCCNC(=O)C(Cc2ccccc2)NC(=O)C(Cc2c[nH]c3ccccc23)NC(=O)CNC(=O)CN1,25,GLACIER,K3,0.26087075764561407,0.2459095036414809,
MSBNK-MLU-ED065304__ICEBERG_2_1__K1,CLAPAZQQSRVIAI,O=C1CCCCCNC(=O)C(Cc2ccccc2)NC(=O)C(Cc2c[nH]c3ccccc23)NC(=O)CNC(=O)CN1,30,ICEBERG_2_1,K1,0.45855671055449476,0.39345806930312943,
MSBNK-MLU-ED065304__ICEBERG_2_1__K2,CLAPAZQQSRVIAI,O=C1CCCCCNC(=O)C(Cc2ccccc2)NC(=O)C(Cc2c[nH]c3ccccc23)NC(=O)CNC(=O)CN1,30,ICEBERG_2_1,K2,0.5090056941825776,0.31659171521960894,
MSBNK-MLU-ED065304__ICEBERG_2_1__K3,CLAPAZQQSRVIAI,O=C1CCCCCNC(=O)C(Cc2ccccc2)NC(=O)C(Cc2c[nH]c3ccccc23)NC(=O)CNC(=O)CN1,30,ICEBERG_2_1,K3,0.5237408907068383,0.3210292738220333,
MSBNK-MLU-ED065304__GLACIER__K1,CLAPAZQQSRVIAI,O=C1CCCCCNC(=O)C(Cc2ccccc2)NC(=O)C(Cc2c[nH]c3ccccc23)NC(=O)CNC(=O)CN1,30,GLACIER,K1,0.2602160718839245,0.2832541795057891,
MSBNK-MLU-ED065304__GLACIER__K2,CLAPAZQQSRVIAI,O=C1CCCCCNC(=O)C(Cc2ccccc2)NC(=O)C(Cc2c[nH]c3ccccc23)NC(=O)CNC(=O)CN1,30,GLACIER,K2,0.43399456736982894,0.3356522448523225,
MSBNK-MLU-ED065304__GLACIER__K3,CLAPAZQQSRVIAI,O=C1CCCCCNC(=O)C(Cc2ccccc2)NC(=O)C(Cc2c[nH]c3ccccc23)NC(=O)CNC(=O)CN1,30,GLACIER,K3,0.46000004420097146,0.3520434992544075,
MSBNK-MLU-ED065305__ICEBERG_2_1__K1,CLAPAZQQSRVIAI,O=C1CCCCCNC(=O)C(Cc2ccccc2)NC(=O)C(Cc2c[nH]c3ccccc23)NC(=O)CNC(=O)CN1,40,ICEBERG_2_1,K1,0.7047415787666333,0.5149995122796764,
MSBNK-MLU-ED065305__ICEBERG_2_1__K2,CLAPAZQQSRVIAI,O=C1CCCCCNC(=O)C(Cc2ccccc2)NC(=O)C(Cc2c[nH]c3ccccc23)NC(=O)CNC(=O)CN1,40,ICEBERG_2_1,K2,0.5995165841179317,0.4610416072739252,
MSBNK-MLU-ED065305__ICEBERG_2_1__K3,CLAPAZQQSRVIAI,O=C1CCCCCNC(=O)C(Cc2ccccc2)NC(=O)C(Cc2c[nH]c3ccccc23)NC(=O)CNC(=O)CN1,40,ICEBERG_2_1,K3,0.6544112862133481,0.47124435335336556,
MSBNK-MLU-ED065305__GLACIER__K1,CLAPAZQQSRVIAI,O=C1CCCCCNC(=O)C(Cc2ccccc2)NC(=O)C(Cc2c[nH]c3ccccc23)NC(=O)CNC(=O)CN1,40,GLACIER,K1,0.4577665778446311,0.4491369406422039,
MSBNK-MLU-ED065305__GLACIER__K2,CLAPAZQQSRVIAI,O=C1CCCCCNC(=O)C(Cc2ccccc2)NC(=O)C(Cc2c[nH]c3ccccc23)NC(=O)CNC(=O)CN1,40,GLACIER,K2,0.6566562099091283,0.5191485448354902,
MSBNK-MLU-ED065305__GLACIER__K3,CLAPAZQQSRVIAI,O=C1CCCCCNC(=O)C(Cc2ccccc2)NC(=O)C(Cc2c[nH]c3ccccc23)NC(=O)CNC(=O)CN1,40,GLACIER,K3,0.5419958170539714,0.5167531053116876,
MSBNK-MLU-ED065306__ICEBERG_2_1__K1,CLAPAZQQSRVIAI,O=C1CCCCCNC(=O)C(Cc2ccccc2)NC(=O)C(Cc2c[nH]c3ccccc23)NC(=O)CNC(=O)CN1,50,ICEBERG_2_1,K1,0.6843664030309448,0.6026450674229312,
MSBNK-MLU-ED065306__ICEBERG_2_1__K2,CLAPAZQQSRVIAI,O=C1CCCCCNC(=O)C(Cc2ccccc2)NC(=O)C(Cc2c[nH]c3ccccc23)NC(=O)CNC(=O)CN1,50,ICEBERG_2_1,K2,0.6444771036768903,0.6383081063461911,
MSBNK-MLU-ED065306__ICEBERG_2_1__K3,CLAPAZQQSRVIAI,O=C1CCCCCNC(=O)C(Cc2ccccc2)NC(=O)C(Cc2c[nH]c3ccccc23)NC(=O)CNC(=O)CN1,50,ICEBERG_2_1,K3,0.49780995465087197,0.5877665271379733,
MSBNK-MLU-ED065306__GLACIER__K1,CLAPAZQQSRVIAI,O=C1CCCCCNC(=O)C(Cc2ccccc2)NC(=O)C(Cc2c[nH]c3ccccc23)NC(=O)CNC(=O)CN1,50,GLACIER,K1,0.6417669904190405,0.5820330725539873,
MSBNK-MLU-ED065306__GLACIER__K2,CLAPAZQQSRVIAI,O=C1CCCCCNC(=O)C(Cc2ccccc2)NC(=O)C(Cc2c[nH]c3ccccc23)NC(=O)CNC(=O)CN1,50,GLACIER,K2,0.32243143683134956,0.44929205554897,
MSBNK-MLU-ED065306__GLACIER__K3,CLAPAZQQSRVIAI,O=C1CCCCCNC(=O)C(Cc2ccccc2)NC(=O)C(Cc2c[nH]c3ccccc23)NC(=O)CNC(=O)CN1,50,GLACIER,K3,0.3097945080081578,0.45167406304957436,
MSBNK-MLU-ED065307__ICEBERG_2_1__K1,CLAPAZQQSRVIAI,O=C1CCCCCNC(=O)C(Cc2ccccc2)NC(=O)C(Cc2c[nH]c3ccccc23)NC(=O)CNC(=O)CN1,60,ICEBERG_2_1,K1,0.5786837397996347,0.6374591786949131,
MSBNK-MLU-ED065307__ICEBERG_2_1__K2,CLAPAZQQSRVIAI,O=C1CCCCCNC(=O)C(Cc2ccccc2)NC(=O)C(Cc2c[nH]c3ccccc23)NC(=O)CNC(=O)CN1,60,ICEBERG_2_1,K2,0.34735632721483695,0.5423755983919176,
MSBNK-MLU-ED065307__ICEBERG_2_1__K3,CLAPAZQQSRVIAI,O=C1CCCCCNC(=O)C(Cc2ccccc2)NC(=O)C(Cc2c[nH]c3ccccc23)NC(=O)CNC(=O)CN1,60,ICEBERG_2_1,K3,0.371110137813983,0.5597001897175016,
MSBNK-MLU-ED065307__GLACIER__K1,CLAPAZQQSRVIAI,O=C1CCCCCNC(=O)C(Cc2ccccc2)NC(=O)C(Cc2c[nH]c3ccccc23)NC(=O)CNC(=O)CN1,60,GLACIER,K1,0.6212351125507691,0.6935886981283231,
MSBNK-MLU-ED065307__GLACIER__K2,CLAPAZQQSRVIAI,O=C1CCCCCNC(=O)C(Cc2ccccc2)NC(=O)C(Cc2c[nH]c3ccccc23)NC(=O)CNC(=O)CN1,60,GLACIER,K2,0.3602288142061871,0.4990472092063175,
MSBNK-MLU-ED065307__GLACIER__K3,CLAPAZQQSRVIAI,O=C1CCCCCNC(=O)C(Cc2ccccc2)NC(=O)C(Cc2c[nH]c3ccccc23)NC(=O)CNC(=O)CN1,60,GLACIER,K3,0.3655558894276693,0.504086387114423,
MSBNK-MLU-ED070201__ICEBERG_2_1__K1,HQMATMGVGJKSPD,O=C1CCCCCNC(=O)C(Cc2ccccc2)NC(=O)C(CC(=O)c2ccccc2)NC(=O)CNC(=O)CN1,15,ICEBERG_2_1,K1,0.7444752388493404,0.5680190726929348,
MSBNK-MLU-ED070201__ICEBERG_2_1__K2,HQMATMGVGJKSPD,O=C1CCCCCNC(=O)C(Cc2ccccc2)NC(=O)C(CC(=O)c2ccccc2)NC(=O)CNC(=O)CN1,15,ICEBERG_2_1,K2,0.04785524217144944,0.13512540031553488,
MSBNK-MLU-ED070201__ICEBERG_2_1__K3,HQMATMGVGJKSPD,O=C1CCCCCNC(=O)C(Cc2ccccc2)NC(=O)C(CC(=O)c2ccccc2)NC(=O)CNC(=O)CN1,15,ICEBERG_2_1,K3,0.06748177811077226,0.1602331504391974,
MSBNK-MLU-ED070201__GLACIER__K1,HQMATMGVGJKSPD,O=C1CCCCCNC(=O)C(Cc2ccccc2)NC(=O)C(CC(=O)c2ccccc2)NC(=O)CNC(=O)CN1,15,GLACIER,K1,0.08460289717631392,0.25541041510937457,
MSBNK-MLU-ED070201__GLACIER__K2,HQMATMGVGJKSPD,O=C1CCCCCNC(=O)C(Cc2ccccc2)NC(=O)C(CC(=O)c2ccccc2)NC(=O)CNC(=O)CN1,15,GLACIER,K2,0.07290736896990378,0.1932266371157757,
MSBNK-MLU-ED070201__GLACIER__K3,HQMATMGVGJKSPD,O=C1CCCCCNC(=O)C(Cc2ccccc2)NC(=O)C(CC(=O)c2ccccc2)NC(=O)CNC(=O)CN1,15,GLACIER,K3,0.06789022132870864,0.18443805433810134,
MSBNK-MLU-ED070202__ICEBERG_2_1__K1,HQMATMGVGJKSPD,O=C1CCCCCNC(=O)C(Cc2ccccc2)NC(=O)C(CC(=O)c2ccccc2)NC(=O)CNC(=O)CN1,20,ICEBERG_2_1,K1,0.2070055317304977,0.19427952409494675,
MSBNK-MLU-ED070202__ICEBERG_2_1__K2,HQMATMGVGJKSPD,O=C1CCCCCNC(=O)C(Cc2ccccc2)NC(=O)C(CC(=O)c2ccccc2)NC(=O)CNC(=O)CN1,20,ICEBERG_2_1,K2,0.017165793800724763,0.05427826736298402,
MSBNK-MLU-ED070202__ICEBERG_2_1__K3,HQMATMGVGJKSPD,O=C1CCCCCNC(=O)C(Cc2ccccc2)NC(=O)C(CC(=O)c2ccccc2)NC(=O)CNC(=O)CN1,20,ICEBERG_2_1,K3,0.017869532450265957,0.0538722795492812,
MSBNK-MLU-ED070202__GLACIER__K1,HQMATMGVGJKSPD,O=C1CCCCCNC(=O)C(Cc2ccccc2)NC(=O)C(CC(=O)c2ccccc2)NC(=O)CNC(=O)CN1,20,GLACIER,K1,0.008482745390629102,0.04355574433398035,
MSBNK-MLU-ED070202__GLACIER__K2,HQMATMGVGJKSPD,O=C1CCCCCNC(=O)C(Cc2ccccc2)NC(=O)C(CC(=O)c2ccccc2)NC(=O)CNC(=O)CN1,20,GLACIER,K2,0.00770110463635183,0.03712824145992788,
MSBNK-MLU-ED070202__GLACIER__K3,HQMATMGVGJKSPD,O=C1CCCCCNC(=O)C(Cc2ccccc2)NC(=O)C(CC(=O)c2ccccc2)NC(=O)CNC(=O)CN1,20,GLACIER,K3,0.007427849582356351,0.03624921052637964,
MSBNK-MLU-ED070203__ICEBERG_2_1__K1,HQMATMGVGJKSPD,O=C1CCCCCNC(=O)C(Cc2ccccc2)NC(=O)C(CC(=O)c2ccccc2)NC(=O)CNC(=O)CN1,25,ICEBERG_2_1,K1,0.04403489916250598,0.0738071754935542,
MSBNK-MLU-ED070203__ICEBERG_2_1__K2,HQMATMGVGJKSPD,O=C1CCCCCNC(=O)C(Cc2ccccc2)NC(=O)C(CC(=O)c2ccccc2)NC(=O)CNC(=O)CN1,25,ICEBERG_2_1,K2,0.023374037436067047,0.04594342428778775,
MSBNK-MLU-ED070203__ICEBERG_2_1__K3,HQMATMGVGJKSPD,O=C1CCCCCNC(=O)C(Cc2ccccc2)NC(=O)C(CC(=O)c2ccccc2)NC(=O)CNC(=O)CN1,25,ICEBERG_2_1,K3,0.02323153563250028,0.06286059450548154,
MSBNK-MLU-ED070203__GLACIER__K1,HQMATMGVGJKSPD,O=C1CCCCCNC(=O)C(Cc2ccccc2)NC(=O)C(CC(=O)c2ccccc2)NC(=O)CNC(=O)CN1,25,GLACIER,K1,0.004606336917248938,0.04609629343001698,
MSBNK-MLU-ED070203__GLACIER__K2,HQMATMGVGJKSPD,O=C1CCCCCNC(=O)C(Cc2ccccc2)NC(=O)C(CC(=O)c2ccccc2)NC(=O)CNC(=O)CN1,25,GLACIER,K2,0.05222358881020319,0.10898325212538074,
MSBNK-MLU-ED070203__GLACIER__K3,HQMATMGVGJKSPD,O=C1CCCCCNC(=O)C(Cc2ccccc2)NC(=O)C(CC(=O)c2ccccc2)NC(=O)CNC(=O)CN1,25,GLACIER,K3,0.08122553261805818,0.12046349658197997,
MSBNK-MLU-ED070204__ICEBERG_2_1__K1,HQMATMGVGJKSPD,O=C1CCCCCNC(=O)C(Cc2ccccc2)NC(=O)C(CC(=O)c2ccccc2)NC(=O)CNC(=O)CN1,30,ICEBERG_2_1,K1,0.061333138093782616,0.11185838298340112,
MSBNK-MLU-ED070204__ICEBERG_2_1__K2,HQMATMGVGJKSPD,O=C1CCCCCNC(=O)C(Cc2ccccc2)NC(=O)C(CC(=O)c2ccccc2)NC(=O)CNC(=O)CN1,30,ICEBERG_2_1,K2,0.04083683605307141,0.10943573958382469,
MSBNK-MLU-ED070204__ICEBERG_2_1__K3,HQMATMGVGJKSPD,O=C1CCCCCNC(=O)C(Cc2ccccc2)NC(=O)C(CC(=O)c2ccccc2)NC(=O)CNC(=O)CN1,30,ICEBERG_2_1,K3,0.042563166762208476,0.12101420650564954,
MSBNK-MLU-ED070204__GLACIER__K1,HQMATMGVGJKSPD,O=C1CCCCCNC(=O)C(Cc2ccccc2)NC(=O)C(CC(=O)c2ccccc2)NC(=O)CNC(=O)CN1,30,GLACIER,K1,0.07425535653947804,0.1676952432891985,
MSBNK-MLU-ED070204__GLACIER__K2,HQMATMGVGJKSPD,O=C1CCCCCNC(=O)C(Cc2ccccc2)NC(=O)C(CC(=O)c2ccccc2)NC(=O)CNC(=O)CN1,30,GLACIER,K2,0.08990022668486221,0.1674478094996691,
MSBNK-MLU-ED070204__GLACIER__K3,HQMATMGVGJKSPD,O=C1CCCCCNC(=O)C(Cc2ccccc2)NC(=O)C(CC(=O)c2ccccc2)NC(=O)CNC(=O)CN1,30,GLACIER,K3,0.09606274928722168,0.18738033208915283,
MSBNK-MLU-ED070205__ICEBERG_2_1__K1,HQMATMGVGJKSPD,O=C1CCCCCNC(=O)C(Cc2ccccc2)NC(=O)C(CC(=O)c2ccccc2)NC(=O)CNC(=O)CN1,40,ICEBERG_2_1,K1,0.09592592400625669,0.2050841182666513,
MSBNK-MLU-ED070205__ICEBERG_2_1__K2,HQMATMGVGJKSPD,O=C1CCCCCNC(=O)C(Cc2ccccc2)NC(=O)C(CC(=O)c2ccccc2)NC(=O)CNC(=O)CN1,40,ICEBERG_2_1,K2,0.11371903224683605,0.23887935077293132,
MSBNK-MLU-ED070205__ICEBERG_2_1__K3,HQMATMGVGJKSPD,O=C1CCCCCNC(=O)C(Cc2ccccc2)NC(=O)C(CC(=O)c2ccccc2)NC(=O)CNC(=O)CN1,40,ICEBERG_2_1,K3,0.11630910514738091,0.2416717405519344,
MSBNK-MLU-ED070205__GLACIER__K1,HQMATMGVGJKSPD,O=C1CCCCCNC(=O)C(Cc2ccccc2)NC(=O)C(CC(=O)c2ccccc2)NC(=O)CNC(=O)CN1,40,GLACIER,K1,0.15327233207286906,0.2536735177414223,
MSBNK-MLU-ED070205__GLACIER__K2,HQMATMGVGJKSPD,O=C1CCCCCNC(=O)C(Cc2ccccc2)NC(=O)C(CC(=O)c2ccccc2)NC(=O)CNC(=O)CN1,40,GLACIER,K2,0.007195910093825951,0.08626528790366139,
MSBNK-MLU-ED070205__GLACIER__K3,HQMATMGVGJKSPD,O=C1CCCCCNC(=O)C(Cc2ccccc2)NC(=O)C(CC(=O)c2ccccc2)NC(=O)CNC(=O)CN1,40,GLACIER,K3,0.004312458042204554,0.06504237888947928,
MSBNK-MLU-ED070206__ICEBERG_2_1__K1,HQMATMGVGJKSPD,O=C1CCCCCNC(=O)C(Cc2ccccc2)NC(=O)C(CC(=O)c2ccccc2)NC(=O)CNC(=O)CN1,50,ICEBERG_2_1,K1,0.10546493452312636,0.2706847168263067,
MSBNK-MLU-ED070206__ICEBERG_2_1__K2,HQMATMGVGJKSPD,O=C1CCCCCNC(=O)C(Cc2ccccc2)NC(=O)C(CC(=O)c2ccccc2)NC(=O)CNC(=O)CN1,50,ICEBERG_2_1,K2,0.20104201073338784,0.3387708249024153,
MSBNK-MLU-ED070206__ICEBERG_2_1__K3,HQMATMGVGJKSPD,O=C1CCCCCNC(=O)C(Cc2ccccc2)NC(=O)C(CC(=O)c2ccccc2)NC(=O)CNC(=O)CN1,50,ICEBERG_2_1,K3,0.2131513671216656,0.34981968978326305,
MSBNK-MLU-ED070206__GLACIER__K1,HQMATMGVGJKSPD,O=C1CCCCCNC(=O)C(Cc2ccccc2)NC(=O)C(CC(=O)c2ccccc2)NC(=O)CNC(=O)CN1,50,GLACIER,K1,0.2985386917112825,0.3530545446064485,
MSBNK-MLU-ED070206__GLACIER__K2,HQMATMGVGJKSPD,O=C1CCCCCNC(=O)C(Cc2ccccc2)NC(=O)C(CC(=O)c2ccccc2)NC(=O)CNC(=O)CN1,50,GLACIER,K2,0.3425638293415865,0.44293405987096035,
MSBNK-MLU-ED070206__GLACIER__K3,HQMATMGVGJKSPD,O=C1CCCCCNC(=O)C(Cc2ccccc2)NC(=O)C(CC(=O)c2ccccc2)NC(=O)CNC(=O)CN1,50,GLACIER,K3,0.3418752784744379,0.4460442500272046,
MSBNK-MLU-ED070207__ICEBERG_2_1__K1,HQMATMGVGJKSPD,O=C1CCCCCNC(=O)C(Cc2ccccc2)NC(=O)C(CC(=O)c2ccccc2)NC(=O)CNC(=O)CN1,60,ICEBERG_2_1,K1,0.20853639002224292,0.3963567918438805,
MSBNK-MLU-ED070207__ICEBERG_2_1__K2,HQMATMGVGJKSPD,O=C1CCCCCNC(=O)C(Cc2ccccc2)NC(=O)C(CC(=O)c2ccccc2)NC(=O)CNC(=O)CN1,60,ICEBERG_2_1,K2,0.18685515963210708,0.33501178096111295,
MSBNK-MLU-ED070207__ICEBERG_2_1__K3,HQMATMGVGJKSPD,O=C1CCCCCNC(=O)C(Cc2ccccc2)NC(=O)C(CC(=O)c2ccccc2)NC(=O)CNC(=O)CN1,60,ICEBERG_2_1,K3,0.18653526018656663,0.33230376160278996,
MSBNK-MLU-ED070207__GLACIER__K1,HQMATMGVGJKSPD,O=C1CCCCCNC(=O)C(Cc2ccccc2)NC(=O)C(CC(=O)c2ccccc2)NC(=O)CNC(=O)CN1,60,GLACIER,K1,0.40895918475410764,0.48927719763826727,
MSBNK-MLU-ED070207__GLACIER__K2,HQMATMGVGJKSPD,O=C1CCCCCNC(=O)C(Cc2ccccc2)NC(=O)C(CC(=O)c2ccccc2)NC(=O)CNC(=O)CN1,60,GLACIER,K2,0.3089909569724804,0.4469309449114568,
MSBNK-MLU-ED070207__GLACIER__K3,HQMATMGVGJKSPD,O=C1CCCCCNC(=O)C(Cc2ccccc2)NC(=O)C(CC(=O)c2ccccc2)NC(=O)CNC(=O)CN1,60,GLACIER,K3,0.30572458052205537,0.44532082684725804,
MSBNK-MLU-ED090401__ICEBERG_2_1__K1,BDDHCMIGYUBMCI,O=C(CCc1ccccc1)NCC(=O)N1CCCC1C(=O)NCCc1ccccc1,15,ICEBERG_2_1,K1,0.030403256833388265,0.11070790985875523,
MSBNK-MLU-ED090401__ICEBERG_2_1__K2,BDDHCMIGYUBMCI,O=C(CCc1ccccc1)NCC(=O)N1CCCC1C(=O)NCCc1ccccc1,15,ICEBERG_2_1,K2,0.02862651781435517,0.07298110474706243,
MSBNK-MLU-ED090401__ICEBERG_2_1__K3,BDDHCMIGYUBMCI,O=C(CCc1ccccc1)NCC(=O)N1CCCC1C(=O)NCCc1ccccc1,15,ICEBERG_2_1,K3,0.009220310311530342,0.03976897322501627,
MSBNK-MLU-ED090401__GLACIER__K1,BDDHCMIGYUBMCI,O=C(CCc1ccccc1)NCC(=O)N1CCCC1C(=O)NCCc1ccccc1,15,GLACIER,K1,0.04026846799794389,0.09832445201737794,
MSBNK-MLU-ED090401__GLACIER__K2,BDDHCMIGYUBMCI,O=C(CCc1ccccc1)NCC(=O)N1CCCC1C(=O)NCCc1ccccc1,15,GLACIER,K2,0.004932756824615036,0.01733398079536297,
MSBNK-MLU-ED090401__GLACIER__K3,BDDHCMIGYUBMCI,O=C(CCc1ccccc1)NCC(=O)N1CCCC1C(=O)NCCc1ccccc1,15,GLACIER,K3,0.013387606703468212,0.03318355995707245,
MSBNK-MLU-ED090402__ICEBERG_2_1__K1,BDDHCMIGYUBMCI,O=C(CCc1ccccc1)NCC(=O)N1CCCC1C(=O)NCCc1ccccc1,20,ICEBERG_2_1,K1,0.042167726344948156,0.21236055641621399,
MSBNK-MLU-ED090402__ICEBERG_2_1__K2,BDDHCMIGYUBMCI,O=C(CCc1ccccc1)NCC(=O)N1CCCC1C(=O)NCCc1ccccc1,20,ICEBERG_2_1,K2,0.08780809576631166,0.24633118450034508,
MSBNK-MLU-ED090402__ICEBERG_2_1__K3,BDDHCMIGYUBMCI,O=C(CCc1ccccc1)NCC(=O)N1CCCC1C(=O)NCCc1ccccc1,20,ICEBERG_2_1,K3,0.08515373673837032,0.2447050401387052,
MSBNK-MLU-ED090402__GLACIER__K1,BDDHCMIGYUBMCI,O=C(CCc1ccccc1)NCC(=O)N1CCCC1C(=O)NCCc1ccccc1,20,GLACIER,K1,0.04523500010003253,0.17592109796020694,
MSBNK-MLU-ED090402__GLACIER__K2,BDDHCMIGYUBMCI,O=C(CCc1ccccc1)NCC(=O)N1CCCC1C(=O)NCCc1ccccc1,20,GLACIER,K2,0.11580790964404275,0.22208548700635933,
MSBNK-MLU-ED090402__GLACIER__K3,BDDHCMIGYUBMCI,O=C(CCc1ccccc1)NCC(=O)N1CCCC1C(=O)NCCc1ccccc1,20,GLACIER,K3,0.08612550051552702,0.19919202309874184,
MSBNK-MLU-ED090403__ICEBERG_2_1__K1,BDDHCMIGYUBMCI,O=C(CCc1ccccc1)NCC(=O)N1CCCC1C(=O)NCCc1ccccc1,25,ICEBERG_2_1,K1,0.07820814206554479,0.2410403290049229,
MSBNK-MLU-ED090403__ICEBERG_2_1__K2,BDDHCMIGYUBMCI,O=C(CCc1ccccc1)NCC(=O)N1CCCC1C(=O)NCCc1ccccc1,25,ICEBERG_2_1,K2,0.4660355336959738,0.4283480929125124,
MSBNK-MLU-ED090403__ICEBERG_2_1__K3,BDDHCMIGYUBMCI,O=C(CCc1ccccc1)NCC(=O)N1CCCC1C(=O)NCCc1ccccc1,25,ICEBERG_2_1,K3,0.4905818446682995,0.43217534836282945,
MSBNK-MLU-ED090403__GLACIER__K1,BDDHCMIGYUBMCI,O=C(CCc1ccccc1)NCC(=O)N1CCCC1C(=O)NCCc1ccccc1,25,GLACIER,K1,0.4239381154610905,0.3924003064890883,
MSBNK-MLU-ED090403__GLACIER__K2,BDDHCMIGYUBMCI,O=C(CCc1ccccc1)NCC(=O)N1CCCC1C(=O)NCCc1ccccc1,25,GLACIER,K2,0.4462252239829633,0.3925319339388169,
MSBNK-MLU-ED090403__GLACIER__K3,BDDHCMIGYUBMCI,O=C(CCc1ccccc1)NCC(=O)N1CCCC1C(=O)NCCc1ccccc1,25,GLACIER,K3,0.48475671489040517,0.40158517109745195,
MSBNK-MLU-ED090404__ICEBERG_2_1__K1,BDDHCMIGYUBMCI,O=C(CCc1ccccc1)NCC(=O)N1CCCC1C(=O)NCCc1ccccc1,30,ICEBERG_2_1,K1,0.3656078549710897,0.45081423092924544,
MSBNK-MLU-ED090404__ICEBERG_2_1__K2,BDDHCMIGYUBMCI,O=C(CCc1ccccc1)NCC(=O)N1CCCC1C(=O)NCCc1ccccc1,30,ICEBERG_2_1,K2,0.8448101221124121,0.671388060332482,
MSBNK-MLU-ED090404__ICEBERG_2_1__K3,BDDHCMIGYUBMCI,O=C(CCc1ccccc1)NCC(=O)N1CCCC1C(=O)NCCc1ccccc1,30,ICEBERG_2_1,K3,0.8354603622515441,0.6693824100170864,
MSBNK-MLU-ED090404__GLACIER__K1,BDDHCMIGYUBMCI,O=C(CCc1ccccc1)NCC(=O)N1CCCC1C(=O)NCCc1ccccc1,30,GLACIER,K1,0.31548916732509047,0.3290709050090117,
MSBNK-MLU-ED090404__GLACIER__K2,BDDHCMIGYUBMCI,O=C(CCc1ccccc1)NCC(=O)N1CCCC1C(=O)NCCc1ccccc1,30,GLACIER,K2,0.2820511459869744,0.33431995158361105,
MSBNK-MLU-ED090404__GLACIER__K3,BDDHCMIGYUBMCI,O=C(CCc1ccccc1)NCC(=O)N1CCCC1C(=O)NCCc1ccccc1,30,GLACIER,K3,0.29301094250742843,0.3378690717591304,
MSBNK-MLU-ED090405__ICEBERG_2_1__K1,BDDHCMIGYUBMCI,O=C(CCc1ccccc1)NCC(=O)N1CCCC1C(=O)NCCc1ccccc1,40,ICEBERG_2_1,K1,0.7206516132315935,0.644041183235911,
MSBNK-MLU-ED090405__ICEBERG_2_1__K2,BDDHCMIGYUBMCI,O=C(CCc1ccccc1)NCC(=O)N1CCCC1C(=O)NCCc1ccccc1,40,ICEBERG_2_1,K2,0.8249435510654071,0.7340180302307246,
MSBNK-MLU-ED090405__ICEBERG_2_1__K3,BDDHCMIGYUBMCI,O=C(CCc1ccccc1)NCC(=O)N1CCCC1C(=O)NCCc1ccccc1,40,ICEBERG_2_1,K3,0.8305588699407711,0.7386279092567892,
MSBNK-MLU-ED090405__GLACIER__K1,BDDHCMIGYUBMCI,O=C(CCc1ccccc1)NCC(=O)N1CCCC1C(=O)NCCc1ccccc1,40,GLACIER,K1,0.32462992400365037,0.3997488120820333,
MSBNK-MLU-ED090405__GLACIER__K2,BDDHCMIGYUBMCI,O=C(CCc1ccccc1)NCC(=O)N1CCCC1C(=O)NCCc1ccccc1,40,GLACIER,K2,0.5592773279558219,0.5393913553852591,
MSBNK-MLU-ED090405__GLACIER__K3,BDDHCMIGYUBMCI,O=C(CCc1ccccc1)NCC(=O)N1CCCC1C(=O)NCCc1ccccc1,40,GLACIER,K3,0.5568304075748215,0.5370826269279,
MSBNK-MLU-ED090406__ICEBERG_2_1__K1,BDDHCMIGYUBMCI,O=C(CCc1ccccc1)NCC(=O)N1CCCC1C(=O)NCCc1ccccc1,50,ICEBERG_2_1,K1,0.8592157886129447,0.7567593859141741,
MSBNK-MLU-ED090406__ICEBERG_2_1__K2,BDDHCMIGYUBMCI,O=C(CCc1ccccc1)NCC(=O)N1CCCC1C(=O)NCCc1ccccc1,50,ICEBERG_2_1,K2,0.8072798348392528,0.7477423051393386,
MSBNK-MLU-ED090406__ICEBERG_2_1__K3,BDDHCMIGYUBMCI,O=C(CCc1ccccc1)NCC(=O)N1CCCC1C(=O)NCCc1ccccc1,50,ICEBERG_2_1,K3,0.8202186933263014,0.7601524844810148,
MSBNK-MLU-ED090406__GLACIER__K1,BDDHCMIGYUBMCI,O=C(CCc1ccccc1)NCC(=O)N1CCCC1C(=O)NCCc1ccccc1,50,GLACIER,K1,0.309565960358064,0.4535310789981296,
MSBNK-MLU-ED090406__GLACIER__K2,BDDHCMIGYUBMCI,O=C(CCc1ccccc1)NCC(=O)N1CCCC1C(=O)NCCc1ccccc1,50,GLACIER,K2,0.16687059476067032,0.34130455951325855,
MSBNK-MLU-ED090406__GLACIER__K3,BDDHCMIGYUBMCI,O=C(CCc1ccccc1)NCC(=O)N1CCCC1C(=O)NCCc1ccccc1,50,GLACIER,K3,0.1789531963624456,0.35215132959046114,
MSBNK-MLU-ED090407__ICEBERG_2_1__K1,BDDHCMIGYUBMCI,O=C(CCc1ccccc1)NCC(=O)N1CCCC1C(=O)NCCc1ccccc1,60,ICEBERG_2_1,K1,0.8491812465566002,0.7764238190047335,
MSBNK-MLU-ED090407__ICEBERG_2_1__K2,BDDHCMIGYUBMCI,O=C(CCc1ccccc1)NCC(=O)N1CCCC1C(=O)NCCc1ccccc1,60,ICEBERG_2_1,K2,0.8079932458699056,0.7796307774378132,
MSBNK-MLU-ED090407__ICEBERG_2_1__K3,BDDHCMIGYUBMCI,O=C(CCc1ccccc1)NCC(=O)N1CCCC1C(=O)NCCc1ccccc1,60,ICEBERG_2_1,K3,0.7682598206287553,0.7588189186237211,
MSBNK-MLU-ED090407__GLACIER__K1,BDDHCMIGYUBMCI,O=C(CCc1ccccc1)NCC(=O)N1CCCC1C(=O)NCCc1ccccc1,60,GLACIER,K1,0.6177942736059506,0.6543624461371051,
MSBNK-MLU-ED090407__GLACIER__K2,BDDHCMIGYUBMCI,O=C(CCc1ccccc1)NCC(=O)N1CCCC1C(=O)NCCc1ccccc1,60,GLACIER,K2,0.16949683511693264,0.40016957406527043,
MSBNK-MLU-ED090407__GLACIER__K3,BDDHCMIGYUBMCI,O=C(CCc1ccccc1)NCC(=O)N1CCCC1C(=O)NCCc1ccccc1,60,GLACIER,K3,0.17534209912938042,0.4038812448087856,
MSBNK-MLU-ED092401__ICEBERG_2_1__K1,WUXSZVRSSSITPJ,O=C(CCc1ccccc1)NCCC(=O)NC(CCC(=O)NCC(=O)NCCc1ccccc1)Cc1c[nH]c2ccccc12,15,ICEBERG_2_1,K1,0.984136818203174,0.8826973216342007,
MSBNK-MLU-ED092401__ICEBERG_2_1__K2,WUXSZVRSSSITPJ,O=C(CCc1ccccc1)NCCC(=O)NC(CCC(=O)NCC(=O)NCCc1ccccc1)Cc1c[nH]c2ccccc12,15,ICEBERG_2_1,K2,0.875280921015907,0.6221088404408703,
MSBNK-MLU-ED092401__ICEBERG_2_1__K3,WUXSZVRSSSITPJ,O=C(CCc1ccccc1)NCCC(=O)NC(CCC(=O)NCC(=O)NCCc1ccccc1)Cc1c[nH]c2ccccc12,15,ICEBERG_2_1,K3,0.9130589239128659,0.6402964968833798,
MSBNK-MLU-ED092401__GLACIER__K1,WUXSZVRSSSITPJ,O=C(CCc1ccccc1)NCCC(=O)NC(CCC(=O)NCC(=O)NCCc1ccccc1)Cc1c[nH]c2ccccc12,15,GLACIER,K1,0.9999639677850328,0.9910446794743653,
MSBNK-MLU-ED092401__GLACIER__K2,WUXSZVRSSSITPJ,O=C(CCc1ccccc1)NCCC(=O)NC(CCC(=O)NCC(=O)NCCc1ccccc1)Cc1c[nH]c2ccccc12,15,GLACIER,K2,0.907743651301356,0.6794460645242362,
MSBNK-MLU-ED092401__GLACIER__K3,WUXSZVRSSSITPJ,O=C(CCc1ccccc1)NCCC(=O)NC(CCC(=O)NCC(=O)NCCc1ccccc1)Cc1c[nH]c2ccccc12,15,GLACIER,K3,0.9741328082180986,0.8161838742492972,
MSBNK-MLU-ED092402__ICEBERG_2_1__K1,WUXSZVRSSSITPJ,O=C(CCc1ccccc1)NCCC(=O)NC(CCC(=O)NCC(=O)NCCc1ccccc1)Cc1c[nH]c2ccccc12,20,ICEBERG_2_1,K1,0.8813109714192066,0.6758194382483158,
MSBNK-MLU-ED092402__ICEBERG_2_1__K2,WUXSZVRSSSITPJ,O=C(CCc1ccccc1)NCCC(=O)NC(CCC(=O)NCC(=O)NCCc1ccccc1)Cc1c[nH]c2ccccc12,20,ICEBERG_2_1,K2,0.01076717759135241,0.018707761074368334,
MSBNK-MLU-ED092402__ICEBERG_2_1__K3,WUXSZVRSSSITPJ,O=C(CCc1ccccc1)NCCC(=O)NC(CCC(=O)NCC(=O)NCCc1ccccc1)Cc1c[nH]c2ccccc12,20,ICEBERG_2_1,K3,0.005848224392065934,0.01113991864079611,
MSBNK-MLU-ED092402__GLACIER__K1,WUXSZVRSSSITPJ,O=C(CCc1ccccc1)NCCC(=O)NC(CCC(=O)NCC(=O)NCCc1ccccc1)Cc1c[nH]c2ccccc12,20,GLACIER,K1,0.9970767221850527,0.9093156000497976,
MSBNK-MLU-ED092402__GLACIER__K2,WUXSZVRSSSITPJ,O=C(CCc1ccccc1)NCCC(=O)NC(CCC(=O)NCC(=O)NCCc1ccccc1)Cc1c[nH]c2ccccc12,20,GLACIER,K2,0.7012573045445932,0.4669673823982926,
MSBNK-MLU-ED092402__GLACIER__K3,WUXSZVRSSSITPJ,O=C(CCc1ccccc1)NCCC(=O)NC(CCC(=O)NCC(=O)NCCc1ccccc1)Cc1c[nH]c2ccccc12,20,GLACIER,K3,0.5441880340334447,0.3750837913069138,
MSBNK-MLU-ED092403__ICEBERG_2_1__K1,WUXSZVRSSSITPJ,O=C(CCc1ccccc1)NCCC(=O)NC(CCC(=O)NCC(=O)NCCc1ccccc1)Cc1c[nH]c2ccccc12,25,ICEBERG_2_1,K1,0.3321225300069071,0.28073232120220504,
MSBNK-MLU-ED092403__ICEBERG_2_1__K2,WUXSZVRSSSITPJ,O=C(CCc1ccccc1)NCCC(=O)NC(CCC(=O)NCC(=O)NCCc1ccccc1)Cc1c[nH]c2ccccc12,25,ICEBERG_2_1,K2,0.005377548334377254,0.04094251910145319,
MSBNK-MLU-ED092403__ICEBERG_2_1__K3,WUXSZVRSSSITPJ,O=C(CCc1ccccc1)NCCC(=O)NC(CCC(=O)NCC(=O)NCCc1ccccc1)Cc1c[nH]c2ccccc12,25,ICEBERG_2_1,K3,0.006752409127726397,0.04319656152556561,
MSBNK-MLU-ED092403__GLACIER__K1,WUXSZVRSSSITPJ,O=C(CCc1ccccc1)NCCC(=O)NC(CCC(=O)NCC(=O)NCCc1ccccc1)Cc1c[nH]c2ccccc12,25,GLACIER,K1,0.0909859261181847,0.24101678843786745,
MSBNK-MLU-ED092403__GLACIER__K2,WUXSZVRSSSITPJ,O=C(CCc1ccccc1)NCCC(=O)NC(CCC(=O)NCC(=O)NCCc1ccccc1)Cc1c[nH]c2ccccc12,25,GLACIER,K2,0.29317869848654454,0.329837528036117,
MSBNK-MLU-ED092403__GLACIER__K3,WUXSZVRSSSITPJ,O=C(CCc1ccccc1)NCCC(=O)NC(CCC(=O)NCC(=O)NCCc1ccccc1)Cc1c[nH]c2ccccc12,25,GLACIER,K3,0.21594020745773526,0.2930217739484844,
MSBNK-MLU-ED092404__ICEBERG_2_1__K1,WUXSZVRSSSITPJ,O=C(CCc1ccccc1)NCCC(=O)NC(CCC(=O)NCC(=O)NCCc1ccccc1)Cc1c[nH]c2ccccc12,30,ICEBERG_2_1,K1,0.035363639720948664,0.10878899155013244,
MSBNK-MLU-ED092404__ICEBERG_2_1__K2,WUXSZVRSSSITPJ,O=C(CCc1ccccc1)NCCC(=O)NC(CCC(=O)NCC(=O)NCCc1ccccc1)Cc1c[nH]c2ccccc12,30,ICEBERG_2_1,K2,0.10356684084264965,0.14977816267938548,
MSBNK-MLU-ED092404__ICEBERG_2_1__K3,WUXSZVRSSSITPJ,O=C(CCc1ccccc1)NCCC(=O)NC(CCC(=O)NCC(=O)NCCc1ccccc1)Cc1c[nH]c2ccccc12,30,ICEBERG_2_1,K3,0.09950829139879075,0.1512614131030381,
MSBNK-MLU-ED092404__GLACIER__K1,WUXSZVRSSSITPJ,O=C(CCc1ccccc1)NCCC(=O)NC(CCC(=O)NCC(=O)NCCc1ccccc1)Cc1c[nH]c2ccccc12,30,GLACIER,K1,0.46073297053018963,0.3873795977291583,
MSBNK-MLU-ED092404__GLACIER__K2,WUXSZVRSSSITPJ,O=C(CCc1ccccc1)NCCC(=O)NC(CCC(=O)NCC(=O)NCCc1ccccc1)Cc1c[nH]c2ccccc12,30,GLACIER,K2,0.3501511986945779,0.38795391203024976,
MSBNK-MLU-ED092404__GLACIER__K3,WUXSZVRSSSITPJ,O=C(CCc1ccccc1)NCCC(=O)NC(CCC(=O)NCC(=O)NCCc1ccccc1)Cc1c[nH]c2ccccc12,30,GLACIER,K3,0.3414933874341556,0.37340113380300854,
MSBNK-MLU-ED092405__ICEBERG_2_1__K1,WUXSZVRSSSITPJ,O=C(CCc1ccccc1)NCCC(=O)NC(CCC(=O)NCC(=O)NCCc1ccccc1)Cc1c[nH]c2ccccc12,40,ICEBERG_2_1,K1,0.11038977798548637,0.16757339326704235,
MSBNK-MLU-ED092405__ICEBERG_2_1__K2,WUXSZVRSSSITPJ,O=C(CCc1ccccc1)NCCC(=O)NC(CCC(=O)NCC(=O)NCCc1ccccc1)Cc1c[nH]c2ccccc12,40,ICEBERG_2_1,K2,0.426046749777033,0.30474389907179955,
MSBNK-MLU-ED092405__ICEBERG_2_1__K3,WUXSZVRSSSITPJ,O=C(CCc1ccccc1)NCCC(=O)NC(CCC(=O)NCC(=O)NCCc1ccccc1)Cc1c[nH]c2ccccc12,40,ICEBERG_2_1,K3,0.3652740034080382,0.2620418242692716,
MSBNK-MLU-ED092405__GLACIER__K1,WUXSZVRSSSITPJ,O=C(CCc1ccccc1)NCCC(=O)NC(CCC(=O)NCC(=O)NCCc1ccccc1)Cc1c[nH]c2ccccc12,40,GLACIER,K1,0.5854559019015927,0.42709243246465045,
MSBNK-MLU-ED092405__GLACIER__K2,WUXSZVRSSSITPJ,O=C(CCc1ccccc1)NCCC(=O)NC(CCC(=O)NCC(=O)NCCc1ccccc1)Cc1c[nH]c2ccccc12,40,GLACIER,K2,0.6332146484017055,0.48265735401892285,
MSBNK-MLU-ED092405__GLACIER__K3,WUXSZVRSSSITPJ,O=C(CCc1ccccc1)NCCC(=O)NC(CCC(=O)NCC(=O)NCCc1ccccc1)Cc1c[nH]c2ccccc12,40,GLACIER,K3,0.6408926049080516,0.4796784234123833,
MSBNK-MLU-ED092406__ICEBERG_2_1__K1,WUXSZVRSSSITPJ,O=C(CCc1ccccc1)NCCC(=O)NC(CCC(=O)NCC(=O)NCCc1ccccc1)Cc1c[nH]c2ccccc12,50,ICEBERG_2_1,K1,0.3032455684108001,0.30553736069057025,
MSBNK-MLU-ED092406__ICEBERG_2_1__K2,WUXSZVRSSSITPJ,O=C(CCc1ccccc1)NCCC(=O)NC(CCC(=O)NCC(=O)NCCc1ccccc1)Cc1c[nH]c2ccccc12,50,ICEBERG_2_1,K2,0.3530155989127053,0.33700836916559074,
MSBNK-MLU-ED092406__ICEBERG_2_1__K3,WUXSZVRSSSITPJ,O=C(CCc1ccccc1)NCCC(=O)NC(CCC(=O)NCC(=O)NCCc1ccccc1)Cc1c[nH]c2ccccc12,50,ICEBERG_2_1,K3,0.3573719397189464,0.34644155703949886,
MSBNK-MLU-ED092406__GLACIER__K1,WUXSZVRSSSITPJ,O=C(CCc1ccccc1)NCCC(=O)NC(CCC(=O)NCC(=O)NCCc1ccccc1)Cc1c[nH]c2ccccc12,50,GLACIER,K1,0.8072265432619764,0.5877449016841803,
MSBNK-MLU-ED092406__GLACIER__K2,WUXSZVRSSSITPJ,O=C(CCc1ccccc1)NCCC(=O)NC(CCC(=O)NCC(=O)NCCc1ccccc1)Cc1c[nH]c2ccccc12,50,GLACIER,K2,0.6960540924527772,0.5535094638813115,
MSBNK-MLU-ED092406__GLACIER__K3,WUXSZVRSSSITPJ,O=C(CCc1ccccc1)NCCC(=O)NC(CCC(=O)NCC(=O)NCCc1ccccc1)Cc1c[nH]c2ccccc12,50,GLACIER,K3,0.7167325643712414,0.5539322974186568,
MSBNK-MLU-ED092407__ICEBERG_2_1__K1,WUXSZVRSSSITPJ,O=C(CCc1ccccc1)NCCC(=O)NC(CCC(=O)NCC(=O)NCCc1ccccc1)Cc1c[nH]c2ccccc12,60,ICEBERG_2_1,K1,0.3601027979887343,0.3525981662963803,
MSBNK-MLU-ED092407__ICEBERG_2_1__K2,WUXSZVRSSSITPJ,O=C(CCc1ccccc1)NCCC(=O)NC(CCC(=O)NCC(=O)NCCc1ccccc1)Cc1c[nH]c2ccccc12,60,ICEBERG_2_1,K2,0.5131193143799874,0.4122531964415197,
MSBNK-MLU-ED092407__ICEBERG_2_1__K3,WUXSZVRSSSITPJ,O=C(CCc1ccccc1)NCCC(=O)NC(CCC(=O)NCC(=O)NCCc1ccccc1)Cc1c[nH]c2ccccc12,60,ICEBERG_2_1,K3,0.41739518197586345,0.36627928600802184,
MSBNK-MLU-ED092407__GLACIER__K1,WUXSZVRSSSITPJ,O=C(CCc1ccccc1)NCCC(=O)NC(CCC(=O)NCC(=O)NCCc1ccccc1)Cc1c[nH]c2ccccc12,60,GLACIER,K1,0.7174862760045083,0.607936111758773,
MSBNK-MLU-ED092407__GLACIER__K2,WUXSZVRSSSITPJ,O=C(CCc1ccccc1)NCCC(=O)NC(CCC(=O)NCC(=O)NCCc1ccccc1)Cc1c[nH]c2ccccc12,60,GLACIER,K2,0.4728020258151211,0.43504100849922944,
MSBNK-MLU-ED092407__GLACIER__K3,WUXSZVRSSSITPJ,O=C(CCc1ccccc1)NCCC(=O)NC(CCC(=O)NCC(=O)NCCc1ccccc1)Cc1c[nH]c2ccccc12,60,GLACIER,K3,0.48223933072833874,0.43631946998517923,
MSBNK-MLU-ED110401__ICEBERG_2_1__K1,PSNOPSMXOBPNNV,O=C1C=CCC(CC2OC2c2ccccc2)OC(=O)COC(=O)CCNC(=O)C(Cc2ccccc2)N1,15,ICEBERG_2_1,K1,0.3873624511441653,0.35195426446235845,
MSBNK-MLU-ED110401__ICEBERG_2_1__K2,PSNOPSMXOBPNNV,O=C1C=CCC(CC2OC2c2ccccc2)OC(=O)COC(=O)CCNC(=O)C(Cc2ccccc2)N1,15,ICEBERG_2_1,K2,0.1921325092506673,0.28832932637547404,
MSBNK-MLU-ED110401__ICEBERG_2_1__K3,PSNOPSMXOBPNNV,O=C1C=CCC(CC2OC2c2ccccc2)OC(=O)COC(=O)CCNC(=O)C(Cc2ccccc2)N1,15,ICEBERG_2_1,K3,0.3361390034018632,0.38121588886380997,
MSBNK-MLU-ED110401__GLACIER__K1,PSNOPSMXOBPNNV,O=C1C=CCC(CC2OC2c2ccccc2)OC(=O)COC(=O)CCNC(=O)C(Cc2ccccc2)N1,15,GLACIER,K1,0.30490474036620596,0.36061912150824327,
MSBNK-MLU-ED110401__GLACIER__K2,PSNOPSMXOBPNNV,O=C1C=CCC(CC2OC2c2ccccc2)OC(=O)COC(=O)CCNC(=O)C(Cc2ccccc2)N1,15,GLACIER,K2,0.0653718322208736,0.139264405742772,
MSBNK-MLU-ED110401__GLACIER__K3,PSNOPSMXOBPNNV,O=C1C=CCC(CC2OC2c2ccccc2)OC(=O)COC(=O)CCNC(=O)C(Cc2ccccc2)N1,15,GLACIER,K3,0.06626621948582487,0.13734805609554612,
MSBNK-MLU-ED110402__ICEBERG_2_1__K1,PSNOPSMXOBPNNV,O=C1C=CCC(CC2OC2c2ccccc2)OC(=O)COC(=O)CCNC(=O)C(Cc2ccccc2)N1,20,ICEBERG_2_1,K1,0.18396925007316625,0.3173179087283029,
MSBNK-MLU-ED110402__ICEBERG_2_1__K2,PSNOPSMXOBPNNV,O=C1C=CCC(CC2OC2c2ccccc2)OC(=O)COC(=O)CCNC(=O)C(Cc2ccccc2)N1,20,ICEBERG_2_1,K2,0.09842910230082874,0.21387423924293303,
MSBNK-MLU-ED110402__ICEBERG_2_1__K3,PSNOPSMXOBPNNV,O=C1C=CCC(CC2OC2c2ccccc2)OC(=O)COC(=O)CCNC(=O)C(Cc2ccccc2)N1,20,ICEBERG_2_1,K3,0.10684068068316742,0.22053693982228373,
MSBNK-MLU-ED110402__GLACIER__K1,PSNOPSMXOBPNNV,O=C1C=CCC(CC2OC2c2ccccc2)OC(=O)COC(=O)CCNC(=O)C(Cc2ccccc2)N1,20,GLACIER,K1,0.20802588109178272,0.2540999113196436,
MSBNK-MLU-ED110402__GLACIER__K2,PSNOPSMXOBPNNV,O=C1C=CCC(CC2OC2c2ccccc2)OC(=O)COC(=O)CCNC(=O)C(Cc2ccccc2)N1,20,GLACIER,K2,0.11401125770976848,0.1923745318915976,
MSBNK-MLU-ED110402__GLACIER__K3,PSNOPSMXOBPNNV,O=C1C=CCC(CC2OC2c2ccccc2)OC(=O)COC(=O)CCNC(=O)C(Cc2ccccc2)N1,20,GLACIER,K3,0.123595420422466,0.20472036841699937,
MSBNK-MLU-ED110403__ICEBERG_2_1__K1,PSNOPSMXOBPNNV,O=C1C=CCC(CC2OC2c2ccccc2)OC(=O)COC(=O)CCNC(=O)C(Cc2ccccc2)N1,25,ICEBERG_2_1,K1,0.22022058132890726,0.28361783385210315,
MSBNK-MLU-ED110403__ICEBERG_2_1__K2,PSNOPSMXOBPNNV,O=C1C=CCC(CC2OC2c2ccccc2)OC(=O)COC(=O)CCNC(=O)C(Cc2ccccc2)N1,25,ICEBERG_2_1,K2,0.19930986245112722,0.26364258941115437,
MSBNK-MLU-ED110403__ICEBERG_2_1__K3,PSNOPSMXOBPNNV,O=C1C=CCC(CC2OC2c2ccccc2)OC(=O)COC(=O)CCNC(=O)C(Cc2ccccc2)N1,25,ICEBERG_2_1,K3,0.15445707800424988,0.24184373622497657,
MSBNK-MLU-ED110403__GLACIER__K1,PSNOPSMXOBPNNV,O=C1C=CCC(CC2OC2c2ccccc2)OC(=O)COC(=O)CCNC(=O)C(Cc2ccccc2)N1,25,GLACIER,K1,0.10823901152762523,0.1705611000956131,
MSBNK-MLU-ED110403__GLACIER__K2,PSNOPSMXOBPNNV,O=C1C=CCC(CC2OC2c2ccccc2)OC(=O)COC(=O)CCNC(=O)C(Cc2ccccc2)N1,25,GLACIER,K2,0.2756765372798804,0.26398636493556404,
MSBNK-MLU-ED110403__GLACIER__K3,PSNOPSMXOBPNNV,O=C1C=CCC(CC2OC2c2ccccc2)OC(=O)COC(=O)CCNC(=O)C(Cc2ccccc2)N1,25,GLACIER,K3,0.2737383872390994,0.2579219095163735,
MSBNK-MLU-ED110404__ICEBERG_2_1__K1,PSNOPSMXOBPNNV,O=C1C=CCC(CC2OC2c2ccccc2)OC(=O)COC(=O)CCNC(=O)C(Cc2ccccc2)N1,30,ICEBERG_2_1,K1,0.15010699165068833,0.3005591602715896,
MSBNK-MLU-ED110404__ICEBERG_2_1__K2,PSNOPSMXOBPNNV,O=C1C=CCC(CC2OC2c2ccccc2)OC(=O)COC(=O)CCNC(=O)C(Cc2ccccc2)N1,30,ICEBERG_2_1,K2,0.15018540665550895,0.2645196854072305,
MSBNK-MLU-ED110404__ICEBERG_2_1__K3,PSNOPSMXOBPNNV,O=C1C=CCC(CC2OC2c2ccccc2)OC(=O)COC(=O)CCNC(=O)C(Cc2ccccc2)N1,30,ICEBERG_2_1,K3,0.13965437242490233,0.245347783110908,
MSBNK-MLU-ED110404__GLACIER__K1,PSNOPSMXOBPNNV,O=C1C=CCC(CC2OC2c2ccccc2)OC(=O)COC(=O)CCNC(=O)C(Cc2ccccc2)N1,30,GLACIER,K1,0.27941289522678614,0.3326485248350368,
MSBNK-MLU-ED110404__GLACIER__K2,PSNOPSMXOBPNNV,O=C1C=CCC(CC2OC2c2ccccc2)OC(=O)COC(=O)CCNC(=O)C(Cc2ccccc2)N1,30,GLACIER,K2,0.2706985840699838,0.27072248945986854,
MSBNK-MLU-ED110404__GLACIER__K3,PSNOPSMXOBPNNV,O=C1C=CCC(CC2OC2c2ccccc2)OC(=O)COC(=O)CCNC(=O)C(Cc2ccccc2)N1,30,GLACIER,K3,0.26947528668296056,0.2678423775320765,
MSBNK-MLU-ED110405__ICEBERG_2_1__K1,PSNOPSMXOBPNNV,O=C1C=CCC(CC2OC2c2ccccc2)OC(=O)COC(=O)CCNC(=O)C(Cc2ccccc2)N1,40,ICEBERG_2_1,K1,0.15443388471696182,0.2920482704220736,
MSBNK-MLU-ED110405__ICEBERG_2_1__K2,PSNOPSMXOBPNNV,O=C1C=CCC(CC2OC2c2ccccc2)OC(=O)COC(=O)CCNC(=O)C(Cc2ccccc2)N1,40,ICEBERG_2_1,K2,0.17292741563850542,0.28344996308435755,
MSBNK-MLU-ED110405__ICEBERG_2_1__K3,PSNOPSMXOBPNNV,O=C1C=CCC(CC2OC2c2ccccc2)OC(=O)COC(=O)CCNC(=O)C(Cc2ccccc2)N1,40,ICEBERG_2_1,K3,0.17556264843154834,0.2870144378578795,
MSBNK-MLU-ED110405__GLACIER__K1,PSNOPSMXOBPNNV,O=C1C=CCC(CC2OC2c2ccccc2)OC(=O)COC(=O)CCNC(=O)C(Cc2ccccc2)N1,40,GLACIER,K1,0.19635441138957455,0.30391924621559974,
MSBNK-MLU-ED110405__GLACIER__K2,PSNOPSMXOBPNNV,O=C1C=CCC(CC2OC2c2ccccc2)OC(=O)COC(=O)CCNC(=O)C(Cc2ccccc2)N1,40,GLACIER,K2,0.24420511464523398,0.3362130321774749,
MSBNK-MLU-ED110405__GLACIER__K3,PSNOPSMXOBPNNV,O=C1C=CCC(CC2OC2c2ccccc2)OC(=O)COC(=O)CCNC(=O)C(Cc2ccccc2)N1,40,GLACIER,K3,0.2352609588288329,0.3260767222120864,
MSBNK-MLU-ED110406__ICEBERG_2_1__K1,PSNOPSMXOBPNNV,O=C1C=CCC(CC2OC2c2ccccc2)OC(=O)COC(=O)CCNC(=O)C(Cc2ccccc2)N1,50,ICEBERG_2_1,K1,0.11192520074985367,0.2497746446544562,
MSBNK-MLU-ED110406__ICEBERG_2_1__K2,PSNOPSMXOBPNNV,O=C1C=CCC(CC2OC2c2ccccc2)OC(=O)COC(=O)CCNC(=O)C(Cc2ccccc2)N1,50,ICEBERG_2_1,K2,0.22151481392486697,0.4021807932191285,
MSBNK-MLU-ED110406__ICEBERG_2_1__K3,PSNOPSMXOBPNNV,O=C1C=CCC(CC2OC2c2ccccc2)OC(=O)COC(=O)CCNC(=O)C(Cc2ccccc2)N1,50,ICEBERG_2_1,K3,0.20652666290131919,0.38339407921980573,
MSBNK-MLU-ED110406__GLACIER__K1,PSNOPSMXOBPNNV,O=C1C=CCC(CC2OC2c2ccccc2)OC(=O)COC(=O)CCNC(=O)C(Cc2ccccc2)N1,50,GLACIER,K1,0.1381841406066211,0.2629404696250047,
MSBNK-MLU-ED110406__GLACIER__K2,PSNOPSMXOBPNNV,O=C1C=CCC(CC2OC2c2ccccc2)OC(=O)COC(=O)CCNC(=O)C(Cc2ccccc2)N1,50,GLACIER,K2,0.3552944707151491,0.46526895110348276,
MSBNK-MLU-ED110406__GLACIER__K3,PSNOPSMXOBPNNV,O=C1C=CCC(CC2OC2c2ccccc2)OC(=O)COC(=O)CCNC(=O)C(Cc2ccccc2)N1,50,GLACIER,K3,0.37205713314782646,0.48865886915002876,
MSBNK-MLU-ED110407__ICEBERG_2_1__K1,PSNOPSMXOBPNNV,O=C1C=CCC(CC2OC2c2ccccc2)OC(=O)COC(=O)CCNC(=O)C(Cc2ccccc2)N1,60,ICEBERG_2_1,K1,0.08741838290737997,0.28203429319923634,
MSBNK-MLU-ED110407__ICEBERG_2_1__K2,PSNOPSMXOBPNNV,O=C1C=CCC(CC2OC2c2ccccc2)OC(=O)COC(=O)CCNC(=O)C(Cc2ccccc2)N1,60,ICEBERG_2_1,K2,0.19924715805489118,0.36436036204623923,
MSBNK-MLU-ED110407__ICEBERG_2_1__K3,PSNOPSMXOBPNNV,O=C1C=CCC(CC2OC2c2ccccc2)OC(=O)COC(=O)CCNC(=O)C(Cc2ccccc2)N1,60,ICEBERG_2_1,K3,0.2364473980700772,0.39934466143748326,
MSBNK-MLU-ED110407__GLACIER__K1,PSNOPSMXOBPNNV,O=C1C=CCC(CC2OC2c2ccccc2)OC(=O)COC(=O)CCNC(=O)C(Cc2ccccc2)N1,60,GLACIER,K1,0.20660332952334706,0.3802130458902333,
MSBNK-MLU-ED110407__GLACIER__K2,PSNOPSMXOBPNNV,O=C1C=CCC(CC2OC2c2ccccc2)OC(=O)COC(=O)CCNC(=O)C(Cc2ccccc2)N1,60,GLACIER,K2,0.5180195510555294,0.5112788658872107,
MSBNK-MLU-ED110407__GLACIER__K3,PSNOPSMXOBPNNV,O=C1C=CCC(CC2OC2c2ccccc2)OC(=O)COC(=O)CCNC(=O)C(Cc2ccccc2)N1,60,GLACIER,K3,0.4252322556132158,0.47230063578507797,
MSBNK-MLU-ED234001__ICEBERG_2_1__K1,CHDGJSXGBVKFIF,O=C1CN2CCCC(NC(=O)CNC(=O)C3NCCC3OC(=O)CNC(=O)C(Cc3ccccc3)N1)C2=O,15,ICEBERG_2_1,K1,0.14611098968001263,0.23876256444168753,
MSBNK-MLU-ED234001__ICEBERG_2_1__K2,CHDGJSXGBVKFIF,O=C1CN2CCCC(NC(=O)CNC(=O)C3NCCC3OC(=O)CNC(=O)C(Cc3ccccc3)N1)C2=O,15,ICEBERG_2_1,K2,0.005982892559986658,0.037911415787691416,
MSBNK-MLU-ED234001__ICEBERG_2_1__K3,CHDGJSXGBVKFIF,O=C1CN2CCCC(NC(=O)CNC(=O)C3NCCC3OC(=O)CNC(=O)C(Cc3ccccc3)N1)C2=O,15,ICEBERG_2_1,K3,0.006955296940840369,0.040213215490924825,
MSBNK-MLU-ED234001__GLACIER__K1,CHDGJSXGBVKFIF,O=C1CN2CCCC(NC(=O)CNC(=O)C3NCCC3OC(=O)CNC(=O)C(Cc3ccccc3)N1)C2=O,15,GLACIER,K1,0.00432294991811829,0.036524659998661835,
MSBNK-MLU-ED234001__GLACIER__K2,CHDGJSXGBVKFIF,O=C1CN2CCCC(NC(=O)CNC(=O)C3NCCC3OC(=O)CNC(=O)C(Cc3ccccc3)N1)C2=O,15,GLACIER,K2,0.008909545208614467,0.056679661977513285,
MSBNK-MLU-ED234001__GLACIER__K3,CHDGJSXGBVKFIF,O=C1CN2CCCC(NC(=O)CNC(=O)C3NCCC3OC(=O)CNC(=O)C(Cc3ccccc3)N1)C2=O,15,GLACIER,K3,0.010600035342219568,0.06184342112580521,
MSBNK-MLU-ED234002__ICEBERG_2_1__K1,CHDGJSXGBVKFIF,O=C1CN2CCCC(NC(=O)CNC(=O)C3NCCC3OC(=O)CNC(=O)C(Cc3ccccc3)N1)C2=O,20,ICEBERG_2_1,K1,0.0874778126564392,0.18305489781643336,
MSBNK-MLU-ED234002__ICEBERG_2_1__K2,CHDGJSXGBVKFIF,O=C1CN2CCCC(NC(=O)CNC(=O)C3NCCC3OC(=O)CNC(=O)C(Cc3ccccc3)N1)C2=O,20,ICEBERG_2_1,K2,0.004776367231566285,0.04034103061187866,
MSBNK-MLU-ED234002__ICEBERG_2_1__K3,CHDGJSXGBVKFIF,O=C1CN2CCCC(NC(=O)CNC(=O)C3NCCC3OC(=O)CNC(=O)C(Cc3ccccc3)N1)C2=O,20,ICEBERG_2_1,K3,0.005301634183912771,0.04598219098697398,
MSBNK-MLU-ED234002__GLACIER__K1,CHDGJSXGBVKFIF,O=C1CN2CCCC(NC(=O)CNC(=O)C3NCCC3OC(=O)CNC(=O)C(Cc3ccccc3)N1)C2=O,20,GLACIER,K1,0.057509638593920095,0.12610000664705023,
MSBNK-MLU-ED234002__GLACIER__K2,CHDGJSXGBVKFIF,O=C1CN2CCCC(NC(=O)CNC(=O)C3NCCC3OC(=O)CNC(=O)C(Cc3ccccc3)N1)C2=O,20,GLACIER,K2,0.0013440444083210727,0.02286266797578862,
MSBNK-MLU-ED234002__GLACIER__K3,CHDGJSXGBVKFIF,O=C1CN2CCCC(NC(=O)CNC(=O)C3NCCC3OC(=O)CNC(=O)C(Cc3ccccc3)N1)C2=O,20,GLACIER,K3,0.002697632594250466,0.022645639539923046,
MSBNK-MLU-ED234003__ICEBERG_2_1__K1,CHDGJSXGBVKFIF,O=C1CN2CCCC(NC(=O)CNC(=O)C3NCCC3OC(=O)CNC(=O)C(Cc3ccccc3)N1)C2=O,25,ICEBERG_2_1,K1,0.023795891107333173,0.08531427407265768,
MSBNK-MLU-ED234003__ICEBERG_2_1__K2,CHDGJSXGBVKFIF,O=C1CN2CCCC(NC(=O)CNC(=O)C3NCCC3OC(=O)CNC(=O)C(Cc3ccccc3)N1)C2=O,25,ICEBERG_2_1,K2,0.167342263909363,0.17664937651533197,
MSBNK-MLU-ED234003__ICEBERG_2_1__K3,CHDGJSXGBVKFIF,O=C1CN2CCCC(NC(=O)CNC(=O)C3NCCC3OC(=O)CNC(=O)C(Cc3ccccc3)N1)C2=O,25,ICEBERG_2_1,K3,0.0028606771487839325,0.032814150092133065,
MSBNK-MLU-ED234003__GLACIER__K1,CHDGJSXGBVKFIF,O=C1CN2CCCC(NC(=O)CNC(=O)C3NCCC3OC(=O)CNC(=O)C(Cc3ccccc3)N1)C2=O,25,GLACIER,K1,0.07206186059800385,0.15750418154318213,
MSBNK-MLU-ED234003__GLACIER__K2,CHDGJSXGBVKFIF,O=C1CN2CCCC(NC(=O)CNC(=O)C3NCCC3OC(=O)CNC(=O)C(Cc3ccccc3)N1)C2=O,25,GLACIER,K2,0.17151834770815727,0.1795979305769725,
MSBNK-MLU-ED234003__GLACIER__K3,CHDGJSXGBVKFIF,O=C1CN2CCCC(NC(=O)CNC(=O)C3NCCC3OC(=O)CNC(=O)C(Cc3ccccc3)N1)C2=O,25,GLACIER,K3,0.17150818576798765,0.17918733930408626,
MSBNK-MLU-ED234004__ICEBERG_2_1__K1,CHDGJSXGBVKFIF,O=C1CN2CCCC(NC(=O)CNC(=O)C3NCCC3OC(=O)CNC(=O)C(Cc3ccccc3)N1)C2=O,30,ICEBERG_2_1,K1,0.08100127378733774,0.12762681187301528,
MSBNK-MLU-ED234004__ICEBERG_2_1__K2,CHDGJSXGBVKFIF,O=C1CN2CCCC(NC(=O)CNC(=O)C3NCCC3OC(=O)CNC(=O)C(Cc3ccccc3)N1)C2=O,30,ICEBERG_2_1,K2,0.033757097629358496,0.06805409638899362,
MSBNK-MLU-ED234004__ICEBERG_2_1__K3,CHDGJSXGBVKFIF,O=C1CN2CCCC(NC(=O)CNC(=O)C3NCCC3OC(=O)CNC(=O)C(Cc3ccccc3)N1)C2=O,30,ICEBERG_2_1,K3,0.01787024431388398,0.03563679130141495,
MSBNK-MLU-ED234004__GLACIER__K1,CHDGJSXGBVKFIF,O=C1CN2CCCC(NC(=O)CNC(=O)C3NCCC3OC(=O)CNC(=O)C(Cc3ccccc3)N1)C2=O,30,GLACIER,K1,0.5140310157070034,0.3744182915885975,
MSBNK-MLU-ED234004__GLACIER__K2,CHDGJSXGBVKFIF,O=C1CN2CCCC(NC(=O)CNC(=O)C3NCCC3OC(=O)CNC(=O)C(Cc3ccccc3)N1)C2=O,30,GLACIER,K2,0.5110940832644026,0.34356406491047575,
MSBNK-MLU-ED234004__GLACIER__K3,CHDGJSXGBVKFIF,O=C1CN2CCCC(NC(=O)CNC(=O)C3NCCC3OC(=O)CNC(=O)C(Cc3ccccc3)N1)C2=O,30,GLACIER,K3,0.5110450372821057,0.34230424125299974,
MSBNK-MLU-ED234005__ICEBERG_2_1__K1,CHDGJSXGBVKFIF,O=C1CN2CCCC(NC(=O)CNC(=O)C3NCCC3OC(=O)CNC(=O)C(Cc3ccccc3)N1)C2=O,40,ICEBERG_2_1,K1,0.13473150659495012,0.2170001169600253,
MSBNK-MLU-ED234005__ICEBERG_2_1__K2,CHDGJSXGBVKFIF,O=C1CN2CCCC(NC(=O)CNC(=O)C3NCCC3OC(=O)CNC(=O)C(Cc3ccccc3)N1)C2=O,40,ICEBERG_2_1,K2,0.6429514673545369,0.41546081763850784,
MSBNK-MLU-ED234005__ICEBERG_2_1__K3,CHDGJSXGBVKFIF,O=C1CN2CCCC(NC(=O)CNC(=O)C3NCCC3OC(=O)CNC(=O)C(Cc3ccccc3)N1)C2=O,40,ICEBERG_2_1,K3,0.031200921928389365,0.09654584450822268,
MSBNK-MLU-ED234005__GLACIER__K1,CHDGJSXGBVKFIF,O=C1CN2CCCC(NC(=O)CNC(=O)C3NCCC3OC(=O)CNC(=O)C(Cc3ccccc3)N1)C2=O,40,GLACIER,K1,0.868490981270719,0.5621884513797732,
MSBNK-MLU-ED234005__GLACIER__K2,CHDGJSXGBVKFIF,O=C1CN2CCCC(NC(=O)CNC(=O)C3NCCC3OC(=O)CNC(=O)C(Cc3ccccc3)N1)C2=O,40,GLACIER,K2,0.7717224945613084,0.506135891224052,
MSBNK-MLU-ED234005__GLACIER__K3,CHDGJSXGBVKFIF,O=C1CN2CCCC(NC(=O)CNC(=O)C3NCCC3OC(=O)CNC(=O)C(Cc3ccccc3)N1)C2=O,40,GLACIER,K3,0.7678109629803076,0.49997920480206115,
MSBNK-MLU-ED234006__ICEBERG_2_1__K1,CHDGJSXGBVKFIF,O=C1CN2CCCC(NC(=O)CNC(=O)C3NCCC3OC(=O)CNC(=O)C(Cc3ccccc3)N1)C2=O,50,ICEBERG_2_1,K1,0.8414941182602386,0.5626121498113636,
MSBNK-MLU-ED234006__ICEBERG_2_1__K2,CHDGJSXGBVKFIF,O=C1CN2CCCC(NC(=O)CNC(=O)C3NCCC3OC(=O)CNC(=O)C(Cc3ccccc3)N1)C2=O,50,ICEBERG_2_1,K2,0.05002809709044857,0.14971369922011857,
MSBNK-MLU-ED234006__ICEBERG_2_1__K3,CHDGJSXGBVKFIF,O=C1CN2CCCC(NC(=O)CNC(=O)C3NCCC3OC(=O)CNC(=O)C(Cc3ccccc3)N1)C2=O,50,ICEBERG_2_1,K3,0.04945517301181531,0.14773438007595385,
MSBNK-MLU-ED234006__GLACIER__K1,CHDGJSXGBVKFIF,O=C1CN2CCCC(NC(=O)CNC(=O)C3NCCC3OC(=O)CNC(=O)C(Cc3ccccc3)N1)C2=O,50,GLACIER,K1,0.865373890511489,0.5869520180731131,
MSBNK-MLU-ED234006__GLACIER__K2,CHDGJSXGBVKFIF,O=C1CN2CCCC(NC(=O)CNC(=O)C3NCCC3OC(=O)CNC(=O)C(Cc3ccccc3)N1)C2=O,50,GLACIER,K2,0.2799222584048623,0.38321636504837775,
MSBNK-MLU-ED234006__GLACIER__K3,CHDGJSXGBVKFIF,O=C1CN2CCCC(NC(=O)CNC(=O)C3NCCC3OC(=O)CNC(=O)C(Cc3ccccc3)N1)C2=O,50,GLACIER,K3,0.28030983962593725,0.3840238587901673,
MSBNK-MLU-ED234007__ICEBERG_2_1__K1,CHDGJSXGBVKFIF,O=C1CN2CCCC(NC(=O)CNC(=O)C3NCCC3OC(=O)CNC(=O)C(Cc3ccccc3)N1)C2=O,60,ICEBERG_2_1,K1,0.4180707904574682,0.43151355786976286,
MSBNK-MLU-ED234007__ICEBERG_2_1__K2,CHDGJSXGBVKFIF,O=C1CN2CCCC(NC(=O)CNC(=O)C3NCCC3OC(=O)CNC(=O)C(Cc3ccccc3)N1)C2=O,60,ICEBERG_2_1,K2,0.07747492224825166,0.17482923361281988,
MSBNK-MLU-ED234007__ICEBERG_2_1__K3,CHDGJSXGBVKFIF,O=C1CN2CCCC(NC(=O)CNC(=O)C3NCCC3OC(=O)CNC(=O)C(Cc3ccccc3)N1)C2=O,60,ICEBERG_2_1,K3,0.07415835841607182,0.16007621770126967,
MSBNK-MLU-ED234007__GLACIER__K1,CHDGJSXGBVKFIF,O=C1CN2CCCC(NC(=O)CNC(=O)C3NCCC3OC(=O)CNC(=O)C(Cc3ccccc3)N1)C2=O,60,GLACIER,K1,0.7568276944262439,0.49236477846042537,
MSBNK-MLU-ED234007__GLACIER__K2,CHDGJSXGBVKFIF,O=C1CN2CCCC(NC(=O)CNC(=O)C3NCCC3OC(=O)CNC(=O)C(Cc3ccccc3)N1)C2=O,60,GLACIER,K2,0.09639757204769939,0.16706797039660293,
MSBNK-MLU-ED234007__GLACIER__K3,CHDGJSXGBVKFIF,O=C1CN2CCCC(NC(=O)CNC(=O)C3NCCC3OC(=O)CNC(=O)C(Cc3ccccc3)N1)C2=O,60,GLACIER,K3,0.0964629648110153,0.16991011771494235,
MSBNK-MLU-ED234301__ICEBERG_2_1__K1,FWWSPBIYNIQGJB,O=C1CN2CCCC(NC(=O)C(CCc3ccccc3)NC(=O)C(NC(=O)CNC(=O)C3CCCN3)COC(=O)CNC(=O)C(Cc3ccccc3)N1)C2=O,15,ICEBERG_2_1,K1,0.0020658195823584917,0.017231015001965333,
MSBNK-MLU-ED234301__ICEBERG_2_1__K2,FWWSPBIYNIQGJB,O=C1CN2CCCC(NC(=O)C(CCc3ccccc3)NC(=O)C(NC(=O)CNC(=O)C3CCCN3)COC(=O)CNC(=O)C(Cc3ccccc3)N1)C2=O,15,ICEBERG_2_1,K2,0.0004315363014621657,0.008663903071633894,
MSBNK-MLU-ED234301__ICEBERG_2_1__K3,FWWSPBIYNIQGJB,O=C1CN2CCCC(NC(=O)C(CCc3ccccc3)NC(=O)C(NC(=O)CNC(=O)C3CCCN3)COC(=O)CNC(=O)C(Cc3ccccc3)N1)C2=O,15,ICEBERG_2_1,K3,0.0005742712225418224,0.009691790234373832,
MSBNK-MLU-ED234301__GLACIER__K1,FWWSPBIYNIQGJB,O=C1CN2CCCC(NC(=O)C(CCc3ccccc3)NC(=O)C(NC(=O)CNC(=O)C3CCCN3)COC(=O)CNC(=O)C(Cc3ccccc3)N1)C2=O,15,GLACIER,K1,0.000416809711168726,0.004908126699121329,
MSBNK-MLU-ED234301__GLACIER__K2,FWWSPBIYNIQGJB,O=C1CN2CCCC(NC(=O)C(CCc3ccccc3)NC(=O)C(NC(=O)CNC(=O)C3CCCN3)COC(=O)CNC(=O)C(Cc3ccccc3)N1)C2=O,15,GLACIER,K2,0.0011771297347687947,0.015550410502350842,
MSBNK-MLU-ED234301__GLACIER__K3,FWWSPBIYNIQGJB,O=C1CN2CCCC(NC(=O)C(CCc3ccccc3)NC(=O)C(NC(=O)CNC(=O)C3CCCN3)COC(=O)CNC(=O)C(Cc3ccccc3)N1)C2=O,15,GLACIER,K3,0.003619073950257513,0.030265466857985923,
MSBNK-MLU-ED234302__ICEBERG_2_1__K1,FWWSPBIYNIQGJB,O=C1CN2CCCC(NC(=O)C(CCc3ccccc3)NC(=O)C(NC(=O)CNC(=O)C3CCCN3)COC(=O)CNC(=O)C(Cc3ccccc3)N1)C2=O,20,ICEBERG_2_1,K1,0.018377619015365273,0.054171155881980404,
MSBNK-MLU-ED234302__ICEBERG_2_1__K2,FWWSPBIYNIQGJB,O=C1CN2CCCC(NC(=O)C(CCc3ccccc3)NC(=O)C(NC(=O)CNC(=O)C3CCCN3)COC(=O)CNC(=O)C(Cc3ccccc3)N1)C2=O,20,ICEBERG_2_1,K2,0.018945987008007873,0.04728885392533266,
MSBNK-MLU-ED234302__ICEBERG_2_1__K3,FWWSPBIYNIQGJB,O=C1CN2CCCC(NC(=O)C(CCc3ccccc3)NC(=O)C(NC(=O)CNC(=O)C3CCCN3)COC(=O)CNC(=O)C(Cc3ccccc3)N1)C2=O,20,ICEBERG_2_1,K3,0.01505747377539357,0.0530422579928711,
MSBNK-MLU-ED234302__GLACIER__K1,FWWSPBIYNIQGJB,O=C1CN2CCCC(NC(=O)C(CCc3ccccc3)NC(=O)C(NC(=O)CNC(=O)C3CCCN3)COC(=O)CNC(=O)C(Cc3ccccc3)N1)C2=O,20,GLACIER,K1,0.023798229353366097,0.050316526798883876,
MSBNK-MLU-ED234302__GLACIER__K2,FWWSPBIYNIQGJB,O=C1CN2CCCC(NC(=O)C(CCc3ccccc3)NC(=O)C(NC(=O)CNC(=O)C3CCCN3)COC(=O)CNC(=O)C(Cc3ccccc3)N1)C2=O,20,GLACIER,K2,0.08441281891489068,0.16677259449308957,
MSBNK-MLU-ED234302__GLACIER__K3,FWWSPBIYNIQGJB,O=C1CN2CCCC(NC(=O)C(CCc3ccccc3)NC(=O)C(NC(=O)CNC(=O)C3CCCN3)COC(=O)CNC(=O)C(Cc3ccccc3)N1)C2=O,20,GLACIER,K3,0.08131340786531592,0.17552476023900387,
MSBNK-MLU-ED234303__ICEBERG_2_1__K1,FWWSPBIYNIQGJB,O=C1CN2CCCC(NC(=O)C(CCc3ccccc3)NC(=O)C(NC(=O)CNC(=O)C3CCCN3)COC(=O)CNC(=O)C(Cc3ccccc3)N1)C2=O,25,ICEBERG_2_1,K1,0.0874120854302731,0.16710412967998056,
MSBNK-MLU-ED234303__ICEBERG_2_1__K2,FWWSPBIYNIQGJB,O=C1CN2CCCC(NC(=O)C(CCc3ccccc3)NC(=O)C(NC(=O)CNC(=O)C3CCCN3)COC(=O)CNC(=O)C(Cc3ccccc3)N1)C2=O,25,ICEBERG_2_1,K2,0.16441074882245668,0.20798420024422148,
MSBNK-MLU-ED234303__ICEBERG_2_1__K3,FWWSPBIYNIQGJB,O=C1CN2CCCC(NC(=O)C(CCc3ccccc3)NC(=O)C(NC(=O)CNC(=O)C3CCCN3)COC(=O)CNC(=O)C(Cc3ccccc3)N1)C2=O,25,ICEBERG_2_1,K3,0.2110824168217316,0.2588346516363099,
MSBNK-MLU-ED234303__GLACIER__K1,FWWSPBIYNIQGJB,O=C1CN2CCCC(NC(=O)C(CCc3ccccc3)NC(=O)C(NC(=O)CNC(=O)C3CCCN3)COC(=O)CNC(=O)C(Cc3ccccc3)N1)C2=O,25,GLACIER,K1,0.01942876954606135,0.04728395863455237,
MSBNK-MLU-ED234303__GLACIER__K2,FWWSPBIYNIQGJB,O=C1CN2CCCC(NC(=O)C(CCc3ccccc3)NC(=O)C(NC(=O)CNC(=O)C3CCCN3)COC(=O)CNC(=O)C(Cc3ccccc3)N1)C2=O,25,GLACIER,K2,0.2391838230030841,0.32403534199094663,
MSBNK-MLU-ED234303__GLACIER__K3,FWWSPBIYNIQGJB,O=C1CN2CCCC(NC(=O)C(CCc3ccccc3)NC(=O)C(NC(=O)CNC(=O)C3CCCN3)COC(=O)CNC(=O)C(Cc3ccccc3)N1)C2=O,25,GLACIER,K3,0.23439228671020282,0.32011327142723767,
MSBNK-MLU-ED234304__ICEBERG_2_1__K1,FWWSPBIYNIQGJB,O=C1CN2CCCC(NC(=O)C(CCc3ccccc3)NC(=O)C(NC(=O)CNC(=O)C3CCCN3)COC(=O)CNC(=O)C(Cc3ccccc3)N1)C2=O,30,ICEBERG_2_1,K1,0.1294205713397574,0.24751242475413582,
MSBNK-MLU-ED234304__ICEBERG_2_1__K2,FWWSPBIYNIQGJB,O=C1CN2CCCC(NC(=O)C(CCc3ccccc3)NC(=O)C(NC(=O)CNC(=O)C3CCCN3)COC(=O)CNC(=O)C(Cc3ccccc3)N1)C2=O,30,ICEBERG_2_1,K2,0.2762119310553354,0.2756156094819914,
MSBNK-MLU-ED234304__ICEBERG_2_1__K3,FWWSPBIYNIQGJB,O=C1CN2CCCC(NC(=O)C(CCc3ccccc3)NC(=O)C(NC(=O)CNC(=O)C3CCCN3)COC(=O)CNC(=O)C(Cc3ccccc3)N1)C2=O,30,ICEBERG_2_1,K3,0.2738438464186832,0.26640892713325426,
MSBNK-MLU-ED234304__GLACIER__K1,FWWSPBIYNIQGJB,O=C1CN2CCCC(NC(=O)C(CCc3ccccc3)NC(=O)C(NC(=O)CNC(=O)C3CCCN3)COC(=O)CNC(=O)C(Cc3ccccc3)N1)C2=O,30,GLACIER,K1,0.38014880788904165,0.39450571116019717,
MSBNK-MLU-ED234304__GLACIER__K2,FWWSPBIYNIQGJB,O=C1CN2CCCC(NC(=O)C(CCc3ccccc3)NC(=O)C(NC(=O)CNC(=O)C3CCCN3)COC(=O)CNC(=O)C(Cc3ccccc3)N1)C2=O,30,GLACIER,K2,0.47532262447970897,0.5023875240456535,
MSBNK-MLU-ED234304__GLACIER__K3,FWWSPBIYNIQGJB,O=C1CN2CCCC(NC(=O)C(CCc3ccccc3)NC(=O)C(NC(=O)CNC(=O)C3CCCN3)COC(=O)CNC(=O)C(Cc3ccccc3)N1)C2=O,30,GLACIER,K3,0.47640668348355253,0.4895463658738616,
MSBNK-MLU-ED234305__ICEBERG_2_1__K1,FWWSPBIYNIQGJB,O=C1CN2CCCC(NC(=O)C(CCc3ccccc3)NC(=O)C(NC(=O)CNC(=O)C3CCCN3)COC(=O)CNC(=O)C(Cc3ccccc3)N1)C2=O,40,ICEBERG_2_1,K1,0.3796566506781317,0.3443056431306323,
MSBNK-MLU-ED234305__ICEBERG_2_1__K2,FWWSPBIYNIQGJB,O=C1CN2CCCC(NC(=O)C(CCc3ccccc3)NC(=O)C(NC(=O)CNC(=O)C3CCCN3)COC(=O)CNC(=O)C(Cc3ccccc3)N1)C2=O,40,ICEBERG_2_1,K2,0.7146155744135191,0.5700723415512094,
MSBNK-MLU-ED234305__ICEBERG_2_1__K3,FWWSPBIYNIQGJB,O=C1CN2CCCC(NC(=O)C(CCc3ccccc3)NC(=O)C(NC(=O)CNC(=O)C3CCCN3)COC(=O)CNC(=O)C(Cc3ccccc3)N1)C2=O,40,ICEBERG_2_1,K3,0.7162581047978325,0.5642589342907456,
MSBNK-MLU-ED234305__GLACIER__K1,FWWSPBIYNIQGJB,O=C1CN2CCCC(NC(=O)C(CCc3ccccc3)NC(=O)C(NC(=O)CNC(=O)C3CCCN3)COC(=O)CNC(=O)C(Cc3ccccc3)N1)C2=O,40,GLACIER,K1,0.20326899499276535,0.29982143517282545,
MSBNK-MLU-ED234305__GLACIER__K2,FWWSPBIYNIQGJB,O=C1CN2CCCC(NC(=O)C(CCc3ccccc3)NC(=O)C(NC(=O)CNC(=O)C3CCCN3)COC(=O)CNC(=O)C(Cc3ccccc3)N1)C2=O,40,GLACIER,K2,0.5867925943958118,0.4718600439846875,
MSBNK-MLU-ED234305__GLACIER__K3,FWWSPBIYNIQGJB,O=C1CN2CCCC(NC(=O)C(CCc3ccccc3)NC(=O)C(NC(=O)CNC(=O)C3CCCN3)COC(=O)CNC(=O)C(Cc3ccccc3)N1)C2=O,40,GLACIER,K3,0.5918812775860687,0.4834541403145747,
MSBNK-MLU-ED234306__ICEBERG_2_1__K1,FWWSPBIYNIQGJB,O=C1CN2CCCC(NC(=O)C(CCc3ccccc3)NC(=O)C(NC(=O)CNC(=O)C3CCCN3)COC(=O)CNC(=O)C(Cc3ccccc3)N1)C2=O,50,ICEBERG_2_1,K1,0.8053999070255218,0.5642694545060242,
MSBNK-MLU-ED234306__ICEBERG_2_1__K2,FWWSPBIYNIQGJB,O=C1CN2CCCC(NC(=O)C(CCc3ccccc3)NC(=O)C(NC(=O)CNC(=O)C3CCCN3)COC(=O)CNC(=O)C(Cc3ccccc3)N1)C2=O,50,ICEBERG_2_1,K2,0.7576636220951841,0.48383684058200915,
MSBNK-MLU-ED234306__ICEBERG_2_1__K3,FWWSPBIYNIQGJB,O=C1CN2CCCC(NC(=O)C(CCc3ccccc3)NC(=O)C(NC(=O)CNC(=O)C3CCCN3)COC(=O)CNC(=O)C(Cc3ccccc3)N1)C2=O,50,ICEBERG_2_1,K3,0.769105995566073,0.48804309108014154,
MSBNK-MLU-ED234306__GLACIER__K1,FWWSPBIYNIQGJB,O=C1CN2CCCC(NC(=O)C(CCc3ccccc3)NC(=O)C(NC(=O)CNC(=O)C3CCCN3)COC(=O)CNC(=O)C(Cc3ccccc3)N1)C2=O,50,GLACIER,K1,0.8284460584071417,0.6098414468953903,
MSBNK-MLU-ED234306__GLACIER__K2,FWWSPBIYNIQGJB,O=C1CN2CCCC(NC(=O)C(CCc3ccccc3)NC(=O)C(NC(=O)CNC(=O)C3CCCN3)COC(=O)CNC(=O)C(Cc3ccccc3)N1)C2=O,50,GLACIER,K2,0.8885778742099402,0.6884479829716827,
MSBNK-MLU-ED234306__GLACIER__K3,FWWSPBIYNIQGJB,O=C1CN2CCCC(NC(=O)C(CCc3ccccc3)NC(=O)C(NC(=O)CNC(=O)C3CCCN3)COC(=O)CNC(=O)C(Cc3ccccc3)N1)C2=O,50,GLACIER,K3,0.8916705832405716,0.6919787595628477,
MSBNK-MLU-ED234307__ICEBERG_2_1__K1,FWWSPBIYNIQGJB,O=C1CN2CCCC(NC(=O)C(CCc3ccccc3)NC(=O)C(NC(=O)CNC(=O)C3CCCN3)COC(=O)CNC(=O)C(Cc3ccccc3)N1)C2=O,60,ICEBERG_2_1,K1,0.9390248919377187,0.7001353392123368,
MSBNK-MLU-ED234307__ICEBERG_2_1__K2,FWWSPBIYNIQGJB,O=C1CN2CCCC(NC(=O)C(CCc3ccccc3)NC(=O)C(NC(=O)CNC(=O)C3CCCN3)COC(=O)CNC(=O)C(Cc3ccccc3)N1)C2=O,60,ICEBERG_2_1,K2,0.7139871910752987,0.5236904282803606,
MSBNK-MLU-ED234307__ICEBERG_2_1__K3,FWWSPBIYNIQGJB,O=C1CN2CCCC(NC(=O)C(CCc3ccccc3)NC(=O)C(NC(=O)CNC(=O)C3CCCN3)COC(=O)CNC(=O)C(Cc3ccccc3)N1)C2=O,60,ICEBERG_2_1,K3,0.5238961061189011,0.5430724065174919,
MSBNK-MLU-ED234307__GLACIER__K1,FWWSPBIYNIQGJB,O=C1CN2CCCC(NC(=O)C(CCc3ccccc3)NC(=O)C(NC(=O)CNC(=O)C3CCCN3)COC(=O)CNC(=O)C(Cc3ccccc3)N1)C2=O,60,GLACIER,K1,0.9573160886301069,0.8142149445349661,
MSBNK-MLU-ED234307__GLACIER__K2,FWWSPBIYNIQGJB,O=C1CN2CCCC(NC(=O)C(CCc3ccccc3)NC(=O)C(NC(=O)CNC(=O)C3CCCN3)COC(=O)CNC(=O)C(Cc3ccccc3)N1)C2=O,60,GLACIER,K2,0.9468271376796097,0.7179419704948187,
MSBNK-MLU-ED234307__GLACIER__K3,FWWSPBIYNIQGJB,O=C1CN2CCCC(NC(=O)C(CCc3ccccc3)NC(=O)C(NC(=O)CNC(=O)C3CCCN3)COC(=O)CNC(=O)C(Cc3ccccc3)N1)C2=O,60,GLACIER,K3,0.9376093894714116,0.7082816132074484,
MSBNK-MLU-ED236701__ICEBERG_2_1__K1,ALOKGBOHBCZWBY,O=c1oc(-c2ccccc2)cc(Cc2ccccc2)c1Cc1ccccc1,15,ICEBERG_2_1,K1,0.25134366679688275,0.29687885428010086,
MSBNK-MLU-ED236701__ICEBERG_2_1__K2,ALOKGBOHBCZWBY,O=c1oc(-c2ccccc2)cc(Cc2ccccc2)c1Cc1ccccc1,15,ICEBERG_2_1,K2,0.4265337851006245,0.4006928588025478,
MSBNK-MLU-ED236701__ICEBERG_2_1__K3,ALOKGBOHBCZWBY,O=c1oc(-c2ccccc2)cc(Cc2ccccc2)c1Cc1ccccc1,15,ICEBERG_2_1,K3,0.392933837129034,0.3787766885613607,
MSBNK-MLU-ED236701__GLACIER__K1,ALOKGBOHBCZWBY,O=c1oc(-c2ccccc2)cc(Cc2ccccc2)c1Cc1ccccc1,15,GLACIER,K1,0.7066338925700729,0.5688334577332628,
MSBNK-MLU-ED236701__GLACIER__K2,ALOKGBOHBCZWBY,O=c1oc(-c2ccccc2)cc(Cc2ccccc2)c1Cc1ccccc1,15,GLACIER,K2,0.42617203701772943,0.4468186193490188,
MSBNK-MLU-ED236701__GLACIER__K3,ALOKGBOHBCZWBY,O=c1oc(-c2ccccc2)cc(Cc2ccccc2)c1Cc1ccccc1,15,GLACIER,K3,0.5862829843311524,0.5171693416680287,
MSBNK-MLU-ED236702__ICEBERG_2_1__K1,ALOKGBOHBCZWBY,O=c1oc(-c2ccccc2)cc(Cc2ccccc2)c1Cc1ccccc1,20,ICEBERG_2_1,K1,0.16053871390624386,0.22945958284020795,
MSBNK-MLU-ED236702__ICEBERG_2_1__K2,ALOKGBOHBCZWBY,O=c1oc(-c2ccccc2)cc(Cc2ccccc2)c1Cc1ccccc1,20,ICEBERG_2_1,K2,0.3230767505594677,0.34398102324080526,
MSBNK-MLU-ED236702__ICEBERG_2_1__K3,ALOKGBOHBCZWBY,O=c1oc(-c2ccccc2)cc(Cc2ccccc2)c1Cc1ccccc1,20,ICEBERG_2_1,K3,0.3279546151609022,0.3308080166154703,
MSBNK-MLU-ED236702__GLACIER__K1,ALOKGBOHBCZWBY,O=c1oc(-c2ccccc2)cc(Cc2ccccc2)c1Cc1ccccc1,20,GLACIER,K1,0.8517690293355324,0.5840042177819951,
MSBNK-MLU-ED236702__GLACIER__K2,ALOKGBOHBCZWBY,O=c1oc(-c2ccccc2)cc(Cc2ccccc2)c1Cc1ccccc1,20,GLACIER,K2,0.46509191062014876,0.37557485542575375,
MSBNK-MLU-ED236702__GLACIER__K3,ALOKGBOHBCZWBY,O=c1oc(-c2ccccc2)cc(Cc2ccccc2)c1Cc1ccccc1,20,GLACIER,K3,0.4507669379741691,0.37006854967657987,
MSBNK-MLU-ED236703__ICEBERG_2_1__K1,ALOKGBOHBCZWBY,O=c1oc(-c2ccccc2)cc(Cc2ccccc2)c1Cc1ccccc1,25,ICEBERG_2_1,K1,0.07319763744655347,0.17307437842605367,
MSBNK-MLU-ED236703__ICEBERG_2_1__K2,ALOKGBOHBCZWBY,O=c1oc(-c2ccccc2)cc(Cc2ccccc2)c1Cc1ccccc1,25,ICEBERG_2_1,K2,0.1325072358520401,0.24943587215615282,
MSBNK-MLU-ED236703__ICEBERG_2_1__K3,ALOKGBOHBCZWBY,O=c1oc(-c2ccccc2)cc(Cc2ccccc2)c1Cc1ccccc1,25,ICEBERG_2_1,K3,0.17535871768834327,0.2994348238920652,
MSBNK-MLU-ED236703__GLACIER__K1,ALOKGBOHBCZWBY,O=c1oc(-c2ccccc2)cc(Cc2ccccc2)c1Cc1ccccc1,25,GLACIER,K1,0.20764459906592092,0.31057527226466686,
MSBNK-MLU-ED236703__GLACIER__K2,ALOKGBOHBCZWBY,O=c1oc(-c2ccccc2)cc(Cc2ccccc2)c1Cc1ccccc1,25,GLACIER,K2,0.41537629466221393,0.39365648321595104,
MSBNK-MLU-ED236703__GLACIER__K3,ALOKGBOHBCZWBY,O=c1oc(-c2ccccc2)cc(Cc2ccccc2)c1Cc1ccccc1,25,GLACIER,K3,0.5732704834873793,0.4962777441396463,
MSBNK-MLU-ED236704__ICEBERG_2_1__K1,ALOKGBOHBCZWBY,O=c1oc(-c2ccccc2)cc(Cc2ccccc2)c1Cc1ccccc1,30,ICEBERG_2_1,K1,0.18349380325807718,0.30152439368527606,
MSBNK-MLU-ED236704__ICEBERG_2_1__K2,ALOKGBOHBCZWBY,O=c1oc(-c2ccccc2)cc(Cc2ccccc2)c1Cc1ccccc1,30,ICEBERG_2_1,K2,0.13911282853768667,0.23436700864090254,
MSBNK-MLU-ED236704__ICEBERG_2_1__K3,ALOKGBOHBCZWBY,O=c1oc(-c2ccccc2)cc(Cc2ccccc2)c1Cc1ccccc1,30,ICEBERG_2_1,K3,0.13929381074982347,0.23417744323851664,
MSBNK-MLU-ED236704__GLACIER__K1,ALOKGBOHBCZWBY,O=c1oc(-c2ccccc2)cc(Cc2ccccc2)c1Cc1ccccc1,30,GLACIER,K1,0.24946174087122128,0.3803618786816685,
MSBNK-MLU-ED236704__GLACIER__K2,ALOKGBOHBCZWBY,O=c1oc(-c2ccccc2)cc(Cc2ccccc2)c1Cc1ccccc1,30,GLACIER,K2,0.15451201052493635,0.2848542475378847,
MSBNK-MLU-ED236704__GLACIER__K3,ALOKGBOHBCZWBY,O=c1oc(-c2ccccc2)cc(Cc2ccccc2)c1Cc1ccccc1,30,GLACIER,K3,0.1554805135173242,0.2857397754213524,
MSBNK-MLU-ED236705__ICEBERG_2_1__K1,ALOKGBOHBCZWBY,O=c1oc(-c2ccccc2)cc(Cc2ccccc2)c1Cc1ccccc1,40,ICEBERG_2_1,K1,0.34546110605606417,0.3641017111839001,
MSBNK-MLU-ED236705__ICEBERG_2_1__K2,ALOKGBOHBCZWBY,O=c1oc(-c2ccccc2)cc(Cc2ccccc2)c1Cc1ccccc1,40,ICEBERG_2_1,K2,0.3667786700691279,0.35659478742792616,
MSBNK-MLU-ED236705__ICEBERG_2_1__K3,ALOKGBOHBCZWBY,O=c1oc(-c2ccccc2)cc(Cc2ccccc2)c1Cc1ccccc1,40,ICEBERG_2_1,K3,0.35134758896403506,0.34955919491625664,
MSBNK-MLU-ED236705__GLACIER__K1,ALOKGBOHBCZWBY,O=c1oc(-c2ccccc2)cc(Cc2ccccc2)c1Cc1ccccc1,40,GLACIER,K1,0.43858536924641955,0.463725274965214,
MSBNK-MLU-ED236705__GLACIER__K2,ALOKGBOHBCZWBY,O=c1oc(-c2ccccc2)cc(Cc2ccccc2)c1Cc1ccccc1,40,GLACIER,K2,0.29710333984411547,0.3154909178102452,
MSBNK-MLU-ED236705__GLACIER__K3,ALOKGBOHBCZWBY,O=c1oc(-c2ccccc2)cc(Cc2ccccc2)c1Cc1ccccc1,40,GLACIER,K3,0.27992885760812447,0.30837955704217146,
MSBNK-MLU-ED236706__ICEBERG_2_1__K1,ALOKGBOHBCZWBY,O=c1oc(-c2ccccc2)cc(Cc2ccccc2)c1Cc1ccccc1,50,ICEBERG_2_1,K1,0.44404486080822125,0.3822356997160927,
MSBNK-MLU-ED236706__ICEBERG_2_1__K2,ALOKGBOHBCZWBY,O=c1oc(-c2ccccc2)cc(Cc2ccccc2)c1Cc1ccccc1,50,ICEBERG_2_1,K2,0.46148871793426266,0.39569729862296077,
MSBNK-MLU-ED236706__ICEBERG_2_1__K3,ALOKGBOHBCZWBY,O=c1oc(-c2ccccc2)cc(Cc2ccccc2)c1Cc1ccccc1,50,ICEBERG_2_1,K3,0.47771872911219276,0.40743505666012514,
MSBNK-MLU-ED236706__GLACIER__K1,ALOKGBOHBCZWBY,O=c1oc(-c2ccccc2)cc(Cc2ccccc2)c1Cc1ccccc1,50,GLACIER,K1,0.6237053009909581,0.5540394764915553,
MSBNK-MLU-ED236706__GLACIER__K2,ALOKGBOHBCZWBY,O=c1oc(-c2ccccc2)cc(Cc2ccccc2)c1Cc1ccccc1,50,GLACIER,K2,0.5773077742948446,0.532218424842908,
MSBNK-MLU-ED236706__GLACIER__K3,ALOKGBOHBCZWBY,O=c1oc(-c2ccccc2)cc(Cc2ccccc2)c1Cc1ccccc1,50,GLACIER,K3,0.595317783511625,0.5280461220364483,
MSBNK-MLU-ED236707__ICEBERG_2_1__K1,ALOKGBOHBCZWBY,O=c1oc(-c2ccccc2)cc(Cc2ccccc2)c1Cc1ccccc1,60,ICEBERG_2_1,K1,0.6097226295636963,0.45936022960071266,
MSBNK-MLU-ED236707__ICEBERG_2_1__K2,ALOKGBOHBCZWBY,O=c1oc(-c2ccccc2)cc(Cc2ccccc2)c1Cc1ccccc1,60,ICEBERG_2_1,K2,0.5380756927318587,0.4031553566362698,
MSBNK-MLU-ED236707__ICEBERG_2_1__K3,ALOKGBOHBCZWBY,O=c1oc(-c2ccccc2)cc(Cc2ccccc2)c1Cc1ccccc1,60,ICEBERG_2_1,K3,0.5433733562345484,0.4045184077039431,
MSBNK-MLU-ED236707__GLACIER__K1,ALOKGBOHBCZWBY,O=c1oc(-c2ccccc2)cc(Cc2ccccc2)c1Cc1ccccc1,60,GLACIER,K1,0.7757837182544859,0.6517319852419277,
MSBNK-MLU-ED236707__GLACIER__K2,ALOKGBOHBCZWBY,O=c1oc(-c2ccccc2)cc(Cc2ccccc2)c1Cc1ccccc1,60,GLACIER,K2,0.771627643848576,0.6144184541928819,
MSBNK-MLU-ED236707__GLACIER__K3,ALOKGBOHBCZWBY,O=c1oc(-c2ccccc2)cc(Cc2ccccc2)c1Cc1ccccc1,60,GLACIER,K3,0.7607739434935268,0.6011949387732041,
MSBNK-MLU-ED252001__ICEBERG_2_1__K1,GNRHIDBFAWGJDI,O=C1OC(=Cc2ccccc2)C=C1Cc1ccc2c(c1)OCO2,15,ICEBERG_2_1,K1,0.026957693715966728,0.09054859004459681,
MSBNK-MLU-ED252001__ICEBERG_2_1__K2,GNRHIDBFAWGJDI,O=C1OC(=Cc2ccccc2)C=C1Cc1ccc2c(c1)OCO2,15,ICEBERG_2_1,K2,0.20593638688373855,0.3231365860368818,
MSBNK-MLU-ED252001__ICEBERG_2_1__K3,GNRHIDBFAWGJDI,O=C1OC(=Cc2ccccc2)C=C1Cc1ccc2c(c1)OCO2,15,ICEBERG_2_1,K3,0.3173219683176095,0.3924371107776645,
MSBNK-MLU-ED252001__GLACIER__K1,GNRHIDBFAWGJDI,O=C1OC(=Cc2ccccc2)C=C1Cc1ccc2c(c1)OCO2,15,GLACIER,K1,0.11092812232923163,0.18817202857181925,
MSBNK-MLU-ED252001__GLACIER__K2,GNRHIDBFAWGJDI,O=C1OC(=Cc2ccccc2)C=C1Cc1ccc2c(c1)OCO2,15,GLACIER,K2,0.3771762278693108,0.3786615551477607,
MSBNK-MLU-ED252001__GLACIER__K3,GNRHIDBFAWGJDI,O=C1OC(=Cc2ccccc2)C=C1Cc1ccc2c(c1)OCO2,15,GLACIER,K3,0.325446882593655,0.3460939536276335,
MSBNK-MLU-ED252002__ICEBERG_2_1__K1,GNRHIDBFAWGJDI,O=C1OC(=Cc2ccccc2)C=C1Cc1ccc2c(c1)OCO2,20,ICEBERG_2_1,K1,0.00341174314835088,0.03948939660351092,
MSBNK-MLU-ED252002__ICEBERG_2_1__K2,GNRHIDBFAWGJDI,O=C1OC(=Cc2ccccc2)C=C1Cc1ccc2c(c1)OCO2,20,ICEBERG_2_1,K2,0.0022128403416458984,0.030641052560373527,
MSBNK-MLU-ED252002__ICEBERG_2_1__K3,GNRHIDBFAWGJDI,O=C1OC(=Cc2ccccc2)C=C1Cc1ccc2c(c1)OCO2,20,ICEBERG_2_1,K3,0.003201424755942715,0.03945362453569301,
MSBNK-MLU-ED252002__GLACIER__K1,GNRHIDBFAWGJDI,O=C1OC(=Cc2ccccc2)C=C1Cc1ccc2c(c1)OCO2,20,GLACIER,K1,0.0231392797089858,0.09000184001851164,
MSBNK-MLU-ED252002__GLACIER__K2,GNRHIDBFAWGJDI,O=C1OC(=Cc2ccccc2)C=C1Cc1ccc2c(c1)OCO2,20,GLACIER,K2,0.014756411531580112,0.08674814899264072,
MSBNK-MLU-ED252002__GLACIER__K3,GNRHIDBFAWGJDI,O=C1OC(=Cc2ccccc2)C=C1Cc1ccc2c(c1)OCO2,20,GLACIER,K3,0.011414383163242853,0.08158950756547556,
MSBNK-MLU-ED252003__ICEBERG_2_1__K1,GNRHIDBFAWGJDI,O=C1OC(=Cc2ccccc2)C=C1Cc1ccc2c(c1)OCO2,25,ICEBERG_2_1,K1,0.005758282789697259,0.04788526885040545,
MSBNK-MLU-ED252003__ICEBERG_2_1__K2,GNRHIDBFAWGJDI,O=C1OC(=Cc2ccccc2)C=C1Cc1ccc2c(c1)OCO2,25,ICEBERG_2_1,K2,0.0028636815602740995,0.04111925984872011,
MSBNK-MLU-ED252003__ICEBERG_2_1__K3,GNRHIDBFAWGJDI,O=C1OC(=Cc2ccccc2)C=C1Cc1ccc2c(c1)OCO2,25,ICEBERG_2_1,K3,0.0032908327749941305,0.04877869508275812,
MSBNK-MLU-ED252003__GLACIER__K1,GNRHIDBFAWGJDI,O=C1OC(=Cc2ccccc2)C=C1Cc1ccc2c(c1)OCO2,25,GLACIER,K1,0.012411588757890044,0.0572350936085817,
MSBNK-MLU-ED252003__GLACIER__K2,GNRHIDBFAWGJDI,O=C1OC(=Cc2ccccc2)C=C1Cc1ccc2c(c1)OCO2,25,GLACIER,K2,0.009103535491705438,0.06403770501955408,
MSBNK-MLU-ED252003__GLACIER__K3,GNRHIDBFAWGJDI,O=C1OC(=Cc2ccccc2)C=C1Cc1ccc2c(c1)OCO2,25,GLACIER,K3,0.01026708255451301,0.06613389561257521,
MSBNK-MLU-ED252004__ICEBERG_2_1__K1,GNRHIDBFAWGJDI,O=C1OC(=Cc2ccccc2)C=C1Cc1ccc2c(c1)OCO2,30,ICEBERG_2_1,K1,0.013188660049410033,0.08281579284932405,
MSBNK-MLU-ED252004__ICEBERG_2_1__K2,GNRHIDBFAWGJDI,O=C1OC(=Cc2ccccc2)C=C1Cc1ccc2c(c1)OCO2,30,ICEBERG_2_1,K2,0.023591811464393174,0.10098795312455755,
MSBNK-MLU-ED252004__ICEBERG_2_1__K3,GNRHIDBFAWGJDI,O=C1OC(=Cc2ccccc2)C=C1Cc1ccc2c(c1)OCO2,30,ICEBERG_2_1,K3,0.022928181607163072,0.09995962032639927,
MSBNK-MLU-ED252004__GLACIER__K1,GNRHIDBFAWGJDI,O=C1OC(=Cc2ccccc2)C=C1Cc1ccc2c(c1)OCO2,30,GLACIER,K1,0.028614106749036118,0.11073375010756403,
MSBNK-MLU-ED252004__GLACIER__K2,GNRHIDBFAWGJDI,O=C1OC(=Cc2ccccc2)C=C1Cc1ccc2c(c1)OCO2,30,GLACIER,K2,0.04554587920664057,0.112857178636666,
MSBNK-MLU-ED252004__GLACIER__K3,GNRHIDBFAWGJDI,O=C1OC(=Cc2ccccc2)C=C1Cc1ccc2c(c1)OCO2,30,GLACIER,K3,0.043052559681434295,0.10976010488588572,
MSBNK-MLU-ED252005__ICEBERG_2_1__K1,GNRHIDBFAWGJDI,O=C1OC(=Cc2ccccc2)C=C1Cc1ccc2c(c1)OCO2,40,ICEBERG_2_1,K1,0.30631854468911085,0.33372627329067395,
MSBNK-MLU-ED252005__ICEBERG_2_1__K2,GNRHIDBFAWGJDI,O=C1OC(=Cc2ccccc2)C=C1Cc1ccc2c(c1)OCO2,40,ICEBERG_2_1,K2,0.2947484964732766,0.3333699398893357,
MSBNK-MLU-ED252005__ICEBERG_2_1__K3,GNRHIDBFAWGJDI,O=C1OC(=Cc2ccccc2)C=C1Cc1ccc2c(c1)OCO2,40,ICEBERG_2_1,K3,0.29496493157680875,0.33205318603961287,
MSBNK-MLU-ED252005__GLACIER__K1,GNRHIDBFAWGJDI,O=C1OC(=Cc2ccccc2)C=C1Cc1ccc2c(c1)OCO2,40,GLACIER,K1,0.2733893808722385,0.34217107327012986,
MSBNK-MLU-ED252005__GLACIER__K2,GNRHIDBFAWGJDI,O=C1OC(=Cc2ccccc2)C=C1Cc1ccc2c(c1)OCO2,40,GLACIER,K2,0.2871540642905508,0.3378263948147745,
MSBNK-MLU-ED252005__GLACIER__K3,GNRHIDBFAWGJDI,O=C1OC(=Cc2ccccc2)C=C1Cc1ccc2c(c1)OCO2,40,GLACIER,K3,0.2839071724605699,0.3361025486904492,
MSBNK-MLU-ED252006__ICEBERG_2_1__K1,GNRHIDBFAWGJDI,O=C1OC(=Cc2ccccc2)C=C1Cc1ccc2c(c1)OCO2,50,ICEBERG_2_1,K1,0.6162517653474527,0.42201166167816473,
MSBNK-MLU-ED252006__ICEBERG_2_1__K2,GNRHIDBFAWGJDI,O=C1OC(=Cc2ccccc2)C=C1Cc1ccc2c(c1)OCO2,50,ICEBERG_2_1,K2,0.21074604929695276,0.3311624664717828,
MSBNK-MLU-ED252006__ICEBERG_2_1__K3,GNRHIDBFAWGJDI,O=C1OC(=Cc2ccccc2)C=C1Cc1ccc2c(c1)OCO2,50,ICEBERG_2_1,K3,0.2190101657461117,0.3382385003024635,
MSBNK-MLU-ED252006__GLACIER__K1,GNRHIDBFAWGJDI,O=C1OC(=Cc2ccccc2)C=C1Cc1ccc2c(c1)OCO2,50,GLACIER,K1,0.5218367468915965,0.4568480282371177,
MSBNK-MLU-ED252006__GLACIER__K2,GNRHIDBFAWGJDI,O=C1OC(=Cc2ccccc2)C=C1Cc1ccc2c(c1)OCO2,50,GLACIER,K2,0.4769567795981305,0.4212885597017594,
MSBNK-MLU-ED252006__GLACIER__K3,GNRHIDBFAWGJDI,O=C1OC(=Cc2ccccc2)C=C1Cc1ccc2c(c1)OCO2,50,GLACIER,K3,0.47465553370818026,0.41077364276247574,
MSBNK-MLU-ED252007__ICEBERG_2_1__K1,GNRHIDBFAWGJDI,O=C1OC(=Cc2ccccc2)C=C1Cc1ccc2c(c1)OCO2,60,ICEBERG_2_1,K1,0.5651441183223228,0.4571597082714629,
MSBNK-MLU-ED252007__ICEBERG_2_1__K2,GNRHIDBFAWGJDI,O=C1OC(=Cc2ccccc2)C=C1Cc1ccc2c(c1)OCO2,60,ICEBERG_2_1,K2,0.4841492243500031,0.4211414694806105,
MSBNK-MLU-ED252007__ICEBERG_2_1__K3,GNRHIDBFAWGJDI,O=C1OC(=Cc2ccccc2)C=C1Cc1ccc2c(c1)OCO2,60,ICEBERG_2_1,K3,0.4285069387919942,0.3985215899953136,
MSBNK-MLU-ED252007__GLACIER__K1,GNRHIDBFAWGJDI,O=C1OC(=Cc2ccccc2)C=C1Cc1ccc2c(c1)OCO2,60,GLACIER,K1,0.4392310176725383,0.41922708632578276,
MSBNK-MLU-ED252007__GLACIER__K2,GNRHIDBFAWGJDI,O=C1OC(=Cc2ccccc2)C=C1Cc1ccc2c(c1)OCO2,60,GLACIER,K2,0.47301941411857557,0.42874511391211334,
MSBNK-MLU-ED252007__GLACIER__K3,GNRHIDBFAWGJDI,O=C1OC(=Cc2ccccc2)C=C1Cc1ccc2c(c1)OCO2,60,GLACIER,K3,0.39296481600816413,0.40409447863832826,
