key,name,scaffold_group,n_records,labs,ce_strings,itypes,max_ce_within_lab,in_msg15_all,in_msg15_train,in_msg15_val,in_msg15_test,in_msg15_parent_all,in_msg15_simchallenge,in_muru_registry,in_muru_registry_direct,in_muru_exposed_union,in_pr7_study2,in_comparator_common,in_msnlib_9lib,in_multims2_reserved,scaf_in_msg15_scaffolds,scaf_in_muru_registry_scaffolds,scaf_in_pr7_study2_scaffolds,scaf_in_comparator_scaffolds
ABPDEYSUVLXYCB,Abietospiran,O=C1CCC2(CCC3(CCC4C3CCC35CC36CCCCC6CCC45)O2)O1,1,MC01,35 CID,APCI-ITFT,0,False,False,False,False,False,False,False,False,False,False,False,False,False,False,False,False,False
ADFCQWZHKCXPAJ,Equol,c1ccc(C2COc3ccccc3C2)cc1,6,MC20,10|100|20|30|40|60,LC-ESI-ITFT,6,True,True,False,False,True,True,True,True,True,False,False,True,False,True,True,False,False
ADVPTQAUNPRNPO,3-Sulfinoalanine,__ACYCLIC__ADVPTQAUNPRNPO,1,MC20,100,LC-ESI-ITFT,1,True,True,False,False,True,True,False,False,False,False,False,True,False,True,False,False,False
AEMFNILZOJDQLW,Androstenedione,O=C1C=C2CCC3C4CCC(=O)C4CCC3C2CC1,1,MC22,30 eV,LC-ESI-QFT,1,True,True,False,False,True,True,True,True,True,False,False,False,False,True,True,False,False
AGIQIKMGJVLKMA,Carabrone,C=C1C(=O)OC2CC3CC3CC12,1,MC14,50eV,LC-ESI-ITFT,1,True,True,False,False,True,False,True,True,True,False,False,True,False,True,True,False,False
AGPKZVBTJJNPAG,L-Isoleucine,__ACYCLIC__AGPKZVBTJJNPAG,7,"MC20,MC22",10|100|20|30|30eV|40|60,"LC-ESI-ITFT,LC-ESI-QFT",6,True,True,False,False,True,True,True,True,True,False,False,True,False,True,True,False,False
AHLPHDHHMVZTML,Ornithine,__ACYCLIC__AHLPHDHHMVZTML,8,"MC20,MC22",10|100|20|30|30eV|40|60,"LC-ESI-ITFT,LC-ESI-QFT",6,True,True,False,False,True,True,True,True,True,False,False,True,False,True,True,False,False
AIFCFBUSLAEIBR,Ginkgetin,O=c1cc(-c2cccc(-c3cccc4c(=O)cc(-c5ccccc5)oc34)c2)oc2ccccc12,1,MC09,"15,30,45 (NCE)",LC-ESI-QFT,0,True,True,False,False,True,True,True,True,True,False,False,True,False,True,True,False,False
AJSPSRWWZBBIOR,Isobergapten,O=c1ccc2ccc3occc3c2o1,1,MC19,45eV,LC-ESI-ITFT,1,True,True,False,False,True,False,True,True,True,False,False,True,False,True,True,False,False
ALEXXDVDDISNDU,CORTISOL 21-ACETATE,O=C1C=C2CCC3C4CCCC4CCC3C2CC1,1,MC22,30eV,LC-ESI-QFT,1,True,True,False,False,True,True,True,True,True,False,False,True,False,True,True,False,False
ALYNCZNDIQEVRV,p-Aminobenzoic acid,c1ccccc1,6,MC20,10|100|20|30|40|60,LC-ESI-ITFT,6,True,True,False,False,True,True,True,True,True,False,False,True,False,True,True,False,False
AMRSWCRLMWFDQS,"8,9-epoxy-14-oxo-germacra-1,10E,4,5Z,7,11-trienolide",C=C1C(=O)OC2C=CCCC=CC3OC3C12,1,MC14,50eV,LC-ESI-ITFT,1,False,False,False,False,False,False,False,False,False,False,False,False,False,False,False,False,False
AOQQTUFPZUDJJI,β-Isoalantolactone-Glutathione,C=C1CCCC2CC3OC(=O)CC3CC12,1,MC14,50eV,LC-ESI-ITFT,1,False,False,False,False,False,False,False,False,False,False,False,False,False,False,False,False,False
APJYDQYYACXCRM,Tryptamine,c1ccc2[nH]ccc2c1,7,"MC20,MC22",10|100|20|30|30eV|40|60,"LC-ESI-ITFT,LC-ESI-QFT",6,True,True,False,False,True,True,True,True,True,False,False,True,False,True,True,False,False
ARGKVCXINMKCAZ,neohesperidin,O=C1CC(c2ccccc2)Oc2cc(OC3OCCCC3OC3CCCCO3)ccc21,1,MC25,0.3,LC-ESI-ITFT,1,True,True,False,False,True,True,True,True,True,False,False,True,False,True,True,False,False
ATHGHQPFGPMSJY,Spermidine,__ACYCLIC__ATHGHQPFGPMSJY,7,"MC20,MC22",10|100|20|30|30eV|40|60,"LC-ESI-ITFT,LC-ESI-QFT",6,True,True,False,False,True,True,True,True,True,False,False,True,False,True,True,False,False
ATUPZONNYSDDBY,"Tifruticin, desoxy-1,2-dihydro",C=C1C(=O)OC2C=CCCCCCCC12,1,MC14,50eV,LC-ESI-ITFT,1,False,False,False,False,False,False,False,False,False,False,False,False,False,True,False,False,False
AUNGANRZJHBGPY,RIBOFLAVIN,O=c1nc2[nH]c3ccccc3nc-2c(=O)[nH]1,1,MC22,30eV,LC-ESI-QFT,1,True,True,False,False,True,True,True,True,True,False,False,True,True,True,True,False,False
AUTOLBMXDDTRRT,DETHIOBIOTIN,O=C1NCCN1,1,MC22,30eV,LC-ESI-QFT,1,True,True,False,False,True,True,True,False,True,False,False,True,False,True,True,False,False
AVFIYMSJDDGDBQ,Tomentosin,C=C1C(=O)OC2CCC=CCC12,1,MC14,50eV,LC-ESI-ITFT,1,True,True,False,False,True,False,True,True,True,False,False,True,False,True,True,False,False
AWDRATDZQPNJFN,Taurodeoxycholic acid,C1CCC2C(C1)CCC1C3CCCC3CCC21,6,MC20,10|100|20|30|40|60,LC-ESI-ITFT,6,True,True,False,False,True,True,True,True,True,False,False,True,False,True,True,False,False
AWUCVROLDVIAJX,GLYCEROL 3-PHOSPHATE,__ACYCLIC__AWUCVROLDVIAJX,1,MC22,30eV,LC-ESI-QFT,1,True,True,False,False,True,True,True,True,True,False,False,True,False,True,True,False,False
AXMVYSVVTMKQSL,Caffeic aldehyde,c1ccccc1,1,MC19,45eV,LC-ESI-ITFT,1,False,False,False,False,False,False,False,False,False,False,False,False,False,True,True,False,False
AYFVYJQAPQTCCC,L-Threonine,__ACYCLIC__AYFVYJQAPQTCCC,8,"MC20,MC22",10|100|20|30|30eV|40|60,"LC-ESI-ITFT,LC-ESI-QFT",6,True,True,False,False,True,True,True,True,True,False,False,True,False,True,True,False,False
BAURYGOYSLZFPX,14-Hydroxy-Parthenolide,C=C1C(=O)OC2C1CCC=CCCC1OC12,1,MC14,50eV,LC-ESI-ITFT,1,False,False,False,False,False,False,False,False,False,False,False,False,False,True,True,False,False
BBMLTTOFEBDQIR,Epi-Inunolide,C=C1C(=O)OC2CC=CCCC=CCC12,1,MC14,50eV,LC-ESI-ITFT,1,False,False,False,False,False,False,False,False,False,False,False,False,False,False,False,False,False
BBYIMPSUCDZNDY,"(20S)-20-(5-methyl-pyridyl-2)-5alpha-pregnan-3beta, 16alpha-diol",c1ccc(CC2CCC3C2CCC2C4CCCCC4CCC23)nc1,1,MC01,35 CID,APCI-ITFT,0,False,False,False,False,False,False,False,False,False,False,False,False,False,False,False,False,False
BBZCPUCZKLTAJQ,3-METHYL-2-OXINDOLE,O=C1Cc2ccccc2N1,1,MC22,30eV,LC-ESI-QFT,1,True,True,False,False,True,True,False,False,False,False,False,True,False,True,True,False,False
BDCDNTVZSILEOY,Quercetin-3-O-a-D-arabinopyranoside,O=c1c(OC2CCCO2)c(-c2ccccc2)oc2ccccc12,1,MC25,0.3,LC-ESI-ITFT,1,True,True,False,False,True,True,True,True,True,False,False,True,False,True,True,False,False
BDJRBEYXGGNYIS,AZELATE,__ACYCLIC__BDJRBEYXGGNYIS,1,MC22,30eV,LC-ESI-QFT,1,True,True,False,False,True,True,True,True,True,False,False,True,False,True,True,False,False
BGEBZHIAGXMEMV,Bergapten,O=c1ccc2cc3ccoc3cc2o1,1,MC19,45eV,LC-ESI-ITFT,1,True,True,False,False,True,True,True,True,True,False,False,True,False,True,True,False,False
BKAYIFDRRZZKNF,Acetylcarnosine,c1c[nH]cn1,6,MC20,10|100|20|30|40|60,LC-ESI-ITFT,6,True,True,False,False,True,True,False,False,False,False,False,True,False,True,True,False,False
BLDTUWFMPJJRPR,Salonitenolide,C=C1C(=O)OC2C=CCCC=CCCC12,1,MC14,50eV,LC-ESI-ITFT,1,False,False,False,False,False,False,False,False,False,False,False,False,False,True,True,False,False
BLGXFZZNTVWLAY,yohimbine,c1ccc2c3c([nH]c2c1)C1CC2CCCCC2CN1CC3,1,MC25,0.3,LC-ESI-ITFT,1,True,True,False,False,True,True,True,True,True,False,False,True,False,True,True,False,False
BLHCMGRVFXRYRN,6-HYDROXYNICOTINATE,c1ccncc1,1,MC22,30eV,LC-ESI-QFT,1,True,True,False,False,True,True,True,True,True,False,False,True,False,True,True,False,False
BMLZFLQMBMYVHG,Phellopterin,O=c1ccc2cc3ccoc3cc2o1,1,MC19,45eV,LC-ESI-ITFT,1,True,True,False,False,True,True,False,False,False,False,False,True,False,True,True,False,False
BMVJFNLJSZHNNS,Budlein A,C=C1C(=O)OC2C=CC3=CC(=O)C(CCC12)O3,1,MC14,50eV,LC-ESI-ITFT,1,True,True,False,False,True,False,False,False,False,False,False,False,False,True,False,False,False
BNYGSEIZBNUPPY,Costunolide-Cysteine,O=C1CC2CCC=CCCC=CC2O1,1,MC14,50eV,LC-ESI-ITFT,1,False,False,False,False,False,False,False,False,False,False,False,False,False,True,False,False,False
BOWVQLFMWHZBEF,N-Oleoylethanolamine,__ACYCLIC__BOWVQLFMWHZBEF,6,MC20,10|100|20|30|40|60,LC-ESI-ITFT,6,True,True,False,False,True,True,False,False,False,False,False,True,False,True,False,False,False
BPMFZUMJYQTVII,GUANIDINOACETATE,__ACYCLIC__BPMFZUMJYQTVII,1,MC22,30eV,LC-ESI-QFT,1,True,True,False,False,True,True,True,True,True,False,False,True,False,True,True,False,False
BRMWTNUJHUMWMS,1-METHYL-L-HISTIDINE,c1c[nH]cn1,1,MC22,30eV,LC-ESI-QFT,1,True,True,False,False,True,True,False,False,False,False,False,True,False,True,True,False,False
BTCSSZJGUNDROE,gamma-Aminobutyric acid,__ACYCLIC__BTCSSZJGUNDROE,7,"MC20,MC22",10|100|20|30|30eV|40|60,"LC-ESI-ITFT,LC-ESI-QFT",6,True,True,False,False,True,True,True,True,True,False,False,True,False,True,True,False,False
BUIOBTSUIYLOKG,Erioflorin,C=C1C(=O)OC2C=CCCC3OC3CCC12,1,MC14,50eV,LC-ESI-ITFT,1,False,False,False,False,False,False,False,False,False,False,False,False,False,False,False,False,False
BVLZHYPKYFERCH,γ-Isoalantolactone-Glutathione,O=C1CC2CC3=CCCCC3CC2O1,1,MC14,50eV,LC-ESI-ITFT,1,False,False,False,False,False,False,False,False,False,False,False,False,False,False,False,False,False
BXNJHAXVSOCGBA,harmine,c1ccc2c(c1)[nH]c1cnccc12,1,MC25,0.3,LC-ESI-ITFT,1,True,True,False,False,True,True,True,True,True,False,False,True,False,True,True,False,False
BYMOGFTUZUEFHY,Dehydrotomatine,C1=C2CC(OC3CCC(OC4OCCC(OC5CCCCO5)C4OC4CCCCO4)CO3)CCC2C2CCC3C4CC5(CCCCN5)OC4CC3C2C1,2,MC19,35eV,LC-ESI-ITFT,1,False,False,False,False,False,False,False,False,False,False,False,False,False,False,False,False,False
BZORFPDSXLZWJF,"N,N-DIMETHYL-1,4-PHENYLENEDIAMINE",c1ccccc1,1,MC22,30eV,LC-ESI-QFT,1,True,True,False,False,True,False,False,False,False,False,False,False,False,True,True,False,False
BZQFBWGGLXLEPQ,DL-O-Phosphoserine,__ACYCLIC__BZQFBWGGLXLEPQ,8,"MC20,MC22",10|100|20|30|30eV|40|60,"LC-ESI-ITFT,LC-ESI-QFT",6,True,True,False,False,True,True,True,True,True,False,False,True,False,True,True,False,False
CBQJSKKFNMDLON,N-ACETYLPHENYLALANINE,c1ccccc1,1,MC22,30eV,LC-ESI-QFT,1,True,True,False,False,True,True,True,True,True,False,False,True,False,True,True,False,False
CDAWCLOXVUBKRW,2-AMINOPHENOL,c1ccccc1,1,MC22,30eV,LC-ESI-QFT,1,True,True,False,False,True,True,False,False,False,False,False,False,False,True,True,False,False
CDOSHBSSFJOMGT,(-)-linalool,__ACYCLIC__CDOSHBSSFJOMGT,1,MC01,35 CID,APCI-ITFT,0,True,True,False,False,True,True,True,True,True,False,False,True,False,True,True,False,False
CHBBSMUTOCUVDW,"7,8-Dimethoxychromen-2-one",O=c1ccc2ccccc2o1,2,MC19,45eV,LC-ESI-ITFT,1,True,True,False,False,True,False,True,True,True,False,False,True,False,True,True,False,False
CHKPFVHCBRAVJP,Haageanolide,C=C1C(=O)OC2C=CCCC=CCCC12,1,MC14,50eV,LC-ESI-ITFT,1,False,False,False,False,False,False,False,False,False,False,False,False,False,True,True,False,False
CIWBSHSKHKDKBQ,ASCORBATE,O=C1C=CCO1,1,MC22,30eV,LC-ESI-QFT,1,True,True,False,False,True,False,True,True,True,False,False,True,False,True,True,False,False
CJXMVKYNVIGQBS,4-Hydroxycinnamaldehyde,c1ccccc1,1,MC19,45eV,LC-ESI-ITFT,1,True,True,False,False,True,True,False,False,False,False,False,False,False,True,True,False,False
CKLJMWTZIZZHCS,ASPARTATE,__ACYCLIC__CKLJMWTZIZZHCS,1,MC22,30eV,LC-ESI-QFT,1,True,True,False,False,True,True,True,True,True,False,False,True,False,True,True,False,False
CKTSBUTUHBMZGZ,DEOXYCYTIDINE,O=c1ncccn1C1CCCO1,1,MC22,30eV,LC-ESI-QFT,1,True,True,False,False,True,True,True,True,True,False,False,True,False,True,True,False,False
COCNDHOPIHDTHK,5-Methoxyindoleacetate,c1ccc2[nH]ccc2c1,6,MC20,10|100|20|30|40|60,LC-ESI-ITFT,6,True,True,False,False,True,True,True,True,True,False,False,True,False,True,True,False,False
COLNVLDHVKWLRT,DL-Phenylalanine,c1ccccc1,8,"MC19,MC20,MC22",10|100|20|30|30eV|40|45eV|60,"LC-ESI-ITFT,LC-ESI-QFT",6,True,True,False,False,True,True,True,True,True,False,False,True,False,True,True,False,False
CPAGZVLINCPJEH,3-METHYLHISTAMINE,c1c[nH]cn1,1,MC22,30eV,LC-ESI-QFT,1,True,True,False,False,True,True,False,False,False,False,False,True,False,True,True,False,False
CPPAWCQANCLZEO,5-Hydroxy-7-methoxychromen-2-one,O=c1ccc2ccccc2o1,1,MC19,45eV,LC-ESI-ITFT,1,False,False,False,False,False,False,False,False,False,False,False,False,False,True,True,False,False
CQLRUIIRRZYHHS,isorhamnetin 3-O-glucoside,O=c1c(OC2CCCCO2)c(-c2ccccc2)oc2ccccc12,1,MC25,0.3,LC-ESI-ITFT,1,True,True,False,False,True,True,True,True,True,False,False,True,False,True,True,False,False
CQOVPNPJLQNMDC,Carnosine,c1c[nH]cn1,7,"MC20,MC22",10|100|20|30|30eV|40|60,"LC-ESI-ITFT,LC-ESI-QFT",6,True,True,False,False,True,True,True,True,True,False,False,True,False,True,True,False,False
CRSFLLTWRCYNNX,Fraxin,O=c1ccc2cccc(OC3CCCCO3)c2o1,1,MC19,45eV,LC-ESI-ITFT,1,True,True,False,False,True,True,True,False,True,False,False,True,False,True,True,False,False
CSWGBLVUKVWCOS,14-Hydroxy-Costunolide,C=C1C(=O)OC2C=CCCC=CCCC12,1,MC14,50eV,LC-ESI-ITFT,1,False,False,False,False,False,False,False,False,False,False,False,False,False,True,True,False,False
CSYYHGVTSAUQEW,Viguilenin,C=C1C(=O)OC2CCC3CCC(CCC12)O3,1,MC14,50eV,LC-ESI-ITFT,1,False,False,False,False,False,False,False,False,False,False,False,False,False,False,False,False,False
CTJZWFCPUDPLME,Heraclenin,O=c1ccc2cc3ccoc3c(OCC3CO3)c2o1,1,MC19,45eV,LC-ESI-ITFT,1,True,True,False,False,True,True,True,True,True,False,False,True,False,True,True,False,False
CUICTWWBLRZLES,Tifruticin,C=C1C(=O)OC2C=CC(=O)C=CCCCC12,1,MC14,50eV,LC-ESI-ITFT,1,False,False,False,False,False,False,False,False,False,False,False,False,False,False,True,False,False
CVJVKWSECGMGCW,N-FeruloylAgmatine,c1ccccc1,1,MC19,35eV,LC-ESI-ITFT,1,False,False,False,False,False,False,False,False,False,False,False,False,False,True,True,False,False
CVSVTCORWBXHQV,Creatine,__ACYCLIC__CVSVTCORWBXHQV,7,"MC20,MC22",10|100|20|30|30eV|40|60,"LC-ESI-ITFT,LC-ESI-QFT",6,True,True,False,False,True,True,True,True,True,False,False,True,False,True,True,False,False
CVUANYCQTOGILD,β-Isoalantolactone,C=C1CCCC2CC3OC(=O)C(=C)C3CC12,1,MC14,50eV,LC-ESI-ITFT,1,True,True,False,False,True,False,True,True,True,False,False,True,False,True,True,False,False
CWOJBEDMJKZKAB,8-Methylthiooctyl glucosinolate,C1CCOCC1,1,MC15,30,LC-ESI-ITFT,1,False,False,False,False,False,False,False,False,False,False,False,False,False,True,True,False,False
CWVRJTMFETXNAD,Chlorogenic acid,O=C(C=Cc1ccccc1)OC1CCCCC1,6,"MC09,MC19,MC25","0.3|15,30,45 (NCE)|35eV","LC-ESI-ITFT,LC-ESI-QFT",1,True,True,False,False,True,True,True,True,True,False,False,True,False,True,True,False,False
CXQWRCVTCMQVQX,Taxifolin,O=C1CC(c2ccccc2)Oc2ccccc21,1,MC19,35eV,LC-ESI-ITFT,1,True,True,False,False,True,True,True,False,True,False,False,True,False,True,True,False,False
CYMAWWCMMZZOTB,Farinosin,C=C1C(=O)C=CC2CC3OC(=O)CC3CC12,1,MC14,50eV,LC-ESI-ITFT,1,False,False,False,False,False,False,False,False,False,False,False,False,False,False,False,False,False
CZORDMACTVHUCP,Alantolactone-Glutathione,O=C1CC2C=C3CCCCC3CC2O1,1,MC14,50eV,LC-ESI-ITFT,1,False,False,False,False,False,False,False,False,False,False,False,False,False,False,False,False,False
DANYIYRPLHHOCZ,Acacetin,O=c1cc(-c2ccccc2)oc2ccccc12,2,"MC19,MC25",0.3|45eV,LC-ESI-ITFT,1,True,True,False,False,True,True,True,True,True,False,False,True,False,True,True,False,False
DAYLJWODMCOQEW,NICOTINAMIDE MONONUCLEOTIDE,c1cc[n+](C2CCCO2)cc1,1,MC22,30eV,LC-ESI-QFT,1,True,True,False,False,True,True,True,True,True,False,False,True,False,True,True,False,False
DBMJZOMNXBSRED,Bergamottin,O=c1ccc2cc3ccoc3cc2o1,1,MC19,45eV,LC-ESI-ITFT,1,True,True,False,False,True,True,False,False,False,False,False,True,False,True,True,False,False
DBYQNZJJUBKANY,"2-oxo-8(2-methyl-2,3-epoxybutanoyl)-guaia-3,10(14),11(13)-trien-6,12-olide",C=C1CC(OC(=O)C2CO2)C2C(=C)C(=O)OC2C2C=CC(=O)C12,1,MC14,50eV,LC-ESI-ITFT,1,False,False,False,False,False,False,False,False,False,False,False,False,False,False,False,False,False
DCQBOIHKCBTVFH,5alpha-Solanidan-3-on,O=C1CCC2C(CCC3C2CCC2C3CC3C2CC2CCCCN23)C1,1,MC01,35 CID,APCI-ITFT,0,False,False,False,False,False,False,False,False,False,False,False,False,False,False,False,False,False
DCTLYFZHFGENCW,XANTHOSINE-MONOPHOSPHATE,O=c1[nH]c(=O)c2ncn(C3CCCO3)c2[nH]1,1,MC22,30eV,LC-ESI-QFT,1,True,True,False,False,True,True,False,False,False,False,False,False,False,True,True,False,False
DCXYFEDJOCDNAF,L-Asparagine,__ACYCLIC__DCXYFEDJOCDNAF,7,"MC20,MC22",10|100|20|30|30eV|40|60,"LC-ESI-ITFT,LC-ESI-QFT",6,True,True,False,False,True,True,True,True,True,False,False,True,False,True,True,False,False
DCYOADKBABEMIQ,Myricitrin,O=c1c(OC2CCCCO2)c(-c2ccccc2)oc2ccccc12,1,MC25,0.3,LC-ESI-ITFT,1,True,True,False,False,True,True,False,False,False,False,False,True,False,True,True,False,False
DDRJAANPRJIHGJ,Creatinine,N=C1NCC(=O)N1,7,"MC20,MC22",10|100|20|30|30eV|40|60,"LC-ESI-ITFT,LC-ESI-QFT",6,True,True,False,False,True,True,True,True,True,False,False,True,False,True,False,False,False
DFMAXQKDIGCMTL,Isopimpinellin,O=c1ccc2cc3ccoc3cc2o1,1,MC19,45eV,LC-ESI-ITFT,1,True,True,False,False,True,True,True,True,True,False,False,True,False,True,True,False,False
DFPAKSUCGFBDDF,Niacinamide,c1ccncc1,7,"MC20,MC22",10|100|20|30|30eV|40|60,"LC-ESI-ITFT,LC-ESI-QFT",6,True,True,False,False,True,True,True,True,True,False,False,True,False,True,True,False,False
DFPMSGMNTNDNHN,Naringin,O=C1CC(c2ccccc2)Oc2cc(OC3OCCCC3OC3CCCCO3)ccc21,2,"MC19,MC25",0.3|45eV,LC-ESI-ITFT,1,True,True,False,False,True,True,True,True,True,False,False,True,False,True,True,False,False
DGVSIBCCYUVRNA,NICOTINAMIDE HYPOXANTHINE DINUCLEOTIDE,O=c1nc[nH]c2c1ncn2C1CCC(CO[PH](=O)O[PH](=O)OCC2CCC([n+]3ccccc3)O2)O1,1,MC22,30eV,LC-ESI-QFT,1,False,False,False,False,False,False,False,False,False,False,False,False,False,False,False,False,False
DHCLVCXQIBBOPH,BETA-GLYCEROPHOSPHATE,__ACYCLIC__DHCLVCXQIBBOPH,1,MC22,30eV,LC-ESI-QFT,1,True,True,False,False,True,True,True,True,True,False,False,True,False,True,True,False,False
DHMQDGOQFOQNFH,Glycine,__ACYCLIC__DHMQDGOQFOQNFH,6,MC20,10|100|20|30|40|60,LC-ESI-ITFT,6,True,True,False,False,True,True,True,True,True,False,False,True,False,True,True,False,False
DIVDFFZHCJEHGG,6-HYDROXYDOPAMINE,c1ccccc1,1,MC22,30eV,LC-ESI-QFT,1,True,True,False,False,True,True,False,False,False,False,False,False,False,True,True,False,False
DIVQKHQLANKJQO,3-Methoxytyramine,c1ccccc1,7,"MC20,MC22",10|100|20|30|30eV|40|60,"LC-ESI-ITFT,LC-ESI-QFT",6,True,True,False,False,True,True,True,True,True,False,False,True,False,True,True,False,False
DJJCXFVJDGTHFX,URIDINE MONOPHOSPHATE,O=c1ccn(C2CCCO2)c(=O)[nH]1,1,MC22,30eV,LC-ESI-QFT,1,True,True,False,False,True,True,True,True,True,False,False,True,False,True,True,False,False
DLCJNIBLOSKIQW,Sphondin,O=c1ccc2ccc3occc3c2o1,1,MC19,45eV,LC-ESI-ITFT,1,True,True,False,False,True,True,True,False,True,False,False,True,False,True,True,False,False
DLFVBJFMPXGRIB,Acetamide,__ACYCLIC__DLFVBJFMPXGRIB,6,MC20,10|100|20|30|40|60,LC-ESI-ITFT,6,False,False,False,False,False,False,False,False,False,False,False,True,False,False,False,False,False
DNDNWOWHUWNBCK,3-Indolylmethylglucosinolate,N=C(Cc1c[nH]c2ccccc12)SC1CCCCO1,1,MC15,30,LC-ESI-ITFT,1,False,False,False,False,False,False,True,True,True,False,False,False,False,False,True,False,False
DNVPQKQSNYMLRS,Ergosterol,C1=C2CCCCC2C2CCC3CCCC3C2=C1,1,MC01,35 CID,APCI-ITFT,0,True,True,False,False,True,False,True,True,True,False,False,True,False,True,True,False,False
DNXHEGUUPJUMQT,Estrone (E1),O=C1CCC2C1CCC1c3ccccc3CCC12,1,MC22,30eV,LC-ESI-QFT,1,True,True,False,False,True,True,True,True,True,False,False,True,False,True,True,False,False
DRBBFCLWYRJSJZ,PHOSPHOCREATINE,__ACYCLIC__DRBBFCLWYRJSJZ,1,MC22,30eV,LC-ESI-QFT,1,True,True,False,False,True,True,False,False,False,False,False,True,False,True,False,False,False
DRLFMBDRBRZALE,MELATONIN,c1ccc2[nH]ccc2c1,1,MC22,30eV,LC-ESI-QFT,1,True,True,False,False,True,True,True,True,True,False,False,True,False,True,True,False,False
DRTQHJPVMGBUCF,URIDINE,O=c1ccn(C2CCCO2)c(=O)[nH]1,1,MC22,30eV,LC-ESI-QFT,1,True,True,False,False,True,True,True,True,True,False,False,True,False,True,True,False,False
DTOSIQBPPRVQHS,alpha-Linolenic acid,__ACYCLIC__DTOSIQBPPRVQHS,6,MC20,10|100|20|30|40|60,LC-ESI-ITFT,6,True,True,False,False,True,True,True,True,True,False,False,True,False,True,True,False,False
DUUGKQCEGZLZNO,5-Hydroxyindoleacetic acid,c1ccc2[nH]ccc2c1,7,"MC20,MC22",10|100|20|30|30eV|40|60,"LC-ESI-ITFT,LC-ESI-QFT",6,True,True,False,False,True,True,True,True,True,False,False,True,False,True,True,False,False
DUYSYHSSBDVJSM,Sphingosine 1-phosphate,__ACYCLIC__DUYSYHSSBDVJSM,6,MC20,10|100|20|30|40|60,LC-ESI-ITFT,6,True,True,False,False,True,True,False,False,False,False,False,False,False,True,False,False,False
DVGGLGXQSFURLP,tiliroside,O=C(C=Cc1ccccc1)OCC1CCCC(Oc2c(-c3ccccc3)oc3ccccc3c2=O)O1,1,MC25,0.3,LC-ESI-ITFT,1,True,True,False,False,True,True,True,True,True,False,False,True,False,True,True,False,False
DZEPISXWRUMGFN,"4,9-Dihydroxyfuro[3,2-g]chromen-7-one",O=c1ccc2cc3ccoc3cc2o1,1,MC19,45eV,LC-ESI-ITFT,1,False,False,False,False,False,False,False,False,False,False,False,False,False,True,True,False,False
DZGWFCGJZKJUFP,Tyramine,c1ccccc1,7,"MC20,MC22",10|100|20|30|30eV|40|60,"LC-ESI-ITFT,LC-ESI-QFT",6,True,True,False,False,True,True,True,True,True,False,False,True,False,True,True,False,False
DZTHIGRZJZPRDV,N-ACETYLTRYPTOPHAN,c1ccc2[nH]ccc2c1,1,MC22,30eV,LC-ESI-QFT,1,True,True,False,False,True,True,True,True,True,False,False,True,False,True,True,False,False
DZTWAOVNNLDWNH,Heliangine,C=C1C(=O)OC2C=CCCC3OC3CCC12,1,MC14,50eV,LC-ESI-ITFT,1,False,False,False,False,False,False,False,False,False,False,False,False,False,False,False,False,False
FATBGEAMYMYZAF,Oleamide,__ACYCLIC__FATBGEAMYMYZAF,6,MC20,10|100|20|30|40|60,LC-ESI-ITFT,6,True,True,False,False,True,False,True,True,True,False,False,True,False,True,True,False,False
FBBNBCYJERUAGT,15beta-Hydroxy-sola-dulcidin,C1CCC2(CC3C(CC4C3CCC3C5CCCCC5CCC34)O2)NC1,1,MC01,35 CID,APCI-ITFT,0,False,False,False,False,False,False,False,False,False,False,False,False,False,True,True,False,False
FBPFZTCFMRRESA,GALACTITOL,__ACYCLIC__FBPFZTCFMRRESA,3,MC22,30eV,LC-ESI-QFT,1,True,True,False,False,True,True,True,True,True,False,False,True,False,True,True,False,False
FBTSQILOGYXGMD,3-Nitrotyrosine,c1ccccc1,7,"MC20,MC22",10|100|20|30|30eV|40|60,"LC-ESI-ITFT,LC-ESI-QFT",6,True,True,False,False,True,True,False,False,False,False,False,True,False,True,True,False,False
FBZONXHGGPHHIY,XANTHURENATE,c1ccc2ncccc2c1,1,MC22,30eV,LC-ESI-QFT,1,True,True,False,False,True,True,True,True,True,False,False,True,False,True,True,False,False
FCCDDURTIIUXBY,LIPOAMIDE,C1CSSC1,1,MC22,30eV,LC-ESI-QFT,1,True,True,False,False,True,True,False,False,False,False,False,False,False,True,True,False,False
FDGQSTZJBFJUBT,HYPOXANTHINE,c1ncc2[nH]cnc2n1,1,MC22,30eV,LC-ESI-QFT,1,True,True,False,False,True,True,True,False,True,False,False,True,False,True,True,False,False
FEFAIBOZOKSLJR,Miltirone,O=C1C=Cc2ccc3c(c2C1=O)CCCC3,1,MC09,"15,30,45 (NCE)",LC-ESI-QFT,0,False,False,False,False,False,False,False,False,False,False,False,True,False,False,False,False,False
FEMXZDUTFRTWPE,DIHYDROBIOPTERIN,O=c1nc[nH]c2c1N=CCN2,1,MC22,30eV,LC-ESI-QFT,1,True,True,False,False,True,True,False,False,False,False,False,True,False,False,False,False,False
FFEARJCKVFRZRR,Racemethionine,__ACYCLIC__FFEARJCKVFRZRR,8,"MC19,MC20,MC22",10|100|20|30|30eV|40|45eV|60,"LC-ESI-ITFT,LC-ESI-QFT",6,True,True,False,False,True,True,True,True,True,False,False,True,False,True,True,False,False
FFFHZYDWPBMWHY,Homocysteine,__ACYCLIC__FFFHZYDWPBMWHY,7,"MC20,MC22",10|100|20|30|30eV|40|60,"LC-ESI-ITFT,LC-ESI-QFT",6,True,True,False,False,True,True,False,False,False,False,False,True,False,True,False,False,False
FGJATCOCAOQTBA,"Eupasserin, dessarracenate",C=C1C(=O)OC2C=CCCC=CCCC12,1,MC14,50eV,LC-ESI-ITFT,1,False,False,False,False,False,False,False,False,False,False,False,False,False,True,True,False,False
FJKROLUGYXJWQN,4-HYDROXYBENZOATE,c1ccccc1,1,MC22,30eV,LC-ESI-QFT,1,True,True,False,False,True,True,False,False,False,False,False,True,False,True,True,False,False
FKBYLKGHMBGEOZ,Heliangin-3-O-acetyl,C=C1C(=O)OC2C=CCCC3OC3CCC12,1,MC14,50eV,LC-ESI-ITFT,1,False,False,False,False,False,False,False,False,False,False,False,False,False,False,False,False,False
FMGSKLZLMKYGDP,Dehydroepiandrosterone,O=C1CCC2C1CCC1C3CCCCC3=CCC21,6,MC20,10|100|20|30|40|60,LC-ESI-ITFT,6,True,True,False,False,True,True,True,True,True,False,False,True,False,True,True,False,False
FNJSWIPFHMKRAT,Monomethyl phthalate,c1ccccc1,6,MC20,10|100|20|30|40|60,LC-ESI-ITFT,6,True,True,False,False,True,True,True,True,True,False,False,True,False,True,True,False,False
FOINLJRVEBYARJ,Heraclenol,O=c1ccc2cc3ccoc3cc2o1,1,MC19,45eV,LC-ESI-ITFT,1,True,True,False,False,True,True,True,True,True,False,False,True,False,True,True,False,False
FOMYLMGOSTVYEE,Myricetin-3-O-(6''-O-galloyl)-β-D-galactopyranoside,O=C(OCC1CCCC(Oc2c(-c3ccccc3)oc3ccccc3c2=O)O1)c1ccccc1,1,MC25,0.3,LC-ESI-ITFT,1,True,True,False,False,True,True,True,False,True,False,False,True,False,True,True,False,False
FPUXKXIZEIDQKW,Ginkgolide A,O=C1CC2C(CC34C5CCC36CC(=O)OC6OC24C(=O)O5)O1,1,MC09,"15,30,45 (NCE)",LC-ESI-QFT,0,True,False,True,False,True,False,True,True,True,False,False,True,False,True,True,False,False
FSASIHFSFGAIJM,3-METHYLADENINE,c1nc2cnc[nH]c-2n1,1,MC22,30eV,LC-ESI-QFT,1,True,True,False,False,False,True,False,False,False,False,False,False,False,False,True,False,False
FTMZLSDESAOPSZ,N-Heptanoyl-L-homoserine lactone,O=C1CCCO1,6,MC20,10|100|20|30|40|60,LC-ESI-ITFT,6,True,True,False,False,True,False,False,False,False,False,False,False,False,True,True,False,False
FTODBIPDTXRIGS,Homoeriodictyol,O=C1CC(c2ccccc2)Oc2ccccc21,1,MC19,45eV,LC-ESI-ITFT,1,True,True,False,False,True,True,True,False,True,False,False,True,False,True,True,False,False
FTVWIRXFELQLPI,Naringenin,O=C1CC(c2ccccc2)Oc2ccccc21,2,"MC19,MC25",0.3|45eV,LC-ESI-ITFT,1,True,True,False,False,True,True,True,True,True,False,False,True,True,True,True,False,False
FUJLYHJROOYKRA,LAUROYLCARNITINE,__ACYCLIC__FUJLYHJROOYKRA,1,MC22,30eV,LC-ESI-QFT,1,True,True,False,False,True,True,True,True,True,False,False,True,False,True,True,False,False
FURUXTVZLHCCNA,Liquiritigenin,O=C1CC(c2ccccc2)Oc2ccccc21,1,MC19,45eV,LC-ESI-ITFT,1,True,True,False,False,True,True,True,True,True,False,False,True,False,True,True,False,False
FVMDYYGIDFPZAX,3-HYDROXYPHENYLACETATE,c1ccccc1,1,MC22,30eV,LC-ESI-QFT,1,True,True,False,False,True,True,True,True,True,False,False,True,False,True,True,False,False
FWFSEYBSWVRWGL,2-cyclohexen-1-one,O=C1C=CCCC1,1,MC01,35 CID,APCI-ITFT,0,False,False,False,False,False,False,False,False,False,False,False,False,False,True,True,False,False
FWOAAAUYUVVHOD,Argophyllin B,C=C1C(=O)OC2CCCCC3OC3CCC12,1,MC14,50eV,LC-ESI-ITFT,1,False,False,False,False,False,False,False,False,False,False,False,False,False,False,False,False,False
FWYSBEAFFPBAQU,Marmesin,O=c1ccc2cc3c(cc2o1)OCC3,1,MC19,45eV,LC-ESI-ITFT,1,True,True,False,False,True,True,True,True,True,False,False,True,False,True,True,False,False
GAUXAVRUOXNEEG,Tomentosin-Cysteine,O=C1CC2CC=CCCC2O1,1,MC14,50eV,LC-ESI-ITFT,1,False,False,False,False,False,False,False,False,False,False,False,False,False,False,False,False,False
GBFLZEXEOZUWRN,S-CARBOXYMETHYLCYSTEINE,__ACYCLIC__GBFLZEXEOZUWRN,1,MC22,30eV,LC-ESI-QFT,1,True,True,False,False,True,True,True,True,True,False,False,True,False,True,True,False,False
GCGTXOVNNFGTPQ,Cer(d18:0/16:0),__ACYCLIC__GCGTXOVNNFGTPQ,6,MC20,10|100|20|30|40|60,LC-ESI-ITFT,6,True,True,False,False,True,True,False,False,False,False,False,False,False,True,False,False,False
GDFVLFBHNREYBP,Paniculogenin,C1CCC2(CC3C(CC4C3CCC3C5CCCCC5CCC34)O2)OC1,1,MC01,35 CID,APCI-ITFT,0,False,False,False,False,False,False,False,False,False,False,False,False,False,True,True,False,False
GEWDNTWNSAZUDX,Methyl jasmonate,O=C1CCCC1,7,"MC19,MC20",10|100|20|30|40|45eV|60,LC-ESI-ITFT,6,True,True,False,False,True,True,True,False,True,False,False,True,False,True,True,False,False
GFFGJBXGBJISGV,Adenine,c1ncc2[nH]cnc2n1,7,"MC20,MC22",10|100|20|30|30eV|40|60,"LC-ESI-ITFT,LC-ESI-QFT",6,True,True,False,False,True,True,True,True,True,False,False,True,False,True,True,False,False
GFYLSDSUCHVORB,1-METHYLADENOSINE,N=c1[nH]cnc2c1ncn2C1CCCO1,1,MC22,30eV,LC-ESI-QFT,1,True,True,False,False,True,True,False,False,True,True,False,True,False,True,False,True,False
GHCZAUBVMUEKKP,Chenodeoxycholic acid glycine conjugate,C1CCC2C(C1)CCC1C3CCCC3CCC21,7,"MC20,MC22",10|100|20|30|30eV|40|60,"LC-ESI-ITFT,LC-ESI-QFT",6,True,True,False,False,True,True,True,True,True,False,False,True,False,True,True,False,False
GHOKWGTUZJEAQD,Pantothenic acid,__ACYCLIC__GHOKWGTUZJEAQD,7,"MC20,MC22",10|100|20|30|30eV|40|60,"LC-ESI-ITFT,LC-ESI-QFT",6,True,True,False,False,True,True,True,True,True,False,False,True,False,True,True,False,False
GIJHDGJRTUSBJR,Bergaptol,O=c1ccc2cc3ccoc3cc2o1,1,MC19,45eV,LC-ESI-ITFT,1,True,True,False,False,True,False,True,True,True,False,False,True,False,True,True,False,False
GJAWHXHKYYXBSV,Quinolinic acid,c1ccncc1,7,"MC20,MC22",10|100|20|30|30eV|40|60,"LC-ESI-ITFT,LC-ESI-QFT",6,True,True,False,False,True,True,True,True,True,False,False,True,False,True,True,False,False
GKNYXIUCYIOHPA,"(3S,5S,8R,9S,10S,13S,14S,17S)-17-((R)-1-hydroxy-1-((2R,5R)-5-methylpiperidin-2-yl)ethyl)-10,13-dimethylhexadecahydro-1H-cyclopenta[a]phenanthren-3-yl acetate",C1CCC(CC2CCC3C2CCC2C4CCCCC4CCC23)NC1,3,MC01,70 HCD,APCI-ITFT,0,False,False,False,False,False,False,False,False,False,False,False,False,False,False,False,False,False
GKOZNCSSYNUGPD,Robustine,C1CCC2(CC3C(CC4C3CCC3C5CCC(OC6OCC(OC7OCCCC7OC7CCCCO7)CC6OC6CCCCO6)CC5CCC34)O2)NC1,1,MC01,35 CID,APCI-ITFT,0,False,False,False,False,False,False,False,False,False,False,False,False,False,False,False,False,False
GLDQAMYCGOIJDV,"2,3-DIHYDROXYBENZOATE",c1ccccc1,1,MC22,30eV,LC-ESI-QFT,1,False,False,False,False,False,False,False,False,False,False,False,True,False,True,True,False,False
GMKMEZVLHJARHF,DIAMINOPIMELATE,__ACYCLIC__GMKMEZVLHJARHF,1,MC22,30eV,LC-ESI-QFT,1,True,True,False,False,True,True,False,False,False,False,False,True,False,True,False,False,False
GMMLNKINDDUDCF,4-Methylsulphinylbutyl glucosinolate,C1CCOCC1,1,MC15,30,LC-ESI-ITFT,1,True,True,False,False,True,True,False,False,False,False,False,True,False,True,True,False,False
GNISQJGXJIDKDJ,O-SUCCINYL-HOMOSERINE,__ACYCLIC__GNISQJGXJIDKDJ,1,MC22,30eV,LC-ESI-QFT,1,True,True,False,False,True,True,False,False,False,False,False,False,False,True,False,False,False
GNMSLDIYJOSUSW,N-ACETYLPROLINE,C1CCNC1,1,MC22,30eV,LC-ESI-QFT,1,True,True,False,False,True,True,False,False,False,False,False,True,False,True,True,False,False
GOLXRNDWAUTYKT,3-Indolepropionic acid,c1ccc2[nH]ccc2c1,1,MC19,45eV,LC-ESI-ITFT,1,True,True,False,False,True,True,True,True,True,False,False,True,False,True,True,False,False
GRJNALFUDKJZMD,"(22S,25S)-22,26-Acetimino-5alpha-cholestan-3beta, 16alpha-diol",C1CCC(CC2CCC3C2CCC2C4CCCCC4CCC23)NC1,1,MC01,35 CID,APCI-ITFT,0,False,False,False,False,False,False,False,False,False,False,False,False,False,False,False,False,False
GRSZFWQUAKGDAV,INOSINE MONOPHOSPHATE,O=c1[nH]cnc2c1ncn2C1CCCO1,2,MC22,30eV,LC-ESI-QFT,1,True,True,False,False,True,True,True,True,True,False,False,True,False,True,True,False,False
GRWFGVWFFZKLTI,(+)-α-Pinene,C1=CC2CC(C1)C2,1,MC01,35 CID,APCI-ITFT,0,True,True,False,False,True,False,False,False,False,False,False,True,False,True,False,False,False
GSEJCLTVZPLZKY,Triethanolamine,__ACYCLIC__GSEJCLTVZPLZKY,6,MC20,10|100|20|30|40|60,LC-ESI-ITFT,6,True,True,False,False,True,True,False,False,False,False,False,False,False,True,False,False,False
GTZCVFVGUGFEME,TRANS-ACONITATE,__ACYCLIC__GTZCVFVGUGFEME,1,MC22,30eV,LC-ESI-QFT,1,False,False,False,False,False,False,False,False,False,False,False,True,False,False,False,False,False
GUAFOGOEJLSQBT,Scoparone,O=c1ccc2ccccc2o1,2,MC19,45eV,LC-ESI-ITFT,1,True,True,False,False,True,True,False,False,False,False,False,True,False,True,True,False,False
GUNURVWAJRRUAV,N1-ACETYLSPERMINE,__ACYCLIC__GUNURVWAJRRUAV,1,MC22,30eV,LC-ESI-QFT,1,True,True,False,False,True,True,False,False,False,False,False,False,False,True,False,False,False
GVJHHUAWPYXKBD,alpha-Tocopherol,c1ccc2c(c1)CCCO2,6,MC20,10|100|20|30|40|60,LC-ESI-ITFT,6,True,True,False,False,True,True,True,True,True,False,False,True,False,True,True,False,False
GVKRUTFARUBHKM,"Tomentosin, 4-hydroxy-11,13-dihydro",O=C1CC2CC=CCCC2O1,1,MC14,50eV,LC-ESI-ITFT,1,False,False,False,False,False,False,False,False,False,False,False,False,False,False,False,False,False
GWEHVDNNLFDJLR,"1,3-Diphenylurea",O=C(Nc1ccccc1)Nc1ccccc1,1,MC19,45eV,LC-ESI-ITFT,1,True,True,False,False,True,True,False,False,False,False,False,False,False,True,True,False,False
GWQOKSGICREUKH,"desacetyl-ovatifolin,9ß-hydroxy-8ß-ageloyloxy",C=C1C(=O)OC2C=CCCC=CCCC12,1,MC14,50eV,LC-ESI-ITFT,1,False,False,False,False,False,False,False,False,False,False,False,False,False,True,True,False,False
GXIURPTVHJPJLF,2-PHOSPHOGLYCERATE,__ACYCLIC__GXIURPTVHJPJLF,1,MC22,30eV,LC-ESI-QFT,1,True,True,False,False,True,True,True,True,True,False,False,True,False,True,True,False,False
GYOZYWVXFNDGLU,THYMIDINE-MONOPHOSPHATE,O=c1ccn(C2CCCO2)c(=O)[nH]1,1,MC22,30eV,LC-ESI-QFT,1,True,True,False,False,True,True,True,True,True,False,False,True,False,True,True,False,False
GZYPWOGIYAIIPV,Ginsenoside Rb1,C1CCC(OCC2CCCC(OCC3CCC4C3CCC3C5CCC(OC6OCCCC6OC6CCCCO6)CC5CCC43)O2)OC1,1,MC09,"15,30,45 (NCE)",LC-ESI-QFT,0,False,False,False,False,False,False,False,False,False,False,False,True,False,False,False,False,False
HAQWEMHXSIRYBE,7-Hydroxy-8-methoxychromen-2-one,O=c1ccc2ccccc2o1,1,MC19,45eV,LC-ESI-ITFT,1,False,False,False,False,False,False,False,False,False,False,False,False,False,True,True,False,False
HAVWRBANWNTOJX,Fraxetin,O=c1ccc2ccccc2o1,1,MC19,45eV,LC-ESI-ITFT,1,True,True,False,False,True,True,False,False,False,False,False,True,False,True,True,False,False
HBJXRRXWHSHZPU,alpha-Linolenoyl ethanolamide,__ACYCLIC__HBJXRRXWHSHZPU,6,MC20,10|100|20|30|40|60,LC-ESI-ITFT,6,True,True,False,False,True,True,False,False,False,False,False,False,False,True,False,False,False
HCXVJBMSMIARIN,Stigmasterol,C1=C2CCCCC2C2CCC3CCCC3C2C1,1,MC01,35 CID,APCI-ITFT,0,True,True,False,False,True,False,False,False,False,False,False,False,False,True,True,False,False
HCZHHEIFKROPDY,Kynurenic acid,O=c1cc[nH]c2ccccc12,7,"MC20,MC22",10|100|20|30|30eV|40|60,"LC-ESI-ITFT,LC-ESI-QFT",6,True,True,False,False,True,True,True,True,True,False,False,True,True,True,True,False,False
HEBKCHPVOIAQTA,XYLITOL,__ACYCLIC__HEBKCHPVOIAQTA,2,MC22,30eV,LC-ESI-QFT,1,True,True,False,False,True,True,True,True,True,False,False,True,False,True,True,False,False
HFCYZXMHUIHAQI,thidiazuron,O=C(Nc1ccccc1)Nc1cnns1,1,MC19,45eV,LC-ESI-ITFT,1,True,True,False,False,True,True,True,True,True,False,False,False,False,True,True,False,False
HGUVPEBGCAVWID,Saponarin,O=c1cc(-c2ccccc2)oc2cc(OC3CCCCO3)c(C3CCCCO3)cc12,1,MC19,45eV,LC-ESI-ITFT,1,True,True,False,False,True,True,True,True,True,False,False,True,False,True,True,False,False
HGXBRUKMWQGOIE,pinoresinol,c1ccc(C2OCC3C(c4ccccc4)OCC23)cc1,1,MC25,0.3,LC-ESI-ITFT,1,True,True,False,False,True,False,True,True,True,False,False,True,False,True,True,False,False
HJMDOAWWVCOEDW,Cnidicin,O=c1ccc2cc3ccoc3cc2o1,1,MC19,45eV,LC-ESI-ITFT,1,True,True,False,False,True,False,True,True,True,False,False,True,False,True,True,False,False
HKQSOGUZSSFJSM,"Atripliciolide isobutyrate, 4, 15-iso",C=C1CC2OC(=O)C(=C)C2CCC2OC1=CC2=O,1,MC14,50eV,LC-ESI-ITFT,1,False,False,False,False,False,False,False,False,False,False,False,False,False,True,False,False,False
HKQYGTCOTHHOMP,Formononetin,O=c1c(-c2ccccc2)coc2ccccc12,6,MC20,10|100|20|30|40|60,LC-ESI-ITFT,6,True,True,False,False,True,True,True,True,True,False,False,True,False,True,True,False,False
HNDVDQJCIGZPNO,L-Histidine,c1c[nH]cn1,7,"MC20,MC22",10|100|20|30|30eV|40|60,"LC-ESI-ITFT,LC-ESI-QFT",6,True,True,False,False,True,True,True,True,True,False,False,True,False,True,True,False,False
HNYOPLTXPVRDBG,Barbituric acid,O=C1N=CCC=N1,6,MC20,10|100|20|30|40|60,LC-ESI-ITFT,6,False,False,False,False,False,False,False,False,False,False,False,False,False,False,False,False,False
HOKKHZGPKSLGJE,N-Methyl-D-aspartic acid,__ACYCLIC__HOKKHZGPKSLGJE,7,"MC20,MC22",10|100|20|30|30eV|40|60,"LC-ESI-ITFT,LC-ESI-QFT",6,True,True,False,False,True,True,True,True,True,False,False,True,False,True,True,False,False
HREHFPZHVCNOMQ,Tagitinin A,C=C1C(=O)OC2CCC3CCC(CCC12)O3,2,MC14,50eV,LC-ESI-ITFT,1,False,False,False,False,False,False,False,False,False,False,False,False,False,False,False,False,False
HRYLQFBHBWLLLL,Costunolide,C=C1C(=O)OC2C=CCCC=CCCC12,1,MC14,50eV,LC-ESI-ITFT,1,True,True,False,False,True,True,True,True,True,False,False,True,False,True,True,False,False
HSHNITRMYYLLCV,Hymecromone,O=c1ccc2ccccc2o1,1,MC19,45eV,LC-ESI-ITFT,1,True,True,False,False,True,True,True,True,True,False,False,True,False,True,True,False,False
HSMNQINEKMPTIC,4-Aminohippuric acid,c1ccccc1,6,MC20,10|100|20|30|40|60,LC-ESI-ITFT,6,True,True,False,False,True,True,True,True,True,False,False,True,False,True,True,False,False
HSMPDPBYAYSOBC,khellin,O=c1ccoc2cc3occc3cc12,1,MC25,0.3,LC-ESI-ITFT,1,True,True,False,False,True,True,True,True,True,False,False,True,False,True,True,False,False
HTMCLLSRQWRPTN,Budlein A methylacrylate,C=C1C(=O)OC2C=CC3=CC(=O)C(CCC12)O3,1,MC14,50eV,LC-ESI-ITFT,1,True,True,False,False,True,False,False,False,False,False,False,False,False,True,False,False,False
HUCGRJSHMZWRQQ,5-Methylsulfinylpentyl glucosinolate,C1CCOCC1,1,MC15,30,LC-ESI-ITFT,1,False,False,False,False,False,False,False,False,False,False,False,False,False,True,True,False,False
HUDBDWIQSIGUDI,ETHYL 3-INDOLEACETATE,c1ccc2[nH]ccc2c1,1,MC22,30eV,LC-ESI-QFT,1,True,True,False,False,True,True,False,False,False,False,False,False,False,True,True,False,False
HUEBIMLTDXKIPR,Methyl heptadecanoate,__ACYCLIC__HUEBIMLTDXKIPR,6,MC20,10|100|20|30|40|60,LC-ESI-ITFT,6,False,False,False,False,False,False,True,True,True,False,False,True,False,False,True,False,False
HUMNYLRZRPPJDN,BENZALDEHYDE,c1ccccc1,1,MC22,30eV,LC-ESI-QFT,1,True,True,False,False,True,False,False,False,False,False,False,False,False,True,True,False,False
HUOOMAOYXQFIDQ,Isoginkgetin,O=c1cc(-c2cccc(-c3cccc4c(=O)cc(-c5ccccc5)oc34)c2)oc2ccccc12,1,MC09,"15,30,45 (NCE)",LC-ESI-QFT,0,True,True,False,False,True,True,True,False,True,False,False,True,False,True,True,False,False
HXACOUQIXZGNBF,4-PYRIDOXATE,c1ccncc1,1,MC22,30eV,LC-ESI-QFT,1,True,True,False,False,True,True,False,False,False,False,False,True,False,True,True,False,False
HXEACLLIILLPRG,Pipecolic acid,C1CCNCC1,7,"MC20,MC22",10|100|20|30|30eV|40|60,"LC-ESI-ITFT,LC-ESI-QFT",6,True,True,False,False,True,True,True,True,True,False,False,True,False,True,True,False,False
HXFOXFJUNFFYMO,N-ACETYLASPARAGINE,__ACYCLIC__HXFOXFJUNFFYMO,1,MC22,30eV,LC-ESI-QFT,1,True,True,False,False,True,True,False,False,False,False,False,True,False,True,False,False,False
HXJDWCWJDCOHDG,S-HEXYL-GLUTATHIONE,__ACYCLIC__HXJDWCWJDCOHDG,1,MC22,30eV,LC-ESI-QFT,1,True,True,False,False,True,True,False,False,False,False,False,False,False,True,False,False,False
HXTFHSYLYXVTHC,Narirutin,O=C1CC(c2ccccc2)Oc2cc(OC3CCCC(COC4CCCCO4)O3)ccc21,1,MC19,45eV,LC-ESI-ITFT,1,True,True,False,False,True,True,True,True,True,False,False,True,False,True,True,False,False
HXXFSFRBOHSIMQ,GLUCOSE 1-PHOSPHATE,C1CCOCC1,1,MC22,30eV,LC-ESI-QFT,1,True,True,False,False,True,True,True,True,True,False,False,True,False,True,True,False,False
HZSAJDVWZRBGIF,THIAMINE MONOPHOSPHATE,c1ncc(C[n+]2ccsc2)cn1,1,MC22,30eV,LC-ESI-QFT,1,True,True,False,False,True,False,True,True,True,False,False,True,False,True,True,False,False
IAKHMKGGTNLKSZ,Colchicine,O=c1cccc2c(c1)CCCc1ccccc1-2,1,MC19,45eV,LC-ESI-ITFT,1,True,True,False,False,True,True,True,True,True,False,False,True,False,True,True,False,False
IBRKLUSXDYATLG,SALSOLINOL,c1ccc2c(c1)CCNC2,1,MC22,30eV,LC-ESI-QFT,1,True,True,False,False,True,True,False,False,False,False,False,False,False,True,True,False,False
ICJSZNQEKSIGPI,3-Methylthiobutyl glucosinolate,C1CCOCC1,1,MC15,30,LC-ESI-ITFT,1,False,False,False,False,False,False,False,False,False,False,False,False,False,True,True,False,False
IERHLVCPSMICTF,CYTIDINE MONOPHOSPHATE,O=c1ncccn1C1CCCO1,1,MC22,30eV,LC-ESI-QFT,1,True,True,False,False,True,True,True,True,True,False,False,True,True,True,True,False,False
IFIRYJJHHOCCHT,7-Hydroxy-5-methoxychromen-2-one,O=c1ccc2ccccc2o1,1,MC19,45eV,LC-ESI-ITFT,1,False,False,False,False,False,False,False,False,False,False,False,False,False,True,True,False,False
IGMNYECMUMZDDF,HOMOGENTISATE,c1ccccc1,1,MC22,30eV,LC-ESI-QFT,1,True,True,False,False,True,True,True,True,True,False,False,True,False,True,True,False,False
IGWDEVSBEKYORK,Isoimperatorin,O=c1ccc2cc3ccoc3cc2o1,1,MC19,45eV,LC-ESI-ITFT,1,True,True,False,False,True,True,True,True,True,False,False,True,False,True,True,False,False
IIAGSABLXRZUSE,4-Methoxy-3-indolylmethylglucosinolate,N=C(Cc1c[nH]c2ccccc12)SC1CCCCO1,1,MC15,30,LC-ESI-ITFT,1,False,False,False,False,False,False,True,True,True,False,False,False,False,False,True,False,False
IJFXRHURBJZNAO,3-HYDROXYBENZOATE,c1ccccc1,1,MC22,30eV,LC-ESI-QFT,1,True,True,False,False,True,True,True,True,True,False,False,True,False,True,True,False,False
IKGXIBQEEMLURG,Rutin,O=c1c(OC2CCCC(COC3CCCCO3)O2)c(-c2ccccc2)oc2ccccc12,1,MC19,35eV,LC-ESI-ITFT,1,True,True,False,False,True,True,True,True,True,False,False,True,False,True,True,False,False
IKMDFBPHZNJCSN,Myricetin,O=c1cc(-c2ccccc2)oc2ccccc12,1,MC25,0.3,LC-ESI-ITFT,1,True,True,False,False,True,True,True,True,True,False,False,True,False,True,True,False,False
ILEDWLMCKZNDJK,Esculetin,O=c1ccc2ccccc2o1,1,MC19,45eV,LC-ESI-ITFT,1,True,True,False,False,True,True,True,True,True,False,False,True,False,True,True,False,False
ILRYLPWNYFXEMH,Cystathionine,__ACYCLIC__ILRYLPWNYFXEMH,2,"MC19,MC22",30eV|45eV,"LC-ESI-ITFT,LC-ESI-QFT",1,True,True,False,False,True,True,True,True,True,False,False,True,False,True,True,False,False
INBPQAJYHSJVRY,strobopinin,O=C1CC(c2ccccc2)Oc2ccccc21,1,MC25,0.3,LC-ESI-ITFT,1,True,True,False,False,True,False,False,False,False,False,False,False,False,True,True,False,False
IOLDDENZPBFBHV,Kukoamine A,O=C(CCc1ccccc1)NCCCNCCCCNCCCNC(=O)CCc1ccccc1,2,MC19,35eV,LC-ESI-ITFT,1,True,True,False,False,True,False,True,True,True,False,False,True,False,True,True,False,False
IPEHJNRNYPOFII,Sugiol,O=C1CC2CCCCC2c2ccccc21,1,MC09,"15,30,45 (NCE)",LC-ESI-QFT,0,False,False,False,False,False,False,False,False,False,False,False,False,False,True,True,False,False
IQFYYKKMVGJFEH,THYMIDINE,O=c1ccn(C2CCCO2)c(=O)[nH]1,1,MC22,30eV,LC-ESI-QFT,1,True,True,False,False,True,True,True,True,True,False,False,True,False,True,True,False,False
IQPNAANSBPBGFQ,Luteolin,O=c1cc(-c2ccccc2)oc2ccccc12,1,MC09,"15,30,45 (NCE)",LC-ESI-QFT,0,True,True,False,False,True,True,True,True,True,False,False,True,False,True,True,False,False
ISAKRJDGNUQOIC,URACIL,O=c1cc[nH]c(=O)[nH]1,1,MC22,30eV,LC-ESI-QFT,1,True,True,False,False,True,True,True,True,True,False,False,True,False,True,True,False,False
ITXLZVVZOJDDNX,"(22S,25R)-22,26-Imino-5alpha-cholestan-3beta-ol",C1CCC(CC2CCC3C2CCC2C4CCCCC4CCC23)NC1,1,MC01,35 CID,APCI-ITFT,0,False,False,False,False,False,False,False,False,False,False,False,False,False,False,False,False,False
IVOMOUWHDPKRLL,Cyclic AMP,O=[PH]1OCC2OC(n3cnc4cncnc43)CC2O1,7,"MC20,MC22",10|100|20|30|30eV|40|60,"LC-ESI-ITFT,LC-ESI-QFT",6,True,True,False,False,True,True,True,False,True,False,False,True,False,True,True,False,False
IWAWQWJSLDZVRM,Niveusin B,C=C1C(=O)OC2C=CC3CCC(CCC12)O3,1,MC14,50eV,LC-ESI-ITFT,1,False,False,False,False,False,False,False,False,False,False,False,False,False,False,False,False,False
IWEIJEPIYMAGTH,Bilobetin,O=c1cc(-c2cccc(-c3cccc4c(=O)cc(-c5ccccc5)oc34)c2)oc2ccccc12,1,MC09,"15,30,45 (NCE)",LC-ESI-QFT,0,True,True,False,False,True,True,True,True,True,False,False,True,False,True,True,False,False
IWFJWRWYZSDFRP,Malaphyllidin,O=C1C=Cc2c1cccc1cc(=O)oc2-1,1,MC14,50eV,LC-ESI-ITFT,1,False,False,False,False,False,False,False,False,False,False,False,False,False,False,False,False,False
IWRAOCFRRTWUDF,Kukoamine B,O=C(CCc1ccccc1)NCCCCNCCCNC(=O)CCc1ccccc1,2,MC19,35eV,LC-ESI-ITFT,1,True,True,False,False,True,False,False,False,False,False,False,True,False,True,False,False,False
IXKMCWHVMLFWQY,Budlein A isobutyrate,C=C1C(=O)OC2C=CC3=CC(=O)C(CCC12)O3,1,MC14,50eV,LC-ESI-ITFT,1,False,False,False,False,False,False,False,False,False,False,False,False,False,True,False,False,False
IXORZMNAPKEEDV,Gibberellin A3,C=C1CC23CC1CCC2C12C=CCC(C(=O)O1)C2C3,6,MC20,10|100|20|30|40|60,LC-ESI-ITFT,6,True,True,False,False,True,False,True,True,True,False,False,True,False,True,True,False,False
IXVMHGVQKLDRKH,Brassinolide,O=C1OCC2C3CCCC3CCC2C2CCCCC12,1,MC19,45eV,LC-ESI-ITFT,1,True,True,False,False,True,True,True,True,True,False,False,True,False,True,True,False,False
IXZUPBUEKFXTSD,"6',7'-dihydroxy Bergamottin",O=c1ccc2cc3ccoc3cc2o1,1,MC19,45eV,LC-ESI-ITFT,1,False,False,False,False,False,False,False,False,False,False,False,False,False,True,True,False,False
IYRMWMYZSQPJKC,Kaempferol,O=c1cc(-c2ccccc2)oc2ccccc12,2,"MC09,MC25","0.3|15,30,45 (NCE)","LC-ESI-ITFT,LC-ESI-QFT",1,True,True,False,False,True,True,True,True,True,False,False,True,False,True,True,False,False
IZQSVPBOUDKVDZ,Isorhamnetin,O=c1cc(-c2ccccc2)oc2ccccc12,1,MC09,"15,30,45 (NCE)",LC-ESI-QFT,0,True,True,False,False,True,True,True,True,True,False,False,True,False,True,True,False,False
JALVTHFTYRPDMB,Demissidine,C1CCC2C(C1)CCC1C2CCC2C1CC1C2CC2CCCCN21,1,MC01,35 CID,APCI-ITFT,0,True,True,False,False,True,True,True,True,True,False,False,False,False,True,True,False,False
JBGYSAVRIDZNKA,Pseudoginsenoside F11,C1CCC(OC2CCCOC2OC2CC3C4CCC(C5CCCO5)C4CCC3C3CCCCC23)OC1,1,MC09,"15,30,45 (NCE)",LC-ESI-QFT,0,False,False,False,False,False,False,False,False,False,False,False,True,False,False,False,False,False
JCMUOFQHZLPHQP,OPHTHALMATE,__ACYCLIC__JCMUOFQHZLPHQP,1,MC22,30eV,LC-ESI-QFT,1,True,True,False,False,True,True,False,False,False,False,False,False,False,True,False,False,False
JDHILDINMRGULE,3-Methylhistidine,c1c[nH]cn1,6,MC20,10|100|20|30|40|60,LC-ESI-ITFT,6,True,True,False,False,True,True,False,False,False,False,False,True,False,True,True,False,False
JFLIEFSWGNOPJJ,Phenylacetylglutamine,c1ccccc1,6,MC20,10|100|20|30|40|60,LC-ESI-ITFT,6,True,True,False,False,True,True,True,True,True,False,False,True,False,True,True,False,False
JGUZGNYPMHHYRK,rhamnetin,O=c1cc(-c2ccccc2)oc2ccccc12,1,MC25,0.3,LC-ESI-ITFT,1,True,True,False,False,True,True,True,True,True,False,False,True,False,True,True,False,False
JHPNVNIEXXLNTR,DEOXYCARNITINE,__ACYCLIC__JHPNVNIEXXLNTR,1,MC22,30eV,LC-ESI-QFT,1,True,True,False,False,True,True,True,True,True,False,False,True,False,True,True,False,False
JIHOMKIUOGXMIZ,Dehydrocostuslacton-Glutathione,C=C1CCC2CC(=O)OC2C2C(=C)CCC12,1,MC14,50eV,LC-ESI-ITFT,1,False,False,False,False,False,False,False,False,False,False,False,False,False,False,True,False,False
JJIHLJJYMXLCOY,N-ACETYLSERINE,__ACYCLIC__JJIHLJJYMXLCOY,1,MC22,30eV,LC-ESI-QFT,1,True,True,False,False,True,True,False,False,False,False,False,False,False,True,False,False,False
JJMDCOVWQOJGCB,5-AMINOPENTANOATE,__ACYCLIC__JJMDCOVWQOJGCB,1,MC22,30eV,LC-ESI-QFT,1,True,True,False,False,True,True,True,True,True,False,False,True,False,True,True,False,False
JKEJEOJPJVRHMQ,N-Octanoyl-L-homoserine lactone,O=C1CCCO1,6,MC20,10|100|20|30|40|60,LC-ESI-ITFT,6,True,True,False,False,True,True,False,False,False,False,False,False,False,True,True,False,False
JLCROWZWGSUEMR,Alloisoimperatorin,O=c1ccc2cc3ccoc3cc2o1,1,MC19,45eV,LC-ESI-ITFT,1,False,False,False,False,False,False,False,False,False,False,False,False,False,True,True,False,False
JLGOGFIHBRJQHY,Oxytetracycline,O=C1C=CCC2CC3Cc4ccccc4C=C3C(=O)C12,5,MC20,10|100|20|30|60,LC-ESI-ITFT,5,False,False,False,False,False,False,False,False,False,False,False,False,False,False,False,False,False
JLIDBLDQVAYHNE,abscissic acid,O=C1C=CCCC1,1,MC19,45eV,LC-ESI-ITFT,1,True,True,False,False,True,True,True,False,True,False,False,True,False,True,True,False,False
JLSKPBDKNIXMBS,L-TRYPTOPHANAMIDE,c1ccc2[nH]ccc2c1,1,MC22,30eV,LC-ESI-QFT,1,True,True,False,False,True,True,True,True,True,False,False,True,False,True,True,False,False
JMSVCTWVEWCHDZ,syringic acid,c1ccccc1,1,MC19,45eV,LC-ESI-ITFT,1,True,True,False,False,True,True,True,True,True,False,False,True,False,True,True,False,False
JOCVTPCEWQNAQR,"Pinnatifidin, 1α,2-dihydroxy",C=C1C(=O)OC2CC3CCC=CC3CC12,1,MC14,50eV,LC-ESI-ITFT,1,False,False,False,False,False,False,False,False,False,False,False,False,False,False,False,False,False
JQIXOUYCHORBMW,Eupatolide-Glutathione,O=C1CC2CCC=CCCC=CC2O1,1,MC14,50eV,LC-ESI-ITFT,1,False,False,False,False,False,False,False,False,False,False,False,False,False,True,False,False,False
JRIBPWOXWIRQOQ,Zosimin,O=c1ccc2ccc3c(c2o1)CCO3,1,MC19,45eV,LC-ESI-ITFT,1,True,True,False,False,True,False,True,True,True,False,False,True,False,True,True,False,False
JSJWCHRYRHKBBW,UREIDOPROPIONATE,__ACYCLIC__JSJWCHRYRHKBBW,1,MC22,30eV,LC-ESI-QFT,1,True,True,False,False,True,True,False,False,False,False,False,True,False,True,False,False,False
JSRLJPSBLDHEIO,DEOXYURIDINE-MONOPHOSPHATE,O=c1ccn(C2CCCO2)c(=O)[nH]1,1,MC22,30eV,LC-ESI-QFT,1,True,True,False,False,True,True,False,False,False,False,False,False,False,True,True,False,False
JTEDVYBZBROSJT,Indolebutyric acid,c1ccc2[nH]ccc2c1,1,MC19,45eV,LC-ESI-ITFT,1,True,True,False,False,True,True,True,True,True,False,False,True,False,True,True,False,False
JTEJPPKMYBDEMY,5-Methoxytryptamine,c1ccc2[nH]ccc2c1,6,MC20,10|100|20|30|40|60,LC-ESI-ITFT,6,True,True,False,False,True,True,False,False,False,False,False,False,False,True,True,False,False
JTSKIMMXAAHGJK,"Niveusin B-2-methylbutyrate, hemiketal",C=C1C(=O)OC2C=CC3CCC(CCC12)O3,1,MC14,50eV,LC-ESI-ITFT,1,False,False,False,False,False,False,False,False,False,False,False,False,False,False,False,False,False
JVTZFYYHCGSXJV,Isovanillin,c1ccccc1,1,MC19,45eV,LC-ESI-ITFT,1,False,False,False,False,False,False,True,True,True,False,False,True,False,True,True,False,False
JWJCTZKFYGDABJ,Metanephrine,c1ccccc1,6,MC20,10|100|20|30|40|60,LC-ESI-ITFT,6,False,False,False,False,False,False,False,False,False,False,False,False,False,True,True,False,False
JWVHJUIMDLQGDD,"(3S,5S,8R,9S,10S,13S,14S,16R,17R)-10,13-dimethyl-17-((S)-1-((S)-5-methyl-3-oxo-3,4,5,6-tetrahydropyridin-2-yl)ethyl)hexadecahydro-1H-cyclopenta[a]phenanthrene-3,16-diyl diacetate",O=C1CCCN=C1CC1CCC2C1CCC1C3CCCCC3CCC12,1,MC01,35 CID,APCI-ITFT,0,False,False,False,False,False,False,False,False,False,False,False,False,False,False,False,False,False
JWVYQQGERKEAHW,Xanthotoxol,O=c1ccc2cc3ccoc3cc2o1,1,MC19,45eV,LC-ESI-ITFT,1,True,True,False,False,True,False,False,False,False,False,False,True,False,True,True,False,False
JYGXADMDTFJGBT,Cortisol,O=C1C=C2CCC3C4CCCC4CCC3C2CC1,8,"MC20,MC22",10|100|20|30|30eV|40|60,"LC-ESI-ITFT,LC-ESI-QFT",6,True,True,False,False,True,True,True,True,True,False,False,True,False,True,True,False,False
JYXSWDCPHRTYGU,Kaempferol.Glc.Rha,O=c1c(OC2CCCCO2)c(-c2ccccc2)oc2cc(OC3CCCCO3)ccc12,1,MC15,30,LC-ESI-ITFT,1,True,True,False,False,True,True,True,False,True,False,False,True,False,True,True,False,False
JZJVLLYTTWUPBF,"Eupasserin, desacetyl",C=C1C(=O)OC2C=CCCC=CCCC12,1,MC14,50eV,LC-ESI-ITFT,1,False,False,False,False,False,False,False,False,False,False,False,False,False,True,True,False,False
JZRAOXRUPYISEN,Feruloyl galactaric acid,c1ccccc1,2,MC19,35eV,LC-ESI-ITFT,1,False,False,False,False,False,False,False,False,False,False,False,False,False,True,True,False,False
KDCGOANMDULRCW,PURINE,c1ncc2[nH]cnc2n1,1,MC22,30eV,LC-ESI-QFT,1,True,True,False,False,True,True,True,True,True,False,False,True,False,True,True,False,False
KDXKERNSBIXSRK,L-Lysine,__ACYCLIC__KDXKERNSBIXSRK,7,"MC20,MC22",10|100|20|30|30eV|40|60,"LC-ESI-ITFT,LC-ESI-QFT",6,True,True,False,False,True,True,True,True,True,False,False,True,False,True,True,False,False
KFIKXYBWGMDXOP,"Zaluzanin C, 15-hydroxy",C=C1CCC2C(=C)C(=O)OC2C2CCCC12,1,MC14,50eV,LC-ESI-ITFT,1,False,False,False,False,False,False,False,False,False,False,False,False,False,False,False,False,False
KHWCHTKSEGGWEX,DEOXYADENOSINE MONOPHOSPHATE,c1ncc2ncn(C3CCCO3)c2n1,1,MC22,30eV,LC-ESI-QFT,1,True,True,False,False,True,True,True,True,True,False,False,True,False,True,True,False,False
KIGCGZUAVODHMD,8-Hydroxy-7-methoxychromen-2-one,O=c1ccc2ccccc2o1,2,MC19,45eV,LC-ESI-ITFT,1,False,False,False,False,False,False,False,False,False,False,False,False,False,True,True,False,False
KIQQFVJHWNCGAU,"5,7-Dihydroxychromen-2-one",O=c1ccc2ccccc2o1,1,MC19,45eV,LC-ESI-ITFT,1,False,False,False,False,False,False,True,True,True,False,False,True,False,True,True,False,False
KIWQWJKWBHZMDT,HOMOCYSTEINE THIOLACTONE,O=C1CCCS1,1,MC22,30eV,LC-ESI-QFT,1,True,True,False,False,True,True,True,False,True,False,False,True,False,True,True,False,False
KLZGKIDSEJWEDW,N-ACETYLPUTRESCINE,__ACYCLIC__KLZGKIDSEJWEDW,1,MC22,30eV,LC-ESI-QFT,1,True,True,False,False,True,True,True,True,True,False,False,True,False,True,True,False,False
KMEGDWOPMIXXBP,Eupatolide-Cysteine,O=C1CC2CCC=CCCC=CC2O1,1,MC14,50eV,LC-ESI-ITFT,1,False,False,False,False,False,False,False,False,False,False,False,False,False,True,False,False,False
KMPWYEUPVWOPIM,cinchonine,c1ccc2c(CC3CC4CCN3CC4)ccnc2c1,3,"MC09,MC25","0.3|15,30,45 (NCE)","LC-ESI-ITFT,LC-ESI-QFT",1,True,True,False,False,True,True,True,True,True,False,False,True,True,True,True,False,False
KMYWVDDIPVNLME,"ADENOSINE 2',3'-CYCLIC PHOSPHATE",O=[PH]1OC2COC(n3cnc4cncnc43)C2O1,1,MC22,30eV,LC-ESI-QFT,1,True,True,False,False,True,True,False,False,False,False,False,False,False,True,False,False,False
KQDOTXAUJBODDM,Disinapoyl.glucoside,O=C(C=Cc1ccccc1)OC1CCCOC1OC(=O)C=Cc1ccccc1,1,MC15,30,LC-ESI-ITFT,1,False,False,False,False,False,False,False,False,False,False,False,False,False,False,False,False,False
KQFUXLQBMQGNRT,"quercetin 3,7,3'-trimethylether",O=c1cc(-c2ccccc2)oc2ccccc12,1,MC25,0.3,LC-ESI-ITFT,1,True,True,False,False,True,True,True,False,True,False,False,True,False,True,True,False,False
KRMAZPGDYXHYMX,"5-(3-Methylbut-2-enoxy)furo[2,3-h]chromen-2-one",O=c1ccc2ccc3occc3c2o1,1,MC19,45eV,LC-ESI-ITFT,1,False,False,False,False,False,False,False,False,False,False,False,False,False,True,True,False,False
KSEBMYQBYZTDHS,FERULATE,c1ccccc1,1,MC22,30eV,LC-ESI-QFT,1,True,True,False,False,True,True,True,True,True,False,False,True,False,True,True,False,False
KTHADMDGDNYQRX,INDOLE-3-METHYL ACETATE,c1ccc2[nH]ccc2c1,1,MC22,30eV,LC-ESI-QFT,1,True,True,False,False,True,True,True,True,True,False,False,True,False,True,True,False,False
KTHDTJVBEPMMGL,N-ACETYLALANINE,__ACYCLIC__KTHDTJVBEPMMGL,1,MC22,30eV,LC-ESI-QFT,1,True,True,False,False,True,True,True,True,True,False,False,True,False,True,True,False,False
KTZNZCYTXQYEHT,N-caffeoyl Putrescine,c1ccccc1,4,MC19,35eV,LC-ESI-ITFT,1,True,True,False,False,True,True,False,False,False,False,False,False,False,True,True,False,False
KVQGGLZHHFGHPU,METHYL 4-AMINOBUTYRATE,__ACYCLIC__KVQGGLZHHFGHPU,1,MC22,30eV,LC-ESI-QFT,1,True,True,False,False,True,True,False,False,False,False,False,False,False,True,False,False,False
KWIUHFFTVRNATP,Betaine,__ACYCLIC__KWIUHFFTVRNATP,7,"MC20,MC22",10|100|20|30|30eV|40|60,"LC-ESI-ITFT,LC-ESI-QFT",6,True,True,False,False,True,True,True,True,True,False,False,True,False,True,True,False,False
KXDAEFPNCMNJSK,Benzamide,c1ccccc1,6,MC20,10|100|20|30|40|60,LC-ESI-ITFT,6,True,True,False,False,True,True,True,True,True,False,False,True,False,True,True,False,False
KYTKEOOPALLADL,Zexbrevin,C=C1C(=O)OC2CCC3=CC(=O)C(CCC12)O3,1,MC14,50eV,LC-ESI-ITFT,1,False,False,False,False,False,False,False,False,False,False,False,False,False,False,False,False,False
KZJQLAODESHSCC,Quercetin-3-(2''-Apiosyl-6''rhamnosylglucoside),O=c1c(OC2CCCC(COC3OCCCC3OC3CCCO3)O2)c(-c2ccccc2)oc2ccccc12,1,MC19,35eV,LC-ESI-ITFT,1,True,True,False,False,True,False,False,False,False,False,False,False,False,True,False,False,False
KZSNJWFQEVHDMF,L-Valine,__ACYCLIC__KZSNJWFQEVHDMF,7,"MC20,MC22",10|100|20|30|30eV|40|60,"LC-ESI-ITFT,LC-ESI-QFT",6,True,True,False,False,True,True,True,True,True,False,False,True,False,True,True,False,False
LDCYZAJDBXYCGN,5-Hydroxy-L-tryptophan,c1ccc2[nH]ccc2c1,7,"MC20,MC22",10|100|20|30|30eV|40|60,"LC-ESI-ITFT,LC-ESI-QFT",6,True,True,False,False,True,True,True,True,True,False,False,True,False,True,True,False,False
LEHOTFFKMJEONL,Uric acid,O=c1[nH]c(=O)c2[nH]c(=O)[nH]c2[nH]1,7,"MC20,MC22",10|100|20|30|30eV|40|60,"LC-ESI-ITFT,LC-ESI-QFT",6,True,True,False,False,True,True,True,True,True,False,False,True,False,True,True,False,False
LEVWYRKDKASIDU,Cystine,__ACYCLIC__LEVWYRKDKASIDU,8,"MC19,MC20,MC22",10|100|20|30|30eV|40|45eV|60,"LC-ESI-ITFT,LC-ESI-QFT",6,True,True,False,False,True,True,True,True,True,False,False,True,False,True,True,False,False
LFTYTUAZOPRMMI,Uridine diphosphate-N-acetylglucosamine,O=c1ccn(C2CCC(CO[PH](=O)O[PH](=O)OC3CCCCO3)O2)c(=O)[nH]1,6,MC20,10|100|20|30|40|60,LC-ESI-ITFT,6,True,True,False,False,True,True,False,False,False,False,False,False,False,True,True,False,False
LIIALPBMIOVAHH,herniarin,O=c1ccc2ccccc2o1,1,MC25,0.3,LC-ESI-ITFT,1,True,True,False,False,True,True,False,False,False,False,False,True,False,True,True,False,False
LJCWONGJFPCTTL,4-HYDROXY-L-PHENYLGLYCINE,c1ccccc1,1,MC22,30eV,LC-ESI-QFT,1,True,True,False,False,True,True,True,True,True,False,False,True,False,True,True,False,False
LJFIVFJQZWRSAJ,Niveusin A,C=C1C(=O)OC2C=CC3CCC(CCC12)O3,1,MC14,50eV,LC-ESI-ITFT,1,False,False,False,False,False,False,False,False,False,False,False,False,False,False,False,False,False
LJUQGASMPRMWIW,"5,6 DIMETHYLBENZIMIDAZOLE",c1ccc2[nH]cnc2c1,1,MC22,30eV,LC-ESI-QFT,1,True,True,False,False,True,True,False,False,False,False,False,True,True,True,True,False,False
LJUWTXPHDDGYCW,"benzyl (2aS,4S,6aS,6bS,8aS,8bR,9S,9aR,12R,13aS,14aR,15aS,15bR)-4-acetoxy-13a-hydroxy-6a,8a,9,12-tetramethyldocosahydronaphtho[2'',1'':4',5']indeno[1',2':5,6]pyrano[3,2-b]pyridine-10(1H)-carboxylate",O=C(OCc1ccccc1)N1CCCC2OC3CC4C(CCC5C6CCCCC6CCC54)C3CC21,1,MC01,35 CID,APCI-ITFT,0,False,False,False,False,False,False,False,False,False,False,False,False,False,False,False,False,False
LKMNXYDUQXAUCZ,Sinensetin,O=c1cc(-c2ccccc2)oc2ccccc12,1,MC19,45eV,LC-ESI-ITFT,1,True,True,False,False,True,True,True,True,True,False,False,True,False,True,True,False,False
LKZDFKLGDGSGEO,kaempferol 3-O-sophoroside,O=c1c(OC2OCCCC2OC2CCCCO2)c(-c2ccccc2)oc2ccccc12,1,MC25,0.3,LC-ESI-ITFT,1,True,True,False,False,True,True,True,False,True,False,False,True,False,True,True,False,False
LLFFQXOEXCHHKX,"Acanthospermolid, 8-ß-tigloyloxy-14-oxo",C=C1C(=O)OC2C=CCCC=CCCC12,2,MC14,50eV,LC-ESI-ITFT,1,False,False,False,False,False,False,False,False,False,False,False,False,False,True,True,False,False
LMEHVEUFNRJAAV,Ginkgolide J,O=C1CC2C(CC34C5CCC36CC(=O)OC6OC24C(=O)O5)O1,1,MC09,"15,30,45 (NCE)",LC-ESI-QFT,0,True,False,True,False,True,False,True,False,True,False,False,True,False,True,True,False,False
LOAUVZALPPNFOQ,2-QUINOLINECARBOXYLATE,c1ccc2ncccc2c1,1,MC22,30eV,LC-ESI-QFT,1,True,True,False,False,True,True,True,True,True,False,False,True,False,True,True,False,False
LOUPRKONTZGTKE,quinidine,c1ccc2c(CC3CC4CCN3CC4)ccnc2c1,8,"MC09,MC20,MC25","0.3|10|100|15,30,45 (NCE)|20|30|40|60","LC-ESI-ITFT,LC-ESI-QFT",6,True,True,False,False,True,True,True,True,True,False,False,True,False,True,True,False,False
LPEPZZAVFJPLNZ,8-prenyl naringenin,O=C1CC(c2ccccc2)Oc2ccccc21,1,MC25,0.3,LC-ESI-ITFT,1,True,True,False,False,True,True,True,True,True,False,False,True,False,True,True,False,False
LRFVTYWOQMYALW,Xanthine,O=c1[nH]c(=O)c2[nH]cnc2[nH]1,7,"MC20,MC22",10|100|20|30|30eV|40|60,"LC-ESI-ITFT,LC-ESI-QFT",6,True,True,False,False,True,True,False,False,False,False,False,True,False,True,True,False,False
LRQKBLKVPFOOQJ,L-Norleucine,__ACYCLIC__LRQKBLKVPFOOQJ,7,"MC20,MC22",10|100|20|30|30eV|40|60,"LC-ESI-ITFT,LC-ESI-QFT",6,True,True,False,False,True,True,False,False,False,False,False,True,False,True,False,False,False
LRSASMSXMSNRBT,5-METHYLCYTOSINE,O=c1nccc[nH]1,1,MC22,30eV,LC-ESI-QFT,1,True,True,False,False,True,True,True,True,True,False,False,True,False,True,True,False,False
LSHVYAFMTMFKBA,(-)-epicatechin gallate,O=C(OC1Cc2ccccc2OC1c1ccccc1)c1ccccc1,1,MC25,0.3,LC-ESI-ITFT,1,True,False,False,True,True,True,True,True,True,False,False,True,False,True,True,False,False
LSHXRDAFMMYNJC,Scalesin,C=C1CCC2C(=C)C(=O)OC2C2CCCC12,1,MC14,50eV,LC-ESI-ITFT,1,False,False,False,False,False,False,False,False,False,False,False,False,False,False,False,False,False
LSNAIVHCRYSOKW,Tirotundifolin C,C=C1C(=O)OC2C1CCC1CCC=CC12,1,MC14,50eV,LC-ESI-ITFT,1,False,False,False,False,False,False,False,False,False,False,False,False,False,True,True,False,False
LTYOQGRJFJAKNA,Malonyl-CoA,c1ncc2ncn(C3CCCO3)c2n1,6,MC20,10|100|20|30|40|60,LC-ESI-ITFT,6,False,False,False,False,False,False,False,False,False,False,False,False,False,True,True,False,False
LUKBXSAWLPMMSZ,Resveratrol,C(=Cc1ccccc1)c1ccccc1,6,MC20,10|100|20|30|40|60,LC-ESI-ITFT,6,True,True,False,False,True,True,True,True,True,False,False,True,False,True,True,False,False
LVHBHZANLOWSRM,ITACONATE,__ACYCLIC__LVHBHZANLOWSRM,1,MC22,30eV,LC-ESI-QFT,1,False,False,False,False,False,False,False,False,False,False,False,True,False,False,False,False,False
LXNHXLLTXMVWPM,Pyridoxine,c1ccncc1,7,"MC20,MC22",10|100|20|30|30eV|40|60,"LC-ESI-ITFT,LC-ESI-QFT",6,True,True,False,False,True,True,True,True,True,False,False,True,True,True,True,False,False
LZJRNLRASBVRRX,boldine,c1ccc2c(c1)CC1NCCc3cccc-2c31,1,MC25,0.3,LC-ESI-ITFT,1,True,True,False,False,True,True,True,True,True,False,False,True,False,True,True,False,False
LZOSYCMHQXPBFU,Decanoylcarnitine,__ACYCLIC__LZOSYCMHQXPBFU,6,MC20,10|100|20|30|40|60,LC-ESI-ITFT,6,True,True,False,False,True,True,False,False,False,False,False,False,False,True,False,False,False
MATGKVZWFZHCLI,Matairesinol,O=C1OCC(Cc2ccccc2)C1Cc1ccccc1,6,MC20,10|100|20|30|40|60,LC-ESI-ITFT,6,True,True,False,False,True,True,False,False,False,False,False,True,False,True,True,False,False
MBBOMCVGYCRMEA,INDOLE-3-ETHANOL,c1ccc2[nH]ccc2c1,1,MC22,30eV,LC-ESI-QFT,1,True,True,False,False,True,True,True,True,True,False,False,True,False,True,True,False,False
MBNGWHIJMBWFHU,Diosmetin,O=c1cc(-c2ccccc2)oc2ccccc12,1,MC19,45eV,LC-ESI-ITFT,1,True,True,False,False,True,True,True,True,True,False,False,True,False,True,True,False,False
MFYSYFVPBJMHGN,CORTISONE,O=C1C=C2CCC3C4CCCC4CC(=O)C3C2CC1,1,MC22,30eV,LC-ESI-QFT,1,True,True,False,False,True,True,True,True,True,False,False,True,False,True,True,False,False
MJBHLQMPKBMZSF,4-Hydroxy-7-methoxycoumarin,O=c1ccc2ccccc2o1,1,MC19,45eV,LC-ESI-ITFT,1,False,False,False,False,False,False,False,False,False,False,False,False,False,True,True,False,False
MKMCJLMBVKHUMS,"6-Methoxy-3H-1,3-benzoxazol-2-one",O=c1[nH]c2ccccc2o1,1,MC19,45eV,LC-ESI-ITFT,1,False,False,False,False,False,False,True,True,True,False,False,True,False,True,True,False,False
MLQTZXHZYMNZJE,Ayapin,O=c1ccc2cc3c(cc2o1)OCO3,2,MC19,45eV,LC-ESI-ITFT,1,False,False,False,False,False,False,False,False,False,False,False,False,False,False,False,False,False
MNFZQQPELKQKIN,"2-oxo-3,4 epoxy-8(2-methyl-2,3-epoxybutanoyl)-guaia-10(14),11(13)-dien-6,12-olide",C=C1CC(OC(=O)C2CO2)C2C(=C)C(=O)OC2C2C1C(=O)C1OC12,1,MC14,50eV,LC-ESI-ITFT,1,False,False,False,False,False,False,False,False,False,False,False,False,False,False,False,False,False
MOLPUWBMSBJXER,(-)-Bilobalide,O=C1CC23CCC4OC(=O)CC42C(=O)OC3O1,1,MC09,"15,30,45 (NCE)",LC-ESI-QFT,0,True,False,False,True,True,False,True,True,True,False,False,True,False,True,True,False,False
MOYAFQVGZZPNRA,Terpinolene,C=C1CC=CCC1,1,MC01,35 CID,APCI-ITFT,0,False,False,False,False,False,False,False,False,False,False,False,False,False,False,False,False,False
MRBKRZAPGUCWOS,3-AMINO-4-HYDROXYBENZOATE,c1ccccc1,1,MC22,30eV,LC-ESI-QFT,1,True,True,False,False,True,True,False,False,False,False,False,True,False,True,True,False,False
MRIAQLRQZPPODS,Nobiletin,O=c1cc(-c2ccccc2)oc2ccccc12,1,MC19,45eV,LC-ESI-ITFT,1,True,True,False,False,True,True,True,True,True,False,False,True,False,True,True,False,False
MSWZFWKMSRAUBD,Glucosamine,C1CCOCC1,9,"MC20,MC22",10|100|20|30|30eV|40|60,"LC-ESI-ITFT,LC-ESI-QFT",6,True,True,False,False,True,True,True,True,True,False,False,True,False,True,True,False,False
MTCFGRXMJLQNBG,L-Serine,__ACYCLIC__MTCFGRXMJLQNBG,7,"MC20,MC22",10|100|20|30|30eV|40|60,"LC-ESI-ITFT,LC-ESI-QFT",6,True,True,False,False,True,True,True,True,True,False,False,True,False,True,True,False,False
MTDHILKWIRSIHB,GLUCOSAMINE 6-SULFATE,C1CCOCC1,1,MC22,30eV,LC-ESI-QFT,1,True,True,False,False,True,True,False,False,False,False,False,False,False,True,True,False,False
MTIXBBDFRVGBOQ,Carabrone,C=C1C(=O)OC2CC3CC3CC12,1,MC14,50eV,LC-ESI-ITFT,1,True,True,False,False,True,False,True,False,True,False,False,True,False,True,True,False,False
MUHBGPCDKPLZGI,"8ß-angeloyloxy-9ß-hydroxy-guaia-11(13)-en-6(12),4(14)-dienolide",C=C1C(=O)OC2C1CCC1C(=O)OC3CCC1C32,1,MC14,50eV,LC-ESI-ITFT,1,False,False,False,False,False,False,False,False,False,False,False,False,False,False,False,False,False
MUMGGOZAMZWBJJ,Testosterone,O=C1C=C2CCC3C4CCCC4CCC3C2CC1,6,MC20,10|100|20|30|40|60,LC-ESI-ITFT,6,True,True,False,False,True,True,True,True,True,False,False,False,False,True,True,False,False
MVAWJSIDNICKHF,N-Acetylserotonin,c1ccc2[nH]ccc2c1,7,"MC20,MC22",10|100|20|30|30eV|40|60,"LC-ESI-ITFT,LC-ESI-QFT",6,True,True,False,False,True,True,True,True,True,False,False,True,True,True,True,False,False
MVVPIAAVGAWJNQ,N-Arachidonoyldopamine,c1ccccc1,6,MC20,10|100|20|30|40|60,LC-ESI-ITFT,6,True,True,False,False,True,True,False,False,False,False,False,False,False,True,True,False,False
MXNRLFUSFKVQSK,"N,N,N-TRIMETHYLLYSINE",__ACYCLIC__MXNRLFUSFKVQSK,1,MC22,30eV,LC-ESI-QFT,1,True,True,False,False,True,True,False,False,False,False,False,False,False,True,False,False,False
MXXWOMGUGJBKIW,piperine,O=C(C=CC=Cc1ccc2c(c1)OCO2)N1CCCCC1,1,MC25,0.3,LC-ESI-ITFT,1,True,True,False,False,True,True,True,True,True,False,False,True,False,True,True,False,False
MYXNWGACZJSMBT,Isovitexin,O=c1cc(-c2ccccc2)oc2ccc(C3CCCCO3)cc12,1,MC15,30,LC-ESI-ITFT,1,True,True,False,False,True,True,True,True,True,False,False,True,False,True,True,False,False
MYYIAHXIVFADCU,ANSERINE,c1c[nH]cn1,1,MC22,30eV,LC-ESI-QFT,1,True,True,False,False,True,True,True,True,True,False,False,True,False,True,True,False,False
MZFOKIKEPGUZEN,Methylmalonyl-CoA,c1ncc2ncn(C3CCCO3)c2n1,6,MC20,10|100|20|30|40|60,LC-ESI-ITFT,6,False,False,False,False,False,False,False,False,False,False,False,False,False,True,True,False,False
NBRWQUGOTGKUJS,"Diacetyl-3beta-amino-22,26-epimino-16beta,23-oxido-5alpha-cholest-22-en",C1CNC2=C(C1)OC1CC3C(CCC4C5CCCCC5CCC43)C1C2,1,MC01,35 CID,APCI-ITFT,0,False,False,False,False,False,False,False,False,False,False,False,False,False,False,False,False,False
NCIKQJBVUNUXLW,N-METHYLTRYPTAMINE,c1ccc2[nH]ccc2c1,1,MC22,30eV,LC-ESI-QFT,1,True,True,False,False,True,True,False,False,False,False,False,False,False,True,True,False,False
NCMVOABPESMRCP,DEOXYCYTIDINE MONOPHOSPHATE,O=c1ncccn1C1CCCO1,1,MC22,30eV,LC-ESI-QFT,1,True,True,False,False,True,True,True,True,True,False,False,True,False,True,True,False,False
NEJKUCWBWUMARI,"Tifruticin, desoxy-3-dehydro-15-hydroxy",C=C1C(=O)OC2C=CC(=O)C=CCCCC12,1,MC14,50eV,LC-ESI-ITFT,1,False,False,False,False,False,False,False,False,False,False,False,False,False,False,True,False,False
NETSQGRTUNRXEO,Dehydrocostuslacton,C=C1C(=O)OC2C1CCC(=C)C1CCC(=C)C12,1,MC14,50eV,LC-ESI-ITFT,1,True,True,False,False,True,True,True,True,True,False,False,True,False,True,True,False,False
NGSWKAQJJWESNS,4-coumaric acid,c1ccccc1,1,MC25,0.3,LC-ESI-ITFT,1,True,True,False,False,True,True,True,True,True,False,False,True,False,True,True,False,False
NHZMQXZHNVQTQA,PYRIDOXAMINE,c1ccncc1,1,MC22,30eV,LC-ESI-QFT,1,True,True,False,False,True,True,True,True,True,False,False,True,False,True,True,False,False
NLAWPKPYBMEWIR,Poncirin,O=C1CC(c2ccccc2)Oc2cc(OC3OCCCC3OC3CCCCO3)ccc21,1,MC19,45eV,LC-ESI-ITFT,1,True,True,False,False,True,True,True,True,True,False,False,True,False,True,True,False,False
NMPZCCZXCOMSDQ,"CYTIDINE 2',3'-CYCLIC PHOSPHATE",O=c1ncccn1C1OCC2O[PH](=O)OC21,1,MC22,30eV,LC-ESI-QFT,1,True,True,False,False,True,True,False,False,False,False,False,False,False,True,False,False,False
NNDOCYLWULORAM,Isophellopterin,O=c1ccc2cc3ccoc3cc2o1,1,MC19,45eV,LC-ESI-ITFT,1,True,True,False,False,True,False,True,True,True,False,False,True,False,True,True,False,False
NNSJJWBUAVGBQP,"Acanthospermolid, 8-ß-angeloyloxy-9ß-hydroxy-14-oxo",C=C1C(=O)OC2C=CCCC=CCCC12,2,MC14,50eV,LC-ESI-ITFT,1,False,False,False,False,False,False,False,False,False,False,False,False,False,True,True,False,False
NODILNFGTFIURN,Ginsenoside Rb2,C1CCC(OCC2CCCC(OCC3CCC4C3CCC3C5CCC(OC6OCCCC6OC6CCCCO6)CC5CCC43)O2)OC1,1,MC09,"15,30,45 (NCE)",LC-ESI-QFT,0,False,False,False,False,False,False,False,False,False,False,False,True,False,False,False,False,False
NOEGNKMFWQHSLB,5-Hydroxymethyl-2-furancarboxaldehyde,c1ccoc1,6,MC20,10|100|20|30|40|60,LC-ESI-ITFT,6,True,True,False,False,True,False,True,True,True,False,False,True,False,True,True,False,False
NOTGFIUVDGNKRI,AICAR,c1cn(C2CCCO2)cn1,1,MC22,30eV,LC-ESI-QFT,1,True,True,False,False,True,True,False,False,False,False,False,False,False,True,True,False,False
NPNNKDMSXVRADT,N-Feruloyl Tyramine,O=C(C=Cc1ccccc1)NCCc1ccccc1,1,MC19,35eV,LC-ESI-ITFT,1,True,True,False,False,True,True,True,False,True,False,False,True,False,True,True,False,False
NPOAOTPXWNWTSH,3-HYDROXYMETHYLGLUTARATE,__ACYCLIC__NPOAOTPXWNWTSH,1,MC22,30eV,LC-ESI-QFT,1,True,True,False,False,True,True,True,True,True,False,False,True,False,True,True,False,False
NTYJJOPFIAHURM,Histamine,c1c[nH]cn1,7,"MC20,MC22",10|100|20|30|30eV|40|60,"LC-ESI-ITFT,LC-ESI-QFT",6,True,True,False,False,True,True,True,True,True,False,False,True,False,True,True,False,False
NWAGJEHYRXNHPW,"Tirotundifolin C, epoxyangelate",C=C1C(=O)OC2C3C=CCCC3CC(OC(=O)C3CO3)C12,1,MC14,50eV,LC-ESI-ITFT,1,False,False,False,False,False,False,False,False,False,False,False,False,False,False,False,False,False
NXJAXUYOQLTISD,GLUTARYLCARNITINE,__ACYCLIC__NXJAXUYOQLTISD,1,MC22,30eV,LC-ESI-QFT,1,True,True,False,False,True,True,False,False,False,False,False,False,False,True,False,False,False
NXJCRELRQHZBQA,Limettin,O=c1ccc2ccccc2o1,1,MC19,45eV,LC-ESI-ITFT,1,True,True,False,False,True,True,True,True,True,False,False,True,False,True,True,False,False
NYHBQMYGNKIUIF,Guanosine,O=c1[nH]cnc2c1ncn2C1CCCO1,7,"MC20,MC22",10|100|20|30|30eV|40|60,"LC-ESI-ITFT,LC-ESI-QFT",6,True,True,False,False,True,True,True,True,True,False,False,True,False,True,True,False,False
NYPYHUZRZVSYKL,"3,5-DIIODO-L-TYROSINE",c1ccccc1,1,MC22,30eV,LC-ESI-QFT,1,True,True,False,False,True,False,False,False,False,False,False,True,False,True,True,False,False
NYVGKWVPLDGOBS,"5,6-Dihydroxyfuro[2,3-h]chromen-2-one",O=c1ccc2ccc3occc3c2o1,1,MC19,45eV,LC-ESI-ITFT,1,False,False,False,False,False,False,False,False,False,False,False,False,False,True,True,False,False
NZVQLVGOZRELTG,visnagin,O=c1ccoc2cc3occc3cc12,1,MC25,0.3,LC-ESI-ITFT,1,True,True,False,False,True,True,True,False,True,False,False,True,False,True,True,False,False
OAOKXXKAPDYVHG,Epi-Inunolide-Glutathione,O=C1CC2CC=CCCC=CCC2O1,1,MC14,50eV,LC-ESI-ITFT,1,False,False,False,False,False,False,False,False,False,False,False,False,False,False,False,False,False
ODBLHEXUDAPZAU,ISOCITRATE,__ACYCLIC__ODBLHEXUDAPZAU,1,MC22,30eV,LC-ESI-QFT,1,False,False,False,False,False,False,True,True,True,False,False,True,False,False,True,False,False
ODHCTXKNWHHXJC,Pyroglutamic acid,O=C1CCCN1,8,"MC20,MC22",10|100|20|30|30eV|40|60,"LC-ESI-ITFT,LC-ESI-QFT",6,True,True,False,False,True,True,True,True,True,False,False,True,False,True,True,False,False
ODKSFYDXXFIFQN,L-Arginine,__ACYCLIC__ODKSFYDXXFIFQN,7,"MC20,MC22",10|100|20|30|30eV|40|60,"LC-ESI-ITFT,LC-ESI-QFT",6,True,True,False,False,True,True,True,True,True,False,False,True,True,True,True,False,False
OHYDBTZVUWGKOO,"benzyl (2aS,4S,6aS,6bS,8aS,8bR,9S,12R,14aR,15aS,15bR)-4-hydroxy-6a,8a,9,12-tetramethyl-2,2a,3,4,5,6,6a,6b,7,8,8a,8b,9,11,12,13,14a,15,15a,15b-icosahydronaphtho[2'',1'':4',5']indeno[1',2':5,6]pyrano[3,2-b]pyridine-10(1H)-carboxylate",O=C(OCc1ccccc1)N1CCCC2=C1CC1C(CC3C1CCC1C4CCCCC4CCC13)O2,1,MC01,35 CID,APCI-ITFT,0,False,False,False,False,False,False,False,False,False,False,False,False,False,False,False,False,False
OIRDTQYFTABQOQ,Adenosine,c1ncc2ncn(C3CCCO3)c2n1,7,"MC20,MC22",10|100|20|30|30eV|40|60,"LC-ESI-ITFT,LC-ESI-QFT",6,True,True,False,False,True,True,True,True,True,False,False,True,False,True,True,False,False
OIVLITBTBDPEFK,DIHYDROURACIL,O=C1CCNC(=O)N1,1,MC22,30eV,LC-ESI-QFT,1,True,True,False,False,True,True,True,True,True,False,False,True,False,True,True,False,False
OKJIRPAQVSHGFK,Acetylglycine,__ACYCLIC__OKJIRPAQVSHGFK,7,"MC20,MC22",10|100|20|30|30eV|40|60,"LC-ESI-ITFT,LC-ESI-QFT",6,True,True,False,False,True,True,False,False,False,False,False,True,False,True,False,False,False
OLOOJGVNMBJLLR,Pentosalen,O=c1ccc2cc3ccoc3cc2o1,1,MC19,45eV,LC-ESI-ITFT,1,True,True,False,False,True,True,True,True,True,False,False,True,False,True,True,False,False
OLXZPDWKRNYJJZ,Deoxyadenosine,c1ncc2ncn(C3CCCO3)c2n1,7,"MC20,MC22",10|100|20|30|30eV|40|60,"LC-ESI-ITFT,LC-ESI-QFT",6,True,True,False,False,True,True,True,True,True,False,False,True,False,True,True,False,False
OMFXVFTZEKFJBZ,CORTICOSTERONE,O=C1C=C2CCC3C4CCCC4CCC3C2CC1,1,MC22,30eV,LC-ESI-QFT,1,True,True,False,False,True,True,True,True,True,False,False,True,False,True,True,False,False
OMIXKOJEIRRAJW,Caffeoyl glucaric acid,c1ccccc1,2,MC19,35eV,LC-ESI-ITFT,1,False,False,False,False,False,False,False,False,False,False,False,False,False,True,True,False,False
OMPXHNXRUVEQDO,N-Nonanoyl-L-homoserine lactone,O=C1CCCO1,6,MC20,10|100|20|30|40|60,LC-ESI-ITFT,6,True,True,False,False,True,False,False,False,False,False,False,False,False,True,True,False,False
OMYMRCXOJJZYKE,6-Hydroxymelatonin,c1ccc2[nH]ccc2c1,6,MC20,10|100|20|30|40|60,LC-ESI-ITFT,6,True,True,False,False,True,False,False,False,False,False,False,False,False,True,True,False,False
ONFOSYPQQXJWGS,2-HYDROXY-4-(METHYLTHIO)BUTANOATE,__ACYCLIC__ONFOSYPQQXJWGS,1,MC22,30eV,LC-ESI-QFT,1,False,False,False,False,False,False,True,True,True,False,False,True,False,False,True,False,False
ONIBWKKTOPOVIA,Proline,C1CCNC1,2,"MC19,MC22",30eV|45eV,"LC-ESI-ITFT,LC-ESI-QFT",1,True,True,False,False,True,True,True,True,True,False,False,True,False,True,True,False,False
OOGAQHVYHLPICD,6-Methylsulfinylhexyl glucosinolate,C1CCOCC1,1,MC15,30,LC-ESI-ITFT,1,False,False,False,False,False,False,False,False,False,False,False,False,False,True,True,False,False
OOKSPQLCQUBEKU,Epoxybergamottin,O=c1ccc2c(OCC=CCCC3CO3)c3ccoc3cc2o1,1,MC19,45eV,LC-ESI-ITFT,1,False,False,False,False,False,False,False,False,False,False,False,False,False,False,False,False,False
OPKAENXELFYURB,14-Hydroxy-Costunolide-Glutathione,C=C1C(=O)OC2C=CCCC=CCCC12,1,MC14,50eV,LC-ESI-ITFT,1,False,False,False,False,False,False,False,False,False,False,False,False,False,True,True,False,False
OPTASPLRGRRNAP,CYTOSINE,O=c1nccc[nH]1,1,MC22,30eV,LC-ESI-QFT,1,True,True,False,False,True,True,False,False,False,False,False,True,False,True,True,False,False
ORBITTMJKIGFNH,Byakangelicol,O=c1ccc2cc3ccoc3c(OCC3CO3)c2o1,2,MC19,45eV,LC-ESI-ITFT,1,True,True,False,False,True,True,True,False,True,False,False,True,False,True,True,False,False
ORHBXUUXSCNDEV,Umbelliferone,O=c1ccc2ccccc2o1,7,"MC19,MC20",10|100|20|30|40|45eV|60,LC-ESI-ITFT,6,True,True,False,False,True,True,True,True,True,False,False,True,False,True,True,False,False
OSGOFHLDKWJHDO,Alantolactone-Cysteine,O=C1CC2C=C3CCCCC3CC2O1,1,MC14,50eV,LC-ESI-ITFT,1,False,False,False,False,False,False,False,False,False,False,False,False,False,False,False,False,False
OTBHHUPVCYLGQO,NORSPERMIDINE,__ACYCLIC__OTBHHUPVCYLGQO,1,MC22,30eV,LC-ESI-QFT,1,True,True,False,False,True,True,False,False,False,False,False,False,False,True,False,False,False
OTCCIMWXFLJLIA,N-Acetyl-L-aspartic acid,__ACYCLIC__OTCCIMWXFLJLIA,7,"MC20,MC22",10|100|20|30|30eV|40|60,"LC-ESI-ITFT,LC-ESI-QFT",6,True,True,False,False,True,True,True,True,True,False,False,True,False,True,True,False,False
OTDVFDVEFZSECW,γ-Isoalantolactone,C=C1C(=O)OC2CC3CCCC=C3CC12,1,MC14,50eV,LC-ESI-ITFT,1,False,False,False,False,False,False,False,False,False,False,False,False,False,False,False,False,False
OTGQIQQTPXJQRG,Stearoylethanolamide,__ACYCLIC__OTGQIQQTPXJQRG,6,MC20,10|100|20|30|40|60,LC-ESI-ITFT,6,True,True,False,False,True,False,True,True,True,False,False,True,False,True,True,False,False
OTKJDMGTUTTYMP,Sphinganine,__ACYCLIC__OTKJDMGTUTTYMP,7,"MC20,MC22",10|100|20|30|30eV|40|60,"LC-ESI-ITFT,LC-ESI-QFT",6,True,True,False,False,True,True,True,True,True,False,False,True,False,True,True,False,False
OTUCXMIQUNROBJ,Quercetin.Glc.Rha,O=c1c(OC2CCCCO2)c(-c2ccccc2)oc2cc(OC3CCCCO3)ccc12,1,MC15,30,LC-ESI-ITFT,1,True,True,False,False,True,True,False,False,False,False,False,False,False,True,True,False,False
OUYCCCASQSFEME,Tyrosine,c1ccccc1,8,"MC19,MC20,MC22",10|100|20|30|30eV|40|45eV|60,"LC-ESI-ITFT,LC-ESI-QFT",6,True,True,False,False,True,True,True,True,True,False,False,True,False,True,True,False,False
OVBPIULPVIDEAO,Folic acid,O=c1nc[nH]c2ncc(CNc3ccccc3)nc12,6,MC20,10|100|20|30|40|60,LC-ESI-ITFT,6,True,True,False,False,True,True,True,True,True,False,False,True,False,False,True,False,False
OVRNDRQMDRJTHS,N-ACETYLGLUCOSAMINE,C1CCOCC1,3,MC22,30eV,LC-ESI-QFT,1,True,True,False,False,True,True,True,True,True,False,False,True,False,True,True,False,False
OXGUCUVFOIWWQJ,Quercitrin,O=c1c(OC2CCCCO2)c(-c2ccccc2)oc2ccccc12,2,"MC09,MC25","0.3|15,30,45 (NCE)","LC-ESI-ITFT,LC-ESI-QFT",1,True,True,False,False,True,True,True,False,True,False,False,True,False,True,True,False,False
OYIFNHCXNCRBQI,2-Aminohexanedioic acid,__ACYCLIC__OYIFNHCXNCRBQI,2,"MC19,MC22",30eV|45eV,"LC-ESI-ITFT,LC-ESI-QFT",1,True,True,False,False,True,True,True,True,True,False,False,True,False,True,True,False,False
PAYRUJLWNCNPSJ,ANILINE,c1ccccc1,1,MC22,30eV,LC-ESI-QFT,1,True,True,False,False,True,True,False,False,False,False,False,False,False,True,True,False,False
PBHKMDBIOFKKFO,"Niveusin A, 2-methylbutyrate",C=C1C(=O)OC2C=CC3CCC(CCC12)O3,1,MC14,50eV,LC-ESI-ITFT,1,False,False,False,False,False,False,False,False,False,False,False,False,False,False,False,False,False
PBLXBBMXBHJJMZ,"Tagitinin E, 15-hydroxy",C=C1C(=O)OC2C=CCCC3OC3CCC12,1,MC14,50eV,LC-ESI-ITFT,1,False,False,False,False,False,False,False,False,False,False,False,False,False,False,False,False,False
PCMORTLOPMLEFB,Sinapic acid,c1ccccc1,2,"MC19,MC25",0.3|45eV,LC-ESI-ITFT,1,True,True,False,False,True,True,True,True,True,False,False,True,False,True,True,False,False
PDEJECFRCJOMEN,Eupatolide,C=C1C(=O)OC2C=CCCC=CCCC12,1,MC14,50eV,LC-ESI-ITFT,1,False,False,False,False,False,False,False,False,False,False,False,False,False,True,True,False,False
PDHAOJSHSJQANO,oxyresveratrol,C(=Cc1ccccc1)c1ccccc1,1,MC25,0.3,LC-ESI-ITFT,1,True,True,False,False,True,False,True,True,True,False,False,True,False,True,True,False,False
PEFNSGRTCBGNAN,Luteolin-7-O-glucoside,O=c1cc(-c2ccccc2)oc2cc(OC3CCCCO3)ccc12,1,MC09,"15,30,45 (NCE)",LC-ESI-QFT,0,True,True,False,False,True,True,True,True,True,False,False,True,False,True,True,False,False
PEWFWDOPJISUOK,Oxypeucedanin hydrate,O=c1ccc2cc3ccoc3cc2o1,1,MC19,45eV,LC-ESI-ITFT,1,True,True,False,False,True,False,True,True,True,False,False,True,False,True,True,False,False
PFDUUKDQEHURQC,3-METHOXYTYROSINE,c1ccccc1,1,MC22,30eV,LC-ESI-QFT,1,True,True,False,False,True,True,True,True,True,False,False,True,False,True,True,False,False
PFDVWJCSCYDRMZ,Tri-coumaroyl spermidine,O=C(C=Cc1ccccc1)NCCCCN(CCCNC(=O)C=Cc1ccccc1)C(=O)C=Cc1ccccc1,1,MC19,35eV,LC-ESI-ITFT,1,True,True,False,False,True,True,False,False,False,False,False,True,False,True,False,False,False
PFGRPVJHGDUMMF,Tomentosin-Glutathione,O=C1CC2CC=CCCC2O1,1,MC14,50eV,LC-ESI-ITFT,1,False,False,False,False,False,False,False,False,False,False,False,False,False,False,False,False,False
PFNFFQXMRSDOHW,SPERMINE,__ACYCLIC__PFNFFQXMRSDOHW,1,MC22,30eV,LC-ESI-QFT,1,True,True,False,False,True,True,True,True,True,False,False,True,False,True,True,False,False
PFTAWBLQPZVEMU,Catechin,c1ccc(C2CCc3ccccc3O2)cc1,3,"MC19,MC25",0.3|45eV,LC-ESI-ITFT,1,True,True,False,False,True,True,True,True,True,False,False,True,False,True,True,False,False
PFXSSGQUYSAATP,Leptocarpin,C=C1C(=O)OC2C=CCCC3OC3CCC12,1,MC14,50eV,LC-ESI-ITFT,1,False,False,False,False,False,False,False,False,False,False,False,False,False,False,False,False,False
PHIHHTIYURVLDB,gnetin H,C(=Cc1c2c(cc3c1C(c1ccccc1)C(c1ccccc1)O3)OC(c1ccccc1)C2c1ccccc1)c1ccccc1,2,MC25,0.3,LC-ESI-ITFT,1,False,False,False,False,False,False,False,False,False,False,False,False,False,False,False,False,False
PHIQHXFUZVPYII,L-CARNITINE,__ACYCLIC__PHIQHXFUZVPYII,1,MC22,30eV,LC-ESI-QFT,1,True,True,False,False,True,True,True,True,True,False,False,True,False,True,True,False,False
PHOQVHQSTUBQQK,GLUCONOLACTONE,O=C1CCCCO1,1,MC22,30eV,LC-ESI-QFT,1,True,True,False,False,True,True,True,True,True,False,False,True,False,True,True,False,False
PIEKAIPYEXIFHY,"(20R,22R,25R)-3beta-Acetoxy-22,26-acetimino-5alpha-cholestan-16beta,20-diol",C1CCC(CC2CCC3C2CCC2C4CCCCC4CCC23)NC1,1,MC01,35 CID,APCI-ITFT,0,False,False,False,False,False,False,False,False,False,False,False,False,False,False,False,False,False
PJLZBXXLWUWUOA,3beta-Ethylamino-5alpha-solanidan,C1CCC2C(C1)CCC1C2CCC2C1CC1C2CC2CCCCN21,1,MC01,35 CID,APCI-ITFT,0,False,False,False,False,False,False,False,False,False,False,False,False,False,True,True,False,False
PKKMITFKYRCCOL,1-Methoxy-3-indolylmethylglucosinolate,N=C(Cc1c[nH]c2ccccc12)SC1CCCCO1,1,MC15,30,LC-ESI-ITFT,1,False,False,False,False,False,False,True,True,True,False,False,False,False,False,True,False,False
PKRPFNXROFUNDE,Byakangelicin,O=c1ccc2cc3ccoc3cc2o1,2,MC19,45eV,LC-ESI-ITFT,1,True,True,False,False,True,True,True,True,True,False,False,True,False,True,True,False,False
PLAPMLGJVGLZOV,Orientin,O=c1cc(-c2ccccc2)oc2c(C3CCCCO3)cccc12,1,MC19,45eV,LC-ESI-ITFT,1,True,True,False,False,True,True,True,True,True,False,False,True,True,True,True,False,False
PMMYEEVYMWASQN,TRANS-4-HYDROXY-L-PROLINE,C1CCNC1,2,MC22,30eV,LC-ESI-QFT,1,True,True,False,False,True,True,True,True,True,False,False,True,False,True,True,False,False
PMOWTIHVNWZYFI,3-(2-Hydroxyphenyl)acrylate,c1ccccc1,1,MC19,45eV,LC-ESI-ITFT,1,True,True,False,False,True,True,False,False,False,False,False,True,False,True,True,False,False
PNCADIYJKRZFGU,"(22S,25S)-22,26-Epimino-5alpha-cholestan-3beta-16alpha-diol",C1CCC(CC2CCC3C2CCC2C4CCCCC4CCC23)NC1,3,MC01,35 CID,APCI-ITFT,0,False,False,False,False,False,False,False,False,False,False,False,False,False,False,False,False,False
POJWUDADGALRAB,Allantoin,O=C1CNC(=O)N1,7,"MC20,MC22",10|100|20|30|30eV|40|60,"LC-ESI-ITFT,LC-ESI-QFT",6,True,True,False,False,True,True,True,True,True,False,False,True,False,True,True,False,False
PQSUYGKTWSAVDQ,Aldosterone,O=C1C=C2CCC3C4CCCC4CCC3C2CC1,6,MC20,10|100|20|30|40|60,LC-ESI-ITFT,6,True,True,False,False,True,True,False,False,False,False,False,False,False,True,True,False,False
PRJKNHOMHKJCEJ,4-IMIDAZOLEACETATE,c1c[nH]cn1,1,MC22,30eV,LC-ESI-QFT,1,True,True,False,False,True,True,False,False,False,False,False,True,True,True,True,False,False
PUPKKEQDLNREIM,"Kaempferol 3,7-di-O-rhamnoside",O=c1c(OC2CCCCO2)c(-c2ccccc2)oc2cc(OC3CCCCO3)ccc12,1,MC15,30,LC-ESI-ITFT,1,True,True,False,False,True,True,True,True,True,False,False,True,False,True,True,False,False
PVNIIMVLHYAWGP,Nicotinic acid,c1ccncc1,7,"MC20,MC22",10|100|20|30|30eV|40|60,"LC-ESI-ITFT,LC-ESI-QFT",6,True,True,False,False,True,True,True,True,True,False,False,True,False,True,True,False,False
PWKSKIMOESPYIA,Acetylcysteine,__ACYCLIC__PWKSKIMOESPYIA,6,MC20,10|100|20|30|40|60,LC-ESI-ITFT,6,True,True,False,False,True,True,True,True,True,False,False,True,False,True,True,False,False
PXOYOCNNSUAQNS,Alantolactone,C=C1C(=O)OC2CC3CCCCC3=CC12,1,MC14,50eV,LC-ESI-ITFT,1,True,True,False,False,True,True,True,True,True,False,False,True,False,True,True,False,False
PXQPEWDEAKTCGB,OROTATE,O=c1cc[nH]c(=O)[nH]1,1,MC22,30eV,LC-ESI-QFT,1,True,True,False,False,True,True,True,True,True,False,False,True,True,True,True,False,False
PYUSHNKNPOHWEZ,N-FORMYL-L-METHIONINE,__ACYCLIC__PYUSHNKNPOHWEZ,1,MC22,30eV,LC-ESI-QFT,1,True,True,False,False,True,True,True,True,True,False,False,True,False,True,True,False,False
PZNPHSFXILSZTM,Chlorogenin,C1CCC2(CC3C(CC4C3CCC3C5CCCCC5CCC34)O2)OC1,1,MC01,35 CID,APCI-ITFT,0,False,False,False,False,False,False,True,True,True,False,False,True,False,True,True,False,False
QAQREVBBADEHPA,Propionyl-CoA,c1ncc2ncn(C3CCCO3)c2n1,6,MC20,10|100|20|30|40|60,LC-ESI-ITFT,6,False,False,False,False,False,False,False,False,False,False,False,False,False,True,True,False,False
QATUWZPYBIHFFR,Atripliciolide tiglate,C=C1C(=O)OC2C=CC3=CC(=O)C(CCC12)O3,1,MC14,50eV,LC-ESI-ITFT,1,False,False,False,False,False,False,False,False,False,False,False,False,False,True,False,False,False
QCHFTSOMWOSFHM,pilocarpine,O=C1CC(Cc2cnc[nH]2)CO1,1,MC25,0.3,LC-ESI-ITFT,1,True,True,False,False,True,True,True,True,True,False,False,False,False,True,True,False,False
QCHPKSFMDHPSNR,AMINOISOBUTANOATE,__ACYCLIC__QCHPKSFMDHPSNR,1,MC22,30eV,LC-ESI-QFT,1,True,True,False,False,True,True,True,True,True,False,False,True,False,True,True,False,False
QEVHRUUCFGRFIF,reserpine,O=C(OC1CCC2CC3c4[nH]c5ccccc5c4CCN3CC2C1)c1ccccc1,1,MC25,0.3,LC-ESI-ITFT,1,True,True,False,False,True,True,True,True,True,False,False,True,False,True,True,False,False
QFSDWLPMRWDFID,Kaempferol.Glc.Rha.Rha,O=c1c(OC2CCCC(COC3CCCCO3)O2)c(-c2ccccc2)oc2cc(OC3CCCCO3)ccc12,1,MC15,30,LC-ESI-ITFT,1,True,True,False,False,True,True,False,False,False,False,False,False,False,True,True,False,False
QIAFMBKCNZACKA,Hippuric acid,c1ccccc1,7,"MC20,MC22",10|100|20|30|30eV|40|60,"LC-ESI-ITFT,LC-ESI-QFT",6,True,True,False,False,True,True,True,True,True,False,False,True,False,True,True,False,False
QIVBCDIJIAJPQS,L-Tryptophan,c1ccc2[nH]ccc2c1,13,"MC20,MC22",10|100|20|30|30eV|40|60,"LC-ESI-ITFT,LC-ESI-QFT",6,True,True,False,False,True,True,True,True,True,False,False,True,False,True,True,False,False
QIWOFDHUQPJCJF,dihydromorin,O=C1CC(c2ccccc2)Oc2ccccc21,1,MC25,0.3,LC-ESI-ITFT,1,False,False,False,False,False,False,False,False,False,False,False,False,False,True,True,False,False
QJPWUUJVYOJNMH,L-Homoserine lactone,O=C1CCCO1,6,MC20,10|100|20|30|40|60,LC-ESI-ITFT,6,False,False,False,False,False,False,False,False,False,False,False,False,False,True,True,False,False
QLWKTGDEPLRFAT,5-Methoxytryptophol,c1ccc2[nH]ccc2c1,6,MC20,10|100|20|30|40|60,LC-ESI-ITFT,6,True,True,False,False,True,True,False,False,False,False,False,True,False,True,True,False,False
QNAYBMKLOCPYGJ,L-Alanine,__ACYCLIC__QNAYBMKLOCPYGJ,12,MC20,10|100|20|30|40|60,LC-ESI-ITFT,6,True,True,False,False,True,True,True,True,True,False,False,True,False,True,True,False,False
QPEJHSFTZVMSJH,3-AMINO-5-HYDROXYBENZOATE,c1ccccc1,1,MC22,30eV,LC-ESI-QFT,1,True,True,False,False,True,True,False,False,False,False,False,True,False,True,True,False,False
QPJVMBTYPHYUOC,Methyl benzoate,c1ccccc1,6,MC20,10|100|20|30|40|60,LC-ESI-ITFT,6,False,False,False,False,False,False,False,False,False,False,False,False,False,True,True,False,False
QQBPLXNESPTPNU,N-Oleoyldopamine,c1ccccc1,6,MC20,10|100|20|30|40|60,LC-ESI-ITFT,6,False,False,False,False,False,False,False,False,False,False,False,False,False,True,True,False,False
QQVDJLLNRSOCEL,(2-AMINOETHYL)PHOSPHONATE,__ACYCLIC__QQVDJLLNRSOCEL,1,MC22,30eV,LC-ESI-QFT,1,True,True,False,False,True,True,False,False,False,False,False,True,False,True,False,False,False
QSOMGPFBPSJEFH,Tagitinin E,C=C1C(=O)OC2C=CCCC3OC3CCC12,1,MC14,50eV,LC-ESI-ITFT,1,False,False,False,False,False,False,False,False,False,False,False,False,False,False,False,False,False
QTAGQHZOLRFCBU,Oxypeucedanin,O=c1ccc2c(OCC3CO3)c3ccoc3cc2o1,1,MC19,45eV,LC-ESI-ITFT,1,True,True,False,False,True,False,True,True,True,False,False,True,False,True,True,False,False
QUNWUDVFRNGTCO,PARAXANTHINE,O=c1[nH]c(=O)c2[nH]cnc2[nH]1,1,MC22,30eV,LC-ESI-QFT,1,True,True,False,False,True,True,False,False,False,False,False,True,False,True,True,False,False
QUQPHWDTPGMPEX,hesperidin,O=C1CC(c2ccccc2)Oc2cc(OC3CCCC(COC4CCCCO4)O3)ccc21,1,MC25,0.3,LC-ESI-ITFT,1,True,True,False,False,True,True,True,True,True,False,False,True,False,True,True,False,False
QUQPZVOBOIBITF,"Tifruticin, desoxy",C=C1C(=O)OC2C=CCC=CCCCC12,1,MC14,50eV,LC-ESI-ITFT,1,False,False,False,False,False,False,False,False,False,False,False,False,False,False,False,False,False
QURCVMIEKCOAJU,Isoferulic acid,c1ccccc1,1,MC19,45eV,LC-ESI-ITFT,1,True,True,False,False,True,False,True,True,True,False,False,True,False,True,True,False,False
QVBXEYRBBAHAGF,Budlein A isolvalerate,C=C1C(=O)OC2C=CC3=CC(=O)C(CCC12)O3,1,MC14,50eV,LC-ESI-ITFT,1,False,False,False,False,False,False,False,False,False,False,False,False,False,True,False,False,False
QXGMGISDPLKBDP,"(20R,22R,25R)-3beta,16beta-Diacetoxy-22,26-epimino-5alpha-cholestan-20-ol",C1CCC(CC2CCC3C2CCC2C4CCCCC4CCC23)NC1,3,MC01,35 CID,APCI-ITFT,0,False,False,False,False,False,False,False,False,False,False,False,False,False,False,False,False,False
QXKHYNVANLEOEG,Methoxsalen,O=c1ccc2cc3ccoc3cc2o1,1,MC19,45eV,LC-ESI-ITFT,1,True,True,False,False,True,True,True,True,True,False,False,True,False,True,True,False,False
QYKCTVZWKZFZNA,Cumambranolide-8ß-sarracinoyloxy,C=C1C(=O)OC2C1CCCC1CC=CC12,1,MC14,50eV,LC-ESI-ITFT,1,False,False,False,False,False,False,False,False,False,False,False,False,False,True,False,False,False
QYKDZOPFPQAQHD,"N-Cbz-22,26-epimino-23alphaOH, 16beta, 23-epoxy-5alpha, 22alphaH, 25betaH-cholestan-3-on",O=C1CCC2C(CCC3C2CCC2C4CC5C(CCCN5C(=O)OCc5ccccc5)OC4CC23)C1,1,MC01,35 CID,APCI-ITFT,0,False,False,False,False,False,False,False,False,False,False,False,False,False,False,False,False,False
QYPPJABKJHAVHS,Agmatine,__ACYCLIC__QYPPJABKJHAVHS,8,"MC19,MC20,MC22",10|100|20|30|30eV|40|45eV|60,"LC-ESI-ITFT,LC-ESI-QFT",6,True,True,False,False,True,True,False,False,False,False,False,True,False,True,False,False,False
QZAYGJVTTNCVMB,Serotonin,c1ccc2[nH]ccc2c1,7,"MC20,MC22",10|100|20|30|30eV|40|60,"LC-ESI-ITFT,LC-ESI-QFT",6,True,True,False,False,True,True,True,True,True,False,False,True,False,True,True,False,False
RADKZDMFGJYCBB,PYRIDOXAL,c1ccncc1,1,MC22,30eV,LC-ESI-QFT,1,True,True,False,False,True,True,False,False,False,False,False,True,False,True,True,False,False
RAGZUCNPTLULOL,Feruloyl quinic acid,O=C(C=Cc1ccccc1)OC1CCCCC1,2,MC19,35eV,LC-ESI-ITFT,1,True,True,False,False,True,True,True,True,True,False,False,True,False,True,True,False,False
RAKJVIPCCGXHHS,Osthenol,O=c1ccc2ccccc2o1,1,MC19,45eV,LC-ESI-ITFT,1,True,True,False,False,True,False,True,True,True,False,False,True,False,True,True,False,False
RBRPTFMVULVGIC,8-Epi-Xanthatine,C=C1C(=O)OC2CCC=CCC12,1,MC14,50eV,LC-ESI-ITFT,1,False,False,False,False,False,False,True,True,True,False,False,True,False,True,True,False,False
RDHQFKQIGNGIED,L-Acetylcarnitine,__ACYCLIC__RDHQFKQIGNGIED,7,"MC20,MC22",10|100|20|30|30eV|40|60,"LC-ESI-ITFT,LC-ESI-QFT",6,True,True,False,False,True,True,False,False,False,False,False,True,False,True,False,False,False
REFJWTPEDVJJIY,Quercetin,O=c1cc(-c2ccccc2)oc2ccccc12,1,MC25,0.3,LC-ESI-ITFT,1,True,True,False,False,True,True,True,True,True,False,False,True,False,True,True,False,False
REJLGAUYTKNVJM,Alpha-Tomatine,C1CCC2(CC3C(CC4C3CCC3C5CCC(OC6CCC(OC7OCCC(OC8CCCCO8)C7OC7CCCCO7)CO6)CC5CCC34)O2)NC1,2,MC19,35eV|45eV,LC-ESI-ITFT,2,False,False,False,False,False,False,False,False,False,False,False,True,False,False,False,False,False
RELOBEOVXNHEDF,"(20R,22S,25S)-3beta-Acetoxy-22,26-acetimino-5alpha-cholestan-20-ol",C1CCC(CC2CCC3C2CCC2C4CCCCC4CCC23)NC1,1,MC01,70 HCD,APCI-ITFT,0,False,False,False,False,False,False,False,False,False,False,False,False,False,False,False,False,False
RERJQXYVIAWVRT,Epi-Inunolide-Cysteine,O=C1CC2CC=CCCC=CCC2O1,1,MC14,50eV,LC-ESI-ITFT,1,False,False,False,False,False,False,False,False,False,False,False,False,False,False,False,False,False
RFDAIACWWDREDC,Glycocholic acid,C1CCC2C(C1)CCC1C3CCCC3CCC21,7,"MC20,MC22",10|100|20|30|30eV|40|60,"LC-ESI-ITFT,LC-ESI-QFT",6,True,True,False,False,True,True,True,False,True,False,False,True,False,True,True,False,False
RFEIJEFRKIFCGS,"(25R)-N,N,N'-Trimethyl-3beta-amino-22,26-epimino-16beta,23-oxido-5alpha-cholest-22-en",C1CNC2=C(C1)OC1CC3C(CCC4C5CCCCC5CCC43)C1C2,1,MC01,35 CID,APCI-ITFT,0,False,False,False,False,False,False,False,False,False,False,False,False,False,False,False,False,False
RFMMMVDNIPUKGG,N-ACETYLGLUTAMATE,__ACYCLIC__RFMMMVDNIPUKGG,1,MC22,30eV,LC-ESI-QFT,1,True,True,False,False,True,True,True,True,True,False,False,True,False,True,True,False,False
RGHHSNMVTDWUBI,4-HYDROXYBENZALDEHYDE,c1ccccc1,1,MC22,30eV,LC-ESI-QFT,1,True,True,False,False,True,True,False,False,False,False,False,True,False,True,True,False,False
RGNXWPVNPFAADO,sulfuretin,O=C1C(=Cc2ccccc2)Oc2ccccc21,1,MC25,0.3,LC-ESI-ITFT,1,True,True,False,False,True,False,True,False,True,False,False,True,False,True,True,False,False
RHGKLRLOHDJJDR,DL-Citrulline,__ACYCLIC__RHGKLRLOHDJJDR,8,"MC19,MC20,MC22",10|100|20|30|30eV|40|45eV|60,"LC-ESI-ITFT,LC-ESI-QFT",6,True,True,False,False,True,True,True,True,True,False,False,True,False,True,True,False,False
RJFAYQIBOAGBLC,SELENOMETHIONINE,__ACYCLIC__RJFAYQIBOAGBLC,1,MC22,30eV,LC-ESI-QFT,1,True,True,False,False,True,True,True,True,True,False,False,True,False,True,True,False,False
RJKFOVLPORLFTN,Progesterone,O=C1C=C2CCC3C4CCCC4CCC3C2CC1,7,"MC20,MC22",10|100|20|30|30eV|40|60,"LC-ESI-ITFT,LC-ESI-QFT",6,True,True,False,False,True,True,True,True,True,False,False,True,False,True,True,False,False
RODXRVNMMDRFIK,scopoletin,O=c1ccc2ccccc2o1,1,MC25,0.3,LC-ESI-ITFT,1,True,True,False,False,True,True,True,True,True,False,False,True,False,True,True,False,False
ROHFNLRQFUQHCH,L-Leucine,__ACYCLIC__ROHFNLRQFUQHCH,7,"MC20,MC22",10|100|20|30|30eV|40|60,"LC-ESI-ITFT,LC-ESI-QFT",6,True,True,False,False,True,True,True,True,True,False,False,True,False,True,True,False,False
RQFCJASXJCIDSX,Guanosine monophosphate,O=c1[nH]cnc2c1ncn2C1CCCO1,7,"MC20,MC22",10|100|20|30|30eV|40|60,"LC-ESI-ITFT,LC-ESI-QFT",6,True,True,False,False,True,True,True,True,True,False,False,True,False,True,True,False,False
RSDDHGSKLOSQFK,Auraptene,O=c1ccc2ccccc2o1,1,MC19,45eV,LC-ESI-ITFT,1,True,True,False,False,True,True,True,True,True,False,False,True,False,True,True,False,False
RSZDAYHEZSRVHS,Suberosin,O=c1ccc2ccccc2o1,1,MC19,45eV,LC-ESI-ITFT,1,True,True,False,False,True,True,True,True,True,False,False,True,False,True,True,False,False
RTIXKCRFFJGDFG,chrysin,O=c1cc(-c2ccccc2)oc2ccccc12,1,MC25,0.3,LC-ESI-ITFT,1,True,True,False,False,True,True,True,True,True,False,False,True,False,True,True,False,False
RVBQVNIEBNWSIX,"8ß-angeloyloxy-14-oxo-4ß,9ß-dihydroxy-guaia-11(13)-en-6,12-olide",C=C1C(=O)OC2C1CCCC1CCCC12,1,MC14,50eV,LC-ESI-ITFT,1,False,False,False,False,False,False,False,False,False,False,False,False,False,False,False,False,False
RVYZEACRYKBEAG,γ-Isoalantolactone-Cysteine,O=C1CC2CC3=CCCCC3CC2O1,1,MC14,50eV,LC-ESI-ITFT,1,False,False,False,False,False,False,False,False,False,False,False,False,False,False,False,False,False
RWNHLTKFBKYDOJ,Arjunolic acid,C1=C2C3CCCCC3CCC2C2CCC3CCCCC3C2C1,1,MC25,0.3,LC-ESI-ITFT,1,False,False,False,False,False,False,True,True,True,False,False,True,False,True,True,False,False
RWQNBRDOKXIBIV,THYMINE,O=c1cc[nH]c(=O)[nH]1,1,MC22,30eV,LC-ESI-QFT,1,True,True,False,False,True,True,True,True,True,False,False,True,True,True,True,False,False
RWSXRVCMGQZWBV,Glutathione,__ACYCLIC__RWSXRVCMGQZWBV,7,"MC20,MC22",10|100|20|30|30eV|40|60,"LC-ESI-ITFT,LC-ESI-QFT",6,True,True,False,False,True,True,False,False,False,False,False,False,False,True,False,False,False
RXGUTQNKCXHALN,p-Coumaroyl Tyramine,O=C(C=Cc1ccccc1)NCCc1ccccc1,1,MC19,35eV,LC-ESI-ITFT,1,True,True,False,False,True,True,True,False,True,False,False,True,False,True,True,False,False
RYYVLZVUVIJVGH,Caffeine,O=c1[nH]c(=O)c2[nH]cnc2[nH]1,11,"MC19,MC20,MC22,MC25",0.3|10|100|20|30|30eV|35eV|40|45eV|60,"LC-ESI-ITFT,LC-ESI-QFT",6,True,True,False,False,True,True,True,True,True,False,False,True,False,True,True,False,False
RZLFGHCMZDNVNK,"(2aS,4S,6aS,6bS,8aS,8bR,9S,12R,14aR,15aS,15bR)-6a,8a,9,12-tetramethyl-1,2,2a,3,4,5,6,6a,6b,7,8,8a,8b,9,10,11,12,13,14a,15,15a,15b-docosahydronaphtho[2'',1'':4',5']indeno[1',2':5,6]pyrano[3,2-b]pyridin-4-ol",C1CNC2=C(C1)OC1CC3C(CCC4C5CCCCC5CCC43)C1C2,1,MC01,35 CID,APCI-ITFT,0,False,False,False,False,False,False,False,False,False,False,False,False,False,False,False,False,False
RZRNAYUHWVFMIP,OLEOYL-GLYCEROL,__ACYCLIC__RZRNAYUHWVFMIP,1,MC22,30eV,LC-ESI-QFT,1,True,True,False,False,True,True,True,True,True,False,False,True,False,True,True,False,False
RZZPDXZPRHQOCG,CITICOLINE,O=c1ncccn1C1CCCO1,1,MC22,30eV,LC-ESI-QFT,1,True,True,False,False,True,True,True,True,True,False,False,True,False,True,True,False,False
SCEPATPTKMFDSR,Kaempferol 3-rutinoside-7-glucoside,O=c1c(OC2CCCC(COC3CCCCO3)O2)c(-c2ccccc2)oc2cc(OC3CCCCO3)ccc12,2,MC19,35eV,LC-ESI-ITFT,1,False,False,False,False,False,False,False,False,False,False,False,False,False,True,True,False,False
SEOVTRFCIGRIMH,3-indole-acetic acid,c1ccc2[nH]ccc2c1,8,"MC19,MC20,MC22",10|100|20|30|30eV|40|45eV|60,"LC-ESI-ITFT,LC-ESI-QFT",6,True,True,False,False,True,True,True,True,True,False,False,True,False,True,True,False,False
SFLSHLFXELFNJZ,Norepinephrine,c1ccccc1,6,MC20,10|100|20|30|40|60,LC-ESI-ITFT,6,True,True,False,False,True,True,True,True,True,False,False,True,False,True,True,False,False
SFUVCMKSYKHYLD,FeruloylPutrescine,c1ccccc1,2,MC19,35eV,LC-ESI-ITFT,1,True,True,False,False,True,True,True,True,True,False,False,True,False,True,True,False,False
SGEWCQFRYRRZDC,Vitexin,O=c1cc(-c2ccccc2)oc2c(C3CCCCO3)cccc12,2,"MC19,MC25",0.3|45eV,LC-ESI-ITFT,1,True,True,False,False,True,True,True,True,True,False,False,True,False,True,True,False,False
SGPLNSURQYXVNX,N-Nitrosotomatidin,C1CCC2(CC3C(CC4C3CCC3C5CCCCC5CCC34)O2)NC1,1,MC01,35 CID,APCI-ITFT,0,False,False,False,False,False,False,False,False,False,False,False,False,False,True,True,False,False
SGTCGCCQZOUMJJ,Scopolin,O=c1ccc2ccc(OC3CCCCO3)cc2o1,1,MC19,45eV,LC-ESI-ITFT,1,True,True,False,False,True,False,True,True,True,False,False,True,False,True,True,False,False
SHYAGPHGQLBLBC,"N-Benzyloxycarbonyl-22,26-epimino-23beta-methoxy-16beta,23-epoxy-5alpha,22alphaH,25alphaH-cholestan-3-on",O=C1CCC2C(CCC3C2CCC2C4CC5C(CCCN5C(=O)OCc5ccccc5)OC4CC23)C1,1,MC01,35 CID,APCI-ITFT,0,False,False,False,False,False,False,False,False,False,False,False,False,False,False,False,False,False
SIKJAQJRHWYJAI,Indole,c1ccc2[nH]ccc2c1,6,MC20,10|100|20|30|40|60,LC-ESI-ITFT,6,True,True,False,False,True,True,False,False,False,False,False,True,False,True,True,False,False
SIOXPEMLGUPBBT,Picolinic acid,c1ccncc1,6,MC20,10|100|20|30|40|60,LC-ESI-ITFT,6,True,True,False,False,True,True,True,True,True,False,False,True,False,True,True,False,False
SJHVRBSHKTUXLG,7-Methylthioheptyl glucosinolate,C1CCOCC1,1,MC15,30,LC-ESI-ITFT,1,False,False,False,False,False,False,False,False,False,False,False,False,False,True,True,False,False
SLRCCWJSBJZJBV,(-)-Sparteine,C1CCN2CC3CC(CN4CCCCC34)C2C1,6,MC20,10|100|20|30|40|60,LC-ESI-ITFT,6,True,True,False,False,True,True,True,True,True,False,False,True,False,True,True,False,False
SLSIBLKBHNKZTB,skimmiamine,c1ccc2nc3occc3cc2c1,1,MC25,0.3,LC-ESI-ITFT,1,True,True,False,False,True,True,True,False,True,False,False,True,False,True,True,False,False
SLWWJZMPHJJOPH,3-DEHYDROSHIKIMATE,O=C1C=CCCC1,1,MC22,30eV,LC-ESI-QFT,1,False,False,False,False,False,False,False,False,False,False,False,False,False,True,True,False,False
SNDPXSYFESPGGJ,NORVALINE,__ACYCLIC__SNDPXSYFESPGGJ,1,MC22,30eV,LC-ESI-QFT,1,True,True,False,False,True,True,True,True,True,False,False,True,False,True,True,False,False
SNNXBJRQHYORMV,"(3S,5S,8R,9S,10S,13S,14S,16R,17R)-10,13-dimethyl-17-((S)-1-(5-methylpyridin-2-yl)ethyl)hexadecahydro-1H-cyclopenta[a]phenanthrene-3,16-diyl diacetate",c1ccc(CC2CCC3C2CCC2C4CCCCC4CCC23)nc1,1,MC01,70 HCD,APCI-ITFT,0,False,False,False,False,False,False,False,False,False,False,False,False,False,False,False,False,False
SNZRAKOFDSGBRF,"2-oxo-8(2-methyl-2,3-epoxybutanoyl)-guaia-1(10),3,11,(13)-trien-6,12-olide",C=C1C(=O)OC2C3C=CC(=O)C3=CCC(OC(=O)C3CO3)C12,1,MC14,50eV,LC-ESI-ITFT,1,False,False,False,False,False,False,False,False,False,False,False,False,False,False,False,False,False
SOSLMHZOJATCCP,Afzelin,O=c1c(OC2CCCCO2)c(-c2ccccc2)oc2ccccc12,1,MC09,"15,30,45 (NCE)",LC-ESI-QFT,0,True,True,False,False,True,True,True,True,True,False,False,True,False,True,True,False,False
SOVNCTNQAWWYAQ,Xanthotoxol geranyl ether,O=c1ccc2cc3ccoc3cc2o1,1,MC19,45eV,LC-ESI-ITFT,1,True,True,False,False,True,True,True,True,True,False,False,True,False,True,True,False,False
SPUFXPFDJYNCFD,Quercetin-3-rutinoside-7-glucoside,O=c1c(OC2CCCC(COC3CCCCO3)O2)c(-c2ccccc2)oc2cc(OC3CCCCO3)ccc12,1,MC19,35eV,LC-ESI-ITFT,1,True,True,False,False,True,True,False,False,False,False,False,False,False,True,True,False,False
SQOJOAFXDQDRGF,Ginkgolide B,O=C1CC2C(CC34C5CCC36CC(=O)OC6OC24C(=O)O5)O1,1,MC09,"15,30,45 (NCE)",LC-ESI-QFT,0,True,False,True,False,True,True,True,True,True,False,False,True,False,True,True,False,False
SQVRNKJHWKZAKO,N-Acetylneuraminic acid,C1CCOCC1,7,"MC20,MC22",10|100|20|30|30eV|40|60,"LC-ESI-ITFT,LC-ESI-QFT",6,True,True,False,False,True,True,False,False,False,False,False,True,False,True,True,False,False
SRNWOUGRCWSEMX,ADENOSINE DIPHOSPHATE RIBOSE,O=[PH](OCC1CCCO1)O[PH](=O)OCC1CCC(n2cnc3cncnc32)O1,1,MC22,30eV,LC-ESI-QFT,1,True,True,False,False,True,True,False,False,False,False,False,False,False,True,False,False,False
SSSJVSLVSRLKJP,"benzyl (2aS,4S,6aS,6bS,8aS,8bR,9S,12R,14aR,15aS,15bR)-4-acetoxy-6a,8a,9,12-tetramethyl-2,2a,3,4,5,6,6a,6b,7,8,8a,8b,9,11,12,13,14a,15,15a,15b-icosahydronaphtho[2'',1'':4',5']indeno[1',2':5,6]pyrano[3,2-b]pyridine-10(1H)-carboxylate",O=C(OCc1ccccc1)N1CCCC2=C1CC1C(CC3C1CCC1C4CCCCC4CCC13)O2,1,MC01,35 CID,APCI-ITFT,0,False,False,False,False,False,False,False,False,False,False,False,False,False,False,False,False,False
SUHOOTKUPISOBE,ETHANOLAMINE PHOSPHATE,__ACYCLIC__SUHOOTKUPISOBE,2,MC22,30eV,LC-ESI-QFT,1,True,True,False,False,True,True,True,True,True,False,False,True,False,True,True,False,False
SULYEHHGGXARJS,"2',4'-DIHYDROXYACETOPHENONE",c1ccccc1,1,MC22,30eV,LC-ESI-QFT,1,True,True,False,False,True,True,True,True,True,False,False,True,False,True,True,False,False
SVOZVFTXNDIEBH,Sinapoyl.malate,c1ccccc1,1,MC15,30,LC-ESI-ITFT,1,False,False,False,False,False,False,False,False,False,False,False,False,False,True,True,False,False
SXTAYKAGBXMACB,METHIONINE SULFOXIMINE,__ACYCLIC__SXTAYKAGBXMACB,1,MC22,30eV,LC-ESI-QFT,1,True,True,False,False,True,True,False,False,False,False,False,False,False,True,False,False,False
SYTYLPHCLSSCOJ,6-Hydroxy-7-methoxychromen-2-one,O=c1ccc2ccccc2o1,1,MC19,45eV,LC-ESI-ITFT,1,True,True,False,False,True,False,True,True,True,False,False,True,False,True,True,False,False
TUHVEAJXIMEOSA,4-GUANIDINOBUTANOATE,__ACYCLIC__TUHVEAJXIMEOSA,1,MC22,30eV,LC-ESI-QFT,1,True,True,False,False,True,True,True,True,True,False,False,True,False,True,True,False,False
TVQVDZKWITZCIB,7-Methoxy-6-(3-methylbut-2-enoxy)chromen-2-one,O=c1ccc2ccccc2o1,1,MC19,45eV,LC-ESI-ITFT,1,False,False,False,False,False,False,False,False,False,False,False,False,False,True,True,False,False
TYCAURZHHZNQJD,N-2-Brom-benzyliden-solanocapsin,C(=NC1CCC2C(CCC3C2CCC2C4CC5NCCCC5OC4CC23)C1)c1ccccc1,1,MC01,35 CID,APCI-ITFT,0,False,False,False,False,False,False,False,False,False,False,False,False,False,False,False,False,False
TZBBUVFNZDBEEJ,Leptocarpin,C=C1C(=O)OC2C=CCCC3OC3CCC12,1,MC14,50eV,LC-ESI-ITFT,1,False,False,False,False,False,False,False,False,False,False,False,False,False,False,False,False,False
TZBJGXHYKVUXJN,genistein,O=c1c(-c2ccccc2)coc2ccccc12,1,MC25,0.3,LC-ESI-ITFT,1,True,True,False,False,True,True,False,False,False,False,False,True,True,True,True,False,False
TZWZKDULKILUPV,N-Decanoyl-L-homoserine lactone,O=C1CCCO1,6,MC20,10|100|20|30|40|60,LC-ESI-ITFT,6,True,True,False,False,True,True,False,False,False,False,False,False,False,True,True,False,False
UAHWPYUMFXYFJY,Myrcene,__ACYCLIC__UAHWPYUMFXYFJY,1,MC01,35 CID,APCI-ITFT,0,True,True,False,False,True,False,True,True,True,False,False,True,False,True,True,False,False
UBORTCNDUKBEOP,XANTHOSINE,c1ncc2ncn(C3CCCO3)c2n1,1,MC22,30eV,LC-ESI-QFT,1,True,True,False,False,True,True,True,True,True,False,False,True,False,True,True,False,False
UCMIRNVEIXFBKS,beta-Alanine,__ACYCLIC__UCMIRNVEIXFBKS,7,"MC20,MC22",10|100|20|30|30eV|40|60,"LC-ESI-ITFT,LC-ESI-QFT",6,True,True,False,False,True,True,False,False,False,False,False,True,False,True,False,False,False
UCTWMZQNUQWSLP,Epinephrine,c1ccccc1,7,"MC20,MC22",10|100|20|30|30eV|40|60,"LC-ESI-ITFT,LC-ESI-QFT",6,True,True,False,False,True,True,True,True,True,False,False,True,False,True,True,False,False
UDMBCSSLTHHNCD,Adenosine monophosphate,c1ncc2ncn(C3CCCO3)c2n1,6,MC20,10|100|20|30|40|60,LC-ESI-ITFT,6,True,True,False,False,True,True,True,True,True,False,False,True,True,True,True,False,False
UEFXHAIMDIUNBV,"Niveusin C, des-3-hydroxy",C=C1C(=O)OC2C=CC3CCC(CCC12)O3,1,MC14,50eV,LC-ESI-ITFT,1,False,False,False,False,False,False,False,False,False,False,False,False,False,False,False,False,False
UELPQYXGRIZTHA,Rotundin,C=C1C(=O)OC2C=CCCC3OC3CCC12,1,MC14,50eV,LC-ESI-ITFT,1,False,False,False,False,False,False,False,False,False,False,False,False,False,False,False,False,False
UFAHZIUFPNSHSL,Propionylcarnitine,__ACYCLIC__UFAHZIUFPNSHSL,6,MC20,10|100|20|30|40|60,LC-ESI-ITFT,6,True,True,False,False,True,True,True,True,True,False,False,True,False,True,True,False,False
UFIVEPVSAGBUSI,DIHYDROOROTATE,O=C1CCNC(=O)N1,1,MC22,30eV,LC-ESI-QFT,1,True,True,False,False,True,True,True,False,True,False,False,True,False,True,True,False,False
UFULAYFCSOUIOV,Cysteamine,__ACYCLIC__UFULAYFCSOUIOV,6,MC20,10|100|20|30|40|60,LC-ESI-ITFT,6,False,False,False,False,False,False,True,True,True,False,False,True,False,False,True,False,False
UFYKDFXCZBTLOO,GLUCOSAMINATE,__ACYCLIC__UFYKDFXCZBTLOO,1,MC22,30eV,LC-ESI-QFT,1,True,True,False,False,True,True,True,True,True,False,False,True,False,True,True,False,False
UGQMRVRMYYASKQ,Inosine,O=c1nc[nH]c2c1ncn2C1CCCO1,7,"MC20,MC22",10|100|20|30|30eV|40|60,"LC-ESI-ITFT,LC-ESI-QFT",6,True,True,False,False,True,True,True,True,True,False,False,True,False,False,True,False,False
UHDGCWIWMRVCDJ,Cytidine,O=c1ncccn1C1CCCO1,7,"MC20,MC22",10|100|20|30|30eV|40|60,"LC-ESI-ITFT,LC-ESI-QFT",6,True,True,False,False,True,True,True,True,True,False,False,True,False,True,True,False,False
UIJIQXGRFSPYQW,THIOPURINE S-METHYLETHER,c1ncc2[nH]cnc2n1,1,MC22,30eV,LC-ESI-QFT,1,True,True,False,False,True,True,False,False,False,False,False,False,False,True,True,False,False
UIKROCXWUNQSPJ,Cotinine,O=C1CCC(c2cccnc2)N1,6,MC20,10|100|20|30|40|60,LC-ESI-ITFT,6,True,True,False,False,True,True,True,True,True,False,False,True,False,True,True,False,False
UIRIUZIQDZUXQT,"(20R)-3beta,16beta-Diacetoxy-20-(5-methyl-pyridyl)-5alpha-pregnan-20-ol",c1ccc(CC2CCC3C2CCC2C4CCCCC4CCC23)nc1,1,MC01,35 CID,APCI-ITFT,0,False,False,False,False,False,False,False,False,False,False,False,False,False,False,False,False,False
UKAUYVFTDYCKQA,L-Homoserine,__ACYCLIC__UKAUYVFTDYCKQA,7,"MC20,MC22",10|100|20|30|30eV|40|60,"LC-ESI-ITFT,LC-ESI-QFT",6,True,True,False,False,True,True,False,False,False,False,False,True,False,True,False,False,False
UKFXDFUAPNAMPJ,ETHYLMALONATE,__ACYCLIC__UKFXDFUAPNAMPJ,1,MC22,30eV,LC-ESI-QFT,1,False,False,False,False,False,False,False,False,False,False,False,True,False,False,False,False,False
ULQWKETUACYZLI,Dihomo-gamma-Linolenoyl ethanolamide,__ACYCLIC__ULQWKETUACYZLI,6,MC20,10|100|20|30|40|60,LC-ESI-ITFT,6,False,False,False,False,False,False,False,False,False,False,False,False,False,False,False,False,False
ULSIYEODSMZIPX,PHENYLETHANOLAMINE,c1ccccc1,1,MC22,30eV,LC-ESI-QFT,1,True,True,False,False,True,True,False,False,False,False,False,True,False,True,True,False,False
ULSUXBXHSYSGDT,Tangeretin,O=c1cc(-c2ccccc2)oc2ccccc12,1,MC19,45eV,LC-ESI-ITFT,1,True,True,False,False,True,True,True,True,True,False,False,True,False,True,True,False,False
UMVSOHBRAQTGQI,lactucopicrin,C=C1C(=O)OC2C3C=CC(=O)C3=CCC(OC(=O)Cc3ccccc3)C12,1,MC25,0.3,LC-ESI-ITFT,1,True,False,True,False,True,False,False,False,False,False,False,False,False,True,False,False,False
URFCJEUYXNAHFI,pinocembrin,O=C1CC(c2ccccc2)Oc2ccccc21,1,MC25,0.3,LC-ESI-ITFT,1,True,True,False,False,True,True,True,True,True,False,False,True,False,True,True,False,False
URPVDDXMEZAEJY,melicopicine,O=c1c2ccccc2[nH]c2ccccc12,1,MC25,0.3,LC-ESI-ITFT,1,False,False,False,False,False,False,False,False,False,False,False,False,False,True,True,False,False
USMGBEDASIFJNA,Tirotundifolin B,C=C1C(=O)OC2C3=CCCCC3CCC12,1,MC14,50eV,LC-ESI-ITFT,1,False,False,False,False,False,False,False,False,False,False,False,False,False,True,True,False,False
UUSBJNDAAOUQAC,N-CaffeoylAgmatine,c1ccccc1,2,MC19,35eV,LC-ESI-ITFT,1,False,False,False,False,False,False,False,False,False,False,False,False,False,True,True,False,False
UWQYBLOHTQWSQD,mulberrin,O=c1cc(-c2ccccc2)oc2ccccc12,1,MC25,0.3,LC-ESI-ITFT,1,True,True,False,False,True,True,True,True,True,False,False,True,False,True,True,False,False
UXAFRQPVHYZDED,Colchicoside,O=c1cccc2c(c1)CCCc1cc(OC3CCCCO3)ccc1-2,1,MC19,45eV,LC-ESI-ITFT,1,False,False,False,False,False,False,True,True,True,False,False,True,False,True,True,False,False
UYEUUXMDVNYCAM,"2,4-DIHYDROXYPTERIDINE",O=c1[nH]c(=O)c2nccnc2[nH]1,1,MC22,30eV,LC-ESI-QFT,1,True,True,False,False,True,True,False,False,False,False,False,True,False,True,False,False,False
UYPYRKYUKCHHIB,Trimethylamine N-oxide,__ACYCLIC__UYPYRKYUKCHHIB,6,MC20,10|100|20|30|40|60,LC-ESI-ITFT,6,True,True,False,False,True,True,False,False,False,False,False,True,False,True,False,False,False
UYTPUPDQBNUYGX,GUANINE,O=c1nc[nH]c2nc[nH]c12,1,MC22,30eV,LC-ESI-QFT,1,True,True,False,False,True,True,False,False,False,False,False,False,False,False,True,False,False
UZTFMUBKZQVKLK,4-ACETAMIDOBUTANOATE,__ACYCLIC__UZTFMUBKZQVKLK,1,MC22,30eV,LC-ESI-QFT,1,True,True,False,False,True,True,True,True,True,False,False,True,False,True,True,False,False
VBJUSTDQWZEPOB,"(22S,25S)-22,26-Nitrosepimino-5alpha-cholestan-3beta-16alpha-diol",C1CCC(CC2CCC3C2CCC2C4CCCCC4CCC23)NC1,1,MC01,35 CID,APCI-ITFT,0,False,False,False,False,False,False,False,False,False,False,False,False,False,False,False,False,False
VCCNKWWXYVWTLT,Neodiosmin,O=c1cc(-c2ccccc2)oc2cc(OC3OCCCC3OC3CCCCO3)ccc12,1,MC19,45eV,LC-ESI-ITFT,1,True,True,False,False,True,True,True,False,True,False,False,True,False,True,True,False,False
VCKKOKFHYUHPPZ,3alpha-Amino-5alpha-solanidan,C1CCC2C(C1)CCC1C2CCC2C1CC1C2CC2CCCCN21,2,MC01,35 CID,APCI-ITFT,0,False,False,False,False,False,False,False,False,False,False,False,False,False,True,True,False,False
VCKPUUFAIGNJHC,Hydroxykynurenine,c1ccccc1,6,MC20,10|100|20|30|40|60,LC-ESI-ITFT,6,True,True,False,False,True,True,False,False,False,False,False,False,False,True,True,False,False
VCYNHQOAZQMPOJ,"(22R,25R)-5alpha-Spirosolan-3-on",O=C1CCC2C(CCC3C2CCC2C4CC5(CCCCN5)OC4CC23)C1,1,MC01,35 CID,APCI-ITFT,0,False,False,False,False,False,False,False,False,False,False,False,False,False,False,False,False,False
VEPUCZUJLKAVNM,Ginkgolic acid C13:0,c1ccccc1,1,MC09,"15,30,45 (NCE)",LC-ESI-QFT,0,True,True,False,False,True,False,True,True,True,False,False,True,False,True,True,False,False
VEYYWZRYIYDQJM,N-Alpha-acetyllysine,__ACYCLIC__VEYYWZRYIYDQJM,7,"MC20,MC22",10|100|20|30|30eV|40|60,"LC-ESI-ITFT,LC-ESI-QFT",6,True,True,False,False,True,True,True,True,True,False,False,True,False,True,True,False,False
VFFNZZXXTGXBOG,N-Butyryl-L-homoserine lactone,O=C1CCCO1,6,MC20,10|100|20|30|40|60,LC-ESI-ITFT,6,True,True,False,False,True,True,False,False,False,False,False,False,False,True,True,False,False
VGONTNSXDCQUGY,Deoxyinosine,O=c1[nH]cnc2c1ncn2C1CCCO1,6,MC20,10|100|20|30|40|60,LC-ESI-ITFT,6,True,True,False,False,True,True,True,False,True,False,False,True,False,True,True,False,False
VHBGSNIGTMGOSL,"5,6-Dihydroconimin",C1CCC2C(C1)CCC1C2CCC23CNCC2CCC13,1,MC01,35 CID,APCI-ITFT,0,False,False,False,False,False,False,False,False,False,False,False,False,False,False,False,False,False
VHOPIWUPYREUSE,N-Feruloyl Lysine,c1ccccc1,1,MC19,35eV,LC-ESI-ITFT,1,True,True,False,False,True,True,False,False,False,False,False,False,False,True,True,False,False
VHRGRCVQAFMJIZ,Cadaverine,__ACYCLIC__VHRGRCVQAFMJIZ,6,MC20,10|100|20|30|40|60,LC-ESI-ITFT,6,True,True,False,False,True,True,True,True,True,False,False,True,False,True,True,False,False
VJQAFLAZRVKAKM,lactucin,C=C1C(=O)OC2C3C=CC(=O)C3=CCCC12,1,MC25,0.3,LC-ESI-ITFT,1,True,True,False,False,True,False,False,False,False,False,False,False,False,True,True,False,False
VJSBNBBOSZJDKB,Cer(d18:1/24:1(15Z)),__ACYCLIC__VJSBNBBOSZJDKB,6,MC20,10|100|20|30|40|60,LC-ESI-ITFT,6,False,False,False,False,False,False,False,False,False,False,False,False,False,False,False,False,False
VKWNXJLVNFOOOS,Tirotundin,C=C1C(=O)OC2CCC3CCC(CCC12)O3,1,MC14,50eV,LC-ESI-ITFT,1,False,False,False,False,False,False,False,False,False,False,False,False,False,False,False,False,False
VLBPIWYTPAXCFJ,Lyso-PAF C16,__ACYCLIC__VLBPIWYTPAXCFJ,6,MC20,10|100|20|30|40|60,LC-ESI-ITFT,6,True,True,False,False,True,False,False,False,False,False,False,False,False,True,False,False,False
VOCGSQHKPZSIKB,Bavachinin,O=C1CC(c2ccccc2)Oc2ccccc21,1,MC19,45eV,LC-ESI-ITFT,1,True,True,False,False,True,True,True,False,True,False,False,True,False,True,True,False,False
VODZWWMEJITOND,Ceramide (d18:1/18:0),__ACYCLIC__VODZWWMEJITOND,6,MC20,10|100|20|30|40|60,LC-ESI-ITFT,6,True,True,False,False,True,False,False,False,False,False,False,False,False,True,False,False,False
VPAOSFFTKWUGAD,Skimmin,O=c1ccc2ccc(OC3CCCCO3)cc2o1,1,MC19,45eV,LC-ESI-ITFT,1,True,True,False,False,True,True,True,True,True,False,False,True,False,True,True,False,False
VPGRYOFKCNULNK,DEOXYCORTICOSTERONE ACETATE,O=C1C=C2CCC3C4CCCC4CCC3C2CC1,1,MC22,30eV,LC-ESI-QFT,1,True,True,False,False,True,True,True,True,True,False,False,True,True,True,True,False,False
VQAXHKAKPDMJCX,"(20R,22S,25S)-3beta,16alpha-Diacetoxy-22,26-acetimino-5alpha-cholestan-20-ol",C1CCC(CC2CCC3C2CCC2C4CCCCC4CCC23)NC1,2,MC01,35 CID|70 HCD,APCI-ITFT,0,False,False,False,False,False,False,False,False,False,False,False,False,False,False,False,False,False
VQMSRUREDGBWKT,4-QUINOLINECARBOXYLATE,c1ccc2ncccc2c1,1,MC22,30eV,LC-ESI-QFT,1,True,True,False,False,True,True,False,False,False,False,False,True,False,True,True,False,False
VRGZEPNGEFBVIZ,2-Hydroxy-1-methoxy anthraquinone,O=C1c2ccccc2C(=O)c2ccccc21,1,MC09,"15,30,45 (NCE)",LC-ESI-QFT,0,True,True,False,False,True,False,True,True,True,False,False,True,False,True,True,False,False
VUIHARLRBGHPEA,Sageone,O=C1C2=C(OCC2)C(=O)c2c1ccc1c2CCCC1,1,MC09,"15,30,45 (NCE)",LC-ESI-QFT,0,False,False,False,False,False,False,False,False,False,False,False,False,False,False,False,False,False
VVHOUVWJCQOYGG,GUANIDINOSUCCINATE,__ACYCLIC__VVHOUVWJCQOYGG,1,MC22,30eV,LC-ESI-QFT,1,True,True,False,False,True,True,False,False,False,False,False,True,False,True,False,False,False
VVIUBCNYACGLLV,Hypotaurine,__ACYCLIC__VVIUBCNYACGLLV,7,"MC20,MC22",10|100|20|30|30eV|40|60,"LC-ESI-ITFT,LC-ESI-QFT",6,True,True,False,False,True,True,False,False,False,False,False,True,False,True,False,False,False
VYFYYTLLBUKUHU,Dopamine,c1ccccc1,7,"MC20,MC22",10|100|20|30|30eV|40|60,"LC-ESI-ITFT,LC-ESI-QFT",6,True,True,False,False,True,True,False,False,False,False,False,False,False,True,True,False,False
VZCYOOQTPOCHFL,MALEATE,__ACYCLIC__VZCYOOQTPOCHFL,1,MC22,30eV,LC-ESI-QFT,1,True,True,False,False,True,True,True,True,True,False,False,True,False,True,True,False,False
VZXPDPZARILFQX,O-Acetylserine,__ACYCLIC__VZXPDPZARILFQX,7,"MC20,MC22",10|100|20|30|30eV|40|60,"LC-ESI-ITFT,LC-ESI-QFT",6,True,True,False,False,True,True,False,False,False,False,False,True,False,True,False,False,False
WBYWAXJHAXSJNI,Cinnamic acid,c1ccccc1,7,"MC19,MC20",10|100|20|30|40|45eV|60,LC-ESI-ITFT,6,True,True,False,False,True,True,True,True,True,False,False,True,False,True,True,False,False
WCBFKVBQHXJRCX,Celereoin,O=c1ccc2cc3c(cc2o1)OCC3,1,MC19,45eV,LC-ESI-ITFT,1,False,False,False,False,False,False,False,False,False,False,False,False,False,True,True,False,False
WCGUUGGRBIKTOS,Ursolic acid,C1=C2C3CCCCC3CCC2C2CCC3CCCCC3C2C1,2,"MC09,MC25","0.3|15,30,45 (NCE)","LC-ESI-ITFT,LC-ESI-QFT",1,True,True,False,False,True,True,True,True,True,False,False,True,False,True,True,False,False
WFPZSXYXPSUOPY,ADP-GLUCOSE,O=[PH](OCC1CCC(n2cnc3cncnc32)O1)O[PH](=O)OC1CCCCO1,1,MC22,30eV,LC-ESI-QFT,1,True,True,False,False,True,True,False,False,False,False,False,False,False,True,False,False,False
WHBHBVVOGNECLV,Cortexolone,O=C1C=C2CCC3C4CCCC4CCC3C2CC1,7,"MC20,MC22",10|100|20|30|30eV|40|60,"LC-ESI-ITFT,LC-ESI-QFT",6,True,True,False,False,True,True,False,False,False,False,False,True,False,True,True,False,False
WHOOUMGHGSPMGR,INDOLEACETALDEHYDE,c1ccc2[nH]ccc2c1,1,MC22,30eV,LC-ESI-QFT,1,True,True,False,False,True,True,False,False,False,False,False,False,False,True,True,False,False
WHTCPDAXWFLDIH,"ADENOSINE 3',5'-DIPHOSPHATE",c1ncc2ncn(C3CCCO3)c2n1,1,MC22,30eV,LC-ESI-QFT,1,True,True,False,False,True,True,False,False,False,False,False,False,False,True,True,False,False
WHUUTDBJXJRKMK,L-Glutamic acid,__ACYCLIC__WHUUTDBJXJRKMK,7,"MC20,MC22",10|100|20|30|30eV|40|60,"LC-ESI-ITFT,LC-ESI-QFT",6,True,True,False,False,True,True,True,True,True,False,False,True,True,True,True,False,False
WILLZMOKUUPJSL,N-Dodecanoyl-L-homoserine lactone,O=C1CCCO1,6,MC20,10|100|20|30|40|60,LC-ESI-ITFT,6,True,True,False,False,True,True,False,False,False,False,False,False,False,True,True,False,False
WJXSWCUQABXPFS,3-Hydroxyanthranilic acid,c1ccccc1,7,"MC20,MC22",10|100|20|30|30eV|40|60,"LC-ESI-ITFT,LC-ESI-QFT",6,True,True,False,False,True,True,True,True,True,False,False,True,False,True,True,False,False
WLJVXDMOQOGPHL,PHENYLACETATE,c1ccccc1,1,MC22,30eV,LC-ESI-QFT,1,True,True,False,False,True,True,False,False,False,False,False,False,False,True,True,False,False
WLPJMCCYDZFCBL,Quercetin.Glc.Rha.Rha,O=c1c(OC2OCCCC2OC2CCCCO2)c(-c2ccccc2)oc2cc(OC3CCCCO3)ccc12,1,MC15,30,LC-ESI-ITFT,1,True,True,False,False,True,True,False,False,False,False,False,False,False,True,True,False,False
WMBWREPUVVBILR,Epigallocatechin gallate,O=C(OC1Cc2ccccc2OC1c1ccccc1)c1ccccc1,2,"MC19,MC25",0.3|45eV,LC-ESI-ITFT,1,True,False,False,True,True,True,True,True,True,False,False,True,False,True,True,False,False
WNDQSPDGUVFEGS,8-Epi-Xanthatine-Cysteine,O=C1CC2CC=CCCC2O1,1,MC14,50eV,LC-ESI-ITFT,1,False,False,False,False,False,False,False,False,False,False,False,False,False,False,False,False,False
WRHZVMBBRYBTKZ,PYRROLE-2-CARBOXYLATE,c1cc[nH]c1,1,MC22,30eV,LC-ESI-QFT,1,True,True,False,False,True,False,False,False,False,False,False,True,False,True,True,False,False
WRYLLOROOPMFIC,"Leptocarpin, 15-hydroxy",C=C1C(=O)OC2C=CCCC3OC3CCC12,1,MC14,50eV,LC-ESI-ITFT,1,False,False,False,False,False,False,False,False,False,False,False,False,False,False,False,False,False
WSMYVTOQOOLQHP,Malondialdehyde,__ACYCLIC__WSMYVTOQOOLQHP,6,MC20,10|100|20|30|40|60,LC-ESI-ITFT,6,False,False,False,False,False,False,False,False,False,False,False,False,False,False,False,False,False
WTARULDDTDQWMU,(-)-β-Pinene,C=C1CCC2CC1C2,1,MC01,35 CID,APCI-ITFT,0,True,True,False,False,True,False,True,True,True,False,False,True,False,True,True,False,False
WTDRDQBEARUVNC,L-Dopa,c1ccccc1,7,"MC20,MC22",10|100|20|30|30eV|40|60,"LC-ESI-ITFT,LC-ESI-QFT",6,True,True,False,False,True,True,False,False,False,False,False,True,False,True,True,False,False
WTEVQBCEXWBHNA,Citral,__ACYCLIC__WTEVQBCEXWBHNA,1,MC01,35 CID,APCI-ITFT,0,False,False,False,False,False,False,True,True,True,False,False,True,False,False,True,False,False
WTROTTYFRJDSKY,Eupaserrin,C=C1C(=O)OC2C=CCCC=CCCC12,1,MC14,50eV,LC-ESI-ITFT,1,False,False,False,False,False,False,False,False,False,False,False,False,False,True,True,False,False
WUADCCWRTIWANL,Biochanin A,O=c1c(-c2ccccc2)coc2ccccc12,6,MC20,10|100|20|30|40|60,LC-ESI-ITFT,6,True,True,False,False,True,True,True,True,True,False,False,True,False,True,True,False,False
WUUGFSXJNOTRMR,5'-Methylthioadenosine,c1ncc2ncn(C3CCCO3)c2n1,7,"MC20,MC22",10|100|20|30|30eV|40|60,"LC-ESI-ITFT,LC-ESI-QFT",6,True,True,False,False,True,True,True,True,True,False,False,True,False,True,True,False,False
WVGDKDVANZQJCU,8-Epi-Xanthatine-Glutathione,O=C1CC2CC=CCCC2O1,1,MC14,50eV,LC-ESI-ITFT,1,False,False,False,False,False,False,False,False,False,False,False,False,False,False,False,False,False
WVIMUEUQJFPNDK,CDP-ETHANOLAMINE,O=c1ncccn1C1CCCO1,1,MC22,30eV,LC-ESI-QFT,1,True,True,False,False,True,True,False,False,False,False,False,False,False,True,True,False,False
WVMUCBHSEHBMKA,3-Sulfinoalanine,__ACYCLIC__WVMUCBHSEHBMKA,6,"MC20,MC22",10|20|30|30eV|40|60,"LC-ESI-ITFT,LC-ESI-QFT",5,True,True,False,False,False,True,False,False,False,False,False,False,False,False,False,False,False
WWNNZCOKKKDOPX,TRIGONELLINE,c1cc[nH+]cc1,1,MC22,30eV,LC-ESI-QFT,1,True,True,False,False,True,True,False,False,False,False,False,True,False,True,True,False,False
WWUZIQQURGPMPG,Sphingosine,__ACYCLIC__WWUZIQQURGPMPG,6,MC20,10|100|20|30|40|60,LC-ESI-ITFT,6,True,True,False,False,True,True,True,True,True,False,False,True,False,True,True,False,False
WXNXCEHXYPACJF,N-ACETYLLEUCINE,__ACYCLIC__WXNXCEHXYPACJF,1,MC22,30eV,LC-ESI-QFT,1,True,True,False,False,True,True,True,True,True,False,False,True,False,True,True,False,False
WXTMDXOMEHJXQO,"2,5-DIHYDROXYBENZOATE",c1ccccc1,1,MC22,30eV,LC-ESI-QFT,1,True,True,False,False,True,False,True,True,True,False,False,True,False,True,True,False,False
WXUOSNJWDJOHGW,5-Geranyloxy-7-methoxycoumarin,O=c1ccc2ccccc2o1,1,MC19,45eV,LC-ESI-ITFT,1,False,False,False,False,False,False,True,True,True,False,False,True,False,True,True,False,False
WYMIUUFTRTVGOL,Costunolide-Glutathione,C=C1C(=O)OC2C=CCCC=CCCC12,1,MC14,50eV,LC-ESI-ITFT,1,False,False,False,False,False,False,False,False,False,False,False,False,False,True,True,False,False
XBEGAIQGFSZRBK,8β-ethoxy-9α-hydroxy-14-oxo-acanthospermolide,C=C1C(=O)OC2C=CCCC=CCCC12,1,MC14,50eV,LC-ESI-ITFT,1,False,False,False,False,False,False,False,False,False,False,False,False,False,True,True,False,False
XDROKJSWHURZGO,Angelicin,O=c1ccc2ccc3occc3c2o1,1,MC19,45eV,LC-ESI-ITFT,1,True,True,False,False,True,False,True,False,True,False,False,True,False,True,True,False,False
XDXIAQOSOXGFSV,"(3S,5S,8R,9S,10S,13S,14S,16S,17R)-10,13-dimethyl-17-((S)-1-((2R,5R)-5-methyl-3-oxopiperidin-2-yl)ethyl)hexadecahydro-1H-cyclopenta[a]phenanthrene-3,16-diyl diacetate",O=C1CCCNC1CC1CCC2C1CCC1C3CCCCC3CCC12,1,MC01,35 CID,APCI-ITFT,0,False,False,False,False,False,False,False,False,False,False,False,False,False,False,False,False,False
XFVLNEYIZGZDHP,Zaluzanin C,C=C1C(=O)OC2C1CCC(=C)C1CCC(=C)C12,1,MC14,50eV,LC-ESI-ITFT,1,False,False,False,False,False,False,False,False,False,False,False,False,False,True,True,False,False
XGYIMTFOTBMPFP,5'-DEOXYADENOSINE,c1ncc2ncn(C3CCCO3)c2n1,1,MC22,30eV,LC-ESI-QFT,1,True,True,False,False,True,True,True,True,True,False,False,True,False,True,True,False,False
XHCADAYNFIFUHF,Esculin,O=c1ccc2cc(OC3CCCCO3)ccc2o1,1,MC19,45eV,LC-ESI-ITFT,1,True,True,False,False,True,True,True,True,True,False,False,True,False,True,True,False,False
XHMJOUIAFHJHBW,GLUCOSAMINE 6-PHOSPHATE,C1CCOCC1,1,MC22,30eV,LC-ESI-QFT,1,True,True,False,False,True,True,False,False,False,False,False,False,False,True,True,False,False
XIDIVFMWQIDOAK,"(20R,22S,25S)-22,26-Epimino-5alpha-cholestan-3beta,20-diol",C1CCC(CC2CCC3C2CCC2C4CCCCC4CCC23)NC1,1,MC01,70 HCD,APCI-ITFT,0,False,False,False,False,False,False,False,False,False,False,False,False,False,False,False,False,False
XJMMNTGIMDZPMU,METHYGLUTARATE,__ACYCLIC__XJMMNTGIMDZPMU,1,MC22,30eV,LC-ESI-QFT,1,False,False,False,False,False,False,True,True,True,False,False,True,False,False,True,False,False
XKBJVQHMEXMFDZ,1-octadecylglycero-3-phosphocholine,__ACYCLIC__XKBJVQHMEXMFDZ,6,MC20,10|100|20|30|40|60,LC-ESI-ITFT,6,True,True,False,False,True,False,False,False,False,False,False,False,False,True,False,False,False
XLBVNMSMFQMKEY,N-METHYLGLUTAMATE,__ACYCLIC__XLBVNMSMFQMKEY,1,MC22,30eV,LC-ESI-QFT,1,True,True,False,False,True,True,False,False,False,False,False,False,False,True,False,False,False
XMGQYMWWDOXHJM,(S)-(-)-Limonene,C1=CCCCC1,1,MC01,35 CID,APCI-ITFT,0,False,False,False,False,False,False,False,False,False,False,False,True,False,True,True,False,False
XMOCLSLCDHWDHP,(-)-epigallocatechin,c1ccc(C2CCc3ccccc3O2)cc1,1,MC25,0.3,LC-ESI-ITFT,1,True,True,False,False,True,True,True,True,True,False,False,True,False,True,True,False,False
XNPAXHDGELHGIN,"Leptocarpin, 14-hydroxy",C=C1C(=O)OC2C=CCCC3OC3CCC12,1,MC14,50eV,LC-ESI-ITFT,1,False,False,False,False,False,False,False,False,False,False,False,False,False,False,False,False,False
XNSAINXGIQZQOO,THYROTROPIN RELEASING HORMONE,O=C1CCC(C(=O)NC(Cc2cnc[nH]2)C(=O)N2CCCC2)N1,1,MC22,30eV,LC-ESI-QFT,1,True,True,False,False,True,True,True,True,True,False,False,True,False,True,True,False,False
XOAAWQZATWQOTB,TAURINE,__ACYCLIC__XOAAWQZATWQOTB,1,MC22,30eV,LC-ESI-QFT,1,True,True,False,False,True,True,True,True,True,False,False,True,False,True,True,False,False
XOMRRQXKHMYMOC,L-Palmitoylcarnitine,__ACYCLIC__XOMRRQXKHMYMOC,6,MC20,10|100|20|30|40|60,LC-ESI-ITFT,6,True,True,False,False,True,True,False,False,False,False,False,True,False,True,False,False,False
XQYZDYMELSJDRZ,papaverine,c1ccc(Cc2nccc3ccccc23)cc1,1,MC25,0.3,LC-ESI-ITFT,1,True,True,False,False,True,True,True,True,True,False,False,True,False,True,True,False,False
XRKBRPFTFKKHEF,Sinapoyl.glucoside,O=C(C=Cc1ccccc1)OC1CCCCO1,1,MC15,30,LC-ESI-ITFT,1,False,False,False,False,False,False,False,False,False,False,False,False,False,True,True,False,False
XRQSPUXANRGDAV,5-Methoxyflavone,O=c1cc(-c2ccccc2)oc2ccccc12,1,MC19,45eV,LC-ESI-ITFT,1,True,True,False,False,True,True,True,False,True,False,False,True,False,True,True,False,False
XTWYTFMLZFPYCI,ADP,c1ncc2ncn(C3CCCO3)c2n1,7,"MC20,MC22",10|100|20|30|30eV|40|60,"LC-ESI-ITFT,LC-ESI-QFT",6,True,True,False,False,True,True,False,False,False,False,False,True,False,True,True,False,False
XUYPXLNMDZIRQH,N-ACETYLMETHIONINE,__ACYCLIC__XUYPXLNMDZIRQH,1,MC22,30eV,LC-ESI-QFT,1,True,True,False,False,True,True,True,True,True,False,False,True,False,True,True,False,False
XVOYSCVBGLVSOL,Cysteic acid,__ACYCLIC__XVOYSCVBGLVSOL,7,"MC20,MC22",10|100|20|30|30eV|40|60,"LC-ESI-ITFT,LC-ESI-QFT",6,True,True,False,False,True,True,True,True,True,False,False,True,False,True,True,False,False
XWRHBGVVCOSNKO,p-Coumaroyl quinic acid,O=C(C=Cc1ccccc1)OC1CCCCC1,1,MC19,35eV,LC-ESI-ITFT,1,True,True,False,False,True,False,True,False,True,False,False,True,False,True,True,False,False
XYNPYHXGMWJBLV,Solasodanol,C1CCC2(CC3C(CC4C3CCC3C5CCCCC5CCC34)O2)NC1,1,MC01,35 CID,APCI-ITFT,0,True,True,False,False,True,True,True,True,True,False,False,True,False,True,True,False,False
YAPQBXQYLJRXSA,Theobromine,O=c1[nH]c(=O)c2[nH]cnc2[nH]1,8,"MC19,MC20,MC22",10|100|20|30|30eV|35eV|40|60,"LC-ESI-ITFT,LC-ESI-QFT",6,True,True,False,False,True,True,True,True,True,False,False,True,False,True,True,False,False
YBJHBAHKTGYVGT,Biotin,O=C1NC2CSCC2N1,7,"MC20,MC22",10|100|20|30|30eV|40|60,"LC-ESI-ITFT,LC-ESI-QFT",6,True,True,False,False,True,True,True,True,True,False,False,True,False,True,True,False,False
YCSBALJAGZKWFF,2-Aminoanthracene,c1ccc2cc3ccccc3cc2c1,6,MC20,10|100|20|30|40|60,LC-ESI-ITFT,6,True,True,False,False,True,True,False,False,False,False,False,False,False,True,True,False,False
YDGMGEXADBMOMJ,"N,N-DIMETHYL-ARGININE",__ACYCLIC__YDGMGEXADBMOMJ,2,MC22,30eV,LC-ESI-QFT,1,True,True,False,False,True,True,True,True,True,False,False,True,False,True,True,False,False
YDNKGFDKKRUKPY,Ceramide (d18:1/16:0),__ACYCLIC__YDNKGFDKKRUKPY,6,MC20,10|100|20|30|40|60,LC-ESI-ITFT,6,True,True,False,False,True,True,False,False,False,False,False,False,False,True,False,False,False
YGPSJZOEDVAXAB,L-Kynurenine,c1ccccc1,8,"MC20,MC22,MC25",0.3|10|100|20|30|30eV|40|60,"LC-ESI-ITFT,LC-ESI-QFT",6,True,True,False,False,True,True,True,True,True,False,False,True,False,True,True,False,False
YGSDEFSMJLZEOE,salycilic acid,c1ccccc1,1,MC19,45eV,LC-ESI-ITFT,1,True,True,False,False,True,True,True,True,True,False,False,True,False,True,True,False,False
YHHSONZFOIEMCP,PHOSPHORYLCHOLINE,__ACYCLIC__YHHSONZFOIEMCP,1,MC22,30eV,LC-ESI-QFT,1,True,True,False,False,True,True,True,True,True,False,False,True,False,True,True,False,False
YHWNASRGLKJRJJ,6-prenyl naringenin,O=C1CC(c2ccccc2)Oc2ccccc21,1,MC25,0.3,LC-ESI-ITFT,1,True,True,False,False,True,False,True,True,True,False,False,True,False,True,True,False,False
YKBGVTZYEHREMT,DEOXYGUANOSINE,O=c1[nH]cnc2c1ncn2C1CCCO1,1,MC22,30eV,LC-ESI-QFT,1,True,True,False,False,True,True,True,True,True,False,False,True,False,True,True,False,False
YKGCBLWILMDSAV,isoxanthohumol,O=C1CC(c2ccccc2)Oc2ccccc21,1,MC25,0.3,LC-ESI-ITFT,1,True,True,False,False,True,True,True,True,True,False,False,True,False,True,True,False,False
YQUVCSBJEUQKSH,"3,4-DIHYDROXYBENZOATE",c1ccccc1,1,MC22,30eV,LC-ESI-QFT,1,True,True,False,False,True,False,False,False,False,False,False,True,False,True,True,False,False
YSMODUONRAFBET,5-HYDROXYLYSINE,__ACYCLIC__YSMODUONRAFBET,1,MC22,30eV,LC-ESI-QFT,1,True,True,False,False,True,True,False,False,False,False,False,True,False,True,False,False,False
YUSWMAULDXZHPY,Amentoflavone,O=c1cc(-c2cccc(-c3cccc4c(=O)cc(-c5ccccc5)oc34)c2)oc2ccccc12,1,MC09,"15,30,45 (NCE)",LC-ESI-QFT,0,True,True,False,False,True,True,True,True,True,False,False,True,False,True,True,False,False
YUTJTNWTRUUIQT,"Tithifolin, 8β-angeloxy-14-hydroxy",C=C1C(=O)OC2C=CCCC3OC3CCC12,1,MC14,50eV,LC-ESI-ITFT,1,False,False,False,False,False,False,False,False,False,False,False,False,False,False,False,False,False
YXHVCZZLWZYHSA,Ginkgolic acid C15:1,c1ccccc1,1,MC09,"15,30,45 (NCE)",LC-ESI-QFT,0,False,False,False,False,False,False,False,False,False,False,False,True,False,True,True,False,False
YYGNTYWPHWGJRM,Squalene,__ACYCLIC__YYGNTYWPHWGJRM,6,MC20,10|100|20|30|40|60,LC-ESI-ITFT,6,True,False,False,True,True,True,True,True,True,False,False,True,False,True,True,False,False
YYKINOZABOAIOL,"(20R)-22,26-Epimino-5alpha-cholestan-3beta,16alpha,20-triol",C1CCC(CC2CCC3C2CCC2C4CCCCC4CCC23)NC1,2,MC01,70 HCD,APCI-ITFT,0,False,False,False,False,False,False,False,False,False,False,False,False,False,False,False,False,False
YYKXOFMXUIQNIR,β-Isoalantolactone-Cysteine,C=C1CCCC2CC3OC(=O)CC3CC12,1,MC14,50eV,LC-ESI-ITFT,1,False,False,False,False,False,False,False,False,False,False,False,False,False,False,False,False,False
ZBSGKPYXQINNGF,Nicotinuric acid,c1ccncc1,6,MC20,10|100|20|30|40|60,LC-ESI-ITFT,6,True,True,False,False,True,True,True,True,True,False,False,True,False,True,True,False,False
ZCCUUQDIBDJBTK,Psoralen,O=c1ccc2cc3ccoc3cc2o1,1,MC19,45eV,LC-ESI-ITFT,1,True,True,False,False,True,True,True,True,True,False,False,True,False,True,True,False,False
ZDGJAHTZVHVLOT,Saccharopine,__ACYCLIC__ZDGJAHTZVHVLOT,6,MC20,10|100|20|30|40|60,LC-ESI-ITFT,6,True,True,False,False,True,True,False,False,False,False,False,False,False,True,False,False,False
ZDXPYRJPNDTMRX,L-Glutamine,__ACYCLIC__ZDXPYRJPNDTMRX,7,"MC20,MC22",10|100|20|30|30eV|40|60,"LC-ESI-ITFT,LC-ESI-QFT",6,True,True,False,False,True,True,True,True,True,False,False,True,False,True,True,False,False
ZFXYFBGIUFBOJW,THEOPHYLLINE,O=c1[nH]c(=O)c2[nH]cnc2[nH]1,2,"MC22,MC25",0.3|30eV,"LC-ESI-ITFT,LC-ESI-QFT",1,True,True,False,False,True,True,True,True,True,False,False,True,False,True,True,False,False
ZGXJTSGNIOSYLO,5-AMINOLEVULINATE,__ACYCLIC__ZGXJTSGNIOSYLO,1,MC22,30eV,LC-ESI-QFT,1,True,True,False,False,True,True,True,True,True,False,False,True,False,True,True,False,False
ZHCKPJGJQOPTLB,Methylimidazoleacetic acid,c1c[nH]cn1,6,MC20,10|100|20|30|40|60,LC-ESI-ITFT,6,True,True,False,False,True,True,False,False,False,False,False,False,False,True,True,False,False
ZHSOTLOTTDYIIK,"3,5-DIIODO-L-THYRONINE",c1ccc(Oc2ccccc2)cc1,1,MC22,30eV,LC-ESI-QFT,1,True,True,False,False,True,True,False,False,False,False,False,True,False,True,True,False,False
ZJFKKPDLNLCPNP,N-Hexanoyl-L-homoserine lactone,O=C1CCCO1,6,MC20,10|100|20|30|40|60,LC-ESI-ITFT,6,True,True,False,False,True,True,False,False,False,False,False,False,False,True,True,False,False
ZJTJUVIJVLLGSP,LUMICHROME,O=c1[nH]c(=O)c2nc3ccccc3nc2[nH]1,1,MC22,30eV,LC-ESI-QFT,1,True,True,False,False,True,True,True,False,True,False,False,True,False,True,False,False,False
ZJUKTBDSGOFHSH,S-Adenosylhomocysteine,c1ncc2ncn(C3CCCO3)c2n1,7,"MC20,MC22",10|100|20|30|30eV|40|60,"LC-ESI-ITFT,LC-ESI-QFT",6,True,True,False,False,True,True,True,True,True,False,False,True,False,True,True,False,False
ZMCHBSMFKQYNKA,ANILINE-2-SULFONATE,c1ccccc1,1,MC22,30eV,LC-ESI-QFT,1,True,True,False,False,True,True,False,False,False,False,False,True,False,True,True,False,False
ZNJFBWYDHIGLCU,Jasmonic acid,O=C1CCCC1,6,MC20,10|100|20|30|40|60,LC-ESI-ITFT,6,True,True,False,False,True,True,True,True,True,False,False,True,False,True,True,False,False
ZOAAAVOEQYLODT,Tifruticin,C=C1C(=O)OC2C=CCC3OC3CCCC12,1,MC14,50eV,LC-ESI-ITFT,1,False,False,False,False,False,False,False,False,False,False,False,False,False,False,False,False,False
ZOAMBXDOGPRZLP,INDOLE-3-ACETAMIDE,c1ccc2[nH]ccc2c1,1,MC22,30eV,LC-ESI-QFT,1,True,True,False,False,True,True,True,True,True,False,False,True,False,True,True,False,False
ZOOGRGPOEVQQDX,CYCLIC GMP,O=c1[nH]cnc2c1ncn2C1CC2O[PH](=O)OCC2O1,1,MC22,30eV,LC-ESI-QFT,1,True,True,False,False,True,True,False,False,False,False,False,False,False,True,False,False,False
ZPTJKUUQUDRHTL,Solanocapsine,C1CCC2C(C1)CCC1C2CCC2C3CC4NCCCC4OC3CC21,1,MC01,35 CID,APCI-ITFT,0,False,False,False,False,False,False,False,False,False,False,False,False,False,False,False,False,False
ZQISRDCJNBUVMM,L-Histidinol,c1c[nH]cn1,7,"MC20,MC22",10|100|20|30|30eV|40|60,"LC-ESI-ITFT,LC-ESI-QFT",6,True,True,False,False,True,True,True,True,True,False,False,True,False,True,True,False,False
ZQSIJRDFPHDXIC,Daidzein,O=c1c(-c2ccccc2)coc2ccccc12,7,"MC20,MC25",0.3|10|100|20|30|40|60,LC-ESI-ITFT,6,True,True,False,False,True,True,True,True,True,False,False,True,False,True,True,False,False
ZTVZLYBCZNMWCF,HOMOCYSTINE,__ACYCLIC__ZTVZLYBCZNMWCF,1,MC22,30eV,LC-ESI-QFT,1,True,True,False,False,True,True,True,True,True,False,False,True,False,True,True,False,False
ZWACZKFKCPDZTE,Dehydrocostuslacton-Cysteine,C=C1CCC2CC(=O)OC2C2C(=C)CCC12,1,MC14,50eV,LC-ESI-ITFT,1,False,False,False,False,False,False,False,False,False,False,False,False,False,False,True,False,False
ZXYAAVBXHKCJJB,URACIL 5-CARBOXYLATE,O=c1cc[nH]c(=O)[nH]1,1,MC22,30eV,LC-ESI-QFT,1,True,True,False,False,True,True,True,True,True,False,False,True,True,True,True,False,False
ZYGHJZDHTFUPRJ,Coumarin,O=c1ccc2ccccc2o1,2,"MC19,MC25",0.3|45eV,LC-ESI-ITFT,1,True,True,False,False,True,True,True,True,True,False,False,True,False,True,True,False,False
