group_key,log_g,boundary_low,boundary_high,interval_lo,interval_hi,interval_width,interval_touches_edge,sse_min,ta_oof_rmse,ta_logg_error,precursor_mz,weak
AMFDITJFBUXZQN,0.6246287857545314,False,False,0.41333333333333355,0.6800000000000002,0.2666666666666666,False,0.017952639071806647,0.060350995553992225,-0.02123899476938962,266.125274658203,False
AMRQXHFXNZFDCH,0.21682335988985485,False,False,0.19999999999999996,0.42666666666666675,0.2266666666666668,False,0.12830960245557882,0.16378875732707665,0.0708991131789985,237.1234,False
ATROHALUCMTWTB,-0.6065710079349381,False,False,-0.8400000000000001,-0.56,0.28,False,0.0034859397181549135,0.09804260463549996,0.4196820281350374,299.061462402344,False
AUFSOOYCQYDGES,0.40594261241639057,False,False,0.3866666666666667,0.42666666666666675,0.040000000000000036,False,0.06061922209671306,0.15516863839345418,0.3364356496669078,150.127853393555,False
AUQAUAIUNJIIEP,0.21833725599286014,False,False,0.18666666666666676,0.29333333333333345,0.10666666666666669,False,0.02538396417765364,0.13086495183682098,0.3454540408259046,194.117691040039,False
BAFQDKPJKOLXFZ,0.1397395934573609,False,False,0.10666666666666669,0.29333333333333345,0.18666666666666676,False,0.0016257375385209474,0.0444668659729121,-0.07413568153947273,248.031921386719,False
BEZZFPOZAYTVHN,0.4455536911633877,False,False,0.3999999999999999,0.6533333333333333,0.2533333333333334,False,0.012142285975748927,0.08310627224568898,-0.11759464677641718,316.075,False
BHAAPTBBJKJZER,1.144744897851782,False,False,1.106666666666667,1.2000000000000002,0.09333333333333327,False,0.006873770716706744,0.10686710693229112,-0.30793714422832097,124.0757,False
BHHGXPLMPWCGHP,1.021360950212769,False,False,1.0,1.08,0.08000000000000007,False,0.020916884127625195,0.08826805031219595,-0.12871529501893098,122.096481323242,False
BJQHLKABXJIVAM,-0.6059592282671403,False,False,-0.8400000000000001,-0.5733333333333333,0.26666666666666683,False,0.012589132648094333,0.06911924108673195,0.15274578080061063,391.284118652344,False
BMLIZLVNXIYGCK,-0.18583810204733855,False,False,-0.24,-0.1333333333333333,0.10666666666666669,False,0.00694913122339539,0.2178227503294457,0.7032716713542528,199.0633,False
BOFHKBLZOYVHSI,0.13881541362807565,False,False,0.1200000000000001,0.2666666666666666,0.1466666666666665,False,0.005071852632385511,0.04554672482571587,-0.03894417172183656,292.0864,False
BQYJATMQXGBDHF,0.06834879020646606,False,False,0.01333333333333342,0.28,0.2666666666666666,False,0.013173769653092273,0.05494584987840397,0.07471168714039883,406.072,False
BUXRLJCGHZZYNE,0.6424433894617454,False,False,0.5866666666666669,0.7066666666666666,0.11999999999999966,False,0.01191793687429211,0.07699293902906708,-0.19683585495964084,220.144424438477,False
BUYMVQAILCEWRR,-0.6059745644819096,False,False,-0.8400000000000001,-0.5733333333333333,0.26666666666666683,False,0.01747233965211322,0.07141285910701453,0.06129710699100366,378.790283203125,False
BWHOZHOGCMHOBV,1.0120558778109654,False,False,0.9866666666666668,1.04,0.05333333333333323,False,0.013911373264807389,0.10682974440661441,-0.28220888480102224,147.0804,False
BXEHUCNTIZGSOJ,-0.4402057820251204,False,False,-0.6666666666666667,-0.3866666666666667,0.28,False,0.005673680149530971,0.18858632106227027,0.6109537052723626,266.157348632813,False
BYYMILHAKOURNM,0.2710588589821257,False,False,0.15999999999999992,0.3466666666666667,0.18666666666666676,False,0.0007823449337059569,0.027887872993419598,0.06999854952324719,237.0789,False
CCGPUGMWYLICGL,-0.7562605946577972,False,False,-0.88,-0.68,0.19999999999999996,False,0.008777612578331474,0.22915455779112834,0.9921961443464369,275.0716552734375,False
CEEDFYRUPAWDOU,-1.6,True,False,-1.6,-1.5733333333333335,0.026666666666666616,True,0.005325965151377579,0.26888825242543285,1.4929103639954784,347.118560791016,False
CHIFOSRWCNZCFN,-0.07587169888247806,False,False,-0.11999999999999988,0.09333333333333327,0.21333333333333315,False,0.002398959269510775,0.03272306715213357,0.16572341676307872,282.144744873047,False
CIGKZVUEZXGYSV,0.49449235867339575,False,False,0.4533333333333336,0.5466666666666669,0.09333333333333327,False,0.0009002770880371587,0.2047839408521326,-0.6585507348495625,330.136962890625,False
CJCSPKMFHVPWAR,0.4305082286746311,False,False,0.3999999999999999,0.4666666666666668,0.06666666666666687,False,0.007434223850434977,0.05959692534970978,0.07308870513610777,212.0917,False
CMEWLCATCRTSGF,1.353730768154579,False,False,1.2133333333333334,1.4,0.18666666666666654,False,7.775122179651519e-05,0.2279569174722273,-0.7301576294712081,151.0866,False
CSWIKHNSBZVWNQ,-0.1788192110483798,False,False,-0.2666666666666666,-0.10666666666666669,0.15999999999999992,False,0.0003842658910577279,0.056605127507730425,0.22671797079206954,296.141296386719,False
DBEPLOCGEIEOCV,0.3187128835072051,False,False,0.1333333333333333,0.33333333333333326,0.19999999999999996,False,0.10345616016711812,0.1594428618309157,-0.23235716989565552,373.285,False
DBXFMOWZRXXBRN,-0.8137814600875807,False,False,-0.88,-0.6000000000000001,0.2799999999999999,False,0.0049928789877986685,0.09554714619146941,0.49382829538959216,399.168212890625,False
DGFTWBUZRHAHTH,0.9060617503059786,False,False,0.8666666666666667,0.9466666666666668,0.08000000000000007,False,0.0026364332589985176,0.07903738140409321,-0.1948185623916665,164.1434,False
DHQKLWKZSFCKTA,-0.4032072895675498,False,False,-0.4666666666666668,-0.33333333333333326,0.13333333333333353,False,0.0059773223288471615,0.2076228097736361,0.7704223179553771,316.0460510253905,False
DIOYAVUHUXAUPX,-1.3779054498013412,False,False,-1.5733333333333335,-1.1600000000000001,0.41333333333333333,False,0.0027828501774224256,0.11437764014085908,0.8108967247461472,354.3003,False
DIRFUJHNVNOBMY,-0.18162796781840954,False,False,-0.21333333333333337,-0.14666666666666672,0.06666666666666665,False,0.03227046551458762,0.21982021079373476,0.6493173319564199,208.133361816406,False
DJDSLBVSSOQSLW,0.4062828547268532,False,False,0.3866666666666667,0.42666666666666675,0.040000000000000036,False,0.028764080563387917,0.12847125772308876,-0.310559752281126,279.1591,False
DJRKHTCUXRGYEU,0.5047003028941758,False,False,0.48,0.5333333333333332,0.05333333333333323,False,0.0057174703998941236,0.03469908707180874,0.006541509516567623,194.1539,False
DLAPIMGBBDILHJ,0.31510065193843373,False,False,0.19999999999999996,0.3466666666666667,0.14666666666666672,False,0.006684484594836425,0.14392710077382084,-0.47377440302055784,295.022399902344,False
DNTGGZPQPQTDQF,0.3447458585925728,False,False,0.29333333333333345,0.3733333333333333,0.07999999999999985,False,0.006717836659055518,0.06533942301647958,0.12339315007129192,204.1383,False
DOIRQSBPFJWKBE,0.19930795184527572,False,False,0.17333333333333334,0.28,0.10666666666666669,False,0.03602587965635621,0.09513619299582934,-0.1354920574706665,279.1591,False
DOLQYFPDPKPQSS,1.0253932257999538,False,False,1.0,1.1333333333333333,0.1333333333333333,False,0.004060213986412386,0.05651377086004197,-0.07329579096743144,122.096313476563,False
DPJCXCZTLWNFOH,0.7414886636918321,False,False,0.6933333333333334,0.7866666666666666,0.09333333333333327,False,0.0013080197793446551,0.03431521615498324,-0.05952308895831249,139.050064086914,False
DPSPPJIUMHPXMA,1.1694572741061782,False,False,1.1333333333333333,1.2000000000000002,0.06666666666666687,False,0.00132684731561716,0.20220792485498854,-0.589429377372132,262.087615966797,False
DPWPWRLQFGFJFI,0.42015934682980494,False,False,0.3866666666666667,0.43999999999999995,0.05333333333333323,False,0.04803126774875677,0.11229454439305044,0.20622902020591072,160.1121,False
DSRNRYQBBJQVCW,-0.607021498063794,False,False,-0.8266666666666667,-0.5466666666666666,0.28,False,0.0048285148157346984,0.25955485367205,0.9811400633076733,229.074035644531,False
DTAPQAJKAFRNJB,0.009075033431081934,False,False,-0.01333333333333342,0.053333333333333455,0.06666666666666687,False,0.032085099167700616,0.16276805685145218,0.4883405448092465,208.1332,False
DTRCGMNODLDAAK,-0.9458741901235431,False,False,-1.1466666666666667,-0.8933333333333334,0.2533333333333333,False,0.011152981887438499,0.04822865386256392,0.027746456642753103,706.467956542969,False
DWTTZBARDOXEAM,-0.09509294040750044,False,False,-0.17333333333333334,0.0,0.17333333333333334,False,0.00038493973764297366,0.11736156158532765,0.40247106500297464,323.185546875,False
DWZSTEUTHNUVQD,-0.436571605533166,False,False,-0.5066666666666666,-0.3466666666666667,0.15999999999999992,False,0.0012959191587658045,0.03472040834728366,-0.14755758443382716,338.067840576172,False
DZUPKTNAUCDVTL,0.21009647232449638,False,False,0.17333333333333334,0.28,0.10666666666666669,False,0.024876568530428383,0.1130879125158882,-0.3939045614918576,330.146667480469,False
FCOAHACKGGIURQ,-0.8044641764946572,False,False,-0.8666666666666667,-0.5733333333333333,0.29333333333333345,False,0.0071091262736564746,0.1487262661367792,0.7594553749677977,289.102294921875,False
FNCMBMZOZQAWJA,0.4304693032321655,False,False,0.3999999999999999,0.4666666666666668,0.06666666666666687,False,0.014094648943895857,0.09402758930632073,-0.1623675743458337,242.084609985352,False
FSAVDKDHPDSCTO,-0.6033173837527795,False,False,-0.6533333333333333,-0.3866666666666667,0.2666666666666666,False,0.016051033900042394,0.08916259968613771,0.40208326673932604,358.9768,False
FULZLIGZKMKICU,0.7239140345154568,False,False,0.6800000000000002,0.8266666666666667,0.1466666666666665,False,0.01876659165942996,0.07004853489250654,-0.09638359372855998,153.0481,False
FWQYJOPJMIEKHZ,0.6392531478528448,False,False,0.6000000000000001,0.6800000000000002,0.08000000000000007,False,0.038515754616621815,0.08814849418577989,-0.013209594457311513,179.1179,False
GGLIEWRLXDLBBF,0.6651345587359814,False,False,0.5733333333333333,0.7066666666666666,0.1333333333333333,False,0.0037261982791205496,0.0478010249384486,-0.12717561508891662,181.0972,False
GGRWZBVSUZZMKS,0.8132067955576311,False,False,0.7466666666666666,0.8533333333333335,0.10666666666666691,False,0.01525372183635215,0.12460157614261709,-0.35069170119406246,287.058532714844,False
GGWHBJGBERXSLL,-0.5883454813044047,False,False,-0.7066666666666667,-0.42666666666666675,0.2799999999999999,False,0.0019098764669794996,0.1045181631206916,0.47808078232350404,326.178588867188,False
GNTVZNNILZKEIB,0.6130023431039999,False,False,0.52,0.6800000000000002,0.16000000000000014,False,0.0027100080794391114,0.21781907777256027,-0.7437373695425191,293.06074523925804,False
GOJCZVPJCKEBQV,-0.3906639685786052,False,False,-0.43999999999999995,-0.33333333333333326,0.10666666666666669,False,0.026964692604860806,0.08281501629977156,0.16736078944757893,337.1646,False
GQJSFWYQKNQCIK,0.29914806638754166,False,False,0.14666666666666672,0.33333333333333326,0.18666666666666654,False,0.005721857172800432,0.12480399619591873,-0.4224347679678906,411.253051757813,False
GTZCKTIZOGTWQO,0.5055627026389085,False,False,0.48,0.5333333333333332,0.05333333333333323,False,0.015396144499700268,0.18137444544102432,-0.5470319011125466,279.045227050781,False
GYSSRZJIHXQEHQ,0.2115736311118427,False,False,0.15999999999999992,0.28,0.1200000000000001,False,0.013655112864168581,0.07842228871962817,0.14574235717098757,236.074,False
GZGZVOLBULPDFD,0.42646511554817235,False,False,0.3999999999999999,0.6666666666666665,0.2666666666666666,False,0.03148569866713799,0.07958676865856999,0.005619951104109955,198.0873,False
HEZNVIYQEUHLNI,0.2195186996290993,False,False,0.18666666666666676,0.29333333333333345,0.10666666666666669,False,0.012635152645582796,0.055870216305144584,0.07378502988052626,226.0896,False
HGBGXSPIBLZGHS,-0.18464693232217372,False,False,-0.24,-0.14666666666666672,0.09333333333333327,False,0.007873207444249785,0.11868066204910423,0.3061843334462279,385.0539,False
HKPHPIREJKHECO,-0.7951759877924701,False,False,-0.8666666666666667,-0.56,0.30666666666666664,False,0.006820996100290257,0.1433883919686867,0.7674357920134293,312.1725,False
HQSKZPOVBDNEGN,0.5470310123834475,False,False,0.5333333333333332,0.56,0.02666666666666684,False,0.03250347960083656,0.10446125058708419,-0.06585495422901588,247.18070983886705,False
IBSNKSODLGJUMQ,-0.43577390216377593,False,False,-0.6533333333333333,-0.3733333333333333,0.28,False,0.0073344079035882245,0.14305495669201132,0.5043408316000499,368.110595703125,False
ICFJFFQQTFMIBG,-0.18828791324694924,False,False,-0.24,-0.14666666666666672,0.09333333333333327,False,0.00914105166351183,0.21203374058014687,0.6837226731851354,206.14,False
IMHBYKMAHXWHRP,0.428480852898511,False,False,0.33333333333333326,0.4666666666666668,0.13333333333333353,False,0.000955603981392286,0.015016486882170268,0.01380200547388799,274.96533203125,False
IMTMBDXEKMXETQ,-0.4422374796326496,False,False,-0.5866666666666667,-0.3600000000000001,0.22666666666666657,False,0.0006629860975618184,0.1504730565142618,0.5537187856827024,268.0928,False
IOPTXXRNXCPJGO,-0.401744954347572,False,False,-0.45333333333333337,-0.3466666666666667,0.10666666666666669,False,0.01781214386377284,0.16163022216820971,0.5300332623201676,258.079620361328,False
IOUNQDKNJZEDEP,-1.3723141677360056,False,False,-1.5466666666666669,-1.1600000000000001,0.3866666666666667,False,0.0025728464648494672,0.17909766862545184,1.1242222492174707,367.9941,False
IPKKHRVROFYTEK,-0.0017390597086557628,False,False,-0.01333333333333342,0.026666666666666616,0.040000000000000036,False,0.05768080348496337,0.12005026061725557,-0.07546506318000931,307.1904,False
IPRJXAGUEGOFGG,-0.17081386013269445,False,False,-0.22666666666666657,-0.1333333333333333,0.09333333333333327,False,0.007582014362806024,0.1307979018817862,0.46273516174729495,214.089553833008,False
IRGFNBRYIWLUOO,-0.5170559530164518,False,False,-0.5333333333333334,-0.4933333333333334,0.040000000000000036,False,0.02633486988915232,0.09785601552048052,0.3439874848839659,503.2817,False
IRIAEXORFWYRCZ,-0.8170825828613054,False,False,-0.9066666666666667,-0.7733333333333333,0.13333333333333341,False,0.00475768942598114,0.2228506775973495,0.9410131677273977,313.1434,False
ISRUGXGCCGIOQO,-0.0010389578562744431,False,False,-0.026666666666666616,0.040000000000000036,0.06666666666666665,False,0.025822590653614197,0.1304824637613523,0.41853133972247974,210.1125,False
IUBSYMUCCVWXPE,0.10820361584340554,False,False,0.08000000000000007,0.1333333333333333,0.05333333333333323,False,0.007322818089102337,0.04058207295845601,0.016948642178415185,268.191680908203,False
IYIKLHRQXLHMJQ,-1.6,True,False,-1.6,-1.6,0.0,True,0.02808019241735942,0.15105916861807817,0.5979550065556256,646.031,False
JALVTHFTYRPDMB,0.9060871019819079,False,False,0.8933333333333335,0.9199999999999999,0.026666666666666394,False,0.1224577327472387,0.28600794005359453,-0.6844109376281733,400.357452392578,False
JHSPCUHPSIUQRB,1.0794929239328384,False,False,1.0,1.1333333333333333,0.1333333333333333,False,0.002379881204272198,0.15765509821476806,-0.47485812819379225,189.9823684692385,False
JHWNWJKBPDFINM,0.5121010493898897,False,False,0.5066666666666668,0.5333333333333332,0.026666666666666394,False,0.04443544342276812,0.10263145471299161,0.04528660409873919,198.1852,False
JIIOLEGNERQDIP,0.7165136127005658,False,False,0.6666666666666665,0.8133333333333335,0.14666666666666694,False,0.01933958720301203,0.06697853282902302,-0.05665873675473965,163.123031616211,False
JLKIGFTWXXRPMT,-0.13007053740965244,False,False,-0.21333333333333337,0.01333333333333342,0.2266666666666668,False,0.0010870398323181356,0.14132233653954004,0.49810463519431625,254.059646606445,False
JLRGJRBPOGGCBT,-0.43864512912883,False,False,-0.6533333333333333,-0.3600000000000001,0.2933333333333332,False,0.0046519833156924255,0.14583862915722356,0.5212880111666114,271.1111,False
JOFDPSBOUCXJCC,0.8359265084781609,False,False,0.8000000000000003,0.8666666666666667,0.06666666666666643,False,0.026175440094648814,0.08768644755939248,-0.1348211251365149,150.091400146484,False
JSJCTEKTBOKRST,0.6296367948611017,False,False,0.41333333333333355,0.6800000000000002,0.2666666666666666,False,0.01961490751769006,0.08385189871091675,-0.27563423529206155,311.113189697266,False
JUVSRZCUMWZBFK,0.7744970431718791,False,False,0.6933333333333334,0.8133333333333335,0.1200000000000001,False,0.010620032298612936,0.10406214461997289,-0.2897790850286276,196.1332,False
JUZXDNPBRPUIOR,0.7695742754804838,False,False,0.7466666666666666,0.8000000000000003,0.05333333333333368,False,0.005577522799186739,0.07207519080230698,-0.15659543607840354,122.073219299316,False
JWUCHKBSVLQQCO,-0.8158357540349257,False,False,-1.04,-0.7866666666666667,0.2533333333333333,False,0.011351941014166792,0.3620527904814198,1.3430794325270328,302.1099,False
JWZZKOKVBUJMES,0.3867421416140881,False,False,0.32000000000000006,0.43999999999999995,0.11999999999999988,False,0.0031170390211879857,0.060558874878909076,0.09825709033245306,212.1281051635745,False
JXCGFZXSOMJFOA,-0.43418534988020363,False,False,-0.5466666666666666,-0.3733333333333333,0.17333333333333334,False,0.004899402431969927,0.26692194996578245,0.9210885511506451,213.0791091918945,False
JXHJNEJVUNHLKO,0.005084345365010203,False,False,-0.040000000000000036,0.053333333333333455,0.09333333333333349,False,0.004419301850357636,0.0850328756305437,-0.3328424365980424,323.035858154297,False
JXUDZCJTCKCTQK,0.434257333996392,False,False,0.3866666666666667,0.48,0.09333333333333327,False,0.011372431711605593,0.057708215099271,-0.06543475671318177,263.071319580078,False
KAJICSGLHKRDLN,-0.08685629004039916,False,False,-0.28,-0.06666666666666665,0.21333333333333337,False,0.024706469395460486,0.16027593050014427,0.4189434366500443,241.1733,False
KCXZNSGUUQJJTR,-0.3735908435977041,False,False,-0.43999999999999995,-0.32000000000000006,0.11999999999999988,False,0.011607008058048353,0.06310348614685186,0.15295537676698145,335.2217,False
KEMXXQOFIRIICG,0.21623948627345868,False,False,0.17333333333333334,0.28,0.10666666666666669,False,0.007635422854736083,0.04897811163904508,0.083452592506715,268.165710449219,False
KGOIKOVSEVRHNH,0.4216222995932948,False,False,0.3866666666666667,0.43999999999999995,0.05333333333333323,False,0.017880334988573856,0.09109909853070598,-0.16182763061194128,325.128997802734,False
KIDWGGCIROEJJW,-0.1805307068110219,False,False,-0.3600000000000001,-0.14666666666666672,0.21333333333333337,False,0.016804348378814442,0.1650135832965829,0.49593326144325434,163.053634643555,False
KJFMBFZCATUALV,0.4347063535582852,False,False,0.41333333333333355,0.4666666666666668,0.05333333333333323,False,0.008756081682020578,0.059303771628826225,0.07817826920864573,319.096832275391,False
KMYKHQRQBUANHP,-1.6,True,False,-1.6,-1.56,0.040000000000000036,True,0.008245394300222017,0.10170812780609273,0.6512755440158076,766.4915466308595,False
KRNUKKZDGDAWBF,0.9768088163805531,False,False,0.8266666666666667,1.0133333333333332,0.18666666666666654,False,0.009404912222549197,0.11571945542943811,-0.40101177369105356,180.1383,False
KUBCEEMXQZUPDQ,0.674253174340881,False,False,0.6000000000000001,0.7066666666666666,0.10666666666666647,False,0.021871036104578686,0.06640411034807171,-0.030914037361385538,166.122680664063,False
KUBUBYBFFRVFHD,0.2917637897611614,False,False,0.14666666666666672,0.32000000000000006,0.17333333333333334,False,0.005283585251349004,0.14150850505516047,-0.49627461632188413,309.055786132813,False
KUMXVBFFVVLQFX,0.4561495253321407,False,False,0.41333333333333355,0.56,0.1466666666666665,False,0.005782683492432323,0.0689140616099295,-0.13582208414183272,273.131378173828,False
KWAPEXIWYNEGAV,0.2223799579887077,False,False,0.18666666666666676,0.41333333333333355,0.2266666666666668,False,0.016430274450361687,0.057622140661678305,0.018583745627142823,291.102783203125,False
KWGRBVOPPLSCSI,0.6843305641925715,False,False,0.6000000000000001,0.7200000000000002,0.1200000000000001,False,0.020101227383594128,0.06352864138769942,-0.015494857884299162,166.12272644043,False
KXGYBSNVFXBPNO,-0.25174780166916183,False,False,-0.28,-0.08000000000000007,0.19999999999999996,False,0.049180423435867426,0.20018081097155757,0.6377410049648158,240.114959716797,False
KYFWUBJMTHVBIF,0.419812160811421,False,False,0.3866666666666667,0.43999999999999995,0.05333333333333323,False,0.022947593425243693,0.09056505256258268,-0.22765512411360783,397.1659,False
KYGZCKSPAKDVKC,1.0050452109293937,False,False,0.96,1.1333333333333333,0.17333333333333334,False,0.004686084229739059,0.20617072096016717,-0.546362871241871,262.071807861328,False
LFULEKSKNZEWOE,0.42233575685636354,False,False,0.3866666666666667,0.4533333333333336,0.06666666666666687,False,0.01963315802312786,0.07186457650160596,0.06047391944314323,218.01350402832,False
LIAWQASKBFCRNR,0.21888511947812916,False,False,0.17333333333333334,0.30666666666666664,0.1333333333333333,False,0.013228197974640372,0.06215020915509205,0.13630744625234825,224.1281,False
LKJPSUCKSLORMF,0.2178962001386534,False,False,0.18666666666666676,0.3999999999999999,0.21333333333333315,False,0.04592064483880852,0.0989911395656781,0.18529501574774643,215.058303833008,False
LMOINURANNBYCM,0.43437551008378344,False,False,0.3600000000000001,0.48,0.11999999999999988,False,0.00039109269793741365,0.029650658040172768,0.0506233724746607,212.128189086914,False
LNJNFVJKDJYTEU,0.2158578877634888,False,False,0.15999999999999992,0.29333333333333345,0.13333333333333353,False,0.0037109496166325673,0.040556519859689895,-0.07397138914849133,268.154174804688,False
LNOOSYCKMKZOJB,0.3336333435284138,False,False,0.30666666666666664,0.3733333333333333,0.06666666666666665,False,0.0019419648295934129,0.06431323096155292,-0.19467320733089832,280.155029296875,False
LUBJCRLGQSPQNN,1.037689710620781,False,False,1.0,1.08,0.08000000000000007,False,0.02483700425639119,0.11651651816776085,-0.29295460420152664,137.0709,False
LUQMWGMGWJEGAT,0.4201814514043112,False,False,0.3600000000000001,0.43999999999999995,0.07999999999999985,False,0.0035919093459982282,0.16355319455834474,-0.5995133178497314,320.108154296875,False
LVNYJXIBJFXIRZ,0.30940179900819076,False,False,0.2666666666666666,0.3466666666666667,0.08000000000000007,False,0.004805514559582631,0.16243392208931523,-0.5615453486715014,336.103149414063,False
LWRBVKNFOYUCNP,0.056776667633680264,False,False,0.01333333333333342,0.21333333333333337,0.19999999999999996,False,0.007560897663210923,0.0477334164766607,0.127198314709293,280.136657714844,False
MBIZFBDREVRUHY,1.0348471799061782,False,False,1.0,1.146666666666667,0.14666666666666694,False,0.0044904133974657525,0.19880970818398613,-0.5385514984415994,183.0652,False
MESJRHHDBDCQTH,1.4545487093229978,False,False,1.4133333333333336,1.6,0.18666666666666654,True,0.005683696385553869,0.22849034977486615,-0.6822458526550104,138.0913,False
METKIMKYRPQLGS,0.14663391381046226,False,False,0.1200000000000001,0.33333333333333326,0.21333333333333315,False,0.007756526188066957,0.041996371685982734,0.02478292395642362,267.170440673828,False
MEZLKOACVSPNER,0.02286261132308938,False,False,-0.01333333333333342,0.053333333333333455,0.06666666666666687,False,0.02758937702701167,0.16478162525326925,0.48723638790311646,188.1434,False
MFOUDYKPLGXPGO,0.35220184568652946,False,False,0.32000000000000006,0.48,0.15999999999999992,False,0.003348676081229871,0.02949917746910576,0.11274184926045039,212.083847045898,False
MFYSYFVPBJMHGN,-0.20936404202509973,False,False,-0.28,-0.1333333333333333,0.14666666666666672,False,0.0019441813240523808,0.08354567778212142,0.3110394995523442,361.200714111328,False
MGWAVDBGNNKXQV,-0.1831985479441364,False,False,-0.21333333333333337,-0.14666666666666672,0.06666666666666665,False,0.023385440543088498,0.13324023889392045,0.30646552318123577,279.1591,False
MMCJEAKINANSOL,0.002914755194523781,False,False,-0.01333333333333342,0.040000000000000036,0.053333333333333455,False,0.027098688845632594,0.15577848136813482,0.469573162058044,195.095,False
MMHTXEATDNFMMY,0.6928360539304155,False,False,0.6000000000000001,0.7333333333333334,0.1333333333333333,False,0.005235437307250095,0.10817624825765283,-0.3313445027615095,293.102203369141,False
MMOXZBCLCQITDF,0.39745244232102794,False,False,0.3600000000000001,0.42666666666666675,0.06666666666666665,False,0.003626512437273777,0.08128194518630881,0.13537780807203748,192.138412475586,False
MOUVJGIRLPZEES,0.4028162058975303,False,False,0.3733333333333333,0.42666666666666675,0.053333333333333455,False,0.021626393606921375,0.09151272586834489,-0.2515860237380533,272.068389892578,False
MPNJTIZLDHWBFX,-0.5217569459839405,False,False,-0.76,-0.4933333333333334,0.2666666666666666,False,0.024368956769017062,0.16329843367079275,0.5754637419795755,325.027282714844,False
MROJXXOCABQVEF,0.4028059106313724,False,False,0.3733333333333333,0.43999999999999995,0.06666666666666665,False,0.015776944246365495,0.0763490996356832,0.07794463735429091,194.0812,False
MVQUJEUCFOGFJU,0.731969291789002,False,False,0.6666666666666665,0.7866666666666666,0.1200000000000001,False,0.006747444382402825,0.11326965933499492,-0.3151377451693518,216.0786,False
MWYHLEQJTQJHSS,-0.44707363559482616,False,False,-0.6000000000000001,-0.3466666666666667,0.2533333333333334,False,0.0021601171466539295,0.14323209386686714,0.5454786584662779,319.1765,False
NDAUXUAQIAJITI,0.2163706473258304,False,False,0.17333333333333334,0.29333333333333345,0.1200000000000001,False,0.012437702851634527,0.0695667618281267,0.19755599723112377,240.159408569336,False
NEKOXWSIMFDGMA,0.2812204818220864,False,False,0.15999999999999992,0.3466666666666667,0.18666666666666676,False,1.9181295781087406e-05,0.08302653247625857,-0.347034800557848,310.1761,False
NHZLNPMOSADWGC,-0.27371639500552586,False,False,-0.52,-0.21333333333333337,0.30666666666666664,False,0.003054615349341038,0.20596353537671985,0.6734225966304588,301.0754,False
NJGBTKGETPDVIK,0.6901455099880077,False,False,0.6133333333333333,0.7200000000000002,0.10666666666666691,False,0.024420734178509047,0.07065666325842052,-0.03931521652924708,165.091,False
NJKDOADNQSYQEV,-0.9606403914947368,False,False,-1.0266666666666668,-0.8133333333333334,0.21333333333333349,False,0.0193574595646529,0.1333156535511435,-0.7428223073898961,777.862609863281,False
NKFNBVMJTSYZDV,0.12775089181422492,False,False,0.10666666666666669,0.1333333333333333,0.026666666666666616,False,0.0953670680827424,0.18776607846701274,-0.28919426388567726,274.2741,False
NLYNUTMZTCLNOO,0.4016162977844675,False,False,0.19999999999999996,0.42666666666666675,0.2266666666666668,False,0.049861386990096006,0.12061952710990634,-0.2745654148773349,292.969116210938,False
NNJVILVZKWQKPM,-0.43643017846330634,False,False,-0.6533333333333333,-0.3733333333333333,0.28,False,0.008239953074930978,0.21905893159487205,0.7583536345819771,235.180557250977,False
NPECRXRQVYMQGY,1.0053231056039704,False,False,0.9733333333333336,1.04,0.06666666666666643,False,0.008775542427946597,0.10092727219587183,-0.2788282158704568,179.153884887695,False
NQLVQOSNDJXLKG,-0.43556708561814367,False,False,-0.64,-0.3733333333333333,0.2666666666666667,False,0.008393565196133643,0.18866015158634517,0.6168061439462083,252.141799926758,False
NTJOBXMMWNYJFB,0.40578428578203585,False,False,0.3600000000000001,0.4666666666666668,0.10666666666666669,False,0.0010414878003651164,0.18565585814854452,-0.6072612736761579,370.1796875,False
NWUWYYSKZYIQAE,-0.6056334022553896,False,False,-0.8133333333333334,-0.5733333333333333,0.2400000000000001,False,0.006349202137945886,0.14190816578804125,0.6068481564989902,321.2173,False
NXQDBZGWYSEGFL,-0.3726341009258135,False,False,-0.4666666666666668,-0.29333333333333345,0.17333333333333334,False,0.0022274925151781816,0.023537682281623933,-0.0315913738339898,368.030700683594,False
OBZIQQJJIKNWNO,0.43895937072028907,False,False,0.3733333333333333,0.4933333333333332,0.11999999999999988,False,0.002179634038496363,0.13553035328885593,-0.47068798463907974,300.9616,False
OJPDDQSCZGTACX,0.7403000312032446,False,False,0.6800000000000002,0.8000000000000003,0.1200000000000001,False,0.007911023363059863,0.08838285696557568,-0.22068039019109575,182.1176,False
OMOLDRXZKFFGJI,-0.18134500085641145,False,False,-0.22666666666666657,-0.14666666666666672,0.07999999999999985,False,0.01787875340258751,0.14127482231972974,0.38999456895340323,242.084869384766,False
OUGIDAPQYNCXRA,0.7627902775851363,False,False,0.7466666666666666,0.7866666666666666,0.040000000000000036,False,0.027266374063407376,0.08062650139564857,0.033899237905834045,273.091,False
OVEMTTZEBOCJDV,0.771519892409308,False,False,0.7466666666666666,0.8000000000000003,0.05333333333333368,False,0.009917536778845637,0.08094631288533619,-0.1329196016449421,178.159,False
OWNAXTAAAQTBSP,-0.5151478819008455,False,False,-0.5333333333333334,-0.4666666666666668,0.06666666666666665,False,0.011160460340121053,0.1763928999320366,0.7074354112043926,280.1656,False
OWRCNXZUPFZXOS,0.4618111619293748,False,False,0.3733333333333333,0.4933333333333332,0.11999999999999988,False,0.0020210378341228873,0.06959801394996787,0.19575371880793074,212.1182,False
OYIKARCXOQLFHF,0.42548278468870965,False,False,0.3999999999999999,0.43999999999999995,0.040000000000000036,False,0.024374014442872665,0.093280037484581,-0.242091993441577,360.051452636719,False
PCZOHLXUXFIOCF,-0.3643442305487376,False,False,-0.45333333333333337,-0.28,0.17333333333333334,False,0.00286923854188434,0.036909641868408435,0.10067087880893161,405.264282226563,False
PFEFOYRSMXVNEL,-0.3579143452302469,False,False,-0.5333333333333334,-0.22666666666666657,0.30666666666666687,False,0.0037475547292294795,0.25130210979351514,0.8511936763179432,263.236785888672,False
PFFIDZXUXFLSSR,0.2183653462814668,False,False,0.18666666666666676,0.29333333333333345,0.10666666666666669,False,0.02080982500528958,0.08234353632644636,-0.07950705047596257,360.135223388672,False
PHNUZKMIPFFYSO,0.2755435987599831,False,False,0.17333333333333334,0.33333333333333326,0.15999999999999992,False,0.008094060615938418,0.04713728633015346,0.06061528956458068,256.029144287109,False
PJEIIBXJUDOMAN,0.9818863682409251,False,False,0.8133333333333335,1.0133333333333332,0.19999999999999973,False,0.015858773432292403,0.09328161049294909,-0.28701705054194204,164.107,False
PKOFBDHYTMYVGJ,0.11191419376512736,False,False,0.053333333333333455,0.2533333333333334,0.19999999999999996,False,0.004049388126651874,0.06156783206702364,0.21677471710748897,215.0485,False
PNRAZZZISDRWMV,0.3982148984657781,False,False,0.3733333333333333,0.42666666666666675,0.053333333333333455,False,0.00905246437014617,0.06558156669328168,-0.0713793389370651,278.2115,False
PNVJTZOFSHSLTO,-0.001857770571703179,False,False,-0.06666666666666665,0.040000000000000036,0.10666666666666669,False,0.001933710054397927,0.03284731250252057,-0.07937781306423546,279.027069091797,False
PQDRCVHHJPMGKO,-1.1140157465171716,False,False,-1.4133333333333333,-1.0,0.41333333333333333,False,0.003903625199581061,0.17611839380383632,0.9851806646071553,526.131,False
PUIYMUZLKQOUOZ,-0.08212513851048152,False,False,-0.21333333333333337,0.053333333333333455,0.26666666666666683,False,0.007872871336536013,0.1856889062462625,0.5705391082955574,207.1492,False
PZBLUWVMZMXIKZ,0.005418750435623623,False,False,-0.01333333333333342,0.040000000000000036,0.053333333333333455,False,0.04485191787409597,0.1099946534194047,0.04246713490537107,281.102,False
QASFUMOKHFSJGL,-0.24702522500267723,False,False,-0.28,-0.21333333333333337,0.06666666666666665,False,0.0779664837197306,0.1497666752522525,0.37583291308461275,412.321,False
QBAYIBZITZBSFO,0.6604670746891625,False,False,0.6000000000000001,0.7200000000000002,0.1200000000000001,False,0.02271727376009018,0.06755433922755465,0.019854598399318024,190.047256469727,False
QBSJMKIUCUGGNG,0.03160518081817834,False,False,0.0,0.2533333333333334,0.2533333333333334,False,0.029763099030363817,0.15399465627272005,0.5024608296697755,194.117630004883,False
QDRXWCAVUNHOGA,-0.9026822323260156,False,False,-1.1600000000000001,-0.76,0.40000000000000013,False,0.003331574424812626,0.08637939919175158,0.4552121126061105,407.219085693359,False
QFMJFXFXQAFGBO,0.23043836415720112,False,False,0.17333333333333334,0.3466666666666667,0.17333333333333334,False,0.002297526376951584,0.10572408108895345,0.3153536700767021,169.060745239258,False
QGHREAKMXXNCOA,-0.39952462323211546,False,False,-0.48,-0.33333333333333326,0.14666666666666672,False,0.003980458225485522,0.053630074414032294,0.1887663891762681,343.0529,False
QGTOTYJSCYHYFK,-0.8366715758600535,False,False,-0.9466666666666668,-0.6533333333333333,0.29333333333333345,False,0.0010695888577134328,0.030709135932359338,-0.14321429205484637,615.254638671875,False
QIKYZXDTTPVVAC,1.0400323430114304,False,False,1.0,1.12,0.1200000000000001,False,0.009900908012002437,0.10592780075585606,-0.25471706923627235,137.0709,False
QVBOTMGSBYXVJQ,0.2219139261174134,False,False,0.18666666666666676,0.41333333333333355,0.2266666666666668,False,0.01633690036963468,0.05761969539664599,0.048775317929682316,291.102783203125,False
QYMMJNLHFKGANY,0.12361073712118406,False,False,0.08000000000000007,0.28,0.19999999999999996,False,0.002296187280206122,0.1320792142257066,-0.46210097828083274,372.942687988281,False
RAMUASXTSSXCMB,-0.6062773189605885,False,False,-0.8400000000000001,-0.56,0.28,False,0.00430387251441233,0.049442952048933814,0.08654350479115147,599.920288085938,False
RECCURWJDVZHIH,0.43659918272872783,False,False,0.3999999999999999,0.6000000000000001,0.20000000000000018,False,0.01422186658573011,0.06018010298635051,0.19843065744248795,171.032180786133,False
RGOVYLWUIBMPGK,-0.34592003342887795,False,False,-0.42666666666666675,-0.14666666666666672,0.28,False,0.017024797757051277,0.08598487043131586,0.3597577931364471,294.2064,False
RJBJMKAMQIOAML,-0.16156288885548098,False,False,-0.19999999999999996,0.0,0.19999999999999996,False,0.024741977591054228,0.12665085522190012,0.34930265884121847,258.079528808594,False
RJKCKKDSSSRYCB,-0.18869067222115665,False,False,-0.2533333333333334,-0.14666666666666672,0.10666666666666669,False,0.004068173482410548,0.1721256214293447,0.5975268712268802,234.1852,False
RMFNNCGOSPBBAD,0.1425006692825621,False,False,0.09333333333333327,0.30666666666666664,0.21333333333333337,False,0.00613304633969006,0.04649625828656645,0.17755222657169067,222.123870849609,False
RNVCVTLRINQCPJ,1.0187096683411971,False,False,0.9866666666666668,1.1333333333333333,0.1466666666666665,False,0.0007685544053287772,0.02345740246907838,-0.029646025633773387,108.080741882324,False
RQUXYBHREKXNKT,-0.011482957376191956,False,False,-0.17333333333333334,0.040000000000000036,0.21333333333333337,False,0.0012671347355740186,0.09774668916305046,0.2705423209457597,228.1053,False
RRNIZKPFKNDSRS,-0.8982218633174769,False,False,-1.1066666666666667,-0.7200000000000001,0.3866666666666666,False,0.004117905229619094,0.04791739578128315,0.2438121362884894,398.0678,False
RROQIUMZODEXOR,-0.3793667916501882,False,False,-0.5066666666666666,-0.33333333333333326,0.17333333333333334,False,0.0037495616009409313,0.03125470890895976,-0.09552487859623232,454.914581298828,False
RZILCCPWPBTYDO,-0.2431725921452551,False,False,-0.43999999999999995,-0.17333333333333334,0.2666666666666666,False,0.008360496755183498,0.2455243985182289,0.740359611357659,233.0896,False
RZVAJINKPMORJF,0.46968124608453937,False,False,0.42666666666666675,0.56,0.1333333333333333,False,0.003073743505246604,0.052838526856859684,0.2235688326766116,152.070648193359,False
SCCDDNKJYDZXMM,0.524877909044156,False,False,0.48,0.56,0.08000000000000007,False,0.0013091538967026748,0.10369765914249458,-0.27730607853244593,256.110046386719,False
SLDQOBRACOQXGE,0.8114225168203469,False,False,0.7733333333333334,0.8666666666666667,0.09333333333333327,False,0.013067828722937058,0.12254775793741259,-0.32356765533098586,191.1067,False
SNPPWIUOZRMYNY,0.3991332705637905,False,False,0.3600000000000001,0.42666666666666675,0.06666666666666665,False,0.014226857049531862,0.05438533849311352,0.01658530545682163,240.115,False
SOUGWDPPRBKJEX,0.009680293738722052,False,False,-0.01333333333333342,0.040000000000000036,0.053333333333333455,False,0.03892464813148748,0.09204821969669591,0.044238906613668236,336.031799316406,False
SPNQRCTZKIBOAX,0.14300796856344442,False,False,0.09333333333333327,0.28,0.18666666666666676,False,0.0010120844170646273,0.0298536479758146,-0.05818729941761999,296.1605,False
SQMGCPHFHQGPIF,0.5353796444484715,False,False,0.5066666666666668,0.5466666666666669,0.040000000000000036,False,0.1322192243269634,0.3310181908636764,-0.8021996743406274,500.285308837891,False
STJMRWALKKWQGH,0.4004341770118836,False,False,0.3600000000000001,0.42666666666666675,0.06666666666666665,False,0.009919595183564542,0.048964300761421845,-0.03527699734311057,277.086975097656,False
STUSTWKEFDQFFZ,0.9092505216399869,False,False,0.8799999999999999,0.9466666666666668,0.06666666666666687,False,0.006199025311747633,0.1385370068392704,-0.38496734459383053,197.084,False
SUBWVHAACKTENX,-1.6,True,False,-1.6,-1.5866666666666667,0.01333333333333342,True,0.008389576797594228,0.08183539593014616,0.2814929973228901,699.442138671875,False
SVCNNZDUGWLODJ,0.1015212131613669,False,False,0.08000000000000007,0.1200000000000001,0.040000000000000036,False,0.03804577639003873,0.10317691042269139,-0.10574512739184476,350.160293579102,False
SWAJJKROCOJICG,0.2179341281312863,False,False,0.18666666666666676,0.29333333333333345,0.10666666666666669,False,0.030638821505234386,0.08477148415394213,0.1683223418267026,208.0968,False
TWMFGCHRALXDAR,0.12782462546132714,False,False,0.10666666666666669,0.14666666666666672,0.040000000000000036,False,0.0833353254617501,0.18557413179436433,-0.3501081927916745,285.29,False
TYEVWCPZVQACAE,0.21733798743067914,False,False,0.18666666666666676,0.28,0.09333333333333327,False,0.03431978234567204,0.1363297085211656,0.2949472130503058,106.032150268555,False
TYMLOMAKGOJONV,0.7414455740448019,False,False,0.6933333333333334,0.7866666666666666,0.09333333333333327,False,0.001302160688681365,0.03421023667383724,-0.05948057103726345,139.050201416016,False
UACOXBQBNWQWOK,0.7030420211113767,False,False,0.6266666666666669,0.7600000000000002,0.1333333333333333,False,0.010369245433352922,0.05297957286929282,-0.11971425617974463,341.1208,False
UBCKGWBNUIFUST,-0.18169712975470811,False,False,-0.21333333333333337,-0.14666666666666672,0.06666666666666665,False,0.05593995910594267,0.10628991373558937,0.018251441173711164,364.9065,False
UDCDOJQOXWCCSD,-0.15960227261416085,False,False,-0.19999999999999996,-0.01333333333333342,0.18666666666666654,False,0.018019747963896146,0.13383092873283567,0.44798625712301376,215.08483123779305,False
UFFBMTHBGFGIHF,1.0260159183397988,False,False,1.0,1.1333333333333333,0.1333333333333333,False,0.004114489424983342,0.056984379734970024,-0.07391848350727426,122.0963134765625,False
UNFWWIHTNXNPBV,-0.5175951775631628,False,False,-0.5466666666666666,-0.48,0.06666666666666665,False,0.011888227238667125,0.15820866993541224,0.6449828302822175,333.165863037109,False
UNYCSANQWMNNCS,-1.113970921030163,False,False,-1.4000000000000001,-1.0,0.40000000000000013,False,0.002230107828997787,0.09669261681694062,0.5923608507367668,604.1764,False
UVLBAPBHAHFJSY,0.8795884562113117,False,False,0.8000000000000003,0.96,0.1599999999999997,False,0.001943764143361604,0.1779518168291781,-0.5051325228045476,354.0752,False
UXDPXZQHTDAXOZ,-1.6,True,False,-1.6,-1.5866666666666667,0.01333333333333342,True,0.009690478039599337,0.030809558010695893,-0.31724211855646756,706.400817871094,False
UYJUZNLFJAWNEZ,1.1466390716546364,False,False,1.0933333333333333,1.1866666666666665,0.09333333333333327,False,0.0003448703948267946,0.06867567639798566,-0.1986062143630567,185.07112121582,False
VBCVPMMZEGZULK,-0.9664500315053701,False,False,-1.1333333333333333,-0.7866666666666667,0.34666666666666657,False,0.0014544769581605376,0.11984962404595483,0.6871860017535962,528.078,False
VDTNNGKXZGSZIP,-0.6030390802513117,False,False,-0.68,-0.41333333333333333,0.2666666666666667,False,0.003257363887975342,0.16153050298142735,0.701401572624663,272.1063,False
VKHAHZOOUSRJNA,-0.17309617630616494,False,False,-0.2666666666666666,-0.11999999999999988,0.14666666666666672,False,0.0007969258243334581,0.03908086971083947,0.10242566649754584,430.2741,False
VMXUWOKSQNHOCA,-0.3694755001043807,False,False,-0.4933333333333334,-0.2666666666666666,0.2266666666666668,False,0.00012148494163053287,0.037930639577999435,0.15318533142584034,315.1485,False
VOEYXMAFNDNNED,0.4061397729551412,False,False,0.3733333333333333,0.42666666666666675,0.053333333333333455,False,0.03750621631434761,0.12310051976576662,0.23539273649250897,166.086334228516,False
VRYKTHBAWRESFI,0.9062661469931637,False,False,0.8799999999999999,0.9333333333333336,0.05333333333333368,False,0.009076935925223118,0.13361240266656757,-0.40648299373097774,217.133529663086,False
VTFZEBCYVXMEBB,0.13264064153216545,False,False,0.10666666666666669,0.15999999999999992,0.05333333333333323,False,0.00859618864454844,0.14042441878233952,-0.45435602070136993,325.032958984375,False
VTNQPKFIQCLBDU,0.2189257813158261,False,False,0.18666666666666676,0.29333333333333345,0.10666666666666669,False,0.026594896754960535,0.086769853508628,-0.03869532051908389,270.1255,False
VUTHWSUXEOILTN,0.12807385905838883,False,False,0.10666666666666669,0.14666666666666672,0.040000000000000036,False,0.00987331831932916,0.09887792143415765,-0.24372939155120607,295.040252685547,False
VYBKAZXQKUFAHG,0.7055518476113058,False,False,0.6400000000000001,0.7466666666666666,0.10666666666666647,False,0.04551996330879016,0.09975637056701318,0.053446709877086884,151.0866,False
VYUUPUMKBLIKJV,-0.4494085025589441,False,False,-0.5733333333333333,-0.3466666666666667,0.22666666666666657,False,0.0002489585104522153,0.09041578635400806,0.3743762966545046,464.1439,False
VZFRNCSOCOPNDB,-0.07567988786798235,False,False,-0.11999999999999988,0.06666666666666665,0.18666666666666654,False,0.0011976099550412773,0.02585558404195828,-0.04021668722663957,312.1443176269535,False
WCCIEZDFRJREQJ,1.2717652693431336,False,False,1.2133333333333334,1.4,0.18666666666666654,False,0.0017321183720278726,0.26608768582988696,-0.7864271053035783,179.0637,False
WEAJZXNPAWBCOA,0.11351869030534457,False,False,0.09333333333333327,0.14666666666666672,0.053333333333333455,False,0.010211209631461195,0.11151763627344931,-0.33961801237834066,484.186676025391,False
WFKSADNZWSKCRZ,0.2798584579181641,False,False,0.17333333333333334,0.33333333333333326,0.15999999999999992,False,0.0030123728663849656,0.08611649453602256,-0.28469910581708124,312.136199951172,False
WFTHOCDLKYPFJX,0.0326604805266526,False,False,-0.01333333333333342,0.06666666666666665,0.08000000000000007,False,0.01597396925284691,0.05631237218248859,-0.0016536608638144656,296.113037109375,False
WKGKFWXGAHXMCE,-0.780812569358602,False,False,-0.9066666666666667,-0.6000000000000001,0.30666666666666664,False,0.0005257889766138229,0.15159408045526662,0.7655788794404236,301.120086669922,False
WLFDQEVORAMCIM,0.21312916063114223,False,False,0.01333333333333342,0.28,0.2666666666666666,False,0.025080668716906607,0.07106754704408089,0.007091637201403211,259.007965087891,False
WRPIRSINYZBGPK,0.9075533966403533,False,False,0.8799999999999999,0.9466666666666668,0.06666666666666687,False,0.007883813255144577,0.11413612918158414,-0.33677377864869185,308.004,False
WURGXGVFSMYFCG,-0.4049765264605427,False,False,-0.4666666666666668,-0.30666666666666664,0.16000000000000014,False,0.003145048242632187,0.05117563839336076,0.24439343617312725,332.96980285644497,False
WVQBLGZPHOPPFO,0.4653616654176254,False,False,0.41333333333333355,0.5066666666666668,0.09333333333333327,False,0.001445535269261544,0.09018320270002975,-0.3238429861161341,284.1412,False
WXWCDTXEKCVRRO,1.272557315703043,False,False,1.2133333333333334,1.4,0.18666666666666654,False,0.004264741445663351,0.15387789767605706,-0.46608473984616716,138.0913,False
WYMSBXTXOHUIGT,0.3193318004544027,False,False,0.28,0.3466666666666667,0.06666666666666665,False,0.005857059136397409,0.11928317979123307,-0.3650078748854938,276.063140869141,False
WYWHKKSPHMUBEB,1.2184424837340826,False,False,1.1733333333333333,1.3733333333333335,0.20000000000000018,False,0.0009701989140744066,0.2070848625785867,-0.5447498885734766,168.0338,False
WYWZRNAHINYAEF,0.3980695914056736,False,False,0.3733333333333333,0.42666666666666675,0.053333333333333455,False,0.009133815336196196,0.11650254865338881,-0.30480957479977905,278.2115,False
XCSGPAVHZFQHGE,0.32109669678595204,False,False,0.30666666666666664,0.33333333333333326,0.026666666666666616,False,0.02902018120201827,0.09196081829347785,-0.1408672036036675,270.125732421875,False
XDNBJTQLKCIJBV,0.28675837707196894,False,False,0.17333333333333334,0.3733333333333333,0.19999999999999996,False,0.002112499961632975,0.1502321745155056,-0.5346978808036019,309.0379,False
XEAQIWGXBXCYFX,0.4146976472704644,False,False,0.3866666666666667,0.42666666666666675,0.040000000000000036,False,0.054454648117490984,0.10610196310210712,-0.0257517263550035,231.101821899414,False
XGXOSJSGDNPEEF,0.42005265696036465,False,False,0.3866666666666667,0.43999999999999995,0.05333333333333323,False,0.020682108725038482,0.07969912033781064,-0.19449336393405336,398.1612,False
XKJMBINCVNINCA,0.4089351235803928,False,False,0.3866666666666667,0.42666666666666675,0.040000000000000036,False,0.04279486510225002,0.10946975562273911,-0.09891363204408005,249.019409179688,False
XKNKHVGWJDPIRJ,0.026204922888887823,False,False,-0.026666666666666616,0.06666666666666665,0.09333333333333327,False,0.003682478137446077,0.10314467839563948,0.3349987137963682,217.9793,False
XMTQQYYKAHVGBJ,-0.43031172479542856,False,False,-0.5333333333333334,-0.3600000000000001,0.17333333333333334,False,0.005254767682126367,0.22869715045735603,0.8493293854461006,233.0243,False
XNKARWLGLZGMGX,-0.7492099155179849,False,False,-0.9066666666666667,-0.5733333333333333,0.3333333333333335,False,0.00026208125990280343,0.22536839963234503,0.9760584127143271,257.093902587891,False
XOVCVOLJZHNHLA,0.4875174248068856,False,False,0.4533333333333336,0.56,0.10666666666666647,False,0.0011317073490698915,0.0903002344693765,-0.2248501259720696,318.170043945313,False
XQZXYNRDCRIARQ,-1.169484155702091,False,False,-1.2266666666666668,-0.9333333333333333,0.29333333333333345,False,0.011243408159307642,0.09557895410215275,-0.5084792422740883,777.861999511719,False
XSKZXGDFSCCXQX,-0.6013542896109895,False,False,-0.68,-0.41333333333333333,0.2666666666666667,False,0.003971527428706484,0.0653996071026198,0.3207584512566205,391.037658691406,False
XWIYFDMXXLINPU,0.7924231330514359,False,False,0.7600000000000002,0.9199999999999999,0.1599999999999997,False,0.0028174876075985466,0.16817125382517956,-0.4356367034045967,329.065643310547,False
XWMMHXRGYYPFAV,0.040467450210318494,False,False,0.0,0.09333333333333327,0.09333333333333327,False,0.004547637182795628,0.03160395024915166,-0.015775334945802848,304.930358886719,False
XWTYSIMOBUGWOL,0.2809413380150763,False,False,0.18666666666666676,0.3733333333333333,0.18666666666666654,False,0.006877751991520594,0.0778666152562767,0.19902684697539313,226.143859863281,False
XXOYNJXVWVNOOJ,0.03641146144304856,False,False,0.0,0.08000000000000007,0.08000000000000007,False,0.012393378006721993,0.17758652005799105,0.585996711442646,165.1022,False
YFBPRJGDJKVWAH,0.027361783732452353,False,False,-0.01333333333333342,0.06666666666666665,0.08000000000000007,False,0.013887289517588776,0.09649479414722273,0.3253929647407976,226.089614868164,False
YFNCATAIYKQPOO,-0.6034052283910958,False,False,-0.7200000000000001,-0.5333333333333334,0.18666666666666665,False,0.000783181021492528,0.056605930601128805,0.26730060048406923,371.0842,False
YGUFQYGSBVXPMC,1.133801655242886,False,False,1.0266666666666668,1.1733333333333333,0.1466666666666665,False,0.0029916241326519246,0.18525469870377073,-0.5673863561191325,188.0473,False
YKKQAXQGZIBJFS,0.4209212330655407,False,False,0.3866666666666667,0.43999999999999995,0.05333333333333323,False,0.025788179222919944,0.0750949032979157,0.018095333664670143,234.160095214844,False
YOUGRGFIHBUKRS,0.4054527998743297,False,False,0.3866666666666667,0.43999999999999995,0.05333333333333323,False,0.025533066020158552,0.12121184186893758,0.3351997415799143,150.127883911133,False
YOWNVPAUWYHLQX,-0.8178344856635915,False,False,-1.0266666666666668,-0.7733333333333333,0.2533333333333335,False,0.0041179676600921625,0.18318899407816122,0.8421446521327423,506.009857177734,False
YXWCBRDRVXHABN,-1.6,True,False,-1.6,-1.5866666666666667,0.01333333333333342,True,0.012051534462298754,0.2411302408328534,1.2860288475801547,527.129638671875,False
ZBBHBTPTTSWHBA,-0.4743403116300635,False,False,-0.5333333333333334,-0.32000000000000006,0.21333333333333337,False,0.0014889665169866976,0.02212063231783394,-0.03787609752417809,480.2129,False
ZBRHTUMWSDPCMI,-1.020004481909255,False,False,-1.1866666666666668,-0.8133333333333334,0.3733333333333334,False,0.005922167816397742,0.1655881662520833,0.886948469570346,411.1021,False
ZCJPOPBZHLUFHF,0.4244996323893175,False,False,0.3866666666666667,0.43999999999999995,0.05333333333333323,False,0.010396540711330149,0.15424043781095365,-0.5284269398044799,304.1131,False
ZCTYHONEGJTYQV,0.6728769533692097,False,False,0.6000000000000001,0.7200000000000002,0.1200000000000001,False,0.015621546053169642,0.05704629513308623,0.03192306823181168,152.106475830078,False
ZDHYERRNXRANLI,-0.017090011652817323,False,False,-0.18666666666666676,0.026666666666666616,0.21333333333333337,False,0.0022920410655504465,0.041577181408857446,-0.21576969229783016,311.017333984375,False
ZNOLGFHPUIJIMJ,-0.4475682967384271,False,False,-0.64,-0.3466666666666667,0.29333333333333333,False,0.00463854700266777,0.09736501802161467,0.3713523485476719,278.024963378906,False
ZNRZGJAHNMGWQN,0.3364345750520924,False,False,0.30666666666666664,0.3733333333333333,0.06666666666666665,False,0.004380382358112099,0.11341113503538448,-0.30046751183281006,263.050354003906,False
ZQEIXNIJLIKNTD,0.27437609803868707,False,False,0.18666666666666676,0.42666666666666675,0.24,False,0.013504379919802186,0.08106698327907487,-0.16732013371700866,280.1543,False
AAEVYOVXGOFMJO,0.34005558969870575,False,False,0.32000000000000006,0.5066666666666668,0.18666666666666676,False,0.02599981530190633,0.09379680809204902,-0.18758020344517845,242.143569946289,False
ABOOPXYCKNFDNJ,0.3439734653105567,False,False,0.21333333333333337,0.3999999999999999,0.18666666666666654,False,0.0026232492471730557,0.023931402227601165,-0.015910780499158617,345.063659667969,False
ACGPKIHTJATAMX,0.13363894615463742,False,False,0.1200000000000001,0.14666666666666672,0.026666666666666616,False,0.05294915196458468,0.10854153133680196,0.027946169667732584,352.175872802734,False
AFAIELJLZYUNPW,1.0145488436380934,False,False,0.9866666666666668,1.1600000000000001,0.17333333333333334,False,0.0071080471243766645,0.235405286497654,-0.6108934118282829,288.1495,False
AFIIBUOYKYSPKB,-0.23703418826557116,False,False,-0.29333333333333345,-0.1333333333333333,0.16000000000000014,False,0.001134280279386249,0.10891503046866564,0.3881293366351877,226.087005615234,False
AGOYDEPGAOXOCK,-1.6,True,False,-1.6,-1.5866666666666667,0.01333333333333342,True,0.010190804795921398,0.07664188081840147,0.22461542268554413,748.484741210938,False
AGTBLMHWQIEASU,0.42419539740582757,False,False,0.3999999999999999,0.43999999999999995,0.040000000000000036,False,0.03130940769076658,0.09317874253079005,-0.15554454038874832,299.139282226563,False
AHOUBRCZNHFOSL,-0.23203907249055336,False,False,-0.28,-0.08000000000000007,0.19999999999999996,False,0.021074267953259847,0.17940896464394307,0.6152603212746606,330.150115966797,False
AKNNEGZIBPJZJG,0.4207810935957988,False,False,0.2533333333333334,0.43999999999999995,0.18666666666666654,False,0.025560476810820788,0.10301482576280215,-0.3145616087340662,414.15478515625,False
AMFGTOFWMRQMEM,-0.1647270997950686,False,False,-0.2666666666666666,-0.1333333333333333,0.1333333333333333,False,0.003634540483845732,0.04917351808127949,0.1440010746611028,314.0723,False
APTZNLHMIGJTEW,0.6409503369355711,False,False,0.4533333333333336,0.7066666666666666,0.25333333333333297,False,0.0060850867936045,0.17232112184151877,-0.6387253088618714,413.027801513672,False
AQHHHDLHHXJYJD,-0.028495532361425813,False,False,-0.22666666666666657,0.053333333333333455,0.28,False,0.009016707328327545,0.15482136911564134,0.4697637239943407,260.1645,False
AQSQFWLMFCKKMG,-0.21541669595102053,False,False,-0.2533333333333334,-0.09333333333333327,0.16000000000000014,False,0.002335626011038265,0.14827657298820376,0.5794124660223701,173.1648,False
AUMLVMKWJGCERZ,-0.6066666666666667,False,False,-0.8666666666666667,-0.56,0.30666666666666664,False,0.003522715217944114,0.15084253059917735,0.6570590877129474,340.0205,False
BACYUWVYYTXETD,-0.8139527532344921,False,False,-0.9733333333333334,-0.7200000000000001,0.2533333333333333,False,0.0026196480692765233,0.14268167345284874,0.6837627565293842,272.222,False
BATVZJPOLFSGTD,-0.22068768710587733,False,False,-0.2533333333333334,-0.040000000000000036,0.21333333333333337,False,0.007176947914528385,0.0388882411815355,0.038788059017585697,370.248809814453,False
BCQMBFHBDZVHKU,0.3379670347546318,False,False,0.30666666666666664,0.3733333333333333,0.06666666666666665,False,0.015425827284016782,0.05698055064695581,0.022134816636192822,226.166381835938,False
BDNFQGRSKSQXRI,-0.4000174038849641,False,False,-0.6266666666666667,-0.32000000000000006,0.30666666666666664,False,0.006662100998970592,0.1354030990880107,0.4874024787753576,416.222,False
BGHDUTQZGWOQIA,-0.1939359141990135,False,False,-0.33333333333333326,-0.14666666666666672,0.18666666666666654,False,0.0030828173575293215,0.026865224575586714,-0.03416954714807549,534.271423339844,False
BGRWYDHXPHLNKA,-0.3227846986613802,False,False,-0.4666666666666668,-0.24,0.2266666666666668,False,0.0010157886414651255,0.14098505840376283,0.48993190712359874,229.118286132813,False
BIXJFIJYBLJTMK,0.4795888514812165,False,False,0.43999999999999995,0.52,0.08000000000000007,False,0.004374959320132987,0.06498159617418053,0.21012765055022692,255.14945220947249,False
BPFYOAJNDMUVBL,-1.0910065627072565,False,False,-1.3466666666666667,-0.9600000000000001,0.3866666666666666,False,0.010105896990993748,0.28206103039773,1.3455896827953502,363.146453857422,False
BQXQGZPYHWWCEB,0.0079124542106583,False,False,-0.05333333333333323,0.08000000000000007,0.1333333333333333,False,0.008928164832206676,0.16535208266220097,0.47519166785387096,299.175598144531,False
BVZWTQCTAVYACS,-1.6,True,False,-1.6,-1.5733333333333335,0.026666666666666616,True,0.0023267311863594824,0.04474622555206909,0.1549866951721819,842.505004882813,False
BZKPWHYZMXOIDC,0.540122952884823,False,False,0.5066666666666668,0.6666666666666665,0.1599999999999997,False,0.01875361759218979,0.16063605616850044,-0.41497591034364945,222.9954,False
CCCGEKHKTPTUHJ,0.25979866044309446,False,False,0.19999999999999996,0.32000000000000006,0.1200000000000001,False,0.003284645183193039,0.035018327119601095,-0.06131529826326726,398.063323974609,False
CEBXXEKPIIDJHL,0.9114356530585662,False,False,0.8933333333333335,0.9466666666666668,0.05333333333333323,False,0.015843462224589343,0.076147010344489,-0.09289882316717091,259.060150146484,False
CEQFOVLGLXCDCX,0.6744018577458536,False,False,0.5733333333333333,0.7066666666666666,0.1333333333333333,False,0.006732456959717667,0.08677284556039558,-0.31538207192692347,270.1237,False
CGBCCZZJVKUAMX,-0.3701490457722161,False,False,-0.4666666666666668,-0.2533333333333334,0.21333333333333337,False,0.0014281158462853727,0.05581859357425786,0.23791822807982443,403.167205810547,False
CIEXPHRYOLIQQD,-0.5078414757714009,False,False,-0.5333333333333334,-0.22666666666666657,0.30666666666666687,False,0.014397889978943715,0.17576663059121367,0.7994947192680201,302.1387,False
CJIASZBWXIFQMU,-1.6,True,False,-1.6,-1.5866666666666667,0.01333333333333342,True,0.01540224965704282,0.023977516060863686,-0.790987571468992,1025.5341796875,False
CJJOSEISRRTUQB,-0.8442807877928185,False,False,-0.9333333333333333,-0.68,0.2533333333333333,False,0.0005243727657147482,0.10868529108837517,0.6222134212704902,339.994659423828,False
CKPJPJSVQMEGBC,0.13119331155592562,False,False,0.10666666666666669,0.14666666666666672,0.040000000000000036,False,0.04884591780023412,0.11796703951053525,-0.14881755574481104,388.152679443359,False
CLSJYOLYMZNKJB,0.7693917770841865,False,False,0.7466666666666666,0.8000000000000003,0.05333333333333368,False,0.004319960887873766,0.18996122317497538,-0.5903034295252572,298.085388183594,False
CMWTZPSULFXXJA,0.850761483028767,False,False,0.8133333333333335,0.8799999999999999,0.06666666666666643,False,0.024428280939608416,0.09167859434043762,-0.229844759323948,231.101531982422,False
CNFMJLVJDNGPHR,-0.24932160015934096,False,False,-0.52,-0.21333333333333337,0.30666666666666664,False,0.045052946873197254,0.19891524106179456,0.6039793752745712,264.207092285156,False
CNIGFESSDPOCKS,-0.8557267458575304,False,False,-0.92,-0.64,0.28,False,0.0002411335825644261,0.1420924075329149,0.7921424369925487,455.1249,False
CVXBEEMKQHEXEN,0.5685786548257563,False,False,0.5333333333333332,0.6800000000000002,0.14666666666666694,False,0.005020294778845981,0.051656499481771374,0.17335995908887536,202.0863,False
CWFCYVRIWJMEIN,-1.6,True,False,-1.6,-1.5866666666666667,0.01333333333333342,True,0.006729615623519376,0.06015407406298183,0.20673306986431483,828.489990234375,False
CYQFCXCEBYINGO,-0.07606650025974847,False,False,-0.11999999999999988,-0.01333333333333342,0.10666666666666647,False,0.0019263482796175017,0.08970026356706141,0.31616842159085023,315.231781005859,False
DAVNRFCJMIONPO,0.6871408251664298,False,False,0.6266666666666669,0.7333333333333334,0.10666666666666647,False,0.0074988758167330895,0.038258422211202625,0.00257639375551455,255.149291992188,False
DDUHZTYCFQRHIY,-0.14838090503815987,False,False,-0.21333333333333337,0.026666666666666616,0.24,False,0.0015840779797403196,0.06881569685776265,0.27131052028111563,353.078872680664,False
DDUIUBPJPOKOMV,0.5125635933848287,False,False,0.5066666666666668,0.5466666666666669,0.040000000000000036,False,0.020231563284915256,0.19972403090299923,-0.5368591793353648,272.154296875,False
DECIPOUIJURFOJ,0.9885188221018681,False,False,0.8666666666666667,1.0266666666666668,0.16000000000000014,False,0.005037500186582784,0.126338503495803,-0.4396908560082923,218.154037475586,False
DGFVZQGXKQCQGK,0.02525048997966177,False,False,-0.01333333333333342,0.06666666666666665,0.08000000000000007,False,0.0071579627815054,0.10168715033671458,0.31393072321991206,324.1343,False
DVBUIBGJRQBEDP,-0.2786551544837384,False,False,-0.3999999999999999,-0.14666666666666672,0.2533333333333332,False,0.0034221469127206166,0.031074584771592948,0.05020072251447122,473.012237548828,False
DWSPRBSLSXQIEJ,0.42728314310739507,False,False,0.41333333333333355,0.43999999999999995,0.026666666666666394,False,0.01803193938442664,0.12188566408028023,-0.32397800638212354,363.06242370605503,False
FBMQNRKSAWNXBT,1.1939894572465692,False,False,1.146666666666667,1.3600000000000003,0.21333333333333337,False,0.002662996059884444,0.16912669651846116,-0.4869933745674082,239.0815,False
FCBQJNCAKZSIAH,-0.5098260089278183,False,False,-0.7066666666666667,-0.4666666666666668,0.23999999999999988,False,0.00760672396017377,0.13943263662588765,0.5519953047145659,403.1486,False
FEMZDTCUQKSHTJ,0.1103867789440454,False,False,-0.08000000000000007,0.1333333333333333,0.21333333333333337,False,0.040090322471588946,0.1035494788122926,-0.09742568233072095,386.181488037109,False
FFCCBBNQPIMUJI,0.2256658809060256,False,False,0.1333333333333333,0.29333333333333345,0.16000000000000014,False,0.004196515549831574,0.028964657379953247,0.0005807594840779584,289.154907226563,False
FIKQKGFUBZQEBL,0.032207729950500426,False,False,0.0,0.06666666666666665,0.06666666666666665,False,0.02216181322018933,0.08214483775986736,-0.08493188601001905,463.090881347656,False
FIQMHBFVRAXMOP,0.7623339264949719,False,False,0.7466666666666666,0.7866666666666666,0.040000000000000036,False,0.0376565487035554,0.0993061953347654,-0.23225108769978597,279.0933,False
FMWJEBGSMAOQNN,-0.07579946544029893,False,False,-0.09333333333333327,0.1200000000000001,0.21333333333333337,False,0.03326337005238815,0.09437078407321538,0.11970151353306148,370.186553955078,False
FQXXSQDCDRQNQE,-0.7985200581450589,False,False,-0.8666666666666667,-0.5866666666666667,0.28,False,0.016233683695314784,0.2566130325310041,1.165660370033544,312.159454345703,False
FROBCXTULYFHEJ,-1.3849628571294281,False,False,-1.4400000000000002,-1.28,0.16000000000000014,False,0.007664580400229066,0.20992285408270112,1.2165737353369517,444.132476806641,False
FUSNMLFNXJSCDI,-0.30727118015723864,False,False,-0.4666666666666668,-0.2533333333333334,0.21333333333333337,False,0.001601587902352347,0.17805801639961485,0.6502191486324946,308.1104,False
FZRBKIRIBLNOAM,0.31722817184334895,False,False,0.14666666666666672,0.3466666666666667,0.19999999999999996,False,0.009398183968164072,0.1240106034259063,-0.4747845124783918,277.216156005859,False
FZXISNSWEXTPMF,0.3324865119364253,False,False,0.30666666666666664,0.3600000000000001,0.053333333333333455,False,0.007718403260670415,0.05161912316479828,0.05318317370773362,230.117401123047,False
GBAWQJNHVWMTLU,-0.16340417319568407,False,False,-0.19999999999999996,0.01333333333333342,0.21333333333333337,False,0.021117918505695076,0.11695980733723321,0.37671286290331046,251.023712158203,False
GBOYJIHYACSLGN,-0.17455247568252846,False,False,-0.21333333333333337,0.01333333333333342,0.2266666666666668,False,0.025610189080838924,0.12144671480978549,0.38504031966456215,382.972808837891,False
GCAOVMKRBUCSET,0.1394712061429992,False,False,0.1200000000000001,0.19999999999999996,0.07999999999999985,False,0.010007960948185101,0.06533966832889575,0.17566823799604306,378.0658,False
GDSCFOSHSOWNDL,0.760203606778311,False,False,0.7466666666666666,0.7733333333333334,0.02666666666666684,False,0.03006925602914441,0.12996860096790339,-0.3033894901750196,287.130462646484,False
GENAHGKEFJLNJB,0.8609661706155325,False,False,0.8133333333333335,0.8933333333333335,0.08000000000000007,False,0.009123756826601308,0.0897121483695404,-0.2407300326052494,268.144805908203,False
GIQXQZKTWHFVAB,-0.07569780161183548,False,False,-0.09333333333333327,0.10666666666666669,0.19999999999999996,False,0.03485384545277515,0.09590165161396258,0.08865917132630319,386.181427001953,False
GJSURZIOUXUGAL,0.5469693137459565,False,False,0.5333333333333332,0.56,0.02666666666666684,False,0.025587788811819823,0.0778823594922445,-0.027276182740276878,230.024749755859,False
GLTMLPGXPMAIOI,0.25262098752486756,False,False,0.19999999999999996,0.29333333333333345,0.09333333333333349,False,0.00838217815669959,0.05615846942580777,0.07770442935172611,359.035003662109,False
GMBRUAIJEFRHFQ,0.5154144983401876,False,False,0.5066666666666668,0.5466666666666669,0.040000000000000036,False,0.02326323817939275,0.17182232367562106,-0.44651184267921473,401.9132,False
GNBHRKFJIUUOQI,1.1848994024003738,False,False,1.1600000000000001,1.2000000000000002,0.040000000000000036,False,0.010957128414889106,0.18799005210237818,-0.5532654138952461,333.0757,False
GPXLRLUVLMHHIK,0.03089877351218559,False,False,0.0,0.06666666666666665,0.06666666666666665,False,0.024526032466559954,0.16884777360802963,0.49659794059032736,248.0585,False
GVDRRZOORHCTAN,-0.6485908469138707,False,False,-0.8933333333333334,-0.5466666666666666,0.3466666666666668,False,0.0009347376053237757,0.13993048569760208,0.6500297109834424,458.1477,False
GWLFIMOOGVXSMZ,-0.8047870510583619,False,False,-1.0533333333333332,-0.7466666666666667,0.30666666666666653,False,0.023933030723009098,0.15186655619579176,0.5697406459999521,414.1846,False
HBPDKDSFLXWOAE,0.4870741424510698,False,False,0.4533333333333336,0.52,0.06666666666666643,False,0.004683279145451349,0.062101711308704746,-0.19161421926825056,229.1118,False
HCRWJJJUKUVORR,0.3370224694461043,False,False,0.32000000000000006,0.3600000000000001,0.040000000000000036,False,0.02650555340606827,0.08789377442241247,-0.07575677852697454,214.112213134766,False
HDHLIWCXDDZUFH,0.32462862695792694,False,False,0.17333333333333334,0.3466666666666667,0.17333333333333334,False,0.022811836623986614,0.07497800879181092,-0.11593514286710305,254.1434,False
HEFIYUQVAZFDEE,-0.4481911360298838,False,False,-0.6666666666666667,-0.30666666666666664,0.3600000000000001,False,0.001948383054215067,0.02245781322107459,0.043301870246237995,610.302917480469,False
HFBWPRKWDIRYNX,0.5057244590776047,False,False,0.32000000000000006,0.52,0.19999999999999996,False,0.048687205251118665,0.10207491412109493,-0.1881778587886742,230.116622924805,False
HFVMLYAGWXSTQI,0.006489765496624511,False,False,-0.026666666666666616,0.06666666666666665,0.09333333333333327,False,0.005131226876225321,0.13370032905983162,0.43846200660370493,273.221374511719,False
HHUQPWODPBDTLI,-0.5619951876831049,False,False,-0.8400000000000001,-0.52,0.32000000000000006,False,0.004584481968836565,0.24033360740322648,0.9185824442091617,312.066741943359,False
HPNSFSBZBAHARI,0.28902837505000434,False,False,0.21333333333333337,0.3999999999999999,0.18666666666666654,False,0.003633685963328037,0.07236336409338341,-0.18761312475809222,321.133544921875,False
HTORKLPLHJXOOZ,-1.6,True,False,-1.6,-1.5733333333333335,0.026666666666666616,True,0.003163291160344753,0.04951704405176358,0.10318140878197535,856.520751953125,False
HXHWSAZORRCQMX,0.9949103974755701,False,False,0.9333333333333336,1.04,0.10666666666666647,False,0.001347170417329573,0.22173465852132251,-0.6887024747756411,266.0958,False
IAPHXJRHXBQDQJ,-0.0760667336399026,False,False,-0.09333333333333327,-0.040000000000000036,0.05333333333333323,False,0.03023923868605622,0.10456237475680279,0.2376515763611247,352.175933837891,False
IAQLCKZJGNTRDO,-0.5064459648348708,False,False,-0.5466666666666666,-0.45333333333333337,0.09333333333333327,False,0.003004001453064243,0.058514115525963944,0.27489629640653657,540.149291992188,False
IFOLNWVBRSCJOJ,0.5202562501337946,False,False,0.5066666666666668,0.5466666666666669,0.040000000000000036,False,0.008505510089712297,0.07446837359772485,0.1710296083607109,154.097213745117,False
INFDPOAKFNIJBF,0.4397395903761407,False,False,0.42666666666666675,0.4666666666666668,0.040000000000000036,False,0.030486702172977578,0.10562096995398845,0.3244673029710738,187.1230392456055,False
IROINLKCQGIITA,0.3397907038586342,False,False,0.32000000000000006,0.5066666666666668,0.18666666666666676,False,0.026143844051290915,0.08856651723729757,-0.16066278893024022,242.143325805664,False
IVENSCMCQBJAKW,0.3453549428154637,False,False,0.28,0.3866666666666667,0.10666666666666669,False,0.0014578084833846926,0.09296914934597733,0.23713662803943486,174.054214477539,False
IWRVPXDHSLTIOC,0.2489383282125525,False,False,0.19999999999999996,0.29333333333333345,0.09333333333333349,False,0.005908257827369598,0.131630384056238,0.40274915155972624,213.113403320313,False
IWVCMVBTMGNXQD,-0.9158244706645713,False,False,-1.0666666666666669,-0.7333333333333334,0.3333333333333335,False,0.007643449375421813,0.16272978312900696,0.817534227121735,461.1549530029295,False
IWYQSQKKOOZLFH,-0.3729551472547968,False,False,-0.43999999999999995,-0.24,0.19999999999999996,False,0.0053052073420091495,0.07516806527600112,0.324127959694202,272.045379638672,False
IXORZMNAPKEEDV,0.2626308719531676,False,False,0.18666666666666676,0.30666666666666664,0.11999999999999988,False,0.007340581375584638,0.0484467026010068,-0.09455047869526134,364.175842285156,False
IYAZLDLPUNDVAG,0.1375582083758803,False,False,0.1200000000000001,0.14666666666666672,0.026666666666666616,False,0.04618104154109978,0.14761764542734251,0.29107368171618964,324.207,False
IZFZCMFMJKDHJZ,-0.18942084914089363,False,False,-0.2666666666666666,-0.1333333333333333,0.1333333333333333,False,0.0024758826662506675,0.056306530271851535,0.20732432588969119,417.060485839844,False
JBIJLHTVPXGSAM,1.6,False,True,1.5733333333333333,1.6,0.02666666666666684,True,0.003450046407873141,0.1718565459940133,-0.5682481381006153,144.0808,False
JBIWCJUYHHGXTC,-1.1543315479469367,False,False,-1.3866666666666667,-0.9866666666666667,0.4,False,0.010152797907014243,0.20964434182598216,1.0840620451408405,445.161651611328,False
JDSHMPZPIAZGSV,0.6385129439350005,False,False,0.5466666666666669,0.7600000000000002,0.21333333333333337,False,0.002408283934411214,0.03439644938479544,0.12857786952564831,127.072708129883,False
JFYQRVBFTIWYAP,0.24908670266335778,False,False,0.026666666666666616,0.28,0.2533333333333334,False,0.023422920137827416,0.16200512673721973,-0.7352055496118998,509.0743255615235,False
JJAPPCJXQFKMJL,0.7959930148570024,False,False,0.7733333333333334,0.8933333333333335,0.1200000000000001,False,0.004009760634585374,0.2120292731405988,-0.6318325093720362,363.0973,False
JMXKCYUTURMERF,-0.25214521347421703,False,False,-0.5066666666666666,-0.19999999999999996,0.30666666666666664,False,0.014171267713471112,0.15651280249434943,0.5235740250647962,282.279388427734,False
JNGVJMBLXIUVRD,-0.37721436454519514,False,False,-0.43999999999999995,-0.2666666666666666,0.17333333333333334,False,0.007682965452561396,0.08682246075987193,0.38905225977207186,390.106231689453,False
JRBJSXQPQWSCCF,1.152346314508965,False,False,1.106666666666667,1.1866666666666665,0.07999999999999963,False,0.001443996038857139,0.17948353363177372,-0.5813946829359457,245.1285,False
JRBPAEWTRLWTQC,0.7880278010634144,False,False,0.7600000000000002,0.8133333333333335,0.05333333333333323,False,0.006411438479958118,0.18467187927230652,-0.49539080513791767,186.2216,False
JRWZLRBJNMZMFE,-0.20287445190219372,False,False,-0.28,-0.14666666666666672,0.1333333333333333,False,0.0013295090039812613,0.13676321257869745,0.49032036839006116,302.17529296875,False
JTMLMJOBCBXFES,-0.6066666666666667,False,False,-0.88,-0.56,0.31999999999999995,False,0.002788543609265744,0.053076374947543116,0.1754184525129585,506.060791015625,False
JWAZRIHNYRIHIV,1.4021178943254715,False,False,1.2533333333333334,1.4933333333333336,0.2400000000000002,False,0.002674182549027512,0.09990463482520535,-0.36565846816242553,145.0648,False
JWYUFVNJZUSCSM,1.5305926470096993,False,False,1.4533333333333336,1.5733333333333333,0.11999999999999966,False,0.0021066534959298315,0.14319402385985544,-0.5113568633076224,134.0713,False
KCFYEAOKVJSACF,0.4261553816777505,False,False,0.3999999999999999,0.4533333333333336,0.05333333333333368,False,0.00668515828612345,0.20670054042487,-0.7933425710398485,477.084411621094,False
KIEDNEWSYUYDSN,0.03740923233353979,False,False,0.01333333333333342,0.06666666666666665,0.05333333333333323,False,0.03719348829646105,0.1365024456860278,0.4420707872481404,240.0786,False
KJCVRFUGPWSIIH,1.0287726335139318,False,False,1.0,1.12,0.1200000000000001,False,0.023551371592802565,0.06893282599928713,0.007686792649114205,145.0648,False
KQSABULTKYLFEV,1.5802667438005937,False,False,1.5333333333333337,1.6,0.06666666666666643,True,0.000404476720525687,0.17111824851955548,-0.606628953343559,159.0917,False
KRMDCWKBEZIMAB,0.2498546421235926,False,False,0.21333333333333337,0.28,0.06666666666666665,False,0.02075235284001004,0.08660175889000735,0.1909282197772721,278.190460205078,False
KRZUZYJEQBXUIN,-0.8097419115651937,False,False,-1.0533333333333332,-0.7333333333333334,0.31999999999999984,False,0.00591918980402492,0.2818579462516498,1.1771001937348275,280.073669433594,False
KTALPKYXQZGAEG,1.168592231428155,False,False,1.12,1.3066666666666666,0.18666666666666654,False,0.007160868814046839,0.18271151586292683,-0.5457071305412512,255.0838,False
KWEQCWXCFQWUQU,0.13236364299119535,False,False,0.10666666666666669,0.14666666666666672,0.040000000000000036,False,0.0452951425445088,0.11579027877892464,-0.08846214110072398,370.186676025391,False
LAKWINYVWJPHQW,0.33241020398092125,False,False,0.30666666666666664,0.3733333333333333,0.06666666666666665,False,0.021914835821823506,0.0706367513644255,-0.034083771202154445,324.1594,False
LBGPXIPGGRQBJW,0.9155069596314401,False,False,0.8933333333333335,0.96,0.06666666666666643,False,0.013247176440891517,0.11743710786180386,-0.2293346256565728,249.13786315918,False
LCSDQFNUYFTXMT,0.9315010847129777,False,False,0.8933333333333335,0.9866666666666668,0.09333333333333327,False,0.006283094721650762,0.10498128327569878,-0.20553430960175034,273.076171875,False
LESVOLZBIFDZGS,-0.6698873873403691,False,False,-0.7333333333333334,-0.48,0.2533333333333334,False,0.0014267482899948962,0.0456751264235885,0.27037050482775504,288.048980712891,False
LKPQNZRGGNOPPU,1.159398630380761,False,False,1.12,1.1866666666666665,0.06666666666666643,False,0.0017327025365019744,0.12956901721155456,-0.391700291798458,293.081237792969,False
LLEMOWNGBBNAJR,1.2618077430821226,False,False,1.2133333333333334,1.3466666666666667,0.1333333333333333,False,0.007569743418079229,0.11450247636086042,-0.3618017929083821,171.0804,False
LLYYNOVSVPBRGV,-1.3243481435615945,False,False,-1.4400000000000002,-1.24,0.20000000000000018,False,0.005511532103583474,0.05557986007668248,0.30986144454451026,565.366516113281,False
LOUPRKONTZGTKE,0.35030063348415147,False,False,0.30666666666666664,0.3733333333333333,0.06666666666666665,False,0.023702988280409475,0.07976485644470627,0.06038774270552144,325.1911,False
LQOLIRLGBULYKD,-0.6066666666666667,False,False,-0.8400000000000001,-0.56,0.28,False,0.0020140870808019826,0.10120040827036192,0.4661730784372251,436.072845458984,False
LVQDKIWDGQRHTE,0.34375704100658,False,False,0.30666666666666664,0.3733333333333333,0.06666666666666665,False,0.012668203805053908,0.111925686491833,0.33592990245600485,167.10400390625,False
MCWXGJITAZMZEV,0.060713385738409516,False,False,0.01333333333333342,0.10666666666666669,0.09333333333333327,False,0.00888634935890941,0.08285932752727576,-0.23471182826065468,230.006958007813,False
MJEXYQIZUOHDGY,-0.5220172751463793,False,False,-1.3333333333333335,-0.5066666666666666,0.8266666666666669,False,0.09418621404194555,0.157687078011204,0.11302513153481442,489.228210449219,True
MLBZKOGAMRTSKP,-0.11003431836672126,False,False,-0.14666666666666672,-0.05333333333333323,0.09333333333333349,False,0.02045678543829221,0.08497402719929271,-0.2099945386172201,556.062683105469,False
MWBPRDONLNQCFV,-0.4004520296591293,False,False,-0.64,-0.32000000000000006,0.31999999999999995,False,0.00534161336151984,0.08416094352398555,0.25912693774116347,304.00927734375,False
MWKVXOJATACCCH,0.434600595824037,False,False,0.41333333333333355,0.4533333333333336,0.040000000000000036,False,0.033294040449591736,0.10519229693767117,-0.07942652958812746,296.1281,False
MXHTZQSKTCCMFG,-0.4390030698686216,False,False,-0.5733333333333333,-0.30666666666666664,0.2666666666666666,False,0.0018479958959887832,0.23047127269765938,0.8775523792882576,288.1747,False
MXWJVTOOROXGIU,0.34320038785938256,False,False,0.30666666666666664,0.3733333333333333,0.06666666666666665,False,0.015011902199395417,0.06681507221343774,0.05606419235028681,216.101272583008,False
MYSWGUAQZAJSOK,0.9869148353419845,False,False,0.9199999999999999,1.0266666666666668,0.10666666666666691,False,0.00040421215279894476,0.20825916204500694,-0.6205050917940401,332.140747070313,False
MZZBPDKVEFVLFF,0.3346782131754389,False,False,0.32000000000000006,0.3600000000000001,0.040000000000000036,False,0.024120086873554915,0.0827474249938361,-0.0630267762560115,241.096313476563,False
NDNUANOUGZGEPO,0.32780534335723793,False,False,0.28,0.3600000000000001,0.08000000000000007,False,0.008977387351298811,0.1508899498137707,0.42525629252451974,128.143402099609,False
NESVMZOPWPCFAU,-0.18765267584778159,False,False,-0.24,-0.14666666666666672,0.09333333333333327,False,0.0014000991273862488,0.04236873580441434,-0.11758903835448184,548.287231445313,False
NEYKRKVLEWKOBI,-0.886293424376074,False,False,-1.1333333333333333,-0.52,0.6133333333333333,False,0.04812043723072004,0.11158068172490676,0.42331666628785214,505.223327636719,True
NFACJZMKEDPNKN,-0.1696185563518795,False,False,-0.22666666666666657,-0.1333333333333333,0.09333333333333327,False,0.008592211602035056,0.10888371874137638,0.3098204626923846,256.930114746094,False
NFGXHKASABOEEW,-0.5189276876773026,False,False,-0.56,-0.4666666666666668,0.09333333333333327,False,0.003353579622233787,0.06095636510308125,0.27069433379794794,311.257446289063,False
NHDHVHZZCFYRSB,-0.6066666666666667,False,False,-0.8533333333333334,-0.56,0.29333333333333333,False,0.005427307598504879,0.22629153594016813,0.921419767160892,322.1438,False
NIBCDDKWFDEBEP,-0.5224458522113918,False,False,-1.32,-0.5066666666666666,0.8133333333333335,False,0.07302239177525534,0.12839516624593078,-0.06005840589693412,566.2544,True
NJDBZBVQIMZWPP,0.5293519125653164,False,False,0.5066666666666668,0.5466666666666669,0.040000000000000036,False,0.05159890173592899,0.22168700594498847,-0.6220960283725926,383.2442,False
NJPQAIBZIHNJDO,0.1482173134464127,False,False,0.1333333333333333,0.33333333333333326,0.19999999999999996,False,0.08071027944530619,0.16682729253692274,-0.12272755449806577,254.2478,False
NJYZCEFQAIUHSD,0.5020450409967965,False,False,0.33333333333333326,0.52,0.18666666666666676,False,0.02202332702869239,0.14636970676612635,0.28604784956349905,126.077812194824,False
NKANXQFJJICGDU,-1.0965903737105915,False,False,-1.3333333333333335,-0.8933333333333334,0.44000000000000006,False,0.024792107756087808,0.2061329261145039,1.1440651026309163,372.232452392578,False
NOQVBHHOUTTZGE,-0.07620071273454553,False,False,-0.09333333333333327,-0.040000000000000036,0.05333333333333323,False,0.04143269528170947,0.09930702849486854,0.1895479792933762,350.160247802734,False
NPWMZOGDXOFZIN,0.5021065191618519,False,False,0.48,0.52,0.040000000000000036,False,0.016656028169893103,0.13029699445351295,-0.4195362403024845,256.159271240234,False
NQCPECCCWDWTJJ,0.4851185716893674,False,False,0.4533333333333336,0.52,0.06666666666666643,False,0.0016106728323427733,0.04100539273471689,0.05699665890088751,182.12890625,False
NQPDXQQQCQDHHW,0.8888978132045854,False,False,0.7866666666666666,0.9733333333333336,0.18666666666666698,False,0.004496215467612883,0.19715018926532824,-0.6292974515517896,358.957824707031,False
NQRFDNJEBWAUBL,0.18634114972008453,False,False,0.14666666666666672,0.3600000000000001,0.21333333333333337,False,0.0031569289853187778,0.10677205053554512,-0.2976873592951318,321.084045410156,False
NYPJDWWKZLNGGM,-1.0537803948717528,False,False,-1.1600000000000001,-0.8933333333333334,0.2666666666666667,False,0.0014150046186524627,0.1604528990649076,0.9120345591791366,437.16276550293,False
OCQDPIXQTSYZJL,0.8641234980246062,False,False,0.8399999999999999,1.0266666666666668,0.18666666666666698,False,0.013458547899336,0.26957783090035015,-0.8134956071522343,351.205841064453,False
ODCWYMIRDDJXKW,0.6566446734942539,False,False,0.48,0.7066666666666666,0.22666666666666657,False,0.006574528843615484,0.05327020938006427,-0.2191652987949766,202.085250854492,False
OFVLGDICTFRJMM,-1.381020396992098,False,False,-1.4400000000000002,-1.1466666666666667,0.29333333333333345,False,0.0032411911883801344,0.21933664829445707,1.3107502114331395,445.161804199219,False
OMNKZBIFPJNNIO,0.03195266592044087,False,False,0.0,0.053333333333333455,0.053333333333333455,False,0.056130169523680974,0.12619582212530667,0.36514449753217904,170.1176,False
OQIQSTLJSLGHID,0.9538030751823182,False,False,0.8933333333333335,1.0,0.10666666666666647,False,0.0017429015129181164,0.14170256875726903,-0.41606905573157094,313.0710144042965,False
OSUHJPCHFDQAIT,0.15723141427232723,False,False,0.10666666666666669,0.28,0.17333333333333334,False,0.001640323213876662,0.01972098906656867,0.029103676900702924,373.095,False
OWDLFBLNMPCXSD,0.405101542081413,False,False,0.2266666666666668,0.42666666666666675,0.19999999999999996,False,0.012166301215806877,0.052787407837273315,-0.11056249080340175,282.089294433594,False
OXEUETBFKVCRNP,1.4495639356541286,False,False,1.4,1.6,0.20000000000000018,True,0.004297162099168196,0.16175391027746985,-0.5325314681199607,211.123,False
PBUNVLRHZGSROC,-0.1957648430261364,False,False,-0.3866666666666667,-0.1333333333333333,0.2533333333333334,False,0.0037777462227753596,0.03908020771791679,-0.21593166068100833,578.333801269531,False
PFRYFZZSECNQOL,0.11589091758048431,False,False,0.06666666666666665,0.2533333333333334,0.18666666666666676,False,0.0043766024392316305,0.15178407402871713,0.48598850400883586,226.1339,False
PGOOBECODWQEAB,0.03198569549646637,False,False,0.0,0.06666666666666665,0.06666666666666665,False,0.013012899699993627,0.07920209964065927,0.11496859556840186,250.016220092773,False
PHVGLTMQBUFIQQ,0.2526510863062491,False,False,0.21333333333333337,0.28,0.06666666666666665,False,0.03853708736700198,0.13993393699388373,0.25530072507893975,264.174957275391,False
PKTIFYGCWCQRSX,0.5057843534456984,False,False,0.48,0.5333333333333332,0.05333333333333323,False,0.003166862312053752,0.054952125104987835,0.07522422906609405,191.1040878295895,False
PPDBOQMNKNNODG,-1.3824353999619885,False,False,-1.4266666666666667,-1.1600000000000001,0.2666666666666666,False,0.012729626705422811,0.3428464377528872,1.7239338596517573,318.136962890625,False
PQVSFJDPIWTHNX,0.13329749888891237,False,False,0.1200000000000001,0.14666666666666672,0.026666666666666616,False,0.05036659701333372,0.12154405116379521,-0.1509217430777978,388.152679443359,False
PSOVNZZNOMJUBI,0.02290961660327484,False,False,-0.040000000000000036,0.08000000000000007,0.1200000000000001,False,0.007404459796386286,0.07086106232993654,-0.21349622316669137,481.978546142578,False
PTOAARAWEBMLNO,0.023466040175610096,False,False,-0.01333333333333342,0.053333333333333455,0.06666666666666687,False,0.022778358151425947,0.18561654206782244,0.512193153007279,286.0701,False
PUFYZCKVLOYPHL,0.14899228998418468,False,False,0.1333333333333333,0.18666666666666676,0.053333333333333455,False,0.013244287859384949,0.08955376494342601,-0.13171078826295268,395.233123779297,False
PUXBGTOOZJQSKH,0.7223807339260878,False,False,0.6933333333333334,0.8799999999999999,0.18666666666666654,False,0.03352850950091279,0.08399131684080856,-0.027186740950375765,274.062835693359,False
QCHFTSOMWOSFHM,0.5138047186154567,False,False,0.4933333333333332,0.5466666666666669,0.05333333333333368,False,0.004174196238096462,0.0351283978422192,0.03166699230375147,209.128570556641,False
QGWIQIAWOCJRPI,-1.6,True,False,-1.6,-1.5866666666666667,0.01333333333333342,True,0.00723179014915313,0.07710444683129976,0.287038287297255,757.3629,False
QHMTXANCGGJZRX,0.04589022330418934,False,False,0.01333333333333342,0.10666666666666669,0.09333333333333327,False,0.015555219354848542,0.09130424104991273,0.372186034992388,218.1036,False
QJACRCAPQIYMIH,-0.1806043060538418,False,False,-0.21333333333333337,0.0,0.21333333333333337,False,0.03467560606675549,0.18319942906656095,0.6488675864892538,164.0473,False
QJVOZXGJOGJKPT,0.045402288830392046,False,False,0.0,0.09333333333333327,0.09333333333333327,False,0.0008185634670077822,0.09575375153848548,0.35240496685537,233.1650390625,False
QLHULAHOXSSASE,-0.12143094561405046,False,False,-0.17333333333333334,0.026666666666666616,0.19999999999999996,False,0.005922577951919356,0.1070415482453537,0.4277350391137744,230.1751,False
QNXAVFXEJCPCJO,-0.3961849968916481,False,False,-0.45333333333333337,-0.30666666666666664,0.14666666666666672,False,0.008812008196702687,0.10838096791001292,0.40690677784480955,405.9938,False
QPFYXYFORQJZEC,0.5023182719500893,False,False,0.48,0.52,0.040000000000000036,False,0.027726959326729226,0.11157882767149142,0.12868408028436196,214.1087,False
QPQKUYVSJWQSDY,0.22413697386490983,False,False,0.09333333333333327,0.2666666666666666,0.17333333333333334,False,0.008710424722977686,0.16112925409682805,0.47376245015717,198.1026,False
QQGLQYQXUKHWPX,-1.1144240592403254,False,False,-1.2933333333333334,-0.9333333333333333,0.3600000000000001,False,0.0004933871475462676,0.11065404795145492,0.7405680950060902,410.057708740234,False
QTDRLOKFLJJHTG,-0.2633229780595542,False,False,-0.3600000000000001,-0.15999999999999992,0.20000000000000018,False,0.0014712787908177823,0.18434488820443637,0.6810361473897466,252.159545898438,False
QVYOXJXCZNKVGZ,-0.07781809329522053,False,False,-0.2666666666666666,-0.040000000000000036,0.22666666666666657,False,0.04209978658269946,0.09406349081992511,0.029253716930326787,404.147430419922,False
QZXATCCPQKOEIH,-0.6066666666666667,False,False,-0.8266666666666667,-0.56,0.2666666666666666,False,0.007224752534521666,0.20760400578259128,0.8311636241570319,360.0373,False
RAOCRURYZCVHMG,0.8615405548600797,False,False,0.8000000000000003,0.9066666666666667,0.10666666666666647,False,0.0022793748648258024,0.1234868539062541,-0.3743568967258587,250.118453979492,False
RFHAOTPXVQNOHP,0.0875492374224791,False,False,0.01333333333333342,0.1333333333333333,0.11999999999999988,False,0.0011837448680154263,0.11521354710156245,0.3837703118323825,307.1113,False
RHYOZHJMMSHYAZ,0.002680549790995766,False,False,-0.14666666666666672,0.06666666666666665,0.21333333333333337,False,0.0008319431300570276,0.08331359954462106,0.24093826298417595,205.15483093261705,False
RIZMRRKBZQXFOY,-0.8010244954496821,False,False,-0.9066666666666667,-0.68,0.22666666666666668,False,0.0014798121828177282,0.05746611236624942,-0.3260627410507244,384.9949,False
RQVGAIADHNPSME,-0.8505320182421963,False,False,-1.0666666666666669,-0.7066666666666667,0.3600000000000002,False,0.0012412422946772139,0.08202927302075759,0.48911275266752186,368.026397705078,False
RQVYBGPQFYCBGX,0.5039542670111223,False,False,0.32000000000000006,0.52,0.19999999999999996,False,0.03558215902326606,0.10179717549706745,-0.3095837487372082,228.12776184082,False
RWQKHEORZBHNRI,0.2551361491620893,False,False,0.19999999999999996,0.29333333333333345,0.09333333333333349,False,0.018328552532010288,0.07229820596041973,-0.23089714156859314,404.089904785156,False
RYHBNJHYFVUHQT,0.4288689901740788,False,False,0.41333333333333355,0.43999999999999995,0.026666666666666394,False,0.07464094896166869,0.18822777684783132,0.46139620946297727,89.0597152709961,False
RYLHNOVXKPXDIP,-0.8136655519973839,False,False,-1.08,-0.7333333333333334,0.3466666666666667,False,0.0069238379864208595,0.19573255307920395,0.8682939926770141,489.043731689453,False
RYVIXQCRCQLFCM,-0.0782468288436088,False,False,-0.10666666666666669,-0.040000000000000036,0.06666666666666665,False,0.015201188119334637,0.057380109221108304,-0.01904083707249736,431.1197,False
RZJQGNCSTQAWON,0.6787643924143516,False,False,0.6000000000000001,0.7200000000000002,0.1200000000000001,False,0.014198597041883464,0.13774741343903177,-0.49564172348814384,315.068634033203,False
SAHHMCVYMGARBT,0.695420045689238,False,False,0.6533333333333333,0.7333333333333334,0.08000000000000007,False,0.03642137744082917,0.09942491313538906,-0.11700191809811467,257.165069580078,False
SCABKEBYDRTODC,-1.3929449668369043,False,False,-1.6,-1.3066666666666666,0.29333333333333345,True,0.0009029766799960814,0.06658821663051036,0.42774001605518674,435.2952,False
SEALOBQTUQIVGU,-0.17255797628928132,False,False,-0.28,-0.1333333333333333,0.14666666666666672,False,0.004019153143212458,0.04424773878326052,-0.16172526186204544,564.318359375,False
SGUAFYQXFOLMHL,-0.22258541818135433,False,False,-0.2533333333333334,-0.040000000000000036,0.21333333333333337,False,0.008016758931992485,0.0960570538914225,0.36765844973296014,329.186,False
SNICXCGAKADSCV,0.844218745165557,False,False,0.8133333333333335,0.8799999999999999,0.06666666666666643,False,0.019264160140049346,0.06984287814810093,-0.07574474118824792,163.123062133789,False
SPFYMRJSYKOXGV,0.5275993667501344,False,False,0.5066666666666668,0.56,0.05333333333333323,False,0.006167876170210284,0.11567771183749315,-0.2991895354964913,360.171936035156,False
SYJFEGQWDCRVNX,1.2665312326188496,False,False,1.2133333333333334,1.3733333333333335,0.16000000000000014,False,0.004809095827450499,0.1210009652121745,-0.3983445332529989,184.099670410156,False
TVLSRXXIMLFWEO,-0.5526035050952779,False,False,-0.88,-0.52,0.36,False,0.010730491257400608,0.1502279069452185,0.5741066169531338,376.0381,False
TWBPWBPGNQWFSJ,1.3765066548993554,False,False,1.2400000000000002,1.44,0.19999999999999973,False,0.0020890016512048627,0.138136158996467,-0.4812071990882335,170.096160888672,False
TWFZGCMQGLPBSX,1.140022362559809,False,False,1.04,1.1866666666666665,0.1466666666666665,False,0.009350370352991603,0.14401924450455947,-0.3865964091611298,192.0768,False
TXUZVZSFRXZGTL,-0.5254486634555331,False,False,-0.88,-0.5066666666666666,0.3733333333333334,False,0.05276763157633826,0.18664660971225672,0.5397269164314962,388.227294921875,False
UAIUNKRWKOVEES,1.275274159865893,False,False,1.1600000000000001,1.4133333333333336,0.2533333333333334,False,0.0030580484562615006,0.20159263552215168,-0.6326662596710131,241.1699,False
UDKABVSQKJNZBH,0.040766148022971384,False,False,0.0,0.08000000000000007,0.08000000000000007,False,0.011417051361943183,0.07686416687705204,-0.18118194638494386,397.2373,False
UFEODZBUAFNAEU,-0.5077539820391788,False,False,-0.5333333333333334,-0.45333333333333337,0.08000000000000007,False,0.006563189711194841,0.08129947484688028,0.41703989715554113,459.0866,False
UHJFDRHZOBLJTP,-0.0774142293987615,False,False,-0.10666666666666669,-0.040000000000000036,0.06666666666666665,False,0.035165712370085846,0.08628949344581403,0.028848897179862026,404.147644042969,False
UIKROCXWUNQSPJ,0.5453887771278811,False,False,0.5066666666666668,0.6000000000000001,0.09333333333333327,False,0.007186137433633788,0.05559084979096244,0.1481491925852757,177.1022,False
UIOFUWFRIANQPC,-0.7394685022107245,False,False,-0.92,-0.6666666666666667,0.2533333333333333,False,0.001922936461034898,0.11693050494330096,0.5804142706419134,454.063720703125,False
UJYGDMFEEDNVBF,-0.27715836687511125,False,False,-0.43999999999999995,-0.17333333333333334,0.2666666666666666,False,0.000681563399616504,0.020872605060869163,-0.07871224012347139,562.302947998047,False
UPSPUYADGBWSHF,-0.18473034599019222,False,False,-0.24,-0.14666666666666672,0.09333333333333327,False,0.011451016412842093,0.19020266457816895,0.6427730522926721,258.112426757813,False
UURAUHCOJAIIRQ,-1.1008196901143799,False,False,-1.1600000000000001,-0.8666666666666667,0.29333333333333345,False,0.0026536110104543147,0.0397703977519772,0.31351349683132246,494.329803466797,False
UWFYSQMTEOIJJG,-0.17018625597315828,False,False,-0.24,-0.11999999999999988,0.1200000000000001,False,0.0003223356494543671,0.032113668949204886,0.08176094269920531,417.1827,False
UWYHMGVUTGAWSP,-0.6833558382364546,False,False,-0.88,-0.56,0.31999999999999995,False,0.0010687739318286289,0.12711881757758953,0.6336027848585819,402.111633300781,False
VEZUQRBDRNJBJY,0.5334158829649782,False,False,0.5066666666666668,0.56,0.05333333333333323,False,0.009054758400134087,0.10769327436907108,0.27623391963445054,114.091293334961,False
VJYFKVYYMZPMAB,0.03435165120956673,False,False,0.0,0.08000000000000007,0.08000000000000007,False,0.008486438888813062,0.0776203448792202,-0.2515804730987816,243.063613891602,False
VOVIALXJUBGFJZ,-0.37967778451583084,False,False,-0.4666666666666668,-0.28,0.18666666666666676,False,0.0007427748067645637,0.05201945254822085,0.22622732375145588,431.2428,False
VXTGHWHFYNYFFV,0.6949269498616747,False,False,0.6400000000000001,0.7333333333333334,0.09333333333333327,False,0.007261297199704302,0.13829005347331977,-0.4530896493883768,282.090637207031,False
VYNOULHXXDFBLU,-0.2811951352661891,False,False,-0.43999999999999995,-0.15999999999999992,0.28,False,0.004308164957794279,0.1531111026401323,0.5812984970174216,303.1261138916015,False
WDQFELCEOPFLCZ,0.862368411916753,False,False,0.8133333333333335,0.8933333333333335,0.08000000000000007,False,0.00925854463245225,0.06979672450426856,-0.18363829040944235,130.0863,False
WFFSJFFZKKRVOE,0.022415621852212804,False,False,-0.01333333333333342,0.06666666666666665,0.08000000000000007,False,0.006592847222427502,0.04618177214990081,0.05289188775196473,359.185241699219,False
WPCVRWVBBXIRMA,0.9118178905789354,False,False,0.8933333333333335,0.9466666666666668,0.05333333333333323,False,0.011715747254476463,0.14569872837392844,-0.4036795734219861,331.0814514160155,False
WPPOGHDFAVQKLN,0.5102896041730763,False,False,0.4933333333333332,0.5333333333333332,0.040000000000000036,False,0.023844653371688104,0.09644380773537947,-0.17907857803995275,198.1852,False
WTPBIYSMFKUQKY,0.575869907044003,False,False,0.5066666666666668,0.7066666666666666,0.19999999999999973,False,0.004601173570661109,0.0675665254259898,-0.1458242841110602,240.079986572266,False
WTPSHLVHJOJDIF,0.9176669518046375,False,False,0.9066666666666667,0.96,0.05333333333333323,False,0.022774761689385366,0.18468905238096417,-0.42410623002598735,269.0607,False
WUZNHSBFPPFULJ,0.32945498771500836,False,False,0.30666666666666664,0.3600000000000001,0.053333333333333455,False,0.019897270795086637,0.06719226256367258,-0.026538818062554093,253.0963,False
WVLAAKXASPCBGT,0.07850493692253323,False,False,0.026666666666666616,0.18666666666666676,0.16000000000000014,False,0.0054747815933129836,0.033517456561078914,0.010478022520134203,390.177459716797,False
WVVSZNPYNCNODU,0.6896374067504754,False,False,0.6400000000000001,0.7333333333333334,0.09333333333333327,False,0.009794038704614129,0.11515909416091348,-0.32888687575081077,326.186508178711,False
WWBNBPSEKLOHJU,-1.1002296140764385,False,False,-1.1866666666666668,-0.92,0.2666666666666667,False,0.0015960801909613049,0.11112166593468578,0.6987560311562107,426.052856445313,False
WXZVAROIGSFCFJ,-0.18756421243063237,False,False,-0.2666666666666666,-0.14666666666666672,0.11999999999999988,False,0.009463553459850702,0.16123785852382908,0.5639465529609596,272.1645,False
WYEMLYFITZORAB,0.6634647857971955,False,False,0.5866666666666669,0.7200000000000002,0.1333333333333333,False,0.007597337108333483,0.08792051216016071,-0.29966957184733023,343.0399,False
XCGSFFUVFURLIX,-0.3979255944191844,False,False,-0.4666666666666668,-0.29333333333333345,0.17333333333333334,False,0.0025340786010378527,0.03900991264491549,0.1218043522580956,582.271545410156,False
XFCLJVABOIYOMF,-1.3191956511296896,False,False,-1.36,-1.2533333333333334,0.10666666666666669,False,0.025855805173830834,0.19574555089888288,1.2452965852054303,406.193328857422,False
XGVJWXAYKUHDOO,0.4966970028543091,False,False,0.4666666666666668,0.52,0.05333333333333323,False,0.009529076935336675,0.07059912953444143,0.07616213800693278,288.123352050781,False
XJOOMMHNYOJWCZ,1.0141154220855202,False,False,0.9866666666666668,1.04,0.05333333333333323,False,0.012270527258435757,0.0950334326357883,-0.2577283879856942,239.154449462891,False
XLDBGFGREOMWSL,0.02445544061203498,False,False,-0.01333333333333342,0.06666666666666665,0.08000000000000007,False,0.00880637370581594,0.05601772637553661,-0.06825117860675745,363.279357910156,False
XOGPDSATLSAZEK,1.185646000989019,False,False,1.1600000000000001,1.2266666666666666,0.06666666666666643,False,0.0012724818123492783,0.15875367389971876,-0.43440056606744104,224.0706,False
XPAZGLFMMUODDK,1.2753250255517046,False,False,1.2266666666666666,1.44,0.21333333333333337,False,0.0055941634568772575,0.15104421330793644,-0.43439913486549453,164.0455,False
XRJLAOUDSILTFT,1.140941431305332,False,False,1.0,1.1733333333333333,0.17333333333333334,False,0.0023706946973510844,0.09254345873624013,-0.3205838015643432,174.091400146484,False
XTKDAFGWCDAMPY,-0.18379561380457163,False,False,-0.22666666666666657,-0.1333333333333333,0.09333333333333327,False,0.0016960811906297367,0.10726457756658048,0.3848332615933644,328.182037353516,False
XZWYZXLIPXDOLR,0.257390210149943,False,False,0.21333333333333337,0.42666666666666675,0.21333333333333337,False,0.006319017123945539,0.10550918199918588,0.3032303812208763,130.109069824219,False
YBJHBAHKTGYVGT,0.5267553684132045,False,False,0.5066666666666668,0.5466666666666669,0.040000000000000036,False,0.02016966783493679,0.13446750854663983,-0.38331953085165904,245.0954,False
YCBKSSAWEUDACY,0.09299078621847916,False,False,-0.10666666666666669,0.1200000000000001,0.2266666666666668,False,0.005607443101027265,0.06393947726732427,0.0844793651564348,331.22673034668003,False
YDOTUXAWKBPQJW,-0.2951203897255294,False,False,-0.45333333333333337,-0.19999999999999996,0.2533333333333334,False,0.0007461964817447539,0.022590872007629135,-0.13816443868287692,576.318603515625,False
YFAGHNZHGGCZAX,-0.8096632742206729,False,False,-0.9066666666666667,-0.68,0.22666666666666668,False,0.0025662040991210693,0.1056783406689596,0.579150079974057,470.034027099609,False
YIJZJEYQBAAWRJ,0.5071977172787469,False,False,0.48,0.5733333333333333,0.09333333333333327,False,0.005451492902664667,0.2050699394543628,-0.6154559398803688,397.1004,False
YJFCKXVXEKHSEC,-0.17573701919456583,False,False,-0.29333333333333345,-0.1333333333333333,0.16000000000000014,False,0.00846302762719344,0.24995994910097954,0.8518897113219391,264.1019,False
YJQZYXCXBBCEAQ,-0.19898366606193804,False,False,-0.2533333333333334,-0.05333333333333323,0.20000000000000018,False,0.0016468282849311628,0.12278448284272026,0.4864302653026682,302.175140380859,False
YKBZOVFACRVRJN,-0.1540190332047238,False,False,-0.21333333333333337,-0.10666666666666669,0.10666666666666669,False,0.004673169681138844,0.12854480482210065,0.4819367821229711,203.1139,False
YLJREFDVOIBQDA,1.6,False,True,1.5733333333333333,1.6,0.02666666666666684,True,0.009013113178231703,0.2349520601088033,-0.7206216705787336,199.123,False
YMDXZJFXQJVXBF,0.42866258761778675,False,False,0.3999999999999999,0.4533333333333336,0.05333333333333368,False,0.014676412579156722,0.09285975367360756,0.17426054747768072,139.015548706055,False
YNDXUCZADRHECN,-0.17773411609947978,False,False,-0.2666666666666666,-0.1333333333333333,0.1333333333333333,False,0.0010095281105820654,0.041856999835496435,0.10765950723078102,435.217620849609,False
YOVRGSHRZRJTLZ,0.14210889106069888,False,False,0.1200000000000001,0.17333333333333334,0.05333333333333323,False,0.008083923890721661,0.04633002103765278,-0.026128991797682993,345.206207275391,False
YREQHYQNNWYQCJ,-0.15378609829547848,False,False,-0.22666666666666657,-0.01333333333333342,0.21333333333333315,False,0.0016666537001578622,0.05032250399043886,0.22076199548566042,377.2111,False
YYWXOXLDOMRDHW,-0.37218553829406054,False,False,-0.4933333333333334,-0.2666666666666666,0.2266666666666668,False,0.0006479022580467666,0.013889178978212449,-0.06109929011434578,576.318603515625,False
ZCNQYNHDVRPZIH,0.013287206160296426,False,False,-0.09333333333333327,0.10666666666666669,0.19999999999999996,False,0.008343587131804098,0.06333557960265591,-0.24486684885063492,404.030242919922,False
ZETBBVYSBABLHL,-0.2535101375056245,False,False,-0.29333333333333345,-0.11999999999999988,0.17333333333333356,False,0.006867704791549408,0.12494690501015614,0.43336203956630087,429.1533,False
ZKLXUUYLEHCAMF,-0.7968790292884719,False,False,-0.8666666666666667,-0.5733333333333333,0.29333333333333345,False,0.01605178633033817,0.2806041194873518,1.2590141936335377,298.143951416016,False
ZLCUIOWQYBYEBG,1.1708134097894833,False,False,1.146666666666667,1.2000000000000002,0.05333333333333323,False,0.004222713344886961,0.16206840037928624,-0.46848421116240135,238.0863,False
ZMBHCYHQLYEYDV,0.9082003735168811,False,False,0.8933333333333335,0.9199999999999999,0.026666666666666394,False,0.12102635381476887,0.4886792736568032,-1.7120551249969824,387.375152587891,False
ZNNLBTZKUZBEKO,-0.6669501830454433,False,False,-0.88,-0.52,0.36,False,0.0012252901445644377,0.022440838818193722,0.11736947809111775,494.1511,False
ZPAKPRAICRBAOD,0.2540058408402812,False,False,0.19999999999999996,0.30666666666666664,0.10666666666666669,False,0.003863909599482865,0.06512960866248765,0.197562387840456,255.101409912109,False
ZZYSLNWGKKDOML,0.1271629332758766,False,False,0.10666666666666669,0.14666666666666672,0.040000000000000036,False,0.033388395235725614,0.09912734066804381,0.0592058371603956,334.1681,False
ACWBQPMHZXGDFX,0.010458764856637388,False,False,-0.026666666666666616,0.053333333333333455,0.08000000000000007,False,0.007525032523733278,0.07055166118987691,-0.23985295985172067,436.235198974609,False
ADWTYURAFSWNSU,0.40903420621159853,False,False,0.3600000000000001,0.4533333333333336,0.09333333333333349,False,0.0016204759953407529,0.021351855415249744,0.02259489714635593,212.058654785156,False
AEKQMJRJRAHOAP,0.13961656875993853,False,False,0.1333333333333333,0.2266666666666668,0.09333333333333349,False,0.035559542650437675,0.1349178386851861,0.44697858450330563,294.1601,False
AEOCXXJPGCBFJA,1.2860090020206958,False,False,1.1733333333333333,1.3733333333333335,0.20000000000000018,False,0.001027641882118883,0.21242526414499635,-0.7199496662146284,167.0637,False
AHIPJALLQVEEQF,0.2442676790561704,False,False,0.18666666666666676,0.3466666666666667,0.15999999999999992,False,0.0009660385372166531,0.014653666678056756,0.015146760801500375,278.138687133789,False
ALRRPAKWGUBPBK,0.13156964589832162,False,False,0.10666666666666669,0.15999999999999992,0.05333333333333323,False,0.03167987545322767,0.1576691723382333,-0.37767877062463706,396.093566894531,False
ANJTVLIZGCUXLD,0.6988103287462156,False,False,0.56,0.7600000000000002,0.20000000000000018,False,0.006252413679677254,0.03576972630340417,-0.014229413887507425,191.117904663086,False
ASXBYYWOLISCLQ,-0.3629039142211136,False,False,-0.5066666666666666,-0.24,0.2666666666666666,False,0.007159038574266866,0.05049044820668651,-0.17567656261615855,584.2888793945315,False
AXMBYGGSBXWTEY,0.6196372443763936,False,False,0.56,0.7333333333333334,0.17333333333333334,False,0.00024852145741855006,0.11516629667279597,-0.3142616879348976,249.04833984375,False
AYEAUPRZTZWBBF,0.2634913610868903,False,False,0.2266666666666668,0.3866666666666667,0.15999999999999992,False,0.02579433408744923,0.07369413372923268,0.07239092774024447,209.059097290039,False
BCTQJXQXJVLSIG,-0.013693043970635902,False,False,-0.19999999999999996,0.026666666666666616,0.22666666666666657,False,0.0035413205355649467,0.13366119950492117,0.40623786581117877,270.14892578125,False
BEOZJBLIRPRMJM,0.33285066258009743,False,False,0.21333333333333337,0.43999999999999995,0.22666666666666657,False,0.00748530585006361,0.03951052507691854,0.04705263011093752,285.1346,False
BFYIZQONLCFLEV,-0.2091471659722881,False,False,-0.28,-0.14666666666666672,0.1333333333333333,False,0.0039754200749613664,0.12649852378895174,0.43505639106214944,297.185150146484,False
BKVJOVPVLOJPKJ,-0.5995242343532574,False,False,-0.6666666666666667,-0.3999999999999999,0.26666666666666683,False,0.010002973684040685,0.047847222511241315,0.07277850926022555,307.025756835938,False
BPZSYCZIITTYBL,-0.41966385565610914,False,False,-0.52,-0.33333333333333326,0.18666666666666676,False,0.0017138952356620433,0.10935838300220874,0.4564179685133333,345.180877685547,False
BQGRVFPPZJPWPB,-0.4081265863621665,False,False,-0.48,-0.32000000000000006,0.15999999999999992,False,0.00532173205336948,0.15763205411129588,0.6150520408936443,292.1002,False
BTHCJHQOYFUIMG,0.13511795443918365,False,False,0.1200000000000001,0.15999999999999992,0.039999999999999813,False,0.028452354728901282,0.09252564716440295,-0.053146107225650524,338.196670532227,False
BUGYDGFZZOZRHP,0.6775544485408416,False,False,0.56,0.7333333333333334,0.17333333333333334,False,0.0003672521372084423,0.07469525733710478,0.16729942470812043,180.174819946289,False
CABMTIJINOIHOD,0.4546618101940001,False,False,0.41333333333333355,0.48,0.06666666666666643,False,0.0062097882602882,0.0654554566796108,-0.16235105035543773,312.1343,False
CBVCZFGXHXORBI,-1.2481632759029282,False,False,-1.4266666666666667,-0.8933333333333334,0.5333333333333333,False,0.06888737736547858,0.12418527114384986,0.4523500586148088,614.3701,True
CEAZRRDELHUEMR,-0.8922284462257802,False,False,-0.9466666666666668,-0.6266666666666667,0.32000000000000006,False,0.005242587142729047,0.09048565452567299,0.5845925240691848,478.323699951172,False
CEIZFXOZIQNICU,0.11793084742048396,False,False,0.08000000000000007,0.15999999999999992,0.07999999999999985,False,0.003981208778549347,0.08816330643202457,0.24566596947119382,198.11247253418,False
CFRPSFYHXJZSBI,-0.23168262138903697,False,False,-0.32000000000000006,-0.14666666666666672,0.17333333333333334,False,0.0008214481684691635,0.06668950845029953,0.26052657407155333,271.095733642578,False
CIFWZNRJIBNXRE,0.8779043515078635,False,False,0.8399999999999999,0.9066666666666667,0.06666666666666687,False,0.017913535900110605,0.1045637378201362,-0.36435541607744315,224.1182,False
CJPQIRJHIZUAQP,-0.502025954752935,False,False,-0.6666666666666667,-0.3600000000000001,0.30666666666666664,False,0.00175246850556814,0.15860191075169572,0.6218183354347776,326.1751,False
CKPCAYZTYMHQEX,-0.38900234634831854,False,False,-0.4666666666666668,-0.21333333333333337,0.2533333333333334,False,0.008714187086709489,0.1629242101250905,0.6461121250689603,295.040069580078,False
CNKHSLKYRMDDNQ,-0.0002551484417453788,False,False,-0.01333333333333342,0.026666666666666616,0.040000000000000036,False,0.2927195975469302,0.2638152759827966,0.17803526648459647,331.1208,False
CPEUVMUXAHMANV,0.5457775728208054,False,False,0.5333333333333332,0.5733333333333333,0.040000000000000036,False,0.03381347528088449,0.13029705859230165,-0.12331360586496776,314.093933105469,False
CULUKMPMGVXCEI,0.1325990491317689,False,False,0.1200000000000001,0.14666666666666672,0.026666666666666616,False,0.04401417045874325,0.20178205094326995,0.47950030007592126,205.133605957031,False
CXBMCYHAMVGWJQ,-0.0835921683512645,False,False,-0.11999999999999988,-0.05333333333333323,0.06666666666666665,False,0.049144543892452056,0.10037146271344716,-0.019257613968851492,332.186798095703,False
CXJSOEPQXUCJSA,0.008722771461468527,False,False,-0.05333333333333323,0.053333333333333455,0.10666666666666669,False,0.003914832855277366,0.046917813459461735,-0.15339070158069693,341.071990966797,False
CXXVJZRGOOIVOD,-1.4456514513139935,False,False,-1.6,-1.3733333333333335,0.22666666666666657,True,0.001875017751624416,0.10435720050120725,0.6845165000011186,556.3857,False
DEDOPGXGGQYYMW,-0.09794559367694575,False,False,-0.17333333333333334,-0.040000000000000036,0.1333333333333333,False,0.0035071608273114195,0.15772363823248373,0.5007966118126922,188.110321044922,False
DFPAKSUCGFBDDF,1.1890560308084768,False,False,1.146666666666667,1.3066666666666666,0.1599999999999997,False,0.0011402509482281572,0.13077591960690313,-0.40338017348452593,123.0553,False
DIZKGJLRHOCMTP,0.41117344018888763,False,False,0.3866666666666667,0.42666666666666675,0.040000000000000036,False,0.053886565778906007,0.130633402538306,0.17600961405341925,226.1226,False
DKNWSYNQZKUICI,0.8310121713050805,False,False,0.8000000000000003,0.9733333333333336,0.17333333333333334,False,0.004110418643556096,0.03679551297662218,0.11011026225860876,152.142929077148,False
DMSMPAJRVJJAGA,0.740980732990992,False,False,0.6933333333333334,0.7866666666666666,0.09333333333333327,False,0.0003390570256494303,0.051012195422075905,0.10947982958705671,152.01656341552751,False
DNUAYCRATWAJQE,0.3383813463449498,False,False,0.2666666666666666,0.3866666666666667,0.1200000000000001,False,0.004595488172786538,0.13570425189284482,-0.44839291599293646,409.0573,False
DRLFMBDRBRZALE,0.7130485151947142,False,False,0.6133333333333333,0.7466666666666666,0.1333333333333333,False,0.019394694542671335,0.08672438467746195,-0.1779338146083389,233.128646850586,False
DVXZVCNEGRKLMW,0.1333646813063,False,False,0.1200000000000001,0.14666666666666672,0.026666666666666616,False,0.08518489828042644,0.2564781327617257,-0.6836535982947506,508.3429718017581,False
FAUAZXVRLVIARB,-0.21571752013004922,False,False,-0.30666666666666664,-0.09333333333333327,0.21333333333333337,False,0.0010377965062806508,0.017585723068350406,0.04241262653319813,423.227996826172,False
FEVBMCJUKWWWBT,-1.6,True,False,-1.6,-1.6,0.0,True,0.01808444926778008,0.030151577559411866,-0.8605520210700566,986.523498535156,False
FEWPCPCEGBPTAL,0.880434324635907,False,False,0.8533333333333335,0.9066666666666667,0.05333333333333323,False,0.015959287027122175,0.09227754789461122,-0.2632883798332114,146.011688232422,False
FFQPZWRNXKPNPX,-1.1721543603334577,False,False,-1.2266666666666668,-0.9333333333333333,0.29333333333333345,False,0.0029184696698532253,0.23743660757481366,1.2539552854802842,356.127075195313,False
FMGSKLZLMKYGDP,0.06370865841047059,False,False,0.01333333333333342,0.24,0.22666666666666657,False,0.006235033531602473,0.07528694802131926,0.3253088871207873,289.216339111328,False
FOUWCSDKDDHKQP,0.12967276601762595,False,False,0.09333333333333327,0.15999999999999992,0.06666666666666665,False,0.0069199865106828375,0.07305788149319495,-0.17727703578955384,355.108917236328,False
FQEBOQLYHASAOY,1.0107780894248697,False,False,0.7866666666666666,1.0533333333333332,0.2666666666666666,False,0.03314754107696119,0.20627593158908614,-0.704706649224246,300.0353,False
FVQITOLOYMWVFU,-0.1967028904845977,False,False,-0.30666666666666664,-0.10666666666666669,0.19999999999999996,False,0.00046414455285368676,0.1547934422149725,0.5722647997047045,445.180084228516,False
GEPDYQSQVLXLEU,0.024169297797256628,False,False,0.0,0.040000000000000036,0.040000000000000036,False,0.04225683591612464,0.09323205704341149,-0.016913244870544797,225.05241394043,False
GGKQIOFASHYUJZ,0.901443588634402,False,False,0.8666666666666667,0.9199999999999999,0.05333333333333323,False,0.01573039574986437,0.21837499646010766,-0.6428595046581081,276.218505859375,False
GIIZNNXWQWCKIB,-0.3037024228365634,False,False,-0.33333333333333326,-0.2666666666666666,0.06666666666666665,False,0.028928259367054777,0.08102405576620661,-0.04084450703039605,416.279602050781,False
GOCUAJYOYBLQRH,0.039649711967047765,False,False,0.0,0.15999999999999992,0.15999999999999992,False,0.00984969101618342,0.04851963028391871,0.07236090611332018,362.0401,False
GPMHHSJZGVOEFS,0.4926673869526949,False,False,0.4666666666666668,0.52,0.05333333333333323,False,0.02945129646474012,0.1482698318647239,0.274048829796603,238.097381591797,False
GPNAVOJCQIEKQF,1.3377941469259313,False,False,1.1733333333333333,1.4,0.22666666666666657,False,0.002567918599360554,0.19884238244915695,-0.7023339814064057,196.0175,False
GZVHEAJQGPRDLQ,0.7407762125188345,False,False,0.6000000000000001,0.7866666666666666,0.18666666666666654,False,0.01401489538850541,0.05294079829266773,0.005812052381335309,188.0931,False
HAORKNGNJCEJBX,0.8889361295402471,False,False,0.8533333333333335,0.9066666666666667,0.05333333333333323,False,0.028170780183670828,0.10458780338178648,-0.27495883222457174,226.1339,False
HBBVCKCCQCQCTJ,-0.7182119970066508,False,False,-0.9333333333333333,-0.5866666666666667,0.3466666666666667,False,0.0017136885106850417,0.09721355689431004,0.4890770473555711,403.1751,False
HDDSHPAODJUKPD,0.7198060050025722,False,False,0.5466666666666669,0.7733333333333334,0.22666666666666657,False,0.012251299257753458,0.1156828431370531,-0.30435650266750236,300.0801696777345,False
HFHZKZSRXITVMK,-0.26731563717536455,False,False,-0.4666666666666668,-0.21333333333333337,0.2533333333333334,False,0.001232938491257044,0.1289734379032423,0.43424904686567467,325.15470886230503,False
HIIRDDUVRXCDBN,-0.004080697835755714,False,False,-0.08000000000000007,0.06666666666666665,0.14666666666666672,False,0.0008657296309237119,0.0751903752029175,0.24301916665686973,285.1234283447265,False
HJJVPARKXDDIQD,-0.6014471169158994,False,False,-0.6533333333333333,-0.3999999999999999,0.2533333333333334,False,0.020749229972921144,0.15082803390941532,0.6591608134559458,375.961639404297,False
HJUFTIJOISQSKQ,-1.0394899645097646,False,False,-1.1733333333333333,-0.8666666666666667,0.30666666666666664,False,0.0005468233260953546,0.24784301403794895,1.2188276485692606,302.138702392578,False
HLFSDGLLUJUHTE,0.8658368291863288,False,False,0.7333333333333334,0.9066666666666667,0.17333333333333334,False,0.011701036939538948,0.08388741397511067,-0.34062714148625806,205.0794296264645,False
HMXDWDSNPRNUKI,0.1320500227107418,False,False,0.09333333333333327,0.19999999999999996,0.10666666666666669,False,0.003930965587202611,0.14954031516535218,-0.5019274327283278,521.0505,False
HPDHKHMHQGCNPE,-0.08767336194071747,False,False,-0.1333333333333333,-0.05333333333333323,0.08000000000000007,False,0.022706506879717675,0.0694465358080398,-0.03338669819839861,366.192047119141,False
HRKAMJBPFPHCSD,-0.6043312837877971,False,False,-0.68,-0.5466666666666666,0.13333333333333341,False,0.016801890795015352,0.12771931017887825,0.4977860596292901,267.173248291016,False
HTJGLYIJVSDQAE,-0.0702892407862458,False,False,-0.11999999999999988,0.040000000000000036,0.15999999999999992,False,0.0031294224844626525,0.09855476637649686,0.37369833254089435,260.150390625,False
HUBANNPOLNYSAD,0.830692998284465,False,False,0.8000000000000003,1.0,0.19999999999999973,False,0.004630659545070736,0.1252899892545426,-0.31407734492269357,191.961471557617,False
HUBFIOLHRCECQI,0.5087242655238365,False,False,0.4933333333333332,0.5333333333333332,0.040000000000000036,False,0.06659527012071477,0.15980409484027053,-0.37764840619076445,304.227264404297,False
HYAFETHFCAUJAY,-0.12010293905060482,False,False,-0.18666666666666676,-0.06666666666666665,0.1200000000000001,False,0.01935536759372312,0.07288775379540813,0.09157896352341749,357.1267,False
HZRSNVGNWUDEFX,-0.5054735378937698,False,False,-0.68,-0.3733333333333333,0.30666666666666675,False,0.00433887632263572,0.11922759357047906,0.518029588246758,388.10595703125,False
IAJNXBNRYMEYAZ,0.6825279572692856,False,False,0.6133333333333333,0.7333333333333334,0.1200000000000001,False,0.012102182685935492,0.1217772127160509,-0.39910045833903396,278.1176,False
IDGKMGZVTKHZDA,0.5365992095194043,False,False,0.5333333333333332,0.5466666666666669,0.013333333333333641,False,0.19816433306997944,0.37448827502958987,-0.9446449491012607,560.394165039063,False
IITCWRFYJWUUPC,0.4426818396054638,False,False,0.3999999999999999,0.52,0.1200000000000001,False,0.00730006960667364,0.09660782892419695,-0.2399198414170428,252.123,False
IKVXBIIHQGXQRQ,-1.177688161799939,False,False,-1.3333333333333335,-0.9733333333333334,0.3600000000000001,False,0.003831676342052856,0.22042253420689714,1.1834476221868278,364.111,False
ILBONRFSLATCRE,0.01595242946332143,False,False,-0.10666666666666669,0.08000000000000007,0.18666666666666676,False,0.001337594222144312,0.036539852575030694,-0.1615781574492915,256.0225,False
INISTDXBRIBGOC,-0.6059081226728741,False,False,-0.88,-0.56,0.31999999999999995,False,0.00993556416532524,0.07189990697055537,0.23109047021858287,503.134826660156,False
IPVCSECPEVHQOV,-0.8333333333333334,False,False,-1.0666666666666669,-0.7333333333333334,0.3333333333333335,False,0.013722904559977319,0.19529730289380395,0.8706647790904299,324.101318359375,False
IUHMIOAKWHUFKU,-0.14180578147789408,False,False,-0.21333333333333337,0.0,0.21333333333333337,False,0.0007767534716421939,0.059893499207046,-0.22326454919152444,532.233,False
IUQAXCIUEPFPSF,0.028072656518339664,False,False,0.0,0.053333333333333455,0.053333333333333455,False,0.04559455818898499,0.16232229119424738,-0.487033167124694,458.0650482177735,False
IVUXTESCPZUGJC,-0.879878744246963,False,False,-0.92,-0.6666666666666667,0.2533333333333333,False,0.004165853386774684,0.25088667383278607,1.1698623488156952,291.0895,False
IWUCXVSUMQZMFG,-0.2234415610044243,False,False,-0.2666666666666666,-0.18666666666666676,0.07999999999999985,False,0.013190573164512337,0.1878737415778747,0.6418645736737063,245.08827209472705,False
IZXSCPRWPYQTJH,0.12585902432409776,False,False,0.08000000000000007,0.14666666666666672,0.06666666666666665,False,0.0207578385706416,0.07219656394239587,-0.06267981265428954,354.191528320313,False
JBDHZKLJNAIJNC,-0.14170175923222542,False,False,-0.19999999999999996,-0.01333333333333342,0.18666666666666654,False,0.0014967501893011562,0.02931978118731346,0.12489868992243716,350.059,False
JJJPNTQYUJPWGQ,0.7374085802212464,False,False,0.5466666666666669,0.7866666666666666,0.23999999999999977,False,0.024136925483350967,0.07098651410768003,-0.0428541552786984,198.1277,False
JJWYIMQKLTVAGZ,-0.37032383594959395,False,False,-0.52,-0.2533333333333334,0.2666666666666666,False,0.003916850347636658,0.17688342760714645,0.6833966734395864,306.093627929688,False
JLLJHQLUZAKJFH,-0.0905309405506973,False,False,-0.15999999999999992,-0.040000000000000036,0.11999999999999988,False,0.003259369493048725,0.16649670058178637,0.536195994438638,212.139526367188,False
JNRLEMMIVRBKJE,1.23207943593047,False,False,1.1600000000000001,1.3600000000000003,0.20000000000000018,False,0.005735066929697653,0.26920622043666725,-0.8370057370379775,255.1856,False
JQXXHWHPUNPDRT,-1.6,True,False,-1.6,-1.6,0.0,True,0.0270658991508847,0.11331479622309189,0.29368655783478426,823.409729003906,False
JSXNJGKWSWRIGA,0.46048716980435256,False,False,0.41333333333333355,0.6933333333333334,0.2799999999999998,False,0.012361003749576393,0.0776025291132927,-0.11509553944987316,313.079956054688,False
JUVIOZPCNVVQFO,0.015957081047003607,False,False,-0.05333333333333323,0.053333333333333455,0.10666666666666669,False,0.0019039188850996068,0.05673041035696804,0.10614115655547168,395.14892578125,False
JYQUHIFYBATCCY,0.017773324345211644,False,False,-0.026666666666666616,0.053333333333333455,0.08000000000000007,False,0.0047850163666508135,0.04537526352705288,0.05633814445100735,299.061584472656,False
JZCPYUJPEARBJL,0.23275851476951273,False,False,0.18666666666666676,0.29333333333333345,0.10666666666666669,False,0.007168846760112014,0.1042642024672421,-0.35602592714568215,463.085632324219,False
JZFPYUNJRRFVQU,1.133051477079236,False,False,0.9199999999999999,1.1600000000000001,0.2400000000000002,False,0.01398001491976211,0.229460351385609,-0.7299610824016011,283.068878173828,False
KDLRVYVGXIQJDK,-0.6626780352082193,False,False,-0.7200000000000001,-0.5066666666666666,0.21333333333333349,False,0.007104311599874412,0.05733468320002846,0.26287913470889546,425.187469482422,False
KFFQABQEJATQAT,-0.4271895415618284,False,False,-0.5066666666666666,-0.30666666666666664,0.19999999999999996,False,0.001243116903233378,0.1544130079275214,0.6138030465175041,189.142,False
KGXUEPOHGFWQKF,-0.19612126382796224,False,False,-0.24,-0.14666666666666672,0.09333333333333327,False,0.01217669705469553,0.058250328742440155,-0.05841311723904863,427.055816650391,False
KKBGNYHHEIAGOH,-0.9032125407390795,False,False,-1.0133333333333334,-0.7066666666666667,0.30666666666666675,False,0.0009028373581374918,0.18100201050605252,0.9421135025363204,543.178283691406,False
KLSJWNVTNUYHDU,0.9043877596441499,False,False,0.8666666666666667,0.96,0.09333333333333327,False,0.0028017605532114427,0.08698858126208775,-0.1681393183093205,85.0507888793945,False
KRTSDMXIXPKRQR,-0.19889359205707255,False,False,-0.24,-0.15999999999999992,0.08000000000000007,False,0.023336261618298517,0.07534266839924149,0.19499847092229658,224.068267822266,False
KVJXBPDAXMEYOA,0.4747011180701775,False,False,0.41333333333333355,0.56,0.1466666666666665,False,0.0073316569589878325,0.07505181706504441,-0.1802370332103163,330.2064,False
KWVISVAMQJWJSZ,0.1364693847251507,False,False,0.1333333333333333,0.32000000000000006,0.18666666666666676,False,0.05725125097402569,0.14207430003116747,-0.09420032297627812,414.336883544922,False
KZHGPDSVHSDCMX,1.4507177254195815,False,False,1.3066666666666666,1.52,0.21333333333333337,False,0.0020242153311721576,0.2039217148530703,-0.7001705971786932,181.043,False
LDCYZAJDBXYCGN,0.6743732314997649,False,False,0.5866666666666669,0.7333333333333334,0.1466666666666665,False,0.002951151113147861,0.025756684241153405,0.027753063622720453,221.092224121094,False
LEIWLFHGOGNSAD,0.7667317035804323,False,False,0.7200000000000002,0.8133333333333335,0.09333333333333327,False,0.01451612939036744,0.16663497824024198,-0.5006062427862011,268.989410400391,False
LJGHYPLBDBRCRZ,-0.23145005387886897,False,False,-0.43999999999999995,-0.17333333333333334,0.2666666666666666,False,0.0019763202683516566,0.23208449872688872,0.7294520185291633,249.069213867188,False
LJOZMWRYMKECFF,0.1188101993657041,False,False,0.08000000000000007,0.15999999999999992,0.07999999999999985,False,0.012370527376415408,0.06417070502780473,0.10626991545125779,323.988,False
LSLYOANBFKQKPT,-0.3550920044368422,False,False,-0.48,-0.22666666666666657,0.2533333333333334,False,0.0018535102221100357,0.18731082707942917,0.7228387599740761,304.154479980469,False
LTQSAUHRSCMPLD,-0.16626475083310427,False,False,-0.21333333333333337,0.026666666666666616,0.24,False,0.0043367270992285736,0.029422999675385766,-0.005541295518799727,270.038330078125,False
LUVXHMJTVXZFPD,0.31907305025812643,False,False,0.1333333333333333,0.48,0.3466666666666667,False,0.04069956229145151,0.09371994266513893,0.07421601965332453,289.1547,False
LUYIHWDYPAZCNN,0.6471590864261043,False,False,0.5866666666666669,0.7200000000000002,0.1333333333333333,False,0.01308913516487229,0.05671114624687788,-0.06660875493563834,208.079223632813,False
MFSWTRQUCLNFOM,0.11562327040714984,False,False,0.08000000000000007,0.15999999999999992,0.07999999999999985,False,0.0070503433460002065,0.05668477333007713,-0.08314994144269552,376.05610656738247,False
MGNFYQILYYYUBS,0.49978317546887646,False,False,0.48,0.5333333333333332,0.05333333333333323,False,0.02554679105958174,0.10664975366091332,-0.2085025444955036,274.253112792969,False
MIJFNYMSCFYZNY,-0.07961666806974921,False,False,-0.10666666666666669,0.1333333333333333,0.24,False,0.05277999371170691,0.17931145917485483,-0.5388592478652434,532.259460449219,False
MIJLZGZLQLAQCM,-0.5215704989813759,False,False,-0.7200000000000001,-0.45333333333333337,0.2666666666666667,False,0.0037900559819131117,0.06486670538013718,0.2571444694877394,434.097686767578,False
MIZMDSVSLSIMSC,-1.5440294137656965,False,False,-1.6,-1.3733333333333335,0.22666666666666657,True,0.0007340223237445791,0.020360510655515425,0.1399227679783257,657.4434509277345,False
MQJKPEGWNLWLTK,-0.22759663791564144,False,False,-0.3733333333333333,-0.17333333333333334,0.19999999999999996,False,0.0012407003721528421,0.22746817095946803,0.7255983657617158,249.069274902344,False
MRQIXHXHHPWVIL,0.41050819697285745,False,False,0.3733333333333333,0.43999999999999995,0.06666666666666665,False,0.014935838581331212,0.09265598465138639,0.2791035442113561,249.1022,False
MXXWOMGUGJBKIW,0.24143370027473948,False,False,0.18666666666666676,0.3733333333333333,0.18666666666666654,False,0.0007314101383175988,0.018343935109770622,-0.034169221545692297,286.14404296875,False
NBNTWDUNCHRWMT,0.1372009927376195,False,False,0.1333333333333333,0.17333333333333334,0.040000000000000036,False,0.035965800267113705,0.12499314040693003,0.2894388459118477,330.0447,False
NEBPTMCRLHKPOB,1.6,False,True,1.586666666666667,1.6,0.013333333333333197,True,0.0161092387348238,0.31389237631266065,-0.8769852607222817,194.0964,False
NHKZSTHOYNWEEZ,-0.2257225707759525,False,False,-0.3866666666666667,-0.18666666666666676,0.19999999999999996,False,0.01913912507522797,0.19495656007009238,0.6467703198741447,244.10432434082,False
NHUHCSRWZMLRLA,-0.41152531397295466,False,False,-0.5066666666666666,-0.33333333333333326,0.17333333333333334,False,0.0029543528573724763,0.1906785583903678,0.7644364483137122,268.075,False
NIXXQNOQHKNPEJ,0.8465956976255417,False,False,0.8000000000000003,0.9866666666666668,0.18666666666666654,False,0.002243404112034861,0.13380742394726056,-0.36103623128549356,206.972366333008,False
NNCAWEWCFVZOGF,1.194954749490131,False,False,1.1600000000000001,1.3466666666666667,0.18666666666666654,False,0.004571787155789667,0.13520612826474773,-0.3883133838971835,114.12762069702153,False
NOCJXYPHIIZEHN,0.09158291957518064,False,False,0.053333333333333455,0.1333333333333333,0.07999999999999985,False,0.0025417802562573252,0.03373211210654647,0.04012921542614997,400.146850585938,False
NOOCSNJCXJYGPE,1.167090762250096,False,False,1.1333333333333333,1.2000000000000002,0.06666666666666687,False,0.006727736803468379,0.27900028920243664,-0.8040717779138818,297.084747314453,False
NQQVFXUMIDALNH,0.9665603638690513,False,False,0.9066666666666667,1.0266666666666668,0.1200000000000001,False,0.0013092861639966225,0.2144349881733062,-0.5974756021180245,240.933486938477,False
NRZWQKGABZFFKE,0.9682986333304908,False,False,0.8133333333333335,1.0133333333333332,0.19999999999999973,False,0.0036123674841429297,0.038555079858654744,-0.1648197042601245,77.0419082641602,False
NVGOPFQZYCNLDU,0.5341312697468525,False,False,0.5066666666666668,0.56,0.05333333333333323,False,0.030165730490834354,0.14564703283394198,-0.25521386270179813,304.0459,False
NVKAWKQGWWIWPM,0.06541265279262706,False,False,0.0,0.1200000000000001,0.1200000000000001,False,0.0003046916991330176,0.1020498856407084,0.3575439455226542,291.231903076172,False
NWBJYWHLCVSVIJ,0.13723866175034657,False,False,0.1200000000000001,0.18666666666666676,0.06666666666666665,False,0.012342119770840983,0.08047412076532669,0.14895563602399867,226.1087,False
NWIVYGKSHSJHEF,0.47769574625829286,False,False,0.4533333333333336,0.5066666666666668,0.05333333333333323,False,0.014902682451315746,0.09706770144853252,-0.1841130035600575,311.2482,False
NYRMIJKDBAQCHC,0.46209289350865973,False,False,0.42666666666666675,0.4933333333333332,0.06666666666666643,False,0.004094528838934943,0.07785353837247314,-0.21700463313263502,334.105255126953,False
OEMJXSVJXPIFMA,0.7622627133861143,False,False,0.6933333333333334,0.8000000000000003,0.10666666666666691,False,0.022654416982877516,0.27520389760758374,-0.8188590993872101,505.0164,False
OGYFATSSENRIKG,-0.34812972263692965,False,False,-0.4666666666666668,-0.24,0.2266666666666668,False,0.005004019278720486,0.15029278954074005,0.5486796172541871,329.141586303711,False
OJMMVQQUTAEWLP,-0.6558489608242553,False,False,-0.8933333333333334,-0.5333333333333334,0.36,False,0.0025545150385675743,0.07863356820134086,0.3481002547335108,407.220886230469,False
OMFRMAHOUUJSGP,-0.6021183704960522,False,False,-0.68,-0.4933333333333334,0.18666666666666665,False,0.013072337976508464,0.104071653165525,0.4458382738970861,440.15966796875,False
OMSPUVWUIHNYCS,-0.5143903479118798,False,False,-0.68,-0.3866666666666667,0.29333333333333333,False,0.0007699659376163585,0.18775217039474426,0.7372613828894713,391.1652,False
ONWXNHPOAGOMTG,-0.670315320951263,False,False,-0.7200000000000001,-0.5066666666666666,0.21333333333333349,False,0.009881061624791436,0.0638176869545537,0.28125466680022215,439.1864,False
OUDSBRTVNLOZBN,-0.7658838681343629,False,False,-0.9466666666666668,-0.6533333333333333,0.29333333333333345,False,0.00021111862035585473,0.1628165184498267,0.7738980402552831,312.1376,False
OWEGWHBOCFMBLP,-0.45771482705988625,False,False,-0.5733333333333333,-0.32000000000000006,0.2533333333333332,False,0.0065140503234490015,0.19676588934662903,0.7404187967864428,293.10530090332054,False
OWUREPXBPJFMOK,-1.562213385831856,False,False,-1.6,-1.3866666666666667,0.21333333333333337,True,0.0009488858379088417,0.013769287670066296,0.001035485242329326,685.474304199219,False
OXDDDHGGRFRLEE,-0.053644534099301644,False,False,-0.09333333333333327,-0.026666666666666616,0.06666666666666665,False,0.036741451545370646,0.14957917637662788,-0.4794620075093619,626.088684082031,False
OZMMLYFAEKBWEE,0.13689537312666825,False,False,0.1333333333333333,0.32000000000000006,0.18666666666666676,False,0.05761754572246998,0.15002501445919225,-0.11548268763196903,334.2376251220705,False
PCKZAVNWRLEHIP,-0.07596687191329013,False,False,-0.1333333333333333,-0.026666666666666616,0.10666666666666669,False,0.005691548182213221,0.07917272706983583,0.23578202473867985,341.174468994141,False
PGBHMTALBVVCIT,-0.9179897536957449,False,False,-1.12,-0.7333333333333334,0.3866666666666667,False,0.011792362519474988,0.09227779088491371,0.5050206323656747,615.319946289063,False
PGJBQBDNXAZHBP,0.5510306980241673,False,False,0.52,0.6133333333333333,0.09333333333333327,False,0.011512154893327829,0.13815848926360125,-0.31381414478401903,155.074081420898,False
PJVWKTKQMONHTI,0.27414754349001075,False,False,0.21333333333333337,0.33333333333333326,0.11999999999999988,False,0.014343703974166004,0.10786557544957089,0.1975229669911837,309.1121,False
PLYQBXHVYUJNQB,-1.308012123279922,False,False,-1.4133333333333333,-1.0933333333333333,0.32000000000000006,False,0.0008080201955824443,0.13627488475713748,0.953038546887496,374.057861328125,False
PPEKGEBBBBNZKS,-0.3113580062541712,False,False,-0.3733333333333333,-0.2666666666666666,0.10666666666666669,False,0.01701124412687788,0.1342198098268454,0.41942496408944985,316.1360778808595,False
PRLVTUNWOQKEAI,-1.0995517210227488,False,False,-1.2266666666666668,-0.9066666666666667,0.32000000000000006,False,0.0026703189252073687,0.21402159738402166,1.134679691739499,306.1635,False
PRUGWHGQBHEDAX,0.13451245161414851,False,False,0.10666666666666669,0.15999999999999992,0.05333333333333323,False,0.013724159638638265,0.05945599592808306,-0.033333292213419546,380.2333,False
PTCGDEVVHUXTMP,0.13341278909758492,False,False,0.10666666666666669,0.15999999999999992,0.05333333333333323,False,0.032817650585468074,0.09109177797150268,0.09935879925742785,324.1206,False
PVNIIMVLHYAWGP,1.3304278189578838,False,False,1.2133333333333334,1.4,0.18666666666666654,False,0.0009000483412618918,0.16164564966439796,-0.5439500381282901,124.0393,False
PVSGXWMWNRGTKE,0.4263408584098113,False,False,0.3466666666666667,0.4666666666666668,0.1200000000000001,False,0.0024499101101339463,0.049105139063922346,-0.19376571204599002,276.134429931641,False
PXWNBAGCFUDYBE,-0.011427210837450318,False,False,-0.19999999999999996,0.026666666666666616,0.22666666666666657,False,0.009845880921381238,0.20247237264328255,0.5464302623731542,242.1176,False
PZBPKYOVPCNPJY,0.011771397255490666,False,False,-0.10666666666666669,0.06666666666666665,0.17333333333333334,False,0.0020267615795589136,0.06142072834577292,0.1742104272108678,297.0556,False
QAHFOPIILNICLA,0.4194947315695455,False,False,0.3866666666666667,0.43999999999999995,0.05333333333333323,False,0.02450417265877116,0.0961529198759854,0.08874766929731254,240.1383,False
QCAWEPFNJXQPAN,-0.7370196397435699,False,False,-0.92,-0.64,0.28,False,0.0010562528506467405,0.15969234206733338,0.750464396265904,369.2173,False
QGXBDMJGAMFCBF,0.10201024539236075,False,False,0.053333333333333455,0.18666666666666676,0.1333333333333333,False,0.00024792440596446783,0.09233086729783416,0.32094623452081045,291.23193359375,False
QIWQQMZFTOCFGF,0.7180994108835308,False,False,0.6266666666666669,0.7600000000000002,0.1333333333333333,False,0.021281849512323484,0.23503192818299057,-0.8505869728395079,367.1145,False
QMGGMESMCJCABO,0.6977260737608372,False,False,0.5466666666666669,0.7600000000000002,0.21333333333333337,False,0.007332175698646395,0.12524840784797586,-0.3344185838181749,263.175689697266,False
QMGVPVSNSZLJIA,0.8876814014728966,False,False,0.8533333333333335,0.9066666666666667,0.05333333333333323,False,0.04466463963618441,0.18668048009643834,-0.5431693785427022,335.1754,False
QNBTYORWCCMPQP,0.10325855400894096,False,False,0.053333333333333455,0.19999999999999996,0.1466666666666665,False,0.0012668246935262015,0.057816373628866706,-0.16387803164773346,388.1309509277345,False
QQQYTWIFVNKMRW,-0.009206683375303648,False,False,-0.21333333333333337,0.026666666666666616,0.24,False,0.03241880320871346,0.13068573461004448,0.29171381790034284,311.039459228516,False
QTCRXZRCLRRRCO,0.12923510455053183,False,False,0.09333333333333327,0.15999999999999992,0.06666666666666665,False,0.0155557167305719,0.07154434820970176,-0.08150542889424123,370.186248779297,False
QWCJHSGMANYXCW,0.03108733928652423,False,False,-0.026666666666666616,0.08000000000000007,0.10666666666666669,False,0.0030578160849500232,0.08210177195038548,0.2621498728827523,315.091217041016,False
QXWJDGMLSMFETH,-0.9308817054625971,False,False,-1.1333333333333333,-0.76,0.3733333333333333,False,0.0002508885402556951,0.12887145179470355,0.7170992363004918,389.9264,False
QYPNKSZPJQQLRK,-0.5460033973156103,False,False,-0.6933333333333334,-0.4666666666666668,0.22666666666666657,False,0.0018419728284482888,0.1488622448907795,0.6160140232332542,353.2224,False
QZCLKYGREBVARF,-1.1068014166850553,False,False,-1.3066666666666666,-0.9066666666666667,0.3999999999999999,False,0.0021667259218121986,0.05036521796678082,0.3889104152627878,403.2326,False
RAPBNVDSDCTNRC,-0.5995128978804269,False,False,-0.6933333333333334,-0.41333333333333333,0.28,False,0.009646144108769027,0.18192952408169577,0.7677039644158172,347.020629882813,False
RBNIGDFIUWJJEV,-1.0446546349877694,False,False,-1.12,-0.8,0.32000000000000006,False,0.007139456792783894,0.2452060280046534,1.1702464092490532,336.079864501953,False
RCLXAPJEFHPYEG,-0.4994390823973686,False,False,-0.5866666666666667,-0.3999999999999999,0.18666666666666676,False,0.0025763276750314376,0.17851812247423707,0.7018677827765978,358.1449,False
RDCAZFAKCIEASQ,-0.34949662690446226,False,False,-0.5466666666666666,-0.30666666666666664,0.24,False,0.007234476741887806,0.19029518845387908,0.620838973872697,188.2009,False
RGCLLPNLLBQHPF,-0.42983308459573993,False,False,-0.52,-0.33333333333333326,0.18666666666666676,False,0.0020367389651332435,0.039062556231701906,0.13690345395179665,300.076446533203,False
RGNPBRKPHBKNKX,-0.8333333333333334,False,False,-0.9466666666666668,-0.7200000000000001,0.22666666666666668,False,0.006857476851635258,0.12635614637433634,0.6195164719183007,460.989196777344,False
RHVBIEJVJWNXBU,0.04244718595554304,False,False,-0.01333333333333342,0.09333333333333327,0.10666666666666669,False,0.001212908829877479,0.12988057554787827,0.43050150217639566,277.216400146484,False
RLQJEEJISHYWON,0.7290505927321915,False,False,0.6133333333333333,0.7733333333333334,0.16000000000000014,False,0.0004672724948246406,0.13227143652929557,-0.40594389445131507,230.0534591674805,False
ROVGZAWFACYCSP,-0.6215784743371716,False,False,-0.8933333333333334,-0.5333333333333334,0.36,False,0.001887522696791028,0.09062467315752396,0.40119539065393306,329.211303710938,False
RPQXVSUAYFXFJA,0.3227340928960526,False,False,0.29333333333333345,0.3733333333333333,0.07999999999999985,False,0.028612424281584628,0.0870435657941869,-0.17383325643134684,300.141845703125,False
RRKTZKIUPZVBMF,0.5473522441747162,False,False,0.52,0.6000000000000001,0.08000000000000007,False,0.017822691990479447,0.2014558802495858,-0.46934940791318336,395.1965,False
RRVIAQKBTUQODI,0.7541371724919758,False,False,0.7066666666666666,0.7866666666666666,0.08000000000000007,False,0.027284579977648646,0.11435262468748804,-0.23876432419374793,222.0696,False
RXCPQSJAVKGONC,-0.2158689464337114,False,False,-0.3600000000000001,-0.15999999999999992,0.20000000000000018,False,0.002333665499178633,0.14089930849279067,0.469057482353398,326.0518,False
RYAUSSKQMZRMAI,0.13768589745748602,False,False,0.1200000000000001,0.18666666666666676,0.06666666666666665,False,0.022885628737646196,0.07080293011015654,0.035090627096670574,304.263793945313,False
RYYVLZVUVIJVGH,0.45875564092016025,False,False,0.3466666666666667,0.4933333333333332,0.1466666666666665,False,0.009581209896650008,0.07612120040896937,0.11344420311605347,195.08778381347656,False
SBPBAQFWLVIOKP,-0.41711640772694014,False,False,-0.5866666666666667,-0.3466666666666667,0.24,False,0.008938022825908295,0.060455616080291374,0.13980873977849095,349.933319091797,False
SBUJHOSQTJFQJX,-0.5221388257883337,False,False,-0.6666666666666667,-0.45333333333333337,0.21333333333333337,False,0.0037886577961867085,0.10152109034720463,0.4504658640504893,485.245697021484,False
SHCRDCOTRILILT,-1.0458279260169008,False,False,-1.1733333333333333,-0.7866666666666667,0.3866666666666666,False,0.0015318117703997706,0.1203787286875918,0.7355925826437462,361.201080322266,False
SIGQAYSWORHPPH,-1.6,True,False,-1.6,-1.6,0.0,True,0.01964512540545044,0.027722153438622527,-0.8613965408134154,1002.51751708984,False
SLCGUGMPSUYJAY,-1.0635408246687341,False,False,-1.2133333333333334,-0.9333333333333333,0.28,False,0.006040646523982005,0.20635553543746957,1.0529642508093409,366.066009521484,False
SMKRKQBMYOFFMU,-0.005112651360222188,False,False,-0.026666666666666616,0.026666666666666616,0.05333333333333323,False,0.018564299935083628,0.070758820302362,-0.058210125254896126,301.179809570313,False
SPWSUFUPTSJWNG,0.08587674001935014,False,False,0.01333333333333342,0.14666666666666672,0.1333333333333333,False,0.006037379010558843,0.042621082027016574,-0.06673841034638556,390.192749023438,False
STEPQTYSZVCJPV,-0.004667066986842753,False,False,-0.026666666666666616,0.026666666666666616,0.05333333333333323,False,0.017849796265508634,0.11348126532252388,0.2887881110207709,278.105590820313,False
SZINUGQCTHLQAZ,0.02259033836468894,False,False,-0.01333333333333342,0.053333333333333455,0.06666666666666687,False,0.006982392587276861,0.10821602245881705,0.3741500534051766,337.154968261719,False
TUBQDCKAWGHZPF,0.36729967304636935,False,False,0.2533333333333334,0.42666666666666675,0.17333333333333334,False,0.006813536212319569,0.04145250365093986,-0.06673817408190907,238.976745605469,False
TWHBYJSVDCWICV,-1.5673592808929713,False,False,-1.6,-1.3866666666666667,0.21333333333333337,True,0.0007305854156691281,0.031029361352295733,-0.07265198946052331,699.490295410156,False
TYLCDJYHUVCRBH,0.6376765997698273,False,False,0.5866666666666669,0.7200000000000002,0.1333333333333333,False,0.024357954608167583,0.10839237511237351,-0.3202213410637278,254.044082641602,False
TYTPQOUGGMEUNY,-1.6,True,False,-1.6,-1.6,0.0,True,0.06184602462891639,0.13607874041611456,0.19712303833055822,899.515869140625,False
UBCHPRBFMUDMNC,0.5800892867457729,False,False,0.52,0.7066666666666666,0.18666666666666654,False,0.0005787033751440516,0.08589567263535977,0.23546088065428095,180.174789428711,False
UBSQZFBBZMBPFF,-0.6621060214008968,False,False,-0.88,-0.5333333333333334,0.34666666666666657,False,0.0039256960945394555,0.22964002328733144,0.9494230283974138,327.229644775391,False
UCSJYZPVAKXKNQ,-0.09540840398979937,False,False,-0.15999999999999992,-0.06666666666666665,0.09333333333333327,False,0.02348093081939992,0.12177465923367486,-0.48804939425687394,582.273315429688,False
UELITFHSCLAHKR,0.18089583773346757,False,False,0.06666666666666665,0.2266666666666668,0.16000000000000014,False,0.0030745604026126637,0.12983442640405665,0.3384489379756029,210.999526977539,False
UFNOUKDBUJZYDE,-0.7778456592234868,False,False,-0.9066666666666667,-0.56,0.3466666666666667,False,0.006051088690858001,0.25445997062853526,1.129802720567009,292.121337890625,False
UHFFVFAKEGKNAQ,0.020594459596174314,False,False,-0.01333333333333342,0.053333333333333455,0.06666666666666687,False,0.01495570630139305,0.06942464022768965,-0.07878236839014771,367.238067626953,False
UOUIARGWRPHDBX,0.1937884741054367,False,False,0.10666666666666669,0.29333333333333345,0.18666666666666676,False,0.0008973774607875169,0.09007472417086325,0.2791600956243881,277.216430664063,False
UPUGLJYNCXXUQV,-0.19992213670671335,False,False,-0.2533333333333334,-0.14666666666666672,0.10666666666666669,False,0.007646059555546207,0.06804821823325478,-0.2542524564664269,291.030944824219,False
UQCSETXJXJTMKO,-1.5696812580234865,False,False,-1.6,-1.4000000000000001,0.19999999999999996,True,0.000576634180807971,0.013164562551648312,0.08714279192214014,671.458618164063,False
UQRKOHUZCZBNCN,0.2165647252791496,False,False,0.040000000000000036,0.29333333333333345,0.2533333333333334,False,0.008168100047228722,0.10299307469215374,-0.42582559331851577,400.129241943359,False
USRKFGIXLGKMKU,-0.6057155393396014,False,False,-0.76,-0.5333333333333334,0.22666666666666657,False,0.0051554137478205826,0.12067558993441654,0.5045226765013455,382.16015625,False
USSIQXCVUWKGNF,-0.10407910087926991,False,False,-0.17333333333333334,-0.01333333333333342,0.15999999999999992,False,0.005938983520640905,0.07583502146984096,0.24543069374170084,310.2165,False
UTOHZQYBSYOOGC,0.25860190152411766,False,False,0.19999999999999996,0.3466666666666667,0.14666666666666672,False,0.004053972578965657,0.06220449210235946,-0.21367939349059473,332.142761230469,False
UVBUBMSSQKOIBE,-1.6,True,False,-1.6,-1.5866666666666667,0.01333333333333342,True,0.015849215422735805,0.03620929311073756,-0.2655448627268582,722.395874023438,False
UWVQIROCRJWDKL,-0.012496056509528038,False,False,-0.17333333333333334,0.026666666666666616,0.19999999999999996,False,0.011728770616451143,0.094568399399661,0.1578103540889624,279.1339,False
VACCAVUAMIDAGB,-0.3718828243538559,False,False,-0.4933333333333334,-0.22666666666666657,0.26666666666666683,False,0.00046347761364576897,0.1581590243374288,0.6067048163260902,271.031616210938,False
VAIZTNZGPYBOGF,0.07127359178219515,False,False,0.0,0.1200000000000001,0.1200000000000001,False,0.00294535307033189,0.039373971115322905,-0.1510823723094188,384.1417,False
VEMKTZHHVJILDY,-0.31680508571997407,False,False,-0.45333333333333337,-0.24,0.21333333333333337,False,0.0015597755668459465,0.1320534682606119,0.4717395065089081,339.195343017578,False
VEUZZDOCACZPRY,-1.6,True,False,-1.6,-1.3733333333333335,0.22666666666666657,True,0.008719765811252778,0.30894391298027446,1.6989134657975014,523.091369628906,False
VGHPMIFEKOFHHQ,-0.18084081697271187,False,False,-0.22666666666666657,-0.10666666666666669,0.11999999999999988,False,0.0037549902879980774,0.03632319986266258,0.07685184576201737,418.014282226563,False
VGZSUPCWNCWDAN,-0.22302707694077004,False,False,-0.29333333333333345,-0.14666666666666672,0.14666666666666672,False,0.011165318600209143,0.06697825662725049,0.1951810553113131,325.1217,False
VNENJHUOPQAPAT,1.1546536823634257,False,False,1.106666666666667,1.1866666666666665,0.07999999999999963,False,0.008709813178653368,0.11071440223882158,-0.3589799259563773,218.038452148438,False
VPWNQTHUCYMVMZ,-0.07665801975493589,False,False,-0.1333333333333333,0.06666666666666665,0.19999999999999996,False,0.0035657209313311638,0.172570265908055,0.5762628160000155,251.037475585938,False
VQDBNKDJNJQRDG,0.253640280640084,False,False,0.19999999999999996,0.3733333333333333,0.17333333333333334,False,0.00046472557315922443,0.0423283231460068,0.16475049576925088,241.154724121094,False
VRRIYZJUSNMZMP,0.022795633652228184,False,False,-0.026666666666666616,0.06666666666666665,0.09333333333333327,False,0.004288915690701562,0.08658921834666221,0.2977099228694226,257.135986328125,False
VYMDGNCVAMGZFE,-0.30164510833540165,False,False,-0.3600000000000001,-0.19999999999999996,0.16000000000000014,False,0.0011367595491942337,0.12760151043968063,0.4896363036154529,309.159790039063,False
WCXDHFDTOYPNIE,0.02843213405940527,False,False,0.0,0.06666666666666665,0.06666666666666665,False,0.01185724854512124,0.07557115317755966,0.24290665416401802,223.07469940185553,False
WECDUOXQLAIPQW,0.7437504757769399,False,False,0.6400000000000001,0.7733333333333334,0.1333333333333333,False,0.008572196262598102,0.04397137936715495,-0.034762658159922855,227.1543,False
WFDXOXNFNRHQEC,0.319146403802551,False,False,0.24,0.3600000000000001,0.1200000000000001,False,0.01276679694147904,0.13579939721136727,-0.43543863431302643,404.1241,False
WINHLTQNRABBSW,0.49363467094106406,False,False,0.4666666666666668,0.52,0.05333333333333323,False,0.010232440989824638,0.09137030760683955,0.21650665478066777,256.088119506836,False
WJCNZQLZVWNLKY,1.3578768451585288,False,False,1.2666666666666666,1.4533333333333336,0.18666666666666698,False,0.008350918112023502,0.15221622883702102,-0.5301438084428941,202.0433,False
WKEDVNSFRWHDNR,0.034692863268307825,False,False,0.01333333333333342,0.24,0.22666666666666657,False,0.01563341786453785,0.16142508105742434,0.6391278040697079,214.086181640625,False
WMYINDVYGQKYMI,-0.7171492168850823,False,False,-0.9066666666666667,-0.5466666666666666,0.3600000000000001,False,0.0011236919747113657,0.19717365027943817,0.8413119130692767,251.1853,False
WOWBFOBYOAGEEA,-1.6,True,False,-1.6,-1.5733333333333335,0.026666666666666616,True,0.00900561044806799,0.2611499118020889,1.4665151780117958,385.230865478516,False
WSORODGWGUUOBO,-0.8333333333333334,False,False,-0.9066666666666667,-0.7066666666666667,0.20000000000000007,False,0.005994606406811499,0.0826238571847728,0.44390296161452014,315.066558837891,False
WURBVZBTWMNKQT,-0.6608051597974283,False,False,-0.9066666666666667,-0.5466666666666666,0.3600000000000001,False,0.0034677209911945033,0.23027955404674644,0.9171773715164109,294.1004,False
WYKYKTKDBLFHCY,0.5378473346282564,False,False,0.5066666666666668,0.5733333333333333,0.06666666666666643,False,0.016742258630284463,0.06461569761117926,0.04965511045764426,222.0429,False
WZKXBGJNNCGHIC,0.8136765692369412,False,False,0.7866666666666666,1.0266666666666668,0.2400000000000002,False,0.009760758436748541,0.21391388234311323,-0.5748118653536358,331.2169,False
XAIPTRIXGHTTNT,-0.4840411432935763,False,False,-0.68,-0.3733333333333333,0.30666666666666675,False,0.010550922774934093,0.16434525146258924,0.5956525042235086,359.04078674316395,False
XFSBVAOIAHNAPC,-0.08195163415239105,False,False,-0.10666666666666669,-0.05333333333333323,0.053333333333333455,False,0.10002999616175669,0.1987063755553688,-0.6834651355480365,646.322082519531,False
XGWIJUOSCAQSSV,-0.1783788978392547,False,False,-0.2666666666666666,-0.05333333333333323,0.21333333333333337,False,0.0009829117960518743,0.04236465728212178,0.18557383182096815,353.108673095703,False
XMAYWYJOQHXEEK,-0.3085727496893831,False,False,-0.33333333333333326,-0.29333333333333345,0.039999999999999813,False,0.10863087301806633,0.15596835080576896,-0.10320335027723959,531.156,False
XMJFVIGTHMOGNZ,-1.328091183453466,False,False,-1.5466666666666669,-1.12,0.42666666666666675,False,0.0013878512381260868,0.1321981908210183,0.9079713524111848,388.073394775391,False
XMQFTWRPUQYINF,-0.6039377333790976,False,False,-0.88,-0.5333333333333334,0.34666666666666657,False,0.003885555565156468,0.07932886626955019,0.2875863623909227,411.096923828125,False
XNSGCNYTNLWRKM,0.9016972720613756,False,False,0.8666666666666667,0.9333333333333336,0.06666666666666687,False,0.010725382903696935,0.12503468539895188,-0.32980118157319316,160.027297973633,False
XQVWYOYUZDUNRW,0.4494433514333796,False,False,0.41333333333333355,0.48,0.06666666666666643,False,0.007914000616395694,0.13915301348430287,0.3883622948777736,220.111938476563,False
XQYZDYMELSJDRZ,0.7626755622510915,False,False,0.7200000000000002,0.8000000000000003,0.08000000000000007,False,0.002784954234597511,0.1635321138777773,-0.49440483386373146,340.154510498047,False
XVPBINOPNYFXID,0.8704148930994404,False,False,0.7600000000000002,0.9066666666666667,0.1466666666666665,False,0.011916005879744593,0.15017979503898374,-0.4731690607854152,265.191436767578,False
XYNPYHXGMWJBLV,0.49612144485679627,False,False,0.48,0.5066666666666668,0.02666666666666684,False,0.08049596940335071,0.16467193864769294,-0.4199132119217907,416.352416992188,False
YBBLVLTVTVSKRW,0.715545195757303,False,False,0.6000000000000001,0.7466666666666666,0.1466666666666665,False,0.006179976535174642,0.1650975334785596,-0.5458675376844689,294.1713,False
YBRVSVVVWCFQMG,0.761880027485879,False,False,0.7333333333333334,0.7866666666666666,0.05333333333333323,False,0.004796912382450312,0.0427298727056541,0.04195855909943025,199.122589111328,False
YEXVXKIMPBHRQR,0.1139323170748866,False,False,-0.10666666666666669,0.14666666666666672,0.2533333333333334,False,0.03052950002860494,0.08259745652023259,-0.04933472848048226,354.1917419433595,False
YILJWHUIUCRKEU,-0.19900321333362533,False,False,-0.24,-0.01333333333333342,0.22666666666666657,False,0.021065578085429436,0.12939059896236665,0.45117197366569817,410.2088,False
YNVKAENVJKEMOU,-0.08173104228915232,False,False,-0.17333333333333334,0.01333333333333342,0.18666666666666676,False,0.0005819392763644185,0.12663145279868296,0.4545972909674234,362.1412,False
YUAUPYJCVKNAEC,0.8974968279197375,False,False,0.8533333333333335,0.9466666666666668,0.09333333333333327,False,0.003619605028666404,0.10395891215153567,-0.3507395930367505,219.095306396484,False
YVPSNUIHHFTTRL,-0.40874281082645125,False,False,-0.48,-0.32000000000000006,0.15999999999999992,False,0.010749286921108388,0.050855330662009576,-0.06251933050758773,293.010070800781,False
YWBVHLJPRPCRSD,1.1800285769287604,False,False,1.146666666666667,1.2133333333333334,0.06666666666666643,False,0.008452570594192249,0.2731081204294344,-0.7786504372184627,330.11,False
YXRDKMPIGHSVRX,0.1293690434920963,False,False,0.10666666666666669,0.1333333333333333,0.026666666666666616,False,0.08816811497331158,0.2236010453505865,-0.7328989332030812,529.400054931641,False
YYXSCUSVVALMNW,-1.0717371302000882,False,False,-1.2133333333333334,-0.92,0.29333333333333333,False,0.0015415927799536664,0.10779779069425881,0.6300895527154269,528.069946289063,False
ZCVAOQKBXKSDMS,-0.5939837216823114,False,False,-0.7066666666666667,-0.43999999999999995,0.2666666666666667,False,0.0024415004337997545,0.10926229919011435,0.5352958183938679,303.195465087891,False
ZEGLQSKFSKZGRO,-1.3888992432568412,False,False,-1.56,-1.1466666666666667,0.41333333333333333,False,0.001462200173210793,0.13426180863590986,0.9597405466626769,404.0682525634765,False
ZIWFCOIGUNPHPM,-0.5264664943819078,False,False,-0.7066666666666667,-0.41333333333333333,0.29333333333333333,False,0.0028099387709751775,0.13245283964920293,0.5671460313386042,381.1784,False
ZLIBICFPKPWGIZ,0.923677561385135,False,False,0.8933333333333335,0.9866666666666668,0.09333333333333327,False,0.01483953118053165,0.14252452614911104,-0.25393892632204407,200.1182,False
ZMYFCFLJBGAQRS,-0.6036190589938589,False,False,-0.6933333333333334,-0.5333333333333334,0.15999999999999992,False,0.007954475719547448,0.24353996877605347,0.9945956599380678,330.080749511719,False
ZUSHSDOEVHPTCU,0.4793436498985452,False,False,0.43999999999999995,0.5066666666666668,0.06666666666666687,False,0.011038612208203501,0.09811731180959438,0.2209915487478154,207.032135009766,False
ZWJNEYVWPYIKMB,0.038993088862655526,False,False,0.01333333333333342,0.08000000000000007,0.06666666666666665,False,0.01014237384099439,0.1621630469147873,0.5787142854476501,230.1176,False
AAGFPTSOPGCENQ,0.7627333464791367,False,False,0.7466666666666666,0.7866666666666666,0.040000000000000036,False,0.020759989897232253,0.12578460431865052,-0.2992032226542072,247.180969238281,False
AEHJMNVBLRLZKK,-1.361002055177014,False,False,-1.4400000000000002,-1.1733333333333333,0.26666666666666683,False,0.0029106317623187427,0.1610906253343849,1.0743272023503079,489.975280761719,False
AFYCEAFSNDLKSX,1.0120697901628435,False,False,0.9733333333333336,1.12,0.1466666666666665,False,0.0005976080329680486,0.16708609213774162,-0.4687665120749053,232.1332,False
AHMMSNQYOPMLSX,-1.3066688330640188,False,False,-1.4266666666666667,-1.1066666666666667,0.32000000000000006,False,0.0011818975374951785,0.11915682666549797,0.836238064614768,453.336151123047,False
AKNQMEBLVAMSNZ,0.24649031771676555,False,False,0.21333333333333337,0.28,0.06666666666666665,False,0.015325958180749059,0.06966446859091983,0.13056893227051258,300.0301,False
ALZOLUNSQWINIR,0.4680061607534639,False,False,0.4533333333333336,0.4933333333333332,0.03999999999999959,False,0.00750231181508508,0.06401210715664507,0.19984289105145925,222.0316,False
AMEKQAFGQBKLKX,-0.05694106422209376,False,False,-0.09333333333333327,-0.026666666666666616,0.06666666666666665,False,0.041117001709792905,0.13635089346483836,0.2966414699421397,268.063995361328,False
ANVREEJNGJMLOV,-0.37311281157203807,False,False,-0.5333333333333334,-0.28,0.2533333333333334,False,0.0031893890039780756,0.03633862287570545,0.09388486822469239,453.218658447266,False
ARAIBEBZBOPLMB,-0.6615381070118197,False,False,-0.7200000000000001,-0.45333333333333337,0.2666666666666667,False,0.005537248256340011,0.1183835960023835,0.6026251514817696,333.140533447266,False
ASLWPAWFJZFCKF,-1.3804077068276532,False,False,-1.5466666666666669,-1.2133333333333334,0.3333333333333335,False,0.003288667276925672,0.10857109058483375,0.7625132345689185,428.891372680664,False
ASWVTGNCAZCNNR,-0.07467897565642094,False,False,-0.10666666666666669,0.09333333333333327,0.19999999999999996,False,0.0013689979633484028,0.10834474706335337,0.3959427805725814,279.091064453125,False
AWSZRJQNBMEZOI,-0.8032844711046245,False,False,-0.88,-0.5733333333333333,0.30666666666666675,False,0.005048899502529954,0.07629117613322657,0.5006994325224581,465.199981689453,False
AWZOLILCOUMRDG,-0.22245818761419564,False,False,-0.2666666666666666,-0.09333333333333327,0.17333333333333334,False,0.001968536821226207,0.06381268586922831,0.2766307435781522,311.032592773438,False
BCGWQEUPMDMJNV,-0.9656173012834982,False,False,-1.1866666666666668,-0.7733333333333333,0.41333333333333344,False,0.005710116393226279,0.30106704946892165,1.346333356163424,281.2012,False
BCJMNZRQJAVDLD,0.12908338836869426,False,False,0.10666666666666669,0.14666666666666672,0.040000000000000036,False,0.04349930562032905,0.10779887559090147,-0.1361722137240241,352.17581176757847,False
BEAXWKCHSPVXQB,-1.6,True,False,-1.6,-1.5866666666666667,0.01333333333333342,True,0.01053661002489714,0.25703381412271775,1.4159048892137711,453.261291503906,False
BEGLCMHJXHIJLR,0.9017149673380274,False,False,0.7733333333333334,0.9466666666666668,0.17333333333333334,False,0.0040948927901760575,0.06478320154223612,-0.1869632404613354,116.016494750977,False
BEMXOWRVWRNPPL,0.003916797118902884,False,False,-0.17333333333333334,0.040000000000000036,0.21333333333333337,False,0.02361761167183662,0.06930448054632411,-0.017342343058758893,302.024841308594,False
BGPSRMUUQQTZFB,-0.4537797846877092,False,False,-0.6666666666666667,-0.42666666666666675,0.24,False,0.05617356229610597,0.10719811525925714,-0.020016079013856602,505.205505371094,False
BNRNXUUZRGQAQC,-0.8982330493324501,False,False,-1.2533333333333334,-0.88,0.3733333333333334,False,0.07006401636244523,0.1514319751598243,0.6162359349823098,475.212158203125,False
BPICBUSOMSTKRF,0.5130196862864667,False,False,0.48,0.5466666666666669,0.06666666666666687,False,0.007416891858539546,0.05038097345966731,-0.05856823463363359,221.110809326172,False
BULVZWIRKLYCBC,-1.181965693501563,False,False,-1.3866666666666667,-1.0666666666666669,0.31999999999999984,False,0.002889817529817875,0.1523180041289498,0.9119050749441622,261.020141601563,False
BWQSLRZZOVFVHJ,0.17071183202876042,False,False,0.1333333333333333,0.30666666666666664,0.17333333333333334,False,0.006744170898676569,0.03758601055532454,-0.019122856712723763,286.201507568359,False
BXNANOICGRISHX,0.022484172384997173,False,False,-0.06666666666666665,0.08000000000000007,0.14666666666666672,False,0.0019386882669200104,0.03366186853983151,-0.10898137898006449,363.0217,False
CGSLYBDCEGBZCG,-0.076643633316128,False,False,-0.10666666666666669,-0.040000000000000036,0.06666666666666665,False,0.01652518344705441,0.06626900570674127,-0.05380306835504434,363.172,False
CNWSQCLBDWYLAN,0.4333532515674817,False,False,0.41333333333333355,0.4666666666666668,0.05333333333333323,False,0.013814365883871657,0.06760620700726062,0.16476759582798295,117.1022,False
COHUFMBRBUPZPA,-0.08552793059080112,False,False,-0.10666666666666669,-0.06666666666666665,0.040000000000000036,False,0.029721437797932775,0.09219118984422028,0.07578267256990569,350.1602783203125,False
COYBRKAVBMYYSF,0.23953973558743077,False,False,0.19999999999999996,0.2666666666666666,0.06666666666666665,False,0.01922054351286962,0.08461017436046246,-0.1370675756939795,336.1361,False
CPHJEACXPATRSU,0.13401542390251428,False,False,0.1333333333333333,0.14666666666666672,0.01333333333333342,False,0.12985878676733092,0.19637492060604889,-0.373029212627373,302.3054,False
CQIUKKVOEOPUDV,0.7601068750937069,False,False,0.7333333333333334,0.7866666666666666,0.05333333333333323,False,0.006512680532008257,0.15397171669370147,-0.45865206754376275,251.091583251953,False
CSMYCLLHRFFFLG,-0.8120990712963891,False,False,-0.9333333333333333,-0.68,0.2533333333333333,False,0.000530677238429308,0.11313649428001588,0.6143707812442925,465.063568115234,False
CZQLULNMKQAIQL,-0.23220503162722267,False,False,-0.2666666666666666,-0.21333333333333337,0.05333333333333323,False,0.03223504990646929,0.08612661718853068,0.11840876002259898,382.186462402344,False
DCOPUUMXTXDBNB,1.0410497709368334,False,False,1.0,1.106666666666667,0.10666666666666691,False,0.009848301946624996,0.23243577431143922,-0.6811588864192929,296.023864746094,False
DETLTZYXZWIXIB,0.6916552442044405,False,False,0.6533333333333333,0.7466666666666666,0.09333333333333327,False,0.009079198612993633,0.05875461650210273,0.13769103584583975,199.122772216797,False
DFCAFRGABIXSDS,-0.46941631795403505,False,False,-0.6933333333333334,-0.3999999999999999,0.29333333333333345,False,0.012828818986676264,0.20265930587992206,0.7311843326179395,216.141616821289,False
DHNRXBZYEKSXIM,0.7908879594149923,False,False,0.7600000000000002,0.8399999999999999,0.07999999999999963,False,0.0016134362392109124,0.08347155876467865,-0.1992518182686538,149.977630615234,False
DIAQQISRBBDJIM,-1.6,True,False,-1.6,-1.5866666666666667,0.01333333333333342,True,0.013645282706047144,0.03572374685895068,-0.7469419738362548,910.4921875,False
DKYWVDODHFEZIM,0.24175813137569,False,False,0.19999999999999996,0.29333333333333345,0.09333333333333349,False,0.005137161172270402,0.08334266719968843,0.2364039209493536,255.101425170898,False
DLFIWYTWQFOSEM,0.03890005923002802,False,False,-0.01333333333333342,0.10666666666666669,0.1200000000000001,False,0.001534965188361326,0.07690412206979216,0.2672780362539965,175.144180297852,False
DMBHHRLKUKUOEG,0.7686502839015004,False,False,0.7333333333333334,0.8000000000000003,0.06666666666666687,False,0.004116210137530963,0.048527589349082405,0.06335967349350491,170.0964,False
DMYHGDXADUDKCQ,-0.6549914396946465,False,False,-0.7066666666666667,-0.42666666666666675,0.2799999999999999,False,0.007496217152211021,0.25549123748938585,1.0823171645041467,307.180694580078,False
DNDNWOWHUWNBCK,-0.9015591768597957,False,False,-1.1066666666666667,-0.7333333333333334,0.3733333333333333,False,0.0004768529014327065,0.12806169425674616,0.7306889930039331,449.0690002441405,False
DNRJTBAOUJJKDY,0.29248328614077973,False,False,0.24,0.42666666666666675,0.18666666666666676,False,0.007281773535420322,0.04330242291230818,0.11696144658201407,259.2056,False
DTHPMNDYKOSVFR,0.45258805465380303,False,False,0.41333333333333355,0.5066666666666668,0.09333333333333327,False,0.0018119584765223743,0.028766894690567642,0.04112767437340714,186.087158203125,False
DUOHVNSMLSPTMI,0.2707458510209875,False,False,0.15999999999999992,0.32000000000000006,0.16000000000000014,False,0.0007946098039487391,0.0775345240182941,0.1964715000250024,186.087295532227,False
DVOODWOZJVJKQR,0.03402581266208016,False,False,-0.040000000000000036,0.10666666666666669,0.14666666666666672,False,0.0001644755755996206,0.0060756139805874226,-0.009446925793637262,358.072113037109,False
DWFZBUWUXWZWKD,-0.3927073390647268,False,False,-0.52,-0.29333333333333345,0.22666666666666657,False,0.00030671279677918896,0.09379288294120802,0.378964156889618,365.1449,False
DWRKFAJEBUWTQM,-0.16132882641289398,False,False,-0.21333333333333337,-0.11999999999999988,0.09333333333333349,False,0.012029636177176749,0.13511586910373505,0.42690946284862613,328.06172180175804,False
DXGLGDHPHMLXJC,0.23670369910184802,False,False,0.19999999999999996,0.2666666666666666,0.06666666666666665,False,0.011863518725490275,0.1290380981719367,0.3506854294239868,229.0859375,False
FAOZLTXFLGPHNG,-0.1607263297525254,False,False,-0.2533333333333334,-0.10666666666666669,0.14666666666666672,False,0.0008526711664138664,0.07206151197057314,0.26035232060203173,377.2123,False
FFGPTBGBLSHEPO,1.054615386063952,False,False,1.0266666666666668,1.1333333333333333,0.10666666666666647,False,0.02123322754391487,0.16959489476949544,-0.4067864584570453,237.1022,False
FFSSWMQPCJRCRV,1.1766045559700973,False,False,1.08,1.2133333333333334,0.1333333333333333,False,0.006057856674175422,0.1939024741689706,-0.5707083807081836,241.977,False
FIPWRIJSWJWJAI,-0.30680434772492915,False,False,-0.3999999999999999,-0.2666666666666666,0.1333333333333333,False,0.0035121840832372585,0.04329255242960543,0.1019447986995059,356.243499755859,False
FLEFKKUZMDEUIP,-0.07824141706165164,False,False,-0.09333333333333327,-0.05333333333333323,0.040000000000000036,False,0.05580759504959966,0.1279342242405562,-0.261635463783066,581.032348632813,False
FLUOSFVUPTUYEX,0.13864850095727407,False,False,0.1333333333333333,0.15999999999999992,0.026666666666666616,False,0.048512154385431216,0.12383112231082996,-0.09936061463246845,336.181396484375,False
FMGZEUWROYGLAY,-0.5259979404676445,False,False,-0.6933333333333334,-0.48,0.21333333333333337,False,0.005173613467499326,0.046759574945422426,0.16908216762820816,435.048614501953,False
FOXFZRUHNHCZPX,0.35115867766423514,False,False,0.32000000000000006,0.3866666666666667,0.06666666666666665,False,0.02023294417552768,0.06357098546956551,0.0064082541827702455,215.0961,False
FPQFYIAXQDXNOR,0.0737417846214805,False,False,-0.01333333333333342,0.1200000000000001,0.13333333333333353,False,0.000213427545050742,0.04757467163006282,0.1415964293685099,321.169830322266,False
FQKUGOMFVDPBIZ,0.028796126649670083,False,False,-0.026666666666666616,0.08000000000000007,0.10666666666666669,False,0.004423173366259642,0.10230285579388373,0.39050759255713036,316.1076,False
FQNKTJPBXAZUGC,0.2586592197694777,False,False,0.2266666666666668,0.43999999999999995,0.21333333333333315,False,0.01491863675431709,0.06418167407493931,-0.053465394138843436,314.1387,False
FSVJFNAIGNNGKK,-0.263033259152592,False,False,-0.45333333333333337,-0.18666666666666676,0.2666666666666666,False,0.0008779571974164713,0.1601950737094021,0.5546673265832919,313.1911,False
FTLQSQQQFMZPKO,0.02672201133587355,False,False,-0.026666666666666616,0.08000000000000007,0.10666666666666669,False,0.003569151009545499,0.062461733476081464,0.15819782688851486,403.1816,False
GDLIGKIOYRNHDA,-1.1720023992445738,False,False,-1.2133333333333334,-0.9333333333333333,0.28,False,0.004881269352629846,0.2903666484705724,1.4459709014057296,315.1623,False
GFNANZIMVAIWHM,-0.1653987182353204,False,False,-0.33333333333333326,-0.1333333333333333,0.19999999999999996,False,0.0017269107366486697,0.07780483079278681,0.241504788472415,395.1864,False
GHOKWGTUZJEAQD,-0.19367162946812497,False,False,-0.2666666666666666,-0.09333333333333327,0.17333333333333334,False,0.0001701205451483786,0.11129072424983115,0.4170219235134528,220.1179,False
GHXSYXQURAMQQE,0.12786109940286572,False,False,0.09333333333333327,0.14666666666666672,0.053333333333333455,False,0.032316275763153504,0.09311874566802902,-0.15362026323859035,370.186401367188,False
GJTKAAFWJZWEPS,-0.6649063518043545,False,False,-0.6933333333333334,-0.43999999999999995,0.2533333333333334,False,0.07021795120417874,0.12392785050292901,-0.051038841614749364,643.1988,False
GLBLPMUBLHYFCW,-0.18731583971321794,False,False,-0.2533333333333334,-0.10666666666666669,0.14666666666666672,False,0.0009063158469914936,0.04688293481950447,0.16721957711493804,435.069122314453,False
GNOIPBMMFNIUFM,0.8440634031079377,False,False,0.8266666666666667,0.8799999999999999,0.05333333333333323,False,0.03262645535848332,0.22578970492630007,-0.6897975978521536,180.126,False
GOENIMGKWNZVDA,-1.6,True,False,-1.6,-1.5866666666666667,0.01333333333333342,True,0.018462594903729534,0.0815638532571034,0.14981448874374692,748.49951171875,False
GSLOLTKGVZFNKZ,-0.7640071923951346,False,False,-0.88,-0.5466666666666666,0.33333333333333337,False,0.002070915869028313,0.14968132209530904,0.7655614534517456,367.157699584961,False
GYSCAQFHASJXRS,-1.6,True,False,-1.6,-1.4933333333333334,0.10666666666666669,True,0.0020095319321746363,0.014484554576306236,-0.03971396060174204,801.442749023438,False
HDKWFBCPLKNOCK,-0.044785631044874125,False,False,-0.06666666666666665,-0.026666666666666616,0.040000000000000036,False,0.052888623664978505,0.15523830450404758,-0.39553804415163774,595.979797363281,False
HDVAWXXJVMJBAR,0.9469401179085601,False,False,0.9066666666666667,0.9866666666666668,0.08000000000000007,False,0.017755667713725335,0.14471453342610419,-0.29258818736170566,170.15397644043,False
HFCYZXMHUIHAQI,0.006105409756195568,False,False,-0.18666666666666676,0.053333333333333455,0.2400000000000002,False,0.018475940775094225,0.1843591727582791,0.4912432274483174,221.0492,False
HJJPJSXJAXAIPN,-0.4504763506485493,False,False,-0.4933333333333334,-0.3866666666666667,0.10666666666666669,False,0.018700172612394414,0.28427402341748886,0.9679120755901671,156.10188293457,False
HKODIGSRFALUTA,0.13013979363700212,False,False,0.10666666666666669,0.14666666666666672,0.040000000000000036,False,0.04081371362109644,0.10645205005207177,-0.09085174713567801,336.181365966797,False
HKQYGTCOTHHOMP,0.9233530903846919,False,False,0.8533333333333335,0.9866666666666668,0.1333333333333333,False,0.0027834182235423116,0.1066857591704403,-0.27519313633473674,269.0808,False
HPQGJNTUXNUIDL,0.11163802285088002,False,False,0.026666666666666616,0.19999999999999996,0.17333333333333334,False,0.001202790685941915,0.0636619085831466,0.19774540335774987,304.190856933594,False
HQUQLFOMPYWACS,-0.6622026775619012,False,False,-0.76,-0.5066666666666666,0.2533333333333334,False,0.0025997651283650503,0.09301706355671416,0.5018539116812546,284.9609375,False
HSHNITRMYYLLCV,0.7740138607192627,False,False,0.7466666666666666,0.8000000000000003,0.05333333333333368,False,0.005676132856897707,0.053488542696815196,0.0773681535117251,177.0546,False
HSMVPDGQOIQYSR,-1.6,True,False,-1.6,-1.56,0.040000000000000036,True,0.013528470720067041,0.3475128160075286,1.800743947838973,346.0929,False
HWGBHCRJGXAGEU,0.4442805476568514,False,False,0.3999999999999999,0.5066666666666668,0.10666666666666691,False,0.0005529174838436914,0.05566395297447764,0.1777622985677662,143.027542114258,False
HWVNEWGKWRGSRK,-0.034563718910870254,False,False,-0.08000000000000007,0.08000000000000007,0.16000000000000014,False,0.006179659609238873,0.04491428784323246,-0.05839005679809731,472.0659,False
HYYBABOKPJLUIN,1.3845698749648714,False,False,1.2400000000000002,1.4533333333333336,0.21333333333333337,False,0.005105003273698686,0.26181523692449926,-0.8488350658623482,242.1176,False
IANUJLZYFUDJIH,-0.5354077248914095,False,False,-0.6533333333333333,-0.32000000000000006,0.33333333333333326,False,0.008082777876365965,0.16101002396264352,0.6577316827147552,364.0737,False
IBXPYPUJPLLOIN,0.6557168198008657,False,False,0.6266666666666669,0.6933333333333334,0.06666666666666643,False,0.006450825050707029,0.04362693737926974,-0.03542098051337217,142.0611,False
IDOWTHOLJBTAFI,-0.1615864257915341,False,False,-0.19999999999999996,-0.1333333333333333,0.06666666666666665,False,0.009281447426070975,0.11861000845996666,0.3990874998286121,301.118225097656,False
IIAGSABLXRZUSE,-0.7434628859700526,False,False,-0.88,-0.52,0.36,False,0.0027402319548077655,0.06659173342486198,0.4459300689614213,479.079254150391,False
IIBYAHWJQTYFKB,-0.5429659803700398,False,False,-0.6933333333333334,-0.3866666666666667,0.30666666666666664,False,0.000913553855316362,0.1257855759670667,0.5723230789630925,362.1154,False
IQGKIPDJXCAMSM,0.5497802290859919,False,False,0.52,0.6000000000000001,0.08000000000000007,False,0.009533682873449072,0.0586917579964547,0.09348579789709166,248.033569335938,False
IRSCQMHQWWYFCW,0.24261321545049214,False,False,0.21333333333333337,0.2666666666666666,0.05333333333333323,False,0.053480212496933396,0.12251306890909068,0.2165941654560551,256.104644775391,False
IRVDMKJLOCGUBJ,-0.16103753933841689,False,False,-0.19999999999999996,-0.1333333333333333,0.06666666666666665,False,0.011734088312151107,0.07262106039891277,0.22228763399490178,249.04573059082,False
ISZQNKFXNXQTTF,-0.336312102830272,False,False,-0.5466666666666666,-0.29333333333333345,0.2533333333333332,False,0.00944305317179745,0.10558558827913983,0.3145869721480492,395.121368408203,False
ITBOACXGWYGOHV,0.7469346288165167,False,False,0.6800000000000002,0.7733333333333334,0.09333333333333327,False,0.004965659522007558,0.06625531578072988,-0.2397067908742836,270.160308837891,False
ITKAIUGKVKDENI,-0.15925757097637025,False,False,-0.19999999999999996,-0.11999999999999988,0.08000000000000007,False,0.009069502348061916,0.05272579586720848,0.05444790923058282,378.194488525391,False
ITYMTTQVNYAJAA,-0.7152125715700621,False,False,-0.8933333333333334,-0.52,0.3733333333333334,False,0.00023717559965691145,0.09157064353919452,0.4863160890626197,449.233032226563,False
IXBQSRWSVIBXNC,-1.6,True,False,-1.6,-1.5866666666666667,0.01333333333333342,True,0.011285366651961623,0.02877167663411959,-0.37672085001573175,825.450378417969,False
IZGBPAAEPVNBGA,0.7640841645715213,False,False,0.7600000000000002,0.7866666666666666,0.026666666666666394,False,0.1366311694162611,0.21459058851875262,-0.33488107290237945,345.253845214844,False
JAEZSIYNWDWMMN,0.6852307262202755,False,False,0.6533333333333333,0.7066666666666666,0.05333333333333323,False,0.0679087945879745,0.15103167295906864,-0.217714089536575,119.0637,False
JEJREKXHLFEVHN,-0.16939712000999446,False,False,-0.2666666666666666,-0.10666666666666669,0.15999999999999992,False,0.0001595691804914584,0.14336192493173686,0.48450629703145914,320.149780273438,False
JJCFRYNCJDLXIK,0.24696899515700813,False,False,0.18666666666666676,0.3866666666666667,0.19999999999999996,False,0.013314134087414387,0.09722072289140272,0.2518578571688036,288.174835205078,False
JJNVDCBKBUSUII,-0.12763221684829623,False,False,-0.2533333333333334,-0.08000000000000007,0.17333333333333334,False,0.0003837693625970276,0.15185698760857436,0.5133078554321855,286.143920898438,False
JLFNLZLINWHATN,0.24675264548935547,False,False,0.24,0.2666666666666666,0.026666666666666616,False,0.11413167973426235,0.1767958247362627,-0.22130340603530615,239.1489,False
JLOAJISUHPIQOX,0.862876707741466,False,False,0.8266666666666667,0.8933333333333335,0.06666666666666687,False,0.013838073898598285,0.16237377441414286,-0.44769112342033357,296.121643066406,False
JLYFCTQDENRSOL,0.30173799243462035,False,False,0.2266666666666668,0.3866666666666667,0.15999999999999992,False,0.00032816855159014497,0.06282425245019953,-0.19183302184469814,276.082,False
JNELGWHKGNBSMD,1.3008444028146404,False,False,1.1866666666666665,1.3866666666666667,0.20000000000000018,False,0.015074755707781641,0.13303969586724693,-0.3374770685358778,197.0597,False
JOOMJVFZQRQWKR,0.013879150027726782,False,False,-0.08000000000000007,0.08000000000000007,0.16000000000000014,False,0.001411379314649633,0.057315640760833175,-0.249744304186024,374.0934,False
JPMIIZHYYWMHDT,-0.1290044518348357,False,False,-0.2533333333333334,-0.09333333333333327,0.16000000000000014,False,0.001361340342185895,0.14728925404157267,0.45662760127678514,214.1259765625,False
JTEGQNOMFQHVDC,-0.1615469606685437,False,False,-0.18666666666666676,-0.14666666666666672,0.040000000000000036,False,0.03250903674870816,0.16689151288429382,0.5681978875725938,230.0594,False
JWYVGKFDLWWQJX,0.11868577815219222,False,False,0.06666666666666665,0.17333333333333334,0.10666666666666669,False,0.00028755441294294804,0.16141409297741277,0.4910559177619693,140.106903076172,False
KCJJINQANFZSAM,-1.6,True,False,-1.6,-1.6,0.0,True,0.08059707340639098,0.040644629669916554,-1.1818618765357245,1042.593566894535,False
KDGDTPNBDMVKHC,-0.3128380118613507,False,False,-0.4933333333333334,-0.2666666666666666,0.2266666666666668,False,0.0008148779751288759,0.08823377111779995,0.3124288225730642,420.2646,False
KGNGTSCIQCLKEH,-0.27710509861829136,False,False,-0.3600000000000001,-0.14666666666666672,0.21333333333333337,False,0.006175863549719164,0.1651226310725598,0.6046181876139102,305.109497070313,False
KKOYBOFPUBHPFO,-0.16480202109260825,False,False,-0.3466666666666667,-0.1333333333333333,0.21333333333333337,False,0.004239810222223764,0.046248086722737274,-0.23865887091881396,305.046447753906,False
KNAHARQHSZJURB,0.5081656178791374,False,False,0.4533333333333336,0.56,0.10666666666666647,False,0.0071806440402377245,0.0386929338866054,0.013847883289590524,171.058639526367,False
KNHGNICBXADRMC,0.35949068586881533,False,False,0.32000000000000006,0.43999999999999995,0.11999999999999988,False,0.007481612489466072,0.1143765851777603,-0.2614637087884714,297.1445,False
KRQDMAXNTWLTDZ,-1.6,True,False,-1.6,-1.4133333333333333,0.18666666666666676,True,0.026562529225002095,0.1299991992883841,0.7555048351217657,722.447326660156,False
KTHQLYOWYJTHOD,0.3253709290181518,False,False,0.15999999999999992,0.3600000000000001,0.20000000000000018,False,0.0678494120467506,0.21826868188679593,-0.6739130319412595,489.228088378906,False
KULDXINYXFTXMO,0.2873859884583052,False,False,0.2266666666666668,0.3999999999999999,0.17333333333333312,False,0.0014494844065833933,0.14128253287791231,-0.4728407255718976,414.966827392578,False
KVMPUXDNESXNOH,-0.8024985192170461,False,False,-0.9333333333333333,-0.7066666666666667,0.22666666666666668,False,0.0017247146029388924,0.09227750228706437,0.520844543907525,327.008361816406,False
KZFHUILKKFVOMB,-0.45550259352404016,False,False,-0.68,-0.42666666666666675,0.2533333333333333,False,0.07410490901246777,0.1272144709782461,0.06463902481721279,505.223052978516,False
LCOVYWIXMAJCDS,-0.3068843236061022,False,False,-0.42666666666666675,-0.15999999999999992,0.26666666666666683,False,0.0020538656914367514,0.12431719068312115,0.45671728173743464,363.216598510742,False
LDLMOOXUCMHBMZ,0.03140816292102044,False,False,0.0,0.08000000000000007,0.08000000000000007,False,0.011805616874738634,0.060763929363209644,0.16597021625428254,414.038665771484,False
LHJPHMKIGRLKDR,-0.15174299814475636,False,False,-0.19999999999999996,-0.01333333333333342,0.18666666666666654,False,0.006961678291701355,0.04224092341557079,0.04152157145771587,416.124069213867,False
LJUBVCQVNMLSTQ,-0.4544334924436771,False,False,-0.6666666666666667,-0.42666666666666675,0.24,False,0.059678184396708876,0.11274529725729192,0.04718213678552391,491.189666748047,False
LKAJKIOFIWVMDJ,0.7815291487514066,False,False,0.7600000000000002,0.8000000000000003,0.040000000000000036,False,0.06866909085086681,0.1743689817095187,-0.3164981203142425,329.259552001953,False
LLPMAOBOEQFPRE,0.13141857356823158,False,False,0.10666666666666669,0.15999999999999992,0.05333333333333323,False,0.012595379597292537,0.07297190448887203,-0.20385949074637197,411.171569824219,False
LMEKQMALGUDUQG,0.024596110343831863,False,False,-0.01333333333333342,0.06666666666666665,0.08000000000000007,False,0.010561676590216488,0.13151060407585752,0.4197556355134518,278.0455,False
LMNZTLDVJIUSHT,-0.1635754016504098,False,False,-0.19999999999999996,-0.14666666666666672,0.05333333333333323,False,0.014527935665704846,0.058673475242743876,0.024897376344252542,318.002014160156,False
LMVPQMGRYSRMIW,-0.49489761562194995,False,False,-0.6666666666666667,-0.3600000000000001,0.30666666666666664,False,0.0003569758085616414,0.1750290873347836,0.7043067190089543,312.116760253906,False
LNEPOXFFQSENCJ,-0.11379748956447579,False,False,-0.24,-0.06666666666666665,0.17333333333333334,False,0.0027466748052353608,0.07420807480158943,0.2346051594626275,376.147521972656,False
LPEPZBJOKDYZAD,1.0756696440733642,False,False,1.0,1.1333333333333333,0.1333333333333333,False,0.0022076509003602926,0.18617395349450377,-0.5554935342731767,282.073669433594,False
LVXYAFNPMXCRJI,-0.18563360046975733,False,False,-0.2666666666666666,-0.11999999999999988,0.14666666666666672,False,0.0025519918830460954,0.12409384141772746,0.4125658934019739,330.198028564453,False
MCJGNVYPOGVAJF,1.1668309801615906,False,False,1.1333333333333333,1.2000000000000002,0.06666666666666687,False,0.0035064924113534014,0.07186037239397916,-0.19633485238418624,146.060165405273,False
MEAKRQUSGACTFV,0.5208051088474757,False,False,0.48,0.56,0.08000000000000007,False,0.006388849905879615,0.05019497649844852,0.06665443292211148,157.043060302734,False
MHWLWQUZZRMNGJ,0.9370506188381945,False,False,0.8799999999999999,0.9733333333333336,0.09333333333333371,False,0.004282333524661761,0.1420421150455487,-0.38846740488425624,233.092010498047,False
MLKCGVHIFJBRCD,0.3425912274062799,False,False,0.28,0.3999999999999999,0.11999999999999988,False,0.000971805398591715,0.11141947123164034,-0.3744051605529348,412.0437,False
MWMQNVGAHVXSPE,-1.1045256685533553,False,False,-1.24,-0.8666666666666667,0.3733333333333333,False,0.03101048099578823,0.1686570449147674,1.026357306935917,494.00341796875,False
MXMXHPPIGKYTAR,-0.08667203602492235,False,False,-0.1333333333333333,-0.040000000000000036,0.09333333333333327,False,0.0028699927554607795,0.052121826633482866,0.19240250692142802,268.118621826172,False
NBMKJKDGKREAPL,-0.16064263792728042,False,False,-0.22666666666666657,-0.11999999999999988,0.10666666666666669,False,0.002467461001116869,0.04409501363911168,0.13055220165073247,409.177551269531,False
NKNFWVNSBIXGLL,-1.2009383372965308,False,False,-1.4000000000000001,-1.0533333333333332,0.3466666666666669,False,0.002825067130753302,0.18333342316408616,1.0894754226972034,315.148773193359,False
NNKVPIKMPCQWCG,0.7006081978939558,False,False,0.6000000000000001,0.7466666666666666,0.1466666666666665,False,0.00615501126455981,0.12629334249318627,-0.40939632869205034,142.009033203125,False
NQSMEZJWJJVYOI,0.8646506963577718,False,False,0.8133333333333335,0.9333333333333336,0.1200000000000001,False,0.007364786619238443,0.11499573117602213,-0.3554846222073138,241.085861206055,False
NSPMIYGKQJPBQR,1.1779095494196647,False,False,1.1333333333333333,1.2266666666666666,0.09333333333333327,False,0.0002528735664907324,0.09805044042947032,-0.3050550151299174,70.03993225097655,False
NTAFJUSDNOSFFY,0.6884657845659511,False,False,0.6533333333333333,0.7333333333333334,0.08000000000000007,False,0.005070550552510407,0.07571730908664205,-0.15358721552499954,170.092338562012,False
NUPJIGQFXCQJBK,0.353241098905327,False,False,0.29333333333333345,0.3999999999999999,0.10666666666666647,False,0.006457171310425229,0.07693574734337773,-0.2410605778535218,306.1448,False
NVEPPWDVLBMNMB,0.7690620851421477,False,False,0.7466666666666666,0.8000000000000003,0.05333333333333368,False,0.004072178058977023,0.14262035595574205,-0.3642813595584745,221.11067199707,False
NXJCRELRQHZBQA,0.9043815680532385,False,False,0.8266666666666667,0.96,0.1333333333333333,False,0.0026290941423220237,0.0911558431170878,-0.24659643065536963,207.0652,False
NZCRJKRKKOLAOJ,-1.6,True,False,-1.6,-1.5866666666666667,0.01333333333333342,True,0.02298871884775099,0.14306207663658002,0.6095730989884296,786.359313964844,False
OGNSCSPNOLGXSM,0.26401786952340833,False,False,0.21333333333333337,0.30666666666666664,0.09333333333333327,False,0.006317725117562882,0.10603610037239854,0.35415677609576524,119.081619262695,False
OIJHFHYPXWSVPF,1.4480263616727882,False,False,1.4,1.6,0.20000000000000018,True,0.0008537797668170951,0.25226121385039196,-0.7878985474914791,199.0866,False
ONCZDRURRATYFI,-0.598253296331134,False,False,-0.8533333333333334,-0.5066666666666666,0.3466666666666668,False,0.0020701955980906442,0.11285339294319445,0.4878283911112238,409.137,False
OPXLLQIJSORQAM,0.5409741820914846,False,False,0.52,0.5733333333333333,0.05333333333333323,False,0.042193558539730266,0.10443071437669961,-0.06149027134661211,296.102874755859,False
OUPZKGBUJRBPGC,-0.2344100543564782,False,False,-0.2666666666666666,-0.19999999999999996,0.06666666666666665,False,0.011597952816780565,0.14934941371602606,0.4985615297438567,298.103546142578,False
OVONXEQGWXGFJD,0.6835624820054788,False,False,0.6400000000000001,0.7333333333333334,0.09333333333333327,False,0.0030065650648447052,0.02861626705849422,-0.032936472864404154,129.01175689697249,False
OWZREIFADZCYQD,-0.6993268329732023,False,False,-0.8933333333333334,-0.5733333333333333,0.3200000000000002,False,0.002341572537744952,0.025908882877296053,0.049765844345150745,521.007629394531,False
PDGVNRYHKKLONF,0.12070836530752876,False,False,-0.08000000000000007,0.14666666666666672,0.2266666666666668,False,0.03892039945909018,0.0909806075482442,-0.1904929928365396,386.181427001953,False
PHLBKPHSAVXXEF,-0.08626816458523918,False,False,-0.24,-0.040000000000000036,0.19999999999999996,False,0.005701379832633009,0.09047559715220202,0.2583220308128999,372.1586,False
PIINGYXNCHTJTF,0.06899612065936449,False,False,0.0,0.1200000000000001,0.1200000000000001,False,0.004133456548696679,0.15416410166622457,0.490022238548706,119.081489562988,False
PJSFRIWCGOHTNF,-0.2251553619174011,False,False,-0.28,-0.11999999999999988,0.16000000000000014,False,0.000574714191845493,0.10360317273765685,0.3813863067737557,311.080902099609,False
PKKMITFKYRCCOL,-0.7437724773194143,False,False,-0.88,-0.52,0.36,False,0.0027728869156259063,0.05977728385080499,0.4106025262663415,479.07926940917946,False
PMHURSZHKKJGBM,-0.16130306187434904,False,False,-0.19999999999999996,-0.1333333333333333,0.06666666666666665,False,0.022595690871694322,0.09212335256222051,0.2523702665260247,333.180847167969,False
POFWRMVFWIJXHP,-0.23178846031385664,False,False,-0.2666666666666666,-0.08000000000000007,0.18666666666666654,False,0.01928175239568452,0.2168302611292785,0.7010892343901092,310.1662,False
PORQOHRXAJJKGK,-0.3271652271947654,False,False,-0.43999999999999995,-0.15999999999999992,0.28,False,0.0020286598751331503,0.10431389388897941,0.4326701474793755,282.048324584961,False
PQFRTXSWDXZRRS,-0.059539662077935686,False,False,-0.10666666666666669,-0.026666666666666616,0.08000000000000007,False,0.009573728741951268,0.14546407984067916,0.45581442634627156,201.0618,False
PWEOEHNGYFXZLI,-0.43765059801211026,False,False,-0.48,-0.24,0.24,False,0.0035658466985564585,0.07325339801284901,0.37234681096127564,360.192291259766,False
PZIRJMYRYORVIT,0.028538350554745844,False,False,-0.01333333333333342,0.06666666666666665,0.08000000000000007,False,0.007393395217393087,0.07943513122617628,-0.2457690132038819,263.017303466797,False
PZXOQEXFMJCDPG,0.4298292542989461,False,False,0.41333333333333355,0.4533333333333336,0.040000000000000036,False,0.020910250915867516,0.12729940169993204,-0.42418556667069457,214.029708862305,False
PZYDAVFRVJXFHS,0.4049584753941799,False,False,0.33333333333333326,0.4533333333333336,0.12000000000000033,False,0.0022070183723816384,0.07780470507386307,0.2244648285438819,168.1383,False
QAYICIQNSGETAS,-0.6606666826767654,False,False,-0.7333333333333334,-0.4933333333333334,0.24,False,0.002325749656251576,0.232661052233121,0.983925033319865,163.035858154297,False
QEGVVEOAVNHRAA,0.36541422034583715,False,False,0.33333333333333326,0.52,0.18666666666666676,False,0.008656604395979102,0.10866310591770363,-0.24360627604432905,327.0201,False
QMLVECGLEOSESV,-0.05351415663503038,False,False,-0.09333333333333327,-0.026666666666666616,0.06666666666666665,False,0.02007383660785928,0.12548532545767105,0.3924478969269323,358.156921386719,False
QNRRHYPPQFELSF,-0.8784190020335362,False,False,-0.9466666666666668,-0.68,0.2666666666666667,False,0.0006754339034783455,0.11843889361262118,0.7223270660328224,347.1575469970705,False
QPPBRPIAZZHUNT,-0.11364300859780087,False,False,-0.22666666666666657,-0.05333333333333323,0.17333333333333334,False,0.00014232458386289595,0.1419628437267042,0.48244057593620726,265.075592041016,False
QSLJIVKCVHQPLV,-0.09196013532458194,False,False,-0.1333333333333333,-0.040000000000000036,0.09333333333333327,False,0.002321159644101119,0.13932106089928142,0.4425629746300662,307.22683715820347,False
QTYCMDBMOLSEAM,-0.3647034325107491,False,False,-0.5333333333333334,-0.29333333333333345,0.24,False,0.0014186554869478549,0.1714279761468361,0.6189534922058441,334.168151855469,False
QUAMTGJKVDWJEQ,-0.23880799041851916,False,False,-0.28,-0.06666666666666665,0.21333333333333337,False,0.016471606479591804,0.0981666427922806,0.3511253385811406,327.1955,False
RJMIEHBSYVWVIN,0.7775715229241502,False,False,0.7333333333333334,0.8133333333333335,0.08000000000000007,False,0.0023139080036271705,0.1219042059285143,-0.338279110654254,282.11265563964855,False
RKUNBYITZUJHSG,0.1342663161658595,False,False,0.1200000000000001,0.15999999999999992,0.039999999999999813,False,0.017776050003792617,0.09270356662258755,0.1736876462979272,290.175415039063,False
RQDJADAKIFFEKQ,-0.9198122258856597,False,False,-1.1066666666666667,-0.7466666666666667,0.36,False,0.006892341884139599,0.26528293128949126,1.189053110652512,337.1215,False
RSIHSRDYCUFFLA,-0.1659274159100752,False,False,-0.3733333333333333,-0.14666666666666672,0.22666666666666657,False,0.005611057765349009,0.1777834733252747,0.56264760755604,287.20071411132847,False
RWCCWEUUXYIKHB,0.22798987881839636,False,False,0.19999999999999996,0.2666666666666666,0.06666666666666665,False,0.022847841869269823,0.20310281349818507,0.5579244955054358,183.080490112305,False
RXDMAYSSBPYBFW,-0.519769882504122,False,False,-0.6533333333333333,-0.32000000000000006,0.33333333333333326,False,0.004368557567152528,0.16108252125655265,0.6536471673276575,334.052978515625,False
SBDNJUWAMKYJOX,1.0284521513520581,False,False,1.0,1.0933333333333333,0.09333333333333327,False,0.009278806880549132,0.22261062320077182,-0.6553114771819611,296.023681640625,False
SBNFWQZLDJGRLK,0.015948372217676584,False,False,-0.040000000000000036,0.08000000000000007,0.1200000000000001,False,0.0019197285675057148,0.04299326105116674,0.09101778569240498,351.196014404297,False
SBZXBUIDTXKZTM,-0.15760132739430574,False,False,-0.19999999999999996,-0.11999999999999988,0.08000000000000007,False,0.010240593015334285,0.177513301642851,0.6195331497665346,135.101776123047,False
SCLUKEPFXXPARW,-0.2382111101557498,False,False,-0.45333333333333337,-0.21333333333333337,0.24,False,0.04868068247875805,0.10175271743356867,-0.19349124877292256,505.205444335938,False
SDMSCIWHRZJSRN,-0.5695726570231013,False,False,-0.7333333333333334,-0.48,0.2533333333333334,False,0.0024833078997560896,0.13609548415074021,0.6142082209397078,314.061,False
SECKRCOLJRRGGV,-0.4507622324402406,False,False,-0.48,-0.24,0.24,False,0.028074409587477,0.08137914329346117,0.10051375124298756,489.228088378906,False
SEEPANYCNGTZFQ,-0.16611874400976956,False,False,-0.2666666666666666,-0.10666666666666669,0.15999999999999992,False,7.334166156005495e-05,0.16721413906578286,0.5811512717885718,251.059768676758,False
SIIRBDOFKDACOK,-1.1053403562068833,False,False,-1.2533333333333334,-0.8933333333333334,0.36,False,0.003813064725380321,0.10303034633041618,0.7349761337864928,415.233856201172,False
SJDACOMXKWHBOW,0.44655106473989453,False,False,0.42666666666666675,0.4666666666666668,0.040000000000000036,False,0.029832193794874364,0.0880131497712504,0.1080737331721528,318.1125,False
SMWDFEZZVXVKRB,1.3025396621381815,False,False,1.1866666666666665,1.3866666666666667,0.20000000000000018,False,0.006403502310795587,0.09250242094772335,-0.27092303274205,130.065063476563,False
SNHRLVCMMWUAJD,-0.6249089934890799,False,False,-0.8133333333333334,-0.4933333333333334,0.31999999999999995,False,0.00019935320251834667,0.04535566227934331,0.25928290266980536,477.2647,False
STECJAGHUSJQJN,-0.24417540137873953,False,False,-0.3466666666666667,-0.17333333333333334,0.17333333333333334,False,0.002213410087875307,0.17699608525540794,0.5943608432728977,304.1543,False
STJLVHWMYQXCPB,-0.3323545619836793,False,False,-0.3866666666666667,-0.29333333333333345,0.09333333333333327,False,0.019463473228527647,0.15747321831525113,0.5342815501862616,342.0771,False
SXSGXWCSHSVPGB,0.23592217625865797,False,False,0.19999999999999996,0.2666666666666666,0.06666666666666665,False,0.03145295314950115,0.10204499553556695,0.12910351487565042,382.097717285156,False
SZWKGOZKRMMLAJ,0.13848241297519837,False,False,0.1200000000000001,0.18666666666666676,0.06666666666666665,False,0.0025211915328016317,0.034675045974778496,0.05648989821234773,352.1907,False
TVVXHFWWAYXBNC,-0.013200045571010907,False,False,-0.19999999999999996,0.026666666666666616,0.22666666666666657,False,0.006362024011910999,0.10094419647310619,0.265462875495082,334.0968,False
TWPMMLHBHPYSMT,0.7816738211252583,False,False,0.7466666666666666,0.8933333333333335,0.14666666666666694,False,0.005922757361386312,0.03441475968241885,-0.0052864987552773135,184.1121,False
UFKTZIXVYHGAES,0.8781327730314674,False,False,0.7600000000000002,0.9333333333333336,0.17333333333333334,False,0.007442115979400681,0.06021150867381727,-0.17322681069104884,257.1649627685545,False
ULSLJYXHZDTLQK,-0.06953030225316606,False,False,-0.10666666666666669,0.10666666666666669,0.21333333333333337,False,0.0032020202640245057,0.21876915868453156,0.7468623662871718,293.1172,False
UREBDLICKHMUKA,-0.43760040466473665,False,False,-0.5066666666666666,-0.28,0.22666666666666657,False,0.00010744382759571449,0.10515170529941263,0.49133297892039024,393.2072,False
URKOMYMAXPYINW,0.429216192799719,False,False,0.41333333333333355,0.4533333333333336,0.040000000000000036,False,0.01724218864703614,0.1312971047116947,-0.430576506569072,384.174133300781,False
VAOCPAMSLUNLGC,0.6676024766663676,False,False,0.6266666666666669,0.7066666666666666,0.07999999999999963,False,0.0059259360176641945,0.06848476102531316,-0.14932098649885195,172.0717,False
VFHVQBAGLAREND,-0.5379984543846695,False,False,-0.68,-0.48,0.20000000000000007,False,0.006805456273838995,0.18968826866536917,0.7547587292678378,349.134948730469,False
VHCNQEUWZYOAEV,0.5243793578477378,False,False,0.48,0.5733333333333333,0.09333333333333327,False,0.0026129884129301346,0.059004685704718535,0.1312171221983971,203.0927,False
VHRSUDSXCMQTMA,-0.15792235960102347,False,False,-0.22666666666666657,-0.10666666666666669,0.11999999999999988,False,0.0016399017593149534,0.05742331377757613,0.22808351891008022,375.2166,False
VLMZMRDOMOGGFA,0.8805501568160848,False,False,0.8533333333333335,0.9733333333333336,0.1200000000000001,False,0.006436698924386604,0.06354246486846396,-0.12019927103231376,241.170028686523,False
VLTNWNUPWHBSQY,-0.00895658708856481,False,False,-0.15999999999999992,0.053333333333333455,0.21333333333333337,False,0.003008097045856715,0.12666258300939984,0.36653715570514034,303.195587158203,False
VLYWMPOKSSWJAL,-0.22435530668459608,False,False,-0.28,-0.10666666666666669,0.17333333333333334,False,0.00027515488018057437,0.13974612908575912,0.5095093755383839,281.0703125,False
VOUGEZYPVGAPBB,0.19905203793170317,False,False,0.1200000000000001,0.2533333333333334,0.1333333333333333,False,0.0019800195415725806,0.06303096136438095,0.14848900850506458,171.065139770508,False
VOWAEIGWURALJQ,-0.30995804245837355,False,False,-0.3600000000000001,-0.15999999999999992,0.20000000000000018,False,0.02268761292592582,0.1387088218325735,0.4572797222951096,331.190216064453,False
VUNOFAIHSALQQH,0.5297486629526631,False,False,0.5066666666666668,0.5466666666666669,0.040000000000000036,False,0.035648556565717526,0.09864180369799105,-0.16004312585690794,212.2009,False
VVBLNCFGVYUYGU,0.24057336273831348,False,False,0.17333333333333334,0.28,0.10666666666666669,False,0.0005592672740310856,0.041569605815827436,0.08159038048957451,269.1648,False
VWUXBMIQPBEWFH,-1.1110656337819094,False,False,-1.4000000000000001,-0.92,0.4800000000000001,False,0.009463672815224778,0.07763910978529748,0.45592110022075705,607.324157714844,False
WAIJIHDWAKJCBX,-0.15724726155527952,False,False,-0.21333333333333337,-0.01333333333333342,0.19999999999999996,False,0.004326500224034504,0.07163431122955062,0.26528298138128,379.191589355469,False
WBPYTXDJUQJLPQ,-1.6,True,False,-1.6,-1.6,0.0,True,0.05160087763396275,0.04838939711671925,-0.5667667093282653,916.526184082031,False
WEBQKRLKWNIYKK,-0.044132356317929125,False,False,-0.08000000000000007,0.01333333333333342,0.09333333333333349,False,0.007706748587404727,0.06932854145165183,-0.164988637883562,253.009536743164,False
WMPXPUYPYQKQCX,-0.2232154680262057,False,False,-0.28,-0.10666666666666669,0.17333333333333334,False,0.00030917428891758366,0.1382323472402752,0.5083700174095482,281.070220947266,False
WTLBZVNBAKMVDP,-1.6,True,False,-1.6,-1.5333333333333334,0.06666666666666665,True,0.013413399323161893,0.12626459842614185,0.8145690236630183,399.2506,False
WTQYWNWRJNXDEG,0.13481602482728722,False,False,0.1200000000000001,0.15999999999999992,0.039999999999999813,False,0.013799665448939883,0.0820648529169765,0.1363362577929514,306.1703491210935,False
WUADCCWRTIWANL,0.7813324648537824,False,False,0.7466666666666666,0.8000000000000003,0.05333333333333368,False,0.003974868686778098,0.07584308883862502,-0.1706754908239062,285.0757,False
WXURHACBFYSXBI,-0.1655645691798649,False,False,-0.3466666666666667,-0.1333333333333333,0.21333333333333337,False,0.0033577706568035564,0.07088008793905538,0.203953143225935,411.197692871094,False
WXUZAHCNPWONDH,-0.6133328952809303,False,False,-0.7466666666666667,-0.48,0.2666666666666667,False,0.0005713901961921031,0.14907188145378636,0.6984772639363845,327.170288085938,False
WYEHFWKAOXOVJD,0.45267770466088275,False,False,0.42666666666666675,0.4666666666666668,0.040000000000000036,False,0.016806756425250913,0.08143337777047586,-0.12513222333359364,395.081237792969,False
WZJZMXBKUWKXTQ,-0.16317007552228024,False,False,-0.21333333333333337,-0.1333333333333333,0.08000000000000007,False,0.008899078293535066,0.12235261349573659,0.3874216802598387,301.118347167969,False
WZRCQWQRFZITDX,0.08928315905653632,False,False,0.01333333333333342,0.1333333333333333,0.11999999999999988,False,0.0040359876238571495,0.1608132787865354,0.49540568801638235,272.128356933594,False
XEGGRYVFLWGFHI,-0.16466960543757658,False,False,-0.2533333333333334,-0.11999999999999988,0.13333333333333353,False,0.0016076310175212457,0.19645791626028516,0.6334285277199115,224.091934204102,False
XIUROWKZWPIAIB,-0.36960294248327724,False,False,-0.6266666666666667,-0.29333333333333345,0.33333333333333326,False,0.004934470766230557,0.036289256755324656,-0.20176213314569352,323.030151367188,False
XIXHUNCZQIRQOG,0.42684499151684574,False,False,0.2266666666666668,0.43999999999999995,0.21333333333333315,False,0.047205669334506345,0.12659239867288374,0.16484634695217348,210.10466003418,False
XJSFLOJWULLJQS,-1.6,True,False,-1.6,-1.6,0.0,True,0.041840540982834365,0.05134735098716213,-0.37552102638350426,828.472961425781,False
XOFYZVNMUHMLCC,-0.002339812842664875,False,False,-0.15999999999999992,0.053333333333333455,0.21333333333333337,False,0.0066031280342664575,0.05988514469406899,0.10231473750455039,359.185394287109,False
XOXHILFPRYWFOD,-0.4610789028203668,False,False,-0.5333333333333334,-0.28,0.2533333333333334,False,0.00016447462119498956,0.1946886722630928,0.7739271977221913,285.020599365234,False
XQUXKZZNEFRCAW,-1.0228884516399186,False,False,-1.1600000000000001,-0.8133333333333334,0.3466666666666668,False,0.0011511060046690213,0.22018270648074711,1.1535700785333232,350.175201416016,False
XRHGWAGWAHHFLF,-0.3364432284533681,False,False,-0.4666666666666668,-0.28,0.18666666666666676,False,0.0023393525580590385,0.04601207142664919,0.15561586634760888,314.049,False
XRQDFNLINLXZLB,0.13898920254363648,False,False,0.1333333333333333,0.17333333333333334,0.040000000000000036,False,0.038400802159592184,0.11476003365981623,-0.2068365982783588,329.219619750977,False
XVOKUMIPKHGGTN,0.36646814874597056,False,False,0.33333333333333326,0.41333333333333355,0.0800000000000003,False,0.005844924636394274,0.07310426842182141,-0.17047909818965346,290.1499,False
XWALNWXLMVGSFR,-0.3108266591695444,False,False,-0.41333333333333333,-0.2533333333333334,0.15999999999999992,False,0.0032491846654543106,0.18181177373761617,0.6512958778316555,301.216186523438,False
XWMMZDZUHSYSPU,-0.18084419433027724,False,False,-0.2533333333333334,-0.11999999999999988,0.13333333333333353,False,0.003086541633143893,0.03816009202991652,-0.09008493990079877,550.302734375,False
XWPZUHJBOLQNMN,-0.8927574680627061,False,False,-0.9333333333333333,-0.6533333333333333,0.28,False,0.025279541068300833,0.2722370681449419,1.2135096937760776,320.152404785156,False
XZVSAQIQEGFWQS,-0.6686549778500746,False,False,-0.92,-0.6266666666666667,0.29333333333333333,False,0.04590654301352941,0.1040203948620316,0.15424610893368285,521.200073242188,False
XZZNDPSIHUTMOC,0.35210507889486337,False,False,0.29333333333333345,0.3866666666666667,0.09333333333333327,False,0.017110260209902178,0.0683661372269922,-0.09730134462505152,327.0781,False
YCAZFHUABUMOIM,-1.435629729722307,False,False,-1.6,-1.3733333333333335,0.22666666666666657,True,0.0060631344085890085,0.1202410682150751,0.7821472446816835,556.3269653320315,False
YEZNLOUZAIOMLT,1.077097567320091,False,False,1.0,1.146666666666667,0.14666666666666694,False,0.006422045530856124,0.201336707577093,-0.5973136297283796,262.06291198730503,False
YPACMOORZSDQDQ,0.4490624014128996,False,False,0.41333333333333355,0.52,0.10666666666666647,False,0.00016639428098454148,0.06824890541440526,-0.2116770265224996,315.1339,False
YQIGLEFUZMIVHU,0.04372218086807294,False,False,-0.040000000000000036,0.10666666666666669,0.14666666666666672,False,0.0006817376046337028,0.16980098791792342,0.523903455781087,128.106918334961,False
YRRBXJLFCBCKNW,0.17733198916730336,False,False,0.1333333333333333,0.2666666666666666,0.1333333333333333,False,0.0009030263847766126,0.014838216865670053,0.013724633255569774,191.121429443359,False
YRRKLBAKDXSTNC,-0.16237191312612254,False,False,-0.3600000000000001,-0.14666666666666672,0.21333333333333337,False,0.01812712033905509,0.09666605623732479,0.22593455344909597,223.0747,False
YTCIYOXHHQLDEI,0.697819196578398,False,False,0.6666666666666665,0.8399999999999999,0.17333333333333334,False,0.013121808648387466,0.1551406301712295,-0.3793225330017421,334.172698974609,False
YVIXXPCJZAUQHJ,-0.6750233423252744,False,False,-0.88,-0.5333333333333334,0.34666666666666657,False,0.0021203027481389324,0.13479010968231483,0.6378499405981594,405.109,False
YWTYJOPNNQFBPC,0.4309507511676446,False,False,0.41333333333333355,0.4533333333333336,0.040000000000000036,False,0.04039349385641648,0.11631091531166263,-0.1646296260795409,256.0596,False
YXALYBMHAYZKAP,-0.755427150864602,False,False,-0.88,-0.5333333333333334,0.34666666666666657,False,0.0025561364341503906,0.30346591217975566,1.245398724872158,253.143249511719,False
ZCGNOVWYSGBHAU,0.5397294884259475,False,False,0.5066666666666668,0.5733333333333333,0.06666666666666643,False,0.012438902083094356,0.08452920037962076,0.1406645146010138,158.0360794067385,False
ZLAQATDNGLKIEV,0.5752803517794638,False,False,0.4933333333333332,0.6400000000000001,0.14666666666666694,False,0.0002912130846091867,0.018338107078877213,0.04676297497471371,143.027450561523,False
ZOTBXTZVPHCKPN,0.42384222028023516,False,False,0.2266666666666668,0.43999999999999995,0.21333333333333315,False,0.025212625932782406,0.10116423830718853,-0.2866398972031294,314.138488769531,False
ZPEIMTDSQAKGNT,-0.9067653257436199,False,False,-1.1466666666666667,-0.8533333333333334,0.29333333333333333,False,0.010076691513154984,0.24408873824212238,1.1161376798349982,319.103057861328,False
ZRKZFNZPJKEWPC,-0.08632154284602385,False,False,-0.10666666666666669,-0.06666666666666665,0.040000000000000036,False,0.042528323750944,0.14639381028895498,0.3204207667054156,202.2165,False
ZSBXGIUJOOQZMP,0.9311140661982391,False,False,0.8933333333333335,0.9466666666666668,0.05333333333333323,False,0.033521499483643566,0.1894006405884126,-0.45302441510656977,249.196563720703,False
ZTMKADLOSYKWCA,0.42805777680961826,False,False,0.41333333333333355,0.43999999999999995,0.026666666666666394,False,0.039933280493687995,0.11550862721238099,0.12319866520426598,235.144088745117,False
ZTVIKZXZYLEVOL,0.13988863297507143,False,False,0.1200000000000001,0.18666666666666676,0.06666666666666665,False,0.008500325055756004,0.07149441829167368,0.23476145729062375,276.1595153808595,False
ZXDDPOHVAMWLBH,0.2534624631096423,False,False,0.21333333333333337,0.29333333333333345,0.08000000000000007,False,0.006300716597537863,0.1284750927903681,0.4359062626700772,215.06999206543,False
ZYGHJZDHTFUPRJ,0.6748907776729505,False,False,0.6266666666666669,0.7200000000000002,0.09333333333333327,False,0.002010423138875353,0.09803086673542674,0.2784485801593768,147.0439453125,False
ZZORFUFYDOWNEF,-0.09745482177315175,False,False,-0.14666666666666672,-0.05333333333333323,0.09333333333333349,False,0.002267271558759497,0.0800776271577822,0.25368424495257474,311.08119201660145,False
AABILZKQMVKFHP,-0.26326885354177587,False,False,-0.45333333333333337,-0.22666666666666657,0.2266666666666668,False,0.03407160244369346,0.08531011285435415,-0.18838064687609435,428.228149414063,False
AAVMGRPGPSSZBQ,0.10943593030480346,False,False,0.08000000000000007,0.1333333333333333,0.05333333333333323,False,0.020535764119477898,0.07873713167944353,-0.12294083685983358,370.186431884766,False
ACMXQHFNODYQAT,-0.1638905960335789,False,False,-0.21333333333333337,-0.1333333333333333,0.08000000000000007,False,0.009783717477522652,0.07752535872596351,0.23465131301868544,413.128387451172,False
ADFIQZBYNGPCGY,-0.19466356237265425,False,False,-0.33333333333333326,-0.1333333333333333,0.19999999999999996,False,0.0013498251306191757,0.1156986124707283,0.3775042176672434,339.144134521484,False
ADIMAYPTOBDMTL,0.5936859005984692,False,False,0.5466666666666669,0.7333333333333334,0.18666666666666654,False,0.00335523057711459,0.06499537686165584,-0.12872513994223156,287.058349609375,False
ALEXXDVDDISNDU,-0.24175948319005128,False,False,-0.32000000000000006,-0.14666666666666672,0.17333333333333334,False,0.004151074778621167,0.06362177513733672,0.20923843457487915,405.22737121582054,False
AOOCSKCGZYCEJX,0.3251233240248797,False,False,0.30666666666666664,0.3600000000000001,0.053333333333333455,False,0.01917947700036282,0.09020478848843039,0.17962474362049724,261.159912109375,False
AQYMRQUYPFCXDM,-0.01120981484542674,False,False,-0.05333333333333323,0.040000000000000036,0.09333333333333327,False,0.01198508753315336,0.17539890716471213,0.511526198881571,294.1125,False
ASDAXOTYWQZBDR,-0.08429798461160817,False,False,-0.10666666666666669,-0.06666666666666665,0.040000000000000036,False,0.042255207245032136,0.10252166143082907,0.1507585236997578,368.170837402344,False
ASOKPJOREAFHNY,0.9954738374944092,False,False,0.9466666666666668,1.04,0.09333333333333327,False,0.0005004861720265114,0.05079607758014648,-0.14810742943236277,136.0505,False
ATWWYGQDYGSWQA,0.7146747576131122,False,False,0.6400000000000001,0.7866666666666666,0.1466666666666665,False,0.002851290617271923,0.19509977065954617,-0.5999547599495253,358.165161132813,False
AUGQEEXBDZWUJY,-0.5845801706886152,False,False,-0.7466666666666667,-0.4666666666666668,0.2799999999999999,False,0.0006966992342223781,0.11214713226075453,0.5160829938870238,384.202239990234,False
AWYOMXWDGWUJHS,0.18973460285433674,False,False,0.1200000000000001,0.29333333333333345,0.17333333333333334,False,0.0010114006767791856,0.11526559759917214,-0.3888602777700907,319.124,False
BBXXLROWFHWFQY,0.7544418666619688,False,False,0.7333333333333334,0.7733333333333334,0.040000000000000036,False,0.02509318661994107,0.14179356024257042,-0.3519851290655266,210.1601,False
BGEBZHIAGXMEMV,1.075942314140748,False,False,1.0133333333333332,1.1733333333333333,0.16000000000000014,False,0.004818251654853511,0.08369306658207663,-0.2560474416889432,217.0495,False
BGRWYRAHAFMIBJ,0.005969932468894995,False,False,-0.040000000000000036,0.053333333333333455,0.09333333333333349,False,0.0073161553332719296,0.16861238376697288,0.5129642949079594,145.1335,False
BLGXFZZNTVWLAY,0.45877401295670045,False,False,0.3733333333333333,0.5066666666666668,0.13333333333333353,False,0.00216761101569894,0.03544951631231309,-0.10714966175687662,355.201599121094,False
BQJCRHHNABKAKU,0.7636735729580431,False,False,0.7466666666666666,0.7866666666666666,0.040000000000000036,False,0.012506846692585928,0.09751032718928677,-0.23363873353525944,286.144104003906,False
BXFOFFBJRFZBQZ,-0.8426294049487345,False,False,-0.9333333333333333,-0.6533333333333333,0.28,False,0.00022381954555188458,0.05065954069653514,0.34734137335943027,484.254699707031,False
BZGLBXYQOMFXAU,0.13865269083891826,False,False,0.09333333333333327,0.21333333333333337,0.1200000000000001,False,0.0035701131044125287,0.049238563074018346,-0.08698837676033808,330.102416992188,False
CAWXEEYDBZRFPE,-0.058231378081545354,False,False,-0.09333333333333327,-0.026666666666666616,0.06666666666666665,False,0.008365165670900157,0.09190237318328898,0.28143894743286,253.1659,False
CJHXCRMKMMBYJQ,0.5361079129134367,False,False,0.52,0.56,0.040000000000000036,False,0.03068605316557765,0.1187224297492996,-0.1508426424180077,210.160232543945,False
CKIJIGYDFNXSET,-1.0969305814454113,False,False,-1.2666666666666666,-0.9066666666666667,0.3599999999999999,False,0.0004463436404345142,0.12053202912861315,0.7881421992734894,424.073364257813,False
CLKZWXHKFXZIMA,0.0802948268365825,False,False,0.0,0.1200000000000001,0.1200000000000001,False,0.0019473945610405023,0.06854633639881196,0.1980556436949248,273.0982,False
CLSVJBIHYWPGQY,0.40927962609671814,False,False,0.30666666666666664,0.4533333333333336,0.14666666666666694,False,0.0013908919617623549,0.12713385958117865,-0.4726755994721989,374.196441650391,False
CMGDVUCDZOBDNL,0.870169946488047,False,False,0.7866666666666666,0.9733333333333336,0.18666666666666698,False,0.00369756209531607,0.03136558062905415,0.046054374087102334,134.071075439453,False
CMRJPMODSSEAPL,0.5100722088823837,False,False,0.48,0.5466666666666669,0.06666666666666687,False,0.0037644993394599447,0.09563596778008503,-0.2667350153787065,313.180236816406,False
CPCRJSQNWHCGOP,-1.6,True,False,-1.6,-1.6,0.0,True,0.017759692836442752,0.0459627248061622,-0.14138461454479856,706.400817871094,False
CQCJCAJOWSRHSH,0.18864601531465788,False,False,0.1200000000000001,0.2666666666666666,0.1466666666666665,False,0.0016626720857024035,0.035705785839368266,0.10846462334842152,303.102661132813,False
CRDKSBHJIGNEOH,0.21293711094743803,False,False,0.15999999999999992,0.28,0.1200000000000001,False,0.0016895028650939798,0.09765613120575074,0.2718544704101944,275.200592041016,False
CTSLUCNDVMMDHG,0.644601463013668,False,False,0.6000000000000001,0.7333333333333334,0.1333333333333333,False,0.0128148489250667,0.15268902242605456,-0.44499626047971663,261.023742675781,False
CWFOCCVIPCEQCK,-1.6,True,False,-1.6,-1.6,0.0,True,0.020458079009037206,0.28184735895416413,1.443470872919504,428.9590911865235,False
CXEGAUYXQAKHKJ,-1.6,True,False,-1.6,-1.6,0.0,True,0.036858992242508964,0.06118193736360104,-0.2972526982301851,886.530822753906,False
DEQITUUQPICUMR,-0.49579689966437174,False,False,-0.5733333333333333,-0.32000000000000006,0.2533333333333332,False,0.003629795385874093,0.027677726455831192,-0.01700027133252774,612.318481445313,False
DFFWZNDCNBOKDI,-0.33945839944179235,False,False,-0.48,-0.22666666666666657,0.2533333333333334,False,0.00021805957627885552,0.2256476237079109,0.808278593542967,225.07585144043,False
DJNZZLZKAXGMMC,0.43967468646517816,False,False,0.3999999999999999,0.5333333333333332,0.1333333333333333,False,0.00607180506881665,0.26629001550671993,-1.0244483686734944,544.2842,False
DKFLKXDTRUWFDL,0.08232542684647587,False,False,0.0,0.1200000000000001,0.1200000000000001,False,0.001533047589415512,0.06682229997853459,0.18485218494123085,319.097595214844,False
DLNWZIVYKQXLTN,0.173365321727271,False,False,0.1200000000000001,0.28,0.15999999999999992,False,0.0022942232668672065,0.03347063080240468,-0.05729692418209373,302.196594238281,False
DMJNNHOOLUXYBV,-1.1045182763626862,False,False,-1.3066666666666666,-0.9066666666666667,0.3999999999999999,False,0.0016531608763144757,0.12767727224983344,0.8237200108227098,384.159149169922,False
DNAWGBOKUFFVMB,0.136989903510195,False,False,0.1200000000000001,0.17333333333333334,0.05333333333333323,False,0.015436250154061155,0.07647342949968752,-0.059918836098785094,316.175903320313,False
DQFPEYARZIQXRM,-0.7227889534014282,False,False,-0.8933333333333334,-0.5466666666666666,0.3466666666666668,False,0.0013000536820096133,0.16408423031676142,0.7857518337578451,330.206344604492,False
DQJCHOQLCLEDLL,0.9923684955817257,False,False,0.9333333333333336,1.146666666666667,0.21333333333333337,False,0.00930901527255111,0.09422414082308796,-0.21031352353185206,190.043304443359,False
DSKJPMWIHSOYEA,0.10540289266664549,False,False,0.06666666666666665,0.14666666666666672,0.08000000000000007,False,0.0055085717615751505,0.08583697639669377,-0.31963226062655603,317.1642,False
DTDSAWVUFPGDMX,-1.3321059936026225,False,False,-1.4133333333333333,-1.1600000000000001,0.2533333333333332,False,0.007059335882068987,0.21011343369993557,1.2241777235919091,411.11279296875,False
DUEPRVBVGDRKAG,0.22570968516246956,False,False,0.18666666666666676,0.28,0.09333333333333327,False,0.010263524763753234,0.11690515293325551,0.26836763677858577,222.112411499023,False
DUFVKSUJRWYZQP,-0.3909436613348831,False,False,-0.6000000000000001,-0.33333333333333326,0.26666666666666683,False,0.007055627557461416,0.06331975612598374,0.16563384878108334,284.0538,False
FBOUIAKEJMZPQG,-0.6690904326811352,False,False,-0.7200000000000001,-0.43999999999999995,0.28000000000000014,False,0.045744079222908754,0.20894920359610894,0.8666432443510291,326.0821,False
FFHQNQNMELQOEF,-0.8820994130809435,False,False,-0.92,-0.5733333333333333,0.3466666666666668,False,0.00437727469327156,0.1784784205480641,0.970277489898553,409.1659,False
FHIVAFMUCKRCQO,-0.010833576090530378,False,False,-0.14666666666666672,0.053333333333333455,0.20000000000000018,False,0.001218200892451214,0.03636063146368219,-0.1719595180475576,305.107879638672,False
FKLFBQCQQYDUAM,0.8641058059069819,False,False,0.8266666666666667,1.0,0.17333333333333334,False,0.003137598151345884,0.10335172223383951,-0.2456358800440407,236.998336791992,False
FKNXQNWAXFXVNW,0.4540072446734356,False,False,0.42666666666666675,0.48,0.05333333333333323,False,0.009727547553688144,0.06683785281379753,-0.08865623280186569,291.170440673828,False
FMJYNECHJIZSCE,0.10166075324755425,False,False,-0.08000000000000007,0.1333333333333333,0.21333333333333337,False,0.0159148388745722,0.07474603528400299,-0.22778716963666784,278.072509765625,False
FMKMKBLHMONXJM,0.9294024401395387,False,False,0.8533333333333335,0.9866666666666668,0.1333333333333333,False,0.002011612827252952,0.05139824987726494,-0.14609108878776877,174.1026,False
FNYLWPVRPXGIIP,0.9418623934921968,False,False,0.9066666666666667,1.1733333333333333,0.2666666666666666,False,0.030492428313872447,0.15125656861530296,-0.24180277485978918,254.1149,False
FQEQMASDZFXSJI,0.3511863287357133,False,False,0.32000000000000006,0.3999999999999999,0.07999999999999985,False,0.007532654841291319,0.06454570796218771,0.1879388798942523,245.16506195068348,False
FQVNMXZPGWLUFZ,0.03782571601555423,False,False,-0.040000000000000036,0.10666666666666669,0.14666666666666672,False,0.0010487124068466992,0.07175262632314357,0.22935028265231722,288.159790039063,False
FULAPETWGIGNMT,-0.49936731084149205,False,False,-0.7066666666666667,-0.3733333333333333,0.33333333333333337,False,0.0011941068725061371,0.12536029115697403,0.5310142717735233,337.110290527344,False
FXKFFTMLFPWYFH,-0.24282483663544058,False,False,-0.3733333333333333,-0.14666666666666672,0.22666666666666657,False,0.001159367089592569,0.02029260585050281,-0.06488018839807014,433.1792,False
FYZBOYWSHKHDMT,-0.3551520085420311,False,False,-0.4666666666666668,-0.28,0.18666666666666676,False,0.006424758495411716,0.047233673341134624,-0.1456339748169294,411.194854736328,False
GCKMFJBGXUYNAG,-0.11213944067638205,False,False,-0.24,-0.08000000000000007,0.15999999999999992,False,0.010415146153356182,0.1677131672635626,0.5132970880869652,303.23193359375,False
GDDNFNQRHNCJAZ,-0.08123854783344021,False,False,-0.09333333333333327,0.1333333333333333,0.22666666666666657,False,0.038388235856455226,0.09640747093261633,0.12635799572597095,352.176239013672,False
GECHUMIMRBOMGK,-0.006034531436129544,False,False,-0.1333333333333333,0.06666666666666665,0.19999999999999996,False,0.0012106589783242771,0.13038693066933102,0.4224816661880385,250.064559936523,False
GOFJDXZZHFNFLV,0.024933150993022214,False,False,-0.040000000000000036,0.08000000000000007,0.1200000000000001,False,0.002234320465442134,0.054787904310844085,0.1535248465104226,318.197692871094,False
GONRXGWUUBPRKF,0.5495862018037093,False,False,0.5333333333333332,0.5866666666666669,0.05333333333333368,False,0.028920646918856818,0.11303620857459543,-0.11300813307206503,316.109100341797,False
GRTOGORTSDXSFK,0.0423417727200388,False,False,-0.09333333333333327,0.10666666666666669,0.19999999999999996,False,0.005510752941971271,0.08813062227339227,0.24574125766192345,353.1865234375,False
GTKRZJVAXAQBMB,-0.24132292974573571,False,False,-0.3600000000000001,-0.1333333333333333,0.2266666666666668,False,0.00023263763614602721,0.1415264203410241,0.5142433911754276,225.134674072266,False
GVGYEFKIHJTNQZ,-0.0775625490384066,False,False,-0.11999999999999988,0.0,0.11999999999999988,False,0.00046574916021122027,0.10215146100622448,0.36937645072556097,290.138641357422,False
GZUITABIAKMVPG,-0.898836965026658,False,False,-1.2666666666666666,-0.88,0.3866666666666666,False,0.0683266229646513,0.18815688695326507,0.8282382987458524,474.1734,False
HDOVUKNUBWVHOX,-0.49097353063589727,False,False,-0.6533333333333333,-0.33333333333333326,0.32000000000000006,False,0.005782511765889644,0.1397377281528092,0.5798808786581524,325.162200927734,False
HFLHHQWDPZNOPI,0.34423029954590534,False,False,0.29333333333333345,0.3866666666666667,0.09333333333333327,False,0.007927204157653684,0.07108442432184509,0.14357978789989068,273.1848907470705,False
HGSFRISGULOJBX,0.15172218845174906,False,False,0.1200000000000001,0.21333333333333337,0.09333333333333327,False,0.004887161690181129,0.10454647587825296,-0.2748679859893102,383.258117675781,False
HHJLLPFQZCUZAJ,-1.1114819824641913,False,False,-1.2933333333333334,-1.0266666666666668,0.2666666666666666,False,0.006628575535228274,0.05138960483295703,0.21951352793267276,694.467895507813,False
HILAYQUKKYWPJW,0.1317348104899276,False,False,0.1200000000000001,0.14666666666666672,0.026666666666666616,False,0.10282182570858696,0.14501983590960696,0.012243833971376211,228.243560791016,False
HOKKPVIRMVDYPB,0.03917509275407955,False,False,0.0,0.10666666666666669,0.10666666666666669,False,0.00537890992893505,0.04824087561887214,0.17842236951555485,253.031005859375,False
HOMGKSMUEGBAAB,0.10153247156277656,False,False,-0.09333333333333327,0.1333333333333333,0.22666666666666657,False,0.018832887045319536,0.07203048811134963,-0.11972631800169453,261.0321,False
HRSGCYGUWHGOPY,-0.8869595960335823,False,False,-0.9333333333333333,-0.6533333333333333,0.28,False,0.003087864556187923,0.08768954746562281,0.5808347999259833,398.2176513671875,False
HTQMVQVXFRQIKW,-0.10770331772108724,False,False,-0.17333333333333334,0.0,0.17333333333333334,False,0.0018455848940320727,0.053872986219913224,0.19521391229457966,441.167266845703,False
HWATZEJQIXKWQS,-0.5012546110267398,False,False,-0.6133333333333334,-0.32000000000000006,0.29333333333333333,False,0.005327636487440368,0.06629658012732144,0.33213494143450106,408.05859375,False
HXTGXYRHXAGCFP,0.10936637508123925,False,False,-0.08000000000000007,0.1333333333333333,0.21333333333333337,False,0.04174737801698169,0.10361398382560748,-0.08802568650844678,374.2126,False
HZJKXKUJVSEEFU,-0.8101814452192756,False,False,-0.88,-0.7333333333333334,0.1466666666666666,False,0.006240816204108992,0.23167752975537328,1.0298781922825109,289.1215,False
IAKHMKGGTNLKSZ,0.4781330151565834,False,False,0.43999999999999995,0.6266666666666669,0.18666666666666698,False,0.0025420937809226803,0.1910815677689117,-0.5834919128447453,400.1755,False
IDGRYIRJIFKTAN,-0.19744186162770733,False,False,-0.3466666666666667,-0.1333333333333333,0.21333333333333337,False,0.001303506347325433,0.1163645250088373,0.3802815977355469,339.144317626953,False
IDIMIWQPUHURPV,-0.09128358287751262,False,False,-0.11999999999999988,-0.06666666666666665,0.05333333333333323,False,0.03358665050667434,0.09789688433849779,0.08814141888382712,368.1708679199215,False
IDJJHEIUIYGFDX,0.5798573710374958,False,False,0.5066666666666668,0.6666666666666665,0.1599999999999997,False,0.0006597939987995564,0.09637104153251518,-0.269752305698975,302.175109863281,False
IEDVJHCEMCRBQM,0.7137446340279476,False,False,0.5866666666666669,0.7600000000000002,0.17333333333333334,False,0.001703793542035096,0.13465699454968497,-0.4381690975536985,291.145294189453,False
IIMUEPCADBPEMF,-0.38786202149232973,False,False,-0.6266666666666667,-0.33333333333333326,0.29333333333333345,False,0.00862256913530116,0.05641322711178294,0.10093242564833249,277.033050537109,False
IIQKUGXEGMZCLE,0.5502170262619774,False,False,0.52,0.5866666666666669,0.06666666666666687,False,0.014680136083224065,0.0808106902918632,-0.0928096149468497,298.118621826172,False
IJJVMEJXYNJXOJ,0.5357048444297551,False,False,0.5066666666666668,0.56,0.05333333333333323,False,0.022495823562553054,0.0974577509243927,-0.23220397041545127,376.0166015625,False
IPEHSCPRVOWQFQ,-0.24642598962430515,False,False,-0.29333333333333345,-0.10666666666666669,0.18666666666666676,False,0.005864805381584024,0.1415236401393255,0.5222076140461521,269.1318,False
IRCMYGHHKLLGHV,-0.010712452918627274,False,False,-0.19999999999999996,0.040000000000000036,0.24,False,0.0032720051263173005,0.039231982514415044,0.07169970749337401,304.121429443359,False
IRJQWZWMQCVOLA,-0.3090540324105943,False,False,-0.48,-0.22666666666666657,0.2533333333333334,False,0.0018048532444043057,0.1372437032733755,0.48453160817160973,335.095,False
IXSZQYVWNJNRAL,-0.40992202204124795,False,False,-0.48,-0.2533333333333334,0.22666666666666657,False,0.002853223520435922,0.14316048723032435,0.5880773255363546,360.177,False
JCCNYMKQOSZNPW,0.8035859048820715,False,False,0.6933333333333334,0.8533333333333335,0.16000000000000014,False,0.014799719281990508,0.21578900466360723,-0.6831229776443133,383.1521,False
JCICIFOYVSPMHG,0.82688037194871,False,False,0.7866666666666666,0.8666666666666667,0.08000000000000007,False,0.0026155851490581705,0.1080025460677712,-0.3384967096708117,278.0134,False
JJGYGPZNTOPXGV,0.5308334699835782,False,False,0.4933333333333332,0.5733333333333333,0.08000000000000007,False,0.0027447202228160065,0.08925204689671211,-0.22546837886863336,328.154632568359,False
JKQQZJHNUVDHKP,-0.07710831398906201,False,False,-0.10666666666666669,0.10666666666666669,0.21333333333333337,False,0.004064791415888208,0.03463684911508098,0.07450862349914031,407.222991943359,False
JKVRXULLSRIJAK,0.5292306317501504,False,False,0.4933333333333332,0.5733333333333333,0.08000000000000007,False,0.0025177562167987976,0.05001058850042998,0.10962520750153737,174.11266326904305,False
JNMRHUJNCSQMMB,-0.22106724226629818,False,False,-0.3466666666666667,-0.1333333333333333,0.21333333333333337,False,0.00023075554644870494,0.1554860725539664,0.5420870683535355,256.020965576172,False
JNTOCHDNEULJHD,0.2357937378270245,False,False,0.19999999999999996,0.2666666666666666,0.06666666666666665,False,0.031563717044849796,0.09866645854263054,0.18166286237539342,254.124984741211,False
JRRUSQGIRBEMRN,0.47895801695608436,False,False,0.42666666666666675,0.5733333333333333,0.1466666666666665,False,0.0019565353613276693,0.14957261298842686,-0.46182735357703614,386.16015625,False
JTHMVYBOQLDDIY,-0.8444515949049793,False,False,-0.92,-0.64,0.28,False,0.00048566838998781193,0.07816970189087813,0.5229749236084755,399.096740722656,False
JVKYZPBMZPJNAJ,0.777879268171974,False,False,0.7600000000000002,0.8000000000000003,0.040000000000000036,False,0.1292964927221539,0.28816880010022716,-0.6551530878337659,398.341949462891,False
JVYKIBAJVKEZSQ,0.7544176210763754,False,False,0.7200000000000002,0.7733333333333334,0.05333333333333323,False,0.010061648613079698,0.1335988487264011,-0.3574351863634502,265.191375732422,False
JYGXADMDTFJGBT,-0.21679414822691542,False,False,-0.28,-0.10666666666666669,0.17333333333333334,False,0.001430125431333383,0.11014434239994517,0.40687312250826746,363.216796875,False
JYIJIIVLEOETIQ,0.7615971615165256,False,False,0.7466666666666666,0.7866666666666666,0.040000000000000036,False,0.030463522758816846,0.15223752197509746,-0.3302347133604224,249.1959533691405,False
KDJGEXAPDZNXSD,-0.08729155618737369,False,False,-0.11999999999999988,-0.06666666666666665,0.05333333333333323,False,0.02867095847170044,0.10144885874828372,-0.24295979025088868,414.212692260742,False
KJHOZAZQWVKILO,0.060956261215119496,False,False,0.0,0.1200000000000001,0.1200000000000001,False,0.0020676470082806883,0.12097115067004958,0.41104461284763977,172.119323730469,False
KLGMSAOQDHLCOS,-0.4876896492905457,False,False,-0.6533333333333333,-0.33333333333333326,0.32000000000000006,False,0.0015796017287967939,0.023645468673805764,-0.05918535884101617,330.0593,False
KOKXXPKAPFSRCR,0.5385149883561253,False,False,0.4933333333333332,0.5866666666666669,0.09333333333333371,False,0.005387147540104584,0.1421438539655324,-0.3846089280631477,377.142,False
KVDJTXBXMWJJEF,-0.16264557243316238,False,False,-0.19999999999999996,-0.1333333333333333,0.06666666666666665,False,0.015317402334235276,0.10816009448295466,0.36411998624652386,397.054260253906,False
KVEQCVKVIFQSGC,-0.5219050757697008,False,False,-0.7333333333333334,-0.4666666666666668,0.2666666666666666,False,0.0023335763520607416,0.09734789083439988,0.4117726692932253,446.035552978516,False
KWLVWJPJKJMCSH,-0.27604870466204745,False,False,-0.48,-0.21333333333333337,0.2666666666666666,False,0.00646287738328362,0.03936095961341787,-0.08188053232315418,412.131225585938,False
KWVYSEWJJXXTEZ,-1.6,True,False,-1.6,-1.6,0.0,True,0.020791431625496765,0.07380318686567251,0.02395452864485703,760.499084472656,False
LGBYJXBCVZKJBL,-0.9052759408219155,False,False,-1.1066666666666667,-0.7466666666666667,0.36,False,0.00043466970298926234,0.16151214744593037,0.8360064000315954,289.1039,False
LINOMUASTDIRTM,-0.1641346976858247,False,False,-0.2533333333333334,-0.11999999999999988,0.13333333333333353,False,0.000824061261939355,0.15804209942045705,0.5641055708392215,297.133544921875,False
LMFKRLGHEKVMNT,-0.221876357972639,False,False,-0.30666666666666664,-0.11999999999999988,0.18666666666666676,False,0.0011279769347564475,0.05609408715694907,0.2083114668453187,314.196578979492,False
LMTIGABGABPAGU,0.7985535181368187,False,False,0.6800000000000002,0.8533333333333335,0.17333333333333334,False,0.00988876844562886,0.04680400216429205,0.034019244095443546,164.107,False
LQDARGUHUSPFNL,-0.6006038036357434,False,False,-0.8133333333333334,-0.5333333333333334,0.2799999999999999,False,0.00574522369540772,0.1581721658237605,0.6684074197279247,372.0288,False
LRUDIIUSNGCQKF,0.8619400948993117,False,False,0.7733333333333334,0.9466666666666668,0.17333333333333334,False,0.004910065306618805,0.037993612526234614,0.05428391928025622,134.071136474609,False
LRZWFURXIMFONG,-0.6906377620651832,False,False,-0.8933333333333334,-0.64,0.2533333333333334,False,0.027711068182028814,0.08921063476052521,0.25560883805888224,594.269836425781,False
LUZRJRNZXALNLM,-0.3760776526930201,False,False,-0.5466666666666666,-0.29333333333333345,0.2533333333333332,False,0.007032969477786038,0.03812858174563911,-0.014898250464186302,584.28759765625,False
MAHPNPYYQAIOJN,-0.5245317449227317,False,False,-0.6933333333333334,-0.48,0.21333333333333337,False,0.005829346139140544,0.045884890697534673,0.1439681768517419,425.109710693359,False
MBMQEIFVQACCCH,0.02419398909062908,False,False,-0.026666666666666616,0.06666666666666665,0.09333333333333327,False,0.0031060152037863937,0.07875780595139266,0.2610234306722511,319.154235839844,False
MEHHPFQKXOUFFV,0.7485060178343396,False,False,0.7200000000000002,0.7600000000000002,0.040000000000000036,False,0.016883458332934358,0.09982042381179143,-0.27253115951460416,271.169326782227,False
MKUXAQIIEYXACX,0.4232478811376772,False,False,0.3999999999999999,0.43999999999999995,0.040000000000000036,False,0.03270463717773065,0.0895227270014033,0.0356887242074716,226.093688964844,False
MTHHNSCIBYQVSB,-0.07963065028805492,False,False,-0.09333333333333327,-0.05333333333333323,0.040000000000000036,False,0.037834887504289774,0.12127454606747563,-0.22841974953400446,398.217346191406,False
MUILQBHOQBZMPG,-0.1635706004030456,False,False,-0.19999999999999996,-0.1333333333333333,0.06666666666666665,False,0.026385037033290575,0.0895528471794789,0.22028807298746844,433.150848388672,False
MUMGGOZAMZWBJJ,-0.2322070933106288,False,False,-0.32000000000000006,-0.11999999999999988,0.20000000000000018,False,0.004285985424470561,0.20254173062377107,0.6827449355549693,289.216339111328,False
MVWPTZQHBOWRTF,-0.8857047108067986,False,False,-0.9333333333333333,-0.6133333333333334,0.31999999999999995,False,0.004713218129733311,0.09057727044173422,0.6029349364872809,382.222595214844,False
NENPYTRHICXVCS,-0.3061522352739772,False,False,-0.41333333333333333,-0.14666666666666672,0.2666666666666666,False,0.002731857254892889,0.09223283131394867,0.38929605427891506,285.181549072266,False
NGZJXCFNBVJLQN,0.4409809186600199,False,False,0.3999999999999999,0.48,0.08000000000000007,False,0.002333666305209996,0.05093956117792412,0.13937178508878217,117.048431396484,False
NHKWRRHZTGQJMT,-0.4689227578621281,False,False,-0.5066666666666666,-0.2533333333333334,0.2533333333333332,False,0.05327283106788508,0.10660590796737489,0.052232362090405826,481.3213,False
NHOWDZOIZKMVAI,0.21985723641722082,False,False,0.15999999999999992,0.29333333333333345,0.13333333333333353,False,0.000495951585139209,0.04870460516991068,0.17546723148578164,331.0399,False
NJXZWIIMWNEOGJ,-1.6,True,False,-1.6,-1.5333333333333334,0.06666666666666665,True,0.0016012128702538432,0.111292911105881,0.7220414992603046,630.1671,False
NKRQJWQYBNTAEV,-0.08640681388306991,False,False,-0.10666666666666669,-0.06666666666666665,0.040000000000000036,False,0.03577081866168442,0.09777498669556121,0.15286719977342866,368.170867919922,False
NMVCBWZLCXANER,0.028678073939855536,False,False,-0.01333333333333342,0.06666666666666665,0.08000000000000007,False,0.006044414826774315,0.05283973106190697,-0.08271687289198336,366.110504150391,False
NOQGZXFMHARMLW,0.09967725862908898,False,False,-0.09333333333333327,0.1333333333333333,0.22666666666666657,False,0.021698460208357053,0.12176494034116617,0.24404461545656037,161.092346191406,False
NPAGDVCDWIYMMC,0.1257959592345919,False,False,0.08000000000000007,0.15999999999999992,0.07999999999999985,False,0.0021388695211283456,0.1317236704913598,0.3738487445460965,275.200576782227,False
NWWZPOKUUAIXIW,0.015600822880656152,False,False,-0.040000000000000036,0.06666666666666665,0.10666666666666669,False,0.0029147029855754454,0.039289240845185404,-0.08462298815323036,292.02685546875,False
NXQMCAOPTPLPRL,-0.4790767870806005,False,False,-0.52,-0.29333333333333345,0.22666666666666657,False,0.0035710582220566537,0.13232895092984392,0.5775044176295037,315.1227,False
OEBRKCOSUFCWJD,0.22521462555918664,False,False,0.18666666666666676,0.2666666666666666,0.07999999999999985,False,0.013281726030254801,0.057803074112743665,-0.18801391855178656,220.953430175781,False
OGJPXUAPXNRGGI,0.7126187034402874,False,False,0.6400000000000001,0.7733333333333334,0.1333333333333333,False,0.0096962841118059,0.15749849952756714,-0.4501100800489085,320.140625,False
OIKHXEKXIIAQKY,-0.9207230928291932,False,False,-1.2000000000000002,-0.8666666666666667,0.3333333333333335,False,0.005344264908877171,0.23829838557903402,1.0640862957926156,324.147766113281,False
ONHFWHCMZAJCFB,-0.266268386659392,False,False,-0.48,-0.24,0.24,False,0.075871750264802,0.14240330660560932,0.21291688842833612,258.279266357422,False
ONUFESLQCSAYKA,-0.1124197333592665,False,False,-0.2533333333333334,-0.040000000000000036,0.21333333333333337,False,0.0030526897310077503,0.05250710527943082,0.13453210953324038,330.04084777831997,False
OROGSEYTTFOCAN,0.7563313124690132,False,False,0.7333333333333334,0.7733333333333334,0.040000000000000036,False,0.00827728120386584,0.13346843699072303,-0.34876335053873553,300.159637451172,False
PDQAZBWRQCGBEV,0.5926580713191848,False,False,0.5333333333333332,0.7066666666666666,0.17333333333333334,False,0.0013024637281422034,0.016095039886609857,-0.005420596578220471,103.032470703125,False
PLGBHVNNYDZWGZ,-0.08483190313795383,False,False,-0.10666666666666669,-0.06666666666666665,0.040000000000000036,False,0.033304649584635374,0.09374893616811293,0.12995181062385683,352.176147460938,False
PMCVMORKVPSKHZ,0.02474578192101704,False,False,-0.01333333333333342,0.06666666666666665,0.08000000000000007,False,0.01353526141335339,0.08069718550739322,-0.20742715066062686,247.022338867188,False
PNKLMTPXERFKEN,-0.8935648855551208,False,False,-1.1066666666666667,-0.7200000000000001,0.3866666666666666,False,0.0005069230259759448,0.10294706250897089,0.615476534982689,442.243927001953,False
PNVNVHUZROJLTJ,-0.9913571900504189,False,False,-1.1866666666666668,-0.8133333333333334,0.3733333333333334,False,0.005398868598823938,0.2668075016713627,1.235331725162295,278.2115,False
PNXBXCRWXNESOV,0.4774603763865294,False,False,0.43999999999999995,0.6400000000000001,0.20000000000000018,False,0.004787036302052003,0.037510137282635726,0.06386659272217066,219.058776855469,False
POZRVZJJTULAOH,-0.08903326539166408,False,False,-0.11999999999999988,-0.05333333333333323,0.06666666666666665,False,0.006925739368456484,0.13365537212751943,0.4566970812066114,338.2115,False
PRGILOMAMBLWNG,0.47895801695608436,False,False,0.42666666666666675,0.5733333333333333,0.1466666666666665,False,0.0019565353613276693,0.14597190592149376,-0.4454231985370614,386.16015625,False
PSGAAPLEWMOORI,-0.4623370375721546,False,False,-0.5466666666666666,-0.3466666666666667,0.19999999999999996,False,0.006571345674240391,0.10908953925246181,0.4555744756367529,387.253540039063,False
PUYXTUJWRLOUCW,-0.22405050363557236,False,False,-0.3466666666666667,-0.1333333333333333,0.21333333333333337,False,0.00044772444637206207,0.07140324198874824,0.27094034720140014,298.274169921875,False
PVTHJAPFENJVNC,-1.2622152764125176,False,False,-1.4533333333333334,-1.0933333333333333,0.3600000000000001,False,0.0011174548465362148,0.230018441027449,1.3236930649404897,380.166778564453,False
PXDNXJSDGQBLKS,-0.5886840340204318,False,False,-0.7066666666666667,-0.4933333333333334,0.21333333333333326,False,0.004181423371545361,0.029108252719513762,0.012438653288934898,453.118591308594,False
PXMNMQRDXWABCY,-1.1977496699484196,False,False,-1.32,-0.8933333333333334,0.42666666666666664,False,0.007197459390613285,0.2695039664136436,1.4178985432914655,308.1524,False
PZRHRDRVRGEVNW,1.1645132972379892,False,False,1.1333333333333333,1.2000000000000002,0.06666666666666687,False,0.005477001275592244,0.17269618157814665,-0.5189164797391365,212.0818,False
QAXBVGVYDCAVLV,0.20376604865276637,False,False,0.14666666666666672,0.28,0.1333333333333333,False,0.0030720014723211704,0.08476650538279668,0.24421612612368004,224.110488891602,False
QEVHRUUCFGRFIF,-0.8977002005084077,False,False,-1.12,-0.8666666666666667,0.2533333333333334,False,0.010326505768595938,0.05463759553165789,0.20955565236497498,609.2807,False
QHOOOTIFRLZXNC,0.13705214089419865,False,False,0.1333333333333333,0.15999999999999992,0.026666666666666616,False,0.06108884322163784,0.1302600480586115,-0.0670076359448099,338.160186767578,False
QHOQHJPRIBSPCY,0.10505849633845617,False,False,-0.09333333333333327,0.1333333333333333,0.22666666666666657,False,0.02604953269193429,0.10655610768642661,-0.3694964923133965,306.103668212891,False
QHOZSLCIKHUPSU,-0.7168387560499172,False,False,-0.92,-0.5866666666666667,0.33333333333333337,False,0.005694432929319554,0.06655971085709474,0.28900205093937137,412.233459472656,False
QMBJSIBWORFWQT,-0.08695513328561602,False,False,-0.1333333333333333,-0.026666666666666616,0.10666666666666669,False,0.001282523221452662,0.017943137204080407,0.016887726489857507,405.182922363281,False
QRUDEWIWKLJBPS,1.1925910173552947,False,False,1.1600000000000001,1.3466666666666667,0.18666666666666654,False,0.002294616339447052,0.09970081856129999,-0.24535688385266263,120.0556,False
QSTHEUSPIBEICI,0.1297735134904317,False,False,0.09333333333333327,0.15999999999999992,0.06666666666666665,False,0.007300770772349431,0.07152990692268306,-0.17189113363908254,330.191436767578,False
QULLOTSYPAOTIW,-0.8069673873399354,False,False,-0.9066666666666667,-0.64,0.2666666666666667,False,0.000554163354753096,0.12008553749997343,0.6637960627460577,408.1143,False
QVCMHGGNRFRMAD,0.13477917734940484,False,False,0.1200000000000001,0.15999999999999992,0.039999999999999813,False,0.0249778451119708,0.07256420597703847,0.012928158660024364,326.160171508789,False
QWGDMFLQWFTERH,0.6955521705680886,False,False,0.6400000000000001,0.7733333333333334,0.1333333333333333,False,0.0038317099494979525,0.12392746116519975,-0.34532775626123347,314.1055,False
QWPMHHBRYYAMCN,0.13072270043996279,False,False,0.10666666666666669,0.14666666666666672,0.040000000000000036,False,0.022078156309890427,0.11615802056289584,-0.2753863169370493,358.18641662597645,False
QXKHYNVANLEOEG,0.9908204162668998,False,False,0.9333333333333336,1.106666666666667,0.17333333333333334,False,0.0027963277090527613,0.05919132208009735,-0.17092554381509495,217.0495,False
QYSPLQLAKJAUJT,-0.8071388076922241,False,False,-0.88,-0.56,0.31999999999999995,False,0.0029743750830600927,0.20131095011697228,0.9535020679240962,332.0701293945315,False
QZUDBNBUXVUHMW,0.024479990659563165,False,False,-0.01333333333333342,0.06666666666666665,0.08000000000000007,False,0.009873573215189186,0.07864045578809577,0.23775437632157662,327.136840820313,False
QZZUEBNBZAPZLX,-0.2230274214855679,False,False,-0.28,-0.09333333333333327,0.18666666666666676,False,0.0021558928646099418,0.11225085430695143,0.4263266278739144,393.217529296875,False
RAJWOBJTTGJROA,0.24064365853604547,False,False,0.18666666666666676,0.29333333333333345,0.10666666666666669,False,0.0065390056641917785,0.06777861512650496,0.19504083148855317,289.216400146484,False
RDECBWLKMPEKPM,-1.6,True,False,-1.6,-1.5866666666666667,0.01333333333333342,True,0.01818989900724403,0.08224493631095645,0.09776382114275828,746.484191894531,False
RDJQCOBTKKAQAH,-0.4542512294893371,False,False,-0.5066666666666666,-0.29333333333333345,0.21333333333333315,False,0.001455449064657076,0.07583498364901128,0.36089369644733754,404.1623,False
RHSUJRQZTQNSLL,0.20909699272646565,False,False,0.15999999999999992,0.28,0.1200000000000001,False,0.004183758507209211,0.09294409315025964,0.2504393648991913,238.107345581055,False
RJKFOVLPORLFTN,-0.44171939896616325,False,False,-0.5066666666666666,-0.28,0.22666666666666657,False,0.0009588941988062812,0.18219710713736054,0.7424453617953082,315.231903076172,False
RJNGYXYCHGHJLS,-1.2871939205050518,False,False,-1.5333333333333334,-1.1066666666666667,0.42666666666666675,False,0.0013320262003292903,0.0553697522208111,0.38862610360912897,678.436462402344,False
RKDOFSJTBIDAHX,-0.4526781728984704,False,False,-0.5333333333333334,-0.32000000000000006,0.21333333333333337,False,0.001477636416366179,0.07228686856036065,0.3417087187445243,342.191528320313,False
RMOGWMIKYWRTKW,-1.013525502674969,False,False,-1.2266666666666668,-0.8933333333333334,0.33333333333333337,False,0.005349746368763137,0.2871099139570211,1.3023814230203135,294.136840820313,False
RQZAXGRLVPAYTJ,0.015639263326848545,False,False,-0.026666666666666616,0.06666666666666665,0.09333333333333327,False,0.005122927308304772,0.03543347644043191,-0.034233660505715455,385.2373,False
RSMUVYRMZCOLBH,-0.5236785782496918,False,False,-0.7466666666666667,-0.4933333333333334,0.2533333333333333,False,0.007967370266170117,0.08322731024662194,0.30764853594664987,382.081481933594,False
RTCOGUMHFFWOJV,-0.5224485810007764,False,False,-0.7333333333333334,-0.48,0.2533333333333334,False,0.001771857573038295,0.039903578755717636,0.1280012796456711,411.107940673828,False
RVKCCVTVZORVGD,-0.29792301942653304,False,False,-0.45333333333333337,-0.17333333333333334,0.28,False,0.00021016261128946345,0.16433614510254213,0.6086600638691868,253.107376098633,False
RXPRRQLKFXBCSJ,0.4481898339711598,False,False,0.3600000000000001,0.4933333333333332,0.13333333333333308,False,0.0018186668734992122,0.05839194819901659,-0.1717371035310204,355.201782226563,False
RXZBMPWDPOLZGW,-1.6,True,False,-1.6,-1.6,0.0,True,0.055804633018888085,0.07529252402377887,-0.31404436315385853,837.5318,False
SAPGTCDSBGMXCD,0.3675548984682337,False,False,0.30666666666666664,0.41333333333333355,0.10666666666666691,False,0.0035127877841059775,0.05257680068669417,0.10794074152323324,315.0695,False
SFVVQRJOGUKCEG,-0.0994978553115894,False,False,-0.14666666666666672,-0.06666666666666665,0.08000000000000007,False,0.00460251246888046,0.0645076760325382,0.20565892541203812,300.180877685547,False
SGNXVBOIDPPRJJ,0.3137628775585362,False,False,0.2533333333333334,0.3866666666666667,0.1333333333333333,False,0.0009574944997482346,0.11842955668850731,0.3443250875860893,166.122787475586,False
SLRCCWJSBJZJBV,0.5480522771652888,False,False,0.5066666666666668,0.5866666666666669,0.08000000000000007,False,0.010517655810614548,0.054549316475846536,-0.05235786601524295,235.21696472168,False
SOODLZHDDSGRKL,0.12985828628062243,False,False,0.10666666666666669,0.14666666666666672,0.040000000000000036,False,0.016221644570193074,0.08022907872345801,-0.09510035536710268,354.191558837891,False
SRJQTHAZUNRMPR,-1.6,True,False,-1.6,-1.5866666666666667,0.01333333333333342,True,0.017199705844531336,0.08067982717639677,0.1473611221552793,732.467956542969,False
STMIIPIFODONDC,-0.9977827105202817,False,False,-1.2266666666666668,-0.9066666666666667,0.32000000000000006,False,0.007148204297941191,0.2638423955672865,1.1778694254519253,314.0821,False
SYJGKVOENHZYMQ,-0.6870515256149878,False,False,-0.7466666666666667,-0.5066666666666666,0.2400000000000001,False,0.014586660374634955,0.08633410742648753,0.41997198394698887,484.0709,False
SZRPDCCEHVWOJX,0.4987334981164654,False,False,0.4533333333333336,0.5333333333333332,0.07999999999999963,False,0.012703645026713214,0.11891738301021947,-0.3945640511991785,324.0568,False
TZBPRYIIJAJUOY,-0.04444862227296154,False,False,-0.09333333333333327,0.06666666666666665,0.15999999999999992,False,0.0030928212783685747,0.09505186989772178,-0.34708636564055506,334.1349,False
UAFDGCOOJPIAHN,-0.6049442974045313,False,False,-0.8666666666666667,-0.5333333333333334,0.33333333333333326,False,0.003926950082463006,0.21828129116489686,0.8579588099315129,332.070129394531,False
UHBUSMAHWHZQKS,-0.5532247201761531,False,False,-0.6933333333333334,-0.4666666666666668,0.22666666666666657,False,0.0006150847076190245,0.16873797336669763,0.6893016588340277,381.1609,False
UJVHVMNGOZXSOZ,0.06325107286017775,False,False,-0.06666666666666665,0.10666666666666669,0.17333333333333334,False,0.000442509339938159,0.17440695952510066,0.520413565468517,119.081550598145,False
URDNHJIVMYZFRT,-1.3380841080482835,False,False,-1.4133333333333333,-1.1733333333333333,0.24,False,0.006267299042698948,0.2937239026491309,1.5233455482149505,328.097961425781,False
UTSVPXMQSFGQTM,1.3010370562866935,False,False,1.1733333333333333,1.3866666666666667,0.21333333333333337,False,0.002029217085891745,0.2367968870383427,-0.7562596986429054,325.0711669921875,False
UWVKRNOCDUPIDM,-0.10644734052986818,False,False,-0.2533333333333334,-0.026666666666666616,0.2266666666666668,False,0.005723269790848549,0.06270037488248602,-0.25150187018659287,399.097137451172,False
UXAFRQPVHYZDED,0.28851865028616636,False,False,0.2266666666666668,0.3466666666666667,0.11999999999999988,False,0.0027374817972602183,0.18538359581547229,-0.7596025334443322,548.212768554688,False
VAGOJLCWTUPBKD,0.22600638799830564,False,False,0.17333333333333334,0.29333333333333345,0.1200000000000001,False,0.0014212560777044163,0.016912734851173852,0.0043974537767736965,278.138671875,False
VEENJGZXVHKXNB,-0.3836659407349786,False,False,-0.5466666666666666,-0.32000000000000006,0.22666666666666657,False,0.005944689203715139,0.09911182630840774,0.32396142995298727,238.084091186523,False
VEQOALNAAJBPNY,0.7550927123850243,False,False,0.7200000000000002,0.7733333333333334,0.05333333333333323,False,0.009207136908419788,0.05996766566001043,-0.08876933235925932,189.1022,False
VEVZCONIUDBCDC,0.589869226332887,False,False,0.5066666666666668,0.6933333333333334,0.18666666666666654,False,0.002056654300747927,0.08313811059272415,-0.23838323283757057,313.115859985352,False
VGBNSONMEGTIDX,-0.5955429598924272,False,False,-0.68,-0.4933333333333334,0.18666666666666665,False,0.006474819952376379,0.12205406805063011,0.5454307764589893,351.075988769531,False
VIKNJXKGJWUCNN,-0.09724980567425746,False,False,-0.14666666666666672,0.0,0.14666666666666672,False,0.0007642701042900931,0.13871963118546157,0.47473802726327774,299.2006,False
VNKBTWQZTQIWDV,-0.16616236905219037,False,False,-0.28,-0.11999999999999988,0.16000000000000014,False,0.0010329449810961818,0.04298739221788807,0.11675979028261749,324.981384277344,False
VOCBWIIFXDYGNZ,-0.8922221025543365,False,False,-0.9333333333333333,-0.6533333333333333,0.28,False,0.013569711606488732,0.1280048399190918,0.742964452552536,401.304901123047,False
VRWXOVDCMDXQDO,-0.5129889905317316,False,False,-0.7066666666666667,-0.41333333333333333,0.29333333333333333,False,0.008875961581880466,0.07100266205990308,0.27099717046378313,450.212646484375,False
VSZGPKBBMSAYNT,-0.3048859298400898,False,False,-0.41333333333333333,-0.15999999999999992,0.2533333333333334,False,0.002017100772704689,0.05776142429236938,0.2252318595124262,313.21240234375,False
VUKJGAVIWMPOOJ,0.02078644233168981,False,False,-0.01333333333333342,0.053333333333333455,0.06666666666666687,False,0.020002061380435206,0.10213155869184311,0.26675667302428996,391.140472412109,False
VVMQRZZXKNDPOT,0.25594161673358723,False,False,0.18666666666666676,0.3733333333333333,0.18666666666666654,False,0.0032546686688914,0.10888518778723097,0.3340188052435356,180.138442993164,False
VZRKEAFHFMSHCD,-0.10063851578292586,False,False,-0.15999999999999992,0.01333333333333342,0.17333333333333334,False,0.0004788858802120539,0.06800985555769579,0.23777859231231474,216.1594,False
WGZDBVOTUVNQFP,0.4568117067199926,False,False,0.41333333333333355,0.5066666666666668,0.09333333333333327,False,0.0001466447548080101,0.017606792259765226,-0.03029702670644263,233.1033,False
WKBPZYKAUNRMKP,-0.9217088026924295,False,False,-1.0266666666666668,-0.7733333333333333,0.2533333333333335,False,0.012143489819358916,0.2657018740590981,1.1987160134158918,284.0716,False
WKSAUQYGYAYLPV,1.1761826668911257,False,False,1.146666666666667,1.2133333333333334,0.06666666666666643,False,0.0030825164738503886,0.20360122604375763,-0.6052160689475355,249.0902,False
WMLPCIHUFDKWJU,-0.8673942106854641,False,False,-0.9466666666666668,-0.6666666666666667,0.28,False,0.0027837200514515023,0.06980061816194955,0.4176826815285245,414.107757568359,False
WOXKDUGGOYFFRN,-0.16314714625706125,False,False,-0.19999999999999996,-0.14666666666666672,0.05333333333333323,False,0.03597846753799419,0.13049717095450428,0.41376529776407267,390.145050048828,False
WQRCEBAZAUAUQC,0.43107674966087595,False,False,0.41333333333333355,0.4533333333333336,0.040000000000000036,False,0.024756956241637776,0.09420286224550517,-0.12701528722785105,272.014343261719,False
WTOYNNBCKUYIKC,0.21899131644886968,False,False,0.15999999999999992,0.29333333333333345,0.13333333333333353,False,0.0006949389227206026,0.09956353893287218,0.29173970901141644,219.1743,False
WWSYXEZEXMQWHT,0.9299447010680866,False,False,0.8933333333333335,0.9733333333333336,0.08000000000000007,False,0.006249598492420798,0.174240743534832,-0.45949952484869394,315.086410522461,False
WWYNJERNGUHSAO,-0.13695931796280367,False,False,-0.2533333333333334,-0.08000000000000007,0.17333333333333334,False,0.00031840951921315014,0.13133601108750148,0.4407016421110306,313.21662902832054,False
WYVVKGNFXHOCQV,0.02039326764059076,False,False,-0.01333333333333342,0.040000000000000036,0.053333333333333455,False,0.07171049920844491,0.12750356661862808,-0.1882920225487393,281.998748779297,False
WZZLDXDUQPOXNW,0.07986827778604005,False,False,0.01333333333333342,0.15999999999999992,0.1466666666666665,False,0.000651850396138467,0.03862432140503406,0.13383026737381293,189.159759521484,False
XBZBRCVCSVLJJZ,0.845429691765193,False,False,0.7866666666666666,0.8933333333333335,0.10666666666666691,False,0.009584332262465097,0.1404932924163999,-0.4065683588291493,281.1285,False
XDOTVMNBCQVZKG,-1.3876481890227963,False,False,-1.6,-1.28,0.32000000000000006,True,0.006498433152141521,0.12364271583078226,0.7297340140577067,355.056427001953,False
XEKNACRTWJHOCE,0.5090697412136873,False,False,0.48,0.5466666666666669,0.06666666666666687,False,0.0027749773487297045,0.05434484637618263,0.09644108620202463,205.043075561523,False
XGCUCFKWVIWWNW,-0.3284093024376362,False,False,-0.45333333333333337,-0.19999999999999996,0.2533333333333334,False,0.0022370908493628116,0.13039852789483078,0.4867066960221136,355.138916015625,False
XHZPRMZZQOIPDS,-0.6721321577198118,False,False,-0.7466666666666667,-0.4666666666666668,0.2799999999999999,False,0.002576756953375234,0.18839240194292758,0.8656357188740689,208.06404876709,False
XIGAUIHYSDTJHW,-0.37374546978673895,False,False,-0.4933333333333334,-0.29333333333333345,0.19999999999999996,False,0.0022168894746985553,0.18319464265052388,0.6826322271660704,299.0849609375,False
XLNZEKHULJKQBA,-0.7025309391550045,False,False,-0.8933333333333334,-0.5866666666666667,0.30666666666666675,False,0.004073624003628907,0.06869283127340213,0.350820337192141,289.05216979980503,False
XOZLRRYPUKAKMU,-0.6787235398967043,False,False,-0.7866666666666667,-0.52,0.2666666666666667,False,0.003397835787050908,0.2568991676704983,1.076288257593692,246.160186767578,False
XQJQCBDIXRIYRP,0.020369173406996267,False,False,-0.01333333333333342,0.053333333333333455,0.06666666666666687,False,0.01923516926189156,0.10634667234504169,0.2763034751431406,332.156982421875,False
XRQHTUDGPWMPKX,-0.17678314489323196,False,False,-0.3466666666666667,-0.14666666666666672,0.19999999999999996,False,0.00613439929407044,0.045223247205061524,-0.18938740339919738,277.015106201172,False
XTDZGXBTXBEZDN,0.430137784312793,False,False,0.3999999999999999,0.4666666666666668,0.06666666666666687,False,0.00726140954459142,0.07518855632669139,-0.20140511850102066,360.188354492188,False
XZNUGFQTQHRASN,-0.4919703658732547,False,False,-0.5333333333333334,-0.42666666666666675,0.10666666666666669,False,0.019603378023743036,0.07012804746608096,0.16802028747194864,540.288146972656,False
YFGYUFNIOHWBOB,-0.25824908436609084,False,False,-0.42666666666666675,-0.15999999999999992,0.26666666666666683,False,0.0004091560754901239,0.12848183355583936,0.451702399295547,239.1503,False
YKBOANIGYIONAL,-0.2702498542707171,False,False,-0.4933333333333334,-0.2533333333333334,0.24,False,0.03520013088144809,0.09693592382597709,-0.42756890866103603,602.150512695313,False
YLDDCEXDGNXCIO,0.6395526132318442,False,False,0.5866666666666669,0.7066666666666666,0.11999999999999966,False,0.004494840697541205,0.05410820128534125,-0.10308719642665953,220.1696,False
YLRFCQOZQXIBAB,0.15473420274260105,False,False,0.1333333333333333,0.3600000000000001,0.2266666666666668,False,0.018707600464010196,0.06294484671990928,0.19104056007430661,337.217407226563,False
YOSHYTLCDANDAN,0.02270243636366122,False,False,-0.040000000000000036,0.06666666666666665,0.10666666666666669,False,0.0033481235310865894,0.037796447956523004,-0.11993697503330326,429.240661621094,False
YPEWWOUWRRQBAX,0.6768019151456806,False,False,0.6533333333333333,0.6933333333333334,0.040000000000000036,False,0.08320848705966374,0.14649392141599413,-0.14234579168294303,130.0863,False
YTOPFCCWCSOHFV,0.13380125585827185,False,False,0.1200000000000001,0.14666666666666672,0.026666666666666616,False,0.05336864879161559,0.1526224180544896,-0.2892821350633211,298.310485839844,False
YTRMTPPVNRALON,0.9373346688474978,False,False,0.8933333333333335,0.9866666666666668,0.09333333333333327,False,0.02484080393007682,0.14063562120178427,-0.23115191735830198,250.0863,False
YXKMMRDKEKCERS,-0.9902893499845402,False,False,-1.1866666666666668,-0.8400000000000001,0.3466666666666667,False,0.002223929035071631,0.20369027413350546,1.0427604541665365,325.051940917969,False
YYJNOYZRYGDPNH,-0.4566566414104424,False,False,-0.5066666666666666,-0.2666666666666666,0.24,False,0.02378112267461175,0.08256309292294559,0.25203055386924744,422.2074,False
ZACLXWTWERGCLX,-0.6561811466602688,False,False,-0.8133333333333334,-0.41333333333333333,0.4,False,0.013760622276187308,0.24341544189827297,1.0398935336488093,281.13856506347645,False
ZDHCJEIGTNNEMY,-0.060509170197195324,False,False,-0.10666666666666669,0.09333333333333327,0.19999999999999996,False,0.0015631281877579153,0.11155589050965145,0.43754125063463095,303.232025146484,False
ZISFCTXLAXIEMV,-0.5992729472500812,False,False,-0.8133333333333334,-0.52,0.29333333333333333,False,0.008956561428313465,0.09263199055643644,0.39422471572914464,390.166534423828,False
ZJJXGWJIGJFDTL,-0.700211606131914,False,False,-0.92,-0.64,0.28,False,0.015966326391812384,0.08844875566278304,0.3414818277566868,446.1857,False
ZNEMYFCJOCCUJN,-0.22943228036424332,False,False,-0.32000000000000006,-0.1333333333333333,0.18666666666666676,False,0.001240723160907304,0.05472400898827175,0.18924072352342733,330.191650390625,False
ZOGDSYNXUXQGHF,-0.6887548796243311,False,False,-0.7466666666666667,-0.5066666666666666,0.2400000000000001,False,0.023365540178946154,0.098289546707636,0.4339252959292149,400.248474121094,False
ZOXBWJMCXHTKNU,0.8961052758410631,False,False,0.7733333333333334,0.9466666666666668,0.17333333333333334,False,0.004143448122365195,0.04414089127724407,-0.1374062902200981,163.039,False
ZPUCINDJVBIVPJ,-0.07866745502376646,False,False,-0.11999999999999988,-0.026666666666666616,0.09333333333333327,False,0.0029231986385489525,0.08400387785376084,0.2735090872443613,304.154449462891,False
ZRVUJXDFFKFLMG,-0.8354515193778327,False,False,-1.0133333333333334,-0.7333333333333334,0.28,False,0.0024066504817131266,0.17727629348194585,0.8602843895850913,352.042,False
ZTWZVMIYIIVABD,-1.2580290928990687,False,False,-1.5466666666666669,-1.2133333333333334,0.3333333333333335,False,0.01842113475617391,0.10536991451890017,0.6302433031318013,516.2956,False
ZUBPKHVCBGWWGO,-1.271266555261659,False,False,-1.4266666666666667,-1.1733333333333333,0.2533333333333334,False,0.007146983108675368,0.1409046715494734,0.9467980754693768,484.2516,False
ZXSWTMLNIIZPET,0.08777804136856653,False,False,0.01333333333333342,0.1333333333333333,0.11999999999999988,False,0.00040223678145888896,0.12222947865776763,0.36275964767798347,289.216369628906,False
