record_id,source_file,compound_id,recorded_key14,release,ion_mode,precursor_type,nce,first_failed_rule,reason
MSBNK-Eawag-EQ00002451,MSBNK-Eawag-EQ00002451.txt,UPMXNNIRAGDFEH,UPMXNNIRAGDFEH,2024.11,NEGATIVE,[M-H]-,15.0,R1,ion_mode=NEGATIVE precursor_type=[M-H]-
MSBNK-Eawag-EQ00002452,MSBNK-Eawag-EQ00002452.txt,UPMXNNIRAGDFEH,UPMXNNIRAGDFEH,2024.11,NEGATIVE,[M-H]-,30.0,R1,ion_mode=NEGATIVE precursor_type=[M-H]-
MSBNK-Eawag-EQ00002453,MSBNK-Eawag-EQ00002453.txt,UPMXNNIRAGDFEH,UPMXNNIRAGDFEH,2024.11,NEGATIVE,[M-H]-,45.0,R1,ion_mode=NEGATIVE precursor_type=[M-H]-
MSBNK-Eawag-EQ00002454,MSBNK-Eawag-EQ00002454.txt,UPMXNNIRAGDFEH,UPMXNNIRAGDFEH,2024.11,NEGATIVE,[M-H]-,60.0,R1,ion_mode=NEGATIVE precursor_type=[M-H]-
MSBNK-Eawag-EQ00002455,MSBNK-Eawag-EQ00002455.txt,UPMXNNIRAGDFEH,UPMXNNIRAGDFEH,2024.11,NEGATIVE,[M-H]-,75.0,R1,ion_mode=NEGATIVE precursor_type=[M-H]-
MSBNK-Eawag-EQ00002456,MSBNK-Eawag-EQ00002456.txt,UPMXNNIRAGDFEH,UPMXNNIRAGDFEH,2024.11,NEGATIVE,[M-H]-,90.0,R1,ion_mode=NEGATIVE precursor_type=[M-H]-
MSBNK-Eawag-EQ00002457,MSBNK-Eawag-EQ00002457.txt,UPMXNNIRAGDFEH,UPMXNNIRAGDFEH,2024.11,NEGATIVE,[M-H]-,120.0,R1,ion_mode=NEGATIVE precursor_type=[M-H]-
MSBNK-Eawag-EQ00002458,MSBNK-Eawag-EQ00002458.txt,UPMXNNIRAGDFEH,UPMXNNIRAGDFEH,2024.11,NEGATIVE,[M-H]-,150.0,R1,ion_mode=NEGATIVE precursor_type=[M-H]-
MSBNK-Eawag-EQ00002459,MSBNK-Eawag-EQ00002459.txt,UPMXNNIRAGDFEH,UPMXNNIRAGDFEH,2024.11,NEGATIVE,[M-H]-,180.0,R1,ion_mode=NEGATIVE precursor_type=[M-H]-
MSBNK-Eawag-EQ00008401,MSBNK-Eawag-EQ00008401.txt,YOYAIZYFCNQIRF,YOYAIZYFCNQIRF,2024.11,POSITIVE,[M+H]+,15.0,R4,nce=15 not an adjudication cell (30 or 60)
MSBNK-Eawag-EQ00008402,MSBNK-Eawag-EQ00008402.txt,YOYAIZYFCNQIRF,YOYAIZYFCNQIRF,2024.11,POSITIVE,[M+H]+,30.0,R8,R8i: scaffold group guard: group in the MURU exposure registry
MSBNK-Eawag-EQ00008403,MSBNK-Eawag-EQ00008403.txt,YOYAIZYFCNQIRF,YOYAIZYFCNQIRF,2024.11,POSITIVE,[M+H]+,45.0,R4,nce=45 not an adjudication cell (30 or 60)
MSBNK-Eawag-EQ00008404,MSBNK-Eawag-EQ00008404.txt,YOYAIZYFCNQIRF,YOYAIZYFCNQIRF,2024.11,POSITIVE,[M+H]+,60.0,R8,R8i: scaffold group guard: group in the MURU exposure registry
MSBNK-Eawag-EQ00008405,MSBNK-Eawag-EQ00008405.txt,YOYAIZYFCNQIRF,YOYAIZYFCNQIRF,2024.11,POSITIVE,[M+H]+,75.0,R4,nce=75 not an adjudication cell (30 or 60)
MSBNK-Eawag-EQ00008601,MSBNK-Eawag-EQ00008601.txt,UFNOUKDBUJZYDE,UFNOUKDBUJZYDE,2024.11,POSITIVE,[M+H]+,15.0,R4,nce=15 not an adjudication cell (30 or 60)
MSBNK-Eawag-EQ00008602,MSBNK-Eawag-EQ00008602.txt,UFNOUKDBUJZYDE,UFNOUKDBUJZYDE,2024.11,POSITIVE,[M+H]+,30.0,R8,R8a: compound key in MassSpecGym 1.5 by the recorded InChIKey route
MSBNK-Eawag-EQ00008603,MSBNK-Eawag-EQ00008603.txt,UFNOUKDBUJZYDE,UFNOUKDBUJZYDE,2024.11,POSITIVE,[M+H]+,45.0,R4,nce=45 not an adjudication cell (30 or 60)
MSBNK-Eawag-EQ00008604,MSBNK-Eawag-EQ00008604.txt,UFNOUKDBUJZYDE,UFNOUKDBUJZYDE,2024.11,POSITIVE,[M+H]+,60.0,R8,R8a: compound key in MassSpecGym 1.5 by the recorded InChIKey route
MSBNK-Eawag-EQ00008605,MSBNK-Eawag-EQ00008605.txt,UFNOUKDBUJZYDE,UFNOUKDBUJZYDE,2024.11,POSITIVE,[M+H]+,75.0,R4,nce=75 not an adjudication cell (30 or 60)
MSBNK-Eawag-EQ00008606,MSBNK-Eawag-EQ00008606.txt,UFNOUKDBUJZYDE,UFNOUKDBUJZYDE,2024.11,POSITIVE,[M+H]+,90.0,R4,nce=90 not an adjudication cell (30 or 60)
MSBNK-Eawag-EQ00008607,MSBNK-Eawag-EQ00008607.txt,UFNOUKDBUJZYDE,UFNOUKDBUJZYDE,2024.11,POSITIVE,[M+H]+,120.0,R4,nce=120 not an adjudication cell (30 or 60)
MSBNK-Eawag-EQ00008608,MSBNK-Eawag-EQ00008608.txt,UFNOUKDBUJZYDE,UFNOUKDBUJZYDE,2024.11,POSITIVE,[M+H]+,150.0,R4,nce=150 not an adjudication cell (30 or 60)
MSBNK-Eawag-EQ00008609,MSBNK-Eawag-EQ00008609.txt,UFNOUKDBUJZYDE,UFNOUKDBUJZYDE,2024.11,POSITIVE,[M+H]+,180.0,R4,nce=180 not an adjudication cell (30 or 60)
MSBNK-Eawag-EQ00008801,MSBNK-Eawag-EQ00008801.txt,WYKYKTKDBLFHCY,WYKYKTKDBLFHCY,2024.11,POSITIVE,[M+H]+,15.0,R4,nce=15 not an adjudication cell (30 or 60)
MSBNK-Eawag-EQ00008802,MSBNK-Eawag-EQ00008802.txt,WYKYKTKDBLFHCY,WYKYKTKDBLFHCY,2024.11,POSITIVE,[M+H]+,30.0,R8,R8a: compound key in MassSpecGym 1.5 by the recorded InChIKey route
MSBNK-Eawag-EQ00008803,MSBNK-Eawag-EQ00008803.txt,WYKYKTKDBLFHCY,WYKYKTKDBLFHCY,2024.11,POSITIVE,[M+H]+,45.0,R4,nce=45 not an adjudication cell (30 or 60)
MSBNK-Eawag-EQ00008804,MSBNK-Eawag-EQ00008804.txt,WYKYKTKDBLFHCY,WYKYKTKDBLFHCY,2024.11,POSITIVE,[M+H]+,60.0,R8,R8a: compound key in MassSpecGym 1.5 by the recorded InChIKey route
MSBNK-Eawag-EQ00008805,MSBNK-Eawag-EQ00008805.txt,WYKYKTKDBLFHCY,WYKYKTKDBLFHCY,2024.11,POSITIVE,[M+H]+,75.0,R4,nce=75 not an adjudication cell (30 or 60)
MSBNK-Eawag-EQ00008806,MSBNK-Eawag-EQ00008806.txt,WYKYKTKDBLFHCY,WYKYKTKDBLFHCY,2024.11,POSITIVE,[M+H]+,90.0,R4,nce=90 not an adjudication cell (30 or 60)
MSBNK-Eawag-EQ00008807,MSBNK-Eawag-EQ00008807.txt,WYKYKTKDBLFHCY,WYKYKTKDBLFHCY,2024.11,POSITIVE,[M+H]+,120.0,R4,nce=120 not an adjudication cell (30 or 60)
MSBNK-Eawag-EQ00008808,MSBNK-Eawag-EQ00008808.txt,WYKYKTKDBLFHCY,WYKYKTKDBLFHCY,2024.11,POSITIVE,[M+H]+,150.0,R4,nce=150 not an adjudication cell (30 or 60)
MSBNK-Eawag-EQ00008809,MSBNK-Eawag-EQ00008809.txt,WYKYKTKDBLFHCY,WYKYKTKDBLFHCY,2024.11,POSITIVE,[M+H]+,180.0,R4,nce=180 not an adjudication cell (30 or 60)
MSBNK-Eawag-EQ00008851,MSBNK-Eawag-EQ00008851.txt,WYKYKTKDBLFHCY,WYKYKTKDBLFHCY,2024.11,NEGATIVE,[M-H]-,15.0,R1,ion_mode=NEGATIVE precursor_type=[M-H]-
MSBNK-Eawag-EQ00008852,MSBNK-Eawag-EQ00008852.txt,WYKYKTKDBLFHCY,WYKYKTKDBLFHCY,2024.11,NEGATIVE,[M-H]-,30.0,R1,ion_mode=NEGATIVE precursor_type=[M-H]-
MSBNK-Eawag-EQ00008853,MSBNK-Eawag-EQ00008853.txt,WYKYKTKDBLFHCY,WYKYKTKDBLFHCY,2024.11,NEGATIVE,[M-H]-,45.0,R1,ion_mode=NEGATIVE precursor_type=[M-H]-
MSBNK-Eawag-EQ00008854,MSBNK-Eawag-EQ00008854.txt,WYKYKTKDBLFHCY,WYKYKTKDBLFHCY,2024.11,NEGATIVE,[M-H]-,60.0,R1,ion_mode=NEGATIVE precursor_type=[M-H]-
MSBNK-Eawag-EQ00008855,MSBNK-Eawag-EQ00008855.txt,WYKYKTKDBLFHCY,WYKYKTKDBLFHCY,2024.11,NEGATIVE,[M-H]-,75.0,R1,ion_mode=NEGATIVE precursor_type=[M-H]-
MSBNK-Eawag-EQ00008856,MSBNK-Eawag-EQ00008856.txt,WYKYKTKDBLFHCY,WYKYKTKDBLFHCY,2024.11,NEGATIVE,[M-H]-,90.0,R1,ion_mode=NEGATIVE precursor_type=[M-H]-
MSBNK-Eawag-EQ00008857,MSBNK-Eawag-EQ00008857.txt,WYKYKTKDBLFHCY,WYKYKTKDBLFHCY,2024.11,NEGATIVE,[M-H]-,120.0,R1,ion_mode=NEGATIVE precursor_type=[M-H]-
MSBNK-Eawag-EQ00008858,MSBNK-Eawag-EQ00008858.txt,WYKYKTKDBLFHCY,WYKYKTKDBLFHCY,2024.11,NEGATIVE,[M-H]-,150.0,R1,ion_mode=NEGATIVE precursor_type=[M-H]-
MSBNK-Eawag-EQ00008859,MSBNK-Eawag-EQ00008859.txt,WYKYKTKDBLFHCY,WYKYKTKDBLFHCY,2024.11,NEGATIVE,[M-H]-,180.0,R1,ion_mode=NEGATIVE precursor_type=[M-H]-
MSBNK-Eawag-EQ00010401,MSBNK-Eawag-EQ00010401.txt,VTNQPKFIQCLBDU,VTNQPKFIQCLBDU,2024.11,POSITIVE,[M+H]+,15.0,R4,nce=15 not an adjudication cell (30 or 60)
MSBNK-Eawag-EQ00010402,MSBNK-Eawag-EQ00010402.txt,VTNQPKFIQCLBDU,VTNQPKFIQCLBDU,2024.11,POSITIVE,[M+H]+,30.0,R8,R8a: compound key in MassSpecGym 1.5 by the recorded InChIKey route
MSBNK-Eawag-EQ00010403,MSBNK-Eawag-EQ00010403.txt,VTNQPKFIQCLBDU,VTNQPKFIQCLBDU,2024.11,POSITIVE,[M+H]+,45.0,R4,nce=45 not an adjudication cell (30 or 60)
MSBNK-Eawag-EQ00010404,MSBNK-Eawag-EQ00010404.txt,VTNQPKFIQCLBDU,VTNQPKFIQCLBDU,2024.11,POSITIVE,[M+H]+,60.0,R8,R8a: compound key in MassSpecGym 1.5 by the recorded InChIKey route
MSBNK-Eawag-EQ00010405,MSBNK-Eawag-EQ00010405.txt,VTNQPKFIQCLBDU,VTNQPKFIQCLBDU,2024.11,POSITIVE,[M+H]+,75.0,R4,nce=75 not an adjudication cell (30 or 60)
MSBNK-Eawag-EQ00010406,MSBNK-Eawag-EQ00010406.txt,VTNQPKFIQCLBDU,VTNQPKFIQCLBDU,2024.11,POSITIVE,[M+H]+,90.0,R4,nce=90 not an adjudication cell (30 or 60)
MSBNK-Eawag-EQ00010407,MSBNK-Eawag-EQ00010407.txt,VTNQPKFIQCLBDU,VTNQPKFIQCLBDU,2024.11,POSITIVE,[M+H]+,120.0,R4,nce=120 not an adjudication cell (30 or 60)
MSBNK-Eawag-EQ00010408,MSBNK-Eawag-EQ00010408.txt,VTNQPKFIQCLBDU,VTNQPKFIQCLBDU,2024.11,POSITIVE,[M+H]+,150.0,R4,nce=150 not an adjudication cell (30 or 60)
MSBNK-Eawag-EQ00010801,MSBNK-Eawag-EQ00010801.txt,SUSRORUBZHMPCO,SUSRORUBZHMPCO,2024.11,POSITIVE,[M+H]+,15.0,R4,nce=15 not an adjudication cell (30 or 60)
MSBNK-Eawag-EQ00010802,MSBNK-Eawag-EQ00010802.txt,SUSRORUBZHMPCO,SUSRORUBZHMPCO,2024.11,POSITIVE,[M+H]+,30.0,R8,R8i: scaffold group guard: group in the MURU exposure registry
MSBNK-Eawag-EQ00010803,MSBNK-Eawag-EQ00010803.txt,SUSRORUBZHMPCO,SUSRORUBZHMPCO,2024.11,POSITIVE,[M+H]+,45.0,R4,nce=45 not an adjudication cell (30 or 60)
MSBNK-Eawag-EQ00010804,MSBNK-Eawag-EQ00010804.txt,SUSRORUBZHMPCO,SUSRORUBZHMPCO,2024.11,POSITIVE,[M+H]+,60.0,R8,R8i: scaffold group guard: group in the MURU exposure registry
MSBNK-Eawag-EQ00010805,MSBNK-Eawag-EQ00010805.txt,SUSRORUBZHMPCO,SUSRORUBZHMPCO,2024.11,POSITIVE,[M+H]+,75.0,R4,nce=75 not an adjudication cell (30 or 60)
MSBNK-Eawag-EQ00010806,MSBNK-Eawag-EQ00010806.txt,SUSRORUBZHMPCO,SUSRORUBZHMPCO,2024.11,POSITIVE,[M+H]+,90.0,R4,nce=90 not an adjudication cell (30 or 60)
MSBNK-Eawag-EQ00010807,MSBNK-Eawag-EQ00010807.txt,SUSRORUBZHMPCO,SUSRORUBZHMPCO,2024.11,POSITIVE,[M+H]+,120.0,R4,nce=120 not an adjudication cell (30 or 60)
MSBNK-Eawag-EQ00010808,MSBNK-Eawag-EQ00010808.txt,SUSRORUBZHMPCO,SUSRORUBZHMPCO,2024.11,POSITIVE,[M+H]+,150.0,R4,nce=150 not an adjudication cell (30 or 60)
MSBNK-Eawag-EQ00010809,MSBNK-Eawag-EQ00010809.txt,SUSRORUBZHMPCO,SUSRORUBZHMPCO,2024.11,POSITIVE,[M+H]+,180.0,R4,nce=180 not an adjudication cell (30 or 60)
MSBNK-Eawag-EQ00013901,MSBNK-Eawag-EQ00013901.txt,KIEDNEWSYUYDSN,KIEDNEWSYUYDSN,2024.11,POSITIVE,[M+H]+,15.0,R4,nce=15 not an adjudication cell (30 or 60)
MSBNK-Eawag-EQ00013902,MSBNK-Eawag-EQ00013902.txt,KIEDNEWSYUYDSN,KIEDNEWSYUYDSN,2024.11,POSITIVE,[M+H]+,30.0,R8,R8a: compound key in MassSpecGym 1.5 by the recorded InChIKey route
MSBNK-Eawag-EQ00013903,MSBNK-Eawag-EQ00013903.txt,KIEDNEWSYUYDSN,KIEDNEWSYUYDSN,2024.11,POSITIVE,[M+H]+,45.0,R4,nce=45 not an adjudication cell (30 or 60)
MSBNK-Eawag-EQ00013904,MSBNK-Eawag-EQ00013904.txt,KIEDNEWSYUYDSN,KIEDNEWSYUYDSN,2024.11,POSITIVE,[M+H]+,60.0,R8,R8a: compound key in MassSpecGym 1.5 by the recorded InChIKey route
MSBNK-Eawag-EQ00013905,MSBNK-Eawag-EQ00013905.txt,KIEDNEWSYUYDSN,KIEDNEWSYUYDSN,2024.11,POSITIVE,[M+H]+,75.0,R4,nce=75 not an adjudication cell (30 or 60)
MSBNK-Eawag-EQ00013906,MSBNK-Eawag-EQ00013906.txt,KIEDNEWSYUYDSN,KIEDNEWSYUYDSN,2024.11,POSITIVE,[M+H]+,90.0,R4,nce=90 not an adjudication cell (30 or 60)
MSBNK-Eawag-EQ00013907,MSBNK-Eawag-EQ00013907.txt,KIEDNEWSYUYDSN,KIEDNEWSYUYDSN,2024.11,POSITIVE,[M+H]+,120.0,R4,nce=120 not an adjudication cell (30 or 60)
MSBNK-Eawag-EQ00013908,MSBNK-Eawag-EQ00013908.txt,KIEDNEWSYUYDSN,KIEDNEWSYUYDSN,2024.11,POSITIVE,[M+H]+,150.0,R4,nce=150 not an adjudication cell (30 or 60)
MSBNK-Eawag-EQ00013909,MSBNK-Eawag-EQ00013909.txt,KIEDNEWSYUYDSN,KIEDNEWSYUYDSN,2024.11,POSITIVE,[M+H]+,180.0,R4,nce=180 not an adjudication cell (30 or 60)
MSBNK-Eawag-EQ00015301,MSBNK-Eawag-EQ00015301.txt,QAYICIQNSGETAS,QAYICIQNSGETAS,2024.11,POSITIVE,[M+H]+,15.0,R4,nce=15 not an adjudication cell (30 or 60)
MSBNK-Eawag-EQ00015302,MSBNK-Eawag-EQ00015302.txt,QAYICIQNSGETAS,QAYICIQNSGETAS,2024.11,POSITIVE,[M+H]+,30.0,R8,R8d: compound in the MURU exposure registry
MSBNK-Eawag-EQ00015303,MSBNK-Eawag-EQ00015303.txt,QAYICIQNSGETAS,QAYICIQNSGETAS,2024.11,POSITIVE,[M+H]+,45.0,R4,nce=45 not an adjudication cell (30 or 60)
MSBNK-Eawag-EQ00015304,MSBNK-Eawag-EQ00015304.txt,QAYICIQNSGETAS,QAYICIQNSGETAS,2024.11,POSITIVE,[M+H]+,60.0,R8,R8d: compound in the MURU exposure registry
MSBNK-Eawag-EQ00015305,MSBNK-Eawag-EQ00015305.txt,QAYICIQNSGETAS,QAYICIQNSGETAS,2024.11,POSITIVE,[M+H]+,75.0,R4,nce=75 not an adjudication cell (30 or 60)
MSBNK-Eawag-EQ00015306,MSBNK-Eawag-EQ00015306.txt,QAYICIQNSGETAS,QAYICIQNSGETAS,2024.11,POSITIVE,[M+H]+,90.0,R4,nce=90 not an adjudication cell (30 or 60)
MSBNK-Eawag-EQ00015307,MSBNK-Eawag-EQ00015307.txt,QAYICIQNSGETAS,QAYICIQNSGETAS,2024.11,POSITIVE,[M+H]+,120.0,R4,nce=120 not an adjudication cell (30 or 60)
MSBNK-Eawag-EQ00015308,MSBNK-Eawag-EQ00015308.txt,QAYICIQNSGETAS,QAYICIQNSGETAS,2024.11,POSITIVE,[M+H]+,150.0,R4,nce=150 not an adjudication cell (30 or 60)
MSBNK-Eawag-EQ00015309,MSBNK-Eawag-EQ00015309.txt,QAYICIQNSGETAS,QAYICIQNSGETAS,2024.11,POSITIVE,[M+H]+,180.0,R4,nce=180 not an adjudication cell (30 or 60)
MSBNK-Eawag-EQ00016001,MSBNK-Eawag-EQ00016001.txt,XKJMBINCVNINCA,XKJMBINCVNINCA,2024.11,POSITIVE,[M+H]+,15.0,R4,nce=15 not an adjudication cell (30 or 60)
MSBNK-Eawag-EQ00016002,MSBNK-Eawag-EQ00016002.txt,XKJMBINCVNINCA,XKJMBINCVNINCA,2024.11,POSITIVE,[M+H]+,30.0,R8,R8a: compound key in MassSpecGym 1.5 by the recorded InChIKey route
MSBNK-Eawag-EQ00016003,MSBNK-Eawag-EQ00016003.txt,XKJMBINCVNINCA,XKJMBINCVNINCA,2024.11,POSITIVE,[M+H]+,45.0,R4,nce=45 not an adjudication cell (30 or 60)
MSBNK-Eawag-EQ00016004,MSBNK-Eawag-EQ00016004.txt,XKJMBINCVNINCA,XKJMBINCVNINCA,2024.11,POSITIVE,[M+H]+,60.0,R8,R8a: compound key in MassSpecGym 1.5 by the recorded InChIKey route
MSBNK-Eawag-EQ00016005,MSBNK-Eawag-EQ00016005.txt,XKJMBINCVNINCA,XKJMBINCVNINCA,2024.11,POSITIVE,[M+H]+,75.0,R4,nce=75 not an adjudication cell (30 or 60)
MSBNK-Eawag-EQ00016006,MSBNK-Eawag-EQ00016006.txt,XKJMBINCVNINCA,XKJMBINCVNINCA,2024.11,POSITIVE,[M+H]+,90.0,R4,nce=90 not an adjudication cell (30 or 60)
MSBNK-Eawag-EQ00016007,MSBNK-Eawag-EQ00016007.txt,XKJMBINCVNINCA,XKJMBINCVNINCA,2024.11,POSITIVE,[M+H]+,120.0,R4,nce=120 not an adjudication cell (30 or 60)
MSBNK-Eawag-EQ00016008,MSBNK-Eawag-EQ00016008.txt,XKJMBINCVNINCA,XKJMBINCVNINCA,2024.11,POSITIVE,[M+H]+,150.0,R4,nce=150 not an adjudication cell (30 or 60)
MSBNK-Eawag-EQ00016009,MSBNK-Eawag-EQ00016009.txt,XKJMBINCVNINCA,XKJMBINCVNINCA,2024.11,POSITIVE,[M+H]+,180.0,R4,nce=180 not an adjudication cell (30 or 60)
MSBNK-Eawag-EQ00016051,MSBNK-Eawag-EQ00016051.txt,XKJMBINCVNINCA,XKJMBINCVNINCA,2024.11,NEGATIVE,[M-H]-,15.0,R1,ion_mode=NEGATIVE precursor_type=[M-H]-
MSBNK-Eawag-EQ00016052,MSBNK-Eawag-EQ00016052.txt,XKJMBINCVNINCA,XKJMBINCVNINCA,2024.11,NEGATIVE,[M-H]-,30.0,R1,ion_mode=NEGATIVE precursor_type=[M-H]-
MSBNK-Eawag-EQ00016053,MSBNK-Eawag-EQ00016053.txt,XKJMBINCVNINCA,XKJMBINCVNINCA,2024.11,NEGATIVE,[M-H]-,45.0,R1,ion_mode=NEGATIVE precursor_type=[M-H]-
MSBNK-Eawag-EQ00016101,MSBNK-Eawag-EQ00016101.txt,BMLIZLVNXIYGCK,BMLIZLVNXIYGCK,2024.11,POSITIVE,[M+H]+,15.0,R4,nce=15 not an adjudication cell (30 or 60)
MSBNK-Eawag-EQ00016102,MSBNK-Eawag-EQ00016102.txt,BMLIZLVNXIYGCK,BMLIZLVNXIYGCK,2024.11,POSITIVE,[M+H]+,30.0,R8,R8a: compound key in MassSpecGym 1.5 by the recorded InChIKey route
MSBNK-Eawag-EQ00016103,MSBNK-Eawag-EQ00016103.txt,BMLIZLVNXIYGCK,BMLIZLVNXIYGCK,2024.11,POSITIVE,[M+H]+,45.0,R4,nce=45 not an adjudication cell (30 or 60)
MSBNK-Eawag-EQ00016104,MSBNK-Eawag-EQ00016104.txt,BMLIZLVNXIYGCK,BMLIZLVNXIYGCK,2024.11,POSITIVE,[M+H]+,60.0,R8,R8a: compound key in MassSpecGym 1.5 by the recorded InChIKey route
MSBNK-Eawag-EQ00016105,MSBNK-Eawag-EQ00016105.txt,BMLIZLVNXIYGCK,BMLIZLVNXIYGCK,2024.11,POSITIVE,[M+H]+,75.0,R4,nce=75 not an adjudication cell (30 or 60)
MSBNK-Eawag-EQ00016106,MSBNK-Eawag-EQ00016106.txt,BMLIZLVNXIYGCK,BMLIZLVNXIYGCK,2024.11,POSITIVE,[M+H]+,90.0,R4,nce=90 not an adjudication cell (30 or 60)
MSBNK-Eawag-EQ00016107,MSBNK-Eawag-EQ00016107.txt,BMLIZLVNXIYGCK,BMLIZLVNXIYGCK,2024.11,POSITIVE,[M+H]+,120.0,R4,nce=120 not an adjudication cell (30 or 60)
MSBNK-Eawag-EQ00016108,MSBNK-Eawag-EQ00016108.txt,BMLIZLVNXIYGCK,BMLIZLVNXIYGCK,2024.11,POSITIVE,[M+H]+,150.0,R4,nce=150 not an adjudication cell (30 or 60)
MSBNK-Eawag-EQ00016109,MSBNK-Eawag-EQ00016109.txt,BMLIZLVNXIYGCK,BMLIZLVNXIYGCK,2024.11,POSITIVE,[M+H]+,180.0,R4,nce=180 not an adjudication cell (30 or 60)
MSBNK-Eawag-EQ00016151,MSBNK-Eawag-EQ00016151.txt,BMLIZLVNXIYGCK,BMLIZLVNXIYGCK,2024.11,NEGATIVE,[M-H]-,15.0,R1,ion_mode=NEGATIVE precursor_type=[M-H]-
MSBNK-Eawag-EQ00016152,MSBNK-Eawag-EQ00016152.txt,BMLIZLVNXIYGCK,BMLIZLVNXIYGCK,2024.11,NEGATIVE,[M-H]-,30.0,R1,ion_mode=NEGATIVE precursor_type=[M-H]-
MSBNK-Eawag-EQ00016153,MSBNK-Eawag-EQ00016153.txt,BMLIZLVNXIYGCK,BMLIZLVNXIYGCK,2024.11,NEGATIVE,[M-H]-,45.0,R1,ion_mode=NEGATIVE precursor_type=[M-H]-
MSBNK-Eawag-EQ00016154,MSBNK-Eawag-EQ00016154.txt,BMLIZLVNXIYGCK,BMLIZLVNXIYGCK,2024.11,NEGATIVE,[M-H]-,60.0,R1,ion_mode=NEGATIVE precursor_type=[M-H]-
MSBNK-Eawag-EQ00016155,MSBNK-Eawag-EQ00016155.txt,BMLIZLVNXIYGCK,BMLIZLVNXIYGCK,2024.11,NEGATIVE,[M-H]-,75.0,R1,ion_mode=NEGATIVE precursor_type=[M-H]-
MSBNK-Eawag-EQ00016251,MSBNK-Eawag-EQ00016251.txt,MUJOIMFVNIBMKC,MUJOIMFVNIBMKC,2024.11,NEGATIVE,[M-H]-,15.0,R1,ion_mode=NEGATIVE precursor_type=[M-H]-
MSBNK-Eawag-EQ00016252,MSBNK-Eawag-EQ00016252.txt,MUJOIMFVNIBMKC,MUJOIMFVNIBMKC,2024.11,NEGATIVE,[M-H]-,30.0,R1,ion_mode=NEGATIVE precursor_type=[M-H]-
MSBNK-Eawag-EQ00016253,MSBNK-Eawag-EQ00016253.txt,MUJOIMFVNIBMKC,MUJOIMFVNIBMKC,2024.11,NEGATIVE,[M-H]-,45.0,R1,ion_mode=NEGATIVE precursor_type=[M-H]-
MSBNK-Eawag-EQ00016254,MSBNK-Eawag-EQ00016254.txt,MUJOIMFVNIBMKC,MUJOIMFVNIBMKC,2024.11,NEGATIVE,[M-H]-,60.0,R1,ion_mode=NEGATIVE precursor_type=[M-H]-
MSBNK-Eawag-EQ00016255,MSBNK-Eawag-EQ00016255.txt,MUJOIMFVNIBMKC,MUJOIMFVNIBMKC,2024.11,NEGATIVE,[M-H]-,75.0,R1,ion_mode=NEGATIVE precursor_type=[M-H]-
MSBNK-Eawag-EQ00016256,MSBNK-Eawag-EQ00016256.txt,MUJOIMFVNIBMKC,MUJOIMFVNIBMKC,2024.11,NEGATIVE,[M-H]-,90.0,R1,ion_mode=NEGATIVE precursor_type=[M-H]-
MSBNK-Eawag-EQ00016257,MSBNK-Eawag-EQ00016257.txt,MUJOIMFVNIBMKC,MUJOIMFVNIBMKC,2024.11,NEGATIVE,[M-H]-,120.0,R1,ion_mode=NEGATIVE precursor_type=[M-H]-
MSBNK-Eawag-EQ00016258,MSBNK-Eawag-EQ00016258.txt,MUJOIMFVNIBMKC,MUJOIMFVNIBMKC,2024.11,NEGATIVE,[M-H]-,150.0,R1,ion_mode=NEGATIVE precursor_type=[M-H]-
MSBNK-Eawag-EQ00016259,MSBNK-Eawag-EQ00016259.txt,MUJOIMFVNIBMKC,MUJOIMFVNIBMKC,2024.11,NEGATIVE,[M-H]-,180.0,R1,ion_mode=NEGATIVE precursor_type=[M-H]-
MSBNK-Eawag-EQ00021051,MSBNK-Eawag-EQ00021051.txt,HFZWRUODUSTPEG,HFZWRUODUSTPEG,2024.11,NEGATIVE,[M-H]-,15.0,R1,ion_mode=NEGATIVE precursor_type=[M-H]-
MSBNK-Eawag-EQ00021052,MSBNK-Eawag-EQ00021052.txt,HFZWRUODUSTPEG,HFZWRUODUSTPEG,2024.11,NEGATIVE,[M-H]-,30.0,R1,ion_mode=NEGATIVE precursor_type=[M-H]-
MSBNK-Eawag-EQ00021053,MSBNK-Eawag-EQ00021053.txt,HFZWRUODUSTPEG,HFZWRUODUSTPEG,2024.11,NEGATIVE,[M-H]-,45.0,R1,ion_mode=NEGATIVE precursor_type=[M-H]-
MSBNK-Eawag-EQ00021054,MSBNK-Eawag-EQ00021054.txt,HFZWRUODUSTPEG,HFZWRUODUSTPEG,2024.11,NEGATIVE,[M-H]-,60.0,R1,ion_mode=NEGATIVE precursor_type=[M-H]-
MSBNK-Eawag-EQ00021055,MSBNK-Eawag-EQ00021055.txt,HFZWRUODUSTPEG,HFZWRUODUSTPEG,2024.11,NEGATIVE,[M-H]-,75.0,R1,ion_mode=NEGATIVE precursor_type=[M-H]-
MSBNK-Eawag-EQ00021056,MSBNK-Eawag-EQ00021056.txt,HFZWRUODUSTPEG,HFZWRUODUSTPEG,2024.11,NEGATIVE,[M-H]-,90.0,R1,ion_mode=NEGATIVE precursor_type=[M-H]-
MSBNK-Eawag-EQ00021057,MSBNK-Eawag-EQ00021057.txt,HFZWRUODUSTPEG,HFZWRUODUSTPEG,2024.11,NEGATIVE,[M-H]-,120.0,R1,ion_mode=NEGATIVE precursor_type=[M-H]-
MSBNK-Eawag-EQ00021201,MSBNK-Eawag-EQ00021201.txt,STJLVHWMYQXCPB,STJLVHWMYQXCPB,2024.11,POSITIVE,[M+H]+,15.0,R4,nce=15 not an adjudication cell (30 or 60)
MSBNK-Eawag-EQ00021202,MSBNK-Eawag-EQ00021202.txt,STJLVHWMYQXCPB,STJLVHWMYQXCPB,2024.11,POSITIVE,[M+H]+,30.0,R8,R8a: compound key in MassSpecGym 1.5 by the recorded InChIKey route
MSBNK-Eawag-EQ00021203,MSBNK-Eawag-EQ00021203.txt,STJLVHWMYQXCPB,STJLVHWMYQXCPB,2024.11,POSITIVE,[M+H]+,45.0,R4,nce=45 not an adjudication cell (30 or 60)
MSBNK-Eawag-EQ00021204,MSBNK-Eawag-EQ00021204.txt,STJLVHWMYQXCPB,STJLVHWMYQXCPB,2024.11,POSITIVE,[M+H]+,60.0,R8,R8a: compound key in MassSpecGym 1.5 by the recorded InChIKey route
MSBNK-Eawag-EQ00021205,MSBNK-Eawag-EQ00021205.txt,STJLVHWMYQXCPB,STJLVHWMYQXCPB,2024.11,POSITIVE,[M+H]+,75.0,R4,nce=75 not an adjudication cell (30 or 60)
MSBNK-Eawag-EQ00021206,MSBNK-Eawag-EQ00021206.txt,STJLVHWMYQXCPB,STJLVHWMYQXCPB,2024.11,POSITIVE,[M+H]+,90.0,R4,nce=90 not an adjudication cell (30 or 60)
MSBNK-Eawag-EQ00025101,MSBNK-Eawag-EQ00025101.txt,DNRJTBAOUJJKDY,DNRJTBAOUJJKDY,2024.11,POSITIVE,[M+H]+,15.0,R4,nce=15 not an adjudication cell (30 or 60)
MSBNK-Eawag-EQ00025102,MSBNK-Eawag-EQ00025102.txt,DNRJTBAOUJJKDY,DNRJTBAOUJJKDY,2024.11,POSITIVE,[M+H]+,30.0,R8,R8a: compound key in MassSpecGym 1.5 by the recorded InChIKey route
MSBNK-Eawag-EQ00025103,MSBNK-Eawag-EQ00025103.txt,DNRJTBAOUJJKDY,DNRJTBAOUJJKDY,2024.11,POSITIVE,[M+H]+,45.0,R4,nce=45 not an adjudication cell (30 or 60)
MSBNK-Eawag-EQ00025104,MSBNK-Eawag-EQ00025104.txt,DNRJTBAOUJJKDY,DNRJTBAOUJJKDY,2024.11,POSITIVE,[M+H]+,60.0,R8,R8a: compound key in MassSpecGym 1.5 by the recorded InChIKey route
MSBNK-Eawag-EQ00025105,MSBNK-Eawag-EQ00025105.txt,DNRJTBAOUJJKDY,DNRJTBAOUJJKDY,2024.11,POSITIVE,[M+H]+,75.0,R4,nce=75 not an adjudication cell (30 or 60)
MSBNK-Eawag-EQ00025106,MSBNK-Eawag-EQ00025106.txt,DNRJTBAOUJJKDY,DNRJTBAOUJJKDY,2024.11,POSITIVE,[M+H]+,90.0,R4,nce=90 not an adjudication cell (30 or 60)
MSBNK-Eawag-EQ00025401,MSBNK-Eawag-EQ00025401.txt,JLYFCTQDENRSOL,JLYFCTQDENRSOL,2024.11,POSITIVE,[M+H]+,15.0,R4,nce=15 not an adjudication cell (30 or 60)
MSBNK-Eawag-EQ00025402,MSBNK-Eawag-EQ00025402.txt,JLYFCTQDENRSOL,JLYFCTQDENRSOL,2024.11,POSITIVE,[M+H]+,30.0,R8,R8a: compound key in MassSpecGym 1.5 by the recorded InChIKey route
MSBNK-Eawag-EQ00025403,MSBNK-Eawag-EQ00025403.txt,JLYFCTQDENRSOL,JLYFCTQDENRSOL,2024.11,POSITIVE,[M+H]+,45.0,R4,nce=45 not an adjudication cell (30 or 60)
MSBNK-Eawag-EQ00025404,MSBNK-Eawag-EQ00025404.txt,JLYFCTQDENRSOL,JLYFCTQDENRSOL,2024.11,POSITIVE,[M+H]+,60.0,R8,R8a: compound key in MassSpecGym 1.5 by the recorded InChIKey route
MSBNK-Eawag-EQ00025405,MSBNK-Eawag-EQ00025405.txt,JLYFCTQDENRSOL,JLYFCTQDENRSOL,2024.11,POSITIVE,[M+H]+,75.0,R4,nce=75 not an adjudication cell (30 or 60)
MSBNK-Eawag-EQ00025406,MSBNK-Eawag-EQ00025406.txt,JLYFCTQDENRSOL,JLYFCTQDENRSOL,2024.11,POSITIVE,[M+H]+,90.0,R4,nce=90 not an adjudication cell (30 or 60)
MSBNK-Eawag-EQ00026151,MSBNK-Eawag-EQ00026151.txt,WHKUVVPPKQRRBV,WHKUVVPPKQRRBV,2024.11,NEGATIVE,[M-H]-,15.0,R1,ion_mode=NEGATIVE precursor_type=[M-H]-
MSBNK-Eawag-EQ00026152,MSBNK-Eawag-EQ00026152.txt,WHKUVVPPKQRRBV,WHKUVVPPKQRRBV,2024.11,NEGATIVE,[M-H]-,30.0,R1,ion_mode=NEGATIVE precursor_type=[M-H]-
MSBNK-Eawag-EQ00026153,MSBNK-Eawag-EQ00026153.txt,WHKUVVPPKQRRBV,WHKUVVPPKQRRBV,2024.11,NEGATIVE,[M-H]-,45.0,R1,ion_mode=NEGATIVE precursor_type=[M-H]-
MSBNK-Eawag-EQ00026154,MSBNK-Eawag-EQ00026154.txt,WHKUVVPPKQRRBV,WHKUVVPPKQRRBV,2024.11,NEGATIVE,[M-H]-,60.0,R1,ion_mode=NEGATIVE precursor_type=[M-H]-
MSBNK-Eawag-EQ00026155,MSBNK-Eawag-EQ00026155.txt,WHKUVVPPKQRRBV,WHKUVVPPKQRRBV,2024.11,NEGATIVE,[M-H]-,75.0,R1,ion_mode=NEGATIVE precursor_type=[M-H]-
MSBNK-Eawag-EQ00026156,MSBNK-Eawag-EQ00026156.txt,WHKUVVPPKQRRBV,WHKUVVPPKQRRBV,2024.11,NEGATIVE,[M-H]-,90.0,R1,ion_mode=NEGATIVE precursor_type=[M-H]-
MSBNK-Eawag-EQ00026201,MSBNK-Eawag-EQ00026201.txt,ODCWYMIRDDJXKW,ODCWYMIRDDJXKW,2024.11,POSITIVE,[M+H]+,15.0,R4,nce=15 not an adjudication cell (30 or 60)
MSBNK-Eawag-EQ00026202,MSBNK-Eawag-EQ00026202.txt,ODCWYMIRDDJXKW,ODCWYMIRDDJXKW,2024.11,POSITIVE,[M+H]+,30.0,R8,R8a: compound key in MassSpecGym 1.5 by the recorded InChIKey route
MSBNK-Eawag-EQ00026203,MSBNK-Eawag-EQ00026203.txt,ODCWYMIRDDJXKW,ODCWYMIRDDJXKW,2024.11,POSITIVE,[M+H]+,45.0,R4,nce=45 not an adjudication cell (30 or 60)
MSBNK-Eawag-EQ00026204,MSBNK-Eawag-EQ00026204.txt,ODCWYMIRDDJXKW,ODCWYMIRDDJXKW,2024.11,POSITIVE,[M+H]+,60.0,R8,R8a: compound key in MassSpecGym 1.5 by the recorded InChIKey route
MSBNK-Eawag-EQ00026205,MSBNK-Eawag-EQ00026205.txt,ODCWYMIRDDJXKW,ODCWYMIRDDJXKW,2024.11,POSITIVE,[M+H]+,75.0,R4,nce=75 not an adjudication cell (30 or 60)
MSBNK-Eawag-EQ00026206,MSBNK-Eawag-EQ00026206.txt,ODCWYMIRDDJXKW,ODCWYMIRDDJXKW,2024.11,POSITIVE,[M+H]+,90.0,R4,nce=90 not an adjudication cell (30 or 60)
MSBNK-Eawag-EQ00026207,MSBNK-Eawag-EQ00026207.txt,ODCWYMIRDDJXKW,ODCWYMIRDDJXKW,2024.11,POSITIVE,[M+H]+,120.0,R4,nce=120 not an adjudication cell (30 or 60)
MSBNK-Eawag-EQ00026208,MSBNK-Eawag-EQ00026208.txt,ODCWYMIRDDJXKW,ODCWYMIRDDJXKW,2024.11,POSITIVE,[M+H]+,150.0,R4,nce=150 not an adjudication cell (30 or 60)
MSBNK-Eawag-EQ00026209,MSBNK-Eawag-EQ00026209.txt,ODCWYMIRDDJXKW,ODCWYMIRDDJXKW,2024.11,POSITIVE,[M+H]+,180.0,R4,nce=180 not an adjudication cell (30 or 60)
MSBNK-Eawag-EQ00026601,MSBNK-Eawag-EQ00026601.txt,CTSLUCNDVMMDHG,CTSLUCNDVMMDHG,2024.11,POSITIVE,[M+H]+,15.0,R4,nce=15 not an adjudication cell (30 or 60)
MSBNK-Eawag-EQ00026602,MSBNK-Eawag-EQ00026602.txt,CTSLUCNDVMMDHG,CTSLUCNDVMMDHG,2024.11,POSITIVE,[M+H]+,30.0,R8,R8a: compound key in MassSpecGym 1.5 by the recorded InChIKey route
MSBNK-Eawag-EQ00026603,MSBNK-Eawag-EQ00026603.txt,CTSLUCNDVMMDHG,CTSLUCNDVMMDHG,2024.11,POSITIVE,[M+H]+,45.0,R4,nce=45 not an adjudication cell (30 or 60)
MSBNK-Eawag-EQ00026604,MSBNK-Eawag-EQ00026604.txt,CTSLUCNDVMMDHG,CTSLUCNDVMMDHG,2024.11,POSITIVE,[M+H]+,60.0,R8,R8a: compound key in MassSpecGym 1.5 by the recorded InChIKey route
MSBNK-Eawag-EQ00026605,MSBNK-Eawag-EQ00026605.txt,CTSLUCNDVMMDHG,CTSLUCNDVMMDHG,2024.11,POSITIVE,[M+H]+,75.0,R4,nce=75 not an adjudication cell (30 or 60)
MSBNK-Eawag-EQ00026606,MSBNK-Eawag-EQ00026606.txt,CTSLUCNDVMMDHG,CTSLUCNDVMMDHG,2024.11,POSITIVE,[M+H]+,90.0,R4,nce=90 not an adjudication cell (30 or 60)
MSBNK-Eawag-EQ00026607,MSBNK-Eawag-EQ00026607.txt,CTSLUCNDVMMDHG,CTSLUCNDVMMDHG,2024.11,POSITIVE,[M+H]+,120.0,R4,nce=120 not an adjudication cell (30 or 60)
MSBNK-Eawag-EQ00026608,MSBNK-Eawag-EQ00026608.txt,CTSLUCNDVMMDHG,CTSLUCNDVMMDHG,2024.11,POSITIVE,[M+H]+,150.0,R4,nce=150 not an adjudication cell (30 or 60)
MSBNK-Eawag-EQ00026609,MSBNK-Eawag-EQ00026609.txt,CTSLUCNDVMMDHG,CTSLUCNDVMMDHG,2024.11,POSITIVE,[M+H]+,180.0,R4,nce=180 not an adjudication cell (30 or 60)
MSBNK-Eawag-EQ00026651,MSBNK-Eawag-EQ00026651.txt,CTSLUCNDVMMDHG,CTSLUCNDVMMDHG,2024.11,NEGATIVE,[M-H]-,15.0,R1,ion_mode=NEGATIVE precursor_type=[M-H]-
MSBNK-Eawag-EQ00026652,MSBNK-Eawag-EQ00026652.txt,CTSLUCNDVMMDHG,CTSLUCNDVMMDHG,2024.11,NEGATIVE,[M-H]-,30.0,R1,ion_mode=NEGATIVE precursor_type=[M-H]-
MSBNK-Eawag-EQ00026653,MSBNK-Eawag-EQ00026653.txt,CTSLUCNDVMMDHG,CTSLUCNDVMMDHG,2024.11,NEGATIVE,[M-H]-,45.0,R1,ion_mode=NEGATIVE precursor_type=[M-H]-
MSBNK-Eawag-EQ00026654,MSBNK-Eawag-EQ00026654.txt,CTSLUCNDVMMDHG,CTSLUCNDVMMDHG,2024.11,NEGATIVE,[M-H]-,60.0,R1,ion_mode=NEGATIVE precursor_type=[M-H]-
MSBNK-Eawag-EQ00026655,MSBNK-Eawag-EQ00026655.txt,CTSLUCNDVMMDHG,CTSLUCNDVMMDHG,2024.11,NEGATIVE,[M-H]-,75.0,R1,ion_mode=NEGATIVE precursor_type=[M-H]-
MSBNK-Eawag-EQ00026656,MSBNK-Eawag-EQ00026656.txt,CTSLUCNDVMMDHG,CTSLUCNDVMMDHG,2024.11,NEGATIVE,[M-H]-,90.0,R1,ion_mode=NEGATIVE precursor_type=[M-H]-
MSBNK-Eawag-EQ00026657,MSBNK-Eawag-EQ00026657.txt,CTSLUCNDVMMDHG,CTSLUCNDVMMDHG,2024.11,NEGATIVE,[M-H]-,120.0,R1,ion_mode=NEGATIVE precursor_type=[M-H]-
MSBNK-Eawag-EQ00026658,MSBNK-Eawag-EQ00026658.txt,CTSLUCNDVMMDHG,CTSLUCNDVMMDHG,2024.11,NEGATIVE,[M-H]-,150.0,R1,ion_mode=NEGATIVE precursor_type=[M-H]-
MSBNK-Eawag-EQ00026659,MSBNK-Eawag-EQ00026659.txt,CTSLUCNDVMMDHG,CTSLUCNDVMMDHG,2024.11,NEGATIVE,[M-H]-,180.0,R1,ion_mode=NEGATIVE precursor_type=[M-H]-
MSBNK-Eawag-EQ00026751,MSBNK-Eawag-EQ00026751.txt,OVSKIKFHRZPJSS,OVSKIKFHRZPJSS,2024.11,NEGATIVE,[M-H]-,15.0,R1,ion_mode=NEGATIVE precursor_type=[M-H]-
MSBNK-Eawag-EQ00026752,MSBNK-Eawag-EQ00026752.txt,OVSKIKFHRZPJSS,OVSKIKFHRZPJSS,2024.11,NEGATIVE,[M-H]-,30.0,R1,ion_mode=NEGATIVE precursor_type=[M-H]-
MSBNK-Eawag-EQ00026753,MSBNK-Eawag-EQ00026753.txt,OVSKIKFHRZPJSS,OVSKIKFHRZPJSS,2024.11,NEGATIVE,[M-H]-,45.0,R1,ion_mode=NEGATIVE precursor_type=[M-H]-
MSBNK-Eawag-EQ00026754,MSBNK-Eawag-EQ00026754.txt,OVSKIKFHRZPJSS,OVSKIKFHRZPJSS,2024.11,NEGATIVE,[M-H]-,60.0,R1,ion_mode=NEGATIVE precursor_type=[M-H]-
MSBNK-Eawag-EQ00026755,MSBNK-Eawag-EQ00026755.txt,OVSKIKFHRZPJSS,OVSKIKFHRZPJSS,2024.11,NEGATIVE,[M-H]-,75.0,R1,ion_mode=NEGATIVE precursor_type=[M-H]-
MSBNK-Eawag-EQ00026756,MSBNK-Eawag-EQ00026756.txt,OVSKIKFHRZPJSS,OVSKIKFHRZPJSS,2024.11,NEGATIVE,[M-H]-,90.0,R1,ion_mode=NEGATIVE precursor_type=[M-H]-
MSBNK-Eawag-EQ00026757,MSBNK-Eawag-EQ00026757.txt,OVSKIKFHRZPJSS,OVSKIKFHRZPJSS,2024.11,NEGATIVE,[M-H]-,120.0,R1,ion_mode=NEGATIVE precursor_type=[M-H]-
MSBNK-Eawag-EQ00026801,MSBNK-Eawag-EQ00026801.txt,WVQBLGZPHOPPFO,WVQBLGZPHOPPFO,2024.11,POSITIVE,[M+H]+,15.0,R4,nce=15 not an adjudication cell (30 or 60)
MSBNK-Eawag-EQ00026802,MSBNK-Eawag-EQ00026802.txt,WVQBLGZPHOPPFO,WVQBLGZPHOPPFO,2024.11,POSITIVE,[M+H]+,30.0,R8,R8a: compound key in MassSpecGym 1.5 by the recorded InChIKey route
MSBNK-Eawag-EQ00026803,MSBNK-Eawag-EQ00026803.txt,WVQBLGZPHOPPFO,WVQBLGZPHOPPFO,2024.11,POSITIVE,[M+H]+,45.0,R4,nce=45 not an adjudication cell (30 or 60)
MSBNK-Eawag-EQ00026804,MSBNK-Eawag-EQ00026804.txt,WVQBLGZPHOPPFO,WVQBLGZPHOPPFO,2024.11,POSITIVE,[M+H]+,60.0,R8,R8a: compound key in MassSpecGym 1.5 by the recorded InChIKey route
MSBNK-Eawag-EQ00026805,MSBNK-Eawag-EQ00026805.txt,WVQBLGZPHOPPFO,WVQBLGZPHOPPFO,2024.11,POSITIVE,[M+H]+,75.0,R4,nce=75 not an adjudication cell (30 or 60)
MSBNK-Eawag-EQ00026806,MSBNK-Eawag-EQ00026806.txt,WVQBLGZPHOPPFO,WVQBLGZPHOPPFO,2024.11,POSITIVE,[M+H]+,90.0,R4,nce=90 not an adjudication cell (30 or 60)
MSBNK-Eawag-EQ00026807,MSBNK-Eawag-EQ00026807.txt,WVQBLGZPHOPPFO,WVQBLGZPHOPPFO,2024.11,POSITIVE,[M+H]+,120.0,R4,nce=120 not an adjudication cell (30 or 60)
MSBNK-Eawag-EQ00026808,MSBNK-Eawag-EQ00026808.txt,WVQBLGZPHOPPFO,WVQBLGZPHOPPFO,2024.11,POSITIVE,[M+H]+,150.0,R4,nce=150 not an adjudication cell (30 or 60)
MSBNK-Eawag-EQ00026809,MSBNK-Eawag-EQ00026809.txt,WVQBLGZPHOPPFO,WVQBLGZPHOPPFO,2024.11,POSITIVE,[M+H]+,180.0,R4,nce=180 not an adjudication cell (30 or 60)
MSBNK-Eawag-EQ00027401,MSBNK-Eawag-EQ00027401.txt,XCSGPAVHZFQHGE,XCSGPAVHZFQHGE,2024.11,POSITIVE,[M+H]+,15.0,R4,nce=15 not an adjudication cell (30 or 60)
MSBNK-Eawag-EQ00027402,MSBNK-Eawag-EQ00027402.txt,XCSGPAVHZFQHGE,XCSGPAVHZFQHGE,2024.11,POSITIVE,[M+H]+,30.0,R8,R8a: compound key in MassSpecGym 1.5 by the recorded InChIKey route
MSBNK-Eawag-EQ00027403,MSBNK-Eawag-EQ00027403.txt,XCSGPAVHZFQHGE,XCSGPAVHZFQHGE,2024.11,POSITIVE,[M+H]+,45.0,R4,nce=45 not an adjudication cell (30 or 60)
MSBNK-Eawag-EQ00027404,MSBNK-Eawag-EQ00027404.txt,XCSGPAVHZFQHGE,XCSGPAVHZFQHGE,2024.11,POSITIVE,[M+H]+,60.0,R8,R8a: compound key in MassSpecGym 1.5 by the recorded InChIKey route
MSBNK-Eawag-EQ00027405,MSBNK-Eawag-EQ00027405.txt,XCSGPAVHZFQHGE,XCSGPAVHZFQHGE,2024.11,POSITIVE,[M+H]+,75.0,R4,nce=75 not an adjudication cell (30 or 60)
MSBNK-Eawag-EQ00027406,MSBNK-Eawag-EQ00027406.txt,XCSGPAVHZFQHGE,XCSGPAVHZFQHGE,2024.11,POSITIVE,[M+H]+,90.0,R4,nce=90 not an adjudication cell (30 or 60)
MSBNK-Eawag-EQ00027501,MSBNK-Eawag-EQ00027501.txt,IWEDIXLBFLAXBO,IWEDIXLBFLAXBO,2024.11,POSITIVE,[M+H]+,15.0,R4,nce=15 not an adjudication cell (30 or 60)
MSBNK-Eawag-EQ00027502,MSBNK-Eawag-EQ00027502.txt,IWEDIXLBFLAXBO,IWEDIXLBFLAXBO,2024.11,POSITIVE,[M+H]+,30.0,R8,R8a: compound key in MassSpecGym 1.5 by the recorded InChIKey route
MSBNK-Eawag-EQ00027503,MSBNK-Eawag-EQ00027503.txt,IWEDIXLBFLAXBO,IWEDIXLBFLAXBO,2024.11,POSITIVE,[M+H]+,45.0,R4,nce=45 not an adjudication cell (30 or 60)
MSBNK-Eawag-EQ00027504,MSBNK-Eawag-EQ00027504.txt,IWEDIXLBFLAXBO,IWEDIXLBFLAXBO,2024.11,POSITIVE,[M+H]+,60.0,R8,R8a: compound key in MassSpecGym 1.5 by the recorded InChIKey route
MSBNK-Eawag-EQ00027505,MSBNK-Eawag-EQ00027505.txt,IWEDIXLBFLAXBO,IWEDIXLBFLAXBO,2024.11,POSITIVE,[M+H]+,75.0,R4,nce=75 not an adjudication cell (30 or 60)
MSBNK-Eawag-EQ00027506,MSBNK-Eawag-EQ00027506.txt,IWEDIXLBFLAXBO,IWEDIXLBFLAXBO,2024.11,POSITIVE,[M+H]+,90.0,R4,nce=90 not an adjudication cell (30 or 60)
MSBNK-Eawag-EQ00027507,MSBNK-Eawag-EQ00027507.txt,IWEDIXLBFLAXBO,IWEDIXLBFLAXBO,2024.11,POSITIVE,[M+H]+,120.0,R4,nce=120 not an adjudication cell (30 or 60)
MSBNK-Eawag-EQ00027508,MSBNK-Eawag-EQ00027508.txt,IWEDIXLBFLAXBO,IWEDIXLBFLAXBO,2024.11,POSITIVE,[M+H]+,150.0,R4,nce=150 not an adjudication cell (30 or 60)
MSBNK-Eawag-EQ00027509,MSBNK-Eawag-EQ00027509.txt,IWEDIXLBFLAXBO,IWEDIXLBFLAXBO,2024.11,POSITIVE,[M+H]+,180.0,R4,nce=180 not an adjudication cell (30 or 60)
MSBNK-Eawag-EQ00028001,MSBNK-Eawag-EQ00028001.txt,DHNRXBZYEKSXIM,DHNRXBZYEKSXIM,2024.11,POSITIVE,[M+H]+,15.0,R4,nce=15 not an adjudication cell (30 or 60)
MSBNK-Eawag-EQ00028002,MSBNK-Eawag-EQ00028002.txt,DHNRXBZYEKSXIM,DHNRXBZYEKSXIM,2024.11,POSITIVE,[M+H]+,30.0,R8,R8a: compound key in MassSpecGym 1.5 by the recorded InChIKey route
MSBNK-Eawag-EQ00028003,MSBNK-Eawag-EQ00028003.txt,DHNRXBZYEKSXIM,DHNRXBZYEKSXIM,2024.11,POSITIVE,[M+H]+,45.0,R4,nce=45 not an adjudication cell (30 or 60)
MSBNK-Eawag-EQ00028004,MSBNK-Eawag-EQ00028004.txt,DHNRXBZYEKSXIM,DHNRXBZYEKSXIM,2024.11,POSITIVE,[M+H]+,60.0,R8,R8a: compound key in MassSpecGym 1.5 by the recorded InChIKey route
MSBNK-Eawag-EQ00028005,MSBNK-Eawag-EQ00028005.txt,DHNRXBZYEKSXIM,DHNRXBZYEKSXIM,2024.11,POSITIVE,[M+H]+,75.0,R4,nce=75 not an adjudication cell (30 or 60)
MSBNK-Eawag-EQ00028006,MSBNK-Eawag-EQ00028006.txt,DHNRXBZYEKSXIM,DHNRXBZYEKSXIM,2024.11,POSITIVE,[M+H]+,90.0,R4,nce=90 not an adjudication cell (30 or 60)
MSBNK-Eawag-EQ00028007,MSBNK-Eawag-EQ00028007.txt,DHNRXBZYEKSXIM,DHNRXBZYEKSXIM,2024.11,POSITIVE,[M+H]+,120.0,R4,nce=120 not an adjudication cell (30 or 60)
MSBNK-Eawag-EQ00028008,MSBNK-Eawag-EQ00028008.txt,DHNRXBZYEKSXIM,DHNRXBZYEKSXIM,2024.11,POSITIVE,[M+H]+,150.0,R4,nce=150 not an adjudication cell (30 or 60)
MSBNK-Eawag-EQ00028009,MSBNK-Eawag-EQ00028009.txt,DHNRXBZYEKSXIM,DHNRXBZYEKSXIM,2024.11,POSITIVE,[M+H]+,180.0,R4,nce=180 not an adjudication cell (30 or 60)
MSBNK-Eawag-EQ00028801,MSBNK-Eawag-EQ00028801.txt,MXWJVTOOROXGIU,MXWJVTOOROXGIU,2024.11,POSITIVE,[M+H]+,15.0,R4,nce=15 not an adjudication cell (30 or 60)
MSBNK-Eawag-EQ00028802,MSBNK-Eawag-EQ00028802.txt,MXWJVTOOROXGIU,MXWJVTOOROXGIU,2024.11,POSITIVE,[M+H]+,30.0,R8,R8a: compound key in MassSpecGym 1.5 by the recorded InChIKey route
MSBNK-Eawag-EQ00028803,MSBNK-Eawag-EQ00028803.txt,MXWJVTOOROXGIU,MXWJVTOOROXGIU,2024.11,POSITIVE,[M+H]+,45.0,R4,nce=45 not an adjudication cell (30 or 60)
MSBNK-Eawag-EQ00028804,MSBNK-Eawag-EQ00028804.txt,MXWJVTOOROXGIU,MXWJVTOOROXGIU,2024.11,POSITIVE,[M+H]+,60.0,R8,R8a: compound key in MassSpecGym 1.5 by the recorded InChIKey route
MSBNK-Eawag-EQ00028805,MSBNK-Eawag-EQ00028805.txt,MXWJVTOOROXGIU,MXWJVTOOROXGIU,2024.11,POSITIVE,[M+H]+,75.0,R4,nce=75 not an adjudication cell (30 or 60)
MSBNK-Eawag-EQ00028806,MSBNK-Eawag-EQ00028806.txt,MXWJVTOOROXGIU,MXWJVTOOROXGIU,2024.11,POSITIVE,[M+H]+,90.0,R4,nce=90 not an adjudication cell (30 or 60)
MSBNK-Eawag-EQ00028807,MSBNK-Eawag-EQ00028807.txt,MXWJVTOOROXGIU,MXWJVTOOROXGIU,2024.11,POSITIVE,[M+H]+,120.0,R4,nce=120 not an adjudication cell (30 or 60)
MSBNK-Eawag-EQ00028808,MSBNK-Eawag-EQ00028808.txt,MXWJVTOOROXGIU,MXWJVTOOROXGIU,2024.11,POSITIVE,[M+H]+,150.0,R4,nce=150 not an adjudication cell (30 or 60)
MSBNK-Eawag-EQ00028809,MSBNK-Eawag-EQ00028809.txt,MXWJVTOOROXGIU,MXWJVTOOROXGIU,2024.11,POSITIVE,[M+H]+,180.0,R4,nce=180 not an adjudication cell (30 or 60)
MSBNK-Eawag-EQ00029201,MSBNK-Eawag-EQ00029201.txt,XMTQQYYKAHVGBJ,XMTQQYYKAHVGBJ,2024.11,POSITIVE,[M+H]+,15.0,R4,nce=15 not an adjudication cell (30 or 60)
MSBNK-Eawag-EQ00029202,MSBNK-Eawag-EQ00029202.txt,XMTQQYYKAHVGBJ,XMTQQYYKAHVGBJ,2024.11,POSITIVE,[M+H]+,30.0,R8,R8a: compound key in MassSpecGym 1.5 by the recorded InChIKey route
MSBNK-Eawag-EQ00029203,MSBNK-Eawag-EQ00029203.txt,XMTQQYYKAHVGBJ,XMTQQYYKAHVGBJ,2024.11,POSITIVE,[M+H]+,45.0,R4,nce=45 not an adjudication cell (30 or 60)
MSBNK-Eawag-EQ00029204,MSBNK-Eawag-EQ00029204.txt,XMTQQYYKAHVGBJ,XMTQQYYKAHVGBJ,2024.11,POSITIVE,[M+H]+,60.0,R8,R8a: compound key in MassSpecGym 1.5 by the recorded InChIKey route
MSBNK-Eawag-EQ00029205,MSBNK-Eawag-EQ00029205.txt,XMTQQYYKAHVGBJ,XMTQQYYKAHVGBJ,2024.11,POSITIVE,[M+H]+,75.0,R4,nce=75 not an adjudication cell (30 or 60)
MSBNK-Eawag-EQ00029206,MSBNK-Eawag-EQ00029206.txt,XMTQQYYKAHVGBJ,XMTQQYYKAHVGBJ,2024.11,POSITIVE,[M+H]+,90.0,R4,nce=90 not an adjudication cell (30 or 60)
MSBNK-Eawag-EQ00029207,MSBNK-Eawag-EQ00029207.txt,XMTQQYYKAHVGBJ,XMTQQYYKAHVGBJ,2024.11,POSITIVE,[M+H]+,120.0,R4,nce=120 not an adjudication cell (30 or 60)
MSBNK-Eawag-EQ00029208,MSBNK-Eawag-EQ00029208.txt,XMTQQYYKAHVGBJ,XMTQQYYKAHVGBJ,2024.11,POSITIVE,[M+H]+,150.0,R4,nce=150 not an adjudication cell (30 or 60)
MSBNK-Eawag-EQ00029251,MSBNK-Eawag-EQ00029251.txt,XMTQQYYKAHVGBJ,XMTQQYYKAHVGBJ,2024.11,NEGATIVE,[M-H]-,15.0,R1,ion_mode=NEGATIVE precursor_type=[M-H]-
MSBNK-Eawag-EQ00029252,MSBNK-Eawag-EQ00029252.txt,XMTQQYYKAHVGBJ,XMTQQYYKAHVGBJ,2024.11,NEGATIVE,[M-H]-,30.0,R1,ion_mode=NEGATIVE precursor_type=[M-H]-
MSBNK-Eawag-EQ00029253,MSBNK-Eawag-EQ00029253.txt,XMTQQYYKAHVGBJ,XMTQQYYKAHVGBJ,2024.11,NEGATIVE,[M-H]-,45.0,R1,ion_mode=NEGATIVE precursor_type=[M-H]-
MSBNK-Eawag-EQ00029254,MSBNK-Eawag-EQ00029254.txt,XMTQQYYKAHVGBJ,XMTQQYYKAHVGBJ,2024.11,NEGATIVE,[M-H]-,60.0,R1,ion_mode=NEGATIVE precursor_type=[M-H]-
MSBNK-Eawag-EQ00029255,MSBNK-Eawag-EQ00029255.txt,XMTQQYYKAHVGBJ,XMTQQYYKAHVGBJ,2024.11,NEGATIVE,[M-H]-,75.0,R1,ion_mode=NEGATIVE precursor_type=[M-H]-
MSBNK-Eawag-EQ00029256,MSBNK-Eawag-EQ00029256.txt,XMTQQYYKAHVGBJ,XMTQQYYKAHVGBJ,2024.11,NEGATIVE,[M-H]-,90.0,R1,ion_mode=NEGATIVE precursor_type=[M-H]-
MSBNK-Eawag-EQ00029257,MSBNK-Eawag-EQ00029257.txt,XMTQQYYKAHVGBJ,XMTQQYYKAHVGBJ,2024.11,NEGATIVE,[M-H]-,120.0,R1,ion_mode=NEGATIVE precursor_type=[M-H]-
MSBNK-Eawag-EQ00030751,MSBNK-Eawag-EQ00030751.txt,RHPUJHQBPORFGV,RHPUJHQBPORFGV,2024.11,NEGATIVE,[M-H]-,15.0,R1,ion_mode=NEGATIVE precursor_type=[M-H]-
MSBNK-Eawag-EQ00030752,MSBNK-Eawag-EQ00030752.txt,RHPUJHQBPORFGV,RHPUJHQBPORFGV,2024.11,NEGATIVE,[M-H]-,30.0,R1,ion_mode=NEGATIVE precursor_type=[M-H]-
MSBNK-Eawag-EQ00030753,MSBNK-Eawag-EQ00030753.txt,RHPUJHQBPORFGV,RHPUJHQBPORFGV,2024.11,NEGATIVE,[M-H]-,45.0,R1,ion_mode=NEGATIVE precursor_type=[M-H]-
MSBNK-Eawag-EQ00030754,MSBNK-Eawag-EQ00030754.txt,RHPUJHQBPORFGV,RHPUJHQBPORFGV,2024.11,NEGATIVE,[M-H]-,60.0,R1,ion_mode=NEGATIVE precursor_type=[M-H]-
MSBNK-Eawag-EQ00030755,MSBNK-Eawag-EQ00030755.txt,RHPUJHQBPORFGV,RHPUJHQBPORFGV,2024.11,NEGATIVE,[M-H]-,75.0,R1,ion_mode=NEGATIVE precursor_type=[M-H]-
MSBNK-Eawag-EQ00032701,MSBNK-Eawag-EQ00032701.txt,PXMNMQRDXWABCY,PXMNMQRDXWABCY,2024.11,POSITIVE,[M+H]+,15.0,R4,nce=15 not an adjudication cell (30 or 60)
MSBNK-Eawag-EQ00032702,MSBNK-Eawag-EQ00032702.txt,PXMNMQRDXWABCY,PXMNMQRDXWABCY,2024.11,POSITIVE,[M+H]+,30.0,R8,R8a: compound key in MassSpecGym 1.5 by the recorded InChIKey route
MSBNK-Eawag-EQ00032703,MSBNK-Eawag-EQ00032703.txt,PXMNMQRDXWABCY,PXMNMQRDXWABCY,2024.11,POSITIVE,[M+H]+,45.0,R4,nce=45 not an adjudication cell (30 or 60)
MSBNK-Eawag-EQ00032704,MSBNK-Eawag-EQ00032704.txt,PXMNMQRDXWABCY,PXMNMQRDXWABCY,2024.11,POSITIVE,[M+H]+,60.0,R8,R8a: compound key in MassSpecGym 1.5 by the recorded InChIKey route
MSBNK-Eawag-EQ00032705,MSBNK-Eawag-EQ00032705.txt,PXMNMQRDXWABCY,PXMNMQRDXWABCY,2024.11,POSITIVE,[M+H]+,75.0,R4,nce=75 not an adjudication cell (30 or 60)
MSBNK-Eawag-EQ00032706,MSBNK-Eawag-EQ00032706.txt,PXMNMQRDXWABCY,PXMNMQRDXWABCY,2024.11,POSITIVE,[M+H]+,90.0,R4,nce=90 not an adjudication cell (30 or 60)
MSBNK-Eawag-EQ00032707,MSBNK-Eawag-EQ00032707.txt,PXMNMQRDXWABCY,PXMNMQRDXWABCY,2024.11,POSITIVE,[M+H]+,120.0,R4,nce=120 not an adjudication cell (30 or 60)
MSBNK-Eawag-EQ00032708,MSBNK-Eawag-EQ00032708.txt,PXMNMQRDXWABCY,PXMNMQRDXWABCY,2024.11,POSITIVE,[M+H]+,150.0,R4,nce=150 not an adjudication cell (30 or 60)
MSBNK-Eawag-EQ00032709,MSBNK-Eawag-EQ00032709.txt,PXMNMQRDXWABCY,PXMNMQRDXWABCY,2024.11,POSITIVE,[M+H]+,180.0,R4,nce=180 not an adjudication cell (30 or 60)
MSBNK-Eawag-EQ00063501,MSBNK-Eawag-EQ00063501.txt,KBSVBCHYXYXDAG,KBSVBCHYXYXDAG,2024.11,POSITIVE,[M+H]+,15.0,R4,nce=15 not an adjudication cell (30 or 60)
MSBNK-Eawag-EQ00063502,MSBNK-Eawag-EQ00063502.txt,KBSVBCHYXYXDAG,KBSVBCHYXYXDAG,2024.11,POSITIVE,[M+H]+,30.0,R8,R8i: scaffold group guard: group in the MURU exposure registry
MSBNK-Eawag-EQ00063503,MSBNK-Eawag-EQ00063503.txt,KBSVBCHYXYXDAG,KBSVBCHYXYXDAG,2024.11,POSITIVE,[M+H]+,45.0,R4,nce=45 not an adjudication cell (30 or 60)
MSBNK-Eawag-EQ00070901,MSBNK-Eawag-EQ00070901.txt,IANUJLZYFUDJIH,IANUJLZYFUDJIH,2024.11,POSITIVE,[M+H]+,15.0,R4,nce=15 not an adjudication cell (30 or 60)
MSBNK-Eawag-EQ00070902,MSBNK-Eawag-EQ00070902.txt,IANUJLZYFUDJIH,IANUJLZYFUDJIH,2024.11,POSITIVE,[M+H]+,30.0,R8,R8a: compound key in MassSpecGym 1.5 by the recorded InChIKey route
MSBNK-Eawag-EQ00070903,MSBNK-Eawag-EQ00070903.txt,IANUJLZYFUDJIH,IANUJLZYFUDJIH,2024.11,POSITIVE,[M+H]+,45.0,R4,nce=45 not an adjudication cell (30 or 60)
MSBNK-Eawag-EQ00070904,MSBNK-Eawag-EQ00070904.txt,IANUJLZYFUDJIH,IANUJLZYFUDJIH,2024.11,POSITIVE,[M+H]+,60.0,R8,R8a: compound key in MassSpecGym 1.5 by the recorded InChIKey route
MSBNK-Eawag-EQ00070905,MSBNK-Eawag-EQ00070905.txt,IANUJLZYFUDJIH,IANUJLZYFUDJIH,2024.11,POSITIVE,[M+H]+,75.0,R4,nce=75 not an adjudication cell (30 or 60)
MSBNK-Eawag-EQ00070906,MSBNK-Eawag-EQ00070906.txt,IANUJLZYFUDJIH,IANUJLZYFUDJIH,2024.11,POSITIVE,[M+H]+,90.0,R4,nce=90 not an adjudication cell (30 or 60)
MSBNK-Eawag-EQ00070907,MSBNK-Eawag-EQ00070907.txt,IANUJLZYFUDJIH,IANUJLZYFUDJIH,2024.11,POSITIVE,[M+H]+,120.0,R4,nce=120 not an adjudication cell (30 or 60)
MSBNK-Eawag-EQ00070908,MSBNK-Eawag-EQ00070908.txt,IANUJLZYFUDJIH,IANUJLZYFUDJIH,2024.11,POSITIVE,[M+H]+,150.0,R4,nce=150 not an adjudication cell (30 or 60)
MSBNK-Eawag-EQ00070909,MSBNK-Eawag-EQ00070909.txt,IANUJLZYFUDJIH,IANUJLZYFUDJIH,2024.11,POSITIVE,[M+H]+,180.0,R4,nce=180 not an adjudication cell (30 or 60)
MSBNK-Eawag-EQ00256601,MSBNK-Eawag-EQ00256601.txt,GHASVSINZRGABV,GHASVSINZRGABV,2024.11,POSITIVE,[M+H]+,15.0,R4,nce=15 not an adjudication cell (30 or 60)
MSBNK-Eawag-EQ00256602,MSBNK-Eawag-EQ00256602.txt,GHASVSINZRGABV,GHASVSINZRGABV,2024.11,POSITIVE,[M+H]+,30.0,R8,R8a: compound key in MassSpecGym 1.5 by the recorded InChIKey route
MSBNK-Eawag-EQ00256603,MSBNK-Eawag-EQ00256603.txt,GHASVSINZRGABV,GHASVSINZRGABV,2024.11,POSITIVE,[M+H]+,45.0,R4,nce=45 not an adjudication cell (30 or 60)
MSBNK-Eawag-EQ00256604,MSBNK-Eawag-EQ00256604.txt,GHASVSINZRGABV,GHASVSINZRGABV,2024.11,POSITIVE,[M+H]+,60.0,R8,R8a: compound key in MassSpecGym 1.5 by the recorded InChIKey route
MSBNK-Eawag-EQ00256605,MSBNK-Eawag-EQ00256605.txt,GHASVSINZRGABV,GHASVSINZRGABV,2024.11,POSITIVE,[M+H]+,75.0,R4,nce=75 not an adjudication cell (30 or 60)
MSBNK-Eawag-EQ00256606,MSBNK-Eawag-EQ00256606.txt,GHASVSINZRGABV,GHASVSINZRGABV,2024.11,POSITIVE,[M+H]+,90.0,R4,nce=90 not an adjudication cell (30 or 60)
MSBNK-Eawag-EQ00256607,MSBNK-Eawag-EQ00256607.txt,GHASVSINZRGABV,GHASVSINZRGABV,2024.11,POSITIVE,[M+H]+,120.0,R4,nce=120 not an adjudication cell (30 or 60)
MSBNK-Eawag-EQ00256608,MSBNK-Eawag-EQ00256608.txt,GHASVSINZRGABV,GHASVSINZRGABV,2024.11,POSITIVE,[M+H]+,150.0,R4,nce=150 not an adjudication cell (30 or 60)
MSBNK-Eawag-EQ00256609,MSBNK-Eawag-EQ00256609.txt,GHASVSINZRGABV,GHASVSINZRGABV,2024.11,POSITIVE,[M+H]+,180.0,R4,nce=180 not an adjudication cell (30 or 60)
MSBNK-Eawag-EQ00256651,MSBNK-Eawag-EQ00256651.txt,GHASVSINZRGABV,GHASVSINZRGABV,2024.11,NEGATIVE,[M-H]-,15.0,R1,ion_mode=NEGATIVE precursor_type=[M-H]-
MSBNK-Eawag-EQ00256652,MSBNK-Eawag-EQ00256652.txt,GHASVSINZRGABV,GHASVSINZRGABV,2024.11,NEGATIVE,[M-H]-,30.0,R1,ion_mode=NEGATIVE precursor_type=[M-H]-
MSBNK-Eawag-EQ00256653,MSBNK-Eawag-EQ00256653.txt,GHASVSINZRGABV,GHASVSINZRGABV,2024.11,NEGATIVE,[M-H]-,45.0,R1,ion_mode=NEGATIVE precursor_type=[M-H]-
MSBNK-Eawag-EQ00256654,MSBNK-Eawag-EQ00256654.txt,GHASVSINZRGABV,GHASVSINZRGABV,2024.11,NEGATIVE,[M-H]-,60.0,R1,ion_mode=NEGATIVE precursor_type=[M-H]-
MSBNK-Eawag-EQ00262601,MSBNK-Eawag-EQ00262601.txt,AAOVKJBEBIDNHE,AAOVKJBEBIDNHE,2024.11,POSITIVE,[M+H]+,15.0,R4,nce=15 not an adjudication cell (30 or 60)
MSBNK-Eawag-EQ00262602,MSBNK-Eawag-EQ00262602.txt,AAOVKJBEBIDNHE,AAOVKJBEBIDNHE,2024.11,POSITIVE,[M+H]+,30.0,R8,R8a: compound key in MassSpecGym 1.5 by the recorded InChIKey route
MSBNK-Eawag-EQ00262603,MSBNK-Eawag-EQ00262603.txt,AAOVKJBEBIDNHE,AAOVKJBEBIDNHE,2024.11,POSITIVE,[M+H]+,45.0,R4,nce=45 not an adjudication cell (30 or 60)
MSBNK-Eawag-EQ00262604,MSBNK-Eawag-EQ00262604.txt,AAOVKJBEBIDNHE,AAOVKJBEBIDNHE,2024.11,POSITIVE,[M+H]+,60.0,R8,R8a: compound key in MassSpecGym 1.5 by the recorded InChIKey route
MSBNK-Eawag-EQ00262605,MSBNK-Eawag-EQ00262605.txt,AAOVKJBEBIDNHE,AAOVKJBEBIDNHE,2024.11,POSITIVE,[M+H]+,75.0,R4,nce=75 not an adjudication cell (30 or 60)
MSBNK-Eawag-EQ00262606,MSBNK-Eawag-EQ00262606.txt,AAOVKJBEBIDNHE,AAOVKJBEBIDNHE,2024.11,POSITIVE,[M+H]+,90.0,R4,nce=90 not an adjudication cell (30 or 60)
MSBNK-Eawag-EQ00262607,MSBNK-Eawag-EQ00262607.txt,AAOVKJBEBIDNHE,AAOVKJBEBIDNHE,2024.11,POSITIVE,[M+H]+,120.0,R4,nce=120 not an adjudication cell (30 or 60)
MSBNK-Eawag-EQ00262608,MSBNK-Eawag-EQ00262608.txt,AAOVKJBEBIDNHE,AAOVKJBEBIDNHE,2024.11,POSITIVE,[M+H]+,150.0,R4,nce=150 not an adjudication cell (30 or 60)
MSBNK-Eawag-EQ00262609,MSBNK-Eawag-EQ00262609.txt,AAOVKJBEBIDNHE,AAOVKJBEBIDNHE,2024.11,POSITIVE,[M+H]+,180.0,R4,nce=180 not an adjudication cell (30 or 60)
MSBNK-Eawag-EQ00270901,MSBNK-Eawag-EQ00270901.txt,YWTYJOPNNQFBPC,YWTYJOPNNQFBPC,2024.11,POSITIVE,[M+H]+,15.0,R4,nce=15 not an adjudication cell (30 or 60)
MSBNK-Eawag-EQ00270902,MSBNK-Eawag-EQ00270902.txt,YWTYJOPNNQFBPC,YWTYJOPNNQFBPC,2024.11,POSITIVE,[M+H]+,30.0,R8,R8a: compound key in MassSpecGym 1.5 by the recorded InChIKey route
MSBNK-Eawag-EQ00270903,MSBNK-Eawag-EQ00270903.txt,YWTYJOPNNQFBPC,YWTYJOPNNQFBPC,2024.11,POSITIVE,[M+H]+,45.0,R4,nce=45 not an adjudication cell (30 or 60)
MSBNK-Eawag-EQ00270904,MSBNK-Eawag-EQ00270904.txt,YWTYJOPNNQFBPC,YWTYJOPNNQFBPC,2024.11,POSITIVE,[M+H]+,60.0,R8,R8a: compound key in MassSpecGym 1.5 by the recorded InChIKey route
MSBNK-Eawag-EQ00270905,MSBNK-Eawag-EQ00270905.txt,YWTYJOPNNQFBPC,YWTYJOPNNQFBPC,2024.11,POSITIVE,[M+H]+,75.0,R4,nce=75 not an adjudication cell (30 or 60)
MSBNK-Eawag-EQ00270906,MSBNK-Eawag-EQ00270906.txt,YWTYJOPNNQFBPC,YWTYJOPNNQFBPC,2024.11,POSITIVE,[M+H]+,90.0,R4,nce=90 not an adjudication cell (30 or 60)
MSBNK-Eawag-EQ00270907,MSBNK-Eawag-EQ00270907.txt,YWTYJOPNNQFBPC,YWTYJOPNNQFBPC,2024.11,POSITIVE,[M+H]+,120.0,R4,nce=120 not an adjudication cell (30 or 60)
MSBNK-Eawag-EQ00270951,MSBNK-Eawag-EQ00270951.txt,YWTYJOPNNQFBPC,YWTYJOPNNQFBPC,2024.11,NEGATIVE,[M-H]-,15.0,R1,ion_mode=NEGATIVE precursor_type=[M-H]-
MSBNK-Eawag-EQ00270952,MSBNK-Eawag-EQ00270952.txt,YWTYJOPNNQFBPC,YWTYJOPNNQFBPC,2024.11,NEGATIVE,[M-H]-,30.0,R1,ion_mode=NEGATIVE precursor_type=[M-H]-
MSBNK-Eawag-EQ00270953,MSBNK-Eawag-EQ00270953.txt,YWTYJOPNNQFBPC,YWTYJOPNNQFBPC,2024.11,NEGATIVE,[M-H]-,45.0,R1,ion_mode=NEGATIVE precursor_type=[M-H]-
MSBNK-Eawag-EQ00270954,MSBNK-Eawag-EQ00270954.txt,YWTYJOPNNQFBPC,YWTYJOPNNQFBPC,2024.11,NEGATIVE,[M-H]-,60.0,R1,ion_mode=NEGATIVE precursor_type=[M-H]-
MSBNK-Eawag-EQ00270955,MSBNK-Eawag-EQ00270955.txt,YWTYJOPNNQFBPC,YWTYJOPNNQFBPC,2024.11,NEGATIVE,[M-H]-,75.0,R1,ion_mode=NEGATIVE precursor_type=[M-H]-
MSBNK-Eawag-EQ00270956,MSBNK-Eawag-EQ00270956.txt,YWTYJOPNNQFBPC,YWTYJOPNNQFBPC,2024.11,NEGATIVE,[M-H]-,90.0,R1,ion_mode=NEGATIVE precursor_type=[M-H]-
MSBNK-Eawag-EQ00271001,MSBNK-Eawag-EQ00271001.txt,LLWADFLAOKUBDR,LLWADFLAOKUBDR,2024.11,POSITIVE,[M+H]+,15.0,R4,nce=15 not an adjudication cell (30 or 60)
MSBNK-Eawag-EQ00271002,MSBNK-Eawag-EQ00271002.txt,LLWADFLAOKUBDR,LLWADFLAOKUBDR,2024.11,POSITIVE,[M+H]+,30.0,R8,R8a: compound key in MassSpecGym 1.5 by the recorded InChIKey route
MSBNK-Eawag-EQ00271003,MSBNK-Eawag-EQ00271003.txt,LLWADFLAOKUBDR,LLWADFLAOKUBDR,2024.11,POSITIVE,[M+H]+,45.0,R4,nce=45 not an adjudication cell (30 or 60)
MSBNK-Eawag-EQ00271751,MSBNK-Eawag-EQ00271751.txt,SNGREZUHAYWORS,SNGREZUHAYWORS,2024.11,NEGATIVE,[M-H]-,15.0,R1,ion_mode=NEGATIVE precursor_type=[M-H]-
MSBNK-Eawag-EQ00271752,MSBNK-Eawag-EQ00271752.txt,SNGREZUHAYWORS,SNGREZUHAYWORS,2024.11,NEGATIVE,[M-H]-,30.0,R1,ion_mode=NEGATIVE precursor_type=[M-H]-
MSBNK-Eawag-EQ00271753,MSBNK-Eawag-EQ00271753.txt,SNGREZUHAYWORS,SNGREZUHAYWORS,2024.11,NEGATIVE,[M-H]-,45.0,R1,ion_mode=NEGATIVE precursor_type=[M-H]-
MSBNK-Eawag-EQ00273051,MSBNK-Eawag-EQ00273051.txt,SRMWNTGHXHOWBT,SRMWNTGHXHOWBT,2024.06,NEGATIVE,[M-H]-,15.0,R1,ion_mode=NEGATIVE precursor_type=[M-H]-
MSBNK-Eawag-EQ00273052,MSBNK-Eawag-EQ00273052.txt,SRMWNTGHXHOWBT,SRMWNTGHXHOWBT,2024.06,NEGATIVE,[M-H]-,30.0,R1,ion_mode=NEGATIVE precursor_type=[M-H]-
MSBNK-Eawag-EQ00273053,MSBNK-Eawag-EQ00273053.txt,SRMWNTGHXHOWBT,SRMWNTGHXHOWBT,2024.06,NEGATIVE,[M-H]-,45.0,R1,ion_mode=NEGATIVE precursor_type=[M-H]-
MSBNK-Eawag-EQ00273054,MSBNK-Eawag-EQ00273054.txt,SRMWNTGHXHOWBT,SRMWNTGHXHOWBT,2024.06,NEGATIVE,[M-H]-,60.0,R1,ion_mode=NEGATIVE precursor_type=[M-H]-
MSBNK-Eawag-EQ00273151,MSBNK-Eawag-EQ00273151.txt,CCEKAJIANROZEO,CCEKAJIANROZEO,2024.06,NEGATIVE,[M-H]-,15.0,R1,ion_mode=NEGATIVE precursor_type=[M-H]-
MSBNK-Eawag-EQ00273152,MSBNK-Eawag-EQ00273152.txt,CCEKAJIANROZEO,CCEKAJIANROZEO,2024.06,NEGATIVE,[M-H]-,30.0,R1,ion_mode=NEGATIVE precursor_type=[M-H]-
MSBNK-Eawag-EQ00273153,MSBNK-Eawag-EQ00273153.txt,CCEKAJIANROZEO,CCEKAJIANROZEO,2024.06,NEGATIVE,[M-H]-,45.0,R1,ion_mode=NEGATIVE precursor_type=[M-H]-
MSBNK-Eawag-EQ00273154,MSBNK-Eawag-EQ00273154.txt,CCEKAJIANROZEO,CCEKAJIANROZEO,2024.06,NEGATIVE,[M-H]-,60.0,R1,ion_mode=NEGATIVE precursor_type=[M-H]-
MSBNK-Eawag-EQ00273251,MSBNK-Eawag-EQ00273251.txt,BKOBFLVYTXYFQZ,BKOBFLVYTXYFQZ,dev,NEGATIVE,[M-H]-,15.0,R1,ion_mode=NEGATIVE precursor_type=[M-H]-
MSBNK-Eawag-EQ00273252,MSBNK-Eawag-EQ00273252.txt,BKOBFLVYTXYFQZ,BKOBFLVYTXYFQZ,dev,NEGATIVE,[M-H]-,30.0,R1,ion_mode=NEGATIVE precursor_type=[M-H]-
MSBNK-Eawag-EQ00273253,MSBNK-Eawag-EQ00273253.txt,BKOBFLVYTXYFQZ,BKOBFLVYTXYFQZ,dev,NEGATIVE,[M-H]-,45.0,R1,ion_mode=NEGATIVE precursor_type=[M-H]-
MSBNK-Eawag-EQ00273254,MSBNK-Eawag-EQ00273254.txt,BKOBFLVYTXYFQZ,BKOBFLVYTXYFQZ,dev,NEGATIVE,[M-H]-,60.0,R1,ion_mode=NEGATIVE precursor_type=[M-H]-
MSBNK-Eawag-EQ00273255,MSBNK-Eawag-EQ00273255.txt,BKOBFLVYTXYFQZ,BKOBFLVYTXYFQZ,dev,NEGATIVE,[M-H]-,75.0,R1,ion_mode=NEGATIVE precursor_type=[M-H]-
MSBNK-Eawag-EQ00273351,MSBNK-Eawag-EQ00273351.txt,WHZXTVOEGZRRJM,WHZXTVOEGZRRJM,dev,NEGATIVE,[M-H]-,15.0,R1,ion_mode=NEGATIVE precursor_type=[M-H]-
MSBNK-Eawag-EQ00273352,MSBNK-Eawag-EQ00273352.txt,WHZXTVOEGZRRJM,WHZXTVOEGZRRJM,dev,NEGATIVE,[M-H]-,30.0,R1,ion_mode=NEGATIVE precursor_type=[M-H]-
MSBNK-Eawag-EQ00273353,MSBNK-Eawag-EQ00273353.txt,WHZXTVOEGZRRJM,WHZXTVOEGZRRJM,dev,NEGATIVE,[M-H]-,45.0,R1,ion_mode=NEGATIVE precursor_type=[M-H]-
MSBNK-Eawag-EQ00273354,MSBNK-Eawag-EQ00273354.txt,WHZXTVOEGZRRJM,WHZXTVOEGZRRJM,dev,NEGATIVE,[M-H]-,60.0,R1,ion_mode=NEGATIVE precursor_type=[M-H]-
MSBNK-Eawag-EQ00274101,MSBNK-Eawag-EQ00274101.txt,WJNRPILHGGKWCK,WJNRPILHGGKWCK,2024.11,POSITIVE,[M+H]+,15.0,R4,nce=15 not an adjudication cell (30 or 60)
MSBNK-Eawag-EQ00274102,MSBNK-Eawag-EQ00274102.txt,WJNRPILHGGKWCK,WJNRPILHGGKWCK,2024.11,POSITIVE,[M+H]+,30.0,R8,R8a: compound key in MassSpecGym 1.5 by the recorded InChIKey route
MSBNK-Eawag-EQ00274103,MSBNK-Eawag-EQ00274103.txt,WJNRPILHGGKWCK,WJNRPILHGGKWCK,2024.11,POSITIVE,[M+H]+,45.0,R4,nce=45 not an adjudication cell (30 or 60)
MSBNK-Eawag-EQ00274104,MSBNK-Eawag-EQ00274104.txt,WJNRPILHGGKWCK,WJNRPILHGGKWCK,2024.11,POSITIVE,[M+H]+,60.0,R8,R8a: compound key in MassSpecGym 1.5 by the recorded InChIKey route
MSBNK-Eawag-EQ00274105,MSBNK-Eawag-EQ00274105.txt,WJNRPILHGGKWCK,WJNRPILHGGKWCK,2024.11,POSITIVE,[M+H]+,75.0,R4,nce=75 not an adjudication cell (30 or 60)
MSBNK-Eawag-EQ00274106,MSBNK-Eawag-EQ00274106.txt,WJNRPILHGGKWCK,WJNRPILHGGKWCK,2024.11,POSITIVE,[M+H]+,90.0,R4,nce=90 not an adjudication cell (30 or 60)
MSBNK-Eawag-EQ00274107,MSBNK-Eawag-EQ00274107.txt,WJNRPILHGGKWCK,WJNRPILHGGKWCK,2024.11,POSITIVE,[M+H]+,120.0,R4,nce=120 not an adjudication cell (30 or 60)
MSBNK-Eawag-EQ00274108,MSBNK-Eawag-EQ00274108.txt,WJNRPILHGGKWCK,WJNRPILHGGKWCK,2024.11,POSITIVE,[M+H]+,150.0,R4,nce=150 not an adjudication cell (30 or 60)
MSBNK-Eawag-EQ00274109,MSBNK-Eawag-EQ00274109.txt,WJNRPILHGGKWCK,WJNRPILHGGKWCK,2024.11,POSITIVE,[M+H]+,180.0,R4,nce=180 not an adjudication cell (30 or 60)
MSBNK-Eawag-EQ00274301,MSBNK-Eawag-EQ00274301.txt,ADIMAYPTOBDMTL,ADIMAYPTOBDMTL,2024.11,POSITIVE,[M+H]+,15.0,R4,nce=15 not an adjudication cell (30 or 60)
MSBNK-Eawag-EQ00274302,MSBNK-Eawag-EQ00274302.txt,ADIMAYPTOBDMTL,ADIMAYPTOBDMTL,2024.11,POSITIVE,[M+H]+,30.0,R8,R8a: compound key in MassSpecGym 1.5 by the recorded InChIKey route
MSBNK-Eawag-EQ00274303,MSBNK-Eawag-EQ00274303.txt,ADIMAYPTOBDMTL,ADIMAYPTOBDMTL,2024.11,POSITIVE,[M+H]+,45.0,R4,nce=45 not an adjudication cell (30 or 60)
MSBNK-Eawag-EQ00274304,MSBNK-Eawag-EQ00274304.txt,ADIMAYPTOBDMTL,ADIMAYPTOBDMTL,2024.11,POSITIVE,[M+H]+,60.0,R8,R8a: compound key in MassSpecGym 1.5 by the recorded InChIKey route
MSBNK-Eawag-EQ00274305,MSBNK-Eawag-EQ00274305.txt,ADIMAYPTOBDMTL,ADIMAYPTOBDMTL,2024.11,POSITIVE,[M+H]+,75.0,R4,nce=75 not an adjudication cell (30 or 60)
MSBNK-Eawag-EQ00274306,MSBNK-Eawag-EQ00274306.txt,ADIMAYPTOBDMTL,ADIMAYPTOBDMTL,2024.11,POSITIVE,[M+H]+,90.0,R4,nce=90 not an adjudication cell (30 or 60)
MSBNK-Eawag-EQ00274307,MSBNK-Eawag-EQ00274307.txt,ADIMAYPTOBDMTL,ADIMAYPTOBDMTL,2024.11,POSITIVE,[M+H]+,120.0,R4,nce=120 not an adjudication cell (30 or 60)
MSBNK-Eawag-EQ00274308,MSBNK-Eawag-EQ00274308.txt,ADIMAYPTOBDMTL,ADIMAYPTOBDMTL,2024.11,POSITIVE,[M+H]+,150.0,R4,nce=150 not an adjudication cell (30 or 60)
MSBNK-Eawag-EQ00274309,MSBNK-Eawag-EQ00274309.txt,ADIMAYPTOBDMTL,ADIMAYPTOBDMTL,2024.11,POSITIVE,[M+H]+,180.0,R4,nce=180 not an adjudication cell (30 or 60)
MSBNK-Eawag-EQ00274351,MSBNK-Eawag-EQ00274351.txt,ADIMAYPTOBDMTL,ADIMAYPTOBDMTL,2024.11,NEGATIVE,[M-H]-,15.0,R1,ion_mode=NEGATIVE precursor_type=[M-H]-
MSBNK-Eawag-EQ00274352,MSBNK-Eawag-EQ00274352.txt,ADIMAYPTOBDMTL,ADIMAYPTOBDMTL,2024.11,NEGATIVE,[M-H]-,30.0,R1,ion_mode=NEGATIVE precursor_type=[M-H]-
MSBNK-Eawag-EQ00274353,MSBNK-Eawag-EQ00274353.txt,ADIMAYPTOBDMTL,ADIMAYPTOBDMTL,2024.11,NEGATIVE,[M-H]-,45.0,R1,ion_mode=NEGATIVE precursor_type=[M-H]-
MSBNK-Eawag-EQ00279401,MSBNK-Eawag-EQ00279401.txt,PSIFNNKUMBGKDQ,PSIFNNKUMBGKDQ,2024.11,POSITIVE,[M+H]+,15.0,R4,nce=15 not an adjudication cell (30 or 60)
MSBNK-Eawag-EQ00279402,MSBNK-Eawag-EQ00279402.txt,PSIFNNKUMBGKDQ,PSIFNNKUMBGKDQ,2024.11,POSITIVE,[M+H]+,30.0,R8,R8a: compound key in MassSpecGym 1.5 by the recorded InChIKey route
MSBNK-Eawag-EQ00279403,MSBNK-Eawag-EQ00279403.txt,PSIFNNKUMBGKDQ,PSIFNNKUMBGKDQ,2024.11,POSITIVE,[M+H]+,45.0,R4,nce=45 not an adjudication cell (30 or 60)
MSBNK-Eawag-EQ00279404,MSBNK-Eawag-EQ00279404.txt,PSIFNNKUMBGKDQ,PSIFNNKUMBGKDQ,2024.11,POSITIVE,[M+H]+,60.0,R8,R8a: compound key in MassSpecGym 1.5 by the recorded InChIKey route
MSBNK-Eawag-EQ00279451,MSBNK-Eawag-EQ00279451.txt,PSIFNNKUMBGKDQ,PSIFNNKUMBGKDQ,2024.11,NEGATIVE,[M-H]-,15.0,R1,ion_mode=NEGATIVE precursor_type=[M-H]-
MSBNK-Eawag-EQ00279452,MSBNK-Eawag-EQ00279452.txt,PSIFNNKUMBGKDQ,PSIFNNKUMBGKDQ,2024.11,NEGATIVE,[M-H]-,30.0,R1,ion_mode=NEGATIVE precursor_type=[M-H]-
MSBNK-Eawag-EQ00279453,MSBNK-Eawag-EQ00279453.txt,PSIFNNKUMBGKDQ,PSIFNNKUMBGKDQ,2024.11,NEGATIVE,[M-H]-,45.0,R1,ion_mode=NEGATIVE precursor_type=[M-H]-
MSBNK-Eawag-EQ00279454,MSBNK-Eawag-EQ00279454.txt,PSIFNNKUMBGKDQ,PSIFNNKUMBGKDQ,2024.11,NEGATIVE,[M-H]-,60.0,R1,ion_mode=NEGATIVE precursor_type=[M-H]-
MSBNK-Eawag-EQ00279455,MSBNK-Eawag-EQ00279455.txt,PSIFNNKUMBGKDQ,PSIFNNKUMBGKDQ,2024.11,NEGATIVE,[M-H]-,75.0,R1,ion_mode=NEGATIVE precursor_type=[M-H]-
MSBNK-Eawag-EQ00279456,MSBNK-Eawag-EQ00279456.txt,PSIFNNKUMBGKDQ,PSIFNNKUMBGKDQ,2024.11,NEGATIVE,[M-H]-,90.0,R1,ion_mode=NEGATIVE precursor_type=[M-H]-
MSBNK-Eawag-EQ00280901,MSBNK-Eawag-EQ00280901.txt,LKJPYSCBVHEWIU,LKJPYSCBVHEWIU,2024.11,POSITIVE,[M+H]+,15.0,R4,nce=15 not an adjudication cell (30 or 60)
MSBNK-Eawag-EQ00280902,MSBNK-Eawag-EQ00280902.txt,LKJPYSCBVHEWIU,LKJPYSCBVHEWIU,2024.11,POSITIVE,[M+H]+,30.0,R8,R8a: compound key in MassSpecGym 1.5 by the recorded InChIKey route
MSBNK-Eawag-EQ00280903,MSBNK-Eawag-EQ00280903.txt,LKJPYSCBVHEWIU,LKJPYSCBVHEWIU,2024.11,POSITIVE,[M+H]+,45.0,R4,nce=45 not an adjudication cell (30 or 60)
MSBNK-Eawag-EQ00280904,MSBNK-Eawag-EQ00280904.txt,LKJPYSCBVHEWIU,LKJPYSCBVHEWIU,2024.11,POSITIVE,[M+H]+,60.0,R8,R8a: compound key in MassSpecGym 1.5 by the recorded InChIKey route
MSBNK-Eawag-EQ00280905,MSBNK-Eawag-EQ00280905.txt,LKJPYSCBVHEWIU,LKJPYSCBVHEWIU,2024.11,POSITIVE,[M+H]+,75.0,R4,nce=75 not an adjudication cell (30 or 60)
MSBNK-Eawag-EQ00280906,MSBNK-Eawag-EQ00280906.txt,LKJPYSCBVHEWIU,LKJPYSCBVHEWIU,2024.11,POSITIVE,[M+H]+,90.0,R4,nce=90 not an adjudication cell (30 or 60)
MSBNK-Eawag-EQ00280907,MSBNK-Eawag-EQ00280907.txt,LKJPYSCBVHEWIU,LKJPYSCBVHEWIU,2024.11,POSITIVE,[M+H]+,120.0,R4,nce=120 not an adjudication cell (30 or 60)
MSBNK-Eawag-EQ00280908,MSBNK-Eawag-EQ00280908.txt,LKJPYSCBVHEWIU,LKJPYSCBVHEWIU,2024.11,POSITIVE,[M+H]+,150.0,R4,nce=150 not an adjudication cell (30 or 60)
MSBNK-Eawag-EQ00280909,MSBNK-Eawag-EQ00280909.txt,LKJPYSCBVHEWIU,LKJPYSCBVHEWIU,2024.11,POSITIVE,[M+H]+,180.0,R4,nce=180 not an adjudication cell (30 or 60)
MSBNK-Eawag-EQ00280951,MSBNK-Eawag-EQ00280951.txt,LKJPYSCBVHEWIU,LKJPYSCBVHEWIU,2024.11,NEGATIVE,[M-H]-,15.0,R1,ion_mode=NEGATIVE precursor_type=[M-H]-
MSBNK-Eawag-EQ00280952,MSBNK-Eawag-EQ00280952.txt,LKJPYSCBVHEWIU,LKJPYSCBVHEWIU,2024.11,NEGATIVE,[M-H]-,30.0,R1,ion_mode=NEGATIVE precursor_type=[M-H]-
MSBNK-Eawag-EQ00280953,MSBNK-Eawag-EQ00280953.txt,LKJPYSCBVHEWIU,LKJPYSCBVHEWIU,2024.11,NEGATIVE,[M-H]-,45.0,R1,ion_mode=NEGATIVE precursor_type=[M-H]-
MSBNK-Eawag-EQ00280954,MSBNK-Eawag-EQ00280954.txt,LKJPYSCBVHEWIU,LKJPYSCBVHEWIU,2024.11,NEGATIVE,[M-H]-,60.0,R1,ion_mode=NEGATIVE precursor_type=[M-H]-
MSBNK-Eawag-EQ00280955,MSBNK-Eawag-EQ00280955.txt,LKJPYSCBVHEWIU,LKJPYSCBVHEWIU,2024.11,NEGATIVE,[M-H]-,75.0,R1,ion_mode=NEGATIVE precursor_type=[M-H]-
MSBNK-Eawag-EQ00280956,MSBNK-Eawag-EQ00280956.txt,LKJPYSCBVHEWIU,LKJPYSCBVHEWIU,2024.11,NEGATIVE,[M-H]-,90.0,R1,ion_mode=NEGATIVE precursor_type=[M-H]-
MSBNK-Eawag-EQ00280957,MSBNK-Eawag-EQ00280957.txt,LKJPYSCBVHEWIU,LKJPYSCBVHEWIU,2024.11,NEGATIVE,[M-H]-,120.0,R1,ion_mode=NEGATIVE precursor_type=[M-H]-
MSBNK-Eawag-EQ00280958,MSBNK-Eawag-EQ00280958.txt,LKJPYSCBVHEWIU,LKJPYSCBVHEWIU,2024.11,NEGATIVE,[M-H]-,150.0,R1,ion_mode=NEGATIVE precursor_type=[M-H]-
MSBNK-Eawag-EQ00280959,MSBNK-Eawag-EQ00280959.txt,LKJPYSCBVHEWIU,LKJPYSCBVHEWIU,2024.11,NEGATIVE,[M-H]-,180.0,R1,ion_mode=NEGATIVE precursor_type=[M-H]-
MSBNK-Eawag-EQ00292201,MSBNK-Eawag-EQ00292201.txt,ZDYYWMSLMLTXDM,ZDYYWMSLMLTXDM,2024.06,POSITIVE,[M+H]+,15.0,R4,nce=15 not an adjudication cell (30 or 60)
MSBNK-Eawag-EQ00292202,MSBNK-Eawag-EQ00292202.txt,ZDYYWMSLMLTXDM,ZDYYWMSLMLTXDM,2024.06,POSITIVE,[M+H]+,30.0,R8,R8a: compound key in MassSpecGym 1.5 by the recorded InChIKey route
MSBNK-Eawag-EQ00292203,MSBNK-Eawag-EQ00292203.txt,ZDYYWMSLMLTXDM,ZDYYWMSLMLTXDM,2024.06,POSITIVE,[M+H]+,45.0,R4,nce=45 not an adjudication cell (30 or 60)
MSBNK-Eawag-EQ00292251,MSBNK-Eawag-EQ00292251.txt,ZDYYWMSLMLTXDM,ZDYYWMSLMLTXDM,2024.06,NEGATIVE,[M-H]-,15.0,R1,ion_mode=NEGATIVE precursor_type=[M-H]-
MSBNK-Eawag-EQ00292252,MSBNK-Eawag-EQ00292252.txt,ZDYYWMSLMLTXDM,ZDYYWMSLMLTXDM,2024.06,NEGATIVE,[M-H]-,30.0,R1,ion_mode=NEGATIVE precursor_type=[M-H]-
MSBNK-Eawag-EQ00292301,MSBNK-Eawag-EQ00292301.txt,AFWOYEYXUDHGHF,AFWOYEYXUDHGHF,2024.06,POSITIVE,[M+H]+,15.0,R4,nce=15 not an adjudication cell (30 or 60)
MSBNK-Eawag-EQ00292302,MSBNK-Eawag-EQ00292302.txt,AFWOYEYXUDHGHF,AFWOYEYXUDHGHF,2024.06,POSITIVE,[M+H]+,30.0,R8,R8a: compound key in MassSpecGym 1.5 by the recorded InChIKey route
MSBNK-Eawag-EQ00292351,MSBNK-Eawag-EQ00292351.txt,AFWOYEYXUDHGHF,AFWOYEYXUDHGHF,2024.06,NEGATIVE,[M-H]-,15.0,R1,ion_mode=NEGATIVE precursor_type=[M-H]-
MSBNK-Eawag-EQ00292352,MSBNK-Eawag-EQ00292352.txt,AFWOYEYXUDHGHF,AFWOYEYXUDHGHF,2024.06,NEGATIVE,[M-H]-,30.0,R1,ion_mode=NEGATIVE precursor_type=[M-H]-
MSBNK-Eawag-EQ00292401,MSBNK-Eawag-EQ00292401.txt,FZTRDYSPWWJCOF,FZTRDYSPWWJCOF,2024.06,POSITIVE,[M+H]+,15.0,R4,nce=15 not an adjudication cell (30 or 60)
MSBNK-Eawag-EQ00292402,MSBNK-Eawag-EQ00292402.txt,FZTRDYSPWWJCOF,FZTRDYSPWWJCOF,2024.06,POSITIVE,[M+H]+,30.0,R8,R8a: compound key in MassSpecGym 1.5 by the recorded InChIKey route
MSBNK-Eawag-EQ00292403,MSBNK-Eawag-EQ00292403.txt,FZTRDYSPWWJCOF,FZTRDYSPWWJCOF,2024.06,POSITIVE,[M+H]+,45.0,R4,nce=45 not an adjudication cell (30 or 60)
MSBNK-Eawag-EQ00292404,MSBNK-Eawag-EQ00292404.txt,FZTRDYSPWWJCOF,FZTRDYSPWWJCOF,2024.06,POSITIVE,[M+H]+,60.0,R8,R8a: compound key in MassSpecGym 1.5 by the recorded InChIKey route
MSBNK-Eawag-EQ00292405,MSBNK-Eawag-EQ00292405.txt,FZTRDYSPWWJCOF,FZTRDYSPWWJCOF,2024.06,POSITIVE,[M+H]+,75.0,R4,nce=75 not an adjudication cell (30 or 60)
MSBNK-Eawag-EQ00292406,MSBNK-Eawag-EQ00292406.txt,FZTRDYSPWWJCOF,FZTRDYSPWWJCOF,2024.06,POSITIVE,[M+H]+,90.0,R4,nce=90 not an adjudication cell (30 or 60)
MSBNK-Eawag-EQ00292407,MSBNK-Eawag-EQ00292407.txt,FZTRDYSPWWJCOF,FZTRDYSPWWJCOF,2024.06,POSITIVE,[M+H]+,120.0,R4,nce=120 not an adjudication cell (30 or 60)
MSBNK-Eawag-EQ00292408,MSBNK-Eawag-EQ00292408.txt,FZTRDYSPWWJCOF,FZTRDYSPWWJCOF,2024.06,POSITIVE,[M+H]+,150.0,R4,nce=150 not an adjudication cell (30 or 60)
MSBNK-Eawag-EQ00292409,MSBNK-Eawag-EQ00292409.txt,FZTRDYSPWWJCOF,FZTRDYSPWWJCOF,2024.06,POSITIVE,[M+H]+,180.0,R4,nce=180 not an adjudication cell (30 or 60)
MSBNK-Eawag-EQ00292451,MSBNK-Eawag-EQ00292451.txt,FZTRDYSPWWJCOF,FZTRDYSPWWJCOF,2024.06,NEGATIVE,[M-H]-,15.0,R1,ion_mode=NEGATIVE precursor_type=[M-H]-
MSBNK-Eawag-EQ00292452,MSBNK-Eawag-EQ00292452.txt,FZTRDYSPWWJCOF,FZTRDYSPWWJCOF,2024.06,NEGATIVE,[M-H]-,30.0,R1,ion_mode=NEGATIVE precursor_type=[M-H]-
MSBNK-Eawag-EQ00292453,MSBNK-Eawag-EQ00292453.txt,FZTRDYSPWWJCOF,FZTRDYSPWWJCOF,2024.06,NEGATIVE,[M-H]-,45.0,R1,ion_mode=NEGATIVE precursor_type=[M-H]-
MSBNK-Eawag-EQ00292454,MSBNK-Eawag-EQ00292454.txt,FZTRDYSPWWJCOF,FZTRDYSPWWJCOF,2024.06,NEGATIVE,[M-H]-,60.0,R1,ion_mode=NEGATIVE precursor_type=[M-H]-
MSBNK-Eawag-EQ00292455,MSBNK-Eawag-EQ00292455.txt,FZTRDYSPWWJCOF,FZTRDYSPWWJCOF,2024.06,NEGATIVE,[M-H]-,75.0,R1,ion_mode=NEGATIVE precursor_type=[M-H]-
MSBNK-Eawag-EQ00292456,MSBNK-Eawag-EQ00292456.txt,FZTRDYSPWWJCOF,FZTRDYSPWWJCOF,2024.06,NEGATIVE,[M-H]-,90.0,R1,ion_mode=NEGATIVE precursor_type=[M-H]-
MSBNK-Eawag-EQ00292457,MSBNK-Eawag-EQ00292457.txt,FZTRDYSPWWJCOF,FZTRDYSPWWJCOF,2024.06,NEGATIVE,[M-H]-,120.0,R1,ion_mode=NEGATIVE precursor_type=[M-H]-
MSBNK-Eawag-EQ00292458,MSBNK-Eawag-EQ00292458.txt,FZTRDYSPWWJCOF,FZTRDYSPWWJCOF,2024.06,NEGATIVE,[M-H]-,150.0,R1,ion_mode=NEGATIVE precursor_type=[M-H]-
MSBNK-Eawag-EQ00292459,MSBNK-Eawag-EQ00292459.txt,FZTRDYSPWWJCOF,FZTRDYSPWWJCOF,2024.06,NEGATIVE,[M-H]-,180.0,R1,ion_mode=NEGATIVE precursor_type=[M-H]-
MSBNK-Eawag-EQ00292501,MSBNK-Eawag-EQ00292501.txt,MIABSAQIFYEDJP,MIABSAQIFYEDJP,2024.06,POSITIVE,[M+H]+,15.0,R4,nce=15 not an adjudication cell (30 or 60)
MSBNK-Eawag-EQ00292502,MSBNK-Eawag-EQ00292502.txt,MIABSAQIFYEDJP,MIABSAQIFYEDJP,2024.06,POSITIVE,[M+H]+,30.0,R8,R8a: compound key in MassSpecGym 1.5 by the recorded InChIKey route
MSBNK-Eawag-EQ00292503,MSBNK-Eawag-EQ00292503.txt,MIABSAQIFYEDJP,MIABSAQIFYEDJP,2024.06,POSITIVE,[M+H]+,45.0,R4,nce=45 not an adjudication cell (30 or 60)
MSBNK-Eawag-EQ00292504,MSBNK-Eawag-EQ00292504.txt,MIABSAQIFYEDJP,MIABSAQIFYEDJP,2024.06,POSITIVE,[M+H]+,60.0,R8,R8a: compound key in MassSpecGym 1.5 by the recorded InChIKey route
MSBNK-Eawag-EQ00292505,MSBNK-Eawag-EQ00292505.txt,MIABSAQIFYEDJP,MIABSAQIFYEDJP,2024.06,POSITIVE,[M+H]+,75.0,R4,nce=75 not an adjudication cell (30 or 60)
MSBNK-Eawag-EQ00292506,MSBNK-Eawag-EQ00292506.txt,MIABSAQIFYEDJP,MIABSAQIFYEDJP,2024.06,POSITIVE,[M+H]+,90.0,R4,nce=90 not an adjudication cell (30 or 60)
MSBNK-Eawag-EQ00292507,MSBNK-Eawag-EQ00292507.txt,MIABSAQIFYEDJP,MIABSAQIFYEDJP,2024.06,POSITIVE,[M+H]+,120.0,R4,nce=120 not an adjudication cell (30 or 60)
MSBNK-Eawag-EQ00292508,MSBNK-Eawag-EQ00292508.txt,MIABSAQIFYEDJP,MIABSAQIFYEDJP,2024.06,POSITIVE,[M+H]+,150.0,R4,nce=150 not an adjudication cell (30 or 60)
MSBNK-Eawag-EQ00292509,MSBNK-Eawag-EQ00292509.txt,MIABSAQIFYEDJP,MIABSAQIFYEDJP,2024.06,POSITIVE,[M+H]+,180.0,R4,nce=180 not an adjudication cell (30 or 60)
MSBNK-Eawag-EQ00292551,MSBNK-Eawag-EQ00292551.txt,MIABSAQIFYEDJP,MIABSAQIFYEDJP,2024.06,NEGATIVE,[M-H]-,15.0,R1,ion_mode=NEGATIVE precursor_type=[M-H]-
MSBNK-Eawag-EQ00292552,MSBNK-Eawag-EQ00292552.txt,MIABSAQIFYEDJP,MIABSAQIFYEDJP,2024.06,NEGATIVE,[M-H]-,30.0,R1,ion_mode=NEGATIVE precursor_type=[M-H]-
MSBNK-Eawag-EQ00292553,MSBNK-Eawag-EQ00292553.txt,MIABSAQIFYEDJP,MIABSAQIFYEDJP,2024.06,NEGATIVE,[M-H]-,45.0,R1,ion_mode=NEGATIVE precursor_type=[M-H]-
MSBNK-Eawag-EQ00292554,MSBNK-Eawag-EQ00292554.txt,MIABSAQIFYEDJP,MIABSAQIFYEDJP,2024.06,NEGATIVE,[M-H]-,60.0,R1,ion_mode=NEGATIVE precursor_type=[M-H]-
MSBNK-Eawag-EQ00292555,MSBNK-Eawag-EQ00292555.txt,MIABSAQIFYEDJP,MIABSAQIFYEDJP,2024.06,NEGATIVE,[M-H]-,75.0,R1,ion_mode=NEGATIVE precursor_type=[M-H]-
MSBNK-Eawag-EQ00292556,MSBNK-Eawag-EQ00292556.txt,MIABSAQIFYEDJP,MIABSAQIFYEDJP,2024.06,NEGATIVE,[M-H]-,90.0,R1,ion_mode=NEGATIVE precursor_type=[M-H]-
MSBNK-Eawag-EQ00292557,MSBNK-Eawag-EQ00292557.txt,MIABSAQIFYEDJP,MIABSAQIFYEDJP,2024.06,NEGATIVE,[M-H]-,120.0,R1,ion_mode=NEGATIVE precursor_type=[M-H]-
MSBNK-Eawag-EQ00292558,MSBNK-Eawag-EQ00292558.txt,MIABSAQIFYEDJP,MIABSAQIFYEDJP,2024.06,NEGATIVE,[M-H]-,150.0,R1,ion_mode=NEGATIVE precursor_type=[M-H]-
MSBNK-Eawag-EQ00292559,MSBNK-Eawag-EQ00292559.txt,MIABSAQIFYEDJP,MIABSAQIFYEDJP,2024.06,NEGATIVE,[M-H]-,180.0,R1,ion_mode=NEGATIVE precursor_type=[M-H]-
MSBNK-Eawag-EQ00293301,MSBNK-Eawag-EQ00293301.txt,PGOOBECODWQEAB,PGOOBECODWQEAB,2024.11,POSITIVE,[M+H]+,15.0,R4,nce=15 not an adjudication cell (30 or 60)
MSBNK-Eawag-EQ00293302,MSBNK-Eawag-EQ00293302.txt,PGOOBECODWQEAB,PGOOBECODWQEAB,2024.11,POSITIVE,[M+H]+,30.0,R8,R8a: compound key in MassSpecGym 1.5 by the recorded InChIKey route
MSBNK-Eawag-EQ00293303,MSBNK-Eawag-EQ00293303.txt,PGOOBECODWQEAB,PGOOBECODWQEAB,2024.11,POSITIVE,[M+H]+,45.0,R4,nce=45 not an adjudication cell (30 or 60)
MSBNK-Eawag-EQ00293304,MSBNK-Eawag-EQ00293304.txt,PGOOBECODWQEAB,PGOOBECODWQEAB,2024.11,POSITIVE,[M+H]+,60.0,R8,R8a: compound key in MassSpecGym 1.5 by the recorded InChIKey route
MSBNK-Eawag-EQ00293305,MSBNK-Eawag-EQ00293305.txt,PGOOBECODWQEAB,PGOOBECODWQEAB,2024.11,POSITIVE,[M+H]+,75.0,R4,nce=75 not an adjudication cell (30 or 60)
MSBNK-Eawag-EQ00293306,MSBNK-Eawag-EQ00293306.txt,PGOOBECODWQEAB,PGOOBECODWQEAB,2024.11,POSITIVE,[M+H]+,90.0,R4,nce=90 not an adjudication cell (30 or 60)
MSBNK-Eawag-EQ00293307,MSBNK-Eawag-EQ00293307.txt,PGOOBECODWQEAB,PGOOBECODWQEAB,2024.11,POSITIVE,[M+H]+,120.0,R4,nce=120 not an adjudication cell (30 or 60)
MSBNK-Eawag-EQ00293308,MSBNK-Eawag-EQ00293308.txt,PGOOBECODWQEAB,PGOOBECODWQEAB,2024.11,POSITIVE,[M+H]+,150.0,R4,nce=150 not an adjudication cell (30 or 60)
MSBNK-Eawag-EQ00293351,MSBNK-Eawag-EQ00293351.txt,PGOOBECODWQEAB,PGOOBECODWQEAB,2024.11,NEGATIVE,[M-H]-,15.0,R1,ion_mode=NEGATIVE precursor_type=[M-H]-
MSBNK-Eawag-EQ00293352,MSBNK-Eawag-EQ00293352.txt,PGOOBECODWQEAB,PGOOBECODWQEAB,2024.11,NEGATIVE,[M-H]-,30.0,R1,ion_mode=NEGATIVE precursor_type=[M-H]-
MSBNK-Eawag-EQ00293353,MSBNK-Eawag-EQ00293353.txt,PGOOBECODWQEAB,PGOOBECODWQEAB,2024.11,NEGATIVE,[M-H]-,45.0,R1,ion_mode=NEGATIVE precursor_type=[M-H]-
MSBNK-Eawag-EQ00293354,MSBNK-Eawag-EQ00293354.txt,PGOOBECODWQEAB,PGOOBECODWQEAB,2024.11,NEGATIVE,[M-H]-,60.0,R1,ion_mode=NEGATIVE precursor_type=[M-H]-
MSBNK-Eawag-EQ00293355,MSBNK-Eawag-EQ00293355.txt,PGOOBECODWQEAB,PGOOBECODWQEAB,2024.11,NEGATIVE,[M-H]-,75.0,R1,ion_mode=NEGATIVE precursor_type=[M-H]-
MSBNK-Eawag-EQ00293356,MSBNK-Eawag-EQ00293356.txt,PGOOBECODWQEAB,PGOOBECODWQEAB,2024.11,NEGATIVE,[M-H]-,90.0,R1,ion_mode=NEGATIVE precursor_type=[M-H]-
MSBNK-Eawag-EQ00293357,MSBNK-Eawag-EQ00293357.txt,PGOOBECODWQEAB,PGOOBECODWQEAB,2024.11,NEGATIVE,[M-H]-,120.0,R1,ion_mode=NEGATIVE precursor_type=[M-H]-
MSBNK-Eawag-EQ00293358,MSBNK-Eawag-EQ00293358.txt,PGOOBECODWQEAB,PGOOBECODWQEAB,2024.11,NEGATIVE,[M-H]-,150.0,R1,ion_mode=NEGATIVE precursor_type=[M-H]-
MSBNK-Eawag-EQ00293359,MSBNK-Eawag-EQ00293359.txt,PGOOBECODWQEAB,PGOOBECODWQEAB,2024.11,NEGATIVE,[M-H]-,180.0,R1,ion_mode=NEGATIVE precursor_type=[M-H]-
MSBNK-Eawag-EQ00293601,MSBNK-Eawag-EQ00293601.txt,NWUWYYSKZYIQAE,NWUWYYSKZYIQAE,2024.11,POSITIVE,[M+H]+,15.0,R4,nce=15 not an adjudication cell (30 or 60)
MSBNK-Eawag-EQ00293602,MSBNK-Eawag-EQ00293602.txt,NWUWYYSKZYIQAE,NWUWYYSKZYIQAE,2024.11,POSITIVE,[M+H]+,30.0,R8,R8a: compound key in MassSpecGym 1.5 by the recorded InChIKey route
MSBNK-Eawag-EQ00293603,MSBNK-Eawag-EQ00293603.txt,NWUWYYSKZYIQAE,NWUWYYSKZYIQAE,2024.11,POSITIVE,[M+H]+,45.0,R4,nce=45 not an adjudication cell (30 or 60)
MSBNK-Eawag-EQ00293604,MSBNK-Eawag-EQ00293604.txt,NWUWYYSKZYIQAE,NWUWYYSKZYIQAE,2024.11,POSITIVE,[M+H]+,60.0,R8,R8a: compound key in MassSpecGym 1.5 by the recorded InChIKey route
MSBNK-Eawag-EQ00293605,MSBNK-Eawag-EQ00293605.txt,NWUWYYSKZYIQAE,NWUWYYSKZYIQAE,2024.11,POSITIVE,[M+H]+,75.0,R4,nce=75 not an adjudication cell (30 or 60)
MSBNK-Eawag-EQ00293606,MSBNK-Eawag-EQ00293606.txt,NWUWYYSKZYIQAE,NWUWYYSKZYIQAE,2024.11,POSITIVE,[M+H]+,90.0,R4,nce=90 not an adjudication cell (30 or 60)
MSBNK-Eawag-EQ00293607,MSBNK-Eawag-EQ00293607.txt,NWUWYYSKZYIQAE,NWUWYYSKZYIQAE,2024.11,POSITIVE,[M+H]+,120.0,R4,nce=120 not an adjudication cell (30 or 60)
MSBNK-Eawag-EQ00293608,MSBNK-Eawag-EQ00293608.txt,NWUWYYSKZYIQAE,NWUWYYSKZYIQAE,2024.11,POSITIVE,[M+H]+,150.0,R4,nce=150 not an adjudication cell (30 or 60)
MSBNK-Eawag-EQ00293609,MSBNK-Eawag-EQ00293609.txt,NWUWYYSKZYIQAE,NWUWYYSKZYIQAE,2024.11,POSITIVE,[M+H]+,180.0,R4,nce=180 not an adjudication cell (30 or 60)
MSBNK-Eawag-EQ00293801,MSBNK-Eawag-EQ00293801.txt,WYEMLYFITZORAB,WYEMLYFITZORAB,2024.11,POSITIVE,[M+H]+,15.0,R4,nce=15 not an adjudication cell (30 or 60)
MSBNK-Eawag-EQ00293802,MSBNK-Eawag-EQ00293802.txt,WYEMLYFITZORAB,WYEMLYFITZORAB,2024.11,POSITIVE,[M+H]+,30.0,R8,R8a: compound key in MassSpecGym 1.5 by the recorded InChIKey route
MSBNK-Eawag-EQ00293803,MSBNK-Eawag-EQ00293803.txt,WYEMLYFITZORAB,WYEMLYFITZORAB,2024.11,POSITIVE,[M+H]+,45.0,R4,nce=45 not an adjudication cell (30 or 60)
MSBNK-Eawag-EQ00293804,MSBNK-Eawag-EQ00293804.txt,WYEMLYFITZORAB,WYEMLYFITZORAB,2024.11,POSITIVE,[M+H]+,60.0,R8,R8a: compound key in MassSpecGym 1.5 by the recorded InChIKey route
MSBNK-Eawag-EQ00293805,MSBNK-Eawag-EQ00293805.txt,WYEMLYFITZORAB,WYEMLYFITZORAB,2024.11,POSITIVE,[M+H]+,75.0,R4,nce=75 not an adjudication cell (30 or 60)
MSBNK-Eawag-EQ00293806,MSBNK-Eawag-EQ00293806.txt,WYEMLYFITZORAB,WYEMLYFITZORAB,2024.11,POSITIVE,[M+H]+,90.0,R4,nce=90 not an adjudication cell (30 or 60)
MSBNK-Eawag-EQ00293807,MSBNK-Eawag-EQ00293807.txt,WYEMLYFITZORAB,WYEMLYFITZORAB,2024.11,POSITIVE,[M+H]+,120.0,R4,nce=120 not an adjudication cell (30 or 60)
MSBNK-Eawag-EQ00293808,MSBNK-Eawag-EQ00293808.txt,WYEMLYFITZORAB,WYEMLYFITZORAB,2024.11,POSITIVE,[M+H]+,150.0,R4,nce=150 not an adjudication cell (30 or 60)
MSBNK-Eawag-EQ00293809,MSBNK-Eawag-EQ00293809.txt,WYEMLYFITZORAB,WYEMLYFITZORAB,2024.11,POSITIVE,[M+H]+,180.0,R4,nce=180 not an adjudication cell (30 or 60)
MSBNK-Eawag-EQ00293851,MSBNK-Eawag-EQ00293851.txt,WYEMLYFITZORAB,WYEMLYFITZORAB,2024.11,NEGATIVE,[M-H]-,15.0,R1,ion_mode=NEGATIVE precursor_type=[M-H]-
MSBNK-Eawag-EQ00293852,MSBNK-Eawag-EQ00293852.txt,WYEMLYFITZORAB,WYEMLYFITZORAB,2024.11,NEGATIVE,[M-H]-,30.0,R1,ion_mode=NEGATIVE precursor_type=[M-H]-
MSBNK-Eawag-EQ00293853,MSBNK-Eawag-EQ00293853.txt,WYEMLYFITZORAB,WYEMLYFITZORAB,2024.11,NEGATIVE,[M-H]-,45.0,R1,ion_mode=NEGATIVE precursor_type=[M-H]-
MSBNK-Eawag-EQ00294601,MSBNK-Eawag-EQ00294601.txt,REEQLXCGVXDJSQ,REEQLXCGVXDJSQ,2024.11,POSITIVE,[M+H]+,15.0,R4,nce=15 not an adjudication cell (30 or 60)
MSBNK-Eawag-EQ00294602,MSBNK-Eawag-EQ00294602.txt,REEQLXCGVXDJSQ,REEQLXCGVXDJSQ,2024.11,POSITIVE,[M+H]+,30.0,R8,R8a: compound key in MassSpecGym 1.5 by the recorded InChIKey route
MSBNK-Eawag-EQ00294603,MSBNK-Eawag-EQ00294603.txt,REEQLXCGVXDJSQ,REEQLXCGVXDJSQ,2024.11,POSITIVE,[M+H]+,45.0,R4,nce=45 not an adjudication cell (30 or 60)
MSBNK-Eawag-EQ00294604,MSBNK-Eawag-EQ00294604.txt,REEQLXCGVXDJSQ,REEQLXCGVXDJSQ,2024.11,POSITIVE,[M+H]+,60.0,R8,R8a: compound key in MassSpecGym 1.5 by the recorded InChIKey route
MSBNK-Eawag-EQ00294605,MSBNK-Eawag-EQ00294605.txt,REEQLXCGVXDJSQ,REEQLXCGVXDJSQ,2024.11,POSITIVE,[M+H]+,75.0,R4,nce=75 not an adjudication cell (30 or 60)
MSBNK-Eawag-EQ00294606,MSBNK-Eawag-EQ00294606.txt,REEQLXCGVXDJSQ,REEQLXCGVXDJSQ,2024.11,POSITIVE,[M+H]+,90.0,R4,nce=90 not an adjudication cell (30 or 60)
MSBNK-Eawag-EQ00294607,MSBNK-Eawag-EQ00294607.txt,REEQLXCGVXDJSQ,REEQLXCGVXDJSQ,2024.11,POSITIVE,[M+H]+,120.0,R4,nce=120 not an adjudication cell (30 or 60)
MSBNK-Eawag-EQ00294608,MSBNK-Eawag-EQ00294608.txt,REEQLXCGVXDJSQ,REEQLXCGVXDJSQ,2024.11,POSITIVE,[M+H]+,150.0,R4,nce=150 not an adjudication cell (30 or 60)
MSBNK-Eawag-EQ00294609,MSBNK-Eawag-EQ00294609.txt,REEQLXCGVXDJSQ,REEQLXCGVXDJSQ,2024.11,POSITIVE,[M+H]+,180.0,R4,nce=180 not an adjudication cell (30 or 60)
MSBNK-Eawag-EQ00295001,MSBNK-Eawag-EQ00295001.txt,SBPBAQFWLVIOKP,SBPBAQFWLVIOKP,2024.11,POSITIVE,[M+H]+,15.0,R4,nce=15 not an adjudication cell (30 or 60)
MSBNK-Eawag-EQ00295002,MSBNK-Eawag-EQ00295002.txt,SBPBAQFWLVIOKP,SBPBAQFWLVIOKP,2024.11,POSITIVE,[M+H]+,30.0,R8,R8a: compound key in MassSpecGym 1.5 by the recorded InChIKey route
MSBNK-Eawag-EQ00295003,MSBNK-Eawag-EQ00295003.txt,SBPBAQFWLVIOKP,SBPBAQFWLVIOKP,2024.11,POSITIVE,[M+H]+,45.0,R4,nce=45 not an adjudication cell (30 or 60)
MSBNK-Eawag-EQ00295004,MSBNK-Eawag-EQ00295004.txt,SBPBAQFWLVIOKP,SBPBAQFWLVIOKP,2024.11,POSITIVE,[M+H]+,60.0,R8,R8a: compound key in MassSpecGym 1.5 by the recorded InChIKey route
MSBNK-Eawag-EQ00295005,MSBNK-Eawag-EQ00295005.txt,SBPBAQFWLVIOKP,SBPBAQFWLVIOKP,2024.11,POSITIVE,[M+H]+,75.0,R4,nce=75 not an adjudication cell (30 or 60)
MSBNK-Eawag-EQ00295006,MSBNK-Eawag-EQ00295006.txt,SBPBAQFWLVIOKP,SBPBAQFWLVIOKP,2024.11,POSITIVE,[M+H]+,90.0,R4,nce=90 not an adjudication cell (30 or 60)
MSBNK-Eawag-EQ00295007,MSBNK-Eawag-EQ00295007.txt,SBPBAQFWLVIOKP,SBPBAQFWLVIOKP,2024.11,POSITIVE,[M+H]+,120.0,R4,nce=120 not an adjudication cell (30 or 60)
MSBNK-Eawag-EQ00295008,MSBNK-Eawag-EQ00295008.txt,SBPBAQFWLVIOKP,SBPBAQFWLVIOKP,2024.11,POSITIVE,[M+H]+,150.0,R4,nce=150 not an adjudication cell (30 or 60)
MSBNK-Eawag-EQ00295009,MSBNK-Eawag-EQ00295009.txt,SBPBAQFWLVIOKP,SBPBAQFWLVIOKP,2024.11,POSITIVE,[M+H]+,180.0,R4,nce=180 not an adjudication cell (30 or 60)
MSBNK-Eawag-EQ00295101,MSBNK-Eawag-EQ00295101.txt,HRBKVYFZANMGRE,HRBKVYFZANMGRE,2024.11,POSITIVE,[M+H]+,15.0,R4,nce=15 not an adjudication cell (30 or 60)
MSBNK-Eawag-EQ00295102,MSBNK-Eawag-EQ00295102.txt,HRBKVYFZANMGRE,HRBKVYFZANMGRE,2024.11,POSITIVE,[M+H]+,30.0,R8,R8a: compound key in MassSpecGym 1.5 by the recorded InChIKey route
MSBNK-Eawag-EQ00295103,MSBNK-Eawag-EQ00295103.txt,HRBKVYFZANMGRE,HRBKVYFZANMGRE,2024.11,POSITIVE,[M+H]+,45.0,R4,nce=45 not an adjudication cell (30 or 60)
MSBNK-Eawag-EQ00295104,MSBNK-Eawag-EQ00295104.txt,HRBKVYFZANMGRE,HRBKVYFZANMGRE,2024.11,POSITIVE,[M+H]+,60.0,R8,R8a: compound key in MassSpecGym 1.5 by the recorded InChIKey route
MSBNK-Eawag-EQ00295105,MSBNK-Eawag-EQ00295105.txt,HRBKVYFZANMGRE,HRBKVYFZANMGRE,2024.11,POSITIVE,[M+H]+,75.0,R4,nce=75 not an adjudication cell (30 or 60)
MSBNK-Eawag-EQ00295106,MSBNK-Eawag-EQ00295106.txt,HRBKVYFZANMGRE,HRBKVYFZANMGRE,2024.11,POSITIVE,[M+H]+,90.0,R4,nce=90 not an adjudication cell (30 or 60)
MSBNK-Eawag-EQ00295107,MSBNK-Eawag-EQ00295107.txt,HRBKVYFZANMGRE,HRBKVYFZANMGRE,2024.11,POSITIVE,[M+H]+,120.0,R4,nce=120 not an adjudication cell (30 or 60)
MSBNK-Eawag-EQ00295401,MSBNK-Eawag-EQ00295401.txt,HOKKPVIRMVDYPB,HOKKPVIRMVDYPB,2024.11,POSITIVE,[M+H]+,15.0,R4,nce=15 not an adjudication cell (30 or 60)
MSBNK-Eawag-EQ00295402,MSBNK-Eawag-EQ00295402.txt,HOKKPVIRMVDYPB,HOKKPVIRMVDYPB,2024.11,POSITIVE,[M+H]+,30.0,R8,R8a: compound key in MassSpecGym 1.5 by the recorded InChIKey route
MSBNK-Eawag-EQ00295403,MSBNK-Eawag-EQ00295403.txt,HOKKPVIRMVDYPB,HOKKPVIRMVDYPB,2024.11,POSITIVE,[M+H]+,45.0,R4,nce=45 not an adjudication cell (30 or 60)
MSBNK-Eawag-EQ00295404,MSBNK-Eawag-EQ00295404.txt,HOKKPVIRMVDYPB,HOKKPVIRMVDYPB,2024.11,POSITIVE,[M+H]+,60.0,R8,R8a: compound key in MassSpecGym 1.5 by the recorded InChIKey route
MSBNK-Eawag-EQ00295405,MSBNK-Eawag-EQ00295405.txt,HOKKPVIRMVDYPB,HOKKPVIRMVDYPB,2024.11,POSITIVE,[M+H]+,75.0,R4,nce=75 not an adjudication cell (30 or 60)
MSBNK-Eawag-EQ00295406,MSBNK-Eawag-EQ00295406.txt,HOKKPVIRMVDYPB,HOKKPVIRMVDYPB,2024.11,POSITIVE,[M+H]+,90.0,R4,nce=90 not an adjudication cell (30 or 60)
MSBNK-Eawag-EQ00295407,MSBNK-Eawag-EQ00295407.txt,HOKKPVIRMVDYPB,HOKKPVIRMVDYPB,2024.11,POSITIVE,[M+H]+,120.0,R4,nce=120 not an adjudication cell (30 or 60)
MSBNK-Eawag-EQ00295408,MSBNK-Eawag-EQ00295408.txt,HOKKPVIRMVDYPB,HOKKPVIRMVDYPB,2024.11,POSITIVE,[M+H]+,150.0,R4,nce=150 not an adjudication cell (30 or 60)
MSBNK-Eawag-EQ00295409,MSBNK-Eawag-EQ00295409.txt,HOKKPVIRMVDYPB,HOKKPVIRMVDYPB,2024.11,POSITIVE,[M+H]+,180.0,R4,nce=180 not an adjudication cell (30 or 60)
MSBNK-Eawag-EQ00295701,MSBNK-Eawag-EQ00295701.txt,HZJKXKUJVSEEFU,HZJKXKUJVSEEFU,2024.11,POSITIVE,[M+H]+,15.0,R4,nce=15 not an adjudication cell (30 or 60)
MSBNK-Eawag-EQ00295702,MSBNK-Eawag-EQ00295702.txt,HZJKXKUJVSEEFU,HZJKXKUJVSEEFU,2024.11,POSITIVE,[M+H]+,30.0,R8,R8a: compound key in MassSpecGym 1.5 by the recorded InChIKey route
MSBNK-Eawag-EQ00295703,MSBNK-Eawag-EQ00295703.txt,HZJKXKUJVSEEFU,HZJKXKUJVSEEFU,2024.11,POSITIVE,[M+H]+,45.0,R4,nce=45 not an adjudication cell (30 or 60)
MSBNK-Eawag-EQ00295704,MSBNK-Eawag-EQ00295704.txt,HZJKXKUJVSEEFU,HZJKXKUJVSEEFU,2024.11,POSITIVE,[M+H]+,60.0,R8,R8a: compound key in MassSpecGym 1.5 by the recorded InChIKey route
MSBNK-Eawag-EQ00295705,MSBNK-Eawag-EQ00295705.txt,HZJKXKUJVSEEFU,HZJKXKUJVSEEFU,2024.11,POSITIVE,[M+H]+,75.0,R4,nce=75 not an adjudication cell (30 or 60)
MSBNK-Eawag-EQ00295706,MSBNK-Eawag-EQ00295706.txt,HZJKXKUJVSEEFU,HZJKXKUJVSEEFU,2024.11,POSITIVE,[M+H]+,90.0,R4,nce=90 not an adjudication cell (30 or 60)
MSBNK-Eawag-EQ00295707,MSBNK-Eawag-EQ00295707.txt,HZJKXKUJVSEEFU,HZJKXKUJVSEEFU,2024.11,POSITIVE,[M+H]+,120.0,R4,nce=120 not an adjudication cell (30 or 60)
MSBNK-Eawag-EQ00295708,MSBNK-Eawag-EQ00295708.txt,HZJKXKUJVSEEFU,HZJKXKUJVSEEFU,2024.11,POSITIVE,[M+H]+,150.0,R4,nce=150 not an adjudication cell (30 or 60)
MSBNK-Eawag-EQ00295709,MSBNK-Eawag-EQ00295709.txt,HZJKXKUJVSEEFU,HZJKXKUJVSEEFU,2024.11,POSITIVE,[M+H]+,180.0,R4,nce=180 not an adjudication cell (30 or 60)
MSBNK-Eawag-EQ00300101,MSBNK-Eawag-EQ00300101.txt,UWSMKYBKUPAEJQ,UWSMKYBKUPAEJQ,2025.10,POSITIVE,[M+H]+,15.0,R4,nce=15 not an adjudication cell (30 or 60)
MSBNK-Eawag-EQ00300102,MSBNK-Eawag-EQ00300102.txt,UWSMKYBKUPAEJQ,UWSMKYBKUPAEJQ,2025.10,POSITIVE,[M+H]+,30.0,R8,R8i: scaffold group guard: group in the MURU exposure registry
MSBNK-Eawag-EQ00300103,MSBNK-Eawag-EQ00300103.txt,UWSMKYBKUPAEJQ,UWSMKYBKUPAEJQ,2025.10,POSITIVE,[M+H]+,45.0,R4,nce=45 not an adjudication cell (30 or 60)
MSBNK-Eawag-EQ00300104,MSBNK-Eawag-EQ00300104.txt,UWSMKYBKUPAEJQ,UWSMKYBKUPAEJQ,2025.10,POSITIVE,[M+H]+,60.0,R8,R8i: scaffold group guard: group in the MURU exposure registry
MSBNK-Eawag-EQ00300105,MSBNK-Eawag-EQ00300105.txt,UWSMKYBKUPAEJQ,UWSMKYBKUPAEJQ,2025.10,POSITIVE,[M+H]+,75.0,R4,nce=75 not an adjudication cell (30 or 60)
MSBNK-Eawag-EQ00300106,MSBNK-Eawag-EQ00300106.txt,UWSMKYBKUPAEJQ,UWSMKYBKUPAEJQ,2025.10,POSITIVE,[M+H]+,90.0,R4,nce=90 not an adjudication cell (30 or 60)
MSBNK-Eawag-EQ00304401,MSBNK-Eawag-EQ00304401.txt,UXADOQPNKNTIHB,UXADOQPNKNTIHB,2024.11,POSITIVE,[M+H]+,15.0,R4,nce=15 not an adjudication cell (30 or 60)
MSBNK-Eawag-EQ00304402,MSBNK-Eawag-EQ00304402.txt,UXADOQPNKNTIHB,UXADOQPNKNTIHB,2024.11,POSITIVE,[M+H]+,30.0,R8,R8a: compound key in MassSpecGym 1.5 by the recorded InChIKey route
MSBNK-Eawag-EQ00304403,MSBNK-Eawag-EQ00304403.txt,UXADOQPNKNTIHB,UXADOQPNKNTIHB,2024.11,POSITIVE,[M+H]+,45.0,R4,nce=45 not an adjudication cell (30 or 60)
MSBNK-Eawag-EQ00304404,MSBNK-Eawag-EQ00304404.txt,UXADOQPNKNTIHB,UXADOQPNKNTIHB,2024.11,POSITIVE,[M+H]+,60.0,R8,R8a: compound key in MassSpecGym 1.5 by the recorded InChIKey route
MSBNK-Eawag-EQ00304405,MSBNK-Eawag-EQ00304405.txt,UXADOQPNKNTIHB,UXADOQPNKNTIHB,2024.11,POSITIVE,[M+H]+,75.0,R4,nce=75 not an adjudication cell (30 or 60)
MSBNK-Eawag-EQ00304406,MSBNK-Eawag-EQ00304406.txt,UXADOQPNKNTIHB,UXADOQPNKNTIHB,2024.11,POSITIVE,[M+H]+,90.0,R4,nce=90 not an adjudication cell (30 or 60)
MSBNK-Eawag-EQ00304407,MSBNK-Eawag-EQ00304407.txt,UXADOQPNKNTIHB,UXADOQPNKNTIHB,2024.11,POSITIVE,[M+H]+,120.0,R4,nce=120 not an adjudication cell (30 or 60)
MSBNK-Eawag-EQ00304408,MSBNK-Eawag-EQ00304408.txt,UXADOQPNKNTIHB,UXADOQPNKNTIHB,2024.11,POSITIVE,[M+H]+,150.0,R4,nce=150 not an adjudication cell (30 or 60)
MSBNK-Eawag-EQ00304409,MSBNK-Eawag-EQ00304409.txt,UXADOQPNKNTIHB,UXADOQPNKNTIHB,2024.11,POSITIVE,[M+H]+,180.0,R4,nce=180 not an adjudication cell (30 or 60)
MSBNK-Eawag-EQ00304701,MSBNK-Eawag-EQ00304701.txt,OEBRKCOSUFCWJD,OEBRKCOSUFCWJD,2024.11,POSITIVE,[M+H]+,15.0,R4,nce=15 not an adjudication cell (30 or 60)
MSBNK-Eawag-EQ00304702,MSBNK-Eawag-EQ00304702.txt,OEBRKCOSUFCWJD,OEBRKCOSUFCWJD,2024.11,POSITIVE,[M+H]+,30.0,R8,R8a: compound key in MassSpecGym 1.5 by the recorded InChIKey route
MSBNK-Eawag-EQ00304703,MSBNK-Eawag-EQ00304703.txt,OEBRKCOSUFCWJD,OEBRKCOSUFCWJD,2024.11,POSITIVE,[M+H]+,45.0,R4,nce=45 not an adjudication cell (30 or 60)
MSBNK-Eawag-EQ00304704,MSBNK-Eawag-EQ00304704.txt,OEBRKCOSUFCWJD,OEBRKCOSUFCWJD,2024.11,POSITIVE,[M+H]+,60.0,R8,R8a: compound key in MassSpecGym 1.5 by the recorded InChIKey route
MSBNK-Eawag-EQ00304705,MSBNK-Eawag-EQ00304705.txt,OEBRKCOSUFCWJD,OEBRKCOSUFCWJD,2024.11,POSITIVE,[M+H]+,75.0,R4,nce=75 not an adjudication cell (30 or 60)
MSBNK-Eawag-EQ00304706,MSBNK-Eawag-EQ00304706.txt,OEBRKCOSUFCWJD,OEBRKCOSUFCWJD,2024.11,POSITIVE,[M+H]+,90.0,R4,nce=90 not an adjudication cell (30 or 60)
MSBNK-Eawag-EQ00304707,MSBNK-Eawag-EQ00304707.txt,OEBRKCOSUFCWJD,OEBRKCOSUFCWJD,2024.11,POSITIVE,[M+H]+,120.0,R4,nce=120 not an adjudication cell (30 or 60)
MSBNK-Eawag-EQ00304708,MSBNK-Eawag-EQ00304708.txt,OEBRKCOSUFCWJD,OEBRKCOSUFCWJD,2024.11,POSITIVE,[M+H]+,150.0,R4,nce=150 not an adjudication cell (30 or 60)
MSBNK-Eawag-EQ00304709,MSBNK-Eawag-EQ00304709.txt,OEBRKCOSUFCWJD,OEBRKCOSUFCWJD,2024.11,POSITIVE,[M+H]+,180.0,R4,nce=180 not an adjudication cell (30 or 60)
MSBNK-Eawag-EQ00305101,MSBNK-Eawag-EQ00305101.txt,LFULEKSKNZEWOE,LFULEKSKNZEWOE,2024.11,POSITIVE,[M+H]+,15.0,R4,nce=15 not an adjudication cell (30 or 60)
MSBNK-Eawag-EQ00305102,MSBNK-Eawag-EQ00305102.txt,LFULEKSKNZEWOE,LFULEKSKNZEWOE,2024.11,POSITIVE,[M+H]+,30.0,R8,R8a: compound key in MassSpecGym 1.5 by the recorded InChIKey route
MSBNK-Eawag-EQ00305103,MSBNK-Eawag-EQ00305103.txt,LFULEKSKNZEWOE,LFULEKSKNZEWOE,2024.11,POSITIVE,[M+H]+,45.0,R4,nce=45 not an adjudication cell (30 or 60)
MSBNK-Eawag-EQ00305104,MSBNK-Eawag-EQ00305104.txt,LFULEKSKNZEWOE,LFULEKSKNZEWOE,2024.11,POSITIVE,[M+H]+,60.0,R8,R8a: compound key in MassSpecGym 1.5 by the recorded InChIKey route
MSBNK-Eawag-EQ00305105,MSBNK-Eawag-EQ00305105.txt,LFULEKSKNZEWOE,LFULEKSKNZEWOE,2024.11,POSITIVE,[M+H]+,75.0,R4,nce=75 not an adjudication cell (30 or 60)
MSBNK-Eawag-EQ00305106,MSBNK-Eawag-EQ00305106.txt,LFULEKSKNZEWOE,LFULEKSKNZEWOE,2024.11,POSITIVE,[M+H]+,90.0,R4,nce=90 not an adjudication cell (30 or 60)
MSBNK-Eawag-EQ00305107,MSBNK-Eawag-EQ00305107.txt,LFULEKSKNZEWOE,LFULEKSKNZEWOE,2024.11,POSITIVE,[M+H]+,120.0,R4,nce=120 not an adjudication cell (30 or 60)
MSBNK-Eawag-EQ00305108,MSBNK-Eawag-EQ00305108.txt,LFULEKSKNZEWOE,LFULEKSKNZEWOE,2024.11,POSITIVE,[M+H]+,150.0,R4,nce=150 not an adjudication cell (30 or 60)
MSBNK-Eawag-EQ00305109,MSBNK-Eawag-EQ00305109.txt,LFULEKSKNZEWOE,LFULEKSKNZEWOE,2024.11,POSITIVE,[M+H]+,180.0,R4,nce=180 not an adjudication cell (30 or 60)
MSBNK-Eawag-EQ00305151,MSBNK-Eawag-EQ00305151.txt,LFULEKSKNZEWOE,LFULEKSKNZEWOE,2024.11,NEGATIVE,[M-H]-,15.0,R1,ion_mode=NEGATIVE precursor_type=[M-H]-
MSBNK-Eawag-EQ00305152,MSBNK-Eawag-EQ00305152.txt,LFULEKSKNZEWOE,LFULEKSKNZEWOE,2024.11,NEGATIVE,[M-H]-,30.0,R1,ion_mode=NEGATIVE precursor_type=[M-H]-
MSBNK-Eawag-EQ00305153,MSBNK-Eawag-EQ00305153.txt,LFULEKSKNZEWOE,LFULEKSKNZEWOE,2024.11,NEGATIVE,[M-H]-,45.0,R1,ion_mode=NEGATIVE precursor_type=[M-H]-
MSBNK-Eawag-EQ00305154,MSBNK-Eawag-EQ00305154.txt,LFULEKSKNZEWOE,LFULEKSKNZEWOE,2024.11,NEGATIVE,[M-H]-,60.0,R1,ion_mode=NEGATIVE precursor_type=[M-H]-
MSBNK-Eawag-EQ00305155,MSBNK-Eawag-EQ00305155.txt,LFULEKSKNZEWOE,LFULEKSKNZEWOE,2024.11,NEGATIVE,[M-H]-,75.0,R1,ion_mode=NEGATIVE precursor_type=[M-H]-
MSBNK-Eawag-EQ00305156,MSBNK-Eawag-EQ00305156.txt,LFULEKSKNZEWOE,LFULEKSKNZEWOE,2024.11,NEGATIVE,[M-H]-,90.0,R1,ion_mode=NEGATIVE precursor_type=[M-H]-
MSBNK-Eawag-EQ00305201,MSBNK-Eawag-EQ00305201.txt,YIJZJEYQBAAWRJ,YIJZJEYQBAAWRJ,2024.11,POSITIVE,[M+H]+,15.0,R4,nce=15 not an adjudication cell (30 or 60)
MSBNK-Eawag-EQ00305202,MSBNK-Eawag-EQ00305202.txt,YIJZJEYQBAAWRJ,YIJZJEYQBAAWRJ,2024.11,POSITIVE,[M+H]+,30.0,R8,R8a: compound key in MassSpecGym 1.5 by the recorded InChIKey route
MSBNK-Eawag-EQ00305203,MSBNK-Eawag-EQ00305203.txt,YIJZJEYQBAAWRJ,YIJZJEYQBAAWRJ,2024.11,POSITIVE,[M+H]+,45.0,R4,nce=45 not an adjudication cell (30 or 60)
MSBNK-Eawag-EQ00305204,MSBNK-Eawag-EQ00305204.txt,YIJZJEYQBAAWRJ,YIJZJEYQBAAWRJ,2024.11,POSITIVE,[M+H]+,60.0,R8,R8a: compound key in MassSpecGym 1.5 by the recorded InChIKey route
MSBNK-Eawag-EQ00305205,MSBNK-Eawag-EQ00305205.txt,YIJZJEYQBAAWRJ,YIJZJEYQBAAWRJ,2024.11,POSITIVE,[M+H]+,75.0,R4,nce=75 not an adjudication cell (30 or 60)
MSBNK-Eawag-EQ00305701,MSBNK-Eawag-EQ00305701.txt,VDLGAVXLJYLFDH,VDLGAVXLJYLFDH,2024.11,POSITIVE,[M+H]+,15.0,R4,nce=15 not an adjudication cell (30 or 60)
MSBNK-Eawag-EQ00305702,MSBNK-Eawag-EQ00305702.txt,VDLGAVXLJYLFDH,VDLGAVXLJYLFDH,2024.11,POSITIVE,[M+H]+,30.0,R8,R8a: compound key in MassSpecGym 1.5 by the recorded InChIKey route
MSBNK-Eawag-EQ00305703,MSBNK-Eawag-EQ00305703.txt,VDLGAVXLJYLFDH,VDLGAVXLJYLFDH,2024.11,POSITIVE,[M+H]+,45.0,R4,nce=45 not an adjudication cell (30 or 60)
MSBNK-Eawag-EQ00305704,MSBNK-Eawag-EQ00305704.txt,VDLGAVXLJYLFDH,VDLGAVXLJYLFDH,2024.11,POSITIVE,[M+H]+,60.0,R8,R8a: compound key in MassSpecGym 1.5 by the recorded InChIKey route
MSBNK-Eawag-EQ00305705,MSBNK-Eawag-EQ00305705.txt,VDLGAVXLJYLFDH,VDLGAVXLJYLFDH,2024.11,POSITIVE,[M+H]+,75.0,R4,nce=75 not an adjudication cell (30 or 60)
MSBNK-Eawag-EQ00305706,MSBNK-Eawag-EQ00305706.txt,VDLGAVXLJYLFDH,VDLGAVXLJYLFDH,2024.11,POSITIVE,[M+H]+,90.0,R4,nce=90 not an adjudication cell (30 or 60)
MSBNK-Eawag-EQ00305707,MSBNK-Eawag-EQ00305707.txt,VDLGAVXLJYLFDH,VDLGAVXLJYLFDH,2024.11,POSITIVE,[M+H]+,120.0,R4,nce=120 not an adjudication cell (30 or 60)
MSBNK-Eawag-EQ00305708,MSBNK-Eawag-EQ00305708.txt,VDLGAVXLJYLFDH,VDLGAVXLJYLFDH,2024.11,POSITIVE,[M+H]+,150.0,R4,nce=150 not an adjudication cell (30 or 60)
MSBNK-Eawag-EQ00305751,MSBNK-Eawag-EQ00305751.txt,VDLGAVXLJYLFDH,VDLGAVXLJYLFDH,2024.11,NEGATIVE,[M-H]-,15.0,R1,ion_mode=NEGATIVE precursor_type=[M-H]-
MSBNK-Eawag-EQ00305752,MSBNK-Eawag-EQ00305752.txt,VDLGAVXLJYLFDH,VDLGAVXLJYLFDH,2024.11,NEGATIVE,[M-H]-,30.0,R1,ion_mode=NEGATIVE precursor_type=[M-H]-
MSBNK-Eawag-EQ00305753,MSBNK-Eawag-EQ00305753.txt,VDLGAVXLJYLFDH,VDLGAVXLJYLFDH,2024.11,NEGATIVE,[M-H]-,45.0,R1,ion_mode=NEGATIVE precursor_type=[M-H]-
MSBNK-Eawag-EQ00305754,MSBNK-Eawag-EQ00305754.txt,VDLGAVXLJYLFDH,VDLGAVXLJYLFDH,2024.11,NEGATIVE,[M-H]-,60.0,R1,ion_mode=NEGATIVE precursor_type=[M-H]-
MSBNK-Eawag-EQ00305755,MSBNK-Eawag-EQ00305755.txt,VDLGAVXLJYLFDH,VDLGAVXLJYLFDH,2024.11,NEGATIVE,[M-H]-,75.0,R1,ion_mode=NEGATIVE precursor_type=[M-H]-
MSBNK-Eawag-EQ00305756,MSBNK-Eawag-EQ00305756.txt,VDLGAVXLJYLFDH,VDLGAVXLJYLFDH,2024.11,NEGATIVE,[M-H]-,90.0,R1,ion_mode=NEGATIVE precursor_type=[M-H]-
MSBNK-Eawag-EQ00306001,MSBNK-Eawag-EQ00306001.txt,ONUFESLQCSAYKA,ONUFESLQCSAYKA,2024.11,POSITIVE,[M+H]+,15.0,R4,nce=15 not an adjudication cell (30 or 60)
MSBNK-Eawag-EQ00306002,MSBNK-Eawag-EQ00306002.txt,ONUFESLQCSAYKA,ONUFESLQCSAYKA,2024.11,POSITIVE,[M+H]+,30.0,R8,R8a: compound key in MassSpecGym 1.5 by the recorded InChIKey route
MSBNK-Eawag-EQ00306003,MSBNK-Eawag-EQ00306003.txt,ONUFESLQCSAYKA,ONUFESLQCSAYKA,2024.11,POSITIVE,[M+H]+,45.0,R4,nce=45 not an adjudication cell (30 or 60)
MSBNK-Eawag-EQ00306004,MSBNK-Eawag-EQ00306004.txt,ONUFESLQCSAYKA,ONUFESLQCSAYKA,2024.11,POSITIVE,[M+H]+,60.0,R8,R8a: compound key in MassSpecGym 1.5 by the recorded InChIKey route
MSBNK-Eawag-EQ00306005,MSBNK-Eawag-EQ00306005.txt,ONUFESLQCSAYKA,ONUFESLQCSAYKA,2024.11,POSITIVE,[M+H]+,75.0,R4,nce=75 not an adjudication cell (30 or 60)
MSBNK-Eawag-EQ00306006,MSBNK-Eawag-EQ00306006.txt,ONUFESLQCSAYKA,ONUFESLQCSAYKA,2024.11,POSITIVE,[M+H]+,90.0,R4,nce=90 not an adjudication cell (30 or 60)
MSBNK-Eawag-EQ00306007,MSBNK-Eawag-EQ00306007.txt,ONUFESLQCSAYKA,ONUFESLQCSAYKA,2024.11,POSITIVE,[M+H]+,120.0,R4,nce=120 not an adjudication cell (30 or 60)
MSBNK-Eawag-EQ00306008,MSBNK-Eawag-EQ00306008.txt,ONUFESLQCSAYKA,ONUFESLQCSAYKA,2024.11,POSITIVE,[M+H]+,150.0,R4,nce=150 not an adjudication cell (30 or 60)
MSBNK-Eawag-EQ00306009,MSBNK-Eawag-EQ00306009.txt,ONUFESLQCSAYKA,ONUFESLQCSAYKA,2024.11,POSITIVE,[M+H]+,180.0,R4,nce=180 not an adjudication cell (30 or 60)
MSBNK-Eawag-EQ00309201,MSBNK-Eawag-EQ00309201.txt,DMBHHRLKUKUOEG,DMBHHRLKUKUOEG,dev,POSITIVE,[M+H]+,15.0,R4,nce=15 not an adjudication cell (30 or 60)
MSBNK-Eawag-EQ00309202,MSBNK-Eawag-EQ00309202.txt,DMBHHRLKUKUOEG,DMBHHRLKUKUOEG,dev,POSITIVE,[M+H]+,30.0,R5,"first_ref=dev not a tagged release ['2024.06', '2024.11', '2025.10']"
MSBNK-Eawag-EQ00309203,MSBNK-Eawag-EQ00309203.txt,DMBHHRLKUKUOEG,DMBHHRLKUKUOEG,dev,POSITIVE,[M+H]+,45.0,R4,nce=45 not an adjudication cell (30 or 60)
MSBNK-Eawag-EQ00309204,MSBNK-Eawag-EQ00309204.txt,DMBHHRLKUKUOEG,DMBHHRLKUKUOEG,dev,POSITIVE,[M+H]+,60.0,R5,"first_ref=dev not a tagged release ['2024.06', '2024.11', '2025.10']"
MSBNK-Eawag-EQ00309205,MSBNK-Eawag-EQ00309205.txt,DMBHHRLKUKUOEG,DMBHHRLKUKUOEG,dev,POSITIVE,[M+H]+,75.0,R4,nce=75 not an adjudication cell (30 or 60)
MSBNK-Eawag-EQ00309206,MSBNK-Eawag-EQ00309206.txt,DMBHHRLKUKUOEG,DMBHHRLKUKUOEG,dev,POSITIVE,[M+H]+,90.0,R4,nce=90 not an adjudication cell (30 or 60)
MSBNK-Eawag-EQ00309207,MSBNK-Eawag-EQ00309207.txt,DMBHHRLKUKUOEG,DMBHHRLKUKUOEG,dev,POSITIVE,[M+H]+,120.0,R4,nce=120 not an adjudication cell (30 or 60)
MSBNK-Eawag-EQ00309208,MSBNK-Eawag-EQ00309208.txt,DMBHHRLKUKUOEG,DMBHHRLKUKUOEG,dev,POSITIVE,[M+H]+,150.0,R4,nce=150 not an adjudication cell (30 or 60)
MSBNK-Eawag-EQ00309209,MSBNK-Eawag-EQ00309209.txt,DMBHHRLKUKUOEG,DMBHHRLKUKUOEG,dev,POSITIVE,[M+H]+,180.0,R4,nce=180 not an adjudication cell (30 or 60)
MSBNK-Eawag-EQ00309251,MSBNK-Eawag-EQ00309251.txt,DMBHHRLKUKUOEG,DMBHHRLKUKUOEG,dev,NEGATIVE,[M-H]-,15.0,R1,ion_mode=NEGATIVE precursor_type=[M-H]-
MSBNK-Eawag-EQ00309252,MSBNK-Eawag-EQ00309252.txt,DMBHHRLKUKUOEG,DMBHHRLKUKUOEG,dev,NEGATIVE,[M-H]-,30.0,R1,ion_mode=NEGATIVE precursor_type=[M-H]-
MSBNK-Eawag-EQ00309301,MSBNK-Eawag-EQ00309301.txt,VAIZTNZGPYBOGF,VAIZTNZGPYBOGF,2024.11,POSITIVE,[M+H]+,15.0,R4,nce=15 not an adjudication cell (30 or 60)
MSBNK-Eawag-EQ00309302,MSBNK-Eawag-EQ00309302.txt,VAIZTNZGPYBOGF,VAIZTNZGPYBOGF,2024.11,POSITIVE,[M+H]+,30.0,R8,R8a: compound key in MassSpecGym 1.5 by the recorded InChIKey route
MSBNK-Eawag-EQ00309303,MSBNK-Eawag-EQ00309303.txt,VAIZTNZGPYBOGF,VAIZTNZGPYBOGF,2024.11,POSITIVE,[M+H]+,45.0,R4,nce=45 not an adjudication cell (30 or 60)
MSBNK-Eawag-EQ00309304,MSBNK-Eawag-EQ00309304.txt,VAIZTNZGPYBOGF,VAIZTNZGPYBOGF,2024.11,POSITIVE,[M+H]+,60.0,R8,R8a: compound key in MassSpecGym 1.5 by the recorded InChIKey route
MSBNK-Eawag-EQ00309305,MSBNK-Eawag-EQ00309305.txt,VAIZTNZGPYBOGF,VAIZTNZGPYBOGF,2024.11,POSITIVE,[M+H]+,75.0,R4,nce=75 not an adjudication cell (30 or 60)
MSBNK-Eawag-EQ00309306,MSBNK-Eawag-EQ00309306.txt,VAIZTNZGPYBOGF,VAIZTNZGPYBOGF,2024.11,POSITIVE,[M+H]+,90.0,R4,nce=90 not an adjudication cell (30 or 60)
MSBNK-Eawag-EQ00309307,MSBNK-Eawag-EQ00309307.txt,VAIZTNZGPYBOGF,VAIZTNZGPYBOGF,2024.11,POSITIVE,[M+H]+,120.0,R4,nce=120 not an adjudication cell (30 or 60)
MSBNK-Eawag-EQ00309308,MSBNK-Eawag-EQ00309308.txt,VAIZTNZGPYBOGF,VAIZTNZGPYBOGF,2024.11,POSITIVE,[M+H]+,150.0,R4,nce=150 not an adjudication cell (30 or 60)
MSBNK-Eawag-EQ00309309,MSBNK-Eawag-EQ00309309.txt,VAIZTNZGPYBOGF,VAIZTNZGPYBOGF,2024.11,POSITIVE,[M+H]+,180.0,R4,nce=180 not an adjudication cell (30 or 60)
MSBNK-Eawag-EQ00310201,MSBNK-Eawag-EQ00310201.txt,QXJKBPAVAHBARF,QXJKBPAVAHBARF,2024.11,POSITIVE,[M+H]+,15.0,R4,nce=15 not an adjudication cell (30 or 60)
MSBNK-Eawag-EQ00310202,MSBNK-Eawag-EQ00310202.txt,QXJKBPAVAHBARF,QXJKBPAVAHBARF,2024.11,POSITIVE,[M+H]+,30.0,R8,R8a: compound key in MassSpecGym 1.5 by the recorded InChIKey route
MSBNK-Eawag-EQ00310203,MSBNK-Eawag-EQ00310203.txt,QXJKBPAVAHBARF,QXJKBPAVAHBARF,2024.11,POSITIVE,[M+H]+,45.0,R4,nce=45 not an adjudication cell (30 or 60)
MSBNK-Eawag-EQ00310204,MSBNK-Eawag-EQ00310204.txt,QXJKBPAVAHBARF,QXJKBPAVAHBARF,2024.11,POSITIVE,[M+H]+,60.0,R8,R8a: compound key in MassSpecGym 1.5 by the recorded InChIKey route
MSBNK-Eawag-EQ00310205,MSBNK-Eawag-EQ00310205.txt,QXJKBPAVAHBARF,QXJKBPAVAHBARF,2024.11,POSITIVE,[M+H]+,75.0,R4,nce=75 not an adjudication cell (30 or 60)
MSBNK-Eawag-EQ00311901,MSBNK-Eawag-EQ00311901.txt,FSCWZHGZWWDELK,FSCWZHGZWWDELK,2024.11,POSITIVE,[M+H]+,15.0,R4,nce=15 not an adjudication cell (30 or 60)
MSBNK-Eawag-EQ00311902,MSBNK-Eawag-EQ00311902.txt,FSCWZHGZWWDELK,FSCWZHGZWWDELK,2024.11,POSITIVE,[M+H]+,30.0,R8,R8a: compound key in MassSpecGym 1.5 by the recorded InChIKey route
MSBNK-Eawag-EQ00311903,MSBNK-Eawag-EQ00311903.txt,FSCWZHGZWWDELK,FSCWZHGZWWDELK,2024.11,POSITIVE,[M+H]+,45.0,R4,nce=45 not an adjudication cell (30 or 60)
MSBNK-Eawag-EQ00311904,MSBNK-Eawag-EQ00311904.txt,FSCWZHGZWWDELK,FSCWZHGZWWDELK,2024.11,POSITIVE,[M+H]+,60.0,R8,R8a: compound key in MassSpecGym 1.5 by the recorded InChIKey route
MSBNK-Eawag-EQ00311905,MSBNK-Eawag-EQ00311905.txt,FSCWZHGZWWDELK,FSCWZHGZWWDELK,2024.11,POSITIVE,[M+H]+,75.0,R4,nce=75 not an adjudication cell (30 or 60)
MSBNK-Eawag-EQ00312101,MSBNK-Eawag-EQ00312101.txt,XRECTZIEBJDKEO,XRECTZIEBJDKEO,2024.06,POSITIVE,[M+H]+,15.0,R4,nce=15 not an adjudication cell (30 or 60)
MSBNK-Eawag-EQ00312102,MSBNK-Eawag-EQ00312102.txt,XRECTZIEBJDKEO,XRECTZIEBJDKEO,2024.06,POSITIVE,[M+H]+,30.0,R8,R8a: compound key in MassSpecGym 1.5 by the recorded InChIKey route
MSBNK-Eawag-EQ00312103,MSBNK-Eawag-EQ00312103.txt,XRECTZIEBJDKEO,XRECTZIEBJDKEO,2024.06,POSITIVE,[M+H]+,45.0,R4,nce=45 not an adjudication cell (30 or 60)
MSBNK-Eawag-EQ00312104,MSBNK-Eawag-EQ00312104.txt,XRECTZIEBJDKEO,XRECTZIEBJDKEO,2024.06,POSITIVE,[M+H]+,60.0,R8,R8a: compound key in MassSpecGym 1.5 by the recorded InChIKey route
MSBNK-Eawag-EQ00312105,MSBNK-Eawag-EQ00312105.txt,XRECTZIEBJDKEO,XRECTZIEBJDKEO,2024.06,POSITIVE,[M+H]+,75.0,R4,nce=75 not an adjudication cell (30 or 60)
MSBNK-Eawag-EQ00312106,MSBNK-Eawag-EQ00312106.txt,XRECTZIEBJDKEO,XRECTZIEBJDKEO,2024.06,POSITIVE,[M+H]+,90.0,R4,nce=90 not an adjudication cell (30 or 60)
MSBNK-Eawag-EQ00312107,MSBNK-Eawag-EQ00312107.txt,XRECTZIEBJDKEO,XRECTZIEBJDKEO,2024.06,POSITIVE,[M+H]+,120.0,R4,nce=120 not an adjudication cell (30 or 60)
MSBNK-Eawag-EQ00312108,MSBNK-Eawag-EQ00312108.txt,XRECTZIEBJDKEO,XRECTZIEBJDKEO,2024.06,POSITIVE,[M+H]+,150.0,R4,nce=150 not an adjudication cell (30 or 60)
MSBNK-Eawag-EQ00312109,MSBNK-Eawag-EQ00312109.txt,XRECTZIEBJDKEO,XRECTZIEBJDKEO,2024.06,POSITIVE,[M+H]+,180.0,R4,nce=180 not an adjudication cell (30 or 60)
MSBNK-Eawag-EQ00312151,MSBNK-Eawag-EQ00312151.txt,XRECTZIEBJDKEO,XRECTZIEBJDKEO,2024.06,NEGATIVE,[M-H]-,15.0,R1,ion_mode=NEGATIVE precursor_type=[M-H]-
MSBNK-Eawag-EQ00312152,MSBNK-Eawag-EQ00312152.txt,XRECTZIEBJDKEO,XRECTZIEBJDKEO,2024.06,NEGATIVE,[M-H]-,30.0,R1,ion_mode=NEGATIVE precursor_type=[M-H]-
MSBNK-Eawag-EQ00312153,MSBNK-Eawag-EQ00312153.txt,XRECTZIEBJDKEO,XRECTZIEBJDKEO,2024.06,NEGATIVE,[M-H]-,45.0,R1,ion_mode=NEGATIVE precursor_type=[M-H]-
MSBNK-Eawag-EQ00312154,MSBNK-Eawag-EQ00312154.txt,XRECTZIEBJDKEO,XRECTZIEBJDKEO,2024.06,NEGATIVE,[M-H]-,60.0,R1,ion_mode=NEGATIVE precursor_type=[M-H]-
MSBNK-Eawag-EQ00312155,MSBNK-Eawag-EQ00312155.txt,XRECTZIEBJDKEO,XRECTZIEBJDKEO,2024.06,NEGATIVE,[M-H]-,75.0,R1,ion_mode=NEGATIVE precursor_type=[M-H]-
MSBNK-Eawag-EQ00312156,MSBNK-Eawag-EQ00312156.txt,XRECTZIEBJDKEO,XRECTZIEBJDKEO,2024.06,NEGATIVE,[M-H]-,90.0,R1,ion_mode=NEGATIVE precursor_type=[M-H]-
MSBNK-Eawag-EQ00316701,MSBNK-Eawag-EQ00316701.txt,FOUWCSDKDDHKQP,FOUWCSDKDDHKQP,2024.11,POSITIVE,[M+H]+,15.0,R4,nce=15 not an adjudication cell (30 or 60)
MSBNK-Eawag-EQ00316702,MSBNK-Eawag-EQ00316702.txt,FOUWCSDKDDHKQP,FOUWCSDKDDHKQP,2024.11,POSITIVE,[M+H]+,30.0,R8,R8a: compound key in MassSpecGym 1.5 by the recorded InChIKey route
MSBNK-Eawag-EQ00316703,MSBNK-Eawag-EQ00316703.txt,FOUWCSDKDDHKQP,FOUWCSDKDDHKQP,2024.11,POSITIVE,[M+H]+,45.0,R4,nce=45 not an adjudication cell (30 or 60)
MSBNK-Eawag-EQ00316704,MSBNK-Eawag-EQ00316704.txt,FOUWCSDKDDHKQP,FOUWCSDKDDHKQP,2024.11,POSITIVE,[M+H]+,60.0,R8,R8a: compound key in MassSpecGym 1.5 by the recorded InChIKey route
MSBNK-Eawag-EQ00316705,MSBNK-Eawag-EQ00316705.txt,FOUWCSDKDDHKQP,FOUWCSDKDDHKQP,2024.11,POSITIVE,[M+H]+,75.0,R4,nce=75 not an adjudication cell (30 or 60)
MSBNK-Eawag-EQ00316706,MSBNK-Eawag-EQ00316706.txt,FOUWCSDKDDHKQP,FOUWCSDKDDHKQP,2024.11,POSITIVE,[M+H]+,90.0,R4,nce=90 not an adjudication cell (30 or 60)
MSBNK-Eawag-EQ00316707,MSBNK-Eawag-EQ00316707.txt,FOUWCSDKDDHKQP,FOUWCSDKDDHKQP,2024.11,POSITIVE,[M+H]+,120.0,R4,nce=120 not an adjudication cell (30 or 60)
MSBNK-Eawag-EQ00316708,MSBNK-Eawag-EQ00316708.txt,FOUWCSDKDDHKQP,FOUWCSDKDDHKQP,2024.11,POSITIVE,[M+H]+,150.0,R4,nce=150 not an adjudication cell (30 or 60)
MSBNK-Eawag-EQ00316709,MSBNK-Eawag-EQ00316709.txt,FOUWCSDKDDHKQP,FOUWCSDKDDHKQP,2024.11,POSITIVE,[M+H]+,180.0,R4,nce=180 not an adjudication cell (30 or 60)
MSBNK-Eawag-EQ00316901,MSBNK-Eawag-EQ00316901.txt,OPGCOAPTHCZZIW,OPGCOAPTHCZZIW,2024.11,POSITIVE,[M+H]+,15.0,R4,nce=15 not an adjudication cell (30 or 60)
MSBNK-Eawag-EQ00316902,MSBNK-Eawag-EQ00316902.txt,OPGCOAPTHCZZIW,OPGCOAPTHCZZIW,2024.11,POSITIVE,[M+H]+,30.0,R8,R8a: compound key in MassSpecGym 1.5 by the recorded InChIKey route
MSBNK-Eawag-EQ00316903,MSBNK-Eawag-EQ00316903.txt,OPGCOAPTHCZZIW,OPGCOAPTHCZZIW,2024.11,POSITIVE,[M+H]+,45.0,R4,nce=45 not an adjudication cell (30 or 60)
MSBNK-Eawag-EQ00316904,MSBNK-Eawag-EQ00316904.txt,OPGCOAPTHCZZIW,OPGCOAPTHCZZIW,2024.11,POSITIVE,[M+H]+,60.0,R8,R8a: compound key in MassSpecGym 1.5 by the recorded InChIKey route
MSBNK-Eawag-EQ00316905,MSBNK-Eawag-EQ00316905.txt,OPGCOAPTHCZZIW,OPGCOAPTHCZZIW,2024.11,POSITIVE,[M+H]+,75.0,R4,nce=75 not an adjudication cell (30 or 60)
MSBNK-Eawag-EQ00316906,MSBNK-Eawag-EQ00316906.txt,OPGCOAPTHCZZIW,OPGCOAPTHCZZIW,2024.11,POSITIVE,[M+H]+,90.0,R4,nce=90 not an adjudication cell (30 or 60)
MSBNK-Eawag-EQ00316907,MSBNK-Eawag-EQ00316907.txt,OPGCOAPTHCZZIW,OPGCOAPTHCZZIW,2024.11,POSITIVE,[M+H]+,120.0,R4,nce=120 not an adjudication cell (30 or 60)
MSBNK-Eawag-EQ00316908,MSBNK-Eawag-EQ00316908.txt,OPGCOAPTHCZZIW,OPGCOAPTHCZZIW,2024.11,POSITIVE,[M+H]+,150.0,R4,nce=150 not an adjudication cell (30 or 60)
MSBNK-Eawag-EQ00316909,MSBNK-Eawag-EQ00316909.txt,OPGCOAPTHCZZIW,OPGCOAPTHCZZIW,2024.11,POSITIVE,[M+H]+,180.0,R4,nce=180 not an adjudication cell (30 or 60)
MSBNK-Eawag-EQ00317101,MSBNK-Eawag-EQ00317101.txt,XWPZUHJBOLQNMN,XWPZUHJBOLQNMN,2024.11,POSITIVE,[M+H]+,15.0,R4,nce=15 not an adjudication cell (30 or 60)
MSBNK-Eawag-EQ00317102,MSBNK-Eawag-EQ00317102.txt,XWPZUHJBOLQNMN,XWPZUHJBOLQNMN,2024.11,POSITIVE,[M+H]+,30.0,R8,R8a: compound key in MassSpecGym 1.5 by the recorded InChIKey route
MSBNK-Eawag-EQ00317103,MSBNK-Eawag-EQ00317103.txt,XWPZUHJBOLQNMN,XWPZUHJBOLQNMN,2024.11,POSITIVE,[M+H]+,45.0,R4,nce=45 not an adjudication cell (30 or 60)
MSBNK-Eawag-EQ00317104,MSBNK-Eawag-EQ00317104.txt,XWPZUHJBOLQNMN,XWPZUHJBOLQNMN,2024.11,POSITIVE,[M+H]+,60.0,R8,R8a: compound key in MassSpecGym 1.5 by the recorded InChIKey route
MSBNK-Eawag-EQ00317105,MSBNK-Eawag-EQ00317105.txt,XWPZUHJBOLQNMN,XWPZUHJBOLQNMN,2024.11,POSITIVE,[M+H]+,75.0,R4,nce=75 not an adjudication cell (30 or 60)
MSBNK-Eawag-EQ00317106,MSBNK-Eawag-EQ00317106.txt,XWPZUHJBOLQNMN,XWPZUHJBOLQNMN,2024.11,POSITIVE,[M+H]+,90.0,R4,nce=90 not an adjudication cell (30 or 60)
MSBNK-Eawag-EQ00317107,MSBNK-Eawag-EQ00317107.txt,XWPZUHJBOLQNMN,XWPZUHJBOLQNMN,2024.11,POSITIVE,[M+H]+,120.0,R4,nce=120 not an adjudication cell (30 or 60)
MSBNK-Eawag-EQ00317108,MSBNK-Eawag-EQ00317108.txt,XWPZUHJBOLQNMN,XWPZUHJBOLQNMN,2024.11,POSITIVE,[M+H]+,150.0,R4,nce=150 not an adjudication cell (30 or 60)
MSBNK-Eawag-EQ00317109,MSBNK-Eawag-EQ00317109.txt,XWPZUHJBOLQNMN,XWPZUHJBOLQNMN,2024.11,POSITIVE,[M+H]+,180.0,R4,nce=180 not an adjudication cell (30 or 60)
MSBNK-Eawag-EQ00317501,MSBNK-Eawag-EQ00317501.txt,PHNUZKMIPFFYSO,PHNUZKMIPFFYSO,2024.11,POSITIVE,[M+H]+,15.0,R4,nce=15 not an adjudication cell (30 or 60)
MSBNK-Eawag-EQ00317502,MSBNK-Eawag-EQ00317502.txt,PHNUZKMIPFFYSO,PHNUZKMIPFFYSO,2024.11,POSITIVE,[M+H]+,30.0,R8,R8a: compound key in MassSpecGym 1.5 by the recorded InChIKey route
MSBNK-Eawag-EQ00317503,MSBNK-Eawag-EQ00317503.txt,PHNUZKMIPFFYSO,PHNUZKMIPFFYSO,2024.11,POSITIVE,[M+H]+,45.0,R4,nce=45 not an adjudication cell (30 or 60)
MSBNK-Eawag-EQ00317504,MSBNK-Eawag-EQ00317504.txt,PHNUZKMIPFFYSO,PHNUZKMIPFFYSO,2024.11,POSITIVE,[M+H]+,60.0,R8,R8a: compound key in MassSpecGym 1.5 by the recorded InChIKey route
MSBNK-Eawag-EQ00317505,MSBNK-Eawag-EQ00317505.txt,PHNUZKMIPFFYSO,PHNUZKMIPFFYSO,2024.11,POSITIVE,[M+H]+,75.0,R4,nce=75 not an adjudication cell (30 or 60)
MSBNK-Eawag-EQ00317506,MSBNK-Eawag-EQ00317506.txt,PHNUZKMIPFFYSO,PHNUZKMIPFFYSO,2024.11,POSITIVE,[M+H]+,90.0,R4,nce=90 not an adjudication cell (30 or 60)
MSBNK-Eawag-EQ00317507,MSBNK-Eawag-EQ00317507.txt,PHNUZKMIPFFYSO,PHNUZKMIPFFYSO,2024.11,POSITIVE,[M+H]+,120.0,R4,nce=120 not an adjudication cell (30 or 60)
MSBNK-Eawag-EQ00317508,MSBNK-Eawag-EQ00317508.txt,PHNUZKMIPFFYSO,PHNUZKMIPFFYSO,2024.11,POSITIVE,[M+H]+,150.0,R4,nce=150 not an adjudication cell (30 or 60)
MSBNK-Eawag-EQ00317509,MSBNK-Eawag-EQ00317509.txt,PHNUZKMIPFFYSO,PHNUZKMIPFFYSO,2024.11,POSITIVE,[M+H]+,180.0,R4,nce=180 not an adjudication cell (30 or 60)
MSBNK-Eawag-EQ00317551,MSBNK-Eawag-EQ00317551.txt,PHNUZKMIPFFYSO,PHNUZKMIPFFYSO,2024.11,NEGATIVE,[M-H]-,15.0,R1,ion_mode=NEGATIVE precursor_type=[M-H]-
MSBNK-Eawag-EQ00317552,MSBNK-Eawag-EQ00317552.txt,PHNUZKMIPFFYSO,PHNUZKMIPFFYSO,2024.11,NEGATIVE,[M-H]-,30.0,R1,ion_mode=NEGATIVE precursor_type=[M-H]-
MSBNK-Eawag-EQ00317553,MSBNK-Eawag-EQ00317553.txt,PHNUZKMIPFFYSO,PHNUZKMIPFFYSO,2024.11,NEGATIVE,[M-H]-,45.0,R1,ion_mode=NEGATIVE precursor_type=[M-H]-
MSBNK-Eawag-EQ00317801,MSBNK-Eawag-EQ00317801.txt,PHXHZCIAPNNPTQ,PHXHZCIAPNNPTQ,2024.11,POSITIVE,[M+H]+,15.0,R4,nce=15 not an adjudication cell (30 or 60)
MSBNK-Eawag-EQ00317802,MSBNK-Eawag-EQ00317802.txt,PHXHZCIAPNNPTQ,PHXHZCIAPNNPTQ,2024.11,POSITIVE,[M+H]+,30.0,R8,R8m: tautomer-key hidden-inclusion recheck
MSBNK-Eawag-EQ00317803,MSBNK-Eawag-EQ00317803.txt,PHXHZCIAPNNPTQ,PHXHZCIAPNNPTQ,2024.11,POSITIVE,[M+H]+,45.0,R4,nce=45 not an adjudication cell (30 or 60)
MSBNK-Eawag-EQ00317804,MSBNK-Eawag-EQ00317804.txt,PHXHZCIAPNNPTQ,PHXHZCIAPNNPTQ,2024.11,POSITIVE,[M+H]+,60.0,R8,R8m: tautomer-key hidden-inclusion recheck
MSBNK-Eawag-EQ00317805,MSBNK-Eawag-EQ00317805.txt,PHXHZCIAPNNPTQ,PHXHZCIAPNNPTQ,2024.11,POSITIVE,[M+H]+,75.0,R4,nce=75 not an adjudication cell (30 or 60)
MSBNK-Eawag-EQ00317806,MSBNK-Eawag-EQ00317806.txt,PHXHZCIAPNNPTQ,PHXHZCIAPNNPTQ,2024.11,POSITIVE,[M+H]+,90.0,R4,nce=90 not an adjudication cell (30 or 60)
MSBNK-Eawag-EQ00317807,MSBNK-Eawag-EQ00317807.txt,PHXHZCIAPNNPTQ,PHXHZCIAPNNPTQ,2024.11,POSITIVE,[M+H]+,120.0,R4,nce=120 not an adjudication cell (30 or 60)
MSBNK-Eawag-EQ00317808,MSBNK-Eawag-EQ00317808.txt,PHXHZCIAPNNPTQ,PHXHZCIAPNNPTQ,2024.11,POSITIVE,[M+H]+,150.0,R4,nce=150 not an adjudication cell (30 or 60)
MSBNK-Eawag-EQ00317809,MSBNK-Eawag-EQ00317809.txt,PHXHZCIAPNNPTQ,PHXHZCIAPNNPTQ,2024.11,POSITIVE,[M+H]+,180.0,R4,nce=180 not an adjudication cell (30 or 60)
MSBNK-Eawag-EQ00317851,MSBNK-Eawag-EQ00317851.txt,PHXHZCIAPNNPTQ,PHXHZCIAPNNPTQ,2024.11,NEGATIVE,[M-H]-,15.0,R1,ion_mode=NEGATIVE precursor_type=[M-H]-
MSBNK-Eawag-EQ00317852,MSBNK-Eawag-EQ00317852.txt,PHXHZCIAPNNPTQ,PHXHZCIAPNNPTQ,2024.11,NEGATIVE,[M-H]-,30.0,R1,ion_mode=NEGATIVE precursor_type=[M-H]-
MSBNK-Eawag-EQ00317853,MSBNK-Eawag-EQ00317853.txt,PHXHZCIAPNNPTQ,PHXHZCIAPNNPTQ,2024.11,NEGATIVE,[M-H]-,45.0,R1,ion_mode=NEGATIVE precursor_type=[M-H]-
MSBNK-Eawag-EQ00317854,MSBNK-Eawag-EQ00317854.txt,PHXHZCIAPNNPTQ,PHXHZCIAPNNPTQ,2024.11,NEGATIVE,[M-H]-,60.0,R1,ion_mode=NEGATIVE precursor_type=[M-H]-
MSBNK-Eawag-EQ00317855,MSBNK-Eawag-EQ00317855.txt,PHXHZCIAPNNPTQ,PHXHZCIAPNNPTQ,2024.11,NEGATIVE,[M-H]-,75.0,R1,ion_mode=NEGATIVE precursor_type=[M-H]-
MSBNK-Eawag-EQ00317856,MSBNK-Eawag-EQ00317856.txt,PHXHZCIAPNNPTQ,PHXHZCIAPNNPTQ,2024.11,NEGATIVE,[M-H]-,90.0,R1,ion_mode=NEGATIVE precursor_type=[M-H]-
MSBNK-Eawag-EQ00317857,MSBNK-Eawag-EQ00317857.txt,PHXHZCIAPNNPTQ,PHXHZCIAPNNPTQ,2024.11,NEGATIVE,[M-H]-,120.0,R1,ion_mode=NEGATIVE precursor_type=[M-H]-
MSBNK-Eawag-EQ00317858,MSBNK-Eawag-EQ00317858.txt,PHXHZCIAPNNPTQ,PHXHZCIAPNNPTQ,2024.11,NEGATIVE,[M-H]-,150.0,R1,ion_mode=NEGATIVE precursor_type=[M-H]-
MSBNK-Eawag-EQ00317859,MSBNK-Eawag-EQ00317859.txt,PHXHZCIAPNNPTQ,PHXHZCIAPNNPTQ,2024.11,NEGATIVE,[M-H]-,180.0,R1,ion_mode=NEGATIVE precursor_type=[M-H]-
MSBNK-Eawag-EQ00317951,MSBNK-Eawag-EQ00317951.txt,NBQCNZYJJMBDKY,NBQCNZYJJMBDKY,2024.11,NEGATIVE,[M-H]-,15.0,R1,ion_mode=NEGATIVE precursor_type=[M-H]-
MSBNK-Eawag-EQ00317952,MSBNK-Eawag-EQ00317952.txt,NBQCNZYJJMBDKY,NBQCNZYJJMBDKY,2024.11,NEGATIVE,[M-H]-,30.0,R1,ion_mode=NEGATIVE precursor_type=[M-H]-
MSBNK-Eawag-EQ00317953,MSBNK-Eawag-EQ00317953.txt,NBQCNZYJJMBDKY,NBQCNZYJJMBDKY,2024.11,NEGATIVE,[M-H]-,45.0,R1,ion_mode=NEGATIVE precursor_type=[M-H]-
MSBNK-Eawag-EQ00317954,MSBNK-Eawag-EQ00317954.txt,NBQCNZYJJMBDKY,NBQCNZYJJMBDKY,2024.11,NEGATIVE,[M-H]-,60.0,R1,ion_mode=NEGATIVE precursor_type=[M-H]-
MSBNK-Eawag-EQ00317955,MSBNK-Eawag-EQ00317955.txt,NBQCNZYJJMBDKY,NBQCNZYJJMBDKY,2024.11,NEGATIVE,[M-H]-,75.0,R1,ion_mode=NEGATIVE precursor_type=[M-H]-
MSBNK-Eawag-EQ00320801,MSBNK-Eawag-EQ00320801.txt,JTZCTMAVMHRNTR,JTZCTMAVMHRNTR,2024.11,POSITIVE,[M+H]+,15.0,R4,nce=15 not an adjudication cell (30 or 60)
MSBNK-Eawag-EQ00320802,MSBNK-Eawag-EQ00320802.txt,JTZCTMAVMHRNTR,JTZCTMAVMHRNTR,2024.11,POSITIVE,[M+H]+,30.0,R8,R8a: compound key in MassSpecGym 1.5 by the recorded InChIKey route
MSBNK-Eawag-EQ00320803,MSBNK-Eawag-EQ00320803.txt,JTZCTMAVMHRNTR,JTZCTMAVMHRNTR,2024.11,POSITIVE,[M+H]+,45.0,R4,nce=45 not an adjudication cell (30 or 60)
MSBNK-Eawag-EQ00320804,MSBNK-Eawag-EQ00320804.txt,JTZCTMAVMHRNTR,JTZCTMAVMHRNTR,2024.11,POSITIVE,[M+H]+,60.0,R8,R8a: compound key in MassSpecGym 1.5 by the recorded InChIKey route
MSBNK-Eawag-EQ00320805,MSBNK-Eawag-EQ00320805.txt,JTZCTMAVMHRNTR,JTZCTMAVMHRNTR,2024.11,POSITIVE,[M+H]+,75.0,R4,nce=75 not an adjudication cell (30 or 60)
MSBNK-Eawag-EQ00320806,MSBNK-Eawag-EQ00320806.txt,JTZCTMAVMHRNTR,JTZCTMAVMHRNTR,2024.11,POSITIVE,[M+H]+,90.0,R4,nce=90 not an adjudication cell (30 or 60)
MSBNK-Eawag-EQ00320807,MSBNK-Eawag-EQ00320807.txt,JTZCTMAVMHRNTR,JTZCTMAVMHRNTR,2024.11,POSITIVE,[M+H]+,120.0,R4,nce=120 not an adjudication cell (30 or 60)
MSBNK-Eawag-EQ00320901,MSBNK-Eawag-EQ00320901.txt,OORLZFUTLGXMEF,OORLZFUTLGXMEF,2024.11,POSITIVE,[M+H]+,15.0,R4,nce=15 not an adjudication cell (30 or 60)
MSBNK-Eawag-EQ00320902,MSBNK-Eawag-EQ00320902.txt,OORLZFUTLGXMEF,OORLZFUTLGXMEF,2024.11,POSITIVE,[M+H]+,30.0,R8,R8a: compound key in MassSpecGym 1.5 by the recorded InChIKey route
MSBNK-Eawag-EQ00320903,MSBNK-Eawag-EQ00320903.txt,OORLZFUTLGXMEF,OORLZFUTLGXMEF,2024.11,POSITIVE,[M+H]+,45.0,R4,nce=45 not an adjudication cell (30 or 60)
MSBNK-Eawag-EQ00320904,MSBNK-Eawag-EQ00320904.txt,OORLZFUTLGXMEF,OORLZFUTLGXMEF,2024.11,POSITIVE,[M+H]+,60.0,R8,R8a: compound key in MassSpecGym 1.5 by the recorded InChIKey route
MSBNK-Eawag-EQ00320905,MSBNK-Eawag-EQ00320905.txt,OORLZFUTLGXMEF,OORLZFUTLGXMEF,2024.11,POSITIVE,[M+H]+,75.0,R4,nce=75 not an adjudication cell (30 or 60)
MSBNK-Eawag-EQ00320906,MSBNK-Eawag-EQ00320906.txt,OORLZFUTLGXMEF,OORLZFUTLGXMEF,2024.11,POSITIVE,[M+H]+,90.0,R4,nce=90 not an adjudication cell (30 or 60)
MSBNK-Eawag-EQ00320907,MSBNK-Eawag-EQ00320907.txt,OORLZFUTLGXMEF,OORLZFUTLGXMEF,2024.11,POSITIVE,[M+H]+,120.0,R4,nce=120 not an adjudication cell (30 or 60)
MSBNK-Eawag-EQ00320908,MSBNK-Eawag-EQ00320908.txt,OORLZFUTLGXMEF,OORLZFUTLGXMEF,2024.11,POSITIVE,[M+H]+,150.0,R4,nce=150 not an adjudication cell (30 or 60)
MSBNK-Eawag-EQ00320909,MSBNK-Eawag-EQ00320909.txt,OORLZFUTLGXMEF,OORLZFUTLGXMEF,2024.11,POSITIVE,[M+H]+,180.0,R4,nce=180 not an adjudication cell (30 or 60)
MSBNK-Eawag-EQ00320951,MSBNK-Eawag-EQ00320951.txt,OORLZFUTLGXMEF,OORLZFUTLGXMEF,2024.11,NEGATIVE,[M-H]-,15.0,R1,ion_mode=NEGATIVE precursor_type=[M-H]-
MSBNK-Eawag-EQ00320952,MSBNK-Eawag-EQ00320952.txt,OORLZFUTLGXMEF,OORLZFUTLGXMEF,2024.11,NEGATIVE,[M-H]-,30.0,R1,ion_mode=NEGATIVE precursor_type=[M-H]-
MSBNK-Eawag-EQ00320953,MSBNK-Eawag-EQ00320953.txt,OORLZFUTLGXMEF,OORLZFUTLGXMEF,2024.11,NEGATIVE,[M-H]-,45.0,R1,ion_mode=NEGATIVE precursor_type=[M-H]-
MSBNK-Eawag-EQ00320954,MSBNK-Eawag-EQ00320954.txt,OORLZFUTLGXMEF,OORLZFUTLGXMEF,2024.11,NEGATIVE,[M-H]-,60.0,R1,ion_mode=NEGATIVE precursor_type=[M-H]-
MSBNK-Eawag-EQ00320955,MSBNK-Eawag-EQ00320955.txt,OORLZFUTLGXMEF,OORLZFUTLGXMEF,2024.11,NEGATIVE,[M-H]-,75.0,R1,ion_mode=NEGATIVE precursor_type=[M-H]-
MSBNK-Eawag-EQ00321601,MSBNK-Eawag-EQ00321601.txt,SMKRKQBMYOFFMU,SMKRKQBMYOFFMU,2024.11,POSITIVE,[M+H]+,15.0,R4,nce=15 not an adjudication cell (30 or 60)
MSBNK-Eawag-EQ00321602,MSBNK-Eawag-EQ00321602.txt,SMKRKQBMYOFFMU,SMKRKQBMYOFFMU,2024.11,POSITIVE,[M+H]+,30.0,R8,R8a: compound key in MassSpecGym 1.5 by the recorded InChIKey route
MSBNK-Eawag-EQ00321603,MSBNK-Eawag-EQ00321603.txt,SMKRKQBMYOFFMU,SMKRKQBMYOFFMU,2024.11,POSITIVE,[M+H]+,45.0,R4,nce=45 not an adjudication cell (30 or 60)
MSBNK-Eawag-EQ00321604,MSBNK-Eawag-EQ00321604.txt,SMKRKQBMYOFFMU,SMKRKQBMYOFFMU,2024.11,POSITIVE,[M+H]+,60.0,R8,R8a: compound key in MassSpecGym 1.5 by the recorded InChIKey route
MSBNK-Eawag-EQ00321605,MSBNK-Eawag-EQ00321605.txt,SMKRKQBMYOFFMU,SMKRKQBMYOFFMU,2024.11,POSITIVE,[M+H]+,75.0,R4,nce=75 not an adjudication cell (30 or 60)
MSBNK-Eawag-EQ00321606,MSBNK-Eawag-EQ00321606.txt,SMKRKQBMYOFFMU,SMKRKQBMYOFFMU,2024.11,POSITIVE,[M+H]+,90.0,R4,nce=90 not an adjudication cell (30 or 60)
MSBNK-Eawag-EQ00321607,MSBNK-Eawag-EQ00321607.txt,SMKRKQBMYOFFMU,SMKRKQBMYOFFMU,2024.11,POSITIVE,[M+H]+,120.0,R4,nce=120 not an adjudication cell (30 or 60)
MSBNK-Eawag-EQ00321608,MSBNK-Eawag-EQ00321608.txt,SMKRKQBMYOFFMU,SMKRKQBMYOFFMU,2024.11,POSITIVE,[M+H]+,150.0,R4,nce=150 not an adjudication cell (30 or 60)
MSBNK-Eawag-EQ00321609,MSBNK-Eawag-EQ00321609.txt,SMKRKQBMYOFFMU,SMKRKQBMYOFFMU,2024.11,POSITIVE,[M+H]+,180.0,R4,nce=180 not an adjudication cell (30 or 60)
MSBNK-Eawag-EQ00321901,MSBNK-Eawag-EQ00321901.txt,CXBMCYHAMVGWJQ,CXBMCYHAMVGWJQ,2024.11,POSITIVE,[M+H]+,15.0,R4,nce=15 not an adjudication cell (30 or 60)
MSBNK-Eawag-EQ00321902,MSBNK-Eawag-EQ00321902.txt,CXBMCYHAMVGWJQ,CXBMCYHAMVGWJQ,2024.11,POSITIVE,[M+H]+,30.0,R8,R8d: compound in the MURU exposure registry
MSBNK-Eawag-EQ00321903,MSBNK-Eawag-EQ00321903.txt,CXBMCYHAMVGWJQ,CXBMCYHAMVGWJQ,2024.11,POSITIVE,[M+H]+,45.0,R4,nce=45 not an adjudication cell (30 or 60)
MSBNK-Eawag-EQ00321904,MSBNK-Eawag-EQ00321904.txt,CXBMCYHAMVGWJQ,CXBMCYHAMVGWJQ,2024.11,POSITIVE,[M+H]+,60.0,R8,R8d: compound in the MURU exposure registry
MSBNK-Eawag-EQ00321905,MSBNK-Eawag-EQ00321905.txt,CXBMCYHAMVGWJQ,CXBMCYHAMVGWJQ,2024.11,POSITIVE,[M+H]+,75.0,R4,nce=75 not an adjudication cell (30 or 60)
MSBNK-Eawag-EQ00321906,MSBNK-Eawag-EQ00321906.txt,CXBMCYHAMVGWJQ,CXBMCYHAMVGWJQ,2024.11,POSITIVE,[M+H]+,90.0,R4,nce=90 not an adjudication cell (30 or 60)
MSBNK-Eawag-EQ00321907,MSBNK-Eawag-EQ00321907.txt,CXBMCYHAMVGWJQ,CXBMCYHAMVGWJQ,2024.11,POSITIVE,[M+H]+,120.0,R4,nce=120 not an adjudication cell (30 or 60)
MSBNK-Eawag-EQ00321908,MSBNK-Eawag-EQ00321908.txt,CXBMCYHAMVGWJQ,CXBMCYHAMVGWJQ,2024.11,POSITIVE,[M+H]+,150.0,R4,nce=150 not an adjudication cell (30 or 60)
MSBNK-Eawag-EQ00321909,MSBNK-Eawag-EQ00321909.txt,CXBMCYHAMVGWJQ,CXBMCYHAMVGWJQ,2024.11,POSITIVE,[M+H]+,180.0,R4,nce=180 not an adjudication cell (30 or 60)
MSBNK-Eawag-EQ00322001,MSBNK-Eawag-EQ00322001.txt,XQUXKZZNEFRCAW,XQUXKZZNEFRCAW,2024.11,POSITIVE,[M+H]+,15.0,R4,nce=15 not an adjudication cell (30 or 60)
MSBNK-Eawag-EQ00322002,MSBNK-Eawag-EQ00322002.txt,XQUXKZZNEFRCAW,XQUXKZZNEFRCAW,2024.11,POSITIVE,[M+H]+,30.0,R8,R8d: compound in the MURU exposure registry
MSBNK-Eawag-EQ00322003,MSBNK-Eawag-EQ00322003.txt,XQUXKZZNEFRCAW,XQUXKZZNEFRCAW,2024.11,POSITIVE,[M+H]+,45.0,R4,nce=45 not an adjudication cell (30 or 60)
MSBNK-Eawag-EQ00322004,MSBNK-Eawag-EQ00322004.txt,XQUXKZZNEFRCAW,XQUXKZZNEFRCAW,2024.11,POSITIVE,[M+H]+,60.0,R8,R8d: compound in the MURU exposure registry
MSBNK-Eawag-EQ00322005,MSBNK-Eawag-EQ00322005.txt,XQUXKZZNEFRCAW,XQUXKZZNEFRCAW,2024.11,POSITIVE,[M+H]+,75.0,R4,nce=75 not an adjudication cell (30 or 60)
MSBNK-Eawag-EQ00322006,MSBNK-Eawag-EQ00322006.txt,XQUXKZZNEFRCAW,XQUXKZZNEFRCAW,2024.11,POSITIVE,[M+H]+,90.0,R4,nce=90 not an adjudication cell (30 or 60)
MSBNK-Eawag-EQ00322007,MSBNK-Eawag-EQ00322007.txt,XQUXKZZNEFRCAW,XQUXKZZNEFRCAW,2024.11,POSITIVE,[M+H]+,120.0,R4,nce=120 not an adjudication cell (30 or 60)
MSBNK-Eawag-EQ00322008,MSBNK-Eawag-EQ00322008.txt,XQUXKZZNEFRCAW,XQUXKZZNEFRCAW,2024.11,POSITIVE,[M+H]+,150.0,R4,nce=150 not an adjudication cell (30 or 60)
MSBNK-Eawag-EQ00322201,MSBNK-Eawag-EQ00322201.txt,FJDPATXIBIBRIM,FJDPATXIBIBRIM,2024.11,POSITIVE,[M+H]+,15.0,R4,nce=15 not an adjudication cell (30 or 60)
MSBNK-Eawag-EQ00322202,MSBNK-Eawag-EQ00322202.txt,FJDPATXIBIBRIM,FJDPATXIBIBRIM,2024.11,POSITIVE,[M+H]+,30.0,R8,R8i: scaffold group guard: group in the MURU exposure registry
MSBNK-Eawag-EQ00322203,MSBNK-Eawag-EQ00322203.txt,FJDPATXIBIBRIM,FJDPATXIBIBRIM,2024.11,POSITIVE,[M+H]+,45.0,R4,nce=45 not an adjudication cell (30 or 60)
MSBNK-Eawag-EQ00322204,MSBNK-Eawag-EQ00322204.txt,FJDPATXIBIBRIM,FJDPATXIBIBRIM,2024.11,POSITIVE,[M+H]+,60.0,R8,R8i: scaffold group guard: group in the MURU exposure registry
MSBNK-Eawag-EQ00322205,MSBNK-Eawag-EQ00322205.txt,FJDPATXIBIBRIM,FJDPATXIBIBRIM,2024.11,POSITIVE,[M+H]+,75.0,R4,nce=75 not an adjudication cell (30 or 60)
MSBNK-Eawag-EQ00322206,MSBNK-Eawag-EQ00322206.txt,FJDPATXIBIBRIM,FJDPATXIBIBRIM,2024.11,POSITIVE,[M+H]+,90.0,R4,nce=90 not an adjudication cell (30 or 60)
MSBNK-Eawag-EQ00322207,MSBNK-Eawag-EQ00322207.txt,FJDPATXIBIBRIM,FJDPATXIBIBRIM,2024.11,POSITIVE,[M+H]+,120.0,R4,nce=120 not an adjudication cell (30 or 60)
MSBNK-Eawag-EQ00322501,MSBNK-Eawag-EQ00322501.txt,INISTDXBRIBGOC,INISTDXBRIBGOC,2024.11,POSITIVE,[M+H]+,15.0,R4,nce=15 not an adjudication cell (30 or 60)
MSBNK-Eawag-EQ00322502,MSBNK-Eawag-EQ00322502.txt,INISTDXBRIBGOC,INISTDXBRIBGOC,2024.11,POSITIVE,[M+H]+,30.0,R8,R8d: compound in the MURU exposure registry
MSBNK-Eawag-EQ00322503,MSBNK-Eawag-EQ00322503.txt,INISTDXBRIBGOC,INISTDXBRIBGOC,2024.11,POSITIVE,[M+H]+,45.0,R4,nce=45 not an adjudication cell (30 or 60)
MSBNK-Eawag-EQ00322504,MSBNK-Eawag-EQ00322504.txt,INISTDXBRIBGOC,INISTDXBRIBGOC,2024.11,POSITIVE,[M+H]+,60.0,R8,R8d: compound in the MURU exposure registry
MSBNK-Eawag-EQ00322505,MSBNK-Eawag-EQ00322505.txt,INISTDXBRIBGOC,INISTDXBRIBGOC,2024.11,POSITIVE,[M+H]+,75.0,R4,nce=75 not an adjudication cell (30 or 60)
MSBNK-Eawag-EQ00322506,MSBNK-Eawag-EQ00322506.txt,INISTDXBRIBGOC,INISTDXBRIBGOC,2024.11,POSITIVE,[M+H]+,90.0,R4,nce=90 not an adjudication cell (30 or 60)
MSBNK-Eawag-EQ00322507,MSBNK-Eawag-EQ00322507.txt,INISTDXBRIBGOC,INISTDXBRIBGOC,2024.11,POSITIVE,[M+H]+,120.0,R4,nce=120 not an adjudication cell (30 or 60)
MSBNK-Eawag-EQ00322508,MSBNK-Eawag-EQ00322508.txt,INISTDXBRIBGOC,INISTDXBRIBGOC,2024.11,POSITIVE,[M+H]+,150.0,R4,nce=150 not an adjudication cell (30 or 60)
MSBNK-Eawag-EQ00322509,MSBNK-Eawag-EQ00322509.txt,INISTDXBRIBGOC,INISTDXBRIBGOC,2024.11,POSITIVE,[M+H]+,180.0,R4,nce=180 not an adjudication cell (30 or 60)
MSBNK-Eawag-EQ00323601,MSBNK-Eawag-EQ00323601.txt,DMJNNHOOLUXYBV,DMJNNHOOLUXYBV,2024.11,POSITIVE,[M+H]+,15.0,R4,nce=15 not an adjudication cell (30 or 60)
MSBNK-Eawag-EQ00323602,MSBNK-Eawag-EQ00323602.txt,DMJNNHOOLUXYBV,DMJNNHOOLUXYBV,2024.11,POSITIVE,[M+H]+,30.0,R8,R8a: compound key in MassSpecGym 1.5 by the recorded InChIKey route
MSBNK-Eawag-EQ00323603,MSBNK-Eawag-EQ00323603.txt,DMJNNHOOLUXYBV,DMJNNHOOLUXYBV,2024.11,POSITIVE,[M+H]+,45.0,R4,nce=45 not an adjudication cell (30 or 60)
MSBNK-Eawag-EQ00323604,MSBNK-Eawag-EQ00323604.txt,DMJNNHOOLUXYBV,DMJNNHOOLUXYBV,2024.11,POSITIVE,[M+H]+,60.0,R8,R8a: compound key in MassSpecGym 1.5 by the recorded InChIKey route
MSBNK-Eawag-EQ00323605,MSBNK-Eawag-EQ00323605.txt,DMJNNHOOLUXYBV,DMJNNHOOLUXYBV,2024.11,POSITIVE,[M+H]+,75.0,R4,nce=75 not an adjudication cell (30 or 60)
MSBNK-Eawag-EQ00323606,MSBNK-Eawag-EQ00323606.txt,DMJNNHOOLUXYBV,DMJNNHOOLUXYBV,2024.11,POSITIVE,[M+H]+,90.0,R4,nce=90 not an adjudication cell (30 or 60)
MSBNK-Eawag-EQ00323607,MSBNK-Eawag-EQ00323607.txt,DMJNNHOOLUXYBV,DMJNNHOOLUXYBV,2024.11,POSITIVE,[M+H]+,120.0,R4,nce=120 not an adjudication cell (30 or 60)
MSBNK-Eawag-EQ00323608,MSBNK-Eawag-EQ00323608.txt,DMJNNHOOLUXYBV,DMJNNHOOLUXYBV,2024.11,POSITIVE,[M+H]+,150.0,R4,nce=150 not an adjudication cell (30 or 60)
MSBNK-Eawag-EQ00323651,MSBNK-Eawag-EQ00323651.txt,DMJNNHOOLUXYBV,DMJNNHOOLUXYBV,2024.11,NEGATIVE,[M-H]-,15.0,R1,ion_mode=NEGATIVE precursor_type=[M-H]-
MSBNK-Eawag-EQ00323652,MSBNK-Eawag-EQ00323652.txt,DMJNNHOOLUXYBV,DMJNNHOOLUXYBV,2024.11,NEGATIVE,[M-H]-,30.0,R1,ion_mode=NEGATIVE precursor_type=[M-H]-
MSBNK-Eawag-EQ00323653,MSBNK-Eawag-EQ00323653.txt,DMJNNHOOLUXYBV,DMJNNHOOLUXYBV,2024.11,NEGATIVE,[M-H]-,45.0,R1,ion_mode=NEGATIVE precursor_type=[M-H]-
MSBNK-Eawag-EQ00323654,MSBNK-Eawag-EQ00323654.txt,DMJNNHOOLUXYBV,DMJNNHOOLUXYBV,2024.11,NEGATIVE,[M-H]-,60.0,R1,ion_mode=NEGATIVE precursor_type=[M-H]-
MSBNK-Eawag-EQ00323655,MSBNK-Eawag-EQ00323655.txt,DMJNNHOOLUXYBV,DMJNNHOOLUXYBV,2024.11,NEGATIVE,[M-H]-,75.0,R1,ion_mode=NEGATIVE precursor_type=[M-H]-
MSBNK-Eawag-EQ00326601,MSBNK-Eawag-EQ00326601.txt,GTRSAMFYSUBAGN,GTRSAMFYSUBAGN,2024.11,POSITIVE,[M+H]+,15.0,R4,nce=15 not an adjudication cell (30 or 60)
MSBNK-Eawag-EQ00326602,MSBNK-Eawag-EQ00326602.txt,GTRSAMFYSUBAGN,GTRSAMFYSUBAGN,2024.11,POSITIVE,[M+H]+,30.0,PASS,eligible
MSBNK-Eawag-EQ00326603,MSBNK-Eawag-EQ00326603.txt,GTRSAMFYSUBAGN,GTRSAMFYSUBAGN,2024.11,POSITIVE,[M+H]+,45.0,R4,nce=45 not an adjudication cell (30 or 60)
MSBNK-Eawag-EQ00326604,MSBNK-Eawag-EQ00326604.txt,GTRSAMFYSUBAGN,GTRSAMFYSUBAGN,2024.11,POSITIVE,[M+H]+,60.0,PASS,eligible
MSBNK-Eawag-EQ00326605,MSBNK-Eawag-EQ00326605.txt,GTRSAMFYSUBAGN,GTRSAMFYSUBAGN,2024.11,POSITIVE,[M+H]+,75.0,R4,nce=75 not an adjudication cell (30 or 60)
MSBNK-Eawag-EQ00326606,MSBNK-Eawag-EQ00326606.txt,GTRSAMFYSUBAGN,GTRSAMFYSUBAGN,2024.11,POSITIVE,[M+H]+,90.0,R4,nce=90 not an adjudication cell (30 or 60)
MSBNK-Eawag-EQ00326607,MSBNK-Eawag-EQ00326607.txt,GTRSAMFYSUBAGN,GTRSAMFYSUBAGN,2024.11,POSITIVE,[M+H]+,120.0,R4,nce=120 not an adjudication cell (30 or 60)
MSBNK-Eawag-EQ00326608,MSBNK-Eawag-EQ00326608.txt,GTRSAMFYSUBAGN,GTRSAMFYSUBAGN,2024.11,POSITIVE,[M+H]+,150.0,R4,nce=150 not an adjudication cell (30 or 60)
MSBNK-Eawag-EQ00326609,MSBNK-Eawag-EQ00326609.txt,GTRSAMFYSUBAGN,GTRSAMFYSUBAGN,2024.11,POSITIVE,[M+H]+,180.0,R4,nce=180 not an adjudication cell (30 or 60)
MSBNK-Eawag-EQ00330301,MSBNK-Eawag-EQ00330301.txt,PWPJGUXAGUPAHP,PWPJGUXAGUPAHP,2024.11,POSITIVE,[M+H]+,15.0,R4,nce=15 not an adjudication cell (30 or 60)
MSBNK-Eawag-EQ00330302,MSBNK-Eawag-EQ00330302.txt,PWPJGUXAGUPAHP,PWPJGUXAGUPAHP,2024.11,POSITIVE,[M+H]+,30.0,R8,R8a: compound key in MassSpecGym 1.5 by the recorded InChIKey route
MSBNK-Eawag-EQ00330303,MSBNK-Eawag-EQ00330303.txt,PWPJGUXAGUPAHP,PWPJGUXAGUPAHP,2024.11,POSITIVE,[M+H]+,45.0,R4,nce=45 not an adjudication cell (30 or 60)
MSBNK-Eawag-EQ00330304,MSBNK-Eawag-EQ00330304.txt,PWPJGUXAGUPAHP,PWPJGUXAGUPAHP,2024.11,POSITIVE,[M+H]+,60.0,R8,R8a: compound key in MassSpecGym 1.5 by the recorded InChIKey route
MSBNK-Eawag-EQ00330305,MSBNK-Eawag-EQ00330305.txt,PWPJGUXAGUPAHP,PWPJGUXAGUPAHP,2024.11,POSITIVE,[M+H]+,75.0,R4,nce=75 not an adjudication cell (30 or 60)
MSBNK-Eawag-EQ00330306,MSBNK-Eawag-EQ00330306.txt,PWPJGUXAGUPAHP,PWPJGUXAGUPAHP,2024.11,POSITIVE,[M+H]+,90.0,R4,nce=90 not an adjudication cell (30 or 60)
MSBNK-Eawag-EQ00330307,MSBNK-Eawag-EQ00330307.txt,PWPJGUXAGUPAHP,PWPJGUXAGUPAHP,2024.11,POSITIVE,[M+H]+,120.0,R4,nce=120 not an adjudication cell (30 or 60)
MSBNK-Eawag-EQ00330308,MSBNK-Eawag-EQ00330308.txt,PWPJGUXAGUPAHP,PWPJGUXAGUPAHP,2024.11,POSITIVE,[M+H]+,150.0,R4,nce=150 not an adjudication cell (30 or 60)
MSBNK-Eawag-EQ00330309,MSBNK-Eawag-EQ00330309.txt,PWPJGUXAGUPAHP,PWPJGUXAGUPAHP,2024.11,POSITIVE,[M+H]+,180.0,R4,nce=180 not an adjudication cell (30 or 60)
MSBNK-Eawag-EQ00330351,MSBNK-Eawag-EQ00330351.txt,PWPJGUXAGUPAHP,PWPJGUXAGUPAHP,2024.11,NEGATIVE,[M-H]-,15.0,R1,ion_mode=NEGATIVE precursor_type=[M-H]-
MSBNK-Eawag-EQ00330352,MSBNK-Eawag-EQ00330352.txt,PWPJGUXAGUPAHP,PWPJGUXAGUPAHP,2024.11,NEGATIVE,[M-H]-,30.0,R1,ion_mode=NEGATIVE precursor_type=[M-H]-
MSBNK-Eawag-EQ00330353,MSBNK-Eawag-EQ00330353.txt,PWPJGUXAGUPAHP,PWPJGUXAGUPAHP,2024.11,NEGATIVE,[M-H]-,45.0,R1,ion_mode=NEGATIVE precursor_type=[M-H]-
MSBNK-Eawag-EQ00330354,MSBNK-Eawag-EQ00330354.txt,PWPJGUXAGUPAHP,PWPJGUXAGUPAHP,2024.11,NEGATIVE,[M-H]-,60.0,R1,ion_mode=NEGATIVE precursor_type=[M-H]-
MSBNK-Eawag-EQ00330355,MSBNK-Eawag-EQ00330355.txt,PWPJGUXAGUPAHP,PWPJGUXAGUPAHP,2024.11,NEGATIVE,[M-H]-,75.0,R1,ion_mode=NEGATIVE precursor_type=[M-H]-
MSBNK-Eawag-EQ00330356,MSBNK-Eawag-EQ00330356.txt,PWPJGUXAGUPAHP,PWPJGUXAGUPAHP,2024.11,NEGATIVE,[M-H]-,90.0,R1,ion_mode=NEGATIVE precursor_type=[M-H]-
MSBNK-Eawag-EQ00330357,MSBNK-Eawag-EQ00330357.txt,PWPJGUXAGUPAHP,PWPJGUXAGUPAHP,2024.11,NEGATIVE,[M-H]-,120.0,R1,ion_mode=NEGATIVE precursor_type=[M-H]-
MSBNK-Eawag-EQ00330358,MSBNK-Eawag-EQ00330358.txt,PWPJGUXAGUPAHP,PWPJGUXAGUPAHP,2024.11,NEGATIVE,[M-H]-,150.0,R1,ion_mode=NEGATIVE precursor_type=[M-H]-
MSBNK-Eawag-EQ00330359,MSBNK-Eawag-EQ00330359.txt,PWPJGUXAGUPAHP,PWPJGUXAGUPAHP,2024.11,NEGATIVE,[M-H]-,180.0,R1,ion_mode=NEGATIVE precursor_type=[M-H]-
MSBNK-Eawag-EQ00331501,MSBNK-Eawag-EQ00331501.txt,DYLGFOYVTXJFJP,DYLGFOYVTXJFJP,2024.11,POSITIVE,[M+H]+,15.0,R4,nce=15 not an adjudication cell (30 or 60)
MSBNK-Eawag-EQ00331502,MSBNK-Eawag-EQ00331502.txt,DYLGFOYVTXJFJP,DYLGFOYVTXJFJP,2024.11,POSITIVE,[M+H]+,30.0,R8,R8a: compound key in MassSpecGym 1.5 by the recorded InChIKey route
MSBNK-Eawag-EQ00331503,MSBNK-Eawag-EQ00331503.txt,DYLGFOYVTXJFJP,DYLGFOYVTXJFJP,2024.11,POSITIVE,[M+H]+,45.0,R4,nce=45 not an adjudication cell (30 or 60)
MSBNK-Eawag-EQ00331504,MSBNK-Eawag-EQ00331504.txt,DYLGFOYVTXJFJP,DYLGFOYVTXJFJP,2024.11,POSITIVE,[M+H]+,60.0,R8,R8a: compound key in MassSpecGym 1.5 by the recorded InChIKey route
MSBNK-Eawag-EQ00331505,MSBNK-Eawag-EQ00331505.txt,DYLGFOYVTXJFJP,DYLGFOYVTXJFJP,2024.11,POSITIVE,[M+H]+,75.0,R4,nce=75 not an adjudication cell (30 or 60)
MSBNK-Eawag-EQ00331506,MSBNK-Eawag-EQ00331506.txt,DYLGFOYVTXJFJP,DYLGFOYVTXJFJP,2024.11,POSITIVE,[M+H]+,90.0,R4,nce=90 not an adjudication cell (30 or 60)
MSBNK-Eawag-EQ00331507,MSBNK-Eawag-EQ00331507.txt,DYLGFOYVTXJFJP,DYLGFOYVTXJFJP,2024.11,POSITIVE,[M+H]+,120.0,R4,nce=120 not an adjudication cell (30 or 60)
MSBNK-Eawag-EQ00335501,MSBNK-Eawag-EQ00335501.txt,UBUCNCOMADRQHX,UBUCNCOMADRQHX,dev,POSITIVE,[M+H]+,15.0,R4,nce=15 not an adjudication cell (30 or 60)
MSBNK-Eawag-EQ00335502,MSBNK-Eawag-EQ00335502.txt,UBUCNCOMADRQHX,UBUCNCOMADRQHX,dev,POSITIVE,[M+H]+,30.0,R5,"first_ref=dev not a tagged release ['2024.06', '2024.11', '2025.10']"
MSBNK-Eawag-EQ00335503,MSBNK-Eawag-EQ00335503.txt,UBUCNCOMADRQHX,UBUCNCOMADRQHX,dev,POSITIVE,[M+H]+,45.0,R4,nce=45 not an adjudication cell (30 or 60)
MSBNK-Eawag-EQ00335504,MSBNK-Eawag-EQ00335504.txt,UBUCNCOMADRQHX,UBUCNCOMADRQHX,dev,POSITIVE,[M+H]+,60.0,R5,"first_ref=dev not a tagged release ['2024.06', '2024.11', '2025.10']"
MSBNK-Eawag-EQ00335505,MSBNK-Eawag-EQ00335505.txt,UBUCNCOMADRQHX,UBUCNCOMADRQHX,dev,POSITIVE,[M+H]+,75.0,R4,nce=75 not an adjudication cell (30 or 60)
MSBNK-Eawag-EQ00335506,MSBNK-Eawag-EQ00335506.txt,UBUCNCOMADRQHX,UBUCNCOMADRQHX,dev,POSITIVE,[M+H]+,90.0,R4,nce=90 not an adjudication cell (30 or 60)
MSBNK-Eawag-EQ00335507,MSBNK-Eawag-EQ00335507.txt,UBUCNCOMADRQHX,UBUCNCOMADRQHX,dev,POSITIVE,[M+H]+,120.0,R4,nce=120 not an adjudication cell (30 or 60)
MSBNK-Eawag-EQ00335508,MSBNK-Eawag-EQ00335508.txt,UBUCNCOMADRQHX,UBUCNCOMADRQHX,dev,POSITIVE,[M+H]+,150.0,R4,nce=150 not an adjudication cell (30 or 60)
MSBNK-Eawag-EQ00335509,MSBNK-Eawag-EQ00335509.txt,UBUCNCOMADRQHX,UBUCNCOMADRQHX,dev,POSITIVE,[M+H]+,180.0,R4,nce=180 not an adjudication cell (30 or 60)
MSBNK-Eawag-EQ00343301,MSBNK-Eawag-EQ00343301.txt,SWZDQOUHBYYPJD,SWZDQOUHBYYPJD,2024.11,POSITIVE,[M+H]+,15.0,R4,nce=15 not an adjudication cell (30 or 60)
MSBNK-Eawag-EQ00343302,MSBNK-Eawag-EQ00343302.txt,SWZDQOUHBYYPJD,SWZDQOUHBYYPJD,2024.11,POSITIVE,[M+H]+,30.0,PASS,eligible
MSBNK-Eawag-EQ00343303,MSBNK-Eawag-EQ00343303.txt,SWZDQOUHBYYPJD,SWZDQOUHBYYPJD,2024.11,POSITIVE,[M+H]+,45.0,R4,nce=45 not an adjudication cell (30 or 60)
MSBNK-Eawag-EQ00343304,MSBNK-Eawag-EQ00343304.txt,SWZDQOUHBYYPJD,SWZDQOUHBYYPJD,2024.11,POSITIVE,[M+H]+,60.0,PASS,eligible
MSBNK-Eawag-EQ00343305,MSBNK-Eawag-EQ00343305.txt,SWZDQOUHBYYPJD,SWZDQOUHBYYPJD,2024.11,POSITIVE,[M+H]+,75.0,R4,nce=75 not an adjudication cell (30 or 60)
MSBNK-Eawag-EQ00343306,MSBNK-Eawag-EQ00343306.txt,SWZDQOUHBYYPJD,SWZDQOUHBYYPJD,2024.11,POSITIVE,[M+H]+,90.0,R4,nce=90 not an adjudication cell (30 or 60)
MSBNK-Eawag-EQ00343307,MSBNK-Eawag-EQ00343307.txt,SWZDQOUHBYYPJD,SWZDQOUHBYYPJD,2024.11,POSITIVE,[M+H]+,120.0,R4,nce=120 not an adjudication cell (30 or 60)
MSBNK-Eawag-EQ00343308,MSBNK-Eawag-EQ00343308.txt,SWZDQOUHBYYPJD,SWZDQOUHBYYPJD,2024.11,POSITIVE,[M+H]+,150.0,R4,nce=150 not an adjudication cell (30 or 60)
MSBNK-Eawag-EQ00347301,MSBNK-Eawag-EQ00347301.txt,IOUNQDKNJZEDEP,IOUNQDKNJZEDEP,2024.11,POSITIVE,[M+H]+,15.0,R4,nce=15 not an adjudication cell (30 or 60)
MSBNK-Eawag-EQ00347302,MSBNK-Eawag-EQ00347302.txt,IOUNQDKNJZEDEP,IOUNQDKNJZEDEP,2024.11,POSITIVE,[M+H]+,30.0,R8,R8a: compound key in MassSpecGym 1.5 by the recorded InChIKey route
MSBNK-Eawag-EQ00347303,MSBNK-Eawag-EQ00347303.txt,IOUNQDKNJZEDEP,IOUNQDKNJZEDEP,2024.11,POSITIVE,[M+H]+,45.0,R4,nce=45 not an adjudication cell (30 or 60)
MSBNK-Eawag-EQ00347304,MSBNK-Eawag-EQ00347304.txt,IOUNQDKNJZEDEP,IOUNQDKNJZEDEP,2024.11,POSITIVE,[M+H]+,60.0,R8,R8a: compound key in MassSpecGym 1.5 by the recorded InChIKey route
MSBNK-Eawag-EQ00347305,MSBNK-Eawag-EQ00347305.txt,IOUNQDKNJZEDEP,IOUNQDKNJZEDEP,2024.11,POSITIVE,[M+H]+,75.0,R4,nce=75 not an adjudication cell (30 or 60)
MSBNK-Eawag-EQ00347306,MSBNK-Eawag-EQ00347306.txt,IOUNQDKNJZEDEP,IOUNQDKNJZEDEP,2024.11,POSITIVE,[M+H]+,90.0,R4,nce=90 not an adjudication cell (30 or 60)
MSBNK-Eawag-EQ00347307,MSBNK-Eawag-EQ00347307.txt,IOUNQDKNJZEDEP,IOUNQDKNJZEDEP,2024.11,POSITIVE,[M+H]+,120.0,R4,nce=120 not an adjudication cell (30 or 60)
MSBNK-Eawag-EQ00347308,MSBNK-Eawag-EQ00347308.txt,IOUNQDKNJZEDEP,IOUNQDKNJZEDEP,2024.11,POSITIVE,[M+H]+,150.0,R4,nce=150 not an adjudication cell (30 or 60)
MSBNK-Eawag-EQ00347309,MSBNK-Eawag-EQ00347309.txt,IOUNQDKNJZEDEP,IOUNQDKNJZEDEP,2024.11,POSITIVE,[M+H]+,180.0,R4,nce=180 not an adjudication cell (30 or 60)
MSBNK-Eawag-EQ00348201,MSBNK-Eawag-EQ00348201.txt,UDPGUMQDCGORJQ,UDPGUMQDCGORJQ,2024.11,POSITIVE,[M+H]+,15.0,R4,nce=15 not an adjudication cell (30 or 60)
MSBNK-Eawag-EQ00348202,MSBNK-Eawag-EQ00348202.txt,UDPGUMQDCGORJQ,UDPGUMQDCGORJQ,2024.11,POSITIVE,[M+H]+,30.0,R8,R8d: compound in the MURU exposure registry
MSBNK-Eawag-EQ00348203,MSBNK-Eawag-EQ00348203.txt,UDPGUMQDCGORJQ,UDPGUMQDCGORJQ,2024.11,POSITIVE,[M+H]+,45.0,R4,nce=45 not an adjudication cell (30 or 60)
MSBNK-Eawag-EQ00348204,MSBNK-Eawag-EQ00348204.txt,UDPGUMQDCGORJQ,UDPGUMQDCGORJQ,2024.11,POSITIVE,[M+H]+,60.0,R8,R8d: compound in the MURU exposure registry
MSBNK-Eawag-EQ00348205,MSBNK-Eawag-EQ00348205.txt,UDPGUMQDCGORJQ,UDPGUMQDCGORJQ,2024.11,POSITIVE,[M+H]+,75.0,R4,nce=75 not an adjudication cell (30 or 60)
MSBNK-Eawag-EQ00348206,MSBNK-Eawag-EQ00348206.txt,UDPGUMQDCGORJQ,UDPGUMQDCGORJQ,2024.11,POSITIVE,[M+H]+,90.0,R4,nce=90 not an adjudication cell (30 or 60)
MSBNK-Eawag-EQ00348207,MSBNK-Eawag-EQ00348207.txt,UDPGUMQDCGORJQ,UDPGUMQDCGORJQ,2024.11,POSITIVE,[M+H]+,120.0,R4,nce=120 not an adjudication cell (30 or 60)
MSBNK-Eawag-EQ00348208,MSBNK-Eawag-EQ00348208.txt,UDPGUMQDCGORJQ,UDPGUMQDCGORJQ,2024.11,POSITIVE,[M+H]+,150.0,R4,nce=150 not an adjudication cell (30 or 60)
MSBNK-Eawag-EQ00348209,MSBNK-Eawag-EQ00348209.txt,UDPGUMQDCGORJQ,UDPGUMQDCGORJQ,2024.11,POSITIVE,[M+H]+,180.0,R4,nce=180 not an adjudication cell (30 or 60)
MSBNK-Eawag-EQ00348251,MSBNK-Eawag-EQ00348251.txt,UDPGUMQDCGORJQ,UDPGUMQDCGORJQ,2024.11,NEGATIVE,[M-H]-,15.0,R1,ion_mode=NEGATIVE precursor_type=[M-H]-
MSBNK-Eawag-EQ00348252,MSBNK-Eawag-EQ00348252.txt,UDPGUMQDCGORJQ,UDPGUMQDCGORJQ,2024.11,NEGATIVE,[M-H]-,30.0,R1,ion_mode=NEGATIVE precursor_type=[M-H]-
MSBNK-Eawag-EQ00348253,MSBNK-Eawag-EQ00348253.txt,UDPGUMQDCGORJQ,UDPGUMQDCGORJQ,2024.11,NEGATIVE,[M-H]-,45.0,R1,ion_mode=NEGATIVE precursor_type=[M-H]-
MSBNK-Eawag-EQ00348254,MSBNK-Eawag-EQ00348254.txt,UDPGUMQDCGORJQ,UDPGUMQDCGORJQ,2024.11,NEGATIVE,[M-H]-,60.0,R1,ion_mode=NEGATIVE precursor_type=[M-H]-
MSBNK-Eawag-EQ00348255,MSBNK-Eawag-EQ00348255.txt,UDPGUMQDCGORJQ,UDPGUMQDCGORJQ,2024.11,NEGATIVE,[M-H]-,75.0,R1,ion_mode=NEGATIVE precursor_type=[M-H]-
MSBNK-Eawag-EQ00348256,MSBNK-Eawag-EQ00348256.txt,UDPGUMQDCGORJQ,UDPGUMQDCGORJQ,2024.11,NEGATIVE,[M-H]-,90.0,R1,ion_mode=NEGATIVE precursor_type=[M-H]-
MSBNK-Eawag-EQ00348257,MSBNK-Eawag-EQ00348257.txt,UDPGUMQDCGORJQ,UDPGUMQDCGORJQ,2024.11,NEGATIVE,[M-H]-,120.0,R1,ion_mode=NEGATIVE precursor_type=[M-H]-
MSBNK-Eawag-EQ00348258,MSBNK-Eawag-EQ00348258.txt,UDPGUMQDCGORJQ,UDPGUMQDCGORJQ,2024.11,NEGATIVE,[M-H]-,150.0,R1,ion_mode=NEGATIVE precursor_type=[M-H]-
MSBNK-Eawag-EQ00348259,MSBNK-Eawag-EQ00348259.txt,UDPGUMQDCGORJQ,UDPGUMQDCGORJQ,2024.11,NEGATIVE,[M-H]-,180.0,R1,ion_mode=NEGATIVE precursor_type=[M-H]-
MSBNK-Eawag-EQ00348301,MSBNK-Eawag-EQ00348301.txt,GBOYJIHYACSLGN,GBOYJIHYACSLGN,2024.11,POSITIVE,[M+H]+,15.0,R4,nce=15 not an adjudication cell (30 or 60)
MSBNK-Eawag-EQ00348302,MSBNK-Eawag-EQ00348302.txt,GBOYJIHYACSLGN,GBOYJIHYACSLGN,2024.11,POSITIVE,[M+H]+,30.0,R8,R8a: compound key in MassSpecGym 1.5 by the recorded InChIKey route
MSBNK-Eawag-EQ00348303,MSBNK-Eawag-EQ00348303.txt,GBOYJIHYACSLGN,GBOYJIHYACSLGN,2024.11,POSITIVE,[M+H]+,45.0,R4,nce=45 not an adjudication cell (30 or 60)
MSBNK-Eawag-EQ00348304,MSBNK-Eawag-EQ00348304.txt,GBOYJIHYACSLGN,GBOYJIHYACSLGN,2024.11,POSITIVE,[M+H]+,60.0,R8,R8a: compound key in MassSpecGym 1.5 by the recorded InChIKey route
MSBNK-Eawag-EQ00348401,MSBNK-Eawag-EQ00348401.txt,KVDJTXBXMWJJEF,KVDJTXBXMWJJEF,dev,POSITIVE,[M+H]+,15.0,R4,nce=15 not an adjudication cell (30 or 60)
MSBNK-Eawag-EQ00348402,MSBNK-Eawag-EQ00348402.txt,KVDJTXBXMWJJEF,KVDJTXBXMWJJEF,dev,POSITIVE,[M+H]+,30.0,R5,"first_ref=dev not a tagged release ['2024.06', '2024.11', '2025.10']"
MSBNK-Eawag-EQ00348403,MSBNK-Eawag-EQ00348403.txt,KVDJTXBXMWJJEF,KVDJTXBXMWJJEF,dev,POSITIVE,[M+H]+,45.0,R4,nce=45 not an adjudication cell (30 or 60)
MSBNK-Eawag-EQ00348404,MSBNK-Eawag-EQ00348404.txt,KVDJTXBXMWJJEF,KVDJTXBXMWJJEF,dev,POSITIVE,[M+H]+,60.0,R5,"first_ref=dev not a tagged release ['2024.06', '2024.11', '2025.10']"
MSBNK-Eawag-EQ00348405,MSBNK-Eawag-EQ00348405.txt,KVDJTXBXMWJJEF,KVDJTXBXMWJJEF,dev,POSITIVE,[M+H]+,75.0,R4,nce=75 not an adjudication cell (30 or 60)
MSBNK-Eawag-EQ00348406,MSBNK-Eawag-EQ00348406.txt,KVDJTXBXMWJJEF,KVDJTXBXMWJJEF,dev,POSITIVE,[M+H]+,90.0,R4,nce=90 not an adjudication cell (30 or 60)
MSBNK-Eawag-EQ00348407,MSBNK-Eawag-EQ00348407.txt,KVDJTXBXMWJJEF,KVDJTXBXMWJJEF,dev,POSITIVE,[M+H]+,120.0,R4,nce=120 not an adjudication cell (30 or 60)
MSBNK-Eawag-EQ00348408,MSBNK-Eawag-EQ00348408.txt,KVDJTXBXMWJJEF,KVDJTXBXMWJJEF,dev,POSITIVE,[M+H]+,150.0,R4,nce=150 not an adjudication cell (30 or 60)
MSBNK-Eawag-EQ00348409,MSBNK-Eawag-EQ00348409.txt,KVDJTXBXMWJJEF,KVDJTXBXMWJJEF,dev,POSITIVE,[M+H]+,180.0,R4,nce=180 not an adjudication cell (30 or 60)
MSBNK-Eawag-EQ00348451,MSBNK-Eawag-EQ00348451.txt,KVDJTXBXMWJJEF,KVDJTXBXMWJJEF,dev,NEGATIVE,[M-H]-,15.0,R1,ion_mode=NEGATIVE precursor_type=[M-H]-
MSBNK-Eawag-EQ00348601,MSBNK-Eawag-EQ00348601.txt,KGVPNLBXJKTABS,KGVPNLBXJKTABS,2024.11,POSITIVE,[M+H]+,15.0,R4,nce=15 not an adjudication cell (30 or 60)
MSBNK-Eawag-EQ00348602,MSBNK-Eawag-EQ00348602.txt,KGVPNLBXJKTABS,KGVPNLBXJKTABS,2024.11,POSITIVE,[M+H]+,30.0,PASS,eligible
MSBNK-Eawag-EQ00348603,MSBNK-Eawag-EQ00348603.txt,KGVPNLBXJKTABS,KGVPNLBXJKTABS,2024.11,POSITIVE,[M+H]+,45.0,R4,nce=45 not an adjudication cell (30 or 60)
MSBNK-Eawag-EQ00348604,MSBNK-Eawag-EQ00348604.txt,KGVPNLBXJKTABS,KGVPNLBXJKTABS,2024.11,POSITIVE,[M+H]+,60.0,PASS,eligible
MSBNK-Eawag-EQ00348605,MSBNK-Eawag-EQ00348605.txt,KGVPNLBXJKTABS,KGVPNLBXJKTABS,2024.11,POSITIVE,[M+H]+,75.0,R4,nce=75 not an adjudication cell (30 or 60)
MSBNK-Eawag-EQ00348606,MSBNK-Eawag-EQ00348606.txt,KGVPNLBXJKTABS,KGVPNLBXJKTABS,2024.11,POSITIVE,[M+H]+,90.0,R4,nce=90 not an adjudication cell (30 or 60)
MSBNK-Eawag-EQ00348607,MSBNK-Eawag-EQ00348607.txt,KGVPNLBXJKTABS,KGVPNLBXJKTABS,2024.11,POSITIVE,[M+H]+,120.0,R4,nce=120 not an adjudication cell (30 or 60)
MSBNK-Eawag-EQ00348608,MSBNK-Eawag-EQ00348608.txt,KGVPNLBXJKTABS,KGVPNLBXJKTABS,2024.11,POSITIVE,[M+H]+,150.0,R4,nce=150 not an adjudication cell (30 or 60)
MSBNK-Eawag-EQ00348609,MSBNK-Eawag-EQ00348609.txt,KGVPNLBXJKTABS,KGVPNLBXJKTABS,2024.11,POSITIVE,[M+H]+,180.0,R4,nce=180 not an adjudication cell (30 or 60)
MSBNK-Eawag-EQ00348801,MSBNK-Eawag-EQ00348801.txt,OYIKARCXOQLFHF,OYIKARCXOQLFHF,2024.11,POSITIVE,[M+H]+,15.0,R4,nce=15 not an adjudication cell (30 or 60)
MSBNK-Eawag-EQ00348802,MSBNK-Eawag-EQ00348802.txt,OYIKARCXOQLFHF,OYIKARCXOQLFHF,2024.11,POSITIVE,[M+H]+,30.0,R8,R8a: compound key in MassSpecGym 1.5 by the recorded InChIKey route
MSBNK-Eawag-EQ00348803,MSBNK-Eawag-EQ00348803.txt,OYIKARCXOQLFHF,OYIKARCXOQLFHF,2024.11,POSITIVE,[M+H]+,45.0,R4,nce=45 not an adjudication cell (30 or 60)
MSBNK-Eawag-EQ00348804,MSBNK-Eawag-EQ00348804.txt,OYIKARCXOQLFHF,OYIKARCXOQLFHF,2024.11,POSITIVE,[M+H]+,60.0,R8,R8a: compound key in MassSpecGym 1.5 by the recorded InChIKey route
MSBNK-Eawag-EQ00348805,MSBNK-Eawag-EQ00348805.txt,OYIKARCXOQLFHF,OYIKARCXOQLFHF,2024.11,POSITIVE,[M+H]+,75.0,R4,nce=75 not an adjudication cell (30 or 60)
MSBNK-Eawag-EQ00348806,MSBNK-Eawag-EQ00348806.txt,OYIKARCXOQLFHF,OYIKARCXOQLFHF,2024.11,POSITIVE,[M+H]+,90.0,R4,nce=90 not an adjudication cell (30 or 60)
MSBNK-Eawag-EQ00348807,MSBNK-Eawag-EQ00348807.txt,OYIKARCXOQLFHF,OYIKARCXOQLFHF,2024.11,POSITIVE,[M+H]+,120.0,R4,nce=120 not an adjudication cell (30 or 60)
MSBNK-Eawag-EQ00348808,MSBNK-Eawag-EQ00348808.txt,OYIKARCXOQLFHF,OYIKARCXOQLFHF,2024.11,POSITIVE,[M+H]+,150.0,R4,nce=150 not an adjudication cell (30 or 60)
MSBNK-Eawag-EQ00348809,MSBNK-Eawag-EQ00348809.txt,OYIKARCXOQLFHF,OYIKARCXOQLFHF,2024.11,POSITIVE,[M+H]+,180.0,R4,nce=180 not an adjudication cell (30 or 60)
MSBNK-Eawag-EQ00348851,MSBNK-Eawag-EQ00348851.txt,OYIKARCXOQLFHF,OYIKARCXOQLFHF,2024.11,NEGATIVE,[M-H]-,15.0,R1,ion_mode=NEGATIVE precursor_type=[M-H]-
MSBNK-Eawag-EQ00348852,MSBNK-Eawag-EQ00348852.txt,OYIKARCXOQLFHF,OYIKARCXOQLFHF,2024.11,NEGATIVE,[M-H]-,30.0,R1,ion_mode=NEGATIVE precursor_type=[M-H]-
MSBNK-Eawag-EQ00348853,MSBNK-Eawag-EQ00348853.txt,OYIKARCXOQLFHF,OYIKARCXOQLFHF,2024.11,NEGATIVE,[M-H]-,45.0,R1,ion_mode=NEGATIVE precursor_type=[M-H]-
MSBNK-Eawag-EQ00348854,MSBNK-Eawag-EQ00348854.txt,OYIKARCXOQLFHF,OYIKARCXOQLFHF,2024.11,NEGATIVE,[M-H]-,60.0,R1,ion_mode=NEGATIVE precursor_type=[M-H]-
MSBNK-Eawag-EQ00348855,MSBNK-Eawag-EQ00348855.txt,OYIKARCXOQLFHF,OYIKARCXOQLFHF,2024.11,NEGATIVE,[M-H]-,75.0,R1,ion_mode=NEGATIVE precursor_type=[M-H]-
MSBNK-Eawag-EQ00348856,MSBNK-Eawag-EQ00348856.txt,OYIKARCXOQLFHF,OYIKARCXOQLFHF,2024.11,NEGATIVE,[M-H]-,90.0,R1,ion_mode=NEGATIVE precursor_type=[M-H]-
MSBNK-Eawag-EQ00348857,MSBNK-Eawag-EQ00348857.txt,OYIKARCXOQLFHF,OYIKARCXOQLFHF,2024.11,NEGATIVE,[M-H]-,120.0,R1,ion_mode=NEGATIVE precursor_type=[M-H]-
MSBNK-Eawag-EQ00348858,MSBNK-Eawag-EQ00348858.txt,OYIKARCXOQLFHF,OYIKARCXOQLFHF,2024.11,NEGATIVE,[M-H]-,150.0,R1,ion_mode=NEGATIVE precursor_type=[M-H]-
MSBNK-Eawag-EQ00348859,MSBNK-Eawag-EQ00348859.txt,OYIKARCXOQLFHF,OYIKARCXOQLFHF,2024.11,NEGATIVE,[M-H]-,180.0,R1,ion_mode=NEGATIVE precursor_type=[M-H]-
MSBNK-Eawag-EQ00348901,MSBNK-Eawag-EQ00348901.txt,BGRDGMRNKXEXQD,BGRDGMRNKXEXQD,2024.11,POSITIVE,[M+H]+,15.0,R4,nce=15 not an adjudication cell (30 or 60)
MSBNK-Eawag-EQ00348902,MSBNK-Eawag-EQ00348902.txt,BGRDGMRNKXEXQD,BGRDGMRNKXEXQD,2024.11,POSITIVE,[M+H]+,30.0,R8,R8d: compound in the MURU exposure registry
MSBNK-Eawag-EQ00348903,MSBNK-Eawag-EQ00348903.txt,BGRDGMRNKXEXQD,BGRDGMRNKXEXQD,2024.11,POSITIVE,[M+H]+,45.0,R4,nce=45 not an adjudication cell (30 or 60)
MSBNK-Eawag-EQ00348904,MSBNK-Eawag-EQ00348904.txt,BGRDGMRNKXEXQD,BGRDGMRNKXEXQD,2024.11,POSITIVE,[M+H]+,60.0,R8,R8d: compound in the MURU exposure registry
MSBNK-Eawag-EQ00348905,MSBNK-Eawag-EQ00348905.txt,BGRDGMRNKXEXQD,BGRDGMRNKXEXQD,2024.11,POSITIVE,[M+H]+,75.0,R4,nce=75 not an adjudication cell (30 or 60)
MSBNK-Eawag-EQ00348906,MSBNK-Eawag-EQ00348906.txt,BGRDGMRNKXEXQD,BGRDGMRNKXEXQD,2024.11,POSITIVE,[M+H]+,90.0,R4,nce=90 not an adjudication cell (30 or 60)
MSBNK-Eawag-EQ00348907,MSBNK-Eawag-EQ00348907.txt,BGRDGMRNKXEXQD,BGRDGMRNKXEXQD,2024.11,POSITIVE,[M+H]+,120.0,R4,nce=120 not an adjudication cell (30 or 60)
MSBNK-Eawag-EQ00348908,MSBNK-Eawag-EQ00348908.txt,BGRDGMRNKXEXQD,BGRDGMRNKXEXQD,2024.11,POSITIVE,[M+H]+,150.0,R4,nce=150 not an adjudication cell (30 or 60)
MSBNK-Eawag-EQ00348951,MSBNK-Eawag-EQ00348951.txt,BGRDGMRNKXEXQD,BGRDGMRNKXEXQD,2024.11,NEGATIVE,[M-H]-,15.0,R1,ion_mode=NEGATIVE precursor_type=[M-H]-
MSBNK-Eawag-EQ00348952,MSBNK-Eawag-EQ00348952.txt,BGRDGMRNKXEXQD,BGRDGMRNKXEXQD,2024.11,NEGATIVE,[M-H]-,30.0,R1,ion_mode=NEGATIVE precursor_type=[M-H]-
MSBNK-Eawag-EQ00348953,MSBNK-Eawag-EQ00348953.txt,BGRDGMRNKXEXQD,BGRDGMRNKXEXQD,2024.11,NEGATIVE,[M-H]-,45.0,R1,ion_mode=NEGATIVE precursor_type=[M-H]-
MSBNK-Eawag-EQ00348954,MSBNK-Eawag-EQ00348954.txt,BGRDGMRNKXEXQD,BGRDGMRNKXEXQD,2024.11,NEGATIVE,[M-H]-,60.0,R1,ion_mode=NEGATIVE precursor_type=[M-H]-
MSBNK-Eawag-EQ00348955,MSBNK-Eawag-EQ00348955.txt,BGRDGMRNKXEXQD,BGRDGMRNKXEXQD,2024.11,NEGATIVE,[M-H]-,75.0,R1,ion_mode=NEGATIVE precursor_type=[M-H]-
MSBNK-Eawag-EQ00348956,MSBNK-Eawag-EQ00348956.txt,BGRDGMRNKXEXQD,BGRDGMRNKXEXQD,2024.11,NEGATIVE,[M-H]-,90.0,R1,ion_mode=NEGATIVE precursor_type=[M-H]-
MSBNK-Eawag-EQ00348957,MSBNK-Eawag-EQ00348957.txt,BGRDGMRNKXEXQD,BGRDGMRNKXEXQD,2024.11,NEGATIVE,[M-H]-,120.0,R1,ion_mode=NEGATIVE precursor_type=[M-H]-
MSBNK-Eawag-EQ00348958,MSBNK-Eawag-EQ00348958.txt,BGRDGMRNKXEXQD,BGRDGMRNKXEXQD,2024.11,NEGATIVE,[M-H]-,150.0,R1,ion_mode=NEGATIVE precursor_type=[M-H]-
MSBNK-Eawag-EQ00348959,MSBNK-Eawag-EQ00348959.txt,BGRDGMRNKXEXQD,BGRDGMRNKXEXQD,2024.11,NEGATIVE,[M-H]-,180.0,R1,ion_mode=NEGATIVE precursor_type=[M-H]-
MSBNK-Eawag-EQ00349001,MSBNK-Eawag-EQ00349001.txt,IOXAXYHXMLCCJJ,IOXAXYHXMLCCJJ,2024.11,POSITIVE,[M+H]+,15.0,R4,nce=15 not an adjudication cell (30 or 60)
MSBNK-Eawag-EQ00349002,MSBNK-Eawag-EQ00349002.txt,IOXAXYHXMLCCJJ,IOXAXYHXMLCCJJ,2024.11,POSITIVE,[M+H]+,30.0,R8,R8a: compound key in MassSpecGym 1.5 by the recorded InChIKey route
MSBNK-Eawag-EQ00349003,MSBNK-Eawag-EQ00349003.txt,IOXAXYHXMLCCJJ,IOXAXYHXMLCCJJ,2024.11,POSITIVE,[M+H]+,45.0,R4,nce=45 not an adjudication cell (30 or 60)
MSBNK-Eawag-EQ00349004,MSBNK-Eawag-EQ00349004.txt,IOXAXYHXMLCCJJ,IOXAXYHXMLCCJJ,2024.11,POSITIVE,[M+H]+,60.0,R8,R8a: compound key in MassSpecGym 1.5 by the recorded InChIKey route
MSBNK-Eawag-EQ00349005,MSBNK-Eawag-EQ00349005.txt,IOXAXYHXMLCCJJ,IOXAXYHXMLCCJJ,2024.11,POSITIVE,[M+H]+,75.0,R4,nce=75 not an adjudication cell (30 or 60)
MSBNK-Eawag-EQ00349006,MSBNK-Eawag-EQ00349006.txt,IOXAXYHXMLCCJJ,IOXAXYHXMLCCJJ,2024.11,POSITIVE,[M+H]+,90.0,R4,nce=90 not an adjudication cell (30 or 60)
MSBNK-Eawag-EQ00349007,MSBNK-Eawag-EQ00349007.txt,IOXAXYHXMLCCJJ,IOXAXYHXMLCCJJ,2024.11,POSITIVE,[M+H]+,120.0,R4,nce=120 not an adjudication cell (30 or 60)
MSBNK-Eawag-EQ00349008,MSBNK-Eawag-EQ00349008.txt,IOXAXYHXMLCCJJ,IOXAXYHXMLCCJJ,2024.11,POSITIVE,[M+H]+,150.0,R4,nce=150 not an adjudication cell (30 or 60)
MSBNK-Eawag-EQ00349009,MSBNK-Eawag-EQ00349009.txt,IOXAXYHXMLCCJJ,IOXAXYHXMLCCJJ,2024.11,POSITIVE,[M+H]+,180.0,R4,nce=180 not an adjudication cell (30 or 60)
MSBNK-Eawag-EQ00349051,MSBNK-Eawag-EQ00349051.txt,IOXAXYHXMLCCJJ,IOXAXYHXMLCCJJ,2024.11,NEGATIVE,[M-H]-,15.0,R1,ion_mode=NEGATIVE precursor_type=[M-H]-
MSBNK-Eawag-EQ00349052,MSBNK-Eawag-EQ00349052.txt,IOXAXYHXMLCCJJ,IOXAXYHXMLCCJJ,2024.11,NEGATIVE,[M-H]-,30.0,R1,ion_mode=NEGATIVE precursor_type=[M-H]-
MSBNK-Eawag-EQ00349053,MSBNK-Eawag-EQ00349053.txt,IOXAXYHXMLCCJJ,IOXAXYHXMLCCJJ,2024.11,NEGATIVE,[M-H]-,45.0,R1,ion_mode=NEGATIVE precursor_type=[M-H]-
MSBNK-Eawag-EQ00349054,MSBNK-Eawag-EQ00349054.txt,IOXAXYHXMLCCJJ,IOXAXYHXMLCCJJ,2024.11,NEGATIVE,[M-H]-,60.0,R1,ion_mode=NEGATIVE precursor_type=[M-H]-
MSBNK-Eawag-EQ00349055,MSBNK-Eawag-EQ00349055.txt,IOXAXYHXMLCCJJ,IOXAXYHXMLCCJJ,2024.11,NEGATIVE,[M-H]-,75.0,R1,ion_mode=NEGATIVE precursor_type=[M-H]-
MSBNK-Eawag-EQ00349056,MSBNK-Eawag-EQ00349056.txt,IOXAXYHXMLCCJJ,IOXAXYHXMLCCJJ,2024.11,NEGATIVE,[M-H]-,90.0,R1,ion_mode=NEGATIVE precursor_type=[M-H]-
MSBNK-Eawag-EQ00349201,MSBNK-Eawag-EQ00349201.txt,LTUNNEGNEKBSEH,LTUNNEGNEKBSEH,2024.11,POSITIVE,[M+H]+,15.0,R4,nce=15 not an adjudication cell (30 or 60)
MSBNK-Eawag-EQ00349202,MSBNK-Eawag-EQ00349202.txt,LTUNNEGNEKBSEH,LTUNNEGNEKBSEH,2024.11,POSITIVE,[M+H]+,30.0,R8,R8a: compound key in MassSpecGym 1.5 by the recorded InChIKey route
MSBNK-Eawag-EQ00349203,MSBNK-Eawag-EQ00349203.txt,LTUNNEGNEKBSEH,LTUNNEGNEKBSEH,2024.11,POSITIVE,[M+H]+,45.0,R4,nce=45 not an adjudication cell (30 or 60)
MSBNK-Eawag-EQ00349204,MSBNK-Eawag-EQ00349204.txt,LTUNNEGNEKBSEH,LTUNNEGNEKBSEH,2024.11,POSITIVE,[M+H]+,60.0,R8,R8a: compound key in MassSpecGym 1.5 by the recorded InChIKey route
MSBNK-Eawag-EQ00349205,MSBNK-Eawag-EQ00349205.txt,LTUNNEGNEKBSEH,LTUNNEGNEKBSEH,2024.11,POSITIVE,[M+H]+,75.0,R4,nce=75 not an adjudication cell (30 or 60)
MSBNK-Eawag-EQ00349206,MSBNK-Eawag-EQ00349206.txt,LTUNNEGNEKBSEH,LTUNNEGNEKBSEH,2024.11,POSITIVE,[M+H]+,90.0,R4,nce=90 not an adjudication cell (30 or 60)
MSBNK-Eawag-EQ00349207,MSBNK-Eawag-EQ00349207.txt,LTUNNEGNEKBSEH,LTUNNEGNEKBSEH,2024.11,POSITIVE,[M+H]+,120.0,R4,nce=120 not an adjudication cell (30 or 60)
MSBNK-Eawag-EQ00349208,MSBNK-Eawag-EQ00349208.txt,LTUNNEGNEKBSEH,LTUNNEGNEKBSEH,2024.11,POSITIVE,[M+H]+,150.0,R4,nce=150 not an adjudication cell (30 or 60)
MSBNK-Eawag-EQ00349209,MSBNK-Eawag-EQ00349209.txt,LTUNNEGNEKBSEH,LTUNNEGNEKBSEH,2024.11,POSITIVE,[M+H]+,180.0,R4,nce=180 not an adjudication cell (30 or 60)
MSBNK-Eawag-EQ00349251,MSBNK-Eawag-EQ00349251.txt,LTUNNEGNEKBSEH,LTUNNEGNEKBSEH,2024.11,NEGATIVE,[M-H]-,15.0,R1,ion_mode=NEGATIVE precursor_type=[M-H]-
MSBNK-Eawag-EQ00349252,MSBNK-Eawag-EQ00349252.txt,LTUNNEGNEKBSEH,LTUNNEGNEKBSEH,2024.11,NEGATIVE,[M-H]-,30.0,R1,ion_mode=NEGATIVE precursor_type=[M-H]-
MSBNK-Eawag-EQ00349253,MSBNK-Eawag-EQ00349253.txt,LTUNNEGNEKBSEH,LTUNNEGNEKBSEH,2024.11,NEGATIVE,[M-H]-,45.0,R1,ion_mode=NEGATIVE precursor_type=[M-H]-
MSBNK-Eawag-EQ00349254,MSBNK-Eawag-EQ00349254.txt,LTUNNEGNEKBSEH,LTUNNEGNEKBSEH,2024.11,NEGATIVE,[M-H]-,60.0,R1,ion_mode=NEGATIVE precursor_type=[M-H]-
MSBNK-Eawag-EQ00349255,MSBNK-Eawag-EQ00349255.txt,LTUNNEGNEKBSEH,LTUNNEGNEKBSEH,2024.11,NEGATIVE,[M-H]-,75.0,R1,ion_mode=NEGATIVE precursor_type=[M-H]-
MSBNK-Eawag-EQ00349256,MSBNK-Eawag-EQ00349256.txt,LTUNNEGNEKBSEH,LTUNNEGNEKBSEH,2024.11,NEGATIVE,[M-H]-,90.0,R1,ion_mode=NEGATIVE precursor_type=[M-H]-
MSBNK-Eawag-EQ00349257,MSBNK-Eawag-EQ00349257.txt,LTUNNEGNEKBSEH,LTUNNEGNEKBSEH,2024.11,NEGATIVE,[M-H]-,120.0,R1,ion_mode=NEGATIVE precursor_type=[M-H]-
MSBNK-Eawag-EQ00349258,MSBNK-Eawag-EQ00349258.txt,LTUNNEGNEKBSEH,LTUNNEGNEKBSEH,2024.11,NEGATIVE,[M-H]-,150.0,R1,ion_mode=NEGATIVE precursor_type=[M-H]-
MSBNK-Eawag-EQ00349259,MSBNK-Eawag-EQ00349259.txt,LTUNNEGNEKBSEH,LTUNNEGNEKBSEH,2024.11,NEGATIVE,[M-H]-,180.0,R1,ion_mode=NEGATIVE precursor_type=[M-H]-
MSBNK-Eawag-EQ00349801,MSBNK-Eawag-EQ00349801.txt,VLCQZHSMCYCDJL,VLCQZHSMCYCDJL,2024.11,POSITIVE,[M+H]+,15.0,R4,nce=15 not an adjudication cell (30 or 60)
MSBNK-Eawag-EQ00349802,MSBNK-Eawag-EQ00349802.txt,VLCQZHSMCYCDJL,VLCQZHSMCYCDJL,2024.11,POSITIVE,[M+H]+,30.0,R8,R8a: compound key in MassSpecGym 1.5 by the recorded InChIKey route
MSBNK-Eawag-EQ00349803,MSBNK-Eawag-EQ00349803.txt,VLCQZHSMCYCDJL,VLCQZHSMCYCDJL,2024.11,POSITIVE,[M+H]+,45.0,R4,nce=45 not an adjudication cell (30 or 60)
MSBNK-Eawag-EQ00349804,MSBNK-Eawag-EQ00349804.txt,VLCQZHSMCYCDJL,VLCQZHSMCYCDJL,2024.11,POSITIVE,[M+H]+,60.0,R8,R8a: compound key in MassSpecGym 1.5 by the recorded InChIKey route
MSBNK-Eawag-EQ00349805,MSBNK-Eawag-EQ00349805.txt,VLCQZHSMCYCDJL,VLCQZHSMCYCDJL,2024.11,POSITIVE,[M+H]+,75.0,R4,nce=75 not an adjudication cell (30 or 60)
MSBNK-Eawag-EQ00349806,MSBNK-Eawag-EQ00349806.txt,VLCQZHSMCYCDJL,VLCQZHSMCYCDJL,2024.11,POSITIVE,[M+H]+,90.0,R4,nce=90 not an adjudication cell (30 or 60)
MSBNK-Eawag-EQ00349851,MSBNK-Eawag-EQ00349851.txt,VLCQZHSMCYCDJL,VLCQZHSMCYCDJL,2024.11,NEGATIVE,[M-H]-,15.0,R1,ion_mode=NEGATIVE precursor_type=[M-H]-
MSBNK-Eawag-EQ00349852,MSBNK-Eawag-EQ00349852.txt,VLCQZHSMCYCDJL,VLCQZHSMCYCDJL,2024.11,NEGATIVE,[M-H]-,30.0,R1,ion_mode=NEGATIVE precursor_type=[M-H]-
MSBNK-Eawag-EQ00349853,MSBNK-Eawag-EQ00349853.txt,VLCQZHSMCYCDJL,VLCQZHSMCYCDJL,2024.11,NEGATIVE,[M-H]-,45.0,R1,ion_mode=NEGATIVE precursor_type=[M-H]-
MSBNK-Eawag-EQ00349854,MSBNK-Eawag-EQ00349854.txt,VLCQZHSMCYCDJL,VLCQZHSMCYCDJL,2024.11,NEGATIVE,[M-H]-,60.0,R1,ion_mode=NEGATIVE precursor_type=[M-H]-
MSBNK-Eawag-EQ00349855,MSBNK-Eawag-EQ00349855.txt,VLCQZHSMCYCDJL,VLCQZHSMCYCDJL,2024.11,NEGATIVE,[M-H]-,75.0,R1,ion_mode=NEGATIVE precursor_type=[M-H]-
MSBNK-Eawag-EQ00349856,MSBNK-Eawag-EQ00349856.txt,VLCQZHSMCYCDJL,VLCQZHSMCYCDJL,2024.11,NEGATIVE,[M-H]-,90.0,R1,ion_mode=NEGATIVE precursor_type=[M-H]-
MSBNK-Eawag-EQ00350201,MSBNK-Eawag-EQ00350201.txt,UELITFHSCLAHKR,UELITFHSCLAHKR,2024.11,POSITIVE,[M+H]+,15.0,R4,nce=15 not an adjudication cell (30 or 60)
MSBNK-Eawag-EQ00350202,MSBNK-Eawag-EQ00350202.txt,UELITFHSCLAHKR,UELITFHSCLAHKR,2024.11,POSITIVE,[M+H]+,30.0,R8,R8a: compound key in MassSpecGym 1.5 by the recorded InChIKey route
MSBNK-Eawag-EQ00350203,MSBNK-Eawag-EQ00350203.txt,UELITFHSCLAHKR,UELITFHSCLAHKR,2024.11,POSITIVE,[M+H]+,45.0,R4,nce=45 not an adjudication cell (30 or 60)
MSBNK-Eawag-EQ00350501,MSBNK-Eawag-EQ00350501.txt,PFJJMJDEVDLPNE,PFJJMJDEVDLPNE,2024.11,POSITIVE,[M+H]+,15.0,R4,nce=15 not an adjudication cell (30 or 60)
MSBNK-Eawag-EQ00350502,MSBNK-Eawag-EQ00350502.txt,PFJJMJDEVDLPNE,PFJJMJDEVDLPNE,2024.11,POSITIVE,[M+H]+,30.0,R8,R8d: compound in the MURU exposure registry
MSBNK-Eawag-EQ00350503,MSBNK-Eawag-EQ00350503.txt,PFJJMJDEVDLPNE,PFJJMJDEVDLPNE,2024.11,POSITIVE,[M+H]+,45.0,R4,nce=45 not an adjudication cell (30 or 60)
MSBNK-Eawag-EQ00350504,MSBNK-Eawag-EQ00350504.txt,PFJJMJDEVDLPNE,PFJJMJDEVDLPNE,2024.11,POSITIVE,[M+H]+,60.0,R8,R8d: compound in the MURU exposure registry
MSBNK-Eawag-EQ00350505,MSBNK-Eawag-EQ00350505.txt,PFJJMJDEVDLPNE,PFJJMJDEVDLPNE,2024.11,POSITIVE,[M+H]+,75.0,R4,nce=75 not an adjudication cell (30 or 60)
MSBNK-Eawag-EQ00350506,MSBNK-Eawag-EQ00350506.txt,PFJJMJDEVDLPNE,PFJJMJDEVDLPNE,2024.11,POSITIVE,[M+H]+,90.0,R4,nce=90 not an adjudication cell (30 or 60)
MSBNK-Eawag-EQ00350507,MSBNK-Eawag-EQ00350507.txt,PFJJMJDEVDLPNE,PFJJMJDEVDLPNE,2024.11,POSITIVE,[M+H]+,120.0,R4,nce=120 not an adjudication cell (30 or 60)
MSBNK-Eawag-EQ00350601,MSBNK-Eawag-EQ00350601.txt,VHLKTXFWDRXILV,VHLKTXFWDRXILV,2024.11,POSITIVE,[M+H]+,15.0,R4,nce=15 not an adjudication cell (30 or 60)
MSBNK-Eawag-EQ00350602,MSBNK-Eawag-EQ00350602.txt,VHLKTXFWDRXILV,VHLKTXFWDRXILV,2024.11,POSITIVE,[M+H]+,30.0,R8,R8a: compound key in MassSpecGym 1.5 by the recorded InChIKey route
MSBNK-Eawag-EQ00350603,MSBNK-Eawag-EQ00350603.txt,VHLKTXFWDRXILV,VHLKTXFWDRXILV,2024.11,POSITIVE,[M+H]+,45.0,R4,nce=45 not an adjudication cell (30 or 60)
MSBNK-Eawag-EQ00350604,MSBNK-Eawag-EQ00350604.txt,VHLKTXFWDRXILV,VHLKTXFWDRXILV,2024.11,POSITIVE,[M+H]+,60.0,R8,R8a: compound key in MassSpecGym 1.5 by the recorded InChIKey route
MSBNK-Eawag-EQ00350605,MSBNK-Eawag-EQ00350605.txt,VHLKTXFWDRXILV,VHLKTXFWDRXILV,2024.11,POSITIVE,[M+H]+,75.0,R4,nce=75 not an adjudication cell (30 or 60)
MSBNK-Eawag-EQ00350606,MSBNK-Eawag-EQ00350606.txt,VHLKTXFWDRXILV,VHLKTXFWDRXILV,2024.11,POSITIVE,[M+H]+,90.0,R4,nce=90 not an adjudication cell (30 or 60)
MSBNK-Eawag-EQ00350607,MSBNK-Eawag-EQ00350607.txt,VHLKTXFWDRXILV,VHLKTXFWDRXILV,2024.11,POSITIVE,[M+H]+,120.0,R4,nce=120 not an adjudication cell (30 or 60)
MSBNK-Eawag-EQ00351101,MSBNK-Eawag-EQ00351101.txt,SPNQRCTZKIBOAX,SPNQRCTZKIBOAX,2024.11,POSITIVE,[M+H]+,15.0,R4,nce=15 not an adjudication cell (30 or 60)
MSBNK-Eawag-EQ00351102,MSBNK-Eawag-EQ00351102.txt,SPNQRCTZKIBOAX,SPNQRCTZKIBOAX,2024.11,POSITIVE,[M+H]+,30.0,R8,R8a: compound key in MassSpecGym 1.5 by the recorded InChIKey route
MSBNK-Eawag-EQ00351103,MSBNK-Eawag-EQ00351103.txt,SPNQRCTZKIBOAX,SPNQRCTZKIBOAX,2024.11,POSITIVE,[M+H]+,45.0,R4,nce=45 not an adjudication cell (30 or 60)
MSBNK-Eawag-EQ00351104,MSBNK-Eawag-EQ00351104.txt,SPNQRCTZKIBOAX,SPNQRCTZKIBOAX,2024.11,POSITIVE,[M+H]+,60.0,R8,R8a: compound key in MassSpecGym 1.5 by the recorded InChIKey route
MSBNK-Eawag-EQ00351105,MSBNK-Eawag-EQ00351105.txt,SPNQRCTZKIBOAX,SPNQRCTZKIBOAX,2024.11,POSITIVE,[M+H]+,75.0,R4,nce=75 not an adjudication cell (30 or 60)
MSBNK-Eawag-EQ00351106,MSBNK-Eawag-EQ00351106.txt,SPNQRCTZKIBOAX,SPNQRCTZKIBOAX,2024.11,POSITIVE,[M+H]+,90.0,R4,nce=90 not an adjudication cell (30 or 60)
MSBNK-Eawag-EQ00351107,MSBNK-Eawag-EQ00351107.txt,SPNQRCTZKIBOAX,SPNQRCTZKIBOAX,2024.11,POSITIVE,[M+H]+,120.0,R4,nce=120 not an adjudication cell (30 or 60)
MSBNK-Eawag-EQ00351108,MSBNK-Eawag-EQ00351108.txt,SPNQRCTZKIBOAX,SPNQRCTZKIBOAX,2024.11,POSITIVE,[M+H]+,150.0,R4,nce=150 not an adjudication cell (30 or 60)
MSBNK-Eawag-EQ00351601,MSBNK-Eawag-EQ00351601.txt,HUBANNPOLNYSAD,HUBANNPOLNYSAD,2024.11,POSITIVE,[M+H]+,15.0,R4,nce=15 not an adjudication cell (30 or 60)
MSBNK-Eawag-EQ00351602,MSBNK-Eawag-EQ00351602.txt,HUBANNPOLNYSAD,HUBANNPOLNYSAD,2024.11,POSITIVE,[M+H]+,30.0,R8,R8a: compound key in MassSpecGym 1.5 by the recorded InChIKey route
MSBNK-Eawag-EQ00351603,MSBNK-Eawag-EQ00351603.txt,HUBANNPOLNYSAD,HUBANNPOLNYSAD,2024.11,POSITIVE,[M+H]+,45.0,R4,nce=45 not an adjudication cell (30 or 60)
MSBNK-Eawag-EQ00351604,MSBNK-Eawag-EQ00351604.txt,HUBANNPOLNYSAD,HUBANNPOLNYSAD,2024.11,POSITIVE,[M+H]+,60.0,R8,R8a: compound key in MassSpecGym 1.5 by the recorded InChIKey route
MSBNK-Eawag-EQ00351605,MSBNK-Eawag-EQ00351605.txt,HUBANNPOLNYSAD,HUBANNPOLNYSAD,2024.11,POSITIVE,[M+H]+,75.0,R4,nce=75 not an adjudication cell (30 or 60)
MSBNK-Eawag-EQ00351606,MSBNK-Eawag-EQ00351606.txt,HUBANNPOLNYSAD,HUBANNPOLNYSAD,2024.11,POSITIVE,[M+H]+,90.0,R4,nce=90 not an adjudication cell (30 or 60)
MSBNK-Eawag-EQ00351607,MSBNK-Eawag-EQ00351607.txt,HUBANNPOLNYSAD,HUBANNPOLNYSAD,2024.11,POSITIVE,[M+H]+,120.0,R4,nce=120 not an adjudication cell (30 or 60)
MSBNK-Eawag-EQ00351608,MSBNK-Eawag-EQ00351608.txt,HUBANNPOLNYSAD,HUBANNPOLNYSAD,2024.11,POSITIVE,[M+H]+,150.0,R4,nce=150 not an adjudication cell (30 or 60)
MSBNK-Eawag-EQ00351701,MSBNK-Eawag-EQ00351701.txt,LNJNFVJKDJYTEU,LNJNFVJKDJYTEU,2024.11,POSITIVE,[M+H]+,15.0,R4,nce=15 not an adjudication cell (30 or 60)
MSBNK-Eawag-EQ00351702,MSBNK-Eawag-EQ00351702.txt,LNJNFVJKDJYTEU,LNJNFVJKDJYTEU,2024.11,POSITIVE,[M+H]+,30.0,R8,R8a: compound key in MassSpecGym 1.5 by the recorded InChIKey route
MSBNK-Eawag-EQ00351703,MSBNK-Eawag-EQ00351703.txt,LNJNFVJKDJYTEU,LNJNFVJKDJYTEU,2024.11,POSITIVE,[M+H]+,45.0,R4,nce=45 not an adjudication cell (30 or 60)
MSBNK-Eawag-EQ00351704,MSBNK-Eawag-EQ00351704.txt,LNJNFVJKDJYTEU,LNJNFVJKDJYTEU,2024.11,POSITIVE,[M+H]+,60.0,R8,R8a: compound key in MassSpecGym 1.5 by the recorded InChIKey route
MSBNK-Eawag-EQ00351705,MSBNK-Eawag-EQ00351705.txt,LNJNFVJKDJYTEU,LNJNFVJKDJYTEU,2024.11,POSITIVE,[M+H]+,75.0,R4,nce=75 not an adjudication cell (30 or 60)
MSBNK-Eawag-EQ00351706,MSBNK-Eawag-EQ00351706.txt,LNJNFVJKDJYTEU,LNJNFVJKDJYTEU,2024.11,POSITIVE,[M+H]+,90.0,R4,nce=90 not an adjudication cell (30 or 60)
MSBNK-Eawag-EQ00351707,MSBNK-Eawag-EQ00351707.txt,LNJNFVJKDJYTEU,LNJNFVJKDJYTEU,2024.11,POSITIVE,[M+H]+,120.0,R4,nce=120 not an adjudication cell (30 or 60)
MSBNK-Eawag-EQ00351801,MSBNK-Eawag-EQ00351801.txt,QQQYTWIFVNKMRW,QQQYTWIFVNKMRW,2024.11,POSITIVE,[M+H]+,15.0,R4,nce=15 not an adjudication cell (30 or 60)
MSBNK-Eawag-EQ00351802,MSBNK-Eawag-EQ00351802.txt,QQQYTWIFVNKMRW,QQQYTWIFVNKMRW,2024.11,POSITIVE,[M+H]+,30.0,R8,R8a: compound key in MassSpecGym 1.5 by the recorded InChIKey route
MSBNK-Eawag-EQ00351803,MSBNK-Eawag-EQ00351803.txt,QQQYTWIFVNKMRW,QQQYTWIFVNKMRW,2024.11,POSITIVE,[M+H]+,45.0,R4,nce=45 not an adjudication cell (30 or 60)
MSBNK-Eawag-EQ00351804,MSBNK-Eawag-EQ00351804.txt,QQQYTWIFVNKMRW,QQQYTWIFVNKMRW,2024.11,POSITIVE,[M+H]+,60.0,R8,R8a: compound key in MassSpecGym 1.5 by the recorded InChIKey route
MSBNK-Eawag-EQ00351805,MSBNK-Eawag-EQ00351805.txt,QQQYTWIFVNKMRW,QQQYTWIFVNKMRW,2024.11,POSITIVE,[M+H]+,75.0,R4,nce=75 not an adjudication cell (30 or 60)
MSBNK-Eawag-EQ00351806,MSBNK-Eawag-EQ00351806.txt,QQQYTWIFVNKMRW,QQQYTWIFVNKMRW,2024.11,POSITIVE,[M+H]+,90.0,R4,nce=90 not an adjudication cell (30 or 60)
MSBNK-Eawag-EQ00351807,MSBNK-Eawag-EQ00351807.txt,QQQYTWIFVNKMRW,QQQYTWIFVNKMRW,2024.11,POSITIVE,[M+H]+,120.0,R4,nce=120 not an adjudication cell (30 or 60)
MSBNK-Eawag-EQ00351808,MSBNK-Eawag-EQ00351808.txt,QQQYTWIFVNKMRW,QQQYTWIFVNKMRW,2024.11,POSITIVE,[M+H]+,150.0,R4,nce=150 not an adjudication cell (30 or 60)
MSBNK-Eawag-EQ00351809,MSBNK-Eawag-EQ00351809.txt,QQQYTWIFVNKMRW,QQQYTWIFVNKMRW,2024.11,POSITIVE,[M+H]+,180.0,R4,nce=180 not an adjudication cell (30 or 60)
MSBNK-Eawag-EQ00351851,MSBNK-Eawag-EQ00351851.txt,QQQYTWIFVNKMRW,QQQYTWIFVNKMRW,2024.11,NEGATIVE,[M-H]-,15.0,R1,ion_mode=NEGATIVE precursor_type=[M-H]-
MSBNK-Eawag-EQ00351852,MSBNK-Eawag-EQ00351852.txt,QQQYTWIFVNKMRW,QQQYTWIFVNKMRW,2024.11,NEGATIVE,[M-H]-,30.0,R1,ion_mode=NEGATIVE precursor_type=[M-H]-
MSBNK-Eawag-EQ00351853,MSBNK-Eawag-EQ00351853.txt,QQQYTWIFVNKMRW,QQQYTWIFVNKMRW,2024.11,NEGATIVE,[M-H]-,45.0,R1,ion_mode=NEGATIVE precursor_type=[M-H]-
MSBNK-Eawag-EQ00351854,MSBNK-Eawag-EQ00351854.txt,QQQYTWIFVNKMRW,QQQYTWIFVNKMRW,2024.11,NEGATIVE,[M-H]-,60.0,R1,ion_mode=NEGATIVE precursor_type=[M-H]-
MSBNK-Eawag-EQ00351855,MSBNK-Eawag-EQ00351855.txt,QQQYTWIFVNKMRW,QQQYTWIFVNKMRW,2024.11,NEGATIVE,[M-H]-,75.0,R1,ion_mode=NEGATIVE precursor_type=[M-H]-
MSBNK-Eawag-EQ00351856,MSBNK-Eawag-EQ00351856.txt,QQQYTWIFVNKMRW,QQQYTWIFVNKMRW,2024.11,NEGATIVE,[M-H]-,90.0,R1,ion_mode=NEGATIVE precursor_type=[M-H]-
MSBNK-Eawag-EQ00351857,MSBNK-Eawag-EQ00351857.txt,QQQYTWIFVNKMRW,QQQYTWIFVNKMRW,2024.11,NEGATIVE,[M-H]-,120.0,R1,ion_mode=NEGATIVE precursor_type=[M-H]-
MSBNK-Eawag-EQ00351858,MSBNK-Eawag-EQ00351858.txt,QQQYTWIFVNKMRW,QQQYTWIFVNKMRW,2024.11,NEGATIVE,[M-H]-,150.0,R1,ion_mode=NEGATIVE precursor_type=[M-H]-
MSBNK-Eawag-EQ00351859,MSBNK-Eawag-EQ00351859.txt,QQQYTWIFVNKMRW,QQQYTWIFVNKMRW,2024.11,NEGATIVE,[M-H]-,180.0,R1,ion_mode=NEGATIVE precursor_type=[M-H]-
MSBNK-Eawag-EQ00352001,MSBNK-Eawag-EQ00352001.txt,RQDJADAKIFFEKQ,RQDJADAKIFFEKQ,2024.11,POSITIVE,[M+H]+,15.0,R4,nce=15 not an adjudication cell (30 or 60)
MSBNK-Eawag-EQ00352002,MSBNK-Eawag-EQ00352002.txt,RQDJADAKIFFEKQ,RQDJADAKIFFEKQ,2024.11,POSITIVE,[M+H]+,30.0,R8,R8a: compound key in MassSpecGym 1.5 by the recorded InChIKey route
MSBNK-Eawag-EQ00352003,MSBNK-Eawag-EQ00352003.txt,RQDJADAKIFFEKQ,RQDJADAKIFFEKQ,2024.11,POSITIVE,[M+H]+,45.0,R4,nce=45 not an adjudication cell (30 or 60)
MSBNK-Eawag-EQ00352004,MSBNK-Eawag-EQ00352004.txt,RQDJADAKIFFEKQ,RQDJADAKIFFEKQ,2024.11,POSITIVE,[M+H]+,60.0,R8,R8a: compound key in MassSpecGym 1.5 by the recorded InChIKey route
MSBNK-Eawag-EQ00352005,MSBNK-Eawag-EQ00352005.txt,RQDJADAKIFFEKQ,RQDJADAKIFFEKQ,2024.11,POSITIVE,[M+H]+,75.0,R4,nce=75 not an adjudication cell (30 or 60)
MSBNK-Eawag-EQ00352006,MSBNK-Eawag-EQ00352006.txt,RQDJADAKIFFEKQ,RQDJADAKIFFEKQ,2024.11,POSITIVE,[M+H]+,90.0,R4,nce=90 not an adjudication cell (30 or 60)
MSBNK-Eawag-EQ00352007,MSBNK-Eawag-EQ00352007.txt,RQDJADAKIFFEKQ,RQDJADAKIFFEKQ,2024.11,POSITIVE,[M+H]+,120.0,R4,nce=120 not an adjudication cell (30 or 60)
MSBNK-Eawag-EQ00352008,MSBNK-Eawag-EQ00352008.txt,RQDJADAKIFFEKQ,RQDJADAKIFFEKQ,2024.11,POSITIVE,[M+H]+,150.0,R4,nce=150 not an adjudication cell (30 or 60)
MSBNK-Eawag-EQ00352009,MSBNK-Eawag-EQ00352009.txt,RQDJADAKIFFEKQ,RQDJADAKIFFEKQ,2024.11,POSITIVE,[M+H]+,180.0,R4,nce=180 not an adjudication cell (30 or 60)
MSBNK-Eawag-EQ00352401,MSBNK-Eawag-EQ00352401.txt,PTCGDEVVHUXTMP,PTCGDEVVHUXTMP,2024.11,POSITIVE,[M+H]+,15.0,R4,nce=15 not an adjudication cell (30 or 60)
MSBNK-Eawag-EQ00352402,MSBNK-Eawag-EQ00352402.txt,PTCGDEVVHUXTMP,PTCGDEVVHUXTMP,2024.11,POSITIVE,[M+H]+,30.0,R8,R8a: compound key in MassSpecGym 1.5 by the recorded InChIKey route
MSBNK-Eawag-EQ00352403,MSBNK-Eawag-EQ00352403.txt,PTCGDEVVHUXTMP,PTCGDEVVHUXTMP,2024.11,POSITIVE,[M+H]+,45.0,R4,nce=45 not an adjudication cell (30 or 60)
MSBNK-Eawag-EQ00352404,MSBNK-Eawag-EQ00352404.txt,PTCGDEVVHUXTMP,PTCGDEVVHUXTMP,2024.11,POSITIVE,[M+H]+,60.0,R8,R8a: compound key in MassSpecGym 1.5 by the recorded InChIKey route
MSBNK-Eawag-EQ00352405,MSBNK-Eawag-EQ00352405.txt,PTCGDEVVHUXTMP,PTCGDEVVHUXTMP,2024.11,POSITIVE,[M+H]+,75.0,R4,nce=75 not an adjudication cell (30 or 60)
MSBNK-Eawag-EQ00352406,MSBNK-Eawag-EQ00352406.txt,PTCGDEVVHUXTMP,PTCGDEVVHUXTMP,2024.11,POSITIVE,[M+H]+,90.0,R4,nce=90 not an adjudication cell (30 or 60)
MSBNK-Eawag-EQ00352407,MSBNK-Eawag-EQ00352407.txt,PTCGDEVVHUXTMP,PTCGDEVVHUXTMP,2024.11,POSITIVE,[M+H]+,120.0,R4,nce=120 not an adjudication cell (30 or 60)
MSBNK-Eawag-EQ00352451,MSBNK-Eawag-EQ00352451.txt,PTCGDEVVHUXTMP,PTCGDEVVHUXTMP,2024.11,NEGATIVE,[M-H]-,15.0,R1,ion_mode=NEGATIVE precursor_type=[M-H]-
MSBNK-Eawag-EQ00352452,MSBNK-Eawag-EQ00352452.txt,PTCGDEVVHUXTMP,PTCGDEVVHUXTMP,2024.11,NEGATIVE,[M-H]-,30.0,R1,ion_mode=NEGATIVE precursor_type=[M-H]-
MSBNK-Eawag-EQ00352453,MSBNK-Eawag-EQ00352453.txt,PTCGDEVVHUXTMP,PTCGDEVVHUXTMP,2024.11,NEGATIVE,[M-H]-,45.0,R1,ion_mode=NEGATIVE precursor_type=[M-H]-
MSBNK-Eawag-EQ00352454,MSBNK-Eawag-EQ00352454.txt,PTCGDEVVHUXTMP,PTCGDEVVHUXTMP,2024.11,NEGATIVE,[M-H]-,60.0,R1,ion_mode=NEGATIVE precursor_type=[M-H]-
MSBNK-Eawag-EQ00352455,MSBNK-Eawag-EQ00352455.txt,PTCGDEVVHUXTMP,PTCGDEVVHUXTMP,2024.11,NEGATIVE,[M-H]-,75.0,R1,ion_mode=NEGATIVE precursor_type=[M-H]-
MSBNK-Eawag-EQ00352456,MSBNK-Eawag-EQ00352456.txt,PTCGDEVVHUXTMP,PTCGDEVVHUXTMP,2024.11,NEGATIVE,[M-H]-,90.0,R1,ion_mode=NEGATIVE precursor_type=[M-H]-
MSBNK-Eawag-EQ00352457,MSBNK-Eawag-EQ00352457.txt,PTCGDEVVHUXTMP,PTCGDEVVHUXTMP,2024.11,NEGATIVE,[M-H]-,120.0,R1,ion_mode=NEGATIVE precursor_type=[M-H]-
MSBNK-Eawag-EQ00352458,MSBNK-Eawag-EQ00352458.txt,PTCGDEVVHUXTMP,PTCGDEVVHUXTMP,2024.11,NEGATIVE,[M-H]-,150.0,R1,ion_mode=NEGATIVE precursor_type=[M-H]-
MSBNK-Eawag-EQ00352459,MSBNK-Eawag-EQ00352459.txt,PTCGDEVVHUXTMP,PTCGDEVVHUXTMP,2024.11,NEGATIVE,[M-H]-,180.0,R1,ion_mode=NEGATIVE precursor_type=[M-H]-
MSBNK-Eawag-EQ00352501,MSBNK-Eawag-EQ00352501.txt,UYJUZNLFJAWNEZ,UYJUZNLFJAWNEZ,2024.11,POSITIVE,[M+H]+,15.0,R4,nce=15 not an adjudication cell (30 or 60)
MSBNK-Eawag-EQ00352502,MSBNK-Eawag-EQ00352502.txt,UYJUZNLFJAWNEZ,UYJUZNLFJAWNEZ,2024.11,POSITIVE,[M+H]+,30.0,R8,R8a: compound key in MassSpecGym 1.5 by the recorded InChIKey route
MSBNK-Eawag-EQ00352503,MSBNK-Eawag-EQ00352503.txt,UYJUZNLFJAWNEZ,UYJUZNLFJAWNEZ,2024.11,POSITIVE,[M+H]+,45.0,R4,nce=45 not an adjudication cell (30 or 60)
MSBNK-Eawag-EQ00352504,MSBNK-Eawag-EQ00352504.txt,UYJUZNLFJAWNEZ,UYJUZNLFJAWNEZ,2024.11,POSITIVE,[M+H]+,60.0,R8,R8a: compound key in MassSpecGym 1.5 by the recorded InChIKey route
MSBNK-Eawag-EQ00352505,MSBNK-Eawag-EQ00352505.txt,UYJUZNLFJAWNEZ,UYJUZNLFJAWNEZ,2024.11,POSITIVE,[M+H]+,75.0,R4,nce=75 not an adjudication cell (30 or 60)
MSBNK-Eawag-EQ00352551,MSBNK-Eawag-EQ00352551.txt,UYJUZNLFJAWNEZ,UYJUZNLFJAWNEZ,2024.11,NEGATIVE,[M-H]-,15.0,R1,ion_mode=NEGATIVE precursor_type=[M-H]-
MSBNK-Eawag-EQ00352552,MSBNK-Eawag-EQ00352552.txt,UYJUZNLFJAWNEZ,UYJUZNLFJAWNEZ,2024.11,NEGATIVE,[M-H]-,30.0,R1,ion_mode=NEGATIVE precursor_type=[M-H]-
MSBNK-Eawag-EQ00352553,MSBNK-Eawag-EQ00352553.txt,UYJUZNLFJAWNEZ,UYJUZNLFJAWNEZ,2024.11,NEGATIVE,[M-H]-,45.0,R1,ion_mode=NEGATIVE precursor_type=[M-H]-
MSBNK-Eawag-EQ00352554,MSBNK-Eawag-EQ00352554.txt,UYJUZNLFJAWNEZ,UYJUZNLFJAWNEZ,2024.11,NEGATIVE,[M-H]-,60.0,R1,ion_mode=NEGATIVE precursor_type=[M-H]-
MSBNK-Eawag-EQ00352555,MSBNK-Eawag-EQ00352555.txt,UYJUZNLFJAWNEZ,UYJUZNLFJAWNEZ,2024.11,NEGATIVE,[M-H]-,75.0,R1,ion_mode=NEGATIVE precursor_type=[M-H]-
MSBNK-Eawag-EQ00352601,MSBNK-Eawag-EQ00352601.txt,RGNPBRKPHBKNKX,RGNPBRKPHBKNKX,2024.11,POSITIVE,[M+H]+,15.0,R4,nce=15 not an adjudication cell (30 or 60)
MSBNK-Eawag-EQ00352602,MSBNK-Eawag-EQ00352602.txt,RGNPBRKPHBKNKX,RGNPBRKPHBKNKX,2024.11,POSITIVE,[M+H]+,30.0,R8,R8a: compound key in MassSpecGym 1.5 by the recorded InChIKey route
MSBNK-Eawag-EQ00352603,MSBNK-Eawag-EQ00352603.txt,RGNPBRKPHBKNKX,RGNPBRKPHBKNKX,2024.11,POSITIVE,[M+H]+,45.0,R4,nce=45 not an adjudication cell (30 or 60)
MSBNK-Eawag-EQ00352604,MSBNK-Eawag-EQ00352604.txt,RGNPBRKPHBKNKX,RGNPBRKPHBKNKX,2024.11,POSITIVE,[M+H]+,60.0,R8,R8a: compound key in MassSpecGym 1.5 by the recorded InChIKey route
MSBNK-Eawag-EQ00352605,MSBNK-Eawag-EQ00352605.txt,RGNPBRKPHBKNKX,RGNPBRKPHBKNKX,2024.11,POSITIVE,[M+H]+,75.0,R4,nce=75 not an adjudication cell (30 or 60)
MSBNK-Eawag-EQ00352606,MSBNK-Eawag-EQ00352606.txt,RGNPBRKPHBKNKX,RGNPBRKPHBKNKX,2024.11,POSITIVE,[M+H]+,90.0,R4,nce=90 not an adjudication cell (30 or 60)
MSBNK-Eawag-EQ00352607,MSBNK-Eawag-EQ00352607.txt,RGNPBRKPHBKNKX,RGNPBRKPHBKNKX,2024.11,POSITIVE,[M+H]+,120.0,R4,nce=120 not an adjudication cell (30 or 60)
MSBNK-Eawag-EQ00352608,MSBNK-Eawag-EQ00352608.txt,RGNPBRKPHBKNKX,RGNPBRKPHBKNKX,2024.11,POSITIVE,[M+H]+,150.0,R4,nce=150 not an adjudication cell (30 or 60)
MSBNK-Eawag-EQ00352609,MSBNK-Eawag-EQ00352609.txt,RGNPBRKPHBKNKX,RGNPBRKPHBKNKX,2024.11,POSITIVE,[M+H]+,180.0,R4,nce=180 not an adjudication cell (30 or 60)
MSBNK-Eawag-EQ00352651,MSBNK-Eawag-EQ00352651.txt,RGNPBRKPHBKNKX,RGNPBRKPHBKNKX,2024.11,NEGATIVE,[M-H]-,15.0,R1,ion_mode=NEGATIVE precursor_type=[M-H]-
MSBNK-Eawag-EQ00352652,MSBNK-Eawag-EQ00352652.txt,RGNPBRKPHBKNKX,RGNPBRKPHBKNKX,2024.11,NEGATIVE,[M-H]-,30.0,R1,ion_mode=NEGATIVE precursor_type=[M-H]-
MSBNK-Eawag-EQ00352653,MSBNK-Eawag-EQ00352653.txt,RGNPBRKPHBKNKX,RGNPBRKPHBKNKX,2024.11,NEGATIVE,[M-H]-,45.0,R1,ion_mode=NEGATIVE precursor_type=[M-H]-
MSBNK-Eawag-EQ00352654,MSBNK-Eawag-EQ00352654.txt,RGNPBRKPHBKNKX,RGNPBRKPHBKNKX,2024.11,NEGATIVE,[M-H]-,60.0,R1,ion_mode=NEGATIVE precursor_type=[M-H]-
MSBNK-Eawag-EQ00352655,MSBNK-Eawag-EQ00352655.txt,RGNPBRKPHBKNKX,RGNPBRKPHBKNKX,2024.11,NEGATIVE,[M-H]-,75.0,R1,ion_mode=NEGATIVE precursor_type=[M-H]-
MSBNK-Eawag-EQ00352701,MSBNK-Eawag-EQ00352701.txt,XGWIJUOSCAQSSV,XGWIJUOSCAQSSV,2024.11,POSITIVE,[M+H]+,15.0,R4,nce=15 not an adjudication cell (30 or 60)
MSBNK-Eawag-EQ00352702,MSBNK-Eawag-EQ00352702.txt,XGWIJUOSCAQSSV,XGWIJUOSCAQSSV,2024.11,POSITIVE,[M+H]+,30.0,R8,R8a: compound key in MassSpecGym 1.5 by the recorded InChIKey route
MSBNK-Eawag-EQ00352703,MSBNK-Eawag-EQ00352703.txt,XGWIJUOSCAQSSV,XGWIJUOSCAQSSV,2024.11,POSITIVE,[M+H]+,45.0,R4,nce=45 not an adjudication cell (30 or 60)
MSBNK-Eawag-EQ00352704,MSBNK-Eawag-EQ00352704.txt,XGWIJUOSCAQSSV,XGWIJUOSCAQSSV,2024.11,POSITIVE,[M+H]+,60.0,R8,R8a: compound key in MassSpecGym 1.5 by the recorded InChIKey route
MSBNK-Eawag-EQ00352705,MSBNK-Eawag-EQ00352705.txt,XGWIJUOSCAQSSV,XGWIJUOSCAQSSV,2024.11,POSITIVE,[M+H]+,75.0,R4,nce=75 not an adjudication cell (30 or 60)
MSBNK-Eawag-EQ00352706,MSBNK-Eawag-EQ00352706.txt,XGWIJUOSCAQSSV,XGWIJUOSCAQSSV,2024.11,POSITIVE,[M+H]+,90.0,R4,nce=90 not an adjudication cell (30 or 60)
MSBNK-Eawag-EQ00352707,MSBNK-Eawag-EQ00352707.txt,XGWIJUOSCAQSSV,XGWIJUOSCAQSSV,2024.11,POSITIVE,[M+H]+,120.0,R4,nce=120 not an adjudication cell (30 or 60)
MSBNK-Eawag-EQ00352708,MSBNK-Eawag-EQ00352708.txt,XGWIJUOSCAQSSV,XGWIJUOSCAQSSV,2024.11,POSITIVE,[M+H]+,150.0,R4,nce=150 not an adjudication cell (30 or 60)
MSBNK-Eawag-EQ00352709,MSBNK-Eawag-EQ00352709.txt,XGWIJUOSCAQSSV,XGWIJUOSCAQSSV,2024.11,POSITIVE,[M+H]+,180.0,R4,nce=180 not an adjudication cell (30 or 60)
MSBNK-Eawag-EQ00352901,MSBNK-Eawag-EQ00352901.txt,VBCVPMMZEGZULK,VBCVPMMZEGZULK,2024.11,POSITIVE,[M+H]+,15.0,R4,nce=15 not an adjudication cell (30 or 60)
MSBNK-Eawag-EQ00352902,MSBNK-Eawag-EQ00352902.txt,VBCVPMMZEGZULK,VBCVPMMZEGZULK,2024.11,POSITIVE,[M+H]+,30.0,R8,R8a: compound key in MassSpecGym 1.5 by the recorded InChIKey route
MSBNK-Eawag-EQ00352903,MSBNK-Eawag-EQ00352903.txt,VBCVPMMZEGZULK,VBCVPMMZEGZULK,2024.11,POSITIVE,[M+H]+,45.0,R4,nce=45 not an adjudication cell (30 or 60)
MSBNK-Eawag-EQ00352904,MSBNK-Eawag-EQ00352904.txt,VBCVPMMZEGZULK,VBCVPMMZEGZULK,2024.11,POSITIVE,[M+H]+,60.0,R8,R8a: compound key in MassSpecGym 1.5 by the recorded InChIKey route
MSBNK-Eawag-EQ00352905,MSBNK-Eawag-EQ00352905.txt,VBCVPMMZEGZULK,VBCVPMMZEGZULK,2024.11,POSITIVE,[M+H]+,75.0,R4,nce=75 not an adjudication cell (30 or 60)
MSBNK-Eawag-EQ00352906,MSBNK-Eawag-EQ00352906.txt,VBCVPMMZEGZULK,VBCVPMMZEGZULK,2024.11,POSITIVE,[M+H]+,90.0,R4,nce=90 not an adjudication cell (30 or 60)
MSBNK-Eawag-EQ00352907,MSBNK-Eawag-EQ00352907.txt,VBCVPMMZEGZULK,VBCVPMMZEGZULK,2024.11,POSITIVE,[M+H]+,120.0,R4,nce=120 not an adjudication cell (30 or 60)
MSBNK-Eawag-EQ00352908,MSBNK-Eawag-EQ00352908.txt,VBCVPMMZEGZULK,VBCVPMMZEGZULK,2024.11,POSITIVE,[M+H]+,150.0,R4,nce=150 not an adjudication cell (30 or 60)
MSBNK-Eawag-EQ00352909,MSBNK-Eawag-EQ00352909.txt,VBCVPMMZEGZULK,VBCVPMMZEGZULK,2024.11,POSITIVE,[M+H]+,180.0,R4,nce=180 not an adjudication cell (30 or 60)
MSBNK-Eawag-EQ00353201,MSBNK-Eawag-EQ00353201.txt,NQQVFXUMIDALNH,NQQVFXUMIDALNH,2024.11,POSITIVE,[M+H]+,15.0,R4,nce=15 not an adjudication cell (30 or 60)
MSBNK-Eawag-EQ00353202,MSBNK-Eawag-EQ00353202.txt,NQQVFXUMIDALNH,NQQVFXUMIDALNH,2024.11,POSITIVE,[M+H]+,30.0,R8,R8d: compound in the MURU exposure registry
MSBNK-Eawag-EQ00353203,MSBNK-Eawag-EQ00353203.txt,NQQVFXUMIDALNH,NQQVFXUMIDALNH,2024.11,POSITIVE,[M+H]+,45.0,R4,nce=45 not an adjudication cell (30 or 60)
MSBNK-Eawag-EQ00353204,MSBNK-Eawag-EQ00353204.txt,NQQVFXUMIDALNH,NQQVFXUMIDALNH,2024.11,POSITIVE,[M+H]+,60.0,R8,R8d: compound in the MURU exposure registry
MSBNK-Eawag-EQ00353205,MSBNK-Eawag-EQ00353205.txt,NQQVFXUMIDALNH,NQQVFXUMIDALNH,2024.11,POSITIVE,[M+H]+,75.0,R4,nce=75 not an adjudication cell (30 or 60)
MSBNK-Eawag-EQ00353206,MSBNK-Eawag-EQ00353206.txt,NQQVFXUMIDALNH,NQQVFXUMIDALNH,2024.11,POSITIVE,[M+H]+,90.0,R4,nce=90 not an adjudication cell (30 or 60)
MSBNK-Eawag-EQ00353207,MSBNK-Eawag-EQ00353207.txt,NQQVFXUMIDALNH,NQQVFXUMIDALNH,2024.11,POSITIVE,[M+H]+,120.0,R4,nce=120 not an adjudication cell (30 or 60)
MSBNK-Eawag-EQ00353208,MSBNK-Eawag-EQ00353208.txt,NQQVFXUMIDALNH,NQQVFXUMIDALNH,2024.11,POSITIVE,[M+H]+,150.0,R4,nce=150 not an adjudication cell (30 or 60)
MSBNK-Eawag-EQ00353209,MSBNK-Eawag-EQ00353209.txt,NQQVFXUMIDALNH,NQQVFXUMIDALNH,2024.11,POSITIVE,[M+H]+,180.0,R4,nce=180 not an adjudication cell (30 or 60)
MSBNK-Eawag-EQ00353251,MSBNK-Eawag-EQ00353251.txt,NQQVFXUMIDALNH,NQQVFXUMIDALNH,2024.11,NEGATIVE,[M-H]-,15.0,R1,ion_mode=NEGATIVE precursor_type=[M-H]-
MSBNK-Eawag-EQ00353252,MSBNK-Eawag-EQ00353252.txt,NQQVFXUMIDALNH,NQQVFXUMIDALNH,2024.11,NEGATIVE,[M-H]-,30.0,R1,ion_mode=NEGATIVE precursor_type=[M-H]-
MSBNK-Eawag-EQ00353253,MSBNK-Eawag-EQ00353253.txt,NQQVFXUMIDALNH,NQQVFXUMIDALNH,2024.11,NEGATIVE,[M-H]-,45.0,R1,ion_mode=NEGATIVE precursor_type=[M-H]-
MSBNK-Eawag-EQ00353254,MSBNK-Eawag-EQ00353254.txt,NQQVFXUMIDALNH,NQQVFXUMIDALNH,2024.11,NEGATIVE,[M-H]-,60.0,R1,ion_mode=NEGATIVE precursor_type=[M-H]-
MSBNK-Eawag-EQ00353255,MSBNK-Eawag-EQ00353255.txt,NQQVFXUMIDALNH,NQQVFXUMIDALNH,2024.11,NEGATIVE,[M-H]-,75.0,R1,ion_mode=NEGATIVE precursor_type=[M-H]-
MSBNK-Eawag-EQ00353256,MSBNK-Eawag-EQ00353256.txt,NQQVFXUMIDALNH,NQQVFXUMIDALNH,2024.11,NEGATIVE,[M-H]-,90.0,R1,ion_mode=NEGATIVE precursor_type=[M-H]-
MSBNK-Eawag-EQ00353501,MSBNK-Eawag-EQ00353501.txt,WRPIRSINYZBGPK,WRPIRSINYZBGPK,2024.11,POSITIVE,[M+H]+,15.0,R4,nce=15 not an adjudication cell (30 or 60)
MSBNK-Eawag-EQ00353502,MSBNK-Eawag-EQ00353502.txt,WRPIRSINYZBGPK,WRPIRSINYZBGPK,2024.11,POSITIVE,[M+H]+,30.0,R8,R8a: compound key in MassSpecGym 1.5 by the recorded InChIKey route
MSBNK-Eawag-EQ00353503,MSBNK-Eawag-EQ00353503.txt,WRPIRSINYZBGPK,WRPIRSINYZBGPK,2024.11,POSITIVE,[M+H]+,45.0,R4,nce=45 not an adjudication cell (30 or 60)
MSBNK-Eawag-EQ00353504,MSBNK-Eawag-EQ00353504.txt,WRPIRSINYZBGPK,WRPIRSINYZBGPK,2024.11,POSITIVE,[M+H]+,60.0,R8,R8a: compound key in MassSpecGym 1.5 by the recorded InChIKey route
MSBNK-Eawag-EQ00353505,MSBNK-Eawag-EQ00353505.txt,WRPIRSINYZBGPK,WRPIRSINYZBGPK,2024.11,POSITIVE,[M+H]+,75.0,R4,nce=75 not an adjudication cell (30 or 60)
MSBNK-Eawag-EQ00353506,MSBNK-Eawag-EQ00353506.txt,WRPIRSINYZBGPK,WRPIRSINYZBGPK,2024.11,POSITIVE,[M+H]+,90.0,R4,nce=90 not an adjudication cell (30 or 60)
MSBNK-Eawag-EQ00353507,MSBNK-Eawag-EQ00353507.txt,WRPIRSINYZBGPK,WRPIRSINYZBGPK,2024.11,POSITIVE,[M+H]+,120.0,R4,nce=120 not an adjudication cell (30 or 60)
MSBNK-Eawag-EQ00353701,MSBNK-Eawag-EQ00353701.txt,ZZYSLNWGKKDOML,ZZYSLNWGKKDOML,2024.11,POSITIVE,[M+H]+,15.0,R4,nce=15 not an adjudication cell (30 or 60)
MSBNK-Eawag-EQ00353702,MSBNK-Eawag-EQ00353702.txt,ZZYSLNWGKKDOML,ZZYSLNWGKKDOML,2024.11,POSITIVE,[M+H]+,30.0,R8,R8a: compound key in MassSpecGym 1.5 by the recorded InChIKey route
MSBNK-Eawag-EQ00353703,MSBNK-Eawag-EQ00353703.txt,ZZYSLNWGKKDOML,ZZYSLNWGKKDOML,2024.11,POSITIVE,[M+H]+,45.0,R4,nce=45 not an adjudication cell (30 or 60)
MSBNK-Eawag-EQ00353704,MSBNK-Eawag-EQ00353704.txt,ZZYSLNWGKKDOML,ZZYSLNWGKKDOML,2024.11,POSITIVE,[M+H]+,60.0,R8,R8a: compound key in MassSpecGym 1.5 by the recorded InChIKey route
MSBNK-Eawag-EQ00353705,MSBNK-Eawag-EQ00353705.txt,ZZYSLNWGKKDOML,ZZYSLNWGKKDOML,2024.11,POSITIVE,[M+H]+,75.0,R4,nce=75 not an adjudication cell (30 or 60)
MSBNK-Eawag-EQ00353706,MSBNK-Eawag-EQ00353706.txt,ZZYSLNWGKKDOML,ZZYSLNWGKKDOML,2024.11,POSITIVE,[M+H]+,90.0,R4,nce=90 not an adjudication cell (30 or 60)
MSBNK-Eawag-EQ00353707,MSBNK-Eawag-EQ00353707.txt,ZZYSLNWGKKDOML,ZZYSLNWGKKDOML,2024.11,POSITIVE,[M+H]+,120.0,R4,nce=120 not an adjudication cell (30 or 60)
MSBNK-Eawag-EQ00353801,MSBNK-Eawag-EQ00353801.txt,XLNZEKHULJKQBA,XLNZEKHULJKQBA,2024.11,POSITIVE,[M+H]+,15.0,R4,nce=15 not an adjudication cell (30 or 60)
MSBNK-Eawag-EQ00353802,MSBNK-Eawag-EQ00353802.txt,XLNZEKHULJKQBA,XLNZEKHULJKQBA,2024.11,POSITIVE,[M+H]+,30.0,R8,R8a: compound key in MassSpecGym 1.5 by the recorded InChIKey route
MSBNK-Eawag-EQ00353803,MSBNK-Eawag-EQ00353803.txt,XLNZEKHULJKQBA,XLNZEKHULJKQBA,2024.11,POSITIVE,[M+H]+,45.0,R4,nce=45 not an adjudication cell (30 or 60)
MSBNK-Eawag-EQ00353804,MSBNK-Eawag-EQ00353804.txt,XLNZEKHULJKQBA,XLNZEKHULJKQBA,2024.11,POSITIVE,[M+H]+,60.0,R8,R8a: compound key in MassSpecGym 1.5 by the recorded InChIKey route
MSBNK-Eawag-EQ00353805,MSBNK-Eawag-EQ00353805.txt,XLNZEKHULJKQBA,XLNZEKHULJKQBA,2024.11,POSITIVE,[M+H]+,75.0,R4,nce=75 not an adjudication cell (30 or 60)
MSBNK-Eawag-EQ00354001,MSBNK-Eawag-EQ00354001.txt,OBZIQQJJIKNWNO,OBZIQQJJIKNWNO,2024.11,POSITIVE,[M+H]+,15.0,R4,nce=15 not an adjudication cell (30 or 60)
MSBNK-Eawag-EQ00354002,MSBNK-Eawag-EQ00354002.txt,OBZIQQJJIKNWNO,OBZIQQJJIKNWNO,2024.11,POSITIVE,[M+H]+,30.0,R8,R8a: compound key in MassSpecGym 1.5 by the recorded InChIKey route
MSBNK-Eawag-EQ00354003,MSBNK-Eawag-EQ00354003.txt,OBZIQQJJIKNWNO,OBZIQQJJIKNWNO,2024.11,POSITIVE,[M+H]+,45.0,R4,nce=45 not an adjudication cell (30 or 60)
MSBNK-Eawag-EQ00354004,MSBNK-Eawag-EQ00354004.txt,OBZIQQJJIKNWNO,OBZIQQJJIKNWNO,2024.11,POSITIVE,[M+H]+,60.0,R8,R8a: compound key in MassSpecGym 1.5 by the recorded InChIKey route
MSBNK-Eawag-EQ00354005,MSBNK-Eawag-EQ00354005.txt,OBZIQQJJIKNWNO,OBZIQQJJIKNWNO,2024.11,POSITIVE,[M+H]+,75.0,R4,nce=75 not an adjudication cell (30 or 60)
MSBNK-Eawag-EQ00354006,MSBNK-Eawag-EQ00354006.txt,OBZIQQJJIKNWNO,OBZIQQJJIKNWNO,2024.11,POSITIVE,[M+H]+,90.0,R4,nce=90 not an adjudication cell (30 or 60)
MSBNK-Eawag-EQ00354007,MSBNK-Eawag-EQ00354007.txt,OBZIQQJJIKNWNO,OBZIQQJJIKNWNO,2024.11,POSITIVE,[M+H]+,120.0,R4,nce=120 not an adjudication cell (30 or 60)
MSBNK-Eawag-EQ00354008,MSBNK-Eawag-EQ00354008.txt,OBZIQQJJIKNWNO,OBZIQQJJIKNWNO,2024.11,POSITIVE,[M+H]+,150.0,R4,nce=150 not an adjudication cell (30 or 60)
MSBNK-Eawag-EQ00354009,MSBNK-Eawag-EQ00354009.txt,OBZIQQJJIKNWNO,OBZIQQJJIKNWNO,2024.11,POSITIVE,[M+H]+,180.0,R4,nce=180 not an adjudication cell (30 or 60)
MSBNK-Eawag-EQ00354301,MSBNK-Eawag-EQ00354301.txt,MLKCGVHIFJBRCD,MLKCGVHIFJBRCD,2024.11,POSITIVE,[M+H]+,15.0,R4,nce=15 not an adjudication cell (30 or 60)
MSBNK-Eawag-EQ00354302,MSBNK-Eawag-EQ00354302.txt,MLKCGVHIFJBRCD,MLKCGVHIFJBRCD,2024.11,POSITIVE,[M+H]+,30.0,R8,R8a: compound key in MassSpecGym 1.5 by the recorded InChIKey route
MSBNK-Eawag-EQ00354303,MSBNK-Eawag-EQ00354303.txt,MLKCGVHIFJBRCD,MLKCGVHIFJBRCD,2024.11,POSITIVE,[M+H]+,45.0,R4,nce=45 not an adjudication cell (30 or 60)
MSBNK-Eawag-EQ00354304,MSBNK-Eawag-EQ00354304.txt,MLKCGVHIFJBRCD,MLKCGVHIFJBRCD,2024.11,POSITIVE,[M+H]+,60.0,R8,R8a: compound key in MassSpecGym 1.5 by the recorded InChIKey route
MSBNK-Eawag-EQ00354305,MSBNK-Eawag-EQ00354305.txt,MLKCGVHIFJBRCD,MLKCGVHIFJBRCD,2024.11,POSITIVE,[M+H]+,75.0,R4,nce=75 not an adjudication cell (30 or 60)
MSBNK-Eawag-EQ00354306,MSBNK-Eawag-EQ00354306.txt,MLKCGVHIFJBRCD,MLKCGVHIFJBRCD,2024.11,POSITIVE,[M+H]+,90.0,R4,nce=90 not an adjudication cell (30 or 60)
MSBNK-Eawag-EQ00354501,MSBNK-Eawag-EQ00354501.txt,JBDHZKLJNAIJNC,JBDHZKLJNAIJNC,2024.11,POSITIVE,[M+H]+,15.0,R4,nce=15 not an adjudication cell (30 or 60)
MSBNK-Eawag-EQ00354502,MSBNK-Eawag-EQ00354502.txt,JBDHZKLJNAIJNC,JBDHZKLJNAIJNC,2024.11,POSITIVE,[M+H]+,30.0,R8,R8a: compound key in MassSpecGym 1.5 by the recorded InChIKey route
MSBNK-Eawag-EQ00354503,MSBNK-Eawag-EQ00354503.txt,JBDHZKLJNAIJNC,JBDHZKLJNAIJNC,2024.11,POSITIVE,[M+H]+,45.0,R4,nce=45 not an adjudication cell (30 or 60)
MSBNK-Eawag-EQ00354504,MSBNK-Eawag-EQ00354504.txt,JBDHZKLJNAIJNC,JBDHZKLJNAIJNC,2024.11,POSITIVE,[M+H]+,60.0,R8,R8a: compound key in MassSpecGym 1.5 by the recorded InChIKey route
MSBNK-Eawag-EQ00354505,MSBNK-Eawag-EQ00354505.txt,JBDHZKLJNAIJNC,JBDHZKLJNAIJNC,2024.11,POSITIVE,[M+H]+,75.0,R4,nce=75 not an adjudication cell (30 or 60)
MSBNK-Eawag-EQ00354506,MSBNK-Eawag-EQ00354506.txt,JBDHZKLJNAIJNC,JBDHZKLJNAIJNC,2024.11,POSITIVE,[M+H]+,90.0,R4,nce=90 not an adjudication cell (30 or 60)
MSBNK-Eawag-EQ00354507,MSBNK-Eawag-EQ00354507.txt,JBDHZKLJNAIJNC,JBDHZKLJNAIJNC,2024.11,POSITIVE,[M+H]+,120.0,R4,nce=120 not an adjudication cell (30 or 60)
MSBNK-Eawag-EQ00354901,MSBNK-Eawag-EQ00354901.txt,OQZCSNDVOWYALR,OQZCSNDVOWYALR,2024.11,POSITIVE,[M+H]+,15.0,R4,nce=15 not an adjudication cell (30 or 60)
MSBNK-Eawag-EQ00354902,MSBNK-Eawag-EQ00354902.txt,OQZCSNDVOWYALR,OQZCSNDVOWYALR,2024.11,POSITIVE,[M+H]+,30.0,R8,R8i: scaffold group guard: group in the MURU exposure registry
MSBNK-Eawag-EQ00354903,MSBNK-Eawag-EQ00354903.txt,OQZCSNDVOWYALR,OQZCSNDVOWYALR,2024.11,POSITIVE,[M+H]+,45.0,R4,nce=45 not an adjudication cell (30 or 60)
MSBNK-Eawag-EQ00354904,MSBNK-Eawag-EQ00354904.txt,OQZCSNDVOWYALR,OQZCSNDVOWYALR,2024.11,POSITIVE,[M+H]+,60.0,R8,R8i: scaffold group guard: group in the MURU exposure registry
MSBNK-Eawag-EQ00354905,MSBNK-Eawag-EQ00354905.txt,OQZCSNDVOWYALR,OQZCSNDVOWYALR,2024.11,POSITIVE,[M+H]+,75.0,R4,nce=75 not an adjudication cell (30 or 60)
MSBNK-Eawag-EQ00354906,MSBNK-Eawag-EQ00354906.txt,OQZCSNDVOWYALR,OQZCSNDVOWYALR,2024.11,POSITIVE,[M+H]+,90.0,R4,nce=90 not an adjudication cell (30 or 60)
MSBNK-Eawag-EQ00354907,MSBNK-Eawag-EQ00354907.txt,OQZCSNDVOWYALR,OQZCSNDVOWYALR,2024.11,POSITIVE,[M+H]+,120.0,R4,nce=120 not an adjudication cell (30 or 60)
MSBNK-Eawag-EQ00355001,MSBNK-Eawag-EQ00355001.txt,NJPPVKZQTLUDBO,NJPPVKZQTLUDBO,2024.11,POSITIVE,[M+H]+,15.0,R4,nce=15 not an adjudication cell (30 or 60)
MSBNK-Eawag-EQ00355002,MSBNK-Eawag-EQ00355002.txt,NJPPVKZQTLUDBO,NJPPVKZQTLUDBO,2024.11,POSITIVE,[M+H]+,30.0,R8,R8a: compound key in MassSpecGym 1.5 by the recorded InChIKey route
MSBNK-Eawag-EQ00355003,MSBNK-Eawag-EQ00355003.txt,NJPPVKZQTLUDBO,NJPPVKZQTLUDBO,2024.11,POSITIVE,[M+H]+,45.0,R4,nce=45 not an adjudication cell (30 or 60)
MSBNK-Eawag-EQ00355004,MSBNK-Eawag-EQ00355004.txt,NJPPVKZQTLUDBO,NJPPVKZQTLUDBO,2024.11,POSITIVE,[M+H]+,60.0,R8,R8a: compound key in MassSpecGym 1.5 by the recorded InChIKey route
MSBNK-Eawag-EQ00355005,MSBNK-Eawag-EQ00355005.txt,NJPPVKZQTLUDBO,NJPPVKZQTLUDBO,2024.11,POSITIVE,[M+H]+,75.0,R4,nce=75 not an adjudication cell (30 or 60)
MSBNK-Eawag-EQ00355006,MSBNK-Eawag-EQ00355006.txt,NJPPVKZQTLUDBO,NJPPVKZQTLUDBO,2024.11,POSITIVE,[M+H]+,90.0,R4,nce=90 not an adjudication cell (30 or 60)
MSBNK-Eawag-EQ00355007,MSBNK-Eawag-EQ00355007.txt,NJPPVKZQTLUDBO,NJPPVKZQTLUDBO,2024.11,POSITIVE,[M+H]+,120.0,R4,nce=120 not an adjudication cell (30 or 60)
MSBNK-Eawag-EQ00355008,MSBNK-Eawag-EQ00355008.txt,NJPPVKZQTLUDBO,NJPPVKZQTLUDBO,2024.11,POSITIVE,[M+H]+,150.0,R4,nce=150 not an adjudication cell (30 or 60)
MSBNK-Eawag-EQ00355009,MSBNK-Eawag-EQ00355009.txt,NJPPVKZQTLUDBO,NJPPVKZQTLUDBO,2024.11,POSITIVE,[M+H]+,180.0,R4,nce=180 not an adjudication cell (30 or 60)
MSBNK-Eawag-EQ00355051,MSBNK-Eawag-EQ00355051.txt,NJPPVKZQTLUDBO,NJPPVKZQTLUDBO,2024.11,NEGATIVE,[M-H]-,15.0,R1,ion_mode=NEGATIVE precursor_type=[M-H]-
MSBNK-Eawag-EQ00355052,MSBNK-Eawag-EQ00355052.txt,NJPPVKZQTLUDBO,NJPPVKZQTLUDBO,2024.11,NEGATIVE,[M-H]-,30.0,R1,ion_mode=NEGATIVE precursor_type=[M-H]-
MSBNK-Eawag-EQ00355053,MSBNK-Eawag-EQ00355053.txt,NJPPVKZQTLUDBO,NJPPVKZQTLUDBO,2024.11,NEGATIVE,[M-H]-,45.0,R1,ion_mode=NEGATIVE precursor_type=[M-H]-
MSBNK-Eawag-EQ00355054,MSBNK-Eawag-EQ00355054.txt,NJPPVKZQTLUDBO,NJPPVKZQTLUDBO,2024.11,NEGATIVE,[M-H]-,60.0,R1,ion_mode=NEGATIVE precursor_type=[M-H]-
MSBNK-Eawag-EQ00355055,MSBNK-Eawag-EQ00355055.txt,NJPPVKZQTLUDBO,NJPPVKZQTLUDBO,2024.11,NEGATIVE,[M-H]-,75.0,R1,ion_mode=NEGATIVE precursor_type=[M-H]-
MSBNK-Eawag-EQ00355056,MSBNK-Eawag-EQ00355056.txt,NJPPVKZQTLUDBO,NJPPVKZQTLUDBO,2024.11,NEGATIVE,[M-H]-,90.0,R1,ion_mode=NEGATIVE precursor_type=[M-H]-
MSBNK-Eawag-EQ00355057,MSBNK-Eawag-EQ00355057.txt,NJPPVKZQTLUDBO,NJPPVKZQTLUDBO,2024.11,NEGATIVE,[M-H]-,120.0,R1,ion_mode=NEGATIVE precursor_type=[M-H]-
MSBNK-Eawag-EQ00355058,MSBNK-Eawag-EQ00355058.txt,NJPPVKZQTLUDBO,NJPPVKZQTLUDBO,2024.11,NEGATIVE,[M-H]-,150.0,R1,ion_mode=NEGATIVE precursor_type=[M-H]-
MSBNK-Eawag-EQ00355059,MSBNK-Eawag-EQ00355059.txt,NJPPVKZQTLUDBO,NJPPVKZQTLUDBO,2024.11,NEGATIVE,[M-H]-,180.0,R1,ion_mode=NEGATIVE precursor_type=[M-H]-
MSBNK-Eawag-EQ00355201,MSBNK-Eawag-EQ00355201.txt,APTZNLHMIGJTEW,APTZNLHMIGJTEW,2024.11,POSITIVE,[M+H]+,15.0,R4,nce=15 not an adjudication cell (30 or 60)
MSBNK-Eawag-EQ00355202,MSBNK-Eawag-EQ00355202.txt,APTZNLHMIGJTEW,APTZNLHMIGJTEW,2024.11,POSITIVE,[M+H]+,30.0,R8,R8a: compound key in MassSpecGym 1.5 by the recorded InChIKey route
MSBNK-Eawag-EQ00355203,MSBNK-Eawag-EQ00355203.txt,APTZNLHMIGJTEW,APTZNLHMIGJTEW,2024.11,POSITIVE,[M+H]+,45.0,R4,nce=45 not an adjudication cell (30 or 60)
MSBNK-Eawag-EQ00355204,MSBNK-Eawag-EQ00355204.txt,APTZNLHMIGJTEW,APTZNLHMIGJTEW,2024.11,POSITIVE,[M+H]+,60.0,R8,R8a: compound key in MassSpecGym 1.5 by the recorded InChIKey route
MSBNK-Eawag-EQ00355205,MSBNK-Eawag-EQ00355205.txt,APTZNLHMIGJTEW,APTZNLHMIGJTEW,2024.11,POSITIVE,[M+H]+,75.0,R4,nce=75 not an adjudication cell (30 or 60)
MSBNK-Eawag-EQ00355206,MSBNK-Eawag-EQ00355206.txt,APTZNLHMIGJTEW,APTZNLHMIGJTEW,2024.11,POSITIVE,[M+H]+,90.0,R4,nce=90 not an adjudication cell (30 or 60)
MSBNK-Eawag-EQ00355401,MSBNK-Eawag-EQ00355401.txt,XOPFESVZMSQIKC,XOPFESVZMSQIKC,2024.11,POSITIVE,[M+H]+,15.0,R4,nce=15 not an adjudication cell (30 or 60)
MSBNK-Eawag-EQ00355402,MSBNK-Eawag-EQ00355402.txt,XOPFESVZMSQIKC,XOPFESVZMSQIKC,2024.11,POSITIVE,[M+H]+,30.0,R8,R8i: scaffold group guard: group in the MURU exposure registry
MSBNK-Eawag-EQ00355403,MSBNK-Eawag-EQ00355403.txt,XOPFESVZMSQIKC,XOPFESVZMSQIKC,2024.11,POSITIVE,[M+H]+,45.0,R4,nce=45 not an adjudication cell (30 or 60)
MSBNK-Eawag-EQ00355404,MSBNK-Eawag-EQ00355404.txt,XOPFESVZMSQIKC,XOPFESVZMSQIKC,2024.11,POSITIVE,[M+H]+,60.0,R8,R8i: scaffold group guard: group in the MURU exposure registry
MSBNK-Eawag-EQ00355405,MSBNK-Eawag-EQ00355405.txt,XOPFESVZMSQIKC,XOPFESVZMSQIKC,2024.11,POSITIVE,[M+H]+,75.0,R4,nce=75 not an adjudication cell (30 or 60)
MSBNK-Eawag-EQ00355406,MSBNK-Eawag-EQ00355406.txt,XOPFESVZMSQIKC,XOPFESVZMSQIKC,2024.11,POSITIVE,[M+H]+,90.0,R4,nce=90 not an adjudication cell (30 or 60)
MSBNK-Eawag-EQ00355407,MSBNK-Eawag-EQ00355407.txt,XOPFESVZMSQIKC,XOPFESVZMSQIKC,2024.11,POSITIVE,[M+H]+,120.0,R4,nce=120 not an adjudication cell (30 or 60)
MSBNK-Eawag-EQ00355408,MSBNK-Eawag-EQ00355408.txt,XOPFESVZMSQIKC,XOPFESVZMSQIKC,2024.11,POSITIVE,[M+H]+,150.0,R4,nce=150 not an adjudication cell (30 or 60)
MSBNK-Eawag-EQ00355451,MSBNK-Eawag-EQ00355451.txt,XOPFESVZMSQIKC,XOPFESVZMSQIKC,2024.11,NEGATIVE,[M-H]-,15.0,R1,ion_mode=NEGATIVE precursor_type=[M-H]-
MSBNK-Eawag-EQ00355452,MSBNK-Eawag-EQ00355452.txt,XOPFESVZMSQIKC,XOPFESVZMSQIKC,2024.11,NEGATIVE,[M-H]-,30.0,R1,ion_mode=NEGATIVE precursor_type=[M-H]-
MSBNK-Eawag-EQ00355453,MSBNK-Eawag-EQ00355453.txt,XOPFESVZMSQIKC,XOPFESVZMSQIKC,2024.11,NEGATIVE,[M-H]-,45.0,R1,ion_mode=NEGATIVE precursor_type=[M-H]-
MSBNK-Eawag-EQ00355454,MSBNK-Eawag-EQ00355454.txt,XOPFESVZMSQIKC,XOPFESVZMSQIKC,2024.11,NEGATIVE,[M-H]-,60.0,R1,ion_mode=NEGATIVE precursor_type=[M-H]-
MSBNK-Eawag-EQ00355455,MSBNK-Eawag-EQ00355455.txt,XOPFESVZMSQIKC,XOPFESVZMSQIKC,2024.11,NEGATIVE,[M-H]-,75.0,R1,ion_mode=NEGATIVE precursor_type=[M-H]-
MSBNK-Eawag-EQ00355456,MSBNK-Eawag-EQ00355456.txt,XOPFESVZMSQIKC,XOPFESVZMSQIKC,2024.11,NEGATIVE,[M-H]-,90.0,R1,ion_mode=NEGATIVE precursor_type=[M-H]-
MSBNK-Eawag-EQ00355457,MSBNK-Eawag-EQ00355457.txt,XOPFESVZMSQIKC,XOPFESVZMSQIKC,2024.11,NEGATIVE,[M-H]-,120.0,R1,ion_mode=NEGATIVE precursor_type=[M-H]-
MSBNK-Eawag-EQ00355701,MSBNK-Eawag-EQ00355701.txt,PPDBOQMNKNNODG,PPDBOQMNKNNODG,2024.11,POSITIVE,[M+H]+,15.0,R4,nce=15 not an adjudication cell (30 or 60)
MSBNK-Eawag-EQ00355702,MSBNK-Eawag-EQ00355702.txt,PPDBOQMNKNNODG,PPDBOQMNKNNODG,2024.11,POSITIVE,[M+H]+,30.0,R8,R8a: compound key in MassSpecGym 1.5 by the recorded InChIKey route
MSBNK-Eawag-EQ00355703,MSBNK-Eawag-EQ00355703.txt,PPDBOQMNKNNODG,PPDBOQMNKNNODG,2024.11,POSITIVE,[M+H]+,45.0,R4,nce=45 not an adjudication cell (30 or 60)
MSBNK-Eawag-EQ00355704,MSBNK-Eawag-EQ00355704.txt,PPDBOQMNKNNODG,PPDBOQMNKNNODG,2024.11,POSITIVE,[M+H]+,60.0,R8,R8a: compound key in MassSpecGym 1.5 by the recorded InChIKey route
MSBNK-Eawag-EQ00355705,MSBNK-Eawag-EQ00355705.txt,PPDBOQMNKNNODG,PPDBOQMNKNNODG,2024.11,POSITIVE,[M+H]+,75.0,R4,nce=75 not an adjudication cell (30 or 60)
MSBNK-Eawag-EQ00355706,MSBNK-Eawag-EQ00355706.txt,PPDBOQMNKNNODG,PPDBOQMNKNNODG,2024.11,POSITIVE,[M+H]+,90.0,R4,nce=90 not an adjudication cell (30 or 60)
MSBNK-Eawag-EQ00355707,MSBNK-Eawag-EQ00355707.txt,PPDBOQMNKNNODG,PPDBOQMNKNNODG,2024.11,POSITIVE,[M+H]+,120.0,R4,nce=120 not an adjudication cell (30 or 60)
MSBNK-Eawag-EQ00355708,MSBNK-Eawag-EQ00355708.txt,PPDBOQMNKNNODG,PPDBOQMNKNNODG,2024.11,POSITIVE,[M+H]+,150.0,R4,nce=150 not an adjudication cell (30 or 60)
MSBNK-Eawag-EQ00355709,MSBNK-Eawag-EQ00355709.txt,PPDBOQMNKNNODG,PPDBOQMNKNNODG,2024.11,POSITIVE,[M+H]+,180.0,R4,nce=180 not an adjudication cell (30 or 60)
MSBNK-Eawag-EQ00355801,MSBNK-Eawag-EQ00355801.txt,SOUGWDPPRBKJEX,SOUGWDPPRBKJEX,2024.11,POSITIVE,[M+H]+,15.0,R4,nce=15 not an adjudication cell (30 or 60)
MSBNK-Eawag-EQ00355802,MSBNK-Eawag-EQ00355802.txt,SOUGWDPPRBKJEX,SOUGWDPPRBKJEX,2024.11,POSITIVE,[M+H]+,30.0,R8,R8a: compound key in MassSpecGym 1.5 by the recorded InChIKey route
MSBNK-Eawag-EQ00355803,MSBNK-Eawag-EQ00355803.txt,SOUGWDPPRBKJEX,SOUGWDPPRBKJEX,2024.11,POSITIVE,[M+H]+,45.0,R4,nce=45 not an adjudication cell (30 or 60)
MSBNK-Eawag-EQ00355804,MSBNK-Eawag-EQ00355804.txt,SOUGWDPPRBKJEX,SOUGWDPPRBKJEX,2024.11,POSITIVE,[M+H]+,60.0,R8,R8a: compound key in MassSpecGym 1.5 by the recorded InChIKey route
MSBNK-Eawag-EQ00355805,MSBNK-Eawag-EQ00355805.txt,SOUGWDPPRBKJEX,SOUGWDPPRBKJEX,2024.11,POSITIVE,[M+H]+,75.0,R4,nce=75 not an adjudication cell (30 or 60)
MSBNK-Eawag-EQ00355806,MSBNK-Eawag-EQ00355806.txt,SOUGWDPPRBKJEX,SOUGWDPPRBKJEX,2024.11,POSITIVE,[M+H]+,90.0,R4,nce=90 not an adjudication cell (30 or 60)
MSBNK-Eawag-EQ00355807,MSBNK-Eawag-EQ00355807.txt,SOUGWDPPRBKJEX,SOUGWDPPRBKJEX,2024.11,POSITIVE,[M+H]+,120.0,R4,nce=120 not an adjudication cell (30 or 60)
MSBNK-Eawag-EQ00355808,MSBNK-Eawag-EQ00355808.txt,SOUGWDPPRBKJEX,SOUGWDPPRBKJEX,2024.11,POSITIVE,[M+H]+,150.0,R4,nce=150 not an adjudication cell (30 or 60)
MSBNK-Eawag-EQ00355809,MSBNK-Eawag-EQ00355809.txt,SOUGWDPPRBKJEX,SOUGWDPPRBKJEX,2024.11,POSITIVE,[M+H]+,180.0,R4,nce=180 not an adjudication cell (30 or 60)
MSBNK-Eawag-EQ00356301,MSBNK-Eawag-EQ00356301.txt,WARCRYXKINZHGQ,WARCRYXKINZHGQ,2024.11,POSITIVE,[M+H]+,15.0,R4,nce=15 not an adjudication cell (30 or 60)
MSBNK-Eawag-EQ00356302,MSBNK-Eawag-EQ00356302.txt,WARCRYXKINZHGQ,WARCRYXKINZHGQ,2024.11,POSITIVE,[M+H]+,30.0,R8,R8i: scaffold group guard: group in the MURU exposure registry
MSBNK-Eawag-EQ00356303,MSBNK-Eawag-EQ00356303.txt,WARCRYXKINZHGQ,WARCRYXKINZHGQ,2024.11,POSITIVE,[M+H]+,45.0,R4,nce=45 not an adjudication cell (30 or 60)
MSBNK-Eawag-EQ00356304,MSBNK-Eawag-EQ00356304.txt,WARCRYXKINZHGQ,WARCRYXKINZHGQ,2024.11,POSITIVE,[M+H]+,60.0,R8,R8i: scaffold group guard: group in the MURU exposure registry
MSBNK-Eawag-EQ00356305,MSBNK-Eawag-EQ00356305.txt,WARCRYXKINZHGQ,WARCRYXKINZHGQ,2024.11,POSITIVE,[M+H]+,75.0,R4,nce=75 not an adjudication cell (30 or 60)
MSBNK-Eawag-EQ00356306,MSBNK-Eawag-EQ00356306.txt,WARCRYXKINZHGQ,WARCRYXKINZHGQ,2024.11,POSITIVE,[M+H]+,90.0,R4,nce=90 not an adjudication cell (30 or 60)
MSBNK-Eawag-EQ00356307,MSBNK-Eawag-EQ00356307.txt,WARCRYXKINZHGQ,WARCRYXKINZHGQ,2024.11,POSITIVE,[M+H]+,120.0,R4,nce=120 not an adjudication cell (30 or 60)
MSBNK-Eawag-EQ00356308,MSBNK-Eawag-EQ00356308.txt,WARCRYXKINZHGQ,WARCRYXKINZHGQ,2024.11,POSITIVE,[M+H]+,150.0,R4,nce=150 not an adjudication cell (30 or 60)
MSBNK-Eawag-EQ00356309,MSBNK-Eawag-EQ00356309.txt,WARCRYXKINZHGQ,WARCRYXKINZHGQ,2024.11,POSITIVE,[M+H]+,180.0,R4,nce=180 not an adjudication cell (30 or 60)
MSBNK-Eawag-EQ00358501,MSBNK-Eawag-EQ00358501.txt,HPJKCIUCZWXJDR,HPJKCIUCZWXJDR,2024.11,POSITIVE,[M+H]+,15.0,R4,nce=15 not an adjudication cell (30 or 60)
MSBNK-Eawag-EQ00358502,MSBNK-Eawag-EQ00358502.txt,HPJKCIUCZWXJDR,HPJKCIUCZWXJDR,2024.11,POSITIVE,[M+H]+,20.0,R4,nce=20 not an adjudication cell (30 or 60)
MSBNK-Eawag-EQ00358503,MSBNK-Eawag-EQ00358503.txt,HPJKCIUCZWXJDR,HPJKCIUCZWXJDR,2024.11,POSITIVE,[M+H]+,25.0,R4,nce=25 not an adjudication cell (30 or 60)
MSBNK-Eawag-EQ00358504,MSBNK-Eawag-EQ00358504.txt,HPJKCIUCZWXJDR,HPJKCIUCZWXJDR,2024.11,POSITIVE,[M+H]+,30.0,R8,R8a: compound key in MassSpecGym 1.5 by the recorded InChIKey route
MSBNK-Eawag-EQ00358505,MSBNK-Eawag-EQ00358505.txt,HPJKCIUCZWXJDR,HPJKCIUCZWXJDR,2024.11,POSITIVE,[M+H]+,40.0,R4,nce=40 not an adjudication cell (30 or 60)
MSBNK-Eawag-EQ00358506,MSBNK-Eawag-EQ00358506.txt,HPJKCIUCZWXJDR,HPJKCIUCZWXJDR,2024.11,POSITIVE,[M+H]+,50.0,R4,nce=50 not an adjudication cell (30 or 60)
MSBNK-Eawag-EQ00358507,MSBNK-Eawag-EQ00358507.txt,HPJKCIUCZWXJDR,HPJKCIUCZWXJDR,2024.11,POSITIVE,[M+H]+,60.0,R8,R8a: compound key in MassSpecGym 1.5 by the recorded InChIKey route
MSBNK-Eawag-EQ00358508,MSBNK-Eawag-EQ00358508.txt,HPJKCIUCZWXJDR,HPJKCIUCZWXJDR,2024.11,POSITIVE,[M+H]+,70.0,R4,nce=70 not an adjudication cell (30 or 60)
MSBNK-Eawag-EQ00358509,MSBNK-Eawag-EQ00358509.txt,HPJKCIUCZWXJDR,HPJKCIUCZWXJDR,2024.11,POSITIVE,[M+H]+,80.0,R4,nce=80 not an adjudication cell (30 or 60)
MSBNK-Eawag-EQ00359401,MSBNK-Eawag-EQ00359401.txt,RRZXIRBKKLTSOM,RRZXIRBKKLTSOM,dev,POSITIVE,[M+H]+,15.0,R4,nce=15 not an adjudication cell (30 or 60)
MSBNK-Eawag-EQ00359402,MSBNK-Eawag-EQ00359402.txt,RRZXIRBKKLTSOM,RRZXIRBKKLTSOM,dev,POSITIVE,[M+H]+,30.0,R5,"first_ref=dev not a tagged release ['2024.06', '2024.11', '2025.10']"
MSBNK-Eawag-EQ00359451,MSBNK-Eawag-EQ00359451.txt,RRZXIRBKKLTSOM,RRZXIRBKKLTSOM,dev,NEGATIVE,[M-H]-,15.0,R1,ion_mode=NEGATIVE precursor_type=[M-H]-
MSBNK-Eawag-EQ00359452,MSBNK-Eawag-EQ00359452.txt,RRZXIRBKKLTSOM,RRZXIRBKKLTSOM,dev,NEGATIVE,[M-H]-,30.0,R1,ion_mode=NEGATIVE precursor_type=[M-H]-
MSBNK-Eawag-EQ00359453,MSBNK-Eawag-EQ00359453.txt,RRZXIRBKKLTSOM,RRZXIRBKKLTSOM,dev,NEGATIVE,[M-H]-,45.0,R1,ion_mode=NEGATIVE precursor_type=[M-H]-
MSBNK-Eawag-EQ00363301,MSBNK-Eawag-EQ00363301.txt,KTUFNOKKBVMGRW,KTUFNOKKBVMGRW,2024.11,POSITIVE,[M+H]+,15.0,R4,nce=15 not an adjudication cell (30 or 60)
MSBNK-Eawag-EQ00363302,MSBNK-Eawag-EQ00363302.txt,KTUFNOKKBVMGRW,KTUFNOKKBVMGRW,2024.11,POSITIVE,[M+H]+,20.0,R4,nce=20 not an adjudication cell (30 or 60)
MSBNK-Eawag-EQ00363303,MSBNK-Eawag-EQ00363303.txt,KTUFNOKKBVMGRW,KTUFNOKKBVMGRW,2024.11,POSITIVE,[M+H]+,25.0,R4,nce=25 not an adjudication cell (30 or 60)
MSBNK-Eawag-EQ00363304,MSBNK-Eawag-EQ00363304.txt,KTUFNOKKBVMGRW,KTUFNOKKBVMGRW,2024.11,POSITIVE,[M+H]+,30.0,R8,R8a: compound key in MassSpecGym 1.5 by the recorded InChIKey route
MSBNK-Eawag-EQ00363305,MSBNK-Eawag-EQ00363305.txt,KTUFNOKKBVMGRW,KTUFNOKKBVMGRW,2024.11,POSITIVE,[M+H]+,40.0,R4,nce=40 not an adjudication cell (30 or 60)
MSBNK-Eawag-EQ00370001,MSBNK-Eawag-EQ00370001.txt,HJJVPARKXDDIQD,HJJVPARKXDDIQD,2024.11,POSITIVE,[M+H]+,15.0,R4,nce=15 not an adjudication cell (30 or 60)
MSBNK-Eawag-EQ00370002,MSBNK-Eawag-EQ00370002.txt,HJJVPARKXDDIQD,HJJVPARKXDDIQD,2024.11,POSITIVE,[M+H]+,30.0,R8,R8a: compound key in MassSpecGym 1.5 by the recorded InChIKey route
MSBNK-Eawag-EQ00370003,MSBNK-Eawag-EQ00370003.txt,HJJVPARKXDDIQD,HJJVPARKXDDIQD,2024.11,POSITIVE,[M+H]+,45.0,R4,nce=45 not an adjudication cell (30 or 60)
MSBNK-Eawag-EQ00370004,MSBNK-Eawag-EQ00370004.txt,HJJVPARKXDDIQD,HJJVPARKXDDIQD,2024.11,POSITIVE,[M+H]+,60.0,R8,R8a: compound key in MassSpecGym 1.5 by the recorded InChIKey route
MSBNK-Eawag-EQ00370005,MSBNK-Eawag-EQ00370005.txt,HJJVPARKXDDIQD,HJJVPARKXDDIQD,2024.11,POSITIVE,[M+H]+,75.0,R4,nce=75 not an adjudication cell (30 or 60)
MSBNK-Eawag-EQ00370006,MSBNK-Eawag-EQ00370006.txt,HJJVPARKXDDIQD,HJJVPARKXDDIQD,2024.11,POSITIVE,[M+H]+,90.0,R4,nce=90 not an adjudication cell (30 or 60)
MSBNK-Eawag-EQ00370007,MSBNK-Eawag-EQ00370007.txt,HJJVPARKXDDIQD,HJJVPARKXDDIQD,2024.11,POSITIVE,[M+H]+,120.0,R4,nce=120 not an adjudication cell (30 or 60)
MSBNK-Eawag-EQ00370008,MSBNK-Eawag-EQ00370008.txt,HJJVPARKXDDIQD,HJJVPARKXDDIQD,2024.11,POSITIVE,[M+H]+,150.0,R4,nce=150 not an adjudication cell (30 or 60)
MSBNK-Eawag-EQ00370009,MSBNK-Eawag-EQ00370009.txt,HJJVPARKXDDIQD,HJJVPARKXDDIQD,2024.11,POSITIVE,[M+H]+,180.0,R4,nce=180 not an adjudication cell (30 or 60)
MSBNK-Eawag-EQ00370901,MSBNK-Eawag-EQ00370901.txt,RZILCCPWPBTYDO,RZILCCPWPBTYDO,2024.11,POSITIVE,[M+H]+,15.0,R4,nce=15 not an adjudication cell (30 or 60)
MSBNK-Eawag-EQ00370902,MSBNK-Eawag-EQ00370902.txt,RZILCCPWPBTYDO,RZILCCPWPBTYDO,2024.11,POSITIVE,[M+H]+,30.0,R8,R8a: compound key in MassSpecGym 1.5 by the recorded InChIKey route
MSBNK-Eawag-EQ00370903,MSBNK-Eawag-EQ00370903.txt,RZILCCPWPBTYDO,RZILCCPWPBTYDO,2024.11,POSITIVE,[M+H]+,45.0,R4,nce=45 not an adjudication cell (30 or 60)
MSBNK-Eawag-EQ00370904,MSBNK-Eawag-EQ00370904.txt,RZILCCPWPBTYDO,RZILCCPWPBTYDO,2024.11,POSITIVE,[M+H]+,60.0,R8,R8a: compound key in MassSpecGym 1.5 by the recorded InChIKey route
MSBNK-Eawag-EQ00370905,MSBNK-Eawag-EQ00370905.txt,RZILCCPWPBTYDO,RZILCCPWPBTYDO,2024.11,POSITIVE,[M+H]+,75.0,R4,nce=75 not an adjudication cell (30 or 60)
MSBNK-Eawag-EQ00370906,MSBNK-Eawag-EQ00370906.txt,RZILCCPWPBTYDO,RZILCCPWPBTYDO,2024.11,POSITIVE,[M+H]+,90.0,R4,nce=90 not an adjudication cell (30 or 60)
MSBNK-Eawag-EQ00370907,MSBNK-Eawag-EQ00370907.txt,RZILCCPWPBTYDO,RZILCCPWPBTYDO,2024.11,POSITIVE,[M+H]+,120.0,R4,nce=120 not an adjudication cell (30 or 60)
MSBNK-Eawag-EQ00370908,MSBNK-Eawag-EQ00370908.txt,RZILCCPWPBTYDO,RZILCCPWPBTYDO,2024.11,POSITIVE,[M+H]+,150.0,R4,nce=150 not an adjudication cell (30 or 60)
MSBNK-Eawag-EQ00370909,MSBNK-Eawag-EQ00370909.txt,RZILCCPWPBTYDO,RZILCCPWPBTYDO,2024.11,POSITIVE,[M+H]+,180.0,R4,nce=180 not an adjudication cell (30 or 60)
MSBNK-Eawag-EQ00370951,MSBNK-Eawag-EQ00370951.txt,RZILCCPWPBTYDO,RZILCCPWPBTYDO,2024.11,NEGATIVE,[M-H]-,15.0,R1,ion_mode=NEGATIVE precursor_type=[M-H]-
MSBNK-Eawag-EQ00370952,MSBNK-Eawag-EQ00370952.txt,RZILCCPWPBTYDO,RZILCCPWPBTYDO,2024.11,NEGATIVE,[M-H]-,30.0,R1,ion_mode=NEGATIVE precursor_type=[M-H]-
MSBNK-Eawag-EQ00370953,MSBNK-Eawag-EQ00370953.txt,RZILCCPWPBTYDO,RZILCCPWPBTYDO,2024.11,NEGATIVE,[M-H]-,45.0,R1,ion_mode=NEGATIVE precursor_type=[M-H]-
MSBNK-Eawag-EQ00370954,MSBNK-Eawag-EQ00370954.txt,RZILCCPWPBTYDO,RZILCCPWPBTYDO,2024.11,NEGATIVE,[M-H]-,60.0,R1,ion_mode=NEGATIVE precursor_type=[M-H]-
MSBNK-Eawag-EQ00370955,MSBNK-Eawag-EQ00370955.txt,RZILCCPWPBTYDO,RZILCCPWPBTYDO,2024.11,NEGATIVE,[M-H]-,75.0,R1,ion_mode=NEGATIVE precursor_type=[M-H]-
MSBNK-Eawag-EQ00370956,MSBNK-Eawag-EQ00370956.txt,RZILCCPWPBTYDO,RZILCCPWPBTYDO,2024.11,NEGATIVE,[M-H]-,90.0,R1,ion_mode=NEGATIVE precursor_type=[M-H]-
MSBNK-Eawag-EQ00370957,MSBNK-Eawag-EQ00370957.txt,RZILCCPWPBTYDO,RZILCCPWPBTYDO,2024.11,NEGATIVE,[M-H]-,120.0,R1,ion_mode=NEGATIVE precursor_type=[M-H]-
MSBNK-Eawag-EQ00370958,MSBNK-Eawag-EQ00370958.txt,RZILCCPWPBTYDO,RZILCCPWPBTYDO,2024.11,NEGATIVE,[M-H]-,150.0,R1,ion_mode=NEGATIVE precursor_type=[M-H]-
MSBNK-Eawag-EQ00371201,MSBNK-Eawag-EQ00371201.txt,DAWYIZBOUQIVNX,DAWYIZBOUQIVNX,2024.06,POSITIVE,[M+H]+,15.0,R4,nce=15 not an adjudication cell (30 or 60)
MSBNK-Eawag-EQ00371202,MSBNK-Eawag-EQ00371202.txt,DAWYIZBOUQIVNX,DAWYIZBOUQIVNX,2024.06,POSITIVE,[M+H]+,30.0,R8,R8a: compound key in MassSpecGym 1.5 by the recorded InChIKey route
MSBNK-Eawag-EQ00371203,MSBNK-Eawag-EQ00371203.txt,DAWYIZBOUQIVNX,DAWYIZBOUQIVNX,2024.06,POSITIVE,[M+H]+,45.0,R4,nce=45 not an adjudication cell (30 or 60)
MSBNK-Eawag-EQ00371204,MSBNK-Eawag-EQ00371204.txt,DAWYIZBOUQIVNX,DAWYIZBOUQIVNX,2024.06,POSITIVE,[M+H]+,60.0,R8,R8a: compound key in MassSpecGym 1.5 by the recorded InChIKey route
MSBNK-Eawag-EQ00371205,MSBNK-Eawag-EQ00371205.txt,DAWYIZBOUQIVNX,DAWYIZBOUQIVNX,2024.06,POSITIVE,[M+H]+,75.0,R4,nce=75 not an adjudication cell (30 or 60)
MSBNK-Eawag-EQ00371206,MSBNK-Eawag-EQ00371206.txt,DAWYIZBOUQIVNX,DAWYIZBOUQIVNX,2024.06,POSITIVE,[M+H]+,90.0,R4,nce=90 not an adjudication cell (30 or 60)
MSBNK-Eawag-EQ00371207,MSBNK-Eawag-EQ00371207.txt,DAWYIZBOUQIVNX,DAWYIZBOUQIVNX,2024.06,POSITIVE,[M+H]+,120.0,R4,nce=120 not an adjudication cell (30 or 60)
MSBNK-Eawag-EQ00371208,MSBNK-Eawag-EQ00371208.txt,DAWYIZBOUQIVNX,DAWYIZBOUQIVNX,2024.06,POSITIVE,[M+H]+,150.0,R4,nce=150 not an adjudication cell (30 or 60)
MSBNK-Eawag-EQ00371209,MSBNK-Eawag-EQ00371209.txt,DAWYIZBOUQIVNX,DAWYIZBOUQIVNX,2024.06,POSITIVE,[M+H]+,180.0,R4,nce=180 not an adjudication cell (30 or 60)
MSBNK-Eawag-EQ00375251,MSBNK-Eawag-EQ00375251.txt,HEGSGKPQLMEBJL,HEGSGKPQLMEBJL,2024.11,NEGATIVE,[M-H]-,15.0,R1,ion_mode=NEGATIVE precursor_type=[M-H]-
MSBNK-Eawag-EQ00375252,MSBNK-Eawag-EQ00375252.txt,HEGSGKPQLMEBJL,HEGSGKPQLMEBJL,2024.11,NEGATIVE,[M-H]-,30.0,R1,ion_mode=NEGATIVE precursor_type=[M-H]-
MSBNK-Eawag-EQ00375901,MSBNK-Eawag-EQ00375901.txt,SEBFKMXJBCUCAI,SEBFKMXJBCUCAI,2025.10,POSITIVE,[M+H]+,15.0,R4,nce=15 not an adjudication cell (30 or 60)
MSBNK-Eawag-EQ00375902,MSBNK-Eawag-EQ00375902.txt,SEBFKMXJBCUCAI,SEBFKMXJBCUCAI,2025.10,POSITIVE,[M+H]+,30.0,R8,R8a: compound key in MassSpecGym 1.5 by the recorded InChIKey route
MSBNK-Eawag-EQ00375903,MSBNK-Eawag-EQ00375903.txt,SEBFKMXJBCUCAI,SEBFKMXJBCUCAI,2025.10,POSITIVE,[M+H]+,45.0,R4,nce=45 not an adjudication cell (30 or 60)
MSBNK-Eawag-EQ00375904,MSBNK-Eawag-EQ00375904.txt,SEBFKMXJBCUCAI,SEBFKMXJBCUCAI,2025.10,POSITIVE,[M+H]+,60.0,R8,R8a: compound key in MassSpecGym 1.5 by the recorded InChIKey route
MSBNK-Eawag-EQ00375905,MSBNK-Eawag-EQ00375905.txt,SEBFKMXJBCUCAI,SEBFKMXJBCUCAI,2025.10,POSITIVE,[M+H]+,75.0,R4,nce=75 not an adjudication cell (30 or 60)
MSBNK-Eawag-EQ00375906,MSBNK-Eawag-EQ00375906.txt,SEBFKMXJBCUCAI,SEBFKMXJBCUCAI,2025.10,POSITIVE,[M+H]+,90.0,R4,nce=90 not an adjudication cell (30 or 60)
MSBNK-Eawag-EQ00375907,MSBNK-Eawag-EQ00375907.txt,SEBFKMXJBCUCAI,SEBFKMXJBCUCAI,2025.10,POSITIVE,[M+H]+,120.0,R4,nce=120 not an adjudication cell (30 or 60)
MSBNK-Eawag-EQ00375908,MSBNK-Eawag-EQ00375908.txt,SEBFKMXJBCUCAI,SEBFKMXJBCUCAI,2025.10,POSITIVE,[M+H]+,150.0,R4,nce=150 not an adjudication cell (30 or 60)
MSBNK-Eawag-EQ00375909,MSBNK-Eawag-EQ00375909.txt,SEBFKMXJBCUCAI,SEBFKMXJBCUCAI,2025.10,POSITIVE,[M+H]+,180.0,R4,nce=180 not an adjudication cell (30 or 60)
MSBNK-Eawag-EQ00375951,MSBNK-Eawag-EQ00375951.txt,SEBFKMXJBCUCAI,SEBFKMXJBCUCAI,2025.10,NEGATIVE,[M-H]-,15.0,R1,ion_mode=NEGATIVE precursor_type=[M-H]-
MSBNK-Eawag-EQ00375952,MSBNK-Eawag-EQ00375952.txt,SEBFKMXJBCUCAI,SEBFKMXJBCUCAI,2025.10,NEGATIVE,[M-H]-,30.0,R1,ion_mode=NEGATIVE precursor_type=[M-H]-
MSBNK-Eawag-EQ00375953,MSBNK-Eawag-EQ00375953.txt,SEBFKMXJBCUCAI,SEBFKMXJBCUCAI,2025.10,NEGATIVE,[M-H]-,45.0,R1,ion_mode=NEGATIVE precursor_type=[M-H]-
MSBNK-Eawag-EQ00375954,MSBNK-Eawag-EQ00375954.txt,SEBFKMXJBCUCAI,SEBFKMXJBCUCAI,2025.10,NEGATIVE,[M-H]-,60.0,R1,ion_mode=NEGATIVE precursor_type=[M-H]-
MSBNK-Eawag-EQ00375955,MSBNK-Eawag-EQ00375955.txt,SEBFKMXJBCUCAI,SEBFKMXJBCUCAI,2025.10,NEGATIVE,[M-H]-,75.0,R1,ion_mode=NEGATIVE precursor_type=[M-H]-
MSBNK-Eawag-EQ00375956,MSBNK-Eawag-EQ00375956.txt,SEBFKMXJBCUCAI,SEBFKMXJBCUCAI,2025.10,NEGATIVE,[M-H]-,90.0,R1,ion_mode=NEGATIVE precursor_type=[M-H]-
MSBNK-Eawag-EQ00375957,MSBNK-Eawag-EQ00375957.txt,SEBFKMXJBCUCAI,SEBFKMXJBCUCAI,2025.10,NEGATIVE,[M-H]-,120.0,R1,ion_mode=NEGATIVE precursor_type=[M-H]-
MSBNK-Eawag-EQ00375958,MSBNK-Eawag-EQ00375958.txt,SEBFKMXJBCUCAI,SEBFKMXJBCUCAI,2025.10,NEGATIVE,[M-H]-,150.0,R1,ion_mode=NEGATIVE precursor_type=[M-H]-
MSBNK-Eawag-EQ00375959,MSBNK-Eawag-EQ00375959.txt,SEBFKMXJBCUCAI,SEBFKMXJBCUCAI,2025.10,NEGATIVE,[M-H]-,180.0,R1,ion_mode=NEGATIVE precursor_type=[M-H]-
MSBNK-Eawag-EQ00376601,MSBNK-Eawag-EQ00376601.txt,CFJMRBQWBDQYMK,CFJMRBQWBDQYMK,2024.11,POSITIVE,[M+H]+,15.0,R4,nce=15 not an adjudication cell (30 or 60)
MSBNK-Eawag-EQ00376602,MSBNK-Eawag-EQ00376602.txt,CFJMRBQWBDQYMK,CFJMRBQWBDQYMK,2024.11,POSITIVE,[M+H]+,30.0,R8,R8a: compound key in MassSpecGym 1.5 by the recorded InChIKey route
MSBNK-Eawag-EQ00376603,MSBNK-Eawag-EQ00376603.txt,CFJMRBQWBDQYMK,CFJMRBQWBDQYMK,2024.11,POSITIVE,[M+H]+,45.0,R4,nce=45 not an adjudication cell (30 or 60)
MSBNK-Eawag-EQ00376604,MSBNK-Eawag-EQ00376604.txt,CFJMRBQWBDQYMK,CFJMRBQWBDQYMK,2024.11,POSITIVE,[M+H]+,60.0,R8,R8a: compound key in MassSpecGym 1.5 by the recorded InChIKey route
MSBNK-Eawag-EQ00376605,MSBNK-Eawag-EQ00376605.txt,CFJMRBQWBDQYMK,CFJMRBQWBDQYMK,2024.11,POSITIVE,[M+H]+,75.0,R4,nce=75 not an adjudication cell (30 or 60)
MSBNK-Eawag-EQ00376606,MSBNK-Eawag-EQ00376606.txt,CFJMRBQWBDQYMK,CFJMRBQWBDQYMK,2024.11,POSITIVE,[M+H]+,90.0,R4,nce=90 not an adjudication cell (30 or 60)
MSBNK-Eawag-EQ00376607,MSBNK-Eawag-EQ00376607.txt,CFJMRBQWBDQYMK,CFJMRBQWBDQYMK,2024.11,POSITIVE,[M+H]+,120.0,R4,nce=120 not an adjudication cell (30 or 60)
MSBNK-Eawag-EQ00376608,MSBNK-Eawag-EQ00376608.txt,CFJMRBQWBDQYMK,CFJMRBQWBDQYMK,2024.11,POSITIVE,[M+H]+,150.0,R4,nce=150 not an adjudication cell (30 or 60)
MSBNK-Eawag-EQ00379301,MSBNK-Eawag-EQ00379301.txt,HKPHPIREJKHECO,HKPHPIREJKHECO,2024.11,POSITIVE,[M+H]+,15.0,R4,nce=15 not an adjudication cell (30 or 60)
MSBNK-Eawag-EQ00379302,MSBNK-Eawag-EQ00379302.txt,HKPHPIREJKHECO,HKPHPIREJKHECO,2024.11,POSITIVE,[M+H]+,30.0,R8,R8a: compound key in MassSpecGym 1.5 by the recorded InChIKey route
MSBNK-Eawag-EQ00379303,MSBNK-Eawag-EQ00379303.txt,HKPHPIREJKHECO,HKPHPIREJKHECO,2024.11,POSITIVE,[M+H]+,45.0,R4,nce=45 not an adjudication cell (30 or 60)
MSBNK-Eawag-EQ00379304,MSBNK-Eawag-EQ00379304.txt,HKPHPIREJKHECO,HKPHPIREJKHECO,2024.11,POSITIVE,[M+H]+,60.0,R8,R8a: compound key in MassSpecGym 1.5 by the recorded InChIKey route
MSBNK-Eawag-EQ00379305,MSBNK-Eawag-EQ00379305.txt,HKPHPIREJKHECO,HKPHPIREJKHECO,2024.11,POSITIVE,[M+H]+,75.0,R4,nce=75 not an adjudication cell (30 or 60)
MSBNK-Eawag-EQ00379306,MSBNK-Eawag-EQ00379306.txt,HKPHPIREJKHECO,HKPHPIREJKHECO,2024.11,POSITIVE,[M+H]+,90.0,R4,nce=90 not an adjudication cell (30 or 60)
MSBNK-Eawag-EQ00379501,MSBNK-Eawag-EQ00379501.txt,AMFGTOFWMRQMEM,AMFGTOFWMRQMEM,2024.11,POSITIVE,[M+H]+,15.0,R4,nce=15 not an adjudication cell (30 or 60)
MSBNK-Eawag-EQ00379502,MSBNK-Eawag-EQ00379502.txt,AMFGTOFWMRQMEM,AMFGTOFWMRQMEM,2024.11,POSITIVE,[M+H]+,30.0,R8,R8a: compound key in MassSpecGym 1.5 by the recorded InChIKey route
MSBNK-Eawag-EQ00379503,MSBNK-Eawag-EQ00379503.txt,AMFGTOFWMRQMEM,AMFGTOFWMRQMEM,2024.11,POSITIVE,[M+H]+,45.0,R4,nce=45 not an adjudication cell (30 or 60)
MSBNK-Eawag-EQ00379504,MSBNK-Eawag-EQ00379504.txt,AMFGTOFWMRQMEM,AMFGTOFWMRQMEM,2024.11,POSITIVE,[M+H]+,60.0,R8,R8a: compound key in MassSpecGym 1.5 by the recorded InChIKey route
MSBNK-Eawag-EQ00379505,MSBNK-Eawag-EQ00379505.txt,AMFGTOFWMRQMEM,AMFGTOFWMRQMEM,2024.11,POSITIVE,[M+H]+,75.0,R4,nce=75 not an adjudication cell (30 or 60)
MSBNK-Eawag-EQ00379506,MSBNK-Eawag-EQ00379506.txt,AMFGTOFWMRQMEM,AMFGTOFWMRQMEM,2024.11,POSITIVE,[M+H]+,90.0,R4,nce=90 not an adjudication cell (30 or 60)
MSBNK-Eawag-EQ00379507,MSBNK-Eawag-EQ00379507.txt,AMFGTOFWMRQMEM,AMFGTOFWMRQMEM,2024.11,POSITIVE,[M+H]+,120.0,R4,nce=120 not an adjudication cell (30 or 60)
MSBNK-Eawag-EQ00379508,MSBNK-Eawag-EQ00379508.txt,AMFGTOFWMRQMEM,AMFGTOFWMRQMEM,2024.11,POSITIVE,[M+H]+,150.0,R4,nce=150 not an adjudication cell (30 or 60)
MSBNK-Eawag-EQ00379509,MSBNK-Eawag-EQ00379509.txt,AMFGTOFWMRQMEM,AMFGTOFWMRQMEM,2024.11,POSITIVE,[M+H]+,180.0,R4,nce=180 not an adjudication cell (30 or 60)
MSBNK-Eawag-EQ00379901,MSBNK-Eawag-EQ00379901.txt,QYMMJNLHFKGANY,QYMMJNLHFKGANY,2024.11,POSITIVE,[M+H]+,15.0,R4,nce=15 not an adjudication cell (30 or 60)
MSBNK-Eawag-EQ00379902,MSBNK-Eawag-EQ00379902.txt,QYMMJNLHFKGANY,QYMMJNLHFKGANY,2024.11,POSITIVE,[M+H]+,30.0,R8,R8d: compound in the MURU exposure registry
MSBNK-Eawag-EQ00379903,MSBNK-Eawag-EQ00379903.txt,QYMMJNLHFKGANY,QYMMJNLHFKGANY,2024.11,POSITIVE,[M+H]+,45.0,R4,nce=45 not an adjudication cell (30 or 60)
MSBNK-Eawag-EQ00379904,MSBNK-Eawag-EQ00379904.txt,QYMMJNLHFKGANY,QYMMJNLHFKGANY,2024.11,POSITIVE,[M+H]+,60.0,R8,R8d: compound in the MURU exposure registry
MSBNK-Eawag-EQ00379905,MSBNK-Eawag-EQ00379905.txt,QYMMJNLHFKGANY,QYMMJNLHFKGANY,2024.11,POSITIVE,[M+H]+,75.0,R4,nce=75 not an adjudication cell (30 or 60)
MSBNK-Eawag-EQ00379906,MSBNK-Eawag-EQ00379906.txt,QYMMJNLHFKGANY,QYMMJNLHFKGANY,2024.11,POSITIVE,[M+H]+,90.0,R4,nce=90 not an adjudication cell (30 or 60)
MSBNK-Eawag-EQ00379907,MSBNK-Eawag-EQ00379907.txt,QYMMJNLHFKGANY,QYMMJNLHFKGANY,2024.11,POSITIVE,[M+H]+,120.0,R4,nce=120 not an adjudication cell (30 or 60)
MSBNK-Eawag-EQ00379908,MSBNK-Eawag-EQ00379908.txt,QYMMJNLHFKGANY,QYMMJNLHFKGANY,2024.11,POSITIVE,[M+H]+,150.0,R4,nce=150 not an adjudication cell (30 or 60)
MSBNK-Eawag-EQ00379909,MSBNK-Eawag-EQ00379909.txt,QYMMJNLHFKGANY,QYMMJNLHFKGANY,2024.11,POSITIVE,[M+H]+,180.0,R4,nce=180 not an adjudication cell (30 or 60)
MSBNK-Eawag-EQ00380701,MSBNK-Eawag-EQ00380701.txt,YBUIAJZFOGJGLJ,YBUIAJZFOGJGLJ,2024.11,POSITIVE,[M+H]+,15.0,R4,nce=15 not an adjudication cell (30 or 60)
MSBNK-Eawag-EQ00380702,MSBNK-Eawag-EQ00380702.txt,YBUIAJZFOGJGLJ,YBUIAJZFOGJGLJ,2024.11,POSITIVE,[M+H]+,30.0,R8,R8i: scaffold group guard: group in the MURU exposure registry
MSBNK-Eawag-EQ00381201,MSBNK-Eawag-EQ00381201.txt,COYBRKAVBMYYSF,COYBRKAVBMYYSF,2024.11,POSITIVE,[M+H]+,15.0,R4,nce=15 not an adjudication cell (30 or 60)
MSBNK-Eawag-EQ00381202,MSBNK-Eawag-EQ00381202.txt,COYBRKAVBMYYSF,COYBRKAVBMYYSF,2024.11,POSITIVE,[M+H]+,30.0,R8,R8a: compound key in MassSpecGym 1.5 by the recorded InChIKey route
MSBNK-Eawag-EQ00381203,MSBNK-Eawag-EQ00381203.txt,COYBRKAVBMYYSF,COYBRKAVBMYYSF,2024.11,POSITIVE,[M+H]+,45.0,R4,nce=45 not an adjudication cell (30 or 60)
MSBNK-Eawag-EQ00381204,MSBNK-Eawag-EQ00381204.txt,COYBRKAVBMYYSF,COYBRKAVBMYYSF,2024.11,POSITIVE,[M+H]+,60.0,R8,R8a: compound key in MassSpecGym 1.5 by the recorded InChIKey route
MSBNK-Eawag-EQ00381205,MSBNK-Eawag-EQ00381205.txt,COYBRKAVBMYYSF,COYBRKAVBMYYSF,2024.11,POSITIVE,[M+H]+,75.0,R4,nce=75 not an adjudication cell (30 or 60)
MSBNK-Eawag-EQ00381206,MSBNK-Eawag-EQ00381206.txt,COYBRKAVBMYYSF,COYBRKAVBMYYSF,2024.11,POSITIVE,[M+H]+,90.0,R4,nce=90 not an adjudication cell (30 or 60)
MSBNK-Eawag-EQ00381207,MSBNK-Eawag-EQ00381207.txt,COYBRKAVBMYYSF,COYBRKAVBMYYSF,2024.11,POSITIVE,[M+H]+,120.0,R4,nce=120 not an adjudication cell (30 or 60)
MSBNK-Eawag-EQ00381208,MSBNK-Eawag-EQ00381208.txt,COYBRKAVBMYYSF,COYBRKAVBMYYSF,2024.11,POSITIVE,[M+H]+,150.0,R4,nce=150 not an adjudication cell (30 or 60)
MSBNK-Eawag-EQ00381301,MSBNK-Eawag-EQ00381301.txt,MNHVNIJQQRJYDH,MNHVNIJQQRJYDH,2024.11,POSITIVE,[M+H]+,15.0,R4,nce=15 not an adjudication cell (30 or 60)
MSBNK-Eawag-EQ00381302,MSBNK-Eawag-EQ00381302.txt,MNHVNIJQQRJYDH,MNHVNIJQQRJYDH,2024.11,POSITIVE,[M+H]+,30.0,R8,R8a: compound key in MassSpecGym 1.5 by the recorded InChIKey route
MSBNK-Eawag-EQ00381303,MSBNK-Eawag-EQ00381303.txt,MNHVNIJQQRJYDH,MNHVNIJQQRJYDH,2024.11,POSITIVE,[M+H]+,45.0,R4,nce=45 not an adjudication cell (30 or 60)
MSBNK-Eawag-EQ00381304,MSBNK-Eawag-EQ00381304.txt,MNHVNIJQQRJYDH,MNHVNIJQQRJYDH,2024.11,POSITIVE,[M+H]+,60.0,R8,R8a: compound key in MassSpecGym 1.5 by the recorded InChIKey route
MSBNK-Eawag-EQ00381305,MSBNK-Eawag-EQ00381305.txt,MNHVNIJQQRJYDH,MNHVNIJQQRJYDH,2024.11,POSITIVE,[M+H]+,75.0,R4,nce=75 not an adjudication cell (30 or 60)
MSBNK-Eawag-EQ00381306,MSBNK-Eawag-EQ00381306.txt,MNHVNIJQQRJYDH,MNHVNIJQQRJYDH,2024.11,POSITIVE,[M+H]+,90.0,R4,nce=90 not an adjudication cell (30 or 60)
MSBNK-Eawag-EQ00381307,MSBNK-Eawag-EQ00381307.txt,MNHVNIJQQRJYDH,MNHVNIJQQRJYDH,2024.11,POSITIVE,[M+H]+,120.0,R4,nce=120 not an adjudication cell (30 or 60)
MSBNK-Eawag-EQ00381351,MSBNK-Eawag-EQ00381351.txt,MNHVNIJQQRJYDH,MNHVNIJQQRJYDH,2024.11,NEGATIVE,[M-H]-,15.0,R1,ion_mode=NEGATIVE precursor_type=[M-H]-
MSBNK-Eawag-EQ00381352,MSBNK-Eawag-EQ00381352.txt,MNHVNIJQQRJYDH,MNHVNIJQQRJYDH,2024.11,NEGATIVE,[M-H]-,30.0,R1,ion_mode=NEGATIVE precursor_type=[M-H]-
MSBNK-Eawag-EQ00381353,MSBNK-Eawag-EQ00381353.txt,MNHVNIJQQRJYDH,MNHVNIJQQRJYDH,2024.11,NEGATIVE,[M-H]-,45.0,R1,ion_mode=NEGATIVE precursor_type=[M-H]-
MSBNK-Eawag-EQ00381354,MSBNK-Eawag-EQ00381354.txt,MNHVNIJQQRJYDH,MNHVNIJQQRJYDH,2024.11,NEGATIVE,[M-H]-,60.0,R1,ion_mode=NEGATIVE precursor_type=[M-H]-
MSBNK-Eawag-EQ00381355,MSBNK-Eawag-EQ00381355.txt,MNHVNIJQQRJYDH,MNHVNIJQQRJYDH,2024.11,NEGATIVE,[M-H]-,75.0,R1,ion_mode=NEGATIVE precursor_type=[M-H]-
MSBNK-Eawag-EQ00381356,MSBNK-Eawag-EQ00381356.txt,MNHVNIJQQRJYDH,MNHVNIJQQRJYDH,2024.11,NEGATIVE,[M-H]-,90.0,R1,ion_mode=NEGATIVE precursor_type=[M-H]-
MSBNK-Eawag-EQ00381357,MSBNK-Eawag-EQ00381357.txt,MNHVNIJQQRJYDH,MNHVNIJQQRJYDH,2024.11,NEGATIVE,[M-H]-,120.0,R1,ion_mode=NEGATIVE precursor_type=[M-H]-
MSBNK-Eawag-EQ00381501,MSBNK-Eawag-EQ00381501.txt,DTDSAWVUFPGDMX,DTDSAWVUFPGDMX,2024.11,POSITIVE,[M+H]+,15.0,R4,nce=15 not an adjudication cell (30 or 60)
MSBNK-Eawag-EQ00381502,MSBNK-Eawag-EQ00381502.txt,DTDSAWVUFPGDMX,DTDSAWVUFPGDMX,2024.11,POSITIVE,[M+H]+,30.0,R8,R8a: compound key in MassSpecGym 1.5 by the recorded InChIKey route
MSBNK-Eawag-EQ00381503,MSBNK-Eawag-EQ00381503.txt,DTDSAWVUFPGDMX,DTDSAWVUFPGDMX,2024.11,POSITIVE,[M+H]+,45.0,R4,nce=45 not an adjudication cell (30 or 60)
MSBNK-Eawag-EQ00381504,MSBNK-Eawag-EQ00381504.txt,DTDSAWVUFPGDMX,DTDSAWVUFPGDMX,2024.11,POSITIVE,[M+H]+,60.0,R8,R8a: compound key in MassSpecGym 1.5 by the recorded InChIKey route
MSBNK-Eawag-EQ00381505,MSBNK-Eawag-EQ00381505.txt,DTDSAWVUFPGDMX,DTDSAWVUFPGDMX,2024.11,POSITIVE,[M+H]+,75.0,R4,nce=75 not an adjudication cell (30 or 60)
MSBNK-Eawag-EQ00388901,MSBNK-Eawag-EQ00388901.txt,DEQZTKGFXNUBJL,DEQZTKGFXNUBJL,2024.11,POSITIVE,[M+H]+,15.0,R4,nce=15 not an adjudication cell (30 or 60)
MSBNK-Eawag-EQ00388902,MSBNK-Eawag-EQ00388902.txt,DEQZTKGFXNUBJL,DEQZTKGFXNUBJL,2024.11,POSITIVE,[M+H]+,30.0,PASS,eligible
MSBNK-Eawag-EQ00388903,MSBNK-Eawag-EQ00388903.txt,DEQZTKGFXNUBJL,DEQZTKGFXNUBJL,2024.11,POSITIVE,[M+H]+,45.0,R4,nce=45 not an adjudication cell (30 or 60)
MSBNK-Eawag-EQ00388904,MSBNK-Eawag-EQ00388904.txt,DEQZTKGFXNUBJL,DEQZTKGFXNUBJL,2024.11,POSITIVE,[M+H]+,60.0,PASS,eligible
MSBNK-Eawag-EQ00388905,MSBNK-Eawag-EQ00388905.txt,DEQZTKGFXNUBJL,DEQZTKGFXNUBJL,2024.11,POSITIVE,[M+H]+,75.0,R4,nce=75 not an adjudication cell (30 or 60)
MSBNK-Eawag-EQ00388906,MSBNK-Eawag-EQ00388906.txt,DEQZTKGFXNUBJL,DEQZTKGFXNUBJL,2024.11,POSITIVE,[M+H]+,90.0,R4,nce=90 not an adjudication cell (30 or 60)
MSBNK-Eawag-EQ00389101,MSBNK-Eawag-EQ00389101.txt,JXSJBGJIGXNWCI,JXSJBGJIGXNWCI,2024.11,POSITIVE,[M+H]+,15.0,R4,nce=15 not an adjudication cell (30 or 60)
MSBNK-Eawag-EQ00389102,MSBNK-Eawag-EQ00389102.txt,JXSJBGJIGXNWCI,JXSJBGJIGXNWCI,2024.11,POSITIVE,[M+H]+,30.0,R8,R8a: compound key in MassSpecGym 1.5 by the recorded InChIKey route
MSBNK-Eawag-EQ00389103,MSBNK-Eawag-EQ00389103.txt,JXSJBGJIGXNWCI,JXSJBGJIGXNWCI,2024.11,POSITIVE,[M+H]+,45.0,R4,nce=45 not an adjudication cell (30 or 60)
MSBNK-Eawag-EQ00389104,MSBNK-Eawag-EQ00389104.txt,JXSJBGJIGXNWCI,JXSJBGJIGXNWCI,2024.11,POSITIVE,[M+H]+,60.0,R8,R8a: compound key in MassSpecGym 1.5 by the recorded InChIKey route
MSBNK-Eawag-EQ00389105,MSBNK-Eawag-EQ00389105.txt,JXSJBGJIGXNWCI,JXSJBGJIGXNWCI,2024.11,POSITIVE,[M+H]+,75.0,R4,nce=75 not an adjudication cell (30 or 60)
MSBNK-Eawag-EQ00389106,MSBNK-Eawag-EQ00389106.txt,JXSJBGJIGXNWCI,JXSJBGJIGXNWCI,2024.11,POSITIVE,[M+H]+,90.0,R4,nce=90 not an adjudication cell (30 or 60)
MSBNK-Eawag-EQ00396551,MSBNK-Eawag-EQ00396551.txt,JOXIMZWYDAKGHI,JOXIMZWYDAKGHI,2024.11,NEGATIVE,[M-H]-,15.0,R1,ion_mode=NEGATIVE precursor_type=[M-H]-
MSBNK-Eawag-EQ00396552,MSBNK-Eawag-EQ00396552.txt,JOXIMZWYDAKGHI,JOXIMZWYDAKGHI,2024.11,NEGATIVE,[M-H]-,30.0,R1,ion_mode=NEGATIVE precursor_type=[M-H]-
MSBNK-Eawag-EQ00396553,MSBNK-Eawag-EQ00396553.txt,JOXIMZWYDAKGHI,JOXIMZWYDAKGHI,2024.11,NEGATIVE,[M-H]-,45.0,R1,ion_mode=NEGATIVE precursor_type=[M-H]-
MSBNK-Eawag-EQ00396554,MSBNK-Eawag-EQ00396554.txt,JOXIMZWYDAKGHI,JOXIMZWYDAKGHI,2024.11,NEGATIVE,[M-H]-,60.0,R1,ion_mode=NEGATIVE precursor_type=[M-H]-
MSBNK-Eawag-EQ00396555,MSBNK-Eawag-EQ00396555.txt,JOXIMZWYDAKGHI,JOXIMZWYDAKGHI,2024.11,NEGATIVE,[M-H]-,75.0,R1,ion_mode=NEGATIVE precursor_type=[M-H]-
MSBNK-Eawag-EQ00396556,MSBNK-Eawag-EQ00396556.txt,JOXIMZWYDAKGHI,JOXIMZWYDAKGHI,2024.11,NEGATIVE,[M-H]-,90.0,R1,ion_mode=NEGATIVE precursor_type=[M-H]-
MSBNK-Eawag-EQ00396557,MSBNK-Eawag-EQ00396557.txt,JOXIMZWYDAKGHI,JOXIMZWYDAKGHI,2024.11,NEGATIVE,[M-H]-,120.0,R1,ion_mode=NEGATIVE precursor_type=[M-H]-
MSBNK-Eawag-EQ00396558,MSBNK-Eawag-EQ00396558.txt,JOXIMZWYDAKGHI,JOXIMZWYDAKGHI,2024.11,NEGATIVE,[M-H]-,150.0,R1,ion_mode=NEGATIVE precursor_type=[M-H]-
MSBNK-Eawag-EQ00396559,MSBNK-Eawag-EQ00396559.txt,JOXIMZWYDAKGHI,JOXIMZWYDAKGHI,2024.11,NEGATIVE,[M-H]-,180.0,R1,ion_mode=NEGATIVE precursor_type=[M-H]-
MSBNK-Eawag-EQ00398001,MSBNK-Eawag-EQ00398001.txt,QNGVNLMMEQUVQK,QNGVNLMMEQUVQK,2024.11,POSITIVE,[M+H]+,15.0,R4,nce=15 not an adjudication cell (30 or 60)
MSBNK-Eawag-EQ00398002,MSBNK-Eawag-EQ00398002.txt,QNGVNLMMEQUVQK,QNGVNLMMEQUVQK,2024.11,POSITIVE,[M+H]+,30.0,R8,R8i: scaffold group guard: group in the MURU exposure registry
MSBNK-Eawag-EQ00398003,MSBNK-Eawag-EQ00398003.txt,QNGVNLMMEQUVQK,QNGVNLMMEQUVQK,2024.11,POSITIVE,[M+H]+,45.0,R4,nce=45 not an adjudication cell (30 or 60)
MSBNK-Eawag-EQ00398004,MSBNK-Eawag-EQ00398004.txt,QNGVNLMMEQUVQK,QNGVNLMMEQUVQK,2024.11,POSITIVE,[M+H]+,60.0,R8,R8i: scaffold group guard: group in the MURU exposure registry
MSBNK-Eawag-EQ00398005,MSBNK-Eawag-EQ00398005.txt,QNGVNLMMEQUVQK,QNGVNLMMEQUVQK,2024.11,POSITIVE,[M+H]+,75.0,R4,nce=75 not an adjudication cell (30 or 60)
MSBNK-Eawag-EQ00398006,MSBNK-Eawag-EQ00398006.txt,QNGVNLMMEQUVQK,QNGVNLMMEQUVQK,2024.11,POSITIVE,[M+H]+,90.0,R4,nce=90 not an adjudication cell (30 or 60)
MSBNK-Eawag-EQ00398007,MSBNK-Eawag-EQ00398007.txt,QNGVNLMMEQUVQK,QNGVNLMMEQUVQK,2024.11,POSITIVE,[M+H]+,120.0,R4,nce=120 not an adjudication cell (30 or 60)
MSBNK-Eawag-EQ00398008,MSBNK-Eawag-EQ00398008.txt,QNGVNLMMEQUVQK,QNGVNLMMEQUVQK,2024.11,POSITIVE,[M+H]+,150.0,R4,nce=150 not an adjudication cell (30 or 60)
MSBNK-Eawag-EQ00398401,MSBNK-Eawag-EQ00398401.txt,IQFYYKKMVGJFEH,IQFYYKKMVGJFEH,2025.10,POSITIVE,[M+H]+,15.0,R4,nce=15 not an adjudication cell (30 or 60)
MSBNK-Eawag-EQ00398402,MSBNK-Eawag-EQ00398402.txt,IQFYYKKMVGJFEH,IQFYYKKMVGJFEH,2025.10,POSITIVE,[M+H]+,30.0,R8,R8a: compound key in MassSpecGym 1.5 by the recorded InChIKey route
MSBNK-Eawag-EQ00398403,MSBNK-Eawag-EQ00398403.txt,IQFYYKKMVGJFEH,IQFYYKKMVGJFEH,2025.10,POSITIVE,[M+H]+,45.0,R4,nce=45 not an adjudication cell (30 or 60)
MSBNK-Eawag-EQ00398404,MSBNK-Eawag-EQ00398404.txt,IQFYYKKMVGJFEH,IQFYYKKMVGJFEH,2025.10,POSITIVE,[M+H]+,60.0,R8,R8a: compound key in MassSpecGym 1.5 by the recorded InChIKey route
MSBNK-Eawag-EQ00398405,MSBNK-Eawag-EQ00398405.txt,IQFYYKKMVGJFEH,IQFYYKKMVGJFEH,2025.10,POSITIVE,[M+H]+,75.0,R4,nce=75 not an adjudication cell (30 or 60)
MSBNK-Eawag-EQ00398406,MSBNK-Eawag-EQ00398406.txt,IQFYYKKMVGJFEH,IQFYYKKMVGJFEH,2025.10,POSITIVE,[M+H]+,90.0,R4,nce=90 not an adjudication cell (30 or 60)
MSBNK-Eawag-EQ00398407,MSBNK-Eawag-EQ00398407.txt,IQFYYKKMVGJFEH,IQFYYKKMVGJFEH,2025.10,POSITIVE,[M+H]+,120.0,R4,nce=120 not an adjudication cell (30 or 60)
MSBNK-Eawag-EQ00398408,MSBNK-Eawag-EQ00398408.txt,IQFYYKKMVGJFEH,IQFYYKKMVGJFEH,2025.10,POSITIVE,[M+H]+,150.0,R4,nce=150 not an adjudication cell (30 or 60)
MSBNK-Eawag-EQ00398451,MSBNK-Eawag-EQ00398451.txt,IQFYYKKMVGJFEH,IQFYYKKMVGJFEH,2025.10,NEGATIVE,[M-H]-,15.0,R1,ion_mode=NEGATIVE precursor_type=[M-H]-
MSBNK-Eawag-EQ00398452,MSBNK-Eawag-EQ00398452.txt,IQFYYKKMVGJFEH,IQFYYKKMVGJFEH,2025.10,NEGATIVE,[M-H]-,30.0,R1,ion_mode=NEGATIVE precursor_type=[M-H]-
MSBNK-Eawag-EQ00400001,MSBNK-Eawag-EQ00400001.txt,IDCPFAYURAQKDZ,IDCPFAYURAQKDZ,dev,POSITIVE,[M+H]+,15.0,R4,nce=15 not an adjudication cell (30 or 60)
MSBNK-Eawag-EQ00400002,MSBNK-Eawag-EQ00400002.txt,IDCPFAYURAQKDZ,IDCPFAYURAQKDZ,dev,POSITIVE,[M+H]+,30.0,R5,"first_ref=dev not a tagged release ['2024.06', '2024.11', '2025.10']"
MSBNK-Eawag-EQ00400003,MSBNK-Eawag-EQ00400003.txt,IDCPFAYURAQKDZ,IDCPFAYURAQKDZ,dev,POSITIVE,[M+H]+,45.0,R4,nce=45 not an adjudication cell (30 or 60)
MSBNK-Eawag-EQ00400004,MSBNK-Eawag-EQ00400004.txt,IDCPFAYURAQKDZ,IDCPFAYURAQKDZ,dev,POSITIVE,[M+H]+,60.0,R5,"first_ref=dev not a tagged release ['2024.06', '2024.11', '2025.10']"
MSBNK-Eawag-EQ00400005,MSBNK-Eawag-EQ00400005.txt,IDCPFAYURAQKDZ,IDCPFAYURAQKDZ,dev,POSITIVE,[M+H]+,75.0,R4,nce=75 not an adjudication cell (30 or 60)
MSBNK-Eawag-EQ00400006,MSBNK-Eawag-EQ00400006.txt,IDCPFAYURAQKDZ,IDCPFAYURAQKDZ,dev,POSITIVE,[M+H]+,90.0,R4,nce=90 not an adjudication cell (30 or 60)
MSBNK-Eawag-EQ00400007,MSBNK-Eawag-EQ00400007.txt,IDCPFAYURAQKDZ,IDCPFAYURAQKDZ,dev,POSITIVE,[M+H]+,120.0,R4,nce=120 not an adjudication cell (30 or 60)
MSBNK-Eawag-EQ00400008,MSBNK-Eawag-EQ00400008.txt,IDCPFAYURAQKDZ,IDCPFAYURAQKDZ,dev,POSITIVE,[M+H]+,150.0,R4,nce=150 not an adjudication cell (30 or 60)
MSBNK-Eawag-EQ00400009,MSBNK-Eawag-EQ00400009.txt,IDCPFAYURAQKDZ,IDCPFAYURAQKDZ,dev,POSITIVE,[M+H]+,180.0,R4,nce=180 not an adjudication cell (30 or 60)
MSBNK-Eawag-EQ00400051,MSBNK-Eawag-EQ00400051.txt,IDCPFAYURAQKDZ,IDCPFAYURAQKDZ,dev,NEGATIVE,[M-H]-,15.0,R1,ion_mode=NEGATIVE precursor_type=[M-H]-
MSBNK-Eawag-EQ00400052,MSBNK-Eawag-EQ00400052.txt,IDCPFAYURAQKDZ,IDCPFAYURAQKDZ,dev,NEGATIVE,[M-H]-,30.0,R1,ion_mode=NEGATIVE precursor_type=[M-H]-
MSBNK-Eawag-EQ00400053,MSBNK-Eawag-EQ00400053.txt,IDCPFAYURAQKDZ,IDCPFAYURAQKDZ,dev,NEGATIVE,[M-H]-,45.0,R1,ion_mode=NEGATIVE precursor_type=[M-H]-
MSBNK-Eawag-EQ00400054,MSBNK-Eawag-EQ00400054.txt,IDCPFAYURAQKDZ,IDCPFAYURAQKDZ,dev,NEGATIVE,[M-H]-,60.0,R1,ion_mode=NEGATIVE precursor_type=[M-H]-
MSBNK-Eawag-EQ00400055,MSBNK-Eawag-EQ00400055.txt,IDCPFAYURAQKDZ,IDCPFAYURAQKDZ,dev,NEGATIVE,[M-H]-,75.0,R1,ion_mode=NEGATIVE precursor_type=[M-H]-
MSBNK-Eawag-EQ00400056,MSBNK-Eawag-EQ00400056.txt,IDCPFAYURAQKDZ,IDCPFAYURAQKDZ,dev,NEGATIVE,[M-H]-,90.0,R1,ion_mode=NEGATIVE precursor_type=[M-H]-
MSBNK-Eawag-EQ00400057,MSBNK-Eawag-EQ00400057.txt,IDCPFAYURAQKDZ,IDCPFAYURAQKDZ,dev,NEGATIVE,[M-H]-,120.0,R1,ion_mode=NEGATIVE precursor_type=[M-H]-
MSBNK-Eawag-EQ00400058,MSBNK-Eawag-EQ00400058.txt,IDCPFAYURAQKDZ,IDCPFAYURAQKDZ,dev,NEGATIVE,[M-H]-,150.0,R1,ion_mode=NEGATIVE precursor_type=[M-H]-
MSBNK-Eawag-EQ00400059,MSBNK-Eawag-EQ00400059.txt,IDCPFAYURAQKDZ,IDCPFAYURAQKDZ,dev,NEGATIVE,[M-H]-,180.0,R1,ion_mode=NEGATIVE precursor_type=[M-H]-
MSBNK-Eawag-EQ00407702,MSBNK-Eawag-EQ00407702.txt,IDQNBVFPZMCDDN,IDQNBVFPZMCDDN,dev,POSITIVE,[M+H]+,30.0,R5,"first_ref=dev not a tagged release ['2024.06', '2024.11', '2025.10']"
MSBNK-Eawag-EQ00407703,MSBNK-Eawag-EQ00407703.txt,IDQNBVFPZMCDDN,IDQNBVFPZMCDDN,dev,POSITIVE,[M+H]+,45.0,R4,nce=45 not an adjudication cell (30 or 60)
MSBNK-Eawag-EQ00407704,MSBNK-Eawag-EQ00407704.txt,IDQNBVFPZMCDDN,IDQNBVFPZMCDDN,dev,POSITIVE,[M+H]+,60.0,R5,"first_ref=dev not a tagged release ['2024.06', '2024.11', '2025.10']"
MSBNK-Eawag-EQ00407705,MSBNK-Eawag-EQ00407705.txt,IDQNBVFPZMCDDN,IDQNBVFPZMCDDN,dev,POSITIVE,[M+H]+,75.0,R4,nce=75 not an adjudication cell (30 or 60)
MSBNK-Eawag-EQ00407706,MSBNK-Eawag-EQ00407706.txt,IDQNBVFPZMCDDN,IDQNBVFPZMCDDN,dev,POSITIVE,[M+H]+,90.0,R4,nce=90 not an adjudication cell (30 or 60)
MSBNK-Eawag-EQ00407707,MSBNK-Eawag-EQ00407707.txt,IDQNBVFPZMCDDN,IDQNBVFPZMCDDN,dev,POSITIVE,[M+H]+,120.0,R4,nce=120 not an adjudication cell (30 or 60)
MSBNK-Eawag-EQ00407708,MSBNK-Eawag-EQ00407708.txt,IDQNBVFPZMCDDN,IDQNBVFPZMCDDN,dev,POSITIVE,[M+H]+,150.0,R4,nce=150 not an adjudication cell (30 or 60)
MSBNK-Eawag-EQ00407709,MSBNK-Eawag-EQ00407709.txt,IDQNBVFPZMCDDN,IDQNBVFPZMCDDN,dev,POSITIVE,[M+H]+,180.0,R4,nce=180 not an adjudication cell (30 or 60)
MSBNK-Eawag-EQ00409201,MSBNK-Eawag-EQ00409201.txt,IXSZQYVWNJNRAL,IXSZQYVWNJNRAL,2024.11,POSITIVE,[M+H]+,15.0,R4,nce=15 not an adjudication cell (30 or 60)
MSBNK-Eawag-EQ00409202,MSBNK-Eawag-EQ00409202.txt,IXSZQYVWNJNRAL,IXSZQYVWNJNRAL,2024.11,POSITIVE,[M+H]+,30.0,R8,R8a: compound key in MassSpecGym 1.5 by the recorded InChIKey route
MSBNK-Eawag-EQ00409203,MSBNK-Eawag-EQ00409203.txt,IXSZQYVWNJNRAL,IXSZQYVWNJNRAL,2024.11,POSITIVE,[M+H]+,45.0,R4,nce=45 not an adjudication cell (30 or 60)
MSBNK-Eawag-EQ00409204,MSBNK-Eawag-EQ00409204.txt,IXSZQYVWNJNRAL,IXSZQYVWNJNRAL,2024.11,POSITIVE,[M+H]+,60.0,R8,R8a: compound key in MassSpecGym 1.5 by the recorded InChIKey route
MSBNK-Eawag-EQ00409205,MSBNK-Eawag-EQ00409205.txt,IXSZQYVWNJNRAL,IXSZQYVWNJNRAL,2024.11,POSITIVE,[M+H]+,75.0,R4,nce=75 not an adjudication cell (30 or 60)
MSBNK-Eawag-EQ00410201,MSBNK-Eawag-EQ00410201.txt,SYJGKVOENHZYMQ,SYJGKVOENHZYMQ,2024.11,POSITIVE,[M+H]+,15.0,R4,nce=15 not an adjudication cell (30 or 60)
MSBNK-Eawag-EQ00410202,MSBNK-Eawag-EQ00410202.txt,SYJGKVOENHZYMQ,SYJGKVOENHZYMQ,2024.11,POSITIVE,[M+H]+,30.0,R8,R8a: compound key in MassSpecGym 1.5 by the recorded InChIKey route
MSBNK-Eawag-EQ00410203,MSBNK-Eawag-EQ00410203.txt,SYJGKVOENHZYMQ,SYJGKVOENHZYMQ,2024.11,POSITIVE,[M+H]+,45.0,R4,nce=45 not an adjudication cell (30 or 60)
MSBNK-Eawag-EQ00410204,MSBNK-Eawag-EQ00410204.txt,SYJGKVOENHZYMQ,SYJGKVOENHZYMQ,2024.11,POSITIVE,[M+H]+,60.0,R8,R8a: compound key in MassSpecGym 1.5 by the recorded InChIKey route
MSBNK-Eawag-EQ00410251,MSBNK-Eawag-EQ00410251.txt,SYJGKVOENHZYMQ,SYJGKVOENHZYMQ,2024.11,NEGATIVE,[M-H]-,15.0,R1,ion_mode=NEGATIVE precursor_type=[M-H]-
MSBNK-Eawag-EQ00410252,MSBNK-Eawag-EQ00410252.txt,SYJGKVOENHZYMQ,SYJGKVOENHZYMQ,2024.11,NEGATIVE,[M-H]-,30.0,R1,ion_mode=NEGATIVE precursor_type=[M-H]-
MSBNK-Eawag-EQ00413101,MSBNK-Eawag-EQ00413101.txt,IHUNBGSDBOWDMA,IHUNBGSDBOWDMA,2024.11,POSITIVE,[M+H]+,15.0,R4,nce=15 not an adjudication cell (30 or 60)
MSBNK-Eawag-EQ00413102,MSBNK-Eawag-EQ00413102.txt,IHUNBGSDBOWDMA,IHUNBGSDBOWDMA,2024.11,POSITIVE,[M+H]+,30.0,R8,R8a: compound key in MassSpecGym 1.5 by the recorded InChIKey route
MSBNK-Eawag-EQ00413401,MSBNK-Eawag-EQ00413401.txt,GKQPCPXONLDCMU,GKQPCPXONLDCMU,2024.11,POSITIVE,[M+H]+,15.0,R4,nce=15 not an adjudication cell (30 or 60)
MSBNK-Eawag-EQ00413402,MSBNK-Eawag-EQ00413402.txt,GKQPCPXONLDCMU,GKQPCPXONLDCMU,2024.11,POSITIVE,[M+H]+,30.0,R8,R8a: compound key in MassSpecGym 1.5 by the recorded InChIKey route
MSBNK-Eawag-EQ00413451,MSBNK-Eawag-EQ00413451.txt,GKQPCPXONLDCMU,GKQPCPXONLDCMU,2024.11,NEGATIVE,[M-H]-,15.0,R1,ion_mode=NEGATIVE precursor_type=[M-H]-
MSBNK-Eawag-EQ00413452,MSBNK-Eawag-EQ00413452.txt,GKQPCPXONLDCMU,GKQPCPXONLDCMU,2024.11,NEGATIVE,[M-H]-,30.0,R1,ion_mode=NEGATIVE precursor_type=[M-H]-
MSBNK-Eawag-EQ00413453,MSBNK-Eawag-EQ00413453.txt,GKQPCPXONLDCMU,GKQPCPXONLDCMU,2024.11,NEGATIVE,[M-H]-,45.0,R1,ion_mode=NEGATIVE precursor_type=[M-H]-
MSBNK-Eawag-EQ00413454,MSBNK-Eawag-EQ00413454.txt,GKQPCPXONLDCMU,GKQPCPXONLDCMU,2024.11,NEGATIVE,[M-H]-,60.0,R1,ion_mode=NEGATIVE precursor_type=[M-H]-
MSBNK-Eawag-EQ00413455,MSBNK-Eawag-EQ00413455.txt,GKQPCPXONLDCMU,GKQPCPXONLDCMU,2024.11,NEGATIVE,[M-H]-,75.0,R1,ion_mode=NEGATIVE precursor_type=[M-H]-
MSBNK-Eawag-EQ00413456,MSBNK-Eawag-EQ00413456.txt,GKQPCPXONLDCMU,GKQPCPXONLDCMU,2024.11,NEGATIVE,[M-H]-,90.0,R1,ion_mode=NEGATIVE precursor_type=[M-H]-
MSBNK-Eawag-EQ00414501,MSBNK-Eawag-EQ00414501.txt,VIUDTWATMPPKEL,VIUDTWATMPPKEL,2024.11,POSITIVE,[M+H]+,15.0,R4,nce=15 not an adjudication cell (30 or 60)
MSBNK-Eawag-EQ00414502,MSBNK-Eawag-EQ00414502.txt,VIUDTWATMPPKEL,VIUDTWATMPPKEL,2024.11,POSITIVE,[M+H]+,30.0,R8,R8i: scaffold group guard: group in the MURU exposure registry
MSBNK-Eawag-EQ00414503,MSBNK-Eawag-EQ00414503.txt,VIUDTWATMPPKEL,VIUDTWATMPPKEL,2024.11,POSITIVE,[M+H]+,45.0,R4,nce=45 not an adjudication cell (30 or 60)
MSBNK-Eawag-EQ00414504,MSBNK-Eawag-EQ00414504.txt,VIUDTWATMPPKEL,VIUDTWATMPPKEL,2024.11,POSITIVE,[M+H]+,60.0,R8,R8i: scaffold group guard: group in the MURU exposure registry
MSBNK-Eawag-EQ00414505,MSBNK-Eawag-EQ00414505.txt,VIUDTWATMPPKEL,VIUDTWATMPPKEL,2024.11,POSITIVE,[M+H]+,75.0,R4,nce=75 not an adjudication cell (30 or 60)
MSBNK-Eawag-EQ00414506,MSBNK-Eawag-EQ00414506.txt,VIUDTWATMPPKEL,VIUDTWATMPPKEL,2024.11,POSITIVE,[M+H]+,90.0,R4,nce=90 not an adjudication cell (30 or 60)
MSBNK-Eawag-EQ00416351,MSBNK-Eawag-EQ00416351.txt,IIACRCGMVDHOTQ,IIACRCGMVDHOTQ,2024.11,NEGATIVE,[M-H]-,15.0,R1,ion_mode=NEGATIVE precursor_type=[M-H]-
MSBNK-Eawag-EQ00416352,MSBNK-Eawag-EQ00416352.txt,IIACRCGMVDHOTQ,IIACRCGMVDHOTQ,2024.11,NEGATIVE,[M-H]-,30.0,R1,ion_mode=NEGATIVE precursor_type=[M-H]-
MSBNK-Eawag-EQ00416353,MSBNK-Eawag-EQ00416353.txt,IIACRCGMVDHOTQ,IIACRCGMVDHOTQ,2024.11,NEGATIVE,[M-H]-,45.0,R1,ion_mode=NEGATIVE precursor_type=[M-H]-
MSBNK-Eawag-EQ00416354,MSBNK-Eawag-EQ00416354.txt,IIACRCGMVDHOTQ,IIACRCGMVDHOTQ,2024.11,NEGATIVE,[M-H]-,60.0,R1,ion_mode=NEGATIVE precursor_type=[M-H]-
MSBNK-Eawag-EQ00416355,MSBNK-Eawag-EQ00416355.txt,IIACRCGMVDHOTQ,IIACRCGMVDHOTQ,2024.11,NEGATIVE,[M-H]-,75.0,R1,ion_mode=NEGATIVE precursor_type=[M-H]-
MSBNK-Eawag-EQ00416356,MSBNK-Eawag-EQ00416356.txt,IIACRCGMVDHOTQ,IIACRCGMVDHOTQ,2024.11,NEGATIVE,[M-H]-,90.0,R1,ion_mode=NEGATIVE precursor_type=[M-H]-
MSBNK-Eawag-EQ00416357,MSBNK-Eawag-EQ00416357.txt,IIACRCGMVDHOTQ,IIACRCGMVDHOTQ,2024.11,NEGATIVE,[M-H]-,120.0,R1,ion_mode=NEGATIVE precursor_type=[M-H]-
MSBNK-Eawag-EQ00416358,MSBNK-Eawag-EQ00416358.txt,IIACRCGMVDHOTQ,IIACRCGMVDHOTQ,2024.11,NEGATIVE,[M-H]-,150.0,R1,ion_mode=NEGATIVE precursor_type=[M-H]-
MSBNK-Eawag-EQ00416359,MSBNK-Eawag-EQ00416359.txt,IIACRCGMVDHOTQ,IIACRCGMVDHOTQ,2024.11,NEGATIVE,[M-H]-,180.0,R1,ion_mode=NEGATIVE precursor_type=[M-H]-
MSBNK-Eawag-EQ00425801,MSBNK-Eawag-EQ00425801.txt,KNHUKKLJHYUCFP,KNHUKKLJHYUCFP,2024.11,POSITIVE,[M+H]+,15.0,R4,nce=15 not an adjudication cell (30 or 60)
MSBNK-Eawag-EQ00425802,MSBNK-Eawag-EQ00425802.txt,KNHUKKLJHYUCFP,KNHUKKLJHYUCFP,2024.11,POSITIVE,[M+H]+,30.0,R8,R8a: compound key in MassSpecGym 1.5 by the recorded InChIKey route
MSBNK-Eawag-EQ00425803,MSBNK-Eawag-EQ00425803.txt,KNHUKKLJHYUCFP,KNHUKKLJHYUCFP,2024.11,POSITIVE,[M+H]+,45.0,R4,nce=45 not an adjudication cell (30 or 60)
MSBNK-Eawag-EQ00425804,MSBNK-Eawag-EQ00425804.txt,KNHUKKLJHYUCFP,KNHUKKLJHYUCFP,2024.11,POSITIVE,[M+H]+,60.0,R8,R8a: compound key in MassSpecGym 1.5 by the recorded InChIKey route
MSBNK-Eawag-EQ00425805,MSBNK-Eawag-EQ00425805.txt,KNHUKKLJHYUCFP,KNHUKKLJHYUCFP,2024.11,POSITIVE,[M+H]+,75.0,R4,nce=75 not an adjudication cell (30 or 60)
MSBNK-Eawag-EQ00425806,MSBNK-Eawag-EQ00425806.txt,KNHUKKLJHYUCFP,KNHUKKLJHYUCFP,2024.11,POSITIVE,[M+H]+,90.0,R4,nce=90 not an adjudication cell (30 or 60)
MSBNK-Eawag-EQ00428701,MSBNK-Eawag-EQ00428701.txt,GDFCSMCGLZFNFY,GDFCSMCGLZFNFY,2024.11,POSITIVE,[M+H]+,15.0,R4,nce=15 not an adjudication cell (30 or 60)
MSBNK-Eawag-EQ00428702,MSBNK-Eawag-EQ00428702.txt,GDFCSMCGLZFNFY,GDFCSMCGLZFNFY,2024.11,POSITIVE,[M+H]+,30.0,R8,R8a: compound key in MassSpecGym 1.5 by the recorded InChIKey route
MSBNK-Eawag-EQ00428703,MSBNK-Eawag-EQ00428703.txt,GDFCSMCGLZFNFY,GDFCSMCGLZFNFY,2024.11,POSITIVE,[M+H]+,45.0,R4,nce=45 not an adjudication cell (30 or 60)
MSBNK-Eawag-EQ00428704,MSBNK-Eawag-EQ00428704.txt,GDFCSMCGLZFNFY,GDFCSMCGLZFNFY,2024.11,POSITIVE,[M+H]+,60.0,R8,R8a: compound key in MassSpecGym 1.5 by the recorded InChIKey route
MSBNK-Eawag-EQ00428705,MSBNK-Eawag-EQ00428705.txt,GDFCSMCGLZFNFY,GDFCSMCGLZFNFY,2024.11,POSITIVE,[M+H]+,75.0,R4,nce=75 not an adjudication cell (30 or 60)
MSBNK-Eawag-EQ00428706,MSBNK-Eawag-EQ00428706.txt,GDFCSMCGLZFNFY,GDFCSMCGLZFNFY,2024.11,POSITIVE,[M+H]+,90.0,R4,nce=90 not an adjudication cell (30 or 60)
MSBNK-Eawag-EQ00428707,MSBNK-Eawag-EQ00428707.txt,GDFCSMCGLZFNFY,GDFCSMCGLZFNFY,2024.11,POSITIVE,[M+H]+,120.0,R4,nce=120 not an adjudication cell (30 or 60)
MSBNK-Eawag-EQ00429301,MSBNK-Eawag-EQ00429301.txt,NJYZCEFQAIUHSD,NJYZCEFQAIUHSD,2024.11,POSITIVE,[M+H]+,15.0,R4,nce=15 not an adjudication cell (30 or 60)
MSBNK-Eawag-EQ00429302,MSBNK-Eawag-EQ00429302.txt,NJYZCEFQAIUHSD,NJYZCEFQAIUHSD,2024.11,POSITIVE,[M+H]+,30.0,R8,R8d: compound in the MURU exposure registry
MSBNK-Eawag-EQ00429303,MSBNK-Eawag-EQ00429303.txt,NJYZCEFQAIUHSD,NJYZCEFQAIUHSD,2024.11,POSITIVE,[M+H]+,45.0,R4,nce=45 not an adjudication cell (30 or 60)
MSBNK-Eawag-EQ00429304,MSBNK-Eawag-EQ00429304.txt,NJYZCEFQAIUHSD,NJYZCEFQAIUHSD,2024.11,POSITIVE,[M+H]+,60.0,R8,R8d: compound in the MURU exposure registry
MSBNK-Eawag-EQ00429305,MSBNK-Eawag-EQ00429305.txt,NJYZCEFQAIUHSD,NJYZCEFQAIUHSD,2024.11,POSITIVE,[M+H]+,75.0,R4,nce=75 not an adjudication cell (30 or 60)
MSBNK-Eawag-EQ00429306,MSBNK-Eawag-EQ00429306.txt,NJYZCEFQAIUHSD,NJYZCEFQAIUHSD,2024.11,POSITIVE,[M+H]+,90.0,R4,nce=90 not an adjudication cell (30 or 60)
MSBNK-Eawag-EQ00429307,MSBNK-Eawag-EQ00429307.txt,NJYZCEFQAIUHSD,NJYZCEFQAIUHSD,2024.11,POSITIVE,[M+H]+,120.0,R4,nce=120 not an adjudication cell (30 or 60)
MSBNK-Eawag-EQ00429308,MSBNK-Eawag-EQ00429308.txt,NJYZCEFQAIUHSD,NJYZCEFQAIUHSD,2024.11,POSITIVE,[M+H]+,150.0,R4,nce=150 not an adjudication cell (30 or 60)
MSBNK-Eawag-EQ00429309,MSBNK-Eawag-EQ00429309.txt,NJYZCEFQAIUHSD,NJYZCEFQAIUHSD,2024.11,POSITIVE,[M+H]+,180.0,R4,nce=180 not an adjudication cell (30 or 60)
MSBNK-Eawag-EQ00429401,MSBNK-Eawag-EQ00429401.txt,IMNIMPAHZVJRPE,IMNIMPAHZVJRPE,2024.11,POSITIVE,[M+H]+,15.0,R4,nce=15 not an adjudication cell (30 or 60)
MSBNK-Eawag-EQ00429402,MSBNK-Eawag-EQ00429402.txt,IMNIMPAHZVJRPE,IMNIMPAHZVJRPE,2024.11,POSITIVE,[M+H]+,30.0,R8,R8a: compound key in MassSpecGym 1.5 by the recorded InChIKey route
MSBNK-Eawag-EQ00429403,MSBNK-Eawag-EQ00429403.txt,IMNIMPAHZVJRPE,IMNIMPAHZVJRPE,2024.11,POSITIVE,[M+H]+,45.0,R4,nce=45 not an adjudication cell (30 or 60)
MSBNK-Eawag-EQ00429404,MSBNK-Eawag-EQ00429404.txt,IMNIMPAHZVJRPE,IMNIMPAHZVJRPE,2024.11,POSITIVE,[M+H]+,60.0,R8,R8a: compound key in MassSpecGym 1.5 by the recorded InChIKey route
MSBNK-Eawag-EQ00429405,MSBNK-Eawag-EQ00429405.txt,IMNIMPAHZVJRPE,IMNIMPAHZVJRPE,2024.11,POSITIVE,[M+H]+,75.0,R4,nce=75 not an adjudication cell (30 or 60)
MSBNK-Eawag-EQ00429406,MSBNK-Eawag-EQ00429406.txt,IMNIMPAHZVJRPE,IMNIMPAHZVJRPE,2024.11,POSITIVE,[M+H]+,90.0,R4,nce=90 not an adjudication cell (30 or 60)
MSBNK-Eawag-EQ00429407,MSBNK-Eawag-EQ00429407.txt,IMNIMPAHZVJRPE,IMNIMPAHZVJRPE,2024.11,POSITIVE,[M+H]+,120.0,R4,nce=120 not an adjudication cell (30 or 60)
MSBNK-Eawag-EQ00429408,MSBNK-Eawag-EQ00429408.txt,IMNIMPAHZVJRPE,IMNIMPAHZVJRPE,2024.11,POSITIVE,[M+H]+,150.0,R4,nce=150 not an adjudication cell (30 or 60)
MSBNK-Eawag-EQ00429901,MSBNK-Eawag-EQ00429901.txt,KKFDCBRMNNSAAW,KKFDCBRMNNSAAW,2024.11,POSITIVE,[M+H]+,15.0,R4,nce=15 not an adjudication cell (30 or 60)
MSBNK-Eawag-EQ00429902,MSBNK-Eawag-EQ00429902.txt,KKFDCBRMNNSAAW,KKFDCBRMNNSAAW,2024.11,POSITIVE,[M+H]+,30.0,R8,R8a: compound key in MassSpecGym 1.5 by the recorded InChIKey route
MSBNK-Eawag-EQ00429903,MSBNK-Eawag-EQ00429903.txt,KKFDCBRMNNSAAW,KKFDCBRMNNSAAW,2024.11,POSITIVE,[M+H]+,45.0,R4,nce=45 not an adjudication cell (30 or 60)
MSBNK-Eawag-EQ00429904,MSBNK-Eawag-EQ00429904.txt,KKFDCBRMNNSAAW,KKFDCBRMNNSAAW,2024.11,POSITIVE,[M+H]+,60.0,R8,R8a: compound key in MassSpecGym 1.5 by the recorded InChIKey route
MSBNK-Eawag-EQ00429905,MSBNK-Eawag-EQ00429905.txt,KKFDCBRMNNSAAW,KKFDCBRMNNSAAW,2024.11,POSITIVE,[M+H]+,75.0,R4,nce=75 not an adjudication cell (30 or 60)
MSBNK-Eawag-EQ00429906,MSBNK-Eawag-EQ00429906.txt,KKFDCBRMNNSAAW,KKFDCBRMNNSAAW,2024.11,POSITIVE,[M+H]+,90.0,R4,nce=90 not an adjudication cell (30 or 60)
MSBNK-Eawag-EQ00429907,MSBNK-Eawag-EQ00429907.txt,KKFDCBRMNNSAAW,KKFDCBRMNNSAAW,2024.11,POSITIVE,[M+H]+,120.0,R4,nce=120 not an adjudication cell (30 or 60)
MSBNK-Eawag-EQ00432301,MSBNK-Eawag-EQ00432301.txt,VEVZCONIUDBCDC,VEVZCONIUDBCDC,2024.11,POSITIVE,[M+H]+,15.0,R4,nce=15 not an adjudication cell (30 or 60)
MSBNK-Eawag-EQ00432302,MSBNK-Eawag-EQ00432302.txt,VEVZCONIUDBCDC,VEVZCONIUDBCDC,2024.11,POSITIVE,[M+H]+,30.0,R8,R8d: compound in the MURU exposure registry
MSBNK-Eawag-EQ00432303,MSBNK-Eawag-EQ00432303.txt,VEVZCONIUDBCDC,VEVZCONIUDBCDC,2024.11,POSITIVE,[M+H]+,45.0,R4,nce=45 not an adjudication cell (30 or 60)
MSBNK-Eawag-EQ00432304,MSBNK-Eawag-EQ00432304.txt,VEVZCONIUDBCDC,VEVZCONIUDBCDC,2024.11,POSITIVE,[M+H]+,60.0,R8,R8d: compound in the MURU exposure registry
MSBNK-Eawag-EQ00432305,MSBNK-Eawag-EQ00432305.txt,VEVZCONIUDBCDC,VEVZCONIUDBCDC,2024.11,POSITIVE,[M+H]+,75.0,R4,nce=75 not an adjudication cell (30 or 60)
MSBNK-Eawag-EQ00432306,MSBNK-Eawag-EQ00432306.txt,VEVZCONIUDBCDC,VEVZCONIUDBCDC,2024.11,POSITIVE,[M+H]+,90.0,R4,nce=90 not an adjudication cell (30 or 60)
MSBNK-Eawag-EQ00432307,MSBNK-Eawag-EQ00432307.txt,VEVZCONIUDBCDC,VEVZCONIUDBCDC,2024.11,POSITIVE,[M+H]+,120.0,R4,nce=120 not an adjudication cell (30 or 60)
MSBNK-Eawag-EQ00432308,MSBNK-Eawag-EQ00432308.txt,VEVZCONIUDBCDC,VEVZCONIUDBCDC,2024.11,POSITIVE,[M+H]+,150.0,R4,nce=150 not an adjudication cell (30 or 60)
MSBNK-Eawag-EQ00432309,MSBNK-Eawag-EQ00432309.txt,VEVZCONIUDBCDC,VEVZCONIUDBCDC,2024.11,POSITIVE,[M+H]+,180.0,R4,nce=180 not an adjudication cell (30 or 60)
MSBNK-Eawag-EQ00433301,MSBNK-Eawag-EQ00433301.txt,QSNSCYSYFYORTR,QSNSCYSYFYORTR,2024.11,POSITIVE,[M+H]+,15.0,R4,nce=15 not an adjudication cell (30 or 60)
MSBNK-Eawag-EQ00433302,MSBNK-Eawag-EQ00433302.txt,QSNSCYSYFYORTR,QSNSCYSYFYORTR,2024.11,POSITIVE,[M+H]+,30.0,R8,R8a: compound key in MassSpecGym 1.5 by the recorded InChIKey route
MSBNK-Eawag-EQ00433303,MSBNK-Eawag-EQ00433303.txt,QSNSCYSYFYORTR,QSNSCYSYFYORTR,2024.11,POSITIVE,[M+H]+,45.0,R4,nce=45 not an adjudication cell (30 or 60)
MSBNK-Eawag-EQ00433304,MSBNK-Eawag-EQ00433304.txt,QSNSCYSYFYORTR,QSNSCYSYFYORTR,2024.11,POSITIVE,[M+H]+,60.0,R8,R8a: compound key in MassSpecGym 1.5 by the recorded InChIKey route
MSBNK-Eawag-EQ00433305,MSBNK-Eawag-EQ00433305.txt,QSNSCYSYFYORTR,QSNSCYSYFYORTR,2024.11,POSITIVE,[M+H]+,75.0,R4,nce=75 not an adjudication cell (30 or 60)
MSBNK-Eawag-EQ00433306,MSBNK-Eawag-EQ00433306.txt,QSNSCYSYFYORTR,QSNSCYSYFYORTR,2024.11,POSITIVE,[M+H]+,90.0,R4,nce=90 not an adjudication cell (30 or 60)
MSBNK-Eawag-EQ00433307,MSBNK-Eawag-EQ00433307.txt,QSNSCYSYFYORTR,QSNSCYSYFYORTR,2024.11,POSITIVE,[M+H]+,120.0,R4,nce=120 not an adjudication cell (30 or 60)
MSBNK-Eawag-EQ00433308,MSBNK-Eawag-EQ00433308.txt,QSNSCYSYFYORTR,QSNSCYSYFYORTR,2024.11,POSITIVE,[M+H]+,150.0,R4,nce=150 not an adjudication cell (30 or 60)
MSBNK-Eawag-EQ00433309,MSBNK-Eawag-EQ00433309.txt,QSNSCYSYFYORTR,QSNSCYSYFYORTR,2024.11,POSITIVE,[M+H]+,180.0,R4,nce=180 not an adjudication cell (30 or 60)
MSBNK-Eawag-EQ00435001,MSBNK-Eawag-EQ00435001.txt,ZFYFBPCRUQZGJE,ZFYFBPCRUQZGJE,dev,POSITIVE,[M+H]+,15.0,R4,nce=15 not an adjudication cell (30 or 60)
MSBNK-Eawag-EQ00435002,MSBNK-Eawag-EQ00435002.txt,ZFYFBPCRUQZGJE,ZFYFBPCRUQZGJE,dev,POSITIVE,[M+H]+,30.0,R5,"first_ref=dev not a tagged release ['2024.06', '2024.11', '2025.10']"
MSBNK-Eawag-EQ00435003,MSBNK-Eawag-EQ00435003.txt,ZFYFBPCRUQZGJE,ZFYFBPCRUQZGJE,dev,POSITIVE,[M+H]+,45.0,R4,nce=45 not an adjudication cell (30 or 60)
MSBNK-Eawag-EQ00435004,MSBNK-Eawag-EQ00435004.txt,ZFYFBPCRUQZGJE,ZFYFBPCRUQZGJE,dev,POSITIVE,[M+H]+,60.0,R5,"first_ref=dev not a tagged release ['2024.06', '2024.11', '2025.10']"
MSBNK-Eawag-EQ00435005,MSBNK-Eawag-EQ00435005.txt,ZFYFBPCRUQZGJE,ZFYFBPCRUQZGJE,dev,POSITIVE,[M+H]+,75.0,R4,nce=75 not an adjudication cell (30 or 60)
MSBNK-Eawag-EQ00435006,MSBNK-Eawag-EQ00435006.txt,ZFYFBPCRUQZGJE,ZFYFBPCRUQZGJE,dev,POSITIVE,[M+H]+,90.0,R4,nce=90 not an adjudication cell (30 or 60)
MSBNK-Eawag-EQ00435007,MSBNK-Eawag-EQ00435007.txt,ZFYFBPCRUQZGJE,ZFYFBPCRUQZGJE,dev,POSITIVE,[M+H]+,120.0,R4,nce=120 not an adjudication cell (30 or 60)
MSBNK-Eawag-EQ00435008,MSBNK-Eawag-EQ00435008.txt,ZFYFBPCRUQZGJE,ZFYFBPCRUQZGJE,dev,POSITIVE,[M+H]+,150.0,R4,nce=150 not an adjudication cell (30 or 60)
MSBNK-Eawag-EQ00435009,MSBNK-Eawag-EQ00435009.txt,ZFYFBPCRUQZGJE,ZFYFBPCRUQZGJE,dev,POSITIVE,[M+H]+,180.0,R4,nce=180 not an adjudication cell (30 or 60)
MSBNK-Eawag-EQ00435301,MSBNK-Eawag-EQ00435301.txt,BOCZYIUKFAQNLG,BOCZYIUKFAQNLG,dev,POSITIVE,[M+H]+,15.0,R4,nce=15 not an adjudication cell (30 or 60)
MSBNK-Eawag-EQ00435302,MSBNK-Eawag-EQ00435302.txt,BOCZYIUKFAQNLG,BOCZYIUKFAQNLG,dev,POSITIVE,[M+H]+,30.0,R5,"first_ref=dev not a tagged release ['2024.06', '2024.11', '2025.10']"
MSBNK-Eawag-EQ00435303,MSBNK-Eawag-EQ00435303.txt,BOCZYIUKFAQNLG,BOCZYIUKFAQNLG,dev,POSITIVE,[M+H]+,45.0,R4,nce=45 not an adjudication cell (30 or 60)
MSBNK-Eawag-EQ00435304,MSBNK-Eawag-EQ00435304.txt,BOCZYIUKFAQNLG,BOCZYIUKFAQNLG,dev,POSITIVE,[M+H]+,60.0,R5,"first_ref=dev not a tagged release ['2024.06', '2024.11', '2025.10']"
MSBNK-Eawag-EQ00435305,MSBNK-Eawag-EQ00435305.txt,BOCZYIUKFAQNLG,BOCZYIUKFAQNLG,dev,POSITIVE,[M+H]+,75.0,R4,nce=75 not an adjudication cell (30 or 60)
MSBNK-Eawag-EQ00435306,MSBNK-Eawag-EQ00435306.txt,BOCZYIUKFAQNLG,BOCZYIUKFAQNLG,dev,POSITIVE,[M+H]+,90.0,R4,nce=90 not an adjudication cell (30 or 60)
MSBNK-Eawag-EQ00435307,MSBNK-Eawag-EQ00435307.txt,BOCZYIUKFAQNLG,BOCZYIUKFAQNLG,dev,POSITIVE,[M+H]+,120.0,R4,nce=120 not an adjudication cell (30 or 60)
MSBNK-Eawag-EQ00435308,MSBNK-Eawag-EQ00435308.txt,BOCZYIUKFAQNLG,BOCZYIUKFAQNLG,dev,POSITIVE,[M+H]+,150.0,R4,nce=150 not an adjudication cell (30 or 60)
MSBNK-Eawag-EQ00435309,MSBNK-Eawag-EQ00435309.txt,BOCZYIUKFAQNLG,BOCZYIUKFAQNLG,dev,POSITIVE,[M+H]+,180.0,R4,nce=180 not an adjudication cell (30 or 60)
MSBNK-Eawag-EQ01033601,MSBNK-Eawag-EQ01033601.txt,OHJMTUPIZMNBFR,OHJMTUPIZMNBFR,2024.11,POSITIVE,[M+H]+,15.0,R4,nce=15 not an adjudication cell (30 or 60)
MSBNK-Eawag-EQ01033602,MSBNK-Eawag-EQ01033602.txt,OHJMTUPIZMNBFR,OHJMTUPIZMNBFR,2024.11,POSITIVE,[M+H]+,30.0,R8,R8a: compound key in MassSpecGym 1.5 by the recorded InChIKey route
MSBNK-Eawag-EQ01033603,MSBNK-Eawag-EQ01033603.txt,OHJMTUPIZMNBFR,OHJMTUPIZMNBFR,2024.11,POSITIVE,[M+H]+,45.0,R4,nce=45 not an adjudication cell (30 or 60)
MSBNK-Eawag-EQ01033604,MSBNK-Eawag-EQ01033604.txt,OHJMTUPIZMNBFR,OHJMTUPIZMNBFR,2024.11,POSITIVE,[M+H]+,60.0,R8,R8a: compound key in MassSpecGym 1.5 by the recorded InChIKey route
MSBNK-Eawag-EQ01033605,MSBNK-Eawag-EQ01033605.txt,OHJMTUPIZMNBFR,OHJMTUPIZMNBFR,2024.11,POSITIVE,[M+H]+,75.0,R4,nce=75 not an adjudication cell (30 or 60)
MSBNK-Eawag-EQ01033606,MSBNK-Eawag-EQ01033606.txt,OHJMTUPIZMNBFR,OHJMTUPIZMNBFR,2024.11,POSITIVE,[M+H]+,90.0,R4,nce=90 not an adjudication cell (30 or 60)
MSBNK-Eawag-EQ01033607,MSBNK-Eawag-EQ01033607.txt,OHJMTUPIZMNBFR,OHJMTUPIZMNBFR,2024.11,POSITIVE,[M+H]+,120.0,R4,nce=120 not an adjudication cell (30 or 60)
MSBNK-Eawag-EQ01033608,MSBNK-Eawag-EQ01033608.txt,OHJMTUPIZMNBFR,OHJMTUPIZMNBFR,2024.11,POSITIVE,[M+H]+,150.0,R4,nce=150 not an adjudication cell (30 or 60)
MSBNK-Eawag-EQ01033609,MSBNK-Eawag-EQ01033609.txt,OHJMTUPIZMNBFR,OHJMTUPIZMNBFR,2024.11,POSITIVE,[M+H]+,180.0,R4,nce=180 not an adjudication cell (30 or 60)
MSBNK-Eawag-EQ01043601,MSBNK-Eawag-EQ01043601.txt,XXSMGPRMXLTPCZ,XXSMGPRMXLTPCZ,2024.11,POSITIVE,[M+H]+,15.0,R4,nce=15 not an adjudication cell (30 or 60)
MSBNK-Eawag-EQ01043602,MSBNK-Eawag-EQ01043602.txt,XXSMGPRMXLTPCZ,XXSMGPRMXLTPCZ,2024.11,POSITIVE,[M+H]+,30.0,R8,R8a: compound key in MassSpecGym 1.5 by the recorded InChIKey route
MSBNK-Eawag-EQ01043603,MSBNK-Eawag-EQ01043603.txt,XXSMGPRMXLTPCZ,XXSMGPRMXLTPCZ,2024.11,POSITIVE,[M+H]+,45.0,R4,nce=45 not an adjudication cell (30 or 60)
MSBNK-Eawag-EQ01043604,MSBNK-Eawag-EQ01043604.txt,XXSMGPRMXLTPCZ,XXSMGPRMXLTPCZ,2024.11,POSITIVE,[M+H]+,60.0,R8,R8a: compound key in MassSpecGym 1.5 by the recorded InChIKey route
MSBNK-Eawag-EQ01043605,MSBNK-Eawag-EQ01043605.txt,XXSMGPRMXLTPCZ,XXSMGPRMXLTPCZ,2024.11,POSITIVE,[M+H]+,75.0,R4,nce=75 not an adjudication cell (30 or 60)
MSBNK-Eawag-EQ01043651,MSBNK-Eawag-EQ01043651.txt,XXSMGPRMXLTPCZ,XXSMGPRMXLTPCZ,2024.11,NEGATIVE,[M-H]-,15.0,R1,ion_mode=NEGATIVE precursor_type=[M-H]-
MSBNK-Eawag-EQ01043652,MSBNK-Eawag-EQ01043652.txt,XXSMGPRMXLTPCZ,XXSMGPRMXLTPCZ,2024.11,NEGATIVE,[M-H]-,30.0,R1,ion_mode=NEGATIVE precursor_type=[M-H]-
MSBNK-Eawag-EQ01043653,MSBNK-Eawag-EQ01043653.txt,XXSMGPRMXLTPCZ,XXSMGPRMXLTPCZ,2024.11,NEGATIVE,[M-H]-,45.0,R1,ion_mode=NEGATIVE precursor_type=[M-H]-
MSBNK-Eawag-EQ01043654,MSBNK-Eawag-EQ01043654.txt,XXSMGPRMXLTPCZ,XXSMGPRMXLTPCZ,2024.11,NEGATIVE,[M-H]-,60.0,R1,ion_mode=NEGATIVE precursor_type=[M-H]-
MSBNK-Eawag-EQ01045051,MSBNK-Eawag-EQ01045051.txt,XBWQFDNGNOOMDZ,XBWQFDNGNOOMDZ,2024.06,NEGATIVE,[M-H]-,15.0,R1,ion_mode=NEGATIVE precursor_type=[M-H]-
MSBNK-Eawag-EQ01045052,MSBNK-Eawag-EQ01045052.txt,XBWQFDNGNOOMDZ,XBWQFDNGNOOMDZ,2024.06,NEGATIVE,[M-H]-,30.0,R1,ion_mode=NEGATIVE precursor_type=[M-H]-
MSBNK-Eawag-EQ01045053,MSBNK-Eawag-EQ01045053.txt,XBWQFDNGNOOMDZ,XBWQFDNGNOOMDZ,2024.06,NEGATIVE,[M-H]-,45.0,R1,ion_mode=NEGATIVE precursor_type=[M-H]-
MSBNK-Eawag-EQ01045054,MSBNK-Eawag-EQ01045054.txt,XBWQFDNGNOOMDZ,XBWQFDNGNOOMDZ,2024.06,NEGATIVE,[M-H]-,60.0,R1,ion_mode=NEGATIVE precursor_type=[M-H]-
MSBNK-Eawag-EQ01045055,MSBNK-Eawag-EQ01045055.txt,XBWQFDNGNOOMDZ,XBWQFDNGNOOMDZ,2024.06,NEGATIVE,[M-H]-,75.0,R1,ion_mode=NEGATIVE precursor_type=[M-H]-
MSBNK-Eawag-EQ01045056,MSBNK-Eawag-EQ01045056.txt,XBWQFDNGNOOMDZ,XBWQFDNGNOOMDZ,2024.06,NEGATIVE,[M-H]-,90.0,R1,ion_mode=NEGATIVE precursor_type=[M-H]-
MSBNK-Eawag-EQ01045057,MSBNK-Eawag-EQ01045057.txt,XBWQFDNGNOOMDZ,XBWQFDNGNOOMDZ,2024.06,NEGATIVE,[M-H]-,120.0,R1,ion_mode=NEGATIVE precursor_type=[M-H]-
MSBNK-Eawag-EQ01045058,MSBNK-Eawag-EQ01045058.txt,XBWQFDNGNOOMDZ,XBWQFDNGNOOMDZ,2024.06,NEGATIVE,[M-H]-,150.0,R1,ion_mode=NEGATIVE precursor_type=[M-H]-
MSBNK-Eawag-EQ01045059,MSBNK-Eawag-EQ01045059.txt,XBWQFDNGNOOMDZ,XBWQFDNGNOOMDZ,2024.06,NEGATIVE,[M-H]-,180.0,R1,ion_mode=NEGATIVE precursor_type=[M-H]-
MSBNK-Eawag-EQ01045601,MSBNK-Eawag-EQ01045601.txt,BNCADMBVWNPPIZ,BNCADMBVWNPPIZ,2024.06,POSITIVE,[M+H]+,15.0,R4,nce=15 not an adjudication cell (30 or 60)
MSBNK-Eawag-EQ01045602,MSBNK-Eawag-EQ01045602.txt,BNCADMBVWNPPIZ,BNCADMBVWNPPIZ,2024.06,POSITIVE,[M+H]+,30.0,R8,R8a: compound key in MassSpecGym 1.5 by the recorded InChIKey route
MSBNK-Eawag-EQ01045603,MSBNK-Eawag-EQ01045603.txt,BNCADMBVWNPPIZ,BNCADMBVWNPPIZ,2024.06,POSITIVE,[M+H]+,45.0,R4,nce=45 not an adjudication cell (30 or 60)
MSBNK-Eawag-EQ01045604,MSBNK-Eawag-EQ01045604.txt,BNCADMBVWNPPIZ,BNCADMBVWNPPIZ,2024.06,POSITIVE,[M+H]+,60.0,R8,R8a: compound key in MassSpecGym 1.5 by the recorded InChIKey route
MSBNK-Eawag-EQ01045605,MSBNK-Eawag-EQ01045605.txt,BNCADMBVWNPPIZ,BNCADMBVWNPPIZ,2024.06,POSITIVE,[M+H]+,75.0,R4,nce=75 not an adjudication cell (30 or 60)
MSBNK-Eawag-EQ01045606,MSBNK-Eawag-EQ01045606.txt,BNCADMBVWNPPIZ,BNCADMBVWNPPIZ,2024.06,POSITIVE,[M+H]+,90.0,R4,nce=90 not an adjudication cell (30 or 60)
MSBNK-Eawag-EQ01045607,MSBNK-Eawag-EQ01045607.txt,BNCADMBVWNPPIZ,BNCADMBVWNPPIZ,2024.06,POSITIVE,[M+H]+,120.0,R4,nce=120 not an adjudication cell (30 or 60)
MSBNK-Eawag-EQ01045608,MSBNK-Eawag-EQ01045608.txt,BNCADMBVWNPPIZ,BNCADMBVWNPPIZ,2024.06,POSITIVE,[M+H]+,150.0,R4,nce=150 not an adjudication cell (30 or 60)
MSBNK-Eawag-EQ01045609,MSBNK-Eawag-EQ01045609.txt,BNCADMBVWNPPIZ,BNCADMBVWNPPIZ,2024.06,POSITIVE,[M+H]+,180.0,R4,nce=180 not an adjudication cell (30 or 60)
MSBNK-Eawag-EQ01050601,MSBNK-Eawag-EQ01050601.txt,HXRMCZBDTDCCOP,HXRMCZBDTDCCOP,dev,POSITIVE,[M+H]+,15.0,R4,nce=15 not an adjudication cell (30 or 60)
MSBNK-Eawag-EQ01050602,MSBNK-Eawag-EQ01050602.txt,HXRMCZBDTDCCOP,HXRMCZBDTDCCOP,dev,POSITIVE,[M+H]+,30.0,R5,"first_ref=dev not a tagged release ['2024.06', '2024.11', '2025.10']"
MSBNK-Eawag-EQ01050603,MSBNK-Eawag-EQ01050603.txt,HXRMCZBDTDCCOP,HXRMCZBDTDCCOP,dev,POSITIVE,[M+H]+,45.0,R4,nce=45 not an adjudication cell (30 or 60)
MSBNK-Eawag-EQ01050604,MSBNK-Eawag-EQ01050604.txt,HXRMCZBDTDCCOP,HXRMCZBDTDCCOP,dev,POSITIVE,[M+H]+,60.0,R5,"first_ref=dev not a tagged release ['2024.06', '2024.11', '2025.10']"
MSBNK-Eawag-EQ01050605,MSBNK-Eawag-EQ01050605.txt,HXRMCZBDTDCCOP,HXRMCZBDTDCCOP,dev,POSITIVE,[M+H]+,75.0,R4,nce=75 not an adjudication cell (30 or 60)
MSBNK-Eawag-EQ01050606,MSBNK-Eawag-EQ01050606.txt,HXRMCZBDTDCCOP,HXRMCZBDTDCCOP,dev,POSITIVE,[M+H]+,90.0,R4,nce=90 not an adjudication cell (30 or 60)
MSBNK-Eawag-EQ01050607,MSBNK-Eawag-EQ01050607.txt,HXRMCZBDTDCCOP,HXRMCZBDTDCCOP,dev,POSITIVE,[M+H]+,120.0,R4,nce=120 not an adjudication cell (30 or 60)
MSBNK-Eawag-EQ01050608,MSBNK-Eawag-EQ01050608.txt,HXRMCZBDTDCCOP,HXRMCZBDTDCCOP,dev,POSITIVE,[M+H]+,150.0,R4,nce=150 not an adjudication cell (30 or 60)
MSBNK-Eawag-EQ01050609,MSBNK-Eawag-EQ01050609.txt,HXRMCZBDTDCCOP,HXRMCZBDTDCCOP,dev,POSITIVE,[M+H]+,180.0,R4,nce=180 not an adjudication cell (30 or 60)
MSBNK-Eawag-EQ01050651,MSBNK-Eawag-EQ01050651.txt,HXRMCZBDTDCCOP,HXRMCZBDTDCCOP,dev,NEGATIVE,[M-H]-,15.0,R1,ion_mode=NEGATIVE precursor_type=[M-H]-
MSBNK-Eawag-EQ01050652,MSBNK-Eawag-EQ01050652.txt,HXRMCZBDTDCCOP,HXRMCZBDTDCCOP,dev,NEGATIVE,[M-H]-,30.0,R1,ion_mode=NEGATIVE precursor_type=[M-H]-
MSBNK-Eawag-EQ01050653,MSBNK-Eawag-EQ01050653.txt,HXRMCZBDTDCCOP,HXRMCZBDTDCCOP,dev,NEGATIVE,[M-H]-,45.0,R1,ion_mode=NEGATIVE precursor_type=[M-H]-
MSBNK-Eawag-EQ01055601,MSBNK-Eawag-EQ01055601.txt,ISWRGOKTTBVCFA,ISWRGOKTTBVCFA,2024.11,POSITIVE,[M+H]+,15.0,R4,nce=15 not an adjudication cell (30 or 60)
MSBNK-Eawag-EQ01055602,MSBNK-Eawag-EQ01055602.txt,ISWRGOKTTBVCFA,ISWRGOKTTBVCFA,2024.11,POSITIVE,[M+H]+,30.0,R8,R8a: compound key in MassSpecGym 1.5 by the recorded InChIKey route
MSBNK-Eawag-EQ01055603,MSBNK-Eawag-EQ01055603.txt,ISWRGOKTTBVCFA,ISWRGOKTTBVCFA,2024.11,POSITIVE,[M+H]+,45.0,R4,nce=45 not an adjudication cell (30 or 60)
MSBNK-Eawag-EQ01055604,MSBNK-Eawag-EQ01055604.txt,ISWRGOKTTBVCFA,ISWRGOKTTBVCFA,2024.11,POSITIVE,[M+H]+,60.0,R8,R8a: compound key in MassSpecGym 1.5 by the recorded InChIKey route
MSBNK-Eawag-EQ01055605,MSBNK-Eawag-EQ01055605.txt,ISWRGOKTTBVCFA,ISWRGOKTTBVCFA,2024.11,POSITIVE,[M+H]+,75.0,R4,nce=75 not an adjudication cell (30 or 60)
MSBNK-Eawag-EQ01055606,MSBNK-Eawag-EQ01055606.txt,ISWRGOKTTBVCFA,ISWRGOKTTBVCFA,2024.11,POSITIVE,[M+H]+,90.0,R4,nce=90 not an adjudication cell (30 or 60)
MSBNK-Eawag-EQ01055607,MSBNK-Eawag-EQ01055607.txt,ISWRGOKTTBVCFA,ISWRGOKTTBVCFA,2024.11,POSITIVE,[M+H]+,120.0,R4,nce=120 not an adjudication cell (30 or 60)
MSBNK-Eawag-EQ01055608,MSBNK-Eawag-EQ01055608.txt,ISWRGOKTTBVCFA,ISWRGOKTTBVCFA,2024.11,POSITIVE,[M+H]+,150.0,R4,nce=150 not an adjudication cell (30 or 60)
MSBNK-Eawag-EQ01055609,MSBNK-Eawag-EQ01055609.txt,ISWRGOKTTBVCFA,ISWRGOKTTBVCFA,2024.11,POSITIVE,[M+H]+,180.0,R4,nce=180 not an adjudication cell (30 or 60)
MSBNK-Eawag-EQ01056301,MSBNK-Eawag-EQ01056301.txt,PCLITLDOTJTVDJ,PCLITLDOTJTVDJ,2024.11,POSITIVE,[M+H]+,15.0,R4,nce=15 not an adjudication cell (30 or 60)
MSBNK-Eawag-EQ01056302,MSBNK-Eawag-EQ01056302.txt,PCLITLDOTJTVDJ,PCLITLDOTJTVDJ,2024.11,POSITIVE,[M+H]+,30.0,R8,R8a: compound key in MassSpecGym 1.5 by the recorded InChIKey route
MSBNK-Eawag-EQ01058401,MSBNK-Eawag-EQ01058401.txt,BPICBUSOMSTKRF,BPICBUSOMSTKRF,2024.11,POSITIVE,[M+H]+,15.0,R4,nce=15 not an adjudication cell (30 or 60)
MSBNK-Eawag-EQ01058402,MSBNK-Eawag-EQ01058402.txt,BPICBUSOMSTKRF,BPICBUSOMSTKRF,2024.11,POSITIVE,[M+H]+,30.0,R8,R8a: compound key in MassSpecGym 1.5 by the recorded InChIKey route
MSBNK-Eawag-EQ01058403,MSBNK-Eawag-EQ01058403.txt,BPICBUSOMSTKRF,BPICBUSOMSTKRF,2024.11,POSITIVE,[M+H]+,45.0,R4,nce=45 not an adjudication cell (30 or 60)
MSBNK-Eawag-EQ01058404,MSBNK-Eawag-EQ01058404.txt,BPICBUSOMSTKRF,BPICBUSOMSTKRF,2024.11,POSITIVE,[M+H]+,60.0,R8,R8a: compound key in MassSpecGym 1.5 by the recorded InChIKey route
MSBNK-Eawag-EQ01058405,MSBNK-Eawag-EQ01058405.txt,BPICBUSOMSTKRF,BPICBUSOMSTKRF,2024.11,POSITIVE,[M+H]+,75.0,R4,nce=75 not an adjudication cell (30 or 60)
MSBNK-Eawag-EQ01058406,MSBNK-Eawag-EQ01058406.txt,BPICBUSOMSTKRF,BPICBUSOMSTKRF,2024.11,POSITIVE,[M+H]+,90.0,R4,nce=90 not an adjudication cell (30 or 60)
MSBNK-Eawag-EQ01058501,MSBNK-Eawag-EQ01058501.txt,KHOITXIGCFIULA,KHOITXIGCFIULA,2024.11,POSITIVE,[M+H]+,15.0,R4,nce=15 not an adjudication cell (30 or 60)
MSBNK-Eawag-EQ01058502,MSBNK-Eawag-EQ01058502.txt,KHOITXIGCFIULA,KHOITXIGCFIULA,2024.11,POSITIVE,[M+H]+,30.0,R8,R8a: compound key in MassSpecGym 1.5 by the recorded InChIKey route
MSBNK-Eawag-EQ01058503,MSBNK-Eawag-EQ01058503.txt,KHOITXIGCFIULA,KHOITXIGCFIULA,2024.11,POSITIVE,[M+H]+,45.0,R4,nce=45 not an adjudication cell (30 or 60)
MSBNK-Eawag-EQ01058504,MSBNK-Eawag-EQ01058504.txt,KHOITXIGCFIULA,KHOITXIGCFIULA,2024.11,POSITIVE,[M+H]+,60.0,R8,R8a: compound key in MassSpecGym 1.5 by the recorded InChIKey route
MSBNK-Eawag-EQ01058505,MSBNK-Eawag-EQ01058505.txt,KHOITXIGCFIULA,KHOITXIGCFIULA,2024.11,POSITIVE,[M+H]+,75.0,R4,nce=75 not an adjudication cell (30 or 60)
MSBNK-Eawag-EQ01058506,MSBNK-Eawag-EQ01058506.txt,KHOITXIGCFIULA,KHOITXIGCFIULA,2024.11,POSITIVE,[M+H]+,90.0,R4,nce=90 not an adjudication cell (30 or 60)
MSBNK-Eawag-EQ01058507,MSBNK-Eawag-EQ01058507.txt,KHOITXIGCFIULA,KHOITXIGCFIULA,2024.11,POSITIVE,[M+H]+,120.0,R4,nce=120 not an adjudication cell (30 or 60)
MSBNK-Eawag-EQ01058508,MSBNK-Eawag-EQ01058508.txt,KHOITXIGCFIULA,KHOITXIGCFIULA,2024.11,POSITIVE,[M+H]+,150.0,R4,nce=150 not an adjudication cell (30 or 60)
MSBNK-Eawag-EQ01060151,MSBNK-Eawag-EQ01060151.txt,NDUPDOJHUQKPAG,NDUPDOJHUQKPAG,2024.11,NEGATIVE,[M-H]-,15.0,R1,ion_mode=NEGATIVE precursor_type=[M-H]-
MSBNK-Eawag-EQ01060152,MSBNK-Eawag-EQ01060152.txt,NDUPDOJHUQKPAG,NDUPDOJHUQKPAG,2024.11,NEGATIVE,[M-H]-,30.0,R1,ion_mode=NEGATIVE precursor_type=[M-H]-
MSBNK-Eawag-EQ01060153,MSBNK-Eawag-EQ01060153.txt,NDUPDOJHUQKPAG,NDUPDOJHUQKPAG,2024.11,NEGATIVE,[M-H]-,45.0,R1,ion_mode=NEGATIVE precursor_type=[M-H]-
MSBNK-Eawag-EQ01060154,MSBNK-Eawag-EQ01060154.txt,NDUPDOJHUQKPAG,NDUPDOJHUQKPAG,2024.11,NEGATIVE,[M-H]-,60.0,R1,ion_mode=NEGATIVE precursor_type=[M-H]-
MSBNK-Eawag-EQ01060201,MSBNK-Eawag-EQ01060201.txt,BEQVQKJCLJBTKZ,BEQVQKJCLJBTKZ,dev,POSITIVE,[M+H]+,15.0,R4,nce=15 not an adjudication cell (30 or 60)
MSBNK-Eawag-EQ01060202,MSBNK-Eawag-EQ01060202.txt,BEQVQKJCLJBTKZ,BEQVQKJCLJBTKZ,dev,POSITIVE,[M+H]+,30.0,R5,"first_ref=dev not a tagged release ['2024.06', '2024.11', '2025.10']"
MSBNK-Eawag-EQ01060203,MSBNK-Eawag-EQ01060203.txt,BEQVQKJCLJBTKZ,BEQVQKJCLJBTKZ,dev,POSITIVE,[M+H]+,45.0,R4,nce=45 not an adjudication cell (30 or 60)
MSBNK-Eawag-EQ01060204,MSBNK-Eawag-EQ01060204.txt,BEQVQKJCLJBTKZ,BEQVQKJCLJBTKZ,dev,POSITIVE,[M+H]+,60.0,R5,"first_ref=dev not a tagged release ['2024.06', '2024.11', '2025.10']"
MSBNK-Eawag-EQ01060205,MSBNK-Eawag-EQ01060205.txt,BEQVQKJCLJBTKZ,BEQVQKJCLJBTKZ,dev,POSITIVE,[M+H]+,75.0,R4,nce=75 not an adjudication cell (30 or 60)
MSBNK-Eawag-EQ01060206,MSBNK-Eawag-EQ01060206.txt,BEQVQKJCLJBTKZ,BEQVQKJCLJBTKZ,dev,POSITIVE,[M+H]+,90.0,R4,nce=90 not an adjudication cell (30 or 60)
MSBNK-Eawag-EQ01060207,MSBNK-Eawag-EQ01060207.txt,BEQVQKJCLJBTKZ,BEQVQKJCLJBTKZ,dev,POSITIVE,[M+H]+,120.0,R4,nce=120 not an adjudication cell (30 or 60)
MSBNK-Eawag-EQ01060208,MSBNK-Eawag-EQ01060208.txt,BEQVQKJCLJBTKZ,BEQVQKJCLJBTKZ,dev,POSITIVE,[M+H]+,150.0,R4,nce=150 not an adjudication cell (30 or 60)
MSBNK-Eawag-EQ01060209,MSBNK-Eawag-EQ01060209.txt,BEQVQKJCLJBTKZ,BEQVQKJCLJBTKZ,dev,POSITIVE,[M+H]+,180.0,R4,nce=180 not an adjudication cell (30 or 60)
MSBNK-Eawag-EQ01060251,MSBNK-Eawag-EQ01060251.txt,BEQVQKJCLJBTKZ,BEQVQKJCLJBTKZ,dev,NEGATIVE,[M-H]-,15.0,R1,ion_mode=NEGATIVE precursor_type=[M-H]-
MSBNK-Eawag-EQ01060252,MSBNK-Eawag-EQ01060252.txt,BEQVQKJCLJBTKZ,BEQVQKJCLJBTKZ,dev,NEGATIVE,[M-H]-,30.0,R1,ion_mode=NEGATIVE precursor_type=[M-H]-
MSBNK-Eawag-EQ01060253,MSBNK-Eawag-EQ01060253.txt,BEQVQKJCLJBTKZ,BEQVQKJCLJBTKZ,dev,NEGATIVE,[M-H]-,45.0,R1,ion_mode=NEGATIVE precursor_type=[M-H]-
MSBNK-Eawag-EQ01060254,MSBNK-Eawag-EQ01060254.txt,BEQVQKJCLJBTKZ,BEQVQKJCLJBTKZ,dev,NEGATIVE,[M-H]-,60.0,R1,ion_mode=NEGATIVE precursor_type=[M-H]-
MSBNK-Eawag-EQ01060255,MSBNK-Eawag-EQ01060255.txt,BEQVQKJCLJBTKZ,BEQVQKJCLJBTKZ,dev,NEGATIVE,[M-H]-,75.0,R1,ion_mode=NEGATIVE precursor_type=[M-H]-
MSBNK-Eawag-EQ01060256,MSBNK-Eawag-EQ01060256.txt,BEQVQKJCLJBTKZ,BEQVQKJCLJBTKZ,dev,NEGATIVE,[M-H]-,90.0,R1,ion_mode=NEGATIVE precursor_type=[M-H]-
MSBNK-Eawag-EQ01060257,MSBNK-Eawag-EQ01060257.txt,BEQVQKJCLJBTKZ,BEQVQKJCLJBTKZ,dev,NEGATIVE,[M-H]-,120.0,R1,ion_mode=NEGATIVE precursor_type=[M-H]-
MSBNK-Eawag-EQ01060258,MSBNK-Eawag-EQ01060258.txt,BEQVQKJCLJBTKZ,BEQVQKJCLJBTKZ,dev,NEGATIVE,[M-H]-,150.0,R1,ion_mode=NEGATIVE precursor_type=[M-H]-
MSBNK-Eawag-EQ01060259,MSBNK-Eawag-EQ01060259.txt,BEQVQKJCLJBTKZ,BEQVQKJCLJBTKZ,dev,NEGATIVE,[M-H]-,180.0,R1,ion_mode=NEGATIVE precursor_type=[M-H]-
MSBNK-Eawag-EQ01061301,MSBNK-Eawag-EQ01061301.txt,HTKFORQRBXIQHD,HTKFORQRBXIQHD,2024.11,POSITIVE,[M+H]+,15.0,R4,nce=15 not an adjudication cell (30 or 60)
MSBNK-Eawag-EQ01061302,MSBNK-Eawag-EQ01061302.txt,HTKFORQRBXIQHD,HTKFORQRBXIQHD,2024.11,POSITIVE,[M+H]+,30.0,R8,R8d: compound in the MURU exposure registry
MSBNK-Eawag-EQ01061303,MSBNK-Eawag-EQ01061303.txt,HTKFORQRBXIQHD,HTKFORQRBXIQHD,2024.11,POSITIVE,[M+H]+,45.0,R4,nce=45 not an adjudication cell (30 or 60)
MSBNK-Eawag-EQ01061304,MSBNK-Eawag-EQ01061304.txt,HTKFORQRBXIQHD,HTKFORQRBXIQHD,2024.11,POSITIVE,[M+H]+,60.0,R8,R8d: compound in the MURU exposure registry
MSBNK-Eawag-EQ01061305,MSBNK-Eawag-EQ01061305.txt,HTKFORQRBXIQHD,HTKFORQRBXIQHD,2024.11,POSITIVE,[M+H]+,75.0,R4,nce=75 not an adjudication cell (30 or 60)
MSBNK-Eawag-EQ01061306,MSBNK-Eawag-EQ01061306.txt,HTKFORQRBXIQHD,HTKFORQRBXIQHD,2024.11,POSITIVE,[M+H]+,90.0,R4,nce=90 not an adjudication cell (30 or 60)
MSBNK-Eawag-EQ01061307,MSBNK-Eawag-EQ01061307.txt,HTKFORQRBXIQHD,HTKFORQRBXIQHD,2024.11,POSITIVE,[M+H]+,120.0,R4,nce=120 not an adjudication cell (30 or 60)
MSBNK-Eawag-EQ01061601,MSBNK-Eawag-EQ01061601.txt,MNFZZNNFORDXSV,MNFZZNNFORDXSV,2024.11,POSITIVE,[M+H]+,15.0,R4,nce=15 not an adjudication cell (30 or 60)
MSBNK-Eawag-EQ01061602,MSBNK-Eawag-EQ01061602.txt,MNFZZNNFORDXSV,MNFZZNNFORDXSV,2024.11,POSITIVE,[M+H]+,30.0,R8,R8a: compound key in MassSpecGym 1.5 by the recorded InChIKey route
MSBNK-Eawag-EQ01061603,MSBNK-Eawag-EQ01061603.txt,MNFZZNNFORDXSV,MNFZZNNFORDXSV,2024.11,POSITIVE,[M+H]+,45.0,R4,nce=45 not an adjudication cell (30 or 60)
MSBNK-Eawag-EQ01061604,MSBNK-Eawag-EQ01061604.txt,MNFZZNNFORDXSV,MNFZZNNFORDXSV,2024.11,POSITIVE,[M+H]+,60.0,R8,R8a: compound key in MassSpecGym 1.5 by the recorded InChIKey route
MSBNK-Eawag-EQ01061605,MSBNK-Eawag-EQ01061605.txt,MNFZZNNFORDXSV,MNFZZNNFORDXSV,2024.11,POSITIVE,[M+H]+,75.0,R4,nce=75 not an adjudication cell (30 or 60)
MSBNK-Eawag-EQ01061606,MSBNK-Eawag-EQ01061606.txt,MNFZZNNFORDXSV,MNFZZNNFORDXSV,2024.11,POSITIVE,[M+H]+,90.0,R4,nce=90 not an adjudication cell (30 or 60)
MSBNK-Eawag-EQ01061607,MSBNK-Eawag-EQ01061607.txt,MNFZZNNFORDXSV,MNFZZNNFORDXSV,2024.11,POSITIVE,[M+H]+,120.0,R4,nce=120 not an adjudication cell (30 or 60)
MSBNK-Eawag-EQ01061901,MSBNK-Eawag-EQ01061901.txt,ALBYIUDWACNRRB,ALBYIUDWACNRRB,2024.11,POSITIVE,[M+H]+,15.0,R4,nce=15 not an adjudication cell (30 or 60)
MSBNK-Eawag-EQ01061902,MSBNK-Eawag-EQ01061902.txt,ALBYIUDWACNRRB,ALBYIUDWACNRRB,2024.11,POSITIVE,[M+H]+,30.0,PASS,eligible
MSBNK-Eawag-EQ01061903,MSBNK-Eawag-EQ01061903.txt,ALBYIUDWACNRRB,ALBYIUDWACNRRB,2024.11,POSITIVE,[M+H]+,45.0,R4,nce=45 not an adjudication cell (30 or 60)
MSBNK-Eawag-EQ01061904,MSBNK-Eawag-EQ01061904.txt,ALBYIUDWACNRRB,ALBYIUDWACNRRB,2024.11,POSITIVE,[M+H]+,60.0,PASS,eligible
MSBNK-Eawag-EQ01061905,MSBNK-Eawag-EQ01061905.txt,ALBYIUDWACNRRB,ALBYIUDWACNRRB,2024.11,POSITIVE,[M+H]+,75.0,R4,nce=75 not an adjudication cell (30 or 60)
MSBNK-Eawag-EQ01062001,MSBNK-Eawag-EQ01062001.txt,JKNCOURZONDCGV,JKNCOURZONDCGV,2024.11,POSITIVE,[M+H]+,15.0,R4,nce=15 not an adjudication cell (30 or 60)
MSBNK-Eawag-EQ01062002,MSBNK-Eawag-EQ01062002.txt,JKNCOURZONDCGV,JKNCOURZONDCGV,2024.11,POSITIVE,[M+H]+,30.0,R8,R8a: compound key in MassSpecGym 1.5 by the recorded InChIKey route
MSBNK-Eawag-EQ01062003,MSBNK-Eawag-EQ01062003.txt,JKNCOURZONDCGV,JKNCOURZONDCGV,2024.11,POSITIVE,[M+H]+,45.0,R4,nce=45 not an adjudication cell (30 or 60)
MSBNK-Eawag-EQ01062004,MSBNK-Eawag-EQ01062004.txt,JKNCOURZONDCGV,JKNCOURZONDCGV,2024.11,POSITIVE,[M+H]+,60.0,R8,R8a: compound key in MassSpecGym 1.5 by the recorded InChIKey route
MSBNK-Eawag-EQ01062005,MSBNK-Eawag-EQ01062005.txt,JKNCOURZONDCGV,JKNCOURZONDCGV,2024.11,POSITIVE,[M+H]+,75.0,R4,nce=75 not an adjudication cell (30 or 60)
MSBNK-Eawag-EQ01062006,MSBNK-Eawag-EQ01062006.txt,JKNCOURZONDCGV,JKNCOURZONDCGV,2024.11,POSITIVE,[M+H]+,90.0,R4,nce=90 not an adjudication cell (30 or 60)
MSBNK-Eawag-EQ01062007,MSBNK-Eawag-EQ01062007.txt,JKNCOURZONDCGV,JKNCOURZONDCGV,2024.11,POSITIVE,[M+H]+,120.0,R4,nce=120 not an adjudication cell (30 or 60)
MSBNK-Eawag-EQ01062008,MSBNK-Eawag-EQ01062008.txt,JKNCOURZONDCGV,JKNCOURZONDCGV,2024.11,POSITIVE,[M+H]+,150.0,R4,nce=150 not an adjudication cell (30 or 60)
MSBNK-Eawag-EQ01062009,MSBNK-Eawag-EQ01062009.txt,JKNCOURZONDCGV,JKNCOURZONDCGV,2024.11,POSITIVE,[M+H]+,180.0,R4,nce=180 not an adjudication cell (30 or 60)
MSBNK-Eawag-EQ01064401,MSBNK-Eawag-EQ01064401.txt,UBMGKRIXKUIXFQ,UBMGKRIXKUIXFQ,dev,POSITIVE,[M+H]+,15.0,R4,nce=15 not an adjudication cell (30 or 60)
MSBNK-Eawag-EQ01064402,MSBNK-Eawag-EQ01064402.txt,UBMGKRIXKUIXFQ,UBMGKRIXKUIXFQ,dev,POSITIVE,[M+H]+,30.0,R5,"first_ref=dev not a tagged release ['2024.06', '2024.11', '2025.10']"
MSBNK-Eawag-EQ01064403,MSBNK-Eawag-EQ01064403.txt,UBMGKRIXKUIXFQ,UBMGKRIXKUIXFQ,dev,POSITIVE,[M+H]+,45.0,R4,nce=45 not an adjudication cell (30 or 60)
MSBNK-Eawag-EQ01064404,MSBNK-Eawag-EQ01064404.txt,UBMGKRIXKUIXFQ,UBMGKRIXKUIXFQ,dev,POSITIVE,[M+H]+,60.0,R5,"first_ref=dev not a tagged release ['2024.06', '2024.11', '2025.10']"
MSBNK-Eawag-EQ01064405,MSBNK-Eawag-EQ01064405.txt,UBMGKRIXKUIXFQ,UBMGKRIXKUIXFQ,dev,POSITIVE,[M+H]+,75.0,R4,nce=75 not an adjudication cell (30 or 60)
MSBNK-Eawag-EQ01064406,MSBNK-Eawag-EQ01064406.txt,UBMGKRIXKUIXFQ,UBMGKRIXKUIXFQ,dev,POSITIVE,[M+H]+,90.0,R4,nce=90 not an adjudication cell (30 or 60)
MSBNK-Eawag-EQ01064407,MSBNK-Eawag-EQ01064407.txt,UBMGKRIXKUIXFQ,UBMGKRIXKUIXFQ,dev,POSITIVE,[M+H]+,120.0,R4,nce=120 not an adjudication cell (30 or 60)
MSBNK-Eawag-EQ01064408,MSBNK-Eawag-EQ01064408.txt,UBMGKRIXKUIXFQ,UBMGKRIXKUIXFQ,dev,POSITIVE,[M+H]+,150.0,R4,nce=150 not an adjudication cell (30 or 60)
MSBNK-Eawag-EQ01064409,MSBNK-Eawag-EQ01064409.txt,UBMGKRIXKUIXFQ,UBMGKRIXKUIXFQ,dev,POSITIVE,[M+H]+,180.0,R4,nce=180 not an adjudication cell (30 or 60)
MSBNK-Eawag-EQ01064451,MSBNK-Eawag-EQ01064451.txt,UBMGKRIXKUIXFQ,UBMGKRIXKUIXFQ,dev,NEGATIVE,[M-H]-,15.0,R1,ion_mode=NEGATIVE precursor_type=[M-H]-
MSBNK-Eawag-EQ01064452,MSBNK-Eawag-EQ01064452.txt,UBMGKRIXKUIXFQ,UBMGKRIXKUIXFQ,dev,NEGATIVE,[M-H]-,30.0,R1,ion_mode=NEGATIVE precursor_type=[M-H]-
MSBNK-Eawag-EQ01064453,MSBNK-Eawag-EQ01064453.txt,UBMGKRIXKUIXFQ,UBMGKRIXKUIXFQ,dev,NEGATIVE,[M-H]-,45.0,R1,ion_mode=NEGATIVE precursor_type=[M-H]-
MSBNK-Eawag-EQ01069001,MSBNK-Eawag-EQ01069001.txt,ZBNZXTGUTAYRHI,ZBNZXTGUTAYRHI,2024.11,POSITIVE,[M+H]+,15.0,R4,nce=15 not an adjudication cell (30 or 60)
MSBNK-Eawag-EQ01069002,MSBNK-Eawag-EQ01069002.txt,ZBNZXTGUTAYRHI,ZBNZXTGUTAYRHI,2024.11,POSITIVE,[M+H]+,30.0,R8,R8a: compound key in MassSpecGym 1.5 by the recorded InChIKey route
MSBNK-Eawag-EQ01069003,MSBNK-Eawag-EQ01069003.txt,ZBNZXTGUTAYRHI,ZBNZXTGUTAYRHI,2024.11,POSITIVE,[M+H]+,45.0,R4,nce=45 not an adjudication cell (30 or 60)
MSBNK-Eawag-EQ01069004,MSBNK-Eawag-EQ01069004.txt,ZBNZXTGUTAYRHI,ZBNZXTGUTAYRHI,2024.11,POSITIVE,[M+H]+,60.0,R8,R8a: compound key in MassSpecGym 1.5 by the recorded InChIKey route
MSBNK-Eawag-EQ01069051,MSBNK-Eawag-EQ01069051.txt,ZBNZXTGUTAYRHI,ZBNZXTGUTAYRHI,2024.11,NEGATIVE,[M-H]-,15.0,R1,ion_mode=NEGATIVE precursor_type=[M-H]-
MSBNK-Eawag-EQ01069052,MSBNK-Eawag-EQ01069052.txt,ZBNZXTGUTAYRHI,ZBNZXTGUTAYRHI,2024.11,NEGATIVE,[M-H]-,30.0,R1,ion_mode=NEGATIVE precursor_type=[M-H]-
MSBNK-Eawag-EQ01069053,MSBNK-Eawag-EQ01069053.txt,ZBNZXTGUTAYRHI,ZBNZXTGUTAYRHI,2024.11,NEGATIVE,[M-H]-,45.0,R1,ion_mode=NEGATIVE precursor_type=[M-H]-
MSBNK-Eawag-EQ01069451,MSBNK-Eawag-EQ01069451.txt,OLNTVTPDXPETLC,OLNTVTPDXPETLC,2024.11,NEGATIVE,[M-H]-,15.0,R1,ion_mode=NEGATIVE precursor_type=[M-H]-
MSBNK-Eawag-EQ01069452,MSBNK-Eawag-EQ01069452.txt,OLNTVTPDXPETLC,OLNTVTPDXPETLC,2024.11,NEGATIVE,[M-H]-,30.0,R1,ion_mode=NEGATIVE precursor_type=[M-H]-
MSBNK-Eawag-EQ01069453,MSBNK-Eawag-EQ01069453.txt,OLNTVTPDXPETLC,OLNTVTPDXPETLC,2024.11,NEGATIVE,[M-H]-,45.0,R1,ion_mode=NEGATIVE precursor_type=[M-H]-
MSBNK-Eawag-EQ01069454,MSBNK-Eawag-EQ01069454.txt,OLNTVTPDXPETLC,OLNTVTPDXPETLC,2024.11,NEGATIVE,[M-H]-,60.0,R1,ion_mode=NEGATIVE precursor_type=[M-H]-
MSBNK-Eawag-EQ01069455,MSBNK-Eawag-EQ01069455.txt,OLNTVTPDXPETLC,OLNTVTPDXPETLC,2024.11,NEGATIVE,[M-H]-,75.0,R1,ion_mode=NEGATIVE precursor_type=[M-H]-
MSBNK-Eawag-EQ01069501,MSBNK-Eawag-EQ01069501.txt,KHPKQFYUPIUARC,KHPKQFYUPIUARC,2024.11,POSITIVE,[M+H]+,15.0,R4,nce=15 not an adjudication cell (30 or 60)
MSBNK-Eawag-EQ01069502,MSBNK-Eawag-EQ01069502.txt,KHPKQFYUPIUARC,KHPKQFYUPIUARC,2024.11,POSITIVE,[M+H]+,30.0,R8,R8d: compound in the MURU exposure registry
MSBNK-Eawag-EQ01069503,MSBNK-Eawag-EQ01069503.txt,KHPKQFYUPIUARC,KHPKQFYUPIUARC,2024.11,POSITIVE,[M+H]+,45.0,R4,nce=45 not an adjudication cell (30 or 60)
MSBNK-Eawag-EQ01069504,MSBNK-Eawag-EQ01069504.txt,KHPKQFYUPIUARC,KHPKQFYUPIUARC,2024.11,POSITIVE,[M+H]+,60.0,R8,R8d: compound in the MURU exposure registry
MSBNK-Eawag-EQ01069505,MSBNK-Eawag-EQ01069505.txt,KHPKQFYUPIUARC,KHPKQFYUPIUARC,2024.11,POSITIVE,[M+H]+,75.0,R4,nce=75 not an adjudication cell (30 or 60)
MSBNK-Eawag-EQ01069506,MSBNK-Eawag-EQ01069506.txt,KHPKQFYUPIUARC,KHPKQFYUPIUARC,2024.11,POSITIVE,[M+H]+,90.0,R4,nce=90 not an adjudication cell (30 or 60)
MSBNK-Eawag-EQ01069507,MSBNK-Eawag-EQ01069507.txt,KHPKQFYUPIUARC,KHPKQFYUPIUARC,2024.11,POSITIVE,[M+H]+,120.0,R4,nce=120 not an adjudication cell (30 or 60)
MSBNK-Eawag-EQ01069551,MSBNK-Eawag-EQ01069551.txt,KHPKQFYUPIUARC,KHPKQFYUPIUARC,2024.11,NEGATIVE,[M-H]-,15.0,R1,ion_mode=NEGATIVE precursor_type=[M-H]-
MSBNK-Eawag-EQ01069552,MSBNK-Eawag-EQ01069552.txt,KHPKQFYUPIUARC,KHPKQFYUPIUARC,2024.11,NEGATIVE,[M-H]-,30.0,R1,ion_mode=NEGATIVE precursor_type=[M-H]-
MSBNK-Eawag-EQ01069553,MSBNK-Eawag-EQ01069553.txt,KHPKQFYUPIUARC,KHPKQFYUPIUARC,2024.11,NEGATIVE,[M-H]-,45.0,R1,ion_mode=NEGATIVE precursor_type=[M-H]-
MSBNK-Eawag-EQ01070101,MSBNK-Eawag-EQ01070101.txt,WAEXFXRVDQXREF,WAEXFXRVDQXREF,2024.11,POSITIVE,[M+H]+,15.0,R4,nce=15 not an adjudication cell (30 or 60)
MSBNK-Eawag-EQ01070102,MSBNK-Eawag-EQ01070102.txt,WAEXFXRVDQXREF,WAEXFXRVDQXREF,2024.11,POSITIVE,[M+H]+,30.0,R8,R8a: compound key in MassSpecGym 1.5 by the recorded InChIKey route
MSBNK-Eawag-EQ01070103,MSBNK-Eawag-EQ01070103.txt,WAEXFXRVDQXREF,WAEXFXRVDQXREF,2024.11,POSITIVE,[M+H]+,45.0,R4,nce=45 not an adjudication cell (30 or 60)
MSBNK-Eawag-EQ01070104,MSBNK-Eawag-EQ01070104.txt,WAEXFXRVDQXREF,WAEXFXRVDQXREF,2024.11,POSITIVE,[M+H]+,60.0,R8,R8a: compound key in MassSpecGym 1.5 by the recorded InChIKey route
MSBNK-Eawag-EQ01070105,MSBNK-Eawag-EQ01070105.txt,WAEXFXRVDQXREF,WAEXFXRVDQXREF,2024.11,POSITIVE,[M+H]+,75.0,R4,nce=75 not an adjudication cell (30 or 60)
MSBNK-Eawag-EQ01070106,MSBNK-Eawag-EQ01070106.txt,WAEXFXRVDQXREF,WAEXFXRVDQXREF,2024.11,POSITIVE,[M+H]+,90.0,R4,nce=90 not an adjudication cell (30 or 60)
MSBNK-Eawag-EQ01070107,MSBNK-Eawag-EQ01070107.txt,WAEXFXRVDQXREF,WAEXFXRVDQXREF,2024.11,POSITIVE,[M+H]+,120.0,R4,nce=120 not an adjudication cell (30 or 60)
MSBNK-Eawag-EQ01070108,MSBNK-Eawag-EQ01070108.txt,WAEXFXRVDQXREF,WAEXFXRVDQXREF,2024.11,POSITIVE,[M+H]+,150.0,R4,nce=150 not an adjudication cell (30 or 60)
MSBNK-Eawag-EQ01070109,MSBNK-Eawag-EQ01070109.txt,WAEXFXRVDQXREF,WAEXFXRVDQXREF,2024.11,POSITIVE,[M+H]+,180.0,R4,nce=180 not an adjudication cell (30 or 60)
MSBNK-Eawag-EQ01070151,MSBNK-Eawag-EQ01070151.txt,WAEXFXRVDQXREF,WAEXFXRVDQXREF,2024.11,NEGATIVE,[M-H]-,15.0,R1,ion_mode=NEGATIVE precursor_type=[M-H]-
MSBNK-Eawag-EQ01070152,MSBNK-Eawag-EQ01070152.txt,WAEXFXRVDQXREF,WAEXFXRVDQXREF,2024.11,NEGATIVE,[M-H]-,30.0,R1,ion_mode=NEGATIVE precursor_type=[M-H]-
MSBNK-Eawag-EQ01070153,MSBNK-Eawag-EQ01070153.txt,WAEXFXRVDQXREF,WAEXFXRVDQXREF,2024.11,NEGATIVE,[M-H]-,45.0,R1,ion_mode=NEGATIVE precursor_type=[M-H]-
MSBNK-Eawag-EQ01070154,MSBNK-Eawag-EQ01070154.txt,WAEXFXRVDQXREF,WAEXFXRVDQXREF,2024.11,NEGATIVE,[M-H]-,60.0,R1,ion_mode=NEGATIVE precursor_type=[M-H]-
MSBNK-Eawag-EQ01070155,MSBNK-Eawag-EQ01070155.txt,WAEXFXRVDQXREF,WAEXFXRVDQXREF,2024.11,NEGATIVE,[M-H]-,75.0,R1,ion_mode=NEGATIVE precursor_type=[M-H]-
MSBNK-Eawag-EQ01070156,MSBNK-Eawag-EQ01070156.txt,WAEXFXRVDQXREF,WAEXFXRVDQXREF,2024.11,NEGATIVE,[M-H]-,90.0,R1,ion_mode=NEGATIVE precursor_type=[M-H]-
MSBNK-Eawag-EQ01072101,MSBNK-Eawag-EQ01072101.txt,HYIMSNHJOBLJNT,HYIMSNHJOBLJNT,2024.11,POSITIVE,[M+H]+,15.0,R4,nce=15 not an adjudication cell (30 or 60)
MSBNK-Eawag-EQ01072102,MSBNK-Eawag-EQ01072102.txt,HYIMSNHJOBLJNT,HYIMSNHJOBLJNT,2024.11,POSITIVE,[M+H]+,30.0,R8,R8a: compound key in MassSpecGym 1.5 by the recorded InChIKey route
MSBNK-Eawag-EQ01072103,MSBNK-Eawag-EQ01072103.txt,HYIMSNHJOBLJNT,HYIMSNHJOBLJNT,2024.11,POSITIVE,[M+H]+,25.0,R4,nce=25 not an adjudication cell (30 or 60)
MSBNK-Eawag-EQ01072104,MSBNK-Eawag-EQ01072104.txt,HYIMSNHJOBLJNT,HYIMSNHJOBLJNT,2024.11,POSITIVE,[M+H]+,30.0,R8,R8a: compound key in MassSpecGym 1.5 by the recorded InChIKey route
MSBNK-Eawag-EQ01072105,MSBNK-Eawag-EQ01072105.txt,HYIMSNHJOBLJNT,HYIMSNHJOBLJNT,2024.11,POSITIVE,[M+H]+,40.0,R4,nce=40 not an adjudication cell (30 or 60)
MSBNK-Eawag-EQ01072106,MSBNK-Eawag-EQ01072106.txt,HYIMSNHJOBLJNT,HYIMSNHJOBLJNT,2024.11,POSITIVE,[M+H]+,50.0,R4,nce=50 not an adjudication cell (30 or 60)
MSBNK-Eawag-EQ01072107,MSBNK-Eawag-EQ01072107.txt,HYIMSNHJOBLJNT,HYIMSNHJOBLJNT,2024.11,POSITIVE,[M+H]+,60.0,R8,R8a: compound key in MassSpecGym 1.5 by the recorded InChIKey route
MSBNK-Eawag-EQ01072151,MSBNK-Eawag-EQ01072151.txt,HYIMSNHJOBLJNT,HYIMSNHJOBLJNT,2024.11,NEGATIVE,[M-H]-,15.0,R1,ion_mode=NEGATIVE precursor_type=[M-H]-
MSBNK-Eawag-EQ01072152,MSBNK-Eawag-EQ01072152.txt,HYIMSNHJOBLJNT,HYIMSNHJOBLJNT,2024.11,NEGATIVE,[M-H]-,30.0,R1,ion_mode=NEGATIVE precursor_type=[M-H]-
MSBNK-Eawag-EQ01072153,MSBNK-Eawag-EQ01072153.txt,HYIMSNHJOBLJNT,HYIMSNHJOBLJNT,2024.11,NEGATIVE,[M-H]-,45.0,R1,ion_mode=NEGATIVE precursor_type=[M-H]-
MSBNK-Eawag-EQ01072201,MSBNK-Eawag-EQ01072201.txt,UCHDWCPVSPXUMX,UCHDWCPVSPXUMX,2024.11,POSITIVE,[M+H]+,15.0,R4,nce=15 not an adjudication cell (30 or 60)
MSBNK-Eawag-EQ01072202,MSBNK-Eawag-EQ01072202.txt,UCHDWCPVSPXUMX,UCHDWCPVSPXUMX,2024.11,POSITIVE,[M+H]+,20.0,R4,nce=20 not an adjudication cell (30 or 60)
MSBNK-Eawag-EQ01072203,MSBNK-Eawag-EQ01072203.txt,UCHDWCPVSPXUMX,UCHDWCPVSPXUMX,2024.11,POSITIVE,[M+H]+,25.0,R4,nce=25 not an adjudication cell (30 or 60)
MSBNK-Eawag-EQ01072204,MSBNK-Eawag-EQ01072204.txt,UCHDWCPVSPXUMX,UCHDWCPVSPXUMX,2024.11,POSITIVE,[M+H]+,30.0,R8,R8a: compound key in MassSpecGym 1.5 by the recorded InChIKey route
MSBNK-Eawag-EQ01072205,MSBNK-Eawag-EQ01072205.txt,UCHDWCPVSPXUMX,UCHDWCPVSPXUMX,2024.11,POSITIVE,[M+H]+,40.0,R4,nce=40 not an adjudication cell (30 or 60)
MSBNK-Eawag-EQ01072206,MSBNK-Eawag-EQ01072206.txt,UCHDWCPVSPXUMX,UCHDWCPVSPXUMX,2024.11,POSITIVE,[M+H]+,50.0,R4,nce=50 not an adjudication cell (30 or 60)
MSBNK-Eawag-EQ01072207,MSBNK-Eawag-EQ01072207.txt,UCHDWCPVSPXUMX,UCHDWCPVSPXUMX,2024.11,POSITIVE,[M+H]+,60.0,R8,R8a: compound key in MassSpecGym 1.5 by the recorded InChIKey route
MSBNK-Eawag-EQ01072401,MSBNK-Eawag-EQ01072401.txt,UHWVSEOVJBQKBE,UHWVSEOVJBQKBE,2024.11,POSITIVE,[M+H]+,15.0,R4,nce=15 not an adjudication cell (30 or 60)
MSBNK-Eawag-EQ01072402,MSBNK-Eawag-EQ01072402.txt,UHWVSEOVJBQKBE,UHWVSEOVJBQKBE,2024.11,POSITIVE,[M+H]+,20.0,R4,nce=20 not an adjudication cell (30 or 60)
MSBNK-Eawag-EQ01072403,MSBNK-Eawag-EQ01072403.txt,UHWVSEOVJBQKBE,UHWVSEOVJBQKBE,2024.11,POSITIVE,[M+H]+,25.0,R4,nce=25 not an adjudication cell (30 or 60)
MSBNK-Eawag-EQ01072404,MSBNK-Eawag-EQ01072404.txt,UHWVSEOVJBQKBE,UHWVSEOVJBQKBE,2024.11,POSITIVE,[M+H]+,30.0,R8,R8a: compound key in MassSpecGym 1.5 by the recorded InChIKey route
MSBNK-Eawag-EQ01072405,MSBNK-Eawag-EQ01072405.txt,UHWVSEOVJBQKBE,UHWVSEOVJBQKBE,2024.11,POSITIVE,[M+H]+,40.0,R4,nce=40 not an adjudication cell (30 or 60)
MSBNK-Eawag-EQ01072406,MSBNK-Eawag-EQ01072406.txt,UHWVSEOVJBQKBE,UHWVSEOVJBQKBE,2024.11,POSITIVE,[M+H]+,50.0,R4,nce=50 not an adjudication cell (30 or 60)
MSBNK-Eawag-EQ01072407,MSBNK-Eawag-EQ01072407.txt,UHWVSEOVJBQKBE,UHWVSEOVJBQKBE,2024.11,POSITIVE,[M+H]+,60.0,R8,R8a: compound key in MassSpecGym 1.5 by the recorded InChIKey route
MSBNK-Eawag-EQ01072701,MSBNK-Eawag-EQ01072701.txt,NXFQHRVNIOXGAQ,NXFQHRVNIOXGAQ,2024.11,POSITIVE,[M+H]+,15.0,R4,nce=15 not an adjudication cell (30 or 60)
MSBNK-Eawag-EQ01072702,MSBNK-Eawag-EQ01072702.txt,NXFQHRVNIOXGAQ,NXFQHRVNIOXGAQ,2024.11,POSITIVE,[M+H]+,30.0,R8,R8a: compound key in MassSpecGym 1.5 by the recorded InChIKey route
MSBNK-Eawag-EQ01072703,MSBNK-Eawag-EQ01072703.txt,NXFQHRVNIOXGAQ,NXFQHRVNIOXGAQ,2024.11,POSITIVE,[M+H]+,45.0,R4,nce=45 not an adjudication cell (30 or 60)
MSBNK-Eawag-EQ01072704,MSBNK-Eawag-EQ01072704.txt,NXFQHRVNIOXGAQ,NXFQHRVNIOXGAQ,2024.11,POSITIVE,[M+H]+,60.0,R8,R8a: compound key in MassSpecGym 1.5 by the recorded InChIKey route
MSBNK-Eawag-EQ01072705,MSBNK-Eawag-EQ01072705.txt,NXFQHRVNIOXGAQ,NXFQHRVNIOXGAQ,2024.11,POSITIVE,[M+H]+,75.0,R4,nce=75 not an adjudication cell (30 or 60)
MSBNK-Eawag-EQ01072706,MSBNK-Eawag-EQ01072706.txt,NXFQHRVNIOXGAQ,NXFQHRVNIOXGAQ,2024.11,POSITIVE,[M+H]+,90.0,R4,nce=90 not an adjudication cell (30 or 60)
MSBNK-Eawag-EQ01072751,MSBNK-Eawag-EQ01072751.txt,NXFQHRVNIOXGAQ,NXFQHRVNIOXGAQ,2024.11,NEGATIVE,[M-H]-,15.0,R1,ion_mode=NEGATIVE precursor_type=[M-H]-
MSBNK-Eawag-EQ01072752,MSBNK-Eawag-EQ01072752.txt,NXFQHRVNIOXGAQ,NXFQHRVNIOXGAQ,2024.11,NEGATIVE,[M-H]-,30.0,R1,ion_mode=NEGATIVE precursor_type=[M-H]-
MSBNK-Eawag-EQ01072753,MSBNK-Eawag-EQ01072753.txt,NXFQHRVNIOXGAQ,NXFQHRVNIOXGAQ,2024.11,NEGATIVE,[M-H]-,45.0,R1,ion_mode=NEGATIVE precursor_type=[M-H]-
MSBNK-Eawag-EQ01072754,MSBNK-Eawag-EQ01072754.txt,NXFQHRVNIOXGAQ,NXFQHRVNIOXGAQ,2024.11,NEGATIVE,[M-H]-,60.0,R1,ion_mode=NEGATIVE precursor_type=[M-H]-
MSBNK-Eawag-EQ01072755,MSBNK-Eawag-EQ01072755.txt,NXFQHRVNIOXGAQ,NXFQHRVNIOXGAQ,2024.11,NEGATIVE,[M-H]-,75.0,R1,ion_mode=NEGATIVE precursor_type=[M-H]-
MSBNK-Eawag-EQ01072756,MSBNK-Eawag-EQ01072756.txt,NXFQHRVNIOXGAQ,NXFQHRVNIOXGAQ,2024.11,NEGATIVE,[M-H]-,90.0,R1,ion_mode=NEGATIVE precursor_type=[M-H]-
MSBNK-Eawag-EQ01072801,MSBNK-Eawag-EQ01072801.txt,MFDFERRIHVXMIY,MFDFERRIHVXMIY,2024.11,POSITIVE,[M+H]+,15.0,R4,nce=15 not an adjudication cell (30 or 60)
MSBNK-Eawag-EQ01072802,MSBNK-Eawag-EQ01072802.txt,MFDFERRIHVXMIY,MFDFERRIHVXMIY,2024.11,POSITIVE,[M+H]+,20.0,R4,nce=20 not an adjudication cell (30 or 60)
MSBNK-Eawag-EQ01072803,MSBNK-Eawag-EQ01072803.txt,MFDFERRIHVXMIY,MFDFERRIHVXMIY,2024.11,POSITIVE,[M+H]+,25.0,R4,nce=25 not an adjudication cell (30 or 60)
MSBNK-Eawag-EQ01072804,MSBNK-Eawag-EQ01072804.txt,MFDFERRIHVXMIY,MFDFERRIHVXMIY,2024.11,POSITIVE,[M+H]+,30.0,R8,R8a: compound key in MassSpecGym 1.5 by the recorded InChIKey route
MSBNK-Eawag-EQ01072805,MSBNK-Eawag-EQ01072805.txt,MFDFERRIHVXMIY,MFDFERRIHVXMIY,2024.11,POSITIVE,[M+H]+,40.0,R4,nce=40 not an adjudication cell (30 or 60)
MSBNK-Eawag-EQ01072806,MSBNK-Eawag-EQ01072806.txt,MFDFERRIHVXMIY,MFDFERRIHVXMIY,2024.11,POSITIVE,[M+H]+,50.0,R4,nce=50 not an adjudication cell (30 or 60)
MSBNK-Eawag-EQ01072807,MSBNK-Eawag-EQ01072807.txt,MFDFERRIHVXMIY,MFDFERRIHVXMIY,2024.11,POSITIVE,[M+H]+,60.0,R8,R8a: compound key in MassSpecGym 1.5 by the recorded InChIKey route
MSBNK-Eawag-EQ01072808,MSBNK-Eawag-EQ01072808.txt,MFDFERRIHVXMIY,MFDFERRIHVXMIY,2024.11,POSITIVE,[M+H]+,70.0,R4,nce=70 not an adjudication cell (30 or 60)
MSBNK-Eawag-EQ01072809,MSBNK-Eawag-EQ01072809.txt,MFDFERRIHVXMIY,MFDFERRIHVXMIY,2024.11,POSITIVE,[M+H]+,80.0,R4,nce=80 not an adjudication cell (30 or 60)
MSBNK-Eawag-EQ01073701,MSBNK-Eawag-EQ01073701.txt,UZHSEJADLWPNLE,UZHSEJADLWPNLE,2024.11,POSITIVE,[M+H]+,15.0,R4,nce=15 not an adjudication cell (30 or 60)
MSBNK-Eawag-EQ01073702,MSBNK-Eawag-EQ01073702.txt,UZHSEJADLWPNLE,UZHSEJADLWPNLE,2024.11,POSITIVE,[M+H]+,30.0,R8,R8a: compound key in MassSpecGym 1.5 by the recorded InChIKey route
MSBNK-Eawag-EQ01073703,MSBNK-Eawag-EQ01073703.txt,UZHSEJADLWPNLE,UZHSEJADLWPNLE,2024.11,POSITIVE,[M+H]+,45.0,R4,nce=45 not an adjudication cell (30 or 60)
MSBNK-Eawag-EQ01073704,MSBNK-Eawag-EQ01073704.txt,UZHSEJADLWPNLE,UZHSEJADLWPNLE,2024.11,POSITIVE,[M+H]+,60.0,R8,R8a: compound key in MassSpecGym 1.5 by the recorded InChIKey route
MSBNK-Eawag-EQ01073705,MSBNK-Eawag-EQ01073705.txt,UZHSEJADLWPNLE,UZHSEJADLWPNLE,2024.11,POSITIVE,[M+H]+,75.0,R4,nce=75 not an adjudication cell (30 or 60)
MSBNK-Eawag-EQ01073706,MSBNK-Eawag-EQ01073706.txt,UZHSEJADLWPNLE,UZHSEJADLWPNLE,2024.11,POSITIVE,[M+H]+,90.0,R4,nce=90 not an adjudication cell (30 or 60)
MSBNK-Eawag-EQ01073707,MSBNK-Eawag-EQ01073707.txt,UZHSEJADLWPNLE,UZHSEJADLWPNLE,2024.11,POSITIVE,[M+H]+,60.0,R8,R8a: compound key in MassSpecGym 1.5 by the recorded InChIKey route
MSBNK-Eawag-EQ01073708,MSBNK-Eawag-EQ01073708.txt,UZHSEJADLWPNLE,UZHSEJADLWPNLE,2024.11,POSITIVE,[M+H]+,70.0,R4,nce=70 not an adjudication cell (30 or 60)
MSBNK-Eawag-EQ01074401,MSBNK-Eawag-EQ01074401.txt,KXDAEFPNCMNJSK,KXDAEFPNCMNJSK,2024.11,POSITIVE,[M+H]+,15.0,R4,nce=15 not an adjudication cell (30 or 60)
MSBNK-Eawag-EQ01074402,MSBNK-Eawag-EQ01074402.txt,KXDAEFPNCMNJSK,KXDAEFPNCMNJSK,2024.11,POSITIVE,[M+H]+,20.0,R4,nce=20 not an adjudication cell (30 or 60)
MSBNK-Eawag-EQ01074403,MSBNK-Eawag-EQ01074403.txt,KXDAEFPNCMNJSK,KXDAEFPNCMNJSK,2024.11,POSITIVE,[M+H]+,25.0,R4,nce=25 not an adjudication cell (30 or 60)
MSBNK-Eawag-EQ01074404,MSBNK-Eawag-EQ01074404.txt,KXDAEFPNCMNJSK,KXDAEFPNCMNJSK,2024.11,POSITIVE,[M+H]+,30.0,R8,R8a: compound key in MassSpecGym 1.5 by the recorded InChIKey route
MSBNK-Eawag-EQ01074405,MSBNK-Eawag-EQ01074405.txt,KXDAEFPNCMNJSK,KXDAEFPNCMNJSK,2024.11,POSITIVE,[M+H]+,40.0,R4,nce=40 not an adjudication cell (30 or 60)
MSBNK-Eawag-EQ01074406,MSBNK-Eawag-EQ01074406.txt,KXDAEFPNCMNJSK,KXDAEFPNCMNJSK,2024.11,POSITIVE,[M+H]+,50.0,R4,nce=50 not an adjudication cell (30 or 60)
MSBNK-Eawag-EQ01074407,MSBNK-Eawag-EQ01074407.txt,KXDAEFPNCMNJSK,KXDAEFPNCMNJSK,2024.11,POSITIVE,[M+H]+,60.0,R8,R8a: compound key in MassSpecGym 1.5 by the recorded InChIKey route
MSBNK-Eawag-EQ01074408,MSBNK-Eawag-EQ01074408.txt,KXDAEFPNCMNJSK,KXDAEFPNCMNJSK,2024.11,POSITIVE,[M+H]+,70.0,R4,nce=70 not an adjudication cell (30 or 60)
MSBNK-Eawag-EQ01074409,MSBNK-Eawag-EQ01074409.txt,KXDAEFPNCMNJSK,KXDAEFPNCMNJSK,2024.11,POSITIVE,[M+H]+,80.0,R4,nce=80 not an adjudication cell (30 or 60)
MSBNK-Eawag-EQ01074701,MSBNK-Eawag-EQ01074701.txt,BKAWJIRCKVUVED,BKAWJIRCKVUVED,2024.06,POSITIVE,[M+H]+,15.0,R4,nce=15 not an adjudication cell (30 or 60)
MSBNK-Eawag-EQ01074702,MSBNK-Eawag-EQ01074702.txt,BKAWJIRCKVUVED,BKAWJIRCKVUVED,2024.06,POSITIVE,[M+H]+,30.0,R8,R8a: compound key in MassSpecGym 1.5 by the recorded InChIKey route
MSBNK-Eawag-EQ01074703,MSBNK-Eawag-EQ01074703.txt,BKAWJIRCKVUVED,BKAWJIRCKVUVED,2024.06,POSITIVE,[M+H]+,45.0,R4,nce=45 not an adjudication cell (30 or 60)
MSBNK-Eawag-EQ01074704,MSBNK-Eawag-EQ01074704.txt,BKAWJIRCKVUVED,BKAWJIRCKVUVED,2024.06,POSITIVE,[M+H]+,60.0,R8,R8a: compound key in MassSpecGym 1.5 by the recorded InChIKey route
MSBNK-Eawag-EQ01074705,MSBNK-Eawag-EQ01074705.txt,BKAWJIRCKVUVED,BKAWJIRCKVUVED,2024.06,POSITIVE,[M+H]+,75.0,R4,nce=75 not an adjudication cell (30 or 60)
MSBNK-Eawag-EQ01074706,MSBNK-Eawag-EQ01074706.txt,BKAWJIRCKVUVED,BKAWJIRCKVUVED,2024.06,POSITIVE,[M+H]+,90.0,R4,nce=90 not an adjudication cell (30 or 60)
MSBNK-Eawag-EQ01074707,MSBNK-Eawag-EQ01074707.txt,BKAWJIRCKVUVED,BKAWJIRCKVUVED,2024.06,POSITIVE,[M+H]+,120.0,R4,nce=120 not an adjudication cell (30 or 60)
MSBNK-Eawag-EQ01074708,MSBNK-Eawag-EQ01074708.txt,BKAWJIRCKVUVED,BKAWJIRCKVUVED,2024.06,POSITIVE,[M+H]+,150.0,R4,nce=150 not an adjudication cell (30 or 60)
MSBNK-Eawag-EQ01074709,MSBNK-Eawag-EQ01074709.txt,BKAWJIRCKVUVED,BKAWJIRCKVUVED,2024.06,POSITIVE,[M+H]+,180.0,R4,nce=180 not an adjudication cell (30 or 60)
MSBNK-Eawag-EQ01074801,MSBNK-Eawag-EQ01074801.txt,WKSAUQYGYAYLPV,WKSAUQYGYAYLPV,2024.11,POSITIVE,[M+H]+,15.0,R4,nce=15 not an adjudication cell (30 or 60)
MSBNK-Eawag-EQ01074802,MSBNK-Eawag-EQ01074802.txt,WKSAUQYGYAYLPV,WKSAUQYGYAYLPV,2024.11,POSITIVE,[M+H]+,30.0,R8,R8a: compound key in MassSpecGym 1.5 by the recorded InChIKey route
MSBNK-Eawag-EQ01074803,MSBNK-Eawag-EQ01074803.txt,WKSAUQYGYAYLPV,WKSAUQYGYAYLPV,2024.11,POSITIVE,[M+H]+,45.0,R4,nce=45 not an adjudication cell (30 or 60)
MSBNK-Eawag-EQ01074804,MSBNK-Eawag-EQ01074804.txt,WKSAUQYGYAYLPV,WKSAUQYGYAYLPV,2024.11,POSITIVE,[M+H]+,60.0,R8,R8a: compound key in MassSpecGym 1.5 by the recorded InChIKey route
MSBNK-Eawag-EQ01074805,MSBNK-Eawag-EQ01074805.txt,WKSAUQYGYAYLPV,WKSAUQYGYAYLPV,2024.11,POSITIVE,[M+H]+,75.0,R4,nce=75 not an adjudication cell (30 or 60)
MSBNK-Eawag-EQ01074806,MSBNK-Eawag-EQ01074806.txt,WKSAUQYGYAYLPV,WKSAUQYGYAYLPV,2024.11,POSITIVE,[M+H]+,90.0,R4,nce=90 not an adjudication cell (30 or 60)
MSBNK-Eawag-EQ01074807,MSBNK-Eawag-EQ01074807.txt,WKSAUQYGYAYLPV,WKSAUQYGYAYLPV,2024.11,POSITIVE,[M+H]+,120.0,R4,nce=120 not an adjudication cell (30 or 60)
MSBNK-Eawag-EQ01074808,MSBNK-Eawag-EQ01074808.txt,WKSAUQYGYAYLPV,WKSAUQYGYAYLPV,2024.11,POSITIVE,[M+H]+,150.0,R4,nce=150 not an adjudication cell (30 or 60)
MSBNK-Eawag-EQ01074809,MSBNK-Eawag-EQ01074809.txt,WKSAUQYGYAYLPV,WKSAUQYGYAYLPV,2024.11,POSITIVE,[M+H]+,180.0,R4,nce=180 not an adjudication cell (30 or 60)
MSBNK-Eawag-EQ01074901,MSBNK-Eawag-EQ01074901.txt,OMVSWZDEEGIJJI,OMVSWZDEEGIJJI,2024.11,POSITIVE,[M+H]+,15.0,R4,nce=15 not an adjudication cell (30 or 60)
MSBNK-Eawag-EQ01074902,MSBNK-Eawag-EQ01074902.txt,OMVSWZDEEGIJJI,OMVSWZDEEGIJJI,2024.11,POSITIVE,[M+H]+,30.0,PASS,eligible
MSBNK-Eawag-EQ01074903,MSBNK-Eawag-EQ01074903.txt,OMVSWZDEEGIJJI,OMVSWZDEEGIJJI,2024.11,POSITIVE,[M+H]+,45.0,R4,nce=45 not an adjudication cell (30 or 60)
MSBNK-Eawag-EQ01074904,MSBNK-Eawag-EQ01074904.txt,OMVSWZDEEGIJJI,OMVSWZDEEGIJJI,2024.11,POSITIVE,[M+H]+,60.0,PASS,eligible
MSBNK-Eawag-EQ01074905,MSBNK-Eawag-EQ01074905.txt,OMVSWZDEEGIJJI,OMVSWZDEEGIJJI,2024.11,POSITIVE,[M+H]+,75.0,R4,nce=75 not an adjudication cell (30 or 60)
MSBNK-Eawag-EQ01074906,MSBNK-Eawag-EQ01074906.txt,OMVSWZDEEGIJJI,OMVSWZDEEGIJJI,2024.11,POSITIVE,[M+H]+,90.0,R4,nce=90 not an adjudication cell (30 or 60)
MSBNK-Eawag-EQ01074907,MSBNK-Eawag-EQ01074907.txt,OMVSWZDEEGIJJI,OMVSWZDEEGIJJI,2024.11,POSITIVE,[M+H]+,60.0,PASS,eligible
MSBNK-Eawag-EQ01075001,MSBNK-Eawag-EQ01075001.txt,WTLBZVNBAKMVDP,WTLBZVNBAKMVDP,2024.11,POSITIVE,[M+H]+,15.0,R4,nce=15 not an adjudication cell (30 or 60)
MSBNK-Eawag-EQ01075002,MSBNK-Eawag-EQ01075002.txt,WTLBZVNBAKMVDP,WTLBZVNBAKMVDP,2024.11,POSITIVE,[M+H]+,20.0,R4,nce=20 not an adjudication cell (30 or 60)
MSBNK-Eawag-EQ01075003,MSBNK-Eawag-EQ01075003.txt,WTLBZVNBAKMVDP,WTLBZVNBAKMVDP,2024.11,POSITIVE,[M+H]+,25.0,R4,nce=25 not an adjudication cell (30 or 60)
MSBNK-Eawag-EQ01075004,MSBNK-Eawag-EQ01075004.txt,WTLBZVNBAKMVDP,WTLBZVNBAKMVDP,2024.11,POSITIVE,[M+H]+,30.0,R8,R8a: compound key in MassSpecGym 1.5 by the recorded InChIKey route
MSBNK-Eawag-EQ01075005,MSBNK-Eawag-EQ01075005.txt,WTLBZVNBAKMVDP,WTLBZVNBAKMVDP,2024.11,POSITIVE,[M+H]+,40.0,R4,nce=40 not an adjudication cell (30 or 60)
MSBNK-Eawag-EQ01075006,MSBNK-Eawag-EQ01075006.txt,WTLBZVNBAKMVDP,WTLBZVNBAKMVDP,2024.11,POSITIVE,[M+H]+,50.0,R4,nce=50 not an adjudication cell (30 or 60)
MSBNK-Eawag-EQ01075007,MSBNK-Eawag-EQ01075007.txt,WTLBZVNBAKMVDP,WTLBZVNBAKMVDP,2024.11,POSITIVE,[M+H]+,60.0,R8,R8a: compound key in MassSpecGym 1.5 by the recorded InChIKey route
MSBNK-Eawag-EQ01075008,MSBNK-Eawag-EQ01075008.txt,WTLBZVNBAKMVDP,WTLBZVNBAKMVDP,2024.11,POSITIVE,[M+H]+,70.0,R4,nce=70 not an adjudication cell (30 or 60)
MSBNK-Eawag-EQ01075009,MSBNK-Eawag-EQ01075009.txt,WTLBZVNBAKMVDP,WTLBZVNBAKMVDP,2024.11,POSITIVE,[M+H]+,80.0,R4,nce=80 not an adjudication cell (30 or 60)
MSBNK-Eawag-EQ01075101,MSBNK-Eawag-EQ01075101.txt,QZCLKYGREBVARF,QZCLKYGREBVARF,2024.11,POSITIVE,[M+H]+,15.0,R4,nce=15 not an adjudication cell (30 or 60)
MSBNK-Eawag-EQ01075102,MSBNK-Eawag-EQ01075102.txt,QZCLKYGREBVARF,QZCLKYGREBVARF,2024.11,POSITIVE,[M+H]+,20.0,R4,nce=20 not an adjudication cell (30 or 60)
MSBNK-Eawag-EQ01075103,MSBNK-Eawag-EQ01075103.txt,QZCLKYGREBVARF,QZCLKYGREBVARF,2024.11,POSITIVE,[M+H]+,25.0,R4,nce=25 not an adjudication cell (30 or 60)
MSBNK-Eawag-EQ01075104,MSBNK-Eawag-EQ01075104.txt,QZCLKYGREBVARF,QZCLKYGREBVARF,2024.11,POSITIVE,[M+H]+,30.0,R8,R8a: compound key in MassSpecGym 1.5 by the recorded InChIKey route
MSBNK-Eawag-EQ01075105,MSBNK-Eawag-EQ01075105.txt,QZCLKYGREBVARF,QZCLKYGREBVARF,2024.11,POSITIVE,[M+H]+,40.0,R4,nce=40 not an adjudication cell (30 or 60)
MSBNK-Eawag-EQ01075106,MSBNK-Eawag-EQ01075106.txt,QZCLKYGREBVARF,QZCLKYGREBVARF,2024.11,POSITIVE,[M+H]+,50.0,R4,nce=50 not an adjudication cell (30 or 60)
MSBNK-Eawag-EQ01075107,MSBNK-Eawag-EQ01075107.txt,QZCLKYGREBVARF,QZCLKYGREBVARF,2024.11,POSITIVE,[M+H]+,60.0,R8,R8a: compound key in MassSpecGym 1.5 by the recorded InChIKey route
MSBNK-Eawag-EQ01075108,MSBNK-Eawag-EQ01075108.txt,QZCLKYGREBVARF,QZCLKYGREBVARF,2024.11,POSITIVE,[M+H]+,70.0,R4,nce=70 not an adjudication cell (30 or 60)
MSBNK-Eawag-EQ01075109,MSBNK-Eawag-EQ01075109.txt,QZCLKYGREBVARF,QZCLKYGREBVARF,2024.11,POSITIVE,[M+H]+,80.0,R4,nce=80 not an adjudication cell (30 or 60)
MSBNK-Eawag-EQ01075201,MSBNK-Eawag-EQ01075201.txt,XKGLSKVNOSHTAD,XKGLSKVNOSHTAD,2024.11,POSITIVE,[M+H]+,15.0,R4,nce=15 not an adjudication cell (30 or 60)
MSBNK-Eawag-EQ01075202,MSBNK-Eawag-EQ01075202.txt,XKGLSKVNOSHTAD,XKGLSKVNOSHTAD,2024.11,POSITIVE,[M+H]+,20.0,R4,nce=20 not an adjudication cell (30 or 60)
MSBNK-Eawag-EQ01075203,MSBNK-Eawag-EQ01075203.txt,XKGLSKVNOSHTAD,XKGLSKVNOSHTAD,2024.11,POSITIVE,[M+H]+,25.0,R4,nce=25 not an adjudication cell (30 or 60)
MSBNK-Eawag-EQ01075204,MSBNK-Eawag-EQ01075204.txt,XKGLSKVNOSHTAD,XKGLSKVNOSHTAD,2024.11,POSITIVE,[M+H]+,30.0,R8,R8a: compound key in MassSpecGym 1.5 by the recorded InChIKey route
MSBNK-Eawag-EQ01075205,MSBNK-Eawag-EQ01075205.txt,XKGLSKVNOSHTAD,XKGLSKVNOSHTAD,2024.11,POSITIVE,[M+H]+,40.0,R4,nce=40 not an adjudication cell (30 or 60)
MSBNK-Eawag-EQ01075401,MSBNK-Eawag-EQ01075401.txt,LBDZGKRFRHHISM,LBDZGKRFRHHISM,dev,POSITIVE,[M+H]+,15.0,R4,nce=15 not an adjudication cell (30 or 60)
MSBNK-Eawag-EQ01075402,MSBNK-Eawag-EQ01075402.txt,LBDZGKRFRHHISM,LBDZGKRFRHHISM,dev,POSITIVE,[M+H]+,30.0,R5,"first_ref=dev not a tagged release ['2024.06', '2024.11', '2025.10']"
MSBNK-Eawag-EQ01075403,MSBNK-Eawag-EQ01075403.txt,LBDZGKRFRHHISM,LBDZGKRFRHHISM,dev,POSITIVE,[M+H]+,45.0,R4,nce=45 not an adjudication cell (30 or 60)
MSBNK-Eawag-EQ01075404,MSBNK-Eawag-EQ01075404.txt,LBDZGKRFRHHISM,LBDZGKRFRHHISM,dev,POSITIVE,[M+H]+,60.0,R5,"first_ref=dev not a tagged release ['2024.06', '2024.11', '2025.10']"
MSBNK-Eawag-EQ01075405,MSBNK-Eawag-EQ01075405.txt,LBDZGKRFRHHISM,LBDZGKRFRHHISM,dev,POSITIVE,[M+H]+,75.0,R4,nce=75 not an adjudication cell (30 or 60)
MSBNK-Eawag-EQ01075406,MSBNK-Eawag-EQ01075406.txt,LBDZGKRFRHHISM,LBDZGKRFRHHISM,dev,POSITIVE,[M+H]+,90.0,R4,nce=90 not an adjudication cell (30 or 60)
MSBNK-Eawag-EQ01075407,MSBNK-Eawag-EQ01075407.txt,LBDZGKRFRHHISM,LBDZGKRFRHHISM,dev,POSITIVE,[M+H]+,120.0,R4,nce=120 not an adjudication cell (30 or 60)
MSBNK-Eawag-EQ01075408,MSBNK-Eawag-EQ01075408.txt,LBDZGKRFRHHISM,LBDZGKRFRHHISM,dev,POSITIVE,[M+H]+,150.0,R4,nce=150 not an adjudication cell (30 or 60)
MSBNK-Eawag-EQ01075409,MSBNK-Eawag-EQ01075409.txt,LBDZGKRFRHHISM,LBDZGKRFRHHISM,dev,POSITIVE,[M+H]+,180.0,R4,nce=180 not an adjudication cell (30 or 60)
MSBNK-Eawag-EQ01075501,MSBNK-Eawag-EQ01075501.txt,XEFZMEARAKSJMJ,XEFZMEARAKSJMJ,2024.11,POSITIVE,[M+H]+,15.0,R4,nce=15 not an adjudication cell (30 or 60)
MSBNK-Eawag-EQ01075502,MSBNK-Eawag-EQ01075502.txt,XEFZMEARAKSJMJ,XEFZMEARAKSJMJ,2024.11,POSITIVE,[M+H]+,20.0,R4,nce=20 not an adjudication cell (30 or 60)
MSBNK-Eawag-EQ01075503,MSBNK-Eawag-EQ01075503.txt,XEFZMEARAKSJMJ,XEFZMEARAKSJMJ,2024.11,POSITIVE,[M+H]+,25.0,R4,nce=25 not an adjudication cell (30 or 60)
MSBNK-Eawag-EQ01075504,MSBNK-Eawag-EQ01075504.txt,XEFZMEARAKSJMJ,XEFZMEARAKSJMJ,2024.11,POSITIVE,[M+H]+,30.0,R8,R8i: scaffold group guard: group in the MURU exposure registry
MSBNK-Eawag-EQ01075601,MSBNK-Eawag-EQ01075601.txt,IGDCKQUNQPOPEU,IGDCKQUNQPOPEU,2024.11,POSITIVE,[M+H]+,15.0,R4,nce=15 not an adjudication cell (30 or 60)
MSBNK-Eawag-EQ01075602,MSBNK-Eawag-EQ01075602.txt,IGDCKQUNQPOPEU,IGDCKQUNQPOPEU,2024.11,POSITIVE,[M+H]+,20.0,R4,nce=20 not an adjudication cell (30 or 60)
MSBNK-Eawag-EQ01075603,MSBNK-Eawag-EQ01075603.txt,IGDCKQUNQPOPEU,IGDCKQUNQPOPEU,2024.11,POSITIVE,[M+H]+,25.0,R4,nce=25 not an adjudication cell (30 or 60)
MSBNK-Eawag-EQ01075604,MSBNK-Eawag-EQ01075604.txt,IGDCKQUNQPOPEU,IGDCKQUNQPOPEU,2024.11,POSITIVE,[M+H]+,30.0,R8,R8i: scaffold group guard: group in the MURU exposure registry
MSBNK-Eawag-EQ01075605,MSBNK-Eawag-EQ01075605.txt,IGDCKQUNQPOPEU,IGDCKQUNQPOPEU,2024.11,POSITIVE,[M+H]+,40.0,R4,nce=40 not an adjudication cell (30 or 60)
MSBNK-Eawag-EQ01076001,MSBNK-Eawag-EQ01076001.txt,ZBPLOVFIXSTCRZ,ZBPLOVFIXSTCRZ,2024.11,POSITIVE,[M+H]+,15.0,R4,nce=15 not an adjudication cell (30 or 60)
MSBNK-Eawag-EQ01076002,MSBNK-Eawag-EQ01076002.txt,ZBPLOVFIXSTCRZ,ZBPLOVFIXSTCRZ,2024.11,POSITIVE,[M+H]+,20.0,R4,nce=20 not an adjudication cell (30 or 60)
MSBNK-Eawag-EQ01076003,MSBNK-Eawag-EQ01076003.txt,ZBPLOVFIXSTCRZ,ZBPLOVFIXSTCRZ,2024.11,POSITIVE,[M+H]+,25.0,R4,nce=25 not an adjudication cell (30 or 60)
MSBNK-Eawag-EQ01076004,MSBNK-Eawag-EQ01076004.txt,ZBPLOVFIXSTCRZ,ZBPLOVFIXSTCRZ,2024.11,POSITIVE,[M+H]+,30.0,R8,R8a: compound key in MassSpecGym 1.5 by the recorded InChIKey route
MSBNK-Eawag-EQ01076005,MSBNK-Eawag-EQ01076005.txt,ZBPLOVFIXSTCRZ,ZBPLOVFIXSTCRZ,2024.11,POSITIVE,[M+H]+,40.0,R4,nce=40 not an adjudication cell (30 or 60)
MSBNK-Eawag-EQ01076401,MSBNK-Eawag-EQ01076401.txt,SKYSRIRYMSLOIN,SKYSRIRYMSLOIN,2024.11,POSITIVE,[M+H]+,15.0,R4,nce=15 not an adjudication cell (30 or 60)
MSBNK-Eawag-EQ01076402,MSBNK-Eawag-EQ01076402.txt,SKYSRIRYMSLOIN,SKYSRIRYMSLOIN,2024.11,POSITIVE,[M+H]+,20.0,R4,nce=20 not an adjudication cell (30 or 60)
MSBNK-Eawag-EQ01076403,MSBNK-Eawag-EQ01076403.txt,SKYSRIRYMSLOIN,SKYSRIRYMSLOIN,2024.11,POSITIVE,[M+H]+,25.0,R4,nce=25 not an adjudication cell (30 or 60)
MSBNK-Eawag-EQ01076404,MSBNK-Eawag-EQ01076404.txt,SKYSRIRYMSLOIN,SKYSRIRYMSLOIN,2024.11,POSITIVE,[M+H]+,30.0,R8,R8a: compound key in MassSpecGym 1.5 by the recorded InChIKey route
MSBNK-Eawag-EQ01076405,MSBNK-Eawag-EQ01076405.txt,SKYSRIRYMSLOIN,SKYSRIRYMSLOIN,2024.11,POSITIVE,[M+H]+,40.0,R4,nce=40 not an adjudication cell (30 or 60)
MSBNK-Eawag-EQ01076406,MSBNK-Eawag-EQ01076406.txt,SKYSRIRYMSLOIN,SKYSRIRYMSLOIN,2024.11,POSITIVE,[M+H]+,50.0,R4,nce=50 not an adjudication cell (30 or 60)
MSBNK-Eawag-EQ01076407,MSBNK-Eawag-EQ01076407.txt,SKYSRIRYMSLOIN,SKYSRIRYMSLOIN,2024.11,POSITIVE,[M+H]+,60.0,R8,R8a: compound key in MassSpecGym 1.5 by the recorded InChIKey route
MSBNK-Eawag-EQ01076408,MSBNK-Eawag-EQ01076408.txt,SKYSRIRYMSLOIN,SKYSRIRYMSLOIN,2024.11,POSITIVE,[M+H]+,70.0,R4,nce=70 not an adjudication cell (30 or 60)
MSBNK-Eawag-EQ01076409,MSBNK-Eawag-EQ01076409.txt,SKYSRIRYMSLOIN,SKYSRIRYMSLOIN,2024.11,POSITIVE,[M+H]+,80.0,R4,nce=80 not an adjudication cell (30 or 60)
MSBNK-Eawag-EQ01076601,MSBNK-Eawag-EQ01076601.txt,QCHFTSOMWOSFHM,QCHFTSOMWOSFHM,2024.11,POSITIVE,[M+H]+,15.0,R4,nce=15 not an adjudication cell (30 or 60)
MSBNK-Eawag-EQ01076602,MSBNK-Eawag-EQ01076602.txt,QCHFTSOMWOSFHM,QCHFTSOMWOSFHM,2024.11,POSITIVE,[M+H]+,20.0,R4,nce=20 not an adjudication cell (30 or 60)
MSBNK-Eawag-EQ01076603,MSBNK-Eawag-EQ01076603.txt,QCHFTSOMWOSFHM,QCHFTSOMWOSFHM,2024.11,POSITIVE,[M+H]+,25.0,R4,nce=25 not an adjudication cell (30 or 60)
MSBNK-Eawag-EQ01076604,MSBNK-Eawag-EQ01076604.txt,QCHFTSOMWOSFHM,QCHFTSOMWOSFHM,2024.11,POSITIVE,[M+H]+,30.0,R8,R8a: compound key in MassSpecGym 1.5 by the recorded InChIKey route
MSBNK-Eawag-EQ01076605,MSBNK-Eawag-EQ01076605.txt,QCHFTSOMWOSFHM,QCHFTSOMWOSFHM,2024.11,POSITIVE,[M+H]+,40.0,R4,nce=40 not an adjudication cell (30 or 60)
MSBNK-Eawag-EQ01076606,MSBNK-Eawag-EQ01076606.txt,QCHFTSOMWOSFHM,QCHFTSOMWOSFHM,2024.11,POSITIVE,[M+H]+,50.0,R4,nce=50 not an adjudication cell (30 or 60)
MSBNK-Eawag-EQ01076607,MSBNK-Eawag-EQ01076607.txt,QCHFTSOMWOSFHM,QCHFTSOMWOSFHM,2024.11,POSITIVE,[M+H]+,60.0,R8,R8a: compound key in MassSpecGym 1.5 by the recorded InChIKey route
MSBNK-Eawag-EQ01076608,MSBNK-Eawag-EQ01076608.txt,QCHFTSOMWOSFHM,QCHFTSOMWOSFHM,2024.11,POSITIVE,[M+H]+,70.0,R4,nce=70 not an adjudication cell (30 or 60)
MSBNK-Eawag-EQ01076609,MSBNK-Eawag-EQ01076609.txt,QCHFTSOMWOSFHM,QCHFTSOMWOSFHM,2024.11,POSITIVE,[M+H]+,80.0,R4,nce=80 not an adjudication cell (30 or 60)
MSBNK-Eawag-EQ01077101,MSBNK-Eawag-EQ01077101.txt,IAVUPMFITXYVAF,IAVUPMFITXYVAF,2024.11,POSITIVE,[M+H]+,15.0,R4,nce=15 not an adjudication cell (30 or 60)
MSBNK-Eawag-EQ01077102,MSBNK-Eawag-EQ01077102.txt,IAVUPMFITXYVAF,IAVUPMFITXYVAF,2024.11,POSITIVE,[M+H]+,20.0,R4,nce=20 not an adjudication cell (30 or 60)
MSBNK-Eawag-EQ01077103,MSBNK-Eawag-EQ01077103.txt,IAVUPMFITXYVAF,IAVUPMFITXYVAF,2024.11,POSITIVE,[M+H]+,25.0,R4,nce=25 not an adjudication cell (30 or 60)
MSBNK-Eawag-EQ01077104,MSBNK-Eawag-EQ01077104.txt,IAVUPMFITXYVAF,IAVUPMFITXYVAF,2024.11,POSITIVE,[M+H]+,30.0,R8,R8a: compound key in MassSpecGym 1.5 by the recorded InChIKey route
MSBNK-Eawag-EQ01077105,MSBNK-Eawag-EQ01077105.txt,IAVUPMFITXYVAF,IAVUPMFITXYVAF,2024.11,POSITIVE,[M+H]+,40.0,R4,nce=40 not an adjudication cell (30 or 60)
MSBNK-Eawag-EQ01077106,MSBNK-Eawag-EQ01077106.txt,IAVUPMFITXYVAF,IAVUPMFITXYVAF,2024.11,POSITIVE,[M+H]+,50.0,R4,nce=50 not an adjudication cell (30 or 60)
MSBNK-Eawag-EQ01077107,MSBNK-Eawag-EQ01077107.txt,IAVUPMFITXYVAF,IAVUPMFITXYVAF,2024.11,POSITIVE,[M+H]+,60.0,R8,R8a: compound key in MassSpecGym 1.5 by the recorded InChIKey route
MSBNK-Eawag-EQ01077108,MSBNK-Eawag-EQ01077108.txt,IAVUPMFITXYVAF,IAVUPMFITXYVAF,2024.11,POSITIVE,[M+H]+,70.0,R4,nce=70 not an adjudication cell (30 or 60)
MSBNK-Eawag-EQ01077109,MSBNK-Eawag-EQ01077109.txt,IAVUPMFITXYVAF,IAVUPMFITXYVAF,2024.11,POSITIVE,[M+H]+,80.0,R4,nce=80 not an adjudication cell (30 or 60)
MSBNK-Eawag-EQ01077301,MSBNK-Eawag-EQ01077301.txt,BGDKAVGWHJFAGW,BGDKAVGWHJFAGW,2024.11,POSITIVE,[M+H]+,15.0,R4,nce=15 not an adjudication cell (30 or 60)
MSBNK-Eawag-EQ01077302,MSBNK-Eawag-EQ01077302.txt,BGDKAVGWHJFAGW,BGDKAVGWHJFAGW,2024.11,POSITIVE,[M+H]+,30.0,R8,R8a: compound key in MassSpecGym 1.5 by the recorded InChIKey route
MSBNK-Eawag-EQ01077303,MSBNK-Eawag-EQ01077303.txt,BGDKAVGWHJFAGW,BGDKAVGWHJFAGW,2024.11,POSITIVE,[M+H]+,45.0,R4,nce=45 not an adjudication cell (30 or 60)
MSBNK-Eawag-EQ01077304,MSBNK-Eawag-EQ01077304.txt,BGDKAVGWHJFAGW,BGDKAVGWHJFAGW,2024.11,POSITIVE,[M+H]+,60.0,R8,R8a: compound key in MassSpecGym 1.5 by the recorded InChIKey route
MSBNK-Eawag-EQ01077305,MSBNK-Eawag-EQ01077305.txt,BGDKAVGWHJFAGW,BGDKAVGWHJFAGW,2024.11,POSITIVE,[M+H]+,75.0,R4,nce=75 not an adjudication cell (30 or 60)
MSBNK-Eawag-EQ01077306,MSBNK-Eawag-EQ01077306.txt,BGDKAVGWHJFAGW,BGDKAVGWHJFAGW,2024.11,POSITIVE,[M+H]+,90.0,R4,nce=90 not an adjudication cell (30 or 60)
MSBNK-Eawag-EQ01077307,MSBNK-Eawag-EQ01077307.txt,BGDKAVGWHJFAGW,BGDKAVGWHJFAGW,2024.11,POSITIVE,[M+H]+,120.0,R4,nce=120 not an adjudication cell (30 or 60)
MSBNK-Eawag-EQ01077308,MSBNK-Eawag-EQ01077308.txt,BGDKAVGWHJFAGW,BGDKAVGWHJFAGW,2024.11,POSITIVE,[M+H]+,150.0,R4,nce=150 not an adjudication cell (30 or 60)
MSBNK-Eawag-EQ01077309,MSBNK-Eawag-EQ01077309.txt,BGDKAVGWHJFAGW,BGDKAVGWHJFAGW,2024.11,POSITIVE,[M+H]+,80.0,R4,nce=80 not an adjudication cell (30 or 60)
MSBNK-Eawag-EQ01077801,MSBNK-Eawag-EQ01077801.txt,ZCVMWBYGMWKGHF,ZCVMWBYGMWKGHF,2024.11,POSITIVE,[M+H]+,15.0,R4,nce=15 not an adjudication cell (30 or 60)
MSBNK-Eawag-EQ01077802,MSBNK-Eawag-EQ01077802.txt,ZCVMWBYGMWKGHF,ZCVMWBYGMWKGHF,2024.11,POSITIVE,[M+H]+,20.0,R4,nce=20 not an adjudication cell (30 or 60)
MSBNK-Eawag-EQ01077803,MSBNK-Eawag-EQ01077803.txt,ZCVMWBYGMWKGHF,ZCVMWBYGMWKGHF,2024.11,POSITIVE,[M+H]+,25.0,R4,nce=25 not an adjudication cell (30 or 60)
MSBNK-Eawag-EQ01077804,MSBNK-Eawag-EQ01077804.txt,ZCVMWBYGMWKGHF,ZCVMWBYGMWKGHF,2024.11,POSITIVE,[M+H]+,30.0,R8,R8a: compound key in MassSpecGym 1.5 by the recorded InChIKey route
MSBNK-Eawag-EQ01077805,MSBNK-Eawag-EQ01077805.txt,ZCVMWBYGMWKGHF,ZCVMWBYGMWKGHF,2024.11,POSITIVE,[M+H]+,40.0,R4,nce=40 not an adjudication cell (30 or 60)
MSBNK-Eawag-EQ01077806,MSBNK-Eawag-EQ01077806.txt,ZCVMWBYGMWKGHF,ZCVMWBYGMWKGHF,2024.11,POSITIVE,[M+H]+,50.0,R4,nce=50 not an adjudication cell (30 or 60)
MSBNK-Eawag-EQ01077807,MSBNK-Eawag-EQ01077807.txt,ZCVMWBYGMWKGHF,ZCVMWBYGMWKGHF,2024.11,POSITIVE,[M+H]+,60.0,R8,R8a: compound key in MassSpecGym 1.5 by the recorded InChIKey route
MSBNK-Eawag-EQ01077901,MSBNK-Eawag-EQ01077901.txt,OZWKMVRBQXNZKK,OZWKMVRBQXNZKK,2024.11,POSITIVE,[M+H]+,15.0,R4,nce=15 not an adjudication cell (30 or 60)
MSBNK-Eawag-EQ01077902,MSBNK-Eawag-EQ01077902.txt,OZWKMVRBQXNZKK,OZWKMVRBQXNZKK,2024.11,POSITIVE,[M+H]+,20.0,R4,nce=20 not an adjudication cell (30 or 60)
MSBNK-Eawag-EQ01077903,MSBNK-Eawag-EQ01077903.txt,OZWKMVRBQXNZKK,OZWKMVRBQXNZKK,2024.11,POSITIVE,[M+H]+,25.0,R4,nce=25 not an adjudication cell (30 or 60)
MSBNK-Eawag-EQ01077904,MSBNK-Eawag-EQ01077904.txt,OZWKMVRBQXNZKK,OZWKMVRBQXNZKK,2024.11,POSITIVE,[M+H]+,30.0,R8,R8a: compound key in MassSpecGym 1.5 by the recorded InChIKey route
MSBNK-Eawag-EQ01077905,MSBNK-Eawag-EQ01077905.txt,OZWKMVRBQXNZKK,OZWKMVRBQXNZKK,2024.11,POSITIVE,[M+H]+,40.0,R4,nce=40 not an adjudication cell (30 or 60)
MSBNK-Eawag-EQ01078001,MSBNK-Eawag-EQ01078001.txt,XYLJNLCSTIOKRM,XYLJNLCSTIOKRM,2024.11,POSITIVE,[M+H]+,15.0,R4,nce=15 not an adjudication cell (30 or 60)
MSBNK-Eawag-EQ01078002,MSBNK-Eawag-EQ01078002.txt,XYLJNLCSTIOKRM,XYLJNLCSTIOKRM,2024.11,POSITIVE,[M+H]+,30.0,R8,R8a: compound key in MassSpecGym 1.5 by the recorded InChIKey route
MSBNK-Eawag-EQ01078003,MSBNK-Eawag-EQ01078003.txt,XYLJNLCSTIOKRM,XYLJNLCSTIOKRM,2024.11,POSITIVE,[M+H]+,45.0,R4,nce=45 not an adjudication cell (30 or 60)
MSBNK-Eawag-EQ01078004,MSBNK-Eawag-EQ01078004.txt,XYLJNLCSTIOKRM,XYLJNLCSTIOKRM,2024.11,POSITIVE,[M+H]+,60.0,R8,R8a: compound key in MassSpecGym 1.5 by the recorded InChIKey route
MSBNK-Eawag-EQ01078005,MSBNK-Eawag-EQ01078005.txt,XYLJNLCSTIOKRM,XYLJNLCSTIOKRM,2024.11,POSITIVE,[M+H]+,75.0,R4,nce=75 not an adjudication cell (30 or 60)
MSBNK-Eawag-EQ01078006,MSBNK-Eawag-EQ01078006.txt,XYLJNLCSTIOKRM,XYLJNLCSTIOKRM,2024.11,POSITIVE,[M+H]+,90.0,R4,nce=90 not an adjudication cell (30 or 60)
MSBNK-Eawag-EQ01078301,MSBNK-Eawag-EQ01078301.txt,IEJXVRYNEISIKR,IEJXVRYNEISIKR,2024.11,POSITIVE,[M+H]+,15.0,R4,nce=15 not an adjudication cell (30 or 60)
MSBNK-Eawag-EQ01078302,MSBNK-Eawag-EQ01078302.txt,IEJXVRYNEISIKR,IEJXVRYNEISIKR,2024.11,POSITIVE,[M+H]+,20.0,R4,nce=20 not an adjudication cell (30 or 60)
MSBNK-Eawag-EQ01078303,MSBNK-Eawag-EQ01078303.txt,IEJXVRYNEISIKR,IEJXVRYNEISIKR,2024.11,POSITIVE,[M+H]+,25.0,R4,nce=25 not an adjudication cell (30 or 60)
MSBNK-Eawag-EQ01078304,MSBNK-Eawag-EQ01078304.txt,IEJXVRYNEISIKR,IEJXVRYNEISIKR,2024.11,POSITIVE,[M+H]+,30.0,R8,R8d: compound in the MURU exposure registry
MSBNK-Eawag-EQ01078305,MSBNK-Eawag-EQ01078305.txt,IEJXVRYNEISIKR,IEJXVRYNEISIKR,2024.11,POSITIVE,[M+H]+,40.0,R4,nce=40 not an adjudication cell (30 or 60)
MSBNK-Eawag-EQ01078306,MSBNK-Eawag-EQ01078306.txt,IEJXVRYNEISIKR,IEJXVRYNEISIKR,2024.11,POSITIVE,[M+H]+,50.0,R4,nce=50 not an adjudication cell (30 or 60)
MSBNK-Eawag-EQ01078701,MSBNK-Eawag-EQ01078701.txt,NOFNCLGCUJJPKU,NOFNCLGCUJJPKU,2024.06,POSITIVE,[M+H]+,15.0,R4,nce=15 not an adjudication cell (30 or 60)
MSBNK-Eawag-EQ01078702,MSBNK-Eawag-EQ01078702.txt,NOFNCLGCUJJPKU,NOFNCLGCUJJPKU,2024.06,POSITIVE,[M+H]+,30.0,R8,R8a: compound key in MassSpecGym 1.5 by the recorded InChIKey route
MSBNK-Eawag-EQ01078703,MSBNK-Eawag-EQ01078703.txt,NOFNCLGCUJJPKU,NOFNCLGCUJJPKU,2024.06,POSITIVE,[M+H]+,45.0,R4,nce=45 not an adjudication cell (30 or 60)
MSBNK-Eawag-EQ01078704,MSBNK-Eawag-EQ01078704.txt,NOFNCLGCUJJPKU,NOFNCLGCUJJPKU,2024.06,POSITIVE,[M+H]+,60.0,R8,R8a: compound key in MassSpecGym 1.5 by the recorded InChIKey route
MSBNK-Eawag-EQ01078705,MSBNK-Eawag-EQ01078705.txt,NOFNCLGCUJJPKU,NOFNCLGCUJJPKU,2024.06,POSITIVE,[M+H]+,75.0,R4,nce=75 not an adjudication cell (30 or 60)
MSBNK-Eawag-EQ01078706,MSBNK-Eawag-EQ01078706.txt,NOFNCLGCUJJPKU,NOFNCLGCUJJPKU,2024.06,POSITIVE,[M+H]+,90.0,R4,nce=90 not an adjudication cell (30 or 60)
MSBNK-Eawag-EQ01078707,MSBNK-Eawag-EQ01078707.txt,NOFNCLGCUJJPKU,NOFNCLGCUJJPKU,2024.06,POSITIVE,[M+H]+,120.0,R4,nce=120 not an adjudication cell (30 or 60)
MSBNK-Eawag-EQ01078708,MSBNK-Eawag-EQ01078708.txt,NOFNCLGCUJJPKU,NOFNCLGCUJJPKU,2024.06,POSITIVE,[M+H]+,150.0,R4,nce=150 not an adjudication cell (30 or 60)
MSBNK-Eawag-EQ01078709,MSBNK-Eawag-EQ01078709.txt,NOFNCLGCUJJPKU,NOFNCLGCUJJPKU,2024.06,POSITIVE,[M+H]+,180.0,R4,nce=180 not an adjudication cell (30 or 60)
MSBNK-Eawag-EQ01078751,MSBNK-Eawag-EQ01078751.txt,NOFNCLGCUJJPKU,NOFNCLGCUJJPKU,2024.06,NEGATIVE,[M-H]-,15.0,R1,ion_mode=NEGATIVE precursor_type=[M-H]-
MSBNK-Eawag-EQ01078752,MSBNK-Eawag-EQ01078752.txt,NOFNCLGCUJJPKU,NOFNCLGCUJJPKU,2024.06,NEGATIVE,[M-H]-,30.0,R1,ion_mode=NEGATIVE precursor_type=[M-H]-
MSBNK-Eawag-EQ01078753,MSBNK-Eawag-EQ01078753.txt,NOFNCLGCUJJPKU,NOFNCLGCUJJPKU,2024.06,NEGATIVE,[M-H]-,45.0,R1,ion_mode=NEGATIVE precursor_type=[M-H]-
MSBNK-Eawag-EQ01078754,MSBNK-Eawag-EQ01078754.txt,NOFNCLGCUJJPKU,NOFNCLGCUJJPKU,2024.06,NEGATIVE,[M-H]-,60.0,R1,ion_mode=NEGATIVE precursor_type=[M-H]-
MSBNK-Eawag-EQ01078755,MSBNK-Eawag-EQ01078755.txt,NOFNCLGCUJJPKU,NOFNCLGCUJJPKU,2024.06,NEGATIVE,[M-H]-,75.0,R1,ion_mode=NEGATIVE precursor_type=[M-H]-
MSBNK-Eawag-EQ01078756,MSBNK-Eawag-EQ01078756.txt,NOFNCLGCUJJPKU,NOFNCLGCUJJPKU,2024.06,NEGATIVE,[M-H]-,90.0,R1,ion_mode=NEGATIVE precursor_type=[M-H]-
MSBNK-Eawag-EQ01080601,MSBNK-Eawag-EQ01080601.txt,NZHUXMZTSSZXSB,NZHUXMZTSSZXSB,2024.11,POSITIVE,[M+H]+,15.0,R4,nce=15 not an adjudication cell (30 or 60)
MSBNK-Eawag-EQ01080602,MSBNK-Eawag-EQ01080602.txt,NZHUXMZTSSZXSB,NZHUXMZTSSZXSB,2024.11,POSITIVE,[M+H]+,20.0,R4,nce=20 not an adjudication cell (30 or 60)
MSBNK-Eawag-EQ01080603,MSBNK-Eawag-EQ01080603.txt,NZHUXMZTSSZXSB,NZHUXMZTSSZXSB,2024.11,POSITIVE,[M+H]+,25.0,R4,nce=25 not an adjudication cell (30 or 60)
MSBNK-Eawag-EQ01080604,MSBNK-Eawag-EQ01080604.txt,NZHUXMZTSSZXSB,NZHUXMZTSSZXSB,2024.11,POSITIVE,[M+H]+,30.0,R8,R8a: compound key in MassSpecGym 1.5 by the recorded InChIKey route
MSBNK-Eawag-EQ01080605,MSBNK-Eawag-EQ01080605.txt,NZHUXMZTSSZXSB,NZHUXMZTSSZXSB,2024.11,POSITIVE,[M+H]+,40.0,R4,nce=40 not an adjudication cell (30 or 60)
MSBNK-Eawag-EQ01080606,MSBNK-Eawag-EQ01080606.txt,NZHUXMZTSSZXSB,NZHUXMZTSSZXSB,2024.11,POSITIVE,[M+H]+,50.0,R4,nce=50 not an adjudication cell (30 or 60)
MSBNK-Eawag-EQ01080607,MSBNK-Eawag-EQ01080607.txt,NZHUXMZTSSZXSB,NZHUXMZTSSZXSB,2024.11,POSITIVE,[M+H]+,60.0,R8,R8a: compound key in MassSpecGym 1.5 by the recorded InChIKey route
MSBNK-Eawag-EQ01080608,MSBNK-Eawag-EQ01080608.txt,NZHUXMZTSSZXSB,NZHUXMZTSSZXSB,2024.11,POSITIVE,[M+H]+,70.0,R4,nce=70 not an adjudication cell (30 or 60)
MSBNK-Eawag-EQ01080609,MSBNK-Eawag-EQ01080609.txt,NZHUXMZTSSZXSB,NZHUXMZTSSZXSB,2024.11,POSITIVE,[M+H]+,80.0,R4,nce=80 not an adjudication cell (30 or 60)
MSBNK-Eawag-EQ01081701,MSBNK-Eawag-EQ01081701.txt,AQOKCDNYWBIDND,AQOKCDNYWBIDND,2024.11,POSITIVE,[M+H]+,15.0,R4,nce=15 not an adjudication cell (30 or 60)
MSBNK-Eawag-EQ01082401,MSBNK-Eawag-EQ01082401.txt,XUBOMFCQGDBHNK,XUBOMFCQGDBHNK,2024.11,POSITIVE,[M+H]+,15.0,R4,nce=15 not an adjudication cell (30 or 60)
MSBNK-Eawag-EQ01082402,MSBNK-Eawag-EQ01082402.txt,XUBOMFCQGDBHNK,XUBOMFCQGDBHNK,2024.11,POSITIVE,[M+H]+,30.0,R8,R8a: compound key in MassSpecGym 1.5 by the recorded InChIKey route
MSBNK-Eawag-EQ01083201,MSBNK-Eawag-EQ01083201.txt,MBUVEWMHONZEQD,MBUVEWMHONZEQD,2024.11,POSITIVE,[M+H]+,15.0,R4,nce=15 not an adjudication cell (30 or 60)
MSBNK-Eawag-EQ01083202,MSBNK-Eawag-EQ01083202.txt,MBUVEWMHONZEQD,MBUVEWMHONZEQD,2024.11,POSITIVE,[M+H]+,20.0,R4,nce=20 not an adjudication cell (30 or 60)
MSBNK-Eawag-EQ01083203,MSBNK-Eawag-EQ01083203.txt,MBUVEWMHONZEQD,MBUVEWMHONZEQD,2024.11,POSITIVE,[M+H]+,25.0,R4,nce=25 not an adjudication cell (30 or 60)
MSBNK-Eawag-EQ01083204,MSBNK-Eawag-EQ01083204.txt,MBUVEWMHONZEQD,MBUVEWMHONZEQD,2024.11,POSITIVE,[M+H]+,30.0,R8,R8a: compound key in MassSpecGym 1.5 by the recorded InChIKey route
MSBNK-Eawag-EQ01083205,MSBNK-Eawag-EQ01083205.txt,MBUVEWMHONZEQD,MBUVEWMHONZEQD,2024.11,POSITIVE,[M+H]+,40.0,R4,nce=40 not an adjudication cell (30 or 60)
MSBNK-Eawag-EQ01083206,MSBNK-Eawag-EQ01083206.txt,MBUVEWMHONZEQD,MBUVEWMHONZEQD,2024.11,POSITIVE,[M+H]+,50.0,R4,nce=50 not an adjudication cell (30 or 60)
MSBNK-Eawag-EQ01083207,MSBNK-Eawag-EQ01083207.txt,MBUVEWMHONZEQD,MBUVEWMHONZEQD,2024.11,POSITIVE,[M+H]+,60.0,R8,R8a: compound key in MassSpecGym 1.5 by the recorded InChIKey route
MSBNK-Eawag-EQ01083208,MSBNK-Eawag-EQ01083208.txt,MBUVEWMHONZEQD,MBUVEWMHONZEQD,2024.11,POSITIVE,[M+H]+,70.0,R4,nce=70 not an adjudication cell (30 or 60)
MSBNK-Eawag-EQ01086201,MSBNK-Eawag-EQ01086201.txt,QUNWUDVFRNGTCO,QUNWUDVFRNGTCO,2024.06,POSITIVE,[M+H]+,15.0,R4,nce=15 not an adjudication cell (30 or 60)
MSBNK-Eawag-EQ01086202,MSBNK-Eawag-EQ01086202.txt,QUNWUDVFRNGTCO,QUNWUDVFRNGTCO,2024.06,POSITIVE,[M+H]+,30.0,R8,R8a: compound key in MassSpecGym 1.5 by the recorded InChIKey route
MSBNK-Eawag-EQ01086203,MSBNK-Eawag-EQ01086203.txt,QUNWUDVFRNGTCO,QUNWUDVFRNGTCO,2024.06,POSITIVE,[M+H]+,45.0,R4,nce=45 not an adjudication cell (30 or 60)
MSBNK-Eawag-EQ01086204,MSBNK-Eawag-EQ01086204.txt,QUNWUDVFRNGTCO,QUNWUDVFRNGTCO,2024.06,POSITIVE,[M+H]+,60.0,R8,R8a: compound key in MassSpecGym 1.5 by the recorded InChIKey route
MSBNK-Eawag-EQ01086205,MSBNK-Eawag-EQ01086205.txt,QUNWUDVFRNGTCO,QUNWUDVFRNGTCO,2024.06,POSITIVE,[M+H]+,75.0,R4,nce=75 not an adjudication cell (30 or 60)
MSBNK-Eawag-EQ01086206,MSBNK-Eawag-EQ01086206.txt,QUNWUDVFRNGTCO,QUNWUDVFRNGTCO,2024.06,POSITIVE,[M+H]+,90.0,R4,nce=90 not an adjudication cell (30 or 60)
MSBNK-Eawag-EQ01086207,MSBNK-Eawag-EQ01086207.txt,QUNWUDVFRNGTCO,QUNWUDVFRNGTCO,2024.06,POSITIVE,[M+H]+,120.0,R4,nce=120 not an adjudication cell (30 or 60)
MSBNK-Eawag-EQ01086208,MSBNK-Eawag-EQ01086208.txt,QUNWUDVFRNGTCO,QUNWUDVFRNGTCO,2024.06,POSITIVE,[M+H]+,150.0,R4,nce=150 not an adjudication cell (30 or 60)
MSBNK-Eawag-EQ01086209,MSBNK-Eawag-EQ01086209.txt,QUNWUDVFRNGTCO,QUNWUDVFRNGTCO,2024.06,POSITIVE,[M+H]+,180.0,R4,nce=180 not an adjudication cell (30 or 60)
MSBNK-Eawag-EQ01087201,MSBNK-Eawag-EQ01087201.txt,GIKNHHRFLCDOEU,GIKNHHRFLCDOEU,2024.11,POSITIVE,[M+H]+,15.0,R4,nce=15 not an adjudication cell (30 or 60)
MSBNK-Eawag-EQ01087202,MSBNK-Eawag-EQ01087202.txt,GIKNHHRFLCDOEU,GIKNHHRFLCDOEU,2024.11,POSITIVE,[M+H]+,20.0,R4,nce=20 not an adjudication cell (30 or 60)
MSBNK-Eawag-EQ01087203,MSBNK-Eawag-EQ01087203.txt,GIKNHHRFLCDOEU,GIKNHHRFLCDOEU,2024.11,POSITIVE,[M+H]+,25.0,R4,nce=25 not an adjudication cell (30 or 60)
MSBNK-Eawag-EQ01087204,MSBNK-Eawag-EQ01087204.txt,GIKNHHRFLCDOEU,GIKNHHRFLCDOEU,2024.11,POSITIVE,[M+H]+,30.0,R8,R8i: scaffold group guard: group in the MURU exposure registry
MSBNK-Eawag-EQ01087205,MSBNK-Eawag-EQ01087205.txt,GIKNHHRFLCDOEU,GIKNHHRFLCDOEU,2024.11,POSITIVE,[M+H]+,40.0,R4,nce=40 not an adjudication cell (30 or 60)
MSBNK-Eawag-EQ01087206,MSBNK-Eawag-EQ01087206.txt,GIKNHHRFLCDOEU,GIKNHHRFLCDOEU,2024.11,POSITIVE,[M+H]+,50.0,R4,nce=50 not an adjudication cell (30 or 60)
MSBNK-Eawag-EQ01087207,MSBNK-Eawag-EQ01087207.txt,GIKNHHRFLCDOEU,GIKNHHRFLCDOEU,2024.11,POSITIVE,[M+H]+,60.0,R8,R8i: scaffold group guard: group in the MURU exposure registry
MSBNK-Eawag-EQ01087208,MSBNK-Eawag-EQ01087208.txt,GIKNHHRFLCDOEU,GIKNHHRFLCDOEU,2024.11,POSITIVE,[M+H]+,70.0,R4,nce=70 not an adjudication cell (30 or 60)
MSBNK-Eawag-EQ01088701,MSBNK-Eawag-EQ01088701.txt,XOKCJXZZNAUIQN,XOKCJXZZNAUIQN,2024.06,POSITIVE,[M+H]+,15.0,R4,nce=15 not an adjudication cell (30 or 60)
MSBNK-Eawag-EQ01088702,MSBNK-Eawag-EQ01088702.txt,XOKCJXZZNAUIQN,XOKCJXZZNAUIQN,2024.06,POSITIVE,[M+H]+,30.0,R8,R8a: compound key in MassSpecGym 1.5 by the recorded InChIKey route
MSBNK-Eawag-EQ01088703,MSBNK-Eawag-EQ01088703.txt,XOKCJXZZNAUIQN,XOKCJXZZNAUIQN,2024.06,POSITIVE,[M+H]+,45.0,R4,nce=45 not an adjudication cell (30 or 60)
MSBNK-Eawag-EQ01088704,MSBNK-Eawag-EQ01088704.txt,XOKCJXZZNAUIQN,XOKCJXZZNAUIQN,2024.06,POSITIVE,[M+H]+,60.0,R8,R8a: compound key in MassSpecGym 1.5 by the recorded InChIKey route
MSBNK-Eawag-EQ01088705,MSBNK-Eawag-EQ01088705.txt,XOKCJXZZNAUIQN,XOKCJXZZNAUIQN,2024.06,POSITIVE,[M+H]+,75.0,R4,nce=75 not an adjudication cell (30 or 60)
MSBNK-Eawag-EQ01088706,MSBNK-Eawag-EQ01088706.txt,XOKCJXZZNAUIQN,XOKCJXZZNAUIQN,2024.06,POSITIVE,[M+H]+,90.0,R4,nce=90 not an adjudication cell (30 or 60)
MSBNK-Eawag-EQ01088707,MSBNK-Eawag-EQ01088707.txt,XOKCJXZZNAUIQN,XOKCJXZZNAUIQN,2024.06,POSITIVE,[M+H]+,120.0,R4,nce=120 not an adjudication cell (30 or 60)
MSBNK-Eawag-EQ01088708,MSBNK-Eawag-EQ01088708.txt,XOKCJXZZNAUIQN,XOKCJXZZNAUIQN,2024.06,POSITIVE,[M+H]+,150.0,R4,nce=150 not an adjudication cell (30 or 60)
MSBNK-Eawag-EQ01088709,MSBNK-Eawag-EQ01088709.txt,XOKCJXZZNAUIQN,XOKCJXZZNAUIQN,2024.06,POSITIVE,[M+H]+,180.0,R4,nce=180 not an adjudication cell (30 or 60)
MSBNK-Eawag-EQ01089301,MSBNK-Eawag-EQ01089301.txt,PQKBPHSEKWERTG,PQKBPHSEKWERTG,2024.11,POSITIVE,[M+H]+,15.0,R4,nce=15 not an adjudication cell (30 or 60)
MSBNK-Eawag-EQ01089302,MSBNK-Eawag-EQ01089302.txt,PQKBPHSEKWERTG,PQKBPHSEKWERTG,2024.11,POSITIVE,[M+H]+,30.0,R8,R8a: compound key in MassSpecGym 1.5 by the recorded InChIKey route
MSBNK-Eawag-EQ01089303,MSBNK-Eawag-EQ01089303.txt,PQKBPHSEKWERTG,PQKBPHSEKWERTG,2024.11,POSITIVE,[M+H]+,45.0,R4,nce=45 not an adjudication cell (30 or 60)
MSBNK-Eawag-EQ01089304,MSBNK-Eawag-EQ01089304.txt,PQKBPHSEKWERTG,PQKBPHSEKWERTG,2024.11,POSITIVE,[M+H]+,60.0,R8,R8a: compound key in MassSpecGym 1.5 by the recorded InChIKey route
MSBNK-Eawag-EQ01089401,MSBNK-Eawag-EQ01089401.txt,GGKQIOFASHYUJZ,GGKQIOFASHYUJZ,dev,POSITIVE,[M+H]+,15.0,R4,nce=15 not an adjudication cell (30 or 60)
MSBNK-Eawag-EQ01089402,MSBNK-Eawag-EQ01089402.txt,GGKQIOFASHYUJZ,GGKQIOFASHYUJZ,dev,POSITIVE,[M+H]+,30.0,R5,"first_ref=dev not a tagged release ['2024.06', '2024.11', '2025.10']"
MSBNK-Eawag-EQ01089403,MSBNK-Eawag-EQ01089403.txt,GGKQIOFASHYUJZ,GGKQIOFASHYUJZ,dev,POSITIVE,[M+H]+,45.0,R4,nce=45 not an adjudication cell (30 or 60)
MSBNK-Eawag-EQ01089404,MSBNK-Eawag-EQ01089404.txt,GGKQIOFASHYUJZ,GGKQIOFASHYUJZ,dev,POSITIVE,[M+H]+,60.0,R5,"first_ref=dev not a tagged release ['2024.06', '2024.11', '2025.10']"
MSBNK-Eawag-EQ01089405,MSBNK-Eawag-EQ01089405.txt,GGKQIOFASHYUJZ,GGKQIOFASHYUJZ,dev,POSITIVE,[M+H]+,75.0,R4,nce=75 not an adjudication cell (30 or 60)
MSBNK-Eawag-EQ01089406,MSBNK-Eawag-EQ01089406.txt,GGKQIOFASHYUJZ,GGKQIOFASHYUJZ,dev,POSITIVE,[M+H]+,90.0,R4,nce=90 not an adjudication cell (30 or 60)
MSBNK-Eawag-EQ01089407,MSBNK-Eawag-EQ01089407.txt,GGKQIOFASHYUJZ,GGKQIOFASHYUJZ,dev,POSITIVE,[M+H]+,120.0,R4,nce=120 not an adjudication cell (30 or 60)
MSBNK-Eawag-EQ01089408,MSBNK-Eawag-EQ01089408.txt,GGKQIOFASHYUJZ,GGKQIOFASHYUJZ,dev,POSITIVE,[M+H]+,150.0,R4,nce=150 not an adjudication cell (30 or 60)
MSBNK-Eawag-EQ01089409,MSBNK-Eawag-EQ01089409.txt,GGKQIOFASHYUJZ,GGKQIOFASHYUJZ,dev,POSITIVE,[M+H]+,180.0,R4,nce=180 not an adjudication cell (30 or 60)
MSBNK-Eawag-EQ01089451,MSBNK-Eawag-EQ01089451.txt,GGKQIOFASHYUJZ,GGKQIOFASHYUJZ,dev,NEGATIVE,[M-H]-,15.0,R1,ion_mode=NEGATIVE precursor_type=[M-H]-
MSBNK-Eawag-EQ01089452,MSBNK-Eawag-EQ01089452.txt,GGKQIOFASHYUJZ,GGKQIOFASHYUJZ,dev,NEGATIVE,[M-H]-,30.0,R1,ion_mode=NEGATIVE precursor_type=[M-H]-
MSBNK-Eawag-EQ01089453,MSBNK-Eawag-EQ01089453.txt,GGKQIOFASHYUJZ,GGKQIOFASHYUJZ,dev,NEGATIVE,[M-H]-,45.0,R1,ion_mode=NEGATIVE precursor_type=[M-H]-
MSBNK-Eawag-EQ01089454,MSBNK-Eawag-EQ01089454.txt,GGKQIOFASHYUJZ,GGKQIOFASHYUJZ,dev,NEGATIVE,[M-H]-,60.0,R1,ion_mode=NEGATIVE precursor_type=[M-H]-
MSBNK-Eawag-EQ01089455,MSBNK-Eawag-EQ01089455.txt,GGKQIOFASHYUJZ,GGKQIOFASHYUJZ,dev,NEGATIVE,[M-H]-,75.0,R1,ion_mode=NEGATIVE precursor_type=[M-H]-
MSBNK-Eawag-EQ01089456,MSBNK-Eawag-EQ01089456.txt,GGKQIOFASHYUJZ,GGKQIOFASHYUJZ,dev,NEGATIVE,[M-H]-,90.0,R1,ion_mode=NEGATIVE precursor_type=[M-H]-
MSBNK-Eawag-EQ01089457,MSBNK-Eawag-EQ01089457.txt,GGKQIOFASHYUJZ,GGKQIOFASHYUJZ,dev,NEGATIVE,[M-H]-,120.0,R1,ion_mode=NEGATIVE precursor_type=[M-H]-
MSBNK-Eawag-EQ01089458,MSBNK-Eawag-EQ01089458.txt,GGKQIOFASHYUJZ,GGKQIOFASHYUJZ,dev,NEGATIVE,[M-H]-,150.0,R1,ion_mode=NEGATIVE precursor_type=[M-H]-
MSBNK-Eawag-EQ01089459,MSBNK-Eawag-EQ01089459.txt,GGKQIOFASHYUJZ,GGKQIOFASHYUJZ,dev,NEGATIVE,[M-H]-,180.0,R1,ion_mode=NEGATIVE precursor_type=[M-H]-
MSBNK-Eawag-EQ01089501,MSBNK-Eawag-EQ01089501.txt,OLZQTUCTGLHFTQ,OLZQTUCTGLHFTQ,2024.11,POSITIVE,[M+H]+,15.0,R4,nce=15 not an adjudication cell (30 or 60)
MSBNK-Eawag-EQ01089502,MSBNK-Eawag-EQ01089502.txt,OLZQTUCTGLHFTQ,OLZQTUCTGLHFTQ,2024.11,POSITIVE,[M+H]+,30.0,R8,R8d: compound in the MURU exposure registry
MSBNK-Eawag-EQ01089503,MSBNK-Eawag-EQ01089503.txt,OLZQTUCTGLHFTQ,OLZQTUCTGLHFTQ,2024.11,POSITIVE,[M+H]+,45.0,R4,nce=45 not an adjudication cell (30 or 60)
MSBNK-Eawag-EQ01089504,MSBNK-Eawag-EQ01089504.txt,OLZQTUCTGLHFTQ,OLZQTUCTGLHFTQ,2024.11,POSITIVE,[M+H]+,60.0,R8,R8d: compound in the MURU exposure registry
MSBNK-Eawag-EQ01089505,MSBNK-Eawag-EQ01089505.txt,OLZQTUCTGLHFTQ,OLZQTUCTGLHFTQ,2024.11,POSITIVE,[M+H]+,75.0,R4,nce=75 not an adjudication cell (30 or 60)
MSBNK-Eawag-EQ01091601,MSBNK-Eawag-EQ01091601.txt,PFANXOISJYKQRP,PFANXOISJYKQRP,2025.10,POSITIVE,[M+H]+,15.0,R4,nce=15 not an adjudication cell (30 or 60)
MSBNK-Eawag-EQ01091602,MSBNK-Eawag-EQ01091602.txt,PFANXOISJYKQRP,PFANXOISJYKQRP,2025.10,POSITIVE,[M+H]+,30.0,R8,R8i: scaffold group guard: group in the MURU exposure registry
MSBNK-Eawag-EQ01091603,MSBNK-Eawag-EQ01091603.txt,PFANXOISJYKQRP,PFANXOISJYKQRP,2025.10,POSITIVE,[M+H]+,45.0,R4,nce=45 not an adjudication cell (30 or 60)
MSBNK-Eawag-EQ01091604,MSBNK-Eawag-EQ01091604.txt,PFANXOISJYKQRP,PFANXOISJYKQRP,2025.10,POSITIVE,[M+H]+,60.0,R8,R8i: scaffold group guard: group in the MURU exposure registry
MSBNK-Eawag-EQ01091651,MSBNK-Eawag-EQ01091651.txt,PFANXOISJYKQRP,PFANXOISJYKQRP,2025.10,NEGATIVE,[M-H]-,15.0,R1,ion_mode=NEGATIVE precursor_type=[M-H]-
MSBNK-Eawag-EQ01091652,MSBNK-Eawag-EQ01091652.txt,PFANXOISJYKQRP,PFANXOISJYKQRP,2025.10,NEGATIVE,[M-H]-,30.0,R1,ion_mode=NEGATIVE precursor_type=[M-H]-
MSBNK-Eawag-EQ01091653,MSBNK-Eawag-EQ01091653.txt,PFANXOISJYKQRP,PFANXOISJYKQRP,2025.10,NEGATIVE,[M-H]-,45.0,R1,ion_mode=NEGATIVE precursor_type=[M-H]-
MSBNK-Eawag-EQ01091654,MSBNK-Eawag-EQ01091654.txt,PFANXOISJYKQRP,PFANXOISJYKQRP,2025.10,NEGATIVE,[M-H]-,60.0,R1,ion_mode=NEGATIVE precursor_type=[M-H]-
MSBNK-Eawag-EQ01091655,MSBNK-Eawag-EQ01091655.txt,PFANXOISJYKQRP,PFANXOISJYKQRP,2025.10,NEGATIVE,[M-H]-,75.0,R1,ion_mode=NEGATIVE precursor_type=[M-H]-
MSBNK-Eawag-EQ01094251,MSBNK-Eawag-EQ01094251.txt,JYGLAHSAISAEAL,JYGLAHSAISAEAL,2024.11,NEGATIVE,[M-H]-,15.0,R1,ion_mode=NEGATIVE precursor_type=[M-H]-
MSBNK-Eawag-EQ01094252,MSBNK-Eawag-EQ01094252.txt,JYGLAHSAISAEAL,JYGLAHSAISAEAL,2024.11,NEGATIVE,[M-H]-,30.0,R1,ion_mode=NEGATIVE precursor_type=[M-H]-
MSBNK-Eawag-EQ01094253,MSBNK-Eawag-EQ01094253.txt,JYGLAHSAISAEAL,JYGLAHSAISAEAL,2024.11,NEGATIVE,[M-H]-,45.0,R1,ion_mode=NEGATIVE precursor_type=[M-H]-
MSBNK-Eawag-EQ01094254,MSBNK-Eawag-EQ01094254.txt,JYGLAHSAISAEAL,JYGLAHSAISAEAL,2024.11,NEGATIVE,[M-H]-,60.0,R1,ion_mode=NEGATIVE precursor_type=[M-H]-
MSBNK-Eawag-EQ01094255,MSBNK-Eawag-EQ01094255.txt,JYGLAHSAISAEAL,JYGLAHSAISAEAL,2024.11,NEGATIVE,[M-H]-,75.0,R1,ion_mode=NEGATIVE precursor_type=[M-H]-
MSBNK-Eawag-EQ01094256,MSBNK-Eawag-EQ01094256.txt,JYGLAHSAISAEAL,JYGLAHSAISAEAL,2024.11,NEGATIVE,[M-H]-,90.0,R1,ion_mode=NEGATIVE precursor_type=[M-H]-
MSBNK-Eawag-EQ01094257,MSBNK-Eawag-EQ01094257.txt,JYGLAHSAISAEAL,JYGLAHSAISAEAL,2024.11,NEGATIVE,[M-H]-,120.0,R1,ion_mode=NEGATIVE precursor_type=[M-H]-
MSBNK-Eawag-EQ01094258,MSBNK-Eawag-EQ01094258.txt,JYGLAHSAISAEAL,JYGLAHSAISAEAL,2024.11,NEGATIVE,[M-H]-,150.0,R1,ion_mode=NEGATIVE precursor_type=[M-H]-
MSBNK-Eawag-EQ01094259,MSBNK-Eawag-EQ01094259.txt,JYGLAHSAISAEAL,JYGLAHSAISAEAL,2024.11,NEGATIVE,[M-H]-,180.0,R1,ion_mode=NEGATIVE precursor_type=[M-H]-
MSBNK-Eawag-EQ01096101,MSBNK-Eawag-EQ01096101.txt,OPEKHRGERHDLRK,OPEKHRGERHDLRK,2025.10,POSITIVE,[M+H]+,15.0,R4,nce=15 not an adjudication cell (30 or 60)
MSBNK-Eawag-EQ01096102,MSBNK-Eawag-EQ01096102.txt,OPEKHRGERHDLRK,OPEKHRGERHDLRK,2025.10,POSITIVE,[M+H]+,30.0,R8,R8i: scaffold group guard: group in the MURU exposure registry
MSBNK-Eawag-EQ01096103,MSBNK-Eawag-EQ01096103.txt,OPEKHRGERHDLRK,OPEKHRGERHDLRK,2025.10,POSITIVE,[M+H]+,45.0,R4,nce=45 not an adjudication cell (30 or 60)
MSBNK-Eawag-EQ01096104,MSBNK-Eawag-EQ01096104.txt,OPEKHRGERHDLRK,OPEKHRGERHDLRK,2025.10,POSITIVE,[M+H]+,60.0,R8,R8i: scaffold group guard: group in the MURU exposure registry
MSBNK-Eawag-EQ01096105,MSBNK-Eawag-EQ01096105.txt,OPEKHRGERHDLRK,OPEKHRGERHDLRK,2025.10,POSITIVE,[M+H]+,75.0,R4,nce=75 not an adjudication cell (30 or 60)
MSBNK-Eawag-EQ01096106,MSBNK-Eawag-EQ01096106.txt,OPEKHRGERHDLRK,OPEKHRGERHDLRK,2025.10,POSITIVE,[M+H]+,90.0,R4,nce=90 not an adjudication cell (30 or 60)
MSBNK-Eawag-EQ01096107,MSBNK-Eawag-EQ01096107.txt,OPEKHRGERHDLRK,OPEKHRGERHDLRK,2025.10,POSITIVE,[M+H]+,120.0,R4,nce=120 not an adjudication cell (30 or 60)
MSBNK-Eawag-EQ01096108,MSBNK-Eawag-EQ01096108.txt,OPEKHRGERHDLRK,OPEKHRGERHDLRK,2025.10,POSITIVE,[M+H]+,150.0,R4,nce=150 not an adjudication cell (30 or 60)
MSBNK-Eawag-EQ01096109,MSBNK-Eawag-EQ01096109.txt,OPEKHRGERHDLRK,OPEKHRGERHDLRK,2025.10,POSITIVE,[M+H]+,180.0,R4,nce=180 not an adjudication cell (30 or 60)
MSBNK-Eawag-EQ01096501,MSBNK-Eawag-EQ01096501.txt,AZSKHRTUXHLAHS,AZSKHRTUXHLAHS,2025.10,POSITIVE,[M+H]+,15.0,R4,nce=15 not an adjudication cell (30 or 60)
MSBNK-Eawag-EQ01096502,MSBNK-Eawag-EQ01096502.txt,AZSKHRTUXHLAHS,AZSKHRTUXHLAHS,2025.10,POSITIVE,[M+H]+,30.0,R8,R8d: compound in the MURU exposure registry
MSBNK-Eawag-EQ01096503,MSBNK-Eawag-EQ01096503.txt,AZSKHRTUXHLAHS,AZSKHRTUXHLAHS,2025.10,POSITIVE,[M+H]+,45.0,R4,nce=45 not an adjudication cell (30 or 60)
MSBNK-Eawag-EQ01096504,MSBNK-Eawag-EQ01096504.txt,AZSKHRTUXHLAHS,AZSKHRTUXHLAHS,2025.10,POSITIVE,[M+H]+,60.0,R8,R8d: compound in the MURU exposure registry
MSBNK-Eawag-EQ01096505,MSBNK-Eawag-EQ01096505.txt,AZSKHRTUXHLAHS,AZSKHRTUXHLAHS,2025.10,POSITIVE,[M+H]+,75.0,R4,nce=75 not an adjudication cell (30 or 60)
MSBNK-Eawag-EQ01096506,MSBNK-Eawag-EQ01096506.txt,AZSKHRTUXHLAHS,AZSKHRTUXHLAHS,2025.10,POSITIVE,[M+H]+,90.0,R4,nce=90 not an adjudication cell (30 or 60)
MSBNK-Eawag-EQ01096507,MSBNK-Eawag-EQ01096507.txt,AZSKHRTUXHLAHS,AZSKHRTUXHLAHS,2025.10,POSITIVE,[M+H]+,120.0,R4,nce=120 not an adjudication cell (30 or 60)
MSBNK-Eawag-EQ01096508,MSBNK-Eawag-EQ01096508.txt,AZSKHRTUXHLAHS,AZSKHRTUXHLAHS,2025.10,POSITIVE,[M+H]+,150.0,R4,nce=150 not an adjudication cell (30 or 60)
MSBNK-Eawag-EQ01096509,MSBNK-Eawag-EQ01096509.txt,AZSKHRTUXHLAHS,AZSKHRTUXHLAHS,2025.10,POSITIVE,[M+H]+,180.0,R4,nce=180 not an adjudication cell (30 or 60)
MSBNK-Eawag-EQ01097201,MSBNK-Eawag-EQ01097201.txt,VDANGULDQQJODZ,VDANGULDQQJODZ,2024.11,POSITIVE,[M+H]+,15.0,R4,nce=15 not an adjudication cell (30 or 60)
MSBNK-Eawag-EQ01097202,MSBNK-Eawag-EQ01097202.txt,VDANGULDQQJODZ,VDANGULDQQJODZ,2024.11,POSITIVE,[M+H]+,20.0,R4,nce=20 not an adjudication cell (30 or 60)
MSBNK-Eawag-EQ01097203,MSBNK-Eawag-EQ01097203.txt,VDANGULDQQJODZ,VDANGULDQQJODZ,2024.11,POSITIVE,[M+H]+,25.0,R4,nce=25 not an adjudication cell (30 or 60)
MSBNK-Eawag-EQ01097204,MSBNK-Eawag-EQ01097204.txt,VDANGULDQQJODZ,VDANGULDQQJODZ,2024.11,POSITIVE,[M+H]+,30.0,R8,R8a: compound key in MassSpecGym 1.5 by the recorded InChIKey route
MSBNK-Eawag-EQ01097205,MSBNK-Eawag-EQ01097205.txt,VDANGULDQQJODZ,VDANGULDQQJODZ,2024.11,POSITIVE,[M+H]+,40.0,R4,nce=40 not an adjudication cell (30 or 60)
MSBNK-Eawag-EQ01097206,MSBNK-Eawag-EQ01097206.txt,VDANGULDQQJODZ,VDANGULDQQJODZ,2024.11,POSITIVE,[M+H]+,50.0,R4,nce=50 not an adjudication cell (30 or 60)
MSBNK-Eawag-EQ01097207,MSBNK-Eawag-EQ01097207.txt,VDANGULDQQJODZ,VDANGULDQQJODZ,2024.11,POSITIVE,[M+H]+,60.0,R8,R8a: compound key in MassSpecGym 1.5 by the recorded InChIKey route
MSBNK-Eawag-EQ01097208,MSBNK-Eawag-EQ01097208.txt,VDANGULDQQJODZ,VDANGULDQQJODZ,2024.11,POSITIVE,[M+H]+,70.0,R4,nce=70 not an adjudication cell (30 or 60)
MSBNK-Eawag-EQ01097209,MSBNK-Eawag-EQ01097209.txt,VDANGULDQQJODZ,VDANGULDQQJODZ,2024.11,POSITIVE,[M+H]+,80.0,R4,nce=80 not an adjudication cell (30 or 60)
MSBNK-Eawag-EQ01097401,MSBNK-Eawag-EQ01097401.txt,ZKMNUMMKYBVTFN,ZKMNUMMKYBVTFN,2024.11,POSITIVE,[M+H]+,15.0,R4,nce=15 not an adjudication cell (30 or 60)
MSBNK-Eawag-EQ01097402,MSBNK-Eawag-EQ01097402.txt,ZKMNUMMKYBVTFN,ZKMNUMMKYBVTFN,2024.11,POSITIVE,[M+H]+,20.0,R4,nce=20 not an adjudication cell (30 or 60)
MSBNK-Eawag-EQ01097403,MSBNK-Eawag-EQ01097403.txt,ZKMNUMMKYBVTFN,ZKMNUMMKYBVTFN,2024.11,POSITIVE,[M+H]+,25.0,R4,nce=25 not an adjudication cell (30 or 60)
MSBNK-Eawag-EQ01097404,MSBNK-Eawag-EQ01097404.txt,ZKMNUMMKYBVTFN,ZKMNUMMKYBVTFN,2024.11,POSITIVE,[M+H]+,30.0,R8,R8a: compound key in MassSpecGym 1.5 by the recorded InChIKey route
MSBNK-Eawag-EQ01097405,MSBNK-Eawag-EQ01097405.txt,ZKMNUMMKYBVTFN,ZKMNUMMKYBVTFN,2024.11,POSITIVE,[M+H]+,40.0,R4,nce=40 not an adjudication cell (30 or 60)
MSBNK-Eawag-EQ01097406,MSBNK-Eawag-EQ01097406.txt,ZKMNUMMKYBVTFN,ZKMNUMMKYBVTFN,2024.11,POSITIVE,[M+H]+,50.0,R4,nce=50 not an adjudication cell (30 or 60)
MSBNK-Eawag-EQ01097407,MSBNK-Eawag-EQ01097407.txt,ZKMNUMMKYBVTFN,ZKMNUMMKYBVTFN,2024.11,POSITIVE,[M+H]+,60.0,R8,R8a: compound key in MassSpecGym 1.5 by the recorded InChIKey route
MSBNK-Eawag-EQ01097408,MSBNK-Eawag-EQ01097408.txt,ZKMNUMMKYBVTFN,ZKMNUMMKYBVTFN,2024.11,POSITIVE,[M+H]+,70.0,R4,nce=70 not an adjudication cell (30 or 60)
MSBNK-Eawag-EQ01097409,MSBNK-Eawag-EQ01097409.txt,ZKMNUMMKYBVTFN,ZKMNUMMKYBVTFN,2024.11,POSITIVE,[M+H]+,80.0,R4,nce=80 not an adjudication cell (30 or 60)
MSBNK-Eawag-EQ01098701,MSBNK-Eawag-EQ01098701.txt,SHGAZHPCJJPHSC,SHGAZHPCJJPHSC,2024.11,POSITIVE,[M+H]+,15.0,R4,nce=15 not an adjudication cell (30 or 60)
MSBNK-Eawag-EQ01098702,MSBNK-Eawag-EQ01098702.txt,SHGAZHPCJJPHSC,SHGAZHPCJJPHSC,2024.11,POSITIVE,[M+H]+,30.0,R8,R8a: compound key in MassSpecGym 1.5 by the recorded InChIKey route
MSBNK-Eawag-EQ01098703,MSBNK-Eawag-EQ01098703.txt,SHGAZHPCJJPHSC,SHGAZHPCJJPHSC,2024.11,POSITIVE,[M+H]+,45.0,R4,nce=45 not an adjudication cell (30 or 60)
MSBNK-Eawag-EQ01098704,MSBNK-Eawag-EQ01098704.txt,SHGAZHPCJJPHSC,SHGAZHPCJJPHSC,2024.11,POSITIVE,[M+H]+,60.0,R8,R8a: compound key in MassSpecGym 1.5 by the recorded InChIKey route
MSBNK-Eawag-EQ01098705,MSBNK-Eawag-EQ01098705.txt,SHGAZHPCJJPHSC,SHGAZHPCJJPHSC,2024.11,POSITIVE,[M+H]+,75.0,R4,nce=75 not an adjudication cell (30 or 60)
MSBNK-Eawag-EQ01098706,MSBNK-Eawag-EQ01098706.txt,SHGAZHPCJJPHSC,SHGAZHPCJJPHSC,2024.11,POSITIVE,[M+H]+,90.0,R4,nce=90 not an adjudication cell (30 or 60)
MSBNK-Eawag-EQ01098707,MSBNK-Eawag-EQ01098707.txt,SHGAZHPCJJPHSC,SHGAZHPCJJPHSC,2024.11,POSITIVE,[M+H]+,120.0,R4,nce=120 not an adjudication cell (30 or 60)
MSBNK-Eawag-EQ01098708,MSBNK-Eawag-EQ01098708.txt,SHGAZHPCJJPHSC,SHGAZHPCJJPHSC,2024.11,POSITIVE,[M+H]+,70.0,R4,nce=70 not an adjudication cell (30 or 60)
MSBNK-Eawag-EQ01098709,MSBNK-Eawag-EQ01098709.txt,SHGAZHPCJJPHSC,SHGAZHPCJJPHSC,2024.11,POSITIVE,[M+H]+,80.0,R4,nce=80 not an adjudication cell (30 or 60)
MSBNK-Eawag-EQ01098801,MSBNK-Eawag-EQ01098801.txt,DDFOUSQFMYRUQK,DDFOUSQFMYRUQK,2024.11,POSITIVE,[M+H]+,15.0,R4,nce=15 not an adjudication cell (30 or 60)
MSBNK-Eawag-EQ01098802,MSBNK-Eawag-EQ01098802.txt,DDFOUSQFMYRUQK,DDFOUSQFMYRUQK,2024.11,POSITIVE,[M+H]+,20.0,R4,nce=20 not an adjudication cell (30 or 60)
MSBNK-Eawag-EQ01098803,MSBNK-Eawag-EQ01098803.txt,DDFOUSQFMYRUQK,DDFOUSQFMYRUQK,2024.11,POSITIVE,[M+H]+,25.0,R4,nce=25 not an adjudication cell (30 or 60)
MSBNK-Eawag-EQ01098804,MSBNK-Eawag-EQ01098804.txt,DDFOUSQFMYRUQK,DDFOUSQFMYRUQK,2024.11,POSITIVE,[M+H]+,30.0,R8,R8a: compound key in MassSpecGym 1.5 by the recorded InChIKey route
MSBNK-Eawag-EQ01098805,MSBNK-Eawag-EQ01098805.txt,DDFOUSQFMYRUQK,DDFOUSQFMYRUQK,2024.11,POSITIVE,[M+H]+,40.0,R4,nce=40 not an adjudication cell (30 or 60)
MSBNK-Eawag-EQ01098806,MSBNK-Eawag-EQ01098806.txt,DDFOUSQFMYRUQK,DDFOUSQFMYRUQK,2024.11,POSITIVE,[M+H]+,50.0,R4,nce=50 not an adjudication cell (30 or 60)
MSBNK-Eawag-EQ01098807,MSBNK-Eawag-EQ01098807.txt,DDFOUSQFMYRUQK,DDFOUSQFMYRUQK,2024.11,POSITIVE,[M+H]+,60.0,R8,R8a: compound key in MassSpecGym 1.5 by the recorded InChIKey route
MSBNK-Eawag-EQ01098808,MSBNK-Eawag-EQ01098808.txt,DDFOUSQFMYRUQK,DDFOUSQFMYRUQK,2024.11,POSITIVE,[M+H]+,70.0,R4,nce=70 not an adjudication cell (30 or 60)
MSBNK-Eawag-EQ01098809,MSBNK-Eawag-EQ01098809.txt,DDFOUSQFMYRUQK,DDFOUSQFMYRUQK,2024.11,POSITIVE,[M+H]+,80.0,R4,nce=80 not an adjudication cell (30 or 60)
MSBNK-Eawag-EQ01099501,MSBNK-Eawag-EQ01099501.txt,RLAWWYSOJDYHDC,RLAWWYSOJDYHDC,2024.11,POSITIVE,[M+H]+,15.0,R4,nce=15 not an adjudication cell (30 or 60)
MSBNK-Eawag-EQ01099502,MSBNK-Eawag-EQ01099502.txt,RLAWWYSOJDYHDC,RLAWWYSOJDYHDC,2024.11,POSITIVE,[M+H]+,30.0,R8,R8a: compound key in MassSpecGym 1.5 by the recorded InChIKey route
MSBNK-Eawag-EQ01099503,MSBNK-Eawag-EQ01099503.txt,RLAWWYSOJDYHDC,RLAWWYSOJDYHDC,2024.11,POSITIVE,[M+H]+,45.0,R4,nce=45 not an adjudication cell (30 or 60)
MSBNK-Eawag-EQ01099504,MSBNK-Eawag-EQ01099504.txt,RLAWWYSOJDYHDC,RLAWWYSOJDYHDC,2024.11,POSITIVE,[M+H]+,60.0,R8,R8a: compound key in MassSpecGym 1.5 by the recorded InChIKey route
MSBNK-Eawag-EQ01099505,MSBNK-Eawag-EQ01099505.txt,RLAWWYSOJDYHDC,RLAWWYSOJDYHDC,2024.11,POSITIVE,[M+H]+,75.0,R4,nce=75 not an adjudication cell (30 or 60)
MSBNK-Eawag-EQ01099506,MSBNK-Eawag-EQ01099506.txt,RLAWWYSOJDYHDC,RLAWWYSOJDYHDC,2024.11,POSITIVE,[M+H]+,90.0,R4,nce=90 not an adjudication cell (30 or 60)
MSBNK-Eawag-EQ01099507,MSBNK-Eawag-EQ01099507.txt,RLAWWYSOJDYHDC,RLAWWYSOJDYHDC,2024.11,POSITIVE,[M+H]+,120.0,R4,nce=120 not an adjudication cell (30 or 60)
MSBNK-Eawag-EQ01099551,MSBNK-Eawag-EQ01099551.txt,RLAWWYSOJDYHDC,RLAWWYSOJDYHDC,2024.11,NEGATIVE,[M-H]-,15.0,R1,ion_mode=NEGATIVE precursor_type=[M-H]-
MSBNK-Eawag-EQ01099552,MSBNK-Eawag-EQ01099552.txt,RLAWWYSOJDYHDC,RLAWWYSOJDYHDC,2024.11,NEGATIVE,[M-H]-,30.0,R1,ion_mode=NEGATIVE precursor_type=[M-H]-
MSBNK-Eawag-EQ01099553,MSBNK-Eawag-EQ01099553.txt,RLAWWYSOJDYHDC,RLAWWYSOJDYHDC,2024.11,NEGATIVE,[M-H]-,45.0,R1,ion_mode=NEGATIVE precursor_type=[M-H]-
MSBNK-Eawag-EQ01099554,MSBNK-Eawag-EQ01099554.txt,RLAWWYSOJDYHDC,RLAWWYSOJDYHDC,2024.11,NEGATIVE,[M-H]-,60.0,R1,ion_mode=NEGATIVE precursor_type=[M-H]-
MSBNK-Eawag-EQ01099555,MSBNK-Eawag-EQ01099555.txt,RLAWWYSOJDYHDC,RLAWWYSOJDYHDC,2024.11,NEGATIVE,[M-H]-,75.0,R1,ion_mode=NEGATIVE precursor_type=[M-H]-
MSBNK-Eawag-EQ01099556,MSBNK-Eawag-EQ01099556.txt,RLAWWYSOJDYHDC,RLAWWYSOJDYHDC,2024.11,NEGATIVE,[M-H]-,90.0,R1,ion_mode=NEGATIVE precursor_type=[M-H]-
MSBNK-Eawag-EQ01099601,MSBNK-Eawag-EQ01099601.txt,JTEGQNOMFQHVDC,JTEGQNOMFQHVDC,2024.06,POSITIVE,[M+H]+,15.0,R4,nce=15 not an adjudication cell (30 or 60)
MSBNK-Eawag-EQ01099602,MSBNK-Eawag-EQ01099602.txt,JTEGQNOMFQHVDC,JTEGQNOMFQHVDC,2024.06,POSITIVE,[M+H]+,30.0,R8,R8a: compound key in MassSpecGym 1.5 by the recorded InChIKey route
MSBNK-Eawag-EQ01099603,MSBNK-Eawag-EQ01099603.txt,JTEGQNOMFQHVDC,JTEGQNOMFQHVDC,2024.06,POSITIVE,[M+H]+,45.0,R4,nce=45 not an adjudication cell (30 or 60)
MSBNK-Eawag-EQ01099604,MSBNK-Eawag-EQ01099604.txt,JTEGQNOMFQHVDC,JTEGQNOMFQHVDC,2024.06,POSITIVE,[M+H]+,60.0,R8,R8a: compound key in MassSpecGym 1.5 by the recorded InChIKey route
MSBNK-Eawag-EQ01099605,MSBNK-Eawag-EQ01099605.txt,JTEGQNOMFQHVDC,JTEGQNOMFQHVDC,2024.06,POSITIVE,[M+H]+,75.0,R4,nce=75 not an adjudication cell (30 or 60)
MSBNK-Eawag-EQ01099606,MSBNK-Eawag-EQ01099606.txt,JTEGQNOMFQHVDC,JTEGQNOMFQHVDC,2024.06,POSITIVE,[M+H]+,90.0,R4,nce=90 not an adjudication cell (30 or 60)
MSBNK-Eawag-EQ01099607,MSBNK-Eawag-EQ01099607.txt,JTEGQNOMFQHVDC,JTEGQNOMFQHVDC,2024.06,POSITIVE,[M+H]+,120.0,R4,nce=120 not an adjudication cell (30 or 60)
MSBNK-Eawag-EQ01099608,MSBNK-Eawag-EQ01099608.txt,JTEGQNOMFQHVDC,JTEGQNOMFQHVDC,2024.06,POSITIVE,[M+H]+,150.0,R4,nce=150 not an adjudication cell (30 or 60)
MSBNK-Eawag-EQ01099609,MSBNK-Eawag-EQ01099609.txt,JTEGQNOMFQHVDC,JTEGQNOMFQHVDC,2024.06,POSITIVE,[M+H]+,180.0,R4,nce=180 not an adjudication cell (30 or 60)
MSBNK-Eawag-EQ01099651,MSBNK-Eawag-EQ01099651.txt,JTEGQNOMFQHVDC,JTEGQNOMFQHVDC,2024.06,NEGATIVE,[M-H]-,15.0,R1,ion_mode=NEGATIVE precursor_type=[M-H]-
MSBNK-Eawag-EQ01099652,MSBNK-Eawag-EQ01099652.txt,JTEGQNOMFQHVDC,JTEGQNOMFQHVDC,2024.06,NEGATIVE,[M-H]-,30.0,R1,ion_mode=NEGATIVE precursor_type=[M-H]-
MSBNK-Eawag-EQ01099653,MSBNK-Eawag-EQ01099653.txt,JTEGQNOMFQHVDC,JTEGQNOMFQHVDC,2024.06,NEGATIVE,[M-H]-,45.0,R1,ion_mode=NEGATIVE precursor_type=[M-H]-
MSBNK-Eawag-EQ01099654,MSBNK-Eawag-EQ01099654.txt,JTEGQNOMFQHVDC,JTEGQNOMFQHVDC,2024.06,NEGATIVE,[M-H]-,60.0,R1,ion_mode=NEGATIVE precursor_type=[M-H]-
MSBNK-Eawag-EQ01099655,MSBNK-Eawag-EQ01099655.txt,JTEGQNOMFQHVDC,JTEGQNOMFQHVDC,2024.06,NEGATIVE,[M-H]-,75.0,R1,ion_mode=NEGATIVE precursor_type=[M-H]-
MSBNK-Eawag-EQ01099656,MSBNK-Eawag-EQ01099656.txt,JTEGQNOMFQHVDC,JTEGQNOMFQHVDC,2024.06,NEGATIVE,[M-H]-,90.0,R1,ion_mode=NEGATIVE precursor_type=[M-H]-
MSBNK-Eawag-EQ01099701,MSBNK-Eawag-EQ01099701.txt,FSKFPVLPFLJRQB,FSKFPVLPFLJRQB,2024.11,POSITIVE,[M+H]+,15.0,R4,nce=15 not an adjudication cell (30 or 60)
MSBNK-Eawag-EQ01099702,MSBNK-Eawag-EQ01099702.txt,FSKFPVLPFLJRQB,FSKFPVLPFLJRQB,2024.11,POSITIVE,[M+H]+,30.0,R8,R8d: compound in the MURU exposure registry
MSBNK-Eawag-EQ01099703,MSBNK-Eawag-EQ01099703.txt,FSKFPVLPFLJRQB,FSKFPVLPFLJRQB,2024.11,POSITIVE,[M+H]+,45.0,R4,nce=45 not an adjudication cell (30 or 60)
MSBNK-Eawag-EQ01099704,MSBNK-Eawag-EQ01099704.txt,FSKFPVLPFLJRQB,FSKFPVLPFLJRQB,2024.11,POSITIVE,[M+H]+,60.0,R8,R8d: compound in the MURU exposure registry
MSBNK-Eawag-EQ01099705,MSBNK-Eawag-EQ01099705.txt,FSKFPVLPFLJRQB,FSKFPVLPFLJRQB,2024.11,POSITIVE,[M+H]+,75.0,R4,nce=75 not an adjudication cell (30 or 60)
MSBNK-Eawag-EQ01099706,MSBNK-Eawag-EQ01099706.txt,FSKFPVLPFLJRQB,FSKFPVLPFLJRQB,2024.11,POSITIVE,[M+H]+,90.0,R4,nce=90 not an adjudication cell (30 or 60)
MSBNK-Eawag-EQ01099707,MSBNK-Eawag-EQ01099707.txt,FSKFPVLPFLJRQB,FSKFPVLPFLJRQB,2024.11,POSITIVE,[M+H]+,120.0,R4,nce=120 not an adjudication cell (30 or 60)
MSBNK-Eawag-EQ01099901,MSBNK-Eawag-EQ01099901.txt,FARSXMMESQDZMY,FARSXMMESQDZMY,2024.11,POSITIVE,[M+H]+,15.0,R4,nce=15 not an adjudication cell (30 or 60)
MSBNK-Eawag-EQ01099902,MSBNK-Eawag-EQ01099902.txt,FARSXMMESQDZMY,FARSXMMESQDZMY,2024.11,POSITIVE,[M+H]+,30.0,R8,R8i: scaffold group guard: group in the MURU exposure registry
MSBNK-Eawag-EQ01099903,MSBNK-Eawag-EQ01099903.txt,FARSXMMESQDZMY,FARSXMMESQDZMY,2024.11,POSITIVE,[M+H]+,45.0,R4,nce=45 not an adjudication cell (30 or 60)
MSBNK-Eawag-EQ01099904,MSBNK-Eawag-EQ01099904.txt,FARSXMMESQDZMY,FARSXMMESQDZMY,2024.11,POSITIVE,[M+H]+,60.0,R8,R8i: scaffold group guard: group in the MURU exposure registry
MSBNK-Eawag-EQ01099905,MSBNK-Eawag-EQ01099905.txt,FARSXMMESQDZMY,FARSXMMESQDZMY,2024.11,POSITIVE,[M+H]+,75.0,R4,nce=75 not an adjudication cell (30 or 60)
MSBNK-Eawag-EQ01100101,MSBNK-Eawag-EQ01100101.txt,MCGSCOLBFJQGHM,MCGSCOLBFJQGHM,2024.06,POSITIVE,[M+H]+,15.0,R4,nce=15 not an adjudication cell (30 or 60)
MSBNK-Eawag-EQ01100102,MSBNK-Eawag-EQ01100102.txt,MCGSCOLBFJQGHM,MCGSCOLBFJQGHM,2024.06,POSITIVE,[M+H]+,30.0,R8,R8a: compound key in MassSpecGym 1.5 by the recorded InChIKey route
MSBNK-Eawag-EQ01100103,MSBNK-Eawag-EQ01100103.txt,MCGSCOLBFJQGHM,MCGSCOLBFJQGHM,2024.06,POSITIVE,[M+H]+,45.0,R4,nce=45 not an adjudication cell (30 or 60)
MSBNK-Eawag-EQ01100104,MSBNK-Eawag-EQ01100104.txt,MCGSCOLBFJQGHM,MCGSCOLBFJQGHM,2024.06,POSITIVE,[M+H]+,60.0,R8,R8a: compound key in MassSpecGym 1.5 by the recorded InChIKey route
MSBNK-Eawag-EQ01100105,MSBNK-Eawag-EQ01100105.txt,MCGSCOLBFJQGHM,MCGSCOLBFJQGHM,2024.06,POSITIVE,[M+H]+,75.0,R4,nce=75 not an adjudication cell (30 or 60)
MSBNK-Eawag-EQ01100106,MSBNK-Eawag-EQ01100106.txt,MCGSCOLBFJQGHM,MCGSCOLBFJQGHM,2024.06,POSITIVE,[M+H]+,90.0,R4,nce=90 not an adjudication cell (30 or 60)
MSBNK-Eawag-EQ01100107,MSBNK-Eawag-EQ01100107.txt,MCGSCOLBFJQGHM,MCGSCOLBFJQGHM,2024.06,POSITIVE,[M+H]+,120.0,R4,nce=120 not an adjudication cell (30 or 60)
MSBNK-Eawag-EQ01100108,MSBNK-Eawag-EQ01100108.txt,MCGSCOLBFJQGHM,MCGSCOLBFJQGHM,2024.06,POSITIVE,[M+H]+,150.0,R4,nce=150 not an adjudication cell (30 or 60)
MSBNK-Eawag-EQ01100109,MSBNK-Eawag-EQ01100109.txt,MCGSCOLBFJQGHM,MCGSCOLBFJQGHM,2024.06,POSITIVE,[M+H]+,180.0,R4,nce=180 not an adjudication cell (30 or 60)
MSBNK-Eawag-EQ01100201,MSBNK-Eawag-EQ01100201.txt,BQSJTQLCZDPROO,BQSJTQLCZDPROO,2024.11,POSITIVE,[M+H]+,15.0,R4,nce=15 not an adjudication cell (30 or 60)
MSBNK-Eawag-EQ01100202,MSBNK-Eawag-EQ01100202.txt,BQSJTQLCZDPROO,BQSJTQLCZDPROO,2024.11,POSITIVE,[M+H]+,30.0,R8,R8a: compound key in MassSpecGym 1.5 by the recorded InChIKey route
MSBNK-Eawag-EQ01100203,MSBNK-Eawag-EQ01100203.txt,BQSJTQLCZDPROO,BQSJTQLCZDPROO,2024.11,POSITIVE,[M+H]+,45.0,R4,nce=45 not an adjudication cell (30 or 60)
MSBNK-Eawag-EQ01100204,MSBNK-Eawag-EQ01100204.txt,BQSJTQLCZDPROO,BQSJTQLCZDPROO,2024.11,POSITIVE,[M+H]+,60.0,R8,R8a: compound key in MassSpecGym 1.5 by the recorded InChIKey route
MSBNK-Eawag-EQ01100205,MSBNK-Eawag-EQ01100205.txt,BQSJTQLCZDPROO,BQSJTQLCZDPROO,2024.11,POSITIVE,[M+H]+,75.0,R4,nce=75 not an adjudication cell (30 or 60)
MSBNK-Eawag-EQ01100206,MSBNK-Eawag-EQ01100206.txt,BQSJTQLCZDPROO,BQSJTQLCZDPROO,2024.11,POSITIVE,[M+H]+,90.0,R4,nce=90 not an adjudication cell (30 or 60)
MSBNK-Eawag-EQ01100207,MSBNK-Eawag-EQ01100207.txt,BQSJTQLCZDPROO,BQSJTQLCZDPROO,2024.11,POSITIVE,[M+H]+,120.0,R4,nce=120 not an adjudication cell (30 or 60)
MSBNK-Eawag-EQ01100208,MSBNK-Eawag-EQ01100208.txt,BQSJTQLCZDPROO,BQSJTQLCZDPROO,2024.11,POSITIVE,[M+H]+,150.0,R4,nce=150 not an adjudication cell (30 or 60)
MSBNK-Eawag-EQ01100209,MSBNK-Eawag-EQ01100209.txt,BQSJTQLCZDPROO,BQSJTQLCZDPROO,2024.11,POSITIVE,[M+H]+,180.0,R4,nce=180 not an adjudication cell (30 or 60)
MSBNK-Eawag-EQ01100251,MSBNK-Eawag-EQ01100251.txt,BQSJTQLCZDPROO,BQSJTQLCZDPROO,2024.11,NEGATIVE,[M-H]-,15.0,R1,ion_mode=NEGATIVE precursor_type=[M-H]-
MSBNK-Eawag-EQ01100252,MSBNK-Eawag-EQ01100252.txt,BQSJTQLCZDPROO,BQSJTQLCZDPROO,2024.11,NEGATIVE,[M-H]-,30.0,R1,ion_mode=NEGATIVE precursor_type=[M-H]-
MSBNK-Eawag-EQ01100253,MSBNK-Eawag-EQ01100253.txt,BQSJTQLCZDPROO,BQSJTQLCZDPROO,2024.11,NEGATIVE,[M-H]-,45.0,R1,ion_mode=NEGATIVE precursor_type=[M-H]-
MSBNK-Eawag-EQ01100254,MSBNK-Eawag-EQ01100254.txt,BQSJTQLCZDPROO,BQSJTQLCZDPROO,2024.11,NEGATIVE,[M-H]-,60.0,R1,ion_mode=NEGATIVE precursor_type=[M-H]-
MSBNK-Eawag-EQ01100255,MSBNK-Eawag-EQ01100255.txt,BQSJTQLCZDPROO,BQSJTQLCZDPROO,2024.11,NEGATIVE,[M-H]-,75.0,R1,ion_mode=NEGATIVE precursor_type=[M-H]-
MSBNK-Eawag-EQ01100256,MSBNK-Eawag-EQ01100256.txt,BQSJTQLCZDPROO,BQSJTQLCZDPROO,2024.11,NEGATIVE,[M-H]-,90.0,R1,ion_mode=NEGATIVE precursor_type=[M-H]-
MSBNK-Eawag-EQ01100257,MSBNK-Eawag-EQ01100257.txt,BQSJTQLCZDPROO,BQSJTQLCZDPROO,2024.11,NEGATIVE,[M-H]-,120.0,R1,ion_mode=NEGATIVE precursor_type=[M-H]-
MSBNK-Eawag-EQ01100258,MSBNK-Eawag-EQ01100258.txt,BQSJTQLCZDPROO,BQSJTQLCZDPROO,2024.11,NEGATIVE,[M-H]-,150.0,R1,ion_mode=NEGATIVE precursor_type=[M-H]-
MSBNK-Eawag-EQ01100259,MSBNK-Eawag-EQ01100259.txt,BQSJTQLCZDPROO,BQSJTQLCZDPROO,2024.11,NEGATIVE,[M-H]-,180.0,R1,ion_mode=NEGATIVE precursor_type=[M-H]-
MSBNK-Eawag-EQ01100301,MSBNK-Eawag-EQ01100301.txt,HDOVUKNUBWVHOX,HDOVUKNUBWVHOX,2024.11,POSITIVE,[M+H]+,15.0,R4,nce=15 not an adjudication cell (30 or 60)
MSBNK-Eawag-EQ01100302,MSBNK-Eawag-EQ01100302.txt,HDOVUKNUBWVHOX,HDOVUKNUBWVHOX,2024.11,POSITIVE,[M+H]+,30.0,R8,R8a: compound key in MassSpecGym 1.5 by the recorded InChIKey route
MSBNK-Eawag-EQ01100303,MSBNK-Eawag-EQ01100303.txt,HDOVUKNUBWVHOX,HDOVUKNUBWVHOX,2024.11,POSITIVE,[M+H]+,45.0,R4,nce=45 not an adjudication cell (30 or 60)
MSBNK-Eawag-EQ01100601,MSBNK-Eawag-EQ01100601.txt,PBAPPPCECJKMCM,PBAPPPCECJKMCM,2024.11,POSITIVE,[M+H]+,15.0,R4,nce=15 not an adjudication cell (30 or 60)
MSBNK-Eawag-EQ01100602,MSBNK-Eawag-EQ01100602.txt,PBAPPPCECJKMCM,PBAPPPCECJKMCM,2024.11,POSITIVE,[M+H]+,30.0,R8,R8a: compound key in MassSpecGym 1.5 by the recorded InChIKey route
MSBNK-Eawag-EQ01100603,MSBNK-Eawag-EQ01100603.txt,PBAPPPCECJKMCM,PBAPPPCECJKMCM,2024.11,POSITIVE,[M+H]+,45.0,R4,nce=45 not an adjudication cell (30 or 60)
MSBNK-Eawag-EQ01100604,MSBNK-Eawag-EQ01100604.txt,PBAPPPCECJKMCM,PBAPPPCECJKMCM,2024.11,POSITIVE,[M+H]+,60.0,R8,R8a: compound key in MassSpecGym 1.5 by the recorded InChIKey route
MSBNK-Eawag-EQ01100605,MSBNK-Eawag-EQ01100605.txt,PBAPPPCECJKMCM,PBAPPPCECJKMCM,2024.11,POSITIVE,[M+H]+,75.0,R4,nce=75 not an adjudication cell (30 or 60)
MSBNK-Eawag-EQ01100606,MSBNK-Eawag-EQ01100606.txt,PBAPPPCECJKMCM,PBAPPPCECJKMCM,2024.11,POSITIVE,[M+H]+,90.0,R4,nce=90 not an adjudication cell (30 or 60)
MSBNK-Eawag-EQ01100607,MSBNK-Eawag-EQ01100607.txt,PBAPPPCECJKMCM,PBAPPPCECJKMCM,2024.11,POSITIVE,[M+H]+,120.0,R4,nce=120 not an adjudication cell (30 or 60)
MSBNK-Eawag-EQ01100651,MSBNK-Eawag-EQ01100651.txt,PBAPPPCECJKMCM,PBAPPPCECJKMCM,2024.11,NEGATIVE,[M-H]-,15.0,R1,ion_mode=NEGATIVE precursor_type=[M-H]-
MSBNK-Eawag-EQ01100652,MSBNK-Eawag-EQ01100652.txt,PBAPPPCECJKMCM,PBAPPPCECJKMCM,2024.11,NEGATIVE,[M-H]-,30.0,R1,ion_mode=NEGATIVE precursor_type=[M-H]-
MSBNK-Eawag-EQ01100653,MSBNK-Eawag-EQ01100653.txt,PBAPPPCECJKMCM,PBAPPPCECJKMCM,2024.11,NEGATIVE,[M-H]-,45.0,R1,ion_mode=NEGATIVE precursor_type=[M-H]-
MSBNK-Eawag-EQ01100654,MSBNK-Eawag-EQ01100654.txt,PBAPPPCECJKMCM,PBAPPPCECJKMCM,2024.11,NEGATIVE,[M-H]-,60.0,R1,ion_mode=NEGATIVE precursor_type=[M-H]-
MSBNK-Eawag-EQ01100655,MSBNK-Eawag-EQ01100655.txt,PBAPPPCECJKMCM,PBAPPPCECJKMCM,2024.11,NEGATIVE,[M-H]-,75.0,R1,ion_mode=NEGATIVE precursor_type=[M-H]-
MSBNK-Eawag-EQ01100656,MSBNK-Eawag-EQ01100656.txt,PBAPPPCECJKMCM,PBAPPPCECJKMCM,2024.11,NEGATIVE,[M-H]-,90.0,R1,ion_mode=NEGATIVE precursor_type=[M-H]-
MSBNK-Eawag-EQ01100657,MSBNK-Eawag-EQ01100657.txt,PBAPPPCECJKMCM,PBAPPPCECJKMCM,2024.11,NEGATIVE,[M-H]-,120.0,R1,ion_mode=NEGATIVE precursor_type=[M-H]-
MSBNK-Eawag-EQ01100901,MSBNK-Eawag-EQ01100901.txt,HGVDHZBSSITLCT,HGVDHZBSSITLCT,2024.11,POSITIVE,[M+H]+,15.0,R4,nce=15 not an adjudication cell (30 or 60)
MSBNK-Eawag-EQ01100902,MSBNK-Eawag-EQ01100902.txt,HGVDHZBSSITLCT,HGVDHZBSSITLCT,2024.11,POSITIVE,[M+H]+,30.0,R8,R8a: compound key in MassSpecGym 1.5 by the recorded InChIKey route
MSBNK-Eawag-EQ01100903,MSBNK-Eawag-EQ01100903.txt,HGVDHZBSSITLCT,HGVDHZBSSITLCT,2024.11,POSITIVE,[M+H]+,45.0,R4,nce=45 not an adjudication cell (30 or 60)
MSBNK-Eawag-EQ01100904,MSBNK-Eawag-EQ01100904.txt,HGVDHZBSSITLCT,HGVDHZBSSITLCT,2024.11,POSITIVE,[M+H]+,60.0,R8,R8a: compound key in MassSpecGym 1.5 by the recorded InChIKey route
MSBNK-Eawag-EQ01100905,MSBNK-Eawag-EQ01100905.txt,HGVDHZBSSITLCT,HGVDHZBSSITLCT,2024.11,POSITIVE,[M+H]+,75.0,R4,nce=75 not an adjudication cell (30 or 60)
MSBNK-Eawag-EQ01100906,MSBNK-Eawag-EQ01100906.txt,HGVDHZBSSITLCT,HGVDHZBSSITLCT,2024.11,POSITIVE,[M+H]+,90.0,R4,nce=90 not an adjudication cell (30 or 60)
MSBNK-Eawag-EQ01100907,MSBNK-Eawag-EQ01100907.txt,HGVDHZBSSITLCT,HGVDHZBSSITLCT,2024.11,POSITIVE,[M+H]+,120.0,R4,nce=120 not an adjudication cell (30 or 60)
MSBNK-Eawag-EQ01100951,MSBNK-Eawag-EQ01100951.txt,HGVDHZBSSITLCT,HGVDHZBSSITLCT,2024.11,NEGATIVE,[M-H]-,15.0,R1,ion_mode=NEGATIVE precursor_type=[M-H]-
MSBNK-Eawag-EQ01100952,MSBNK-Eawag-EQ01100952.txt,HGVDHZBSSITLCT,HGVDHZBSSITLCT,2024.11,NEGATIVE,[M-H]-,30.0,R1,ion_mode=NEGATIVE precursor_type=[M-H]-
MSBNK-Eawag-EQ01100953,MSBNK-Eawag-EQ01100953.txt,HGVDHZBSSITLCT,HGVDHZBSSITLCT,2024.11,NEGATIVE,[M-H]-,45.0,R1,ion_mode=NEGATIVE precursor_type=[M-H]-
MSBNK-Eawag-EQ01100954,MSBNK-Eawag-EQ01100954.txt,HGVDHZBSSITLCT,HGVDHZBSSITLCT,2024.11,NEGATIVE,[M-H]-,60.0,R1,ion_mode=NEGATIVE precursor_type=[M-H]-
MSBNK-Eawag-EQ01100955,MSBNK-Eawag-EQ01100955.txt,HGVDHZBSSITLCT,HGVDHZBSSITLCT,2024.11,NEGATIVE,[M-H]-,75.0,R1,ion_mode=NEGATIVE precursor_type=[M-H]-
MSBNK-Eawag-EQ01100956,MSBNK-Eawag-EQ01100956.txt,HGVDHZBSSITLCT,HGVDHZBSSITLCT,2024.11,NEGATIVE,[M-H]-,90.0,R1,ion_mode=NEGATIVE precursor_type=[M-H]-
MSBNK-Eawag-EQ01100957,MSBNK-Eawag-EQ01100957.txt,HGVDHZBSSITLCT,HGVDHZBSSITLCT,2024.11,NEGATIVE,[M-H]-,120.0,R1,ion_mode=NEGATIVE precursor_type=[M-H]-
MSBNK-Eawag-EQ01101001,MSBNK-Eawag-EQ01101001.txt,CPMDPSXJELVGJG,CPMDPSXJELVGJG,2024.11,POSITIVE,[M+H]+,15.0,R4,nce=15 not an adjudication cell (30 or 60)
MSBNK-Eawag-EQ01101002,MSBNK-Eawag-EQ01101002.txt,CPMDPSXJELVGJG,CPMDPSXJELVGJG,2024.11,POSITIVE,[M+H]+,30.0,R8,R8a: compound key in MassSpecGym 1.5 by the recorded InChIKey route
MSBNK-Eawag-EQ01101003,MSBNK-Eawag-EQ01101003.txt,CPMDPSXJELVGJG,CPMDPSXJELVGJG,2024.11,POSITIVE,[M+H]+,45.0,R4,nce=45 not an adjudication cell (30 or 60)
MSBNK-Eawag-EQ01101004,MSBNK-Eawag-EQ01101004.txt,CPMDPSXJELVGJG,CPMDPSXJELVGJG,2024.11,POSITIVE,[M+H]+,60.0,R8,R8a: compound key in MassSpecGym 1.5 by the recorded InChIKey route
MSBNK-Eawag-EQ01101005,MSBNK-Eawag-EQ01101005.txt,CPMDPSXJELVGJG,CPMDPSXJELVGJG,2024.11,POSITIVE,[M+H]+,75.0,R4,nce=75 not an adjudication cell (30 or 60)
MSBNK-Eawag-EQ01101006,MSBNK-Eawag-EQ01101006.txt,CPMDPSXJELVGJG,CPMDPSXJELVGJG,2024.11,POSITIVE,[M+H]+,90.0,R4,nce=90 not an adjudication cell (30 or 60)
MSBNK-Eawag-EQ01101007,MSBNK-Eawag-EQ01101007.txt,CPMDPSXJELVGJG,CPMDPSXJELVGJG,2024.11,POSITIVE,[M+H]+,120.0,R4,nce=120 not an adjudication cell (30 or 60)
MSBNK-Eawag-EQ01101051,MSBNK-Eawag-EQ01101051.txt,CPMDPSXJELVGJG,CPMDPSXJELVGJG,2024.11,NEGATIVE,[M-H]-,15.0,R1,ion_mode=NEGATIVE precursor_type=[M-H]-
MSBNK-Eawag-EQ01101052,MSBNK-Eawag-EQ01101052.txt,CPMDPSXJELVGJG,CPMDPSXJELVGJG,2024.11,NEGATIVE,[M-H]-,30.0,R1,ion_mode=NEGATIVE precursor_type=[M-H]-
MSBNK-Eawag-EQ01101053,MSBNK-Eawag-EQ01101053.txt,CPMDPSXJELVGJG,CPMDPSXJELVGJG,2024.11,NEGATIVE,[M-H]-,45.0,R1,ion_mode=NEGATIVE precursor_type=[M-H]-
MSBNK-Eawag-EQ01101054,MSBNK-Eawag-EQ01101054.txt,CPMDPSXJELVGJG,CPMDPSXJELVGJG,2024.11,NEGATIVE,[M-H]-,60.0,R1,ion_mode=NEGATIVE precursor_type=[M-H]-
MSBNK-Eawag-EQ01101055,MSBNK-Eawag-EQ01101055.txt,CPMDPSXJELVGJG,CPMDPSXJELVGJG,2024.11,NEGATIVE,[M-H]-,75.0,R1,ion_mode=NEGATIVE precursor_type=[M-H]-
MSBNK-Eawag-EQ01101056,MSBNK-Eawag-EQ01101056.txt,CPMDPSXJELVGJG,CPMDPSXJELVGJG,2024.11,NEGATIVE,[M-H]-,90.0,R1,ion_mode=NEGATIVE precursor_type=[M-H]-
MSBNK-Eawag-EQ01101057,MSBNK-Eawag-EQ01101057.txt,CPMDPSXJELVGJG,CPMDPSXJELVGJG,2024.11,NEGATIVE,[M-H]-,120.0,R1,ion_mode=NEGATIVE precursor_type=[M-H]-
MSBNK-Eawag-EQ01101101,MSBNK-Eawag-EQ01101101.txt,STUWGJZDJHPWGZ,STUWGJZDJHPWGZ,2024.11,POSITIVE,[M+H]+,15.0,R4,nce=15 not an adjudication cell (30 or 60)
MSBNK-Eawag-EQ01101102,MSBNK-Eawag-EQ01101102.txt,STUWGJZDJHPWGZ,STUWGJZDJHPWGZ,2024.11,POSITIVE,[M+H]+,20.0,R4,nce=20 not an adjudication cell (30 or 60)
MSBNK-Eawag-EQ01101103,MSBNK-Eawag-EQ01101103.txt,STUWGJZDJHPWGZ,STUWGJZDJHPWGZ,2024.11,POSITIVE,[M+H]+,25.0,R4,nce=25 not an adjudication cell (30 or 60)
MSBNK-Eawag-EQ01101104,MSBNK-Eawag-EQ01101104.txt,STUWGJZDJHPWGZ,STUWGJZDJHPWGZ,2024.11,POSITIVE,[M+H]+,30.0,R8,R8a: compound key in MassSpecGym 1.5 by the recorded InChIKey route
MSBNK-Eawag-EQ01101105,MSBNK-Eawag-EQ01101105.txt,STUWGJZDJHPWGZ,STUWGJZDJHPWGZ,2024.11,POSITIVE,[M+H]+,40.0,R4,nce=40 not an adjudication cell (30 or 60)
MSBNK-Eawag-EQ01101106,MSBNK-Eawag-EQ01101106.txt,STUWGJZDJHPWGZ,STUWGJZDJHPWGZ,2024.11,POSITIVE,[M+H]+,50.0,R4,nce=50 not an adjudication cell (30 or 60)
MSBNK-Eawag-EQ01101107,MSBNK-Eawag-EQ01101107.txt,STUWGJZDJHPWGZ,STUWGJZDJHPWGZ,2024.11,POSITIVE,[M+H]+,60.0,R8,R8a: compound key in MassSpecGym 1.5 by the recorded InChIKey route
MSBNK-Eawag-EQ01101201,MSBNK-Eawag-EQ01101201.txt,KIHYPELVXPAIDH,KIHYPELVXPAIDH,2024.11,POSITIVE,[M+H]+,15.0,R4,nce=15 not an adjudication cell (30 or 60)
MSBNK-Eawag-EQ01101202,MSBNK-Eawag-EQ01101202.txt,KIHYPELVXPAIDH,KIHYPELVXPAIDH,2024.11,POSITIVE,[M+H]+,20.0,R4,nce=20 not an adjudication cell (30 or 60)
MSBNK-Eawag-EQ01101203,MSBNK-Eawag-EQ01101203.txt,KIHYPELVXPAIDH,KIHYPELVXPAIDH,2024.11,POSITIVE,[M+H]+,25.0,R4,nce=25 not an adjudication cell (30 or 60)
MSBNK-Eawag-EQ01101204,MSBNK-Eawag-EQ01101204.txt,KIHYPELVXPAIDH,KIHYPELVXPAIDH,2024.11,POSITIVE,[M+H]+,30.0,R8,R8a: compound key in MassSpecGym 1.5 by the recorded InChIKey route
MSBNK-Eawag-EQ01101205,MSBNK-Eawag-EQ01101205.txt,KIHYPELVXPAIDH,KIHYPELVXPAIDH,2024.11,POSITIVE,[M+H]+,40.0,R4,nce=40 not an adjudication cell (30 or 60)
MSBNK-Eawag-EQ01101206,MSBNK-Eawag-EQ01101206.txt,KIHYPELVXPAIDH,KIHYPELVXPAIDH,2024.11,POSITIVE,[M+H]+,50.0,R4,nce=50 not an adjudication cell (30 or 60)
MSBNK-Eawag-EQ01101207,MSBNK-Eawag-EQ01101207.txt,KIHYPELVXPAIDH,KIHYPELVXPAIDH,2024.11,POSITIVE,[M+H]+,60.0,R8,R8a: compound key in MassSpecGym 1.5 by the recorded InChIKey route
MSBNK-Eawag-EQ01101208,MSBNK-Eawag-EQ01101208.txt,KIHYPELVXPAIDH,KIHYPELVXPAIDH,2024.11,POSITIVE,[M+H]+,70.0,R4,nce=70 not an adjudication cell (30 or 60)
MSBNK-Eawag-EQ01101209,MSBNK-Eawag-EQ01101209.txt,KIHYPELVXPAIDH,KIHYPELVXPAIDH,2024.11,POSITIVE,[M+H]+,80.0,R4,nce=80 not an adjudication cell (30 or 60)
MSBNK-Eawag-EQ01101401,MSBNK-Eawag-EQ01101401.txt,PYNXFZCZUAOOQC,PYNXFZCZUAOOQC,2024.11,POSITIVE,[M+H]+,15.0,R4,nce=15 not an adjudication cell (30 or 60)
MSBNK-Eawag-EQ01101402,MSBNK-Eawag-EQ01101402.txt,PYNXFZCZUAOOQC,PYNXFZCZUAOOQC,2024.11,POSITIVE,[M+H]+,30.0,R8,R8a: compound key in MassSpecGym 1.5 by the recorded InChIKey route
MSBNK-Eawag-EQ01101403,MSBNK-Eawag-EQ01101403.txt,PYNXFZCZUAOOQC,PYNXFZCZUAOOQC,2024.11,POSITIVE,[M+H]+,45.0,R4,nce=45 not an adjudication cell (30 or 60)
MSBNK-Eawag-EQ01101404,MSBNK-Eawag-EQ01101404.txt,PYNXFZCZUAOOQC,PYNXFZCZUAOOQC,2024.11,POSITIVE,[M+H]+,60.0,R8,R8a: compound key in MassSpecGym 1.5 by the recorded InChIKey route
MSBNK-Eawag-EQ01101405,MSBNK-Eawag-EQ01101405.txt,PYNXFZCZUAOOQC,PYNXFZCZUAOOQC,2024.11,POSITIVE,[M+H]+,75.0,R4,nce=75 not an adjudication cell (30 or 60)
MSBNK-Eawag-EQ01101406,MSBNK-Eawag-EQ01101406.txt,PYNXFZCZUAOOQC,PYNXFZCZUAOOQC,2024.11,POSITIVE,[M+H]+,90.0,R4,nce=90 not an adjudication cell (30 or 60)
MSBNK-Eawag-EQ01101407,MSBNK-Eawag-EQ01101407.txt,PYNXFZCZUAOOQC,PYNXFZCZUAOOQC,2024.11,POSITIVE,[M+H]+,120.0,R4,nce=120 not an adjudication cell (30 or 60)
MSBNK-Eawag-EQ01101451,MSBNK-Eawag-EQ01101451.txt,PYNXFZCZUAOOQC,PYNXFZCZUAOOQC,2024.11,NEGATIVE,[M-H]-,15.0,R1,ion_mode=NEGATIVE precursor_type=[M-H]-
MSBNK-Eawag-EQ01101452,MSBNK-Eawag-EQ01101452.txt,PYNXFZCZUAOOQC,PYNXFZCZUAOOQC,2024.11,NEGATIVE,[M-H]-,30.0,R1,ion_mode=NEGATIVE precursor_type=[M-H]-
MSBNK-Eawag-EQ01101453,MSBNK-Eawag-EQ01101453.txt,PYNXFZCZUAOOQC,PYNXFZCZUAOOQC,2024.11,NEGATIVE,[M-H]-,45.0,R1,ion_mode=NEGATIVE precursor_type=[M-H]-
MSBNK-Eawag-EQ01101454,MSBNK-Eawag-EQ01101454.txt,PYNXFZCZUAOOQC,PYNXFZCZUAOOQC,2024.11,NEGATIVE,[M-H]-,60.0,R1,ion_mode=NEGATIVE precursor_type=[M-H]-
MSBNK-Eawag-EQ01101455,MSBNK-Eawag-EQ01101455.txt,PYNXFZCZUAOOQC,PYNXFZCZUAOOQC,2024.11,NEGATIVE,[M-H]-,75.0,R1,ion_mode=NEGATIVE precursor_type=[M-H]-
MSBNK-Eawag-EQ01101456,MSBNK-Eawag-EQ01101456.txt,PYNXFZCZUAOOQC,PYNXFZCZUAOOQC,2024.11,NEGATIVE,[M-H]-,90.0,R1,ion_mode=NEGATIVE precursor_type=[M-H]-
MSBNK-Eawag-EQ01101457,MSBNK-Eawag-EQ01101457.txt,PYNXFZCZUAOOQC,PYNXFZCZUAOOQC,2024.11,NEGATIVE,[M-H]-,120.0,R1,ion_mode=NEGATIVE precursor_type=[M-H]-
MSBNK-Eawag-EQ01101751,MSBNK-Eawag-EQ01101751.txt,IMOZEMNVLZVGJZ,IMOZEMNVLZVGJZ,2024.11,NEGATIVE,[M-H]-,15.0,R1,ion_mode=NEGATIVE precursor_type=[M-H]-
MSBNK-Eawag-EQ01101752,MSBNK-Eawag-EQ01101752.txt,IMOZEMNVLZVGJZ,IMOZEMNVLZVGJZ,2024.11,NEGATIVE,[M-H]-,30.0,R1,ion_mode=NEGATIVE precursor_type=[M-H]-
MSBNK-Eawag-EQ01101753,MSBNK-Eawag-EQ01101753.txt,IMOZEMNVLZVGJZ,IMOZEMNVLZVGJZ,2024.11,NEGATIVE,[M-H]-,45.0,R1,ion_mode=NEGATIVE precursor_type=[M-H]-
MSBNK-Eawag-EQ01101754,MSBNK-Eawag-EQ01101754.txt,IMOZEMNVLZVGJZ,IMOZEMNVLZVGJZ,2024.11,NEGATIVE,[M-H]-,60.0,R1,ion_mode=NEGATIVE precursor_type=[M-H]-
MSBNK-Eawag-EQ01101755,MSBNK-Eawag-EQ01101755.txt,IMOZEMNVLZVGJZ,IMOZEMNVLZVGJZ,2024.11,NEGATIVE,[M-H]-,75.0,R1,ion_mode=NEGATIVE precursor_type=[M-H]-
MSBNK-Eawag-EQ01101756,MSBNK-Eawag-EQ01101756.txt,IMOZEMNVLZVGJZ,IMOZEMNVLZVGJZ,2024.11,NEGATIVE,[M-H]-,90.0,R1,ion_mode=NEGATIVE precursor_type=[M-H]-
MSBNK-Eawag-EQ01101757,MSBNK-Eawag-EQ01101757.txt,IMOZEMNVLZVGJZ,IMOZEMNVLZVGJZ,2024.11,NEGATIVE,[M-H]-,120.0,R1,ion_mode=NEGATIVE precursor_type=[M-H]-
MSBNK-Eawag-EQ01101801,MSBNK-Eawag-EQ01101801.txt,GZSOSUNBTXMUFQ,GZSOSUNBTXMUFQ,2024.11,POSITIVE,[M+H]+,15.0,R4,nce=15 not an adjudication cell (30 or 60)
MSBNK-Eawag-EQ01101802,MSBNK-Eawag-EQ01101802.txt,GZSOSUNBTXMUFQ,GZSOSUNBTXMUFQ,2024.11,POSITIVE,[M+H]+,30.0,R8,R8a: compound key in MassSpecGym 1.5 by the recorded InChIKey route
MSBNK-Eawag-EQ01101803,MSBNK-Eawag-EQ01101803.txt,GZSOSUNBTXMUFQ,GZSOSUNBTXMUFQ,2024.11,POSITIVE,[M+H]+,45.0,R4,nce=45 not an adjudication cell (30 or 60)
MSBNK-Eawag-EQ01101804,MSBNK-Eawag-EQ01101804.txt,GZSOSUNBTXMUFQ,GZSOSUNBTXMUFQ,2024.11,POSITIVE,[M+H]+,60.0,R8,R8a: compound key in MassSpecGym 1.5 by the recorded InChIKey route
MSBNK-Eawag-EQ01101805,MSBNK-Eawag-EQ01101805.txt,GZSOSUNBTXMUFQ,GZSOSUNBTXMUFQ,2024.11,POSITIVE,[M+H]+,75.0,R4,nce=75 not an adjudication cell (30 or 60)
MSBNK-Eawag-EQ01101806,MSBNK-Eawag-EQ01101806.txt,GZSOSUNBTXMUFQ,GZSOSUNBTXMUFQ,2024.11,POSITIVE,[M+H]+,90.0,R4,nce=90 not an adjudication cell (30 or 60)
MSBNK-Eawag-EQ01101807,MSBNK-Eawag-EQ01101807.txt,GZSOSUNBTXMUFQ,GZSOSUNBTXMUFQ,2024.11,POSITIVE,[M+H]+,120.0,R4,nce=120 not an adjudication cell (30 or 60)
MSBNK-Eawag-EQ01101851,MSBNK-Eawag-EQ01101851.txt,GZSOSUNBTXMUFQ,GZSOSUNBTXMUFQ,2024.11,NEGATIVE,[M-H]-,15.0,R1,ion_mode=NEGATIVE precursor_type=[M-H]-
MSBNK-Eawag-EQ01101852,MSBNK-Eawag-EQ01101852.txt,GZSOSUNBTXMUFQ,GZSOSUNBTXMUFQ,2024.11,NEGATIVE,[M-H]-,30.0,R1,ion_mode=NEGATIVE precursor_type=[M-H]-
MSBNK-Eawag-EQ01101853,MSBNK-Eawag-EQ01101853.txt,GZSOSUNBTXMUFQ,GZSOSUNBTXMUFQ,2024.11,NEGATIVE,[M-H]-,45.0,R1,ion_mode=NEGATIVE precursor_type=[M-H]-
MSBNK-Eawag-EQ01101854,MSBNK-Eawag-EQ01101854.txt,GZSOSUNBTXMUFQ,GZSOSUNBTXMUFQ,2024.11,NEGATIVE,[M-H]-,60.0,R1,ion_mode=NEGATIVE precursor_type=[M-H]-
MSBNK-Eawag-EQ01101855,MSBNK-Eawag-EQ01101855.txt,GZSOSUNBTXMUFQ,GZSOSUNBTXMUFQ,2024.11,NEGATIVE,[M-H]-,75.0,R1,ion_mode=NEGATIVE precursor_type=[M-H]-
MSBNK-Eawag-EQ01101856,MSBNK-Eawag-EQ01101856.txt,GZSOSUNBTXMUFQ,GZSOSUNBTXMUFQ,2024.11,NEGATIVE,[M-H]-,90.0,R1,ion_mode=NEGATIVE precursor_type=[M-H]-
MSBNK-Eawag-EQ01101857,MSBNK-Eawag-EQ01101857.txt,GZSOSUNBTXMUFQ,GZSOSUNBTXMUFQ,2024.11,NEGATIVE,[M-H]-,120.0,R1,ion_mode=NEGATIVE precursor_type=[M-H]-
MSBNK-Eawag-EQ01101951,MSBNK-Eawag-EQ01101951.txt,IRSCQMHQWWYFCW,IRSCQMHQWWYFCW,2024.11,NEGATIVE,[M-H]-,15.0,R1,ion_mode=NEGATIVE precursor_type=[M-H]-
MSBNK-Eawag-EQ01101952,MSBNK-Eawag-EQ01101952.txt,IRSCQMHQWWYFCW,IRSCQMHQWWYFCW,2024.11,NEGATIVE,[M-H]-,30.0,R1,ion_mode=NEGATIVE precursor_type=[M-H]-
MSBNK-Eawag-EQ01101953,MSBNK-Eawag-EQ01101953.txt,IRSCQMHQWWYFCW,IRSCQMHQWWYFCW,2024.11,NEGATIVE,[M-H]-,45.0,R1,ion_mode=NEGATIVE precursor_type=[M-H]-
MSBNK-Eawag-EQ01101954,MSBNK-Eawag-EQ01101954.txt,IRSCQMHQWWYFCW,IRSCQMHQWWYFCW,2024.11,NEGATIVE,[M-H]-,60.0,R1,ion_mode=NEGATIVE precursor_type=[M-H]-
MSBNK-Eawag-EQ01101955,MSBNK-Eawag-EQ01101955.txt,IRSCQMHQWWYFCW,IRSCQMHQWWYFCW,2024.11,NEGATIVE,[M-H]-,75.0,R1,ion_mode=NEGATIVE precursor_type=[M-H]-
MSBNK-Eawag-EQ01101956,MSBNK-Eawag-EQ01101956.txt,IRSCQMHQWWYFCW,IRSCQMHQWWYFCW,2024.11,NEGATIVE,[M-H]-,90.0,R1,ion_mode=NEGATIVE precursor_type=[M-H]-
MSBNK-Eawag-EQ01101957,MSBNK-Eawag-EQ01101957.txt,IRSCQMHQWWYFCW,IRSCQMHQWWYFCW,2024.11,NEGATIVE,[M-H]-,120.0,R1,ion_mode=NEGATIVE precursor_type=[M-H]-
MSBNK-Eawag-EQ01102001,MSBNK-Eawag-EQ01102001.txt,JRURYQJSLYLRLN,JRURYQJSLYLRLN,2024.11,POSITIVE,[M+H]+,15.0,R4,nce=15 not an adjudication cell (30 or 60)
MSBNK-Eawag-EQ01102002,MSBNK-Eawag-EQ01102002.txt,JRURYQJSLYLRLN,JRURYQJSLYLRLN,2024.11,POSITIVE,[M+H]+,30.0,R8,R8a: compound key in MassSpecGym 1.5 by the recorded InChIKey route
MSBNK-Eawag-EQ01102004,MSBNK-Eawag-EQ01102004.txt,JRURYQJSLYLRLN,JRURYQJSLYLRLN,2024.11,POSITIVE,[M+H]+,60.0,R8,R8a: compound key in MassSpecGym 1.5 by the recorded InChIKey route
MSBNK-Eawag-EQ01102005,MSBNK-Eawag-EQ01102005.txt,JRURYQJSLYLRLN,JRURYQJSLYLRLN,2024.11,POSITIVE,[M+H]+,75.0,R4,nce=75 not an adjudication cell (30 or 60)
MSBNK-Eawag-EQ01102051,MSBNK-Eawag-EQ01102051.txt,JRURYQJSLYLRLN,JRURYQJSLYLRLN,2024.11,NEGATIVE,[M-H]-,15.0,R1,ion_mode=NEGATIVE precursor_type=[M-H]-
MSBNK-Eawag-EQ01102052,MSBNK-Eawag-EQ01102052.txt,JRURYQJSLYLRLN,JRURYQJSLYLRLN,2024.11,NEGATIVE,[M-H]-,30.0,R1,ion_mode=NEGATIVE precursor_type=[M-H]-
MSBNK-Eawag-EQ01102053,MSBNK-Eawag-EQ01102053.txt,JRURYQJSLYLRLN,JRURYQJSLYLRLN,2024.11,NEGATIVE,[M-H]-,45.0,R1,ion_mode=NEGATIVE precursor_type=[M-H]-
MSBNK-Eawag-EQ01102054,MSBNK-Eawag-EQ01102054.txt,JRURYQJSLYLRLN,JRURYQJSLYLRLN,2024.11,NEGATIVE,[M-H]-,60.0,R1,ion_mode=NEGATIVE precursor_type=[M-H]-
MSBNK-Eawag-EQ01102055,MSBNK-Eawag-EQ01102055.txt,JRURYQJSLYLRLN,JRURYQJSLYLRLN,2024.11,NEGATIVE,[M-H]-,75.0,R1,ion_mode=NEGATIVE precursor_type=[M-H]-
MSBNK-Eawag-EQ01102101,MSBNK-Eawag-EQ01102101.txt,JUZYLCPPVHEVSV,JUZYLCPPVHEVSV,2024.11,POSITIVE,[M+H]+,15.0,R4,nce=15 not an adjudication cell (30 or 60)
MSBNK-Eawag-EQ01102102,MSBNK-Eawag-EQ01102102.txt,JUZYLCPPVHEVSV,JUZYLCPPVHEVSV,2024.11,POSITIVE,[M+H]+,30.0,R8,R8a: compound key in MassSpecGym 1.5 by the recorded InChIKey route
MSBNK-Eawag-EQ01102103,MSBNK-Eawag-EQ01102103.txt,JUZYLCPPVHEVSV,JUZYLCPPVHEVSV,2024.11,POSITIVE,[M+H]+,45.0,R4,nce=45 not an adjudication cell (30 or 60)
MSBNK-Eawag-EQ01102104,MSBNK-Eawag-EQ01102104.txt,JUZYLCPPVHEVSV,JUZYLCPPVHEVSV,2024.11,POSITIVE,[M+H]+,60.0,R8,R8a: compound key in MassSpecGym 1.5 by the recorded InChIKey route
MSBNK-Eawag-EQ01102105,MSBNK-Eawag-EQ01102105.txt,JUZYLCPPVHEVSV,JUZYLCPPVHEVSV,2024.11,POSITIVE,[M+H]+,75.0,R4,nce=75 not an adjudication cell (30 or 60)
MSBNK-Eawag-EQ01102251,MSBNK-Eawag-EQ01102251.txt,BOVGTQGAOIONJV,BOVGTQGAOIONJV,2024.11,NEGATIVE,[M-H]-,15.0,R1,ion_mode=NEGATIVE precursor_type=[M-H]-
MSBNK-Eawag-EQ01102252,MSBNK-Eawag-EQ01102252.txt,BOVGTQGAOIONJV,BOVGTQGAOIONJV,2024.11,NEGATIVE,[M-H]-,30.0,R1,ion_mode=NEGATIVE precursor_type=[M-H]-
MSBNK-Eawag-EQ01102253,MSBNK-Eawag-EQ01102253.txt,BOVGTQGAOIONJV,BOVGTQGAOIONJV,2024.11,NEGATIVE,[M-H]-,45.0,R1,ion_mode=NEGATIVE precursor_type=[M-H]-
MSBNK-Eawag-EQ01102254,MSBNK-Eawag-EQ01102254.txt,BOVGTQGAOIONJV,BOVGTQGAOIONJV,2024.11,NEGATIVE,[M-H]-,60.0,R1,ion_mode=NEGATIVE precursor_type=[M-H]-
MSBNK-Eawag-EQ01102255,MSBNK-Eawag-EQ01102255.txt,BOVGTQGAOIONJV,BOVGTQGAOIONJV,2024.11,NEGATIVE,[M-H]-,75.0,R1,ion_mode=NEGATIVE precursor_type=[M-H]-
MSBNK-Eawag-EQ01102256,MSBNK-Eawag-EQ01102256.txt,BOVGTQGAOIONJV,BOVGTQGAOIONJV,2024.11,NEGATIVE,[M-H]-,90.0,R1,ion_mode=NEGATIVE precursor_type=[M-H]-
MSBNK-Eawag-EQ01102257,MSBNK-Eawag-EQ01102257.txt,BOVGTQGAOIONJV,BOVGTQGAOIONJV,2024.11,NEGATIVE,[M-H]-,120.0,R1,ion_mode=NEGATIVE precursor_type=[M-H]-
MSBNK-Eawag-EQ01102301,MSBNK-Eawag-EQ01102301.txt,DRLFMBDRBRZALE,DRLFMBDRBRZALE,2024.11,POSITIVE,[M+H]+,15.0,R4,nce=15 not an adjudication cell (30 or 60)
MSBNK-Eawag-EQ01102302,MSBNK-Eawag-EQ01102302.txt,DRLFMBDRBRZALE,DRLFMBDRBRZALE,2024.11,POSITIVE,[M+H]+,20.0,R4,nce=20 not an adjudication cell (30 or 60)
MSBNK-Eawag-EQ01102303,MSBNK-Eawag-EQ01102303.txt,DRLFMBDRBRZALE,DRLFMBDRBRZALE,2024.11,POSITIVE,[M+H]+,25.0,R4,nce=25 not an adjudication cell (30 or 60)
MSBNK-Eawag-EQ01102304,MSBNK-Eawag-EQ01102304.txt,DRLFMBDRBRZALE,DRLFMBDRBRZALE,2024.11,POSITIVE,[M+H]+,30.0,R8,R8a: compound key in MassSpecGym 1.5 by the recorded InChIKey route
MSBNK-Eawag-EQ01102305,MSBNK-Eawag-EQ01102305.txt,DRLFMBDRBRZALE,DRLFMBDRBRZALE,2024.11,POSITIVE,[M+H]+,40.0,R4,nce=40 not an adjudication cell (30 or 60)
MSBNK-Eawag-EQ01102306,MSBNK-Eawag-EQ01102306.txt,DRLFMBDRBRZALE,DRLFMBDRBRZALE,2024.11,POSITIVE,[M+H]+,50.0,R4,nce=50 not an adjudication cell (30 or 60)
MSBNK-Eawag-EQ01102307,MSBNK-Eawag-EQ01102307.txt,DRLFMBDRBRZALE,DRLFMBDRBRZALE,2024.11,POSITIVE,[M+H]+,60.0,R8,R8a: compound key in MassSpecGym 1.5 by the recorded InChIKey route
MSBNK-Eawag-EQ01102308,MSBNK-Eawag-EQ01102308.txt,DRLFMBDRBRZALE,DRLFMBDRBRZALE,2024.11,POSITIVE,[M+H]+,70.0,R4,nce=70 not an adjudication cell (30 or 60)
MSBNK-Eawag-EQ01102309,MSBNK-Eawag-EQ01102309.txt,DRLFMBDRBRZALE,DRLFMBDRBRZALE,2024.11,POSITIVE,[M+H]+,80.0,R4,nce=80 not an adjudication cell (30 or 60)
MSBNK-Eawag-EQ01103001,MSBNK-Eawag-EQ01103001.txt,HJBWBFZLDZWPHF,HJBWBFZLDZWPHF,2024.11,POSITIVE,[M+H]+,15.0,R4,nce=15 not an adjudication cell (30 or 60)
MSBNK-Eawag-EQ01103003,MSBNK-Eawag-EQ01103003.txt,HJBWBFZLDZWPHF,HJBWBFZLDZWPHF,2024.11,POSITIVE,[M+H]+,45.0,R4,nce=45 not an adjudication cell (30 or 60)
MSBNK-Eawag-EQ01103004,MSBNK-Eawag-EQ01103004.txt,HJBWBFZLDZWPHF,HJBWBFZLDZWPHF,2024.11,POSITIVE,[M+H]+,60.0,R8,R8d: compound in the MURU exposure registry
MSBNK-Eawag-EQ01103005,MSBNK-Eawag-EQ01103005.txt,HJBWBFZLDZWPHF,HJBWBFZLDZWPHF,2024.11,POSITIVE,[M+H]+,75.0,R4,nce=75 not an adjudication cell (30 or 60)
MSBNK-Eawag-EQ01103051,MSBNK-Eawag-EQ01103051.txt,HJBWBFZLDZWPHF,HJBWBFZLDZWPHF,2024.11,NEGATIVE,[M-H]-,15.0,R1,ion_mode=NEGATIVE precursor_type=[M-H]-
MSBNK-Eawag-EQ01103052,MSBNK-Eawag-EQ01103052.txt,HJBWBFZLDZWPHF,HJBWBFZLDZWPHF,2024.11,NEGATIVE,[M-H]-,30.0,R1,ion_mode=NEGATIVE precursor_type=[M-H]-
MSBNK-Eawag-EQ01103053,MSBNK-Eawag-EQ01103053.txt,HJBWBFZLDZWPHF,HJBWBFZLDZWPHF,2024.11,NEGATIVE,[M-H]-,45.0,R1,ion_mode=NEGATIVE precursor_type=[M-H]-
MSBNK-Eawag-EQ01103054,MSBNK-Eawag-EQ01103054.txt,HJBWBFZLDZWPHF,HJBWBFZLDZWPHF,2024.11,NEGATIVE,[M-H]-,60.0,R1,ion_mode=NEGATIVE precursor_type=[M-H]-
MSBNK-Eawag-EQ01103055,MSBNK-Eawag-EQ01103055.txt,HJBWBFZLDZWPHF,HJBWBFZLDZWPHF,2024.11,NEGATIVE,[M-H]-,75.0,R1,ion_mode=NEGATIVE precursor_type=[M-H]-
MSBNK-Eawag-EQ01103056,MSBNK-Eawag-EQ01103056.txt,HJBWBFZLDZWPHF,HJBWBFZLDZWPHF,2024.11,NEGATIVE,[M-H]-,90.0,R1,ion_mode=NEGATIVE precursor_type=[M-H]-
MSBNK-Eawag-EQ01104101,MSBNK-Eawag-EQ01104101.txt,WXCXUHSOUPDCQV,WXCXUHSOUPDCQV,2024.11,POSITIVE,[M+H]+,15.0,R4,nce=15 not an adjudication cell (30 or 60)
MSBNK-Eawag-EQ01104102,MSBNK-Eawag-EQ01104102.txt,WXCXUHSOUPDCQV,WXCXUHSOUPDCQV,2024.11,POSITIVE,[M+H]+,30.0,R8,R8a: compound key in MassSpecGym 1.5 by the recorded InChIKey route
MSBNK-Eawag-EQ01104103,MSBNK-Eawag-EQ01104103.txt,WXCXUHSOUPDCQV,WXCXUHSOUPDCQV,2024.11,POSITIVE,[M+H]+,45.0,R4,nce=45 not an adjudication cell (30 or 60)
MSBNK-Eawag-EQ01104104,MSBNK-Eawag-EQ01104104.txt,WXCXUHSOUPDCQV,WXCXUHSOUPDCQV,2024.11,POSITIVE,[M+H]+,60.0,R8,R8a: compound key in MassSpecGym 1.5 by the recorded InChIKey route
MSBNK-Eawag-EQ01104105,MSBNK-Eawag-EQ01104105.txt,WXCXUHSOUPDCQV,WXCXUHSOUPDCQV,2024.11,POSITIVE,[M+H]+,75.0,R4,nce=75 not an adjudication cell (30 or 60)
MSBNK-Eawag-EQ01104107,MSBNK-Eawag-EQ01104107.txt,WXCXUHSOUPDCQV,WXCXUHSOUPDCQV,2024.11,POSITIVE,[M+H]+,120.0,R4,nce=120 not an adjudication cell (30 or 60)
MSBNK-Eawag-EQ01104151,MSBNK-Eawag-EQ01104151.txt,WXCXUHSOUPDCQV,WXCXUHSOUPDCQV,2024.11,NEGATIVE,[M-H]-,15.0,R1,ion_mode=NEGATIVE precursor_type=[M-H]-
MSBNK-Eawag-EQ01104152,MSBNK-Eawag-EQ01104152.txt,WXCXUHSOUPDCQV,WXCXUHSOUPDCQV,2024.11,NEGATIVE,[M-H]-,30.0,R1,ion_mode=NEGATIVE precursor_type=[M-H]-
MSBNK-Eawag-EQ01104153,MSBNK-Eawag-EQ01104153.txt,WXCXUHSOUPDCQV,WXCXUHSOUPDCQV,2024.11,NEGATIVE,[M-H]-,45.0,R1,ion_mode=NEGATIVE precursor_type=[M-H]-
MSBNK-Eawag-EQ01104154,MSBNK-Eawag-EQ01104154.txt,WXCXUHSOUPDCQV,WXCXUHSOUPDCQV,2024.11,NEGATIVE,[M-H]-,60.0,R1,ion_mode=NEGATIVE precursor_type=[M-H]-
MSBNK-Eawag-EQ01104201,MSBNK-Eawag-EQ01104201.txt,QNZCBYKSOIHPEH,QNZCBYKSOIHPEH,2024.11,POSITIVE,[M+H]+,15.0,R4,nce=15 not an adjudication cell (30 or 60)
MSBNK-Eawag-EQ01104202,MSBNK-Eawag-EQ01104202.txt,QNZCBYKSOIHPEH,QNZCBYKSOIHPEH,2024.11,POSITIVE,[M+H]+,30.0,R8,R8a: compound key in MassSpecGym 1.5 by the recorded InChIKey route
MSBNK-Eawag-EQ01104203,MSBNK-Eawag-EQ01104203.txt,QNZCBYKSOIHPEH,QNZCBYKSOIHPEH,2024.11,POSITIVE,[M+H]+,45.0,R4,nce=45 not an adjudication cell (30 or 60)
MSBNK-Eawag-EQ01104204,MSBNK-Eawag-EQ01104204.txt,QNZCBYKSOIHPEH,QNZCBYKSOIHPEH,2024.11,POSITIVE,[M+H]+,60.0,R8,R8a: compound key in MassSpecGym 1.5 by the recorded InChIKey route
MSBNK-Eawag-EQ01104205,MSBNK-Eawag-EQ01104205.txt,QNZCBYKSOIHPEH,QNZCBYKSOIHPEH,2024.11,POSITIVE,[M+H]+,75.0,R4,nce=75 not an adjudication cell (30 or 60)
MSBNK-Eawag-EQ01104207,MSBNK-Eawag-EQ01104207.txt,QNZCBYKSOIHPEH,QNZCBYKSOIHPEH,2024.11,POSITIVE,[M+H]+,120.0,R4,nce=120 not an adjudication cell (30 or 60)
MSBNK-Eawag-EQ01107101,MSBNK-Eawag-EQ01107101.txt,XFHJDMUEHUHAJW,XFHJDMUEHUHAJW,2024.11,POSITIVE,[M+H]+,15.0,R4,nce=15 not an adjudication cell (30 or 60)
MSBNK-Eawag-EQ01107102,MSBNK-Eawag-EQ01107102.txt,XFHJDMUEHUHAJW,XFHJDMUEHUHAJW,2024.11,POSITIVE,[M+H]+,30.0,PASS,eligible
MSBNK-Eawag-EQ01107103,MSBNK-Eawag-EQ01107103.txt,XFHJDMUEHUHAJW,XFHJDMUEHUHAJW,2024.11,POSITIVE,[M+H]+,45.0,R4,nce=45 not an adjudication cell (30 or 60)
MSBNK-Eawag-EQ01107104,MSBNK-Eawag-EQ01107104.txt,XFHJDMUEHUHAJW,XFHJDMUEHUHAJW,2024.11,POSITIVE,[M+H]+,60.0,PASS,eligible
MSBNK-Eawag-EQ01107105,MSBNK-Eawag-EQ01107105.txt,XFHJDMUEHUHAJW,XFHJDMUEHUHAJW,2024.11,POSITIVE,[M+H]+,75.0,R4,nce=75 not an adjudication cell (30 or 60)
MSBNK-Eawag-EQ01107106,MSBNK-Eawag-EQ01107106.txt,XFHJDMUEHUHAJW,XFHJDMUEHUHAJW,2024.11,POSITIVE,[M+H]+,90.0,R4,nce=90 not an adjudication cell (30 or 60)
MSBNK-Eawag-EQ01107107,MSBNK-Eawag-EQ01107107.txt,XFHJDMUEHUHAJW,XFHJDMUEHUHAJW,2024.11,POSITIVE,[M+H]+,120.0,R4,nce=120 not an adjudication cell (30 or 60)
MSBNK-Eawag-EQ01107108,MSBNK-Eawag-EQ01107108.txt,XFHJDMUEHUHAJW,XFHJDMUEHUHAJW,2024.11,POSITIVE,[M+H]+,150.0,R4,nce=150 not an adjudication cell (30 or 60)
MSBNK-Eawag-EQ01107109,MSBNK-Eawag-EQ01107109.txt,XFHJDMUEHUHAJW,XFHJDMUEHUHAJW,2024.11,POSITIVE,[M+H]+,180.0,R4,nce=180 not an adjudication cell (30 or 60)
MSBNK-Eawag-EQ01107201,MSBNK-Eawag-EQ01107201.txt,HLBLWEWZXPIGSM,HLBLWEWZXPIGSM,2024.11,POSITIVE,[M+H]+,15.0,R4,nce=15 not an adjudication cell (30 or 60)
MSBNK-Eawag-EQ01107202,MSBNK-Eawag-EQ01107202.txt,HLBLWEWZXPIGSM,HLBLWEWZXPIGSM,2024.11,POSITIVE,[M+H]+,30.0,R8,R8i: scaffold group guard: group in the MURU exposure registry
MSBNK-Eawag-EQ01107203,MSBNK-Eawag-EQ01107203.txt,HLBLWEWZXPIGSM,HLBLWEWZXPIGSM,2024.11,POSITIVE,[M+H]+,45.0,R4,nce=45 not an adjudication cell (30 or 60)
MSBNK-Eawag-EQ01107204,MSBNK-Eawag-EQ01107204.txt,HLBLWEWZXPIGSM,HLBLWEWZXPIGSM,2024.11,POSITIVE,[M+H]+,60.0,R8,R8i: scaffold group guard: group in the MURU exposure registry
MSBNK-Eawag-EQ01107205,MSBNK-Eawag-EQ01107205.txt,HLBLWEWZXPIGSM,HLBLWEWZXPIGSM,2024.11,POSITIVE,[M+H]+,75.0,R4,nce=75 not an adjudication cell (30 or 60)
MSBNK-Eawag-EQ01107206,MSBNK-Eawag-EQ01107206.txt,HLBLWEWZXPIGSM,HLBLWEWZXPIGSM,2024.11,POSITIVE,[M+H]+,90.0,R4,nce=90 not an adjudication cell (30 or 60)
MSBNK-Eawag-EQ01107207,MSBNK-Eawag-EQ01107207.txt,HLBLWEWZXPIGSM,HLBLWEWZXPIGSM,2024.11,POSITIVE,[M+H]+,120.0,R4,nce=120 not an adjudication cell (30 or 60)
MSBNK-Eawag-EQ01107208,MSBNK-Eawag-EQ01107208.txt,HLBLWEWZXPIGSM,HLBLWEWZXPIGSM,2024.11,POSITIVE,[M+H]+,150.0,R4,nce=150 not an adjudication cell (30 or 60)
MSBNK-Eawag-EQ01107209,MSBNK-Eawag-EQ01107209.txt,HLBLWEWZXPIGSM,HLBLWEWZXPIGSM,2024.11,POSITIVE,[M+H]+,180.0,R4,nce=180 not an adjudication cell (30 or 60)
MSBNK-Eawag-EQ01107301,MSBNK-Eawag-EQ01107301.txt,JBIJLHTVPXGSAM,JBIJLHTVPXGSAM,2024.11,POSITIVE,[M+H]+,15.0,R4,nce=15 not an adjudication cell (30 or 60)
MSBNK-Eawag-EQ01107302,MSBNK-Eawag-EQ01107302.txt,JBIJLHTVPXGSAM,JBIJLHTVPXGSAM,2024.11,POSITIVE,[M+H]+,30.0,R8,R8a: compound key in MassSpecGym 1.5 by the recorded InChIKey route
MSBNK-Eawag-EQ01107303,MSBNK-Eawag-EQ01107303.txt,JBIJLHTVPXGSAM,JBIJLHTVPXGSAM,2024.11,POSITIVE,[M+H]+,45.0,R4,nce=45 not an adjudication cell (30 or 60)
MSBNK-Eawag-EQ01107304,MSBNK-Eawag-EQ01107304.txt,JBIJLHTVPXGSAM,JBIJLHTVPXGSAM,2024.11,POSITIVE,[M+H]+,60.0,R8,R8a: compound key in MassSpecGym 1.5 by the recorded InChIKey route
MSBNK-Eawag-EQ01107305,MSBNK-Eawag-EQ01107305.txt,JBIJLHTVPXGSAM,JBIJLHTVPXGSAM,2024.11,POSITIVE,[M+H]+,75.0,R4,nce=75 not an adjudication cell (30 or 60)
MSBNK-Eawag-EQ01107306,MSBNK-Eawag-EQ01107306.txt,JBIJLHTVPXGSAM,JBIJLHTVPXGSAM,2024.11,POSITIVE,[M+H]+,90.0,R4,nce=90 not an adjudication cell (30 or 60)
MSBNK-Eawag-EQ01107501,MSBNK-Eawag-EQ01107501.txt,WYWZRNAHINYAEF,WYWZRNAHINYAEF,2024.11,POSITIVE,[M+H]+,15.0,R4,nce=15 not an adjudication cell (30 or 60)
MSBNK-Eawag-EQ01107502,MSBNK-Eawag-EQ01107502.txt,WYWZRNAHINYAEF,WYWZRNAHINYAEF,2024.11,POSITIVE,[M+H]+,30.0,R8,R8a: compound key in MassSpecGym 1.5 by the recorded InChIKey route
MSBNK-Eawag-EQ01107503,MSBNK-Eawag-EQ01107503.txt,WYWZRNAHINYAEF,WYWZRNAHINYAEF,2024.11,POSITIVE,[M+H]+,45.0,R4,nce=45 not an adjudication cell (30 or 60)
MSBNK-Eawag-EQ01107504,MSBNK-Eawag-EQ01107504.txt,WYWZRNAHINYAEF,WYWZRNAHINYAEF,2024.11,POSITIVE,[M+H]+,60.0,R8,R8a: compound key in MassSpecGym 1.5 by the recorded InChIKey route
MSBNK-Eawag-EQ01107505,MSBNK-Eawag-EQ01107505.txt,WYWZRNAHINYAEF,WYWZRNAHINYAEF,2024.11,POSITIVE,[M+H]+,75.0,R4,nce=75 not an adjudication cell (30 or 60)
MSBNK-Eawag-EQ01107506,MSBNK-Eawag-EQ01107506.txt,WYWZRNAHINYAEF,WYWZRNAHINYAEF,2024.11,POSITIVE,[M+H]+,90.0,R4,nce=90 not an adjudication cell (30 or 60)
MSBNK-Eawag-EQ01107507,MSBNK-Eawag-EQ01107507.txt,WYWZRNAHINYAEF,WYWZRNAHINYAEF,2024.11,POSITIVE,[M+H]+,120.0,R4,nce=120 not an adjudication cell (30 or 60)
MSBNK-Eawag-EQ01107508,MSBNK-Eawag-EQ01107508.txt,WYWZRNAHINYAEF,WYWZRNAHINYAEF,2024.11,POSITIVE,[M+H]+,150.0,R4,nce=150 not an adjudication cell (30 or 60)
MSBNK-Eawag-EQ01107509,MSBNK-Eawag-EQ01107509.txt,WYWZRNAHINYAEF,WYWZRNAHINYAEF,2024.11,POSITIVE,[M+H]+,180.0,R4,nce=180 not an adjudication cell (30 or 60)
MSBNK-Eawag-EQ01107701,MSBNK-Eawag-EQ01107701.txt,OUPZKGBUJRBPGC,OUPZKGBUJRBPGC,2024.11,POSITIVE,[M+H]+,15.0,R4,nce=15 not an adjudication cell (30 or 60)
MSBNK-Eawag-EQ01107702,MSBNK-Eawag-EQ01107702.txt,OUPZKGBUJRBPGC,OUPZKGBUJRBPGC,2024.11,POSITIVE,[M+H]+,30.0,R8,R8a: compound key in MassSpecGym 1.5 by the recorded InChIKey route
MSBNK-Eawag-EQ01107703,MSBNK-Eawag-EQ01107703.txt,OUPZKGBUJRBPGC,OUPZKGBUJRBPGC,2024.11,POSITIVE,[M+H]+,45.0,R4,nce=45 not an adjudication cell (30 or 60)
MSBNK-Eawag-EQ01107704,MSBNK-Eawag-EQ01107704.txt,OUPZKGBUJRBPGC,OUPZKGBUJRBPGC,2024.11,POSITIVE,[M+H]+,60.0,R8,R8a: compound key in MassSpecGym 1.5 by the recorded InChIKey route
MSBNK-Eawag-EQ01107705,MSBNK-Eawag-EQ01107705.txt,OUPZKGBUJRBPGC,OUPZKGBUJRBPGC,2024.11,POSITIVE,[M+H]+,75.0,R4,nce=75 not an adjudication cell (30 or 60)
MSBNK-Eawag-EQ01107706,MSBNK-Eawag-EQ01107706.txt,OUPZKGBUJRBPGC,OUPZKGBUJRBPGC,2024.11,POSITIVE,[M+H]+,90.0,R4,nce=90 not an adjudication cell (30 or 60)
MSBNK-Eawag-EQ01107707,MSBNK-Eawag-EQ01107707.txt,OUPZKGBUJRBPGC,OUPZKGBUJRBPGC,2024.11,POSITIVE,[M+H]+,120.0,R4,nce=120 not an adjudication cell (30 or 60)
MSBNK-Eawag-EQ01107708,MSBNK-Eawag-EQ01107708.txt,OUPZKGBUJRBPGC,OUPZKGBUJRBPGC,2024.11,POSITIVE,[M+H]+,150.0,R4,nce=150 not an adjudication cell (30 or 60)
MSBNK-Eawag-EQ01107709,MSBNK-Eawag-EQ01107709.txt,OUPZKGBUJRBPGC,OUPZKGBUJRBPGC,2024.11,POSITIVE,[M+H]+,180.0,R4,nce=180 not an adjudication cell (30 or 60)
MSBNK-Eawag-EQ01107901,MSBNK-Eawag-EQ01107901.txt,DZNJMLVCIZGWSC,DZNJMLVCIZGWSC,2024.11,POSITIVE,[M+H]+,15.0,R4,nce=15 not an adjudication cell (30 or 60)
MSBNK-Eawag-EQ01107902,MSBNK-Eawag-EQ01107902.txt,DZNJMLVCIZGWSC,DZNJMLVCIZGWSC,2024.11,POSITIVE,[M+H]+,30.0,R8,R8a: compound key in MassSpecGym 1.5 by the recorded InChIKey route
MSBNK-Eawag-EQ01107903,MSBNK-Eawag-EQ01107903.txt,DZNJMLVCIZGWSC,DZNJMLVCIZGWSC,2024.11,POSITIVE,[M+H]+,45.0,R4,nce=45 not an adjudication cell (30 or 60)
MSBNK-Eawag-EQ01107904,MSBNK-Eawag-EQ01107904.txt,DZNJMLVCIZGWSC,DZNJMLVCIZGWSC,2024.11,POSITIVE,[M+H]+,60.0,R8,R8a: compound key in MassSpecGym 1.5 by the recorded InChIKey route
MSBNK-Eawag-EQ01107905,MSBNK-Eawag-EQ01107905.txt,DZNJMLVCIZGWSC,DZNJMLVCIZGWSC,2024.11,POSITIVE,[M+H]+,75.0,R4,nce=75 not an adjudication cell (30 or 60)
MSBNK-Eawag-EQ01107906,MSBNK-Eawag-EQ01107906.txt,DZNJMLVCIZGWSC,DZNJMLVCIZGWSC,2024.11,POSITIVE,[M+H]+,90.0,R4,nce=90 not an adjudication cell (30 or 60)
MSBNK-Eawag-EQ01107907,MSBNK-Eawag-EQ01107907.txt,DZNJMLVCIZGWSC,DZNJMLVCIZGWSC,2024.11,POSITIVE,[M+H]+,120.0,R4,nce=120 not an adjudication cell (30 or 60)
MSBNK-Eawag-EQ01108101,MSBNK-Eawag-EQ01108101.txt,PXGZQGDTEZPERC,PXGZQGDTEZPERC,2024.11,POSITIVE,[M+H]+,15.0,R4,nce=15 not an adjudication cell (30 or 60)
MSBNK-Eawag-EQ01108102,MSBNK-Eawag-EQ01108102.txt,PXGZQGDTEZPERC,PXGZQGDTEZPERC,2024.11,POSITIVE,[M+H]+,30.0,R8,R8a: compound key in MassSpecGym 1.5 by the recorded InChIKey route
MSBNK-Eawag-EQ01108103,MSBNK-Eawag-EQ01108103.txt,PXGZQGDTEZPERC,PXGZQGDTEZPERC,2024.11,POSITIVE,[M+H]+,45.0,R4,nce=45 not an adjudication cell (30 or 60)
MSBNK-Eawag-EQ01108104,MSBNK-Eawag-EQ01108104.txt,PXGZQGDTEZPERC,PXGZQGDTEZPERC,2024.11,POSITIVE,[M+H]+,60.0,R8,R8a: compound key in MassSpecGym 1.5 by the recorded InChIKey route
MSBNK-Eawag-EQ01108105,MSBNK-Eawag-EQ01108105.txt,PXGZQGDTEZPERC,PXGZQGDTEZPERC,2024.11,POSITIVE,[M+H]+,75.0,R4,nce=75 not an adjudication cell (30 or 60)
MSBNK-Eawag-EQ01108106,MSBNK-Eawag-EQ01108106.txt,PXGZQGDTEZPERC,PXGZQGDTEZPERC,2024.11,POSITIVE,[M+H]+,90.0,R4,nce=90 not an adjudication cell (30 or 60)
MSBNK-Eawag-EQ01108107,MSBNK-Eawag-EQ01108107.txt,PXGZQGDTEZPERC,PXGZQGDTEZPERC,2024.11,POSITIVE,[M+H]+,120.0,R4,nce=120 not an adjudication cell (30 or 60)
MSBNK-Eawag-EQ01108108,MSBNK-Eawag-EQ01108108.txt,PXGZQGDTEZPERC,PXGZQGDTEZPERC,2024.11,POSITIVE,[M+H]+,150.0,R4,nce=150 not an adjudication cell (30 or 60)
MSBNK-Eawag-EQ01108109,MSBNK-Eawag-EQ01108109.txt,PXGZQGDTEZPERC,PXGZQGDTEZPERC,2024.11,POSITIVE,[M+H]+,180.0,R4,nce=180 not an adjudication cell (30 or 60)
MSBNK-Eawag-EQ01108151,MSBNK-Eawag-EQ01108151.txt,PXGZQGDTEZPERC,PXGZQGDTEZPERC,2024.11,NEGATIVE,[M-H]-,15.0,R1,ion_mode=NEGATIVE precursor_type=[M-H]-
MSBNK-Eawag-EQ01108152,MSBNK-Eawag-EQ01108152.txt,PXGZQGDTEZPERC,PXGZQGDTEZPERC,2024.11,NEGATIVE,[M-H]-,30.0,R1,ion_mode=NEGATIVE precursor_type=[M-H]-
MSBNK-Eawag-EQ01108153,MSBNK-Eawag-EQ01108153.txt,PXGZQGDTEZPERC,PXGZQGDTEZPERC,2024.11,NEGATIVE,[M-H]-,45.0,R1,ion_mode=NEGATIVE precursor_type=[M-H]-
MSBNK-Eawag-EQ01108154,MSBNK-Eawag-EQ01108154.txt,PXGZQGDTEZPERC,PXGZQGDTEZPERC,2024.11,NEGATIVE,[M-H]-,60.0,R1,ion_mode=NEGATIVE precursor_type=[M-H]-
MSBNK-Eawag-EQ01108155,MSBNK-Eawag-EQ01108155.txt,PXGZQGDTEZPERC,PXGZQGDTEZPERC,2024.11,NEGATIVE,[M-H]-,75.0,R1,ion_mode=NEGATIVE precursor_type=[M-H]-
MSBNK-Eawag-EQ01108156,MSBNK-Eawag-EQ01108156.txt,PXGZQGDTEZPERC,PXGZQGDTEZPERC,2024.11,NEGATIVE,[M-H]-,90.0,R1,ion_mode=NEGATIVE precursor_type=[M-H]-
MSBNK-Eawag-EQ01108201,MSBNK-Eawag-EQ01108201.txt,UHFFVFAKEGKNAQ,UHFFVFAKEGKNAQ,2024.11,POSITIVE,[M+H]+,15.0,R4,nce=15 not an adjudication cell (30 or 60)
MSBNK-Eawag-EQ01108202,MSBNK-Eawag-EQ01108202.txt,UHFFVFAKEGKNAQ,UHFFVFAKEGKNAQ,2024.11,POSITIVE,[M+H]+,30.0,R8,R8d: compound in the MURU exposure registry
MSBNK-Eawag-EQ01108203,MSBNK-Eawag-EQ01108203.txt,UHFFVFAKEGKNAQ,UHFFVFAKEGKNAQ,2024.11,POSITIVE,[M+H]+,45.0,R4,nce=45 not an adjudication cell (30 or 60)
MSBNK-Eawag-EQ01108204,MSBNK-Eawag-EQ01108204.txt,UHFFVFAKEGKNAQ,UHFFVFAKEGKNAQ,2024.11,POSITIVE,[M+H]+,60.0,R8,R8d: compound in the MURU exposure registry
MSBNK-Eawag-EQ01108205,MSBNK-Eawag-EQ01108205.txt,UHFFVFAKEGKNAQ,UHFFVFAKEGKNAQ,2024.11,POSITIVE,[M+H]+,75.0,R4,nce=75 not an adjudication cell (30 or 60)
MSBNK-Eawag-EQ01108206,MSBNK-Eawag-EQ01108206.txt,UHFFVFAKEGKNAQ,UHFFVFAKEGKNAQ,2024.11,POSITIVE,[M+H]+,90.0,R4,nce=90 not an adjudication cell (30 or 60)
MSBNK-Eawag-EQ01108207,MSBNK-Eawag-EQ01108207.txt,UHFFVFAKEGKNAQ,UHFFVFAKEGKNAQ,2024.11,POSITIVE,[M+H]+,120.0,R4,nce=120 not an adjudication cell (30 or 60)
MSBNK-Eawag-EQ01108208,MSBNK-Eawag-EQ01108208.txt,UHFFVFAKEGKNAQ,UHFFVFAKEGKNAQ,2024.11,POSITIVE,[M+H]+,150.0,R4,nce=150 not an adjudication cell (30 or 60)
MSBNK-Eawag-EQ01108209,MSBNK-Eawag-EQ01108209.txt,UHFFVFAKEGKNAQ,UHFFVFAKEGKNAQ,2024.11,POSITIVE,[M+H]+,180.0,R4,nce=180 not an adjudication cell (30 or 60)
MSBNK-Eawag-EQ01108301,MSBNK-Eawag-EQ01108301.txt,RAUWPNXIALNKQM,RAUWPNXIALNKQM,2024.11,POSITIVE,[M+H]+,15.0,R4,nce=15 not an adjudication cell (30 or 60)
MSBNK-Eawag-EQ01108302,MSBNK-Eawag-EQ01108302.txt,RAUWPNXIALNKQM,RAUWPNXIALNKQM,2024.11,POSITIVE,[M+H]+,30.0,R8,R8d: compound in the MURU exposure registry
MSBNK-Eawag-EQ01108303,MSBNK-Eawag-EQ01108303.txt,RAUWPNXIALNKQM,RAUWPNXIALNKQM,2024.11,POSITIVE,[M+H]+,45.0,R4,nce=45 not an adjudication cell (30 or 60)
MSBNK-Eawag-EQ01108304,MSBNK-Eawag-EQ01108304.txt,RAUWPNXIALNKQM,RAUWPNXIALNKQM,2024.11,POSITIVE,[M+H]+,60.0,R8,R8d: compound in the MURU exposure registry
MSBNK-Eawag-EQ01108305,MSBNK-Eawag-EQ01108305.txt,RAUWPNXIALNKQM,RAUWPNXIALNKQM,2024.11,POSITIVE,[M+H]+,75.0,R4,nce=75 not an adjudication cell (30 or 60)
MSBNK-Eawag-EQ01108306,MSBNK-Eawag-EQ01108306.txt,RAUWPNXIALNKQM,RAUWPNXIALNKQM,2024.11,POSITIVE,[M+H]+,90.0,R4,nce=90 not an adjudication cell (30 or 60)
MSBNK-Eawag-EQ01108307,MSBNK-Eawag-EQ01108307.txt,RAUWPNXIALNKQM,RAUWPNXIALNKQM,2024.11,POSITIVE,[M+H]+,120.0,R4,nce=120 not an adjudication cell (30 or 60)
MSBNK-Eawag-EQ01108308,MSBNK-Eawag-EQ01108308.txt,RAUWPNXIALNKQM,RAUWPNXIALNKQM,2024.11,POSITIVE,[M+H]+,150.0,R4,nce=150 not an adjudication cell (30 or 60)
MSBNK-Eawag-EQ01108309,MSBNK-Eawag-EQ01108309.txt,RAUWPNXIALNKQM,RAUWPNXIALNKQM,2024.11,POSITIVE,[M+H]+,180.0,R4,nce=180 not an adjudication cell (30 or 60)
MSBNK-Eawag-EQ01108351,MSBNK-Eawag-EQ01108351.txt,RAUWPNXIALNKQM,RAUWPNXIALNKQM,2024.11,NEGATIVE,[M-H]-,15.0,R1,ion_mode=NEGATIVE precursor_type=[M-H]-
MSBNK-Eawag-EQ01108352,MSBNK-Eawag-EQ01108352.txt,RAUWPNXIALNKQM,RAUWPNXIALNKQM,2024.11,NEGATIVE,[M-H]-,30.0,R1,ion_mode=NEGATIVE precursor_type=[M-H]-
MSBNK-Eawag-EQ01108353,MSBNK-Eawag-EQ01108353.txt,RAUWPNXIALNKQM,RAUWPNXIALNKQM,2024.11,NEGATIVE,[M-H]-,45.0,R1,ion_mode=NEGATIVE precursor_type=[M-H]-
MSBNK-Eawag-EQ01108354,MSBNK-Eawag-EQ01108354.txt,RAUWPNXIALNKQM,RAUWPNXIALNKQM,2024.11,NEGATIVE,[M-H]-,60.0,R1,ion_mode=NEGATIVE precursor_type=[M-H]-
MSBNK-Eawag-EQ01108355,MSBNK-Eawag-EQ01108355.txt,RAUWPNXIALNKQM,RAUWPNXIALNKQM,2024.11,NEGATIVE,[M-H]-,75.0,R1,ion_mode=NEGATIVE precursor_type=[M-H]-
MSBNK-Eawag-EQ01108356,MSBNK-Eawag-EQ01108356.txt,RAUWPNXIALNKQM,RAUWPNXIALNKQM,2024.11,NEGATIVE,[M-H]-,90.0,R1,ion_mode=NEGATIVE precursor_type=[M-H]-
MSBNK-Eawag-EQ01108357,MSBNK-Eawag-EQ01108357.txt,RAUWPNXIALNKQM,RAUWPNXIALNKQM,2024.11,NEGATIVE,[M-H]-,120.0,R1,ion_mode=NEGATIVE precursor_type=[M-H]-
MSBNK-Eawag-EQ01108358,MSBNK-Eawag-EQ01108358.txt,RAUWPNXIALNKQM,RAUWPNXIALNKQM,2024.11,NEGATIVE,[M-H]-,150.0,R1,ion_mode=NEGATIVE precursor_type=[M-H]-
MSBNK-Eawag-EQ01108359,MSBNK-Eawag-EQ01108359.txt,RAUWPNXIALNKQM,RAUWPNXIALNKQM,2024.11,NEGATIVE,[M-H]-,180.0,R1,ion_mode=NEGATIVE precursor_type=[M-H]-
MSBNK-Eawag-EQ01108401,MSBNK-Eawag-EQ01108401.txt,CZIHNRWJTSTCEX,CZIHNRWJTSTCEX,2024.11,POSITIVE,[M+H]+,15.0,R4,nce=15 not an adjudication cell (30 or 60)
MSBNK-Eawag-EQ01108402,MSBNK-Eawag-EQ01108402.txt,CZIHNRWJTSTCEX,CZIHNRWJTSTCEX,2024.11,POSITIVE,[M+H]+,30.0,R8,R8i: scaffold group guard: group in the MURU exposure registry
MSBNK-Eawag-EQ01108403,MSBNK-Eawag-EQ01108403.txt,CZIHNRWJTSTCEX,CZIHNRWJTSTCEX,2024.11,POSITIVE,[M+H]+,45.0,R4,nce=45 not an adjudication cell (30 or 60)
MSBNK-Eawag-EQ01108404,MSBNK-Eawag-EQ01108404.txt,CZIHNRWJTSTCEX,CZIHNRWJTSTCEX,2024.11,POSITIVE,[M+H]+,60.0,R8,R8i: scaffold group guard: group in the MURU exposure registry
MSBNK-Eawag-EQ01108405,MSBNK-Eawag-EQ01108405.txt,CZIHNRWJTSTCEX,CZIHNRWJTSTCEX,2024.11,POSITIVE,[M+H]+,75.0,R4,nce=75 not an adjudication cell (30 or 60)
MSBNK-Eawag-EQ01108406,MSBNK-Eawag-EQ01108406.txt,CZIHNRWJTSTCEX,CZIHNRWJTSTCEX,2024.11,POSITIVE,[M+H]+,90.0,R4,nce=90 not an adjudication cell (30 or 60)
MSBNK-Eawag-EQ01108407,MSBNK-Eawag-EQ01108407.txt,CZIHNRWJTSTCEX,CZIHNRWJTSTCEX,2024.11,POSITIVE,[M+H]+,120.0,R4,nce=120 not an adjudication cell (30 or 60)
MSBNK-Eawag-EQ01108408,MSBNK-Eawag-EQ01108408.txt,CZIHNRWJTSTCEX,CZIHNRWJTSTCEX,2024.11,POSITIVE,[M+H]+,150.0,R4,nce=150 not an adjudication cell (30 or 60)
MSBNK-Eawag-EQ01108409,MSBNK-Eawag-EQ01108409.txt,CZIHNRWJTSTCEX,CZIHNRWJTSTCEX,2024.11,POSITIVE,[M+H]+,180.0,R4,nce=180 not an adjudication cell (30 or 60)
MSBNK-Eawag-EQ01108451,MSBNK-Eawag-EQ01108451.txt,CZIHNRWJTSTCEX,CZIHNRWJTSTCEX,2024.11,NEGATIVE,[M-H]-,15.0,R1,ion_mode=NEGATIVE precursor_type=[M-H]-
MSBNK-Eawag-EQ01108452,MSBNK-Eawag-EQ01108452.txt,CZIHNRWJTSTCEX,CZIHNRWJTSTCEX,2024.11,NEGATIVE,[M-H]-,30.0,R1,ion_mode=NEGATIVE precursor_type=[M-H]-
MSBNK-Eawag-EQ01108453,MSBNK-Eawag-EQ01108453.txt,CZIHNRWJTSTCEX,CZIHNRWJTSTCEX,2024.11,NEGATIVE,[M-H]-,45.0,R1,ion_mode=NEGATIVE precursor_type=[M-H]-
MSBNK-Eawag-EQ01108454,MSBNK-Eawag-EQ01108454.txt,CZIHNRWJTSTCEX,CZIHNRWJTSTCEX,2024.11,NEGATIVE,[M-H]-,60.0,R1,ion_mode=NEGATIVE precursor_type=[M-H]-
MSBNK-Eawag-EQ01108455,MSBNK-Eawag-EQ01108455.txt,CZIHNRWJTSTCEX,CZIHNRWJTSTCEX,2024.11,NEGATIVE,[M-H]-,75.0,R1,ion_mode=NEGATIVE precursor_type=[M-H]-
MSBNK-Eawag-EQ01108456,MSBNK-Eawag-EQ01108456.txt,CZIHNRWJTSTCEX,CZIHNRWJTSTCEX,2024.11,NEGATIVE,[M-H]-,90.0,R1,ion_mode=NEGATIVE precursor_type=[M-H]-
MSBNK-Eawag-EQ01108651,MSBNK-Eawag-EQ01108651.txt,YEEZWCHGZNKEEK,YEEZWCHGZNKEEK,2024.11,NEGATIVE,[M-H]-,15.0,R1,ion_mode=NEGATIVE precursor_type=[M-H]-
MSBNK-Eawag-EQ01108652,MSBNK-Eawag-EQ01108652.txt,YEEZWCHGZNKEEK,YEEZWCHGZNKEEK,2024.11,NEGATIVE,[M-H]-,30.0,R1,ion_mode=NEGATIVE precursor_type=[M-H]-
MSBNK-Eawag-EQ01108653,MSBNK-Eawag-EQ01108653.txt,YEEZWCHGZNKEEK,YEEZWCHGZNKEEK,2024.11,NEGATIVE,[M-H]-,45.0,R1,ion_mode=NEGATIVE precursor_type=[M-H]-
MSBNK-Eawag-EQ01108654,MSBNK-Eawag-EQ01108654.txt,YEEZWCHGZNKEEK,YEEZWCHGZNKEEK,2024.11,NEGATIVE,[M-H]-,60.0,R1,ion_mode=NEGATIVE precursor_type=[M-H]-
MSBNK-Eawag-EQ01108655,MSBNK-Eawag-EQ01108655.txt,YEEZWCHGZNKEEK,YEEZWCHGZNKEEK,2024.11,NEGATIVE,[M-H]-,75.0,R1,ion_mode=NEGATIVE precursor_type=[M-H]-
MSBNK-Eawag-EQ01108656,MSBNK-Eawag-EQ01108656.txt,YEEZWCHGZNKEEK,YEEZWCHGZNKEEK,2024.11,NEGATIVE,[M-H]-,90.0,R1,ion_mode=NEGATIVE precursor_type=[M-H]-
MSBNK-Eawag-EQ01108657,MSBNK-Eawag-EQ01108657.txt,YEEZWCHGZNKEEK,YEEZWCHGZNKEEK,2024.11,NEGATIVE,[M-H]-,120.0,R1,ion_mode=NEGATIVE precursor_type=[M-H]-
MSBNK-Eawag-EQ01108658,MSBNK-Eawag-EQ01108658.txt,YEEZWCHGZNKEEK,YEEZWCHGZNKEEK,2024.11,NEGATIVE,[M-H]-,150.0,R1,ion_mode=NEGATIVE precursor_type=[M-H]-
MSBNK-Eawag-EQ01108659,MSBNK-Eawag-EQ01108659.txt,YEEZWCHGZNKEEK,YEEZWCHGZNKEEK,2024.11,NEGATIVE,[M-H]-,180.0,R1,ion_mode=NEGATIVE precursor_type=[M-H]-
MSBNK-Eawag-EQ01108701,MSBNK-Eawag-EQ01108701.txt,OOGJQPCLVADCPB,OOGJQPCLVADCPB,2024.11,POSITIVE,[M+H]+,15.0,R4,nce=15 not an adjudication cell (30 or 60)
MSBNK-Eawag-EQ01108702,MSBNK-Eawag-EQ01108702.txt,OOGJQPCLVADCPB,OOGJQPCLVADCPB,2024.11,POSITIVE,[M+H]+,30.0,R8,R8a: compound key in MassSpecGym 1.5 by the recorded InChIKey route
MSBNK-Eawag-EQ01108703,MSBNK-Eawag-EQ01108703.txt,OOGJQPCLVADCPB,OOGJQPCLVADCPB,2024.11,POSITIVE,[M+H]+,45.0,R4,nce=45 not an adjudication cell (30 or 60)
MSBNK-Eawag-EQ01108704,MSBNK-Eawag-EQ01108704.txt,OOGJQPCLVADCPB,OOGJQPCLVADCPB,2024.11,POSITIVE,[M+H]+,60.0,R8,R8a: compound key in MassSpecGym 1.5 by the recorded InChIKey route
MSBNK-Eawag-EQ01108705,MSBNK-Eawag-EQ01108705.txt,OOGJQPCLVADCPB,OOGJQPCLVADCPB,2024.11,POSITIVE,[M+H]+,75.0,R4,nce=75 not an adjudication cell (30 or 60)
MSBNK-Eawag-EQ01108706,MSBNK-Eawag-EQ01108706.txt,OOGJQPCLVADCPB,OOGJQPCLVADCPB,2024.11,POSITIVE,[M+H]+,90.0,R4,nce=90 not an adjudication cell (30 or 60)
MSBNK-Eawag-EQ01108707,MSBNK-Eawag-EQ01108707.txt,OOGJQPCLVADCPB,OOGJQPCLVADCPB,2024.11,POSITIVE,[M+H]+,120.0,R4,nce=120 not an adjudication cell (30 or 60)
MSBNK-Eawag-EQ01108708,MSBNK-Eawag-EQ01108708.txt,OOGJQPCLVADCPB,OOGJQPCLVADCPB,2024.11,POSITIVE,[M+H]+,150.0,R4,nce=150 not an adjudication cell (30 or 60)
MSBNK-Eawag-EQ01108709,MSBNK-Eawag-EQ01108709.txt,OOGJQPCLVADCPB,OOGJQPCLVADCPB,2024.11,POSITIVE,[M+H]+,180.0,R4,nce=180 not an adjudication cell (30 or 60)
MSBNK-Eawag-EQ01109101,MSBNK-Eawag-EQ01109101.txt,KAJICSGLHKRDLN,KAJICSGLHKRDLN,2024.11,POSITIVE,[M+H]+,15.0,R4,nce=15 not an adjudication cell (30 or 60)
MSBNK-Eawag-EQ01109102,MSBNK-Eawag-EQ01109102.txt,KAJICSGLHKRDLN,KAJICSGLHKRDLN,2024.11,POSITIVE,[M+H]+,30.0,R8,R8a: compound key in MassSpecGym 1.5 by the recorded InChIKey route
MSBNK-Eawag-EQ01109103,MSBNK-Eawag-EQ01109103.txt,KAJICSGLHKRDLN,KAJICSGLHKRDLN,2024.11,POSITIVE,[M+H]+,45.0,R4,nce=45 not an adjudication cell (30 or 60)
MSBNK-Eawag-EQ01109104,MSBNK-Eawag-EQ01109104.txt,KAJICSGLHKRDLN,KAJICSGLHKRDLN,2024.11,POSITIVE,[M+H]+,60.0,R8,R8a: compound key in MassSpecGym 1.5 by the recorded InChIKey route
MSBNK-Eawag-EQ01109105,MSBNK-Eawag-EQ01109105.txt,KAJICSGLHKRDLN,KAJICSGLHKRDLN,2024.11,POSITIVE,[M+H]+,75.0,R4,nce=75 not an adjudication cell (30 or 60)
MSBNK-Eawag-EQ01109106,MSBNK-Eawag-EQ01109106.txt,KAJICSGLHKRDLN,KAJICSGLHKRDLN,2024.11,POSITIVE,[M+H]+,90.0,R4,nce=90 not an adjudication cell (30 or 60)
MSBNK-Eawag-EQ01109107,MSBNK-Eawag-EQ01109107.txt,KAJICSGLHKRDLN,KAJICSGLHKRDLN,2024.11,POSITIVE,[M+H]+,120.0,R4,nce=120 not an adjudication cell (30 or 60)
MSBNK-Eawag-EQ01109108,MSBNK-Eawag-EQ01109108.txt,KAJICSGLHKRDLN,KAJICSGLHKRDLN,2024.11,POSITIVE,[M+H]+,150.0,R4,nce=150 not an adjudication cell (30 or 60)
MSBNK-Eawag-EQ01109109,MSBNK-Eawag-EQ01109109.txt,KAJICSGLHKRDLN,KAJICSGLHKRDLN,2024.11,POSITIVE,[M+H]+,180.0,R4,nce=180 not an adjudication cell (30 or 60)
MSBNK-Eawag-EQ01109201,MSBNK-Eawag-EQ01109201.txt,IAJNXBNRYMEYAZ,IAJNXBNRYMEYAZ,2024.11,POSITIVE,[M+H]+,15.0,R4,nce=15 not an adjudication cell (30 or 60)
MSBNK-Eawag-EQ01109202,MSBNK-Eawag-EQ01109202.txt,IAJNXBNRYMEYAZ,IAJNXBNRYMEYAZ,2024.11,POSITIVE,[M+H]+,30.0,R8,R8a: compound key in MassSpecGym 1.5 by the recorded InChIKey route
MSBNK-Eawag-EQ01109203,MSBNK-Eawag-EQ01109203.txt,IAJNXBNRYMEYAZ,IAJNXBNRYMEYAZ,2024.11,POSITIVE,[M+H]+,45.0,R4,nce=45 not an adjudication cell (30 or 60)
MSBNK-Eawag-EQ01109204,MSBNK-Eawag-EQ01109204.txt,IAJNXBNRYMEYAZ,IAJNXBNRYMEYAZ,2024.11,POSITIVE,[M+H]+,60.0,R8,R8a: compound key in MassSpecGym 1.5 by the recorded InChIKey route
MSBNK-Eawag-EQ01109205,MSBNK-Eawag-EQ01109205.txt,IAJNXBNRYMEYAZ,IAJNXBNRYMEYAZ,2024.11,POSITIVE,[M+H]+,75.0,R4,nce=75 not an adjudication cell (30 or 60)
MSBNK-Eawag-EQ01109206,MSBNK-Eawag-EQ01109206.txt,IAJNXBNRYMEYAZ,IAJNXBNRYMEYAZ,2024.11,POSITIVE,[M+H]+,90.0,R4,nce=90 not an adjudication cell (30 or 60)
MSBNK-Eawag-EQ01109207,MSBNK-Eawag-EQ01109207.txt,IAJNXBNRYMEYAZ,IAJNXBNRYMEYAZ,2024.11,POSITIVE,[M+H]+,120.0,R4,nce=120 not an adjudication cell (30 or 60)
MSBNK-Eawag-EQ01109401,MSBNK-Eawag-EQ01109401.txt,AOBIOSPNXBMOAT,AOBIOSPNXBMOAT,2024.11,POSITIVE,[M+H]+,15.0,R4,nce=15 not an adjudication cell (30 or 60)
MSBNK-Eawag-EQ01109402,MSBNK-Eawag-EQ01109402.txt,AOBIOSPNXBMOAT,AOBIOSPNXBMOAT,2024.11,POSITIVE,[M+H]+,30.0,PASS,eligible
MSBNK-Eawag-EQ01109403,MSBNK-Eawag-EQ01109403.txt,AOBIOSPNXBMOAT,AOBIOSPNXBMOAT,2024.11,POSITIVE,[M+H]+,45.0,R4,nce=45 not an adjudication cell (30 or 60)
MSBNK-Eawag-EQ01109404,MSBNK-Eawag-EQ01109404.txt,AOBIOSPNXBMOAT,AOBIOSPNXBMOAT,2024.11,POSITIVE,[M+H]+,60.0,PASS,eligible
MSBNK-Eawag-EQ01109405,MSBNK-Eawag-EQ01109405.txt,AOBIOSPNXBMOAT,AOBIOSPNXBMOAT,2024.11,POSITIVE,[M+H]+,75.0,R4,nce=75 not an adjudication cell (30 or 60)
MSBNK-Eawag-EQ01109501,MSBNK-Eawag-EQ01109501.txt,HHRACYLRBOUBKM,HHRACYLRBOUBKM,2024.11,POSITIVE,[M+H]+,15.0,R4,nce=15 not an adjudication cell (30 or 60)
MSBNK-Eawag-EQ01109502,MSBNK-Eawag-EQ01109502.txt,HHRACYLRBOUBKM,HHRACYLRBOUBKM,2024.11,POSITIVE,[M+H]+,30.0,PASS,eligible
MSBNK-Eawag-EQ01109503,MSBNK-Eawag-EQ01109503.txt,HHRACYLRBOUBKM,HHRACYLRBOUBKM,2024.11,POSITIVE,[M+H]+,45.0,R4,nce=45 not an adjudication cell (30 or 60)
MSBNK-Eawag-EQ01109504,MSBNK-Eawag-EQ01109504.txt,HHRACYLRBOUBKM,HHRACYLRBOUBKM,2024.11,POSITIVE,[M+H]+,60.0,PASS,eligible
MSBNK-Eawag-EQ01109505,MSBNK-Eawag-EQ01109505.txt,HHRACYLRBOUBKM,HHRACYLRBOUBKM,2024.11,POSITIVE,[M+H]+,75.0,R4,nce=75 not an adjudication cell (30 or 60)
MSBNK-Eawag-EQ01110001,MSBNK-Eawag-EQ01110001.txt,VUQUOGPMUUJORT,VUQUOGPMUUJORT,2024.11,POSITIVE,[M+H]+,15.0,R4,nce=15 not an adjudication cell (30 or 60)
MSBNK-Eawag-EQ01110002,MSBNK-Eawag-EQ01110002.txt,VUQUOGPMUUJORT,VUQUOGPMUUJORT,2024.11,POSITIVE,[M+H]+,30.0,R8,R8i: scaffold group guard: group in the MURU exposure registry
MSBNK-Eawag-EQ01110003,MSBNK-Eawag-EQ01110003.txt,VUQUOGPMUUJORT,VUQUOGPMUUJORT,2024.11,POSITIVE,[M+H]+,45.0,R4,nce=45 not an adjudication cell (30 or 60)
MSBNK-Eawag-EQ01110004,MSBNK-Eawag-EQ01110004.txt,VUQUOGPMUUJORT,VUQUOGPMUUJORT,2024.11,POSITIVE,[M+H]+,60.0,R8,R8i: scaffold group guard: group in the MURU exposure registry
MSBNK-Eawag-EQ01110005,MSBNK-Eawag-EQ01110005.txt,VUQUOGPMUUJORT,VUQUOGPMUUJORT,2024.11,POSITIVE,[M+H]+,75.0,R4,nce=75 not an adjudication cell (30 or 60)
MSBNK-Eawag-EQ01110006,MSBNK-Eawag-EQ01110006.txt,VUQUOGPMUUJORT,VUQUOGPMUUJORT,2024.11,POSITIVE,[M+H]+,90.0,R4,nce=90 not an adjudication cell (30 or 60)
MSBNK-Eawag-EQ01110007,MSBNK-Eawag-EQ01110007.txt,VUQUOGPMUUJORT,VUQUOGPMUUJORT,2024.11,POSITIVE,[M+H]+,120.0,R4,nce=120 not an adjudication cell (30 or 60)
MSBNK-Eawag-EQ01110008,MSBNK-Eawag-EQ01110008.txt,VUQUOGPMUUJORT,VUQUOGPMUUJORT,2024.11,POSITIVE,[M+H]+,150.0,R4,nce=150 not an adjudication cell (30 or 60)
MSBNK-Eawag-EQ01110009,MSBNK-Eawag-EQ01110009.txt,VUQUOGPMUUJORT,VUQUOGPMUUJORT,2024.11,POSITIVE,[M+H]+,180.0,R4,nce=180 not an adjudication cell (30 or 60)
MSBNK-Eawag-EQ01110301,MSBNK-Eawag-EQ01110301.txt,QRVYABWJVXXOTN,QRVYABWJVXXOTN,2024.11,POSITIVE,[M+H]+,15.0,R4,nce=15 not an adjudication cell (30 or 60)
MSBNK-Eawag-EQ01110302,MSBNK-Eawag-EQ01110302.txt,QRVYABWJVXXOTN,QRVYABWJVXXOTN,2024.11,POSITIVE,[M+H]+,30.0,R8,R8i: scaffold group guard: group in the MURU exposure registry
MSBNK-Eawag-EQ01110303,MSBNK-Eawag-EQ01110303.txt,QRVYABWJVXXOTN,QRVYABWJVXXOTN,2024.11,POSITIVE,[M+H]+,45.0,R4,nce=45 not an adjudication cell (30 or 60)
MSBNK-Eawag-EQ01110304,MSBNK-Eawag-EQ01110304.txt,QRVYABWJVXXOTN,QRVYABWJVXXOTN,2024.11,POSITIVE,[M+H]+,60.0,R8,R8i: scaffold group guard: group in the MURU exposure registry
MSBNK-Eawag-EQ01110305,MSBNK-Eawag-EQ01110305.txt,QRVYABWJVXXOTN,QRVYABWJVXXOTN,2024.11,POSITIVE,[M+H]+,75.0,R4,nce=75 not an adjudication cell (30 or 60)
MSBNK-Eawag-EQ01110306,MSBNK-Eawag-EQ01110306.txt,QRVYABWJVXXOTN,QRVYABWJVXXOTN,2024.11,POSITIVE,[M+H]+,90.0,R4,nce=90 not an adjudication cell (30 or 60)
MSBNK-Eawag-EQ01110307,MSBNK-Eawag-EQ01110307.txt,QRVYABWJVXXOTN,QRVYABWJVXXOTN,2024.11,POSITIVE,[M+H]+,120.0,R4,nce=120 not an adjudication cell (30 or 60)
MSBNK-Eawag-EQ01110308,MSBNK-Eawag-EQ01110308.txt,QRVYABWJVXXOTN,QRVYABWJVXXOTN,2024.11,POSITIVE,[M+H]+,150.0,R4,nce=150 not an adjudication cell (30 or 60)
MSBNK-Eawag-EQ01110309,MSBNK-Eawag-EQ01110309.txt,QRVYABWJVXXOTN,QRVYABWJVXXOTN,2024.11,POSITIVE,[M+H]+,180.0,R4,nce=180 not an adjudication cell (30 or 60)
MSBNK-Eawag-EQ01110601,MSBNK-Eawag-EQ01110601.txt,AVOLBYOSCILFLL,AVOLBYOSCILFLL,2024.11,POSITIVE,[M+H]+,15.0,R4,nce=15 not an adjudication cell (30 or 60)
MSBNK-Eawag-EQ01110602,MSBNK-Eawag-EQ01110602.txt,AVOLBYOSCILFLL,AVOLBYOSCILFLL,2024.11,POSITIVE,[M+H]+,30.0,R8,R8i: scaffold group guard: group in the MURU exposure registry
MSBNK-Eawag-EQ01110603,MSBNK-Eawag-EQ01110603.txt,AVOLBYOSCILFLL,AVOLBYOSCILFLL,2024.11,POSITIVE,[M+H]+,45.0,R4,nce=45 not an adjudication cell (30 or 60)
MSBNK-Eawag-EQ01110604,MSBNK-Eawag-EQ01110604.txt,AVOLBYOSCILFLL,AVOLBYOSCILFLL,2024.11,POSITIVE,[M+H]+,60.0,R8,R8i: scaffold group guard: group in the MURU exposure registry
MSBNK-Eawag-EQ01110605,MSBNK-Eawag-EQ01110605.txt,AVOLBYOSCILFLL,AVOLBYOSCILFLL,2024.11,POSITIVE,[M+H]+,75.0,R4,nce=75 not an adjudication cell (30 or 60)
MSBNK-Eawag-EQ01110606,MSBNK-Eawag-EQ01110606.txt,AVOLBYOSCILFLL,AVOLBYOSCILFLL,2024.11,POSITIVE,[M+H]+,90.0,R4,nce=90 not an adjudication cell (30 or 60)
MSBNK-Eawag-EQ01110607,MSBNK-Eawag-EQ01110607.txt,AVOLBYOSCILFLL,AVOLBYOSCILFLL,2024.11,POSITIVE,[M+H]+,120.0,R4,nce=120 not an adjudication cell (30 or 60)
MSBNK-Eawag-EQ01110608,MSBNK-Eawag-EQ01110608.txt,AVOLBYOSCILFLL,AVOLBYOSCILFLL,2024.11,POSITIVE,[M+H]+,150.0,R4,nce=150 not an adjudication cell (30 or 60)
MSBNK-Eawag-EQ01110609,MSBNK-Eawag-EQ01110609.txt,AVOLBYOSCILFLL,AVOLBYOSCILFLL,2024.11,POSITIVE,[M+H]+,180.0,R4,nce=180 not an adjudication cell (30 or 60)
MSBNK-Eawag-EQ01111801,MSBNK-Eawag-EQ01111801.txt,MBABOKRGFJTBAE,MBABOKRGFJTBAE,2024.11,POSITIVE,[M+H]+,15.0,R4,nce=15 not an adjudication cell (30 or 60)
MSBNK-Eawag-EQ01111802,MSBNK-Eawag-EQ01111802.txt,MBABOKRGFJTBAE,MBABOKRGFJTBAE,2024.11,POSITIVE,[M+H]+,30.0,PASS,eligible
MSBNK-Eawag-EQ01111803,MSBNK-Eawag-EQ01111803.txt,MBABOKRGFJTBAE,MBABOKRGFJTBAE,2024.11,POSITIVE,[M+H]+,45.0,R4,nce=45 not an adjudication cell (30 or 60)
MSBNK-Eawag-EQ01111804,MSBNK-Eawag-EQ01111804.txt,MBABOKRGFJTBAE,MBABOKRGFJTBAE,2024.11,POSITIVE,[M+H]+,60.0,PASS,eligible
MSBNK-Eawag-EQ01111805,MSBNK-Eawag-EQ01111805.txt,MBABOKRGFJTBAE,MBABOKRGFJTBAE,2024.11,POSITIVE,[M+H]+,75.0,R4,nce=75 not an adjudication cell (30 or 60)
MSBNK-Eawag-EQ01111806,MSBNK-Eawag-EQ01111806.txt,MBABOKRGFJTBAE,MBABOKRGFJTBAE,2024.11,POSITIVE,[M+H]+,90.0,R4,nce=90 not an adjudication cell (30 or 60)
MSBNK-Eawag-EQ01115501,MSBNK-Eawag-EQ01115501.txt,ZIUHHBKFKCYYJD,ZIUHHBKFKCYYJD,2024.11,POSITIVE,[M+H]+,15.0,R4,nce=15 not an adjudication cell (30 or 60)
MSBNK-Eawag-EQ01115502,MSBNK-Eawag-EQ01115502.txt,ZIUHHBKFKCYYJD,ZIUHHBKFKCYYJD,2024.11,POSITIVE,[M+H]+,20.0,R4,nce=20 not an adjudication cell (30 or 60)
MSBNK-Eawag-EQ01115503,MSBNK-Eawag-EQ01115503.txt,ZIUHHBKFKCYYJD,ZIUHHBKFKCYYJD,2024.11,POSITIVE,[M+H]+,25.0,R4,nce=25 not an adjudication cell (30 or 60)
MSBNK-Eawag-EQ01115504,MSBNK-Eawag-EQ01115504.txt,ZIUHHBKFKCYYJD,ZIUHHBKFKCYYJD,2024.11,POSITIVE,[M+H]+,30.0,PASS,eligible
MSBNK-Eawag-EQ01115505,MSBNK-Eawag-EQ01115505.txt,ZIUHHBKFKCYYJD,ZIUHHBKFKCYYJD,2024.11,POSITIVE,[M+H]+,40.0,R4,nce=40 not an adjudication cell (30 or 60)
MSBNK-Eawag-EQ01115506,MSBNK-Eawag-EQ01115506.txt,ZIUHHBKFKCYYJD,ZIUHHBKFKCYYJD,2024.11,POSITIVE,[M+H]+,50.0,R4,nce=50 not an adjudication cell (30 or 60)
MSBNK-Eawag-EQ01115507,MSBNK-Eawag-EQ01115507.txt,ZIUHHBKFKCYYJD,ZIUHHBKFKCYYJD,2024.11,POSITIVE,[M+H]+,60.0,PASS,eligible
MSBNK-Eawag-EQ01115508,MSBNK-Eawag-EQ01115508.txt,ZIUHHBKFKCYYJD,ZIUHHBKFKCYYJD,2024.11,POSITIVE,[M+H]+,70.0,R4,nce=70 not an adjudication cell (30 or 60)
MSBNK-Eawag-EQ01115509,MSBNK-Eawag-EQ01115509.txt,ZIUHHBKFKCYYJD,ZIUHHBKFKCYYJD,2024.11,POSITIVE,[M+H]+,80.0,R4,nce=80 not an adjudication cell (30 or 60)
MSBNK-Eawag-EQ01115601,MSBNK-Eawag-EQ01115601.txt,KUAUJXBLDYVELT,KUAUJXBLDYVELT,2024.11,POSITIVE,[M+H]+,15.0,R4,nce=15 not an adjudication cell (30 or 60)
MSBNK-Eawag-EQ01115602,MSBNK-Eawag-EQ01115602.txt,KUAUJXBLDYVELT,KUAUJXBLDYVELT,2024.11,POSITIVE,[M+H]+,20.0,R4,nce=20 not an adjudication cell (30 or 60)
MSBNK-Eawag-EQ01115603,MSBNK-Eawag-EQ01115603.txt,KUAUJXBLDYVELT,KUAUJXBLDYVELT,2024.11,POSITIVE,[M+H]+,25.0,R4,nce=25 not an adjudication cell (30 or 60)
MSBNK-Eawag-EQ01115604,MSBNK-Eawag-EQ01115604.txt,KUAUJXBLDYVELT,KUAUJXBLDYVELT,2024.11,POSITIVE,[M+H]+,30.0,PASS,eligible
MSBNK-Eawag-EQ01115605,MSBNK-Eawag-EQ01115605.txt,KUAUJXBLDYVELT,KUAUJXBLDYVELT,2024.11,POSITIVE,[M+H]+,40.0,R4,nce=40 not an adjudication cell (30 or 60)
MSBNK-Eawag-EQ01115606,MSBNK-Eawag-EQ01115606.txt,KUAUJXBLDYVELT,KUAUJXBLDYVELT,2024.11,POSITIVE,[M+H]+,50.0,R4,nce=50 not an adjudication cell (30 or 60)
MSBNK-Eawag-EQ01115607,MSBNK-Eawag-EQ01115607.txt,KUAUJXBLDYVELT,KUAUJXBLDYVELT,2024.11,POSITIVE,[M+H]+,60.0,PASS,eligible
MSBNK-Eawag-EQ01115608,MSBNK-Eawag-EQ01115608.txt,KUAUJXBLDYVELT,KUAUJXBLDYVELT,2024.11,POSITIVE,[M+H]+,70.0,R4,nce=70 not an adjudication cell (30 or 60)
MSBNK-Eawag-EQ01115801,MSBNK-Eawag-EQ01115801.txt,NMVCBWZLCXANER,NMVCBWZLCXANER,dev,POSITIVE,[M+H]+,15.0,R4,nce=15 not an adjudication cell (30 or 60)
MSBNK-Eawag-EQ01115802,MSBNK-Eawag-EQ01115802.txt,NMVCBWZLCXANER,NMVCBWZLCXANER,dev,POSITIVE,[M+H]+,30.0,R5,"first_ref=dev not a tagged release ['2024.06', '2024.11', '2025.10']"
MSBNK-Eawag-EQ01115803,MSBNK-Eawag-EQ01115803.txt,NMVCBWZLCXANER,NMVCBWZLCXANER,dev,POSITIVE,[M+H]+,45.0,R4,nce=45 not an adjudication cell (30 or 60)
MSBNK-Eawag-EQ01115804,MSBNK-Eawag-EQ01115804.txt,NMVCBWZLCXANER,NMVCBWZLCXANER,dev,POSITIVE,[M+H]+,60.0,R5,"first_ref=dev not a tagged release ['2024.06', '2024.11', '2025.10']"
MSBNK-Eawag-EQ01115805,MSBNK-Eawag-EQ01115805.txt,NMVCBWZLCXANER,NMVCBWZLCXANER,dev,POSITIVE,[M+H]+,75.0,R4,nce=75 not an adjudication cell (30 or 60)
MSBNK-Eawag-EQ01115806,MSBNK-Eawag-EQ01115806.txt,NMVCBWZLCXANER,NMVCBWZLCXANER,dev,POSITIVE,[M+H]+,90.0,R4,nce=90 not an adjudication cell (30 or 60)
MSBNK-Eawag-EQ01115807,MSBNK-Eawag-EQ01115807.txt,NMVCBWZLCXANER,NMVCBWZLCXANER,dev,POSITIVE,[M+H]+,120.0,R4,nce=120 not an adjudication cell (30 or 60)
MSBNK-Eawag-EQ01115808,MSBNK-Eawag-EQ01115808.txt,NMVCBWZLCXANER,NMVCBWZLCXANER,dev,POSITIVE,[M+H]+,150.0,R4,nce=150 not an adjudication cell (30 or 60)
MSBNK-Eawag-EQ01115809,MSBNK-Eawag-EQ01115809.txt,NMVCBWZLCXANER,NMVCBWZLCXANER,dev,POSITIVE,[M+H]+,180.0,R4,nce=180 not an adjudication cell (30 or 60)
MSBNK-Eawag-EQ01118251,MSBNK-Eawag-EQ01118251.txt,KZJUHXVCAHXJLR,KZJUHXVCAHXJLR,2024.06,NEGATIVE,[M-H]-,15.0,R1,ion_mode=NEGATIVE precursor_type=[M-H]-
MSBNK-Eawag-EQ01118252,MSBNK-Eawag-EQ01118252.txt,KZJUHXVCAHXJLR,KZJUHXVCAHXJLR,2024.06,NEGATIVE,[M-H]-,30.0,R1,ion_mode=NEGATIVE precursor_type=[M-H]-
MSBNK-Eawag-EQ01118253,MSBNK-Eawag-EQ01118253.txt,KZJUHXVCAHXJLR,KZJUHXVCAHXJLR,2024.06,NEGATIVE,[M-H]-,45.0,R1,ion_mode=NEGATIVE precursor_type=[M-H]-
MSBNK-Eawag-EQ01118254,MSBNK-Eawag-EQ01118254.txt,KZJUHXVCAHXJLR,KZJUHXVCAHXJLR,2024.06,NEGATIVE,[M-H]-,60.0,R1,ion_mode=NEGATIVE precursor_type=[M-H]-
MSBNK-Eawag-EQ01118255,MSBNK-Eawag-EQ01118255.txt,KZJUHXVCAHXJLR,KZJUHXVCAHXJLR,2024.06,NEGATIVE,[M-H]-,75.0,R1,ion_mode=NEGATIVE precursor_type=[M-H]-
MSBNK-Eawag-EQ01118256,MSBNK-Eawag-EQ01118256.txt,KZJUHXVCAHXJLR,KZJUHXVCAHXJLR,2024.06,NEGATIVE,[M-H]-,90.0,R1,ion_mode=NEGATIVE precursor_type=[M-H]-
MSBNK-Eawag-EQ01118257,MSBNK-Eawag-EQ01118257.txt,KZJUHXVCAHXJLR,KZJUHXVCAHXJLR,2024.06,NEGATIVE,[M-H]-,120.0,R1,ion_mode=NEGATIVE precursor_type=[M-H]-
MSBNK-Eawag-EQ01118258,MSBNK-Eawag-EQ01118258.txt,KZJUHXVCAHXJLR,KZJUHXVCAHXJLR,2024.06,NEGATIVE,[M-H]-,150.0,R1,ion_mode=NEGATIVE precursor_type=[M-H]-
MSBNK-Eawag-EQ01118259,MSBNK-Eawag-EQ01118259.txt,KZJUHXVCAHXJLR,KZJUHXVCAHXJLR,2024.06,NEGATIVE,[M-H]-,180.0,R1,ion_mode=NEGATIVE precursor_type=[M-H]-
MSBNK-Eawag-EQ01119201,MSBNK-Eawag-EQ01119201.txt,QAIPRVGONGVQAS,QAIPRVGONGVQAS,dev,POSITIVE,[M+H]+,15.0,R4,nce=15 not an adjudication cell (30 or 60)
MSBNK-Eawag-EQ01119202,MSBNK-Eawag-EQ01119202.txt,QAIPRVGONGVQAS,QAIPRVGONGVQAS,dev,POSITIVE,[M+H]+,30.0,R5,"first_ref=dev not a tagged release ['2024.06', '2024.11', '2025.10']"
MSBNK-Eawag-EQ01119203,MSBNK-Eawag-EQ01119203.txt,QAIPRVGONGVQAS,QAIPRVGONGVQAS,dev,POSITIVE,[M+H]+,45.0,R4,nce=45 not an adjudication cell (30 or 60)
MSBNK-Eawag-EQ01119204,MSBNK-Eawag-EQ01119204.txt,QAIPRVGONGVQAS,QAIPRVGONGVQAS,dev,POSITIVE,[M+H]+,60.0,R5,"first_ref=dev not a tagged release ['2024.06', '2024.11', '2025.10']"
MSBNK-Eawag-EQ01119205,MSBNK-Eawag-EQ01119205.txt,QAIPRVGONGVQAS,QAIPRVGONGVQAS,dev,POSITIVE,[M+H]+,75.0,R4,nce=75 not an adjudication cell (30 or 60)
MSBNK-Eawag-EQ01119206,MSBNK-Eawag-EQ01119206.txt,QAIPRVGONGVQAS,QAIPRVGONGVQAS,dev,POSITIVE,[M+H]+,90.0,R4,nce=90 not an adjudication cell (30 or 60)
MSBNK-Eawag-EQ01119207,MSBNK-Eawag-EQ01119207.txt,QAIPRVGONGVQAS,QAIPRVGONGVQAS,dev,POSITIVE,[M+H]+,120.0,R4,nce=120 not an adjudication cell (30 or 60)
MSBNK-Eawag-EQ01119208,MSBNK-Eawag-EQ01119208.txt,QAIPRVGONGVQAS,QAIPRVGONGVQAS,dev,POSITIVE,[M+H]+,150.0,R4,nce=150 not an adjudication cell (30 or 60)
MSBNK-Eawag-EQ01119209,MSBNK-Eawag-EQ01119209.txt,QAIPRVGONGVQAS,QAIPRVGONGVQAS,dev,POSITIVE,[M+H]+,180.0,R4,nce=180 not an adjudication cell (30 or 60)
MSBNK-Eawag-EQ01119251,MSBNK-Eawag-EQ01119251.txt,QAIPRVGONGVQAS,QAIPRVGONGVQAS,dev,NEGATIVE,[M-H]-,15.0,R1,ion_mode=NEGATIVE precursor_type=[M-H]-
MSBNK-Eawag-EQ01119252,MSBNK-Eawag-EQ01119252.txt,QAIPRVGONGVQAS,QAIPRVGONGVQAS,dev,NEGATIVE,[M-H]-,30.0,R1,ion_mode=NEGATIVE precursor_type=[M-H]-
MSBNK-Eawag-EQ01119253,MSBNK-Eawag-EQ01119253.txt,QAIPRVGONGVQAS,QAIPRVGONGVQAS,dev,NEGATIVE,[M-H]-,45.0,R1,ion_mode=NEGATIVE precursor_type=[M-H]-
MSBNK-Eawag-EQ01119254,MSBNK-Eawag-EQ01119254.txt,QAIPRVGONGVQAS,QAIPRVGONGVQAS,dev,NEGATIVE,[M-H]-,60.0,R1,ion_mode=NEGATIVE precursor_type=[M-H]-
MSBNK-Eawag-EQ01119255,MSBNK-Eawag-EQ01119255.txt,QAIPRVGONGVQAS,QAIPRVGONGVQAS,dev,NEGATIVE,[M-H]-,75.0,R1,ion_mode=NEGATIVE precursor_type=[M-H]-
MSBNK-Eawag-EQ01119256,MSBNK-Eawag-EQ01119256.txt,QAIPRVGONGVQAS,QAIPRVGONGVQAS,dev,NEGATIVE,[M-H]-,90.0,R1,ion_mode=NEGATIVE precursor_type=[M-H]-
MSBNK-Eawag-EQ01119257,MSBNK-Eawag-EQ01119257.txt,QAIPRVGONGVQAS,QAIPRVGONGVQAS,dev,NEGATIVE,[M-H]-,120.0,R1,ion_mode=NEGATIVE precursor_type=[M-H]-
MSBNK-Eawag-EQ01120351,MSBNK-Eawag-EQ01120351.txt,FTNJWQUOZFUQQJ,FTNJWQUOZFUQQJ,dev,NEGATIVE,[M-H]-,15.0,R1,ion_mode=NEGATIVE precursor_type=[M-H]-
MSBNK-Eawag-EQ01120352,MSBNK-Eawag-EQ01120352.txt,FTNJWQUOZFUQQJ,FTNJWQUOZFUQQJ,dev,NEGATIVE,[M-H]-,30.0,R1,ion_mode=NEGATIVE precursor_type=[M-H]-
MSBNK-Eawag-EQ01120353,MSBNK-Eawag-EQ01120353.txt,FTNJWQUOZFUQQJ,FTNJWQUOZFUQQJ,dev,NEGATIVE,[M-H]-,45.0,R1,ion_mode=NEGATIVE precursor_type=[M-H]-
MSBNK-Eawag-EQ01120354,MSBNK-Eawag-EQ01120354.txt,FTNJWQUOZFUQQJ,FTNJWQUOZFUQQJ,dev,NEGATIVE,[M-H]-,60.0,R1,ion_mode=NEGATIVE precursor_type=[M-H]-
MSBNK-Eawag-EQ01120355,MSBNK-Eawag-EQ01120355.txt,FTNJWQUOZFUQQJ,FTNJWQUOZFUQQJ,dev,NEGATIVE,[M-H]-,75.0,R1,ion_mode=NEGATIVE precursor_type=[M-H]-
MSBNK-Eawag-EQ01120356,MSBNK-Eawag-EQ01120356.txt,FTNJWQUOZFUQQJ,FTNJWQUOZFUQQJ,dev,NEGATIVE,[M-H]-,90.0,R1,ion_mode=NEGATIVE precursor_type=[M-H]-
MSBNK-Eawag-EQ01141801,MSBNK-Eawag-EQ01141801.txt,JEVCLNJEBFWVPD,JEVCLNJEBFWVPD,2024.06,POSITIVE,[M+H]+,15.0,R4,nce=15 not an adjudication cell (30 or 60)
MSBNK-Eawag-EQ01141802,MSBNK-Eawag-EQ01141802.txt,JEVCLNJEBFWVPD,JEVCLNJEBFWVPD,2024.06,POSITIVE,[M+H]+,30.0,PASS,eligible
MSBNK-Eawag-EQ01141803,MSBNK-Eawag-EQ01141803.txt,JEVCLNJEBFWVPD,JEVCLNJEBFWVPD,2024.06,POSITIVE,[M+H]+,45.0,R4,nce=45 not an adjudication cell (30 or 60)
MSBNK-Eawag-EQ01141804,MSBNK-Eawag-EQ01141804.txt,JEVCLNJEBFWVPD,JEVCLNJEBFWVPD,2024.06,POSITIVE,[M+H]+,60.0,PASS,eligible
MSBNK-Eawag-EQ01141805,MSBNK-Eawag-EQ01141805.txt,JEVCLNJEBFWVPD,JEVCLNJEBFWVPD,2024.06,POSITIVE,[M+H]+,75.0,R4,nce=75 not an adjudication cell (30 or 60)
MSBNK-Eawag-EQ01141806,MSBNK-Eawag-EQ01141806.txt,JEVCLNJEBFWVPD,JEVCLNJEBFWVPD,2024.06,POSITIVE,[M+H]+,90.0,R4,nce=90 not an adjudication cell (30 or 60)
MSBNK-Eawag-EQ01141807,MSBNK-Eawag-EQ01141807.txt,JEVCLNJEBFWVPD,JEVCLNJEBFWVPD,2024.06,POSITIVE,[M+H]+,120.0,R4,nce=120 not an adjudication cell (30 or 60)
MSBNK-Eawag-EQ01141808,MSBNK-Eawag-EQ01141808.txt,JEVCLNJEBFWVPD,JEVCLNJEBFWVPD,2024.06,POSITIVE,[M+H]+,150.0,R4,nce=150 not an adjudication cell (30 or 60)
MSBNK-Eawag-EQ01141809,MSBNK-Eawag-EQ01141809.txt,JEVCLNJEBFWVPD,JEVCLNJEBFWVPD,2024.06,POSITIVE,[M+H]+,180.0,R4,nce=180 not an adjudication cell (30 or 60)
MSBNK-Eawag-EQ01142151,MSBNK-Eawag-EQ01142151.txt,VZRKEAFHFMSHCD,VZRKEAFHFMSHCD,dev,NEGATIVE,[M-H]-,15.0,R1,ion_mode=NEGATIVE precursor_type=[M-H]-
MSBNK-Eawag-EQ01142152,MSBNK-Eawag-EQ01142152.txt,VZRKEAFHFMSHCD,VZRKEAFHFMSHCD,dev,NEGATIVE,[M-H]-,30.0,R1,ion_mode=NEGATIVE precursor_type=[M-H]-
MSBNK-Eawag-EQ01142801,MSBNK-Eawag-EQ01142801.txt,PGPRBNDLCZQUST,PGPRBNDLCZQUST,2024.06,POSITIVE,[M+H]+,15.0,R4,nce=15 not an adjudication cell (30 or 60)
MSBNK-Eawag-EQ01142802,MSBNK-Eawag-EQ01142802.txt,PGPRBNDLCZQUST,PGPRBNDLCZQUST,2024.06,POSITIVE,[M+H]+,30.0,R8,R8i: scaffold group guard: group in the MURU exposure registry
MSBNK-Eawag-EQ01142803,MSBNK-Eawag-EQ01142803.txt,PGPRBNDLCZQUST,PGPRBNDLCZQUST,2024.06,POSITIVE,[M+H]+,45.0,R4,nce=45 not an adjudication cell (30 or 60)
MSBNK-Eawag-EQ01142804,MSBNK-Eawag-EQ01142804.txt,PGPRBNDLCZQUST,PGPRBNDLCZQUST,2024.06,POSITIVE,[M+H]+,60.0,R8,R8i: scaffold group guard: group in the MURU exposure registry
MSBNK-Eawag-EQ01142805,MSBNK-Eawag-EQ01142805.txt,PGPRBNDLCZQUST,PGPRBNDLCZQUST,2024.06,POSITIVE,[M+H]+,75.0,R4,nce=75 not an adjudication cell (30 or 60)
MSBNK-Eawag-EQ01142806,MSBNK-Eawag-EQ01142806.txt,PGPRBNDLCZQUST,PGPRBNDLCZQUST,2024.06,POSITIVE,[M+H]+,90.0,R4,nce=90 not an adjudication cell (30 or 60)
MSBNK-Eawag-EQ01142807,MSBNK-Eawag-EQ01142807.txt,PGPRBNDLCZQUST,PGPRBNDLCZQUST,2024.06,POSITIVE,[M+H]+,120.0,R4,nce=120 not an adjudication cell (30 or 60)
MSBNK-Eawag-EQ01142808,MSBNK-Eawag-EQ01142808.txt,PGPRBNDLCZQUST,PGPRBNDLCZQUST,2024.06,POSITIVE,[M+H]+,150.0,R4,nce=150 not an adjudication cell (30 or 60)
MSBNK-Eawag-EQ01142809,MSBNK-Eawag-EQ01142809.txt,PGPRBNDLCZQUST,PGPRBNDLCZQUST,2024.06,POSITIVE,[M+H]+,180.0,R4,nce=180 not an adjudication cell (30 or 60)
MSBNK-Eawag-EQ01142851,MSBNK-Eawag-EQ01142851.txt,PGPRBNDLCZQUST,PGPRBNDLCZQUST,2024.06,NEGATIVE,[M-H]-,15.0,R1,ion_mode=NEGATIVE precursor_type=[M-H]-
MSBNK-Eawag-EQ01142852,MSBNK-Eawag-EQ01142852.txt,PGPRBNDLCZQUST,PGPRBNDLCZQUST,2024.06,NEGATIVE,[M-H]-,30.0,R1,ion_mode=NEGATIVE precursor_type=[M-H]-
MSBNK-Eawag-EQ01142853,MSBNK-Eawag-EQ01142853.txt,PGPRBNDLCZQUST,PGPRBNDLCZQUST,2024.06,NEGATIVE,[M-H]-,45.0,R1,ion_mode=NEGATIVE precursor_type=[M-H]-
MSBNK-Eawag-EQ01142854,MSBNK-Eawag-EQ01142854.txt,PGPRBNDLCZQUST,PGPRBNDLCZQUST,2024.06,NEGATIVE,[M-H]-,60.0,R1,ion_mode=NEGATIVE precursor_type=[M-H]-
MSBNK-Eawag-EQ01142855,MSBNK-Eawag-EQ01142855.txt,PGPRBNDLCZQUST,PGPRBNDLCZQUST,2024.06,NEGATIVE,[M-H]-,75.0,R1,ion_mode=NEGATIVE precursor_type=[M-H]-
MSBNK-Eawag-EQ01142856,MSBNK-Eawag-EQ01142856.txt,PGPRBNDLCZQUST,PGPRBNDLCZQUST,2024.06,NEGATIVE,[M-H]-,90.0,R1,ion_mode=NEGATIVE precursor_type=[M-H]-
MSBNK-Eawag-EQ01142857,MSBNK-Eawag-EQ01142857.txt,PGPRBNDLCZQUST,PGPRBNDLCZQUST,2024.06,NEGATIVE,[M-H]-,120.0,R1,ion_mode=NEGATIVE precursor_type=[M-H]-
MSBNK-Eawag-EQ01142858,MSBNK-Eawag-EQ01142858.txt,PGPRBNDLCZQUST,PGPRBNDLCZQUST,2024.06,NEGATIVE,[M-H]-,150.0,R1,ion_mode=NEGATIVE precursor_type=[M-H]-
MSBNK-Eawag-EQ01142859,MSBNK-Eawag-EQ01142859.txt,PGPRBNDLCZQUST,PGPRBNDLCZQUST,2024.06,NEGATIVE,[M-H]-,180.0,R1,ion_mode=NEGATIVE precursor_type=[M-H]-
MSBNK-Eawag-EQ01143551,MSBNK-Eawag-EQ01143551.txt,GKNWQHIXXANPTN,GKNWQHIXXANPTN,2024.06,NEGATIVE,[M-H]-,15.0,R1,ion_mode=NEGATIVE precursor_type=[M-H]-
MSBNK-Eawag-EQ01143552,MSBNK-Eawag-EQ01143552.txt,GKNWQHIXXANPTN,GKNWQHIXXANPTN,2024.06,NEGATIVE,[M-H]-,30.0,R1,ion_mode=NEGATIVE precursor_type=[M-H]-
MSBNK-Eawag-EQ01143553,MSBNK-Eawag-EQ01143553.txt,GKNWQHIXXANPTN,GKNWQHIXXANPTN,2024.06,NEGATIVE,[M-H]-,45.0,R1,ion_mode=NEGATIVE precursor_type=[M-H]-
MSBNK-Eawag-EQ01143554,MSBNK-Eawag-EQ01143554.txt,GKNWQHIXXANPTN,GKNWQHIXXANPTN,2024.06,NEGATIVE,[M-H]-,60.0,R1,ion_mode=NEGATIVE precursor_type=[M-H]-
MSBNK-Eawag-EQ01143555,MSBNK-Eawag-EQ01143555.txt,GKNWQHIXXANPTN,GKNWQHIXXANPTN,2024.06,NEGATIVE,[M-H]-,75.0,R1,ion_mode=NEGATIVE precursor_type=[M-H]-
MSBNK-Eawag-EQ01143556,MSBNK-Eawag-EQ01143556.txt,GKNWQHIXXANPTN,GKNWQHIXXANPTN,2024.06,NEGATIVE,[M-H]-,90.0,R1,ion_mode=NEGATIVE precursor_type=[M-H]-
MSBNK-Eawag-EQ01143557,MSBNK-Eawag-EQ01143557.txt,GKNWQHIXXANPTN,GKNWQHIXXANPTN,2024.06,NEGATIVE,[M-H]-,120.0,R1,ion_mode=NEGATIVE precursor_type=[M-H]-
MSBNK-Eawag-EQ01143558,MSBNK-Eawag-EQ01143558.txt,GKNWQHIXXANPTN,GKNWQHIXXANPTN,2024.06,NEGATIVE,[M-H]-,150.0,R1,ion_mode=NEGATIVE precursor_type=[M-H]-
MSBNK-Eawag-EQ01143559,MSBNK-Eawag-EQ01143559.txt,GKNWQHIXXANPTN,GKNWQHIXXANPTN,2024.06,NEGATIVE,[M-H]-,180.0,R1,ion_mode=NEGATIVE precursor_type=[M-H]-
MSBNK-Eawag-EQ01143951,MSBNK-Eawag-EQ01143951.txt,AJMAYLFJZQYRHN,AJMAYLFJZQYRHN,2024.06,NEGATIVE,[M-H]-,15.0,R1,ion_mode=NEGATIVE precursor_type=[M-H]-
MSBNK-Eawag-EQ01143952,MSBNK-Eawag-EQ01143952.txt,AJMAYLFJZQYRHN,AJMAYLFJZQYRHN,2024.06,NEGATIVE,[M-H]-,30.0,R1,ion_mode=NEGATIVE precursor_type=[M-H]-
MSBNK-Eawag-EQ01143953,MSBNK-Eawag-EQ01143953.txt,AJMAYLFJZQYRHN,AJMAYLFJZQYRHN,2024.06,NEGATIVE,[M-H]-,45.0,R1,ion_mode=NEGATIVE precursor_type=[M-H]-
MSBNK-Eawag-EQ01143954,MSBNK-Eawag-EQ01143954.txt,AJMAYLFJZQYRHN,AJMAYLFJZQYRHN,2024.06,NEGATIVE,[M-H]-,60.0,R1,ion_mode=NEGATIVE precursor_type=[M-H]-
MSBNK-Eawag-EQ01143955,MSBNK-Eawag-EQ01143955.txt,AJMAYLFJZQYRHN,AJMAYLFJZQYRHN,2024.06,NEGATIVE,[M-H]-,75.0,R1,ion_mode=NEGATIVE precursor_type=[M-H]-
MSBNK-Eawag-EQ01143956,MSBNK-Eawag-EQ01143956.txt,AJMAYLFJZQYRHN,AJMAYLFJZQYRHN,2024.06,NEGATIVE,[M-H]-,90.0,R1,ion_mode=NEGATIVE precursor_type=[M-H]-
MSBNK-Eawag-EQ01143957,MSBNK-Eawag-EQ01143957.txt,AJMAYLFJZQYRHN,AJMAYLFJZQYRHN,2024.06,NEGATIVE,[M-H]-,120.0,R1,ion_mode=NEGATIVE precursor_type=[M-H]-
MSBNK-Eawag-EQ01143958,MSBNK-Eawag-EQ01143958.txt,AJMAYLFJZQYRHN,AJMAYLFJZQYRHN,2024.06,NEGATIVE,[M-H]-,150.0,R1,ion_mode=NEGATIVE precursor_type=[M-H]-
MSBNK-Eawag-EQ01143959,MSBNK-Eawag-EQ01143959.txt,AJMAYLFJZQYRHN,AJMAYLFJZQYRHN,2024.06,NEGATIVE,[M-H]-,180.0,R1,ion_mode=NEGATIVE precursor_type=[M-H]-
MSBNK-Eawag-EQ01144151,MSBNK-Eawag-EQ01144151.txt,VIONGDJUYAYOPU,VIONGDJUYAYOPU,2024.06,NEGATIVE,[M-H]-,15.0,R1,ion_mode=NEGATIVE precursor_type=[M-H]-
MSBNK-Eawag-EQ01144152,MSBNK-Eawag-EQ01144152.txt,VIONGDJUYAYOPU,VIONGDJUYAYOPU,2024.06,NEGATIVE,[M-H]-,30.0,R1,ion_mode=NEGATIVE precursor_type=[M-H]-
MSBNK-Eawag-EQ01144153,MSBNK-Eawag-EQ01144153.txt,VIONGDJUYAYOPU,VIONGDJUYAYOPU,2024.06,NEGATIVE,[M-H]-,45.0,R1,ion_mode=NEGATIVE precursor_type=[M-H]-
MSBNK-Eawag-EQ01144154,MSBNK-Eawag-EQ01144154.txt,VIONGDJUYAYOPU,VIONGDJUYAYOPU,2024.06,NEGATIVE,[M-H]-,60.0,R1,ion_mode=NEGATIVE precursor_type=[M-H]-
MSBNK-Eawag-EQ01144155,MSBNK-Eawag-EQ01144155.txt,VIONGDJUYAYOPU,VIONGDJUYAYOPU,2024.06,NEGATIVE,[M-H]-,75.0,R1,ion_mode=NEGATIVE precursor_type=[M-H]-
MSBNK-Eawag-EQ01144156,MSBNK-Eawag-EQ01144156.txt,VIONGDJUYAYOPU,VIONGDJUYAYOPU,2024.06,NEGATIVE,[M-H]-,90.0,R1,ion_mode=NEGATIVE precursor_type=[M-H]-
MSBNK-Eawag-EQ01144157,MSBNK-Eawag-EQ01144157.txt,VIONGDJUYAYOPU,VIONGDJUYAYOPU,2024.06,NEGATIVE,[M-H]-,120.0,R1,ion_mode=NEGATIVE precursor_type=[M-H]-
MSBNK-Eawag-EQ01144158,MSBNK-Eawag-EQ01144158.txt,VIONGDJUYAYOPU,VIONGDJUYAYOPU,2024.06,NEGATIVE,[M-H]-,150.0,R1,ion_mode=NEGATIVE precursor_type=[M-H]-
MSBNK-Eawag-EQ01144159,MSBNK-Eawag-EQ01144159.txt,VIONGDJUYAYOPU,VIONGDJUYAYOPU,2024.06,NEGATIVE,[M-H]-,180.0,R1,ion_mode=NEGATIVE precursor_type=[M-H]-
MSBNK-Eawag-EQ01144451,MSBNK-Eawag-EQ01144451.txt,LRMSQVBRUNSOJL,LRMSQVBRUNSOJL,2024.06,NEGATIVE,[M-H]-,15.0,R1,ion_mode=NEGATIVE precursor_type=[M-H]-
MSBNK-Eawag-EQ01144452,MSBNK-Eawag-EQ01144452.txt,LRMSQVBRUNSOJL,LRMSQVBRUNSOJL,2024.06,NEGATIVE,[M-H]-,30.0,R1,ion_mode=NEGATIVE precursor_type=[M-H]-
MSBNK-Eawag-EQ01144453,MSBNK-Eawag-EQ01144453.txt,LRMSQVBRUNSOJL,LRMSQVBRUNSOJL,2024.06,NEGATIVE,[M-H]-,45.0,R1,ion_mode=NEGATIVE precursor_type=[M-H]-
MSBNK-Eawag-EQ01144454,MSBNK-Eawag-EQ01144454.txt,LRMSQVBRUNSOJL,LRMSQVBRUNSOJL,2024.06,NEGATIVE,[M-H]-,60.0,R1,ion_mode=NEGATIVE precursor_type=[M-H]-
MSBNK-Eawag-EQ01144551,MSBNK-Eawag-EQ01144551.txt,OJMBMWRMTMHMSZ,OJMBMWRMTMHMSZ,2024.06,NEGATIVE,[M-H]-,15.0,R1,ion_mode=NEGATIVE precursor_type=[M-H]-
MSBNK-Eawag-EQ01144552,MSBNK-Eawag-EQ01144552.txt,OJMBMWRMTMHMSZ,OJMBMWRMTMHMSZ,2024.06,NEGATIVE,[M-H]-,30.0,R1,ion_mode=NEGATIVE precursor_type=[M-H]-
MSBNK-Eawag-EQ01144553,MSBNK-Eawag-EQ01144553.txt,OJMBMWRMTMHMSZ,OJMBMWRMTMHMSZ,2024.06,NEGATIVE,[M-H]-,45.0,R1,ion_mode=NEGATIVE precursor_type=[M-H]-
MSBNK-Eawag-EQ01144554,MSBNK-Eawag-EQ01144554.txt,OJMBMWRMTMHMSZ,OJMBMWRMTMHMSZ,2024.06,NEGATIVE,[M-H]-,60.0,R1,ion_mode=NEGATIVE precursor_type=[M-H]-
MSBNK-Eawag-EQ01144555,MSBNK-Eawag-EQ01144555.txt,OJMBMWRMTMHMSZ,OJMBMWRMTMHMSZ,2024.06,NEGATIVE,[M-H]-,75.0,R1,ion_mode=NEGATIVE precursor_type=[M-H]-
MSBNK-Eawag-EQ01145151,MSBNK-Eawag-EQ01145151.txt,CFCRODHVHXGTPC,CFCRODHVHXGTPC,2024.06,NEGATIVE,[M-H]-,15.0,R1,ion_mode=NEGATIVE precursor_type=[M-H]-
MSBNK-Eawag-EQ01145152,MSBNK-Eawag-EQ01145152.txt,CFCRODHVHXGTPC,CFCRODHVHXGTPC,2024.06,NEGATIVE,[M-H]-,30.0,R1,ion_mode=NEGATIVE precursor_type=[M-H]-
MSBNK-Eawag-EQ01145153,MSBNK-Eawag-EQ01145153.txt,CFCRODHVHXGTPC,CFCRODHVHXGTPC,2024.06,NEGATIVE,[M-H]-,45.0,R1,ion_mode=NEGATIVE precursor_type=[M-H]-
MSBNK-Eawag-EQ01145154,MSBNK-Eawag-EQ01145154.txt,CFCRODHVHXGTPC,CFCRODHVHXGTPC,2024.06,NEGATIVE,[M-H]-,60.0,R1,ion_mode=NEGATIVE precursor_type=[M-H]-
MSBNK-Eawag-EQ01145155,MSBNK-Eawag-EQ01145155.txt,CFCRODHVHXGTPC,CFCRODHVHXGTPC,2024.06,NEGATIVE,[M-H]-,75.0,R1,ion_mode=NEGATIVE precursor_type=[M-H]-
MSBNK-Eawag-EQ01145156,MSBNK-Eawag-EQ01145156.txt,CFCRODHVHXGTPC,CFCRODHVHXGTPC,2024.06,NEGATIVE,[M-H]-,90.0,R1,ion_mode=NEGATIVE precursor_type=[M-H]-
MSBNK-Eawag-EQ01145157,MSBNK-Eawag-EQ01145157.txt,CFCRODHVHXGTPC,CFCRODHVHXGTPC,2024.06,NEGATIVE,[M-H]-,120.0,R1,ion_mode=NEGATIVE precursor_type=[M-H]-
MSBNK-Eawag-EQ01145158,MSBNK-Eawag-EQ01145158.txt,CFCRODHVHXGTPC,CFCRODHVHXGTPC,2024.06,NEGATIVE,[M-H]-,150.0,R1,ion_mode=NEGATIVE precursor_type=[M-H]-
MSBNK-Eawag-EQ01145351,MSBNK-Eawag-EQ01145351.txt,RJGUAQKOHAABLK,RJGUAQKOHAABLK,2024.06,NEGATIVE,[M-H]-,15.0,R1,ion_mode=NEGATIVE precursor_type=[M-H]-
MSBNK-Eawag-EQ01145352,MSBNK-Eawag-EQ01145352.txt,RJGUAQKOHAABLK,RJGUAQKOHAABLK,2024.06,NEGATIVE,[M-H]-,30.0,R1,ion_mode=NEGATIVE precursor_type=[M-H]-
MSBNK-Eawag-EQ01145353,MSBNK-Eawag-EQ01145353.txt,RJGUAQKOHAABLK,RJGUAQKOHAABLK,2024.06,NEGATIVE,[M-H]-,45.0,R1,ion_mode=NEGATIVE precursor_type=[M-H]-
MSBNK-Eawag-EQ01145354,MSBNK-Eawag-EQ01145354.txt,RJGUAQKOHAABLK,RJGUAQKOHAABLK,2024.06,NEGATIVE,[M-H]-,60.0,R1,ion_mode=NEGATIVE precursor_type=[M-H]-
MSBNK-Eawag-EQ01145355,MSBNK-Eawag-EQ01145355.txt,RJGUAQKOHAABLK,RJGUAQKOHAABLK,2024.06,NEGATIVE,[M-H]-,75.0,R1,ion_mode=NEGATIVE precursor_type=[M-H]-
MSBNK-Eawag-EQ01145356,MSBNK-Eawag-EQ01145356.txt,RJGUAQKOHAABLK,RJGUAQKOHAABLK,2024.06,NEGATIVE,[M-H]-,90.0,R1,ion_mode=NEGATIVE precursor_type=[M-H]-
MSBNK-Eawag-EQ01145357,MSBNK-Eawag-EQ01145357.txt,RJGUAQKOHAABLK,RJGUAQKOHAABLK,2024.06,NEGATIVE,[M-H]-,120.0,R1,ion_mode=NEGATIVE precursor_type=[M-H]-
MSBNK-Eawag-EQ01145358,MSBNK-Eawag-EQ01145358.txt,RJGUAQKOHAABLK,RJGUAQKOHAABLK,2024.06,NEGATIVE,[M-H]-,150.0,R1,ion_mode=NEGATIVE precursor_type=[M-H]-
MSBNK-Eawag-EQ01145451,MSBNK-Eawag-EQ01145451.txt,PPWRLPJIHGWGFH,PPWRLPJIHGWGFH,2024.06,NEGATIVE,[M-H]-,15.0,R1,ion_mode=NEGATIVE precursor_type=[M-H]-
MSBNK-Eawag-EQ01145452,MSBNK-Eawag-EQ01145452.txt,PPWRLPJIHGWGFH,PPWRLPJIHGWGFH,2024.06,NEGATIVE,[M-H]-,30.0,R1,ion_mode=NEGATIVE precursor_type=[M-H]-
MSBNK-Eawag-EQ01145951,MSBNK-Eawag-EQ01145951.txt,XTBXSCIWOVSSGB,XTBXSCIWOVSSGB,2024.06,NEGATIVE,[M-H]-,15.0,R1,ion_mode=NEGATIVE precursor_type=[M-H]-
MSBNK-Eawag-EQ01145952,MSBNK-Eawag-EQ01145952.txt,XTBXSCIWOVSSGB,XTBXSCIWOVSSGB,2024.06,NEGATIVE,[M-H]-,30.0,R1,ion_mode=NEGATIVE precursor_type=[M-H]-
MSBNK-Eawag-EQ01145953,MSBNK-Eawag-EQ01145953.txt,XTBXSCIWOVSSGB,XTBXSCIWOVSSGB,2024.06,NEGATIVE,[M-H]-,45.0,R1,ion_mode=NEGATIVE precursor_type=[M-H]-
MSBNK-Eawag-EQ01145954,MSBNK-Eawag-EQ01145954.txt,XTBXSCIWOVSSGB,XTBXSCIWOVSSGB,2024.06,NEGATIVE,[M-H]-,60.0,R1,ion_mode=NEGATIVE precursor_type=[M-H]-
MSBNK-Eawag-EQ01146051,MSBNK-Eawag-EQ01146051.txt,GDQLSTSWOFAQNO,GDQLSTSWOFAQNO,2024.06,NEGATIVE,[M-H]-,15.0,R1,ion_mode=NEGATIVE precursor_type=[M-H]-
MSBNK-Eawag-EQ01146052,MSBNK-Eawag-EQ01146052.txt,GDQLSTSWOFAQNO,GDQLSTSWOFAQNO,2024.06,NEGATIVE,[M-H]-,30.0,R1,ion_mode=NEGATIVE precursor_type=[M-H]-
MSBNK-Eawag-EQ01146053,MSBNK-Eawag-EQ01146053.txt,GDQLSTSWOFAQNO,GDQLSTSWOFAQNO,2024.06,NEGATIVE,[M-H]-,45.0,R1,ion_mode=NEGATIVE precursor_type=[M-H]-
MSBNK-Eawag-EQ01146054,MSBNK-Eawag-EQ01146054.txt,GDQLSTSWOFAQNO,GDQLSTSWOFAQNO,2024.06,NEGATIVE,[M-H]-,60.0,R1,ion_mode=NEGATIVE precursor_type=[M-H]-
MSBNK-Eawag-EQ01146055,MSBNK-Eawag-EQ01146055.txt,GDQLSTSWOFAQNO,GDQLSTSWOFAQNO,2024.06,NEGATIVE,[M-H]-,75.0,R1,ion_mode=NEGATIVE precursor_type=[M-H]-
MSBNK-Eawag-EQ01146056,MSBNK-Eawag-EQ01146056.txt,GDQLSTSWOFAQNO,GDQLSTSWOFAQNO,2024.06,NEGATIVE,[M-H]-,90.0,R1,ion_mode=NEGATIVE precursor_type=[M-H]-
MSBNK-Eawag-EQ01146101,MSBNK-Eawag-EQ01146101.txt,OKOCIUJVPQKDLL,OKOCIUJVPQKDLL,2024.06,POSITIVE,[M+H]+,15.0,R4,nce=15 not an adjudication cell (30 or 60)
MSBNK-Eawag-EQ01146102,MSBNK-Eawag-EQ01146102.txt,OKOCIUJVPQKDLL,OKOCIUJVPQKDLL,2024.06,POSITIVE,[M+H]+,30.0,R8,R8d: compound in the MURU exposure registry
MSBNK-Eawag-EQ01146103,MSBNK-Eawag-EQ01146103.txt,OKOCIUJVPQKDLL,OKOCIUJVPQKDLL,2024.06,POSITIVE,[M+H]+,45.0,R4,nce=45 not an adjudication cell (30 or 60)
MSBNK-Eawag-EQ01146104,MSBNK-Eawag-EQ01146104.txt,OKOCIUJVPQKDLL,OKOCIUJVPQKDLL,2024.06,POSITIVE,[M+H]+,60.0,R8,R8d: compound in the MURU exposure registry
MSBNK-Eawag-EQ01146151,MSBNK-Eawag-EQ01146151.txt,OKOCIUJVPQKDLL,OKOCIUJVPQKDLL,2024.06,NEGATIVE,[M-H]-,15.0,R1,ion_mode=NEGATIVE precursor_type=[M-H]-
MSBNK-Eawag-EQ01146152,MSBNK-Eawag-EQ01146152.txt,OKOCIUJVPQKDLL,OKOCIUJVPQKDLL,2024.06,NEGATIVE,[M-H]-,30.0,R1,ion_mode=NEGATIVE precursor_type=[M-H]-
MSBNK-Eawag-EQ01146153,MSBNK-Eawag-EQ01146153.txt,OKOCIUJVPQKDLL,OKOCIUJVPQKDLL,2024.06,NEGATIVE,[M-H]-,45.0,R1,ion_mode=NEGATIVE precursor_type=[M-H]-
MSBNK-Eawag-EQ01146154,MSBNK-Eawag-EQ01146154.txt,OKOCIUJVPQKDLL,OKOCIUJVPQKDLL,2024.06,NEGATIVE,[M-H]-,60.0,R1,ion_mode=NEGATIVE precursor_type=[M-H]-
MSBNK-Eawag-EQ01146155,MSBNK-Eawag-EQ01146155.txt,OKOCIUJVPQKDLL,OKOCIUJVPQKDLL,2024.06,NEGATIVE,[M-H]-,75.0,R1,ion_mode=NEGATIVE precursor_type=[M-H]-
MSBNK-Eawag-EQ01146156,MSBNK-Eawag-EQ01146156.txt,OKOCIUJVPQKDLL,OKOCIUJVPQKDLL,2024.06,NEGATIVE,[M-H]-,90.0,R1,ion_mode=NEGATIVE precursor_type=[M-H]-
MSBNK-Eawag-EQ01146251,MSBNK-Eawag-EQ01146251.txt,ISFKSWMQWIRDNC,ISFKSWMQWIRDNC,2024.06,NEGATIVE,[M-H]-,15.0,R1,ion_mode=NEGATIVE precursor_type=[M-H]-
MSBNK-Eawag-EQ01146252,MSBNK-Eawag-EQ01146252.txt,ISFKSWMQWIRDNC,ISFKSWMQWIRDNC,2024.06,NEGATIVE,[M-H]-,30.0,R1,ion_mode=NEGATIVE precursor_type=[M-H]-
MSBNK-Eawag-EQ01146253,MSBNK-Eawag-EQ01146253.txt,ISFKSWMQWIRDNC,ISFKSWMQWIRDNC,2024.06,NEGATIVE,[M-H]-,45.0,R1,ion_mode=NEGATIVE precursor_type=[M-H]-
MSBNK-Eawag-EQ01146254,MSBNK-Eawag-EQ01146254.txt,ISFKSWMQWIRDNC,ISFKSWMQWIRDNC,2024.06,NEGATIVE,[M-H]-,60.0,R1,ion_mode=NEGATIVE precursor_type=[M-H]-
MSBNK-Eawag-EQ01146351,MSBNK-Eawag-EQ01146351.txt,AGIMOOYNBDLMJV,AGIMOOYNBDLMJV,2024.06,NEGATIVE,[M-H]-,15.0,R1,ion_mode=NEGATIVE precursor_type=[M-H]-
MSBNK-Eawag-EQ01146352,MSBNK-Eawag-EQ01146352.txt,AGIMOOYNBDLMJV,AGIMOOYNBDLMJV,2024.06,NEGATIVE,[M-H]-,30.0,R1,ion_mode=NEGATIVE precursor_type=[M-H]-
MSBNK-Eawag-EQ01146353,MSBNK-Eawag-EQ01146353.txt,AGIMOOYNBDLMJV,AGIMOOYNBDLMJV,2024.06,NEGATIVE,[M-H]-,45.0,R1,ion_mode=NEGATIVE precursor_type=[M-H]-
MSBNK-Eawag-EQ01146354,MSBNK-Eawag-EQ01146354.txt,AGIMOOYNBDLMJV,AGIMOOYNBDLMJV,2024.06,NEGATIVE,[M-H]-,60.0,R1,ion_mode=NEGATIVE precursor_type=[M-H]-
MSBNK-Eawag-EQ01146355,MSBNK-Eawag-EQ01146355.txt,AGIMOOYNBDLMJV,AGIMOOYNBDLMJV,2024.06,NEGATIVE,[M-H]-,75.0,R1,ion_mode=NEGATIVE precursor_type=[M-H]-
MSBNK-Eawag-EQ01146356,MSBNK-Eawag-EQ01146356.txt,AGIMOOYNBDLMJV,AGIMOOYNBDLMJV,2024.06,NEGATIVE,[M-H]-,90.0,R1,ion_mode=NEGATIVE precursor_type=[M-H]-
MSBNK-Eawag-EQ01146651,MSBNK-Eawag-EQ01146651.txt,LRWIIEJPCFNNCZ,LRWIIEJPCFNNCZ,dev,NEGATIVE,[M-H]-,15.0,R1,ion_mode=NEGATIVE precursor_type=[M-H]-
MSBNK-Eawag-EQ01146652,MSBNK-Eawag-EQ01146652.txt,LRWIIEJPCFNNCZ,LRWIIEJPCFNNCZ,dev,NEGATIVE,[M-H]-,30.0,R1,ion_mode=NEGATIVE precursor_type=[M-H]-
MSBNK-Eawag-EQ01146653,MSBNK-Eawag-EQ01146653.txt,LRWIIEJPCFNNCZ,LRWIIEJPCFNNCZ,dev,NEGATIVE,[M-H]-,45.0,R1,ion_mode=NEGATIVE precursor_type=[M-H]-
MSBNK-Eawag-EQ01146654,MSBNK-Eawag-EQ01146654.txt,LRWIIEJPCFNNCZ,LRWIIEJPCFNNCZ,dev,NEGATIVE,[M-H]-,60.0,R1,ion_mode=NEGATIVE precursor_type=[M-H]-
MSBNK-Eawag-EQ01146655,MSBNK-Eawag-EQ01146655.txt,LRWIIEJPCFNNCZ,LRWIIEJPCFNNCZ,dev,NEGATIVE,[M-H]-,75.0,R1,ion_mode=NEGATIVE precursor_type=[M-H]-
MSBNK-Eawag-EQ01146751,MSBNK-Eawag-EQ01146751.txt,IKHNVATUHWDNGI,IKHNVATUHWDNGI,dev,NEGATIVE,[M-H]-,15.0,R1,ion_mode=NEGATIVE precursor_type=[M-H]-
MSBNK-Eawag-EQ01146752,MSBNK-Eawag-EQ01146752.txt,IKHNVATUHWDNGI,IKHNVATUHWDNGI,dev,NEGATIVE,[M-H]-,30.0,R1,ion_mode=NEGATIVE precursor_type=[M-H]-
MSBNK-Eawag-EQ01146753,MSBNK-Eawag-EQ01146753.txt,IKHNVATUHWDNGI,IKHNVATUHWDNGI,dev,NEGATIVE,[M-H]-,45.0,R1,ion_mode=NEGATIVE precursor_type=[M-H]-
MSBNK-Eawag-EQ01146851,MSBNK-Eawag-EQ01146851.txt,ICKAEAFPESRWOT,ICKAEAFPESRWOT,2024.06,NEGATIVE,[M-H]-,15.0,R1,ion_mode=NEGATIVE precursor_type=[M-H]-
MSBNK-Eawag-EQ01146852,MSBNK-Eawag-EQ01146852.txt,ICKAEAFPESRWOT,ICKAEAFPESRWOT,2024.06,NEGATIVE,[M-H]-,30.0,R1,ion_mode=NEGATIVE precursor_type=[M-H]-
MSBNK-Eawag-EQ01146853,MSBNK-Eawag-EQ01146853.txt,ICKAEAFPESRWOT,ICKAEAFPESRWOT,2024.06,NEGATIVE,[M-H]-,45.0,R1,ion_mode=NEGATIVE precursor_type=[M-H]-
MSBNK-Eawag-EQ01146854,MSBNK-Eawag-EQ01146854.txt,ICKAEAFPESRWOT,ICKAEAFPESRWOT,2024.06,NEGATIVE,[M-H]-,60.0,R1,ion_mode=NEGATIVE precursor_type=[M-H]-
MSBNK-Eawag-EQ01146855,MSBNK-Eawag-EQ01146855.txt,ICKAEAFPESRWOT,ICKAEAFPESRWOT,2024.06,NEGATIVE,[M-H]-,75.0,R1,ion_mode=NEGATIVE precursor_type=[M-H]-
MSBNK-Eawag-EQ01146856,MSBNK-Eawag-EQ01146856.txt,ICKAEAFPESRWOT,ICKAEAFPESRWOT,2024.06,NEGATIVE,[M-H]-,90.0,R1,ion_mode=NEGATIVE precursor_type=[M-H]-
MSBNK-Eawag-EQ01146857,MSBNK-Eawag-EQ01146857.txt,ICKAEAFPESRWOT,ICKAEAFPESRWOT,2024.06,NEGATIVE,[M-H]-,120.0,R1,ion_mode=NEGATIVE precursor_type=[M-H]-
MSBNK-Eawag-EQ01146858,MSBNK-Eawag-EQ01146858.txt,ICKAEAFPESRWOT,ICKAEAFPESRWOT,2024.06,NEGATIVE,[M-H]-,150.0,R1,ion_mode=NEGATIVE precursor_type=[M-H]-
MSBNK-Eawag-EQ01146859,MSBNK-Eawag-EQ01146859.txt,ICKAEAFPESRWOT,ICKAEAFPESRWOT,2024.06,NEGATIVE,[M-H]-,180.0,R1,ion_mode=NEGATIVE precursor_type=[M-H]-
MSBNK-Eawag-EQ01147451,MSBNK-Eawag-EQ01147451.txt,HLBRGVKRZQSQHB,HLBRGVKRZQSQHB,2024.06,NEGATIVE,[M-H]-,15.0,R1,ion_mode=NEGATIVE precursor_type=[M-H]-
MSBNK-Eawag-EQ01147452,MSBNK-Eawag-EQ01147452.txt,HLBRGVKRZQSQHB,HLBRGVKRZQSQHB,2024.06,NEGATIVE,[M-H]-,30.0,R1,ion_mode=NEGATIVE precursor_type=[M-H]-
MSBNK-Eawag-EQ01147453,MSBNK-Eawag-EQ01147453.txt,HLBRGVKRZQSQHB,HLBRGVKRZQSQHB,2024.06,NEGATIVE,[M-H]-,45.0,R1,ion_mode=NEGATIVE precursor_type=[M-H]-
MSBNK-Eawag-EQ01147454,MSBNK-Eawag-EQ01147454.txt,HLBRGVKRZQSQHB,HLBRGVKRZQSQHB,2024.06,NEGATIVE,[M-H]-,60.0,R1,ion_mode=NEGATIVE precursor_type=[M-H]-
MSBNK-Eawag-EQ01147455,MSBNK-Eawag-EQ01147455.txt,HLBRGVKRZQSQHB,HLBRGVKRZQSQHB,2024.06,NEGATIVE,[M-H]-,75.0,R1,ion_mode=NEGATIVE precursor_type=[M-H]-
MSBNK-Eawag-EQ01147456,MSBNK-Eawag-EQ01147456.txt,HLBRGVKRZQSQHB,HLBRGVKRZQSQHB,2024.06,NEGATIVE,[M-H]-,90.0,R1,ion_mode=NEGATIVE precursor_type=[M-H]-
MSBNK-Eawag-EQ01147457,MSBNK-Eawag-EQ01147457.txt,HLBRGVKRZQSQHB,HLBRGVKRZQSQHB,2024.06,NEGATIVE,[M-H]-,120.0,R1,ion_mode=NEGATIVE precursor_type=[M-H]-
MSBNK-Eawag-EQ01147551,MSBNK-Eawag-EQ01147551.txt,CZTBTZZANBJSLY,CZTBTZZANBJSLY,2024.06,NEGATIVE,[M-H]-,15.0,R1,ion_mode=NEGATIVE precursor_type=[M-H]-
MSBNK-Eawag-EQ01147552,MSBNK-Eawag-EQ01147552.txt,CZTBTZZANBJSLY,CZTBTZZANBJSLY,2024.06,NEGATIVE,[M-H]-,30.0,R1,ion_mode=NEGATIVE precursor_type=[M-H]-
MSBNK-Eawag-EQ01147557,MSBNK-Eawag-EQ01147557.txt,CZTBTZZANBJSLY,CZTBTZZANBJSLY,2024.06,NEGATIVE,[M-H]-,120.0,R1,ion_mode=NEGATIVE precursor_type=[M-H]-
MSBNK-Eawag-EQ01147751,MSBNK-Eawag-EQ01147751.txt,ABFCFCPCGMHSRX,ABFCFCPCGMHSRX,2024.06,NEGATIVE,[M-H]-,15.0,R1,ion_mode=NEGATIVE precursor_type=[M-H]-
MSBNK-Eawag-EQ01147752,MSBNK-Eawag-EQ01147752.txt,ABFCFCPCGMHSRX,ABFCFCPCGMHSRX,2024.06,NEGATIVE,[M-H]-,30.0,R1,ion_mode=NEGATIVE precursor_type=[M-H]-
MSBNK-Eawag-EQ01147753,MSBNK-Eawag-EQ01147753.txt,ABFCFCPCGMHSRX,ABFCFCPCGMHSRX,2024.06,NEGATIVE,[M-H]-,45.0,R1,ion_mode=NEGATIVE precursor_type=[M-H]-
MSBNK-Eawag-EQ01147754,MSBNK-Eawag-EQ01147754.txt,ABFCFCPCGMHSRX,ABFCFCPCGMHSRX,2024.06,NEGATIVE,[M-H]-,60.0,R1,ion_mode=NEGATIVE precursor_type=[M-H]-
MSBNK-Eawag-EQ01147755,MSBNK-Eawag-EQ01147755.txt,ABFCFCPCGMHSRX,ABFCFCPCGMHSRX,2024.06,NEGATIVE,[M-H]-,75.0,R1,ion_mode=NEGATIVE precursor_type=[M-H]-
MSBNK-Eawag-EQ01147756,MSBNK-Eawag-EQ01147756.txt,ABFCFCPCGMHSRX,ABFCFCPCGMHSRX,2024.06,NEGATIVE,[M-H]-,90.0,R1,ion_mode=NEGATIVE precursor_type=[M-H]-
MSBNK-Eawag-EQ01147757,MSBNK-Eawag-EQ01147757.txt,ABFCFCPCGMHSRX,ABFCFCPCGMHSRX,2024.06,NEGATIVE,[M-H]-,120.0,R1,ion_mode=NEGATIVE precursor_type=[M-H]-
MSBNK-Eawag-EQ01147801,MSBNK-Eawag-EQ01147801.txt,KHLRYLUKBJEYFH,KHLRYLUKBJEYFH,2024.06,POSITIVE,[M+H]+,15.0,R4,nce=15 not an adjudication cell (30 or 60)
MSBNK-Eawag-EQ01147802,MSBNK-Eawag-EQ01147802.txt,KHLRYLUKBJEYFH,KHLRYLUKBJEYFH,2024.06,POSITIVE,[M+H]+,30.0,R9,"compound has NCE cells {30}, needs both 30 and 60"
MSBNK-Eawag-EQ01147851,MSBNK-Eawag-EQ01147851.txt,KHLRYLUKBJEYFH,KHLRYLUKBJEYFH,2024.06,NEGATIVE,[M-H]-,15.0,R1,ion_mode=NEGATIVE precursor_type=[M-H]-
MSBNK-Eawag-EQ01147852,MSBNK-Eawag-EQ01147852.txt,KHLRYLUKBJEYFH,KHLRYLUKBJEYFH,2024.06,NEGATIVE,[M-H]-,30.0,R1,ion_mode=NEGATIVE precursor_type=[M-H]-
MSBNK-Eawag-EQ01147853,MSBNK-Eawag-EQ01147853.txt,KHLRYLUKBJEYFH,KHLRYLUKBJEYFH,2024.06,NEGATIVE,[M-H]-,45.0,R1,ion_mode=NEGATIVE precursor_type=[M-H]-
MSBNK-Eawag-EQ01147901,MSBNK-Eawag-EQ01147901.txt,AGCUFKNHQDVTAD,AGCUFKNHQDVTAD,2024.06,POSITIVE,[M+H]+,15.0,R4,nce=15 not an adjudication cell (30 or 60)
MSBNK-Eawag-EQ01147902,MSBNK-Eawag-EQ01147902.txt,AGCUFKNHQDVTAD,AGCUFKNHQDVTAD,2024.06,POSITIVE,[M+H]+,30.0,PASS,eligible
MSBNK-Eawag-EQ01147903,MSBNK-Eawag-EQ01147903.txt,AGCUFKNHQDVTAD,AGCUFKNHQDVTAD,2024.06,POSITIVE,[M+H]+,45.0,R4,nce=45 not an adjudication cell (30 or 60)
MSBNK-Eawag-EQ01147904,MSBNK-Eawag-EQ01147904.txt,AGCUFKNHQDVTAD,AGCUFKNHQDVTAD,2024.06,POSITIVE,[M+H]+,60.0,PASS,eligible
MSBNK-Eawag-EQ01147905,MSBNK-Eawag-EQ01147905.txt,AGCUFKNHQDVTAD,AGCUFKNHQDVTAD,2024.06,POSITIVE,[M+H]+,75.0,R4,nce=75 not an adjudication cell (30 or 60)
MSBNK-Eawag-EQ01147906,MSBNK-Eawag-EQ01147906.txt,AGCUFKNHQDVTAD,AGCUFKNHQDVTAD,2024.06,POSITIVE,[M+H]+,90.0,R4,nce=90 not an adjudication cell (30 or 60)
MSBNK-Eawag-EQ01147951,MSBNK-Eawag-EQ01147951.txt,AGCUFKNHQDVTAD,AGCUFKNHQDVTAD,2024.06,NEGATIVE,[M-H]-,15.0,R1,ion_mode=NEGATIVE precursor_type=[M-H]-
MSBNK-Eawag-EQ01147952,MSBNK-Eawag-EQ01147952.txt,AGCUFKNHQDVTAD,AGCUFKNHQDVTAD,2024.06,NEGATIVE,[M-H]-,30.0,R1,ion_mode=NEGATIVE precursor_type=[M-H]-
MSBNK-Eawag-EQ01147953,MSBNK-Eawag-EQ01147953.txt,AGCUFKNHQDVTAD,AGCUFKNHQDVTAD,2024.06,NEGATIVE,[M-H]-,45.0,R1,ion_mode=NEGATIVE precursor_type=[M-H]-
MSBNK-Eawag-EQ01147954,MSBNK-Eawag-EQ01147954.txt,AGCUFKNHQDVTAD,AGCUFKNHQDVTAD,2024.06,NEGATIVE,[M-H]-,60.0,R1,ion_mode=NEGATIVE precursor_type=[M-H]-
MSBNK-Eawag-EQ01147955,MSBNK-Eawag-EQ01147955.txt,AGCUFKNHQDVTAD,AGCUFKNHQDVTAD,2024.06,NEGATIVE,[M-H]-,75.0,R1,ion_mode=NEGATIVE precursor_type=[M-H]-
MSBNK-Eawag-EQ01147956,MSBNK-Eawag-EQ01147956.txt,AGCUFKNHQDVTAD,AGCUFKNHQDVTAD,2024.06,NEGATIVE,[M-H]-,90.0,R1,ion_mode=NEGATIVE precursor_type=[M-H]-
MSBNK-Eawag-EQ01147957,MSBNK-Eawag-EQ01147957.txt,AGCUFKNHQDVTAD,AGCUFKNHQDVTAD,2024.06,NEGATIVE,[M-H]-,120.0,R1,ion_mode=NEGATIVE precursor_type=[M-H]-
MSBNK-Eawag-EQ01147958,MSBNK-Eawag-EQ01147958.txt,AGCUFKNHQDVTAD,AGCUFKNHQDVTAD,2024.06,NEGATIVE,[M-H]-,150.0,R1,ion_mode=NEGATIVE precursor_type=[M-H]-
MSBNK-Eawag-EQ01147959,MSBNK-Eawag-EQ01147959.txt,AGCUFKNHQDVTAD,AGCUFKNHQDVTAD,2024.06,NEGATIVE,[M-H]-,180.0,R1,ion_mode=NEGATIVE precursor_type=[M-H]-
MSBNK-Eawag-EQ01148051,MSBNK-Eawag-EQ01148051.txt,CPRNWMZKNOIIML,CPRNWMZKNOIIML,2024.06,NEGATIVE,[M-H]-,15.0,R1,ion_mode=NEGATIVE precursor_type=[M-H]-
MSBNK-Eawag-EQ01148052,MSBNK-Eawag-EQ01148052.txt,CPRNWMZKNOIIML,CPRNWMZKNOIIML,2024.06,NEGATIVE,[M-H]-,30.0,R1,ion_mode=NEGATIVE precursor_type=[M-H]-
MSBNK-Eawag-EQ01148053,MSBNK-Eawag-EQ01148053.txt,CPRNWMZKNOIIML,CPRNWMZKNOIIML,2024.06,NEGATIVE,[M-H]-,45.0,R1,ion_mode=NEGATIVE precursor_type=[M-H]-
MSBNK-Eawag-EQ01148054,MSBNK-Eawag-EQ01148054.txt,CPRNWMZKNOIIML,CPRNWMZKNOIIML,2024.06,NEGATIVE,[M-H]-,60.0,R1,ion_mode=NEGATIVE precursor_type=[M-H]-
MSBNK-Eawag-EQ01148055,MSBNK-Eawag-EQ01148055.txt,CPRNWMZKNOIIML,CPRNWMZKNOIIML,2024.06,NEGATIVE,[M-H]-,75.0,R1,ion_mode=NEGATIVE precursor_type=[M-H]-
MSBNK-Eawag-EQ01148056,MSBNK-Eawag-EQ01148056.txt,CPRNWMZKNOIIML,CPRNWMZKNOIIML,2024.06,NEGATIVE,[M-H]-,90.0,R1,ion_mode=NEGATIVE precursor_type=[M-H]-
MSBNK-Eawag-EQ01148057,MSBNK-Eawag-EQ01148057.txt,CPRNWMZKNOIIML,CPRNWMZKNOIIML,2024.06,NEGATIVE,[M-H]-,120.0,R1,ion_mode=NEGATIVE precursor_type=[M-H]-
MSBNK-Eawag-EQ01148058,MSBNK-Eawag-EQ01148058.txt,CPRNWMZKNOIIML,CPRNWMZKNOIIML,2024.06,NEGATIVE,[M-H]-,150.0,R1,ion_mode=NEGATIVE precursor_type=[M-H]-
MSBNK-Eawag-EQ01148059,MSBNK-Eawag-EQ01148059.txt,CPRNWMZKNOIIML,CPRNWMZKNOIIML,2024.06,NEGATIVE,[M-H]-,180.0,R1,ion_mode=NEGATIVE precursor_type=[M-H]-
MSBNK-Eawag-EQ01149701,MSBNK-Eawag-EQ01149701.txt,RGHHSNMVTDWUBI,RGHHSNMVTDWUBI,2024.06,POSITIVE,[M+H]+,15.0,R4,nce=15 not an adjudication cell (30 or 60)
MSBNK-Eawag-EQ01149702,MSBNK-Eawag-EQ01149702.txt,RGHHSNMVTDWUBI,RGHHSNMVTDWUBI,2024.06,POSITIVE,[M+H]+,30.0,R8,R8a: compound key in MassSpecGym 1.5 by the recorded InChIKey route
MSBNK-Eawag-EQ01149703,MSBNK-Eawag-EQ01149703.txt,RGHHSNMVTDWUBI,RGHHSNMVTDWUBI,2024.06,POSITIVE,[M+H]+,45.0,R4,nce=45 not an adjudication cell (30 or 60)
MSBNK-Eawag-EQ01149704,MSBNK-Eawag-EQ01149704.txt,RGHHSNMVTDWUBI,RGHHSNMVTDWUBI,2024.06,POSITIVE,[M+H]+,60.0,R8,R8a: compound key in MassSpecGym 1.5 by the recorded InChIKey route
MSBNK-Eawag-EQ01149705,MSBNK-Eawag-EQ01149705.txt,RGHHSNMVTDWUBI,RGHHSNMVTDWUBI,2024.06,POSITIVE,[M+H]+,75.0,R4,nce=75 not an adjudication cell (30 or 60)
MSBNK-Eawag-EQ01149706,MSBNK-Eawag-EQ01149706.txt,RGHHSNMVTDWUBI,RGHHSNMVTDWUBI,2024.06,POSITIVE,[M+H]+,90.0,R4,nce=90 not an adjudication cell (30 or 60)
MSBNK-Eawag-EQ01149707,MSBNK-Eawag-EQ01149707.txt,RGHHSNMVTDWUBI,RGHHSNMVTDWUBI,2024.06,POSITIVE,[M+H]+,120.0,R4,nce=120 not an adjudication cell (30 or 60)
MSBNK-Eawag-EQ01149708,MSBNK-Eawag-EQ01149708.txt,RGHHSNMVTDWUBI,RGHHSNMVTDWUBI,2024.06,POSITIVE,[M+H]+,150.0,R4,nce=150 not an adjudication cell (30 or 60)
MSBNK-Eawag-EQ01149709,MSBNK-Eawag-EQ01149709.txt,RGHHSNMVTDWUBI,RGHHSNMVTDWUBI,2024.06,POSITIVE,[M+H]+,180.0,R4,nce=180 not an adjudication cell (30 or 60)
MSBNK-Eawag-EQ01149751,MSBNK-Eawag-EQ01149751.txt,RGHHSNMVTDWUBI,RGHHSNMVTDWUBI,2024.06,NEGATIVE,[M-H]-,15.0,R1,ion_mode=NEGATIVE precursor_type=[M-H]-
MSBNK-Eawag-EQ01149752,MSBNK-Eawag-EQ01149752.txt,RGHHSNMVTDWUBI,RGHHSNMVTDWUBI,2024.06,NEGATIVE,[M-H]-,30.0,R1,ion_mode=NEGATIVE precursor_type=[M-H]-
MSBNK-Eawag-EQ01149753,MSBNK-Eawag-EQ01149753.txt,RGHHSNMVTDWUBI,RGHHSNMVTDWUBI,2024.06,NEGATIVE,[M-H]-,45.0,R1,ion_mode=NEGATIVE precursor_type=[M-H]-
MSBNK-Eawag-EQ01149754,MSBNK-Eawag-EQ01149754.txt,RGHHSNMVTDWUBI,RGHHSNMVTDWUBI,2024.06,NEGATIVE,[M-H]-,60.0,R1,ion_mode=NEGATIVE precursor_type=[M-H]-
MSBNK-Eawag-EQ01149755,MSBNK-Eawag-EQ01149755.txt,RGHHSNMVTDWUBI,RGHHSNMVTDWUBI,2024.06,NEGATIVE,[M-H]-,75.0,R1,ion_mode=NEGATIVE precursor_type=[M-H]-
MSBNK-Eawag-EQ01149756,MSBNK-Eawag-EQ01149756.txt,RGHHSNMVTDWUBI,RGHHSNMVTDWUBI,2024.06,NEGATIVE,[M-H]-,90.0,R1,ion_mode=NEGATIVE precursor_type=[M-H]-
MSBNK-Eawag-EQ01149757,MSBNK-Eawag-EQ01149757.txt,RGHHSNMVTDWUBI,RGHHSNMVTDWUBI,2024.06,NEGATIVE,[M-H]-,120.0,R1,ion_mode=NEGATIVE precursor_type=[M-H]-
MSBNK-Eawag-EQ01149758,MSBNK-Eawag-EQ01149758.txt,RGHHSNMVTDWUBI,RGHHSNMVTDWUBI,2024.06,NEGATIVE,[M-H]-,150.0,R1,ion_mode=NEGATIVE precursor_type=[M-H]-
MSBNK-Eawag-EQ01149759,MSBNK-Eawag-EQ01149759.txt,RGHHSNMVTDWUBI,RGHHSNMVTDWUBI,2024.06,NEGATIVE,[M-H]-,180.0,R1,ion_mode=NEGATIVE precursor_type=[M-H]-
MSBNK-Eawag-EQ01149801,MSBNK-Eawag-EQ01149801.txt,NQDJXKOVJZTUJA,NQDJXKOVJZTUJA,2024.06,POSITIVE,[M+H]+,15.0,R4,nce=15 not an adjudication cell (30 or 60)
MSBNK-Eawag-EQ01149802,MSBNK-Eawag-EQ01149802.txt,NQDJXKOVJZTUJA,NQDJXKOVJZTUJA,2024.06,POSITIVE,[M+H]+,30.0,R8,R8a: compound key in MassSpecGym 1.5 by the recorded InChIKey route
MSBNK-Eawag-EQ01149803,MSBNK-Eawag-EQ01149803.txt,NQDJXKOVJZTUJA,NQDJXKOVJZTUJA,2024.06,POSITIVE,[M+H]+,45.0,R4,nce=45 not an adjudication cell (30 or 60)
MSBNK-Eawag-EQ01149804,MSBNK-Eawag-EQ01149804.txt,NQDJXKOVJZTUJA,NQDJXKOVJZTUJA,2024.06,POSITIVE,[M+H]+,60.0,R8,R8a: compound key in MassSpecGym 1.5 by the recorded InChIKey route
MSBNK-Eawag-EQ01149805,MSBNK-Eawag-EQ01149805.txt,NQDJXKOVJZTUJA,NQDJXKOVJZTUJA,2024.06,POSITIVE,[M+H]+,75.0,R4,nce=75 not an adjudication cell (30 or 60)
MSBNK-Eawag-EQ01149806,MSBNK-Eawag-EQ01149806.txt,NQDJXKOVJZTUJA,NQDJXKOVJZTUJA,2024.06,POSITIVE,[M+H]+,90.0,R4,nce=90 not an adjudication cell (30 or 60)
MSBNK-Eawag-EQ01149807,MSBNK-Eawag-EQ01149807.txt,NQDJXKOVJZTUJA,NQDJXKOVJZTUJA,2024.06,POSITIVE,[M+H]+,120.0,R4,nce=120 not an adjudication cell (30 or 60)
MSBNK-Eawag-EQ01149808,MSBNK-Eawag-EQ01149808.txt,NQDJXKOVJZTUJA,NQDJXKOVJZTUJA,2024.06,POSITIVE,[M+H]+,150.0,R4,nce=150 not an adjudication cell (30 or 60)
MSBNK-Eawag-EQ01149901,MSBNK-Eawag-EQ01149901.txt,BYPFEZZEUUWMEJ,BYPFEZZEUUWMEJ,2024.06,POSITIVE,[M+H]+,15.0,R4,nce=15 not an adjudication cell (30 or 60)
MSBNK-Eawag-EQ01149902,MSBNK-Eawag-EQ01149902.txt,BYPFEZZEUUWMEJ,BYPFEZZEUUWMEJ,2024.06,POSITIVE,[M+H]+,30.0,R8,R8a: compound key in MassSpecGym 1.5 by the recorded InChIKey route
MSBNK-Eawag-EQ01149903,MSBNK-Eawag-EQ01149903.txt,BYPFEZZEUUWMEJ,BYPFEZZEUUWMEJ,2024.06,POSITIVE,[M+H]+,45.0,R4,nce=45 not an adjudication cell (30 or 60)
MSBNK-Eawag-EQ01149904,MSBNK-Eawag-EQ01149904.txt,BYPFEZZEUUWMEJ,BYPFEZZEUUWMEJ,2024.06,POSITIVE,[M+H]+,60.0,R8,R8a: compound key in MassSpecGym 1.5 by the recorded InChIKey route
MSBNK-Eawag-EQ01149905,MSBNK-Eawag-EQ01149905.txt,BYPFEZZEUUWMEJ,BYPFEZZEUUWMEJ,2024.06,POSITIVE,[M+H]+,75.0,R4,nce=75 not an adjudication cell (30 or 60)
MSBNK-Eawag-EQ01149906,MSBNK-Eawag-EQ01149906.txt,BYPFEZZEUUWMEJ,BYPFEZZEUUWMEJ,2024.06,POSITIVE,[M+H]+,90.0,R4,nce=90 not an adjudication cell (30 or 60)
MSBNK-Eawag-EQ01149907,MSBNK-Eawag-EQ01149907.txt,BYPFEZZEUUWMEJ,BYPFEZZEUUWMEJ,2024.06,POSITIVE,[M+H]+,120.0,R4,nce=120 not an adjudication cell (30 or 60)
MSBNK-Eawag-EQ01149908,MSBNK-Eawag-EQ01149908.txt,BYPFEZZEUUWMEJ,BYPFEZZEUUWMEJ,2024.06,POSITIVE,[M+H]+,150.0,R4,nce=150 not an adjudication cell (30 or 60)
MSBNK-Eawag-EQ01150501,MSBNK-Eawag-EQ01150501.txt,ZFXYFBGIUFBOJW,ZFXYFBGIUFBOJW,2024.06,POSITIVE,[M+H]+,15.0,R4,nce=15 not an adjudication cell (30 or 60)
MSBNK-Eawag-EQ01150502,MSBNK-Eawag-EQ01150502.txt,ZFXYFBGIUFBOJW,ZFXYFBGIUFBOJW,2024.06,POSITIVE,[M+H]+,30.0,R8,R8a: compound key in MassSpecGym 1.5 by the recorded InChIKey route
MSBNK-Eawag-EQ01150503,MSBNK-Eawag-EQ01150503.txt,ZFXYFBGIUFBOJW,ZFXYFBGIUFBOJW,2024.06,POSITIVE,[M+H]+,45.0,R4,nce=45 not an adjudication cell (30 or 60)
MSBNK-Eawag-EQ01150504,MSBNK-Eawag-EQ01150504.txt,ZFXYFBGIUFBOJW,ZFXYFBGIUFBOJW,2024.06,POSITIVE,[M+H]+,60.0,R8,R8a: compound key in MassSpecGym 1.5 by the recorded InChIKey route
MSBNK-Eawag-EQ01150505,MSBNK-Eawag-EQ01150505.txt,ZFXYFBGIUFBOJW,ZFXYFBGIUFBOJW,2024.06,POSITIVE,[M+H]+,75.0,R4,nce=75 not an adjudication cell (30 or 60)
MSBNK-Eawag-EQ01150506,MSBNK-Eawag-EQ01150506.txt,ZFXYFBGIUFBOJW,ZFXYFBGIUFBOJW,2024.06,POSITIVE,[M+H]+,90.0,R4,nce=90 not an adjudication cell (30 or 60)
MSBNK-Eawag-EQ01150507,MSBNK-Eawag-EQ01150507.txt,ZFXYFBGIUFBOJW,ZFXYFBGIUFBOJW,2024.06,POSITIVE,[M+H]+,120.0,R4,nce=120 not an adjudication cell (30 or 60)
MSBNK-Eawag-EQ01150508,MSBNK-Eawag-EQ01150508.txt,ZFXYFBGIUFBOJW,ZFXYFBGIUFBOJW,2024.06,POSITIVE,[M+H]+,150.0,R4,nce=150 not an adjudication cell (30 or 60)
MSBNK-Eawag-EQ01150509,MSBNK-Eawag-EQ01150509.txt,ZFXYFBGIUFBOJW,ZFXYFBGIUFBOJW,2024.06,POSITIVE,[M+H]+,180.0,R4,nce=180 not an adjudication cell (30 or 60)
MSBNK-Eawag-EQ01150551,MSBNK-Eawag-EQ01150551.txt,ZFXYFBGIUFBOJW,ZFXYFBGIUFBOJW,2024.06,NEGATIVE,[M-H]-,15.0,R1,ion_mode=NEGATIVE precursor_type=[M-H]-
MSBNK-Eawag-EQ01150552,MSBNK-Eawag-EQ01150552.txt,ZFXYFBGIUFBOJW,ZFXYFBGIUFBOJW,2024.06,NEGATIVE,[M-H]-,30.0,R1,ion_mode=NEGATIVE precursor_type=[M-H]-
MSBNK-Eawag-EQ01150553,MSBNK-Eawag-EQ01150553.txt,ZFXYFBGIUFBOJW,ZFXYFBGIUFBOJW,2024.06,NEGATIVE,[M-H]-,45.0,R1,ion_mode=NEGATIVE precursor_type=[M-H]-
MSBNK-Eawag-EQ01150554,MSBNK-Eawag-EQ01150554.txt,ZFXYFBGIUFBOJW,ZFXYFBGIUFBOJW,2024.06,NEGATIVE,[M-H]-,60.0,R1,ion_mode=NEGATIVE precursor_type=[M-H]-
MSBNK-Eawag-EQ01150555,MSBNK-Eawag-EQ01150555.txt,ZFXYFBGIUFBOJW,ZFXYFBGIUFBOJW,2024.06,NEGATIVE,[M-H]-,75.0,R1,ion_mode=NEGATIVE precursor_type=[M-H]-
MSBNK-Eawag-EQ01150556,MSBNK-Eawag-EQ01150556.txt,ZFXYFBGIUFBOJW,ZFXYFBGIUFBOJW,2024.06,NEGATIVE,[M-H]-,90.0,R1,ion_mode=NEGATIVE precursor_type=[M-H]-
MSBNK-Eawag-EQ01150557,MSBNK-Eawag-EQ01150557.txt,ZFXYFBGIUFBOJW,ZFXYFBGIUFBOJW,2024.06,NEGATIVE,[M-H]-,120.0,R1,ion_mode=NEGATIVE precursor_type=[M-H]-
MSBNK-Eawag-EQ01150558,MSBNK-Eawag-EQ01150558.txt,ZFXYFBGIUFBOJW,ZFXYFBGIUFBOJW,2024.06,NEGATIVE,[M-H]-,150.0,R1,ion_mode=NEGATIVE precursor_type=[M-H]-
MSBNK-Eawag-EQ01150559,MSBNK-Eawag-EQ01150559.txt,ZFXYFBGIUFBOJW,ZFXYFBGIUFBOJW,2024.06,NEGATIVE,[M-H]-,180.0,R1,ion_mode=NEGATIVE precursor_type=[M-H]-
MSBNK-Eawag-EQ01150601,MSBNK-Eawag-EQ01150601.txt,MVOYJPOZRLFTCP,MVOYJPOZRLFTCP,2024.06,POSITIVE,[M+H]+,15.0,R4,nce=15 not an adjudication cell (30 or 60)
MSBNK-Eawag-EQ01150602,MSBNK-Eawag-EQ01150602.txt,MVOYJPOZRLFTCP,MVOYJPOZRLFTCP,2024.06,POSITIVE,[M+H]+,30.0,R8,R8a: compound key in MassSpecGym 1.5 by the recorded InChIKey route
MSBNK-Eawag-EQ01150603,MSBNK-Eawag-EQ01150603.txt,MVOYJPOZRLFTCP,MVOYJPOZRLFTCP,2024.06,POSITIVE,[M+H]+,45.0,R4,nce=45 not an adjudication cell (30 or 60)
MSBNK-Eawag-EQ01150604,MSBNK-Eawag-EQ01150604.txt,MVOYJPOZRLFTCP,MVOYJPOZRLFTCP,2024.06,POSITIVE,[M+H]+,60.0,R8,R8a: compound key in MassSpecGym 1.5 by the recorded InChIKey route
MSBNK-Eawag-EQ01150605,MSBNK-Eawag-EQ01150605.txt,MVOYJPOZRLFTCP,MVOYJPOZRLFTCP,2024.06,POSITIVE,[M+H]+,75.0,R4,nce=75 not an adjudication cell (30 or 60)
MSBNK-Eawag-EQ01150606,MSBNK-Eawag-EQ01150606.txt,MVOYJPOZRLFTCP,MVOYJPOZRLFTCP,2024.06,POSITIVE,[M+H]+,90.0,R4,nce=90 not an adjudication cell (30 or 60)
MSBNK-Eawag-EQ01150607,MSBNK-Eawag-EQ01150607.txt,MVOYJPOZRLFTCP,MVOYJPOZRLFTCP,2024.06,POSITIVE,[M+H]+,120.0,R4,nce=120 not an adjudication cell (30 or 60)
MSBNK-Eawag-EQ01150608,MSBNK-Eawag-EQ01150608.txt,MVOYJPOZRLFTCP,MVOYJPOZRLFTCP,2024.06,POSITIVE,[M+H]+,150.0,R4,nce=150 not an adjudication cell (30 or 60)
MSBNK-Eawag-EQ01150609,MSBNK-Eawag-EQ01150609.txt,MVOYJPOZRLFTCP,MVOYJPOZRLFTCP,2024.06,POSITIVE,[M+H]+,180.0,R4,nce=180 not an adjudication cell (30 or 60)
MSBNK-Eawag-EQ01150651,MSBNK-Eawag-EQ01150651.txt,MVOYJPOZRLFTCP,MVOYJPOZRLFTCP,2024.06,NEGATIVE,[M-H]-,15.0,R1,ion_mode=NEGATIVE precursor_type=[M-H]-
MSBNK-Eawag-EQ01150652,MSBNK-Eawag-EQ01150652.txt,MVOYJPOZRLFTCP,MVOYJPOZRLFTCP,2024.06,NEGATIVE,[M-H]-,30.0,R1,ion_mode=NEGATIVE precursor_type=[M-H]-
MSBNK-Eawag-EQ01150653,MSBNK-Eawag-EQ01150653.txt,MVOYJPOZRLFTCP,MVOYJPOZRLFTCP,2024.06,NEGATIVE,[M-H]-,45.0,R1,ion_mode=NEGATIVE precursor_type=[M-H]-
MSBNK-Eawag-EQ01150654,MSBNK-Eawag-EQ01150654.txt,MVOYJPOZRLFTCP,MVOYJPOZRLFTCP,2024.06,NEGATIVE,[M-H]-,60.0,R1,ion_mode=NEGATIVE precursor_type=[M-H]-
MSBNK-Eawag-EQ01150655,MSBNK-Eawag-EQ01150655.txt,MVOYJPOZRLFTCP,MVOYJPOZRLFTCP,2024.06,NEGATIVE,[M-H]-,75.0,R1,ion_mode=NEGATIVE precursor_type=[M-H]-
MSBNK-Eawag-EQ01150656,MSBNK-Eawag-EQ01150656.txt,MVOYJPOZRLFTCP,MVOYJPOZRLFTCP,2024.06,NEGATIVE,[M-H]-,90.0,R1,ion_mode=NEGATIVE precursor_type=[M-H]-
MSBNK-Eawag-EQ01150657,MSBNK-Eawag-EQ01150657.txt,MVOYJPOZRLFTCP,MVOYJPOZRLFTCP,2024.06,NEGATIVE,[M-H]-,120.0,R1,ion_mode=NEGATIVE precursor_type=[M-H]-
MSBNK-Eawag-EQ01150658,MSBNK-Eawag-EQ01150658.txt,MVOYJPOZRLFTCP,MVOYJPOZRLFTCP,2024.06,NEGATIVE,[M-H]-,150.0,R1,ion_mode=NEGATIVE precursor_type=[M-H]-
MSBNK-Eawag-EQ01150701,MSBNK-Eawag-EQ01150701.txt,LOUPRKONTZGTKE,LOUPRKONTZGTKE,2024.06,POSITIVE,[M+H]+,15.0,R4,nce=15 not an adjudication cell (30 or 60)
MSBNK-Eawag-EQ01150702,MSBNK-Eawag-EQ01150702.txt,LOUPRKONTZGTKE,LOUPRKONTZGTKE,2024.06,POSITIVE,[M+H]+,30.0,R8,R8a: compound key in MassSpecGym 1.5 by the recorded InChIKey route
MSBNK-Eawag-EQ01150703,MSBNK-Eawag-EQ01150703.txt,LOUPRKONTZGTKE,LOUPRKONTZGTKE,2024.06,POSITIVE,[M+H]+,45.0,R4,nce=45 not an adjudication cell (30 or 60)
MSBNK-Eawag-EQ01150704,MSBNK-Eawag-EQ01150704.txt,LOUPRKONTZGTKE,LOUPRKONTZGTKE,2024.06,POSITIVE,[M+H]+,60.0,R8,R8a: compound key in MassSpecGym 1.5 by the recorded InChIKey route
MSBNK-Eawag-EQ01150705,MSBNK-Eawag-EQ01150705.txt,LOUPRKONTZGTKE,LOUPRKONTZGTKE,2024.06,POSITIVE,[M+H]+,75.0,R4,nce=75 not an adjudication cell (30 or 60)
MSBNK-Eawag-EQ01150706,MSBNK-Eawag-EQ01150706.txt,LOUPRKONTZGTKE,LOUPRKONTZGTKE,2024.06,POSITIVE,[M+H]+,90.0,R4,nce=90 not an adjudication cell (30 or 60)
MSBNK-Eawag-EQ01150707,MSBNK-Eawag-EQ01150707.txt,LOUPRKONTZGTKE,LOUPRKONTZGTKE,2024.06,POSITIVE,[M+H]+,120.0,R4,nce=120 not an adjudication cell (30 or 60)
MSBNK-Eawag-EQ01150708,MSBNK-Eawag-EQ01150708.txt,LOUPRKONTZGTKE,LOUPRKONTZGTKE,2024.06,POSITIVE,[M+H]+,150.0,R4,nce=150 not an adjudication cell (30 or 60)
MSBNK-Eawag-EQ01150709,MSBNK-Eawag-EQ01150709.txt,LOUPRKONTZGTKE,LOUPRKONTZGTKE,2024.06,POSITIVE,[M+H]+,180.0,R4,nce=180 not an adjudication cell (30 or 60)
MSBNK-Eawag-EQ01150801,MSBNK-Eawag-EQ01150801.txt,AIONOLUJZLIMTK,AIONOLUJZLIMTK,2024.06,POSITIVE,[M+H]+,15.0,R4,nce=15 not an adjudication cell (30 or 60)
MSBNK-Eawag-EQ01150802,MSBNK-Eawag-EQ01150802.txt,AIONOLUJZLIMTK,AIONOLUJZLIMTK,2024.06,POSITIVE,[M+H]+,30.0,R8,R8a: compound key in MassSpecGym 1.5 by the recorded InChIKey route
MSBNK-Eawag-EQ01150803,MSBNK-Eawag-EQ01150803.txt,AIONOLUJZLIMTK,AIONOLUJZLIMTK,2024.06,POSITIVE,[M+H]+,45.0,R4,nce=45 not an adjudication cell (30 or 60)
MSBNK-Eawag-EQ01150804,MSBNK-Eawag-EQ01150804.txt,AIONOLUJZLIMTK,AIONOLUJZLIMTK,2024.06,POSITIVE,[M+H]+,60.0,R8,R8a: compound key in MassSpecGym 1.5 by the recorded InChIKey route
MSBNK-Eawag-EQ01150805,MSBNK-Eawag-EQ01150805.txt,AIONOLUJZLIMTK,AIONOLUJZLIMTK,2024.06,POSITIVE,[M+H]+,75.0,R4,nce=75 not an adjudication cell (30 or 60)
MSBNK-Eawag-EQ01150806,MSBNK-Eawag-EQ01150806.txt,AIONOLUJZLIMTK,AIONOLUJZLIMTK,2024.06,POSITIVE,[M+H]+,90.0,R4,nce=90 not an adjudication cell (30 or 60)
MSBNK-Eawag-EQ01150807,MSBNK-Eawag-EQ01150807.txt,AIONOLUJZLIMTK,AIONOLUJZLIMTK,2024.06,POSITIVE,[M+H]+,120.0,R4,nce=120 not an adjudication cell (30 or 60)
MSBNK-Eawag-EQ01150808,MSBNK-Eawag-EQ01150808.txt,AIONOLUJZLIMTK,AIONOLUJZLIMTK,2024.06,POSITIVE,[M+H]+,150.0,R4,nce=150 not an adjudication cell (30 or 60)
MSBNK-Eawag-EQ01150809,MSBNK-Eawag-EQ01150809.txt,AIONOLUJZLIMTK,AIONOLUJZLIMTK,2024.06,POSITIVE,[M+H]+,180.0,R4,nce=180 not an adjudication cell (30 or 60)
MSBNK-Eawag-EQ01150851,MSBNK-Eawag-EQ01150851.txt,AIONOLUJZLIMTK,AIONOLUJZLIMTK,2024.06,NEGATIVE,[M-H]-,15.0,R1,ion_mode=NEGATIVE precursor_type=[M-H]-
MSBNK-Eawag-EQ01150852,MSBNK-Eawag-EQ01150852.txt,AIONOLUJZLIMTK,AIONOLUJZLIMTK,2024.06,NEGATIVE,[M-H]-,30.0,R1,ion_mode=NEGATIVE precursor_type=[M-H]-
MSBNK-Eawag-EQ01150853,MSBNK-Eawag-EQ01150853.txt,AIONOLUJZLIMTK,AIONOLUJZLIMTK,2024.06,NEGATIVE,[M-H]-,45.0,R1,ion_mode=NEGATIVE precursor_type=[M-H]-
MSBNK-Eawag-EQ01150854,MSBNK-Eawag-EQ01150854.txt,AIONOLUJZLIMTK,AIONOLUJZLIMTK,2024.06,NEGATIVE,[M-H]-,60.0,R1,ion_mode=NEGATIVE precursor_type=[M-H]-
MSBNK-Eawag-EQ01150855,MSBNK-Eawag-EQ01150855.txt,AIONOLUJZLIMTK,AIONOLUJZLIMTK,2024.06,NEGATIVE,[M-H]-,75.0,R1,ion_mode=NEGATIVE precursor_type=[M-H]-
MSBNK-Eawag-EQ01150856,MSBNK-Eawag-EQ01150856.txt,AIONOLUJZLIMTK,AIONOLUJZLIMTK,2024.06,NEGATIVE,[M-H]-,90.0,R1,ion_mode=NEGATIVE precursor_type=[M-H]-
MSBNK-Eawag-EQ01150857,MSBNK-Eawag-EQ01150857.txt,AIONOLUJZLIMTK,AIONOLUJZLIMTK,2024.06,NEGATIVE,[M-H]-,120.0,R1,ion_mode=NEGATIVE precursor_type=[M-H]-
MSBNK-Eawag-EQ01150901,MSBNK-Eawag-EQ01150901.txt,BYXCFUMGEBZDDI,BYXCFUMGEBZDDI,2024.06,POSITIVE,[M+H]+,15.0,R4,nce=15 not an adjudication cell (30 or 60)
MSBNK-Eawag-EQ01150902,MSBNK-Eawag-EQ01150902.txt,BYXCFUMGEBZDDI,BYXCFUMGEBZDDI,2024.06,POSITIVE,[M+H]+,30.0,R8,R8a: compound key in MassSpecGym 1.5 by the recorded InChIKey route
MSBNK-Eawag-EQ01150903,MSBNK-Eawag-EQ01150903.txt,BYXCFUMGEBZDDI,BYXCFUMGEBZDDI,2024.06,POSITIVE,[M+H]+,45.0,R4,nce=45 not an adjudication cell (30 or 60)
MSBNK-Eawag-EQ01150904,MSBNK-Eawag-EQ01150904.txt,BYXCFUMGEBZDDI,BYXCFUMGEBZDDI,2024.06,POSITIVE,[M+H]+,60.0,R8,R8a: compound key in MassSpecGym 1.5 by the recorded InChIKey route
MSBNK-Eawag-EQ01150905,MSBNK-Eawag-EQ01150905.txt,BYXCFUMGEBZDDI,BYXCFUMGEBZDDI,2024.06,POSITIVE,[M+H]+,75.0,R4,nce=75 not an adjudication cell (30 or 60)
MSBNK-Eawag-EQ01150906,MSBNK-Eawag-EQ01150906.txt,BYXCFUMGEBZDDI,BYXCFUMGEBZDDI,2024.06,POSITIVE,[M+H]+,90.0,R4,nce=90 not an adjudication cell (30 or 60)
MSBNK-Eawag-EQ01150907,MSBNK-Eawag-EQ01150907.txt,BYXCFUMGEBZDDI,BYXCFUMGEBZDDI,2024.06,POSITIVE,[M+H]+,120.0,R4,nce=120 not an adjudication cell (30 or 60)
MSBNK-Eawag-EQ01150951,MSBNK-Eawag-EQ01150951.txt,BYXCFUMGEBZDDI,BYXCFUMGEBZDDI,2024.06,NEGATIVE,[M-H]-,15.0,R1,ion_mode=NEGATIVE precursor_type=[M-H]-
MSBNK-Eawag-EQ01150952,MSBNK-Eawag-EQ01150952.txt,BYXCFUMGEBZDDI,BYXCFUMGEBZDDI,2024.06,NEGATIVE,[M-H]-,30.0,R1,ion_mode=NEGATIVE precursor_type=[M-H]-
MSBNK-Eawag-EQ01150953,MSBNK-Eawag-EQ01150953.txt,BYXCFUMGEBZDDI,BYXCFUMGEBZDDI,2024.06,NEGATIVE,[M-H]-,45.0,R1,ion_mode=NEGATIVE precursor_type=[M-H]-
MSBNK-Eawag-EQ01150954,MSBNK-Eawag-EQ01150954.txt,BYXCFUMGEBZDDI,BYXCFUMGEBZDDI,2024.06,NEGATIVE,[M-H]-,60.0,R1,ion_mode=NEGATIVE precursor_type=[M-H]-
MSBNK-Eawag-EQ01150955,MSBNK-Eawag-EQ01150955.txt,BYXCFUMGEBZDDI,BYXCFUMGEBZDDI,2024.06,NEGATIVE,[M-H]-,75.0,R1,ion_mode=NEGATIVE precursor_type=[M-H]-
MSBNK-Eawag-EQ01150956,MSBNK-Eawag-EQ01150956.txt,BYXCFUMGEBZDDI,BYXCFUMGEBZDDI,2024.06,NEGATIVE,[M-H]-,90.0,R1,ion_mode=NEGATIVE precursor_type=[M-H]-
MSBNK-Eawag-EQ01150957,MSBNK-Eawag-EQ01150957.txt,BYXCFUMGEBZDDI,BYXCFUMGEBZDDI,2024.06,NEGATIVE,[M-H]-,120.0,R1,ion_mode=NEGATIVE precursor_type=[M-H]-
MSBNK-Eawag-EQ01151001,MSBNK-Eawag-EQ01151001.txt,LOMZTTMTKSVHAG,LOMZTTMTKSVHAG,2024.06,POSITIVE,[M+H]+,15.0,R4,nce=15 not an adjudication cell (30 or 60)
MSBNK-Eawag-EQ01151002,MSBNK-Eawag-EQ01151002.txt,LOMZTTMTKSVHAG,LOMZTTMTKSVHAG,2024.06,POSITIVE,[M+H]+,30.0,PASS,eligible
MSBNK-Eawag-EQ01151003,MSBNK-Eawag-EQ01151003.txt,LOMZTTMTKSVHAG,LOMZTTMTKSVHAG,2024.06,POSITIVE,[M+H]+,45.0,R4,nce=45 not an adjudication cell (30 or 60)
MSBNK-Eawag-EQ01151004,MSBNK-Eawag-EQ01151004.txt,LOMZTTMTKSVHAG,LOMZTTMTKSVHAG,2024.06,POSITIVE,[M+H]+,60.0,PASS,eligible
MSBNK-Eawag-EQ01151201,MSBNK-Eawag-EQ01151201.txt,BMPDWHIDQYTSHX,BMPDWHIDQYTSHX,2024.06,POSITIVE,[M+H]+,15.0,R4,nce=15 not an adjudication cell (30 or 60)
MSBNK-Eawag-EQ01151202,MSBNK-Eawag-EQ01151202.txt,BMPDWHIDQYTSHX,BMPDWHIDQYTSHX,2024.06,POSITIVE,[M+H]+,30.0,R8,R8a: compound key in MassSpecGym 1.5 by the recorded InChIKey route
MSBNK-Eawag-EQ01151203,MSBNK-Eawag-EQ01151203.txt,BMPDWHIDQYTSHX,BMPDWHIDQYTSHX,2024.06,POSITIVE,[M+H]+,45.0,R4,nce=45 not an adjudication cell (30 or 60)
MSBNK-Eawag-EQ01151204,MSBNK-Eawag-EQ01151204.txt,BMPDWHIDQYTSHX,BMPDWHIDQYTSHX,2024.06,POSITIVE,[M+H]+,60.0,R8,R8a: compound key in MassSpecGym 1.5 by the recorded InChIKey route
MSBNK-Eawag-EQ01151205,MSBNK-Eawag-EQ01151205.txt,BMPDWHIDQYTSHX,BMPDWHIDQYTSHX,2024.06,POSITIVE,[M+H]+,75.0,R4,nce=75 not an adjudication cell (30 or 60)
MSBNK-Eawag-EQ01151206,MSBNK-Eawag-EQ01151206.txt,BMPDWHIDQYTSHX,BMPDWHIDQYTSHX,2024.06,POSITIVE,[M+H]+,90.0,R4,nce=90 not an adjudication cell (30 or 60)
MSBNK-Eawag-EQ01151207,MSBNK-Eawag-EQ01151207.txt,BMPDWHIDQYTSHX,BMPDWHIDQYTSHX,2024.06,POSITIVE,[M+H]+,120.0,R4,nce=120 not an adjudication cell (30 or 60)
MSBNK-Eawag-EQ01151208,MSBNK-Eawag-EQ01151208.txt,BMPDWHIDQYTSHX,BMPDWHIDQYTSHX,2024.06,POSITIVE,[M+H]+,150.0,R4,nce=150 not an adjudication cell (30 or 60)
MSBNK-Eawag-EQ01151209,MSBNK-Eawag-EQ01151209.txt,BMPDWHIDQYTSHX,BMPDWHIDQYTSHX,2024.06,POSITIVE,[M+H]+,180.0,R4,nce=180 not an adjudication cell (30 or 60)
MSBNK-Eawag-EQ01151301,MSBNK-Eawag-EQ01151301.txt,LJROKJGQSPMTKB,LJROKJGQSPMTKB,2024.06,POSITIVE,[M+H]+,15.0,R4,nce=15 not an adjudication cell (30 or 60)
MSBNK-Eawag-EQ01151302,MSBNK-Eawag-EQ01151302.txt,LJROKJGQSPMTKB,LJROKJGQSPMTKB,2024.06,POSITIVE,[M+H]+,30.0,R8,R8i: scaffold group guard: group in the MURU exposure registry
MSBNK-Eawag-EQ01151303,MSBNK-Eawag-EQ01151303.txt,LJROKJGQSPMTKB,LJROKJGQSPMTKB,2024.06,POSITIVE,[M+H]+,45.0,R4,nce=45 not an adjudication cell (30 or 60)
MSBNK-Eawag-EQ01151304,MSBNK-Eawag-EQ01151304.txt,LJROKJGQSPMTKB,LJROKJGQSPMTKB,2024.06,POSITIVE,[M+H]+,60.0,R8,R8i: scaffold group guard: group in the MURU exposure registry
MSBNK-Eawag-EQ01151305,MSBNK-Eawag-EQ01151305.txt,LJROKJGQSPMTKB,LJROKJGQSPMTKB,2024.06,POSITIVE,[M+H]+,75.0,R4,nce=75 not an adjudication cell (30 or 60)
MSBNK-Eawag-EQ01151306,MSBNK-Eawag-EQ01151306.txt,LJROKJGQSPMTKB,LJROKJGQSPMTKB,2024.06,POSITIVE,[M+H]+,90.0,R4,nce=90 not an adjudication cell (30 or 60)
MSBNK-Eawag-EQ01151307,MSBNK-Eawag-EQ01151307.txt,LJROKJGQSPMTKB,LJROKJGQSPMTKB,2024.06,POSITIVE,[M+H]+,120.0,R4,nce=120 not an adjudication cell (30 or 60)
MSBNK-Eawag-EQ01151308,MSBNK-Eawag-EQ01151308.txt,LJROKJGQSPMTKB,LJROKJGQSPMTKB,2024.06,POSITIVE,[M+H]+,150.0,R4,nce=150 not an adjudication cell (30 or 60)
MSBNK-Eawag-EQ01151309,MSBNK-Eawag-EQ01151309.txt,LJROKJGQSPMTKB,LJROKJGQSPMTKB,2024.06,POSITIVE,[M+H]+,180.0,R4,nce=180 not an adjudication cell (30 or 60)
MSBNK-Eawag-EQ01151401,MSBNK-Eawag-EQ01151401.txt,MKUXAQIIEYXACX,MKUXAQIIEYXACX,2024.06,POSITIVE,[M+H]+,15.0,R4,nce=15 not an adjudication cell (30 or 60)
MSBNK-Eawag-EQ01151402,MSBNK-Eawag-EQ01151402.txt,MKUXAQIIEYXACX,MKUXAQIIEYXACX,2024.06,POSITIVE,[M+H]+,30.0,R8,R8a: compound key in MassSpecGym 1.5 by the recorded InChIKey route
MSBNK-Eawag-EQ01151403,MSBNK-Eawag-EQ01151403.txt,MKUXAQIIEYXACX,MKUXAQIIEYXACX,2024.06,POSITIVE,[M+H]+,45.0,R4,nce=45 not an adjudication cell (30 or 60)
MSBNK-Eawag-EQ01151404,MSBNK-Eawag-EQ01151404.txt,MKUXAQIIEYXACX,MKUXAQIIEYXACX,2024.06,POSITIVE,[M+H]+,60.0,R8,R8a: compound key in MassSpecGym 1.5 by the recorded InChIKey route
MSBNK-Eawag-EQ01151405,MSBNK-Eawag-EQ01151405.txt,MKUXAQIIEYXACX,MKUXAQIIEYXACX,2024.06,POSITIVE,[M+H]+,75.0,R4,nce=75 not an adjudication cell (30 or 60)
MSBNK-Eawag-EQ01151406,MSBNK-Eawag-EQ01151406.txt,MKUXAQIIEYXACX,MKUXAQIIEYXACX,2024.06,POSITIVE,[M+H]+,90.0,R4,nce=90 not an adjudication cell (30 or 60)
MSBNK-Eawag-EQ01151407,MSBNK-Eawag-EQ01151407.txt,MKUXAQIIEYXACX,MKUXAQIIEYXACX,2024.06,POSITIVE,[M+H]+,120.0,R4,nce=120 not an adjudication cell (30 or 60)
MSBNK-Eawag-EQ01151408,MSBNK-Eawag-EQ01151408.txt,MKUXAQIIEYXACX,MKUXAQIIEYXACX,2024.06,POSITIVE,[M+H]+,150.0,R4,nce=150 not an adjudication cell (30 or 60)
MSBNK-Eawag-EQ01151409,MSBNK-Eawag-EQ01151409.txt,MKUXAQIIEYXACX,MKUXAQIIEYXACX,2024.06,POSITIVE,[M+H]+,180.0,R4,nce=180 not an adjudication cell (30 or 60)
MSBNK-Eawag-EQ01151451,MSBNK-Eawag-EQ01151451.txt,MKUXAQIIEYXACX,MKUXAQIIEYXACX,2024.06,NEGATIVE,[M-H]-,15.0,R1,ion_mode=NEGATIVE precursor_type=[M-H]-
MSBNK-Eawag-EQ01151452,MSBNK-Eawag-EQ01151452.txt,MKUXAQIIEYXACX,MKUXAQIIEYXACX,2024.06,NEGATIVE,[M-H]-,30.0,R1,ion_mode=NEGATIVE precursor_type=[M-H]-
MSBNK-Eawag-EQ01151453,MSBNK-Eawag-EQ01151453.txt,MKUXAQIIEYXACX,MKUXAQIIEYXACX,2024.06,NEGATIVE,[M-H]-,45.0,R1,ion_mode=NEGATIVE precursor_type=[M-H]-
MSBNK-Eawag-EQ01151454,MSBNK-Eawag-EQ01151454.txt,MKUXAQIIEYXACX,MKUXAQIIEYXACX,2024.06,NEGATIVE,[M-H]-,60.0,R1,ion_mode=NEGATIVE precursor_type=[M-H]-
MSBNK-Eawag-EQ01151455,MSBNK-Eawag-EQ01151455.txt,MKUXAQIIEYXACX,MKUXAQIIEYXACX,2024.06,NEGATIVE,[M-H]-,75.0,R1,ion_mode=NEGATIVE precursor_type=[M-H]-
MSBNK-Eawag-EQ01151456,MSBNK-Eawag-EQ01151456.txt,MKUXAQIIEYXACX,MKUXAQIIEYXACX,2024.06,NEGATIVE,[M-H]-,90.0,R1,ion_mode=NEGATIVE precursor_type=[M-H]-
MSBNK-Eawag-EQ01151457,MSBNK-Eawag-EQ01151457.txt,MKUXAQIIEYXACX,MKUXAQIIEYXACX,2024.06,NEGATIVE,[M-H]-,120.0,R1,ion_mode=NEGATIVE precursor_type=[M-H]-
MSBNK-Eawag-EQ01151458,MSBNK-Eawag-EQ01151458.txt,MKUXAQIIEYXACX,MKUXAQIIEYXACX,2024.06,NEGATIVE,[M-H]-,150.0,R1,ion_mode=NEGATIVE precursor_type=[M-H]-
MSBNK-Eawag-EQ01151459,MSBNK-Eawag-EQ01151459.txt,MKUXAQIIEYXACX,MKUXAQIIEYXACX,2024.06,NEGATIVE,[M-H]-,180.0,R1,ion_mode=NEGATIVE precursor_type=[M-H]-
MSBNK-Eawag-EQ01151501,MSBNK-Eawag-EQ01151501.txt,ZEUXAIYYDDCIRX,ZEUXAIYYDDCIRX,2024.06,POSITIVE,[M+H]+,15.0,R4,nce=15 not an adjudication cell (30 or 60)
MSBNK-Eawag-EQ01151502,MSBNK-Eawag-EQ01151502.txt,ZEUXAIYYDDCIRX,ZEUXAIYYDDCIRX,2024.06,POSITIVE,[M+H]+,30.0,R8,R8a: compound key in MassSpecGym 1.5 by the recorded InChIKey route
MSBNK-Eawag-EQ01151503,MSBNK-Eawag-EQ01151503.txt,ZEUXAIYYDDCIRX,ZEUXAIYYDDCIRX,2024.06,POSITIVE,[M+H]+,45.0,R4,nce=45 not an adjudication cell (30 or 60)
MSBNK-Eawag-EQ01151504,MSBNK-Eawag-EQ01151504.txt,ZEUXAIYYDDCIRX,ZEUXAIYYDDCIRX,2024.06,POSITIVE,[M+H]+,60.0,R8,R8a: compound key in MassSpecGym 1.5 by the recorded InChIKey route
MSBNK-Eawag-EQ01151505,MSBNK-Eawag-EQ01151505.txt,ZEUXAIYYDDCIRX,ZEUXAIYYDDCIRX,2024.06,POSITIVE,[M+H]+,75.0,R4,nce=75 not an adjudication cell (30 or 60)
MSBNK-Eawag-EQ01151506,MSBNK-Eawag-EQ01151506.txt,ZEUXAIYYDDCIRX,ZEUXAIYYDDCIRX,2024.06,POSITIVE,[M+H]+,90.0,R4,nce=90 not an adjudication cell (30 or 60)
MSBNK-Eawag-EQ01151507,MSBNK-Eawag-EQ01151507.txt,ZEUXAIYYDDCIRX,ZEUXAIYYDDCIRX,2024.06,POSITIVE,[M+H]+,120.0,R4,nce=120 not an adjudication cell (30 or 60)
MSBNK-Eawag-EQ01151508,MSBNK-Eawag-EQ01151508.txt,ZEUXAIYYDDCIRX,ZEUXAIYYDDCIRX,2024.06,POSITIVE,[M+H]+,150.0,R4,nce=150 not an adjudication cell (30 or 60)
MSBNK-Eawag-EQ01151509,MSBNK-Eawag-EQ01151509.txt,ZEUXAIYYDDCIRX,ZEUXAIYYDDCIRX,2024.06,POSITIVE,[M+H]+,180.0,R4,nce=180 not an adjudication cell (30 or 60)
MSBNK-Eawag-EQ01151551,MSBNK-Eawag-EQ01151551.txt,ZEUXAIYYDDCIRX,ZEUXAIYYDDCIRX,2024.06,NEGATIVE,[M-H]-,15.0,R1,ion_mode=NEGATIVE precursor_type=[M-H]-
MSBNK-Eawag-EQ01151552,MSBNK-Eawag-EQ01151552.txt,ZEUXAIYYDDCIRX,ZEUXAIYYDDCIRX,2024.06,NEGATIVE,[M-H]-,30.0,R1,ion_mode=NEGATIVE precursor_type=[M-H]-
MSBNK-Eawag-EQ01151553,MSBNK-Eawag-EQ01151553.txt,ZEUXAIYYDDCIRX,ZEUXAIYYDDCIRX,2024.06,NEGATIVE,[M-H]-,45.0,R1,ion_mode=NEGATIVE precursor_type=[M-H]-
MSBNK-Eawag-EQ01151554,MSBNK-Eawag-EQ01151554.txt,ZEUXAIYYDDCIRX,ZEUXAIYYDDCIRX,2024.06,NEGATIVE,[M-H]-,60.0,R1,ion_mode=NEGATIVE precursor_type=[M-H]-
MSBNK-Eawag-EQ01151555,MSBNK-Eawag-EQ01151555.txt,ZEUXAIYYDDCIRX,ZEUXAIYYDDCIRX,2024.06,NEGATIVE,[M-H]-,75.0,R1,ion_mode=NEGATIVE precursor_type=[M-H]-
MSBNK-Eawag-EQ01151556,MSBNK-Eawag-EQ01151556.txt,ZEUXAIYYDDCIRX,ZEUXAIYYDDCIRX,2024.06,NEGATIVE,[M-H]-,90.0,R1,ion_mode=NEGATIVE precursor_type=[M-H]-
MSBNK-Eawag-EQ01151557,MSBNK-Eawag-EQ01151557.txt,ZEUXAIYYDDCIRX,ZEUXAIYYDDCIRX,2024.06,NEGATIVE,[M-H]-,120.0,R1,ion_mode=NEGATIVE precursor_type=[M-H]-
MSBNK-Eawag-EQ01151601,MSBNK-Eawag-EQ01151601.txt,RWCCWEUUXYIKHB,RWCCWEUUXYIKHB,2024.06,POSITIVE,[M+H]+,15.0,R4,nce=15 not an adjudication cell (30 or 60)
MSBNK-Eawag-EQ01151602,MSBNK-Eawag-EQ01151602.txt,RWCCWEUUXYIKHB,RWCCWEUUXYIKHB,2024.06,POSITIVE,[M+H]+,30.0,R8,R8a: compound key in MassSpecGym 1.5 by the recorded InChIKey route
MSBNK-Eawag-EQ01151603,MSBNK-Eawag-EQ01151603.txt,RWCCWEUUXYIKHB,RWCCWEUUXYIKHB,2024.06,POSITIVE,[M+H]+,45.0,R4,nce=45 not an adjudication cell (30 or 60)
MSBNK-Eawag-EQ01151604,MSBNK-Eawag-EQ01151604.txt,RWCCWEUUXYIKHB,RWCCWEUUXYIKHB,2024.06,POSITIVE,[M+H]+,60.0,R8,R8a: compound key in MassSpecGym 1.5 by the recorded InChIKey route
MSBNK-Eawag-EQ01151605,MSBNK-Eawag-EQ01151605.txt,RWCCWEUUXYIKHB,RWCCWEUUXYIKHB,2024.06,POSITIVE,[M+H]+,75.0,R4,nce=75 not an adjudication cell (30 or 60)
MSBNK-Eawag-EQ01151606,MSBNK-Eawag-EQ01151606.txt,RWCCWEUUXYIKHB,RWCCWEUUXYIKHB,2024.06,POSITIVE,[M+H]+,90.0,R4,nce=90 not an adjudication cell (30 or 60)
MSBNK-Eawag-EQ01151607,MSBNK-Eawag-EQ01151607.txt,RWCCWEUUXYIKHB,RWCCWEUUXYIKHB,2024.06,POSITIVE,[M+H]+,120.0,R4,nce=120 not an adjudication cell (30 or 60)
MSBNK-Eawag-EQ01151701,MSBNK-Eawag-EQ01151701.txt,DBZAKQWXICEWNW,DBZAKQWXICEWNW,2024.06,POSITIVE,[M+H]+,15.0,R4,nce=15 not an adjudication cell (30 or 60)
MSBNK-Eawag-EQ01151702,MSBNK-Eawag-EQ01151702.txt,DBZAKQWXICEWNW,DBZAKQWXICEWNW,2024.06,POSITIVE,[M+H]+,30.0,R8,R8a: compound key in MassSpecGym 1.5 by the recorded InChIKey route
MSBNK-Eawag-EQ01151703,MSBNK-Eawag-EQ01151703.txt,DBZAKQWXICEWNW,DBZAKQWXICEWNW,2024.06,POSITIVE,[M+H]+,45.0,R4,nce=45 not an adjudication cell (30 or 60)
MSBNK-Eawag-EQ01151704,MSBNK-Eawag-EQ01151704.txt,DBZAKQWXICEWNW,DBZAKQWXICEWNW,2024.06,POSITIVE,[M+H]+,60.0,R8,R8a: compound key in MassSpecGym 1.5 by the recorded InChIKey route
MSBNK-Eawag-EQ01151705,MSBNK-Eawag-EQ01151705.txt,DBZAKQWXICEWNW,DBZAKQWXICEWNW,2024.06,POSITIVE,[M+H]+,75.0,R4,nce=75 not an adjudication cell (30 or 60)
MSBNK-Eawag-EQ01151706,MSBNK-Eawag-EQ01151706.txt,DBZAKQWXICEWNW,DBZAKQWXICEWNW,2024.06,POSITIVE,[M+H]+,90.0,R4,nce=90 not an adjudication cell (30 or 60)
MSBNK-Eawag-EQ01151707,MSBNK-Eawag-EQ01151707.txt,DBZAKQWXICEWNW,DBZAKQWXICEWNW,2024.06,POSITIVE,[M+H]+,120.0,R4,nce=120 not an adjudication cell (30 or 60)
MSBNK-Eawag-EQ01151708,MSBNK-Eawag-EQ01151708.txt,DBZAKQWXICEWNW,DBZAKQWXICEWNW,2024.06,POSITIVE,[M+H]+,150.0,R4,nce=150 not an adjudication cell (30 or 60)
MSBNK-Eawag-EQ01151709,MSBNK-Eawag-EQ01151709.txt,DBZAKQWXICEWNW,DBZAKQWXICEWNW,2024.06,POSITIVE,[M+H]+,180.0,R4,nce=180 not an adjudication cell (30 or 60)
MSBNK-Eawag-EQ01151801,MSBNK-Eawag-EQ01151801.txt,YAPQBXQYLJRXSA,YAPQBXQYLJRXSA,2024.06,POSITIVE,[M+H]+,15.0,R4,nce=15 not an adjudication cell (30 or 60)
MSBNK-Eawag-EQ01151802,MSBNK-Eawag-EQ01151802.txt,YAPQBXQYLJRXSA,YAPQBXQYLJRXSA,2024.06,POSITIVE,[M+H]+,30.0,R8,R8a: compound key in MassSpecGym 1.5 by the recorded InChIKey route
MSBNK-Eawag-EQ01151803,MSBNK-Eawag-EQ01151803.txt,YAPQBXQYLJRXSA,YAPQBXQYLJRXSA,2024.06,POSITIVE,[M+H]+,45.0,R4,nce=45 not an adjudication cell (30 or 60)
MSBNK-Eawag-EQ01151804,MSBNK-Eawag-EQ01151804.txt,YAPQBXQYLJRXSA,YAPQBXQYLJRXSA,2024.06,POSITIVE,[M+H]+,60.0,R8,R8a: compound key in MassSpecGym 1.5 by the recorded InChIKey route
MSBNK-Eawag-EQ01151805,MSBNK-Eawag-EQ01151805.txt,YAPQBXQYLJRXSA,YAPQBXQYLJRXSA,2024.06,POSITIVE,[M+H]+,75.0,R4,nce=75 not an adjudication cell (30 or 60)
MSBNK-Eawag-EQ01151806,MSBNK-Eawag-EQ01151806.txt,YAPQBXQYLJRXSA,YAPQBXQYLJRXSA,2024.06,POSITIVE,[M+H]+,90.0,R4,nce=90 not an adjudication cell (30 or 60)
MSBNK-Eawag-EQ01151807,MSBNK-Eawag-EQ01151807.txt,YAPQBXQYLJRXSA,YAPQBXQYLJRXSA,2024.06,POSITIVE,[M+H]+,120.0,R4,nce=120 not an adjudication cell (30 or 60)
MSBNK-Eawag-EQ01152001,MSBNK-Eawag-EQ01152001.txt,MADUVMLGQASXOK,MADUVMLGQASXOK,2024.06,POSITIVE,[M+H]+,15.0,R4,nce=15 not an adjudication cell (30 or 60)
MSBNK-Eawag-EQ01152002,MSBNK-Eawag-EQ01152002.txt,MADUVMLGQASXOK,MADUVMLGQASXOK,2024.06,POSITIVE,[M+H]+,30.0,R8,R8a: compound key in MassSpecGym 1.5 by the recorded InChIKey route
MSBNK-Eawag-EQ01152003,MSBNK-Eawag-EQ01152003.txt,MADUVMLGQASXOK,MADUVMLGQASXOK,2024.06,POSITIVE,[M+H]+,45.0,R4,nce=45 not an adjudication cell (30 or 60)
MSBNK-Eawag-EQ01152004,MSBNK-Eawag-EQ01152004.txt,MADUVMLGQASXOK,MADUVMLGQASXOK,2024.06,POSITIVE,[M+H]+,60.0,R8,R8a: compound key in MassSpecGym 1.5 by the recorded InChIKey route
MSBNK-Eawag-EQ01152005,MSBNK-Eawag-EQ01152005.txt,MADUVMLGQASXOK,MADUVMLGQASXOK,2024.06,POSITIVE,[M+H]+,75.0,R4,nce=75 not an adjudication cell (30 or 60)
MSBNK-Eawag-EQ01152006,MSBNK-Eawag-EQ01152006.txt,MADUVMLGQASXOK,MADUVMLGQASXOK,2024.06,POSITIVE,[M+H]+,90.0,R4,nce=90 not an adjudication cell (30 or 60)
MSBNK-Eawag-EQ01152007,MSBNK-Eawag-EQ01152007.txt,MADUVMLGQASXOK,MADUVMLGQASXOK,2024.06,POSITIVE,[M+H]+,120.0,R4,nce=120 not an adjudication cell (30 or 60)
MSBNK-Eawag-EQ01152008,MSBNK-Eawag-EQ01152008.txt,MADUVMLGQASXOK,MADUVMLGQASXOK,2024.06,POSITIVE,[M+H]+,150.0,R4,nce=150 not an adjudication cell (30 or 60)
MSBNK-Eawag-EQ01152051,MSBNK-Eawag-EQ01152051.txt,MADUVMLGQASXOK,MADUVMLGQASXOK,2024.06,NEGATIVE,[M-H]-,15.0,R1,ion_mode=NEGATIVE precursor_type=[M-H]-
MSBNK-Eawag-EQ01152052,MSBNK-Eawag-EQ01152052.txt,MADUVMLGQASXOK,MADUVMLGQASXOK,2024.06,NEGATIVE,[M-H]-,30.0,R1,ion_mode=NEGATIVE precursor_type=[M-H]-
MSBNK-Eawag-EQ01152053,MSBNK-Eawag-EQ01152053.txt,MADUVMLGQASXOK,MADUVMLGQASXOK,2024.06,NEGATIVE,[M-H]-,45.0,R1,ion_mode=NEGATIVE precursor_type=[M-H]-
MSBNK-Eawag-EQ01152101,MSBNK-Eawag-EQ01152101.txt,MXXWOMGUGJBKIW,MXXWOMGUGJBKIW,2024.06,POSITIVE,[M+H]+,15.0,R4,nce=15 not an adjudication cell (30 or 60)
MSBNK-Eawag-EQ01152102,MSBNK-Eawag-EQ01152102.txt,MXXWOMGUGJBKIW,MXXWOMGUGJBKIW,2024.06,POSITIVE,[M+H]+,30.0,R8,R8a: compound key in MassSpecGym 1.5 by the recorded InChIKey route
MSBNK-Eawag-EQ01152103,MSBNK-Eawag-EQ01152103.txt,MXXWOMGUGJBKIW,MXXWOMGUGJBKIW,2024.06,POSITIVE,[M+H]+,45.0,R4,nce=45 not an adjudication cell (30 or 60)
MSBNK-Eawag-EQ01152104,MSBNK-Eawag-EQ01152104.txt,MXXWOMGUGJBKIW,MXXWOMGUGJBKIW,2024.06,POSITIVE,[M+H]+,60.0,R8,R8a: compound key in MassSpecGym 1.5 by the recorded InChIKey route
MSBNK-Eawag-EQ01152105,MSBNK-Eawag-EQ01152105.txt,MXXWOMGUGJBKIW,MXXWOMGUGJBKIW,2024.06,POSITIVE,[M+H]+,75.0,R4,nce=75 not an adjudication cell (30 or 60)
MSBNK-Eawag-EQ01152106,MSBNK-Eawag-EQ01152106.txt,MXXWOMGUGJBKIW,MXXWOMGUGJBKIW,2024.06,POSITIVE,[M+H]+,90.0,R4,nce=90 not an adjudication cell (30 or 60)
MSBNK-Eawag-EQ01152107,MSBNK-Eawag-EQ01152107.txt,MXXWOMGUGJBKIW,MXXWOMGUGJBKIW,2024.06,POSITIVE,[M+H]+,120.0,R4,nce=120 not an adjudication cell (30 or 60)
MSBNK-Eawag-EQ01152108,MSBNK-Eawag-EQ01152108.txt,MXXWOMGUGJBKIW,MXXWOMGUGJBKIW,2024.06,POSITIVE,[M+H]+,150.0,R4,nce=150 not an adjudication cell (30 or 60)
MSBNK-Eawag-EQ01152109,MSBNK-Eawag-EQ01152109.txt,MXXWOMGUGJBKIW,MXXWOMGUGJBKIW,2024.06,POSITIVE,[M+H]+,180.0,R4,nce=180 not an adjudication cell (30 or 60)
MSBNK-Eawag-EQ01152201,MSBNK-Eawag-EQ01152201.txt,SBHXYTNGIZCORC,SBHXYTNGIZCORC,2024.06,POSITIVE,[M+H]+,15.0,R4,nce=15 not an adjudication cell (30 or 60)
MSBNK-Eawag-EQ01152202,MSBNK-Eawag-EQ01152202.txt,SBHXYTNGIZCORC,SBHXYTNGIZCORC,2024.06,POSITIVE,[M+H]+,30.0,R8,R8a: compound key in MassSpecGym 1.5 by the recorded InChIKey route
MSBNK-Eawag-EQ01152203,MSBNK-Eawag-EQ01152203.txt,SBHXYTNGIZCORC,SBHXYTNGIZCORC,2024.06,POSITIVE,[M+H]+,45.0,R4,nce=45 not an adjudication cell (30 or 60)
MSBNK-Eawag-EQ01152204,MSBNK-Eawag-EQ01152204.txt,SBHXYTNGIZCORC,SBHXYTNGIZCORC,2024.06,POSITIVE,[M+H]+,60.0,R8,R8a: compound key in MassSpecGym 1.5 by the recorded InChIKey route
MSBNK-Eawag-EQ01152205,MSBNK-Eawag-EQ01152205.txt,SBHXYTNGIZCORC,SBHXYTNGIZCORC,2024.06,POSITIVE,[M+H]+,75.0,R4,nce=75 not an adjudication cell (30 or 60)
MSBNK-Eawag-EQ01152206,MSBNK-Eawag-EQ01152206.txt,SBHXYTNGIZCORC,SBHXYTNGIZCORC,2024.06,POSITIVE,[M+H]+,90.0,R4,nce=90 not an adjudication cell (30 or 60)
MSBNK-Eawag-EQ01152207,MSBNK-Eawag-EQ01152207.txt,SBHXYTNGIZCORC,SBHXYTNGIZCORC,2024.06,POSITIVE,[M+H]+,120.0,R4,nce=120 not an adjudication cell (30 or 60)
MSBNK-Eawag-EQ01152208,MSBNK-Eawag-EQ01152208.txt,SBHXYTNGIZCORC,SBHXYTNGIZCORC,2024.06,POSITIVE,[M+H]+,150.0,R4,nce=150 not an adjudication cell (30 or 60)
MSBNK-Eawag-EQ01152209,MSBNK-Eawag-EQ01152209.txt,SBHXYTNGIZCORC,SBHXYTNGIZCORC,2024.06,POSITIVE,[M+H]+,180.0,R4,nce=180 not an adjudication cell (30 or 60)
MSBNK-Eawag-EQ01152251,MSBNK-Eawag-EQ01152251.txt,SBHXYTNGIZCORC,SBHXYTNGIZCORC,2024.06,NEGATIVE,[M-H]-,15.0,R1,ion_mode=NEGATIVE precursor_type=[M-H]-
MSBNK-Eawag-EQ01152252,MSBNK-Eawag-EQ01152252.txt,SBHXYTNGIZCORC,SBHXYTNGIZCORC,2024.06,NEGATIVE,[M-H]-,30.0,R1,ion_mode=NEGATIVE precursor_type=[M-H]-
MSBNK-Eawag-EQ01152253,MSBNK-Eawag-EQ01152253.txt,SBHXYTNGIZCORC,SBHXYTNGIZCORC,2024.06,NEGATIVE,[M-H]-,45.0,R1,ion_mode=NEGATIVE precursor_type=[M-H]-
MSBNK-Eawag-EQ01152254,MSBNK-Eawag-EQ01152254.txt,SBHXYTNGIZCORC,SBHXYTNGIZCORC,2024.06,NEGATIVE,[M-H]-,60.0,R1,ion_mode=NEGATIVE precursor_type=[M-H]-
MSBNK-Eawag-EQ01152255,MSBNK-Eawag-EQ01152255.txt,SBHXYTNGIZCORC,SBHXYTNGIZCORC,2024.06,NEGATIVE,[M-H]-,75.0,R1,ion_mode=NEGATIVE precursor_type=[M-H]-
MSBNK-Eawag-EQ01152256,MSBNK-Eawag-EQ01152256.txt,SBHXYTNGIZCORC,SBHXYTNGIZCORC,2024.06,NEGATIVE,[M-H]-,90.0,R1,ion_mode=NEGATIVE precursor_type=[M-H]-
MSBNK-Eawag-EQ01152257,MSBNK-Eawag-EQ01152257.txt,SBHXYTNGIZCORC,SBHXYTNGIZCORC,2024.06,NEGATIVE,[M-H]-,120.0,R1,ion_mode=NEGATIVE precursor_type=[M-H]-
MSBNK-Eawag-EQ01152301,MSBNK-Eawag-EQ01152301.txt,PXDYILJJHOVNLO,PXDYILJJHOVNLO,2024.06,POSITIVE,[M+H]+,15.0,R4,nce=15 not an adjudication cell (30 or 60)
MSBNK-Eawag-EQ01152302,MSBNK-Eawag-EQ01152302.txt,PXDYILJJHOVNLO,PXDYILJJHOVNLO,2024.06,POSITIVE,[M+H]+,30.0,R8,R8a: compound key in MassSpecGym 1.5 by the recorded InChIKey route
MSBNK-Eawag-EQ01152303,MSBNK-Eawag-EQ01152303.txt,PXDYILJJHOVNLO,PXDYILJJHOVNLO,2024.06,POSITIVE,[M+H]+,45.0,R4,nce=45 not an adjudication cell (30 or 60)
MSBNK-Eawag-EQ01152304,MSBNK-Eawag-EQ01152304.txt,PXDYILJJHOVNLO,PXDYILJJHOVNLO,2024.06,POSITIVE,[M+H]+,60.0,R8,R8a: compound key in MassSpecGym 1.5 by the recorded InChIKey route
MSBNK-Eawag-EQ01152401,MSBNK-Eawag-EQ01152401.txt,QFDRTQONISXGJA,QFDRTQONISXGJA,2024.06,POSITIVE,[M+H]+,15.0,R4,nce=15 not an adjudication cell (30 or 60)
MSBNK-Eawag-EQ01152402,MSBNK-Eawag-EQ01152402.txt,QFDRTQONISXGJA,QFDRTQONISXGJA,2024.06,POSITIVE,[M+H]+,30.0,R8,R8a: compound key in MassSpecGym 1.5 by the recorded InChIKey route
MSBNK-Eawag-EQ01152403,MSBNK-Eawag-EQ01152403.txt,QFDRTQONISXGJA,QFDRTQONISXGJA,2024.06,POSITIVE,[M+H]+,45.0,R4,nce=45 not an adjudication cell (30 or 60)
MSBNK-Eawag-EQ01152404,MSBNK-Eawag-EQ01152404.txt,QFDRTQONISXGJA,QFDRTQONISXGJA,2024.06,POSITIVE,[M+H]+,60.0,R8,R8a: compound key in MassSpecGym 1.5 by the recorded InChIKey route
MSBNK-Eawag-EQ01152405,MSBNK-Eawag-EQ01152405.txt,QFDRTQONISXGJA,QFDRTQONISXGJA,2024.06,POSITIVE,[M+H]+,75.0,R4,nce=75 not an adjudication cell (30 or 60)
MSBNK-Eawag-EQ01152406,MSBNK-Eawag-EQ01152406.txt,QFDRTQONISXGJA,QFDRTQONISXGJA,2024.06,POSITIVE,[M+H]+,90.0,R4,nce=90 not an adjudication cell (30 or 60)
MSBNK-Eawag-EQ01152407,MSBNK-Eawag-EQ01152407.txt,QFDRTQONISXGJA,QFDRTQONISXGJA,2024.06,POSITIVE,[M+H]+,120.0,R4,nce=120 not an adjudication cell (30 or 60)
MSBNK-Eawag-EQ01152451,MSBNK-Eawag-EQ01152451.txt,QFDRTQONISXGJA,QFDRTQONISXGJA,2024.06,NEGATIVE,[M-H]-,15.0,R1,ion_mode=NEGATIVE precursor_type=[M-H]-
MSBNK-Eawag-EQ01152452,MSBNK-Eawag-EQ01152452.txt,QFDRTQONISXGJA,QFDRTQONISXGJA,2024.06,NEGATIVE,[M-H]-,30.0,R1,ion_mode=NEGATIVE precursor_type=[M-H]-
MSBNK-Eawag-EQ01152453,MSBNK-Eawag-EQ01152453.txt,QFDRTQONISXGJA,QFDRTQONISXGJA,2024.06,NEGATIVE,[M-H]-,45.0,R1,ion_mode=NEGATIVE precursor_type=[M-H]-
MSBNK-Eawag-EQ01152454,MSBNK-Eawag-EQ01152454.txt,QFDRTQONISXGJA,QFDRTQONISXGJA,2024.06,NEGATIVE,[M-H]-,60.0,R1,ion_mode=NEGATIVE precursor_type=[M-H]-
MSBNK-Eawag-EQ01152455,MSBNK-Eawag-EQ01152455.txt,QFDRTQONISXGJA,QFDRTQONISXGJA,2024.06,NEGATIVE,[M-H]-,75.0,R1,ion_mode=NEGATIVE precursor_type=[M-H]-
MSBNK-Eawag-EQ01152456,MSBNK-Eawag-EQ01152456.txt,QFDRTQONISXGJA,QFDRTQONISXGJA,2024.06,NEGATIVE,[M-H]-,90.0,R1,ion_mode=NEGATIVE precursor_type=[M-H]-
MSBNK-Eawag-EQ01152457,MSBNK-Eawag-EQ01152457.txt,QFDRTQONISXGJA,QFDRTQONISXGJA,2024.06,NEGATIVE,[M-H]-,120.0,R1,ion_mode=NEGATIVE precursor_type=[M-H]-
MSBNK-Eawag-EQ01152458,MSBNK-Eawag-EQ01152458.txt,QFDRTQONISXGJA,QFDRTQONISXGJA,2024.06,NEGATIVE,[M-H]-,150.0,R1,ion_mode=NEGATIVE precursor_type=[M-H]-
MSBNK-Eawag-EQ01152459,MSBNK-Eawag-EQ01152459.txt,QFDRTQONISXGJA,QFDRTQONISXGJA,2024.06,NEGATIVE,[M-H]-,180.0,R1,ion_mode=NEGATIVE precursor_type=[M-H]-
MSBNK-Eawag-EQ01152501,MSBNK-Eawag-EQ01152501.txt,IGTYILLPRJOVFY,IGTYILLPRJOVFY,2024.06,POSITIVE,[M+H]+,15.0,R4,nce=15 not an adjudication cell (30 or 60)
MSBNK-Eawag-EQ01152502,MSBNK-Eawag-EQ01152502.txt,IGTYILLPRJOVFY,IGTYILLPRJOVFY,2024.06,POSITIVE,[M+H]+,30.0,R8,R8a: compound key in MassSpecGym 1.5 by the recorded InChIKey route
MSBNK-Eawag-EQ01152503,MSBNK-Eawag-EQ01152503.txt,IGTYILLPRJOVFY,IGTYILLPRJOVFY,2024.06,POSITIVE,[M+H]+,45.0,R4,nce=45 not an adjudication cell (30 or 60)
MSBNK-Eawag-EQ01152504,MSBNK-Eawag-EQ01152504.txt,IGTYILLPRJOVFY,IGTYILLPRJOVFY,2024.06,POSITIVE,[M+H]+,60.0,R8,R8a: compound key in MassSpecGym 1.5 by the recorded InChIKey route
MSBNK-Eawag-EQ01152505,MSBNK-Eawag-EQ01152505.txt,IGTYILLPRJOVFY,IGTYILLPRJOVFY,2024.06,POSITIVE,[M+H]+,75.0,R4,nce=75 not an adjudication cell (30 or 60)
MSBNK-Eawag-EQ01152506,MSBNK-Eawag-EQ01152506.txt,IGTYILLPRJOVFY,IGTYILLPRJOVFY,2024.06,POSITIVE,[M+H]+,90.0,R4,nce=90 not an adjudication cell (30 or 60)
MSBNK-Eawag-EQ01152507,MSBNK-Eawag-EQ01152507.txt,IGTYILLPRJOVFY,IGTYILLPRJOVFY,2024.06,POSITIVE,[M+H]+,120.0,R4,nce=120 not an adjudication cell (30 or 60)
MSBNK-Eawag-EQ01152508,MSBNK-Eawag-EQ01152508.txt,IGTYILLPRJOVFY,IGTYILLPRJOVFY,2024.06,POSITIVE,[M+H]+,150.0,R4,nce=150 not an adjudication cell (30 or 60)
MSBNK-Eawag-EQ01152509,MSBNK-Eawag-EQ01152509.txt,IGTYILLPRJOVFY,IGTYILLPRJOVFY,2024.06,POSITIVE,[M+H]+,180.0,R4,nce=180 not an adjudication cell (30 or 60)
MSBNK-Eawag-EQ01152551,MSBNK-Eawag-EQ01152551.txt,IGTYILLPRJOVFY,IGTYILLPRJOVFY,2024.06,NEGATIVE,[M-H]-,15.0,R1,ion_mode=NEGATIVE precursor_type=[M-H]-
MSBNK-Eawag-EQ01152552,MSBNK-Eawag-EQ01152552.txt,IGTYILLPRJOVFY,IGTYILLPRJOVFY,2024.06,NEGATIVE,[M-H]-,30.0,R1,ion_mode=NEGATIVE precursor_type=[M-H]-
MSBNK-Eawag-EQ01152553,MSBNK-Eawag-EQ01152553.txt,IGTYILLPRJOVFY,IGTYILLPRJOVFY,2024.06,NEGATIVE,[M-H]-,45.0,R1,ion_mode=NEGATIVE precursor_type=[M-H]-
MSBNK-Eawag-EQ01152554,MSBNK-Eawag-EQ01152554.txt,IGTYILLPRJOVFY,IGTYILLPRJOVFY,2024.06,NEGATIVE,[M-H]-,60.0,R1,ion_mode=NEGATIVE precursor_type=[M-H]-
MSBNK-Eawag-EQ01152555,MSBNK-Eawag-EQ01152555.txt,IGTYILLPRJOVFY,IGTYILLPRJOVFY,2024.06,NEGATIVE,[M-H]-,75.0,R1,ion_mode=NEGATIVE precursor_type=[M-H]-
MSBNK-Eawag-EQ01152556,MSBNK-Eawag-EQ01152556.txt,IGTYILLPRJOVFY,IGTYILLPRJOVFY,2024.06,NEGATIVE,[M-H]-,90.0,R1,ion_mode=NEGATIVE precursor_type=[M-H]-
MSBNK-Eawag-EQ01152557,MSBNK-Eawag-EQ01152557.txt,IGTYILLPRJOVFY,IGTYILLPRJOVFY,2024.06,NEGATIVE,[M-H]-,120.0,R1,ion_mode=NEGATIVE precursor_type=[M-H]-
MSBNK-Eawag-EQ01152558,MSBNK-Eawag-EQ01152558.txt,IGTYILLPRJOVFY,IGTYILLPRJOVFY,2024.06,NEGATIVE,[M-H]-,150.0,R1,ion_mode=NEGATIVE precursor_type=[M-H]-
MSBNK-Eawag-EQ01152851,MSBNK-Eawag-EQ01152851.txt,WVHAUDNUGBNUDZ,WVHAUDNUGBNUDZ,2024.06,NEGATIVE,[M-H]-,15.0,R1,ion_mode=NEGATIVE precursor_type=[M-H]-
MSBNK-Eawag-EQ01152852,MSBNK-Eawag-EQ01152852.txt,WVHAUDNUGBNUDZ,WVHAUDNUGBNUDZ,2024.06,NEGATIVE,[M-H]-,30.0,R1,ion_mode=NEGATIVE precursor_type=[M-H]-
MSBNK-Eawag-EQ01152853,MSBNK-Eawag-EQ01152853.txt,WVHAUDNUGBNUDZ,WVHAUDNUGBNUDZ,2024.06,NEGATIVE,[M-H]-,45.0,R1,ion_mode=NEGATIVE precursor_type=[M-H]-
MSBNK-Eawag-EQ01152854,MSBNK-Eawag-EQ01152854.txt,WVHAUDNUGBNUDZ,WVHAUDNUGBNUDZ,2024.06,NEGATIVE,[M-H]-,60.0,R1,ion_mode=NEGATIVE precursor_type=[M-H]-
MSBNK-Eawag-EQ01152855,MSBNK-Eawag-EQ01152855.txt,WVHAUDNUGBNUDZ,WVHAUDNUGBNUDZ,2024.06,NEGATIVE,[M-H]-,75.0,R1,ion_mode=NEGATIVE precursor_type=[M-H]-
MSBNK-Eawag-EQ01152856,MSBNK-Eawag-EQ01152856.txt,WVHAUDNUGBNUDZ,WVHAUDNUGBNUDZ,2024.06,NEGATIVE,[M-H]-,90.0,R1,ion_mode=NEGATIVE precursor_type=[M-H]-
MSBNK-Eawag-EQ01152857,MSBNK-Eawag-EQ01152857.txt,WVHAUDNUGBNUDZ,WVHAUDNUGBNUDZ,2024.06,NEGATIVE,[M-H]-,120.0,R1,ion_mode=NEGATIVE precursor_type=[M-H]-
MSBNK-Eawag-EQ01152858,MSBNK-Eawag-EQ01152858.txt,WVHAUDNUGBNUDZ,WVHAUDNUGBNUDZ,2024.06,NEGATIVE,[M-H]-,150.0,R1,ion_mode=NEGATIVE precursor_type=[M-H]-
MSBNK-Eawag-EQ01152901,MSBNK-Eawag-EQ01152901.txt,WCYVLAMJCQZUCR,WCYVLAMJCQZUCR,2024.06,POSITIVE,[M+H]+,15.0,R4,nce=15 not an adjudication cell (30 or 60)
MSBNK-Eawag-EQ01152902,MSBNK-Eawag-EQ01152902.txt,WCYVLAMJCQZUCR,WCYVLAMJCQZUCR,2024.06,POSITIVE,[M+H]+,30.0,R8,R8a: compound key in MassSpecGym 1.5 by the recorded InChIKey route
MSBNK-Eawag-EQ01152903,MSBNK-Eawag-EQ01152903.txt,WCYVLAMJCQZUCR,WCYVLAMJCQZUCR,2024.06,POSITIVE,[M+H]+,45.0,R4,nce=45 not an adjudication cell (30 or 60)
MSBNK-Eawag-EQ01152904,MSBNK-Eawag-EQ01152904.txt,WCYVLAMJCQZUCR,WCYVLAMJCQZUCR,2024.06,POSITIVE,[M+H]+,60.0,R8,R8a: compound key in MassSpecGym 1.5 by the recorded InChIKey route
MSBNK-Eawag-EQ01152905,MSBNK-Eawag-EQ01152905.txt,WCYVLAMJCQZUCR,WCYVLAMJCQZUCR,2024.06,POSITIVE,[M+H]+,75.0,R4,nce=75 not an adjudication cell (30 or 60)
MSBNK-Eawag-EQ01152906,MSBNK-Eawag-EQ01152906.txt,WCYVLAMJCQZUCR,WCYVLAMJCQZUCR,2024.06,POSITIVE,[M+H]+,90.0,R4,nce=90 not an adjudication cell (30 or 60)
MSBNK-Eawag-EQ01152907,MSBNK-Eawag-EQ01152907.txt,WCYVLAMJCQZUCR,WCYVLAMJCQZUCR,2024.06,POSITIVE,[M+H]+,120.0,R4,nce=120 not an adjudication cell (30 or 60)
MSBNK-Eawag-EQ01152908,MSBNK-Eawag-EQ01152908.txt,WCYVLAMJCQZUCR,WCYVLAMJCQZUCR,2024.06,POSITIVE,[M+H]+,150.0,R4,nce=150 not an adjudication cell (30 or 60)
MSBNK-Eawag-EQ01152909,MSBNK-Eawag-EQ01152909.txt,WCYVLAMJCQZUCR,WCYVLAMJCQZUCR,2024.06,POSITIVE,[M+H]+,180.0,R4,nce=180 not an adjudication cell (30 or 60)
MSBNK-Eawag-EQ01152951,MSBNK-Eawag-EQ01152951.txt,WCYVLAMJCQZUCR,WCYVLAMJCQZUCR,2024.06,NEGATIVE,[M-H]-,15.0,R1,ion_mode=NEGATIVE precursor_type=[M-H]-
MSBNK-Eawag-EQ01152952,MSBNK-Eawag-EQ01152952.txt,WCYVLAMJCQZUCR,WCYVLAMJCQZUCR,2024.06,NEGATIVE,[M-H]-,30.0,R1,ion_mode=NEGATIVE precursor_type=[M-H]-
MSBNK-Eawag-EQ01152953,MSBNK-Eawag-EQ01152953.txt,WCYVLAMJCQZUCR,WCYVLAMJCQZUCR,2024.06,NEGATIVE,[M-H]-,45.0,R1,ion_mode=NEGATIVE precursor_type=[M-H]-
MSBNK-Eawag-EQ01152954,MSBNK-Eawag-EQ01152954.txt,WCYVLAMJCQZUCR,WCYVLAMJCQZUCR,2024.06,NEGATIVE,[M-H]-,60.0,R1,ion_mode=NEGATIVE precursor_type=[M-H]-
MSBNK-Eawag-EQ01152955,MSBNK-Eawag-EQ01152955.txt,WCYVLAMJCQZUCR,WCYVLAMJCQZUCR,2024.06,NEGATIVE,[M-H]-,75.0,R1,ion_mode=NEGATIVE precursor_type=[M-H]-
MSBNK-Eawag-EQ01152956,MSBNK-Eawag-EQ01152956.txt,WCYVLAMJCQZUCR,WCYVLAMJCQZUCR,2024.06,NEGATIVE,[M-H]-,90.0,R1,ion_mode=NEGATIVE precursor_type=[M-H]-
MSBNK-Eawag-EQ01152957,MSBNK-Eawag-EQ01152957.txt,WCYVLAMJCQZUCR,WCYVLAMJCQZUCR,2024.06,NEGATIVE,[M-H]-,120.0,R1,ion_mode=NEGATIVE precursor_type=[M-H]-
MSBNK-Eawag-EQ01152958,MSBNK-Eawag-EQ01152958.txt,WCYVLAMJCQZUCR,WCYVLAMJCQZUCR,2024.06,NEGATIVE,[M-H]-,150.0,R1,ion_mode=NEGATIVE precursor_type=[M-H]-
MSBNK-Eawag-EQ01153001,MSBNK-Eawag-EQ01153001.txt,QIQNNBXHAYSQRY,QIQNNBXHAYSQRY,2024.06,POSITIVE,[M+H]+,15.0,R4,nce=15 not an adjudication cell (30 or 60)
MSBNK-Eawag-EQ01153002,MSBNK-Eawag-EQ01153002.txt,QIQNNBXHAYSQRY,QIQNNBXHAYSQRY,2024.06,POSITIVE,[M+H]+,30.0,R8,R8a: compound key in MassSpecGym 1.5 by the recorded InChIKey route
MSBNK-Eawag-EQ01153003,MSBNK-Eawag-EQ01153003.txt,QIQNNBXHAYSQRY,QIQNNBXHAYSQRY,2024.06,POSITIVE,[M+H]+,45.0,R4,nce=45 not an adjudication cell (30 or 60)
MSBNK-Eawag-EQ01153004,MSBNK-Eawag-EQ01153004.txt,QIQNNBXHAYSQRY,QIQNNBXHAYSQRY,2024.06,POSITIVE,[M+H]+,60.0,R8,R8a: compound key in MassSpecGym 1.5 by the recorded InChIKey route
MSBNK-Eawag-EQ01153005,MSBNK-Eawag-EQ01153005.txt,QIQNNBXHAYSQRY,QIQNNBXHAYSQRY,2024.06,POSITIVE,[M+H]+,75.0,R4,nce=75 not an adjudication cell (30 or 60)
MSBNK-Eawag-EQ01153006,MSBNK-Eawag-EQ01153006.txt,QIQNNBXHAYSQRY,QIQNNBXHAYSQRY,2024.06,POSITIVE,[M+H]+,90.0,R4,nce=90 not an adjudication cell (30 or 60)
MSBNK-Eawag-EQ01153007,MSBNK-Eawag-EQ01153007.txt,QIQNNBXHAYSQRY,QIQNNBXHAYSQRY,2024.06,POSITIVE,[M+H]+,120.0,R4,nce=120 not an adjudication cell (30 or 60)
MSBNK-Eawag-EQ01153008,MSBNK-Eawag-EQ01153008.txt,QIQNNBXHAYSQRY,QIQNNBXHAYSQRY,2024.06,POSITIVE,[M+H]+,150.0,R4,nce=150 not an adjudication cell (30 or 60)
MSBNK-Eawag-EQ01153101,MSBNK-Eawag-EQ01153101.txt,ICSQZMPILLPFKC,ICSQZMPILLPFKC,2024.06,POSITIVE,[M+H]+,15.0,R4,nce=15 not an adjudication cell (30 or 60)
MSBNK-Eawag-EQ01153102,MSBNK-Eawag-EQ01153102.txt,ICSQZMPILLPFKC,ICSQZMPILLPFKC,2024.06,POSITIVE,[M+H]+,30.0,R8,R8i: scaffold group guard: group in the MURU exposure registry
MSBNK-Eawag-EQ01153103,MSBNK-Eawag-EQ01153103.txt,ICSQZMPILLPFKC,ICSQZMPILLPFKC,2024.06,POSITIVE,[M+H]+,45.0,R4,nce=45 not an adjudication cell (30 or 60)
MSBNK-Eawag-EQ01153104,MSBNK-Eawag-EQ01153104.txt,ICSQZMPILLPFKC,ICSQZMPILLPFKC,2024.06,POSITIVE,[M+H]+,60.0,R8,R8i: scaffold group guard: group in the MURU exposure registry
MSBNK-Eawag-EQ01153105,MSBNK-Eawag-EQ01153105.txt,ICSQZMPILLPFKC,ICSQZMPILLPFKC,2024.06,POSITIVE,[M+H]+,75.0,R4,nce=75 not an adjudication cell (30 or 60)
MSBNK-Eawag-EQ01153106,MSBNK-Eawag-EQ01153106.txt,ICSQZMPILLPFKC,ICSQZMPILLPFKC,2024.06,POSITIVE,[M+H]+,90.0,R4,nce=90 not an adjudication cell (30 or 60)
MSBNK-Eawag-EQ01153107,MSBNK-Eawag-EQ01153107.txt,ICSQZMPILLPFKC,ICSQZMPILLPFKC,2024.06,POSITIVE,[M+H]+,120.0,R4,nce=120 not an adjudication cell (30 or 60)
MSBNK-Eawag-EQ01153108,MSBNK-Eawag-EQ01153108.txt,ICSQZMPILLPFKC,ICSQZMPILLPFKC,2024.06,POSITIVE,[M+H]+,150.0,R4,nce=150 not an adjudication cell (30 or 60)
MSBNK-Eawag-EQ01153151,MSBNK-Eawag-EQ01153151.txt,ICSQZMPILLPFKC,ICSQZMPILLPFKC,2024.06,NEGATIVE,[M-H]-,15.0,R1,ion_mode=NEGATIVE precursor_type=[M-H]-
MSBNK-Eawag-EQ01153152,MSBNK-Eawag-EQ01153152.txt,ICSQZMPILLPFKC,ICSQZMPILLPFKC,2024.06,NEGATIVE,[M-H]-,30.0,R1,ion_mode=NEGATIVE precursor_type=[M-H]-
MSBNK-Eawag-EQ01153153,MSBNK-Eawag-EQ01153153.txt,ICSQZMPILLPFKC,ICSQZMPILLPFKC,2024.06,NEGATIVE,[M-H]-,45.0,R1,ion_mode=NEGATIVE precursor_type=[M-H]-
MSBNK-Eawag-EQ01153154,MSBNK-Eawag-EQ01153154.txt,ICSQZMPILLPFKC,ICSQZMPILLPFKC,2024.06,NEGATIVE,[M-H]-,60.0,R1,ion_mode=NEGATIVE precursor_type=[M-H]-
MSBNK-Eawag-EQ01153155,MSBNK-Eawag-EQ01153155.txt,ICSQZMPILLPFKC,ICSQZMPILLPFKC,2024.06,NEGATIVE,[M-H]-,75.0,R1,ion_mode=NEGATIVE precursor_type=[M-H]-
MSBNK-Eawag-EQ01153201,MSBNK-Eawag-EQ01153201.txt,XMCHHHBDBWYWSU,XMCHHHBDBWYWSU,2024.06,POSITIVE,[M+H]+,15.0,R4,nce=15 not an adjudication cell (30 or 60)
MSBNK-Eawag-EQ01153202,MSBNK-Eawag-EQ01153202.txt,XMCHHHBDBWYWSU,XMCHHHBDBWYWSU,2024.06,POSITIVE,[M+H]+,30.0,R8,R8i: scaffold group guard: group in the MURU exposure registry
MSBNK-Eawag-EQ01153203,MSBNK-Eawag-EQ01153203.txt,XMCHHHBDBWYWSU,XMCHHHBDBWYWSU,2024.06,POSITIVE,[M+H]+,45.0,R4,nce=45 not an adjudication cell (30 or 60)
MSBNK-Eawag-EQ01153204,MSBNK-Eawag-EQ01153204.txt,XMCHHHBDBWYWSU,XMCHHHBDBWYWSU,2024.06,POSITIVE,[M+H]+,60.0,R8,R8i: scaffold group guard: group in the MURU exposure registry
MSBNK-Eawag-EQ01153205,MSBNK-Eawag-EQ01153205.txt,XMCHHHBDBWYWSU,XMCHHHBDBWYWSU,2024.06,POSITIVE,[M+H]+,75.0,R4,nce=75 not an adjudication cell (30 or 60)
MSBNK-Eawag-EQ01153206,MSBNK-Eawag-EQ01153206.txt,XMCHHHBDBWYWSU,XMCHHHBDBWYWSU,2024.06,POSITIVE,[M+H]+,90.0,R4,nce=90 not an adjudication cell (30 or 60)
MSBNK-Eawag-EQ01153207,MSBNK-Eawag-EQ01153207.txt,XMCHHHBDBWYWSU,XMCHHHBDBWYWSU,2024.06,POSITIVE,[M+H]+,120.0,R4,nce=120 not an adjudication cell (30 or 60)
MSBNK-Eawag-EQ01153208,MSBNK-Eawag-EQ01153208.txt,XMCHHHBDBWYWSU,XMCHHHBDBWYWSU,2024.06,POSITIVE,[M+H]+,150.0,R4,nce=150 not an adjudication cell (30 or 60)
MSBNK-Eawag-EQ01153209,MSBNK-Eawag-EQ01153209.txt,XMCHHHBDBWYWSU,XMCHHHBDBWYWSU,2024.06,POSITIVE,[M+H]+,180.0,R4,nce=180 not an adjudication cell (30 or 60)
MSBNK-Eawag-EQ01153251,MSBNK-Eawag-EQ01153251.txt,XMCHHHBDBWYWSU,XMCHHHBDBWYWSU,2024.06,NEGATIVE,[M-H]-,15.0,R1,ion_mode=NEGATIVE precursor_type=[M-H]-
MSBNK-Eawag-EQ01153252,MSBNK-Eawag-EQ01153252.txt,XMCHHHBDBWYWSU,XMCHHHBDBWYWSU,2024.06,NEGATIVE,[M-H]-,30.0,R1,ion_mode=NEGATIVE precursor_type=[M-H]-
MSBNK-Eawag-EQ01153253,MSBNK-Eawag-EQ01153253.txt,XMCHHHBDBWYWSU,XMCHHHBDBWYWSU,2024.06,NEGATIVE,[M-H]-,45.0,R1,ion_mode=NEGATIVE precursor_type=[M-H]-
MSBNK-Eawag-EQ01153254,MSBNK-Eawag-EQ01153254.txt,XMCHHHBDBWYWSU,XMCHHHBDBWYWSU,2024.06,NEGATIVE,[M-H]-,60.0,R1,ion_mode=NEGATIVE precursor_type=[M-H]-
MSBNK-Eawag-EQ01153255,MSBNK-Eawag-EQ01153255.txt,XMCHHHBDBWYWSU,XMCHHHBDBWYWSU,2024.06,NEGATIVE,[M-H]-,75.0,R1,ion_mode=NEGATIVE precursor_type=[M-H]-
MSBNK-Eawag-EQ01153256,MSBNK-Eawag-EQ01153256.txt,XMCHHHBDBWYWSU,XMCHHHBDBWYWSU,2024.06,NEGATIVE,[M-H]-,90.0,R1,ion_mode=NEGATIVE precursor_type=[M-H]-
MSBNK-Eawag-EQ01153257,MSBNK-Eawag-EQ01153257.txt,XMCHHHBDBWYWSU,XMCHHHBDBWYWSU,2024.06,NEGATIVE,[M-H]-,120.0,R1,ion_mode=NEGATIVE precursor_type=[M-H]-
MSBNK-Eawag-EQ01153401,MSBNK-Eawag-EQ01153401.txt,LDEJNELBMSFPDJ,LDEJNELBMSFPDJ,2024.06,POSITIVE,[M+H]+,15.0,R4,nce=15 not an adjudication cell (30 or 60)
MSBNK-Eawag-EQ01153402,MSBNK-Eawag-EQ01153402.txt,LDEJNELBMSFPDJ,LDEJNELBMSFPDJ,2024.06,POSITIVE,[M+H]+,30.0,R8,R8i: scaffold group guard: group in the MURU exposure registry
MSBNK-Eawag-EQ01153403,MSBNK-Eawag-EQ01153403.txt,LDEJNELBMSFPDJ,LDEJNELBMSFPDJ,2024.06,POSITIVE,[M+H]+,45.0,R4,nce=45 not an adjudication cell (30 or 60)
MSBNK-Eawag-EQ01153404,MSBNK-Eawag-EQ01153404.txt,LDEJNELBMSFPDJ,LDEJNELBMSFPDJ,2024.06,POSITIVE,[M+H]+,60.0,R8,R8i: scaffold group guard: group in the MURU exposure registry
MSBNK-Eawag-EQ01153405,MSBNK-Eawag-EQ01153405.txt,LDEJNELBMSFPDJ,LDEJNELBMSFPDJ,2024.06,POSITIVE,[M+H]+,75.0,R4,nce=75 not an adjudication cell (30 or 60)
MSBNK-Eawag-EQ01153406,MSBNK-Eawag-EQ01153406.txt,LDEJNELBMSFPDJ,LDEJNELBMSFPDJ,2024.06,POSITIVE,[M+H]+,90.0,R4,nce=90 not an adjudication cell (30 or 60)
MSBNK-Eawag-EQ01153407,MSBNK-Eawag-EQ01153407.txt,LDEJNELBMSFPDJ,LDEJNELBMSFPDJ,2024.06,POSITIVE,[M+H]+,120.0,R4,nce=120 not an adjudication cell (30 or 60)
MSBNK-Eawag-EQ01153408,MSBNK-Eawag-EQ01153408.txt,LDEJNELBMSFPDJ,LDEJNELBMSFPDJ,2024.06,POSITIVE,[M+H]+,150.0,R4,nce=150 not an adjudication cell (30 or 60)
MSBNK-Eawag-EQ01153451,MSBNK-Eawag-EQ01153451.txt,LDEJNELBMSFPDJ,LDEJNELBMSFPDJ,2024.06,NEGATIVE,[M-H]-,15.0,R1,ion_mode=NEGATIVE precursor_type=[M-H]-
MSBNK-Eawag-EQ01153452,MSBNK-Eawag-EQ01153452.txt,LDEJNELBMSFPDJ,LDEJNELBMSFPDJ,2024.06,NEGATIVE,[M-H]-,30.0,R1,ion_mode=NEGATIVE precursor_type=[M-H]-
MSBNK-Eawag-EQ01153453,MSBNK-Eawag-EQ01153453.txt,LDEJNELBMSFPDJ,LDEJNELBMSFPDJ,2024.06,NEGATIVE,[M-H]-,45.0,R1,ion_mode=NEGATIVE precursor_type=[M-H]-
MSBNK-Eawag-EQ01153454,MSBNK-Eawag-EQ01153454.txt,LDEJNELBMSFPDJ,LDEJNELBMSFPDJ,2024.06,NEGATIVE,[M-H]-,60.0,R1,ion_mode=NEGATIVE precursor_type=[M-H]-
MSBNK-Eawag-EQ01153501,MSBNK-Eawag-EQ01153501.txt,FELZONDEFBLTSP,FELZONDEFBLTSP,2024.06,POSITIVE,[M+H]+,15.0,R4,nce=15 not an adjudication cell (30 or 60)
MSBNK-Eawag-EQ01153502,MSBNK-Eawag-EQ01153502.txt,FELZONDEFBLTSP,FELZONDEFBLTSP,2024.06,POSITIVE,[M+H]+,30.0,R8,R8i: scaffold group guard: group in the MURU exposure registry
MSBNK-Eawag-EQ01153503,MSBNK-Eawag-EQ01153503.txt,FELZONDEFBLTSP,FELZONDEFBLTSP,2024.06,POSITIVE,[M+H]+,45.0,R4,nce=45 not an adjudication cell (30 or 60)
MSBNK-Eawag-EQ01153504,MSBNK-Eawag-EQ01153504.txt,FELZONDEFBLTSP,FELZONDEFBLTSP,2024.06,POSITIVE,[M+H]+,60.0,R8,R8i: scaffold group guard: group in the MURU exposure registry
MSBNK-Eawag-EQ01153505,MSBNK-Eawag-EQ01153505.txt,FELZONDEFBLTSP,FELZONDEFBLTSP,2024.06,POSITIVE,[M+H]+,75.0,R4,nce=75 not an adjudication cell (30 or 60)
MSBNK-Eawag-EQ01153506,MSBNK-Eawag-EQ01153506.txt,FELZONDEFBLTSP,FELZONDEFBLTSP,2024.06,POSITIVE,[M+H]+,90.0,R4,nce=90 not an adjudication cell (30 or 60)
MSBNK-Eawag-EQ01153507,MSBNK-Eawag-EQ01153507.txt,FELZONDEFBLTSP,FELZONDEFBLTSP,2024.06,POSITIVE,[M+H]+,120.0,R4,nce=120 not an adjudication cell (30 or 60)
MSBNK-Eawag-EQ01153551,MSBNK-Eawag-EQ01153551.txt,FELZONDEFBLTSP,FELZONDEFBLTSP,2024.06,NEGATIVE,[M-H]-,15.0,R1,ion_mode=NEGATIVE precursor_type=[M-H]-
MSBNK-Eawag-EQ01153552,MSBNK-Eawag-EQ01153552.txt,FELZONDEFBLTSP,FELZONDEFBLTSP,2024.06,NEGATIVE,[M-H]-,30.0,R1,ion_mode=NEGATIVE precursor_type=[M-H]-
MSBNK-Eawag-EQ01153553,MSBNK-Eawag-EQ01153553.txt,FELZONDEFBLTSP,FELZONDEFBLTSP,2024.06,NEGATIVE,[M-H]-,45.0,R1,ion_mode=NEGATIVE precursor_type=[M-H]-
MSBNK-Eawag-EQ01153601,MSBNK-Eawag-EQ01153601.txt,OCSMNHMMTKMVCP,OCSMNHMMTKMVCP,2024.06,POSITIVE,[M+H]+,15.0,R4,nce=15 not an adjudication cell (30 or 60)
MSBNK-Eawag-EQ01153602,MSBNK-Eawag-EQ01153602.txt,OCSMNHMMTKMVCP,OCSMNHMMTKMVCP,2024.06,POSITIVE,[M+H]+,30.0,R8,R8a: compound key in MassSpecGym 1.5 by the recorded InChIKey route
MSBNK-Eawag-EQ01153603,MSBNK-Eawag-EQ01153603.txt,OCSMNHMMTKMVCP,OCSMNHMMTKMVCP,2024.06,POSITIVE,[M+H]+,45.0,R4,nce=45 not an adjudication cell (30 or 60)
MSBNK-Eawag-EQ01153604,MSBNK-Eawag-EQ01153604.txt,OCSMNHMMTKMVCP,OCSMNHMMTKMVCP,2024.06,POSITIVE,[M+H]+,60.0,R8,R8a: compound key in MassSpecGym 1.5 by the recorded InChIKey route
MSBNK-Eawag-EQ01153605,MSBNK-Eawag-EQ01153605.txt,OCSMNHMMTKMVCP,OCSMNHMMTKMVCP,2024.06,POSITIVE,[M+H]+,75.0,R4,nce=75 not an adjudication cell (30 or 60)
MSBNK-Eawag-EQ01153606,MSBNK-Eawag-EQ01153606.txt,OCSMNHMMTKMVCP,OCSMNHMMTKMVCP,2024.06,POSITIVE,[M+H]+,90.0,R4,nce=90 not an adjudication cell (30 or 60)
MSBNK-Eawag-EQ01153607,MSBNK-Eawag-EQ01153607.txt,OCSMNHMMTKMVCP,OCSMNHMMTKMVCP,2024.06,POSITIVE,[M+H]+,120.0,R4,nce=120 not an adjudication cell (30 or 60)
MSBNK-Eawag-EQ01153608,MSBNK-Eawag-EQ01153608.txt,OCSMNHMMTKMVCP,OCSMNHMMTKMVCP,2024.06,POSITIVE,[M+H]+,150.0,R4,nce=150 not an adjudication cell (30 or 60)
MSBNK-Eawag-EQ01153609,MSBNK-Eawag-EQ01153609.txt,OCSMNHMMTKMVCP,OCSMNHMMTKMVCP,2024.06,POSITIVE,[M+H]+,180.0,R4,nce=180 not an adjudication cell (30 or 60)
MSBNK-Eawag-EQ01153651,MSBNK-Eawag-EQ01153651.txt,OCSMNHMMTKMVCP,OCSMNHMMTKMVCP,2024.06,NEGATIVE,[M-H]-,15.0,R1,ion_mode=NEGATIVE precursor_type=[M-H]-
MSBNK-Eawag-EQ01153652,MSBNK-Eawag-EQ01153652.txt,OCSMNHMMTKMVCP,OCSMNHMMTKMVCP,2024.06,NEGATIVE,[M-H]-,30.0,R1,ion_mode=NEGATIVE precursor_type=[M-H]-
MSBNK-Eawag-EQ01153653,MSBNK-Eawag-EQ01153653.txt,OCSMNHMMTKMVCP,OCSMNHMMTKMVCP,2024.06,NEGATIVE,[M-H]-,45.0,R1,ion_mode=NEGATIVE precursor_type=[M-H]-
MSBNK-Eawag-EQ01153654,MSBNK-Eawag-EQ01153654.txt,OCSMNHMMTKMVCP,OCSMNHMMTKMVCP,2024.06,NEGATIVE,[M-H]-,60.0,R1,ion_mode=NEGATIVE precursor_type=[M-H]-
MSBNK-Eawag-EQ01153655,MSBNK-Eawag-EQ01153655.txt,OCSMNHMMTKMVCP,OCSMNHMMTKMVCP,2024.06,NEGATIVE,[M-H]-,75.0,R1,ion_mode=NEGATIVE precursor_type=[M-H]-
MSBNK-Eawag-EQ01153656,MSBNK-Eawag-EQ01153656.txt,OCSMNHMMTKMVCP,OCSMNHMMTKMVCP,2024.06,NEGATIVE,[M-H]-,90.0,R1,ion_mode=NEGATIVE precursor_type=[M-H]-
MSBNK-Eawag-EQ01153657,MSBNK-Eawag-EQ01153657.txt,OCSMNHMMTKMVCP,OCSMNHMMTKMVCP,2024.06,NEGATIVE,[M-H]-,120.0,R1,ion_mode=NEGATIVE precursor_type=[M-H]-
MSBNK-Eawag-EQ01153658,MSBNK-Eawag-EQ01153658.txt,OCSMNHMMTKMVCP,OCSMNHMMTKMVCP,2024.06,NEGATIVE,[M-H]-,150.0,R1,ion_mode=NEGATIVE precursor_type=[M-H]-
MSBNK-Eawag-EQ01153659,MSBNK-Eawag-EQ01153659.txt,OCSMNHMMTKMVCP,OCSMNHMMTKMVCP,2024.06,NEGATIVE,[M-H]-,180.0,R1,ion_mode=NEGATIVE precursor_type=[M-H]-
MSBNK-Eawag-EQ01153701,MSBNK-Eawag-EQ01153701.txt,QBONJEHEDCBRMZ,QBONJEHEDCBRMZ,2024.06,POSITIVE,[M+H]+,15.0,R4,nce=15 not an adjudication cell (30 or 60)
MSBNK-Eawag-EQ01153702,MSBNK-Eawag-EQ01153702.txt,QBONJEHEDCBRMZ,QBONJEHEDCBRMZ,2024.06,POSITIVE,[M+H]+,30.0,R8,R8i: scaffold group guard: group in the MURU exposure registry
MSBNK-Eawag-EQ01153703,MSBNK-Eawag-EQ01153703.txt,QBONJEHEDCBRMZ,QBONJEHEDCBRMZ,2024.06,POSITIVE,[M+H]+,45.0,R4,nce=45 not an adjudication cell (30 or 60)
MSBNK-Eawag-EQ01153704,MSBNK-Eawag-EQ01153704.txt,QBONJEHEDCBRMZ,QBONJEHEDCBRMZ,2024.06,POSITIVE,[M+H]+,60.0,R8,R8i: scaffold group guard: group in the MURU exposure registry
MSBNK-Eawag-EQ01153705,MSBNK-Eawag-EQ01153705.txt,QBONJEHEDCBRMZ,QBONJEHEDCBRMZ,2024.06,POSITIVE,[M+H]+,75.0,R4,nce=75 not an adjudication cell (30 or 60)
MSBNK-Eawag-EQ01153706,MSBNK-Eawag-EQ01153706.txt,QBONJEHEDCBRMZ,QBONJEHEDCBRMZ,2024.06,POSITIVE,[M+H]+,90.0,R4,nce=90 not an adjudication cell (30 or 60)
MSBNK-Eawag-EQ01153707,MSBNK-Eawag-EQ01153707.txt,QBONJEHEDCBRMZ,QBONJEHEDCBRMZ,2024.06,POSITIVE,[M+H]+,120.0,R4,nce=120 not an adjudication cell (30 or 60)
MSBNK-Eawag-EQ01153708,MSBNK-Eawag-EQ01153708.txt,QBONJEHEDCBRMZ,QBONJEHEDCBRMZ,2024.06,POSITIVE,[M+H]+,150.0,R4,nce=150 not an adjudication cell (30 or 60)
MSBNK-Eawag-EQ01153709,MSBNK-Eawag-EQ01153709.txt,QBONJEHEDCBRMZ,QBONJEHEDCBRMZ,2024.06,POSITIVE,[M+H]+,180.0,R4,nce=180 not an adjudication cell (30 or 60)
MSBNK-Eawag-EQ01153751,MSBNK-Eawag-EQ01153751.txt,QBONJEHEDCBRMZ,QBONJEHEDCBRMZ,2024.06,NEGATIVE,[M-H]-,15.0,R1,ion_mode=NEGATIVE precursor_type=[M-H]-
MSBNK-Eawag-EQ01153752,MSBNK-Eawag-EQ01153752.txt,QBONJEHEDCBRMZ,QBONJEHEDCBRMZ,2024.06,NEGATIVE,[M-H]-,30.0,R1,ion_mode=NEGATIVE precursor_type=[M-H]-
MSBNK-Eawag-EQ01153753,MSBNK-Eawag-EQ01153753.txt,QBONJEHEDCBRMZ,QBONJEHEDCBRMZ,2024.06,NEGATIVE,[M-H]-,45.0,R1,ion_mode=NEGATIVE precursor_type=[M-H]-
MSBNK-Eawag-EQ01153754,MSBNK-Eawag-EQ01153754.txt,QBONJEHEDCBRMZ,QBONJEHEDCBRMZ,2024.06,NEGATIVE,[M-H]-,60.0,R1,ion_mode=NEGATIVE precursor_type=[M-H]-
MSBNK-Eawag-EQ01153755,MSBNK-Eawag-EQ01153755.txt,QBONJEHEDCBRMZ,QBONJEHEDCBRMZ,2024.06,NEGATIVE,[M-H]-,75.0,R1,ion_mode=NEGATIVE precursor_type=[M-H]-
MSBNK-Eawag-EQ01153756,MSBNK-Eawag-EQ01153756.txt,QBONJEHEDCBRMZ,QBONJEHEDCBRMZ,2024.06,NEGATIVE,[M-H]-,90.0,R1,ion_mode=NEGATIVE precursor_type=[M-H]-
MSBNK-Eawag-EQ01153757,MSBNK-Eawag-EQ01153757.txt,QBONJEHEDCBRMZ,QBONJEHEDCBRMZ,2024.06,NEGATIVE,[M-H]-,120.0,R1,ion_mode=NEGATIVE precursor_type=[M-H]-
MSBNK-Eawag-EQ01153758,MSBNK-Eawag-EQ01153758.txt,QBONJEHEDCBRMZ,QBONJEHEDCBRMZ,2024.06,NEGATIVE,[M-H]-,150.0,R1,ion_mode=NEGATIVE precursor_type=[M-H]-
MSBNK-Eawag-EQ01153759,MSBNK-Eawag-EQ01153759.txt,QBONJEHEDCBRMZ,QBONJEHEDCBRMZ,2024.06,NEGATIVE,[M-H]-,180.0,R1,ion_mode=NEGATIVE precursor_type=[M-H]-
MSBNK-Eawag-EQ01153801,MSBNK-Eawag-EQ01153801.txt,SEBABOMFNCVZGF,SEBABOMFNCVZGF,2024.06,POSITIVE,[M+H]+,15.0,R4,nce=15 not an adjudication cell (30 or 60)
MSBNK-Eawag-EQ01153802,MSBNK-Eawag-EQ01153802.txt,SEBABOMFNCVZGF,SEBABOMFNCVZGF,2024.06,POSITIVE,[M+H]+,30.0,R8,R8i: scaffold group guard: group in the MURU exposure registry
MSBNK-Eawag-EQ01153803,MSBNK-Eawag-EQ01153803.txt,SEBABOMFNCVZGF,SEBABOMFNCVZGF,2024.06,POSITIVE,[M+H]+,45.0,R4,nce=45 not an adjudication cell (30 or 60)
MSBNK-Eawag-EQ01153804,MSBNK-Eawag-EQ01153804.txt,SEBABOMFNCVZGF,SEBABOMFNCVZGF,2024.06,POSITIVE,[M+H]+,60.0,R8,R8i: scaffold group guard: group in the MURU exposure registry
MSBNK-Eawag-EQ01153805,MSBNK-Eawag-EQ01153805.txt,SEBABOMFNCVZGF,SEBABOMFNCVZGF,2024.06,POSITIVE,[M+H]+,75.0,R4,nce=75 not an adjudication cell (30 or 60)
MSBNK-Eawag-EQ01153806,MSBNK-Eawag-EQ01153806.txt,SEBABOMFNCVZGF,SEBABOMFNCVZGF,2024.06,POSITIVE,[M+H]+,90.0,R4,nce=90 not an adjudication cell (30 or 60)
MSBNK-Eawag-EQ01153851,MSBNK-Eawag-EQ01153851.txt,SEBABOMFNCVZGF,SEBABOMFNCVZGF,2024.06,NEGATIVE,[M-H]-,15.0,R1,ion_mode=NEGATIVE precursor_type=[M-H]-
MSBNK-Eawag-EQ01153852,MSBNK-Eawag-EQ01153852.txt,SEBABOMFNCVZGF,SEBABOMFNCVZGF,2024.06,NEGATIVE,[M-H]-,30.0,R1,ion_mode=NEGATIVE precursor_type=[M-H]-
MSBNK-Eawag-EQ01153853,MSBNK-Eawag-EQ01153853.txt,SEBABOMFNCVZGF,SEBABOMFNCVZGF,2024.06,NEGATIVE,[M-H]-,45.0,R1,ion_mode=NEGATIVE precursor_type=[M-H]-
MSBNK-Eawag-EQ01153854,MSBNK-Eawag-EQ01153854.txt,SEBABOMFNCVZGF,SEBABOMFNCVZGF,2024.06,NEGATIVE,[M-H]-,60.0,R1,ion_mode=NEGATIVE precursor_type=[M-H]-
MSBNK-Eawag-EQ01153855,MSBNK-Eawag-EQ01153855.txt,SEBABOMFNCVZGF,SEBABOMFNCVZGF,2024.06,NEGATIVE,[M-H]-,75.0,R1,ion_mode=NEGATIVE precursor_type=[M-H]-
MSBNK-Eawag-EQ01153856,MSBNK-Eawag-EQ01153856.txt,SEBABOMFNCVZGF,SEBABOMFNCVZGF,2024.06,NEGATIVE,[M-H]-,90.0,R1,ion_mode=NEGATIVE precursor_type=[M-H]-
MSBNK-Eawag-EQ01153857,MSBNK-Eawag-EQ01153857.txt,SEBABOMFNCVZGF,SEBABOMFNCVZGF,2024.06,NEGATIVE,[M-H]-,120.0,R1,ion_mode=NEGATIVE precursor_type=[M-H]-
MSBNK-Eawag-EQ01153901,MSBNK-Eawag-EQ01153901.txt,LFZSOJABLBVGRJ,LFZSOJABLBVGRJ,2024.06,POSITIVE,[M+H]+,15.0,R4,nce=15 not an adjudication cell (30 or 60)
MSBNK-Eawag-EQ01153902,MSBNK-Eawag-EQ01153902.txt,LFZSOJABLBVGRJ,LFZSOJABLBVGRJ,2024.06,POSITIVE,[M+H]+,30.0,PASS,eligible
MSBNK-Eawag-EQ01153903,MSBNK-Eawag-EQ01153903.txt,LFZSOJABLBVGRJ,LFZSOJABLBVGRJ,2024.06,POSITIVE,[M+H]+,45.0,R4,nce=45 not an adjudication cell (30 or 60)
MSBNK-Eawag-EQ01153904,MSBNK-Eawag-EQ01153904.txt,LFZSOJABLBVGRJ,LFZSOJABLBVGRJ,2024.06,POSITIVE,[M+H]+,60.0,PASS,eligible
MSBNK-Eawag-EQ01153905,MSBNK-Eawag-EQ01153905.txt,LFZSOJABLBVGRJ,LFZSOJABLBVGRJ,2024.06,POSITIVE,[M+H]+,75.0,R4,nce=75 not an adjudication cell (30 or 60)
MSBNK-Eawag-EQ01153906,MSBNK-Eawag-EQ01153906.txt,LFZSOJABLBVGRJ,LFZSOJABLBVGRJ,2024.06,POSITIVE,[M+H]+,90.0,R4,nce=90 not an adjudication cell (30 or 60)
MSBNK-Eawag-EQ01153907,MSBNK-Eawag-EQ01153907.txt,LFZSOJABLBVGRJ,LFZSOJABLBVGRJ,2024.06,POSITIVE,[M+H]+,120.0,R4,nce=120 not an adjudication cell (30 or 60)
MSBNK-Eawag-EQ01153908,MSBNK-Eawag-EQ01153908.txt,LFZSOJABLBVGRJ,LFZSOJABLBVGRJ,2024.06,POSITIVE,[M+H]+,150.0,R4,nce=150 not an adjudication cell (30 or 60)
MSBNK-Eawag-EQ01153909,MSBNK-Eawag-EQ01153909.txt,LFZSOJABLBVGRJ,LFZSOJABLBVGRJ,2024.06,POSITIVE,[M+H]+,180.0,R4,nce=180 not an adjudication cell (30 or 60)
MSBNK-Eawag-EQ01153951,MSBNK-Eawag-EQ01153951.txt,LFZSOJABLBVGRJ,LFZSOJABLBVGRJ,2024.06,NEGATIVE,[M-H]-,15.0,R1,ion_mode=NEGATIVE precursor_type=[M-H]-
MSBNK-Eawag-EQ01153952,MSBNK-Eawag-EQ01153952.txt,LFZSOJABLBVGRJ,LFZSOJABLBVGRJ,2024.06,NEGATIVE,[M-H]-,30.0,R1,ion_mode=NEGATIVE precursor_type=[M-H]-
MSBNK-Eawag-EQ01153953,MSBNK-Eawag-EQ01153953.txt,LFZSOJABLBVGRJ,LFZSOJABLBVGRJ,2024.06,NEGATIVE,[M-H]-,45.0,R1,ion_mode=NEGATIVE precursor_type=[M-H]-
MSBNK-Eawag-EQ01153954,MSBNK-Eawag-EQ01153954.txt,LFZSOJABLBVGRJ,LFZSOJABLBVGRJ,2024.06,NEGATIVE,[M-H]-,60.0,R1,ion_mode=NEGATIVE precursor_type=[M-H]-
MSBNK-Eawag-EQ01154001,MSBNK-Eawag-EQ01154001.txt,APZSGEHAFPIYQZ,APZSGEHAFPIYQZ,2024.06,POSITIVE,[M+H]+,15.0,R4,nce=15 not an adjudication cell (30 or 60)
MSBNK-Eawag-EQ01154002,MSBNK-Eawag-EQ01154002.txt,APZSGEHAFPIYQZ,APZSGEHAFPIYQZ,2024.06,POSITIVE,[M+H]+,30.0,R8,R8i: scaffold group guard: group in the MURU exposure registry
MSBNK-Eawag-EQ01154003,MSBNK-Eawag-EQ01154003.txt,APZSGEHAFPIYQZ,APZSGEHAFPIYQZ,2024.06,POSITIVE,[M+H]+,45.0,R4,nce=45 not an adjudication cell (30 or 60)
MSBNK-Eawag-EQ01154004,MSBNK-Eawag-EQ01154004.txt,APZSGEHAFPIYQZ,APZSGEHAFPIYQZ,2024.06,POSITIVE,[M+H]+,60.0,R8,R8i: scaffold group guard: group in the MURU exposure registry
MSBNK-Eawag-EQ01154005,MSBNK-Eawag-EQ01154005.txt,APZSGEHAFPIYQZ,APZSGEHAFPIYQZ,2024.06,POSITIVE,[M+H]+,75.0,R4,nce=75 not an adjudication cell (30 or 60)
MSBNK-Eawag-EQ01154006,MSBNK-Eawag-EQ01154006.txt,APZSGEHAFPIYQZ,APZSGEHAFPIYQZ,2024.06,POSITIVE,[M+H]+,90.0,R4,nce=90 not an adjudication cell (30 or 60)
MSBNK-Eawag-EQ01154007,MSBNK-Eawag-EQ01154007.txt,APZSGEHAFPIYQZ,APZSGEHAFPIYQZ,2024.06,POSITIVE,[M+H]+,120.0,R4,nce=120 not an adjudication cell (30 or 60)
MSBNK-Eawag-EQ01154008,MSBNK-Eawag-EQ01154008.txt,APZSGEHAFPIYQZ,APZSGEHAFPIYQZ,2024.06,POSITIVE,[M+H]+,150.0,R4,nce=150 not an adjudication cell (30 or 60)
MSBNK-Eawag-EQ01154009,MSBNK-Eawag-EQ01154009.txt,APZSGEHAFPIYQZ,APZSGEHAFPIYQZ,2024.06,POSITIVE,[M+H]+,180.0,R4,nce=180 not an adjudication cell (30 or 60)
MSBNK-Eawag-EQ01154101,MSBNK-Eawag-EQ01154101.txt,JFZHPFOXAAIUMB,JFZHPFOXAAIUMB,2024.06,POSITIVE,[M+H]+,15.0,R4,nce=15 not an adjudication cell (30 or 60)
MSBNK-Eawag-EQ01154102,MSBNK-Eawag-EQ01154102.txt,JFZHPFOXAAIUMB,JFZHPFOXAAIUMB,2024.06,POSITIVE,[M+H]+,30.0,R8,R8a: compound key in MassSpecGym 1.5 by the recorded InChIKey route
MSBNK-Eawag-EQ01154103,MSBNK-Eawag-EQ01154103.txt,JFZHPFOXAAIUMB,JFZHPFOXAAIUMB,2024.06,POSITIVE,[M+H]+,45.0,R4,nce=45 not an adjudication cell (30 or 60)
MSBNK-Eawag-EQ01154104,MSBNK-Eawag-EQ01154104.txt,JFZHPFOXAAIUMB,JFZHPFOXAAIUMB,2024.06,POSITIVE,[M+H]+,60.0,R8,R8a: compound key in MassSpecGym 1.5 by the recorded InChIKey route
MSBNK-Eawag-EQ01154105,MSBNK-Eawag-EQ01154105.txt,JFZHPFOXAAIUMB,JFZHPFOXAAIUMB,2024.06,POSITIVE,[M+H]+,75.0,R4,nce=75 not an adjudication cell (30 or 60)
MSBNK-Eawag-EQ01154106,MSBNK-Eawag-EQ01154106.txt,JFZHPFOXAAIUMB,JFZHPFOXAAIUMB,2024.06,POSITIVE,[M+H]+,90.0,R4,nce=90 not an adjudication cell (30 or 60)
MSBNK-Eawag-EQ01154107,MSBNK-Eawag-EQ01154107.txt,JFZHPFOXAAIUMB,JFZHPFOXAAIUMB,2024.06,POSITIVE,[M+H]+,120.0,R4,nce=120 not an adjudication cell (30 or 60)
MSBNK-Eawag-EQ01154108,MSBNK-Eawag-EQ01154108.txt,JFZHPFOXAAIUMB,JFZHPFOXAAIUMB,2024.06,POSITIVE,[M+H]+,150.0,R4,nce=150 not an adjudication cell (30 or 60)
MSBNK-Eawag-EQ01154109,MSBNK-Eawag-EQ01154109.txt,JFZHPFOXAAIUMB,JFZHPFOXAAIUMB,2024.06,POSITIVE,[M+H]+,180.0,R4,nce=180 not an adjudication cell (30 or 60)
MSBNK-Eawag-EQ01154201,MSBNK-Eawag-EQ01154201.txt,FQJSSUOYVSEYPF,FQJSSUOYVSEYPF,2024.06,POSITIVE,[M+H]+,15.0,R4,nce=15 not an adjudication cell (30 or 60)
MSBNK-Eawag-EQ01154202,MSBNK-Eawag-EQ01154202.txt,FQJSSUOYVSEYPF,FQJSSUOYVSEYPF,2024.06,POSITIVE,[M+H]+,30.0,R8,R8i: scaffold group guard: group in the MURU exposure registry
MSBNK-Eawag-EQ01154203,MSBNK-Eawag-EQ01154203.txt,FQJSSUOYVSEYPF,FQJSSUOYVSEYPF,2024.06,POSITIVE,[M+H]+,45.0,R4,nce=45 not an adjudication cell (30 or 60)
MSBNK-Eawag-EQ01154204,MSBNK-Eawag-EQ01154204.txt,FQJSSUOYVSEYPF,FQJSSUOYVSEYPF,2024.06,POSITIVE,[M+H]+,60.0,R8,R8i: scaffold group guard: group in the MURU exposure registry
MSBNK-Eawag-EQ01154205,MSBNK-Eawag-EQ01154205.txt,FQJSSUOYVSEYPF,FQJSSUOYVSEYPF,2024.06,POSITIVE,[M+H]+,75.0,R4,nce=75 not an adjudication cell (30 or 60)
MSBNK-Eawag-EQ01154206,MSBNK-Eawag-EQ01154206.txt,FQJSSUOYVSEYPF,FQJSSUOYVSEYPF,2024.06,POSITIVE,[M+H]+,90.0,R4,nce=90 not an adjudication cell (30 or 60)
MSBNK-Eawag-EQ01154207,MSBNK-Eawag-EQ01154207.txt,FQJSSUOYVSEYPF,FQJSSUOYVSEYPF,2024.06,POSITIVE,[M+H]+,120.0,R4,nce=120 not an adjudication cell (30 or 60)
MSBNK-Eawag-EQ01154301,MSBNK-Eawag-EQ01154301.txt,HWBPOLWLLFXEJY,HWBPOLWLLFXEJY,2024.06,POSITIVE,[M+H]+,15.0,R4,nce=15 not an adjudication cell (30 or 60)
MSBNK-Eawag-EQ01154302,MSBNK-Eawag-EQ01154302.txt,HWBPOLWLLFXEJY,HWBPOLWLLFXEJY,2024.06,POSITIVE,[M+H]+,30.0,R8,R8a: compound key in MassSpecGym 1.5 by the recorded InChIKey route
MSBNK-Eawag-EQ01154303,MSBNK-Eawag-EQ01154303.txt,HWBPOLWLLFXEJY,HWBPOLWLLFXEJY,2024.06,POSITIVE,[M+H]+,45.0,R4,nce=45 not an adjudication cell (30 or 60)
MSBNK-Eawag-EQ01154304,MSBNK-Eawag-EQ01154304.txt,HWBPOLWLLFXEJY,HWBPOLWLLFXEJY,2024.06,POSITIVE,[M+H]+,60.0,R8,R8a: compound key in MassSpecGym 1.5 by the recorded InChIKey route
MSBNK-Eawag-EQ01154305,MSBNK-Eawag-EQ01154305.txt,HWBPOLWLLFXEJY,HWBPOLWLLFXEJY,2024.06,POSITIVE,[M+H]+,75.0,R4,nce=75 not an adjudication cell (30 or 60)
MSBNK-Eawag-EQ01154306,MSBNK-Eawag-EQ01154306.txt,HWBPOLWLLFXEJY,HWBPOLWLLFXEJY,2024.06,POSITIVE,[M+H]+,90.0,R4,nce=90 not an adjudication cell (30 or 60)
MSBNK-Eawag-EQ01154307,MSBNK-Eawag-EQ01154307.txt,HWBPOLWLLFXEJY,HWBPOLWLLFXEJY,2024.06,POSITIVE,[M+H]+,120.0,R4,nce=120 not an adjudication cell (30 or 60)
MSBNK-Eawag-EQ01154308,MSBNK-Eawag-EQ01154308.txt,HWBPOLWLLFXEJY,HWBPOLWLLFXEJY,2024.06,POSITIVE,[M+H]+,150.0,R4,nce=150 not an adjudication cell (30 or 60)
MSBNK-Eawag-EQ01154309,MSBNK-Eawag-EQ01154309.txt,HWBPOLWLLFXEJY,HWBPOLWLLFXEJY,2024.06,POSITIVE,[M+H]+,180.0,R4,nce=180 not an adjudication cell (30 or 60)
MSBNK-Eawag-EQ01154351,MSBNK-Eawag-EQ01154351.txt,HWBPOLWLLFXEJY,HWBPOLWLLFXEJY,2024.06,NEGATIVE,[M-H]-,15.0,R1,ion_mode=NEGATIVE precursor_type=[M-H]-
MSBNK-Eawag-EQ01154352,MSBNK-Eawag-EQ01154352.txt,HWBPOLWLLFXEJY,HWBPOLWLLFXEJY,2024.06,NEGATIVE,[M-H]-,30.0,R1,ion_mode=NEGATIVE precursor_type=[M-H]-
MSBNK-Eawag-EQ01154354,MSBNK-Eawag-EQ01154354.txt,HWBPOLWLLFXEJY,HWBPOLWLLFXEJY,2024.06,NEGATIVE,[M-H]-,60.0,R1,ion_mode=NEGATIVE precursor_type=[M-H]-
MSBNK-Eawag-EQ01154401,MSBNK-Eawag-EQ01154401.txt,HPOCGNHBIFZCAN,HPOCGNHBIFZCAN,2024.06,POSITIVE,[M+H]+,15.0,R4,nce=15 not an adjudication cell (30 or 60)
MSBNK-Eawag-EQ01154402,MSBNK-Eawag-EQ01154402.txt,HPOCGNHBIFZCAN,HPOCGNHBIFZCAN,2024.06,POSITIVE,[M+H]+,30.0,R8,R8a: compound key in MassSpecGym 1.5 by the recorded InChIKey route
MSBNK-Eawag-EQ01154403,MSBNK-Eawag-EQ01154403.txt,HPOCGNHBIFZCAN,HPOCGNHBIFZCAN,2024.06,POSITIVE,[M+H]+,45.0,R4,nce=45 not an adjudication cell (30 or 60)
MSBNK-Eawag-EQ01154404,MSBNK-Eawag-EQ01154404.txt,HPOCGNHBIFZCAN,HPOCGNHBIFZCAN,2024.06,POSITIVE,[M+H]+,60.0,R8,R8a: compound key in MassSpecGym 1.5 by the recorded InChIKey route
MSBNK-Eawag-EQ01154405,MSBNK-Eawag-EQ01154405.txt,HPOCGNHBIFZCAN,HPOCGNHBIFZCAN,2024.06,POSITIVE,[M+H]+,75.0,R4,nce=75 not an adjudication cell (30 or 60)
MSBNK-Eawag-EQ01154406,MSBNK-Eawag-EQ01154406.txt,HPOCGNHBIFZCAN,HPOCGNHBIFZCAN,2024.06,POSITIVE,[M+H]+,90.0,R4,nce=90 not an adjudication cell (30 or 60)
MSBNK-Eawag-EQ01154407,MSBNK-Eawag-EQ01154407.txt,HPOCGNHBIFZCAN,HPOCGNHBIFZCAN,2024.06,POSITIVE,[M+H]+,120.0,R4,nce=120 not an adjudication cell (30 or 60)
MSBNK-Eawag-EQ01154408,MSBNK-Eawag-EQ01154408.txt,HPOCGNHBIFZCAN,HPOCGNHBIFZCAN,2024.06,POSITIVE,[M+H]+,150.0,R4,nce=150 not an adjudication cell (30 or 60)
MSBNK-Eawag-EQ01154501,MSBNK-Eawag-EQ01154501.txt,PFWLFWPASULGAN,PFWLFWPASULGAN,2024.06,POSITIVE,[M+H]+,15.0,R4,nce=15 not an adjudication cell (30 or 60)
MSBNK-Eawag-EQ01154502,MSBNK-Eawag-EQ01154502.txt,PFWLFWPASULGAN,PFWLFWPASULGAN,2024.06,POSITIVE,[M+H]+,30.0,R8,R8a: compound key in MassSpecGym 1.5 by the recorded InChIKey route
MSBNK-Eawag-EQ01154503,MSBNK-Eawag-EQ01154503.txt,PFWLFWPASULGAN,PFWLFWPASULGAN,2024.06,POSITIVE,[M+H]+,45.0,R4,nce=45 not an adjudication cell (30 or 60)
MSBNK-Eawag-EQ01154504,MSBNK-Eawag-EQ01154504.txt,PFWLFWPASULGAN,PFWLFWPASULGAN,2024.06,POSITIVE,[M+H]+,60.0,R8,R8a: compound key in MassSpecGym 1.5 by the recorded InChIKey route
MSBNK-Eawag-EQ01154505,MSBNK-Eawag-EQ01154505.txt,PFWLFWPASULGAN,PFWLFWPASULGAN,2024.06,POSITIVE,[M+H]+,75.0,R4,nce=75 not an adjudication cell (30 or 60)
MSBNK-Eawag-EQ01154506,MSBNK-Eawag-EQ01154506.txt,PFWLFWPASULGAN,PFWLFWPASULGAN,2024.06,POSITIVE,[M+H]+,90.0,R4,nce=90 not an adjudication cell (30 or 60)
MSBNK-Eawag-EQ01154507,MSBNK-Eawag-EQ01154507.txt,PFWLFWPASULGAN,PFWLFWPASULGAN,2024.06,POSITIVE,[M+H]+,120.0,R4,nce=120 not an adjudication cell (30 or 60)
MSBNK-Eawag-EQ01154601,MSBNK-Eawag-EQ01154601.txt,VAMXMNNIEUEQDV,VAMXMNNIEUEQDV,2024.06,POSITIVE,[M+H]+,15.0,R4,nce=15 not an adjudication cell (30 or 60)
MSBNK-Eawag-EQ01154602,MSBNK-Eawag-EQ01154602.txt,VAMXMNNIEUEQDV,VAMXMNNIEUEQDV,2024.06,POSITIVE,[M+H]+,30.0,R8,R8d: compound in the MURU exposure registry
MSBNK-Eawag-EQ01154603,MSBNK-Eawag-EQ01154603.txt,VAMXMNNIEUEQDV,VAMXMNNIEUEQDV,2024.06,POSITIVE,[M+H]+,45.0,R4,nce=45 not an adjudication cell (30 or 60)
MSBNK-Eawag-EQ01154604,MSBNK-Eawag-EQ01154604.txt,VAMXMNNIEUEQDV,VAMXMNNIEUEQDV,2024.06,POSITIVE,[M+H]+,60.0,R8,R8d: compound in the MURU exposure registry
MSBNK-Eawag-EQ01154605,MSBNK-Eawag-EQ01154605.txt,VAMXMNNIEUEQDV,VAMXMNNIEUEQDV,2024.06,POSITIVE,[M+H]+,75.0,R4,nce=75 not an adjudication cell (30 or 60)
MSBNK-Eawag-EQ01154606,MSBNK-Eawag-EQ01154606.txt,VAMXMNNIEUEQDV,VAMXMNNIEUEQDV,2024.06,POSITIVE,[M+H]+,90.0,R4,nce=90 not an adjudication cell (30 or 60)
MSBNK-Eawag-EQ01154607,MSBNK-Eawag-EQ01154607.txt,VAMXMNNIEUEQDV,VAMXMNNIEUEQDV,2024.06,POSITIVE,[M+H]+,120.0,R4,nce=120 not an adjudication cell (30 or 60)
MSBNK-Eawag-EQ01154608,MSBNK-Eawag-EQ01154608.txt,VAMXMNNIEUEQDV,VAMXMNNIEUEQDV,2024.06,POSITIVE,[M+H]+,150.0,R4,nce=150 not an adjudication cell (30 or 60)
MSBNK-Eawag-EQ01154609,MSBNK-Eawag-EQ01154609.txt,VAMXMNNIEUEQDV,VAMXMNNIEUEQDV,2024.06,POSITIVE,[M+H]+,180.0,R4,nce=180 not an adjudication cell (30 or 60)
MSBNK-Eawag-EQ01154701,MSBNK-Eawag-EQ01154701.txt,MHSRNZSBNXFMLF,MHSRNZSBNXFMLF,2024.06,POSITIVE,[M+H]+,15.0,R4,nce=15 not an adjudication cell (30 or 60)
MSBNK-Eawag-EQ01154702,MSBNK-Eawag-EQ01154702.txt,MHSRNZSBNXFMLF,MHSRNZSBNXFMLF,2024.06,POSITIVE,[M+H]+,30.0,R8,R8i: scaffold group guard: group in the MURU exposure registry
MSBNK-Eawag-EQ01154703,MSBNK-Eawag-EQ01154703.txt,MHSRNZSBNXFMLF,MHSRNZSBNXFMLF,2024.06,POSITIVE,[M+H]+,45.0,R4,nce=45 not an adjudication cell (30 or 60)
MSBNK-Eawag-EQ01154704,MSBNK-Eawag-EQ01154704.txt,MHSRNZSBNXFMLF,MHSRNZSBNXFMLF,2024.06,POSITIVE,[M+H]+,60.0,R8,R8i: scaffold group guard: group in the MURU exposure registry
MSBNK-Eawag-EQ01154705,MSBNK-Eawag-EQ01154705.txt,MHSRNZSBNXFMLF,MHSRNZSBNXFMLF,2024.06,POSITIVE,[M+H]+,75.0,R4,nce=75 not an adjudication cell (30 or 60)
MSBNK-Eawag-EQ01154706,MSBNK-Eawag-EQ01154706.txt,MHSRNZSBNXFMLF,MHSRNZSBNXFMLF,2024.06,POSITIVE,[M+H]+,90.0,R4,nce=90 not an adjudication cell (30 or 60)
MSBNK-Eawag-EQ01154707,MSBNK-Eawag-EQ01154707.txt,MHSRNZSBNXFMLF,MHSRNZSBNXFMLF,2024.06,POSITIVE,[M+H]+,120.0,R4,nce=120 not an adjudication cell (30 or 60)
MSBNK-Eawag-EQ01154708,MSBNK-Eawag-EQ01154708.txt,MHSRNZSBNXFMLF,MHSRNZSBNXFMLF,2024.06,POSITIVE,[M+H]+,150.0,R4,nce=150 not an adjudication cell (30 or 60)
MSBNK-Eawag-EQ01154709,MSBNK-Eawag-EQ01154709.txt,MHSRNZSBNXFMLF,MHSRNZSBNXFMLF,2024.06,POSITIVE,[M+H]+,180.0,R4,nce=180 not an adjudication cell (30 or 60)
MSBNK-Eawag-EQ01154751,MSBNK-Eawag-EQ01154751.txt,MHSRNZSBNXFMLF,MHSRNZSBNXFMLF,2024.06,NEGATIVE,[M-H]-,15.0,R1,ion_mode=NEGATIVE precursor_type=[M-H]-
MSBNK-Eawag-EQ01154752,MSBNK-Eawag-EQ01154752.txt,MHSRNZSBNXFMLF,MHSRNZSBNXFMLF,2024.06,NEGATIVE,[M-H]-,30.0,R1,ion_mode=NEGATIVE precursor_type=[M-H]-
MSBNK-Eawag-EQ01154753,MSBNK-Eawag-EQ01154753.txt,MHSRNZSBNXFMLF,MHSRNZSBNXFMLF,2024.06,NEGATIVE,[M-H]-,45.0,R1,ion_mode=NEGATIVE precursor_type=[M-H]-
MSBNK-Eawag-EQ01154754,MSBNK-Eawag-EQ01154754.txt,MHSRNZSBNXFMLF,MHSRNZSBNXFMLF,2024.06,NEGATIVE,[M-H]-,60.0,R1,ion_mode=NEGATIVE precursor_type=[M-H]-
MSBNK-Eawag-EQ01154755,MSBNK-Eawag-EQ01154755.txt,MHSRNZSBNXFMLF,MHSRNZSBNXFMLF,2024.06,NEGATIVE,[M-H]-,75.0,R1,ion_mode=NEGATIVE precursor_type=[M-H]-
MSBNK-Eawag-EQ01154756,MSBNK-Eawag-EQ01154756.txt,MHSRNZSBNXFMLF,MHSRNZSBNXFMLF,2024.06,NEGATIVE,[M-H]-,90.0,R1,ion_mode=NEGATIVE precursor_type=[M-H]-
MSBNK-Eawag-EQ01154801,MSBNK-Eawag-EQ01154801.txt,DJUKMHIJCDJSIJ,DJUKMHIJCDJSIJ,2024.06,POSITIVE,[M+H]+,15.0,R4,nce=15 not an adjudication cell (30 or 60)
MSBNK-Eawag-EQ01154802,MSBNK-Eawag-EQ01154802.txt,DJUKMHIJCDJSIJ,DJUKMHIJCDJSIJ,2024.06,POSITIVE,[M+H]+,30.0,R8,R8i: scaffold group guard: group in the MURU exposure registry
MSBNK-Eawag-EQ01154803,MSBNK-Eawag-EQ01154803.txt,DJUKMHIJCDJSIJ,DJUKMHIJCDJSIJ,2024.06,POSITIVE,[M+H]+,45.0,R4,nce=45 not an adjudication cell (30 or 60)
MSBNK-Eawag-EQ01154804,MSBNK-Eawag-EQ01154804.txt,DJUKMHIJCDJSIJ,DJUKMHIJCDJSIJ,2024.06,POSITIVE,[M+H]+,60.0,R8,R8i: scaffold group guard: group in the MURU exposure registry
MSBNK-Eawag-EQ01154805,MSBNK-Eawag-EQ01154805.txt,DJUKMHIJCDJSIJ,DJUKMHIJCDJSIJ,2024.06,POSITIVE,[M+H]+,75.0,R4,nce=75 not an adjudication cell (30 or 60)
MSBNK-Eawag-EQ01154806,MSBNK-Eawag-EQ01154806.txt,DJUKMHIJCDJSIJ,DJUKMHIJCDJSIJ,2024.06,POSITIVE,[M+H]+,90.0,R4,nce=90 not an adjudication cell (30 or 60)
MSBNK-Eawag-EQ01154807,MSBNK-Eawag-EQ01154807.txt,DJUKMHIJCDJSIJ,DJUKMHIJCDJSIJ,2024.06,POSITIVE,[M+H]+,120.0,R4,nce=120 not an adjudication cell (30 or 60)
MSBNK-Eawag-EQ01154808,MSBNK-Eawag-EQ01154808.txt,DJUKMHIJCDJSIJ,DJUKMHIJCDJSIJ,2024.06,POSITIVE,[M+H]+,150.0,R4,nce=150 not an adjudication cell (30 or 60)
MSBNK-Eawag-EQ01154809,MSBNK-Eawag-EQ01154809.txt,DJUKMHIJCDJSIJ,DJUKMHIJCDJSIJ,2024.06,POSITIVE,[M+H]+,180.0,R4,nce=180 not an adjudication cell (30 or 60)
MSBNK-Eawag-EQ01154851,MSBNK-Eawag-EQ01154851.txt,DJUKMHIJCDJSIJ,DJUKMHIJCDJSIJ,2024.06,NEGATIVE,[M-H]-,15.0,R1,ion_mode=NEGATIVE precursor_type=[M-H]-
MSBNK-Eawag-EQ01154852,MSBNK-Eawag-EQ01154852.txt,DJUKMHIJCDJSIJ,DJUKMHIJCDJSIJ,2024.06,NEGATIVE,[M-H]-,30.0,R1,ion_mode=NEGATIVE precursor_type=[M-H]-
MSBNK-Eawag-EQ01154853,MSBNK-Eawag-EQ01154853.txt,DJUKMHIJCDJSIJ,DJUKMHIJCDJSIJ,2024.06,NEGATIVE,[M-H]-,45.0,R1,ion_mode=NEGATIVE precursor_type=[M-H]-
MSBNK-Eawag-EQ01154854,MSBNK-Eawag-EQ01154854.txt,DJUKMHIJCDJSIJ,DJUKMHIJCDJSIJ,2024.06,NEGATIVE,[M-H]-,60.0,R1,ion_mode=NEGATIVE precursor_type=[M-H]-
MSBNK-Eawag-EQ01154855,MSBNK-Eawag-EQ01154855.txt,DJUKMHIJCDJSIJ,DJUKMHIJCDJSIJ,2024.06,NEGATIVE,[M-H]-,75.0,R1,ion_mode=NEGATIVE precursor_type=[M-H]-
MSBNK-Eawag-EQ01154856,MSBNK-Eawag-EQ01154856.txt,DJUKMHIJCDJSIJ,DJUKMHIJCDJSIJ,2024.06,NEGATIVE,[M-H]-,90.0,R1,ion_mode=NEGATIVE precursor_type=[M-H]-
MSBNK-Eawag-EQ01154901,MSBNK-Eawag-EQ01154901.txt,DOBNVUFHFMVMDB,DOBNVUFHFMVMDB,2024.06,POSITIVE,[M+H]+,15.0,R4,nce=15 not an adjudication cell (30 or 60)
MSBNK-Eawag-EQ01154902,MSBNK-Eawag-EQ01154902.txt,DOBNVUFHFMVMDB,DOBNVUFHFMVMDB,2024.06,POSITIVE,[M+H]+,30.0,R8,R8a: compound key in MassSpecGym 1.5 by the recorded InChIKey route
MSBNK-Eawag-EQ01154903,MSBNK-Eawag-EQ01154903.txt,DOBNVUFHFMVMDB,DOBNVUFHFMVMDB,2024.06,POSITIVE,[M+H]+,45.0,R4,nce=45 not an adjudication cell (30 or 60)
MSBNK-Eawag-EQ01154904,MSBNK-Eawag-EQ01154904.txt,DOBNVUFHFMVMDB,DOBNVUFHFMVMDB,2024.06,POSITIVE,[M+H]+,60.0,R8,R8a: compound key in MassSpecGym 1.5 by the recorded InChIKey route
MSBNK-Eawag-EQ01154905,MSBNK-Eawag-EQ01154905.txt,DOBNVUFHFMVMDB,DOBNVUFHFMVMDB,2024.06,POSITIVE,[M+H]+,75.0,R4,nce=75 not an adjudication cell (30 or 60)
MSBNK-Eawag-EQ01154906,MSBNK-Eawag-EQ01154906.txt,DOBNVUFHFMVMDB,DOBNVUFHFMVMDB,2024.06,POSITIVE,[M+H]+,90.0,R4,nce=90 not an adjudication cell (30 or 60)
MSBNK-Eawag-EQ01154907,MSBNK-Eawag-EQ01154907.txt,DOBNVUFHFMVMDB,DOBNVUFHFMVMDB,2024.06,POSITIVE,[M+H]+,120.0,R4,nce=120 not an adjudication cell (30 or 60)
MSBNK-Eawag-EQ01154908,MSBNK-Eawag-EQ01154908.txt,DOBNVUFHFMVMDB,DOBNVUFHFMVMDB,2024.06,POSITIVE,[M+H]+,150.0,R4,nce=150 not an adjudication cell (30 or 60)
MSBNK-Eawag-EQ01154909,MSBNK-Eawag-EQ01154909.txt,DOBNVUFHFMVMDB,DOBNVUFHFMVMDB,2024.06,POSITIVE,[M+H]+,180.0,R4,nce=180 not an adjudication cell (30 or 60)
MSBNK-Eawag-EQ01154951,MSBNK-Eawag-EQ01154951.txt,DOBNVUFHFMVMDB,DOBNVUFHFMVMDB,2024.06,NEGATIVE,[M-H]-,15.0,R1,ion_mode=NEGATIVE precursor_type=[M-H]-
MSBNK-Eawag-EQ01154952,MSBNK-Eawag-EQ01154952.txt,DOBNVUFHFMVMDB,DOBNVUFHFMVMDB,2024.06,NEGATIVE,[M-H]-,30.0,R1,ion_mode=NEGATIVE precursor_type=[M-H]-
MSBNK-Eawag-EQ01154953,MSBNK-Eawag-EQ01154953.txt,DOBNVUFHFMVMDB,DOBNVUFHFMVMDB,2024.06,NEGATIVE,[M-H]-,45.0,R1,ion_mode=NEGATIVE precursor_type=[M-H]-
MSBNK-Eawag-EQ01154954,MSBNK-Eawag-EQ01154954.txt,DOBNVUFHFMVMDB,DOBNVUFHFMVMDB,2024.06,NEGATIVE,[M-H]-,60.0,R1,ion_mode=NEGATIVE precursor_type=[M-H]-
MSBNK-Eawag-EQ01154955,MSBNK-Eawag-EQ01154955.txt,DOBNVUFHFMVMDB,DOBNVUFHFMVMDB,2024.06,NEGATIVE,[M-H]-,75.0,R1,ion_mode=NEGATIVE precursor_type=[M-H]-
MSBNK-Eawag-EQ01154956,MSBNK-Eawag-EQ01154956.txt,DOBNVUFHFMVMDB,DOBNVUFHFMVMDB,2024.06,NEGATIVE,[M-H]-,90.0,R1,ion_mode=NEGATIVE precursor_type=[M-H]-
MSBNK-Eawag-EQ01155051,MSBNK-Eawag-EQ01155051.txt,KDYFGRWQOYBRFD,KDYFGRWQOYBRFD,2024.06,NEGATIVE,[M-H]-,15.0,R1,ion_mode=NEGATIVE precursor_type=[M-H]-
MSBNK-Eawag-EQ01155052,MSBNK-Eawag-EQ01155052.txt,KDYFGRWQOYBRFD,KDYFGRWQOYBRFD,2024.06,NEGATIVE,[M-H]-,30.0,R1,ion_mode=NEGATIVE precursor_type=[M-H]-
MSBNK-Eawag-EQ01155053,MSBNK-Eawag-EQ01155053.txt,KDYFGRWQOYBRFD,KDYFGRWQOYBRFD,2024.06,NEGATIVE,[M-H]-,45.0,R1,ion_mode=NEGATIVE precursor_type=[M-H]-
MSBNK-Eawag-EQ01155054,MSBNK-Eawag-EQ01155054.txt,KDYFGRWQOYBRFD,KDYFGRWQOYBRFD,2024.06,NEGATIVE,[M-H]-,60.0,R1,ion_mode=NEGATIVE precursor_type=[M-H]-
MSBNK-Eawag-EQ01155055,MSBNK-Eawag-EQ01155055.txt,KDYFGRWQOYBRFD,KDYFGRWQOYBRFD,2024.06,NEGATIVE,[M-H]-,75.0,R1,ion_mode=NEGATIVE precursor_type=[M-H]-
MSBNK-Eawag-EQ01155101,MSBNK-Eawag-EQ01155101.txt,ODCKICSDIPVTRM,ODCKICSDIPVTRM,2024.06,POSITIVE,[M+H]+,15.0,R4,nce=15 not an adjudication cell (30 or 60)
MSBNK-Eawag-EQ01155102,MSBNK-Eawag-EQ01155102.txt,ODCKICSDIPVTRM,ODCKICSDIPVTRM,2024.06,POSITIVE,[M+H]+,30.0,R8,R8i: scaffold group guard: group in the MURU exposure registry
MSBNK-Eawag-EQ01155103,MSBNK-Eawag-EQ01155103.txt,ODCKICSDIPVTRM,ODCKICSDIPVTRM,2024.06,POSITIVE,[M+H]+,45.0,R4,nce=45 not an adjudication cell (30 or 60)
MSBNK-Eawag-EQ01155104,MSBNK-Eawag-EQ01155104.txt,ODCKICSDIPVTRM,ODCKICSDIPVTRM,2024.06,POSITIVE,[M+H]+,60.0,R8,R8i: scaffold group guard: group in the MURU exposure registry
MSBNK-Eawag-EQ01155105,MSBNK-Eawag-EQ01155105.txt,ODCKICSDIPVTRM,ODCKICSDIPVTRM,2024.06,POSITIVE,[M+H]+,75.0,R4,nce=75 not an adjudication cell (30 or 60)
MSBNK-Eawag-EQ01155106,MSBNK-Eawag-EQ01155106.txt,ODCKICSDIPVTRM,ODCKICSDIPVTRM,2024.06,POSITIVE,[M+H]+,90.0,R4,nce=90 not an adjudication cell (30 or 60)
MSBNK-Eawag-EQ01155151,MSBNK-Eawag-EQ01155151.txt,ODCKICSDIPVTRM,ODCKICSDIPVTRM,2024.06,NEGATIVE,[M-H]-,15.0,R1,ion_mode=NEGATIVE precursor_type=[M-H]-
MSBNK-Eawag-EQ01155152,MSBNK-Eawag-EQ01155152.txt,ODCKICSDIPVTRM,ODCKICSDIPVTRM,2024.06,NEGATIVE,[M-H]-,30.0,R1,ion_mode=NEGATIVE precursor_type=[M-H]-
MSBNK-Eawag-EQ01155153,MSBNK-Eawag-EQ01155153.txt,ODCKICSDIPVTRM,ODCKICSDIPVTRM,2024.06,NEGATIVE,[M-H]-,45.0,R1,ion_mode=NEGATIVE precursor_type=[M-H]-
MSBNK-Eawag-EQ01155154,MSBNK-Eawag-EQ01155154.txt,ODCKICSDIPVTRM,ODCKICSDIPVTRM,2024.06,NEGATIVE,[M-H]-,60.0,R1,ion_mode=NEGATIVE precursor_type=[M-H]-
MSBNK-Eawag-EQ01155155,MSBNK-Eawag-EQ01155155.txt,ODCKICSDIPVTRM,ODCKICSDIPVTRM,2024.06,NEGATIVE,[M-H]-,75.0,R1,ion_mode=NEGATIVE precursor_type=[M-H]-
MSBNK-Eawag-EQ01155156,MSBNK-Eawag-EQ01155156.txt,ODCKICSDIPVTRM,ODCKICSDIPVTRM,2024.06,NEGATIVE,[M-H]-,90.0,R1,ion_mode=NEGATIVE precursor_type=[M-H]-
MSBNK-Eawag-EQ01155157,MSBNK-Eawag-EQ01155157.txt,ODCKICSDIPVTRM,ODCKICSDIPVTRM,2024.06,NEGATIVE,[M-H]-,120.0,R1,ion_mode=NEGATIVE precursor_type=[M-H]-
MSBNK-Eawag-EQ01155201,MSBNK-Eawag-EQ01155201.txt,OAIGZXXQYIJBLR,OAIGZXXQYIJBLR,2024.06,POSITIVE,[M+H]+,15.0,R4,nce=15 not an adjudication cell (30 or 60)
MSBNK-Eawag-EQ01155202,MSBNK-Eawag-EQ01155202.txt,OAIGZXXQYIJBLR,OAIGZXXQYIJBLR,2024.06,POSITIVE,[M+H]+,30.0,PASS,eligible
MSBNK-Eawag-EQ01155203,MSBNK-Eawag-EQ01155203.txt,OAIGZXXQYIJBLR,OAIGZXXQYIJBLR,2024.06,POSITIVE,[M+H]+,45.0,R4,nce=45 not an adjudication cell (30 or 60)
MSBNK-Eawag-EQ01155204,MSBNK-Eawag-EQ01155204.txt,OAIGZXXQYIJBLR,OAIGZXXQYIJBLR,2024.06,POSITIVE,[M+H]+,60.0,PASS,eligible
MSBNK-Eawag-EQ01155205,MSBNK-Eawag-EQ01155205.txt,OAIGZXXQYIJBLR,OAIGZXXQYIJBLR,2024.06,POSITIVE,[M+H]+,75.0,R4,nce=75 not an adjudication cell (30 or 60)
MSBNK-Eawag-EQ01155206,MSBNK-Eawag-EQ01155206.txt,OAIGZXXQYIJBLR,OAIGZXXQYIJBLR,2024.06,POSITIVE,[M+H]+,90.0,R4,nce=90 not an adjudication cell (30 or 60)
MSBNK-Eawag-EQ01155207,MSBNK-Eawag-EQ01155207.txt,OAIGZXXQYIJBLR,OAIGZXXQYIJBLR,2024.06,POSITIVE,[M+H]+,120.0,R4,nce=120 not an adjudication cell (30 or 60)
MSBNK-Eawag-EQ01155208,MSBNK-Eawag-EQ01155208.txt,OAIGZXXQYIJBLR,OAIGZXXQYIJBLR,2024.06,POSITIVE,[M+H]+,150.0,R4,nce=150 not an adjudication cell (30 or 60)
MSBNK-Eawag-EQ01155209,MSBNK-Eawag-EQ01155209.txt,OAIGZXXQYIJBLR,OAIGZXXQYIJBLR,2024.06,POSITIVE,[M+H]+,180.0,R4,nce=180 not an adjudication cell (30 or 60)
MSBNK-Eawag-EQ01155301,MSBNK-Eawag-EQ01155301.txt,RNPCQQLCTVIPNU,RNPCQQLCTVIPNU,2024.06,POSITIVE,[M+H]+,15.0,R4,nce=15 not an adjudication cell (30 or 60)
MSBNK-Eawag-EQ01155302,MSBNK-Eawag-EQ01155302.txt,RNPCQQLCTVIPNU,RNPCQQLCTVIPNU,2024.06,POSITIVE,[M+H]+,30.0,R8,R8i: scaffold group guard: group in the MURU exposure registry
MSBNK-Eawag-EQ01155303,MSBNK-Eawag-EQ01155303.txt,RNPCQQLCTVIPNU,RNPCQQLCTVIPNU,2024.06,POSITIVE,[M+H]+,45.0,R4,nce=45 not an adjudication cell (30 or 60)
MSBNK-Eawag-EQ01155304,MSBNK-Eawag-EQ01155304.txt,RNPCQQLCTVIPNU,RNPCQQLCTVIPNU,2024.06,POSITIVE,[M+H]+,60.0,R8,R8i: scaffold group guard: group in the MURU exposure registry
MSBNK-Eawag-EQ01155305,MSBNK-Eawag-EQ01155305.txt,RNPCQQLCTVIPNU,RNPCQQLCTVIPNU,2024.06,POSITIVE,[M+H]+,75.0,R4,nce=75 not an adjudication cell (30 or 60)
MSBNK-Eawag-EQ01155306,MSBNK-Eawag-EQ01155306.txt,RNPCQQLCTVIPNU,RNPCQQLCTVIPNU,2024.06,POSITIVE,[M+H]+,90.0,R4,nce=90 not an adjudication cell (30 or 60)
MSBNK-Eawag-EQ01155307,MSBNK-Eawag-EQ01155307.txt,RNPCQQLCTVIPNU,RNPCQQLCTVIPNU,2024.06,POSITIVE,[M+H]+,120.0,R4,nce=120 not an adjudication cell (30 or 60)
MSBNK-Eawag-EQ01155351,MSBNK-Eawag-EQ01155351.txt,RNPCQQLCTVIPNU,RNPCQQLCTVIPNU,2024.06,NEGATIVE,[M-H]-,15.0,R1,ion_mode=NEGATIVE precursor_type=[M-H]-
MSBNK-Eawag-EQ01155352,MSBNK-Eawag-EQ01155352.txt,RNPCQQLCTVIPNU,RNPCQQLCTVIPNU,2024.06,NEGATIVE,[M-H]-,30.0,R1,ion_mode=NEGATIVE precursor_type=[M-H]-
MSBNK-Eawag-EQ01155353,MSBNK-Eawag-EQ01155353.txt,RNPCQQLCTVIPNU,RNPCQQLCTVIPNU,2024.06,NEGATIVE,[M-H]-,45.0,R1,ion_mode=NEGATIVE precursor_type=[M-H]-
MSBNK-Eawag-EQ01155354,MSBNK-Eawag-EQ01155354.txt,RNPCQQLCTVIPNU,RNPCQQLCTVIPNU,2024.06,NEGATIVE,[M-H]-,60.0,R1,ion_mode=NEGATIVE precursor_type=[M-H]-
MSBNK-Eawag-EQ01155355,MSBNK-Eawag-EQ01155355.txt,RNPCQQLCTVIPNU,RNPCQQLCTVIPNU,2024.06,NEGATIVE,[M-H]-,75.0,R1,ion_mode=NEGATIVE precursor_type=[M-H]-
MSBNK-Eawag-EQ01155356,MSBNK-Eawag-EQ01155356.txt,RNPCQQLCTVIPNU,RNPCQQLCTVIPNU,2024.06,NEGATIVE,[M-H]-,90.0,R1,ion_mode=NEGATIVE precursor_type=[M-H]-
MSBNK-Eawag-EQ01155357,MSBNK-Eawag-EQ01155357.txt,RNPCQQLCTVIPNU,RNPCQQLCTVIPNU,2024.06,NEGATIVE,[M-H]-,120.0,R1,ion_mode=NEGATIVE precursor_type=[M-H]-
MSBNK-Eawag-EQ01155358,MSBNK-Eawag-EQ01155358.txt,RNPCQQLCTVIPNU,RNPCQQLCTVIPNU,2024.06,NEGATIVE,[M-H]-,150.0,R1,ion_mode=NEGATIVE precursor_type=[M-H]-
MSBNK-Eawag-EQ01155359,MSBNK-Eawag-EQ01155359.txt,RNPCQQLCTVIPNU,RNPCQQLCTVIPNU,2024.06,NEGATIVE,[M-H]-,180.0,R1,ion_mode=NEGATIVE precursor_type=[M-H]-
MSBNK-Eawag-EQ01155401,MSBNK-Eawag-EQ01155401.txt,RCOBUBSULFIXAR,RCOBUBSULFIXAR,2024.06,POSITIVE,[M+H]+,15.0,R4,nce=15 not an adjudication cell (30 or 60)
MSBNK-Eawag-EQ01155402,MSBNK-Eawag-EQ01155402.txt,RCOBUBSULFIXAR,RCOBUBSULFIXAR,2024.06,POSITIVE,[M+H]+,30.0,PASS,eligible
MSBNK-Eawag-EQ01155403,MSBNK-Eawag-EQ01155403.txt,RCOBUBSULFIXAR,RCOBUBSULFIXAR,2024.06,POSITIVE,[M+H]+,45.0,R4,nce=45 not an adjudication cell (30 or 60)
MSBNK-Eawag-EQ01155404,MSBNK-Eawag-EQ01155404.txt,RCOBUBSULFIXAR,RCOBUBSULFIXAR,2024.06,POSITIVE,[M+H]+,60.0,PASS,eligible
MSBNK-Eawag-EQ01155405,MSBNK-Eawag-EQ01155405.txt,RCOBUBSULFIXAR,RCOBUBSULFIXAR,2024.06,POSITIVE,[M+H]+,75.0,R4,nce=75 not an adjudication cell (30 or 60)
MSBNK-Eawag-EQ01155406,MSBNK-Eawag-EQ01155406.txt,RCOBUBSULFIXAR,RCOBUBSULFIXAR,2024.06,POSITIVE,[M+H]+,90.0,R4,nce=90 not an adjudication cell (30 or 60)
MSBNK-Eawag-EQ01155407,MSBNK-Eawag-EQ01155407.txt,RCOBUBSULFIXAR,RCOBUBSULFIXAR,2024.06,POSITIVE,[M+H]+,120.0,R4,nce=120 not an adjudication cell (30 or 60)
MSBNK-Eawag-EQ01155451,MSBNK-Eawag-EQ01155451.txt,RCOBUBSULFIXAR,RCOBUBSULFIXAR,2024.06,NEGATIVE,[M-H]-,15.0,R1,ion_mode=NEGATIVE precursor_type=[M-H]-
MSBNK-Eawag-EQ01155452,MSBNK-Eawag-EQ01155452.txt,RCOBUBSULFIXAR,RCOBUBSULFIXAR,2024.06,NEGATIVE,[M-H]-,30.0,R1,ion_mode=NEGATIVE precursor_type=[M-H]-
MSBNK-Eawag-EQ01155453,MSBNK-Eawag-EQ01155453.txt,RCOBUBSULFIXAR,RCOBUBSULFIXAR,2024.06,NEGATIVE,[M-H]-,45.0,R1,ion_mode=NEGATIVE precursor_type=[M-H]-
MSBNK-Eawag-EQ01155454,MSBNK-Eawag-EQ01155454.txt,RCOBUBSULFIXAR,RCOBUBSULFIXAR,2024.06,NEGATIVE,[M-H]-,60.0,R1,ion_mode=NEGATIVE precursor_type=[M-H]-
MSBNK-Eawag-EQ01155455,MSBNK-Eawag-EQ01155455.txt,RCOBUBSULFIXAR,RCOBUBSULFIXAR,2024.06,NEGATIVE,[M-H]-,75.0,R1,ion_mode=NEGATIVE precursor_type=[M-H]-
MSBNK-Eawag-EQ01155456,MSBNK-Eawag-EQ01155456.txt,RCOBUBSULFIXAR,RCOBUBSULFIXAR,2024.06,NEGATIVE,[M-H]-,90.0,R1,ion_mode=NEGATIVE precursor_type=[M-H]-
MSBNK-Eawag-EQ01155457,MSBNK-Eawag-EQ01155457.txt,RCOBUBSULFIXAR,RCOBUBSULFIXAR,2024.06,NEGATIVE,[M-H]-,120.0,R1,ion_mode=NEGATIVE precursor_type=[M-H]-
MSBNK-Eawag-EQ01156101,MSBNK-Eawag-EQ01156101.txt,HPEFZESOUVTBSA,HPEFZESOUVTBSA,2024.06,POSITIVE,[M+H]+,15.0,R4,nce=15 not an adjudication cell (30 or 60)
MSBNK-Eawag-EQ01156102,MSBNK-Eawag-EQ01156102.txt,HPEFZESOUVTBSA,HPEFZESOUVTBSA,2024.06,POSITIVE,[M+H]+,30.0,R8,R8i: scaffold group guard: group in the MURU exposure registry
MSBNK-Eawag-EQ01156103,MSBNK-Eawag-EQ01156103.txt,HPEFZESOUVTBSA,HPEFZESOUVTBSA,2024.06,POSITIVE,[M+H]+,45.0,R4,nce=45 not an adjudication cell (30 or 60)
MSBNK-Eawag-EQ01156104,MSBNK-Eawag-EQ01156104.txt,HPEFZESOUVTBSA,HPEFZESOUVTBSA,2024.06,POSITIVE,[M+H]+,60.0,R8,R8i: scaffold group guard: group in the MURU exposure registry
MSBNK-Eawag-EQ01156105,MSBNK-Eawag-EQ01156105.txt,HPEFZESOUVTBSA,HPEFZESOUVTBSA,2024.06,POSITIVE,[M+H]+,75.0,R4,nce=75 not an adjudication cell (30 or 60)
MSBNK-Eawag-EQ01156106,MSBNK-Eawag-EQ01156106.txt,HPEFZESOUVTBSA,HPEFZESOUVTBSA,2024.06,POSITIVE,[M+H]+,90.0,R4,nce=90 not an adjudication cell (30 or 60)
MSBNK-Eawag-EQ01156107,MSBNK-Eawag-EQ01156107.txt,HPEFZESOUVTBSA,HPEFZESOUVTBSA,2024.06,POSITIVE,[M+H]+,120.0,R4,nce=120 not an adjudication cell (30 or 60)
MSBNK-Eawag-EQ01156108,MSBNK-Eawag-EQ01156108.txt,HPEFZESOUVTBSA,HPEFZESOUVTBSA,2024.06,POSITIVE,[M+H]+,150.0,R4,nce=150 not an adjudication cell (30 or 60)
MSBNK-Eawag-EQ01156109,MSBNK-Eawag-EQ01156109.txt,HPEFZESOUVTBSA,HPEFZESOUVTBSA,2024.06,POSITIVE,[M+H]+,180.0,R4,nce=180 not an adjudication cell (30 or 60)
MSBNK-Eawag-EQ01156151,MSBNK-Eawag-EQ01156151.txt,HPEFZESOUVTBSA,HPEFZESOUVTBSA,2024.06,NEGATIVE,[M-H]-,15.0,R1,ion_mode=NEGATIVE precursor_type=[M-H]-
MSBNK-Eawag-EQ01156152,MSBNK-Eawag-EQ01156152.txt,HPEFZESOUVTBSA,HPEFZESOUVTBSA,2024.06,NEGATIVE,[M-H]-,30.0,R1,ion_mode=NEGATIVE precursor_type=[M-H]-
MSBNK-Eawag-EQ01156153,MSBNK-Eawag-EQ01156153.txt,HPEFZESOUVTBSA,HPEFZESOUVTBSA,2024.06,NEGATIVE,[M-H]-,45.0,R1,ion_mode=NEGATIVE precursor_type=[M-H]-
MSBNK-Eawag-EQ01156154,MSBNK-Eawag-EQ01156154.txt,HPEFZESOUVTBSA,HPEFZESOUVTBSA,2024.06,NEGATIVE,[M-H]-,60.0,R1,ion_mode=NEGATIVE precursor_type=[M-H]-
MSBNK-Eawag-EQ01156155,MSBNK-Eawag-EQ01156155.txt,HPEFZESOUVTBSA,HPEFZESOUVTBSA,2024.06,NEGATIVE,[M-H]-,75.0,R1,ion_mode=NEGATIVE precursor_type=[M-H]-
MSBNK-Eawag-EQ01156156,MSBNK-Eawag-EQ01156156.txt,HPEFZESOUVTBSA,HPEFZESOUVTBSA,2024.06,NEGATIVE,[M-H]-,90.0,R1,ion_mode=NEGATIVE precursor_type=[M-H]-
MSBNK-Eawag-EQ01156157,MSBNK-Eawag-EQ01156157.txt,HPEFZESOUVTBSA,HPEFZESOUVTBSA,2024.06,NEGATIVE,[M-H]-,120.0,R1,ion_mode=NEGATIVE precursor_type=[M-H]-
MSBNK-Eawag-EQ01156158,MSBNK-Eawag-EQ01156158.txt,HPEFZESOUVTBSA,HPEFZESOUVTBSA,2024.06,NEGATIVE,[M-H]-,150.0,R1,ion_mode=NEGATIVE precursor_type=[M-H]-
MSBNK-Eawag-EQ01156159,MSBNK-Eawag-EQ01156159.txt,HPEFZESOUVTBSA,HPEFZESOUVTBSA,2024.06,NEGATIVE,[M-H]-,180.0,R1,ion_mode=NEGATIVE precursor_type=[M-H]-
MSBNK-Eawag-EQ01156201,MSBNK-Eawag-EQ01156201.txt,SOZOATLLFFVAPM,SOZOATLLFFVAPM,2024.06,POSITIVE,[M+H]+,15.0,R4,nce=15 not an adjudication cell (30 or 60)
MSBNK-Eawag-EQ01156202,MSBNK-Eawag-EQ01156202.txt,SOZOATLLFFVAPM,SOZOATLLFFVAPM,2024.06,POSITIVE,[M+H]+,30.0,R8,R8i: scaffold group guard: group in the MURU exposure registry
MSBNK-Eawag-EQ01156203,MSBNK-Eawag-EQ01156203.txt,SOZOATLLFFVAPM,SOZOATLLFFVAPM,2024.06,POSITIVE,[M+H]+,45.0,R4,nce=45 not an adjudication cell (30 or 60)
MSBNK-Eawag-EQ01156204,MSBNK-Eawag-EQ01156204.txt,SOZOATLLFFVAPM,SOZOATLLFFVAPM,2024.06,POSITIVE,[M+H]+,60.0,R8,R8i: scaffold group guard: group in the MURU exposure registry
MSBNK-Eawag-EQ01156205,MSBNK-Eawag-EQ01156205.txt,SOZOATLLFFVAPM,SOZOATLLFFVAPM,2024.06,POSITIVE,[M+H]+,75.0,R4,nce=75 not an adjudication cell (30 or 60)
MSBNK-Eawag-EQ01156206,MSBNK-Eawag-EQ01156206.txt,SOZOATLLFFVAPM,SOZOATLLFFVAPM,2024.06,POSITIVE,[M+H]+,90.0,R4,nce=90 not an adjudication cell (30 or 60)
MSBNK-Eawag-EQ01156207,MSBNK-Eawag-EQ01156207.txt,SOZOATLLFFVAPM,SOZOATLLFFVAPM,2024.06,POSITIVE,[M+H]+,120.0,R4,nce=120 not an adjudication cell (30 or 60)
MSBNK-Eawag-EQ01156251,MSBNK-Eawag-EQ01156251.txt,SOZOATLLFFVAPM,SOZOATLLFFVAPM,2024.06,NEGATIVE,[M-H]-,15.0,R1,ion_mode=NEGATIVE precursor_type=[M-H]-
MSBNK-Eawag-EQ01156252,MSBNK-Eawag-EQ01156252.txt,SOZOATLLFFVAPM,SOZOATLLFFVAPM,2024.06,NEGATIVE,[M-H]-,30.0,R1,ion_mode=NEGATIVE precursor_type=[M-H]-
MSBNK-Eawag-EQ01156253,MSBNK-Eawag-EQ01156253.txt,SOZOATLLFFVAPM,SOZOATLLFFVAPM,2024.06,NEGATIVE,[M-H]-,45.0,R1,ion_mode=NEGATIVE precursor_type=[M-H]-
MSBNK-Eawag-EQ01156254,MSBNK-Eawag-EQ01156254.txt,SOZOATLLFFVAPM,SOZOATLLFFVAPM,2024.06,NEGATIVE,[M-H]-,60.0,R1,ion_mode=NEGATIVE precursor_type=[M-H]-
MSBNK-Eawag-EQ01156255,MSBNK-Eawag-EQ01156255.txt,SOZOATLLFFVAPM,SOZOATLLFFVAPM,2024.06,NEGATIVE,[M-H]-,75.0,R1,ion_mode=NEGATIVE precursor_type=[M-H]-
MSBNK-Eawag-EQ01156256,MSBNK-Eawag-EQ01156256.txt,SOZOATLLFFVAPM,SOZOATLLFFVAPM,2024.06,NEGATIVE,[M-H]-,90.0,R1,ion_mode=NEGATIVE precursor_type=[M-H]-
MSBNK-Eawag-EQ01156257,MSBNK-Eawag-EQ01156257.txt,SOZOATLLFFVAPM,SOZOATLLFFVAPM,2024.06,NEGATIVE,[M-H]-,120.0,R1,ion_mode=NEGATIVE precursor_type=[M-H]-
MSBNK-Eawag-EQ01156301,MSBNK-Eawag-EQ01156301.txt,CZBPKFICAYVHHM,CZBPKFICAYVHHM,2024.06,POSITIVE,[M+H]+,15.0,R4,nce=15 not an adjudication cell (30 or 60)
MSBNK-Eawag-EQ01156302,MSBNK-Eawag-EQ01156302.txt,CZBPKFICAYVHHM,CZBPKFICAYVHHM,2024.06,POSITIVE,[M+H]+,30.0,R8,R8i: scaffold group guard: group in the MURU exposure registry
MSBNK-Eawag-EQ01156303,MSBNK-Eawag-EQ01156303.txt,CZBPKFICAYVHHM,CZBPKFICAYVHHM,2024.06,POSITIVE,[M+H]+,45.0,R4,nce=45 not an adjudication cell (30 or 60)
MSBNK-Eawag-EQ01156304,MSBNK-Eawag-EQ01156304.txt,CZBPKFICAYVHHM,CZBPKFICAYVHHM,2024.06,POSITIVE,[M+H]+,60.0,R8,R8i: scaffold group guard: group in the MURU exposure registry
MSBNK-Eawag-EQ01156305,MSBNK-Eawag-EQ01156305.txt,CZBPKFICAYVHHM,CZBPKFICAYVHHM,2024.06,POSITIVE,[M+H]+,75.0,R4,nce=75 not an adjudication cell (30 or 60)
MSBNK-Eawag-EQ01156306,MSBNK-Eawag-EQ01156306.txt,CZBPKFICAYVHHM,CZBPKFICAYVHHM,2024.06,POSITIVE,[M+H]+,90.0,R4,nce=90 not an adjudication cell (30 or 60)
MSBNK-Eawag-EQ01156307,MSBNK-Eawag-EQ01156307.txt,CZBPKFICAYVHHM,CZBPKFICAYVHHM,2024.06,POSITIVE,[M+H]+,120.0,R4,nce=120 not an adjudication cell (30 or 60)
MSBNK-Eawag-EQ01156308,MSBNK-Eawag-EQ01156308.txt,CZBPKFICAYVHHM,CZBPKFICAYVHHM,2024.06,POSITIVE,[M+H]+,150.0,R4,nce=150 not an adjudication cell (30 or 60)
MSBNK-Eawag-EQ01156351,MSBNK-Eawag-EQ01156351.txt,CZBPKFICAYVHHM,CZBPKFICAYVHHM,2024.06,NEGATIVE,[M-H]-,15.0,R1,ion_mode=NEGATIVE precursor_type=[M-H]-
MSBNK-Eawag-EQ01156352,MSBNK-Eawag-EQ01156352.txt,CZBPKFICAYVHHM,CZBPKFICAYVHHM,2024.06,NEGATIVE,[M-H]-,30.0,R1,ion_mode=NEGATIVE precursor_type=[M-H]-
MSBNK-Eawag-EQ01156353,MSBNK-Eawag-EQ01156353.txt,CZBPKFICAYVHHM,CZBPKFICAYVHHM,2024.06,NEGATIVE,[M-H]-,45.0,R1,ion_mode=NEGATIVE precursor_type=[M-H]-
MSBNK-Eawag-EQ01156354,MSBNK-Eawag-EQ01156354.txt,CZBPKFICAYVHHM,CZBPKFICAYVHHM,2024.06,NEGATIVE,[M-H]-,60.0,R1,ion_mode=NEGATIVE precursor_type=[M-H]-
MSBNK-Eawag-EQ01156355,MSBNK-Eawag-EQ01156355.txt,CZBPKFICAYVHHM,CZBPKFICAYVHHM,2024.06,NEGATIVE,[M-H]-,75.0,R1,ion_mode=NEGATIVE precursor_type=[M-H]-
MSBNK-Eawag-EQ01156356,MSBNK-Eawag-EQ01156356.txt,CZBPKFICAYVHHM,CZBPKFICAYVHHM,2024.06,NEGATIVE,[M-H]-,90.0,R1,ion_mode=NEGATIVE precursor_type=[M-H]-
MSBNK-Eawag-EQ01156357,MSBNK-Eawag-EQ01156357.txt,CZBPKFICAYVHHM,CZBPKFICAYVHHM,2024.06,NEGATIVE,[M-H]-,120.0,R1,ion_mode=NEGATIVE precursor_type=[M-H]-
MSBNK-Eawag-EQ01156951,MSBNK-Eawag-EQ01156951.txt,KQRJATLINVYHEZ,KQRJATLINVYHEZ,dev,NEGATIVE,[M-H]-,15.0,R1,ion_mode=NEGATIVE precursor_type=[M-H]-
MSBNK-Eawag-EQ01156952,MSBNK-Eawag-EQ01156952.txt,KQRJATLINVYHEZ,KQRJATLINVYHEZ,dev,NEGATIVE,[M-H]-,30.0,R1,ion_mode=NEGATIVE precursor_type=[M-H]-
MSBNK-Eawag-EQ01156953,MSBNK-Eawag-EQ01156953.txt,KQRJATLINVYHEZ,KQRJATLINVYHEZ,dev,NEGATIVE,[M-H]-,45.0,R1,ion_mode=NEGATIVE precursor_type=[M-H]-
MSBNK-Eawag-EQ01156954,MSBNK-Eawag-EQ01156954.txt,KQRJATLINVYHEZ,KQRJATLINVYHEZ,dev,NEGATIVE,[M-H]-,60.0,R1,ion_mode=NEGATIVE precursor_type=[M-H]-
MSBNK-Eawag-EQ01156955,MSBNK-Eawag-EQ01156955.txt,KQRJATLINVYHEZ,KQRJATLINVYHEZ,dev,NEGATIVE,[M-H]-,75.0,R1,ion_mode=NEGATIVE precursor_type=[M-H]-
MSBNK-Eawag-EQ01156956,MSBNK-Eawag-EQ01156956.txt,KQRJATLINVYHEZ,KQRJATLINVYHEZ,dev,NEGATIVE,[M-H]-,90.0,R1,ion_mode=NEGATIVE precursor_type=[M-H]-
MSBNK-Eawag-EQ01156957,MSBNK-Eawag-EQ01156957.txt,KQRJATLINVYHEZ,KQRJATLINVYHEZ,dev,NEGATIVE,[M-H]-,120.0,R1,ion_mode=NEGATIVE precursor_type=[M-H]-
MSBNK-Eawag-EQ01156958,MSBNK-Eawag-EQ01156958.txt,KQRJATLINVYHEZ,KQRJATLINVYHEZ,dev,NEGATIVE,[M-H]-,150.0,R1,ion_mode=NEGATIVE precursor_type=[M-H]-
MSBNK-Eawag-EQ01156959,MSBNK-Eawag-EQ01156959.txt,KQRJATLINVYHEZ,KQRJATLINVYHEZ,dev,NEGATIVE,[M-H]-,180.0,R1,ion_mode=NEGATIVE precursor_type=[M-H]-
MSBNK-Eawag-EQ01157151,MSBNK-Eawag-EQ01157151.txt,IEEJAAUSLQCGJH,IEEJAAUSLQCGJH,dev,NEGATIVE,[M-H]-,15.0,R1,ion_mode=NEGATIVE precursor_type=[M-H]-
MSBNK-Eawag-EQ01157152,MSBNK-Eawag-EQ01157152.txt,IEEJAAUSLQCGJH,IEEJAAUSLQCGJH,dev,NEGATIVE,[M-H]-,30.0,R1,ion_mode=NEGATIVE precursor_type=[M-H]-
MSBNK-Eawag-EQ01157153,MSBNK-Eawag-EQ01157153.txt,IEEJAAUSLQCGJH,IEEJAAUSLQCGJH,dev,NEGATIVE,[M-H]-,45.0,R1,ion_mode=NEGATIVE precursor_type=[M-H]-
MSBNK-Eawag-EQ01157154,MSBNK-Eawag-EQ01157154.txt,IEEJAAUSLQCGJH,IEEJAAUSLQCGJH,dev,NEGATIVE,[M-H]-,60.0,R1,ion_mode=NEGATIVE precursor_type=[M-H]-
MSBNK-Eawag-EQ01157155,MSBNK-Eawag-EQ01157155.txt,IEEJAAUSLQCGJH,IEEJAAUSLQCGJH,dev,NEGATIVE,[M-H]-,75.0,R1,ion_mode=NEGATIVE precursor_type=[M-H]-
MSBNK-Eawag-EQ01157156,MSBNK-Eawag-EQ01157156.txt,IEEJAAUSLQCGJH,IEEJAAUSLQCGJH,dev,NEGATIVE,[M-H]-,90.0,R1,ion_mode=NEGATIVE precursor_type=[M-H]-
MSBNK-Eawag-EQ01157157,MSBNK-Eawag-EQ01157157.txt,IEEJAAUSLQCGJH,IEEJAAUSLQCGJH,dev,NEGATIVE,[M-H]-,120.0,R1,ion_mode=NEGATIVE precursor_type=[M-H]-
MSBNK-Eawag-EQ01157158,MSBNK-Eawag-EQ01157158.txt,IEEJAAUSLQCGJH,IEEJAAUSLQCGJH,dev,NEGATIVE,[M-H]-,150.0,R1,ion_mode=NEGATIVE precursor_type=[M-H]-
MSBNK-Eawag-EQ01157159,MSBNK-Eawag-EQ01157159.txt,IEEJAAUSLQCGJH,IEEJAAUSLQCGJH,dev,NEGATIVE,[M-H]-,180.0,R1,ion_mode=NEGATIVE precursor_type=[M-H]-
MSBNK-Eawag-EQ01157201,MSBNK-Eawag-EQ01157201.txt,DSBIJCMXAIKKKI,DSBIJCMXAIKKKI,dev,POSITIVE,[M+H]+,15.0,R4,nce=15 not an adjudication cell (30 or 60)
MSBNK-Eawag-EQ01157202,MSBNK-Eawag-EQ01157202.txt,DSBIJCMXAIKKKI,DSBIJCMXAIKKKI,dev,POSITIVE,[M+H]+,30.0,R5,"first_ref=dev not a tagged release ['2024.06', '2024.11', '2025.10']"
MSBNK-Eawag-EQ01157203,MSBNK-Eawag-EQ01157203.txt,DSBIJCMXAIKKKI,DSBIJCMXAIKKKI,dev,POSITIVE,[M+H]+,45.0,R4,nce=45 not an adjudication cell (30 or 60)
MSBNK-Eawag-EQ01157204,MSBNK-Eawag-EQ01157204.txt,DSBIJCMXAIKKKI,DSBIJCMXAIKKKI,dev,POSITIVE,[M+H]+,60.0,R5,"first_ref=dev not a tagged release ['2024.06', '2024.11', '2025.10']"
MSBNK-Eawag-EQ01157205,MSBNK-Eawag-EQ01157205.txt,DSBIJCMXAIKKKI,DSBIJCMXAIKKKI,dev,POSITIVE,[M+H]+,75.0,R4,nce=75 not an adjudication cell (30 or 60)
MSBNK-Eawag-EQ01157206,MSBNK-Eawag-EQ01157206.txt,DSBIJCMXAIKKKI,DSBIJCMXAIKKKI,dev,POSITIVE,[M+H]+,90.0,R4,nce=90 not an adjudication cell (30 or 60)
MSBNK-Eawag-EQ01157207,MSBNK-Eawag-EQ01157207.txt,DSBIJCMXAIKKKI,DSBIJCMXAIKKKI,dev,POSITIVE,[M+H]+,120.0,R4,nce=120 not an adjudication cell (30 or 60)
MSBNK-Eawag-EQ01157208,MSBNK-Eawag-EQ01157208.txt,DSBIJCMXAIKKKI,DSBIJCMXAIKKKI,dev,POSITIVE,[M+H]+,150.0,R4,nce=150 not an adjudication cell (30 or 60)
MSBNK-Eawag-EQ01157209,MSBNK-Eawag-EQ01157209.txt,DSBIJCMXAIKKKI,DSBIJCMXAIKKKI,dev,POSITIVE,[M+H]+,180.0,R4,nce=180 not an adjudication cell (30 or 60)
MSBNK-Eawag-EQ01157251,MSBNK-Eawag-EQ01157251.txt,DSBIJCMXAIKKKI,DSBIJCMXAIKKKI,dev,NEGATIVE,[M-H]-,15.0,R1,ion_mode=NEGATIVE precursor_type=[M-H]-
MSBNK-Eawag-EQ01157252,MSBNK-Eawag-EQ01157252.txt,DSBIJCMXAIKKKI,DSBIJCMXAIKKKI,dev,NEGATIVE,[M-H]-,30.0,R1,ion_mode=NEGATIVE precursor_type=[M-H]-
MSBNK-Eawag-EQ01157253,MSBNK-Eawag-EQ01157253.txt,DSBIJCMXAIKKKI,DSBIJCMXAIKKKI,dev,NEGATIVE,[M-H]-,45.0,R1,ion_mode=NEGATIVE precursor_type=[M-H]-
MSBNK-Eawag-EQ01157254,MSBNK-Eawag-EQ01157254.txt,DSBIJCMXAIKKKI,DSBIJCMXAIKKKI,dev,NEGATIVE,[M-H]-,60.0,R1,ion_mode=NEGATIVE precursor_type=[M-H]-
MSBNK-Eawag-EQ01157255,MSBNK-Eawag-EQ01157255.txt,DSBIJCMXAIKKKI,DSBIJCMXAIKKKI,dev,NEGATIVE,[M-H]-,75.0,R1,ion_mode=NEGATIVE precursor_type=[M-H]-
MSBNK-Eawag-EQ01157256,MSBNK-Eawag-EQ01157256.txt,DSBIJCMXAIKKKI,DSBIJCMXAIKKKI,dev,NEGATIVE,[M-H]-,90.0,R1,ion_mode=NEGATIVE precursor_type=[M-H]-
MSBNK-Eawag-EQ01157257,MSBNK-Eawag-EQ01157257.txt,DSBIJCMXAIKKKI,DSBIJCMXAIKKKI,dev,NEGATIVE,[M-H]-,120.0,R1,ion_mode=NEGATIVE precursor_type=[M-H]-
MSBNK-Eawag-EQ01157258,MSBNK-Eawag-EQ01157258.txt,DSBIJCMXAIKKKI,DSBIJCMXAIKKKI,dev,NEGATIVE,[M-H]-,150.0,R1,ion_mode=NEGATIVE precursor_type=[M-H]-
MSBNK-Eawag-EQ01157259,MSBNK-Eawag-EQ01157259.txt,DSBIJCMXAIKKKI,DSBIJCMXAIKKKI,dev,NEGATIVE,[M-H]-,180.0,R1,ion_mode=NEGATIVE precursor_type=[M-H]-
MSBNK-Eawag-EQ01159201,MSBNK-Eawag-EQ01159201.txt,AFJYYKSVHJGXSN,AFJYYKSVHJGXSN,2024.06,POSITIVE,[M+H]+,15.0,R4,nce=15 not an adjudication cell (30 or 60)
MSBNK-Eawag-EQ01159202,MSBNK-Eawag-EQ01159202.txt,AFJYYKSVHJGXSN,AFJYYKSVHJGXSN,2024.06,POSITIVE,[M+H]+,30.0,R8,R8a: compound key in MassSpecGym 1.5 by the recorded InChIKey route
MSBNK-Eawag-EQ01159251,MSBNK-Eawag-EQ01159251.txt,AFJYYKSVHJGXSN,AFJYYKSVHJGXSN,2024.06,NEGATIVE,[M-H]-,15.0,R1,ion_mode=NEGATIVE precursor_type=[M-H]-
MSBNK-Eawag-EQ01159252,MSBNK-Eawag-EQ01159252.txt,AFJYYKSVHJGXSN,AFJYYKSVHJGXSN,2024.06,NEGATIVE,[M-H]-,30.0,R1,ion_mode=NEGATIVE precursor_type=[M-H]-
MSBNK-Eawag-EQ01159301,MSBNK-Eawag-EQ01159301.txt,MLBZKOGAMRTSKP,MLBZKOGAMRTSKP,2024.06,POSITIVE,[M+H]+,15.0,R4,nce=15 not an adjudication cell (30 or 60)
MSBNK-Eawag-EQ01159302,MSBNK-Eawag-EQ01159302.txt,MLBZKOGAMRTSKP,MLBZKOGAMRTSKP,2024.06,POSITIVE,[M+H]+,30.0,R8,R8d: compound in the MURU exposure registry
MSBNK-Eawag-EQ01159303,MSBNK-Eawag-EQ01159303.txt,MLBZKOGAMRTSKP,MLBZKOGAMRTSKP,2024.06,POSITIVE,[M+H]+,45.0,R4,nce=45 not an adjudication cell (30 or 60)
MSBNK-Eawag-EQ01159304,MSBNK-Eawag-EQ01159304.txt,MLBZKOGAMRTSKP,MLBZKOGAMRTSKP,2024.06,POSITIVE,[M+H]+,60.0,R8,R8d: compound in the MURU exposure registry
MSBNK-Eawag-EQ01159305,MSBNK-Eawag-EQ01159305.txt,MLBZKOGAMRTSKP,MLBZKOGAMRTSKP,2024.06,POSITIVE,[M+H]+,75.0,R4,nce=75 not an adjudication cell (30 or 60)
MSBNK-Eawag-EQ01159306,MSBNK-Eawag-EQ01159306.txt,MLBZKOGAMRTSKP,MLBZKOGAMRTSKP,2024.06,POSITIVE,[M+H]+,90.0,R4,nce=90 not an adjudication cell (30 or 60)
MSBNK-Eawag-EQ01159307,MSBNK-Eawag-EQ01159307.txt,MLBZKOGAMRTSKP,MLBZKOGAMRTSKP,2024.06,POSITIVE,[M+H]+,120.0,R4,nce=120 not an adjudication cell (30 or 60)
MSBNK-Eawag-EQ01159308,MSBNK-Eawag-EQ01159308.txt,MLBZKOGAMRTSKP,MLBZKOGAMRTSKP,2024.06,POSITIVE,[M+H]+,150.0,R4,nce=150 not an adjudication cell (30 or 60)
MSBNK-Eawag-EQ01159309,MSBNK-Eawag-EQ01159309.txt,MLBZKOGAMRTSKP,MLBZKOGAMRTSKP,dev,POSITIVE,[M+H]+,180.0,R4,nce=180 not an adjudication cell (30 or 60)
MSBNK-Eawag-EQ01159351,MSBNK-Eawag-EQ01159351.txt,MLBZKOGAMRTSKP,MLBZKOGAMRTSKP,2024.06,NEGATIVE,[M-H]-,15.0,R1,ion_mode=NEGATIVE precursor_type=[M-H]-
MSBNK-Eawag-EQ01159352,MSBNK-Eawag-EQ01159352.txt,MLBZKOGAMRTSKP,MLBZKOGAMRTSKP,2024.06,NEGATIVE,[M-H]-,30.0,R1,ion_mode=NEGATIVE precursor_type=[M-H]-
MSBNK-Eawag-EQ01159353,MSBNK-Eawag-EQ01159353.txt,MLBZKOGAMRTSKP,MLBZKOGAMRTSKP,2024.06,NEGATIVE,[M-H]-,45.0,R1,ion_mode=NEGATIVE precursor_type=[M-H]-
MSBNK-Eawag-EQ01159354,MSBNK-Eawag-EQ01159354.txt,MLBZKOGAMRTSKP,MLBZKOGAMRTSKP,2024.06,NEGATIVE,[M-H]-,60.0,R1,ion_mode=NEGATIVE precursor_type=[M-H]-
MSBNK-Eawag-EQ01159355,MSBNK-Eawag-EQ01159355.txt,MLBZKOGAMRTSKP,MLBZKOGAMRTSKP,2024.06,NEGATIVE,[M-H]-,75.0,R1,ion_mode=NEGATIVE precursor_type=[M-H]-
MSBNK-Eawag-EQ01159356,MSBNK-Eawag-EQ01159356.txt,MLBZKOGAMRTSKP,MLBZKOGAMRTSKP,2024.06,NEGATIVE,[M-H]-,90.0,R1,ion_mode=NEGATIVE precursor_type=[M-H]-
MSBNK-Eawag-EQ01159357,MSBNK-Eawag-EQ01159357.txt,MLBZKOGAMRTSKP,MLBZKOGAMRTSKP,dev,NEGATIVE,[M-H]-,120.0,R1,ion_mode=NEGATIVE precursor_type=[M-H]-
MSBNK-Eawag-EQ01159358,MSBNK-Eawag-EQ01159358.txt,MLBZKOGAMRTSKP,MLBZKOGAMRTSKP,dev,NEGATIVE,[M-H]-,150.0,R1,ion_mode=NEGATIVE precursor_type=[M-H]-
MSBNK-Eawag-EQ01159359,MSBNK-Eawag-EQ01159359.txt,MLBZKOGAMRTSKP,MLBZKOGAMRTSKP,dev,NEGATIVE,[M-H]-,180.0,R1,ion_mode=NEGATIVE precursor_type=[M-H]-
MSBNK-Eawag-EQ01161351,MSBNK-Eawag-EQ01161351.txt,JRSUJBJSUYPODE,JRSUJBJSUYPODE,2024.06,NEGATIVE,[M-H]-,15.0,R1,ion_mode=NEGATIVE precursor_type=[M-H]-
MSBNK-Eawag-EQ01161352,MSBNK-Eawag-EQ01161352.txt,JRSUJBJSUYPODE,JRSUJBJSUYPODE,2024.06,NEGATIVE,[M-H]-,30.0,R1,ion_mode=NEGATIVE precursor_type=[M-H]-
MSBNK-Eawag-EQ01162251,MSBNK-Eawag-EQ01162251.txt,WPMYUUITDBHVQZ,WPMYUUITDBHVQZ,2025.10,NEGATIVE,[M-H]-,15.0,R1,ion_mode=NEGATIVE precursor_type=[M-H]-
MSBNK-Eawag-EQ01162252,MSBNK-Eawag-EQ01162252.txt,WPMYUUITDBHVQZ,WPMYUUITDBHVQZ,2025.10,NEGATIVE,[M-H]-,30.0,R1,ion_mode=NEGATIVE precursor_type=[M-H]-
MSBNK-Eawag-EQ01162253,MSBNK-Eawag-EQ01162253.txt,WPMYUUITDBHVQZ,WPMYUUITDBHVQZ,2025.10,NEGATIVE,[M-H]-,45.0,R1,ion_mode=NEGATIVE precursor_type=[M-H]-
MSBNK-Eawag-EQ01162254,MSBNK-Eawag-EQ01162254.txt,WPMYUUITDBHVQZ,WPMYUUITDBHVQZ,2025.10,NEGATIVE,[M-H]-,60.0,R1,ion_mode=NEGATIVE precursor_type=[M-H]-
MSBNK-Eawag-EQ01162255,MSBNK-Eawag-EQ01162255.txt,WPMYUUITDBHVQZ,WPMYUUITDBHVQZ,2025.10,NEGATIVE,[M-H]-,75.0,R1,ion_mode=NEGATIVE precursor_type=[M-H]-
MSBNK-Eawag-EQ01162256,MSBNK-Eawag-EQ01162256.txt,WPMYUUITDBHVQZ,WPMYUUITDBHVQZ,2025.10,NEGATIVE,[M-H]-,90.0,R1,ion_mode=NEGATIVE precursor_type=[M-H]-
MSBNK-Eawag-EQ01162701,MSBNK-Eawag-EQ01162701.txt,QRZAKQDHEVVFRX,QRZAKQDHEVVFRX,2024.06,POSITIVE,[M+H]+,15.0,R4,nce=15 not an adjudication cell (30 or 60)
MSBNK-Eawag-EQ01162702,MSBNK-Eawag-EQ01162702.txt,QRZAKQDHEVVFRX,QRZAKQDHEVVFRX,2024.06,POSITIVE,[M+H]+,30.0,R8,R8d: compound in the MURU exposure registry
MSBNK-Eawag-EQ01162703,MSBNK-Eawag-EQ01162703.txt,QRZAKQDHEVVFRX,QRZAKQDHEVVFRX,2024.06,POSITIVE,[M+H]+,45.0,R4,nce=45 not an adjudication cell (30 or 60)
MSBNK-Eawag-EQ01162704,MSBNK-Eawag-EQ01162704.txt,QRZAKQDHEVVFRX,QRZAKQDHEVVFRX,2024.06,POSITIVE,[M+H]+,60.0,R8,R8d: compound in the MURU exposure registry
MSBNK-Eawag-EQ01162705,MSBNK-Eawag-EQ01162705.txt,QRZAKQDHEVVFRX,QRZAKQDHEVVFRX,2024.06,POSITIVE,[M+H]+,75.0,R4,nce=75 not an adjudication cell (30 or 60)
MSBNK-Eawag-EQ01162706,MSBNK-Eawag-EQ01162706.txt,QRZAKQDHEVVFRX,QRZAKQDHEVVFRX,2024.06,POSITIVE,[M+H]+,90.0,R4,nce=90 not an adjudication cell (30 or 60)
MSBNK-Eawag-EQ01162707,MSBNK-Eawag-EQ01162707.txt,QRZAKQDHEVVFRX,QRZAKQDHEVVFRX,2024.06,POSITIVE,[M+H]+,120.0,R4,nce=120 not an adjudication cell (30 or 60)
MSBNK-Eawag-EQ01162708,MSBNK-Eawag-EQ01162708.txt,QRZAKQDHEVVFRX,QRZAKQDHEVVFRX,2024.06,POSITIVE,[M+H]+,150.0,R4,nce=150 not an adjudication cell (30 or 60)
MSBNK-Eawag-EQ01162709,MSBNK-Eawag-EQ01162709.txt,QRZAKQDHEVVFRX,QRZAKQDHEVVFRX,2024.06,POSITIVE,[M+H]+,180.0,R4,nce=180 not an adjudication cell (30 or 60)
MSBNK-Eawag-EQ01162801,MSBNK-Eawag-EQ01162801.txt,ZDXUKAKRHYTAKV,ZDXUKAKRHYTAKV,2024.06,POSITIVE,[M+H]+,15.0,R4,nce=15 not an adjudication cell (30 or 60)
MSBNK-Eawag-EQ01162802,MSBNK-Eawag-EQ01162802.txt,ZDXUKAKRHYTAKV,ZDXUKAKRHYTAKV,2024.06,POSITIVE,[M+H]+,30.0,R8,R8a: compound key in MassSpecGym 1.5 by the recorded InChIKey route
MSBNK-Eawag-EQ01162803,MSBNK-Eawag-EQ01162803.txt,ZDXUKAKRHYTAKV,ZDXUKAKRHYTAKV,2024.06,POSITIVE,[M+H]+,45.0,R4,nce=45 not an adjudication cell (30 or 60)
MSBNK-Eawag-EQ01162804,MSBNK-Eawag-EQ01162804.txt,ZDXUKAKRHYTAKV,ZDXUKAKRHYTAKV,2024.06,POSITIVE,[M+H]+,60.0,R8,R8a: compound key in MassSpecGym 1.5 by the recorded InChIKey route
MSBNK-Eawag-EQ01162805,MSBNK-Eawag-EQ01162805.txt,ZDXUKAKRHYTAKV,ZDXUKAKRHYTAKV,2024.06,POSITIVE,[M+H]+,75.0,R4,nce=75 not an adjudication cell (30 or 60)
MSBNK-Eawag-EQ01162806,MSBNK-Eawag-EQ01162806.txt,ZDXUKAKRHYTAKV,ZDXUKAKRHYTAKV,2024.06,POSITIVE,[M+H]+,90.0,R4,nce=90 not an adjudication cell (30 or 60)
MSBNK-Eawag-EQ01162807,MSBNK-Eawag-EQ01162807.txt,ZDXUKAKRHYTAKV,ZDXUKAKRHYTAKV,2024.06,POSITIVE,[M+H]+,120.0,R4,nce=120 not an adjudication cell (30 or 60)
MSBNK-Eawag-EQ01162808,MSBNK-Eawag-EQ01162808.txt,ZDXUKAKRHYTAKV,ZDXUKAKRHYTAKV,2024.06,POSITIVE,[M+H]+,150.0,R4,nce=150 not an adjudication cell (30 or 60)
MSBNK-Eawag-EQ01162809,MSBNK-Eawag-EQ01162809.txt,ZDXUKAKRHYTAKV,ZDXUKAKRHYTAKV,2024.06,POSITIVE,[M+H]+,180.0,R4,nce=180 not an adjudication cell (30 or 60)
MSBNK-Eawag-EQ01162851,MSBNK-Eawag-EQ01162851.txt,ZDXUKAKRHYTAKV,ZDXUKAKRHYTAKV,2024.06,NEGATIVE,[M-H]-,15.0,R1,ion_mode=NEGATIVE precursor_type=[M-H]-
MSBNK-Eawag-EQ01162852,MSBNK-Eawag-EQ01162852.txt,ZDXUKAKRHYTAKV,ZDXUKAKRHYTAKV,2024.06,NEGATIVE,[M-H]-,30.0,R1,ion_mode=NEGATIVE precursor_type=[M-H]-
MSBNK-Eawag-EQ01163101,MSBNK-Eawag-EQ01163101.txt,JLRGJRBPOGGCBT,JLRGJRBPOGGCBT,2024.06,POSITIVE,[M+H]+,15.0,R4,nce=15 not an adjudication cell (30 or 60)
MSBNK-Eawag-EQ01163102,MSBNK-Eawag-EQ01163102.txt,JLRGJRBPOGGCBT,JLRGJRBPOGGCBT,2024.06,POSITIVE,[M+H]+,30.0,R8,R8a: compound key in MassSpecGym 1.5 by the recorded InChIKey route
MSBNK-Eawag-EQ01163103,MSBNK-Eawag-EQ01163103.txt,JLRGJRBPOGGCBT,JLRGJRBPOGGCBT,2024.06,POSITIVE,[M+H]+,45.0,R4,nce=45 not an adjudication cell (30 or 60)
MSBNK-Eawag-EQ01163104,MSBNK-Eawag-EQ01163104.txt,JLRGJRBPOGGCBT,JLRGJRBPOGGCBT,2024.06,POSITIVE,[M+H]+,60.0,R8,R8a: compound key in MassSpecGym 1.5 by the recorded InChIKey route
MSBNK-Eawag-EQ01163105,MSBNK-Eawag-EQ01163105.txt,JLRGJRBPOGGCBT,JLRGJRBPOGGCBT,2024.06,POSITIVE,[M+H]+,75.0,R4,nce=75 not an adjudication cell (30 or 60)
MSBNK-Eawag-EQ01163106,MSBNK-Eawag-EQ01163106.txt,JLRGJRBPOGGCBT,JLRGJRBPOGGCBT,2024.06,POSITIVE,[M+H]+,90.0,R4,nce=90 not an adjudication cell (30 or 60)
MSBNK-Eawag-EQ01163107,MSBNK-Eawag-EQ01163107.txt,JLRGJRBPOGGCBT,JLRGJRBPOGGCBT,2024.06,POSITIVE,[M+H]+,120.0,R4,nce=120 not an adjudication cell (30 or 60)
MSBNK-Eawag-EQ01163108,MSBNK-Eawag-EQ01163108.txt,JLRGJRBPOGGCBT,JLRGJRBPOGGCBT,2024.06,POSITIVE,[M+H]+,150.0,R4,nce=150 not an adjudication cell (30 or 60)
MSBNK-Eawag-EQ01163109,MSBNK-Eawag-EQ01163109.txt,JLRGJRBPOGGCBT,JLRGJRBPOGGCBT,2024.06,POSITIVE,[M+H]+,180.0,R4,nce=180 not an adjudication cell (30 or 60)
MSBNK-Eawag-EQ01163151,MSBNK-Eawag-EQ01163151.txt,JLRGJRBPOGGCBT,JLRGJRBPOGGCBT,2024.06,NEGATIVE,[M-H]-,15.0,R1,ion_mode=NEGATIVE precursor_type=[M-H]-
MSBNK-Eawag-EQ01163152,MSBNK-Eawag-EQ01163152.txt,JLRGJRBPOGGCBT,JLRGJRBPOGGCBT,2024.06,NEGATIVE,[M-H]-,30.0,R1,ion_mode=NEGATIVE precursor_type=[M-H]-
MSBNK-Eawag-EQ01163153,MSBNK-Eawag-EQ01163153.txt,JLRGJRBPOGGCBT,JLRGJRBPOGGCBT,2024.06,NEGATIVE,[M-H]-,45.0,R1,ion_mode=NEGATIVE precursor_type=[M-H]-
MSBNK-Eawag-EQ01163154,MSBNK-Eawag-EQ01163154.txt,JLRGJRBPOGGCBT,JLRGJRBPOGGCBT,2024.06,NEGATIVE,[M-H]-,60.0,R1,ion_mode=NEGATIVE precursor_type=[M-H]-
MSBNK-Eawag-EQ01163155,MSBNK-Eawag-EQ01163155.txt,JLRGJRBPOGGCBT,JLRGJRBPOGGCBT,2024.06,NEGATIVE,[M-H]-,75.0,R1,ion_mode=NEGATIVE precursor_type=[M-H]-
MSBNK-Eawag-EQ01163156,MSBNK-Eawag-EQ01163156.txt,JLRGJRBPOGGCBT,JLRGJRBPOGGCBT,2024.06,NEGATIVE,[M-H]-,90.0,R1,ion_mode=NEGATIVE precursor_type=[M-H]-
MSBNK-Eawag-EQ01163157,MSBNK-Eawag-EQ01163157.txt,JLRGJRBPOGGCBT,JLRGJRBPOGGCBT,2024.06,NEGATIVE,[M-H]-,120.0,R1,ion_mode=NEGATIVE precursor_type=[M-H]-
MSBNK-Eawag-EQ01163158,MSBNK-Eawag-EQ01163158.txt,JLRGJRBPOGGCBT,JLRGJRBPOGGCBT,2024.06,NEGATIVE,[M-H]-,150.0,R1,ion_mode=NEGATIVE precursor_type=[M-H]-
MSBNK-Eawag-EQ01163159,MSBNK-Eawag-EQ01163159.txt,JLRGJRBPOGGCBT,JLRGJRBPOGGCBT,2024.06,NEGATIVE,[M-H]-,180.0,R1,ion_mode=NEGATIVE precursor_type=[M-H]-
MSBNK-Eawag-EQ01163201,MSBNK-Eawag-EQ01163201.txt,AUZONCFQVSMFAP,AUZONCFQVSMFAP,2024.06,POSITIVE,[M+H]+,15.0,R4,nce=15 not an adjudication cell (30 or 60)
MSBNK-Eawag-EQ01163202,MSBNK-Eawag-EQ01163202.txt,AUZONCFQVSMFAP,AUZONCFQVSMFAP,2024.06,POSITIVE,[M+H]+,30.0,R8,R8a: compound key in MassSpecGym 1.5 by the recorded InChIKey route
MSBNK-Eawag-EQ01163203,MSBNK-Eawag-EQ01163203.txt,AUZONCFQVSMFAP,AUZONCFQVSMFAP,2024.06,POSITIVE,[M+H]+,45.0,R4,nce=45 not an adjudication cell (30 or 60)
MSBNK-Eawag-EQ01163204,MSBNK-Eawag-EQ01163204.txt,AUZONCFQVSMFAP,AUZONCFQVSMFAP,2024.06,POSITIVE,[M+H]+,60.0,R8,R8a: compound key in MassSpecGym 1.5 by the recorded InChIKey route
MSBNK-Eawag-EQ01163205,MSBNK-Eawag-EQ01163205.txt,AUZONCFQVSMFAP,AUZONCFQVSMFAP,2024.06,POSITIVE,[M+H]+,75.0,R4,nce=75 not an adjudication cell (30 or 60)
MSBNK-Eawag-EQ01163206,MSBNK-Eawag-EQ01163206.txt,AUZONCFQVSMFAP,AUZONCFQVSMFAP,2024.06,POSITIVE,[M+H]+,90.0,R4,nce=90 not an adjudication cell (30 or 60)
MSBNK-Eawag-EQ01163207,MSBNK-Eawag-EQ01163207.txt,AUZONCFQVSMFAP,AUZONCFQVSMFAP,2024.06,POSITIVE,[M+H]+,120.0,R4,nce=120 not an adjudication cell (30 or 60)
MSBNK-Eawag-EQ01163208,MSBNK-Eawag-EQ01163208.txt,AUZONCFQVSMFAP,AUZONCFQVSMFAP,2024.06,POSITIVE,[M+H]+,150.0,R4,nce=150 not an adjudication cell (30 or 60)
MSBNK-Eawag-EQ01163209,MSBNK-Eawag-EQ01163209.txt,AUZONCFQVSMFAP,AUZONCFQVSMFAP,2024.06,POSITIVE,[M+H]+,180.0,R4,nce=180 not an adjudication cell (30 or 60)
MSBNK-Eawag-EQ01163301,MSBNK-Eawag-EQ01163301.txt,ZPFXAOWNKLFJDN,ZPFXAOWNKLFJDN,2024.06,POSITIVE,[M+H]+,15.0,R4,nce=15 not an adjudication cell (30 or 60)
MSBNK-Eawag-EQ01163302,MSBNK-Eawag-EQ01163302.txt,ZPFXAOWNKLFJDN,ZPFXAOWNKLFJDN,2024.06,POSITIVE,[M+H]+,30.0,R8,R8a: compound key in MassSpecGym 1.5 by the recorded InChIKey route
MSBNK-Eawag-EQ01163303,MSBNK-Eawag-EQ01163303.txt,ZPFXAOWNKLFJDN,ZPFXAOWNKLFJDN,2024.06,POSITIVE,[M+H]+,45.0,R4,nce=45 not an adjudication cell (30 or 60)
MSBNK-Eawag-EQ01163304,MSBNK-Eawag-EQ01163304.txt,ZPFXAOWNKLFJDN,ZPFXAOWNKLFJDN,2024.06,POSITIVE,[M+H]+,60.0,R8,R8a: compound key in MassSpecGym 1.5 by the recorded InChIKey route
MSBNK-Eawag-EQ01163305,MSBNK-Eawag-EQ01163305.txt,ZPFXAOWNKLFJDN,ZPFXAOWNKLFJDN,2024.06,POSITIVE,[M+H]+,75.0,R4,nce=75 not an adjudication cell (30 or 60)
MSBNK-Eawag-EQ01163306,MSBNK-Eawag-EQ01163306.txt,ZPFXAOWNKLFJDN,ZPFXAOWNKLFJDN,2024.06,POSITIVE,[M+H]+,90.0,R4,nce=90 not an adjudication cell (30 or 60)
MSBNK-Eawag-EQ01163307,MSBNK-Eawag-EQ01163307.txt,ZPFXAOWNKLFJDN,ZPFXAOWNKLFJDN,2024.06,POSITIVE,[M+H]+,120.0,R4,nce=120 not an adjudication cell (30 or 60)
MSBNK-Eawag-EQ01163308,MSBNK-Eawag-EQ01163308.txt,ZPFXAOWNKLFJDN,ZPFXAOWNKLFJDN,2024.06,POSITIVE,[M+H]+,150.0,R4,nce=150 not an adjudication cell (30 or 60)
MSBNK-Eawag-EQ01163309,MSBNK-Eawag-EQ01163309.txt,ZPFXAOWNKLFJDN,ZPFXAOWNKLFJDN,2024.06,POSITIVE,[M+H]+,180.0,R4,nce=180 not an adjudication cell (30 or 60)
MSBNK-Eawag-EQ01163501,MSBNK-Eawag-EQ01163501.txt,IENZQIKPVFGBNW,IENZQIKPVFGBNW,2024.06,POSITIVE,[M+H]+,15.0,R4,nce=15 not an adjudication cell (30 or 60)
MSBNK-Eawag-EQ01163502,MSBNK-Eawag-EQ01163502.txt,IENZQIKPVFGBNW,IENZQIKPVFGBNW,2024.06,POSITIVE,[M+H]+,30.0,R8,R8a: compound key in MassSpecGym 1.5 by the recorded InChIKey route
MSBNK-Eawag-EQ01163503,MSBNK-Eawag-EQ01163503.txt,IENZQIKPVFGBNW,IENZQIKPVFGBNW,2024.06,POSITIVE,[M+H]+,45.0,R4,nce=45 not an adjudication cell (30 or 60)
MSBNK-Eawag-EQ01163504,MSBNK-Eawag-EQ01163504.txt,IENZQIKPVFGBNW,IENZQIKPVFGBNW,2024.06,POSITIVE,[M+H]+,60.0,R8,R8a: compound key in MassSpecGym 1.5 by the recorded InChIKey route
MSBNK-Eawag-EQ01163505,MSBNK-Eawag-EQ01163505.txt,IENZQIKPVFGBNW,IENZQIKPVFGBNW,2024.06,POSITIVE,[M+H]+,75.0,R4,nce=75 not an adjudication cell (30 or 60)
MSBNK-Eawag-EQ01163506,MSBNK-Eawag-EQ01163506.txt,IENZQIKPVFGBNW,IENZQIKPVFGBNW,2024.06,POSITIVE,[M+H]+,90.0,R4,nce=90 not an adjudication cell (30 or 60)
MSBNK-Eawag-EQ01163507,MSBNK-Eawag-EQ01163507.txt,IENZQIKPVFGBNW,IENZQIKPVFGBNW,2024.06,POSITIVE,[M+H]+,120.0,R4,nce=120 not an adjudication cell (30 or 60)
MSBNK-Eawag-EQ01163508,MSBNK-Eawag-EQ01163508.txt,IENZQIKPVFGBNW,IENZQIKPVFGBNW,2024.06,POSITIVE,[M+H]+,150.0,R4,nce=150 not an adjudication cell (30 or 60)
MSBNK-Eawag-EQ01163509,MSBNK-Eawag-EQ01163509.txt,IENZQIKPVFGBNW,IENZQIKPVFGBNW,2024.06,POSITIVE,[M+H]+,180.0,R4,nce=180 not an adjudication cell (30 or 60)
MSBNK-Eawag-EQ01163551,MSBNK-Eawag-EQ01163551.txt,IENZQIKPVFGBNW,IENZQIKPVFGBNW,2024.06,NEGATIVE,[M-H]-,15.0,R1,ion_mode=NEGATIVE precursor_type=[M-H]-
MSBNK-Eawag-EQ01163552,MSBNK-Eawag-EQ01163552.txt,IENZQIKPVFGBNW,IENZQIKPVFGBNW,2024.06,NEGATIVE,[M-H]-,30.0,R1,ion_mode=NEGATIVE precursor_type=[M-H]-
MSBNK-Eawag-EQ01163553,MSBNK-Eawag-EQ01163553.txt,IENZQIKPVFGBNW,IENZQIKPVFGBNW,2024.06,NEGATIVE,[M-H]-,45.0,R1,ion_mode=NEGATIVE precursor_type=[M-H]-
MSBNK-Eawag-EQ01163554,MSBNK-Eawag-EQ01163554.txt,IENZQIKPVFGBNW,IENZQIKPVFGBNW,2024.06,NEGATIVE,[M-H]-,60.0,R1,ion_mode=NEGATIVE precursor_type=[M-H]-
MSBNK-Eawag-EQ01163555,MSBNK-Eawag-EQ01163555.txt,IENZQIKPVFGBNW,IENZQIKPVFGBNW,2024.06,NEGATIVE,[M-H]-,75.0,R1,ion_mode=NEGATIVE precursor_type=[M-H]-
MSBNK-Eawag-EQ01163556,MSBNK-Eawag-EQ01163556.txt,IENZQIKPVFGBNW,IENZQIKPVFGBNW,2024.06,NEGATIVE,[M-H]-,90.0,R1,ion_mode=NEGATIVE precursor_type=[M-H]-
MSBNK-Eawag-EQ01163701,MSBNK-Eawag-EQ01163701.txt,ZULJGOSFKWFVRX,ZULJGOSFKWFVRX,2024.06,POSITIVE,[M+H]+,15.0,R4,nce=15 not an adjudication cell (30 or 60)
MSBNK-Eawag-EQ01163702,MSBNK-Eawag-EQ01163702.txt,ZULJGOSFKWFVRX,ZULJGOSFKWFVRX,2024.06,POSITIVE,[M+H]+,30.0,R8,R8a: compound key in MassSpecGym 1.5 by the recorded InChIKey route
MSBNK-Eawag-EQ01163703,MSBNK-Eawag-EQ01163703.txt,ZULJGOSFKWFVRX,ZULJGOSFKWFVRX,2024.06,POSITIVE,[M+H]+,45.0,R4,nce=45 not an adjudication cell (30 or 60)
MSBNK-Eawag-EQ01163704,MSBNK-Eawag-EQ01163704.txt,ZULJGOSFKWFVRX,ZULJGOSFKWFVRX,2024.06,POSITIVE,[M+H]+,60.0,R8,R8a: compound key in MassSpecGym 1.5 by the recorded InChIKey route
MSBNK-Eawag-EQ01163705,MSBNK-Eawag-EQ01163705.txt,ZULJGOSFKWFVRX,ZULJGOSFKWFVRX,2024.06,POSITIVE,[M+H]+,75.0,R4,nce=75 not an adjudication cell (30 or 60)
MSBNK-Eawag-EQ01163706,MSBNK-Eawag-EQ01163706.txt,ZULJGOSFKWFVRX,ZULJGOSFKWFVRX,2024.06,POSITIVE,[M+H]+,90.0,R4,nce=90 not an adjudication cell (30 or 60)
MSBNK-Eawag-EQ01163707,MSBNK-Eawag-EQ01163707.txt,ZULJGOSFKWFVRX,ZULJGOSFKWFVRX,2024.06,POSITIVE,[M+H]+,120.0,R4,nce=120 not an adjudication cell (30 or 60)
MSBNK-Eawag-EQ01163708,MSBNK-Eawag-EQ01163708.txt,ZULJGOSFKWFVRX,ZULJGOSFKWFVRX,2024.06,POSITIVE,[M+H]+,150.0,R4,nce=150 not an adjudication cell (30 or 60)
MSBNK-Eawag-EQ01163709,MSBNK-Eawag-EQ01163709.txt,ZULJGOSFKWFVRX,ZULJGOSFKWFVRX,2024.06,POSITIVE,[M+H]+,180.0,R4,nce=180 not an adjudication cell (30 or 60)
MSBNK-Eawag-EQ01163801,MSBNK-Eawag-EQ01163801.txt,HYWYRSMBCFDLJT,HYWYRSMBCFDLJT,2024.06,POSITIVE,[M+H]+,15.0,R4,nce=15 not an adjudication cell (30 or 60)
MSBNK-Eawag-EQ01163802,MSBNK-Eawag-EQ01163802.txt,HYWYRSMBCFDLJT,HYWYRSMBCFDLJT,2024.06,POSITIVE,[M+H]+,30.0,R8,R8a: compound key in MassSpecGym 1.5 by the recorded InChIKey route
MSBNK-Eawag-EQ01163803,MSBNK-Eawag-EQ01163803.txt,HYWYRSMBCFDLJT,HYWYRSMBCFDLJT,2024.06,POSITIVE,[M+H]+,45.0,R4,nce=45 not an adjudication cell (30 or 60)
MSBNK-Eawag-EQ01163804,MSBNK-Eawag-EQ01163804.txt,HYWYRSMBCFDLJT,HYWYRSMBCFDLJT,2024.06,POSITIVE,[M+H]+,60.0,R8,R8a: compound key in MassSpecGym 1.5 by the recorded InChIKey route
MSBNK-Eawag-EQ01163805,MSBNK-Eawag-EQ01163805.txt,HYWYRSMBCFDLJT,HYWYRSMBCFDLJT,2024.06,POSITIVE,[M+H]+,75.0,R4,nce=75 not an adjudication cell (30 or 60)
MSBNK-Eawag-EQ01163806,MSBNK-Eawag-EQ01163806.txt,HYWYRSMBCFDLJT,HYWYRSMBCFDLJT,2024.06,POSITIVE,[M+H]+,90.0,R4,nce=90 not an adjudication cell (30 or 60)
MSBNK-Eawag-EQ01163807,MSBNK-Eawag-EQ01163807.txt,HYWYRSMBCFDLJT,HYWYRSMBCFDLJT,2024.06,POSITIVE,[M+H]+,120.0,R4,nce=120 not an adjudication cell (30 or 60)
MSBNK-Eawag-EQ01163808,MSBNK-Eawag-EQ01163808.txt,HYWYRSMBCFDLJT,HYWYRSMBCFDLJT,2024.06,POSITIVE,[M+H]+,150.0,R4,nce=150 not an adjudication cell (30 or 60)
MSBNK-Eawag-EQ01163851,MSBNK-Eawag-EQ01163851.txt,HYWYRSMBCFDLJT,HYWYRSMBCFDLJT,2024.06,NEGATIVE,[M-H]-,15.0,R1,ion_mode=NEGATIVE precursor_type=[M-H]-
MSBNK-Eawag-EQ01163852,MSBNK-Eawag-EQ01163852.txt,HYWYRSMBCFDLJT,HYWYRSMBCFDLJT,2024.06,NEGATIVE,[M-H]-,30.0,R1,ion_mode=NEGATIVE precursor_type=[M-H]-
MSBNK-Eawag-EQ01163853,MSBNK-Eawag-EQ01163853.txt,HYWYRSMBCFDLJT,HYWYRSMBCFDLJT,2024.06,NEGATIVE,[M-H]-,45.0,R1,ion_mode=NEGATIVE precursor_type=[M-H]-
MSBNK-Eawag-EQ01163854,MSBNK-Eawag-EQ01163854.txt,HYWYRSMBCFDLJT,HYWYRSMBCFDLJT,2024.06,NEGATIVE,[M-H]-,60.0,R1,ion_mode=NEGATIVE precursor_type=[M-H]-
MSBNK-Eawag-EQ01163855,MSBNK-Eawag-EQ01163855.txt,HYWYRSMBCFDLJT,HYWYRSMBCFDLJT,2024.06,NEGATIVE,[M-H]-,75.0,R1,ion_mode=NEGATIVE precursor_type=[M-H]-
MSBNK-Eawag-EQ01163856,MSBNK-Eawag-EQ01163856.txt,HYWYRSMBCFDLJT,HYWYRSMBCFDLJT,2024.06,NEGATIVE,[M-H]-,90.0,R1,ion_mode=NEGATIVE precursor_type=[M-H]-
MSBNK-Eawag-EQ01163857,MSBNK-Eawag-EQ01163857.txt,HYWYRSMBCFDLJT,HYWYRSMBCFDLJT,2024.06,NEGATIVE,[M-H]-,120.0,R1,ion_mode=NEGATIVE precursor_type=[M-H]-
MSBNK-Eawag-EQ01163901,MSBNK-Eawag-EQ01163901.txt,OMFNSKIUKYOYRG,OMFNSKIUKYOYRG,2024.06,POSITIVE,[M+H]+,15.0,R4,nce=15 not an adjudication cell (30 or 60)
MSBNK-Eawag-EQ01163902,MSBNK-Eawag-EQ01163902.txt,OMFNSKIUKYOYRG,OMFNSKIUKYOYRG,2024.06,POSITIVE,[M+H]+,30.0,R8,R8d: compound in the MURU exposure registry
MSBNK-Eawag-EQ01163903,MSBNK-Eawag-EQ01163903.txt,OMFNSKIUKYOYRG,OMFNSKIUKYOYRG,2024.06,POSITIVE,[M+H]+,45.0,R4,nce=45 not an adjudication cell (30 or 60)
MSBNK-Eawag-EQ01163904,MSBNK-Eawag-EQ01163904.txt,OMFNSKIUKYOYRG,OMFNSKIUKYOYRG,2024.06,POSITIVE,[M+H]+,60.0,R8,R8d: compound in the MURU exposure registry
MSBNK-Eawag-EQ01163905,MSBNK-Eawag-EQ01163905.txt,OMFNSKIUKYOYRG,OMFNSKIUKYOYRG,2024.06,POSITIVE,[M+H]+,75.0,R4,nce=75 not an adjudication cell (30 or 60)
MSBNK-Eawag-EQ01164901,MSBNK-Eawag-EQ01164901.txt,ZXNRTKGTQJPIJK,ZXNRTKGTQJPIJK,2024.06,POSITIVE,[M+H]+,15.0,R4,nce=15 not an adjudication cell (30 or 60)
MSBNK-Eawag-EQ01164902,MSBNK-Eawag-EQ01164902.txt,ZXNRTKGTQJPIJK,ZXNRTKGTQJPIJK,2024.06,POSITIVE,[M+H]+,30.0,R8,R8a: compound key in MassSpecGym 1.5 by the recorded InChIKey route
MSBNK-Eawag-EQ01164903,MSBNK-Eawag-EQ01164903.txt,ZXNRTKGTQJPIJK,ZXNRTKGTQJPIJK,2024.06,POSITIVE,[M+H]+,45.0,R4,nce=45 not an adjudication cell (30 or 60)
MSBNK-Eawag-EQ01164904,MSBNK-Eawag-EQ01164904.txt,ZXNRTKGTQJPIJK,ZXNRTKGTQJPIJK,2024.06,POSITIVE,[M+H]+,60.0,R8,R8a: compound key in MassSpecGym 1.5 by the recorded InChIKey route
MSBNK-Eawag-EQ01164905,MSBNK-Eawag-EQ01164905.txt,ZXNRTKGTQJPIJK,ZXNRTKGTQJPIJK,2024.06,POSITIVE,[M+H]+,75.0,R4,nce=75 not an adjudication cell (30 or 60)
MSBNK-Eawag-EQ01164906,MSBNK-Eawag-EQ01164906.txt,ZXNRTKGTQJPIJK,ZXNRTKGTQJPIJK,2024.06,POSITIVE,[M+H]+,90.0,R4,nce=90 not an adjudication cell (30 or 60)
MSBNK-Eawag-EQ01164907,MSBNK-Eawag-EQ01164907.txt,ZXNRTKGTQJPIJK,ZXNRTKGTQJPIJK,2024.06,POSITIVE,[M+H]+,120.0,R4,nce=120 not an adjudication cell (30 or 60)
MSBNK-Eawag-EQ01164908,MSBNK-Eawag-EQ01164908.txt,ZXNRTKGTQJPIJK,ZXNRTKGTQJPIJK,2024.06,POSITIVE,[M+H]+,150.0,R4,nce=150 not an adjudication cell (30 or 60)
MSBNK-Eawag-EQ01164909,MSBNK-Eawag-EQ01164909.txt,ZXNRTKGTQJPIJK,ZXNRTKGTQJPIJK,2024.06,POSITIVE,[M+H]+,180.0,R4,nce=180 not an adjudication cell (30 or 60)
MSBNK-Eawag-EQ01165001,MSBNK-Eawag-EQ01165001.txt,LORDFXWUHHSAQU,LORDFXWUHHSAQU,2024.06,POSITIVE,[M+H]+,15.0,R4,nce=15 not an adjudication cell (30 or 60)
MSBNK-Eawag-EQ01165002,MSBNK-Eawag-EQ01165002.txt,LORDFXWUHHSAQU,LORDFXWUHHSAQU,2024.06,POSITIVE,[M+H]+,30.0,R8,R8a: compound key in MassSpecGym 1.5 by the recorded InChIKey route
MSBNK-Eawag-EQ01165003,MSBNK-Eawag-EQ01165003.txt,LORDFXWUHHSAQU,LORDFXWUHHSAQU,2024.06,POSITIVE,[M+H]+,45.0,R4,nce=45 not an adjudication cell (30 or 60)
MSBNK-Eawag-EQ01165004,MSBNK-Eawag-EQ01165004.txt,LORDFXWUHHSAQU,LORDFXWUHHSAQU,2024.06,POSITIVE,[M+H]+,60.0,R8,R8a: compound key in MassSpecGym 1.5 by the recorded InChIKey route
MSBNK-Eawag-EQ01165005,MSBNK-Eawag-EQ01165005.txt,LORDFXWUHHSAQU,LORDFXWUHHSAQU,2024.06,POSITIVE,[M+H]+,75.0,R4,nce=75 not an adjudication cell (30 or 60)
MSBNK-Eawag-EQ01165006,MSBNK-Eawag-EQ01165006.txt,LORDFXWUHHSAQU,LORDFXWUHHSAQU,2024.06,POSITIVE,[M+H]+,90.0,R4,nce=90 not an adjudication cell (30 or 60)
MSBNK-Eawag-EQ01165007,MSBNK-Eawag-EQ01165007.txt,LORDFXWUHHSAQU,LORDFXWUHHSAQU,2024.06,POSITIVE,[M+H]+,120.0,R4,nce=120 not an adjudication cell (30 or 60)
MSBNK-Eawag-EQ01165008,MSBNK-Eawag-EQ01165008.txt,LORDFXWUHHSAQU,LORDFXWUHHSAQU,2024.06,POSITIVE,[M+H]+,150.0,R4,nce=150 not an adjudication cell (30 or 60)
MSBNK-Eawag-EQ01165009,MSBNK-Eawag-EQ01165009.txt,LORDFXWUHHSAQU,LORDFXWUHHSAQU,2024.06,POSITIVE,[M+H]+,180.0,R4,nce=180 not an adjudication cell (30 or 60)
MSBNK-Eawag-EQ01165101,MSBNK-Eawag-EQ01165101.txt,WSPOMRSOLSGNFJ,WSPOMRSOLSGNFJ,2024.06,POSITIVE,[M+H]+,15.0,R4,nce=15 not an adjudication cell (30 or 60)
MSBNK-Eawag-EQ01165102,MSBNK-Eawag-EQ01165102.txt,WSPOMRSOLSGNFJ,WSPOMRSOLSGNFJ,2024.06,POSITIVE,[M+H]+,30.0,R8,R8a: compound key in MassSpecGym 1.5 by the recorded InChIKey route
MSBNK-Eawag-EQ01165103,MSBNK-Eawag-EQ01165103.txt,WSPOMRSOLSGNFJ,WSPOMRSOLSGNFJ,2024.06,POSITIVE,[M+H]+,45.0,R4,nce=45 not an adjudication cell (30 or 60)
MSBNK-Eawag-EQ01165104,MSBNK-Eawag-EQ01165104.txt,WSPOMRSOLSGNFJ,WSPOMRSOLSGNFJ,2024.06,POSITIVE,[M+H]+,60.0,R8,R8a: compound key in MassSpecGym 1.5 by the recorded InChIKey route
MSBNK-Eawag-EQ01165105,MSBNK-Eawag-EQ01165105.txt,WSPOMRSOLSGNFJ,WSPOMRSOLSGNFJ,2024.06,POSITIVE,[M+H]+,75.0,R4,nce=75 not an adjudication cell (30 or 60)
MSBNK-Eawag-EQ01165106,MSBNK-Eawag-EQ01165106.txt,WSPOMRSOLSGNFJ,WSPOMRSOLSGNFJ,2024.06,POSITIVE,[M+H]+,90.0,R4,nce=90 not an adjudication cell (30 or 60)
MSBNK-Eawag-EQ01165107,MSBNK-Eawag-EQ01165107.txt,WSPOMRSOLSGNFJ,WSPOMRSOLSGNFJ,2024.06,POSITIVE,[M+H]+,120.0,R4,nce=120 not an adjudication cell (30 or 60)
MSBNK-Eawag-EQ01165108,MSBNK-Eawag-EQ01165108.txt,WSPOMRSOLSGNFJ,WSPOMRSOLSGNFJ,2024.06,POSITIVE,[M+H]+,150.0,R4,nce=150 not an adjudication cell (30 or 60)
MSBNK-Eawag-EQ01165109,MSBNK-Eawag-EQ01165109.txt,WSPOMRSOLSGNFJ,WSPOMRSOLSGNFJ,2024.06,POSITIVE,[M+H]+,180.0,R4,nce=180 not an adjudication cell (30 or 60)
MSBNK-Eawag-EQ01166051,MSBNK-Eawag-EQ01166051.txt,JZLICTXOXFCCDU,JZLICTXOXFCCDU,2024.06,NEGATIVE,[M-H]-,15.0,R1,ion_mode=NEGATIVE precursor_type=[M-H]-
MSBNK-Eawag-EQ01166052,MSBNK-Eawag-EQ01166052.txt,JZLICTXOXFCCDU,JZLICTXOXFCCDU,2024.06,NEGATIVE,[M-H]-,30.0,R1,ion_mode=NEGATIVE precursor_type=[M-H]-
MSBNK-Eawag-EQ01166053,MSBNK-Eawag-EQ01166053.txt,JZLICTXOXFCCDU,JZLICTXOXFCCDU,2024.06,NEGATIVE,[M-H]-,45.0,R1,ion_mode=NEGATIVE precursor_type=[M-H]-
MSBNK-Eawag-EQ01166054,MSBNK-Eawag-EQ01166054.txt,JZLICTXOXFCCDU,JZLICTXOXFCCDU,2024.06,NEGATIVE,[M-H]-,60.0,R1,ion_mode=NEGATIVE precursor_type=[M-H]-
MSBNK-Eawag-EQ01166151,MSBNK-Eawag-EQ01166151.txt,JGRBOYAJYKVCOB,JGRBOYAJYKVCOB,2024.06,NEGATIVE,[M-H]-,15.0,R1,ion_mode=NEGATIVE precursor_type=[M-H]-
MSBNK-Eawag-EQ01166152,MSBNK-Eawag-EQ01166152.txt,JGRBOYAJYKVCOB,JGRBOYAJYKVCOB,2024.06,NEGATIVE,[M-H]-,30.0,R1,ion_mode=NEGATIVE precursor_type=[M-H]-
MSBNK-Eawag-EQ01166153,MSBNK-Eawag-EQ01166153.txt,JGRBOYAJYKVCOB,JGRBOYAJYKVCOB,2024.06,NEGATIVE,[M-H]-,45.0,R1,ion_mode=NEGATIVE precursor_type=[M-H]-
MSBNK-Eawag-EQ01166154,MSBNK-Eawag-EQ01166154.txt,JGRBOYAJYKVCOB,JGRBOYAJYKVCOB,2024.06,NEGATIVE,[M-H]-,60.0,R1,ion_mode=NEGATIVE precursor_type=[M-H]-
MSBNK-Eawag-EQ01166155,MSBNK-Eawag-EQ01166155.txt,JGRBOYAJYKVCOB,JGRBOYAJYKVCOB,2024.06,NEGATIVE,[M-H]-,75.0,R1,ion_mode=NEGATIVE precursor_type=[M-H]-
MSBNK-Eawag-EQ01166251,MSBNK-Eawag-EQ01166251.txt,VWBHFMHYSNPDBL,VWBHFMHYSNPDBL,2024.06,NEGATIVE,[M-H]-,15.0,R1,ion_mode=NEGATIVE precursor_type=[M-H]-
MSBNK-Eawag-EQ01166252,MSBNK-Eawag-EQ01166252.txt,VWBHFMHYSNPDBL,VWBHFMHYSNPDBL,2024.06,NEGATIVE,[M-H]-,30.0,R1,ion_mode=NEGATIVE precursor_type=[M-H]-
MSBNK-Eawag-EQ01166253,MSBNK-Eawag-EQ01166253.txt,VWBHFMHYSNPDBL,VWBHFMHYSNPDBL,2024.06,NEGATIVE,[M-H]-,45.0,R1,ion_mode=NEGATIVE precursor_type=[M-H]-
MSBNK-Eawag-EQ01166254,MSBNK-Eawag-EQ01166254.txt,VWBHFMHYSNPDBL,VWBHFMHYSNPDBL,2024.06,NEGATIVE,[M-H]-,60.0,R1,ion_mode=NEGATIVE precursor_type=[M-H]-
MSBNK-Eawag-EQ01166255,MSBNK-Eawag-EQ01166255.txt,VWBHFMHYSNPDBL,VWBHFMHYSNPDBL,2024.06,NEGATIVE,[M-H]-,75.0,R1,ion_mode=NEGATIVE precursor_type=[M-H]-
MSBNK-Eawag-EQ01166256,MSBNK-Eawag-EQ01166256.txt,VWBHFMHYSNPDBL,VWBHFMHYSNPDBL,2024.06,NEGATIVE,[M-H]-,90.0,R1,ion_mode=NEGATIVE precursor_type=[M-H]-
MSBNK-Eawag-EQ01166351,MSBNK-Eawag-EQ01166351.txt,GEXXADHKKGBLLH,GEXXADHKKGBLLH,2024.06,NEGATIVE,[M-H]-,15.0,R1,ion_mode=NEGATIVE precursor_type=[M-H]-
MSBNK-Eawag-EQ01166352,MSBNK-Eawag-EQ01166352.txt,GEXXADHKKGBLLH,GEXXADHKKGBLLH,2024.06,NEGATIVE,[M-H]-,30.0,R1,ion_mode=NEGATIVE precursor_type=[M-H]-
MSBNK-Eawag-EQ01166353,MSBNK-Eawag-EQ01166353.txt,GEXXADHKKGBLLH,GEXXADHKKGBLLH,2024.06,NEGATIVE,[M-H]-,45.0,R1,ion_mode=NEGATIVE precursor_type=[M-H]-
MSBNK-Eawag-EQ01166354,MSBNK-Eawag-EQ01166354.txt,GEXXADHKKGBLLH,GEXXADHKKGBLLH,2024.06,NEGATIVE,[M-H]-,60.0,R1,ion_mode=NEGATIVE precursor_type=[M-H]-
MSBNK-Eawag-EQ01166451,MSBNK-Eawag-EQ01166451.txt,WSUKXTDODKPVPK,WSUKXTDODKPVPK,2024.06,NEGATIVE,[M-H]-,15.0,R1,ion_mode=NEGATIVE precursor_type=[M-H]-
MSBNK-Eawag-EQ01166452,MSBNK-Eawag-EQ01166452.txt,WSUKXTDODKPVPK,WSUKXTDODKPVPK,2024.06,NEGATIVE,[M-H]-,30.0,R1,ion_mode=NEGATIVE precursor_type=[M-H]-
MSBNK-Eawag-EQ01166453,MSBNK-Eawag-EQ01166453.txt,WSUKXTDODKPVPK,WSUKXTDODKPVPK,2024.06,NEGATIVE,[M-H]-,45.0,R1,ion_mode=NEGATIVE precursor_type=[M-H]-
MSBNK-Eawag-EQ01166454,MSBNK-Eawag-EQ01166454.txt,WSUKXTDODKPVPK,WSUKXTDODKPVPK,2024.06,NEGATIVE,[M-H]-,60.0,R1,ion_mode=NEGATIVE precursor_type=[M-H]-
MSBNK-Eawag-EQ01166551,MSBNK-Eawag-EQ01166551.txt,HPNULWLLEOKCID,HPNULWLLEOKCID,2024.06,NEGATIVE,[M-H]-,15.0,R1,ion_mode=NEGATIVE precursor_type=[M-H]-
MSBNK-Eawag-EQ01166552,MSBNK-Eawag-EQ01166552.txt,HPNULWLLEOKCID,HPNULWLLEOKCID,2024.06,NEGATIVE,[M-H]-,30.0,R1,ion_mode=NEGATIVE precursor_type=[M-H]-
MSBNK-Eawag-EQ01166553,MSBNK-Eawag-EQ01166553.txt,HPNULWLLEOKCID,HPNULWLLEOKCID,2024.06,NEGATIVE,[M-H]-,45.0,R1,ion_mode=NEGATIVE precursor_type=[M-H]-
MSBNK-Eawag-EQ01166554,MSBNK-Eawag-EQ01166554.txt,HPNULWLLEOKCID,HPNULWLLEOKCID,2024.06,NEGATIVE,[M-H]-,60.0,R1,ion_mode=NEGATIVE precursor_type=[M-H]-
MSBNK-Eawag-EQ01166555,MSBNK-Eawag-EQ01166555.txt,HPNULWLLEOKCID,HPNULWLLEOKCID,2024.06,NEGATIVE,[M-H]-,75.0,R1,ion_mode=NEGATIVE precursor_type=[M-H]-
MSBNK-Eawag-EQ01166651,MSBNK-Eawag-EQ01166651.txt,IJDRCJGYWUCJTR,IJDRCJGYWUCJTR,2024.06,NEGATIVE,[M-H]-,15.0,R1,ion_mode=NEGATIVE precursor_type=[M-H]-
MSBNK-Eawag-EQ01166652,MSBNK-Eawag-EQ01166652.txt,IJDRCJGYWUCJTR,IJDRCJGYWUCJTR,2024.06,NEGATIVE,[M-H]-,30.0,R1,ion_mode=NEGATIVE precursor_type=[M-H]-
MSBNK-Eawag-EQ01166653,MSBNK-Eawag-EQ01166653.txt,IJDRCJGYWUCJTR,IJDRCJGYWUCJTR,2024.06,NEGATIVE,[M-H]-,45.0,R1,ion_mode=NEGATIVE precursor_type=[M-H]-
MSBNK-Eawag-EQ01166751,MSBNK-Eawag-EQ01166751.txt,ANKSFLDOVZNXOJ,ANKSFLDOVZNXOJ,2024.06,NEGATIVE,[M-H]-,15.0,R1,ion_mode=NEGATIVE precursor_type=[M-H]-
MSBNK-Eawag-EQ01166752,MSBNK-Eawag-EQ01166752.txt,ANKSFLDOVZNXOJ,ANKSFLDOVZNXOJ,2024.06,NEGATIVE,[M-H]-,30.0,R1,ion_mode=NEGATIVE precursor_type=[M-H]-
MSBNK-Eawag-EQ01166753,MSBNK-Eawag-EQ01166753.txt,ANKSFLDOVZNXOJ,ANKSFLDOVZNXOJ,2024.06,NEGATIVE,[M-H]-,45.0,R1,ion_mode=NEGATIVE precursor_type=[M-H]-
MSBNK-Eawag-EQ01166754,MSBNK-Eawag-EQ01166754.txt,ANKSFLDOVZNXOJ,ANKSFLDOVZNXOJ,2024.06,NEGATIVE,[M-H]-,60.0,R1,ion_mode=NEGATIVE precursor_type=[M-H]-
MSBNK-Eawag-EQ01166755,MSBNK-Eawag-EQ01166755.txt,ANKSFLDOVZNXOJ,ANKSFLDOVZNXOJ,2024.06,NEGATIVE,[M-H]-,75.0,R1,ion_mode=NEGATIVE precursor_type=[M-H]-
MSBNK-Eawag-EQ01166756,MSBNK-Eawag-EQ01166756.txt,ANKSFLDOVZNXOJ,ANKSFLDOVZNXOJ,2024.06,NEGATIVE,[M-H]-,90.0,R1,ion_mode=NEGATIVE precursor_type=[M-H]-
MSBNK-Eawag-EQ01166851,MSBNK-Eawag-EQ01166851.txt,JZRCRCFPVAXHHQ,JZRCRCFPVAXHHQ,2024.06,NEGATIVE,[M-H]-,15.0,R1,ion_mode=NEGATIVE precursor_type=[M-H]-
MSBNK-Eawag-EQ01166852,MSBNK-Eawag-EQ01166852.txt,JZRCRCFPVAXHHQ,JZRCRCFPVAXHHQ,2024.06,NEGATIVE,[M-H]-,30.0,R1,ion_mode=NEGATIVE precursor_type=[M-H]-
MSBNK-Eawag-EQ01166853,MSBNK-Eawag-EQ01166853.txt,JZRCRCFPVAXHHQ,JZRCRCFPVAXHHQ,2024.06,NEGATIVE,[M-H]-,45.0,R1,ion_mode=NEGATIVE precursor_type=[M-H]-
MSBNK-Eawag-EQ01166854,MSBNK-Eawag-EQ01166854.txt,JZRCRCFPVAXHHQ,JZRCRCFPVAXHHQ,2024.06,NEGATIVE,[M-H]-,60.0,R1,ion_mode=NEGATIVE precursor_type=[M-H]-
MSBNK-Eawag-EQ01166855,MSBNK-Eawag-EQ01166855.txt,JZRCRCFPVAXHHQ,JZRCRCFPVAXHHQ,2024.06,NEGATIVE,[M-H]-,75.0,R1,ion_mode=NEGATIVE precursor_type=[M-H]-
MSBNK-Eawag-EQ01166856,MSBNK-Eawag-EQ01166856.txt,JZRCRCFPVAXHHQ,JZRCRCFPVAXHHQ,2024.06,NEGATIVE,[M-H]-,90.0,R1,ion_mode=NEGATIVE precursor_type=[M-H]-
MSBNK-Eawag-EQ01166857,MSBNK-Eawag-EQ01166857.txt,JZRCRCFPVAXHHQ,JZRCRCFPVAXHHQ,2024.06,NEGATIVE,[M-H]-,120.0,R1,ion_mode=NEGATIVE precursor_type=[M-H]-
MSBNK-Eawag-EQ01166951,MSBNK-Eawag-EQ01166951.txt,CJAXBZSIMAURNW,CJAXBZSIMAURNW,2024.06,NEGATIVE,[M-H]-,15.0,R1,ion_mode=NEGATIVE precursor_type=[M-H]-
MSBNK-Eawag-EQ01166952,MSBNK-Eawag-EQ01166952.txt,CJAXBZSIMAURNW,CJAXBZSIMAURNW,2024.06,NEGATIVE,[M-H]-,30.0,R1,ion_mode=NEGATIVE precursor_type=[M-H]-
MSBNK-Eawag-EQ01166953,MSBNK-Eawag-EQ01166953.txt,CJAXBZSIMAURNW,CJAXBZSIMAURNW,2024.06,NEGATIVE,[M-H]-,45.0,R1,ion_mode=NEGATIVE precursor_type=[M-H]-
MSBNK-Eawag-EQ01166954,MSBNK-Eawag-EQ01166954.txt,CJAXBZSIMAURNW,CJAXBZSIMAURNW,2024.06,NEGATIVE,[M-H]-,60.0,R1,ion_mode=NEGATIVE precursor_type=[M-H]-
MSBNK-Eawag-EQ01167251,MSBNK-Eawag-EQ01167251.txt,OIVQVBDAMYDDEM,OIVQVBDAMYDDEM,2024.06,NEGATIVE,[M-H]-,15.0,R1,ion_mode=NEGATIVE precursor_type=[M-H]-
MSBNK-Eawag-EQ01167252,MSBNK-Eawag-EQ01167252.txt,OIVQVBDAMYDDEM,OIVQVBDAMYDDEM,2024.06,NEGATIVE,[M-H]-,30.0,R1,ion_mode=NEGATIVE precursor_type=[M-H]-
MSBNK-Eawag-EQ01167253,MSBNK-Eawag-EQ01167253.txt,OIVQVBDAMYDDEM,OIVQVBDAMYDDEM,2024.06,NEGATIVE,[M-H]-,45.0,R1,ion_mode=NEGATIVE precursor_type=[M-H]-
MSBNK-Eawag-EQ01167254,MSBNK-Eawag-EQ01167254.txt,OIVQVBDAMYDDEM,OIVQVBDAMYDDEM,2024.06,NEGATIVE,[M-H]-,60.0,R1,ion_mode=NEGATIVE precursor_type=[M-H]-
MSBNK-Eawag-EQ01168251,MSBNK-Eawag-EQ01168251.txt,HWPVWYVBOOKNTN,HWPVWYVBOOKNTN,2024.06,NEGATIVE,[M-H]-,15.0,R1,ion_mode=NEGATIVE precursor_type=[M-H]-
MSBNK-Eawag-EQ01168252,MSBNK-Eawag-EQ01168252.txt,HWPVWYVBOOKNTN,HWPVWYVBOOKNTN,2024.06,NEGATIVE,[M-H]-,30.0,R1,ion_mode=NEGATIVE precursor_type=[M-H]-
MSBNK-Eawag-EQ01168253,MSBNK-Eawag-EQ01168253.txt,HWPVWYVBOOKNTN,HWPVWYVBOOKNTN,2024.06,NEGATIVE,[M-H]-,45.0,R1,ion_mode=NEGATIVE precursor_type=[M-H]-
MSBNK-Eawag-EQ01168254,MSBNK-Eawag-EQ01168254.txt,HWPVWYVBOOKNTN,HWPVWYVBOOKNTN,2024.06,NEGATIVE,[M-H]-,60.0,R1,ion_mode=NEGATIVE precursor_type=[M-H]-
MSBNK-Eawag-EQ01168255,MSBNK-Eawag-EQ01168255.txt,HWPVWYVBOOKNTN,HWPVWYVBOOKNTN,2024.06,NEGATIVE,[M-H]-,75.0,R1,ion_mode=NEGATIVE precursor_type=[M-H]-
MSBNK-Eawag-EQ01170151,MSBNK-Eawag-EQ01170151.txt,RMBFBMJGBANMMK,RMBFBMJGBANMMK,dev,NEGATIVE,[M-H]-,15.0,R1,ion_mode=NEGATIVE precursor_type=[M-H]-
MSBNK-Eawag-EQ01170152,MSBNK-Eawag-EQ01170152.txt,RMBFBMJGBANMMK,RMBFBMJGBANMMK,dev,NEGATIVE,[M-H]-,30.0,R1,ion_mode=NEGATIVE precursor_type=[M-H]-
MSBNK-Eawag-EQ01170153,MSBNK-Eawag-EQ01170153.txt,RMBFBMJGBANMMK,RMBFBMJGBANMMK,dev,NEGATIVE,[M-H]-,45.0,R1,ion_mode=NEGATIVE precursor_type=[M-H]-
MSBNK-Eawag-EQ01170154,MSBNK-Eawag-EQ01170154.txt,RMBFBMJGBANMMK,RMBFBMJGBANMMK,dev,NEGATIVE,[M-H]-,60.0,R1,ion_mode=NEGATIVE precursor_type=[M-H]-
MSBNK-Eawag-EQ01170155,MSBNK-Eawag-EQ01170155.txt,RMBFBMJGBANMMK,RMBFBMJGBANMMK,dev,NEGATIVE,[M-H]-,75.0,R1,ion_mode=NEGATIVE precursor_type=[M-H]-
MSBNK-Eawag-EQ01170156,MSBNK-Eawag-EQ01170156.txt,RMBFBMJGBANMMK,RMBFBMJGBANMMK,dev,NEGATIVE,[M-H]-,90.0,R1,ion_mode=NEGATIVE precursor_type=[M-H]-
MSBNK-Eawag-EQ01170157,MSBNK-Eawag-EQ01170157.txt,RMBFBMJGBANMMK,RMBFBMJGBANMMK,dev,NEGATIVE,[M-H]-,120.0,R1,ion_mode=NEGATIVE precursor_type=[M-H]-
MSBNK-Eawag-EQ01170158,MSBNK-Eawag-EQ01170158.txt,RMBFBMJGBANMMK,RMBFBMJGBANMMK,dev,NEGATIVE,[M-H]-,150.0,R1,ion_mode=NEGATIVE precursor_type=[M-H]-
MSBNK-Eawag-EQ01170159,MSBNK-Eawag-EQ01170159.txt,RMBFBMJGBANMMK,RMBFBMJGBANMMK,dev,NEGATIVE,[M-H]-,180.0,R1,ion_mode=NEGATIVE precursor_type=[M-H]-
MSBNK-Eawag-EQ01170251,MSBNK-Eawag-EQ01170251.txt,XTRDKALNCIHHNI,XTRDKALNCIHHNI,dev,NEGATIVE,[M-H]-,15.0,R1,ion_mode=NEGATIVE precursor_type=[M-H]-
MSBNK-Eawag-EQ01170351,MSBNK-Eawag-EQ01170351.txt,UFBJCMHMOXMLKC,UFBJCMHMOXMLKC,dev,NEGATIVE,[M-H]-,15.0,R1,ion_mode=NEGATIVE precursor_type=[M-H]-
MSBNK-Eawag-EQ01170352,MSBNK-Eawag-EQ01170352.txt,UFBJCMHMOXMLKC,UFBJCMHMOXMLKC,dev,NEGATIVE,[M-H]-,30.0,R1,ion_mode=NEGATIVE precursor_type=[M-H]-
MSBNK-Eawag-EQ01170353,MSBNK-Eawag-EQ01170353.txt,UFBJCMHMOXMLKC,UFBJCMHMOXMLKC,dev,NEGATIVE,[M-H]-,45.0,R1,ion_mode=NEGATIVE precursor_type=[M-H]-
MSBNK-Eawag-EQ01170354,MSBNK-Eawag-EQ01170354.txt,UFBJCMHMOXMLKC,UFBJCMHMOXMLKC,dev,NEGATIVE,[M-H]-,60.0,R1,ion_mode=NEGATIVE precursor_type=[M-H]-
MSBNK-Eawag-EQ01170355,MSBNK-Eawag-EQ01170355.txt,UFBJCMHMOXMLKC,UFBJCMHMOXMLKC,dev,NEGATIVE,[M-H]-,75.0,R1,ion_mode=NEGATIVE precursor_type=[M-H]-
MSBNK-Eawag-EQ01170356,MSBNK-Eawag-EQ01170356.txt,UFBJCMHMOXMLKC,UFBJCMHMOXMLKC,dev,NEGATIVE,[M-H]-,90.0,R1,ion_mode=NEGATIVE precursor_type=[M-H]-
MSBNK-Eawag-EQ01170357,MSBNK-Eawag-EQ01170357.txt,UFBJCMHMOXMLKC,UFBJCMHMOXMLKC,dev,NEGATIVE,[M-H]-,120.0,R1,ion_mode=NEGATIVE precursor_type=[M-H]-
MSBNK-Eawag-EQ01170358,MSBNK-Eawag-EQ01170358.txt,UFBJCMHMOXMLKC,UFBJCMHMOXMLKC,dev,NEGATIVE,[M-H]-,150.0,R1,ion_mode=NEGATIVE precursor_type=[M-H]-
MSBNK-Eawag-EQ01170359,MSBNK-Eawag-EQ01170359.txt,UFBJCMHMOXMLKC,UFBJCMHMOXMLKC,dev,NEGATIVE,[M-H]-,180.0,R1,ion_mode=NEGATIVE precursor_type=[M-H]-
MSBNK-Eawag-EQ01176851,MSBNK-Eawag-EQ01176851.txt,UATJOMSPNYCXIX,UATJOMSPNYCXIX,dev,NEGATIVE,[M-H]-,15.0,R1,ion_mode=NEGATIVE precursor_type=[M-H]-
MSBNK-Eawag-EQ01176852,MSBNK-Eawag-EQ01176852.txt,UATJOMSPNYCXIX,UATJOMSPNYCXIX,dev,NEGATIVE,[M-H]-,30.0,R1,ion_mode=NEGATIVE precursor_type=[M-H]-
MSBNK-Eawag-EQ01176853,MSBNK-Eawag-EQ01176853.txt,UATJOMSPNYCXIX,UATJOMSPNYCXIX,dev,NEGATIVE,[M-H]-,45.0,R1,ion_mode=NEGATIVE precursor_type=[M-H]-
MSBNK-Eawag-EQ01176854,MSBNK-Eawag-EQ01176854.txt,UATJOMSPNYCXIX,UATJOMSPNYCXIX,dev,NEGATIVE,[M-H]-,60.0,R1,ion_mode=NEGATIVE precursor_type=[M-H]-
MSBNK-Eawag-EQ01176855,MSBNK-Eawag-EQ01176855.txt,UATJOMSPNYCXIX,UATJOMSPNYCXIX,dev,NEGATIVE,[M-H]-,75.0,R1,ion_mode=NEGATIVE precursor_type=[M-H]-
MSBNK-Eawag-EQ01176856,MSBNK-Eawag-EQ01176856.txt,UATJOMSPNYCXIX,UATJOMSPNYCXIX,dev,NEGATIVE,[M-H]-,90.0,R1,ion_mode=NEGATIVE precursor_type=[M-H]-
MSBNK-Eawag-EQ01176857,MSBNK-Eawag-EQ01176857.txt,UATJOMSPNYCXIX,UATJOMSPNYCXIX,dev,NEGATIVE,[M-H]-,120.0,R1,ion_mode=NEGATIVE precursor_type=[M-H]-
MSBNK-Eawag-EQ01179351,MSBNK-Eawag-EQ01179351.txt,SPSSULHKWOKEEL,SPSSULHKWOKEEL,dev,NEGATIVE,[M-H]-,15.0,R1,ion_mode=NEGATIVE precursor_type=[M-H]-
MSBNK-Eawag-EQ01179352,MSBNK-Eawag-EQ01179352.txt,SPSSULHKWOKEEL,SPSSULHKWOKEEL,dev,NEGATIVE,[M-H]-,30.0,R1,ion_mode=NEGATIVE precursor_type=[M-H]-
MSBNK-Eawag-EQ01179353,MSBNK-Eawag-EQ01179353.txt,SPSSULHKWOKEEL,SPSSULHKWOKEEL,dev,NEGATIVE,[M-H]-,45.0,R1,ion_mode=NEGATIVE precursor_type=[M-H]-
MSBNK-Eawag-EQ01179354,MSBNK-Eawag-EQ01179354.txt,SPSSULHKWOKEEL,SPSSULHKWOKEEL,dev,NEGATIVE,[M-H]-,60.0,R1,ion_mode=NEGATIVE precursor_type=[M-H]-
MSBNK-Eawag-EQ01179355,MSBNK-Eawag-EQ01179355.txt,SPSSULHKWOKEEL,SPSSULHKWOKEEL,dev,NEGATIVE,[M-H]-,75.0,R1,ion_mode=NEGATIVE precursor_type=[M-H]-
MSBNK-Eawag-EQ01179356,MSBNK-Eawag-EQ01179356.txt,SPSSULHKWOKEEL,SPSSULHKWOKEEL,dev,NEGATIVE,[M-H]-,90.0,R1,ion_mode=NEGATIVE precursor_type=[M-H]-
MSBNK-Eawag-EQ01179357,MSBNK-Eawag-EQ01179357.txt,SPSSULHKWOKEEL,SPSSULHKWOKEEL,dev,NEGATIVE,[M-H]-,120.0,R1,ion_mode=NEGATIVE precursor_type=[M-H]-
MSBNK-Eawag-EQ01179358,MSBNK-Eawag-EQ01179358.txt,SPSSULHKWOKEEL,SPSSULHKWOKEEL,dev,NEGATIVE,[M-H]-,150.0,R1,ion_mode=NEGATIVE precursor_type=[M-H]-
MSBNK-Eawag-EQ01179359,MSBNK-Eawag-EQ01179359.txt,SPSSULHKWOKEEL,SPSSULHKWOKEEL,dev,NEGATIVE,[M-H]-,180.0,R1,ion_mode=NEGATIVE precursor_type=[M-H]-
MSBNK-Eawag-EQ01180051,MSBNK-Eawag-EQ01180051.txt,QJTIRVUEVSKJTK,QJTIRVUEVSKJTK,dev,NEGATIVE,[M-H]-,15.0,R1,ion_mode=NEGATIVE precursor_type=[M-H]-
MSBNK-Eawag-EQ01180052,MSBNK-Eawag-EQ01180052.txt,QJTIRVUEVSKJTK,QJTIRVUEVSKJTK,dev,NEGATIVE,[M-H]-,30.0,R1,ion_mode=NEGATIVE precursor_type=[M-H]-
MSBNK-Eawag-EQ01180053,MSBNK-Eawag-EQ01180053.txt,QJTIRVUEVSKJTK,QJTIRVUEVSKJTK,dev,NEGATIVE,[M-H]-,45.0,R1,ion_mode=NEGATIVE precursor_type=[M-H]-
MSBNK-Eawag-EQ01180054,MSBNK-Eawag-EQ01180054.txt,QJTIRVUEVSKJTK,QJTIRVUEVSKJTK,dev,NEGATIVE,[M-H]-,60.0,R1,ion_mode=NEGATIVE precursor_type=[M-H]-
MSBNK-Eawag-EQ01180055,MSBNK-Eawag-EQ01180055.txt,QJTIRVUEVSKJTK,QJTIRVUEVSKJTK,dev,NEGATIVE,[M-H]-,75.0,R1,ion_mode=NEGATIVE precursor_type=[M-H]-
MSBNK-Eawag-EQ01180056,MSBNK-Eawag-EQ01180056.txt,QJTIRVUEVSKJTK,QJTIRVUEVSKJTK,dev,NEGATIVE,[M-H]-,90.0,R1,ion_mode=NEGATIVE precursor_type=[M-H]-
MSBNK-Eawag-EQ01180057,MSBNK-Eawag-EQ01180057.txt,QJTIRVUEVSKJTK,QJTIRVUEVSKJTK,dev,NEGATIVE,[M-H]-,120.0,R1,ion_mode=NEGATIVE precursor_type=[M-H]-
MSBNK-Eawag-EQ01180058,MSBNK-Eawag-EQ01180058.txt,QJTIRVUEVSKJTK,QJTIRVUEVSKJTK,dev,NEGATIVE,[M-H]-,150.0,R1,ion_mode=NEGATIVE precursor_type=[M-H]-
MSBNK-Eawag-EQ01180059,MSBNK-Eawag-EQ01180059.txt,QJTIRVUEVSKJTK,QJTIRVUEVSKJTK,dev,NEGATIVE,[M-H]-,180.0,R1,ion_mode=NEGATIVE precursor_type=[M-H]-
MSBNK-Eawag-EQ01182401,MSBNK-Eawag-EQ01182401.txt,AVOCDJCZFLQTCS,AVOCDJCZFLQTCS,dev,POSITIVE,[M+H]+,15.0,R4,nce=15 not an adjudication cell (30 or 60)
MSBNK-Eawag-EQ01182402,MSBNK-Eawag-EQ01182402.txt,AVOCDJCZFLQTCS,AVOCDJCZFLQTCS,dev,POSITIVE,[M+H]+,30.0,R5,"first_ref=dev not a tagged release ['2024.06', '2024.11', '2025.10']"
MSBNK-Eawag-EQ01182403,MSBNK-Eawag-EQ01182403.txt,AVOCDJCZFLQTCS,AVOCDJCZFLQTCS,dev,POSITIVE,[M+H]+,45.0,R4,nce=45 not an adjudication cell (30 or 60)
MSBNK-Eawag-EQ01182404,MSBNK-Eawag-EQ01182404.txt,AVOCDJCZFLQTCS,AVOCDJCZFLQTCS,dev,POSITIVE,[M+H]+,60.0,R5,"first_ref=dev not a tagged release ['2024.06', '2024.11', '2025.10']"
MSBNK-Eawag-EQ01182405,MSBNK-Eawag-EQ01182405.txt,AVOCDJCZFLQTCS,AVOCDJCZFLQTCS,dev,POSITIVE,[M+H]+,75.0,R4,nce=75 not an adjudication cell (30 or 60)
MSBNK-Eawag-EQ01182406,MSBNK-Eawag-EQ01182406.txt,AVOCDJCZFLQTCS,AVOCDJCZFLQTCS,dev,POSITIVE,[M+H]+,90.0,R4,nce=90 not an adjudication cell (30 or 60)
MSBNK-Eawag-EQ01182407,MSBNK-Eawag-EQ01182407.txt,AVOCDJCZFLQTCS,AVOCDJCZFLQTCS,dev,POSITIVE,[M+H]+,120.0,R4,nce=120 not an adjudication cell (30 or 60)
MSBNK-Eawag-EQ01182408,MSBNK-Eawag-EQ01182408.txt,AVOCDJCZFLQTCS,AVOCDJCZFLQTCS,dev,POSITIVE,[M+H]+,150.0,R4,nce=150 not an adjudication cell (30 or 60)
MSBNK-Eawag-EQ01182409,MSBNK-Eawag-EQ01182409.txt,AVOCDJCZFLQTCS,AVOCDJCZFLQTCS,dev,POSITIVE,[M+H]+,180.0,R4,nce=180 not an adjudication cell (30 or 60)
MSBNK-Eawag-EQ01182601,MSBNK-Eawag-EQ01182601.txt,INDOGKYZYLAGEM,INDOGKYZYLAGEM,dev,POSITIVE,[M+H]+,15.0,R4,nce=15 not an adjudication cell (30 or 60)
MSBNK-Eawag-EQ01182602,MSBNK-Eawag-EQ01182602.txt,INDOGKYZYLAGEM,INDOGKYZYLAGEM,dev,POSITIVE,[M+H]+,30.0,R5,"first_ref=dev not a tagged release ['2024.06', '2024.11', '2025.10']"
MSBNK-Eawag-EQ01182603,MSBNK-Eawag-EQ01182603.txt,INDOGKYZYLAGEM,INDOGKYZYLAGEM,dev,POSITIVE,[M+H]+,45.0,R4,nce=45 not an adjudication cell (30 or 60)
MSBNK-Eawag-EQ01182604,MSBNK-Eawag-EQ01182604.txt,INDOGKYZYLAGEM,INDOGKYZYLAGEM,dev,POSITIVE,[M+H]+,60.0,R5,"first_ref=dev not a tagged release ['2024.06', '2024.11', '2025.10']"
MSBNK-Eawag-EQ01182605,MSBNK-Eawag-EQ01182605.txt,INDOGKYZYLAGEM,INDOGKYZYLAGEM,dev,POSITIVE,[M+H]+,75.0,R4,nce=75 not an adjudication cell (30 or 60)
MSBNK-Eawag-EQ01182606,MSBNK-Eawag-EQ01182606.txt,INDOGKYZYLAGEM,INDOGKYZYLAGEM,dev,POSITIVE,[M+H]+,90.0,R4,nce=90 not an adjudication cell (30 or 60)
MSBNK-Eawag-EQ01182607,MSBNK-Eawag-EQ01182607.txt,INDOGKYZYLAGEM,INDOGKYZYLAGEM,dev,POSITIVE,[M+H]+,120.0,R4,nce=120 not an adjudication cell (30 or 60)
MSBNK-Eawag-EQ01182608,MSBNK-Eawag-EQ01182608.txt,INDOGKYZYLAGEM,INDOGKYZYLAGEM,dev,POSITIVE,[M+H]+,150.0,R4,nce=150 not an adjudication cell (30 or 60)
MSBNK-Eawag-EQ01182609,MSBNK-Eawag-EQ01182609.txt,INDOGKYZYLAGEM,INDOGKYZYLAGEM,dev,POSITIVE,[M+H]+,180.0,R4,nce=180 not an adjudication cell (30 or 60)
MSBNK-Eawag-EQ01182651,MSBNK-Eawag-EQ01182651.txt,INDOGKYZYLAGEM,INDOGKYZYLAGEM,dev,NEGATIVE,[M-H]-,15.0,R1,ion_mode=NEGATIVE precursor_type=[M-H]-
MSBNK-Eawag-EQ01182652,MSBNK-Eawag-EQ01182652.txt,INDOGKYZYLAGEM,INDOGKYZYLAGEM,dev,NEGATIVE,[M-H]-,30.0,R1,ion_mode=NEGATIVE precursor_type=[M-H]-
MSBNK-Eawag-EQ01182653,MSBNK-Eawag-EQ01182653.txt,INDOGKYZYLAGEM,INDOGKYZYLAGEM,dev,NEGATIVE,[M-H]-,45.0,R1,ion_mode=NEGATIVE precursor_type=[M-H]-
MSBNK-Eawag-EQ01182654,MSBNK-Eawag-EQ01182654.txt,INDOGKYZYLAGEM,INDOGKYZYLAGEM,dev,NEGATIVE,[M-H]-,60.0,R1,ion_mode=NEGATIVE precursor_type=[M-H]-
MSBNK-Eawag-EQ01182655,MSBNK-Eawag-EQ01182655.txt,INDOGKYZYLAGEM,INDOGKYZYLAGEM,dev,NEGATIVE,[M-H]-,75.0,R1,ion_mode=NEGATIVE precursor_type=[M-H]-
MSBNK-Eawag-EQ01182656,MSBNK-Eawag-EQ01182656.txt,INDOGKYZYLAGEM,INDOGKYZYLAGEM,dev,NEGATIVE,[M-H]-,90.0,R1,ion_mode=NEGATIVE precursor_type=[M-H]-
MSBNK-Eawag-EQ01182701,MSBNK-Eawag-EQ01182701.txt,UHCSCHGCOSOIRD,UHCSCHGCOSOIRD,dev,POSITIVE,[M+H]+,15.0,R4,nce=15 not an adjudication cell (30 or 60)
MSBNK-Eawag-EQ01182702,MSBNK-Eawag-EQ01182702.txt,UHCSCHGCOSOIRD,UHCSCHGCOSOIRD,dev,POSITIVE,[M+H]+,30.0,R5,"first_ref=dev not a tagged release ['2024.06', '2024.11', '2025.10']"
MSBNK-Eawag-EQ01182703,MSBNK-Eawag-EQ01182703.txt,UHCSCHGCOSOIRD,UHCSCHGCOSOIRD,dev,POSITIVE,[M+H]+,45.0,R4,nce=45 not an adjudication cell (30 or 60)
MSBNK-Eawag-EQ01182704,MSBNK-Eawag-EQ01182704.txt,UHCSCHGCOSOIRD,UHCSCHGCOSOIRD,dev,POSITIVE,[M+H]+,60.0,R5,"first_ref=dev not a tagged release ['2024.06', '2024.11', '2025.10']"
MSBNK-Eawag-EQ01182705,MSBNK-Eawag-EQ01182705.txt,UHCSCHGCOSOIRD,UHCSCHGCOSOIRD,dev,POSITIVE,[M+H]+,75.0,R4,nce=75 not an adjudication cell (30 or 60)
MSBNK-Eawag-EQ01182706,MSBNK-Eawag-EQ01182706.txt,UHCSCHGCOSOIRD,UHCSCHGCOSOIRD,dev,POSITIVE,[M+H]+,90.0,R4,nce=90 not an adjudication cell (30 or 60)
MSBNK-Eawag-EQ01182707,MSBNK-Eawag-EQ01182707.txt,UHCSCHGCOSOIRD,UHCSCHGCOSOIRD,dev,POSITIVE,[M+H]+,120.0,R4,nce=120 not an adjudication cell (30 or 60)
MSBNK-Eawag-EQ01182708,MSBNK-Eawag-EQ01182708.txt,UHCSCHGCOSOIRD,UHCSCHGCOSOIRD,dev,POSITIVE,[M+H]+,150.0,R4,nce=150 not an adjudication cell (30 or 60)
MSBNK-Eawag-EQ01182709,MSBNK-Eawag-EQ01182709.txt,UHCSCHGCOSOIRD,UHCSCHGCOSOIRD,dev,POSITIVE,[M+H]+,180.0,R4,nce=180 not an adjudication cell (30 or 60)
MSBNK-Eawag-EQ01182801,MSBNK-Eawag-EQ01182801.txt,WQNQTJSLPDZSDK,WQNQTJSLPDZSDK,dev,POSITIVE,[M+H]+,15.0,R4,nce=15 not an adjudication cell (30 or 60)
MSBNK-Eawag-EQ01182802,MSBNK-Eawag-EQ01182802.txt,WQNQTJSLPDZSDK,WQNQTJSLPDZSDK,dev,POSITIVE,[M+H]+,30.0,R5,"first_ref=dev not a tagged release ['2024.06', '2024.11', '2025.10']"
MSBNK-Eawag-EQ01182803,MSBNK-Eawag-EQ01182803.txt,WQNQTJSLPDZSDK,WQNQTJSLPDZSDK,dev,POSITIVE,[M+H]+,45.0,R4,nce=45 not an adjudication cell (30 or 60)
MSBNK-Eawag-EQ01182804,MSBNK-Eawag-EQ01182804.txt,WQNQTJSLPDZSDK,WQNQTJSLPDZSDK,dev,POSITIVE,[M+H]+,60.0,R5,"first_ref=dev not a tagged release ['2024.06', '2024.11', '2025.10']"
MSBNK-Eawag-EQ01182805,MSBNK-Eawag-EQ01182805.txt,WQNQTJSLPDZSDK,WQNQTJSLPDZSDK,dev,POSITIVE,[M+H]+,75.0,R4,nce=75 not an adjudication cell (30 or 60)
MSBNK-Eawag-EQ01182806,MSBNK-Eawag-EQ01182806.txt,WQNQTJSLPDZSDK,WQNQTJSLPDZSDK,dev,POSITIVE,[M+H]+,90.0,R4,nce=90 not an adjudication cell (30 or 60)
MSBNK-Eawag-EQ01182807,MSBNK-Eawag-EQ01182807.txt,WQNQTJSLPDZSDK,WQNQTJSLPDZSDK,dev,POSITIVE,[M+H]+,120.0,R4,nce=120 not an adjudication cell (30 or 60)
MSBNK-Eawag-EQ01182808,MSBNK-Eawag-EQ01182808.txt,WQNQTJSLPDZSDK,WQNQTJSLPDZSDK,dev,POSITIVE,[M+H]+,150.0,R4,nce=150 not an adjudication cell (30 or 60)
MSBNK-Eawag-EQ01182809,MSBNK-Eawag-EQ01182809.txt,WQNQTJSLPDZSDK,WQNQTJSLPDZSDK,dev,POSITIVE,[M+H]+,180.0,R4,nce=180 not an adjudication cell (30 or 60)
MSBNK-Eawag-EQ01182851,MSBNK-Eawag-EQ01182851.txt,WQNQTJSLPDZSDK,WQNQTJSLPDZSDK,dev,NEGATIVE,[M-H]-,15.0,R1,ion_mode=NEGATIVE precursor_type=[M-H]-
MSBNK-Eawag-EQ01182852,MSBNK-Eawag-EQ01182852.txt,WQNQTJSLPDZSDK,WQNQTJSLPDZSDK,dev,NEGATIVE,[M-H]-,30.0,R1,ion_mode=NEGATIVE precursor_type=[M-H]-
MSBNK-Eawag-EQ01182853,MSBNK-Eawag-EQ01182853.txt,WQNQTJSLPDZSDK,WQNQTJSLPDZSDK,dev,NEGATIVE,[M-H]-,45.0,R1,ion_mode=NEGATIVE precursor_type=[M-H]-
MSBNK-Eawag-EQ01182854,MSBNK-Eawag-EQ01182854.txt,WQNQTJSLPDZSDK,WQNQTJSLPDZSDK,dev,NEGATIVE,[M-H]-,60.0,R1,ion_mode=NEGATIVE precursor_type=[M-H]-
MSBNK-Eawag-EQ01182855,MSBNK-Eawag-EQ01182855.txt,WQNQTJSLPDZSDK,WQNQTJSLPDZSDK,dev,NEGATIVE,[M-H]-,75.0,R1,ion_mode=NEGATIVE precursor_type=[M-H]-
MSBNK-Eawag-EQ01182856,MSBNK-Eawag-EQ01182856.txt,WQNQTJSLPDZSDK,WQNQTJSLPDZSDK,dev,NEGATIVE,[M-H]-,90.0,R1,ion_mode=NEGATIVE precursor_type=[M-H]-
MSBNK-Eawag-EQ01182857,MSBNK-Eawag-EQ01182857.txt,WQNQTJSLPDZSDK,WQNQTJSLPDZSDK,dev,NEGATIVE,[M-H]-,120.0,R1,ion_mode=NEGATIVE precursor_type=[M-H]-
MSBNK-Eawag-EQ01182858,MSBNK-Eawag-EQ01182858.txt,WQNQTJSLPDZSDK,WQNQTJSLPDZSDK,dev,NEGATIVE,[M-H]-,150.0,R1,ion_mode=NEGATIVE precursor_type=[M-H]-
MSBNK-Eawag-EQ01182859,MSBNK-Eawag-EQ01182859.txt,WQNQTJSLPDZSDK,WQNQTJSLPDZSDK,dev,NEGATIVE,[M-H]-,180.0,R1,ion_mode=NEGATIVE precursor_type=[M-H]-
MSBNK-Eawag-EQ01183201,MSBNK-Eawag-EQ01183201.txt,QYTDEUPAUMOIOP,QYTDEUPAUMOIOP,2025.10,POSITIVE,[M+H]+,15.0,R4,nce=15 not an adjudication cell (30 or 60)
MSBNK-Eawag-EQ01183202,MSBNK-Eawag-EQ01183202.txt,QYTDEUPAUMOIOP,QYTDEUPAUMOIOP,2025.10,POSITIVE,[M+H]+,30.0,R8,R8a: compound key in MassSpecGym 1.5 by the recorded InChIKey route
MSBNK-Eawag-EQ01183203,MSBNK-Eawag-EQ01183203.txt,QYTDEUPAUMOIOP,QYTDEUPAUMOIOP,2025.10,POSITIVE,[M+H]+,45.0,R4,nce=45 not an adjudication cell (30 or 60)
MSBNK-Eawag-EQ01183204,MSBNK-Eawag-EQ01183204.txt,QYTDEUPAUMOIOP,QYTDEUPAUMOIOP,2025.10,POSITIVE,[M+H]+,60.0,R8,R8a: compound key in MassSpecGym 1.5 by the recorded InChIKey route
MSBNK-Eawag-EQ01183205,MSBNK-Eawag-EQ01183205.txt,QYTDEUPAUMOIOP,QYTDEUPAUMOIOP,2025.10,POSITIVE,[M+H]+,75.0,R4,nce=75 not an adjudication cell (30 or 60)
MSBNK-Eawag-EQ01183206,MSBNK-Eawag-EQ01183206.txt,QYTDEUPAUMOIOP,QYTDEUPAUMOIOP,2025.10,POSITIVE,[M+H]+,90.0,R4,nce=90 not an adjudication cell (30 or 60)
MSBNK-Eawag-EQ01183207,MSBNK-Eawag-EQ01183207.txt,QYTDEUPAUMOIOP,QYTDEUPAUMOIOP,2025.10,POSITIVE,[M+H]+,120.0,R4,nce=120 not an adjudication cell (30 or 60)
MSBNK-Eawag-EQ01183208,MSBNK-Eawag-EQ01183208.txt,QYTDEUPAUMOIOP,QYTDEUPAUMOIOP,2025.10,POSITIVE,[M+H]+,150.0,R4,nce=150 not an adjudication cell (30 or 60)
MSBNK-Eawag-EQ01183209,MSBNK-Eawag-EQ01183209.txt,QYTDEUPAUMOIOP,QYTDEUPAUMOIOP,2025.10,POSITIVE,[M+H]+,180.0,R4,nce=180 not an adjudication cell (30 or 60)
MSBNK-Eawag-EQ01183301,MSBNK-Eawag-EQ01183301.txt,VDVUCLWJZJHFAV,VDVUCLWJZJHFAV,dev,POSITIVE,[M+H]+,15.0,R4,nce=15 not an adjudication cell (30 or 60)
MSBNK-Eawag-EQ01183302,MSBNK-Eawag-EQ01183302.txt,VDVUCLWJZJHFAV,VDVUCLWJZJHFAV,dev,POSITIVE,[M+H]+,30.0,R5,"first_ref=dev not a tagged release ['2024.06', '2024.11', '2025.10']"
MSBNK-Eawag-EQ01183303,MSBNK-Eawag-EQ01183303.txt,VDVUCLWJZJHFAV,VDVUCLWJZJHFAV,dev,POSITIVE,[M+H]+,45.0,R4,nce=45 not an adjudication cell (30 or 60)
MSBNK-Eawag-EQ01183304,MSBNK-Eawag-EQ01183304.txt,VDVUCLWJZJHFAV,VDVUCLWJZJHFAV,dev,POSITIVE,[M+H]+,60.0,R5,"first_ref=dev not a tagged release ['2024.06', '2024.11', '2025.10']"
MSBNK-Eawag-EQ01183305,MSBNK-Eawag-EQ01183305.txt,VDVUCLWJZJHFAV,VDVUCLWJZJHFAV,dev,POSITIVE,[M+H]+,75.0,R4,nce=75 not an adjudication cell (30 or 60)
MSBNK-Eawag-EQ01183306,MSBNK-Eawag-EQ01183306.txt,VDVUCLWJZJHFAV,VDVUCLWJZJHFAV,dev,POSITIVE,[M+H]+,90.0,R4,nce=90 not an adjudication cell (30 or 60)
MSBNK-Eawag-EQ01183307,MSBNK-Eawag-EQ01183307.txt,VDVUCLWJZJHFAV,VDVUCLWJZJHFAV,dev,POSITIVE,[M+H]+,120.0,R4,nce=120 not an adjudication cell (30 or 60)
MSBNK-Eawag-EQ01183308,MSBNK-Eawag-EQ01183308.txt,VDVUCLWJZJHFAV,VDVUCLWJZJHFAV,dev,POSITIVE,[M+H]+,150.0,R4,nce=150 not an adjudication cell (30 or 60)
MSBNK-Eawag-EQ01183309,MSBNK-Eawag-EQ01183309.txt,VDVUCLWJZJHFAV,VDVUCLWJZJHFAV,dev,POSITIVE,[M+H]+,180.0,R4,nce=180 not an adjudication cell (30 or 60)
MSBNK-Eawag-EQ01183501,MSBNK-Eawag-EQ01183501.txt,ULSIYEODSMZIPX,ULSIYEODSMZIPX,dev,POSITIVE,[M+H]+,15.0,R4,nce=15 not an adjudication cell (30 or 60)
MSBNK-Eawag-EQ01183502,MSBNK-Eawag-EQ01183502.txt,ULSIYEODSMZIPX,ULSIYEODSMZIPX,dev,POSITIVE,[M+H]+,30.0,R5,"first_ref=dev not a tagged release ['2024.06', '2024.11', '2025.10']"
MSBNK-Eawag-EQ01183503,MSBNK-Eawag-EQ01183503.txt,ULSIYEODSMZIPX,ULSIYEODSMZIPX,dev,POSITIVE,[M+H]+,45.0,R4,nce=45 not an adjudication cell (30 or 60)
MSBNK-Eawag-EQ01183504,MSBNK-Eawag-EQ01183504.txt,ULSIYEODSMZIPX,ULSIYEODSMZIPX,dev,POSITIVE,[M+H]+,60.0,R5,"first_ref=dev not a tagged release ['2024.06', '2024.11', '2025.10']"
MSBNK-Eawag-EQ01183505,MSBNK-Eawag-EQ01183505.txt,ULSIYEODSMZIPX,ULSIYEODSMZIPX,dev,POSITIVE,[M+H]+,75.0,R4,nce=75 not an adjudication cell (30 or 60)
MSBNK-Eawag-EQ01183506,MSBNK-Eawag-EQ01183506.txt,ULSIYEODSMZIPX,ULSIYEODSMZIPX,dev,POSITIVE,[M+H]+,90.0,R4,nce=90 not an adjudication cell (30 or 60)
MSBNK-Eawag-EQ01183507,MSBNK-Eawag-EQ01183507.txt,ULSIYEODSMZIPX,ULSIYEODSMZIPX,dev,POSITIVE,[M+H]+,120.0,R4,nce=120 not an adjudication cell (30 or 60)
MSBNK-Eawag-EQ01183508,MSBNK-Eawag-EQ01183508.txt,ULSIYEODSMZIPX,ULSIYEODSMZIPX,dev,POSITIVE,[M+H]+,150.0,R4,nce=150 not an adjudication cell (30 or 60)
MSBNK-Eawag-EQ01183509,MSBNK-Eawag-EQ01183509.txt,ULSIYEODSMZIPX,ULSIYEODSMZIPX,dev,POSITIVE,[M+H]+,180.0,R4,nce=180 not an adjudication cell (30 or 60)
MSBNK-Eawag-EQ01184301,MSBNK-Eawag-EQ01184301.txt,AKTGKEBIBGSCLD,AKTGKEBIBGSCLD,dev,POSITIVE,[M+H]+,15.0,R4,nce=15 not an adjudication cell (30 or 60)
MSBNK-Eawag-EQ01184302,MSBNK-Eawag-EQ01184302.txt,AKTGKEBIBGSCLD,AKTGKEBIBGSCLD,dev,POSITIVE,[M+H]+,30.0,R5,"first_ref=dev not a tagged release ['2024.06', '2024.11', '2025.10']"
MSBNK-Eawag-EQ01184303,MSBNK-Eawag-EQ01184303.txt,AKTGKEBIBGSCLD,AKTGKEBIBGSCLD,dev,POSITIVE,[M+H]+,45.0,R4,nce=45 not an adjudication cell (30 or 60)
MSBNK-Eawag-EQ01184304,MSBNK-Eawag-EQ01184304.txt,AKTGKEBIBGSCLD,AKTGKEBIBGSCLD,dev,POSITIVE,[M+H]+,60.0,R5,"first_ref=dev not a tagged release ['2024.06', '2024.11', '2025.10']"
MSBNK-Eawag-EQ01184601,MSBNK-Eawag-EQ01184601.txt,HFCFJYRLBAANKN,HFCFJYRLBAANKN,dev,POSITIVE,[M+H]+,15.0,R4,nce=15 not an adjudication cell (30 or 60)
MSBNK-Eawag-EQ01184602,MSBNK-Eawag-EQ01184602.txt,HFCFJYRLBAANKN,HFCFJYRLBAANKN,dev,POSITIVE,[M+H]+,30.0,R5,"first_ref=dev not a tagged release ['2024.06', '2024.11', '2025.10']"
MSBNK-Eawag-EQ01184603,MSBNK-Eawag-EQ01184603.txt,HFCFJYRLBAANKN,HFCFJYRLBAANKN,dev,POSITIVE,[M+H]+,45.0,R4,nce=45 not an adjudication cell (30 or 60)
MSBNK-Eawag-EQ01184604,MSBNK-Eawag-EQ01184604.txt,HFCFJYRLBAANKN,HFCFJYRLBAANKN,dev,POSITIVE,[M+H]+,60.0,R5,"first_ref=dev not a tagged release ['2024.06', '2024.11', '2025.10']"
MSBNK-Eawag-EQ01184605,MSBNK-Eawag-EQ01184605.txt,HFCFJYRLBAANKN,HFCFJYRLBAANKN,dev,POSITIVE,[M+H]+,75.0,R4,nce=75 not an adjudication cell (30 or 60)
MSBNK-Eawag-EQ01184606,MSBNK-Eawag-EQ01184606.txt,HFCFJYRLBAANKN,HFCFJYRLBAANKN,dev,POSITIVE,[M+H]+,90.0,R4,nce=90 not an adjudication cell (30 or 60)
MSBNK-Eawag-EQ01184651,MSBNK-Eawag-EQ01184651.txt,HFCFJYRLBAANKN,HFCFJYRLBAANKN,dev,NEGATIVE,[M-H]-,15.0,R1,ion_mode=NEGATIVE precursor_type=[M-H]-
MSBNK-Eawag-EQ01184652,MSBNK-Eawag-EQ01184652.txt,HFCFJYRLBAANKN,HFCFJYRLBAANKN,dev,NEGATIVE,[M-H]-,30.0,R1,ion_mode=NEGATIVE precursor_type=[M-H]-
MSBNK-Eawag-EQ01184653,MSBNK-Eawag-EQ01184653.txt,HFCFJYRLBAANKN,HFCFJYRLBAANKN,dev,NEGATIVE,[M-H]-,45.0,R1,ion_mode=NEGATIVE precursor_type=[M-H]-
MSBNK-Eawag-EQ01184654,MSBNK-Eawag-EQ01184654.txt,HFCFJYRLBAANKN,HFCFJYRLBAANKN,dev,NEGATIVE,[M-H]-,60.0,R1,ion_mode=NEGATIVE precursor_type=[M-H]-
MSBNK-Eawag-EQ01184655,MSBNK-Eawag-EQ01184655.txt,HFCFJYRLBAANKN,HFCFJYRLBAANKN,dev,NEGATIVE,[M-H]-,75.0,R1,ion_mode=NEGATIVE precursor_type=[M-H]-
MSBNK-Eawag-EQ01184656,MSBNK-Eawag-EQ01184656.txt,HFCFJYRLBAANKN,HFCFJYRLBAANKN,dev,NEGATIVE,[M-H]-,90.0,R1,ion_mode=NEGATIVE precursor_type=[M-H]-
MSBNK-Eawag-EQ01184657,MSBNK-Eawag-EQ01184657.txt,HFCFJYRLBAANKN,HFCFJYRLBAANKN,dev,NEGATIVE,[M-H]-,120.0,R1,ion_mode=NEGATIVE precursor_type=[M-H]-
MSBNK-Eawag-EQ01184658,MSBNK-Eawag-EQ01184658.txt,HFCFJYRLBAANKN,HFCFJYRLBAANKN,dev,NEGATIVE,[M-H]-,150.0,R1,ion_mode=NEGATIVE precursor_type=[M-H]-
MSBNK-Eawag-EQ01184659,MSBNK-Eawag-EQ01184659.txt,HFCFJYRLBAANKN,HFCFJYRLBAANKN,dev,NEGATIVE,[M-H]-,180.0,R1,ion_mode=NEGATIVE precursor_type=[M-H]-
MSBNK-Eawag-EQ01184751,MSBNK-Eawag-EQ01184751.txt,CFYAUGJHWXGWHI,CFYAUGJHWXGWHI,dev,NEGATIVE,[M-H]-,15.0,R1,ion_mode=NEGATIVE precursor_type=[M-H]-
MSBNK-Eawag-EQ01184752,MSBNK-Eawag-EQ01184752.txt,CFYAUGJHWXGWHI,CFYAUGJHWXGWHI,dev,NEGATIVE,[M-H]-,30.0,R1,ion_mode=NEGATIVE precursor_type=[M-H]-
MSBNK-Eawag-EQ01184753,MSBNK-Eawag-EQ01184753.txt,CFYAUGJHWXGWHI,CFYAUGJHWXGWHI,dev,NEGATIVE,[M-H]-,45.0,R1,ion_mode=NEGATIVE precursor_type=[M-H]-
MSBNK-Eawag-EQ01184754,MSBNK-Eawag-EQ01184754.txt,CFYAUGJHWXGWHI,CFYAUGJHWXGWHI,dev,NEGATIVE,[M-H]-,60.0,R1,ion_mode=NEGATIVE precursor_type=[M-H]-
MSBNK-Eawag-EQ01184755,MSBNK-Eawag-EQ01184755.txt,CFYAUGJHWXGWHI,CFYAUGJHWXGWHI,dev,NEGATIVE,[M-H]-,75.0,R1,ion_mode=NEGATIVE precursor_type=[M-H]-
MSBNK-Eawag-EQ01184756,MSBNK-Eawag-EQ01184756.txt,CFYAUGJHWXGWHI,CFYAUGJHWXGWHI,dev,NEGATIVE,[M-H]-,90.0,R1,ion_mode=NEGATIVE precursor_type=[M-H]-
MSBNK-Eawag-EQ01184757,MSBNK-Eawag-EQ01184757.txt,CFYAUGJHWXGWHI,CFYAUGJHWXGWHI,dev,NEGATIVE,[M-H]-,120.0,R1,ion_mode=NEGATIVE precursor_type=[M-H]-
MSBNK-Eawag-EQ01184758,MSBNK-Eawag-EQ01184758.txt,CFYAUGJHWXGWHI,CFYAUGJHWXGWHI,dev,NEGATIVE,[M-H]-,150.0,R1,ion_mode=NEGATIVE precursor_type=[M-H]-
MSBNK-Eawag-EQ01184759,MSBNK-Eawag-EQ01184759.txt,CFYAUGJHWXGWHI,CFYAUGJHWXGWHI,dev,NEGATIVE,[M-H]-,180.0,R1,ion_mode=NEGATIVE precursor_type=[M-H]-
MSBNK-Eawag-EQ01184801,MSBNK-Eawag-EQ01184801.txt,DFZSBQYOXAUYCB,DFZSBQYOXAUYCB,dev,POSITIVE,[M+H]+,15.0,R4,nce=15 not an adjudication cell (30 or 60)
MSBNK-Eawag-EQ01184802,MSBNK-Eawag-EQ01184802.txt,DFZSBQYOXAUYCB,DFZSBQYOXAUYCB,dev,POSITIVE,[M+H]+,30.0,R5,"first_ref=dev not a tagged release ['2024.06', '2024.11', '2025.10']"
MSBNK-Eawag-EQ01184803,MSBNK-Eawag-EQ01184803.txt,DFZSBQYOXAUYCB,DFZSBQYOXAUYCB,dev,POSITIVE,[M+H]+,45.0,R4,nce=45 not an adjudication cell (30 or 60)
MSBNK-Eawag-EQ01184804,MSBNK-Eawag-EQ01184804.txt,DFZSBQYOXAUYCB,DFZSBQYOXAUYCB,dev,POSITIVE,[M+H]+,60.0,R5,"first_ref=dev not a tagged release ['2024.06', '2024.11', '2025.10']"
MSBNK-Eawag-EQ01184805,MSBNK-Eawag-EQ01184805.txt,DFZSBQYOXAUYCB,DFZSBQYOXAUYCB,dev,POSITIVE,[M+H]+,75.0,R4,nce=75 not an adjudication cell (30 or 60)
MSBNK-Eawag-EQ01184806,MSBNK-Eawag-EQ01184806.txt,DFZSBQYOXAUYCB,DFZSBQYOXAUYCB,dev,POSITIVE,[M+H]+,90.0,R4,nce=90 not an adjudication cell (30 or 60)
MSBNK-Eawag-EQ01184807,MSBNK-Eawag-EQ01184807.txt,DFZSBQYOXAUYCB,DFZSBQYOXAUYCB,dev,POSITIVE,[M+H]+,120.0,R4,nce=120 not an adjudication cell (30 or 60)
MSBNK-Eawag-EQ01184808,MSBNK-Eawag-EQ01184808.txt,DFZSBQYOXAUYCB,DFZSBQYOXAUYCB,dev,POSITIVE,[M+H]+,150.0,R4,nce=150 not an adjudication cell (30 or 60)
MSBNK-Eawag-EQ01184809,MSBNK-Eawag-EQ01184809.txt,DFZSBQYOXAUYCB,DFZSBQYOXAUYCB,dev,POSITIVE,[M+H]+,180.0,R4,nce=180 not an adjudication cell (30 or 60)
MSBNK-Eawag-EQ01184851,MSBNK-Eawag-EQ01184851.txt,DFZSBQYOXAUYCB,DFZSBQYOXAUYCB,dev,NEGATIVE,[M-H]-,15.0,R1,ion_mode=NEGATIVE precursor_type=[M-H]-
MSBNK-Eawag-EQ01184852,MSBNK-Eawag-EQ01184852.txt,DFZSBQYOXAUYCB,DFZSBQYOXAUYCB,dev,NEGATIVE,[M-H]-,30.0,R1,ion_mode=NEGATIVE precursor_type=[M-H]-
MSBNK-Eawag-EQ01184853,MSBNK-Eawag-EQ01184853.txt,DFZSBQYOXAUYCB,DFZSBQYOXAUYCB,dev,NEGATIVE,[M-H]-,45.0,R1,ion_mode=NEGATIVE precursor_type=[M-H]-
MSBNK-Eawag-EQ01184854,MSBNK-Eawag-EQ01184854.txt,DFZSBQYOXAUYCB,DFZSBQYOXAUYCB,dev,NEGATIVE,[M-H]-,60.0,R1,ion_mode=NEGATIVE precursor_type=[M-H]-
MSBNK-Eawag-EQ01184855,MSBNK-Eawag-EQ01184855.txt,DFZSBQYOXAUYCB,DFZSBQYOXAUYCB,dev,NEGATIVE,[M-H]-,75.0,R1,ion_mode=NEGATIVE precursor_type=[M-H]-
MSBNK-Eawag-EQ01184856,MSBNK-Eawag-EQ01184856.txt,DFZSBQYOXAUYCB,DFZSBQYOXAUYCB,dev,NEGATIVE,[M-H]-,90.0,R1,ion_mode=NEGATIVE precursor_type=[M-H]-
MSBNK-Eawag-EQ01184857,MSBNK-Eawag-EQ01184857.txt,DFZSBQYOXAUYCB,DFZSBQYOXAUYCB,dev,NEGATIVE,[M-H]-,120.0,R1,ion_mode=NEGATIVE precursor_type=[M-H]-
MSBNK-Eawag-EQ01184858,MSBNK-Eawag-EQ01184858.txt,DFZSBQYOXAUYCB,DFZSBQYOXAUYCB,dev,NEGATIVE,[M-H]-,150.0,R1,ion_mode=NEGATIVE precursor_type=[M-H]-
MSBNK-Eawag-EQ01184859,MSBNK-Eawag-EQ01184859.txt,DFZSBQYOXAUYCB,DFZSBQYOXAUYCB,dev,NEGATIVE,[M-H]-,180.0,R1,ion_mode=NEGATIVE precursor_type=[M-H]-
MSBNK-Eawag-EQ01184901,MSBNK-Eawag-EQ01184901.txt,RUKISNQKOIKZGT,RUKISNQKOIKZGT,dev,POSITIVE,[M+H]+,15.0,R4,nce=15 not an adjudication cell (30 or 60)
MSBNK-Eawag-EQ01184902,MSBNK-Eawag-EQ01184902.txt,RUKISNQKOIKZGT,RUKISNQKOIKZGT,dev,POSITIVE,[M+H]+,30.0,R5,"first_ref=dev not a tagged release ['2024.06', '2024.11', '2025.10']"
MSBNK-Eawag-EQ01184903,MSBNK-Eawag-EQ01184903.txt,RUKISNQKOIKZGT,RUKISNQKOIKZGT,dev,POSITIVE,[M+H]+,45.0,R4,nce=45 not an adjudication cell (30 or 60)
MSBNK-Eawag-EQ01184904,MSBNK-Eawag-EQ01184904.txt,RUKISNQKOIKZGT,RUKISNQKOIKZGT,dev,POSITIVE,[M+H]+,60.0,R5,"first_ref=dev not a tagged release ['2024.06', '2024.11', '2025.10']"
MSBNK-Eawag-EQ01184905,MSBNK-Eawag-EQ01184905.txt,RUKISNQKOIKZGT,RUKISNQKOIKZGT,dev,POSITIVE,[M+H]+,75.0,R4,nce=75 not an adjudication cell (30 or 60)
MSBNK-Eawag-EQ01184906,MSBNK-Eawag-EQ01184906.txt,RUKISNQKOIKZGT,RUKISNQKOIKZGT,dev,POSITIVE,[M+H]+,90.0,R4,nce=90 not an adjudication cell (30 or 60)
MSBNK-Eawag-EQ01184907,MSBNK-Eawag-EQ01184907.txt,RUKISNQKOIKZGT,RUKISNQKOIKZGT,dev,POSITIVE,[M+H]+,120.0,R4,nce=120 not an adjudication cell (30 or 60)
MSBNK-Eawag-EQ01184908,MSBNK-Eawag-EQ01184908.txt,RUKISNQKOIKZGT,RUKISNQKOIKZGT,dev,POSITIVE,[M+H]+,150.0,R4,nce=150 not an adjudication cell (30 or 60)
MSBNK-Eawag-EQ01184909,MSBNK-Eawag-EQ01184909.txt,RUKISNQKOIKZGT,RUKISNQKOIKZGT,dev,POSITIVE,[M+H]+,180.0,R4,nce=180 not an adjudication cell (30 or 60)
MSBNK-Eawag-EQ01184951,MSBNK-Eawag-EQ01184951.txt,RUKISNQKOIKZGT,RUKISNQKOIKZGT,dev,NEGATIVE,[M-H]-,15.0,R1,ion_mode=NEGATIVE precursor_type=[M-H]-
MSBNK-Eawag-EQ01184952,MSBNK-Eawag-EQ01184952.txt,RUKISNQKOIKZGT,RUKISNQKOIKZGT,dev,NEGATIVE,[M-H]-,30.0,R1,ion_mode=NEGATIVE precursor_type=[M-H]-
MSBNK-Eawag-EQ01184953,MSBNK-Eawag-EQ01184953.txt,RUKISNQKOIKZGT,RUKISNQKOIKZGT,dev,NEGATIVE,[M-H]-,45.0,R1,ion_mode=NEGATIVE precursor_type=[M-H]-
MSBNK-Eawag-EQ01184954,MSBNK-Eawag-EQ01184954.txt,RUKISNQKOIKZGT,RUKISNQKOIKZGT,dev,NEGATIVE,[M-H]-,60.0,R1,ion_mode=NEGATIVE precursor_type=[M-H]-
MSBNK-Eawag-EQ01184955,MSBNK-Eawag-EQ01184955.txt,RUKISNQKOIKZGT,RUKISNQKOIKZGT,dev,NEGATIVE,[M-H]-,75.0,R1,ion_mode=NEGATIVE precursor_type=[M-H]-
MSBNK-Eawag-EQ01184956,MSBNK-Eawag-EQ01184956.txt,RUKISNQKOIKZGT,RUKISNQKOIKZGT,dev,NEGATIVE,[M-H]-,90.0,R1,ion_mode=NEGATIVE precursor_type=[M-H]-
MSBNK-Eawag-EQ01185001,MSBNK-Eawag-EQ01185001.txt,SPOWAUDUGZVURQ,SPOWAUDUGZVURQ,dev,POSITIVE,[M+H]+,15.0,R4,nce=15 not an adjudication cell (30 or 60)
MSBNK-Eawag-EQ01185002,MSBNK-Eawag-EQ01185002.txt,SPOWAUDUGZVURQ,SPOWAUDUGZVURQ,dev,POSITIVE,[M+H]+,30.0,R5,"first_ref=dev not a tagged release ['2024.06', '2024.11', '2025.10']"
MSBNK-Eawag-EQ01185003,MSBNK-Eawag-EQ01185003.txt,SPOWAUDUGZVURQ,SPOWAUDUGZVURQ,dev,POSITIVE,[M+H]+,45.0,R4,nce=45 not an adjudication cell (30 or 60)
MSBNK-Eawag-EQ01185004,MSBNK-Eawag-EQ01185004.txt,SPOWAUDUGZVURQ,SPOWAUDUGZVURQ,dev,POSITIVE,[M+H]+,60.0,R5,"first_ref=dev not a tagged release ['2024.06', '2024.11', '2025.10']"
MSBNK-Eawag-EQ01185005,MSBNK-Eawag-EQ01185005.txt,SPOWAUDUGZVURQ,SPOWAUDUGZVURQ,dev,POSITIVE,[M+H]+,75.0,R4,nce=75 not an adjudication cell (30 or 60)
MSBNK-Eawag-EQ01185006,MSBNK-Eawag-EQ01185006.txt,SPOWAUDUGZVURQ,SPOWAUDUGZVURQ,dev,POSITIVE,[M+H]+,90.0,R4,nce=90 not an adjudication cell (30 or 60)
MSBNK-Eawag-EQ01185007,MSBNK-Eawag-EQ01185007.txt,SPOWAUDUGZVURQ,SPOWAUDUGZVURQ,dev,POSITIVE,[M+H]+,120.0,R4,nce=120 not an adjudication cell (30 or 60)
MSBNK-Eawag-EQ01185008,MSBNK-Eawag-EQ01185008.txt,SPOWAUDUGZVURQ,SPOWAUDUGZVURQ,dev,POSITIVE,[M+H]+,150.0,R4,nce=150 not an adjudication cell (30 or 60)
MSBNK-Eawag-EQ01185009,MSBNK-Eawag-EQ01185009.txt,SPOWAUDUGZVURQ,SPOWAUDUGZVURQ,dev,POSITIVE,[M+H]+,180.0,R4,nce=180 not an adjudication cell (30 or 60)
MSBNK-Eawag-EQ01185051,MSBNK-Eawag-EQ01185051.txt,SPOWAUDUGZVURQ,SPOWAUDUGZVURQ,dev,NEGATIVE,[M-H]-,15.0,R1,ion_mode=NEGATIVE precursor_type=[M-H]-
MSBNK-Eawag-EQ01185052,MSBNK-Eawag-EQ01185052.txt,SPOWAUDUGZVURQ,SPOWAUDUGZVURQ,dev,NEGATIVE,[M-H]-,30.0,R1,ion_mode=NEGATIVE precursor_type=[M-H]-
MSBNK-Eawag-EQ01185053,MSBNK-Eawag-EQ01185053.txt,SPOWAUDUGZVURQ,SPOWAUDUGZVURQ,dev,NEGATIVE,[M-H]-,45.0,R1,ion_mode=NEGATIVE precursor_type=[M-H]-
MSBNK-Eawag-EQ01185054,MSBNK-Eawag-EQ01185054.txt,SPOWAUDUGZVURQ,SPOWAUDUGZVURQ,dev,NEGATIVE,[M-H]-,60.0,R1,ion_mode=NEGATIVE precursor_type=[M-H]-
MSBNK-Eawag-EQ01185055,MSBNK-Eawag-EQ01185055.txt,SPOWAUDUGZVURQ,SPOWAUDUGZVURQ,dev,NEGATIVE,[M-H]-,75.0,R1,ion_mode=NEGATIVE precursor_type=[M-H]-
MSBNK-Eawag-EQ01185056,MSBNK-Eawag-EQ01185056.txt,SPOWAUDUGZVURQ,SPOWAUDUGZVURQ,dev,NEGATIVE,[M-H]-,90.0,R1,ion_mode=NEGATIVE precursor_type=[M-H]-
MSBNK-Eawag-EQ01185057,MSBNK-Eawag-EQ01185057.txt,SPOWAUDUGZVURQ,SPOWAUDUGZVURQ,dev,NEGATIVE,[M-H]-,120.0,R1,ion_mode=NEGATIVE precursor_type=[M-H]-
MSBNK-Eawag-EQ01185058,MSBNK-Eawag-EQ01185058.txt,SPOWAUDUGZVURQ,SPOWAUDUGZVURQ,dev,NEGATIVE,[M-H]-,150.0,R1,ion_mode=NEGATIVE precursor_type=[M-H]-
MSBNK-Eawag-EQ01185059,MSBNK-Eawag-EQ01185059.txt,SPOWAUDUGZVURQ,SPOWAUDUGZVURQ,dev,NEGATIVE,[M-H]-,180.0,R1,ion_mode=NEGATIVE precursor_type=[M-H]-
MSBNK-Eawag-EQ01185101,MSBNK-Eawag-EQ01185101.txt,XXYMSQQCBUKFHE,XXYMSQQCBUKFHE,dev,POSITIVE,[M+H]+,15.0,R4,nce=15 not an adjudication cell (30 or 60)
MSBNK-Eawag-EQ01185102,MSBNK-Eawag-EQ01185102.txt,XXYMSQQCBUKFHE,XXYMSQQCBUKFHE,dev,POSITIVE,[M+H]+,30.0,R5,"first_ref=dev not a tagged release ['2024.06', '2024.11', '2025.10']"
MSBNK-Eawag-EQ01185103,MSBNK-Eawag-EQ01185103.txt,XXYMSQQCBUKFHE,XXYMSQQCBUKFHE,dev,POSITIVE,[M+H]+,45.0,R4,nce=45 not an adjudication cell (30 or 60)
MSBNK-Eawag-EQ01185104,MSBNK-Eawag-EQ01185104.txt,XXYMSQQCBUKFHE,XXYMSQQCBUKFHE,dev,POSITIVE,[M+H]+,60.0,R5,"first_ref=dev not a tagged release ['2024.06', '2024.11', '2025.10']"
MSBNK-Eawag-EQ01185105,MSBNK-Eawag-EQ01185105.txt,XXYMSQQCBUKFHE,XXYMSQQCBUKFHE,dev,POSITIVE,[M+H]+,75.0,R4,nce=75 not an adjudication cell (30 or 60)
MSBNK-Eawag-EQ01185106,MSBNK-Eawag-EQ01185106.txt,XXYMSQQCBUKFHE,XXYMSQQCBUKFHE,dev,POSITIVE,[M+H]+,90.0,R4,nce=90 not an adjudication cell (30 or 60)
MSBNK-Eawag-EQ01185107,MSBNK-Eawag-EQ01185107.txt,XXYMSQQCBUKFHE,XXYMSQQCBUKFHE,dev,POSITIVE,[M+H]+,120.0,R4,nce=120 not an adjudication cell (30 or 60)
MSBNK-Eawag-EQ01185108,MSBNK-Eawag-EQ01185108.txt,XXYMSQQCBUKFHE,XXYMSQQCBUKFHE,dev,POSITIVE,[M+H]+,150.0,R4,nce=150 not an adjudication cell (30 or 60)
MSBNK-Eawag-EQ01185109,MSBNK-Eawag-EQ01185109.txt,XXYMSQQCBUKFHE,XXYMSQQCBUKFHE,dev,POSITIVE,[M+H]+,180.0,R4,nce=180 not an adjudication cell (30 or 60)
MSBNK-Eawag-EQ01185151,MSBNK-Eawag-EQ01185151.txt,XXYMSQQCBUKFHE,XXYMSQQCBUKFHE,dev,NEGATIVE,[M-H]-,15.0,R1,ion_mode=NEGATIVE precursor_type=[M-H]-
MSBNK-Eawag-EQ01185152,MSBNK-Eawag-EQ01185152.txt,XXYMSQQCBUKFHE,XXYMSQQCBUKFHE,dev,NEGATIVE,[M-H]-,30.0,R1,ion_mode=NEGATIVE precursor_type=[M-H]-
MSBNK-Eawag-EQ01185153,MSBNK-Eawag-EQ01185153.txt,XXYMSQQCBUKFHE,XXYMSQQCBUKFHE,dev,NEGATIVE,[M-H]-,45.0,R1,ion_mode=NEGATIVE precursor_type=[M-H]-
MSBNK-Eawag-EQ01185154,MSBNK-Eawag-EQ01185154.txt,XXYMSQQCBUKFHE,XXYMSQQCBUKFHE,dev,NEGATIVE,[M-H]-,60.0,R1,ion_mode=NEGATIVE precursor_type=[M-H]-
MSBNK-Eawag-EQ01185155,MSBNK-Eawag-EQ01185155.txt,XXYMSQQCBUKFHE,XXYMSQQCBUKFHE,dev,NEGATIVE,[M-H]-,75.0,R1,ion_mode=NEGATIVE precursor_type=[M-H]-
MSBNK-Eawag-EQ01185251,MSBNK-Eawag-EQ01185251.txt,OXNIZHLAWKMVMX,OXNIZHLAWKMVMX,dev,NEGATIVE,[M-H]-,15.0,R1,ion_mode=NEGATIVE precursor_type=[M-H]-
MSBNK-Eawag-EQ01185252,MSBNK-Eawag-EQ01185252.txt,OXNIZHLAWKMVMX,OXNIZHLAWKMVMX,dev,NEGATIVE,[M-H]-,30.0,R1,ion_mode=NEGATIVE precursor_type=[M-H]-
MSBNK-Eawag-EQ01185253,MSBNK-Eawag-EQ01185253.txt,OXNIZHLAWKMVMX,OXNIZHLAWKMVMX,dev,NEGATIVE,[M-H]-,45.0,R1,ion_mode=NEGATIVE precursor_type=[M-H]-
MSBNK-Eawag-EQ01185254,MSBNK-Eawag-EQ01185254.txt,OXNIZHLAWKMVMX,OXNIZHLAWKMVMX,dev,NEGATIVE,[M-H]-,60.0,R1,ion_mode=NEGATIVE precursor_type=[M-H]-
MSBNK-Eawag-EQ01185255,MSBNK-Eawag-EQ01185255.txt,OXNIZHLAWKMVMX,OXNIZHLAWKMVMX,dev,NEGATIVE,[M-H]-,75.0,R1,ion_mode=NEGATIVE precursor_type=[M-H]-
MSBNK-Eawag-EQ01185256,MSBNK-Eawag-EQ01185256.txt,OXNIZHLAWKMVMX,OXNIZHLAWKMVMX,dev,NEGATIVE,[M-H]-,90.0,R1,ion_mode=NEGATIVE precursor_type=[M-H]-
MSBNK-Eawag-EQ01185257,MSBNK-Eawag-EQ01185257.txt,OXNIZHLAWKMVMX,OXNIZHLAWKMVMX,dev,NEGATIVE,[M-H]-,120.0,R1,ion_mode=NEGATIVE precursor_type=[M-H]-
MSBNK-Eawag-EQ01185258,MSBNK-Eawag-EQ01185258.txt,OXNIZHLAWKMVMX,OXNIZHLAWKMVMX,dev,NEGATIVE,[M-H]-,150.0,R1,ion_mode=NEGATIVE precursor_type=[M-H]-
MSBNK-Eawag-EQ01185259,MSBNK-Eawag-EQ01185259.txt,OXNIZHLAWKMVMX,OXNIZHLAWKMVMX,dev,NEGATIVE,[M-H]-,180.0,R1,ion_mode=NEGATIVE precursor_type=[M-H]-
MSBNK-Eawag-EQ01185351,MSBNK-Eawag-EQ01185351.txt,QXYMVUZOGFVPGH,QXYMVUZOGFVPGH,dev,NEGATIVE,[M-H]-,15.0,R1,ion_mode=NEGATIVE precursor_type=[M-H]-
MSBNK-Eawag-EQ01185352,MSBNK-Eawag-EQ01185352.txt,QXYMVUZOGFVPGH,QXYMVUZOGFVPGH,dev,NEGATIVE,[M-H]-,30.0,R1,ion_mode=NEGATIVE precursor_type=[M-H]-
MSBNK-Eawag-EQ01185353,MSBNK-Eawag-EQ01185353.txt,QXYMVUZOGFVPGH,QXYMVUZOGFVPGH,dev,NEGATIVE,[M-H]-,45.0,R1,ion_mode=NEGATIVE precursor_type=[M-H]-
MSBNK-Eawag-EQ01185354,MSBNK-Eawag-EQ01185354.txt,QXYMVUZOGFVPGH,QXYMVUZOGFVPGH,dev,NEGATIVE,[M-H]-,60.0,R1,ion_mode=NEGATIVE precursor_type=[M-H]-
MSBNK-Eawag-EQ01185355,MSBNK-Eawag-EQ01185355.txt,QXYMVUZOGFVPGH,QXYMVUZOGFVPGH,dev,NEGATIVE,[M-H]-,75.0,R1,ion_mode=NEGATIVE precursor_type=[M-H]-
MSBNK-Eawag-EQ01185356,MSBNK-Eawag-EQ01185356.txt,QXYMVUZOGFVPGH,QXYMVUZOGFVPGH,dev,NEGATIVE,[M-H]-,90.0,R1,ion_mode=NEGATIVE precursor_type=[M-H]-
MSBNK-Eawag-EQ01185357,MSBNK-Eawag-EQ01185357.txt,QXYMVUZOGFVPGH,QXYMVUZOGFVPGH,dev,NEGATIVE,[M-H]-,120.0,R1,ion_mode=NEGATIVE precursor_type=[M-H]-
MSBNK-Eawag-EQ01185358,MSBNK-Eawag-EQ01185358.txt,QXYMVUZOGFVPGH,QXYMVUZOGFVPGH,dev,NEGATIVE,[M-H]-,150.0,R1,ion_mode=NEGATIVE precursor_type=[M-H]-
MSBNK-Eawag-EQ01185359,MSBNK-Eawag-EQ01185359.txt,QXYMVUZOGFVPGH,QXYMVUZOGFVPGH,dev,NEGATIVE,[M-H]-,180.0,R1,ion_mode=NEGATIVE precursor_type=[M-H]-
MSBNK-Eawag-EQ01185851,MSBNK-Eawag-EQ01185851.txt,TZRXHJWUDPFEEY,TZRXHJWUDPFEEY,dev,NEGATIVE,[M-H]-,15.0,R1,ion_mode=NEGATIVE precursor_type=[M-H]-
MSBNK-Eawag-EQ01185852,MSBNK-Eawag-EQ01185852.txt,TZRXHJWUDPFEEY,TZRXHJWUDPFEEY,dev,NEGATIVE,[M-H]-,30.0,R1,ion_mode=NEGATIVE precursor_type=[M-H]-
MSBNK-Eawag-EQ01185853,MSBNK-Eawag-EQ01185853.txt,TZRXHJWUDPFEEY,TZRXHJWUDPFEEY,dev,NEGATIVE,[M-H]-,45.0,R1,ion_mode=NEGATIVE precursor_type=[M-H]-
MSBNK-Eawag-EQ01185854,MSBNK-Eawag-EQ01185854.txt,TZRXHJWUDPFEEY,TZRXHJWUDPFEEY,dev,NEGATIVE,[M-H]-,60.0,R1,ion_mode=NEGATIVE precursor_type=[M-H]-
MSBNK-Eawag-EQ01185855,MSBNK-Eawag-EQ01185855.txt,TZRXHJWUDPFEEY,TZRXHJWUDPFEEY,dev,NEGATIVE,[M-H]-,75.0,R1,ion_mode=NEGATIVE precursor_type=[M-H]-
MSBNK-Eawag-EQ01185856,MSBNK-Eawag-EQ01185856.txt,TZRXHJWUDPFEEY,TZRXHJWUDPFEEY,dev,NEGATIVE,[M-H]-,90.0,R1,ion_mode=NEGATIVE precursor_type=[M-H]-
MSBNK-Eawag-EQ01185857,MSBNK-Eawag-EQ01185857.txt,TZRXHJWUDPFEEY,TZRXHJWUDPFEEY,dev,NEGATIVE,[M-H]-,120.0,R1,ion_mode=NEGATIVE precursor_type=[M-H]-
MSBNK-Eawag-EQ01185858,MSBNK-Eawag-EQ01185858.txt,TZRXHJWUDPFEEY,TZRXHJWUDPFEEY,dev,NEGATIVE,[M-H]-,150.0,R1,ion_mode=NEGATIVE precursor_type=[M-H]-
MSBNK-Eawag-EQ01185859,MSBNK-Eawag-EQ01185859.txt,TZRXHJWUDPFEEY,TZRXHJWUDPFEEY,dev,NEGATIVE,[M-H]-,180.0,R1,ion_mode=NEGATIVE precursor_type=[M-H]-
MSBNK-Eawag-EQ01185951,MSBNK-Eawag-EQ01185951.txt,UZGLIIJVICEWHF,UZGLIIJVICEWHF,dev,NEGATIVE,[M-H]-,15.0,R1,ion_mode=NEGATIVE precursor_type=[M-H]-
MSBNK-Eawag-EQ01185952,MSBNK-Eawag-EQ01185952.txt,UZGLIIJVICEWHF,UZGLIIJVICEWHF,dev,NEGATIVE,[M-H]-,30.0,R1,ion_mode=NEGATIVE precursor_type=[M-H]-
MSBNK-Eawag-EQ01185953,MSBNK-Eawag-EQ01185953.txt,UZGLIIJVICEWHF,UZGLIIJVICEWHF,dev,NEGATIVE,[M-H]-,45.0,R1,ion_mode=NEGATIVE precursor_type=[M-H]-
MSBNK-Eawag-EQ01185954,MSBNK-Eawag-EQ01185954.txt,UZGLIIJVICEWHF,UZGLIIJVICEWHF,dev,NEGATIVE,[M-H]-,60.0,R1,ion_mode=NEGATIVE precursor_type=[M-H]-
MSBNK-Eawag-EQ01186051,MSBNK-Eawag-EQ01186051.txt,AGUIVNYEYSCPNI,AGUIVNYEYSCPNI,dev,NEGATIVE,[M-H]-,15.0,R1,ion_mode=NEGATIVE precursor_type=[M-H]-
MSBNK-Eawag-EQ01186052,MSBNK-Eawag-EQ01186052.txt,AGUIVNYEYSCPNI,AGUIVNYEYSCPNI,dev,NEGATIVE,[M-H]-,30.0,R1,ion_mode=NEGATIVE precursor_type=[M-H]-
MSBNK-Eawag-EQ01186053,MSBNK-Eawag-EQ01186053.txt,AGUIVNYEYSCPNI,AGUIVNYEYSCPNI,dev,NEGATIVE,[M-H]-,45.0,R1,ion_mode=NEGATIVE precursor_type=[M-H]-
MSBNK-Eawag-EQ01186054,MSBNK-Eawag-EQ01186054.txt,AGUIVNYEYSCPNI,AGUIVNYEYSCPNI,dev,NEGATIVE,[M-H]-,60.0,R1,ion_mode=NEGATIVE precursor_type=[M-H]-
MSBNK-Eawag-EQ01186055,MSBNK-Eawag-EQ01186055.txt,AGUIVNYEYSCPNI,AGUIVNYEYSCPNI,dev,NEGATIVE,[M-H]-,75.0,R1,ion_mode=NEGATIVE precursor_type=[M-H]-
MSBNK-Eawag-EQ01186056,MSBNK-Eawag-EQ01186056.txt,AGUIVNYEYSCPNI,AGUIVNYEYSCPNI,dev,NEGATIVE,[M-H]-,90.0,R1,ion_mode=NEGATIVE precursor_type=[M-H]-
MSBNK-Eawag-EQ01186057,MSBNK-Eawag-EQ01186057.txt,AGUIVNYEYSCPNI,AGUIVNYEYSCPNI,dev,NEGATIVE,[M-H]-,120.0,R1,ion_mode=NEGATIVE precursor_type=[M-H]-
MSBNK-Eawag-EQ01186058,MSBNK-Eawag-EQ01186058.txt,AGUIVNYEYSCPNI,AGUIVNYEYSCPNI,dev,NEGATIVE,[M-H]-,150.0,R1,ion_mode=NEGATIVE precursor_type=[M-H]-
MSBNK-Eawag-EQ01188001,MSBNK-Eawag-EQ01188001.txt,NUWWAHKTVOVTNC,NUWWAHKTVOVTNC,dev,POSITIVE,[M+H]+,15.0,R4,nce=15 not an adjudication cell (30 or 60)
MSBNK-Eawag-EQ01188002,MSBNK-Eawag-EQ01188002.txt,NUWWAHKTVOVTNC,NUWWAHKTVOVTNC,dev,POSITIVE,[M+H]+,30.0,R5,"first_ref=dev not a tagged release ['2024.06', '2024.11', '2025.10']"
MSBNK-Eawag-EQ01188003,MSBNK-Eawag-EQ01188003.txt,NUWWAHKTVOVTNC,NUWWAHKTVOVTNC,dev,POSITIVE,[M+H]+,45.0,R4,nce=45 not an adjudication cell (30 or 60)
MSBNK-Eawag-EQ01188004,MSBNK-Eawag-EQ01188004.txt,NUWWAHKTVOVTNC,NUWWAHKTVOVTNC,dev,POSITIVE,[M+H]+,60.0,R5,"first_ref=dev not a tagged release ['2024.06', '2024.11', '2025.10']"
MSBNK-Eawag-EQ01188005,MSBNK-Eawag-EQ01188005.txt,NUWWAHKTVOVTNC,NUWWAHKTVOVTNC,dev,POSITIVE,[M+H]+,75.0,R4,nce=75 not an adjudication cell (30 or 60)
MSBNK-Eawag-EQ01188006,MSBNK-Eawag-EQ01188006.txt,NUWWAHKTVOVTNC,NUWWAHKTVOVTNC,dev,POSITIVE,[M+H]+,90.0,R4,nce=90 not an adjudication cell (30 or 60)
MSBNK-Eawag-EQ01188007,MSBNK-Eawag-EQ01188007.txt,NUWWAHKTVOVTNC,NUWWAHKTVOVTNC,dev,POSITIVE,[M+H]+,120.0,R4,nce=120 not an adjudication cell (30 or 60)
MSBNK-Eawag-EQ01188008,MSBNK-Eawag-EQ01188008.txt,NUWWAHKTVOVTNC,NUWWAHKTVOVTNC,dev,POSITIVE,[M+H]+,150.0,R4,nce=150 not an adjudication cell (30 or 60)
MSBNK-Eawag-EQ01188009,MSBNK-Eawag-EQ01188009.txt,NUWWAHKTVOVTNC,NUWWAHKTVOVTNC,dev,POSITIVE,[M+H]+,180.0,R4,nce=180 not an adjudication cell (30 or 60)
MSBNK-Eawag-EQ01188101,MSBNK-Eawag-EQ01188101.txt,ZKEBQPCQWMBCSM,ZKEBQPCQWMBCSM,dev,POSITIVE,[M+H]+,15.0,R4,nce=15 not an adjudication cell (30 or 60)
MSBNK-Eawag-EQ01188102,MSBNK-Eawag-EQ01188102.txt,ZKEBQPCQWMBCSM,ZKEBQPCQWMBCSM,dev,POSITIVE,[M+H]+,30.0,R5,"first_ref=dev not a tagged release ['2024.06', '2024.11', '2025.10']"
MSBNK-Eawag-EQ01188103,MSBNK-Eawag-EQ01188103.txt,ZKEBQPCQWMBCSM,ZKEBQPCQWMBCSM,dev,POSITIVE,[M+H]+,45.0,R4,nce=45 not an adjudication cell (30 or 60)
MSBNK-Eawag-EQ01188104,MSBNK-Eawag-EQ01188104.txt,ZKEBQPCQWMBCSM,ZKEBQPCQWMBCSM,dev,POSITIVE,[M+H]+,60.0,R5,"first_ref=dev not a tagged release ['2024.06', '2024.11', '2025.10']"
MSBNK-Eawag-EQ01188105,MSBNK-Eawag-EQ01188105.txt,ZKEBQPCQWMBCSM,ZKEBQPCQWMBCSM,dev,POSITIVE,[M+H]+,75.0,R4,nce=75 not an adjudication cell (30 or 60)
MSBNK-Eawag-EQ01188106,MSBNK-Eawag-EQ01188106.txt,ZKEBQPCQWMBCSM,ZKEBQPCQWMBCSM,dev,POSITIVE,[M+H]+,90.0,R4,nce=90 not an adjudication cell (30 or 60)
MSBNK-Eawag-EQ01188107,MSBNK-Eawag-EQ01188107.txt,ZKEBQPCQWMBCSM,ZKEBQPCQWMBCSM,dev,POSITIVE,[M+H]+,120.0,R4,nce=120 not an adjudication cell (30 or 60)
MSBNK-Eawag-EQ01188108,MSBNK-Eawag-EQ01188108.txt,ZKEBQPCQWMBCSM,ZKEBQPCQWMBCSM,dev,POSITIVE,[M+H]+,150.0,R4,nce=150 not an adjudication cell (30 or 60)
MSBNK-Eawag-EQ01188109,MSBNK-Eawag-EQ01188109.txt,ZKEBQPCQWMBCSM,ZKEBQPCQWMBCSM,dev,POSITIVE,[M+H]+,180.0,R4,nce=180 not an adjudication cell (30 or 60)
MSBNK-Eawag-EQ01188151,MSBNK-Eawag-EQ01188151.txt,ZKEBQPCQWMBCSM,ZKEBQPCQWMBCSM,dev,NEGATIVE,[M-H]-,15.0,R1,ion_mode=NEGATIVE precursor_type=[M-H]-
MSBNK-Eawag-EQ01188152,MSBNK-Eawag-EQ01188152.txt,ZKEBQPCQWMBCSM,ZKEBQPCQWMBCSM,dev,NEGATIVE,[M-H]-,30.0,R1,ion_mode=NEGATIVE precursor_type=[M-H]-
MSBNK-Eawag-EQ01188153,MSBNK-Eawag-EQ01188153.txt,ZKEBQPCQWMBCSM,ZKEBQPCQWMBCSM,dev,NEGATIVE,[M-H]-,45.0,R1,ion_mode=NEGATIVE precursor_type=[M-H]-
MSBNK-Eawag-EQ01188154,MSBNK-Eawag-EQ01188154.txt,ZKEBQPCQWMBCSM,ZKEBQPCQWMBCSM,dev,NEGATIVE,[M-H]-,60.0,R1,ion_mode=NEGATIVE precursor_type=[M-H]-
MSBNK-Eawag-EQ01188155,MSBNK-Eawag-EQ01188155.txt,ZKEBQPCQWMBCSM,ZKEBQPCQWMBCSM,dev,NEGATIVE,[M-H]-,75.0,R1,ion_mode=NEGATIVE precursor_type=[M-H]-
MSBNK-Eawag-EQ01188156,MSBNK-Eawag-EQ01188156.txt,ZKEBQPCQWMBCSM,ZKEBQPCQWMBCSM,dev,NEGATIVE,[M-H]-,90.0,R1,ion_mode=NEGATIVE precursor_type=[M-H]-
MSBNK-Eawag-EQ01188157,MSBNK-Eawag-EQ01188157.txt,ZKEBQPCQWMBCSM,ZKEBQPCQWMBCSM,dev,NEGATIVE,[M-H]-,120.0,R1,ion_mode=NEGATIVE precursor_type=[M-H]-
MSBNK-Eawag-EQ01188158,MSBNK-Eawag-EQ01188158.txt,ZKEBQPCQWMBCSM,ZKEBQPCQWMBCSM,dev,NEGATIVE,[M-H]-,150.0,R1,ion_mode=NEGATIVE precursor_type=[M-H]-
MSBNK-Eawag-EQ01188159,MSBNK-Eawag-EQ01188159.txt,ZKEBQPCQWMBCSM,ZKEBQPCQWMBCSM,dev,NEGATIVE,[M-H]-,180.0,R1,ion_mode=NEGATIVE precursor_type=[M-H]-
MSBNK-Eawag-EQ01190001,MSBNK-Eawag-EQ01190001.txt,DYSDOYRQWBDGQQ,DYSDOYRQWBDGQQ,2025.10,POSITIVE,[M+H]+,15.0,R4,nce=15 not an adjudication cell (30 or 60)
MSBNK-Eawag-EQ01190002,MSBNK-Eawag-EQ01190002.txt,DYSDOYRQWBDGQQ,DYSDOYRQWBDGQQ,2025.10,POSITIVE,[M+H]+,30.0,R8,R8a: compound key in MassSpecGym 1.5 by the recorded InChIKey route
MSBNK-Eawag-EQ01190003,MSBNK-Eawag-EQ01190003.txt,DYSDOYRQWBDGQQ,DYSDOYRQWBDGQQ,2025.10,POSITIVE,[M+H]+,45.0,R4,nce=45 not an adjudication cell (30 or 60)
MSBNK-Eawag-EQ01190004,MSBNK-Eawag-EQ01190004.txt,DYSDOYRQWBDGQQ,DYSDOYRQWBDGQQ,2025.10,POSITIVE,[M+H]+,60.0,R8,R8a: compound key in MassSpecGym 1.5 by the recorded InChIKey route
MSBNK-Eawag-EQ01190005,MSBNK-Eawag-EQ01190005.txt,DYSDOYRQWBDGQQ,DYSDOYRQWBDGQQ,2025.10,POSITIVE,[M+H]+,75.0,R4,nce=75 not an adjudication cell (30 or 60)
MSBNK-Eawag-EQ01190006,MSBNK-Eawag-EQ01190006.txt,DYSDOYRQWBDGQQ,DYSDOYRQWBDGQQ,2025.10,POSITIVE,[M+H]+,90.0,R4,nce=90 not an adjudication cell (30 or 60)
MSBNK-Eawag-EQ01190007,MSBNK-Eawag-EQ01190007.txt,DYSDOYRQWBDGQQ,DYSDOYRQWBDGQQ,2025.10,POSITIVE,[M+H]+,120.0,R4,nce=120 not an adjudication cell (30 or 60)
MSBNK-Eawag-EQ01190008,MSBNK-Eawag-EQ01190008.txt,DYSDOYRQWBDGQQ,DYSDOYRQWBDGQQ,2025.10,POSITIVE,[M+H]+,150.0,R4,nce=150 not an adjudication cell (30 or 60)
MSBNK-Eawag-EQ01190009,MSBNK-Eawag-EQ01190009.txt,DYSDOYRQWBDGQQ,DYSDOYRQWBDGQQ,2025.10,POSITIVE,[M+H]+,180.0,R4,nce=180 not an adjudication cell (30 or 60)
MSBNK-Eawag-EQ01190101,MSBNK-Eawag-EQ01190101.txt,OLXZPDWKRNYJJZ,OLXZPDWKRNYJJZ,2025.10,POSITIVE,[M+H]+,15.0,R4,nce=15 not an adjudication cell (30 or 60)
MSBNK-Eawag-EQ01190102,MSBNK-Eawag-EQ01190102.txt,OLXZPDWKRNYJJZ,OLXZPDWKRNYJJZ,2025.10,POSITIVE,[M+H]+,30.0,R8,R8a: compound key in MassSpecGym 1.5 by the recorded InChIKey route
MSBNK-Eawag-EQ01190103,MSBNK-Eawag-EQ01190103.txt,OLXZPDWKRNYJJZ,OLXZPDWKRNYJJZ,2025.10,POSITIVE,[M+H]+,45.0,R4,nce=45 not an adjudication cell (30 or 60)
MSBNK-Eawag-EQ01190104,MSBNK-Eawag-EQ01190104.txt,OLXZPDWKRNYJJZ,OLXZPDWKRNYJJZ,2025.10,POSITIVE,[M+H]+,60.0,R8,R8a: compound key in MassSpecGym 1.5 by the recorded InChIKey route
MSBNK-Eawag-EQ01190105,MSBNK-Eawag-EQ01190105.txt,OLXZPDWKRNYJJZ,OLXZPDWKRNYJJZ,2025.10,POSITIVE,[M+H]+,75.0,R4,nce=75 not an adjudication cell (30 or 60)
MSBNK-Eawag-EQ01190106,MSBNK-Eawag-EQ01190106.txt,OLXZPDWKRNYJJZ,OLXZPDWKRNYJJZ,2025.10,POSITIVE,[M+H]+,90.0,R4,nce=90 not an adjudication cell (30 or 60)
MSBNK-Eawag-EQ01190107,MSBNK-Eawag-EQ01190107.txt,OLXZPDWKRNYJJZ,OLXZPDWKRNYJJZ,2025.10,POSITIVE,[M+H]+,120.0,R4,nce=120 not an adjudication cell (30 or 60)
MSBNK-Eawag-EQ01190108,MSBNK-Eawag-EQ01190108.txt,OLXZPDWKRNYJJZ,OLXZPDWKRNYJJZ,2025.10,POSITIVE,[M+H]+,150.0,R4,nce=150 not an adjudication cell (30 or 60)
MSBNK-Eawag-EQ01190109,MSBNK-Eawag-EQ01190109.txt,OLXZPDWKRNYJJZ,OLXZPDWKRNYJJZ,2025.10,POSITIVE,[M+H]+,180.0,R4,nce=180 not an adjudication cell (30 or 60)
MSBNK-Eawag-EQ01190401,MSBNK-Eawag-EQ01190401.txt,YKBGVTZYEHREMT,YKBGVTZYEHREMT,2025.10,POSITIVE,[M+H]+,15.0,R4,nce=15 not an adjudication cell (30 or 60)
MSBNK-Eawag-EQ01190402,MSBNK-Eawag-EQ01190402.txt,YKBGVTZYEHREMT,YKBGVTZYEHREMT,2025.10,POSITIVE,[M+H]+,30.0,R8,R8a: compound key in MassSpecGym 1.5 by the recorded InChIKey route
MSBNK-Eawag-EQ01190403,MSBNK-Eawag-EQ01190403.txt,YKBGVTZYEHREMT,YKBGVTZYEHREMT,2025.10,POSITIVE,[M+H]+,45.0,R4,nce=45 not an adjudication cell (30 or 60)
MSBNK-Eawag-EQ01190404,MSBNK-Eawag-EQ01190404.txt,YKBGVTZYEHREMT,YKBGVTZYEHREMT,2025.10,POSITIVE,[M+H]+,60.0,R8,R8a: compound key in MassSpecGym 1.5 by the recorded InChIKey route
MSBNK-Eawag-EQ01190405,MSBNK-Eawag-EQ01190405.txt,YKBGVTZYEHREMT,YKBGVTZYEHREMT,2025.10,POSITIVE,[M+H]+,75.0,R4,nce=75 not an adjudication cell (30 or 60)
MSBNK-Eawag-EQ01190406,MSBNK-Eawag-EQ01190406.txt,YKBGVTZYEHREMT,YKBGVTZYEHREMT,2025.10,POSITIVE,[M+H]+,90.0,R4,nce=90 not an adjudication cell (30 or 60)
MSBNK-Eawag-EQ01190407,MSBNK-Eawag-EQ01190407.txt,YKBGVTZYEHREMT,YKBGVTZYEHREMT,2025.10,POSITIVE,[M+H]+,120.0,R4,nce=120 not an adjudication cell (30 or 60)
MSBNK-Eawag-EQ01190408,MSBNK-Eawag-EQ01190408.txt,YKBGVTZYEHREMT,YKBGVTZYEHREMT,2025.10,POSITIVE,[M+H]+,150.0,R4,nce=150 not an adjudication cell (30 or 60)
MSBNK-Eawag-EQ01190409,MSBNK-Eawag-EQ01190409.txt,YKBGVTZYEHREMT,YKBGVTZYEHREMT,2025.10,POSITIVE,[M+H]+,180.0,R4,nce=180 not an adjudication cell (30 or 60)
MSBNK-Eawag-EQ01190451,MSBNK-Eawag-EQ01190451.txt,YKBGVTZYEHREMT,YKBGVTZYEHREMT,2025.10,NEGATIVE,[M-H]-,15.0,R1,ion_mode=NEGATIVE precursor_type=[M-H]-
MSBNK-Eawag-EQ01190452,MSBNK-Eawag-EQ01190452.txt,YKBGVTZYEHREMT,YKBGVTZYEHREMT,2025.10,NEGATIVE,[M-H]-,30.0,R1,ion_mode=NEGATIVE precursor_type=[M-H]-
MSBNK-Eawag-EQ01190453,MSBNK-Eawag-EQ01190453.txt,YKBGVTZYEHREMT,YKBGVTZYEHREMT,2025.10,NEGATIVE,[M-H]-,45.0,R1,ion_mode=NEGATIVE precursor_type=[M-H]-
MSBNK-Eawag-EQ01190454,MSBNK-Eawag-EQ01190454.txt,YKBGVTZYEHREMT,YKBGVTZYEHREMT,2025.10,NEGATIVE,[M-H]-,60.0,R1,ion_mode=NEGATIVE precursor_type=[M-H]-
MSBNK-Eawag-EQ01190455,MSBNK-Eawag-EQ01190455.txt,YKBGVTZYEHREMT,YKBGVTZYEHREMT,2025.10,NEGATIVE,[M-H]-,75.0,R1,ion_mode=NEGATIVE precursor_type=[M-H]-
MSBNK-Eawag-EQ01190456,MSBNK-Eawag-EQ01190456.txt,YKBGVTZYEHREMT,YKBGVTZYEHREMT,2025.10,NEGATIVE,[M-H]-,90.0,R1,ion_mode=NEGATIVE precursor_type=[M-H]-
MSBNK-Eawag-EQ01190457,MSBNK-Eawag-EQ01190457.txt,YKBGVTZYEHREMT,YKBGVTZYEHREMT,2025.10,NEGATIVE,[M-H]-,120.0,R1,ion_mode=NEGATIVE precursor_type=[M-H]-
MSBNK-Eawag-EQ01190458,MSBNK-Eawag-EQ01190458.txt,YKBGVTZYEHREMT,YKBGVTZYEHREMT,2025.10,NEGATIVE,[M-H]-,150.0,R1,ion_mode=NEGATIVE precursor_type=[M-H]-
MSBNK-Eawag-EQ01190459,MSBNK-Eawag-EQ01190459.txt,YKBGVTZYEHREMT,YKBGVTZYEHREMT,2025.10,NEGATIVE,[M-H]-,180.0,R1,ion_mode=NEGATIVE precursor_type=[M-H]-
MSBNK-Eawag-EQ01190601,MSBNK-Eawag-EQ01190601.txt,LUCHPKXVUGJYGU,LUCHPKXVUGJYGU,2025.10,POSITIVE,[M+H]+,15.0,R4,nce=15 not an adjudication cell (30 or 60)
MSBNK-Eawag-EQ01190602,MSBNK-Eawag-EQ01190602.txt,LUCHPKXVUGJYGU,LUCHPKXVUGJYGU,2025.10,POSITIVE,[M+H]+,30.0,R8,R8a: compound key in MassSpecGym 1.5 by the recorded InChIKey route
MSBNK-Eawag-EQ01190603,MSBNK-Eawag-EQ01190603.txt,LUCHPKXVUGJYGU,LUCHPKXVUGJYGU,2025.10,POSITIVE,[M+H]+,45.0,R4,nce=45 not an adjudication cell (30 or 60)
MSBNK-Eawag-EQ01190604,MSBNK-Eawag-EQ01190604.txt,LUCHPKXVUGJYGU,LUCHPKXVUGJYGU,2025.10,POSITIVE,[M+H]+,60.0,R8,R8a: compound key in MassSpecGym 1.5 by the recorded InChIKey route
MSBNK-Eawag-EQ01190605,MSBNK-Eawag-EQ01190605.txt,LUCHPKXVUGJYGU,LUCHPKXVUGJYGU,2025.10,POSITIVE,[M+H]+,75.0,R4,nce=75 not an adjudication cell (30 or 60)
MSBNK-Eawag-EQ01190606,MSBNK-Eawag-EQ01190606.txt,LUCHPKXVUGJYGU,LUCHPKXVUGJYGU,2025.10,POSITIVE,[M+H]+,90.0,R4,nce=90 not an adjudication cell (30 or 60)
MSBNK-Eawag-EQ01190607,MSBNK-Eawag-EQ01190607.txt,LUCHPKXVUGJYGU,LUCHPKXVUGJYGU,2025.10,POSITIVE,[M+H]+,120.0,R4,nce=120 not an adjudication cell (30 or 60)
MSBNK-Eawag-EQ01190608,MSBNK-Eawag-EQ01190608.txt,LUCHPKXVUGJYGU,LUCHPKXVUGJYGU,2025.10,POSITIVE,[M+H]+,150.0,R4,nce=150 not an adjudication cell (30 or 60)
MSBNK-Eawag-EQ01190609,MSBNK-Eawag-EQ01190609.txt,LUCHPKXVUGJYGU,LUCHPKXVUGJYGU,2025.10,POSITIVE,[M+H]+,180.0,R4,nce=180 not an adjudication cell (30 or 60)
MSBNK-Eawag-EQ01190651,MSBNK-Eawag-EQ01190651.txt,LUCHPKXVUGJYGU,LUCHPKXVUGJYGU,2025.10,NEGATIVE,[M-H]-,15.0,R1,ion_mode=NEGATIVE precursor_type=[M-H]-
MSBNK-Eawag-EQ01190701,MSBNK-Eawag-EQ01190701.txt,YKBGVTZYEHREMT,YKBGVTZYEHREMT,2025.10,POSITIVE,[M+H]+,15.0,R4,nce=15 not an adjudication cell (30 or 60)
MSBNK-Eawag-EQ01190702,MSBNK-Eawag-EQ01190702.txt,YKBGVTZYEHREMT,YKBGVTZYEHREMT,2025.10,POSITIVE,[M+H]+,30.0,R6,abs(mh_error_da) > 0.01 Da (mh_error_da=-82.0127)
MSBNK-Eawag-EQ01190703,MSBNK-Eawag-EQ01190703.txt,YKBGVTZYEHREMT,YKBGVTZYEHREMT,2025.10,POSITIVE,[M+H]+,45.0,R4,nce=45 not an adjudication cell (30 or 60)
MSBNK-Eawag-EQ01190704,MSBNK-Eawag-EQ01190704.txt,YKBGVTZYEHREMT,YKBGVTZYEHREMT,2025.10,POSITIVE,[M+H]+,60.0,R6,abs(mh_error_da) > 0.01 Da (mh_error_da=-82.0127)
MSBNK-Eawag-EQ01190705,MSBNK-Eawag-EQ01190705.txt,YKBGVTZYEHREMT,YKBGVTZYEHREMT,2025.10,POSITIVE,[M+H]+,75.0,R4,nce=75 not an adjudication cell (30 or 60)
MSBNK-Eawag-EQ01190706,MSBNK-Eawag-EQ01190706.txt,YKBGVTZYEHREMT,YKBGVTZYEHREMT,2025.10,POSITIVE,[M+H]+,90.0,R4,nce=90 not an adjudication cell (30 or 60)
MSBNK-Eawag-EQ01190707,MSBNK-Eawag-EQ01190707.txt,YKBGVTZYEHREMT,YKBGVTZYEHREMT,2025.10,POSITIVE,[M+H]+,120.0,R4,nce=120 not an adjudication cell (30 or 60)
MSBNK-Eawag-EQ01190708,MSBNK-Eawag-EQ01190708.txt,YKBGVTZYEHREMT,YKBGVTZYEHREMT,2025.10,POSITIVE,[M+H]+,150.0,R4,nce=150 not an adjudication cell (30 or 60)
MSBNK-Eawag-EQ01190709,MSBNK-Eawag-EQ01190709.txt,YKBGVTZYEHREMT,YKBGVTZYEHREMT,2025.10,POSITIVE,[M+H]+,180.0,R4,nce=180 not an adjudication cell (30 or 60)
MSBNK-Eawag-EQ01190801,MSBNK-Eawag-EQ01190801.txt,HCILJBJJZALOAL,HCILJBJJZALOAL,2025.10,POSITIVE,[M+H]+,15.0,R4,nce=15 not an adjudication cell (30 or 60)
MSBNK-Eawag-EQ01190802,MSBNK-Eawag-EQ01190802.txt,HCILJBJJZALOAL,HCILJBJJZALOAL,2025.10,POSITIVE,[M+H]+,30.0,PASS,eligible
MSBNK-Eawag-EQ01190803,MSBNK-Eawag-EQ01190803.txt,HCILJBJJZALOAL,HCILJBJJZALOAL,2025.10,POSITIVE,[M+H]+,45.0,R4,nce=45 not an adjudication cell (30 or 60)
MSBNK-Eawag-EQ01190804,MSBNK-Eawag-EQ01190804.txt,HCILJBJJZALOAL,HCILJBJJZALOAL,2025.10,POSITIVE,[M+H]+,60.0,PASS,eligible
MSBNK-Eawag-EQ01190805,MSBNK-Eawag-EQ01190805.txt,HCILJBJJZALOAL,HCILJBJJZALOAL,2025.10,POSITIVE,[M+H]+,75.0,R4,nce=75 not an adjudication cell (30 or 60)
MSBNK-Eawag-EQ01190806,MSBNK-Eawag-EQ01190806.txt,HCILJBJJZALOAL,HCILJBJJZALOAL,2025.10,POSITIVE,[M+H]+,90.0,R4,nce=90 not an adjudication cell (30 or 60)
MSBNK-Eawag-EQ01190807,MSBNK-Eawag-EQ01190807.txt,HCILJBJJZALOAL,HCILJBJJZALOAL,2025.10,POSITIVE,[M+H]+,120.0,R4,nce=120 not an adjudication cell (30 or 60)
MSBNK-Eawag-EQ01190808,MSBNK-Eawag-EQ01190808.txt,HCILJBJJZALOAL,HCILJBJJZALOAL,2025.10,POSITIVE,[M+H]+,150.0,R4,nce=150 not an adjudication cell (30 or 60)
MSBNK-Eawag-EQ01190809,MSBNK-Eawag-EQ01190809.txt,HCILJBJJZALOAL,HCILJBJJZALOAL,2025.10,POSITIVE,[M+H]+,180.0,R4,nce=180 not an adjudication cell (30 or 60)
MSBNK-Eawag-EQ01190851,MSBNK-Eawag-EQ01190851.txt,HCILJBJJZALOAL,HCILJBJJZALOAL,2025.10,NEGATIVE,[M-H]-,15.0,R1,ion_mode=NEGATIVE precursor_type=[M-H]-
MSBNK-Eawag-EQ01190852,MSBNK-Eawag-EQ01190852.txt,HCILJBJJZALOAL,HCILJBJJZALOAL,2025.10,NEGATIVE,[M-H]-,30.0,R1,ion_mode=NEGATIVE precursor_type=[M-H]-
MSBNK-Eawag-EQ01190853,MSBNK-Eawag-EQ01190853.txt,HCILJBJJZALOAL,HCILJBJJZALOAL,2025.10,NEGATIVE,[M-H]-,45.0,R1,ion_mode=NEGATIVE precursor_type=[M-H]-
MSBNK-Eawag-EQ01190854,MSBNK-Eawag-EQ01190854.txt,HCILJBJJZALOAL,HCILJBJJZALOAL,2025.10,NEGATIVE,[M-H]-,60.0,R1,ion_mode=NEGATIVE precursor_type=[M-H]-
MSBNK-Eawag-EQ01190855,MSBNK-Eawag-EQ01190855.txt,HCILJBJJZALOAL,HCILJBJJZALOAL,2025.10,NEGATIVE,[M-H]-,75.0,R1,ion_mode=NEGATIVE precursor_type=[M-H]-
MSBNK-Eawag-EQ01190856,MSBNK-Eawag-EQ01190856.txt,HCILJBJJZALOAL,HCILJBJJZALOAL,2025.10,NEGATIVE,[M-H]-,90.0,R1,ion_mode=NEGATIVE precursor_type=[M-H]-
MSBNK-Eawag-EQ01190857,MSBNK-Eawag-EQ01190857.txt,HCILJBJJZALOAL,HCILJBJJZALOAL,2025.10,NEGATIVE,[M-H]-,120.0,R1,ion_mode=NEGATIVE precursor_type=[M-H]-
MSBNK-Eawag-EQ01190858,MSBNK-Eawag-EQ01190858.txt,HCILJBJJZALOAL,HCILJBJJZALOAL,2025.10,NEGATIVE,[M-H]-,150.0,R1,ion_mode=NEGATIVE precursor_type=[M-H]-
MSBNK-Eawag-EQ01190951,MSBNK-Eawag-EQ01190951.txt,MQWCQFCZUNBTCM,MQWCQFCZUNBTCM,2025.10,NEGATIVE,[M-H]-,15.0,R1,ion_mode=NEGATIVE precursor_type=[M-H]-
MSBNK-Eawag-EQ01190952,MSBNK-Eawag-EQ01190952.txt,MQWCQFCZUNBTCM,MQWCQFCZUNBTCM,2025.10,NEGATIVE,[M-H]-,30.0,R1,ion_mode=NEGATIVE precursor_type=[M-H]-
MSBNK-Eawag-EQ01190953,MSBNK-Eawag-EQ01190953.txt,MQWCQFCZUNBTCM,MQWCQFCZUNBTCM,2025.10,NEGATIVE,[M-H]-,45.0,R1,ion_mode=NEGATIVE precursor_type=[M-H]-
MSBNK-Eawag-EQ01190954,MSBNK-Eawag-EQ01190954.txt,MQWCQFCZUNBTCM,MQWCQFCZUNBTCM,2025.10,NEGATIVE,[M-H]-,60.0,R1,ion_mode=NEGATIVE precursor_type=[M-H]-
MSBNK-Eawag-EQ01190955,MSBNK-Eawag-EQ01190955.txt,MQWCQFCZUNBTCM,MQWCQFCZUNBTCM,2025.10,NEGATIVE,[M-H]-,75.0,R1,ion_mode=NEGATIVE precursor_type=[M-H]-
MSBNK-Eawag-EQ01190956,MSBNK-Eawag-EQ01190956.txt,MQWCQFCZUNBTCM,MQWCQFCZUNBTCM,2025.10,NEGATIVE,[M-H]-,90.0,R1,ion_mode=NEGATIVE precursor_type=[M-H]-
MSBNK-Eawag-EQ01190957,MSBNK-Eawag-EQ01190957.txt,MQWCQFCZUNBTCM,MQWCQFCZUNBTCM,2025.10,NEGATIVE,[M-H]-,120.0,R1,ion_mode=NEGATIVE precursor_type=[M-H]-
MSBNK-Eawag-EQ01190958,MSBNK-Eawag-EQ01190958.txt,MQWCQFCZUNBTCM,MQWCQFCZUNBTCM,2025.10,NEGATIVE,[M-H]-,150.0,R1,ion_mode=NEGATIVE precursor_type=[M-H]-
MSBNK-Eawag-EQ01191201,MSBNK-Eawag-EQ01191201.txt,KZNIFHPLKGYRTM,KZNIFHPLKGYRTM,2025.10,POSITIVE,[M+H]+,15.0,R4,nce=15 not an adjudication cell (30 or 60)
MSBNK-Eawag-EQ01191202,MSBNK-Eawag-EQ01191202.txt,KZNIFHPLKGYRTM,KZNIFHPLKGYRTM,2025.10,POSITIVE,[M+H]+,30.0,R8,R8a: compound key in MassSpecGym 1.5 by the recorded InChIKey route
MSBNK-Eawag-EQ01191203,MSBNK-Eawag-EQ01191203.txt,KZNIFHPLKGYRTM,KZNIFHPLKGYRTM,2025.10,POSITIVE,[M+H]+,45.0,R4,nce=45 not an adjudication cell (30 or 60)
MSBNK-Eawag-EQ01191204,MSBNK-Eawag-EQ01191204.txt,KZNIFHPLKGYRTM,KZNIFHPLKGYRTM,2025.10,POSITIVE,[M+H]+,60.0,R8,R8a: compound key in MassSpecGym 1.5 by the recorded InChIKey route
MSBNK-Eawag-EQ01191205,MSBNK-Eawag-EQ01191205.txt,KZNIFHPLKGYRTM,KZNIFHPLKGYRTM,2025.10,POSITIVE,[M+H]+,75.0,R4,nce=75 not an adjudication cell (30 or 60)
MSBNK-Eawag-EQ01191206,MSBNK-Eawag-EQ01191206.txt,KZNIFHPLKGYRTM,KZNIFHPLKGYRTM,2025.10,POSITIVE,[M+H]+,90.0,R4,nce=90 not an adjudication cell (30 or 60)
MSBNK-Eawag-EQ01191207,MSBNK-Eawag-EQ01191207.txt,KZNIFHPLKGYRTM,KZNIFHPLKGYRTM,2025.10,POSITIVE,[M+H]+,120.0,R4,nce=120 not an adjudication cell (30 or 60)
MSBNK-Eawag-EQ01191208,MSBNK-Eawag-EQ01191208.txt,KZNIFHPLKGYRTM,KZNIFHPLKGYRTM,2025.10,POSITIVE,[M+H]+,150.0,R4,nce=150 not an adjudication cell (30 or 60)
MSBNK-Eawag-EQ01191209,MSBNK-Eawag-EQ01191209.txt,KZNIFHPLKGYRTM,KZNIFHPLKGYRTM,2025.10,POSITIVE,[M+H]+,180.0,R4,nce=180 not an adjudication cell (30 or 60)
MSBNK-Eawag-EQ01191251,MSBNK-Eawag-EQ01191251.txt,KZNIFHPLKGYRTM,KZNIFHPLKGYRTM,2025.10,NEGATIVE,[M-H]-,15.0,R1,ion_mode=NEGATIVE precursor_type=[M-H]-
MSBNK-Eawag-EQ01191252,MSBNK-Eawag-EQ01191252.txt,KZNIFHPLKGYRTM,KZNIFHPLKGYRTM,2025.10,NEGATIVE,[M-H]-,30.0,R1,ion_mode=NEGATIVE precursor_type=[M-H]-
MSBNK-Eawag-EQ01191253,MSBNK-Eawag-EQ01191253.txt,KZNIFHPLKGYRTM,KZNIFHPLKGYRTM,2025.10,NEGATIVE,[M-H]-,45.0,R1,ion_mode=NEGATIVE precursor_type=[M-H]-
MSBNK-Eawag-EQ01191254,MSBNK-Eawag-EQ01191254.txt,KZNIFHPLKGYRTM,KZNIFHPLKGYRTM,2025.10,NEGATIVE,[M-H]-,60.0,R1,ion_mode=NEGATIVE precursor_type=[M-H]-
MSBNK-Eawag-EQ01191255,MSBNK-Eawag-EQ01191255.txt,KZNIFHPLKGYRTM,KZNIFHPLKGYRTM,2025.10,NEGATIVE,[M-H]-,75.0,R1,ion_mode=NEGATIVE precursor_type=[M-H]-
MSBNK-Eawag-EQ01191256,MSBNK-Eawag-EQ01191256.txt,KZNIFHPLKGYRTM,KZNIFHPLKGYRTM,2025.10,NEGATIVE,[M-H]-,90.0,R1,ion_mode=NEGATIVE precursor_type=[M-H]-
MSBNK-Eawag-EQ01191257,MSBNK-Eawag-EQ01191257.txt,KZNIFHPLKGYRTM,KZNIFHPLKGYRTM,2025.10,NEGATIVE,[M-H]-,120.0,R1,ion_mode=NEGATIVE precursor_type=[M-H]-
MSBNK-Eawag-EQ01191258,MSBNK-Eawag-EQ01191258.txt,KZNIFHPLKGYRTM,KZNIFHPLKGYRTM,2025.10,NEGATIVE,[M-H]-,150.0,R1,ion_mode=NEGATIVE precursor_type=[M-H]-
MSBNK-Eawag-EQ01191259,MSBNK-Eawag-EQ01191259.txt,KZNIFHPLKGYRTM,KZNIFHPLKGYRTM,2025.10,NEGATIVE,[M-H]-,180.0,R1,ion_mode=NEGATIVE precursor_type=[M-H]-
MSBNK-Eawag-EQ01191301,MSBNK-Eawag-EQ01191301.txt,WBEFUVAYFSOUEA,WBEFUVAYFSOUEA,2025.10,POSITIVE,[M+H]+,15.0,R4,nce=15 not an adjudication cell (30 or 60)
MSBNK-Eawag-EQ01191302,MSBNK-Eawag-EQ01191302.txt,WBEFUVAYFSOUEA,WBEFUVAYFSOUEA,2025.10,POSITIVE,[M+H]+,30.0,R8,R8d: compound in the MURU exposure registry
MSBNK-Eawag-EQ01191303,MSBNK-Eawag-EQ01191303.txt,WBEFUVAYFSOUEA,WBEFUVAYFSOUEA,2025.10,POSITIVE,[M+H]+,45.0,R4,nce=45 not an adjudication cell (30 or 60)
MSBNK-Eawag-EQ01191304,MSBNK-Eawag-EQ01191304.txt,WBEFUVAYFSOUEA,WBEFUVAYFSOUEA,2025.10,POSITIVE,[M+H]+,60.0,R8,R8d: compound in the MURU exposure registry
MSBNK-Eawag-EQ01191305,MSBNK-Eawag-EQ01191305.txt,WBEFUVAYFSOUEA,WBEFUVAYFSOUEA,2025.10,POSITIVE,[M+H]+,75.0,R4,nce=75 not an adjudication cell (30 or 60)
MSBNK-Eawag-EQ01191306,MSBNK-Eawag-EQ01191306.txt,WBEFUVAYFSOUEA,WBEFUVAYFSOUEA,2025.10,POSITIVE,[M+H]+,90.0,R4,nce=90 not an adjudication cell (30 or 60)
MSBNK-Eawag-EQ01191307,MSBNK-Eawag-EQ01191307.txt,WBEFUVAYFSOUEA,WBEFUVAYFSOUEA,2025.10,POSITIVE,[M+H]+,120.0,R4,nce=120 not an adjudication cell (30 or 60)
MSBNK-Eawag-EQ01191308,MSBNK-Eawag-EQ01191308.txt,WBEFUVAYFSOUEA,WBEFUVAYFSOUEA,2025.10,POSITIVE,[M+H]+,150.0,R4,nce=150 not an adjudication cell (30 or 60)
MSBNK-Eawag-EQ01191309,MSBNK-Eawag-EQ01191309.txt,WBEFUVAYFSOUEA,WBEFUVAYFSOUEA,2025.10,POSITIVE,[M+H]+,180.0,R4,nce=180 not an adjudication cell (30 or 60)
MSBNK-Eawag-EQ01191351,MSBNK-Eawag-EQ01191351.txt,WBEFUVAYFSOUEA,WBEFUVAYFSOUEA,2025.10,NEGATIVE,[M-H]-,15.0,R1,ion_mode=NEGATIVE precursor_type=[M-H]-
MSBNK-Eawag-EQ01191352,MSBNK-Eawag-EQ01191352.txt,WBEFUVAYFSOUEA,WBEFUVAYFSOUEA,2025.10,NEGATIVE,[M-H]-,30.0,R1,ion_mode=NEGATIVE precursor_type=[M-H]-
MSBNK-Eawag-EQ01191353,MSBNK-Eawag-EQ01191353.txt,WBEFUVAYFSOUEA,WBEFUVAYFSOUEA,2025.10,NEGATIVE,[M-H]-,45.0,R1,ion_mode=NEGATIVE precursor_type=[M-H]-
MSBNK-Eawag-EQ01191354,MSBNK-Eawag-EQ01191354.txt,WBEFUVAYFSOUEA,WBEFUVAYFSOUEA,2025.10,NEGATIVE,[M-H]-,60.0,R1,ion_mode=NEGATIVE precursor_type=[M-H]-
MSBNK-Eawag-EQ01191355,MSBNK-Eawag-EQ01191355.txt,WBEFUVAYFSOUEA,WBEFUVAYFSOUEA,2025.10,NEGATIVE,[M-H]-,75.0,R1,ion_mode=NEGATIVE precursor_type=[M-H]-
MSBNK-Eawag-EQ01191356,MSBNK-Eawag-EQ01191356.txt,WBEFUVAYFSOUEA,WBEFUVAYFSOUEA,2025.10,NEGATIVE,[M-H]-,90.0,R1,ion_mode=NEGATIVE precursor_type=[M-H]-
MSBNK-Eawag-EQ01191357,MSBNK-Eawag-EQ01191357.txt,WBEFUVAYFSOUEA,WBEFUVAYFSOUEA,2025.10,NEGATIVE,[M-H]-,120.0,R1,ion_mode=NEGATIVE precursor_type=[M-H]-
MSBNK-Eawag-EQ01191358,MSBNK-Eawag-EQ01191358.txt,WBEFUVAYFSOUEA,WBEFUVAYFSOUEA,2025.10,NEGATIVE,[M-H]-,150.0,R1,ion_mode=NEGATIVE precursor_type=[M-H]-
MSBNK-Eawag-EQ01191359,MSBNK-Eawag-EQ01191359.txt,WBEFUVAYFSOUEA,WBEFUVAYFSOUEA,2025.10,NEGATIVE,[M-H]-,180.0,R1,ion_mode=NEGATIVE precursor_type=[M-H]-
MSBNK-Eawag-EQ01191501,MSBNK-Eawag-EQ01191501.txt,DOZRDZLFLOODMB,DOZRDZLFLOODMB,2025.10,POSITIVE,[M+H]+,15.0,R4,nce=15 not an adjudication cell (30 or 60)
MSBNK-Eawag-EQ01191502,MSBNK-Eawag-EQ01191502.txt,DOZRDZLFLOODMB,DOZRDZLFLOODMB,2025.10,POSITIVE,[M+H]+,30.0,R8,R8a: compound key in MassSpecGym 1.5 by the recorded InChIKey route
MSBNK-Eawag-EQ01191503,MSBNK-Eawag-EQ01191503.txt,DOZRDZLFLOODMB,DOZRDZLFLOODMB,2025.10,POSITIVE,[M+H]+,45.0,R4,nce=45 not an adjudication cell (30 or 60)
MSBNK-Eawag-EQ01191504,MSBNK-Eawag-EQ01191504.txt,DOZRDZLFLOODMB,DOZRDZLFLOODMB,2025.10,POSITIVE,[M+H]+,60.0,R8,R8a: compound key in MassSpecGym 1.5 by the recorded InChIKey route
MSBNK-Eawag-EQ01191505,MSBNK-Eawag-EQ01191505.txt,DOZRDZLFLOODMB,DOZRDZLFLOODMB,2025.10,POSITIVE,[M+H]+,75.0,R4,nce=75 not an adjudication cell (30 or 60)
MSBNK-Eawag-EQ01191506,MSBNK-Eawag-EQ01191506.txt,DOZRDZLFLOODMB,DOZRDZLFLOODMB,2025.10,POSITIVE,[M+H]+,90.0,R4,nce=90 not an adjudication cell (30 or 60)
MSBNK-Eawag-EQ01191507,MSBNK-Eawag-EQ01191507.txt,DOZRDZLFLOODMB,DOZRDZLFLOODMB,2025.10,POSITIVE,[M+H]+,120.0,R4,nce=120 not an adjudication cell (30 or 60)
MSBNK-Eawag-EQ01191551,MSBNK-Eawag-EQ01191551.txt,DOZRDZLFLOODMB,DOZRDZLFLOODMB,2025.10,NEGATIVE,[M-H]-,15.0,R1,ion_mode=NEGATIVE precursor_type=[M-H]-
MSBNK-Eawag-EQ01191552,MSBNK-Eawag-EQ01191552.txt,DOZRDZLFLOODMB,DOZRDZLFLOODMB,2025.10,NEGATIVE,[M-H]-,30.0,R1,ion_mode=NEGATIVE precursor_type=[M-H]-
MSBNK-Eawag-EQ01191553,MSBNK-Eawag-EQ01191553.txt,DOZRDZLFLOODMB,DOZRDZLFLOODMB,2025.10,NEGATIVE,[M-H]-,45.0,R1,ion_mode=NEGATIVE precursor_type=[M-H]-
MSBNK-Eawag-EQ01191554,MSBNK-Eawag-EQ01191554.txt,DOZRDZLFLOODMB,DOZRDZLFLOODMB,2025.10,NEGATIVE,[M-H]-,60.0,R1,ion_mode=NEGATIVE precursor_type=[M-H]-
MSBNK-Eawag-EQ01191555,MSBNK-Eawag-EQ01191555.txt,DOZRDZLFLOODMB,DOZRDZLFLOODMB,2025.10,NEGATIVE,[M-H]-,75.0,R1,ion_mode=NEGATIVE precursor_type=[M-H]-
MSBNK-Eawag-EQ01191601,MSBNK-Eawag-EQ01191601.txt,YEXOWHQZWLCHHD,YEXOWHQZWLCHHD,2025.10,POSITIVE,[M+H]+,15.0,R4,nce=15 not an adjudication cell (30 or 60)
MSBNK-Eawag-EQ01191602,MSBNK-Eawag-EQ01191602.txt,YEXOWHQZWLCHHD,YEXOWHQZWLCHHD,2025.10,POSITIVE,[M+H]+,30.0,R8,R8i: scaffold group guard: group in the MURU exposure registry
MSBNK-Eawag-EQ01191603,MSBNK-Eawag-EQ01191603.txt,YEXOWHQZWLCHHD,YEXOWHQZWLCHHD,2025.10,POSITIVE,[M+H]+,45.0,R4,nce=45 not an adjudication cell (30 or 60)
MSBNK-Eawag-EQ01191604,MSBNK-Eawag-EQ01191604.txt,YEXOWHQZWLCHHD,YEXOWHQZWLCHHD,2025.10,POSITIVE,[M+H]+,60.0,R8,R8i: scaffold group guard: group in the MURU exposure registry
MSBNK-Eawag-EQ01191605,MSBNK-Eawag-EQ01191605.txt,YEXOWHQZWLCHHD,YEXOWHQZWLCHHD,2025.10,POSITIVE,[M+H]+,75.0,R4,nce=75 not an adjudication cell (30 or 60)
MSBNK-Eawag-EQ01191606,MSBNK-Eawag-EQ01191606.txt,YEXOWHQZWLCHHD,YEXOWHQZWLCHHD,2025.10,POSITIVE,[M+H]+,90.0,R4,nce=90 not an adjudication cell (30 or 60)
MSBNK-Eawag-EQ01191607,MSBNK-Eawag-EQ01191607.txt,YEXOWHQZWLCHHD,YEXOWHQZWLCHHD,2025.10,POSITIVE,[M+H]+,120.0,R4,nce=120 not an adjudication cell (30 or 60)
MSBNK-Eawag-EQ01191608,MSBNK-Eawag-EQ01191608.txt,YEXOWHQZWLCHHD,YEXOWHQZWLCHHD,2025.10,POSITIVE,[M+H]+,150.0,R4,nce=150 not an adjudication cell (30 or 60)
MSBNK-Eawag-EQ01191651,MSBNK-Eawag-EQ01191651.txt,YEXOWHQZWLCHHD,YEXOWHQZWLCHHD,2025.10,NEGATIVE,[M-H]-,15.0,R1,ion_mode=NEGATIVE precursor_type=[M-H]-
MSBNK-Eawag-EQ01191652,MSBNK-Eawag-EQ01191652.txt,YEXOWHQZWLCHHD,YEXOWHQZWLCHHD,2025.10,NEGATIVE,[M-H]-,30.0,R1,ion_mode=NEGATIVE precursor_type=[M-H]-
MSBNK-Eawag-EQ01191653,MSBNK-Eawag-EQ01191653.txt,YEXOWHQZWLCHHD,YEXOWHQZWLCHHD,2025.10,NEGATIVE,[M-H]-,45.0,R1,ion_mode=NEGATIVE precursor_type=[M-H]-
MSBNK-Eawag-EQ01191654,MSBNK-Eawag-EQ01191654.txt,YEXOWHQZWLCHHD,YEXOWHQZWLCHHD,2025.10,NEGATIVE,[M-H]-,60.0,R1,ion_mode=NEGATIVE precursor_type=[M-H]-
MSBNK-Eawag-EQ01191655,MSBNK-Eawag-EQ01191655.txt,YEXOWHQZWLCHHD,YEXOWHQZWLCHHD,2025.10,NEGATIVE,[M-H]-,75.0,R1,ion_mode=NEGATIVE precursor_type=[M-H]-
MSBNK-Eawag-EQ01191656,MSBNK-Eawag-EQ01191656.txt,YEXOWHQZWLCHHD,YEXOWHQZWLCHHD,2025.10,NEGATIVE,[M-H]-,90.0,R1,ion_mode=NEGATIVE precursor_type=[M-H]-
MSBNK-Eawag-EQ01191701,MSBNK-Eawag-EQ01191701.txt,DQBHJILNHNRDTM,DQBHJILNHNRDTM,2025.10,POSITIVE,[M+H]+,15.0,R4,nce=15 not an adjudication cell (30 or 60)
MSBNK-Eawag-EQ01191702,MSBNK-Eawag-EQ01191702.txt,DQBHJILNHNRDTM,DQBHJILNHNRDTM,2025.10,POSITIVE,[M+H]+,30.0,PASS,eligible
MSBNK-Eawag-EQ01191703,MSBNK-Eawag-EQ01191703.txt,DQBHJILNHNRDTM,DQBHJILNHNRDTM,2025.10,POSITIVE,[M+H]+,45.0,R4,nce=45 not an adjudication cell (30 or 60)
MSBNK-Eawag-EQ01191704,MSBNK-Eawag-EQ01191704.txt,DQBHJILNHNRDTM,DQBHJILNHNRDTM,2025.10,POSITIVE,[M+H]+,60.0,PASS,eligible
MSBNK-Eawag-EQ01191705,MSBNK-Eawag-EQ01191705.txt,DQBHJILNHNRDTM,DQBHJILNHNRDTM,2025.10,POSITIVE,[M+H]+,75.0,R4,nce=75 not an adjudication cell (30 or 60)
MSBNK-Eawag-EQ01191706,MSBNK-Eawag-EQ01191706.txt,DQBHJILNHNRDTM,DQBHJILNHNRDTM,2025.10,POSITIVE,[M+H]+,90.0,R4,nce=90 not an adjudication cell (30 or 60)
MSBNK-Eawag-EQ01191707,MSBNK-Eawag-EQ01191707.txt,DQBHJILNHNRDTM,DQBHJILNHNRDTM,2025.10,POSITIVE,[M+H]+,120.0,R4,nce=120 not an adjudication cell (30 or 60)
MSBNK-Eawag-EQ01191708,MSBNK-Eawag-EQ01191708.txt,DQBHJILNHNRDTM,DQBHJILNHNRDTM,2025.10,POSITIVE,[M+H]+,150.0,R4,nce=150 not an adjudication cell (30 or 60)
MSBNK-Eawag-EQ01191801,MSBNK-Eawag-EQ01191801.txt,SODJJEXAWOSSON,SODJJEXAWOSSON,2025.10,POSITIVE,[M+H]+,15.0,R4,nce=15 not an adjudication cell (30 or 60)
MSBNK-Eawag-EQ01191802,MSBNK-Eawag-EQ01191802.txt,SODJJEXAWOSSON,SODJJEXAWOSSON,2025.10,POSITIVE,[M+H]+,30.0,R8,R8a: compound key in MassSpecGym 1.5 by the recorded InChIKey route
MSBNK-Eawag-EQ01191803,MSBNK-Eawag-EQ01191803.txt,SODJJEXAWOSSON,SODJJEXAWOSSON,2025.10,POSITIVE,[M+H]+,45.0,R4,nce=45 not an adjudication cell (30 or 60)
MSBNK-Eawag-EQ01191804,MSBNK-Eawag-EQ01191804.txt,SODJJEXAWOSSON,SODJJEXAWOSSON,2025.10,POSITIVE,[M+H]+,60.0,R8,R8a: compound key in MassSpecGym 1.5 by the recorded InChIKey route
MSBNK-Eawag-EQ01191805,MSBNK-Eawag-EQ01191805.txt,SODJJEXAWOSSON,SODJJEXAWOSSON,2025.10,POSITIVE,[M+H]+,75.0,R4,nce=75 not an adjudication cell (30 or 60)
MSBNK-Eawag-EQ01191806,MSBNK-Eawag-EQ01191806.txt,SODJJEXAWOSSON,SODJJEXAWOSSON,2025.10,POSITIVE,[M+H]+,90.0,R4,nce=90 not an adjudication cell (30 or 60)
MSBNK-Eawag-EQ01191807,MSBNK-Eawag-EQ01191807.txt,SODJJEXAWOSSON,SODJJEXAWOSSON,2025.10,POSITIVE,[M+H]+,120.0,R4,nce=120 not an adjudication cell (30 or 60)
MSBNK-Eawag-EQ01191808,MSBNK-Eawag-EQ01191808.txt,SODJJEXAWOSSON,SODJJEXAWOSSON,2025.10,POSITIVE,[M+H]+,150.0,R4,nce=150 not an adjudication cell (30 or 60)
MSBNK-Eawag-EQ01191809,MSBNK-Eawag-EQ01191809.txt,SODJJEXAWOSSON,SODJJEXAWOSSON,2025.10,POSITIVE,[M+H]+,180.0,R4,nce=180 not an adjudication cell (30 or 60)
MSBNK-Eawag-EQ01191851,MSBNK-Eawag-EQ01191851.txt,SODJJEXAWOSSON,SODJJEXAWOSSON,2025.10,NEGATIVE,[M-H]-,15.0,R1,ion_mode=NEGATIVE precursor_type=[M-H]-
MSBNK-Eawag-EQ01191852,MSBNK-Eawag-EQ01191852.txt,SODJJEXAWOSSON,SODJJEXAWOSSON,2025.10,NEGATIVE,[M-H]-,30.0,R1,ion_mode=NEGATIVE precursor_type=[M-H]-
MSBNK-Eawag-EQ01191853,MSBNK-Eawag-EQ01191853.txt,SODJJEXAWOSSON,SODJJEXAWOSSON,2025.10,NEGATIVE,[M-H]-,45.0,R1,ion_mode=NEGATIVE precursor_type=[M-H]-
MSBNK-Eawag-EQ01191854,MSBNK-Eawag-EQ01191854.txt,SODJJEXAWOSSON,SODJJEXAWOSSON,2025.10,NEGATIVE,[M-H]-,60.0,R1,ion_mode=NEGATIVE precursor_type=[M-H]-
MSBNK-Eawag-EQ01191855,MSBNK-Eawag-EQ01191855.txt,SODJJEXAWOSSON,SODJJEXAWOSSON,2025.10,NEGATIVE,[M-H]-,75.0,R1,ion_mode=NEGATIVE precursor_type=[M-H]-
MSBNK-Eawag-EQ01191856,MSBNK-Eawag-EQ01191856.txt,SODJJEXAWOSSON,SODJJEXAWOSSON,2025.10,NEGATIVE,[M-H]-,90.0,R1,ion_mode=NEGATIVE precursor_type=[M-H]-
MSBNK-Eawag-EQ01191857,MSBNK-Eawag-EQ01191857.txt,SODJJEXAWOSSON,SODJJEXAWOSSON,2025.10,NEGATIVE,[M-H]-,120.0,R1,ion_mode=NEGATIVE precursor_type=[M-H]-
MSBNK-Eawag-EQ01191858,MSBNK-Eawag-EQ01191858.txt,SODJJEXAWOSSON,SODJJEXAWOSSON,2025.10,NEGATIVE,[M-H]-,150.0,R1,ion_mode=NEGATIVE precursor_type=[M-H]-
MSBNK-Eawag-EQ01191901,MSBNK-Eawag-EQ01191901.txt,VFLDPWHFBUODDF,VFLDPWHFBUODDF,2025.10,POSITIVE,[M+H]+,15.0,R4,nce=15 not an adjudication cell (30 or 60)
MSBNK-Eawag-EQ01191902,MSBNK-Eawag-EQ01191902.txt,VFLDPWHFBUODDF,VFLDPWHFBUODDF,2025.10,POSITIVE,[M+H]+,30.0,R8,R8a: compound key in MassSpecGym 1.5 by the recorded InChIKey route
MSBNK-Eawag-EQ01191903,MSBNK-Eawag-EQ01191903.txt,VFLDPWHFBUODDF,VFLDPWHFBUODDF,2025.10,POSITIVE,[M+H]+,45.0,R4,nce=45 not an adjudication cell (30 or 60)
MSBNK-Eawag-EQ01191904,MSBNK-Eawag-EQ01191904.txt,VFLDPWHFBUODDF,VFLDPWHFBUODDF,2025.10,POSITIVE,[M+H]+,60.0,R8,R8a: compound key in MassSpecGym 1.5 by the recorded InChIKey route
MSBNK-Eawag-EQ01191905,MSBNK-Eawag-EQ01191905.txt,VFLDPWHFBUODDF,VFLDPWHFBUODDF,2025.10,POSITIVE,[M+H]+,75.0,R4,nce=75 not an adjudication cell (30 or 60)
MSBNK-Eawag-EQ01191906,MSBNK-Eawag-EQ01191906.txt,VFLDPWHFBUODDF,VFLDPWHFBUODDF,2025.10,POSITIVE,[M+H]+,90.0,R4,nce=90 not an adjudication cell (30 or 60)
MSBNK-Eawag-EQ01191907,MSBNK-Eawag-EQ01191907.txt,VFLDPWHFBUODDF,VFLDPWHFBUODDF,2025.10,POSITIVE,[M+H]+,120.0,R4,nce=120 not an adjudication cell (30 or 60)
MSBNK-Eawag-EQ01191908,MSBNK-Eawag-EQ01191908.txt,VFLDPWHFBUODDF,VFLDPWHFBUODDF,2025.10,POSITIVE,[M+H]+,150.0,R4,nce=150 not an adjudication cell (30 or 60)
MSBNK-Eawag-EQ01191909,MSBNK-Eawag-EQ01191909.txt,VFLDPWHFBUODDF,VFLDPWHFBUODDF,2025.10,POSITIVE,[M+H]+,180.0,R4,nce=180 not an adjudication cell (30 or 60)
MSBNK-Eawag-EQ01191951,MSBNK-Eawag-EQ01191951.txt,VFLDPWHFBUODDF,VFLDPWHFBUODDF,2025.10,NEGATIVE,[M-H]-,15.0,R1,ion_mode=NEGATIVE precursor_type=[M-H]-
MSBNK-Eawag-EQ01191952,MSBNK-Eawag-EQ01191952.txt,VFLDPWHFBUODDF,VFLDPWHFBUODDF,2025.10,NEGATIVE,[M-H]-,30.0,R1,ion_mode=NEGATIVE precursor_type=[M-H]-
MSBNK-Eawag-EQ01191953,MSBNK-Eawag-EQ01191953.txt,VFLDPWHFBUODDF,VFLDPWHFBUODDF,2025.10,NEGATIVE,[M-H]-,45.0,R1,ion_mode=NEGATIVE precursor_type=[M-H]-
MSBNK-Eawag-EQ01191954,MSBNK-Eawag-EQ01191954.txt,VFLDPWHFBUODDF,VFLDPWHFBUODDF,2025.10,NEGATIVE,[M-H]-,60.0,R1,ion_mode=NEGATIVE precursor_type=[M-H]-
MSBNK-Eawag-EQ01191955,MSBNK-Eawag-EQ01191955.txt,VFLDPWHFBUODDF,VFLDPWHFBUODDF,2025.10,NEGATIVE,[M-H]-,75.0,R1,ion_mode=NEGATIVE precursor_type=[M-H]-
MSBNK-Eawag-EQ01191956,MSBNK-Eawag-EQ01191956.txt,VFLDPWHFBUODDF,VFLDPWHFBUODDF,2025.10,NEGATIVE,[M-H]-,90.0,R1,ion_mode=NEGATIVE precursor_type=[M-H]-
MSBNK-Eawag-EQ01191957,MSBNK-Eawag-EQ01191957.txt,VFLDPWHFBUODDF,VFLDPWHFBUODDF,2025.10,NEGATIVE,[M-H]-,120.0,R1,ion_mode=NEGATIVE precursor_type=[M-H]-
MSBNK-Eawag-EQ01192001,MSBNK-Eawag-EQ01192001.txt,ZXDDPOHVAMWLBH,ZXDDPOHVAMWLBH,2025.10,POSITIVE,[M+H]+,15.0,R4,nce=15 not an adjudication cell (30 or 60)
MSBNK-Eawag-EQ01192002,MSBNK-Eawag-EQ01192002.txt,ZXDDPOHVAMWLBH,ZXDDPOHVAMWLBH,2025.10,POSITIVE,[M+H]+,30.0,R8,R8a: compound key in MassSpecGym 1.5 by the recorded InChIKey route
MSBNK-Eawag-EQ01192003,MSBNK-Eawag-EQ01192003.txt,ZXDDPOHVAMWLBH,ZXDDPOHVAMWLBH,2025.10,POSITIVE,[M+H]+,45.0,R4,nce=45 not an adjudication cell (30 or 60)
MSBNK-Eawag-EQ01192004,MSBNK-Eawag-EQ01192004.txt,ZXDDPOHVAMWLBH,ZXDDPOHVAMWLBH,2025.10,POSITIVE,[M+H]+,60.0,R8,R8a: compound key in MassSpecGym 1.5 by the recorded InChIKey route
MSBNK-Eawag-EQ01192005,MSBNK-Eawag-EQ01192005.txt,ZXDDPOHVAMWLBH,ZXDDPOHVAMWLBH,2025.10,POSITIVE,[M+H]+,75.0,R4,nce=75 not an adjudication cell (30 or 60)
MSBNK-Eawag-EQ01192006,MSBNK-Eawag-EQ01192006.txt,ZXDDPOHVAMWLBH,ZXDDPOHVAMWLBH,2025.10,POSITIVE,[M+H]+,90.0,R4,nce=90 not an adjudication cell (30 or 60)
MSBNK-Eawag-EQ01192007,MSBNK-Eawag-EQ01192007.txt,ZXDDPOHVAMWLBH,ZXDDPOHVAMWLBH,2025.10,POSITIVE,[M+H]+,120.0,R4,nce=120 not an adjudication cell (30 or 60)
MSBNK-Eawag-EQ01192008,MSBNK-Eawag-EQ01192008.txt,ZXDDPOHVAMWLBH,ZXDDPOHVAMWLBH,2025.10,POSITIVE,[M+H]+,150.0,R4,nce=150 not an adjudication cell (30 or 60)
MSBNK-Eawag-EQ01192009,MSBNK-Eawag-EQ01192009.txt,ZXDDPOHVAMWLBH,ZXDDPOHVAMWLBH,2025.10,POSITIVE,[M+H]+,180.0,R4,nce=180 not an adjudication cell (30 or 60)
MSBNK-Eawag-EQ01192051,MSBNK-Eawag-EQ01192051.txt,ZXDDPOHVAMWLBH,ZXDDPOHVAMWLBH,2025.10,NEGATIVE,[M-H]-,15.0,R1,ion_mode=NEGATIVE precursor_type=[M-H]-
MSBNK-Eawag-EQ01192052,MSBNK-Eawag-EQ01192052.txt,ZXDDPOHVAMWLBH,ZXDDPOHVAMWLBH,2025.10,NEGATIVE,[M-H]-,30.0,R1,ion_mode=NEGATIVE precursor_type=[M-H]-
MSBNK-Eawag-EQ01192053,MSBNK-Eawag-EQ01192053.txt,ZXDDPOHVAMWLBH,ZXDDPOHVAMWLBH,2025.10,NEGATIVE,[M-H]-,45.0,R1,ion_mode=NEGATIVE precursor_type=[M-H]-
MSBNK-Eawag-EQ01192054,MSBNK-Eawag-EQ01192054.txt,ZXDDPOHVAMWLBH,ZXDDPOHVAMWLBH,2025.10,NEGATIVE,[M-H]-,60.0,R1,ion_mode=NEGATIVE precursor_type=[M-H]-
MSBNK-Eawag-EQ01192055,MSBNK-Eawag-EQ01192055.txt,ZXDDPOHVAMWLBH,ZXDDPOHVAMWLBH,2025.10,NEGATIVE,[M-H]-,75.0,R1,ion_mode=NEGATIVE precursor_type=[M-H]-
MSBNK-Eawag-EQ01192056,MSBNK-Eawag-EQ01192056.txt,ZXDDPOHVAMWLBH,ZXDDPOHVAMWLBH,2025.10,NEGATIVE,[M-H]-,90.0,R1,ion_mode=NEGATIVE precursor_type=[M-H]-
MSBNK-Eawag-EQ01192057,MSBNK-Eawag-EQ01192057.txt,ZXDDPOHVAMWLBH,ZXDDPOHVAMWLBH,2025.10,NEGATIVE,[M-H]-,120.0,R1,ion_mode=NEGATIVE precursor_type=[M-H]-
MSBNK-Eawag-EQ01192058,MSBNK-Eawag-EQ01192058.txt,ZXDDPOHVAMWLBH,ZXDDPOHVAMWLBH,2025.10,NEGATIVE,[M-H]-,150.0,R1,ion_mode=NEGATIVE precursor_type=[M-H]-
MSBNK-Eawag-EQ01192059,MSBNK-Eawag-EQ01192059.txt,ZXDDPOHVAMWLBH,ZXDDPOHVAMWLBH,2025.10,NEGATIVE,[M-H]-,180.0,R1,ion_mode=NEGATIVE precursor_type=[M-H]-
MSBNK-Eawag-EQ01192101,MSBNK-Eawag-EQ01192101.txt,MEZZCSHVIGVWFI,MEZZCSHVIGVWFI,2025.10,POSITIVE,[M+H]+,15.0,R4,nce=15 not an adjudication cell (30 or 60)
MSBNK-Eawag-EQ01192102,MSBNK-Eawag-EQ01192102.txt,MEZZCSHVIGVWFI,MEZZCSHVIGVWFI,2025.10,POSITIVE,[M+H]+,30.0,R8,R8a: compound key in MassSpecGym 1.5 by the recorded InChIKey route
MSBNK-Eawag-EQ01192103,MSBNK-Eawag-EQ01192103.txt,MEZZCSHVIGVWFI,MEZZCSHVIGVWFI,2025.10,POSITIVE,[M+H]+,45.0,R4,nce=45 not an adjudication cell (30 or 60)
MSBNK-Eawag-EQ01192104,MSBNK-Eawag-EQ01192104.txt,MEZZCSHVIGVWFI,MEZZCSHVIGVWFI,2025.10,POSITIVE,[M+H]+,60.0,R8,R8a: compound key in MassSpecGym 1.5 by the recorded InChIKey route
MSBNK-Eawag-EQ01192105,MSBNK-Eawag-EQ01192105.txt,MEZZCSHVIGVWFI,MEZZCSHVIGVWFI,2025.10,POSITIVE,[M+H]+,75.0,R4,nce=75 not an adjudication cell (30 or 60)
MSBNK-Eawag-EQ01192106,MSBNK-Eawag-EQ01192106.txt,MEZZCSHVIGVWFI,MEZZCSHVIGVWFI,2025.10,POSITIVE,[M+H]+,90.0,R4,nce=90 not an adjudication cell (30 or 60)
MSBNK-Eawag-EQ01192107,MSBNK-Eawag-EQ01192107.txt,MEZZCSHVIGVWFI,MEZZCSHVIGVWFI,2025.10,POSITIVE,[M+H]+,120.0,R4,nce=120 not an adjudication cell (30 or 60)
MSBNK-Eawag-EQ01192108,MSBNK-Eawag-EQ01192108.txt,MEZZCSHVIGVWFI,MEZZCSHVIGVWFI,2025.10,POSITIVE,[M+H]+,150.0,R4,nce=150 not an adjudication cell (30 or 60)
MSBNK-Eawag-EQ01192109,MSBNK-Eawag-EQ01192109.txt,MEZZCSHVIGVWFI,MEZZCSHVIGVWFI,2025.10,POSITIVE,[M+H]+,180.0,R4,nce=180 not an adjudication cell (30 or 60)
MSBNK-Eawag-EQ01192151,MSBNK-Eawag-EQ01192151.txt,MEZZCSHVIGVWFI,MEZZCSHVIGVWFI,2025.10,NEGATIVE,[M-H]-,15.0,R1,ion_mode=NEGATIVE precursor_type=[M-H]-
MSBNK-Eawag-EQ01192152,MSBNK-Eawag-EQ01192152.txt,MEZZCSHVIGVWFI,MEZZCSHVIGVWFI,2025.10,NEGATIVE,[M-H]-,30.0,R1,ion_mode=NEGATIVE precursor_type=[M-H]-
MSBNK-Eawag-EQ01192153,MSBNK-Eawag-EQ01192153.txt,MEZZCSHVIGVWFI,MEZZCSHVIGVWFI,2025.10,NEGATIVE,[M-H]-,45.0,R1,ion_mode=NEGATIVE precursor_type=[M-H]-
MSBNK-Eawag-EQ01192154,MSBNK-Eawag-EQ01192154.txt,MEZZCSHVIGVWFI,MEZZCSHVIGVWFI,2025.10,NEGATIVE,[M-H]-,60.0,R1,ion_mode=NEGATIVE precursor_type=[M-H]-
MSBNK-Eawag-EQ01192155,MSBNK-Eawag-EQ01192155.txt,MEZZCSHVIGVWFI,MEZZCSHVIGVWFI,2025.10,NEGATIVE,[M-H]-,75.0,R1,ion_mode=NEGATIVE precursor_type=[M-H]-
MSBNK-Eawag-EQ01192156,MSBNK-Eawag-EQ01192156.txt,MEZZCSHVIGVWFI,MEZZCSHVIGVWFI,2025.10,NEGATIVE,[M-H]-,90.0,R1,ion_mode=NEGATIVE precursor_type=[M-H]-
MSBNK-Eawag-EQ01192157,MSBNK-Eawag-EQ01192157.txt,MEZZCSHVIGVWFI,MEZZCSHVIGVWFI,2025.10,NEGATIVE,[M-H]-,120.0,R1,ion_mode=NEGATIVE precursor_type=[M-H]-
MSBNK-Eawag-EQ01192158,MSBNK-Eawag-EQ01192158.txt,MEZZCSHVIGVWFI,MEZZCSHVIGVWFI,2025.10,NEGATIVE,[M-H]-,150.0,R1,ion_mode=NEGATIVE precursor_type=[M-H]-
MSBNK-Eawag-EQ01192159,MSBNK-Eawag-EQ01192159.txt,MEZZCSHVIGVWFI,MEZZCSHVIGVWFI,2025.10,NEGATIVE,[M-H]-,180.0,R1,ion_mode=NEGATIVE precursor_type=[M-H]-
MSBNK-Eawag-EQ01192201,MSBNK-Eawag-EQ01192201.txt,AFSDNFLWKVMVRB,AFSDNFLWKVMVRB,2025.10,POSITIVE,[M+H]+,15.0,R4,nce=15 not an adjudication cell (30 or 60)
MSBNK-Eawag-EQ01192202,MSBNK-Eawag-EQ01192202.txt,AFSDNFLWKVMVRB,AFSDNFLWKVMVRB,2025.10,POSITIVE,[M+H]+,30.0,R8,R8a: compound key in MassSpecGym 1.5 by the recorded InChIKey route
MSBNK-Eawag-EQ01192203,MSBNK-Eawag-EQ01192203.txt,AFSDNFLWKVMVRB,AFSDNFLWKVMVRB,2025.10,POSITIVE,[M+H]+,45.0,R4,nce=45 not an adjudication cell (30 or 60)
MSBNK-Eawag-EQ01192204,MSBNK-Eawag-EQ01192204.txt,AFSDNFLWKVMVRB,AFSDNFLWKVMVRB,2025.10,POSITIVE,[M+H]+,60.0,R8,R8a: compound key in MassSpecGym 1.5 by the recorded InChIKey route
MSBNK-Eawag-EQ01192205,MSBNK-Eawag-EQ01192205.txt,AFSDNFLWKVMVRB,AFSDNFLWKVMVRB,2025.10,POSITIVE,[M+H]+,75.0,R4,nce=75 not an adjudication cell (30 or 60)
MSBNK-Eawag-EQ01192206,MSBNK-Eawag-EQ01192206.txt,AFSDNFLWKVMVRB,AFSDNFLWKVMVRB,2025.10,POSITIVE,[M+H]+,90.0,R4,nce=90 not an adjudication cell (30 or 60)
MSBNK-Eawag-EQ01192207,MSBNK-Eawag-EQ01192207.txt,AFSDNFLWKVMVRB,AFSDNFLWKVMVRB,2025.10,POSITIVE,[M+H]+,120.0,R4,nce=120 not an adjudication cell (30 or 60)
MSBNK-Eawag-EQ01192208,MSBNK-Eawag-EQ01192208.txt,AFSDNFLWKVMVRB,AFSDNFLWKVMVRB,2025.10,POSITIVE,[M+H]+,150.0,R4,nce=150 not an adjudication cell (30 or 60)
MSBNK-Eawag-EQ01192209,MSBNK-Eawag-EQ01192209.txt,AFSDNFLWKVMVRB,AFSDNFLWKVMVRB,2025.10,POSITIVE,[M+H]+,180.0,R4,nce=180 not an adjudication cell (30 or 60)
MSBNK-Eawag-EQ01192251,MSBNK-Eawag-EQ01192251.txt,AFSDNFLWKVMVRB,AFSDNFLWKVMVRB,2025.10,NEGATIVE,[M-H]-,15.0,R1,ion_mode=NEGATIVE precursor_type=[M-H]-
MSBNK-Eawag-EQ01192252,MSBNK-Eawag-EQ01192252.txt,AFSDNFLWKVMVRB,AFSDNFLWKVMVRB,2025.10,NEGATIVE,[M-H]-,30.0,R1,ion_mode=NEGATIVE precursor_type=[M-H]-
MSBNK-Eawag-EQ01192253,MSBNK-Eawag-EQ01192253.txt,AFSDNFLWKVMVRB,AFSDNFLWKVMVRB,2025.10,NEGATIVE,[M-H]-,45.0,R1,ion_mode=NEGATIVE precursor_type=[M-H]-
MSBNK-Eawag-EQ01192254,MSBNK-Eawag-EQ01192254.txt,AFSDNFLWKVMVRB,AFSDNFLWKVMVRB,2025.10,NEGATIVE,[M-H]-,60.0,R1,ion_mode=NEGATIVE precursor_type=[M-H]-
MSBNK-Eawag-EQ01192255,MSBNK-Eawag-EQ01192255.txt,AFSDNFLWKVMVRB,AFSDNFLWKVMVRB,2025.10,NEGATIVE,[M-H]-,75.0,R1,ion_mode=NEGATIVE precursor_type=[M-H]-
MSBNK-Eawag-EQ01192256,MSBNK-Eawag-EQ01192256.txt,AFSDNFLWKVMVRB,AFSDNFLWKVMVRB,2025.10,NEGATIVE,[M-H]-,90.0,R1,ion_mode=NEGATIVE precursor_type=[M-H]-
MSBNK-Eawag-EQ01192257,MSBNK-Eawag-EQ01192257.txt,AFSDNFLWKVMVRB,AFSDNFLWKVMVRB,2025.10,NEGATIVE,[M-H]-,120.0,R1,ion_mode=NEGATIVE precursor_type=[M-H]-
MSBNK-Eawag-EQ01192258,MSBNK-Eawag-EQ01192258.txt,AFSDNFLWKVMVRB,AFSDNFLWKVMVRB,2025.10,NEGATIVE,[M-H]-,150.0,R1,ion_mode=NEGATIVE precursor_type=[M-H]-
MSBNK-Eawag-EQ01192259,MSBNK-Eawag-EQ01192259.txt,AFSDNFLWKVMVRB,AFSDNFLWKVMVRB,2025.10,NEGATIVE,[M-H]-,180.0,R1,ion_mode=NEGATIVE precursor_type=[M-H]-
MSBNK-Eawag-EQ01192351,MSBNK-Eawag-EQ01192351.txt,LNTHITQWFMADLM,LNTHITQWFMADLM,2025.10,NEGATIVE,[M-H]-,15.0,R1,ion_mode=NEGATIVE precursor_type=[M-H]-
MSBNK-Eawag-EQ01192352,MSBNK-Eawag-EQ01192352.txt,LNTHITQWFMADLM,LNTHITQWFMADLM,2025.10,NEGATIVE,[M-H]-,30.0,R1,ion_mode=NEGATIVE precursor_type=[M-H]-
MSBNK-Eawag-EQ01192353,MSBNK-Eawag-EQ01192353.txt,LNTHITQWFMADLM,LNTHITQWFMADLM,2025.10,NEGATIVE,[M-H]-,45.0,R1,ion_mode=NEGATIVE precursor_type=[M-H]-
MSBNK-Eawag-EQ01192354,MSBNK-Eawag-EQ01192354.txt,LNTHITQWFMADLM,LNTHITQWFMADLM,2025.10,NEGATIVE,[M-H]-,60.0,R1,ion_mode=NEGATIVE precursor_type=[M-H]-
MSBNK-Eawag-EQ01192355,MSBNK-Eawag-EQ01192355.txt,LNTHITQWFMADLM,LNTHITQWFMADLM,2025.10,NEGATIVE,[M-H]-,75.0,R1,ion_mode=NEGATIVE precursor_type=[M-H]-
MSBNK-Eawag-EQ01192356,MSBNK-Eawag-EQ01192356.txt,LNTHITQWFMADLM,LNTHITQWFMADLM,2025.10,NEGATIVE,[M-H]-,90.0,R1,ion_mode=NEGATIVE precursor_type=[M-H]-
MSBNK-Eawag-EQ01192357,MSBNK-Eawag-EQ01192357.txt,LNTHITQWFMADLM,LNTHITQWFMADLM,2025.10,NEGATIVE,[M-H]-,120.0,R1,ion_mode=NEGATIVE precursor_type=[M-H]-
MSBNK-Eawag-EQ01192358,MSBNK-Eawag-EQ01192358.txt,LNTHITQWFMADLM,LNTHITQWFMADLM,2025.10,NEGATIVE,[M-H]-,150.0,R1,ion_mode=NEGATIVE precursor_type=[M-H]-
MSBNK-Eawag-EQ01192401,MSBNK-Eawag-EQ01192401.txt,JGPMMRGNQUBGND,JGPMMRGNQUBGND,2025.10,POSITIVE,[M+H]+,15.0,R4,nce=15 not an adjudication cell (30 or 60)
MSBNK-Eawag-EQ01192402,MSBNK-Eawag-EQ01192402.txt,JGPMMRGNQUBGND,JGPMMRGNQUBGND,2025.10,POSITIVE,[M+H]+,30.0,R8,R8a: compound key in MassSpecGym 1.5 by the recorded InChIKey route
MSBNK-Eawag-EQ01192403,MSBNK-Eawag-EQ01192403.txt,JGPMMRGNQUBGND,JGPMMRGNQUBGND,2025.10,POSITIVE,[M+H]+,45.0,R4,nce=45 not an adjudication cell (30 or 60)
MSBNK-Eawag-EQ01192404,MSBNK-Eawag-EQ01192404.txt,JGPMMRGNQUBGND,JGPMMRGNQUBGND,2025.10,POSITIVE,[M+H]+,60.0,R8,R8a: compound key in MassSpecGym 1.5 by the recorded InChIKey route
MSBNK-Eawag-EQ01192405,MSBNK-Eawag-EQ01192405.txt,JGPMMRGNQUBGND,JGPMMRGNQUBGND,2025.10,POSITIVE,[M+H]+,75.0,R4,nce=75 not an adjudication cell (30 or 60)
MSBNK-Eawag-EQ01192406,MSBNK-Eawag-EQ01192406.txt,JGPMMRGNQUBGND,JGPMMRGNQUBGND,2025.10,POSITIVE,[M+H]+,90.0,R4,nce=90 not an adjudication cell (30 or 60)
MSBNK-Eawag-EQ01192407,MSBNK-Eawag-EQ01192407.txt,JGPMMRGNQUBGND,JGPMMRGNQUBGND,2025.10,POSITIVE,[M+H]+,120.0,R4,nce=120 not an adjudication cell (30 or 60)
MSBNK-Eawag-EQ01192408,MSBNK-Eawag-EQ01192408.txt,JGPMMRGNQUBGND,JGPMMRGNQUBGND,2025.10,POSITIVE,[M+H]+,150.0,R4,nce=150 not an adjudication cell (30 or 60)
MSBNK-Eawag-EQ01192409,MSBNK-Eawag-EQ01192409.txt,JGPMMRGNQUBGND,JGPMMRGNQUBGND,2025.10,POSITIVE,[M+H]+,180.0,R4,nce=180 not an adjudication cell (30 or 60)
MSBNK-Eawag-EQ01192501,MSBNK-Eawag-EQ01192501.txt,ZQAFKGDWLSVTRI,ZQAFKGDWLSVTRI,2025.10,POSITIVE,[M+H]+,15.0,R4,nce=15 not an adjudication cell (30 or 60)
MSBNK-Eawag-EQ01192502,MSBNK-Eawag-EQ01192502.txt,ZQAFKGDWLSVTRI,ZQAFKGDWLSVTRI,2025.10,POSITIVE,[M+H]+,30.0,PASS,eligible
MSBNK-Eawag-EQ01192503,MSBNK-Eawag-EQ01192503.txt,ZQAFKGDWLSVTRI,ZQAFKGDWLSVTRI,2025.10,POSITIVE,[M+H]+,45.0,R4,nce=45 not an adjudication cell (30 or 60)
MSBNK-Eawag-EQ01192504,MSBNK-Eawag-EQ01192504.txt,ZQAFKGDWLSVTRI,ZQAFKGDWLSVTRI,2025.10,POSITIVE,[M+H]+,60.0,PASS,eligible
MSBNK-Eawag-EQ01192505,MSBNK-Eawag-EQ01192505.txt,ZQAFKGDWLSVTRI,ZQAFKGDWLSVTRI,2025.10,POSITIVE,[M+H]+,75.0,R4,nce=75 not an adjudication cell (30 or 60)
MSBNK-Eawag-EQ01192506,MSBNK-Eawag-EQ01192506.txt,ZQAFKGDWLSVTRI,ZQAFKGDWLSVTRI,2025.10,POSITIVE,[M+H]+,90.0,R4,nce=90 not an adjudication cell (30 or 60)
MSBNK-Eawag-EQ01192507,MSBNK-Eawag-EQ01192507.txt,ZQAFKGDWLSVTRI,ZQAFKGDWLSVTRI,2025.10,POSITIVE,[M+H]+,120.0,R4,nce=120 not an adjudication cell (30 or 60)
MSBNK-Eawag-EQ01192508,MSBNK-Eawag-EQ01192508.txt,ZQAFKGDWLSVTRI,ZQAFKGDWLSVTRI,2025.10,POSITIVE,[M+H]+,150.0,R4,nce=150 not an adjudication cell (30 or 60)
MSBNK-Eawag-EQ01192509,MSBNK-Eawag-EQ01192509.txt,ZQAFKGDWLSVTRI,ZQAFKGDWLSVTRI,2025.10,POSITIVE,[M+H]+,180.0,R4,nce=180 not an adjudication cell (30 or 60)
MSBNK-Eawag-EQ01192601,MSBNK-Eawag-EQ01192601.txt,GJDRKHHGPHLVNI,GJDRKHHGPHLVNI,2025.10,POSITIVE,[M+H]+,15.0,R4,nce=15 not an adjudication cell (30 or 60)
MSBNK-Eawag-EQ01192602,MSBNK-Eawag-EQ01192602.txt,GJDRKHHGPHLVNI,GJDRKHHGPHLVNI,2025.10,POSITIVE,[M+H]+,30.0,R8,R8i: scaffold group guard: group in the MURU exposure registry
MSBNK-Eawag-EQ01192603,MSBNK-Eawag-EQ01192603.txt,GJDRKHHGPHLVNI,GJDRKHHGPHLVNI,2025.10,POSITIVE,[M+H]+,45.0,R4,nce=45 not an adjudication cell (30 or 60)
MSBNK-Eawag-EQ01192604,MSBNK-Eawag-EQ01192604.txt,GJDRKHHGPHLVNI,GJDRKHHGPHLVNI,2025.10,POSITIVE,[M+H]+,60.0,R8,R8i: scaffold group guard: group in the MURU exposure registry
MSBNK-Eawag-EQ01192605,MSBNK-Eawag-EQ01192605.txt,GJDRKHHGPHLVNI,GJDRKHHGPHLVNI,2025.10,POSITIVE,[M+H]+,75.0,R4,nce=75 not an adjudication cell (30 or 60)
MSBNK-Eawag-EQ01192606,MSBNK-Eawag-EQ01192606.txt,GJDRKHHGPHLVNI,GJDRKHHGPHLVNI,2025.10,POSITIVE,[M+H]+,90.0,R4,nce=90 not an adjudication cell (30 or 60)
MSBNK-Eawag-EQ01192607,MSBNK-Eawag-EQ01192607.txt,GJDRKHHGPHLVNI,GJDRKHHGPHLVNI,2025.10,POSITIVE,[M+H]+,120.0,R4,nce=120 not an adjudication cell (30 or 60)
MSBNK-Eawag-EQ01192608,MSBNK-Eawag-EQ01192608.txt,GJDRKHHGPHLVNI,GJDRKHHGPHLVNI,2025.10,POSITIVE,[M+H]+,150.0,R4,nce=150 not an adjudication cell (30 or 60)
MSBNK-Eawag-EQ01192609,MSBNK-Eawag-EQ01192609.txt,GJDRKHHGPHLVNI,GJDRKHHGPHLVNI,2025.10,POSITIVE,[M+H]+,180.0,R4,nce=180 not an adjudication cell (30 or 60)
MSBNK-Eawag-EQ01192651,MSBNK-Eawag-EQ01192651.txt,GJDRKHHGPHLVNI,GJDRKHHGPHLVNI,2025.10,NEGATIVE,[M-H]-,15.0,R1,ion_mode=NEGATIVE precursor_type=[M-H]-
MSBNK-Eawag-EQ01192652,MSBNK-Eawag-EQ01192652.txt,GJDRKHHGPHLVNI,GJDRKHHGPHLVNI,2025.10,NEGATIVE,[M-H]-,30.0,R1,ion_mode=NEGATIVE precursor_type=[M-H]-
MSBNK-Eawag-EQ01192653,MSBNK-Eawag-EQ01192653.txt,GJDRKHHGPHLVNI,GJDRKHHGPHLVNI,2025.10,NEGATIVE,[M-H]-,45.0,R1,ion_mode=NEGATIVE precursor_type=[M-H]-
MSBNK-Eawag-EQ01192654,MSBNK-Eawag-EQ01192654.txt,GJDRKHHGPHLVNI,GJDRKHHGPHLVNI,2025.10,NEGATIVE,[M-H]-,60.0,R1,ion_mode=NEGATIVE precursor_type=[M-H]-
MSBNK-Eawag-EQ01192655,MSBNK-Eawag-EQ01192655.txt,GJDRKHHGPHLVNI,GJDRKHHGPHLVNI,2025.10,NEGATIVE,[M-H]-,75.0,R1,ion_mode=NEGATIVE precursor_type=[M-H]-
MSBNK-Eawag-EQ01192656,MSBNK-Eawag-EQ01192656.txt,GJDRKHHGPHLVNI,GJDRKHHGPHLVNI,2025.10,NEGATIVE,[M-H]-,90.0,R1,ion_mode=NEGATIVE precursor_type=[M-H]-
MSBNK-Eawag-EQ01192701,MSBNK-Eawag-EQ01192701.txt,DXDRHHKMWQZJHT,DXDRHHKMWQZJHT,2025.10,POSITIVE,[M+H]+,15.0,R4,nce=15 not an adjudication cell (30 or 60)
MSBNK-Eawag-EQ01192702,MSBNK-Eawag-EQ01192702.txt,DXDRHHKMWQZJHT,DXDRHHKMWQZJHT,2025.10,POSITIVE,[M+H]+,30.0,R8,R8a: compound key in MassSpecGym 1.5 by the recorded InChIKey route
MSBNK-Eawag-EQ01192703,MSBNK-Eawag-EQ01192703.txt,DXDRHHKMWQZJHT,DXDRHHKMWQZJHT,2025.10,POSITIVE,[M+H]+,45.0,R4,nce=45 not an adjudication cell (30 or 60)
MSBNK-Eawag-EQ01192704,MSBNK-Eawag-EQ01192704.txt,DXDRHHKMWQZJHT,DXDRHHKMWQZJHT,2025.10,POSITIVE,[M+H]+,60.0,R8,R8a: compound key in MassSpecGym 1.5 by the recorded InChIKey route
MSBNK-Eawag-EQ01192705,MSBNK-Eawag-EQ01192705.txt,DXDRHHKMWQZJHT,DXDRHHKMWQZJHT,2025.10,POSITIVE,[M+H]+,75.0,R4,nce=75 not an adjudication cell (30 or 60)
MSBNK-Eawag-EQ01192706,MSBNK-Eawag-EQ01192706.txt,DXDRHHKMWQZJHT,DXDRHHKMWQZJHT,2025.10,POSITIVE,[M+H]+,90.0,R4,nce=90 not an adjudication cell (30 or 60)
MSBNK-Eawag-EQ01192707,MSBNK-Eawag-EQ01192707.txt,DXDRHHKMWQZJHT,DXDRHHKMWQZJHT,2025.10,POSITIVE,[M+H]+,120.0,R4,nce=120 not an adjudication cell (30 or 60)
MSBNK-Eawag-EQ01192708,MSBNK-Eawag-EQ01192708.txt,DXDRHHKMWQZJHT,DXDRHHKMWQZJHT,2025.10,POSITIVE,[M+H]+,150.0,R4,nce=150 not an adjudication cell (30 or 60)
MSBNK-Eawag-EQ01192709,MSBNK-Eawag-EQ01192709.txt,DXDRHHKMWQZJHT,DXDRHHKMWQZJHT,2025.10,POSITIVE,[M+H]+,180.0,R4,nce=180 not an adjudication cell (30 or 60)
MSBNK-Eawag-EQ01192751,MSBNK-Eawag-EQ01192751.txt,DXDRHHKMWQZJHT,DXDRHHKMWQZJHT,2025.10,NEGATIVE,[M-H]-,15.0,R1,ion_mode=NEGATIVE precursor_type=[M-H]-
MSBNK-Eawag-EQ01192752,MSBNK-Eawag-EQ01192752.txt,DXDRHHKMWQZJHT,DXDRHHKMWQZJHT,2025.10,NEGATIVE,[M-H]-,30.0,R1,ion_mode=NEGATIVE precursor_type=[M-H]-
MSBNK-Eawag-EQ01192753,MSBNK-Eawag-EQ01192753.txt,DXDRHHKMWQZJHT,DXDRHHKMWQZJHT,2025.10,NEGATIVE,[M-H]-,45.0,R1,ion_mode=NEGATIVE precursor_type=[M-H]-
MSBNK-Eawag-EQ01192754,MSBNK-Eawag-EQ01192754.txt,DXDRHHKMWQZJHT,DXDRHHKMWQZJHT,2025.10,NEGATIVE,[M-H]-,60.0,R1,ion_mode=NEGATIVE precursor_type=[M-H]-
MSBNK-Eawag-EQ01192755,MSBNK-Eawag-EQ01192755.txt,DXDRHHKMWQZJHT,DXDRHHKMWQZJHT,2025.10,NEGATIVE,[M-H]-,75.0,R1,ion_mode=NEGATIVE precursor_type=[M-H]-
MSBNK-Eawag-EQ01192756,MSBNK-Eawag-EQ01192756.txt,DXDRHHKMWQZJHT,DXDRHHKMWQZJHT,2025.10,NEGATIVE,[M-H]-,90.0,R1,ion_mode=NEGATIVE precursor_type=[M-H]-
MSBNK-Eawag-EQ01192757,MSBNK-Eawag-EQ01192757.txt,DXDRHHKMWQZJHT,DXDRHHKMWQZJHT,2025.10,NEGATIVE,[M-H]-,120.0,R1,ion_mode=NEGATIVE precursor_type=[M-H]-
MSBNK-Eawag-EQ01192758,MSBNK-Eawag-EQ01192758.txt,DXDRHHKMWQZJHT,DXDRHHKMWQZJHT,2025.10,NEGATIVE,[M-H]-,150.0,R1,ion_mode=NEGATIVE precursor_type=[M-H]-
MSBNK-Eawag-EQ01192759,MSBNK-Eawag-EQ01192759.txt,DXDRHHKMWQZJHT,DXDRHHKMWQZJHT,2025.10,NEGATIVE,[M-H]-,180.0,R1,ion_mode=NEGATIVE precursor_type=[M-H]-
MSBNK-Eawag-EQ01192801,MSBNK-Eawag-EQ01192801.txt,HGXBRUKMWQGOIE,HGXBRUKMWQGOIE,2025.10,POSITIVE,[M+H]+,15.0,R4,nce=15 not an adjudication cell (30 or 60)
MSBNK-Eawag-EQ01192851,MSBNK-Eawag-EQ01192851.txt,HGXBRUKMWQGOIE,HGXBRUKMWQGOIE,2025.10,NEGATIVE,[M-H]-,15.0,R1,ion_mode=NEGATIVE precursor_type=[M-H]-
MSBNK-Eawag-EQ01192852,MSBNK-Eawag-EQ01192852.txt,HGXBRUKMWQGOIE,HGXBRUKMWQGOIE,2025.10,NEGATIVE,[M-H]-,30.0,R1,ion_mode=NEGATIVE precursor_type=[M-H]-
MSBNK-Eawag-EQ01192853,MSBNK-Eawag-EQ01192853.txt,HGXBRUKMWQGOIE,HGXBRUKMWQGOIE,2025.10,NEGATIVE,[M-H]-,45.0,R1,ion_mode=NEGATIVE precursor_type=[M-H]-
MSBNK-Eawag-EQ01192854,MSBNK-Eawag-EQ01192854.txt,HGXBRUKMWQGOIE,HGXBRUKMWQGOIE,2025.10,NEGATIVE,[M-H]-,60.0,R1,ion_mode=NEGATIVE precursor_type=[M-H]-
MSBNK-Eawag-EQ01192855,MSBNK-Eawag-EQ01192855.txt,HGXBRUKMWQGOIE,HGXBRUKMWQGOIE,2025.10,NEGATIVE,[M-H]-,75.0,R1,ion_mode=NEGATIVE precursor_type=[M-H]-
MSBNK-Eawag-EQ01192901,MSBNK-Eawag-EQ01192901.txt,MCPKSFINULVDNX,MCPKSFINULVDNX,2025.10,POSITIVE,[M+H]+,15.0,R4,nce=15 not an adjudication cell (30 or 60)
MSBNK-Eawag-EQ01192902,MSBNK-Eawag-EQ01192902.txt,MCPKSFINULVDNX,MCPKSFINULVDNX,2025.10,POSITIVE,[M+H]+,30.0,R8,R8a: compound key in MassSpecGym 1.5 by the recorded InChIKey route
MSBNK-Eawag-EQ01192903,MSBNK-Eawag-EQ01192903.txt,MCPKSFINULVDNX,MCPKSFINULVDNX,2025.10,POSITIVE,[M+H]+,45.0,R4,nce=45 not an adjudication cell (30 or 60)
MSBNK-Eawag-EQ01192904,MSBNK-Eawag-EQ01192904.txt,MCPKSFINULVDNX,MCPKSFINULVDNX,2025.10,POSITIVE,[M+H]+,60.0,R8,R8a: compound key in MassSpecGym 1.5 by the recorded InChIKey route
MSBNK-Eawag-EQ01192905,MSBNK-Eawag-EQ01192905.txt,MCPKSFINULVDNX,MCPKSFINULVDNX,2025.10,POSITIVE,[M+H]+,75.0,R4,nce=75 not an adjudication cell (30 or 60)
MSBNK-Eawag-EQ01192906,MSBNK-Eawag-EQ01192906.txt,MCPKSFINULVDNX,MCPKSFINULVDNX,2025.10,POSITIVE,[M+H]+,90.0,R4,nce=90 not an adjudication cell (30 or 60)
MSBNK-Eawag-EQ01192907,MSBNK-Eawag-EQ01192907.txt,MCPKSFINULVDNX,MCPKSFINULVDNX,2025.10,POSITIVE,[M+H]+,120.0,R4,nce=120 not an adjudication cell (30 or 60)
MSBNK-Eawag-EQ01192908,MSBNK-Eawag-EQ01192908.txt,MCPKSFINULVDNX,MCPKSFINULVDNX,2025.10,POSITIVE,[M+H]+,150.0,R4,nce=150 not an adjudication cell (30 or 60)
MSBNK-Eawag-EQ01192909,MSBNK-Eawag-EQ01192909.txt,MCPKSFINULVDNX,MCPKSFINULVDNX,2025.10,POSITIVE,[M+H]+,180.0,R4,nce=180 not an adjudication cell (30 or 60)
MSBNK-Eawag-EQ01193001,MSBNK-Eawag-EQ01193001.txt,CXQWRCVTCMQVQX,CXQWRCVTCMQVQX,2025.10,POSITIVE,[M+H]+,15.0,R4,nce=15 not an adjudication cell (30 or 60)
MSBNK-Eawag-EQ01193002,MSBNK-Eawag-EQ01193002.txt,CXQWRCVTCMQVQX,CXQWRCVTCMQVQX,2025.10,POSITIVE,[M+H]+,30.0,R8,R8a: compound key in MassSpecGym 1.5 by the recorded InChIKey route
MSBNK-Eawag-EQ01193003,MSBNK-Eawag-EQ01193003.txt,CXQWRCVTCMQVQX,CXQWRCVTCMQVQX,2025.10,POSITIVE,[M+H]+,45.0,R4,nce=45 not an adjudication cell (30 or 60)
MSBNK-Eawag-EQ01193004,MSBNK-Eawag-EQ01193004.txt,CXQWRCVTCMQVQX,CXQWRCVTCMQVQX,2025.10,POSITIVE,[M+H]+,60.0,R8,R8a: compound key in MassSpecGym 1.5 by the recorded InChIKey route
MSBNK-Eawag-EQ01193005,MSBNK-Eawag-EQ01193005.txt,CXQWRCVTCMQVQX,CXQWRCVTCMQVQX,2025.10,POSITIVE,[M+H]+,75.0,R4,nce=75 not an adjudication cell (30 or 60)
MSBNK-Eawag-EQ01193006,MSBNK-Eawag-EQ01193006.txt,CXQWRCVTCMQVQX,CXQWRCVTCMQVQX,2025.10,POSITIVE,[M+H]+,90.0,R4,nce=90 not an adjudication cell (30 or 60)
MSBNK-Eawag-EQ01193007,MSBNK-Eawag-EQ01193007.txt,CXQWRCVTCMQVQX,CXQWRCVTCMQVQX,2025.10,POSITIVE,[M+H]+,120.0,R4,nce=120 not an adjudication cell (30 or 60)
MSBNK-Eawag-EQ01193008,MSBNK-Eawag-EQ01193008.txt,CXQWRCVTCMQVQX,CXQWRCVTCMQVQX,2025.10,POSITIVE,[M+H]+,150.0,R4,nce=150 not an adjudication cell (30 or 60)
MSBNK-Eawag-EQ01193009,MSBNK-Eawag-EQ01193009.txt,CXQWRCVTCMQVQX,CXQWRCVTCMQVQX,2025.10,POSITIVE,[M+H]+,180.0,R4,nce=180 not an adjudication cell (30 or 60)
MSBNK-Eawag-EQ01193051,MSBNK-Eawag-EQ01193051.txt,CXQWRCVTCMQVQX,CXQWRCVTCMQVQX,2025.10,NEGATIVE,[M-H]-,15.0,R1,ion_mode=NEGATIVE precursor_type=[M-H]-
MSBNK-Eawag-EQ01193052,MSBNK-Eawag-EQ01193052.txt,CXQWRCVTCMQVQX,CXQWRCVTCMQVQX,2025.10,NEGATIVE,[M-H]-,30.0,R1,ion_mode=NEGATIVE precursor_type=[M-H]-
MSBNK-Eawag-EQ01193053,MSBNK-Eawag-EQ01193053.txt,CXQWRCVTCMQVQX,CXQWRCVTCMQVQX,2025.10,NEGATIVE,[M-H]-,45.0,R1,ion_mode=NEGATIVE precursor_type=[M-H]-
MSBNK-Eawag-EQ01193054,MSBNK-Eawag-EQ01193054.txt,CXQWRCVTCMQVQX,CXQWRCVTCMQVQX,2025.10,NEGATIVE,[M-H]-,60.0,R1,ion_mode=NEGATIVE precursor_type=[M-H]-
MSBNK-Eawag-EQ01193055,MSBNK-Eawag-EQ01193055.txt,CXQWRCVTCMQVQX,CXQWRCVTCMQVQX,2025.10,NEGATIVE,[M-H]-,75.0,R1,ion_mode=NEGATIVE precursor_type=[M-H]-
MSBNK-Eawag-EQ01193056,MSBNK-Eawag-EQ01193056.txt,CXQWRCVTCMQVQX,CXQWRCVTCMQVQX,2025.10,NEGATIVE,[M-H]-,90.0,R1,ion_mode=NEGATIVE precursor_type=[M-H]-
MSBNK-Eawag-EQ01193057,MSBNK-Eawag-EQ01193057.txt,CXQWRCVTCMQVQX,CXQWRCVTCMQVQX,2025.10,NEGATIVE,[M-H]-,120.0,R1,ion_mode=NEGATIVE precursor_type=[M-H]-
MSBNK-Eawag-EQ01193058,MSBNK-Eawag-EQ01193058.txt,CXQWRCVTCMQVQX,CXQWRCVTCMQVQX,2025.10,NEGATIVE,[M-H]-,150.0,R1,ion_mode=NEGATIVE precursor_type=[M-H]-
MSBNK-Eawag-EQ01193201,MSBNK-Eawag-EQ01193201.txt,LHPPDQUVECZQSW,LHPPDQUVECZQSW,2025.10,POSITIVE,[M+H]+,15.0,R4,nce=15 not an adjudication cell (30 or 60)
MSBNK-Eawag-EQ01193202,MSBNK-Eawag-EQ01193202.txt,LHPPDQUVECZQSW,LHPPDQUVECZQSW,2025.10,POSITIVE,[M+H]+,30.0,R8,R8i: scaffold group guard: group in the MURU exposure registry
MSBNK-Eawag-EQ01193203,MSBNK-Eawag-EQ01193203.txt,LHPPDQUVECZQSW,LHPPDQUVECZQSW,2025.10,POSITIVE,[M+H]+,45.0,R4,nce=45 not an adjudication cell (30 or 60)
MSBNK-Eawag-EQ01193204,MSBNK-Eawag-EQ01193204.txt,LHPPDQUVECZQSW,LHPPDQUVECZQSW,2025.10,POSITIVE,[M+H]+,60.0,R8,R8i: scaffold group guard: group in the MURU exposure registry
MSBNK-Eawag-EQ01193205,MSBNK-Eawag-EQ01193205.txt,LHPPDQUVECZQSW,LHPPDQUVECZQSW,2025.10,POSITIVE,[M+H]+,75.0,R4,nce=75 not an adjudication cell (30 or 60)
MSBNK-Eawag-EQ01193206,MSBNK-Eawag-EQ01193206.txt,LHPPDQUVECZQSW,LHPPDQUVECZQSW,2025.10,POSITIVE,[M+H]+,90.0,R4,nce=90 not an adjudication cell (30 or 60)
MSBNK-Eawag-EQ01193301,MSBNK-Eawag-EQ01193301.txt,YKONWVIRECCMQE,YKONWVIRECCMQE,2025.10,POSITIVE,[M+H]+,15.0,R4,nce=15 not an adjudication cell (30 or 60)
MSBNK-Eawag-EQ01193302,MSBNK-Eawag-EQ01193302.txt,YKONWVIRECCMQE,YKONWVIRECCMQE,2025.10,POSITIVE,[M+H]+,30.0,R8,R8i: scaffold group guard: group in the MURU exposure registry
MSBNK-Eawag-EQ01193303,MSBNK-Eawag-EQ01193303.txt,YKONWVIRECCMQE,YKONWVIRECCMQE,2025.10,POSITIVE,[M+H]+,45.0,R4,nce=45 not an adjudication cell (30 or 60)
MSBNK-Eawag-EQ01193304,MSBNK-Eawag-EQ01193304.txt,YKONWVIRECCMQE,YKONWVIRECCMQE,2025.10,POSITIVE,[M+H]+,60.0,R8,R8i: scaffold group guard: group in the MURU exposure registry
MSBNK-Eawag-EQ01193305,MSBNK-Eawag-EQ01193305.txt,YKONWVIRECCMQE,YKONWVIRECCMQE,2025.10,POSITIVE,[M+H]+,75.0,R4,nce=75 not an adjudication cell (30 or 60)
MSBNK-Eawag-EQ01193306,MSBNK-Eawag-EQ01193306.txt,YKONWVIRECCMQE,YKONWVIRECCMQE,2025.10,POSITIVE,[M+H]+,90.0,R4,nce=90 not an adjudication cell (30 or 60)
MSBNK-Eawag-EQ01193307,MSBNK-Eawag-EQ01193307.txt,YKONWVIRECCMQE,YKONWVIRECCMQE,2025.10,POSITIVE,[M+H]+,120.0,R4,nce=120 not an adjudication cell (30 or 60)
MSBNK-Eawag-EQ01193308,MSBNK-Eawag-EQ01193308.txt,YKONWVIRECCMQE,YKONWVIRECCMQE,2025.10,POSITIVE,[M+H]+,150.0,R4,nce=150 not an adjudication cell (30 or 60)
MSBNK-Eawag-EQ01193309,MSBNK-Eawag-EQ01193309.txt,YKONWVIRECCMQE,YKONWVIRECCMQE,2025.10,POSITIVE,[M+H]+,180.0,R4,nce=180 not an adjudication cell (30 or 60)
MSBNK-Eawag-EQ01193401,MSBNK-Eawag-EQ01193401.txt,WXHVQMGINBSVAY,WXHVQMGINBSVAY,2025.10,POSITIVE,[M+H]+,15.0,R4,nce=15 not an adjudication cell (30 or 60)
MSBNK-Eawag-EQ01193402,MSBNK-Eawag-EQ01193402.txt,WXHVQMGINBSVAY,WXHVQMGINBSVAY,2025.10,POSITIVE,[M+H]+,30.0,R8,R8i: scaffold group guard: group in the MURU exposure registry
MSBNK-Eawag-EQ01193403,MSBNK-Eawag-EQ01193403.txt,WXHVQMGINBSVAY,WXHVQMGINBSVAY,2025.10,POSITIVE,[M+H]+,45.0,R4,nce=45 not an adjudication cell (30 or 60)
MSBNK-Eawag-EQ01193404,MSBNK-Eawag-EQ01193404.txt,WXHVQMGINBSVAY,WXHVQMGINBSVAY,2025.10,POSITIVE,[M+H]+,60.0,R8,R8i: scaffold group guard: group in the MURU exposure registry
MSBNK-Eawag-EQ01193405,MSBNK-Eawag-EQ01193405.txt,WXHVQMGINBSVAY,WXHVQMGINBSVAY,2025.10,POSITIVE,[M+H]+,75.0,R4,nce=75 not an adjudication cell (30 or 60)
MSBNK-Eawag-EQ01193406,MSBNK-Eawag-EQ01193406.txt,WXHVQMGINBSVAY,WXHVQMGINBSVAY,2025.10,POSITIVE,[M+H]+,90.0,R4,nce=90 not an adjudication cell (30 or 60)
MSBNK-Eawag-EQ01193407,MSBNK-Eawag-EQ01193407.txt,WXHVQMGINBSVAY,WXHVQMGINBSVAY,2025.10,POSITIVE,[M+H]+,120.0,R4,nce=120 not an adjudication cell (30 or 60)
MSBNK-Eawag-EQ01193408,MSBNK-Eawag-EQ01193408.txt,WXHVQMGINBSVAY,WXHVQMGINBSVAY,2025.10,POSITIVE,[M+H]+,150.0,R4,nce=150 not an adjudication cell (30 or 60)
MSBNK-Eawag-EQ01193409,MSBNK-Eawag-EQ01193409.txt,WXHVQMGINBSVAY,WXHVQMGINBSVAY,2025.10,POSITIVE,[M+H]+,180.0,R4,nce=180 not an adjudication cell (30 or 60)
MSBNK-Eawag-EQ01193501,MSBNK-Eawag-EQ01193501.txt,FJKROLUGYXJWQN,FJKROLUGYXJWQN,2025.10,POSITIVE,[M+H]+,15.0,R4,nce=15 not an adjudication cell (30 or 60)
MSBNK-Eawag-EQ01193502,MSBNK-Eawag-EQ01193502.txt,FJKROLUGYXJWQN,FJKROLUGYXJWQN,2025.10,POSITIVE,[M+H]+,30.0,R8,R8a: compound key in MassSpecGym 1.5 by the recorded InChIKey route
MSBNK-Eawag-EQ01193503,MSBNK-Eawag-EQ01193503.txt,FJKROLUGYXJWQN,FJKROLUGYXJWQN,2025.10,POSITIVE,[M+H]+,45.0,R4,nce=45 not an adjudication cell (30 or 60)
MSBNK-Eawag-EQ01193504,MSBNK-Eawag-EQ01193504.txt,FJKROLUGYXJWQN,FJKROLUGYXJWQN,2025.10,POSITIVE,[M+H]+,60.0,R8,R8a: compound key in MassSpecGym 1.5 by the recorded InChIKey route
MSBNK-Eawag-EQ01193505,MSBNK-Eawag-EQ01193505.txt,FJKROLUGYXJWQN,FJKROLUGYXJWQN,2025.10,POSITIVE,[M+H]+,75.0,R4,nce=75 not an adjudication cell (30 or 60)
MSBNK-Eawag-EQ01193506,MSBNK-Eawag-EQ01193506.txt,FJKROLUGYXJWQN,FJKROLUGYXJWQN,2025.10,POSITIVE,[M+H]+,90.0,R4,nce=90 not an adjudication cell (30 or 60)
MSBNK-Eawag-EQ01193507,MSBNK-Eawag-EQ01193507.txt,FJKROLUGYXJWQN,FJKROLUGYXJWQN,2025.10,POSITIVE,[M+H]+,120.0,R4,nce=120 not an adjudication cell (30 or 60)
MSBNK-Eawag-EQ01193508,MSBNK-Eawag-EQ01193508.txt,FJKROLUGYXJWQN,FJKROLUGYXJWQN,2025.10,POSITIVE,[M+H]+,150.0,R4,nce=150 not an adjudication cell (30 or 60)
MSBNK-Eawag-EQ01193509,MSBNK-Eawag-EQ01193509.txt,FJKROLUGYXJWQN,FJKROLUGYXJWQN,2025.10,POSITIVE,[M+H]+,180.0,R4,nce=180 not an adjudication cell (30 or 60)
MSBNK-Eawag-EQ01193551,MSBNK-Eawag-EQ01193551.txt,FJKROLUGYXJWQN,FJKROLUGYXJWQN,2025.10,NEGATIVE,[M-H]-,15.0,R1,ion_mode=NEGATIVE precursor_type=[M-H]-
MSBNK-Eawag-EQ01193552,MSBNK-Eawag-EQ01193552.txt,FJKROLUGYXJWQN,FJKROLUGYXJWQN,2025.10,NEGATIVE,[M-H]-,30.0,R1,ion_mode=NEGATIVE precursor_type=[M-H]-
MSBNK-Eawag-EQ01193553,MSBNK-Eawag-EQ01193553.txt,FJKROLUGYXJWQN,FJKROLUGYXJWQN,2025.10,NEGATIVE,[M-H]-,45.0,R1,ion_mode=NEGATIVE precursor_type=[M-H]-
MSBNK-Eawag-EQ01193554,MSBNK-Eawag-EQ01193554.txt,FJKROLUGYXJWQN,FJKROLUGYXJWQN,2025.10,NEGATIVE,[M-H]-,60.0,R1,ion_mode=NEGATIVE precursor_type=[M-H]-
MSBNK-Eawag-EQ01193555,MSBNK-Eawag-EQ01193555.txt,FJKROLUGYXJWQN,FJKROLUGYXJWQN,2025.10,NEGATIVE,[M-H]-,75.0,R1,ion_mode=NEGATIVE precursor_type=[M-H]-
MSBNK-Eawag-EQ01193556,MSBNK-Eawag-EQ01193556.txt,FJKROLUGYXJWQN,FJKROLUGYXJWQN,2025.10,NEGATIVE,[M-H]-,90.0,R1,ion_mode=NEGATIVE precursor_type=[M-H]-
MSBNK-Eawag-EQ01193557,MSBNK-Eawag-EQ01193557.txt,FJKROLUGYXJWQN,FJKROLUGYXJWQN,2025.10,NEGATIVE,[M-H]-,120.0,R1,ion_mode=NEGATIVE precursor_type=[M-H]-
MSBNK-Eawag-EQ01193558,MSBNK-Eawag-EQ01193558.txt,FJKROLUGYXJWQN,FJKROLUGYXJWQN,2025.10,NEGATIVE,[M-H]-,150.0,R1,ion_mode=NEGATIVE precursor_type=[M-H]-
MSBNK-Eawag-EQ01193559,MSBNK-Eawag-EQ01193559.txt,FJKROLUGYXJWQN,FJKROLUGYXJWQN,2025.10,NEGATIVE,[M-H]-,180.0,R1,ion_mode=NEGATIVE precursor_type=[M-H]-
MSBNK-Eawag-EQ01193601,MSBNK-Eawag-EQ01193601.txt,TYCUSKFOGZNIBO,TYCUSKFOGZNIBO,2025.10,POSITIVE,[M+H]+,15.0,R4,nce=15 not an adjudication cell (30 or 60)
MSBNK-Eawag-EQ01193602,MSBNK-Eawag-EQ01193602.txt,TYCUSKFOGZNIBO,TYCUSKFOGZNIBO,2025.10,POSITIVE,[M+H]+,30.0,R8,R8i: scaffold group guard: group in the MURU exposure registry
MSBNK-Eawag-EQ01193603,MSBNK-Eawag-EQ01193603.txt,TYCUSKFOGZNIBO,TYCUSKFOGZNIBO,2025.10,POSITIVE,[M+H]+,45.0,R4,nce=45 not an adjudication cell (30 or 60)
MSBNK-Eawag-EQ01193604,MSBNK-Eawag-EQ01193604.txt,TYCUSKFOGZNIBO,TYCUSKFOGZNIBO,2025.10,POSITIVE,[M+H]+,60.0,R8,R8i: scaffold group guard: group in the MURU exposure registry
MSBNK-Eawag-EQ01193605,MSBNK-Eawag-EQ01193605.txt,TYCUSKFOGZNIBO,TYCUSKFOGZNIBO,2025.10,POSITIVE,[M+H]+,75.0,R4,nce=75 not an adjudication cell (30 or 60)
MSBNK-Eawag-EQ01193606,MSBNK-Eawag-EQ01193606.txt,TYCUSKFOGZNIBO,TYCUSKFOGZNIBO,2025.10,POSITIVE,[M+H]+,90.0,R4,nce=90 not an adjudication cell (30 or 60)
MSBNK-Eawag-EQ01193607,MSBNK-Eawag-EQ01193607.txt,TYCUSKFOGZNIBO,TYCUSKFOGZNIBO,2025.10,POSITIVE,[M+H]+,120.0,R4,nce=120 not an adjudication cell (30 or 60)
MSBNK-Eawag-EQ01193608,MSBNK-Eawag-EQ01193608.txt,TYCUSKFOGZNIBO,TYCUSKFOGZNIBO,2025.10,POSITIVE,[M+H]+,150.0,R4,nce=150 not an adjudication cell (30 or 60)
MSBNK-Eawag-EQ01193651,MSBNK-Eawag-EQ01193651.txt,TYCUSKFOGZNIBO,TYCUSKFOGZNIBO,2025.10,NEGATIVE,[M-H]-,15.0,R1,ion_mode=NEGATIVE precursor_type=[M-H]-
MSBNK-Eawag-EQ01193652,MSBNK-Eawag-EQ01193652.txt,TYCUSKFOGZNIBO,TYCUSKFOGZNIBO,2025.10,NEGATIVE,[M-H]-,30.0,R1,ion_mode=NEGATIVE precursor_type=[M-H]-
MSBNK-Eawag-EQ01193653,MSBNK-Eawag-EQ01193653.txt,TYCUSKFOGZNIBO,TYCUSKFOGZNIBO,2025.10,NEGATIVE,[M-H]-,45.0,R1,ion_mode=NEGATIVE precursor_type=[M-H]-
MSBNK-Eawag-EQ01193654,MSBNK-Eawag-EQ01193654.txt,TYCUSKFOGZNIBO,TYCUSKFOGZNIBO,2025.10,NEGATIVE,[M-H]-,60.0,R1,ion_mode=NEGATIVE precursor_type=[M-H]-
MSBNK-Eawag-EQ01193655,MSBNK-Eawag-EQ01193655.txt,TYCUSKFOGZNIBO,TYCUSKFOGZNIBO,2025.10,NEGATIVE,[M-H]-,75.0,R1,ion_mode=NEGATIVE precursor_type=[M-H]-
MSBNK-Eawag-EQ01193656,MSBNK-Eawag-EQ01193656.txt,TYCUSKFOGZNIBO,TYCUSKFOGZNIBO,2025.10,NEGATIVE,[M-H]-,90.0,R1,ion_mode=NEGATIVE precursor_type=[M-H]-
MSBNK-Eawag-EQ01193657,MSBNK-Eawag-EQ01193657.txt,TYCUSKFOGZNIBO,TYCUSKFOGZNIBO,2025.10,NEGATIVE,[M-H]-,120.0,R1,ion_mode=NEGATIVE precursor_type=[M-H]-
MSBNK-Eawag-EQ01193658,MSBNK-Eawag-EQ01193658.txt,TYCUSKFOGZNIBO,TYCUSKFOGZNIBO,2025.10,NEGATIVE,[M-H]-,150.0,R1,ion_mode=NEGATIVE precursor_type=[M-H]-
MSBNK-Eawag-EQ01193701,MSBNK-Eawag-EQ01193701.txt,VMZVBRIIHDRYGK,VMZVBRIIHDRYGK,2025.10,POSITIVE,[M+H]+,15.0,R4,nce=15 not an adjudication cell (30 or 60)
MSBNK-Eawag-EQ01193702,MSBNK-Eawag-EQ01193702.txt,VMZVBRIIHDRYGK,VMZVBRIIHDRYGK,2025.10,POSITIVE,[M+H]+,30.0,R8,R8i: scaffold group guard: group in the MURU exposure registry
MSBNK-Eawag-EQ01193703,MSBNK-Eawag-EQ01193703.txt,VMZVBRIIHDRYGK,VMZVBRIIHDRYGK,2025.10,POSITIVE,[M+H]+,45.0,R4,nce=45 not an adjudication cell (30 or 60)
MSBNK-Eawag-EQ01193704,MSBNK-Eawag-EQ01193704.txt,VMZVBRIIHDRYGK,VMZVBRIIHDRYGK,2025.10,POSITIVE,[M+H]+,60.0,R8,R8i: scaffold group guard: group in the MURU exposure registry
MSBNK-Eawag-EQ01193705,MSBNK-Eawag-EQ01193705.txt,VMZVBRIIHDRYGK,VMZVBRIIHDRYGK,2025.10,POSITIVE,[M+H]+,75.0,R4,nce=75 not an adjudication cell (30 or 60)
MSBNK-Eawag-EQ01193706,MSBNK-Eawag-EQ01193706.txt,VMZVBRIIHDRYGK,VMZVBRIIHDRYGK,2025.10,POSITIVE,[M+H]+,90.0,R4,nce=90 not an adjudication cell (30 or 60)
MSBNK-Eawag-EQ01193707,MSBNK-Eawag-EQ01193707.txt,VMZVBRIIHDRYGK,VMZVBRIIHDRYGK,2025.10,POSITIVE,[M+H]+,120.0,R4,nce=120 not an adjudication cell (30 or 60)
MSBNK-Eawag-EQ01193708,MSBNK-Eawag-EQ01193708.txt,VMZVBRIIHDRYGK,VMZVBRIIHDRYGK,2025.10,POSITIVE,[M+H]+,150.0,R4,nce=150 not an adjudication cell (30 or 60)
MSBNK-Eawag-EQ01193709,MSBNK-Eawag-EQ01193709.txt,VMZVBRIIHDRYGK,VMZVBRIIHDRYGK,2025.10,POSITIVE,[M+H]+,180.0,R4,nce=180 not an adjudication cell (30 or 60)
MSBNK-Eawag-EQ01193851,MSBNK-Eawag-EQ01193851.txt,HXIQYSLFEXIOAV,HXIQYSLFEXIOAV,2025.10,NEGATIVE,[M-H]-,15.0,R1,ion_mode=NEGATIVE precursor_type=[M-H]-
MSBNK-Eawag-EQ01193852,MSBNK-Eawag-EQ01193852.txt,HXIQYSLFEXIOAV,HXIQYSLFEXIOAV,2025.10,NEGATIVE,[M-H]-,30.0,R1,ion_mode=NEGATIVE precursor_type=[M-H]-
MSBNK-Eawag-EQ01193853,MSBNK-Eawag-EQ01193853.txt,HXIQYSLFEXIOAV,HXIQYSLFEXIOAV,2025.10,NEGATIVE,[M-H]-,45.0,R1,ion_mode=NEGATIVE precursor_type=[M-H]-
MSBNK-Eawag-EQ01193854,MSBNK-Eawag-EQ01193854.txt,HXIQYSLFEXIOAV,HXIQYSLFEXIOAV,2025.10,NEGATIVE,[M-H]-,60.0,R1,ion_mode=NEGATIVE precursor_type=[M-H]-
MSBNK-Eawag-EQ01193855,MSBNK-Eawag-EQ01193855.txt,HXIQYSLFEXIOAV,HXIQYSLFEXIOAV,2025.10,NEGATIVE,[M-H]-,75.0,R1,ion_mode=NEGATIVE precursor_type=[M-H]-
MSBNK-Eawag-EQ01193856,MSBNK-Eawag-EQ01193856.txt,HXIQYSLFEXIOAV,HXIQYSLFEXIOAV,2025.10,NEGATIVE,[M-H]-,90.0,R1,ion_mode=NEGATIVE precursor_type=[M-H]-
MSBNK-Eawag-EQ01193857,MSBNK-Eawag-EQ01193857.txt,HXIQYSLFEXIOAV,HXIQYSLFEXIOAV,2025.10,NEGATIVE,[M-H]-,120.0,R1,ion_mode=NEGATIVE precursor_type=[M-H]-
MSBNK-Eawag-EQ01193858,MSBNK-Eawag-EQ01193858.txt,HXIQYSLFEXIOAV,HXIQYSLFEXIOAV,2025.10,NEGATIVE,[M-H]-,150.0,R1,ion_mode=NEGATIVE precursor_type=[M-H]-
MSBNK-Eawag-EQ01193901,MSBNK-Eawag-EQ01193901.txt,KJYSXRBJOSZLEL,KJYSXRBJOSZLEL,2025.10,POSITIVE,[M+H]+,15.0,R4,nce=15 not an adjudication cell (30 or 60)
MSBNK-Eawag-EQ01193902,MSBNK-Eawag-EQ01193902.txt,KJYSXRBJOSZLEL,KJYSXRBJOSZLEL,2025.10,POSITIVE,[M+H]+,30.0,R8,R8i: scaffold group guard: group in the MURU exposure registry
MSBNK-Eawag-EQ01193903,MSBNK-Eawag-EQ01193903.txt,KJYSXRBJOSZLEL,KJYSXRBJOSZLEL,2025.10,POSITIVE,[M+H]+,45.0,R4,nce=45 not an adjudication cell (30 or 60)
MSBNK-Eawag-EQ01193904,MSBNK-Eawag-EQ01193904.txt,KJYSXRBJOSZLEL,KJYSXRBJOSZLEL,2025.10,POSITIVE,[M+H]+,60.0,R8,R8i: scaffold group guard: group in the MURU exposure registry
MSBNK-Eawag-EQ01193905,MSBNK-Eawag-EQ01193905.txt,KJYSXRBJOSZLEL,KJYSXRBJOSZLEL,2025.10,POSITIVE,[M+H]+,75.0,R4,nce=75 not an adjudication cell (30 or 60)
MSBNK-Eawag-EQ01193906,MSBNK-Eawag-EQ01193906.txt,KJYSXRBJOSZLEL,KJYSXRBJOSZLEL,2025.10,POSITIVE,[M+H]+,90.0,R4,nce=90 not an adjudication cell (30 or 60)
MSBNK-Eawag-EQ01193907,MSBNK-Eawag-EQ01193907.txt,KJYSXRBJOSZLEL,KJYSXRBJOSZLEL,2025.10,POSITIVE,[M+H]+,120.0,R4,nce=120 not an adjudication cell (30 or 60)
MSBNK-Eawag-EQ01193908,MSBNK-Eawag-EQ01193908.txt,KJYSXRBJOSZLEL,KJYSXRBJOSZLEL,2025.10,POSITIVE,[M+H]+,150.0,R4,nce=150 not an adjudication cell (30 or 60)
MSBNK-Eawag-EQ01193909,MSBNK-Eawag-EQ01193909.txt,KJYSXRBJOSZLEL,KJYSXRBJOSZLEL,2025.10,POSITIVE,[M+H]+,180.0,R4,nce=180 not an adjudication cell (30 or 60)
MSBNK-Eawag-EQ01193951,MSBNK-Eawag-EQ01193951.txt,KJYSXRBJOSZLEL,KJYSXRBJOSZLEL,2025.10,NEGATIVE,[M-H]-,15.0,R1,ion_mode=NEGATIVE precursor_type=[M-H]-
MSBNK-Eawag-EQ01193952,MSBNK-Eawag-EQ01193952.txt,KJYSXRBJOSZLEL,KJYSXRBJOSZLEL,2025.10,NEGATIVE,[M-H]-,30.0,R1,ion_mode=NEGATIVE precursor_type=[M-H]-
MSBNK-Eawag-EQ01193953,MSBNK-Eawag-EQ01193953.txt,KJYSXRBJOSZLEL,KJYSXRBJOSZLEL,2025.10,NEGATIVE,[M-H]-,45.0,R1,ion_mode=NEGATIVE precursor_type=[M-H]-
MSBNK-Eawag-EQ01193954,MSBNK-Eawag-EQ01193954.txt,KJYSXRBJOSZLEL,KJYSXRBJOSZLEL,2025.10,NEGATIVE,[M-H]-,60.0,R1,ion_mode=NEGATIVE precursor_type=[M-H]-
MSBNK-Eawag-EQ01193955,MSBNK-Eawag-EQ01193955.txt,KJYSXRBJOSZLEL,KJYSXRBJOSZLEL,2025.10,NEGATIVE,[M-H]-,75.0,R1,ion_mode=NEGATIVE precursor_type=[M-H]-
MSBNK-Eawag-EQ01193956,MSBNK-Eawag-EQ01193956.txt,KJYSXRBJOSZLEL,KJYSXRBJOSZLEL,2025.10,NEGATIVE,[M-H]-,90.0,R1,ion_mode=NEGATIVE precursor_type=[M-H]-
MSBNK-Eawag-EQ01193957,MSBNK-Eawag-EQ01193957.txt,KJYSXRBJOSZLEL,KJYSXRBJOSZLEL,2025.10,NEGATIVE,[M-H]-,120.0,R1,ion_mode=NEGATIVE precursor_type=[M-H]-
MSBNK-Eawag-EQ01194051,MSBNK-Eawag-EQ01194051.txt,PRWJPWSKLXYEPD,PRWJPWSKLXYEPD,2025.10,NEGATIVE,[M-H]-,15.0,R1,ion_mode=NEGATIVE precursor_type=[M-H]-
MSBNK-Eawag-EQ01194052,MSBNK-Eawag-EQ01194052.txt,PRWJPWSKLXYEPD,PRWJPWSKLXYEPD,2025.10,NEGATIVE,[M-H]-,30.0,R1,ion_mode=NEGATIVE precursor_type=[M-H]-
MSBNK-Eawag-EQ01194053,MSBNK-Eawag-EQ01194053.txt,PRWJPWSKLXYEPD,PRWJPWSKLXYEPD,2025.10,NEGATIVE,[M-H]-,45.0,R1,ion_mode=NEGATIVE precursor_type=[M-H]-
MSBNK-Eawag-EQ01194054,MSBNK-Eawag-EQ01194054.txt,PRWJPWSKLXYEPD,PRWJPWSKLXYEPD,2025.10,NEGATIVE,[M-H]-,60.0,R1,ion_mode=NEGATIVE precursor_type=[M-H]-
MSBNK-Eawag-EQ01194055,MSBNK-Eawag-EQ01194055.txt,PRWJPWSKLXYEPD,PRWJPWSKLXYEPD,2025.10,NEGATIVE,[M-H]-,75.0,R1,ion_mode=NEGATIVE precursor_type=[M-H]-
MSBNK-Eawag-EQ01194056,MSBNK-Eawag-EQ01194056.txt,PRWJPWSKLXYEPD,PRWJPWSKLXYEPD,2025.10,NEGATIVE,[M-H]-,90.0,R1,ion_mode=NEGATIVE precursor_type=[M-H]-
MSBNK-Eawag-EQ01194101,MSBNK-Eawag-EQ01194101.txt,VCYCUECVHJJFIQ,VCYCUECVHJJFIQ,2025.10,POSITIVE,[M+H]+,15.0,R4,nce=15 not an adjudication cell (30 or 60)
MSBNK-Eawag-EQ01194102,MSBNK-Eawag-EQ01194102.txt,VCYCUECVHJJFIQ,VCYCUECVHJJFIQ,2025.10,POSITIVE,[M+H]+,30.0,R8,R8i: scaffold group guard: group in the MURU exposure registry
MSBNK-Eawag-EQ01194103,MSBNK-Eawag-EQ01194103.txt,VCYCUECVHJJFIQ,VCYCUECVHJJFIQ,2025.10,POSITIVE,[M+H]+,45.0,R4,nce=45 not an adjudication cell (30 or 60)
MSBNK-Eawag-EQ01194104,MSBNK-Eawag-EQ01194104.txt,VCYCUECVHJJFIQ,VCYCUECVHJJFIQ,2025.10,POSITIVE,[M+H]+,60.0,R8,R8i: scaffold group guard: group in the MURU exposure registry
MSBNK-Eawag-EQ01194105,MSBNK-Eawag-EQ01194105.txt,VCYCUECVHJJFIQ,VCYCUECVHJJFIQ,2025.10,POSITIVE,[M+H]+,75.0,R4,nce=75 not an adjudication cell (30 or 60)
MSBNK-Eawag-EQ01194106,MSBNK-Eawag-EQ01194106.txt,VCYCUECVHJJFIQ,VCYCUECVHJJFIQ,2025.10,POSITIVE,[M+H]+,90.0,R4,nce=90 not an adjudication cell (30 or 60)
MSBNK-Eawag-EQ01194107,MSBNK-Eawag-EQ01194107.txt,VCYCUECVHJJFIQ,VCYCUECVHJJFIQ,2025.10,POSITIVE,[M+H]+,120.0,R4,nce=120 not an adjudication cell (30 or 60)
MSBNK-Eawag-EQ01194108,MSBNK-Eawag-EQ01194108.txt,VCYCUECVHJJFIQ,VCYCUECVHJJFIQ,2025.10,POSITIVE,[M+H]+,150.0,R4,nce=150 not an adjudication cell (30 or 60)
MSBNK-Eawag-EQ01194109,MSBNK-Eawag-EQ01194109.txt,VCYCUECVHJJFIQ,VCYCUECVHJJFIQ,2025.10,POSITIVE,[M+H]+,180.0,R4,nce=180 not an adjudication cell (30 or 60)
MSBNK-Eawag-EQ01194451,MSBNK-Eawag-EQ01194451.txt,WQGWDDDVZFFDIG,WQGWDDDVZFFDIG,2025.10,NEGATIVE,[M-H]-,15.0,R1,ion_mode=NEGATIVE precursor_type=[M-H]-
MSBNK-Eawag-EQ01194452,MSBNK-Eawag-EQ01194452.txt,WQGWDDDVZFFDIG,WQGWDDDVZFFDIG,2025.10,NEGATIVE,[M-H]-,30.0,R1,ion_mode=NEGATIVE precursor_type=[M-H]-
MSBNK-Eawag-EQ01194453,MSBNK-Eawag-EQ01194453.txt,WQGWDDDVZFFDIG,WQGWDDDVZFFDIG,2025.10,NEGATIVE,[M-H]-,45.0,R1,ion_mode=NEGATIVE precursor_type=[M-H]-
MSBNK-Eawag-EQ01194454,MSBNK-Eawag-EQ01194454.txt,WQGWDDDVZFFDIG,WQGWDDDVZFFDIG,2025.10,NEGATIVE,[M-H]-,60.0,R1,ion_mode=NEGATIVE precursor_type=[M-H]-
MSBNK-Eawag-EQ01194455,MSBNK-Eawag-EQ01194455.txt,WQGWDDDVZFFDIG,WQGWDDDVZFFDIG,2025.10,NEGATIVE,[M-H]-,75.0,R1,ion_mode=NEGATIVE precursor_type=[M-H]-
MSBNK-Eawag-EQ01194501,MSBNK-Eawag-EQ01194501.txt,AKNMPWVTPUHKCG,AKNMPWVTPUHKCG,2025.10,POSITIVE,[M+H]+,15.0,R4,nce=15 not an adjudication cell (30 or 60)
MSBNK-Eawag-EQ01194502,MSBNK-Eawag-EQ01194502.txt,AKNMPWVTPUHKCG,AKNMPWVTPUHKCG,2025.10,POSITIVE,[M+H]+,30.0,PASS,eligible
MSBNK-Eawag-EQ01194503,MSBNK-Eawag-EQ01194503.txt,AKNMPWVTPUHKCG,AKNMPWVTPUHKCG,2025.10,POSITIVE,[M+H]+,45.0,R4,nce=45 not an adjudication cell (30 or 60)
MSBNK-Eawag-EQ01194504,MSBNK-Eawag-EQ01194504.txt,AKNMPWVTPUHKCG,AKNMPWVTPUHKCG,2025.10,POSITIVE,[M+H]+,60.0,PASS,eligible
MSBNK-Eawag-EQ01194505,MSBNK-Eawag-EQ01194505.txt,AKNMPWVTPUHKCG,AKNMPWVTPUHKCG,2025.10,POSITIVE,[M+H]+,75.0,R4,nce=75 not an adjudication cell (30 or 60)
MSBNK-Eawag-EQ01194506,MSBNK-Eawag-EQ01194506.txt,AKNMPWVTPUHKCG,AKNMPWVTPUHKCG,2025.10,POSITIVE,[M+H]+,90.0,R4,nce=90 not an adjudication cell (30 or 60)
MSBNK-Eawag-EQ01194551,MSBNK-Eawag-EQ01194551.txt,AKNMPWVTPUHKCG,AKNMPWVTPUHKCG,2025.10,NEGATIVE,[M-H]-,15.0,R1,ion_mode=NEGATIVE precursor_type=[M-H]-
MSBNK-Eawag-EQ01194552,MSBNK-Eawag-EQ01194552.txt,AKNMPWVTPUHKCG,AKNMPWVTPUHKCG,2025.10,NEGATIVE,[M-H]-,30.0,R1,ion_mode=NEGATIVE precursor_type=[M-H]-
MSBNK-Eawag-EQ01194553,MSBNK-Eawag-EQ01194553.txt,AKNMPWVTPUHKCG,AKNMPWVTPUHKCG,2025.10,NEGATIVE,[M-H]-,45.0,R1,ion_mode=NEGATIVE precursor_type=[M-H]-
MSBNK-Eawag-EQ01194554,MSBNK-Eawag-EQ01194554.txt,AKNMPWVTPUHKCG,AKNMPWVTPUHKCG,2025.10,NEGATIVE,[M-H]-,60.0,R1,ion_mode=NEGATIVE precursor_type=[M-H]-
MSBNK-Eawag-EQ01194555,MSBNK-Eawag-EQ01194555.txt,AKNMPWVTPUHKCG,AKNMPWVTPUHKCG,2025.10,NEGATIVE,[M-H]-,75.0,R1,ion_mode=NEGATIVE precursor_type=[M-H]-
MSBNK-Eawag-EQ01194556,MSBNK-Eawag-EQ01194556.txt,AKNMPWVTPUHKCG,AKNMPWVTPUHKCG,2025.10,NEGATIVE,[M-H]-,90.0,R1,ion_mode=NEGATIVE precursor_type=[M-H]-
MSBNK-Eawag-EQ01194557,MSBNK-Eawag-EQ01194557.txt,AKNMPWVTPUHKCG,AKNMPWVTPUHKCG,2025.10,NEGATIVE,[M-H]-,120.0,R1,ion_mode=NEGATIVE precursor_type=[M-H]-
MSBNK-Eawag-EQ01194558,MSBNK-Eawag-EQ01194558.txt,AKNMPWVTPUHKCG,AKNMPWVTPUHKCG,2025.10,NEGATIVE,[M-H]-,150.0,R1,ion_mode=NEGATIVE precursor_type=[M-H]-
MSBNK-Eawag-EQ01194801,MSBNK-Eawag-EQ01194801.txt,FLPKSBDJMLUTEX,FLPKSBDJMLUTEX,2025.10,POSITIVE,[M+H]+,15.0,R4,nce=15 not an adjudication cell (30 or 60)
MSBNK-Eawag-EQ01194802,MSBNK-Eawag-EQ01194802.txt,FLPKSBDJMLUTEX,FLPKSBDJMLUTEX,2025.10,POSITIVE,[M+H]+,30.0,PASS,eligible
MSBNK-Eawag-EQ01194803,MSBNK-Eawag-EQ01194803.txt,FLPKSBDJMLUTEX,FLPKSBDJMLUTEX,2025.10,POSITIVE,[M+H]+,45.0,R4,nce=45 not an adjudication cell (30 or 60)
MSBNK-Eawag-EQ01194804,MSBNK-Eawag-EQ01194804.txt,FLPKSBDJMLUTEX,FLPKSBDJMLUTEX,2025.10,POSITIVE,[M+H]+,60.0,PASS,eligible
MSBNK-Eawag-EQ01194805,MSBNK-Eawag-EQ01194805.txt,FLPKSBDJMLUTEX,FLPKSBDJMLUTEX,2025.10,POSITIVE,[M+H]+,75.0,R4,nce=75 not an adjudication cell (30 or 60)
MSBNK-Eawag-EQ01194806,MSBNK-Eawag-EQ01194806.txt,FLPKSBDJMLUTEX,FLPKSBDJMLUTEX,2025.10,POSITIVE,[M+H]+,90.0,R4,nce=90 not an adjudication cell (30 or 60)
MSBNK-Eawag-EQ01194807,MSBNK-Eawag-EQ01194807.txt,FLPKSBDJMLUTEX,FLPKSBDJMLUTEX,2025.10,POSITIVE,[M+H]+,120.0,R4,nce=120 not an adjudication cell (30 or 60)
MSBNK-Eawag-EQ01194808,MSBNK-Eawag-EQ01194808.txt,FLPKSBDJMLUTEX,FLPKSBDJMLUTEX,2025.10,POSITIVE,[M+H]+,150.0,R4,nce=150 not an adjudication cell (30 or 60)
MSBNK-Eawag-EQ01194809,MSBNK-Eawag-EQ01194809.txt,FLPKSBDJMLUTEX,FLPKSBDJMLUTEX,2025.10,POSITIVE,[M+H]+,180.0,R4,nce=180 not an adjudication cell (30 or 60)
MSBNK-Eawag-EQ01195001,MSBNK-Eawag-EQ01195001.txt,FCGKUUOTWLWJHE,FCGKUUOTWLWJHE,2025.10,POSITIVE,[M+H]+,15.0,R4,nce=15 not an adjudication cell (30 or 60)
MSBNK-Eawag-EQ01195002,MSBNK-Eawag-EQ01195002.txt,FCGKUUOTWLWJHE,FCGKUUOTWLWJHE,2025.10,POSITIVE,[M+H]+,30.0,R8,R8d: compound in the MURU exposure registry
MSBNK-Eawag-EQ01195003,MSBNK-Eawag-EQ01195003.txt,FCGKUUOTWLWJHE,FCGKUUOTWLWJHE,2025.10,POSITIVE,[M+H]+,45.0,R4,nce=45 not an adjudication cell (30 or 60)
MSBNK-Eawag-EQ01195004,MSBNK-Eawag-EQ01195004.txt,FCGKUUOTWLWJHE,FCGKUUOTWLWJHE,2025.10,POSITIVE,[M+H]+,60.0,R8,R8d: compound in the MURU exposure registry
MSBNK-Eawag-EQ01195005,MSBNK-Eawag-EQ01195005.txt,FCGKUUOTWLWJHE,FCGKUUOTWLWJHE,2025.10,POSITIVE,[M+H]+,75.0,R4,nce=75 not an adjudication cell (30 or 60)
MSBNK-Eawag-EQ01195006,MSBNK-Eawag-EQ01195006.txt,FCGKUUOTWLWJHE,FCGKUUOTWLWJHE,2025.10,POSITIVE,[M+H]+,90.0,R4,nce=90 not an adjudication cell (30 or 60)
MSBNK-Eawag-EQ01195007,MSBNK-Eawag-EQ01195007.txt,FCGKUUOTWLWJHE,FCGKUUOTWLWJHE,2025.10,POSITIVE,[M+H]+,120.0,R4,nce=120 not an adjudication cell (30 or 60)
MSBNK-Eawag-EQ01195008,MSBNK-Eawag-EQ01195008.txt,FCGKUUOTWLWJHE,FCGKUUOTWLWJHE,2025.10,POSITIVE,[M+H]+,150.0,R4,nce=150 not an adjudication cell (30 or 60)
MSBNK-Eawag-EQ01195009,MSBNK-Eawag-EQ01195009.txt,FCGKUUOTWLWJHE,FCGKUUOTWLWJHE,2025.10,POSITIVE,[M+H]+,180.0,R4,nce=180 not an adjudication cell (30 or 60)
MSBNK-Eawag-EQ01195051,MSBNK-Eawag-EQ01195051.txt,FCGKUUOTWLWJHE,FCGKUUOTWLWJHE,2025.10,NEGATIVE,[M-H]-,15.0,R1,ion_mode=NEGATIVE precursor_type=[M-H]-
MSBNK-Eawag-EQ01195052,MSBNK-Eawag-EQ01195052.txt,FCGKUUOTWLWJHE,FCGKUUOTWLWJHE,2025.10,NEGATIVE,[M-H]-,30.0,R1,ion_mode=NEGATIVE precursor_type=[M-H]-
MSBNK-Eawag-EQ01195053,MSBNK-Eawag-EQ01195053.txt,FCGKUUOTWLWJHE,FCGKUUOTWLWJHE,2025.10,NEGATIVE,[M-H]-,45.0,R1,ion_mode=NEGATIVE precursor_type=[M-H]-
MSBNK-Eawag-EQ01195054,MSBNK-Eawag-EQ01195054.txt,FCGKUUOTWLWJHE,FCGKUUOTWLWJHE,2025.10,NEGATIVE,[M-H]-,60.0,R1,ion_mode=NEGATIVE precursor_type=[M-H]-
MSBNK-Eawag-EQ01195055,MSBNK-Eawag-EQ01195055.txt,FCGKUUOTWLWJHE,FCGKUUOTWLWJHE,2025.10,NEGATIVE,[M-H]-,75.0,R1,ion_mode=NEGATIVE precursor_type=[M-H]-
MSBNK-Eawag-EQ01195056,MSBNK-Eawag-EQ01195056.txt,FCGKUUOTWLWJHE,FCGKUUOTWLWJHE,2025.10,NEGATIVE,[M-H]-,90.0,R1,ion_mode=NEGATIVE precursor_type=[M-H]-
MSBNK-Eawag-EQ01195101,MSBNK-Eawag-EQ01195101.txt,UTGQNNCQYDRXCH,UTGQNNCQYDRXCH,2025.10,POSITIVE,[M+H]+,15.0,R4,nce=15 not an adjudication cell (30 or 60)
MSBNK-Eawag-EQ01195102,MSBNK-Eawag-EQ01195102.txt,UTGQNNCQYDRXCH,UTGQNNCQYDRXCH,2025.10,POSITIVE,[M+H]+,30.0,R8,R8a: compound key in MassSpecGym 1.5 by the recorded InChIKey route
MSBNK-Eawag-EQ01195103,MSBNK-Eawag-EQ01195103.txt,UTGQNNCQYDRXCH,UTGQNNCQYDRXCH,2025.10,POSITIVE,[M+H]+,45.0,R4,nce=45 not an adjudication cell (30 or 60)
MSBNK-Eawag-EQ01195104,MSBNK-Eawag-EQ01195104.txt,UTGQNNCQYDRXCH,UTGQNNCQYDRXCH,2025.10,POSITIVE,[M+H]+,60.0,R8,R8a: compound key in MassSpecGym 1.5 by the recorded InChIKey route
MSBNK-Eawag-EQ01195105,MSBNK-Eawag-EQ01195105.txt,UTGQNNCQYDRXCH,UTGQNNCQYDRXCH,2025.10,POSITIVE,[M+H]+,75.0,R4,nce=75 not an adjudication cell (30 or 60)
MSBNK-Eawag-EQ01195106,MSBNK-Eawag-EQ01195106.txt,UTGQNNCQYDRXCH,UTGQNNCQYDRXCH,2025.10,POSITIVE,[M+H]+,90.0,R4,nce=90 not an adjudication cell (30 or 60)
MSBNK-Eawag-EQ01195107,MSBNK-Eawag-EQ01195107.txt,UTGQNNCQYDRXCH,UTGQNNCQYDRXCH,2025.10,POSITIVE,[M+H]+,120.0,R4,nce=120 not an adjudication cell (30 or 60)
MSBNK-Eawag-EQ01195108,MSBNK-Eawag-EQ01195108.txt,UTGQNNCQYDRXCH,UTGQNNCQYDRXCH,2025.10,POSITIVE,[M+H]+,150.0,R4,nce=150 not an adjudication cell (30 or 60)
MSBNK-Eawag-EQ01195109,MSBNK-Eawag-EQ01195109.txt,UTGQNNCQYDRXCH,UTGQNNCQYDRXCH,2025.10,POSITIVE,[M+H]+,180.0,R4,nce=180 not an adjudication cell (30 or 60)
MSBNK-Eawag-EQ01195201,MSBNK-Eawag-EQ01195201.txt,ZJNLYGOUHDJHMG,ZJNLYGOUHDJHMG,2025.10,POSITIVE,[M+H]+,15.0,R4,nce=15 not an adjudication cell (30 or 60)
MSBNK-Eawag-EQ01195202,MSBNK-Eawag-EQ01195202.txt,ZJNLYGOUHDJHMG,ZJNLYGOUHDJHMG,2025.10,POSITIVE,[M+H]+,30.0,R8,R8i: scaffold group guard: group in the MURU exposure registry
MSBNK-Eawag-EQ01195203,MSBNK-Eawag-EQ01195203.txt,ZJNLYGOUHDJHMG,ZJNLYGOUHDJHMG,2025.10,POSITIVE,[M+H]+,45.0,R4,nce=45 not an adjudication cell (30 or 60)
MSBNK-Eawag-EQ01195204,MSBNK-Eawag-EQ01195204.txt,ZJNLYGOUHDJHMG,ZJNLYGOUHDJHMG,2025.10,POSITIVE,[M+H]+,60.0,R8,R8i: scaffold group guard: group in the MURU exposure registry
MSBNK-Eawag-EQ01195205,MSBNK-Eawag-EQ01195205.txt,ZJNLYGOUHDJHMG,ZJNLYGOUHDJHMG,2025.10,POSITIVE,[M+H]+,75.0,R4,nce=75 not an adjudication cell (30 or 60)
MSBNK-Eawag-EQ01195206,MSBNK-Eawag-EQ01195206.txt,ZJNLYGOUHDJHMG,ZJNLYGOUHDJHMG,2025.10,POSITIVE,[M+H]+,90.0,R4,nce=90 not an adjudication cell (30 or 60)
MSBNK-Eawag-EQ01195207,MSBNK-Eawag-EQ01195207.txt,ZJNLYGOUHDJHMG,ZJNLYGOUHDJHMG,2025.10,POSITIVE,[M+H]+,120.0,R4,nce=120 not an adjudication cell (30 or 60)
MSBNK-Eawag-EQ01195208,MSBNK-Eawag-EQ01195208.txt,ZJNLYGOUHDJHMG,ZJNLYGOUHDJHMG,2025.10,POSITIVE,[M+H]+,150.0,R4,nce=150 not an adjudication cell (30 or 60)
MSBNK-Eawag-EQ01195209,MSBNK-Eawag-EQ01195209.txt,ZJNLYGOUHDJHMG,ZJNLYGOUHDJHMG,2025.10,POSITIVE,[M+H]+,180.0,R4,nce=180 not an adjudication cell (30 or 60)
MSBNK-Eawag-EQ01195301,MSBNK-Eawag-EQ01195301.txt,QAPVYZRWKDXNDK,QAPVYZRWKDXNDK,2025.10,POSITIVE,[M+H]+,15.0,R4,nce=15 not an adjudication cell (30 or 60)
MSBNK-Eawag-EQ01195302,MSBNK-Eawag-EQ01195302.txt,QAPVYZRWKDXNDK,QAPVYZRWKDXNDK,2025.10,POSITIVE,[M+H]+,30.0,R8,R8i: scaffold group guard: group in the MURU exposure registry
MSBNK-Eawag-EQ01195303,MSBNK-Eawag-EQ01195303.txt,QAPVYZRWKDXNDK,QAPVYZRWKDXNDK,2025.10,POSITIVE,[M+H]+,45.0,R4,nce=45 not an adjudication cell (30 or 60)
MSBNK-Eawag-EQ01195304,MSBNK-Eawag-EQ01195304.txt,QAPVYZRWKDXNDK,QAPVYZRWKDXNDK,2025.10,POSITIVE,[M+H]+,60.0,R8,R8i: scaffold group guard: group in the MURU exposure registry
MSBNK-Eawag-EQ01195305,MSBNK-Eawag-EQ01195305.txt,QAPVYZRWKDXNDK,QAPVYZRWKDXNDK,2025.10,POSITIVE,[M+H]+,75.0,R4,nce=75 not an adjudication cell (30 or 60)
MSBNK-Eawag-EQ01195306,MSBNK-Eawag-EQ01195306.txt,QAPVYZRWKDXNDK,QAPVYZRWKDXNDK,2025.10,POSITIVE,[M+H]+,90.0,R4,nce=90 not an adjudication cell (30 or 60)
MSBNK-Eawag-EQ01195307,MSBNK-Eawag-EQ01195307.txt,QAPVYZRWKDXNDK,QAPVYZRWKDXNDK,2025.10,POSITIVE,[M+H]+,120.0,R4,nce=120 not an adjudication cell (30 or 60)
MSBNK-Eawag-EQ01195308,MSBNK-Eawag-EQ01195308.txt,QAPVYZRWKDXNDK,QAPVYZRWKDXNDK,2025.10,POSITIVE,[M+H]+,150.0,R4,nce=150 not an adjudication cell (30 or 60)
MSBNK-Eawag-EQ01195309,MSBNK-Eawag-EQ01195309.txt,QAPVYZRWKDXNDK,QAPVYZRWKDXNDK,2025.10,POSITIVE,[M+H]+,180.0,R4,nce=180 not an adjudication cell (30 or 60)
MSBNK-Eawag-EQ01195501,MSBNK-Eawag-EQ01195501.txt,WMBWREPUVVBILR,WMBWREPUVVBILR,2025.10,POSITIVE,[M+H]+,15.0,R4,nce=15 not an adjudication cell (30 or 60)
MSBNK-Eawag-EQ01195502,MSBNK-Eawag-EQ01195502.txt,WMBWREPUVVBILR,WMBWREPUVVBILR,2025.10,POSITIVE,[M+H]+,30.0,R8,R8a: compound key in MassSpecGym 1.5 by the recorded InChIKey route
MSBNK-Eawag-EQ01195503,MSBNK-Eawag-EQ01195503.txt,WMBWREPUVVBILR,WMBWREPUVVBILR,2025.10,POSITIVE,[M+H]+,45.0,R4,nce=45 not an adjudication cell (30 or 60)
MSBNK-Eawag-EQ01195504,MSBNK-Eawag-EQ01195504.txt,WMBWREPUVVBILR,WMBWREPUVVBILR,2025.10,POSITIVE,[M+H]+,60.0,R8,R8a: compound key in MassSpecGym 1.5 by the recorded InChIKey route
MSBNK-Eawag-EQ01195505,MSBNK-Eawag-EQ01195505.txt,WMBWREPUVVBILR,WMBWREPUVVBILR,2025.10,POSITIVE,[M+H]+,75.0,R4,nce=75 not an adjudication cell (30 or 60)
MSBNK-Eawag-EQ01195506,MSBNK-Eawag-EQ01195506.txt,WMBWREPUVVBILR,WMBWREPUVVBILR,2025.10,POSITIVE,[M+H]+,90.0,R4,nce=90 not an adjudication cell (30 or 60)
MSBNK-Eawag-EQ01195507,MSBNK-Eawag-EQ01195507.txt,WMBWREPUVVBILR,WMBWREPUVVBILR,2025.10,POSITIVE,[M+H]+,120.0,R4,nce=120 not an adjudication cell (30 or 60)
MSBNK-Eawag-EQ01195508,MSBNK-Eawag-EQ01195508.txt,WMBWREPUVVBILR,WMBWREPUVVBILR,2025.10,POSITIVE,[M+H]+,150.0,R4,nce=150 not an adjudication cell (30 or 60)
MSBNK-Eawag-EQ01195509,MSBNK-Eawag-EQ01195509.txt,WMBWREPUVVBILR,WMBWREPUVVBILR,2025.10,POSITIVE,[M+H]+,180.0,R4,nce=180 not an adjudication cell (30 or 60)
MSBNK-Eawag-EQ01195551,MSBNK-Eawag-EQ01195551.txt,WMBWREPUVVBILR,WMBWREPUVVBILR,2025.10,NEGATIVE,[M-H]-,15.0,R1,ion_mode=NEGATIVE precursor_type=[M-H]-
MSBNK-Eawag-EQ01195552,MSBNK-Eawag-EQ01195552.txt,WMBWREPUVVBILR,WMBWREPUVVBILR,2025.10,NEGATIVE,[M-H]-,30.0,R1,ion_mode=NEGATIVE precursor_type=[M-H]-
MSBNK-Eawag-EQ01195553,MSBNK-Eawag-EQ01195553.txt,WMBWREPUVVBILR,WMBWREPUVVBILR,2025.10,NEGATIVE,[M-H]-,45.0,R1,ion_mode=NEGATIVE precursor_type=[M-H]-
MSBNK-Eawag-EQ01195554,MSBNK-Eawag-EQ01195554.txt,WMBWREPUVVBILR,WMBWREPUVVBILR,2025.10,NEGATIVE,[M-H]-,60.0,R1,ion_mode=NEGATIVE precursor_type=[M-H]-
MSBNK-Eawag-EQ01195555,MSBNK-Eawag-EQ01195555.txt,WMBWREPUVVBILR,WMBWREPUVVBILR,2025.10,NEGATIVE,[M-H]-,75.0,R1,ion_mode=NEGATIVE precursor_type=[M-H]-
MSBNK-Eawag-EQ01195556,MSBNK-Eawag-EQ01195556.txt,WMBWREPUVVBILR,WMBWREPUVVBILR,2025.10,NEGATIVE,[M-H]-,90.0,R1,ion_mode=NEGATIVE precursor_type=[M-H]-
MSBNK-Eawag-EQ01195557,MSBNK-Eawag-EQ01195557.txt,WMBWREPUVVBILR,WMBWREPUVVBILR,2025.10,NEGATIVE,[M-H]-,120.0,R1,ion_mode=NEGATIVE precursor_type=[M-H]-
MSBNK-Eawag-EQ01195558,MSBNK-Eawag-EQ01195558.txt,WMBWREPUVVBILR,WMBWREPUVVBILR,2025.10,NEGATIVE,[M-H]-,150.0,R1,ion_mode=NEGATIVE precursor_type=[M-H]-
MSBNK-Eawag-EQ01197001,MSBNK-Eawag-EQ01197001.txt,FSWDLYNGJBGFJH,FSWDLYNGJBGFJH,2025.10,POSITIVE,[M+H]+,15.0,R4,nce=15 not an adjudication cell (30 or 60)
MSBNK-Eawag-EQ01197002,MSBNK-Eawag-EQ01197002.txt,FSWDLYNGJBGFJH,FSWDLYNGJBGFJH,2025.10,POSITIVE,[M+H]+,30.0,R8,R8i: scaffold group guard: group in the MURU exposure registry
MSBNK-Eawag-EQ01197003,MSBNK-Eawag-EQ01197003.txt,FSWDLYNGJBGFJH,FSWDLYNGJBGFJH,2025.10,POSITIVE,[M+H]+,45.0,R4,nce=45 not an adjudication cell (30 or 60)
MSBNK-Eawag-EQ01197004,MSBNK-Eawag-EQ01197004.txt,FSWDLYNGJBGFJH,FSWDLYNGJBGFJH,2025.10,POSITIVE,[M+H]+,60.0,R8,R8i: scaffold group guard: group in the MURU exposure registry
MSBNK-Eawag-EQ01197005,MSBNK-Eawag-EQ01197005.txt,FSWDLYNGJBGFJH,FSWDLYNGJBGFJH,2025.10,POSITIVE,[M+H]+,75.0,R4,nce=75 not an adjudication cell (30 or 60)
MSBNK-Eawag-EQ01197006,MSBNK-Eawag-EQ01197006.txt,FSWDLYNGJBGFJH,FSWDLYNGJBGFJH,2025.10,POSITIVE,[M+H]+,90.0,R4,nce=90 not an adjudication cell (30 or 60)
MSBNK-Eawag-EQ01197007,MSBNK-Eawag-EQ01197007.txt,FSWDLYNGJBGFJH,FSWDLYNGJBGFJH,2025.10,POSITIVE,[M+H]+,120.0,R4,nce=120 not an adjudication cell (30 or 60)
MSBNK-Eawag-EQ01197008,MSBNK-Eawag-EQ01197008.txt,FSWDLYNGJBGFJH,FSWDLYNGJBGFJH,2025.10,POSITIVE,[M+H]+,150.0,R4,nce=150 not an adjudication cell (30 or 60)
MSBNK-Eawag-EQ01197009,MSBNK-Eawag-EQ01197009.txt,FSWDLYNGJBGFJH,FSWDLYNGJBGFJH,2025.10,POSITIVE,[M+H]+,180.0,R4,nce=180 not an adjudication cell (30 or 60)
MSBNK-Eawag-EQ01197101,MSBNK-Eawag-EQ01197101.txt,JQTYAZKTBXWQOM,JQTYAZKTBXWQOM,2025.10,POSITIVE,[M+H]+,15.0,R4,nce=15 not an adjudication cell (30 or 60)
MSBNK-Eawag-EQ01197102,MSBNK-Eawag-EQ01197102.txt,JQTYAZKTBXWQOM,JQTYAZKTBXWQOM,2025.10,POSITIVE,[M+H]+,30.0,R8,R8a: compound key in MassSpecGym 1.5 by the recorded InChIKey route
MSBNK-Eawag-EQ01197103,MSBNK-Eawag-EQ01197103.txt,JQTYAZKTBXWQOM,JQTYAZKTBXWQOM,2025.10,POSITIVE,[M+H]+,45.0,R4,nce=45 not an adjudication cell (30 or 60)
MSBNK-Eawag-EQ01197104,MSBNK-Eawag-EQ01197104.txt,JQTYAZKTBXWQOM,JQTYAZKTBXWQOM,2025.10,POSITIVE,[M+H]+,60.0,R8,R8a: compound key in MassSpecGym 1.5 by the recorded InChIKey route
MSBNK-Eawag-EQ01197105,MSBNK-Eawag-EQ01197105.txt,JQTYAZKTBXWQOM,JQTYAZKTBXWQOM,2025.10,POSITIVE,[M+H]+,75.0,R4,nce=75 not an adjudication cell (30 or 60)
MSBNK-Eawag-EQ01197106,MSBNK-Eawag-EQ01197106.txt,JQTYAZKTBXWQOM,JQTYAZKTBXWQOM,2025.10,POSITIVE,[M+H]+,90.0,R4,nce=90 not an adjudication cell (30 or 60)
MSBNK-Eawag-EQ01197107,MSBNK-Eawag-EQ01197107.txt,JQTYAZKTBXWQOM,JQTYAZKTBXWQOM,2025.10,POSITIVE,[M+H]+,120.0,R4,nce=120 not an adjudication cell (30 or 60)
MSBNK-Eawag-EQ01197108,MSBNK-Eawag-EQ01197108.txt,JQTYAZKTBXWQOM,JQTYAZKTBXWQOM,2025.10,POSITIVE,[M+H]+,150.0,R4,nce=150 not an adjudication cell (30 or 60)
MSBNK-Eawag-EQ01197109,MSBNK-Eawag-EQ01197109.txt,JQTYAZKTBXWQOM,JQTYAZKTBXWQOM,2025.10,POSITIVE,[M+H]+,180.0,R4,nce=180 not an adjudication cell (30 or 60)
MSBNK-Eawag-EQ01197201,MSBNK-Eawag-EQ01197201.txt,HCAJQHYUCKICQH,HCAJQHYUCKICQH,2025.10,POSITIVE,[M+H]+,15.0,R4,nce=15 not an adjudication cell (30 or 60)
MSBNK-Eawag-EQ01197202,MSBNK-Eawag-EQ01197202.txt,HCAJQHYUCKICQH,HCAJQHYUCKICQH,2025.10,POSITIVE,[M+H]+,30.0,R8,R8d: compound in the MURU exposure registry
MSBNK-Eawag-EQ01197203,MSBNK-Eawag-EQ01197203.txt,HCAJQHYUCKICQH,HCAJQHYUCKICQH,2025.10,POSITIVE,[M+H]+,45.0,R4,nce=45 not an adjudication cell (30 or 60)
MSBNK-Eawag-EQ01197204,MSBNK-Eawag-EQ01197204.txt,HCAJQHYUCKICQH,HCAJQHYUCKICQH,2025.10,POSITIVE,[M+H]+,60.0,R8,R8d: compound in the MURU exposure registry
MSBNK-Eawag-EQ01197205,MSBNK-Eawag-EQ01197205.txt,HCAJQHYUCKICQH,HCAJQHYUCKICQH,2025.10,POSITIVE,[M+H]+,75.0,R4,nce=75 not an adjudication cell (30 or 60)
MSBNK-Eawag-EQ01197206,MSBNK-Eawag-EQ01197206.txt,HCAJQHYUCKICQH,HCAJQHYUCKICQH,2025.10,POSITIVE,[M+H]+,90.0,R4,nce=90 not an adjudication cell (30 or 60)
MSBNK-Eawag-EQ01197207,MSBNK-Eawag-EQ01197207.txt,HCAJQHYUCKICQH,HCAJQHYUCKICQH,2025.10,POSITIVE,[M+H]+,120.0,R4,nce=120 not an adjudication cell (30 or 60)
MSBNK-Eawag-EQ01197208,MSBNK-Eawag-EQ01197208.txt,HCAJQHYUCKICQH,HCAJQHYUCKICQH,2025.10,POSITIVE,[M+H]+,150.0,R4,nce=150 not an adjudication cell (30 or 60)
MSBNK-Eawag-EQ01197209,MSBNK-Eawag-EQ01197209.txt,HCAJQHYUCKICQH,HCAJQHYUCKICQH,2025.10,POSITIVE,[M+H]+,180.0,R4,nce=180 not an adjudication cell (30 or 60)
MSBNK-Eawag-EQ01197251,MSBNK-Eawag-EQ01197251.txt,HCAJQHYUCKICQH,HCAJQHYUCKICQH,2025.10,NEGATIVE,[M-H]-,15.0,R1,ion_mode=NEGATIVE precursor_type=[M-H]-
MSBNK-Eawag-EQ01197252,MSBNK-Eawag-EQ01197252.txt,HCAJQHYUCKICQH,HCAJQHYUCKICQH,2025.10,NEGATIVE,[M-H]-,30.0,R1,ion_mode=NEGATIVE precursor_type=[M-H]-
MSBNK-Eawag-EQ01197253,MSBNK-Eawag-EQ01197253.txt,HCAJQHYUCKICQH,HCAJQHYUCKICQH,2025.10,NEGATIVE,[M-H]-,45.0,R1,ion_mode=NEGATIVE precursor_type=[M-H]-
MSBNK-Eawag-EQ01197254,MSBNK-Eawag-EQ01197254.txt,HCAJQHYUCKICQH,HCAJQHYUCKICQH,2025.10,NEGATIVE,[M-H]-,60.0,R1,ion_mode=NEGATIVE precursor_type=[M-H]-
MSBNK-Eawag-EQ01197255,MSBNK-Eawag-EQ01197255.txt,HCAJQHYUCKICQH,HCAJQHYUCKICQH,2025.10,NEGATIVE,[M-H]-,75.0,R1,ion_mode=NEGATIVE precursor_type=[M-H]-
MSBNK-Eawag-EQ01197256,MSBNK-Eawag-EQ01197256.txt,HCAJQHYUCKICQH,HCAJQHYUCKICQH,2025.10,NEGATIVE,[M-H]-,90.0,R1,ion_mode=NEGATIVE precursor_type=[M-H]-
MSBNK-Eawag-EQ01197257,MSBNK-Eawag-EQ01197257.txt,HCAJQHYUCKICQH,HCAJQHYUCKICQH,2025.10,NEGATIVE,[M-H]-,120.0,R1,ion_mode=NEGATIVE precursor_type=[M-H]-
MSBNK-Eawag-EQ01197258,MSBNK-Eawag-EQ01197258.txt,HCAJQHYUCKICQH,HCAJQHYUCKICQH,2025.10,NEGATIVE,[M-H]-,150.0,R1,ion_mode=NEGATIVE precursor_type=[M-H]-
MSBNK-Eawag-EQ01197259,MSBNK-Eawag-EQ01197259.txt,HCAJQHYUCKICQH,HCAJQHYUCKICQH,2025.10,NEGATIVE,[M-H]-,180.0,R1,ion_mode=NEGATIVE precursor_type=[M-H]-
MSBNK-Eawag-EQ01199401,MSBNK-Eawag-EQ01199401.txt,MBXOLPUMNTXLOV,MBXOLPUMNTXLOV,2025.10,POSITIVE,[M+H]+,15.0,R4,nce=15 not an adjudication cell (30 or 60)
MSBNK-Eawag-EQ01199402,MSBNK-Eawag-EQ01199402.txt,MBXOLPUMNTXLOV,MBXOLPUMNTXLOV,2025.10,POSITIVE,[M+H]+,30.0,PASS,eligible
MSBNK-Eawag-EQ01199403,MSBNK-Eawag-EQ01199403.txt,MBXOLPUMNTXLOV,MBXOLPUMNTXLOV,2025.10,POSITIVE,[M+H]+,45.0,R4,nce=45 not an adjudication cell (30 or 60)
MSBNK-Eawag-EQ01199404,MSBNK-Eawag-EQ01199404.txt,MBXOLPUMNTXLOV,MBXOLPUMNTXLOV,2025.10,POSITIVE,[M+H]+,60.0,PASS,eligible
MSBNK-Eawag-EQ01199405,MSBNK-Eawag-EQ01199405.txt,MBXOLPUMNTXLOV,MBXOLPUMNTXLOV,2025.10,POSITIVE,[M+H]+,75.0,R4,nce=75 not an adjudication cell (30 or 60)
MSBNK-Eawag-EQ01199406,MSBNK-Eawag-EQ01199406.txt,MBXOLPUMNTXLOV,MBXOLPUMNTXLOV,2025.10,POSITIVE,[M+H]+,90.0,R4,nce=90 not an adjudication cell (30 or 60)
MSBNK-Eawag-EQ01199407,MSBNK-Eawag-EQ01199407.txt,MBXOLPUMNTXLOV,MBXOLPUMNTXLOV,2025.10,POSITIVE,[M+H]+,120.0,R4,nce=120 not an adjudication cell (30 or 60)
MSBNK-Eawag-EQ01199408,MSBNK-Eawag-EQ01199408.txt,MBXOLPUMNTXLOV,MBXOLPUMNTXLOV,2025.10,POSITIVE,[M+H]+,150.0,R4,nce=150 not an adjudication cell (30 or 60)
MSBNK-Eawag-EQ01199409,MSBNK-Eawag-EQ01199409.txt,MBXOLPUMNTXLOV,MBXOLPUMNTXLOV,2025.10,POSITIVE,[M+H]+,180.0,R4,nce=180 not an adjudication cell (30 or 60)
MSBNK-Eawag-EQ01199501,MSBNK-Eawag-EQ01199501.txt,VVMQRZZXKNDPOT,VVMQRZZXKNDPOT,2025.10,POSITIVE,[M+H]+,15.0,R4,nce=15 not an adjudication cell (30 or 60)
MSBNK-Eawag-EQ01199502,MSBNK-Eawag-EQ01199502.txt,VVMQRZZXKNDPOT,VVMQRZZXKNDPOT,2025.10,POSITIVE,[M+H]+,30.0,R8,R8d: compound in the MURU exposure registry
MSBNK-Eawag-EQ01199503,MSBNK-Eawag-EQ01199503.txt,VVMQRZZXKNDPOT,VVMQRZZXKNDPOT,2025.10,POSITIVE,[M+H]+,45.0,R4,nce=45 not an adjudication cell (30 or 60)
MSBNK-Eawag-EQ01199504,MSBNK-Eawag-EQ01199504.txt,VVMQRZZXKNDPOT,VVMQRZZXKNDPOT,2025.10,POSITIVE,[M+H]+,60.0,R8,R8d: compound in the MURU exposure registry
MSBNK-Eawag-EQ01199505,MSBNK-Eawag-EQ01199505.txt,VVMQRZZXKNDPOT,VVMQRZZXKNDPOT,2025.10,POSITIVE,[M+H]+,75.0,R4,nce=75 not an adjudication cell (30 or 60)
MSBNK-Eawag-EQ01199506,MSBNK-Eawag-EQ01199506.txt,VVMQRZZXKNDPOT,VVMQRZZXKNDPOT,2025.10,POSITIVE,[M+H]+,90.0,R4,nce=90 not an adjudication cell (30 or 60)
MSBNK-Eawag-EQ01199507,MSBNK-Eawag-EQ01199507.txt,VVMQRZZXKNDPOT,VVMQRZZXKNDPOT,2025.10,POSITIVE,[M+H]+,120.0,R4,nce=120 not an adjudication cell (30 or 60)
MSBNK-Eawag-EQ01199508,MSBNK-Eawag-EQ01199508.txt,VVMQRZZXKNDPOT,VVMQRZZXKNDPOT,2025.10,POSITIVE,[M+H]+,150.0,R4,nce=150 not an adjudication cell (30 or 60)
MSBNK-Eawag-EQ01199509,MSBNK-Eawag-EQ01199509.txt,VVMQRZZXKNDPOT,VVMQRZZXKNDPOT,2025.10,POSITIVE,[M+H]+,180.0,R4,nce=180 not an adjudication cell (30 or 60)
MSBNK-Eawag-EQ01199701,MSBNK-Eawag-EQ01199701.txt,NHNAFOYMIQFCGO,NHNAFOYMIQFCGO,dev,POSITIVE,[M+H]+,15.0,R4,nce=15 not an adjudication cell (30 or 60)
MSBNK-Eawag-EQ01199702,MSBNK-Eawag-EQ01199702.txt,NHNAFOYMIQFCGO,NHNAFOYMIQFCGO,dev,POSITIVE,[M+H]+,30.0,R5,"first_ref=dev not a tagged release ['2024.06', '2024.11', '2025.10']"
MSBNK-Eawag-EQ01199703,MSBNK-Eawag-EQ01199703.txt,NHNAFOYMIQFCGO,NHNAFOYMIQFCGO,dev,POSITIVE,[M+H]+,45.0,R4,nce=45 not an adjudication cell (30 or 60)
MSBNK-Eawag-EQ01199704,MSBNK-Eawag-EQ01199704.txt,NHNAFOYMIQFCGO,NHNAFOYMIQFCGO,dev,POSITIVE,[M+H]+,60.0,R5,"first_ref=dev not a tagged release ['2024.06', '2024.11', '2025.10']"
MSBNK-Eawag-EQ01199705,MSBNK-Eawag-EQ01199705.txt,NHNAFOYMIQFCGO,NHNAFOYMIQFCGO,dev,POSITIVE,[M+H]+,75.0,R4,nce=75 not an adjudication cell (30 or 60)
MSBNK-Eawag-EQ01199706,MSBNK-Eawag-EQ01199706.txt,NHNAFOYMIQFCGO,NHNAFOYMIQFCGO,dev,POSITIVE,[M+H]+,90.0,R4,nce=90 not an adjudication cell (30 or 60)
MSBNK-Eawag-EQ01199707,MSBNK-Eawag-EQ01199707.txt,NHNAFOYMIQFCGO,NHNAFOYMIQFCGO,dev,POSITIVE,[M+H]+,120.0,R4,nce=120 not an adjudication cell (30 or 60)
MSBNK-Eawag-EQ01199708,MSBNK-Eawag-EQ01199708.txt,NHNAFOYMIQFCGO,NHNAFOYMIQFCGO,dev,POSITIVE,[M+H]+,150.0,R4,nce=150 not an adjudication cell (30 or 60)
MSBNK-Eawag-EQ01199709,MSBNK-Eawag-EQ01199709.txt,NHNAFOYMIQFCGO,NHNAFOYMIQFCGO,dev,POSITIVE,[M+H]+,180.0,R4,nce=180 not an adjudication cell (30 or 60)
MSBNK-Eawag-EQ01199801,MSBNK-Eawag-EQ01199801.txt,PFTAWBLQPZVEMU,PFTAWBLQPZVEMU,2025.10,POSITIVE,[M+H]+,15.0,R4,nce=15 not an adjudication cell (30 or 60)
MSBNK-Eawag-EQ01199802,MSBNK-Eawag-EQ01199802.txt,PFTAWBLQPZVEMU,PFTAWBLQPZVEMU,2025.10,POSITIVE,[M+H]+,30.0,R8,R8a: compound key in MassSpecGym 1.5 by the recorded InChIKey route
MSBNK-Eawag-EQ01199803,MSBNK-Eawag-EQ01199803.txt,PFTAWBLQPZVEMU,PFTAWBLQPZVEMU,2025.10,POSITIVE,[M+H]+,45.0,R4,nce=45 not an adjudication cell (30 or 60)
MSBNK-Eawag-EQ01199804,MSBNK-Eawag-EQ01199804.txt,PFTAWBLQPZVEMU,PFTAWBLQPZVEMU,2025.10,POSITIVE,[M+H]+,60.0,R8,R8a: compound key in MassSpecGym 1.5 by the recorded InChIKey route
MSBNK-Eawag-EQ01199805,MSBNK-Eawag-EQ01199805.txt,PFTAWBLQPZVEMU,PFTAWBLQPZVEMU,2025.10,POSITIVE,[M+H]+,75.0,R4,nce=75 not an adjudication cell (30 or 60)
MSBNK-Eawag-EQ01199806,MSBNK-Eawag-EQ01199806.txt,PFTAWBLQPZVEMU,PFTAWBLQPZVEMU,2025.10,POSITIVE,[M+H]+,90.0,R4,nce=90 not an adjudication cell (30 or 60)
MSBNK-Eawag-EQ01199807,MSBNK-Eawag-EQ01199807.txt,PFTAWBLQPZVEMU,PFTAWBLQPZVEMU,2025.10,POSITIVE,[M+H]+,120.0,R4,nce=120 not an adjudication cell (30 or 60)
MSBNK-Eawag-EQ01199808,MSBNK-Eawag-EQ01199808.txt,PFTAWBLQPZVEMU,PFTAWBLQPZVEMU,2025.10,POSITIVE,[M+H]+,150.0,R4,nce=150 not an adjudication cell (30 or 60)
MSBNK-Eawag-EQ01199809,MSBNK-Eawag-EQ01199809.txt,PFTAWBLQPZVEMU,PFTAWBLQPZVEMU,2025.10,POSITIVE,[M+H]+,180.0,R4,nce=180 not an adjudication cell (30 or 60)
MSBNK-Eawag-EQ01199851,MSBNK-Eawag-EQ01199851.txt,PFTAWBLQPZVEMU,PFTAWBLQPZVEMU,2025.10,NEGATIVE,[M-H]-,15.0,R1,ion_mode=NEGATIVE precursor_type=[M-H]-
MSBNK-Eawag-EQ01199852,MSBNK-Eawag-EQ01199852.txt,PFTAWBLQPZVEMU,PFTAWBLQPZVEMU,2025.10,NEGATIVE,[M-H]-,30.0,R1,ion_mode=NEGATIVE precursor_type=[M-H]-
MSBNK-Eawag-EQ01199853,MSBNK-Eawag-EQ01199853.txt,PFTAWBLQPZVEMU,PFTAWBLQPZVEMU,2025.10,NEGATIVE,[M-H]-,45.0,R1,ion_mode=NEGATIVE precursor_type=[M-H]-
MSBNK-Eawag-EQ01199854,MSBNK-Eawag-EQ01199854.txt,PFTAWBLQPZVEMU,PFTAWBLQPZVEMU,2025.10,NEGATIVE,[M-H]-,60.0,R1,ion_mode=NEGATIVE precursor_type=[M-H]-
MSBNK-Eawag-EQ01199855,MSBNK-Eawag-EQ01199855.txt,PFTAWBLQPZVEMU,PFTAWBLQPZVEMU,2025.10,NEGATIVE,[M-H]-,75.0,R1,ion_mode=NEGATIVE precursor_type=[M-H]-
MSBNK-Eawag-EQ01199856,MSBNK-Eawag-EQ01199856.txt,PFTAWBLQPZVEMU,PFTAWBLQPZVEMU,2025.10,NEGATIVE,[M-H]-,90.0,R1,ion_mode=NEGATIVE precursor_type=[M-H]-
MSBNK-Eawag-EQ01199857,MSBNK-Eawag-EQ01199857.txt,PFTAWBLQPZVEMU,PFTAWBLQPZVEMU,2025.10,NEGATIVE,[M-H]-,120.0,R1,ion_mode=NEGATIVE precursor_type=[M-H]-
MSBNK-Eawag-EQ01199858,MSBNK-Eawag-EQ01199858.txt,PFTAWBLQPZVEMU,PFTAWBLQPZVEMU,2025.10,NEGATIVE,[M-H]-,150.0,R1,ion_mode=NEGATIVE precursor_type=[M-H]-
MSBNK-Eawag-EQ01199901,MSBNK-Eawag-EQ01199901.txt,IYRMWMYZSQPJKC,IYRMWMYZSQPJKC,2025.10,POSITIVE,[M+H]+,15.0,R4,nce=15 not an adjudication cell (30 or 60)
MSBNK-Eawag-EQ01199902,MSBNK-Eawag-EQ01199902.txt,IYRMWMYZSQPJKC,IYRMWMYZSQPJKC,2025.10,POSITIVE,[M+H]+,30.0,R8,R8a: compound key in MassSpecGym 1.5 by the recorded InChIKey route
MSBNK-Eawag-EQ01199903,MSBNK-Eawag-EQ01199903.txt,IYRMWMYZSQPJKC,IYRMWMYZSQPJKC,2025.10,POSITIVE,[M+H]+,45.0,R4,nce=45 not an adjudication cell (30 or 60)
MSBNK-Eawag-EQ01199904,MSBNK-Eawag-EQ01199904.txt,IYRMWMYZSQPJKC,IYRMWMYZSQPJKC,2025.10,POSITIVE,[M+H]+,60.0,R8,R8a: compound key in MassSpecGym 1.5 by the recorded InChIKey route
MSBNK-Eawag-EQ01199905,MSBNK-Eawag-EQ01199905.txt,IYRMWMYZSQPJKC,IYRMWMYZSQPJKC,2025.10,POSITIVE,[M+H]+,75.0,R4,nce=75 not an adjudication cell (30 or 60)
MSBNK-Eawag-EQ01199906,MSBNK-Eawag-EQ01199906.txt,IYRMWMYZSQPJKC,IYRMWMYZSQPJKC,2025.10,POSITIVE,[M+H]+,90.0,R4,nce=90 not an adjudication cell (30 or 60)
MSBNK-Eawag-EQ01199907,MSBNK-Eawag-EQ01199907.txt,IYRMWMYZSQPJKC,IYRMWMYZSQPJKC,2025.10,POSITIVE,[M+H]+,120.0,R4,nce=120 not an adjudication cell (30 or 60)
MSBNK-Eawag-EQ01199908,MSBNK-Eawag-EQ01199908.txt,IYRMWMYZSQPJKC,IYRMWMYZSQPJKC,2025.10,POSITIVE,[M+H]+,150.0,R4,nce=150 not an adjudication cell (30 or 60)
MSBNK-Eawag-EQ01199909,MSBNK-Eawag-EQ01199909.txt,IYRMWMYZSQPJKC,IYRMWMYZSQPJKC,2025.10,POSITIVE,[M+H]+,180.0,R4,nce=180 not an adjudication cell (30 or 60)
MSBNK-Eawag-EQ01199951,MSBNK-Eawag-EQ01199951.txt,IYRMWMYZSQPJKC,IYRMWMYZSQPJKC,2025.10,NEGATIVE,[M-H]-,15.0,R1,ion_mode=NEGATIVE precursor_type=[M-H]-
MSBNK-Eawag-EQ01199952,MSBNK-Eawag-EQ01199952.txt,IYRMWMYZSQPJKC,IYRMWMYZSQPJKC,2025.10,NEGATIVE,[M-H]-,30.0,R1,ion_mode=NEGATIVE precursor_type=[M-H]-
MSBNK-Eawag-EQ01199953,MSBNK-Eawag-EQ01199953.txt,IYRMWMYZSQPJKC,IYRMWMYZSQPJKC,2025.10,NEGATIVE,[M-H]-,45.0,R1,ion_mode=NEGATIVE precursor_type=[M-H]-
MSBNK-Eawag-EQ01199954,MSBNK-Eawag-EQ01199954.txt,IYRMWMYZSQPJKC,IYRMWMYZSQPJKC,2025.10,NEGATIVE,[M-H]-,60.0,R1,ion_mode=NEGATIVE precursor_type=[M-H]-
MSBNK-Eawag-EQ01199955,MSBNK-Eawag-EQ01199955.txt,IYRMWMYZSQPJKC,IYRMWMYZSQPJKC,2025.10,NEGATIVE,[M-H]-,75.0,R1,ion_mode=NEGATIVE precursor_type=[M-H]-
MSBNK-Eawag-EQ01199956,MSBNK-Eawag-EQ01199956.txt,IYRMWMYZSQPJKC,IYRMWMYZSQPJKC,2025.10,NEGATIVE,[M-H]-,90.0,R1,ion_mode=NEGATIVE precursor_type=[M-H]-
MSBNK-Eawag-EQ01199957,MSBNK-Eawag-EQ01199957.txt,IYRMWMYZSQPJKC,IYRMWMYZSQPJKC,2025.10,NEGATIVE,[M-H]-,120.0,R1,ion_mode=NEGATIVE precursor_type=[M-H]-
MSBNK-Eawag-EQ01199958,MSBNK-Eawag-EQ01199958.txt,IYRMWMYZSQPJKC,IYRMWMYZSQPJKC,2025.10,NEGATIVE,[M-H]-,150.0,R1,ion_mode=NEGATIVE precursor_type=[M-H]-
MSBNK-Eawag-EQ01200001,MSBNK-Eawag-EQ01200001.txt,FTVWIRXFELQLPI,FTVWIRXFELQLPI,2025.10,POSITIVE,[M+H]+,15.0,R4,nce=15 not an adjudication cell (30 or 60)
MSBNK-Eawag-EQ01200002,MSBNK-Eawag-EQ01200002.txt,FTVWIRXFELQLPI,FTVWIRXFELQLPI,2025.10,POSITIVE,[M+H]+,30.0,R8,R8a: compound key in MassSpecGym 1.5 by the recorded InChIKey route
MSBNK-Eawag-EQ01200003,MSBNK-Eawag-EQ01200003.txt,FTVWIRXFELQLPI,FTVWIRXFELQLPI,2025.10,POSITIVE,[M+H]+,45.0,R4,nce=45 not an adjudication cell (30 or 60)
MSBNK-Eawag-EQ01200004,MSBNK-Eawag-EQ01200004.txt,FTVWIRXFELQLPI,FTVWIRXFELQLPI,2025.10,POSITIVE,[M+H]+,60.0,R8,R8a: compound key in MassSpecGym 1.5 by the recorded InChIKey route
MSBNK-Eawag-EQ01200005,MSBNK-Eawag-EQ01200005.txt,FTVWIRXFELQLPI,FTVWIRXFELQLPI,2025.10,POSITIVE,[M+H]+,75.0,R4,nce=75 not an adjudication cell (30 or 60)
MSBNK-Eawag-EQ01200006,MSBNK-Eawag-EQ01200006.txt,FTVWIRXFELQLPI,FTVWIRXFELQLPI,2025.10,POSITIVE,[M+H]+,90.0,R4,nce=90 not an adjudication cell (30 or 60)
MSBNK-Eawag-EQ01200007,MSBNK-Eawag-EQ01200007.txt,FTVWIRXFELQLPI,FTVWIRXFELQLPI,2025.10,POSITIVE,[M+H]+,120.0,R4,nce=120 not an adjudication cell (30 or 60)
MSBNK-Eawag-EQ01200008,MSBNK-Eawag-EQ01200008.txt,FTVWIRXFELQLPI,FTVWIRXFELQLPI,2025.10,POSITIVE,[M+H]+,150.0,R4,nce=150 not an adjudication cell (30 or 60)
MSBNK-Eawag-EQ01200009,MSBNK-Eawag-EQ01200009.txt,FTVWIRXFELQLPI,FTVWIRXFELQLPI,2025.10,POSITIVE,[M+H]+,180.0,R4,nce=180 not an adjudication cell (30 or 60)
MSBNK-Eawag-EQ01200051,MSBNK-Eawag-EQ01200051.txt,FTVWIRXFELQLPI,FTVWIRXFELQLPI,2025.10,NEGATIVE,[M-H]-,15.0,R1,ion_mode=NEGATIVE precursor_type=[M-H]-
MSBNK-Eawag-EQ01200052,MSBNK-Eawag-EQ01200052.txt,FTVWIRXFELQLPI,FTVWIRXFELQLPI,2025.10,NEGATIVE,[M-H]-,30.0,R1,ion_mode=NEGATIVE precursor_type=[M-H]-
MSBNK-Eawag-EQ01200053,MSBNK-Eawag-EQ01200053.txt,FTVWIRXFELQLPI,FTVWIRXFELQLPI,2025.10,NEGATIVE,[M-H]-,45.0,R1,ion_mode=NEGATIVE precursor_type=[M-H]-
MSBNK-Eawag-EQ01200054,MSBNK-Eawag-EQ01200054.txt,FTVWIRXFELQLPI,FTVWIRXFELQLPI,2025.10,NEGATIVE,[M-H]-,60.0,R1,ion_mode=NEGATIVE precursor_type=[M-H]-
MSBNK-Eawag-EQ01200055,MSBNK-Eawag-EQ01200055.txt,FTVWIRXFELQLPI,FTVWIRXFELQLPI,2025.10,NEGATIVE,[M-H]-,75.0,R1,ion_mode=NEGATIVE precursor_type=[M-H]-
MSBNK-Eawag-EQ01200056,MSBNK-Eawag-EQ01200056.txt,FTVWIRXFELQLPI,FTVWIRXFELQLPI,2025.10,NEGATIVE,[M-H]-,90.0,R1,ion_mode=NEGATIVE precursor_type=[M-H]-
MSBNK-Eawag-EQ01200057,MSBNK-Eawag-EQ01200057.txt,FTVWIRXFELQLPI,FTVWIRXFELQLPI,2025.10,NEGATIVE,[M-H]-,120.0,R1,ion_mode=NEGATIVE precursor_type=[M-H]-
MSBNK-Eawag-EQ01200058,MSBNK-Eawag-EQ01200058.txt,FTVWIRXFELQLPI,FTVWIRXFELQLPI,2025.10,NEGATIVE,[M-H]-,150.0,R1,ion_mode=NEGATIVE precursor_type=[M-H]-
MSBNK-Eawag-EQ01200059,MSBNK-Eawag-EQ01200059.txt,FTVWIRXFELQLPI,FTVWIRXFELQLPI,2025.10,NEGATIVE,[M-H]-,180.0,R1,ion_mode=NEGATIVE precursor_type=[M-H]-
MSBNK-Eawag-EQ01200201,MSBNK-Eawag-EQ01200201.txt,UBMGKRIXKUIXFQ,UBMGKRIXKUIXFQ,2025.10,POSITIVE,[M+H]+,15.0,R4,nce=15 not an adjudication cell (30 or 60)
MSBNK-Eawag-EQ01200202,MSBNK-Eawag-EQ01200202.txt,UBMGKRIXKUIXFQ,UBMGKRIXKUIXFQ,2025.10,POSITIVE,[M+H]+,30.0,R8,R8a: compound key in MassSpecGym 1.5 by the recorded InChIKey route
MSBNK-Eawag-EQ01200203,MSBNK-Eawag-EQ01200203.txt,UBMGKRIXKUIXFQ,UBMGKRIXKUIXFQ,2025.10,POSITIVE,[M+H]+,45.0,R4,nce=45 not an adjudication cell (30 or 60)
MSBNK-Eawag-EQ01200204,MSBNK-Eawag-EQ01200204.txt,UBMGKRIXKUIXFQ,UBMGKRIXKUIXFQ,2025.10,POSITIVE,[M+H]+,60.0,R8,R8a: compound key in MassSpecGym 1.5 by the recorded InChIKey route
MSBNK-Eawag-EQ01200205,MSBNK-Eawag-EQ01200205.txt,UBMGKRIXKUIXFQ,UBMGKRIXKUIXFQ,2025.10,POSITIVE,[M+H]+,75.0,R4,nce=75 not an adjudication cell (30 or 60)
MSBNK-Eawag-EQ01200206,MSBNK-Eawag-EQ01200206.txt,UBMGKRIXKUIXFQ,UBMGKRIXKUIXFQ,2025.10,POSITIVE,[M+H]+,90.0,R4,nce=90 not an adjudication cell (30 or 60)
MSBNK-Eawag-EQ01200207,MSBNK-Eawag-EQ01200207.txt,UBMGKRIXKUIXFQ,UBMGKRIXKUIXFQ,2025.10,POSITIVE,[M+H]+,120.0,R4,nce=120 not an adjudication cell (30 or 60)
MSBNK-Eawag-EQ01200208,MSBNK-Eawag-EQ01200208.txt,UBMGKRIXKUIXFQ,UBMGKRIXKUIXFQ,2025.10,POSITIVE,[M+H]+,150.0,R4,nce=150 not an adjudication cell (30 or 60)
MSBNK-Eawag-EQ01200209,MSBNK-Eawag-EQ01200209.txt,UBMGKRIXKUIXFQ,UBMGKRIXKUIXFQ,2025.10,POSITIVE,[M+H]+,180.0,R4,nce=180 not an adjudication cell (30 or 60)
MSBNK-Eawag-EQ01200301,MSBNK-Eawag-EQ01200301.txt,FSYDWKPCKNCRDI,FSYDWKPCKNCRDI,2025.10,POSITIVE,[M+H]+,15.0,R4,nce=15 not an adjudication cell (30 or 60)
MSBNK-Eawag-EQ01200302,MSBNK-Eawag-EQ01200302.txt,FSYDWKPCKNCRDI,FSYDWKPCKNCRDI,2025.10,POSITIVE,[M+H]+,30.0,R8,R8i: scaffold group guard: group in the MURU exposure registry
MSBNK-Eawag-EQ01200303,MSBNK-Eawag-EQ01200303.txt,FSYDWKPCKNCRDI,FSYDWKPCKNCRDI,2025.10,POSITIVE,[M+H]+,45.0,R4,nce=45 not an adjudication cell (30 or 60)
MSBNK-Eawag-EQ01200304,MSBNK-Eawag-EQ01200304.txt,FSYDWKPCKNCRDI,FSYDWKPCKNCRDI,2025.10,POSITIVE,[M+H]+,60.0,R8,R8i: scaffold group guard: group in the MURU exposure registry
MSBNK-Eawag-EQ01200305,MSBNK-Eawag-EQ01200305.txt,FSYDWKPCKNCRDI,FSYDWKPCKNCRDI,2025.10,POSITIVE,[M+H]+,75.0,R4,nce=75 not an adjudication cell (30 or 60)
MSBNK-Eawag-EQ01200306,MSBNK-Eawag-EQ01200306.txt,FSYDWKPCKNCRDI,FSYDWKPCKNCRDI,2025.10,POSITIVE,[M+H]+,90.0,R4,nce=90 not an adjudication cell (30 or 60)
MSBNK-Eawag-EQ01200307,MSBNK-Eawag-EQ01200307.txt,FSYDWKPCKNCRDI,FSYDWKPCKNCRDI,2025.10,POSITIVE,[M+H]+,120.0,R4,nce=120 not an adjudication cell (30 or 60)
MSBNK-Eawag-EQ01200308,MSBNK-Eawag-EQ01200308.txt,FSYDWKPCKNCRDI,FSYDWKPCKNCRDI,2025.10,POSITIVE,[M+H]+,150.0,R4,nce=150 not an adjudication cell (30 or 60)
MSBNK-Eawag-EQ01200309,MSBNK-Eawag-EQ01200309.txt,FSYDWKPCKNCRDI,FSYDWKPCKNCRDI,2025.10,POSITIVE,[M+H]+,180.0,R4,nce=180 not an adjudication cell (30 or 60)
MSBNK-Eawag-EQ01200351,MSBNK-Eawag-EQ01200351.txt,FSYDWKPCKNCRDI,FSYDWKPCKNCRDI,2025.10,NEGATIVE,[M-H]-,15.0,R1,ion_mode=NEGATIVE precursor_type=[M-H]-
MSBNK-Eawag-EQ01200352,MSBNK-Eawag-EQ01200352.txt,FSYDWKPCKNCRDI,FSYDWKPCKNCRDI,2025.10,NEGATIVE,[M-H]-,30.0,R1,ion_mode=NEGATIVE precursor_type=[M-H]-
MSBNK-Eawag-EQ01200353,MSBNK-Eawag-EQ01200353.txt,FSYDWKPCKNCRDI,FSYDWKPCKNCRDI,2025.10,NEGATIVE,[M-H]-,45.0,R1,ion_mode=NEGATIVE precursor_type=[M-H]-
MSBNK-Eawag-EQ01200354,MSBNK-Eawag-EQ01200354.txt,FSYDWKPCKNCRDI,FSYDWKPCKNCRDI,2025.10,NEGATIVE,[M-H]-,60.0,R1,ion_mode=NEGATIVE precursor_type=[M-H]-
MSBNK-Eawag-EQ01200355,MSBNK-Eawag-EQ01200355.txt,FSYDWKPCKNCRDI,FSYDWKPCKNCRDI,2025.10,NEGATIVE,[M-H]-,75.0,R1,ion_mode=NEGATIVE precursor_type=[M-H]-
MSBNK-Eawag-EQ01200356,MSBNK-Eawag-EQ01200356.txt,FSYDWKPCKNCRDI,FSYDWKPCKNCRDI,2025.10,NEGATIVE,[M-H]-,90.0,R1,ion_mode=NEGATIVE precursor_type=[M-H]-
MSBNK-Eawag-EQ01200357,MSBNK-Eawag-EQ01200357.txt,FSYDWKPCKNCRDI,FSYDWKPCKNCRDI,2025.10,NEGATIVE,[M-H]-,120.0,R1,ion_mode=NEGATIVE precursor_type=[M-H]-
MSBNK-Eawag-EQ01200358,MSBNK-Eawag-EQ01200358.txt,FSYDWKPCKNCRDI,FSYDWKPCKNCRDI,2025.10,NEGATIVE,[M-H]-,150.0,R1,ion_mode=NEGATIVE precursor_type=[M-H]-
MSBNK-Eawag-EQ01200359,MSBNK-Eawag-EQ01200359.txt,FSYDWKPCKNCRDI,FSYDWKPCKNCRDI,2025.10,NEGATIVE,[M-H]-,180.0,R1,ion_mode=NEGATIVE precursor_type=[M-H]-
MSBNK-Eawag-EQ01200601,MSBNK-Eawag-EQ01200601.txt,MSJXTBMNRCTIDR,MSJXTBMNRCTIDR,dev,POSITIVE,[M+H]+,15.0,R4,nce=15 not an adjudication cell (30 or 60)
MSBNK-Eawag-EQ01200602,MSBNK-Eawag-EQ01200602.txt,MSJXTBMNRCTIDR,MSJXTBMNRCTIDR,dev,POSITIVE,[M+H]+,30.0,R5,"first_ref=dev not a tagged release ['2024.06', '2024.11', '2025.10']"
MSBNK-Eawag-EQ01200603,MSBNK-Eawag-EQ01200603.txt,MSJXTBMNRCTIDR,MSJXTBMNRCTIDR,dev,POSITIVE,[M+H]+,45.0,R4,nce=45 not an adjudication cell (30 or 60)
MSBNK-Eawag-EQ01200604,MSBNK-Eawag-EQ01200604.txt,MSJXTBMNRCTIDR,MSJXTBMNRCTIDR,dev,POSITIVE,[M+H]+,60.0,R5,"first_ref=dev not a tagged release ['2024.06', '2024.11', '2025.10']"
MSBNK-Eawag-EQ01200605,MSBNK-Eawag-EQ01200605.txt,MSJXTBMNRCTIDR,MSJXTBMNRCTIDR,dev,POSITIVE,[M+H]+,75.0,R4,nce=75 not an adjudication cell (30 or 60)
MSBNK-Eawag-EQ01200606,MSBNK-Eawag-EQ01200606.txt,MSJXTBMNRCTIDR,MSJXTBMNRCTIDR,dev,POSITIVE,[M+H]+,90.0,R4,nce=90 not an adjudication cell (30 or 60)
MSBNK-Eawag-EQ01200607,MSBNK-Eawag-EQ01200607.txt,MSJXTBMNRCTIDR,MSJXTBMNRCTIDR,dev,POSITIVE,[M+H]+,120.0,R4,nce=120 not an adjudication cell (30 or 60)
MSBNK-Eawag-EQ01200651,MSBNK-Eawag-EQ01200651.txt,MSJXTBMNRCTIDR,MSJXTBMNRCTIDR,dev,NEGATIVE,[M-H]-,15.0,R1,ion_mode=NEGATIVE precursor_type=[M-H]-
MSBNK-Eawag-EQ01200652,MSBNK-Eawag-EQ01200652.txt,MSJXTBMNRCTIDR,MSJXTBMNRCTIDR,dev,NEGATIVE,[M-H]-,30.0,R1,ion_mode=NEGATIVE precursor_type=[M-H]-
MSBNK-Eawag-EQ01200653,MSBNK-Eawag-EQ01200653.txt,MSJXTBMNRCTIDR,MSJXTBMNRCTIDR,dev,NEGATIVE,[M-H]-,45.0,R1,ion_mode=NEGATIVE precursor_type=[M-H]-
MSBNK-Eawag-EQ01200654,MSBNK-Eawag-EQ01200654.txt,MSJXTBMNRCTIDR,MSJXTBMNRCTIDR,dev,NEGATIVE,[M-H]-,60.0,R1,ion_mode=NEGATIVE precursor_type=[M-H]-
MSBNK-Eawag-EQ01200655,MSBNK-Eawag-EQ01200655.txt,MSJXTBMNRCTIDR,MSJXTBMNRCTIDR,dev,NEGATIVE,[M-H]-,75.0,R1,ion_mode=NEGATIVE precursor_type=[M-H]-
MSBNK-Eawag-EQ01200701,MSBNK-Eawag-EQ01200701.txt,XMRMVBVJGSKMEN,XMRMVBVJGSKMEN,dev,POSITIVE,[M+H]+,15.0,R4,nce=15 not an adjudication cell (30 or 60)
MSBNK-Eawag-EQ01200702,MSBNK-Eawag-EQ01200702.txt,XMRMVBVJGSKMEN,XMRMVBVJGSKMEN,dev,POSITIVE,[M+H]+,30.0,R5,"first_ref=dev not a tagged release ['2024.06', '2024.11', '2025.10']"
MSBNK-Eawag-EQ01200703,MSBNK-Eawag-EQ01200703.txt,XMRMVBVJGSKMEN,XMRMVBVJGSKMEN,dev,POSITIVE,[M+H]+,45.0,R4,nce=45 not an adjudication cell (30 or 60)
MSBNK-Eawag-EQ01200704,MSBNK-Eawag-EQ01200704.txt,XMRMVBVJGSKMEN,XMRMVBVJGSKMEN,dev,POSITIVE,[M+H]+,60.0,R5,"first_ref=dev not a tagged release ['2024.06', '2024.11', '2025.10']"
MSBNK-Eawag-EQ01200705,MSBNK-Eawag-EQ01200705.txt,XMRMVBVJGSKMEN,XMRMVBVJGSKMEN,dev,POSITIVE,[M+H]+,75.0,R4,nce=75 not an adjudication cell (30 or 60)
MSBNK-Eawag-EQ01200706,MSBNK-Eawag-EQ01200706.txt,XMRMVBVJGSKMEN,XMRMVBVJGSKMEN,dev,POSITIVE,[M+H]+,90.0,R4,nce=90 not an adjudication cell (30 or 60)
MSBNK-Eawag-EQ01200707,MSBNK-Eawag-EQ01200707.txt,XMRMVBVJGSKMEN,XMRMVBVJGSKMEN,dev,POSITIVE,[M+H]+,120.0,R4,nce=120 not an adjudication cell (30 or 60)
MSBNK-Eawag-EQ01200708,MSBNK-Eawag-EQ01200708.txt,XMRMVBVJGSKMEN,XMRMVBVJGSKMEN,dev,POSITIVE,[M+H]+,150.0,R4,nce=150 not an adjudication cell (30 or 60)
MSBNK-Eawag-EQ01200709,MSBNK-Eawag-EQ01200709.txt,XMRMVBVJGSKMEN,XMRMVBVJGSKMEN,dev,POSITIVE,[M+H]+,180.0,R4,nce=180 not an adjudication cell (30 or 60)
MSBNK-Eawag-EQ01200751,MSBNK-Eawag-EQ01200751.txt,XMRMVBVJGSKMEN,XMRMVBVJGSKMEN,dev,NEGATIVE,[M-H]-,15.0,R1,ion_mode=NEGATIVE precursor_type=[M-H]-
MSBNK-Eawag-EQ01200752,MSBNK-Eawag-EQ01200752.txt,XMRMVBVJGSKMEN,XMRMVBVJGSKMEN,dev,NEGATIVE,[M-H]-,30.0,R1,ion_mode=NEGATIVE precursor_type=[M-H]-
MSBNK-Eawag-EQ01200753,MSBNK-Eawag-EQ01200753.txt,XMRMVBVJGSKMEN,XMRMVBVJGSKMEN,dev,NEGATIVE,[M-H]-,45.0,R1,ion_mode=NEGATIVE precursor_type=[M-H]-
MSBNK-Eawag-EQ01200754,MSBNK-Eawag-EQ01200754.txt,XMRMVBVJGSKMEN,XMRMVBVJGSKMEN,dev,NEGATIVE,[M-H]-,60.0,R1,ion_mode=NEGATIVE precursor_type=[M-H]-
MSBNK-Eawag-EQ01200755,MSBNK-Eawag-EQ01200755.txt,XMRMVBVJGSKMEN,XMRMVBVJGSKMEN,dev,NEGATIVE,[M-H]-,75.0,R1,ion_mode=NEGATIVE precursor_type=[M-H]-
MSBNK-Eawag-EQ01200756,MSBNK-Eawag-EQ01200756.txt,XMRMVBVJGSKMEN,XMRMVBVJGSKMEN,dev,NEGATIVE,[M-H]-,90.0,R1,ion_mode=NEGATIVE precursor_type=[M-H]-
MSBNK-Eawag-EQ01200757,MSBNK-Eawag-EQ01200757.txt,XMRMVBVJGSKMEN,XMRMVBVJGSKMEN,dev,NEGATIVE,[M-H]-,120.0,R1,ion_mode=NEGATIVE precursor_type=[M-H]-
MSBNK-Eawag-EQ01200801,MSBNK-Eawag-EQ01200801.txt,TZIPMEZQXPAKPK,TZIPMEZQXPAKPK,dev,POSITIVE,[M+H]+,15.0,R4,nce=15 not an adjudication cell (30 or 60)
MSBNK-Eawag-EQ01200802,MSBNK-Eawag-EQ01200802.txt,TZIPMEZQXPAKPK,TZIPMEZQXPAKPK,dev,POSITIVE,[M+H]+,30.0,R5,"first_ref=dev not a tagged release ['2024.06', '2024.11', '2025.10']"
MSBNK-Eawag-EQ01200803,MSBNK-Eawag-EQ01200803.txt,TZIPMEZQXPAKPK,TZIPMEZQXPAKPK,dev,POSITIVE,[M+H]+,45.0,R4,nce=45 not an adjudication cell (30 or 60)
MSBNK-Eawag-EQ01200804,MSBNK-Eawag-EQ01200804.txt,TZIPMEZQXPAKPK,TZIPMEZQXPAKPK,dev,POSITIVE,[M+H]+,60.0,R5,"first_ref=dev not a tagged release ['2024.06', '2024.11', '2025.10']"
MSBNK-Eawag-EQ01200805,MSBNK-Eawag-EQ01200805.txt,TZIPMEZQXPAKPK,TZIPMEZQXPAKPK,dev,POSITIVE,[M+H]+,75.0,R4,nce=75 not an adjudication cell (30 or 60)
MSBNK-Eawag-EQ01200806,MSBNK-Eawag-EQ01200806.txt,TZIPMEZQXPAKPK,TZIPMEZQXPAKPK,dev,POSITIVE,[M+H]+,90.0,R4,nce=90 not an adjudication cell (30 or 60)
MSBNK-Eawag-EQ01200807,MSBNK-Eawag-EQ01200807.txt,TZIPMEZQXPAKPK,TZIPMEZQXPAKPK,dev,POSITIVE,[M+H]+,120.0,R4,nce=120 not an adjudication cell (30 or 60)
MSBNK-Eawag-EQ01200808,MSBNK-Eawag-EQ01200808.txt,TZIPMEZQXPAKPK,TZIPMEZQXPAKPK,dev,POSITIVE,[M+H]+,150.0,R4,nce=150 not an adjudication cell (30 or 60)
MSBNK-Eawag-EQ01200809,MSBNK-Eawag-EQ01200809.txt,TZIPMEZQXPAKPK,TZIPMEZQXPAKPK,dev,POSITIVE,[M+H]+,180.0,R4,nce=180 not an adjudication cell (30 or 60)
MSBNK-Eawag-EQ01200851,MSBNK-Eawag-EQ01200851.txt,TZIPMEZQXPAKPK,TZIPMEZQXPAKPK,dev,NEGATIVE,[M-H]-,15.0,R1,ion_mode=NEGATIVE precursor_type=[M-H]-
MSBNK-Eawag-EQ01200852,MSBNK-Eawag-EQ01200852.txt,TZIPMEZQXPAKPK,TZIPMEZQXPAKPK,dev,NEGATIVE,[M-H]-,30.0,R1,ion_mode=NEGATIVE precursor_type=[M-H]-
MSBNK-Eawag-EQ01200853,MSBNK-Eawag-EQ01200853.txt,TZIPMEZQXPAKPK,TZIPMEZQXPAKPK,dev,NEGATIVE,[M-H]-,45.0,R1,ion_mode=NEGATIVE precursor_type=[M-H]-
MSBNK-Eawag-EQ01200854,MSBNK-Eawag-EQ01200854.txt,TZIPMEZQXPAKPK,TZIPMEZQXPAKPK,dev,NEGATIVE,[M-H]-,60.0,R1,ion_mode=NEGATIVE precursor_type=[M-H]-
MSBNK-Eawag-EQ01200855,MSBNK-Eawag-EQ01200855.txt,TZIPMEZQXPAKPK,TZIPMEZQXPAKPK,dev,NEGATIVE,[M-H]-,75.0,R1,ion_mode=NEGATIVE precursor_type=[M-H]-
MSBNK-Eawag-EQ01200856,MSBNK-Eawag-EQ01200856.txt,TZIPMEZQXPAKPK,TZIPMEZQXPAKPK,dev,NEGATIVE,[M-H]-,90.0,R1,ion_mode=NEGATIVE precursor_type=[M-H]-
MSBNK-Eawag-EQ01200857,MSBNK-Eawag-EQ01200857.txt,TZIPMEZQXPAKPK,TZIPMEZQXPAKPK,dev,NEGATIVE,[M-H]-,120.0,R1,ion_mode=NEGATIVE precursor_type=[M-H]-
MSBNK-Eawag-EQ01200858,MSBNK-Eawag-EQ01200858.txt,TZIPMEZQXPAKPK,TZIPMEZQXPAKPK,dev,NEGATIVE,[M-H]-,150.0,R1,ion_mode=NEGATIVE precursor_type=[M-H]-
MSBNK-Eawag-EQ01200859,MSBNK-Eawag-EQ01200859.txt,TZIPMEZQXPAKPK,TZIPMEZQXPAKPK,dev,NEGATIVE,[M-H]-,180.0,R1,ion_mode=NEGATIVE precursor_type=[M-H]-
MSBNK-Eawag-EQ01200901,MSBNK-Eawag-EQ01200901.txt,DSRUAYIFDCHEEV,DSRUAYIFDCHEEV,dev,POSITIVE,[M+H]+,15.0,R4,nce=15 not an adjudication cell (30 or 60)
MSBNK-Eawag-EQ01200902,MSBNK-Eawag-EQ01200902.txt,DSRUAYIFDCHEEV,DSRUAYIFDCHEEV,dev,POSITIVE,[M+H]+,30.0,R5,"first_ref=dev not a tagged release ['2024.06', '2024.11', '2025.10']"
MSBNK-Eawag-EQ01200903,MSBNK-Eawag-EQ01200903.txt,DSRUAYIFDCHEEV,DSRUAYIFDCHEEV,dev,POSITIVE,[M+H]+,45.0,R4,nce=45 not an adjudication cell (30 or 60)
MSBNK-Eawag-EQ01200904,MSBNK-Eawag-EQ01200904.txt,DSRUAYIFDCHEEV,DSRUAYIFDCHEEV,dev,POSITIVE,[M+H]+,60.0,R5,"first_ref=dev not a tagged release ['2024.06', '2024.11', '2025.10']"
MSBNK-Eawag-EQ01200905,MSBNK-Eawag-EQ01200905.txt,DSRUAYIFDCHEEV,DSRUAYIFDCHEEV,dev,POSITIVE,[M+H]+,75.0,R4,nce=75 not an adjudication cell (30 or 60)
MSBNK-Eawag-EQ01200906,MSBNK-Eawag-EQ01200906.txt,DSRUAYIFDCHEEV,DSRUAYIFDCHEEV,dev,POSITIVE,[M+H]+,90.0,R4,nce=90 not an adjudication cell (30 or 60)
MSBNK-Eawag-EQ01200907,MSBNK-Eawag-EQ01200907.txt,DSRUAYIFDCHEEV,DSRUAYIFDCHEEV,dev,POSITIVE,[M+H]+,120.0,R4,nce=120 not an adjudication cell (30 or 60)
MSBNK-Eawag-EQ01200908,MSBNK-Eawag-EQ01200908.txt,DSRUAYIFDCHEEV,DSRUAYIFDCHEEV,dev,POSITIVE,[M+H]+,150.0,R4,nce=150 not an adjudication cell (30 or 60)
MSBNK-Eawag-EQ01200909,MSBNK-Eawag-EQ01200909.txt,DSRUAYIFDCHEEV,DSRUAYIFDCHEEV,dev,POSITIVE,[M+H]+,180.0,R4,nce=180 not an adjudication cell (30 or 60)
MSBNK-Eawag-EQ01207001,MSBNK-Eawag-EQ01207001.txt,FLEFKKUZMDEUIP,FLEFKKUZMDEUIP,dev,POSITIVE,[M+H]+,15.0,R4,nce=15 not an adjudication cell (30 or 60)
MSBNK-Eawag-EQ01207002,MSBNK-Eawag-EQ01207002.txt,FLEFKKUZMDEUIP,FLEFKKUZMDEUIP,dev,POSITIVE,[M+H]+,30.0,R5,"first_ref=dev not a tagged release ['2024.06', '2024.11', '2025.10']"
MSBNK-Eawag-EQ01207003,MSBNK-Eawag-EQ01207003.txt,FLEFKKUZMDEUIP,FLEFKKUZMDEUIP,dev,POSITIVE,[M+H]+,45.0,R4,nce=45 not an adjudication cell (30 or 60)
MSBNK-Eawag-EQ01207004,MSBNK-Eawag-EQ01207004.txt,FLEFKKUZMDEUIP,FLEFKKUZMDEUIP,dev,POSITIVE,[M+H]+,60.0,R5,"first_ref=dev not a tagged release ['2024.06', '2024.11', '2025.10']"
MSBNK-Eawag-EQ01207005,MSBNK-Eawag-EQ01207005.txt,FLEFKKUZMDEUIP,FLEFKKUZMDEUIP,dev,POSITIVE,[M+H]+,75.0,R4,nce=75 not an adjudication cell (30 or 60)
MSBNK-Eawag-EQ01207006,MSBNK-Eawag-EQ01207006.txt,FLEFKKUZMDEUIP,FLEFKKUZMDEUIP,dev,POSITIVE,[M+H]+,90.0,R4,nce=90 not an adjudication cell (30 or 60)
MSBNK-Eawag-EQ01207007,MSBNK-Eawag-EQ01207007.txt,FLEFKKUZMDEUIP,FLEFKKUZMDEUIP,dev,POSITIVE,[M+H]+,120.0,R4,nce=120 not an adjudication cell (30 or 60)
MSBNK-Eawag-EQ01207008,MSBNK-Eawag-EQ01207008.txt,FLEFKKUZMDEUIP,FLEFKKUZMDEUIP,dev,POSITIVE,[M+H]+,150.0,R4,nce=150 not an adjudication cell (30 or 60)
MSBNK-Eawag-EQ01207009,MSBNK-Eawag-EQ01207009.txt,FLEFKKUZMDEUIP,FLEFKKUZMDEUIP,dev,POSITIVE,[M+H]+,180.0,R4,nce=180 not an adjudication cell (30 or 60)
MSBNK-Eawag-EQ01207051,MSBNK-Eawag-EQ01207051.txt,FLEFKKUZMDEUIP,FLEFKKUZMDEUIP,dev,NEGATIVE,[M-H]-,15.0,R1,ion_mode=NEGATIVE precursor_type=[M-H]-
MSBNK-Eawag-EQ01207052,MSBNK-Eawag-EQ01207052.txt,FLEFKKUZMDEUIP,FLEFKKUZMDEUIP,dev,NEGATIVE,[M-H]-,30.0,R1,ion_mode=NEGATIVE precursor_type=[M-H]-
MSBNK-Eawag-EQ01207053,MSBNK-Eawag-EQ01207053.txt,FLEFKKUZMDEUIP,FLEFKKUZMDEUIP,dev,NEGATIVE,[M-H]-,45.0,R1,ion_mode=NEGATIVE precursor_type=[M-H]-
MSBNK-Eawag-EQ01207054,MSBNK-Eawag-EQ01207054.txt,FLEFKKUZMDEUIP,FLEFKKUZMDEUIP,dev,NEGATIVE,[M-H]-,60.0,R1,ion_mode=NEGATIVE precursor_type=[M-H]-
MSBNK-Eawag-EQ01207055,MSBNK-Eawag-EQ01207055.txt,FLEFKKUZMDEUIP,FLEFKKUZMDEUIP,dev,NEGATIVE,[M-H]-,75.0,R1,ion_mode=NEGATIVE precursor_type=[M-H]-
MSBNK-Eawag-EQ01207056,MSBNK-Eawag-EQ01207056.txt,FLEFKKUZMDEUIP,FLEFKKUZMDEUIP,dev,NEGATIVE,[M-H]-,90.0,R1,ion_mode=NEGATIVE precursor_type=[M-H]-
MSBNK-Eawag-EQ01207057,MSBNK-Eawag-EQ01207057.txt,FLEFKKUZMDEUIP,FLEFKKUZMDEUIP,dev,NEGATIVE,[M-H]-,120.0,R1,ion_mode=NEGATIVE precursor_type=[M-H]-
MSBNK-Eawag-EQ01207058,MSBNK-Eawag-EQ01207058.txt,FLEFKKUZMDEUIP,FLEFKKUZMDEUIP,dev,NEGATIVE,[M-H]-,150.0,R1,ion_mode=NEGATIVE precursor_type=[M-H]-
MSBNK-Eawag-EQ01207059,MSBNK-Eawag-EQ01207059.txt,FLEFKKUZMDEUIP,FLEFKKUZMDEUIP,dev,NEGATIVE,[M-H]-,180.0,R1,ion_mode=NEGATIVE precursor_type=[M-H]-
MSBNK-Eawag-EQ01207101,MSBNK-Eawag-EQ01207101.txt,OXDDDHGGRFRLEE,OXDDDHGGRFRLEE,dev,POSITIVE,[M+H]+,15.0,R4,nce=15 not an adjudication cell (30 or 60)
MSBNK-Eawag-EQ01207102,MSBNK-Eawag-EQ01207102.txt,OXDDDHGGRFRLEE,OXDDDHGGRFRLEE,dev,POSITIVE,[M+H]+,30.0,R5,"first_ref=dev not a tagged release ['2024.06', '2024.11', '2025.10']"
MSBNK-Eawag-EQ01207103,MSBNK-Eawag-EQ01207103.txt,OXDDDHGGRFRLEE,OXDDDHGGRFRLEE,dev,POSITIVE,[M+H]+,45.0,R4,nce=45 not an adjudication cell (30 or 60)
MSBNK-Eawag-EQ01207104,MSBNK-Eawag-EQ01207104.txt,OXDDDHGGRFRLEE,OXDDDHGGRFRLEE,dev,POSITIVE,[M+H]+,60.0,R5,"first_ref=dev not a tagged release ['2024.06', '2024.11', '2025.10']"
MSBNK-Eawag-EQ01207105,MSBNK-Eawag-EQ01207105.txt,OXDDDHGGRFRLEE,OXDDDHGGRFRLEE,dev,POSITIVE,[M+H]+,75.0,R4,nce=75 not an adjudication cell (30 or 60)
MSBNK-Eawag-EQ01207106,MSBNK-Eawag-EQ01207106.txt,OXDDDHGGRFRLEE,OXDDDHGGRFRLEE,dev,POSITIVE,[M+H]+,90.0,R4,nce=90 not an adjudication cell (30 or 60)
MSBNK-Eawag-EQ01207107,MSBNK-Eawag-EQ01207107.txt,OXDDDHGGRFRLEE,OXDDDHGGRFRLEE,dev,POSITIVE,[M+H]+,120.0,R4,nce=120 not an adjudication cell (30 or 60)
MSBNK-Eawag-EQ01207108,MSBNK-Eawag-EQ01207108.txt,OXDDDHGGRFRLEE,OXDDDHGGRFRLEE,dev,POSITIVE,[M+H]+,150.0,R4,nce=150 not an adjudication cell (30 or 60)
MSBNK-Eawag-EQ01207109,MSBNK-Eawag-EQ01207109.txt,OXDDDHGGRFRLEE,OXDDDHGGRFRLEE,dev,POSITIVE,[M+H]+,180.0,R4,nce=180 not an adjudication cell (30 or 60)
MSBNK-Eawag-EQ01207151,MSBNK-Eawag-EQ01207151.txt,OXDDDHGGRFRLEE,OXDDDHGGRFRLEE,dev,NEGATIVE,[M-H]-,15.0,R1,ion_mode=NEGATIVE precursor_type=[M-H]-
MSBNK-Eawag-EQ01207152,MSBNK-Eawag-EQ01207152.txt,OXDDDHGGRFRLEE,OXDDDHGGRFRLEE,dev,NEGATIVE,[M-H]-,30.0,R1,ion_mode=NEGATIVE precursor_type=[M-H]-
MSBNK-Eawag-EQ01207153,MSBNK-Eawag-EQ01207153.txt,OXDDDHGGRFRLEE,OXDDDHGGRFRLEE,dev,NEGATIVE,[M-H]-,45.0,R1,ion_mode=NEGATIVE precursor_type=[M-H]-
MSBNK-Eawag-EQ01207154,MSBNK-Eawag-EQ01207154.txt,OXDDDHGGRFRLEE,OXDDDHGGRFRLEE,dev,NEGATIVE,[M-H]-,60.0,R1,ion_mode=NEGATIVE precursor_type=[M-H]-
MSBNK-Eawag-EQ01207155,MSBNK-Eawag-EQ01207155.txt,OXDDDHGGRFRLEE,OXDDDHGGRFRLEE,dev,NEGATIVE,[M-H]-,75.0,R1,ion_mode=NEGATIVE precursor_type=[M-H]-
MSBNK-Eawag-EQ01207156,MSBNK-Eawag-EQ01207156.txt,OXDDDHGGRFRLEE,OXDDDHGGRFRLEE,dev,NEGATIVE,[M-H]-,90.0,R1,ion_mode=NEGATIVE precursor_type=[M-H]-
MSBNK-Eawag-EQ01207157,MSBNK-Eawag-EQ01207157.txt,OXDDDHGGRFRLEE,OXDDDHGGRFRLEE,dev,NEGATIVE,[M-H]-,120.0,R1,ion_mode=NEGATIVE precursor_type=[M-H]-
MSBNK-Eawag-EQ01207158,MSBNK-Eawag-EQ01207158.txt,OXDDDHGGRFRLEE,OXDDDHGGRFRLEE,dev,NEGATIVE,[M-H]-,150.0,R1,ion_mode=NEGATIVE precursor_type=[M-H]-
MSBNK-Eawag-EQ01207159,MSBNK-Eawag-EQ01207159.txt,OXDDDHGGRFRLEE,OXDDDHGGRFRLEE,dev,NEGATIVE,[M-H]-,180.0,R1,ion_mode=NEGATIVE precursor_type=[M-H]-
MSBNK-Eawag-EQ01207201,MSBNK-Eawag-EQ01207201.txt,HDKWFBCPLKNOCK,HDKWFBCPLKNOCK,dev,POSITIVE,[M+H]+,15.0,R4,nce=15 not an adjudication cell (30 or 60)
MSBNK-Eawag-EQ01207202,MSBNK-Eawag-EQ01207202.txt,HDKWFBCPLKNOCK,HDKWFBCPLKNOCK,dev,POSITIVE,[M+H]+,30.0,R5,"first_ref=dev not a tagged release ['2024.06', '2024.11', '2025.10']"
MSBNK-Eawag-EQ01207203,MSBNK-Eawag-EQ01207203.txt,HDKWFBCPLKNOCK,HDKWFBCPLKNOCK,dev,POSITIVE,[M+H]+,45.0,R4,nce=45 not an adjudication cell (30 or 60)
MSBNK-Eawag-EQ01207204,MSBNK-Eawag-EQ01207204.txt,HDKWFBCPLKNOCK,HDKWFBCPLKNOCK,dev,POSITIVE,[M+H]+,60.0,R5,"first_ref=dev not a tagged release ['2024.06', '2024.11', '2025.10']"
MSBNK-Eawag-EQ01207205,MSBNK-Eawag-EQ01207205.txt,HDKWFBCPLKNOCK,HDKWFBCPLKNOCK,dev,POSITIVE,[M+H]+,75.0,R4,nce=75 not an adjudication cell (30 or 60)
MSBNK-Eawag-EQ01207206,MSBNK-Eawag-EQ01207206.txt,HDKWFBCPLKNOCK,HDKWFBCPLKNOCK,dev,POSITIVE,[M+H]+,90.0,R4,nce=90 not an adjudication cell (30 or 60)
MSBNK-Eawag-EQ01207207,MSBNK-Eawag-EQ01207207.txt,HDKWFBCPLKNOCK,HDKWFBCPLKNOCK,dev,POSITIVE,[M+H]+,120.0,R4,nce=120 not an adjudication cell (30 or 60)
MSBNK-Eawag-EQ01207208,MSBNK-Eawag-EQ01207208.txt,HDKWFBCPLKNOCK,HDKWFBCPLKNOCK,dev,POSITIVE,[M+H]+,150.0,R4,nce=150 not an adjudication cell (30 or 60)
MSBNK-Eawag-EQ01207209,MSBNK-Eawag-EQ01207209.txt,HDKWFBCPLKNOCK,HDKWFBCPLKNOCK,dev,POSITIVE,[M+H]+,180.0,R4,nce=180 not an adjudication cell (30 or 60)
MSBNK-Eawag-EQ01207251,MSBNK-Eawag-EQ01207251.txt,HDKWFBCPLKNOCK,HDKWFBCPLKNOCK,dev,NEGATIVE,[M-H]-,15.0,R1,ion_mode=NEGATIVE precursor_type=[M-H]-
MSBNK-Eawag-EQ01207252,MSBNK-Eawag-EQ01207252.txt,HDKWFBCPLKNOCK,HDKWFBCPLKNOCK,dev,NEGATIVE,[M-H]-,30.0,R1,ion_mode=NEGATIVE precursor_type=[M-H]-
MSBNK-Eawag-EQ01207253,MSBNK-Eawag-EQ01207253.txt,HDKWFBCPLKNOCK,HDKWFBCPLKNOCK,dev,NEGATIVE,[M-H]-,45.0,R1,ion_mode=NEGATIVE precursor_type=[M-H]-
MSBNK-Eawag-EQ01207254,MSBNK-Eawag-EQ01207254.txt,HDKWFBCPLKNOCK,HDKWFBCPLKNOCK,dev,NEGATIVE,[M-H]-,60.0,R1,ion_mode=NEGATIVE precursor_type=[M-H]-
MSBNK-Eawag-EQ01207255,MSBNK-Eawag-EQ01207255.txt,HDKWFBCPLKNOCK,HDKWFBCPLKNOCK,dev,NEGATIVE,[M-H]-,75.0,R1,ion_mode=NEGATIVE precursor_type=[M-H]-
MSBNK-Eawag-EQ01207256,MSBNK-Eawag-EQ01207256.txt,HDKWFBCPLKNOCK,HDKWFBCPLKNOCK,dev,NEGATIVE,[M-H]-,90.0,R1,ion_mode=NEGATIVE precursor_type=[M-H]-
MSBNK-Eawag-EQ01207257,MSBNK-Eawag-EQ01207257.txt,HDKWFBCPLKNOCK,HDKWFBCPLKNOCK,dev,NEGATIVE,[M-H]-,120.0,R1,ion_mode=NEGATIVE precursor_type=[M-H]-
MSBNK-Eawag-EQ01207258,MSBNK-Eawag-EQ01207258.txt,HDKWFBCPLKNOCK,HDKWFBCPLKNOCK,dev,NEGATIVE,[M-H]-,150.0,R1,ion_mode=NEGATIVE precursor_type=[M-H]-
MSBNK-Eawag-EQ01207259,MSBNK-Eawag-EQ01207259.txt,HDKWFBCPLKNOCK,HDKWFBCPLKNOCK,dev,NEGATIVE,[M-H]-,180.0,R1,ion_mode=NEGATIVE precursor_type=[M-H]-
MSBNK-Eawag-EQ01210501,MSBNK-Eawag-EQ01210501.txt,SKGBGOQHXBAKKO,SKGBGOQHXBAKKO,dev,POSITIVE,[M+H]+,15.0,R4,nce=15 not an adjudication cell (30 or 60)
MSBNK-Eawag-EQ01210551,MSBNK-Eawag-EQ01210551.txt,SKGBGOQHXBAKKO,SKGBGOQHXBAKKO,dev,NEGATIVE,[M-H]-,15.0,R1,ion_mode=NEGATIVE precursor_type=[M-H]-
MSBNK-Eawag-EQ01210552,MSBNK-Eawag-EQ01210552.txt,SKGBGOQHXBAKKO,SKGBGOQHXBAKKO,dev,NEGATIVE,[M-H]-,30.0,R1,ion_mode=NEGATIVE precursor_type=[M-H]-
MSBNK-Eawag-EQ01210553,MSBNK-Eawag-EQ01210553.txt,SKGBGOQHXBAKKO,SKGBGOQHXBAKKO,dev,NEGATIVE,[M-H]-,45.0,R1,ion_mode=NEGATIVE precursor_type=[M-H]-
MSBNK-Eawag-EQ01210554,MSBNK-Eawag-EQ01210554.txt,SKGBGOQHXBAKKO,SKGBGOQHXBAKKO,dev,NEGATIVE,[M-H]-,60.0,R1,ion_mode=NEGATIVE precursor_type=[M-H]-
MSBNK-Eawag-EQ01210555,MSBNK-Eawag-EQ01210555.txt,SKGBGOQHXBAKKO,SKGBGOQHXBAKKO,dev,NEGATIVE,[M-H]-,75.0,R1,ion_mode=NEGATIVE precursor_type=[M-H]-
MSBNK-Eawag-EQ01210556,MSBNK-Eawag-EQ01210556.txt,SKGBGOQHXBAKKO,SKGBGOQHXBAKKO,dev,NEGATIVE,[M-H]-,90.0,R1,ion_mode=NEGATIVE precursor_type=[M-H]-
MSBNK-Eawag-EQ01211351,MSBNK-Eawag-EQ01211351.txt,SQAFCSVGKMMETM,SQAFCSVGKMMETM,dev,NEGATIVE,[M-H]-,15.0,R1,ion_mode=NEGATIVE precursor_type=[M-H]-
MSBNK-Eawag-EQ01211352,MSBNK-Eawag-EQ01211352.txt,SQAFCSVGKMMETM,SQAFCSVGKMMETM,dev,NEGATIVE,[M-H]-,30.0,R1,ion_mode=NEGATIVE precursor_type=[M-H]-
MSBNK-Eawag-EQ01211353,MSBNK-Eawag-EQ01211353.txt,SQAFCSVGKMMETM,SQAFCSVGKMMETM,dev,NEGATIVE,[M-H]-,45.0,R1,ion_mode=NEGATIVE precursor_type=[M-H]-
MSBNK-Eawag-EQ01211354,MSBNK-Eawag-EQ01211354.txt,SQAFCSVGKMMETM,SQAFCSVGKMMETM,dev,NEGATIVE,[M-H]-,60.0,R1,ion_mode=NEGATIVE precursor_type=[M-H]-
MSBNK-Eawag-EQ01211355,MSBNK-Eawag-EQ01211355.txt,SQAFCSVGKMMETM,SQAFCSVGKMMETM,dev,NEGATIVE,[M-H]-,75.0,R1,ion_mode=NEGATIVE precursor_type=[M-H]-
MSBNK-Eawag-EQ01211356,MSBNK-Eawag-EQ01211356.txt,SQAFCSVGKMMETM,SQAFCSVGKMMETM,dev,NEGATIVE,[M-H]-,90.0,R1,ion_mode=NEGATIVE precursor_type=[M-H]-
MSBNK-Eawag-EQ01211357,MSBNK-Eawag-EQ01211357.txt,SQAFCSVGKMMETM,SQAFCSVGKMMETM,dev,NEGATIVE,[M-H]-,120.0,R1,ion_mode=NEGATIVE precursor_type=[M-H]-
MSBNK-Eawag-EQ01211358,MSBNK-Eawag-EQ01211358.txt,SQAFCSVGKMMETM,SQAFCSVGKMMETM,dev,NEGATIVE,[M-H]-,150.0,R1,ion_mode=NEGATIVE precursor_type=[M-H]-
MSBNK-Eawag-EQ01211359,MSBNK-Eawag-EQ01211359.txt,SQAFCSVGKMMETM,SQAFCSVGKMMETM,dev,NEGATIVE,[M-H]-,180.0,R1,ion_mode=NEGATIVE precursor_type=[M-H]-
MSBNK-Eawag-EQ01211401,MSBNK-Eawag-EQ01211401.txt,DKVATWZCDNHYCW,DKVATWZCDNHYCW,dev,POSITIVE,[M+H]+,15.0,R4,nce=15 not an adjudication cell (30 or 60)
MSBNK-Eawag-EQ01211402,MSBNK-Eawag-EQ01211402.txt,DKVATWZCDNHYCW,DKVATWZCDNHYCW,dev,POSITIVE,[M+H]+,30.0,R5,"first_ref=dev not a tagged release ['2024.06', '2024.11', '2025.10']"
MSBNK-Eawag-EQ01211403,MSBNK-Eawag-EQ01211403.txt,DKVATWZCDNHYCW,DKVATWZCDNHYCW,dev,POSITIVE,[M+H]+,45.0,R4,nce=45 not an adjudication cell (30 or 60)
MSBNK-Eawag-EQ01211404,MSBNK-Eawag-EQ01211404.txt,DKVATWZCDNHYCW,DKVATWZCDNHYCW,dev,POSITIVE,[M+H]+,60.0,R5,"first_ref=dev not a tagged release ['2024.06', '2024.11', '2025.10']"
MSBNK-Eawag-EQ01211407,MSBNK-Eawag-EQ01211407.txt,DKVATWZCDNHYCW,DKVATWZCDNHYCW,dev,POSITIVE,[M+H]+,120.0,R4,nce=120 not an adjudication cell (30 or 60)
MSBNK-Eawag-EQ01211451,MSBNK-Eawag-EQ01211451.txt,DKVATWZCDNHYCW,DKVATWZCDNHYCW,dev,NEGATIVE,[M-H]-,15.0,R1,ion_mode=NEGATIVE precursor_type=[M-H]-
MSBNK-Eawag-EQ01211452,MSBNK-Eawag-EQ01211452.txt,DKVATWZCDNHYCW,DKVATWZCDNHYCW,dev,NEGATIVE,[M-H]-,30.0,R1,ion_mode=NEGATIVE precursor_type=[M-H]-
MSBNK-Eawag-EQ01211453,MSBNK-Eawag-EQ01211453.txt,DKVATWZCDNHYCW,DKVATWZCDNHYCW,dev,NEGATIVE,[M-H]-,45.0,R1,ion_mode=NEGATIVE precursor_type=[M-H]-
MSBNK-Eawag-EQ01211454,MSBNK-Eawag-EQ01211454.txt,DKVATWZCDNHYCW,DKVATWZCDNHYCW,dev,NEGATIVE,[M-H]-,60.0,R1,ion_mode=NEGATIVE precursor_type=[M-H]-
MSBNK-Eawag-EQ01211455,MSBNK-Eawag-EQ01211455.txt,DKVATWZCDNHYCW,DKVATWZCDNHYCW,dev,NEGATIVE,[M-H]-,75.0,R1,ion_mode=NEGATIVE precursor_type=[M-H]-
MSBNK-Eawag-EQ01211456,MSBNK-Eawag-EQ01211456.txt,DKVATWZCDNHYCW,DKVATWZCDNHYCW,dev,NEGATIVE,[M-H]-,90.0,R1,ion_mode=NEGATIVE precursor_type=[M-H]-
MSBNK-Eawag-EQ01211457,MSBNK-Eawag-EQ01211457.txt,DKVATWZCDNHYCW,DKVATWZCDNHYCW,dev,NEGATIVE,[M-H]-,120.0,R1,ion_mode=NEGATIVE precursor_type=[M-H]-
MSBNK-Eawag-EQ01211458,MSBNK-Eawag-EQ01211458.txt,DKVATWZCDNHYCW,DKVATWZCDNHYCW,dev,NEGATIVE,[M-H]-,150.0,R1,ion_mode=NEGATIVE precursor_type=[M-H]-
MSBNK-Eawag-EQ01211459,MSBNK-Eawag-EQ01211459.txt,DKVATWZCDNHYCW,DKVATWZCDNHYCW,dev,NEGATIVE,[M-H]-,180.0,R1,ion_mode=NEGATIVE precursor_type=[M-H]-
MSBNK-Eawag-EQ01211551,MSBNK-Eawag-EQ01211551.txt,DFCYBFLXCKGZML,DFCYBFLXCKGZML,dev,NEGATIVE,[M-H]-,15.0,R1,ion_mode=NEGATIVE precursor_type=[M-H]-
MSBNK-Eawag-EQ01211552,MSBNK-Eawag-EQ01211552.txt,DFCYBFLXCKGZML,DFCYBFLXCKGZML,dev,NEGATIVE,[M-H]-,30.0,R1,ion_mode=NEGATIVE precursor_type=[M-H]-
MSBNK-Eawag-EQ01211553,MSBNK-Eawag-EQ01211553.txt,DFCYBFLXCKGZML,DFCYBFLXCKGZML,dev,NEGATIVE,[M-H]-,45.0,R1,ion_mode=NEGATIVE precursor_type=[M-H]-
MSBNK-Eawag-EQ01211554,MSBNK-Eawag-EQ01211554.txt,DFCYBFLXCKGZML,DFCYBFLXCKGZML,dev,NEGATIVE,[M-H]-,60.0,R1,ion_mode=NEGATIVE precursor_type=[M-H]-
MSBNK-Eawag-EQ01578101,MSBNK-Eawag-EQ01578101.txt,YXWCBRDRVXHABN,YXWCBRDRVXHABN,dev,POSITIVE,[M+H]+,15.0,R4,nce=15 not an adjudication cell (30 or 60)
MSBNK-Eawag-EQ01578102,MSBNK-Eawag-EQ01578102.txt,YXWCBRDRVXHABN,YXWCBRDRVXHABN,dev,POSITIVE,[M+H]+,30.0,R5,"first_ref=dev not a tagged release ['2024.06', '2024.11', '2025.10']"
MSBNK-Eawag-EQ01578103,MSBNK-Eawag-EQ01578103.txt,YXWCBRDRVXHABN,YXWCBRDRVXHABN,dev,POSITIVE,[M+H]+,45.0,R4,nce=45 not an adjudication cell (30 or 60)
MSBNK-Eawag-EQ01578104,MSBNK-Eawag-EQ01578104.txt,YXWCBRDRVXHABN,YXWCBRDRVXHABN,dev,POSITIVE,[M+H]+,60.0,R5,"first_ref=dev not a tagged release ['2024.06', '2024.11', '2025.10']"
MSBNK-Eawag-EQ01578105,MSBNK-Eawag-EQ01578105.txt,YXWCBRDRVXHABN,YXWCBRDRVXHABN,dev,POSITIVE,[M+H]+,75.0,R4,nce=75 not an adjudication cell (30 or 60)
MSBNK-Eawag-EQ01578106,MSBNK-Eawag-EQ01578106.txt,YXWCBRDRVXHABN,YXWCBRDRVXHABN,dev,POSITIVE,[M+H]+,90.0,R4,nce=90 not an adjudication cell (30 or 60)
MSBNK-Eawag-EQ01578107,MSBNK-Eawag-EQ01578107.txt,YXWCBRDRVXHABN,YXWCBRDRVXHABN,dev,POSITIVE,[M+H]+,120.0,R4,nce=120 not an adjudication cell (30 or 60)
MSBNK-Eawag-EQ01578108,MSBNK-Eawag-EQ01578108.txt,YXWCBRDRVXHABN,YXWCBRDRVXHABN,dev,POSITIVE,[M+H]+,150.0,R4,nce=150 not an adjudication cell (30 or 60)
MSBNK-Eawag-EQ1085601,MSBNK-Eawag-EQ1085601.txt,ZZMVLMVFYMGSMY,ZZMVLMVFYMGSMY,2025.10,POSITIVE,[M+H]+,15.0,R4,nce=15 not an adjudication cell (30 or 60)
MSBNK-Eawag-EQ1085602,MSBNK-Eawag-EQ1085602.txt,ZZMVLMVFYMGSMY,ZZMVLMVFYMGSMY,2025.10,POSITIVE,[M+H]+,30.0,R8,R8a: compound key in MassSpecGym 1.5 by the recorded InChIKey route
MSBNK-Eawag-EQ1085603,MSBNK-Eawag-EQ1085603.txt,ZZMVLMVFYMGSMY,ZZMVLMVFYMGSMY,2025.10,POSITIVE,[M+H]+,45.0,R4,nce=45 not an adjudication cell (30 or 60)
MSBNK-Eawag-EQ1085604,MSBNK-Eawag-EQ1085604.txt,ZZMVLMVFYMGSMY,ZZMVLMVFYMGSMY,2025.10,POSITIVE,[M+H]+,60.0,R8,R8a: compound key in MassSpecGym 1.5 by the recorded InChIKey route
MSBNK-Eawag-EQ1085605,MSBNK-Eawag-EQ1085605.txt,ZZMVLMVFYMGSMY,ZZMVLMVFYMGSMY,2025.10,POSITIVE,[M+H]+,75.0,R4,nce=75 not an adjudication cell (30 or 60)
MSBNK-Eawag-EQ1085606,MSBNK-Eawag-EQ1085606.txt,ZZMVLMVFYMGSMY,ZZMVLMVFYMGSMY,2025.10,POSITIVE,[M+H]+,90.0,R4,nce=90 not an adjudication cell (30 or 60)
MSBNK-Eawag-EQ1085607,MSBNK-Eawag-EQ1085607.txt,ZZMVLMVFYMGSMY,ZZMVLMVFYMGSMY,2025.10,POSITIVE,[M+H]+,120.0,R4,nce=120 not an adjudication cell (30 or 60)
MSBNK-Eawag-EQ1085608,MSBNK-Eawag-EQ1085608.txt,ZZMVLMVFYMGSMY,ZZMVLMVFYMGSMY,2025.10,POSITIVE,[M+H]+,150.0,R4,nce=150 not an adjudication cell (30 or 60)
MSBNK-Eawag-EQ1085609,MSBNK-Eawag-EQ1085609.txt,ZZMVLMVFYMGSMY,ZZMVLMVFYMGSMY,2025.10,POSITIVE,[M+H]+,180.0,R4,nce=180 not an adjudication cell (30 or 60)
MSBNK-Eawag-EQ1085751,MSBNK-Eawag-EQ1085751.txt,VSAWBBYYMBQKIK,VSAWBBYYMBQKIK,2025.10,NEGATIVE,[M-H]-,15.0,R1,ion_mode=NEGATIVE precursor_type=[M-H]-
MSBNK-Eawag-EQ1085752,MSBNK-Eawag-EQ1085752.txt,VSAWBBYYMBQKIK,VSAWBBYYMBQKIK,2025.10,NEGATIVE,[M-H]-,30.0,R1,ion_mode=NEGATIVE precursor_type=[M-H]-
MSBNK-Eawag-EQ1085753,MSBNK-Eawag-EQ1085753.txt,VSAWBBYYMBQKIK,VSAWBBYYMBQKIK,2025.10,NEGATIVE,[M-H]-,45.0,R1,ion_mode=NEGATIVE precursor_type=[M-H]-
MSBNK-Eawag-EQ1085754,MSBNK-Eawag-EQ1085754.txt,VSAWBBYYMBQKIK,VSAWBBYYMBQKIK,2025.10,NEGATIVE,[M-H]-,60.0,R1,ion_mode=NEGATIVE precursor_type=[M-H]-
MSBNK-Eawag-EQ1085755,MSBNK-Eawag-EQ1085755.txt,VSAWBBYYMBQKIK,VSAWBBYYMBQKIK,2025.10,NEGATIVE,[M-H]-,75.0,R1,ion_mode=NEGATIVE precursor_type=[M-H]-
MSBNK-Eawag-EQ1085801,MSBNK-Eawag-EQ1085801.txt,CGRTZESQZZGAAU,CGRTZESQZZGAAU,2025.10,POSITIVE,[M+H]+,15.0,R4,nce=15 not an adjudication cell (30 or 60)
MSBNK-Eawag-EQ1085802,MSBNK-Eawag-EQ1085802.txt,CGRTZESQZZGAAU,CGRTZESQZZGAAU,2025.10,POSITIVE,[M+H]+,30.0,PASS,eligible
MSBNK-Eawag-EQ1085803,MSBNK-Eawag-EQ1085803.txt,CGRTZESQZZGAAU,CGRTZESQZZGAAU,2025.10,POSITIVE,[M+H]+,45.0,R4,nce=45 not an adjudication cell (30 or 60)
MSBNK-Eawag-EQ1085804,MSBNK-Eawag-EQ1085804.txt,CGRTZESQZZGAAU,CGRTZESQZZGAAU,2025.10,POSITIVE,[M+H]+,60.0,PASS,eligible
MSBNK-Eawag-EQ1085805,MSBNK-Eawag-EQ1085805.txt,CGRTZESQZZGAAU,CGRTZESQZZGAAU,2025.10,POSITIVE,[M+H]+,75.0,R4,nce=75 not an adjudication cell (30 or 60)
MSBNK-Eawag-EQ1085806,MSBNK-Eawag-EQ1085806.txt,CGRTZESQZZGAAU,CGRTZESQZZGAAU,2025.10,POSITIVE,[M+H]+,90.0,R4,nce=90 not an adjudication cell (30 or 60)
MSBNK-Eawag-EQ1085807,MSBNK-Eawag-EQ1085807.txt,CGRTZESQZZGAAU,CGRTZESQZZGAAU,2025.10,POSITIVE,[M+H]+,120.0,R4,nce=120 not an adjudication cell (30 or 60)
MSBNK-Eawag-EQ1085808,MSBNK-Eawag-EQ1085808.txt,CGRTZESQZZGAAU,CGRTZESQZZGAAU,2025.10,POSITIVE,[M+H]+,150.0,R4,nce=150 not an adjudication cell (30 or 60)
MSBNK-Eawag-EQ1085809,MSBNK-Eawag-EQ1085809.txt,CGRTZESQZZGAAU,CGRTZESQZZGAAU,2025.10,POSITIVE,[M+H]+,180.0,R4,nce=180 not an adjudication cell (30 or 60)
MSBNK-Eawag-EQ1085851,MSBNK-Eawag-EQ1085851.txt,CGRTZESQZZGAAU,CGRTZESQZZGAAU,2025.10,NEGATIVE,[M-H]-,15.0,R1,ion_mode=NEGATIVE precursor_type=[M-H]-
MSBNK-Eawag-EQ1085852,MSBNK-Eawag-EQ1085852.txt,CGRTZESQZZGAAU,CGRTZESQZZGAAU,2025.10,NEGATIVE,[M-H]-,30.0,R1,ion_mode=NEGATIVE precursor_type=[M-H]-
MSBNK-Eawag-EQ1085853,MSBNK-Eawag-EQ1085853.txt,CGRTZESQZZGAAU,CGRTZESQZZGAAU,2025.10,NEGATIVE,[M-H]-,45.0,R1,ion_mode=NEGATIVE precursor_type=[M-H]-
MSBNK-Eawag-EQ1085854,MSBNK-Eawag-EQ1085854.txt,CGRTZESQZZGAAU,CGRTZESQZZGAAU,2025.10,NEGATIVE,[M-H]-,60.0,R1,ion_mode=NEGATIVE precursor_type=[M-H]-
MSBNK-Eawag-EQ1085855,MSBNK-Eawag-EQ1085855.txt,CGRTZESQZZGAAU,CGRTZESQZZGAAU,2025.10,NEGATIVE,[M-H]-,75.0,R1,ion_mode=NEGATIVE precursor_type=[M-H]-
MSBNK-Eawag-EQ1085856,MSBNK-Eawag-EQ1085856.txt,CGRTZESQZZGAAU,CGRTZESQZZGAAU,2025.10,NEGATIVE,[M-H]-,90.0,R1,ion_mode=NEGATIVE precursor_type=[M-H]-
MSBNK-Eawag-EQ1085857,MSBNK-Eawag-EQ1085857.txt,CGRTZESQZZGAAU,CGRTZESQZZGAAU,2025.10,NEGATIVE,[M-H]-,120.0,R1,ion_mode=NEGATIVE precursor_type=[M-H]-
MSBNK-Eawag-EQ1085858,MSBNK-Eawag-EQ1085858.txt,CGRTZESQZZGAAU,CGRTZESQZZGAAU,2025.10,NEGATIVE,[M-H]-,150.0,R1,ion_mode=NEGATIVE precursor_type=[M-H]-
MSBNK-Eawag-EQ1085859,MSBNK-Eawag-EQ1085859.txt,CGRTZESQZZGAAU,CGRTZESQZZGAAU,2025.10,NEGATIVE,[M-H]-,180.0,R1,ion_mode=NEGATIVE precursor_type=[M-H]-
MSBNK-Eawag-EQ1085951,MSBNK-Eawag-EQ1085951.txt,BGYHLZZASRKEJE,BGYHLZZASRKEJE,2025.10,NEGATIVE,[M-H]-,15.0,R1,ion_mode=NEGATIVE precursor_type=[M-H]-
MSBNK-Eawag-EQ1085952,MSBNK-Eawag-EQ1085952.txt,BGYHLZZASRKEJE,BGYHLZZASRKEJE,2025.10,NEGATIVE,[M-H]-,30.0,R1,ion_mode=NEGATIVE precursor_type=[M-H]-
MSBNK-Eawag-EQ1085953,MSBNK-Eawag-EQ1085953.txt,BGYHLZZASRKEJE,BGYHLZZASRKEJE,2025.10,NEGATIVE,[M-H]-,45.0,R1,ion_mode=NEGATIVE precursor_type=[M-H]-
MSBNK-Eawag-EQ1085954,MSBNK-Eawag-EQ1085954.txt,BGYHLZZASRKEJE,BGYHLZZASRKEJE,2025.10,NEGATIVE,[M-H]-,60.0,R1,ion_mode=NEGATIVE precursor_type=[M-H]-
MSBNK-Eawag-EQ1086001,MSBNK-Eawag-EQ1086001.txt,VNQNXQYZMPJLQX,VNQNXQYZMPJLQX,2025.10,POSITIVE,[M+H]+,15.0,R4,nce=15 not an adjudication cell (30 or 60)
MSBNK-Eawag-EQ1086002,MSBNK-Eawag-EQ1086002.txt,VNQNXQYZMPJLQX,VNQNXQYZMPJLQX,2025.10,POSITIVE,[M+H]+,30.0,PASS,eligible
MSBNK-Eawag-EQ1086003,MSBNK-Eawag-EQ1086003.txt,VNQNXQYZMPJLQX,VNQNXQYZMPJLQX,2025.10,POSITIVE,[M+H]+,45.0,R4,nce=45 not an adjudication cell (30 or 60)
MSBNK-Eawag-EQ1086004,MSBNK-Eawag-EQ1086004.txt,VNQNXQYZMPJLQX,VNQNXQYZMPJLQX,2025.10,POSITIVE,[M+H]+,60.0,PASS,eligible
MSBNK-Eawag-EQ1086005,MSBNK-Eawag-EQ1086005.txt,VNQNXQYZMPJLQX,VNQNXQYZMPJLQX,2025.10,POSITIVE,[M+H]+,75.0,R4,nce=75 not an adjudication cell (30 or 60)
MSBNK-Eawag-EQ1086006,MSBNK-Eawag-EQ1086006.txt,VNQNXQYZMPJLQX,VNQNXQYZMPJLQX,2025.10,POSITIVE,[M+H]+,90.0,R4,nce=90 not an adjudication cell (30 or 60)
MSBNK-Eawag-EQ1086007,MSBNK-Eawag-EQ1086007.txt,VNQNXQYZMPJLQX,VNQNXQYZMPJLQX,2025.10,POSITIVE,[M+H]+,120.0,R4,nce=120 not an adjudication cell (30 or 60)
MSBNK-Eawag-EQ1086008,MSBNK-Eawag-EQ1086008.txt,VNQNXQYZMPJLQX,VNQNXQYZMPJLQX,2025.10,POSITIVE,[M+H]+,150.0,R4,nce=150 not an adjudication cell (30 or 60)
MSBNK-Eawag-EQ1086009,MSBNK-Eawag-EQ1086009.txt,VNQNXQYZMPJLQX,VNQNXQYZMPJLQX,2025.10,POSITIVE,[M+H]+,180.0,R4,nce=180 not an adjudication cell (30 or 60)
MSBNK-Eawag-EQ1086101,MSBNK-Eawag-EQ1086101.txt,SRUQARLMFOLRDN,SRUQARLMFOLRDN,2025.10,POSITIVE,[M+H]+,15.0,R4,nce=15 not an adjudication cell (30 or 60)
MSBNK-Eawag-EQ1086102,MSBNK-Eawag-EQ1086102.txt,SRUQARLMFOLRDN,SRUQARLMFOLRDN,2025.10,POSITIVE,[M+H]+,30.0,R8,R8a: compound key in MassSpecGym 1.5 by the recorded InChIKey route
MSBNK-Eawag-EQ1086103,MSBNK-Eawag-EQ1086103.txt,SRUQARLMFOLRDN,SRUQARLMFOLRDN,2025.10,POSITIVE,[M+H]+,45.0,R4,nce=45 not an adjudication cell (30 or 60)
MSBNK-Eawag-EQ1086104,MSBNK-Eawag-EQ1086104.txt,SRUQARLMFOLRDN,SRUQARLMFOLRDN,2025.10,POSITIVE,[M+H]+,60.0,R8,R8a: compound key in MassSpecGym 1.5 by the recorded InChIKey route
MSBNK-Eawag-EQ1086105,MSBNK-Eawag-EQ1086105.txt,SRUQARLMFOLRDN,SRUQARLMFOLRDN,2025.10,POSITIVE,[M+H]+,75.0,R4,nce=75 not an adjudication cell (30 or 60)
MSBNK-Eawag-EQ1086106,MSBNK-Eawag-EQ1086106.txt,SRUQARLMFOLRDN,SRUQARLMFOLRDN,2025.10,POSITIVE,[M+H]+,90.0,R4,nce=90 not an adjudication cell (30 or 60)
MSBNK-Eawag-EQ1086107,MSBNK-Eawag-EQ1086107.txt,SRUQARLMFOLRDN,SRUQARLMFOLRDN,2025.10,POSITIVE,[M+H]+,120.0,R4,nce=120 not an adjudication cell (30 or 60)
MSBNK-Eawag-EQ1086108,MSBNK-Eawag-EQ1086108.txt,SRUQARLMFOLRDN,SRUQARLMFOLRDN,2025.10,POSITIVE,[M+H]+,150.0,R4,nce=150 not an adjudication cell (30 or 60)
MSBNK-Eawag-EQ1086109,MSBNK-Eawag-EQ1086109.txt,SRUQARLMFOLRDN,SRUQARLMFOLRDN,2025.10,POSITIVE,[M+H]+,180.0,R4,nce=180 not an adjudication cell (30 or 60)
MSBNK-Eawag-EQ1086151,MSBNK-Eawag-EQ1086151.txt,SRUQARLMFOLRDN,SRUQARLMFOLRDN,2025.10,NEGATIVE,[M-H]-,15.0,R1,ion_mode=NEGATIVE precursor_type=[M-H]-
MSBNK-Eawag-EQ1086152,MSBNK-Eawag-EQ1086152.txt,SRUQARLMFOLRDN,SRUQARLMFOLRDN,2025.10,NEGATIVE,[M-H]-,30.0,R1,ion_mode=NEGATIVE precursor_type=[M-H]-
MSBNK-Eawag-EQ1086153,MSBNK-Eawag-EQ1086153.txt,SRUQARLMFOLRDN,SRUQARLMFOLRDN,2025.10,NEGATIVE,[M-H]-,45.0,R1,ion_mode=NEGATIVE precursor_type=[M-H]-
MSBNK-Eawag-EQ1086154,MSBNK-Eawag-EQ1086154.txt,SRUQARLMFOLRDN,SRUQARLMFOLRDN,2025.10,NEGATIVE,[M-H]-,60.0,R1,ion_mode=NEGATIVE precursor_type=[M-H]-
MSBNK-Eawag-EQ1086155,MSBNK-Eawag-EQ1086155.txt,SRUQARLMFOLRDN,SRUQARLMFOLRDN,2025.10,NEGATIVE,[M-H]-,75.0,R1,ion_mode=NEGATIVE precursor_type=[M-H]-
MSBNK-Eawag-EQ1086156,MSBNK-Eawag-EQ1086156.txt,SRUQARLMFOLRDN,SRUQARLMFOLRDN,2025.10,NEGATIVE,[M-H]-,90.0,R1,ion_mode=NEGATIVE precursor_type=[M-H]-
MSBNK-Eawag-EQ1086157,MSBNK-Eawag-EQ1086157.txt,SRUQARLMFOLRDN,SRUQARLMFOLRDN,2025.10,NEGATIVE,[M-H]-,120.0,R1,ion_mode=NEGATIVE precursor_type=[M-H]-
MSBNK-Eawag-EQ1086158,MSBNK-Eawag-EQ1086158.txt,SRUQARLMFOLRDN,SRUQARLMFOLRDN,2025.10,NEGATIVE,[M-H]-,150.0,R1,ion_mode=NEGATIVE precursor_type=[M-H]-
MSBNK-Eawag-EQ1086159,MSBNK-Eawag-EQ1086159.txt,SRUQARLMFOLRDN,SRUQARLMFOLRDN,2025.10,NEGATIVE,[M-H]-,180.0,R1,ion_mode=NEGATIVE precursor_type=[M-H]-
MSBNK-Eawag-EQ1089701,MSBNK-Eawag-EQ1089701.txt,CFXCGWWYIDZIMU,CFXCGWWYIDZIMU,2025.10,POSITIVE,[M+H]+,15.0,R4,nce=15 not an adjudication cell (30 or 60)
MSBNK-Eawag-EQ1089702,MSBNK-Eawag-EQ1089702.txt,CFXCGWWYIDZIMU,CFXCGWWYIDZIMU,2025.10,POSITIVE,[M+H]+,30.0,R8,R8a: compound key in MassSpecGym 1.5 by the recorded InChIKey route
MSBNK-Eawag-EQ1089703,MSBNK-Eawag-EQ1089703.txt,CFXCGWWYIDZIMU,CFXCGWWYIDZIMU,2025.10,POSITIVE,[M+H]+,45.0,R4,nce=45 not an adjudication cell (30 or 60)
MSBNK-Eawag-EQ1089704,MSBNK-Eawag-EQ1089704.txt,CFXCGWWYIDZIMU,CFXCGWWYIDZIMU,2025.10,POSITIVE,[M+H]+,60.0,R8,R8a: compound key in MassSpecGym 1.5 by the recorded InChIKey route
MSBNK-Eawag-EQ1089705,MSBNK-Eawag-EQ1089705.txt,CFXCGWWYIDZIMU,CFXCGWWYIDZIMU,2025.10,POSITIVE,[M+H]+,75.0,R4,nce=75 not an adjudication cell (30 or 60)
MSBNK-Eawag-EQ1089706,MSBNK-Eawag-EQ1089706.txt,CFXCGWWYIDZIMU,CFXCGWWYIDZIMU,2025.10,POSITIVE,[M+H]+,90.0,R4,nce=90 not an adjudication cell (30 or 60)
MSBNK-Eawag-EQ1089707,MSBNK-Eawag-EQ1089707.txt,CFXCGWWYIDZIMU,CFXCGWWYIDZIMU,2025.10,POSITIVE,[M+H]+,120.0,R4,nce=120 not an adjudication cell (30 or 60)
MSBNK-Eawag-EQ1089708,MSBNK-Eawag-EQ1089708.txt,CFXCGWWYIDZIMU,CFXCGWWYIDZIMU,2025.10,POSITIVE,[M+H]+,150.0,R4,nce=150 not an adjudication cell (30 or 60)
MSBNK-Eawag-EQ1089709,MSBNK-Eawag-EQ1089709.txt,CFXCGWWYIDZIMU,CFXCGWWYIDZIMU,2025.10,POSITIVE,[M+H]+,180.0,R4,nce=180 not an adjudication cell (30 or 60)
MSBNK-Eawag-EQ1089801,MSBNK-Eawag-EQ1089801.txt,GQBHYWDCHSZDQU,GQBHYWDCHSZDQU,2025.10,POSITIVE,[M+H]+,15.0,R4,nce=15 not an adjudication cell (30 or 60)
MSBNK-Eawag-EQ1089802,MSBNK-Eawag-EQ1089802.txt,GQBHYWDCHSZDQU,GQBHYWDCHSZDQU,2025.10,POSITIVE,[M+H]+,30.0,R8,R8i: scaffold group guard: group in the MURU exposure registry
MSBNK-Eawag-EQ1089803,MSBNK-Eawag-EQ1089803.txt,GQBHYWDCHSZDQU,GQBHYWDCHSZDQU,2025.10,POSITIVE,[M+H]+,45.0,R4,nce=45 not an adjudication cell (30 or 60)
MSBNK-Eawag-EQ1089804,MSBNK-Eawag-EQ1089804.txt,GQBHYWDCHSZDQU,GQBHYWDCHSZDQU,2025.10,POSITIVE,[M+H]+,60.0,R8,R8i: scaffold group guard: group in the MURU exposure registry
MSBNK-Eawag-EQ1089805,MSBNK-Eawag-EQ1089805.txt,GQBHYWDCHSZDQU,GQBHYWDCHSZDQU,2025.10,POSITIVE,[M+H]+,75.0,R4,nce=75 not an adjudication cell (30 or 60)
MSBNK-Eawag-EQ1089806,MSBNK-Eawag-EQ1089806.txt,GQBHYWDCHSZDQU,GQBHYWDCHSZDQU,2025.10,POSITIVE,[M+H]+,90.0,R4,nce=90 not an adjudication cell (30 or 60)
MSBNK-Eawag-EQ1089807,MSBNK-Eawag-EQ1089807.txt,GQBHYWDCHSZDQU,GQBHYWDCHSZDQU,2025.10,POSITIVE,[M+H]+,120.0,R4,nce=120 not an adjudication cell (30 or 60)
MSBNK-Eawag-EQ1089808,MSBNK-Eawag-EQ1089808.txt,GQBHYWDCHSZDQU,GQBHYWDCHSZDQU,2025.10,POSITIVE,[M+H]+,150.0,R4,nce=150 not an adjudication cell (30 or 60)
MSBNK-Eawag-EQ1089809,MSBNK-Eawag-EQ1089809.txt,GQBHYWDCHSZDQU,GQBHYWDCHSZDQU,2025.10,POSITIVE,[M+H]+,180.0,R4,nce=180 not an adjudication cell (30 or 60)
MSBNK-Eawag-EQ1089901,MSBNK-Eawag-EQ1089901.txt,UOMXLEWVJZEVGP,UOMXLEWVJZEVGP,2025.10,POSITIVE,[M+H]+,15.0,R4,nce=15 not an adjudication cell (30 or 60)
MSBNK-Eawag-EQ1089902,MSBNK-Eawag-EQ1089902.txt,UOMXLEWVJZEVGP,UOMXLEWVJZEVGP,2025.10,POSITIVE,[M+H]+,30.0,R8,R8i: scaffold group guard: group in the MURU exposure registry
MSBNK-Eawag-EQ1089903,MSBNK-Eawag-EQ1089903.txt,UOMXLEWVJZEVGP,UOMXLEWVJZEVGP,2025.10,POSITIVE,[M+H]+,45.0,R4,nce=45 not an adjudication cell (30 or 60)
MSBNK-Eawag-EQ1089904,MSBNK-Eawag-EQ1089904.txt,UOMXLEWVJZEVGP,UOMXLEWVJZEVGP,2025.10,POSITIVE,[M+H]+,60.0,R8,R8i: scaffold group guard: group in the MURU exposure registry
MSBNK-Eawag-EQ1089905,MSBNK-Eawag-EQ1089905.txt,UOMXLEWVJZEVGP,UOMXLEWVJZEVGP,2025.10,POSITIVE,[M+H]+,75.0,R4,nce=75 not an adjudication cell (30 or 60)
MSBNK-Eawag-EQ1089906,MSBNK-Eawag-EQ1089906.txt,UOMXLEWVJZEVGP,UOMXLEWVJZEVGP,2025.10,POSITIVE,[M+H]+,90.0,R4,nce=90 not an adjudication cell (30 or 60)
MSBNK-Eawag-EQ1089907,MSBNK-Eawag-EQ1089907.txt,UOMXLEWVJZEVGP,UOMXLEWVJZEVGP,2025.10,POSITIVE,[M+H]+,120.0,R4,nce=120 not an adjudication cell (30 or 60)
MSBNK-Eawag-EQ1089908,MSBNK-Eawag-EQ1089908.txt,UOMXLEWVJZEVGP,UOMXLEWVJZEVGP,2025.10,POSITIVE,[M+H]+,150.0,R4,nce=150 not an adjudication cell (30 or 60)
MSBNK-Eawag-EQ1089909,MSBNK-Eawag-EQ1089909.txt,UOMXLEWVJZEVGP,UOMXLEWVJZEVGP,2025.10,POSITIVE,[M+H]+,180.0,R4,nce=180 not an adjudication cell (30 or 60)
MSBNK-Eawag-EQ1090001,MSBNK-Eawag-EQ1090001.txt,VFBJXXJYHWLXRM,VFBJXXJYHWLXRM,2025.10,POSITIVE,[M+H]+,15.0,R4,nce=15 not an adjudication cell (30 or 60)
MSBNK-Eawag-EQ1090002,MSBNK-Eawag-EQ1090002.txt,VFBJXXJYHWLXRM,VFBJXXJYHWLXRM,2025.10,POSITIVE,[M+H]+,30.0,PASS,eligible
MSBNK-Eawag-EQ1090003,MSBNK-Eawag-EQ1090003.txt,VFBJXXJYHWLXRM,VFBJXXJYHWLXRM,2025.10,POSITIVE,[M+H]+,45.0,R4,nce=45 not an adjudication cell (30 or 60)
MSBNK-Eawag-EQ1090004,MSBNK-Eawag-EQ1090004.txt,VFBJXXJYHWLXRM,VFBJXXJYHWLXRM,2025.10,POSITIVE,[M+H]+,60.0,PASS,eligible
MSBNK-Eawag-EQ1090005,MSBNK-Eawag-EQ1090005.txt,VFBJXXJYHWLXRM,VFBJXXJYHWLXRM,2025.10,POSITIVE,[M+H]+,75.0,R4,nce=75 not an adjudication cell (30 or 60)
MSBNK-Eawag-EQ1090006,MSBNK-Eawag-EQ1090006.txt,VFBJXXJYHWLXRM,VFBJXXJYHWLXRM,2025.10,POSITIVE,[M+H]+,90.0,R4,nce=90 not an adjudication cell (30 or 60)
MSBNK-Eawag-EQ1090007,MSBNK-Eawag-EQ1090007.txt,VFBJXXJYHWLXRM,VFBJXXJYHWLXRM,2025.10,POSITIVE,[M+H]+,120.0,R4,nce=120 not an adjudication cell (30 or 60)
MSBNK-Eawag-EQ1090008,MSBNK-Eawag-EQ1090008.txt,VFBJXXJYHWLXRM,VFBJXXJYHWLXRM,2025.10,POSITIVE,[M+H]+,150.0,R4,nce=150 not an adjudication cell (30 or 60)
MSBNK-Eawag-EQ1090009,MSBNK-Eawag-EQ1090009.txt,VFBJXXJYHWLXRM,VFBJXXJYHWLXRM,2025.10,POSITIVE,[M+H]+,180.0,R4,nce=180 not an adjudication cell (30 or 60)
MSBNK-Eawag-EQ1090051,MSBNK-Eawag-EQ1090051.txt,VFBJXXJYHWLXRM,VFBJXXJYHWLXRM,2025.10,NEGATIVE,[M-H]-,15.0,R1,ion_mode=NEGATIVE precursor_type=[M-H]-
MSBNK-Eawag-EQ1090052,MSBNK-Eawag-EQ1090052.txt,VFBJXXJYHWLXRM,VFBJXXJYHWLXRM,2025.10,NEGATIVE,[M-H]-,30.0,R1,ion_mode=NEGATIVE precursor_type=[M-H]-
MSBNK-Eawag-EQ1090053,MSBNK-Eawag-EQ1090053.txt,VFBJXXJYHWLXRM,VFBJXXJYHWLXRM,2025.10,NEGATIVE,[M-H]-,45.0,R1,ion_mode=NEGATIVE precursor_type=[M-H]-
MSBNK-Eawag-EQ1090054,MSBNK-Eawag-EQ1090054.txt,VFBJXXJYHWLXRM,VFBJXXJYHWLXRM,2025.10,NEGATIVE,[M-H]-,60.0,R1,ion_mode=NEGATIVE precursor_type=[M-H]-
MSBNK-Eawag-EQ1090055,MSBNK-Eawag-EQ1090055.txt,VFBJXXJYHWLXRM,VFBJXXJYHWLXRM,2025.10,NEGATIVE,[M-H]-,75.0,R1,ion_mode=NEGATIVE precursor_type=[M-H]-
MSBNK-Eawag-EQ1090056,MSBNK-Eawag-EQ1090056.txt,VFBJXXJYHWLXRM,VFBJXXJYHWLXRM,2025.10,NEGATIVE,[M-H]-,90.0,R1,ion_mode=NEGATIVE precursor_type=[M-H]-
MSBNK-Eawag-EQ1090057,MSBNK-Eawag-EQ1090057.txt,VFBJXXJYHWLXRM,VFBJXXJYHWLXRM,2025.10,NEGATIVE,[M-H]-,120.0,R1,ion_mode=NEGATIVE precursor_type=[M-H]-
MSBNK-Eawag-EQ1090058,MSBNK-Eawag-EQ1090058.txt,VFBJXXJYHWLXRM,VFBJXXJYHWLXRM,2025.10,NEGATIVE,[M-H]-,150.0,R1,ion_mode=NEGATIVE precursor_type=[M-H]-
MSBNK-Eawag-EQ1090059,MSBNK-Eawag-EQ1090059.txt,VFBJXXJYHWLXRM,VFBJXXJYHWLXRM,2025.10,NEGATIVE,[M-H]-,180.0,R1,ion_mode=NEGATIVE precursor_type=[M-H]-
MSBNK-Eawag-EQ1090101,MSBNK-Eawag-EQ1090101.txt,KEQFTVQCIQJIQW,KEQFTVQCIQJIQW,2025.10,POSITIVE,[M+H]+,15.0,R4,nce=15 not an adjudication cell (30 or 60)
MSBNK-Eawag-EQ1090102,MSBNK-Eawag-EQ1090102.txt,KEQFTVQCIQJIQW,KEQFTVQCIQJIQW,2025.10,POSITIVE,[M+H]+,30.0,R8,R8a: compound key in MassSpecGym 1.5 by the recorded InChIKey route
MSBNK-Eawag-EQ1090103,MSBNK-Eawag-EQ1090103.txt,KEQFTVQCIQJIQW,KEQFTVQCIQJIQW,2025.10,POSITIVE,[M+H]+,45.0,R4,nce=45 not an adjudication cell (30 or 60)
MSBNK-Eawag-EQ1090104,MSBNK-Eawag-EQ1090104.txt,KEQFTVQCIQJIQW,KEQFTVQCIQJIQW,2025.10,POSITIVE,[M+H]+,60.0,R8,R8a: compound key in MassSpecGym 1.5 by the recorded InChIKey route
MSBNK-Eawag-EQ1090105,MSBNK-Eawag-EQ1090105.txt,KEQFTVQCIQJIQW,KEQFTVQCIQJIQW,2025.10,POSITIVE,[M+H]+,75.0,R4,nce=75 not an adjudication cell (30 or 60)
MSBNK-Eawag-EQ1090106,MSBNK-Eawag-EQ1090106.txt,KEQFTVQCIQJIQW,KEQFTVQCIQJIQW,2025.10,POSITIVE,[M+H]+,90.0,R4,nce=90 not an adjudication cell (30 or 60)
MSBNK-Eawag-EQ1090107,MSBNK-Eawag-EQ1090107.txt,KEQFTVQCIQJIQW,KEQFTVQCIQJIQW,2025.10,POSITIVE,[M+H]+,120.0,R4,nce=120 not an adjudication cell (30 or 60)
MSBNK-Eawag-EQ1090108,MSBNK-Eawag-EQ1090108.txt,KEQFTVQCIQJIQW,KEQFTVQCIQJIQW,2025.10,POSITIVE,[M+H]+,150.0,R4,nce=150 not an adjudication cell (30 or 60)
MSBNK-Eawag-EQ1090109,MSBNK-Eawag-EQ1090109.txt,KEQFTVQCIQJIQW,KEQFTVQCIQJIQW,2025.10,POSITIVE,[M+H]+,180.0,R4,nce=180 not an adjudication cell (30 or 60)
MSBNK-Eawag-EQ1090201,MSBNK-Eawag-EQ1090201.txt,OKOBUGCCXMIKDM,OKOBUGCCXMIKDM,2025.10,POSITIVE,[M+H]+,15.0,R4,nce=15 not an adjudication cell (30 or 60)
MSBNK-Eawag-EQ1090202,MSBNK-Eawag-EQ1090202.txt,OKOBUGCCXMIKDM,OKOBUGCCXMIKDM,2025.10,POSITIVE,[M+H]+,30.0,PASS,eligible
MSBNK-Eawag-EQ1090203,MSBNK-Eawag-EQ1090203.txt,OKOBUGCCXMIKDM,OKOBUGCCXMIKDM,2025.10,POSITIVE,[M+H]+,45.0,R4,nce=45 not an adjudication cell (30 or 60)
MSBNK-Eawag-EQ1090204,MSBNK-Eawag-EQ1090204.txt,OKOBUGCCXMIKDM,OKOBUGCCXMIKDM,2025.10,POSITIVE,[M+H]+,60.0,PASS,eligible
MSBNK-Eawag-EQ1090205,MSBNK-Eawag-EQ1090205.txt,OKOBUGCCXMIKDM,OKOBUGCCXMIKDM,2025.10,POSITIVE,[M+H]+,75.0,R4,nce=75 not an adjudication cell (30 or 60)
MSBNK-Eawag-EQ1090206,MSBNK-Eawag-EQ1090206.txt,OKOBUGCCXMIKDM,OKOBUGCCXMIKDM,2025.10,POSITIVE,[M+H]+,90.0,R4,nce=90 not an adjudication cell (30 or 60)
MSBNK-Eawag-EQ1090207,MSBNK-Eawag-EQ1090207.txt,OKOBUGCCXMIKDM,OKOBUGCCXMIKDM,2025.10,POSITIVE,[M+H]+,120.0,R4,nce=120 not an adjudication cell (30 or 60)
MSBNK-Eawag-EQ1090208,MSBNK-Eawag-EQ1090208.txt,OKOBUGCCXMIKDM,OKOBUGCCXMIKDM,2025.10,POSITIVE,[M+H]+,150.0,R4,nce=150 not an adjudication cell (30 or 60)
MSBNK-Eawag-EQ1090209,MSBNK-Eawag-EQ1090209.txt,OKOBUGCCXMIKDM,OKOBUGCCXMIKDM,2025.10,POSITIVE,[M+H]+,180.0,R4,nce=180 not an adjudication cell (30 or 60)
MSBNK-Eawag-EQ1090251,MSBNK-Eawag-EQ1090251.txt,OKOBUGCCXMIKDM,OKOBUGCCXMIKDM,2025.10,NEGATIVE,[M-H]-,15.0,R1,ion_mode=NEGATIVE precursor_type=[M-H]-
MSBNK-Eawag-EQ1090252,MSBNK-Eawag-EQ1090252.txt,OKOBUGCCXMIKDM,OKOBUGCCXMIKDM,2025.10,NEGATIVE,[M-H]-,30.0,R1,ion_mode=NEGATIVE precursor_type=[M-H]-
MSBNK-Eawag-EQ1090253,MSBNK-Eawag-EQ1090253.txt,OKOBUGCCXMIKDM,OKOBUGCCXMIKDM,2025.10,NEGATIVE,[M-H]-,45.0,R1,ion_mode=NEGATIVE precursor_type=[M-H]-
MSBNK-Eawag-EQ1090254,MSBNK-Eawag-EQ1090254.txt,OKOBUGCCXMIKDM,OKOBUGCCXMIKDM,2025.10,NEGATIVE,[M-H]-,60.0,R1,ion_mode=NEGATIVE precursor_type=[M-H]-
MSBNK-Eawag-EQ1090255,MSBNK-Eawag-EQ1090255.txt,OKOBUGCCXMIKDM,OKOBUGCCXMIKDM,2025.10,NEGATIVE,[M-H]-,75.0,R1,ion_mode=NEGATIVE precursor_type=[M-H]-
MSBNK-Eawag-EQ1090256,MSBNK-Eawag-EQ1090256.txt,OKOBUGCCXMIKDM,OKOBUGCCXMIKDM,2025.10,NEGATIVE,[M-H]-,90.0,R1,ion_mode=NEGATIVE precursor_type=[M-H]-
MSBNK-Eawag-EQ1090257,MSBNK-Eawag-EQ1090257.txt,OKOBUGCCXMIKDM,OKOBUGCCXMIKDM,2025.10,NEGATIVE,[M-H]-,120.0,R1,ion_mode=NEGATIVE precursor_type=[M-H]-
MSBNK-Eawag-EQ1090258,MSBNK-Eawag-EQ1090258.txt,OKOBUGCCXMIKDM,OKOBUGCCXMIKDM,2025.10,NEGATIVE,[M-H]-,150.0,R1,ion_mode=NEGATIVE precursor_type=[M-H]-
MSBNK-Eawag-EQ1090259,MSBNK-Eawag-EQ1090259.txt,OKOBUGCCXMIKDM,OKOBUGCCXMIKDM,2025.10,NEGATIVE,[M-H]-,180.0,R1,ion_mode=NEGATIVE precursor_type=[M-H]-
MSBNK-Eawag-EQ1090301,MSBNK-Eawag-EQ1090301.txt,OXWDLAHVJDUQJM,OXWDLAHVJDUQJM,2025.10,POSITIVE,[M+H]+,15.0,R4,nce=15 not an adjudication cell (30 or 60)
MSBNK-Eawag-EQ1090302,MSBNK-Eawag-EQ1090302.txt,OXWDLAHVJDUQJM,OXWDLAHVJDUQJM,2025.10,POSITIVE,[M+H]+,30.0,PASS,eligible
MSBNK-Eawag-EQ1090303,MSBNK-Eawag-EQ1090303.txt,OXWDLAHVJDUQJM,OXWDLAHVJDUQJM,2025.10,POSITIVE,[M+H]+,45.0,R4,nce=45 not an adjudication cell (30 or 60)
MSBNK-Eawag-EQ1090304,MSBNK-Eawag-EQ1090304.txt,OXWDLAHVJDUQJM,OXWDLAHVJDUQJM,2025.10,POSITIVE,[M+H]+,60.0,PASS,eligible
MSBNK-Eawag-EQ1090305,MSBNK-Eawag-EQ1090305.txt,OXWDLAHVJDUQJM,OXWDLAHVJDUQJM,2025.10,POSITIVE,[M+H]+,75.0,R4,nce=75 not an adjudication cell (30 or 60)
MSBNK-Eawag-EQ1090306,MSBNK-Eawag-EQ1090306.txt,OXWDLAHVJDUQJM,OXWDLAHVJDUQJM,2025.10,POSITIVE,[M+H]+,90.0,R4,nce=90 not an adjudication cell (30 or 60)
MSBNK-Eawag-EQ1090307,MSBNK-Eawag-EQ1090307.txt,OXWDLAHVJDUQJM,OXWDLAHVJDUQJM,2025.10,POSITIVE,[M+H]+,120.0,R4,nce=120 not an adjudication cell (30 or 60)
MSBNK-Eawag-EQ1090308,MSBNK-Eawag-EQ1090308.txt,OXWDLAHVJDUQJM,OXWDLAHVJDUQJM,2025.10,POSITIVE,[M+H]+,150.0,R4,nce=150 not an adjudication cell (30 or 60)
MSBNK-Eawag-EQ1090309,MSBNK-Eawag-EQ1090309.txt,OXWDLAHVJDUQJM,OXWDLAHVJDUQJM,2025.10,POSITIVE,[M+H]+,180.0,R4,nce=180 not an adjudication cell (30 or 60)
MSBNK-Eawag-EQ1090352,MSBNK-Eawag-EQ1090352.txt,OXWDLAHVJDUQJM,OXWDLAHVJDUQJM,2025.10,NEGATIVE,[M-H]-,30.0,R1,ion_mode=NEGATIVE precursor_type=[M-H]-
MSBNK-Eawag-EQ1090353,MSBNK-Eawag-EQ1090353.txt,OXWDLAHVJDUQJM,OXWDLAHVJDUQJM,2025.10,NEGATIVE,[M-H]-,45.0,R1,ion_mode=NEGATIVE precursor_type=[M-H]-
MSBNK-Eawag-EQ1090354,MSBNK-Eawag-EQ1090354.txt,OXWDLAHVJDUQJM,OXWDLAHVJDUQJM,2025.10,NEGATIVE,[M-H]-,60.0,R1,ion_mode=NEGATIVE precursor_type=[M-H]-
MSBNK-Eawag-EQ1090355,MSBNK-Eawag-EQ1090355.txt,OXWDLAHVJDUQJM,OXWDLAHVJDUQJM,2025.10,NEGATIVE,[M-H]-,75.0,R1,ion_mode=NEGATIVE precursor_type=[M-H]-
MSBNK-Eawag-EQ1090356,MSBNK-Eawag-EQ1090356.txt,OXWDLAHVJDUQJM,OXWDLAHVJDUQJM,2025.10,NEGATIVE,[M-H]-,90.0,R1,ion_mode=NEGATIVE precursor_type=[M-H]-
MSBNK-Eawag-EQ1090357,MSBNK-Eawag-EQ1090357.txt,OXWDLAHVJDUQJM,OXWDLAHVJDUQJM,2025.10,NEGATIVE,[M-H]-,120.0,R1,ion_mode=NEGATIVE precursor_type=[M-H]-
MSBNK-Eawag-EQ1090358,MSBNK-Eawag-EQ1090358.txt,OXWDLAHVJDUQJM,OXWDLAHVJDUQJM,2025.10,NEGATIVE,[M-H]-,150.0,R1,ion_mode=NEGATIVE precursor_type=[M-H]-
MSBNK-Eawag-EQ1090359,MSBNK-Eawag-EQ1090359.txt,OXWDLAHVJDUQJM,OXWDLAHVJDUQJM,2025.10,NEGATIVE,[M-H]-,180.0,R1,ion_mode=NEGATIVE precursor_type=[M-H]-
MSBNK-Eawag-EQ1090401,MSBNK-Eawag-EQ1090401.txt,QSRJVOOOWGXUDY,QSRJVOOOWGXUDY,2025.10,POSITIVE,[M+H]+,15.0,R4,nce=15 not an adjudication cell (30 or 60)
MSBNK-Eawag-EQ1090402,MSBNK-Eawag-EQ1090402.txt,QSRJVOOOWGXUDY,QSRJVOOOWGXUDY,2025.10,POSITIVE,[M+H]+,30.0,PASS,eligible
MSBNK-Eawag-EQ1090403,MSBNK-Eawag-EQ1090403.txt,QSRJVOOOWGXUDY,QSRJVOOOWGXUDY,2025.10,POSITIVE,[M+H]+,45.0,R4,nce=45 not an adjudication cell (30 or 60)
MSBNK-Eawag-EQ1090404,MSBNK-Eawag-EQ1090404.txt,QSRJVOOOWGXUDY,QSRJVOOOWGXUDY,2025.10,POSITIVE,[M+H]+,60.0,PASS,eligible
MSBNK-Eawag-EQ1090405,MSBNK-Eawag-EQ1090405.txt,QSRJVOOOWGXUDY,QSRJVOOOWGXUDY,2025.10,POSITIVE,[M+H]+,75.0,R4,nce=75 not an adjudication cell (30 or 60)
MSBNK-Eawag-EQ1090406,MSBNK-Eawag-EQ1090406.txt,QSRJVOOOWGXUDY,QSRJVOOOWGXUDY,2025.10,POSITIVE,[M+H]+,90.0,R4,nce=90 not an adjudication cell (30 or 60)
MSBNK-Eawag-EQ1090407,MSBNK-Eawag-EQ1090407.txt,QSRJVOOOWGXUDY,QSRJVOOOWGXUDY,2025.10,POSITIVE,[M+H]+,120.0,R4,nce=120 not an adjudication cell (30 or 60)
MSBNK-Eawag-EQ1090408,MSBNK-Eawag-EQ1090408.txt,QSRJVOOOWGXUDY,QSRJVOOOWGXUDY,2025.10,POSITIVE,[M+H]+,150.0,R4,nce=150 not an adjudication cell (30 or 60)
MSBNK-Eawag-EQ1090409,MSBNK-Eawag-EQ1090409.txt,QSRJVOOOWGXUDY,QSRJVOOOWGXUDY,2025.10,POSITIVE,[M+H]+,180.0,R4,nce=180 not an adjudication cell (30 or 60)
MSBNK-Eawag-EQ1090451,MSBNK-Eawag-EQ1090451.txt,QSRJVOOOWGXUDY,QSRJVOOOWGXUDY,2025.10,NEGATIVE,[M-H]-,15.0,R1,ion_mode=NEGATIVE precursor_type=[M-H]-
MSBNK-Eawag-EQ1090452,MSBNK-Eawag-EQ1090452.txt,QSRJVOOOWGXUDY,QSRJVOOOWGXUDY,2025.10,NEGATIVE,[M-H]-,30.0,R1,ion_mode=NEGATIVE precursor_type=[M-H]-
MSBNK-Eawag-EQ1090453,MSBNK-Eawag-EQ1090453.txt,QSRJVOOOWGXUDY,QSRJVOOOWGXUDY,2025.10,NEGATIVE,[M-H]-,45.0,R1,ion_mode=NEGATIVE precursor_type=[M-H]-
MSBNK-Eawag-EQ1090454,MSBNK-Eawag-EQ1090454.txt,QSRJVOOOWGXUDY,QSRJVOOOWGXUDY,2025.10,NEGATIVE,[M-H]-,60.0,R1,ion_mode=NEGATIVE precursor_type=[M-H]-
MSBNK-Eawag-EQ1090455,MSBNK-Eawag-EQ1090455.txt,QSRJVOOOWGXUDY,QSRJVOOOWGXUDY,2025.10,NEGATIVE,[M-H]-,75.0,R1,ion_mode=NEGATIVE precursor_type=[M-H]-
MSBNK-Eawag-EQ1090456,MSBNK-Eawag-EQ1090456.txt,QSRJVOOOWGXUDY,QSRJVOOOWGXUDY,2025.10,NEGATIVE,[M-H]-,90.0,R1,ion_mode=NEGATIVE precursor_type=[M-H]-
MSBNK-Eawag-EQ1090457,MSBNK-Eawag-EQ1090457.txt,QSRJVOOOWGXUDY,QSRJVOOOWGXUDY,2025.10,NEGATIVE,[M-H]-,120.0,R1,ion_mode=NEGATIVE precursor_type=[M-H]-
MSBNK-Eawag-EQ1090458,MSBNK-Eawag-EQ1090458.txt,QSRJVOOOWGXUDY,QSRJVOOOWGXUDY,2025.10,NEGATIVE,[M-H]-,150.0,R1,ion_mode=NEGATIVE precursor_type=[M-H]-
MSBNK-Eawag-EQ1090459,MSBNK-Eawag-EQ1090459.txt,QSRJVOOOWGXUDY,QSRJVOOOWGXUDY,2025.10,NEGATIVE,[M-H]-,180.0,R1,ion_mode=NEGATIVE precursor_type=[M-H]-
MSBNK-Eawag-EQ1090551,MSBNK-Eawag-EQ1090551.txt,YXVFYQXJAXKLAK,YXVFYQXJAXKLAK,2025.10,NEGATIVE,[M-H]-,15.0,R1,ion_mode=NEGATIVE precursor_type=[M-H]-
MSBNK-Eawag-EQ1090552,MSBNK-Eawag-EQ1090552.txt,YXVFYQXJAXKLAK,YXVFYQXJAXKLAK,2025.10,NEGATIVE,[M-H]-,30.0,R1,ion_mode=NEGATIVE precursor_type=[M-H]-
MSBNK-Eawag-EQ1090553,MSBNK-Eawag-EQ1090553.txt,YXVFYQXJAXKLAK,YXVFYQXJAXKLAK,2025.10,NEGATIVE,[M-H]-,45.0,R1,ion_mode=NEGATIVE precursor_type=[M-H]-
MSBNK-Eawag-EQ1090554,MSBNK-Eawag-EQ1090554.txt,YXVFYQXJAXKLAK,YXVFYQXJAXKLAK,2025.10,NEGATIVE,[M-H]-,60.0,R1,ion_mode=NEGATIVE precursor_type=[M-H]-
MSBNK-Eawag-EQ1090555,MSBNK-Eawag-EQ1090555.txt,YXVFYQXJAXKLAK,YXVFYQXJAXKLAK,2025.10,NEGATIVE,[M-H]-,75.0,R1,ion_mode=NEGATIVE precursor_type=[M-H]-
MSBNK-Eawag-EQ1090556,MSBNK-Eawag-EQ1090556.txt,YXVFYQXJAXKLAK,YXVFYQXJAXKLAK,2025.10,NEGATIVE,[M-H]-,90.0,R1,ion_mode=NEGATIVE precursor_type=[M-H]-
MSBNK-Eawag-EQ1090701,MSBNK-Eawag-EQ1090701.txt,OUBMGJOQLXMSNT,OUBMGJOQLXMSNT,2025.10,POSITIVE,[M+H]+,15.0,R4,nce=15 not an adjudication cell (30 or 60)
MSBNK-Eawag-EQ1090702,MSBNK-Eawag-EQ1090702.txt,OUBMGJOQLXMSNT,OUBMGJOQLXMSNT,2025.10,POSITIVE,[M+H]+,30.0,R8,R8a: compound key in MassSpecGym 1.5 by the recorded InChIKey route
MSBNK-Eawag-EQ1090703,MSBNK-Eawag-EQ1090703.txt,OUBMGJOQLXMSNT,OUBMGJOQLXMSNT,2025.10,POSITIVE,[M+H]+,45.0,R4,nce=45 not an adjudication cell (30 or 60)
MSBNK-Eawag-EQ1090704,MSBNK-Eawag-EQ1090704.txt,OUBMGJOQLXMSNT,OUBMGJOQLXMSNT,2025.10,POSITIVE,[M+H]+,60.0,R8,R8a: compound key in MassSpecGym 1.5 by the recorded InChIKey route
MSBNK-Eawag-EQ1090705,MSBNK-Eawag-EQ1090705.txt,OUBMGJOQLXMSNT,OUBMGJOQLXMSNT,2025.10,POSITIVE,[M+H]+,75.0,R4,nce=75 not an adjudication cell (30 or 60)
MSBNK-Eawag-EQ1090706,MSBNK-Eawag-EQ1090706.txt,OUBMGJOQLXMSNT,OUBMGJOQLXMSNT,2025.10,POSITIVE,[M+H]+,90.0,R4,nce=90 not an adjudication cell (30 or 60)
MSBNK-Eawag-EQ1090707,MSBNK-Eawag-EQ1090707.txt,OUBMGJOQLXMSNT,OUBMGJOQLXMSNT,2025.10,POSITIVE,[M+H]+,120.0,R4,nce=120 not an adjudication cell (30 or 60)
MSBNK-Eawag-EQ1090708,MSBNK-Eawag-EQ1090708.txt,OUBMGJOQLXMSNT,OUBMGJOQLXMSNT,2025.10,POSITIVE,[M+H]+,150.0,R4,nce=150 not an adjudication cell (30 or 60)
MSBNK-Eawag-EQ1090709,MSBNK-Eawag-EQ1090709.txt,OUBMGJOQLXMSNT,OUBMGJOQLXMSNT,2025.10,POSITIVE,[M+H]+,180.0,R4,nce=180 not an adjudication cell (30 or 60)
MSBNK-Eawag-EQ1090801,MSBNK-Eawag-EQ1090801.txt,JWAZRIHNYRIHIV,JWAZRIHNYRIHIV,2025.10,POSITIVE,[M+H]+,15.0,R4,nce=15 not an adjudication cell (30 or 60)
MSBNK-Eawag-EQ1090802,MSBNK-Eawag-EQ1090802.txt,JWAZRIHNYRIHIV,JWAZRIHNYRIHIV,2025.10,POSITIVE,[M+H]+,30.0,R8,R8a: compound key in MassSpecGym 1.5 by the recorded InChIKey route
MSBNK-Eawag-EQ1090803,MSBNK-Eawag-EQ1090803.txt,JWAZRIHNYRIHIV,JWAZRIHNYRIHIV,2025.10,POSITIVE,[M+H]+,45.0,R4,nce=45 not an adjudication cell (30 or 60)
MSBNK-Eawag-EQ1090804,MSBNK-Eawag-EQ1090804.txt,JWAZRIHNYRIHIV,JWAZRIHNYRIHIV,2025.10,POSITIVE,[M+H]+,60.0,R8,R8a: compound key in MassSpecGym 1.5 by the recorded InChIKey route
MSBNK-Eawag-EQ1090805,MSBNK-Eawag-EQ1090805.txt,JWAZRIHNYRIHIV,JWAZRIHNYRIHIV,2025.10,POSITIVE,[M+H]+,75.0,R4,nce=75 not an adjudication cell (30 or 60)
MSBNK-Eawag-EQ1090806,MSBNK-Eawag-EQ1090806.txt,JWAZRIHNYRIHIV,JWAZRIHNYRIHIV,2025.10,POSITIVE,[M+H]+,90.0,R4,nce=90 not an adjudication cell (30 or 60)
MSBNK-Eawag-EQ1090851,MSBNK-Eawag-EQ1090851.txt,JWAZRIHNYRIHIV,JWAZRIHNYRIHIV,2025.10,NEGATIVE,[M-H]-,15.0,R1,ion_mode=NEGATIVE precursor_type=[M-H]-
MSBNK-Eawag-EQ1090852,MSBNK-Eawag-EQ1090852.txt,JWAZRIHNYRIHIV,JWAZRIHNYRIHIV,2025.10,NEGATIVE,[M-H]-,30.0,R1,ion_mode=NEGATIVE precursor_type=[M-H]-
MSBNK-Eawag-EQ1090853,MSBNK-Eawag-EQ1090853.txt,JWAZRIHNYRIHIV,JWAZRIHNYRIHIV,2025.10,NEGATIVE,[M-H]-,45.0,R1,ion_mode=NEGATIVE precursor_type=[M-H]-
MSBNK-Eawag-EQ1090854,MSBNK-Eawag-EQ1090854.txt,JWAZRIHNYRIHIV,JWAZRIHNYRIHIV,2025.10,NEGATIVE,[M-H]-,60.0,R1,ion_mode=NEGATIVE precursor_type=[M-H]-
MSBNK-Eawag-EQ1090855,MSBNK-Eawag-EQ1090855.txt,JWAZRIHNYRIHIV,JWAZRIHNYRIHIV,2025.10,NEGATIVE,[M-H]-,75.0,R1,ion_mode=NEGATIVE precursor_type=[M-H]-
MSBNK-Eawag-EQ1090856,MSBNK-Eawag-EQ1090856.txt,JWAZRIHNYRIHIV,JWAZRIHNYRIHIV,2025.10,NEGATIVE,[M-H]-,90.0,R1,ion_mode=NEGATIVE precursor_type=[M-H]-
MSBNK-Eawag-EQ1090951,MSBNK-Eawag-EQ1090951.txt,WMVJWKURWRGJCI,WMVJWKURWRGJCI,2025.10,NEGATIVE,[M-H]-,15.0,R1,ion_mode=NEGATIVE precursor_type=[M-H]-
MSBNK-Eawag-EQ1090952,MSBNK-Eawag-EQ1090952.txt,WMVJWKURWRGJCI,WMVJWKURWRGJCI,2025.10,NEGATIVE,[M-H]-,30.0,R1,ion_mode=NEGATIVE precursor_type=[M-H]-
MSBNK-Eawag-EQ1090953,MSBNK-Eawag-EQ1090953.txt,WMVJWKURWRGJCI,WMVJWKURWRGJCI,2025.10,NEGATIVE,[M-H]-,45.0,R1,ion_mode=NEGATIVE precursor_type=[M-H]-
MSBNK-Eawag-EQ1090954,MSBNK-Eawag-EQ1090954.txt,WMVJWKURWRGJCI,WMVJWKURWRGJCI,2025.10,NEGATIVE,[M-H]-,60.0,R1,ion_mode=NEGATIVE precursor_type=[M-H]-
MSBNK-Eawag-EQ1090955,MSBNK-Eawag-EQ1090955.txt,WMVJWKURWRGJCI,WMVJWKURWRGJCI,2025.10,NEGATIVE,[M-H]-,75.0,R1,ion_mode=NEGATIVE precursor_type=[M-H]-
MSBNK-Eawag-EQ1091001,MSBNK-Eawag-EQ1091001.txt,NRPKURNSADTHLJ,NRPKURNSADTHLJ,2025.10,POSITIVE,[M+H]+,15.0,R4,nce=15 not an adjudication cell (30 or 60)
MSBNK-Eawag-EQ1091002,MSBNK-Eawag-EQ1091002.txt,NRPKURNSADTHLJ,NRPKURNSADTHLJ,2025.10,POSITIVE,[M+H]+,30.0,R8,R8a: compound key in MassSpecGym 1.5 by the recorded InChIKey route
MSBNK-Eawag-EQ1091003,MSBNK-Eawag-EQ1091003.txt,NRPKURNSADTHLJ,NRPKURNSADTHLJ,2025.10,POSITIVE,[M+H]+,45.0,R4,nce=45 not an adjudication cell (30 or 60)
MSBNK-Eawag-EQ1091004,MSBNK-Eawag-EQ1091004.txt,NRPKURNSADTHLJ,NRPKURNSADTHLJ,2025.10,POSITIVE,[M+H]+,60.0,R8,R8a: compound key in MassSpecGym 1.5 by the recorded InChIKey route
MSBNK-Eawag-EQ1091005,MSBNK-Eawag-EQ1091005.txt,NRPKURNSADTHLJ,NRPKURNSADTHLJ,2025.10,POSITIVE,[M+H]+,75.0,R4,nce=75 not an adjudication cell (30 or 60)
MSBNK-Eawag-EQ1091006,MSBNK-Eawag-EQ1091006.txt,NRPKURNSADTHLJ,NRPKURNSADTHLJ,2025.10,POSITIVE,[M+H]+,90.0,R4,nce=90 not an adjudication cell (30 or 60)
MSBNK-Eawag-EQ1091007,MSBNK-Eawag-EQ1091007.txt,NRPKURNSADTHLJ,NRPKURNSADTHLJ,2025.10,POSITIVE,[M+H]+,120.0,R4,nce=120 not an adjudication cell (30 or 60)
MSBNK-Eawag-EQ1091008,MSBNK-Eawag-EQ1091008.txt,NRPKURNSADTHLJ,NRPKURNSADTHLJ,2025.10,POSITIVE,[M+H]+,150.0,R4,nce=150 not an adjudication cell (30 or 60)
MSBNK-Eawag-EQ1091009,MSBNK-Eawag-EQ1091009.txt,NRPKURNSADTHLJ,NRPKURNSADTHLJ,2025.10,POSITIVE,[M+H]+,180.0,R4,nce=180 not an adjudication cell (30 or 60)
MSBNK-Eawag-EQ1091051,MSBNK-Eawag-EQ1091051.txt,NRPKURNSADTHLJ,NRPKURNSADTHLJ,2025.10,NEGATIVE,[M-H]-,15.0,R1,ion_mode=NEGATIVE precursor_type=[M-H]-
MSBNK-Eawag-EQ1091052,MSBNK-Eawag-EQ1091052.txt,NRPKURNSADTHLJ,NRPKURNSADTHLJ,2025.10,NEGATIVE,[M-H]-,30.0,R1,ion_mode=NEGATIVE precursor_type=[M-H]-
MSBNK-Eawag-EQ1091053,MSBNK-Eawag-EQ1091053.txt,NRPKURNSADTHLJ,NRPKURNSADTHLJ,2025.10,NEGATIVE,[M-H]-,45.0,R1,ion_mode=NEGATIVE precursor_type=[M-H]-
MSBNK-Eawag-EQ1091054,MSBNK-Eawag-EQ1091054.txt,NRPKURNSADTHLJ,NRPKURNSADTHLJ,2025.10,NEGATIVE,[M-H]-,60.0,R1,ion_mode=NEGATIVE precursor_type=[M-H]-
MSBNK-Eawag-EQ1091055,MSBNK-Eawag-EQ1091055.txt,NRPKURNSADTHLJ,NRPKURNSADTHLJ,2025.10,NEGATIVE,[M-H]-,75.0,R1,ion_mode=NEGATIVE precursor_type=[M-H]-
MSBNK-Eawag-EQ1091056,MSBNK-Eawag-EQ1091056.txt,NRPKURNSADTHLJ,NRPKURNSADTHLJ,2025.10,NEGATIVE,[M-H]-,90.0,R1,ion_mode=NEGATIVE precursor_type=[M-H]-
MSBNK-Eawag-EQ1091057,MSBNK-Eawag-EQ1091057.txt,NRPKURNSADTHLJ,NRPKURNSADTHLJ,2025.10,NEGATIVE,[M-H]-,120.0,R1,ion_mode=NEGATIVE precursor_type=[M-H]-
MSBNK-Eawag-EQ1091058,MSBNK-Eawag-EQ1091058.txt,NRPKURNSADTHLJ,NRPKURNSADTHLJ,2025.10,NEGATIVE,[M-H]-,150.0,R1,ion_mode=NEGATIVE precursor_type=[M-H]-
MSBNK-Eawag-EQ1091059,MSBNK-Eawag-EQ1091059.txt,NRPKURNSADTHLJ,NRPKURNSADTHLJ,2025.10,NEGATIVE,[M-H]-,180.0,R1,ion_mode=NEGATIVE precursor_type=[M-H]-
MSBNK-Eawag-EQ1091151,MSBNK-Eawag-EQ1091151.txt,KGRVJHAUYBGFFP,KGRVJHAUYBGFFP,2025.10,NEGATIVE,[M-H]-,15.0,R1,ion_mode=NEGATIVE precursor_type=[M-H]-
MSBNK-Eawag-EQ1091152,MSBNK-Eawag-EQ1091152.txt,KGRVJHAUYBGFFP,KGRVJHAUYBGFFP,2025.10,NEGATIVE,[M-H]-,30.0,R1,ion_mode=NEGATIVE precursor_type=[M-H]-
MSBNK-Eawag-EQ1091153,MSBNK-Eawag-EQ1091153.txt,KGRVJHAUYBGFFP,KGRVJHAUYBGFFP,2025.10,NEGATIVE,[M-H]-,45.0,R1,ion_mode=NEGATIVE precursor_type=[M-H]-
MSBNK-Eawag-EQ1091154,MSBNK-Eawag-EQ1091154.txt,KGRVJHAUYBGFFP,KGRVJHAUYBGFFP,2025.10,NEGATIVE,[M-H]-,60.0,R1,ion_mode=NEGATIVE precursor_type=[M-H]-
MSBNK-Eawag-EQ1091155,MSBNK-Eawag-EQ1091155.txt,KGRVJHAUYBGFFP,KGRVJHAUYBGFFP,2025.10,NEGATIVE,[M-H]-,75.0,R1,ion_mode=NEGATIVE precursor_type=[M-H]-
MSBNK-Eawag-EQ1091156,MSBNK-Eawag-EQ1091156.txt,KGRVJHAUYBGFFP,KGRVJHAUYBGFFP,2025.10,NEGATIVE,[M-H]-,90.0,R1,ion_mode=NEGATIVE precursor_type=[M-H]-
MSBNK-Eawag-EQ1091157,MSBNK-Eawag-EQ1091157.txt,KGRVJHAUYBGFFP,KGRVJHAUYBGFFP,2025.10,NEGATIVE,[M-H]-,120.0,R1,ion_mode=NEGATIVE precursor_type=[M-H]-
MSBNK-Eawag-EQ1091158,MSBNK-Eawag-EQ1091158.txt,KGRVJHAUYBGFFP,KGRVJHAUYBGFFP,2025.10,NEGATIVE,[M-H]-,150.0,R1,ion_mode=NEGATIVE precursor_type=[M-H]-
MSBNK-Eawag-EQ1091159,MSBNK-Eawag-EQ1091159.txt,KGRVJHAUYBGFFP,KGRVJHAUYBGFFP,2025.10,NEGATIVE,[M-H]-,180.0,R1,ion_mode=NEGATIVE precursor_type=[M-H]-
MSBNK-Eawag-EQ1091351,MSBNK-Eawag-EQ1091351.txt,GPNYZBKIGXGYNU,GPNYZBKIGXGYNU,2025.10,NEGATIVE,[M-H]-,15.0,R1,ion_mode=NEGATIVE precursor_type=[M-H]-
MSBNK-Eawag-EQ1091352,MSBNK-Eawag-EQ1091352.txt,GPNYZBKIGXGYNU,GPNYZBKIGXGYNU,2025.10,NEGATIVE,[M-H]-,30.0,R1,ion_mode=NEGATIVE precursor_type=[M-H]-
MSBNK-Eawag-EQ1091353,MSBNK-Eawag-EQ1091353.txt,GPNYZBKIGXGYNU,GPNYZBKIGXGYNU,2025.10,NEGATIVE,[M-H]-,45.0,R1,ion_mode=NEGATIVE precursor_type=[M-H]-
MSBNK-Eawag-EQ1091354,MSBNK-Eawag-EQ1091354.txt,GPNYZBKIGXGYNU,GPNYZBKIGXGYNU,2025.10,NEGATIVE,[M-H]-,60.0,R1,ion_mode=NEGATIVE precursor_type=[M-H]-
MSBNK-Eawag-EQ1091355,MSBNK-Eawag-EQ1091355.txt,GPNYZBKIGXGYNU,GPNYZBKIGXGYNU,2025.10,NEGATIVE,[M-H]-,75.0,R1,ion_mode=NEGATIVE precursor_type=[M-H]-
MSBNK-Eawag-EQ1091356,MSBNK-Eawag-EQ1091356.txt,GPNYZBKIGXGYNU,GPNYZBKIGXGYNU,2025.10,NEGATIVE,[M-H]-,90.0,R1,ion_mode=NEGATIVE precursor_type=[M-H]-
MSBNK-Eawag-EQ1091357,MSBNK-Eawag-EQ1091357.txt,GPNYZBKIGXGYNU,GPNYZBKIGXGYNU,2025.10,NEGATIVE,[M-H]-,120.0,R1,ion_mode=NEGATIVE precursor_type=[M-H]-
MSBNK-Eawag-EQ1091358,MSBNK-Eawag-EQ1091358.txt,GPNYZBKIGXGYNU,GPNYZBKIGXGYNU,2025.10,NEGATIVE,[M-H]-,150.0,R1,ion_mode=NEGATIVE precursor_type=[M-H]-
MSBNK-Eawag-EQ1091359,MSBNK-Eawag-EQ1091359.txt,GPNYZBKIGXGYNU,GPNYZBKIGXGYNU,2025.10,NEGATIVE,[M-H]-,180.0,R1,ion_mode=NEGATIVE precursor_type=[M-H]-
MSBNK-Eawag-EQ1091401,MSBNK-Eawag-EQ1091401.txt,UJAWGGOCYUPCPS,UJAWGGOCYUPCPS,2025.10,POSITIVE,[M+H]+,15.0,R4,nce=15 not an adjudication cell (30 or 60)
MSBNK-Eawag-EQ1091402,MSBNK-Eawag-EQ1091402.txt,UJAWGGOCYUPCPS,UJAWGGOCYUPCPS,2025.10,POSITIVE,[M+H]+,30.0,PASS,eligible
MSBNK-Eawag-EQ1091403,MSBNK-Eawag-EQ1091403.txt,UJAWGGOCYUPCPS,UJAWGGOCYUPCPS,2025.10,POSITIVE,[M+H]+,45.0,R4,nce=45 not an adjudication cell (30 or 60)
MSBNK-Eawag-EQ1091404,MSBNK-Eawag-EQ1091404.txt,UJAWGGOCYUPCPS,UJAWGGOCYUPCPS,2025.10,POSITIVE,[M+H]+,60.0,PASS,eligible
MSBNK-Eawag-EQ1091405,MSBNK-Eawag-EQ1091405.txt,UJAWGGOCYUPCPS,UJAWGGOCYUPCPS,2025.10,POSITIVE,[M+H]+,75.0,R4,nce=75 not an adjudication cell (30 or 60)
MSBNK-Eawag-EQ1091406,MSBNK-Eawag-EQ1091406.txt,UJAWGGOCYUPCPS,UJAWGGOCYUPCPS,2025.10,POSITIVE,[M+H]+,90.0,R4,nce=90 not an adjudication cell (30 or 60)
MSBNK-Eawag-EQ1091407,MSBNK-Eawag-EQ1091407.txt,UJAWGGOCYUPCPS,UJAWGGOCYUPCPS,2025.10,POSITIVE,[M+H]+,120.0,R4,nce=120 not an adjudication cell (30 or 60)
MSBNK-Eawag-EQ1091408,MSBNK-Eawag-EQ1091408.txt,UJAWGGOCYUPCPS,UJAWGGOCYUPCPS,2025.10,POSITIVE,[M+H]+,150.0,R4,nce=150 not an adjudication cell (30 or 60)
MSBNK-Eawag-EQ1091409,MSBNK-Eawag-EQ1091409.txt,UJAWGGOCYUPCPS,UJAWGGOCYUPCPS,2025.10,POSITIVE,[M+H]+,180.0,R4,nce=180 not an adjudication cell (30 or 60)
MSBNK-Eawag-EQ1091751,MSBNK-Eawag-EQ1091751.txt,MDWVSAYEQPLWMX,MDWVSAYEQPLWMX,2025.10,NEGATIVE,[M-H]-,15.0,R1,ion_mode=NEGATIVE precursor_type=[M-H]-
MSBNK-Eawag-EQ1091752,MSBNK-Eawag-EQ1091752.txt,MDWVSAYEQPLWMX,MDWVSAYEQPLWMX,2025.10,NEGATIVE,[M-H]-,30.0,R1,ion_mode=NEGATIVE precursor_type=[M-H]-
MSBNK-Eawag-EQ1091753,MSBNK-Eawag-EQ1091753.txt,MDWVSAYEQPLWMX,MDWVSAYEQPLWMX,2025.10,NEGATIVE,[M-H]-,45.0,R1,ion_mode=NEGATIVE precursor_type=[M-H]-
MSBNK-Eawag-EQ1091754,MSBNK-Eawag-EQ1091754.txt,MDWVSAYEQPLWMX,MDWVSAYEQPLWMX,2025.10,NEGATIVE,[M-H]-,60.0,R1,ion_mode=NEGATIVE precursor_type=[M-H]-
MSBNK-Eawag-EQ1091755,MSBNK-Eawag-EQ1091755.txt,MDWVSAYEQPLWMX,MDWVSAYEQPLWMX,2025.10,NEGATIVE,[M-H]-,75.0,R1,ion_mode=NEGATIVE precursor_type=[M-H]-
MSBNK-Eawag-EQ1091901,MSBNK-Eawag-EQ1091901.txt,HVLLSGMXQDNUAL,HVLLSGMXQDNUAL,2025.10,POSITIVE,[M+H]+,15.0,R4,nce=15 not an adjudication cell (30 or 60)
MSBNK-Eawag-EQ1091902,MSBNK-Eawag-EQ1091902.txt,HVLLSGMXQDNUAL,HVLLSGMXQDNUAL,2025.10,POSITIVE,[M+H]+,30.0,PASS,eligible
MSBNK-Eawag-EQ1091903,MSBNK-Eawag-EQ1091903.txt,HVLLSGMXQDNUAL,HVLLSGMXQDNUAL,2025.10,POSITIVE,[M+H]+,45.0,R4,nce=45 not an adjudication cell (30 or 60)
MSBNK-Eawag-EQ1091904,MSBNK-Eawag-EQ1091904.txt,HVLLSGMXQDNUAL,HVLLSGMXQDNUAL,2025.10,POSITIVE,[M+H]+,60.0,PASS,eligible
MSBNK-Eawag-EQ1091905,MSBNK-Eawag-EQ1091905.txt,HVLLSGMXQDNUAL,HVLLSGMXQDNUAL,2025.10,POSITIVE,[M+H]+,75.0,R4,nce=75 not an adjudication cell (30 or 60)
MSBNK-Eawag-EQ1091906,MSBNK-Eawag-EQ1091906.txt,HVLLSGMXQDNUAL,HVLLSGMXQDNUAL,2025.10,POSITIVE,[M+H]+,90.0,R4,nce=90 not an adjudication cell (30 or 60)
MSBNK-Eawag-EQ1091907,MSBNK-Eawag-EQ1091907.txt,HVLLSGMXQDNUAL,HVLLSGMXQDNUAL,2025.10,POSITIVE,[M+H]+,120.0,R4,nce=120 not an adjudication cell (30 or 60)
MSBNK-Eawag-EQ1092001,MSBNK-Eawag-EQ1092001.txt,XQVWYOYUZDUNRW,XQVWYOYUZDUNRW,2025.10,POSITIVE,[M+H]+,15.0,R4,nce=15 not an adjudication cell (30 or 60)
MSBNK-Eawag-EQ1092002,MSBNK-Eawag-EQ1092002.txt,XQVWYOYUZDUNRW,XQVWYOYUZDUNRW,2025.10,POSITIVE,[M+H]+,30.0,R8,R8a: compound key in MassSpecGym 1.5 by the recorded InChIKey route
MSBNK-Eawag-EQ1092003,MSBNK-Eawag-EQ1092003.txt,XQVWYOYUZDUNRW,XQVWYOYUZDUNRW,2025.10,POSITIVE,[M+H]+,45.0,R4,nce=45 not an adjudication cell (30 or 60)
MSBNK-Eawag-EQ1092004,MSBNK-Eawag-EQ1092004.txt,XQVWYOYUZDUNRW,XQVWYOYUZDUNRW,2025.10,POSITIVE,[M+H]+,60.0,R8,R8a: compound key in MassSpecGym 1.5 by the recorded InChIKey route
MSBNK-Eawag-EQ1092005,MSBNK-Eawag-EQ1092005.txt,XQVWYOYUZDUNRW,XQVWYOYUZDUNRW,2025.10,POSITIVE,[M+H]+,75.0,R4,nce=75 not an adjudication cell (30 or 60)
MSBNK-Eawag-EQ1092006,MSBNK-Eawag-EQ1092006.txt,XQVWYOYUZDUNRW,XQVWYOYUZDUNRW,2025.10,POSITIVE,[M+H]+,90.0,R4,nce=90 not an adjudication cell (30 or 60)
MSBNK-Eawag-EQ1092007,MSBNK-Eawag-EQ1092007.txt,XQVWYOYUZDUNRW,XQVWYOYUZDUNRW,2025.10,POSITIVE,[M+H]+,120.0,R4,nce=120 not an adjudication cell (30 or 60)
MSBNK-Eawag-EQ1092008,MSBNK-Eawag-EQ1092008.txt,XQVWYOYUZDUNRW,XQVWYOYUZDUNRW,2025.10,POSITIVE,[M+H]+,150.0,R4,nce=150 not an adjudication cell (30 or 60)
MSBNK-Eawag-EQ1092009,MSBNK-Eawag-EQ1092009.txt,XQVWYOYUZDUNRW,XQVWYOYUZDUNRW,2025.10,POSITIVE,[M+H]+,180.0,R4,nce=180 not an adjudication cell (30 or 60)
MSBNK-Eawag-EQ1092101,MSBNK-Eawag-EQ1092101.txt,ZTHYODDOHIVTJV,ZTHYODDOHIVTJV,2025.10,POSITIVE,[M+H]+,15.0,R4,nce=15 not an adjudication cell (30 or 60)
MSBNK-Eawag-EQ1092102,MSBNK-Eawag-EQ1092102.txt,ZTHYODDOHIVTJV,ZTHYODDOHIVTJV,2025.10,POSITIVE,[M+H]+,30.0,R8,R8a: compound key in MassSpecGym 1.5 by the recorded InChIKey route
MSBNK-Eawag-EQ1092103,MSBNK-Eawag-EQ1092103.txt,ZTHYODDOHIVTJV,ZTHYODDOHIVTJV,2025.10,POSITIVE,[M+H]+,45.0,R4,nce=45 not an adjudication cell (30 or 60)
MSBNK-Eawag-EQ1092104,MSBNK-Eawag-EQ1092104.txt,ZTHYODDOHIVTJV,ZTHYODDOHIVTJV,2025.10,POSITIVE,[M+H]+,60.0,R8,R8a: compound key in MassSpecGym 1.5 by the recorded InChIKey route
MSBNK-Eawag-EQ1092105,MSBNK-Eawag-EQ1092105.txt,ZTHYODDOHIVTJV,ZTHYODDOHIVTJV,2025.10,POSITIVE,[M+H]+,75.0,R4,nce=75 not an adjudication cell (30 or 60)
MSBNK-Eawag-EQ1092106,MSBNK-Eawag-EQ1092106.txt,ZTHYODDOHIVTJV,ZTHYODDOHIVTJV,2025.10,POSITIVE,[M+H]+,90.0,R4,nce=90 not an adjudication cell (30 or 60)
MSBNK-Eawag-EQ1092107,MSBNK-Eawag-EQ1092107.txt,ZTHYODDOHIVTJV,ZTHYODDOHIVTJV,2025.10,POSITIVE,[M+H]+,120.0,R4,nce=120 not an adjudication cell (30 or 60)
MSBNK-Eawag-EQ1092108,MSBNK-Eawag-EQ1092108.txt,ZTHYODDOHIVTJV,ZTHYODDOHIVTJV,2025.10,POSITIVE,[M+H]+,150.0,R4,nce=150 not an adjudication cell (30 or 60)
MSBNK-Eawag-EQ1092109,MSBNK-Eawag-EQ1092109.txt,ZTHYODDOHIVTJV,ZTHYODDOHIVTJV,2025.10,POSITIVE,[M+H]+,180.0,R4,nce=180 not an adjudication cell (30 or 60)
MSBNK-Eawag-EQ1092151,MSBNK-Eawag-EQ1092151.txt,ZTHYODDOHIVTJV,ZTHYODDOHIVTJV,2025.10,NEGATIVE,[M-H]-,15.0,R1,ion_mode=NEGATIVE precursor_type=[M-H]-
MSBNK-Eawag-EQ1092152,MSBNK-Eawag-EQ1092152.txt,ZTHYODDOHIVTJV,ZTHYODDOHIVTJV,2025.10,NEGATIVE,[M-H]-,30.0,R1,ion_mode=NEGATIVE precursor_type=[M-H]-
MSBNK-Eawag-EQ1092153,MSBNK-Eawag-EQ1092153.txt,ZTHYODDOHIVTJV,ZTHYODDOHIVTJV,2025.10,NEGATIVE,[M-H]-,45.0,R1,ion_mode=NEGATIVE precursor_type=[M-H]-
MSBNK-Eawag-EQ1092154,MSBNK-Eawag-EQ1092154.txt,ZTHYODDOHIVTJV,ZTHYODDOHIVTJV,2025.10,NEGATIVE,[M-H]-,60.0,R1,ion_mode=NEGATIVE precursor_type=[M-H]-
MSBNK-Eawag-EQ1092155,MSBNK-Eawag-EQ1092155.txt,ZTHYODDOHIVTJV,ZTHYODDOHIVTJV,2025.10,NEGATIVE,[M-H]-,75.0,R1,ion_mode=NEGATIVE precursor_type=[M-H]-
MSBNK-Eawag-EQ1092156,MSBNK-Eawag-EQ1092156.txt,ZTHYODDOHIVTJV,ZTHYODDOHIVTJV,2025.10,NEGATIVE,[M-H]-,90.0,R1,ion_mode=NEGATIVE precursor_type=[M-H]-
MSBNK-Eawag-EQ1092157,MSBNK-Eawag-EQ1092157.txt,ZTHYODDOHIVTJV,ZTHYODDOHIVTJV,2025.10,NEGATIVE,[M-H]-,120.0,R1,ion_mode=NEGATIVE precursor_type=[M-H]-
MSBNK-Eawag-EQ1092158,MSBNK-Eawag-EQ1092158.txt,ZTHYODDOHIVTJV,ZTHYODDOHIVTJV,2025.10,NEGATIVE,[M-H]-,150.0,R1,ion_mode=NEGATIVE precursor_type=[M-H]-
MSBNK-Eawag-EQ1092159,MSBNK-Eawag-EQ1092159.txt,ZTHYODDOHIVTJV,ZTHYODDOHIVTJV,2025.10,NEGATIVE,[M-H]-,180.0,R1,ion_mode=NEGATIVE precursor_type=[M-H]-
MSBNK-Eawag-EQ1092201,MSBNK-Eawag-EQ1092201.txt,XZZNDPSIHUTMOC,XZZNDPSIHUTMOC,2025.10,POSITIVE,[M+H]+,15.0,R4,nce=15 not an adjudication cell (30 or 60)
MSBNK-Eawag-EQ1092202,MSBNK-Eawag-EQ1092202.txt,XZZNDPSIHUTMOC,XZZNDPSIHUTMOC,2025.10,POSITIVE,[M+H]+,30.0,R8,R8a: compound key in MassSpecGym 1.5 by the recorded InChIKey route
MSBNK-Eawag-EQ1092203,MSBNK-Eawag-EQ1092203.txt,XZZNDPSIHUTMOC,XZZNDPSIHUTMOC,2025.10,POSITIVE,[M+H]+,45.0,R4,nce=45 not an adjudication cell (30 or 60)
MSBNK-Eawag-EQ1092204,MSBNK-Eawag-EQ1092204.txt,XZZNDPSIHUTMOC,XZZNDPSIHUTMOC,2025.10,POSITIVE,[M+H]+,60.0,R8,R8a: compound key in MassSpecGym 1.5 by the recorded InChIKey route
MSBNK-Eawag-EQ1092205,MSBNK-Eawag-EQ1092205.txt,XZZNDPSIHUTMOC,XZZNDPSIHUTMOC,2025.10,POSITIVE,[M+H]+,75.0,R4,nce=75 not an adjudication cell (30 or 60)
MSBNK-Eawag-EQ1092206,MSBNK-Eawag-EQ1092206.txt,XZZNDPSIHUTMOC,XZZNDPSIHUTMOC,2025.10,POSITIVE,[M+H]+,90.0,R4,nce=90 not an adjudication cell (30 or 60)
MSBNK-Eawag-EQ1092207,MSBNK-Eawag-EQ1092207.txt,XZZNDPSIHUTMOC,XZZNDPSIHUTMOC,2025.10,POSITIVE,[M+H]+,120.0,R4,nce=120 not an adjudication cell (30 or 60)
MSBNK-Eawag-EQ1092208,MSBNK-Eawag-EQ1092208.txt,XZZNDPSIHUTMOC,XZZNDPSIHUTMOC,2025.10,POSITIVE,[M+H]+,150.0,R4,nce=150 not an adjudication cell (30 or 60)
MSBNK-Eawag-EQ1092209,MSBNK-Eawag-EQ1092209.txt,XZZNDPSIHUTMOC,XZZNDPSIHUTMOC,2025.10,POSITIVE,[M+H]+,180.0,R4,nce=180 not an adjudication cell (30 or 60)
MSBNK-Eawag-EQ1092351,MSBNK-Eawag-EQ1092351.txt,DXCHWXWXYPEZKM,DXCHWXWXYPEZKM,2025.10,NEGATIVE,[M-H]-,15.0,R1,ion_mode=NEGATIVE precursor_type=[M-H]-
MSBNK-Eawag-EQ1092352,MSBNK-Eawag-EQ1092352.txt,DXCHWXWXYPEZKM,DXCHWXWXYPEZKM,2025.10,NEGATIVE,[M-H]-,30.0,R1,ion_mode=NEGATIVE precursor_type=[M-H]-
MSBNK-Eawag-EQ1092353,MSBNK-Eawag-EQ1092353.txt,DXCHWXWXYPEZKM,DXCHWXWXYPEZKM,2025.10,NEGATIVE,[M-H]-,45.0,R1,ion_mode=NEGATIVE precursor_type=[M-H]-
MSBNK-Eawag-EQ1092354,MSBNK-Eawag-EQ1092354.txt,DXCHWXWXYPEZKM,DXCHWXWXYPEZKM,2025.10,NEGATIVE,[M-H]-,60.0,R1,ion_mode=NEGATIVE precursor_type=[M-H]-
MSBNK-Eawag-EQ1092355,MSBNK-Eawag-EQ1092355.txt,DXCHWXWXYPEZKM,DXCHWXWXYPEZKM,2025.10,NEGATIVE,[M-H]-,75.0,R1,ion_mode=NEGATIVE precursor_type=[M-H]-
MSBNK-Eawag-EQ1092356,MSBNK-Eawag-EQ1092356.txt,DXCHWXWXYPEZKM,DXCHWXWXYPEZKM,2025.10,NEGATIVE,[M-H]-,90.0,R1,ion_mode=NEGATIVE precursor_type=[M-H]-
MSBNK-Eawag-EQ1092357,MSBNK-Eawag-EQ1092357.txt,DXCHWXWXYPEZKM,DXCHWXWXYPEZKM,2025.10,NEGATIVE,[M-H]-,120.0,R1,ion_mode=NEGATIVE precursor_type=[M-H]-
MSBNK-Eawag-EQ1092358,MSBNK-Eawag-EQ1092358.txt,DXCHWXWXYPEZKM,DXCHWXWXYPEZKM,2025.10,NEGATIVE,[M-H]-,150.0,R1,ion_mode=NEGATIVE precursor_type=[M-H]-
MSBNK-Eawag-EQ1092359,MSBNK-Eawag-EQ1092359.txt,DXCHWXWXYPEZKM,DXCHWXWXYPEZKM,2025.10,NEGATIVE,[M-H]-,180.0,R1,ion_mode=NEGATIVE precursor_type=[M-H]-
MSBNK-Eawag-EQ1093001,MSBNK-Eawag-EQ1093001.txt,HQUQLFOMPYWACS,HQUQLFOMPYWACS,2025.10,POSITIVE,[M+H]+,15.0,R4,nce=15 not an adjudication cell (30 or 60)
MSBNK-Eawag-EQ1093002,MSBNK-Eawag-EQ1093002.txt,HQUQLFOMPYWACS,HQUQLFOMPYWACS,2025.10,POSITIVE,[M+H]+,30.0,R8,R8a: compound key in MassSpecGym 1.5 by the recorded InChIKey route
MSBNK-Eawag-EQ1093003,MSBNK-Eawag-EQ1093003.txt,HQUQLFOMPYWACS,HQUQLFOMPYWACS,2025.10,POSITIVE,[M+H]+,45.0,R4,nce=45 not an adjudication cell (30 or 60)
MSBNK-Eawag-EQ1093004,MSBNK-Eawag-EQ1093004.txt,HQUQLFOMPYWACS,HQUQLFOMPYWACS,2025.10,POSITIVE,[M+H]+,60.0,R8,R8a: compound key in MassSpecGym 1.5 by the recorded InChIKey route
MSBNK-Eawag-EQ1093005,MSBNK-Eawag-EQ1093005.txt,HQUQLFOMPYWACS,HQUQLFOMPYWACS,2025.10,POSITIVE,[M+H]+,75.0,R4,nce=75 not an adjudication cell (30 or 60)
MSBNK-Eawag-EQ1093006,MSBNK-Eawag-EQ1093006.txt,HQUQLFOMPYWACS,HQUQLFOMPYWACS,2025.10,POSITIVE,[M+H]+,90.0,R4,nce=90 not an adjudication cell (30 or 60)
MSBNK-Eawag-EQ1093007,MSBNK-Eawag-EQ1093007.txt,HQUQLFOMPYWACS,HQUQLFOMPYWACS,2025.10,POSITIVE,[M+H]+,120.0,R4,nce=120 not an adjudication cell (30 or 60)
MSBNK-Eawag-EQ1093008,MSBNK-Eawag-EQ1093008.txt,HQUQLFOMPYWACS,HQUQLFOMPYWACS,2025.10,POSITIVE,[M+H]+,150.0,R4,nce=150 not an adjudication cell (30 or 60)
MSBNK-Eawag-EQ1093009,MSBNK-Eawag-EQ1093009.txt,HQUQLFOMPYWACS,HQUQLFOMPYWACS,2025.10,POSITIVE,[M+H]+,180.0,R4,nce=180 not an adjudication cell (30 or 60)
MSBNK-Eawag-EQ1093201,MSBNK-Eawag-EQ1093201.txt,UTGQNNCQYDRXCH,UTGQNNCQYDRXCH,2025.10,POSITIVE,[M+H]+,15.0,R4,nce=15 not an adjudication cell (30 or 60)
MSBNK-Eawag-EQ1093202,MSBNK-Eawag-EQ1093202.txt,UTGQNNCQYDRXCH,UTGQNNCQYDRXCH,2025.10,POSITIVE,[M+H]+,30.0,R8,R8a: compound key in MassSpecGym 1.5 by the recorded InChIKey route
MSBNK-Eawag-EQ1093203,MSBNK-Eawag-EQ1093203.txt,UTGQNNCQYDRXCH,UTGQNNCQYDRXCH,2025.10,POSITIVE,[M+H]+,45.0,R4,nce=45 not an adjudication cell (30 or 60)
MSBNK-Eawag-EQ1093204,MSBNK-Eawag-EQ1093204.txt,UTGQNNCQYDRXCH,UTGQNNCQYDRXCH,2025.10,POSITIVE,[M+H]+,60.0,R8,R8a: compound key in MassSpecGym 1.5 by the recorded InChIKey route
MSBNK-Eawag-EQ1093205,MSBNK-Eawag-EQ1093205.txt,UTGQNNCQYDRXCH,UTGQNNCQYDRXCH,2025.10,POSITIVE,[M+H]+,75.0,R4,nce=75 not an adjudication cell (30 or 60)
MSBNK-Eawag-EQ1093206,MSBNK-Eawag-EQ1093206.txt,UTGQNNCQYDRXCH,UTGQNNCQYDRXCH,2025.10,POSITIVE,[M+H]+,90.0,R4,nce=90 not an adjudication cell (30 or 60)
MSBNK-Eawag-EQ1093207,MSBNK-Eawag-EQ1093207.txt,UTGQNNCQYDRXCH,UTGQNNCQYDRXCH,2025.10,POSITIVE,[M+H]+,120.0,R4,nce=120 not an adjudication cell (30 or 60)
MSBNK-Eawag-EQ1093208,MSBNK-Eawag-EQ1093208.txt,UTGQNNCQYDRXCH,UTGQNNCQYDRXCH,2025.10,POSITIVE,[M+H]+,150.0,R4,nce=150 not an adjudication cell (30 or 60)
MSBNK-Eawag-EQ1093209,MSBNK-Eawag-EQ1093209.txt,UTGQNNCQYDRXCH,UTGQNNCQYDRXCH,2025.10,POSITIVE,[M+H]+,180.0,R4,nce=180 not an adjudication cell (30 or 60)
MSBNK-Eawag-EQ1093351,MSBNK-Eawag-EQ1093351.txt,BHMKRPFWTKJXKI,BHMKRPFWTKJXKI,2025.10,NEGATIVE,[M-H]-,15.0,R1,ion_mode=NEGATIVE precursor_type=[M-H]-
MSBNK-Eawag-EQ1093352,MSBNK-Eawag-EQ1093352.txt,BHMKRPFWTKJXKI,BHMKRPFWTKJXKI,2025.10,NEGATIVE,[M-H]-,30.0,R1,ion_mode=NEGATIVE precursor_type=[M-H]-
MSBNK-Eawag-EQ1093353,MSBNK-Eawag-EQ1093353.txt,BHMKRPFWTKJXKI,BHMKRPFWTKJXKI,2025.10,NEGATIVE,[M-H]-,45.0,R1,ion_mode=NEGATIVE precursor_type=[M-H]-
MSBNK-Eawag-EQ1093354,MSBNK-Eawag-EQ1093354.txt,BHMKRPFWTKJXKI,BHMKRPFWTKJXKI,2025.10,NEGATIVE,[M-H]-,60.0,R1,ion_mode=NEGATIVE precursor_type=[M-H]-
MSBNK-Eawag-EQ1093355,MSBNK-Eawag-EQ1093355.txt,BHMKRPFWTKJXKI,BHMKRPFWTKJXKI,2025.10,NEGATIVE,[M-H]-,75.0,R1,ion_mode=NEGATIVE precursor_type=[M-H]-
MSBNK-Eawag-EQ1093356,MSBNK-Eawag-EQ1093356.txt,BHMKRPFWTKJXKI,BHMKRPFWTKJXKI,2025.10,NEGATIVE,[M-H]-,90.0,R1,ion_mode=NEGATIVE precursor_type=[M-H]-
MSBNK-Eawag-EQ1093401,MSBNK-Eawag-EQ1093401.txt,HCZKYJDFEPMADG,HCZKYJDFEPMADG,2025.10,POSITIVE,[M+H]+,15.0,R4,nce=15 not an adjudication cell (30 or 60)
MSBNK-Eawag-EQ1093402,MSBNK-Eawag-EQ1093402.txt,HCZKYJDFEPMADG,HCZKYJDFEPMADG,2025.10,POSITIVE,[M+H]+,30.0,R8,R8a: compound key in MassSpecGym 1.5 by the recorded InChIKey route
MSBNK-Eawag-EQ1093403,MSBNK-Eawag-EQ1093403.txt,HCZKYJDFEPMADG,HCZKYJDFEPMADG,2025.10,POSITIVE,[M+H]+,45.0,R4,nce=45 not an adjudication cell (30 or 60)
MSBNK-Eawag-EQ1093404,MSBNK-Eawag-EQ1093404.txt,HCZKYJDFEPMADG,HCZKYJDFEPMADG,2025.10,POSITIVE,[M+H]+,60.0,R8,R8a: compound key in MassSpecGym 1.5 by the recorded InChIKey route
MSBNK-Eawag-EQ1093405,MSBNK-Eawag-EQ1093405.txt,HCZKYJDFEPMADG,HCZKYJDFEPMADG,2025.10,POSITIVE,[M+H]+,75.0,R4,nce=75 not an adjudication cell (30 or 60)
MSBNK-Eawag-EQ1093406,MSBNK-Eawag-EQ1093406.txt,HCZKYJDFEPMADG,HCZKYJDFEPMADG,2025.10,POSITIVE,[M+H]+,90.0,R4,nce=90 not an adjudication cell (30 or 60)
MSBNK-Eawag-EQ1093407,MSBNK-Eawag-EQ1093407.txt,HCZKYJDFEPMADG,HCZKYJDFEPMADG,2025.10,POSITIVE,[M+H]+,120.0,R4,nce=120 not an adjudication cell (30 or 60)
MSBNK-Eawag-EQ1093408,MSBNK-Eawag-EQ1093408.txt,HCZKYJDFEPMADG,HCZKYJDFEPMADG,2025.10,POSITIVE,[M+H]+,150.0,R4,nce=150 not an adjudication cell (30 or 60)
MSBNK-Eawag-EQ1093409,MSBNK-Eawag-EQ1093409.txt,HCZKYJDFEPMADG,HCZKYJDFEPMADG,2025.10,POSITIVE,[M+H]+,180.0,R4,nce=180 not an adjudication cell (30 or 60)
MSBNK-Eawag-EQ1093451,MSBNK-Eawag-EQ1093451.txt,HCZKYJDFEPMADG,HCZKYJDFEPMADG,2025.10,NEGATIVE,[M-H]-,15.0,R1,ion_mode=NEGATIVE precursor_type=[M-H]-
MSBNK-Eawag-EQ1093452,MSBNK-Eawag-EQ1093452.txt,HCZKYJDFEPMADG,HCZKYJDFEPMADG,2025.10,NEGATIVE,[M-H]-,30.0,R1,ion_mode=NEGATIVE precursor_type=[M-H]-
MSBNK-Eawag-EQ1093453,MSBNK-Eawag-EQ1093453.txt,HCZKYJDFEPMADG,HCZKYJDFEPMADG,2025.10,NEGATIVE,[M-H]-,45.0,R1,ion_mode=NEGATIVE precursor_type=[M-H]-
MSBNK-Eawag-EQ1093454,MSBNK-Eawag-EQ1093454.txt,HCZKYJDFEPMADG,HCZKYJDFEPMADG,2025.10,NEGATIVE,[M-H]-,60.0,R1,ion_mode=NEGATIVE precursor_type=[M-H]-
MSBNK-Eawag-EQ1093455,MSBNK-Eawag-EQ1093455.txt,HCZKYJDFEPMADG,HCZKYJDFEPMADG,2025.10,NEGATIVE,[M-H]-,75.0,R1,ion_mode=NEGATIVE precursor_type=[M-H]-
MSBNK-Eawag-EQ1093456,MSBNK-Eawag-EQ1093456.txt,HCZKYJDFEPMADG,HCZKYJDFEPMADG,2025.10,NEGATIVE,[M-H]-,90.0,R1,ion_mode=NEGATIVE precursor_type=[M-H]-
MSBNK-Eawag-EQ1093457,MSBNK-Eawag-EQ1093457.txt,HCZKYJDFEPMADG,HCZKYJDFEPMADG,2025.10,NEGATIVE,[M-H]-,120.0,R1,ion_mode=NEGATIVE precursor_type=[M-H]-
MSBNK-Eawag-EQ1093458,MSBNK-Eawag-EQ1093458.txt,HCZKYJDFEPMADG,HCZKYJDFEPMADG,2025.10,NEGATIVE,[M-H]-,150.0,R1,ion_mode=NEGATIVE precursor_type=[M-H]-
MSBNK-Eawag-EQ1093459,MSBNK-Eawag-EQ1093459.txt,HCZKYJDFEPMADG,HCZKYJDFEPMADG,2025.10,NEGATIVE,[M-H]-,180.0,R1,ion_mode=NEGATIVE precursor_type=[M-H]-
MSBNK-Eawag-EQ1093501,MSBNK-Eawag-EQ1093501.txt,WFJIVOKAWHGMBH,WFJIVOKAWHGMBH,2025.10,POSITIVE,[M+H]+,15.0,R4,nce=15 not an adjudication cell (30 or 60)
MSBNK-Eawag-EQ1093502,MSBNK-Eawag-EQ1093502.txt,WFJIVOKAWHGMBH,WFJIVOKAWHGMBH,2025.10,POSITIVE,[M+H]+,30.0,R8,R8a: compound key in MassSpecGym 1.5 by the recorded InChIKey route
MSBNK-Eawag-EQ1093503,MSBNK-Eawag-EQ1093503.txt,WFJIVOKAWHGMBH,WFJIVOKAWHGMBH,2025.10,POSITIVE,[M+H]+,45.0,R4,nce=45 not an adjudication cell (30 or 60)
MSBNK-Eawag-EQ1093504,MSBNK-Eawag-EQ1093504.txt,WFJIVOKAWHGMBH,WFJIVOKAWHGMBH,2025.10,POSITIVE,[M+H]+,60.0,R8,R8a: compound key in MassSpecGym 1.5 by the recorded InChIKey route
MSBNK-Eawag-EQ1093505,MSBNK-Eawag-EQ1093505.txt,WFJIVOKAWHGMBH,WFJIVOKAWHGMBH,2025.10,POSITIVE,[M+H]+,75.0,R4,nce=75 not an adjudication cell (30 or 60)
MSBNK-Eawag-EQ1093506,MSBNK-Eawag-EQ1093506.txt,WFJIVOKAWHGMBH,WFJIVOKAWHGMBH,2025.10,POSITIVE,[M+H]+,90.0,R4,nce=90 not an adjudication cell (30 or 60)
MSBNK-Eawag-EQ1093507,MSBNK-Eawag-EQ1093507.txt,WFJIVOKAWHGMBH,WFJIVOKAWHGMBH,2025.10,POSITIVE,[M+H]+,120.0,R4,nce=120 not an adjudication cell (30 or 60)
MSBNK-Eawag-EQ1093551,MSBNK-Eawag-EQ1093551.txt,WFJIVOKAWHGMBH,WFJIVOKAWHGMBH,2025.10,NEGATIVE,[M-H]-,15.0,R1,ion_mode=NEGATIVE precursor_type=[M-H]-
MSBNK-Eawag-EQ1093552,MSBNK-Eawag-EQ1093552.txt,WFJIVOKAWHGMBH,WFJIVOKAWHGMBH,2025.10,NEGATIVE,[M-H]-,30.0,R1,ion_mode=NEGATIVE precursor_type=[M-H]-
MSBNK-Eawag-EQ1093553,MSBNK-Eawag-EQ1093553.txt,WFJIVOKAWHGMBH,WFJIVOKAWHGMBH,2025.10,NEGATIVE,[M-H]-,45.0,R1,ion_mode=NEGATIVE precursor_type=[M-H]-
MSBNK-Eawag-EQ1093554,MSBNK-Eawag-EQ1093554.txt,WFJIVOKAWHGMBH,WFJIVOKAWHGMBH,2025.10,NEGATIVE,[M-H]-,60.0,R1,ion_mode=NEGATIVE precursor_type=[M-H]-
MSBNK-Eawag-EQ1093555,MSBNK-Eawag-EQ1093555.txt,WFJIVOKAWHGMBH,WFJIVOKAWHGMBH,2025.10,NEGATIVE,[M-H]-,75.0,R1,ion_mode=NEGATIVE precursor_type=[M-H]-
MSBNK-Eawag-EQ1093556,MSBNK-Eawag-EQ1093556.txt,WFJIVOKAWHGMBH,WFJIVOKAWHGMBH,2025.10,NEGATIVE,[M-H]-,90.0,R1,ion_mode=NEGATIVE precursor_type=[M-H]-
MSBNK-Eawag-EQ1093557,MSBNK-Eawag-EQ1093557.txt,WFJIVOKAWHGMBH,WFJIVOKAWHGMBH,2025.10,NEGATIVE,[M-H]-,120.0,R1,ion_mode=NEGATIVE precursor_type=[M-H]-
MSBNK-Eawag-EQ1093558,MSBNK-Eawag-EQ1093558.txt,WFJIVOKAWHGMBH,WFJIVOKAWHGMBH,2025.10,NEGATIVE,[M-H]-,150.0,R1,ion_mode=NEGATIVE precursor_type=[M-H]-
MSBNK-Eawag-EQ1093751,MSBNK-Eawag-EQ1093751.txt,OVSKIKFHRZPJSS,OVSKIKFHRZPJSS,2025.10,NEGATIVE,[M-H]-,15.0,R1,ion_mode=NEGATIVE precursor_type=[M-H]-
MSBNK-Eawag-EQ1093752,MSBNK-Eawag-EQ1093752.txt,OVSKIKFHRZPJSS,OVSKIKFHRZPJSS,2025.10,NEGATIVE,[M-H]-,30.0,R1,ion_mode=NEGATIVE precursor_type=[M-H]-
MSBNK-Eawag-EQ1093753,MSBNK-Eawag-EQ1093753.txt,OVSKIKFHRZPJSS,OVSKIKFHRZPJSS,2025.10,NEGATIVE,[M-H]-,45.0,R1,ion_mode=NEGATIVE precursor_type=[M-H]-
MSBNK-Eawag-EQ1093754,MSBNK-Eawag-EQ1093754.txt,OVSKIKFHRZPJSS,OVSKIKFHRZPJSS,2025.10,NEGATIVE,[M-H]-,60.0,R1,ion_mode=NEGATIVE precursor_type=[M-H]-
MSBNK-Eawag-EQ1093755,MSBNK-Eawag-EQ1093755.txt,OVSKIKFHRZPJSS,OVSKIKFHRZPJSS,2025.10,NEGATIVE,[M-H]-,75.0,R1,ion_mode=NEGATIVE precursor_type=[M-H]-
MSBNK-Eawag-EQ1093756,MSBNK-Eawag-EQ1093756.txt,OVSKIKFHRZPJSS,OVSKIKFHRZPJSS,2025.10,NEGATIVE,[M-H]-,90.0,R1,ion_mode=NEGATIVE precursor_type=[M-H]-
MSBNK-Eawag-EQ1093757,MSBNK-Eawag-EQ1093757.txt,OVSKIKFHRZPJSS,OVSKIKFHRZPJSS,2025.10,NEGATIVE,[M-H]-,120.0,R1,ion_mode=NEGATIVE precursor_type=[M-H]-
MSBNK-Eawag-EQ1093758,MSBNK-Eawag-EQ1093758.txt,OVSKIKFHRZPJSS,OVSKIKFHRZPJSS,2025.10,NEGATIVE,[M-H]-,150.0,R1,ion_mode=NEGATIVE precursor_type=[M-H]-
MSBNK-Eawag-EQ1093759,MSBNK-Eawag-EQ1093759.txt,OVSKIKFHRZPJSS,OVSKIKFHRZPJSS,2025.10,NEGATIVE,[M-H]-,180.0,R1,ion_mode=NEGATIVE precursor_type=[M-H]-
MSBNK-Eawag-EQ1093951,MSBNK-Eawag-EQ1093951.txt,QAQJMLQRFWZOBN,QAQJMLQRFWZOBN,2025.10,NEGATIVE,[M-H]-,15.0,R1,ion_mode=NEGATIVE precursor_type=[M-H]-
MSBNK-Eawag-EQ1093952,MSBNK-Eawag-EQ1093952.txt,QAQJMLQRFWZOBN,QAQJMLQRFWZOBN,2025.10,NEGATIVE,[M-H]-,30.0,R1,ion_mode=NEGATIVE precursor_type=[M-H]-
MSBNK-Eawag-EQ1093953,MSBNK-Eawag-EQ1093953.txt,QAQJMLQRFWZOBN,QAQJMLQRFWZOBN,2025.10,NEGATIVE,[M-H]-,45.0,R1,ion_mode=NEGATIVE precursor_type=[M-H]-
MSBNK-Eawag-EQ1093954,MSBNK-Eawag-EQ1093954.txt,QAQJMLQRFWZOBN,QAQJMLQRFWZOBN,2025.10,NEGATIVE,[M-H]-,60.0,R1,ion_mode=NEGATIVE precursor_type=[M-H]-
MSBNK-Eawag-EQ1096201,MSBNK-Eawag-EQ1096201.txt,RPWFJAMTCNSJKK,RPWFJAMTCNSJKK,2025.10,POSITIVE,[M+H]+,15.0,R4,nce=15 not an adjudication cell (30 or 60)
MSBNK-Eawag-EQ1096202,MSBNK-Eawag-EQ1096202.txt,RPWFJAMTCNSJKK,RPWFJAMTCNSJKK,2025.10,POSITIVE,[M+H]+,30.0,R8,R8a: compound key in MassSpecGym 1.5 by the recorded InChIKey route
MSBNK-Eawag-EQ1096203,MSBNK-Eawag-EQ1096203.txt,RPWFJAMTCNSJKK,RPWFJAMTCNSJKK,2025.10,POSITIVE,[M+H]+,45.0,R4,nce=45 not an adjudication cell (30 or 60)
MSBNK-Eawag-EQ1096204,MSBNK-Eawag-EQ1096204.txt,RPWFJAMTCNSJKK,RPWFJAMTCNSJKK,2025.10,POSITIVE,[M+H]+,60.0,R8,R8a: compound key in MassSpecGym 1.5 by the recorded InChIKey route
MSBNK-Eawag-EQ1096205,MSBNK-Eawag-EQ1096205.txt,RPWFJAMTCNSJKK,RPWFJAMTCNSJKK,2025.10,POSITIVE,[M+H]+,75.0,R4,nce=75 not an adjudication cell (30 or 60)
MSBNK-Eawag-EQ1096206,MSBNK-Eawag-EQ1096206.txt,RPWFJAMTCNSJKK,RPWFJAMTCNSJKK,2025.10,POSITIVE,[M+H]+,90.0,R4,nce=90 not an adjudication cell (30 or 60)
MSBNK-Eawag-EQ1096207,MSBNK-Eawag-EQ1096207.txt,RPWFJAMTCNSJKK,RPWFJAMTCNSJKK,2025.10,POSITIVE,[M+H]+,120.0,R4,nce=120 not an adjudication cell (30 or 60)
MSBNK-Eawag-EQ1096208,MSBNK-Eawag-EQ1096208.txt,RPWFJAMTCNSJKK,RPWFJAMTCNSJKK,2025.10,POSITIVE,[M+H]+,150.0,R4,nce=150 not an adjudication cell (30 or 60)
MSBNK-Eawag-EQ1096209,MSBNK-Eawag-EQ1096209.txt,RPWFJAMTCNSJKK,RPWFJAMTCNSJKK,2025.10,POSITIVE,[M+H]+,180.0,R4,nce=180 not an adjudication cell (30 or 60)
MSBNK-Eawag-EQ1096251,MSBNK-Eawag-EQ1096251.txt,RPWFJAMTCNSJKK,RPWFJAMTCNSJKK,2025.10,NEGATIVE,[M-H]-,15.0,R1,ion_mode=NEGATIVE precursor_type=[M-H]-
MSBNK-Eawag-EQ1096252,MSBNK-Eawag-EQ1096252.txt,RPWFJAMTCNSJKK,RPWFJAMTCNSJKK,2025.10,NEGATIVE,[M-H]-,30.0,R1,ion_mode=NEGATIVE precursor_type=[M-H]-
MSBNK-Eawag-EQ1096253,MSBNK-Eawag-EQ1096253.txt,RPWFJAMTCNSJKK,RPWFJAMTCNSJKK,2025.10,NEGATIVE,[M-H]-,45.0,R1,ion_mode=NEGATIVE precursor_type=[M-H]-
MSBNK-Eawag-EQ1096254,MSBNK-Eawag-EQ1096254.txt,RPWFJAMTCNSJKK,RPWFJAMTCNSJKK,2025.10,NEGATIVE,[M-H]-,60.0,R1,ion_mode=NEGATIVE precursor_type=[M-H]-
MSBNK-Eawag-EQ1096255,MSBNK-Eawag-EQ1096255.txt,RPWFJAMTCNSJKK,RPWFJAMTCNSJKK,2025.10,NEGATIVE,[M-H]-,75.0,R1,ion_mode=NEGATIVE precursor_type=[M-H]-
MSBNK-Eawag-EQ1096256,MSBNK-Eawag-EQ1096256.txt,RPWFJAMTCNSJKK,RPWFJAMTCNSJKK,2025.10,NEGATIVE,[M-H]-,90.0,R1,ion_mode=NEGATIVE precursor_type=[M-H]-
MSBNK-Eawag-EQ1096257,MSBNK-Eawag-EQ1096257.txt,RPWFJAMTCNSJKK,RPWFJAMTCNSJKK,2025.10,NEGATIVE,[M-H]-,120.0,R1,ion_mode=NEGATIVE precursor_type=[M-H]-
MSBNK-Eawag-EQ1096258,MSBNK-Eawag-EQ1096258.txt,RPWFJAMTCNSJKK,RPWFJAMTCNSJKK,2025.10,NEGATIVE,[M-H]-,150.0,R1,ion_mode=NEGATIVE precursor_type=[M-H]-
MSBNK-Eawag-EQ1096259,MSBNK-Eawag-EQ1096259.txt,RPWFJAMTCNSJKK,RPWFJAMTCNSJKK,2025.10,NEGATIVE,[M-H]-,180.0,R1,ion_mode=NEGATIVE precursor_type=[M-H]-
MSBNK-Eawag-EQ1096301,MSBNK-Eawag-EQ1096301.txt,AIBRSVLEQRWAEG,AIBRSVLEQRWAEG,2025.10,POSITIVE,[M+H]+,15.0,R4,nce=15 not an adjudication cell (30 or 60)
MSBNK-Eawag-EQ1096302,MSBNK-Eawag-EQ1096302.txt,AIBRSVLEQRWAEG,AIBRSVLEQRWAEG,2025.10,POSITIVE,[M+H]+,30.0,PASS,eligible
MSBNK-Eawag-EQ1096303,MSBNK-Eawag-EQ1096303.txt,AIBRSVLEQRWAEG,AIBRSVLEQRWAEG,2025.10,POSITIVE,[M+H]+,45.0,R4,nce=45 not an adjudication cell (30 or 60)
MSBNK-Eawag-EQ1096304,MSBNK-Eawag-EQ1096304.txt,AIBRSVLEQRWAEG,AIBRSVLEQRWAEG,2025.10,POSITIVE,[M+H]+,60.0,PASS,eligible
MSBNK-Eawag-EQ1096305,MSBNK-Eawag-EQ1096305.txt,AIBRSVLEQRWAEG,AIBRSVLEQRWAEG,2025.10,POSITIVE,[M+H]+,75.0,R4,nce=75 not an adjudication cell (30 or 60)
MSBNK-Eawag-EQ1096306,MSBNK-Eawag-EQ1096306.txt,AIBRSVLEQRWAEG,AIBRSVLEQRWAEG,2025.10,POSITIVE,[M+H]+,90.0,R4,nce=90 not an adjudication cell (30 or 60)
MSBNK-Eawag-EQ1096307,MSBNK-Eawag-EQ1096307.txt,AIBRSVLEQRWAEG,AIBRSVLEQRWAEG,2025.10,POSITIVE,[M+H]+,120.0,R4,nce=120 not an adjudication cell (30 or 60)
MSBNK-Eawag-EQ1096308,MSBNK-Eawag-EQ1096308.txt,AIBRSVLEQRWAEG,AIBRSVLEQRWAEG,2025.10,POSITIVE,[M+H]+,150.0,R4,nce=150 not an adjudication cell (30 or 60)
MSBNK-Eawag-EQ1096309,MSBNK-Eawag-EQ1096309.txt,AIBRSVLEQRWAEG,AIBRSVLEQRWAEG,2025.10,POSITIVE,[M+H]+,180.0,R4,nce=180 not an adjudication cell (30 or 60)
MSBNK-Eawag-EQ1096401,MSBNK-Eawag-EQ1096401.txt,HCILJBJJZALOAL,HCILJBJJZALOAL,2025.10,POSITIVE,[M+H]+,15.0,R4,nce=15 not an adjudication cell (30 or 60)
MSBNK-Eawag-EQ1096402,MSBNK-Eawag-EQ1096402.txt,HCILJBJJZALOAL,HCILJBJJZALOAL,2025.10,POSITIVE,[M+H]+,30.0,PASS,eligible
MSBNK-Eawag-EQ1096403,MSBNK-Eawag-EQ1096403.txt,HCILJBJJZALOAL,HCILJBJJZALOAL,2025.10,POSITIVE,[M+H]+,45.0,R4,nce=45 not an adjudication cell (30 or 60)
MSBNK-Eawag-EQ1096404,MSBNK-Eawag-EQ1096404.txt,HCILJBJJZALOAL,HCILJBJJZALOAL,2025.10,POSITIVE,[M+H]+,60.0,PASS,eligible
MSBNK-Eawag-EQ1096405,MSBNK-Eawag-EQ1096405.txt,HCILJBJJZALOAL,HCILJBJJZALOAL,2025.10,POSITIVE,[M+H]+,75.0,R4,nce=75 not an adjudication cell (30 or 60)
MSBNK-Eawag-EQ1096406,MSBNK-Eawag-EQ1096406.txt,HCILJBJJZALOAL,HCILJBJJZALOAL,2025.10,POSITIVE,[M+H]+,90.0,R4,nce=90 not an adjudication cell (30 or 60)
MSBNK-Eawag-EQ1096407,MSBNK-Eawag-EQ1096407.txt,HCILJBJJZALOAL,HCILJBJJZALOAL,2025.10,POSITIVE,[M+H]+,120.0,R4,nce=120 not an adjudication cell (30 or 60)
MSBNK-Eawag-EQ1096408,MSBNK-Eawag-EQ1096408.txt,HCILJBJJZALOAL,HCILJBJJZALOAL,2025.10,POSITIVE,[M+H]+,150.0,R4,nce=150 not an adjudication cell (30 or 60)
MSBNK-Eawag-EQ1096409,MSBNK-Eawag-EQ1096409.txt,HCILJBJJZALOAL,HCILJBJJZALOAL,2025.10,POSITIVE,[M+H]+,180.0,R4,nce=180 not an adjudication cell (30 or 60)
MSBNK-Eawag-EQ1096451,MSBNK-Eawag-EQ1096451.txt,HCILJBJJZALOAL,HCILJBJJZALOAL,2025.10,NEGATIVE,[M-H]-,15.0,R1,ion_mode=NEGATIVE precursor_type=[M-H]-
MSBNK-Eawag-EQ1096452,MSBNK-Eawag-EQ1096452.txt,HCILJBJJZALOAL,HCILJBJJZALOAL,2025.10,NEGATIVE,[M-H]-,30.0,R1,ion_mode=NEGATIVE precursor_type=[M-H]-
MSBNK-Eawag-EQ1096453,MSBNK-Eawag-EQ1096453.txt,HCILJBJJZALOAL,HCILJBJJZALOAL,2025.10,NEGATIVE,[M-H]-,45.0,R1,ion_mode=NEGATIVE precursor_type=[M-H]-
MSBNK-Eawag-EQ1096454,MSBNK-Eawag-EQ1096454.txt,HCILJBJJZALOAL,HCILJBJJZALOAL,2025.10,NEGATIVE,[M-H]-,60.0,R1,ion_mode=NEGATIVE precursor_type=[M-H]-
MSBNK-Eawag-EQ1096455,MSBNK-Eawag-EQ1096455.txt,HCILJBJJZALOAL,HCILJBJJZALOAL,2025.10,NEGATIVE,[M-H]-,75.0,R1,ion_mode=NEGATIVE precursor_type=[M-H]-
MSBNK-Eawag-EQ1096456,MSBNK-Eawag-EQ1096456.txt,HCILJBJJZALOAL,HCILJBJJZALOAL,2025.10,NEGATIVE,[M-H]-,90.0,R1,ion_mode=NEGATIVE precursor_type=[M-H]-
MSBNK-Eawag-EQ1096457,MSBNK-Eawag-EQ1096457.txt,HCILJBJJZALOAL,HCILJBJJZALOAL,2025.10,NEGATIVE,[M-H]-,120.0,R1,ion_mode=NEGATIVE precursor_type=[M-H]-
MSBNK-Eawag-EQ1096458,MSBNK-Eawag-EQ1096458.txt,HCILJBJJZALOAL,HCILJBJJZALOAL,2025.10,NEGATIVE,[M-H]-,150.0,R1,ion_mode=NEGATIVE precursor_type=[M-H]-
MSBNK-Eawag-EQ1096459,MSBNK-Eawag-EQ1096459.txt,HCILJBJJZALOAL,HCILJBJJZALOAL,2025.10,NEGATIVE,[M-H]-,180.0,R1,ion_mode=NEGATIVE precursor_type=[M-H]-
MSBNK-Eawag-EQ309201_2,MSBNK-Eawag-EQ309201_2.txt,DMBHHRLKUKUOEG,DMBHHRLKUKUOEG,2025.10,POSITIVE,[M+H]+,15.0,R4,nce=15 not an adjudication cell (30 or 60)
MSBNK-Eawag-EQ309202_2,MSBNK-Eawag-EQ309202_2.txt,DMBHHRLKUKUOEG,DMBHHRLKUKUOEG,2025.10,POSITIVE,[M+H]+,30.0,R8,R8a: compound key in MassSpecGym 1.5 by the recorded InChIKey route
MSBNK-Eawag-EQ309203_2,MSBNK-Eawag-EQ309203_2.txt,DMBHHRLKUKUOEG,DMBHHRLKUKUOEG,2025.10,POSITIVE,[M+H]+,45.0,R4,nce=45 not an adjudication cell (30 or 60)
MSBNK-Eawag-EQ309204_2,MSBNK-Eawag-EQ309204_2.txt,DMBHHRLKUKUOEG,DMBHHRLKUKUOEG,2025.10,POSITIVE,[M+H]+,60.0,R8,R8a: compound key in MassSpecGym 1.5 by the recorded InChIKey route
MSBNK-Eawag-EQ309205_2,MSBNK-Eawag-EQ309205_2.txt,DMBHHRLKUKUOEG,DMBHHRLKUKUOEG,2025.10,POSITIVE,[M+H]+,75.0,R4,nce=75 not an adjudication cell (30 or 60)
MSBNK-Eawag-EQ309206_2,MSBNK-Eawag-EQ309206_2.txt,DMBHHRLKUKUOEG,DMBHHRLKUKUOEG,2025.10,POSITIVE,[M+H]+,90.0,R4,nce=90 not an adjudication cell (30 or 60)
MSBNK-Eawag-EQ309207,MSBNK-Eawag-EQ309207.txt,DMBHHRLKUKUOEG,DMBHHRLKUKUOEG,2025.10,POSITIVE,[M+H]+,120.0,R4,nce=120 not an adjudication cell (30 or 60)
MSBNK-Eawag-EQ309208,MSBNK-Eawag-EQ309208.txt,DMBHHRLKUKUOEG,DMBHHRLKUKUOEG,2025.10,POSITIVE,[M+H]+,150.0,R4,nce=150 not an adjudication cell (30 or 60)
MSBNK-Eawag-EQ309209,MSBNK-Eawag-EQ309209.txt,DMBHHRLKUKUOEG,DMBHHRLKUKUOEG,2025.10,POSITIVE,[M+H]+,180.0,R4,nce=180 not an adjudication cell (30 or 60)
MSBNK-Eawag-EQ365201_2,MSBNK-Eawag-EQ365201_2.txt,DECIPOUIJURFOJ,DECIPOUIJURFOJ,2025.10,POSITIVE,[M+H]+,15.0,R4,nce=15 not an adjudication cell (30 or 60)
MSBNK-Eawag-EQ365202_2,MSBNK-Eawag-EQ365202_2.txt,DECIPOUIJURFOJ,DECIPOUIJURFOJ,2025.10,POSITIVE,[M+H]+,30.0,R8,R8a: compound key in MassSpecGym 1.5 by the recorded InChIKey route
MSBNK-Eawag-EQ365203_2,MSBNK-Eawag-EQ365203_2.txt,DECIPOUIJURFOJ,DECIPOUIJURFOJ,2025.10,POSITIVE,[M+H]+,45.0,R4,nce=45 not an adjudication cell (30 or 60)
MSBNK-Eawag-EQ365204_2,MSBNK-Eawag-EQ365204_2.txt,DECIPOUIJURFOJ,DECIPOUIJURFOJ,2025.10,POSITIVE,[M+H]+,60.0,R8,R8a: compound key in MassSpecGym 1.5 by the recorded InChIKey route
MSBNK-Eawag-EQ365205_2,MSBNK-Eawag-EQ365205_2.txt,DECIPOUIJURFOJ,DECIPOUIJURFOJ,2025.10,POSITIVE,[M+H]+,75.0,R4,nce=75 not an adjudication cell (30 or 60)
MSBNK-Eawag-EQ365206_2,MSBNK-Eawag-EQ365206_2.txt,DECIPOUIJURFOJ,DECIPOUIJURFOJ,2025.10,POSITIVE,[M+H]+,90.0,R4,nce=90 not an adjudication cell (30 or 60)
MSBNK-Eawag-EQ365207_2,MSBNK-Eawag-EQ365207_2.txt,DECIPOUIJURFOJ,DECIPOUIJURFOJ,2025.10,POSITIVE,[M+H]+,120.0,R4,nce=120 not an adjudication cell (30 or 60)
MSBNK-Eawag-EQ365208_2,MSBNK-Eawag-EQ365208_2.txt,DECIPOUIJURFOJ,DECIPOUIJURFOJ,2025.10,POSITIVE,[M+H]+,150.0,R4,nce=150 not an adjudication cell (30 or 60)
MSBNK-Eawag-EQ365209_2,MSBNK-Eawag-EQ365209_2.txt,DECIPOUIJURFOJ,DECIPOUIJURFOJ,2025.10,POSITIVE,[M+H]+,180.0,R4,nce=180 not an adjudication cell (30 or 60)
